two_theta,y_obs,y_calc,y_bkg,y_diff
5,7500,0,0,0
5.01,6975,0,0,0
5.02,7175,0,0,0
5.03,8050,0,0,0
5.04,8125,0,0,0
5.05,7925,0,0,0
5.06,7975,0,0,0
5.07,8400,0,0,0
5.08,7900,0,0,0
5.09,7850,0,0,0
5.1,7950,0,0,0
5.11,7725,0,0,0
5.12,7550,0,0,0
5.13,7575,0,0,0
5.14,7700,0,0,0
5.15,7925,0,0,0
5.16,7550,0,0,0
5.17,7875,0,0,0
5.18,7125,0,0,0
5.19,7850,0,0,0
5.2,7825,0,0,0
5.21,7975,0,0,0
5.22,7575,0,0,0
5.23,8325,0,0,0
5.24,7650,0,0,0
5.25,7725,0,0,0
5.26,7850,0,0,0
5.27,7550,0,0,0
5.28,7975,0,0,0
5.29,8000,0,0,0
5.3,8000,0,0,0
5.31,8400,0,0,0
5.32,7550,0,0,0
5.33,8375,0,0,0
5.34,7500,0,0,0
5.35,8475,0,0,0
5.36,7425,0,0,0
5.37,7825,0,0,0
5.38,7300,0,0,0
5.39,8325,0,0,0
5.4,8350,0,0,0
5.41,9075,0,0,0
5.42,8425,0,0,0
5.43,8025,0,0,0
5.44,7900,0,0,0
5.45,7600,0,0,0
5.46,7575,0,0,0
5.47,8100,0,0,0
5.48,7350,0,0,0
5.49,7625,0,0,0
5.5,7850,0,0,0
5.51,8300,0,0,0
5.52,8150,0,0,0
5.53,8350,0,0,0
5.54,8050,0,0,0
5.55,7800,0,0,0
5.56,9150,0,0,0
5.57,8200,0,0,0
5.58,8350,0,0,0
5.59,7775,0,0,0
5.6,8700,0,0,0
5.61,8000,0,0,0
5.62,9075,0,0,0
5.63,8750,0,0,0
5.64,8900,0,0,0
5.65,8075,0,0,0
5.66,8275,0,0,0
5.67,8925,0,0,0
5.68,8950,0,0,0
5.69,8775,0,0,0
5.7,8450,0,0,0
5.71,8675,0,0,0
5.72,8350,0,0,0
5.73,7850,0,0,0
5.74,8750,0,0,0
5.75,8975,0,0,0
5.76,8850,0,0,0
5.77,8525,0,0,0
5.78,8950,0,0,0
5.79,8150,0,0,0
5.8,9450,0,0,0
5.81,8400,0,0,0
5.82,8200,0,0,0
5.83,8700,0,0,0
5.84,8100,0,0,0
5.85,8125,0,0,0
5.86,9125,0,0,0
5.87,8400,0,0,0
5.88,9125,0,0,0
5.89,8375,0,0,0
5.9,8200,0,0,0
5.91,7925,0,0,0
5.92,7650,0,0,0
5.93,8725,0,0,0
5.94,9025,0,0,0
5.95,8650,0,0,0
5.96,8650,0,0,0
5.97,8450,0,0,0
5.98,8775,0,0,0
5.99,8875,0,0,0
6,8750,0,0,0
6.01,8675,0,0,0
6.02,9075,0,0,0
6.03,9400,0,0,0
6.04,8850,0,0,0
6.05,8550,0,0,0
6.06,9325,0,0,0
6.07,9300,0,0,0
6.08,8925,0,0,0
6.09,9200,0,0,0
6.1,9500,0,0,0
6.11,8475,0,0,0
6.12,9125,0,0,0
6.13,9000,0,0,0
6.14,9025,0,0,0
6.15,8950,0,0,0
6.16,8725,0,0,0
6.17,9525,0,0,0
6.18,8725,0,0,0
6.19,8675,0,0,0
6.2,10175,0,0,0
6.21,9225,0,0,0
6.22,9375,0,0,0
6.23,9975,0,0,0
6.24,9125,0,0,0
6.25,9550,0,0,0
6.26,8975,0,0,0
6.27,9250,0,0,0
6.28,9100,0,0,0
6.29,8775,0,0,0
6.3,9175,0,0,0
6.31,8875,0,0,0
6.32,9450,0,0,0
6.33,8750,0,0,0
6.34,9725,0,0,0
6.35,9550,0,0,0
6.36,9275,0,0,0
6.37,10250,0,0,0
6.38,9500,0,0,0
6.39,9300,0,0,0
6.4,8575,0,0,0
6.41,9200,0,0,0
6.42,9550,0,0,0
6.43,9375,0,0,0
6.44,9175,0,0,0
6.45,10050,0,0,0
6.46,9675,0,0,0
6.47,9450,0,0,0
6.48,9000,0,0,0
6.49,9275,0,0,0
6.5,9100,0,0,0
6.51,9225,0,0,0
6.52,8700,0,0,0
6.53,9025,0,0,0
6.54,9250,0,0,0
6.55,9825,0,0,0
6.56,9875,0,0,0
6.57,10025,0,0,0
6.58,9100,0,0,0
6.59,9350,0,0,0
6.6,9250,0,0,0
6.61,9625,0,0,0
6.62,9450,0,0,0
6.63,8975,0,0,0
6.64,9125,0,0,0
6.65,9925,0,0,0
6.66,9725,0,0,0
6.67,9625,0,0,0
6.68,9675,0,0,0
6.69,10125,0,0,0
6.7,10125,0,0,0
6.71,10300,0,0,0
6.72,10250,0,0,0
6.73,9550,0,0,0
6.74,9850,0,0,0
6.75,9600,0,0,0
6.76,9350,0,0,0
6.77,10450,0,0,0
6.78,9400,0,0,0
6.79,9300,0,0,0
6.8,9725,0,0,0
6.81,9425,0,0,0
6.82,9975,0,0,0
6.83,9700,0,0,0
6.84,10050,0,0,0
6.85,9425,0,0,0
6.86,10250,0,0,0
6.87,10175,0,0,0
6.88,9800,0,0,0
6.89,9750,0,0,0
6.9,10225,0,0,0
6.91,9750,0,0,0
6.92,9850,0,0,0
6.93,10100,0,0,0
6.94,10650,0,0,0
6.95,9875,0,0,0
6.96,9725,0,0,0
6.97,9750,0,0,0
6.98,10000,0,0,0
6.99,10225,0,0,0
7,10400,0,0,0
7.01,10025,0,0,0
7.02,9425,0,0,0
7.03,9000,0,0,0
7.04,9700,0,0,0
7.05,10125,0,0,0
7.06,10525,0,0,0
7.07,10925,0,0,0
7.08,9700,0,0,0
7.09,9950,0,0,0
7.1,10025,0,0,0
7.11,10275,0,0,0
7.12,9875,0,0,0
7.13,10275,0,0,0
7.14,9450,0,0,0
7.15,10250,0,0,0
7.16,9950,0,0,0
7.17,10850,0,0,0
7.18,10875,0,0,0
7.19,10425,0,0,0
7.2,9850,0,0,0
7.21,9775,0,0,0
7.22,10050,0,0,0
7.23,10400,0,0,0
7.24,10150,0,0,0
7.25,10175,0,0,0
7.26,10100,0,0,0
7.27,10850,0,0,0
7.28,10375,0,0,0
7.29,8950,0,0,0
7.3,10375,0,0,0
7.31,10825,0,0,0
7.32,11225,0,0,0
7.33,10675,0,0,0
7.34,10725,0,0,0
7.35,9800,0,0,0
7.36,10325,0,0,0
7.37,9725,0,0,0
7.38,10825,0,0,0
7.39,10950,0,0,0
7.4,10000,0,0,0
7.41,10575,0,0,0
7.42,10150,0,0,0
7.43,10650,0,0,0
7.44,10575,0,0,0
7.45,11050,0,0,0
7.46,10850,0,0,0
7.47,9775,0,0,0
7.48,10700,0,0,0
7.49,10675,0,0,0
7.5,11100,0,0,0
7.51,10400,0,0,0
7.52,10600,0,0,0
7.53,10600,0,0,0
7.54,10375,0,0,0
7.55,10575,0,0,0
7.56,10150,0,0,0
7.57,10450,0,0,0
7.58,10075,0,0,0
7.59,11450,0,0,0
7.6,10725,0,0,0
7.61,10600,0,0,0
7.62,10375,0,0,0
7.63,10675,0,0,0
7.64,10900,0,0,0
7.65,12025,0,0,0
7.66,10850,0,0,0
7.67,11325,0,0,0
7.68,11250,0,0,0
7.69,11900,0,0,0
7.7,11650,0,0,0
7.71,11000,0,0,0
7.72,11850,0,0,0
7.73,10850,0,0,0
7.74,11100,0,0,0
7.75,10300,0,0,0
7.76,10650,0,0,0
7.77,10700,0,0,0
7.78,11175,0,0,0
7.79,11075,0,0,0
7.8,11225,0,0,0
7.81,11250,0,0,0
7.82,10675,0,0,0
7.83,11400,0,0,0
7.84,11225,0,0,0
7.85,11250,0,0,0
7.86,11025,0,0,0
7.87,10700,0,0,0
7.88,10525,0,0,0
7.89,11250,0,0,0
7.9,11150,0,0,0
7.91,11100,0,0,0
7.92,9925,0,0,0
7.93,11675,0,0,0
7.94,10450,0,0,0
7.95,10150,0,0,0
7.96,10000,0,0,0
7.97,11950,0,0,0
7.98,11750,0,0,0
7.99,11175,0,0,0
8,10950,0,0,0
8.01,11325,0,0,0
8.02,11450,0,0,0
8.03,11000,0,0,0
8.04,10525,0,0,0
8.05,11225,0,0,0
8.06,11375,0,0,0
8.07,10550,0,0,0
8.08,10475,0,0,0
8.09,10850,0,0,0
8.1,11025,0,0,0
8.11,11675,0,0,0
8.12,11975,0,0,0
8.13,11050,0,0,0
8.14,11350,0,0,0
8.15,10875,0,0,0
8.16,10950,0,0,0
8.17,11325,0,0,0
8.18,11475,0,0,0
8.19,11875,0,0,0
8.2,12100,0,0,0
8.21,10750,0,0,0
8.22,11525,0,0,0
8.23,10175,0,0,0
8.24,11325,0,0,0
8.25,10675,0,0,0
8.26,11450,0,0,0
8.27,11600,0,0,0
8.28,12575,0,0,0
8.29,12100,0,0,0
8.3,11550,0,0,0
8.31,11575,0,0,0
8.32,11750,0,0,0
8.33,11750,0,0,0
8.34,10300,0,0,0
8.35,11575,0,0,0
8.36,12175,0,0,0
8.37,11425,0,0,0
8.38,11750,0,0,0
8.39,12125,0,0,0
8.4,11900,0,0,0
8.41,12600,0,0,0
8.42,12150,0,0,0
8.43,12000,0,0,0
8.44,11925,0,0,0
8.45,12225,0,0,0
8.46,11950,0,0,0
8.47,12125,0,0,0
8.48,11875,0,0,0
8.49,11700,0,0,0
8.5,11600,0,0,0
8.51,11925,0,0,0
8.52,12450,0,0,0
8.53,12150,0,0,0
8.54,12400,0,0,0
8.55,11750,0,0,0
8.56,12225,0,0,0
8.57,11300,0,0,0
8.58,12400,0,0,0
8.59,12175,0,0,0
8.6,11425,0,0,0
8.61,11875,0,0,0
8.62,11600,0,0,0
8.63,11750,0,0,0
8.64,12750,0,0,0
8.65,12625,0,0,0
8.66,12150,0,0,0
8.67,12700,0,0,0
8.68,12175,0,0,0
8.69,12125,0,0,0
8.7,12200,0,0,0
8.71,12000,0,0,0
8.72,12025,0,0,0
8.73,12275,0,0,0
8.74,12375,0,0,0
8.75,11825,0,0,0
8.76,13050,0,0,0
8.77,13275,0,0,0
8.78,12200,0,0,0
8.79,12675,0,0,0
8.8,12100,0,0,0
8.81,13100,0,0,0
8.82,12650,0,0,0
8.83,12425,0,0,0
8.84,11600,0,0,0
8.85,12900,0,0,0
8.86,12250,0,0,0
8.87,12575,0,0,0
8.88,12525,0,0,0
8.89,13325,0,0,0
8.9,12150,0,0,0
8.91,12575,0,0,0
8.92,12825,0,0,0
8.93,12550,0,0,0
8.94,13050,0,0,0
8.95,12700,0,0,0
8.96,12725,0,0,0
8.97,13825,0,0,0
8.98,12675,0,0,0
8.99,11700,0,0,0
9,12300,0,0,0
9.01,12150,0,0,0
9.02,12325,0,0,0
9.03,12525,0,0,0
9.04,12300,0,0,0
9.05,13000,0,0,0
9.06,12850,0,0,0
9.07,12625,0,0,0
9.08,13975,0,0,0
9.09,13325,0,0,0
9.1,12775,0,0,0
9.11,12400,0,0,0
9.12,12000,0,0,0
9.13,12450,0,0,0
9.14,12300,0,0,0
9.15,12275,0,0,0
9.16,13075,0,0,0
9.17,11525,0,0,0
9.18,12175,0,0,0
9.19,12325,0,0,0
9.2,12450,0,0,0
9.21,12975,0,0,0
9.22,13175,0,0,0
9.23,13000,0,0,0
9.24,12750,0,0,0
9.25,12800,0,0,0
9.26,14125,0,0,0
9.27,13050,0,0,0
9.28,13650,0,0,0
9.29,12450,0,0,0
9.3,12975,0,0,0
9.31,12425,0,0,0
9.32,12950,0,0,0
9.33,13225,0,0,0
9.34,11950,0,0,0
9.35,12700,0,0,0
9.36,12850,0,0,0
9.37,11875,0,0,0
9.38,12175,0,0,0
9.39,13500,0,0,0
9.4,12650,0,0,0
9.41,12375,0,0,0
9.42,12175,0,0,0
9.43,12350,0,0,0
9.44,12400,0,0,0
9.45,13075,0,0,0
9.46,13450,0,0,0
9.47,13475,0,0,0
9.48,13725,0,0,0
9.49,12650,0,0,0
9.5,12450,0,0,0
9.51,13050,0,0,0
9.52,12375,0,0,0
9.53,12525,0,0,0
9.54,13475,0,0,0
9.55,12900,0,0,0
9.56,12900,0,0,0
9.57,11775,0,0,0
9.58,13225,0,0,0
9.59,12675,0,0,0
9.6,13375,0,0,0
9.61,12625,0,0,0
9.62,13250,0,0,0
9.63,13650,0,0,0
9.64,13050,0,0,0
9.65,13725,0,0,0
9.66,11875,0,0,0
9.67,12725,0,0,0
9.68,13550,0,0,0
9.69,10700,0,0,0
9.7,13550,0,0,0
9.71,13500,0,0,0
9.72,13250,0,0,0
9.73,12950,0,0,0
9.74,12675,0,0,0
9.75,13475,0,0,0
9.76,13525,0,0,0
9.77,14600,0,0,0
9.78,13475,0,0,0
9.79,12825,0,0,0
9.8,13375,0,0,0
9.81,14700,0,0,0
9.82,13725,0,0,0
9.83,12825,0,0,0
9.84,13675,0,0,0
9.85,13575,0,0,0
9.86,14100,0,0,0
9.87,12700,0,0,0
9.88,12575,0,0,0
9.89,12425,0,0,0
9.9,13375,0,0,0
9.91,13200,0,0,0
9.92,13100,0,0,0
9.93,13200,0,0,0
9.94,12975,0,0,0
9.95,13375,0,0,0
9.96,13650,0,0,0
9.97,14275,0,0,0
9.98,13575,0,0,0
9.99,13425,0,0,0
10,14075,0,0,0
10.01,13250,0,0,0
10.02,13825,0,0,0
10.03,12775,0,0,0
10.04,13525,0,0,0
10.05,14175,0,0,0
10.06,14000,0,0,0
10.07,13775,0,0,0
10.08,13725,0,0,0
10.09,13950,0,0,0
10.1,12725,0,0,0
10.11,13575,0,0,0
10.12,13250,0,0,0
10.13,13625,0,0,0
10.14,13300,0,0,0
10.15,13275,0,0,0
10.16,14150,0,0,0
10.17,13075,0,0,0
10.18,13200,0,0,0
10.19,13625,0,0,0
10.2,13650,0,0,0
10.21,13225,0,0,0
10.22,13050,0,0,0
10.23,12900,0,0,0
10.24,14475,0,0,0
10.25,13625,0,0,0
10.26,13050,0,0,0
10.27,13825,0,0,0
10.28,13525,0,0,0
10.29,14050,0,0,0
10.3,13525,0,0,0
10.31,13400,0,0,0
10.32,12575,0,0,0
10.33,12950,0,0,0
10.34,12875,0,0,0
10.35,13700,0,0,0
10.36,13300,0,0,0
10.37,13500,0,0,0
10.38,13400,0,0,0
10.39,13675,0,0,0
10.4,14150,0,0,0
10.41,13100,0,0,0
10.42,13000,0,0,0
10.43,13550,0,0,0
10.44,12550,0,0,0
10.45,12950,0,0,0
10.46,14400,0,0,0
10.47,13075,0,0,0
10.48,13100,0,0,0
10.49,14075,0,0,0
10.5,13725,0,0,0
10.51,13075,0,0,0
10.52,14150,0,0,0
10.53,14050,0,0,0
10.54,13500,0,0,0
10.55,14075,0,0,0
10.56,14275,0,0,0
10.57,14000,0,0,0
10.58,14150,0,0,0
10.59,13725,0,0,0
10.6,13500,0,0,0
10.61,13950,0,0,0
10.62,14800,0,0,0
10.63,13925,0,0,0
10.64,13400,0,0,0
10.65,14525,0,0,0
10.66,14125,0,0,0
10.67,13925,0,0,0
10.68,14850,0,0,0
10.69,14050,0,0,0
10.7,13550,0,0,0
10.71,14675,0,0,0
10.72,14375,0,0,0
10.73,13750,0,0,0
10.74,12750,0,0,0
10.75,13125,0,0,0
10.76,13875,0,0,0
10.77,14175,0,0,0
10.78,13850,0,0,0
10.79,13650,0,0,0
10.8,14000,0,0,0
10.81,14125,0,0,0
10.82,14625,0,0,0
10.83,14125,0,0,0
10.84,14875,0,0,0
10.85,14625,0,0,0
10.86,14300,0,0,0
10.87,14600,0,0,0
10.88,13250,0,0,0
10.89,13975,0,0,0
10.9,14300,0,0,0
10.91,14600,0,0,0
10.92,13325,0,0,0
10.93,14500,0,0,0
10.94,13600,0,0,0
10.95,13825,0,0,0
10.96,13450,0,0,0
10.97,13675,0,0,0
10.98,14475,0,0,0
10.99,14250,0,0,0
11,15625,0,0,0
11.01,14575,0,0,0
11.02,14500,0,0,0
11.03,13900,0,0,0
11.04,14625,0,0,0
11.05,14825,0,0,0
11.06,12800,0,0,0
11.07,13675,0,0,0
11.08,14100,0,0,0
11.09,14125,0,0,0
11.1,14400,0,0,0
11.11,14975,0,0,0
11.12,14900,0,0,0
11.13,14350,0,0,0
11.14,13125,0,0,0
11.15,14475,0,0,0
11.16,14200,0,0,0
11.17,14150,0,0,0
11.18,14150,0,0,0
11.19,14500,0,0,0
11.2,13500,0,0,0
11.21,14500,0,0,0
11.22,13925,0,0,0
11.23,13950,0,0,0
11.24,14775,0,0,0
11.25,14750,0,0,0
11.26,13500,0,0,0
11.27,13675,0,0,0
11.28,14025,0,0,0
11.29,14625,0,0,0
11.3,14825,0,0,0
11.31,14675,0,0,0
11.32,13275,0,0,0
11.33,14050,0,0,0
11.34,14425,0,0,0
11.35,15025,0,0,0
11.36,14325,0,0,0
11.37,15150,0,0,0
11.38,15275,0,0,0
11.39,14700,0,0,0
11.4,13600,0,0,0
11.41,13500,0,0,0
11.42,14475,0,0,0
11.43,13925,0,0,0
11.44,14100,0,0,0
11.45,14900,0,0,0
11.46,14150,0,0,0
11.47,14425,0,0,0
11.48,14825,0,0,0
11.49,14700,0,0,0
11.5,14775,0,0,0
11.51,14600,0,0,0
11.52,14675,0,0,0
11.53,13400,0,0,0
11.54,13675,0,0,0
11.55,14875,0,0,0
11.56,14425,0,0,0
11.57,15350,0,0,0
11.58,15025,0,0,0
11.59,14900,0,0,0
11.6,15275,0,0,0
11.61,15125,0,0,0
11.62,14475,0,0,0
11.63,14350,0,0,0
11.64,14775,0,0,0
11.65,14800,0,0,0
11.66,15350,0,0,0
11.67,14425,0,0,0
11.68,14150,0,0,0
11.69,15850,0,0,0
11.7,14800,0,0,0
11.71,14700,0,0,0
11.72,14525,0,0,0
11.73,15025,0,0,0
11.74,14825,0,0,0
11.75,13450,0,0,0
11.76,14625,0,0,0
11.77,15925,0,0,0
11.78,14250,0,0,0
11.79,14500,0,0,0
11.8,14525,0,0,0
11.81,15375,0,0,0
11.82,15450,0,0,0
11.83,14750,0,0,0
11.84,14050,0,0,0
11.85,15800,0,0,0
11.86,14725,0,0,0
11.87,14900,0,0,0
11.88,15500,0,0,0
11.89,14825,0,0,0
11.9,14850,0,0,0
11.91,16200,0,0,0
11.92,14000,0,0,0
11.93,15025,0,0,0
11.94,15775,0,0,0
11.95,14950,0,0,0
11.96,15325,0,0,0
11.97,15250,0,0,0
11.98,15375,0,0,0
11.99,15000,0,0,0
12,15550,0,0,0
12.01,15000,0,0,0
12.02,14450,0,0,0
12.03,14100,0,0,0
12.04,14300,0,0,0
12.05,14825,0,0,0
12.06,15750,0,0,0
12.07,15275,0,0,0
12.08,15125,0,0,0
12.09,16000,0,0,0
12.1,15325,0,0,0
12.11,16575,0,0,0
12.12,15450,0,0,0
12.13,15175,0,0,0
12.14,15650,0,0,0
12.15,14975,0,0,0
12.16,14725,0,0,0
12.17,15650,0,0,0
12.18,15825,0,0,0
12.19,15675,0,0,0
12.2,14275,0,0,0
12.21,15475,0,0,0
12.22,14750,0,0,0
12.23,15875,0,0,0
12.24,15200,0,0,0
12.25,15550,0,0,0
12.26,15900,0,0,0
12.27,15700,0,0,0
12.28,14150,0,0,0
12.29,15825,0,0,0
12.3,14875,0,0,0
12.31,14375,0,0,0
12.32,15375,0,0,0
12.33,14575,0,0,0
12.34,15450,0,0,0
12.35,15075,0,0,0
12.36,15350,0,0,0
12.37,16100,0,0,0
12.38,14625,0,0,0
12.39,15250,0,0,0
12.4,15450,0,0,0
12.41,15000,0,0,0
12.42,15850,0,0,0
12.43,15150,0,0,0
12.44,15050,0,0,0
12.45,14175,0,0,0
12.46,14900,0,0,0
12.47,16225,0,0,0
12.48,14900,0,0,0
12.49,15800,0,0,0
12.5,15450,0,0,0
12.51,15925,0,0,0
12.52,16600,0,0,0
12.53,15175,0,0,0
12.54,15200,0,0,0
12.55,14775,0,0,0
12.56,15200,0,0,0
12.57,14925,0,0,0
12.58,15750,0,0,0
12.59,15500,0,0,0
12.6,15300,0,0,0
12.61,15075,0,0,0
12.62,14825,0,0,0
12.63,15050,0,0,0
12.64,14375,0,0,0
12.65,15875,0,0,0
12.66,15150,0,0,0
12.67,15300,0,0,0
12.68,14475,0,0,0
12.69,15900,0,0,0
12.7,15325,0,0,0
12.71,14775,0,0,0
12.72,15750,0,0,0
12.73,15000,0,0,0
12.74,15575,0,0,0
12.75,15650,0,0,0
12.76,16700,0,0,0
12.77,16575,0,0,0
12.78,16100,0,0,0
12.79,16525,0,0,0
12.8,15250,0,0,0
12.81,15450,0,0,0
12.82,15700,0,0,0
12.83,15000,0,0,0
12.84,15300,0,0,0
12.85,16000,0,0,0
12.86,14750,0,0,0
12.87,15050,0,0,0
12.88,16425,0,0,0
12.89,14725,0,0,0
12.9,14475,0,0,0
12.91,15300,0,0,0
12.92,15975,0,0,0
12.93,15650,0,0,0
12.94,15875,0,0,0
12.95,16275,0,0,0
12.96,15825,0,0,0
12.97,16575,0,0,0
12.98,16000,0,0,0
12.99,16025,0,0,0
13,15450,0,0,0
13.01,15325,0,0,0
13.02,15575,0,0,0
13.03,16475,0,0,0
13.04,15850,0,0,0
13.05,16025,0,0,0
13.06,15975,0,0,0
13.07,15225,0,0,0
13.08,16125,0,0,0
13.09,16150,0,0,0
13.1,14900,0,0,0
13.11,15600,0,0,0
13.12,15450,0,0,0
13.13,14075,0,0,0
13.14,15775,0,0,0
13.15,16350,0,0,0
13.16,15175,0,0,0
13.17,15775,0,0,0
13.18,14950,0,0,0
13.19,17025,0,0,0
13.2,16250,0,0,0
13.21,14825,0,0,0
13.22,15825,0,0,0
13.23,16275,0,0,0
13.24,16700,0,0,0
13.25,15675,0,0,0
13.26,16175,0,0,0
13.27,16175,0,0,0
13.28,15600,0,0,0
13.29,14750,0,0,0
13.3,16250,0,0,0
13.31,15325,0,0,0
13.32,15500,0,0,0
13.33,15550,0,0,0
13.34,15725,0,0,0
13.35,15400,0,0,0
13.36,16400,0,0,0
13.37,16175,0,0,0
13.38,15600,0,0,0
13.39,16050,0,0,0
13.4,16000,0,0,0
13.41,16675,0,0,0
13.42,16900,0,0,0
13.43,16425,0,0,0
13.44,15400,0,0,0
13.45,16325,0,0,0
13.46,16625,0,0,0
13.47,16750,0,0,0
13.48,16000,0,0,0
13.49,15800,0,0,0
13.5,16325,0,0,0
13.51,15350,0,0,0
13.52,14800,0,0,0
13.53,15650,0,0,0
13.54,15575,0,0,0
13.55,15925,0,0,0
13.56,15500,0,0,0
13.57,15900,0,0,0
13.58,16325,0,0,0
13.59,15600,0,0,0
13.6,15275,0,0,0
13.61,16025,0,0,0
13.62,15650,0,0,0
13.63,16600,0,0,0
13.64,15475,0,0,0
13.65,16675,0,0,0
13.66,15425,0,0,0
13.67,14950,0,0,0
13.68,15600,0,0,0
13.69,15700,0,0,0
13.7,15875,0,0,0
13.71,16400,0,0,0
13.72,16200,0,0,0
13.73,15925,0,0,0
13.74,15900,0,0,0
13.75,15550,0,0,0
13.76,17100,0,0,0
13.77,15450,0,0,0
13.78,16300,0,0,0
13.79,15975,0,0,0
13.8,15750,0,0,0
13.81,16425,0,0,0
13.82,15900,0,0,0
13.83,16050,0,0,0
13.84,15175,0,0,0
13.85,16225,0,0,0
13.86,16050,0,0,0
13.87,16725,0,0,0
13.88,15975,0,0,0
13.89,15975,0,0,0
13.9,15375,0,0,0
13.91,15700,0,0,0
13.92,16225,0,0,0
13.93,16900,0,0,0
13.94,17300,0,0,0
13.95,18575,0,0,0
13.96,16775,0,0,0
13.97,16250,0,0,0
13.98,16025,0,0,0
13.99,16000,0,0,0
14,15300,0,0,0
14.01,17175,0,0,0
14.02,15925,0,0,0
14.03,16325,0,0,0
14.04,15875,0,0,0
14.05,16800,0,0,0
14.06,16100,0,0,0
14.07,16175,0,0,0
14.08,17000,0,0,0
14.09,15600,0,0,0
14.1,16150,0,0,0
14.11,15600,0,0,0
14.12,16200,0,0,0
14.13,16875,0,0,0
14.14,16550,0,0,0
14.15,15925,0,0,0
14.16,16775,0,0,0
14.17,16550,0,0,0
14.18,15275,0,0,0
14.19,16250,0,0,0
14.2,16400,0,0,0
14.21,15800,0,0,0
14.22,16475,0,0,0
14.23,17075,0,0,0
14.24,16075,0,0,0
14.25,16425,0,0,0
14.26,16750,0,0,0
14.27,15825,0,0,0
14.28,16350,0,0,0
14.29,16975,0,0,0
14.3,16000,0,0,0
14.31,16400,0,0,0
14.32,15850,0,0,0
14.33,17400,0,0,0
14.34,16875,0,0,0
14.35,17275,0,0,0
14.36,16925,0,0,0
14.37,16100,0,0,0
14.38,16550,0,0,0
14.39,17225,0,0,0
14.4,16025,0,0,0
14.41,16225,0,0,0
14.42,16750,0,0,0
14.43,15850,0,0,0
14.44,15900,0,0,0
14.45,17450,0,0,0
14.46,16650,0,0,0
14.47,15475,0,0,0
14.48,15850,0,0,0
14.49,15550,0,0,0
14.5,15750,0,0,0
14.51,15850,0,0,0
14.52,16950,0,0,0
14.53,17150,0,0,0
14.54,15550,0,0,0
14.55,16200,0,0,0
14.56,15575,0,0,0
14.57,15200,0,0,0
14.58,16400,0,0,0
14.59,15675,0,0,0
14.6,17275,0,0,0
14.61,17475,0,0,0
14.62,17550,0,0,0
14.63,16625,0,0,0
14.64,16900,0,0,0
14.65,16075,0,0,0
14.66,15225,0,0,0
14.67,16075,0,0,0
14.68,15475,0,0,0
14.69,15450,0,0,0
14.7,15750,0,0,0
14.71,15500,0,0,0
14.72,15550,0,0,0
14.73,15975,0,0,0
14.74,17725,0,0,0
14.75,17450,0,0,0
14.76,16100,0,0,0
14.77,16500,0,0,0
14.78,15300,0,0,0
14.79,16225,0,0,0
14.8,17275,0,0,0
14.81,15975,0,0,0
14.82,16875,0,0,0
14.83,15875,0,0,0
14.84,18175,0,0,0
14.85,16450,0,0,0
14.86,16550,0,0,0
14.87,16650,0,0,0
14.88,16775,0,0,0
14.89,17400,0,0,0
14.9,16150,0,0,0
14.91,16275,0,0,0
14.92,16600,0,0,0
14.93,16050,0,0,0
14.94,16900,0,0,0
14.95,17625,0,0,0
14.96,16400,0,0,0
14.97,16875,0,0,0
14.98,17200,0,0,0
14.99,16800,0,0,0
15,17025,0,0,0
15.01,16550,0,0,0
15.02,16500,0,0,0
15.03,16275,0,0,0
15.04,17775,0,0,0
15.05,16050,0,0,0
15.06,16325,0,0,0
15.07,16575,0,0,0
15.08,16650,0,0,0
15.09,15425,0,0,0
15.1,16250,0,0,0
15.11,16425,0,0,0
15.12,16750,0,0,0
15.13,16475,0,0,0
15.14,16400,0,0,0
15.15,15625,0,0,0
15.16,17725,0,0,0
15.17,16975,0,0,0
15.18,16075,0,0,0
15.19,17075,0,0,0
15.2,15275,0,0,0
15.21,15550,0,0,0
15.22,15800,0,0,0
15.23,16525,0,0,0
15.24,16350,0,0,0
15.25,16175,0,0,0
15.26,16425,0,0,0
15.27,15675,0,0,0
15.28,17050,0,0,0
15.29,16500,0,0,0
15.3,16925,0,0,0
15.31,16475,0,0,0
15.32,15925,0,0,0
15.33,15800,0,0,0
15.34,14975,0,0,0
15.35,15750,0,0,0
15.36,15925,0,0,0
15.37,16150,0,0,0
15.38,16725,0,0,0
15.39,16075,0,0,0
15.4,16075,0,0,0
15.41,17275,0,0,0
15.42,17750,0,0,0
15.43,16800,0,0,0
15.44,17900,0,0,0
15.45,17125,0,0,0
15.46,15375,0,0,0
15.47,16300,0,0,0
15.48,16200,0,0,0
15.49,15700,0,0,0
15.5,16400,0,0,0
15.51,16550,0,0,0
15.52,16675,0,0,0
15.53,15750,0,0,0
15.54,16100,0,0,0
15.55,16925,0,0,0
15.56,15925,0,0,0
15.57,16675,0,0,0
15.58,16250,0,0,0
15.59,16675,0,0,0
15.6,16625,0,0,0
15.61,16625,0,0,0
15.62,16350,0,0,0
15.63,16525,0,0,0
15.64,17450,0,0,0
15.65,17175,0,0,0
15.66,17875,0,0,0
15.67,17100,0,0,0
15.68,17600,0,0,0
15.69,16550,0,0,0
15.7,16500,0,0,0
15.71,16250,0,0,0
15.72,16975,0,0,0
15.73,16800,0,0,0
15.74,16650,0,0,0
15.75,17700,0,0,0
15.76,17475,0,0,0
15.77,17050,0,0,0
15.78,16325,0,0,0
15.79,16400,0,0,0
15.8,16425,0,0,0
15.81,17975,0,0,0
15.82,16775,0,0,0
15.83,16075,0,0,0
15.84,15775,0,0,0
15.85,15800,0,0,0
15.86,15050,0,0,0
15.87,16725,0,0,0
15.88,16200,0,0,0
15.89,15300,0,0,0
15.9,17375,0,0,0
15.91,16025,0,0,0
15.92,16100,0,0,0
15.93,15500,0,0,0
15.94,17075,0,0,0
15.95,16450,0,0,0
15.96,16725,0,0,0
15.97,16975,0,0,0
15.98,17175,0,0,0
15.99,17325,0,0,0
16,16075,0,0,0
16.01,16200,0,0,0
16.02,15500,0,0,0
16.03,17225,0,0,0
16.04,16950,0,0,0
16.05,17000,0,0,0
16.06,17775,0,0,0
16.07,17225,0,0,0
16.08,16950,0,0,0
16.09,17000,0,0,0
16.1,17150,0,0,0
16.11,18000,0,0,0
16.12,17575,0,0,0
16.13,16500,0,0,0
16.14,17500,0,0,0
16.15,16000,0,0,0
16.16,16725,0,0,0
16.17,15975,0,0,0
16.18,15850,0,0,0
16.19,17025,0,0,0
16.2,15425,0,0,0
16.21,17175,0,0,0
16.22,17050,0,0,0
16.23,16725,0,0,0
16.24,17100,0,0,0
16.25,17150,0,0,0
16.26,15975,0,0,0
16.27,16100,0,0,0
16.28,17000,0,0,0
16.29,17375,0,0,0
16.3,16425,0,0,0
16.31,17025,0,0,0
16.32,15975,0,0,0
16.33,16000,0,0,0
16.34,16450,0,0,0
16.35,16650,0,0,0
16.36,16850,0,0,0
16.37,16550,0,0,0
16.38,17150,0,0,0
16.39,16250,0,0,0
16.4,17325,0,0,0
16.41,17275,0,0,0
16.42,16450,0,0,0
16.43,17125,0,0,0
16.44,16450,0,0,0
16.45,17150,0,0,0
16.46,16575,0,0,0
16.47,16750,0,0,0
16.48,16325,0,0,0
16.49,17125,0,0,0
16.5,17100,0,0,0
16.51,15675,0,0,0
16.52,17900,0,0,0
16.53,17400,0,0,0
16.54,16000,0,0,0
16.55,16650,0,0,0
16.56,16975,0,0,0
16.57,16475,0,0,0
16.58,16200,0,0,0
16.59,16125,0,0,0
16.6,18075,0,0,0
16.61,17125,0,0,0
16.62,16675,0,0,0
16.63,16600,0,0,0
16.64,16425,0,0,0
16.65,15300,0,0,0
16.66,16575,0,0,0
16.67,16500,0,0,0
16.68,16525,0,0,0
16.69,16175,0,0,0
16.7,17825,0,0,0
16.71,16725,0,0,0
16.72,16125,0,0,0
16.73,16525,0,0,0
16.74,16125,0,0,0
16.75,15550,0,0,0
16.76,15900,0,0,0
16.77,17175,0,0,0
16.78,15625,0,0,0
16.79,16850,0,0,0
16.8,15825,0,0,0
16.81,16425,0,0,0
16.82,15825,0,0,0
16.83,17475,0,0,0
16.84,16525,0,0,0
16.85,16225,0,0,0
16.86,17450,0,0,0
16.87,16125,0,0,0
16.88,15575,0,0,0
16.89,16925,0,0,0
16.9,16575,0,0,0
16.91,16425,0,0,0
16.92,17175,0,0,0
16.93,18150,0,0,0
16.94,16925,0,0,0
16.95,17375,0,0,0
16.96,16950,0,0,0
16.97,16325,0,0,0
16.98,16600,0,0,0
16.99,16275,0,0,0
17,16150,0,0,0
17.01,16100,0,0,0
17.02,17300,0,0,0
17.03,18300,0,0,0
17.04,16000,0,0,0
17.05,17050,0,0,0
17.06,17325,0,0,0
17.07,17225,0,0,0
17.08,17200,0,0,0
17.09,16775,0,0,0
17.1,16600,0,0,0
17.11,17775,0,0,0
17.12,17400,0,0,0
17.13,16800,0,0,0
17.14,16125,0,0,0
17.15,17375,0,0,0
17.16,17125,0,0,0
17.17,18125,0,0,0
17.18,16675,0,0,0
17.19,16100,0,0,0
17.2,16700,0,0,0
17.21,16350,0,0,0
17.22,16450,0,0,0
17.23,17350,0,0,0
17.24,17075,0,0,0
17.25,16725,0,0,0
17.26,17800,0,0,0
17.27,16400,0,0,0
17.28,16350,0,0,0
17.29,16200,0,0,0
17.3,15975,0,0,0
17.31,16450,0,0,0
17.32,16550,0,0,0
17.33,17175,0,0,0
17.34,16675,0,0,0
17.35,16750,0,0,0
17.36,16575,0,0,0
17.37,17175,0,0,0
17.38,17325,0,0,0
17.39,16850,0,0,0
17.4,15825,0,0,0
17.41,17125,0,0,0
17.42,16050,0,0,0
17.43,16400,0,0,0
17.44,16850,0,0,0
17.45,16025,0,0,0
17.46,15750,0,0,0
17.47,17475,0,0,0
17.48,16950,0,0,0
17.49,16225,0,0,0
17.5,16625,0,0,0
17.51,17525,0,0,0
17.52,17850,0,0,0
17.53,17950,0,0,0
17.54,17650,0,0,0
17.55,16500,0,0,0
17.56,16525,0,0,0
17.57,16875,0,0,0
17.58,16350,0,0,0
17.59,15875,0,0,0
17.6,16275,0,0,0
17.61,16150,0,0,0
17.62,16675,0,0,0
17.63,16625,0,0,0
17.64,16675,0,0,0
17.65,16525,0,0,0
17.66,15800,0,0,0
17.67,16725,0,0,0
17.68,16650,0,0,0
17.69,17000,0,0,0
17.7,17125,0,0,0
17.71,16475,0,0,0
17.72,17775,0,0,0
17.73,16700,0,0,0
17.74,17050,0,0,0
17.75,16625,0,0,0
17.76,17075,0,0,0
17.77,18575,0,0,0
17.78,16775,0,0,0
17.79,15775,0,0,0
17.8,16150,0,0,0
17.81,16175,0,0,0
17.82,16500,0,0,0
17.83,16775,0,0,0
17.84,16850,0,0,0
17.85,16425,0,0,0
17.86,16750,0,0,0
17.87,16850,0,0,0
17.88,16975,0,0,0
17.89,15900,0,0,0
17.9,17100,0,0,0
17.91,16925,0,0,0
17.92,16325,0,0,0
17.93,17775,0,0,0
17.94,16050,0,0,0
17.95,15675,0,0,0
17.96,17050,0,0,0
17.97,17025,0,0,0
17.98,16700,0,0,0
17.99,16000,0,0,0
18,16625,0,0,0
18.01,16900,0,0,0
18.02,16600,0,0,0
18.03,16725,0,0,0
18.04,17400,0,0,0
18.05,16675,0,0,0
18.06,16475,0,0,0
18.07,16775,0,0,0
18.08,16625,0,0,0
18.09,17875,0,0,0
18.1,16875,0,0,0
18.11,17000,0,0,0
18.12,16125,0,0,0
18.13,17125,0,0,0
18.14,16075,0,0,0
18.15,16150,0,0,0
18.16,16100,0,0,0
18.17,16075,0,0,0
18.18,16075,0,0,0
18.19,17200,0,0,0
18.2,16500,0,0,0
18.21,16600,0,0,0
18.22,15375,0,0,0
18.23,16425,0,0,0
18.24,16475,0,0,0
18.25,15150,0,0,0
18.26,16950,0,0,0
18.27,16550,0,0,0
18.28,16000,0,0,0
18.29,16775,0,0,0
18.3,16050,0,0,0
18.31,16600,0,0,0
18.32,17225,0,0,0
18.33,17500,0,0,0
18.34,16750,0,0,0
18.35,16725,0,0,0
18.36,16600,0,0,0
18.37,16800,0,0,0
18.38,16800,0,0,0
18.39,16475,0,0,0
18.4,17300,0,0,0
18.41,17800,0,0,0
18.42,17100,0,0,0
18.43,17000,0,0,0
18.44,16675,0,0,0
18.45,16225,0,0,0
18.46,18725,0,0,0
18.47,17400,0,0,0
18.48,17025,0,0,0
18.49,15350,0,0,0
18.5,16450,0,0,0
18.51,17175,0,0,0
18.52,16125,0,0,0
18.53,16325,0,0,0
18.54,16950,0,0,0
18.55,15775,0,0,0
18.56,16025,0,0,0
18.57,17200,0,0,0
18.58,17075,0,0,0
18.59,16675,0,0,0
18.6,16650,0,0,0
18.61,16025,0,0,0
18.62,17350,0,0,0
18.63,16350,0,0,0
18.64,16700,0,0,0
18.65,16475,0,0,0
18.66,15925,0,0,0
18.67,17075,0,0,0
18.68,17075,0,0,0
18.69,17050,0,0,0
18.7,16575,0,0,0
18.71,16200,0,0,0
18.72,16700,0,0,0
18.73,15975,0,0,0
18.74,17600,0,0,0
18.75,16850,0,0,0
18.76,16575,0,0,0
18.77,15550,0,0,0
18.78,15450,0,0,0
18.79,15825,0,0,0
18.8,16350,0,0,0
18.81,16325,0,0,0
18.82,16400,0,0,0
18.83,15750,0,0,0
18.84,17350,0,0,0
18.85,16925,0,0,0
18.86,16675,0,0,0
18.87,15450,0,0,0
18.88,16350,0,0,0
18.89,16750,0,0,0
18.9,17325,0,0,0
18.91,16600,0,0,0
18.92,16225,0,0,0
18.93,17225,0,0,0
18.94,16125,0,0,0
18.95,16600,0,0,0
18.96,16325,0,0,0
18.97,15875,0,0,0
18.98,16500,0,0,0
18.99,16350,0,0,0
19,17350,0,0,0
19.01,16250,0,0,0
19.02,16050,0,0,0
19.03,16700,0,0,0
19.04,16625,0,0,0
19.05,16175,0,0,0
19.06,16350,0,0,0
19.07,17350,0,0,0
19.08,16650,0,0,0
19.09,17625,0,0,0
19.1,16450,0,0,0
19.11,15900,0,0,0
19.12,17050,0,0,0
19.13,17400,0,0,0
19.14,17000,0,0,0
19.15,15700,0,0,0
19.16,15925,0,0,0
19.17,17400,0,0,0
19.18,16200,0,0,0
19.19,15975,0,0,0
19.2,16750,0,0,0
19.21,17050,0,0,0
19.22,16325,0,0,0
19.23,16175,0,0,0
19.24,16250,0,0,0
19.25,17025,0,0,0
19.26,16975,0,0,0
19.27,17450,0,0,0
19.28,16600,0,0,0
19.29,15675,0,0,0
19.3,16925,0,0,0
19.31,17200,0,0,0
19.32,17025,0,0,0
19.33,15600,0,0,0
19.34,16275,0,0,0
19.35,15625,0,0,0
19.36,15975,0,0,0
19.37,16850,0,0,0
19.38,17575,0,0,0
19.39,16325,0,0,0
19.4,16550,0,0,0
19.41,17100,0,0,0
19.42,16350,0,0,0
19.43,16600,0,0,0
19.44,17025,0,0,0
19.45,17575,0,0,0
19.46,16925,0,0,0
19.47,17100,0,0,0
19.48,16800,0,0,0
19.49,16700,0,0,0
19.5,17300,0,0,0
19.51,16450,0,0,0
19.52,17025,0,0,0
19.53,16650,0,0,0
19.54,17475,0,0,0
19.55,16975,0,0,0
19.56,16300,0,0,0
19.57,15500,0,0,0
19.58,16425,0,0,0
19.59,15725,0,0,0
19.6,16150,0,0,0
19.61,16275,0,0,0
19.62,16075,0,0,0
19.63,16350,0,0,0
19.64,17200,0,0,0
19.65,16975,0,0,0
19.66,17100,0,0,0
19.67,17325,0,0,0
19.68,16200,0,0,0
19.69,16050,0,0,0
19.7,16675,0,0,0
19.71,16725,0,0,0
19.72,15425,0,0,0
19.73,16050,0,0,0
19.74,15875,0,0,0
19.75,16700,0,0,0
19.76,16450,0,0,0
19.77,17275,0,0,0
19.78,16575,0,0,0
19.79,16850,0,0,0
19.8,15850,0,0,0
19.81,16750,0,0,0
19.82,17225,0,0,0
19.83,16275,0,0,0
19.84,16475,0,0,0
19.85,16125,0,0,0
19.86,16975,0,0,0
19.87,16875,0,0,0
19.88,17200,0,0,0
19.89,16225,0,0,0
19.9,16650,0,0,0
19.91,17400,0,0,0
19.92,16300,0,0,0
19.93,16425,0,0,0
19.94,17550,0,0,0
19.95,16725,0,0,0
19.96,16700,0,0,0
19.97,17900,0,0,0
19.98,16225,0,0,0
19.99,16625,0,0,0
20,15875,17043.8,17034.4,-1168.77
20.01,15975,17043.6,17034.2,-1068.57
20.02,16925,17043.4,17034,-118.383
20.03,18000,17043.2,17033.7,956.81
20.04,16725,17043,17033.5,-317.998
20.05,16775,17042.8,17033.3,-267.804
20.06,17975,17042.6,17033,932.389
20.07,16850,17042.4,17032.8,-192.416
20.08,16575,17042.2,17032.6,-467.221
20.09,17175,17042,17032.3,132.974
20.1,17275,17041.8,17032.1,233.17
20.11,16325,17041.6,17031.8,-716.634
20.12,16800,17041.4,17031.6,-241.437
20.13,17600,17041.2,17031.4,558.76
20.14,15850,17041,17031.1,-1191.04
20.15,16325,17040.8,17030.9,-715.844
20.16,16600,17040.6,17030.6,-440.645
20.17,15550,17040.4,17030.4,-1490.45
20.18,16900,17040.2,17030.1,-140.247
20.19,17025,17040,17029.9,-15.0468
20.2,15875,17039.8,17029.6,-1164.85
20.21,17450,17039.6,17029.4,410.355
20.22,16600,17039.4,17029.1,-439.444
20.23,15300,17039.2,17028.9,-1739.24
20.24,16525,17039,17028.6,-514.04
20.25,16100,17038.8,17028.4,-938.838
20.26,17275,17038.6,17028.1,236.365
20.27,16975,17038.4,17027.9,-63.4312
20.28,17425,17038.2,17027.6,386.773
20.29,17050,17038,17027.3,11.9767
20.3,16500,17037.8,17027.1,-537.819
20.31,16600,17037.6,17026.8,-437.614
20.32,16650,17037.4,17026.6,-387.408
20.33,17175,17037.2,17026.3,137.797
20.34,17525,17037,17026,488.003
20.35,16225,17036.8,17025.8,-811.79
20.36,17400,17036.6,17025.5,363.416
20.37,16325,17036.4,17025.3,-711.377
20.38,16900,17036.2,17025,-136.169
20.39,16475,17036,17024.7,-560.962
20.4,16875,17035.8,17024.5,-160.754
20.41,16075,17035.5,17024.2,-960.545
20.42,17400,17035.3,17023.9,364.663
20.43,16075,17035.1,17023.7,-960.128
20.44,17125,17034.9,17023.4,90.0816
20.45,17050,17034.7,17023.1,15.2911
20.46,16750,17034.5,17022.9,-284.499
20.47,17500,17034.3,17022.6,465.711
20.48,16675,17034.1,17022.3,-359.079
20.49,17450,17033.9,17022,416.132
20.5,17300,17033.7,17021.8,266.343
20.51,16750,17033.4,17021.5,-283.446
20.52,16750,17033.2,17021.2,-283.235
20.53,16925,17033,17021,-108.023
20.54,16975,17032.8,17020.7,-57.8118
20.55,16050,17032.6,17020.4,-982.6
20.56,16525,17032.4,17020.1,-507.388
20.57,16625,17032.2,17019.8,-407.175
20.58,17300,17032,17019.6,268.037
20.59,17300,17031.8,17019.3,268.25
20.6,16850,17031.5,17019,-181.537
20.61,17275,17031.3,17018.7,243.676
20.62,16025,17031.1,17018.4,-1006.11
20.63,16950,17030.9,17018.2,-80.898
20.64,17075,17030.7,17017.9,44.3154
20.65,16625,17030.5,17017.6,-405.471
20.66,16775,17030.3,17017.3,-255.257
20.67,17750,17030,17017,719.956
20.68,16625,17029.8,17016.7,-404.83
20.69,16475,17029.6,17016.4,-554.616
20.7,16000,17029.4,17016.2,-1029.4
20.71,16450,17029.2,17015.9,-579.188
20.72,16800,17029,17015.6,-228.974
20.73,17125,17028.8,17015.3,96.2404
20.74,15800,17028.5,17015,-1228.55
20.75,16800,17028.3,17014.7,-228.331
20.76,16650,17028.1,17014.4,-378.117
20.77,15600,17027.9,17014.1,-1427.9
20.78,15800,17027.7,17013.8,-1227.69
20.79,15975,17027.5,17013.5,-1052.47
20.8,16425,17027.3,17013.2,-602.26
20.81,17375,17027,17012.9,347.954
20.82,17975,17026.8,17012.6,948.168
20.83,17075,17026.6,17012.3,48.3822
20.84,17325,17026.4,17012,298.596
20.85,17025,17026.2,17011.7,-1.18992
20.86,16500,17026,17011.4,-525.976
20.87,16625,17025.8,17011.1,-400.762
20.88,16425,17025.5,17010.8,-600.549
20.89,16625,17025.3,17010.5,-400.335
20.9,17450,17025.1,17010.2,424.878
20.91,16275,17024.9,17009.9,-749.909
20.92,16900,17024.7,17009.6,-124.696
20.93,16525,17024.5,17009.3,-499.483
20.94,15775,17024.3,17009,-1249.27
20.95,15250,17024.1,17008.7,-1774.06
20.96,16075,17023.8,17008.4,-948.846
20.97,16600,17023.6,17008.1,-423.634
20.98,17875,17023.4,17007.8,851.577
20.99,17425,17023.2,17007.5,401.789
21,15825,17023,17007.2,-1198
21.01,15575,17022.8,17006.9,-1447.79
21.02,16125,17022.6,17006.6,-897.579
21.03,17100,17022.4,17006.2,77.6311
21.04,16975,17022.2,17005.9,-47.159
21.05,16975,17021.9,17005.6,-46.9496
21.06,16450,17021.7,17005.3,-571.74
21.07,16750,17021.5,17005,-271.532
21.08,16650,17021.3,17004.7,-371.323
21.09,17550,17021.1,17004.4,528.884
21.1,17225,17020.9,17004,204.092
21.11,17325,17020.7,17003.7,304.299
21.12,17025,17020.5,17003.4,4.50542
21.13,17300,17020.3,17003.1,279.711
21.14,16300,17020.1,17002.8,-720.083
21.15,15300,17019.9,17002.5,-1719.88
21.16,15500,17019.7,17002.1,-1519.67
21.17,17450,17019.5,17001.8,430.53
21.18,16625,17019.3,17001.5,-394.266
21.19,16050,17019.1,17001.2,-969.064
21.2,16775,17018.9,17000.8,-243.862
21.21,16175,17018.7,17000.5,-843.66
21.22,16525,17018.5,17000.2,-493.459
21.23,16075,17018.3,16999.9,-943.259
21.24,17600,17018.1,16999.6,581.94
21.25,16575,17017.9,16999.2,-442.861
21.26,17025,17017.7,16998.9,7.33692
21.27,16250,17017.5,16998.6,-767.466
21.28,16550,17017.3,16998.2,-467.27
21.29,15800,17017.1,16997.9,-1217.07
21.3,16900,17016.9,16997.6,-116.879
21.31,17000,17016.7,16997.3,-16.6853
21.32,16525,17016.5,16996.9,-491.492
21.33,16625,17016.3,16996.6,-391.3
21.34,16150,17016.1,16996.3,-866.109
21.35,16950,17015.9,16995.9,-65.9189
21.36,16600,17015.7,16995.6,-415.73
21.37,16150,17015.5,16995.3,-865.541
21.38,17400,17015.4,16994.9,384.646
21.39,16275,17015.2,16994.6,-740.168
21.4,17850,17015,16994.3,835.017
21.41,16650,17014.8,16993.9,-364.799
21.42,16725,17014.6,16993.6,-289.617
21.43,17575,17014.4,16993.2,560.565
21.44,16300,17014.3,16992.9,-714.255
21.45,16000,17014.1,16992.6,-1014.08
21.46,16225,17013.9,16992.2,-788.898
21.47,17550,17013.7,16991.9,536.279
21.48,16125,17013.5,16991.5,-888.546
21.49,16500,17013.4,16991.2,-513.372
21.5,16000,17013.2,16990.9,-1013.2
21.51,16575,17013,16990.5,-438.029
21.52,16150,17012.9,16990.2,-862.859
21.53,16150,17012.7,16989.8,-862.691
21.54,16775,17012.5,16989.5,-237.525
21.55,16200,17012.4,16989.1,-812.36
21.56,17200,17012.2,16988.8,187.804
21.57,16575,17012,16988.5,-437.035
21.58,16675,17011.9,16988.1,-336.875
21.59,17375,17011.7,16987.8,363.283
21.6,17175,17011.6,16987.4,163.44
21.61,16625,17011.4,16987.1,-386.406
21.62,17100,17011.3,16986.7,88.7472
21.63,16875,17011.1,16986.4,-136.102
21.64,16625,17011,16986,-385.953
21.65,16575,17010.8,16985.7,-435.806
21.66,16775,17010.7,16985.3,-235.661
21.67,16625,17010.5,16985,-385.518
21.68,17875,17010.4,16984.6,864.622
21.69,17175,17010.2,16984.3,164.761
21.7,16475,17010.1,16983.9,-535.103
21.71,16650,17010,16983.5,-359.969
21.72,16425,17009.8,16983.2,-584.837
21.73,16125,17009.7,16982.8,-884.708
21.74,16200,17009.6,16982.5,-809.581
21.75,17425,17009.5,16982.1,415.543
21.76,15925,17009.3,16981.8,-1084.34
21.77,16225,17009.2,16981.4,-784.216
21.78,17175,17009.1,16981,165.9
21.79,17700,17009,16980.7,691.014
21.8,17775,17008.9,16980.3,766.125
21.81,16725,17008.8,16980,-283.767
21.82,17350,17008.7,16979.6,341.338
21.83,16675,17008.6,16979.2,-333.56
21.84,16150,17008.5,16978.9,-858.46
21.85,16925,17008.4,16978.5,-83.3644
21.86,16750,17008.3,16978.2,-258.272
21.87,17750,17008.2,16977.8,741.818
21.88,17625,17008.1,16977.4,616.904
21.89,15125,17008,16977.1,-1883.01
21.9,16800,17007.9,16976.7,-207.934
21.91,16800,17007.9,16976.3,-207.858
21.92,16700,17007.8,16976,-307.786
21.93,16950,17007.7,16975.6,-57.718
21.94,16600,17007.7,16975.2,-407.654
21.95,17350,17007.6,16974.9,342.407
21.96,16875,17007.5,16974.5,-132.537
21.97,17175,17007.5,16974.1,167.516
21.98,15900,17007.4,16973.8,-1107.44
21.99,16125,17007.4,16973.4,-882.392
22,17200,17007.4,16973,192.647
22.01,16800,17007.3,16972.6,-207.318
22.02,17525,17007.3,16972.3,517.713
22.03,16200,17007.3,16971.9,-807.261
22.04,16625,17007.2,16971.5,-382.241
22.05,15275,17007.2,16971.2,-1732.22
22.06,16200,17007.2,16970.8,-807.214
22.07,15850,17007.2,16970.4,-1157.21
22.08,16800,17007.2,16970,-207.207
22.09,17025,17007.2,16969.7,17.7877
22.1,18325,17007.2,16969.3,1317.78
22.11,17225,17007.2,16968.9,217.761
22.12,15675,17007.3,16968.5,-1332.26
22.13,16025,17007.3,16968.1,-982.289
22.14,16525,17007.3,16967.8,-482.323
22.15,16950,17007.4,16967.4,-57.3628
22.16,16100,17007.4,16967,-907.409
22.17,15275,17007.5,16966.6,-1732.46
22.18,16975,17007.5,16966.3,-32.5223
22.19,17150,17007.6,16965.9,142.411
22.2,17125,17007.7,16965.5,117.337
22.21,17300,17007.7,16965.1,292.257
22.22,16575,17007.8,16964.7,-432.832
22.23,16525,17007.9,16964.3,-482.927
22.24,17750,17008,16964,741.969
22.25,17050,17008.1,16963.6,41.8576
22.26,16650,17008.3,16963.2,-358.262
22.27,16950,17008.4,16962.8,-58.3899
22.28,16450,17008.5,16962.4,-558.526
22.29,16875,17008.7,16962,-133.672
22.3,15975,17008.8,16961.6,-1033.83
22.31,16750,17009,16961.3,-258.989
22.32,17300,17009.2,16960.9,290.838
22.33,16950,17009.3,16960.5,-59.3446
22.34,17900,17009.5,16960.1,890.463
22.35,17550,17009.7,16959.7,540.26
22.36,16525,17010,16959.3,-484.953
22.37,16150,17010.2,16958.9,-860.177
22.38,16050,17010.4,16958.5,-960.412
22.39,16575,17010.7,16958.1,-435.658
22.4,16275,17010.9,16957.8,-735.916
22.41,16425,17011.2,16957.4,-586.186
22.42,16250,17011.5,16957,-761.468
22.43,16525,17011.8,16956.6,-486.762
22.44,16325,17012.1,16956.2,-687.07
22.45,16650,17012.4,16955.8,-362.39
22.46,16225,17012.7,16955.4,-787.725
22.47,18000,17013.1,16955,986.927
22.48,16550,17013.4,16954.6,-463.436
22.49,16250,17013.8,16954.2,-763.813
22.5,17425,17014.2,16953.8,410.794
22.51,17075,17014.6,16953.4,60.3853
22.52,16275,17015,16953,-740.039
22.53,15600,17015.5,16952.6,-1415.48
22.54,15400,17015.9,16952.2,-1615.94
22.55,16350,17016.4,16951.8,-666.414
22.56,17000,17016.9,16951.4,-16.9075
22.57,17000,17017.4,16951,-17.4197
22.58,16000,17018,16950.6,-1017.95
22.59,16500,17018.5,16950.2,-518.502
22.6,16500,17019.1,16949.8,-519.073
22.61,16575,17019.7,16949.4,-444.665
22.62,16600,17020.3,16949,-420.278
22.63,16575,17020.9,16948.6,-445.914
22.64,16425,17021.6,16948.2,-596.572
22.65,16925,17022.3,16947.8,-97.2544
22.66,16775,17023,16947.4,-247.961
22.67,17575,17023.7,16947,551.308
22.68,16950,17024.4,16946.6,-74.4487
22.69,16550,17025.2,16946.2,-475.232
22.7,16775,17026,16945.8,-251.043
22.71,16600,17026.9,16945.4,-426.883
22.72,17600,17027.8,16945,572.249
22.73,17225,17028.6,16944.6,196.35
22.74,16000,17029.6,16944.2,-1029.58
22.75,16325,17030.5,16943.8,-705.542
22.76,16525,17031.5,16943.4,-506.538
22.77,16075,17032.6,16943,-957.568
22.78,15975,17033.6,16942.5,-1058.63
22.79,16850,17034.7,16942.1,-184.735
22.8,16250,17035.9,16941.7,-785.876
22.81,16925,17037.1,16941.3,-112.056
22.82,16700,17038.3,16940.9,-338.276
22.83,17050,17039.5,16940.5,10.461
22.84,16475,17040.8,16940.1,-565.845
22.85,17225,17042.2,16939.7,182.803
22.86,16325,17043.6,16939.3,-718.596
22.87,16875,17045,16938.8,-170.043
22.88,16300,17046.5,16938.4,-746.541
22.89,16250,17048.1,16938,-798.091
22.9,16675,17049.7,16937.6,-374.695
22.91,17000,17051.4,16937.2,-51.3556
22.92,16200,17053.1,16936.8,-853.075
22.93,16775,17054.9,16936.4,-279.854
22.94,17350,17056.7,16935.9,293.303
22.95,17050,17058.6,16935.5,-8.60509
22.96,17450,17060.6,16935.1,389.419
22.97,16975,17062.6,16934.7,-87.6285
22.98,18075,17064.7,16934.3,1010.25
22.99,16850,17066.9,16933.9,-216.947
23,16775,17069.2,16933.4,-294.224
23.01,16550,17071.6,16933,-521.585
23.02,16625,17074,16932.6,-449.032
23.03,16725,17076.6,16932.2,-351.569
23.04,16150,17079.2,16931.8,-929.201
23.05,17725,17081.9,16931.3,643.069
23.06,16775,17084.8,16930.9,-309.763
23.07,14975,17087.7,16930.5,-2112.7
23.08,16600,17090.8,16930.1,-490.754
23.09,17175,17093.9,16929.7,81.077
23.1,17475,17097.2,16929.2,377.786
23.11,17275,17100.6,16928.8,174.368
23.12,16600,17104.2,16928.4,-504.185
23.13,17750,17107.9,16928,642.122
23.14,17325,17111.7,16927.6,213.282
23.15,17375,17115.7,16927.1,259.288
23.16,16925,17119.9,16926.7,-194.867
23.17,17375,17124.2,16926.3,250.807
23.18,16800,17128.7,16925.9,-328.696
23.19,18375,17133.4,16925.4,1241.61
23.2,17225,17138.3,16925,86.7258
23.21,17150,17143.4,16924.6,6.63126
23.22,18425,17148.7,16924.1,1276.32
23.23,15550,17154.2,16923.7,-1604.22
23.24,16575,17160,16923.3,-585.008
23.25,16950,17166,16922.9,-216.048
23.26,16850,17172.4,16922.4,-322.358
23.27,16925,17179,16922,-253.952
23.28,16725,17185.8,16921.6,-460.848
23.29,17025,17193.1,16921.2,-168.062
23.3,17275,17200.6,16920.7,74.3861
23.31,17275,17208.5,16920.3,66.4767
23.32,17025,17216.8,16919.9,-191.812
23.33,18025,17225.5,16919.4,799.497
23.34,17900,17234.6,16919,665.377
23.35,16975,17244.2,16918.6,-269.197
23.36,17225,17254.3,16918.1,-29.2553
23.37,17125,17264.8,16917.7,-139.83
23.38,18025,17276,16917.3,749.045
23.39,18825,17287.7,16916.8,1537.33
23.4,16600,17300,16916.4,-700.008
23.41,16900,17313,16916,-413.021
23.42,17375,17326.8,16915.5,48.2454
23.43,17725,17341.3,16915.1,383.74
23.44,17750,17356.6,16914.7,393.406
23.45,17225,17372.8,16914.2,-147.821
23.46,17325,17390,16913.8,-65.0068
23.47,17650,17408.2,16913.4,241.772
23.48,17425,17427.6,16912.9,-2.56591
23.49,17375,17448.1,16912.5,-73.1118
23.5,17625,17470,16912.1,155.034
23.51,18025,17493.2,16911.6,531.762
23.52,17500,17518.1,16911.2,-18.0502
23.53,17275,17544.5,16910.7,-269.539
23.54,17700,17572.9,16910.3,127.145
23.55,17075,17603.2,16909.9,-528.167
23.56,16300,17635.7,16909.4,-1335.66
23.57,17500,17670.5,16909,-170.549
23.58,17475,17708.1,16908.6,-233.065
23.59,18425,17748.5,16908.1,676.524
23.6,19050,17792.1,16907.7,1257.92
23.61,19000,17839.2,16907.2,1160.78
23.62,18425,17890.3,16906.8,534.726
23.63,17575,17945.7,16906.4,-370.685
23.64,19475,18006,16905.9,1469.05
23.65,18050,18071.7,16905.5,-21.6565
23.66,16975,18143.5,16905,-1168.46
23.67,18425,18222.2,16904.6,202.835
23.68,20025,18308.7,16904.1,1716.31
23.69,19725,18404.2,16903.7,1320.81
23.7,19450,18510.1,16903.3,939.913
23.71,18300,18628.2,16902.8,-328.233
23.72,21175,18761.1,16902.4,2413.89
23.73,21075,18912.1,16901.9,2162.86
23.74,21400,19086.2,16901.5,2313.8
23.75,21750,19290.3,16901,2459.74
23.76,22400,19534.4,16900.6,2865.64
23.77,21975,19832.8,16900.1,2142.21
23.78,22175,20205.5,16899.7,1969.48
23.79,23825,20679.8,16899.3,3145.24
23.8,25150,21291.4,16898.8,3858.61
23.81,25175,22085.9,16898.4,3089.08
23.82,26900,23118.6,16897.9,3781.43
23.83,28525,24452.9,16897.5,4072.09
23.84,30000,26157.8,16897,3842.24
23.85,32300,28301.9,16896.6,3998.1
23.86,35625,30946.8,16896.1,4678.2
23.87,37975,34137.6,16895.7,3837.38
23.88,43150,37893.1,16895.2,5256.94
23.89,49125,42194.4,16894.8,6930.63
23.9,51900,46973.7,16894.3,4926.28
23.91,60625,52101.2,16893.9,8523.82
23.92,65250,57371.1,16893.4,7878.85
23.93,70075,62493.2,16893,7581.84
23.94,78225,67102,16892.5,11123
23.95,82525,70807.8,16892.1,11717.2
23.96,88250,73290.2,16891.6,14959.8
23.97,89375,74395.3,16891.2,14979.7
23.98,96000,74163,16890.7,21837
23.99,94125,72761.5,16890.3,21363.5
24,90825,70385.5,16889.8,20439.5
24.01,84600,67196.3,16889.4,17403.7
24.02,77500,63332.2,16888.9,14167.8
24.03,74250,58952.9,16888.5,15297.1
24.04,66875,54266.1,16888,12608.9
24.05,60875,49507.5,16887.6,11367.5
24.06,56775,44896.3,16887.1,11878.7
24.07,51425,40601.6,16886.6,10823.4
24.08,44650,36731.4,16886.2,7918.63
24.09,39300,33339.3,16885.7,5960.73
24.1,34800,30436.6,16885.3,4363.37
24.11,31675,28005,16884.8,3670
24.12,31100,26006.2,16884.4,5093.79
24.13,27725,24390.5,16883.9,3334.48
24.14,26925,23102.9,16883.5,3822.1
24.15,25100,22088,16883,3012.04
24.16,24025,21293.6,16882.5,2731.41
24.17,23775,20673.3,16882.1,3101.72
24.18,22700,20187.4,16881.6,2512.59
24.19,20675,19803.6,16881.2,871.438
24.2,21025,19496.2,16880.7,1528.83
24.21,20475,19245.7,16880.3,1229.31
24.22,20625,19037.6,16879.8,1587.36
24.23,21000,18861.5,16879.3,2138.54
24.24,19850,18709.6,16878.9,1140.37
24.25,19125,18576.8,16878.4,548.206
24.26,18800,18459.2,16878,340.843
24.27,18850,18354,16877.5,496.017
24.28,18650,18259.3,16877.1,390.741
24.29,18700,18173.5,16876.6,526.538
24.3,17875,18095.4,16876.1,-220.402
24.31,17550,18024.1,16875.7,-474.122
24.32,17875,17958.8,16875.2,-83.8307
24.33,17950,17898.9,16874.8,51.1374
24.34,17900,17843.6,16874.3,56.3524
24.35,18575,17792.7,16873.8,782.307
24.36,17975,17745.6,16873.4,229.431
24.37,18675,17701.9,16872.9,973.101
24.38,18725,17661.4,16872.4,1063.65
24.39,17125,17623.6,16872,-498.639
24.4,17875,17588.5,16871.5,286.504
24.41,17700,17555.7,16871.1,144.304
24.42,18475,17525,16870.6,949.969
24.43,17975,17496.3,16870.1,478.68
24.44,17825,17469.4,16869.7,355.603
24.45,16525,17444.1,16869.2,-919.117
24.46,16950,17420.3,16868.7,-470.345
24.47,17550,17398,16868.3,152.037
24.48,17150,17376.9,16867.8,-226.862
24.49,18075,17356.9,16867.3,718.055
24.5,16925,17338.1,16866.9,-413.124
24.51,16775,17320.3,16866.4,-545.317
24.52,17325,17303.5,16866,21.5477
24.53,17525,17287.5,16865.5,237.538
24.54,17200,17272.3,16865,-72.2855
24.55,18000,17257.9,16864.6,742.133
24.56,18300,17244.2,16864.1,1055.84
24.57,16775,17231.1,16863.6,-456.104
24.58,17650,17218.7,16863.2,431.331
24.59,16475,17206.8,16862.7,-731.812
24.6,16000,17195.5,16862.2,-1195.5
24.61,16900,17184.7,16861.8,-284.687
24.62,16300,17174.4,16861.3,-874.354
24.63,16875,17164.5,16860.8,-289.469
24.64,17225,17155,16860.4,69.9958
24.65,18275,17145.9,16859.9,1129.06
24.66,16600,17137.2,16859.4,-537.24
24.67,17975,17128.9,16858.9,846.103
24.68,16725,17120.9,16858.5,-395.886
24.69,17825,17113.2,16858,711.812
24.7,18025,17105.8,16857.5,919.212
24.71,16425,17098.7,16857.1,-673.667
24.72,17550,17091.8,16856.6,458.187
24.73,17700,17085.2,16856.1,614.79
24.74,15650,17078.8,16855.7,-1428.85
24.75,16550,17072.7,16855.2,-522.709
24.76,17225,17066.8,16854.7,158.214
24.77,18825,17061.1,16854.3,1763.93
24.78,17200,17055.5,16853.8,144.457
24.79,16325,17050.2,16853.3,-725.204
24.8,15800,17045,16852.8,-1245.04
24.81,17400,17040,16852.4,359.956
24.82,16875,17035.2,16851.9,-160.208
24.83,17375,17030.5,16851.4,344.477
24.84,18050,17026,16851,1024.02
24.85,15875,17021.6,16850.5,-1146.58
24.86,16325,17017.3,16850,-692.315
24.87,16875,17013.2,16849.5,-138.173
24.88,17475,17009.2,16849.1,465.847
24.89,16975,17005.2,16848.6,-30.2472
24.9,17400,17001.5,16848.1,398.547
24.91,16900,16997.8,16847.6,-97.764
24.92,16550,16994.2,16847.2,-444.177
24.93,16500,16990.7,16846.7,-490.687
24.94,17450,16987.3,16846.2,462.71
24.95,16800,16984,16845.8,-183.983
24.96,16725,16980.8,16845.3,-255.762
24.97,16200,16977.6,16844.8,-777.623
24.98,17825,16974.6,16844.3,850.437
24.99,16850,16971.6,16843.9,-121.579
25,16575,16968.7,16843.4,-393.669
25.01,17725,16965.8,16842.9,759.172
25.02,17575,16963.1,16842.4,611.945
25.03,16850,16960.3,16842,-110.347
25.04,17575,16957.7,16841.5,617.298
25.05,17325,16955.1,16841,369.883
25.06,17100,16952.6,16840.5,147.41
25.07,16625,16950.1,16840.1,-325.119
25.08,16325,16947.7,16839.6,-622.701
25.09,16600,16945.3,16839.1,-345.336
25.1,17775,16943,16838.6,831.979
25.11,16525,16940.8,16838.1,-415.754
25.12,16100,16938.5,16837.7,-838.534
25.13,16200,16936.4,16837.2,-736.359
25.14,16850,16934.2,16836.7,-84.2276
25.15,16875,16932.1,16836.2,-57.1381
25.16,16550,16930.1,16835.8,-380.089
25.17,16550,16928.1,16835.3,-378.08
25.18,16975,16926.1,16834.8,48.8918
25.19,17350,16924.2,16834.3,425.827
25.2,17125,16922.3,16833.9,202.726
25.21,16975,16920.4,16833.4,54.5909
25.22,16225,16918.6,16832.9,-693.577
25.23,17800,16916.8,16832.4,883.222
25.24,17600,16915,16831.9,684.99
25.25,17100,16913.3,16831.5,186.728
25.26,17200,16911.6,16831,288.437
25.27,17000,16909.9,16830.5,90.1177
25.28,17025,16908.2,16830,116.771
25.29,15500,16906.6,16829.5,-1406.6
25.3,16525,16905,16829.1,-380.003
25.31,17800,16903.4,16828.6,896.573
25.32,17050,16901.9,16828.1,148.124
25.33,15825,16900.3,16827.6,-1075.35
25.34,17300,16898.8,16827.2,401.155
25.35,16925,16897.4,16826.7,27.6376
25.36,16850,16895.9,16826.2,-45.9018
25.37,15975,16894.5,16825.7,-919.462
25.38,16900,16893,16825.2,6.95697
25.39,16050,16891.6,16824.8,-841.644
25.4,16600,16890.3,16824.3,-290.264
25.41,16300,16888.9,16823.8,-588.902
25.42,16875,16887.6,16823.3,-12.559
25.43,16975,16886.2,16822.8,88.7664
25.44,17150,16884.9,16822.3,265.075
25.45,16100,16883.6,16821.9,-783.634
25.46,16150,16882.4,16821.4,-732.359
25.47,17350,16881.1,16820.9,468.901
25.48,17425,16879.9,16820.4,545.145
25.49,16175,16878.6,16819.9,-703.627
25.5,16950,16877.4,16819.5,72.5876
25.51,16500,16876.2,16819,-376.212
25.52,16175,16875,16818.5,-700.026
25.53,16550,16873.9,16818,-323.854
25.54,16450,16872.7,16817.5,-422.695
25.55,16400,16871.5,16817,-471.548
25.56,15875,16870.4,16816.6,-995.414
25.57,16625,16869.3,16816.1,-244.292
25.58,16675,16868.2,16815.6,-193.182
25.59,16875,16867.1,16815.1,7.91586
25.6,16875,16866,16814.6,9.0028
25.61,15850,16864.9,16814.2,-1014.92
25.62,18375,16863.9,16813.7,1511.14
25.63,16950,16862.8,16813.2,87.1984
25.64,17775,16861.8,16812.7,913.243
25.65,17025,16860.7,16812.2,164.277
25.66,16025,16859.7,16811.7,-834.698
25.67,17200,16858.7,16811.2,341.317
25.68,16800,16857.7,16810.8,-57.6776
25.69,16250,16856.7,16810.3,-606.681
25.7,16675,16855.7,16809.8,-180.693
25.71,16525,16854.7,16809.3,-329.714
25.72,16500,16853.7,16808.8,-353.744
25.73,16000,16852.8,16808.3,-852.782
25.74,16950,16851.8,16807.9,98.1725
25.75,17950,16850.9,16807.4,1099.12
25.76,18500,16849.9,16806.9,1650.06
25.77,16675,16849,16806.4,-174.012
25.78,17175,16848.1,16805.9,326.912
25.79,16125,16847.2,16805.4,-722.172
25.8,17175,16846.3,16805,328.737
25.81,17025,16845.4,16804.5,179.639
25.82,16450,16844.5,16804,-394.465
25.83,17125,16843.6,16803.5,281.424
25.84,16700,16842.7,16803,-142.694
25.85,17275,16841.8,16802.5,433.182
25.86,16450,16840.9,16802,-390.948
25.87,16700,16840.1,16801.6,-140.085
25.88,17225,16839.2,16801.1,385.773
25.89,16050,16838.4,16800.6,-788.375
25.9,16025,16837.5,16800.1,-812.529
25.91,16450,16836.7,16799.6,-386.688
25.92,17200,16835.9,16799.1,364.147
25.93,17425,16835,16798.6,589.977
25.94,16775,16834.2,16798.2,-59.1986
25.95,16975,16833.4,16797.7,141.621
25.96,16775,16832.6,16797.2,-57.5648
25.97,15650,16831.8,16796.7,-1181.76
25.98,17300,16831,16796.2,469.049
25.99,16950,16830.2,16795.7,119.849
26,16700,16829.4,16795.2,-129.356
26.01,16750,16828.6,16794.8,-78.5653
26.02,16675,16827.8,16794.3,-152.779
26.03,16175,16827,16793.8,-651.997
26.04,16550,16826.2,16793.3,-276.22
26.05,16550,16825.4,16792.8,-275.447
26.06,16300,16824.7,16792.3,-524.678
26.07,16450,16823.9,16791.8,-373.913
26.08,16575,16823.2,16791.3,-248.152
26.09,16600,16822.4,16790.9,-222.395
26.1,17300,16821.6,16790.4,478.359
26.11,15850,16820.9,16789.9,-970.892
26.12,17125,16820.1,16789.4,304.854
26.13,17000,16819.4,16788.9,180.596
26.14,16850,16818.7,16788.4,31.335
26.15,15975,16817.9,16787.9,-842.93
26.16,17100,16817.2,16787.4,282.802
26.17,16275,16816.5,16787,-541.47
26.18,17075,16815.7,16786.5,259.255
26.19,16150,16815,16786,-665.023
26.2,17650,16814.3,16785.5,835.696
26.21,16475,16813.6,16785,-338.589
26.22,16025,16812.9,16784.5,-787.876
26.23,16575,16812.2,16784,-237.167
26.24,16850,16811.5,16783.5,38.5394
26.25,17050,16810.8,16783.1,239.243
26.26,17050,16810.1,16782.6,239.943
26.27,16400,16809.4,16782.1,-409.359
26.28,16000,16808.7,16781.6,-808.664
26.29,17375,16808,16781.1,567.029
26.3,17375,16807.3,16780.6,567.718
26.31,17525,16806.6,16780.1,718.405
26.32,15750,16805.9,16779.6,-1055.91
26.33,17425,16805.2,16779.2,619.772
26.34,16800,16804.5,16778.7,-4.54913
26.35,16350,16803.9,16778.2,-453.872
26.36,16875,16803.2,16777.7,71.8022
26.37,16275,16802.5,16777.2,-527.526
26.38,16125,16801.9,16776.7,-676.856
26.39,15675,16801.2,16776.2,-1126.19
26.4,16850,16800.5,16775.7,49.4767
26.41,16100,16799.9,16775.2,-699.86
26.42,16925,16799.2,16774.8,125.8
26.43,16725,16798.5,16774.3,-73.541
26.44,16575,16797.9,16773.8,-222.885
26.45,17375,16797.2,16773.3,577.77
26.46,17575,16796.6,16772.8,778.422
26.47,16625,16795.9,16772.3,-170.928
26.48,15700,16795.3,16771.8,-1095.28
26.49,17850,16794.6,16771.3,1055.37
26.5,16975,16794,16770.8,181.011
26.51,17550,16793.3,16770.4,756.654
26.52,17775,16792.7,16769.9,982.295
26.53,16575,16792.1,16769.4,-217.067
26.54,16100,16791.4,16768.9,-691.43
26.55,17100,16790.8,16768.4,309.205
26.56,16275,16790.2,16767.9,-515.161
26.57,17000,16789.5,16767.4,210.47
26.58,17575,16788.9,16766.9,786.1
26.59,16750,16788.3,16766.4,-38.2714
26.6,17625,16787.6,16766,837.355
26.61,16500,16787,16765.5,-287.02
26.62,16900,16786.4,16765,113.603
26.63,17300,16785.8,16764.5,514.225
26.64,17500,16785.2,16764,714.845
26.65,17150,16784.5,16763.5,365.464
26.66,17450,16783.9,16763,666.081
26.67,16725,16783.3,16762.5,-58.3035
26.68,16725,16782.7,16762,-57.6894
26.69,18125,16782.1,16761.6,1342.92
26.7,16425,16781.5,16761.1,-356.466
26.71,16525,16780.9,16760.6,-255.856
26.72,16225,16780.2,16760.1,-555.248
26.73,17175,16779.6,16759.6,395.359
26.74,16725,16779,16759.1,-54.035
26.75,17775,16778.4,16758.6,996.569
26.76,17925,16777.8,16758.1,1147.17
26.77,16575,16777.2,16757.6,-202.226
26.78,16500,16776.6,16757.2,-276.626
26.79,16925,16776,16756.7,148.973
26.8,17450,16775.4,16756.2,674.571
26.81,17125,16774.8,16755.7,350.167
26.82,16950,16774.2,16755.2,175.763
26.83,16225,16773.6,16754.7,-548.643
26.84,17425,16773.1,16754.2,651.95
26.85,17325,16772.5,16753.7,552.541
26.86,16550,16771.9,16753.2,-221.868
26.87,16350,16771.3,16752.8,-421.279
26.88,16450,16770.7,16752.3,-320.69
26.89,16750,16770.1,16751.8,-20.1034
26.9,16800,16769.5,16751.3,30.4826
26.91,17150,16768.9,16750.8,381.068
26.92,16900,16768.3,16750.3,131.651
26.93,18400,16767.8,16749.8,1632.23
26.94,17300,16767.2,16749.3,532.816
26.95,16175,16766.6,16748.8,-591.604
26.96,17500,16766,16748.4,733.976
26.97,17100,16765.4,16747.9,334.555
26.98,15325,16764.9,16747.4,-1439.87
26.99,16775,16764.3,16746.9,10.7089
27,16225,16763.7,16746.4,-538.715
27.01,16400,16763.1,16745.9,-363.141
27.02,16775,16762.6,16745.4,12.4328
27.03,16600,16762,16744.9,-161.994
27.04,16700,16761.4,16744.4,-61.4227
27.05,16850,16760.9,16744,89.1482
27.06,17925,16760.3,16743.5,1164.72
27.07,16575,16759.7,16743,-184.713
27.08,15825,16759.1,16742.5,-934.145
27.09,16000,16758.6,16742,-758.577
27.1,16500,16758,16741.5,-258.011
27.11,16475,16757.4,16741,-282.446
27.12,16050,16756.9,16740.5,-706.881
27.13,16175,16756.3,16740,-581.317
27.14,16650,16755.8,16739.6,-105.754
27.15,17375,16755.2,16739.1,619.808
27.16,16000,16754.6,16738.6,-754.631
27.17,16675,16754.1,16738.1,-79.0704
27.18,18175,16753.5,16737.6,1421.49
27.19,17800,16753,16737.1,1047.05
27.2,17200,16752.4,16736.6,447.606
27.21,17300,16751.8,16736.1,548.163
27.22,17950,16751.3,16735.6,1198.72
27.23,17225,16750.7,16735.2,474.276
27.24,16325,16750.2,16734.7,-425.169
27.25,17050,16749.6,16734.2,300.385
27.26,17875,16749.1,16733.7,1125.94
27.27,17075,16748.5,16733.2,326.491
27.28,17625,16748,16732.7,877.043
27.29,16500,16747.4,16732.2,-247.406
27.3,17550,16746.9,16731.7,803.145
27.31,17100,16746.3,16731.3,353.695
27.32,17300,16745.8,16730.8,554.244
27.33,16075,16745.2,16730.3,-670.208
27.34,14750,16744.7,16729.8,-1994.66
27.35,17650,16744.1,16729.3,905.887
27.36,17650,16743.6,16728.8,906.433
27.37,17475,16743,16728.3,731.979
27.38,16575,16742.5,16727.8,-167.476
27.39,17550,16741.9,16727.4,808.069
27.4,17200,16741.4,16726.9,458.612
27.41,17000,16740.8,16726.4,259.155
27.42,16625,16740.3,16725.9,-115.302
27.43,16325,16739.8,16725.4,-414.76
27.44,17750,16739.2,16724.9,1010.78
27.45,17025,16738.7,16724.4,286.321
27.46,17575,16738.1,16723.9,836.861
27.47,16050,16737.6,16723.5,-687.599
27.48,17725,16737.1,16723,987.939
27.49,16875,16736.5,16722.5,138.477
27.5,17225,16736,16722,489.015
27.51,17575,16735.4,16721.5,839.552
27.52,15975,16734.9,16721,-759.912
27.53,16325,16734.4,16720.5,-409.377
27.54,16350,16733.8,16720,-383.841
27.55,17550,16733.3,16719.6,816.693
27.56,17200,16732.8,16719.1,467.227
27.57,17350,16732.2,16718.6,617.76
27.58,15575,16731.7,16718.1,-1156.71
27.59,17050,16731.2,16717.6,318.825
27.6,15275,16730.6,16717.1,-1455.64
27.61,16850,16730.1,16716.6,119.888
27.62,16675,16729.6,16716.2,-54.5813
27.63,17025,16729.1,16715.7,295.949
27.64,16000,16728.5,16715.2,-728.522
27.65,15925,16728,16714.7,-802.993
27.66,16725,16727.5,16714.2,-2.46452
27.67,16150,16726.9,16713.7,-576.937
27.68,17550,16726.4,16713.2,823.591
27.69,16800,16725.9,16712.8,74.1174
27.7,16600,16725.4,16712.3,-125.356
27.71,16700,16724.8,16711.8,-24.8305
27.72,17800,16724.3,16711.3,1075.69
27.73,17400,16723.8,16710.8,676.219
27.74,18050,16723.3,16710.3,1326.74
27.75,16575,16722.7,16709.8,-147.733
27.76,17000,16722.2,16709.4,277.79
27.77,17425,16721.7,16708.9,703.313
27.78,17775,16721.2,16708.4,1053.84
27.79,16725,16720.6,16707.9,4.35707
27.8,16775,16720.1,16707.4,54.8783
27.81,15650,16719.6,16706.9,-1069.6
27.82,16925,16719.1,16706.4,205.919
27.83,17200,16718.6,16706,481.439
27.84,17425,16718,16705.5,706.958
27.85,17225,16717.5,16705,507.477
27.86,17300,16717,16704.5,582.995
27.87,17450,16716.5,16704,733.513
27.88,17475,16716,16703.5,759.03
27.89,17125,16715.5,16703.1,409.547
27.9,16650,16714.9,16702.6,-64.9362
27.91,16525,16714.4,16702.1,-189.42
27.92,16075,16713.9,16701.6,-638.905
27.93,16000,16713.4,16701.1,-713.39
27.94,18450,16712.9,16700.6,1737.12
27.95,15800,16712.4,16700.2,-912.361
27.96,16750,16711.8,16699.7,38.1526
27.97,16300,16711.3,16699.2,-411.334
27.98,17300,16710.8,16698.7,589.179
27.99,16875,16710.3,16698.2,164.691
28,18150,16709.8,16697.7,1440.2
28.01,16800,16709.3,16697.3,90.7141
28.02,17375,16708.8,16696.8,666.225
28.03,17175,16708.3,16696.3,466.736
28.04,17850,16707.8,16695.8,1142.25
28.05,18125,16707.2,16695.3,1417.76
28.06,17700,16706.7,16694.8,993.265
28.07,16600,16706.2,16694.4,-106.227
28.08,16675,16705.7,16693.9,-30.7183
28.09,16950,16705.2,16693.4,244.79
28.1,16775,16704.7,16692.9,70.2971
28.11,16250,16704.2,16692.4,-454.196
28.12,17000,16703.7,16692,296.311
28.13,17550,16703.2,16691.5,846.817
28.14,17400,16702.7,16691,697.323
28.15,18400,16702.2,16690.5,1697.83
28.16,17100,16701.7,16690,398.333
28.17,17300,16701.2,16689.5,598.838
28.18,16725,16700.7,16689.1,24.3417
28.19,16350,16700.2,16688.6,-350.155
28.2,16425,16699.7,16688.1,-274.651
28.21,16975,16699.1,16687.6,275.852
28.22,16150,16698.6,16687.1,-548.646
28.23,16575,16698.1,16686.7,-123.144
28.24,16325,16697.6,16686.2,-372.642
28.25,16700,16697.1,16685.7,2.85887
28.26,16875,16696.6,16685.2,178.36
28.27,17175,16696.1,16684.7,478.86
28.28,15975,16695.6,16684.3,-720.64
28.29,17275,16695.1,16683.8,579.86
28.3,16800,16694.6,16683.3,105.359
28.31,17600,16694.1,16682.8,905.858
28.32,16275,16693.6,16682.3,-418.644
28.33,16775,16693.1,16681.9,81.8539
28.34,16800,16692.6,16681.4,107.351
28.35,15775,16692.2,16680.9,-917.151
28.36,17325,16691.7,16680.4,633.345
28.37,17275,16691.2,16679.9,583.842
28.38,17050,16690.7,16679.5,359.338
28.39,17000,16690.2,16679,309.833
28.4,17050,16689.7,16678.5,360.328
28.41,16725,16689.2,16678,35.8232
28.42,16775,16688.7,16677.6,86.3176
28.43,16800,16688.2,16677.1,111.812
28.44,16775,16687.7,16676.6,87.3051
28.45,17225,16687.2,16676.1,537.798
28.46,16275,16686.7,16675.6,-411.709
28.47,17225,16686.2,16675.2,538.784
28.48,16625,16685.7,16674.7,-60.7245
28.49,15750,16685.2,16674.2,-935.233
28.5,16300,16684.7,16673.7,-384.742
28.51,16850,16684.3,16673.3,165.749
28.52,16300,16683.8,16672.8,-383.76
28.53,17800,16683.3,16672.3,1116.73
28.54,17200,16682.8,16671.8,517.219
28.55,16300,16682.3,16671.4,-382.291
28.56,17125,16681.8,16670.9,443.197
28.57,17600,16681.3,16670.4,918.686
28.58,15700,16680.8,16669.9,-980.826
28.59,17625,16680.3,16669.4,944.662
28.6,16600,16679.9,16669,-79.8509
28.61,16725,16679.4,16668.5,45.636
28.62,17275,16678.9,16668,596.123
28.63,16575,16678.4,16667.5,-103.391
28.64,16650,16677.9,16667.1,-27.9055
28.65,18525,16677.4,16666.6,1847.58
28.66,17275,16676.9,16666.1,598.065
28.67,18050,16676.5,16665.6,1373.55
28.68,17500,16676,16665.2,824.034
28.69,17275,16675.5,16664.7,599.518
28.7,17950,16675,16664.2,1275
28.71,16525,16674.5,16663.7,-149.516
28.72,16050,16674,16663.3,-624.033
28.73,16900,16673.6,16662.8,226.449
28.74,16450,16673.1,16662.3,-223.069
28.75,16800,16672.6,16661.9,127.412
28.76,17325,16672.1,16661.4,652.893
28.77,17075,16671.6,16660.9,403.374
28.78,15800,16671.1,16660.4,-871.146
28.79,16175,16670.7,16660,-495.666
28.8,17425,16670.2,16659.5,754.814
28.81,17275,16669.7,16659,605.293
28.82,17225,16669.2,16658.5,555.772
28.83,16475,16668.7,16658.1,-193.75
28.84,17075,16668.3,16657.6,406.728
28.85,16425,16667.8,16657.1,-242.794
28.86,15775,16667.3,16656.7,-892.317
28.87,16275,16666.8,16656.2,-391.84
28.88,16250,16666.4,16655.7,-416.364
28.89,18225,16665.9,16655.2,1559.11
28.9,16350,16665.4,16654.8,-315.412
28.91,18025,16664.9,16654.3,1360.06
28.92,17975,16664.5,16653.8,1310.54
28.93,17425,16664,16653.4,761.013
28.94,16550,16663.5,16652.9,-113.513
28.95,15775,16663,16652.4,-888.039
28.96,16950,16662.6,16651.9,287.434
28.97,17050,16662.1,16651.5,387.907
28.98,17500,16661.6,16651,838.379
28.99,17050,16661.1,16650.5,388.851
29,16125,16660.7,16650.1,-535.677
29.01,16300,16660.2,16649.6,-360.206
29.02,17475,16659.7,16649.1,815.265
29.03,16925,16659.3,16648.7,265.736
29.04,17175,16658.8,16648.2,516.206
29.05,16425,16658.3,16647.7,-233.324
29.06,17200,16657.9,16647.2,542.145
29.07,17375,16657.4,16646.8,717.614
29.08,17375,16656.9,16646.3,718.083
29.09,17175,16656.4,16645.8,518.551
29.1,16175,16656,16645.4,-480.982
29.11,17325,16655.5,16644.9,669.486
29.12,15800,16655,16644.4,-855.047
29.13,16325,16654.6,16644,-329.581
29.14,16000,16654.1,16643.5,-654.115
29.15,17175,16653.6,16643,521.351
29.16,16575,16653.2,16642.6,-78.1838
29.17,17300,16652.7,16642.1,647.281
29.18,17875,16652.3,16641.6,1222.75
29.19,15725,16651.8,16641.2,-926.79
29.2,15500,16651.3,16640.7,-1151.33
29.21,17475,16650.9,16640.2,824.137
29.22,16425,16650.4,16639.8,-225.401
29.23,15900,16649.9,16639.3,-749.938
29.24,16075,16649.5,16638.8,-574.476
29.25,16625,16649,16638.4,-24.0146
29.26,15375,16648.6,16637.9,-1273.55
29.27,15750,16648.1,16637.4,-898.093
29.28,17400,16647.6,16637,752.368
29.29,15900,16647.2,16636.5,-747.172
29.3,15900,16646.7,16636.1,-746.713
29.31,17450,16646.3,16635.6,803.746
29.32,16575,16645.8,16635.1,-70.7952
29.33,17100,16645.3,16634.7,454.663
29.34,16525,16644.9,16634.2,-119.879
29.35,18150,16644.4,16633.7,1505.58
29.36,17450,16644,16633.3,806.035
29.37,17350,16643.5,16632.8,706.492
29.38,16750,16643.1,16632.3,106.948
29.39,16225,16642.6,16631.9,-417.597
29.4,18050,16642.1,16631.4,1407.86
29.41,17175,16641.7,16631,533.313
29.42,16525,16641.2,16630.5,-116.232
29.43,17575,16640.8,16630,934.222
29.44,17300,16640.3,16629.6,659.675
29.45,17950,16639.9,16629.1,1310.13
29.46,16750,16639.4,16628.7,110.581
29.47,17150,16639,16628.2,511.033
29.48,16625,16638.5,16627.7,-13.5155
29.49,16050,16638.1,16627.3,-588.064
29.5,16675,16637.6,16626.8,37.3866
29.51,16950,16637.2,16626.3,312.837
29.52,17025,16636.7,16625.9,388.287
29.53,15900,16636.3,16625.4,-736.264
29.54,17125,16635.8,16625,489.185
29.55,18375,16635.4,16624.5,1739.63
29.56,17500,16634.9,16624.1,865.082
29.57,17725,16634.5,16623.6,1090.53
29.58,16875,16634,16623.1,240.977
29.59,16675,16633.6,16622.7,41.4234
29.6,16200,16633.1,16622.2,-433.13
29.61,17375,16632.7,16621.8,742.315
29.62,16775,16632.2,16621.3,142.761
29.63,16850,16631.8,16620.8,218.206
29.64,16750,16631.4,16620.4,118.65
29.65,16350,16630.9,16619.9,-280.906
29.66,17275,16630.5,16619.5,644.537
29.67,17200,16630,16619,569.98
29.68,16125,16629.6,16618.6,-504.577
29.69,16750,16629.1,16618.1,120.865
29.7,16225,16628.7,16617.6,-403.694
29.71,16575,16628.3,16617.2,-53.2529
29.72,17375,16627.8,16616.7,747.188
29.73,17275,16627.4,16616.3,647.628
29.74,16025,16626.9,16615.8,-601.933
29.75,16775,16626.5,16615.4,148.506
29.76,15925,16626.1,16614.9,-701.055
29.77,16450,16625.6,16614.5,-175.617
29.78,16550,16625.2,16614,-75.1796
29.79,16200,16624.7,16613.5,-424.743
29.8,16125,16624.3,16613.1,-499.306
29.81,15975,16623.9,16612.6,-648.87
29.82,16450,16623.4,16612.2,-173.435
29.83,15450,16623,16611.7,-1173
29.84,16025,16622.6,16611.3,-597.565
29.85,16075,16622.1,16610.8,-547.131
29.86,17550,16621.7,16610.4,928.302
29.87,17025,16621.3,16609.9,403.735
29.88,17625,16620.8,16609.5,1004.17
29.89,17550,16620.4,16609,929.6
29.9,17425,16620,16608.6,805.031
29.91,17350,16619.5,16608.1,730.462
29.92,17500,16619.1,16607.7,880.892
29.93,16575,16618.7,16607.2,-43.6782
29.94,17550,16618.2,16606.8,931.751
29.95,17175,16617.8,16606.3,557.18
29.96,16650,16617.4,16605.9,32.6077
29.97,16550,16617,16605.4,-66.9648
29.98,16250,16616.5,16604.9,-366.538
29.99,16400,16616.1,16604.5,-216.111
30,17100,16615.7,16604,484.315
30.01,16250,16615.3,16603.6,-365.26
30.02,15700,16614.8,16603.1,-914.835
30.03,16300,16614.4,16602.7,-314.411
30.04,16325,16614,16602.3,-288.988
30.05,16300,16613.6,16601.8,-313.565
30.06,16350,16613.1,16601.4,-263.142
30.07,15550,16612.7,16600.9,-1062.72
30.08,17050,16612.3,16600.5,437.701
30.09,16175,16611.9,16600,-436.878
30.1,16725,16611.5,16599.6,113.542
30.11,16400,16611,16599.1,-211.039
30.12,16025,16610.6,16598.7,-585.62
30.13,17200,16610.2,16598.2,589.798
30.14,17425,16609.8,16597.8,815.216
30.15,17100,16609.4,16597.3,490.633
30.16,16200,16609,16596.9,-408.95
30.17,16575,16608.5,16596.4,-33.5345
30.18,16225,16608.1,16596,-383.119
30.19,16500,16607.7,16595.5,-107.705
30.2,17825,16607.3,16595.1,1217.71
30.21,17075,16606.9,16594.7,468.123
30.22,17025,16606.5,16594.2,418.535
30.23,17350,16606.1,16593.8,743.947
30.24,15700,16605.6,16593.3,-905.641
30.25,16400,16605.2,16592.9,-205.231
30.26,17750,16604.8,16592.4,1145.18
30.27,16275,16604.4,16592,-329.411
30.28,16675,16604,16591.5,70.9976
30.29,16150,16603.6,16591.1,-453.594
30.3,16800,16603.2,16590.7,196.813
30.31,16350,16602.8,16590.2,-252.78
30.32,17000,16602.4,16589.8,397.626
30.33,16225,16602,16589.3,-376.969
30.34,16500,16601.6,16588.9,-101.564
30.35,16475,16601.2,16588.4,-126.16
30.36,17275,16600.8,16588,674.243
30.37,16875,16600.4,16587.6,274.645
30.38,16875,16600,16587.1,275.047
30.39,16550,16599.6,16586.7,-49.5517
30.4,15575,16599.2,16586.2,-1024.15
30.41,17775,16598.8,16585.8,1176.25
30.42,17650,16598.4,16585.4,1051.65
30.43,16800,16598,16584.9,202.045
30.44,16000,16597.6,16584.5,-597.557
30.45,17125,16597.2,16584,527.839
30.46,16925,16596.8,16583.6,328.235
30.47,17525,16596.4,16583.2,928.63
30.48,16175,16596,16582.7,-420.975
30.49,17200,16595.6,16582.3,604.418
30.5,17125,16595.2,16581.9,529.811
30.51,16625,16594.8,16581.4,30.2029
30.52,16625,16594.4,16581,30.594
30.53,16800,16594,16580.5,205.984
30.54,16800,16593.6,16580.1,206.374
30.55,17225,16593.2,16579.7,631.763
30.56,17625,16592.8,16579.2,1032.15
30.57,16625,16592.5,16578.8,32.5376
30.58,16925,16592.1,16578.4,332.924
30.59,17375,16591.7,16577.9,783.309
30.6,16225,16591.3,16577.5,-366.306
30.61,16275,16590.9,16577.1,-315.923
30.62,16950,16590.5,16576.6,359.46
30.63,18000,16590.2,16576.2,1409.84
30.64,16525,16589.8,16575.7,-64.777
30.65,15900,16589.4,16575.3,-689.397
30.66,16625,16589,16574.9,35.9824
30.67,17775,16588.6,16574.4,1186.36
30.68,16925,16588.3,16574,336.738
30.69,16725,16587.9,16573.6,137.114
30.7,16425,16587.5,16573.1,-162.51
30.71,16025,16587.1,16572.7,-562.135
30.72,16950,16586.8,16572.3,363.238
30.73,16050,16586.4,16571.9,-536.389
30.74,17400,16586,16571.4,813.982
30.75,16550,16585.6,16571,-35.6468
30.76,16925,16585.3,16570.6,339.723
30.77,16400,16584.9,16570.1,-184.908
30.78,16275,16584.5,16569.7,-309.541
30.79,16000,16584.2,16569.3,-584.174
30.8,15325,16583.8,16568.8,-1258.81
30.81,15875,16583.4,16568.4,-708.444
30.82,16800,16583.1,16568,216.92
30.83,16675,16582.7,16567.5,92.282
30.84,17450,16582.4,16567.1,867.643
30.85,17150,16582,16566.7,568.004
30.86,16325,16581.6,16566.3,-256.637
30.87,16950,16581.3,16565.8,368.721
30.88,16300,16580.9,16565.4,-280.922
30.89,15975,16580.6,16565,-605.566
30.9,16450,16580.2,16564.5,-130.212
30.91,16500,16579.9,16564.1,-79.8582
30.92,17525,16579.5,16563.7,945.494
30.93,16550,16579.2,16563.3,-29.1547
30.94,16100,16578.8,16562.8,-478.805
30.95,16500,16578.5,16562.4,-78.4561
30.96,15975,16578.1,16562,-603.109
30.97,15625,16577.8,16561.6,-952.762
30.98,16300,16577.4,16561.1,-277.417
30.99,14550,16577.1,16560.7,-2027.07
31,16025,16576.7,16560.3,-551.731
31.01,16250,16576.4,16559.9,-326.39
31.02,16750,16576.1,16559.4,173.95
31.03,17925,16575.7,16559,1349.29
31.04,17350,16575.4,16558.6,774.625
31.05,16475,16575,16558.2,-100.039
31.06,16275,16574.7,16557.7,-299.704
31.07,16325,16574.4,16557.3,-249.371
31.08,16525,16574,16556.9,-49.0399
31.09,17175,16573.7,16556.5,601.29
31.1,16125,16573.4,16556.1,-448.381
31.11,15500,16573.1,16555.6,-1073.05
31.12,16950,16572.7,16555.2,377.272
31.13,16325,16572.4,16554.8,-247.404
31.14,17050,16572.1,16554.4,477.919
31.15,17725,16571.8,16554,1153.24
31.16,17425,16571.4,16553.5,853.56
31.17,16625,16571.1,16553.1,53.8776
31.18,16225,16570.8,16552.7,-345.806
31.19,15875,16570.5,16552.3,-695.491
31.2,16325,16570.2,16551.9,-245.178
31.21,17025,16569.9,16551.4,455.133
31.22,16775,16569.6,16551,205.443
31.23,16775,16569.2,16550.6,205.751
31.24,15500,16568.9,16550.2,-1068.94
31.25,17200,16568.6,16549.8,631.362
31.26,17925,16568.3,16549.3,1356.66
31.27,17100,16568,16548.9,531.966
31.28,16900,16567.7,16548.5,332.265
31.29,16575,16567.4,16548.1,7.5618
31.3,16750,16567.1,16547.7,182.857
31.31,16350,16566.8,16547.3,-216.85
31.32,16400,16566.6,16546.8,-166.558
31.33,17375,16566.3,16546.4,808.731
31.34,17200,16566,16546,634.019
31.35,15725,16565.7,16545.6,-840.696
31.36,16950,16565.4,16545.2,384.587
31.37,16800,16565.1,16544.8,234.869
31.38,16625,16564.9,16544.4,60.1477
31.39,16025,16564.6,16543.9,-539.575
31.4,16675,16564.3,16543.5,110.699
31.41,15400,16564,16543.1,-1164.03
31.42,16525,16563.8,16542.7,-38.758
31.43,16875,16563.5,16542.3,311.51
31.44,17075,16563.2,16541.9,511.775
31.45,16075,16563,16541.5,-487.961
31.46,16550,16562.7,16541.1,-12.7007
31.47,16300,16562.4,16540.6,-262.442
31.48,16500,16562.2,16540.2,-62.1866
31.49,16250,16561.9,16539.8,-311.933
31.5,16500,16561.7,16539.4,-61.6827
31.51,16725,16561.4,16539,163.565
31.52,16100,16561.2,16538.6,-461.189
31.53,16925,16560.9,16538.2,364.053
31.54,16975,16560.7,16537.8,414.293
31.55,16050,16560.5,16537.4,-510.47
31.56,16625,16560.2,16537,64.7647
31.57,16050,16560,16536.5,-510.004
31.58,16525,16559.8,16536.1,-34.7756
31.59,17500,16559.6,16535.7,940.45
31.6,16200,16559.3,16535.3,-359.328
31.61,17300,16559.1,16534.9,740.891
31.62,16650,16558.9,16534.5,91.1073
31.63,16450,16558.7,16534.1,-108.68
31.64,16750,16558.5,16533.7,191.53
31.65,17350,16558.3,16533.3,791.736
31.66,16900,16558.1,16532.9,341.939
31.67,16150,16557.9,16532.5,-407.862
31.68,16050,16557.7,16532.1,-507.666
31.69,16250,16557.5,16531.7,-307.474
31.7,17350,16557.3,16531.3,792.714
31.71,17200,16557.1,16530.9,642.899
31.72,15425,16556.9,16530.5,-1131.92
31.73,15475,16556.7,16530.1,-1081.74
31.74,15775,16556.6,16529.7,-781.57
31.75,16225,16556.4,16529.2,-331.401
31.76,16625,16556.2,16528.8,68.7636
31.77,17525,16556.1,16528.4,968.924
31.78,15850,16555.9,16528,-705.919
31.79,17000,16555.8,16527.6,444.233
31.8,16575,16555.6,16527.2,19.38
31.81,16650,16555.5,16526.8,94.523
31.82,16250,16555.3,16526.4,-305.339
31.83,16950,16555.2,16526,394.795
31.84,16450,16555.1,16525.6,-105.077
31.85,17225,16555,16525.2,670.047
31.86,16300,16554.8,16524.8,-254.834
31.87,16575,16554.7,16524.4,20.2793
31.88,16925,16554.6,16524,370.387
31.89,17550,16554.5,16523.6,995.49
31.9,16275,16554.4,16523.2,-279.412
31.91,17200,16554.3,16522.8,645.679
31.92,16100,16554.2,16522.4,-454.235
31.93,16175,16554.2,16522.1,-379.155
31.94,16725,16554.1,16521.7,170.919
31.95,18175,16554,16521.3,1620.99
31.96,16925,16554,16520.9,371.048
31.97,16600,16553.9,16520.5,46.1033
31.98,16050,16553.8,16520.1,-503.848
31.99,16750,16553.8,16519.7,196.193
32,16500,16553.8,16519.3,-53.7718
32.01,17425,16553.7,16518.9,871.256
32.02,16250,16553.7,16518.5,-303.724
32.03,16725,16553.7,16518.1,171.289
32.04,15625,16553.7,16517.7,-928.705
32.05,16725,16553.7,16517.3,171.292
32.06,16950,16553.7,16516.9,396.282
32.07,15825,16553.7,16516.5,-728.736
32.08,16675,16553.8,16516.1,121.237
32.09,17700,16553.8,16515.7,1146.2
32.1,16700,16553.8,16515.3,146.157
32.11,16475,16553.9,16515,-78.8965
32.12,16425,16554,16514.6,-128.959
32.13,17150,16554,16514.2,595.969
32.14,16725,16554.1,16513.8,170.887
32.15,16625,16554.2,16513.4,70.7949
32.16,17275,16554.3,16513,720.693
32.17,17325,16554.4,16512.6,770.58
32.18,17725,16554.5,16512.2,1170.46
32.19,17450,16554.7,16511.8,895.322
32.2,17125,16554.8,16511.4,570.175
32.21,17400,16555,16511.1,845.017
32.22,17225,16555.2,16510.7,669.847
32.23,16950,16555.3,16510.3,394.665
32.24,16675,16555.5,16509.9,119.469
32.25,16900,16555.7,16509.5,344.261
32.26,16500,16556,16509.1,-55.9611
32.27,18025,16556.2,16508.7,1468.8
32.28,16050,16556.4,16508.3,-506.447
32.29,16275,16556.7,16508,-281.712
32.3,16625,16557,16507.6,68.0077
32.31,17600,16557.3,16507.2,1042.71
32.32,15650,16557.6,16506.8,-907.6
32.33,17150,16557.9,16506.4,592.071
32.34,15775,16558.3,16506,-783.275
32.35,16900,16558.6,16505.7,341.362
32.36,16625,16559,16505.3,65.9805
32.37,18300,16559.4,16504.9,1740.58
32.38,16250,16559.8,16504.5,-309.84
32.39,16275,16560.3,16504.1,-285.279
32.4,16325,16560.7,16503.7,-235.74
32.41,17075,16561.2,16503.4,513.779
32.42,15725,16561.7,16503,-836.725
32.43,15800,16562.3,16502.6,-762.252
32.44,17050,16562.8,16502.2,487.198
32.45,16950,16563.4,16501.8,386.624
32.46,16800,16564,16501.5,236.025
32.47,16925,16564.6,16501.1,360.399
32.48,17325,16565.3,16500.7,759.747
32.49,15875,16565.9,16500.3,-690.933
32.5,15450,16566.6,16499.9,-1116.64
32.51,16300,16567.4,16499.6,-267.381
32.52,17225,16568.2,16499.2,656.849
32.53,16675,16569,16498.8,106.047
32.54,17650,16569.8,16498.4,1080.21
32.55,16975,16570.7,16498.1,404.342
32.56,16300,16571.6,16497.7,-271.563
32.57,15425,16572.5,16497.3,-1147.51
32.58,16550,16573.5,16496.9,-23.4865
32.59,15375,16574.5,16496.5,-1199.51
32.6,17025,16575.6,16496.2,449.43
32.61,18250,16576.7,16495.8,1673.32
32.62,16475,16577.8,16495.4,-102.826
32.63,16700,16579,16495,120.976
32.64,16350,16580.3,16494.7,-230.27
32.65,16425,16581.6,16494.3,-156.567
32.66,16875,16582.9,16493.9,292.084
32.67,16900,16584.3,16493.6,315.679
32.68,17700,16585.8,16493.2,1114.22
32.69,16525,16587.3,16492.8,-62.3064
32.7,16200,16588.9,16492.4,-388.892
32.71,16550,16590.5,16492.1,-40.5435
32.72,16300,16592.3,16491.7,-292.264
32.73,16200,16594.1,16491.3,-394.058
32.74,16450,16595.9,16491,-145.927
32.75,17400,16597.9,16490.6,802.122
32.76,17750,16599.9,16490.2,1150.09
32.77,17000,16602,16489.8,397.959
32.78,15550,16604.3,16489.5,-1054.26
32.79,16475,16606.6,16489.1,-131.589
32.8,15575,16609,16488.7,-1034.03
32.81,16900,16611.6,16488.4,288.42
32.82,16800,16614.3,16488,185.737
32.83,16975,16617.1,16487.6,357.915
32.84,17350,16620.1,16487.3,729.94
32.85,17450,16623.2,16486.9,826.797
32.86,16075,16626.5,16486.5,-551.53
32.87,16675,16630.1,16486.2,44.9375
32.88,16975,16633.8,16485.8,341.176
32.89,16150,16637.8,16485.4,-487.844
32.9,17025,16642.2,16485.1,382.848
32.91,16000,16646.8,16484.7,-646.79
32.92,17050,16651.8,16484.3,398.197
32.93,16225,16657.2,16484,-432.24
32.94,17300,16663.2,16483.6,636.835
32.95,16900,16669.6,16483.3,230.352
32.96,16700,16676.8,16482.9,23.2297
32.97,16875,16684.6,16482.5,190.37
32.98,16425,16693.3,16482.2,-268.337
32.99,17650,16703,16481.8,946.986
33,17125,16713.8,16481.4,411.194
33.01,17200,16725.9,16481.1,474.122
33.02,16975,16739.4,16480.7,235.586
33.03,16725,16754.6,16480.4,-29.6203
33.04,16050,16771.7,16480,-721.742
33.05,16700,16791,16479.6,-91.0317
33.06,17550,16812.8,16479.3,737.217
33.07,17400,16837.3,16478.9,562.683
33.08,17025,16865,16478.6,160.013
33.09,16800,16896.2,16478.2,-96.1788
33.1,17225,16931.3,16477.8,293.691
33.11,16950,16970.8,16477.5,-20.8272
33.12,16325,17015.2,16477.1,-690.215
33.13,16550,17065,16476.8,-514.982
33.14,15825,17120.7,16476.4,-1295.67
33.15,16350,17182.8,16476.1,-832.829
33.16,16425,17252.1,16475.7,-827.051
33.17,16400,17328.9,16475.3,-928.926
33.18,17225,17414.1,16475,-189.056
33.19,17150,17508,16474.6,-358.043
33.2,16000,17611.5,16474.3,-1611.48
33.21,17875,17724.9,16473.9,150.057
33.22,17425,17849,16473.6,-423.977
33.23,16925,17984.1,16473.2,-1059.06
33.24,16875,18130.7,16472.9,-1255.7
33.25,16725,18289.3,16472.5,-1564.29
33.26,16850,18460.1,16472.2,-1610.08
33.27,16750,18643.3,16471.8,-1893.28
33.28,16050,18839.1,16471.5,-2789.11
33.29,16350,19047.5,16471.1,-2697.46
33.3,16900,19268.2,16470.8,-2368.23
33.31,16325,19501.1,16470.4,-3176.09
33.32,17525,19745.8,16470.1,-2220.76
33.33,17175,20001.5,16469.7,-2826.49
33.34,16775,20267.5,16469.4,-3492.54
33.35,16600,20543.1,16469,-3943.09
33.36,17550,20826.9,16468.7,-3276.88
33.37,17175,21117.6,16468.3,-3942.6
33.38,17800,21413.9,16468,-3613.9
33.39,17900,21714,16467.6,-3813.95
33.4,18800,22015.9,16467.3,-3215.89
33.41,19125,22317.8,16466.9,-3192.82
33.42,18575,22617.3,16466.6,-4042.35
33.43,18600,22912.3,16466.2,-4312.25
33.44,18500,23200,16465.9,-4700
33.45,18575,23478,16465.5,-4903.02
33.46,19125,23743.5,16465.2,-4618.53
33.47,19775,23993.9,16464.8,-4218.94
33.48,19175,24226.5,16464.5,-5051.53
33.49,20725,24438.7,16464.2,-3713.68
33.5,21375,24627.9,16463.8,-3252.93
33.51,20550,24792,16463.5,-4241.98
33.52,21350,24928.8,16463.1,-3578.85
33.53,22150,25036.8,16462.8,-2886.84
33.54,22200,25114.6,16462.4,-2914.65
33.55,22300,25161.4,16462.1,-2861.36
33.56,23825,25176.5,16461.8,-1351.48
33.57,22650,25159.9,16461.4,-2509.95
33.58,23875,25112.1,16461.1,-1237.09
33.59,23050,25033.6,16460.7,-1983.63
33.6,23850,24925.7,16460.4,-1075.66
33.61,23625,24789.6,16460.1,-1164.57
33.62,23925,24627,16459.7,-702.017
33.63,21700,24440,16459.4,-2740.03
33.64,23625,24230.8,16459,-605.785
33.65,22300,24001.5,16458.7,-1701.5
33.66,23100,23754.6,16458.4,-654.637
33.67,20950,23492.9,16458,-2542.87
33.68,22125,23218.6,16457.7,-1093.61
33.69,20150,22934.4,16457.4,-2784.43
33.7,20800,22643,16457,-1842.98
33.71,20850,22346.5,16456.7,-1496.5
33.72,19300,22047.5,16456.3,-2747.46
33.73,19150,21748,16456,-2598.03
33.74,17750,21450.1,16455.7,-3700.11
33.75,18950,21155.7,16455.3,-2205.7
33.76,18500,20866.4,16455,-2366.44
33.77,18000,20583.8,16454.7,-2583.84
33.78,16775,20309.2,16454.3,-3534.24
33.79,18125,20043.7,16454,-1918.66
33.8,18725,19788.2,16453.7,-1063.21
33.81,16500,19543.5,16453.3,-3043.53
33.82,18400,19310.3,16453,-910.315
33.83,17200,19089,16452.7,-1889.01
33.84,18350,18879.8,16452.3,-529.832
33.85,17300,18683,16452,-1383.01
33.86,16950,18498.5,16451.7,-1548.54
33.87,17425,18326.3,16451.4,-901.34
33.88,16700,18166.2,16451,-1466.21
33.89,17075,18017.9,16450.7,-942.857
33.9,16350,17880.9,16450.4,-1530.93
33.91,17600,17755,16450,-154.993
33.92,17100,17639.6,16449.7,-539.57
33.93,18050,17534.1,16449.4,515.861
33.94,18000,17438.1,16449.1,561.85
33.95,16950,17351,16448.7,-401.031
33.96,17500,17272.2,16448.4,227.797
33.97,16600,17201.1,16448.1,-601.085
33.98,17525,17137.1,16447.7,387.9
33.99,16450,17079.7,16447.4,-629.689
34,17225,17028.3,16447.1,196.71
34.01,17425,16982.4,16446.8,442.606
34.02,16900,16941.5,16446.4,-41.4962
34.03,16325,16905.1,16446.1,-580.126
34.04,17225,16872.8,16445.8,352.159
34.05,17050,16844.2,16445.5,205.768
34.06,16475,16818.9,16445.2,-343.92
34.07,17875,16796.6,16444.8,1078.44
34.08,16600,16776.8,16444.5,-176.831
34.09,16925,16759.5,16444.2,165.543
34.1,15900,16744.2,16443.9,-844.177
34.11,16000,16730.8,16443.5,-730.766
34.12,16775,16719,16443.2,55.9734
34.13,16800,16708.8,16442.9,91.2153
34.14,17375,16699.9,16442.6,675.109
34.15,16900,16692.2,16442.3,207.78
34.16,17400,16685.7,16441.9,714.337
34.17,17950,16680.1,16441.6,1269.86
34.18,16850,16675.6,16441.3,174.427
34.19,17200,16671.9,16441,528.076
34.2,16875,16669.2,16440.7,205.847
34.21,16575,16667.2,16440.4,-92.2423
34.22,16925,16666.2,16440,258.813
34.23,17450,16666,16439.7,784.006
34.24,16800,16666.7,16439.4,133.314
34.25,16775,16668.3,16439.1,106.707
34.26,16725,16670.9,16438.8,54.1406
34.27,16700,16674.4,16438.5,25.5619
34.28,17450,16679.1,16438.1,770.908
34.29,16725,16684.9,16437.8,40.1068
34.3,17500,16691.9,16437.5,808.079
34.31,16850,16700.3,16437.2,149.736
34.32,18325,16710,16436.9,1614.98
34.33,17650,16721.3,16436.6,928.724
34.34,17450,16734.1,16436.3,715.852
34.35,16650,16748.7,16436,-98.7392
34.36,18625,16765.2,16435.6,1859.84
34.37,17425,16783.5,16435.3,641.481
34.38,18850,16803.9,16435,2046.07
34.39,17875,16826.5,16434.7,1048.51
34.4,16300,16851.3,16434.4,-551.304
34.41,18525,16878.5,16434.1,1646.53
34.42,17375,16908.1,16433.8,466.931
34.43,17500,16940.2,16433.5,559.821
34.44,17200,16974.9,16433.2,225.14
34.45,17150,17012.2,16432.9,137.843
34.46,17350,17052.1,16432.5,297.902
34.47,17500,17094.7,16432.2,405.309
34.48,17500,17139.9,16431.9,360.079
34.49,18600,17187.7,16431.6,1412.25
34.5,19075,17238.1,16431.3,1836.89
34.51,18475,17290.9,16431,1184.09
34.52,17625,17346,16430.7,278.98
34.53,18475,17403.3,16430.4,1071.71
34.54,19200,17462.5,16430.1,1737.46
34.55,18725,17523.5,16429.8,1201.46
34.56,21325,17586,16429.5,3738.95
34.57,19925,17649.8,16429.2,2275.23
34.58,20525,17714.4,16428.9,2810.62
34.59,19650,17779.5,16428.6,1870.47
34.6,20125,17844.8,16428.3,2280.17
34.61,19900,17909.9,16428,1990.13
34.62,20400,17974.2,16427.7,2425.79
34.63,20500,18037.4,16427.4,2462.65
34.64,20050,18098.8,16427.1,1951.17
34.65,18500,18158.1,16426.8,341.887
34.66,21675,18214.7,16426.5,3460.31
34.67,20425,18268,16426.2,2156.97
34.68,20450,18317.6,16425.9,2132.39
34.69,18375,18362.9,16425.6,12.0786
34.7,19150,18403.5,16425.3,746.51
34.71,18400,18438.9,16425,-38.8691
34.72,17875,18468.7,16424.7,-593.663
34.73,18400,18492.5,16424.4,-92.5324
34.74,17575,18510.2,16424.1,-935.207
34.75,18475,18521.5,16423.8,-46.4884
34.76,18200,18526.3,16423.5,-326.253
34.77,17525,18524.5,16423.2,-999.455
34.78,17300,18516.1,16422.9,-1216.13
34.79,18350,18501.4,16422.6,-151.372
34.8,17025,18480.4,16422.3,-1455.37
34.81,17325,18453.3,16422,-1128.35
34.82,17325,18420.6,16421.7,-1095.61
34.83,18200,18382.5,16421.4,-182.495
34.84,17700,18339.4,16421.1,-639.403
34.85,17775,18291.8,16420.9,-516.76
34.86,17275,18240,16420.6,-965.023
34.87,16750,18184.7,16420.3,-1434.67
34.88,16800,18126.2,16420,-1326.2
34.89,16975,18065.1,16419.7,-1090.11
34.9,17050,18001.9,16419.4,-951.899
34.91,18300,17937.1,16419.1,362.943
34.92,17700,17871.1,16418.8,-171.061
34.93,17750,17804.4,16418.5,-54.3697
34.94,17625,17737.4,16418.2,-112.416
34.95,17075,17670.6,16417.9,-595.607
34.96,15975,17604.3,16417.7,-1629.32
34.97,16125,17538.9,16417.4,-1413.9
34.98,16325,17474.7,16417.1,-1149.67
34.99,16725,17411.9,16416.8,-686.892
35,18325,17350.8,16416.5,974.174
35.01,17750,17291.7,16416.2,458.32
35.02,16850,17234.6,16415.9,-384.637
35.03,17550,17179.8,16415.7,370.156
35.04,16975,17127.4,16415.4,-152.417
35.05,17625,17077.4,16415.1,547.553
35.06,16625,17030,16414.8,-404.993
35.07,17150,16985.1,16414.5,164.91
35.08,16075,16942.7,16414.2,-867.749
35.09,17000,16903,16413.9,97.0405
35.1,16600,16865.7,16413.7,-265.691
35.11,16625,16830.9,16413.4,-205.895
35.12,16850,16798.5,16413.1,51.4902
35.13,17100,16768.5,16412.8,331.542
35.14,17075,16740.7,16412.5,334.348
35.15,16850,16715,16412.3,135.003
35.16,17300,16691.4,16412,608.611
35.17,16750,16669.7,16411.7,80.2783
35.18,17300,16649.9,16411.4,650.117
35.19,17275,16631.8,16411.1,643.241
35.2,16875,16615.2,16410.9,259.761
35.21,16125,16600.2,16410.6,-475.208
35.22,16225,16586.6,16410.3,-361.557
35.23,16600,16574.2,16410,25.8212
35.24,16475,16563,16409.7,-87.9694
35.25,18125,16552.8,16409.5,1572.17
35.26,17075,16543.7,16409.2,531.335
35.27,17300,16535.4,16408.9,764.614
35.28,16200,16527.9,16408.6,-327.908
35.29,16700,16521.2,16408.4,178.845
35.3,17000,16515.1,16408.1,484.947
35.31,16650,16509.5,16407.8,140.465
35.32,16875,16504.5,16407.5,370.461
35.33,16325,16500,16407.3,-175.01
35.34,16550,16495.9,16407,54.1051
35.35,15750,16492.1,16406.7,-742.149
35.36,16075,16488.7,16406.5,-413.729
35.37,16000,16485.6,16406.2,-485.599
35.38,16125,16482.7,16405.9,-357.725
35.39,17025,16480.1,16405.6,544.924
35.4,16900,16477.6,16405.4,422.374
35.41,17200,16475.4,16405.1,724.648
35.42,16900,16473.2,16404.8,426.767
35.43,18175,16471.3,16404.6,1703.75
35.44,16850,16469.4,16404.3,380.61
35.45,17350,16467.6,16404,882.364
35.46,16175,16466,16403.8,-290.977
35.47,16475,16464.4,16403.5,10.5981
35.48,16875,16462.9,16403.2,412.098
35.49,15875,16461.5,16403,-586.47
35.5,16575,16460.1,16402.7,114.903
35.51,15850,16458.8,16402.4,-608.779
35.52,16725,16457.5,16402.2,267.489
35.53,17375,16456.3,16401.9,918.713
35.54,17000,16455.1,16401.6,544.897
35.55,17075,16454,16401.4,621.043
35.56,15150,16452.8,16401.1,-1302.85
35.57,17075,16451.8,16400.8,623.234
35.58,16300,16450.7,16400.6,-150.717
35.59,17550,16449.7,16400.3,1100.31
35.6,16950,16448.7,16400,501.301
35.61,17200,16447.7,16399.8,752.273
35.62,16225,16446.8,16399.5,-221.778
35.63,16600,16445.9,16399.3,154.148
35.64,16225,16444.9,16399,-219.946
35.65,17100,16444.1,16398.7,655.941
35.66,16900,16443.2,16398.5,456.808
35.67,15675,16442.3,16398.2,-767.343
35.68,16425,16441.5,16398,-16.5104
35.69,16975,16440.7,16397.7,534.305
35.7,16500,16439.9,16397.4,60.1049
35.71,15975,16439.1,16397.2,-464.111
35.72,16875,16438.3,16396.9,436.659
35.73,17350,16437.6,16396.7,912.415
35.74,16175,16436.8,16396.4,-261.843
35.75,17625,16436.1,16396.1,1188.89
35.76,16900,16435.4,16395.9,464.602
35.77,16300,16434.7,16395.6,-134.695
35.78,16350,16434,16395.4,-84.0027
35.79,16800,16433.3,16395.1,366.678
35.8,17225,16432.7,16394.9,792.347
35.81,16025,16432,16394.6,-406.994
35.82,16500,16431.3,16394.4,68.6536
35.83,17600,16430.7,16394.1,1169.29
35.84,17025,16430.1,16393.9,594.92
35.85,17100,16429.5,16393.6,670.538
35.86,17000,16428.9,16393.3,571.148
35.87,16525,16428.3,16393.1,96.7483
35.88,16225,16427.7,16392.8,-202.66
35.89,16100,16427.1,16392.6,-327.077
35.9,16950,16426.5,16392.3,523.499
35.91,16875,16425.9,16392.1,449.066
35.92,15625,16425.4,16391.8,-800.375
35.93,16600,16424.8,16391.6,175.177
35.94,16850,16424.3,16391.3,425.721
35.95,16900,16423.7,16391.1,476.259
35.96,16425,16423.2,16390.8,1.78921
35.97,17325,16422.7,16390.6,902.313
35.98,16225,16422.2,16390.4,-197.17
35.99,16075,16421.7,16390.1,-346.659
36,15975,16421.2,16389.9,-446.155
36.01,15725,16420.7,16389.6,-695.657
36.02,16450,16420.2,16389.4,29.8355
36.03,15775,16419.7,16389.1,-644.678
36.04,16325,16419.2,16388.9,-94.1972
36.05,16600,16418.7,16388.6,181.278
36.06,15850,16418.3,16388.4,-568.252
36.07,16800,16417.8,16388.1,382.213
36.08,17150,16417.3,16387.9,732.672
36.09,15900,16416.9,16387.7,-516.874
36.1,16425,16416.4,16387.4,8.57589
36.11,15975,16416,16387.2,-440.979
36.12,16700,16415.5,16386.9,284.461
36.13,17050,16415.1,16386.7,634.896
36.14,17100,16414.7,16386.4,685.327
36.15,16850,16414.2,16386.2,435.753
36.16,18125,16413.8,16386,1711.18
36.17,15600,16413.4,16385.7,-813.407
36.18,16225,16413,16385.5,-187.993
36.19,16675,16412.6,16385.3,262.417
36.2,16450,16412.2,16385,37.8223
36.21,16300,16411.2,16384.8,-111.204
36.22,17275,16410.8,16384.5,864.193
36.23,15700,16410.4,16384.3,-710.414
36.24,17700,16410,16384.1,1289.98
36.25,16475,16409.6,16383.8,65.3618
36.26,15775,16409.3,16383.6,-634.256
36.27,16950,16408.6,16383.4,541.409
36.28,16250,16408.2,16383.1,-158.216
36.29,17100,16407.8,16382.9,692.156
36.3,17000,16407.5,16382.7,592.525
36.31,16050,16407.1,16382.4,-357.11
36.32,16350,16406.7,16382.2,-56.7481
36.33,16675,16406.4,16382,268.611
36.34,17125,16406,16381.7,718.967
36.35,17225,16405.7,16381.5,819.32
36.36,16725,16405.3,16381.3,319.67
36.37,16900,16405,16381,495.016
36.38,17425,16404.6,16380.8,1020.36
36.39,17100,16404.3,16380.6,695.702
36.4,15400,16404,16380.3,-1003.96
36.41,16350,16403.6,16380.1,-53.624
36.42,16775,16403.3,16379.9,371.709
36.43,17500,16403,16379.6,1097.04
36.44,16425,16402.6,16379.4,22.3671
36.45,16425,16402.3,16379.2,22.6923
36.46,15600,16402,16379,-801.985
36.47,17150,16401.7,16378.7,748.335
36.48,16700,16401.3,16378.5,298.653
36.49,16875,16401,16378.3,473.968
36.5,18000,16400.7,16378,1599.28
36.51,16975,16400.4,16377.8,574.591
36.52,16525,16400.1,16377.6,124.899
36.53,15475,16399.8,16377.4,-924.796
36.54,16050,16399.5,16377.1,-349.492
36.55,17275,16399.2,16376.9,875.809
36.56,16300,16398.9,16376.7,-98.8922
36.57,15550,16398.6,16376.5,-848.596
36.58,15825,16398.3,16376.3,-573.301
36.59,16200,16398,16376,-198.009
36.6,16725,16397.7,16375.8,327.282
36.61,16450,16397.4,16375.6,52.5696
36.62,15225,16397.1,16375.4,-1172.14
36.63,15900,16396.9,16375.1,-496.86
36.64,16150,16396.6,16374.9,-246.579
36.65,16325,16396.3,16374.7,-71.2987
36.66,16000,16396,16374.5,-396.021
36.67,17075,16395.7,16374.3,679.255
36.68,16500,16395.5,16374,104.529
36.69,16000,16395.2,16373.8,-395.199
36.7,15275,16394.9,16373.6,-1119.93
36.71,16325,16394.7,16373.4,-69.6609
36.72,15500,16394.4,16373.2,-894.395
36.73,15725,16394.1,16373,-669.13
36.74,16950,16393.9,16372.7,556.132
36.75,16700,16393.6,16372.5,306.393
36.76,16875,16393.3,16372.3,481.652
36.77,16425,16393.1,16372.1,31.9089
36.78,16075,16392.8,16371.9,-317.836
36.79,17400,16392.6,16371.7,1007.42
36.8,16675,16392.3,16371.5,282.669
36.81,16075,16392.1,16371.2,-317.081
36.82,16500,16391.8,16371,108.167
36.83,16525,16391.6,16370.8,133.414
36.84,16725,16391.3,16370.6,333.659
36.85,16250,16391.1,16370.4,-141.098
36.86,16650,16390.9,16370.2,259.143
36.87,16200,16390.6,16370,-190.617
36.88,17525,16390.4,16369.8,1134.62
36.89,15600,16390.1,16369.5,-790.143
36.9,16650,16389.9,16369.3,260.092
36.91,15900,16389.7,16369.1,-489.675
36.92,16500,16389.4,16368.9,110.556
36.93,18575,16389.2,16368.7,2185.79
36.94,16225,16389,16368.5,-163.986
36.95,17000,16388.8,16368.3,611.241
36.96,16450,16388.5,16368.1,61.4656
36.97,17175,16388.3,16367.9,786.689
36.98,15350,16388.1,16367.7,-1038.09
36.99,16450,16387.9,16367.5,62.1309
37,16775,16387.7,16367.3,387.349
37.01,16050,16387.4,16367.1,-337.434
37.02,17050,16387.2,16366.9,662.782
37.03,17325,16387,16366.6,937.996
37.04,16100,16386.8,16366.4,-286.792
37.05,17425,16386.6,16366.2,1038.42
37.06,17225,16386.4,16366,838.628
37.07,16850,16386.2,16365.8,463.836
37.08,15825,16386,16365.6,-560.958
37.09,15850,16385.8,16365.4,-535.753
37.1,16575,16385.5,16365.2,189.45
37.11,15425,16385.3,16365,-960.348
37.12,16950,16385.1,16364.8,564.852
37.13,16550,16384.9,16364.6,165.05
37.14,16500,16384.8,16364.4,115.247
37.15,16725,16384.6,16364.2,340.443
37.16,16800,16384.4,16364,415.637
37.17,16425,16384.2,16363.8,40.8296
37.18,16300,16384,16363.6,-83.9794
37.19,17600,16383.8,16363.4,1216.21
37.2,17375,16383.6,16363.2,991.398
37.21,16250,16383.4,16363,-133.415
37.22,17200,16383.2,16362.8,816.77
37.23,15550,16383,16362.6,-833.047
37.24,16025,16382.9,16362.4,-357.865
37.25,17975,16382.7,16362.3,1592.32
37.26,17125,16382.5,16362.1,742.495
37.27,17300,16382.3,16361.9,917.673
37.28,14775,16382.2,16361.7,-1607.15
37.29,16350,16382,16361.5,-31.9768
37.3,15875,16381.8,16361.3,-506.804
37.31,15575,16381.6,16361.1,-806.632
37.32,16775,16381.5,16360.9,393.538
37.33,16875,16381.3,16360.7,493.706
37.34,16725,16381.1,16360.5,343.873
37.35,16350,16381,16360.3,-30.961
37.36,15725,16380.8,16360.1,-655.797
37.37,16175,16380.6,16359.9,-205.634
37.38,16775,16380.5,16359.8,394.527
37.39,16275,16380.3,16359.6,-105.314
37.4,16900,16380.2,16359.4,519.844
37.41,16475,16380,16359.2,95.0004
37.42,16875,16379.8,16359,495.155
37.43,17000,16379.7,16358.8,620.309
37.44,16900,16379.5,16358.6,520.461
37.45,15825,16379.4,16358.4,-554.389
37.46,17225,16379.2,16358.2,845.76
37.47,16050,16379.1,16358.1,-329.093
37.48,16525,16378.9,16357.9,146.052
37.49,14975,16378.8,16357.7,-1403.8
37.5,15200,16378.7,16357.5,-1178.66
37.51,16775,16378.5,16357.3,396.48
37.52,16650,16378.4,16357.1,271.619
37.53,17050,16378.2,16356.9,671.757
37.54,16725,16378.1,16356.8,346.893
37.55,16200,16378,16356.6,-177.972
37.56,16225,16377.8,16356.4,-152.839
37.57,17650,16377.7,16356.2,1272.29
37.58,16950,16377.6,16356,572.422
37.59,17900,16377.4,16355.9,1522.55
37.6,17375,16377.3,16355.7,997.676
37.61,16850,16377.2,16355.5,472.801
37.62,15900,16377.1,16355.3,-477.076
37.63,16900,16377,16355.1,523.046
37.64,16050,16376.8,16355,-326.834
37.65,16325,16376.7,16354.8,-51.716
37.66,15975,16376.6,16354.6,-401.6
37.67,16225,16376.5,16354.4,-151.485
37.68,16175,16376.4,16354.2,-201.372
37.69,16475,16376.3,16354.1,98.7396
37.7,17450,16376.2,16353.9,1073.85
37.71,17000,16376,16353.7,623.957
37.72,16350,16375.9,16353.5,-25.9369
37.73,16550,16375.8,16353.4,174.167
37.74,16600,16375.7,16353.2,224.27
37.75,16575,16375.6,16353,199.371
37.76,16750,16375.5,16352.8,374.47
37.77,17350,16375.4,16352.7,974.567
37.78,16750,16375.3,16352.5,374.662
37.79,17500,16375.2,16352.3,1124.76
37.8,17425,16375.2,16352.1,1049.85
37.81,15825,16375.1,16352,-550.063
37.82,16725,16375,16351.8,350.025
37.83,15825,16374.9,16351.6,-549.889
37.84,16350,16374.8,16351.5,-24.8054
37.85,16400,16374.7,16351.3,25.2766
37.86,17225,16374.6,16351.1,850.357
37.87,17300,16374.6,16350.9,925.435
37.88,16700,16374.5,16350.8,325.511
37.89,16250,16374.4,16350.6,-124.415
37.9,16775,16374.3,16350.4,400.657
37.91,15850,16374.3,16350.3,-524.273
37.92,16800,16374.2,16350.1,425.795
37.93,16475,16374.1,16349.9,100.861
37.94,16400,16374.1,16349.8,25.9249
37.95,17825,16374,16349.6,1450.99
37.96,16400,16374,16349.4,26.0461
37.97,16150,16373.9,16349.3,-223.897
37.98,16725,16373.8,16349.1,351.159
37.99,16225,16373.8,16348.9,-148.788
38,15875,16373.7,16348.8,-498.738
38.01,15600,16373.7,16348.6,-773.689
38.02,16025,16373.6,16348.4,-348.643
38.03,16025,16373.6,16348.3,-348.599
38.04,17775,16373.6,16348.1,1401.44
38.05,16425,16373.5,16348,51.4816
38.06,16575,16373.5,16347.8,201.518
38.07,17025,16373.4,16347.6,651.553
38.08,16875,16373.4,16347.5,501.585
38.09,15725,16373.4,16347.3,-648.386
38.1,16700,16373.4,16347.1,326.641
38.11,15775,16373.3,16347,-598.334
38.12,16900,16373.3,16346.8,526.688
38.13,16200,16373.3,16346.7,-173.293
38.14,16475,16373.3,16346.5,101.724
38.15,16875,16373.3,16346.3,501.738
38.16,16350,16373.3,16346.2,-23.2508
38.17,17125,16373.2,16346,751.758
38.18,16250,16373.2,16345.9,-123.236
38.19,16750,16373.2,16345.7,376.767
38.2,15550,16373.2,16345.6,-823.233
38.21,16800,16373.2,16345.4,426.765
38.22,17175,16373.2,16345.3,801.759
38.23,16500,16373.2,16345.1,126.751
38.24,15850,16373.3,16344.9,-523.261
38.25,14925,16373.3,16344.8,-1448.28
38.26,16500,16373.3,16344.6,126.707
38.27,16775,16373.3,16344.5,401.687
38.28,16025,16373.3,16344.3,-348.337
38.29,16550,16373.4,16344.2,176.636
38.3,16300,16373.4,16344,-73.394
38.31,16775,16373.4,16343.9,401.572
38.32,16900,16373.5,16343.7,526.536
38.33,16700,16373.5,16343.6,326.496
38.34,16625,16373.5,16343.4,251.452
38.35,16925,16373.6,16343.3,551.405
38.36,16800,16373.6,16343.1,426.354
38.37,16475,16373.7,16343,101.3
38.38,16975,16373.8,16342.8,601.242
38.39,16975,16373.8,16342.7,601.18
38.4,16975,16373.9,16342.5,601.115
38.41,16475,16374,16342.4,101.046
38.42,16675,16374,16342.2,300.973
38.43,16625,16374.1,16342.1,250.896
38.44,17100,16374.2,16341.9,725.815
38.45,16275,16374.3,16341.8,-99.2706
38.46,17200,16374.4,16341.6,825.64
38.47,16475,16374.5,16341.5,100.547
38.48,16650,16374.6,16341.4,275.449
38.49,17850,16374.7,16341.2,1475.35
38.5,16575,16374.8,16341.1,200.24
38.51,16925,16374.9,16340.9,550.129
38.52,17150,16375,16340.8,775.013
38.53,15875,16375.1,16340.6,-500.107
38.54,16850,16375.2,16340.5,474.767
38.55,16250,16375.4,16340.3,-125.363
38.56,16650,16375.5,16340.2,274.502
38.57,16675,16375.6,16340.1,299.362
38.58,17125,16375.8,16339.9,749.217
38.59,15850,16375.9,16339.8,-525.933
38.6,16175,16376.1,16339.6,-201.089
38.61,16700,16376.2,16339.5,323.75
38.62,17550,16376.4,16339.4,1173.58
38.63,17125,16376.6,16339.2,748.412
38.64,16350,16376.8,16339.1,-26.7662
38.65,15575,16376.9,16339,-801.95
38.66,16400,16377.1,16338.8,22.8604
38.67,16975,16377.3,16338.7,597.665
38.68,16850,16377.5,16338.5,472.463
38.69,16025,16377.7,16338.4,-352.745
38.7,16125,16378,16338.3,-252.96
38.71,16325,16378.2,16338.1,-53.1814
38.72,16100,16378.4,16338,-278.409
38.73,17850,16378.6,16337.9,1471.36
38.74,16600,16378.9,16337.7,221.114
38.75,17400,16379.1,16337.6,1020.87
38.76,18125,16379.4,16337.5,1745.61
38.77,16575,16379.7,16337.3,195.345
38.78,16050,16379.9,16337.2,-329.926
38.79,16550,16380.2,16337.1,169.795
38.8,15800,16380.5,16336.9,-580.492
38.81,16125,16380.8,16336.8,-255.787
38.82,17150,16381.1,16336.7,768.91
38.83,16675,16381.4,16336.5,293.598
38.84,17125,16381.7,16336.4,743.278
38.85,15875,16382.1,16336.3,-507.052
38.86,16350,16382.4,16336.1,-32.3899
38.87,16325,16382.7,16336,-57.7375
38.88,17850,16383.1,16335.9,1466.91
38.89,16650,16383.5,16335.8,266.539
38.9,16775,16383.8,16335.6,391.162
38.91,16800,16384.2,16335.5,415.775
38.92,16550,16384.6,16335.4,165.378
38.93,18675,16385,16335.3,2289.97
38.94,17475,16385.4,16335.1,1089.55
38.95,17400,16385.9,16335,1014.12
38.96,17025,16386.3,16334.9,638.68
38.97,18000,16386.8,16334.7,1613.23
38.98,16550,16387.2,16334.6,162.761
38.99,17100,16387.7,16334.5,712.283
39,17125,16388.2,16334.4,736.793
39.01,17300,16388.7,16334.3,911.29
39.02,16300,16389.2,16334.1,-89.2265
39.03,16850,16389.8,16334,460.243
39.04,17925,16390.3,16333.9,1534.7
39.05,17425,16390.9,16333.8,1034.14
39.06,15850,16391.4,16333.6,-541.433
39.07,16975,16392,16333.5,582.979
39.08,16700,16392.6,16333.4,307.375
39.09,16200,16393.2,16333.3,-193.245
39.1,16000,16393.9,16333.2,-393.881
39.11,16350,16394.5,16333,-44.5348
39.12,16300,16395.2,16332.9,-95.2054
39.13,15975,16395.9,16332.8,-420.894
39.14,15975,16396.6,16332.7,-421.601
39.15,16000,16397.3,16332.6,-397.327
39.16,16175,16398.1,16332.5,-223.072
39.17,17075,16398.8,16332.3,676.163
39.18,16550,16399.6,16332.2,150.377
39.19,16975,16400.4,16332.1,574.57
39.2,16975,16401.3,16332,573.742
39.21,16900,16402.1,16331.9,497.89
39.22,15450,16403,16331.8,-952.984
39.23,16100,16403.9,16331.6,-303.883
39.24,15325,16404.8,16331.5,-1079.81
39.25,16075,16405.8,16331.4,-330.755
39.26,17875,16406.7,16331.3,1468.27
39.27,17025,16407.7,16331.2,617.267
39.28,16425,16408.8,16331.1,16.2366
39.29,16800,16409.8,16331,390.177
39.3,17275,16410.9,16330.9,864.086
39.31,17025,16412,16330.7,612.964
39.32,17100,16413.2,16330.6,686.81
39.33,15425,16414.4,16330.5,-989.379
39.34,16125,16415.6,16330.4,-290.603
39.35,15650,16416.9,16330.3,-766.865
39.36,16325,16418.2,16330.2,-93.1645
39.37,15825,16419.5,16330.1,-594.505
39.38,17050,16420.9,16330,629.112
39.39,17000,16422.3,16329.9,577.685
39.4,17500,16423.8,16329.8,1076.21
39.41,17375,16425.3,16329.6,949.686
39.42,17900,16426.9,16329.5,1473.11
39.43,16425,16428.5,16329.4,-3.52419
39.44,17100,16430.2,16329.3,669.783
39.45,16075,16432,16329.2,-356.973
39.46,16775,16433.8,16329.1,341.203
39.47,17050,16435.7,16329,614.305
39.48,17200,16437.7,16328.9,762.328
39.49,16650,16439.7,16328.8,210.265
39.5,16425,16441.9,16328.7,-16.8902
39.51,16450,16444.1,16328.6,5.85331
39.52,16925,16446.5,16328.5,478.487
39.53,17425,16449,16328.4,975.999
39.54,15750,16451.6,16328.3,-701.621
39.55,16475,16454.4,16328.2,20.614
39.56,15900,16457.3,16328.1,-557.312
39.57,15625,16460.4,16328,-835.415
39.58,16400,16463.7,16327.9,-63.7131
39.59,17600,16467.2,16327.8,1132.77
39.6,16600,16471,16327.7,129.016
39.61,15700,16475,16327.6,-775.005
39.62,15750,16479.3,16327.5,-729.323
39.63,17775,16484,16327.4,1291.03
39.64,17525,16489,16327.3,1036.02
39.65,16025,16494.4,16327.2,-469.393
39.66,15900,16500.3,16327.1,-600.256
39.67,16350,16506.6,16327,-156.618
39.68,17575,16513.5,16326.9,1061.47
39.69,16050,16521.1,16326.8,-471.058
39.7,17525,16529.3,16326.7,995.739
39.71,16075,16538.2,16326.6,-463.212
39.72,15900,16548,16326.5,-647.989
39.73,15875,16558.7,16326.4,-683.676
39.74,17100,16570.4,16326.3,529.635
39.75,16025,16583.2,16326.2,-558.156
39.76,15725,16597.2,16326.1,-872.155
39.77,17800,16612.5,16326.1,1187.52
39.78,18250,16629.2,16326,1620.76
39.79,16675,16647.6,16325.9,27.4135
39.8,16925,16667.6,16325.8,257.354
39.81,15575,16689.6,16325.7,-1114.57
39.82,16575,16713.5,16325.6,-138.511
39.83,17125,16739.6,16325.5,385.364
39.84,16125,16768.1,16325.4,-643.116
39.85,17750,16799.1,16325.3,950.87
39.86,16850,16832.9,16325.2,17.1369
39.87,17225,16869.5,16325.1,355.493
39.88,16300,16909.3,16325.1,-609.26
39.89,16850,16952.3,16325,-102.323
39.9,17425,16998.9,16324.9,426.1
39.91,17325,17049.2,16324.8,275.802
39.92,16750,17103.4,16324.7,-353.426
39.93,17575,17161.8,16324.6,413.211
39.94,18050,17224.5,16324.5,825.508
39.95,17450,17291.7,16324.4,158.265
39.96,17075,17363.7,16324.4,-288.71
39.97,17325,17440.6,16324.3,-115.603
39.98,16450,17522.6,16324.2,-1072.59
39.99,18400,17609.8,16324.1,790.174
40,17575,17702.5,16324,-127.462
40.01,17875,17800.6,16323.9,74.375
40.02,18350,17904.4,16323.9,445.579
40.03,18075,18013.9,16323.8,61.0649
40.04,17450,18129.2,16323.7,-679.226
40.05,17300,18250.3,16323.6,-950.323
40.06,17600,18377.2,16323.5,-777.228
40.07,17925,18509.9,16323.4,-584.907
40.08,18125,18648.3,16323.4,-523.293
40.09,16800,18792.3,16323.3,-1992.28
40.1,18425,18941.7,16323.2,-516.724
40.11,18325,19096.4,16323.1,-771.439
40.12,17650,19256.2,16323,-1606.2
40.13,17500,19420.7,16323,-1920.72
40.14,19050,19589.7,16322.9,-539.704
40.15,19175,19762.8,16322.8,-587.772
40.16,18750,19939.5,16322.7,-1189.52
40.17,18275,20119.5,16322.7,-1844.49
40.18,18125,20302.2,16322.6,-2177.17
40.19,19925,20487,16322.5,-562.018
40.2,19650,20673.4,16322.4,-1023.43
40.21,19375,20860.8,16322.4,-1485.77
40.22,21625,21048.4,16322.3,576.65
40.23,21500,21235.4,16322.2,264.563
40.24,21625,21421.3,16322.1,203.736
40.25,21400,21605,16322.1,-205.028
40.26,21050,21785.9,16322,-735.89
40.27,22800,21963,16321.9,837.015
40.28,23825,22135.4,16321.8,1689.58
40.29,22500,22302.3,16321.8,197.7
40.3,23625,22462.7,16321.7,1162.3
40.31,23250,22615.7,16321.6,634.295
40.32,24525,22760.4,16321.5,1764.59
40.33,23250,22895.9,16321.5,354.073
40.34,22675,23021.4,16321.4,-346.397
40.35,23025,23136,16321.3,-111.007
40.36,22250,23239,16321.3,-988.994
40.37,21350,23329.7,16321.2,-1979.66
40.38,20775,23407.4,16321.1,-2632.4
40.39,21450,23471.7,16321.1,-2021.66
40.4,21825,23522,16321,-1697.02
40.41,20750,23558.1,16320.9,-2808.14
40.42,21350,23579.8,16320.9,-2229.78
40.43,20925,23586.8,16320.8,-2661.82
40.44,20600,23579.2,16320.7,-2979.24
40.45,19250,23557.1,16320.7,-4307.14
40.46,20075,23520.7,16320.6,-3445.7
40.47,17050,23470.2,16320.5,-6420.21
40.48,18775,23406.1,16320.5,-4631.06
40.49,17975,23328.7,16320.4,-5353.72
40.5,17550,23238.7,16320.3,-5688.72
40.51,17725,23136.7,16320.3,-5411.7
40.52,18025,23023.3,16320.2,-4998.33
40.53,18325,22899.3,16320.1,-4574.34
40.54,17900,22765.5,16320.1,-4865.53
40.55,17800,22622.7,16320,-4822.7
40.56,18125,22471.7,16320,-4346.71
40.57,18625,22313.4,16319.9,-3688.43
40.58,17650,22148.7,16319.8,-4498.72
40.59,18300,21978.5,16319.8,-3678.48
40.6,16400,21803.6,16319.7,-5403.57
40.61,16600,21624.9,16319.6,-5024.86
40.62,17200,21443.2,16319.6,-4243.19
40.63,17550,21259.4,16319.5,-3709.37
40.64,17150,21074.2,16319.5,-3924.21
40.65,17125,20888.5,16319.4,-3763.45
40.66,17950,20702.8,16319.4,-2752.82
40.67,17375,20518,16319.3,-3143
40.68,16875,20334.6,16319.2,-3459.62
40.69,17750,20153.3,16319.2,-2403.27
40.7,17300,19974.5,16319.1,-2674.51
40.71,17575,19798.8,16319.1,-2223.84
40.72,17175,19626.7,16319,-2451.71
40.73,16650,19458.5,16319,-2808.53
40.74,16275,19294.7,16318.9,-3019.68
40.75,17100,19135.5,16318.8,-2035.46
40.76,18300,18981.1,16318.8,-681.148
40.77,16525,18832,16318.7,-2306.98
40.78,16750,18688.1,16318.7,-1938.14
40.79,16525,18549.8,16318.6,-2024.78
40.8,16775,18417,16318.6,-1642
40.81,16750,18289.9,16318.5,-1539.88
40.82,16500,18168.5,16318.5,-1668.46
40.83,16600,18052.7,16318.4,-1452.75
40.84,16575,17942.7,16318.4,-1367.7
40.85,16575,17838.3,16318.3,-1263.29
40.86,15700,17739.4,16318.3,-2039.43
40.87,17350,17646,16318.2,-296.011
40.88,16700,17557.9,16318.2,-857.925
40.89,17400,17475,16318.1,-75.0312
40.9,16950,17397.2,16318.1,-447.177
40.91,16850,17324.2,16318,-474.195
40.92,17300,17255.9,16318,44.0899
40.93,17550,17192.1,16317.9,357.864
40.94,16350,17132.7,16317.9,-782.682
40.95,16275,17077.4,16317.8,-802.35
40.96,17325,17025.9,16317.8,299.058
40.97,16650,16978.3,16317.7,-328.256
40.98,17425,16934.1,16317.7,490.907
40.99,17075,16893.3,16317.6,181.746
41,17400,16855.5,16317.6,544.458
41.01,17825,16820.8,16317.6,1004.23
41.02,18575,16788.7,16317.5,1786.26
41.03,16625,16759.3,16317.5,-134.276
41.04,16350,16732.2,16317.4,-382.206
41.05,16100,16707.4,16317.4,-607.359
41.06,17950,16684.6,16317.3,1265.43
41.07,16175,16663.7,16317.3,-488.694
41.08,16400,16644.6,16317.3,-244.576
41.09,15475,16627.1,16317.2,-1152.08
41.1,15775,16611.1,16317.2,-836.079
41.11,16625,16596.4,16317.1,28.553
41.12,16475,16583.1,16317.1,-108.07
41.13,16000,16570.8,16317,-570.841
41.14,17075,16559.7,16317,515.339
41.15,16325,16549.4,16317,-224.437
41.16,16475,16540.1,16316.9,-65.0829
41.17,16600,16531.5,16316.9,68.4795
41.18,17275,16523.7,16316.9,751.323
41.19,16750,16516.5,16316.8,233.515
41.2,17200,16509.9,16316.8,690.115
41.21,17000,16503.8,16316.7,496.18
41.22,17175,16498.2,16316.7,676.761
41.23,16900,16493.1,16316.7,406.902
41.24,16425,16488.4,16316.6,-63.3524
41.25,16100,16484,16316.6,-383.966
41.26,16575,16479.9,16316.6,95.0954
41.27,17575,16476.1,16316.5,1098.86
41.28,16600,16472.6,16316.5,127.364
41.29,15325,16469.4,16316.5,-1144.38
41.3,17000,16466.3,16316.4,533.665
41.31,16800,16463.5,16316.4,336.506
41.32,16050,16460.8,16316.4,-410.834
41.33,15375,16458.3,16316.3,-1083.34
41.34,16675,16456,16316.3,219.003
41.35,17525,16453.8,16316.3,1071.21
41.36,16425,16451.7,16316.2,-26.7165
41.37,16625,16449.8,16316.2,175.242
41.38,16650,16447.9,16316.2,202.091
41.39,17600,16446.2,16316.1,1153.84
41.4,17400,16444.5,16316.1,955.494
41.41,16675,16442.9,16316.1,232.06
41.42,16325,16441.5,16316,-116.457
41.43,15850,16440.1,16316,-590.052
41.44,16250,16438.7,16316,-188.721
41.45,16850,16437.5,16316,412.541
41.46,15900,16436.3,16315.9,-536.264
41.47,15850,16435.1,16315.9,-585.133
41.48,16700,16434.1,16315.9,265.936
41.49,16750,16433.1,16315.8,316.947
41.5,17400,16432.1,16315.8,967.9
41.51,16025,16431.2,16315.8,-406.201
41.52,16400,16430.4,16315.8,-30.3574
41.53,16675,16429.6,16315.7,245.434
41.54,16625,16428.8,16315.7,196.173
41.55,17200,16428.1,16315.7,771.862
41.56,16475,16427.5,16315.7,47.5001
41.57,16350,16426.9,16315.6,-76.9116
41.58,17275,16426.4,16315.6,848.627
41.59,15925,16425.9,16315.6,-500.884
41.6,16500,16425.4,16315.6,74.5554
41.61,17475,16425.1,16315.6,1049.94
41.62,15750,16424.7,16315.5,-674.716
41.63,16200,16424.4,16315.5,-224.429
41.64,16150,16424.2,16315.5,-274.194
41.65,16325,16424,16315.5,-99.0117
41.66,17625,16423.9,16315.4,1201.12
41.67,17850,16423.8,16315.4,1426.19
41.68,17425,16423.8,16315.4,1001.2
41.69,16425,16423.9,16315.4,1.14725
41.7,17025,16424,16315.4,601.033
41.71,16025,16424.1,16315.3,-399.148
41.72,16700,16424.4,16315.3,275.599
41.73,18150,16424.7,16315.3,1725.27
41.74,16350,16425.1,16315.3,-75.138
41.75,16000,16425.6,16315.3,-425.633
41.76,16450,16426.2,16315.3,23.7803
41.77,17025,16426.9,16315.2,598.094
41.78,16225,16427.7,16315.2,-202.699
41.79,16000,16428.6,16315.2,-428.608
41.8,16100,16429.6,16315.2,-329.642
41.81,16425,16430.8,16315.2,-5.81252
41.82,16475,16432.1,16315.2,42.8687
41.83,17350,16433.6,16315.2,916.388
41.84,16225,16435.3,16315.1,-210.268
41.85,17200,16437.1,16315.1,762.884
41.86,17225,16439.2,16315.1,785.826
41.87,16475,16441.5,16315.1,33.5386
41.88,16000,16444,16315.1,-443.999
41.89,16875,16446.8,16315.1,428.191
41.9,16475,16449.9,16315.1,25.0835
41.91,18125,16453.3,16315,1671.65
41.92,17225,16457.1,16315,767.864
41.93,16750,16461.3,16315,288.691
41.94,16850,16465.9,16315,384.1
41.95,16800,16470.9,16315,329.052
41.96,16900,16476.5,16315,423.51
41.97,16700,16482.6,16315,217.432
41.98,16925,16489.2,16315,435.775
41.99,17700,16496.5,16315,1203.49
42,16000,16504.5,16315,-504.469
42.01,17225,16513.2,16315,711.843
42.02,17075,16522.6,16314.9,552.374
42.03,16075,16532.9,16314.9,-457.934
42.04,16700,16544.1,16314.9,155.859
42.05,18050,16556.3,16314.9,1493.69
42.06,18200,16569.5,16314.9,1630.5
42.07,17200,16583.8,16314.9,616.222
42.08,15850,16599.2,16314.9,-749.214
42.09,16200,16615.9,16314.9,-415.876
42.1,16275,16633.8,16314.9,-358.833
42.11,16075,16653.2,16314.9,-578.156
42.12,17350,16673.9,16314.9,676.085
42.13,16675,16696.2,16314.9,-21.1823
42.14,17150,16720,16314.9,429.973
42.15,16650,16745.5,16314.9,-95.5173
42.16,16325,16772.7,16314.9,-447.722
42.17,17050,16801.7,16314.9,248.294
42.18,18400,16832.5,16314.9,1567.47
42.19,17150,16865.3,16314.9,284.745
42.2,17275,16899.9,16314.9,375.067
42.21,17325,16936.6,16314.9,388.385
42.22,16975,16975.3,16314.9,-0.344139
42.23,16275,17016.2,16314.9,-741.158
42.24,16975,17059.1,16314.9,-84.0856
42.25,16350,17104.2,16314.9,-754.15
42.26,17150,17151.4,16314.9,-1.36524
42.27,18150,17200.7,16314.9,949.266
42.28,16900,17252.3,16314.9,-352.252
42.29,16925,17305.9,16314.9,-380.901
42.3,16875,17361.7,16314.9,-486.654
42.31,16925,17419.5,16314.9,-494.469
42.32,16425,17479.3,16314.9,-1054.3
42.33,16700,17541.1,16314.9,-841.066
42.34,17550,17604.7,16314.9,-54.7005
42.35,18025,17670.1,16314.9,354.893
42.36,16525,17737.2,16314.9,-1212.18
42.37,18675,17805.8,16314.9,869.212
42.38,18300,17875.8,16314.9,424.198
42.39,16850,17947.1,16314.9,-1097.07
42.4,16850,18019.4,16314.9,-1169.42
42.41,18850,18092.7,16314.9,757.323
42.42,17000,18166.6,16314.9,-1166.64
42.43,16100,18241.1,16314.9,-2141.1
42.44,16600,18315.8,16314.9,-1715.83
42.45,16975,18390.6,16315,-1415.59
42.46,17350,18465.1,16315,-1115.13
42.47,18225,18539.2,16315,-314.191
42.48,17950,18612.5,16315,-662.491
42.49,16950,18684.7,16315,-1734.75
42.5,18000,18755.7,16315,-755.663
42.51,17825,18824.9,16315,-999.935
42.52,18700,18892.3,16315,-192.258
42.53,16450,18957.3,16315,-2507.32
42.54,18950,19019.8,16315,-69.7987
42.55,16650,19079.4,16315.1,-2429.39
42.56,16925,19135.8,16315.1,-2210.79
42.57,17375,19188.7,16315.1,-1813.68
42.58,17300,19237.8,16315.1,-1937.79
42.59,17425,19282.8,16315.1,-1857.83
42.6,17000,19323.6,16315.1,-2323.55
42.61,16325,19359.7,16315.1,-3034.71
42.62,17075,19391.1,16315.1,-2316.09
42.63,16650,19417.5,16315.2,-2767.51
42.64,16500,19438.8,16315.2,-2938.81
42.65,17025,19454.9,16315.2,-2429.86
42.66,16675,19465.6,16315.2,-2790.57
42.67,15875,19470.9,16315.2,-3595.89
42.68,17150,19470.8,16315.2,-2320.78
42.69,16675,19465.3,16315.2,-2790.27
42.7,16250,19454.4,16315.3,-3204.38
42.71,17000,19438.2,16315.3,-2438.2
42.72,16500,19416.8,16315.3,-2916.83
42.73,16525,19390.4,16315.3,-2865.42
42.74,17100,19359.1,16315.3,-2259.11
42.75,16325,19323.1,16315.3,-2998.11
42.76,16475,19282.6,16315.4,-2807.61
42.77,16125,19237.9,16315.4,-3112.86
42.78,17875,19189.1,16315.4,-1314.11
42.79,17375,19136.6,16315.4,-1761.61
42.8,16625,19080.7,16315.4,-2455.65
42.81,16475,19021.5,16315.5,-2546.52
42.82,17175,18959.5,16315.5,-1784.51
42.83,17450,18894.9,16315.5,-1444.92
42.84,16400,18828.1,16315.5,-2428.06
42.85,16075,18759.2,16315.5,-2684.22
42.86,16425,18688.7,16315.6,-2263.71
42.87,17125,18616.8,16315.6,-1491.83
42.88,17650,18543.9,16315.6,-893.858
42.89,17600,18470.1,16315.6,-870.085
42.9,17400,18395.8,16315.7,-995.781
42.91,15825,18321.2,16315.7,-2496.21
42.92,17200,18246.6,16315.7,-1046.62
42.93,15400,18172.3,16315.7,-2772.25
42.94,16250,18098.3,16315.8,-1848.33
42.95,15700,18025.1,16315.8,-2325.07
42.96,16325,17952.7,16315.8,-1627.65
42.97,16500,17881.3,16315.8,-1381.28
42.98,16725,17811.1,16315.9,-1086.11
42.99,17175,17742.3,16315.9,-567.301
43,16500,17675,16315.9,-1174.99
43.01,16575,17609.3,16315.9,-1034.29
43.02,17400,17545.3,16316,-145.323
43.03,15750,17483.2,16316,-1733.18
43.04,16400,17422.9,16316,-1022.94
43.05,15675,17364.7,16316,-1689.67
43.06,15850,17308.4,16316.1,-1458.43
43.07,16450,17254.3,16316.1,-804.255
43.08,17100,17202.2,16316.1,-102.179
43.09,16200,17152.2,16316.2,-952.218
43.1,16175,17104.4,16316.2,-929.381
43.11,17300,17058.7,16316.2,241.334
43.12,16500,17015.1,16316.3,-515.061
43.13,16925,16973.5,16316.3,-48.546
43.14,17000,16934.1,16316.3,65.9072
43.15,15900,16896.7,16316.3,-996.666
43.16,16325,16861.2,16316.4,-536.224
43.17,16025,16827.7,16316.4,-802.72
43.18,16775,16796.1,16316.4,-21.1019
43.19,15975,16766.3,16316.5,-791.312
43.2,15275,16738.3,16316.5,-1463.29
43.21,16800,16712,16316.5,88.025
43.22,16150,16687.3,16316.6,-537.299
43.23,15800,16664.2,16316.6,-864.196
43.24,16500,16642.6,16316.6,-142.596
43.25,16525,16622.4,16316.7,-97.4315
43.26,16200,16603.6,16316.7,-403.632
43.27,15900,16586.1,16316.7,-686.129
43.28,16025,16569.9,16316.8,-544.853
43.29,16475,16554.7,16316.8,-79.7366
43.3,17050,16540.7,16316.9,509.287
43.31,17425,16527.7,16316.9,897.282
43.32,17100,16515.7,16316.9,584.312
43.33,17050,16504.6,16317,545.439
43.34,17850,16494.3,16317,1355.72
43.35,16475,16484.8,16317,-9.78518
43.36,15425,16476,16317.1,-1051.02
43.37,15875,16467.9,16317.1,-592.945
43.38,16775,16460.5,16317.2,314.502
43.39,17075,16453.6,16317.2,621.364
43.4,17575,16447.3,16317.2,1127.69
43.41,16800,16441.5,16317.3,358.508
43.42,16925,16436.1,16317.3,488.87
43.43,15600,16431.2,16317.4,-831.19
43.44,16575,16426.6,16317.4,148.362
43.45,15675,16422.4,16317.4,-747.442
43.46,16675,16418.6,16317.5,256.428
43.47,16900,16415,16317.5,484.999
43.48,16350,16411.7,16317.6,-61.7019
43.49,16700,16408.7,16317.6,291.348
43.5,17100,16405.8,16317.7,694.172
43.51,16475,16403.2,16317.7,71.7884
43.52,18475,16400.8,16317.7,2074.22
43.53,15650,16398.5,16317.8,-748.526
43.54,16300,16396.4,16317.8,-96.4242
43.55,17000,16394.5,16317.9,605.536
43.56,16700,16392.6,16317.9,307.367
43.57,15675,16390.9,16318,-715.919
43.58,16700,16389.3,16318,310.689
43.59,16800,16387.8,16318.1,412.2
43.6,15775,16386.4,16318.1,-611.377
43.61,17125,16385,16318.1,739.966
43.62,16900,16383.8,16318.2,516.236
43.63,15300,16382.6,16318.2,-1082.56
43.64,14900,16381.4,16318.3,-1481.42
43.65,16050,16380.3,16318.3,-330.333
43.66,16775,16379.3,16318.4,395.702
43.67,16900,16378.3,16318.4,521.691
43.68,16225,16377.4,16318.5,-152.364
43.69,16500,16376.5,16318.5,123.541
43.7,16575,16375.6,16318.6,199.409
43.71,17125,16374.8,16318.6,750.244
43.72,17075,16374,16318.7,701.046
43.73,17000,16373.2,16318.7,626.82
43.74,16550,16372.4,16318.8,177.565
43.75,15725,16371.7,16318.8,-646.715
43.76,16525,16371,16318.9,153.981
43.77,16500,16370.3,16318.9,129.654
43.78,16900,16369.7,16319,530.305
43.79,16325,16369.1,16319,-44.0635
43.8,15975,16368.5,16319.1,-393.452
43.81,16800,16367.9,16319.1,432.142
43.82,17450,16367.3,16319.2,1082.72
43.83,15475,16366.7,16319.3,-891.722
43.84,16175,16366.2,16319.3,-191.178
43.85,17200,16365.6,16319.4,834.351
43.86,17775,16365.1,16319.4,1409.87
43.87,16500,16364.6,16319.5,135.365
43.88,16625,16364.1,16319.5,260.852
43.89,16875,16363.7,16319.6,511.326
43.9,16850,16363.2,16319.6,486.787
43.91,16900,16362.8,16319.7,537.236
43.92,16175,16362.3,16319.7,-187.327
43.93,17025,16361.9,16319.8,663.1
43.94,16475,16361.5,16319.9,113.515
43.95,16400,16361.1,16319.9,38.9193
43.96,16575,16360.7,16320,214.314
43.97,16500,16360.3,16320,139.698
43.98,16975,16359.9,16320.1,615.072
43.99,17550,16359.6,16320.2,1190.44
44,16400,16359.2,16320.2,40.7936
44.01,16800,16358.9,16320.3,441.141
44.02,16950,16358.5,16320.3,591.479
44.03,16075,16358.2,16320.4,-283.191
44.04,16250,16357.9,16320.5,-107.869
44.05,15575,16357.6,16320.5,-782.555
44.06,16850,16357.2,16320.6,492.751
44.07,15550,16357,16320.6,-806.951
44.08,16675,16356.7,16320.7,318.34
44.09,17350,16356.4,16320.8,993.624
44.1,16900,16356.1,16320.8,543.9
44.11,16325,16355.8,16320.9,-30.83
44.12,15850,16355.6,16320.9,-505.567
44.13,15925,16355.3,16321,-430.31
44.14,16950,16355.1,16321.1,594.94
44.15,16075,16354.8,16321.1,-279.816
44.16,16450,16354.6,16321.2,95.4214
44.17,17375,16354.3,16321.3,1020.65
44.18,15800,16354.1,16321.3,-554.121
44.19,17950,16353.9,16321.4,1596.1
44.2,17325,16353.7,16321.5,971.314
44.21,16050,16353.5,16321.5,-303.476
44.22,17700,16353.3,16321.6,1346.73
44.23,16400,16353.1,16321.7,46.9264
44.24,17075,16352.9,16321.7,722.12
44.25,17275,16352.7,16321.8,922.309
44.26,17275,16352.5,16321.9,922.493
44.27,17025,16352.3,16321.9,672.672
44.28,17275,16352.2,16322,922.846
44.29,16625,16352,16322.1,273.016
44.3,17525,16351.8,16322.1,1173.18
44.31,16700,16351.7,16322.2,348.342
44.32,16250,16351.5,16322.3,-101.501
44.33,17450,16351.3,16322.3,1098.65
44.34,17650,16351.2,16322.4,1298.8
44.35,16425,16351.1,16322.5,73.9442
44.36,15725,16350.9,16322.5,-625.915
44.37,17525,16350.8,16322.6,1174.22
44.38,16575,16350.6,16322.7,224.354
44.39,16200,16350.5,16322.7,-150.517
44.4,17350,16350.4,16322.8,999.608
44.41,15925,16350.3,16322.9,-425.27
44.42,16525,16350.2,16323,174.848
44.43,16000,16350,16323,-350.038
44.44,15875,16349.9,16323.1,-474.926
44.45,16275,16349.8,16323.2,-74.8184
44.46,16500,16349.7,16323.3,150.286
44.47,16750,16349.6,16323.3,400.388
44.48,17075,16349.5,16323.4,725.486
44.49,15875,16349.4,16323.5,-474.419
44.5,14950,16349.3,16323.5,-1399.33
44.51,15775,16349.2,16323.6,-574.237
44.52,16400,16349.2,16323.7,50.849
44.53,15025,16349.1,16323.8,-1324.07
44.54,16850,16349,16323.8,501.013
44.55,17000,16348.9,16323.9,651.091
44.56,16525,16348.8,16324,176.166
44.57,17300,16348.8,16324.1,951.238
44.58,16850,16348.7,16324.1,501.307
44.59,15825,16348.6,16324.2,-523.626
44.6,15875,16348.6,16324.3,-473.561
44.61,17300,16348.5,16324.4,951.501
44.62,16550,16348.4,16324.5,201.56
44.63,15925,16348.4,16324.5,-423.383
44.64,16325,16348.3,16324.6,-23.3282
44.65,16500,16348.3,16324.7,151.724
44.66,16200,16348.2,16324.8,-148.226
44.67,16450,16348.2,16324.8,101.821
44.68,17525,16348.1,16324.9,1176.87
44.69,16150,16348.1,16325,-198.09
44.7,17375,16348,16325.1,1026.95
44.71,15625,16348,16325.2,-723.011
44.72,16325,16348,16325.2,-22.974
44.73,16550,16347.9,16325.3,202.06
44.74,16700,16347.9,16325.4,352.093
44.75,16550,16347.9,16325.5,202.123
44.76,16975,16347.8,16325.6,627.152
44.77,16850,16347.8,16325.7,502.178
44.78,15875,16347.8,16325.7,-472.798
44.79,16700,16347.8,16325.8,352.225
44.8,16775,16347.8,16325.9,427.245
44.81,17325,16347.7,16326,977.264
44.82,15650,16347.7,16326.1,-697.719
44.83,16875,16347.7,16326.2,527.296
44.84,17100,16347.7,16326.2,752.309
44.85,16175,16347.7,16326.3,-172.68
44.86,16850,16347.7,16326.4,502.33
44.87,17450,16347.7,16326.5,1102.34
44.88,17450,16347.7,16326.6,1102.34
44.89,16525,16347.7,16326.7,177.348
44.9,16325,16347.6,16326.7,-22.6488
44.91,17400,16347.6,16326.8,1052.35
44.92,17525,16347.6,16326.9,1177.35
44.93,16025,16347.7,16327,-322.65
44.94,17475,16347.7,16327.1,1127.35
44.95,16925,16347.7,16327.2,577.341
44.96,17575,16347.7,16327.3,1227.33
44.97,16875,16347.7,16327.4,527.326
44.98,15875,16347.7,16327.4,-472.684
44.99,16175,16347.7,16327.5,-172.696
45,16775,16347.7,16327.6,427.291
45.01,16950,16347.7,16327.7,602.277
45.02,15850,16347.7,16327.8,-497.739
45.03,16425,16347.8,16327.9,77.2438
45.04,16350,16347.8,16328,2.22508
45.05,17575,16347.8,16328.1,1227.2
45.06,17175,16347.8,16328.2,827.183
45.07,17300,16347.8,16328.2,952.161
45.08,16450,16347.9,16328.3,102.136
45.09,17450,16347.9,16328.4,1102.11
45.1,16875,16347.9,16328.5,527.084
45.11,16075,16347.9,16328.6,-272.945
45.12,16650,16348,16328.7,302.026
45.13,16325,16348,16328.8,-23.0052
45.14,16800,16348,16328.9,451.963
45.15,17075,16348.1,16329,726.929
45.16,16450,16348.1,16329.1,101.894
45.17,16875,16348.1,16329.2,526.858
45.18,15500,16348.2,16329.3,-848.179
45.19,17225,16348.2,16329.4,876.783
45.2,16225,16348.3,16329.4,-123.257
45.21,16250,16348.3,16329.5,-98.298
45.22,16600,16348.3,16329.6,251.66
45.23,16450,16348.4,16329.7,101.617
45.24,16725,16348.4,16329.8,376.572
45.25,16750,16348.5,16329.9,401.526
45.26,15425,16348.5,16330,-923.52
45.27,17350,16348.6,16330.1,1001.43
45.28,16725,16348.6,16330.2,376.382
45.29,16350,16348.7,16330.3,1.3321
45.3,15850,16348.7,16330.4,-498.719
45.31,15775,16348.8,16330.5,-573.772
45.32,16550,16348.8,16330.6,201.175
45.33,17200,16348.9,16330.7,851.12
45.34,17325,16348.9,16330.8,976.064
45.35,16525,16349,16330.9,176.007
45.36,16775,16349.1,16331,425.949
45.37,15900,16349.1,16331.1,-449.11
45.38,16450,16349.2,16331.2,100.83
45.39,16700,16349.2,16331.3,350.769
45.4,16725,16349.3,16331.4,375.706
45.41,16675,16349.4,16331.5,325.643
45.42,16250,16349.4,16331.6,-99.4212
45.43,17350,16349.5,16331.7,1000.51
45.44,17350,16349.6,16331.8,1000.45
45.45,16275,16349.6,16331.9,-74.6204
45.46,17050,16349.7,16332,700.311
45.47,16025,16349.8,16332.1,-324.758
45.48,16800,16349.8,16332.2,450.171
45.49,16800,16349.9,16332.3,450.1
45.5,15875,16350,16332.4,-474.973
45.51,17125,16350,16332.5,774.954
45.52,17450,16350.1,16332.6,1099.88
45.53,16175,16350.2,16332.7,-175.196
45.54,16300,16350.3,16332.8,-50.2721
45.55,16500,16350.3,16332.9,149.651
45.56,17475,16350.4,16333,1124.57
45.57,16550,16350.5,16333.1,199.493
45.58,16600,16350.6,16333.2,249.413
45.59,16250,16350.7,16333.3,-100.668
45.6,16575,16350.8,16333.4,224.25
45.61,16750,16350.8,16333.5,399.167
45.62,15925,16350.9,16333.6,-425.917
45.63,17375,16351,16333.8,1024
45.64,17725,16351.1,16333.9,1373.91
45.65,16525,16351.2,16334,173.825
45.66,16400,16351.3,16334.1,48.7374
45.67,17425,16351.4,16334.2,1073.65
45.68,15675,16351.4,16334.3,-676.441
45.69,16800,16351.5,16334.4,448.469
45.7,16875,16351.6,16334.5,523.377
45.71,17575,16351.7,16334.6,1223.29
45.72,17275,16351.8,16334.7,923.192
45.73,15400,16351.9,16334.8,-951.902
45.74,16700,16352,16334.9,348.003
45.75,16300,16352.1,16335,-52.0931
45.76,16550,16352.2,16335.2,197.81
45.77,17125,16352.3,16335.3,772.712
45.78,16700,16352.4,16335.4,347.614
45.79,15925,16352.5,16335.5,-427.486
45.8,16850,16352.6,16335.6,497.414
45.81,17625,16352.7,16335.7,1272.31
45.82,17825,16352.8,16335.8,1472.21
45.83,17100,16352.9,16335.9,747.107
45.84,17000,16353,16336,647.003
45.85,15875,16353.1,16336.1,-478.101
45.86,16400,16353.2,16336.3,46.7929
45.87,16600,16353.3,16336.4,246.686
45.88,16650,16353.4,16336.5,296.579
45.89,16925,16353.5,16336.6,571.47
45.9,16925,16353.6,16336.7,571.361
45.91,16475,16353.7,16336.8,121.251
45.92,16100,16353.9,16336.9,-253.86
45.93,16475,16354,16337,121.028
45.94,17225,16354.1,16337.2,870.915
45.95,15625,16354.2,16337.3,-729.198
45.96,16550,16354.3,16337.4,195.687
45.97,17575,16354.4,16337.5,1220.57
45.98,15925,16354.5,16337.6,-429.545
45.99,16300,16354.7,16337.7,-54.6617
46,16075,16354.8,16337.8,-279.78
46.01,16925,16354.9,16338,570.101
46.02,15200,16355,16338.1,-1155.02
46.03,15900,16355.1,16338.2,-455.139
46.04,16550,16355.3,16338.3,194.739
46.05,16600,16355.4,16338.4,244.617
46.06,16275,16355.5,16338.5,-80.5067
46.07,17350,16355.6,16338.7,994.369
46.08,17325,16355.8,16338.8,969.244
46.09,16800,16355.9,16338.9,444.118
46.1,16450,16356,16339,93.9908
46.11,17450,16356.1,16339.1,1093.86
46.12,17350,16356.3,16339.3,993.734
46.13,16525,16356.4,16339.4,168.605
46.14,16500,16356.5,16339.5,143.474
46.15,16575,16356.7,16339.6,218.343
46.16,16725,16356.8,16339.7,368.21
46.17,16600,16356.9,16339.8,243.077
46.18,16500,16357.1,16340,142.943
46.19,16775,16357.2,16340.1,417.808
46.2,15200,16357.3,16340.2,-1157.33
46.21,16900,16357.5,16340.3,542.535
46.22,16275,16357.6,16340.4,-82.6029
46.23,16650,16357.7,16340.6,292.258
46.24,17225,16357.9,16340.7,867.119
46.25,16225,16358,16340.8,-133.022
46.26,16275,16358.2,16340.9,-83.1635
46.27,17400,16358.3,16341.1,1041.69
46.28,16775,16358.4,16341.2,416.551
46.29,15975,16358.6,16341.3,-383.594
46.3,16850,16358.7,16341.4,491.261
46.31,16800,16358.9,16341.5,441.115
46.32,15500,16359,16341.7,-859.033
46.33,17075,16359.2,16341.8,715.819
46.34,16675,16359.3,16341.9,315.67
46.35,17825,16359.5,16342,1465.52
46.36,16225,16359.6,16342.2,-134.631
46.37,17100,16359.8,16342.3,740.217
46.38,16850,16359.9,16342.4,490.063
46.39,16100,16360.1,16342.5,-260.091
46.4,17550,16360.2,16342.7,1189.75
46.41,16725,16360.4,16342.8,364.598
46.42,16150,16360.6,16342.9,-210.559
46.43,16050,16360.7,16343,-310.717
46.44,17125,16360.9,16343.2,764.124
46.45,16700,16361,16343.3,338.964
46.46,16200,16361.2,16343.4,-161.198
46.47,16500,16361.4,16343.5,138.64
46.48,16700,16361.5,16343.7,338.477
46.49,17550,16361.7,16343.8,1188.31
46.5,16600,16361.9,16343.9,238.147
46.51,16275,16362,16344.1,-87.0196
46.52,16575,16362.2,16344.2,212.813
46.53,17200,16362.4,16344.3,837.644
46.54,17275,16362.5,16344.4,912.474
46.55,16675,16362.7,16344.6,312.303
46.56,16900,16362.9,16344.7,537.131
46.57,16625,16363,16344.8,261.958
46.58,16925,16363.2,16345,561.784
46.59,16350,16363.4,16345.1,-13.3913
46.6,16300,16363.6,16345.2,-63.5678
46.61,16500,16363.7,16345.3,136.254
46.62,16050,16363.9,16345.5,-313.924
46.63,17075,16364.1,16345.6,710.896
46.64,16350,16364.3,16345.7,-14.2857
46.65,16800,16364.5,16345.9,435.532
46.66,15600,16364.7,16346,-764.652
46.67,15125,16364.8,16346.1,-1239.84
46.68,17850,16365,16346.3,1484.98
46.69,16850,16365.2,16346.4,484.79
46.7,16450,16365.4,16346.5,84.6012
46.71,16475,16365.6,16346.7,109.411
46.72,16775,16365.8,16346.8,409.22
46.73,16900,16366,16346.9,534.028
46.74,16725,16366.2,16347.1,358.834
46.75,17350,16366.4,16347.2,983.639
46.76,16650,16366.6,16347.3,283.442
46.77,16275,16366.8,16347.5,-91.7554
46.78,16100,16367,16347.6,-266.955
46.79,18125,16367.2,16347.7,1757.84
46.8,17350,16367.4,16347.9,982.643
46.81,16850,16367.6,16348,482.44
46.82,17650,16367.8,16348.1,1282.23
46.83,16325,16368,16348.3,-42.9714
46.84,16075,16368.2,16348.4,-293.179
46.85,17450,16368.4,16348.5,1081.61
46.86,16575,16368.6,16348.7,206.401
46.87,17625,16368.8,16348.8,1256.19
46.88,17275,16369,16348.9,905.975
46.89,16200,16369.2,16349.1,-169.24
46.9,16400,16369.5,16349.2,30.5431
46.91,16675,16369.7,16349.4,305.325
46.92,17350,16369.9,16349.5,980.105
46.93,15725,16370.1,16349.6,-645.117
46.94,17150,16370.3,16349.8,779.66
46.95,16875,16370.6,16349.9,504.435
46.96,16650,16370.8,16350,279.208
46.97,17275,16371,16350.2,903.98
46.98,16925,16371.3,16350.3,553.749
46.99,16575,16371.5,16350.5,203.518
47,17650,16371.7,16350.6,1278.28
47.01,16875,16372,16350.7,503.048
47.02,17925,16372.2,16350.9,1552.81
47.03,16550,16372.4,16351,177.572
47.04,15500,16372.7,16351.1,-872.669
47.05,16725,16372.9,16351.3,352.088
47.06,16850,16373.2,16351.4,476.843
47.07,16650,16373.4,16351.6,276.596
47.08,17175,16373.7,16351.7,801.347
47.09,16850,16373.9,16351.9,476.096
47.1,16175,16374.2,16352,-199.158
47.11,16450,16374.4,16352.1,75.5873
47.12,16125,16374.7,16352.3,-249.67
47.13,15900,16374.9,16352.4,-474.93
47.14,15825,16375.2,16352.6,-550.191
47.15,16575,16375.5,16352.7,199.545
47.16,16725,16375.7,16352.8,349.279
47.17,16675,16376,16353,299.01
47.18,17925,16376.3,16353.1,1548.74
47.19,16725,16376.5,16353.3,348.466
47.2,16050,16376.8,16353.4,-326.81
47.21,16400,16377.1,16353.6,22.9118
47.22,16250,16377.4,16353.7,-127.369
47.23,15400,16377.7,16353.8,-977.652
47.24,16625,16377.9,16354,247.062
47.25,17225,16378.2,16354.1,846.773
47.26,16175,16378.5,16354.3,-203.518
47.27,16600,16378.8,16354.4,221.188
47.28,17875,16379.1,16354.6,1495.89
47.29,17075,16379.4,16354.7,695.592
47.3,16725,16379.7,16354.9,345.289
47.31,16950,16380,16355,569.984
47.32,17725,16380.3,16355.1,1344.68
47.33,16975,16380.6,16355.3,594.364
47.34,16700,16381,16355.4,319.049
47.35,16600,16381.3,16355.6,218.732
47.36,16950,16381.6,16355.7,568.411
47.37,16850,16381.9,16355.9,468.086
47.38,16350,16382.2,16356,-32.2415
47.39,15900,16382.6,16356.2,-482.573
47.4,15800,16382.9,16356.3,-582.907
47.41,16275,16383.2,16356.5,-108.246
47.42,17275,16383.6,16356.6,891.413
47.43,17575,16383.9,16356.8,1191.07
47.44,16550,16384.3,16356.9,165.718
47.45,16975,16384.6,16357.1,590.364
47.46,17475,16385,16357.2,1090.01
47.47,17575,16385.4,16357.4,1189.65
47.48,17050,16385.7,16357.5,664.28
47.49,17175,16386.1,16357.7,788.911
47.5,17725,16386.5,16357.8,1338.54
47.51,17000,16386.8,16358,613.158
47.52,17350,16387.2,16358.1,962.776
47.53,16575,16387.6,16358.3,187.388
47.54,15900,16388,16358.4,-488.004
47.55,16125,16388.4,16358.6,-263.401
47.56,16250,16388.8,16358.7,-138.803
47.57,16000,16389.2,16358.9,-389.211
47.58,15075,16389.6,16359,-1314.62
47.59,17175,16390,16359.2,784.959
47.6,16975,16390.5,16359.3,584.536
47.61,17150,16390.9,16359.5,759.107
47.62,17625,16391.3,16359.6,1233.67
47.63,16525,16391.8,16359.8,133.232
47.64,16800,16392.2,16359.9,407.785
47.65,17400,16392.7,16360.1,1007.33
47.66,16925,16393.1,16360.2,531.873
47.67,17000,16393.6,16360.4,606.406
47.68,16725,16394.1,16360.5,330.933
47.69,16525,16394.5,16360.7,130.453
47.7,16525,16395,16360.8,129.965
47.71,16075,16395.5,16361,-320.531
47.72,16325,16396,16361.1,-71.034
47.73,16450,16396.5,16361.3,53.4542
47.74,16650,16397.1,16361.5,252.934
47.75,16675,16397.6,16361.6,277.404
47.76,16900,16398.1,16361.8,501.866
47.77,17375,16398.7,16361.9,976.317
47.78,17450,16399.2,16362.1,1050.76
47.79,16800,16399.8,16362.2,400.189
47.8,16500,16400.4,16362.4,99.6081
47.81,16625,16401,16362.5,224.015
47.82,16550,16401.6,16362.7,148.41
47.83,17600,16402.2,16362.9,1197.79
47.84,18050,16402.8,16363,1647.16
47.85,16325,16403.5,16363.2,-78.4886
47.86,16900,16404.2,16363.3,495.848
47.87,16900,16404.8,16363.5,495.168
47.88,16550,16405.5,16363.6,144.47
47.89,16450,16406.2,16363.8,43.7526
47.9,15425,16407,16363.9,-981.985
47.91,16775,16407.7,16364.1,367.255
47.92,17300,16408.5,16364.3,891.471
47.93,17400,16409.3,16364.4,990.663
47.94,16925,16410.2,16364.6,514.826
47.95,16300,16411,16364.7,-111.039
47.96,17500,16411.9,16364.9,1088.06
47.97,16125,16412.9,16365.1,-287.869
47.98,16775,16413.8,16365.2,361.162
47.99,17550,16414.8,16365.4,1135.15
48,16250,16415.9,16365.5,-165.899
48.01,15875,16417,16365.7,-541.999
48.02,17625,16418.1,16365.9,1206.85
48.03,17850,16419.4,16366,1430.64
48.04,17525,16420.6,16366.2,1104.38
48.05,17800,16422,16366.3,1378.05
48.06,16125,16423.4,16366.5,-298.353
48.07,15475,16424.8,16366.7,-949.831
48.08,17225,16426.4,16366.8,798.609
48.09,17150,16428,16367,721.959
48.1,16850,16429.8,16367.1,420.212
48.11,15325,16431.6,16367.3,-1106.64
48.12,16525,16433.6,16367.5,91.3947
48.13,15800,16435.7,16367.6,-635.694
48.14,15725,16437.9,16367.8,-712.916
48.15,16000,16440.3,16367.9,-440.281
48.16,16025,16442.8,16368.1,-417.801
48.17,17200,16445.5,16368.3,754.512
48.18,17950,16448.4,16368.4,1501.64
48.19,17475,16451.4,16368.6,1023.58
48.2,17325,16454.7,16368.8,870.316
48.21,16400,16458.2,16368.9,-58.1768
48.22,17700,16461.9,16369.1,1238.09
48.23,16775,16465.9,16369.2,309.101
48.24,16700,16470.2,16369.4,229.837
48.25,17375,16474.7,16369.6,900.278
48.26,17825,16479.6,16369.7,1345.4
48.27,17500,16484.8,16369.9,1015.2
48.28,16325,16490.4,16370.1,-165.371
48.29,17600,16496.3,16370.2,1103.68
48.3,17650,16502.7,16370.4,1147.33
48.31,17825,16509.4,16370.6,1315.56
48.32,15225,16516.7,16370.7,-1291.68
48.33,16875,16524.4,16370.9,350.61
48.34,16750,16532.6,16371.1,217.39
48.35,18750,16541.4,16371.2,2208.64
48.36,17275,16550.7,16371.4,724.316
48.37,17575,16560.6,16371.5,1014.4
48.38,17500,16571.1,16371.7,928.869
48.39,16875,16582.3,16371.9,292.682
48.4,16975,16594.2,16372,380.812
48.41,16950,16606.8,16372.2,343.228
48.42,16600,16620.1,16372.4,-20.1007
48.43,16150,16634.2,16372.5,-484.204
48.44,17575,16649.1,16372.7,925.886
48.45,17375,16664.9,16372.9,710.141
48.46,17750,16681.5,16373.1,1068.53
48.47,17100,16699,16373.2,401.025
48.48,17325,16717.4,16373.4,607.596
48.49,17550,16736.8,16373.6,813.218
48.5,17275,16757.1,16373.7,517.863
48.51,17125,16778.5,16373.9,346.508
48.52,17475,16800.9,16374.1,674.128
48.53,17400,16824.3,16374.2,575.704
48.54,17750,16848.8,16374.4,901.216
48.55,16900,16874.4,16374.6,25.6473
48.56,17325,16901,16374.7,423.983
48.57,17875,16928.8,16374.9,946.212
48.58,17125,16957.7,16375.1,167.326
48.59,17000,16987.7,16375.2,12.319
48.6,18225,17018.8,16375.4,1206.19
48.61,18400,17051.1,16375.6,1348.94
48.62,17575,17084.4,16375.8,490.568
48.63,18575,17118.9,16375.9,1456.09
48.64,17825,17154.5,16376.1,670.522
48.65,17850,17191.1,16376.3,658.875
48.66,18125,17228.8,16376.4,896.174
48.67,19100,17267.6,16376.6,1832.45
48.68,19050,17307.3,16376.8,1742.72
48.69,17400,17348,16376.9,52.0393
48.7,18575,17389.6,16377.1,1185.44
48.71,18750,17432,16377.3,1317.97
48.72,20050,17475.3,16377.5,2574.68
48.73,17800,17519.4,16377.6,280.624
48.74,19975,17564.1,16377.8,2410.87
48.75,20725,17609.5,16378,3115.49
48.76,19900,17655.5,16378.2,2244.55
48.77,20050,17701.9,16378.3,2348.13
48.78,21150,17748.7,16378.5,3401.31
48.79,20750,17795.8,16378.7,2954.18
48.8,21425,17843.2,16378.8,3581.84
48.81,22150,17890.6,16379,4259.38
48.82,23075,17938.1,16379.2,5136.91
48.83,23150,17985.5,16379.4,5164.53
48.84,23075,18032.6,16379.5,5042.36
48.85,24675,18079.5,16379.7,6595.52
48.86,24250,18125.9,16379.9,6124.12
48.87,25750,18171.7,16380.1,7578.29
48.88,26125,18216.9,16380.2,7908.15
48.89,27500,18261.2,16380.4,9238.84
48.9,27125,18304.5,16380.6,8820.48
48.91,27275,18346.8,16380.8,8928.21
48.92,27300,18387.8,16380.9,8912.16
48.93,26950,18427.5,16381.1,8522.47
48.94,26400,18465.7,16381.3,7934.28
48.95,26625,18502.3,16381.5,8122.7
48.96,26175,18537.1,16381.6,7637.88
48.97,24775,18570.1,16381.8,6204.94
48.98,25225,18601,16382,6624
48.99,24750,18629.8,16382.2,6120.18
49,24475,18656.4,16382.3,5818.59
49.01,24825,18680.7,16382.5,6144.34
49.02,24050,18702.5,16382.7,5347.52
49.03,23975,18721.8,16382.9,5253.22
49.04,24875,18738.5,16383,6136.52
49.05,23100,18752.5,16383.2,4347.48
49.06,23575,18763.8,16383.4,4811.16
49.07,23425,18772.4,16383.6,4652.6
49.08,21900,18778.2,16383.7,3121.84
49.09,21050,18781.1,16383.9,2268.9
49.1,20175,18781.2,16384.1,1393.78
49.11,21200,18778.5,16384.3,2421.48
49.12,20100,18773,16384.5,1326.98
49.13,18475,18764.7,16384.6,-289.736
49.14,19925,18753.7,16384.8,1171.28
49.15,19100,18740,16385,359.99
49.16,18325,18723.7,16385.2,-398.676
49.17,18625,18704.8,16385.4,-79.7841
49.18,17500,18683.4,16385.5,-1183.41
49.19,18425,18659.7,16385.7,-234.651
49.2,17175,18633.6,16385.9,-1458.59
49.21,16775,18605.3,16386.1,-1830.34
49.22,16975,18575,16386.2,-1600
49.23,18025,18542.7,16386.4,-517.694
49.24,18050,18508.5,16386.6,-458.532
49.25,19000,18472.6,16386.8,527.36
49.26,17525,18435.1,16387,-910.143
49.27,17000,18396.2,16387.1,-1396.17
49.28,16500,18355.8,16387.3,-1855.85
49.29,16525,18314.3,16387.5,-1789.31
49.3,18175,18271.7,16387.7,-96.6852
49.31,16975,18228.1,16387.9,-1253.1
49.32,15750,18183.7,16388.1,-2433.69
49.33,18050,18138.6,16388.2,-88.582
49.34,17525,18092.9,16388.4,-567.894
49.35,18175,18046.8,16388.6,128.248
49.36,17400,18000.3,16388.8,-600.275
49.37,17300,17953.6,16389,-653.577
49.38,18150,17906.8,16389.1,243.229
49.39,16425,17860,16389.3,-1434.96
49.4,16850,17813.3,16389.5,-963.257
49.41,17650,17766.7,16389.7,-116.75
49.42,16875,17720.5,16389.9,-845.536
49.43,16800,17674.7,16390,-874.705
49.44,17225,17629.3,16390.2,-404.338
49.45,16650,17584.5,16390.4,-934.514
49.46,16650,17540.3,16390.6,-890.306
49.47,16600,17496.8,16390.8,-896.782
49.48,16275,17454,16391,-1179
49.49,16350,17412,16391.1,-1062.03
49.5,15775,17370.9,16391.3,-1595.91
49.51,16575,17330.7,16391.5,-755.696
49.52,18575,17291.4,16391.7,1283.58
49.53,17000,17253.1,16391.9,-253.132
49.54,17050,17215.9,16392.1,-165.853
49.55,16450,17179.6,16392.2,-729.613
49.56,16200,17144.4,16392.4,-944.436
49.57,15875,17110.3,16392.6,-1235.34
49.58,17100,17077.3,16392.8,22.6651
49.59,17700,17045.4,16393,654.565
49.6,16775,17014.6,16393.2,-239.643
49.61,17575,16985,16393.4,590.037
49.62,16275,16956.4,16393.5,-681.391
49.63,17000,16928.9,16393.7,71.076
49.64,16400,16902.6,16393.9,-502.553
49.65,17050,16877.3,16394.1,172.733
49.66,17050,16853.1,16394.3,196.948
49.67,17600,16829.9,16394.5,770.108
49.68,16425,16807.8,16394.7,-382.77
49.69,16975,16786.7,16394.8,188.336
49.7,17275,16766.6,16395,508.448
49.71,16950,16747.4,16395.2,202.59
49.72,16775,16729.2,16395.4,45.7869
49.73,15700,16711.9,16395.6,-1011.93
49.74,17575,16695.5,16395.8,879.452
49.75,17625,16680,16396,944.977
49.76,16525,16665.3,16396.1,-140.333
49.77,16750,16651.4,16396.3,98.554
49.78,16975,16638.3,16396.5,336.666
49.79,16575,16626,16396.7,-50.9653
49.8,17425,16614.3,16396.9,810.689
49.81,17075,16603.3,16397.1,471.659
49.82,16075,16593,16397.3,-518.025
49.83,16925,16583.3,16397.5,341.667
49.84,16175,16574.2,16397.6,-399.237
49.85,16500,16565.7,16397.8,-65.7077
49.86,17025,16557.7,16398,467.283
49.87,16050,16550.2,16398.2,-500.237
49.88,17000,16543.2,16398.4,456.759
49.89,15750,16536.7,16398.6,-786.703
49.9,16875,16530.6,16398.8,344.401
49.91,16075,16524.9,16399,-449.902
49.92,17300,16519.6,16399.1,780.409
49.93,15925,16514.6,16399.3,-589.642
49.94,16075,16510,16399.5,-435.033
49.95,15475,16505.7,16399.7,-1030.74
49.96,16300,16501.8,16399.9,-201.754
49.97,16400,16498,16400.1,-98.0445
49.98,17350,16494.6,16400.3,855.402
49.99,17325,16491.4,16400.5,833.604
50,16500,16488.4,16400.7,11.5775
50.01,17175,16485.7,16400.9,689.337
50.02,16575,16483.1,16401,91.8987
50.03,16325,16480.7,16401.2,-155.725
50.04,15425,16478.5,16401.4,-1053.52
50.05,16900,16476.5,16401.6,423.526
50.06,16575,16474.6,16401.8,100.423
50.07,16650,16472.8,16402,177.183
50.08,17000,16471.2,16402.2,528.816
50.09,16975,16469.7,16402.4,505.331
50.1,16350,16468.3,16402.6,-118.262
50.11,17100,16467,16402.8,633.043
50.12,16750,16465.7,16402.9,284.256
50.13,16775,16464.6,16403.1,310.382
50.14,17125,16463.6,16403.3,661.429
50.15,16975,16462.6,16403.5,512.402
50.16,17050,16461.7,16403.7,588.308
50.17,16775,16460.8,16403.9,314.151
50.18,16875,16460.1,16404.1,414.936
50.19,17100,16459.3,16404.3,640.668
50.2,17375,16458.6,16404.5,916.35
50.21,16200,16458,16404.7,-258.013
50.22,16600,16457.4,16404.9,142.582
50.23,15575,16456.9,16405.1,-881.863
50.24,16350,16456.3,16405.3,-106.343
50.25,16850,16455.9,16405.4,394.143
50.26,16600,16455.4,16405.6,144.598
50.27,17925,16455,16405.8,1470.02
50.28,17000,16454.6,16406,545.424
50.29,16225,16454.2,16406.2,-229.201
50.3,16775,16453.8,16406.4,321.15
50.31,16725,16453.5,16406.6,271.48
50.32,16900,16453.2,16406.8,446.79
50.33,16550,16452.9,16407,97.0811
50.34,17175,16452.6,16407.2,722.354
50.35,17825,16452.4,16407.4,1372.61
50.36,16850,16452.1,16407.6,397.852
50.37,17275,16451.9,16407.8,823.078
50.38,14900,16451.7,16408,-1551.71
50.39,16850,16451.5,16408.2,398.489
50.4,17200,16451.3,16408.3,748.676
50.41,16700,16451.1,16408.5,248.851
50.42,17050,16451,16408.7,599.014
50.43,16775,16450.8,16408.9,324.167
50.44,17050,16450.7,16409.1,599.31
50.45,15475,16450.6,16409.3,-975.558
50.46,16925,16450.4,16409.5,474.566
50.47,17950,16450.3,16409.7,1499.68
50.48,16875,16450.2,16409.9,424.786
50.49,16525,16450.1,16410.1,74.883
50.5,16275,16450,16410.3,-175.028
50.51,16500,16449.9,16410.5,50.0538
50.52,16025,16449.9,16410.7,-424.872
50.53,16925,16449.8,16410.9,475.195
50.54,16550,16449.7,16411.1,100.255
50.55,17325,16449.7,16411.3,875.307
50.56,16575,16449.6,16411.5,125.354
50.57,16600,16449.6,16411.7,150.394
50.58,17650,16449.6,16411.9,1200.43
50.59,16600,16449.5,16412.1,150.455
50.6,16800,16449.5,16412.2,350.477
50.61,16700,16449.5,16412.4,250.493
50.62,15725,16449.5,16412.6,-724.497
50.63,16300,16449.5,16412.8,-149.492
50.64,16525,16449.5,16413,75.5076
50.65,16650,16449.5,16413.2,200.502
50.66,17000,16449.5,16413.4,550.491
50.67,16500,16449.5,16413.6,50.4751
50.68,16250,16449.5,16413.8,-199.546
50.69,16725,16449.6,16414,275.429
50.7,16200,16449.6,16414.2,-249.601
50.71,16650,16449.6,16414.4,200.364
50.72,16350,16449.7,16414.6,-99.6756
50.73,16925,16449.7,16414.8,475.281
50.74,16900,16449.8,16415,450.233
50.75,16425,16449.8,16415.2,-24.8198
50.76,17100,16449.9,16415.4,650.124
50.77,16200,16449.9,16415.6,-249.937
50.78,16800,16450,16415.8,349.998
50.79,16925,16450.1,16416,474.93
50.8,17400,16450.1,16416.2,949.858
50.81,16550,16450.2,16416.4,99.7813
50.82,16350,16450.3,16416.6,-100.299
50.83,16775,16450.4,16416.8,324.618
50.84,16850,16450.5,16417,399.53
50.85,16775,16450.6,16417.2,324.44
50.86,17400,16450.7,16417.4,949.345
50.87,16625,16450.8,16417.6,174.247
50.88,15700,16450.9,16417.8,-750.854
50.89,17650,16451,16418,1199.04
50.9,17425,16451.1,16418.2,973.934
50.91,17125,16451.2,16418.4,673.823
50.92,16600,16451.3,16418.6,148.709
50.93,17225,16451.4,16418.8,773.591
50.94,16075,16451.5,16419,-376.529
50.95,17275,16451.7,16419.2,823.347
50.96,16800,16451.8,16419.4,348.221
50.97,17050,16451.9,16419.6,598.091
50.98,16475,16452,16419.8,22.959
50.99,16775,16452.2,16420,322.824
51,17225,16452.3,16420.2,772.686
51.01,17100,16452.5,16420.4,647.545
51.02,17325,16452.6,16420.6,872.401
51.03,17300,16452.7,16420.8,847.254
51.04,16225,16452.9,16421,-227.895
51.05,16425,16453,16421.2,-28.047
51.06,16650,16453.2,16421.4,196.798
51.07,16750,16453.4,16421.6,296.641
51.08,16550,16453.5,16421.8,96.4814
51.09,15775,16453.7,16422,-678.681
51.1,16300,16453.8,16422.2,-153.846
51.11,16875,16454,16422.4,420.987
51.12,17450,16454.2,16422.6,995.817
51.13,17775,16454.4,16422.8,1320.64
51.14,16950,16454.5,16423,495.469
51.15,16875,16454.7,16423.2,420.292
51.16,15975,16454.9,16423.4,-479.888
51.17,16950,16455.1,16423.6,494.93
51.18,17050,16455.3,16423.8,594.746
51.19,16775,16455.4,16424,319.559
51.2,16150,16455.6,16424.2,-305.63
51.21,15350,16455.8,16424.4,-1105.82
51.22,17000,16456,16424.6,543.985
51.23,15725,16456.2,16424.8,-731.211
51.24,16700,16456.4,16425,243.591
51.25,16975,16456.6,16425.2,518.391
51.26,16350,16456.8,16425.4,-106.812
51.27,16200,16457,16425.6,-257.017
51.28,16450,16457.2,16425.8,-7.22405
51.29,17300,16457.4,16426,842.567
51.3,16125,16457.6,16426.2,-332.645
51.31,16550,16457.9,16426.4,92.1417
51.32,17025,16458.1,16426.6,566.926
51.33,16875,16458.3,16426.8,416.708
51.34,16750,16458.5,16427,291.488
51.35,15400,16458.7,16427.2,-1058.73
51.36,17100,16459,16427.4,641.042
51.37,16750,16459.2,16427.6,290.815
51.38,17700,16459.4,16427.8,1240.59
51.39,16250,16459.6,16428,-209.644
51.4,16600,16459.9,16428.2,140.124
51.41,17650,16460.1,16428.4,1189.89
51.42,16750,16460.3,16428.6,289.652
51.43,16725,16460.6,16428.8,264.413
51.44,17300,16460.8,16429,839.172
51.45,17150,16461.1,16429.3,688.929
51.46,17225,16461.3,16429.5,763.684
51.47,17300,16461.6,16429.7,838.437
51.48,16850,16461.8,16429.9,388.188
51.49,17075,16462.1,16430.1,612.937
51.5,17075,16462.3,16430.3,612.683
51.51,16325,16462.6,16430.5,-137.572
51.52,17125,16462.8,16430.7,662.171
51.53,16250,16463.1,16430.9,-213.089
51.54,16725,16463.4,16431.1,261.65
51.55,16425,16463.6,16431.3,-38.6141
51.56,17575,16463.9,16431.5,1111.12
51.57,17000,16464.1,16431.7,535.853
51.58,17350,16464.4,16431.9,885.583
51.59,16675,16464.7,16432.1,210.311
51.6,18325,16465,16432.3,1860.04
51.61,16900,16465.2,16432.5,434.761
51.62,16775,16465.5,16432.7,309.483
51.63,16575,16465.8,16432.9,109.203
51.64,16575,16466.1,16433.1,108.921
51.65,17225,16466.4,16433.3,758.636
51.66,17100,16466.7,16433.5,633.35
51.67,15900,16466.9,16433.7,-566.939
51.68,16425,16467.2,16433.9,-42.2296
51.69,17300,16467.5,16434.2,832.478
51.7,17200,16467.8,16434.4,732.183
51.71,17275,16468.1,16434.6,806.885
51.72,17650,16468.4,16434.8,1181.59
51.73,16575,16468.7,16435,106.285
51.74,16650,16469,16435.2,180.981
51.75,16225,16469.3,16435.4,-244.325
51.76,17700,16469.6,16435.6,1230.37
51.77,16325,16469.9,16435.8,-144.943
51.78,17350,16470.3,16436,879.744
51.79,18000,16470.6,16436.2,1529.43
51.8,16775,16470.9,16436.4,304.113
51.81,16075,16471.2,16436.6,-396.207
51.82,16600,16471.5,16436.8,128.472
51.83,16750,16471.9,16437,278.148
51.84,17775,16472.2,16437.2,1302.82
51.85,17025,16472.5,16437.4,552.493
51.86,17575,16472.8,16437.6,1102.16
51.87,16950,16473.2,16437.8,476.829
51.88,17050,16473.5,16438.1,576.494
51.89,16925,16473.8,16438.3,451.156
51.9,16700,16474.2,16438.5,225.815
51.91,16275,16474.5,16438.7,-199.527
51.92,17075,16474.9,16438.9,600.127
51.93,16625,16475.2,16439.1,149.779
51.94,16525,16475.6,16439.3,49.429
51.95,16925,16475.9,16439.5,449.076
51.96,15850,16476.3,16439.7,-626.279
51.97,17050,16476.6,16439.9,573.363
51.98,15975,16477,16440.1,-501.998
51.99,16200,16477.4,16440.3,-277.361
52,17425,16477.7,16440.5,947.273
52.01,17175,16478.1,16440.7,696.904
52.02,17075,16478.5,16440.9,596.533
52.03,16625,16478.8,16441.2,146.159
52.04,16750,16479.2,16441.4,270.782
52.05,16350,16479.6,16441.6,-129.597
52.06,16000,16480,16441.8,-479.98
52.07,16175,16480.4,16442,-305.365
52.08,17175,16480.8,16442.2,694.247
52.09,16075,16481.1,16442.4,-406.144
52.1,17200,16481.5,16442.6,718.462
52.11,16750,16481.9,16442.8,268.065
52.12,16625,16482.3,16443,142.665
52.13,17075,16482.7,16443.2,592.262
52.14,17025,16483.1,16443.4,541.855
52.15,16325,16483.6,16443.6,-158.554
52.16,16700,16484,16443.8,216.034
52.17,15725,16484.4,16444.1,-759.382
52.18,17025,16484.8,16444.3,540.199
52.19,16475,16485.2,16444.5,-10.2234
52.2,17475,16485.6,16444.7,989.351
52.21,16725,16486.1,16444.9,238.922
52.22,16425,16486.5,16445.1,-61.5104
52.23,15400,16486.9,16445.3,-1086.95
52.24,16550,16487.4,16445.5,62.6144
52.25,15925,16487.8,16445.7,-562.829
52.26,17400,16488.3,16445.9,911.725
52.27,17275,16488.7,16446.1,786.275
52.28,16575,16489.2,16446.3,85.8207
52.29,17275,16489.6,16446.5,785.363
52.3,16350,16490.1,16446.8,-140.098
52.31,16550,16490.6,16447,59.4361
52.32,17050,16491,16447.2,558.967
52.33,16450,16491.5,16447.4,-41.5065
52.34,16575,16492,16447.6,83.0162
52.35,16725,16492.5,16447.8,232.535
52.36,16700,16493,16448,207.049
52.37,17900,16493.4,16448.2,1406.56
52.38,16850,16493.9,16448.4,356.065
52.39,16675,16494.4,16448.6,180.567
52.4,16275,16494.9,16448.8,-219.936
52.41,16400,16495.4,16449,-95.4437
52.42,16925,16496,16449.3,429.044
52.43,16625,16496.5,16449.5,128.528
52.44,16700,16497,16449.7,203.006
52.45,17625,16497.5,16449.9,1127.48
52.46,17150,16498.1,16450.1,651.949
52.47,16725,16498.6,16450.3,226.413
52.48,16850,16499.1,16450.5,350.872
52.49,18175,16499.7,16450.7,1675.33
52.5,16800,16500.2,16450.9,299.775
52.51,16550,16500.8,16451.1,49.2184
52.52,16625,16501.3,16451.3,123.656
52.53,16800,16501.9,16451.5,298.089
52.54,16700,16502.5,16451.8,197.516
52.55,15825,16503.1,16452,-678.063
52.56,16525,16503.6,16452.2,21.353
52.57,15475,16504.2,16452.4,-1029.24
52.58,17800,16504.8,16452.6,1295.17
52.59,16950,16505.4,16452.8,444.564
52.6,16475,16506,16453,-31.0443
52.61,16275,16506.7,16453.2,-231.659
52.62,16275,16507.3,16453.4,-232.28
52.63,17500,16507.9,16453.6,992.092
52.64,17400,16508.5,16453.8,891.458
52.65,16725,16509.2,16454.1,215.817
52.66,16225,16509.8,16454.3,-284.832
52.67,15800,16510.5,16454.5,-710.487
52.68,16200,16511.1,16454.7,-311.149
52.69,16725,16511.8,16454.9,213.181
52.7,17100,16512.5,16455.1,587.504
52.71,17450,16513.2,16455.3,936.82
52.72,17000,16513.9,16455.5,486.127
52.73,16025,16514.6,16455.7,-489.573
52.74,17225,16515.3,16455.9,709.718
52.75,17125,16516,16456.2,609.002
52.76,16875,16516.7,16456.4,358.276
52.77,16675,16517.5,16456.6,157.542
52.78,17575,16518.2,16456.8,1056.8
52.79,17075,16519,16457,556.048
52.8,17375,16519.7,16457.2,855.287
52.81,16800,16520.5,16457.4,279.517
52.82,15675,16521.3,16457.6,-846.263
52.83,16950,16522.1,16457.8,427.947
52.84,17225,16522.9,16458,702.147
52.85,16900,16523.7,16458.3,376.336
52.86,17150,16524.5,16458.5,625.515
52.87,17125,16525.3,16458.7,599.683
52.88,16650,16526.2,16458.9,123.839
52.89,16500,16527,16459.1,-27.016
52.9,16650,16527.9,16459.3,122.117
52.91,17025,16528.8,16459.5,496.238
52.92,17825,16529.7,16459.7,1295.35
52.93,17700,16530.6,16459.9,1169.44
52.94,16850,16531.5,16460.1,318.523
52.95,17625,16532.4,16460.4,1092.59
52.96,16100,16533.4,16460.6,-433.356
52.97,17350,16534.3,16460.8,815.682
52.98,16975,16535.3,16461,439.705
52.99,17575,16536.3,16461.2,1038.71
53,16725,16537.3,16461.4,187.702
53.01,17775,16538.3,16461.6,1236.67
53.02,16250,16539.4,16461.8,-289.371
53.03,16300,16540.4,16462,-240.435
53.04,16750,16541.5,16462.2,208.481
53.05,16500,16542.6,16462.5,-42.6233
53.06,17025,16543.7,16462.7,481.25
53.07,17425,16544.9,16462.9,880.102
53.08,17325,16546.1,16463.1,778.929
53.09,16575,16547.3,16463.3,27.731
53.1,16400,16548.5,16463.5,-148.493
53.11,16400,16549.7,16463.7,-149.746
53.12,17550,16551,16463.9,998.973
53.13,17350,16552.3,16464.1,797.66
53.14,16675,16553.7,16464.3,121.313
53.15,16075,16555.1,16464.6,-480.068
53.16,16775,16556.5,16464.8,218.513
53.17,16500,16557.9,16465,-57.9449
53.18,16800,16559.4,16465.2,240.554
53.19,17350,16561,16465.4,789.009
53.2,17325,16562.6,16465.6,762.415
53.21,17475,16564.2,16465.8,910.77
53.22,16125,16565.9,16466,-440.93
53.23,16800,16567.7,16466.2,232.311
53.24,17475,16569.5,16466.5,905.489
53.25,16575,16571.4,16466.7,3.60026
53.26,15125,16573.4,16466.9,-1448.36
53.27,16175,16575.4,16467.1,-400.399
53.28,17000,16577.5,16467.3,422.479
53.29,16700,16579.7,16467.5,120.269
53.3,17400,16582,16467.7,817.962
53.31,17900,16584.4,16467.9,1315.55
53.32,17525,16587,16468.1,938.035
53.33,16800,16589.6,16468.3,210.398
53.34,17175,16592.4,16468.6,582.635
53.35,16350,16595.3,16468.8,-245.265
53.36,16750,16598.3,16469,151.69
53.37,17900,16601.5,16469.2,1298.49
53.38,17325,16604.9,16469.4,720.117
53.39,17000,16608.4,16469.6,391.566
53.4,17000,16612.2,16469.8,387.823
53.41,16675,16616.1,16470,58.8727
53.42,16600,16620.3,16470.2,-20.299
53.43,16500,16624.7,16470.5,-124.708
53.44,16650,16629.4,16470.7,20.63
53.45,17750,16634.3,16470.9,1115.7
53.46,18075,16639.5,16471.1,1435.47
53.47,16875,16645.1,16471.3,229.942
53.48,17225,16650.9,16471.5,574.08
53.49,16900,16657.1,16471.7,242.867
53.5,17400,16663.7,16471.9,736.279
53.51,17375,16670.7,16472.1,704.293
53.52,16775,16678.1,16472.3,96.8824
53.53,16125,16686,16472.6,-560.979
53.54,17725,16694.3,16472.8,1030.68
53.55,16200,16703.2,16473,-503.165
53.56,17425,16712.6,16473.2,712.45
53.57,15400,16722.5,16473.4,-1322.51
53.58,16250,16733.1,16473.6,-483.062
53.59,16500,16744.3,16473.8,-244.257
53.6,18000,16756.1,16474,1243.88
53.61,16575,16768.7,16474.2,-193.699
53.62,17900,16782,16474.5,1117.98
53.63,16475,16796.1,16474.7,-321.13
53.64,18475,16811.1,16474.9,1663.93
53.65,17350,16826.9,16475.1,523.13
53.66,16875,16843.6,16475.3,31.4147
53.67,17125,16861.3,16475.5,263.745
53.68,17500,16879.9,16475.7,620.077
53.69,17275,16899.6,16475.9,375.364
53.7,16900,16920.4,16476.1,-20.4387
53.71,17425,16942.4,16476.4,482.621
53.72,16525,16965.5,16476.6,-440.504
53.73,15175,16989.9,16476.8,-1814.86
53.74,16875,17015.5,16477,-140.498
53.75,16200,17042.5,16477.2,-842.463
53.76,16725,17070.8,16477.4,-345.806
53.77,16250,17100.6,16477.6,-850.572
53.78,16450,17131.8,16477.8,-681.811
53.79,15800,17164.6,16478,-1364.57
53.8,16425,17198.9,16478.3,-773.893
53.81,16875,17234.8,16478.5,-359.828
53.82,17875,17272.4,16478.7,602.582
53.83,16775,17311.7,16478.9,-536.707
53.84,17000,17352.7,16479.1,-352.735
53.85,15850,17395.5,16479.3,-1545.54
53.86,17775,17440.2,16479.5,334.835
53.87,17375,17486.6,16479.7,-111.639
53.88,16250,17535,16479.9,-1285
53.89,16725,17585.3,16480.1,-860.269
53.9,17025,17637.5,16480.4,-612.481
53.91,17600,17691.7,16480.6,-91.6549
53.92,16600,17747.8,16480.8,-1147.81
53.93,16625,17806,16481,-1180.97
53.94,15900,17866.1,16481.2,-1966.13
53.95,17575,17928.3,16481.4,-353.31
53.96,17400,17992.5,16481.6,-592.508
53.97,17900,18058.7,16481.8,-158.722
53.98,17150,18126.9,16482,-976.945
53.99,16350,18197.2,16482.3,-1847.16
54,16875,18269.4,16482.5,-1394.35
54.01,17050,18343.5,16482.7,-1293.5
54.02,17025,18419.6,16482.9,-1394.56
54.03,18275,18497.5,16483.1,-222.511
54.04,16775,18577.3,16483.3,-1802.3
54.05,17825,18658.9,16483.5,-833.878
54.06,18675,18742.2,16483.7,-67.1894
54.07,18400,18827.2,16483.9,-427.171
54.08,17550,18913.8,16484.1,-1363.75
54.09,17750,19001.9,16484.4,-1251.86
54.1,18425,19091.4,16484.6,-666.396
54.11,17550,19182.3,16484.8,-1632.28
54.12,18350,19274.4,16485,-924.415
54.13,19550,19367.7,16485.2,182.312
54.14,18900,19462,16485.4,-561.988
54.15,17975,19557.2,16485.6,-1582.2
54.16,18475,19653.2,16485.8,-1178.18
54.17,18300,19749.8,16486,-1449.81
54.18,18600,19846.9,16486.3,-1246.95
54.19,19150,19944.4,16486.5,-794.435
54.2,19275,20042.1,16486.7,-767.123
54.21,19250,20139.8,16486.9,-889.85
54.22,18750,20237.4,16487.1,-1487.45
54.23,19350,20334.7,16487.3,-984.743
54.24,19925,20431.6,16487.5,-506.558
54.25,20500,20527.7,16487.7,-27.7061
54.26,19850,20623,16487.9,-773
54.27,21600,20717.2,16488.1,882.756
54.28,21400,20810.2,16488.4,589.757
54.29,20900,20901.8,16488.6,-1.79303
54.3,21475,20991.7,16488.8,483.309
54.31,21525,21079.7,16489,445.269
54.32,22025,21165.7,16489.2,859.294
54.33,24175,21249.4,16489.4,2925.6
54.34,23775,21330.6,16489.6,2444.38
54.35,24425,21409.1,16489.8,3015.86
54.36,25250,21484.8,16490,3765.23
54.37,25950,21557.3,16490.2,4392.7
54.38,26850,21626.5,16490.5,5223.46
54.39,26650,21692.3,16490.7,4957.72
54.4,25300,21754.3,16490.9,3545.65
54.41,26375,21812.6,16491.1,4562.44
54.42,27775,21866.8,16491.3,5908.25
54.43,26875,21916.8,16491.5,4958.25
54.44,26475,21962.4,16491.7,4512.58
54.45,25325,22003.6,16491.9,3321.38
54.46,25075,22040.2,16492.1,3034.78
54.47,23500,22072.1,16492.3,1427.88
54.48,24050,22099.2,16492.6,1950.79
54.49,24950,22121.4,16492.8,2828.58
54.5,25025,22138.7,16493,2886.31
54.51,24000,22151,16493.2,1849.04
54.52,23175,22158.2,16493.4,1016.8
54.53,24450,22160.4,16493.6,2289.6
54.54,24475,22157.5,16493.8,2317.45
54.55,22750,22149.7,16494,600.325
54.56,22250,22136.8,16494.2,113.193
54.57,21725,22119,16494.4,-393.993
54.58,21375,22096.3,16494.6,-721.295
54.59,21600,22068.8,16494.9,-468.795
54.6,21025,22036.6,16495.1,-1011.58
54.61,21725,21999.8,16495.3,-274.761
54.62,21275,21958.5,16495.5,-683.453
54.63,20600,21912.8,16495.7,-1312.79
54.64,20650,21862.9,16495.9,-1212.9
54.65,19450,21809,16496.1,-2358.95
54.66,18675,21751.1,16496.3,-3076.1
54.67,19450,21689.5,16496.5,-2239.51
54.68,19800,21624.4,16496.7,-1824.36
54.69,18600,21555.8,16496.9,-2955.83
54.7,18625,21484.1,16497.2,-2859.12
54.71,18475,21409.4,16497.4,-2934.41
54.72,19050,21331.9,16497.6,-2281.9
54.73,19275,21251.8,16497.8,-1976.8
54.74,18075,21169.3,16498,-3094.3
54.75,18750,21084.6,16498.2,-2334.61
54.76,17725,20997.9,16498.4,-3272.94
54.77,17875,20909.5,16498.6,-3034.48
54.78,18375,20819.4,16498.8,-2444.43
54.79,17175,20728,16499,-3553
54.8,18200,20635.4,16499.2,-2435.39
54.81,17725,20541.8,16499.5,-2816.79
54.82,17300,20447.4,16499.7,-3147.39
54.83,17575,20352.4,16499.9,-2777.38
54.84,17400,20256.9,16500.1,-2856.94
54.85,17100,20161.2,16500.3,-3061.25
54.86,17725,20065.5,16500.5,-2340.47
54.87,17425,19969.8,16500.7,-2544.79
54.88,17050,19874.4,16500.9,-2824.35
54.89,18050,19779.3,16501.1,-1729.32
54.9,17575,19684.8,16501.3,-2109.84
54.91,17400,19591,16501.5,-2191.05
54.92,17525,19498.1,16501.7,-1973.09
54.93,16175,19406.1,16502,-3231.08
54.94,17550,19315.2,16502.2,-1765.16
54.95,18750,19225.4,16502.4,-475.421
54.96,17425,19137,16502.6,-1711.99
54.97,17550,19050,16502.8,-1499.96
54.98,17800,18964.4,16503,-1164.42
54.99,17075,18880.5,16503.2,-1805.47
55,18525,18798.2,16503.4,-273.177
55.01,18375,18717.6,16503.6,-342.625
55.02,17050,18638.9,16503.8,-1588.88
55.03,18300,18562,16504,-261.997
55.04,17075,18487,16504.2,-1412.04
55.05,17425,18414,16504.5,-989.045
55.06,16100,18343.1,16504.7,-2243.07
55.07,17975,18274.1,16504.9,-299.134
55.08,17050,18207.3,16505.1,-1157.28
55.09,16275,18142.5,16505.3,-1867.54
55.1,16925,18079.9,16505.5,-1154.92
55.11,16775,18019.4,16505.7,-1244.44
55.12,17150,17961.1,16505.9,-811.124
55.13,16050,17905,16506.1,-1854.97
55.14,16700,17851,16506.3,-1150.97
55.15,16975,17799.1,16506.5,-824.142
55.16,16650,17749.5,16506.7,-1099.47
55.17,17600,17702,16506.9,-101.954
55.18,16600,17656.6,16507.2,-1056.58
55.19,17825,17613.3,16507.4,211.673
55.2,17775,17572.2,16507.6,202.812
55.21,16725,17533.1,16507.8,-808.142
55.22,17850,17496.2,16508,353.832
55.23,17325,17461.2,16508.2,-136.244
55.24,16625,17428.3,16508.4,-803.345
55.25,17950,17397.4,16508.6,552.553
55.26,16750,17368.5,16508.8,-618.523
55.27,17650,17341.5,16509,308.455
55.28,15875,17316.5,16509.2,-1441.49
55.29,16700,17293.3,16509.4,-593.315
55.3,17275,17272,16509.6,2.99591
55.31,17800,17252.5,16509.8,547.476
55.32,17125,17234.8,16510,-109.845
55.33,16975,17218.9,16510.3,-243.937
55.34,17400,17204.8,16510.5,195.229
55.35,17725,17192.3,16510.7,532.682
55.36,17625,17181.5,16510.9,443.453
55.37,17125,17172.4,16511.1,-47.4325
55.38,17275,17164.9,16511.3,110.056
55.39,16975,17159.1,16511.5,-184.056
55.4,17050,17154.7,16511.7,-104.739
55.41,17300,17152,16511.9,148.032
55.42,16525,17150.7,16512.1,-625.718
55.43,17525,17151,16512.3,374.039
55.44,17450,17152.7,16512.5,297.325
55.45,17175,17155.8,16512.7,19.166
55.46,17275,17160.4,16512.9,114.585
55.47,16900,17166.4,16513.1,-266.394
55.48,17700,17173.7,16513.3,526.251
55.49,17350,17182.5,16513.6,167.542
55.5,18400,17192.5,16513.8,1207.5
55.51,17375,17203.8,16514,171.156
55.52,19100,17216.5,16514.2,1883.52
55.53,18225,17230.4,16514.4,994.622
55.54,17175,17245.5,16514.6,-70.5199
55.55,16850,17261.9,16514.8,-411.882
55.56,18475,17279.4,16515,1195.56
55.57,18350,17298.2,16515.2,1051.82
55.58,17625,17318.1,16515.4,306.934
55.59,18275,17339.1,16515.6,935.919
55.6,18175,17361.2,16515.8,813.8
55.61,17825,17384.4,16516,440.604
55.62,18725,17408.6,16516.2,1316.36
55.63,18950,17433.9,16516.4,1516.09
55.64,18125,17460.2,16516.6,664.82
55.65,18875,17487.4,16516.8,1387.59
55.66,18225,17515.6,16517,709.422
55.67,19150,17544.6,16517.2,1605.35
55.68,19675,17574.6,16517.5,2100.42
55.69,18425,17605.3,16517.7,819.651
55.7,18875,17636.9,16517.9,1238.09
55.71,19900,17669.2,16518.1,2230.77
55.72,19575,17702.3,16518.3,1872.73
55.73,19550,17736,16518.5,1814.03
55.74,20325,17770.3,16518.7,2554.69
55.75,20550,17805.2,16518.9,2744.77
55.76,19900,17840.7,16519.1,2059.32
55.77,20825,17876.6,16519.3,2948.39
55.78,20575,17913,16519.5,2662.02
55.79,21025,17949.7,16519.7,3075.28
55.8,19525,17986.8,16519.9,1538.22
55.81,21000,18024.1,16520.1,2975.9
55.82,21275,18061.6,16520.3,3213.37
55.83,21650,18099.3,16520.5,3550.71
55.84,21250,18137,16520.7,3112.97
55.85,20650,18174.8,16520.9,2475.22
55.86,21625,18212.5,16521.1,3412.53
55.87,21025,18250,16521.3,2774.97
55.88,19775,18287.4,16521.5,1487.61
55.89,20525,18324.5,16521.7,2200.52
55.9,21075,18361.2,16521.9,2713.78
55.91,20225,18397.5,16522.1,1827.46
55.92,20975,18433.4,16522.3,2541.64
55.93,19650,18468.6,16522.6,1181.4
55.94,20925,18503.2,16522.8,2421.81
55.95,20250,18537,16523,1712.95
55.96,19675,18570.1,16523.2,1104.91
55.97,19800,18602.2,16523.4,1197.76
55.98,20225,18633.4,16523.6,1591.57
55.99,19900,18663.6,16523.8,1236.44
56,20025,18692.6,16524,1332.43
56.01,19600,18720.4,16524.2,879.618
56.02,18825,18746.9,16524.4,78.0816
56.03,18400,18772.1,16524.6,-372.108
56.04,18925,18795.9,16524.8,129.118
56.05,17825,18818.2,16525,-993.174
56.06,18075,18838.9,16525.2,-763.919
56.07,17700,18858.1,16525.4,-1158.06
56.08,18125,18875.5,16525.6,-750.538
56.09,17425,18891.3,16525.8,-1466.3
56.1,17775,18905.3,16526,-1130.31
56.11,17825,18917.5,16526.2,-1092.51
56.12,18250,18927.9,16526.4,-677.881
56.13,18325,18936.4,16526.6,-611.379
56.14,17325,18943,16526.8,-1617.98
56.15,17525,18947.7,16527,-1422.67
56.16,17500,18950.4,16527.2,-1450.43
56.17,17900,18951.3,16527.4,-1051.26
56.18,17125,18950.1,16527.6,-1825.14
56.19,17900,18947.1,16527.8,-1047.1
56.2,16700,18942.1,16528,-2242.12
56.21,18200,18935.2,16528.2,-735.242
56.22,17875,18926.5,16528.4,-1051.47
56.23,17550,18915.8,16528.6,-1365.84
56.24,17175,18903.4,16528.8,-1728.37
56.25,16800,18889.1,16529,-2089.11
56.26,17075,18873.1,16529.2,-1798.1
56.27,17350,18855.4,16529.4,-1505.38
56.28,17350,18836,16529.6,-1485.99
56.29,16950,18815,16529.8,-1865
56.3,16525,18792.5,16530,-2267.47
56.31,17875,18768.4,16530.2,-893.437
56.32,18400,18743,16530.4,-342.982
56.33,16925,18716.2,16530.6,-1791.17
56.34,15875,18688.1,16530.8,-2813.06
56.35,17175,18658.7,16531,-1483.73
56.36,17650,18628.2,16531.2,-978.242
56.37,18625,18596.7,16531.4,28.3199
56.38,17600,18564.1,16531.6,-964.113
56.39,17400,18530.6,16531.8,-1130.62
56.4,17150,18496.3,16532,-1346.26
56.41,17100,18461.1,16532.2,-1361.13
56.42,16725,18425.3,16532.4,-1700.29
56.43,16300,18388.8,16532.6,-2088.82
56.44,16700,18351.8,16532.8,-1651.79
56.45,16475,18314.3,16533,-1839.28
56.46,16975,18276.4,16533.2,-1301.36
56.47,16800,18238.1,16533.4,-1438.1
56.48,16250,18199.6,16533.6,-1949.56
56.49,16875,18160.8,16533.8,-1285.82
56.5,17075,18121.9,16534,-1046.94
56.51,16575,18083,16534.2,-1507.99
56.52,16750,18044,16534.4,-1294.02
56.53,16250,18005.1,16534.6,-1755.1
56.54,16300,17966.3,16534.8,-1666.29
56.55,16625,17927.6,16535,-1302.64
56.56,16000,17889.2,16535.2,-1889.2
56.57,15975,17851,16535.4,-1876.03
56.58,17025,17813.2,16535.6,-788.172
56.59,17050,17775.7,16535.8,-725.672
56.6,16750,17738.6,16536,-988.575
56.61,15875,17701.9,16536.2,-1826.92
56.62,16675,17665.7,16536.4,-990.748
56.63,18500,17630.1,16536.6,869.907
56.64,17350,17595,16536.8,-244.989
56.65,16900,17560.5,16537,-660.466
56.66,15925,17526.6,16537.2,-1601.55
56.67,16000,17493.3,16537.4,-1493.28
56.68,17075,17460.7,16537.6,-385.659
56.69,16875,17428.7,16537.8,-553.721
56.7,17400,17397.5,16538,2.51866
56.71,16875,17367,16538.2,-491.957
56.72,17125,17337.2,16538.4,-212.162
56.73,16325,17308.1,16538.6,-983.107
56.74,16550,17279.8,16538.8,-729.803
56.75,17150,17252.3,16539,-102.258
56.76,17975,17225.5,16539.2,749.524
56.77,15775,17199.5,16539.4,-1424.46
56.78,16750,17174.2,16539.6,-424.219
56.79,16575,17149.7,16539.8,-574.746
56.8,16325,17126,16540,-801.041
56.81,16225,17103.1,16540.2,-878.102
56.82,17525,17080.9,16540.4,444.076
56.83,17200,17059.5,16540.5,140.499
56.84,16750,17038.8,16540.7,-288.825
56.85,17275,17018.9,16540.9,256.111
56.86,16000,16999.7,16541.1,-999.683
56.87,17150,16981.2,16541.3,168.805
56.88,16350,16963.4,16541.5,-613.415
56.89,16700,16946.3,16541.7,-246.329
56.9,18050,16929.9,16541.9,1120.08
56.91,16600,16914.2,16542.1,-314.186
56.92,16875,16899.1,16542.3,-24.0998
56.93,18000,16884.7,16542.5,1115.35
56.94,17125,16870.8,16542.7,254.178
56.95,17175,16857.6,16542.9,317.401
56.96,16750,16845,16543.1,-94.963
56.97,16575,16832.9,16543.3,-257.898
56.98,17350,16821.4,16543.5,528.612
56.99,17550,16810.4,16543.7,739.586
57,16850,16800,16543.9,50.0409
57.01,16325,16790,16544.1,-465.006
57.02,17275,16780.5,16544.3,494.462
57.03,16550,16771.5,16544.5,-221.537
57.04,16425,16763,16544.7,-337.986
57.05,17950,16754.9,16544.9,1195.13
57.06,17175,16747.2,16545,427.835
57.07,17500,16739.9,16545.2,760.137
57.08,16875,16732.9,16545.4,142.057
57.09,17275,16726.4,16545.6,548.61
57.1,16450,16720.2,16545.8,-270.189
57.11,16700,16714.3,16546,-14.3231
57.12,16950,16708.8,16546.2,241.222
57.13,16625,16703.5,16546.4,-78.5391
57.14,17750,16698.6,16546.6,1051.41
57.15,17825,16693.9,16546.8,1131.08
57.16,17350,16689.5,16547,660.483
57.17,16275,16685.4,16547.2,-410.364
57.18,16775,16681.4,16547.4,93.5508
57.19,17375,16677.8,16547.6,697.239
57.2,17850,16674.3,16547.8,1175.71
57.21,17350,16671,16548,678.982
57.22,16875,16667.9,16548.1,207.058
57.23,17450,16665,16548.3,784.952
57.24,16650,16662.3,16548.5,-12.3259
57.25,15500,16659.8,16548.7,-1159.77
57.26,15725,16657.4,16548.9,-932.362
57.27,16975,16655.1,16549.1,319.897
57.28,17100,16653,16549.3,447.02
57.29,17625,16651,16549.5,974.014
57.3,17625,16649.1,16549.7,975.886
57.31,17175,16647.4,16549.9,527.644
57.32,17575,16645.7,16550.1,929.295
57.33,18175,16644.2,16550.3,1530.84
57.34,16875,16642.7,16550.5,232.298
57.35,15775,16641.3,16550.6,-866.337
57.36,16300,16640.1,16550.8,-340.056
57.37,17500,16638.9,16551,861.145
57.38,15800,16637.7,16551.2,-837.727
57.39,17050,16636.7,16551.4,413.331
57.4,17075,16635.7,16551.6,439.324
57.41,17125,16634.7,16551.8,490.256
57.42,16900,16633.9,16552,266.13
57.43,17100,16633,16552.2,466.951
57.44,15425,16632.3,16552.4,-1207.28
57.45,16600,16631.6,16552.6,-31.558
57.46,17275,16630.9,16552.8,644.119
57.47,16700,16630.2,16552.9,69.7542
57.48,17125,16629.7,16553.1,495.35
57.49,17000,16629.1,16553.3,370.908
57.5,17150,16628.6,16553.5,521.431
57.51,15325,16628.1,16553.7,-1303.08
57.52,16275,16627.6,16553.9,-352.62
57.53,16700,16627.2,16554.1,72.8096
57.54,15975,16626.8,16554.3,-651.789
57.55,16625,16626.4,16554.5,-1.41361
57.56,18250,16626.1,16554.7,1623.94
57.57,16225,16625.7,16554.8,-400.737
57.58,16975,16625.4,16555,349.567
57.59,18050,16625.2,16555.2,1424.85
57.6,17875,16624.9,16555.4,1250.11
57.61,16925,16624.6,16555.6,300.353
57.62,17650,16624.4,16555.8,1025.58
57.63,18075,16624.2,16556,1450.78
57.64,16875,16624,16556.2,250.968
57.65,15925,16623.9,16556.4,-698.862
57.66,17300,16623.7,16556.5,676.292
57.67,17900,16623.6,16556.7,1276.43
57.68,16525,16623.4,16556.9,-98.4485
57.69,17325,16623.3,16557.1,701.658
57.7,16700,16623.3,16557.3,76.7499
57.71,16675,16623.2,16557.5,51.8268
57.72,16175,16623.1,16557.7,-448.111
57.73,16525,16623.1,16557.9,-98.0633
57.74,16775,16623,16558.1,151.97
57.75,17525,16623,16558.2,901.989
57.76,16800,16623,16558.4,176.993
57.77,15875,16623,16558.6,-748.018
57.78,15825,16623,16558.8,-798.043
57.79,16550,16623.1,16559,-73.0831
57.8,16850,16623.1,16559.2,226.862
57.81,17100,16623.2,16559.4,476.791
57.82,16075,16623.3,16559.6,-548.296
57.83,17175,16623.4,16559.7,551.602
57.84,17750,16623.5,16559.9,1126.48
57.85,17500,16623.7,16560.1,876.346
57.86,16600,16623.8,16560.3,-23.8081
57.87,16225,16624,16560.5,-398.981
57.88,15775,16624.2,16560.7,-849.172
57.89,17775,16624.4,16560.9,1150.62
57.9,16025,16624.6,16561,-599.615
57.91,16975,16624.9,16561.2,350.132
57.92,16400,16625.1,16561.4,-225.143
57.93,15375,16625.4,16561.6,-1250.44
57.94,15775,16625.8,16561.8,-850.765
57.95,16400,16626.1,16562,-226.113
57.96,16550,16626.5,16562.2,-76.489
57.97,17650,16626.9,16562.3,1023.11
57.98,16800,16627.3,16562.5,172.674
57.99,16950,16627.8,16562.7,322.209
58,16675,16628.3,16562.9,46.7122
58.01,17450,16628.8,16563.1,821.181
58.02,16525,16629.4,16563.3,-104.387
58.03,17650,16630,16563.5,1020.01
58.04,15675,16630.6,16563.6,-955.639
58.05,16100,16631.3,16563.8,-531.327
58.06,16100,16632.1,16564,-532.06
58.07,17775,16632.8,16564.2,1142.16
58.08,16225,16633.7,16564.4,-408.668
58.09,16750,16634.5,16564.6,115.452
58.1,16000,16635.5,16564.8,-635.483
58.11,17375,16636.5,16564.9,738.524
58.12,17050,16637.5,16565.1,412.472
58.13,16975,16638.6,16565.3,336.356
58.14,16900,16639.8,16565.5,260.174
58.15,18000,16641.1,16565.7,1358.92
58.16,17525,16642.4,16565.9,882.598
58.17,16550,16643.8,16566,-93.8042
58.18,16725,16645.3,16566.2,79.7137
58.19,17750,16646.9,16566.4,1103.15
58.2,16875,16648.5,16566.6,226.493
58.21,16725,16650.3,16566.8,74.7462
58.22,16525,16652.1,16567,-127.097
58.23,17200,16654,16567.1,545.959
58.24,16425,16656.1,16567.3,-231.089
58.25,17050,16658.2,16567.5,391.752
58.26,17275,16660.5,16567.7,614.48
58.27,17325,16662.9,16567.9,662.089
58.28,16350,16665.4,16568,-315.426
58.29,17525,16668.1,16568.2,856.931
58.3,18350,16670.8,16568.4,1679.15
58.31,17125,16673.8,16568.6,451.239
58.32,16875,16676.8,16568.8,198.18
58.33,16350,16680,16569,-330.027
58.34,16750,16683.4,16569.1,66.6121
58.35,16700,16686.9,16569.3,13.0924
58.36,16425,16690.6,16569.5,-265.591
58.37,17125,16694.4,16569.7,430.556
58.38,17325,16698.5,16569.9,626.529
58.39,17850,16702.7,16570,1147.32
58.4,17100,16707.1,16570.2,392.931
58.41,17150,16711.6,16570.4,438.351
58.42,17100,16716.4,16570.6,383.577
58.43,16400,16721.4,16570.8,-321.397
58.44,18075,16726.6,16570.9,1348.43
58.45,17525,16732,16571.1,793.041
58.46,18125,16737.6,16571.3,1387.44
58.47,17200,16743.4,16571.5,456.63
58.48,16675,16749.4,16571.7,-74.4049
58.49,15700,16755.7,16571.8,-1055.66
58.5,16775,16762.2,16572,12.8499
58.51,17325,16768.9,16572.2,556.133
58.52,15900,16775.8,16572.4,-875.818
58.53,16025,16783,16572.6,-758.005
58.54,15625,16790.4,16572.7,-1165.43
58.55,16775,16798.1,16572.9,-23.0957
58.56,17650,16806,16573.1,843.997
58.57,16425,16814.2,16573.3,-389.153
58.58,18000,16822.5,16573.5,1177.45
58.59,15775,16831.2,16573.6,-1056.18
58.6,16950,16840.1,16573.8,109.939
58.61,16575,16849.2,16574,-274.183
58.62,16725,16858.5,16574.2,-133.545
58.63,17725,16868.1,16574.4,856.854
58.64,16700,16878,16574.5,-177.983
58.65,18075,16888.1,16574.7,1186.95
58.66,16575,16898.4,16574.9,-323.354
58.67,16200,16908.9,16575.1,-708.879
58.68,16675,16919.6,16575.2,-244.626
58.69,16850,16930.6,16575.4,-80.5866
58.7,16275,16941.8,16575.6,-666.756
58.71,17000,16953.1,16575.8,46.8719
58.72,17175,16964.7,16576,210.306
58.73,16950,16976.4,16576.1,-26.4466
58.74,16850,16988.4,16576.3,-138.376
58.75,16125,17000.5,16576.5,-875.474
58.76,17200,17012.7,16576.7,187.271
58.77,17450,17025.1,16576.8,424.869
58.78,16400,17037.7,16577,-637.667
58.79,17075,17050.3,16577.2,24.6735
58.8,16400,17063.1,16577.4,-663.095
58.81,16650,17076,16577.5,-425.96
58.82,17025,17088.9,16577.7,-63.9064
58.83,16925,17101.9,16577.9,-176.919
58.84,16725,17115,16578.1,-389.983
58.85,16150,17128.1,16578.2,-978.081
58.86,17475,17141.2,16578.4,333.804
58.87,18125,17154.3,16578.6,970.689
58.88,18525,17167.4,16578.8,1357.59
58.89,17625,17180.5,16578.9,444.531
58.9,17075,17193.5,16579.1,-118.473
58.91,16675,17206.4,16579.3,-531.4
58.92,16900,17219.2,16579.5,-319.232
58.93,17550,17231.9,16579.6,318.053
58.94,16700,17244.5,16579.8,-544.524
58.95,17525,17256.9,16580,268.058
58.96,16525,17269.2,16580.2,-744.179
58.97,16750,17281.2,16580.3,-531.213
58.98,17350,17293,16580.5,56.9785
58.99,16750,17304.6,16580.7,-554.583
59,16225,17315.9,16580.9,-1090.87
59.01,18375,17326.9,16581,1048.13
59.02,17650,17337.6,16581.2,312.44
59.03,18050,17347.9,16581.4,702.091
59.04,17750,17357.9,16581.6,392.1
59.05,16700,17367.5,16581.7,-667.512
59.06,18700,17376.7,16581.9,1323.28
59.07,18325,17385.5,16582.1,939.486
59.08,17775,17393.9,16582.2,381.137
59.09,16875,17401.8,16582.4,-526.753
59.1,17925,17409.2,16582.6,515.835
59.11,17875,17416.1,16582.8,458.918
59.12,17225,17422.5,16582.9,-197.488
59.13,16950,17428.4,16583.1,-478.367
59.14,18600,17433.7,16583.3,1166.29
59.15,16700,17438.5,16583.5,-738.492
59.16,17525,17442.7,16583.6,82.286
59.17,17075,17446.4,16583.8,-371.362
59.18,17450,17449.4,16584,0.572451
59.19,17525,17451.9,16584.1,73.096
59.2,18675,17453.8,16584.3,1221.21
59.21,18500,17455.1,16584.5,1044.93
59.22,17425,17455.8,16584.7,-30.7538
59.23,18500,17455.8,16584.8,1044.16
59.24,17275,17455.3,16585,-180.32
59.25,16775,17454.2,16585.2,-679.206
59.26,17550,17452.5,16585.3,97.5013
59.27,18050,17450.2,16585.5,599.796
59.28,17450,17447.3,16585.7,2.67107
59.29,18125,17443.9,16585.8,681.118
59.3,17475,17439.9,16586,35.1275
59.31,17400,17435.3,16586.2,-35.312
59.32,18050,17430.2,16586.4,619.787
59.33,16300,17424.6,16586.5,-1124.59
59.34,17375,17418.5,16586.7,-43.4534
59.35,17225,17411.8,16586.9,-186.823
59.36,17100,17404.7,16587,-304.715
59.37,17300,17397.1,16587.2,-97.1454
59.38,17750,17389.1,16587.4,360.867
59.39,17875,17380.7,16587.5,494.303
59.4,18325,17371.9,16587.7,953.143
59.41,16650,17362.6,16587.9,-712.633
59.42,17525,17353,16588,171.954
59.43,17825,17343.1,16588.2,481.884
59.44,17575,17332.9,16588.4,242.135
59.45,16700,17322.3,16588.6,-622.314
59.46,17225,17311.5,16588.7,-86.4861
59.47,17300,17300.4,16588.9,-0.401837
59.48,16950,17289.1,16589.1,-339.083
59.49,16725,17277.6,16589.2,-552.553
59.5,16950,17265.8,16589.4,-315.831
59.51,17100,17253.9,16589.6,-153.94
59.52,17700,17241.9,16589.7,458.098
59.53,18125,17229.7,16589.9,895.264
59.54,17375,17217.5,16590.1,157.536
59.55,16675,17205.1,16590.2,-530.106
59.56,15825,17192.7,16590.4,-1367.68
59.57,17000,17180.2,16590.6,-180.21
59.58,17425,17167.7,16590.7,257.29
59.59,17100,17155.2,16590.9,-55.2011
59.6,16500,17142.7,16591.1,-642.7
59.61,16400,17130.2,16591.2,-730.225
59.62,16650,17117.8,16591.4,-467.791
59.63,16075,17105.4,16591.6,-1030.42
59.64,17375,17093.1,16591.7,281.886
59.65,16700,17080.9,16591.9,-380.901
59.66,17325,17068.8,16592.1,256.21
59.67,16925,17056.8,16592.2,-131.794
59.68,17600,17044.9,16592.4,555.073
59.69,16925,17033.2,16592.5,-108.2
59.7,16525,17021.6,16592.7,-496.626
59.71,16325,17010.2,16592.9,-685.214
59.72,16425,16999,16593,-573.974
59.73,15975,16987.9,16593.2,-1012.92
59.74,16575,16977,16593.4,-402.049
59.75,17225,16966.4,16593.5,258.62
59.76,17375,16955.9,16593.7,419.083
59.77,17850,16945.7,16593.9,904.334
59.78,17225,16935.6,16594,289.366
59.79,18600,16925.8,16594.2,1674.17
59.8,17125,16916.2,16594.4,208.755
59.81,17075,16906.9,16594.5,168.102
59.82,17100,16897.8,16594.7,202.213
59.83,17500,16888.9,16594.8,611.085
59.84,15825,16880.3,16595,-1055.28
59.85,17875,16871.9,16595.2,1003.1
59.86,17150,16863.8,16595.3,286.244
59.87,17275,16855.9,16595.5,419.139
59.88,16950,16848.2,16595.7,101.789
59.89,16400,16840.8,16595.8,-440.808
59.9,17650,16833.7,16596,816.349
59.91,16100,16826.7,16596.1,-726.74
59.92,17200,16820.1,16596.3,379.928
59.93,17025,16813.6,16596.5,211.354
59.94,16050,16807.5,16596.6,-757.461
59.95,16550,16801.5,16596.8,-251.514
59.96,17325,16795.8,16597,529.197
59.97,16675,16790.3,16597.1,-115.326
59.98,17350,16785.1,16597.3,564.922
59.99,16625,16780.1,16597.4,-155.058
60,16625,16775.3,16597.6,-150.262
60.01,17425,16770.7,16597.8,654.315
60.02,16100,16766.3,16597.9,-666.326
60.03,17100,16762.2,16598.1,337.821
60.04,17200,16758.2,16598.2,441.758
60.05,16350,16754.5,16598.4,-404.51
60.06,16950,16751,16598.6,199.021
60.07,17100,16747.6,16598.7,352.354
60.08,17425,16744.5,16598.9,680.494
60.09,17650,16741.6,16599,908.445
60.1,16300,16738.8,16599.2,-438.791
60.11,16225,16736.2,16599.4,-511.208
60.12,17100,16733.8,16599.5,366.197
60.13,16475,16731.6,16599.7,-256.573
60.14,16575,16729.5,16599.8,-154.513
60.15,17225,16727.6,16600,497.379
60.16,17050,16725.9,16600.2,324.107
60.17,18325,16724.3,16600.3,1600.67
60.18,17150,16722.9,16600.5,427.084
60.19,18275,16721.7,16600.6,1553.34
60.2,17225,16720.6,16600.8,504.44
60.21,16400,16719.6,16600.9,-319.609
60.22,17775,16718.8,16601.1,1056.19
60.23,17850,16718.1,16601.3,1131.85
60.24,17475,16717.6,16601.4,757.366
60.25,17400,16717.3,16601.6,682.736
60.26,16300,16717,16601.7,-417.035
60.27,16275,16716.9,16601.9,-441.946
60.28,17050,16717,16602.1,333.002
60.29,17900,16717.2,16602.2,1182.81
60.3,17000,16717.5,16602.4,282.481
60.31,17225,16718,16602.5,507.011
60.32,16100,16718.6,16602.7,-618.599
60.33,16425,16719.4,16602.8,-294.35
60.34,16500,16720.2,16603,-220.243
60.35,16800,16721.3,16603.1,78.7213
60.36,17525,16722.5,16603.3,802.541
60.37,16150,16723.8,16603.5,-573.787
60.38,15825,16725.3,16603.6,-900.264
60.39,17050,16726.9,16603.8,323.107
60.4,16675,16728.7,16603.9,-53.6759
60.41,16250,16730.6,16604.1,-480.617
60.42,17800,16732.7,16604.2,1067.28
60.43,16800,16735,16604.4,65.0116
60.44,17200,16737.4,16604.5,462.574
60.45,16425,16740,16604.7,-315.038
60.46,17725,16742.8,16604.9,982.171
60.47,16750,16745.8,16605,4.19622
60.48,17375,16749,16605.2,626.032
60.49,16850,16752.3,16605.3,97.673
60.5,17750,16755.9,16605.5,994.113
60.51,18275,16759.7,16605.6,1515.35
60.52,17550,16763.6,16605.8,786.365
60.53,18125,16767.8,16605.9,1357.16
60.54,18175,16772.3,16606.1,1402.73
60.55,17025,16776.9,16606.2,248.071
60.56,16925,16781.8,16606.4,143.166
60.57,17475,16787,16606.5,688.011
60.58,17950,16792.4,16606.7,1157.6
60.59,17475,16798.1,16606.9,676.92
60.6,15975,16804,16607,-829.032
60.61,16275,16810.3,16607.2,-535.266
60.62,17125,16816.8,16607.3,308.209
60.63,17275,16823.6,16607.5,451.385
60.64,17425,16830.7,16607.6,594.254
60.65,18200,16838.2,16607.8,1361.81
60.66,16325,16846,16607.9,-520.968
60.67,17200,16854.1,16608.1,345.925
60.68,16900,16862.5,16608.2,37.474
60.69,17425,16871.3,16608.4,553.672
60.7,16500,16880.5,16608.5,-380.491
60.71,17100,16890,16608.7,209.977
60.72,16300,16899.9,16608.8,-599.932
60.73,15875,16910.2,16609,-1035.23
60.74,16700,16920.9,16609.1,-220.918
60.75,16775,16932,16609.3,-157.01
60.76,16600,16943.5,16609.4,-343.513
60.77,16225,16955.4,16609.6,-730.434
60.78,16925,16967.8,16609.7,-42.7799
60.79,16200,16980.6,16609.9,-780.558
60.8,17775,16993.8,16610,781.224
60.81,17425,17007.4,16610.2,417.561
60.82,16500,17021.6,16610.3,-521.553
60.83,17350,17036.1,16610.5,313.875
60.84,16850,17051.2,16610.6,-201.158
60.85,15825,17066.7,16610.8,-1241.66
60.86,17375,17082.6,16610.9,292.372
60.87,18425,17099.1,16611.1,1325.93
60.88,17700,17116,16611.2,584.006
60.89,17000,17133.4,16611.4,-133.395
60.9,16950,17151.3,16611.5,-201.277
60.91,17325,17169.6,16611.7,155.359
60.92,17650,17188.5,16611.8,461.512
60.93,17000,17207.8,16612,-207.818
60.94,16700,17227.6,16612.1,-527.628
60.95,17075,17247.9,16612.3,-172.918
60.96,16875,17268.7,16612.4,-393.685
60.97,17375,17289.9,16612.6,85.0746
60.98,17625,17311.6,16612.7,313.364
60.99,17525,17333.8,16612.9,191.189
61,16125,17356.4,16613,-1231.44
61.01,17450,17379.5,16613.2,70.4693
61.02,17225,17403.1,16613.3,-178.062
61.03,16175,17427,16613.4,-1252.03
61.04,17725,17451.4,16613.6,273.573
61.05,16925,17476.2,16613.7,-551.241
61.06,18425,17501.5,16613.9,923.538
61.07,17075,17527.1,16614,-452.079
61.08,18225,17553.1,16614.2,671.921
61.09,19275,17579.4,16614.3,1695.55
61.1,18350,17606.2,16614.5,743.825
61.11,18150,17633.2,16614.6,516.758
61.12,19100,17660.6,16614.8,1439.37
61.13,18075,17688.3,16614.9,386.664
61.14,18650,17716.3,16615.1,933.671
61.15,17900,17744.6,16615.2,155.404
61.16,18600,17773.1,16615.3,826.882
61.17,17050,17801.9,16615.5,-751.876
61.18,18225,17830.8,16615.6,394.151
61.19,18225,17860,16615.8,364.983
61.2,18825,17889.4,16615.9,935.642
61.21,20525,17918.9,16616.1,2606.15
61.22,18825,17948.5,16616.2,876.527
61.23,19675,17978.2,16616.4,1696.8
61.24,19225,18008,16616.5,1216.99
61.25,19300,18037.9,16616.6,1262.12
61.26,20075,18067.8,16616.8,2007.21
61.27,18000,18097.7,16616.9,-97.7019
61.28,18125,18127.6,16617.1,-2.60289
61.29,18600,18157.5,16617.2,442.535
61.3,19875,18187.3,16617.4,1687.74
61.31,18750,18217,16617.5,533.028
61.32,19225,18246.6,16617.6,978.433
61.33,17550,18276,16617.8,-726.024
61.34,19550,18305.3,16617.9,1244.68
61.35,18925,18334.4,16618.1,590.573
61.36,17800,18363.3,16618.2,-563.325
61.37,17725,18392,16618.4,-666.99
61.38,19375,18420.4,16618.5,954.6
61.39,18625,18448.5,16618.6,176.466
61.4,17425,18476.4,16618.8,-1051.37
61.41,18650,18503.9,16618.9,146.107
61.42,18000,18531.1,16619.1,-531.08
61.43,17325,18557.9,16619.2,-1232.92
61.44,18600,18584.4,16619.3,15.6109
61.45,18000,18610.5,16619.5,-610.481
61.46,18400,18636.2,16619.6,-236.182
61.47,17925,18661.5,16619.8,-736.48
61.48,17700,18686.4,16619.9,-986.368
61.49,17050,18710.8,16620,-1660.84
61.5,17550,18734.9,16620.2,-1184.89
61.51,18625,18758.5,16620.3,-133.51
61.52,17025,18781.7,16620.5,-1756.71
61.53,17400,18804.5,16620.6,-1404.48
61.54,16900,18826.8,16620.7,-1926.83
61.55,17925,18848.8,16620.9,-923.76
61.56,18300,18870.3,16621,-570.281
61.57,18575,18891.4,16621.2,-316.399
61.58,18200,18912.1,16621.3,-712.126
61.59,17025,18932.5,16621.4,-1907.47
61.6,16850,18952.4,16621.6,-2102.45
61.61,17450,18972.1,16621.7,-1522.07
61.62,17700,18991.4,16621.9,-1291.36
61.63,17325,19010.3,16622,-1685.33
61.64,18775,19029,16622.1,-253.996
61.65,17275,19047.4,16622.3,-1772.38
61.66,17950,19065.5,16622.4,-1115.5
61.67,17800,19083.4,16622.5,-1283.38
61.68,16800,19101,16622.7,-2301.03
61.69,17125,19118.5,16622.8,-1993.48
61.7,17900,19135.8,16623,-1235.76
61.71,17050,19152.9,16623.1,-2102.87
61.72,16425,19169.8,16623.2,-2744.84
61.73,18150,19186.7,16623.4,-1036.69
61.74,18175,19203.4,16623.5,-1028.45
61.75,18175,19220.1,16623.6,-1045.12
61.76,18500,19236.7,16623.8,-736.735
61.77,17900,19253.3,16623.9,-1353.3
61.78,18275,19269.8,16624.1,-994.838
61.79,19100,19286.4,16624.2,-186.36
61.8,17850,19302.9,16624.3,-1452.88
61.81,18150,19319.4,16624.5,-1169.41
61.82,18325,19336,16624.6,-1010.96
61.83,18325,19352.5,16624.7,-1027.54
61.84,19200,19369.1,16624.9,-169.148
61.85,18250,19385.8,16625,-1135.8
61.86,19300,19402.5,16625.1,-102.485
61.87,19200,19419.2,16625.3,-219.214
61.88,18275,19436,16625.4,-1160.98
61.89,19850,19452.8,16625.5,397.221
61.9,18075,19469.6,16625.7,-1394.6
61.91,17850,19486.4,16625.8,-1636.45
61.92,18250,19503.3,16626,-1253.29
61.93,18575,19520.1,16626.1,-945.131
61.94,19375,19536.9,16626.2,-161.943
61.95,19325,19553.7,16626.4,-228.71
61.96,17350,19570.4,16626.5,-2220.41
61.97,17750,19587,16626.6,-1837.02
61.98,19450,19603.5,16626.8,-153.517
61.99,19850,19619.9,16626.9,230.131
62,17925,19636,16627,-1711.04
62.01,19150,19652,16627.2,-502.013
62.02,18000,19667.7,16627.3,-1667.74
62.03,18300,19683.2,16627.4,-1383.18
62.04,19025,19698.3,16627.6,-673.31
62.05,17475,19713.1,16627.7,-2238.08
62.06,18300,19727.4,16627.8,-1427.45
62.07,18500,19741.4,16627.9,-1241.37
62.08,19275,19754.8,16628.1,-479.798
62.09,17600,19767.7,16628.2,-2167.69
62.1,17200,19780,16628.3,-2580.01
62.11,17850,19791.7,16628.5,-1941.69
62.12,18525,19802.7,16628.6,-1277.69
62.13,17625,19813,16628.7,-2187.96
62.14,17500,19822.5,16628.9,-2322.46
62.15,17950,19831.1,16629,-1881.13
62.16,16800,19838.9,16629.1,-3038.93
62.17,17450,19845.8,16629.3,-2395.8
62.18,17425,19851.7,16629.4,-2426.71
62.19,18150,19856.6,16629.5,-1706.61
62.2,17525,19860.4,16629.7,-2335.45
62.21,16500,19863.2,16629.8,-3363.19
62.22,16975,19864.8,16629.9,-2889.79
62.23,17800,19865.2,16630,-2065.22
62.24,18225,19864.4,16630.2,-1639.44
62.25,17825,19862.4,16630.3,-2037.42
62.26,16300,19859.1,16630.4,-3559.12
62.27,18125,19854.5,16630.6,-1729.52
62.28,17700,19848.6,16630.7,-2148.6
62.29,17150,19841.3,16630.8,-2691.34
62.3,16150,19832.7,16631,-3682.72
62.31,18300,19822.7,16631.1,-1522.73
62.32,17825,19811.4,16631.2,-1986.36
62.33,16575,19798.6,16631.3,-3223.6
62.34,16775,19784.5,16631.5,-3009.45
62.35,18350,19768.9,16631.6,-1418.92
62.36,16625,19752,16631.7,-3127
62.37,16675,19733.7,16631.9,-3058.7
62.38,16550,19714,16632,-3164.05
62.39,16875,19693,16632.1,-2818.04
62.4,16125,19670.7,16632.2,-3545.71
62.41,17000,19647.1,16632.4,-2647.07
62.42,17325,19622.1,16632.5,-2297.15
62.43,17650,19596,16632.6,-1945.97
62.44,16625,19568.6,16632.7,-2943.57
62.45,15900,19540,16632.9,-3639.98
62.46,16875,19510.2,16633,-2635.24
62.47,16725,19479.4,16633.1,-2754.37
62.48,16775,19447.4,16633.2,-2672.43
62.49,16625,19414.5,16633.4,-2789.46
62.5,16975,19380.5,16633.5,-2405.49
62.51,16075,19345.6,16633.6,-3270.58
62.52,15725,19309.8,16633.8,-3584.77
62.53,16225,19273.1,16633.9,-3048.11
62.54,16350,19235.7,16634,-2885.65
62.55,16425,19197.4,16634.1,-2772.44
62.56,16975,19158.5,16634.3,-2183.53
62.57,18300,19119,16634.4,-818.972
62.58,17775,19078.8,16634.5,-1303.82
62.59,16975,19038.1,16634.6,-2063.12
62.6,17075,18996.9,16634.8,-1921.94
62.61,16075,18955.3,16634.9,-2880.31
62.62,17075,18913.3,16635,-1838.3
62.63,16100,18871,16635.1,-2770.95
62.64,16950,18828.3,16635.3,-1878.32
62.65,17275,18785.5,16635.4,-1510.46
62.66,16350,18742.4,16635.5,-2392.42
62.67,17475,18699.2,16635.6,-1224.24
62.68,16800,18656,16635.8,-1855.98
62.69,17325,18612.7,16635.9,-1287.68
62.7,17700,18569.4,16636,-869.39
62.71,16250,18526.2,16636.1,-2276.16
62.72,16575,18483,16636.2,-1908.02
62.73,16500,18440,16636.4,-1940.03
62.74,16175,18397.2,16636.5,-2222.21
62.75,16575,18354.6,16636.6,-1779.63
62.76,16425,18312.3,16636.7,-1887.3
62.77,17200,18270.3,16636.9,-1070.27
62.78,16800,18228.6,16637,-1428.58
62.79,17200,18187.3,16637.1,-987.252
62.8,16425,18146.3,16637.2,-1721.33
62.81,17150,18105.8,16637.3,-955.837
62.82,17725,18065.8,16637.5,-340.808
62.83,15925,18026.3,16637.6,-2101.27
62.84,16850,17987.2,16637.7,-1137.24
62.85,16575,17948.8,16637.8,-1373.76
62.86,17275,17910.8,16638,-635.841
62.87,17650,17873.5,16638.1,-223.507
62.88,16775,17836.8,16638.2,-1061.78
62.89,16475,17800.7,16638.3,-1325.67
62.9,16450,17765.2,16638.4,-1315.21
62.91,15375,17730.4,16638.6,-2355.39
62.92,17175,17696.3,16638.7,-521.252
62.93,15925,17662.8,16638.8,-1737.79
62.94,16075,17630,16638.9,-1555.02
62.95,16450,17598,16639,-1147.95
62.96,18000,17566.6,16639.2,433.41
62.97,16975,17535.9,16639.3,-560.944
62.98,15625,17506,16639.4,-1881.02
62.99,16775,17476.8,16639.5,-701.814
63,17450,17448.3,16639.6,1.66276
63.01,16800,17420.6,16639.8,-620.587
63.02,16325,17393.6,16639.9,-1068.56
63.03,16900,17367.3,16640,-467.268
63.04,17825,17341.7,16640.1,483.305
63.05,16575,17316.8,16640.2,-741.843
63.06,16775,17292.7,16640.4,-517.706
63.07,16950,17269.3,16640.5,-319.281
63.08,17275,17246.6,16640.6,28.4392
63.09,16100,17224.5,16640.7,-1124.54
63.1,17075,17203.2,16640.8,-128.206
63.11,17050,17182.6,16640.9,-132.555
63.12,16450,17162.6,16641.1,-712.577
63.13,16725,17143.3,16641.2,-418.261
63.14,16175,17124.6,16641.3,-949.597
63.15,16125,17106.6,16641.4,-981.574
63.16,16925,17089.2,16641.5,-164.181
63.17,16900,17072.4,16641.6,-172.405
63.18,17800,17056.2,16641.8,743.766
63.19,16475,17040.7,16641.9,-565.655
63.2,16700,17025.7,16642,-325.656
63.21,16350,17011.2,16642.1,-661.222
63.22,16025,16997.3,16642.2,-972.341
63.23,16425,16984,16642.3,-558.998
63.24,17125,16971.2,16642.5,153.821
63.25,16100,16958.9,16642.6,-858.871
63.26,17200,16947.1,16642.7,252.94
63.27,17125,16935.7,16642.8,189.269
63.28,17050,16924.9,16642.9,125.131
63.29,17025,16914.5,16643,110.538
63.3,17775,16904.5,16643.2,870.506
63.31,17150,16895,16643.3,255.048
63.32,17575,16885.8,16643.4,689.178
63.33,15800,16877.1,16643.5,-1077.09
63.34,15675,16868.7,16643.6,-1193.74
63.35,16175,16860.8,16643.7,-685.763
63.36,16600,16853.1,16643.9,-253.143
63.37,17950,16845.9,16644,1104.13
63.38,18525,16838.9,16644.1,1686.08
63.39,16525,16832.3,16644.2,-307.297
63.4,16175,16826,16644.3,-650.978
63.41,16250,16820,16644.4,-569.953
63.42,17025,16814.2,16644.5,210.79
63.43,17425,16808.7,16644.6,616.262
63.44,16900,16803.5,16644.8,96.474
63.45,17225,16798.6,16644.9,426.438
63.46,16425,16793.8,16645,-368.837
63.47,16675,16789.3,16645.1,-114.338
63.48,16975,16785.1,16645.2,189.943
63.49,16850,16781,16645.3,69.0157
63.5,16775,16777.1,16645.4,-2.1094
63.51,16800,16773.4,16645.6,26.5764
63.52,17400,16769.9,16645.7,630.082
63.53,16175,16766.6,16645.8,-591.584
63.54,16225,16763.4,16645.9,-538.414
63.55,16250,16760.4,16646,-510.399
63.56,17025,16757.5,16646.1,267.467
63.57,17725,16754.8,16646.2,970.193
63.58,17800,16752.2,16646.3,1047.79
63.59,16275,16749.7,16646.5,-474.75
63.6,16275,16747.4,16646.6,-472.405
63.61,16875,16745.2,16646.7,129.825
63.62,16875,16743.1,16646.8,131.947
63.63,16750,16741,16646.9,8.96635
63.64,17575,16739.1,16647,835.888
63.65,16950,16737.3,16647.1,212.718
63.66,16875,16735.5,16647.2,139.46
63.67,17000,16733.9,16647.3,266.12
63.68,16600,16732.3,16647.4,-132.299
63.69,16400,16730.8,16647.6,-330.791
63.7,16800,16729.4,16647.7,70.6466
63.71,17225,16728,16647.8,497.018
63.72,15800,16726.7,16647.9,-926.673
63.73,16225,16725.4,16648,-500.422
63.74,15700,16724.2,16648.1,-1024.23
63.75,17600,16723.1,16648.2,876.914
63.76,17275,16722,16648.3,553.006
63.77,17100,16720.9,16648.4,379.051
63.78,17075,16719.9,16648.5,355.052
63.79,17400,16719,16648.7,681.01
63.8,16325,16718.1,16648.8,-393.07
63.81,17525,16717.2,16648.9,807.811
63.82,17025,16716.3,16649,308.658
63.83,16400,16715.5,16649.1,-315.529
63.84,16800,16714.7,16649.2,85.2527
63.85,16675,16714,16649.3,-38.9955
63.86,17725,16713.3,16649.4,1011.73
63.87,16950,16712.6,16649.5,237.425
63.88,16275,16711.9,16649.6,-436.903
63.89,16175,16711.3,16649.7,-536.255
63.9,17175,16710.6,16649.8,464.37
63.91,16250,16710,16650,-460.026
63.92,16025,16709.4,16650.1,-684.443
63.93,15600,16708.9,16650.2,-1108.88
63.94,16925,16708.3,16650.3,216.667
63.95,16300,16707.8,16650.4,-407.804
63.96,16050,16707.3,16650.5,-657.292
63.97,15875,16706.8,16650.6,-831.796
63.98,16175,16706.3,16650.7,-531.315
63.99,16500,16705.8,16650.8,-205.848
64,16950,16705.4,16650.9,244.605
64.01,17125,16705,16651,420.045
64.02,17650,16704.5,16651.1,945.473
64.03,17125,16704.1,16651.2,420.889
64.04,17750,16703.7,16651.3,1046.29
64.05,17275,16703.3,16651.4,571.687
64.06,16675,16702.9,16651.6,-27.9305
64.07,17000,16702.6,16651.7,297.442
64.08,17925,16702.2,16651.8,1222.81
64.09,16550,16701.8,16651.9,-151.841
64.1,16950,16701.5,16652,248.504
64.11,17775,16701.2,16652.1,1073.84
64.12,17275,16700.8,16652.2,574.167
64.13,16425,16700.5,16652.3,-275.514
64.14,16950,16700.2,16652.4,249.797
64.15,16225,16699.9,16652.5,-474.899
64.16,16900,16699.6,16652.6,200.397
64.17,16125,16699.3,16652.7,-574.314
64.18,16250,16699,16652.8,-449.033
64.19,16650,16698.8,16652.9,-48.7581
64.2,17375,16698.5,16653,676.51
64.21,17150,16698.2,16653.1,451.771
64.22,17750,16698,16653.2,1052.03
64.23,16450,16697.7,16653.3,-247.725
64.24,17050,16697.5,16653.4,352.517
64.25,16900,16697.2,16653.5,202.753
64.26,17575,16697,16653.6,877.983
64.27,17300,16696.8,16653.7,603.208
64.28,17225,16696.6,16653.8,528.426
64.29,16850,16696.4,16654,153.639
64.3,17275,16696.2,16654.1,578.846
64.31,17075,16696,16654.2,379.047
64.32,15650,16695.8,16654.3,-1045.76
64.33,16800,16695.6,16654.4,104.434
64.34,17625,16695.4,16654.5,929.619
64.35,17325,16695.2,16654.6,629.799
64.36,17325,16695,16654.7,629.974
64.37,17900,16694.9,16654.8,1205.14
64.38,15050,16694.7,16654.9,-1644.69
64.39,16125,16694.5,16655,-569.534
64.4,17450,16694.4,16655.1,755.62
64.41,17125,16694.2,16655.2,430.769
64.42,17925,16694.1,16655.3,1230.91
64.43,16850,16693.9,16655.4,156.051
64.44,17875,16693.8,16655.5,1181.19
64.45,17175,16693.7,16655.6,481.314
64.46,17225,16693.6,16655.7,531.437
64.47,17100,16693.4,16655.8,406.556
64.48,17150,16693.3,16655.9,456.67
64.49,16750,16693.2,16656,56.7791
64.5,17550,16693.1,16656.1,856.883
64.51,17725,16693,16656.2,1031.98
64.52,17125,16692.9,16656.3,432.077
64.53,17000,16692.8,16656.4,307.166
64.54,16400,16692.7,16656.5,-292.749
64.55,16525,16692.7,16656.6,-167.669
64.56,16475,16692.6,16656.7,-217.594
64.57,16300,16692.5,16656.8,-392.524
64.58,17975,16692.5,16656.9,1282.54
64.59,18050,16692.4,16657,1357.6
64.6,16675,16692.3,16657.1,-17.3414
64.61,17400,16692.3,16657.2,707.71
64.62,17225,16692.2,16657.3,532.757
64.63,16250,16692.2,16657.4,-442.201
64.64,16200,16692.2,16657.5,-492.164
64.65,16900,16692.1,16657.6,207.869
64.66,16675,16692.1,16657.7,-17.1029
64.67,16875,16692.1,16657.8,182.921
64.68,17275,16692.1,16657.9,582.94
64.69,16550,16692,16658,-142.046
64.7,16675,16692,16658.1,-17.0354
64.71,15375,16692,16658.2,-1317.03
64.72,16350,16692,16658.3,-342.028
64.73,16600,16692,16658.4,-92.0311
64.74,17600,16692,16658.5,907.962
64.75,17375,16692,16658.6,682.95
64.76,16875,16692.1,16658.7,182.935
64.77,17000,16692.1,16658.8,307.915
64.78,17575,16692.1,16658.9,882.891
64.79,16550,16692.1,16659,-142.136
64.8,16400,16692.2,16659,-292.168
64.81,17100,16692.2,16659.1,407.797
64.82,17225,16692.2,16659.2,532.758
64.83,17400,16692.3,16659.3,707.715
64.84,15825,16692.3,16659.4,-867.331
64.85,16150,16692.4,16659.5,-542.381
64.86,17375,16692.4,16659.6,682.566
64.87,16125,16692.5,16659.7,-567.491
64.88,17100,16692.6,16659.8,407.449
64.89,17400,16692.6,16659.9,707.387
64.9,18750,16692.7,16660,2057.32
64.91,17500,16692.7,16660.1,807.252
64.92,18325,16692.8,16660.2,1632.18
64.93,17175,16692.9,16660.3,482.107
64.94,16975,16693,16660.4,282.031
64.95,17450,16693,16660.5,756.952
64.96,17350,16693.1,16660.6,656.871
64.97,18125,16693.2,16660.7,1431.79
64.98,16900,16693.3,16660.8,206.704
64.99,16925,16693.4,16660.9,231.617
65,16925,16693.5,16661,231.529
65.01,16850,16693.6,16661.1,156.44
65.02,17475,16693.7,16661.2,781.349
65.03,17800,16693.7,16661.3,1106.26
65.04,17275,16693.8,16661.3,581.165
65.05,17375,16693.9,16661.4,681.071
65.06,17075,16694,16661.5,380.977
65.07,17125,16694.1,16661.6,430.883
65.08,17000,16694.2,16661.7,305.788
65.09,17300,16694.3,16661.8,605.694
65.1,17750,16694.4,16661.9,1055.6
65.11,16975,16694.5,16662,280.506
65.12,17425,16694.6,16662.1,730.412
65.13,18350,16694.7,16662.2,1655.32
65.14,17500,16694.8,16662.3,805.228
65.15,16750,16694.9,16662.4,55.1373
65.16,17600,16695,16662.5,905.048
65.17,17875,16695,16662.6,1179.96
65.18,17025,16695.1,16662.7,329.875
65.19,17525,16695.2,16662.8,829.791
65.2,16500,16695.3,16662.8,-195.291
65.21,17625,16695.4,16662.9,929.63
65.22,17625,16695.4,16663,929.553
65.23,17425,16695.5,16663.1,729.478
65.24,17550,16695.6,16663.2,854.407
65.25,16475,16695.7,16663.3,-220.661
65.26,17525,16695.7,16663.4,829.273
65.27,16575,16695.8,16663.5,-120.788
65.28,16925,16695.8,16663.6,229.154
65.29,16425,16695.9,16663.7,-270.901
65.3,16875,16696,16663.8,179.048
65.31,17575,16696,16663.9,879.002
65.32,17450,16696,16664,753.959
65.33,17300,16696.1,16664,603.921
65.34,16925,16696.1,16664.1,228.887
65.35,16975,16696.1,16664.2,278.857
65.36,17325,16696.2,16664.3,628.832
65.37,17500,16696.2,16664.4,803.811
65.38,16300,16696.2,16664.5,-396.205
65.39,17125,16696.2,16664.6,428.784
65.4,17050,16696.2,16664.7,353.778
65.41,17075,16696.2,16664.8,378.82
65.42,16550,16696.2,16664.9,-146.177
65.43,16500,16696.2,16665,-196.169
65.44,17450,16696.2,16665,753.844
65.45,16725,16696.1,16665.1,28.861
65.46,17025,16696.1,16665.2,328.883
65.47,17200,16696.1,16665.3,503.91
65.48,15725,16696.1,16665.4,-971.059
65.49,16275,16696,16665.5,-421
65.5,17100,16696,16665.6,404.04
65.51,17325,16695.9,16665.7,629.085
65.52,15825,16695.9,16665.8,-870.865
65.53,16650,16695.8,16665.9,-45.8114
65.54,16725,16695.8,16665.9,29.2465
65.55,15750,16695.7,16666,-945.692
65.56,16325,16695.6,16666.1,-370.626
65.57,16450,16695.6,16666.2,-245.556
65.58,15725,16695.5,16666.3,-970.482
65.59,16575,16695.4,16666.4,-120.405
65.6,17425,16695.3,16666.5,729.675
65.61,16975,16695.2,16666.6,279.759
65.62,16775,16695.2,16666.7,79.8455
65.63,16650,16695.1,16666.8,-45.0647
65.64,16300,16695,16666.8,-394.972
65.65,16175,16694.9,16666.9,-519.877
65.66,16800,16694.8,16667,105.221
65.67,16600,16694.7,16667.1,-94.6795
65.68,17650,16694.6,16667.2,955.423
65.69,17650,16694.5,16667.3,955.527
65.7,16725,16694.4,16667.4,30.6325
65.71,17450,16694.3,16667.5,755.74
65.72,16250,16694.2,16667.5,-444.151
65.73,16800,16694,16667.6,105.959
65.74,17400,16693.9,16667.7,706.07
65.75,15900,16693.8,16667.8,-793.817
65.76,17100,16693.7,16667.9,406.296
65.77,16950,16693.6,16668,256.409
65.78,17100,16693.5,16668.1,406.523
65.79,15850,16693.4,16668.2,-843.362
65.8,15600,16693.2,16668.2,-1093.25
65.81,17175,16693.1,16668.3,481.867
65.82,17575,16693,16668.4,881.981
65.83,17100,16692.9,16668.5,407.095
65.84,17650,16692.8,16668.6,957.209
65.85,16975,16692.7,16668.7,282.322
65.86,16075,16692.6,16668.8,-617.565
65.87,17350,16692.5,16668.9,657.546
65.88,17175,16692.3,16668.9,482.657
65.89,15475,16692.2,16669,-1217.23
65.9,17725,16692.1,16669.1,1032.87
65.91,16550,16692,16669.2,-142.019
65.92,17850,16691.9,16669.3,1158.09
65.93,16350,16691.8,16669.4,-341.809
65.94,16900,16691.7,16669.5,208.294
65.95,17025,16691.6,16669.5,333.394
65.96,16850,16691.5,16669.6,158.493
65.97,17400,16691.4,16669.7,708.59
65.98,16450,16691.3,16669.8,-241.315
65.99,15550,16691.2,16669.9,-1141.22
66,17175,16691.1,16670,483.869
66.01,16800,16691,16670.1,108.958
66.02,16900,16691,16670.1,209.045
66.03,16075,16690.9,16670.2,-615.871
66.04,17025,16690.8,16670.3,334.211
66.05,17375,16690.7,16670.4,684.291
66.06,17600,16690.6,16670.5,909.368
66.07,17425,16690.6,16670.6,734.443
66.08,17800,16690.5,16670.7,1109.52
66.09,16475,16690.4,16670.7,-215.415
66.1,17475,16690.3,16670.8,784.653
66.11,17150,16690.3,16670.9,459.717
66.12,17100,16690.2,16671,409.779
66.13,16400,16690.2,16671.1,-290.161
66.14,15675,16690.1,16671.2,-1015.1
66.15,16225,16690,16671.3,-465.049
66.16,17050,16690,16671.3,360.003
66.17,16975,16689.9,16671.4,285.052
66.18,16525,16689.9,16671.5,-164.901
66.19,17350,16689.9,16671.6,660.143
66.2,16100,16689.8,16671.7,-589.816
66.21,15875,16689.8,16671.8,-814.777
66.22,16900,16689.7,16671.8,210.26
66.23,16000,16689.7,16671.9,-689.706
66.24,16475,16689.7,16672,-214.674
66.25,15575,16689.6,16672.1,-1114.65
66.26,17750,16689.6,16672.2,1060.38
66.27,18625,16689.6,16672.3,1935.41
66.28,17650,16689.6,16672.3,960.428
66.29,16125,16689.6,16672.4,-564.553
66.3,17300,16689.5,16672.5,610.464
66.31,16025,16689.5,16672.6,-664.521
66.32,16700,16689.5,16672.7,10.492
66.33,18375,16689.5,16672.8,1685.5
66.34,17075,16689.5,16672.8,385.511
66.35,17825,16689.5,16672.9,1135.52
66.36,16175,16689.5,16673,-514.479
66.37,17225,16689.5,16673.1,535.523
66.38,16675,16689.5,16673.2,-14.4764
66.39,16175,16689.5,16673.3,-514.478
66.4,16425,16689.5,16673.3,-264.482
66.41,17375,16689.5,16673.4,685.512
66.42,16600,16689.5,16673.5,-89.495
66.43,17500,16689.5,16673.6,810.496
66.44,16600,16689.5,16673.7,-89.5153
66.45,16100,16689.5,16673.8,-589.528
66.46,17150,16689.5,16673.8,460.458
66.47,16975,16689.6,16673.9,285.442
66.48,17075,16689.6,16674,385.424
66.49,18175,16689.6,16674.1,1485.41
66.5,16350,16689.6,16674.2,-339.615
66.51,17075,16689.6,16674.2,385.363
66.52,16875,16689.7,16674.3,185.339
66.53,17450,16689.7,16674.4,760.314
66.54,16500,16689.7,16674.5,-189.712
66.55,16400,16689.7,16674.6,-289.739
66.56,16175,16689.8,16674.7,-514.768
66.57,17125,16689.8,16674.7,435.202
66.58,16650,16689.8,16674.8,-39.8286
66.59,17175,16689.9,16674.9,485.139
66.6,15625,16689.9,16675,-1064.89
66.61,17350,16689.9,16675.1,660.072
66.62,16300,16690,16675.1,-389.964
66.63,17100,16690,16675.2,410
66.64,16950,16690,16675.3,259.962
66.65,17125,16690.1,16675.4,434.924
66.66,16900,16690.1,16675.5,209.885
66.67,17125,16690.2,16675.6,434.845
66.68,17025,16690.2,16675.6,334.803
66.69,17050,16690.2,16675.7,359.762
66.7,16225,16690.3,16675.8,-465.281
66.71,16200,16690.3,16675.9,-490.324
66.72,17225,16690.4,16676,534.631
66.73,17075,16690.4,16676,384.586
66.74,16150,16690.5,16676.1,-540.459
66.75,16650,16690.5,16676.2,-40.5056
66.76,17175,16690.6,16676.3,484.447
66.77,16425,16690.6,16676.4,-265.6
66.78,15800,16690.6,16676.4,-890.649
66.79,17175,16690.7,16676.5,484.303
66.8,17025,16690.7,16676.6,334.253
66.81,17500,16690.8,16676.7,809.203
66.82,16625,16690.8,16676.8,-65.8477
66.83,16975,16690.9,16676.8,284.101
66.84,16325,16691,16676.9,-365.951
66.85,17100,16691,16677,408.997
66.86,15750,16691.1,16677.1,-941.056
66.87,17275,16691.1,16677.2,583.891
66.88,16300,16691.2,16677.2,-391.162
66.89,16750,16691.2,16677.3,58.7834
66.9,17375,16691.3,16677.4,683.729
66.91,15000,16691.3,16677.5,-1691.33
66.92,16525,16691.4,16677.6,-166.382
66.93,16700,16691.4,16677.6,8.56236
66.94,16950,16691.5,16677.7,258.506
66.95,16500,16691.6,16677.8,-191.551
66.96,16350,16691.6,16677.9,-341.608
66.97,16400,16691.7,16678,-291.665
66.98,16775,16691.7,16678,83.2768
66.99,15750,16691.8,16678.1,-941.781
67,16675,16691.8,16678.2,-16.8401
67.01,18300,16691.9,16678.3,1608.1
67.02,17150,16692,16678.4,458.042
67.03,18300,16692,16678.4,1607.98
67.04,16175,16692.1,16678.5,-517.078
67.05,16275,16692.1,16678.6,-417.139
67.06,17700,16692.2,16678.7,1007.8
67.07,16475,16692.3,16678.8,-217.26
67.08,16650,16692.3,16678.8,-42.3217
67.09,18375,16692.4,16678.9,1682.62
67.1,17900,16692.4,16679,1207.55
67.11,16950,16692.5,16679.1,257.492
67.12,17325,16692.6,16679.1,632.43
67.13,16600,16692.6,16679.2,-92.6335
67.14,17225,16692.7,16679.3,532.303
67.15,16975,16692.8,16679.4,282.24
67.16,16075,16692.8,16679.5,-617.824
67.17,15875,16692.9,16679.5,-817.888
67.18,15900,16693,16679.6,-792.953
67.19,16425,16693,16679.7,-268.018
67.2,16450,16693.1,16679.8,-243.083
67.21,17100,16693.1,16679.9,406.852
67.22,16325,16693.2,16679.9,-368.214
67.23,16325,16693.3,16680,-368.28
67.24,16300,16693.3,16680.1,-393.346
67.25,15650,16693.4,16680.2,-1043.41
67.26,16100,16693.5,16680.2,-593.48
67.27,16850,16693.5,16680.3,156.453
67.28,16525,16693.6,16680.4,-168.614
67.29,17275,16693.7,16680.5,581.318
67.3,16850,16693.8,16680.6,156.25
67.31,17700,16693.8,16680.6,1006.18
67.32,17350,16693.9,16680.7,656.113
67.33,16625,16694,16680.8,-68.9562
67.34,17725,16694,16680.9,1030.97
67.35,16625,16694.1,16680.9,-69.095
67.36,16850,16694.2,16681,155.835
67.37,16200,16694.2,16681.1,-494.235
67.38,17150,16694.3,16681.2,455.695
67.39,17275,16694.4,16681.3,580.624
67.4,16300,16694.4,16681.3,-394.447
67.41,16275,16694.5,16681.4,-419.518
67.42,16775,16694.6,16681.5,80.4101
67.43,17275,16694.7,16681.6,580.338
67.44,16500,16694.7,16681.6,-194.734
67.45,16425,16694.8,16681.7,-269.806
67.46,17225,16694.9,16681.8,530.121
67.47,16600,16695,16681.9,-94.9523
67.48,17575,16695,16682,879.974
67.49,17550,16695.1,16682,854.901
67.5,15075,16695.2,16682.1,-1620.17
67.51,17450,16695.2,16682.2,754.752
67.52,17450,16695.3,16682.3,754.678
67.53,16525,16695.4,16682.3,-170.397
67.54,16025,16695.5,16682.4,-670.473
67.55,16325,16695.5,16682.5,-370.548
67.56,16575,16695.6,16682.6,-120.624
67.57,17575,16695.7,16682.7,879.3
67.58,16750,16695.8,16682.7,54.2233
67.59,16775,16695.9,16682.8,79.1464
67.6,17100,16695.9,16682.9,404.069
67.61,17875,16696,16683,1178.99
67.62,15575,16696.1,16683,-1121.09
67.63,16900,16696.2,16683.1,203.836
67.64,17375,16696.2,16683.2,678.757
67.65,15875,16696.3,16683.3,-821.321
67.66,16200,16696.4,16683.4,-496.401
67.67,16175,16696.5,16683.4,-521.48
67.68,17700,16696.6,16683.5,1003.44
67.69,17075,16696.6,16683.6,378.36
67.7,16600,16696.7,16683.7,-96.7205
67.71,16575,16696.8,16683.7,-121.801
67.72,16725,16696.9,16683.8,28.1175
67.73,16050,16697,16683.9,-646.964
67.74,16250,16697,16684,-447.046
67.75,16000,16697.1,16684,-697.128
67.76,15800,16697.2,16684.1,-897.211
67.77,17800,16697.3,16684.2,1102.71
67.78,16875,16697.4,16684.3,177.623
67.79,17150,16697.5,16684.4,452.539
67.8,15750,16697.5,16684.4,-947.545
67.81,15450,16697.6,16684.5,-1247.63
67.82,16450,16697.7,16684.6,-247.714
67.83,17200,16697.8,16684.7,502.201
67.84,16400,16697.9,16684.7,-297.885
67.85,16625,16698,16684.8,-72.9711
67.86,17175,16698.1,16684.9,476.943
67.87,17025,16698.1,16685,326.856
67.88,17175,16698.2,16685,476.769
67.89,16400,16698.3,16685.1,-298.319
67.9,17825,16698.4,16685.2,1126.59
67.91,17100,16698.5,16685.3,401.505
67.92,15650,16698.6,16685.3,-1048.58
67.93,16275,16698.7,16685.4,-423.673
67.94,17375,16698.8,16685.5,676.237
67.95,16775,16698.9,16685.6,76.1467
67.96,17275,16698.9,16685.7,576.056
67.97,16750,16699,16685.7,50.9652
67.98,16500,16699.1,16685.8,-199.126
67.99,16275,16699.2,16685.9,-424.218
68,15975,16699.3,16686,-724.31
68.01,16425,16699.4,16686,-274.403
68.02,16575,16699.5,16686.1,-124.496
68.03,16550,16699.6,16686.2,-149.59
68.04,16475,16699.7,16686.3,-224.684
68.05,15425,16699.8,16686.3,-1274.78
68.06,16075,16699.9,16686.4,-624.874
68.07,17150,16700,16686.5,450.03
68.08,16400,16700.1,16686.6,-300.066
68.09,16625,16700.2,16686.7,-75.1624
68.1,16625,16700.3,16686.7,-75.2595
68.11,16850,16700.4,16686.8,149.643
68.12,16525,16700.5,16686.9,-175.455
68.13,17175,16700.6,16687,474.446
68.14,16225,16700.7,16687,-475.653
68.15,17100,16700.8,16687.1,399.247
68.16,17325,16700.9,16687.2,624.147
68.17,16800,16701,16687.3,99.0456
68.18,18125,16701.1,16687.3,1423.94
68.19,16500,16701.2,16687.4,-201.158
68.2,16550,16701.3,16687.5,-151.261
68.21,18350,16701.4,16687.6,1648.64
68.22,16675,16701.5,16687.7,-26.4677
68.23,17175,16701.6,16687.7,473.428
68.24,16725,16701.7,16687.8,23.3226
68.25,15500,16701.8,16687.9,-1201.78
68.26,17775,16701.9,16688,1073.11
68.27,16175,16702,16688,-526.997
68.28,16425,16702.1,16688.1,-277.104
68.29,17375,16702.2,16688.2,672.787
68.3,17925,16702.3,16688.3,1222.68
68.31,16600,16702.4,16688.3,-102.432
68.32,17875,16702.5,16688.4,1172.46
68.33,15750,16702.7,16688.5,-952.654
68.34,16300,16702.8,16688.6,-402.766
68.35,16925,16702.9,16688.6,222.121
68.36,17050,16703,16688.7,347.007
68.37,16975,16703.1,16688.8,271.893
68.38,17575,16703.2,16688.9,871.777
68.39,17175,16703.3,16689,471.661
68.4,17625,16703.5,16689,921.544
68.41,16150,16703.6,16689.1,-553.574
68.42,17275,16703.7,16689.2,571.307
68.43,16775,16703.8,16689.3,71.1868
68.44,17075,16703.9,16689.3,371.066
68.45,16575,16704.1,16689.4,-129.056
68.46,16000,16704.2,16689.5,-704.179
68.47,16800,16704.3,16689.6,95.6965
68.48,16700,16704.4,16689.6,-4.42877
68.49,16800,16704.6,16689.7,95.4448
68.5,17075,16704.7,16689.8,370.317
68.51,17025,16704.8,16689.9,320.188
68.52,17575,16704.9,16690,870.058
68.53,17100,16705.1,16690,394.926
68.54,16800,16705.2,16690.1,94.7935
68.55,16900,16705.3,16690.2,194.659
68.56,17025,16705.5,16690.3,319.523
68.57,17375,16705.6,16690.3,669.386
68.58,16075,16705.8,16690.4,-630.753
68.59,17500,16705.9,16690.5,794.106
68.6,17425,16706,16690.6,718.964
68.61,16800,16706.2,16690.7,93.8193
68.62,17425,16706.3,16690.7,718.673
68.63,16900,16706.5,16690.8,193.525
68.64,16675,16706.6,16690.9,-31.6255
68.65,17475,16706.8,16691,768.222
68.66,16950,16706.9,16691,243.067
68.67,14925,16707.1,16691.1,-1782.09
68.68,16675,16707.2,16691.2,-32.2494
68.69,16775,16707.4,16691.3,67.5884
68.7,17275,16707.6,16691.3,567.423
68.71,16875,16707.7,16691.4,167.256
68.72,17125,16707.9,16691.5,417.085
68.73,16525,16708.1,16691.6,-183.089
68.74,15750,16708.3,16691.7,-958.266
68.75,15725,16708.4,16691.7,-983.447
68.76,17575,16708.6,16691.8,866.369
68.77,16800,16708.8,16691.9,91.1805
68.78,16625,16709,16692,-84.0116
68.79,16950,16709.2,16692,240.792
68.8,18175,16709.4,16692.1,1465.59
68.81,17125,16709.6,16692.2,415.386
68.82,16700,16709.8,16692.3,-9.82442
68.83,18225,16710,16692.4,1514.96
68.84,17275,16710.3,16692.4,564.739
68.85,16525,16710.5,16692.5,-185.476
68.86,16975,16710.7,16692.6,264.291
68.87,16575,16710.9,16692.7,-135.947
68.88,16125,16711.2,16692.7,-586.193
68.89,17300,16711.4,16692.8,588.555
68.9,17425,16711.7,16692.9,713.296
68.91,16225,16712,16693,-486.971
68.92,16975,16712.2,16693.1,262.754
68.93,17025,16712.5,16693.1,312.471
68.94,16225,16712.8,16693.2,-487.816
68.95,17300,16713.1,16693.3,586.883
68.96,16975,16713.4,16693.4,261.572
68.97,17350,16713.7,16693.5,636.251
68.98,17100,16714.1,16693.5,385.919
68.99,16225,16714.4,16693.6,-489.424
69,16500,16714.8,16693.7,-214.779
69.01,17825,16715.1,16693.8,1109.85
69.02,16500,16715.5,16693.8,-215.526
69.03,17150,16715.9,16693.9,434.08
69.04,16200,16716.3,16694,-516.328
69.05,16400,16716.8,16694.1,-316.75
69.06,17225,16717.2,16694.2,507.812
69.07,16550,16717.6,16694.2,-167.642
69.08,16200,16718.1,16694.3,-518.113
69.09,16625,16718.6,16694.4,-93.6024
69.1,17275,16719.1,16694.5,555.89
69.11,16875,16719.6,16694.6,155.363
69.12,16400,16720.2,16694.6,-320.183
69.13,16125,16720.8,16694.7,-595.752
69.14,17350,16721.3,16694.8,628.658
69.15,16975,16722,16694.9,253.046
69.16,18125,16722.6,16695,1402.41
69.17,16975,16723.3,16695,251.747
69.18,16775,16723.9,16695.1,51.0594
69.19,16725,16724.7,16695.2,0.344737
69.2,15500,16725.4,16695.3,-1225.4
69.21,17575,16726.2,16695.3,848.83
69.22,17175,16727,16695.4,448.028
69.23,18400,16727.8,16695.5,1672.19
69.24,17800,16728.7,16695.6,1071.33
69.25,16325,16729.6,16695.7,-404.572
69.26,15500,16730.5,16695.7,-1230.51
69.27,16700,16731.5,16695.8,-31.4798
69.28,17225,16732.5,16695.9,492.51
69.29,18000,16733.5,16696,1266.46
69.3,17275,16734.6,16696.1,540.372
69.31,17225,16735.8,16696.1,489.241
69.32,17025,16736.9,16696.2,288.066
69.33,17225,16738.2,16696.3,486.847
69.34,16950,16739.4,16696.4,210.582
69.35,16425,16740.7,16696.5,-315.731
69.36,16175,16742.1,16696.6,-567.094
69.37,16325,16743.5,16696.6,-418.506
69.38,15800,16745,16696.7,-944.971
69.39,17525,16746.5,16696.8,778.51
69.4,16725,16748.1,16696.9,-23.0641
69.41,15825,16749.7,16697,-924.695
69.42,15425,16751.4,16697,-1326.38
69.43,15175,16753.1,16697.1,-1578.13
69.44,16900,16754.9,16697.2,145.057
69.45,18000,16756.8,16697.3,1243.18
69.46,17325,16758.8,16697.4,566.246
69.47,16650,16760.8,16697.4,-110.758
69.48,16075,16762.8,16697.5,-687.83
69.49,16725,16765,16697.6,-39.9709
69.5,17425,16767.2,16697.7,657.818
69.51,16925,16769.5,16697.8,155.534
69.52,16775,16771.8,16697.9,3.17654
69.53,17075,16774.3,16697.9,300.744
69.54,16800,16776.8,16698,23.2353
69.55,15875,16779.4,16698.1,-904.351
69.56,15850,16782,16698.2,-932.017
69.57,16275,16784.8,16698.3,-509.763
69.58,16850,16787.6,16698.3,62.4085
69.59,16200,16790.5,16698.4,-590.502
69.6,16875,16793.5,16698.5,81.5026
69.61,15825,16796.6,16698.6,-971.578
69.62,15350,16799.7,16698.7,-1449.74
69.63,17750,16803,16698.8,947.003
69.64,15575,16806.3,16698.8,-1231.34
69.65,17900,16809.8,16698.9,1090.23
69.66,17475,16813.3,16699,661.711
69.67,16075,16816.9,16699.1,-741.899
69.68,17025,16820.6,16699.2,204.4
69.69,17350,16824.4,16699.3,525.608
69.7,16500,16828.3,16699.3,-328.275
69.71,16625,16832.3,16699.4,-207.251
69.72,16875,16836.3,16699.5,38.6818
69.73,16775,16840.5,16699.6,-65.4778
69.74,16000,16844.7,16699.7,-844.729
69.75,16750,16849.1,16699.8,-99.073
69.76,16725,16853.5,16699.8,-128.508
69.77,17300,16858,16699.9,441.966
69.78,16250,16862.7,16700,-612.651
69.79,17075,16867.4,16700.1,207.642
69.8,17475,16872.2,16700.2,602.846
69.81,16425,16877,16700.3,-452.038
69.82,16400,16882,16700.3,-482.009
69.83,17275,16887.1,16700.4,387.934
69.84,17150,16892.2,16700.5,257.792
69.85,17050,16897.4,16700.6,152.568
69.86,17550,16902.7,16700.7,647.262
69.87,16050,16908.1,16700.8,-858.123
69.88,17575,16913.6,16700.8,661.414
69.89,17575,16919.1,16700.9,655.877
69.9,18725,16924.7,16701,1800.27
69.91,15650,16930.4,16701.1,-1280.41
69.92,17525,16936.2,16701.2,588.836
69.93,17125,16942,16701.3,183.023
69.94,16875,16947.9,16701.4,-72.8533
69.95,16175,16953.8,16701.4,-778.788
69.96,16100,16959.8,16701.5,-859.778
69.97,16700,16965.8,16701.6,-265.821
69.98,16675,16971.9,16701.7,-296.911
69.99,16675,16978,16701.8,-303.047
70,18000,16984.2,16701.9,1015.78
70.01,16475,16990.4,16702,-515.436
70.02,16225,16996.7,16702,-771.682
70.03,17050,17003,16702.1,47.045
70.04,17875,17009.3,16702.2,865.748
70.05,17425,17015.6,16702.3,409.433
70.06,16675,17021.9,16702.4,-346.895
70.07,16900,17028.2,16702.5,-128.233
70.08,16950,17034.6,16702.6,-84.5738
70.09,16225,17040.9,16702.6,-815.913
70.1,17125,17047.2,16702.7,77.7556
70.11,18175,17053.6,16702.8,1121.44
70.12,17625,17059.9,16702.9,565.137
70.13,17725,17066.1,16703,658.862
70.14,18375,17072.4,16703.1,1302.62
70.15,17400,17078.6,16703.2,321.408
70.16,16075,17084.8,16703.3,-1009.76
70.17,17375,17090.9,16703.3,284.127
70.18,17325,17096.9,16703.4,228.066
70.19,17450,17102.9,16703.5,347.067
70.2,17075,17108.9,16703.6,-33.864
70.21,17825,17114.7,16703.7,710.281
70.22,17100,17120.5,16703.8,-20.4935
70.23,18575,17126.2,16703.9,1448.82
70.24,17575,17131.8,16704,443.23
70.25,19050,17137.3,16704.1,1912.74
70.26,18750,17142.6,16704.1,1607.36
70.27,16700,17147.9,16704.2,-447.904
70.28,16350,17153,16704.3,-803.048
70.29,18625,17158.1,16704.4,1466.94
70.3,17500,17162.9,16704.5,337.057
70.31,16925,17167.7,16704.6,-242.681
70.32,18275,17172.3,16704.7,1102.73
70.33,18450,17176.7,16704.8,1273.29
70.34,18825,17181,16704.9,1644.02
70.35,18025,17185.1,16704.9,839.905
70.36,18175,17189,16705,985.967
70.37,18775,17192.8,16705.1,1582.21
70.38,18725,17196.4,16705.2,1528.63
70.39,18500,17199.8,16705.3,1300.24
70.4,17400,17203,16705.4,197.046
70.41,19000,17206,16705.5,1794.05
70.42,18375,17208.7,16705.6,1166.25
70.43,18625,17211.3,16705.7,1413.66
70.44,19075,17213.7,16705.8,1861.29
70.45,17950,17215.9,16705.9,734.122
70.46,19175,17217.8,16705.9,1957.18
70.47,18275,17219.6,16706,1055.45
70.48,19325,17221.1,16706.1,2103.94
70.49,17400,17222.3,16706.2,177.663
70.5,17450,17223.4,16706.3,226.608
70.51,18400,17224.2,16706.4,1175.78
70.52,19225,17224.8,16706.5,2000.18
70.53,19550,17225.2,16706.6,2324.82
70.54,16925,17225.3,16706.7,-300.324
70.55,18575,17225.2,16706.8,1349.77
70.56,17975,17224.9,16706.9,750.086
70.57,17600,17224.4,16707,375.633
70.58,18950,17223.6,16707.1,1726.41
70.59,18525,17222.6,16707.1,1302.41
70.6,17900,17221.4,16707.2,678.629
70.61,17650,17219.9,16707.3,430.072
70.62,17550,17218.3,16707.4,331.734
70.63,16550,17216.4,16707.5,-666.388
70.64,17025,17214.3,16707.6,-189.298
70.65,16525,17212,16707.7,-687
70.66,16675,17209.5,16707.8,-534.497
70.67,19350,17206.8,16707.9,2143.21
70.68,18200,17203.9,16708,996.107
70.69,16000,17200.8,16708.1,-1200.8
70.7,18000,17197.5,16708.2,802.478
70.71,18000,17194.1,16708.3,805.939
70.72,16850,17190.4,16708.4,-340.424
70.73,16225,17186.6,16708.5,-961.615
70.74,17050,17182.6,16708.6,-132.642
70.75,16400,17178.5,16708.7,-778.508
70.76,16925,17174.2,16708.8,-249.221
70.77,16400,17169.8,16708.9,-769.786
70.78,17825,17165.2,16708.9,659.79
70.79,16525,17160.5,16709,-635.499
70.8,17750,17155.7,16709.1,594.342
70.81,16700,17150.7,16709.2,-450.696
70.82,15925,17145.6,16709.3,-1220.62
70.83,15125,17140.4,16709.4,-2015.43
70.84,16975,17135.1,16709.5,-160.139
70.85,16050,17129.8,16709.6,-1079.75
70.86,17650,17124.3,16709.7,525.725
70.87,16450,17118.7,16709.8,-668.716
70.88,16275,17113.1,16709.9,-838.079
70.89,17275,17107.4,16710,167.627
70.9,17775,17101.6,16710.1,673.397
70.91,17825,17095.8,16710.2,729.225
70.92,17725,17089.9,16710.3,635.103
70.93,17025,17084,16710.4,-58.9737
70.94,16450,17078,16710.5,-628.012
70.95,18050,17072,16710.6,977.982
70.96,17150,17066,16710.7,84.0034
70.97,16525,17060,16710.8,-534.955
70.98,16775,17053.9,16710.9,-278.898
70.99,17075,17047.8,16711,27.1678
71,16450,17041.8,16711.1,-591.762
71.01,15550,17035.7,16711.2,-1485.69
71.02,18050,17029.6,16711.3,1020.37
71.03,17175,17023.6,16711.4,151.418
71.04,16150,17017.5,16711.5,-867.548
71.05,16875,17011.5,16711.6,-136.537
71.06,16450,17005.6,16711.7,-555.551
71.07,17125,16999.6,16711.8,125.405
71.08,16325,16993.7,16711.9,-668.675
71.09,15975,16987.8,16712,-1012.79
71.1,17025,16982,16712.1,43.0445
71.11,16300,16976.2,16712.2,-676.164
71.12,17450,16970.4,16712.3,479.577
71.13,16075,16964.7,16712.4,-889.737
71.14,17100,16959.1,16712.5,140.892
71.15,16700,16953.5,16712.6,-253.539
71.16,16875,16948,16712.7,-73.0342
71.17,17000,16942.6,16712.8,57.4041
71.18,17500,16937.2,16712.9,562.773
71.19,16850,16931.9,16713,-81.9295
71.2,16850,16926.7,16713.1,-76.7065
71.21,16250,16921.6,16713.2,-671.56
71.22,16800,16916.5,16713.3,-116.491
71.23,16175,16911.5,16713.4,-736.504
71.24,17625,16906.6,16713.6,718.402
71.25,17225,16901.8,16713.7,323.224
71.26,17375,16897,16713.8,477.961
71.27,16975,16892.4,16713.9,82.6118
71.28,16700,16887.8,16714,-187.825
71.29,17200,16883.4,16714.1,316.649
71.3,16900,16879,16714.2,21.0333
71.31,16125,16874.7,16714.3,-749.672
71.32,17025,16870.5,16714.4,154.531
71.33,16750,16866.4,16714.5,-116.357
71.34,17225,16862.3,16714.6,362.663
71.35,17075,16858.4,16714.7,216.591
71.36,17850,16854.6,16714.8,995.427
71.37,15850,16850.8,16714.9,-1000.83
71.38,15850,16847.2,16715,-997.178
71.39,17275,16843.6,16715.1,431.382
71.4,17475,16840.1,16715.2,634.85
71.41,17600,16836.8,16715.3,763.227
71.42,16625,16833.5,16715.5,-208.487
71.43,17950,16830.3,16715.6,1119.71
71.44,17725,16827.2,16715.7,897.815
71.45,16175,16824.2,16715.8,-649.168
71.46,17550,16821.2,16715.9,728.761
71.47,16575,16818.4,16716,-243.397
71.48,17575,16815.6,16716.1,759.358
71.49,17050,16813,16716.2,237.028
71.5,17450,16810.4,16716.3,639.614
71.51,15825,16807.9,16716.4,-982.884
71.52,17100,16805.5,16716.5,294.537
71.53,16725,16803.1,16716.7,-78.1234
71.54,17300,16800.9,16716.8,499.137
71.55,16525,16798.7,16716.9,-273.682
71.56,17750,16796.6,16717,953.423
71.57,17900,16794.5,16717.1,1105.45
71.58,17150,16792.6,16717.2,357.405
71.59,16150,16790.7,16717.3,-640.714
71.6,17900,16788.9,16717.4,1111.1
71.61,16275,16787.2,16717.5,-512.165
71.62,17175,16785.5,16717.7,389.505
71.63,16975,16783.9,16717.8,191.107
71.64,17175,16782.4,16717.9,392.643
71.65,17200,16780.9,16718,419.115
71.66,17325,16779.5,16718.1,545.524
71.67,16350,16778.1,16718.2,-428.13
71.68,16175,16776.8,16718.3,-601.844
71.69,16350,16775.6,16718.4,-425.617
71.7,17525,16774.4,16718.6,750.552
71.71,16325,16773.3,16718.7,-448.335
71.72,16975,16772.3,16718.8,202.723
71.73,16975,16771.3,16718.9,203.727
71.74,17925,16770.3,16719,1154.68
71.75,16725,16769.4,16719.1,-44.4208
71.76,16925,16768.6,16719.2,156.43
71.77,16650,16767.8,16719.4,-117.768
71.78,16475,16767,16719.5,-292.013
71.79,17125,16766.3,16719.6,358.695
71.8,16975,16765.6,16719.7,209.358
71.81,17025,16765,16719.8,259.977
71.82,16725,16764.4,16719.9,-39.4465
71.83,16400,16763.9,16720.1,-363.912
71.84,15825,16763.4,16720.2,-938.419
71.85,16550,16763,16720.3,-212.966
71.86,17475,16762.6,16720.4,712.449
71.87,17725,16762.2,16720.5,962.825
71.88,16925,16761.8,16720.6,163.164
71.89,16925,16761.5,16720.8,163.466
71.9,16650,16761.3,16720.9,-111.268
71.91,17825,16761,16721,1063.96
71.92,16725,16760.8,16721.1,-35.8391
71.93,17625,16760.7,16721.2,864.324
71.94,17350,16760.5,16721.4,589.455
71.95,17575,16760.4,16721.5,814.552
71.96,16900,16760.4,16721.6,139.618
71.97,17600,16760.3,16721.7,839.652
71.98,16350,16760.3,16721.8,-410.345
71.99,16875,16760.4,16722,114.627
72,18225,16760.4,16722.1,1464.57
72.01,17050,16760.5,16722.2,289.481
72.02,17150,16760.6,16722.3,389.363
72.03,16500,16760.8,16722.4,-260.785
72.04,16725,16761,16722.6,-35.9619
72.05,17475,16761.2,16722.7,713.832
72.06,16050,16761.4,16722.8,-711.404
72.07,16775,16761.7,16722.9,13.3312
72.08,18450,16762,16723,1688.04
72.09,16925,16762.3,16723.2,162.714
72.1,16400,16762.6,16723.3,-362.638
72.11,17350,16763,16723.4,586.98
72.12,17600,16763.4,16723.5,836.569
72.13,15825,16763.9,16723.7,-938.872
72.14,16900,16764.3,16723.8,135.658
72.15,17575,16764.8,16723.9,810.157
72.16,17075,16765.4,16724,309.625
72.17,17350,16765.9,16724.2,584.063
72.18,16850,16766.5,16724.3,83.4702
72.19,16875,16767.2,16724.4,107.845
72.2,17200,16767.8,16724.5,432.189
72.21,18475,16768.5,16724.7,1706.5
72.22,16975,16769.2,16724.8,205.777
72.23,17625,16770,16724.9,855.022
72.24,17225,16770.8,16725.1,454.232
72.25,16225,16771.6,16725.2,-546.592
72.26,16925,16772.5,16725.3,152.548
72.27,16850,16773.3,16725.4,76.6521
72.28,17275,16774.3,16725.6,500.72
72.29,16900,16775.3,16725.7,124.75
72.3,17775,16776.3,16725.8,998.742
72.31,16850,16777.3,16725.9,72.6953
72.32,17300,16778.4,16726.1,521.609
72.33,18000,16779.5,16726.2,1220.48
72.34,16300,16780.7,16726.3,-480.687
72.35,16325,16781.9,16726.5,-456.897
72.36,16875,16783.2,16726.6,91.8487
72.37,16625,16784.4,16726.7,-159.449
72.38,17225,16785.8,16726.9,439.208
72.39,17825,16787.2,16727,1037.82
72.4,18000,16788.6,16727.1,1211.38
72.41,17800,16790.1,16727.3,1009.9
72.42,17300,16791.6,16727.4,508.367
72.43,16200,16793.2,16727.5,-593.216
72.44,17075,16794.8,16727.6,280.15
72.45,16725,16796.5,16727.8,-71.5352
72.46,18225,16798.3,16727.9,1426.73
72.47,17375,16800.1,16728,574.933
72.48,16675,16801.9,16728.2,-126.915
72.49,18625,16803.8,16728.3,1821.18
72.5,17650,16805.8,16728.5,844.219
72.51,16675,16807.8,16728.6,-132.802
72.52,17875,16809.9,16728.7,1065.12
72.53,17400,16812,16728.9,587.978
72.54,17125,16814.2,16729,310.775
72.55,17525,16816.5,16729.1,708.51
72.56,17400,16818.8,16729.3,581.181
72.57,17500,16821.2,16729.4,678.787
72.58,17850,16823.7,16729.5,1026.33
72.59,16325,16826.2,16729.7,-501.201
72.6,16550,16828.8,16729.8,-278.797
72.61,16725,16831.5,16730,-106.462
72.62,16750,16834.2,16730.1,-84.1974
72.63,16875,16837,16730.2,37.9958
72.64,17375,16839.9,16730.4,535.117
72.65,17375,16842.8,16730.5,532.164
72.66,18400,16845.9,16730.6,1554.14
72.67,17925,16849,16730.8,1076.04
72.68,17600,16852.1,16730.9,747.857
72.69,16875,16855.4,16731.1,19.6022
72.7,16950,16858.7,16731.2,91.2692
72.71,16475,16862.1,16731.3,-387.143
72.72,17750,16865.6,16731.5,884.366
72.73,18500,16869.2,16731.6,1630.79
72.74,17550,16872.9,16731.8,677.142
72.75,17525,16876.6,16731.9,648.408
72.76,17950,16880.4,16732.1,1069.59
72.77,16925,16884.3,16732.2,40.6923
72.78,16850,16888.3,16732.3,-38.2905
72.79,18300,16892.4,16732.5,1407.64
72.8,17225,16896.5,16732.6,328.492
72.81,18700,16900.7,16732.8,1799.26
72.82,18525,16905.1,16732.9,1619.93
72.83,17075,16909.5,16733.1,165.528
72.84,17475,16914,16733.2,561.036
72.85,17575,16918.5,16733.3,656.458
72.86,17275,16923.2,16733.5,351.794
72.87,18050,16928,16733.6,1122.04
72.88,17750,16932.8,16733.8,817.208
72.89,17150,16937.7,16733.9,212.286
72.9,17225,16942.7,16734.1,282.279
72.91,16800,16947.8,16734.2,-147.814
72.92,17900,16953,16734.4,947.008
72.93,17350,16958.3,16734.5,391.745
72.94,18900,16963.6,16734.7,1936.4
72.95,17500,16969,16734.8,530.968
72.96,16975,16974.5,16735,0.453953
72.97,16250,16980.1,16735.1,-730.142
72.98,17375,16985.8,16735.3,389.18
72.99,17925,16991.6,16735.4,933.422
73,18350,16997.4,16735.6,1352.58
73.01,16575,17003.3,16735.7,-428.333
73.02,17325,17009.3,16735.9,315.673
73.03,17200,17015.4,16736,184.603
73.04,18000,17021.5,16736.2,978.457
73.05,17650,17027.8,16736.3,622.239
73.06,16150,17034.1,16736.5,-884.052
73.07,16725,17040.4,16736.6,-315.413
73.08,17575,17046.8,16736.8,528.158
73.09,18150,17053.3,16736.9,1096.66
73.1,17275,17059.9,16737.1,215.1
73.11,16800,17066.5,16737.2,-266.525
73.12,17525,17073.2,16737.4,451.79
73.13,16225,17080,16737.6,-854.954
73.14,17100,17086.8,16737.7,13.2454
73.15,16200,17093.6,16737.9,-893.609
73.16,17950,17100.5,16738,849.484
73.17,17575,17107.5,16738.2,467.528
73.18,17625,17114.5,16738.3,510.525
73.19,16625,17121.5,16738.5,-496.522
73.2,17025,17128.6,16738.6,-103.61
73.21,16475,17135.7,16738.8,-660.738
73.22,16225,17142.9,16739,-917.901
73.23,17775,17150.1,16739.1,624.904
73.24,16700,17157.3,16739.3,-457.322
73.25,17625,17164.6,16739.4,460.425
73.26,17400,17171.9,16739.6,228.149
73.27,17075,17179.1,16739.8,-104.148
73.28,16275,17186.5,16739.9,-911.463
73.29,17550,17193.8,16740.1,356.208
73.3,16800,17201.1,16740.2,-401.131
73.31,16400,17208.5,16740.4,-808.478
73.32,16750,17215.8,16740.6,-465.829
73.33,16125,17223.2,16740.7,-1098.18
73.34,16925,17230.5,16740.9,-305.528
73.35,16600,17237.9,16741,-637.87
73.36,18125,17245.2,16741.2,879.798
73.37,17525,17252.5,16741.4,272.48
73.38,16550,17259.8,16741.5,-709.82
73.39,17225,17267.1,16741.7,-42.0995
73.4,16950,17274.4,16741.9,-324.354
73.41,16800,17281.6,16742,-481.579
73.42,17350,17288.8,16742.2,61.2277
73.43,17375,17295.9,16742.4,79.0712
73.44,16550,17303,16742.5,-753.045
73.45,17075,17310.1,16742.7,-235.117
73.46,16950,17317.1,16742.9,-367.141
73.47,17100,17324.1,16743,-224.112
73.48,16025,17331,16743.2,-1306.03
73.49,15900,17337.9,16743.4,-1437.88
73.5,16700,17344.7,16743.5,-644.674
73.51,16900,17351.4,16743.7,-451.396
73.52,16025,17358,16743.9,-1333.05
73.53,15775,17364.6,16744,-1589.62
73.54,16925,17371.1,16744.2,-446.114
73.55,18250,17377.5,16744.4,872.478
73.56,16650,17383.8,16744.6,-733.842
73.57,16850,17390.1,16744.7,-540.07
73.58,17800,17396.2,16744.9,403.8
73.59,17075,17402.2,16745.1,-327.23
73.6,17300,17408.2,16745.2,-108.155
73.61,17200,17414,16745.4,-213.971
73.62,17300,17419.7,16745.6,-119.675
73.63,17025,17425.3,16745.8,-400.263
73.64,17525,17430.7,16745.9,94.2695
73.65,18950,17436.1,16746.1,1513.93
73.66,16525,17441.3,16746.3,-916.29
73.67,17375,17446.4,16746.5,-71.3757
73.68,17825,17451.3,16746.6,373.674
73.69,16900,17456.1,16746.8,-556.139
73.7,17000,17460.8,16747,-460.812
73.71,17325,17465.3,16747.2,-140.339
73.72,18250,17469.7,16747.3,780.28
73.73,18450,17474,16747.5,976.05
73.74,18125,17478,16747.7,646.972
73.75,17750,17481.9,16747.9,268.05
73.76,17800,17485.7,16748.1,314.287
73.77,17750,17489.3,16748.2,260.683
73.78,16575,17492.8,16748.4,-917.757
73.79,17125,17496,16748.6,-371.032
73.8,17400,17499.1,16748.8,-99.1406
73.81,18325,17502.1,16749,822.92
73.82,17550,17504.8,16749.1,45.1509
73.83,17925,17507.4,16749.3,417.554
73.84,15700,17509.9,16749.5,-1809.87
73.85,16875,17512.1,16749.7,-637.117
73.86,15900,17514.2,16749.9,-1614.19
73.87,17125,17516.1,16750.1,-391.084
73.88,16900,17517.8,16750.2,-617.801
73.89,17175,17519.3,16750.4,-344.339
73.9,16050,17520.7,16750.6,-1470.7
73.91,18050,17521.9,16750.8,528.125
73.92,16450,17522.9,16751,-1072.87
73.93,17525,17523.7,16751.2,1.31182
73.94,17725,17524.3,16751.3,200.677
73.95,17075,17524.8,16751.5,-449.777
73.96,17400,17525,16751.7,-125.049
73.97,17300,17525.1,16751.9,-225.14
73.98,17825,17525,16752.1,299.951
73.99,17400,17524.8,16752.3,-124.778
74,17500,17524.3,16752.5,-24.3264
74.01,17025,17523.7,16752.7,-498.695
74.02,17050,17522.9,16752.9,-472.883
74.03,17350,17521.9,16753,-171.893
74.04,17275,17520.7,16753.2,-245.724
74.05,18900,17519.4,16753.4,1380.62
74.06,17750,17517.9,16753.6,232.144
74.07,18375,17516.2,16753.8,858.842
74.08,16925,17514.3,16754,-589.286
74.09,17175,17512.2,16754.2,-337.24
74.1,16525,17510,16754.4,-985.022
74.11,18425,17507.6,16754.6,917.367
74.12,18050,17505.1,16754.8,544.925
74.13,17550,17502.3,16755,47.6506
74.14,17925,17499.5,16755.2,425.543
74.15,16575,17496.4,16755.4,-921.401
74.16,18000,17493.2,16755.6,506.819
74.17,17150,17489.8,16755.8,-339.801
74.18,18300,17486.3,16756,813.738
74.19,18325,17482.6,16756.2,842.433
74.2,18425,17478.7,16756.4,946.283
74.21,17600,17474.7,16756.6,125.286
74.22,17500,17470.6,16756.8,29.4378
74.23,18150,17466.3,16757,683.737
74.24,17150,17461.8,16757.2,-311.819
74.25,17950,17457.2,16757.4,492.767
74.26,18025,17452.5,16757.6,572.491
74.27,16575,17447.6,16757.8,-872.648
74.28,18650,17442.7,16758,1207.35
74.29,16450,17437.5,16758.2,-987.532
74.3,17475,17432.3,16758.4,42.7178
74.31,17200,17426.9,16758.6,-226.91
74.32,17375,17421.4,16758.8,-46.418
74.33,17175,17415.8,16759,-240.81
74.34,17500,17410.1,16759.2,89.9096
74.35,18125,17404.3,16759.4,720.738
74.36,18075,17398.3,16759.6,676.67
74.37,17875,17392.3,16759.8,482.704
74.38,17425,17386.2,16760,38.8334
74.39,17350,17379.9,16760.2,-29.9444
74.4,17775,17373.6,16760.4,401.366
74.41,18425,17367.2,16760.6,1057.76
74.42,17750,17360.8,16760.8,389.235
74.43,18125,17354.2,16761,770.784
74.44,18075,17347.6,16761.3,727.404
74.45,17775,17340.9,16761.5,434.092
74.46,17975,17334.2,16761.7,640.841
74.47,17625,17327.4,16761.9,297.648
74.48,16550,17320.5,16762.1,-770.492
74.49,18150,17313.6,16762.3,836.417
74.5,17325,17306.6,16762.5,18.3699
74.51,17950,17299.6,16762.7,650.363
74.52,17525,17292.6,16762.9,232.391
74.53,17150,17285.6,16763.2,-135.55
74.54,17525,17278.5,16763.4,246.535
74.55,18150,17271.4,16763.6,878.641
74.56,17275,17264.2,16763.8,10.7658
74.57,18450,17257.1,16764,1192.9
74.58,17725,17250,16764.2,475.049
74.59,16425,17242.8,16764.5,-817.8
74.6,18075,17235.6,16764.7,839.351
74.61,17650,17228.5,16764.9,421.498
74.62,17650,17221.4,16765.1,428.637
74.63,16550,17214.2,16765.3,-664.235
74.64,17700,17207.1,16765.5,492.876
74.65,17425,17200,16765.8,224.967
74.66,18250,17193,16766,1057.03
74.67,18050,17185.9,16766.2,864.075
74.68,16250,17178.9,16766.4,-928.915
74.69,17550,17171.9,16766.7,378.06
74.7,17125,17165,16766.9,-40.0024
74.71,17000,17158.1,16767.1,-158.106
74.72,17025,17151.3,16767.3,-126.255
74.73,16250,17144.5,16767.5,-894.451
74.74,16075,17137.7,16767.8,-1062.7
74.75,17650,17131,16768,519.003
74.76,16700,17124.4,16768.2,-424.353
74.77,17875,17117.8,16768.5,757.231
74.78,18850,17111.2,16768.7,1738.75
74.79,17225,17104.8,16768.9,120.213
74.8,17750,17098.4,16769.1,651.606
74.81,17400,17092.1,16769.4,307.929
74.82,16475,17085.8,16769.6,-610.819
74.83,16725,17079.6,16769.8,-354.639
74.84,17325,17073.5,16770,251.465
74.85,17350,17067.5,16770.3,282.493
74.86,17975,17061.6,16770.5,913.441
74.87,16150,17055.7,16770.7,-905.69
74.88,16975,17049.9,16771,-74.9037
74.89,17125,17044.2,16771.2,80.7995
74.9,17525,17038.6,16771.4,486.418
74.91,17425,17033,16771.7,391.951
74.92,17000,17027.6,16771.9,-27.6037
74.93,16775,17022.2,16772.1,-247.246
74.94,17450,17017,16772.4,433.022
74.95,16750,17011.8,16772.6,-261.8
74.96,16250,17006.7,16772.9,-756.712
74.97,16200,17001.7,16773.1,-801.716
74.98,17425,16996.8,16773.3,428.188
74.99,17050,16992,16773.6,57.9999
75,15675,16987.3,16773.8,-1312.28
75.01,16525,16982.7,16774,-457.657
75.02,17000,16978.1,16774.3,21.8748
75.03,17925,16973.7,16774.5,951.312
75.04,18025,16969.3,16774.8,1055.66
75.05,18200,16965.1,16775,1234.9
75.06,17075,16960.9,16775.2,114.06
75.07,17200,16956.9,16775.5,243.121
75.08,17150,16952.9,16775.7,197.088
75.09,16425,16949,16776,-524.039
75.1,15850,16945.3,16776.2,-1095.26
75.11,17075,16941.6,16776.5,133.427
75.12,16250,16938,16776.7,-687.98
75.13,15900,16934.5,16777,-1034.48
75.14,16500,16931.1,16777.2,-431.071
75.15,16550,16927.8,16777.5,-377.754
75.16,16150,16924.5,16777.7,-774.528
75.17,16625,16921.4,16777.9,-296.393
75.18,17750,16918.3,16778.2,831.651
75.19,16525,16915.4,16778.4,-390.393
75.2,17275,16912.5,16778.7,362.474
75.21,17050,16909.7,16778.9,140.252
75.22,16950,16907.1,16779.2,42.9434
75.23,16750,16904.5,16779.4,-154.452
75.24,17400,16901.9,16779.7,498.066
75.25,17100,16899.5,16780,200.5
75.26,16975,16897.2,16780.2,77.8486
75.27,17400,16894.9,16780.5,505.114
75.28,17500,16892.7,16780.7,607.296
75.29,16050,16890.6,16781,-840.603
75.3,16625,16888.6,16781.2,-263.584
75.31,16500,16886.6,16781.5,-386.645
75.32,16750,16884.8,16781.7,-134.786
75.33,17550,16883,16782,666.994
75.34,16950,16881.3,16782.3,68.6969
75.35,16200,16879.7,16782.5,-679.678
75.36,17800,16878.1,16782.8,921.871
75.37,17325,16876.7,16783,448.345
75.38,16625,16875.3,16783.3,-250.257
75.39,16725,16873.9,16783.6,-148.932
75.4,16300,16872.7,16783.8,-572.68
75.41,17275,16871.5,16784.1,403.499
75.42,17100,16870.4,16784.3,229.606
75.43,15600,16869.4,16784.6,-1269.36
75.44,16450,16868.4,16784.9,-418.392
75.45,16400,16867.5,16785.1,-467.496
75.46,18275,16866.7,16785.4,1408.33
75.47,16725,16865.9,16785.7,-140.91
75.48,16500,16865.2,16785.9,-365.219
75.49,16400,16864.6,16786.2,-464.595
75.5,16525,16864,16786.5,-339.038
75.51,17875,16863.5,16786.7,1011.45
75.52,16600,16863.1,16787,-263.121
75.53,16400,16862.8,16787.3,-462.761
75.54,16250,16862.5,16787.5,-612.466
75.55,16775,16862.2,16787.8,-87.2343
75.56,17100,16862.1,16788.1,237.933
75.57,17875,16862,16788.4,1013.04
75.58,17575,16861.9,16788.6,713.078
75.59,17325,16861.9,16788.9,463.055
75.6,17450,16862,16789.2,587.971
75.61,17100,16862.2,16789.5,237.823
75.62,16350,16862.4,16789.7,-512.386
75.63,17200,16862.7,16790,337.343
75.64,17050,16863,16790.3,187.01
75.65,16275,16863.4,16790.6,-588.385
75.66,17200,16863.8,16790.8,336.159
75.67,16500,16864.4,16791.1,-364.358
75.68,17125,16864.9,16791.4,260.063
75.69,16575,16865.6,16791.7,-290.577
75.7,16925,16866.3,16792,58.7211
75.71,17150,16867,16792.2,282.958
75.72,17650,16867.9,16792.5,782.134
75.73,17125,16868.8,16792.8,256.248
75.74,17350,16869.7,16793.1,480.301
75.75,17175,16870.7,16793.4,304.293
75.76,17500,16871.8,16793.6,628.222
75.77,17275,16872.9,16793.9,402.09
75.78,17400,16874.1,16794.2,525.896
75.79,15975,16875.4,16794.5,-900.36
75.8,16525,16876.7,16794.8,-351.679
75.81,17500,16878.1,16795.1,621.94
75.82,17775,16879.5,16795.4,895.497
75.83,17050,16881,16795.7,168.991
75.84,16300,16882.6,16795.9,-582.578
75.85,16900,16884.2,16796.2,15.7896
75.86,17375,16885.9,16796.5,489.094
75.87,17325,16887.7,16796.8,437.335
75.88,16300,16889.5,16797.1,-589.488
75.89,16625,16891.4,16797.4,-266.374
75.9,16475,16893.3,16797.7,-418.325
75.91,16850,16895.3,16798,-45.34
75.92,17200,16897.4,16798.3,302.581
75.93,17375,16899.6,16798.6,475.437
75.94,17175,16901.8,16798.9,273.229
75.95,17575,16904,16799.2,670.956
75.96,16725,16906.4,16799.5,-181.382
75.97,17275,16908.8,16799.8,366.215
75.98,17000,16911.3,16800.1,88.7478
75.99,17425,16913.8,16800.4,511.215
76,17100,16916.4,16800.7,183.618
76.01,16775,16919,16801,-144.044
76.02,16550,16921.8,16801.3,-371.771
76.03,18075,16924.6,16801.6,1150.44
76.04,16725,16927.4,16801.9,-202.419
76.05,16000,16930.3,16802.2,-930.339
76.06,16475,16933.3,16802.5,-458.324
76.07,16550,16936.4,16802.8,-386.372
76.08,17550,16939.5,16803.1,610.516
76.09,16625,16942.7,16803.4,-317.659
76.1,16075,16945.9,16803.7,-870.896
76.11,17150,16949.2,16804,200.804
76.12,17700,16952.6,16804.3,747.442
76.13,17175,16956,16804.6,219.019
76.14,17100,16959.5,16804.9,140.536
76.15,17075,16963,16805.2,111.992
76.16,15975,16966.6,16805.6,-991.61
76.17,17300,16970.3,16805.9,329.729
76.18,16225,16974,16806.2,-748.99
76.19,16525,16977.8,16806.5,-452.765
76.2,16950,16981.6,16806.8,-31.5956
76.21,17375,16985.5,16807.1,389.519
76.22,16600,16989.4,16807.4,-389.42
76.23,17925,16993.4,16807.7,931.589
76.24,17350,16997.5,16808.1,352.546
76.25,17600,17001.5,16808.4,598.454
76.26,16900,17005.7,16808.7,-105.687
76.27,16875,17009.9,16809,-134.875
76.28,18350,17014.1,16809.3,1335.89
76.29,17375,17018.4,16809.7,356.614
76.3,17000,17022.7,16810,-22.7054
76.31,17650,17027.1,16810.3,622.934
76.32,17450,17031.5,16810.6,418.535
76.33,18000,17035.9,16810.9,964.099
76.34,16975,17040.4,16811.3,-65.3725
76.35,16950,17044.9,16811.6,-94.8769
76.36,17625,17049.4,16811.9,575.588
76.37,17100,17054,16812.2,46.0232
76.38,16425,17058.6,16812.6,-633.568
76.39,17825,17063.2,16812.9,761.816
76.4,17400,17067.8,16813.2,332.178
76.41,17625,17072.5,16813.6,552.521
76.42,18750,17077.2,16813.9,1672.85
76.43,17200,17081.8,16814.2,118.156
76.44,17525,17086.5,16814.5,438.453
76.45,16075,17091.3,16814.9,-1016.26
76.46,17400,17096,16815.2,304.023
76.47,16575,17100.7,16815.5,-525.701
76.48,17925,17105.4,16815.9,819.575
76.49,17125,17110.1,16816.2,14.8515
76.5,16800,17114.9,16816.5,-314.867
76.51,17750,17119.6,16816.9,630.421
76.52,17775,17124.3,16817.2,650.719
76.53,17425,17129,16817.6,296.031
76.54,17850,17133.6,16817.9,716.359
76.55,15825,17138.3,16818.2,-1313.29
76.56,16925,17142.9,16818.6,-217.925
76.57,18225,17147.5,16818.9,1077.47
76.58,17275,17152.1,16819.3,122.895
76.59,16900,17156.6,16819.6,-256.649
76.6,17150,17161.2,16819.9,-11.1582
76.61,17850,17165.6,16820.3,684.371
76.62,18525,17170.1,16820.6,1354.94
76.63,16625,17174.4,16821,-549.442
76.64,18300,17178.8,16821.3,1121.22
76.65,18425,17183.1,16821.7,1241.94
76.66,16225,17187.3,16822,-962.293
76.67,18775,17191.5,16822.4,1583.53
76.68,17850,17195.6,16822.7,654.422
76.69,17850,17199.6,16823.1,650.373
76.7,17825,17203.6,16823.4,621.391
76.71,17075,17207.5,16823.8,-132.521
76.72,16450,17211.4,16824.1,-761.361
76.73,16700,17215.1,16824.5,-515.126
76.74,17025,17218.8,16824.8,-193.812
76.75,16900,17222.4,16825.2,-322.417
76.76,18750,17225.9,16825.5,1524.06
76.77,16325,17229.4,16825.9,-904.375
76.78,16950,17232.7,16826.2,-282.723
76.79,16575,17236,16826.6,-660.98
76.8,17000,17239.1,16827,-239.145
76.81,16250,17242.2,16827.3,-992.215
76.82,18275,17245.2,16827.7,1029.81
76.83,18300,17248.1,16828,1051.94
76.84,17550,17250.8,16828.4,299.16
76.85,16750,17253.5,16828.8,-503.514
76.86,17025,17256.1,16829.1,-231.086
76.87,17350,17258.6,16829.5,91.4448
76.88,17450,17260.9,16829.9,189.08
76.89,17900,17263.2,16830.2,636.821
76.9,17800,17265.3,16830.6,534.667
76.91,17525,17267.4,16830.9,257.619
76.92,17000,17269.3,16831.3,-269.323
76.93,17700,17271.2,16831.7,428.84
76.94,17500,17272.9,16832.1,227.11
76.95,17400,17274.5,16832.4,125.485
76.96,17200,17276,16832.8,-76.0358
76.97,17650,17277.5,16833.2,372.547
76.98,18225,17278.8,16833.5,946.233
76.99,17450,17280,16833.9,170.021
77,17750,17281.1,16834.3,468.909
77.01,17500,17282.1,16834.7,217.895
77.02,17650,17283,16835,366.978
77.03,17800,17283.8,16835.4,516.155
77.04,17100,17284.6,16835.8,-184.574
77.05,17300,17285.2,16836.2,14.7861
77.06,17750,17285.8,16836.5,464.234
77.07,16750,17286.2,16836.9,-536.232
77.08,17125,17286.6,16837.3,-161.617
77.09,16975,17286.9,16837.7,-311.922
77.1,16775,17287.2,16838.1,-512.151
77.11,17425,17287.3,16838.5,137.693
77.12,16575,17287.4,16838.8,-712.394
77.13,14925,17287.4,16839.2,-2362.42
77.14,17500,17287.4,16839.6,212.625
77.15,17025,17287.3,16840,-262.276
77.16,17150,17287.1,16840.4,-137.123
77.17,18325,17286.9,16840.8,1038.08
77.18,17150,17286.7,16841.2,-136.67
77.19,17075,17286.4,16841.6,-211.379
77.2,17975,17286,16841.9,688.95
77.21,16400,17285.7,16842.3,-885.688
77.22,16725,17285.3,16842.7,-560.297
77.23,17400,17284.9,16843.1,115.117
77.24,17625,17284.4,16843.5,340.552
77.25,16550,17284,16843.9,-733.999
77.26,17200,17283.5,16844.3,-83.5394
77.27,16550,17283.1,16844.7,-733.074
77.28,17175,17282.6,16845.1,-107.608
77.29,17775,17282.1,16845.5,492.854
77.3,18000,17281.7,16845.9,718.308
77.31,17125,17281.3,16846.3,-156.251
77.32,16850,17280.8,16846.7,-430.828
77.33,16675,17280.4,16847.1,-605.428
77.34,17200,17280.1,16847.5,-80.0551
77.35,16700,17279.7,16847.9,-579.714
77.36,16250,17279.4,16848.3,-1029.41
77.37,16475,17279.1,16848.7,-804.145
77.38,18400,17278.9,16849.1,1121.07
77.39,17875,17278.8,16849.5,596.243
77.4,16900,17278.6,16849.9,-378.642
77.41,17050,17278.6,16850.3,-228.585
77.42,17425,17278.6,16850.8,146.409
77.43,17300,17278.7,16851.2,21.3376
77.44,18650,17278.8,16851.6,1371.2
77.45,17100,17279,16852,-179.021
77.46,17300,17279.3,16852.4,20.6842
77.47,17150,17279.7,16852.8,-129.692
77.48,17400,17280.2,16853.2,119.847
77.49,18000,17280.7,16853.6,719.297
77.5,16975,17281.3,16854.1,-306.345
77.51,17775,17282.1,16854.5,492.919
77.52,17750,17282.9,16854.9,467.085
77.53,17400,17283.9,16855.3,116.15
77.54,17000,17284.9,16855.7,-284.888
77.55,17025,17286,16856.2,-261.033
77.56,18400,17287.3,16856.6,1112.71
77.57,17425,17288.6,16857,136.352
77.58,18425,17290.1,16857.4,1134.88
77.59,16425,17291.7,16857.8,-866.713
77.6,18350,17293.4,16858.3,1056.58
77.61,17950,17295.2,16858.7,654.757
77.62,17725,17297.2,16859.1,427.815
77.63,17700,17299.2,16859.6,400.752
77.64,17750,17301.4,16860,448.568
77.65,17425,17303.7,16860.4,121.263
77.66,18175,17306.2,16860.8,868.835
77.67,18175,17308.7,16861.3,866.283
77.68,17575,17311.4,16861.7,263.609
77.69,16550,17314.2,16862.1,-764.189
77.7,18150,17317.1,16862.6,832.89
77.71,17775,17320.2,16863,454.846
77.72,17975,17323.3,16863.4,651.68
77.73,17900,17326.6,16863.9,573.393
77.74,17925,17330,16864.3,594.985
77.75,18175,17333.5,16864.8,841.457
77.76,17325,17337.2,16865.2,-12.1885
77.77,17175,17341,16865.6,-165.951
77.78,17850,17344.8,16866.1,505.172
77.79,17025,17348.8,16866.5,-323.819
77.8,17600,17352.9,16867,247.08
77.81,18350,17357.1,16867.4,992.87
77.82,17450,17361.4,16867.9,88.5538
77.83,16800,17365.9,16868.3,-565.866
77.84,18250,17370.4,16868.8,879.614
77.85,18050,17375,16869.2,674.996
77.86,18325,17379.7,16869.6,945.284
77.87,18925,17384.5,16870.1,1540.48
77.88,17800,17389.4,16870.6,410.59
77.89,19275,17394.4,16871,1880.62
77.9,17150,17399.4,16871.5,-249.438
77.91,17625,17404.6,16871.9,220.432
77.92,18575,17409.8,16872.4,1165.23
77.93,18950,17415,16872.8,1534.96
77.94,17225,17420.4,16873.3,-195.365
77.95,17900,17425.8,16873.7,474.248
77.96,17500,17431.2,16874.2,68.8085
77.97,18175,17436.7,16874.7,738.322
77.98,18275,17442.2,16875.1,832.793
77.99,18150,17447.8,16875.6,702.227
78,16550,17453.4,16876,-903.37
78.01,17175,17459,16876.5,-283.993
78.02,18300,17464.6,16877,835.365
78.03,18950,17470.3,16877.4,1479.71
78.04,17175,17476,16877.9,-300.957
78.05,17600,17481.6,16878.4,118.376
78.06,17575,17487.3,16878.8,87.7131
78.07,18300,17492.9,16879.3,807.061
78.08,18650,17498.6,16879.8,1151.43
78.09,18625,17504.2,16880.2,1120.81
78.1,17925,17509.8,16880.7,415.23
78.11,17200,17515.3,16881.2,-315.316
78.12,16975,17520.8,16881.7,-545.82
78.13,16725,17526.3,16882.1,-801.274
78.14,17100,17531.7,16882.6,-431.672
78.15,17700,17537,16883.1,162.993
78.16,17500,17542.3,16883.6,-42.2721
78.17,17975,17547.5,16884,427.539
78.18,18075,17552.6,16884.5,522.433
78.19,17725,17557.6,16885,167.416
78.2,17775,17562.5,16885.5,212.496
78.21,16725,17567.3,16886,-842.321
78.22,17775,17572,16886.5,202.971
78.23,17775,17576.6,16886.9,198.379
78.24,17700,17581.1,16887.4,118.91
78.25,17125,17585.4,16887.9,-460.432
78.26,18525,17589.6,16888.4,935.362
78.27,17600,17593.7,16888.9,6.29568
78.28,18300,17597.6,16889.4,702.376
78.29,16975,17601.4,16889.9,-626.391
78.3,18800,17605,16890.4,1195
78.31,15875,17608.4,16890.9,-1733.45
78.32,17075,17611.7,16891.4,-536.724
78.33,16800,17614.8,16891.8,-814.828
78.34,17050,17617.8,16892.3,-567.755
78.35,17400,17620.5,16892.8,-220.498
78.36,17475,17623.1,16893.3,-148.055
78.37,17150,17625.4,16893.8,-475.42
78.38,16350,17627.6,16894.3,-1277.59
78.39,16600,17629.6,16894.8,-1029.56
78.4,17150,17631.3,16895.3,-481.333
78.41,17150,17632.9,16895.8,-482.899
78.42,16775,17634.3,16896.3,-859.258
78.43,16525,17635.4,16896.9,-1110.41
78.44,16525,17636.3,16897.4,-1111.34
78.45,17325,17637.1,16897.9,-312.067
78.46,17225,17637.6,16898.4,-412.575
78.47,17475,17637.9,16898.9,-162.866
78.48,17550,17637.9,16899.4,-87.9404
78.49,17625,17637.8,16899.9,-12.7966
78.5,18325,17637.4,16900.4,687.565
78.51,16325,17636.9,16900.9,-1311.85
78.52,17150,17636.1,16901.4,-486.056
78.53,16625,17635,16902,-1010.04
78.54,16275,17633.8,16902.5,-1358.81
78.55,17725,17632.4,16903,92.6403
78.56,17025,17630.7,16903.5,-605.698
78.57,16750,17628.8,16904,-878.823
78.58,17000,17626.7,16904.6,-626.739
78.59,16900,17624.4,16905.1,-724.446
78.6,16750,17621.9,16905.6,-871.947
78.61,17350,17619.2,16906.1,-269.245
78.62,17850,17616.3,16906.6,233.656
78.63,16925,17613.2,16907.2,-688.245
78.64,17050,17610,16907.7,-559.952
78.65,17050,17606.5,16908.2,-556.47
78.66,18075,17602.8,16908.8,472.198
78.67,16550,17599,16909.3,-1048.95
78.68,16275,17594.9,16909.8,-1319.92
78.69,17325,17590.7,16910.4,-265.719
78.7,16175,17586.3,16910.9,-1411.35
78.71,17200,17581.8,16911.4,-381.81
78.72,17875,17577.1,16912,297.886
78.73,16150,17572.3,16912.5,-1422.26
78.74,17325,17567.3,16913,-242.26
78.75,16800,17562.1,16913.6,-762.113
78.76,17850,17556.8,16914.1,293.173
78.77,17350,17551.4,16914.7,-201.406
78.78,17000,17545.9,16915.2,-545.856
78.79,16025,17540.2,16915.7,-1515.18
78.8,16300,17534.4,16916.3,-1234.39
78.81,17175,17528.5,16916.8,-353.485
78.82,16175,17522.5,16917.4,-1347.47
78.83,16975,17516.4,16917.9,-541.36
78.84,16475,17510.2,16918.5,-1035.15
78.85,17000,17503.9,16919,-503.851
78.86,17000,17497.5,16919.6,-497.467
78.87,16550,17491,16920.1,-941.003
78.88,16525,17484.5,16920.7,-959.466
78.89,18050,17477.9,16921.2,572.138
78.9,17550,17471.2,16921.8,78.8053
78.91,17275,17464.5,16922.3,-189.471
78.92,17325,17457.7,16922.9,-132.695
78.93,16725,17450.9,16923.5,-725.874
78.94,16550,17444,16924,-894.012
78.95,17425,17437.1,16924.6,-12.1149
78.96,17125,17430.2,16925.1,-305.187
78.97,16400,17423.2,16925.7,-1023.24
78.98,16875,17416.3,16926.3,-541.263
78.99,16400,17409.3,16926.8,-1009.28
79,18150,17402.3,16927.4,747.721
79.01,17200,17395.3,16928,-195.276
79.02,17475,17388.3,16928.5,86.7264
79.03,16700,17381.3,16929.1,-681.275
79.04,15725,17374.3,16929.7,-1649.29
79.05,17725,17367.3,16930.2,357.691
79.06,17975,17360.3,16930.8,614.651
79.07,17350,17353.4,16931.4,-3.41166
79.08,16600,17346.5,16932,-746.5
79.09,17175,17339.6,16932.5,-164.618
79.1,16550,17332.8,16933.1,-782.769
79.11,16700,17326,16933.7,-625.958
79.12,17450,17319.2,16934.3,130.812
79.13,17225,17312.5,16934.9,-87.4624
79.14,16275,17305.8,16935.4,-1030.78
79.15,16600,17299.2,16936,-699.158
79.16,17175,17292.6,16936.6,-117.586
79.17,15850,17286.1,16937.2,-1436.07
79.18,16950,17279.6,16937.8,-329.617
79.19,17175,17273.2,16938.4,-98.2262
79.2,17725,17266.9,16939,458.099
79.21,17200,17260.6,16939.6,-60.6438
79.22,16275,17254.5,16940.1,-979.458
79.23,15625,17248.3,16940.7,-1623.34
79.24,16775,17242.3,16941.3,-467.306
79.25,16350,17236.3,16941.9,-886.346
79.26,17225,17230.5,16942.5,-5.46445
79.27,16600,17224.7,16943.1,-624.664
79.28,18425,17218.9,16943.7,1206.05
79.29,16800,17213.3,16944.3,-413.314
79.3,16875,17207.8,16944.9,-332.767
79.31,17450,17202.3,16945.5,247.693
79.32,16550,17196.9,16946.1,-646.936
79.33,17225,17191.7,16946.7,33.3461
79.34,16750,17186.5,16947.3,-436.463
79.35,17450,17181.4,16947.9,268.637
79.36,17225,17176.4,16948.5,48.6434
79.37,16950,17171.4,16949.2,-221.443
79.38,16575,17166.6,16949.8,-591.623
79.39,16775,17161.9,16950.4,-386.897
79.4,17050,17157.3,16951,-107.266
79.41,17050,17152.7,16951.6,-102.73
79.42,17425,17148.3,16952.2,276.71
79.43,16875,17143.9,16952.8,-268.944
79.44,16550,17139.7,16953.5,-589.695
79.45,16700,17135.5,16954.1,-435.541
79.46,16425,17131.5,16954.7,-706.482
79.47,16925,17127.5,16955.3,-202.518
79.48,16975,17123.6,16955.9,-148.649
79.49,17300,17119.9,16956.6,180.125
79.5,16400,17116.2,16957.2,-716.196
79.51,16475,17112.6,16957.8,-637.609
79.52,18200,17109.1,16958.4,1090.88
79.53,17600,17105.7,16959.1,494.284
79.54,16250,17102.4,16959.7,-852.408
79.55,17400,17099.2,16960.3,300.809
79.56,17275,17096.1,16961,178.936
79.57,17475,17093,16961.6,381.973
79.58,16750,17090.1,16962.2,-340.078
79.59,17075,17087.2,16962.9,-12.2175
79.6,16875,17084.4,16963.5,-209.444
79.61,17200,17081.8,16964.1,118.244
79.62,16800,17079.2,16964.8,-279.153
79.63,17525,17076.6,16965.4,448.367
79.64,18300,17074.2,16966.1,1225.8
79.65,16325,17071.8,16966.7,-746.841
79.66,17725,17069.6,16967.3,655.435
79.67,17075,17067.4,16968,7.63083
79.68,17825,17065.3,16968.6,759.749
79.69,17475,17063.2,16969.3,411.791
79.7,16725,17061.2,16969.9,-336.242
79.71,16800,17059.3,16970.6,-259.35
79.72,16225,17057.5,16971.2,-832.53
79.73,17800,17055.8,16971.9,744.218
79.74,17275,17054.1,16972.5,220.897
79.75,15750,17052.5,16973.2,-1302.49
79.76,16400,17051,16973.9,-650.951
79.77,17050,17049.5,16974.5,0.524939
79.78,16075,17048.1,16975.2,-973.064
79.79,17125,17046.7,16975.8,78.2847
79.8,17150,17045.4,16976.5,104.571
79.81,17100,17044.2,16977.2,55.7966
79.82,15550,17043,16977.8,-1493.04
79.83,17625,17041.9,16978.5,583.071
79.84,17075,17040.9,16979.2,34.1233
79.85,16925,17039.9,16979.8,-114.88
79.86,17575,17038.9,16980.5,536.063
79.87,17950,17038,16981.2,911.953
79.88,16800,17037.2,16981.8,-237.209
79.89,17875,17036.4,16982.5,838.58
79.9,16850,17035.7,16983.2,-185.68
79.91,17925,17035,16983.9,890.012
79.92,15800,17034.3,16984.5,-1234.34
79.93,16175,17033.7,16985.2,-858.74
79.94,15975,17033.2,16985.9,-1058.18
79.95,17850,17032.7,16986.6,817.332
79.96,16950,17032.2,16987.2,-82.1949
79.97,16950,17031.8,16987.9,-81.7617
79.98,16900,17031.4,16988.6,-131.368
79.99,17125,17031,16989.3,93.9883
80,16875,17030.7,16990,-155.693
