two_theta,y_obs,y_calc,y_bkg,y_diff
3.875,0.29695,0.327666,0.327665,-0.0307162
3.88,0.306331,0.328314,0.328313,-0.0219831
3.885,0.265384,0.328962,0.328961,-0.0635778
3.89,0.246686,0.32961,0.329608,-0.0829236
3.895,0.238279,0.330257,0.330256,-0.0919773
3.9,0.366013,0.330904,0.330902,0.0351094
3.905,0.389534,0.33155,0.331549,0.0579835
3.91,0.305856,0.332196,0.332195,-0.0263403
3.915,0.271975,0.332842,0.332841,-0.0608669
3.92,0.266083,0.333488,0.333487,-0.0674044
3.925,0.282862,0.334133,0.334132,-0.0512712
3.93,0.240795,0.334778,0.334777,-0.0939829
3.935,0.157316,0.335422,0.335421,-0.178106
3.94,0.207126,0.336067,0.336066,-0.128941
3.945,0.235978,0.336711,0.336709,-0.100732
3.95,0.303083,0.337354,0.337353,-0.0342713
3.955,0.377689,0.337997,0.337996,0.0396913
3.96,0.39927,0.33864,0.338639,0.0606295
3.965,0.405552,0.339283,0.339282,0.0662689
3.97,0.347998,0.339925,0.339924,0.00807276
3.975,0.326385,0.340567,0.340566,-0.0141826
3.98,0.296928,0.341209,0.341208,-0.0442811
3.985,0.300808,0.34185,0.341849,-0.0410422
3.99,0.330647,0.342491,0.34249,-0.0118447
3.995,0.33901,0.343132,0.343131,-0.00412156
4,0.326402,0.343772,0.343771,-0.0173699
4.005,0.294691,0.344412,0.344411,-0.0497212
4.01,0.35186,0.345052,0.345051,0.00680786
4.015,0.381127,0.345691,0.34569,0.0354359
4.02,0.390393,0.34633,0.346329,0.0440629
4.025,0.39623,0.346969,0.346968,0.0492607
4.03,0.387107,0.347608,0.347606,0.0394997
4.035,0.430711,0.348246,0.348244,0.0824648
4.04,0.397294,0.348883,0.348882,0.0484101
4.045,0.3823,0.349521,0.34952,0.0327791
4.05,0.362168,0.350158,0.350157,0.0120099
4.055,0.34819,0.350795,0.350794,-0.00260505
4.06,0.367526,0.351431,0.35143,0.0160951
4.065,0.386675,0.352067,0.352066,0.034608
4.07,0.375383,0.352703,0.352702,0.0226795
4.075,0.375311,0.353339,0.353338,0.0219725
4.08,0.333302,0.353974,0.353973,-0.0206718
4.085,0.317789,0.354609,0.354608,-0.0368193
4.09,0.272285,0.355243,0.355242,-0.0829586
4.095,0.291228,0.355878,0.355876,-0.0646493
4.1,0.296889,0.356511,0.35651,-0.0596223
4.105,0.315133,0.357145,0.357144,-0.0420119
4.11,0.322653,0.357778,0.357777,-0.0351256
4.115,0.305675,0.358411,0.35841,-0.052736
4.12,0.280131,0.359044,0.359042,-0.0789123
4.125,0.27832,0.359676,0.359675,-0.0813555
4.13,0.338173,0.360308,0.360307,-0.0221353
4.135,0.368968,0.36094,0.360938,0.00802872
4.14,0.36858,0.361571,0.36157,0.00700875
4.145,0.324629,0.362202,0.362201,-0.037573
4.15,0.312294,0.362833,0.362831,-0.0505389
4.155,0.294544,0.363463,0.363462,-0.0689185
4.16,0.287132,0.364093,0.364092,-0.076961
4.165,0.293962,0.364723,0.364721,-0.0707605
4.17,0.320607,0.365352,0.365351,-0.0447448
4.175,0.334013,0.365981,0.36598,-0.031968
4.18,0.362185,0.36661,0.366609,-0.00442523
4.185,0.371528,0.367238,0.367237,0.0042894
4.19,0.372576,0.367866,0.367865,0.00471008
4.195,0.360414,0.368494,0.368493,-0.00808043
4.2,0.34912,0.369122,0.36912,-0.0200017
4.205,0.313291,0.369749,0.369748,-0.0564583
4.21,0.271013,0.370376,0.370374,-0.0993629
4.215,0.254634,0.371002,0.371001,-0.116368
4.22,0.27234,0.371628,0.371627,-0.0992887
4.225,0.305539,0.372254,0.372253,-0.0667153
4.23,0.302461,0.37288,0.372878,-0.0704185
4.235,0.286711,0.373505,0.373504,-0.0867937
4.24,0.280127,0.37413,0.374129,-0.0940026
4.245,0.3267,0.374754,0.374753,-0.0480549
4.25,0.316654,0.375379,0.375377,-0.0587247
4.255,0.282145,0.376003,0.376001,-0.0938577
4.26,0.25002,0.376626,0.376625,-0.126606
4.265,0.262815,0.37725,0.377248,-0.114435
4.27,0.294211,0.377873,0.377871,-0.0836619
4.275,0.291608,0.378495,0.378494,-0.0868871
4.28,0.265026,0.379118,0.379116,-0.114091
4.285,0.283917,0.37974,0.379738,-0.0958222
4.29,0.330003,0.380361,0.38036,-0.0503583
4.295,0.358396,0.380983,0.380982,-0.0225866
4.3,0.378193,0.381604,0.381603,-0.00341054
4.305,0.354873,0.382225,0.382223,-0.0273516
4.31,0.375163,0.382845,0.382844,-0.00768192
4.315,0.37163,0.383465,0.383464,-0.011835
4.32,0.370861,0.384085,0.384084,-0.0132238
4.325,0.371934,0.384704,0.384703,-0.0127708
4.33,0.368089,0.385324,0.385322,-0.0172347
4.335,0.386169,0.385943,0.385941,0.000226932
4.34,0.361883,0.386561,0.38656,-0.0246779
4.345,0.362612,0.387179,0.387178,-0.0245674
4.35,0.373148,0.387797,0.387796,-0.014649
4.355,0.366916,0.388415,0.388413,-0.0214985
4.36,0.349854,0.389032,0.389031,-0.0391782
4.365,0.359813,0.389649,0.389648,-0.0298361
4.37,0.381759,0.390266,0.390264,-0.00850641
4.375,0.376607,0.390882,0.390881,-0.0142746
4.38,0.354653,0.391498,0.391497,-0.0368452
4.385,0.346284,0.392114,0.392112,-0.0458295
4.39,0.359126,0.392729,0.392728,-0.0336033
4.395,0.366566,0.393344,0.393343,-0.0267778
4.4,0.341953,0.393959,0.393957,-0.0520057
4.405,0.37158,0.394573,0.394572,-0.0229931
4.41,0.399133,0.395187,0.395186,0.00394625
4.415,0.397889,0.395801,0.3958,0.00208758
4.42,0.345026,0.396414,0.396413,-0.0513889
4.425,0.303795,0.397028,0.397026,-0.0932327
4.43,0.338959,0.39764,0.397639,-0.0586817
4.435,0.362424,0.398253,0.398252,-0.0358287
4.44,0.398976,0.398865,0.398864,0.000111027
4.445,0.366907,0.399477,0.399476,-0.0325702
4.45,0.347922,0.400089,0.400087,-0.0521666
4.455,0.316604,0.4007,0.400699,-0.0840954
4.46,0.281852,0.401311,0.40131,-0.119459
4.465,0.291342,0.401921,0.40192,-0.110579
4.47,0.311827,0.402532,0.40253,-0.0907048
4.475,0.364108,0.403142,0.40314,-0.0390335
4.48,0.353341,0.403751,0.40375,-0.0504101
4.485,0.329725,0.404361,0.404359,-0.0746357
4.49,0.289591,0.40497,0.404968,-0.115379
4.495,0.286092,0.405579,0.405577,-0.119486
4.5,0.318257,0.406187,0.406186,-0.0879294
4.505,0.351396,0.406795,0.406794,-0.0553992
4.51,0.375228,0.407403,0.407402,-0.0321746
4.515,0.415516,0.40801,0.408009,0.0075055
4.52,0.452129,0.408617,0.408616,0.043512
4.525,0.472797,0.409224,0.409223,0.0635723
4.53,0.419754,0.409831,0.40983,0.00992367
4.535,0.36961,0.410437,0.410436,-0.0408266
4.54,0.344482,0.411043,0.411042,-0.0665605
4.545,0.328755,0.411648,0.411647,-0.0828933
4.55,0.358035,0.412254,0.412252,-0.0542191
4.555,0.368702,0.412859,0.412857,-0.0441572
4.56,0.40308,0.413463,0.413462,-0.0103838
4.565,0.385748,0.414068,0.414066,-0.0283198
4.57,0.375488,0.414672,0.41467,-0.0391836
4.575,0.370117,0.415275,0.415274,-0.0451585
4.58,0.395774,0.415879,0.415878,-0.0201045
4.585,0.417054,0.416482,0.416481,0.000571779
4.59,0.454093,0.417085,0.417083,0.0370082
4.595,0.473583,0.417687,0.417686,0.0558961
4.6,0.476249,0.418289,0.418288,0.05796
4.605,0.475947,0.418891,0.41889,0.0570557
4.61,0.463966,0.419493,0.419491,0.0444734
4.615,0.422448,0.420094,0.420092,0.00235435
4.62,0.411481,0.420695,0.420693,-0.00921366
4.625,0.396741,0.421295,0.421294,-0.0245541
4.63,0.402734,0.421895,0.421894,-0.0191613
4.635,0.376727,0.422495,0.422494,-0.0457682
4.64,0.350796,0.423095,0.423094,-0.0722993
4.645,0.348208,0.423694,0.423693,-0.0754868
4.65,0.360086,0.424293,0.424292,-0.0642075
4.655,0.344048,0.424892,0.424891,-0.0808437
4.66,0.355861,0.425491,0.425489,-0.0696292
4.665,0.385409,0.426089,0.426087,-0.0406797
4.67,0.41392,0.426686,0.426685,-0.0127662
4.675,0.447492,0.427284,0.427282,0.0202079
4.68,0.460035,0.427881,0.42788,0.0321539
4.685,0.443134,0.428478,0.428476,0.0146558
4.69,0.419694,0.429074,0.429073,-0.00937983
4.695,0.412351,0.42967,0.429669,-0.0173191
4.7,0.46002,0.430266,0.430265,0.029754
4.705,0.453478,0.430862,0.430861,0.0226164
4.71,0.443954,0.431457,0.431456,0.0124969
4.715,0.42656,0.432052,0.432051,-0.00549225
4.72,0.452736,0.432647,0.432646,0.0200889
4.725,0.463674,0.433241,0.43324,0.0304325
4.73,0.468646,0.433835,0.433834,0.0348104
4.735,0.472927,0.434429,0.434428,0.0384983
4.74,0.463819,0.435022,0.435021,0.028797
4.745,0.458375,0.435615,0.435614,0.0227599
4.75,0.456721,0.436208,0.436207,0.0205132
4.755,0.474651,0.436801,0.436799,0.0378504
4.76,0.475492,0.437393,0.437392,0.0380989
4.765,0.450917,0.437985,0.437983,0.0129324
4.77,0.445675,0.438576,0.438575,0.00709869
4.775,0.43286,0.439168,0.439166,-0.00630783
4.78,0.439657,0.439758,0.439757,-0.000101065
4.785,0.446709,0.440349,0.440348,0.00635943
4.79,0.458968,0.440939,0.440938,0.0180289
4.795,0.443714,0.441529,0.441528,0.00218484
4.8,0.442576,0.442119,0.442118,0.000457355
4.805,0.483302,0.442708,0.442707,0.0405937
4.81,0.525288,0.443298,0.443296,0.0819902
4.815,0.518905,0.443886,0.443885,0.0750184
4.82,0.483217,0.444475,0.444473,0.0387422
4.825,0.447708,0.445063,0.445062,0.00264523
4.83,0.439882,0.445651,0.445649,-0.00576849
4.835,0.408138,0.446238,0.446237,-0.0381
4.84,0.390254,0.446825,0.446824,-0.0565717
4.845,0.390431,0.447412,0.447411,-0.0569816
4.85,0.399219,0.447999,0.447998,-0.0487798
4.855,0.397796,0.448585,0.448584,-0.0507891
4.86,0.392152,0.449171,0.44917,-0.0570195
4.865,0.382636,0.449757,0.449756,-0.067121
4.87,0.38981,0.450342,0.450341,-0.0605323
4.875,0.425527,0.450927,0.450926,-0.0254003
4.88,0.457922,0.451512,0.451511,0.00640989
4.885,0.480729,0.452097,0.452095,0.0286325
4.89,0.464012,0.452681,0.452679,0.0113314
4.895,0.422297,0.453265,0.453263,-0.0309679
4.9,0.406036,0.453848,0.453847,-0.0478117
4.905,0.413282,0.454431,0.45443,-0.0411491
4.91,0.421991,0.455014,0.455013,-0.0330234
4.915,0.407992,0.455597,0.455595,-0.0476043
4.92,0.415494,0.456179,0.456178,-0.0406847
4.925,0.452213,0.456761,0.45676,-0.00454794
4.93,0.484511,0.457343,0.457341,0.027168
4.935,0.495004,0.457924,0.457923,0.0370799
4.94,0.468613,0.458505,0.458504,0.0101077
4.945,0.465929,0.459086,0.459085,0.00684262
4.95,0.465997,0.459666,0.459665,0.00633109
4.955,0.457542,0.460246,0.460245,-0.00270433
4.96,0.447306,0.460826,0.460825,-0.01352
4.965,0.423096,0.461406,0.461405,-0.0383101
4.97,0.426152,0.461985,0.461984,-0.0358332
4.975,0.41353,0.462564,0.462563,-0.0490338
4.98,0.397566,0.463143,0.463141,-0.0655763
4.985,0.417831,0.463721,0.46372,-0.0458896
4.99,0.462985,0.464299,0.464298,-0.001314
4.995,0.491916,0.464877,0.464875,0.0270394
5,0.503252,0.465454,0.465453,0.0377983
5.005,0.469058,0.466031,0.46603,0.00302706
5.01,0.455305,0.466608,0.466607,-0.0113024
5.015,0.450356,0.467184,0.467183,-0.0168281
5.02,0.516842,0.46776,0.467759,0.0490818
5.025,0.532998,0.468336,0.468335,0.0646617
5.03,0.527475,0.468912,0.468911,0.0585635
5.035,0.482775,0.469487,0.469486,0.0132882
5.04,0.443505,0.470062,0.470061,-0.0265574
5.045,0.453108,0.470637,0.470635,-0.0175291
5.05,0.448917,0.471211,0.47121,-0.0222938
5.055,0.480362,0.471785,0.471784,0.0085772
5.06,0.494473,0.472359,0.472357,0.0221138
5.065,0.499751,0.472932,0.472931,0.0268184
5.07,0.486209,0.473505,0.473504,0.0127032
5.075,0.471489,0.474078,0.474077,-0.00258869
5.08,0.481057,0.474651,0.474649,0.00640632
5.085,0.519595,0.475223,0.475222,0.0443719
5.09,0.545243,0.475795,0.475793,0.0694482
5.095,0.534669,0.476366,0.476365,0.0583029
5.1,0.508261,0.476938,0.476936,0.0313231
5.105,0.492325,0.477509,0.477507,0.0148163
5.11,0.470097,0.478079,0.478078,-0.00798224
5.115,0.464555,0.47865,0.478648,-0.0140948
5.12,0.423494,0.47922,0.479218,-0.0557258
5.125,0.433686,0.47979,0.479788,-0.0461035
5.13,0.443149,0.480359,0.480358,-0.0372105
5.135,0.471145,0.480928,0.480927,-0.00978325
5.14,0.491697,0.481497,0.481496,0.0102004
5.145,0.491273,0.482066,0.482064,0.0092073
5.15,0.48148,0.482634,0.482632,-0.00115388
5.155,0.481431,0.483202,0.4832,-0.0017705
5.16,0.478997,0.483769,0.483768,-0.00477209
5.165,0.513055,0.484337,0.484335,0.0287185
5.17,0.560815,0.484904,0.484902,0.0759113
5.175,0.602259,0.485471,0.485469,0.116788
5.18,0.617429,0.486037,0.486036,0.131392
5.185,0.575277,0.486603,0.486602,0.0886735
5.19,0.541245,0.487169,0.487168,0.0540757
5.195,0.498095,0.487734,0.487733,0.0103606
5.2,0.492242,0.4883,0.488298,0.00394246
5.205,0.480794,0.488865,0.488863,-0.00807053
5.21,0.477135,0.489429,0.489428,-0.0122939
5.215,0.500818,0.489994,0.489992,0.0108241
5.22,0.508553,0.490558,0.490556,0.0179958
5.225,0.510723,0.491121,0.49112,0.0196019
5.23,0.48597,0.491685,0.491683,-0.00571442
5.235,0.454181,0.492248,0.492246,-0.0380668
5.24,0.442835,0.492811,0.492809,-0.0499752
5.245,0.456557,0.493373,0.493372,-0.036816
5.25,0.491599,0.493935,0.493934,-0.00233673
5.255,0.526368,0.494497,0.494496,0.0318709
5.26,0.545111,0.495059,0.495057,0.050052
5.265,0.546569,0.49562,0.495619,0.0509492
5.27,0.529404,0.496181,0.49618,0.0332227
5.275,0.495715,0.496742,0.49674,-0.00102732
5.28,0.474209,0.497302,0.497301,-0.0230931
5.285,0.465974,0.497862,0.497861,-0.0318888
5.29,0.459938,0.498422,0.498421,-0.0384839
5.295,0.467877,0.498982,0.49898,-0.0311049
5.3,0.481389,0.499541,0.499539,-0.0181515
5.305,0.51906,0.5001,0.500098,0.0189603
5.31,0.531326,0.500658,0.500657,0.0306675
5.315,0.557804,0.501217,0.501215,0.0565877
5.32,0.562123,0.501775,0.501773,0.0603482
5.325,0.560159,0.502332,0.502331,0.057827
5.33,0.53161,0.50289,0.502888,0.0287204
5.335,0.510182,0.503447,0.503445,0.00673539
5.34,0.528026,0.504004,0.504002,0.0240225
5.345,0.554473,0.50456,0.504559,0.0499127
5.35,0.546953,0.505116,0.505115,0.0418369
5.355,0.49416,0.505672,0.505671,-0.0115126
5.36,0.50531,0.506228,0.506226,-0.000917984
5.365,0.539229,0.506783,0.506782,0.0324459
5.37,0.564491,0.507338,0.507337,0.0571528
5.375,0.538145,0.507893,0.507891,0.0302526
5.38,0.499848,0.508447,0.508446,-0.00859965
5.385,0.480606,0.509001,0.509,-0.028395
5.39,0.496281,0.509555,0.509554,-0.0132741
5.395,0.489598,0.510109,0.510107,-0.020511
5.4,0.522528,0.510662,0.51066,0.0118658
5.405,0.554804,0.511215,0.511213,0.0435888
5.41,0.571914,0.511767,0.511766,0.0601467
5.415,0.580504,0.51232,0.512318,0.068184
5.42,0.576815,0.512872,0.51287,0.063943
5.425,0.579169,0.513423,0.513422,0.0657456
5.43,0.576813,0.513975,0.513973,0.0628377
5.435,0.559733,0.514526,0.514525,0.0452068
5.44,0.554312,0.515077,0.515075,0.0392348
5.445,0.536781,0.515627,0.515626,0.0211534
5.45,0.516176,0.516177,0.516176,-1.58103e-06
5.455,0.495375,0.516727,0.516726,-0.0213526
5.46,0.473309,0.517277,0.517276,-0.0439681
5.465,0.474643,0.517826,0.517825,-0.0431838
5.47,0.492799,0.518375,0.518374,-0.0255764
5.475,0.504755,0.518924,0.518923,-0.0141688
5.48,0.535159,0.519473,0.519471,0.0156869
5.485,0.528648,0.520021,0.520019,0.0086269
5.49,0.52491,0.520569,0.520567,0.00434192
5.495,0.540945,0.521116,0.521115,0.0198285
5.5,0.552204,0.521663,0.521662,0.0305405
5.505,0.557075,0.52221,0.522209,0.0348645
5.51,0.540784,0.522757,0.522756,0.018027
5.515,0.526245,0.523303,0.523302,0.00294189
5.52,0.544268,0.523849,0.523848,0.0204182
5.525,0.561418,0.524395,0.524394,0.037023
5.53,0.575151,0.524941,0.524939,0.0502106
5.535,0.547281,0.525486,0.525484,0.0217951
5.54,0.543155,0.526031,0.526029,0.0171241
5.545,0.533166,0.526575,0.526574,0.006591
5.55,0.529481,0.52712,0.527118,0.00236144
5.555,0.51293,0.527664,0.527662,-0.0147338
5.56,0.498534,0.528207,0.528206,-0.0296732
5.565,0.50786,0.528751,0.528749,-0.0208903
5.57,0.530095,0.529294,0.529292,0.000801778
5.575,0.545553,0.529837,0.529835,0.0157161
5.58,0.546436,0.530379,0.530378,0.0160574
5.585,0.555905,0.530921,0.53092,0.0249835
5.59,0.563338,0.531463,0.531462,0.0318749
5.595,0.568731,0.532005,0.532003,0.0367261
5.6,0.559187,0.532546,0.532545,0.0266406
5.605,0.551403,0.533087,0.533086,0.0183164
5.61,0.53334,0.533628,0.533626,-0.000288176
5.615,0.540566,0.534168,0.534167,0.00639763
5.62,0.569419,0.534708,0.534707,0.0347103
5.625,0.581224,0.535248,0.535247,0.0459757
5.63,0.590361,0.535788,0.535786,0.0545729
5.635,0.600502,0.536327,0.536326,0.0641749
5.64,0.602177,0.536866,0.536865,0.0653111
5.645,0.607175,0.537405,0.537403,0.0697707
5.65,0.625393,0.537943,0.537942,0.0874496
5.655,0.637282,0.538481,0.53848,0.0988012
5.66,0.654275,0.539019,0.539018,0.115256
5.665,0.649641,0.539557,0.539555,0.110084
5.67,0.638884,0.540094,0.540092,0.09879
5.675,0.635199,0.540631,0.540629,0.0945681
5.68,0.642209,0.541167,0.541166,0.101042
5.685,0.629891,0.541704,0.541702,0.0881874
5.69,0.601259,0.54224,0.542238,0.0590193
5.695,0.593019,0.542775,0.542774,0.0502436
5.7,0.601375,0.543311,0.543309,0.0580641
5.705,0.607689,0.543846,0.543844,0.0638432
5.71,0.591163,0.544381,0.544379,0.0467819
5.715,0.560432,0.544915,0.544914,0.0155169
5.72,0.569759,0.54545,0.545448,0.0243094
5.725,0.589413,0.545984,0.545982,0.0434294
5.73,0.594552,0.546517,0.546516,0.0480345
5.735,0.611488,0.547051,0.547049,0.0644376
5.74,0.622217,0.547584,0.547582,0.0746336
5.745,0.624235,0.548117,0.548115,0.0761186
5.75,0.630488,0.548649,0.548648,0.0818385
5.755,0.604325,0.549181,0.54918,0.0551436
5.76,0.610144,0.549713,0.549712,0.0604306
5.765,0.601394,0.550245,0.550243,0.0511488
5.77,0.614043,0.550776,0.550775,0.0632668
5.775,0.607251,0.551307,0.551306,0.0559437
5.78,0.611159,0.551838,0.551837,0.0593207
5.785,0.615625,0.552368,0.552367,0.0632563
5.79,0.635297,0.552899,0.552897,0.0823987
5.795,0.640057,0.553428,0.553427,0.0866286
5.8,0.63777,0.553958,0.553957,0.0838121
5.805,0.643167,0.554487,0.554486,0.0886794
5.81,0.635274,0.555016,0.555015,0.0802579
5.815,0.614688,0.555545,0.555544,0.0591429
5.82,0.581497,0.556074,0.556072,0.0254238
5.825,0.574017,0.556602,0.5566,0.0174149
5.83,0.570627,0.557129,0.557128,0.0134977
5.835,0.596502,0.557657,0.557656,0.0388447
5.84,0.607547,0.558184,0.558183,0.0493627
5.845,0.614378,0.558711,0.55871,0.0556663
5.85,0.630476,0.559238,0.559236,0.071238
5.855,0.647857,0.559764,0.559763,0.0880932
5.86,0.664236,0.56029,0.560289,0.103946
5.865,0.651194,0.560816,0.560815,0.0903776
5.87,0.619183,0.561342,0.56134,0.0578412
5.875,0.603583,0.561867,0.561865,0.041716
5.88,0.597164,0.562392,0.56239,0.034772
5.885,0.578724,0.562916,0.562915,0.0158074
5.89,0.584307,0.563441,0.563439,0.0208657
5.895,0.627254,0.563965,0.563963,0.0632889
5.9,0.675738,0.564489,0.564487,0.111249
5.905,0.704638,0.565012,0.565011,0.139625
5.91,0.683961,0.565535,0.565534,0.118426
5.915,0.662541,0.566058,0.566057,0.0964832
5.92,0.652844,0.566581,0.566579,0.0862632
5.925,0.649529,0.567103,0.567102,0.0824262
5.93,0.675205,0.567625,0.567624,0.10758
5.935,0.71238,0.568147,0.568145,0.144233
5.94,0.733867,0.568668,0.568667,0.165199
5.945,0.711054,0.56919,0.569188,0.141864
5.95,0.66844,0.56971,0.569709,0.0987295
5.955,0.666205,0.570231,0.57023,0.0959736
5.96,0.687015,0.570751,0.57075,0.116264
5.965,0.698209,0.571271,0.57127,0.126938
5.97,0.684391,0.571791,0.57179,0.1126
5.975,0.667638,0.57231,0.572309,0.0953271
5.98,0.657317,0.57283,0.572828,0.0844876
5.985,0.651601,0.573348,0.573347,0.0782522
5.99,0.653144,0.573867,0.573866,0.0792765
5.995,0.6491,0.574385,0.574384,0.0747142
6,0.622071,0.574903,0.574902,0.0471675
6.005,0.619691,0.575421,0.57542,0.0442696
6.01,0.600336,0.575938,0.575937,0.0243979
6.015,0.604681,0.576456,0.576454,0.0282252
6.02,0.620949,0.576972,0.576971,0.043977
6.025,0.648903,0.577489,0.577487,0.0714142
6.03,0.628323,0.578005,0.578004,0.050318
6.035,0.601691,0.578521,0.57852,0.0231702
6.04,0.590776,0.579037,0.579035,0.0117389
6.045,0.602295,0.579552,0.579551,0.0227429
6.05,0.617448,0.580067,0.580066,0.0373805
6.055,0.623088,0.580582,0.580581,0.0425063
6.06,0.622136,0.581097,0.581095,0.0410393
6.065,0.640052,0.581611,0.581609,0.0584413
6.07,0.650133,0.582125,0.582123,0.0680079
6.075,0.690435,0.582639,0.582637,0.107796
6.08,0.696987,0.583152,0.58315,0.113835
6.085,0.656955,0.583665,0.583664,0.0732896
6.09,0.611998,0.584178,0.584176,0.0278205
6.095,0.595239,0.58469,0.584689,0.010549
6.1,0.600504,0.585203,0.585201,0.0153017
6.105,0.603917,0.585715,0.585713,0.0182022
6.11,0.627625,0.586226,0.586225,0.041399
6.115,0.639281,0.586738,0.586736,0.0525434
6.12,0.632191,0.587249,0.587247,0.0449427
6.125,0.601579,0.58776,0.587758,0.0138193
6.13,0.598967,0.58827,0.588269,0.0106971
6.135,0.611491,0.58878,0.588779,0.0227104
6.14,0.625829,0.58929,0.589289,0.0365386
6.145,0.650395,0.5898,0.589798,0.0605951
6.15,0.683683,0.590309,0.590308,0.0933732
6.155,0.678,0.590818,0.590817,0.0871814
6.16,0.6625,0.591327,0.591326,0.0711731
6.165,0.662169,0.591836,0.591834,0.0703328
6.17,0.661303,0.592344,0.592342,0.0689593
6.175,0.663726,0.592852,0.59285,0.0708737
6.18,0.661026,0.59336,0.593358,0.0676661
6.185,0.657676,0.593867,0.593865,0.0638093
6.19,0.663841,0.594374,0.594372,0.069467
6.195,0.673881,0.594881,0.594879,0.0789999
6.2,0.67371,0.595387,0.595386,0.0783225
6.205,0.678086,0.595894,0.595892,0.0821929
6.21,0.692696,0.5964,0.596398,0.0962963
6.215,0.734604,0.596905,0.596904,0.137698
6.22,0.74539,0.597411,0.597409,0.147979
6.225,0.716401,0.597916,0.597914,0.118485
6.23,0.70263,0.598421,0.598419,0.104209
6.235,0.692433,0.598925,0.598924,0.0935077
6.24,0.703056,0.599429,0.599428,0.103627
6.245,0.67068,0.599933,0.599932,0.0707463
6.25,0.644155,0.600437,0.600435,0.0437182
6.255,0.636731,0.60094,0.600939,0.0357909
6.26,0.616726,0.601443,0.601442,0.0152825
6.265,0.634734,0.601946,0.601945,0.0327877
6.27,0.659536,0.602449,0.602447,0.0570867
6.275,0.684742,0.602951,0.60295,0.0817909
6.28,0.693235,0.603453,0.603452,0.0897821
6.285,0.697141,0.603955,0.603953,0.093186
6.29,0.710752,0.604456,0.604455,0.106296
6.295,0.747549,0.604957,0.604956,0.142591
6.3,0.760469,0.605458,0.605457,0.155011
6.305,0.750054,0.605959,0.605957,0.144095
6.31,0.736259,0.606459,0.606457,0.1298
6.315,0.709654,0.606959,0.606957,0.102695
6.32,0.705724,0.607459,0.607457,0.0982652
6.325,0.705955,0.607958,0.607957,0.0979973
6.33,0.696114,0.608457,0.608456,0.0876566
6.335,0.702477,0.608956,0.608955,0.0935204
6.34,0.713294,0.609455,0.609453,0.103839
6.345,0.730829,0.609953,0.609951,0.120876
6.35,0.778213,0.610451,0.610449,0.167762
6.355,0.770892,0.610949,0.610947,0.159943
6.36,0.7596,0.611446,0.611445,0.148154
6.365,0.75701,0.611943,0.611942,0.145067
6.37,0.755361,0.61244,0.612439,0.14292
6.375,0.77063,0.612937,0.612935,0.157693
6.38,0.757883,0.613433,0.613432,0.14445
6.385,0.741672,0.613929,0.613928,0.127743
6.39,0.746737,0.614425,0.614423,0.132312
6.395,0.768878,0.61492,0.614919,0.153957
6.4,0.750693,0.615416,0.615414,0.135277
6.405,0.744841,0.615911,0.615909,0.12893
6.41,0.711091,0.616405,0.616404,0.0946855
6.415,0.735398,0.6169,0.616898,0.118498
6.42,0.77398,0.617394,0.617392,0.156586
6.425,0.7646,0.617887,0.617886,0.146713
6.43,0.768582,0.618381,0.618379,0.150201
6.435,0.771415,0.618874,0.618873,0.152541
6.44,0.777814,0.619367,0.619366,0.158447
6.445,0.756778,0.61986,0.619858,0.136918
6.45,0.714841,0.620352,0.620351,0.0944891
6.455,0.690703,0.620844,0.620843,0.0698589
6.46,0.69622,0.621336,0.621335,0.074884
6.465,0.696167,0.621828,0.621826,0.074339
6.47,0.680151,0.622319,0.622317,0.0578317
6.475,0.657251,0.62281,0.622808,0.0344408
6.48,0.657255,0.623301,0.623299,0.033954
6.485,0.673042,0.623791,0.623789,0.0492512
6.49,0.702009,0.624281,0.62428,0.0777277
6.495,0.717659,0.624771,0.624769,0.0928877
6.5,0.729463,0.625261,0.625259,0.104202
6.505,0.7373,0.62575,0.625748,0.11155
6.51,0.752732,0.626239,0.626237,0.126493
6.515,0.767886,0.626728,0.626726,0.141158
6.52,0.789234,0.627216,0.627215,0.162018
6.525,0.817122,0.627704,0.627703,0.189418
6.53,0.813546,0.628192,0.628191,0.185354
6.535,0.801893,0.62868,0.628678,0.173213
6.54,0.744792,0.629167,0.629166,0.115624
6.545,0.689891,0.629654,0.629653,0.060237
6.55,0.664119,0.630141,0.63014,0.0339777
6.555,0.670888,0.630628,0.630626,0.0402605
6.56,0.684016,0.631114,0.631112,0.0529023
6.565,0.685718,0.6316,0.631598,0.054118
6.57,0.70004,0.632086,0.632084,0.0679542
6.575,0.732298,0.632571,0.632569,0.0997273
6.58,0.76558,0.633056,0.633054,0.132524
6.585,0.749551,0.633541,0.633539,0.11601
6.59,0.699699,0.634025,0.634024,0.0656733
6.595,0.667137,0.63451,0.634508,0.0326268
6.6,0.668374,0.634994,0.634992,0.0333804
6.605,0.674819,0.635477,0.635476,0.0393416
6.61,0.681767,0.635961,0.635959,0.0458059
6.615,0.681623,0.636444,0.636443,0.0451789
6.62,0.689202,0.636927,0.636925,0.0522746
6.625,0.679091,0.63741,0.637408,0.0416815
6.63,0.691042,0.637892,0.63789,0.0531502
6.635,0.703884,0.638374,0.638372,0.0655097
6.64,0.714727,0.638856,0.638854,0.0758712
6.645,0.724012,0.639337,0.639336,0.0846747
6.65,0.713176,0.639819,0.639817,0.0733577
6.655,0.728193,0.640299,0.640298,0.0878935
6.66,0.74077,0.64078,0.640779,0.0999897
6.665,0.747804,0.641261,0.641259,0.106543
6.67,0.74965,0.641741,0.641739,0.10791
6.675,0.74291,0.642221,0.642219,0.100689
6.68,0.734856,0.6427,0.642699,0.0921562
6.685,0.719303,0.643179,0.643178,0.076124
6.69,0.716342,0.643658,0.643657,0.0726832
6.695,0.715607,0.644137,0.644136,0.07147
6.7,0.740561,0.644616,0.644614,0.0959453
6.705,0.750806,0.645094,0.645092,0.105712
6.71,0.754611,0.645572,0.64557,0.109039
6.715,0.747192,0.646049,0.646048,0.101142
6.72,0.721322,0.646527,0.646525,0.0747948
6.725,0.712188,0.647004,0.647002,0.0651845
6.73,0.736113,0.647481,0.647479,0.0886321
6.735,0.750262,0.647957,0.647956,0.102305
6.74,0.720507,0.648433,0.648432,0.072074
6.745,0.714066,0.648909,0.648908,0.0651569
6.75,0.720614,0.649385,0.649383,0.0712285
6.755,0.744361,0.64986,0.649859,0.0945009
6.76,0.769917,0.650336,0.650334,0.119581
6.765,0.774675,0.650811,0.650809,0.123865
6.77,0.767928,0.651285,0.651284,0.116643
6.775,0.749058,0.651759,0.651758,0.0972989
6.78,0.717105,0.652234,0.652232,0.0648713
6.785,0.719016,0.652707,0.652706,0.0663089
6.79,0.741501,0.653181,0.653179,0.08832
6.795,0.769157,0.653654,0.653652,0.115503
6.8,0.790653,0.654127,0.654125,0.136526
6.805,0.803893,0.6546,0.654598,0.149293
6.81,0.813049,0.655072,0.65507,0.157977
6.815,0.816524,0.655544,0.655543,0.16098
6.82,0.810282,0.656016,0.656014,0.154266
6.825,0.798004,0.656488,0.656486,0.141516
6.83,0.767511,0.656959,0.656957,0.110552
6.835,0.757106,0.65743,0.657428,0.0996764
6.84,0.771595,0.657901,0.657899,0.113694
6.845,0.786872,0.658371,0.65837,0.1285
6.85,0.813997,0.658841,0.65884,0.155155
6.855,0.815096,0.659311,0.65931,0.155784
6.86,0.786765,0.659781,0.659779,0.126984
6.865,0.770488,0.66025,0.660249,0.110237
6.87,0.771989,0.660719,0.660718,0.11127
6.875,0.800571,0.661188,0.661187,0.139383
6.88,0.802636,0.661657,0.661655,0.140979
6.885,0.793919,0.662125,0.662124,0.131794
6.89,0.777275,0.662593,0.662592,0.114682
6.895,0.770869,0.663061,0.663059,0.107808
6.9,0.770036,0.663528,0.663527,0.106508
6.905,0.779503,0.663996,0.663994,0.115508
6.91,0.775488,0.664463,0.664461,0.111026
6.915,0.774249,0.664929,0.664928,0.10932
6.92,0.748426,0.665396,0.665394,0.0830303
6.925,0.731857,0.665862,0.66586,0.0659949
6.93,0.71829,0.666328,0.666326,0.0519625
6.935,0.734316,0.666793,0.666791,0.0675233
6.94,0.742558,0.667258,0.667257,0.0752993
6.945,0.749376,0.667723,0.667722,0.0816525
6.95,0.771684,0.668188,0.668187,0.103495
6.955,0.80121,0.668653,0.668651,0.132558
6.96,0.813749,0.669117,0.669115,0.144632
6.965,0.792884,0.669581,0.669579,0.123304
6.97,0.770292,0.670044,0.670043,0.100248
6.975,0.77258,0.670508,0.670506,0.102072
6.98,0.771848,0.670971,0.670969,0.100877
6.985,0.78488,0.671434,0.671432,0.113446
6.99,0.799325,0.671896,0.671895,0.127429
6.995,0.820296,0.672359,0.672357,0.147937
7,0.836055,0.672821,0.672819,0.163234
7.005,0.818511,0.673282,0.673281,0.145229
7.01,0.805832,0.673744,0.673742,0.132088
7.015,0.80681,0.674205,0.674204,0.132605
7.02,0.801584,0.674666,0.674664,0.126918
7.025,0.807045,0.675127,0.675125,0.131919
7.03,0.803379,0.675587,0.675586,0.127792
7.035,0.802201,0.676047,0.676046,0.126154
7.04,0.805104,0.676507,0.676506,0.128597
7.045,0.800945,0.676967,0.676965,0.123978
7.05,0.777852,0.677426,0.677424,0.100426
7.055,0.75764,0.677885,0.677883,0.0797549
7.06,0.752472,0.678344,0.678342,0.0741279
7.065,0.77472,0.678802,0.678801,0.0959176
7.07,0.810078,0.679261,0.679259,0.130817
7.075,0.811394,0.679719,0.679717,0.131675
7.08,0.81917,0.680176,0.680175,0.138994
7.085,0.819956,0.680634,0.680632,0.139322
7.09,0.816968,0.681091,0.681089,0.135877
7.095,0.802386,0.681548,0.681546,0.120838
7.1,0.801905,0.682004,0.682003,0.119901
7.105,0.81571,0.682461,0.682459,0.133249
7.11,0.820003,0.682917,0.682915,0.137086
7.115,0.817022,0.683373,0.683371,0.133649
7.12,0.816798,0.683828,0.683827,0.13297
7.125,0.800687,0.684284,0.684282,0.116403
7.13,0.782828,0.684739,0.684737,0.0980893
7.135,0.765214,0.685193,0.685192,0.0800211
7.14,0.765815,0.685648,0.685646,0.0801675
7.145,0.763501,0.686102,0.6861,0.0773991
7.15,0.761178,0.686556,0.686554,0.0746221
7.155,0.770233,0.687009,0.687008,0.0832237
7.16,0.775957,0.687463,0.687461,0.0884939
7.165,0.785952,0.687916,0.687914,0.0980356
7.17,0.79711,0.688369,0.688367,0.108741
7.175,0.811751,0.688821,0.68882,0.12293
7.18,0.797743,0.689274,0.689272,0.108469
7.185,0.771612,0.689726,0.689724,0.0818865
7.19,0.764385,0.690178,0.690176,0.0742078
7.195,0.783332,0.690629,0.690627,0.0927029
7.2,0.792832,0.69108,0.691079,0.101751
7.205,0.780176,0.691531,0.69153,0.0886451
7.21,0.760038,0.691982,0.69198,0.0680562
7.215,0.741137,0.692432,0.692431,0.0487046
7.22,0.729308,0.692883,0.692881,0.0364253
7.225,0.739353,0.693333,0.693331,0.0460208
7.23,0.780183,0.693782,0.69378,0.0864009
7.235,0.804677,0.694232,0.69423,0.110446
7.24,0.817113,0.694681,0.694679,0.122433
7.245,0.809154,0.695129,0.695128,0.114025
7.25,0.810148,0.695578,0.695576,0.11457
7.255,0.824969,0.696026,0.696025,0.128943
7.26,0.829581,0.696474,0.696473,0.133106
7.265,0.83201,0.696922,0.69692,0.135088
7.27,0.811598,0.69737,0.697368,0.114229
7.275,0.794772,0.697817,0.697815,0.0969551
7.28,0.786004,0.698264,0.698262,0.0877407
7.285,0.777503,0.69871,0.698709,0.0787929
7.29,0.778589,0.699157,0.699155,0.0794325
7.295,0.750011,0.699603,0.699601,0.0504078
7.3,0.74473,0.700049,0.700047,0.0446812
7.305,0.75596,0.700495,0.700493,0.0554659
7.31,0.786264,0.70094,0.700938,0.0853241
7.315,0.818918,0.701385,0.701383,0.117533
7.32,0.821493,0.70183,0.701828,0.119663
7.325,0.817225,0.702274,0.702273,0.114951
7.33,0.80799,0.702719,0.702717,0.105271
7.335,0.797982,0.703163,0.703161,0.0948196
7.34,0.77796,0.703607,0.703605,0.074353
7.345,0.759635,0.70405,0.704048,0.0555854
7.35,0.7539,0.704493,0.704492,0.049407
7.355,0.752127,0.704936,0.704935,0.0471903
7.36,0.773336,0.705379,0.705377,0.0679574
7.365,0.786338,0.705821,0.70582,0.0805164
7.37,0.795272,0.706264,0.706262,0.0890081
7.375,0.792878,0.706706,0.706704,0.0861728
7.38,0.794808,0.707147,0.707145,0.0876606
7.385,0.800479,0.707589,0.707587,0.0928905
7.39,0.790469,0.70803,0.708028,0.0824398
7.395,0.787836,0.708471,0.708469,0.079365
7.4,0.815121,0.708911,0.708909,0.10621
7.405,0.836812,0.709351,0.70935,0.127461
7.41,0.840708,0.709791,0.70979,0.130916
7.415,0.832613,0.710231,0.71023,0.122382
7.42,0.820893,0.710671,0.710669,0.110223
7.425,0.821478,0.71111,0.711108,0.110368
7.43,0.817013,0.711549,0.711547,0.105464
7.435,0.836949,0.711988,0.711986,0.124961
7.44,0.845763,0.712426,0.712424,0.133336
7.445,0.85293,0.712864,0.712863,0.140065
7.45,0.831145,0.713302,0.713301,0.117842
7.455,0.83271,0.71374,0.713738,0.11897
7.46,0.830959,0.714177,0.714176,0.116781
7.465,0.828856,0.714615,0.714613,0.114241
7.47,0.816539,0.715052,0.71505,0.101488
7.475,0.815653,0.715488,0.715486,0.100165
7.48,0.807068,0.715925,0.715923,0.0911434
7.485,0.802842,0.716361,0.716359,0.0864817
7.49,0.789532,0.716796,0.716795,0.072736
7.495,0.790884,0.717232,0.71723,0.073652
7.5,0.776046,0.717667,0.717666,0.0583789
7.505,0.769892,0.718102,0.718101,0.0517896
7.51,0.750663,0.718537,0.718535,0.0321257
7.515,0.750546,0.718972,0.71897,0.0315747
7.52,0.752989,0.719406,0.719404,0.0335827
7.525,0.776033,0.71984,0.719838,0.0561933
7.53,0.792328,0.720274,0.720272,0.0720541
7.535,0.796914,0.720707,0.720705,0.0762069
7.54,0.800886,0.72114,0.721139,0.0797457
7.545,0.79862,0.721573,0.721571,0.0770464
7.55,0.82679,0.722006,0.722004,0.104785
7.555,0.841054,0.722438,0.722437,0.118616
7.56,0.83425,0.72287,0.722869,0.11138
7.565,0.839613,0.723302,0.723301,0.116311
7.57,0.824935,0.723734,0.723732,0.101201
7.575,0.820978,0.724165,0.724164,0.0968124
7.58,0.814852,0.724596,0.724595,0.0902551
7.585,0.811264,0.725027,0.725026,0.0862371
7.59,0.802445,0.725458,0.725456,0.0769872
7.595,0.804257,0.725888,0.725886,0.0783685
7.6,0.823762,0.726318,0.726317,0.097444
7.605,0.86264,0.726748,0.726746,0.135892
7.61,0.894145,0.727178,0.727176,0.166967
7.615,0.910168,0.727607,0.727605,0.182561
7.62,0.908164,0.728036,0.728034,0.180128
7.625,0.923589,0.728465,0.728463,0.195124
7.63,0.924585,0.728893,0.728891,0.195692
7.635,0.907176,0.729321,0.72932,0.177854
7.64,0.879269,0.729749,0.729748,0.14952
7.645,0.841201,0.730177,0.730175,0.111024
7.65,0.82011,0.730605,0.730603,0.0895057
7.655,0.809117,0.731032,0.73103,0.0780852
7.66,0.803827,0.731459,0.731457,0.0723683
7.665,0.796352,0.731885,0.731884,0.0644663
7.67,0.789933,0.732312,0.73231,0.0576213
7.675,0.786048,0.732738,0.732736,0.0533105
7.68,0.787297,0.733164,0.733162,0.0541332
7.685,0.790763,0.733589,0.733588,0.0571739
7.69,0.794036,0.734015,0.734013,0.0600208
7.695,0.80094,0.73444,0.734438,0.0665
7.7,0.804024,0.734865,0.734863,0.0691589
7.705,0.787002,0.735289,0.735287,0.0517123
7.71,0.794954,0.735714,0.735712,0.0592406
7.715,0.818833,0.736138,0.736136,0.0826954
7.72,0.8483,0.736561,0.73656,0.111739
7.725,0.852586,0.736985,0.736983,0.115601
7.73,0.825885,0.737408,0.737406,0.0884764
7.735,0.828255,0.737831,0.73783,0.0904241
7.74,0.83318,0.738254,0.738252,0.0949254
7.745,0.834636,0.738677,0.738675,0.0959594
7.75,0.833497,0.739099,0.739097,0.0943977
7.755,0.807587,0.739521,0.739519,0.0680657
7.76,0.808474,0.739943,0.739941,0.0685317
7.765,0.825346,0.740364,0.740362,0.0849822
7.77,0.826816,0.740785,0.740783,0.086031
7.775,0.84357,0.741206,0.741204,0.102364
7.78,0.843655,0.741627,0.741625,0.102028
7.785,0.859727,0.742047,0.742046,0.11768
7.79,0.853108,0.742468,0.742466,0.110641
7.795,0.859268,0.742887,0.742886,0.116381
7.8,0.863157,0.743307,0.743305,0.119849
7.805,0.856324,0.743727,0.743725,0.112597
7.81,0.844404,0.744146,0.744144,0.100258
7.815,0.830381,0.744565,0.744563,0.0858167
7.82,0.82533,0.744983,0.744981,0.080347
7.825,0.832749,0.745402,0.7454,0.087347
7.83,0.854626,0.74582,0.745818,0.108806
7.835,0.862272,0.746238,0.746236,0.116034
7.84,0.876406,0.746655,0.746653,0.129751
7.845,0.862709,0.747073,0.747071,0.115637
7.85,0.851459,0.74749,0.747488,0.10397
7.855,0.851968,0.747906,0.747905,0.104061
7.86,0.855709,0.748323,0.748321,0.107386
7.865,0.859213,0.748739,0.748737,0.110474
7.87,0.83995,0.749155,0.749154,0.0907944
7.875,0.81366,0.749571,0.749569,0.0640884
7.88,0.822574,0.749987,0.749985,0.072587
7.885,0.836291,0.750402,0.7504,0.0858894
7.89,0.839621,0.750817,0.750815,0.0888036
7.895,0.835152,0.751232,0.75123,0.0839203
7.9,0.86743,0.751646,0.751644,0.115784
7.905,0.897308,0.752061,0.752059,0.145248
7.91,0.929234,0.752475,0.752473,0.176759
7.915,0.92958,0.752888,0.752886,0.176692
7.92,0.898895,0.753302,0.7533,0.145593
7.925,0.889382,0.753715,0.753713,0.135667
7.93,0.882536,0.754128,0.754126,0.128408
7.935,0.889285,0.754541,0.754539,0.134744
7.94,0.893533,0.754953,0.754951,0.13858
7.945,0.880572,0.755365,0.755364,0.125207
7.95,0.890237,0.755777,0.755775,0.134459
7.955,0.888926,0.756189,0.756187,0.132737
7.96,0.901585,0.7566,0.756599,0.144985
7.965,0.889993,0.757012,0.75701,0.132981
7.97,0.881769,0.757423,0.757421,0.124346
7.975,0.885287,0.757833,0.757831,0.127453
7.98,0.879623,0.758244,0.758242,0.121379
7.985,0.871751,0.758654,0.758652,0.113097
7.99,0.855173,0.759064,0.759062,0.0961089
7.995,0.861859,0.759473,0.759472,0.102385
8,0.869138,0.759883,0.759881,0.109256
8.005,0.9003,0.760292,0.76029,0.140008
8.01,0.913892,0.760701,0.760699,0.153192
8.015,0.914147,0.761109,0.761108,0.153037
8.02,0.888023,0.761518,0.761516,0.126505
8.025,0.858669,0.761926,0.761924,0.0967433
8.03,0.849309,0.762334,0.762332,0.0869754
8.035,0.855863,0.762741,0.76274,0.0931213
8.04,0.85761,0.763149,0.763147,0.0944608
8.045,0.866772,0.763556,0.763554,0.103216
8.05,0.875686,0.763963,0.763961,0.111723
8.055,0.886361,0.764369,0.764368,0.121992
8.06,0.894539,0.764776,0.764774,0.129763
8.065,0.903944,0.765182,0.76518,0.138763
8.07,0.9114,0.765588,0.765586,0.145812
8.075,0.900703,0.765993,0.765991,0.13471
8.08,0.870263,0.766399,0.766397,0.103864
8.085,0.855597,0.766804,0.766802,0.088793
8.09,0.852535,0.767208,0.767207,0.0853264
8.095,0.872951,0.767613,0.767611,0.105338
8.1,0.888194,0.768017,0.768015,0.120177
8.105,0.871551,0.768421,0.76842,0.10313
8.11,0.875668,0.768825,0.768823,0.106843
8.115,0.872256,0.769229,0.769227,0.103027
8.12,0.875844,0.769632,0.76963,0.106212
8.125,0.868652,0.770035,0.770033,0.0986172
8.13,0.86229,0.770438,0.770436,0.0918522
8.135,0.872094,0.77084,0.770839,0.101253
8.14,0.888965,0.771243,0.771241,0.117722
8.145,0.901772,0.771645,0.771643,0.130127
8.15,0.906831,0.772047,0.772045,0.134785
8.155,0.897231,0.772448,0.772446,0.124783
8.16,0.900698,0.772849,0.772847,0.127848
8.165,0.898601,0.77325,0.773248,0.12535
8.17,0.896918,0.773651,0.773649,0.123267
8.175,0.892271,0.774052,0.77405,0.11822
8.18,0.902427,0.774452,0.77445,0.127975
8.185,0.913883,0.774852,0.77485,0.139031
8.19,0.912053,0.775252,0.77525,0.136801
8.195,0.893052,0.775651,0.775649,0.117401
8.2,0.870633,0.776051,0.776049,0.0945826
8.205,0.881661,0.77645,0.776448,0.105212
8.21,0.9087,0.776848,0.776846,0.131852
8.215,0.899704,0.777247,0.777245,0.122457
8.22,0.865192,0.777645,0.777643,0.0875471
8.225,0.827191,0.778043,0.778041,0.0491483
8.23,0.835973,0.778441,0.778439,0.0575321
8.235,0.841242,0.778838,0.778836,0.0624033
8.24,0.836609,0.779236,0.779234,0.057373
8.245,0.840828,0.779633,0.779631,0.0611952
8.25,0.847268,0.780029,0.780027,0.0672389
8.255,0.854278,0.780426,0.780424,0.0738523
8.26,0.844137,0.780822,0.78082,0.0633151
8.265,0.847867,0.781218,0.781216,0.0666493
8.27,0.838232,0.781614,0.781612,0.0566181
8.275,0.855671,0.782009,0.782007,0.0736617
8.28,0.89033,0.782404,0.782403,0.107926
8.285,0.912698,0.782799,0.782798,0.129899
8.29,0.934294,0.783194,0.783192,0.1511
8.295,0.936441,0.783589,0.783587,0.152853
8.3,0.927571,0.783983,0.783981,0.143588
8.305,0.904071,0.784377,0.784375,0.119694
8.31,0.893523,0.784771,0.784769,0.108752
8.315,0.888027,0.785164,0.785162,0.102863
8.32,0.895775,0.785557,0.785555,0.110217
8.325,0.888387,0.78595,0.785948,0.102437
8.33,0.87478,0.786343,0.786341,0.0884367
8.335,0.878925,0.786736,0.786734,0.0921895
8.34,0.88975,0.787128,0.787126,0.102622
8.345,0.893612,0.78752,0.787518,0.106093
8.35,0.904074,0.787912,0.78791,0.116162
8.355,0.918326,0.788303,0.788301,0.130023
8.36,0.925007,0.788694,0.788692,0.136313
8.365,0.927128,0.789085,0.789083,0.138042
8.37,0.919576,0.789476,0.789474,0.1301
8.375,0.917855,0.789867,0.789865,0.127988
8.38,0.942528,0.790257,0.790255,0.152271
8.385,0.974097,0.790647,0.790645,0.18345
8.39,0.9858,0.791037,0.791035,0.194763
8.395,0.996029,0.791426,0.791424,0.204603
8.4,0.972637,0.791815,0.791813,0.180822
8.405,0.963698,0.792204,0.792202,0.171494
8.41,0.938481,0.792593,0.792591,0.145888
8.415,0.92219,0.792982,0.79298,0.129208
8.42,0.930611,0.79337,0.793368,0.137241
8.425,0.939168,0.793758,0.793756,0.145411
8.43,0.946097,0.794146,0.794144,0.151951
8.435,0.944185,0.794533,0.794531,0.149652
8.44,0.927943,0.79492,0.794918,0.133023
8.445,0.908915,0.795307,0.795305,0.113608
8.45,0.911881,0.795694,0.795692,0.116187
8.455,0.94135,0.796081,0.796079,0.14527
8.46,0.944167,0.796467,0.796465,0.1477
8.465,0.919696,0.796853,0.796851,0.122843
8.47,0.892506,0.797239,0.797237,0.0952668
8.475,0.893272,0.797624,0.797622,0.0956473
8.48,0.901836,0.79801,0.798008,0.103827
8.485,0.898723,0.798395,0.798393,0.100329
8.49,0.905291,0.798779,0.798777,0.106512
8.495,0.926633,0.799164,0.799162,0.127469
8.5,0.947846,0.799548,0.799546,0.148298
8.505,0.943034,0.799932,0.79993,0.143102
8.51,0.935736,0.800316,0.800314,0.13542
8.515,0.921733,0.8007,0.800698,0.121034
8.52,0.914969,0.801083,0.801081,0.113886
8.525,0.922913,0.801466,0.801464,0.121447
8.53,0.916279,0.801849,0.801847,0.11443
8.535,0.915551,0.802231,0.802229,0.113319
8.54,0.904323,0.802614,0.802612,0.10171
8.545,0.890738,0.802996,0.802994,0.0877419
8.55,0.89378,0.803378,0.803376,0.0904022
8.555,0.911408,0.803759,0.803757,0.107649
8.56,0.91518,0.80414,0.804138,0.111039
8.565,0.911031,0.804522,0.80452,0.10651
8.57,0.896502,0.804902,0.8049,0.0915999
8.575,0.889211,0.805283,0.805281,0.0839282
8.58,0.892762,0.805663,0.805661,0.0870991
8.585,0.87769,0.806043,0.806041,0.0716461
8.59,0.876126,0.806423,0.806421,0.0697027
8.595,0.885294,0.806803,0.806801,0.0784914
8.6,0.893611,0.807182,0.80718,0.086429
8.605,0.923792,0.807561,0.807559,0.116231
8.61,0.94234,0.80794,0.807938,0.1344
8.615,0.966419,0.808319,0.808317,0.1581
8.62,0.967709,0.808697,0.808695,0.159012
8.625,0.97091,0.809075,0.809073,0.161835
8.63,0.96351,0.809453,0.809451,0.154056
8.635,0.933897,0.809831,0.809829,0.124066
8.64,0.892672,0.810208,0.810206,0.0824641
8.645,0.880786,0.810586,0.810583,0.0702004
8.65,0.884177,0.810962,0.81096,0.0732144
8.655,0.900038,0.811339,0.811337,0.0886993
8.66,0.919021,0.811716,0.811713,0.107306
8.665,0.941201,0.812092,0.81209,0.129109
8.67,0.961745,0.812468,0.812466,0.149278
8.675,0.962204,0.812843,0.812841,0.14936
8.68,0.939301,0.813219,0.813217,0.126082
8.685,0.908565,0.813594,0.813592,0.094971
8.69,0.899895,0.813969,0.813967,0.0859262
8.695,0.896022,0.814344,0.814342,0.0816786
8.7,0.892442,0.814718,0.814716,0.0777243
8.705,0.879572,0.815092,0.81509,0.0644794
8.71,0.85437,0.815466,0.815464,0.038904
8.715,0.855164,0.81584,0.815838,0.0393241
8.72,0.876487,0.816214,0.816212,0.0602733
8.725,0.877642,0.816587,0.816585,0.0610551
8.73,0.899022,0.81696,0.816958,0.0820625
8.735,0.903515,0.817333,0.817331,0.086182
8.74,0.913264,0.817705,0.817703,0.0955592
8.745,0.921075,0.818077,0.818075,0.102998
8.75,0.925445,0.818449,0.818447,0.106996
8.755,0.944447,0.818821,0.818819,0.125625
8.76,0.935681,0.819193,0.819191,0.116488
8.765,0.921008,0.819564,0.819562,0.101444
8.77,0.890917,0.819935,0.819933,0.0709814
8.775,0.883914,0.820306,0.820304,0.0636077
8.78,0.896847,0.820677,0.820674,0.0761701
8.785,0.902325,0.821047,0.821045,0.081278
8.79,0.886396,0.821417,0.821415,0.0649793
8.795,0.85827,0.821787,0.821785,0.0364827
8.8,0.851149,0.822156,0.822154,0.0289931
8.805,0.869771,0.822526,0.822524,0.0472453
8.81,0.868888,0.822895,0.822893,0.0459933
8.815,0.876784,0.823264,0.823262,0.0535204
8.82,0.890428,0.823632,0.82363,0.0667953
8.825,0.907644,0.824001,0.823999,0.0836428
8.83,0.915251,0.824369,0.824367,0.090882
8.835,0.904213,0.824737,0.824735,0.0794764
8.84,0.890711,0.825105,0.825102,0.0656059
8.845,0.880912,0.825472,0.82547,0.05544
8.85,0.865903,0.825839,0.825837,0.0400635
8.855,0.871504,0.826206,0.826204,0.0452983
8.86,0.879129,0.826573,0.826571,0.0525566
8.865,0.873331,0.826939,0.826937,0.0463915
8.87,0.855302,0.827306,0.827303,0.0279966
8.875,0.8551,0.827671,0.827669,0.0274289
8.88,0.86405,0.828037,0.828035,0.0360132
8.885,0.887708,0.828403,0.828401,0.059305
8.89,0.904081,0.828768,0.828766,0.0753134
8.895,0.932624,0.829133,0.829131,0.103491
8.9,0.937239,0.829498,0.829496,0.107741
8.905,0.944083,0.829862,0.82986,0.11422
8.91,0.953062,0.830227,0.830225,0.122835
8.915,0.964066,0.830591,0.830589,0.133476
8.92,0.981359,0.830954,0.830952,0.150405
8.925,0.981285,0.831318,0.831316,0.149967
8.93,0.951825,0.831681,0.831679,0.120143
8.935,0.933411,0.832044,0.832042,0.101366
8.94,0.930417,0.832407,0.832405,0.0980094
8.945,0.945725,0.83277,0.832768,0.112955
8.95,0.9419,0.833132,0.83313,0.108768
8.955,0.93502,0.833494,0.833492,0.101526
8.96,0.938598,0.833856,0.833854,0.104742
8.965,0.938194,0.834218,0.834216,0.103976
8.97,0.93896,0.834579,0.834577,0.104381
8.975,0.931268,0.834941,0.834938,0.0963276
8.98,0.92301,0.835301,0.835299,0.0877086
8.985,0.919632,0.835662,0.83566,0.0839693
8.99,0.921749,0.836023,0.836021,0.0857269
8.995,0.93478,0.836383,0.836381,0.0983968
9,0.931738,0.836743,0.836741,0.0949951
9.005,0.941714,0.837103,0.8371,0.104611
9.01,0.933489,0.837462,0.83746,0.0960268
9.015,0.940703,0.837821,0.837819,0.102882
9.02,0.930521,0.83818,0.838178,0.0923406
9.025,0.920097,0.838539,0.838537,0.0815582
9.03,0.911839,0.838898,0.838896,0.0729412
9.035,0.900256,0.839256,0.839254,0.0610001
9.04,0.889813,0.839614,0.839612,0.0501985
9.045,0.876873,0.839972,0.83997,0.0369007
9.05,0.863113,0.840329,0.840327,0.0227837
9.055,0.848482,0.840687,0.840685,0.00779531
9.06,0.846098,0.841044,0.841042,0.00505408
9.065,0.860615,0.841401,0.841399,0.019214
9.07,0.874539,0.841757,0.841755,0.0327812
9.075,0.90693,0.842114,0.842112,0.064816
9.08,0.944574,0.84247,0.842468,0.102105
9.085,0.968599,0.842826,0.842824,0.125773
9.09,0.982391,0.843182,0.843179,0.13921
9.095,0.980763,0.843537,0.843535,0.137226
9.1,0.974427,0.843892,0.84389,0.130535
9.105,0.97781,0.844247,0.844245,0.133563
9.11,0.963603,0.844602,0.8446,0.119001
9.115,0.968807,0.844956,0.844954,0.123851
9.12,0.970137,0.845311,0.845308,0.124827
9.125,0.95023,0.845665,0.845662,0.104565
9.13,0.938047,0.846018,0.846016,0.0920287
9.135,0.920345,0.846372,0.84637,0.0739732
9.14,0.908332,0.846725,0.846723,0.0616072
9.145,0.898754,0.847078,0.847076,0.0516756
9.15,0.884123,0.847431,0.847429,0.0366924
9.155,0.879518,0.847784,0.847782,0.0317344
9.16,0.89184,0.848136,0.848134,0.0437036
9.165,0.896728,0.848488,0.848486,0.0482396
9.17,0.9134,0.84884,0.848838,0.0645601
9.175,0.921609,0.849192,0.84919,0.0724175
9.18,0.927816,0.849543,0.849541,0.0782729
9.185,0.928056,0.849894,0.849892,0.0781621
9.19,0.911156,0.850245,0.850243,0.0609111
9.195,0.888975,0.850596,0.850594,0.0383787
9.2,0.880495,0.850946,0.850944,0.0295486
9.205,0.867456,0.851297,0.851294,0.0161595
9.21,0.860002,0.851647,0.851644,0.00835512
9.215,0.862819,0.851996,0.851994,0.010823
9.22,0.86909,0.852346,0.852344,0.016744
9.225,0.87912,0.852695,0.852693,0.026425
9.23,0.889665,0.853044,0.853042,0.0366212
9.235,0.893643,0.853393,0.853391,0.0402503
9.24,0.900332,0.853742,0.853739,0.0465901
9.245,0.896078,0.85409,0.854088,0.0419878
9.25,0.886997,0.854438,0.854436,0.0325588
9.255,0.901255,0.854786,0.854784,0.0464686
9.26,0.897894,0.855134,0.855131,0.0427601
9.265,0.895401,0.855481,0.855479,0.0399202
9.27,0.896028,0.855828,0.855826,0.0401997
9.275,0.885662,0.856175,0.856173,0.029487
9.28,0.891383,0.856522,0.85652,0.0348613
9.285,0.89411,0.856868,0.856866,0.0372413
9.29,0.904725,0.857214,0.857212,0.0475102
9.295,0.924343,0.85756,0.857558,0.0667827
9.3,0.933047,0.857906,0.857904,0.0751404
9.305,0.943455,0.858252,0.85825,0.0852035
9.31,0.958995,0.858597,0.858595,0.100398
9.315,0.960816,0.858942,0.85894,0.101874
9.32,0.963313,0.859287,0.859285,0.104026
9.325,0.960981,0.859631,0.859629,0.101349
9.33,0.951138,0.859976,0.859974,0.0911619
9.335,0.94298,0.86032,0.860318,0.0826602
9.34,0.92329,0.860664,0.860662,0.0626262
9.345,0.900665,0.861007,0.861005,0.0396573
9.35,0.89662,0.861351,0.861349,0.0352688
9.355,0.899979,0.861694,0.861692,0.0382853
9.36,0.908524,0.862037,0.862035,0.0464868
9.365,0.916545,0.86238,0.862377,0.0541657
9.37,0.923423,0.862722,0.86272,0.0607012
9.375,0.917743,0.863064,0.863062,0.0546787
9.38,0.909193,0.863406,0.863404,0.0457867
9.385,0.911658,0.863748,0.863746,0.0479101
9.39,0.910565,0.86409,0.864088,0.0464749
9.395,0.908908,0.864431,0.864429,0.0444774
9.4,0.89958,0.864772,0.86477,0.0348077
9.405,0.889491,0.865113,0.865111,0.0243779
9.41,0.910069,0.865454,0.865451,0.0446152
9.415,0.924584,0.865794,0.865792,0.0587899
9.42,0.938453,0.866134,0.866132,0.0723187
9.425,0.938297,0.866474,0.866472,0.0718225
9.43,0.918431,0.866814,0.866811,0.0516168
9.435,0.892953,0.867153,0.867151,0.0257996
9.44,0.882228,0.867492,0.86749,0.0147352
9.445,0.898384,0.867831,0.867829,0.0305522
9.45,0.930982,0.86817,0.868168,0.0628121
9.455,0.936064,0.868509,0.868506,0.0675553
9.46,0.941709,0.868847,0.868845,0.0728617
9.465,0.926506,0.869185,0.869183,0.0573215
9.47,0.932602,0.869523,0.86952,0.0630792
9.475,0.943041,0.86986,0.869858,0.0731811
9.48,0.934745,0.870198,0.870195,0.0645478
9.485,0.946304,0.870535,0.870533,0.0757693
9.49,0.947472,0.870872,0.870869,0.0766004
9.495,0.966714,0.871208,0.871206,0.0955057
9.5,0.9594,0.871545,0.871543,0.0878552
9.505,0.955284,0.871881,0.871879,0.0834027
9.51,0.972479,0.872217,0.872215,0.100262
9.515,0.991929,0.872553,0.87255,0.119376
9.52,0.987076,0.872888,0.872886,0.114188
9.525,0.978501,0.873223,0.873221,0.105277
9.53,0.975386,0.873559,0.873556,0.101828
9.535,0.973188,0.873893,0.873891,0.0992948
9.54,0.973109,0.874228,0.874226,0.0988808
9.545,0.957667,0.874562,0.87456,0.0831047
9.55,0.959945,0.874896,0.874894,0.0850482
9.555,0.958264,0.87523,0.875228,0.0830334
9.56,0.948076,0.875564,0.875562,0.072512
9.565,0.916147,0.875897,0.875895,0.0402502
9.57,0.907097,0.876231,0.876228,0.0308661
9.575,0.902626,0.876563,0.876561,0.026063
9.58,0.937016,0.876896,0.876894,0.0601195
9.585,0.96286,0.877229,0.877226,0.0856316
9.59,0.970467,0.877561,0.877559,0.0929064
9.595,0.966213,0.877893,0.877891,0.0883197
9.6,0.948408,0.878225,0.878223,0.070183
9.605,0.925954,0.878556,0.878554,0.0473974
9.61,0.923224,0.878888,0.878885,0.0443365
9.615,0.910091,0.879219,0.879217,0.0308723
9.62,0.907863,0.87955,0.879547,0.028313
9.625,0.907468,0.87988,0.879878,0.027588
9.63,0.914549,0.880211,0.880209,0.0343382
9.635,0.922745,0.880541,0.880539,0.0422035
9.64,0.926183,0.880871,0.880869,0.0453119
9.645,0.939751,0.881201,0.881198,0.0585499
9.65,0.94092,0.88153,0.881528,0.05939
9.655,0.939921,0.88186,0.881857,0.0580615
9.66,0.930963,0.882189,0.882186,0.0487747
9.665,0.935783,0.882517,0.882515,0.0532657
9.67,0.9387,0.882846,0.882844,0.0558536
9.675,0.949122,0.883174,0.883172,0.065948
9.68,0.956298,0.883503,0.8835,0.0727959
9.685,0.946942,0.883831,0.883828,0.0631113
9.69,0.928088,0.884158,0.884156,0.0439297
9.695,0.902312,0.884486,0.884483,0.0178259
9.7,0.890381,0.884813,0.884811,0.00556819
9.705,0.89954,0.88514,0.885138,0.0144
9.71,0.906251,0.885467,0.885464,0.0207839
9.715,0.911464,0.885793,0.885791,0.0256707
9.72,0.912269,0.886119,0.886117,0.02615
9.725,0.907499,0.886446,0.886443,0.0210539
9.73,0.911068,0.886771,0.886769,0.0242971
9.735,0.932912,0.887097,0.887095,0.0458152
9.74,0.94499,0.887422,0.88742,0.0575679
9.745,0.954687,0.887748,0.887745,0.0669395
9.75,0.952439,0.888073,0.88807,0.0643661
9.755,0.957362,0.888397,0.888395,0.0689647
9.76,0.951875,0.888722,0.888719,0.0631531
9.765,0.939999,0.889046,0.889044,0.0509529
9.77,0.941361,0.88937,0.889368,0.0519914
9.775,0.958259,0.889694,0.889691,0.068565
9.78,0.954862,0.890017,0.890015,0.0648444
9.785,0.925481,0.890341,0.890338,0.0351398
9.79,0.922559,0.890664,0.890662,0.0318952
9.795,0.912312,0.890987,0.890984,0.0213248
9.8,0.934526,0.891309,0.891307,0.0432166
9.805,0.950962,0.891632,0.89163,0.0593306
9.81,0.951885,0.891954,0.891952,0.0599308
9.815,0.951845,0.892276,0.892274,0.059569
9.82,0.936513,0.892598,0.892595,0.0439147
9.825,0.927608,0.892919,0.892917,0.0346884
9.83,0.915638,0.893241,0.893238,0.0223969
9.835,0.917825,0.893562,0.893559,0.0242632
9.84,0.917908,0.893883,0.89388,0.0240252
9.845,0.917839,0.894203,0.894201,0.023636
9.85,0.920422,0.894524,0.894521,0.0258985
9.855,0.928854,0.894844,0.894841,0.0340105
9.86,0.941515,0.895164,0.895161,0.0463516
9.865,0.965862,0.895483,0.895481,0.0703786
9.87,0.972549,0.895803,0.895801,0.0767465
9.875,0.959338,0.896122,0.89612,0.0632157
9.88,0.958211,0.896441,0.896439,0.0617698
9.885,0.95325,0.89676,0.896758,0.0564901
9.89,0.960297,0.897079,0.897076,0.0632184
9.895,0.964691,0.897397,0.897395,0.0672942
9.9,0.961904,0.897715,0.897713,0.0641892
9.905,0.956439,0.898033,0.898031,0.0584055
9.91,0.935862,0.898351,0.898348,0.0375116
9.915,0.921919,0.898668,0.898666,0.0232507
9.92,0.92762,0.898986,0.898983,0.0286342
9.925,0.930677,0.899303,0.8993,0.0313748
9.93,0.936661,0.899619,0.899617,0.0370413
9.935,0.947412,0.899936,0.899933,0.0474766
9.94,0.951049,0.900252,0.90025,0.0507966
9.945,0.964496,0.900568,0.900566,0.0639276
9.95,0.949621,0.900884,0.900882,0.0487367
9.955,0.928552,0.9012,0.901197,0.0273518
9.96,0.914323,0.901515,0.901513,0.0128079
9.965,0.929413,0.901831,0.901828,0.0275825
9.97,0.941285,0.902146,0.902143,0.0391397
9.975,0.935798,0.90246,0.902458,0.033338
9.98,0.913677,0.902775,0.902772,0.0109018
9.985,0.912707,0.903089,0.903087,0.00961793
9.99,0.909565,0.903403,0.903401,0.00616187
9.995,0.912211,0.903717,0.903715,0.00849394
10,0.917966,0.904031,0.904028,0.0139351
10.005,0.932427,0.904344,0.904342,0.0280828
10.01,0.938866,0.904657,0.904655,0.0342086
10.015,0.958036,0.90497,0.904968,0.0530652
10.02,0.971388,0.905283,0.905281,0.0661047
10.025,0.9836,0.905596,0.905593,0.0780045
10.03,0.970437,0.905908,0.905905,0.0645288
10.035,0.955334,0.90622,0.906218,0.0491143
10.04,0.935293,0.906532,0.906529,0.0287612
10.045,0.931553,0.906843,0.906841,0.0247094
10.05,0.927983,0.907155,0.907152,0.0208286
10.055,0.933427,0.907466,0.907464,0.0259611
10.06,0.954224,0.907777,0.907775,0.0464471
10.065,0.939391,0.908088,0.908085,0.0313035
10.07,0.921384,0.908398,0.908396,0.0129857
10.075,0.902803,0.908709,0.908706,-0.00590506
10.08,0.902813,0.909019,0.909016,-0.00620521
10.085,0.911586,0.909328,0.909326,0.00225767
10.09,0.913413,0.909638,0.909636,0.00377491
10.095,0.923739,0.909947,0.909945,0.0137918
10.1,0.925685,0.910257,0.910254,0.0154281
10.105,0.923261,0.910566,0.910563,0.0126957
10.11,0.929348,0.910874,0.910872,0.0184739
10.115,0.95072,0.911183,0.91118,0.0395368
10.12,0.972974,0.911491,0.911489,0.0614827
10.125,0.983573,0.911799,0.911797,0.0717743
10.13,0.975978,0.912107,0.912105,0.0638714
10.135,0.985428,0.912415,0.912412,0.0730137
10.14,0.992377,0.912722,0.91272,0.0796552
10.145,0.992397,0.913029,0.913027,0.0793675
10.15,0.989221,0.913336,0.913334,0.0758852
10.155,0.980927,0.913643,0.91364,0.0672843
10.16,0.971163,0.913949,0.913947,0.0572131
10.165,0.942454,0.914256,0.914253,0.0281979
10.17,0.922874,0.914562,0.914559,0.00831179
10.175,0.919732,0.914868,0.914865,0.00486473
10.18,0.923917,0.915173,0.915171,0.00874345
10.185,0.937254,0.915479,0.915476,0.0217754
10.19,0.951067,0.915784,0.915781,0.0352829
10.195,0.966828,0.916089,0.916086,0.0507397
10.2,0.961008,0.916394,0.916391,0.0446147
10.205,0.941419,0.916698,0.916696,0.0247213
10.21,0.927925,0.917002,0.917,0.010923
10.215,0.934906,0.917306,0.917304,0.0176
10.22,0.943365,0.91761,0.917608,0.0257546
10.225,0.941042,0.917914,0.917911,0.0231279
10.23,0.930282,0.918217,0.918215,0.0120648
10.235,0.928246,0.918521,0.918518,0.00972549
10.24,0.94191,0.918823,0.918821,0.0230861
10.245,0.967065,0.919126,0.919124,0.0479384
10.25,0.979759,0.919429,0.919426,0.0603305
10.255,0.980747,0.919731,0.919729,0.0610163
10.26,0.980978,0.920033,0.920031,0.0609448
10.265,0.95831,0.920335,0.920333,0.0379754
10.27,0.931982,0.920637,0.920634,0.0113455
10.275,0.917272,0.920938,0.920936,-0.00366566
10.28,0.911249,0.921239,0.921237,-0.0099906
10.285,0.909097,0.92154,0.921538,-0.0124438
10.29,0.905739,0.921841,0.921839,-0.0161019
10.295,0.904879,0.922142,0.922139,-0.0172624
10.3,0.901642,0.922442,0.922439,-0.0208002
10.305,0.904514,0.922742,0.92274,-0.0182281
10.31,0.895009,0.923042,0.923039,-0.0280325
10.315,0.90189,0.923342,0.923339,-0.0214512
10.32,0.916775,0.923641,0.923639,-0.00686601
10.325,0.916381,0.92394,0.923938,-0.00755924
10.33,0.928168,0.924239,0.924237,0.0039291
10.335,0.931811,0.924538,0.924536,0.00727283
10.34,0.934127,0.924837,0.924834,0.00929054
10.345,0.917736,0.925135,0.925133,-0.00739861
10.35,0.899056,0.925433,0.925431,-0.0263769
10.355,0.91259,0.925731,0.925729,-0.0131411
10.36,0.920446,0.926029,0.926026,-0.00558298
10.365,0.947338,0.926326,0.926324,0.0210121
10.37,0.957371,0.926624,0.926621,0.0307475
10.375,0.982351,0.926921,0.926918,0.0554303
10.38,0.966522,0.927217,0.927215,0.0393051
10.385,0.961223,0.927514,0.927511,0.0337091
10.39,0.953192,0.92781,0.927808,0.0253816
10.395,0.954985,0.928107,0.928104,0.0268783
10.4,0.948361,0.928403,0.9284,0.0199585
10.405,0.929998,0.928698,0.928696,0.00130001
10.41,0.904802,0.928994,0.928991,-0.0241918
10.415,0.889215,0.929289,0.929287,-0.0400741
10.42,0.877178,0.929584,0.929582,-0.0524059
10.425,0.879321,0.929879,0.929876,-0.0505582
10.43,0.889341,0.930174,0.930171,-0.0408322
10.435,0.905404,0.930468,0.930466,-0.0250644
10.44,0.926507,0.930762,0.93076,-0.00425574
10.445,0.935016,0.931056,0.931054,0.00395933
10.45,0.948331,0.93135,0.931347,0.0169806
10.455,0.933322,0.931644,0.931641,0.00167802
10.46,0.925002,0.931937,0.931934,-0.0069353
10.465,0.929894,0.93223,0.932227,-0.00233614
10.47,0.924522,0.932523,0.93252,-0.00800052
10.475,0.926844,0.932816,0.932813,-0.00597152
10.48,0.933757,0.933108,0.933106,0.000648818
10.485,0.932566,0.9334,0.933398,-0.000834256
10.49,0.942956,0.933692,0.93369,0.00926367
10.495,0.925655,0.933984,0.933982,-0.00832907
10.5,0.913377,0.934276,0.934273,-0.0208992
10.505,0.923664,0.934567,0.934565,-0.0109035
10.51,0.939296,0.934858,0.934856,0.00443768
10.515,0.970121,0.935149,0.935147,0.0349717
10.52,0.995413,0.93544,0.935437,0.0599725
10.525,1.0006,0.935731,0.935728,0.0648701
10.53,0.991308,0.936021,0.936018,0.0552876
10.535,0.994003,0.936311,0.936308,0.0576924
10.54,0.978419,0.936601,0.936598,0.0418181
10.545,0.952227,0.936891,0.936888,0.0153363
10.55,0.920183,0.93718,0.937177,-0.0169965
10.555,0.916795,0.937469,0.937467,-0.0206743
10.56,0.909545,0.937758,0.937756,-0.0282128
10.565,0.909559,0.938047,0.938044,-0.0284883
10.57,0.907292,0.938336,0.938333,-0.0310436
10.575,0.929586,0.938624,0.938621,-0.00903789
10.58,0.952277,0.938912,0.938909,0.0133648
10.585,0.95812,0.9392,0.939197,0.0189196
10.59,0.9607,0.939488,0.939485,0.0212127
10.595,0.959798,0.939775,0.939773,0.0200228
10.6,0.956842,0.940062,0.94006,0.016779
10.605,0.940272,0.94035,0.940347,-7.78608e-05
10.61,0.918578,0.940636,0.940634,-0.0220581
10.615,0.895045,0.940923,0.94092,-0.0458783
10.62,0.893607,0.941209,0.941207,-0.0476023
10.625,0.898672,0.941496,0.941493,-0.0428232
10.63,0.907778,0.941782,0.941779,-0.034004
10.635,0.909189,0.942067,0.942065,-0.0328782
10.64,0.911437,0.942353,0.94235,-0.0309162
10.645,0.897919,0.942638,0.942636,-0.0447196
10.65,0.902948,0.942923,0.942921,-0.0399759
10.655,0.913315,0.943208,0.943206,-0.0298937
10.66,0.936553,0.943493,0.94349,-0.00694005
10.665,0.94926,0.943778,0.943775,0.00548209
10.67,0.956722,0.944062,0.944059,0.0126597
10.675,0.944285,0.944346,0.944343,-6.05469e-05
10.68,0.942545,0.94463,0.944627,-0.00208472
10.685,0.934856,0.944913,0.944911,-0.0100575
10.69,0.9357,0.945197,0.945194,-0.00949674
10.695,0.933904,0.94548,0.945477,-0.0115756
10.7,0.925203,0.945763,0.94576,-0.0205598
10.705,0.915595,0.946046,0.946043,-0.0304508
10.71,0.913222,0.946328,0.946326,-0.0331061
10.715,0.891811,0.946611,0.946608,-0.0547996
10.72,0.875634,0.946893,0.94689,-0.0712591
10.725,0.863742,0.947175,0.947172,-0.0834326
10.73,0.871066,0.947457,0.947454,-0.0763905
10.735,0.871999,0.947738,0.947735,-0.0757392
10.74,0.852592,0.948019,0.948017,-0.0954275
10.745,0.844918,0.9483,0.948298,-0.103383
10.75,0.843208,0.948581,0.948579,-0.105373
10.755,0.856284,0.948862,0.948859,-0.0925775
10.76,0.889775,0.949142,0.94914,-0.059367
10.765,0.922095,0.949423,0.94942,-0.0273278
10.77,0.951807,0.949703,0.9497,0.00210477
10.775,0.946961,0.949982,0.94998,-0.00302147
10.78,0.944614,0.950262,0.950259,-0.0056476
10.785,0.940637,0.950541,0.950539,-0.00990379
10.79,0.930929,0.95082,0.950818,-0.019891
10.795,0.941343,0.951099,0.951097,-0.00975591
10.8,0.93487,0.951378,0.951375,-0.0165082
10.805,0.930085,0.951657,0.951654,-0.0215717
10.81,0.916594,0.951935,0.951932,-0.0353409
10.815,0.929415,0.952213,0.95221,-0.0227977
10.82,0.946311,0.952491,0.952488,-0.00618032
10.825,0.952731,0.952769,0.952766,-3.79812e-05
10.83,0.947466,0.953046,0.953043,-0.00558042
10.835,0.932499,0.953323,0.953321,-0.0208243
10.84,0.934011,0.9536,0.953598,-0.0195891
10.845,0.937241,0.953877,0.953874,-0.0166357
10.85,0.936602,0.954154,0.954151,-0.0175518
10.855,0.938866,0.95443,0.954427,-0.0155645
10.86,0.938785,0.954706,0.954704,-0.015921
10.865,0.939615,0.954982,0.95498,-0.0153672
10.87,0.933689,0.955258,0.955255,-0.0215695
10.875,0.927349,0.955534,0.955531,-0.0281844
10.88,0.929304,0.955809,0.955806,-0.0265051
10.885,0.92691,0.956084,0.956081,-0.0291737
10.89,0.923928,0.956359,0.956356,-0.0324306
10.895,0.910874,0.956634,0.956631,-0.0457601
10.9,0.913535,0.956908,0.956905,-0.0433733
10.905,0.930387,0.957182,0.95718,-0.0267957
10.91,0.931485,0.957457,0.957454,-0.0259716
10.915,0.926443,0.95773,0.957728,-0.0312876
10.92,0.930906,0.958004,0.958001,-0.0270984
10.925,0.939672,0.958278,0.958275,-0.0186057
10.93,0.943126,0.958551,0.958548,-0.0154247
10.935,0.926875,0.958824,0.958821,-0.0319485
10.94,0.928815,0.959097,0.959094,-0.0302816
10.945,0.932247,0.959369,0.959366,-0.0271224
10.95,0.924785,0.959642,0.959639,-0.0348561
10.955,0.892902,0.959914,0.959911,-0.0670121
10.96,0.869338,0.960186,0.960183,-0.0908477
10.965,0.872168,0.960457,0.960455,-0.0882891
10.97,0.876582,0.960729,0.960726,-0.0841474
10.975,0.86662,0.961,0.960998,-0.0943801
10.98,0.849001,0.961272,0.961269,-0.112271
10.985,0.847634,0.961542,0.96154,-0.113909
10.99,0.86185,0.961813,0.96181,-0.0999633
10.995,0.854568,0.962084,0.962081,-0.107516
11,0.868671,0.962354,0.962351,-0.0936829
11.005,0.88933,0.962624,0.962621,-0.0732945
11.01,0.90858,0.962894,0.962891,-0.0543141
11.015,0.925175,0.963164,0.963161,-0.0379884
11.02,0.925017,0.963433,0.96343,-0.0384158
11.025,0.911034,0.963702,0.963699,-0.0526687
11.03,0.912948,0.963971,0.963968,-0.0510236
11.035,0.899055,0.96424,0.964237,-0.0651846
11.04,0.890051,0.964509,0.964506,-0.074458
11.045,0.891613,0.964777,0.964774,-0.0731646
11.05,0.893665,0.965045,0.965043,-0.0713802
11.055,0.903953,0.965313,0.965311,-0.0613602
11.06,0.914212,0.965581,0.965578,-0.0513689
11.065,0.91086,0.965849,0.965846,-0.0549886
11.07,0.923181,0.966116,0.966113,-0.0429351
11.075,0.937424,0.966383,0.96638,-0.0289591
11.08,0.96132,0.96665,0.966647,-0.00533007
11.085,0.956345,0.966917,0.966914,-0.0105718
11.09,0.929419,0.967183,0.967181,-0.0377644
11.095,0.920152,0.96745,0.967447,-0.0472973
11.1,0.924542,0.967716,0.967713,-0.0431734
11.105,0.933961,0.967982,0.967979,-0.0340204
11.11,0.949529,0.968248,0.968245,-0.0187186
11.115,0.955683,0.968513,0.96851,-0.0128305
11.12,0.968496,0.968778,0.968775,-0.000282738
11.125,0.981334,0.969043,0.969041,0.0122911
11.13,0.968122,0.969308,0.969305,-0.00118621
11.135,0.946239,0.969573,0.96957,-0.0233343
11.14,0.918825,0.969837,0.969835,-0.051012
11.145,0.907668,0.970102,0.970099,-0.0624339
11.15,0.906098,0.970366,0.970363,-0.0642675
11.155,0.904579,0.970629,0.970627,-0.0660501
11.16,0.904923,0.970893,0.97089,-0.0659702
11.165,0.918474,0.971157,0.971154,-0.0526828
11.17,0.933289,0.97142,0.971417,-0.038131
11.175,0.938285,0.971683,0.97168,-0.0333973
11.18,0.918182,0.971946,0.971943,-0.0537637
11.185,0.90111,0.972208,0.972205,-0.0710979
11.19,0.909674,0.972471,0.972468,-0.0627965
11.195,0.919338,0.972733,0.97273,-0.053395
11.2,0.918164,0.972995,0.972992,-0.0548308
11.205,0.913818,0.973256,0.973254,-0.0594389
11.21,0.908896,0.973518,0.973515,-0.0646221
11.215,0.898366,0.973779,0.973776,-0.075413
11.22,0.890983,0.97404,0.974038,-0.0830579
11.225,0.88437,0.974301,0.974299,-0.0899314
11.23,0.892391,0.974562,0.974559,-0.0821716
11.235,0.89477,0.974823,0.97482,-0.0800522
11.24,0.877366,0.975083,0.97508,-0.0977168
11.245,0.864667,0.975343,0.97534,-0.110676
11.25,0.852737,0.975603,0.9756,-0.122866
11.255,0.863027,0.975863,0.97586,-0.112835
11.26,0.878276,0.976122,0.976119,-0.0978466
11.265,0.911981,0.976382,0.976379,-0.0644002
11.27,0.937257,0.976641,0.976638,-0.039384
11.275,0.944357,0.976899,0.976897,-0.0325422
11.28,0.935133,0.977158,0.977155,-0.0420252
11.285,0.922022,0.977417,0.977414,-0.0553949
11.29,0.898776,0.977675,0.977672,-0.0788989
11.295,0.894063,0.977933,0.97793,-0.0838697
11.3,0.894032,0.978191,0.978188,-0.0841585
11.305,0.892087,0.978448,0.978446,-0.086361
11.31,0.905421,0.978706,0.978703,-0.0732846
11.315,0.90836,0.978963,0.97896,-0.070603
11.32,0.892712,0.97922,0.979217,-0.0865078
11.325,0.872037,0.979477,0.979474,-0.10744
11.33,0.848605,0.979734,0.979731,-0.131128
11.335,0.854056,0.97999,0.979987,-0.125934
11.34,0.843715,0.980246,0.980243,-0.136531
11.345,0.854539,0.980502,0.980499,-0.125963
11.35,0.883949,0.980758,0.980755,-0.0968087
11.355,0.911345,0.981014,0.981011,-0.0696682
11.36,0.923129,0.981269,0.981266,-0.0581397
11.365,0.923833,0.981524,0.981521,-0.0576911
11.37,0.934845,0.981779,0.981776,-0.0469338
11.375,0.966387,0.982034,0.982031,-0.0156473
11.38,0.958966,0.982289,0.982286,-0.0233225
11.385,0.938817,0.982543,0.98254,-0.0437258
11.39,0.925083,0.982797,0.982794,-0.0577145
11.395,0.931834,0.983051,0.983048,-0.0512168
11.4,0.941778,0.983305,0.983302,-0.0415269
11.405,0.956958,0.983558,0.983555,-0.0266007
11.41,0.950582,0.983812,0.983809,-0.0332299
11.415,0.951079,0.984065,0.984062,-0.0329862
11.42,0.946363,0.984318,0.984315,-0.0379546
11.425,0.92832,0.984571,0.984568,-0.0562504
11.43,0.900549,0.984823,0.98482,-0.0842739
11.435,0.898118,0.985076,0.985073,-0.0869576
11.44,0.91589,0.985328,0.985325,-0.0694372
11.445,0.938409,0.98558,0.985577,-0.0471705
11.45,0.955544,0.985831,0.985828,-0.0302878
11.455,0.94713,0.986083,0.98608,-0.0389528
11.46,0.927965,0.986334,0.986331,-0.058369
11.465,0.9214,0.986585,0.986582,-0.0651855
11.47,0.896643,0.986836,0.986833,-0.0901936
11.475,0.887671,0.987087,0.987084,-0.0994161
11.48,0.873601,0.987337,0.987334,-0.113736
11.485,0.853209,0.987588,0.987585,-0.134379
11.49,0.855553,0.987838,0.987835,-0.132284
11.495,0.871361,0.988088,0.988085,-0.116727
11.5,0.889159,0.988337,0.988334,-0.0991787
11.505,0.881934,0.988587,0.988584,-0.106653
11.51,0.884183,0.988836,0.988833,-0.104654
11.515,0.886876,0.989085,0.989082,-0.10221
11.52,0.889591,0.989334,0.989331,-0.0997432
11.525,0.892058,0.989583,0.98958,-0.0975248
11.53,0.891973,0.989831,0.989828,-0.0978585
11.535,0.906942,0.99008,0.990077,-0.0831378
11.54,0.917459,0.990328,0.990325,-0.0728689
11.545,0.917246,0.990576,0.990573,-0.0733297
11.55,0.927368,0.990823,0.99082,-0.0634556
11.555,0.94051,0.991071,0.991068,-0.0505606
11.56,0.931759,0.991318,0.991315,-0.0595591
11.565,0.919636,0.991565,0.991562,-0.0719291
11.57,0.89316,0.991812,0.991809,-0.0986524
11.575,0.87625,0.992059,0.992056,-0.115808
11.58,0.872084,0.992305,0.992302,-0.120221
11.585,0.862702,0.992551,0.992548,-0.129849
11.59,0.88723,0.992798,0.992794,-0.105567
11.595,0.894374,0.993043,0.99304,-0.0986696
11.6,0.909531,0.993289,0.993286,-0.0837577
11.605,0.903954,0.993535,0.993531,-0.0895809
11.61,0.895607,0.99378,0.993777,-0.0981727
11.615,0.885292,0.994025,0.994022,-0.108733
11.62,0.881269,0.99427,0.994267,-0.113
11.625,0.889008,0.994514,0.994511,-0.105507
11.63,0.891394,0.994759,0.994756,-0.103365
11.635,0.911435,0.995003,0.995,-0.0835679
11.64,0.911126,0.995247,0.995244,-0.0841208
11.645,0.90799,0.995491,0.995488,-0.0875015
11.65,0.903728,0.995735,0.995732,-0.0920071
11.655,0.885926,0.995978,0.995975,-0.110052
11.66,0.88417,0.996221,0.996218,-0.112052
11.665,0.892544,0.996464,0.996461,-0.10392
11.67,0.893485,0.996707,0.996704,-0.103222
11.675,0.910617,0.99695,0.996947,-0.0863331
11.68,0.907494,0.997192,0.997189,-0.0896982
11.685,0.920516,0.997435,0.997432,-0.0769184
11.69,0.920957,0.997677,0.997674,-0.0767195
11.695,0.929359,0.997919,0.997916,-0.0685593
11.7,0.937988,0.99816,0.998157,-0.0601721
11.705,0.933014,0.998402,0.998399,-0.065388
11.71,0.920173,0.998643,0.99864,-0.0784699
11.715,0.920286,0.998884,0.998881,-0.0785976
11.72,0.90179,0.999125,0.999122,-0.0973353
11.725,0.889537,0.999366,0.999362,-0.109829
11.73,0.883019,0.999606,0.999603,-0.116587
11.735,0.87966,0.999846,0.999843,-0.120186
11.74,0.905119,1.00009,1.00008,-0.0949672
11.745,0.916579,1.00033,1.00032,-0.0837469
11.75,0.907404,1.00057,1.00056,-0.0931617
11.755,0.896685,1.00081,1.0008,-0.10412
11.76,0.8846,1.00104,1.00104,-0.116445
11.765,0.876866,1.00128,1.00128,-0.124418
11.77,0.884294,1.00152,1.00152,-0.117228
11.775,0.898825,1.00176,1.00176,-0.102936
11.78,0.907015,1.002,1.002,-0.0949847
11.785,0.910149,1.00224,1.00223,-0.092089
11.79,0.889906,1.00248,1.00247,-0.11257
11.795,0.888865,1.00271,1.00271,-0.113849
11.8,0.885526,1.00295,1.00295,-0.117426
11.805,0.889412,1.00319,1.00319,-0.113777
11.81,0.884022,1.00343,1.00342,-0.119404
11.815,0.882628,1.00366,1.00366,-0.121035
11.82,0.886663,1.0039,1.0039,-0.117237
11.825,0.896801,1.00414,1.00413,-0.107337
11.83,0.899748,1.00437,1.00437,-0.104626
11.835,0.905619,1.00461,1.00461,-0.0989913
11.84,0.915731,1.00485,1.00484,-0.0891154
11.845,0.924861,1.00508,1.00508,-0.0802209
11.85,0.931574,1.00532,1.00531,-0.0737435
11.855,0.916042,1.00555,1.00555,-0.0895109
11.86,0.914364,1.00579,1.00579,-0.0914243
11.865,0.923853,1.00602,1.00602,-0.0821711
11.87,0.926336,1.00626,1.00626,-0.0799223
11.875,0.913876,1.00649,1.00649,-0.0926178
11.88,0.903197,1.00673,1.00672,-0.10353
11.885,0.918388,1.00696,1.00696,-0.0885738
11.89,0.936507,1.0072,1.00719,-0.0706896
11.895,0.933196,1.00743,1.00743,-0.0742345
11.9,0.897185,1.00766,1.00766,-0.110479
11.905,0.869873,1.0079,1.00789,-0.138024
11.91,0.863505,1.00813,1.00813,-0.144626
11.915,0.871247,1.00836,1.00836,-0.137117
11.92,0.876626,1.0086,1.00859,-0.131971
11.925,0.878391,1.00883,1.00883,-0.130439
11.93,0.886,1.00906,1.00906,-0.123062
11.935,0.892219,1.00929,1.00929,-0.117076
11.94,0.895881,1.00953,1.00952,-0.113645
11.945,0.916947,1.00976,1.00976,-0.092812
11.95,0.919764,1.00999,1.00999,-0.0902268
11.955,0.918458,1.01022,1.01022,-0.0917642
11.96,0.899017,1.01045,1.01045,-0.111436
11.965,0.890678,1.01068,1.01068,-0.120007
11.97,0.893864,1.01092,1.01091,-0.117051
11.975,0.894364,1.01115,1.01114,-0.116783
11.98,0.897448,1.01138,1.01137,-0.113929
11.985,0.893646,1.01161,1.0116,-0.117962
11.99,0.895423,1.01184,1.01183,-0.116414
11.995,0.907123,1.01207,1.01206,-0.104945
12,0.920666,1.0123,1.01229,-0.0916314
12.005,0.916509,1.01253,1.01252,-0.0960178
12.01,0.903472,1.01276,1.01275,-0.109285
12.015,0.902645,1.01299,1.01298,-0.110341
12.02,0.912544,1.01321,1.01321,-0.100671
12.025,0.932113,1.01344,1.01344,-0.0813302
12.03,0.9412,1.01367,1.01367,-0.0724721
12.035,0.950051,1.0139,1.0139,-0.0638494
12.04,0.942045,1.01413,1.01413,-0.0720843
12.045,0.933777,1.01436,1.01435,-0.0805799
12.05,0.922392,1.01458,1.01458,-0.0921928
12.055,0.903242,1.01481,1.01481,-0.11157
12.06,0.880327,1.01504,1.01504,-0.134713
12.065,0.876681,1.01527,1.01526,-0.138586
12.07,0.875993,1.01549,1.01549,-0.139501
12.075,0.880862,1.01572,1.01572,-0.134859
12.08,0.884489,1.01595,1.01594,-0.131459
12.085,0.886673,1.01617,1.01617,-0.129501
12.09,0.879899,1.0164,1.0164,-0.136502
12.095,0.888138,1.01663,1.01662,-0.128489
12.1,0.915703,1.01685,1.01685,-0.10115
12.105,0.924673,1.01708,1.01708,-0.0924059
12.11,0.898445,1.0173,1.0173,-0.118859
12.115,0.888144,1.01753,1.01753,-0.129385
12.12,0.890768,1.01775,1.01775,-0.126986
12.125,0.892823,1.01798,1.01798,-0.125156
12.13,0.888402,1.0182,1.0182,-0.129802
12.135,0.879748,1.01843,1.01843,-0.13868
12.14,0.884308,1.01865,1.01865,-0.134345
12.145,0.898047,1.01888,1.01887,-0.12083
12.15,0.922509,1.0191,1.0191,-0.096592
12.155,0.928185,1.01933,1.01932,-0.0911404
12.16,0.914686,1.01955,1.01955,-0.104863
12.165,0.91605,1.01977,1.01977,-0.103722
12.17,0.934419,1.02,1.01999,-0.0855765
12.175,0.955544,1.02022,1.02021,-0.0646743
12.18,0.940828,1.02044,1.02044,-0.0796131
12.185,0.901151,1.02066,1.02066,-0.119513
12.19,0.860053,1.02089,1.02088,-0.160833
12.195,0.841783,1.02111,1.02111,-0.179325
12.2,0.84269,1.02133,1.02133,-0.178641
12.205,0.871933,1.02155,1.02155,-0.149619
12.21,0.897842,1.02177,1.02177,-0.123932
12.215,0.909748,1.022,1.02199,-0.112248
12.22,0.907815,1.02222,1.02221,-0.114402
12.225,0.914544,1.02244,1.02243,-0.107894
12.23,0.917818,1.02266,1.02266,-0.10484
12.235,0.915895,1.02288,1.02288,-0.106984
12.24,0.930356,1.0231,1.0231,-0.0927437
12.245,0.944577,1.02332,1.02332,-0.0787429
12.25,0.935677,1.02354,1.02354,-0.0878634
12.255,0.902643,1.02376,1.02376,-0.121118
12.26,0.87568,1.02398,1.02398,-0.1483
12.265,0.876488,1.0242,1.0242,-0.147712
12.27,0.887215,1.02442,1.02442,-0.137204
12.275,0.898962,1.02464,1.02463,-0.125676
12.28,0.903371,1.02486,1.02485,-0.121486
12.285,0.917216,1.02508,1.02507,-0.10786
12.29,0.91569,1.02529,1.02529,-0.109605
12.295,0.914466,1.02551,1.02551,-0.111047
12.3,0.890243,1.02573,1.02573,-0.135488
12.305,0.874778,1.02595,1.02595,-0.151171
12.31,0.882518,1.02617,1.02616,-0.143649
12.315,0.880842,1.02638,1.02638,-0.145542
12.32,0.879707,1.0266,1.0266,-0.146895
12.325,0.890973,1.02682,1.02682,-0.135846
12.33,0.892594,1.02704,1.02703,-0.134442
12.335,0.884628,1.02725,1.02725,-0.142625
12.34,0.894264,1.02747,1.02747,-0.133206
12.345,0.897493,1.02769,1.02768,-0.130193
12.35,0.917573,1.0279,1.0279,-0.11033
12.355,0.921813,1.02812,1.02812,-0.106306
12.36,0.915711,1.02833,1.02833,-0.112624
12.365,0.91348,1.02855,1.02855,-0.11507
12.37,0.918327,1.02877,1.02876,-0.110439
12.375,0.911192,1.02898,1.02898,-0.117789
12.38,0.913016,1.0292,1.02919,-0.116181
12.385,0.905304,1.02941,1.02941,-0.124108
12.39,0.898853,1.02963,1.02962,-0.130773
12.395,0.894659,1.02984,1.02984,-0.135182
12.4,0.885528,1.03006,1.03005,-0.144528
12.405,0.891198,1.03027,1.03027,-0.139072
12.41,0.911056,1.03048,1.03048,-0.119427
12.415,0.918354,1.0307,1.03069,-0.112344
12.42,0.919508,1.03091,1.03091,-0.111403
12.425,0.92091,1.03112,1.03112,-0.110214
12.43,0.920795,1.03134,1.03133,-0.110543
12.435,0.912082,1.03155,1.03155,-0.119469
12.44,0.897222,1.03176,1.03176,-0.134542
12.445,0.88691,1.03198,1.03197,-0.145066
12.45,0.893093,1.03219,1.03219,-0.139096
12.455,0.893492,1.0324,1.0324,-0.138909
12.46,0.882223,1.03261,1.03261,-0.15039
12.465,0.864511,1.03283,1.03282,-0.168314
12.47,0.860597,1.03304,1.03303,-0.17244
12.475,0.864152,1.03325,1.03325,-0.169096
12.48,0.872795,1.03346,1.03346,-0.160665
12.485,0.879063,1.03367,1.03367,-0.154608
12.49,0.886153,1.03388,1.03388,-0.14773
12.495,0.881388,1.03409,1.03409,-0.152705
12.5,0.89325,1.0343,1.0343,-0.141053
12.505,0.906819,1.03451,1.03451,-0.127695
12.51,0.915652,1.03472,1.03472,-0.119072
12.515,0.916395,1.03493,1.03493,-0.118539
12.52,0.90975,1.03514,1.03514,-0.125394
12.525,0.907849,1.03535,1.03535,-0.127504
12.53,0.913992,1.03556,1.03556,-0.121571
12.535,0.918961,1.03577,1.03577,-0.116812
12.54,0.935706,1.03598,1.03598,-0.100275
12.545,0.948916,1.03619,1.03619,-0.0872745
12.55,0.943311,1.0364,1.0364,-0.0930885
12.555,0.924783,1.03661,1.0366,-0.111825
12.56,0.91254,1.03682,1.03681,-0.124276
12.565,0.896856,1.03702,1.03702,-0.140169
12.57,0.887797,1.03723,1.03723,-0.149435
12.575,0.882344,1.03744,1.03744,-0.155096
12.58,0.883051,1.03765,1.03764,-0.154596
12.585,0.881582,1.03786,1.03785,-0.156273
12.59,0.862336,1.03806,1.03806,-0.175727
12.595,0.848373,1.03827,1.03827,-0.189896
12.6,0.846622,1.03848,1.03847,-0.191854
12.605,0.85983,1.03868,1.03868,-0.178853
12.61,0.868281,1.03889,1.03889,-0.170608
12.615,0.873041,1.0391,1.03909,-0.166055
12.62,0.883025,1.0393,1.0393,-0.156277
12.625,0.887891,1.03951,1.0395,-0.151617
12.63,0.886965,1.03971,1.03971,-0.152748
12.635,0.896002,1.03992,1.03992,-0.143917
12.64,0.894894,1.04012,1.04012,-0.14523
12.645,0.892276,1.04033,1.04033,-0.148054
12.65,0.885422,1.04053,1.04053,-0.155112
12.655,0.877354,1.04074,1.04074,-0.163386
12.66,0.892122,1.04094,1.04094,-0.148822
12.665,0.90404,1.04115,1.04114,-0.137109
12.67,0.913295,1.04135,1.04135,-0.128058
12.675,0.923515,1.04156,1.04155,-0.118042
12.68,0.918482,1.04176,1.04176,-0.123278
12.685,0.895062,1.04196,1.04196,-0.146903
12.69,0.887968,1.04217,1.04216,-0.1542
12.695,0.889595,1.04237,1.04237,-0.152776
12.7,0.879893,1.04257,1.04257,-0.162681
12.705,0.863072,1.04278,1.04277,-0.179705
12.71,0.849433,1.04298,1.04298,-0.193547
12.715,0.863458,1.04318,1.04318,-0.179724
12.72,0.873581,1.04338,1.04338,-0.169804
12.725,0.87597,1.04359,1.04358,-0.167617
12.73,0.884173,1.04379,1.04379,-0.159616
12.735,0.907896,1.04399,1.04399,-0.136095
12.74,0.929392,1.04419,1.04419,-0.114801
12.745,0.928114,1.04439,1.04439,-0.11628
12.75,0.916348,1.0446,1.04459,-0.128248
12.755,0.924184,1.0448,1.04479,-0.120612
12.76,0.935485,1.045,1.04499,-0.109512
12.765,0.938019,1.0452,1.04519,-0.107179
12.77,0.916169,1.0454,1.04539,-0.12923
12.775,0.896237,1.0456,1.0456,-0.149362
12.78,0.894949,1.0458,1.0458,-0.15085
12.785,0.903035,1.046,1.046,-0.142964
12.79,0.898465,1.0462,1.0462,-0.147733
12.795,0.904014,1.0464,1.04639,-0.142385
12.8,0.907699,1.0466,1.04659,-0.138899
12.805,0.912743,1.0468,1.04679,-0.134054
12.81,0.905033,1.047,1.04699,-0.141963
12.815,0.886915,1.0472,1.04719,-0.16028
12.82,0.873392,1.04739,1.04739,-0.174001
12.825,0.880834,1.04759,1.04759,-0.166758
12.83,0.886159,1.04779,1.04779,-0.161631
12.835,0.886888,1.04799,1.04798,-0.161101
12.84,0.881636,1.04819,1.04818,-0.166551
12.845,0.904269,1.04838,1.04838,-0.144116
12.85,0.899077,1.04858,1.04858,-0.149505
12.855,0.884084,1.04878,1.04878,-0.164695
12.86,0.868452,1.04898,1.04897,-0.180524
12.865,0.85288,1.04917,1.04917,-0.196293
12.87,0.847585,1.04937,1.04937,-0.201785
12.875,0.84704,1.04957,1.04956,-0.202527
12.88,0.862725,1.04976,1.04976,-0.187039
12.885,0.873227,1.04996,1.04996,-0.176733
12.89,0.869334,1.05016,1.05015,-0.180822
12.895,0.855489,1.05035,1.05035,-0.194863
12.9,0.848157,1.05055,1.05054,-0.202391
12.905,0.856237,1.05074,1.05074,-0.194506
12.91,0.871026,1.05094,1.05093,-0.179913
12.915,0.888991,1.05113,1.05113,-0.162143
12.92,0.903588,1.05133,1.05132,-0.147741
12.925,0.914684,1.05152,1.05152,-0.136839
12.93,0.91247,1.05172,1.05171,-0.139248
12.935,0.905911,1.05191,1.05191,-0.146002
12.94,0.905507,1.05211,1.0521,-0.1466
12.945,0.899935,1.0523,1.0523,-0.152366
12.95,0.897229,1.0525,1.05249,-0.155266
12.955,0.906146,1.05269,1.05268,-0.146543
12.96,0.917567,1.05288,1.05288,-0.135315
12.965,0.921753,1.05308,1.05307,-0.131322
12.97,0.902908,1.05327,1.05327,-0.150361
12.975,0.8811,1.05346,1.05346,-0.172362
12.98,0.877949,1.05365,1.05365,-0.175706
12.985,0.888917,1.05385,1.05384,-0.16493
12.99,0.900855,1.05404,1.05404,-0.153185
12.995,0.903163,1.05423,1.05423,-0.151069
13,0.891257,1.05442,1.05442,-0.163167
13.005,0.89464,1.05462,1.05461,-0.159977
13.01,0.901439,1.05481,1.0548,-0.153369
13.015,0.909064,1.055,1.055,-0.145935
13.02,0.908027,1.05519,1.05519,-0.147164
13.025,0.902724,1.05538,1.05538,-0.152658
13.03,0.907014,1.05557,1.05557,-0.148559
13.035,0.908144,1.05576,1.05576,-0.147619
13.04,0.915076,1.05595,1.05595,-0.140879
13.045,0.913564,1.05614,1.05614,-0.142581
13.05,0.926508,1.05634,1.05633,-0.129827
13.055,0.920224,1.05653,1.05652,-0.136301
13.06,0.909938,1.05672,1.05671,-0.146777
13.065,0.891575,1.0569,1.0569,-0.16533
13.07,0.874191,1.05709,1.05709,-0.182904
13.075,0.859454,1.05728,1.05728,-0.197829
13.08,0.855812,1.05747,1.05747,-0.201661
13.085,0.863262,1.05766,1.05766,-0.1944
13.09,0.878443,1.05785,1.05785,-0.179408
13.095,0.886876,1.05804,1.05804,-0.171164
13.1,0.889889,1.05823,1.05822,-0.168339
13.105,0.912346,1.05842,1.05841,-0.14607
13.11,0.932811,1.0586,1.0586,-0.125794
13.115,0.933044,1.05879,1.05879,-0.125748
13.12,0.943244,1.05898,1.05898,-0.115736
13.125,0.935653,1.05917,1.05916,-0.123515
13.13,0.933748,1.05935,1.05935,-0.125607
13.135,0.921352,1.05954,1.05954,-0.13819
13.14,0.893921,1.05973,1.05973,-0.165808
13.145,0.876105,1.05992,1.05991,-0.183811
13.15,0.876867,1.0601,1.0601,-0.183236
13.155,0.875868,1.06029,1.06029,-0.184421
13.16,0.87186,1.06048,1.06047,-0.188616
13.165,0.867942,1.06066,1.06066,-0.192719
13.17,0.882579,1.06085,1.06084,-0.178269
13.175,0.905985,1.06103,1.06103,-0.155048
13.18,0.904021,1.06122,1.06121,-0.157198
13.185,0.896457,1.0614,1.0614,-0.164947
13.19,0.888373,1.06159,1.06159,-0.173217
13.195,0.892616,1.06177,1.06177,-0.169159
13.2,0.897061,1.06196,1.06196,-0.164899
13.205,0.891401,1.06214,1.06214,-0.170743
13.21,0.887818,1.06233,1.06232,-0.174511
13.215,0.890908,1.06251,1.06251,-0.171605
13.22,0.886314,1.0627,1.06269,-0.176384
13.225,0.902765,1.06288,1.06288,-0.160116
13.23,0.911849,1.06307,1.06306,-0.151216
13.235,0.913783,1.06325,1.06324,-0.149466
13.24,0.905042,1.06343,1.06343,-0.15839
13.245,0.890245,1.06362,1.06361,-0.17337
13.25,0.880422,1.0638,1.06379,-0.183377
13.255,0.863787,1.06398,1.06398,-0.200195
13.26,0.853429,1.06416,1.06416,-0.210735
13.265,0.866977,1.06435,1.06434,-0.19737
13.27,0.896186,1.06453,1.06452,-0.168343
13.275,0.911377,1.06471,1.06471,-0.153334
13.28,0.90404,1.06489,1.06489,-0.160853
13.285,0.890194,1.06508,1.06507,-0.174881
13.29,0.877677,1.06526,1.06525,-0.18758
13.295,0.861826,1.06544,1.06543,-0.203612
13.3,0.857739,1.06562,1.06562,-0.20788
13.305,0.850776,1.0658,1.0658,-0.215024
13.31,0.851607,1.06598,1.06598,-0.214374
13.315,0.863114,1.06616,1.06616,-0.203049
13.32,0.880231,1.06634,1.06634,-0.186112
13.325,0.888636,1.06652,1.06652,-0.177888
13.33,0.888491,1.0667,1.0667,-0.178212
13.335,0.88787,1.06688,1.06688,-0.179013
13.34,0.891466,1.06706,1.06706,-0.175598
13.345,0.897721,1.06724,1.06724,-0.169522
13.35,0.887637,1.06742,1.06742,-0.179786
13.355,0.86765,1.0676,1.0676,-0.199952
13.36,0.86932,1.06778,1.06778,-0.198461
13.365,0.881553,1.06796,1.06796,-0.186407
13.37,0.89895,1.06814,1.06813,-0.169189
13.375,0.910877,1.06832,1.06831,-0.157441
13.38,0.902572,1.0685,1.06849,-0.165924
13.385,0.888864,1.06867,1.06867,-0.179811
13.39,0.885564,1.06885,1.06885,-0.183289
13.395,0.882103,1.06903,1.06903,-0.186928
13.4,0.870882,1.06921,1.0692,-0.198327
13.405,0.870364,1.06939,1.06938,-0.199022
13.41,0.862591,1.06956,1.06956,-0.206972
13.415,0.853729,1.06974,1.06974,-0.216011
13.42,0.859285,1.06992,1.06991,-0.210633
13.425,0.881673,1.07009,1.07009,-0.188421
13.43,0.913651,1.07027,1.07027,-0.15662
13.435,0.935376,1.07045,1.07044,-0.135072
13.44,0.950556,1.07062,1.07062,-0.120068
13.445,0.945496,1.0708,1.0708,-0.125304
13.45,0.933532,1.07098,1.07097,-0.137444
13.455,0.918054,1.07115,1.07115,-0.153098
13.46,0.89488,1.07133,1.07132,-0.176447
13.465,0.884966,1.0715,1.0715,-0.186537
13.47,0.894809,1.07168,1.07167,-0.176869
13.475,0.910847,1.07185,1.07185,-0.161006
13.48,0.917374,1.07203,1.07202,-0.154655
13.485,0.92113,1.0722,1.0722,-0.151073
13.49,0.927049,1.07238,1.07237,-0.145329
13.495,0.919039,1.07255,1.07255,-0.153513
13.5,0.895924,1.07273,1.07272,-0.176803
13.505,0.867529,1.0729,1.0729,-0.205371
13.51,0.854473,1.07307,1.07307,-0.218601
13.515,0.858839,1.07325,1.07324,-0.214409
13.52,0.86073,1.07342,1.07342,-0.212691
13.525,0.860994,1.07359,1.07359,-0.212601
13.53,0.876952,1.07377,1.07376,-0.196816
13.535,0.877835,1.07394,1.07394,-0.196106
13.54,0.896103,1.07411,1.07411,-0.178011
13.545,0.905955,1.07429,1.07428,-0.168332
13.55,0.926114,1.07446,1.07445,-0.148346
13.555,0.940625,1.07463,1.07463,-0.134006
13.56,0.938006,1.0748,1.0748,-0.136798
13.565,0.924881,1.07498,1.07497,-0.150095
13.57,0.909617,1.07515,1.07514,-0.16553
13.575,0.903289,1.07532,1.07531,-0.17203
13.58,0.88269,1.07549,1.07549,-0.1928
13.585,0.88593,1.07566,1.07566,-0.189732
13.59,0.886989,1.07583,1.07583,-0.188844
13.595,0.87747,1.076,1.076,-0.198533
13.6,0.889331,1.07617,1.07617,-0.186844
13.605,0.892863,1.07634,1.07634,-0.183482
13.61,0.910098,1.07652,1.07651,-0.166417
13.615,0.91883,1.07669,1.07668,-0.157856
13.62,0.924056,1.07686,1.07685,-0.152799
13.625,0.917899,1.07703,1.07702,-0.159126
13.63,0.934706,1.0772,1.07719,-0.142489
13.635,0.941684,1.07736,1.07736,-0.135681
13.64,0.942428,1.07753,1.07753,-0.135107
13.645,0.929432,1.0777,1.0777,-0.148271
13.65,0.901401,1.07787,1.07787,-0.176471
13.655,0.900972,1.07804,1.07804,-0.177069
13.66,0.899673,1.07821,1.07821,-0.178537
13.665,0.886034,1.07838,1.07837,-0.192344
13.67,0.875169,1.07855,1.07854,-0.203378
13.675,0.873582,1.07871,1.07871,-0.205133
13.68,0.896385,1.07888,1.07888,-0.182498
13.685,0.912254,1.07905,1.07905,-0.166797
13.69,0.907512,1.07922,1.07921,-0.171706
13.695,0.885182,1.07939,1.07938,-0.194204
13.7,0.869492,1.07955,1.07955,-0.210061
13.705,0.858508,1.07972,1.07972,-0.221212
13.71,0.853365,1.07989,1.07988,-0.226521
13.715,0.847578,1.08005,1.08005,-0.232476
13.72,0.836839,1.08022,1.08022,-0.243381
13.725,0.834802,1.08039,1.08038,-0.245585
13.73,0.852961,1.08055,1.08055,-0.227592
13.735,0.883948,1.08072,1.08071,-0.196771
13.74,0.891406,1.08088,1.08088,-0.189478
13.745,0.891187,1.08105,1.08105,-0.189863
13.75,0.881636,1.08122,1.08121,-0.19958
13.755,0.878048,1.08138,1.08138,-0.203333
13.76,0.889739,1.08155,1.08154,-0.191807
13.765,0.894022,1.08171,1.08171,-0.187689
13.77,0.886911,1.08188,1.08187,-0.194965
13.775,0.886789,1.08204,1.08204,-0.195252
13.78,0.888507,1.08221,1.0822,-0.193699
13.785,0.892576,1.08237,1.08237,-0.189794
13.79,0.901731,1.08253,1.08253,-0.180803
13.795,0.905505,1.0827,1.08269,-0.177193
13.8,0.917912,1.08286,1.08286,-0.16495
13.805,0.920992,1.08303,1.08302,-0.162034
13.81,0.90888,1.08319,1.08318,-0.17431
13.815,0.893125,1.08335,1.08335,-0.190228
13.82,0.864836,1.08352,1.08351,-0.21868
13.825,0.84657,1.08368,1.08367,-0.237109
13.83,0.834371,1.08384,1.08384,-0.24947
13.835,0.838415,1.084,1.084,-0.245589
13.84,0.844528,1.08417,1.08416,-0.239639
13.845,0.846148,1.08433,1.08432,-0.238181
13.85,0.856216,1.08449,1.08449,-0.228276
13.855,0.864348,1.08465,1.08465,-0.220305
13.86,0.884412,1.08481,1.08481,-0.200403
13.865,0.93097,1.08498,1.08497,-0.154007
13.87,0.942291,1.08514,1.08513,-0.142847
13.875,0.940986,1.0853,1.08529,-0.144313
13.88,0.940333,1.08546,1.08546,-0.145127
13.885,0.93569,1.08562,1.08562,-0.149931
13.89,0.926034,1.08578,1.08578,-0.159748
13.895,0.906252,1.08594,1.08594,-0.179691
13.9,0.870206,1.0861,1.0861,-0.215897
13.905,0.856153,1.08626,1.08626,-0.23011
13.91,0.871091,1.08642,1.08642,-0.215333
13.915,0.901999,1.08658,1.08658,-0.184584
13.92,0.912892,1.08674,1.08674,-0.173851
13.925,0.906573,1.0869,1.0869,-0.180329
13.93,0.907679,1.08706,1.08706,-0.179383
13.935,0.9171,1.08722,1.08722,-0.170122
13.94,0.922169,1.08738,1.08738,-0.165211
13.945,0.90568,1.08754,1.08753,-0.181859
13.95,0.891076,1.0877,1.08769,-0.196622
13.955,0.889317,1.08786,1.08785,-0.198539
13.96,0.89257,1.08801,1.08801,-0.195445
13.965,0.893484,1.08817,1.08817,-0.194689
13.97,0.89854,1.08833,1.08833,-0.189791
13.975,0.88828,1.08849,1.08848,-0.200209
13.98,0.870076,1.08865,1.08864,-0.218571
13.985,0.85628,1.0888,1.0888,-0.232525
13.99,0.85441,1.08896,1.08896,-0.234551
13.995,0.858762,1.08912,1.08911,-0.230357
14,0.869974,1.08928,1.08927,-0.219302
14.005,0.867874,1.08943,1.08943,-0.221558
14.01,0.862181,1.08959,1.08958,-0.227408
14.015,0.869797,1.08975,1.08974,-0.219949
14.02,0.8759,1.0899,1.0899,-0.214003
14.025,0.880873,1.09006,1.09005,-0.209186
14.03,0.879844,1.09021,1.09021,-0.210371
14.035,0.864676,1.09037,1.09037,-0.225695
14.04,0.866997,1.09053,1.09052,-0.223528
14.045,0.868155,1.09068,1.09068,-0.222526
14.05,0.873305,1.09084,1.09083,-0.217532
14.055,0.86777,1.09099,1.09099,-0.223222
14.06,0.855869,1.09115,1.09114,-0.235278
14.065,0.84611,1.0913,1.0913,-0.245192
14.07,0.839864,1.09146,1.09145,-0.251592
14.075,0.860763,1.09161,1.09161,-0.230848
14.08,0.884057,1.09177,1.09176,-0.207708
14.085,0.89454,1.09192,1.09191,-0.19738
14.09,0.877164,1.09207,1.09207,-0.214909
14.095,0.855481,1.09223,1.09222,-0.236747
14.1,0.847072,1.09238,1.09238,-0.245309
14.105,0.848964,1.09253,1.09253,-0.243571
14.11,0.860611,1.09269,1.09268,-0.232077
14.115,0.869028,1.09284,1.09284,-0.223812
14.12,0.87411,1.09299,1.09299,-0.218884
14.125,0.876497,1.09315,1.09314,-0.21665
14.13,0.886311,1.0933,1.09329,-0.206989
14.135,0.906123,1.09345,1.09345,-0.187329
14.14,0.90889,1.0936,1.0936,-0.184714
14.145,0.913663,1.09376,1.09375,-0.180094
14.15,0.913622,1.09391,1.0939,-0.180286
14.155,0.913449,1.09406,1.09406,-0.180611
14.16,0.897785,1.09421,1.09421,-0.196427
14.165,0.896892,1.09436,1.09436,-0.197472
14.17,0.893951,1.09451,1.09451,-0.200564
14.175,0.88512,1.09467,1.09466,-0.209546
14.18,0.904729,1.09482,1.09481,-0.190088
14.185,0.91599,1.09497,1.09496,-0.178978
14.19,0.925707,1.09512,1.09511,-0.169411
14.195,0.924228,1.09527,1.09526,-0.171041
14.2,0.902745,1.09542,1.09541,-0.192675
14.205,0.874593,1.09557,1.09556,-0.220976
14.21,0.869939,1.09572,1.09571,-0.225781
14.215,0.871008,1.09587,1.09586,-0.224861
14.22,0.893949,1.09602,1.09601,-0.20207
14.225,0.918441,1.09617,1.09616,-0.177727
14.23,0.94471,1.09632,1.09631,-0.151607
14.235,0.952454,1.09647,1.09646,-0.144013
14.24,0.943386,1.09662,1.09661,-0.15323
14.245,0.940042,1.09676,1.09676,-0.156723
14.25,0.936072,1.09691,1.09691,-0.160841
14.255,0.943684,1.09706,1.09706,-0.153378
14.26,0.937008,1.09721,1.09721,-0.160202
14.265,0.929425,1.09736,1.09735,-0.167933
14.27,0.921852,1.09751,1.0975,-0.175654
14.275,0.915488,1.09765,1.09765,-0.182166
14.28,0.928938,1.0978,1.0978,-0.168864
14.285,0.931819,1.09795,1.09794,-0.16613
14.29,0.920295,1.0981,1.09809,-0.177802
14.295,0.913168,1.09824,1.09824,-0.185076
14.3,0.899623,1.09839,1.09839,-0.198768
14.305,0.896061,1.09854,1.09853,-0.202476
14.31,0.874712,1.09868,1.09868,-0.223972
14.315,0.855785,1.09883,1.09883,-0.243046
14.32,0.861249,1.09898,1.09897,-0.237728
14.325,0.872762,1.09912,1.09912,-0.226362
14.33,0.893936,1.09927,1.09926,-0.205334
14.335,0.911045,1.09942,1.09941,-0.188371
14.34,0.911878,1.09956,1.09956,-0.187683
14.345,0.891904,1.09971,1.0997,-0.207802
14.35,0.870458,1.09985,1.09985,-0.229394
14.355,0.863263,1.1,1.09999,-0.236734
14.36,0.870873,1.10014,1.10014,-0.229269
14.365,0.876414,1.10029,1.10028,-0.223873
14.37,0.884426,1.10043,1.10043,-0.216006
14.375,0.888593,1.10058,1.10057,-0.211984
14.38,0.905686,1.10072,1.10072,-0.195036
14.385,0.916604,1.10087,1.10086,-0.184262
14.39,0.926736,1.10101,1.101,-0.174274
14.395,0.923208,1.10115,1.10115,-0.177946
14.4,0.915782,1.1013,1.10129,-0.185516
14.405,0.924011,1.10144,1.10144,-0.17743
14.41,0.910986,1.10158,1.10158,-0.190598
14.415,0.907627,1.10173,1.10172,-0.194101
14.42,0.890757,1.10187,1.10186,-0.211114
14.425,0.87513,1.10201,1.10201,-0.226884
14.43,0.868016,1.10216,1.10215,-0.234141
14.435,0.859845,1.1023,1.10229,-0.242454
14.44,0.859412,1.10244,1.10244,-0.243029
14.445,0.872104,1.10258,1.10258,-0.23048
14.45,0.880484,1.10273,1.10272,-0.222242
14.455,0.886895,1.10287,1.10286,-0.215973
14.46,0.893635,1.10301,1.103,-0.209374
14.465,0.901662,1.10315,1.10314,-0.201489
14.47,0.898694,1.10329,1.10329,-0.204598
14.475,0.89789,1.10343,1.10343,-0.205544
14.48,0.892744,1.10358,1.10357,-0.210831
14.485,0.898195,1.10372,1.10371,-0.205521
14.49,0.898165,1.10386,1.10385,-0.205691
14.495,0.890202,1.104,1.10399,-0.213796
14.5,0.879271,1.10414,1.10413,-0.224867
14.505,0.863621,1.10428,1.10427,-0.240657
14.51,0.854302,1.10442,1.10441,-0.250116
14.515,0.860194,1.10456,1.10455,-0.244364
14.52,0.88123,1.1047,1.10469,-0.223468
14.525,0.897504,1.10484,1.10483,-0.207334
14.53,0.889175,1.10498,1.10497,-0.215802
14.535,0.888732,1.10512,1.10511,-0.216384
14.54,0.89576,1.10526,1.10525,-0.209496
14.545,0.909966,1.10539,1.10539,-0.195429
14.55,0.910607,1.10553,1.10553,-0.194927
14.555,0.912896,1.10567,1.10567,-0.192776
14.56,0.9148,1.10581,1.1058,-0.19101
14.565,0.933428,1.10595,1.10594,-0.172522
14.57,0.940501,1.10609,1.10608,-0.165586
14.575,0.948147,1.10623,1.10622,-0.158079
14.58,0.952374,1.10636,1.10636,-0.153989
14.585,0.931634,1.1065,1.10649,-0.174867
14.59,0.91102,1.10664,1.10663,-0.195618
14.595,0.898091,1.10678,1.10677,-0.208685
14.6,0.900861,1.10691,1.10691,-0.206052
14.605,0.900763,1.10705,1.10704,-0.206287
14.61,0.888569,1.10719,1.10718,-0.218618
14.615,0.869609,1.10732,1.10732,-0.237715
14.62,0.86183,1.10746,1.10745,-0.24563
14.625,0.863208,1.1076,1.10759,-0.244389
14.63,0.872885,1.10773,1.10773,-0.234848
14.635,0.885766,1.10787,1.10786,-0.222103
14.64,0.900409,1.108,1.108,-0.207596
14.645,0.903138,1.10814,1.10813,-0.205003
14.65,0.910156,1.10828,1.10827,-0.19812
14.655,0.911474,1.10841,1.10841,-0.196937
14.66,0.926032,1.10855,1.10854,-0.182516
14.665,0.943978,1.10868,1.10868,-0.164705
14.67,0.960784,1.10882,1.10881,-0.148033
14.675,0.973685,1.10895,1.10895,-0.135267
14.68,0.978509,1.10909,1.10908,-0.130577
14.685,0.983279,1.10922,1.10921,-0.125943
14.69,0.977291,1.10936,1.10935,-0.132065
14.695,0.967592,1.10949,1.10948,-0.141898
14.7,0.954449,1.10962,1.10962,-0.155175
14.705,0.936468,1.10976,1.10975,-0.173289
14.71,0.919484,1.10989,1.10988,-0.190407
14.715,0.909869,1.11002,1.11002,-0.200156
14.72,0.907217,1.11016,1.11015,-0.202942
14.725,0.917148,1.11029,1.11028,-0.193143
14.73,0.923038,1.11042,1.11042,-0.187387
14.735,0.918426,1.11056,1.11055,-0.192131
14.74,0.911984,1.11069,1.11068,-0.198706
14.745,0.918063,1.11082,1.11082,-0.19276
14.75,0.92438,1.11095,1.11095,-0.186575
14.755,0.92392,1.11109,1.11108,-0.187167
14.76,0.909101,1.11122,1.11121,-0.202119
14.765,0.904875,1.11135,1.11134,-0.206476
14.77,0.91506,1.11148,1.11148,-0.196423
14.775,0.933295,1.11161,1.11161,-0.17832
14.78,0.939972,1.11175,1.11174,-0.171774
14.785,0.927706,1.11188,1.11187,-0.184172
14.79,0.921519,1.11201,1.112,-0.19049
14.795,0.918113,1.11214,1.11213,-0.194027
14.8,0.913966,1.11227,1.11226,-0.198305
14.805,0.896748,1.1124,1.11239,-0.215653
14.81,0.879527,1.11253,1.11252,-0.233005
14.815,0.875876,1.11266,1.11266,-0.236785
14.82,0.869698,1.11279,1.11279,-0.243094
14.825,0.858978,1.11292,1.11292,-0.253944
14.83,0.848098,1.11305,1.11305,-0.264954
14.835,0.841834,1.11318,1.11317,-0.271348
14.84,0.854454,1.11331,1.1133,-0.258857
14.845,0.865554,1.11344,1.11343,-0.247887
14.85,0.878379,1.11357,1.11356,-0.23519
14.855,0.885954,1.1137,1.11369,-0.227745
14.86,0.899558,1.11383,1.11382,-0.21427
14.865,0.906591,1.11396,1.11395,-0.207365
14.87,0.897123,1.11409,1.11408,-0.216962
14.875,0.90069,1.11421,1.11421,-0.213523
14.88,0.916702,1.11434,1.11434,-0.19764
14.885,0.933999,1.11447,1.11446,-0.180471
14.89,0.920482,1.1146,1.11459,-0.194116
14.895,0.919341,1.11473,1.11472,-0.195385
14.9,0.925461,1.11485,1.11485,-0.189393
14.905,0.932474,1.11498,1.11497,-0.182507
14.91,0.927326,1.11511,1.1151,-0.187782
14.915,0.907459,1.11524,1.11523,-0.207776
14.92,0.8906,1.11536,1.11536,-0.224763
14.925,0.899704,1.11549,1.11548,-0.215785
14.93,0.913422,1.11562,1.11561,-0.202194
14.935,0.934684,1.11574,1.11574,-0.181058
14.94,0.94044,1.11587,1.11586,-0.175429
14.945,0.945769,1.116,1.11599,-0.170226
14.95,0.939846,1.11612,1.11611,-0.176275
14.955,0.928754,1.11625,1.11624,-0.187493
14.96,0.91132,1.11637,1.11637,-0.205053
14.965,0.900628,1.1165,1.11649,-0.215871
14.97,0.89884,1.11662,1.11662,-0.217785
14.975,0.910542,1.11675,1.11674,-0.206207
14.98,0.919339,1.11687,1.11687,-0.197535
14.985,0.913176,1.117,1.11699,-0.203824
14.99,0.908622,1.11712,1.11712,-0.208503
14.995,0.901655,1.11725,1.11724,-0.215594
15,0.893274,1.11737,1.11737,-0.224099
15.005,0.892117,1.1175,1.11749,-0.225381
15.01,0.882851,1.11762,1.11762,-0.234771
15.015,0.877298,1.11775,1.11774,-0.240448
15.02,0.879296,1.11787,1.11786,-0.238574
15.025,0.889744,1.11799,1.11799,-0.22825
15.03,0.90508,1.11812,1.11811,-0.213037
15.035,0.927401,1.11824,1.11823,-0.19084
15.04,0.943852,1.11836,1.11836,-0.174512
15.045,0.953222,1.11849,1.11848,-0.165265
15.05,0.937529,1.11861,1.1186,-0.181081
15.055,0.921857,1.11873,1.11873,-0.196876
15.06,0.917128,1.11886,1.11885,-0.201727
15.065,0.923234,1.11898,1.11897,-0.195744
15.07,0.929665,1.1191,1.11909,-0.189435
15.075,0.932688,1.11922,1.11922,-0.186534
15.08,0.918367,1.11934,1.11934,-0.200977
15.085,0.910325,1.11947,1.11946,-0.209142
15.09,0.918932,1.11959,1.11958,-0.200656
15.095,0.928581,1.11971,1.1197,-0.191128
15.1,0.940015,1.11983,1.11982,-0.179817
15.105,0.943646,1.11995,1.11995,-0.176307
15.11,0.934506,1.12007,1.12007,-0.185568
15.115,0.921721,1.12019,1.12019,-0.198473
15.12,0.913578,1.12032,1.12031,-0.206737
15.125,0.903245,1.12044,1.12043,-0.21719
15.13,0.902458,1.12056,1.12055,-0.218098
15.135,0.89907,1.12068,1.12067,-0.221607
15.14,0.889403,1.1208,1.12079,-0.231393
15.145,0.912383,1.12092,1.12091,-0.208533
15.15,0.935323,1.12104,1.12103,-0.185713
15.155,0.944344,1.12116,1.12115,-0.176812
15.16,0.940444,1.12128,1.12127,-0.180831
15.165,0.931526,1.1214,1.12139,-0.189869
15.17,0.923274,1.12151,1.12151,-0.19824
15.175,0.921261,1.12163,1.12163,-0.200372
15.18,0.934436,1.12175,1.12175,-0.187316
15.185,0.929039,1.12187,1.12186,-0.192832
15.19,0.913242,1.12199,1.12198,-0.208748
15.195,0.907534,1.12211,1.1221,-0.214574
15.2,0.910145,1.12223,1.12222,-0.212082
15.205,0.902933,1.12234,1.12234,-0.219411
15.21,0.9028,1.12246,1.12246,-0.219663
15.215,0.908407,1.12258,1.12257,-0.214173
15.22,0.911883,1.1227,1.12269,-0.210815
15.225,0.908983,1.12282,1.12281,-0.213833
15.23,0.902339,1.12293,1.12293,-0.220594
15.235,0.900616,1.12305,1.12304,-0.222434
15.24,0.894648,1.12317,1.12316,-0.22852
15.245,0.890227,1.12328,1.12328,-0.233057
15.25,0.888753,1.12341,1.12339,-0.234661
15.255,0.887374,1.12353,1.12351,-0.236158
15.26,0.883536,1.12365,1.12363,-0.240112
15.265,0.87535,1.12376,1.12374,-0.248414
15.27,0.878649,1.12388,1.12386,-0.245232
15.275,0.892284,1.124,1.12398,-0.231712
15.28,0.905088,1.12411,1.12409,-0.219024
15.285,0.928451,1.12423,1.12421,-0.195777
15.29,0.941535,1.12434,1.12432,-0.182809
15.295,0.932996,1.12446,1.12444,-0.191463
15.3,0.93473,1.12457,1.12455,-0.189844
15.305,0.926654,1.12469,1.12467,-0.198036
15.31,0.920944,1.1248,1.12478,-0.20386
15.315,0.915779,1.12492,1.1249,-0.20914
15.32,0.911918,1.12503,1.12501,-0.213115
15.325,0.906725,1.12515,1.12513,-0.218423
15.33,0.912902,1.12526,1.12524,-0.212361
15.335,0.926902,1.12538,1.12536,-0.198475
15.34,0.930025,1.12549,1.12547,-0.195466
15.345,0.93878,1.1256,1.12558,-0.186825
15.35,0.924454,1.12572,1.1257,-0.201264
15.355,0.915768,1.12583,1.12581,-0.210064
15.36,0.902536,1.12595,1.12592,-0.223409
15.365,0.909944,1.12606,1.12604,-0.216115
15.37,0.913708,1.12617,1.12615,-0.212464
15.375,0.923081,1.12628,1.12626,-0.203204
15.38,0.916764,1.1264,1.12638,-0.209633
15.385,0.91022,1.12651,1.12649,-0.21629
15.39,0.90544,1.12662,1.1266,-0.221183
15.395,0.913579,1.12674,1.12671,-0.213156
15.4,0.921655,1.12685,1.12683,-0.205193
15.405,0.929316,1.12696,1.12694,-0.197643
15.41,0.919946,1.12707,1.12705,-0.207125
15.415,0.909148,1.12718,1.12716,-0.218035
15.42,0.904564,1.12729,1.12727,-0.222731
15.425,0.905183,1.12741,1.12738,-0.222223
15.43,0.90693,1.12752,1.1275,-0.220587
15.435,0.902031,1.12763,1.12761,-0.225598
15.44,0.899405,1.12774,1.12772,-0.228334
15.445,0.904414,1.12785,1.12783,-0.223437
15.45,0.91342,1.12796,1.12794,-0.214541
15.455,0.910199,1.12807,1.12805,-0.217872
15.46,0.910531,1.12818,1.12816,-0.217651
15.465,0.897223,1.12829,1.12827,-0.231069
15.47,0.903264,1.1284,1.12838,-0.225138
15.475,0.907297,1.12851,1.12849,-0.221215
15.48,0.892481,1.12862,1.1286,-0.236141
15.485,0.874722,1.12873,1.12871,-0.25401
15.49,0.872776,1.12884,1.12882,-0.256065
15.495,0.873592,1.12895,1.12893,-0.255359
15.5,0.883984,1.12906,1.12904,-0.245076
15.505,0.882063,1.12917,1.12915,-0.247106
15.51,0.875325,1.12928,1.12926,-0.253953
15.515,0.86769,1.12939,1.12936,-0.261696
15.52,0.872339,1.12949,1.12947,-0.257156
15.525,0.886444,1.1296,1.12958,-0.24316
15.53,0.89935,1.12971,1.12969,-0.230361
15.535,0.908752,1.12982,1.1298,-0.221068
15.54,0.919359,1.12993,1.12991,-0.210569
15.545,0.929217,1.13004,1.13001,-0.200819
15.55,0.91817,1.13014,1.13012,-0.211974
15.555,0.902936,1.13025,1.13023,-0.227315
15.56,0.893254,1.13036,1.13034,-0.237104
15.565,0.895907,1.13047,1.13044,-0.234558
15.57,0.898608,1.13057,1.13055,-0.231964
15.575,0.905058,1.13068,1.13066,-0.225622
15.58,0.903826,1.13079,1.13076,-0.22696
15.585,0.906121,1.13089,1.13087,-0.224772
15.59,0.897902,1.131,1.13098,-0.233097
15.595,0.896864,1.13111,1.13108,-0.234242
15.6,0.890161,1.13121,1.13119,-0.241051
15.605,0.883359,1.13132,1.1313,-0.247959
15.61,0.875955,1.13142,1.1314,-0.255469
15.615,0.87069,1.13153,1.13151,-0.260839
15.62,0.873945,1.13164,1.13161,-0.25769
15.625,0.890145,1.13174,1.13172,-0.241596
15.63,0.910845,1.13185,1.13182,-0.221001
15.635,0.909353,1.13195,1.13193,-0.222598
15.64,0.90607,1.13206,1.13203,-0.225986
15.645,0.897567,1.13216,1.13214,-0.234594
15.65,0.901896,1.13227,1.13224,-0.230369
15.655,0.921769,1.13237,1.13235,-0.210601
15.66,0.924342,1.13247,1.13245,-0.208133
15.665,0.937895,1.13258,1.13256,-0.194684
15.67,0.956285,1.13268,1.13266,-0.176398
15.675,0.964582,1.13279,1.13276,-0.168205
15.68,0.969622,1.13289,1.13287,-0.163269
15.685,0.969852,1.13299,1.13297,-0.163142
15.69,0.977995,1.1331,1.13308,-0.155103
15.695,0.972303,1.1332,1.13318,-0.160898
15.7,0.965814,1.1333,1.13328,-0.16749
15.705,0.947126,1.13341,1.13339,-0.186282
15.71,0.931692,1.13351,1.13349,-0.201818
15.715,0.914456,1.13361,1.13359,-0.219157
15.72,0.909568,1.13372,1.13369,-0.224148
15.725,0.902512,1.13382,1.1338,-0.231306
15.73,0.910093,1.13392,1.1339,-0.223828
15.735,0.912203,1.13402,1.134,-0.22182
15.74,0.934471,1.13412,1.1341,-0.199654
15.745,0.944454,1.13423,1.1342,-0.189773
15.75,0.942222,1.13433,1.13431,-0.192107
15.755,0.933968,1.13443,1.13441,-0.200462
15.76,0.922892,1.13453,1.13451,-0.21164
15.765,0.928897,1.13463,1.13461,-0.205736
15.77,0.936136,1.13473,1.13471,-0.198598
15.775,0.94677,1.13484,1.13481,-0.188065
15.78,0.9453,1.13494,1.13491,-0.189636
15.785,0.93278,1.13504,1.13501,-0.202257
15.79,0.922969,1.13514,1.13511,-0.212168
15.795,0.910669,1.13524,1.13522,-0.224568
15.8,0.90923,1.13534,1.13532,-0.226108
15.805,0.907464,1.13544,1.13542,-0.227974
15.81,0.921249,1.13554,1.13552,-0.214289
15.815,0.925794,1.13564,1.13562,-0.209844
15.82,0.934395,1.13574,1.13572,-0.201343
15.825,0.945897,1.13584,1.13581,-0.18994
15.83,0.943859,1.13594,1.13591,-0.192078
15.835,0.945032,1.13604,1.13601,-0.191004
15.84,0.960158,1.13613,1.13611,-0.175977
15.845,0.972495,1.13623,1.13621,-0.163739
15.85,0.964832,1.13633,1.13631,-0.1715
15.855,0.954087,1.13643,1.13641,-0.182344
15.86,0.955387,1.13653,1.13651,-0.181143
15.865,0.951148,1.13663,1.13661,-0.18548
15.87,0.950348,1.13673,1.1367,-0.186379
15.875,0.953418,1.13682,1.1368,-0.183406
15.88,0.949195,1.13692,1.1369,-0.187727
15.885,0.955152,1.13702,1.137,-0.181868
15.89,0.964465,1.13712,1.1371,-0.172653
15.895,0.958764,1.13722,1.13719,-0.178452
15.9,0.945383,1.13731,1.13729,-0.19193
15.905,0.934115,1.13741,1.13739,-0.203295
15.91,0.935692,1.13751,1.13748,-0.201815
15.915,0.939411,1.1376,1.13758,-0.198193
15.92,0.945723,1.1377,1.13768,-0.191978
15.925,0.949957,1.1378,1.13777,-0.18784
15.93,0.945832,1.13789,1.13787,-0.192062
15.935,0.955078,1.13799,1.13797,-0.182912
15.94,0.956726,1.13809,1.13806,-0.18136
15.945,0.962729,1.13818,1.13816,-0.175453
15.95,0.964958,1.13828,1.13826,-0.17332
15.955,0.960964,1.13837,1.13835,-0.17741
15.96,0.956945,1.13847,1.13845,-0.181525
15.965,0.937958,1.13857,1.13854,-0.200608
15.97,0.919186,1.13866,1.13864,-0.219474
15.975,0.912388,1.13876,1.13873,-0.226368
15.98,0.924062,1.13885,1.13883,-0.214789
15.985,0.954277,1.13895,1.13892,-0.184668
15.99,0.981608,1.13904,1.13902,-0.157432
15.995,0.983427,1.13913,1.13911,-0.155708
16,0.97206,1.13923,1.13921,-0.167169
16.005,0.972102,1.13932,1.1393,-0.167222
16.01,0.972998,1.13942,1.13939,-0.16642
16.015,0.962253,1.13951,1.13949,-0.177259
16.02,0.952215,1.13961,1.13958,-0.187391
16.025,0.942065,1.1397,1.13968,-0.197635
16.03,0.929724,1.13979,1.13977,-0.210069
16.035,0.926044,1.13989,1.13986,-0.213843
16.04,0.914942,1.13998,1.13996,-0.225038
16.045,0.910947,1.14007,1.14005,-0.229126
16.05,0.90556,1.14017,1.14014,-0.234606
16.055,0.893185,1.14026,1.14024,-0.247074
16.06,0.903611,1.14035,1.14033,-0.236741
16.065,0.921006,1.14044,1.14042,-0.219438
16.07,0.941132,1.14054,1.14051,-0.199404
16.075,0.947061,1.14063,1.14061,-0.193568
16.08,0.943254,1.14072,1.1407,-0.197467
16.085,0.940884,1.14081,1.14079,-0.199929
16.09,0.947293,1.1409,1.14088,-0.193612
16.095,0.956347,1.141,1.14097,-0.18465
16.1,0.964871,1.14109,1.14106,-0.176218
16.105,0.962296,1.14118,1.14116,-0.178883
16.11,0.968447,1.14127,1.14125,-0.172824
16.115,0.981012,1.14136,1.14134,-0.16035
16.12,0.987958,1.14145,1.14143,-0.153495
16.125,0.986662,1.14154,1.14152,-0.154881
16.13,0.976558,1.14163,1.14161,-0.165077
16.135,0.972927,1.14173,1.1417,-0.168798
16.14,0.979889,1.14182,1.14179,-0.161926
16.145,0.984951,1.14191,1.14188,-0.156955
16.15,0.997954,1.142,1.14197,-0.144042
16.155,1.01019,1.14209,1.14206,-0.131893
16.16,1.01079,1.14218,1.14215,-0.131385
16.165,0.99843,1.14227,1.14224,-0.143836
16.17,0.995437,1.14236,1.14233,-0.146918
16.175,1.0043,1.14244,1.14242,-0.138143
16.18,0.984345,1.14253,1.14251,-0.158189
16.185,0.96413,1.14262,1.1426,-0.178493
16.19,0.938351,1.14271,1.14269,-0.204362
16.195,0.921007,1.1428,1.14278,-0.221794
16.2,0.917346,1.14289,1.14287,-0.225544
16.205,0.918622,1.14298,1.14295,-0.224356
16.21,0.925508,1.14307,1.14304,-0.217558
16.215,0.94668,1.14316,1.14313,-0.196475
16.22,0.956769,1.14324,1.14322,-0.186474
16.225,0.960891,1.14333,1.14331,-0.182441
16.23,0.953612,1.14342,1.1434,-0.189807
16.235,0.941394,1.14351,1.14348,-0.202113
16.24,0.957709,1.14359,1.14357,-0.185886
16.245,0.978513,1.14368,1.14366,-0.165169
16.25,0.996084,1.14377,1.14375,-0.147685
16.255,1.00561,1.14386,1.14383,-0.138247
16.26,0.993189,1.14394,1.14392,-0.150754
16.265,0.972285,1.14403,1.14401,-0.171745
16.27,0.968806,1.14412,1.14409,-0.175311
16.275,0.980662,1.1442,1.14418,-0.163541
16.28,1.00099,1.14429,1.14427,-0.1433
16.285,1.00468,1.14438,1.14435,-0.139697
16.29,0.989215,1.14446,1.14444,-0.155247
16.295,0.974317,1.14455,1.14452,-0.170232
16.3,0.979441,1.14463,1.14461,-0.165193
16.305,0.987759,1.14472,1.1447,-0.156961
16.31,0.985173,1.14481,1.14478,-0.159633
16.315,0.977463,1.14489,1.14487,-0.167428
16.32,0.971258,1.14498,1.14495,-0.173719
16.325,0.96251,1.14506,1.14504,-0.182551
16.33,0.955594,1.14515,1.14512,-0.189553
16.335,0.959171,1.14523,1.14521,-0.186061
16.34,0.963632,1.14532,1.14529,-0.181685
16.345,0.961848,1.1454,1.14538,-0.183553
16.35,0.963418,1.14549,1.14546,-0.182068
16.355,0.964648,1.14557,1.14555,-0.180922
16.36,0.971861,1.14565,1.14563,-0.173793
16.365,0.972491,1.14574,1.14571,-0.173248
16.37,0.973622,1.14582,1.1458,-0.172201
16.375,0.979858,1.14591,1.14588,-0.166048
16.38,0.980903,1.14599,1.14597,-0.165087
16.385,0.990224,1.14607,1.14605,-0.15585
16.39,1.00105,1.14616,1.14613,-0.14511
16.395,1.00873,1.14624,1.14622,-0.137509
16.4,1.0158,1.14632,1.1463,-0.130526
16.405,1.00853,1.14641,1.14638,-0.137872
16.41,0.996604,1.14649,1.14646,-0.149885
16.415,1.01477,1.14657,1.14655,-0.1318
16.42,1.01926,1.14665,1.14663,-0.127389
16.425,1.01333,1.14674,1.14671,-0.133402
16.43,1.00249,1.14682,1.14679,-0.144329
16.435,1.00131,1.1469,1.14688,-0.145586
16.44,1.00606,1.14698,1.14696,-0.140924
16.445,0.999766,1.14706,1.14704,-0.147298
16.45,0.982231,1.14715,1.14712,-0.164915
16.455,0.958874,1.14723,1.1472,-0.188354
16.46,0.952203,1.14731,1.14728,-0.195106
16.465,0.944857,1.14739,1.14737,-0.202533
16.47,0.951758,1.14747,1.14745,-0.195714
16.475,0.963294,1.14755,1.14753,-0.184258
16.48,0.986593,1.14763,1.14761,-0.161041
16.485,0.986919,1.14771,1.14769,-0.160795
16.49,0.988141,1.14779,1.14777,-0.159654
16.495,0.997896,1.14788,1.14785,-0.149979
16.5,1.00489,1.14796,1.14793,-0.14307
16.505,1.01588,1.14804,1.14801,-0.132157
16.51,1.00623,1.14812,1.14809,-0.141886
16.515,1.00624,1.1482,1.14817,-0.141953
16.52,1.00996,1.14828,1.14825,-0.138314
16.525,1.00038,1.14835,1.14833,-0.147974
16.53,0.988734,1.14843,1.14841,-0.1597
16.535,0.991346,1.14851,1.14849,-0.157168
16.54,0.984043,1.14859,1.14857,-0.16455
16.545,0.985098,1.14867,1.14865,-0.163574
16.55,0.994585,1.14875,1.14873,-0.154166
16.555,1.0095,1.14883,1.1488,-0.139331
16.56,1.02451,1.14891,1.14888,-0.124393
16.565,1.02762,1.14899,1.14896,-0.121366
16.57,1.00804,1.14907,1.14904,-0.141025
16.575,0.991623,1.14914,1.14912,-0.15752
16.58,0.982841,1.14922,1.1492,-0.166381
16.585,0.977457,1.1493,1.14927,-0.171843
16.59,0.966586,1.14938,1.14935,-0.182791
16.595,0.961319,1.14945,1.14943,-0.188136
16.6,0.959189,1.14953,1.14951,-0.190343
16.605,0.959874,1.14961,1.14958,-0.189736
16.61,0.959908,1.14969,1.14966,-0.189779
16.615,0.957319,1.14976,1.14974,-0.192446
16.62,0.963348,1.14984,1.14982,-0.186494
16.625,0.964909,1.14992,1.14989,-0.185009
16.63,0.971038,1.14999,1.14997,-0.178957
16.635,0.964415,1.15007,1.15005,-0.185656
16.64,0.962993,1.15015,1.15012,-0.187154
16.645,0.961436,1.15022,1.1502,-0.188788
16.65,0.961915,1.1503,1.15028,-0.188385
16.655,0.959537,1.15038,1.15035,-0.19084
16.66,0.963226,1.15045,1.15043,-0.187226
16.665,0.978363,1.15053,1.1505,-0.172165
16.67,0.987342,1.1506,1.15058,-0.163262
16.675,1.00211,1.15068,1.15065,-0.148572
16.68,1.00424,1.15075,1.15073,-0.146518
16.685,1.00033,1.15083,1.1508,-0.150504
16.69,0.987172,1.1509,1.15088,-0.163733
16.695,0.981761,1.15098,1.15095,-0.169219
16.7,0.985835,1.15105,1.15103,-0.16522
16.705,0.99022,1.15113,1.1511,-0.160909
16.71,0.997656,1.1512,1.15118,-0.153548
16.715,1.00859,1.15128,1.15125,-0.142686
16.72,1.00953,1.15135,1.15133,-0.141825
16.725,1.02322,1.15143,1.1514,-0.128209
16.73,1.02586,1.1515,1.15147,-0.125645
16.735,1.02513,1.15157,1.15155,-0.126441
16.74,1.01544,1.15165,1.15162,-0.136208
16.745,1.00067,1.15172,1.1517,-0.15105
16.75,0.985293,1.1518,1.15177,-0.166502
16.755,0.983932,1.15187,1.15184,-0.167937
16.76,0.991848,1.15194,1.15192,-0.160094
16.765,1.00149,1.15201,1.15199,-0.150527
16.77,1.0044,1.15209,1.15206,-0.147689
16.775,0.981668,1.15216,1.15213,-0.170493
16.78,0.961283,1.15223,1.15221,-0.19095
16.785,0.941661,1.15231,1.15228,-0.210645
16.79,0.9442,1.15238,1.15235,-0.208178
16.795,0.957446,1.15245,1.15242,-0.195004
16.8,0.974566,1.15252,1.1525,-0.177957
16.805,0.994703,1.15259,1.15257,-0.157891
16.81,1.0063,1.15267,1.15264,-0.146363
16.815,1.00743,1.15274,1.15271,-0.145305
16.82,1.01186,1.15281,1.15278,-0.140949
16.825,0.991551,1.15288,1.15285,-0.16133
16.83,0.975445,1.15295,1.15293,-0.177507
16.835,0.982899,1.15302,1.153,-0.170124
16.84,0.997691,1.15309,1.15307,-0.155403
16.845,1.00274,1.15316,1.15314,-0.150427
16.85,1.01462,1.15324,1.15321,-0.138619
16.855,1.01791,1.15331,1.15328,-0.135401
16.86,1.01671,1.15338,1.15335,-0.136668
16.865,1.01853,1.15345,1.15342,-0.134919
16.87,1.01918,1.15352,1.15349,-0.134339
16.875,1.0159,1.15359,1.15356,-0.137692
16.88,1.00454,1.15366,1.15363,-0.149119
16.885,0.991915,1.15373,1.1537,-0.161812
16.89,0.982043,1.1538,1.15377,-0.171754
16.895,0.979942,1.15387,1.15384,-0.173924
16.9,0.975653,1.15394,1.15391,-0.178283
16.905,0.977589,1.15401,1.15398,-0.176416
16.91,0.977179,1.15407,1.15405,-0.176895
16.915,0.983823,1.15414,1.15412,-0.17032
16.92,0.998111,1.15421,1.15419,-0.156101
16.925,1.0064,1.15428,1.15425,-0.147879
16.93,1.01897,1.15435,1.15432,-0.135375
16.935,1.02567,1.15442,1.15439,-0.128746
16.94,1.03518,1.15449,1.15446,-0.119306
16.945,1.04466,1.15455,1.15453,-0.109897
16.95,1.03811,1.15462,1.1546,-0.116515
16.955,1.03428,1.15469,1.15466,-0.120409
16.96,1.02947,1.15476,1.15473,-0.125287
16.965,1.03357,1.15483,1.1548,-0.12126
16.97,1.02922,1.15489,1.15487,-0.125677
16.975,1.0289,1.15496,1.15493,-0.126058
16.98,1.0367,1.15503,1.155,-0.118325
16.985,1.02236,1.1551,1.15507,-0.13274
16.99,1.0059,1.15516,1.15514,-0.149261
16.995,0.999266,1.15523,1.1552,-0.155963
17,1.00421,1.1553,1.15527,-0.151084
17.005,1.01042,1.15536,1.15534,-0.144942
17.01,0.995777,1.15543,1.1554,-0.159652
17.015,0.983138,1.1555,1.15547,-0.172357
17.02,0.994258,1.15556,1.15553,-0.161303
17.025,1.01125,1.15563,1.1556,-0.14438
17.03,1.02349,1.15569,1.15567,-0.132205
17.035,1.02683,1.15576,1.15573,-0.128932
17.04,1.0356,1.15582,1.1558,-0.120229
17.045,1.03661,1.15589,1.15586,-0.119281
17.05,1.03759,1.15596,1.15593,-0.118369
17.055,1.03156,1.15602,1.15599,-0.124464
17.06,1.0288,1.15609,1.15606,-0.127284
17.065,1.03575,1.15615,1.15612,-0.120401
17.07,1.04576,1.15622,1.15619,-0.110459
17.075,1.05797,1.15628,1.15625,-0.0983085
17.08,1.05835,1.15635,1.15632,-0.0979923
17.085,1.04919,1.15641,1.15638,-0.107222
17.09,1.04134,1.15647,1.15645,-0.115136
17.095,1.04519,1.15654,1.15651,-0.111349
17.1,1.06205,1.1566,1.15658,-0.0945508
17.105,1.07703,1.15667,1.15664,-0.0796318
17.11,1.07232,1.15673,1.1567,-0.0844068
17.115,1.07782,1.15679,1.15677,-0.0789764
17.12,1.07732,1.15686,1.15683,-0.0795349
17.125,1.08088,1.15692,1.15689,-0.0760379
17.13,1.07085,1.15698,1.15696,-0.0861392
17.135,1.06936,1.15705,1.15702,-0.0876836
17.14,1.07898,1.15711,1.15708,-0.0781345
17.145,1.06745,1.15717,1.15715,-0.0897215
17.15,1.05042,1.15724,1.15721,-0.106814
17.155,1.04556,1.1573,1.15727,-0.111738
17.16,1.05018,1.15736,1.15733,-0.107183
17.165,1.06675,1.15742,1.1574,-0.0906757
17.17,1.05884,1.15749,1.15746,-0.0986458
17.175,1.0466,1.15755,1.15752,-0.110945
17.18,1.05225,1.15761,1.15758,-0.105365
17.185,1.07691,1.15767,1.15764,-0.0807666
17.19,1.09844,1.15773,1.15771,-0.0592889
17.195,1.10317,1.1578,1.15777,-0.0546255
17.2,1.09842,1.15786,1.15783,-0.059433
17.205,1.08677,1.15792,1.15789,-0.0711454
17.21,1.0682,1.15798,1.15795,-0.089782
17.215,1.0725,1.15804,1.15801,-0.0855397
17.22,1.07019,1.1581,1.15807,-0.0879143
17.225,1.06743,1.15816,1.15813,-0.090728
17.23,1.05009,1.15822,1.15819,-0.10813
17.235,1.04047,1.15828,1.15826,-0.117817
17.24,1.04985,1.15834,1.15832,-0.108495
17.245,1.07194,1.1584,1.15838,-0.0864641
17.25,1.08778,1.15846,1.15844,-0.0706883
17.255,1.1049,1.15852,1.1585,-0.0536192
17.26,1.0941,1.15858,1.15856,-0.0644857
17.265,1.08128,1.15864,1.15862,-0.0773634
17.27,1.08466,1.1587,1.15868,-0.0740401
17.275,1.09461,1.15876,1.15873,-0.0641566
17.28,1.09352,1.15882,1.15879,-0.0653021
17.285,1.07885,1.15888,1.15885,-0.0800326
17.29,1.05501,1.15894,1.15891,-0.103934
17.295,1.03645,1.159,1.15897,-0.122545
17.3,1.0358,1.15906,1.15903,-0.123261
17.305,1.02467,1.15912,1.15909,-0.134444
17.31,1.03455,1.15918,1.15915,-0.124622
17.315,1.04637,1.15923,1.15921,-0.112867
17.32,1.05753,1.15929,1.15926,-0.101766
17.325,1.06609,1.15935,1.15932,-0.0932644
17.33,1.05887,1.15941,1.15938,-0.100543
17.335,1.05642,1.15947,1.15944,-0.103047
17.34,1.06394,1.15952,1.1595,-0.0955827
17.345,1.08179,1.15958,1.15955,-0.0777972
17.35,1.09926,1.15964,1.15961,-0.0603775
17.355,1.0991,1.1597,1.15967,-0.0605961
17.36,1.09377,1.15975,1.15973,-0.0659839
17.365,1.10232,1.15981,1.15978,-0.0574953
17.37,1.10802,1.15987,1.15984,-0.0518506
17.375,1.09511,1.15993,1.1599,-0.0648125
17.38,1.09011,1.15998,1.15995,-0.0698719
17.385,1.08728,1.16004,1.16001,-0.0727572
17.39,1.08491,1.1601,1.16007,-0.0751892
17.395,1.07053,1.16015,1.16012,-0.0896225
17.4,1.06606,1.16021,1.16018,-0.0941517
17.405,1.07111,1.16026,1.16024,-0.0891565
17.41,1.08091,1.16032,1.16029,-0.0794102
17.415,1.09045,1.16038,1.16035,-0.0699276
17.42,1.09807,1.16043,1.1604,-0.0623629
17.425,1.09612,1.16049,1.16046,-0.0643672
17.43,1.09785,1.16054,1.16051,-0.062695
17.435,1.10562,1.1606,1.16057,-0.0549788
17.44,1.1068,1.16065,1.16063,-0.0538514
17.445,1.10156,1.16071,1.16068,-0.0591529
17.45,1.08195,1.16076,1.16074,-0.0788178
17.455,1.07784,1.16082,1.16079,-0.0829824
17.46,1.06859,1.16087,1.16085,-0.0922812
17.465,1.0545,1.16093,1.1609,-0.106425
17.47,1.03392,1.16098,1.16095,-0.127059
17.475,1.04318,1.16104,1.16101,-0.117856
17.48,1.08751,1.16109,1.16106,-0.0735841
17.485,1.08893,1.16115,1.16112,-0.0722115
17.49,1.0798,1.1612,1.16117,-0.0814009
17.495,1.06415,1.16125,1.16122,-0.0971048
17.5,1.06626,1.16131,1.16128,-0.0950495
17.505,1.08334,1.16136,1.16133,-0.0780234
17.51,1.09696,1.16141,1.16139,-0.0644523
17.515,1.09773,1.16147,1.16144,-0.0637377
17.52,1.11361,1.16152,1.16149,-0.0479134
17.525,1.12002,1.16157,1.16154,-0.0415507
17.53,1.10916,1.16163,1.1616,-0.052467
17.535,1.08992,1.16168,1.16165,-0.0717595
17.54,1.06938,1.16173,1.1617,-0.0923526
17.545,1.06904,1.16178,1.16176,-0.0927486
17.55,1.07483,1.16184,1.16181,-0.0870105
17.555,1.06209,1.16189,1.16186,-0.0998005
17.56,1.07703,1.16194,1.16191,-0.0849078
17.565,1.09897,1.16199,1.16196,-0.0630247
17.57,1.11903,1.16205,1.16202,-0.0430122
17.575,1.12294,1.1621,1.16207,-0.0391623
17.58,1.09203,1.16215,1.16212,-0.0701158
17.585,1.08582,1.1622,1.16217,-0.0763847
17.59,1.08882,1.16225,1.16222,-0.0734347
17.595,1.09015,1.1623,1.16227,-0.0721584
17.6,1.08283,1.16235,1.16233,-0.079524
17.605,1.07158,1.16241,1.16238,-0.0908234
17.61,1.07508,1.16246,1.16243,-0.0873787
17.615,1.09188,1.16251,1.16248,-0.070625
17.62,1.0939,1.16256,1.16253,-0.0686591
17.625,1.09572,1.16261,1.16258,-0.0668852
17.63,1.0933,1.16266,1.16263,-0.069358
17.635,1.08981,1.16271,1.16268,-0.072897
17.64,1.09034,1.16276,1.16273,-0.072415
17.645,1.08997,1.16281,1.16278,-0.072838
17.65,1.0928,1.16286,1.16283,-0.0700626
17.655,1.10707,1.16291,1.16288,-0.0558379
17.66,1.09551,1.16296,1.16293,-0.0674517
17.665,1.09426,1.16301,1.16298,-0.0687468
17.67,1.08256,1.16306,1.16303,-0.0804936
17.675,1.08713,1.16311,1.16308,-0.0759758
17.68,1.08514,1.16316,1.16313,-0.0780133
17.685,1.078,1.16321,1.16318,-0.0852031
17.69,1.08098,1.16325,1.16322,-0.0822703
17.695,1.0827,1.1633,1.16327,-0.0806056
17.7,1.07839,1.16335,1.16332,-0.0849636
17.705,1.06701,1.1634,1.16337,-0.0963892
17.71,1.07032,1.16345,1.16342,-0.0931314
17.715,1.08203,1.1635,1.16347,-0.0814634
17.72,1.10896,1.16355,1.16352,-0.0545814
17.725,1.1337,1.16359,1.16356,-0.0298974
17.73,1.14917,1.16364,1.16361,-0.0144754
17.735,1.15406,1.16369,1.16366,-0.00962782
17.74,1.13377,1.16374,1.16371,-0.0299713
17.745,1.1118,1.16378,1.16375,-0.0519862
17.75,1.10275,1.16383,1.1638,-0.06108
17.755,1.10695,1.16388,1.16385,-0.0569323
17.76,1.11769,1.16393,1.1639,-0.0462405
17.765,1.12745,1.16397,1.16394,-0.0365238
17.77,1.13088,1.16402,1.16399,-0.0331385
17.775,1.13847,1.16407,1.16404,-0.0255946
17.78,1.14268,1.16411,1.16408,-0.0214319
17.785,1.13709,1.16416,1.16413,-0.0270704
17.79,1.1278,1.16421,1.16418,-0.0364035
17.795,1.12091,1.16425,1.16422,-0.0433424
17.8,1.11738,1.1643,1.16427,-0.0469178
17.805,1.10118,1.16435,1.16431,-0.0631693
17.81,1.10059,1.16439,1.16436,-0.0638043
17.815,1.09599,1.16444,1.16441,-0.0684451
17.82,1.09997,1.16448,1.16445,-0.0645174
17.825,1.09446,1.16453,1.1645,-0.0700655
17.83,1.09205,1.16457,1.16454,-0.0725255
17.835,1.10585,1.16462,1.16459,-0.0587645
17.84,1.12063,1.16466,1.16463,-0.0440303
17.845,1.13234,1.16471,1.16468,-0.0323649
17.85,1.13955,1.16475,1.16472,-0.0252027
17.855,1.14869,1.1648,1.16477,-0.0161041
17.86,1.15602,1.16484,1.16481,-0.00882393
17.865,1.15142,1.16489,1.16486,-0.0134633
17.87,1.15025,1.16493,1.1649,-0.0146833
17.875,1.14898,1.16498,1.16495,-0.0159998
17.88,1.16505,1.16502,1.16499,3.3268e-05
17.885,1.16934,1.16507,1.16503,0.00427513
17.89,1.16714,1.16511,1.16508,0.0020343
17.895,1.16919,1.16515,1.16512,0.00404176
17.9,1.1724,1.1652,1.16517,0.00720761
17.905,1.18168,1.16524,1.16521,0.0164446
17.91,1.17218,1.16528,1.16525,0.00689512
17.915,1.16557,1.16533,1.1653,0.000243075
17.92,1.15256,1.16537,1.16534,-0.0128065
17.925,1.12975,1.16541,1.16538,-0.035663
17.93,1.12519,1.16546,1.16543,-0.0402618
17.935,1.10956,1.1655,1.16547,-0.0559371
17.94,1.11101,1.16554,1.16551,-0.0545341
17.945,1.12984,1.16558,1.16555,-0.0357478
17.95,1.14265,1.16563,1.1656,-0.0229752
17.955,1.16259,1.16567,1.16564,-0.00307759
17.96,1.16667,1.16571,1.16568,0.000956813
17.965,1.16659,1.16575,1.16572,0.000838535
17.97,1.15681,1.1658,1.16576,-0.0089879
17.975,1.14734,1.16584,1.16581,-0.0184994
17.98,1.14978,1.16588,1.16585,-0.0160951
17.985,1.14979,1.16592,1.16589,-0.0161323
17.99,1.15404,1.16596,1.16593,-0.0119175
17.995,1.16137,1.166,1.16597,-0.00463249
18,1.15504,1.16605,1.16601,-0.0110026
18.005,1.16913,1.16609,1.16605,0.00304777
18.01,1.17855,1.16613,1.1661,0.0124219
18.015,1.16979,1.16617,1.16614,0.00361869
18.02,1.12068,1.16621,1.16618,-0.0455287
18.025,1.0865,1.16625,1.16622,-0.0797505
18.03,1.08186,1.16629,1.16626,-0.0844301
18.035,1.09634,1.16633,1.1663,-0.0699879
18.04,1.10805,1.16637,1.16634,-0.0583252
18.045,1.11347,1.16641,1.16638,-0.0529415
18.05,1.12497,1.16645,1.16642,-0.0414853
18.055,1.12003,1.16649,1.16646,-0.0464635
18.06,1.11462,1.16653,1.1665,-0.0519073
18.065,1.10827,1.16657,1.16654,-0.0583046
18.07,1.10967,1.16661,1.16658,-0.0569392
18.075,1.12248,1.16665,1.16662,-0.0441654
18.08,1.1571,1.16669,1.16666,-0.00958647
18.085,1.1736,1.16673,1.1667,0.0068752
18.09,1.17511,1.16677,1.16673,0.00833963
18.095,1.16569,1.16681,1.16677,-0.00111997
18.1,1.16028,1.16684,1.16681,-0.00656385
18.105,1.16287,1.16688,1.16685,-0.00401403
18.11,1.15068,1.16692,1.16689,-0.0162373
18.115,1.1382,1.16696,1.16693,-0.0287559
18.12,1.1226,1.167,1.16697,-0.0443984
18.125,1.11901,1.16704,1.167,-0.048032
18.13,1.1308,1.16708,1.16704,-0.0362707
18.135,1.1378,1.16711,1.16708,-0.0293094
18.14,1.14349,1.16715,1.16712,-0.0236567
18.145,1.1274,1.16719,1.16716,-0.0397936
18.15,1.12586,1.16723,1.16719,-0.041371
18.155,1.12946,1.16726,1.16723,-0.0378083
18.16,1.14995,1.1673,1.16727,-0.0173534
18.165,1.1788,1.16734,1.16731,0.0114627
18.17,1.19964,1.16738,1.16734,0.0322692
18.175,1.19919,1.16741,1.16738,0.031775
18.18,1.19308,1.16745,1.16742,0.0256297
18.185,1.18596,1.16749,1.16745,0.0184772
18.19,1.19447,1.16752,1.16749,0.0269446
18.195,1.19697,1.16756,1.16753,0.0294091
18.2,1.18537,1.1676,1.16756,0.0177698
18.205,1.1725,1.16763,1.1676,0.0048631
18.21,1.15769,1.16767,1.16764,-0.00998288
18.215,1.14846,1.1677,1.16767,-0.019242
18.22,1.169,1.16774,1.16771,0.00125785
18.225,1.18671,1.16778,1.16774,0.0189301
18.23,1.19999,1.16781,1.16778,0.0321811
18.235,1.21381,1.16785,1.16781,0.0459605
18.24,1.20764,1.16788,1.16785,0.0397607
18.245,1.21505,1.16792,1.16789,0.047129
18.25,1.21666,1.16795,1.16792,0.0487016
18.255,1.21969,1.16799,1.16796,0.0517007
18.26,1.21971,1.16802,1.16799,0.0516816
18.265,1.20262,1.16806,1.16803,0.0345637
18.27,1.18558,1.16809,1.16806,0.017482
18.275,1.17718,1.16813,1.16809,0.00905452
18.28,1.18682,1.16816,1.16813,0.0186571
18.285,1.19664,1.1682,1.16816,0.0284388
18.29,1.19102,1.16823,1.1682,0.0227869
18.295,1.17803,1.16827,1.16823,0.0097676
18.3,1.16683,1.1683,1.16827,-0.00146779
18.305,1.16714,1.16833,1.1683,-0.00119564
18.31,1.16821,1.16837,1.16833,-0.000153569
18.315,1.17215,1.1684,1.16837,0.00374888
18.32,1.17527,1.16843,1.1684,0.00683803
18.325,1.18113,1.16847,1.16843,0.0126652
18.33,1.18994,1.1685,1.16847,0.0214343
18.335,1.19728,1.16853,1.1685,0.0287411
18.34,1.20451,1.16857,1.16853,0.0359383
18.345,1.2193,1.1686,1.16857,0.050695
18.35,1.22283,1.16863,1.1686,0.054197
18.355,1.20251,1.16867,1.16863,0.0338489
18.36,1.18096,1.1687,1.16866,0.0122584
18.365,1.17086,1.16873,1.1687,0.00213009
18.37,1.18074,1.16876,1.16873,0.0119779
18.375,1.21067,1.1688,1.16876,0.041878
18.38,1.22997,1.16883,1.16879,0.0611441
18.385,1.24213,1.16886,1.16883,0.0732723
18.39,1.24015,1.16889,1.16886,0.0712543
18.395,1.23229,1.16892,1.16889,0.0633625
18.4,1.2387,1.16896,1.16892,0.0697484
18.405,1.23375,1.16899,1.16895,0.0647679
18.41,1.21656,1.16902,1.16898,0.0475388
18.415,1.18884,1.16905,1.16902,0.0197937
18.42,1.18009,1.16908,1.16905,0.0110046
18.425,1.17403,1.16911,1.16908,0.00491421
18.43,1.17419,1.16914,1.16911,0.00504982
18.435,1.18182,1.16917,1.16914,0.0126462
18.44,1.19645,1.1692,1.16917,0.0272437
18.445,1.20762,1.16924,1.1692,0.0383871
18.45,1.19825,1.16927,1.16923,0.0289878
18.455,1.19258,1.1693,1.16926,0.0232829
18.46,1.19299,1.16933,1.16929,0.0236624
18.465,1.19127,1.16936,1.16932,0.0219171
18.47,1.20139,1.16939,1.16935,0.0320055
18.475,1.22626,1.16942,1.16938,0.056843
18.48,1.24585,1.16945,1.16941,0.076407
18.485,1.24987,1.16948,1.16944,0.0803899
18.49,1.22969,1.16951,1.16947,0.0601884
18.495,1.21076,1.16953,1.1695,0.0412231
18.5,1.21956,1.16956,1.16953,0.0499985
18.505,1.25114,1.16959,1.16956,0.0815474
18.51,1.26912,1.16962,1.16959,0.0995025
18.515,1.28357,1.16965,1.16962,0.113915
18.52,1.27576,1.16968,1.16965,0.106085
18.525,1.27865,1.16971,1.16967,0.108942
18.53,1.26141,1.16974,1.1697,0.0916721
18.535,1.24725,1.16977,1.16973,0.077484
18.54,1.23026,1.16979,1.16976,0.0604675
18.545,1.23844,1.16982,1.16979,0.0686195
18.55,1.2372,1.16985,1.16982,0.0673533
18.555,1.24596,1.16988,1.16984,0.0760787
18.56,1.23776,1.16991,1.16987,0.0678568
18.565,1.2215,1.16993,1.1699,0.0515695
18.57,1.21662,1.16996,1.16993,0.0466598
18.575,1.22246,1.16999,1.16995,0.052471
18.58,1.23388,1.17002,1.16998,0.0638647
18.585,1.23359,1.17005,1.17001,0.0635416
18.59,1.23334,1.17007,1.17004,0.0632695
18.595,1.22834,1.1701,1.17006,0.0582434
18.6,1.23898,1.17013,1.17009,0.068854
18.605,1.23071,1.17015,1.17012,0.0605567
18.61,1.20432,1.17018,1.17014,0.0341417
18.615,1.18185,1.17021,1.17017,0.0116387
18.62,1.18046,1.17023,1.1702,0.0102229
18.625,1.20851,1.17026,1.17022,0.0382467
18.63,1.22066,1.17029,1.17025,0.0503703
18.635,1.2117,1.17031,1.17028,0.0413854
18.64,1.21595,1.17034,1.1703,0.0456089
18.645,1.23226,1.17036,1.17033,0.0618927
18.65,1.24628,1.17039,1.17035,0.0758942
18.655,1.25057,1.17042,1.17038,0.0801545
18.66,1.25296,1.17044,1.17041,0.0825137
18.665,1.24829,1.17047,1.17043,0.0778256
18.67,1.23976,1.17049,1.17046,0.0692648
18.675,1.22272,1.17052,1.17048,0.0522067
18.68,1.22334,1.17054,1.17051,0.0527924
18.685,1.22599,1.17057,1.17053,0.0554187
18.69,1.22948,1.17059,1.17056,0.0588919
18.695,1.22789,1.17062,1.17058,0.0572763
18.7,1.23505,1.17064,1.17061,0.0644102
18.705,1.26134,1.17067,1.17063,0.0906765
18.71,1.27424,1.17069,1.17066,0.103549
18.715,1.27357,1.17072,1.17068,0.102859
18.72,1.27677,1.17074,1.1707,0.106034
18.725,1.27756,1.17076,1.17073,0.106792
18.73,1.278,1.17079,1.17075,0.107214
18.735,1.25831,1.17081,1.17078,0.0875007
18.74,1.2441,1.17084,1.1708,0.0732681
18.745,1.24639,1.17086,1.17082,0.0755279
18.75,1.26447,1.17088,1.17085,0.0935845
18.755,1.29513,1.17091,1.17087,0.124221
18.76,1.31742,1.17093,1.17089,0.146494
18.765,1.32307,1.17095,1.17092,0.152121
18.77,1.31792,1.17098,1.17094,0.146942
18.775,1.31404,1.171,1.17096,0.143044
18.78,1.28695,1.17102,1.17099,0.115927
18.785,1.2723,1.17105,1.17101,0.101257
18.79,1.26461,1.17107,1.17103,0.0935378
18.795,1.27803,1.17109,1.17105,0.106941
18.8,1.28683,1.17111,1.17108,0.115716
18.805,1.28199,1.17113,1.1711,0.110853
18.81,1.25746,1.17116,1.17112,0.0863002
18.815,1.2384,1.17118,1.17114,0.0672228
18.82,1.23303,1.1712,1.17116,0.0618335
18.825,1.24103,1.17122,1.17119,0.0698046
18.83,1.2509,1.17124,1.17121,0.0796537
18.835,1.25171,1.17127,1.17123,0.0804454
18.84,1.25208,1.17129,1.17125,0.0807906
18.845,1.24518,1.17131,1.17127,0.0738703
18.85,1.24335,1.17133,1.17129,0.0720221
18.855,1.25223,1.17135,1.17131,0.0808767
18.86,1.25848,1.17137,1.17134,0.0871108
18.865,1.27091,1.17139,1.17136,0.0995144
18.87,1.25668,1.17141,1.17138,0.0852609
18.875,1.24113,1.17144,1.1714,0.0696913
18.88,1.23404,1.17146,1.17142,0.062588
18.885,1.24179,1.17148,1.17144,0.070309
18.89,1.24251,1.1715,1.17146,0.071012
18.895,1.24586,1.17152,1.17148,0.0743434
18.9,1.25793,1.17154,1.1715,0.0863883
18.905,1.26704,1.17156,1.17152,0.0954807
18.91,1.26891,1.17158,1.17154,0.0973299
18.915,1.26465,1.1716,1.17156,0.09305
18.92,1.26304,1.17162,1.17158,0.0914228
18.925,1.26036,1.17164,1.1716,0.0887245
18.93,1.24621,1.17166,1.17162,0.074552
18.935,1.23695,1.17168,1.17164,0.0652727
18.94,1.2449,1.17169,1.17166,0.0732055
18.945,1.2652,1.17171,1.17168,0.0934874
18.95,1.2813,1.17173,1.17169,0.109568
18.955,1.27044,1.17175,1.17171,0.0986855
18.96,1.25666,1.17177,1.17173,0.084891
18.965,1.25932,1.17179,1.17175,0.0875259
18.97,1.2691,1.17181,1.17177,0.0972902
18.975,1.28981,1.17183,1.17179,0.117982
18.98,1.29924,1.17185,1.17181,0.127396
18.985,1.30308,1.17186,1.17182,0.131218
18.99,1.29695,1.17188,1.17184,0.125068
18.995,1.27792,1.1719,1.17186,0.106019
19,1.25335,1.17192,1.17188,0.081435
19.005,1.25171,1.17194,1.1719,0.0797751
19.01,1.25895,1.17195,1.17191,0.0869968
19.015,1.26379,1.17197,1.17193,0.0918171
19.02,1.2644,1.17199,1.17195,0.0924167
19.025,1.26363,1.17201,1.17197,0.0916242
19.03,1.27234,1.17202,1.17198,0.100321
19.035,1.28384,1.17204,1.172,0.111804
19.04,1.29029,1.17206,1.17202,0.118231
19.045,1.27689,1.17207,1.17203,0.104813
19.05,1.25492,1.17209,1.17205,0.0828313
19.055,1.25702,1.17211,1.17207,0.0849172
19.06,1.26553,1.17212,1.17208,0.0934105
19.065,1.26675,1.17214,1.1721,0.0946111
19.07,1.26378,1.17216,1.17212,0.0916186
19.075,1.26066,1.17217,1.17213,0.0884896
19.08,1.26533,1.17219,1.17215,0.0931396
19.085,1.2866,1.17221,1.17217,0.11439
19.09,1.30356,1.17222,1.17218,0.131338
19.095,1.29209,1.17224,1.1722,0.119856
19.1,1.28558,1.17225,1.17221,0.113331
19.105,1.29133,1.17227,1.17223,0.119063
19.11,1.31717,1.17228,1.17224,0.144887
19.115,1.33341,1.1723,1.17226,0.16111
19.12,1.32909,1.17231,1.17227,0.156772
19.125,1.31998,1.17233,1.17229,0.147654
19.13,1.31636,1.17234,1.17231,0.144019
19.135,1.32422,1.17236,1.17232,0.151857
19.14,1.32098,1.17237,1.17233,0.148606
19.145,1.29888,1.17239,1.17235,0.126492
19.15,1.29309,1.1724,1.17236,0.120687
19.155,1.29713,1.17242,1.17238,0.124712
19.16,1.28758,1.17243,1.17239,0.115148
19.165,1.28861,1.17245,1.17241,0.11616
19.17,1.29979,1.17246,1.17242,0.127333
19.175,1.30821,1.17248,1.17244,0.13573
19.18,1.31168,1.17249,1.17245,0.139192
19.185,1.32213,1.1725,1.17246,0.149625
19.19,1.32896,1.17252,1.17248,0.156443
19.195,1.34573,1.17253,1.17249,0.173196
19.2,1.34704,1.17254,1.1725,0.174497
19.205,1.34651,1.17256,1.17252,0.173948
19.21,1.34976,1.17257,1.17253,0.177186
19.215,1.33697,1.17258,1.17254,0.164385
19.22,1.30704,1.1726,1.17256,0.134442
19.225,1.28321,1.17261,1.17257,0.110599
19.23,1.26852,1.17262,1.17258,0.0958938
19.235,1.29344,1.17264,1.17259,0.120808
19.24,1.31232,1.17265,1.17261,0.139669
19.245,1.31382,1.17266,1.17262,0.141157
19.25,1.30402,1.17267,1.17263,0.131344
19.255,1.29666,1.17269,1.17264,0.123972
19.26,1.29391,1.1727,1.17266,0.121213
19.265,1.28619,1.17271,1.17267,0.113484
19.27,1.29404,1.17272,1.17268,0.121321
19.275,1.29809,1.17273,1.17269,0.125355
19.28,1.3023,1.17275,1.1727,0.129553
19.285,1.3194,1.17276,1.17272,0.14664
19.29,1.32175,1.17277,1.17273,0.148976
19.295,1.31097,1.17278,1.17274,0.138192
19.3,1.29256,1.17279,1.17275,0.119765
19.305,1.29501,1.1728,1.17276,0.122207
19.31,1.29514,1.17281,1.17277,0.122323
19.315,1.30833,1.17282,1.17278,0.135501
19.32,1.31905,1.17284,1.17279,0.146216
19.325,1.32875,1.17285,1.17281,0.155907
19.33,1.34009,1.17286,1.17282,0.167235
19.335,1.34721,1.17287,1.17283,0.174338
19.34,1.33321,1.17288,1.17284,0.160328
19.345,1.31534,1.17289,1.17285,0.142448
19.35,1.31543,1.1729,1.17286,0.142535
19.355,1.32053,1.17291,1.17287,0.147624
19.36,1.32785,1.17292,1.17288,0.15493
19.365,1.31164,1.17293,1.17289,0.138709
19.37,1.29774,1.17294,1.1729,0.124797
19.375,1.28849,1.17295,1.17291,0.115539
19.38,1.29988,1.17296,1.17292,0.126917
19.385,1.30904,1.17297,1.17293,0.136072
19.39,1.32569,1.17298,1.17294,0.152711
19.395,1.35748,1.17299,1.17294,0.18449
19.4,1.37543,1.173,1.17295,0.202438
19.405,1.38456,1.173,1.17296,0.211551
19.41,1.37821,1.17301,1.17297,0.205199
19.415,1.35289,1.17302,1.17298,0.179871
19.42,1.34229,1.17303,1.17299,0.169254
19.425,1.3236,1.17304,1.173,0.150558
19.43,1.33199,1.17305,1.17301,0.158945
19.435,1.34214,1.17306,1.17301,0.169083
19.44,1.34238,1.17307,1.17302,0.16931
19.445,1.34826,1.17307,1.17303,0.175189
19.45,1.35258,1.17308,1.17304,0.179494
19.455,1.35541,1.17309,1.17305,0.18232
19.46,1.36378,1.1731,1.17305,0.190684
19.465,1.36624,1.17311,1.17306,0.19313
19.47,1.37688,1.17311,1.17307,0.203766
19.475,1.38338,1.17312,1.17308,0.210255
19.48,1.392,1.17313,1.17309,0.218875
19.485,1.397,1.17314,1.17309,0.223867
19.49,1.39429,1.17314,1.1731,0.221148
19.495,1.3721,1.17315,1.17311,0.198951
19.5,1.35965,1.17316,1.17311,0.186492
19.505,1.34807,1.17316,1.17312,0.174911
19.51,1.35569,1.17317,1.17313,0.182517
19.515,1.3627,1.17318,1.17313,0.189523
19.52,1.36701,1.17318,1.17314,0.193828
19.525,1.35771,1.17319,1.17315,0.184519
19.53,1.3471,1.1732,1.17315,0.173898
19.535,1.3459,1.1732,1.17316,0.172693
19.54,1.33467,1.17321,1.17317,0.161463
19.545,1.33822,1.17322,1.17317,0.165003
19.55,1.35046,1.17322,1.17318,0.177241
19.555,1.36656,1.17323,1.17318,0.193331
19.56,1.38874,1.17323,1.17319,0.215505
19.565,1.39405,1.17324,1.17319,0.220807
19.57,1.38612,1.17324,1.1732,0.212875
19.575,1.38369,1.17325,1.17321,0.210438
19.58,1.37658,1.17326,1.17321,0.20332
19.585,1.37308,1.17326,1.17322,0.199818
19.59,1.3507,1.17327,1.17322,0.177432
19.595,1.34416,1.17327,1.17323,0.170893
19.6,1.34494,1.17328,1.17323,0.171665
19.605,1.35668,1.17328,1.17324,0.1834
19.61,1.36557,1.17329,1.17324,0.192286
19.615,1.35133,1.17329,1.17325,0.178039
19.62,1.33818,1.17329,1.17325,0.164883
19.625,1.32248,1.1733,1.17325,0.149177
19.63,1.31878,1.1733,1.17326,0.145478
19.635,1.34391,1.17331,1.17326,0.170604
19.64,1.36225,1.17331,1.17327,0.188938
19.645,1.36983,1.17332,1.17327,0.196513
19.65,1.37997,1.17332,1.17327,0.206654
19.655,1.37232,1.17332,1.17328,0.199
19.66,1.36318,1.17333,1.17328,0.189852
19.665,1.35047,1.17333,1.17329,0.177143
19.67,1.33797,1.17333,1.17329,0.164637
19.675,1.33284,1.17334,1.17329,0.159506
19.68,1.33474,1.17334,1.1733,0.161403
19.685,1.35635,1.17334,1.1733,0.183009
19.69,1.37305,1.17335,1.1733,0.199702
19.695,1.37443,1.17335,1.1733,0.201079
19.7,1.37086,1.17335,1.17331,0.19751
19.705,1.37258,1.17336,1.17331,0.199222
19.71,1.38593,1.17336,1.17331,0.212571
19.715,1.36846,1.17336,1.17331,0.195097
19.72,1.36711,1.17336,1.17332,0.193743
19.725,1.37308,1.17337,1.17332,0.199715
19.73,1.38046,1.17337,1.17332,0.207096
19.735,1.37835,1.17337,1.17332,0.204977
19.74,1.36634,1.17337,1.17333,0.19297
19.745,1.35883,1.17337,1.17333,0.185461
19.75,1.3597,1.17338,1.17333,0.186328
19.755,1.36563,1.17338,1.17333,0.192257
19.76,1.36917,1.17338,1.17333,0.195788
19.765,1.36134,1.17338,1.17333,0.187965
19.77,1.34438,1.17338,1.17333,0.170997
19.775,1.3353,1.17338,1.17334,0.161913
19.78,1.3471,1.17338,1.17334,0.173715
19.785,1.35938,1.17339,1.17334,0.185995
19.79,1.36748,1.17339,1.17334,0.194094
19.795,1.38164,1.17339,1.17334,0.208257
19.8,1.4066,1.17339,1.17334,0.233208
19.805,1.43403,1.17339,1.17334,0.260642
19.81,1.42056,1.17339,1.17334,0.247171
19.815,1.39384,1.17339,1.17334,0.220451
19.82,1.39238,1.17339,1.17334,0.218989
19.825,1.40468,1.17339,1.17334,0.231292
19.83,1.41058,1.17339,1.17334,0.237189
19.835,1.4105,1.17339,1.17334,0.237108
19.84,1.41555,1.17339,1.17334,0.242158
19.845,1.41776,1.17339,1.17334,0.244369
19.85,1.43123,1.17339,1.17334,0.257841
19.855,1.43604,1.17339,1.17334,0.262653
19.86,1.42051,1.17339,1.17334,0.24712
19.865,1.39485,1.17339,1.17334,0.221462
19.87,1.39681,1.17339,1.17334,0.223423
19.875,1.41531,1.17339,1.17334,0.241921
19.88,1.434,1.17339,1.17334,0.260616
19.885,1.41817,1.17339,1.17334,0.244783
19.89,1.40462,1.17338,1.17334,0.231238
19.895,1.41963,1.17338,1.17333,0.246244
19.9,1.42291,1.17338,1.17333,0.249533
19.905,1.41278,1.17338,1.17333,0.2394
19.91,1.40708,1.17338,1.17333,0.233701
19.915,1.40521,1.17338,1.17333,0.231837
19.92,1.40507,1.17338,1.17333,0.231699
19.925,1.38941,1.17337,1.17332,0.216036
19.93,1.36196,1.17337,1.17332,0.188592
19.935,1.35426,1.17337,1.17332,0.180889
19.94,1.36222,1.17337,1.17332,0.188851
19.945,1.37292,1.17337,1.17332,0.199556
19.95,1.38081,1.17336,1.17331,0.207449
19.955,1.3871,1.17336,1.17331,0.213742
19.96,1.39234,1.17336,1.17331,0.218986
19.965,1.37957,1.17336,1.17331,0.206214
19.97,1.38915,1.17335,1.1733,0.215801
19.975,1.40373,1.17335,1.1733,0.230383
19.98,1.408,1.17335,1.1733,0.234653
19.985,1.40628,1.17334,1.17329,0.232937
19.99,1.39013,1.17334,1.17329,0.216793
19.995,1.3901,1.17334,1.17329,0.216761
20,1.40858,1.17333,1.17328,0.235251
20.005,1.4044,1.17333,1.17328,0.231067
20.01,1.4151,1.17333,1.17328,0.241778
20.015,1.4136,1.17332,1.17327,0.240276
20.02,1.40878,1.17332,1.17327,0.23546
20.025,1.40631,1.17332,1.17327,0.232997
20.03,1.39195,1.17331,1.17326,0.218636
20.035,1.39152,1.17331,1.17326,0.218212
20.04,1.3973,1.1733,1.17325,0.223997
20.045,1.39029,1.1733,1.17325,0.216988
20.05,1.39782,1.1733,1.17325,0.224526
20.055,1.42549,1.17329,1.17324,0.252201
20.06,1.42826,1.17329,1.17324,0.25497
20.065,1.4234,1.17328,1.17323,0.250119
20.07,1.40837,1.17328,1.17323,0.235097
20.075,1.40399,1.17327,1.17322,0.230716
20.08,1.39852,1.17327,1.17322,0.225256
20.085,1.39019,1.17326,1.17321,0.216927
20.09,1.39327,1.17326,1.17321,0.220014
20.095,1.4035,1.17325,1.1732,0.230248
20.1,1.41022,1.17325,1.1732,0.236971
20.105,1.39864,1.17324,1.17319,0.225394
20.11,1.40318,1.17324,1.17318,0.229946
20.115,1.40589,1.17323,1.17318,0.23266
20.12,1.4114,1.17322,1.17317,0.238171
20.125,1.39042,1.17322,1.17317,0.217206
20.13,1.37782,1.17321,1.17316,0.204612
20.135,1.37522,1.17321,1.17315,0.202017
20.14,1.39353,1.1732,1.17315,0.220331
20.145,1.40702,1.17319,1.17314,0.233822
20.15,1.41311,1.17319,1.17314,0.239919
20.155,1.41231,1.17318,1.17313,0.23913
20.16,1.41178,1.17317,1.17312,0.238609
20.165,1.40404,1.17317,1.17312,0.230875
20.17,1.39226,1.17316,1.17311,0.219103
20.175,1.40719,1.17315,1.1731,0.23404
20.18,1.43546,1.17315,1.1731,0.262317
20.185,1.44359,1.17314,1.17309,0.270445
20.19,1.44941,1.17313,1.17308,0.276274
20.195,1.43716,1.17313,1.17307,0.264029
20.2,1.43814,1.17312,1.17307,0.265016
20.205,1.44249,1.17311,1.17306,0.269378
20.21,1.43653,1.1731,1.17305,0.26343
20.215,1.44169,1.1731,1.17304,0.268595
20.22,1.43472,1.17309,1.17304,0.261634
20.225,1.4356,1.17308,1.17303,0.262518
20.23,1.42184,1.17307,1.17302,0.248771
20.235,1.40525,1.17306,1.17301,0.232188
20.24,1.40151,1.17306,1.173,0.228451
20.245,1.4047,1.17305,1.173,0.231648
20.25,1.40189,1.17304,1.17299,0.228847
20.255,1.41059,1.17303,1.17298,0.237556
20.26,1.40474,1.17302,1.17297,0.231718
20.265,1.41061,1.17301,1.17296,0.237591
20.27,1.42674,1.17301,1.17295,0.253737
20.275,1.42986,1.173,1.17294,0.256863
20.28,1.43419,1.17299,1.17293,0.2612
20.285,1.43547,1.17298,1.17293,0.262496
20.29,1.43722,1.17297,1.17292,0.264255
20.295,1.4345,1.17296,1.17291,0.261541
20.3,1.44492,1.17295,1.1729,0.271964
20.305,1.46046,1.17294,1.17289,0.287515
20.31,1.47372,1.17293,1.17288,0.300786
20.315,1.47428,1.17292,1.17287,0.301359
20.32,1.46969,1.17291,1.17286,0.296778
20.325,1.46331,1.1729,1.17285,0.290402
20.33,1.4529,1.17289,1.17284,0.280008
20.335,1.44887,1.17288,1.17283,0.275983
20.34,1.44397,1.17287,1.17282,0.271097
20.345,1.46356,1.17286,1.17281,0.290694
20.35,1.46396,1.17285,1.1728,0.291103
20.355,1.45754,1.17284,1.17279,0.284695
20.36,1.44398,1.17283,1.17278,0.271144
20.365,1.44651,1.17282,1.17277,0.273691
20.37,1.44987,1.17281,1.17276,0.277061
20.375,1.45746,1.1728,1.17274,0.284664
20.38,1.4646,1.17279,1.17273,0.291815
20.385,1.47748,1.17278,1.17272,0.3047
20.39,1.48009,1.17277,1.17271,0.307326
20.395,1.46413,1.17276,1.1727,0.291376
20.4,1.45854,1.17274,1.17269,0.285799
20.405,1.4717,1.17273,1.17268,0.298964
20.41,1.47316,1.17272,1.17267,0.30044
20.415,1.4678,1.17271,1.17265,0.295094
20.42,1.46434,1.1727,1.17264,0.29164
20.425,1.45536,1.17269,1.17263,0.282669
20.43,1.44743,1.17268,1.17262,0.27475
20.435,1.4383,1.17266,1.17261,0.265641
20.44,1.42157,1.17265,1.17259,0.24892
20.445,1.4191,1.17264,1.17258,0.246465
20.45,1.42486,1.17263,1.17257,0.252233
20.455,1.43115,1.17261,1.17256,0.258539
20.46,1.43743,1.1726,1.17254,0.264833
20.465,1.45171,1.17259,1.17253,0.279123
20.47,1.45632,1.17258,1.17252,0.283743
20.475,1.45669,1.17256,1.17251,0.284121
20.48,1.44979,1.17255,1.17249,0.277237
20.485,1.43525,1.17254,1.17248,0.262716
20.49,1.42936,1.17253,1.17247,0.256837
20.495,1.42332,1.17251,1.17245,0.250808
20.5,1.42641,1.1725,1.17244,0.253907
20.505,1.43878,1.17249,1.17243,0.266295
20.51,1.44836,1.17247,1.17241,0.275886
20.515,1.45562,1.17246,1.1724,0.283164
20.52,1.45959,1.17245,1.17239,0.287145
20.525,1.46496,1.17243,1.17237,0.292532
20.53,1.47503,1.17242,1.17236,0.302615
20.535,1.47124,1.1724,1.17235,0.298831
20.54,1.47036,1.17239,1.17233,0.297968
20.545,1.47181,1.17238,1.17232,0.299435
20.55,1.47369,1.17236,1.1723,0.301325
20.555,1.47313,1.17235,1.17229,0.300787
20.56,1.46614,1.17233,1.17227,0.293809
20.565,1.46871,1.17232,1.17226,0.296387
20.57,1.47616,1.1723,1.17224,0.303861
20.575,1.47613,1.17229,1.17223,0.303839
20.58,1.46735,1.17227,1.17222,0.295078
20.585,1.46209,1.17226,1.1722,0.289831
20.59,1.46635,1.17225,1.17219,0.294107
20.595,1.49722,1.17223,1.17217,0.324988
20.6,1.50938,1.17221,1.17216,0.33717
20.605,1.49437,1.1722,1.17214,0.32217
20.61,1.47904,1.17218,1.17212,0.306855
20.615,1.47744,1.17217,1.17211,0.305271
20.62,1.49131,1.17215,1.17209,0.319152
20.625,1.50022,1.17214,1.17208,0.328083
20.63,1.48722,1.17212,1.17206,0.315098
20.635,1.46614,1.17211,1.17205,0.294038
20.64,1.46253,1.17209,1.17203,0.290439
20.645,1.47691,1.17207,1.17201,0.304838
20.65,1.49957,1.17206,1.172,0.327511
20.655,1.51661,1.17204,1.17198,0.344564
20.66,1.50983,1.17203,1.17197,0.337809
20.665,1.48424,1.17201,1.17195,0.312226
20.67,1.45731,1.17199,1.17193,0.285312
20.675,1.43845,1.17198,1.17192,0.266473
20.68,1.43104,1.17196,1.1719,0.259081
20.685,1.4195,1.17194,1.17188,0.247559
20.69,1.41424,1.17193,1.17186,0.242313
20.695,1.41812,1.17191,1.17185,0.246206
20.7,1.43534,1.17189,1.17183,0.263447
20.705,1.45864,1.17188,1.17181,0.286764
20.71,1.47249,1.17186,1.1718,0.300627
20.715,1.48935,1.17184,1.17178,0.317505
20.72,1.487,1.17182,1.17176,0.315174
20.725,1.4845,1.17181,1.17174,0.312699
20.73,1.46641,1.17179,1.17173,0.294625
20.735,1.47094,1.17177,1.17171,0.299171
20.74,1.49562,1.17175,1.17169,0.323872
20.745,1.50279,1.17174,1.17167,0.331057
20.75,1.48454,1.17172,1.17165,0.312819
20.755,1.46892,1.1717,1.17164,0.297222
20.76,1.47502,1.17168,1.17162,0.303335
20.765,1.48336,1.17166,1.1716,0.311697
20.77,1.49959,1.17164,1.17158,0.327945
20.775,1.50012,1.17163,1.17156,0.328494
20.78,1.48641,1.17161,1.17154,0.314801
20.785,1.4571,1.17159,1.17153,0.285515
20.79,1.44204,1.17157,1.17151,0.270465
20.795,1.44261,1.17155,1.17149,0.271061
20.8,1.46252,1.17153,1.17147,0.290984
20.805,1.47717,1.17151,1.17145,0.305659
20.81,1.47431,1.17149,1.17143,0.302811
20.815,1.47465,1.17148,1.17141,0.303174
20.82,1.46217,1.17146,1.17139,0.29071
20.825,1.44894,1.17144,1.17137,0.277501
20.83,1.44788,1.17142,1.17135,0.276465
20.835,1.45465,1.1714,1.17133,0.283248
20.84,1.47268,1.17138,1.17131,0.301304
20.845,1.47376,1.17136,1.17129,0.302403
20.85,1.47515,1.17134,1.17127,0.303815
20.855,1.47282,1.17132,1.17125,0.3015
20.86,1.47304,1.1713,1.17123,0.301743
20.865,1.48629,1.17128,1.17121,0.315011
20.87,1.49403,1.17126,1.17119,0.322772
20.875,1.48218,1.17124,1.17117,0.310941
20.88,1.46859,1.17122,1.17115,0.297371
20.885,1.46841,1.1712,1.17113,0.297212
20.89,1.49153,1.17118,1.17111,0.320349
20.895,1.51359,1.17116,1.17109,0.342433
20.9,1.52229,1.17114,1.17107,0.351157
20.905,1.52423,1.17111,1.17105,0.353116
20.91,1.52094,1.17109,1.17103,0.349847
20.915,1.52151,1.17107,1.17101,0.350437
20.92,1.48904,1.17105,1.17098,0.317985
20.925,1.46408,1.17103,1.17096,0.293052
20.93,1.45151,1.17101,1.17094,0.280498
20.935,1.43614,1.17099,1.17092,0.265156
20.94,1.44161,1.17097,1.1709,0.270646
20.945,1.43522,1.17094,1.17088,0.264277
20.95,1.44695,1.17092,1.17085,0.27603
20.955,1.47602,1.1709,1.17083,0.30512
20.96,1.48034,1.17088,1.17081,0.309466
20.965,1.47905,1.17086,1.17079,0.308197
20.97,1.47072,1.17084,1.17077,0.299885
20.975,1.48389,1.17081,1.17074,0.313081
20.98,1.5024,1.17079,1.17072,0.331607
20.985,1.51666,1.17077,1.1707,0.345888
20.99,1.51787,1.17075,1.17068,0.347123
20.995,1.50031,1.17072,1.17065,0.329582
21,1.48466,1.1707,1.17063,0.313957
21.005,1.49271,1.17068,1.17061,0.322037
21.01,1.50699,1.17066,1.17059,0.336334
21.015,1.51073,1.17063,1.17056,0.340097
21.02,1.50893,1.17061,1.17054,0.338321
21.025,1.49424,1.17059,1.17052,0.32365
21.03,1.48575,1.17056,1.17049,0.315187
21.035,1.47342,1.17054,1.17047,0.302884
21.04,1.45678,1.17052,1.17045,0.286258
21.045,1.44964,1.17049,1.17042,0.279147
21.05,1.45552,1.17047,1.1704,0.285046
21.055,1.45683,1.17045,1.17038,0.286384
21.06,1.45926,1.17042,1.17035,0.288832
21.065,1.46326,1.1704,1.17033,0.292857
21.07,1.47794,1.17038,1.1703,0.30756
21.075,1.48857,1.17035,1.17028,0.318222
21.08,1.48965,1.17033,1.17026,0.319322
21.085,1.48593,1.1703,1.17023,0.315622
21.09,1.48322,1.17028,1.17021,0.312942
21.095,1.48362,1.17025,1.17018,0.313361
21.1,1.4931,1.17023,1.17016,0.322867
21.105,1.51653,1.17021,1.17013,0.34632
21.11,1.52595,1.17018,1.17011,0.355765
21.115,1.51648,1.17016,1.17008,0.346326
21.12,1.48107,1.17013,1.17006,0.310936
21.125,1.45469,1.17011,1.17003,0.284586
21.13,1.46216,1.17008,1.17001,0.292082
21.135,1.47516,1.17006,1.16998,0.305099
21.14,1.47386,1.17003,1.16996,0.303829
21.145,1.48446,1.17001,1.16993,0.31445
21.15,1.4899,1.16998,1.16991,0.319914
21.155,1.49652,1.16996,1.16988,0.326565
21.16,1.49877,1.16993,1.16986,0.328841
21.165,1.48584,1.1699,1.16983,0.315933
21.17,1.49701,1.16988,1.1698,0.32713
21.175,1.50927,1.16985,1.16978,0.33942
21.18,1.51925,1.16983,1.16975,0.349419
21.185,1.5186,1.1698,1.16973,0.348802
21.19,1.52136,1.16978,1.1697,0.351587
21.195,1.51671,1.16975,1.16967,0.346963
21.2,1.51789,1.16972,1.16965,0.348172
21.205,1.51157,1.1697,1.16962,0.341876
21.21,1.52042,1.16967,1.1696,0.350748
21.215,1.5227,1.16964,1.16957,0.353053
21.22,1.52084,1.16962,1.16954,0.351223
21.225,1.50641,1.16959,1.16951,0.336822
21.23,1.50277,1.16956,1.16949,0.33321
21.235,1.50063,1.16954,1.16946,0.331094
21.24,1.51803,1.16951,1.16943,0.348519
21.245,1.52247,1.16948,1.16941,0.352985
21.25,1.53173,1.16946,1.16938,0.362276
21.255,1.53469,1.16943,1.16935,0.365265
21.26,1.52278,1.1694,1.16932,0.353376
21.265,1.50464,1.16937,1.1693,0.335268
21.27,1.48594,1.16935,1.16927,0.316592
21.275,1.47645,1.16932,1.16924,0.307131
21.28,1.48227,1.16929,1.16921,0.312975
21.285,1.48136,1.16926,1.16919,0.3121
21.29,1.48364,1.16924,1.16916,0.314408
21.295,1.48031,1.16921,1.16913,0.3111
21.3,1.48431,1.16918,1.1691,0.315129
21.305,1.48286,1.16915,1.16907,0.313703
21.31,1.47461,1.16912,1.16905,0.305482
21.315,1.45185,1.1691,1.16902,0.282752
21.32,1.43539,1.16907,1.16899,0.266325
21.325,1.44751,1.16904,1.16896,0.278466
21.33,1.46227,1.16901,1.16893,0.293259
21.335,1.4722,1.16898,1.1689,0.303218
21.34,1.48123,1.16895,1.16887,0.312276
21.345,1.5016,1.16892,1.16884,0.332672
21.35,1.53295,1.1689,1.16882,0.364059
21.355,1.52627,1.16887,1.16879,0.357402
21.36,1.52021,1.16884,1.16876,0.351376
21.365,1.5042,1.16881,1.16873,0.335395
21.37,1.50024,1.16878,1.1687,0.331457
21.375,1.50503,1.16875,1.16867,0.336278
21.38,1.50762,1.16872,1.16864,0.338903
21.385,1.52438,1.16869,1.16861,0.355691
21.39,1.53211,1.16866,1.16858,0.363452
21.395,1.53155,1.16863,1.16855,0.362919
21.4,1.51615,1.1686,1.16852,0.347543
21.405,1.4998,1.16857,1.16849,0.33123
21.41,1.46895,1.16854,1.16846,0.300408
21.415,1.45037,1.16851,1.16843,0.281862
21.42,1.44585,1.16848,1.1684,0.277366
21.425,1.456,1.16845,1.16837,0.28755
21.43,1.4712,1.16842,1.16834,0.30278
21.435,1.47746,1.16839,1.16831,0.309069
21.44,1.46762,1.16836,1.16828,0.299259
21.445,1.46559,1.16833,1.16825,0.297264
21.45,1.46467,1.1683,1.16822,0.296369
21.455,1.46396,1.16827,1.16819,0.295688
21.46,1.48758,1.16824,1.16815,0.319337
21.465,1.51533,1.16821,1.16812,0.347122
21.47,1.52965,1.16818,1.16809,0.361478
21.475,1.53105,1.16815,1.16806,0.362904
21.48,1.51766,1.16811,1.16803,0.349541
21.485,1.51907,1.16808,1.168,0.350988
21.49,1.5276,1.16805,1.16797,0.359547
21.495,1.5171,1.16802,1.16794,0.349082
21.5,1.5156,1.16799,1.1679,0.347612
21.505,1.50434,1.16796,1.16787,0.336382
21.51,1.50807,1.16793,1.16784,0.340139
21.515,1.50301,1.16789,1.16781,0.335111
21.52,1.47961,1.16786,1.16778,0.311752
21.525,1.46025,1.16783,1.16774,0.292416
21.53,1.46017,1.1678,1.16771,0.292373
21.535,1.46199,1.16777,1.16768,0.294224
21.54,1.4617,1.16773,1.16765,0.293966
21.545,1.45226,1.1677,1.16761,0.284561
21.55,1.43608,1.16767,1.16758,0.26841
21.555,1.44964,1.16764,1.16755,0.282007
21.56,1.46674,1.1676,1.16752,0.299138
21.565,1.47617,1.16757,1.16748,0.308595
21.57,1.47121,1.16754,1.16745,0.303671
21.575,1.45313,1.16751,1.16742,0.28562
21.58,1.45466,1.16747,1.16738,0.287185
21.585,1.4665,1.16744,1.16735,0.299056
21.59,1.4764,1.16741,1.16732,0.30899
21.595,1.4728,1.16738,1.16729,0.305426
21.6,1.46197,1.16734,1.16725,0.294626
21.605,1.45699,1.16731,1.16722,0.28968
21.61,1.46556,1.16728,1.16718,0.298288
21.615,1.47505,1.16724,1.16715,0.307807
21.62,1.48326,1.16721,1.16712,0.316053
21.625,1.48159,1.16717,1.16708,0.314418
21.63,1.49227,1.16714,1.16705,0.325131
21.635,1.50473,1.16711,1.16702,0.337627
21.64,1.52392,1.16707,1.16698,0.356851
21.645,1.54032,1.16704,1.16695,0.373282
21.65,1.53716,1.16701,1.16691,0.370154
21.655,1.5327,1.16697,1.16688,0.36573
21.66,1.52615,1.16694,1.16684,0.359214
21.665,1.53013,1.1669,1.16681,0.363224
21.67,1.53836,1.16687,1.16677,0.371489
21.675,1.54099,1.16683,1.16674,0.374158
21.68,1.53999,1.1668,1.16671,0.373188
21.685,1.53156,1.16676,1.16667,0.364793
21.69,1.52698,1.16673,1.16664,0.360253
21.695,1.51815,1.1667,1.1666,0.35145
21.7,1.52119,1.16666,1.16657,0.354527
21.705,1.53711,1.16663,1.16653,0.370483
21.71,1.5604,1.16659,1.16649,0.39381
21.715,1.58092,1.16655,1.16646,0.414367
21.72,1.56754,1.16652,1.16642,0.401015
21.725,1.5463,1.16649,1.16639,0.379812
21.73,1.51725,1.16646,1.16635,0.350794
21.735,1.50529,1.16642,1.16632,0.338865
21.74,1.49713,1.16639,1.16628,0.330745
21.745,1.49148,1.16635,1.16625,0.325133
21.75,1.48365,1.16631,1.16621,0.317339
21.755,1.49157,1.16628,1.16617,0.325291
21.76,1.50127,1.16624,1.16614,0.335025
21.765,1.51147,1.16621,1.1661,0.345265
21.77,1.51941,1.16617,1.16606,0.353239
21.775,1.51607,1.16613,1.16603,0.349932
21.78,1.53303,1.1661,1.16599,0.366933
21.785,1.53789,1.16606,1.16595,0.371826
21.79,1.5341,1.16603,1.16592,0.368079
21.795,1.51677,1.16599,1.16588,0.350777
21.8,1.51663,1.16595,1.16584,0.350681
21.805,1.52981,1.16592,1.16581,0.363897
21.81,1.54909,1.16588,1.16577,0.383206
21.815,1.53497,1.16584,1.16573,0.369126
21.82,1.51392,1.16581,1.1657,0.348112
21.825,1.50591,1.16577,1.16566,0.34014
21.83,1.48644,1.16573,1.16562,0.320704
21.835,1.47598,1.16569,1.16558,0.310288
21.84,1.47452,1.16566,1.16555,0.308865
21.845,1.47654,1.16562,1.16551,0.310924
21.85,1.4959,1.16558,1.16547,0.330317
21.855,1.51522,1.16554,1.16543,0.349673
21.86,1.53728,1.16551,1.1654,0.37177
21.865,1.55118,1.16547,1.16536,0.385707
21.87,1.54747,1.16543,1.16532,0.382038
21.875,1.54382,1.16539,1.16528,0.378426
21.88,1.53306,1.16536,1.16524,0.367699
21.885,1.51774,1.16532,1.16521,0.352419
21.89,1.51063,1.16528,1.16517,0.345354
21.895,1.52497,1.16524,1.16513,0.359725
21.9,1.53308,1.1652,1.16509,0.367876
21.905,1.54543,1.16517,1.16505,0.380261
21.91,1.53217,1.16513,1.16501,0.367044
21.915,1.51932,1.16509,1.16497,0.354235
21.92,1.51012,1.16505,1.16494,0.345073
21.925,1.48904,1.16501,1.1649,0.32403
21.93,1.45739,1.16497,1.16486,0.292416
21.935,1.44402,1.16493,1.16482,0.279083
21.94,1.45137,1.1649,1.16478,0.286477
21.945,1.47634,1.16486,1.16474,0.311481
21.95,1.48409,1.16482,1.1647,0.319272
21.955,1.47729,1.16478,1.16466,0.312514
21.96,1.47082,1.16474,1.16462,0.306078
21.965,1.47447,1.1647,1.16458,0.309767
21.97,1.4816,1.16466,1.16454,0.316937
21.975,1.48871,1.16462,1.1645,0.324092
21.98,1.50549,1.16458,1.16446,0.34091
21.985,1.51288,1.16454,1.16442,0.348339
21.99,1.51294,1.1645,1.16438,0.348435
21.995,1.52328,1.16446,1.16434,0.358814
22,1.52313,1.16442,1.1643,0.358706
22.005,1.52054,1.16438,1.16426,0.356162
22.01,1.50074,1.16434,1.16422,0.336401
22.015,1.49123,1.1643,1.16418,0.326931
22.02,1.47726,1.16426,1.16414,0.313
22.025,1.47398,1.16422,1.1641,0.309761
22.03,1.46502,1.16418,1.16406,0.300833
22.035,1.45869,1.16414,1.16402,0.294552
22.04,1.45554,1.1641,1.16398,0.291439
22.045,1.47655,1.16406,1.16394,0.312493
22.05,1.4984,1.16402,1.1639,0.33438
22.055,1.49119,1.16398,1.16385,0.32721
22.06,1.47103,1.16394,1.16381,0.307094
22.065,1.46619,1.1639,1.16377,0.302294
22.07,1.46642,1.16386,1.16373,0.30256
22.075,1.46454,1.16382,1.16369,0.30072
22.08,1.46656,1.16377,1.16365,0.302782
22.085,1.46796,1.16373,1.16361,0.304231
22.09,1.47068,1.16369,1.16356,0.306988
22.095,1.46728,1.16365,1.16352,0.30363
22.1,1.45999,1.16361,1.16348,0.296384
22.105,1.46376,1.16357,1.16344,0.300194
22.11,1.46844,1.16353,1.1634,0.304919
22.115,1.46021,1.16348,1.16336,0.296724
22.12,1.45226,1.16344,1.16331,0.288815
22.125,1.45007,1.1634,1.16327,0.286675
22.13,1.45924,1.16336,1.16323,0.295885
22.135,1.46883,1.16332,1.16319,0.305511
22.14,1.47183,1.16327,1.16314,0.308557
22.145,1.48045,1.16323,1.1631,0.317217
22.15,1.502,1.16319,1.16306,0.338805
22.155,1.51301,1.16315,1.16302,0.349858
22.16,1.51311,1.16311,1.16297,0.350009
22.165,1.49886,1.16306,1.16293,0.335794
22.17,1.50496,1.16302,1.16289,0.341943
22.175,1.5091,1.16298,1.16284,0.34612
22.18,1.5088,1.16293,1.1628,0.345866
22.185,1.50431,1.16289,1.16276,0.341422
22.19,1.50888,1.16285,1.16271,0.34603
22.195,1.5176,1.16281,1.16267,0.354789
22.2,1.5263,1.16276,1.16263,0.363542
22.205,1.53274,1.16272,1.16258,0.370021
22.21,1.51498,1.16268,1.16254,0.3523
22.215,1.49224,1.16263,1.1625,0.329606
22.22,1.48232,1.16259,1.16245,0.319734
22.225,1.48926,1.16255,1.16241,0.326708
22.23,1.50214,1.1625,1.16237,0.339641
22.235,1.50297,1.16246,1.16232,0.340509
22.24,1.50081,1.16242,1.16228,0.338398
22.245,1.48578,1.16237,1.16223,0.323408
22.25,1.47285,1.16233,1.16219,0.310523
22.255,1.46097,1.16228,1.16214,0.29868
22.26,1.4601,1.16224,1.1621,0.29786
22.265,1.46662,1.1622,1.16206,0.30442
22.27,1.46848,1.16215,1.16201,0.306325
22.275,1.47266,1.16211,1.16197,0.310555
22.28,1.47957,1.16206,1.16192,0.317504
22.285,1.47879,1.16202,1.16188,0.316766
22.29,1.47818,1.16198,1.16183,0.316206
22.295,1.46163,1.16193,1.16179,0.299702
22.3,1.43964,1.16189,1.16174,0.277758
22.305,1.4224,1.16184,1.1617,0.260557
22.31,1.42374,1.1618,1.16165,0.261938
22.315,1.45555,1.16175,1.16161,0.293802
22.32,1.47595,1.16171,1.16156,0.314247
22.325,1.47213,1.16166,1.16151,0.310467
22.33,1.4671,1.16162,1.16147,0.30548
22.335,1.46245,1.16157,1.16142,0.30088
22.34,1.45093,1.16153,1.16138,0.2894
22.345,1.44623,1.16148,1.16133,0.284749
22.35,1.45081,1.16144,1.16129,0.289376
22.355,1.46522,1.16139,1.16124,0.303829
22.36,1.47882,1.16135,1.16119,0.317475
22.365,1.48474,1.1613,1.16115,0.323444
22.37,1.48952,1.16125,1.1611,0.328268
22.375,1.49821,1.16121,1.16106,0.336999
22.38,1.49648,1.16116,1.16101,0.335317
22.385,1.48095,1.16112,1.16096,0.31983
22.39,1.4744,1.16107,1.16092,0.313327
22.395,1.46099,1.16102,1.16087,0.299962
22.4,1.46635,1.16098,1.16082,0.305371
22.405,1.47114,1.16093,1.16078,0.310203
22.41,1.48022,1.16089,1.16073,0.319334
22.415,1.48427,1.16084,1.16068,0.323428
22.42,1.47732,1.16079,1.16064,0.316523
22.425,1.48505,1.16075,1.16059,0.324305
22.43,1.48994,1.1607,1.16054,0.32924
22.435,1.48391,1.16065,1.16049,0.323254
22.44,1.46686,1.16061,1.16045,0.306254
22.445,1.45621,1.16056,1.1604,0.295654
22.45,1.46662,1.16051,1.16035,0.306111
22.455,1.47565,1.16047,1.1603,0.31518
22.46,1.47287,1.16042,1.16026,0.312453
22.465,1.47753,1.16037,1.16021,0.317159
22.47,1.47453,1.16033,1.16016,0.314206
22.475,1.46497,1.16028,1.16011,0.304696
22.48,1.45538,1.16023,1.16007,0.295151
22.485,1.45622,1.16018,1.16002,0.296035
22.49,1.46284,1.16014,1.15997,0.302708
22.495,1.4751,1.16009,1.15992,0.315008
22.5,1.47902,1.16004,1.15987,0.318978
22.505,1.49029,1.15999,1.15982,0.330302
22.51,1.51253,1.15995,1.15978,0.352588
22.515,1.5313,1.1599,1.15973,0.371406
22.52,1.5372,1.15985,1.15968,0.377351
22.525,1.53039,1.1598,1.15963,0.370592
22.53,1.52373,1.15975,1.15958,0.363978
22.535,1.50382,1.15971,1.15953,0.344117
22.54,1.50211,1.15966,1.15948,0.34245
22.545,1.50986,1.15961,1.15944,0.350253
22.55,1.52152,1.15956,1.15939,0.361962
22.555,1.53972,1.15951,1.15934,0.380208
22.56,1.53717,1.15946,1.15929,0.377707
22.565,1.5383,1.15942,1.15924,0.378884
22.57,1.54299,1.15937,1.15919,0.383624
22.575,1.54035,1.15932,1.15914,0.381036
22.58,1.52254,1.15927,1.15909,0.363271
22.585,1.5135,1.15922,1.15904,0.354279
22.59,1.50951,1.15917,1.15899,0.35034
22.595,1.51047,1.15912,1.15894,0.351348
22.6,1.50223,1.15907,1.15889,0.343159
22.605,1.48823,1.15902,1.15884,0.329202
22.61,1.48041,1.15898,1.15879,0.321433
22.615,1.47818,1.15893,1.15874,0.319258
22.62,1.48322,1.15888,1.15869,0.324343
22.625,1.47821,1.15883,1.15864,0.319382
22.63,1.4867,1.15878,1.15859,0.327926
22.635,1.47685,1.15873,1.15854,0.318122
22.64,1.47322,1.15868,1.15849,0.314543
22.645,1.46796,1.15863,1.15844,0.309332
22.65,1.46945,1.15858,1.15839,0.310874
22.655,1.46733,1.15853,1.15834,0.308797
22.66,1.46257,1.15848,1.15829,0.304092
22.665,1.45569,1.15843,1.15824,0.297263
22.67,1.44199,1.15838,1.15819,0.283606
22.675,1.43542,1.15833,1.15814,0.277088
22.68,1.4513,1.15828,1.15808,0.293023
22.685,1.4683,1.15823,1.15803,0.310075
22.69,1.47722,1.15818,1.15798,0.319041
22.695,1.47723,1.15813,1.15793,0.319106
22.7,1.47359,1.15808,1.15788,0.315509
22.705,1.46987,1.15803,1.15783,0.311846
22.71,1.4654,1.15798,1.15778,0.307424
22.715,1.4555,1.15793,1.15773,0.297577
22.72,1.44865,1.15787,1.15767,0.290777
22.725,1.44919,1.15782,1.15762,0.291365
22.73,1.44664,1.15777,1.15757,0.288869
22.735,1.44241,1.15772,1.15752,0.284685
22.74,1.45224,1.15767,1.15747,0.294564
22.745,1.46557,1.15762,1.15741,0.307947
22.75,1.48995,1.15757,1.15736,0.332385
22.755,1.49161,1.15752,1.15731,0.33409
22.76,1.48055,1.15747,1.15726,0.323089
22.765,1.45977,1.15741,1.15721,0.302353
22.77,1.45114,1.15736,1.15715,0.293778
22.775,1.43069,1.15731,1.1571,0.273381
22.78,1.43285,1.15726,1.15705,0.275594
22.785,1.44186,1.15721,1.157,0.284656
22.79,1.43604,1.15716,1.15694,0.278879
22.795,1.43862,1.15711,1.15689,0.281511
22.8,1.41566,1.15705,1.15684,0.258607
22.805,1.40918,1.157,1.15678,0.252177
22.81,1.4206,1.15695,1.15673,0.263649
22.815,1.43863,1.1569,1.15668,0.281733
22.82,1.45687,1.15685,1.15662,0.300026
22.825,1.46967,1.15679,1.15657,0.312877
22.83,1.47509,1.15674,1.15652,0.318348
22.835,1.48115,1.15669,1.15646,0.324458
22.84,1.49155,1.15664,1.15641,0.334917
22.845,1.49052,1.15658,1.15636,0.333939
22.85,1.49548,1.15653,1.1563,0.338946
22.855,1.50085,1.15648,1.15625,0.344369
22.86,1.48425,1.15643,1.1562,0.327828
22.865,1.45796,1.15637,1.15614,0.301591
22.87,1.42864,1.15632,1.15609,0.272315
22.875,1.42946,1.15627,1.15603,0.273192
22.88,1.44444,1.15621,1.15598,0.288226
22.885,1.46232,1.15616,1.15593,0.306157
22.89,1.45563,1.15611,1.15587,0.299524
22.895,1.45081,1.15606,1.15582,0.29475
22.9,1.45473,1.156,1.15576,0.298726
22.905,1.46258,1.15595,1.15571,0.306631
22.91,1.45156,1.1559,1.15565,0.295659
22.915,1.43921,1.15584,1.1556,0.283364
22.92,1.42345,1.15579,1.15555,0.26766
22.925,1.42624,1.15574,1.15549,0.27051
22.93,1.43172,1.15568,1.15544,0.276035
22.935,1.43031,1.15563,1.15538,0.274685
22.94,1.43551,1.15557,1.15533,0.279938
22.945,1.43657,1.15552,1.15527,0.28105
22.95,1.42532,1.15547,1.15522,0.269855
22.955,1.41948,1.15541,1.15516,0.264064
22.96,1.41034,1.15542,1.15511,0.254916
22.965,1.42731,1.15537,1.15505,0.271938
22.97,1.43769,1.15532,1.15499,0.282374
22.975,1.43841,1.15526,1.15494,0.283151
22.98,1.44516,1.15521,1.15488,0.289956
22.985,1.44192,1.15515,1.15483,0.286767
22.99,1.44284,1.1551,1.15477,0.287737
22.995,1.4429,1.15504,1.15472,0.287852
23,1.43818,1.15499,1.15466,0.283189
23.005,1.44109,1.15494,1.1546,0.286152
23.01,1.47126,1.15488,1.15455,0.316379
23.015,1.4854,1.15483,1.15449,0.330574
23.02,1.48401,1.15477,1.15444,0.329237
23.025,1.4847,1.15472,1.15438,0.329979
23.03,1.47122,1.15466,1.15432,0.316558
23.035,1.46783,1.15461,1.15427,0.313219
23.04,1.47444,1.15455,1.15421,0.319889
23.045,1.47309,1.1545,1.15415,0.318593
23.05,1.46712,1.15444,1.1541,0.31268
23.055,1.4702,1.15439,1.15404,0.315807
23.06,1.45705,1.15433,1.15398,0.30272
23.065,1.43934,1.15428,1.15393,0.28506
23.07,1.42401,1.15422,1.15387,0.269787
23.075,1.41305,1.15417,1.15381,0.258881
23.08,1.42474,1.15411,1.15376,0.270625
23.085,1.43515,1.15406,1.1537,0.281089
23.09,1.44735,1.154,1.15364,0.293351
23.095,1.4369,1.15395,1.15358,0.282954
23.1,1.42481,1.15389,1.15353,0.270924
23.105,1.42691,1.15383,1.15347,0.273072
23.11,1.43759,1.15378,1.15341,0.283812
23.115,1.45335,1.15372,1.15335,0.299631
23.12,1.45929,1.15367,1.1533,0.305623
23.125,1.46472,1.15361,1.15324,0.311108
23.13,1.47518,1.15356,1.15318,0.321626
23.135,1.47043,1.1535,1.15312,0.316926
23.14,1.46516,1.15344,1.15307,0.311712
23.145,1.46667,1.15339,1.15301,0.313279
23.15,1.46344,1.15333,1.15295,0.310104
23.155,1.44372,1.15328,1.15289,0.290443
23.16,1.41906,1.15322,1.15283,0.265837
23.165,1.40318,1.15316,1.15278,0.250014
23.17,1.39489,1.15311,1.15272,0.241785
23.175,1.38548,1.15305,1.15266,0.232431
23.18,1.38194,1.15299,1.1526,0.228944
23.185,1.37542,1.15294,1.15254,0.222487
23.19,1.40151,1.15288,1.15248,0.248626
23.195,1.4195,1.15282,1.15242,0.266679
23.2,1.43928,1.15277,1.15237,0.286507
23.205,1.44785,1.15271,1.15231,0.29514
23.21,1.46057,1.15265,1.15225,0.30792
23.215,1.44296,1.1526,1.15219,0.29036
23.22,1.4357,1.15254,1.15213,0.283161
23.225,1.43297,1.15248,1.15207,0.280487
23.23,1.43167,1.15243,1.15201,0.279243
23.235,1.42086,1.15237,1.15195,0.268491
23.24,1.41388,1.15231,1.15189,0.261566
23.245,1.4099,1.15226,1.15183,0.257645
23.25,1.40981,1.1522,1.15177,0.257615
23.255,1.41338,1.15214,1.15171,0.261238
23.26,1.42084,1.15209,1.15165,0.268753
23.265,1.43179,1.15203,1.15159,0.279757
23.27,1.42742,1.15197,1.15153,0.275449
23.275,1.4144,1.15191,1.15147,0.262485
23.28,1.40112,1.15186,1.15141,0.24926
23.285,1.38159,1.1518,1.15135,0.229794
23.29,1.39251,1.15174,1.15129,0.240768
23.295,1.4182,1.15168,1.15123,0.26652
23.3,1.43847,1.15163,1.15117,0.286845
23.305,1.45315,1.15157,1.15111,0.301581
23.31,1.46644,1.15151,1.15105,0.314928
23.315,1.4741,1.15145,1.15099,0.322644
23.32,1.47776,1.1514,1.15093,0.326364
23.325,1.46585,1.15134,1.15087,0.314508
23.33,1.4465,1.15128,1.15081,0.295221
23.335,1.43448,1.15122,1.15075,0.283259
23.34,1.41082,1.15117,1.15069,0.25965
23.345,1.37672,1.15111,1.15063,0.22561
23.35,1.37455,1.15105,1.15057,0.223498
23.355,1.37896,1.15099,1.15051,0.227969
23.36,1.382,1.15093,1.15045,0.231062
23.365,1.38592,1.15088,1.15038,0.23504
23.37,1.38966,1.15082,1.15032,0.238842
23.375,1.39859,1.15076,1.15026,0.247832
23.38,1.39512,1.1507,1.1502,0.244422
23.385,1.37811,1.15064,1.15014,0.22747
23.39,1.38216,1.15059,1.15008,0.231577
23.395,1.40108,1.15053,1.15002,0.250556
23.4,1.42984,1.15047,1.14995,0.279365
23.405,1.44106,1.15041,1.14989,0.290645
23.41,1.43777,1.15035,1.14983,0.287415
23.415,1.4279,1.1503,1.14977,0.277609
23.42,1.42175,1.15024,1.14971,0.271516
23.425,1.42639,1.15018,1.14964,0.276211
23.43,1.42296,1.15012,1.14958,0.272835
23.435,1.41106,1.15006,1.14952,0.261001
23.44,1.39402,1.15,1.14946,0.244012
23.445,1.38778,1.14995,1.1494,0.237834
23.45,1.39525,1.14989,1.14933,0.245364
23.455,1.40029,1.14983,1.14927,0.250464
23.46,1.38959,1.14977,1.14921,0.239822
23.465,1.3892,1.14971,1.14915,0.239492
23.47,1.37997,1.14965,1.14908,0.230315
23.475,1.38825,1.1496,1.14902,0.238659
23.48,1.39144,1.14954,1.14896,0.2419
23.485,1.38754,1.14948,1.14889,0.238061
23.49,1.38857,1.14942,1.14883,0.239154
23.495,1.40013,1.14936,1.14877,0.250773
23.5,1.41165,1.1493,1.14871,0.262346
23.505,1.41838,1.14924,1.14864,0.269135
23.51,1.44241,1.14919,1.14858,0.293225
23.515,1.46122,1.14913,1.14852,0.312093
23.52,1.46429,1.14907,1.14845,0.315226
23.525,1.45335,1.14901,1.14839,0.304341
23.53,1.43429,1.14895,1.14833,0.28534
23.535,1.43238,1.14889,1.14826,0.283488
23.54,1.4395,1.14884,1.1482,0.290667
23.545,1.4304,1.14878,1.14813,0.281623
23.55,1.42561,1.14872,1.14807,0.276891
23.555,1.42411,1.14866,1.14801,0.275449
23.56,1.43817,1.1486,1.14794,0.289565
23.565,1.45634,1.14854,1.14788,0.307792
23.57,1.45773,1.14848,1.14782,0.309244
23.575,1.44316,1.14843,1.14775,0.294738
23.58,1.41676,1.14837,1.14769,0.26839
23.585,1.3969,1.14831,1.14762,0.248587
23.59,1.39075,1.14825,1.14756,0.242504
23.595,1.40747,1.14819,1.14749,0.259281
23.6,1.43073,1.14813,1.14743,0.282597
23.605,1.44412,1.14808,1.14737,0.296043
23.61,1.45246,1.14802,1.1473,0.304445
23.615,1.46073,1.14796,1.14724,0.312774
23.62,1.47445,1.1479,1.14717,0.326546
23.625,1.47934,1.14784,1.14711,0.331501
23.63,1.45515,1.14779,1.14704,0.307363
23.635,1.42233,1.14773,1.14698,0.2746
23.64,1.40464,1.14767,1.14691,0.256973
23.645,1.40517,1.14761,1.14685,0.257556
23.65,1.40507,1.14755,1.14678,0.257516
23.655,1.41535,1.1475,1.14672,0.267856
23.66,1.42233,1.14744,1.14665,0.274891
23.665,1.41038,1.14738,1.14659,0.262998
23.67,1.38196,1.14732,1.14652,0.234643
23.675,1.36465,1.14726,1.14645,0.21739
23.68,1.35654,1.14721,1.14639,0.209332
23.685,1.3548,1.14715,1.14632,0.207656
23.69,1.35147,1.14709,1.14626,0.204379
23.695,1.36208,1.14703,1.14619,0.215049
23.7,1.38173,1.14698,1.14613,0.234755
23.705,1.38465,1.14692,1.14606,0.237726
23.71,1.37761,1.14686,1.14599,0.230752
23.715,1.38098,1.14681,1.14593,0.234178
23.72,1.38102,1.14675,1.14586,0.234273
23.725,1.38701,1.14669,1.1458,0.240319
23.73,1.39003,1.14663,1.14573,0.243393
23.735,1.37209,1.14658,1.14566,0.22551
23.74,1.35118,1.14652,1.1456,0.204663
23.745,1.32821,1.14646,1.14553,0.181742
23.75,1.32624,1.14641,1.14546,0.179834
23.755,1.35121,1.14635,1.1454,0.204853
23.76,1.37643,1.1463,1.14533,0.230136
23.765,1.38981,1.14624,1.14526,0.243572
23.77,1.38884,1.14618,1.1452,0.242656
23.775,1.3719,1.14613,1.14513,0.225768
23.78,1.37037,1.14607,1.14506,0.224295
23.785,1.37024,1.14602,1.145,0.224224
23.79,1.38607,1.14596,1.14493,0.240102
23.795,1.38415,1.14591,1.14486,0.23824
23.8,1.38768,1.14585,1.14479,0.241822
23.805,1.3862,1.1458,1.14473,0.240401
23.81,1.37741,1.14574,1.14466,0.231664
23.815,1.34721,1.14569,1.14459,0.20152
23.82,1.33919,1.14564,1.14453,0.193558
23.825,1.33694,1.14558,1.14446,0.191354
23.83,1.35358,1.14553,1.14439,0.20805
23.835,1.36171,1.14548,1.14432,0.216229
23.84,1.36403,1.14543,1.14425,0.218608
23.845,1.35691,1.14537,1.14419,0.21154
23.85,1.33985,1.14532,1.14412,0.194531
23.855,1.32564,1.14527,1.14405,0.180369
23.86,1.32733,1.14522,1.14398,0.182111
23.865,1.33461,1.14517,1.14391,0.18944
23.87,1.34032,1.14512,1.14385,0.195207
23.875,1.34535,1.14507,1.14378,0.200285
23.88,1.35729,1.14502,1.14371,0.212276
23.885,1.37511,1.14497,1.14364,0.230137
23.89,1.37846,1.14492,1.14357,0.233539
23.895,1.37459,1.14487,1.14351,0.229711
23.9,1.37498,1.14483,1.14344,0.230152
23.905,1.38608,1.14478,1.14337,0.241296
23.91,1.38646,1.14474,1.1433,0.241721
23.915,1.37856,1.14469,1.14323,0.233865
23.92,1.36147,1.14465,1.14316,0.216818
23.925,1.36555,1.14461,1.14309,0.220947
23.93,1.38463,1.14457,1.14302,0.240062
23.935,1.39278,1.14453,1.14295,0.248251
23.94,1.40802,1.14449,1.14289,0.263534
23.945,1.40822,1.14445,1.14282,0.263773
23.95,1.40373,1.14441,1.14275,0.25932
23.955,1.39196,1.14438,1.14268,0.247585
23.96,1.38049,1.14434,1.14261,0.236145
23.965,1.38361,1.14431,1.14254,0.239302
23.97,1.38201,1.14428,1.14247,0.237729
23.975,1.37121,1.14425,1.1424,0.226959
23.98,1.35281,1.14423,1.14233,0.208581
23.985,1.35072,1.1442,1.14226,0.206514
23.99,1.34032,1.14418,1.14219,0.196139
23.995,1.32512,1.14416,1.14212,0.180958
24,1.31738,1.14415,1.14205,0.17323
24.005,1.31537,1.14414,1.14198,0.171232
24.01,1.33192,1.14413,1.14191,0.187792
24.015,1.33937,1.14412,1.14184,0.195255
24.02,1.3556,1.14412,1.14177,0.21148
24.025,1.37045,1.14412,1.1417,0.226332
24.03,1.38046,1.14412,1.14163,0.236338
24.035,1.38112,1.14413,1.14156,0.236987
24.04,1.36371,1.14414,1.14149,0.219571
24.045,1.35435,1.14416,1.14142,0.210194
24.05,1.35768,1.14418,1.14135,0.213493
24.055,1.35721,1.14421,1.14128,0.213002
24.06,1.36442,1.14424,1.14121,0.220174
24.065,1.36875,1.14428,1.14114,0.224467
24.07,1.37204,1.14433,1.14107,0.227711
24.075,1.39821,1.14438,1.141,0.253826
24.08,1.40792,1.14444,1.14092,0.263476
24.085,1.41284,1.14451,1.14085,0.26833
24.09,1.41453,1.14458,1.14078,0.269943
24.095,1.40244,1.14467,1.14071,0.257779
24.1,1.38656,1.14476,1.14064,0.241805
24.105,1.37449,1.14486,1.14057,0.229636
24.11,1.36278,1.14497,1.1405,0.217815
24.115,1.34214,1.14508,1.14043,0.197052
24.12,1.33819,1.14521,1.14036,0.192981
24.125,1.34861,1.14535,1.14028,0.203256
24.13,1.36917,1.1455,1.14021,0.223669
24.135,1.39874,1.14566,1.14014,0.253079
24.14,1.4067,1.14584,1.14007,0.260862
24.145,1.40699,1.14602,1.14,0.260964
24.15,1.4026,1.14622,1.13993,0.256375
24.155,1.38138,1.14644,1.13985,0.234946
24.16,1.37623,1.14666,1.13978,0.229574
24.165,1.35707,1.1469,1.13971,0.210167
24.17,1.3543,1.14715,1.13964,0.207145
24.175,1.35842,1.14742,1.13956,0.210998
24.18,1.35246,1.14771,1.13949,0.204753
24.185,1.35811,1.14801,1.13942,0.210103
24.19,1.35126,1.14832,1.13935,0.202938
24.195,1.34251,1.14866,1.13928,0.193854
24.2,1.33456,1.149,1.1392,0.185558
24.205,1.32171,1.14937,1.13913,0.172335
24.21,1.33192,1.14975,1.13906,0.182162
24.215,1.35456,1.15015,1.13899,0.204407
24.22,1.3647,1.15057,1.13891,0.214128
24.225,1.36047,1.15101,1.13884,0.209461
24.23,1.34667,1.15146,1.13877,0.195205
24.235,1.34522,1.15194,1.13869,0.193287
24.24,1.35246,1.15243,1.13862,0.200033
24.245,1.3582,1.15294,1.13855,0.205265
24.25,1.36971,1.15346,1.13847,0.216244
24.255,1.35906,1.15401,1.1384,0.205054
24.26,1.36546,1.15457,1.13833,0.21089
24.265,1.36862,1.15515,1.13826,0.21347
24.27,1.37573,1.15575,1.13818,0.219981
24.275,1.366,1.15637,1.13811,0.209634
24.28,1.36803,1.157,1.13803,0.211021
24.285,1.35967,1.15765,1.13796,0.202019
24.29,1.35074,1.15832,1.13789,0.192415
24.295,1.32213,1.159,1.13781,0.163125
24.3,1.29464,1.1597,1.13774,0.134937
24.305,1.28009,1.16041,1.13767,0.119674
24.31,1.28227,1.16114,1.13759,0.12113
24.315,1.29136,1.16187,1.13752,0.129483
24.32,1.31362,1.16262,1.13744,0.150994
24.325,1.32129,1.16338,1.13737,0.157907
24.33,1.32414,1.16416,1.1373,0.159983
24.335,1.32697,1.16494,1.13722,0.162037
24.34,1.31663,1.16572,1.13715,0.150905
24.345,1.30992,1.16652,1.13707,0.1434
24.35,1.31024,1.16732,1.137,0.142919
24.355,1.33166,1.16812,1.13692,0.163538
24.36,1.34394,1.16893,1.13685,0.175009
24.365,1.35214,1.16974,1.13678,0.182404
24.37,1.34495,1.17054,1.1367,0.174412
24.375,1.33036,1.17135,1.13663,0.159014
24.38,1.31775,1.17215,1.13655,0.145607
24.385,1.31239,1.17294,1.13648,0.139448
24.39,1.3181,1.17373,1.1364,0.144374
24.395,1.33195,1.17451,1.13633,0.157445
24.4,1.33654,1.17527,1.13625,0.161269
24.405,1.33882,1.17603,1.13618,0.162793
24.41,1.34174,1.17676,1.1361,0.164973
24.415,1.3416,1.17748,1.13603,0.16412
24.42,1.31631,1.17818,1.13595,0.138128
24.425,1.30004,1.17886,1.13588,0.121183
24.43,1.31197,1.17951,1.1358,0.132458
24.435,1.32659,1.18014,1.13572,0.14645
24.44,1.32624,1.18073,1.13565,0.145509
24.445,1.32819,1.1813,1.13557,0.146885
24.45,1.33004,1.18183,1.1355,0.148206
24.455,1.32464,1.18233,1.13542,0.142314
24.46,1.31871,1.18279,1.13535,0.135916
24.465,1.3097,1.18321,1.13527,0.126493
24.47,1.31104,1.18359,1.13519,0.127454
24.475,1.31749,1.18392,1.13512,0.133572
24.48,1.31186,1.18421,1.13504,0.127651
24.485,1.31366,1.18445,1.13497,0.129202
24.49,1.32044,1.18465,1.13489,0.135788
24.495,1.33284,1.18479,1.13481,0.14805
24.5,1.35354,1.18489,1.13474,0.16865
24.505,1.36158,1.18493,1.13466,0.176648
24.51,1.35657,1.18493,1.13459,0.17164
24.515,1.33238,1.18487,1.13451,0.147517
24.52,1.32419,1.18476,1.13443,0.139436
24.525,1.31941,1.18459,1.13436,0.13482
24.53,1.32438,1.18438,1.13428,0.139996
24.535,1.33829,1.18411,1.1342,0.154181
24.54,1.3504,1.1838,1.13413,0.166603
24.545,1.35385,1.18343,1.13405,0.170414
24.55,1.34328,1.18302,1.13397,0.160257
24.555,1.33122,1.18257,1.1339,0.14865
24.56,1.32612,1.18206,1.13382,0.144059
24.565,1.32366,1.18152,1.13374,0.142146
24.57,1.3048,1.18093,1.13366,0.123867
24.575,1.29431,1.18031,1.13359,0.114009
24.58,1.29028,1.17964,1.13351,0.110636
24.585,1.29076,1.17895,1.13343,0.111812
24.59,1.30443,1.17822,1.13335,0.126214
24.595,1.31164,1.17746,1.13328,0.134187
24.6,1.31743,1.17667,1.1332,0.140761
24.605,1.31883,1.17586,1.13312,0.142971
24.61,1.30928,1.17502,1.13304,0.134265
24.615,1.30152,1.17416,1.13297,0.12736
24.62,1.28095,1.17328,1.13289,0.107669
24.625,1.26967,1.17238,1.13281,0.0972825
24.63,1.26746,1.17147,1.13273,0.0959845
24.635,1.27173,1.17055,1.13266,0.101176
24.64,1.29164,1.16962,1.13258,0.122027
24.645,1.29653,1.16868,1.1325,0.12786
24.65,1.29952,1.16773,1.13242,0.131796
24.655,1.29935,1.16677,1.13234,0.132576
24.66,1.29332,1.16581,1.13227,0.127509
24.665,1.28797,1.16485,1.13219,0.123117
24.67,1.26614,1.16389,1.13211,0.102246
24.675,1.2505,1.16293,1.13203,0.0875624
24.68,1.25544,1.16198,1.13195,0.0934579
24.685,1.27632,1.16103,1.13187,0.115293
24.69,1.29822,1.16008,1.13179,0.138135
24.695,1.30785,1.15915,1.13172,0.14871
24.7,1.30175,1.15822,1.13164,0.143539
24.705,1.29579,1.15729,1.13156,0.138492
24.71,1.26844,1.15638,1.13148,0.112059
24.715,1.25994,1.15549,1.1314,0.104458
24.72,1.26429,1.1546,1.13132,0.109687
24.725,1.28627,1.15373,1.13124,0.132546
24.73,1.30545,1.15287,1.13116,0.152581
24.735,1.30947,1.15202,1.13108,0.157443
24.74,1.30686,1.15119,1.13101,0.155672
24.745,1.29942,1.15038,1.13093,0.149043
24.75,1.29879,1.14958,1.13085,0.14921
24.755,1.29621,1.1488,1.13077,0.147411
24.76,1.2949,1.14804,1.13069,0.146866
24.765,1.30339,1.14729,1.13061,0.156097
24.77,1.30095,1.14656,1.13053,0.154391
24.775,1.29489,1.14585,1.13045,0.149033
24.78,1.29241,1.14516,1.13037,0.147249
24.785,1.29718,1.14449,1.13029,0.152688
24.79,1.28967,1.14383,1.13021,0.145838
24.795,1.28694,1.1432,1.13013,0.143743
24.8,1.26692,1.14258,1.13005,0.124346
24.805,1.26909,1.14198,1.12997,0.127112
24.81,1.28299,1.14139,1.12989,0.141595
24.815,1.2911,1.14083,1.12981,0.150278
24.82,1.31014,1.14028,1.12973,0.169857
24.825,1.31751,1.13975,1.12965,0.177763
24.83,1.3096,1.13924,1.12957,0.170362
24.835,1.29676,1.13874,1.12949,0.15802
24.84,1.28396,1.13826,1.12941,0.145694
24.845,1.2941,1.1378,1.12933,0.156297
24.85,1.28667,1.13735,1.12925,0.14932
24.855,1.28578,1.13692,1.12917,0.148858
24.86,1.27848,1.1365,1.12909,0.141972
24.865,1.27999,1.1361,1.12901,0.14389
24.87,1.28602,1.13571,1.12893,0.150308
24.875,1.29047,1.13534,1.12884,0.155129
24.88,1.29495,1.13498,1.12876,0.159972
24.885,1.2975,1.13463,1.12868,0.16287
24.89,1.30731,1.1343,1.1286,0.173013
24.895,1.30801,1.13398,1.12852,0.174032
24.9,1.31978,1.13367,1.12844,0.186111
24.905,1.32965,1.13337,1.12836,0.196284
24.91,1.32278,1.13308,1.12828,0.189702
24.915,1.30535,1.1328,1.1282,0.172545
24.92,1.27653,1.13253,1.12811,0.143997
24.925,1.27026,1.13228,1.12803,0.137989
24.93,1.27209,1.13203,1.12795,0.140061
24.935,1.2684,1.13179,1.12787,0.136616
24.94,1.27621,1.13155,1.12779,0.144654
24.945,1.27922,1.13133,1.12771,0.147892
24.95,1.27525,1.13111,1.12763,0.144139
24.955,1.2786,1.1309,1.12754,0.147696
24.96,1.26235,1.1307,1.12746,0.13165
24.965,1.26274,1.1305,1.12738,0.132235
24.97,1.27596,1.13031,1.1273,0.145647
24.975,1.29077,1.13013,1.12722,0.160643
24.98,1.29762,1.12995,1.12713,0.167667
24.985,1.28614,1.12978,1.12705,0.156363
24.99,1.28142,1.12961,1.12697,0.151809
24.995,1.28899,1.12945,1.12689,0.159542
25,1.30144,1.12929,1.12681,0.172152
25.005,1.28529,1.12913,1.12672,0.156158
25.01,1.26208,1.12898,1.12664,0.133099
25.015,1.24729,1.12883,1.12656,0.118459
25.02,1.26068,1.12869,1.12648,0.131994
25.025,1.2792,1.12855,1.12639,0.150655
25.03,1.28678,1.12841,1.12631,0.158375
25.035,1.29434,1.12827,1.12623,0.166066
25.04,1.30201,1.12814,1.12614,0.173868
25.045,1.30379,1.12801,1.12606,0.175783
25.05,1.3078,1.12788,1.12598,0.179922
25.055,1.30905,1.12776,1.1259,0.181299
25.06,1.29109,1.12763,1.12581,0.163457
25.065,1.26734,1.12751,1.12573,0.13983
25.07,1.24511,1.12739,1.12565,0.117724
25.075,1.24715,1.12727,1.12556,0.119877
25.08,1.24518,1.12715,1.12548,0.118029
25.085,1.23686,1.12704,1.1254,0.109816
25.09,1.22449,1.12692,1.12531,0.0975679
25.095,1.21775,1.12681,1.12523,0.0909387
25.1,1.22149,1.1267,1.12515,0.0947855
25.105,1.22485,1.12659,1.12506,0.0982617
25.11,1.23082,1.12648,1.12498,0.104337
25.115,1.22754,1.12637,1.1249,0.101165
25.12,1.23296,1.12626,1.12481,0.106693
25.125,1.24411,1.12616,1.12473,0.117957
25.13,1.2549,1.12605,1.12465,0.128852
25.135,1.25024,1.12595,1.12456,0.124291
25.14,1.25253,1.12584,1.12448,0.126691
25.145,1.25575,1.12574,1.12439,0.130008
25.15,1.25308,1.12563,1.12431,0.127442
25.155,1.25532,1.12553,1.12423,0.129791
25.16,1.24472,1.12543,1.12414,0.119294
25.165,1.23732,1.12533,1.12406,0.111995
25.17,1.21803,1.12523,1.12397,0.0928034
25.175,1.21512,1.12513,1.12389,0.0899964
25.18,1.22654,1.12503,1.1238,0.10151
25.185,1.25356,1.12493,1.12372,0.128637
25.19,1.26694,1.12483,1.12364,0.142113
25.195,1.27503,1.12473,1.12355,0.150302
25.2,1.28384,1.12463,1.12347,0.159216
25.205,1.29101,1.12453,1.12338,0.166481
25.21,1.28702,1.12443,1.1233,0.162594
25.215,1.27265,1.12433,1.12321,0.14832
25.22,1.24819,1.12423,1.12313,0.123959
25.225,1.25201,1.12414,1.12304,0.127873
25.23,1.26799,1.12404,1.12296,0.143953
25.235,1.2805,1.12394,1.12287,0.156559
25.24,1.27445,1.12384,1.12279,0.15061
25.245,1.2615,1.12375,1.1227,0.137748
25.25,1.24788,1.12365,1.12262,0.124229
25.255,1.25265,1.12355,1.12253,0.1291
25.26,1.25657,1.12346,1.12245,0.133114
25.265,1.24319,1.12336,1.12236,0.119829
25.27,1.22862,1.12327,1.12228,0.105351
25.275,1.20852,1.12317,1.12219,0.0853454
25.28,1.20224,1.12308,1.12211,0.0791622
25.285,1.21484,1.12298,1.12202,0.0918649
25.29,1.22393,1.12288,1.12194,0.101044
25.295,1.25049,1.12279,1.12185,0.127698
25.3,1.26355,1.12269,1.12176,0.140857
25.305,1.27746,1.1226,1.12168,0.154858
25.31,1.2876,1.1225,1.12159,0.165091
25.315,1.28871,1.12241,1.12151,0.166297
25.32,1.27647,1.12231,1.12142,0.154156
25.325,1.25334,1.12222,1.12133,0.131117
25.33,1.22414,1.12213,1.12125,0.102019
25.335,1.22463,1.12203,1.12116,0.102599
25.34,1.22025,1.12194,1.12108,0.0983125
25.345,1.22503,1.12184,1.12099,0.103183
25.35,1.23009,1.12175,1.1209,0.108344
25.355,1.2111,1.12165,1.12082,0.0894477
25.36,1.20357,1.12156,1.12073,0.0820064
25.365,1.20429,1.12147,1.12064,0.0828194
25.37,1.21458,1.12137,1.12056,0.0932037
25.375,1.24039,1.12128,1.12047,0.119114
25.38,1.24006,1.12119,1.12039,0.118875
25.385,1.253,1.12109,1.1203,0.131911
25.39,1.24693,1.121,1.12021,0.125929
25.395,1.23142,1.1209,1.12012,0.110513
25.4,1.21334,1.12081,1.12004,0.0925249
25.405,1.19647,1.12072,1.11995,0.0757487
25.41,1.1898,1.12062,1.11986,0.0691711
25.415,1.1874,1.12053,1.11978,0.0668652
25.42,1.18221,1.12044,1.11969,0.0617681
25.425,1.18617,1.12034,1.1196,0.0658259
25.43,1.19944,1.12025,1.11952,0.079192
25.435,1.21129,1.12016,1.11943,0.0911343
25.44,1.22809,1.12007,1.11934,0.108024
25.445,1.23094,1.11997,1.11925,0.110964
25.45,1.22185,1.11988,1.11917,0.101973
25.455,1.22438,1.11979,1.11908,0.104591
25.46,1.23427,1.11969,1.11899,0.114577
25.465,1.25224,1.1196,1.1189,0.132636
25.47,1.26731,1.11951,1.11882,0.1478
25.475,1.26526,1.11941,1.11873,0.145841
25.48,1.26156,1.11932,1.11864,0.142235
25.485,1.25337,1.11923,1.11855,0.134143
25.49,1.25778,1.11914,1.11847,0.138645
25.495,1.25765,1.11904,1.11838,0.138606
25.5,1.25259,1.11895,1.11829,0.133636
25.505,1.23917,1.11886,1.1182,0.120307
25.51,1.20765,1.11877,1.11811,0.0888828
25.515,1.18494,1.11867,1.11803,0.066263
25.52,1.16768,1.11858,1.11794,0.0491035
25.525,1.16539,1.11849,1.11785,0.0469077
25.53,1.16514,1.11839,1.11776,0.0467449
25.535,1.17105,1.1183,1.11767,0.0527453
25.54,1.17551,1.11821,1.11759,0.0573049
25.545,1.19165,1.11812,1.1175,0.0735306
25.55,1.20539,1.11802,1.11741,0.087369
25.555,1.21972,1.11793,1.11732,0.101793
25.56,1.22513,1.11784,1.11723,0.107295
25.565,1.23035,1.11775,1.11714,0.112602
25.57,1.23715,1.11765,1.11705,0.119497
25.575,1.24825,1.11756,1.11697,0.130689
25.58,1.26638,1.11747,1.11688,0.148912
25.585,1.26945,1.11738,1.11679,0.152077
25.59,1.26071,1.11728,1.1167,0.143425
25.595,1.22834,1.11719,1.11661,0.111153
25.6,1.21157,1.1171,1.11652,0.0944728
25.605,1.19979,1.117,1.11643,0.0827869
25.61,1.20714,1.11691,1.11634,0.0902249
25.615,1.20748,1.11682,1.11625,0.0906581
25.62,1.20841,1.11673,1.11616,0.0916787
25.625,1.21028,1.11663,1.11608,0.0936411
25.63,1.21338,1.11654,1.11599,0.0968396
25.635,1.21227,1.11645,1.1159,0.0958246
25.64,1.21164,1.11636,1.11581,0.0952863
25.645,1.20434,1.11626,1.11572,0.0880775
25.65,1.21782,1.11617,1.11563,0.101645
25.655,1.21894,1.11608,1.11554,0.102864
25.66,1.22739,1.11599,1.11545,0.111409
25.665,1.2202,1.11589,1.11536,0.104304
25.67,1.21351,1.1158,1.11527,0.097713
25.675,1.22098,1.11571,1.11518,0.105278
25.68,1.21749,1.11561,1.11509,0.101881
25.685,1.19829,1.11552,1.115,0.0827662
25.69,1.1886,1.11543,1.11491,0.0731732
25.695,1.18286,1.11534,1.11482,0.0675254
25.7,1.19544,1.11524,1.11473,0.0802011
25.705,1.21006,1.11515,1.11464,0.0949072
25.71,1.21134,1.11506,1.11455,0.0962823
25.715,1.21382,1.11496,1.11446,0.0988606
25.72,1.20646,1.11487,1.11437,0.0915899
25.725,1.21053,1.11478,1.11428,0.0957561
25.73,1.20709,1.11469,1.11419,0.0924022
25.735,1.20305,1.11459,1.1141,0.0884567
25.74,1.19033,1.1145,1.11401,0.0758321
25.745,1.17663,1.11441,1.11392,0.0622257
25.75,1.18276,1.11431,1.11383,0.0684455
25.755,1.19167,1.11422,1.11374,0.07745
25.76,1.19741,1.11413,1.11365,0.0832863
25.765,1.18356,1.11403,1.11356,0.0695285
25.77,1.17236,1.11394,1.11346,0.0584163
25.775,1.17399,1.11385,1.11337,0.0601399
25.78,1.19116,1.11375,1.11328,0.0774023
25.785,1.18596,1.11366,1.11319,0.0722971
25.79,1.17235,1.11357,1.1131,0.0587798
25.795,1.16195,1.11347,1.11301,0.048473
25.8,1.16879,1.11338,1.11292,0.0554066
25.805,1.17295,1.11329,1.11283,0.0596599
25.81,1.18302,1.11319,1.11274,0.0698276
25.815,1.17868,1.1131,1.11264,0.0655782
25.82,1.16464,1.11301,1.11255,0.0516345
25.825,1.14707,1.11291,1.11246,0.0341572
25.83,1.13139,1.11282,1.11237,0.0185733
25.835,1.13303,1.11273,1.11228,0.0202979
25.84,1.14626,1.11263,1.11219,0.0336236
25.845,1.14816,1.11254,1.1121,0.035621
25.85,1.15632,1.11245,1.112,0.0438723
25.855,1.17758,1.11235,1.11191,0.0652237
25.86,1.19266,1.11226,1.11182,0.0803958
25.865,1.21297,1.11217,1.11173,0.100803
25.87,1.22539,1.11207,1.11164,0.113315
25.875,1.22563,1.11198,1.11155,0.113654
25.88,1.22304,1.11188,1.11145,0.111152
25.885,1.22074,1.11179,1.11136,0.108952
25.89,1.20817,1.1117,1.11127,0.0964681
25.895,1.19396,1.1116,1.11118,0.0823611
25.9,1.16928,1.11151,1.11109,0.0577661
25.905,1.15408,1.11142,1.11099,0.0426639
25.91,1.15484,1.11132,1.1109,0.0435169
25.915,1.16059,1.11123,1.11081,0.0493662
25.92,1.1786,1.11113,1.11072,0.0674643
25.925,1.19195,1.11104,1.11062,0.080907
25.93,1.19246,1.11095,1.11053,0.0815177
25.935,1.18692,1.11085,1.11044,0.0760728
25.94,1.17273,1.11076,1.11035,0.061969
25.945,1.16576,1.11066,1.11025,0.0550997
25.95,1.1654,1.11057,1.11016,0.0548325
25.955,1.17595,1.11047,1.11007,0.0654709
25.96,1.17625,1.11038,1.10998,0.0658716
25.965,1.18372,1.11029,1.10988,0.0734307
25.97,1.16877,1.11019,1.10979,0.0585825
25.975,1.17221,1.1101,1.1097,0.0621126
25.98,1.18411,1.11,1.1096,0.0741109
25.985,1.19823,1.10991,1.10951,0.0883203
25.99,1.201,1.10981,1.10942,0.0911841
25.995,1.19429,1.10972,1.10933,0.0845749
26,1.19091,1.10963,1.10923,0.0812898
26.005,1.1961,1.10953,1.10914,0.0865709
26.01,1.19779,1.10944,1.10905,0.0883575
26.015,1.19473,1.10934,1.10895,0.0853921
26.02,1.18883,1.10925,1.10886,0.0795804
26.025,1.17508,1.10915,1.10877,0.0659313
26.03,1.16862,1.10906,1.10867,0.0595639
26.035,1.15558,1.10896,1.10858,0.0466209
26.04,1.15036,1.10887,1.10849,0.0414911
26.045,1.14122,1.10877,1.10839,0.03245
26.05,1.13589,1.10868,1.1083,0.0272119
26.055,1.13999,1.10858,1.1082,0.0314101
26.06,1.15794,1.10849,1.10811,0.049449
26.065,1.17146,1.10839,1.10802,0.0630666
26.07,1.17894,1.1083,1.10792,0.0706392
26.075,1.1655,1.1082,1.10783,0.0572932
26.08,1.15454,1.10811,1.10773,0.0464286
26.085,1.14249,1.10801,1.10764,0.03448
26.09,1.13766,1.10792,1.10755,0.0297415
26.095,1.14945,1.10782,1.10745,0.0416286
26.1,1.16396,1.10773,1.10736,0.0562342
26.105,1.15313,1.10763,1.10726,0.0455037
26.11,1.13824,1.10754,1.10717,0.0307038
26.115,1.12867,1.10744,1.10708,0.0212323
26.12,1.13238,1.10735,1.10698,0.0250391
26.125,1.14286,1.10725,1.10689,0.0356089
26.13,1.1538,1.10715,1.10679,0.0466476
26.135,1.15628,1.10706,1.1067,0.0492195
26.14,1.15629,1.10696,1.1066,0.0493314
26.145,1.15271,1.10687,1.10651,0.0458392
26.15,1.15171,1.10677,1.10641,0.0449393
26.155,1.14703,1.10668,1.10632,0.0403539
26.16,1.1365,1.10658,1.10622,0.029922
26.165,1.12381,1.10648,1.10613,0.0173282
26.17,1.12435,1.10639,1.10603,0.0179665
26.175,1.11558,1.10629,1.10594,0.00928525
26.18,1.11393,1.1062,1.10584,0.00773588
26.185,1.11218,1.1061,1.10575,0.00607745
26.19,1.12273,1.106,1.10565,0.0167241
26.195,1.13821,1.10591,1.10556,0.032303
26.2,1.13109,1.10581,1.10546,0.0252778
26.205,1.12035,1.10572,1.10537,0.0146324
26.21,1.13432,1.10562,1.10527,0.0286979
26.215,1.16279,1.10552,1.10518,0.0572697
26.22,1.19245,1.10543,1.10508,0.087026
26.225,1.19381,1.10533,1.10499,0.0884814
26.23,1.17668,1.10524,1.10489,0.0714417
26.235,1.16665,1.10514,1.1048,0.0615104
26.24,1.15396,1.10504,1.1047,0.0489191
26.245,1.15341,1.10495,1.10461,0.0484602
26.25,1.15741,1.10485,1.10451,0.0525649
26.255,1.16227,1.10475,1.10441,0.0575177
26.26,1.17158,1.10466,1.10432,0.0669222
26.265,1.17577,1.10456,1.10422,0.0712088
26.27,1.17811,1.10446,1.10413,0.0736456
26.275,1.16927,1.10437,1.10403,0.064903
26.28,1.16455,1.10427,1.10394,0.0602795
26.285,1.15632,1.10417,1.10384,0.0521517
26.29,1.15817,1.10408,1.10374,0.0540962
26.295,1.17408,1.10398,1.10365,0.0700992
26.3,1.17786,1.10388,1.10355,0.0739743
26.305,1.18657,1.10379,1.10345,0.0827847
26.31,1.19113,1.10369,1.10336,0.0874371
26.315,1.1876,1.10359,1.10326,0.0840125
26.32,1.16447,1.10349,1.10317,0.0609715
26.325,1.15367,1.1034,1.10307,0.0502749
26.33,1.13873,1.1033,1.10297,0.035426
26.335,1.1406,1.1032,1.10288,0.037398
26.34,1.15073,1.10311,1.10278,0.0476278
26.345,1.15217,1.10301,1.10268,0.0491594
26.35,1.13857,1.10291,1.10259,0.0356571
26.355,1.12442,1.10281,1.10249,0.0216021
26.36,1.12715,1.10272,1.10239,0.0244283
26.365,1.12869,1.10262,1.1023,0.0260672
26.37,1.13314,1.10252,1.1022,0.0306206
26.375,1.12358,1.10242,1.1021,0.0211541
26.38,1.13002,1.10233,1.10201,0.0276883
26.385,1.13794,1.10223,1.10191,0.0357105
26.39,1.15051,1.10213,1.10181,0.0483768
26.395,1.1466,1.10203,1.10172,0.0445614
26.4,1.13527,1.10194,1.10162,0.0333343
26.405,1.12443,1.10184,1.10152,0.0225928
26.41,1.12652,1.10174,1.10142,0.0247759
26.415,1.13524,1.10164,1.10133,0.0335952
26.42,1.13915,1.10155,1.10123,0.037602
26.425,1.13601,1.10145,1.10113,0.0345647
26.43,1.12583,1.10135,1.10103,0.024482
26.435,1.11284,1.10125,1.10094,0.0115878
26.44,1.09894,1.10115,1.10084,-0.00221037
26.445,1.09813,1.10105,1.10074,-0.00292824
26.45,1.10937,1.10096,1.10064,0.00841664
26.455,1.13052,1.10086,1.10055,0.0296649
26.46,1.14612,1.10076,1.10045,0.0453561
26.465,1.14696,1.10066,1.10035,0.0462932
26.47,1.14094,1.10056,1.10025,0.0403802
26.475,1.13859,1.10047,1.10016,0.0381276
26.48,1.14365,1.10037,1.10006,0.0432786
26.485,1.14043,1.10047,1.09996,0.0399516
26.49,1.12872,1.10038,1.09986,0.0283474
26.495,1.10677,1.10028,1.09976,0.00649029
26.5,1.10487,1.10018,1.09967,0.0046899
26.505,1.10549,1.10008,1.09957,0.00540572
26.51,1.11002,1.09998,1.09947,0.0100402
26.515,1.11339,1.09988,1.09937,0.0135058
26.52,1.10918,1.09978,1.09927,0.00939287
26.525,1.10893,1.09969,1.09917,0.00924559
26.53,1.11929,1.09959,1.09908,0.0197017
26.535,1.12194,1.09949,1.09898,0.0224491
26.54,1.1381,1.09939,1.09888,0.0387109
26.545,1.14124,1.09929,1.09878,0.0419493
26.55,1.14203,1.09919,1.09868,0.0428397
26.555,1.14393,1.09909,1.09858,0.0448393
26.56,1.13891,1.09899,1.09849,0.0399153
26.565,1.14317,1.0989,1.09839,0.0442704
26.57,1.14754,1.0988,1.09829,0.0487423
26.575,1.14833,1.0987,1.09819,0.0496323
26.58,1.14185,1.0986,1.09809,0.0432512
26.585,1.12535,1.0985,1.09799,0.0268538
26.59,1.10729,1.0984,1.09789,0.00888676
26.595,1.10228,1.0983,1.09779,0.00397984
26.6,1.11443,1.0982,1.09769,0.0162251
26.605,1.13068,1.0981,1.0976,0.0325757
26.61,1.13663,1.098,1.0975,0.0386294
26.615,1.12411,1.0979,1.0974,0.0262118
26.62,1.13032,1.0978,1.0973,0.0325159
26.625,1.13751,1.0977,1.0972,0.0398078
26.63,1.12581,1.0976,1.0971,0.0282099
26.635,1.11621,1.09751,1.097,0.0187074
26.64,1.10319,1.09741,1.0969,0.00578236
26.645,1.10063,1.09731,1.0968,0.00332897
26.65,1.10933,1.09721,1.0967,0.0121224
26.655,1.12333,1.09711,1.0966,0.026228
26.66,1.1355,1.09701,1.0965,0.0384907
26.665,1.13967,1.09691,1.0964,0.0427657
26.67,1.13219,1.09681,1.0963,0.0353827
26.675,1.13041,1.09671,1.0962,0.0337029
26.68,1.12979,1.09661,1.0961,0.0331868
26.685,1.12766,1.09651,1.096,0.0311492
26.69,1.11235,1.09641,1.09591,0.0159425
26.695,1.1018,1.09631,1.09581,0.00549236
26.7,1.09827,1.09621,1.09571,0.00206122
26.705,1.09908,1.09611,1.09561,0.00296933
26.71,1.1032,1.09601,1.09551,0.0071889
26.715,1.11377,1.09591,1.09541,0.0178641
26.72,1.12503,1.09581,1.09531,0.0292291
26.725,1.12893,1.09571,1.09521,0.0332264
26.73,1.12701,1.09561,1.0951,0.031402
26.735,1.13497,1.0955,1.095,0.0394681
26.74,1.14113,1.0954,1.0949,0.0457242
26.745,1.13805,1.0953,1.0948,0.0427483
26.75,1.13676,1.0952,1.0947,0.0415544
26.755,1.12032,1.0951,1.0946,0.025218
26.76,1.12477,1.095,1.0945,0.0297706
26.765,1.11762,1.0949,1.0944,0.0227199
26.77,1.10835,1.0948,1.0943,0.0135482
26.775,1.11188,1.0947,1.0942,0.0171789
26.78,1.11757,1.0946,1.0941,0.0229678
26.785,1.12221,1.0945,1.094,0.0277084
26.79,1.12145,1.0944,1.0939,0.0270539
26.795,1.1102,1.0943,1.0938,0.0159059
26.8,1.11494,1.0942,1.0937,0.0207495
26.805,1.13311,1.09409,1.0936,0.0390168
26.81,1.15048,1.09399,1.0935,0.0564821
26.815,1.15636,1.09389,1.09339,0.0624679
26.82,1.15633,1.09379,1.09329,0.0625428
26.825,1.15626,1.09369,1.09319,0.0625681
26.83,1.15186,1.09359,1.09309,0.0582673
26.835,1.14964,1.09349,1.09299,0.056154
26.84,1.13961,1.09339,1.09289,0.0462245
26.845,1.13852,1.09328,1.09279,0.0452312
26.85,1.1314,1.09318,1.09269,0.0382208
26.855,1.11504,1.09308,1.09259,0.0219586
26.86,1.08902,1.09298,1.09248,-0.00395896
26.865,1.0722,1.09288,1.09238,-0.0206781
26.87,1.06631,1.09278,1.09228,-0.0264724
26.875,1.07747,1.09268,1.09218,-0.0152044
26.88,1.08814,1.09257,1.09208,-0.00443449
26.885,1.08949,1.09247,1.09198,-0.00298406
26.89,1.09797,1.09237,1.09187,0.00559582
26.895,1.1072,1.09227,1.09177,0.0149346
26.9,1.11012,1.09217,1.09167,0.0179486
26.905,1.10525,1.09207,1.09157,0.0131815
26.91,1.09337,1.09196,1.09147,0.00140247
26.915,1.1097,1.09186,1.09137,0.0178431
26.92,1.12245,1.09176,1.09126,0.0306936
26.925,1.12886,1.09166,1.09116,0.0371991
26.93,1.12293,1.09156,1.09106,0.0313765
26.935,1.1098,1.09145,1.09096,0.0183492
26.94,1.10668,1.09135,1.09086,0.0153296
26.945,1.11395,1.09125,1.09075,0.0226996
26.95,1.10553,1.09115,1.09065,0.0143838
26.955,1.10474,1.09104,1.09055,0.0136923
26.96,1.10509,1.09094,1.09045,0.0141514
26.965,1.10324,1.09084,1.09034,0.0124031
26.97,1.11688,1.09074,1.09024,0.0261462
26.975,1.12384,1.09064,1.09014,0.0332069
26.98,1.12381,1.09053,1.09004,0.0332777
26.985,1.10654,1.09043,1.08994,0.016107
26.99,1.08801,1.09033,1.08983,-0.00231572
26.995,1.07145,1.09023,1.08973,-0.0187765
27,1.07149,1.09012,1.08963,-0.0186298
27.005,1.06686,1.09002,1.08952,-0.0231611
27.01,1.06429,1.08992,1.08942,-0.0256234
27.015,1.07416,1.08981,1.08932,-0.0156535
27.02,1.08947,1.08971,1.08922,-0.000242309
27.025,1.09701,1.08961,1.08911,0.00739774
27.03,1.10392,1.08951,1.08901,0.0144134
27.035,1.11014,1.0894,1.08891,0.0207388
27.04,1.12284,1.0893,1.08881,0.0335388
27.045,1.12783,1.0892,1.0887,0.0386292
27.05,1.13259,1.08909,1.0886,0.0434953
27.055,1.12001,1.08899,1.0885,0.031017
27.06,1.10875,1.08889,1.08839,0.0198659
27.065,1.09514,1.08878,1.08829,0.00635405
27.07,1.0807,1.08868,1.08819,-0.00797806
27.075,1.07508,1.08858,1.08808,-0.013495
27.08,1.08051,1.08847,1.08798,-0.00796147
27.085,1.08268,1.08837,1.08788,-0.00568808
27.09,1.09313,1.08827,1.08777,0.00486439
27.095,1.09552,1.08816,1.08767,0.00735518
27.1,1.09331,1.08806,1.08757,0.00525171
27.105,1.0878,1.08796,1.08746,-0.000162491
27.11,1.0877,1.08785,1.08736,-0.000150245
27.115,1.08146,1.08775,1.08726,-0.00629539
27.12,1.08706,1.08765,1.08715,-0.000587844
27.125,1.10183,1.08754,1.08705,0.0142861
27.13,1.10599,1.08744,1.08694,0.0185487
27.135,1.11852,1.08734,1.08684,0.0311814
27.14,1.1111,1.08723,1.08674,0.0238646
27.145,1.10534,1.08713,1.08663,0.0182093
27.15,1.10412,1.08702,1.08653,0.0170947
27.155,1.08824,1.08692,1.08643,0.00132328
27.16,1.08727,1.08682,1.08632,0.000449907
27.165,1.07103,1.08671,1.08622,-0.0156788
27.17,1.06088,1.08661,1.08611,-0.0257313
27.175,1.04633,1.0865,1.08601,-0.0401734
27.18,1.03769,1.0864,1.0859,-0.0487143
27.185,1.04717,1.0863,1.0858,-0.0391308
27.19,1.07389,1.08619,1.0857,-0.012301
27.195,1.10031,1.08609,1.08559,0.0142263
27.2,1.11312,1.08598,1.08549,0.0271409
27.205,1.09544,1.08588,1.08538,0.00956527
27.21,1.0776,1.08577,1.08528,-0.00817463
27.215,1.07226,1.08567,1.08517,-0.0134118
27.22,1.07323,1.08557,1.08507,-0.0123391
27.225,1.06967,1.08546,1.08497,-0.015796
27.23,1.06189,1.08536,1.08486,-0.0234708
27.235,1.06344,1.08525,1.08476,-0.0218075
27.24,1.0692,1.08515,1.08465,-0.0159454
27.245,1.06797,1.08504,1.08455,-0.0170742
27.25,1.05363,1.08494,1.08444,-0.0313076
27.255,1.04497,1.08483,1.08434,-0.0398637
27.26,1.04383,1.08473,1.08423,-0.0408938
27.265,1.05372,1.08462,1.08413,-0.0309066
27.27,1.0585,1.08452,1.08402,-0.0260186
27.275,1.05708,1.08442,1.08392,-0.027346
27.28,1.06372,1.08432,1.08381,-0.020596
27.285,1.06941,1.08421,1.08371,-0.0148014
27.29,1.0735,1.08411,1.0836,-0.0106114
27.295,1.07362,1.084,1.0835,-0.0103814
27.3,1.07031,1.0839,1.08339,-0.0135866
27.305,1.06064,1.08379,1.08329,-0.0231499
27.31,1.05027,1.08369,1.08318,-0.0334166
27.315,1.04398,1.08358,1.08308,-0.039608
27.32,1.05293,1.08348,1.08297,-0.030546
27.325,1.07263,1.08337,1.08287,-0.0107447
27.33,1.07797,1.08327,1.08276,-0.00530224
27.335,1.09404,1.08316,1.08265,0.0108775
27.34,1.08692,1.08306,1.08255,0.00386315
27.345,1.06125,1.08295,1.08244,-0.0217053
27.35,1.0293,1.08285,1.08234,-0.0535472
27.355,1.01079,1.08274,1.08223,-0.0719536
27.36,1.02356,1.08264,1.08213,-0.0590782
27.365,1.03639,1.08253,1.08202,-0.0461392
27.37,1.04295,1.08242,1.08192,-0.0394701
27.375,1.05243,1.08232,1.08181,-0.0298846
27.38,1.07047,1.08221,1.0817,-0.0117459
27.385,1.0842,1.08211,1.0816,0.00209751
27.39,1.07813,1.082,1.08149,-0.00387223
27.395,1.07289,1.08189,1.08139,-0.00900219
27.4,1.08019,1.08179,1.08128,-0.00159409
27.405,1.10548,1.08168,1.08117,0.0237927
27.41,1.10312,1.08158,1.08107,0.0215406
27.415,1.09129,1.08147,1.08096,0.00981731
27.42,1.06521,1.08137,1.08086,-0.016158
27.425,1.05527,1.08126,1.08075,-0.0259902
27.43,1.04736,1.08115,1.08064,-0.0337928
27.435,1.04151,1.08105,1.08054,-0.0395353
27.44,1.03371,1.08094,1.08043,-0.0472298
27.445,1.03819,1.08083,1.08032,-0.0426491
27.45,1.04109,1.08073,1.08022,-0.0396422
27.455,1.04364,1.08062,1.08011,-0.0369844
27.46,1.05873,1.08052,1.08,-0.0217851
27.465,1.06613,1.08041,1.0799,-0.0142771
27.47,1.06386,1.0803,1.07979,-0.0164439
27.475,1.06063,1.0802,1.07968,-0.0195625
27.48,1.0689,1.08009,1.07958,-0.0111917
27.485,1.08923,1.07998,1.07947,0.00924449
27.49,1.09654,1.07988,1.07936,0.0166674
27.495,1.08855,1.07977,1.07926,0.00877907
27.5,1.0847,1.07966,1.07915,0.00504001
27.505,1.07603,1.07956,1.07904,-0.00352154
27.51,1.06687,1.07945,1.07894,-0.012575
27.515,1.06391,1.07934,1.07883,-0.015433
27.52,1.07199,1.07924,1.07872,-0.00724998
27.525,1.08428,1.07913,1.07862,0.00514644
27.53,1.088,1.07902,1.07851,0.00897788
27.535,1.0927,1.07892,1.0784,0.0137843
27.54,1.10875,1.07881,1.07829,0.0299435
27.545,1.11466,1.0787,1.07819,0.0359563
27.55,1.10216,1.07859,1.07808,0.023563
27.555,1.08144,1.07849,1.07797,0.00295322
27.56,1.06032,1.07838,1.07787,-0.0180572
27.565,1.05001,1.07827,1.07776,-0.0282621
27.57,1.04207,1.07817,1.07765,-0.0361001
27.575,1.04906,1.07806,1.07754,-0.0290031
27.58,1.04821,1.07795,1.07744,-0.029742
27.585,1.04289,1.07784,1.07733,-0.0349512
27.59,1.05598,1.07774,1.07722,-0.0217564
27.595,1.0603,1.07763,1.07711,-0.0173314
27.6,1.05089,1.07752,1.07701,-0.0266286
27.605,1.05274,1.07741,1.0769,-0.0246743
27.61,1.0594,1.07731,1.07679,-0.0179074
27.615,1.07408,1.0772,1.07668,-0.00312097
27.62,1.06965,1.07709,1.07658,-0.00744224
27.625,1.05224,1.07698,1.07647,-0.0247469
27.63,1.043,1.07688,1.07636,-0.0338803
27.635,1.05531,1.07677,1.07625,-0.0214567
27.64,1.05899,1.07666,1.07614,-0.0176716
27.645,1.05381,1.07655,1.07604,-0.022746
27.65,1.05269,1.07645,1.07593,-0.023755
27.655,1.03689,1.07634,1.07582,-0.0394448
27.66,1.04569,1.07623,1.07571,-0.0305418
27.665,1.04412,1.07612,1.0756,-0.0319997
27.67,1.03713,1.07601,1.0755,-0.0388864
27.675,1.02725,1.07591,1.07539,-0.0486538
27.68,1.02503,1.0758,1.07528,-0.0507711
27.685,1.02709,1.07569,1.07517,-0.0486028
27.69,1.03165,1.07558,1.07506,-0.0439274
27.695,1.04099,1.07547,1.07495,-0.0344792
27.7,1.04628,1.07536,1.07485,-0.0290878
27.705,1.04271,1.07526,1.07474,-0.0325479
27.71,1.03945,1.07515,1.07463,-0.035703
27.715,1.03353,1.07504,1.07452,-0.0415131
27.72,1.04003,1.07493,1.07441,-0.0348972
27.725,1.03022,1.07482,1.0743,-0.0446066
27.73,1.01289,1.07471,1.07419,-0.0618206
27.735,1.00167,1.07461,1.07409,-0.0729384
27.74,1.01309,1.0745,1.07398,-0.0614059
27.745,1.02372,1.07439,1.07387,-0.0506723
27.75,1.02871,1.07428,1.07376,-0.0455703
27.755,1.03952,1.07417,1.07365,-0.034653
27.76,1.03753,1.07406,1.07354,-0.0365343
27.765,1.038,1.07395,1.07343,-0.0359557
27.77,1.04245,1.07385,1.07332,-0.0313929
27.775,1.05024,1.07374,1.07321,-0.0234958
27.78,1.08289,1.07363,1.07311,0.00926655
27.785,1.09084,1.07352,1.073,0.017322
27.79,1.09006,1.07341,1.07289,0.0166473
27.795,1.08234,1.0733,1.07278,0.00903741
27.8,1.079,1.07319,1.07267,0.00580457
27.805,1.06835,1.07308,1.07256,-0.00473045
27.81,1.06322,1.07297,1.07245,-0.00975765
27.815,1.04129,1.07287,1.07234,-0.0315758
27.82,1.02888,1.07276,1.07223,-0.0438799
27.825,1.0328,1.07265,1.07212,-0.0398468
27.83,1.05137,1.07254,1.07201,-0.021164
27.835,1.06587,1.07243,1.0719,-0.00655605
27.84,1.06253,1.07232,1.07179,-0.00978903
27.845,1.05183,1.07221,1.07168,-0.0203769
27.85,1.05116,1.0721,1.07157,-0.0209433
27.855,1.06264,1.07199,1.07147,-0.00935339
27.86,1.06365,1.07188,1.07136,-0.00823499
27.865,1.05694,1.07177,1.07125,-0.0148359
27.87,1.04562,1.07166,1.07114,-0.026045
27.875,1.03984,1.07155,1.07103,-0.031715
27.88,1.03879,1.07144,1.07092,-0.0326584
27.885,1.03451,1.07133,1.07081,-0.0368293
27.89,1.03017,1.07122,1.0707,-0.0410589
27.895,1.02661,1.07112,1.07059,-0.0445082
27.9,1.02636,1.07101,1.07048,-0.0446444
27.905,1.02662,1.0709,1.07037,-0.0442752
27.91,1.01223,1.07079,1.07026,-0.0585535
27.915,0.997993,1.07068,1.07015,-0.0726829
27.92,0.996943,1.07057,1.07004,-0.0736233
27.925,0.998301,1.07046,1.06993,-0.072155
27.93,1.00315,1.07035,1.06982,-0.0671995
27.935,1.01666,1.07024,1.06971,-0.0535809
27.94,1.01222,1.07013,1.0696,-0.0579043
27.945,1.02187,1.07002,1.06949,-0.0481506
27.95,1.02411,1.06991,1.06938,-0.0457992
27.955,1.02667,1.0698,1.06926,-0.0431214
27.96,1.03433,1.06969,1.06915,-0.0353587
27.965,1.02879,1.06958,1.06904,-0.0407906
27.97,1.03988,1.06947,1.06893,-0.029586
27.975,1.04823,1.06936,1.06882,-0.0211221
27.98,1.05218,1.06925,1.06871,-0.0170682
27.985,1.05103,1.06913,1.0686,-0.0181002
27.99,1.04062,1.06902,1.06849,-0.0284036
27.995,1.03112,1.06891,1.06838,-0.0377973
28,1.02919,1.0688,1.06827,-0.0396172
28.005,1.02412,1.06869,1.06816,-0.0445747
28.01,1.02676,1.06858,1.06805,-0.0418198
28.015,1.01718,1.06847,1.06794,-0.0512889
28.02,1.01159,1.06836,1.06783,-0.0567746
28.025,1.01195,1.06825,1.06772,-0.0563054
28.03,1.02481,1.06814,1.0676,-0.0433344
28.035,1.04795,1.06803,1.06749,-0.0200757
28.04,1.06726,1.06792,1.06738,-0.000657592
28.045,1.07397,1.06781,1.06727,0.00616665
28.05,1.06418,1.0677,1.06716,-0.00351386
28.055,1.05152,1.06759,1.06705,-0.0160649
28.06,1.04309,1.06748,1.06694,-0.0243854
28.065,1.03813,1.06736,1.06683,-0.0292388
28.07,1.03087,1.06725,1.06672,-0.0363843
28.075,1.02406,1.06714,1.0666,-0.0430856
28.08,1.01825,1.06703,1.06649,-0.0487864
28.085,1.02146,1.06692,1.06638,-0.0454566
28.09,1.021,1.06681,1.06627,-0.045813
28.095,1.03106,1.0667,1.06616,-0.0356396
28.1,1.03341,1.06659,1.06605,-0.0331794
28.105,1.03193,1.06648,1.06594,-0.0345422
28.11,1.02199,1.06637,1.06582,-0.0443775
28.115,1.01355,1.06625,1.06571,-0.0526996
28.12,1.02491,1.06614,1.0656,-0.0412296
28.125,1.02648,1.06603,1.06549,-0.0395488
28.13,1.02708,1.06592,1.06538,-0.0388356
28.135,1.02228,1.06581,1.06527,-0.0435263
28.14,1.01807,1.0657,1.06515,-0.0476245
28.145,1.01916,1.06559,1.06504,-0.0464303
28.15,1.02061,1.06547,1.06493,-0.0448685
28.155,1.02172,1.06536,1.06482,-0.0436421
28.16,1.03486,1.06525,1.06471,-0.0303937
28.165,1.04262,1.06514,1.0646,-0.0225186
28.17,1.04737,1.06503,1.06448,-0.0176527
28.175,1.04562,1.06492,1.06437,-0.0192948
28.18,1.03262,1.0648,1.06426,-0.0321826
28.185,1.0234,1.06469,1.06415,-0.0412948
28.19,1.00705,1.06458,1.06404,-0.0575278
28.195,0.999745,1.06447,1.06392,-0.0647242
28.2,1.00618,1.06436,1.06381,-0.0581814
28.205,1.00879,1.06425,1.0637,-0.0554567
28.21,1.00397,1.06413,1.06359,-0.0601585
28.215,1.00881,1.06402,1.06347,-0.0552091
28.22,1.02178,1.06391,1.06336,-0.0421251
28.225,1.04444,1.0638,1.06325,-0.0193598
28.23,1.06133,1.06369,1.06314,-0.00235451
28.235,1.06295,1.06357,1.06303,-0.000619375
28.24,1.0627,1.06346,1.06291,-0.000759325
28.245,1.05076,1.06335,1.0628,-0.0125926
28.25,1.03963,1.06324,1.06269,-0.0236045
28.255,1.0348,1.06312,1.06257,-0.0283279
28.26,1.02679,1.06301,1.06246,-0.0362238
28.265,1.02332,1.0629,1.06235,-0.0395802
28.27,1.03442,1.06279,1.06224,-0.0283631
28.275,1.03349,1.06267,1.06212,-0.029188
28.28,1.03804,1.06256,1.06201,-0.0245246
28.285,1.0424,1.06245,1.0619,-0.0200549
28.29,1.04293,1.06234,1.06179,-0.0194074
28.295,1.04189,1.06223,1.06167,-0.0203386
28.3,1.02952,1.06211,1.06156,-0.0325953
28.305,1.02224,1.062,1.06145,-0.0397578
28.31,1.01469,1.06189,1.06133,-0.0471975
28.315,1.01324,1.06177,1.06122,-0.0485298
28.32,1.00366,1.06166,1.06111,-0.058
28.325,0.991233,1.06155,1.061,-0.0703166
28.33,0.990151,1.06144,1.06088,-0.0712854
28.335,0.984434,1.06132,1.06077,-0.0768899
28.34,0.993048,1.06121,1.06066,-0.0681625
28.345,0.994212,1.0611,1.06054,-0.0668857
28.35,0.999859,1.06099,1.06043,-0.061126
28.355,1.00387,1.06087,1.06032,-0.0570034
28.36,1.01948,1.06076,1.0602,-0.0412793
28.365,1.03965,1.06065,1.06009,-0.0209931
28.37,1.0358,1.06053,1.05998,-0.0247353
28.375,1.02738,1.06042,1.05986,-0.0330442
28.38,1.01614,1.06031,1.05975,-0.0441647
28.385,1.00042,1.06019,1.05964,-0.0597778
28.39,1.00815,1.06008,1.05952,-0.0519284
28.395,1.00023,1.05997,1.05941,-0.0597383
28.4,0.995416,1.05985,1.0593,-0.0644381
28.405,0.986617,1.05974,1.05918,-0.0731243
28.41,0.981941,1.05963,1.05907,-0.077687
28.415,0.993671,1.05951,1.05895,-0.0658431
28.42,0.989716,1.0594,1.05884,-0.0696854
28.425,0.989413,1.05929,1.05873,-0.0698742
28.43,0.979431,1.05917,1.05861,-0.0797436
28.435,0.978001,1.05906,1.0585,-0.0810602
28.44,0.991605,1.05895,1.05839,-0.0673421
28.445,1.00732,1.05883,1.05827,-0.0515152
28.45,1.00937,1.05872,1.05816,-0.0493539
28.455,1.01538,1.05861,1.05804,-0.0432302
28.46,1.00733,1.05849,1.05793,-0.0511668
28.465,0.999672,1.05838,1.05782,-0.0587068
28.47,1.00386,1.05827,1.0577,-0.054407
28.475,1.00545,1.05815,1.05759,-0.0527013
28.48,1.01725,1.05804,1.05747,-0.0407843
28.485,1.04024,1.05792,1.05736,-0.0176818
28.49,1.0625,1.05781,1.05724,0.00469224
28.495,1.07602,1.0577,1.05713,0.0183246
28.5,1.06618,1.05758,1.05702,0.00859801
28.505,1.0329,1.05747,1.0569,-0.0245644
28.51,1.01468,1.05735,1.05679,-0.0426698
28.515,1.01759,1.05724,1.05667,-0.0396469
28.52,1.02438,1.05713,1.05656,-0.0327444
28.525,1.02501,1.05701,1.05644,-0.0320042
28.53,1.01043,1.0569,1.05633,-0.0464709
28.535,1.00102,1.05678,1.05622,-0.0557626
28.54,1.00692,1.05667,1.0561,-0.0497537
28.545,1.00653,1.05656,1.05599,-0.0500288
28.55,1.01232,1.05644,1.05587,-0.0441217
28.555,1.00686,1.05633,1.05576,-0.0494644
28.56,1.00244,1.05621,1.05564,-0.0537737
28.565,0.989617,1.0561,1.05553,-0.0664814
28.57,0.985824,1.05598,1.05541,-0.0701605
28.575,0.995195,1.05587,1.0553,-0.0606751
28.58,1.01476,1.05576,1.05518,-0.0409979
28.585,1.02381,1.05564,1.05507,-0.0318277
28.59,1.01357,1.05553,1.05495,-0.0419567
28.595,1.0042,1.05541,1.05484,-0.0512154
28.6,0.995559,1.0553,1.05472,-0.0597384
28.605,0.969869,1.05518,1.05461,-0.0853138
28.61,0.950832,1.05507,1.05449,-0.104236
28.615,0.940187,1.05495,1.05438,-0.114767
28.62,0.948096,1.05484,1.05426,-0.106743
28.625,0.962969,1.05472,1.05415,-0.0917554
28.63,0.975653,1.05461,1.05403,-0.0789562
28.635,0.974179,1.05449,1.05392,-0.0803153
28.64,0.974142,1.05438,1.0538,-0.0802374
28.645,0.974203,1.05427,1.05369,-0.0800617
28.65,0.980239,1.05415,1.05357,-0.0739106
28.655,0.989873,1.05404,1.05346,-0.0641625
28.66,0.972057,1.05392,1.05334,-0.081863
28.665,0.975379,1.05381,1.05323,-0.0784262
28.67,0.97116,1.05369,1.05311,-0.0825299
28.675,0.972241,1.05358,1.053,-0.081334
28.68,0.967135,1.05346,1.05288,-0.0863249
28.685,0.963916,1.05335,1.05276,-0.0894292
28.69,0.972797,1.05323,1.05265,-0.0804333
28.695,0.973445,1.05311,1.05253,-0.0796693
28.7,0.977245,1.053,1.05242,-0.0757546
28.705,0.976395,1.05288,1.0523,-0.0764896
28.71,0.979408,1.05277,1.05219,-0.0733611
28.715,0.994664,1.05265,1.05207,-0.0579896
28.72,1.0007,1.05254,1.05195,-0.0518367
28.725,1.00351,1.05242,1.05184,-0.0489162
28.73,1.00646,1.05231,1.05172,-0.0458495
28.735,1.0021,1.05219,1.05161,-0.0500934
28.74,0.992957,1.05208,1.05149,-0.0591194
28.745,0.97925,1.05196,1.05138,-0.0727108
28.75,0.984719,1.05185,1.05126,-0.0671266
28.755,0.985167,1.05173,1.05114,-0.0665631
28.76,0.974476,1.05161,1.05103,-0.0771387
28.765,0.949188,1.0515,1.05091,-0.102311
28.77,0.939246,1.05138,1.0508,-0.112137
28.775,0.954495,1.05127,1.05068,-0.0967722
28.78,0.983751,1.05115,1.05056,-0.0674005
28.785,1.00658,1.05104,1.05045,-0.0444595
28.79,1.00241,1.05092,1.05033,-0.0485118
28.795,0.991346,1.0508,1.05021,-0.0594581
28.8,0.97713,1.05069,1.0501,-0.0735587
28.805,0.97044,1.05057,1.04998,-0.0801331
28.81,0.969185,1.05046,1.04987,-0.0812722
28.815,0.956731,1.05034,1.04975,-0.0936097
28.82,0.945666,1.05023,1.04963,-0.10456
28.825,0.938075,1.05011,1.04952,-0.112034
28.83,0.94972,1.04999,1.0494,-0.100273
28.835,0.977321,1.04988,1.04928,-0.0725559
28.84,0.995071,1.04976,1.04917,-0.0546902
28.845,0.995749,1.04964,1.04905,-0.053896
28.85,0.982073,1.04953,1.04893,-0.0674554
28.855,0.979637,1.04941,1.04882,-0.0697752
28.86,0.976582,1.0493,1.0487,-0.0727142
28.865,0.969332,1.04918,1.04858,-0.0798479
28.87,0.963701,1.04906,1.04847,-0.0853624
28.875,0.960873,1.04895,1.04835,-0.0880744
28.88,0.957865,1.04883,1.04823,-0.0909663
28.885,0.957935,1.04871,1.04812,-0.09078
28.89,0.953758,1.0486,1.048,-0.0948406
28.895,0.960849,1.04848,1.04788,-0.0876328
28.9,0.975713,1.04837,1.04777,-0.0726523
28.905,0.985763,1.04825,1.04765,-0.0624859
28.91,0.997522,1.04813,1.04753,-0.0506106
28.915,1.00925,1.04802,1.04742,-0.0387663
28.92,1.01029,1.0479,1.0473,-0.0376048
28.925,1.01474,1.04778,1.04718,-0.0330426
28.93,1.00506,1.04767,1.04706,-0.0426064
28.935,0.990942,1.04755,1.04695,-0.0566072
28.94,0.987405,1.04743,1.04683,-0.0600272
28.945,0.990845,1.04732,1.04671,-0.0564713
28.95,1.00305,1.0472,1.0466,-0.0441522
28.955,0.999621,1.04708,1.04648,-0.0474613
28.96,0.993291,1.04697,1.04636,-0.053675
28.965,0.994719,1.04685,1.04624,-0.0521297
28.97,0.992381,1.04673,1.04613,-0.0543512
28.975,0.982366,1.04661,1.04601,-0.064249
28.98,0.942391,1.0465,1.04589,-0.104107
28.985,0.930789,1.04638,1.04577,-0.115592
28.99,0.9326,1.04626,1.04566,-0.113664
28.995,0.945097,1.04615,1.04554,-0.10105
29,0.949754,1.04603,1.04542,-0.0962757
29.005,0.960923,1.04591,1.0453,-0.0849898
29.01,0.96308,1.0458,1.04519,-0.0827155
29.015,0.955151,1.04568,1.04507,-0.0905274
29.02,0.945721,1.04556,1.04495,-0.0998406
29.025,0.951659,1.04544,1.04483,-0.0937853
29.03,0.963161,1.04533,1.04472,-0.0821654
29.035,0.975485,1.04521,1.0446,-0.069725
29.04,0.955484,1.04509,1.04448,-0.0896083
29.045,0.94404,1.04497,1.04436,-0.100934
29.05,0.949959,1.04486,1.04424,-0.0948981
29.055,0.972746,1.04474,1.04413,-0.0719946
29.06,1.00353,1.04462,1.04401,-0.04109
29.065,1.01854,1.04451,1.04389,-0.0259652
29.07,0.995528,1.04439,1.04377,-0.0488596
29.075,0.980129,1.04427,1.04365,-0.0641408
29.08,0.966557,1.04415,1.04354,-0.0775961
29.085,0.955611,1.04404,1.04342,-0.0884238
29.09,0.945861,1.04392,1.0433,-0.0980569
29.095,0.924251,1.0438,1.04318,-0.119549
29.1,0.926841,1.04368,1.04306,-0.116841
29.105,0.947235,1.04356,1.04295,-0.0963299
29.11,0.956169,1.04345,1.04283,-0.0872782
29.115,0.953571,1.04333,1.04271,-0.0897577
29.12,0.947236,1.04321,1.04259,-0.0959749
29.125,0.954909,1.04309,1.04247,-0.0881848
29.13,0.94825,1.04298,1.04235,-0.094726
29.135,0.947905,1.04286,1.04224,-0.0949525
29.14,0.946431,1.04274,1.04212,-0.096309
29.145,0.943848,1.04262,1.042,-0.0987736
29.15,0.949916,1.0425,1.04188,-0.092588
29.155,0.943629,1.04239,1.04176,-0.0987574
29.16,0.959588,1.04227,1.04164,-0.0826797
29.165,0.966707,1.04215,1.04153,-0.0754435
29.17,0.970807,1.04203,1.04141,-0.0712249
29.175,0.970227,1.04191,1.04129,-0.0716873
29.18,0.954954,1.0418,1.04117,-0.0868421
29.185,0.948763,1.04168,1.04105,-0.0929148
29.19,0.928499,1.04156,1.04093,-0.113061
29.195,0.921045,1.04144,1.04081,-0.120396
29.2,0.929194,1.04132,1.04069,-0.112129
29.205,0.928922,1.0412,1.04058,-0.112283
29.21,0.935839,1.04109,1.04046,-0.105248
29.215,0.933259,1.04097,1.04034,-0.107709
29.22,0.936439,1.04085,1.04022,-0.104411
29.225,0.942889,1.04073,1.0401,-0.0978427
29.23,0.94982,1.04061,1.03998,-0.0907924
29.235,0.955849,1.04049,1.03986,-0.0846449
29.24,0.966162,1.04038,1.03974,-0.0742135
29.245,0.973407,1.04026,1.03962,-0.0668503
29.25,0.9808,1.04014,1.03951,-0.0593388
29.255,0.989598,1.04002,1.03939,-0.0504228
29.26,0.991035,1.0399,1.03927,-0.0488667
29.265,0.975406,1.03978,1.03915,-0.0643767
29.27,0.97476,1.03966,1.03903,-0.0649045
29.275,0.972054,1.03955,1.03891,-0.0674917
29.28,0.985045,1.03943,1.03879,-0.0543817
29.285,0.993051,1.03931,1.03867,-0.0462575
29.29,0.976807,1.03919,1.03855,-0.0623825
29.295,0.95906,1.03907,1.03843,-0.0800104
29.3,0.937474,1.03895,1.03831,-0.101478
29.305,0.942601,1.03883,1.03819,-0.0962321
29.31,0.943985,1.03871,1.03807,-0.094729
29.315,0.939627,1.0386,1.03796,-0.0989681
29.32,0.948163,1.03848,1.03784,-0.0903136
29.325,0.960568,1.03836,1.03772,-0.0777891
29.33,0.97494,1.03824,1.0376,-0.0632984
29.335,0.971793,1.03812,1.03748,-0.0663267
29.34,0.971004,1.038,1.03736,-0.0669968
29.345,0.976092,1.03788,1.03724,-0.0617898
29.35,0.998055,1.03776,1.03712,-0.0397075
29.355,1.00104,1.03764,1.037,-0.0366046
29.36,0.998385,1.03752,1.03688,-0.0391393
29.365,0.985598,1.0374,1.03676,-0.0518065
29.37,0.98639,1.03729,1.03664,-0.0508956
29.375,0.988374,1.03717,1.03652,-0.0487929
29.38,0.984904,1.03705,1.0364,-0.0521433
29.385,0.959147,1.03693,1.03628,-0.0777812
29.39,0.956531,1.03681,1.03616,-0.0802771
29.395,0.964353,1.03669,1.03604,-0.072336
29.4,0.956989,1.03657,1.03592,-0.0795807
29.405,0.952067,1.03645,1.0358,-0.0843837
29.41,0.925594,1.03633,1.03568,-0.110737
29.415,0.921188,1.03621,1.03556,-0.115023
29.42,0.938176,1.03609,1.03544,-0.0979162
29.425,0.946167,1.03597,1.03532,-0.089806
29.43,0.946831,1.03585,1.0352,-0.0890222
29.435,0.941443,1.03573,1.03508,-0.0942903
29.44,0.950157,1.03561,1.03496,-0.0854564
29.445,0.959453,1.03549,1.03484,-0.0760416
29.45,0.955506,1.03537,1.03472,-0.0798684
29.455,0.978311,1.03525,1.0346,-0.0569439
29.46,0.981431,1.03514,1.03448,-0.0537045
29.465,0.981606,1.03502,1.03436,-0.0534093
29.47,0.965051,1.0349,1.03424,-0.0698448
29.475,0.952291,1.03478,1.03412,-0.0824847
29.48,0.971217,1.03466,1.034,-0.0634393
29.485,0.986578,1.03454,1.03388,-0.0479581
29.49,0.986948,1.03442,1.03376,-0.0474685
29.495,0.982515,1.0343,1.03364,-0.0517812
29.5,0.988522,1.03418,1.03352,-0.0456549
29.505,1.00376,1.03406,1.0334,-0.0302963
29.51,0.989021,1.03394,1.03327,-0.0449156
29.515,0.95942,1.03382,1.03315,-0.0743964
29.52,0.946744,1.0337,1.03303,-0.0869531
29.525,0.945191,1.03358,1.03291,-0.0883858
29.53,0.948175,1.03346,1.03279,-0.0852817
29.535,0.952231,1.03334,1.03267,-0.0811051
29.54,0.954626,1.03322,1.03255,-0.07859
29.545,0.955817,1.0331,1.03243,-0.077279
29.55,0.943747,1.03298,1.03231,-0.0892289
29.555,0.925479,1.03286,1.03219,-0.107377
29.56,0.921182,1.03274,1.03207,-0.111553
29.565,0.924882,1.03262,1.03195,-0.107733
29.57,0.940691,1.03249,1.03183,-0.0918036
29.575,0.943643,1.03237,1.03171,-0.0887312
29.58,0.934419,1.03225,1.03158,-0.0978351
29.585,0.929977,1.03213,1.03146,-0.102157
29.59,0.935468,1.03201,1.03134,-0.096546
29.595,0.948088,1.03189,1.03122,-0.0838047
29.6,0.943651,1.03177,1.0311,-0.0881215
29.605,0.932103,1.03165,1.03098,-0.0995495
29.61,0.941492,1.03153,1.03086,-0.0900397
29.615,0.94826,1.03141,1.03074,-0.0831511
29.62,0.93851,1.03129,1.03062,-0.0927807
29.625,0.923555,1.03117,1.03049,-0.107615
29.63,0.930971,1.03105,1.03037,-0.100078
29.635,0.940928,1.03093,1.03025,-0.0900007
29.64,0.95093,1.03081,1.03013,-0.0798779
29.645,0.930393,1.03069,1.03001,-0.100294
29.65,0.924669,1.03057,1.02989,-0.105897
29.655,0.953387,1.03045,1.02977,-0.0770586
29.66,0.974735,1.03033,1.02965,-0.05559
29.665,0.988355,1.0302,1.02952,-0.041849
29.67,0.985133,1.03008,1.0294,-0.0449508
29.675,0.96044,1.02996,1.02928,-0.0695223
29.68,0.950643,1.02984,1.02916,-0.0791991
29.685,0.939481,1.02972,1.02904,-0.09024
29.69,0.934522,1.0296,1.02892,-0.0950784
29.695,0.948345,1.02948,1.0288,-0.0811339
29.7,0.958835,1.02936,1.02867,-0.0705231
29.705,0.951989,1.02924,1.02855,-0.0772479
29.71,0.930932,1.02912,1.02843,-0.0981845
29.715,0.91811,1.029,1.02831,-0.110885
29.72,0.911859,1.02887,1.02819,-0.117015
29.725,0.936251,1.02875,1.02807,-0.0925018
29.73,0.953277,1.02863,1.02794,-0.0753552
29.735,0.96638,1.02851,1.02782,-0.0621308
29.74,0.97274,1.02839,1.0277,-0.0556492
29.745,0.964232,1.02827,1.02758,-0.0640364
29.75,0.960787,1.02815,1.02746,-0.0673598
29.755,0.955672,1.02803,1.02733,-0.0723533
29.76,0.943994,1.0279,1.02721,-0.0839102
29.765,0.941344,1.02778,1.02709,-0.0864387
29.77,0.931907,1.02766,1.02697,-0.0957544
29.775,0.911338,1.02754,1.02685,-0.116202
29.78,0.928391,1.02742,1.02672,-0.0990282
29.785,0.937518,1.0273,1.0266,-0.0897792
29.79,0.952012,1.02718,1.02648,-0.0751644
29.795,0.956141,1.02705,1.02636,-0.0709141
29.8,0.960467,1.02693,1.02624,-0.0664668
29.805,0.970943,1.02681,1.02611,-0.0558685
29.81,0.9641,1.02669,1.02599,-0.0625904
29.815,0.956788,1.02657,1.02587,-0.0697809
29.82,0.947274,1.02645,1.02575,-0.0791728
29.825,0.942702,1.02633,1.02562,-0.0836236
29.83,0.934628,1.0262,1.0255,-0.0915755
29.835,0.927328,1.02608,1.02538,-0.098754
29.84,0.928876,1.02596,1.02526,-0.0970845
29.845,0.935159,1.02584,1.02514,-0.0906796
29.85,0.920868,1.02572,1.02501,-0.104849
29.855,0.914638,1.0256,1.02489,-0.110957
29.86,0.914591,1.02547,1.02477,-0.110882
29.865,0.922555,1.02535,1.02465,-0.102797
29.87,0.933634,1.02523,1.02452,-0.0915959
29.875,0.937392,1.02511,1.0244,-0.0877161
29.88,0.931379,1.02499,1.02428,-0.0936075
29.885,0.94171,1.02486,1.02416,-0.0831543
29.89,0.95051,1.02474,1.02403,-0.0742323
29.895,0.973902,1.02462,1.02391,-0.0507184
29.9,0.978512,1.0245,1.02379,-0.0459861
29.905,0.974061,1.02438,1.02367,-0.050315
29.91,0.963263,1.02425,1.02354,-0.0609914
29.915,0.946132,1.02413,1.02342,-0.0780005
29.92,0.944652,1.02401,1.0233,-0.0793581
29.925,0.947885,1.02389,1.02317,-0.0760036
29.93,0.951601,1.02377,1.02305,-0.0721655
29.935,0.958958,1.02364,1.02293,-0.0646859
29.94,0.952407,1.02352,1.02281,-0.0711143
29.945,0.963813,1.0234,1.02268,-0.0595867
29.95,0.971139,1.02328,1.02256,-0.0521385
29.955,0.969392,1.02316,1.02244,-0.0537631
29.96,0.95556,1.02303,1.02231,-0.0674725
29.965,0.939187,1.02291,1.02219,-0.083724
29.97,0.953538,1.02279,1.02207,-0.0692502
29.975,0.971047,1.02267,1.02194,-0.0516191
29.98,0.967516,1.02254,1.02182,-0.055028
29.985,0.941615,1.02242,1.0217,-0.0808065
29.99,0.936881,1.0223,1.02158,-0.0854176
29.995,0.942937,1.02218,1.02145,-0.0792389
30,0.959504,1.02205,1.02133,-0.0625499
30.005,0.962179,1.02193,1.02121,-0.0597527
30.01,0.951907,1.02181,1.02108,-0.0699022
30.015,0.946234,1.02169,1.02096,-0.0754526
30.02,0.938028,1.02156,1.02084,-0.0835356
30.025,0.942538,1.02144,1.02071,-0.0789028
30.03,0.954577,1.02132,1.02059,-0.0667412
30.035,0.945178,1.0212,1.02047,-0.0760175
30.04,0.92739,1.02107,1.02034,-0.0936834
30.045,0.933152,1.02095,1.02022,-0.0877985
30.05,0.938009,1.02083,1.0201,-0.0828191
30.055,0.952029,1.02071,1.01997,-0.0686762
30.06,0.962748,1.02058,1.01985,-0.0578343
30.065,0.969918,1.02046,1.01973,-0.0505418
30.07,0.983569,1.02034,1.0196,-0.0367676
30.075,0.963923,1.02021,1.01948,-0.0562911
30.08,0.943042,1.02009,1.01936,-0.0770488
30.085,0.924757,1.01997,1.01923,-0.0952115
30.09,0.915475,1.01985,1.01911,-0.10437
30.095,0.909972,1.01972,1.01898,-0.109751
30.1,0.908229,1.0196,1.01886,-0.111371
30.105,0.916006,1.01948,1.01874,-0.103471
30.11,0.932978,1.01935,1.01861,-0.0863759
30.115,0.946848,1.01923,1.01849,-0.0723823
30.12,0.962541,1.01911,1.01837,-0.0565663
30.125,0.969356,1.01898,1.01824,-0.0496286
30.13,0.96285,1.01886,1.01812,-0.0560117
30.135,0.958299,1.01874,1.01799,-0.06044
30.14,0.944347,1.01862,1.01787,-0.0742687
30.145,0.937983,1.01849,1.01775,-0.0805091
30.15,0.938774,1.01837,1.01762,-0.0795948
30.155,0.929701,1.01825,1.0175,-0.0885447
30.16,0.926453,1.01812,1.01737,-0.0916695
30.165,0.926304,1.018,1.01725,-0.0916959
30.17,0.920164,1.01788,1.01713,-0.0977126
30.175,0.910313,1.01775,1.017,-0.10744
30.18,0.904791,1.01763,1.01688,-0.112838
30.185,0.90842,1.01751,1.01675,-0.109086
30.19,0.932265,1.01738,1.01663,-0.0851184
30.195,0.952262,1.01726,1.01651,-0.0649972
30.2,0.954657,1.01714,1.01638,-0.0624788
30.205,0.942871,1.01701,1.01626,-0.0741417
30.21,0.918742,1.01689,1.01613,-0.0981473
30.215,0.90751,1.01677,1.01601,-0.109256
30.22,0.912374,1.01664,1.01589,-0.104268
30.225,0.916453,1.01652,1.01576,-0.100066
30.23,0.915434,1.0164,1.01564,-0.100962
30.235,0.906397,1.01627,1.01551,-0.109875
30.24,0.911541,1.01615,1.01539,-0.104607
30.245,0.923286,1.01602,1.01526,-0.0927384
30.25,0.92811,1.0159,1.01514,-0.0877913
30.255,0.92141,1.01578,1.01502,-0.0943674
30.26,0.92225,1.01565,1.01489,-0.0934039
30.265,0.933796,1.01553,1.01477,-0.0817342
30.27,0.932846,1.01541,1.01464,-0.0825606
30.275,0.937392,1.01528,1.01452,-0.0778903
30.28,0.927875,1.01516,1.01439,-0.087284
30.285,0.932836,1.01504,1.01427,-0.0821994
30.29,0.941382,1.01491,1.01414,-0.0735297
30.295,0.942569,1.01479,1.01402,-0.0722188
30.3,0.933657,1.01466,1.01389,-0.0810065
30.305,0.935225,1.01454,1.01377,-0.0793148
30.31,0.942609,1.01442,1.01364,-0.0718067
30.315,0.947034,1.01429,1.01352,-0.0672585
30.32,0.940288,1.01417,1.0134,-0.0738807
30.325,0.948933,1.01404,1.01327,-0.0651113
30.33,0.950533,1.01392,1.01315,-0.0633878
30.335,0.97296,1.0138,1.01302,-0.0408364
30.34,0.975714,1.01367,1.0129,-0.037958
30.345,0.977665,1.01355,1.01277,-0.0358836
30.35,0.971019,1.01342,1.01265,-0.0424056
30.355,0.952649,1.0133,1.01252,-0.0606508
30.36,0.935707,1.01318,1.0124,-0.0774691
30.365,0.931645,1.01305,1.01227,-0.0814072
30.37,0.93257,1.01293,1.01215,-0.0803582
30.375,0.934459,1.0128,1.01202,-0.0783448
30.38,0.936443,1.01269,1.0119,-0.0762424
30.385,0.940757,1.01256,1.01177,-0.071804
30.39,0.954289,1.01244,1.01165,-0.0581484
30.395,0.951577,1.01231,1.01152,-0.0607363
30.4,0.952356,1.01219,1.0114,-0.059833
30.405,0.94039,1.01206,1.01127,-0.0716743
30.41,0.920273,1.01194,1.01115,-0.0916666
30.415,0.882454,1.01182,1.01102,-0.129362
30.42,0.858383,1.01169,1.0109,-0.153308
30.425,0.84776,1.01157,1.01077,-0.163807
30.43,0.854477,1.01144,1.01065,-0.156965
30.435,0.888149,1.01132,1.01052,-0.123169
30.44,0.911603,1.01119,1.01039,-0.0995911
30.445,0.936021,1.01107,1.01027,-0.0750482
30.45,0.947753,1.01094,1.01014,-0.0631923
30.455,0.942453,1.01082,1.01002,-0.0683676
30.46,0.944368,1.0107,1.00989,-0.0663281
30.465,0.928948,1.01057,1.00977,-0.0816229
30.47,0.922787,1.01045,1.00964,-0.0876593
30.475,0.938181,1.01032,1.00952,-0.0721411
30.48,0.948601,1.0102,1.00939,-0.0615961
30.485,0.94862,1.01007,1.00927,-0.0614525
30.49,0.95016,1.00995,1.00914,-0.0597886
30.495,0.943297,1.00982,1.00902,-0.0665263
30.5,0.949523,1.0097,1.00889,-0.0601759
30.505,0.95364,1.00957,1.00876,-0.0559338
30.51,0.931517,1.00945,1.00864,-0.0779324
30.515,0.922891,1.00932,1.00851,-0.0864341
30.52,0.92464,1.0092,1.00839,-0.0845602
30.525,0.940145,1.00908,1.00826,-0.0689299
30.53,0.945143,1.00895,1.00814,-0.063807
30.535,0.950444,1.00883,1.00801,-0.058382
30.54,0.950659,1.0087,1.00788,-0.0580413
30.545,0.955428,1.00858,1.00776,-0.0531481
30.55,0.949407,1.00845,1.00763,-0.0590438
30.555,0.942334,1.00833,1.00751,-0.0659922
30.56,0.940623,1.0082,1.00738,-0.0675785
30.565,0.945237,1.00808,1.00726,-0.0628391
30.57,0.943427,1.00795,1.00713,-0.0645243
30.575,0.941186,1.00783,1.007,-0.0666402
30.58,0.941423,1.0077,1.00688,-0.0662782
30.585,0.943943,1.00758,1.00675,-0.0636335
30.59,0.932383,1.00745,1.00663,-0.0750677
30.595,0.94143,1.00733,1.0065,-0.0658965
30.6,0.945091,1.0072,1.00637,-0.0621098
30.605,0.938389,1.00708,1.00625,-0.0686873
30.61,0.957902,1.00695,1.00612,-0.0490489
30.615,0.975263,1.00683,1.006,-0.0315623
30.62,0.982931,1.0067,1.00587,-0.0237691
30.625,0.983905,1.00658,1.00574,-0.0226704
30.63,0.957633,1.00645,1.00562,-0.0488174
30.635,0.946294,1.00632,1.00549,-0.0600313
30.64,0.932448,1.0062,1.00537,-0.0737517
30.645,0.914476,1.00607,1.00524,-0.0915987
30.65,0.915134,1.00595,1.00511,-0.0908147
30.655,0.922013,1.00582,1.00499,-0.0838106
30.66,0.917429,1.0057,1.00486,-0.0882696
30.665,0.918299,1.00557,1.00473,-0.0872737
30.67,0.918531,1.00545,1.00461,-0.0869168
30.675,0.919032,1.00532,1.00448,-0.08629
30.68,0.903285,1.0052,1.00436,-0.101912
30.685,0.885393,1.00507,1.00423,-0.119679
30.69,0.870575,1.00495,1.0041,-0.134371
30.695,0.880121,1.00482,1.00398,-0.124699
30.7,0.897142,1.0047,1.00385,-0.107553
30.705,0.911351,1.00457,1.00372,-0.0932182
30.71,0.926445,1.00444,1.0036,-0.0779987
30.715,0.930353,1.00432,1.00347,-0.0739657
30.72,0.944408,1.00419,1.00334,-0.0597854
30.725,0.952134,1.00407,1.00322,-0.0519336
30.73,0.957476,1.00394,1.00309,-0.0464653
30.735,0.943796,1.00382,1.00296,-0.0600203
30.74,0.915906,1.00369,1.00284,-0.0877843
30.745,0.908042,1.00356,1.00271,-0.0955227
30.75,0.9065,1.00344,1.00258,-0.0969396
30.755,0.914257,1.00331,1.00246,-0.0890568
30.76,0.899863,1.00319,1.00233,-0.103325
30.765,0.893421,1.00306,1.0022,-0.109641
30.77,0.893844,1.00294,1.00208,-0.109092
30.775,0.907233,1.00281,1.00195,-0.0955771
30.78,0.920249,1.00268,1.00182,-0.0824354
30.785,0.930498,1.00256,1.0017,-0.0720609
30.79,0.924698,1.00243,1.00157,-0.0777349
30.795,0.915907,1.00231,1.00144,-0.0864008
30.8,0.915305,1.00218,1.00132,-0.0868764
30.805,0.906315,1.00206,1.00119,-0.0957401
30.81,0.907885,1.00193,1.00106,-0.0940444
30.815,0.908381,1.0018,1.00094,-0.093423
30.82,0.908924,1.00168,1.00081,-0.0927537
30.825,0.901872,1.00155,1.00068,-0.0996799
30.83,0.909162,1.00143,1.00055,-0.0922641
30.835,0.911549,1.0013,1.00043,-0.0897509
30.84,0.926219,1.00117,1.0003,-0.0749549
30.845,0.930299,1.00105,1.00017,-0.0707484
30.85,0.918694,1.00092,1.00005,-0.0822277
30.855,0.921316,1.0008,0.999919,-0.07948
30.86,0.917288,1.00067,0.999792,-0.0833813
30.865,0.927972,1.00054,0.999665,-0.0725711
30.87,0.925858,1.00042,0.999538,-0.074559
30.875,0.922158,1.00029,0.999411,-0.0781335
30.88,0.913136,1.00017,0.999284,-0.0870294
30.885,0.904112,1.00004,0.999157,-0.0959271
30.89,0.892942,0.999913,0.999029,-0.106971
30.895,0.885464,0.999787,0.998902,-0.114323
30.9,0.890257,0.99966,0.998775,-0.109403
30.905,0.911865,0.999534,0.998648,-0.0876689
30.91,0.91284,0.999408,0.99852,-0.0865675
30.915,0.917368,0.999282,0.998393,-0.0819137
30.92,0.915027,0.999155,0.998266,-0.0841278
30.925,0.925451,0.999029,0.998138,-0.0735781
30.93,0.929418,0.998903,0.998011,-0.0694843
30.935,0.936372,0.998776,0.997883,-0.0624046
30.94,0.929626,0.99865,0.997756,-0.0690239
30.945,0.94497,0.998524,0.997628,-0.0535534
30.95,0.931496,0.998397,0.997501,-0.0669014
30.955,0.913471,0.998271,0.997373,-0.0847999
30.96,0.901483,0.998144,0.997246,-0.0966611
30.965,0.901237,0.998018,0.997118,-0.0967809
30.97,0.911198,0.997891,0.996991,-0.0866938
30.975,0.914247,0.997765,0.996863,-0.0835182
30.98,0.912248,0.997638,0.996736,-0.0853906
30.985,0.916944,0.997512,0.996608,-0.0805676
30.99,0.916527,0.997385,0.99648,-0.0808578
30.995,0.931617,0.997259,0.996353,-0.0656421
31,0.928613,0.997132,0.996225,-0.068519
31.005,0.926225,0.997006,0.996097,-0.0707805
31.01,0.916092,0.996879,0.99597,-0.0807871
31.015,0.922493,0.996752,0.995842,-0.0742595
31.02,0.926259,0.996626,0.995714,-0.0703663
31.025,0.914545,0.996499,0.995586,-0.0819535
31.03,0.902483,0.996372,0.995459,-0.0938894
31.035,0.906486,0.996246,0.995331,-0.08976
31.04,0.919304,0.996119,0.995203,-0.0768151
31.045,0.930017,0.995992,0.995075,-0.065975
31.05,0.904763,0.995865,0.994947,-0.0911028
31.055,0.892786,0.995739,0.994819,-0.102953
31.06,0.893742,0.995612,0.994692,-0.10187
31.065,0.903348,0.995485,0.994564,-0.0921368
31.07,0.928037,0.995358,0.994436,-0.0673215
31.075,0.935203,0.995231,0.994308,-0.0600284
31.08,0.955518,0.995105,0.99418,-0.0395863
31.085,0.965222,0.994978,0.994052,-0.0297558
31.09,0.970222,0.994851,0.993924,-0.0246285
31.095,0.966864,0.994724,0.993796,-0.0278601
31.1,0.959977,0.994597,0.993668,-0.0346196
31.105,0.95493,0.99447,0.993539,-0.0395405
31.11,0.953909,0.994343,0.993411,-0.040434
31.115,0.943419,0.994216,0.993283,-0.0507974
31.12,0.938652,0.994089,0.993155,-0.0554376
31.125,0.929773,0.993962,0.993027,-0.0641895
31.13,0.933207,0.993835,0.992899,-0.0606282
31.135,0.924214,0.993708,0.992771,-0.0694942
31.14,0.931083,0.993581,0.992642,-0.062498
31.145,0.948029,0.993454,0.992514,-0.0454254
31.15,0.954578,0.993327,0.992386,-0.0387488
31.155,0.949888,0.9932,0.992258,-0.0433122
31.16,0.930192,0.993073,0.992129,-0.0628806
31.165,0.90896,0.992946,0.992001,-0.0839852
31.17,0.91291,0.992818,0.991873,-0.0799083
31.175,0.929511,0.992691,0.991744,-0.0631807
31.18,0.922205,0.992564,0.991616,-0.0703596
31.185,0.927,0.992437,0.991487,-0.0654369
31.19,0.931911,0.99231,0.991359,-0.0603986
31.195,0.944941,0.992182,0.991231,-0.0472412
31.2,0.958297,0.992055,0.991102,-0.0337583
31.205,0.953708,0.991928,0.990974,-0.0382199
31.21,0.944933,0.991801,0.990845,-0.0468673
31.215,0.95325,0.991673,0.990717,-0.0384231
31.22,0.959805,0.991546,0.990588,-0.0317407
31.225,0.957075,0.991419,0.99046,-0.0343434
31.23,0.954269,0.991291,0.990331,-0.0370221
31.235,0.936555,0.991164,0.990203,-0.0546089
31.24,0.934515,0.991037,0.990074,-0.0565215
31.245,0.930953,0.990909,0.989945,-0.0599567
31.25,0.927574,0.990782,0.989817,-0.063208
31.255,0.931842,0.990655,0.989688,-0.0588131
31.26,0.942678,0.990527,0.989559,-0.047849
31.265,0.958541,0.9904,0.989431,-0.0318587
31.27,0.954159,0.990272,0.989302,-0.0361135
31.275,0.93549,0.990145,0.989173,-0.0546548
31.28,0.921862,0.990017,0.989044,-0.0681553
31.285,0.905175,0.98989,0.988916,-0.0847151
31.29,0.900008,0.989762,0.988787,-0.0897541
31.295,0.913714,0.989635,0.988658,-0.0759206
31.3,0.9322,0.989507,0.988529,-0.057307
31.305,0.928791,0.98938,0.9884,-0.0605883
31.31,0.915001,0.989252,0.988272,-0.074251
31.315,0.911701,0.989124,0.988143,-0.0774231
31.32,0.922847,0.988997,0.988014,-0.0661497
31.325,0.94457,0.988869,0.987885,-0.0442995
31.33,0.944387,0.988742,0.987756,-0.044355
31.335,0.937328,0.988614,0.987627,-0.0512856
31.34,0.930771,0.988486,0.987498,-0.057715
31.345,0.934783,0.988359,0.987369,-0.0535756
31.35,0.929934,0.988231,0.98724,-0.0582967
31.355,0.935914,0.988103,0.987111,-0.0521891
31.36,0.924502,0.987975,0.986982,-0.0634731
31.365,0.932267,0.987848,0.986853,-0.0555808
31.37,0.952434,0.98772,0.986724,-0.035286
31.375,0.968865,0.987592,0.986595,-0.0187275
31.38,0.957687,0.987464,0.986466,-0.0297771
31.385,0.927302,0.987337,0.986337,-0.060035
31.39,0.906828,0.987209,0.986207,-0.0803811
31.395,0.910924,0.987081,0.986078,-0.0761568
31.4,0.936614,0.986953,0.985949,-0.0503392
31.405,0.94795,0.986825,0.98582,-0.0388758
31.41,0.950637,0.986697,0.985691,-0.0360608
31.415,0.945309,0.98657,0.985561,-0.0412608
31.42,0.943327,0.986442,0.985432,-0.0431146
31.425,0.946507,0.986314,0.985303,-0.0398065
31.43,0.927391,0.986186,0.985174,-0.0587946
31.435,0.892579,0.986058,0.985044,-0.0934792
31.44,0.88767,0.98593,0.984915,-0.09826
31.445,0.918628,0.985802,0.984786,-0.0671742
31.45,0.945256,0.985674,0.984656,-0.0404176
31.455,0.966729,0.985546,0.984527,-0.0188173
31.46,0.954471,0.985418,0.984398,-0.0309469
31.465,0.950223,0.98529,0.984268,-0.0350672
31.47,0.958647,0.985162,0.984139,-0.0265145
31.475,0.974346,0.985034,0.984009,-0.010688
31.48,0.978733,0.984906,0.98388,-0.00617286
31.485,0.979449,0.984778,0.98375,-0.00532896
31.49,0.963234,0.98465,0.983621,-0.0214158
31.495,0.963724,0.984522,0.983491,-0.0207975
31.5,0.96345,0.984393,0.983362,-0.0209433
31.505,0.953366,0.984265,0.983232,-0.0308989
31.51,0.939582,0.984137,0.983103,-0.0445555
31.515,0.940728,0.984009,0.982973,-0.0432809
31.52,0.934669,0.983881,0.982844,-0.0492123
31.525,0.924463,0.983753,0.982714,-0.0592898
31.53,0.917796,0.983624,0.982584,-0.065828
31.535,0.912439,0.983496,0.982455,-0.0710575
31.54,0.914367,0.983368,0.982325,-0.0690013
31.545,0.917715,0.98324,0.982195,-0.0655251
31.55,0.935383,0.983112,0.982066,-0.0477287
31.555,0.94203,0.982983,0.981936,-0.0409533
31.56,0.948527,0.982855,0.981806,-0.0343283
31.565,0.959705,0.982727,0.981676,-0.0230216
31.57,0.951332,0.982598,0.981547,-0.0312663
31.575,0.947351,0.98247,0.981417,-0.0351192
31.58,0.933225,0.982342,0.981287,-0.0491171
31.585,0.94471,0.982213,0.981157,-0.0375035
31.59,0.953842,0.982085,0.981027,-0.0282434
31.595,0.953479,0.981957,0.980898,-0.0284777
31.6,0.937088,0.981828,0.980768,-0.04474
31.605,0.92912,0.9817,0.980638,-0.0525798
31.61,0.922074,0.981571,0.980508,-0.0594972
31.615,0.922646,0.981443,0.980378,-0.0587967
31.62,0.936372,0.981315,0.980248,-0.0449426
31.625,0.954148,0.981186,0.980118,-0.0270378
31.63,0.956306,0.981058,0.979988,-0.0247523
31.635,0.942184,0.980929,0.979858,-0.0387452
31.64,0.946395,0.980801,0.979728,-0.0344054
31.645,0.937866,0.980672,0.979598,-0.0428066
31.65,0.935425,0.980544,0.979468,-0.0451186
31.655,0.934297,0.980415,0.979338,-0.0461182
31.66,0.937191,0.980287,0.979208,-0.0430956
31.665,0.937591,0.980158,0.979078,-0.0425672
31.67,0.929238,0.98003,0.978948,-0.0507914
31.675,0.933387,0.979901,0.978818,-0.0465143
31.68,0.930421,0.979773,0.978687,-0.0493517
31.685,0.926806,0.979644,0.978557,-0.052838
31.69,0.928071,0.979515,0.978427,-0.0514449
31.695,0.927296,0.979387,0.978297,-0.0520912
31.7,0.944321,0.979258,0.978167,-0.0349371
31.705,0.951772,0.979129,0.978037,-0.0273571
31.71,0.942885,0.979001,0.977906,-0.0361156
31.715,0.94176,0.978872,0.977776,-0.0371121
31.72,0.932372,0.978744,0.977646,-0.0463715
31.725,0.932514,0.978615,0.977515,-0.0461008
31.73,0.950429,0.978486,0.977385,-0.0280573
31.735,0.958595,0.978357,0.977255,-0.0197624
31.74,0.950821,0.978229,0.977125,-0.0274081
31.745,0.931874,0.9781,0.976994,-0.0462256
31.75,0.931656,0.977971,0.976864,-0.0463158
31.755,0.949424,0.977843,0.976733,-0.0284182
31.76,0.970179,0.977714,0.976603,-0.00753433
31.765,0.983206,0.977585,0.976473,0.00562125
31.77,0.982418,0.977456,0.976342,0.00496217
31.775,0.984543,0.977327,0.976212,0.00721511
31.78,0.976499,0.977199,0.976081,-0.000699818
31.785,0.953972,0.97707,0.975951,-0.0230978
31.79,0.916029,0.976941,0.97582,-0.0609119
31.795,0.893401,0.976812,0.97569,-0.0834111
31.8,0.894146,0.976683,0.975559,-0.0825374
31.805,0.906501,0.976554,0.975429,-0.0700535
31.81,0.920275,0.976426,0.975298,-0.0561509
31.815,0.935072,0.976297,0.975168,-0.0412245
31.82,0.956591,0.976168,0.975037,-0.0195771
31.825,0.971927,0.976039,0.974906,-0.00411188
31.83,0.978602,0.97591,0.974776,0.0026918
31.835,0.980259,0.975781,0.974645,0.00447796
31.84,0.97514,0.975652,0.974515,-0.00051218
31.845,0.975296,0.975523,0.974384,-0.000227279
31.85,0.9653,0.975394,0.974253,-0.0100937
31.855,0.970583,0.975265,0.974123,-0.00468248
31.86,0.965781,0.975136,0.973992,-0.00935539
31.865,0.978126,0.975007,0.973861,0.00311866
31.87,0.964358,0.974878,0.97373,-0.0105204
31.875,0.9443,0.974749,0.9736,-0.0304495
31.88,0.938767,0.97462,0.973469,-0.035853
31.885,0.943081,0.974491,0.973338,-0.0314098
31.89,0.953685,0.974362,0.973207,-0.0206773
31.895,0.968756,0.974233,0.973076,-0.00547758
31.9,0.960561,0.974104,0.972946,-0.0135434
31.905,0.941734,0.973975,0.972815,-0.0322414
31.91,0.9284,0.973846,0.972684,-0.0454455
31.915,0.90647,0.973717,0.972553,-0.0672464
31.92,0.906205,0.973588,0.972422,-0.0673824
31.925,0.922902,0.973459,0.972291,-0.0505562
31.93,0.946408,0.97333,0.97216,-0.0269221
31.935,0.966424,0.9732,0.972029,-0.00677692
31.94,0.958602,0.973071,0.971898,-0.0144696
31.945,0.953397,0.972942,0.971767,-0.0195449
31.95,0.94696,0.972813,0.971636,-0.0258531
31.955,0.95189,0.972684,0.971505,-0.020794
31.96,0.948109,0.972555,0.971374,-0.0244459
31.965,0.941343,0.972426,0.971243,-0.0310822
31.97,0.951066,0.972296,0.971112,-0.0212299
31.975,0.957032,0.972167,0.970981,-0.0151356
31.98,0.96222,0.972038,0.97085,-0.00981755
31.985,0.968816,0.971909,0.970719,-0.00309279
31.99,0.963545,0.971779,0.970588,-0.00823439
31.995,0.967347,0.97165,0.970457,-0.00430286
32,0.956408,0.971521,0.970326,-0.0151128
32.005,0.942778,0.971392,0.970195,-0.0286141
32.01,0.936084,0.971263,0.970063,-0.0351788
32.015,0.948169,0.971133,0.969932,-0.0229638
32.02,0.953091,0.971004,0.969801,-0.017913
32.025,0.955136,0.970875,0.96967,-0.0157388
32.03,0.927091,0.970745,0.969539,-0.0436547
32.035,0.917605,0.970616,0.969407,-0.0530113
32.04,0.934449,0.970487,0.969276,-0.0360376
32.045,0.929342,0.970357,0.969145,-0.0410152
32.05,0.933921,0.970228,0.969014,-0.0363071
32.055,0.918185,0.970099,0.968882,-0.0519135
32.06,0.919626,0.969969,0.968751,-0.0503429
32.065,0.930484,0.96984,0.96862,-0.0393563
32.07,0.93109,0.969711,0.968488,-0.0386211
32.075,0.935895,0.969581,0.968357,-0.0336868
32.08,0.95181,0.969452,0.968226,-0.0176422
32.085,0.952878,0.969323,0.968094,-0.0164446
32.09,0.941981,0.969193,0.967963,-0.0272119
32.095,0.93684,0.969064,0.967831,-0.0322238
32.1,0.913104,0.968934,0.9677,-0.0558303
32.105,0.911355,0.968805,0.967569,-0.0574503
32.11,0.912275,0.968676,0.967437,-0.0564002
32.115,0.924411,0.968546,0.967306,-0.044135
32.12,0.937428,0.968417,0.967174,-0.0309891
32.125,0.949549,0.968287,0.967043,-0.0187386
32.13,0.94395,0.968158,0.966911,-0.024208
32.135,0.944572,0.968028,0.96678,-0.0234566
32.14,0.932594,0.967899,0.966648,-0.0353051
32.145,0.928262,0.967769,0.966516,-0.0395071
32.15,0.926852,0.96764,0.966385,-0.0407878
32.155,0.926451,0.96751,0.966253,-0.0410594
32.16,0.922611,0.967381,0.966122,-0.0447704
32.165,0.935098,0.967251,0.96599,-0.0321531
32.17,0.947028,0.967122,0.965859,-0.0200943
32.175,0.969772,0.966992,0.965727,0.00277939
32.18,0.983747,0.966863,0.965595,0.0168844
32.185,0.961127,0.966733,0.965464,-0.00560585
32.19,0.95102,0.966604,0.965332,-0.0155834
32.195,0.948874,0.966474,0.9652,-0.0176
32.2,0.961534,0.966345,0.965068,-0.00481102
32.205,0.9796,0.966215,0.964937,0.0133848
32.21,0.964321,0.966086,0.964805,-0.00176437
32.215,0.961236,0.965956,0.964673,-0.00472
32.22,0.956824,0.965826,0.964542,-0.00900231
32.225,0.949126,0.965697,0.96441,-0.016571
32.23,0.946432,0.965567,0.964278,-0.0191355
32.235,0.93681,0.965438,0.964146,-0.0286272
32.24,0.951218,0.965308,0.964014,-0.0140897
32.245,0.956307,0.965178,0.963882,-0.00887116
32.25,0.965832,0.965049,0.963751,0.000783246
32.255,0.956555,0.964919,0.963619,-0.00836467
32.26,0.948806,0.96479,0.963487,-0.0159836
32.265,0.95128,0.96466,0.963355,-0.0133804
32.27,0.963988,0.96453,0.963223,-0.000542138
32.275,0.963679,0.964401,0.963091,-0.000722058
32.28,0.978613,0.964271,0.962959,0.0143415
32.285,0.984306,0.964141,0.962827,0.0201643
32.29,0.984404,0.964012,0.962695,0.0203923
32.295,0.961358,0.963882,0.962563,-0.00252436
32.3,0.948602,0.963752,0.962431,-0.0151507
32.305,0.942942,0.963623,0.962299,-0.0206807
32.31,0.964791,0.963493,0.962167,0.00129783
32.315,0.963913,0.963363,0.962035,0.000549182
32.32,0.951955,0.963234,0.961903,-0.0112784
32.325,0.94603,0.963104,0.961771,-0.0170738
32.33,0.934118,0.962974,0.961639,-0.0288559
32.335,0.921598,0.962845,0.961507,-0.0412467
32.34,0.906487,0.962715,0.961375,-0.0562275
32.345,0.902799,0.962585,0.961243,-0.0597861
32.35,0.910649,0.962455,0.961111,-0.0518062
32.355,0.920041,0.962326,0.960979,-0.042285
32.36,0.923257,0.962196,0.960847,-0.0389389
32.365,0.915917,0.962066,0.960715,-0.0461488
32.37,0.954398,0.961936,0.960582,-0.00753871
32.375,0.96574,0.961807,0.96045,0.00393277
32.38,0.966162,0.961677,0.960318,0.00448524
32.385,0.945298,0.961547,0.960186,-0.0162497
32.39,0.930316,0.961417,0.960054,-0.0311012
32.395,0.948874,0.961288,0.959921,-0.0124141
32.4,0.958674,0.961158,0.959789,-0.00248348
32.405,0.944989,0.961028,0.959657,-0.0160396
32.41,0.939945,0.960898,0.959525,-0.0209536
32.415,0.940169,0.960769,0.959392,-0.0205996
32.42,0.958929,0.960639,0.95926,-0.00170995
32.425,0.965131,0.960509,0.959128,0.00462189
32.43,0.972773,0.960379,0.958995,0.0123942
32.435,0.963693,0.96025,0.958863,0.00344389
32.44,0.98166,0.96012,0.958731,0.02154
32.445,0.988227,0.95999,0.958598,0.0282371
32.45,0.990443,0.95986,0.958466,0.0305828
32.455,0.975936,0.95973,0.958334,0.0162061
32.46,0.946523,0.959601,0.958201,-0.0130771
32.465,0.935985,0.959471,0.958069,-0.0234854
32.47,0.93053,0.959341,0.957936,-0.028811
32.475,0.925904,0.959211,0.957804,-0.0333067
32.48,0.91544,0.959081,0.957672,-0.0436415
32.485,0.91866,0.958951,0.957539,-0.0402914
32.49,0.932542,0.958822,0.957407,-0.02628
32.495,0.961395,0.958692,0.957274,0.0027029
32.5,0.982977,0.958562,0.957142,0.0244155
32.505,0.995883,0.958432,0.957009,0.0374508
32.51,1.01475,0.958302,0.956877,0.0564525
32.515,1.00152,0.958173,0.956744,0.0433427
32.52,0.980791,0.958043,0.956612,0.0227488
32.525,0.94776,0.957913,0.956479,-0.0101531
32.53,0.923301,0.957783,0.956346,-0.034482
32.535,0.922455,0.957653,0.956214,-0.0351984
32.54,0.929806,0.957523,0.956081,-0.0277177
32.545,0.935461,0.957394,0.955949,-0.021933
32.55,0.93125,0.957264,0.955816,-0.0260137
32.555,0.927479,0.957134,0.955683,-0.029655
32.56,0.931723,0.957004,0.955551,-0.0252814
32.565,0.954491,0.956874,0.955418,-0.00238291
32.57,0.968834,0.956744,0.955285,0.0120899
32.575,0.966689,0.956614,0.955153,0.0100747
32.58,0.970375,0.956485,0.95502,0.0138902
32.585,0.977616,0.956355,0.954887,0.0212616
32.59,0.995997,0.956225,0.954755,0.0397718
32.595,0.978929,0.956095,0.954622,0.0228342
32.6,0.968433,0.955965,0.954489,0.0124681
32.605,0.967576,0.955835,0.954356,0.0117406
32.61,0.981587,0.955705,0.954224,0.0258814
32.615,0.98659,0.955576,0.954091,0.0310147
32.62,0.972815,0.955446,0.953958,0.0173692
32.625,0.957324,0.955316,0.953825,0.00200806
32.63,0.951342,0.955186,0.953692,-0.00384378
32.635,0.954564,0.955056,0.95356,-0.000492605
32.64,0.951923,0.954926,0.953427,-0.00300335
32.645,0.954395,0.954796,0.953294,-0.000401121
32.65,0.946676,0.954667,0.953161,-0.00799043
32.655,0.933366,0.954537,0.953028,-0.021171
32.66,0.933565,0.954407,0.952895,-0.0208423
32.665,0.93751,0.954277,0.952762,-0.0167674
32.67,0.968847,0.954147,0.95263,0.0147002
32.675,0.993853,0.954017,0.952497,0.0398355
32.68,1.00441,0.953887,0.952364,0.0505236
32.685,0.989508,0.953758,0.952231,0.0357507
32.69,0.972347,0.953628,0.952098,0.0187196
32.695,0.952326,0.953498,0.951965,-0.00117168
32.7,0.924206,0.953368,0.951832,-0.0291625
32.705,0.908397,0.953238,0.951699,-0.0448417
32.71,0.902294,0.953108,0.951566,-0.0508148
32.715,0.922578,0.952979,0.951433,-0.0304008
32.72,0.932144,0.952849,0.9513,-0.0207043
32.725,0.954837,0.952719,0.951167,0.00211828
32.73,0.96975,0.952589,0.951034,0.017161
32.735,0.98107,0.952459,0.950901,0.0286109
32.74,0.974681,0.952329,0.950768,0.0223511
32.745,0.97163,0.9522,0.950635,0.0194309
32.75,0.962067,0.95207,0.950502,0.00999681
32.755,0.96511,0.95194,0.950368,0.0131706
32.76,0.946305,0.95181,0.950235,-0.00550504
32.765,0.938726,0.95168,0.950102,-0.0129539
32.77,0.932446,0.95155,0.949969,-0.0191049
32.775,0.929927,0.951421,0.949836,-0.0214938
32.78,0.931122,0.951291,0.949703,-0.0201686
32.785,0.919908,0.951161,0.94957,-0.0312526
32.79,0.925845,0.951031,0.949436,-0.025186
32.795,0.9332,0.950901,0.949303,-0.0177017
32.8,0.930396,0.950772,0.94917,-0.0203758
32.805,0.935304,0.950642,0.949037,-0.0153376
32.81,0.946903,0.950512,0.948904,-0.00360938
32.815,0.932633,0.950382,0.94877,-0.0177494
32.82,0.943726,0.950252,0.948637,-0.00652624
32.825,0.946614,0.950123,0.948504,-0.00350823
32.83,0.946321,0.949993,0.948371,-0.00367161
32.835,0.949575,0.949863,0.948237,-0.000288088
32.84,0.954465,0.949733,0.948104,0.0047313
32.845,0.974649,0.949604,0.947971,0.0250453
32.85,0.979393,0.949474,0.947838,0.0299193
32.855,0.977066,0.949344,0.947704,0.0277222
32.86,0.959292,0.949214,0.947571,0.0100774
32.865,0.96742,0.949085,0.947438,0.0183359
32.87,0.973455,0.948955,0.947304,0.0245
32.875,0.964143,0.948825,0.947171,0.0153181
32.88,0.969791,0.948695,0.947037,0.0210961
32.885,0.967098,0.948566,0.946904,0.0185326
32.89,0.969465,0.948436,0.946771,0.0210291
32.895,0.968049,0.948306,0.946637,0.0197429
32.9,0.954948,0.948176,0.946504,0.00677128
32.905,0.941552,0.948047,0.94637,-0.00649497
32.91,0.925337,0.947917,0.946237,-0.0225798
32.915,0.932224,0.947787,0.946104,-0.0155634
32.92,0.938038,0.947658,0.94597,-0.00962
32.925,0.943629,0.947528,0.945837,-0.00389919
32.93,0.944838,0.947398,0.945703,-0.00255994
32.935,0.939299,0.947269,0.94557,-0.0079696
32.94,0.938121,0.947139,0.945436,-0.00901843
32.945,0.93777,0.947009,0.945303,-0.00923967
32.95,0.942254,0.94688,0.945169,-0.00462579
32.955,0.959728,0.94675,0.945036,0.0129775
32.96,0.969752,0.94662,0.944902,0.0231311
32.965,0.973444,0.946491,0.944769,0.0269532
32.97,0.983729,0.946361,0.944635,0.0373675
32.975,0.970064,0.946232,0.944501,0.0238328
32.98,0.958771,0.946102,0.944368,0.0126692
32.985,0.940349,0.945972,0.944234,-0.00562389
32.99,0.933395,0.945843,0.944101,-0.0124474
32.995,0.933023,0.945713,0.943967,-0.0126905
33,0.930454,0.945584,0.943833,-0.0151294
33.005,0.919348,0.945454,0.9437,-0.0261066
33.01,0.918753,0.945325,0.943566,-0.0265715
33.015,0.927534,0.945195,0.943433,-0.017661
33.02,0.939286,0.945066,0.943299,-0.00577961
33.025,0.934722,0.944936,0.943165,-0.0102143
33.03,0.924147,0.944807,0.943032,-0.0206592
33.035,0.920113,0.944677,0.942898,-0.0245645
33.04,0.905585,0.944548,0.942764,-0.0389631
33.045,0.921814,0.944418,0.94263,-0.0226038
33.05,0.914235,0.944289,0.942497,-0.0300536
33.055,0.911833,0.944159,0.942363,-0.0323265
33.06,0.912971,0.94403,0.942229,-0.0310588
33.065,0.924759,0.9439,0.942096,-0.0191413
33.07,0.952584,0.943771,0.941962,0.00881292
33.075,0.974287,0.943641,0.941828,0.0306458
33.08,0.978778,0.943512,0.941694,0.0352661
33.085,0.969749,0.943383,0.94156,0.0263664
33.09,0.971843,0.943253,0.941427,0.0285899
33.095,0.985118,0.943124,0.941293,0.0419939
33.1,0.983051,0.942995,0.941159,0.0400565
33.105,0.977059,0.942865,0.941025,0.0341937
33.11,0.965673,0.942736,0.940891,0.0229373
33.115,0.960405,0.942607,0.940758,0.0177981
33.12,0.962483,0.942477,0.940624,0.0200058
33.125,0.966138,0.942348,0.94049,0.0237902
33.13,0.951981,0.942219,0.940356,0.00976222
33.135,0.944608,0.942089,0.940222,0.00251837
33.14,0.943444,0.94196,0.940088,0.00148363
33.145,0.949952,0.941831,0.939954,0.0081208
33.15,0.974135,0.941702,0.93982,0.0324334
33.155,0.972607,0.941573,0.939686,0.031034
33.16,0.94969,0.941443,0.939552,0.00824699
33.165,0.956431,0.941314,0.939419,0.0151169
33.17,0.973292,0.941185,0.939285,0.0321066
33.175,0.997077,0.941056,0.939151,0.0560208
33.18,1.00075,0.940927,0.939017,0.0598214
33.185,0.981555,0.940798,0.938883,0.0407577
33.19,0.973306,0.940669,0.938749,0.0326377
33.195,0.963955,0.940539,0.938615,0.0234154
33.2,0.966764,0.94041,0.938481,0.026354
33.205,0.992966,0.940281,0.938347,0.0526849
33.21,0.991824,0.940152,0.938213,0.0516717
33.215,0.987389,0.940023,0.938079,0.0473653
33.22,0.972376,0.939894,0.937945,0.0324818
33.225,0.954007,0.939765,0.937811,0.0142418
33.23,0.95148,0.939636,0.937676,0.0118442
33.235,0.953517,0.939507,0.937542,0.0140094
33.24,0.946572,0.939378,0.937408,0.00719397
33.245,0.951632,0.939249,0.937274,0.0123826
33.25,0.974415,0.939121,0.93714,0.0352949
33.255,0.987735,0.938992,0.937006,0.0487437
33.26,1.00906,0.938863,0.936872,0.0701982
33.265,0.99727,0.938734,0.936738,0.0585363
33.27,0.974105,0.938605,0.936604,0.0355003
33.275,0.974194,0.938476,0.93647,0.0357179
33.28,0.960713,0.938348,0.936335,0.0223657
33.285,0.950674,0.938219,0.936201,0.0124555
33.29,0.960006,0.93809,0.936067,0.021916
33.295,0.956663,0.937961,0.935933,0.0187015
33.3,0.960159,0.937833,0.935799,0.0223263
33.305,0.961696,0.937704,0.935665,0.0239924
33.31,0.935745,0.937575,0.93553,-0.00182997
33.315,0.93538,0.937447,0.935396,-0.00206665
33.32,0.924426,0.937318,0.935262,-0.012892
33.325,0.903772,0.937189,0.935128,-0.0334175
33.33,0.884809,0.937061,0.934993,-0.0522522
33.335,0.885144,0.936932,0.934859,-0.0517881
33.34,0.900905,0.936804,0.934725,-0.0358992
33.345,0.919215,0.936675,0.934591,-0.0174605
33.35,0.934203,0.936547,0.934456,-0.00234367
33.355,0.933873,0.936418,0.934322,-0.00254562
33.36,0.939971,0.93629,0.934188,0.00368099
33.365,0.937472,0.936161,0.934054,0.00131097
33.37,0.937587,0.936033,0.933919,0.00155406
33.375,0.94022,0.935905,0.933785,0.00431526
33.38,0.937438,0.935776,0.933651,0.00166192
33.385,0.943718,0.935648,0.933516,0.00806955
33.39,0.955708,0.93552,0.933382,0.0201886
33.395,0.960858,0.935391,0.933248,0.0254667
33.4,0.967543,0.935263,0.933113,0.0322798
33.405,0.967549,0.935135,0.932979,0.0324137
33.41,0.981839,0.935007,0.932844,0.0468318
33.415,0.991146,0.934879,0.93271,0.056267
33.42,1.00142,0.934751,0.932576,0.0666674
33.425,0.988806,0.934622,0.932441,0.0541831
33.43,0.971214,0.934494,0.932307,0.0367197
33.435,0.981085,0.934366,0.932172,0.0467188
33.44,0.998142,0.934238,0.932038,0.063904
33.445,0.994703,0.93411,0.931904,0.0605923
33.45,0.988212,0.933982,0.931769,0.0542293
33.455,0.953329,0.933854,0.931635,0.0194746
33.46,0.936753,0.933727,0.9315,0.00302666
33.465,0.944661,0.933599,0.931366,0.0110618
33.47,0.932393,0.933471,0.931231,-0.00107752
33.475,0.949759,0.933343,0.931097,0.0164157
33.48,0.963603,0.933215,0.930962,0.0303881
33.485,0.967233,0.933088,0.930828,0.0341454
33.49,0.958648,0.93296,0.930693,0.0256884
33.495,0.935259,0.932832,0.930559,0.00242698
33.5,0.915233,0.932704,0.930424,-0.0174713
33.505,0.923328,0.932577,0.93029,-0.00924861
33.51,0.935926,0.932449,0.930155,0.00347662
33.515,0.950106,0.932322,0.930021,0.0177843
33.52,0.957098,0.932194,0.929886,0.024904
33.525,0.961855,0.932067,0.929752,0.0297885
33.53,0.973873,0.931939,0.929617,0.0419332
33.535,0.993506,0.931812,0.929483,0.0616944
33.54,0.991064,0.931685,0.929348,0.0593799
33.545,0.975893,0.931557,0.929213,0.0443358
33.55,0.959214,0.93143,0.929079,0.0277837
33.555,0.96359,0.931303,0.928944,0.0322872
33.56,0.973722,0.931175,0.92881,0.042546
33.565,0.967296,0.931048,0.928675,0.0362475
33.57,0.955469,0.930921,0.92854,0.0245475
33.575,0.938078,0.930794,0.928406,0.00728348
33.58,0.936015,0.930667,0.928271,0.00534775
33.585,0.927987,0.93054,0.928136,-0.00255269
33.59,0.931345,0.930413,0.928002,0.000932371
33.595,0.919521,0.930286,0.927867,-0.0107649
33.6,0.932828,0.930159,0.927732,0.00266879
33.605,0.949673,0.930032,0.927598,0.0196407
33.61,0.970014,0.929905,0.927463,0.0401087
33.615,0.998242,0.929779,0.927328,0.068463
33.62,1.01809,0.929652,0.927194,0.0884381
33.625,1.00859,0.929525,0.927059,0.0790638
33.63,0.995957,0.929399,0.926924,0.0665581
33.635,0.977373,0.929272,0.92679,0.0481014
33.64,0.985736,0.929146,0.926655,0.0565909
33.645,0.984335,0.929019,0.92652,0.0553155
33.65,0.963409,0.928893,0.926385,0.034516
33.655,0.939017,0.928766,0.926251,0.0102508
33.66,0.933529,0.92864,0.926116,0.00488919
33.665,0.955103,0.928513,0.925981,0.02659
33.67,0.957089,0.928387,0.925846,0.0287013
33.675,0.950717,0.928261,0.925712,0.0224562
33.68,0.924518,0.928135,0.925577,-0.0036168
33.685,0.936382,0.928009,0.925442,0.00837309
33.69,0.939897,0.927883,0.925307,0.0120143
33.695,0.93769,0.927757,0.925172,0.00993292
33.7,0.925141,0.927631,0.925038,-0.00248969
33.705,0.931485,0.927505,0.924903,0.00398019
33.71,0.942897,0.927379,0.924768,0.0155179
33.715,0.948875,0.927253,0.924633,0.0216219
33.72,0.939584,0.927127,0.924498,0.0124563
33.725,0.926328,0.927002,0.924363,-0.000674045
33.73,0.92866,0.926876,0.924229,0.00178365
33.735,0.917705,0.92675,0.924094,-0.00904563
33.74,0.915941,0.926625,0.923959,-0.0106838
33.745,0.922821,0.926499,0.923824,-0.00367804
33.75,0.922497,0.926374,0.923689,-0.00387707
33.755,0.919143,0.926249,0.923554,-0.00710535
33.76,0.921398,0.926123,0.923419,-0.00472538
33.765,0.916047,0.925998,0.923284,-0.00995134
33.77,0.931188,0.925873,0.923149,0.00531475
33.775,0.931627,0.925748,0.923014,0.00587868
33.78,0.923503,0.925623,0.92288,-0.00212005
33.785,0.924887,0.925498,0.922745,-0.000611288
33.79,0.916941,0.925373,0.92261,-0.00843175
33.795,0.930339,0.925248,0.922475,0.00509071
33.8,0.930049,0.925123,0.92234,0.00492596
33.805,0.92527,0.924999,0.922205,0.000271192
33.81,0.899623,0.924874,0.92207,-0.0252511
33.815,0.890272,0.924749,0.921935,-0.0344771
33.82,0.886882,0.924625,0.9218,-0.037743
33.825,0.879786,0.9245,0.921665,-0.0447147
33.83,0.87555,0.924376,0.92153,-0.0488255
33.835,0.894246,0.924252,0.921395,-0.030006
33.84,0.91672,0.924127,0.92126,-0.00740695
33.845,0.9439,0.924003,0.921125,0.0198967
33.85,0.965309,0.923879,0.92099,0.04143
33.855,0.975811,0.923755,0.920855,0.0520555
33.86,0.982946,0.923631,0.92072,0.0593149
33.865,1.0012,0.923507,0.920585,0.0776973
33.87,0.982668,0.923383,0.92045,0.0592842
33.875,0.966323,0.92326,0.920315,0.0430634
33.88,0.950764,0.923136,0.92018,0.0276282
33.885,0.945033,0.923013,0.920045,0.0220201
33.89,0.949537,0.922889,0.91991,0.0266475
33.895,0.963007,0.922766,0.919775,0.0402413
33.9,0.96289,0.922642,0.919639,0.0402476
33.905,0.957245,0.922519,0.919504,0.0347258
33.91,0.962929,0.922396,0.919369,0.0405325
33.915,0.951598,0.922273,0.919234,0.0293254
33.92,0.939592,0.92215,0.919099,0.0174421
33.925,0.934964,0.922027,0.918964,0.0129367
33.93,0.930258,0.921904,0.918829,0.00835374
33.935,0.947675,0.921782,0.918694,0.0258938
33.94,0.957533,0.921659,0.918559,0.0358737
33.945,0.960869,0.921536,0.918423,0.039333
33.95,0.957373,0.921414,0.918288,0.0359587
33.955,0.965061,0.921292,0.918153,0.0437691
33.96,0.988518,0.921169,0.918018,0.0673481
33.965,0.981565,0.921047,0.917883,0.0605181
33.97,0.966608,0.920925,0.917748,0.0456831
33.975,0.933213,0.920803,0.917613,0.01241
33.98,0.907065,0.920681,0.917477,-0.0136163
33.985,0.917627,0.92056,0.917342,-0.00293273
33.99,0.914928,0.920438,0.917207,-0.00550991
33.995,0.904764,0.920316,0.917072,-0.0155521
34,0.880813,0.920195,0.916937,-0.0393824
34.005,0.869576,0.920074,0.916801,-0.0504973
34.01,0.887351,0.919952,0.916666,-0.0326013
34.015,0.914186,0.919831,0.916531,-0.00564558
34.02,0.90699,0.91971,0.916396,-0.0127201
34.025,0.919469,0.919589,0.916261,-0.000120381
34.03,0.927151,0.919469,0.916125,0.00768219
34.035,0.925963,0.919348,0.91599,0.00661477
34.04,0.928696,0.919227,0.915855,0.00946824
34.045,0.944351,0.919107,0.91572,0.0252443
34.05,0.94961,0.918987,0.915584,0.0306235
34.055,0.965425,0.918866,0.915449,0.0465582
34.06,0.957038,0.918746,0.915314,0.038292
34.065,0.976763,0.918626,0.915179,0.0581362
34.07,0.974459,0.918507,0.915043,0.0559529
34.075,0.958198,0.918387,0.914908,0.0398109
34.08,0.935023,0.918267,0.914773,0.0167553
34.085,0.934965,0.918148,0.914637,0.0168168
34.09,0.961404,0.918029,0.914502,0.0433755
34.095,0.969705,0.917909,0.914367,0.0517952
34.1,0.956081,0.91779,0.914232,0.0382904
34.105,0.953375,0.917671,0.914096,0.0357036
34.11,0.949464,0.917553,0.913961,0.0319109
34.115,0.961607,0.917434,0.913826,0.0441727
34.12,0.970083,0.917315,0.91369,0.0527672
34.125,0.969998,0.917197,0.913555,0.0528005
34.13,0.972176,0.917079,0.91342,0.0550975
34.135,0.973621,0.916961,0.913284,0.05666
34.14,0.992693,0.916843,0.913149,0.0758502
34.145,1.00038,0.916725,0.913014,0.083653
34.15,0.991339,0.916608,0.912878,0.0747318
34.155,0.978813,0.91649,0.912743,0.062323
34.16,0.968634,0.916373,0.912607,0.0522613
34.165,0.962721,0.916256,0.912472,0.0464656
34.17,0.982374,0.916139,0.912337,0.0662348
34.175,0.987287,0.916022,0.912201,0.071265
34.18,0.984073,0.915905,0.912066,0.0681678
34.185,0.977439,0.915789,0.911931,0.0616506
34.19,0.974197,0.915672,0.911795,0.0585243
34.195,0.960598,0.915556,0.91166,0.0450418
34.2,0.960039,0.91544,0.911524,0.0445983
34.205,0.957622,0.915325,0.911389,0.0422976
34.21,0.966,0.915209,0.911254,0.0507915
34.215,0.976098,0.915094,0.911118,0.0610046
34.22,0.965359,0.914978,0.910983,0.0503808
34.225,0.949676,0.914863,0.910847,0.0348124
34.23,0.957852,0.914748,0.910712,0.0431035
34.235,0.956691,0.914634,0.910576,0.0420572
34.24,0.959978,0.914519,0.910441,0.0454583
34.245,0.965255,0.914405,0.910305,0.0508497
34.25,0.971951,0.914291,0.91017,0.0576599
34.255,0.990427,0.914177,0.910035,0.0762503
34.26,0.995135,0.914063,0.909899,0.0810711
34.265,0.986714,0.91395,0.909764,0.0727635
34.27,0.981186,0.913837,0.909628,0.0673492
34.275,0.971476,0.913724,0.909493,0.0577522
34.28,0.963735,0.913611,0.909357,0.0501242
34.285,0.95877,0.913498,0.909222,0.0452721
34.29,0.955254,0.913386,0.909086,0.0418678
34.295,0.956607,0.913274,0.908951,0.0433328
34.3,0.966907,0.913162,0.908815,0.0537446
34.305,0.966306,0.91305,0.90868,0.0532557
34.31,0.977476,0.912939,0.908544,0.0645374
34.315,0.98991,0.912828,0.908409,0.0770825
34.32,1.00365,0.912717,0.908273,0.0909364
34.325,0.999398,0.912606,0.908138,0.0867917
34.33,0.983538,0.912496,0.908002,0.0710425
34.335,0.952007,0.912385,0.907867,0.0396218
34.34,0.930996,0.912275,0.907731,0.0187206
34.345,0.935273,0.912166,0.907595,0.0231072
34.35,0.93093,0.912056,0.90746,0.0188736
34.355,0.92617,0.911947,0.907324,0.0142231
34.36,0.955634,0.911838,0.907189,0.0437955
34.365,0.970636,0.91173,0.907053,0.0589065
34.37,1.01144,0.911621,0.906918,0.0998169
34.375,1.01484,0.911513,0.906782,0.10333
34.38,1.03133,0.911406,0.906647,0.119919
34.385,1.02424,0.911298,0.906511,0.112939
34.39,1.01093,0.911191,0.906375,0.099741
34.395,0.988679,0.911084,0.90624,0.0775946
34.4,0.978375,0.910978,0.906104,0.0673969
34.405,0.994087,0.910872,0.905969,0.0832149
34.41,0.990181,0.910766,0.905833,0.0794155
34.415,0.985005,0.91066,0.905697,0.0743445
34.42,0.98164,0.910555,0.905562,0.0710853
34.425,0.985984,0.91045,0.905426,0.0755338
34.43,0.996058,0.910345,0.905291,0.0857126
34.435,0.99765,0.910241,0.905155,0.0874089
34.44,0.997045,0.910137,0.905019,0.0869072
34.445,0.987092,0.910034,0.904884,0.077058
34.45,0.972665,0.909931,0.904748,0.0627343
34.455,0.964459,0.909828,0.904612,0.0546312
34.46,0.965193,0.909726,0.904477,0.0554671
34.465,0.974686,0.909624,0.904341,0.0650624
34.47,0.975931,0.909522,0.904206,0.0664095
34.475,0.98804,0.909421,0.90407,0.0786191
34.48,0.969013,0.90932,0.903934,0.059693
34.485,0.962572,0.909219,0.903799,0.0533523
34.49,0.971378,0.909119,0.903663,0.0622582
34.495,0.980397,0.90902,0.903527,0.0713772
34.5,0.966301,0.908921,0.903392,0.0573808
34.505,0.936305,0.908822,0.903256,0.027483
34.51,0.91559,0.908724,0.90312,0.00686672
34.515,0.933505,0.908626,0.902985,0.0248795
34.52,0.943704,0.908528,0.902849,0.0351754
34.525,0.934096,0.908431,0.902713,0.0256646
34.53,0.926562,0.908335,0.902578,0.0182268
34.535,0.936492,0.908239,0.902442,0.0282531
34.54,0.961217,0.908143,0.902306,0.0530742
34.545,0.977902,0.908048,0.90217,0.0698539
34.55,0.966322,0.907954,0.902035,0.0583687
34.555,0.958186,0.90786,0.901899,0.0503259
34.56,0.939494,0.907766,0.901763,0.0317283
34.565,0.951635,0.907673,0.901628,0.0439614
34.57,0.964902,0.907581,0.901492,0.057321
34.575,0.977606,0.907489,0.901356,0.0701167
34.58,0.962869,0.907398,0.90122,0.0554719
34.585,0.959773,0.907307,0.901085,0.0524658
34.59,0.970325,0.907217,0.900949,0.0631089
34.595,0.972761,0.907127,0.900813,0.0656336
34.6,0.974618,0.907038,0.900678,0.0675796
34.605,0.957009,0.90695,0.900542,0.050059
34.61,0.957808,0.906862,0.900406,0.050946
34.615,0.972941,0.906775,0.90027,0.0661667
34.62,0.975643,0.906688,0.900135,0.0689546
34.625,0.967355,0.906602,0.899999,0.0607531
34.63,0.953242,0.906517,0.899863,0.0467253
34.635,0.950629,0.906433,0.899727,0.0441961
34.64,0.938457,0.906349,0.899592,0.0321088
34.645,0.946111,0.906266,0.899456,0.039845
34.65,0.926359,0.906183,0.89932,0.0201754
34.655,0.923804,0.906102,0.899184,0.0177024
34.66,0.926349,0.906021,0.899048,0.0203289
34.665,0.930249,0.90594,0.898913,0.0243085
34.67,0.946036,0.905861,0.898777,0.0401753
34.675,0.95791,0.905782,0.898641,0.0521276
34.68,0.954451,0.905705,0.898505,0.0487466
34.685,0.940773,0.905628,0.89837,0.0351452
34.69,0.92783,0.905551,0.898234,0.0222787
34.695,0.927728,0.905476,0.898098,0.0222516
34.7,0.937348,0.905402,0.897962,0.0319466
34.705,0.941836,0.905328,0.897826,0.0365084
34.71,0.943685,0.905255,0.897691,0.0384296
34.715,0.946703,0.905184,0.897555,0.0415197
34.72,0.931271,0.905113,0.897419,0.0261577
34.725,0.924106,0.905043,0.897283,0.019063
34.73,0.929038,0.904974,0.897147,0.0240636
34.735,0.950856,0.904906,0.897012,0.0459496
34.74,0.964936,0.904839,0.896876,0.0600963
34.745,0.966479,0.904773,0.89674,0.0617058
34.75,0.965218,0.904709,0.896604,0.0605092
34.755,0.972616,0.904645,0.896468,0.067971
34.76,0.966295,0.904582,0.896332,0.0617131
34.765,0.955664,0.904521,0.896197,0.051143
34.77,0.95414,0.90446,0.896061,0.0496798
34.775,0.973185,0.904401,0.895925,0.0687841
34.78,0.982571,0.904343,0.895789,0.0782281
34.785,0.975096,0.904286,0.895653,0.0708096
34.79,0.942812,0.904231,0.895517,0.038581
34.795,0.932771,0.904177,0.895382,0.0285943
34.8,0.930099,0.904124,0.895246,0.0259757
34.805,0.933673,0.904072,0.89511,0.0296007
34.81,0.9114,0.904022,0.894974,0.00737819
34.815,0.904945,0.903973,0.894838,0.00097217
34.82,0.926157,0.903925,0.894702,0.0222317
34.825,0.945785,0.903879,0.894566,0.0419058
34.83,0.939568,0.903835,0.894431,0.0357332
34.835,0.925434,0.903792,0.894295,0.0216418
34.84,0.927258,0.90375,0.894159,0.0235082
34.845,0.94771,0.90371,0.894023,0.0439997
34.85,0.957763,0.903672,0.893887,0.0540908
34.855,0.958227,0.903635,0.893751,0.0545916
34.86,0.964149,0.903601,0.893615,0.0605484
34.865,0.971127,0.903567,0.893479,0.0675593
34.87,0.977521,0.903536,0.893344,0.0739848
34.875,0.973213,0.903506,0.893208,0.0697072
34.88,0.957518,0.903478,0.893072,0.0540397
34.885,0.936998,0.903453,0.892936,0.0335452
34.89,0.942463,0.903429,0.8928,0.0390338
34.895,0.970174,0.903407,0.892664,0.0667674
34.9,0.98493,0.903387,0.892528,0.0815432
34.905,0.996132,0.903369,0.892392,0.0927629
34.91,0.994577,0.903353,0.892256,0.091224
34.915,0.99424,0.90334,0.89212,0.0909
34.92,0.994306,0.903329,0.891985,0.0909773
34.925,0.990752,0.90332,0.891849,0.0874319
34.93,0.996647,0.903313,0.891713,0.0933334
34.935,0.999727,0.903309,0.891577,0.0964179
34.94,0.983161,0.903308,0.891441,0.0798531
34.945,0.959199,0.903309,0.891305,0.0558901
34.95,0.947232,0.903312,0.891169,0.0439201
34.955,0.93731,0.903319,0.891033,0.0339919
34.96,0.928691,0.903328,0.890897,0.0253631
34.965,0.932451,0.90334,0.890761,0.0291118
34.97,0.960232,0.903354,0.890625,0.0568772
34.975,0.969485,0.903372,0.89049,0.0661126
34.98,0.972942,0.903393,0.890354,0.0695488
34.985,0.951235,0.903418,0.890218,0.0478172
34.99,0.948778,0.903445,0.890082,0.0453325
34.995,0.951387,0.903476,0.889946,0.0479112
35,0.935629,0.90351,0.88981,0.0321183
35.005,0.913788,0.903548,0.889674,0.0102395
35.01,0.916459,0.90359,0.889538,0.0128685
35.015,0.922676,0.903636,0.889402,0.0190405
35.02,0.92125,0.903686,0.889266,0.017564
35.025,0.920545,0.903739,0.88913,0.0168051
35.03,0.923682,0.903798,0.888994,0.0198839
35.035,0.946052,0.90386,0.888858,0.0421916
35.04,0.941089,0.903928,0.888722,0.0371611
35.045,0.923533,0.904,0.888586,0.0195336
35.05,0.899044,0.904077,0.88845,-0.00503279
35.055,0.896985,0.904159,0.888314,-0.00717371
35.06,0.897099,0.904247,0.888179,-0.00714832
35.065,0.923345,0.904341,0.888043,0.0190049
35.07,0.921089,0.90444,0.887907,0.0166486
35.075,0.932991,0.904546,0.887771,0.0284455
35.08,0.92463,0.904658,0.887635,0.0199718
35.085,0.91755,0.904778,0.887499,0.012773
35.09,0.914256,0.904904,0.887363,0.00935232
35.095,0.928094,0.905038,0.887227,0.0230563
35.1,0.934986,0.90518,0.887091,0.0298058
35.105,0.938094,0.905331,0.886955,0.032763
35.11,0.951158,0.905491,0.886819,0.0456673
35.115,0.964061,0.90566,0.886683,0.058401
35.12,0.973883,0.905839,0.886547,0.0680436
35.125,0.962292,0.906029,0.886411,0.0562629
35.13,0.940938,0.90623,0.886275,0.0347075
35.135,0.928982,0.906443,0.886139,0.0225386
35.14,0.931944,0.906669,0.886003,0.0252747
35.145,0.926853,0.906909,0.885867,0.0199438
35.15,0.92733,0.907163,0.885731,0.0201668
35.155,0.938455,0.907433,0.885595,0.0310223
35.16,0.936837,0.907719,0.885459,0.0291175
35.165,0.933015,0.908023,0.885323,0.0249915
35.17,0.909932,0.908346,0.885187,0.00158577
35.175,0.906371,0.908689,0.885051,-0.0023185
35.18,0.919167,0.909054,0.884915,0.0101131
35.185,0.922272,0.909442,0.884779,0.0128307
35.19,0.912825,0.909854,0.884643,0.00297133
35.195,0.912258,0.910293,0.884507,0.00196542
35.2,0.92871,0.91076,0.884371,0.0179502
35.205,0.948688,0.911258,0.884235,0.03743
35.21,0.960126,0.911788,0.884099,0.048338
35.215,0.955748,0.912352,0.883963,0.0433962
35.22,0.942406,0.912954,0.883827,0.0294527
35.225,0.926386,0.913595,0.883691,0.0127915
35.23,0.926995,0.914278,0.883555,0.0127171
35.235,0.938467,0.915007,0.883419,0.0234608
35.24,0.949942,0.915783,0.883283,0.0341585
35.245,0.934405,0.916611,0.883147,0.0177939
35.25,0.921923,0.917494,0.883011,0.00442901
35.255,0.889822,0.918435,0.882875,-0.0286131
35.26,0.879685,0.919439,0.882739,-0.0397538
35.265,0.891128,0.920508,0.882603,-0.0293792
35.27,0.902774,0.921647,0.882467,-0.0188729
35.275,0.929546,0.92286,0.882331,0.00668552
35.28,0.950033,0.924152,0.882195,0.025881
35.285,0.955269,0.925528,0.882059,0.0297412
35.29,0.980954,0.926991,0.881923,0.0539623
35.295,0.974955,0.928548,0.881787,0.0464068
35.3,0.96504,0.930203,0.881651,0.0348365
35.305,0.946909,0.931962,0.881515,0.0149474
35.31,0.92612,0.93383,0.881379,-0.00770921
35.315,0.93119,0.935812,0.881243,-0.00462171
35.32,0.933861,0.937914,0.881107,-0.00405387
35.325,0.948152,0.940143,0.880971,0.00800927
35.33,0.959094,0.942504,0.880835,0.0165901
35.335,0.952249,0.945002,0.880699,0.00724692
35.34,0.962689,0.947645,0.880563,0.0150437
35.345,0.964199,0.950438,0.880427,0.0137618
35.35,0.969317,0.953386,0.880291,0.0159306
35.355,0.969982,0.956497,0.880155,0.0134849
35.36,0.937759,0.959776,0.880019,-0.0220173
35.365,0.930388,0.963229,0.879883,-0.0328407
35.37,0.928841,0.966862,0.879747,-0.0380208
35.375,0.940938,0.97068,0.879611,-0.0297421
35.38,0.943065,0.974689,0.879475,-0.0316246
35.385,0.932673,0.978895,0.879339,-0.0462221
35.39,0.931685,0.983302,0.879203,-0.051617
35.395,0.925297,0.987915,0.879067,-0.062618
35.4,0.923153,0.992738,0.878931,-0.0695849
35.405,0.919548,0.997776,0.878795,-0.078229
35.41,0.91455,1.00303,0.878659,-0.088483
35.415,0.917308,1.00851,0.878523,-0.0912026
35.42,0.929794,1.01421,0.878387,-0.0844184
35.425,0.934161,1.02014,0.878251,-0.0859802
35.43,0.942765,1.0263,0.878115,-0.0835325
35.435,0.951749,1.03268,0.877979,-0.0809338
35.44,0.960901,1.0393,0.877843,-0.078397
35.445,0.96289,1.04614,0.877707,-0.0832509
35.45,0.961237,1.05321,0.877571,-0.0919763
35.455,0.948846,1.06051,0.877435,-0.111664
35.46,0.953523,1.06803,0.877299,-0.114508
35.465,0.9644,1.07577,0.877163,-0.111372
35.47,0.984763,1.08373,0.877027,-0.0989644
35.475,1.00753,1.09189,0.876891,-0.0843641
35.48,1.0303,1.10026,0.876755,-0.0699595
35.485,1.01826,1.10883,0.876619,-0.0905661
35.49,1.00817,1.11758,0.876483,-0.109406
35.495,0.98467,1.12651,0.876347,-0.141841
35.5,0.994217,1.13561,0.876211,-0.141393
35.505,1.01047,1.14486,0.876075,-0.134396
35.51,1.03094,1.15426,0.875939,-0.123318
35.515,1.03246,1.16379,0.875803,-0.131325
35.52,1.04251,1.17342,0.875667,-0.130919
35.525,1.06424,1.18316,0.875531,-0.118919
35.53,1.09748,1.19297,0.875395,-0.0954889
35.535,1.11983,1.20284,0.875259,-0.0830151
35.54,1.13554,1.21275,0.875123,-0.0772102
35.545,1.14873,1.22268,0.874987,-0.0739473
35.55,1.16169,1.2326,0.874851,-0.0709052
35.555,1.18154,1.24248,0.874715,-0.0609459
35.56,1.20161,1.25231,0.874579,-0.0506965
35.565,1.23597,1.26205,0.874443,-0.0260783
35.57,1.25726,1.27167,0.874307,-0.0144065
35.575,1.28154,1.28114,0.874171,0.000397721
35.58,1.29359,1.29043,0.874035,0.0031527
35.585,1.28431,1.29951,0.873899,-0.0151981
35.59,1.26956,1.30834,0.873763,-0.0387862
35.595,1.2636,1.31689,0.873627,-0.0532889
35.6,1.28819,1.32512,0.873491,-0.0369369
35.605,1.32962,1.333,0.873355,-0.00337224
35.61,1.35454,1.34048,0.873219,0.014058
35.615,1.36732,1.34753,0.873083,0.0197959
35.62,1.40702,1.35411,0.872947,0.0529018
35.625,1.43086,1.3602,0.872811,0.0706603
35.63,1.45659,1.36575,0.872675,0.0908459
35.635,1.4471,1.37073,0.872539,0.0763692
35.64,1.46052,1.37511,0.872403,0.0854153
35.645,1.45077,1.37887,0.872267,0.071904
35.65,1.44878,1.38197,0.872131,0.0668109
35.655,1.44561,1.38441,0.871995,0.0611976
35.66,1.44873,1.38616,0.871859,0.062566
35.665,1.45609,1.38721,0.871723,0.0688776
35.67,1.44879,1.38756,0.871587,0.061238
35.675,1.40981,1.38719,0.871451,0.0226149
35.68,1.39219,1.38612,0.871315,0.00607208
35.685,1.40184,1.38434,0.871179,0.0174972
35.69,1.40219,1.38187,0.871043,0.0203222
35.695,1.44242,1.37873,0.870907,0.0636968
35.7,1.44933,1.37493,0.870771,0.074407
35.705,1.43243,1.37049,0.870635,0.0619318
35.71,1.4025,1.36545,0.870499,0.0370468
35.715,1.38565,1.35983,0.870363,0.0258174
35.72,1.38454,1.35367,0.870227,0.0308706
35.725,1.38268,1.34699,0.870091,0.0356877
35.73,1.36173,1.33984,0.869955,0.0218942
35.735,1.32965,1.33224,0.869819,-0.00259251
35.74,1.30924,1.32424,0.869683,-0.015005
35.745,1.27485,1.31587,0.869547,-0.0410228
35.75,1.26031,1.30718,0.869411,-0.046862
35.755,1.26164,1.29818,0.869275,-0.0365421
35.76,1.24914,1.28893,0.869139,-0.0397932
35.765,1.23995,1.27945,0.869003,-0.0395024
35.77,1.21406,1.26979,0.868867,-0.055729
35.775,1.18661,1.25996,0.868731,-0.0733553
35.78,1.18566,1.25001,0.868595,-0.0643527
35.785,1.17941,1.23996,0.86846,-0.0605552
35.79,1.16439,1.22985,0.868324,-0.0654612
35.795,1.13905,1.21969,0.868188,-0.0806373
35.8,1.11542,1.20952,0.868052,-0.0941034
35.805,1.11793,1.19935,0.867916,-0.0814276
35.81,1.11494,1.18922,0.86778,-0.0742825
35.815,1.09415,1.17914,0.867644,-0.084993
35.82,1.07866,1.16913,0.867508,-0.0904715
35.825,1.07642,1.15921,0.867372,-0.0827965
35.83,1.06658,1.1494,0.867236,-0.0828299
35.835,1.05812,1.13972,0.8671,-0.0815969
35.84,1.03347,1.13017,0.866964,-0.0967054
35.845,1.02662,1.12078,0.866828,-0.0941537
35.85,1.0098,1.11155,0.866692,-0.101743
35.855,1.01363,1.10249,0.866556,-0.0888553
35.86,1.01147,1.09362,0.86642,-0.0821507
35.865,1.03546,1.08494,0.866284,-0.0494817
35.87,1.04998,1.07646,0.866148,-0.02648
35.875,1.04757,1.0682,0.866012,-0.0206243
35.88,1.03968,1.06014,0.865876,-0.0204628
35.885,1.01344,1.05231,0.86574,-0.0388659
35.89,0.976026,1.04469,0.865604,-0.0686657
35.895,0.940676,1.0373,0.865469,-0.0966279
35.9,0.940244,1.03014,0.865333,-0.0898999
35.905,0.950111,1.02321,0.865197,-0.0731006
35.91,0.95557,1.01651,0.865061,-0.0609397
35.915,0.949296,1.01004,0.864925,-0.0607418
35.92,0.947589,1.00379,0.864789,-0.0562045
35.925,0.96108,0.997777,0.864653,-0.0366969
35.93,0.976515,0.991985,0.864517,-0.0154705
35.935,0.992507,0.986417,0.864381,0.00609071
35.94,1.00706,0.981067,0.864245,0.0259902
35.945,1.01706,0.975934,0.864109,0.0411217
35.95,1.013,0.971013,0.863973,0.0419881
35.955,0.989372,0.9663,0.863837,0.0230721
35.96,0.96337,0.96179,0.863702,0.00158028
35.965,0.942884,0.957484,0.863566,-0.0145999
35.97,0.928103,0.953365,0.86343,-0.0252617
35.975,0.932588,0.949434,0.863294,-0.0168458
35.98,0.939148,0.945685,0.863158,-0.00653685
35.985,0.953112,0.942112,0.863022,0.011
35.99,0.967489,0.938709,0.862886,0.0287796
35.995,0.960776,0.935471,0.86275,0.0253052
36,0.93799,0.932391,0.862614,0.00559869
36.005,0.929674,0.929464,0.862478,0.00020963
36.01,0.922963,0.926683,0.862343,-0.00372004
36.015,0.913845,0.924042,0.862207,-0.0101975
36.02,0.910112,0.921536,0.862071,-0.0114233
36.025,0.90535,0.919158,0.861935,-0.0138081
36.03,0.903599,0.916902,0.861799,-0.0133028
36.035,0.906639,0.914763,0.861663,-0.00812435
36.04,0.90771,0.912736,0.861527,-0.00502567
36.045,0.914244,0.910814,0.861391,0.00343017
36.05,0.914225,0.908993,0.861255,0.0052316
36.055,0.921082,0.907267,0.86112,0.0138153
36.06,0.928796,0.905631,0.860984,0.0231642
36.065,0.945517,0.904081,0.860848,0.0414359
36.07,0.952103,0.902612,0.860712,0.049491
36.075,0.942382,0.901218,0.860576,0.0411636
36.08,0.936783,0.899897,0.86044,0.0368855
36.085,0.953824,0.898644,0.860304,0.0551803
36.09,0.954628,0.897454,0.860168,0.0571738
36.095,0.954053,0.896324,0.860033,0.0577289
36.1,0.938681,0.895251,0.859897,0.04343
36.105,0.932523,0.894231,0.859761,0.0382918
36.11,0.933161,0.893261,0.859625,0.0399004
36.115,0.945768,0.892338,0.859489,0.05343
36.12,0.972196,0.891458,0.859353,0.0807375
36.125,0.976844,0.89062,0.859218,0.0862237
36.13,0.95912,0.88982,0.859082,0.0692998
36.135,0.92953,0.889056,0.858946,0.0404738
36.14,0.919854,0.888327,0.85881,0.0315275
36.145,0.915284,0.887629,0.858674,0.0276558
36.15,0.924385,0.88696,0.858538,0.0374246
36.155,0.916776,0.88632,0.858403,0.0304563
36.16,0.933082,0.885706,0.858267,0.0473765
36.165,0.942385,0.885116,0.858131,0.0572691
36.17,0.942837,0.884549,0.857995,0.0582876
36.175,0.927756,0.884004,0.857859,0.043752
36.18,0.916528,0.883479,0.857723,0.0330489
36.185,0.917926,0.882973,0.857588,0.0349529
36.19,0.929928,0.882486,0.857452,0.0474426
36.195,0.919773,0.882015,0.857316,0.037758
36.2,0.914087,0.88156,0.85718,0.0325277
36.205,0.900573,0.88112,0.857044,0.0194529
36.21,0.901392,0.880694,0.856909,0.0206979
36.215,0.913576,0.880282,0.856773,0.0332939
36.22,0.904932,0.879883,0.856637,0.0250496
36.225,0.896473,0.879496,0.856501,0.016977
36.23,0.892973,0.87912,0.856365,0.0138526
36.235,0.890768,0.878756,0.85623,0.0120125
36.24,0.910932,0.878402,0.856094,0.0325306
36.245,0.913573,0.878058,0.855958,0.0355152
36.25,0.895892,0.877724,0.855822,0.0181684
36.255,0.898421,0.877399,0.855687,0.0210221
36.26,0.905852,0.877083,0.855551,0.0287694
36.265,0.915098,0.876776,0.855415,0.0383222
36.27,0.928223,0.876477,0.855279,0.0517456
36.275,0.929539,0.876187,0.855143,0.0533519
36.28,0.92545,0.875904,0.855008,0.0495451
36.285,0.925528,0.87563,0.854872,0.049898
36.29,0.926597,0.875363,0.854736,0.0512348
36.295,0.934245,0.875103,0.8546,0.0591423
36.3,0.934957,0.874851,0.854465,0.060106
36.305,0.92168,0.874606,0.854329,0.0470737
36.31,0.896947,0.874369,0.854193,0.0225786
36.315,0.878804,0.874138,0.854057,0.00466592
36.32,0.875792,0.873915,0.853922,0.00187671
36.325,0.887627,0.873699,0.853786,0.0139275
36.33,0.888264,0.873491,0.85365,0.0147736
36.335,0.898377,0.873289,0.853515,0.025088
36.34,0.880389,0.873096,0.853379,0.00729351
36.345,0.899773,0.87291,0.853243,0.0268632
36.35,0.911764,0.872732,0.853107,0.0390327
36.355,0.923521,0.872562,0.852972,0.050959
36.36,0.926634,0.8724,0.852836,0.054234
36.365,0.945167,0.872247,0.8527,0.0729196
36.37,0.973467,0.872104,0.852565,0.101363
36.375,0.989964,0.87197,0.852429,0.117994
36.38,0.973709,0.871847,0.852293,0.101862
36.385,0.945807,0.871734,0.852158,0.0740727
36.39,0.932689,0.871633,0.852022,0.0610558
36.395,0.933688,0.871545,0.851886,0.0621423
36.4,0.949863,0.871471,0.85175,0.078392
36.405,0.953785,0.871412,0.851615,0.0823729
36.41,0.941984,0.871368,0.851479,0.0706155
36.415,0.944005,0.871343,0.851343,0.0726627
36.42,0.932161,0.871336,0.851208,0.0608243
36.425,0.937483,0.871351,0.851072,0.0661319
36.43,0.945176,0.87139,0.850936,0.0737861
36.435,0.955726,0.871453,0.850801,0.0842721
36.44,0.967032,0.871546,0.850665,0.0954866
36.445,0.988836,0.871669,0.850529,0.117167
36.45,0.982912,0.871828,0.850394,0.111085
36.455,0.982908,0.872024,0.850258,0.110884
36.46,0.981105,0.872263,0.850123,0.108843
36.465,0.96891,0.872548,0.849987,0.0963615
36.47,0.96922,0.872885,0.849851,0.0963351
36.475,0.960537,0.873279,0.849716,0.0872573
36.48,0.966139,0.873736,0.84958,0.092403
36.485,0.98343,0.874262,0.849444,0.109167
36.49,0.972258,0.874865,0.849309,0.0973928
36.495,0.980103,0.875552,0.849173,0.104551
36.5,0.988949,0.87633,0.849038,0.112619
36.505,0.994328,0.87721,0.848902,0.117118
36.51,1.00274,0.8782,0.848766,0.124544
36.515,1.00384,0.879312,0.848631,0.124525
36.52,1.00562,0.880555,0.848495,0.125064
36.525,0.998437,0.881942,0.84836,0.116495
36.53,0.979919,0.883485,0.848224,0.0964341
36.535,0.970616,0.885198,0.848088,0.0854183
36.54,0.979411,0.887094,0.847953,0.0923175
36.545,0.998289,0.889188,0.847817,0.109102
36.55,1.02574,0.891495,0.847682,0.134246
36.555,1.02086,0.894032,0.847546,0.126826
36.56,1.00448,0.896815,0.847411,0.107663
36.565,0.987788,0.899862,0.847275,0.0879256
36.57,0.977599,0.90319,0.847139,0.0744089
36.575,1.00955,0.906818,0.847004,0.102732
36.58,1.007,0.910764,0.846868,0.096237
36.585,1.01261,0.915048,0.846733,0.097558
36.59,1.01214,0.919688,0.846597,0.0924512
36.595,1.02515,0.924703,0.846462,0.100451
36.6,1.03443,0.930112,0.846326,0.104317
36.605,1.03106,0.935935,0.846191,0.0951215
36.61,1.01218,0.942189,0.846055,0.0699949
36.615,1.03885,0.948892,0.84592,0.0899583
36.62,1.04705,0.956062,0.845784,0.0909906
36.625,1.05959,0.963714,0.845649,0.0958721
36.63,1.06201,0.971862,0.845513,0.0901471
36.635,1.06436,0.980521,0.845378,0.0838336
36.64,1.07866,0.989703,0.845242,0.088961
36.645,1.09066,0.999416,0.845107,0.0912437
36.65,1.07983,1.00967,0.844971,0.0701594
36.655,1.08032,1.02047,0.844836,0.0598552
36.66,1.10195,1.03182,0.8447,0.0701295
36.665,1.12002,1.04372,0.844565,0.0763093
36.67,1.11456,1.05616,0.844429,0.0584008
36.675,1.11082,1.06915,0.844294,0.041671
36.68,1.12648,1.08267,0.844158,0.043816
36.685,1.15432,1.0967,0.844023,0.0576107
36.69,1.16338,1.11125,0.843887,0.0521322
36.695,1.1648,1.12628,0.843752,0.0385196
36.7,1.16673,1.14176,0.843616,0.0249645
36.705,1.19288,1.15769,0.843481,0.0351894
36.71,1.23047,1.17401,0.843346,0.0564631
36.715,1.2575,1.1907,0.84321,0.0668013
36.72,1.28874,1.20772,0.843075,0.0810166
36.725,1.32326,1.22502,0.842939,0.0982373
36.73,1.36201,1.24256,0.842804,0.11945
36.735,1.41497,1.26028,0.842668,0.154684
36.74,1.44485,1.27813,0.842533,0.166716
36.745,1.45792,1.29605,0.842398,0.161864
36.75,1.46471,1.31398,0.842262,0.150724
36.755,1.47823,1.33186,0.842127,0.146375
36.76,1.49872,1.34961,0.841991,0.14911
36.765,1.5311,1.36716,0.841856,0.16394
36.77,1.55444,1.38444,0.841721,0.169996
36.775,1.56558,1.40138,0.841585,0.164197
36.78,1.58245,1.4179,0.84145,0.164548
36.785,1.59055,1.43392,0.841314,0.156634
36.79,1.62844,1.44936,0.841179,0.179082
36.795,1.63014,1.46414,0.841044,0.166001
36.8,1.6581,1.47819,0.840908,0.179917
36.805,1.7013,1.49142,0.840773,0.209884
36.81,1.72514,1.50376,0.840638,0.221375
36.815,1.75619,1.51515,0.840502,0.241049
36.82,1.75447,1.5255,0.840367,0.228978
36.825,1.78478,1.53475,0.840232,0.250036
36.83,1.82549,1.54285,0.840096,0.282641
36.835,1.81575,1.54973,0.839961,0.266021
36.84,1.78754,1.55536,0.839826,0.23218
36.845,1.77807,1.55968,0.83969,0.218383
36.85,1.76063,1.56268,0.839555,0.197945
36.855,1.77629,1.56433,0.83942,0.21197
36.86,1.74194,1.56461,0.839284,0.177335
36.865,1.7273,1.56352,0.839149,0.163786
36.87,1.73261,1.56107,0.839014,0.17154
36.875,1.735,1.55727,0.838879,0.177721
36.88,1.73036,1.55216,0.838743,0.178195
36.885,1.68528,1.54576,0.838608,0.139521
36.89,1.6387,1.53812,0.838473,0.10058
36.895,1.62152,1.52928,0.838338,0.0922359
36.9,1.60896,1.51931,0.838202,0.0896557
36.905,1.60273,1.50826,0.838067,0.0944707
36.91,1.59536,1.4962,0.837932,0.0991579
36.915,1.56327,1.48321,0.837797,0.0800578
36.92,1.54123,1.46935,0.837661,0.0718777
36.925,1.51187,1.45471,0.837526,0.0571597
36.93,1.49705,1.43936,0.837391,0.0576959
36.935,1.50478,1.42338,0.837256,0.0814013
36.94,1.4942,1.40685,0.83712,0.0873562
36.945,1.47479,1.38984,0.836985,0.0849537
36.95,1.48644,1.37244,0.83685,0.113995
36.955,1.46442,1.35472,0.836715,0.109692
36.96,1.40564,1.33676,0.83658,0.0688736
36.965,1.36385,1.31863,0.836444,0.0452224
36.97,1.33566,1.3004,0.836309,0.0352665
36.975,1.30977,1.28213,0.836174,0.0276388
36.98,1.27118,1.26389,0.836039,0.00728866
36.985,1.21871,1.24575,0.835904,-0.0270364
36.99,1.20641,1.22775,0.835769,-0.0213425
36.995,1.23288,1.20996,0.835633,0.0229225
37,1.24311,1.19242,0.835498,0.0506979
37.005,1.23648,1.17517,0.835363,0.0613101
37.01,1.23251,1.15827,0.835228,0.0742443
37.015,1.22336,1.14175,0.835093,0.0816123
37.02,1.19957,1.12564,0.834958,0.0739317
37.025,1.15363,1.10997,0.834823,0.0436598
37.03,1.10846,1.09477,0.834687,0.0136919
37.035,1.10515,1.08007,0.834552,0.0250835
37.04,1.09451,1.06587,0.834417,0.028636
37.045,1.07887,1.0522,0.834282,0.0266767
37.05,1.07328,1.03906,0.834147,0.0342224
37.055,1.05676,1.02647,0.834012,0.0302949
37.06,1.04451,1.01442,0.833877,0.0300885
37.065,1.00655,1.00292,0.833742,0.00362555
37.07,0.960782,0.991975,0.833607,-0.0311927
37.075,0.946679,0.981569,0.833472,-0.0348898
37.08,0.946315,0.9717,0.833337,-0.0253855
37.085,0.945197,0.96236,0.833201,-0.0171626
37.09,0.952807,0.953537,0.833066,-0.000730165
37.095,0.942431,0.945219,0.832931,-0.00278756
37.1,0.93003,0.937392,0.832796,-0.00736235
37.105,0.915467,0.930041,0.832661,-0.014574
37.11,0.927032,0.92315,0.832526,0.00388208
37.115,0.94186,0.916701,0.832391,0.0251586
37.12,0.936212,0.910677,0.832256,0.0255356
37.125,0.931345,0.905058,0.832121,0.0262866
37.13,0.91889,0.899826,0.831986,0.0190632
37.135,0.928904,0.894962,0.831851,0.033942
37.14,0.932063,0.890447,0.831716,0.041616
37.145,0.925235,0.886261,0.831581,0.0389736
37.15,0.911609,0.882386,0.831446,0.0292226
37.155,0.911307,0.878804,0.831311,0.0325031
37.16,0.888791,0.875495,0.831176,0.0132958
37.165,0.89062,0.872443,0.831041,0.0181766
37.17,0.883101,0.86963,0.830906,0.0134703
37.175,0.881045,0.86704,0.830771,0.0140052
37.18,0.884641,0.864657,0.830636,0.0199845
37.185,0.85509,0.862465,0.830502,-0.00737583
37.19,0.841067,0.860451,0.830367,-0.0193836
37.195,0.8391,0.8586,0.830232,-0.0195
37.2,0.823595,0.8569,0.830097,-0.033305
37.205,0.836948,0.855337,0.829962,-0.0183897
37.21,0.840952,0.853902,0.829827,-0.0129495
37.215,0.833731,0.852582,0.829692,-0.0188506
37.22,0.814423,0.851368,0.829557,-0.0369448
37.225,0.77722,0.850251,0.829422,-0.0730306
37.23,0.75963,0.849221,0.829287,-0.0895911
37.235,0.776548,0.848271,0.829152,-0.071723
37.24,0.806032,0.847393,0.829018,-0.0413611
37.245,0.828839,0.846581,0.828883,-0.0177415
37.25,0.837519,0.845827,0.828748,-0.00830837
37.255,0.844545,0.845128,0.828613,-0.000582835
37.26,0.836684,0.844476,0.828478,-0.00779178
37.265,0.830124,0.843867,0.828343,-0.0137438
37.27,0.829464,0.843298,0.828208,-0.0138342
37.275,0.820059,0.842764,0.828074,-0.0227046
37.28,0.821725,0.842261,0.827939,-0.0205356
37.285,0.799562,0.841786,0.827804,-0.042224
37.29,0.791148,0.841337,0.827669,-0.0501886
37.295,0.799884,0.84091,0.827534,-0.0410267
37.3,0.809385,0.840504,0.8274,-0.0311196
37.305,0.801358,0.840117,0.827265,-0.0387582
37.31,0.780311,0.839745,0.82713,-0.0594341
37.315,0.784271,0.839389,0.826995,-0.0551178
37.32,0.782571,0.839046,0.82686,-0.0564748
37.325,0.788994,0.838714,0.826726,-0.0497198
37.33,0.773495,0.838394,0.826591,-0.064899
37.335,0.781378,0.838083,0.826456,-0.0567054
37.34,0.797755,0.837781,0.826321,-0.040026
37.345,0.807045,0.837487,0.826187,-0.0304423
37.35,0.807903,0.8372,0.826052,-0.0292972
37.355,0.807405,0.83692,0.825917,-0.0295156
37.36,0.821876,0.836646,0.825782,-0.0147702
37.365,0.837389,0.836377,0.825648,0.00101169
37.37,0.843796,0.836114,0.825513,0.00768193
37.375,0.847936,0.835855,0.825378,0.012081
37.38,0.843091,0.835601,0.825244,0.0074903
37.385,0.824456,0.83535,0.825109,-0.0108944
37.39,0.816735,0.835104,0.824974,-0.0183689
37.395,0.806409,0.834861,0.82484,-0.0284517
37.4,0.822254,0.834621,0.824705,-0.0123669
37.405,0.831425,0.834384,0.82457,-0.00295872
37.41,0.804406,0.83415,0.824436,-0.029744
37.415,0.777656,0.833919,0.824301,-0.0562634
37.42,0.777242,0.833691,0.824166,-0.0564494
37.425,0.778724,0.833465,0.824032,-0.0547414
37.43,0.796532,0.833241,0.823897,-0.0367098
37.435,0.787508,0.83302,0.823762,-0.0455126
37.44,0.785624,0.832801,0.823628,-0.0471771
37.445,0.789747,0.832584,0.823493,-0.0428372
37.45,0.804053,0.832369,0.823359,-0.0283165
37.455,0.806721,0.832156,0.823224,-0.0254347
37.46,0.830204,0.831945,0.823089,-0.00174095
37.465,0.829689,0.831736,0.822955,-0.00204611
37.47,0.848621,0.831528,0.82282,0.0170934
37.475,0.84844,0.831322,0.822686,0.0171176
37.48,0.831651,0.831118,0.822551,0.0005333
37.485,0.81515,0.830915,0.822417,-0.0157652
37.49,0.818563,0.830714,0.822282,-0.0121504
37.495,0.828327,0.830514,0.822147,-0.0021863
37.5,0.849658,0.830315,0.822013,0.0193427
37.505,0.839478,0.830119,0.821878,0.00935949
37.51,0.833912,0.829923,0.821744,0.0039891
37.515,0.81375,0.829729,0.821609,-0.0159784
37.52,0.816479,0.829536,0.821475,-0.0130572
37.525,0.829359,0.829344,0.82134,1.44928e-05
37.53,0.824813,0.829154,0.821206,-0.00434072
37.535,0.80337,0.828964,0.821071,-0.0255946
37.54,0.788306,0.828776,0.820937,-0.0404703
37.545,0.76899,0.828589,0.820802,-0.0595993
37.55,0.779582,0.828403,0.820668,-0.0488213
37.555,0.793381,0.828218,0.820533,-0.0348372
37.56,0.805143,0.828034,0.820399,-0.0228914
37.565,0.829942,0.827851,0.820265,0.00209063
37.57,0.826695,0.82767,0.82013,-0.000974511
37.575,0.828251,0.827489,0.819996,0.000761895
37.58,0.814406,0.827309,0.819861,-0.0129027
37.585,0.811121,0.82713,0.819727,-0.0160082
37.59,0.815999,0.826952,0.819592,-0.0109524
37.595,0.82225,0.826774,0.819458,-0.00452437
37.6,0.805247,0.826598,0.819324,-0.0213511
37.605,0.797827,0.826422,0.819189,-0.0285951
37.61,0.802607,0.826247,0.819055,-0.0236403
37.615,0.799452,0.826073,0.818921,-0.0266212
37.62,0.795885,0.8259,0.818786,-0.0300156
37.625,0.791501,0.825728,0.818652,-0.0342271
37.63,0.788093,0.825556,0.818518,-0.0374632
37.635,0.802917,0.825385,0.818383,-0.022468
37.64,0.78753,0.825215,0.818249,-0.0376853
37.645,0.780769,0.825045,0.818115,-0.0442766
37.65,0.783455,0.824876,0.81798,-0.0414208
37.655,0.797065,0.824708,0.817846,-0.0276434
37.66,0.786772,0.82454,0.817712,-0.0377683
37.665,0.784384,0.824373,0.817577,-0.039989
37.67,0.785217,0.824207,0.817443,-0.0389903
37.675,0.795091,0.824041,0.817309,-0.0289499
37.68,0.80164,0.823876,0.817174,-0.0222363
37.685,0.791325,0.823712,0.81704,-0.0323864
37.69,0.783681,0.823548,0.816906,-0.0398663
37.695,0.783415,0.823384,0.816772,-0.0399689
37.7,0.775958,0.823221,0.816637,-0.0472637
37.705,0.772857,0.823059,0.816503,-0.0502015
37.71,0.773886,0.822897,0.816369,-0.0490115
37.715,0.766694,0.822736,0.816235,-0.0560414
37.72,0.762898,0.822575,0.816101,-0.0596774
37.725,0.764956,0.822415,0.815966,-0.0574582
37.73,0.747156,0.822255,0.815832,-0.0750984
37.735,0.747963,0.822095,0.815698,-0.0741326
37.74,0.74112,0.821936,0.815564,-0.080817
37.745,0.742723,0.821778,0.81543,-0.0790546
37.75,0.750123,0.82162,0.815295,-0.0714969
37.755,0.765332,0.821463,0.815161,-0.0561302
37.76,0.776976,0.821305,0.815027,-0.0443292
37.765,0.781651,0.821149,0.814893,-0.0394975
37.77,0.772761,0.820992,0.814759,-0.0482318
37.775,0.767846,0.820837,0.814625,-0.052991
37.78,0.762328,0.820681,0.814491,-0.0583526
37.785,0.758574,0.820526,0.814356,-0.0619517
37.79,0.765399,0.820371,0.814222,-0.0549724
37.795,0.772785,0.820217,0.814088,-0.0474318
37.8,0.778741,0.820063,0.813954,-0.0413217
37.805,0.77908,0.819909,0.81382,-0.0408299
37.81,0.7755,0.819756,0.813686,-0.0442566
37.815,0.777215,0.819603,0.813552,-0.0423881
37.82,0.772604,0.819461,0.813418,-0.0468574
37.825,0.767261,0.819309,0.813284,-0.0520483
37.83,0.761433,0.819157,0.81315,-0.0577236
37.835,0.762332,0.819006,0.813016,-0.0566733
37.84,0.762233,0.818854,0.812882,-0.0566212
37.845,0.750904,0.818703,0.812748,-0.067799
37.85,0.74469,0.818553,0.812614,-0.0738628
37.855,0.744979,0.818403,0.81248,-0.073424
37.86,0.732527,0.818253,0.812346,-0.0857258
37.865,0.738349,0.818103,0.812212,-0.0797546
37.87,0.747401,0.817954,0.812078,-0.0705523
37.875,0.755445,0.817805,0.811944,-0.0623599
37.88,0.773539,0.817656,0.81181,-0.0441167
37.885,0.750606,0.817507,0.811676,-0.0669016
37.89,0.731913,0.817359,0.811542,-0.0854461
37.895,0.727208,0.817211,0.811408,-0.0900029
37.9,0.725764,0.817064,0.811274,-0.0913
37.905,0.732335,0.816916,0.81114,-0.0845814
37.91,0.740745,0.816769,0.811006,-0.0760236
37.915,0.748365,0.816622,0.810872,-0.0682575
37.92,0.753253,0.816475,0.810739,-0.063222
37.925,0.736557,0.816329,0.810605,-0.079772
37.93,0.726033,0.816183,0.810471,-0.0901504
37.935,0.736505,0.816037,0.810337,-0.0795316
37.94,0.736459,0.815891,0.810203,-0.0794326
37.945,0.73855,0.815746,0.810069,-0.0771962
37.95,0.714837,0.815601,0.809935,-0.100764
37.955,0.715473,0.815456,0.809801,-0.0999825
37.96,0.739912,0.815311,0.809668,-0.0753993
37.965,0.760573,0.815166,0.809534,-0.0545932
37.97,0.773678,0.815022,0.8094,-0.0413435
37.975,0.767738,0.814878,0.809266,-0.0471397
37.98,0.757488,0.814734,0.809132,-0.057246
37.985,0.766986,0.81459,0.808999,-0.0476041
37.99,0.756134,0.814447,0.808865,-0.0583126
37.995,0.758427,0.814304,0.808731,-0.0558769
38,0.747962,0.81416,0.808597,-0.0661986
38.005,0.738029,0.814018,0.808464,-0.0759881
38.01,0.730774,0.813875,0.80833,-0.0831006
38.015,0.738455,0.813732,0.808196,-0.0752769
38.02,0.74757,0.81359,0.808062,-0.0660198
38.025,0.749044,0.813448,0.807929,-0.0644043
38.03,0.745993,0.813306,0.807795,-0.0673134
38.035,0.751529,0.813164,0.807661,-0.0616357
38.04,0.75541,0.813023,0.807528,-0.0576124
38.045,0.763707,0.812881,0.807394,-0.0491745
38.05,0.753688,0.81274,0.80726,-0.0590521
38.055,0.743993,0.812599,0.807127,-0.0686059
38.06,0.744587,0.812458,0.806993,-0.0678714
38.065,0.735127,0.812318,0.806859,-0.0771908
38.07,0.739809,0.812177,0.806726,-0.0723681
38.075,0.752541,0.812037,0.806592,-0.0594957
38.08,0.770564,0.811897,0.806458,-0.0413324
38.085,0.781494,0.811757,0.806325,-0.0302629
38.09,0.773148,0.811617,0.806191,-0.0384691
38.095,0.771033,0.811477,0.806058,-0.0404444
38.1,0.761835,0.811337,0.805924,-0.049502
38.105,0.754548,0.811198,0.80579,-0.05665
38.11,0.760969,0.811059,0.805657,-0.0500898
38.115,0.762785,0.81092,0.805523,-0.0481349
38.12,0.75012,0.810781,0.80539,-0.0606606
38.125,0.730758,0.810642,0.805256,-0.0798836
38.13,0.725402,0.810503,0.805123,-0.0851013
38.135,0.735514,0.810365,0.804989,-0.074851
38.14,0.741461,0.810227,0.804856,-0.0687653
38.145,0.731796,0.810088,0.804722,-0.0782922
38.15,0.73134,0.80995,0.804589,-0.0786101
38.155,0.727604,0.809812,0.804455,-0.0822081
38.16,0.72899,0.809675,0.804322,-0.0806841
38.165,0.720338,0.809537,0.804188,-0.0891991
38.17,0.718777,0.809399,0.804055,-0.0906221
38.175,0.730887,0.809262,0.803921,-0.0783751
38.18,0.736333,0.809125,0.803788,-0.0727914
38.185,0.751945,0.808988,0.803654,-0.0570425
38.19,0.75709,0.808851,0.803521,-0.0517606
38.195,0.756033,0.808714,0.803387,-0.0526813
38.2,0.752236,0.808577,0.803254,-0.0563416
38.205,0.739194,0.808441,0.803121,-0.0692468
38.21,0.750789,0.808304,0.802987,-0.0575148
38.215,0.75033,0.808168,0.802854,-0.057838
38.22,0.748555,0.808032,0.802721,-0.0594767
38.225,0.728109,0.807895,0.802587,-0.079786
38.23,0.731457,0.807759,0.802454,-0.0763028
38.235,0.733978,0.807624,0.80232,-0.0736457
38.24,0.744032,0.807488,0.802187,-0.0634562
38.245,0.748629,0.807352,0.802054,-0.0587228
38.25,0.744348,0.807217,0.80192,-0.0628693
38.255,0.746081,0.807081,0.801787,-0.0610003
38.26,0.746569,0.806946,0.801654,-0.0603768
38.265,0.742509,0.806811,0.801521,-0.0643025
38.27,0.739632,0.806676,0.801387,-0.0670443
38.275,0.736894,0.806541,0.801254,-0.0696472
38.28,0.739358,0.806406,0.801121,-0.0670478
38.285,0.748689,0.806272,0.800988,-0.0575823
38.29,0.747383,0.806137,0.800854,-0.0587536
38.295,0.748568,0.806003,0.800721,-0.0574346
38.3,0.748673,0.805868,0.800588,-0.0571955
38.305,0.74828,0.805734,0.800455,-0.0574537
38.31,0.753142,0.8056,0.800321,-0.0524576
38.315,0.746007,0.805466,0.800188,-0.0594584
38.32,0.746002,0.805332,0.800055,-0.0593296
38.325,0.74199,0.805198,0.799922,-0.0632081
38.33,0.738239,0.805064,0.799789,-0.0668255
38.335,0.734025,0.804931,0.799655,-0.0709058
38.34,0.726388,0.804797,0.799522,-0.078409
38.345,0.738633,0.804664,0.799389,-0.0660302
38.35,0.757489,0.80453,0.799256,-0.047041
38.355,0.768293,0.804397,0.799123,-0.0361043
38.36,0.777287,0.804264,0.79899,-0.0269765
38.365,0.761402,0.804131,0.798857,-0.0427286
38.37,0.763072,0.803998,0.798724,-0.0409265
38.375,0.765606,0.803865,0.798591,-0.0382592
38.38,0.752212,0.803733,0.798457,-0.0515203
38.385,0.761539,0.8036,0.798324,-0.0420609
38.39,0.754383,0.803467,0.798191,-0.0490843
38.395,0.771819,0.803335,0.798058,-0.031516
38.4,0.786982,0.803203,0.797925,-0.0162206
38.405,0.791357,0.80307,0.797792,-0.0117134
38.41,0.796065,0.802938,0.797659,-0.00687317
38.415,0.798452,0.802806,0.797526,-0.00435407
38.42,0.80064,0.802674,0.797393,-0.00203412
38.425,0.805479,0.802542,0.79726,0.00293695
38.43,0.797299,0.802411,0.797127,-0.00511107
38.435,0.794236,0.802279,0.796994,-0.0080429
38.44,0.78814,0.802147,0.796861,-0.0140077
38.445,0.762483,0.802016,0.796728,-0.0395323
38.45,0.737401,0.801884,0.796595,-0.0644837
38.455,0.741372,0.801753,0.796463,-0.0603815
38.46,0.748287,0.801622,0.79633,-0.0533349
38.465,0.750491,0.801491,0.796197,-0.0509999
38.47,0.748075,0.80136,0.796064,-0.0532848
38.475,0.730804,0.801229,0.795931,-0.0704249
38.48,0.737351,0.801098,0.795798,-0.0637472
38.485,0.744118,0.800967,0.795665,-0.0568492
38.49,0.765176,0.800836,0.795532,-0.0356605
38.495,0.779375,0.800706,0.795399,-0.0213301
38.5,0.791644,0.800575,0.795267,-0.00893076
38.505,0.784608,0.800445,0.795134,-0.0158366
38.51,0.764138,0.800314,0.795001,-0.0361765
38.515,0.753723,0.800184,0.794868,-0.0464612
38.52,0.742653,0.800054,0.794735,-0.0574009
38.525,0.753325,0.799924,0.794603,-0.0465984
38.53,0.743229,0.799794,0.79447,-0.056565
38.535,0.742127,0.799664,0.794337,-0.0575363
38.54,0.744659,0.799534,0.794204,-0.0548752
38.545,0.764448,0.799404,0.794072,-0.0349563
38.55,0.75847,0.799274,0.793939,-0.0408047
38.555,0.7412,0.799145,0.793806,-0.0579451
38.56,0.738995,0.799015,0.793673,-0.0600206
38.565,0.74807,0.798886,0.793541,-0.0508154
38.57,0.744996,0.798756,0.793408,-0.0537603
38.575,0.732779,0.798627,0.793275,-0.0658486
38.58,0.733458,0.798498,0.793143,-0.0650398
38.585,0.734986,0.798369,0.79301,-0.0633828
38.59,0.746013,0.79824,0.792877,-0.0522266
38.595,0.7483,0.798111,0.792745,-0.0498108
38.6,0.753104,0.797982,0.792612,-0.0448779
38.605,0.758703,0.797853,0.792479,-0.0391502
38.61,0.772095,0.797724,0.792347,-0.0256293
38.615,0.759142,0.797596,0.792214,-0.0384537
38.62,0.752177,0.797467,0.792081,-0.0452901
38.625,0.736043,0.797339,0.791949,-0.0612962
38.63,0.717581,0.79721,0.791816,-0.0796288
38.635,0.712674,0.797082,0.791684,-0.0844082
38.64,0.714278,0.796954,0.791551,-0.0826762
38.645,0.714621,0.796826,0.791419,-0.0822049
38.65,0.724754,0.796698,0.791286,-0.0719439
38.655,0.722823,0.796569,0.791154,-0.0737462
38.66,0.715903,0.796442,0.791021,-0.0805387
38.665,0.733731,0.796314,0.790889,-0.0625829
38.67,0.743347,0.796186,0.790756,-0.0528384
38.675,0.745431,0.796058,0.790624,-0.0506277
38.68,0.751761,0.795931,0.790491,-0.0441692
38.685,0.748491,0.795803,0.790359,-0.0473119
38.69,0.763866,0.795676,0.790226,-0.0318091
38.695,0.762801,0.795548,0.790094,-0.0327473
38.7,0.760188,0.795421,0.789961,-0.0352324
38.705,0.754526,0.795294,0.789829,-0.0407679
38.71,0.733424,0.795166,0.789697,-0.0617423
38.715,0.724461,0.795039,0.789564,-0.0705788
38.72,0.70557,0.794912,0.789432,-0.0893423
38.725,0.70126,0.794785,0.789299,-0.0935255
38.73,0.703287,0.794659,0.789167,-0.0913718
38.735,0.702018,0.794532,0.789035,-0.0925141
38.74,0.695366,0.794405,0.788902,-0.0990395
38.745,0.682335,0.794278,0.78877,-0.111943
38.75,0.679692,0.794152,0.788638,-0.11446
38.755,0.704181,0.794025,0.788505,-0.0898444
38.76,0.719494,0.793899,0.788373,-0.0744054
38.765,0.724767,0.793773,0.788241,-0.0690056
38.77,0.724899,0.793646,0.788108,-0.0687471
38.775,0.716596,0.79352,0.787976,-0.0769244
38.78,0.713853,0.793394,0.787844,-0.079541
38.785,0.70161,0.793268,0.787712,-0.0916581
38.79,0.691962,0.793142,0.787579,-0.10118
38.795,0.692004,0.793016,0.787447,-0.101013
38.8,0.709256,0.79289,0.787315,-0.0836344
38.805,0.706118,0.792765,0.787183,-0.0866472
38.81,0.703439,0.792639,0.787051,-0.0892003
38.815,0.705216,0.792513,0.786918,-0.0872979
38.82,0.70773,0.792388,0.786786,-0.0846582
38.825,0.717115,0.792262,0.786654,-0.0751471
38.83,0.721797,0.792137,0.786522,-0.0703403
38.835,0.717408,0.792012,0.78639,-0.0746038
38.84,0.708903,0.791887,0.786258,-0.082984
38.845,0.695616,0.791761,0.786125,-0.0961457
38.85,0.688589,0.791636,0.785993,-0.103047
38.855,0.702606,0.791511,0.785861,-0.0889052
38.86,0.724294,0.791387,0.785729,-0.0670924
38.865,0.737163,0.791262,0.785597,-0.054099
38.87,0.746023,0.791137,0.785465,-0.0451134
38.875,0.741664,0.791012,0.785333,-0.0493485
38.88,0.733962,0.790888,0.785201,-0.0569253
38.885,0.716257,0.790763,0.785069,-0.0745057
38.89,0.713479,0.790639,0.784937,-0.0771596
38.895,0.707403,0.790514,0.784805,-0.0831115
38.9,0.700336,0.79039,0.784673,-0.0900536
38.905,0.689961,0.790266,0.784541,-0.100304
38.91,0.695969,0.790141,0.784409,-0.0941729
38.915,0.702531,0.790017,0.784277,-0.0874862
38.92,0.69712,0.789893,0.784145,-0.0927729
38.925,0.69256,0.789769,0.784013,-0.0972097
38.93,0.690852,0.789646,0.783881,-0.098794
38.935,0.698842,0.789522,0.783749,-0.0906798
38.94,0.697304,0.789398,0.783617,-0.0920936
38.945,0.691203,0.789274,0.783485,-0.0980711
38.95,0.691416,0.789151,0.783353,-0.0977352
38.955,0.714278,0.789027,0.783221,-0.0747494
38.96,0.733497,0.788904,0.78309,-0.055407
38.965,0.733161,0.788781,0.782958,-0.0556193
38.97,0.72714,0.788657,0.782826,-0.0615171
38.975,0.724182,0.788534,0.782694,-0.0643521
38.98,0.724147,0.788411,0.782562,-0.0642637
38.985,0.724964,0.788288,0.78243,-0.0633242
38.99,0.722925,0.788165,0.782299,-0.0652398
38.995,0.719159,0.788042,0.782167,-0.0688832
39,0.72664,0.787919,0.782035,-0.0612788
39.005,0.713482,0.787797,0.781903,-0.0743144
39.01,0.71084,0.787674,0.781772,-0.0768337
39.015,0.702739,0.787551,0.78164,-0.084812
39.02,0.68309,0.787429,0.781508,-0.104339
39.025,0.670844,0.787306,0.781376,-0.116462
39.03,0.657078,0.787184,0.781245,-0.130106
39.035,0.663117,0.787062,0.781113,-0.123945
39.04,0.675496,0.786939,0.780981,-0.111444
39.045,0.686437,0.786817,0.78085,-0.10038
39.05,0.703852,0.786695,0.780718,-0.0828436
39.055,0.710511,0.786573,0.780586,-0.0760625
39.06,0.703301,0.786451,0.780455,-0.0831499
39.065,0.698732,0.78633,0.780323,-0.087598
39.07,0.693873,0.786208,0.780191,-0.0923347
39.075,0.688986,0.786086,0.78006,-0.0971006
39.08,0.685693,0.785965,0.779928,-0.100272
39.085,0.687842,0.785843,0.779797,-0.0980012
39.09,0.708134,0.785722,0.779665,-0.0775875
39.095,0.726005,0.7856,0.779533,-0.0595952
39.1,0.712226,0.785479,0.779402,-0.0732527
39.105,0.697945,0.785358,0.77927,-0.0874133
39.11,0.679997,0.785237,0.779139,-0.10524
39.115,0.681781,0.785116,0.779007,-0.103335
39.12,0.698831,0.784995,0.778876,-0.0861633
39.125,0.691186,0.784874,0.778744,-0.0936882
39.13,0.688351,0.784753,0.778613,-0.0964023
39.135,0.694604,0.784632,0.778481,-0.0900284
39.14,0.699544,0.784512,0.77835,-0.0849673
39.145,0.699377,0.784391,0.778218,-0.0850137
39.15,0.700716,0.784271,0.778087,-0.0835544
39.155,0.692928,0.78415,0.777956,-0.091222
39.16,0.690611,0.78403,0.777824,-0.0934189
39.165,0.692861,0.78391,0.777693,-0.0910482
39.17,0.694138,0.783789,0.777561,-0.089651
39.175,0.697345,0.783669,0.77743,-0.0863243
39.18,0.699659,0.783549,0.777299,-0.0838904
39.185,0.69715,0.783429,0.777167,-0.0862797
39.19,0.699493,0.78331,0.777036,-0.0838167
39.195,0.706133,0.78319,0.776905,-0.0770564
39.2,0.699213,0.78307,0.776773,-0.0838571
39.205,0.687137,0.78295,0.776642,-0.0958139
39.21,0.679773,0.782831,0.776511,-0.103058
39.215,0.669619,0.782711,0.776379,-0.113092
39.22,0.674764,0.782592,0.776248,-0.107828
39.225,0.676036,0.782473,0.776117,-0.106437
39.23,0.686939,0.782354,0.775986,-0.0954142
39.235,0.682975,0.782235,0.775854,-0.0992595
39.24,0.699571,0.782116,0.775723,-0.082544
39.245,0.693482,0.781997,0.775592,-0.0885144
39.25,0.675663,0.781878,0.775461,-0.106215
39.255,0.661672,0.781759,0.77533,-0.120087
39.26,0.678349,0.78164,0.775198,-0.103292
39.265,0.699779,0.781522,0.775067,-0.0817425
39.27,0.701756,0.781403,0.774936,-0.0796475
39.275,0.687277,0.781285,0.774805,-0.0940072
39.28,0.685131,0.781166,0.774674,-0.0960351
39.285,0.713874,0.781048,0.774543,-0.0671739
39.29,0.750404,0.78093,0.774412,-0.0305258
39.295,0.746763,0.780812,0.774281,-0.0340485
39.3,0.733892,0.780694,0.774149,-0.0468018
39.305,0.719053,0.780576,0.774018,-0.0615225
39.31,0.720363,0.780458,0.773887,-0.0600949
39.315,0.724763,0.78034,0.773756,-0.0555768
39.32,0.725628,0.780223,0.773625,-0.054595
39.325,0.720375,0.780105,0.773494,-0.0597296
39.33,0.716015,0.779988,0.773363,-0.0639723
39.335,0.710126,0.77987,0.773232,-0.0697443
39.34,0.703567,0.779753,0.773101,-0.0761862
39.345,0.704761,0.779636,0.77297,-0.074875
39.35,0.707361,0.779519,0.772839,-0.0721571
39.355,0.709319,0.779401,0.772708,-0.0700822
39.36,0.707436,0.779285,0.772577,-0.0718484
39.365,0.706754,0.779168,0.772446,-0.0724132
39.37,0.724835,0.779051,0.772316,-0.0542156
39.375,0.726602,0.778934,0.772185,-0.0523319
39.38,0.728755,0.778818,0.772054,-0.050063
39.385,0.711567,0.778701,0.771923,-0.0671343
39.39,0.709402,0.778585,0.771792,-0.0691828
39.395,0.704276,0.778468,0.771661,-0.0741926
39.4,0.698595,0.778352,0.77153,-0.0797569
39.405,0.69109,0.778236,0.7714,-0.0871459
39.41,0.694186,0.77812,0.771269,-0.0839344
39.415,0.691986,0.778004,0.771138,-0.0860176
39.42,0.693593,0.777888,0.771007,-0.0842948
39.425,0.699725,0.777772,0.770876,-0.078047
39.43,0.703913,0.777657,0.770746,-0.073744
39.435,0.70127,0.777541,0.770615,-0.0762716
39.44,0.7086,0.777426,0.770484,-0.0688254
39.445,0.709137,0.77731,0.770353,-0.0681738
39.45,0.721257,0.777195,0.770223,-0.0559378
39.455,0.72036,0.77708,0.770092,-0.0567198
39.46,0.709125,0.776965,0.769961,-0.0678396
39.465,0.695539,0.77685,0.769831,-0.0813111
39.47,0.690338,0.776735,0.7697,-0.0863966
39.475,0.687282,0.77662,0.769569,-0.089338
39.48,0.682044,0.776505,0.769439,-0.0944619
39.485,0.682921,0.776391,0.769308,-0.0934694
39.49,0.681276,0.776276,0.769177,-0.0950002
39.495,0.683075,0.776162,0.769047,-0.0930867
39.5,0.678172,0.776048,0.768916,-0.0978755
39.505,0.680998,0.775933,0.768786,-0.0949354
39.51,0.691399,0.775819,0.768655,-0.0844203
39.515,0.707515,0.775705,0.768525,-0.0681901
39.52,0.698802,0.775591,0.768394,-0.0767899
39.525,0.674978,0.775478,0.768264,-0.100499
39.53,0.661477,0.775364,0.768133,-0.113887
39.535,0.656148,0.77525,0.768003,-0.119103
39.54,0.66635,0.775137,0.767872,-0.108787
39.545,0.673638,0.775023,0.767742,-0.101385
39.55,0.662437,0.77491,0.767611,-0.112473
39.555,0.663833,0.774797,0.767481,-0.110964
39.56,0.684515,0.774684,0.76735,-0.090169
39.565,0.698579,0.774571,0.76722,-0.0759921
39.57,0.702516,0.774458,0.767089,-0.0719416
39.575,0.702227,0.774345,0.766959,-0.0721185
39.58,0.710802,0.774233,0.766829,-0.063431
39.585,0.721238,0.77412,0.766698,-0.0528826
39.59,0.719937,0.774008,0.766568,-0.0540708
39.595,0.709315,0.773895,0.766438,-0.0645801
39.6,0.701084,0.773783,0.766307,-0.0726991
39.605,0.679789,0.773671,0.766177,-0.093882
39.61,0.668893,0.773559,0.766047,-0.104666
39.615,0.673923,0.773447,0.765916,-0.0995237
39.62,0.691819,0.773335,0.765786,-0.0815165
39.625,0.716749,0.773224,0.765656,-0.056475
39.63,0.720069,0.773112,0.765525,-0.0530433
39.635,0.707605,0.773001,0.765395,-0.0653956
39.64,0.700563,0.772889,0.765265,-0.0723257
39.645,0.685599,0.772778,0.765135,-0.0871791
39.65,0.687106,0.772667,0.765005,-0.0855605
39.655,0.689945,0.772556,0.764874,-0.0826111
39.66,0.686911,0.772445,0.764744,-0.0855345
39.665,0.679154,0.772334,0.764614,-0.0931803
39.67,0.68724,0.772224,0.764484,-0.0849831
39.675,0.697755,0.772113,0.764354,-0.074358
39.68,0.701326,0.772003,0.764224,-0.0706764
39.685,0.694846,0.771892,0.764093,-0.0770467
39.69,0.686611,0.771782,0.763963,-0.0851709
39.695,0.689315,0.771672,0.763833,-0.0823566
39.7,0.694959,0.771562,0.763703,-0.0766031
39.705,0.692463,0.771452,0.763573,-0.0789895
39.71,0.685348,0.771342,0.763443,-0.0859946
39.715,0.693973,0.771233,0.763313,-0.0772595
39.72,0.696813,0.771123,0.763183,-0.07431
39.725,0.704403,0.771014,0.763053,-0.0666106
39.73,0.702471,0.770905,0.762923,-0.0684342
39.735,0.704741,0.770796,0.762793,-0.0660546
39.74,0.701053,0.770687,0.762663,-0.0696333
39.745,0.697681,0.770578,0.762533,-0.0728972
39.75,0.70184,0.770469,0.762403,-0.0686296
39.755,0.699935,0.770361,0.762273,-0.0704255
39.76,0.694456,0.770252,0.762143,-0.0757956
39.765,0.68911,0.770145,0.762013,-0.0810347
39.77,0.696357,0.770037,0.761884,-0.0736796
39.775,0.70087,0.769929,0.761754,-0.0690589
39.78,0.704202,0.769821,0.761624,-0.0656188
39.785,0.716317,0.769713,0.761494,-0.0533958
39.79,0.717399,0.769605,0.761364,-0.0522062
39.795,0.727045,0.769497,0.761234,-0.0424527
39.8,0.722127,0.76939,0.761104,-0.0472632
39.805,0.713613,0.769283,0.760975,-0.0556694
39.81,0.709037,0.769176,0.760845,-0.0601386
39.815,0.708597,0.769068,0.760715,-0.060471
39.82,0.713029,0.768962,0.760585,-0.0559328
39.825,0.720039,0.768855,0.760456,-0.0488162
39.83,0.716469,0.768748,0.760326,-0.0522794
39.835,0.698512,0.768642,0.760196,-0.0701298
39.84,0.683846,0.768535,0.760066,-0.0846892
39.845,0.678564,0.768429,0.759937,-0.0898653
39.85,0.682207,0.768323,0.759807,-0.0861154
39.855,0.692868,0.768217,0.759677,-0.0753485
39.86,0.69255,0.768111,0.759548,-0.0755609
39.865,0.691702,0.768005,0.759418,-0.076303
39.87,0.690623,0.7679,0.759289,-0.0772768
39.875,0.685795,0.767794,0.759159,-0.0819996
39.88,0.689586,0.767689,0.759029,-0.0781031
39.885,0.689614,0.767584,0.7589,-0.0779703
39.89,0.686318,0.767479,0.75877,-0.0811608
39.895,0.692105,0.767374,0.758641,-0.0752691
39.9,0.686755,0.76727,0.758511,-0.080515
39.905,0.690571,0.767165,0.758382,-0.0765941
39.91,0.683303,0.767061,0.758252,-0.0837572
39.915,0.667221,0.766956,0.758123,-0.0997353
39.92,0.66993,0.766852,0.757993,-0.0969222
39.925,0.670042,0.766748,0.757864,-0.0967065
39.93,0.681241,0.766645,0.757734,-0.0854037
39.935,0.687533,0.766541,0.757605,-0.0790083
39.94,0.689321,0.766438,0.757475,-0.0771161
39.945,0.689683,0.766334,0.757346,-0.0766511
39.95,0.696195,0.766231,0.757216,-0.0700359
39.955,0.698745,0.766128,0.757087,-0.0673833
39.96,0.698434,0.766025,0.756958,-0.0675912
39.965,0.700957,0.765922,0.756828,-0.064965
39.97,0.70097,0.76582,0.756699,-0.0648501
39.975,0.70054,0.765718,0.75657,-0.0651776
39.98,0.69003,0.765615,0.75644,-0.0755855
39.985,0.668748,0.765513,0.756311,-0.0967648
39.99,0.663063,0.765411,0.756182,-0.102349
39.995,0.673206,0.76531,0.756052,-0.0921039
40,0.678393,0.765208,0.755923,-0.0868152
40.005,0.679017,0.765107,0.755794,-0.0860895
40.01,0.672166,0.765005,0.755665,-0.0928394
40.015,0.674815,0.764904,0.755535,-0.0900894
40.02,0.685256,0.764803,0.755406,-0.0795473
40.025,0.686287,0.764703,0.755277,-0.0784161
40.03,0.694911,0.764602,0.755148,-0.0696912
40.035,0.700481,0.764502,0.755019,-0.064021
40.04,0.703274,0.764401,0.754889,-0.0611277
40.045,0.704667,0.764301,0.75476,-0.0596339
40.05,0.682233,0.764201,0.754631,-0.0819686
40.055,0.669775,0.764102,0.754502,-0.0943266
40.06,0.668111,0.764002,0.754373,-0.0958916
40.065,0.673301,0.763903,0.754244,-0.090602
40.07,0.678674,0.763804,0.754115,-0.0851296
40.075,0.676606,0.763705,0.753986,-0.0870983
40.08,0.667441,0.763606,0.753857,-0.0961653
40.085,0.668127,0.763507,0.753728,-0.0953807
40.09,0.675544,0.763409,0.753599,-0.0878643
40.095,0.679328,0.76331,0.75347,-0.0839822
40.1,0.677422,0.763212,0.753341,-0.0857907
40.105,0.680665,0.763115,0.753212,-0.0824496
40.11,0.681606,0.763017,0.753083,-0.0814106
40.115,0.683874,0.762919,0.752954,-0.0790456
40.12,0.698185,0.762822,0.752825,-0.0646372
40.125,0.697103,0.762725,0.752696,-0.0656222
40.13,0.709362,0.762628,0.752567,-0.0532655
40.135,0.709143,0.762531,0.752438,-0.0533878
40.14,0.69156,0.762435,0.752309,-0.0708742
40.145,0.68522,0.762338,0.75218,-0.0771181
40.15,0.682142,0.762242,0.752051,-0.0801002
40.155,0.67838,0.762146,0.751923,-0.083766
40.16,0.679826,0.76205,0.751794,-0.0822239
40.165,0.672463,0.761955,0.751665,-0.0894918
40.17,0.674254,0.761859,0.751536,-0.0876055
40.175,0.676633,0.761764,0.751407,-0.0851313
40.18,0.67229,0.761669,0.751279,-0.0893787
40.185,0.66831,0.761574,0.75115,-0.0932641
40.19,0.665746,0.76148,0.751021,-0.0957333
40.195,0.659832,0.761385,0.750892,-0.101554
40.2,0.653288,0.761291,0.750764,-0.108004
40.205,0.667838,0.761197,0.750635,-0.0933589
40.21,0.688256,0.761104,0.750506,-0.0728476
40.215,0.70832,0.76101,0.750378,-0.0526899
40.22,0.701883,0.760917,0.750249,-0.0590339
40.225,0.691711,0.760824,0.75012,-0.069113
40.23,0.682309,0.760731,0.749992,-0.0784218
40.235,0.683656,0.760638,0.749863,-0.0769827
40.24,0.69166,0.760546,0.749735,-0.0688865
40.245,0.697222,0.760454,0.749606,-0.0632321
40.25,0.692576,0.760362,0.749477,-0.0677858
40.255,0.69202,0.76027,0.749349,-0.0682505
40.26,0.691842,0.760179,0.74922,-0.0683365
40.265,0.692079,0.760087,0.749092,-0.068008
40.27,0.70008,0.759996,0.748963,-0.0599163
40.275,0.694564,0.759906,0.748835,-0.0653412
40.28,0.693889,0.759815,0.748706,-0.0659256
40.285,0.699166,0.759725,0.748578,-0.0605588
40.29,0.698365,0.759635,0.748449,-0.06127
40.295,0.692775,0.759545,0.748321,-0.0667694
40.3,0.683034,0.759455,0.748193,-0.0764214
40.305,0.675334,0.759366,0.748064,-0.084032
40.31,0.666575,0.759277,0.747936,-0.0927011
40.315,0.662025,0.759188,0.747807,-0.0971624
40.32,0.653694,0.759099,0.747679,-0.105405
40.325,0.648235,0.759011,0.747551,-0.110776
40.33,0.647853,0.758922,0.747422,-0.111069
40.335,0.657055,0.758835,0.747294,-0.101779
40.34,0.672161,0.758747,0.747166,-0.086586
40.345,0.695947,0.75866,0.747037,-0.0627124
40.35,0.701958,0.758572,0.746909,-0.0566146
40.355,0.702068,0.758486,0.746781,-0.056418
40.36,0.702387,0.758399,0.746653,-0.0560117
40.365,0.686824,0.758313,0.746524,-0.071489
40.37,0.684384,0.758227,0.746396,-0.0738427
40.375,0.674639,0.758141,0.746268,-0.0835018
40.38,0.66556,0.758055,0.74614,-0.0924954
40.385,0.671894,0.75797,0.746012,-0.0860755
40.39,0.681703,0.757885,0.745883,-0.0761824
40.395,0.684906,0.7578,0.745755,-0.0728943
40.4,0.692709,0.757716,0.745627,-0.0650069
40.405,0.687073,0.757632,0.745499,-0.0705583
40.41,0.699548,0.757548,0.745371,-0.0580003
40.415,0.702932,0.757464,0.745243,-0.0545322
40.42,0.698775,0.757381,0.745115,-0.0586062
40.425,0.712026,0.757298,0.744987,-0.045272
40.43,0.716336,0.757215,0.744859,-0.0408789
40.435,0.70236,0.757133,0.744731,-0.0547725
40.44,0.711222,0.757051,0.744603,-0.0458289
40.445,0.705586,0.756969,0.744475,-0.0513824
40.45,0.705877,0.756887,0.744347,-0.0510105
40.455,0.701819,0.756806,0.744219,-0.0549873
40.46,0.695781,0.756725,0.744091,-0.060944
40.465,0.715208,0.756644,0.743963,-0.0414367
40.47,0.719031,0.756564,0.743835,-0.0375333
40.475,0.707288,0.756484,0.743707,-0.0491958
40.48,0.701796,0.756404,0.743579,-0.0546089
40.485,0.708564,0.756325,0.743451,-0.0477611
40.49,0.712565,0.756246,0.743323,-0.0436809
40.495,0.699855,0.756167,0.743195,-0.0563124
40.5,0.677824,0.756089,0.743068,-0.0782648
40.505,0.664518,0.756011,0.74294,-0.0914922
40.51,0.655621,0.755933,0.742812,-0.100312
40.515,0.654228,0.755856,0.742684,-0.101628
40.52,0.657358,0.755778,0.742556,-0.0984206
40.525,0.664186,0.755702,0.742429,-0.0915153
40.53,0.664314,0.755625,0.742301,-0.0913111
40.535,0.683663,0.755549,0.742173,-0.0718864
40.54,0.694099,0.755473,0.742045,-0.0613741
40.545,0.700551,0.755398,0.741918,-0.0548474
40.55,0.697816,0.755323,0.74179,-0.0575068
40.555,0.688674,0.755248,0.741662,-0.0665745
40.56,0.684007,0.755174,0.741535,-0.0711667
40.565,0.703067,0.7551,0.741407,-0.052033
40.57,0.71588,0.755026,0.74128,-0.0391463
40.575,0.715792,0.754953,0.741152,-0.0391609
40.58,0.708103,0.75488,0.741024,-0.0467767
40.585,0.690616,0.754808,0.740897,-0.064192
40.59,0.684617,0.754735,0.740769,-0.0701181
40.595,0.676045,0.754664,0.740642,-0.0786181
40.6,0.665449,0.754592,0.740514,-0.0891432
40.605,0.676768,0.754521,0.740387,-0.0777531
40.61,0.68603,0.754451,0.740259,-0.0684201
40.615,0.703843,0.75438,0.740132,-0.0505368
40.62,0.694759,0.75431,0.740004,-0.0595512
40.625,0.699379,0.754241,0.739877,-0.0548615
40.63,0.703198,0.754172,0.739749,-0.050974
40.635,0.699922,0.754103,0.739622,-0.0541815
40.64,0.699378,0.754035,0.739494,-0.0546572
40.645,0.69722,0.753967,0.739367,-0.0567471
40.65,0.696397,0.7539,0.73924,-0.0575026
40.655,0.696637,0.753833,0.739112,-0.0571959
40.66,0.678676,0.753766,0.738985,-0.0750904
40.665,0.669578,0.7537,0.738858,-0.0841216
40.67,0.677346,0.753634,0.73873,-0.0762876
40.675,0.673212,0.753569,0.738603,-0.0803564
40.68,0.674353,0.753504,0.738476,-0.0791506
40.685,0.6679,0.753439,0.738348,-0.085539
40.69,0.671706,0.753375,0.738221,-0.0816689
40.695,0.688081,0.753312,0.738094,-0.0652305
40.7,0.709441,0.753249,0.737967,-0.0438071
40.705,0.704397,0.753186,0.737839,-0.0487889
40.71,0.68917,0.753124,0.737712,-0.0639533
40.715,0.677692,0.753062,0.737585,-0.0753699
40.72,0.676859,0.753001,0.737458,-0.0761415
40.725,0.693802,0.75294,0.737331,-0.0591373
40.73,0.694871,0.752879,0.737204,-0.0580085
40.735,0.683786,0.752819,0.737076,-0.0690331
40.74,0.689709,0.75276,0.736949,-0.0630508
40.745,0.700403,0.752701,0.736822,-0.0522983
40.75,0.718345,0.752643,0.736695,-0.0342973
40.755,0.722617,0.752585,0.736568,-0.0299677
40.76,0.705345,0.752527,0.736441,-0.0471827
40.765,0.692169,0.75247,0.736314,-0.0603018
40.77,0.677897,0.752414,0.736187,-0.0745171
40.775,0.674242,0.752358,0.73606,-0.0781163
40.78,0.675902,0.752302,0.735933,-0.076401
40.785,0.674313,0.752248,0.735806,-0.0779349
40.79,0.665003,0.752193,0.735679,-0.0871905
40.795,0.668865,0.752139,0.735552,-0.0832745
40.8,0.669555,0.752086,0.735425,-0.0825308
40.805,0.681073,0.752033,0.735298,-0.0709598
40.81,0.693644,0.751981,0.735172,-0.058337
40.815,0.691739,0.751929,0.735045,-0.0601905
40.82,0.695982,0.751878,0.734918,-0.055896
40.825,0.706881,0.751828,0.734791,-0.0449464
40.83,0.715561,0.751778,0.734664,-0.0362169
40.835,0.709605,0.751728,0.734537,-0.0421236
40.84,0.693859,0.751679,0.734411,-0.0578201
40.845,0.692881,0.751631,0.734284,-0.0587505
40.85,0.691336,0.751583,0.734157,-0.0602469
40.855,0.703632,0.751536,0.73403,-0.0479041
40.86,0.706628,0.75149,0.733904,-0.0448614
40.865,0.702023,0.751444,0.733777,-0.0494211
40.87,0.712934,0.751399,0.73365,-0.0384645
40.875,0.714587,0.751354,0.733523,-0.0367671
40.88,0.696595,0.75131,0.733397,-0.0547144
40.885,0.696019,0.751266,0.73327,-0.055247
40.89,0.676375,0.751224,0.733143,-0.0748486
40.895,0.670896,0.751181,0.733017,-0.0802849
40.9,0.667067,0.75114,0.73289,-0.0840726
40.905,0.669174,0.751099,0.732764,-0.0819248
40.91,0.678863,0.751059,0.732637,-0.0721957
40.915,0.686945,0.751019,0.73251,-0.064074
40.92,0.700207,0.75098,0.732384,-0.0507733
40.925,0.714971,0.750942,0.732257,-0.0359706
40.93,0.728298,0.750904,0.732131,-0.0226069
40.935,0.71662,0.750868,0.732004,-0.034248
40.94,0.724228,0.750832,0.731878,-0.0266032
40.945,0.705737,0.750796,0.731751,-0.0450593
40.95,0.707967,0.750761,0.731625,-0.042794
40.955,0.697639,0.750727,0.731499,-0.0530885
40.96,0.700299,0.750694,0.731372,-0.0503951
40.965,0.703196,0.750661,0.731246,-0.0474654
40.97,0.695689,0.75063,0.731119,-0.0549407
40.975,0.67948,0.750599,0.730993,-0.0711189
40.98,0.67817,0.750568,0.730867,-0.0723985
40.985,0.682722,0.750539,0.73074,-0.0678168
40.99,0.689699,0.75051,0.730614,-0.0608108
40.995,0.69428,0.750482,0.730488,-0.0562017
41,0.686222,0.750455,0.730361,-0.0642325
41.005,0.689795,0.750428,0.730235,-0.060633
41.01,0.688702,0.750403,0.730109,-0.061701
41.015,0.696356,0.750378,0.729983,-0.0540216
41.02,0.712359,0.750354,0.729856,-0.0379943
41.025,0.713528,0.75033,0.72973,-0.0368023
41.03,0.705873,0.750308,0.729604,-0.0444346
41.035,0.695737,0.750287,0.729478,-0.0545497
41.04,0.693947,0.750266,0.729352,-0.0563194
41.045,0.702331,0.750246,0.729226,-0.0479147
41.05,0.702136,0.750227,0.729099,-0.0480917
41.055,0.697666,0.750209,0.728973,-0.0525436
41.06,0.695392,0.750192,0.728847,-0.0548
41.065,0.697082,0.750176,0.728721,-0.0530938
41.07,0.704989,0.75016,0.728595,-0.0451717
41.075,0.699857,0.750146,0.728469,-0.050289
41.08,0.681608,0.750132,0.728343,-0.0685247
41.085,0.673132,0.75012,0.728217,-0.0769884
41.09,0.676421,0.750108,0.728091,-0.0736869
41.095,0.68746,0.750098,0.727965,-0.0626378
41.1,0.687316,0.750088,0.727839,-0.0627721
41.105,0.669124,0.750079,0.727713,-0.080955
41.11,0.657949,0.750071,0.727587,-0.092122
41.115,0.659993,0.750065,0.727461,-0.0900722
41.12,0.67635,0.750059,0.727335,-0.0737087
41.125,0.690695,0.750054,0.727209,-0.059359
41.13,0.69552,0.750051,0.727084,-0.0545305
41.135,0.687932,0.750048,0.726958,-0.0621162
41.14,0.684769,0.750047,0.726832,-0.0652778
41.145,0.68957,0.750046,0.726706,-0.0604757
41.15,0.692404,0.750047,0.72658,-0.057643
41.155,0.687307,0.750048,0.726455,-0.0627408
41.16,0.674239,0.750051,0.726329,-0.0758117
41.165,0.667961,0.750055,0.726203,-0.0820938
41.17,0.679129,0.75006,0.726077,-0.0709309
41.175,0.682827,0.750066,0.725952,-0.067239
41.18,0.681341,0.750074,0.725826,-0.0687321
41.185,0.685328,0.750082,0.7257,-0.0647537
41.19,0.69465,0.750092,0.725574,-0.0554419
41.195,0.707578,0.750103,0.725449,-0.0425246
41.2,0.699967,0.750115,0.725323,-0.0501475
41.205,0.685729,0.750128,0.725198,-0.064399
41.21,0.671643,0.750143,0.725072,-0.0784998
41.215,0.673275,0.750158,0.724946,-0.0768839
41.22,0.676485,0.750176,0.724821,-0.0736903
41.225,0.675885,0.750194,0.724695,-0.0743087
41.23,0.674519,0.750214,0.72457,-0.0756947
41.235,0.67419,0.750235,0.724444,-0.0760446
41.24,0.680187,0.750257,0.724319,-0.0700702
41.245,0.699499,0.75028,0.724193,-0.0507814
41.25,0.710765,0.750305,0.724068,-0.03954
41.255,0.712842,0.750332,0.723942,-0.0374901
41.26,0.698847,0.75036,0.723817,-0.0515124
41.265,0.683505,0.750389,0.723691,-0.0668836
41.27,0.680842,0.750419,0.723566,-0.0695776
41.275,0.69117,0.750452,0.723441,-0.0592817
41.28,0.694243,0.750485,0.723315,-0.0562415
41.285,0.695644,0.75052,0.72319,-0.0548761
41.29,0.696882,0.750557,0.723065,-0.0536746
41.295,0.705918,0.750595,0.722939,-0.044677
41.3,0.706191,0.750634,0.722814,-0.0444429
41.305,0.698951,0.750675,0.722689,-0.0517238
41.31,0.687996,0.750718,0.722563,-0.0627215
41.315,0.676087,0.750762,0.722438,-0.0746754
41.32,0.685894,0.750808,0.722313,-0.0649142
41.325,0.692134,0.750856,0.722188,-0.0587218
41.33,0.70398,0.750905,0.722062,-0.0469251
41.335,0.699487,0.750956,0.721937,-0.0514688
41.34,0.689792,0.751008,0.721812,-0.0612159
41.345,0.682689,0.751063,0.721687,-0.0683732
41.35,0.669613,0.751119,0.721562,-0.0815052
41.355,0.66666,0.751176,0.721437,-0.084516
41.36,0.670542,0.751236,0.721311,-0.0806939
41.365,0.672377,0.751297,0.721186,-0.0789204
41.37,0.694431,0.75136,0.721061,-0.0569295
41.375,0.697678,0.751426,0.720936,-0.0537472
41.38,0.692478,0.751492,0.720811,-0.0590145
41.385,0.698571,0.751561,0.720686,-0.0529903
41.39,0.692656,0.751632,0.720561,-0.0589765
41.395,0.693864,0.751705,0.720436,-0.0578413
41.4,0.692745,0.75178,0.720311,-0.0590344
41.405,0.68508,0.751856,0.720186,-0.0667765
41.41,0.685383,0.751935,0.720061,-0.0665523
41.415,0.689158,0.752016,0.719936,-0.0628581
41.42,0.695153,0.752099,0.719811,-0.0569461
41.425,0.697789,0.752184,0.719687,-0.0543949
41.43,0.699822,0.752271,0.719562,-0.0524485
41.435,0.703664,0.75236,0.719437,-0.0486965
41.44,0.691643,0.752452,0.719312,-0.0608093
41.445,0.687501,0.752546,0.719187,-0.0650447
41.45,0.695496,0.752642,0.719062,-0.0571456
41.455,0.713392,0.75274,0.718938,-0.0393484
41.46,0.733628,0.752841,0.718813,-0.0192131
41.465,0.738819,0.752944,0.718688,-0.0141251
41.47,0.733412,0.753049,0.718563,-0.019637
41.475,0.725861,0.753157,0.718439,-0.0272961
41.48,0.720371,0.753267,0.718314,-0.0328967
41.485,0.716664,0.75338,0.718189,-0.0367165
41.49,0.710069,0.753496,0.718065,-0.043427
41.495,0.715811,0.753614,0.71794,-0.0378029
41.5,0.717309,0.753734,0.717815,-0.0364247
41.505,0.709755,0.753857,0.717691,-0.0441023
41.51,0.711437,0.753983,0.717566,-0.042546
41.515,0.710132,0.754112,0.717441,-0.0439796
41.52,0.71547,0.754243,0.717317,-0.0387734
41.525,0.703116,0.754377,0.717192,-0.0512613
41.53,0.700354,0.754514,0.717068,-0.0541601
41.535,0.690182,0.754654,0.716943,-0.0644719
41.54,0.707408,0.754797,0.716819,-0.0473885
41.545,0.720175,0.754942,0.716694,-0.0347672
41.55,0.721618,0.755091,0.71657,-0.0334732
41.555,0.718631,0.755243,0.716445,-0.0366124
41.56,0.71337,0.755398,0.716321,-0.0420276
41.565,0.70592,0.755556,0.716197,-0.0496363
41.57,0.715367,0.755717,0.716072,-0.0403504
41.575,0.711455,0.755882,0.715948,-0.0444266
41.58,0.714216,0.75605,0.715823,-0.0418333
41.585,0.696729,0.756221,0.715699,-0.0594912
41.59,0.693931,0.756395,0.715575,-0.0624644
41.595,0.693448,0.756573,0.71545,-0.063125
41.6,0.704158,0.756755,0.715326,-0.0525964
41.605,0.706053,0.75694,0.715202,-0.0508863
41.61,0.695556,0.757128,0.715078,-0.0615718
41.615,0.689767,0.75732,0.714953,-0.0675535
41.62,0.696296,0.757516,0.714829,-0.0612207
41.625,0.699285,0.757716,0.714705,-0.0584314
41.63,0.697544,0.75792,0.714581,-0.0603763
41.635,0.715866,0.758127,0.714457,-0.0422615
41.64,0.721496,0.758339,0.714332,-0.0368425
41.645,0.737519,0.758554,0.714208,-0.021035
41.65,0.733008,0.758774,0.714084,-0.0257665
41.655,0.729181,0.759002,0.71396,-0.0298212
41.66,0.708867,0.75923,0.713836,-0.0503631
41.665,0.700009,0.759463,0.713712,-0.0594539
41.67,0.692815,0.759699,0.713588,-0.0668841
41.675,0.706775,0.75994,0.713464,-0.0531655
41.68,0.700066,0.760187,0.71334,-0.0601209
41.685,0.698563,0.760437,0.713216,-0.0618738
41.69,0.694878,0.760692,0.713092,-0.0658138
41.695,0.7101,0.760952,0.712968,-0.0508517
41.7,0.727424,0.761216,0.712844,-0.0337922
41.705,0.737665,0.761485,0.71272,-0.0238201
41.71,0.739362,0.761759,0.712596,-0.0223974
41.715,0.732676,0.762039,0.712472,-0.0293624
41.72,0.726269,0.762323,0.712348,-0.0360547
41.725,0.720603,0.762613,0.712224,-0.0420096
41.73,0.710739,0.762908,0.712101,-0.052169
41.735,0.704604,0.763209,0.711977,-0.058605
41.74,0.710006,0.763515,0.711853,-0.0535082
41.745,0.716395,0.763826,0.711729,-0.0474307
41.75,0.709215,0.764143,0.711605,-0.0549288
41.755,0.699471,0.764467,0.711482,-0.0649959
41.76,0.683948,0.764796,0.711358,-0.0808475
41.765,0.705067,0.765131,0.711234,-0.0600637
41.77,0.715856,0.765472,0.711111,-0.0496157
41.775,0.723064,0.765819,0.710987,-0.0427551
41.78,0.725395,0.766173,0.710863,-0.0407783
41.785,0.726106,0.766533,0.71074,-0.0404271
41.79,0.732753,0.7669,0.710616,-0.0341467
41.795,0.740071,0.767274,0.710492,-0.0272022
41.8,0.739564,0.767654,0.710369,-0.0280898
41.805,0.742509,0.768041,0.710245,-0.0255318
41.81,0.744741,0.768436,0.710122,-0.0236948
41.815,0.752825,0.768837,0.709998,-0.0160123
41.82,0.746784,0.769246,0.709874,-0.0224617
41.825,0.753413,0.769663,0.709751,-0.0162491
41.83,0.755272,0.770087,0.709627,-0.0148142
41.835,0.746906,0.770518,0.709504,-0.0236121
41.84,0.733088,0.770958,0.709381,-0.0378699
41.845,0.72396,0.771406,0.709257,-0.0474458
41.85,0.73485,0.771862,0.709134,-0.0370119
41.855,0.743533,0.772326,0.70901,-0.0287938
41.86,0.746235,0.772799,0.708887,-0.026564
41.865,0.736736,0.773281,0.708763,-0.0365446
41.87,0.737365,0.773772,0.70864,-0.0364064
41.875,0.725285,0.774271,0.708517,-0.0489861
41.88,0.713386,0.77478,0.708393,-0.0613943
41.885,0.712053,0.775298,0.70827,-0.063245
41.89,0.708755,0.775826,0.708147,-0.0670717
41.895,0.718654,0.776364,0.708024,-0.0577103
41.9,0.754439,0.776912,0.7079,-0.0224726
41.905,0.758853,0.77747,0.707777,-0.0186168
41.91,0.769772,0.778038,0.707654,-0.00826642
41.915,0.748455,0.778617,0.707531,-0.0301624
41.92,0.734396,0.779207,0.707408,-0.0448105
41.925,0.735906,0.779808,0.707284,-0.0439019
41.93,0.725902,0.78042,0.707161,-0.0545175
41.935,0.723646,0.781044,0.707038,-0.0573977
41.94,0.724269,0.781679,0.706915,-0.0574098
41.945,0.731375,0.782327,0.706792,-0.0509518
41.95,0.724742,0.782987,0.706669,-0.0582445
41.955,0.717743,0.783659,0.706546,-0.0659159
41.96,0.730771,0.784345,0.706423,-0.0535738
41.965,0.74383,0.785043,0.7063,-0.041213
41.97,0.764298,0.785755,0.706177,-0.0214566
41.975,0.763463,0.78648,0.706054,-0.0230172
41.98,0.751014,0.78722,0.705931,-0.0362061
41.985,0.754817,0.787974,0.705808,-0.0331568
41.99,0.765362,0.788742,0.705685,-0.0233797
41.995,0.779983,0.789525,0.705562,-0.00954224
42,0.776654,0.790324,0.705439,-0.0136696
42.005,0.758337,0.791138,0.705316,-0.0328015
42.01,0.742216,0.791969,0.705194,-0.0497526
42.015,0.7347,0.792815,0.705071,-0.0581147
42.02,0.737831,0.793678,0.704948,-0.055847
42.025,0.750981,0.794559,0.704825,-0.0435778
42.03,0.762958,0.795457,0.704702,-0.0324986
42.035,0.755688,0.796373,0.70458,-0.0406848
42.04,0.753239,0.797307,0.704457,-0.0440679
42.045,0.740014,0.79826,0.704334,-0.0582463
42.05,0.743196,0.799232,0.704211,-0.0560367
42.055,0.746394,0.800224,0.704089,-0.0538303
42.06,0.751163,0.801236,0.703966,-0.0500733
42.065,0.755434,0.802269,0.703843,-0.0468353
42.07,0.751478,0.803323,0.703721,-0.0518449
42.075,0.763898,0.804399,0.703598,-0.040501
42.08,0.763733,0.805497,0.703476,-0.0417634
42.085,0.767431,0.806617,0.703353,-0.0391867
42.09,0.765425,0.807761,0.70323,-0.042336
42.095,0.759171,0.808929,0.703108,-0.0497577
42.1,0.760735,0.810122,0.702985,-0.0493865
42.105,0.765238,0.811339,0.702863,-0.0461015
42.11,0.772003,0.812583,0.70274,-0.0405797
42.115,0.78267,0.813852,0.702618,-0.0311823
42.12,0.786288,0.815149,0.702495,-0.0288615
42.125,0.775231,0.816474,0.702373,-0.0412437
42.13,0.759326,0.817828,0.702251,-0.0585017
42.135,0.752519,0.819211,0.702128,-0.0666917
42.14,0.749035,0.820624,0.702006,-0.0715889
42.145,0.747924,0.822068,0.701883,-0.074144
42.15,0.744688,0.823543,0.701761,-0.0788557
42.155,0.746188,0.825052,0.701639,-0.0788632
42.16,0.753648,0.826594,0.701516,-0.0729455
42.165,0.748259,0.82817,0.701394,-0.0799114
42.17,0.74658,0.829782,0.701272,-0.0832019
42.175,0.738663,0.83143,0.70115,-0.0927676
42.18,0.751733,0.833116,0.701027,-0.0813832
42.185,0.764459,0.834841,0.700905,-0.0703814
42.19,0.761348,0.836605,0.700783,-0.0752571
42.195,0.770904,0.83841,0.700661,-0.0675051
42.2,0.785776,0.840256,0.700539,-0.0544808
42.205,0.804165,0.842147,0.700417,-0.0379814
42.21,0.815075,0.844082,0.700294,-0.0290064
42.215,0.791642,0.846062,0.700172,-0.0544206
42.22,0.775225,0.84809,0.70005,-0.0728653
42.225,0.774801,0.850168,0.699928,-0.0753666
42.23,0.782909,0.852295,0.699806,-0.0693862
42.235,0.790968,0.854475,0.699684,-0.063507
42.24,0.795911,0.856708,0.699562,-0.060797
42.245,0.800963,0.858997,0.69944,-0.0580342
42.25,0.813587,0.861344,0.699318,-0.0477568
42.255,0.813756,0.86375,0.699196,-0.0499935
42.26,0.808864,0.866217,0.699074,-0.0573535
42.265,0.800776,0.868749,0.698952,-0.0679732
42.27,0.804777,0.871352,0.69883,-0.0665742
42.275,0.811429,0.874019,0.698708,-0.0625901
42.28,0.809746,0.876758,0.698587,-0.067012
42.285,0.802752,0.879571,0.698465,-0.0768192
42.29,0.797759,0.882463,0.698343,-0.0847039
42.295,0.798368,0.885436,0.698221,-0.0870678
42.3,0.80983,0.888494,0.698099,-0.0786637
42.305,0.822963,0.891641,0.697978,-0.068678
42.31,0.833751,0.894882,0.697856,-0.061131
42.315,0.828388,0.898221,0.697734,-0.0698325
42.32,0.831643,0.901664,0.697612,-0.0700204
42.325,0.832699,0.905216,0.697491,-0.0725168
42.33,0.841432,0.908884,0.697369,-0.0674519
42.335,0.874083,0.912675,0.697247,-0.0385926
42.34,0.870675,0.916597,0.697126,-0.0459213
42.345,0.874344,0.920657,0.697004,-0.0463135
42.35,0.878755,0.924866,0.696882,-0.0461112
42.355,0.89258,0.929233,0.696761,-0.0366532
42.36,0.907056,0.933771,0.696639,-0.0267152
42.365,0.903889,0.938491,0.696518,-0.0346023
42.37,0.895079,0.943409,0.696396,-0.0483293
42.375,0.891277,0.948539,0.696275,-0.0572618
42.38,0.899419,0.953899,0.696153,-0.0544793
42.385,0.908074,0.959508,0.696032,-0.0514333
42.39,0.928461,0.965387,0.69591,-0.0369258
42.395,0.942929,0.97156,0.695789,-0.0286302
42.4,0.945966,0.978052,0.695667,-0.0320864
42.405,0.938453,0.984893,0.695546,-0.0464397
42.41,0.936869,0.992113,0.695425,-0.0552438
42.415,0.941567,0.999748,0.695303,-0.0581808
42.42,0.94959,1.00784,0.695182,-0.0582468
42.425,0.966477,1.01642,0.695061,-0.049943
42.43,0.988815,1.02554,0.694939,-0.0367302
42.435,1.00797,1.03526,0.694818,-0.0272934
42.44,1.02008,1.04563,0.694697,-0.0255478
42.445,1.01902,1.0567,0.694575,-0.0376741
42.45,1.02155,1.06854,0.694454,-0.0469918
42.455,1.03305,1.08124,0.694333,-0.0481887
42.46,1.03137,1.09485,0.694212,-0.0634824
42.465,1.04637,1.10947,0.694091,-0.0631091
42.47,1.04989,1.12519,0.693969,-0.0753052
42.475,1.09284,1.14211,0.693848,-0.049275
42.48,1.11217,1.16033,0.693727,-0.0481603
42.485,1.14787,1.17996,0.693606,-0.0320945
42.49,1.16423,1.20113,0.693485,-0.0368944
42.495,1.18701,1.22396,0.693364,-0.036948
42.5,1.18969,1.24858,0.693243,-0.0588959
42.505,1.21411,1.27516,0.693122,-0.0610449
42.51,1.23762,1.30383,0.693001,-0.0662115
42.515,1.277,1.33476,0.69288,-0.057755
42.52,1.31392,1.36811,0.692759,-0.0541899
42.525,1.34105,1.40407,0.692638,-0.0630197
42.53,1.37138,1.44282,0.692517,-0.0714437
42.535,1.41017,1.48455,0.692396,-0.0743824
42.54,1.44451,1.52946,0.692275,-0.0849451
42.545,1.49682,1.57775,0.692154,-0.0809292
42.55,1.5167,1.62964,0.692033,-0.112935
42.555,1.55278,1.68533,0.691913,-0.132542
42.56,1.59001,1.74519,0.691792,-0.155179
42.565,1.64824,1.80915,0.691671,-0.160911
42.57,1.70803,1.87757,0.69155,-0.169535
42.575,1.7653,1.95067,0.691429,-0.185371
42.58,1.82306,2.02868,0.691309,-0.205619
42.585,1.90363,2.11181,0.691188,-0.208179
42.59,1.99404,2.20026,0.691067,-0.206214
42.595,2.06035,2.29424,0.690947,-0.233887
42.6,2.12243,2.39394,0.690826,-0.271508
42.605,2.20928,2.49954,0.690705,-0.290257
42.61,2.28765,2.61122,0.690585,-0.323564
42.615,2.37344,2.72912,0.690464,-0.35568
42.62,2.48406,2.85338,0.690343,-0.369317
42.625,2.54722,2.98412,0.690223,-0.436899
42.63,2.64988,3.12142,0.690102,-0.471538
42.635,2.7577,3.26536,0.689982,-0.50765
42.64,2.87548,3.41597,0.689861,-0.540488
42.645,3.02702,3.57326,0.689741,-0.546234
42.65,3.17776,3.73722,0.68962,-0.559456
42.655,3.30957,3.90778,0.6895,-0.598212
42.66,3.46203,4.08486,0.689379,-0.622823
42.665,3.60539,4.26832,0.689259,-0.662928
42.67,3.78826,4.458,0.689139,-0.669741
42.675,3.97338,4.65369,0.689018,-0.680312
42.68,4.15578,4.85512,0.688898,-0.699347
42.685,4.31371,5.06201,0.688778,-0.748301
42.69,4.50441,5.27401,0.688657,-0.769596
42.695,4.69658,5.49072,0.688537,-0.794138
42.7,4.90697,5.71171,0.688417,-0.804734
42.705,5.0907,5.93648,0.688296,-0.845784
42.71,5.33048,6.1645,0.688176,-0.83402
42.715,5.52419,6.39517,0.688056,-0.870987
42.72,5.71281,6.62787,0.687936,-0.915054
42.725,5.93487,6.86189,0.687816,-0.927017
42.73,6.22179,7.0965,0.687695,-0.874701
42.735,6.47195,7.33089,0.687575,-0.858949
42.74,6.77893,7.56424,0.687455,-0.785316
42.745,7.04419,7.79565,0.687335,-0.751462
42.75,7.22681,8.02417,0.687215,-0.797359
42.755,7.39596,8.24883,0.687095,-0.85287
42.76,7.60837,8.46859,0.686975,-0.860223
42.765,7.79251,8.68239,0.686855,-0.889884
42.77,7.9684,8.88913,0.686735,-0.920732
42.775,8.13964,9.08768,0.686615,-0.948047
42.78,8.35391,9.27691,0.686495,-0.922997
42.785,8.57321,9.45566,0.686375,-0.882448
42.79,8.74412,9.62279,0.686255,-0.878675
42.795,8.88453,9.77718,0.686135,-0.892648
42.8,9.01072,9.91773,0.686015,-0.907014
42.805,9.08997,10.0434,0.685895,-0.953454
42.81,9.16508,10.1533,0.685775,-0.988201
42.815,9.24257,10.2464,0.685655,-1.00387
42.82,9.27659,10.3221,0.685536,-1.04555
42.825,9.36851,10.3797,0.685416,-1.01123
42.83,9.46322,10.4188,0.685296,-0.955537
42.835,9.54259,10.4388,0.685176,-0.896249
42.84,9.61527,10.4398,0.685056,-0.824539
42.845,9.60164,10.4217,0.684937,-0.820034
42.85,9.5584,10.3846,0.684817,-0.82619
42.855,9.56187,10.3289,0.684697,-0.767012
42.86,9.51491,10.255,0.684578,-0.740118
42.865,9.51643,10.1637,0.684458,-0.647228
42.87,9.46274,10.0555,0.684338,-0.592781
42.875,9.31504,9.93147,0.684219,-0.616436
42.88,9.15492,9.79248,0.684099,-0.637558
42.885,8.97713,9.63957,0.68398,-0.662445
42.89,8.82871,9.47382,0.68386,-0.645113
42.895,8.64226,9.29636,0.683741,-0.654102
42.9,8.50072,9.10833,0.683621,-0.607606
42.905,8.39215,8.91088,0.683502,-0.518728
42.91,8.2739,8.70515,0.683382,-0.431242
42.915,8.13554,8.49226,0.683263,-0.356718
42.92,8.02794,8.27333,0.683143,-0.245391
42.925,7.89687,8.04942,0.683024,-0.152547
42.93,7.72749,7.82156,0.682904,-0.0940635
42.935,7.46707,7.59073,0.682785,-0.123662
42.94,7.20673,7.3579,0.682666,-0.151166
42.945,7.01173,7.12394,0.682546,-0.112212
42.95,6.79383,6.88971,0.682427,-0.0958815
42.955,6.5924,6.656,0.682308,-0.063602
42.96,6.36634,6.42357,0.682188,-0.0572314
42.965,6.17289,6.1931,0.682069,-0.0202058
42.97,5.95695,5.96524,0.68195,-0.00829293
42.975,5.77511,5.74059,0.681831,0.0345278
42.98,5.61421,5.51968,0.681712,0.0945317
42.985,5.44142,5.30302,0.681592,0.138406
42.99,5.31436,5.09104,0.681473,0.223325
42.995,5.14117,4.88414,0.681354,0.257033
43,4.94522,4.68267,0.681235,0.262543
43.005,4.73117,4.48694,0.681116,0.24423
43.01,4.55758,4.2972,0.680997,0.260377
43.015,4.34724,4.11367,0.680878,0.233576
43.02,4.16931,3.93652,0.680759,0.232792
43.025,4.0355,3.76588,0.68064,0.26962
43.03,3.88762,3.60185,0.680521,0.285772
43.035,3.74312,3.44448,0.680402,0.298634
43.04,3.60271,3.29381,0.680283,0.308905
43.045,3.44139,3.14982,0.680164,0.291567
43.05,3.27016,3.01248,0.680045,0.257681
43.055,3.09692,2.88172,0.679926,0.215204
43.06,2.95273,2.75745,0.679807,0.195274
43.065,2.80722,2.63957,0.679688,0.167655
43.07,2.66614,2.52793,0.679569,0.138209
43.075,2.55991,2.42238,0.679451,0.137521
43.08,2.48396,2.32277,0.679332,0.161192
43.085,2.39658,2.2289,0.679213,0.167674
43.09,2.30349,2.1406,0.679094,0.162891
43.095,2.22112,2.05764,0.678975,0.16348
43.1,2.15345,1.97984,0.678857,0.173614
43.105,2.0778,1.90696,0.678738,0.170834
43.11,1.99564,1.8388,0.678619,0.156837
43.115,1.92609,1.77514,0.678501,0.150946
43.12,1.84424,1.71575,0.678382,0.128485
43.125,1.77909,1.66042,0.678263,0.118666
43.13,1.75864,1.60893,0.678145,0.149703
43.135,1.69248,1.56107,0.678026,0.131412
43.14,1.64752,1.51662,0.677908,0.1309
43.145,1.59948,1.47539,0.677789,0.124095
43.15,1.54077,1.43716,0.677671,0.103603
43.155,1.52279,1.40177,0.677552,0.121023
43.16,1.46944,1.36901,0.677434,0.100431
43.165,1.43386,1.33871,0.677315,0.0951534
43.17,1.40093,1.3107,0.677197,0.0902273
43.175,1.34906,1.28483,0.677078,0.0642383
43.18,1.32948,1.26093,0.67696,0.0685517
43.185,1.30063,1.23887,0.676841,0.0617672
43.19,1.29061,1.2185,0.676723,0.072104
43.195,1.25252,1.19971,0.676605,0.0528151
43.2,1.20783,1.18236,0.676486,0.0254687
43.205,1.1768,1.16635,0.676368,0.0104493
43.21,1.15249,1.15157,0.67625,0.000923269
43.215,1.14319,1.13793,0.676132,0.00525839
43.22,1.14779,1.12533,0.676013,0.0224598
43.225,1.12768,1.1137,0.675895,0.013989
43.23,1.10623,1.10294,0.675777,0.00328954
43.235,1.08323,1.09301,0.675659,-0.00978108
43.24,1.05897,1.08382,0.67554,-0.0248507
43.245,1.04929,1.07533,0.675422,-0.026038
43.25,1.03495,1.06747,0.675304,-0.0325208
43.255,1.02957,1.0602,0.675186,-0.0306267
43.26,1.02526,1.05347,0.675068,-0.0282085
43.265,1.01819,1.04725,0.67495,-0.0290597
43.27,0.998255,1.04149,0.674832,-0.0432353
43.275,0.975753,1.03617,0.674714,-0.0604173
43.28,0.968793,1.03126,0.674596,-0.0624639
43.285,0.987202,1.02672,0.674478,-0.0395226
43.29,0.985208,1.02255,0.67436,-0.0373428
43.295,0.981306,1.01872,0.674242,-0.0374093
43.3,0.982874,1.0152,0.674124,-0.0323266
43.305,0.977726,1.01199,0.674006,-0.0342666
43.31,0.976702,1.00908,0.673888,-0.0323759
43.315,0.961851,1.00645,0.67377,-0.0445945
43.32,0.952564,1.00409,0.673653,-0.0515238
43.325,0.962206,1.002,0.673535,-0.0397899
43.33,0.957351,1.00017,0.673417,-0.0428141
43.335,0.938027,0.998592,0.673299,-0.060565
43.34,0.931558,0.997273,0.673181,-0.0657147
43.345,0.934681,0.996207,0.673064,-0.0615258
43.35,0.937063,0.995394,0.672946,-0.0583318
43.355,0.941555,0.994837,0.672828,-0.0532815
43.36,0.928912,0.994536,0.672711,-0.0656239
43.365,0.908427,0.994496,0.672593,-0.0860691
43.37,0.905921,0.99472,0.672475,-0.0887991
43.375,0.897482,0.995216,0.672358,-0.0977344
43.38,0.892079,0.995989,0.67224,-0.103909
43.385,0.900403,0.997046,0.672122,-0.0966426
43.39,0.900587,0.998396,0.672005,-0.0978099
43.395,0.900285,1.00005,0.671887,-0.0997643
43.4,0.904103,1.00201,0.67177,-0.0979116
43.405,0.910423,1.0043,0.671652,-0.0938809
43.41,0.913047,1.00693,0.671535,-0.0938807
43.415,0.926072,1.0099,0.671417,-0.0838284
43.42,0.911642,1.01323,0.6713,-0.101593
43.425,0.893124,1.01694,0.671182,-0.12382
43.43,0.875977,1.02104,0.671065,-0.145067
43.435,0.875652,1.02555,0.670948,-0.149898
43.44,0.886839,1.03048,0.67083,-0.14364
43.445,0.90598,1.03585,0.670713,-0.129867
43.45,0.915756,1.04167,0.670596,-0.125916
43.455,0.933495,1.04797,0.670478,-0.114475
43.46,0.94921,1.05476,0.670361,-0.105553
43.465,0.966618,1.06207,0.670244,-0.0954496
43.47,0.986337,1.0699,0.670127,-0.0835659
43.475,0.996902,1.07829,0.670009,-0.0813878
43.48,0.985833,1.08725,0.669892,-0.101414
43.485,0.985505,1.09679,0.669775,-0.11129
43.49,0.975126,1.10695,0.669658,-0.131827
43.495,1.00822,1.11774,0.669541,-0.109518
43.5,1.02772,1.12918,0.669424,-0.101459
43.505,1.03763,1.14129,0.669307,-0.103661
43.51,1.03311,1.15409,0.669189,-0.120983
43.515,1.02745,1.1676,0.669072,-0.140142
43.52,1.03126,1.18183,0.668955,-0.150569
43.525,1.0434,1.19681,0.668838,-0.153411
43.53,1.04113,1.21255,0.668721,-0.171416
43.535,1.04023,1.22907,0.668604,-0.188841
43.54,1.05013,1.24638,0.668487,-0.196244
43.545,1.07493,1.26449,0.66837,-0.189565
43.55,1.09945,1.28343,0.668254,-0.18398
43.555,1.10748,1.30319,0.668137,-0.195713
43.56,1.12232,1.32379,0.66802,-0.201477
43.565,1.14351,1.34524,0.667903,-0.201738
43.57,1.17154,1.36755,0.667786,-0.196005
43.575,1.21977,1.3907,0.667669,-0.170937
43.58,1.24784,1.41472,0.667553,-0.166873
43.585,1.27984,1.43959,0.667436,-0.15975
43.59,1.32007,1.46531,0.667319,-0.145241
43.595,1.33268,1.49189,0.667202,-0.159204
43.6,1.35585,1.51929,0.667086,-0.163443
43.605,1.36644,1.54753,0.666969,-0.181085
43.61,1.39883,1.57657,0.666852,-0.177748
43.615,1.42111,1.60641,0.666736,-0.1853
43.62,1.45203,1.63702,0.666619,-0.184991
43.625,1.50221,1.66837,0.666502,-0.16616
43.63,1.53225,1.70043,0.666386,-0.168186
43.635,1.55689,1.73318,0.666269,-0.176283
43.64,1.58498,1.76656,0.666153,-0.18158
43.645,1.63717,1.80054,0.666036,-0.16337
43.65,1.71243,1.83508,0.66592,-0.122643
43.655,1.78853,1.8701,0.665803,-0.0815722
43.66,1.85433,1.90557,0.665687,-0.0512362
43.665,1.90247,1.94141,0.66557,-0.0389396
43.67,1.92311,1.97755,0.665454,-0.054436
43.675,1.95915,2.01392,0.665338,-0.0547697
43.68,2.00022,2.05043,0.665221,-0.0502099
43.685,2.02892,2.08699,0.665105,-0.0580695
43.69,2.08773,2.12351,0.664988,-0.0357796
43.695,2.13353,2.15988,0.664872,-0.0263498
43.7,2.16704,2.19599,0.664756,-0.0289501
43.705,2.20459,2.23173,0.66464,-0.0271431
43.71,2.24548,2.26696,0.664523,-0.0214788
43.715,2.32367,2.30156,0.664407,0.0221057
43.72,2.39222,2.33539,0.664291,0.0568331
43.725,2.4598,2.3683,0.664175,0.0915008
43.73,2.50521,2.40014,0.664059,0.105067
43.735,2.52166,2.43077,0.663942,0.0908879
43.74,2.54581,2.46002,0.663826,0.0857934
43.745,2.58111,2.48773,0.66371,0.0933818
43.75,2.61751,2.51375,0.663594,0.103757
43.755,2.64142,2.53792,0.663478,0.103502
43.76,2.66815,2.56009,0.663362,0.108061
43.765,2.67488,2.58011,0.663246,0.0947673
43.77,2.69101,2.59786,0.66313,0.0931506
43.775,2.69737,2.61319,0.663014,0.0841851
43.78,2.71017,2.626,0.662898,0.0841682
43.785,2.70522,2.63619,0.662782,0.0690294
43.79,2.70111,2.64368,0.662666,0.057435
43.795,2.69199,2.6484,0.66255,0.0435819
43.8,2.67149,2.65033,0.662434,0.0211643
43.805,2.69181,2.64943,0.662318,0.0423822
43.81,2.68642,2.6457,0.662203,0.0407184
43.815,2.6898,2.63918,0.662087,0.0506162
43.82,2.69389,2.6299,0.661971,0.0639862
43.825,2.69614,2.61793,0.661855,0.0782047
43.83,2.67189,2.60335,0.66174,0.0685393
43.835,2.66084,2.58626,0.661624,0.0745752
43.84,2.62436,2.56678,0.661508,0.0575793
43.845,2.57193,2.54503,0.661392,0.0269027
43.85,2.52537,2.52115,0.661277,0.00421878
43.855,2.48133,2.49529,0.661161,-0.0139611
43.86,2.46565,2.46759,0.661045,-0.00193907
43.865,2.43627,2.43822,0.66093,-0.00195781
43.87,2.39336,2.40734,0.660814,-0.0139769
43.875,2.34334,2.3751,0.660699,-0.031751
43.88,2.30601,2.34165,0.660583,-0.0356389
43.885,2.29055,2.30715,0.660468,-0.0166005
43.89,2.25938,2.27175,0.660352,-0.0123722
43.895,2.2208,2.23559,0.660237,-0.0147911
43.9,2.18053,2.19881,0.660121,-0.0182719
43.905,2.16255,2.16153,0.660006,0.00101975
43.91,2.13799,2.12389,0.65989,0.0141013
43.915,2.06703,2.086,0.659775,-0.0189721
43.92,2.0153,2.04797,0.65966,-0.0326692
43.925,1.97395,2.0099,0.659544,-0.035946
43.93,1.94509,1.97188,0.659429,-0.0267919
43.935,1.91758,1.93401,0.659314,-0.0164318
43.94,1.87243,1.89637,0.659198,-0.0239343
43.945,1.84124,1.85903,0.659083,-0.0177875
43.95,1.81561,1.82206,0.658968,-0.00644649
43.955,1.80188,1.78552,0.658853,0.0163606
43.96,1.75365,1.74948,0.658737,0.00417543
43.965,1.72346,1.71398,0.658622,0.00947746
43.97,1.66979,1.67907,0.658507,-0.00927616
43.975,1.61304,1.64479,0.658392,-0.0317564
43.98,1.56394,1.61119,0.658277,-0.0472476
43.985,1.51768,1.57829,0.658162,-0.0606019
43.99,1.49969,1.54612,0.658047,-0.0464255
43.995,1.47854,1.5147,0.657931,-0.0361604
44,1.43477,1.48407,0.657816,-0.0493006
44.005,1.41377,1.45423,0.657701,-0.0404578
44.01,1.38973,1.4252,0.657586,-0.0354738
44.015,1.37276,1.39699,0.657471,-0.0242321
44.02,1.33905,1.36962,0.657356,-0.0305657
44.025,1.28922,1.34307,0.657242,-0.053849
44.03,1.26235,1.31736,0.657127,-0.0550119
44.035,1.26987,1.29249,0.657012,-0.022625
44.04,1.26662,1.26845,0.656897,-0.00182967
44.045,1.24472,1.24525,0.656782,-0.000524114
44.05,1.21663,1.22286,0.656667,-0.00623235
44.055,1.20639,1.20129,0.656552,0.00510329
44.06,1.21459,1.18052,0.656438,0.0340662
44.065,1.21708,1.16054,0.656323,0.0565347
44.07,1.18993,1.14134,0.656208,0.0485858
44.075,1.17419,1.12291,0.656093,0.0512877
44.08,1.16249,1.10522,0.655979,0.057271
44.085,1.14747,1.08826,0.655864,0.0592058
44.09,1.12074,1.07201,0.655749,0.0487275
44.095,1.11386,1.05646,0.655635,0.0574036
44.1,1.09954,1.04158,0.65552,0.0579616
44.105,1.10755,1.02735,0.655406,0.0801976
44.11,1.11249,1.01376,0.655291,0.0987242
44.115,1.09845,1.00078,0.655176,0.0976658
44.12,1.07831,0.988393,0.655062,0.0899177
44.125,1.06243,0.976575,0.654947,0.0858529
44.13,1.0626,0.965305,0.654833,0.0972978
44.135,1.06936,0.954564,0.654718,0.114794
44.14,1.07149,0.944329,0.654604,0.127158
44.145,1.05497,0.934579,0.65449,0.120391
44.15,1.03175,0.925295,0.654375,0.106457
44.155,1.01596,0.916455,0.654261,0.0995033
44.16,1.00167,0.90804,0.654146,0.0936262
44.165,0.991937,0.90003,0.654032,0.0919068
44.17,1.00566,0.892406,0.653918,0.113255
44.175,1.02333,0.885149,0.653803,0.138186
44.18,1.04543,0.878241,0.653689,0.167186
44.185,1.04572,0.871664,0.653575,0.17406
44.19,1.0405,0.865403,0.653461,0.175096
44.195,1.02022,0.859439,0.653346,0.160778
44.2,1.00609,0.853758,0.653232,0.152333
44.205,1.00348,0.848344,0.653118,0.155133
44.21,1.0234,0.843182,0.653004,0.180215
44.215,1.03435,0.83826,0.65289,0.196087
44.22,1.02542,0.833562,0.652776,0.191861
44.225,1.00323,0.829077,0.652662,0.174151
44.23,0.983418,0.824793,0.652548,0.158625
44.235,0.96836,0.820698,0.652434,0.147662
44.24,0.966862,0.81678,0.65232,0.150081
44.245,0.956386,0.813031,0.652206,0.143355
44.25,0.970643,0.809439,0.652092,0.161203
44.255,0.965577,0.805996,0.651978,0.159581
44.26,0.962076,0.802693,0.651864,0.159383
44.265,0.963016,0.799522,0.65175,0.163494
44.27,0.951146,0.796474,0.651636,0.154672
44.275,0.947954,0.793543,0.651522,0.154411
44.28,0.959423,0.790722,0.651408,0.168701
44.285,0.975498,0.788004,0.651294,0.187494
44.29,0.987004,0.785384,0.651181,0.20162
44.295,0.993778,0.782855,0.651067,0.210923
44.3,0.98902,0.780413,0.650953,0.208607
44.305,0.990969,0.778052,0.650839,0.212918
44.31,0.984889,0.775768,0.650726,0.209121
44.315,0.966035,0.773556,0.650612,0.192479
44.32,0.948581,0.771413,0.650498,0.177167
44.325,0.939923,0.769335,0.650385,0.170588
44.33,0.955816,0.767318,0.650271,0.188497
44.335,0.971702,0.76536,0.650157,0.206342
44.34,0.973905,0.763456,0.650044,0.210449
44.345,0.968991,0.761605,0.64993,0.207386
44.35,0.960705,0.759803,0.649817,0.200902
44.355,0.970984,0.758049,0.649703,0.212935
44.36,0.95839,0.756339,0.64959,0.202052
44.365,0.936596,0.754672,0.649476,0.181924
44.37,0.924989,0.753046,0.649363,0.171943
44.375,0.927729,0.751459,0.649249,0.17627
44.38,0.946851,0.749909,0.649136,0.196942
44.385,0.942052,0.748395,0.649022,0.193658
44.39,0.933468,0.746914,0.648909,0.186554
44.395,0.923174,0.745467,0.648796,0.177708
44.4,0.925387,0.744051,0.648682,0.181336
44.405,0.924601,0.742665,0.648569,0.181936
44.41,0.91159,0.741308,0.648456,0.170282
44.415,0.91909,0.739979,0.648343,0.179112
44.42,0.937737,0.738676,0.648229,0.19906
44.425,0.937706,0.7374,0.648116,0.200306
44.43,0.92444,0.736149,0.648003,0.188291
44.435,0.911642,0.734922,0.64789,0.17672
44.44,0.914313,0.733718,0.647777,0.180595
44.445,0.94087,0.732537,0.647663,0.208333
44.45,0.94071,0.731378,0.64755,0.209332
44.455,0.933096,0.73024,0.647437,0.202857
44.46,0.933647,0.729122,0.647324,0.204524
44.465,0.942332,0.728025,0.647211,0.214308
44.47,0.953626,0.726946,0.647098,0.226679
44.475,0.953364,0.725887,0.646985,0.227477
44.48,0.945782,0.724846,0.646872,0.220936
44.485,0.944853,0.723822,0.646759,0.221031
44.49,0.956489,0.722816,0.646646,0.233673
44.495,0.937227,0.721826,0.646533,0.215401
44.5,0.943678,0.720853,0.64642,0.222824
44.505,0.941732,0.719896,0.646308,0.221836
44.51,0.954764,0.718954,0.646195,0.23581
44.515,0.95907,0.718027,0.646082,0.241043
44.52,0.960309,0.717115,0.645969,0.243194
44.525,0.965612,0.716217,0.645856,0.249395
44.53,0.968968,0.715333,0.645743,0.253635
44.535,0.971564,0.714463,0.645631,0.257101
44.54,0.964703,0.713606,0.645518,0.251097
44.545,0.940574,0.712762,0.645405,0.227812
44.55,0.940574,0.711931,0.645293,0.228643
44.555,0.921157,0.711112,0.64518,0.210045
44.56,0.909485,0.710305,0.645067,0.199181
44.565,0.91122,0.70951,0.644955,0.20171
44.57,0.901994,0.708726,0.644842,0.193268
44.575,0.90483,0.707953,0.64473,0.196877
44.58,0.897469,0.707192,0.644617,0.190277
44.585,0.903175,0.706441,0.644505,0.196734
44.59,0.917064,0.705701,0.644392,0.211364
44.595,0.924429,0.70497,0.64428,0.219458
44.6,0.923826,0.70425,0.644167,0.219575
44.605,0.909317,0.70354,0.644055,0.205777
44.61,0.919882,0.702839,0.643942,0.217042
44.615,0.93194,0.702148,0.64383,0.229792
44.62,0.94856,0.701466,0.643717,0.247094
44.625,0.955402,0.700793,0.643605,0.254609
44.63,0.951378,0.700128,0.643493,0.25125
44.635,0.95253,0.699472,0.64338,0.253057
44.64,0.943241,0.698825,0.643268,0.244416
44.645,0.928086,0.698186,0.643156,0.229901
44.65,0.910167,0.697555,0.643044,0.212613
44.655,0.895653,0.696931,0.642931,0.198722
44.66,0.893619,0.696316,0.642819,0.197304
44.665,0.892402,0.695708,0.642707,0.196694
44.67,0.907442,0.695107,0.642595,0.212335
44.675,0.917205,0.694514,0.642483,0.22269
44.68,0.916688,0.693928,0.642371,0.22276
44.685,0.911432,0.693349,0.642259,0.218084
44.69,0.89419,0.692776,0.642147,0.201413
44.695,0.886691,0.692211,0.642035,0.19448
44.7,0.899704,0.691652,0.641923,0.208052
44.705,0.895029,0.691099,0.641811,0.20393
44.71,0.907344,0.690553,0.641699,0.216792
44.715,0.90702,0.690013,0.641587,0.217007
44.72,0.905586,0.689478,0.641475,0.216108
44.725,0.905294,0.68895,0.641363,0.216344
44.73,0.901264,0.688428,0.641251,0.212836
44.735,0.899496,0.687911,0.641139,0.211585
44.74,0.883069,0.6874,0.641027,0.195669
44.745,0.883313,0.686895,0.640915,0.196418
44.75,0.895403,0.686395,0.640804,0.209008
44.755,0.909844,0.6859,0.640692,0.223944
44.76,0.92642,0.685411,0.64058,0.241009
44.765,0.925859,0.684926,0.640468,0.240932
44.77,0.914643,0.684447,0.640357,0.230197
44.775,0.910018,0.683972,0.640245,0.226046
44.78,0.908187,0.683503,0.640133,0.224684
44.785,0.905655,0.683038,0.640022,0.222618
44.79,0.916668,0.682577,0.63991,0.234091
44.795,0.908509,0.682122,0.639798,0.226387
44.8,0.906884,0.681671,0.639687,0.225213
44.805,0.913308,0.681224,0.639575,0.232084
44.81,0.906622,0.680781,0.639464,0.22584
44.815,0.903619,0.680343,0.639352,0.223276
44.82,0.89358,0.679909,0.639241,0.213671
44.825,0.88424,0.679479,0.639129,0.204761
44.83,0.884106,0.679054,0.639018,0.205053
44.835,0.902078,0.678632,0.638906,0.223447
44.84,0.903485,0.678214,0.638795,0.225271
44.845,0.902412,0.6778,0.638684,0.224613
44.85,0.901382,0.677389,0.638572,0.223993
44.855,0.917023,0.676983,0.638461,0.24004
44.86,0.928643,0.67658,0.63835,0.252063
44.865,0.928058,0.67618,0.638238,0.251878
44.87,0.912813,0.675784,0.638127,0.237028
44.875,0.895061,0.675392,0.638016,0.21967
44.88,0.884595,0.675003,0.637904,0.209593
44.885,0.870196,0.674617,0.637793,0.195579
44.89,0.856241,0.674235,0.637682,0.182006
44.895,0.84272,0.673856,0.637571,0.168864
44.9,0.827511,0.67348,0.63746,0.154031
44.905,0.832559,0.673107,0.637349,0.159452
44.91,0.835127,0.672737,0.637238,0.16239
44.915,0.853754,0.672371,0.637127,0.181383
44.92,0.854317,0.672007,0.637015,0.18231
44.925,0.859794,0.671646,0.636904,0.188147
44.93,0.848837,0.671289,0.636793,0.177548
44.935,0.847106,0.670934,0.636682,0.176173
44.94,0.830928,0.670582,0.636572,0.160346
44.945,0.814406,0.670232,0.636461,0.144174
44.95,0.804888,0.669886,0.63635,0.135003
44.955,0.797772,0.669542,0.636239,0.12823
44.96,0.804358,0.6692,0.636128,0.135158
44.965,0.830417,0.668861,0.636017,0.161556
44.97,0.848077,0.668525,0.635906,0.179551
44.975,0.842975,0.668192,0.635795,0.174784
44.98,0.8229,0.66786,0.635685,0.155039
44.985,0.808359,0.667532,0.635574,0.140827
44.99,0.812686,0.667205,0.635463,0.145481
44.995,0.818882,0.666881,0.635352,0.152001
45,0.810805,0.66656,0.635242,0.144246
45.005,0.800353,0.66624,0.635131,0.134112
45.01,0.799536,0.665923,0.63502,0.133612
45.015,0.799856,0.665608,0.63491,0.134247
45.02,0.820594,0.665296,0.634799,0.155298
45.025,0.823667,0.664985,0.634689,0.158681
45.03,0.829577,0.664677,0.634578,0.1649
45.035,0.829418,0.664371,0.634468,0.165048
45.04,0.824719,0.664067,0.634357,0.160652
45.045,0.806091,0.663765,0.634247,0.142327
45.05,0.798668,0.663464,0.634136,0.135204
45.055,0.789153,0.663166,0.634026,0.125987
45.06,0.799244,0.66287,0.633915,0.136374
45.065,0.81149,0.662576,0.633805,0.148914
45.07,0.809713,0.662284,0.633694,0.147429
45.075,0.79956,0.661993,0.633584,0.137566
45.08,0.792898,0.661705,0.633474,0.131193
45.085,0.767179,0.661418,0.633363,0.105761
45.09,0.75695,0.661133,0.633253,0.0958165
45.095,0.764878,0.66085,0.633143,0.104027
45.1,0.765473,0.660569,0.633033,0.104904
45.105,0.772438,0.660289,0.632922,0.112149
45.11,0.759601,0.660011,0.632812,0.0995895
45.115,0.744281,0.659735,0.632702,0.0845462
45.12,0.751942,0.65946,0.632592,0.0924817
45.125,0.769318,0.659187,0.632482,0.11013
45.13,0.789956,0.658916,0.632372,0.13104
45.135,0.76867,0.658646,0.632262,0.110023
45.14,0.755143,0.658378,0.632152,0.096765
45.145,0.737053,0.658112,0.632042,0.0789419
45.15,0.738898,0.657846,0.631931,0.0810514
45.155,0.744391,0.657583,0.631821,0.0868084
45.16,0.737632,0.657321,0.631712,0.0803116
45.165,0.715014,0.65706,0.631602,0.0579537
45.17,0.714175,0.656801,0.631492,0.0573736
45.175,0.695584,0.656543,0.631382,0.0390408
45.18,0.696058,0.656287,0.631272,0.0397712
45.185,0.688962,0.656032,0.631162,0.03293
45.19,0.681519,0.655779,0.631052,0.0257402
45.195,0.676608,0.655527,0.630942,0.0210809
45.2,0.689611,0.655276,0.630833,0.0343353
45.205,0.708228,0.655026,0.630723,0.0532015
45.21,0.728687,0.654778,0.630613,0.0739084
45.215,0.729726,0.654532,0.630503,0.0751941
45.22,0.73091,0.654286,0.630394,0.0766243
45.225,0.734649,0.654042,0.630284,0.0806074
45.23,0.745306,0.653799,0.630174,0.0915074
45.235,0.734524,0.653557,0.630065,0.0809671
45.24,0.724701,0.653316,0.629955,0.0713844
45.245,0.73307,0.653077,0.629845,0.0799928
45.25,0.749678,0.652839,0.629736,0.0968391
45.255,0.742387,0.652602,0.629626,0.089785
45.26,0.738532,0.652366,0.629517,0.0861663
45.265,0.72225,0.652131,0.629407,0.0701187
45.27,0.7119,0.651898,0.629298,0.0600028
45.275,0.689727,0.651665,0.629188,0.0380619
45.28,0.674316,0.651434,0.629079,0.0228823
45.285,0.675969,0.651204,0.62897,0.0247651
45.29,0.686313,0.650974,0.62886,0.0353382
45.295,0.700328,0.650746,0.628751,0.049582
45.3,0.702814,0.650519,0.628641,0.0522945
45.305,0.701836,0.650293,0.628532,0.0515424
45.31,0.69316,0.650068,0.628423,0.0430912
45.315,0.6769,0.649844,0.628314,0.027056
45.32,0.685012,0.649622,0.628204,0.0353908
45.325,0.671369,0.6494,0.628095,0.0219696
45.33,0.670784,0.649179,0.627986,0.0216058
45.335,0.670251,0.648959,0.627877,0.0212926
45.34,0.671028,0.64874,0.627768,0.0222886
45.345,0.674041,0.648522,0.627658,0.0255194
45.35,0.656765,0.648305,0.627549,0.00846076
45.355,0.649616,0.648088,0.62744,0.00152718
45.36,0.672145,0.647873,0.627331,0.0242717
45.365,0.696843,0.647659,0.627222,0.0491846
45.37,0.694191,0.647445,0.627113,0.0467454
45.375,0.688146,0.647233,0.627004,0.0409132
45.38,0.685458,0.647021,0.626895,0.0384367
45.385,0.693342,0.64681,0.626786,0.0465315
45.39,0.701394,0.6466,0.626677,0.0547941
45.395,0.698313,0.646391,0.626568,0.0519216
45.4,0.699269,0.646183,0.626459,0.0530858
45.405,0.707845,0.645976,0.626351,0.0618691
45.41,0.714681,0.645769,0.626242,0.0689125
45.415,0.686972,0.645563,0.626133,0.0414091
45.42,0.683413,0.645358,0.626024,0.0380546
45.425,0.670107,0.645154,0.625915,0.0249525
45.43,0.681985,0.644951,0.625807,0.0370345
45.435,0.691927,0.644748,0.625698,0.0471793
45.44,0.663429,0.644546,0.625589,0.0188827
45.445,0.650973,0.644345,0.62548,0.00662775
45.45,0.650081,0.644145,0.625372,0.00593581
45.455,0.669796,0.643945,0.625263,0.0258511
45.46,0.686408,0.643746,0.625155,0.0426616
45.465,0.683742,0.643548,0.625046,0.0401939
45.47,0.67479,0.643351,0.624937,0.0314387
45.475,0.673459,0.643154,0.624829,0.0303043
45.48,0.650875,0.642958,0.62472,0.00791612
45.485,0.649889,0.642763,0.624612,0.00712621
45.49,0.650167,0.642569,0.624503,0.0075982
45.495,0.663322,0.642375,0.624395,0.0209473
45.5,0.655615,0.642182,0.624286,0.0134336
45.505,0.660513,0.641989,0.624178,0.0185242
45.51,0.655671,0.641797,0.62407,0.0138739
45.515,0.656796,0.641606,0.623961,0.0151897
45.52,0.656916,0.641416,0.623853,0.0155002
45.525,0.642392,0.641226,0.623745,0.00116643
45.53,0.644193,0.641037,0.623636,0.00315611
45.535,0.633458,0.640848,0.623528,-0.0073898
45.54,0.623098,0.64066,0.62342,-0.0175618
45.545,0.634136,0.640473,0.623312,-0.00633717
45.55,0.640018,0.640286,0.623203,-0.00026826
45.555,0.651979,0.6401,0.623095,0.0118791
45.56,0.657702,0.639914,0.622987,0.0177872
45.565,0.646799,0.63973,0.622879,0.00706897
45.57,0.641347,0.639545,0.622771,0.00180163
45.575,0.647933,0.639362,0.622663,0.00857192
45.58,0.645849,0.639178,0.622555,0.00667013
45.585,0.649716,0.638996,0.622447,0.0107204
45.59,0.647286,0.638814,0.622339,0.00847243
45.595,0.640415,0.638632,0.622231,0.00178237
45.6,0.641815,0.638452,0.622123,0.00336379
45.605,0.644216,0.638271,0.622015,0.00594436
45.61,0.646807,0.638092,0.621907,0.00871531
45.615,0.657311,0.637912,0.621799,0.0193983
45.62,0.672269,0.637734,0.621691,0.0345357
45.625,0.660948,0.637556,0.621583,0.0233929
45.63,0.655751,0.637378,0.621475,0.0183735
45.635,0.638648,0.637201,0.621367,0.00144746
45.64,0.636194,0.637024,0.62126,-0.000830222
45.645,0.622689,0.636848,0.621152,-0.0141592
45.65,0.62468,0.636673,0.621044,-0.011993
45.655,0.627433,0.636498,0.620936,-0.00906424
45.66,0.640728,0.636323,0.620829,0.00440451
45.665,0.646122,0.636149,0.620721,0.00997278
45.67,0.640746,0.635976,0.620613,0.00477021
45.675,0.632549,0.635802,0.620506,-0.00325369
45.68,0.623063,0.63563,0.620398,-0.0125672
45.685,0.628971,0.635458,0.620291,-0.00648669
45.69,0.644328,0.635286,0.620183,0.0090417
45.695,0.650627,0.635115,0.620075,0.0155119
45.7,0.648828,0.634944,0.619968,0.0138838
45.705,0.634728,0.634774,0.61986,-4.62385e-05
45.71,0.618445,0.634604,0.619753,-0.0161598
45.715,0.619685,0.634435,0.619646,-0.0147499
45.72,0.618421,0.634266,0.619538,-0.0158447
45.725,0.623465,0.634098,0.619431,-0.0106328
45.73,0.628651,0.63393,0.619323,-0.00527832
45.735,0.612571,0.633762,0.619216,-0.0211912
45.74,0.595337,0.633595,0.619109,-0.0382586
45.745,0.586766,0.633428,0.619001,-0.0466627
45.75,0.575779,0.633262,0.618894,-0.0574835
45.755,0.583834,0.633096,0.618787,-0.0492624
45.76,0.591862,0.632931,0.61868,-0.0410687
45.765,0.59274,0.632766,0.618572,-0.0400263
45.77,0.57931,0.632601,0.618465,-0.053291
45.775,0.5787,0.632437,0.618358,-0.0537372
45.78,0.584894,0.632273,0.618251,-0.0473797
45.785,0.610632,0.63211,0.618144,-0.0214781
45.79,0.615865,0.631947,0.618037,-0.0160825
45.795,0.607838,0.631784,0.61793,-0.0239463
45.8,0.598503,0.631622,0.617823,-0.0331191
45.805,0.591381,0.631461,0.617715,-0.0400796
45.81,0.599761,0.631299,0.617608,-0.0315378
45.815,0.598342,0.631138,0.617502,-0.0327965
45.82,0.60039,0.630977,0.617395,-0.0305872
45.825,0.609698,0.630817,0.617288,-0.0211189
45.83,0.605701,0.630657,0.617181,-0.0249559
45.835,0.600985,0.630498,0.617074,-0.0295132
45.84,0.594111,0.630339,0.616967,-0.0362276
45.845,0.577552,0.63018,0.61686,-0.0526275
45.85,0.573875,0.630021,0.616753,-0.0561467
45.855,0.5783,0.629863,0.616646,-0.051563
45.86,0.587657,0.629706,0.61654,-0.0420484
45.865,0.599797,0.629548,0.616433,-0.0297508
45.87,0.605421,0.629391,0.616326,-0.0239699
45.875,0.614855,0.629234,0.61622,-0.014379
45.88,0.613996,0.629078,0.616113,-0.0150824
45.885,0.610457,0.628922,0.616006,-0.0184646
45.89,0.586865,0.628766,0.6159,-0.041901
45.895,0.581457,0.628611,0.615793,-0.0471539
45.9,0.599545,0.628456,0.615686,-0.0289115
45.905,0.612001,0.628301,0.61558,-0.0163009
45.91,0.609599,0.628147,0.615473,-0.0185481
45.915,0.594629,0.627993,0.615367,-0.0333643
45.92,0.590462,0.627839,0.61526,-0.0373776
45.925,0.593347,0.627686,0.615154,-0.0343387
45.93,0.58668,0.627533,0.615047,-0.0408535
45.935,0.581205,0.62738,0.614941,-0.0461751
45.94,0.582196,0.627228,0.614834,-0.0450319
45.945,0.600273,0.627076,0.614728,-0.0268032
45.95,0.619178,0.626924,0.614622,-0.0077465
45.955,0.623251,0.626773,0.614515,-0.00352155
45.96,0.628293,0.626621,0.614409,0.00167153
45.965,0.622746,0.62647,0.614303,-0.00372434
45.97,0.617308,0.62632,0.614197,-0.00901186
45.975,0.610423,0.62617,0.61409,-0.0157469
45.98,0.617396,0.62602,0.613984,-0.00862351
45.985,0.642205,0.62587,0.613878,0.0163352
45.99,0.657171,0.62572,0.613772,0.0314502
45.995,0.654056,0.625571,0.613666,0.0284847
46,0.643012,0.625422,0.613559,0.0175893
46.005,0.630443,0.625274,0.613453,0.00516903
46.01,0.617886,0.625126,0.613347,-0.00723915
46.015,0.593492,0.624978,0.613241,-0.0314857
46.02,0.585427,0.62483,0.613135,-0.0394025
46.025,0.580533,0.624682,0.613029,-0.0441491
46.03,0.585247,0.624535,0.612923,-0.039288
46.035,0.576445,0.624388,0.612817,-0.0479433
46.04,0.569386,0.624242,0.612711,-0.0548556
46.045,0.579515,0.624095,0.612605,-0.04458
46.05,0.594564,0.623949,0.6125,-0.0293855
46.055,0.600322,0.623803,0.612394,-0.0234818
46.06,0.601099,0.623658,0.612288,-0.0225593
46.065,0.59887,0.623513,0.612182,-0.0246429
46.07,0.6049,0.623368,0.612076,-0.0184678
46.075,0.612389,0.623223,0.61197,-0.0108336
46.08,0.616122,0.623078,0.611865,-0.00695661
46.085,0.602651,0.622934,0.611759,-0.0202825
46.09,0.587512,0.62279,0.611653,-0.0352778
46.095,0.577102,0.622646,0.611548,-0.0455442
46.1,0.581827,0.622503,0.611442,-0.040676
46.105,0.578202,0.622359,0.611336,-0.0441576
46.11,0.567499,0.622216,0.611231,-0.0547173
46.115,0.571205,0.622073,0.611125,-0.0508682
46.12,0.575296,0.621931,0.61102,-0.0466348
46.125,0.577068,0.621789,0.610914,-0.0447202
46.13,0.566801,0.621646,0.610808,-0.0548454
46.135,0.581966,0.621505,0.610703,-0.0395388
46.14,0.608831,0.621363,0.610597,-0.012532
46.145,0.641752,0.621222,0.610492,0.0205307
46.15,0.645723,0.62108,0.610387,0.024643
46.155,0.6251,0.62094,0.610281,0.00416086
46.16,0.593923,0.620799,0.610176,-0.0268762
46.165,0.58023,0.620658,0.61007,-0.0404289
46.17,0.577552,0.620518,0.609965,-0.0429662
46.175,0.585822,0.620378,0.60986,-0.0345561
46.18,0.584989,0.620238,0.609755,-0.035249
46.185,0.574246,0.620099,0.609649,-0.0458526
46.19,0.573088,0.619959,0.609544,-0.0468716
46.195,0.581597,0.61982,0.609439,-0.0382236
46.2,0.579604,0.619681,0.609334,-0.0400773
46.205,0.585445,0.619543,0.609229,-0.0340978
46.21,0.586156,0.619404,0.609123,-0.0332481
46.215,0.587462,0.619266,0.609018,-0.0318035
46.22,0.588847,0.619128,0.608913,-0.0302807
46.225,0.590814,0.61899,0.608808,-0.0281761
46.23,0.588043,0.618852,0.608703,-0.030809
46.235,0.585495,0.618715,0.608598,-0.0332196
46.24,0.584272,0.618578,0.608493,-0.0343057
46.245,0.593048,0.618441,0.608388,-0.0253928
46.25,0.607538,0.618304,0.608283,-0.0107656
46.255,0.610293,0.618167,0.608178,-0.00787446
46.26,0.595978,0.618031,0.608073,-0.0220524
46.265,0.595775,0.617894,0.607968,-0.0221195
46.27,0.598159,0.617758,0.607864,-0.0195989
46.275,0.591545,0.617623,0.607759,-0.0260776
46.28,0.585863,0.617487,0.607654,-0.0316234
46.285,0.573727,0.617351,0.607549,-0.0436248
46.29,0.58622,0.617216,0.607444,-0.0309958
46.295,0.603376,0.617081,0.60734,-0.0137054
46.3,0.608515,0.616946,0.607235,-0.00843165
46.305,0.60787,0.616812,0.60713,-0.0089416
46.31,0.609591,0.616677,0.607026,-0.00708642
46.315,0.597421,0.616543,0.606921,-0.0191222
46.32,0.603386,0.616409,0.606816,-0.0130226
46.325,0.591803,0.616275,0.606712,-0.0244716
46.33,0.589648,0.616141,0.606607,-0.0264931
46.335,0.575178,0.616007,0.606503,-0.040829
46.34,0.583623,0.615874,0.606398,-0.0322515
46.345,0.597844,0.615741,0.606293,-0.0178966
46.35,0.608346,0.615608,0.606189,-0.00726146
46.355,0.605349,0.615475,0.606085,-0.010126
46.36,0.597146,0.615342,0.60598,-0.0181968
46.365,0.588832,0.61521,0.605876,-0.0263781
46.37,0.584858,0.615078,0.605771,-0.03022
46.375,0.57099,0.614945,0.605667,-0.043955
46.38,0.574187,0.614813,0.605563,-0.0406265
46.385,0.570033,0.614682,0.605458,-0.0446486
46.39,0.574972,0.61455,0.605354,-0.0395777
46.395,0.577703,0.614419,0.60525,-0.0367152
46.4,0.567562,0.614287,0.605145,-0.0467254
46.405,0.565917,0.614156,0.605041,-0.0482392
46.41,0.551746,0.614025,0.604937,-0.0622794
46.415,0.562531,0.613895,0.604833,-0.0513639
46.42,0.571166,0.613764,0.604729,-0.0425977
46.425,0.580308,0.613633,0.604625,-0.0333255
46.43,0.5828,0.613503,0.60452,-0.0307029
46.435,0.592189,0.613373,0.604416,-0.0211839
46.44,0.595408,0.613243,0.604312,-0.0178351
46.445,0.602324,0.613113,0.604208,-0.0107895
46.45,0.596994,0.612984,0.604104,-0.01599
46.455,0.601249,0.612854,0.604,-0.0116054
46.46,0.600612,0.612725,0.603896,-0.0121132
46.465,0.601919,0.612596,0.603792,-0.0106769
46.47,0.592719,0.612467,0.603689,-0.0197474
46.475,0.598224,0.612338,0.603585,-0.0141144
46.48,0.585836,0.612209,0.603481,-0.0263733
46.485,0.566549,0.612081,0.603377,-0.0455318
46.49,0.553586,0.611952,0.603273,-0.0583664
46.495,0.544585,0.611824,0.603169,-0.0672386
46.5,0.552737,0.611696,0.603066,-0.0589588
46.505,0.560964,0.611568,0.602962,-0.0506038
46.51,0.578237,0.61144,0.602858,-0.0332031
46.515,0.579959,0.611313,0.602754,-0.0313541
46.52,0.566127,0.611185,0.602651,-0.0450581
46.525,0.564,0.611058,0.602547,-0.0470575
46.53,0.572664,0.610931,0.602443,-0.0382666
46.535,0.597705,0.610804,0.60234,-0.0130991
46.54,0.603436,0.610677,0.602236,-0.00724101
46.545,0.608914,0.61055,0.602133,-0.00163617
46.55,0.608174,0.610423,0.602029,-0.0022495
46.555,0.604427,0.610297,0.601926,-0.00587022
46.56,0.591305,0.610171,0.601822,-0.0188655
46.565,0.581325,0.610045,0.601719,-0.0287199
46.57,0.585522,0.609918,0.601615,-0.0243965
46.575,0.590127,0.609793,0.601512,-0.0196656
46.58,0.596368,0.609667,0.601408,-0.0132993
46.585,0.58805,0.609541,0.601305,-0.0214913
46.59,0.602976,0.609416,0.601202,-0.00643972
46.595,0.60338,0.60929,0.601098,-0.00591041
46.6,0.610317,0.609165,0.600995,0.0011513
46.605,0.597535,0.60904,0.600892,-0.0115054
46.61,0.589911,0.608915,0.600789,-0.0190042
46.615,0.58938,0.60879,0.600685,-0.0194106
46.62,0.586658,0.608666,0.600582,-0.0220078
46.625,0.583623,0.608541,0.600479,-0.0249186
46.63,0.581862,0.608417,0.600376,-0.026555
46.635,0.584769,0.608293,0.600273,-0.0235237
46.64,0.588852,0.608169,0.60017,-0.0193162
46.645,0.586241,0.608045,0.600066,-0.0218037
46.65,0.579675,0.607921,0.599963,-0.028246
46.655,0.57496,0.607797,0.59986,-0.0328365
46.66,0.572842,0.607673,0.599757,-0.0348312
46.665,0.57546,0.60755,0.599654,-0.0320894
46.67,0.586425,0.607427,0.599551,-0.021002
46.675,0.596485,0.607303,0.599448,-0.010818
46.68,0.603328,0.60718,0.599346,-0.00385234
46.685,0.598092,0.607057,0.599243,-0.00896479
46.69,0.596794,0.606934,0.59914,-0.0101402
46.695,0.598638,0.606812,0.599037,-0.00817324
46.7,0.600181,0.606689,0.598934,-0.00650773
46.705,0.597282,0.606567,0.598831,-0.00928469
46.71,0.587028,0.606444,0.598729,-0.019416
46.715,0.593082,0.606322,0.598626,-0.01324
46.72,0.60127,0.6062,0.598523,-0.00492959
46.725,0.622152,0.606078,0.59842,0.0160737
46.73,0.628883,0.605956,0.598318,0.0229272
46.735,0.614624,0.605834,0.598215,0.00878976
46.74,0.592706,0.605713,0.598112,-0.0130067
46.745,0.580651,0.605591,0.59801,-0.0249404
46.75,0.576701,0.60547,0.597907,-0.0287689
46.755,0.600707,0.605349,0.597805,-0.00464174
46.76,0.608072,0.605228,0.597702,0.00284449
46.765,0.613203,0.605107,0.5976,0.00809621
46.77,0.611334,0.604986,0.597497,0.00634835
46.775,0.602448,0.604865,0.597395,-0.00241656
46.78,0.597717,0.604744,0.597292,-0.00702752
46.785,0.574924,0.604624,0.59719,-0.0296992
46.79,0.557995,0.604503,0.597087,-0.0465085
46.795,0.547624,0.604383,0.596985,-0.056759
46.8,0.563925,0.604263,0.596883,-0.0403381
46.805,0.584728,0.604143,0.59678,-0.0194143
46.81,0.59446,0.604023,0.596678,-0.00956274
46.815,0.593476,0.603903,0.596576,-0.0104265
46.82,0.594068,0.603783,0.596474,-0.00971507
46.825,0.596735,0.603663,0.596371,-0.00692794
46.83,0.599999,0.603544,0.596269,-0.00354532
46.835,0.593891,0.603424,0.596167,-0.00953393
46.84,0.587814,0.603305,0.596065,-0.0154915
46.845,0.592775,0.603186,0.595963,-0.010411
46.85,0.595549,0.603067,0.595861,-0.00751757
46.855,0.594253,0.602948,0.595759,-0.00869514
46.86,0.592264,0.602829,0.595657,-0.0105649
46.865,0.590884,0.60271,0.595554,-0.0118262
46.87,0.594474,0.602592,0.595452,-0.00811785
46.875,0.595692,0.602473,0.59535,-0.00678108
46.88,0.59695,0.602355,0.595249,-0.00540455
46.885,0.599918,0.602236,0.595147,-0.00231819
46.89,0.602193,0.602118,0.595045,7.53817e-05
46.895,0.595085,0.602,0.594943,-0.00691493
46.9,0.587399,0.601882,0.594841,-0.0144833
46.905,0.581124,0.601764,0.594739,-0.0206399
46.91,0.575048,0.601646,0.594637,-0.0265985
46.915,0.572675,0.601528,0.594535,-0.0288531
46.92,0.594747,0.601411,0.594434,-0.00666387
46.925,0.610992,0.601293,0.594332,0.00969903
46.93,0.61426,0.601176,0.59423,0.013084
46.935,0.619437,0.601059,0.594129,0.0183782
46.94,0.606566,0.600941,0.594027,0.00562497
46.945,0.596979,0.600824,0.593925,-0.00384536
46.95,0.591379,0.600707,0.593824,-0.00932797
46.955,0.586138,0.600591,0.593722,-0.0144521
46.96,0.596818,0.600474,0.59362,-0.00365524
46.965,0.611065,0.600357,0.593519,0.0107076
46.97,0.611326,0.60024,0.593417,0.011086
46.975,0.612589,0.600124,0.593316,0.0124645
46.98,0.617117,0.600008,0.593214,0.0171095
46.985,0.625739,0.599891,0.593113,0.0258476
46.99,0.62764,0.599775,0.593012,0.0278644
46.995,0.642252,0.599659,0.59291,0.0425932
47,0.640621,0.599543,0.592809,0.0410782
47.005,0.644002,0.599427,0.592707,0.0445749
47.01,0.62805,0.599311,0.592606,0.0287383
47.015,0.610115,0.599196,0.592505,0.0109196
47.02,0.598288,0.59908,0.592403,-0.000792127
47.025,0.600082,0.598965,0.592302,0.00111743
47.03,0.605051,0.598849,0.592201,0.00620181
47.035,0.605096,0.598734,0.5921,0.00636188
47.04,0.613029,0.598619,0.591999,0.0144103
47.045,0.613725,0.598503,0.591897,0.0152215
47.05,0.614792,0.598388,0.591796,0.0164032
47.055,0.604994,0.598273,0.591695,0.00672015
47.06,0.601078,0.598159,0.591594,0.00291927
47.065,0.599923,0.598044,0.591493,0.00187938
47.07,0.602526,0.597929,0.591392,0.00459699
47.075,0.58771,0.597815,0.591291,-0.0101048
47.08,0.575775,0.5977,0.59119,-0.0219255
47.085,0.585992,0.597586,0.591089,-0.0115935
47.09,0.596747,0.597472,0.590988,-0.000724706
47.095,0.599366,0.597357,0.590887,0.00200904
47.1,0.581878,0.597243,0.590786,-0.0153655
47.105,0.568379,0.597129,0.590685,-0.0287498
47.11,0.582659,0.597015,0.590584,-0.014356
47.115,0.605311,0.596901,0.590484,0.00840992
47.12,0.612687,0.596788,0.590383,0.0158993
47.125,0.592539,0.596674,0.590282,-0.00413538
47.13,0.577313,0.596561,0.590181,-0.0192475
47.135,0.56475,0.596447,0.59008,-0.0316967
47.14,0.578461,0.596334,0.58998,-0.0178723
47.145,0.588277,0.59622,0.589879,-0.00794309
47.15,0.591293,0.596107,0.589778,-0.00481405
47.155,0.588303,0.595994,0.589678,-0.0076907
47.16,0.573296,0.595881,0.589577,-0.022585
47.165,0.578417,0.595768,0.589477,-0.017351
47.17,0.582723,0.595655,0.589376,-0.0129327
47.175,0.591285,0.595543,0.589276,-0.0042577
47.18,0.595035,0.59543,0.589175,-0.000395048
47.185,0.591443,0.595317,0.589075,-0.00387464
47.19,0.5938,0.595205,0.588974,-0.00140497
47.195,0.60209,0.595092,0.588874,0.00699729
47.2,0.603862,0.59498,0.588773,0.00888205
47.205,0.613472,0.594868,0.588673,0.018604
47.21,0.61457,0.594756,0.588572,0.0198143
47.215,0.59845,0.594644,0.588472,0.00380692
47.22,0.593105,0.594532,0.588372,-0.00142683
47.225,0.59718,0.59442,0.588271,0.00276012
47.23,0.594271,0.594308,0.588171,-3.68995e-05
47.235,0.590865,0.594196,0.588071,-0.00333119
47.24,0.590212,0.594084,0.587971,-0.00387224
47.245,0.595462,0.593973,0.587871,0.00148879
47.25,0.602662,0.593861,0.58777,0.00880006
47.255,0.597534,0.59375,0.58767,0.00378361
47.26,0.582323,0.593639,0.58757,-0.0113156
47.265,0.570304,0.593528,0.58747,-0.023224
47.27,0.566672,0.593416,0.58737,-0.0267448
47.275,0.550636,0.593305,0.58727,-0.0426696
47.28,0.545874,0.593194,0.58717,-0.0473208
47.285,0.565796,0.593083,0.58707,-0.0272874
47.29,0.570914,0.592973,0.58697,-0.0220583
47.295,0.591548,0.592862,0.58687,-0.00131378
47.3,0.603625,0.592751,0.58677,0.0108737
47.305,0.602262,0.592641,0.58667,0.00962145
47.31,0.603848,0.59253,0.58657,0.0113181
47.315,0.6115,0.59242,0.58647,0.0190799
47.32,0.620747,0.59231,0.58637,0.0284377
47.325,0.615109,0.592199,0.586271,0.0229094
47.33,0.60552,0.592089,0.586171,0.0134308
47.335,0.571538,0.591979,0.586071,-0.0204411
47.34,0.560169,0.591869,0.585971,-0.0316996
47.345,0.551468,0.591759,0.585872,-0.0402913
47.35,0.551248,0.591649,0.585772,-0.0404015
47.355,0.550502,0.59154,0.585672,-0.0410373
47.36,0.548454,0.59143,0.585573,-0.042976
47.365,0.554509,0.59132,0.585473,-0.0368117
47.37,0.572528,0.591211,0.585373,-0.018683
47.375,0.576177,0.591101,0.585274,-0.014924
47.38,0.576343,0.590992,0.585174,-0.0146489
47.385,0.585665,0.590883,0.585075,-0.00521753
47.39,0.601604,0.590774,0.584975,0.0108305
47.395,0.608724,0.590664,0.584876,0.01806
47.4,0.601629,0.590555,0.584776,0.0110733
47.405,0.593344,0.590446,0.584677,0.00289789
47.41,0.605448,0.590338,0.584578,0.0151106
47.415,0.606557,0.590229,0.584478,0.0163278
47.42,0.60174,0.59012,0.584379,0.0116195
47.425,0.580914,0.590011,0.584279,-0.0090973
47.43,0.570798,0.589903,0.58418,-0.0191044
47.435,0.577833,0.589794,0.584081,-0.0119612
47.44,0.57906,0.589686,0.583982,-0.010626
47.445,0.593875,0.589578,0.583882,0.00429771
47.45,0.598781,0.589469,0.583783,0.00931211
47.455,0.589128,0.589361,0.583684,-0.000233369
47.46,0.587193,0.589253,0.583585,-0.00205957
47.465,0.57327,0.589145,0.583486,-0.0158749
47.47,0.575026,0.589037,0.583387,-0.0140106
47.475,0.584414,0.588929,0.583288,-0.00451561
47.48,0.581081,0.588821,0.583189,-0.00773995
47.485,0.584201,0.588714,0.583089,-0.00451269
47.49,0.58247,0.588606,0.58299,-0.00613622
47.495,0.592524,0.588498,0.582891,0.00402543
47.5,0.604188,0.588391,0.582793,0.0157968
47.505,0.60659,0.588283,0.582694,0.0183065
47.51,0.595928,0.588176,0.582595,0.00775141
47.515,0.593532,0.588069,0.582496,0.00546343
47.52,0.605688,0.587962,0.582397,0.0177263
47.525,0.606767,0.587855,0.582298,0.0189128
47.53,0.605644,0.587748,0.582199,0.0178962
47.535,0.594081,0.587641,0.5821,0.00644067
47.54,0.594586,0.587534,0.582002,0.00705205
47.545,0.595264,0.587427,0.581903,0.00783687
47.55,0.592289,0.58732,0.581804,0.0049684
47.555,0.582312,0.587213,0.581706,-0.00490171
47.56,0.573377,0.587107,0.581607,-0.0137301
47.565,0.57255,0.587,0.581508,-0.01445
47.57,0.574901,0.586894,0.58141,-0.0119926
47.575,0.590119,0.586788,0.581311,0.00333161
47.58,0.60131,0.586681,0.581212,0.0146283
47.585,0.605588,0.586575,0.581114,0.0190125
47.59,0.609081,0.586469,0.581015,0.0226119
47.595,0.613088,0.586363,0.580917,0.0267256
47.6,0.597255,0.586257,0.580818,0.0109983
47.605,0.605796,0.586151,0.58072,0.0196447
47.61,0.612128,0.586045,0.580622,0.0260825
47.615,0.63987,0.585939,0.580523,0.0539306
47.62,0.643174,0.585834,0.580425,0.0573405
47.625,0.62332,0.585728,0.580326,0.0375921
47.63,0.600374,0.585622,0.580228,0.0147514
47.635,0.591797,0.585517,0.58013,0.00627984
47.64,0.598436,0.585412,0.580032,0.0130248
47.645,0.591544,0.585306,0.579933,0.00623791
47.65,0.587195,0.585201,0.579835,0.00199371
47.655,0.570426,0.585096,0.579737,-0.0146697
47.66,0.573862,0.584991,0.579639,-0.0111284
47.665,0.58303,0.584886,0.579541,-0.00185559
47.67,0.594968,0.584781,0.579442,0.0101874
47.675,0.593053,0.584676,0.579344,0.00837705
47.68,0.605943,0.584571,0.579246,0.0213715
47.685,0.611494,0.584466,0.579148,0.0270279
47.69,0.606231,0.584362,0.57905,0.0218696
47.695,0.610058,0.584257,0.578952,0.0258012
47.7,0.592497,0.584152,0.578854,0.00834415
47.705,0.593873,0.584048,0.578756,0.00982481
47.71,0.590191,0.583944,0.578658,0.00624731
47.715,0.595985,0.583839,0.57856,0.0121452
47.72,0.595092,0.583735,0.578462,0.0113573
47.725,0.591102,0.583631,0.578365,0.00747114
47.73,0.586798,0.583527,0.578267,0.00327161
47.735,0.587603,0.583423,0.578169,0.00418026
47.74,0.593022,0.583319,0.578071,0.00970279
47.745,0.596079,0.583215,0.577973,0.0128636
47.75,0.590591,0.583111,0.577876,0.00747947
47.755,0.588935,0.583008,0.577778,0.00592786
47.76,0.590701,0.582904,0.57768,0.00779759
47.765,0.604491,0.5828,0.577583,0.0216908
47.77,0.616993,0.582697,0.577485,0.0342958
47.775,0.618116,0.582593,0.577387,0.035523
47.78,0.620023,0.58249,0.57729,0.0375331
47.785,0.595755,0.582387,0.577192,0.0133685
47.79,0.588878,0.582284,0.577095,0.0065947
47.795,0.583149,0.58218,0.576997,0.000968864
47.8,0.587176,0.582077,0.5769,0.00509891
47.805,0.597803,0.581974,0.576802,0.0158283
47.81,0.6121,0.581871,0.576705,0.0302283
47.815,0.620368,0.581769,0.576607,0.0385992
47.82,0.619192,0.581666,0.57651,0.0375265
47.825,0.607097,0.581563,0.576412,0.0255335
47.83,0.582151,0.58146,0.576315,0.000690161
47.835,0.586127,0.581358,0.576218,0.00476935
47.84,0.581213,0.581255,0.57612,-4.25821e-05
47.845,0.584757,0.581153,0.576023,0.00360374
47.85,0.587804,0.581051,0.575926,0.0067537
47.855,0.576196,0.580948,0.575829,-0.00475241
47.86,0.573988,0.580846,0.575732,-0.00685798
47.865,0.577104,0.580744,0.575634,-0.00364027
47.87,0.561933,0.580642,0.575537,-0.0187088
47.875,0.580363,0.58054,0.57544,-0.000177042
47.88,0.563343,0.580438,0.575343,-0.0170952
47.885,0.569663,0.580336,0.575246,-0.0106737
47.89,0.566628,0.580235,0.575149,-0.0136065
47.895,0.563245,0.580133,0.575052,-0.0168878
47.9,0.570507,0.580031,0.574955,-0.00952413
47.905,0.587557,0.57993,0.574858,0.00762668
47.91,0.586274,0.579828,0.574761,0.00644551
47.915,0.578979,0.579727,0.574664,-0.00074846
47.92,0.558631,0.579626,0.574567,-0.0209945
47.925,0.5628,0.579524,0.57447,-0.0167244
47.93,0.573712,0.579423,0.574373,-0.00571132
47.935,0.573755,0.579322,0.574277,-0.00556693
47.94,0.557316,0.579221,0.57418,-0.0219047
47.945,0.54339,0.57912,0.574083,-0.0357302
47.95,0.5372,0.579019,0.573986,-0.0418193
47.955,0.548355,0.578919,0.573889,-0.0305634
47.96,0.556741,0.578818,0.573793,-0.0220767
47.965,0.56644,0.578717,0.573696,-0.0122768
47.97,0.57354,0.578617,0.573599,-0.00507634
47.975,0.571795,0.578516,0.573503,-0.00672087
47.98,0.566926,0.578416,0.573406,-0.0114894
47.985,0.548288,0.578315,0.57331,-0.0300279
47.99,0.53884,0.578215,0.573213,-0.0393748
47.995,0.532684,0.578115,0.573116,-0.0454311
48,0.552805,0.578015,0.57302,-0.0252096
48.005,0.561708,0.577915,0.572923,-0.0162067
48.01,0.56076,0.577815,0.572827,-0.0170545
48.015,0.574592,0.577715,0.572731,-0.00312316
48.02,0.58809,0.577615,0.572634,0.010475
48.025,0.597119,0.577515,0.572538,0.019604
48.03,0.588073,0.577416,0.572441,0.0106572
48.035,0.567103,0.577316,0.572345,-0.0102127
48.04,0.547931,0.577217,0.572249,-0.0292851
48.045,0.542964,0.577117,0.572152,-0.0341531
48.05,0.542762,0.577018,0.572056,-0.0342559
48.055,0.558359,0.576918,0.57196,-0.0185593
48.06,0.57887,0.576819,0.571864,0.00205077
48.065,0.596893,0.57672,0.571768,0.0201729
48.07,0.595033,0.576621,0.571671,0.0184122
48.075,0.578342,0.576522,0.571575,0.00182045
48.08,0.571794,0.576423,0.571479,-0.00462863
48.085,0.576676,0.576324,0.571383,0.000351617
48.09,0.581026,0.576225,0.571287,0.00480072
48.095,0.600777,0.576127,0.571191,0.0246503
48.1,0.612906,0.576028,0.571095,0.0368777
48.105,0.642322,0.57593,0.570999,0.0663927
48.11,0.646779,0.575831,0.570903,0.0709478
48.115,0.623579,0.575733,0.570807,0.0478465
48.12,0.594302,0.575635,0.570711,0.0186672
48.125,0.60026,0.575536,0.570615,0.0247234
48.13,0.595423,0.575438,0.570519,0.0199844
48.135,0.6096,0.57534,0.570423,0.0342594
48.14,0.607156,0.575242,0.570328,0.0319137
48.145,0.601854,0.575144,0.570232,0.0267096
48.15,0.608779,0.575046,0.570136,0.0337325
48.155,0.599744,0.574949,0.57004,0.0247952
48.16,0.596183,0.574851,0.569945,0.0213318
48.165,0.584844,0.574754,0.569849,0.0100903
48.17,0.578531,0.574656,0.569753,0.00387544
48.175,0.589248,0.574559,0.569658,0.0146897
48.18,0.593274,0.574461,0.569562,0.0188125
48.185,0.588118,0.574364,0.569466,0.0137544
48.19,0.58213,0.574267,0.569371,0.00786303
48.195,0.571822,0.57417,0.569275,-0.00234763
48.2,0.582529,0.574073,0.56918,0.00845673
48.205,0.578104,0.573976,0.569084,0.00412772
48.21,0.57856,0.573879,0.568989,0.004681
48.215,0.592994,0.573782,0.568893,0.0192118
48.22,0.582503,0.573685,0.568798,0.00881745
48.225,0.582261,0.573589,0.568702,0.00867233
48.23,0.57589,0.573492,0.568607,0.00239735
48.235,0.576203,0.573396,0.568512,0.00280678
48.24,0.587243,0.5733,0.568416,0.0139431
48.245,0.577728,0.573203,0.568321,0.00452471
48.25,0.558269,0.573107,0.568226,-0.0148385
48.255,0.550998,0.573011,0.568131,-0.0220132
48.26,0.562132,0.572915,0.568035,-0.010783
48.265,0.56634,0.572819,0.56794,-0.00647926
48.27,0.568334,0.572723,0.567845,-0.00438902
48.275,0.580928,0.572627,0.56775,0.00830039
48.28,0.594077,0.572532,0.567655,0.0215449
48.285,0.61068,0.572436,0.56756,0.0382435
48.29,0.626808,0.572341,0.567464,0.0544677
48.295,0.616633,0.572245,0.567369,0.0443873
48.3,0.611197,0.57215,0.567274,0.0390466
48.305,0.604534,0.572055,0.567179,0.0324792
48.31,0.594472,0.57196,0.567084,0.0225128
48.315,0.589611,0.571864,0.566989,0.0177464
48.32,0.574209,0.571769,0.566895,0.00243997
48.325,0.569368,0.571675,0.5668,-0.00230618
48.33,0.582262,0.57158,0.566705,0.0106823
48.335,0.587953,0.571485,0.56661,0.0164682
48.34,0.583786,0.57139,0.566515,0.0123954
48.345,0.569077,0.571296,0.56642,-0.00221858
48.35,0.57068,0.571202,0.566325,-0.000521967
48.355,0.582246,0.571107,0.566231,0.0111385
48.36,0.589118,0.571013,0.566136,0.0181049
48.365,0.591219,0.570919,0.566041,0.0203002
48.37,0.586132,0.570825,0.565947,0.0153078
48.375,0.575046,0.570731,0.565852,0.0043151
48.38,0.564325,0.570637,0.565757,-0.00631209
48.385,0.554344,0.570543,0.565663,-0.0161985
48.39,0.545209,0.570449,0.565568,-0.0252402
48.395,0.541117,0.570356,0.565474,-0.0292386
48.4,0.533216,0.570262,0.565379,-0.0370459
48.405,0.53945,0.570169,0.565284,-0.0307185
48.41,0.553097,0.570075,0.56519,-0.0169788
48.415,0.540805,0.569982,0.565096,-0.0291772
48.42,0.541493,0.569889,0.565001,-0.0283957
48.425,0.545166,0.569796,0.564907,-0.0246303
48.43,0.554059,0.569703,0.564812,-0.0156438
48.435,0.564894,0.56961,0.564718,-0.00471616
48.44,0.569694,0.569518,0.564624,0.000176226
48.445,0.574292,0.569425,0.564529,0.00486736
48.45,0.572498,0.569332,0.564435,0.00316578
48.455,0.566379,0.56924,0.564341,-0.00286075
48.46,0.563547,0.569148,0.564246,-0.00560044
48.465,0.548492,0.569055,0.564152,-0.0205636
48.47,0.54327,0.568963,0.564058,-0.0256931
48.475,0.545319,0.568871,0.563964,-0.0235523
48.48,0.561295,0.568779,0.56387,-0.00748423
48.485,0.578937,0.568687,0.563776,0.0102492
48.49,0.578614,0.568596,0.563682,0.0100181
48.495,0.569258,0.568504,0.563588,0.000754244
48.5,0.558302,0.568413,0.563493,-0.0101104
48.505,0.569243,0.568321,0.563399,0.00092197
48.51,0.56475,0.56823,0.563305,-0.00348025
48.515,0.574075,0.568139,0.563212,0.00593616
48.52,0.563888,0.568048,0.563118,-0.0041599
48.525,0.563564,0.567957,0.563024,-0.00439266
48.53,0.561837,0.567866,0.56293,-0.00602826
48.535,0.563473,0.567775,0.562836,-0.0043017
48.54,0.569613,0.567684,0.562742,0.0019289
48.545,0.569236,0.567594,0.562648,0.0016421
48.55,0.572907,0.567503,0.562554,0.00540398
48.555,0.583542,0.567413,0.562461,0.0161287
48.56,0.593546,0.567323,0.562367,0.0262232
48.565,0.596397,0.567233,0.562273,0.0291643
48.57,0.594777,0.567143,0.56218,0.0276339
48.575,0.588236,0.567053,0.562086,0.0211831
48.58,0.597837,0.566963,0.561992,0.0308738
48.585,0.609177,0.566874,0.561899,0.0423039
48.59,0.592323,0.566784,0.561805,0.0255395
48.595,0.579376,0.566695,0.561711,0.0126817
48.6,0.569924,0.566605,0.561618,0.00331821
48.605,0.575182,0.566516,0.561524,0.00866605
48.61,0.559256,0.566427,0.561431,-0.0071709
48.615,0.564714,0.566338,0.561337,-0.0016245
48.62,0.565757,0.56625,0.561244,-0.000492716
48.625,0.568754,0.566161,0.561151,0.00259315
48.63,0.573298,0.566072,0.561057,0.00722518
48.635,0.5662,0.565984,0.560964,0.000216473
48.64,0.572495,0.565896,0.56087,0.00659888
48.645,0.571035,0.565807,0.560777,0.00522709
48.65,0.564427,0.565719,0.560684,-0.0012927
48.655,0.556155,0.565632,0.560591,-0.0094766
48.66,0.562281,0.565544,0.560497,-0.00326325
48.665,0.562907,0.565456,0.560404,-0.00254937
48.67,0.564143,0.565369,0.560311,-0.0012259
48.675,0.579439,0.565281,0.560218,0.014158
48.68,0.596811,0.565194,0.560125,0.0316175
48.685,0.600691,0.565107,0.560031,0.0355844
48.69,0.588589,0.56502,0.559938,0.0235691
48.695,0.57143,0.564933,0.559845,0.00649733
48.7,0.563202,0.564846,0.559752,-0.00164415
48.705,0.552168,0.56476,0.559659,-0.0125923
48.71,0.541823,0.564673,0.559566,-0.0228504
48.715,0.520743,0.564587,0.559473,-0.0438438
48.72,0.523216,0.564501,0.55938,-0.041285
48.725,0.525068,0.564415,0.559287,-0.0393472
48.73,0.536326,0.564329,0.559195,-0.0280034
48.735,0.55898,0.564244,0.559102,-0.00526359
48.74,0.567943,0.564158,0.559009,0.00378451
48.745,0.573309,0.564073,0.558916,0.00923655
48.75,0.564357,0.563987,0.558823,0.000369266
48.755,0.578287,0.563902,0.55873,0.0143845
48.76,0.594188,0.563817,0.558638,0.0303707
48.765,0.605108,0.563733,0.558545,0.0413751
48.77,0.594123,0.563648,0.558452,0.0304748
48.775,0.589207,0.563564,0.55836,0.0256432
48.78,0.583693,0.563479,0.558267,0.0202142
48.785,0.596179,0.563395,0.558174,0.0327839
48.79,0.590757,0.563311,0.558082,0.0274457
48.795,0.57258,0.563227,0.557989,0.00935245
48.8,0.56713,0.563144,0.557897,0.00398656
48.805,0.553334,0.56306,0.557804,-0.00972573
48.81,0.539956,0.562977,0.557712,-0.0230211
48.815,0.53002,0.562894,0.557619,-0.0328738
48.82,0.533222,0.562811,0.557527,-0.029589
48.825,0.557343,0.562728,0.557434,-0.00538472
48.83,0.56718,0.562645,0.557342,0.00453513
48.835,0.587792,0.562563,0.557249,0.0252292
48.84,0.57869,0.56248,0.557157,0.0162093
48.845,0.585493,0.562398,0.557065,0.0230942
48.85,0.574932,0.562316,0.556972,0.0126156
48.855,0.56338,0.562235,0.55688,0.00114487
48.86,0.564671,0.562153,0.556788,0.00251751
48.865,0.572863,0.562072,0.556696,0.0107917
48.87,0.58882,0.561991,0.556604,0.0268293
48.875,0.610619,0.56191,0.556511,0.0487098
48.88,0.612788,0.561829,0.556419,0.0509591
48.885,0.612373,0.561748,0.556327,0.0506248
48.89,0.611706,0.561668,0.556235,0.0500381
48.895,0.620296,0.561588,0.556143,0.0587088
48.9,0.634559,0.561508,0.556051,0.0730511
48.905,0.632519,0.561428,0.555959,0.0710907
48.91,0.629498,0.561348,0.555867,0.0681502
48.915,0.629893,0.561269,0.555775,0.0686243
48.92,0.635599,0.56119,0.555683,0.0744096
48.925,0.621693,0.561111,0.555591,0.0605824
48.93,0.613329,0.561032,0.555499,0.0522974
48.935,0.602173,0.560953,0.555407,0.0412198
48.94,0.603769,0.560875,0.555315,0.0428937
48.945,0.60094,0.560797,0.555224,0.0401435
48.95,0.59485,0.560719,0.555132,0.0341307
48.955,0.576395,0.560641,0.55504,0.0157532
48.96,0.569802,0.560564,0.554948,0.00923783
48.965,0.561482,0.560487,0.554856,0.00099548
48.97,0.555349,0.56041,0.554765,-0.00506135
48.975,0.553021,0.560333,0.554673,-0.00731224
48.98,0.559926,0.560257,0.554581,-0.00033053
48.985,0.553452,0.56018,0.55449,-0.00672848
48.99,0.571586,0.560104,0.554398,0.0114812
48.995,0.578653,0.560029,0.554307,0.0186238
49,0.584572,0.559953,0.554215,0.0246185
49.005,0.592618,0.559878,0.554124,0.0327405
49.01,0.587001,0.559803,0.554032,0.0271981
49.015,0.578929,0.559728,0.553941,0.019201
49.02,0.572238,0.559654,0.553849,0.0125841
49.025,0.57468,0.55958,0.553758,0.0151005
49.03,0.566043,0.559506,0.553666,0.00653732
49.035,0.572048,0.559432,0.553575,0.0126161
49.04,0.581275,0.559359,0.553484,0.0219159
49.045,0.579415,0.559286,0.553392,0.0201295
49.05,0.577114,0.559213,0.553301,0.0179014
49.055,0.57289,0.55914,0.55321,0.0137492
49.06,0.572553,0.559068,0.553118,0.0134843
49.065,0.576637,0.558996,0.553027,0.0176402
49.07,0.579369,0.558925,0.552936,0.0204438
49.075,0.575023,0.558853,0.552845,0.0161697
49.08,0.573176,0.558782,0.552754,0.0143936
49.085,0.574524,0.558712,0.552663,0.0158124
49.09,0.569235,0.558641,0.552571,0.0105939
49.095,0.5729,0.558571,0.55248,0.0143288
49.1,0.58306,0.558502,0.552389,0.0245582
49.105,0.564783,0.558432,0.552298,0.00635063
49.11,0.566852,0.558363,0.552207,0.0084884
49.115,0.570285,0.558294,0.552116,0.0119902
49.12,0.575396,0.558226,0.552025,0.01717
49.125,0.579397,0.558158,0.551934,0.0212391
49.13,0.565777,0.55809,0.551844,0.00768682
49.135,0.56052,0.558023,0.551753,0.00249705
49.14,0.563458,0.557956,0.551662,0.00550196
49.145,0.548611,0.557889,0.551571,-0.00927837
49.15,0.561228,0.557823,0.55148,0.00340522
49.155,0.570581,0.557757,0.551389,0.0128234
49.16,0.583116,0.557692,0.551299,0.0254238
49.165,0.581954,0.557627,0.551208,0.0243269
49.17,0.584783,0.557562,0.551117,0.0272211
49.175,0.598521,0.557498,0.551027,0.0410233
49.18,0.591708,0.557434,0.550936,0.0342736
49.185,0.589215,0.557371,0.550845,0.0318445
49.19,0.576393,0.557308,0.550755,0.0190859
49.195,0.58203,0.557245,0.550664,0.0247851
49.2,0.574304,0.557183,0.550574,0.0171217
49.205,0.558786,0.557121,0.550483,0.00166509
49.21,0.539611,0.55706,0.550393,-0.0174484
49.215,0.537652,0.556999,0.550302,-0.0193473
49.22,0.556543,0.556938,0.550212,-0.000395609
49.225,0.576585,0.556879,0.550121,0.019706
49.23,0.59604,0.556819,0.550031,0.0392206
49.235,0.592493,0.55676,0.54994,0.0357332
49.24,0.592063,0.556702,0.54985,0.0353614
49.245,0.575859,0.556644,0.54976,0.0192149
49.25,0.57934,0.556586,0.549669,0.0227537
49.255,0.570426,0.556529,0.549579,0.0138965
49.26,0.580244,0.556473,0.549489,0.023771
49.265,0.572133,0.556417,0.549399,0.0157161
49.27,0.559363,0.556361,0.549308,0.00300154
49.275,0.546968,0.556307,0.549218,-0.00933903
49.28,0.554598,0.556252,0.549128,-0.00165466
49.285,0.547465,0.556199,0.549038,-0.00873328
49.29,0.552946,0.556145,0.548948,-0.00319911
49.295,0.552299,0.556093,0.548858,-0.00379416
49.3,0.562549,0.556041,0.548768,0.00650847
49.305,0.585523,0.55599,0.548678,0.0295338
49.31,0.584931,0.555939,0.548588,0.0289919
49.315,0.591906,0.555889,0.548498,0.036017
49.32,0.588978,0.555839,0.548408,0.0331389
49.325,0.581992,0.55579,0.548318,0.0262017
49.33,0.570728,0.555742,0.548228,0.0149863
49.335,0.569083,0.555695,0.548138,0.013388
49.34,0.576905,0.555648,0.548048,0.021257
49.345,0.584943,0.555602,0.547958,0.0293411
49.35,0.594396,0.555556,0.547869,0.0388395
49.355,0.593562,0.555511,0.547779,0.0380502
49.36,0.604713,0.555467,0.547689,0.0492455
49.365,0.612845,0.555424,0.547599,0.0574211
49.37,0.610312,0.555382,0.54751,0.0549308
49.375,0.599795,0.55534,0.54742,0.0444555
49.38,0.608254,0.555299,0.54733,0.0529554
49.385,0.600105,0.555259,0.547241,0.0448456
49.39,0.597296,0.55522,0.547151,0.0420764
49.395,0.569911,0.555181,0.547062,0.0147297
49.4,0.542635,0.555143,0.546972,-0.0125081
49.405,0.544879,0.555107,0.546883,-0.0102274
49.41,0.548287,0.555071,0.546793,-0.00678401
49.415,0.563874,0.555036,0.546704,0.008838
49.42,0.577529,0.555002,0.546614,0.0225276
49.425,0.58418,0.554968,0.546525,0.0292114
49.43,0.575946,0.554936,0.546435,0.0210098
49.435,0.57792,0.554905,0.546346,0.0230155
49.44,0.562084,0.554875,0.546257,0.00720909
49.445,0.563653,0.554845,0.546167,0.00880736
49.45,0.563386,0.554817,0.546078,0.00856884
49.455,0.57124,0.55479,0.545989,0.0164505
49.46,0.562438,0.554764,0.545899,0.00767425
49.465,0.572207,0.554739,0.54581,0.017468
49.47,0.571434,0.554715,0.545721,0.0167189
49.475,0.574807,0.554692,0.545632,0.020115
49.48,0.57503,0.55467,0.545543,0.0203599
49.485,0.558281,0.55465,0.545454,0.00363141
49.49,0.553686,0.55463,0.545364,-0.000944557
49.495,0.555486,0.554612,0.545275,0.000873967
49.5,0.557622,0.554596,0.545186,0.00302598
49.505,0.579497,0.55458,0.545097,0.0249166
49.51,0.574935,0.554566,0.545008,0.0203693
49.515,0.578331,0.554553,0.544919,0.0237783
49.52,0.571957,0.554541,0.54483,0.0174159
49.525,0.565362,0.554531,0.544741,0.0108308
49.53,0.571352,0.554523,0.544653,0.0168292
49.535,0.560844,0.554515,0.544564,0.00632887
49.54,0.563131,0.55451,0.544475,0.00862158
49.545,0.563387,0.554506,0.544386,0.00888163
49.55,0.567823,0.554503,0.544297,0.0133205
49.555,0.575225,0.554502,0.544208,0.0207235
49.56,0.581823,0.554502,0.54412,0.0273208
49.565,0.571271,0.554505,0.544031,0.0167667
49.57,0.571632,0.554509,0.543942,0.0171236
49.575,0.551598,0.554514,0.543854,-0.00291615
49.58,0.556713,0.554522,0.543765,0.00219113
49.585,0.565085,0.554531,0.543676,0.0105544
49.59,0.567517,0.554542,0.543588,0.0129751
49.595,0.574757,0.554555,0.543499,0.0202017
49.6,0.570364,0.55457,0.543411,0.0157934
49.605,0.582746,0.554587,0.543322,0.0281584
49.61,0.575647,0.554607,0.543234,0.0210404
49.615,0.56027,0.554628,0.543145,0.00564205
49.62,0.548954,0.554651,0.543057,-0.00569735
49.625,0.543632,0.554677,0.542968,-0.0110447
49.63,0.554223,0.554705,0.54288,-0.000481765
49.635,0.563224,0.554735,0.542791,0.00848841
49.64,0.56905,0.554768,0.542703,0.0142821
49.645,0.57768,0.554803,0.542615,0.0228768
49.65,0.565451,0.554841,0.542526,0.0106099
49.655,0.556035,0.554881,0.542438,0.00115386
49.66,0.551511,0.554924,0.54235,-0.00341318
49.665,0.551552,0.55497,0.542262,-0.00341814
49.67,0.555257,0.555018,0.542174,0.000238904
49.675,0.56956,0.55507,0.542085,0.0144902
49.68,0.587761,0.555124,0.541997,0.0326367
49.685,0.599531,0.555182,0.541909,0.0443493
49.69,0.593058,0.555243,0.541821,0.037815
49.695,0.579074,0.555307,0.541733,0.0237666
49.7,0.569779,0.555375,0.541645,0.0144043
49.705,0.562131,0.555446,0.541557,0.00668497
49.71,0.562247,0.555521,0.541469,0.00672646
49.715,0.55103,0.555599,0.541381,-0.00456942
49.72,0.544855,0.555682,0.541293,-0.0108269
49.725,0.535685,0.555768,0.541205,-0.0200835
49.73,0.538325,0.555859,0.541117,-0.0175342
49.735,0.561964,0.555954,0.541029,0.00601029
49.74,0.581589,0.556054,0.540941,0.0255356
49.745,0.602753,0.556158,0.540854,0.0465954
49.75,0.595091,0.556267,0.540766,0.0388234
49.755,0.591736,0.556381,0.540678,0.0353549
49.76,0.589687,0.556501,0.54059,0.0331861
49.765,0.588397,0.556626,0.540503,0.031771
49.77,0.598378,0.556757,0.540415,0.0416216
49.775,0.584148,0.556893,0.540327,0.0272547
49.78,0.579393,0.557036,0.54024,0.0223564
49.785,0.586305,0.557186,0.540152,0.0291193
49.79,0.579358,0.557342,0.540064,0.0220164
49.795,0.582991,0.557505,0.539977,0.0254852
49.8,0.577111,0.557676,0.539889,0.0194346
49.805,0.565128,0.557855,0.539802,0.0072737
49.81,0.56081,0.558042,0.539714,0.00276844
49.815,0.562162,0.558237,0.539627,0.00392489
49.82,0.573153,0.558441,0.539539,0.0147118
49.825,0.591611,0.558655,0.539452,0.032956
49.83,0.597371,0.558879,0.539364,0.0384916
49.835,0.59761,0.559113,0.539277,0.0384971
49.84,0.599685,0.559359,0.53919,0.0403264
49.845,0.602021,0.559615,0.539102,0.0424054
49.85,0.585876,0.559884,0.539015,0.0259923
49.855,0.588117,0.560166,0.538928,0.0279515
49.86,0.600148,0.560461,0.538841,0.0396873
49.865,0.607671,0.56077,0.538753,0.0469015
49.87,0.619515,0.561094,0.538666,0.0584212
49.875,0.620592,0.561434,0.538579,0.0591585
49.88,0.597647,0.56179,0.538492,0.0358573
49.885,0.596009,0.562163,0.538405,0.0338458
49.89,0.563898,0.562555,0.538318,0.0013435
49.895,0.5501,0.562966,0.538231,-0.0128656
49.9,0.557424,0.563397,0.538144,-0.00597313
49.905,0.551775,0.563849,0.538057,-0.0120744
49.91,0.559274,0.564324,0.53797,-0.00505006
49.915,0.571595,0.564822,0.537883,0.00677343
49.92,0.574451,0.565345,0.537796,0.00910685
49.925,0.591653,0.565893,0.537709,0.0257602
49.93,0.607003,0.566469,0.537622,0.0405336
49.935,0.603557,0.567074,0.537535,0.0364834
49.94,0.609721,0.567708,0.537448,0.0420133
49.945,0.609658,0.568374,0.537361,0.0412849
49.95,0.59188,0.569072,0.537275,0.0228075
49.955,0.571273,0.569805,0.537188,0.00146737
49.96,0.566307,0.570574,0.537101,-0.00426711
49.965,0.569674,0.571381,0.537014,-0.00170704
49.97,0.587181,0.572227,0.536928,0.014954
49.975,0.599564,0.573114,0.536841,0.0264506
49.98,0.614237,0.574044,0.536754,0.0401934
49.985,0.612367,0.575018,0.536668,0.0373485
49.99,0.610729,0.576039,0.536581,0.0346902
49.995,0.592216,0.577108,0.536495,0.0151082
50,0.578713,0.578227,0.536408,0.000485447
50.005,0.573218,0.579399,0.536322,-0.00618056
50.01,0.568122,0.580624,0.536235,-0.0125023
50.015,0.574178,0.581906,0.536149,-0.00772753
50.02,0.598215,0.583245,0.536062,0.0149695
50.025,0.606725,0.584645,0.535976,0.0220805
50.03,0.607003,0.586106,0.535889,0.0208968
50.035,0.578974,0.587631,0.535803,-0.00865672
50.04,0.572564,0.589222,0.535717,-0.016658
50.045,0.571581,0.590881,0.53563,-0.0192995
50.05,0.58251,0.592609,0.535544,-0.0100982
50.055,0.590733,0.594408,0.535458,-0.00367563
50.06,0.574725,0.596281,0.535372,-0.0215557
50.065,0.570186,0.598244,0.535285,-0.0280576
50.07,0.571921,0.600268,0.535199,-0.0283476
50.075,0.584848,0.602371,0.535113,-0.0175225
50.08,0.593489,0.604553,0.535027,-0.0110649
50.085,0.585724,0.606817,0.534941,-0.0210931
50.09,0.596322,0.609163,0.534855,-0.0128419
50.095,0.611043,0.611594,0.534769,-0.000551023
50.1,0.636359,0.614109,0.534683,0.0222501
50.105,0.626564,0.616709,0.534597,0.00985402
50.11,0.643615,0.619397,0.534511,0.0242183
50.115,0.655248,0.622172,0.534425,0.0330756
50.12,0.66855,0.625035,0.534339,0.0435155
50.125,0.671059,0.627985,0.534253,0.0430733
50.13,0.666411,0.631025,0.534167,0.0353863
50.135,0.656639,0.634152,0.534081,0.0224874
50.14,0.652812,0.637367,0.533995,0.0154452
50.145,0.640935,0.640669,0.533909,0.000266249
50.15,0.642371,0.644057,0.533824,-0.00168659
50.155,0.638906,0.647531,0.533738,-0.00862526
50.16,0.641208,0.651088,0.533652,-0.00987976
50.165,0.632268,0.654728,0.533566,-0.0224595
50.17,0.645433,0.658447,0.533481,-0.0130135
50.175,0.659715,0.662244,0.533395,-0.00252872
50.18,0.661978,0.666115,0.533309,-0.00413721
50.185,0.669044,0.670058,0.533224,-0.00101434
50.19,0.676491,0.674068,0.533138,0.00242283
50.195,0.682086,0.678142,0.533053,0.0039441
50.2,0.678809,0.682275,0.532967,-0.00346586
50.205,0.6822,0.686461,0.532882,-0.00426082
50.21,0.687628,0.690694,0.532796,-0.00306636
50.215,0.706999,0.694969,0.532711,0.0120296
50.22,0.719586,0.699278,0.532625,0.0203078
50.225,0.711122,0.703613,0.53254,0.00750899
50.23,0.723099,0.707967,0.532454,0.015132
50.235,0.735392,0.712329,0.532369,0.0230636
50.24,0.753853,0.71669,0.532284,0.0371638
50.245,0.74441,0.721038,0.532198,0.0233716
50.25,0.728169,0.725364,0.532113,0.00280518
50.255,0.712921,0.729653,0.532028,-0.0167318
50.26,0.721438,0.733894,0.531943,-0.0124554
50.265,0.727242,0.738071,0.531857,-0.0108298
50.27,0.731947,0.742171,0.531772,-0.0102243
50.275,0.739329,0.746179,0.531687,-0.00684965
50.28,0.744626,0.750077,0.531602,-0.00545058
50.285,0.758308,0.75385,0.531517,0.00445836
50.29,0.749999,0.757481,0.531432,-0.00748212
50.295,0.76192,0.760952,0.531347,0.000968098
50.3,0.786207,0.764246,0.531262,0.0219603
50.305,0.814308,0.767347,0.531177,0.0469616
50.31,0.81406,0.770235,0.531092,0.0438248
50.315,0.801097,0.772896,0.531007,0.0282007
50.32,0.797058,0.775313,0.530922,0.0217449
50.325,0.827918,0.777471,0.530837,0.0504473
50.33,0.83283,0.779356,0.530752,0.053474
50.335,0.817852,0.780955,0.530667,0.0368964
50.34,0.806114,0.782258,0.530582,0.0238562
50.345,0.787881,0.783254,0.530497,0.00462701
50.35,0.785231,0.783937,0.530413,0.00129418
50.355,0.800171,0.784302,0.530328,0.0158695
50.36,0.791504,0.784344,0.530243,0.00715952
50.365,0.803278,0.784064,0.530158,0.0192134
50.37,0.787113,0.783463,0.530074,0.00365002
50.375,0.777138,0.782543,0.529989,-0.00540539
50.38,0.792553,0.781312,0.529904,0.0112405
50.385,0.793806,0.779776,0.52982,0.0140293
50.39,0.795521,0.777946,0.529735,0.0175745
50.395,0.79503,0.775833,0.529651,0.019197
50.4,0.782577,0.773449,0.529566,0.00912815
50.405,0.783179,0.770809,0.529482,0.0123701
50.41,0.756312,0.767928,0.529397,-0.011616
50.415,0.740355,0.764822,0.529313,-0.0244671
50.42,0.750468,0.761509,0.529228,-0.0110407
50.425,0.766145,0.758005,0.529144,0.00814042
50.43,0.787251,0.754327,0.52906,0.0329239
50.435,0.770031,0.750493,0.528975,0.0195377
50.44,0.7742,0.746521,0.528891,0.0276792
50.445,0.780172,0.742426,0.528807,0.0377461
50.45,0.780867,0.738226,0.528722,0.042641
50.455,0.757619,0.733936,0.528638,0.0236833
50.46,0.741494,0.729571,0.528554,0.0119224
50.465,0.726016,0.725147,0.52847,0.000869141
50.47,0.728808,0.720676,0.528385,0.0081322
50.475,0.726611,0.716172,0.528301,0.010439
50.48,0.714065,0.711646,0.528217,0.00241901
50.485,0.691127,0.707111,0.528133,-0.0159839
50.49,0.67856,0.702577,0.528049,-0.0240164
50.495,0.679203,0.698053,0.527965,-0.0188504
50.5,0.681174,0.693549,0.527881,-0.0123753
50.505,0.679528,0.689073,0.527797,-0.00954521
50.51,0.672788,0.684633,0.527713,-0.0118447
50.515,0.664425,0.680235,0.527629,-0.0158097
50.52,0.666133,0.675886,0.527545,-0.00975254
50.525,0.665439,0.671591,0.527461,-0.00615271
50.53,0.666123,0.667357,0.527377,-0.00123339
50.535,0.661343,0.663186,0.527293,-0.00184304
50.54,0.652095,0.659084,0.52721,-0.00698935
50.545,0.647894,0.655054,0.527126,-0.00715995
50.55,0.655937,0.651099,0.527042,0.0048376
50.555,0.646084,0.647222,0.526958,-0.00113806
50.56,0.647215,0.643426,0.526875,0.00378952
50.565,0.650817,0.639712,0.526791,0.0111056
50.57,0.661053,0.636082,0.526707,0.0249711
50.575,0.666145,0.632537,0.526623,0.0336078
50.58,0.666154,0.629079,0.52654,0.0370756
50.585,0.65738,0.625708,0.526456,0.0316723
50.59,0.642284,0.622425,0.526373,0.0198588
50.595,0.643191,0.61923,0.526289,0.02396
50.6,0.642446,0.616124,0.526206,0.0263222
50.605,0.641984,0.613105,0.526122,0.0288788
50.61,0.632206,0.610175,0.526039,0.0220307
50.615,0.618786,0.607331,0.525955,0.0114546
50.62,0.601686,0.604574,0.525872,-0.00288861
50.625,0.599496,0.601903,0.525788,-0.00240681
50.63,0.591886,0.599316,0.525705,-0.00743057
50.635,0.590699,0.596813,0.525622,-0.00611472
50.64,0.592589,0.594393,0.525538,-0.00180367
50.645,0.593249,0.592053,0.525455,0.00119587
50.65,0.584713,0.589793,0.525372,-0.00507967
50.655,0.579645,0.58761,0.525288,-0.00796548
50.66,0.588761,0.585504,0.525205,0.00325663
50.665,0.606793,0.583473,0.525122,0.0233205
50.67,0.61613,0.581514,0.525039,0.034616
50.675,0.622095,0.579627,0.524956,0.0424681
50.68,0.609115,0.577809,0.524873,0.0313064
50.685,0.597024,0.576058,0.52479,0.0209667
50.69,0.585796,0.574372,0.524706,0.0114234
50.695,0.557523,0.57275,0.524623,-0.0152272
50.7,0.548884,0.571189,0.52454,-0.0223057
50.705,0.539084,0.569688,0.524457,-0.0306047
50.71,0.527361,0.568245,0.524374,-0.0408835
50.715,0.536796,0.566857,0.524291,-0.0300611
50.72,0.539146,0.565523,0.524209,-0.026377
50.725,0.544232,0.56424,0.524126,-0.020008
50.73,0.548166,0.563008,0.524043,-0.0148414
50.735,0.539689,0.561823,0.52396,-0.0221338
50.74,0.52917,0.560684,0.523877,-0.0315142
50.745,0.53204,0.55959,0.523794,-0.0275502
50.75,0.536232,0.558538,0.523712,-0.0223053
50.755,0.550334,0.557526,0.523629,-0.00719221
50.76,0.554344,0.556554,0.523546,-0.00220997
50.765,0.554259,0.555619,0.523463,-0.00136
50.77,0.549985,0.55472,0.523381,-0.00473461
50.775,0.5479,0.553854,0.523298,-0.00595413
50.78,0.554123,0.553022,0.523215,0.00110162
50.785,0.546527,0.55222,0.523133,-0.00569297
50.79,0.548684,0.551448,0.52305,-0.00276398
50.795,0.545643,0.550704,0.522968,-0.00506161
50.8,0.551366,0.549988,0.522885,0.00137828
50.805,0.559218,0.549296,0.522803,0.00992207
50.81,0.567859,0.54863,0.52272,0.0192296
50.815,0.564225,0.547986,0.522638,0.0162389
50.82,0.563241,0.547365,0.522555,0.0158758
50.825,0.551993,0.546765,0.522473,0.00522795
50.83,0.550524,0.546184,0.522391,0.00433994
50.835,0.558524,0.545623,0.522308,0.0129008
50.84,0.562465,0.54508,0.522226,0.0173857
50.845,0.562847,0.544553,0.522144,0.0182935
50.85,0.565689,0.544044,0.522061,0.0216451
50.855,0.557589,0.543549,0.521979,0.0140399
50.86,0.547878,0.54307,0.521897,0.00480813
50.865,0.540466,0.542604,0.521815,-0.00213828
50.87,0.53015,0.542152,0.521733,-0.0120017
50.875,0.524989,0.541712,0.52165,-0.0167224
50.88,0.529132,0.541284,0.521568,-0.0121524
50.885,0.528248,0.540868,0.521486,-0.0126199
50.89,0.52815,0.540462,0.521404,-0.0123118
50.895,0.534201,0.540067,0.521322,-0.00586642
50.9,0.556382,0.539682,0.52124,0.0167008
50.905,0.565469,0.539306,0.521158,0.0261637
50.91,0.568206,0.538939,0.521076,0.0292676
50.915,0.56597,0.53858,0.520994,0.0273905
50.92,0.552767,0.538229,0.520912,0.0145379
50.925,0.549511,0.537887,0.52083,0.0116238
50.93,0.540189,0.537551,0.520748,0.00263713
50.935,0.54294,0.537223,0.520667,0.00571728
50.94,0.54298,0.536902,0.520585,0.00607868
50.945,0.54721,0.536586,0.520503,0.0106234
50.95,0.545497,0.536278,0.520421,0.0092193
50.955,0.535639,0.535975,0.520339,-0.000335144
50.96,0.545216,0.535677,0.520258,0.00953826
50.965,0.541721,0.535385,0.520176,0.00633561
50.97,0.540099,0.535099,0.520094,0.0050001
50.975,0.555669,0.534817,0.520013,0.0208518
50.98,0.563839,0.53454,0.519931,0.029299
50.985,0.569572,0.534268,0.51985,0.0353033
50.99,0.570911,0.534001,0.519768,0.0369108
50.995,0.546272,0.533737,0.519686,0.0125344
51,0.522096,0.533478,0.519605,-0.0113822
51.005,0.511607,0.533223,0.519523,-0.0216162
51.01,0.516679,0.532972,0.519442,-0.0162926
51.015,0.537186,0.532724,0.519361,0.00446146
51.02,0.539906,0.53248,0.519279,0.00742621
51.025,0.537932,0.53224,0.519198,0.00569219
51.03,0.546798,0.532003,0.519116,0.014795
51.035,0.540097,0.531769,0.519035,0.00832822
51.04,0.538466,0.531539,0.518954,0.00692766
51.045,0.533058,0.531311,0.518872,0.00174724
51.05,0.539539,0.531087,0.518791,0.00845213
51.055,0.544821,0.530865,0.51871,0.0139561
51.06,0.551898,0.530646,0.518629,0.0212514
51.065,0.548371,0.53043,0.518547,0.017941
51.07,0.554962,0.530217,0.518466,0.0247454
51.075,0.551553,0.530006,0.518385,0.0215463
51.08,0.543652,0.529798,0.518304,0.0138535
51.085,0.53805,0.529592,0.518223,0.00845751
51.09,0.54879,0.529389,0.518142,0.0194005
51.095,0.535068,0.529188,0.518061,0.00587959
51.1,0.526121,0.528989,0.51798,-0.0028684
51.105,0.527212,0.528793,0.517899,-0.00158055
51.11,0.5276,0.528598,0.517818,-0.000998919
51.115,0.536194,0.528406,0.517737,0.00778755
51.12,0.526322,0.528216,0.517656,-0.00189374
51.125,0.521332,0.528028,0.517575,-0.00669616
51.13,0.519889,0.527841,0.517494,-0.00795229
51.135,0.519471,0.527657,0.517413,-0.00818564
51.14,0.519942,0.527475,0.517333,-0.00753287
51.145,0.524921,0.527294,0.517252,-0.00237286
51.15,0.527973,0.527115,0.517171,0.000858194
51.155,0.526935,0.526938,0.51709,-2.69825e-06
51.16,0.531705,0.526762,0.51701,0.00494294
51.165,0.535761,0.526588,0.516929,0.00917228
51.17,0.53212,0.526416,0.516848,0.00570413
51.175,0.54504,0.526246,0.516768,0.0187948
51.18,0.556677,0.526077,0.516687,0.0306005
51.185,0.568501,0.525909,0.516606,0.0425919
51.19,0.56614,0.525743,0.516526,0.0403976
51.195,0.543225,0.525578,0.516445,0.0176469
51.2,0.533638,0.525415,0.516365,0.00822335
51.205,0.536297,0.525253,0.516284,0.0110441
51.21,0.534573,0.525093,0.516204,0.00948087
51.215,0.544836,0.524933,0.516123,0.0199025
51.22,0.554585,0.524776,0.516043,0.0298091
51.225,0.550326,0.524619,0.515963,0.0257072
51.23,0.554963,0.524464,0.515882,0.0304992
51.235,0.530565,0.524309,0.515802,0.00625511
51.24,0.516565,0.524157,0.515722,-0.00759128
51.245,0.509704,0.524005,0.515641,-0.0143011
51.25,0.493073,0.523854,0.515561,-0.0307808
51.255,0.500024,0.523705,0.515481,-0.0236804
51.26,0.504758,0.523556,0.515401,-0.0187978
51.265,0.529534,0.523409,0.51532,0.00612545
51.27,0.530598,0.523263,0.51524,0.00733555
51.275,0.524408,0.523117,0.51516,0.00129058
51.28,0.509544,0.522973,0.51508,-0.0134296
51.285,0.515719,0.52283,0.515,-0.00711089
51.29,0.541039,0.522688,0.51492,0.0183513
51.295,0.554732,0.522546,0.51484,0.0321852
51.3,0.574967,0.522406,0.51476,0.0525607
51.305,0.555253,0.522267,0.51468,0.0329861
51.31,0.538515,0.522128,0.5146,0.0163873
51.315,0.529495,0.52199,0.51452,0.00750497
51.32,0.515359,0.521854,0.51444,-0.00649472
51.325,0.532707,0.521718,0.51436,0.0109891
51.33,0.530833,0.521583,0.51428,0.00925046
51.335,0.520488,0.521448,0.5142,-0.000959868
51.34,0.501463,0.521315,0.514121,-0.0198517
51.345,0.488668,0.521182,0.514041,-0.0325141
51.35,0.493835,0.52105,0.513961,-0.027215
51.355,0.503554,0.520919,0.513881,-0.0173652
51.36,0.504504,0.520789,0.513802,-0.0162843
51.365,0.496557,0.520659,0.513722,-0.0241026
51.37,0.490751,0.52053,0.513642,-0.029779
51.375,0.495745,0.520402,0.513563,-0.024657
51.38,0.503954,0.520274,0.513483,-0.0163208
51.385,0.502069,0.520148,0.513403,-0.0180787
51.39,0.48942,0.520021,0.513324,-0.0306012
51.395,0.488592,0.519896,0.513244,-0.0313039
51.4,0.489863,0.519771,0.513165,-0.029908
51.405,0.503739,0.519647,0.513085,-0.0159075
51.41,0.50893,0.519523,0.513006,-0.0105929
51.415,0.509329,0.5194,0.512926,-0.0100717
51.42,0.508352,0.519278,0.512847,-0.0109262
51.425,0.529008,0.519156,0.512768,0.00985197
51.43,0.535377,0.519035,0.512688,0.0163417
51.435,0.544637,0.518914,0.512609,0.0257224
51.44,0.553021,0.518794,0.51253,0.0342267
51.445,0.551968,0.518675,0.51245,0.0332934
51.45,0.552696,0.518556,0.512371,0.0341399
51.455,0.54219,0.518437,0.512292,0.023753
51.46,0.53985,0.518319,0.512213,0.0215303
51.465,0.540581,0.518202,0.512133,0.0223791
51.47,0.523432,0.518085,0.512054,0.00534658
51.475,0.521332,0.517969,0.511975,0.00336307
51.48,0.517013,0.517853,0.511896,-0.000840138
51.485,0.520249,0.517738,0.511817,0.0025113
51.49,0.512943,0.517623,0.511738,-0.00467937
51.495,0.492089,0.517508,0.511659,-0.0254194
51.5,0.49334,0.517394,0.51158,-0.0240546
51.505,0.502417,0.517281,0.511501,-0.0148642
51.51,0.49995,0.517168,0.511422,-0.0172177
51.515,0.501108,0.517055,0.511343,-0.0159475
51.52,0.48568,0.516943,0.511264,-0.0312631
51.525,0.486678,0.516831,0.511185,-0.0301532
51.53,0.495118,0.51672,0.511106,-0.0216024
51.535,0.506665,0.516609,0.511027,-0.00994414
51.54,0.510694,0.516499,0.510949,-0.00580508
51.545,0.514401,0.516389,0.51087,-0.00198715
51.55,0.516575,0.516279,0.510791,0.000296306
51.555,0.518764,0.51617,0.510712,0.00259472
51.56,0.526657,0.516061,0.510634,0.0105963
51.565,0.517462,0.515952,0.510555,0.00150943
51.57,0.516254,0.515844,0.510476,0.00041019
51.575,0.506752,0.515736,0.510398,-0.00898384
51.58,0.506541,0.515629,0.510319,-0.00908786
51.585,0.508317,0.515522,0.51024,-0.0072043
51.59,0.51894,0.515415,0.510162,0.00352445
51.595,0.515923,0.515309,0.510083,0.000613982
51.6,0.512525,0.515203,0.510005,-0.00267745
51.605,0.498271,0.515097,0.509926,-0.0168263
51.61,0.518642,0.514992,0.509848,0.00364991
51.615,0.521829,0.514887,0.509769,0.00694203
51.62,0.521822,0.514782,0.509691,0.00704
51.625,0.514531,0.514678,0.509613,-0.000146224
51.63,0.514882,0.514574,0.509534,0.000307975
51.635,0.530795,0.51447,0.509456,0.016325
51.64,0.531471,0.514366,0.509378,0.0171049
51.645,0.524131,0.514263,0.509299,0.00986736
51.65,0.526185,0.514161,0.509221,0.0120243
51.655,0.515784,0.514058,0.509143,0.00172634
51.66,0.513901,0.513956,0.509065,-5.47376e-05
51.665,0.516046,0.513854,0.508986,0.00219218
51.67,0.506949,0.513752,0.508908,-0.0068036
51.675,0.520894,0.513651,0.50883,0.00724276
51.68,0.53585,0.51355,0.508752,0.0223003
51.685,0.538963,0.513449,0.508674,0.0255144
51.69,0.549433,0.513348,0.508596,0.036085
51.695,0.53543,0.513248,0.508518,0.0221824
51.7,0.520795,0.513148,0.50844,0.00764732
51.705,0.518529,0.513048,0.508362,0.00548038
51.71,0.51141,0.512949,0.508284,-0.00153816
51.715,0.50902,0.512849,0.508206,-0.00382917
51.72,0.503683,0.51275,0.508128,-0.00906726
51.725,0.492938,0.512652,0.50805,-0.0197131
51.73,0.486557,0.512553,0.507972,-0.0259963
51.735,0.480603,0.512455,0.507894,-0.0318515
51.74,0.49632,0.512357,0.507816,-0.0160364
51.745,0.497294,0.512259,0.507739,-0.0149643
51.75,0.489604,0.512161,0.507661,-0.0225573
51.755,0.486805,0.512064,0.507583,-0.0252585
51.76,0.485735,0.511967,0.507505,-0.0262314
51.765,0.49678,0.51187,0.507428,-0.0150897
51.77,0.506475,0.511773,0.50735,-0.00529784
51.775,0.509884,0.511677,0.507273,-0.00179305
51.78,0.510731,0.51158,0.507195,-0.000849599
51.785,0.516509,0.511484,0.507117,0.00502471
51.79,0.517675,0.511388,0.50704,0.00628684
51.795,0.525431,0.511293,0.506962,0.0141385
51.8,0.528278,0.511197,0.506885,0.017081
51.805,0.531445,0.511102,0.506807,0.0203432
51.81,0.518934,0.511007,0.50673,0.00792723
51.815,0.513421,0.510912,0.506652,0.00250914
51.82,0.507011,0.510818,0.506575,-0.0038065
51.825,0.509189,0.510723,0.506497,-0.00153411
51.83,0.508538,0.510629,0.50642,-0.00209118
51.835,0.49977,0.510535,0.506343,-0.0107652
51.84,0.481147,0.510441,0.506265,-0.0292943
51.845,0.473798,0.510347,0.506188,-0.0365497
51.85,0.468072,0.510254,0.506111,-0.0421814
51.855,0.46596,0.51016,0.506034,-0.0442004
51.86,0.45437,0.510067,0.505956,-0.0556976
51.865,0.459424,0.509974,0.505879,-0.0505502
51.87,0.472888,0.509881,0.505802,-0.036993
51.875,0.487749,0.509789,0.505725,-0.0220395
51.88,0.482862,0.509696,0.505648,-0.0268347
51.885,0.477069,0.509604,0.505571,-0.0325347
51.89,0.467609,0.509512,0.505494,-0.0419033
51.895,0.466946,0.50942,0.505417,-0.0424742
51.9,0.481261,0.509328,0.50534,-0.0280668
51.905,0.486295,0.509236,0.505263,-0.0229414
51.91,0.505237,0.509145,0.505186,-0.00390845
51.915,0.516416,0.509054,0.505109,0.00736202
51.92,0.518064,0.508963,0.505032,0.00910196
51.925,0.52019,0.508872,0.504955,0.0113185
51.93,0.51099,0.508781,0.504878,0.00220955
51.935,0.516438,0.50869,0.504801,0.00774811
51.94,0.531875,0.508599,0.504724,0.0232754
51.945,0.543649,0.508509,0.504648,0.0351404
51.95,0.539536,0.508419,0.504571,0.0311176
51.955,0.521716,0.508329,0.504494,0.0133871
51.96,0.50556,0.508239,0.504417,-0.0026784
51.965,0.495062,0.508149,0.504341,-0.0130873
51.97,0.489273,0.508059,0.504264,-0.0187858
51.975,0.494925,0.50797,0.504187,-0.0130446
51.98,0.489527,0.50788,0.504111,-0.018353
51.985,0.484074,0.507791,0.504034,-0.023717
51.99,0.494233,0.507702,0.503958,-0.0134687
51.995,0.504422,0.507613,0.503881,-0.00319118
52,0.51313,0.507524,0.503805,0.00560586
52.005,0.511384,0.507435,0.503728,0.00394853
52.01,0.501591,0.507347,0.503652,-0.00575594
52.015,0.48988,0.507258,0.503575,-0.0173788
52.02,0.485818,0.50717,0.503499,-0.0213525
52.025,0.475822,0.507082,0.503422,-0.03126
52.03,0.476817,0.506994,0.503346,-0.030177
52.035,0.482628,0.506906,0.50327,-0.0242775
52.04,0.492389,0.506818,0.503193,-0.0144291
52.045,0.497007,0.50673,0.503117,-0.0097231
52.05,0.48979,0.506643,0.503041,-0.0168528
52.055,0.479484,0.506555,0.502964,-0.0270714
52.06,0.470181,0.506468,0.502888,-0.0362873
52.065,0.475672,0.506381,0.502812,-0.0307084
52.07,0.489905,0.506294,0.502736,-0.0163885
52.075,0.492074,0.506207,0.50266,-0.0141321
52.08,0.497125,0.50612,0.502584,-0.0089951
52.085,0.490305,0.506033,0.502508,-0.0157276
52.09,0.48897,0.505946,0.502431,-0.0169761
52.095,0.493355,0.50586,0.502355,-0.0125049
52.1,0.503159,0.505773,0.502279,-0.00261436
52.105,0.494853,0.505687,0.502203,-0.0108344
52.11,0.506395,0.505601,0.502127,0.00079427
52.115,0.515172,0.505515,0.502051,0.00965756
52.12,0.52096,0.505429,0.501976,0.0155315
52.125,0.52102,0.505343,0.5019,0.0156767
52.13,0.510905,0.505257,0.501824,0.00564741
52.135,0.503548,0.505172,0.501748,-0.00162399
52.14,0.48719,0.505086,0.501672,-0.0178961
52.145,0.474548,0.505001,0.501596,-0.0304524
52.15,0.474098,0.504915,0.501521,-0.0308174
52.155,0.483224,0.50483,0.501445,-0.0216059
52.16,0.490785,0.504745,0.501369,-0.0139595
52.165,0.484078,0.50466,0.501293,-0.0205819
52.17,0.474295,0.504575,0.501218,-0.0302797
52.175,0.477606,0.50449,0.501142,-0.0268837
52.18,0.491242,0.504405,0.501066,-0.0131632
52.185,0.498664,0.504321,0.500991,-0.00565633
52.19,0.511333,0.504236,0.500915,0.00709718
52.195,0.511945,0.504152,0.50084,0.00779386
52.2,0.499512,0.504067,0.500764,-0.00455556
52.205,0.491344,0.503983,0.500689,-0.0126385
52.21,0.483951,0.503899,0.500613,-0.0199473
52.215,0.475458,0.503815,0.500538,-0.0283572
52.22,0.473484,0.503731,0.500462,-0.030247
52.225,0.461702,0.503647,0.500387,-0.0419452
52.23,0.468755,0.503563,0.500312,-0.0348081
52.235,0.476871,0.503479,0.500236,-0.0266086
52.24,0.47664,0.503396,0.500161,-0.0267556
52.245,0.483264,0.503312,0.500086,-0.020048
52.25,0.480573,0.503229,0.50001,-0.0226561
52.255,0.489926,0.503145,0.499935,-0.0132193
52.26,0.486196,0.503062,0.49986,-0.0168663
52.265,0.485416,0.502979,0.499785,-0.017563
52.27,0.494479,0.502896,0.499709,-0.00841632
52.275,0.508887,0.502813,0.499634,0.00607398
52.28,0.502746,0.50273,0.499559,1.64843e-05
52.285,0.507958,0.502647,0.499484,0.00531062
52.29,0.494739,0.502564,0.499409,-0.00782537
52.295,0.496202,0.502482,0.499334,-0.00627918
52.3,0.485272,0.502399,0.499259,-0.0171274
52.305,0.473986,0.502316,0.499184,-0.0283309
52.31,0.480949,0.502234,0.499109,-0.0212849
52.315,0.493527,0.502152,0.499034,-0.00862495
52.32,0.497883,0.502069,0.498959,-0.0041861
52.325,0.494177,0.501987,0.498884,-0.00781021
52.33,0.48476,0.501905,0.498809,-0.0171455
52.335,0.48331,0.501823,0.498734,-0.0185126
52.34,0.496252,0.501741,0.49866,-0.0054896
52.345,0.509488,0.501659,0.498585,0.00782826
52.35,0.514381,0.501577,0.49851,0.0128038
52.355,0.503084,0.501496,0.498435,0.00158859
52.36,0.504403,0.501414,0.49836,0.00298844
52.365,0.527692,0.501332,0.498286,0.0263599
52.37,0.538794,0.501251,0.498211,0.037543
52.375,0.534447,0.50117,0.498136,0.033277
52.38,0.503927,0.501088,0.498062,0.00283879
52.385,0.488793,0.501007,0.497987,-0.0122144
52.39,0.491361,0.500926,0.497913,-0.0095646
52.395,0.501575,0.500845,0.497838,0.000730634
52.4,0.506811,0.500764,0.497764,0.00604711
52.405,0.510417,0.500683,0.497689,0.00973429
52.41,0.503462,0.500602,0.497615,0.00286059
52.415,0.492487,0.500521,0.49754,-0.00803408
52.42,0.488226,0.50044,0.497466,-0.0122142
52.425,0.487773,0.500359,0.497391,-0.012586
52.43,0.480349,0.500279,0.497317,-0.0199299
52.435,0.468375,0.500198,0.497242,-0.0318228
52.44,0.465455,0.500118,0.497168,-0.0346625
52.445,0.473954,0.500037,0.497094,-0.0260836
52.45,0.491047,0.499957,0.49702,-0.00891029
52.455,0.501394,0.499877,0.496945,0.00151705
52.46,0.511858,0.499796,0.496871,0.0120614
52.465,0.508597,0.499716,0.496797,0.00888081
52.47,0.507733,0.499636,0.496723,0.00809706
52.475,0.500068,0.499556,0.496649,0.000511415
52.48,0.486606,0.499476,0.496574,-0.0128699
52.485,0.473156,0.499396,0.4965,-0.0262403
52.49,0.471671,0.499316,0.496426,-0.0276453
52.495,0.478592,0.499237,0.496352,-0.0206452
52.5,0.486725,0.499157,0.496278,-0.012432
52.505,0.497727,0.499077,0.496204,-0.00134987
52.51,0.509334,0.498998,0.49613,0.0103362
52.515,0.504024,0.498918,0.496056,0.00510526
52.52,0.491944,0.498839,0.495982,-0.00689492
52.525,0.460096,0.498759,0.495908,-0.0386639
52.53,0.471615,0.49868,0.495834,-0.0270649
52.535,0.483997,0.498601,0.49576,-0.014604
52.54,0.498246,0.498522,0.495687,-0.000275307
52.545,0.500827,0.498443,0.495613,0.0023843
52.55,0.486108,0.498364,0.495539,-0.0122555
52.555,0.483066,0.498285,0.495465,-0.0152188
52.56,0.489191,0.498206,0.495392,-0.00901462
52.565,0.49044,0.498127,0.495318,-0.00768684
52.57,0.503788,0.498048,0.495244,0.00573971
52.575,0.511324,0.497969,0.49517,0.013355
52.58,0.509417,0.49789,0.495097,0.0115261
52.585,0.510943,0.497812,0.495023,0.0131314
52.59,0.496648,0.497733,0.49495,-0.00108512
52.595,0.489558,0.497655,0.494876,-0.00809703
52.6,0.475347,0.497576,0.494802,-0.0222289
52.605,0.465925,0.497498,0.494729,-0.0315725
52.61,0.471267,0.497419,0.494655,-0.0261522
52.615,0.467957,0.497341,0.494582,-0.0293839
52.62,0.458883,0.497263,0.494509,-0.0383795
52.625,0.462778,0.497185,0.494435,-0.0344066
52.63,0.453944,0.497107,0.494362,-0.0431626
52.635,0.476957,0.497029,0.494288,-0.0200713
52.64,0.489699,0.496951,0.494215,-0.00725104
52.645,0.496712,0.496873,0.494142,-0.00016021
52.65,0.49532,0.496795,0.494068,-0.00147503
52.655,0.49522,0.496717,0.493995,-0.00149703
52.66,0.50301,0.496639,0.493922,0.00637145
52.665,0.507569,0.496561,0.493849,0.0110078
52.67,0.504358,0.496484,0.493775,0.00787409
52.675,0.502993,0.496406,0.493702,0.00658738
52.68,0.507139,0.496328,0.493629,0.0108107
52.685,0.499011,0.496251,0.493556,0.00276021
52.69,0.499769,0.496173,0.493483,0.00359527
52.695,0.501769,0.496096,0.49341,0.0056726
52.7,0.523277,0.496019,0.493337,0.0272586
52.705,0.523908,0.495941,0.493264,0.0279665
52.71,0.522108,0.495864,0.493191,0.0262437
52.715,0.517282,0.495787,0.493118,0.0214948
52.72,0.515984,0.49571,0.493045,0.0202743
52.725,0.51932,0.495633,0.492972,0.0236872
52.73,0.495669,0.495556,0.492899,0.000113557
52.735,0.48939,0.495479,0.492826,-0.00608838
52.74,0.486572,0.495402,0.492753,-0.00882981
52.745,0.47476,0.495325,0.49268,-0.020565
52.75,0.478089,0.495248,0.492608,-0.0171591
52.755,0.469669,0.495171,0.492535,-0.0255021
52.76,0.470015,0.495094,0.492462,-0.0250792
52.765,0.476563,0.495018,0.492389,-0.0184553
52.77,0.479843,0.494941,0.492317,-0.0150978
52.775,0.476363,0.494865,0.492244,-0.0185018
52.78,0.473929,0.494788,0.492171,-0.0208593
52.785,0.467648,0.494712,0.492099,-0.0270639
52.79,0.466449,0.494635,0.492026,-0.0281862
52.795,0.468673,0.494559,0.491953,-0.0258855
52.8,0.474291,0.494482,0.491881,-0.0201912
52.805,0.477028,0.494406,0.491808,-0.0173783
52.81,0.483655,0.49433,0.491736,-0.0106747
52.815,0.488438,0.494254,0.491663,-0.00581577
52.82,0.47858,0.494178,0.491591,-0.0155974
52.825,0.490904,0.494102,0.491519,-0.0031976
52.83,0.489505,0.494026,0.491446,-0.00452025
52.835,0.493848,0.49395,0.491374,-0.000101801
52.84,0.49596,0.493874,0.491301,0.00208685
52.845,0.489185,0.493798,0.491229,-0.00461226
52.85,0.488988,0.493722,0.491157,-0.00473379
52.855,0.498124,0.493646,0.491084,0.00447811
52.86,0.495619,0.49357,0.491012,0.00204837
52.865,0.494744,0.493495,0.49094,0.00124921
52.87,0.487544,0.493419,0.490868,-0.00587506
52.875,0.479008,0.493343,0.490795,-0.0143357
52.88,0.476245,0.493268,0.490723,-0.0170225
52.885,0.482005,0.493192,0.490651,-0.0111872
52.89,0.478515,0.493117,0.490579,-0.0146023
52.895,0.477352,0.493041,0.490507,-0.015689
52.9,0.479176,0.492966,0.490435,-0.0137898
52.905,0.47777,0.492891,0.490363,-0.0151206
52.91,0.487556,0.492815,0.490291,-0.00525889
52.915,0.478282,0.49274,0.490219,-0.0144585
52.92,0.470911,0.492665,0.490147,-0.0217541
52.925,0.471356,0.49259,0.490075,-0.0212337
52.93,0.469381,0.492515,0.490003,-0.0231341
52.935,0.471648,0.49244,0.489931,-0.0207913
52.94,0.482773,0.492365,0.489859,-0.00959121
52.945,0.504863,0.49229,0.489787,0.0125737
52.95,0.513912,0.492215,0.489716,0.0216976
52.955,0.519223,0.49214,0.489644,0.0270837
52.96,0.495735,0.492065,0.489572,0.0036697
52.965,0.488823,0.49199,0.4895,-0.00316749
52.97,0.477264,0.491915,0.489429,-0.0146509
52.975,0.467907,0.491841,0.489357,-0.0239341
52.98,0.460844,0.491766,0.489285,-0.030922
52.985,0.463799,0.491691,0.489214,-0.0278923
52.99,0.457976,0.491617,0.489142,-0.0336413
52.995,0.453895,0.491542,0.48907,-0.0376475
53,0.437003,0.491468,0.488999,-0.0544651
53.005,0.417395,0.491393,0.488927,-0.0739985
53.01,0.425758,0.491319,0.488856,-0.0655608
53.015,0.432666,0.491245,0.488784,-0.0585783
53.02,0.445462,0.49117,0.488713,-0.0457085
53.025,0.451093,0.491096,0.488641,-0.0400027
53.03,0.446709,0.491022,0.48857,-0.0443124
53.035,0.448945,0.490948,0.488498,-0.0420026
53.04,0.469202,0.490874,0.488427,-0.0216718
53.045,0.471257,0.490799,0.488356,-0.0195421
53.05,0.481349,0.490725,0.488284,-0.00937588
53.055,0.480307,0.490651,0.488213,-0.0103446
53.06,0.465304,0.490577,0.488142,-0.0252737
53.065,0.460757,0.490503,0.48807,-0.0297461
53.07,0.463838,0.49043,0.487999,-0.0265915
53.075,0.47241,0.490356,0.487928,-0.017946
53.08,0.470465,0.490282,0.487857,-0.0198167
53.085,0.459183,0.490208,0.487786,-0.0310251
53.09,0.456416,0.490134,0.487715,-0.0337183
53.095,0.468918,0.490061,0.487643,-0.0211426
53.1,0.488678,0.489987,0.487572,-0.00130884
53.105,0.486477,0.489913,0.487501,-0.00343597
53.11,0.481507,0.48984,0.48743,-0.00833277
53.115,0.489771,0.489766,0.487359,4.4675e-06
53.12,0.502804,0.489693,0.487288,0.0131113
53.125,0.515354,0.489619,0.487217,0.0257347
53.13,0.520302,0.489546,0.487146,0.0307559
53.135,0.499378,0.489473,0.487075,0.00990534
53.14,0.49002,0.489399,0.487005,0.00062047
53.145,0.493585,0.489326,0.486934,0.00425865
53.15,0.486332,0.489253,0.486863,-0.00292065
53.155,0.504465,0.48918,0.486792,0.0152857
53.16,0.495962,0.489106,0.486721,0.00685572
53.165,0.495464,0.489033,0.48665,0.00643042
53.17,0.483719,0.48896,0.48658,-0.00524125
53.175,0.476192,0.488887,0.486509,-0.0126949
53.18,0.479695,0.488814,0.486438,-0.00911937
53.185,0.478143,0.488741,0.486368,-0.0105985
53.19,0.473134,0.488668,0.486297,-0.0155343
53.195,0.479838,0.488595,0.486226,-0.00875724
53.2,0.481772,0.488523,0.486156,-0.00675098
53.205,0.492463,0.48845,0.486085,0.00401277
53.21,0.494729,0.488377,0.486015,0.00635149
53.215,0.484662,0.488304,0.485944,-0.00364277
53.22,0.485836,0.488232,0.485874,-0.00239541
53.225,0.476737,0.488159,0.485803,-0.0114218
53.23,0.465857,0.488086,0.485733,-0.022229
53.235,0.464679,0.488014,0.485662,-0.0233348
53.24,0.462266,0.487941,0.485592,-0.0256754
53.245,0.471708,0.487869,0.485521,-0.0161611
53.25,0.483887,0.487796,0.485451,-0.00390925
53.255,0.481613,0.487724,0.485381,-0.00611115
53.26,0.49902,0.487652,0.48531,0.0113682
53.265,0.496666,0.487579,0.48524,0.00908655
53.27,0.495171,0.487507,0.48517,0.00766435
53.275,0.481298,0.487435,0.4851,-0.00613668
53.28,0.470237,0.487362,0.485029,-0.0171256
53.285,0.473195,0.48729,0.484959,-0.0140955
53.29,0.49146,0.487218,0.484889,0.00424193
53.295,0.497029,0.487146,0.484819,0.0098835
53.3,0.487175,0.487074,0.484749,0.000100686
53.305,0.47156,0.487002,0.484679,-0.0154419
53.31,0.462604,0.48693,0.484609,-0.0243255
53.315,0.462652,0.486858,0.484539,-0.0242063
53.32,0.458464,0.486786,0.484469,-0.0283216
53.325,0.445872,0.486714,0.484399,-0.0408416
53.33,0.445437,0.486642,0.484329,-0.0412052
53.335,0.459267,0.48657,0.484259,-0.0273037
53.34,0.484824,0.486499,0.484189,-0.00167432
53.345,0.491276,0.486427,0.484119,0.00484871
53.35,0.477412,0.486355,0.484049,-0.00894315
53.355,0.463093,0.486284,0.483979,-0.0231907
53.36,0.455942,0.486212,0.483909,-0.0302703
53.365,0.461582,0.48614,0.48384,-0.024558
53.37,0.454465,0.486069,0.48377,-0.0316038
53.375,0.445985,0.485997,0.4837,-0.0400123
53.38,0.437786,0.485926,0.48363,-0.04814
53.385,0.445496,0.485854,0.483561,-0.0403582
53.39,0.462929,0.485783,0.483491,-0.0228541
53.395,0.465374,0.485711,0.483421,-0.0203373
53.4,0.464285,0.48564,0.483352,-0.0213548
53.405,0.471806,0.485569,0.483282,-0.0137625
53.41,0.471807,0.485498,0.483213,-0.0136905
53.415,0.470825,0.485426,0.483143,-0.0146014
53.42,0.469535,0.485355,0.483074,-0.0158206
53.425,0.453062,0.485284,0.483004,-0.0322224
53.43,0.452817,0.485213,0.482935,-0.0323958
53.435,0.457664,0.485142,0.482865,-0.027478
53.44,0.458585,0.485071,0.482796,-0.026486
53.445,0.467862,0.485,0.482726,-0.0171381
53.45,0.470876,0.484929,0.482657,-0.0140524
53.455,0.480424,0.484858,0.482588,-0.00443408
53.46,0.474959,0.484787,0.482518,-0.00982766
53.465,0.462986,0.484716,0.482449,-0.0217304
53.47,0.453767,0.484645,0.48238,-0.0308779
53.475,0.456942,0.484574,0.48231,-0.0276326
53.48,0.456743,0.484504,0.482241,-0.0277606
53.485,0.458437,0.484433,0.482172,-0.0259957
53.49,0.453584,0.484362,0.482103,-0.0307787
53.495,0.450914,0.484292,0.482034,-0.0333773
53.5,0.457664,0.484221,0.481964,-0.0265573
53.505,0.45391,0.48415,0.481895,-0.0302399
53.51,0.45229,0.48408,0.481826,-0.0317895
53.515,0.458793,0.484009,0.481757,-0.0252163
53.52,0.442507,0.483939,0.481688,-0.0414314
53.525,0.440729,0.483868,0.481619,-0.0431396
53.53,0.430215,0.483798,0.48155,-0.0535829
53.535,0.431128,0.483728,0.481481,-0.0525993
53.54,0.442024,0.483657,0.481412,-0.0416329
53.545,0.455567,0.483587,0.481343,-0.0280198
53.55,0.454727,0.483517,0.481274,-0.0287894
53.555,0.453181,0.483446,0.481206,-0.0302655
53.56,0.465013,0.483376,0.481137,-0.0183631
53.565,0.461235,0.483306,0.481068,-0.0220709
53.57,0.465748,0.483236,0.480999,-0.0174874
53.575,0.459998,0.483166,0.48093,-0.0231681
53.58,0.447252,0.483096,0.480862,-0.0358438
53.585,0.446424,0.483026,0.480793,-0.0366017
53.59,0.443416,0.482956,0.480724,-0.0395395
53.595,0.435217,0.482886,0.480655,-0.0476684
53.6,0.431251,0.482816,0.480587,-0.0515649
53.605,0.430751,0.482746,0.480518,-0.0519945
53.61,0.434947,0.482676,0.48045,-0.0477294
53.615,0.439661,0.482606,0.480381,-0.0429453
53.62,0.445192,0.482536,0.480312,-0.0373445
53.625,0.441245,0.482467,0.480244,-0.0412213
53.63,0.442161,0.482397,0.480175,-0.0402356
53.635,0.45102,0.482327,0.480107,-0.0313069
53.64,0.452217,0.482257,0.480038,-0.0300408
53.645,0.45237,0.482188,0.47997,-0.0298175
53.65,0.44968,0.482118,0.479902,-0.0324384
53.655,0.444887,0.482049,0.479833,-0.0371615
53.66,0.466289,0.481979,0.479765,-0.0156905
53.665,0.469773,0.48191,0.479696,-0.0121363
53.67,0.467697,0.48184,0.479628,-0.0141429
53.675,0.467684,0.481771,0.47956,-0.0140867
53.68,0.461753,0.481701,0.479492,-0.0199482
53.685,0.465956,0.481632,0.479423,-0.0156765
53.69,0.460065,0.481563,0.479355,-0.0214981
53.695,0.458157,0.481493,0.479287,-0.0233368
53.7,0.450365,0.481424,0.479219,-0.031059
53.705,0.43864,0.481384,0.479151,-0.0427438
53.71,0.427942,0.481314,0.479083,-0.0533724
53.715,0.424889,0.481245,0.479014,-0.0563561
53.72,0.440372,0.481176,0.478946,-0.0408037
53.725,0.449184,0.481107,0.478878,-0.0319235
53.73,0.454018,0.481038,0.47881,-0.0270203
53.735,0.456286,0.480969,0.478742,-0.0246828
53.74,0.452383,0.4809,0.478674,-0.0285165
53.745,0.444477,0.480831,0.478606,-0.0363545
53.75,0.443146,0.480762,0.478538,-0.0376159
53.755,0.442257,0.480693,0.478471,-0.0384364
53.76,0.446575,0.480624,0.478403,-0.0340497
53.765,0.439549,0.480556,0.478335,-0.0410063
53.77,0.431222,0.480487,0.478267,-0.049265
53.775,0.424287,0.480418,0.478199,-0.0561309
53.78,0.434592,0.480349,0.478131,-0.0457569
53.785,0.441078,0.480281,0.478064,-0.0392025
53.79,0.436537,0.480212,0.477996,-0.0436745
53.795,0.438027,0.480143,0.477928,-0.0421166
53.8,0.438689,0.480075,0.47786,-0.0413862
53.805,0.44571,0.480006,0.477793,-0.0342963
53.81,0.440544,0.479938,0.477725,-0.0393939
53.815,0.446601,0.479869,0.477658,-0.0332683
53.82,0.439634,0.479801,0.47759,-0.0401666
53.825,0.441255,0.479732,0.477522,-0.0384776
53.83,0.439756,0.479664,0.477455,-0.0399082
53.835,0.442257,0.479596,0.477387,-0.0373385
53.84,0.436404,0.479527,0.47732,-0.0431233
53.845,0.441493,0.479459,0.477252,-0.0379661
53.85,0.4347,0.479391,0.477185,-0.0446905
53.855,0.444438,0.479322,0.477118,-0.0348846
53.86,0.446659,0.479254,0.47705,-0.0325952
53.865,0.450606,0.479186,0.476983,-0.0285799
53.87,0.459702,0.479118,0.476915,-0.0194159
53.875,0.464185,0.47905,0.476848,-0.0148651
53.88,0.466703,0.478982,0.476781,-0.0122784
53.885,0.46329,0.478914,0.476714,-0.0156242
53.89,0.45338,0.478846,0.476646,-0.025466
53.895,0.455633,0.478778,0.476579,-0.0231445
53.9,0.456341,0.47871,0.476512,-0.0223687
53.905,0.449654,0.478642,0.476445,-0.028988
53.91,0.447448,0.478574,0.476377,-0.0311264
53.915,0.449898,0.478506,0.47631,-0.0286081
53.92,0.452618,0.478438,0.476243,-0.0258203
53.925,0.452525,0.478371,0.476176,-0.0258459
53.93,0.448551,0.478303,0.476109,-0.0297514
53.935,0.448658,0.478235,0.476042,-0.0295774
53.94,0.463153,0.478167,0.475975,-0.015014
53.945,0.457323,0.4781,0.475908,-0.0207763
53.95,0.447815,0.478032,0.475841,-0.030217
53.955,0.438991,0.477964,0.475774,-0.0389739
53.96,0.451615,0.477897,0.475707,-0.0262817
53.965,0.46789,0.477829,0.47564,-0.00993945
53.97,0.465183,0.477762,0.475573,-0.0125786
53.975,0.447941,0.477694,0.475507,-0.0297533
53.98,0.434616,0.477627,0.47544,-0.0430109
53.985,0.424376,0.47756,0.475373,-0.0531831
53.99,0.425433,0.477492,0.475306,-0.0520589
53.995,0.419839,0.477425,0.475239,-0.0575863
54,0.417324,0.477358,0.475173,-0.0600336
54.005,0.443,0.47729,0.475106,-0.0342903
54.01,0.452309,0.477223,0.475039,-0.0249144
54.015,0.461336,0.477156,0.474973,-0.0158199
54.02,0.463831,0.477089,0.474906,-0.013258
54.025,0.471326,0.477021,0.47484,-0.00569566
54.03,0.483861,0.476954,0.474773,0.00690618
54.035,0.484571,0.476887,0.474706,0.00768414
54.04,0.47716,0.47682,0.47464,0.000339682
54.045,0.464979,0.476753,0.474573,-0.0117746
54.05,0.45633,0.476686,0.474507,-0.0203558
54.055,0.445306,0.476619,0.47444,-0.0313129
54.06,0.451155,0.476552,0.474374,-0.0253977
54.065,0.452871,0.476485,0.474308,-0.0236139
54.07,0.456106,0.476419,0.474241,-0.020313
54.075,0.452368,0.476352,0.474175,-0.0239833
54.08,0.457856,0.476285,0.474108,-0.0184286
54.085,0.457988,0.476218,0.474042,-0.0182299
54.09,0.465857,0.476151,0.473976,-0.0102948
54.095,0.46808,0.476085,0.47391,-0.00800461
54.1,0.473185,0.476018,0.473843,-0.00283265
54.105,0.469163,0.475951,0.473777,-0.00678793
54.11,0.458301,0.475885,0.473711,-0.0175833
54.115,0.449404,0.475818,0.473645,-0.0264139
54.12,0.432989,0.475752,0.473579,-0.0427628
54.125,0.438099,0.475685,0.473512,-0.0375855
54.13,0.441651,0.475619,0.473446,-0.0339674
54.135,0.442243,0.475552,0.47338,-0.0333088
54.14,0.442864,0.475486,0.473314,-0.0326214
54.145,0.438303,0.475419,0.473248,-0.0371158
54.15,0.443903,0.475353,0.473182,-0.0314503
54.155,0.447258,0.475286,0.473116,-0.0280284
54.16,0.441766,0.47522,0.47305,-0.033454
54.165,0.449217,0.475154,0.472984,-0.0259373
54.17,0.454004,0.475088,0.472918,-0.0210839
54.175,0.463506,0.475021,0.472852,-0.0115158
54.18,0.449693,0.474955,0.472787,-0.0252625
54.185,0.443907,0.474889,0.472721,-0.0309816
54.19,0.44964,0.474823,0.472655,-0.025183
54.195,0.448775,0.474757,0.472589,-0.025982
54.2,0.457084,0.474691,0.472523,-0.0176068
54.205,0.454291,0.474625,0.472458,-0.0203337
54.21,0.453324,0.474559,0.472392,-0.021235
54.215,0.465374,0.474493,0.472326,-0.0091191
54.22,0.461757,0.474427,0.472261,-0.0126699
54.225,0.465918,0.474361,0.472195,-0.00844311
54.23,0.471963,0.474295,0.472129,-0.00233172
54.235,0.461917,0.474229,0.472064,-0.0123118
54.24,0.457869,0.474163,0.471998,-0.0162945
54.245,0.449329,0.474098,0.471933,-0.0247689
54.25,0.444819,0.474032,0.471867,-0.0292124
54.255,0.466686,0.473966,0.471802,-0.00728007
54.26,0.471538,0.4739,0.471736,-0.00236223
54.265,0.470328,0.473835,0.471671,-0.00350642
54.27,0.462228,0.473769,0.471605,-0.0115415
54.275,0.458209,0.473703,0.47154,-0.0154948
54.28,0.456771,0.473638,0.471474,-0.0168668
54.285,0.456592,0.473572,0.471409,-0.0169802
54.29,0.447643,0.473507,0.471344,-0.0258637
54.295,0.454383,0.473441,0.471278,-0.0190578
54.3,0.45979,0.473376,0.471213,-0.0135856
54.305,0.459758,0.47331,0.471148,-0.0135522
54.31,0.459451,0.473245,0.471083,-0.0137935
54.315,0.444899,0.47318,0.471017,-0.0282808
54.32,0.445115,0.473114,0.470952,-0.0279992
54.325,0.44146,0.473049,0.470887,-0.0315893
54.33,0.445677,0.472984,0.470822,-0.0273069
54.335,0.4534,0.472918,0.470757,-0.0195187
54.34,0.458527,0.472853,0.470692,-0.0143265
54.345,0.447874,0.472788,0.470627,-0.0249144
54.35,0.450824,0.472723,0.470561,-0.021899
54.355,0.465295,0.472658,0.470496,-0.00736231
54.36,0.463675,0.472593,0.470431,-0.00891792
54.365,0.479039,0.472528,0.470366,0.00651106
54.37,0.476219,0.472463,0.470301,0.00375627
54.375,0.47925,0.472398,0.470237,0.00685295
54.38,0.477307,0.472333,0.470172,0.00497475
54.385,0.462561,0.472268,0.470107,-0.00970633
54.39,0.453632,0.472203,0.470042,-0.0185707
54.395,0.457435,0.472138,0.469977,-0.0147024
54.4,0.459127,0.472073,0.469912,-0.0129464
54.405,0.457711,0.472008,0.469847,-0.014297
54.41,0.449875,0.471943,0.469783,-0.022068
54.415,0.449809,0.471879,0.469718,-0.0220697
54.42,0.458022,0.471814,0.469653,-0.0137919
54.425,0.455075,0.471749,0.469589,-0.0166745
54.43,0.450198,0.471684,0.469524,-0.0214867
54.435,0.442702,0.47162,0.469459,-0.0289182
54.44,0.451033,0.471555,0.469395,-0.0205226
54.445,0.451713,0.471491,0.46933,-0.0197778
54.45,0.457501,0.471426,0.469265,-0.0139249
54.455,0.440911,0.471362,0.469201,-0.0304504
54.46,0.436231,0.471297,0.469136,-0.0350661
54.465,0.44415,0.471233,0.469072,-0.0270821
54.47,0.447287,0.471168,0.469007,-0.0238808
54.475,0.466823,0.471104,0.468943,-0.00428045
54.48,0.466764,0.471039,0.468878,-0.00427574
54.485,0.465994,0.470975,0.468814,-0.00498069
54.49,0.469856,0.470911,0.46875,-0.00105447
54.495,0.456564,0.470846,0.468685,-0.0142823
54.5,0.45524,0.470782,0.468621,-0.0155419
54.505,0.457176,0.470718,0.468557,-0.0135417
54.51,0.463706,0.470654,0.468492,-0.00694739
54.515,0.474895,0.47059,0.468428,0.00430544
54.52,0.467181,0.470525,0.468364,-0.00334431
54.525,0.456391,0.470461,0.4683,-0.0140699
54.53,0.444785,0.470397,0.468235,-0.0256122
54.535,0.443321,0.470333,0.468171,-0.027012
54.54,0.434883,0.470269,0.468107,-0.0353857
54.545,0.426179,0.470205,0.468043,-0.0440258
54.55,0.436908,0.470141,0.467979,-0.0332333
54.555,0.449579,0.470077,0.467915,-0.0204984
54.56,0.457405,0.470013,0.467851,-0.0126085
54.565,0.452268,0.469949,0.467787,-0.0176812
54.57,0.440132,0.469886,0.467723,-0.0297534
54.575,0.445538,0.469822,0.467659,-0.0242833
54.58,0.454174,0.469758,0.467595,-0.0155844
54.585,0.446758,0.469694,0.467531,-0.022936
54.59,0.445442,0.469631,0.467467,-0.0241886
54.595,0.432888,0.469567,0.467403,-0.0366787
54.6,0.429341,0.469503,0.467339,-0.0401625
54.605,0.429081,0.46944,0.467275,-0.0403582
54.61,0.438144,0.469376,0.467211,-0.0312322
54.615,0.440753,0.469312,0.467148,-0.0285597
54.62,0.439143,0.469249,0.467084,-0.0301058
54.625,0.440566,0.469185,0.46702,-0.028619
54.63,0.446025,0.469122,0.466956,-0.0230967
54.635,0.455316,0.469058,0.466893,-0.0137426
54.64,0.452816,0.468995,0.466829,-0.0161786
54.645,0.441048,0.468932,0.466765,-0.0278833
54.65,0.434689,0.468868,0.466702,-0.0341789
54.655,0.429371,0.468805,0.466638,-0.0394338
54.66,0.435482,0.468742,0.466574,-0.0332592
54.665,0.428311,0.468678,0.466511,-0.0403675
54.67,0.43027,0.468615,0.466447,-0.0383449
54.675,0.428161,0.468552,0.466384,-0.0403911
54.68,0.439235,0.468489,0.46632,-0.0292538
54.685,0.451703,0.468425,0.466257,-0.0167226
54.69,0.455519,0.468362,0.466193,-0.0128434
54.695,0.459497,0.468299,0.46613,-0.00880192
54.7,0.461433,0.468236,0.466067,-0.00680263
54.705,0.452562,0.468173,0.466003,-0.0156106
54.71,0.450488,0.46811,0.46594,-0.0176224
54.715,0.451897,0.468047,0.465877,-0.0161501
54.72,0.444815,0.467984,0.465813,-0.0231693
54.725,0.458482,0.467921,0.46575,-0.00943896
54.73,0.453269,0.467858,0.465687,-0.014589
54.735,0.441012,0.467795,0.465624,-0.0267835
54.74,0.438638,0.467733,0.46556,-0.0290942
54.745,0.439417,0.46767,0.465497,-0.0282527
54.75,0.44527,0.467607,0.465434,-0.0223367
54.755,0.45023,0.467544,0.465371,-0.0173141
54.76,0.445586,0.467481,0.465308,-0.0218959
54.765,0.438932,0.467419,0.465245,-0.0284865
54.77,0.428927,0.467356,0.465182,-0.0384288
54.775,0.431012,0.467293,0.465118,-0.0362811
54.78,0.425661,0.467231,0.465055,-0.0415695
54.785,0.42584,0.467168,0.464992,-0.0413281
54.79,0.419141,0.467106,0.464929,-0.0479643
54.795,0.418224,0.467043,0.464867,-0.0488187
54.8,0.431527,0.466981,0.464804,-0.0354534
54.805,0.44213,0.466918,0.464741,-0.0247883
54.81,0.440753,0.466856,0.464678,-0.0261027
54.815,0.43779,0.466793,0.464615,-0.0290037
54.82,0.432366,0.466731,0.464552,-0.0343653
54.825,0.433135,0.466669,0.464489,-0.033534
54.83,0.440826,0.466606,0.464427,-0.02578
54.835,0.459075,0.466544,0.464364,-0.00746872
54.84,0.468229,0.466482,0.464301,0.00174706
54.845,0.472551,0.46642,0.464238,0.0061313
54.85,0.459799,0.466357,0.464176,-0.00655836
54.855,0.442313,0.466295,0.464113,-0.0239819
54.86,0.445812,0.466233,0.46405,-0.0204216
54.865,0.447736,0.466171,0.463988,-0.0184353
54.87,0.44862,0.466109,0.463925,-0.0174887
54.875,0.449182,0.466047,0.463863,-0.0168652
54.88,0.448782,0.465985,0.4638,-0.0172031
54.885,0.445701,0.465923,0.463737,-0.0202219
54.89,0.435198,0.465861,0.463675,-0.0306629
54.895,0.419343,0.465799,0.463612,-0.0464556
54.9,0.429342,0.465737,0.46355,-0.0363955
54.905,0.452549,0.465675,0.463488,-0.0131265
54.91,0.476333,0.465613,0.463425,0.0107197
54.915,0.479401,0.465552,0.463363,0.0138493
54.92,0.473194,0.46549,0.4633,0.007704
54.925,0.467873,0.465428,0.463238,0.00244474
54.93,0.455711,0.465366,0.463176,-0.00965574
54.935,0.458022,0.465305,0.463113,-0.00728269
54.94,0.469656,0.465243,0.463051,0.0044128
54.945,0.474465,0.465181,0.462989,0.0092842
54.95,0.472477,0.46512,0.462927,0.00735708
54.955,0.465924,0.465058,0.462864,0.000865527
54.96,0.452214,0.464996,0.462802,-0.0127823
54.965,0.446828,0.464935,0.46274,-0.0181069
54.97,0.428733,0.464873,0.462678,-0.03614
54.975,0.406716,0.464812,0.462616,-0.0580957
54.98,0.406157,0.464751,0.462554,-0.0585934
54.985,0.414209,0.464689,0.462492,-0.0504801
54.99,0.428009,0.464628,0.46243,-0.0366184
54.995,0.432423,0.464566,0.462368,-0.0321433
55,0.432063,0.464505,0.462306,-0.0324419
55.005,0.437443,0.464444,0.462244,-0.0270006
55.01,0.446331,0.464383,0.462182,-0.0180518
55.015,0.454339,0.464321,0.46212,-0.00998239
55.02,0.456276,0.46426,0.462058,-0.00798373
55.025,0.453397,0.464199,0.461996,-0.0108022
55.03,0.456304,0.464138,0.461934,-0.00783388
55.035,0.456487,0.464077,0.461872,-0.00758956
55.04,0.473891,0.464016,0.461811,0.00987536
55.045,0.469814,0.463954,0.461749,0.00585936
55.05,0.472687,0.463893,0.461687,0.00879334
55.055,0.472992,0.463832,0.461625,0.00915917
55.06,0.465843,0.463771,0.461564,0.0020713
55.065,0.471505,0.463711,0.461502,0.00779415
55.07,0.465464,0.46365,0.46144,0.00181417
55.075,0.45562,0.463589,0.461379,-0.00796839
55.08,0.452482,0.463528,0.461317,-0.0110455
55.085,0.454875,0.463467,0.461255,-0.00859158
55.09,0.442525,0.463406,0.461194,-0.0208813
55.095,0.443811,0.463345,0.461132,-0.0195348
55.1,0.432427,0.463285,0.461071,-0.0308578
55.105,0.427795,0.463224,0.461009,-0.0354287
55.11,0.431336,0.463163,0.460948,-0.0318273
55.115,0.438682,0.463103,0.460886,-0.0244209
55.12,0.449189,0.463042,0.460825,-0.0138529
55.125,0.466682,0.462981,0.460763,0.00370096
55.13,0.464668,0.462921,0.460702,0.00174737
55.135,0.456797,0.46286,0.460641,-0.00606362
55.14,0.453618,0.4628,0.460579,-0.00918152
55.145,0.442652,0.462739,0.460518,-0.0200875
55.15,0.446845,0.462679,0.460457,-0.0158336
55.155,0.447997,0.462619,0.460395,-0.0146214
55.16,0.449378,0.462558,0.460334,-0.0131803
55.165,0.453088,0.462498,0.460273,-0.00940985
55.17,0.443649,0.462437,0.460212,-0.0187886
55.175,0.433681,0.462377,0.460151,-0.0286965
55.18,0.450098,0.462317,0.460089,-0.0122187
55.185,0.458963,0.462257,0.460028,-0.00329399
55.19,0.467847,0.462196,0.459967,0.00565038
55.195,0.465382,0.462136,0.459906,0.00324551
55.2,0.449515,0.462076,0.459845,-0.0125615
55.205,0.447131,0.462016,0.459784,-0.014885
55.21,0.455423,0.461956,0.459723,-0.00653284
55.215,0.467737,0.461896,0.459662,0.00584142
55.22,0.46667,0.461836,0.459601,0.00483446
55.225,0.464014,0.461776,0.45954,0.00223881
55.23,0.452761,0.461716,0.459479,-0.00895424
55.235,0.443392,0.461656,0.459418,-0.0182637
55.24,0.430104,0.461596,0.459357,-0.0314914
55.245,0.428175,0.461536,0.459297,-0.0333605
55.25,0.428531,0.461476,0.459236,-0.0329453
55.255,0.430291,0.461416,0.459175,-0.0311255
55.26,0.414562,0.461356,0.459114,-0.0467944
55.265,0.42189,0.461297,0.459053,-0.0394062
55.27,0.433681,0.461237,0.458993,-0.0275554
55.275,0.442544,0.461177,0.458932,-0.018633
55.28,0.438309,0.461117,0.458871,-0.0228087
55.285,0.42916,0.461058,0.458811,-0.0318973
55.29,0.443521,0.460998,0.45875,-0.0174768
55.295,0.458061,0.460938,0.458689,-0.00287775
55.3,0.461732,0.460879,0.458629,0.000852651
55.305,0.462589,0.460819,0.458568,0.00176984
55.31,0.456086,0.46076,0.458508,-0.0046739
55.315,0.458276,0.4607,0.458447,-0.00242484
55.32,0.457949,0.460641,0.458387,-0.0026914
55.325,0.460035,0.460581,0.458326,-0.000545967
55.33,0.46426,0.460522,0.458266,0.00373761
55.335,0.469981,0.460463,0.458205,0.00951849
55.34,0.475856,0.460403,0.458145,0.0154523
55.345,0.471345,0.460344,0.458084,0.0110008
55.35,0.468802,0.460285,0.458024,0.00851771
55.355,0.459793,0.460225,0.457964,-0.00043268
55.36,0.463412,0.460166,0.457903,0.00324533
55.365,0.461996,0.460107,0.457843,0.00188903
55.37,0.448312,0.460048,0.457783,-0.0117359
55.375,0.440602,0.459989,0.457722,-0.0193866
55.38,0.442824,0.45993,0.457662,-0.0171056
55.385,0.442562,0.459871,0.457602,-0.0173081
55.39,0.46141,0.459811,0.457542,0.00159812
55.395,0.46252,0.459752,0.457482,0.0027677
55.4,0.472237,0.459693,0.457422,0.0125435
55.405,0.460514,0.459634,0.457361,0.00087968
55.41,0.446485,0.459576,0.457301,-0.0130901
55.415,0.446371,0.459517,0.457241,-0.0131453
55.42,0.46487,0.459458,0.457181,0.00541267
55.425,0.480535,0.459399,0.457121,0.0211366
55.43,0.464179,0.45934,0.457061,0.0048388
55.435,0.450206,0.459281,0.457001,-0.00907526
55.44,0.440629,0.459222,0.456941,-0.0185939
55.445,0.441604,0.459164,0.456881,-0.0175594
55.45,0.451659,0.459105,0.456821,-0.00744631
55.455,0.454316,0.459046,0.456762,-0.00472987
55.46,0.459027,0.458988,0.456702,3.91024e-05
55.465,0.448244,0.458929,0.456642,-0.0106854
55.47,0.432876,0.458871,0.456582,-0.0259943
55.475,0.442742,0.458812,0.456522,-0.01607
55.48,0.458485,0.458753,0.456462,-0.000268852
55.485,0.475337,0.458695,0.456403,0.0166421
55.49,0.472138,0.458636,0.456343,0.0135012
55.495,0.471445,0.458578,0.456283,0.0128673
55.5,0.476535,0.45852,0.456224,0.0180152
55.505,0.473013,0.458461,0.456164,0.0145519
55.51,0.470044,0.458403,0.456104,0.0116412
55.515,0.458321,0.458344,0.456045,-2.3655e-05
55.52,0.466641,0.458286,0.455985,0.00835472
55.525,0.471176,0.458228,0.455926,0.0129486
55.53,0.466293,0.45817,0.455866,0.00812283
55.535,0.46135,0.458111,0.455806,0.00323871
55.54,0.460303,0.458053,0.455747,0.00224957
55.545,0.478935,0.457995,0.455688,0.0209403
55.55,0.493918,0.457937,0.455628,0.0359811
55.555,0.497159,0.457879,0.455569,0.0392797
55.56,0.504882,0.457821,0.455509,0.0470616
55.565,0.508153,0.457763,0.45545,0.0503906
55.57,0.511509,0.457705,0.455391,0.0538039
55.575,0.511337,0.457647,0.455331,0.0536901
55.58,0.508582,0.457589,0.455272,0.0509936
55.585,0.506543,0.457531,0.455213,0.0490121
55.59,0.500172,0.457473,0.455153,0.0426993
55.595,0.47925,0.457415,0.455094,0.0218351
55.6,0.468482,0.457357,0.455035,0.0111246
55.605,0.480339,0.4573,0.454976,0.0230391
55.61,0.49644,0.457242,0.454916,0.0391979
55.615,0.501033,0.457184,0.454857,0.0438493
55.62,0.496654,0.457126,0.454798,0.0395272
55.625,0.48,0.457069,0.454739,0.0229315
55.63,0.478824,0.457011,0.45468,0.0218125
55.635,0.484087,0.456953,0.454621,0.0271333
55.64,0.481278,0.456896,0.454562,0.0243819
55.645,0.482694,0.456838,0.454503,0.0258559
55.65,0.479985,0.456781,0.454444,0.0232046
55.655,0.473746,0.456723,0.454385,0.0170232
55.66,0.48375,0.456666,0.454326,0.0270846
55.665,0.488362,0.456608,0.454267,0.0317534
55.67,0.484388,0.456551,0.454208,0.0278374
55.675,0.492397,0.456493,0.454149,0.0359036
55.68,0.487932,0.456436,0.45409,0.031496
55.685,0.485261,0.456379,0.454032,0.028882
55.69,0.478353,0.456321,0.453973,0.0220312
55.695,0.477377,0.456264,0.453914,0.0211128
55.7,0.485016,0.456207,0.453855,0.0288095
55.705,0.495832,0.45615,0.453796,0.039682
55.71,0.49245,0.456092,0.453738,0.0363578
55.715,0.486324,0.456035,0.453679,0.0302887
55.72,0.472113,0.455978,0.45362,0.0161349
55.725,0.465287,0.455921,0.453562,0.00936587
55.73,0.464132,0.455864,0.453503,0.00826782
55.735,0.466069,0.455807,0.453444,0.0102616
55.74,0.469489,0.45575,0.453386,0.0137391
55.745,0.468099,0.455693,0.453327,0.0124057
55.75,0.475701,0.455636,0.453269,0.0200653
55.755,0.487776,0.455579,0.45321,0.0321967
55.76,0.495477,0.455522,0.453152,0.0399543
55.765,0.489589,0.455465,0.453093,0.034124
55.77,0.49156,0.455409,0.453035,0.036151
55.775,0.493115,0.455352,0.452976,0.0377635
55.78,0.4971,0.455295,0.452918,0.0418051
55.785,0.478693,0.455238,0.45286,0.0234549
55.79,0.469717,0.455181,0.452801,0.0145351
55.795,0.46275,0.455125,0.452743,0.00762547
55.8,0.46687,0.455068,0.452685,0.0118018
55.805,0.468093,0.455011,0.452626,0.0130816
55.81,0.472047,0.454955,0.452568,0.017092
55.815,0.481375,0.454898,0.45251,0.0264771
55.82,0.472855,0.454842,0.452452,0.0180135
55.825,0.475375,0.454785,0.452393,0.0205894
55.83,0.467215,0.454729,0.452335,0.0124858
55.835,0.471805,0.454672,0.452277,0.0171329
55.84,0.487079,0.454616,0.452219,0.0324631
55.845,0.481671,0.45456,0.452161,0.0271117
55.85,0.493755,0.454503,0.452103,0.039252
55.855,0.493059,0.454447,0.452045,0.0386119
55.86,0.494683,0.454391,0.451987,0.0402926
55.865,0.487589,0.454334,0.451929,0.0332547
55.87,0.470433,0.454278,0.451871,0.016155
55.875,0.451031,0.454222,0.451813,-0.00319071
55.88,0.444448,0.454166,0.451755,-0.00971758
55.885,0.455525,0.454109,0.451697,0.00141515
55.89,0.456084,0.454053,0.451639,0.00203028
55.895,0.45792,0.453997,0.451581,0.00392227
55.9,0.449342,0.453941,0.451523,-0.0045993
55.905,0.445635,0.453885,0.451465,-0.00825054
55.91,0.44288,0.453829,0.451408,-0.0109494
55.915,0.440237,0.453773,0.45135,-0.0135361
55.92,0.442759,0.453717,0.451292,-0.0109583
55.925,0.454374,0.453661,0.451234,0.000712744
55.93,0.454433,0.453605,0.451177,0.000827789
55.935,0.451129,0.45355,0.451119,-0.00242074
55.94,0.44633,0.453494,0.451061,-0.00716373
55.945,0.441819,0.453438,0.451003,-0.0116191
55.95,0.450369,0.453382,0.450946,-0.00301275
55.955,0.454443,0.453326,0.450888,0.0011166
55.96,0.464037,0.453271,0.450831,0.0107661
55.965,0.470276,0.453215,0.450773,0.0170614
55.97,0.464214,0.453159,0.450716,0.0110548
55.975,0.450846,0.453104,0.450658,-0.00225793
55.98,0.438788,0.453048,0.450601,-0.0142597
55.985,0.432408,0.452993,0.450543,-0.0205844
55.99,0.429021,0.452937,0.450486,-0.0239162
55.995,0.431163,0.452882,0.450428,-0.0217189
56,0.427888,0.452826,0.450371,-0.024938
56.005,0.43359,0.452771,0.450313,-0.0191805
56.01,0.438481,0.452715,0.450256,-0.0142346
56.015,0.4361,0.45266,0.450199,-0.0165599
56.02,0.436562,0.452605,0.450141,-0.0160421
56.025,0.433129,0.452549,0.450084,-0.0194206
56.03,0.441335,0.452494,0.450027,-0.0111585
56.035,0.450821,0.452439,0.44997,-0.00161813
56.04,0.459853,0.452383,0.449912,0.00746948
56.045,0.459879,0.452328,0.449855,0.00755056
56.05,0.454955,0.452273,0.449798,0.00268149
56.055,0.448657,0.452218,0.449741,-0.00356083
56.06,0.440772,0.452163,0.449684,-0.011391
56.065,0.429266,0.452108,0.449627,-0.0228422
56.07,0.422172,0.452053,0.449569,-0.0298808
56.075,0.413615,0.451998,0.449512,-0.038383
56.08,0.419291,0.451943,0.449455,-0.032652
56.085,0.419548,0.451888,0.449398,-0.0323393
56.09,0.41975,0.451833,0.449341,-0.0320825
56.095,0.411919,0.451778,0.449284,-0.0398586
56.1,0.412678,0.451723,0.449227,-0.0390454
56.105,0.411618,0.451668,0.44917,-0.0400506
56.11,0.423289,0.451613,0.449113,-0.0283242
56.115,0.428655,0.451559,0.449057,-0.0229033
56.12,0.440052,0.451504,0.449,-0.0114515
56.125,0.438424,0.451449,0.448943,-0.013025
56.13,0.430276,0.451394,0.448886,-0.0211186
56.135,0.424671,0.45134,0.448829,-0.0266688
56.14,0.411789,0.451285,0.448772,-0.039496
56.145,0.410117,0.451231,0.448716,-0.0411135
56.15,0.403263,0.451176,0.448659,-0.047913
56.155,0.403139,0.451121,0.448602,-0.0479829
56.16,0.413275,0.451067,0.448546,-0.0377917
56.165,0.422192,0.451012,0.448489,-0.0288204
56.17,0.420592,0.450958,0.448432,-0.0303656
56.175,0.432035,0.450904,0.448376,-0.0188682
56.18,0.430176,0.450849,0.448319,-0.0206733
56.185,0.435492,0.450795,0.448262,-0.0153025
56.19,0.437314,0.45074,0.448206,-0.0134265
56.195,0.441845,0.450686,0.448149,-0.00884083
56.2,0.44952,0.450632,0.448093,-0.00111236
56.205,0.442308,0.450578,0.448036,-0.00826942
56.21,0.433284,0.450523,0.44798,-0.017239
56.215,0.42928,0.450469,0.447923,-0.0211892
56.22,0.424563,0.450415,0.447867,-0.0258522
56.225,0.429802,0.450361,0.447811,-0.0205593
56.23,0.427319,0.450307,0.447754,-0.0229877
56.235,0.42347,0.450253,0.447698,-0.0267827
56.24,0.424855,0.450199,0.447642,-0.0253444
56.245,0.423428,0.450145,0.447585,-0.026717
56.25,0.416747,0.450091,0.447529,-0.033344
56.255,0.420993,0.450037,0.447473,-0.0290438
56.26,0.408495,0.449983,0.447416,-0.0414877
56.265,0.407158,0.449929,0.44736,-0.0427717
56.27,0.403111,0.449875,0.447304,-0.0467641
56.275,0.40344,0.449822,0.447248,-0.0463821
56.28,0.417483,0.449768,0.447192,-0.0322851
56.285,0.420271,0.449714,0.447136,-0.0294434
56.29,0.424235,0.44966,0.44708,-0.0254254
56.295,0.42818,0.449607,0.447023,-0.0214265
56.3,0.434994,0.449553,0.446967,-0.0145595
56.305,0.446041,0.449499,0.446911,-0.003458
56.31,0.449099,0.449446,0.446855,-0.000346829
56.315,0.460041,0.449392,0.446799,0.0106484
56.32,0.452585,0.449339,0.446743,0.00324658
56.325,0.450065,0.449285,0.446687,0.000779515
56.33,0.42785,0.449232,0.446631,-0.0213817
56.335,0.427495,0.449178,0.446576,-0.0216837
56.34,0.429321,0.449125,0.44652,-0.0198036
56.345,0.431293,0.449072,0.446464,-0.0177784
56.35,0.427315,0.449018,0.446408,-0.0217036
56.355,0.420689,0.448965,0.446352,-0.0282762
56.36,0.42169,0.448912,0.446296,-0.0272221
56.365,0.427376,0.448858,0.446241,-0.0214819
56.37,0.422739,0.448805,0.446185,-0.026066
56.375,0.416545,0.448752,0.446129,-0.0322069
56.38,0.413948,0.448699,0.446073,-0.0347512
56.385,0.407734,0.448646,0.446018,-0.040912
56.39,0.417542,0.448593,0.445962,-0.0310502
56.395,0.422263,0.448539,0.445906,-0.0262761
56.4,0.432375,0.448486,0.445851,-0.0161118
56.405,0.443379,0.448433,0.445795,-0.00505466
56.41,0.446133,0.44838,0.44574,-0.00224783
56.415,0.436148,0.448328,0.445684,-0.0121799
56.42,0.446596,0.448275,0.445628,-0.0016789
56.425,0.442734,0.448222,0.445573,-0.00548777
56.43,0.453569,0.448169,0.445517,0.00540009
56.435,0.452819,0.448116,0.445462,0.00470313
56.44,0.449729,0.448063,0.445407,0.00166598
56.445,0.452908,0.448011,0.445351,0.0048978
56.45,0.437709,0.447958,0.445296,-0.010249
56.455,0.436414,0.447905,0.44524,-0.0114914
56.46,0.429586,0.447852,0.445185,-0.0182662
56.465,0.432571,0.4478,0.44513,-0.0152288
56.47,0.441974,0.447747,0.445074,-0.00577373
56.475,0.443496,0.447695,0.445019,-0.0041991
56.48,0.438573,0.447642,0.444964,-0.00906879
56.485,0.438747,0.44759,0.444909,-0.00884247
56.49,0.440799,0.447537,0.444853,-0.00673864
56.495,0.445249,0.447485,0.444798,-0.0022362
56.5,0.447383,0.447432,0.444743,-4.93086e-05
56.505,0.44787,0.44738,0.444688,0.000489569
56.51,0.443689,0.447328,0.444633,-0.0036382
56.515,0.443171,0.447275,0.444578,-0.00410402
56.52,0.429677,0.447223,0.444522,-0.0175464
56.525,0.419482,0.447171,0.444467,-0.027689
56.53,0.422312,0.447119,0.444412,-0.0248065
56.535,0.439754,0.447066,0.444357,-0.00731238
56.54,0.437948,0.447014,0.444302,-0.00906623
56.545,0.430188,0.446962,0.444247,-0.016774
56.55,0.419498,0.44691,0.444192,-0.0274122
56.555,0.412748,0.446858,0.444137,-0.0341104
56.56,0.412578,0.446806,0.444083,-0.0342278
56.565,0.417621,0.446754,0.444028,-0.0291324
56.57,0.425989,0.446702,0.443973,-0.0207129
56.575,0.434693,0.44665,0.443918,-0.0119571
56.58,0.428611,0.446598,0.443863,-0.0179867
56.585,0.426633,0.446546,0.443808,-0.0199129
56.59,0.42215,0.446494,0.443754,-0.0243441
56.595,0.431545,0.446443,0.443699,-0.0148976
56.6,0.436764,0.446391,0.443644,-0.00962696
56.605,0.431522,0.446339,0.443589,-0.0148172
56.61,0.428378,0.446287,0.443535,-0.0179095
56.615,0.422208,0.446236,0.44348,-0.0240276
56.62,0.422393,0.446184,0.443425,-0.0237909
56.625,0.426252,0.446132,0.443371,-0.01988
56.63,0.439707,0.446081,0.443316,-0.00637383
56.635,0.449075,0.446029,0.443261,0.00304589
56.64,0.445202,0.445978,0.443207,-0.000776042
56.645,0.435713,0.445926,0.443152,-0.0102129
56.65,0.417865,0.445875,0.443098,-0.0280101
56.655,0.40821,0.445823,0.443043,-0.0376135
56.66,0.410027,0.445772,0.442989,-0.0357452
56.665,0.419076,0.445721,0.442934,-0.0266448
56.67,0.414983,0.445669,0.44288,-0.0306865
56.675,0.410666,0.445618,0.442826,-0.0349522
56.68,0.406179,0.445567,0.442771,-0.0393875
56.685,0.420545,0.445516,0.442717,-0.0249706
56.69,0.433719,0.445464,0.442662,-0.0117457
56.695,0.431879,0.445413,0.442608,-0.0135338
56.7,0.426475,0.445362,0.442554,-0.0188867
56.705,0.419478,0.445311,0.4425,-0.0258335
56.71,0.419419,0.44526,0.442445,-0.0258405
56.715,0.417982,0.445209,0.442391,-0.0272269
56.72,0.425121,0.445158,0.442337,-0.0200374
56.725,0.437427,0.445107,0.442283,-0.00767982
56.73,0.441984,0.445056,0.442229,-0.00307178
56.735,0.438958,0.445005,0.442174,-0.00604714
56.74,0.435035,0.444954,0.44212,-0.00991918
56.745,0.438438,0.444903,0.442066,-0.00646574
56.75,0.432133,0.444853,0.442012,-0.0127192
56.755,0.426016,0.444802,0.441958,-0.0187857
56.76,0.424633,0.444751,0.441904,-0.0201185
56.765,0.420766,0.4447,0.44185,-0.0239347
56.77,0.435757,0.44465,0.441796,-0.00889302
56.775,0.445173,0.444599,0.441742,0.00057378
56.78,0.445536,0.444548,0.441688,0.000987067
56.785,0.434764,0.444498,0.441634,-0.00973364
56.79,0.430139,0.444447,0.44158,-0.0143081
56.795,0.418539,0.444397,0.441526,-0.0258578
56.8,0.421275,0.444346,0.441472,-0.0230711
56.805,0.416946,0.444296,0.441419,-0.02735
56.81,0.41043,0.444246,0.441365,-0.033816
56.815,0.418482,0.444195,0.441311,-0.025713
56.82,0.422696,0.444145,0.441257,-0.0214492
56.825,0.430578,0.444095,0.441203,-0.0135165
56.83,0.42539,0.444044,0.44115,-0.018654
56.835,0.426089,0.443994,0.441096,-0.0179049
56.84,0.430844,0.443944,0.441042,-0.0131001
56.845,0.431962,0.443894,0.440989,-0.0119312
56.85,0.436726,0.443844,0.440935,-0.00711727
56.855,0.439307,0.443793,0.440881,-0.00448626
56.86,0.441288,0.443743,0.440828,-0.00245569
56.865,0.4498,0.443693,0.440774,0.00610659
56.87,0.445165,0.443643,0.440721,0.00152218
56.875,0.448629,0.443593,0.440667,0.00503542
56.88,0.441905,0.443543,0.440614,-0.00163795
56.885,0.427975,0.443493,0.44056,-0.015519
56.89,0.418456,0.443444,0.440507,-0.0249871
56.895,0.423624,0.443394,0.440453,-0.0197695
56.9,0.434036,0.443344,0.4404,-0.00930819
56.905,0.444963,0.443294,0.440346,0.0016691
56.91,0.447724,0.443244,0.440293,0.00447909
56.915,0.443153,0.443195,0.44024,-4.14415e-05
56.92,0.441929,0.443145,0.440186,-0.00121581
56.925,0.438106,0.443095,0.440133,-0.00498911
56.93,0.423823,0.443046,0.44008,-0.0192227
56.935,0.422927,0.442996,0.440026,-0.0200697
56.94,0.40653,0.442947,0.439973,-0.0364171
56.945,0.409197,0.442897,0.43992,-0.0337002
56.95,0.407641,0.442848,0.439867,-0.0352073
56.955,0.424333,0.442798,0.439813,-0.0184657
56.96,0.429642,0.442749,0.43976,-0.0131068
56.965,0.435088,0.4427,0.439707,-0.00761199
56.97,0.423805,0.44265,0.439654,-0.0188456
56.975,0.419414,0.442601,0.439601,-0.0231866
56.98,0.417454,0.442552,0.439548,-0.0250979
56.985,0.424779,0.442502,0.439495,-0.0177239
56.99,0.429859,0.442453,0.439442,-0.0125944
56.995,0.440203,0.442404,0.439389,-0.00220087
57,0.433402,0.442355,0.439336,-0.008953
57.005,0.429411,0.442306,0.439283,-0.0128951
57.01,0.419011,0.442257,0.43923,-0.0232464
57.015,0.417048,0.442208,0.439177,-0.0251597
57.02,0.41603,0.442159,0.439124,-0.0261292
57.025,0.427423,0.44211,0.439071,-0.0146869
57.03,0.430574,0.442061,0.439018,-0.0114868
57.035,0.440416,0.442012,0.438965,-0.00159585
57.04,0.445129,0.441963,0.438912,0.00316583
57.045,0.445327,0.441914,0.43886,0.00341259
57.05,0.441594,0.441866,0.438807,-0.000271503
57.055,0.426878,0.441817,0.438754,-0.0149388
57.06,0.419502,0.441768,0.438701,-0.0222662
57.065,0.414059,0.44172,0.438649,-0.0276607
57.07,0.421729,0.441671,0.438596,-0.0199422
57.075,0.431608,0.441622,0.438543,-0.0100146
57.08,0.433019,0.441574,0.438491,-0.00855526
57.085,0.433168,0.441525,0.438438,-0.00835716
57.09,0.423611,0.441477,0.438385,-0.0178653
57.095,0.416932,0.441428,0.438333,-0.024496
57.1,0.410392,0.44138,0.43828,-0.0309878
57.105,0.415371,0.441332,0.438228,-0.0259608
57.11,0.435084,0.441283,0.438175,-0.0061993
57.115,0.45514,0.441235,0.438123,0.0139049
57.12,0.458838,0.441187,0.43807,0.0176514
57.125,0.450262,0.441138,0.438018,0.00912375
57.13,0.433169,0.44109,0.437965,-0.00792151
57.135,0.424442,0.441042,0.437913,-0.0166002
57.14,0.439569,0.440994,0.437861,-0.00142499
57.145,0.439059,0.440946,0.437808,-0.00188697
57.15,0.436372,0.440898,0.437756,-0.00452563
57.155,0.42534,0.44085,0.437703,-0.0155097
57.16,0.421088,0.440802,0.437651,-0.0197135
57.165,0.424686,0.440754,0.437599,-0.016068
57.17,0.427781,0.440706,0.437547,-0.0129251
57.175,0.435046,0.440658,0.437494,-0.00561188
57.18,0.443524,0.44061,0.437442,0.00291407
57.185,0.444993,0.440562,0.43739,0.00443112
57.19,0.432304,0.440514,0.437338,-0.0082104
57.195,0.423993,0.440467,0.437286,-0.0164738
57.2,0.424401,0.440419,0.437233,-0.0160181
57.205,0.425858,0.440371,0.437181,-0.014513
57.21,0.428273,0.440324,0.437129,-0.0120503
57.215,0.428635,0.440276,0.437077,-0.0116411
57.22,0.447036,0.440228,0.437025,0.00680721
57.225,0.463301,0.440181,0.436973,0.0231205
57.23,0.464929,0.440133,0.436921,0.0247959
57.235,0.452717,0.440086,0.436869,0.0126311
57.24,0.442995,0.440039,0.436817,0.00295638
57.245,0.438066,0.439991,0.436765,-0.00192474
57.25,0.44693,0.439944,0.436713,0.00698599
57.255,0.438224,0.439897,0.436661,-0.00167254
57.26,0.449754,0.439849,0.436609,0.00990494
57.265,0.448337,0.439802,0.436558,0.00853469
57.27,0.451937,0.439755,0.436506,0.0121823
57.275,0.445538,0.439708,0.436454,0.00583011
57.28,0.438335,0.43966,0.436402,-0.00132476
57.285,0.432726,0.439613,0.43635,-0.00688709
57.29,0.433914,0.439566,0.436299,-0.00565192
57.295,0.42961,0.439519,0.436247,-0.00990929
57.3,0.431043,0.439472,0.436195,-0.00842875
57.305,0.431313,0.439425,0.436143,-0.00811212
57.31,0.424155,0.439378,0.436092,-0.0152233
57.315,0.418902,0.439331,0.43604,-0.0204293
57.32,0.410845,0.439284,0.435989,-0.0284398
57.325,0.410562,0.439238,0.435937,-0.0286755
57.33,0.424398,0.439191,0.435885,-0.0147931
57.335,0.426236,0.439144,0.435834,-0.0129079
57.34,0.426516,0.439098,0.435782,-0.0125812
57.345,0.427599,0.439051,0.435731,-0.0114522
57.35,0.433558,0.439004,0.435679,-0.00544593
57.355,0.446918,0.438958,0.435628,0.00796005
57.36,0.45321,0.438911,0.435576,0.0142984
57.365,0.451482,0.438865,0.435525,0.0126176
57.37,0.437851,0.438818,0.435473,-0.000967078
57.375,0.43518,0.438772,0.435422,-0.00359169
57.38,0.427408,0.438726,0.435371,-0.0113174
57.385,0.424834,0.438679,0.435319,-0.0138453
57.39,0.424646,0.438633,0.435268,-0.0139873
57.395,0.417381,0.438587,0.435217,-0.0212053
57.4,0.417992,0.43854,0.435165,-0.020548
57.405,0.41155,0.438494,0.435114,-0.026944
57.41,0.399788,0.438448,0.435063,-0.0386603
57.415,0.406133,0.438402,0.435012,-0.0322688
57.42,0.402964,0.438356,0.43496,-0.0353923
57.425,0.411753,0.43831,0.434909,-0.0265574
57.43,0.41479,0.438264,0.434858,-0.0234741
57.435,0.419136,0.438218,0.434807,-0.0190823
57.44,0.425614,0.438172,0.434756,-0.0125578
57.445,0.421963,0.438126,0.434705,-0.016163
57.45,0.420745,0.43808,0.434654,-0.0173358
57.455,0.427407,0.438035,0.434603,-0.0106275
57.46,0.432927,0.437989,0.434552,-0.00506186
57.465,0.430875,0.437943,0.434501,-0.00706769
57.47,0.416875,0.437897,0.43445,-0.0210226
57.475,0.415714,0.437852,0.434399,-0.0221374
57.48,0.417963,0.437806,0.434348,-0.0198433
57.485,0.42173,0.437761,0.434297,-0.0160306
57.49,0.415262,0.437715,0.434246,-0.0224527
57.495,0.41599,0.43767,0.434195,-0.0216796
57.5,0.421444,0.437624,0.434144,-0.0161805
57.505,0.425274,0.437579,0.434093,-0.0123053
57.51,0.422965,0.437533,0.434042,-0.0145682
57.515,0.399791,0.437488,0.433992,-0.0376975
57.52,0.407597,0.437443,0.433941,-0.0298464
57.525,0.416509,0.437398,0.43389,-0.0208891
57.53,0.427642,0.437352,0.433839,-0.00971088
57.535,0.426906,0.437307,0.433789,-0.0104012
57.54,0.415934,0.437262,0.433738,-0.0213279
57.545,0.412608,0.437217,0.433687,-0.0246089
57.55,0.4225,0.437172,0.433637,-0.0146717
57.555,0.420883,0.437127,0.433586,-0.0162446
57.56,0.417792,0.437082,0.433535,-0.0192897
57.565,0.413073,0.437037,0.433485,-0.0239638
57.57,0.400626,0.436992,0.433434,-0.0363666
57.575,0.398907,0.436948,0.433384,-0.0380409
57.58,0.399706,0.436903,0.433333,-0.0371971
57.585,0.411823,0.436858,0.433283,-0.025035
57.59,0.417575,0.436813,0.433232,-0.0192381
57.595,0.427191,0.436769,0.433182,-0.00957756
57.6,0.430483,0.436724,0.433131,-0.00624113
57.605,0.428124,0.436679,0.433081,-0.00855571
57.61,0.42544,0.436635,0.43303,-0.0111948
57.615,0.409221,0.43659,0.43298,-0.0273697
57.62,0.417281,0.436546,0.43293,-0.0192649
57.625,0.423507,0.436501,0.432879,-0.0129948
57.63,0.425299,0.436457,0.432829,-0.0111586
57.635,0.41701,0.436413,0.432779,-0.0194026
57.64,0.411286,0.436368,0.432728,-0.025082
57.645,0.405935,0.436324,0.432678,-0.0303891
57.65,0.416473,0.43628,0.432628,-0.0198074
57.655,0.419272,0.436236,0.432578,-0.0169635
57.66,0.422234,0.436192,0.432528,-0.0139578
57.665,0.421733,0.436148,0.432477,-0.0144147
57.67,0.438496,0.436104,0.432427,0.00239203
57.675,0.446474,0.43606,0.432377,0.010415
57.68,0.446718,0.436016,0.432327,0.0107028
57.685,0.435326,0.435972,0.432277,-0.000645535
57.69,0.408471,0.435928,0.432227,-0.0274569
57.695,0.404917,0.435884,0.432177,-0.0309667
57.7,0.400662,0.43584,0.432127,-0.0351785
57.705,0.404766,0.435796,0.432077,-0.0310302
57.71,0.412924,0.435753,0.432027,-0.0228285
57.715,0.412719,0.435709,0.431977,-0.0229905
57.72,0.418331,0.435665,0.431927,-0.0173339
57.725,0.417862,0.435622,0.431877,-0.0177602
57.73,0.417473,0.435578,0.431827,-0.0181051
57.735,0.40962,0.435535,0.431777,-0.0259147
57.74,0.406623,0.435491,0.431727,-0.0288679
57.745,0.405751,0.435448,0.431677,-0.0296974
57.75,0.417921,0.435405,0.431628,-0.0174839
57.755,0.424564,0.435361,0.431578,-0.0107977
57.76,0.431392,0.435318,0.431528,-0.00392575
57.765,0.424001,0.435275,0.431478,-0.0112734
57.77,0.41443,0.435232,0.431429,-0.0208017
57.775,0.399342,0.435189,0.431379,-0.0358465
57.78,0.400341,0.435145,0.431329,-0.0348043
57.785,0.410305,0.435102,0.431279,-0.0247976
57.79,0.426242,0.435059,0.43123,-0.00881769
57.795,0.422805,0.435016,0.43118,-0.012211
57.8,0.423314,0.434974,0.431131,-0.0116597
57.805,0.428896,0.434931,0.431081,-0.00603417
57.81,0.433305,0.434888,0.431031,-0.00158317
57.815,0.435222,0.434845,0.430982,0.000376555
57.82,0.430196,0.434802,0.430932,-0.00460587
57.825,0.418541,0.43476,0.430883,-0.0162184
57.83,0.421228,0.434717,0.430833,-0.0134888
57.835,0.41359,0.434674,0.430784,-0.0210847
57.84,0.414078,0.434632,0.430734,-0.0205542
57.845,0.421745,0.434589,0.430685,-0.0128439
57.85,0.421274,0.434547,0.430636,-0.0132723
57.855,0.417659,0.434504,0.430586,-0.0168458
57.86,0.42843,0.434462,0.430537,-0.00603194
57.865,0.422828,0.43442,0.430488,-0.0115919
57.87,0.427887,0.434377,0.430438,-0.0064901
57.875,0.410926,0.434335,0.430389,-0.0234091
57.88,0.403931,0.434293,0.43034,-0.030362
57.885,0.3938,0.434251,0.43029,-0.0404509
57.89,0.388749,0.434209,0.430241,-0.0454602
57.895,0.394346,0.434167,0.430192,-0.0398207
57.9,0.403522,0.434125,0.430143,-0.0306029
57.905,0.421833,0.434083,0.430094,-0.0122493
57.91,0.425723,0.434041,0.430044,-0.00831775
57.915,0.428207,0.433999,0.429995,-0.00579207
57.92,0.426808,0.433957,0.429946,-0.00714911
57.925,0.425179,0.433915,0.429897,-0.00873656
57.93,0.429505,0.433874,0.429848,-0.00436853
57.935,0.425208,0.433832,0.429799,-0.00862433
57.94,0.415501,0.43379,0.42975,-0.0182898
57.945,0.413665,0.433749,0.429701,-0.020084
57.95,0.408079,0.433707,0.429652,-0.0256281
57.955,0.407334,0.433666,0.429603,-0.0263315
57.96,0.402748,0.433624,0.429554,-0.0308768
57.965,0.396883,0.433583,0.429505,-0.0367001
57.97,0.396526,0.433542,0.429456,-0.0370156
57.975,0.39281,0.4335,0.429407,-0.0406902
57.98,0.391953,0.433459,0.429358,-0.0415056
57.985,0.392041,0.433418,0.42931,-0.041377
57.99,0.400933,0.433377,0.429261,-0.0324435
57.995,0.405431,0.433336,0.429212,-0.0279048
58,0.403731,0.433295,0.429163,-0.0295636
58.005,0.399836,0.433254,0.429114,-0.0334176
58.01,0.397174,0.433213,0.429066,-0.0360385
58.015,0.39513,0.433172,0.429017,-0.0380414
58.02,0.392342,0.433131,0.428968,-0.0407886
58.025,0.3887,0.43309,0.42892,-0.0443897
58.03,0.393605,0.433049,0.428871,-0.0394448
58.035,0.399766,0.433009,0.428822,-0.0332431
58.04,0.402031,0.432968,0.428774,-0.0309367
58.045,0.412787,0.432927,0.428725,-0.0201402
58.05,0.419097,0.432887,0.428676,-0.0137897
58.055,0.421953,0.432846,0.428628,-0.0108928
58.06,0.416409,0.432806,0.428579,-0.0163971
58.065,0.407099,0.432765,0.428531,-0.0256665
58.07,0.415101,0.432725,0.428482,-0.0176244
58.075,0.422993,0.432685,0.428434,-0.00969193
58.08,0.415785,0.432645,0.428385,-0.0168591
58.085,0.420183,0.432604,0.428337,-0.0124217
58.09,0.41253,0.432564,0.428289,-0.0200341
58.095,0.410777,0.432524,0.42824,-0.0217468
58.1,0.406832,0.432484,0.428192,-0.0256525
58.105,0.410722,0.432444,0.428143,-0.0217222
58.11,0.425286,0.432404,0.428095,-0.00711848
58.115,0.430792,0.432364,0.428047,-0.0015721
58.12,0.430204,0.432324,0.427998,-0.0021203
58.125,0.419868,0.432285,0.42795,-0.0124166
58.13,0.418286,0.432245,0.427902,-0.0139586
58.135,0.413992,0.432205,0.427854,-0.0182132
58.14,0.412369,0.432166,0.427805,-0.0197967
58.145,0.416647,0.432126,0.427757,-0.0154789
58.15,0.418138,0.432086,0.427709,-0.0139485
58.155,0.430906,0.432047,0.427661,-0.00114107
58.16,0.43963,0.432008,0.427613,0.00762287
58.165,0.434902,0.431968,0.427565,0.00293423
58.17,0.439069,0.431929,0.427517,0.00714043
58.175,0.440692,0.43189,0.427469,0.00880201
58.18,0.440783,0.43185,0.42742,0.00893264
58.185,0.439506,0.431811,0.427372,0.00769494
58.19,0.423423,0.431772,0.427324,-0.00834946
58.195,0.425901,0.431733,0.427276,-0.00583182
58.2,0.430024,0.431694,0.427229,-0.00167061
58.205,0.421136,0.431655,0.427181,-0.0105189
58.21,0.422056,0.431616,0.427133,-0.00956009
58.215,0.414459,0.431578,0.427085,-0.0171186
58.22,0.420676,0.431539,0.427037,-0.010863
58.225,0.417978,0.4315,0.426989,-0.0135223
58.23,0.404294,0.431461,0.426941,-0.0271676
58.235,0.409171,0.431423,0.426893,-0.022252
58.24,0.421327,0.431384,0.426845,-0.0100573
58.245,0.432998,0.431346,0.426798,0.00165189
58.25,0.437055,0.431307,0.42675,0.00574748
58.255,0.428096,0.431269,0.426702,-0.00317306
58.26,0.417729,0.431231,0.426654,-0.0135019
58.265,0.416961,0.431192,0.426607,-0.0142318
58.27,0.419642,0.431154,0.426559,-0.0115122
58.275,0.419635,0.431116,0.426511,-0.0114809
58.28,0.40696,0.431078,0.426464,-0.0241185
58.285,0.400326,0.43104,0.426416,-0.0307141
58.29,0.397282,0.431002,0.426369,-0.0337197
58.295,0.404535,0.430964,0.426321,-0.0264291
58.3,0.409042,0.430926,0.426273,-0.0218845
58.305,0.40243,0.430888,0.426226,-0.028458
58.31,0.408177,0.430851,0.426178,-0.022674
58.315,0.41204,0.430813,0.426131,-0.0187728
58.32,0.40833,0.430775,0.426083,-0.022445
58.325,0.40374,0.430738,0.426036,-0.0269982
58.33,0.395913,0.4307,0.425988,-0.0347878
58.335,0.406413,0.430663,0.425941,-0.0242496
58.34,0.408185,0.430625,0.425894,-0.0224406
58.345,0.418235,0.430588,0.425846,-0.012353
58.35,0.416291,0.430551,0.425799,-0.0142596
58.355,0.414449,0.430514,0.425752,-0.016065
58.36,0.400752,0.430476,0.425704,-0.0297247
58.365,0.393706,0.430439,0.425657,-0.0367338
58.37,0.395034,0.430402,0.42561,-0.0353688
58.375,0.409933,0.430365,0.425562,-0.0204322
58.38,0.420983,0.430328,0.425515,-0.00934535
58.385,0.429086,0.430292,0.425468,-0.00120586
58.39,0.437551,0.430255,0.425421,0.00729587
58.395,0.43757,0.430218,0.425374,0.0073517
58.4,0.433416,0.430181,0.425326,0.00323423
58.405,0.419006,0.430145,0.425279,-0.011139
58.41,0.409259,0.430108,0.425232,-0.020849
58.415,0.404709,0.430072,0.425185,-0.0253631
58.42,0.407581,0.430035,0.425138,-0.0224544
58.425,0.396724,0.429999,0.425091,-0.0332751
58.43,0.389499,0.429963,0.425044,-0.040464
58.435,0.385857,0.429927,0.424997,-0.0440691
58.44,0.389896,0.42989,0.42495,-0.0399944
58.445,0.397657,0.429854,0.424903,-0.0321976
58.45,0.404578,0.429818,0.424856,-0.02524
58.455,0.411136,0.429782,0.424809,-0.0186464
58.46,0.41123,0.429746,0.424762,-0.0185166
58.465,0.407044,0.42971,0.424715,-0.0226665
58.47,0.412368,0.429675,0.424668,-0.0173064
58.475,0.407097,0.429639,0.424621,-0.0225418
58.48,0.405824,0.429603,0.424575,-0.0237793
58.485,0.397766,0.429568,0.424528,-0.0318014
58.49,0.404368,0.429532,0.424481,-0.0251643
58.495,0.408745,0.429497,0.424434,-0.0207523
58.5,0.415705,0.429461,0.424387,-0.0137565
58.505,0.413258,0.429426,0.424341,-0.0161684
58.51,0.399403,0.429391,0.424294,-0.0299882
58.515,0.405848,0.429356,0.424247,-0.023508
58.52,0.402909,0.429321,0.4242,-0.0264112
58.525,0.402856,0.429285,0.424154,-0.0264297
58.53,0.395768,0.42925,0.424107,-0.0334823
58.535,0.38657,0.429216,0.424061,-0.0426458
58.54,0.398965,0.429181,0.424014,-0.030216
58.545,0.431655,0.429146,0.423967,0.00250902
58.55,0.453704,0.429111,0.423921,0.0245926
58.555,0.45218,0.429077,0.423874,0.0231039
58.56,0.436585,0.429042,0.423828,0.00754336
58.565,0.420481,0.429007,0.423781,-0.00852651
58.57,0.414001,0.428973,0.423735,-0.0149723
58.575,0.412479,0.428939,0.423688,-0.0164594
58.58,0.398579,0.428904,0.423642,-0.0303252
58.585,0.4005,0.42887,0.423595,-0.0283706
58.59,0.403487,0.428836,0.423549,-0.025349
58.595,0.403833,0.428802,0.423503,-0.024969
58.6,0.412659,0.428768,0.423456,-0.0161091
58.605,0.40813,0.428734,0.42341,-0.0206041
58.61,0.414775,0.4287,0.423364,-0.0139246
58.615,0.415832,0.428666,0.423317,-0.0128347
58.62,0.40862,0.428632,0.423271,-0.0200125
58.625,0.397563,0.428599,0.423225,-0.0310357
58.63,0.386997,0.428565,0.423179,-0.0415679
58.635,0.391636,0.428532,0.423132,-0.0368953
58.64,0.400435,0.428498,0.423086,-0.0280628
58.645,0.410443,0.428465,0.42304,-0.0180221
58.65,0.413182,0.428432,0.422994,-0.0152492
58.655,0.421709,0.428398,0.422948,-0.00668929
58.66,0.426969,0.428365,0.422902,-0.00139675
58.665,0.431114,0.428332,0.422855,0.00278213
58.67,0.42893,0.428299,0.422809,0.00063064
58.675,0.426985,0.428266,0.422763,-0.00128159
58.68,0.425265,0.428233,0.422717,-0.00296847
58.685,0.416381,0.428201,0.422671,-0.0118197
58.69,0.41685,0.428168,0.422625,-0.0113181
58.695,0.413019,0.428135,0.422579,-0.0151164
58.7,0.419832,0.428103,0.422533,-0.0082709
58.705,0.422242,0.42807,0.422487,-0.00582818
58.71,0.416838,0.428038,0.422441,-0.0112
58.715,0.418146,0.428006,0.422395,-0.00985917
58.72,0.419888,0.427973,0.42235,-0.00808588
58.725,0.415666,0.427941,0.422304,-0.012275
58.73,0.413963,0.427909,0.422258,-0.0139464
58.735,0.403144,0.427877,0.422212,-0.0247327
58.74,0.399286,0.427845,0.422166,-0.0285589
58.745,0.403939,0.427813,0.42212,-0.0238741
58.75,0.399723,0.427782,0.422075,-0.0280591
58.755,0.409376,0.42775,0.422029,-0.0183742
58.76,0.415476,0.427718,0.421983,-0.0122422
58.765,0.417601,0.427687,0.421937,-0.0100857
58.77,0.423872,0.427655,0.421892,-0.00378392
58.775,0.423886,0.427624,0.421846,-0.00373833
58.78,0.436551,0.427593,0.4218,0.00895806
58.785,0.43732,0.427562,0.421755,0.00975861
58.79,0.420452,0.427531,0.421709,-0.00707853
58.795,0.412798,0.4275,0.421664,-0.014702
58.8,0.409624,0.427469,0.421618,-0.0178448
58.805,0.418285,0.427438,0.421572,-0.00915313
58.81,0.414693,0.427407,0.421527,-0.0127141
58.815,0.399987,0.427376,0.421481,-0.0273893
58.82,0.411191,0.427346,0.421436,-0.0161542
58.825,0.429362,0.427315,0.42139,0.00204727
58.83,0.433812,0.427285,0.421345,0.0065272
58.835,0.433307,0.427254,0.4213,0.00605248
58.84,0.41482,0.427224,0.421254,-0.0124045
58.845,0.413596,0.427194,0.421209,-0.0135975
58.85,0.414394,0.427164,0.421163,-0.0127702
58.855,0.410805,0.427134,0.421118,-0.0163292
58.86,0.407754,0.427104,0.421073,-0.0193504
58.865,0.400384,0.427074,0.421027,-0.0266902
58.87,0.381183,0.427044,0.420982,-0.0458617
58.875,0.384328,0.427015,0.420937,-0.042687
58.88,0.390098,0.426985,0.420891,-0.036887
58.885,0.400722,0.426956,0.420846,-0.0262333
58.89,0.41518,0.426926,0.420801,-0.0117465
58.895,0.416418,0.426897,0.420756,-0.0104795
58.9,0.435174,0.426864,0.420711,0.00830955
58.905,0.428247,0.426835,0.420665,0.00141177
58.91,0.435453,0.426806,0.42062,0.00864719
58.915,0.427701,0.426777,0.420575,0.000923847
58.92,0.415062,0.426749,0.42053,-0.0116865
58.925,0.414874,0.42672,0.420485,-0.0118461
58.93,0.404421,0.426691,0.42044,-0.0222699
58.935,0.406003,0.426663,0.420395,-0.02066
58.94,0.39218,0.426634,0.42035,-0.0344544
58.945,0.384896,0.426606,0.420305,-0.0417098
58.95,0.389044,0.426578,0.42026,-0.037533
58.955,0.403089,0.426549,0.420215,-0.0234604
58.96,0.408899,0.426521,0.42017,-0.0176226
58.965,0.420699,0.426493,0.420125,-0.00579407
58.97,0.416185,0.426465,0.42008,-0.0102804
58.975,0.418322,0.426438,0.420035,-0.00811605
58.98,0.424129,0.42641,0.41999,-0.00228071
58.985,0.430559,0.426382,0.419946,0.00417616
58.99,0.436936,0.426355,0.419901,0.0105807
58.995,0.436468,0.426328,0.419856,0.0101408
59,0.429845,0.4263,0.419811,0.00354453
59.005,0.436353,0.426273,0.419766,0.0100801
59.01,0.428725,0.426246,0.419722,0.00247877
59.015,0.420736,0.426219,0.419677,-0.0054826
59.02,0.402779,0.426192,0.419632,-0.0234135
59.025,0.387099,0.426165,0.419587,-0.0390664
59.03,0.384705,0.426139,0.419543,-0.0414336
59.035,0.393774,0.426112,0.419498,-0.0323378
59.04,0.398278,0.426086,0.419453,-0.0278073
59.045,0.392724,0.426059,0.419409,-0.0333351
59.05,0.394237,0.426033,0.419364,-0.0317962
59.055,0.408025,0.426007,0.41932,-0.0179821
59.06,0.419286,0.425981,0.419275,-0.00669515
59.065,0.419407,0.425955,0.419231,-0.00654797
59.07,0.417728,0.425929,0.419186,-0.00820126
59.075,0.407855,0.425903,0.419141,-0.0180485
59.08,0.417237,0.425878,0.419097,-0.00864032
59.085,0.418686,0.425852,0.419053,-0.0071665
59.09,0.425477,0.425827,0.419008,-0.000349566
59.095,0.440443,0.425801,0.418964,0.014642
59.1,0.435443,0.425776,0.418919,0.00966713
59.105,0.432419,0.425751,0.418875,0.00666753
59.11,0.422491,0.425726,0.41883,-0.00323551
59.115,0.404626,0.425701,0.418786,-0.0210757
59.12,0.405502,0.425677,0.418742,-0.0201742
59.125,0.40628,0.425652,0.418697,-0.0193715
59.13,0.432472,0.425627,0.418653,0.00684453
59.135,0.437691,0.425603,0.418609,0.0120878
59.14,0.433391,0.425579,0.418565,0.00781175
59.145,0.42901,0.425555,0.41852,0.00345576
59.15,0.412947,0.425531,0.418476,-0.0125833
59.155,0.409433,0.425507,0.418432,-0.0160737
59.16,0.410656,0.425483,0.418388,-0.0148263
59.165,0.414215,0.425459,0.418344,-0.0112446
59.17,0.427345,0.425436,0.4183,0.00190986
59.175,0.432464,0.425412,0.418255,0.00705207
59.18,0.422756,0.425389,0.418211,-0.00263258
59.185,0.425202,0.425366,0.418167,-0.00016302
59.19,0.416591,0.425342,0.418123,-0.00875147
59.195,0.425336,0.425319,0.418079,1.65448e-05
59.2,0.431731,0.425297,0.418035,0.00643433
59.205,0.423311,0.425274,0.417991,-0.00196321
59.21,0.422929,0.425251,0.417947,-0.00232252
59.215,0.404043,0.425229,0.417903,-0.0211858
59.22,0.40067,0.425206,0.417859,-0.0245361
59.225,0.395149,0.425184,0.417815,-0.0300348
59.23,0.394757,0.425162,0.417771,-0.0304049
59.235,0.409425,0.42514,0.417727,-0.0157149
59.24,0.435548,0.425118,0.417684,0.0104298
59.245,0.447155,0.425096,0.41764,0.0220588
59.25,0.458474,0.425075,0.417596,0.0333992
59.255,0.439474,0.425053,0.417552,0.0144209
59.26,0.422428,0.425032,0.417508,-0.0026037
59.265,0.409655,0.425011,0.417465,-0.0153554
59.27,0.407855,0.42499,0.417421,-0.0171351
59.275,0.427747,0.424969,0.417377,0.00277794
59.28,0.424572,0.424948,0.417333,-0.00037578
59.285,0.421222,0.424927,0.41729,-0.00370524
59.29,0.407612,0.424907,0.417246,-0.0172952
59.295,0.402904,0.424886,0.417202,-0.0219824
59.3,0.406462,0.424866,0.417159,-0.0184043
59.305,0.403538,0.424846,0.417115,-0.0213077
59.31,0.411004,0.424826,0.417071,-0.0138221
59.315,0.398654,0.424806,0.417028,-0.0261523
59.32,0.393463,0.424786,0.416984,-0.0313232
59.325,0.390994,0.424767,0.416941,-0.0337725
59.33,0.381077,0.424747,0.416897,-0.0436704
59.335,0.38159,0.424728,0.416854,-0.0431384
59.34,0.38439,0.424709,0.41681,-0.0403192
59.345,0.390641,0.42469,0.416767,-0.0340488
59.35,0.398921,0.424671,0.416723,-0.02575
59.355,0.394754,0.424652,0.41668,-0.0298981
59.36,0.387763,0.424634,0.416636,-0.036871
59.365,0.392086,0.424615,0.416593,-0.0325298
59.37,0.397459,0.424597,0.41655,-0.0271379
59.375,0.39439,0.424579,0.416506,-0.0301893
59.38,0.39527,0.424561,0.416463,-0.0292912
59.385,0.398228,0.424543,0.41642,-0.0263156
59.39,0.418814,0.424526,0.416376,-0.00571207
59.395,0.415078,0.424508,0.416333,-0.00942984
59.4,0.4149,0.424491,0.41629,-0.0095903
59.405,0.412441,0.424473,0.416246,-0.0120321
59.41,0.424201,0.424456,0.416203,-0.000254946
59.415,0.426118,0.42444,0.41616,0.00167817
59.42,0.425617,0.424423,0.416117,0.00119445
59.425,0.421589,0.424406,0.416074,-0.00281712
59.43,0.426248,0.42439,0.416031,0.00185845
59.435,0.438235,0.424374,0.415987,0.0138616
59.44,0.429202,0.424357,0.415944,0.0048445
59.445,0.424184,0.424341,0.415901,-0.000156995
59.45,0.417678,0.424326,0.415858,-0.00664817
59.455,0.419751,0.42431,0.415815,-0.0045592
59.46,0.425188,0.424295,0.415772,0.000892922
59.465,0.42066,0.424279,0.415729,-0.00361908
59.47,0.421051,0.424264,0.415686,-0.00321279
59.475,0.425543,0.424249,0.415643,0.00129387
59.48,0.419044,0.424235,0.4156,-0.00519036
59.485,0.419306,0.42422,0.415557,-0.00491413
59.49,0.412522,0.424205,0.415514,-0.011683
59.495,0.405907,0.424191,0.415471,-0.0182839
59.5,0.41166,0.424177,0.415428,-0.0125168
59.505,0.40696,0.424163,0.415386,-0.0172035
59.51,0.40844,0.424149,0.415343,-0.015709
59.515,0.406334,0.424136,0.4153,-0.0178021
59.52,0.402293,0.424122,0.415257,-0.0218297
59.525,0.412179,0.424109,0.415214,-0.0119306
59.53,0.421141,0.424096,0.415171,-0.00295486
59.535,0.431994,0.424083,0.415129,0.00791039
59.54,0.429485,0.424071,0.415086,0.00541473
59.545,0.424776,0.424058,0.415043,0.000718185
59.55,0.416881,0.424046,0.415001,-0.00716474
59.555,0.412721,0.424034,0.414958,-0.0113124
59.56,0.415559,0.424022,0.414915,-0.00846307
59.565,0.417252,0.42401,0.414873,-0.00675777
59.57,0.414963,0.423999,0.41483,-0.00903569
59.575,0.404649,0.423987,0.414787,-0.0193384
59.58,0.380418,0.423976,0.414745,-0.0435584
59.585,0.377532,0.423965,0.414702,-0.0464335
59.59,0.372482,0.423954,0.41466,-0.0514728
59.595,0.375201,0.423944,0.414617,-0.0487432
59.6,0.378574,0.423933,0.414575,-0.045359
59.605,0.368273,0.423923,0.414532,-0.0556502
59.61,0.368531,0.423913,0.41449,-0.0553828
59.615,0.372812,0.423904,0.414447,-0.0510916
59.62,0.381882,0.423894,0.414405,-0.0420121
59.625,0.399913,0.423885,0.414362,-0.0239718
59.63,0.406367,0.423875,0.41432,-0.0175087
59.635,0.423712,0.423867,0.414277,-0.000154699
59.64,0.435257,0.423858,0.414235,0.0113993
59.645,0.436954,0.423849,0.414193,0.0131051
59.65,0.425127,0.423841,0.41415,0.00128603
59.655,0.40446,0.423833,0.414108,-0.0193723
59.66,0.410848,0.423825,0.414066,-0.012977
59.665,0.427022,0.423817,0.414024,0.0032047
59.67,0.434804,0.42381,0.413981,0.0109938
59.675,0.431087,0.423803,0.413939,0.00728413
59.68,0.412911,0.423795,0.413897,-0.0108845
59.685,0.398247,0.423789,0.413855,-0.0255416
59.69,0.393184,0.423782,0.413812,-0.0305978
59.695,0.388592,0.423776,0.41377,-0.0351841
59.7,0.396853,0.42377,0.413728,-0.0269164
59.705,0.396449,0.423764,0.413686,-0.0273148
59.71,0.399812,0.423758,0.413644,-0.0239461
59.715,0.403534,0.423753,0.413602,-0.020219
59.72,0.410278,0.423747,0.41356,-0.0134699
59.725,0.426904,0.423742,0.413518,0.00316134
59.73,0.419069,0.423738,0.413476,-0.00466845
59.735,0.421537,0.423733,0.413434,-0.00219655
59.74,0.412502,0.423729,0.413392,-0.0112266
59.745,0.409462,0.423725,0.41335,-0.0142633
59.75,0.421229,0.423721,0.413308,-0.00249255
59.755,0.424377,0.423718,0.413266,0.000659718
59.76,0.43147,0.423714,0.413224,0.00775569
59.765,0.424246,0.423711,0.413182,0.000534734
59.77,0.418948,0.423709,0.41314,-0.00476069
59.775,0.42848,0.423706,0.413098,0.00477438
59.78,0.427738,0.423704,0.413056,0.00403403
59.785,0.435184,0.423702,0.413015,0.0114819
59.79,0.418673,0.4237,0.412973,-0.00502723
59.795,0.414912,0.423699,0.412931,-0.00878607
59.8,0.409783,0.423697,0.412889,-0.0139144
59.805,0.414259,0.423696,0.412847,-0.0094371
59.81,0.420454,0.423696,0.412806,-0.00324206
59.815,0.424545,0.423695,0.412764,0.000849449
59.82,0.418656,0.423695,0.412722,-0.0050392
59.825,0.407627,0.423695,0.412681,-0.0160676
59.83,0.404855,0.423695,0.412639,-0.0188404
59.835,0.400239,0.423696,0.412597,-0.0234566
59.84,0.418529,0.423697,0.412556,-0.00516773
59.845,0.412817,0.423698,0.412514,-0.010881
59.85,0.413952,0.4237,0.412472,-0.0097476
59.855,0.419539,0.423702,0.412431,-0.00416209
59.86,0.43932,0.423704,0.412389,0.0156167
59.865,0.441302,0.423706,0.412348,0.0175955
59.87,0.437438,0.423709,0.412306,0.0137292
59.875,0.42522,0.423712,0.412265,0.00150851
59.88,0.410496,0.423715,0.412223,-0.0132189
59.885,0.405479,0.423718,0.412182,-0.0182392
59.89,0.402306,0.423722,0.41214,-0.0214158
59.895,0.395029,0.423726,0.412099,-0.0286969
59.9,0.405076,0.423731,0.412057,-0.018655
59.905,0.40469,0.423736,0.412016,-0.0190459
59.91,0.402357,0.423741,0.411975,-0.0213834
59.915,0.418426,0.423746,0.411933,-0.00531997
59.92,0.42825,0.423752,0.411892,0.00449877
59.925,0.426789,0.423758,0.411851,0.00303085
59.93,0.434016,0.423764,0.411809,0.0102517
59.935,0.430536,0.423771,0.411768,0.00676571
59.94,0.42596,0.423778,0.411727,0.00218269
59.945,0.430832,0.423785,0.411686,0.00704669
59.95,0.416883,0.423793,0.411644,-0.00690916
59.955,0.420639,0.423801,0.411603,-0.00316105
59.96,0.416082,0.423809,0.411562,-0.00772712
59.965,0.409362,0.423817,0.411521,-0.0144554
59.97,0.410871,0.423826,0.41148,-0.0129554
59.975,0.414704,0.423836,0.411439,-0.00913149
59.98,0.422533,0.423845,0.411397,-0.00131277
59.985,0.422285,0.423855,0.411356,-0.00157053
59.99,0.420248,0.423866,0.411315,-0.00361823
59.995,0.410455,0.423877,0.411274,-0.0134217
60,0.402471,0.423888,0.411233,-0.0214163
60.005,0.396515,0.423899,0.411192,-0.0273839
60.01,0.400986,0.423911,0.411151,-0.0229254
60.015,0.398129,0.423923,0.41111,-0.0257939
60.02,0.394598,0.423936,0.411069,-0.0293375
60.025,0.394775,0.423949,0.411028,-0.029174
60.03,0.402638,0.423962,0.410987,-0.0213242
60.035,0.423555,0.423976,0.410946,-0.000420409
60.04,0.436161,0.42399,0.410905,0.0121709
60.045,0.432907,0.424004,0.410865,0.0089028
60.05,0.438067,0.424019,0.410824,0.0140476
60.055,0.425475,0.424034,0.410783,0.00144108
60.06,0.425494,0.42405,0.410742,0.00144455
60.065,0.41774,0.424066,0.410701,-0.00632622
60.07,0.4132,0.424082,0.41066,-0.0108821
60.075,0.413159,0.424099,0.41062,-0.0109399
60.08,0.409534,0.424116,0.410579,-0.014582
60.085,0.424838,0.424134,0.410538,0.000703772
60.09,0.427123,0.424152,0.410497,0.00297037
60.095,0.426994,0.424171,0.410457,0.00282353
60.1,0.423468,0.42419,0.410416,-0.000721103
60.105,0.423298,0.424209,0.410375,-0.0009113
60.11,0.42546,0.424229,0.410335,0.00123149
60.115,0.42234,0.424249,0.410294,-0.00190926
60.12,0.412593,0.42427,0.410253,-0.0116764
60.125,0.418488,0.424291,0.410213,-0.00580309
60.13,0.421091,0.424312,0.410172,-0.0032216
60.135,0.42671,0.424334,0.410132,0.00237518
60.14,0.431004,0.424357,0.410091,0.00664717
60.145,0.436619,0.42438,0.410051,0.0122389
60.15,0.449884,0.424403,0.41001,0.0254808
60.155,0.446834,0.424427,0.40997,0.0224066
60.16,0.449416,0.424451,0.409929,0.0249644
60.165,0.445347,0.424476,0.409889,0.0208709
60.17,0.444878,0.424501,0.409848,0.0203761
60.175,0.438573,0.424527,0.409808,0.0140455
60.18,0.43397,0.424553,0.409767,0.00941639
60.185,0.431326,0.42458,0.409727,0.00674619
60.19,0.429194,0.424608,0.409687,0.00458623
60.195,0.429143,0.424635,0.409646,0.00450817
60.2,0.420179,0.424664,0.409606,-0.00448442
60.205,0.415495,0.424692,0.409566,-0.00919721
60.21,0.407303,0.424722,0.409525,-0.0174191
60.215,0.408996,0.424751,0.409485,-0.0157551
60.22,0.405442,0.424782,0.409445,-0.0193397
60.225,0.407124,0.424813,0.409405,-0.0176889
60.23,0.416861,0.424844,0.409364,-0.0079827
60.235,0.417161,0.424876,0.409324,-0.00771556
60.24,0.423092,0.424909,0.409284,-0.00181702
60.245,0.416573,0.424942,0.409244,-0.00836843
60.25,0.412505,0.424975,0.409204,-0.0124703
60.255,0.411613,0.42501,0.409164,-0.0133967
60.26,0.410597,0.425044,0.409124,-0.0144472
60.265,0.413105,0.42508,0.409083,-0.0119745
60.27,0.406317,0.425116,0.409043,-0.0187989
60.275,0.412936,0.425152,0.409003,-0.0122157
60.28,0.417221,0.425189,0.408963,-0.00796848
60.285,0.418673,0.425227,0.408923,-0.00655344
60.29,0.414368,0.425265,0.408883,-0.0108968
60.295,0.392248,0.425304,0.408843,-0.0330557
60.3,0.395842,0.425344,0.408803,-0.0295018
60.305,0.399809,0.425384,0.408763,-0.0255748
60.31,0.426906,0.425424,0.408723,0.00148175
60.315,0.443872,0.425466,0.408683,0.0184063
60.32,0.445718,0.425508,0.408644,0.0202104
60.325,0.447246,0.425551,0.408604,0.0216959
60.33,0.4518,0.425594,0.408564,0.0262058
60.335,0.453494,0.425638,0.408524,0.0278558
60.34,0.462937,0.425683,0.408484,0.037254
60.345,0.454926,0.425728,0.408444,0.029198
60.35,0.45659,0.425774,0.408405,0.0308156
60.355,0.448233,0.425821,0.408365,0.0224119
60.36,0.43693,0.425868,0.408325,0.0110617
60.365,0.444852,0.425916,0.408285,0.0189359
60.37,0.453794,0.425965,0.408246,0.0278295
60.375,0.45305,0.426014,0.408206,0.027036
60.38,0.446116,0.426065,0.408166,0.020051
60.385,0.426647,0.426116,0.408126,0.00053157
60.39,0.42224,0.426167,0.408087,-0.00392686
60.395,0.430953,0.42622,0.408047,0.00473353
60.4,0.431291,0.426273,0.408008,0.00501778
60.405,0.44088,0.426327,0.407968,0.014553
60.41,0.43827,0.426382,0.407928,0.011888
60.415,0.430919,0.426437,0.407889,0.00448203
60.42,0.439324,0.426493,0.407849,0.0128304
60.425,0.430834,0.42655,0.40781,0.00428368
60.43,0.425709,0.426608,0.40777,-0.00089971
60.435,0.418574,0.426667,0.407731,-0.00809283
60.44,0.417839,0.426726,0.407691,-0.00888703
60.445,0.419761,0.426787,0.407652,-0.00702602
60.45,0.424513,0.426848,0.407612,-0.00233486
60.455,0.41976,0.42691,0.407573,-0.00715035
60.46,0.429124,0.426973,0.407534,0.0021514
60.465,0.429101,0.427037,0.407494,0.00206404
60.47,0.427112,0.427101,0.407455,1.08504e-05
60.475,0.427141,0.427167,0.407415,-2.58127e-05
60.48,0.441927,0.427233,0.407376,0.0146941
60.485,0.447917,0.4273,0.407337,0.0206169
60.49,0.4479,0.427368,0.407297,0.0205313
60.495,0.442697,0.427437,0.407258,0.0152591
60.5,0.428268,0.427507,0.407219,0.000760706
60.505,0.422519,0.427578,0.40718,-0.00505989
60.51,0.425588,0.42765,0.40714,-0.00206249
60.515,0.433678,0.427723,0.407101,0.00595431
60.52,0.441457,0.427797,0.407062,0.0136596
60.525,0.431009,0.427872,0.407023,0.00313749
60.53,0.41508,0.427948,0.406984,-0.012868
60.535,0.403032,0.428025,0.406944,-0.0249925
60.54,0.410978,0.428102,0.406905,-0.0171239
60.545,0.423455,0.428181,0.406866,-0.00472633
60.55,0.427658,0.428261,0.406827,-0.000602668
60.555,0.428606,0.428342,0.406788,0.000264103
60.56,0.426909,0.428424,0.406749,-0.00151537
60.565,0.42179,0.428507,0.40671,-0.00671725
60.57,0.429504,0.428591,0.406671,0.000912775
60.575,0.446393,0.428677,0.406632,0.0177159
60.58,0.443,0.428763,0.406593,0.0142367
60.585,0.445771,0.428851,0.406554,0.0169199
60.59,0.439475,0.428939,0.406515,0.0105362
60.595,0.438199,0.429029,0.406476,0.00917019
60.6,0.440793,0.42912,0.406437,0.0116727
60.605,0.434471,0.429212,0.406398,0.00525875
60.61,0.428538,0.429306,0.406359,-0.000767801
60.615,0.42347,0.4294,0.406321,-0.00593067
60.62,0.415178,0.429496,0.406282,-0.014318
60.625,0.412198,0.429593,0.406243,-0.0173949
60.63,0.422543,0.429691,0.406204,-0.00714846
60.635,0.424912,0.429791,0.406165,-0.00487908
60.64,0.439197,0.429892,0.406126,0.00930515
60.645,0.439662,0.429994,0.406088,0.00966838
60.65,0.443992,0.430097,0.406049,0.013895
60.655,0.446905,0.430202,0.40601,0.0167029
60.66,0.443673,0.430308,0.405971,0.0133647
60.665,0.452822,0.430416,0.405933,0.0224069
60.67,0.453327,0.430524,0.405894,0.0228023
60.675,0.450411,0.430635,0.405855,0.0197767
60.68,0.44582,0.430746,0.405817,0.015074
60.685,0.434884,0.430859,0.405778,0.00402468
60.69,0.441875,0.430974,0.40574,0.0109011
60.695,0.436067,0.43109,0.405701,0.00497688
60.7,0.441178,0.431207,0.405662,0.00997035
60.705,0.44563,0.431326,0.405624,0.0143033
60.71,0.44168,0.431447,0.405585,0.0102328
60.715,0.44845,0.431569,0.405547,0.0168809
60.72,0.459178,0.431693,0.405508,0.0274851
60.725,0.468716,0.431818,0.40547,0.0368982
60.73,0.477841,0.431945,0.405431,0.0458959
60.735,0.457885,0.432073,0.405393,0.0258124
60.74,0.436583,0.432203,0.405354,0.00438008
60.745,0.421833,0.432335,0.405316,-0.0105022
60.75,0.423151,0.432468,0.405278,-0.00931718
60.755,0.414692,0.432603,0.405239,-0.0179111
60.76,0.425667,0.43274,0.405201,-0.00707314
60.765,0.416852,0.432879,0.405162,-0.0160265
60.77,0.415666,0.433019,0.405124,-0.0173534
60.775,0.413775,0.433161,0.405086,-0.0193867
60.78,0.412639,0.433305,0.405047,-0.0206668
60.785,0.424616,0.433451,0.405009,-0.00883488
60.79,0.423693,0.433599,0.404971,-0.00990553
60.795,0.425695,0.433749,0.404933,-0.00805344
60.8,0.426155,0.4339,0.404894,-0.00774539
60.805,0.429525,0.434054,0.404856,-0.00452842
60.81,0.437231,0.434209,0.404818,0.00302189
60.815,0.431091,0.434366,0.40478,-0.00327503
60.82,0.444124,0.434526,0.404742,0.00959844
60.825,0.441637,0.434687,0.404704,0.00694999
60.83,0.450589,0.434851,0.404665,0.0157375
60.835,0.457542,0.435017,0.404627,0.0225253
60.84,0.457964,0.435185,0.404589,0.0227792
60.845,0.453451,0.435355,0.404551,0.0180965
60.85,0.439201,0.435527,0.404513,0.00367397
60.855,0.433228,0.435701,0.404475,-0.00247313
60.86,0.436313,0.435878,0.404437,0.000435129
60.865,0.450073,0.436057,0.404399,0.0140158
60.87,0.44902,0.436238,0.404361,0.0127815
60.875,0.442236,0.436422,0.404323,0.00581346
60.88,0.447156,0.436608,0.404285,0.010548
60.885,0.448318,0.436797,0.404247,0.0115214
60.89,0.455074,0.436988,0.404209,0.0180862
60.895,0.455046,0.437181,0.404171,0.0178651
60.9,0.462622,0.437377,0.404133,0.0252443
60.905,0.468019,0.437576,0.404095,0.0304435
60.91,0.473247,0.437777,0.404058,0.0354699
60.915,0.472477,0.437981,0.40402,0.0344965
60.92,0.457163,0.438187,0.403982,0.0189759
60.925,0.465796,0.438396,0.403944,0.0273999
60.93,0.462052,0.438608,0.403906,0.0234437
60.935,0.461863,0.438823,0.403869,0.0230398
60.94,0.464056,0.439041,0.403831,0.0250155
60.945,0.448855,0.439261,0.403793,0.00959408
60.95,0.439994,0.439485,0.403755,0.000509097
60.955,0.425067,0.439711,0.403718,-0.0146441
60.96,0.421022,0.439941,0.40368,-0.0189184
60.965,0.429181,0.440173,0.403642,-0.0109923
60.97,0.43848,0.440409,0.403605,-0.00192917
60.975,0.45257,0.440648,0.403567,0.0119221
60.98,0.455771,0.440889,0.403529,0.0148811
60.985,0.457995,0.441135,0.403492,0.0168608
60.99,0.460837,0.441383,0.403454,0.0194539
60.995,0.463965,0.441635,0.403417,0.0223295
61,0.463986,0.44189,0.403379,0.0220958
61.005,0.467586,0.442149,0.403341,0.025437
61.01,0.460693,0.442411,0.403304,0.0182819
61.015,0.455656,0.442677,0.403266,0.0129784
61.02,0.453704,0.442947,0.403229,0.0107578
61.025,0.44681,0.44322,0.403191,0.00359043
61.03,0.457497,0.443497,0.403154,0.0140005
61.035,0.482235,0.443777,0.403117,0.0384582
61.04,0.488685,0.444062,0.403079,0.0446228
61.045,0.491817,0.44435,0.403042,0.0474666
61.05,0.472728,0.444643,0.403004,0.0280849
61.055,0.447178,0.444939,0.402967,0.00223892
61.06,0.434145,0.44524,0.40293,-0.0110949
61.065,0.430667,0.445545,0.402892,-0.0148776
61.07,0.434413,0.445854,0.402855,-0.0114411
61.075,0.447315,0.446167,0.402818,0.00114808
61.08,0.4611,0.446485,0.40278,0.0146155
61.085,0.462736,0.446807,0.402743,0.0159288
61.09,0.474211,0.447134,0.402706,0.0270769
61.095,0.469914,0.447465,0.402669,0.0224482
61.1,0.47417,0.447801,0.402631,0.0263683
61.105,0.472035,0.448142,0.402594,0.0238926
61.11,0.469567,0.448488,0.402557,0.0210788
61.115,0.459875,0.448839,0.40252,0.0110363
61.12,0.47016,0.449194,0.402483,0.0209659
61.125,0.467195,0.449555,0.402445,0.0176396
61.13,0.473508,0.449921,0.402408,0.023587
61.135,0.464225,0.450293,0.402371,0.0139322
61.14,0.453145,0.450669,0.402334,0.00247535
61.145,0.447008,0.451051,0.402297,-0.0040432
61.15,0.437565,0.451439,0.40226,-0.0138738
61.155,0.434905,0.451833,0.402223,-0.0169273
61.16,0.449568,0.452232,0.402186,-0.00266418
61.165,0.456432,0.452637,0.402149,0.00379494
61.17,0.479463,0.453048,0.402112,0.0264149
61.175,0.484641,0.453465,0.402075,0.0311766
61.18,0.487429,0.453888,0.402038,0.0335413
61.185,0.483605,0.454318,0.402001,0.029287
61.19,0.478177,0.454754,0.401964,0.0234236
61.195,0.487682,0.455196,0.401927,0.0324857
61.2,0.495926,0.455646,0.40189,0.0402803
61.205,0.502062,0.456102,0.401853,0.0459609
61.21,0.50149,0.456564,0.401817,0.0449256
61.215,0.494943,0.457034,0.40178,0.037909
61.22,0.490973,0.457512,0.401743,0.0334615
61.225,0.480108,0.457996,0.401706,0.0221124
61.23,0.474874,0.458488,0.401669,0.0163862
61.235,0.472794,0.458987,0.401633,0.0138071
61.24,0.465499,0.459494,0.401596,0.00600459
61.245,0.479155,0.460009,0.401559,0.0191458
61.25,0.479167,0.460532,0.401522,0.0186348
61.255,0.487048,0.461064,0.401486,0.0259847
61.26,0.498897,0.461603,0.401449,0.0372943
61.265,0.494369,0.462151,0.401412,0.0322182
61.27,0.50198,0.462708,0.401376,0.0392722
61.275,0.490798,0.463273,0.401339,0.0275248
61.28,0.478495,0.463848,0.401302,0.0146471
61.285,0.473007,0.464432,0.401266,0.00857548
61.29,0.465958,0.465025,0.401229,0.000933452
61.295,0.488372,0.465628,0.401192,0.0227448
61.3,0.504085,0.46624,0.401156,0.0378454
61.305,0.504579,0.466862,0.401119,0.0377164
61.31,0.511772,0.467495,0.401083,0.0442775
61.315,0.509013,0.468138,0.401046,0.0408751
61.32,0.504423,0.468791,0.40101,0.0356323
61.325,0.501266,0.469455,0.400973,0.0318104
61.33,0.478893,0.470131,0.400937,0.00876257
61.335,0.480893,0.470817,0.4009,0.0100759
61.34,0.483394,0.471515,0.400864,0.011879
61.345,0.479192,0.472225,0.400828,0.00696744
61.35,0.476749,0.472946,0.400791,0.00380258
61.355,0.469666,0.47368,0.400755,-0.00401439
61.36,0.470035,0.474427,0.400718,-0.00439112
61.365,0.471648,0.475186,0.400682,-0.00353813
61.37,0.470793,0.475958,0.400646,-0.0051651
61.375,0.488479,0.476743,0.400609,0.0117359
61.38,0.500161,0.477542,0.400573,0.0226186
61.385,0.503728,0.478355,0.400537,0.0253723
61.39,0.506079,0.479182,0.400501,0.0268964
61.395,0.491613,0.480024,0.400464,0.0115891
61.4,0.504902,0.480881,0.400428,0.0240213
61.405,0.508625,0.481752,0.400392,0.0268728
61.41,0.505446,0.482639,0.400356,0.0228069
61.415,0.511103,0.483542,0.400319,0.0275607
61.42,0.507057,0.484462,0.400283,0.0225958
61.425,0.51158,0.485398,0.400247,0.0261824
61.43,0.511448,0.48635,0.400211,0.0250971
61.435,0.500112,0.487321,0.400175,0.0127917
61.44,0.499873,0.488309,0.400139,0.0115638
61.445,0.504938,0.489315,0.400103,0.015623
61.45,0.506691,0.49034,0.400066,0.0163507
61.455,0.512497,0.491384,0.40003,0.0211128
61.46,0.511373,0.492447,0.399994,0.018926
61.465,0.508338,0.493531,0.399958,0.0148078
61.47,0.508972,0.494635,0.399922,0.014337
61.475,0.492978,0.49576,0.399886,-0.00278191
61.48,0.498309,0.496906,0.39985,0.00140281
61.485,0.495038,0.498075,0.399814,-0.00303638
61.49,0.501626,0.499266,0.399778,0.00236048
61.495,0.504179,0.50048,0.399743,0.00369872
61.5,0.504554,0.501718,0.399707,0.00283675
61.505,0.502958,0.50298,0.399671,-2.22801e-05
61.51,0.514778,0.504267,0.399635,0.0105109
61.515,0.510449,0.50558,0.399599,0.00486872
61.52,0.504805,0.506919,0.399563,-0.00211397
61.525,0.506217,0.508286,0.399527,-0.00206863
61.53,0.511924,0.509679,0.399491,0.00224485
61.535,0.511882,0.511102,0.399456,0.000780593
61.54,0.52647,0.512553,0.39942,0.0139165
61.545,0.527577,0.514035,0.399384,0.0135414
61.55,0.528538,0.515548,0.399348,0.01299
61.555,0.533867,0.517092,0.399313,0.0167746
61.56,0.532914,0.518669,0.399277,0.0142445
61.565,0.521962,0.52028,0.399241,0.00168229
61.57,0.520495,0.521926,0.399205,-0.00143066
61.575,0.526916,0.523607,0.39917,0.0033093
61.58,0.521585,0.525325,0.399134,-0.00374058
61.585,0.531524,0.527082,0.399098,0.00444214
61.59,0.515973,0.528877,0.399063,-0.0129039
61.595,0.52302,0.530713,0.399027,-0.00769327
61.6,0.542893,0.532591,0.398992,0.010302
61.605,0.540619,0.534513,0.398956,0.00610656
61.61,0.564752,0.536479,0.39892,0.0282725
61.615,0.559969,0.538492,0.398885,0.0214773
61.62,0.561031,0.540553,0.398849,0.0204771
61.625,0.55847,0.542665,0.398814,0.0158052
61.63,0.546597,0.544828,0.398778,0.00176829
61.635,0.543641,0.547046,0.398743,-0.00340576
61.64,0.540683,0.549321,0.398707,-0.0086372
61.645,0.536722,0.551654,0.398672,-0.0149315
61.65,0.535771,0.554049,0.398636,-0.018278
61.655,0.548666,0.556508,0.398601,-0.007842
61.66,0.568554,0.559034,0.398566,0.00951993
61.665,0.59068,0.561631,0.39853,0.0290484
61.67,0.587449,0.564302,0.398495,0.0231471
61.675,0.580766,0.567051,0.39846,0.013715
61.68,0.588742,0.569881,0.398424,0.0188606
61.685,0.577031,0.572798,0.398389,0.00423257
61.69,0.593023,0.575806,0.398354,0.017217
61.695,0.588129,0.57891,0.398318,0.00921862
61.7,0.599472,0.582116,0.398283,0.0173563
61.705,0.622482,0.585429,0.398248,0.0370531
61.71,0.646534,0.588857,0.398212,0.0576772
61.715,0.637792,0.592406,0.398177,0.0453863
61.72,0.63502,0.596084,0.398142,0.0389367
61.725,0.623169,0.599899,0.398107,0.0232703
61.73,0.633182,0.603861,0.398072,0.0293213
61.735,0.650636,0.607978,0.398036,0.0426577
61.74,0.643151,0.612262,0.398001,0.030889
61.745,0.638635,0.616724,0.397966,0.0219119
61.75,0.639957,0.621375,0.397931,0.018582
61.755,0.643161,0.62623,0.397896,0.0169312
61.76,0.656824,0.631302,0.397861,0.0255213
61.765,0.669131,0.636608,0.397826,0.0325231
61.77,0.684314,0.642162,0.397791,0.0421523
61.775,0.699015,0.647983,0.397756,0.051032
61.78,0.705481,0.654091,0.397721,0.0513903
61.785,0.716587,0.660505,0.397686,0.0560819
61.79,0.722706,0.667248,0.397651,0.0554587
61.795,0.730182,0.674342,0.397616,0.0558403
61.8,0.742398,0.681813,0.397581,0.0605857
61.805,0.758566,0.689687,0.397546,0.0688785
61.81,0.765609,0.697993,0.397511,0.0676161
61.815,0.758096,0.706761,0.397476,0.0513345
61.82,0.760836,0.716023,0.397441,0.0448127
61.825,0.776334,0.725813,0.397406,0.0505205
61.83,0.794022,0.736167,0.397371,0.0578554
61.835,0.799606,0.747122,0.397336,0.0524839
61.84,0.806315,0.758719,0.397301,0.0475968
61.845,0.833123,0.770999,0.397267,0.0621246
61.85,0.859824,0.784007,0.397232,0.0758169
61.855,0.871556,0.797788,0.397197,0.0737683
61.86,0.876747,0.812392,0.397162,0.0643558
61.865,0.872417,0.827867,0.397127,0.0445494
61.87,0.87819,0.844268,0.397093,0.0339216
61.875,0.915399,0.861647,0.397058,0.0537517
61.88,0.940038,0.880062,0.397023,0.0599756
61.885,0.970826,0.89957,0.396989,0.071256
61.89,0.991357,0.920232,0.396954,0.0711256
61.895,0.994091,0.942108,0.396919,0.0519836
61.9,1.01766,0.965262,0.396885,0.0523973
61.905,1.05216,0.989758,0.39685,0.0623988
61.91,1.07705,1.01566,0.396815,0.0613862
61.915,1.10729,1.04304,0.396781,0.0642496
61.92,1.14222,1.07196,0.396746,0.0702671
61.925,1.15657,1.10248,0.396712,0.0540885
61.93,1.17308,1.13469,0.396677,0.0383943
61.935,1.20292,1.16864,0.396642,0.034282
61.94,1.24468,1.2044,0.396608,0.0402803
61.945,1.29837,1.24203,0.396573,0.056334
61.95,1.33436,1.28161,0.396539,0.0527462
61.955,1.38204,1.3232,0.396504,0.058841
61.96,1.43538,1.36686,0.39647,0.0685243
61.965,1.5044,1.41265,0.396435,0.0917531
61.97,1.53554,1.46062,0.396401,0.0749235
61.975,1.56829,1.51083,0.396367,0.0574639
61.98,1.6176,1.56333,0.396332,0.0542703
61.985,1.66612,1.61816,0.396298,0.0479585
61.99,1.77338,1.67538,0.396263,0.0980024
61.995,1.84795,1.735,0.396229,0.112955
62,1.92883,1.79707,0.396195,0.131769
62.005,2.0182,1.8616,0.39616,0.156597
62.01,2.10983,1.92862,0.396126,0.181219
62.015,2.16685,1.99813,0.396092,0.168717
62.02,2.24888,2.07014,0.396057,0.178743
62.025,2.2972,2.14464,0.396023,0.152562
62.03,2.40662,2.22162,0.395989,0.184998
62.035,2.50993,2.30106,0.395955,0.20887
62.04,2.65375,2.38292,0.39592,0.270836
62.045,2.81868,2.46715,0.395886,0.351526
62.05,2.8978,2.55372,0.395852,0.344082
62.055,3.00949,2.64254,0.395818,0.366949
62.06,3.11577,2.73355,0.395784,0.382222
62.065,3.24231,2.82666,0.39575,0.415647
62.07,3.41176,2.92177,0.395715,0.489991
62.075,3.58584,3.01876,0.395681,0.567078
62.08,3.7062,3.11751,0.395647,0.588691
62.085,3.81535,3.21788,0.395613,0.597471
62.09,3.92834,3.31971,0.395579,0.608627
62.095,4.10825,3.42284,0.395545,0.685408
62.1,4.26086,3.52708,0.395511,0.733783
62.105,4.39875,3.63223,0.395477,0.766523
62.11,4.60485,3.73807,0.395443,0.866782
62.115,4.77009,3.84438,0.395409,0.925708
62.12,4.85384,3.9509,0.395375,0.902936
62.125,4.92814,4.05737,0.395341,0.870768
62.13,5.08534,4.1635,0.395307,0.921835
62.135,5.21221,4.269,0.395273,0.943209
62.14,5.33388,4.37354,0.395239,0.960338
62.145,5.49331,4.47679,0.395205,1.01653
62.15,5.64337,4.57839,0.395171,1.06497
62.155,5.80245,4.67798,0.395137,1.12446
62.16,5.92541,4.77518,0.395104,1.15022
62.165,6.06939,4.86958,0.39507,1.19981
62.17,6.11975,4.96079,0.395036,1.15896
62.175,6.16278,5.04837,0.395002,1.11441
62.18,6.25052,5.13192,0.394968,1.11859
62.185,6.30235,5.21101,0.394934,1.09134
62.19,6.32891,5.28521,0.394901,1.0437
62.195,6.34414,5.35412,0.394867,0.990028
62.2,6.37392,5.41732,0.394833,0.956596
62.205,6.42585,5.47445,0.394799,0.951405
62.21,6.44402,5.52513,0.394766,0.918893
62.215,6.41385,5.56905,0.394732,0.844809
62.22,6.41329,5.60589,0.394698,0.807391
62.225,6.45944,5.63543,0.394665,0.824016
62.23,6.50807,5.65744,0.394631,0.850632
62.235,6.49733,5.67176,0.394597,0.825569
62.24,6.50301,5.67831,0.394564,0.824698
62.245,6.41129,5.67703,0.39453,0.734262
62.25,6.33084,5.66792,0.394497,0.662916
62.255,6.22282,5.65106,0.394463,0.571761
62.26,6.20448,5.62657,0.39443,0.577909
62.265,6.14487,5.59461,0.394396,0.550255
62.27,6.03367,5.55542,0.394362,0.478253
62.275,5.92736,5.50926,0.394329,0.418108
62.28,5.87963,5.45643,0.394295,0.423206
62.285,5.80823,5.39727,0.394262,0.410964
62.29,5.72253,5.33216,0.394228,0.390372
62.295,5.69071,5.26148,0.394195,0.429236
62.3,5.61984,5.18564,0.394162,0.434206
62.305,5.57467,5.10505,0.394128,0.469623
62.31,5.50441,5.02014,0.394095,0.484266
62.315,5.43271,4.93134,0.394061,0.501378
62.32,5.34167,4.83905,0.394028,0.502623
62.325,5.24811,4.7437,0.393995,0.504411
62.33,5.17964,4.64569,0.393961,0.533946
62.335,5.11214,4.54541,0.393928,0.566723
62.34,5.04444,4.44325,0.393895,0.601191
62.345,4.97762,4.33955,0.393861,0.638066
62.35,4.8977,4.23468,0.393828,0.663013
62.355,4.80164,4.12897,0.393795,0.672671
62.36,4.7413,4.02271,0.393761,0.718589
62.365,4.67968,3.91622,0.393728,0.763464
62.37,4.59238,3.80976,0.393695,0.78262
62.375,4.45119,3.70361,0.393662,0.747581
62.38,4.33506,3.59799,0.393628,0.73707
62.385,4.20989,3.49314,0.393595,0.716749
62.39,4.08971,3.38928,0.393562,0.700436
62.395,4.01907,3.28658,0.393529,0.732487
62.4,3.92274,3.18524,0.393496,0.737493
62.405,3.8405,3.08542,0.393463,0.755078
62.41,3.7312,2.98726,0.39343,0.743938
62.415,3.64778,2.89091,0.393396,0.756871
62.42,3.52424,2.79648,0.393363,0.727757
62.425,3.39938,2.70408,0.39333,0.695301
62.43,3.30863,2.61382,0.393297,0.694815
62.435,3.23203,2.52576,0.393264,0.706273
62.44,3.11753,2.43999,0.393231,0.677542
62.445,3.0376,2.35657,0.393198,0.68103
62.45,2.96771,2.27554,0.393165,0.692168
62.455,2.88397,2.19694,0.393132,0.68703
62.46,2.75625,2.12081,0.393099,0.635432
62.465,2.69138,2.04717,0.393066,0.644206
62.47,2.61606,1.97602,0.393033,0.640033
62.475,2.51794,1.90737,0.393,0.610562
62.48,2.393,1.84122,0.392967,0.551783
62.485,2.30206,1.77754,0.392935,0.524514
62.49,2.20189,1.71633,0.392902,0.485563
62.495,2.1205,1.65755,0.392869,0.462956
62.5,2.05573,1.60117,0.392836,0.45456
62.505,1.97613,1.54715,0.392803,0.428973
62.51,1.90264,1.49546,0.39277,0.407184
62.515,1.85346,1.44604,0.392738,0.407421
62.52,1.79407,1.39885,0.392705,0.395222
62.525,1.74419,1.35382,0.392672,0.390372
62.53,1.65432,1.31091,0.392639,0.34341
62.535,1.59548,1.27004,0.392606,0.325434
62.54,1.55265,1.23117,0.392574,0.321479
62.545,1.49753,1.19421,0.392541,0.303314
62.55,1.46918,1.15912,0.392508,0.310057
62.555,1.4278,1.12581,0.392476,0.301989
62.56,1.38567,1.09423,0.392443,0.29144
62.565,1.32187,1.06431,0.39241,0.257565
62.57,1.25489,1.03597,0.392378,0.218915
62.575,1.22442,1.00916,0.392345,0.215261
62.58,1.18294,0.983795,0.392312,0.199149
62.585,1.16423,0.959822,0.39228,0.204406
62.59,1.13301,0.937171,0.392247,0.195834
62.595,1.10281,0.91578,0.392215,0.187026
62.6,1.08034,0.895585,0.392182,0.18475
62.605,1.03517,0.876527,0.392149,0.158641
62.61,1.01505,0.858544,0.392117,0.156507
62.615,0.961811,0.841582,0.392084,0.120229
62.62,0.93528,0.825582,0.392052,0.109697
62.625,0.913694,0.810493,0.392019,0.103201
62.63,0.879942,0.796263,0.391987,0.0836795
62.635,0.860318,0.782841,0.391954,0.077477
62.64,0.827546,0.770181,0.391922,0.057365
62.645,0.811826,0.758238,0.39189,0.0535886
62.65,0.825221,0.746967,0.391857,0.0782543
62.655,0.818826,0.736328,0.391825,0.082498
62.66,0.814689,0.726283,0.391792,0.0884066
62.665,0.806911,0.716793,0.39176,0.090118
62.67,0.790876,0.707823,0.391728,0.0830527
62.675,0.774137,0.699342,0.391695,0.0747959
62.68,0.763221,0.691316,0.391663,0.0719048
62.685,0.754371,0.683718,0.391631,0.0706525
62.69,0.753582,0.676519,0.391598,0.0770628
62.695,0.734365,0.669694,0.391566,0.0646704
62.7,0.701037,0.663219,0.391534,0.0378179
62.705,0.67618,0.65707,0.391501,0.0191097
62.71,0.681273,0.651227,0.391469,0.0300465
62.715,0.689913,0.64567,0.391437,0.0442431
62.72,0.709192,0.64038,0.391405,0.068812
62.725,0.705412,0.635341,0.391373,0.070071
62.73,0.69928,0.630537,0.39134,0.068743
62.735,0.690129,0.625952,0.391308,0.064177
62.74,0.68283,0.621575,0.391276,0.0612553
62.745,0.675483,0.617391,0.391244,0.0580919
62.75,0.673018,0.61339,0.391212,0.0596281
62.755,0.65322,0.60956,0.39118,0.0436597
62.76,0.638621,0.605893,0.391148,0.0327283
62.765,0.629022,0.602378,0.391115,0.0266439
62.77,0.618004,0.599007,0.391083,0.018997
62.775,0.627307,0.595774,0.391051,0.0315338
62.78,0.634533,0.59267,0.391019,0.0418634
62.785,0.652704,0.589689,0.390987,0.0630145
62.79,0.638423,0.586826,0.390955,0.0515973
62.795,0.635428,0.584075,0.390923,0.0513533
62.8,0.630777,0.581431,0.390891,0.049346
62.805,0.630121,0.578889,0.390859,0.0512317
62.81,0.617614,0.576446,0.390827,0.0411682
62.815,0.591543,0.574097,0.390795,0.0174458
62.82,0.585785,0.57184,0.390763,0.0139452
62.825,0.563495,0.569671,0.390732,-0.00617525
62.83,0.575864,0.567586,0.3907,0.00827773
62.835,0.575349,0.565585,0.390668,0.00976449
62.84,0.573584,0.563664,0.390636,0.00991992
62.845,0.574384,0.561821,0.390604,0.0125636
62.85,0.575605,0.560054,0.390572,0.0155514
62.855,0.585358,0.558361,0.39054,0.0269967
62.86,0.589622,0.556742,0.390508,0.0328808
62.865,0.591764,0.555193,0.390477,0.0365704
62.87,0.588826,0.553715,0.390445,0.035111
62.875,0.582322,0.552305,0.390413,0.0300169
62.88,0.579226,0.550964,0.390381,0.0282624
62.885,0.571447,0.549689,0.39035,0.0217579
62.89,0.570305,0.54848,0.390318,0.0218248
62.895,0.562407,0.547336,0.390286,0.0150715
62.9,0.553176,0.546256,0.390254,0.0069201
62.905,0.556489,0.54524,0.390223,0.0112489
62.91,0.563581,0.544287,0.390191,0.0192939
62.915,0.569072,0.543397,0.390159,0.0256755
62.92,0.556701,0.542568,0.390128,0.0141324
62.925,0.552421,0.541802,0.390096,0.010619
62.93,0.535681,0.541096,0.390064,-0.00541511
62.935,0.524744,0.540451,0.390033,-0.0157071
62.94,0.531817,0.539867,0.390001,-0.00804984
62.945,0.544016,0.539342,0.38997,0.004674
62.95,0.557218,0.538878,0.389938,0.0183399
62.955,0.567168,0.538472,0.389906,0.0286959
62.96,0.546936,0.538126,0.389875,0.00881001
62.965,0.537759,0.537838,0.389843,-7.95954e-05
62.97,0.535168,0.537609,0.389812,-0.0024416
62.975,0.526609,0.537438,0.38978,-0.0108295
62.98,0.527761,0.537325,0.389749,-0.00956404
62.985,0.523312,0.537269,0.389717,-0.0139573
62.99,0.510647,0.537271,0.389686,-0.0266234
62.995,0.510565,0.537329,0.389655,-0.0267634
63,0.521272,0.537443,0.389623,-0.0161714
63.005,0.523432,0.537613,0.389592,-0.014181
63.01,0.538167,0.537838,0.38956,0.000328569
63.015,0.544249,0.538119,0.389529,0.00613043
63.02,0.547035,0.538454,0.389498,0.00858194
63.025,0.549525,0.538842,0.389466,0.0106832
63.03,0.543655,0.539283,0.389435,0.00437196
63.035,0.543322,0.539777,0.389403,0.00354519
63.04,0.54529,0.540323,0.389372,0.00496732
63.045,0.554363,0.540919,0.389341,0.0134438
63.05,0.566107,0.541565,0.38931,0.0245421
63.055,0.573842,0.54226,0.389278,0.0315812
63.06,0.572366,0.543003,0.389247,0.0293622
63.065,0.556956,0.543793,0.389216,0.0131626
63.07,0.553053,0.544628,0.389185,0.00842443
63.075,0.55636,0.545508,0.389153,0.0108518
63.08,0.555019,0.54643,0.389122,0.00858879
63.085,0.569083,0.547394,0.389091,0.0216892
63.09,0.564006,0.548396,0.38906,0.0156097
63.095,0.557439,0.549437,0.389029,0.00800244
63.1,0.551195,0.550513,0.388997,0.000681649
63.105,0.550457,0.551623,0.388966,-0.00116687
63.11,0.552889,0.552765,0.388935,0.000124131
63.115,0.575872,0.553936,0.388904,0.0219364
63.12,0.58169,0.555132,0.388873,0.0265577
63.125,0.587912,0.556353,0.388842,0.0315593
63.13,0.593125,0.557595,0.388811,0.0355304
63.135,0.599367,0.558854,0.38878,0.0405131
63.14,0.601412,0.560127,0.388749,0.0412853
63.145,0.597363,0.561411,0.388718,0.0359516
63.15,0.586329,0.562702,0.388687,0.0236269
63.155,0.583016,0.563996,0.388656,0.0190203
63.16,0.578589,0.565289,0.388625,0.0132998
63.165,0.590019,0.566577,0.388594,0.0234422
63.17,0.593418,0.567854,0.388563,0.0255644
63.175,0.608104,0.569116,0.388532,0.0389879
63.18,0.613287,0.570358,0.388501,0.042928
63.185,0.608852,0.571576,0.38847,0.0372763
63.19,0.605262,0.572763,0.388439,0.0324995
63.195,0.584487,0.573914,0.388408,0.010574
63.2,0.58557,0.575023,0.388377,0.0105472
63.205,0.574984,0.576085,0.388346,-0.00110068
63.21,0.566317,0.577094,0.388315,-0.0107777
63.215,0.555638,0.578045,0.388285,-0.0224074
63.22,0.542437,0.578931,0.388254,-0.0364941
63.225,0.554926,0.579748,0.388223,-0.0248216
63.23,0.562449,0.580488,0.388192,-0.0180393
63.235,0.564979,0.581148,0.388161,-0.0161695
63.24,0.551083,0.581722,0.38813,-0.0306391
63.245,0.557848,0.582205,0.3881,-0.0243572
63.25,0.557452,0.582593,0.388069,-0.0251413
63.255,0.5716,0.582881,0.388038,-0.0112808
63.26,0.566256,0.583066,0.388008,-0.0168097
63.265,0.565783,0.583144,0.387977,-0.0173619
63.27,0.5934,0.583114,0.387946,0.0102858
63.275,0.604053,0.582972,0.387915,0.0210814
63.28,0.603296,0.582717,0.387885,0.0205792
63.285,0.586799,0.582348,0.387854,0.00445076
63.29,0.572425,0.581866,0.387823,-0.00944032
63.295,0.563507,0.581269,0.387793,-0.0177613
63.3,0.560544,0.580559,0.387762,-0.0200144
63.305,0.555085,0.579737,0.387732,-0.0246525
63.31,0.555516,0.578806,0.387701,-0.0232902
63.315,0.56321,0.577768,0.38767,-0.0145576
63.32,0.562639,0.576625,0.38764,-0.0139865
63.325,0.545352,0.575383,0.387609,-0.0300307
63.33,0.530621,0.574043,0.387579,-0.043422
63.335,0.531777,0.572612,0.387548,-0.0408351
63.34,0.535463,0.571094,0.387518,-0.0356307
63.345,0.545883,0.569493,0.387487,-0.0236096
63.35,0.536373,0.567815,0.387457,-0.0314416
63.355,0.522045,0.566065,0.387426,-0.0440194
63.36,0.534648,0.564248,0.387396,-0.0296003
63.365,0.533024,0.562371,0.387365,-0.0293467
63.37,0.548148,0.560438,0.387335,-0.0122901
63.375,0.552418,0.558456,0.387305,-0.00603783
63.38,0.546657,0.556429,0.387274,-0.00977196
63.385,0.560464,0.554363,0.387244,0.00610052
63.39,0.547033,0.552264,0.387213,-0.00523087
63.395,0.538139,0.550136,0.387183,-0.0119966
63.4,0.540686,0.547984,0.387153,-0.0072985
63.405,0.549311,0.545814,0.387122,0.0034972
63.41,0.56358,0.543629,0.387092,0.0199509
63.415,0.56342,0.541435,0.387062,0.0219845
63.42,0.545298,0.539235,0.387031,0.00606277
63.425,0.532987,0.537033,0.387001,-0.00404574
63.43,0.514354,0.534833,0.386971,-0.0204787
63.435,0.505654,0.532639,0.386941,-0.0269842
63.44,0.512677,0.530453,0.38691,-0.0177762
63.445,0.517792,0.528279,0.38688,-0.0104878
63.45,0.53201,0.526121,0.38685,0.00588986
63.455,0.537896,0.523979,0.38682,0.0139164
63.46,0.526899,0.521858,0.38679,0.00504119
63.465,0.530419,0.51976,0.386759,0.0106597
63.47,0.531886,0.517685,0.386729,0.014201
63.475,0.528766,0.515638,0.386699,0.0131279
63.48,0.533558,0.513619,0.386669,0.019939
63.485,0.533795,0.51163,0.386639,0.0221653
63.49,0.536527,0.509673,0.386609,0.0268543
63.495,0.529095,0.507749,0.386579,0.0213457
63.5,0.500451,0.50586,0.386548,-0.00540889
63.505,0.5001,0.504006,0.386518,-0.00390677
63.51,0.487249,0.50219,0.386488,-0.0149408
63.515,0.498057,0.500411,0.386458,-0.00235462
63.52,0.487397,0.498671,0.386428,-0.0112742
63.525,0.487865,0.496971,0.386398,-0.00910563
63.53,0.479113,0.495311,0.386368,-0.0161977
63.535,0.481628,0.493692,0.386338,-0.0120644
63.54,0.495764,0.492115,0.386308,0.00364915
63.545,0.490875,0.490581,0.386278,0.000294122
63.55,0.500367,0.489088,0.386248,0.0112788
63.555,0.491362,0.48764,0.386218,0.00372243
63.56,0.480676,0.486234,0.386188,-0.00555812
63.565,0.478004,0.484873,0.386159,-0.00686934
63.57,0.482505,0.483556,0.386129,-0.00105031
63.575,0.48687,0.482283,0.386099,0.00458696
63.58,0.493052,0.481055,0.386069,0.0119972
63.585,0.490339,0.479872,0.386039,0.0104667
63.59,0.488448,0.478735,0.386009,0.00971365
63.595,0.485651,0.477642,0.385979,0.00800842
63.6,0.491442,0.476595,0.385949,0.0148466
63.605,0.491241,0.475594,0.38592,0.0156465
63.61,0.496955,0.474639,0.38589,0.0223158
63.615,0.494001,0.473729,0.38586,0.0202716
63.62,0.490286,0.472866,0.38583,0.0174203
63.625,0.485882,0.472049,0.3858,0.0138326
63.63,0.494181,0.471278,0.385771,0.0229026
63.635,0.492449,0.470554,0.385741,0.0218951
63.64,0.493292,0.469876,0.385711,0.0234161
63.645,0.47145,0.469245,0.385682,0.00220514
63.65,0.479402,0.468661,0.385652,0.0107405
63.655,0.482404,0.468124,0.385622,0.0142801
63.66,0.487259,0.467635,0.385593,0.0196238
63.665,0.4892,0.467193,0.385563,0.0220073
63.67,0.486901,0.466799,0.385533,0.0201016
63.675,0.496095,0.466453,0.385504,0.029642
63.68,0.509969,0.466156,0.385474,0.0438134
63.685,0.49952,0.465907,0.385444,0.033613
63.69,0.498132,0.465708,0.385415,0.032424
63.695,0.479605,0.465557,0.385385,0.0140476
63.7,0.482484,0.465457,0.385356,0.0170269
63.705,0.484642,0.465408,0.385326,0.0192342
63.71,0.488089,0.465409,0.385296,0.0226801
63.715,0.497446,0.465461,0.385267,0.0319842
63.72,0.491493,0.465566,0.385237,0.0259274
63.725,0.487662,0.465723,0.385208,0.0219392
63.73,0.49699,0.465933,0.385178,0.0310571
63.735,0.49936,0.466197,0.385149,0.033163
63.74,0.506484,0.466515,0.385119,0.0399693
63.745,0.504303,0.466888,0.38509,0.0374147
63.75,0.504778,0.467317,0.385061,0.0374609
63.755,0.496591,0.467803,0.385031,0.0287879
63.76,0.495163,0.468347,0.385002,0.0268161
63.765,0.49226,0.468948,0.384972,0.0233117
63.77,0.489999,0.469609,0.384943,0.0203908
63.775,0.49484,0.470329,0.384914,0.0245107
63.78,0.477924,0.47111,0.384884,0.00681383
63.785,0.480781,0.471953,0.384855,0.00882851
63.79,0.493145,0.472858,0.384825,0.0202869
63.795,0.494219,0.473827,0.384796,0.0203915
63.8,0.489491,0.47486,0.384767,0.0146312
63.805,0.477224,0.475958,0.384738,0.00126535
63.81,0.485836,0.477122,0.384708,0.00871393
63.815,0.491993,0.478354,0.384679,0.0136395
63.82,0.491255,0.479653,0.38465,0.0116018
63.825,0.493529,0.481021,0.38462,0.012508
63.83,0.502281,0.482458,0.384591,0.0198231
63.835,0.517638,0.483965,0.384562,0.0336725
63.84,0.511883,0.485544,0.384533,0.0263394
63.845,0.496286,0.487194,0.384504,0.00909162
63.85,0.478613,0.488917,0.384474,-0.010304
63.855,0.461756,0.490713,0.384445,-0.0289579
63.86,0.470304,0.492583,0.384416,-0.0222792
63.865,0.484671,0.494527,0.384387,-0.00985645
63.87,0.488779,0.496546,0.384358,-0.00776672
63.875,0.481956,0.49864,0.384329,-0.0166844
63.88,0.470741,0.500809,0.384299,-0.0300678
63.885,0.48473,0.503054,0.38427,-0.0183244
63.89,0.498979,0.505375,0.384241,-0.00639564
63.895,0.493799,0.507771,0.384212,-0.013972
63.9,0.498814,0.510243,0.384183,-0.011429
63.905,0.512663,0.512791,0.384154,-0.000127879
63.91,0.533356,0.515413,0.384125,0.0179426
63.915,0.541984,0.518111,0.384096,0.0238729
63.92,0.531382,0.520882,0.384067,0.0104998
63.925,0.528223,0.523727,0.384038,0.004496
63.93,0.546791,0.526645,0.384009,0.0201456
63.935,0.560873,0.529634,0.38398,0.0312389
63.94,0.56715,0.532693,0.383951,0.0344568
63.945,0.558709,0.535821,0.383922,0.0228879
63.95,0.565637,0.539017,0.383893,0.0266197
63.955,0.572115,0.542278,0.383864,0.0298371
63.96,0.593876,0.545602,0.383835,0.0482745
63.965,0.593405,0.548987,0.383806,0.0444185
63.97,0.591894,0.552431,0.383777,0.039463
63.975,0.605665,0.55593,0.383749,0.0497351
63.98,0.631853,0.559482,0.38372,0.0723707
63.985,0.648413,0.563084,0.383691,0.085329
63.99,0.642096,0.566731,0.383662,0.0753651
63.995,0.646787,0.570419,0.383633,0.0763674
64,0.641337,0.574145,0.383604,0.0671918
64.005,0.647754,0.577904,0.383575,0.0698504
64.01,0.647841,0.58169,0.383547,0.0661516
64.015,0.647245,0.585498,0.383518,0.0617471
64.02,0.641311,0.589322,0.383489,0.0519891
64.025,0.640313,0.593156,0.38346,0.0471567
64.03,0.65284,0.596993,0.383432,0.0558465
64.035,0.675421,0.600826,0.383403,0.0745942
64.04,0.690747,0.604648,0.383374,0.0860992
64.045,0.682221,0.60845,0.383345,0.0737714
64.05,0.67976,0.612223,0.383317,0.0675375
64.055,0.701477,0.615959,0.383288,0.0855176
64.06,0.710186,0.619648,0.383259,0.0905373
64.065,0.711979,0.623281,0.383231,0.0886984
64.07,0.713759,0.626847,0.383202,0.0869125
64.075,0.700978,0.630335,0.383173,0.0706435
64.08,0.691192,0.633735,0.383145,0.0574576
64.085,0.678754,0.637034,0.383116,0.04172
64.09,0.67505,0.640223,0.383088,0.034827
64.095,0.703157,0.643289,0.383059,0.0598681
64.1,0.71923,0.646219,0.38303,0.0730105
64.105,0.72837,0.649004,0.383002,0.0793656
64.11,0.723298,0.65163,0.382973,0.0716677
64.115,0.700794,0.654087,0.382945,0.0467064
64.12,0.692077,0.656364,0.382916,0.0357129
64.125,0.694231,0.658449,0.382888,0.035782
64.13,0.690314,0.660332,0.382859,0.0299819
64.135,0.694483,0.662005,0.382831,0.0324777
64.14,0.693325,0.663458,0.382802,0.029867
64.145,0.702254,0.664683,0.382774,0.0375711
64.15,0.717107,0.665674,0.382745,0.051433
64.155,0.688565,0.666425,0.382717,0.0221399
64.16,0.678912,0.666931,0.382688,0.0119819
64.165,0.678568,0.667188,0.38266,0.0113802
64.17,0.673554,0.667194,0.382632,0.00635904
64.175,0.686301,0.66695,0.382603,0.0193518
64.18,0.684125,0.666454,0.382575,0.0176711
64.185,0.679025,0.665709,0.382546,0.0133167
64.19,0.707625,0.664717,0.382518,0.0429076
64.195,0.712206,0.663484,0.38249,0.0487223
64.2,0.717739,0.662014,0.382461,0.0557254
64.205,0.726512,0.660313,0.382433,0.0661983
64.21,0.706591,0.65839,0.382405,0.0482007
64.215,0.696078,0.656253,0.382376,0.0398248
64.22,0.684087,0.653911,0.382348,0.0301767
64.225,0.660749,0.651373,0.38232,0.00937603
64.23,0.658735,0.648652,0.382292,0.0100835
64.235,0.644395,0.645756,0.382263,-0.00136109
64.24,0.649885,0.642698,0.382235,0.00718681
64.245,0.653018,0.639489,0.382207,0.0135283
64.25,0.657595,0.636142,0.382179,0.0214539
64.255,0.643639,0.632666,0.382151,0.0109724
64.26,0.634635,0.629075,0.382122,0.00555973
64.265,0.627911,0.62538,0.382094,0.00253114
64.27,0.629627,0.621591,0.382066,0.0080357
64.275,0.616373,0.61772,0.382038,-0.00134744
64.28,0.593844,0.613778,0.38201,-0.0199344
64.285,0.574354,0.609775,0.381982,-0.0354212
64.29,0.585075,0.605721,0.381953,-0.0206459
64.295,0.592048,0.601626,0.381925,-0.0095778
64.3,0.599751,0.597498,0.381897,0.00225302
64.305,0.603712,0.593346,0.381869,0.0103662
64.31,0.609224,0.589178,0.381841,0.0200461
64.315,0.606713,0.585003,0.381813,0.02171
64.32,0.59515,0.580826,0.381785,0.0143239
64.325,0.586064,0.576656,0.381757,0.00940835
64.33,0.568094,0.572498,0.381729,-0.00440421
64.335,0.568576,0.568359,0.381701,0.00021699
64.34,0.571995,0.564243,0.381673,0.00775224
64.345,0.564949,0.560156,0.381645,0.0047923
64.35,0.549467,0.556103,0.381617,-0.00663588
64.355,0.529753,0.552088,0.381589,-0.0223358
64.36,0.513193,0.548115,0.381561,-0.0349225
64.365,0.525001,0.544188,0.381533,-0.019187
64.37,0.536545,0.54031,0.381505,-0.00376542
64.375,0.541028,0.536484,0.381477,0.00454322
64.38,0.55435,0.532714,0.381449,0.0216367
64.385,0.553259,0.529,0.381421,0.0242592
64.39,0.54975,0.525346,0.381393,0.0244039
64.395,0.543482,0.521754,0.381366,0.0217285
64.4,0.54729,0.518225,0.381338,0.0290649
64.405,0.560049,0.514761,0.38131,0.0452884
64.41,0.565133,0.511363,0.381282,0.0537698
64.415,0.558676,0.508033,0.381254,0.050643
64.42,0.546876,0.504771,0.381226,0.0421044
64.425,0.537581,0.501578,0.381199,0.0360024
64.43,0.533158,0.498455,0.381171,0.0347025
64.435,0.521157,0.495402,0.381143,0.0257545
64.44,0.499773,0.49242,0.381115,0.0073534
64.445,0.485756,0.489508,0.381087,-0.00375234
64.45,0.471173,0.486667,0.38106,-0.0154936
64.455,0.479801,0.483896,0.381032,-0.00409499
64.46,0.48039,0.481196,0.381004,-0.000806237
64.465,0.479932,0.478565,0.380976,0.00136677
64.47,0.481311,0.476005,0.380949,0.00530645
64.475,0.479406,0.473513,0.380921,0.0058936
64.48,0.478585,0.47109,0.380893,0.00749501
64.485,0.471387,0.468734,0.380866,0.0026532
64.49,0.468893,0.466445,0.380838,0.00244747
64.495,0.481828,0.464222,0.38081,0.0176055
64.5,0.483033,0.462065,0.380783,0.0209688
64.505,0.483491,0.459971,0.380755,0.0235197
64.51,0.489593,0.45794,0.380728,0.0316524
64.515,0.498713,0.455972,0.3807,0.0427415
64.52,0.507117,0.454064,0.380672,0.0530528
64.525,0.500977,0.452216,0.380645,0.048761
64.53,0.479143,0.450426,0.380617,0.0287174
64.535,0.466398,0.448693,0.38059,0.0177043
64.54,0.48366,0.447016,0.380562,0.0366435
64.545,0.486712,0.445394,0.380535,0.0413176
64.55,0.478769,0.443825,0.380507,0.0349445
64.555,0.455379,0.442308,0.38048,0.0130714
64.56,0.44392,0.440841,0.380452,0.00307913
64.565,0.458902,0.439423,0.380425,0.0194788
64.57,0.479985,0.438053,0.380397,0.0419318
64.575,0.491006,0.436729,0.38037,0.0542772
64.58,0.483074,0.43545,0.380342,0.0476233
64.585,0.475614,0.434215,0.380315,0.0413986
64.59,0.48635,0.433022,0.380287,0.0533278
64.595,0.491365,0.431871,0.38026,0.0594941
64.6,0.496015,0.430758,0.380232,0.0652569
64.605,0.500304,0.429684,0.380205,0.0706194
64.61,0.48085,0.428647,0.380178,0.0522027
64.615,0.478066,0.427646,0.38015,0.0504203
64.62,0.467474,0.426679,0.380123,0.0407951
64.625,0.458064,0.425746,0.380096,0.0323184
64.63,0.465466,0.424844,0.380068,0.0406225
64.635,0.472156,0.423973,0.380041,0.0481826
64.64,0.48406,0.423132,0.380014,0.0609278
64.645,0.4723,0.422319,0.379986,0.0499805
64.65,0.480467,0.421534,0.379959,0.0589329
64.655,0.480307,0.420775,0.379932,0.0595315
64.66,0.473312,0.420042,0.379904,0.0532697
64.665,0.460056,0.419333,0.379877,0.040723
64.67,0.440728,0.418647,0.37985,0.0220813
64.675,0.437567,0.417983,0.379823,0.019584
64.68,0.469639,0.417341,0.379796,0.0522977
64.685,0.489831,0.41672,0.379768,0.0731119
64.69,0.500317,0.416118,0.379741,0.0841991
64.695,0.504043,0.415535,0.379714,0.0885087
64.7,0.502954,0.41497,0.379687,0.087984
64.705,0.483332,0.414422,0.37966,0.0689098
64.71,0.479812,0.413891,0.379632,0.0659212
64.715,0.47182,0.413376,0.379605,0.0584445
64.72,0.462702,0.412876,0.379578,0.0498262
64.725,0.469368,0.41239,0.379551,0.0569781
64.73,0.458622,0.411918,0.379524,0.0467033
64.735,0.441731,0.41146,0.379497,0.0302709
64.74,0.439409,0.411014,0.37947,0.028395
64.745,0.430115,0.410581,0.379443,0.0195345
64.75,0.43435,0.410159,0.379415,0.0241916
64.755,0.451666,0.409748,0.379388,0.0419182
64.76,0.460551,0.409347,0.379361,0.0512038
64.765,0.473172,0.408957,0.379334,0.0642142
64.77,0.470285,0.408577,0.379307,0.0617078
64.775,0.464176,0.408206,0.37928,0.05597
64.78,0.475509,0.407844,0.379253,0.0676646
64.785,0.480936,0.407491,0.379226,0.0734455
64.79,0.479358,0.407145,0.379199,0.0722126
64.795,0.474305,0.406808,0.379172,0.0674974
64.8,0.474879,0.406478,0.379145,0.0684013
64.805,0.472603,0.406156,0.379118,0.0664475
64.81,0.456378,0.40584,0.379091,0.0505384
64.815,0.43361,0.405531,0.379065,0.0280794
64.82,0.434513,0.405228,0.379038,0.0292846
64.825,0.438627,0.404932,0.379011,0.0336948
64.83,0.450745,0.404641,0.378984,0.0461039
64.835,0.45449,0.404356,0.378957,0.0501338
64.84,0.467424,0.404077,0.37893,0.0633466
64.845,0.490602,0.403803,0.378903,0.0867987
64.85,0.489965,0.403534,0.378876,0.0864316
64.855,0.479907,0.40327,0.37885,0.0766373
64.86,0.464899,0.40301,0.378823,0.0618886
64.865,0.450901,0.402755,0.378796,0.0481458
64.87,0.456814,0.402505,0.378769,0.0543092
64.875,0.473378,0.402259,0.378742,0.0711191
64.88,0.477571,0.402017,0.378715,0.0755537
64.885,0.493878,0.401779,0.378689,0.0920994
64.89,0.482577,0.401545,0.378662,0.0810328
64.895,0.476494,0.401314,0.378635,0.0751796
64.9,0.463619,0.401087,0.378608,0.0625314
64.905,0.460882,0.400864,0.378582,0.0600182
64.91,0.477049,0.400644,0.378555,0.0764048
64.915,0.471737,0.400427,0.378528,0.0713097
64.92,0.472233,0.400214,0.378502,0.0720196
64.925,0.444308,0.400003,0.378475,0.0443046
64.93,0.429897,0.399796,0.378448,0.030101
64.935,0.423956,0.399592,0.378422,0.0243639
64.94,0.416594,0.39939,0.378395,0.0172036
64.945,0.41324,0.399192,0.378368,0.0140489
64.95,0.435956,0.398996,0.378342,0.03696
64.955,0.438818,0.398802,0.378315,0.0400153
64.96,0.459779,0.398612,0.378288,0.0611672
64.965,0.460775,0.398423,0.378262,0.0623513
64.97,0.453022,0.398238,0.378235,0.054784
64.975,0.454226,0.398054,0.378209,0.0561716
64.98,0.448606,0.397873,0.378182,0.0507329
64.985,0.45401,0.397695,0.378155,0.0563157
64.99,0.459773,0.397518,0.378129,0.0622548
64.995,0.440882,0.397344,0.378102,0.0435382
65,0.436003,0.397172,0.378076,0.0388311
65.005,0.430884,0.397001,0.378049,0.0338827
65.01,0.444564,0.396833,0.378023,0.0477309
65.015,0.461069,0.396667,0.377996,0.0644013
65.02,0.467569,0.396503,0.37797,0.0710652
65.025,0.463917,0.396341,0.377943,0.0675754
65.03,0.465802,0.396181,0.377917,0.0696207
65.035,0.464135,0.396022,0.37789,0.0681121
65.04,0.457687,0.395866,0.377864,0.0618214
65.045,0.458079,0.395711,0.377838,0.0623683
65.05,0.456305,0.395558,0.377811,0.0607477
65.055,0.455232,0.395406,0.377785,0.0598257
65.06,0.442512,0.395256,0.377758,0.0472553
65.065,0.427089,0.395108,0.377732,0.0319809
65.07,0.419622,0.394962,0.377706,0.0246601
65.075,0.431162,0.394817,0.377679,0.036345
65.08,0.442603,0.394673,0.377653,0.04793
65.085,0.438136,0.394531,0.377626,0.0436046
65.09,0.437063,0.394391,0.3776,0.0426728
65.095,0.445617,0.394252,0.377574,0.0513653
65.1,0.443848,0.394114,0.377548,0.049734
65.105,0.447386,0.393978,0.377521,0.0534083
65.11,0.440403,0.393843,0.377495,0.0465599
65.115,0.4523,0.393709,0.377469,0.0585908
65.12,0.455473,0.393577,0.377442,0.0618957
65.125,0.457992,0.393446,0.377416,0.0645455
65.13,0.440085,0.393317,0.37739,0.0467681
65.135,0.439569,0.393188,0.377364,0.0463811
65.14,0.435136,0.393061,0.377337,0.0420746
65.145,0.439132,0.392935,0.377311,0.0461963
65.15,0.443403,0.392811,0.377285,0.0505922
65.155,0.439542,0.392687,0.377259,0.0468554
65.16,0.43619,0.392565,0.377233,0.0436255
65.165,0.445275,0.392443,0.377206,0.0528316
65.17,0.453886,0.392323,0.37718,0.0615625
65.175,0.463184,0.392204,0.377154,0.0709799
65.18,0.467208,0.392086,0.377128,0.0751216
65.185,0.456312,0.391969,0.377102,0.0643431
65.19,0.458163,0.391853,0.377076,0.0663098
65.195,0.457035,0.391739,0.377049,0.0652962
65.2,0.463061,0.391625,0.377023,0.0714367
65.205,0.459189,0.391512,0.376997,0.0676772
65.21,0.453627,0.3914,0.376971,0.0622275
65.215,0.450459,0.391289,0.376945,0.0591701
65.22,0.45389,0.391179,0.376919,0.0627113
65.225,0.466583,0.39107,0.376893,0.0755132
65.23,0.459845,0.390962,0.376867,0.0688831
65.235,0.457367,0.390855,0.376841,0.0665121
65.24,0.43826,0.390748,0.376815,0.0475119
65.245,0.442603,0.390643,0.376789,0.0519601
65.25,0.454326,0.390538,0.376763,0.0637883
65.255,0.456249,0.390434,0.376737,0.0658142
65.26,0.460715,0.390331,0.376711,0.0703835
65.265,0.454979,0.390229,0.376685,0.0647498
65.27,0.464173,0.390128,0.376659,0.0740446
65.275,0.455754,0.390027,0.376633,0.065727
65.28,0.45905,0.389928,0.376607,0.0691219
65.285,0.449739,0.389829,0.376581,0.0599106
65.29,0.458418,0.38973,0.376555,0.0686871
65.295,0.487291,0.389633,0.376529,0.0976583
65.3,0.489459,0.389536,0.376503,0.0999226
65.305,0.483899,0.38944,0.376477,0.094459
65.31,0.476594,0.389345,0.376452,0.0872486
65.315,0.470817,0.38925,0.376426,0.0815667
65.32,0.467734,0.389156,0.3764,0.0785774
65.325,0.478659,0.389063,0.376374,0.0895953
65.33,0.474302,0.388971,0.376348,0.0853315
65.335,0.467243,0.388879,0.376322,0.0783639
65.34,0.459217,0.388788,0.376296,0.070429
65.345,0.440524,0.388697,0.376271,0.0518266
65.35,0.442006,0.388607,0.376245,0.0533986
65.355,0.431954,0.388518,0.376219,0.043436
65.36,0.42573,0.388429,0.376193,0.0373004
65.365,0.425,0.388341,0.376168,0.0366592
65.37,0.425903,0.388254,0.376142,0.0376494
65.375,0.428479,0.388167,0.376116,0.0403127
65.38,0.42163,0.38808,0.37609,0.0335498
65.385,0.433599,0.387995,0.376065,0.0456039
65.39,0.447106,0.38791,0.376039,0.0591964
65.395,0.458229,0.387825,0.376013,0.0704035
65.4,0.456128,0.387741,0.375987,0.0683867
65.405,0.456346,0.387658,0.375962,0.0686879
65.41,0.456951,0.387575,0.375936,0.0693768
65.415,0.452679,0.387492,0.37591,0.0651865
65.42,0.437435,0.38741,0.375885,0.050025
65.425,0.436501,0.387329,0.375859,0.0491722
65.43,0.427261,0.387248,0.375833,0.040013
65.435,0.421993,0.387168,0.375808,0.0348249
65.44,0.423014,0.387088,0.375782,0.0359261
65.445,0.419667,0.387009,0.375757,0.032658
65.45,0.423164,0.38693,0.375731,0.0362338
65.455,0.429906,0.386852,0.375705,0.043055
65.46,0.428231,0.386774,0.37568,0.0414572
65.465,0.429913,0.386696,0.375654,0.0432173
65.47,0.431192,0.386619,0.375629,0.0445726
65.475,0.430264,0.386543,0.375603,0.0437209
65.48,0.444949,0.386467,0.375577,0.0584821
65.485,0.458704,0.386391,0.375552,0.0723131
65.49,0.462175,0.386316,0.375526,0.0758587
65.495,0.462233,0.386241,0.375501,0.0759917
65.5,0.46951,0.386167,0.375475,0.0833435
65.505,0.459196,0.386093,0.37545,0.0731031
65.51,0.451169,0.38602,0.375424,0.0651494
65.515,0.435812,0.385947,0.375399,0.0498658
65.52,0.430307,0.385874,0.375374,0.0444332
65.525,0.441958,0.385802,0.375348,0.0561558
65.53,0.440612,0.38573,0.375323,0.0548824
65.535,0.441637,0.385658,0.375297,0.0559785
65.54,0.440877,0.385587,0.375272,0.0552897
65.545,0.443366,0.385517,0.375246,0.0578489
65.55,0.458527,0.385446,0.375221,0.0730805
65.555,0.448852,0.385377,0.375196,0.0634757
65.56,0.44832,0.385307,0.37517,0.0630126
65.565,0.42899,0.385238,0.375145,0.0437521
65.57,0.433877,0.385169,0.375119,0.0487082
65.575,0.437727,0.385101,0.375094,0.0526263
65.58,0.449675,0.385032,0.375069,0.0646426
65.585,0.46041,0.384965,0.375043,0.0754457
65.59,0.448457,0.384897,0.375018,0.0635592
65.595,0.450581,0.38483,0.374993,0.065751
65.6,0.43603,0.384764,0.374967,0.0512669
65.605,0.436452,0.384697,0.374942,0.0517546
65.61,0.434935,0.384631,0.374917,0.0503039
65.615,0.437198,0.384565,0.374892,0.0526325
65.62,0.447324,0.3845,0.374866,0.0628243
65.625,0.464684,0.384435,0.374841,0.0802486
65.63,0.477902,0.384364,0.374816,0.0935377
65.635,0.478639,0.384299,0.37479,0.09434
65.64,0.470666,0.384235,0.374765,0.0864303
65.645,0.463862,0.384171,0.37474,0.0796903
65.65,0.46314,0.384108,0.374715,0.0790325
65.655,0.461511,0.384045,0.37469,0.0774658
65.66,0.463879,0.383982,0.374664,0.0798969
65.665,0.446992,0.383919,0.374639,0.063073
65.67,0.433695,0.383857,0.374614,0.0498383
65.675,0.429772,0.383795,0.374589,0.0459767
65.68,0.43945,0.383733,0.374564,0.0557165
65.685,0.440375,0.383672,0.374539,0.0567038
65.69,0.424646,0.38361,0.374513,0.041036
65.695,0.428311,0.383549,0.374488,0.0447619
65.7,0.431909,0.383489,0.374463,0.04842
65.705,0.449224,0.383428,0.374438,0.0657959
65.71,0.450772,0.383368,0.374413,0.0674041
65.715,0.453372,0.383308,0.374388,0.0700633
65.72,0.457727,0.383249,0.374363,0.0744777
65.725,0.470741,0.38319,0.374338,0.0875514
65.73,0.463763,0.38313,0.374313,0.0806326
65.735,0.455137,0.383072,0.374288,0.0720658
65.74,0.439843,0.383013,0.374263,0.0568296
65.745,0.429285,0.382955,0.374238,0.0463307
65.75,0.435514,0.382897,0.374213,0.0526175
65.755,0.442994,0.382839,0.374188,0.0601549
65.76,0.439026,0.382781,0.374163,0.0562443
65.765,0.438959,0.382724,0.374138,0.056235
65.77,0.433764,0.382667,0.374113,0.0510974
65.775,0.448261,0.38261,0.374088,0.0656511
65.78,0.464605,0.382553,0.374063,0.0820516
65.785,0.479141,0.382497,0.374038,0.0966442
65.79,0.481999,0.382441,0.374013,0.0995582
65.795,0.495244,0.382385,0.373988,0.112859
65.8,0.490363,0.382329,0.373963,0.108034
65.805,0.476327,0.382274,0.373938,0.094053
65.81,0.461065,0.382218,0.373913,0.078847
65.815,0.454193,0.382163,0.373888,0.0720302
65.82,0.473583,0.382108,0.373863,0.0914752
65.825,0.480348,0.382054,0.373838,0.0982941
65.83,0.481913,0.381999,0.373813,0.0999136
65.835,0.479501,0.381945,0.373789,0.0975565
65.84,0.479894,0.381891,0.373764,0.0980032
65.845,0.492184,0.381837,0.373739,0.110347
65.85,0.489639,0.381784,0.373714,0.107855
65.855,0.493489,0.38173,0.373689,0.111759
65.86,0.487478,0.381677,0.373664,0.105801
65.865,0.480348,0.381624,0.37364,0.0987243
65.87,0.469644,0.381571,0.373615,0.0880729
65.875,0.464076,0.381518,0.37359,0.0825578
65.88,0.47137,0.381466,0.373565,0.0899039
65.885,0.479888,0.381414,0.37354,0.0984738
65.89,0.47911,0.381362,0.373516,0.0977484
65.895,0.471637,0.38131,0.373491,0.0903268
65.9,0.43951,0.381258,0.373466,0.0582519
65.905,0.440574,0.381207,0.373441,0.0593671
65.91,0.445349,0.381155,0.373417,0.0641941
65.915,0.451415,0.381104,0.373392,0.0703108
65.92,0.447996,0.381053,0.373367,0.0669427
65.925,0.457715,0.381002,0.373343,0.0767121
65.93,0.480715,0.380952,0.373318,0.0997635
65.935,0.486201,0.380901,0.373293,0.1053
65.94,0.480627,0.380851,0.373269,0.0997757
65.945,0.473278,0.380801,0.373244,0.0924768
65.95,0.468266,0.380751,0.373219,0.087515
65.955,0.482595,0.380701,0.373195,0.101894
65.96,0.468947,0.380652,0.37317,0.0882952
65.965,0.465423,0.380602,0.373145,0.0848208
65.97,0.461833,0.380553,0.373121,0.0812797
65.975,0.450739,0.380504,0.373096,0.0702345
65.98,0.45287,0.380455,0.373072,0.0724143
65.985,0.454613,0.380406,0.373047,0.0742065
65.99,0.453406,0.380358,0.373022,0.0730477
65.995,0.460493,0.380309,0.372998,0.0801831
66,0.448437,0.380261,0.372973,0.0681759
66.005,0.452823,0.380213,0.372949,0.0726101
66.01,0.460566,0.380165,0.372924,0.0804005
66.015,0.465397,0.380117,0.3729,0.0852801
66.02,0.467541,0.380069,0.372875,0.0874718
66.025,0.452239,0.380022,0.372851,0.0722168
66.03,0.452854,0.379975,0.372826,0.0728796
66.035,0.455583,0.379927,0.372802,0.075656
66.04,0.447825,0.37988,0.372777,0.0679449
66.045,0.442053,0.379833,0.372753,0.06222
66.05,0.425813,0.379787,0.372728,0.0460269
66.055,0.441599,0.37974,0.372704,0.0618596
66.06,0.45642,0.379693,0.372679,0.0767267
66.065,0.470308,0.379647,0.372655,0.0906609
66.07,0.485353,0.379601,0.37263,0.105752
66.075,0.505796,0.379555,0.372606,0.126242
66.08,0.491651,0.379509,0.372581,0.112143
66.085,0.487853,0.379463,0.372557,0.10839
66.09,0.464348,0.379417,0.372533,0.0849303
66.095,0.46289,0.379372,0.372508,0.0835188
66.1,0.462129,0.379326,0.372484,0.0828028
66.105,0.455917,0.379281,0.372459,0.0766363
66.11,0.447542,0.379236,0.372435,0.0683066
66.115,0.455352,0.379191,0.372411,0.0761611
66.12,0.442138,0.379146,0.372386,0.0629923
66.125,0.434198,0.379101,0.372362,0.0550973
66.13,0.438217,0.379056,0.372338,0.0591601
66.135,0.448782,0.379012,0.372313,0.0697705
66.14,0.460215,0.378968,0.372289,0.0812473
66.145,0.469295,0.378923,0.372265,0.090372
66.15,0.455172,0.378879,0.372241,0.0762926
66.155,0.450445,0.378835,0.372216,0.0716096
66.16,0.457146,0.378791,0.372192,0.0783543
66.165,0.474632,0.378747,0.372168,0.095884
66.17,0.470988,0.378704,0.372143,0.0922846
66.175,0.469262,0.37866,0.372119,0.0906013
66.18,0.461054,0.378617,0.372095,0.082437
66.185,0.468652,0.378574,0.372071,0.0900784
66.19,0.478413,0.37853,0.372046,0.0998825
66.195,0.471212,0.378487,0.372022,0.0927245
66.2,0.467339,0.378444,0.371998,0.0888947
66.205,0.465444,0.378402,0.371974,0.0870422
66.21,0.469391,0.378359,0.37195,0.0910326
66.215,0.462035,0.378316,0.371925,0.0837191
66.22,0.447854,0.378274,0.371901,0.0695803
66.225,0.449373,0.378231,0.371877,0.0711416
66.23,0.45745,0.378189,0.371853,0.0792609
66.235,0.46608,0.378147,0.371829,0.087933
66.24,0.459982,0.378105,0.371805,0.0818774
66.245,0.463167,0.378063,0.371781,0.0851039
66.25,0.461128,0.378021,0.371756,0.0831069
66.255,0.472584,0.377979,0.371732,0.0946051
66.26,0.473637,0.377938,0.371708,0.0956999
66.265,0.471906,0.377896,0.371684,0.0940103
66.27,0.462766,0.377855,0.37166,0.0849112
66.275,0.4465,0.377813,0.371636,0.0686866
66.28,0.435823,0.377772,0.371612,0.0580509
66.285,0.437632,0.377731,0.371588,0.0599015
66.29,0.442698,0.37769,0.371564,0.0650086
66.295,0.445452,0.377649,0.37154,0.067803
66.3,0.450445,0.377608,0.371516,0.0728373
66.305,0.452688,0.377567,0.371492,0.075121
66.31,0.451043,0.377527,0.371468,0.0735164
66.315,0.452229,0.377486,0.371444,0.0747433
66.32,0.438663,0.377446,0.37142,0.0612175
66.325,0.44927,0.377405,0.371396,0.0718647
66.33,0.462854,0.377365,0.371372,0.0854887
66.335,0.459521,0.377325,0.371348,0.0821955
66.34,0.464104,0.377285,0.371324,0.086819
66.345,0.456138,0.377245,0.3713,0.0788931
66.35,0.457539,0.377205,0.371276,0.0803335
66.355,0.456934,0.377165,0.371252,0.0797685
66.36,0.449235,0.377126,0.371228,0.0721092
66.365,0.446543,0.377086,0.371204,0.0694568
66.37,0.446301,0.377047,0.37118,0.0692548
66.375,0.438309,0.377007,0.371156,0.0613016
66.38,0.420048,0.376968,0.371132,0.0430797
66.385,0.404371,0.376929,0.371108,0.027442
66.39,0.407861,0.37689,0.371084,0.0309717
66.395,0.403167,0.37685,0.371061,0.0263169
66.4,0.418138,0.376811,0.371037,0.0413267
66.405,0.418764,0.376773,0.371013,0.0419913
66.41,0.425234,0.376734,0.370989,0.0485
66.415,0.4396,0.376695,0.370965,0.0629052
66.42,0.440513,0.376656,0.370941,0.0638562
66.425,0.445171,0.376618,0.370917,0.0685528
66.43,0.438426,0.37658,0.370894,0.0618461
66.435,0.440957,0.376541,0.37087,0.064416
66.44,0.44613,0.376503,0.370846,0.0696268
66.445,0.456422,0.376465,0.370822,0.079957
66.45,0.455791,0.376427,0.370798,0.0793648
66.455,0.443471,0.376388,0.370775,0.0670823
66.46,0.437242,0.376351,0.370751,0.0608919
66.465,0.427816,0.376313,0.370727,0.0515032
66.47,0.440288,0.376275,0.370703,0.0640129
66.475,0.437472,0.376237,0.37068,0.0612347
66.48,0.440623,0.376199,0.370656,0.0644237
66.485,0.435104,0.376162,0.370632,0.0589417
66.49,0.440723,0.376124,0.370608,0.0645988
66.495,0.445067,0.376087,0.370585,0.0689795
66.5,0.457181,0.37605,0.370561,0.0811312
66.505,0.457156,0.376012,0.370537,0.0811432
66.51,0.470434,0.375975,0.370514,0.0944592
66.515,0.468745,0.375938,0.37049,0.0928067
66.52,0.465326,0.375901,0.370466,0.0894253
66.525,0.447585,0.375864,0.370443,0.0717203
66.53,0.43535,0.375827,0.370419,0.0595228
66.535,0.431019,0.375791,0.370395,0.0552289
66.54,0.434545,0.375754,0.370372,0.0587915
66.545,0.442251,0.375717,0.370348,0.0665342
66.55,0.444407,0.375681,0.370324,0.0687268
66.555,0.461398,0.375644,0.370301,0.0857542
66.56,0.468073,0.375608,0.370277,0.0924652
66.565,0.466085,0.375571,0.370254,0.0905138
66.57,0.46513,0.375535,0.37023,0.0895955
66.575,0.450389,0.375499,0.370206,0.0748906
66.58,0.439158,0.375463,0.370183,0.0636953
66.585,0.428494,0.375427,0.370159,0.0530674
66.59,0.431177,0.375391,0.370136,0.0557864
66.595,0.433658,0.375355,0.370112,0.0583032
66.6,0.445355,0.375319,0.370089,0.0700361
66.605,0.44458,0.375283,0.370065,0.0692974
66.61,0.443497,0.375247,0.370042,0.0682501
66.615,0.448087,0.375212,0.370018,0.0728753
66.62,0.457023,0.375176,0.369995,0.0818468
66.625,0.465864,0.37514,0.369971,0.0907234
66.63,0.474279,0.375105,0.369948,0.0991738
66.635,0.46435,0.37507,0.369924,0.0892804
66.64,0.450267,0.375034,0.369901,0.0752331
66.645,0.442979,0.374999,0.369877,0.0679796
66.65,0.455017,0.374964,0.369854,0.0800531
66.655,0.468458,0.374929,0.36983,0.0935295
66.66,0.467466,0.374894,0.369807,0.0925728
66.665,0.444024,0.374858,0.369783,0.069166
66.67,0.424561,0.374824,0.36976,0.0497375
66.675,0.421187,0.374789,0.369736,0.0463981
66.68,0.417029,0.374754,0.369713,0.0422755
66.685,0.406025,0.374719,0.36969,0.0313059
66.69,0.41487,0.374684,0.369666,0.0401852
66.695,0.418008,0.37465,0.369643,0.0433582
66.7,0.430589,0.374615,0.369619,0.0559737
66.705,0.436375,0.374581,0.369596,0.0617947
66.71,0.433163,0.374546,0.369573,0.0586165
66.715,0.429101,0.374512,0.369549,0.0545892
66.72,0.421505,0.374478,0.369526,0.0470273
66.725,0.40758,0.374443,0.369503,0.0331364
66.73,0.419478,0.374409,0.369479,0.0450691
66.735,0.432532,0.374375,0.369456,0.0581568
66.74,0.434357,0.374341,0.369433,0.060016
66.745,0.431268,0.374307,0.369409,0.0569615
66.75,0.427824,0.374273,0.369386,0.053551
66.755,0.415145,0.374239,0.369363,0.0409058
66.76,0.412494,0.374109,0.369339,0.038385
66.765,0.399539,0.374075,0.369316,0.0254632
66.77,0.403691,0.374042,0.369293,0.0296493
66.775,0.406833,0.374008,0.36927,0.0328249
66.78,0.415424,0.373975,0.369246,0.0414491
66.785,0.423198,0.373941,0.369223,0.0492574
66.79,0.423998,0.373908,0.3692,0.0500901
66.795,0.423838,0.373874,0.369177,0.0499635
66.8,0.425573,0.373841,0.369153,0.0517322
66.805,0.429682,0.373808,0.36913,0.0558746
66.81,0.435075,0.373774,0.369107,0.0613011
66.815,0.433004,0.373741,0.369084,0.0592627
66.82,0.422745,0.373708,0.36906,0.0490366
66.825,0.418992,0.373675,0.369037,0.0453168
66.83,0.412573,0.373642,0.369014,0.038931
66.835,0.422042,0.373609,0.368991,0.0484334
66.84,0.435411,0.373576,0.368968,0.0618354
66.845,0.446951,0.373543,0.368945,0.0734079
66.85,0.438331,0.37351,0.368921,0.064821
66.855,0.432331,0.373478,0.368898,0.0588532
66.86,0.421168,0.373445,0.368875,0.0477228
66.865,0.41712,0.373412,0.368852,0.0437078
66.87,0.405714,0.37338,0.368829,0.0323344
66.875,0.391044,0.373347,0.368806,0.0176968
66.88,0.392549,0.373315,0.368783,0.019234
66.885,0.390936,0.373282,0.36876,0.0176542
66.89,0.404001,0.37325,0.368736,0.0307513
66.895,0.407816,0.373217,0.368713,0.0345987
66.9,0.412322,0.373185,0.36869,0.0391367
66.905,0.422193,0.373153,0.368667,0.0490401
66.91,0.419322,0.373121,0.368644,0.0462014
66.915,0.419889,0.373089,0.368621,0.0468002
66.92,0.408139,0.373056,0.368598,0.0350822
66.925,0.392594,0.373024,0.368575,0.01957
66.93,0.390387,0.372992,0.368552,0.0173948
66.935,0.411132,0.372961,0.368529,0.0381714
66.94,0.426625,0.372929,0.368506,0.0536964
66.945,0.429362,0.372897,0.368483,0.0564655
66.95,0.421871,0.372865,0.36846,0.0490057
66.955,0.408819,0.372833,0.368437,0.0359856
66.96,0.416632,0.372802,0.368414,0.0438309
66.965,0.408552,0.37277,0.368391,0.0357817
66.97,0.402301,0.372738,0.368368,0.0295626
66.975,0.388327,0.372707,0.368345,0.0156202
66.98,0.387843,0.372675,0.368322,0.0151676
66.985,0.394743,0.372644,0.368299,0.0220993
66.99,0.402875,0.372612,0.368276,0.0302625
66.995,0.416086,0.372581,0.368253,0.0435047
67,0.404626,0.37255,0.36823,0.0320767
67.005,0.408593,0.372518,0.368207,0.0360742
67.01,0.399607,0.372487,0.368184,0.0271199
67.015,0.409396,0.372456,0.368162,0.03694
67.02,0.416859,0.372425,0.368139,0.0444338
67.025,0.426018,0.372394,0.368116,0.0536243
67.03,0.422248,0.372363,0.368093,0.0498854
67.035,0.41255,0.372332,0.36807,0.0402185
67.04,0.398193,0.372301,0.368047,0.0258924
67.045,0.397729,0.37227,0.368024,0.0254592
67.05,0.400452,0.372239,0.368001,0.0282123
67.055,0.390783,0.372208,0.367978,0.0185749
67.06,0.397603,0.372178,0.367956,0.0254257
67.065,0.405808,0.372147,0.367933,0.0336613
67.07,0.40747,0.372116,0.36791,0.0353539
67.075,0.403792,0.372086,0.367887,0.0317063
67.08,0.398247,0.372055,0.367864,0.0261916
67.085,0.386099,0.372024,0.367842,0.0140741
67.09,0.385495,0.371994,0.367819,0.0135014
67.095,0.373332,0.371963,0.367796,0.00136828
67.1,0.368378,0.371933,0.367773,-0.0035553
67.105,0.383116,0.371903,0.36775,0.0112138
67.11,0.391664,0.371872,0.367728,0.019792
67.115,0.398264,0.371842,0.367705,0.0264215
67.12,0.399148,0.371812,0.367682,0.0273361
67.125,0.399519,0.371782,0.367659,0.027737
67.13,0.404996,0.371752,0.367637,0.033245
67.135,0.400695,0.371721,0.367614,0.0289733
67.14,0.387162,0.371691,0.367591,0.0154712
67.145,0.374502,0.371661,0.367568,0.00284028
67.15,0.379597,0.371631,0.367546,0.00796544
67.155,0.409598,0.371601,0.367523,0.0379964
67.16,0.422602,0.371571,0.3675,0.0510305
67.165,0.423404,0.371542,0.367478,0.0518624
67.17,0.410825,0.371512,0.367455,0.0393128
67.175,0.399414,0.371482,0.367432,0.0279318
67.18,0.395255,0.371452,0.36741,0.0238027
67.185,0.377063,0.371423,0.367387,0.00564037
67.19,0.357276,0.371393,0.367364,-0.0141165
67.195,0.351855,0.371363,0.367342,-0.0195081
67.2,0.362095,0.371334,0.367319,-0.00923828
67.205,0.366577,0.371304,0.367296,-0.0047272
67.21,0.370251,0.371275,0.367274,-0.0010232
67.215,0.372589,0.371245,0.367251,0.00134397
67.22,0.380738,0.371216,0.367228,0.0095219
67.225,0.393426,0.371186,0.367206,0.0222394
67.23,0.385528,0.371157,0.367183,0.0143707
67.235,0.391563,0.371128,0.367161,0.0204348
67.24,0.380303,0.371099,0.367138,0.00920427
67.245,0.385858,0.371069,0.367115,0.0147891
67.25,0.392824,0.37104,0.367093,0.0217835
67.255,0.390562,0.371011,0.36707,0.0195507
67.26,0.396779,0.370982,0.367048,0.0257972
67.265,0.398749,0.370953,0.367025,0.0277958
67.27,0.399325,0.370924,0.367003,0.0284016
67.275,0.40322,0.370895,0.36698,0.0323247
67.28,0.400379,0.370866,0.366957,0.0295132
67.285,0.400116,0.370837,0.366935,0.0292795
67.29,0.381126,0.370808,0.366912,0.0103184
67.295,0.391075,0.370779,0.36689,0.0202954
67.3,0.377532,0.37075,0.366867,0.00678174
67.305,0.379653,0.370722,0.366845,0.00893131
67.31,0.382186,0.370693,0.366822,0.0114932
67.315,0.381573,0.370664,0.3668,0.0109083
67.32,0.393107,0.370636,0.366777,0.0224712
67.325,0.409255,0.370607,0.366755,0.0386476
67.33,0.418961,0.370578,0.366733,0.048383
67.335,0.424455,0.37055,0.36671,0.0539055
67.34,0.42618,0.370521,0.366688,0.0556591
67.345,0.410793,0.370493,0.366665,0.0403005
67.35,0.405268,0.370465,0.366643,0.0348031
67.355,0.38037,0.370436,0.36662,0.00993369
67.36,0.374943,0.370408,0.366598,0.00453522
67.365,0.374868,0.370379,0.366575,0.00448829
67.37,0.376646,0.370351,0.366553,0.00629482
67.375,0.393799,0.370323,0.366531,0.0234757
67.38,0.387618,0.370295,0.366508,0.0173235
67.385,0.390647,0.370267,0.366486,0.0203804
67.39,0.389974,0.370238,0.366463,0.0197353
67.395,0.384317,0.37021,0.366441,0.0141067
67.4,0.386638,0.370182,0.366419,0.0164557
67.405,0.379456,0.370154,0.366396,0.00930212
67.41,0.3871,0.370126,0.366374,0.0169733
67.415,0.384929,0.370098,0.366352,0.0148308
67.42,0.394547,0.37007,0.366329,0.0244765
67.425,0.408308,0.370043,0.366307,0.0382653
67.43,0.411989,0.370015,0.366285,0.0419741
67.435,0.404389,0.369987,0.366262,0.0344022
67.44,0.388032,0.369959,0.36624,0.0180724
67.445,0.358539,0.369931,0.366218,-0.0113925
67.45,0.342682,0.369904,0.366195,-0.0272217
67.455,0.342352,0.369876,0.366173,-0.0275236
67.46,0.348286,0.369848,0.366151,-0.021562
67.465,0.347283,0.369821,0.366128,-0.0225379
67.47,0.356226,0.369793,0.366106,-0.0135669
67.475,0.351075,0.369766,0.366084,-0.0186911
67.48,0.363579,0.369738,0.366062,-0.00615915
67.485,0.38502,0.369711,0.366039,0.0153089
67.49,0.390926,0.369683,0.366017,0.021243
67.495,0.39788,0.369656,0.365995,0.0282237
67.5,0.39077,0.369629,0.365973,0.0211413
67.505,0.387829,0.369601,0.36595,0.0182282
67.51,0.381908,0.369574,0.365928,0.0123345
67.515,0.378088,0.369547,0.365906,0.00854161
67.52,0.370731,0.369519,0.365884,0.00121187
67.525,0.378221,0.369492,0.365861,0.00872915
67.53,0.387784,0.369465,0.365839,0.0183187
67.535,0.386059,0.369438,0.365817,0.0166209
67.54,0.37162,0.369411,0.365795,0.00220927
67.545,0.371022,0.369384,0.365773,0.00163782
67.55,0.385661,0.369357,0.36575,0.0163041
67.555,0.403104,0.36933,0.365728,0.0337745
67.56,0.407062,0.369303,0.365706,0.0377592
67.565,0.396044,0.369276,0.365684,0.0267677
67.57,0.383069,0.369249,0.365662,0.01382
67.575,0.373594,0.369222,0.36564,0.00437166
67.58,0.386113,0.369195,0.365618,0.0169173
67.585,0.389565,0.369169,0.365595,0.020396
67.59,0.394172,0.369142,0.365573,0.0250305
67.595,0.387303,0.369115,0.365551,0.0181883
67.6,0.37589,0.369089,0.365529,0.00680178
67.605,0.386173,0.369062,0.365507,0.0171113
67.61,0.392749,0.369035,0.365485,0.0237138
67.615,0.398069,0.369009,0.365463,0.0290603
67.62,0.405843,0.368982,0.365441,0.0368606
67.625,0.404693,0.368956,0.365419,0.0357373
67.63,0.413387,0.368929,0.365396,0.0444579
67.635,0.419634,0.368903,0.365374,0.0507311
67.64,0.409821,0.368876,0.365352,0.0409449
67.645,0.41166,0.36885,0.36533,0.04281
67.65,0.400229,0.368824,0.365308,0.0314056
67.655,0.40321,0.368797,0.365286,0.0344127
67.66,0.39721,0.368771,0.365264,0.0284387
67.665,0.389796,0.368745,0.365242,0.0210512
67.67,0.37853,0.368719,0.36522,0.00981113
67.675,0.387664,0.368692,0.365198,0.018972
67.68,0.379304,0.368666,0.365176,0.0106377
67.685,0.383845,0.36864,0.365154,0.0152046
67.69,0.368419,0.368614,0.365132,-0.000195443
67.695,0.362062,0.368588,0.36511,-0.0065262
67.7,0.36648,0.368562,0.365088,-0.00208178
67.705,0.37636,0.368536,0.365066,0.00782364
67.71,0.385354,0.36851,0.365044,0.016844
67.715,0.396788,0.368484,0.365022,0.0283035
67.72,0.39989,0.368458,0.365,0.0314318
67.725,0.398635,0.368432,0.364978,0.0302026
67.73,0.397381,0.368406,0.364956,0.0289743
67.735,0.375656,0.368381,0.364934,0.00727534
67.74,0.356429,0.368355,0.364912,-0.0119261
67.745,0.339341,0.368329,0.36489,-0.0289887
67.75,0.333525,0.368304,0.364868,-0.0347782
67.755,0.356501,0.368278,0.364847,-0.0117769
67.76,0.370388,0.368252,0.364825,0.00213618
67.765,0.381194,0.368227,0.364803,0.012967
67.77,0.390476,0.368201,0.364781,0.022275
67.775,0.385616,0.368176,0.364759,0.0174405
67.78,0.38461,0.36815,0.364737,0.0164596
67.785,0.382232,0.368125,0.364715,0.0141071
67.79,0.378769,0.368099,0.364693,0.0106695
67.795,0.382421,0.368074,0.364671,0.0143471
67.8,0.383084,0.368048,0.364649,0.0150358
67.805,0.377211,0.368023,0.364628,0.00918764
67.81,0.365729,0.367998,0.364606,-0.00226917
67.815,0.360038,0.367973,0.364584,-0.00793429
67.82,0.362688,0.367947,0.364562,-0.0052588
67.825,0.370031,0.367922,0.36454,0.00210938
67.83,0.370984,0.367897,0.364518,0.00308701
67.835,0.369183,0.367872,0.364497,0.00131151
67.84,0.371045,0.367847,0.364475,0.00319841
67.845,0.368879,0.367822,0.364453,0.00105705
67.85,0.381476,0.367797,0.364431,0.0136796
67.855,0.388856,0.367772,0.364409,0.0210848
67.86,0.407851,0.367747,0.364387,0.0401044
67.865,0.407458,0.367722,0.364366,0.0397362
67.87,0.409262,0.367697,0.364344,0.0415656
67.875,0.392661,0.367672,0.364322,0.024989
67.88,0.39024,0.367647,0.3643,0.0225928
67.885,0.387796,0.367622,0.364279,0.0201741
67.89,0.385909,0.367597,0.364257,0.0183112
67.895,0.37869,0.367573,0.364235,0.0111178
67.9,0.386475,0.367548,0.364213,0.0189275
67.905,0.397534,0.367523,0.364192,0.030011
67.91,0.394866,0.367499,0.36417,0.0273672
67.915,0.3834,0.367474,0.364148,0.0159258
67.92,0.374221,0.36745,0.364126,0.00677189
67.925,0.37377,0.367425,0.364105,0.00634527
67.93,0.370456,0.3674,0.364083,0.00305576
67.935,0.356068,0.367376,0.364061,-0.0113082
67.94,0.344399,0.367352,0.364039,-0.0229522
67.945,0.35229,0.367327,0.364018,-0.0150369
67.95,0.36277,0.367303,0.363996,-0.00453273
67.955,0.377024,0.367278,0.363974,0.00974564
67.96,0.378738,0.367254,0.363953,0.0114842
67.965,0.382251,0.36723,0.363931,0.0150209
67.97,0.388589,0.367206,0.363909,0.021383
67.975,0.384009,0.367181,0.363888,0.0168277
67.98,0.393222,0.367157,0.363866,0.0260647
67.985,0.408543,0.367133,0.363844,0.0414098
67.99,0.398342,0.367109,0.363823,0.0312328
67.995,0.389854,0.367085,0.363801,0.0227691
68,0.379747,0.367061,0.363779,0.0126862
68.005,0.370516,0.367037,0.363758,0.00347852
68.01,0.371476,0.367013,0.363736,0.00446254
68.015,0.370611,0.366989,0.363714,0.00362151
68.02,0.367481,0.366965,0.363693,0.000515314
68.025,0.366776,0.366941,0.363671,-0.000165311
68.03,0.373176,0.366918,0.36365,0.00625874
68.035,0.36849,0.366894,0.363628,0.00159604
68.04,0.379897,0.36687,0.363606,0.0130274
68.045,0.379337,0.366846,0.363585,0.012491
68.05,0.380119,0.366823,0.363563,0.0132959
68.055,0.374022,0.366799,0.363542,0.00722309
68.06,0.370298,0.366775,0.36352,0.0035225
68.065,0.367932,0.366752,0.363499,0.00117991
68.07,0.370435,0.366728,0.363477,0.00370707
68.075,0.380908,0.366705,0.363455,0.0142034
68.08,0.392032,0.366681,0.363434,0.0253507
68.085,0.393313,0.366658,0.363412,0.026655
68.09,0.393771,0.366634,0.363391,0.0271361
68.095,0.382931,0.366611,0.363369,0.01632
68.1,0.381057,0.366588,0.363348,0.0144695
68.105,0.371408,0.366565,0.363326,0.00484364
68.11,0.356657,0.366541,0.363305,-0.00988452
68.115,0.353725,0.366518,0.363283,-0.0127932
68.12,0.364303,0.366495,0.363262,-0.00219241
68.125,0.370064,0.366472,0.36324,0.00359186
68.13,0.374958,0.366449,0.363219,0.00850966
68.135,0.373769,0.366426,0.363197,0.0073431
68.14,0.373921,0.366403,0.363176,0.00751804
68.145,0.389837,0.36638,0.363154,0.0234574
68.15,0.38302,0.366357,0.363133,0.0166631
68.155,0.375812,0.366334,0.363111,0.00947823
68.16,0.373144,0.366311,0.36309,0.00683335
68.165,0.363239,0.366288,0.363068,-0.00304936
68.17,0.370677,0.366265,0.363047,0.00441155
68.175,0.370075,0.366243,0.363025,0.00383231
68.18,0.371606,0.36622,0.363004,0.00538585
68.185,0.367901,0.366197,0.362983,0.00170417
68.19,0.363679,0.366175,0.362961,-0.00249534
68.195,0.35833,0.366152,0.36294,-0.00782213
68.2,0.370812,0.366129,0.362918,0.00468233
68.205,0.371754,0.366107,0.362897,0.00564697
68.21,0.368741,0.366084,0.362875,0.00265659
68.215,0.365466,0.366062,0.362854,-0.0005965
68.22,0.375368,0.36604,0.362833,0.00932881
68.225,0.387161,0.366017,0.362811,0.0211439
68.23,0.390348,0.365995,0.36279,0.0243533
68.235,0.376671,0.365973,0.362768,0.0106981
68.24,0.363862,0.36595,0.362747,-0.00208877
68.245,0.353915,0.365928,0.362726,-0.0120132
68.25,0.345251,0.365906,0.362704,-0.0206554
68.255,0.332316,0.365884,0.362683,-0.0335684
68.26,0.328097,0.365862,0.362662,-0.0377652
68.265,0.333037,0.36584,0.36264,-0.0328031
68.27,0.339301,0.365818,0.362619,-0.0265169
68.275,0.347434,0.365796,0.362597,-0.0183624
68.28,0.353952,0.365774,0.362576,-0.0118221
68.285,0.358203,0.365752,0.362555,-0.00754904
68.29,0.356797,0.365731,0.362533,-0.00893325
68.295,0.354326,0.365709,0.362512,-0.0113824
68.3,0.357379,0.365687,0.362491,-0.0083086
68.305,0.363486,0.365666,0.36247,-0.00217997
68.31,0.365282,0.365644,0.362448,-0.000361891
68.315,0.37501,0.365622,0.362427,0.00938794
68.32,0.385324,0.365601,0.362406,0.0197227
68.325,0.391192,0.365579,0.362384,0.0256122
68.33,0.385926,0.365558,0.362363,0.0203683
68.335,0.372087,0.365537,0.362342,0.00654998
68.34,0.380684,0.365515,0.36232,0.0151683
68.345,0.384966,0.365494,0.362299,0.0194721
68.35,0.385321,0.365473,0.362278,0.0198485
68.355,0.375456,0.365452,0.362257,0.0100042
68.36,0.372263,0.36543,0.362235,0.00683282
68.365,0.372492,0.365409,0.362214,0.00708305
68.37,0.377926,0.365388,0.362193,0.0125378
68.375,0.379484,0.365367,0.362172,0.0141164
68.38,0.384919,0.365346,0.36215,0.0195731
68.385,0.389953,0.365325,0.362129,0.0246274
68.39,0.390571,0.365305,0.362108,0.0252659
68.395,0.381405,0.365284,0.362087,0.0161206
68.4,0.376305,0.365263,0.362065,0.011042
68.405,0.360998,0.365242,0.362044,-0.00424408
68.41,0.350284,0.365222,0.362023,-0.0149376
68.415,0.34531,0.365201,0.362002,-0.019891
68.42,0.35355,0.365181,0.361981,-0.0116306
68.425,0.368283,0.36516,0.361959,0.00312285
68.43,0.375119,0.36514,0.361938,0.0099791
68.435,0.380364,0.36512,0.361917,0.0152441
68.44,0.387672,0.365099,0.361896,0.0225726
68.445,0.386236,0.365079,0.361875,0.021157
68.45,0.395104,0.365059,0.361854,0.0300451
68.455,0.38668,0.365039,0.361832,0.0216411
68.46,0.389113,0.365019,0.361811,0.0240945
68.465,0.391688,0.364999,0.36179,0.0266892
68.47,0.398879,0.364979,0.361769,0.0339005
68.475,0.406526,0.364959,0.361748,0.0415669
68.48,0.400488,0.364939,0.361727,0.0355487
68.485,0.394706,0.364919,0.361705,0.0297867
68.49,0.383186,0.3649,0.361684,0.018286
68.495,0.370959,0.36488,0.361663,0.00607945
68.5,0.36743,0.36486,0.361642,0.00256989
68.505,0.355727,0.364841,0.361621,-0.00911345
68.51,0.352517,0.364821,0.3616,-0.0123046
68.515,0.369529,0.364802,0.361579,0.00472721
68.52,0.378623,0.364783,0.361558,0.0138405
68.525,0.388908,0.364763,0.361537,0.0241445
68.53,0.390861,0.364744,0.361515,0.0261168
68.535,0.383987,0.364725,0.361494,0.0192614
68.54,0.380775,0.364706,0.361473,0.0160693
68.545,0.385476,0.364687,0.361452,0.0207891
68.55,0.388735,0.364668,0.361431,0.0240664
68.555,0.383401,0.364649,0.36141,0.0187512
68.56,0.369973,0.364631,0.361389,0.00534253
68.565,0.359694,0.364612,0.361368,-0.0049183
68.57,0.356855,0.364593,0.361347,-0.00773848
68.575,0.373516,0.364575,0.361326,0.00894101
68.58,0.373531,0.364556,0.361305,0.00897449
68.585,0.369184,0.364538,0.361284,0.00464588
68.59,0.379901,0.36452,0.361263,0.0153815
68.595,0.392212,0.364501,0.361242,0.0277108
68.6,0.391027,0.364483,0.361221,0.0265438
68.605,0.384428,0.364465,0.3612,0.0199634
68.61,0.368123,0.364447,0.361179,0.00367561
68.615,0.366229,0.364429,0.361157,0.00179945
68.62,0.378201,0.364411,0.361136,0.0137894
68.625,0.384851,0.364393,0.361115,0.0204574
68.63,0.380134,0.364376,0.361094,0.0157583
68.635,0.372388,0.364358,0.361073,0.00802997
68.64,0.368949,0.364341,0.361052,0.00460862
68.645,0.37575,0.364323,0.361031,0.0114268
68.65,0.390018,0.364306,0.36101,0.0257117
68.655,0.393892,0.364289,0.36099,0.0296035
68.66,0.399008,0.364272,0.360969,0.0347364
68.665,0.39872,0.364255,0.360948,0.0344651
68.67,0.397082,0.364238,0.360927,0.0328439
68.675,0.394169,0.364221,0.360906,0.0299483
68.68,0.393649,0.364204,0.360885,0.0294452
68.685,0.387953,0.364187,0.360864,0.023766
68.69,0.396584,0.364171,0.360843,0.0324133
68.695,0.398895,0.364154,0.360822,0.034741
68.7,0.392168,0.364138,0.360801,0.0280303
68.705,0.380885,0.364122,0.36078,0.0167632
68.71,0.369192,0.364105,0.360759,0.00508616
68.715,0.375504,0.364089,0.360738,0.0114143
68.72,0.373941,0.364073,0.360717,0.00986747
68.725,0.368994,0.364058,0.360696,0.00493594
68.73,0.364378,0.364042,0.360675,0.000336048
68.735,0.363481,0.364026,0.360654,-0.000545419
68.74,0.365185,0.364011,0.360633,0.00117421
68.745,0.369313,0.363995,0.360613,0.00531796
68.75,0.356055,0.36398,0.360592,-0.00792528
68.755,0.354853,0.363965,0.360571,-0.0091121
68.76,0.361085,0.36395,0.36055,-0.00286528
68.765,0.361932,0.363935,0.360529,-0.00200265
68.77,0.360554,0.36392,0.360508,-0.00336579
68.775,0.349963,0.363905,0.360487,-0.0139428
68.78,0.350295,0.363891,0.360466,-0.0135957
68.785,0.350658,0.363877,0.360446,-0.0132182
68.79,0.357041,0.363862,0.360425,-0.00682141
68.795,0.366994,0.363848,0.360404,0.00314571
68.8,0.376185,0.363834,0.360383,0.0123508
68.805,0.376742,0.36382,0.360362,0.0129219
68.81,0.371533,0.363807,0.360341,0.00772602
68.815,0.363667,0.363793,0.36032,-0.000126276
68.82,0.368313,0.36378,0.3603,0.00453345
68.825,0.367901,0.363766,0.360279,0.00413427
68.83,0.359744,0.363753,0.360258,-0.00400893
68.835,0.367001,0.36374,0.360237,0.00326046
68.84,0.37258,0.363727,0.360216,0.00885221
68.845,0.385599,0.363715,0.360195,0.0218848
68.85,0.389189,0.363702,0.360175,0.0254864
68.855,0.381202,0.36369,0.360154,0.0175117
68.86,0.374828,0.363678,0.360133,0.0111502
68.865,0.370904,0.363666,0.360112,0.00723856
68.87,0.367164,0.363654,0.360091,0.00351023
68.875,0.365978,0.363642,0.360071,0.00233568
68.88,0.362072,0.363631,0.36005,-0.00155911
68.885,0.367219,0.36362,0.360029,0.00359955
68.89,0.376342,0.363608,0.360008,0.0127341
68.895,0.389572,0.363598,0.359987,0.0259742
68.9,0.391226,0.363587,0.359967,0.0276391
68.905,0.384165,0.363576,0.359946,0.020589
68.91,0.38383,0.363566,0.359925,0.0202638
68.915,0.376145,0.363556,0.359904,0.0125886
68.92,0.377026,0.363546,0.359884,0.0134798
68.925,0.375476,0.363536,0.359863,0.011939
68.93,0.36264,0.363527,0.359842,-0.000887405
68.935,0.364814,0.363518,0.359821,0.00129623
68.94,0.358925,0.363509,0.359801,-0.004584
68.945,0.357603,0.3635,0.35978,-0.00589717
68.95,0.372086,0.363492,0.359759,0.00859403
68.955,0.367959,0.363483,0.359738,0.00447532
68.96,0.365071,0.363476,0.359718,0.00159547
68.965,0.368404,0.363468,0.359697,0.00493601
68.97,0.360918,0.36346,0.359676,-0.00254229
68.975,0.359771,0.363453,0.359656,-0.00368205
68.98,0.35901,0.363446,0.359635,-0.00443678
68.985,0.349778,0.36344,0.359614,-0.013662
68.99,0.35478,0.363433,0.359593,-0.00865298
68.995,0.362781,0.363427,0.359573,-0.000646191
69,0.361391,0.363422,0.359552,-0.00203051
69.005,0.366717,0.363416,0.359531,0.00330039
69.01,0.361309,0.363412,0.359511,-0.00210258
69.015,0.36885,0.363407,0.35949,0.00544351
69.02,0.373362,0.363403,0.359469,0.00995901
69.025,0.369189,0.363399,0.359449,0.00579001
69.03,0.372475,0.363395,0.359428,0.00907981
69.035,0.359763,0.363392,0.359407,-0.00362849
69.04,0.359058,0.363389,0.359387,-0.00433099
69.045,0.353883,0.363387,0.359366,-0.00950343
69.05,0.355282,0.363385,0.359345,-0.00810326
69.055,0.347544,0.363383,0.359325,-0.015839
69.06,0.359248,0.363382,0.359304,-0.0041341
69.065,0.365743,0.363382,0.359283,0.00236155
69.07,0.366982,0.363382,0.359263,0.00360025
69.075,0.364521,0.363382,0.359242,0.0011387
69.08,0.366105,0.363383,0.359221,0.00272157
69.085,0.368641,0.363385,0.359201,0.00525618
69.09,0.377588,0.363387,0.35918,0.0142012
69.095,0.369165,0.363389,0.35916,0.00577558
69.1,0.368885,0.363393,0.359139,0.00549293
69.105,0.370698,0.363396,0.359118,0.0073019
69.11,0.381863,0.363401,0.359098,0.0184621
69.115,0.376909,0.363406,0.359077,0.0135028
69.12,0.363867,0.363412,0.359057,0.000454731
69.125,0.359468,0.363419,0.359036,-0.00395049
69.13,0.365198,0.363426,0.359015,0.001772
69.135,0.376432,0.363434,0.358995,0.0129975
69.14,0.371598,0.363443,0.358974,0.00815449
69.145,0.34698,0.363453,0.358954,-0.0164725
69.15,0.351506,0.363464,0.358933,-0.0119575
69.155,0.359959,0.363475,0.358912,-0.00351624
69.16,0.366327,0.363488,0.358892,0.00283909
69.165,0.368549,0.363501,0.358871,0.00504756
69.17,0.369017,0.363516,0.358851,0.00550052
69.175,0.380278,0.363532,0.35883,0.0167468
69.18,0.384297,0.363549,0.35881,0.0207486
69.185,0.382685,0.363566,0.358789,0.0191189
69.19,0.368773,0.363586,0.358768,0.00518743
69.195,0.36405,0.363606,0.358748,0.00044393
69.2,0.365126,0.363628,0.358727,0.00149871
69.205,0.369213,0.363651,0.358707,0.00556246
69.21,0.36901,0.363675,0.358686,0.00533442
69.215,0.358269,0.363701,0.358666,-0.00543176
69.22,0.349749,0.363729,0.358645,-0.0139797
69.225,0.34675,0.363758,0.358625,-0.0170078
69.23,0.348937,0.363788,0.358604,-0.014851
69.235,0.348699,0.363821,0.358584,-0.0151218
69.24,0.361602,0.363855,0.358563,-0.00225262
69.245,0.356466,0.363891,0.358543,-0.00742529
69.25,0.363026,0.363929,0.358522,-0.000902396
69.255,0.350054,0.363969,0.358502,-0.0139152
69.26,0.349813,0.364011,0.358481,-0.0141973
69.265,0.358879,0.364055,0.358461,-0.00517578
69.27,0.367379,0.364101,0.35844,0.00327793
69.275,0.366057,0.36415,0.35842,0.00190666
69.28,0.374243,0.364201,0.358399,0.0100416
69.285,0.362707,0.364254,0.358379,-0.00154795
69.29,0.370964,0.364311,0.358358,0.0066535
69.295,0.366166,0.364369,0.358338,0.00179657
69.3,0.372184,0.364431,0.358317,0.0077534
69.305,0.370286,0.364495,0.358297,0.00579128
69.31,0.36749,0.364562,0.358276,0.00292831
69.315,0.359023,0.364632,0.358256,-0.00560915
69.32,0.354822,0.364706,0.358235,-0.00988376
69.325,0.353903,0.364782,0.358215,-0.0108798
69.33,0.367245,0.364862,0.358194,0.00238286
69.335,0.367959,0.364946,0.358174,0.00301393
69.34,0.382544,0.365032,0.358153,0.0175119
69.345,0.379547,0.365123,0.358133,0.0144237
69.35,0.382135,0.365217,0.358113,0.0169177
69.355,0.375707,0.365315,0.358092,0.010392
69.36,0.369317,0.365417,0.358072,0.00390008
69.365,0.365792,0.365523,0.358051,0.000268109
69.37,0.369165,0.365634,0.358031,0.0035316
69.375,0.356243,0.365748,0.35801,-0.00950487
69.38,0.34904,0.365867,0.35799,-0.0168277
69.385,0.347194,0.365991,0.35797,-0.0187966
69.39,0.3563,0.366119,0.357949,-0.00981898
69.395,0.365503,0.366252,0.357929,-0.000748714
69.4,0.369555,0.366389,0.357908,0.00316548
69.405,0.357155,0.366532,0.357888,-0.00937673
69.41,0.356083,0.366679,0.357867,-0.0105964
69.415,0.358912,0.366832,0.357847,-0.00792014
69.42,0.361381,0.36699,0.357827,-0.00560899
69.425,0.359517,0.367153,0.357806,-0.0076363
69.43,0.362074,0.367322,0.357786,-0.00524771
69.435,0.369049,0.367496,0.357765,0.00155261
69.44,0.375213,0.367676,0.357745,0.00753669
69.445,0.369458,0.367862,0.357725,0.00159647
69.45,0.359932,0.368053,0.357704,-0.00812101
69.455,0.354103,0.36825,0.357684,-0.0141471
69.46,0.365154,0.368453,0.357664,-0.0032991
69.465,0.375901,0.368663,0.357643,0.00723824
69.47,0.387824,0.368878,0.357623,0.0189458
69.475,0.382735,0.369099,0.357602,0.0136354
69.48,0.386804,0.369327,0.357582,0.0174769
69.485,0.372013,0.369561,0.357562,0.0024526
69.49,0.363158,0.369801,0.357541,-0.00664231
69.495,0.340528,0.370047,0.357521,-0.029519
69.5,0.322017,0.3703,0.357501,-0.0482831
69.505,0.324601,0.370559,0.35748,-0.0459579
69.51,0.333238,0.370825,0.35746,-0.0375861
69.515,0.344133,0.371096,0.35744,-0.0269639
69.52,0.342722,0.371375,0.357419,-0.0286525
69.525,0.352119,0.371659,0.357399,-0.0195409
69.53,0.355178,0.37195,0.357379,-0.0167725
69.535,0.366052,0.372248,0.357358,-0.00619614
69.54,0.372232,0.372551,0.357338,-0.000319277
69.545,0.385311,0.372861,0.357318,0.0124494
69.55,0.393395,0.373177,0.357297,0.0202183
69.555,0.392717,0.373499,0.357277,0.0192177
69.56,0.378151,0.373827,0.357257,0.00432361
69.565,0.384309,0.374161,0.357236,0.0101483
69.57,0.377747,0.3745,0.357216,0.00324696
69.575,0.368675,0.374846,0.357196,-0.00617019
69.58,0.350776,0.375196,0.357175,-0.0244202
69.585,0.343051,0.375552,0.357155,-0.0325007
69.59,0.356216,0.375913,0.357135,-0.0196972
69.595,0.365836,0.376279,0.357115,-0.0104429
69.6,0.374617,0.376649,0.357094,-0.00203275
69.605,0.381871,0.377024,0.357074,0.00484632
69.61,0.387443,0.377404,0.357054,0.0100394
69.615,0.394616,0.377787,0.357033,0.016829
69.62,0.395541,0.378173,0.357013,0.0173681
69.625,0.39524,0.378563,0.356993,0.0166769
69.63,0.389474,0.378956,0.356973,0.0105184
69.635,0.376722,0.379351,0.356952,-0.00262822
69.64,0.370751,0.379748,0.356932,-0.00899667
69.645,0.383057,0.380147,0.356912,0.00291011
69.65,0.402327,0.380547,0.356891,0.0217799
69.655,0.407476,0.380948,0.356871,0.0265283
69.66,0.397726,0.381349,0.356851,0.0163775
69.665,0.389169,0.381749,0.356831,0.00741998
69.67,0.380357,0.382149,0.35681,-0.00179154
69.675,0.384736,0.382547,0.35679,0.0021894
69.68,0.381339,0.382942,0.35677,-0.00160307
69.685,0.388024,0.383335,0.35675,0.00468829
69.69,0.388215,0.383724,0.356729,0.00449048
69.695,0.391248,0.384109,0.356709,0.00713844
69.7,0.388786,0.384489,0.356689,0.00429675
69.705,0.396096,0.384863,0.356669,0.0112332
69.71,0.392933,0.38523,0.356649,0.00770311
69.715,0.385285,0.385589,0.356628,-0.000304203
69.72,0.374203,0.38594,0.356608,-0.0117372
69.725,0.364902,0.386281,0.356588,-0.0213796
69.73,0.360949,0.386612,0.356568,-0.0256629
69.735,0.361374,0.386932,0.356547,-0.0255584
69.74,0.374885,0.38724,0.356527,-0.0123545
69.745,0.380925,0.387535,0.356507,-0.00660964
69.75,0.379108,0.387815,0.356487,-0.0087071
69.755,0.364335,0.388081,0.356467,-0.0237464
69.76,0.357211,0.388331,0.356446,-0.0311208
69.765,0.358687,0.388565,0.356426,-0.0298774
69.77,0.361007,0.388781,0.356406,-0.0277735
69.775,0.359063,0.388978,0.356386,-0.0299154
69.78,0.369569,0.389157,0.356366,-0.0195877
69.785,0.366073,0.389315,0.356345,-0.0232428
69.79,0.380361,0.389454,0.356325,-0.00909243
69.795,0.375113,0.389571,0.356305,-0.0144584
69.8,0.380014,0.389667,0.356285,-0.00965259
69.805,0.387753,0.389741,0.356265,-0.00198725
69.81,0.400669,0.389792,0.356244,0.010877
69.815,0.401553,0.389821,0.356224,0.011732
69.82,0.409853,0.389827,0.356204,0.0200264
69.825,0.393652,0.38981,0.356184,0.00384266
69.83,0.378184,0.38977,0.356164,-0.0115855
69.835,0.372448,0.389707,0.356144,-0.0172586
69.84,0.373277,0.389622,0.356123,-0.0163447
69.845,0.374961,0.389514,0.356103,-0.0145522
69.85,0.373513,0.389384,0.356083,-0.0158708
69.855,0.373109,0.389232,0.356063,-0.016123
69.86,0.370493,0.389059,0.356043,-0.0185657
69.865,0.375509,0.388865,0.356023,-0.0133558
69.87,0.370765,0.388652,0.356002,-0.0178862
69.875,0.365171,0.388419,0.355982,-0.0232479
69.88,0.353968,0.388167,0.355962,-0.0341993
69.885,0.351828,0.387898,0.355942,-0.0360698
69.89,0.354139,0.387612,0.355922,-0.0334729
69.895,0.370186,0.387309,0.355902,-0.0171235
69.9,0.381229,0.386992,0.355882,-0.00576287
69.905,0.384404,0.38666,0.355861,-0.00225595
69.91,0.374064,0.386315,0.355841,-0.0122514
69.915,0.366714,0.385957,0.355821,-0.0192435
69.92,0.374515,0.385588,0.355801,-0.0110734
69.925,0.379914,0.385209,0.355781,-0.00529418
69.93,0.388066,0.384819,0.355761,0.00324656
69.935,0.383455,0.384421,0.355741,-0.000966305
69.94,0.384111,0.384015,0.35572,9.64647e-05
69.945,0.392952,0.383602,0.3557,0.00934999
69.95,0.385369,0.383182,0.35568,0.00218665
69.955,0.379312,0.382757,0.35566,-0.00344525
69.96,0.360283,0.382328,0.35564,-0.0220448
69.965,0.354753,0.381895,0.35562,-0.0271419
69.97,0.349139,0.381458,0.3556,-0.0323191
69.975,0.350909,0.381019,0.35558,-0.0301106
69.98,0.344109,0.380578,0.35556,-0.0364692
69.985,0.344572,0.380136,0.35554,-0.0355649
69.99,0.348565,0.379694,0.355519,-0.031129
69.995,0.349363,0.379251,0.355499,-0.0298884
70,0.358251,0.378809,0.355479,-0.0205586
70.005,0.364013,0.378368,0.355459,-0.0143551
70.01,0.358375,0.377929,0.355439,-0.0195538
70.015,0.360306,0.377491,0.355419,-0.0171851
70.02,0.356995,0.377056,0.355399,-0.0200606
70.025,0.37171,0.376624,0.355379,-0.00491405
70.03,0.380313,0.376194,0.355359,0.00411877
70.035,0.380398,0.375768,0.355339,0.00463002
70.04,0.38297,0.375346,0.355319,0.00762388
70.045,0.387411,0.374928,0.355298,0.0124828
70.05,0.394009,0.374514,0.355278,0.0194944
70.055,0.385531,0.374105,0.355258,0.0114258
70.06,0.371188,0.373701,0.355238,-0.0025128
70.065,0.358004,0.373302,0.355218,-0.0152977
70.07,0.348565,0.372908,0.355198,-0.0243427
70.075,0.343394,0.372519,0.355178,-0.0291246
70.08,0.348061,0.372136,0.355158,-0.0240753
70.085,0.344024,0.371758,0.355138,-0.0277347
70.09,0.357685,0.371387,0.355118,-0.0137015
70.095,0.355846,0.371021,0.355098,-0.0151747
70.1,0.362955,0.370661,0.355078,-0.00770685
70.105,0.360387,0.370308,0.355058,-0.00992104
70.11,0.358905,0.369961,0.355038,-0.0110552
70.115,0.361842,0.369619,0.355018,-0.00777702
70.12,0.369769,0.369285,0.354998,0.000484162
70.125,0.358712,0.368956,0.354978,-0.0102446
70.13,0.365687,0.368634,0.354957,-0.002947
70.135,0.366048,0.368318,0.354937,-0.00227039
70.14,0.366639,0.368009,0.354917,-0.00137003
70.145,0.368441,0.367706,0.354897,0.000735068
70.15,0.354451,0.367409,0.354877,-0.0129583
70.155,0.350237,0.367119,0.354857,-0.0168817
70.16,0.358963,0.366835,0.354837,-0.00787207
70.165,0.348193,0.366558,0.354817,-0.0183646
70.17,0.355847,0.366286,0.354797,-0.0104396
70.175,0.345696,0.366021,0.354777,-0.0203247
70.18,0.337544,0.365762,0.354757,-0.0282183
70.185,0.343841,0.365509,0.354737,-0.0216677
70.19,0.340245,0.365262,0.354717,-0.0250173
70.195,0.347203,0.365021,0.354697,-0.0178188
70.2,0.346375,0.364786,0.354677,-0.0184116
70.205,0.348515,0.364557,0.354657,-0.016042
70.21,0.352336,0.364334,0.354637,-0.0119979
70.215,0.353361,0.364116,0.354617,-0.0107546
70.22,0.345878,0.363904,0.354597,-0.018026
70.225,0.354839,0.363697,0.354577,-0.00885787
70.23,0.357697,0.363495,0.354557,-0.00579855
70.235,0.351936,0.363299,0.354537,-0.011363
70.24,0.345868,0.363108,0.354517,-0.0172399
70.245,0.334578,0.362922,0.354497,-0.0283445
70.25,0.337522,0.362741,0.354477,-0.0252192
70.255,0.335058,0.362565,0.354457,-0.0275073
70.26,0.334746,0.362394,0.354437,-0.0276481
70.265,0.330961,0.362227,0.354417,-0.0312663
70.27,0.33556,0.362065,0.354397,-0.0265045
70.275,0.333782,0.361907,0.354377,-0.0281251
70.28,0.330662,0.361754,0.354357,-0.0310917
70.285,0.328449,0.361604,0.354337,-0.033155
70.29,0.327412,0.361459,0.354317,-0.0340476
70.295,0.342371,0.361318,0.354297,-0.0189473
70.3,0.340328,0.361181,0.354277,-0.0208528
70.305,0.333705,0.361048,0.354257,-0.0273427
70.31,0.332205,0.360918,0.354237,-0.0287132
70.315,0.333202,0.360792,0.354217,-0.02759
70.32,0.34174,0.360669,0.354197,-0.0189286
70.325,0.350852,0.360549,0.354177,-0.00969734
70.33,0.362641,0.360433,0.354157,0.00220776
70.335,0.37319,0.36032,0.354137,0.0128701
70.34,0.371274,0.36021,0.354117,0.0110637
70.345,0.352959,0.360103,0.354097,-0.00714444
70.35,0.340154,0.359999,0.354077,-0.0198455
70.355,0.327047,0.359898,0.354057,-0.0328508
70.36,0.339628,0.359799,0.354037,-0.0201712
70.365,0.337563,0.359703,0.354018,-0.02214
70.37,0.343499,0.359609,0.353998,-0.0161099
70.375,0.343787,0.359518,0.353978,-0.0157311
70.38,0.347106,0.359429,0.353958,-0.0123234
70.385,0.342973,0.359343,0.353938,-0.01637
70.39,0.333631,0.359258,0.353918,-0.0256272
70.395,0.334338,0.359176,0.353898,-0.0248376
70.4,0.328493,0.359095,0.353878,-0.0306024
70.405,0.342788,0.359017,0.353858,-0.0162288
70.41,0.344385,0.358941,0.353838,-0.0145551
70.415,0.356369,0.358866,0.353818,-0.0024968
70.42,0.346849,0.358793,0.353798,-0.0119441
70.425,0.34588,0.358721,0.353778,-0.0128414
70.43,0.331223,0.358652,0.353758,-0.0274282
70.435,0.33315,0.358583,0.353738,-0.0254333
70.44,0.330878,0.358517,0.353718,-0.0276386
70.445,0.328045,0.358451,0.353698,-0.0304064
70.45,0.340322,0.358387,0.353678,-0.0180652
70.455,0.346024,0.358325,0.353658,-0.0123004
70.46,0.357003,0.358264,0.353639,-0.00126044
70.465,0.357298,0.358203,0.353619,-0.000905287
70.47,0.357239,0.358144,0.353599,-0.000905594
70.475,0.352812,0.358087,0.353579,-0.00527454
70.48,0.35942,0.35803,0.353559,0.00139043
70.485,0.360324,0.357974,0.353539,0.00234957
70.49,0.351593,0.35792,0.353519,-0.00632653
70.495,0.341967,0.357866,0.353499,-0.015899
70.5,0.327905,0.357813,0.353479,-0.029908
70.505,0.331059,0.357761,0.353459,-0.0267016
70.51,0.344569,0.35771,0.353439,-0.0131407
70.515,0.350523,0.35766,0.353419,-0.00713652
70.52,0.35527,0.35761,0.353399,-0.00234026
70.525,0.353095,0.357562,0.353379,-0.00446692
70.53,0.345777,0.357514,0.35336,-0.0117371
70.535,0.360308,0.357466,0.35334,0.00284199
70.54,0.348123,0.35742,0.35332,-0.00929725
70.545,0.349192,0.357374,0.3533,-0.00818234
70.55,0.344523,0.357329,0.35328,-0.0128053
70.555,0.345348,0.357284,0.35326,-0.0119362
70.56,0.344083,0.35724,0.35324,-0.0131574
70.565,0.343435,0.357196,0.35322,-0.0137616
70.57,0.344161,0.357154,0.3532,-0.0129929
70.575,0.346658,0.357111,0.35318,-0.0104527
70.58,0.351652,0.357069,0.35316,-0.00541763
70.585,0.348096,0.357028,0.353141,-0.00893153
70.59,0.356798,0.356987,0.353121,-0.000188507
70.595,0.359666,0.356946,0.353101,0.00271966
70.6,0.350486,0.356906,0.353081,-0.00642012
70.605,0.34386,0.356867,0.353061,-0.0130067
70.61,0.343052,0.356827,0.353041,-0.0137751
70.615,0.340142,0.356789,0.353021,-0.0166463
70.62,0.335489,0.35675,0.353001,-0.0212615
70.625,0.323366,0.356712,0.352981,-0.0333458
70.63,0.323037,0.356674,0.352961,-0.0336372
70.635,0.328861,0.356637,0.352942,-0.0277763
70.64,0.336812,0.3566,0.352922,-0.0197882
70.645,0.337907,0.356563,0.352902,-0.0186569
70.65,0.334321,0.356527,0.352882,-0.0222059
70.655,0.335998,0.356491,0.352862,-0.0204932
70.66,0.33738,0.356455,0.352842,-0.0190755
70.665,0.335492,0.35642,0.352822,-0.0209285
70.67,0.334645,0.356385,0.352802,-0.0217398
70.675,0.33917,0.35635,0.352782,-0.0171806
70.68,0.349698,0.356316,0.352763,-0.00661807
70.685,0.352239,0.356281,0.352743,-0.00404201
70.69,0.350707,0.356247,0.352723,-0.00554073
70.695,0.345726,0.356214,0.352703,-0.0104874
70.7,0.352902,0.35618,0.352683,-0.00327771
70.705,0.352306,0.356147,0.352663,-0.00384127
70.71,0.34217,0.356114,0.352643,-0.0139434
70.715,0.322807,0.356081,0.352623,-0.0332745
70.72,0.322114,0.356049,0.352604,-0.0339349
70.725,0.32498,0.356016,0.352584,-0.0310364
70.73,0.333525,0.355984,0.352564,-0.022459
70.735,0.33181,0.355952,0.352544,-0.0241419
70.74,0.325792,0.355921,0.352524,-0.0301283
70.745,0.322831,0.355889,0.352504,-0.0330581
70.75,0.320915,0.355858,0.352484,-0.0349425
70.755,0.317712,0.355827,0.352464,-0.0381143
70.76,0.306884,0.355796,0.352445,-0.0489113
70.765,0.31659,0.355765,0.352425,-0.0391751
70.77,0.332788,0.355734,0.352405,-0.0229467
70.775,0.338648,0.355704,0.352385,-0.017056
70.78,0.3406,0.355674,0.352365,-0.015074
70.785,0.330001,0.355644,0.352345,-0.0256427
70.79,0.324299,0.355614,0.352325,-0.0313148
70.795,0.325879,0.355584,0.352305,-0.0297051
70.8,0.326967,0.355555,0.352286,-0.028588
70.805,0.329826,0.355526,0.352266,-0.0257001
70.81,0.340887,0.355496,0.352246,-0.0146094
70.815,0.349895,0.355467,0.352226,-0.00557273
70.82,0.354357,0.355439,0.352206,-0.00108165
70.825,0.351113,0.35541,0.352186,-0.00429697
70.83,0.34375,0.355381,0.352166,-0.0116311
70.835,0.347131,0.355353,0.352147,-0.0082214
70.84,0.347625,0.355325,0.352127,-0.0076998
70.845,0.354426,0.355296,0.352107,-0.000870713
70.85,0.348537,0.355268,0.352087,-0.00673091
70.855,0.34047,0.355241,0.352067,-0.0147705
70.86,0.339796,0.355213,0.352047,-0.0154167
70.865,0.338149,0.355185,0.352027,-0.0170359
70.87,0.345553,0.355158,0.352008,-0.00960489
70.875,0.342879,0.35513,0.351988,-0.0122513
70.88,0.336814,0.355103,0.351968,-0.0182894
70.885,0.331382,0.355076,0.351948,-0.0236936
70.89,0.327485,0.355049,0.351928,-0.0275641
70.895,0.327676,0.355022,0.351908,-0.0273462
70.9,0.335451,0.354995,0.351889,-0.0195446
70.905,0.329222,0.354969,0.351869,-0.0257464
70.91,0.323081,0.354942,0.351849,-0.0318606
70.915,0.325767,0.354916,0.351829,-0.0291489
70.92,0.34112,0.354889,0.351809,-0.0137693
70.925,0.356805,0.354863,0.351789,0.00194177
70.93,0.360971,0.354837,0.351769,0.00613393
70.935,0.365823,0.354811,0.35175,0.0110122
70.94,0.353434,0.354785,0.35173,-0.00135124
70.945,0.341406,0.354759,0.35171,-0.0133538
70.95,0.335578,0.354734,0.35169,-0.0191557
70.955,0.331983,0.354708,0.35167,-0.0227247
70.96,0.340142,0.354683,0.35165,-0.0145412
70.965,0.345627,0.354657,0.35163,-0.00903024
70.97,0.338868,0.354632,0.351611,-0.0157636
70.975,0.334725,0.354607,0.351591,-0.0198814
70.98,0.330574,0.354582,0.351571,-0.0240077
70.985,0.332967,0.354557,0.351551,-0.0215895
70.99,0.335693,0.354532,0.351531,-0.0188383
70.995,0.339546,0.354507,0.351511,-0.0149611
71,0.337114,0.354482,0.351492,-0.017368
71.005,0.33624,0.354457,0.351472,-0.0182179
71.01,0.336955,0.354433,0.351452,-0.0174782
71.015,0.329871,0.354408,0.351432,-0.0245372
71.02,0.328083,0.354384,0.351412,-0.0263007
71.025,0.328463,0.35436,0.351392,-0.0258965
71.03,0.33819,0.354335,0.351373,-0.0161454
71.035,0.341125,0.354311,0.351353,-0.0131859
71.04,0.340701,0.354287,0.351333,-0.0135865
71.045,0.336429,0.354263,0.351313,-0.0178339
71.05,0.343296,0.354239,0.351293,-0.0109427
71.055,0.35296,0.354215,0.351273,-0.00125549
71.06,0.362591,0.354191,0.351254,0.00839977
71.065,0.360361,0.354168,0.351234,0.00619348
71.07,0.351877,0.354144,0.351214,-0.00226742
71.075,0.346735,0.354121,0.351194,-0.00738527
71.08,0.347547,0.354097,0.351174,-0.00654965
71.085,0.351337,0.354074,0.351154,-0.00273641
71.09,0.347136,0.35405,0.351135,-0.00691392
71.095,0.347094,0.354027,0.351115,-0.00693294
71.1,0.344623,0.354004,0.351095,-0.00938024
71.105,0.343691,0.353981,0.351075,-0.0102892
71.11,0.350338,0.353957,0.351055,-0.0036196
71.115,0.345896,0.353934,0.351035,-0.00803863
71.12,0.342678,0.353911,0.351016,-0.011233
71.125,0.342541,0.353889,0.350996,-0.011348
71.13,0.344425,0.353866,0.350976,-0.00944088
71.135,0.34838,0.353843,0.350956,-0.00546326
71.14,0.350957,0.35382,0.350936,-0.00286292
71.145,0.342891,0.353798,0.350916,-0.0109065
71.15,0.331615,0.353775,0.350897,-0.0221599
71.155,0.316049,0.353752,0.350877,-0.0377032
71.16,0.304865,0.35373,0.350857,-0.0488652
71.165,0.312926,0.353708,0.350837,-0.0407816
71.17,0.32205,0.353685,0.350817,-0.0316349
71.175,0.326036,0.353663,0.350797,-0.0276265
71.18,0.326973,0.353641,0.350778,-0.0266679
71.185,0.336812,0.353619,0.350758,-0.0168063
71.19,0.352983,0.353596,0.350738,-0.000613793
71.195,0.363351,0.353574,0.350718,0.00977668
71.2,0.360542,0.353552,0.350698,0.00699003
71.205,0.34761,0.35353,0.350678,-0.0059205
71.21,0.345157,0.353509,0.350659,-0.00835177
71.215,0.339474,0.353487,0.350639,-0.0140123
71.22,0.338457,0.353465,0.350619,-0.015008
71.225,0.336903,0.353443,0.350599,-0.0165397
71.23,0.335294,0.353421,0.350579,-0.0181272
71.235,0.329945,0.3534,0.350559,-0.0234549
71.24,0.328012,0.353378,0.35054,-0.0253666
71.245,0.334302,0.353357,0.35052,-0.0190549
71.25,0.340259,0.353335,0.3505,-0.0130758
71.255,0.340425,0.353314,0.35048,-0.0128884
71.26,0.338177,0.353292,0.35046,-0.0151154
71.265,0.329047,0.353271,0.35044,-0.0242244
71.27,0.333829,0.35325,0.350421,-0.0194203
71.275,0.332656,0.353228,0.350401,-0.0205724
71.28,0.336313,0.353207,0.350381,-0.0168947
71.285,0.33952,0.353186,0.350361,-0.0136661
71.29,0.339483,0.353165,0.350341,-0.0136817
71.295,0.332792,0.353144,0.350321,-0.0203518
71.3,0.348443,0.353123,0.350302,-0.00468017
71.305,0.355495,0.353102,0.350282,0.00239297
71.31,0.367304,0.353081,0.350262,0.0142233
71.315,0.349759,0.35306,0.350242,-0.00330111
71.32,0.338194,0.353039,0.350222,-0.0148454
71.325,0.329974,0.353019,0.350202,-0.0230444
71.33,0.333898,0.352998,0.350183,-0.0190996
71.335,0.332283,0.352977,0.350163,-0.0206942
71.34,0.326855,0.352956,0.350143,-0.026101
71.345,0.326245,0.352936,0.350123,-0.026691
71.35,0.329521,0.352915,0.350103,-0.023394
71.355,0.346412,0.352895,0.350083,-0.00648239
71.36,0.354617,0.352874,0.350064,0.00174262
71.365,0.356203,0.352854,0.350044,0.00334903
71.37,0.356589,0.352833,0.350024,0.0037557
71.375,0.346893,0.352813,0.350004,-0.00591963
71.38,0.338107,0.352793,0.349984,-0.0146859
71.385,0.332218,0.352772,0.349964,-0.020554
71.39,0.33022,0.352752,0.349945,-0.0225319
71.395,0.338824,0.352732,0.349925,-0.0139084
71.4,0.349975,0.352712,0.349905,-0.00273687
71.405,0.346527,0.352692,0.349885,-0.00616435
71.41,0.352124,0.352672,0.349865,-0.000547444
71.415,0.351534,0.352652,0.349845,-0.00111751
71.42,0.340097,0.352632,0.349826,-0.0125347
71.425,0.329937,0.352612,0.349806,-0.0226749
71.43,0.320133,0.352592,0.349786,-0.0324589
71.435,0.315565,0.352572,0.349766,-0.0370064
71.44,0.313382,0.352552,0.349746,-0.0391697
71.445,0.313155,0.352532,0.349726,-0.0393773
71.45,0.316488,0.352512,0.349707,-0.0360245
71.455,0.32649,0.352493,0.349687,-0.0260026
71.46,0.340465,0.352473,0.349667,-0.0120083
71.465,0.351423,0.352453,0.349647,-0.00103068
71.47,0.354239,0.352434,0.349627,0.00180561
71.475,0.357839,0.352414,0.349607,0.00542433
71.48,0.362378,0.352395,0.349587,0.00998368
71.485,0.353121,0.352375,0.349568,0.000745739
71.49,0.338434,0.352356,0.349548,-0.0139213
71.495,0.332766,0.352336,0.349528,-0.0195701
71.5,0.336823,0.352317,0.349508,-0.0154936
71.505,0.340993,0.352297,0.349488,-0.0113047
71.51,0.33869,0.352278,0.349468,-0.0135884
71.515,0.339404,0.352259,0.349449,-0.0128553
71.52,0.348338,0.35224,0.349429,-0.00390126
71.525,0.347011,0.35222,0.349409,-0.00520911
71.53,0.341695,0.352201,0.349389,-0.010506
71.535,0.335379,0.352182,0.349369,-0.0168028
71.54,0.336792,0.352163,0.349349,-0.0153708
71.545,0.332056,0.352144,0.34933,-0.0200876
71.55,0.328653,0.352125,0.34931,-0.0234721
71.555,0.322493,0.352106,0.34929,-0.0296133
71.56,0.33458,0.352087,0.34927,-0.0175072
71.565,0.332991,0.352068,0.34925,-0.0190772
71.57,0.326809,0.352049,0.34923,-0.0252397
71.575,0.322787,0.35203,0.34921,-0.0292433
71.58,0.323695,0.352011,0.349191,-0.0283162
71.585,0.330904,0.351993,0.349171,-0.0210884
71.59,0.331294,0.351974,0.349151,-0.0206795
71.595,0.325037,0.351955,0.349131,-0.026918
71.6,0.320776,0.351936,0.349111,-0.0311603
71.605,0.325526,0.351918,0.349091,-0.0263921
71.61,0.336051,0.351899,0.349071,-0.0158477
71.615,0.341763,0.35188,0.349052,-0.0101176
71.62,0.352021,0.351862,0.349032,0.000158671
71.625,0.346862,0.351843,0.349012,-0.00498177
71.63,0.344186,0.351825,0.348992,-0.00763903
71.635,0.330508,0.351806,0.348972,-0.0212986
71.64,0.330931,0.351788,0.348952,-0.0208567
71.645,0.340268,0.35177,0.348932,-0.0115018
71.65,0.34045,0.351751,0.348913,-0.0113012
71.655,0.338853,0.351733,0.348893,-0.0128802
71.66,0.336093,0.351715,0.348873,-0.0156218
71.665,0.338722,0.351696,0.348853,-0.0129745
71.67,0.347555,0.351678,0.348833,-0.00412311
71.675,0.346027,0.35166,0.348813,-0.00563264
71.68,0.34032,0.351642,0.348793,-0.0113216
71.685,0.329226,0.351624,0.348774,-0.022398
71.69,0.323047,0.351606,0.348754,-0.0285584
71.695,0.321819,0.351588,0.348734,-0.029769
71.7,0.319176,0.35157,0.348714,-0.0323936
71.705,0.319921,0.351552,0.348694,-0.0316302
71.71,0.320291,0.351534,0.348674,-0.0312428
71.715,0.324539,0.351516,0.348654,-0.0269767
71.72,0.334498,0.351498,0.348634,-0.0170001
71.725,0.34303,0.35148,0.348615,-0.00845001
71.73,0.343463,0.351462,0.348595,-0.00799903
71.735,0.336695,0.351444,0.348575,-0.0147494
71.74,0.332246,0.351427,0.348555,-0.019181
71.745,0.327184,0.351409,0.348535,-0.0242243
71.75,0.329279,0.351391,0.348515,-0.0221121
71.755,0.334091,0.351373,0.348495,-0.0172829
71.76,0.336851,0.351356,0.348475,-0.0145046
71.765,0.340844,0.351338,0.348456,-0.0104946
71.77,0.339281,0.351321,0.348436,-0.0120393
71.775,0.343374,0.351303,0.348416,-0.0079294
71.78,0.34719,0.351286,0.348396,-0.00409553
71.785,0.356011,0.351268,0.348376,0.00474246
71.79,0.355219,0.351251,0.348356,0.00396796
71.795,0.345859,0.351233,0.348336,-0.0053749
71.8,0.338898,0.351216,0.348316,-0.0123182
71.805,0.338559,0.351199,0.348297,-0.0126402
71.81,0.338847,0.351181,0.348277,-0.0123342
71.815,0.333209,0.351164,0.348257,-0.0179551
71.82,0.320605,0.351147,0.348237,-0.0305418
71.825,0.320226,0.35113,0.348217,-0.0309039
71.83,0.325886,0.351113,0.348197,-0.0252261
71.835,0.327577,0.351095,0.348177,-0.0235181
71.84,0.321267,0.351078,0.348157,-0.0298111
71.845,0.306883,0.351061,0.348137,-0.0441779
71.85,0.306631,0.351044,0.348117,-0.0444129
71.855,0.315485,0.351027,0.348098,-0.0355421
71.86,0.317419,0.35101,0.348078,-0.0335913
71.865,0.329054,0.350993,0.348058,-0.021939
71.87,0.330482,0.350977,0.348038,-0.0204945
71.875,0.335592,0.35096,0.348018,-0.0153681
71.88,0.340739,0.350943,0.347998,-0.0102043
71.885,0.336845,0.350926,0.347978,-0.0140809
71.89,0.334544,0.350909,0.347958,-0.0163651
71.895,0.340031,0.350893,0.347938,-0.0108617
71.9,0.341548,0.350876,0.347918,-0.00932761
71.905,0.342858,0.350859,0.347899,-0.00800122
71.91,0.331243,0.350843,0.347879,-0.0195997
71.915,0.330424,0.350826,0.347859,-0.0204019
71.92,0.332197,0.35081,0.347839,-0.018613
71.925,0.335857,0.350793,0.347819,-0.0149365
71.93,0.33359,0.350777,0.347799,-0.0171864
71.935,0.327253,0.35076,0.347779,-0.0235071
71.94,0.329336,0.350744,0.347759,-0.0214083
71.945,0.333918,0.350727,0.347739,-0.0168093
71.95,0.342985,0.350711,0.347719,-0.00772604
71.955,0.35613,0.350695,0.347699,0.00543493
71.96,0.359099,0.350679,0.347679,0.00842017
71.965,0.352898,0.350662,0.34766,0.00223607
71.97,0.345123,0.350646,0.34764,-0.00552337
71.975,0.342557,0.35063,0.34762,-0.0080728
71.98,0.34243,0.350614,0.3476,-0.00818413
71.985,0.339267,0.350598,0.34758,-0.0113313
71.99,0.334812,0.350582,0.34756,-0.0157703
71.995,0.336042,0.350566,0.34754,-0.0145233
72,0.335182,0.35055,0.34752,-0.0153679
72.005,0.331423,0.350534,0.3475,-0.019111
72.01,0.319321,0.350518,0.34748,-0.0311967
72.015,0.324824,0.350502,0.34746,-0.025678
72.02,0.324186,0.350486,0.34744,-0.0262999
72.025,0.318776,0.350471,0.34742,-0.0316946
72.03,0.313007,0.350455,0.3474,-0.037448
72.035,0.304987,0.350439,0.347381,-0.0454522
72.04,0.31733,0.350423,0.347361,-0.0330936
72.045,0.324534,0.350408,0.347341,-0.0258738
72.05,0.329898,0.350392,0.347321,-0.0204938
72.055,0.33292,0.350377,0.347301,-0.0174572
72.06,0.334597,0.350361,0.347281,-0.0157642
72.065,0.333728,0.350346,0.347261,-0.0166179
72.07,0.336562,0.35033,0.347241,-0.0137688
72.075,0.337106,0.350315,0.347221,-0.0132089
72.08,0.341681,0.3503,0.347201,-0.00861841
72.085,0.345301,0.350284,0.347181,-0.00498358
72.09,0.347023,0.350269,0.347161,-0.00324645
72.095,0.354541,0.350254,0.347141,0.00428743
72.1,0.357178,0.350239,0.347121,0.00693988
72.105,0.359454,0.350223,0.347101,0.00923043
72.11,0.34835,0.350208,0.347081,-0.00185805
72.115,0.343003,0.350193,0.347061,-0.00719052
72.12,0.33446,0.350178,0.347041,-0.0157184
72.125,0.324026,0.350163,0.347021,-0.0261368
72.13,0.330735,0.350148,0.347001,-0.0194132
72.135,0.332268,0.350133,0.346981,-0.0178654
72.14,0.335383,0.350118,0.346961,-0.0147358
72.145,0.334783,0.350104,0.346941,-0.0153206
72.15,0.328386,0.350089,0.346921,-0.0217026
72.155,0.328133,0.350074,0.346901,-0.0219409
72.16,0.326167,0.350059,0.346882,-0.0238922
72.165,0.317613,0.350045,0.346862,-0.0324313
72.17,0.330986,0.35003,0.346842,-0.0190445
72.175,0.331171,0.350016,0.346822,-0.0188443
72.18,0.341935,0.350001,0.346802,-0.00806648
72.185,0.3437,0.349987,0.346782,-0.00628618
72.19,0.345246,0.349972,0.346762,-0.00472625
72.195,0.339537,0.349958,0.346742,-0.0104209
72.2,0.332141,0.349943,0.346722,-0.0178026
72.205,0.331675,0.349929,0.346702,-0.0182546
72.21,0.328275,0.349915,0.346682,-0.0216396
72.215,0.331301,0.349901,0.346662,-0.0185993
72.22,0.325158,0.349887,0.346642,-0.0247283
72.225,0.322021,0.349872,0.346622,-0.0278513
72.23,0.321759,0.349858,0.346602,-0.0280995
72.235,0.311441,0.349844,0.346582,-0.038403
72.24,0.311971,0.34983,0.346562,-0.0378589
72.245,0.318641,0.349816,0.346542,-0.031175
72.25,0.323003,0.349803,0.346522,-0.0267994
72.255,0.323552,0.349789,0.346502,-0.0262363
72.26,0.311811,0.349775,0.346482,-0.0379637
72.265,0.302297,0.349761,0.346462,-0.0474646
72.27,0.308189,0.349747,0.346442,-0.0415584
72.275,0.315943,0.349734,0.346422,-0.0337909
72.28,0.318071,0.34972,0.346402,-0.0316489
72.285,0.325969,0.349707,0.346382,-0.0237374
72.29,0.317672,0.349693,0.346362,-0.032021
72.295,0.319768,0.34968,0.346341,-0.0299114
72.3,0.317041,0.349666,0.346321,-0.0326251
72.305,0.31544,0.349653,0.346301,-0.0342127
72.31,0.325608,0.34964,0.346281,-0.0240319
72.315,0.331975,0.349627,0.346261,-0.0176512
72.32,0.33227,0.349613,0.346241,-0.0173437
72.325,0.323733,0.3496,0.346221,-0.0258672
72.33,0.320533,0.349587,0.346201,-0.0290543
72.335,0.323081,0.349574,0.346181,-0.026493
72.34,0.326737,0.349561,0.346161,-0.0228238
72.345,0.320604,0.349548,0.346141,-0.028944
72.35,0.308475,0.349535,0.346121,-0.04106
72.355,0.310202,0.349523,0.346101,-0.0393208
72.36,0.313541,0.34951,0.346081,-0.0359688
72.365,0.316278,0.349497,0.346061,-0.0332186
72.37,0.315579,0.349484,0.346041,-0.0339056
72.375,0.314714,0.349472,0.346021,-0.0347578
72.38,0.323054,0.349459,0.346001,-0.0264049
72.385,0.329545,0.349447,0.345981,-0.0199014
72.39,0.334095,0.349434,0.345961,-0.0153394
72.395,0.33575,0.349422,0.345941,-0.013672
72.4,0.340903,0.34941,0.345921,-0.0085072
72.405,0.338398,0.349398,0.3459,-0.0109998
72.41,0.341515,0.349385,0.34588,-0.00787027
72.415,0.330042,0.349373,0.34586,-0.0193314
72.42,0.321774,0.349361,0.34584,-0.0275867
72.425,0.318796,0.349349,0.34582,-0.0305531
72.43,0.315552,0.349337,0.3458,-0.0337849
72.435,0.324441,0.349325,0.34578,-0.0248846
72.44,0.32306,0.349314,0.34576,-0.0262531
72.445,0.32455,0.349302,0.34574,-0.0247514
72.45,0.318372,0.34929,0.34572,-0.0309178
72.455,0.31098,0.349278,0.3457,-0.0382985
72.46,0.313781,0.349267,0.34568,-0.0354862
72.465,0.324304,0.349255,0.34566,-0.024951
72.47,0.337985,0.349244,0.345639,-0.0112593
72.475,0.340582,0.349233,0.345619,-0.00865069
72.48,0.343944,0.349221,0.345599,-0.00527714
72.485,0.340852,0.34921,0.345579,-0.00835813
72.49,0.33559,0.349199,0.345559,-0.0136084
72.495,0.328574,0.349188,0.345539,-0.0206138
72.5,0.320847,0.349177,0.345519,-0.0283298
72.505,0.31907,0.349166,0.345499,-0.030096
72.51,0.322264,0.349155,0.345479,-0.0268913
72.515,0.3211,0.349144,0.345459,-0.0280438
72.52,0.329462,0.349133,0.345438,-0.0196716
72.525,0.326812,0.349123,0.345418,-0.0223102
72.53,0.33119,0.349112,0.345398,-0.0179223
72.535,0.334729,0.349101,0.345378,-0.0143727
72.54,0.340327,0.349091,0.345358,-0.00876392
72.545,0.328022,0.349081,0.345338,-0.021059
72.55,0.321205,0.34907,0.345318,-0.0278648
72.555,0.312929,0.34906,0.345298,-0.0361307
72.56,0.315021,0.34905,0.345277,-0.0340285
72.565,0.316915,0.34904,0.345257,-0.0321243
72.57,0.318726,0.34903,0.345237,-0.0303038
72.575,0.333009,0.34902,0.345217,-0.016011
72.58,0.348409,0.34901,0.345197,-0.000600981
72.585,0.352198,0.349,0.345177,0.00319785
72.59,0.348196,0.34899,0.345157,-0.000793998
72.595,0.34489,0.348981,0.345136,-0.00409038
72.6,0.32935,0.348971,0.345116,-0.0196212
72.605,0.330511,0.348962,0.345096,-0.0184503
72.61,0.32433,0.348952,0.345076,-0.0246229
72.615,0.330073,0.348943,0.345056,-0.0188701
72.62,0.332988,0.348934,0.345036,-0.0159457
72.625,0.329286,0.348925,0.345016,-0.0196386
72.63,0.32695,0.348916,0.344995,-0.0219659
72.635,0.326029,0.348907,0.344975,-0.0228782
72.64,0.331883,0.348898,0.344955,-0.0170149
72.645,0.330943,0.348889,0.344935,-0.0179465
72.65,0.332222,0.34888,0.344915,-0.0166584
72.655,0.333848,0.348872,0.344894,-0.0150237
72.66,0.337247,0.348863,0.344874,-0.0116166
72.665,0.341705,0.348855,0.344854,-0.00714956
72.67,0.348801,0.348846,0.344834,-4.55065e-05
72.675,0.349867,0.348838,0.344814,0.00102847
72.68,0.347757,0.34883,0.344794,-0.00107313
72.685,0.349825,0.348822,0.344773,0.00100335
72.69,0.352369,0.348814,0.344753,0.00355482
72.695,0.35153,0.348806,0.344733,0.00272336
72.7,0.347039,0.348798,0.344713,-0.00175928
72.705,0.339446,0.348791,0.344693,-0.00934508
72.71,0.337396,0.348783,0.344672,-0.0113876
72.715,0.331715,0.348776,0.344652,-0.0170612
72.72,0.323239,0.348768,0.344632,-0.0255292
72.725,0.325964,0.348761,0.344612,-0.0227971
72.73,0.347188,0.348754,0.344592,-0.00156633
72.735,0.360986,0.348747,0.344571,0.0122392
72.74,0.367021,0.34874,0.344551,0.0182809
72.745,0.356489,0.348733,0.344531,0.00775634
72.75,0.341631,0.348726,0.344511,-0.00709494
72.755,0.327987,0.34872,0.34449,-0.020733
72.76,0.316139,0.348713,0.34447,-0.0325745
72.765,0.317173,0.348707,0.34445,-0.0315335
72.77,0.321002,0.3487,0.34443,-0.0276985
72.775,0.324196,0.348694,0.34441,-0.0244978
72.78,0.321062,0.348688,0.344389,-0.0276264
72.785,0.319334,0.348682,0.344369,-0.0293482
72.79,0.323794,0.348676,0.344349,-0.0248818
72.795,0.333924,0.348671,0.344329,-0.0147467
72.8,0.337649,0.348665,0.344308,-0.0110156
72.805,0.33482,0.348659,0.344288,-0.0138395
72.81,0.33525,0.348654,0.344268,-0.0134038
72.815,0.338074,0.348649,0.344248,-0.0105748
72.82,0.341205,0.348644,0.344227,-0.00743844
72.825,0.333378,0.348639,0.344207,-0.0152602
72.83,0.32071,0.348634,0.344187,-0.0279239
72.835,0.324619,0.348629,0.344166,-0.0240096
72.84,0.327992,0.348624,0.344146,-0.0206324
72.845,0.328111,0.34862,0.344126,-0.0205091
72.85,0.313893,0.348615,0.344106,-0.0347226
72.855,0.309991,0.348611,0.344085,-0.0386199
72.86,0.314484,0.348607,0.344065,-0.0341236
72.865,0.325116,0.348603,0.344045,-0.023487
72.87,0.327275,0.348599,0.344025,-0.0213241
72.875,0.333038,0.348596,0.344004,-0.0155574
72.88,0.336737,0.348592,0.343984,-0.0118551
72.885,0.337216,0.348589,0.343964,-0.0113731
72.89,0.339141,0.348585,0.343943,-0.00944436
72.895,0.338659,0.348582,0.343923,-0.00992315
72.9,0.350924,0.348579,0.343903,0.0023446
72.905,0.351671,0.348576,0.343882,0.00309499
72.91,0.356496,0.348574,0.343862,0.00792235
72.915,0.35354,0.348571,0.343842,0.00496913
72.92,0.349627,0.348569,0.343821,0.00105786
72.925,0.338825,0.348567,0.343801,-0.00974147
72.93,0.330572,0.348564,0.343781,-0.017992
72.935,0.320727,0.348563,0.343761,-0.0278353
72.94,0.331131,0.348561,0.34374,-0.0174298
72.945,0.329871,0.348559,0.34372,-0.0186883
72.95,0.339122,0.348558,0.3437,-0.00943627
72.955,0.330483,0.348556,0.343679,-0.0180732
72.96,0.321561,0.348555,0.343659,-0.0269949
72.965,0.322584,0.348554,0.343639,-0.0259705
72.97,0.319153,0.348554,0.343618,-0.0294003
72.975,0.314354,0.348553,0.343598,-0.0341991
72.98,0.314025,0.348553,0.343577,-0.034528
72.985,0.301647,0.348552,0.343557,-0.0469054
72.99,0.303816,0.348552,0.343537,-0.0447365
72.995,0.297329,0.348552,0.343516,-0.051223
73,0.297795,0.348553,0.343496,-0.0507582
73.005,0.302663,0.348553,0.343476,-0.0458897
73.01,0.309244,0.348554,0.343455,-0.0393095
73.015,0.318454,0.348555,0.343435,-0.0301003
73.02,0.322071,0.348556,0.343415,-0.0264845
73.025,0.318411,0.348557,0.343394,-0.030146
73.03,0.323826,0.348558,0.343374,-0.0247319
73.035,0.332662,0.34856,0.343353,-0.0158983
73.04,0.335725,0.348562,0.343333,-0.0128373
73.045,0.333858,0.348564,0.343313,-0.0147054
73.05,0.317216,0.348566,0.343292,-0.0313506
73.055,0.31698,0.348569,0.343272,-0.0315881
73.06,0.311398,0.348571,0.343251,-0.0371736
73.065,0.309857,0.348574,0.343231,-0.038717
73.07,0.316298,0.348577,0.343211,-0.0322786
73.075,0.326511,0.34858,0.34319,-0.0220693
73.08,0.330403,0.348584,0.34317,-0.0181805
73.085,0.340003,0.348588,0.343149,-0.00858416
73.09,0.329474,0.348592,0.343129,-0.0191177
73.095,0.332081,0.348596,0.343109,-0.0165147
73.1,0.32546,0.3486,0.343088,-0.02314
73.105,0.31961,0.348605,0.343068,-0.0289946
73.11,0.312121,0.34861,0.343047,-0.0364887
73.115,0.318164,0.348615,0.343027,-0.0304506
73.12,0.315526,0.34862,0.343006,-0.033094
73.125,0.318122,0.348626,0.342986,-0.0305036
73.13,0.316044,0.348632,0.342966,-0.0325877
73.135,0.310075,0.348638,0.342945,-0.038563
73.14,0.313109,0.348644,0.342925,-0.0355352
73.145,0.311182,0.348651,0.342904,-0.0374693
73.15,0.311144,0.348658,0.342884,-0.0375142
73.155,0.309163,0.348665,0.342863,-0.0395019
73.16,0.297123,0.348672,0.342843,-0.0515493
73.165,0.297364,0.34868,0.342822,-0.0513163
73.17,0.303997,0.348688,0.342802,-0.0446909
73.175,0.321379,0.348696,0.342781,-0.027317
73.18,0.328854,0.348705,0.342761,-0.0198504
73.185,0.336707,0.348714,0.34274,-0.0120061
73.19,0.336307,0.348723,0.34272,-0.0124154
73.195,0.341161,0.348732,0.342699,-0.00757148
73.2,0.343313,0.348742,0.342679,-0.00542867
73.205,0.332076,0.348752,0.342658,-0.0166757
73.21,0.324901,0.348762,0.342638,-0.0238612
73.215,0.326194,0.348773,0.342617,-0.0225783
73.22,0.321514,0.348784,0.342597,-0.0272694
73.225,0.31482,0.348795,0.342576,-0.0339746
73.23,0.311833,0.348806,0.342556,-0.0369731
73.235,0.306642,0.348818,0.342535,-0.0421763
73.24,0.318743,0.348831,0.342515,-0.0300873
73.245,0.31203,0.348843,0.342494,-0.0368132
73.25,0.309149,0.348856,0.342474,-0.0397075
73.255,0.301293,0.348869,0.342453,-0.047576
73.26,0.302714,0.348883,0.342433,-0.046169
73.265,0.313357,0.348897,0.342412,-0.0355397
73.27,0.320546,0.348911,0.342392,-0.028365
73.275,0.33175,0.348926,0.342371,-0.0171761
73.28,0.325972,0.348941,0.342351,-0.0229688
73.285,0.323886,0.348956,0.34233,-0.0250707
73.29,0.321532,0.348972,0.34231,-0.0274404
73.295,0.321999,0.348988,0.342289,-0.0269895
73.3,0.327204,0.349005,0.342268,-0.0218009
73.305,0.327539,0.349022,0.342248,-0.0214829
73.31,0.341127,0.349039,0.342227,-0.00791231
73.315,0.340197,0.349057,0.342207,-0.0088601
73.32,0.336359,0.349075,0.342186,-0.0127158
73.325,0.330793,0.349094,0.342166,-0.0183007
73.33,0.327908,0.349113,0.342145,-0.0212053
73.335,0.32667,0.349132,0.342124,-0.0224624
73.34,0.329672,0.349152,0.342104,-0.0194804
73.345,0.32302,0.349173,0.342083,-0.0261528
73.35,0.31998,0.349194,0.342063,-0.0292136
73.355,0.312405,0.349215,0.342042,-0.0368099
73.36,0.314651,0.349237,0.342021,-0.0345853
73.365,0.319946,0.349259,0.342001,-0.029313
73.37,0.314187,0.349282,0.34198,-0.0350945
73.375,0.312632,0.349305,0.34196,-0.0366723
73.38,0.304617,0.349328,0.341939,-0.0447115
73.385,0.306219,0.349353,0.341918,-0.0431336
73.39,0.303303,0.349377,0.341898,-0.0460747
73.395,0.311025,0.349403,0.341877,-0.0383776
73.4,0.31193,0.349428,0.341857,-0.0374978
73.405,0.311615,0.349455,0.341836,-0.03784
73.41,0.317105,0.349481,0.341815,-0.0323762
73.415,0.317325,0.349509,0.341795,-0.0321841
73.42,0.315469,0.349537,0.341774,-0.0340675
73.425,0.308094,0.349565,0.341753,-0.0414712
73.43,0.292881,0.349594,0.341733,-0.0567135
73.435,0.289381,0.349624,0.341712,-0.0602425
73.44,0.291664,0.349654,0.341691,-0.0579898
73.445,0.293931,0.349685,0.341671,-0.0557534
73.45,0.310645,0.349716,0.34165,-0.0390716
73.455,0.317926,0.349748,0.341629,-0.0318227
73.46,0.325543,0.349781,0.341609,-0.0242378
73.465,0.317104,0.349814,0.341588,-0.0327106
73.47,0.318949,0.349848,0.341567,-0.0308991
73.475,0.322767,0.349883,0.341547,-0.0271164
73.48,0.322259,0.349918,0.341526,-0.0276595
73.485,0.328147,0.349954,0.341505,-0.021807
73.49,0.326332,0.349991,0.341485,-0.0236594
73.495,0.323587,0.350029,0.341464,-0.0264419
73.5,0.323758,0.350067,0.341443,-0.0263084
73.505,0.318113,0.350106,0.341422,-0.031993
73.51,0.315903,0.350145,0.341402,-0.0342421
73.515,0.314144,0.350186,0.341381,-0.0360414
73.52,0.310166,0.350227,0.34136,-0.0400612
73.525,0.312356,0.350269,0.34134,-0.0379127
73.53,0.311787,0.350311,0.341319,-0.0385243
73.535,0.310427,0.350355,0.341298,-0.0399282
73.54,0.311978,0.350399,0.341277,-0.0384209
73.545,0.310896,0.350445,0.341257,-0.0395487
73.55,0.309844,0.350491,0.341236,-0.0406467
73.555,0.314854,0.350538,0.341215,-0.0356835
73.56,0.311995,0.350585,0.341194,-0.03859
73.565,0.317265,0.350634,0.341174,-0.0333692
73.57,0.321349,0.350684,0.341153,-0.0293348
73.575,0.321965,0.350734,0.341132,-0.028769
73.58,0.310668,0.350786,0.341111,-0.0401178
73.585,0.308055,0.350838,0.341091,-0.0427831
73.59,0.306917,0.350891,0.34107,-0.0439744
73.595,0.319522,0.350946,0.341049,-0.0314243
73.6,0.320758,0.351001,0.341028,-0.0302433
73.605,0.333268,0.351058,0.341007,-0.0177901
73.61,0.32927,0.351115,0.340987,-0.0218452
73.615,0.336657,0.351174,0.340966,-0.0145163
73.62,0.334141,0.351233,0.340945,-0.0170924
73.625,0.324144,0.351294,0.340924,-0.0271505
73.63,0.307534,0.351356,0.340903,-0.0438223
73.635,0.302144,0.351419,0.340883,-0.0492748
73.64,0.296101,0.351483,0.340862,-0.0553828
73.645,0.303215,0.351549,0.340841,-0.0483334
73.65,0.303692,0.351616,0.34082,-0.0479238
73.655,0.299599,0.351683,0.340799,-0.0520848
73.66,0.307196,0.351753,0.340778,-0.0445562
73.665,0.313531,0.351823,0.340758,-0.0382919
73.67,0.329517,0.351895,0.340737,-0.022378
73.675,0.334338,0.351968,0.340716,-0.0176298
73.68,0.342876,0.352042,0.340695,-0.00916674
73.685,0.339307,0.352118,0.340674,-0.0128114
73.69,0.332327,0.352195,0.340653,-0.019869
73.695,0.319323,0.352274,0.340633,-0.0329509
73.7,0.311517,0.352354,0.340612,-0.0408373
73.705,0.309554,0.352436,0.340591,-0.0428823
73.71,0.312017,0.352519,0.34057,-0.0405029
73.715,0.313623,0.352604,0.340549,-0.0389811
73.72,0.302715,0.352691,0.340528,-0.0499755
73.725,0.303142,0.352779,0.340507,-0.0496371
73.73,0.305169,0.352869,0.340486,-0.0476994
73.735,0.312154,0.35296,0.340466,-0.0408062
73.74,0.315248,0.353053,0.340445,-0.0378052
73.745,0.312423,0.353148,0.340424,-0.0407258
73.75,0.308803,0.353245,0.340403,-0.0444418
73.755,0.317345,0.353344,0.340382,-0.0359993
73.76,0.309845,0.353445,0.340361,-0.0435995
73.765,0.317474,0.353547,0.34034,-0.0360732
73.77,0.32037,0.353652,0.340319,-0.0332818
73.775,0.332343,0.353759,0.340298,-0.0214157
73.78,0.336277,0.353868,0.340277,-0.0175904
73.785,0.338285,0.353979,0.340256,-0.0156936
73.79,0.338029,0.354092,0.340235,-0.0160626
73.795,0.334229,0.354207,0.340214,-0.0199781
73.8,0.331589,0.354325,0.340193,-0.0227365
73.805,0.331182,0.354446,0.340173,-0.0232633
73.81,0.346218,0.354568,0.340152,-0.00835048
73.815,0.351251,0.354694,0.340131,-0.00344228
73.82,0.353032,0.354822,0.34011,-0.00179006
73.825,0.351412,0.354952,0.340089,-0.00354031
73.83,0.342098,0.355086,0.340068,-0.0129877
73.835,0.340898,0.355222,0.340047,-0.0143237
73.84,0.344553,0.355361,0.340026,-0.0108088
73.845,0.349579,0.355504,0.340005,-0.00592419
73.85,0.352721,0.355649,0.339984,-0.00292842
73.855,0.342451,0.355798,0.339963,-0.0133467
73.86,0.336327,0.35595,0.339942,-0.0196232
73.865,0.332882,0.356106,0.339921,-0.0232241
73.87,0.331159,0.356265,0.3399,-0.0251066
73.875,0.326272,0.356429,0.339879,-0.0301563
73.88,0.320282,0.356596,0.339858,-0.0363137
73.885,0.33187,0.356767,0.339837,-0.0248966
73.89,0.330506,0.356943,0.339816,-0.0264369
73.895,0.331623,0.357123,0.339795,-0.0254996
73.9,0.324894,0.357307,0.339774,-0.0324133
73.905,0.31757,0.357497,0.339753,-0.0399271
73.91,0.30953,0.357691,0.339731,-0.0481612
73.915,0.304735,0.357891,0.33971,-0.0531565
73.92,0.305468,0.358097,0.339689,-0.0526286
73.925,0.308956,0.358308,0.339668,-0.0493514
73.93,0.311041,0.358525,0.339647,-0.0474837
73.935,0.310396,0.358749,0.339626,-0.0483533
73.94,0.313813,0.358979,0.339605,-0.0451668
73.945,0.327719,0.359217,0.339584,-0.0314977
73.95,0.328402,0.359462,0.339563,-0.0310605
73.955,0.337826,0.359715,0.339542,-0.0218886
73.96,0.344185,0.359976,0.339521,-0.0157911
73.965,0.350972,0.360246,0.3395,-0.00927365
73.97,0.356365,0.360525,0.339479,-0.00416027
73.975,0.342283,0.360814,0.339457,-0.0185313
73.98,0.333868,0.361113,0.339436,-0.0272449
73.985,0.324413,0.361423,0.339415,-0.0370101
73.99,0.327497,0.361744,0.339394,-0.0342474
73.995,0.334114,0.362078,0.339373,-0.0279644
74,0.338574,0.362424,0.339352,-0.0238506
74.005,0.341195,0.362784,0.339331,-0.0215895
74.01,0.348556,0.363159,0.33931,-0.0146023
74.015,0.366993,0.363548,0.339288,0.00344508
74.02,0.373285,0.363954,0.339267,0.00933118
74.025,0.373631,0.364377,0.339246,0.00925455
74.03,0.367279,0.364818,0.339225,0.00246108
74.035,0.362262,0.365278,0.339204,-0.00301598
74.04,0.372988,0.365758,0.339183,0.00722985
74.045,0.367804,0.36626,0.339161,0.00154479
74.05,0.361889,0.366784,0.33914,-0.00489526
74.055,0.355659,0.367333,0.339119,-0.0116735
74.06,0.344367,0.367907,0.339098,-0.02354
74.065,0.342739,0.368508,0.339077,-0.0257684
74.07,0.342358,0.369137,0.339056,-0.0267793
74.075,0.341193,0.369797,0.339034,-0.0286039
74.08,0.33777,0.370488,0.339013,-0.0327184
74.085,0.338234,0.371213,0.338992,-0.0329792
74.09,0.338032,0.371974,0.338971,-0.0339414
74.095,0.337738,0.372772,0.338949,-0.0350332
74.1,0.338633,0.373609,0.338928,-0.0349759
74.105,0.340911,0.374489,0.338907,-0.033578
74.11,0.337715,0.375412,0.338886,-0.0376965
74.115,0.345314,0.376381,0.338865,-0.0310673
74.12,0.358086,0.3774,0.338843,-0.0193137
74.125,0.369393,0.37847,0.338822,-0.00907622
74.13,0.3728,0.379593,0.338801,-0.00679277
74.135,0.375739,0.380774,0.33878,-0.00503501
74.14,0.36885,0.382013,0.338758,-0.0131629
74.145,0.363071,0.383316,0.338737,-0.0202443
74.15,0.354166,0.384683,0.338716,-0.0305172
74.155,0.341046,0.386119,0.338694,-0.0450731
74.16,0.334139,0.387627,0.338673,-0.0534887
74.165,0.340405,0.38921,0.338652,-0.0488056
74.17,0.347994,0.390872,0.338631,-0.0428773
74.175,0.355768,0.392615,0.338609,-0.0368472
74.18,0.348399,0.394443,0.338588,-0.0460445
74.185,0.345238,0.396361,0.338567,-0.0511229
74.19,0.355146,0.398371,0.338545,-0.043225
74.195,0.367248,0.400478,0.338524,-0.0332295
74.2,0.380196,0.402685,0.338503,-0.0224888
74.205,0.387263,0.404996,0.338481,-0.0177327
74.21,0.401002,0.407415,0.33846,-0.00641279
74.215,0.405276,0.409945,0.338439,-0.00466911
74.22,0.408807,0.412592,0.338417,-0.00378523
74.225,0.405485,0.415358,0.338396,-0.00987264
74.23,0.396948,0.418248,0.338375,-0.0212996
74.235,0.395644,0.421266,0.338353,-0.0256215
74.24,0.396355,0.424415,0.338332,-0.0280603
74.245,0.400082,0.4277,0.338311,-0.0276179
74.25,0.411366,0.431124,0.338289,-0.019758
74.255,0.401702,0.434691,0.338268,-0.0329884
74.26,0.402049,0.438405,0.338246,-0.0363558
74.265,0.403758,0.442269,0.338225,-0.0385112
74.27,0.402811,0.446288,0.338204,-0.0434771
74.275,0.400165,0.450464,0.338182,-0.0502988
74.28,0.3838,0.4548,0.338161,-0.0710005
74.285,0.385457,0.459301,0.338139,-0.0738436
74.29,0.396376,0.463968,0.338118,-0.0675921
74.295,0.407065,0.468805,0.338097,-0.0617407
74.3,0.411715,0.473815,0.338075,-0.0620998
74.305,0.40997,0.478998,0.338054,-0.0690282
74.31,0.419538,0.484358,0.338032,-0.0648206
74.315,0.423082,0.489897,0.338011,-0.0668149
74.32,0.430987,0.495616,0.337989,-0.0646287
74.325,0.449152,0.501516,0.337968,-0.0523641
74.33,0.461079,0.507599,0.337947,-0.0465193
74.335,0.483011,0.513864,0.337925,-0.0308532
74.34,0.498411,0.520313,0.337904,-0.0219017
74.345,0.499442,0.526945,0.337882,-0.0275033
74.35,0.502629,0.53376,0.337861,-0.0311305
74.355,0.499801,0.540756,0.337839,-0.0409553
74.36,0.508877,0.547934,0.337818,-0.0390569
74.365,0.510123,0.55529,0.337796,-0.0451672
74.37,0.507484,0.562823,0.337775,-0.0553387
74.375,0.504063,0.57053,0.337753,-0.0664673
74.38,0.508316,0.578409,0.337732,-0.0700923
74.385,0.52326,0.586455,0.33771,-0.0631948
74.39,0.541598,0.594664,0.337689,-0.0530661
74.395,0.552526,0.603032,0.337667,-0.0505065
74.4,0.566484,0.611554,0.337646,-0.0450709
74.405,0.578341,0.620225,0.337624,-0.0418831
74.41,0.5867,0.629037,0.337603,-0.0423368
74.415,0.601519,0.637984,0.337581,-0.0364648
74.42,0.599647,0.647059,0.337559,-0.0474115
74.425,0.613928,0.656253,0.337538,-0.0423251
74.43,0.623805,0.665559,0.337516,-0.0417548
74.435,0.619293,0.674968,0.337495,-0.0556749
74.44,0.623125,0.684468,0.337473,-0.0613433
74.445,0.622165,0.69405,0.337452,-0.0718849
74.45,0.64358,0.703704,0.33743,-0.0601243
74.455,0.664216,0.713417,0.337408,-0.0492006
74.46,0.6847,0.723177,0.337387,-0.0384772
74.465,0.710632,0.732971,0.337365,-0.0223391
74.47,0.736044,0.742757,0.337344,-0.00671251
74.475,0.757699,0.752578,0.337322,0.0051206
74.48,0.765878,0.762391,0.3373,0.00348627
74.485,0.759692,0.772181,0.337279,-0.0124892
74.49,0.757605,0.781931,0.337257,-0.0243258
74.495,0.771564,0.791623,0.337235,-0.0200598
74.5,0.800584,0.801242,0.337214,-0.000658177
74.505,0.811858,0.810769,0.337192,0.00108874
74.51,0.806174,0.820185,0.337171,-0.014011
74.515,0.815525,0.829472,0.337149,-0.0139469
74.52,0.821732,0.838609,0.337127,-0.0168767
74.525,0.835999,0.847576,0.337106,-0.0115776
74.53,0.861756,0.856354,0.337084,0.00540225
74.535,0.865775,0.86492,0.337062,0.00085563
74.54,0.875038,0.873253,0.337041,0.0017847
74.545,0.882364,0.881333,0.337019,0.00103127
74.55,0.893892,0.889137,0.336997,0.00475563
74.555,0.908024,0.896643,0.336975,0.0113814
74.56,0.917122,0.90383,0.336954,0.0132922
74.565,0.912842,0.910676,0.336932,0.00216551
74.57,0.91563,0.91716,0.33691,-0.00153022
74.575,0.925027,0.923262,0.336889,0.00176433
74.58,0.920305,0.928961,0.336867,-0.00865643
74.585,0.92621,0.934238,0.336845,-0.00802777
74.59,0.927278,0.939074,0.336823,-0.0117968
74.595,0.934899,0.943453,0.336802,-0.00855394
74.6,0.919279,0.947358,0.33678,-0.0280795
74.605,0.907677,0.950775,0.336758,-0.0430978
74.61,0.893833,0.95369,0.336736,-0.0598574
74.615,0.909598,0.956093,0.336715,-0.0464946
74.62,0.922313,0.957974,0.336693,-0.0356608
74.625,0.914206,0.959325,0.336671,-0.0451187
74.63,0.902222,0.960141,0.336649,-0.0579194
74.635,0.907558,0.960419,0.336628,-0.0528614
74.64,0.930031,0.960158,0.336606,-0.030127
74.645,0.936549,0.959359,0.336584,-0.0228103
74.65,0.935034,0.958024,0.336562,-0.0229898
74.655,0.93127,0.95616,0.33654,-0.0248894
74.66,0.922742,0.953773,0.336519,-0.0310306
74.665,0.92757,0.950873,0.336497,-0.0233026
74.67,0.900127,0.94747,0.336475,-0.0473439
74.675,0.894593,0.943579,0.336453,-0.0489859
74.68,0.891241,0.939213,0.336431,-0.0479717
74.685,0.901676,0.934388,0.336409,-0.0327121
74.69,0.880214,0.929121,0.336388,-0.0489075
74.695,0.862098,0.923431,0.336366,-0.0613336
74.7,0.845253,0.917337,0.336344,-0.0720847
74.705,0.842335,0.91086,0.336322,-0.0685243
74.71,0.852844,0.904019,0.3363,-0.0511746
74.715,0.833907,0.896835,0.336278,-0.0629281
74.72,0.826535,0.889332,0.336256,-0.062797
74.725,0.804222,0.881529,0.336234,-0.0773072
74.73,0.812729,0.87345,0.336212,-0.0607212
74.735,0.811465,0.865115,0.336191,-0.0536492
74.74,0.812902,0.856546,0.336169,-0.043644
74.745,0.811812,0.847765,0.336147,-0.0359527
74.75,0.800163,0.838792,0.336125,-0.0386289
74.755,0.786527,0.829648,0.336103,-0.0431214
74.76,0.775422,0.820354,0.336081,-0.0449324
74.765,0.752434,0.810929,0.336059,-0.0584945
74.77,0.762199,0.801392,0.336037,-0.0391935
74.775,0.771773,0.791762,0.336015,-0.0199895
74.78,0.757469,0.782057,0.335993,-0.0245883
74.785,0.767545,0.772295,0.335971,-0.00475016
74.79,0.739278,0.762492,0.335949,-0.0232133
74.795,0.736276,0.752664,0.335927,-0.0163876
74.8,0.712501,0.742827,0.335905,-0.0303257
74.805,0.70153,0.732995,0.335883,-0.0314657
74.81,0.701861,0.723184,0.335861,-0.0213227
74.815,0.700786,0.713406,0.335839,-0.0126206
74.82,0.69401,0.703675,0.335817,-0.0096656
74.825,0.679547,0.694003,0.335795,-0.0144561
74.83,0.670802,0.684402,0.335773,-0.0135992
74.835,0.679553,0.674882,0.335751,0.00467094
74.84,0.685481,0.665454,0.335729,0.0200272
74.845,0.685771,0.656127,0.335707,0.0296432
74.85,0.675408,0.646912,0.335685,0.0284961
74.855,0.673649,0.637817,0.335663,0.035832
74.86,0.668327,0.628849,0.335641,0.0394781
74.865,0.666743,0.620016,0.335619,0.0467271
74.87,0.659783,0.611324,0.335597,0.0484583
74.875,0.649308,0.602781,0.335575,0.0465267
74.88,0.627855,0.594392,0.335553,0.0334628
74.885,0.611749,0.586162,0.335531,0.0255877
74.89,0.595579,0.578095,0.335509,0.0174837
74.895,0.584018,0.570196,0.335487,0.0138212
74.9,0.585693,0.562469,0.335464,0.0232246
74.905,0.576146,0.554916,0.335442,0.0212303
74.91,0.56041,0.54754,0.33542,0.0128698
74.915,0.534576,0.540344,0.335398,-0.00576836
74.92,0.516785,0.533329,0.335376,-0.0165436
74.925,0.515193,0.526496,0.335354,-0.0113036
74.93,0.513631,0.519847,0.335332,-0.00621588
74.935,0.518065,0.513381,0.33531,0.00468338
74.94,0.521299,0.5071,0.335287,0.0141992
74.945,0.518768,0.501002,0.335265,0.0177665
74.95,0.514015,0.495087,0.335243,0.0189281
74.955,0.50189,0.489355,0.335221,0.0125354
74.96,0.499079,0.483803,0.335199,0.0152759
74.965,0.501305,0.478431,0.335177,0.0228741
74.97,0.501614,0.473236,0.335154,0.0283771
74.975,0.493269,0.468217,0.335132,0.025052
74.98,0.488789,0.463372,0.33511,0.025417
74.985,0.473095,0.458697,0.335088,0.0143979
74.99,0.472322,0.45419,0.335066,0.0181326
74.995,0.461883,0.449848,0.335043,0.0120348
75,0.45739,0.445668,0.335021,0.0117215
75.005,0.456489,0.441647,0.334999,0.0148419
75.01,0.455906,0.437781,0.334977,0.0181244
75.015,0.440929,0.434068,0.334954,0.00686119
75.02,0.424197,0.430502,0.334932,-0.00630557
75.025,0.41606,0.427082,0.33491,-0.0110217
75.03,0.405062,0.423802,0.334888,-0.0187401
75.035,0.407989,0.420659,0.334865,-0.0126706
75.04,0.397559,0.41765,0.334843,-0.0200911
75.045,0.404869,0.41477,0.334821,-0.00990087
75.05,0.414367,0.412016,0.334798,0.00235156
75.055,0.418705,0.409383,0.334776,0.00932255
75.06,0.418756,0.406868,0.334754,0.0118882
75.065,0.414653,0.404466,0.334732,0.0101871
75.07,0.406978,0.402175,0.334709,0.00480365
75.075,0.399185,0.399989,0.334687,-0.000804792
75.08,0.394636,0.397907,0.334665,-0.0032708
75.085,0.395822,0.395922,0.334642,-0.000100616
75.09,0.391839,0.394033,0.33462,-0.00219356
75.095,0.396243,0.392235,0.334598,0.00400831
75.1,0.387372,0.390524,0.334575,-0.00315224
75.105,0.383956,0.388898,0.334553,-0.00494178
75.11,0.380262,0.387353,0.334531,-0.0070905
75.115,0.376174,0.385885,0.334508,-0.0097109
75.12,0.378417,0.384492,0.334486,-0.00607453
75.125,0.385724,0.383169,0.334463,0.00255453
75.13,0.384731,0.381915,0.334441,0.00281552
75.135,0.396948,0.380727,0.334419,0.0162218
75.14,0.393988,0.3796,0.334396,0.0143879
75.145,0.392225,0.378533,0.334374,0.0136922
75.15,0.394208,0.377523,0.334351,0.0166853
75.155,0.383713,0.376567,0.334329,0.00714593
75.16,0.376596,0.375663,0.334307,0.000932412
75.165,0.377915,0.374809,0.334284,0.00310558
75.17,0.370347,0.374002,0.334262,-0.00365476
75.175,0.370588,0.37324,0.334239,-0.00265125
75.18,0.371336,0.37252,0.334217,-0.00118436
75.185,0.365239,0.371842,0.334194,-0.00660352
75.19,0.378648,0.371203,0.334172,0.00744558
75.195,0.382327,0.370601,0.334149,0.0117266
75.2,0.382934,0.370034,0.334127,0.0129001
75.205,0.382002,0.369501,0.334104,0.0125006
75.21,0.376672,0.369001,0.334082,0.00767144
75.215,0.377384,0.368531,0.334059,0.00885282
75.22,0.380201,0.36809,0.334037,0.0121107
75.225,0.393442,0.367678,0.334014,0.0257647
75.23,0.384103,0.367292,0.333992,0.0168109
75.235,0.38446,0.366932,0.333969,0.0175282
75.24,0.372621,0.366596,0.333947,0.00602513
75.245,0.371298,0.366283,0.333924,0.00501495
75.25,0.37139,0.365993,0.333902,0.00539671
75.255,0.371896,0.365724,0.333879,0.00617209
75.26,0.369068,0.365476,0.333857,0.00359234
75.265,0.36949,0.365247,0.333834,0.00424283
75.27,0.368265,0.365037,0.333811,0.00322791
75.275,0.367292,0.364845,0.333789,0.00244734
75.28,0.366115,0.36467,0.333766,0.00144468
75.285,0.36903,0.364512,0.333744,0.00451787
75.29,0.369302,0.36437,0.333721,0.00493178
75.295,0.361873,0.364243,0.333698,-0.00237054
75.3,0.35472,0.364132,0.333676,-0.00941202
75.305,0.354071,0.364035,0.333653,-0.00996318
75.31,0.358441,0.363951,0.333631,-0.00551013
75.315,0.359012,0.363881,0.333608,-0.00486922
75.32,0.358815,0.363825,0.333585,-0.0050096
75.325,0.365543,0.36378,0.333563,0.00176236
75.33,0.372844,0.363748,0.33354,0.00909635
75.335,0.377151,0.363728,0.333517,0.0134234
75.34,0.370564,0.363719,0.333495,0.00684534
75.345,0.372218,0.363721,0.333472,0.00849675
75.35,0.377973,0.363734,0.333449,0.0142393
75.355,0.37319,0.363758,0.333427,0.00943262
75.36,0.352515,0.363791,0.333404,-0.0112759
75.365,0.335865,0.363835,0.333381,-0.0279702
75.37,0.340657,0.363888,0.333358,-0.0232308
75.375,0.350458,0.363951,0.333336,-0.0134929
75.38,0.360659,0.364022,0.333313,-0.00336317
75.385,0.370102,0.364103,0.33329,0.00599872
75.39,0.373552,0.364192,0.333268,0.0093603
75.395,0.380063,0.36429,0.333245,0.0157738
75.4,0.378934,0.364395,0.333222,0.0145389
75.405,0.369455,0.364509,0.333199,0.00494649
75.41,0.365263,0.36463,0.333176,0.000633459
75.415,0.360663,0.364758,0.333154,-0.00409501
75.42,0.357892,0.364894,0.333131,-0.0070019
75.425,0.356609,0.365036,0.333108,-0.0084268
75.43,0.363532,0.365185,0.333085,-0.00165325
75.435,0.367815,0.36534,0.333063,0.00247498
75.44,0.361772,0.365502,0.33304,-0.00373
75.445,0.353231,0.365669,0.333017,-0.0124375
75.45,0.333368,0.365842,0.332994,-0.0324731
75.455,0.334665,0.36602,0.332971,-0.0313542
75.46,0.338532,0.366203,0.332948,-0.0276703
75.465,0.346432,0.36639,0.332926,-0.0199585
75.47,0.342144,0.366582,0.332903,-0.0244385
75.475,0.344223,0.366778,0.33288,-0.0225555
75.48,0.340732,0.366978,0.332857,-0.0262458
75.485,0.351788,0.367181,0.332834,-0.0153927
75.49,0.345559,0.367387,0.332811,-0.0218279
75.495,0.353662,0.367595,0.332788,-0.0139335
75.5,0.354334,0.367806,0.332765,-0.0134725
75.505,0.353578,0.368019,0.332743,-0.0144409
75.51,0.355983,0.368233,0.33272,-0.0122501
75.515,0.364441,0.368448,0.332697,-0.00400642
75.52,0.366977,0.368663,0.332674,-0.00168596
75.525,0.355828,0.368879,0.332651,-0.0130505
75.53,0.357989,0.369094,0.332628,-0.0111047
75.535,0.354492,0.369308,0.332605,-0.0148157
75.54,0.356483,0.369521,0.332582,-0.0130375
75.545,0.349816,0.369731,0.332559,-0.0199156
75.55,0.344435,0.36994,0.332536,-0.025505
75.555,0.33784,0.370145,0.332513,-0.0323047
75.56,0.334117,0.370347,0.33249,-0.03623
75.565,0.332806,0.370544,0.332467,-0.0377377
75.57,0.332676,0.370737,0.332444,-0.038061
75.575,0.343089,0.370924,0.332421,-0.0278351
75.58,0.337642,0.371106,0.332398,-0.0334633
75.585,0.340528,0.371281,0.332375,-0.0307528
75.59,0.343712,0.371448,0.332352,-0.0277361
75.595,0.337186,0.371608,0.332329,-0.0344223
75.6,0.33899,0.37176,0.332306,-0.0327704
75.605,0.342455,0.371903,0.332283,-0.0294475
75.61,0.339145,0.372036,0.33226,-0.032891
75.615,0.340417,0.372159,0.332237,-0.0317418
75.62,0.349693,0.372271,0.332214,-0.022578
75.625,0.359222,0.372372,0.332191,-0.0131493
75.63,0.370894,0.372461,0.332168,-0.00156687
75.635,0.384455,0.372537,0.332145,0.0119173
75.64,0.383863,0.372601,0.332122,0.0112619
75.645,0.373469,0.372652,0.332098,0.000816723
75.65,0.361055,0.372689,0.332075,-0.0116336
75.655,0.347449,0.372711,0.332052,-0.0252625
75.66,0.353746,0.37272,0.332029,-0.0189736
75.665,0.35511,0.372713,0.332006,-0.0176032
75.67,0.363019,0.372692,0.331983,-0.00967255
75.675,0.367399,0.372655,0.33196,-0.00525592
75.68,0.365703,0.372603,0.331937,-0.00690035
75.685,0.369943,0.372535,0.331913,-0.00259195
75.69,0.357357,0.372452,0.33189,-0.0150949
75.695,0.356546,0.372353,0.331867,-0.0158074
75.7,0.350883,0.372239,0.331844,-0.0213556
75.705,0.339184,0.372109,0.331821,-0.0329245
75.71,0.318989,0.371963,0.331797,-0.0529743
75.715,0.325597,0.371802,0.331774,-0.0462054
75.72,0.331037,0.371626,0.331751,-0.0405898
75.725,0.331457,0.371436,0.331728,-0.0399786
75.73,0.334265,0.37123,0.331705,-0.0369653
75.735,0.322693,0.371011,0.331681,-0.0483179
75.74,0.343172,0.370778,0.331658,-0.0276064
75.745,0.351794,0.370532,0.331635,-0.0187374
75.75,0.356692,0.370272,0.331612,-0.0135799
75.755,0.360431,0.37,0.331588,-0.00956977
75.76,0.356958,0.369717,0.331565,-0.0127583
75.765,0.36849,0.369421,0.331542,-0.000931286
75.77,0.365591,0.369115,0.331519,-0.00352366
75.775,0.363156,0.368798,0.331495,-0.00564217
75.78,0.365826,0.368472,0.331472,-0.00264568
75.785,0.355747,0.368136,0.331449,-0.0123899
75.79,0.343706,0.367792,0.331425,-0.0240859
75.795,0.343185,0.36744,0.331402,-0.0242543
75.8,0.352337,0.36708,0.331379,-0.0147429
75.805,0.362162,0.366713,0.331355,-0.00455037
75.81,0.378564,0.366339,0.331332,0.0122243
75.815,0.36788,0.36596,0.331309,0.00192019
75.82,0.352765,0.365575,0.331285,-0.0128098
75.825,0.332305,0.365186,0.331262,-0.0328812
75.83,0.337091,0.364792,0.331239,-0.0277017
75.835,0.347528,0.364395,0.331215,-0.0168667
75.84,0.353521,0.363994,0.331192,-0.0104731
75.845,0.347434,0.363591,0.331168,-0.0161565
75.85,0.341235,0.363185,0.331145,-0.0219503
75.855,0.336195,0.362777,0.331122,-0.0265824
75.86,0.33752,0.362368,0.331098,-0.0248485
75.865,0.332132,0.361958,0.331075,-0.0298267
75.87,0.328444,0.361548,0.331051,-0.0331032
75.875,0.335355,0.361137,0.331028,-0.0257815
75.88,0.341701,0.360726,0.331004,-0.0190251
75.885,0.354099,0.360316,0.330981,-0.00621694
75.89,0.355919,0.359906,0.330957,-0.00398763
75.895,0.363884,0.359498,0.330934,0.00438637
75.9,0.350635,0.359091,0.33091,-0.00845655
75.905,0.353598,0.358686,0.330887,-0.00508778
75.91,0.361232,0.358283,0.330863,0.00294906
75.915,0.357084,0.357882,0.33084,-0.000797946
75.92,0.351647,0.357484,0.330816,-0.00583695
75.925,0.330083,0.357088,0.330793,-0.0270052
75.93,0.324408,0.356696,0.330769,-0.0322879
75.935,0.330597,0.356306,0.330746,-0.0257089
75.94,0.340905,0.35592,0.330722,-0.0150143
75.945,0.331782,0.355537,0.330699,-0.0237555
75.95,0.326743,0.355158,0.330675,-0.0284146
75.955,0.33517,0.354783,0.330652,-0.0196133
75.96,0.350515,0.354412,0.330628,-0.00389691
75.965,0.349296,0.354045,0.330604,-0.00474819
75.97,0.344045,0.353682,0.330581,-0.0096362
75.975,0.33295,0.353323,0.330557,-0.0203728
75.98,0.330311,0.352969,0.330534,-0.0226574
75.985,0.339409,0.352619,0.33051,-0.0132098
75.99,0.334079,0.352274,0.330486,-0.0181957
75.995,0.334685,0.351934,0.330463,-0.0172488
76,0.336095,0.351598,0.330439,-0.0155038
76.005,0.332567,0.351268,0.330415,-0.0187006
76.01,0.337783,0.350942,0.330392,-0.0131593
76.015,0.335054,0.350621,0.330368,-0.0155673
76.02,0.327674,0.350305,0.330344,-0.0226308
76.025,0.330826,0.349994,0.330321,-0.0191685
76.03,0.32898,0.349688,0.330297,-0.0207079
76.035,0.343689,0.349387,0.330273,-0.00569849
76.04,0.338525,0.349091,0.33025,-0.0105664
76.045,0.331857,0.348801,0.330226,-0.0169434
76.05,0.337954,0.348515,0.330202,-0.0105609
76.055,0.33815,0.348234,0.330179,-0.0100843
76.06,0.342603,0.347959,0.330155,-0.00535631
76.065,0.335844,0.347688,0.330131,-0.0118447
76.07,0.323008,0.347423,0.330107,-0.0244154
76.075,0.314296,0.347162,0.330084,-0.0328667
76.08,0.317863,0.346907,0.33006,-0.0290438
76.085,0.316994,0.346657,0.330036,-0.0296628
76.09,0.333859,0.346411,0.330012,-0.0125523
76.095,0.347012,0.34617,0.329988,0.000841359
76.1,0.350564,0.345935,0.329965,0.00462971
76.105,0.338115,0.345704,0.329941,-0.00758827
76.11,0.318901,0.345477,0.329917,-0.0265765
76.115,0.310713,0.345256,0.329893,-0.0345431
76.12,0.316064,0.345039,0.329869,-0.0289753
76.125,0.330419,0.344827,0.329846,-0.0144077
76.13,0.342383,0.344619,0.329822,-0.00223605
76.135,0.345625,0.344416,0.329798,0.00120861
76.14,0.348981,0.344218,0.329774,0.00476322
76.145,0.356186,0.344023,0.32975,0.0121625
76.15,0.36702,0.343833,0.329726,0.0231863
76.155,0.360681,0.343648,0.329702,0.0170335
76.16,0.349458,0.343466,0.329678,0.00599178
76.165,0.337352,0.343289,0.329655,-0.00593676
76.17,0.333766,0.343115,0.329631,-0.00934917
76.175,0.338776,0.342946,0.329607,-0.00417041
76.18,0.332276,0.342781,0.329583,-0.0105047
76.185,0.324336,0.342619,0.329559,-0.0182828
76.19,0.334605,0.342461,0.329535,-0.00785596
76.195,0.343286,0.342307,0.329511,0.000979195
76.2,0.347591,0.342156,0.329487,0.00543435
76.205,0.343037,0.342009,0.329463,0.00102756
76.21,0.344033,0.341866,0.329439,0.002167
76.215,0.346297,0.341726,0.329415,0.0045708
76.22,0.351194,0.341589,0.329391,0.0096049
76.225,0.351245,0.341456,0.329367,0.00978987
76.23,0.341809,0.341325,0.329343,0.00048336
76.235,0.339827,0.341198,0.329319,-0.00137145
76.24,0.344134,0.341074,0.329295,0.00305976
76.245,0.340256,0.340953,0.329271,-0.00069665
76.25,0.338159,0.340834,0.329247,-0.00267583
76.255,0.327864,0.340719,0.329223,-0.012855
76.26,0.322258,0.340606,0.329199,-0.0183485
76.265,0.321735,0.340496,0.329175,-0.0187611
76.27,0.334256,0.340389,0.329151,-0.00613284
76.275,0.33927,0.340284,0.329127,-0.00101433
76.28,0.346409,0.340182,0.329103,0.00622699
76.285,0.346844,0.340082,0.329078,0.00676205
76.29,0.350235,0.339984,0.329054,0.0102514
76.295,0.349816,0.339889,0.32903,0.00992739
76.3,0.341816,0.339796,0.329006,0.00202035
76.305,0.344369,0.339705,0.328982,0.00466463
76.31,0.349199,0.339616,0.328958,0.00958273
76.315,0.34808,0.339529,0.328934,0.00855058
76.32,0.356815,0.339445,0.32891,0.0173707
76.325,0.346842,0.339362,0.328885,0.0074803
76.33,0.3305,0.339281,0.328861,-0.00878089
76.335,0.326042,0.339202,0.328837,-0.0131605
76.34,0.332109,0.339125,0.328813,-0.00701575
76.345,0.344868,0.339049,0.328789,0.00581926
76.35,0.364652,0.338975,0.328764,0.0256767
76.355,0.352037,0.338903,0.32874,0.0131333
76.36,0.349181,0.338833,0.328716,0.0103488
76.365,0.337114,0.338763,0.328692,-0.00164973
76.37,0.33531,0.338696,0.328668,-0.00338552
76.375,0.331234,0.33863,0.328643,-0.00739538
76.38,0.327575,0.338565,0.328619,-0.0109898
76.385,0.312134,0.338502,0.328595,-0.026368
76.39,0.317013,0.33844,0.32857,-0.0214263
76.395,0.321733,0.338379,0.328546,-0.0166456
76.4,0.323442,0.33832,0.328522,-0.0148779
76.405,0.330052,0.338261,0.328498,-0.00820966
76.41,0.329746,0.338204,0.328473,-0.00845876
76.415,0.328754,0.338148,0.328449,-0.00939412
76.42,0.333411,0.338094,0.328425,-0.00468245
76.425,0.329801,0.33804,0.3284,-0.00823942
76.43,0.33283,0.337987,0.328376,-0.00515795
76.435,0.340221,0.337936,0.328352,0.00228495
76.44,0.34054,0.337885,0.328327,0.00265488
76.445,0.339922,0.337836,0.328303,0.00208656
76.45,0.324757,0.337787,0.328279,-0.0130304
76.455,0.324713,0.337739,0.328254,-0.0130261
76.46,0.32253,0.337693,0.32823,-0.0151622
76.465,0.325017,0.337647,0.328205,-0.0126299
76.47,0.331606,0.337601,0.328181,-0.0059959
76.475,0.328715,0.337557,0.328156,-0.00884265
76.48,0.329098,0.337514,0.328132,-0.00841555
76.485,0.334127,0.337471,0.328108,-0.00334459
76.49,0.344398,0.337429,0.328083,0.0069683
76.495,0.34397,0.337388,0.328059,0.0065822
76.5,0.339249,0.337348,0.328034,0.00190087
76.505,0.315245,0.337308,0.32801,-0.0220629
76.51,0.320154,0.337269,0.327985,-0.0171153
76.515,0.32535,0.337231,0.327961,-0.0118809
76.52,0.32283,0.337193,0.327936,-0.0143631
76.525,0.317937,0.337156,0.327912,-0.0192193
76.53,0.315831,0.33712,0.327887,-0.0212896
76.535,0.315668,0.337084,0.327863,-0.0214164
76.54,0.325201,0.337049,0.327838,-0.0118487
76.545,0.333072,0.337015,0.327814,-0.00394291
76.55,0.338811,0.336981,0.327789,0.00182967
76.555,0.356589,0.336948,0.327765,0.0196407
76.56,0.352242,0.336915,0.32774,0.0153264
76.565,0.351511,0.336883,0.327715,0.0146278
76.57,0.352387,0.336852,0.327691,0.0155355
76.575,0.351168,0.336821,0.327666,0.0143473
76.58,0.343943,0.33679,0.327642,0.00715261
76.585,0.337232,0.33676,0.327617,0.000471316
76.59,0.347842,0.336731,0.327592,0.0111105
76.595,0.358696,0.336702,0.327568,0.0219942
76.6,0.350611,0.336674,0.327543,0.0139373
76.605,0.346755,0.336646,0.327519,0.0101094
76.61,0.331543,0.336619,0.327494,-0.0050755
76.615,0.327412,0.336592,0.327469,-0.00917984
76.62,0.313144,0.336565,0.327445,-0.0234218
76.625,0.313963,0.33654,0.32742,-0.0225762
76.63,0.318588,0.336514,0.327395,-0.0179266
76.635,0.328231,0.336489,0.327371,-0.00825794
76.64,0.332743,0.336465,0.327346,-0.00372179
76.645,0.334011,0.336441,0.327321,-0.0024299
76.65,0.33297,0.336417,0.327296,-0.00344715
76.655,0.338306,0.336394,0.327272,0.00191153
76.66,0.337656,0.336371,0.327247,0.00128457
76.665,0.338386,0.336349,0.327222,0.00203701
76.67,0.356282,0.336327,0.327197,0.019955
76.675,0.354869,0.336306,0.327173,0.0185632
76.68,0.347557,0.336285,0.327148,0.0112713
76.685,0.33904,0.336265,0.327123,0.00277485
76.69,0.341592,0.336245,0.327098,0.00534748
76.695,0.343295,0.336225,0.327073,0.0070696
76.7,0.3445,0.336206,0.327049,0.00829369
76.705,0.344241,0.336187,0.327024,0.00805379
76.71,0.34365,0.336169,0.326999,0.00748086
76.715,0.350274,0.336151,0.326974,0.0141233
76.72,0.347097,0.336134,0.326949,0.0109634
76.725,0.345441,0.336117,0.326924,0.00932402
76.73,0.353528,0.3361,0.3269,0.0174279
76.735,0.360997,0.336084,0.326875,0.0249129
76.74,0.358125,0.336068,0.32685,0.0220573
76.745,0.356275,0.336053,0.326825,0.0202228
76.75,0.351627,0.336038,0.3268,0.0155891
76.755,0.341128,0.336023,0.326775,0.00510455
76.76,0.352454,0.336009,0.32675,0.0164453
76.765,0.348064,0.335995,0.326725,0.0120692
76.77,0.350029,0.335982,0.3267,0.0140473
76.775,0.347863,0.335969,0.326675,0.0118938
76.78,0.338385,0.335956,0.32665,0.00242865
76.785,0.348329,0.335944,0.326625,0.0123848
76.79,0.361973,0.335933,0.3266,0.0260405
76.795,0.369645,0.335921,0.326575,0.0337233
76.8,0.354451,0.33591,0.32655,0.0185405
76.805,0.345054,0.3359,0.326525,0.00915352
76.81,0.345517,0.33589,0.3265,0.00962752
76.815,0.344768,0.33588,0.326475,0.008888
76.82,0.348849,0.335871,0.32645,0.0129781
76.825,0.327887,0.335862,0.326425,-0.00797555
76.83,0.327072,0.335854,0.3264,-0.00878182
76.835,0.321845,0.335846,0.326375,-0.0140014
76.84,0.316878,0.335838,0.32635,-0.0189603
76.845,0.316511,0.335831,0.326325,-0.0193198
76.85,0.329021,0.335825,0.3263,-0.00680358
76.855,0.345139,0.335818,0.326275,0.00932092
76.86,0.356105,0.335812,0.32625,0.020293
76.865,0.359847,0.335807,0.326225,0.0240401
76.87,0.358925,0.335802,0.3262,0.0231231
76.875,0.3627,0.335797,0.326175,0.0269032
76.88,0.366043,0.335793,0.326149,0.03025
76.885,0.36455,0.335789,0.326124,0.0287609
76.89,0.360167,0.335786,0.326099,0.0243811
76.895,0.35268,0.335783,0.326074,0.0168971
76.9,0.35059,0.335781,0.326049,0.0148092
76.905,0.346188,0.335779,0.326024,0.0104097
76.91,0.338545,0.335777,0.325998,0.00276749
76.915,0.331776,0.335776,0.325973,-0.00400043
76.92,0.331415,0.335775,0.325948,-0.00436029
76.925,0.339586,0.335775,0.325923,0.00381123
76.93,0.361505,0.335775,0.325897,0.0257297
76.935,0.356343,0.335776,0.325872,0.0205673
76.94,0.352287,0.335777,0.325847,0.0165097
76.945,0.353498,0.335779,0.325822,0.0177191
76.95,0.344533,0.335781,0.325796,0.0087526
76.955,0.347346,0.335783,0.325771,0.011563
76.96,0.346141,0.335786,0.325746,0.0103552
76.965,0.340138,0.335789,0.325721,0.00434848
76.97,0.343386,0.335793,0.325695,0.00759225
76.975,0.336248,0.335798,0.32567,0.000450818
76.98,0.326503,0.335802,0.325645,-0.00929961
76.985,0.329638,0.335808,0.325619,-0.00617019
76.99,0.33979,0.335814,0.325594,0.00397661
76.995,0.350364,0.33582,0.325569,0.0145439
77,0.36597,0.335827,0.325543,0.0301435
77.005,0.368946,0.335834,0.325518,0.0331125
77.01,0.372951,0.335842,0.325493,0.0371095
77.015,0.374601,0.33585,0.325467,0.0387508
77.02,0.371814,0.335859,0.325442,0.035955
77.025,0.366085,0.335868,0.325416,0.0302173
77.03,0.365559,0.335878,0.325391,0.0296812
77.035,0.360165,0.335888,0.325365,0.0242766
77.04,0.347629,0.335899,0.32534,0.0117303
77.045,0.345057,0.33591,0.325315,0.0091466
77.05,0.349679,0.335922,0.325289,0.0137566
77.055,0.351661,0.335935,0.325264,0.0157266
77.06,0.348204,0.335948,0.325238,0.0122561
77.065,0.341792,0.335961,0.325213,0.00583138
77.07,0.35041,0.335975,0.325187,0.0144345
77.075,0.347819,0.33599,0.325162,0.0118297
77.08,0.343366,0.336005,0.325136,0.00736125
77.085,0.319249,0.336021,0.325111,-0.0167719
77.09,0.321928,0.336037,0.325085,-0.0141093
77.095,0.337974,0.336054,0.32506,0.00192028
77.1,0.346146,0.336071,0.325034,0.0100749
77.105,0.353061,0.33609,0.325009,0.0169717
77.11,0.354381,0.336108,0.324983,0.018273
77.115,0.349279,0.336127,0.324957,0.0131517
77.12,0.358542,0.336147,0.324932,0.0223942
77.125,0.349511,0.336168,0.324906,0.0133427
77.13,0.349552,0.336189,0.324881,0.0133627
77.135,0.34382,0.336211,0.324855,0.00760895
77.14,0.338366,0.336233,0.324829,0.00213279
77.145,0.335546,0.336256,0.324804,-0.000709839
77.15,0.348279,0.33628,0.324778,0.011999
77.155,0.351039,0.336304,0.324752,0.0147349
77.16,0.363089,0.336329,0.324727,0.0267594
77.165,0.349525,0.336355,0.324701,0.0131704
77.17,0.349468,0.336381,0.324675,0.0130865
77.175,0.345028,0.336408,0.32465,0.00861962
77.18,0.339954,0.336436,0.324624,0.00351827
77.185,0.34698,0.336464,0.324598,0.0105157
77.19,0.348001,0.336493,0.324573,0.0115072
77.195,0.351426,0.336523,0.324547,0.0149026
77.2,0.352174,0.336554,0.324521,0.0156201
77.205,0.352233,0.336585,0.324495,0.0156476
77.21,0.362114,0.336617,0.32447,0.0254968
77.215,0.351379,0.33665,0.324444,0.0147289
77.22,0.353648,0.336683,0.324418,0.0169641
77.225,0.34186,0.336718,0.324392,0.0051419
77.23,0.349295,0.336753,0.324366,0.0125421
77.235,0.362012,0.336789,0.324341,0.0252229
77.24,0.362698,0.336826,0.324315,0.0258726
77.245,0.360546,0.336863,0.324289,0.0236826
77.25,0.352025,0.336901,0.324263,0.0151236
77.255,0.346349,0.336941,0.324237,0.00940872
77.26,0.34344,0.336981,0.324211,0.00645928
77.265,0.338447,0.337021,0.324186,0.0014261
77.27,0.322389,0.337063,0.32416,-0.0146736
77.275,0.317991,0.337106,0.324134,-0.0191151
77.28,0.312116,0.337149,0.324108,-0.0250331
77.285,0.304952,0.337194,0.324082,-0.0322418
77.29,0.308051,0.337239,0.324056,-0.0291883
77.295,0.309242,0.337285,0.32403,-0.0280432
77.3,0.327773,0.337332,0.324004,-0.0095587
77.305,0.340371,0.33738,0.323978,0.00299082
77.31,0.343401,0.337429,0.323952,0.00597128
77.315,0.342799,0.337479,0.323926,0.0053197
77.32,0.34242,0.33753,0.3239,0.00488922
77.325,0.345583,0.337582,0.323874,0.0080006
77.33,0.338578,0.337635,0.323848,0.000942383
77.335,0.346897,0.337689,0.323822,0.00920703
77.34,0.351039,0.337745,0.323796,0.0132946
77.345,0.354035,0.337801,0.32377,0.0162342
77.35,0.365089,0.337858,0.323744,0.0272308
77.355,0.343465,0.337916,0.323718,0.00554825
77.36,0.333045,0.337976,0.323692,-0.00493126
77.365,0.328013,0.338036,0.323666,-0.0100233
77.37,0.33585,0.338098,0.32364,-0.00224804
77.375,0.341953,0.338161,0.323614,0.00379166
77.38,0.348464,0.338225,0.323588,0.0102393
77.385,0.335995,0.33829,0.323562,-0.00229555
77.39,0.336995,0.338357,0.323536,-0.00136136
77.395,0.335943,0.338424,0.32351,-0.00248117
77.4,0.3373,0.338493,0.323483,-0.00119351
77.405,0.337781,0.338563,0.323457,-0.000781853
77.41,0.342496,0.338635,0.323431,0.00386118
77.415,0.348422,0.338708,0.323405,0.00971462
77.42,0.339683,0.338782,0.323379,0.000901195
77.425,0.348437,0.338857,0.323353,0.00957974
77.43,0.347803,0.338934,0.323326,0.00886945
77.435,0.357703,0.339012,0.3233,0.0186914
77.44,0.365993,0.339092,0.323274,0.026901
77.445,0.36457,0.339173,0.323248,0.0253971
77.45,0.352243,0.339255,0.323222,0.012988
77.455,0.350627,0.339339,0.323195,0.0112876
77.46,0.349475,0.339425,0.323169,0.0100502
77.465,0.357829,0.339512,0.323143,0.0183172
77.47,0.364561,0.3396,0.323117,0.0249609
77.475,0.354513,0.33969,0.32309,0.0148232
77.48,0.350302,0.339782,0.323064,0.0105197
77.485,0.342545,0.339875,0.323038,0.00266941
77.49,0.346094,0.33997,0.323011,0.00612364
77.495,0.340167,0.340067,0.322985,0.000100398
77.5,0.332323,0.340165,0.322959,-0.0078428
77.505,0.331542,0.340265,0.322932,-0.00872372
77.51,0.35157,0.340367,0.322906,0.0112024
77.515,0.352759,0.340471,0.32288,0.0122882
77.52,0.359705,0.340577,0.322853,0.0191283
77.525,0.353568,0.340684,0.322827,0.0128843
77.53,0.355045,0.340793,0.322801,0.0142517
77.535,0.353959,0.340905,0.322774,0.0130546
77.54,0.355261,0.341018,0.322748,0.0142429
77.545,0.360497,0.341133,0.322721,0.0193642
77.55,0.365184,0.34125,0.322695,0.0239333
77.555,0.371745,0.34137,0.322668,0.030375
77.56,0.376653,0.341491,0.322642,0.0351617
77.565,0.369186,0.341615,0.322615,0.0275709
77.57,0.371335,0.341741,0.322589,0.0295948
77.575,0.351578,0.341869,0.322563,0.00970929
77.58,0.342129,0.341999,0.322536,0.000130342
77.585,0.352993,0.342132,0.32251,0.0108614
77.59,0.357405,0.342267,0.322483,0.0151388
77.595,0.36505,0.342404,0.322456,0.0226459
77.6,0.370758,0.342544,0.32243,0.028214
77.605,0.363037,0.342686,0.322403,0.0203502
77.61,0.379573,0.342831,0.322377,0.0367419
77.615,0.368266,0.342979,0.32235,0.0252873
77.62,0.364265,0.343129,0.322324,0.0211355
77.625,0.364505,0.343282,0.322297,0.0212226
77.63,0.355182,0.343438,0.322271,0.0117437
77.635,0.358519,0.343596,0.322244,0.0149226
77.64,0.355727,0.343758,0.322217,0.0119686
77.645,0.361033,0.343922,0.322191,0.017111
77.65,0.361854,0.34409,0.322164,0.017764
77.655,0.358158,0.34426,0.322137,0.0138976
77.66,0.358994,0.344434,0.322111,0.01456
77.665,0.347568,0.344611,0.322084,0.00295708
77.67,0.351013,0.344792,0.322057,0.00622165
77.675,0.347186,0.344975,0.322031,0.00221091
77.68,0.350216,0.345163,0.322004,0.00505368
77.685,0.359075,0.345354,0.321977,0.013721
77.69,0.349764,0.345548,0.321951,0.0042156
77.695,0.348175,0.345747,0.321924,0.00242777
77.7,0.343548,0.345949,0.321897,-0.00240126
77.705,0.360764,0.346155,0.32187,0.0146087
77.71,0.370302,0.346366,0.321844,0.0239366
77.715,0.368056,0.346581,0.321817,0.0214759
77.72,0.35601,0.3468,0.32179,0.00921045
77.725,0.355177,0.347023,0.321763,0.00815388
77.73,0.358213,0.347252,0.321736,0.0109609
77.735,0.365249,0.347485,0.32171,0.0177646
77.74,0.36939,0.347723,0.321683,0.0216666
77.745,0.367873,0.347966,0.321656,0.0199072
77.75,0.372095,0.348215,0.321629,0.0238803
77.755,0.356974,0.348469,0.321602,0.00850452
77.76,0.354743,0.348729,0.321575,0.00601366
77.765,0.360485,0.348995,0.321548,0.0114897
77.77,0.368641,0.349267,0.321522,0.0193739
77.775,0.366886,0.349546,0.321495,0.0173396
77.78,0.365974,0.349832,0.321468,0.0161425
77.785,0.371743,0.350124,0.321441,0.0216182
77.79,0.381961,0.350424,0.321414,0.0315371
77.795,0.392773,0.350732,0.321387,0.0420405
77.8,0.38198,0.351048,0.32136,0.0309317
77.805,0.364116,0.351372,0.321333,0.012744
77.81,0.359241,0.351705,0.321306,0.00753528
77.815,0.370644,0.352048,0.321279,0.0185961
77.82,0.386478,0.3524,0.321252,0.0340781
77.825,0.390434,0.352762,0.321225,0.0376712
77.83,0.378675,0.353136,0.321198,0.0255389
77.835,0.377293,0.353521,0.321171,0.0237724
77.84,0.383126,0.353917,0.321144,0.0292085
77.845,0.380162,0.354327,0.321117,0.0258347
77.85,0.387881,0.35475,0.32109,0.0331316
77.855,0.379931,0.355187,0.321063,0.0247442
77.86,0.38481,0.355639,0.321036,0.0291708
77.865,0.390395,0.356107,0.321009,0.0342884
77.87,0.389873,0.356591,0.320982,0.0332822
77.875,0.391574,0.357093,0.320955,0.0344807
77.88,0.386229,0.357615,0.320927,0.0286144
77.885,0.376229,0.358156,0.3209,0.0180739
77.89,0.375984,0.358718,0.320873,0.0172662
77.895,0.381519,0.359302,0.320846,0.0222168
77.9,0.389303,0.359911,0.320819,0.0293928
77.905,0.389861,0.360544,0.320792,0.0293173
77.91,0.390587,0.361204,0.320764,0.0293829
77.915,0.381882,0.361893,0.320737,0.0199887
77.92,0.38141,0.362612,0.32071,0.0187978
77.925,0.392142,0.363363,0.320683,0.0287794
77.93,0.399124,0.364148,0.320656,0.0349767
77.935,0.408289,0.364969,0.320628,0.043321
77.94,0.410192,0.365828,0.320601,0.0443645
77.945,0.410246,0.366727,0.320574,0.043519
77.95,0.423485,0.36767,0.320547,0.0558147
77.955,0.419074,0.368659,0.320519,0.050415
77.96,0.398563,0.369696,0.320492,0.0288673
77.965,0.379727,0.370784,0.320465,0.00894328
77.97,0.383524,0.371927,0.320437,0.0115975
77.975,0.406278,0.373127,0.32041,0.0331514
77.98,0.415849,0.374388,0.320383,0.0414609
77.985,0.415934,0.375714,0.320355,0.0402191
77.99,0.416374,0.377109,0.320328,0.0392648
77.995,0.421981,0.378576,0.320301,0.0434048
78,0.428641,0.380119,0.320273,0.0485216
78.005,0.424062,0.381743,0.320246,0.0423185
78.01,0.418477,0.383453,0.320219,0.0350242
78.015,0.414582,0.385253,0.320191,0.029329
78.02,0.408098,0.387147,0.320164,0.0209509
78.025,0.411987,0.389142,0.320136,0.0228454
78.03,0.412545,0.391242,0.320109,0.0213026
78.035,0.424378,0.393454,0.320081,0.0309244
78.04,0.430135,0.395782,0.320054,0.0343534
78.045,0.427929,0.398233,0.320026,0.0296962
78.05,0.436034,0.400813,0.319999,0.0352203
78.055,0.415111,0.403529,0.319971,0.0115816
78.06,0.409375,0.406387,0.319944,0.00298756
78.065,0.41429,0.409394,0.319916,0.00489553
78.07,0.420966,0.412558,0.319889,0.00840799
78.075,0.419478,0.415885,0.319861,0.00359312
78.08,0.415569,0.419382,0.319834,-0.0038136
78.085,0.419579,0.423059,0.319806,-0.00348024
78.09,0.430963,0.426922,0.319779,0.00404154
78.095,0.444804,0.430979,0.319751,0.013825
78.1,0.433391,0.43524,0.319724,-0.00184885
78.105,0.441076,0.439712,0.319696,0.00136479
78.11,0.448235,0.444403,0.319668,0.00383221
78.115,0.452826,0.449323,0.319641,0.00350326
78.12,0.458724,0.454481,0.319613,0.00424329
78.125,0.462966,0.459884,0.319585,0.00308164
78.13,0.478554,0.465543,0.319558,0.0130105
78.135,0.468963,0.471467,0.31953,-0.00250392
78.14,0.461275,0.477664,0.319502,-0.0163885
78.145,0.459492,0.484143,0.319475,-0.0246519
78.15,0.464763,0.490915,0.319447,-0.026152
78.155,0.472518,0.497988,0.319419,-0.0254697
78.16,0.482494,0.505371,0.319392,-0.0228765
78.165,0.486677,0.513073,0.319364,-0.0263953
78.17,0.483721,0.521103,0.319336,-0.0373822
78.175,0.480405,0.529471,0.319308,-0.049066
78.18,0.484718,0.538184,0.319281,-0.0534659
78.185,0.503115,0.547252,0.319253,-0.0441361
78.19,0.523712,0.556682,0.319225,-0.0329698
78.195,0.537321,0.566483,0.319197,-0.029162
78.2,0.548244,0.576662,0.319169,-0.0284174
78.205,0.5745,0.587227,0.319142,-0.0127264
78.21,0.595215,0.598184,0.319114,-0.00296953
78.215,0.599456,0.609541,0.319086,-0.0100853
78.22,0.60432,0.621304,0.319058,-0.016984
78.225,0.599795,0.633478,0.31903,-0.0336834
78.23,0.610859,0.646069,0.319002,-0.0352103
78.235,0.621743,0.659081,0.318974,-0.0373378
78.24,0.635873,0.672518,0.318946,-0.0366451
78.245,0.642907,0.686384,0.318919,-0.0434768
78.25,0.66057,0.700681,0.318891,-0.0401109
78.255,0.676868,0.715411,0.318863,-0.038543
78.26,0.683778,0.730577,0.318835,-0.0467987
78.265,0.695058,0.746177,0.318807,-0.0511184
78.27,0.706489,0.762212,0.318779,-0.0557226
78.275,0.709504,0.778681,0.318751,-0.0691762
78.28,0.729888,0.795581,0.318723,-0.0656927
78.285,0.750451,0.812909,0.318695,-0.0624576
78.29,0.790811,0.830661,0.318667,-0.0398501
78.295,0.807456,0.848833,0.318639,-0.0413772
78.3,0.80632,0.867418,0.318611,-0.0610973
78.305,0.820546,0.886408,0.318583,-0.0658627
78.31,0.845826,0.905797,0.318555,-0.0599703
78.315,0.872337,0.925573,0.318527,-0.0532366
78.32,0.884087,0.945728,0.318498,-0.0616408
78.325,0.89622,0.966248,0.31847,-0.0700279
78.33,0.953915,0.987123,0.318442,-0.0332074
78.335,0.981854,1.00834,0.318414,-0.0264815
78.34,1.00612,1.02987,0.318386,-0.0237547
78.345,1.04478,1.05172,0.318358,-0.00693804
78.35,1.0742,1.07385,0.31833,0.000344268
78.355,1.10301,1.09626,0.318302,0.00674992
78.36,1.1212,1.11892,0.318273,0.00228679
78.365,1.12917,1.1418,0.318245,-0.0126298
78.37,1.16099,1.16489,0.318217,-0.00390568
78.375,1.21522,1.18817,0.318189,0.0270527
78.38,1.26885,1.2116,0.318161,0.0572437
78.385,1.29101,1.23517,0.318132,0.0558454
78.39,1.32163,1.25883,0.318104,0.0627955
78.395,1.36199,1.28258,0.318076,0.0794147
78.4,1.44689,1.30636,0.318048,0.140522
78.405,1.48292,1.33016,0.318019,0.152755
78.41,1.53636,1.35394,0.317991,0.18242
78.415,1.58587,1.37767,0.317963,0.208194
78.42,1.6045,1.40131,0.317934,0.203184
78.425,1.61611,1.42483,0.317906,0.191282
78.43,1.64918,1.44818,0.317878,0.200993
78.435,1.63985,1.47134,0.317849,0.168503
78.44,1.64485,1.49426,0.317821,0.15059
78.445,1.66827,1.51691,0.317793,0.151367
78.45,1.67242,1.53923,0.317764,0.133188
78.455,1.71209,1.5612,0.317736,0.150886
78.46,1.74964,1.58277,0.317708,0.166876
78.465,1.76478,1.60389,0.317679,0.16089
78.47,1.79154,1.62452,0.317651,0.16702
78.475,1.79716,1.64463,0.317622,0.152533
78.48,1.7815,1.66416,0.317594,0.117347
78.485,1.7643,1.68307,0.317565,0.0812297
78.49,1.75529,1.70132,0.317537,0.0539704
78.495,1.78643,1.71886,0.317508,0.067567
78.5,1.8338,1.73565,0.31748,0.098151
78.505,1.88743,1.75165,0.317451,0.135776
78.51,1.93115,1.76682,0.317423,0.164323
78.515,1.94855,1.78112,0.317394,0.167431
78.52,1.95561,1.7945,0.317366,0.161109
78.525,1.94879,1.80694,0.317337,0.141855
78.53,1.94854,1.81838,0.317309,0.13016
78.535,1.98658,1.82881,0.31728,0.15777
78.54,1.98788,1.83819,0.317252,0.149696
78.545,1.97887,1.84648,0.317223,0.132387
78.55,1.91781,1.85368,0.317194,0.0641328
78.555,1.85047,1.85974,0.317166,-0.00927277
78.56,1.82605,1.86466,0.317137,-0.0386097
78.565,1.79931,1.86841,0.317109,-0.0691041
78.57,1.83763,1.87099,0.31708,-0.0333659
78.575,1.82145,1.87239,0.317051,-0.0509433
78.58,1.82842,1.8726,0.317023,-0.0441768
78.585,1.78369,1.87162,0.316994,-0.0879367
78.59,1.74043,1.86946,0.316965,-0.129024
78.595,1.70972,1.86612,0.316936,-0.156395
78.6,1.70936,1.8616,0.316908,-0.152243
78.605,1.71978,1.85594,0.316879,-0.13616
78.61,1.71089,1.84914,0.31685,-0.138254
78.615,1.7066,1.84123,0.316822,-0.134625
78.62,1.67494,1.83222,0.316793,-0.157282
78.625,1.65831,1.82216,0.316764,-0.163845
78.63,1.63512,1.81106,0.316735,-0.175942
78.635,1.61915,1.79896,0.316706,-0.179817
78.64,1.58201,1.7859,0.316678,-0.203894
78.645,1.57194,1.77191,0.316649,-0.199971
78.65,1.54167,1.75703,0.31662,-0.215364
78.655,1.52266,1.74131,0.316591,-0.218646
78.66,1.52094,1.72477,0.316562,-0.203831
78.665,1.51841,1.70747,0.316533,-0.189055
78.67,1.51636,1.68944,0.316504,-0.173088
78.675,1.48289,1.67074,0.316476,-0.187852
78.68,1.45534,1.6514,0.316447,-0.196061
78.685,1.44283,1.63147,0.316418,-0.188639
78.69,1.43681,1.61099,0.316389,-0.174185
78.695,1.42365,1.59001,0.31636,-0.166358
78.7,1.42595,1.56857,0.316331,-0.142616
78.705,1.4052,1.54671,0.316302,-0.141508
78.71,1.38447,1.52447,0.316273,-0.140005
78.715,1.3351,1.5019,0.316244,-0.166801
78.72,1.32452,1.47904,0.316215,-0.15452
78.725,1.32263,1.45592,0.316186,-0.133293
78.73,1.30303,1.43259,0.316157,-0.129558
78.735,1.28101,1.40909,0.316128,-0.128077
78.74,1.27529,1.38545,0.316099,-0.110153
78.745,1.27286,1.3617,0.31607,-0.0888454
78.75,1.26751,1.33789,0.316041,-0.0703834
78.755,1.23574,1.31405,0.316012,-0.0783167
78.76,1.21586,1.29021,0.315982,-0.0743474
78.765,1.18997,1.2664,0.315953,-0.0764371
78.77,1.16702,1.24266,0.315924,-0.0756397
78.775,1.14557,1.219,0.315895,-0.0734346
78.78,1.12165,1.19547,0.315866,-0.0738182
78.785,1.12017,1.17209,0.315837,-0.0519171
78.79,1.11141,1.14887,0.315808,-0.0374673
78.795,1.08188,1.12586,0.315778,-0.0439809
78.8,1.07724,1.10307,0.315749,-0.0258267
78.805,1.07163,1.08052,0.31572,-0.00888423
78.81,1.04182,1.05823,0.315691,-0.016411
78.815,1.00153,1.03622,0.315662,-0.0346976
78.82,0.962672,1.01452,0.315632,-0.0518475
78.825,0.93598,0.993134,0.315603,-0.0571533
78.83,0.914199,0.972081,0.315574,-0.0578821
78.835,0.910601,0.951377,0.315545,-0.0407764
78.84,0.890109,0.931035,0.315515,-0.0409259
78.845,0.881585,0.911066,0.315486,-0.0294807
78.85,0.864392,0.891481,0.315457,-0.0270896
78.855,0.866606,0.872291,0.315427,-0.0056854
78.86,0.858395,0.853504,0.315398,0.00489082
78.865,0.835919,0.835128,0.315369,0.000790782
78.87,0.824734,0.817168,0.315339,0.00756588
78.875,0.796068,0.799631,0.31531,-0.00356386
78.88,0.782505,0.782522,0.315281,-1.64204e-05
78.885,0.75468,0.765842,0.315251,-0.0111622
78.89,0.740429,0.749596,0.315222,-0.00916716
78.895,0.722294,0.733784,0.315192,-0.0114906
78.9,0.722094,0.718408,0.315163,0.00368626
78.905,0.699434,0.703467,0.315134,-0.00403209
78.91,0.69281,0.688959,0.315104,0.00385076
78.915,0.663604,0.674885,0.315075,-0.0112807
78.92,0.652971,0.66124,0.315045,-0.00826925
78.925,0.645014,0.648023,0.315016,-0.00300871
78.93,0.641061,0.635228,0.314986,0.0058333
78.935,0.635959,0.622852,0.314957,0.0131071
78.94,0.619655,0.61089,0.314927,0.00876541
78.945,0.60276,0.599336,0.314898,0.0034236
78.95,0.590043,0.588184,0.314868,0.00185869
78.955,0.582403,0.577428,0.314838,0.00497472
78.96,0.575479,0.567061,0.314809,0.008418
78.965,0.568871,0.557075,0.314779,0.0117962
78.97,0.559321,0.547463,0.31475,0.0118582
78.975,0.55174,0.538217,0.31472,0.0135226
78.98,0.543174,0.529329,0.31469,0.013845
78.985,0.513916,0.52079,0.314661,-0.00687472
78.99,0.504424,0.512592,0.314631,-0.00816879
78.995,0.502509,0.504726,0.314601,-0.00221748
79,0.498199,0.497184,0.314572,0.00101495
79.005,0.5059,0.489955,0.314542,0.0159449
79.01,0.495122,0.483031,0.314512,0.0120914
79.015,0.48185,0.476403,0.314483,0.00544679
79.02,0.469372,0.470061,0.314453,-0.000689334
79.025,0.462609,0.463997,0.314423,-0.00138802
79.03,0.456407,0.458201,0.314394,-0.00179437
79.035,0.456533,0.452664,0.314364,0.00386851
79.04,0.45973,0.447377,0.314334,0.0123527
79.045,0.466196,0.442332,0.314304,0.0238642
79.05,0.469776,0.437518,0.314274,0.0322575
79.055,0.460255,0.432928,0.314245,0.0273272
79.06,0.458477,0.428553,0.314215,0.0299245
79.065,0.465238,0.424384,0.314185,0.0408536
79.07,0.464348,0.420413,0.314155,0.0439346
79.075,0.454542,0.416632,0.314125,0.0379102
79.08,0.442877,0.413033,0.314095,0.0298438
79.085,0.44177,0.409609,0.314066,0.0321616
79.09,0.437233,0.40635,0.314036,0.0308829
79.095,0.428673,0.403251,0.314006,0.025422
79.1,0.428615,0.400304,0.313976,0.0283104
79.105,0.430128,0.397503,0.313946,0.0326253
79.11,0.427229,0.394839,0.313916,0.0323899
79.115,0.418591,0.392307,0.313886,0.0262843
79.12,0.41397,0.389901,0.313856,0.0240689
79.125,0.428294,0.387614,0.313826,0.04068
79.13,0.441124,0.38544,0.313796,0.0556831
79.135,0.437457,0.383375,0.313766,0.0540819
79.14,0.419297,0.381412,0.313736,0.0378858
79.145,0.408905,0.379545,0.313706,0.0293597
79.15,0.404111,0.377771,0.313676,0.0263393
79.155,0.399717,0.376084,0.313646,0.023633
79.16,0.396519,0.37448,0.313616,0.0220384
79.165,0.390977,0.372954,0.313586,0.0180231
79.17,0.37201,0.371502,0.313556,0.000507616
79.175,0.364573,0.370121,0.313526,-0.00554703
79.18,0.350266,0.368805,0.313495,-0.0185386
79.185,0.340199,0.367551,0.313465,-0.0273519
79.19,0.345676,0.366357,0.313435,-0.0206807
79.195,0.347463,0.365218,0.313405,-0.0177556
79.2,0.354054,0.364132,0.313375,-0.0100777
79.205,0.377852,0.363095,0.313345,0.0147566
79.21,0.394555,0.362105,0.313315,0.0324498
79.215,0.399752,0.361159,0.313284,0.0385927
79.22,0.396362,0.360255,0.313254,0.0361068
79.225,0.368631,0.359389,0.313224,0.0092422
79.23,0.359583,0.35856,0.313194,0.00102255
79.235,0.365373,0.357766,0.313163,0.00760685
79.24,0.361773,0.357005,0.313133,0.00476823
79.245,0.359621,0.356274,0.313103,0.00334719
79.25,0.342431,0.355571,0.313073,-0.0131407
79.255,0.337872,0.354896,0.313042,-0.0170241
79.26,0.341016,0.354247,0.313012,-0.0132304
79.265,0.34899,0.353621,0.312982,-0.00463129
79.27,0.361101,0.353018,0.312951,0.00808322
79.275,0.355654,0.352437,0.312921,0.00321699
79.28,0.367497,0.351875,0.312891,0.0156222
79.285,0.377608,0.351332,0.31286,0.0262759
79.29,0.392698,0.350807,0.31283,0.0418915
79.295,0.383825,0.350298,0.312799,0.0335262
79.3,0.365208,0.349806,0.312769,0.0154025
79.305,0.35569,0.349328,0.312739,0.00636235
79.31,0.356155,0.348864,0.312708,0.00729119
79.315,0.355628,0.348413,0.312678,0.00721481
79.32,0.357663,0.347974,0.312647,0.00968853
79.325,0.350123,0.347547,0.312617,0.00257604
79.33,0.357318,0.347132,0.312586,0.0101866
79.335,0.364082,0.346726,0.312556,0.0173552
79.34,0.365551,0.346331,0.312525,0.0192198
79.345,0.34956,0.345945,0.312495,0.0036154
79.35,0.351899,0.345568,0.312464,0.00633157
79.355,0.349806,0.345199,0.312434,0.0046072
79.36,0.35375,0.344838,0.312403,0.00891214
79.365,0.358079,0.344484,0.312372,0.0135953
79.37,0.34722,0.344138,0.312342,0.00308202
79.375,0.348165,0.343798,0.312311,0.00436681
79.38,0.361233,0.343465,0.312281,0.0177682
79.385,0.367842,0.343138,0.31225,0.0247037
79.39,0.363051,0.342817,0.312219,0.0202331
79.395,0.349159,0.342502,0.312189,0.00665741
79.4,0.336548,0.342192,0.312158,-0.00564423
79.405,0.341754,0.341887,0.312127,-0.000133237
79.41,0.348196,0.341587,0.312097,0.00660854
79.415,0.363327,0.341292,0.312066,0.0220348
79.42,0.360455,0.341001,0.312035,0.0194536
79.425,0.362514,0.340715,0.312005,0.0217989
79.43,0.352262,0.340433,0.311974,0.0118289
79.435,0.351756,0.340155,0.311943,0.0116008
79.44,0.339002,0.339881,0.311912,-0.000879189
79.445,0.346787,0.339611,0.311882,0.00717556
79.45,0.357006,0.339345,0.311851,0.0176613
79.455,0.370696,0.339082,0.31182,0.0316138
79.46,0.372956,0.338822,0.311789,0.0341335
79.465,0.364394,0.338567,0.311758,0.0258276
79.47,0.360588,0.338314,0.311727,0.0222738
79.475,0.373183,0.338065,0.311697,0.0351187
79.48,0.363774,0.337818,0.311666,0.025956
79.485,0.356009,0.337575,0.311635,0.0184334
79.49,0.33763,0.337335,0.311604,0.000294358
79.495,0.32274,0.337098,0.311573,-0.0143583
79.5,0.322678,0.336864,0.311542,-0.0141865
79.505,0.314495,0.336633,0.311511,-0.0221376
79.51,0.309323,0.336404,0.31148,-0.0270809
79.515,0.313852,0.336179,0.311449,-0.0223269
79.52,0.314166,0.335956,0.311418,-0.0217897
79.525,0.314756,0.335735,0.311387,-0.0209796
79.53,0.340712,0.335518,0.311356,0.00519438
79.535,0.336831,0.335303,0.311325,0.00152795
79.54,0.341742,0.335091,0.311294,0.0066516
79.545,0.324402,0.334881,0.311263,-0.0104791
79.55,0.317399,0.334673,0.311232,-0.0172742
79.555,0.32336,0.334469,0.311201,-0.0111083
79.56,0.335021,0.334266,0.31117,0.000754937
79.565,0.349973,0.334067,0.311139,0.015906
79.57,0.35576,0.333869,0.311108,0.0218912
79.575,0.358297,0.333674,0.311077,0.0246228
79.58,0.364809,0.333481,0.311046,0.0313276
79.585,0.372142,0.333291,0.311015,0.038851
79.59,0.386545,0.333103,0.310983,0.0534422
79.595,0.374558,0.332917,0.310952,0.0416405
79.6,0.3637,0.332734,0.310921,0.0309661
79.605,0.361564,0.332553,0.31089,0.0290108
79.61,0.361707,0.332374,0.310859,0.0293334
79.615,0.368925,0.332197,0.310827,0.0367279
79.62,0.3614,0.332023,0.310796,0.0293768
79.625,0.353768,0.331851,0.310765,0.0219172
79.63,0.339711,0.331681,0.310734,0.0080305
79.635,0.320171,0.331513,0.310702,-0.0113415
79.64,0.315754,0.331347,0.310671,-0.0155932
79.645,0.320563,0.331183,0.31064,-0.0106206
79.65,0.33795,0.331022,0.310609,0.00692819
79.655,0.341361,0.330862,0.310577,0.0104991
79.66,0.338069,0.330705,0.310546,0.00736412
79.665,0.333283,0.330549,0.310515,0.00273414
79.67,0.337985,0.330396,0.310483,0.00758881
79.675,0.337071,0.330244,0.310452,0.00682639
79.68,0.342348,0.330095,0.31042,0.0122531
79.685,0.345972,0.329948,0.310389,0.0160241
79.69,0.3483,0.329802,0.310358,0.0184978
79.695,0.341581,0.329659,0.310326,0.0119224
79.7,0.33951,0.329517,0.310295,0.00999317
79.705,0.32902,0.329377,0.310263,-0.000357705
79.71,0.338767,0.32924,0.310232,0.0095271
79.715,0.345591,0.329104,0.3102,0.0164872
79.72,0.341727,0.32897,0.310169,0.0127572
79.725,0.341474,0.328837,0.310137,0.0126363
79.73,0.336115,0.328707,0.310106,0.00740816
79.735,0.329258,0.328579,0.310074,0.000679479
79.74,0.324278,0.328452,0.310043,-0.00417364
79.745,0.323092,0.328327,0.310011,-0.00523485
79.75,0.331772,0.328204,0.30998,0.00356833
79.755,0.352758,0.328083,0.309948,0.0246757
79.76,0.359697,0.327963,0.309917,0.0317342
79.765,0.364692,0.327845,0.309885,0.0368472
79.77,0.365235,0.327729,0.309853,0.0375054
79.775,0.364203,0.327615,0.309822,0.0365883
79.78,0.371481,0.327502,0.30979,0.0439787
79.785,0.369697,0.327391,0.309758,0.0423054
79.79,0.352478,0.327282,0.309727,0.0251963
79.795,0.340543,0.327175,0.309695,0.0133688
79.8,0.325041,0.327069,0.309663,-0.00202791
79.805,0.330265,0.326965,0.309632,0.00330042
79.81,0.342893,0.326862,0.3096,0.0160315
79.815,0.348519,0.326761,0.309568,0.0217581
79.82,0.340839,0.326662,0.309536,0.0141771
79.825,0.348766,0.326564,0.309505,0.0222019
79.83,0.34398,0.326468,0.309473,0.017512
79.835,0.345861,0.326374,0.309441,0.0194874
79.84,0.338287,0.326281,0.309409,0.012006
79.845,0.330298,0.32619,0.309377,0.00410825
79.85,0.327746,0.3261,0.309346,0.00164555
79.855,0.327275,0.326012,0.309314,0.00126323
79.86,0.327293,0.325926,0.309282,0.00136775
79.865,0.329225,0.325841,0.30925,0.00338417
79.87,0.34334,0.325757,0.309218,0.017583
79.875,0.353624,0.325676,0.309186,0.0279486
79.88,0.360892,0.325596,0.309154,0.0352963
79.885,0.360388,0.325517,0.309122,0.0348707
79.89,0.345069,0.32544,0.30909,0.0196291
79.895,0.346358,0.325364,0.309058,0.0209938
79.9,0.341414,0.32529,0.309027,0.0161238
79.905,0.335174,0.325218,0.308995,0.00995594
79.91,0.334174,0.325147,0.308963,0.00902685
79.915,0.327216,0.325078,0.308931,0.00213868
79.92,0.331115,0.32501,0.308899,0.00610563
79.925,0.329735,0.324943,0.308867,0.00479193
79.93,0.320752,0.324879,0.308834,-0.00412645
79.935,0.319808,0.324816,0.308802,-0.00500769
79.94,0.318979,0.324754,0.30877,-0.00577459
79.945,0.317025,0.324694,0.308738,-0.00766872
79.95,0.31581,0.324635,0.308706,-0.00882493
79.955,0.323528,0.324578,0.308674,-0.00104996
79.96,0.321292,0.324523,0.308642,-0.00323135
79.965,0.3293,0.324469,0.30861,0.00483119
79.97,0.332434,0.324417,0.308578,0.00801684
79.975,0.321054,0.324366,0.308545,-0.00331285
79.98,0.314742,0.324317,0.308513,-0.00957511
79.985,0.298294,0.32427,0.308481,-0.0259761
79.99,0.296484,0.324224,0.308449,-0.0277397
79.995,0.317482,0.32418,0.308417,-0.00669758
80,0.316218,0.324137,0.308384,-0.00791924
80.005,0.313589,0.324097,0.308352,-0.0105071
80.01,0.317542,0.324057,0.30832,-0.00651503
80.015,0.326348,0.32402,0.308288,0.00232848
80.02,0.329303,0.323984,0.308255,0.00531936
80.025,0.335836,0.32395,0.308223,0.0118863
80.03,0.337337,0.323918,0.308191,0.0134189
80.035,0.348529,0.323887,0.308158,0.024642
80.04,0.354828,0.323858,0.308126,0.0309696
80.045,0.347746,0.323831,0.308094,0.0239145
80.05,0.334966,0.323806,0.308061,0.01116
80.055,0.322157,0.323783,0.308029,-0.00162642
80.06,0.324444,0.323762,0.307997,0.000682912
80.065,0.320351,0.323742,0.307964,-0.00339071
80.07,0.32902,0.323725,0.307932,0.00529585
80.075,0.333522,0.323709,0.307899,0.00981262
80.08,0.336774,0.323696,0.307867,0.0130781
80.085,0.329386,0.323684,0.307834,0.00570159
80.09,0.322954,0.323675,0.307802,-0.000721235
80.095,0.311575,0.323668,0.30777,-0.0120925
80.1,0.307368,0.323662,0.307737,-0.0162944
80.105,0.295794,0.32366,0.307705,-0.027866
80.11,0.28623,0.323659,0.307672,-0.037429
80.115,0.288679,0.323661,0.307639,-0.0349816
80.12,0.283906,0.323665,0.307607,-0.0397585
80.125,0.295812,0.323671,0.307574,-0.0278593
80.13,0.296794,0.32368,0.307542,-0.0268858
80.135,0.305877,0.323692,0.307509,-0.0178142
80.14,0.320526,0.323706,0.307477,-0.00317939
80.145,0.327388,0.323722,0.307444,0.00366589
80.15,0.326284,0.323742,0.307411,0.00254218
80.155,0.332779,0.323764,0.307379,0.00901507
80.16,0.327777,0.323789,0.307346,0.00398866
80.165,0.324134,0.323816,0.307313,0.000317583
80.17,0.320817,0.323847,0.307281,-0.0030302
80.175,0.330012,0.323881,0.307248,0.00613077
80.18,0.337279,0.323918,0.307215,0.0133609
80.185,0.347582,0.323958,0.307182,0.0236245
80.19,0.343273,0.324001,0.30715,0.0192714
80.195,0.346596,0.324048,0.307117,0.0225484
80.2,0.349973,0.324098,0.307084,0.0258747
80.205,0.357256,0.324152,0.307051,0.0331045
80.21,0.36075,0.324209,0.307019,0.0365404
80.215,0.358555,0.32427,0.306986,0.0342844
80.22,0.355194,0.324335,0.306953,0.030859
80.225,0.351591,0.324404,0.30692,0.0271872
80.23,0.354166,0.324477,0.306887,0.0296897
80.235,0.350574,0.324554,0.306854,0.0260207
80.24,0.332148,0.324635,0.306821,0.00751272
80.245,0.323087,0.32472,0.306789,-0.00163318
80.25,0.316648,0.32481,0.306756,-0.00816263
80.255,0.329664,0.324905,0.306723,0.00475917
80.26,0.340669,0.325004,0.30669,0.0156649
80.265,0.344492,0.325108,0.306657,0.0193834
80.27,0.338987,0.325218,0.306624,0.0137698
80.275,0.330768,0.325332,0.306591,0.00543599
80.28,0.328865,0.325451,0.306558,0.00341406
80.285,0.338742,0.325576,0.306525,0.0131664
80.29,0.342144,0.325706,0.306492,0.0164376
80.295,0.346839,0.325842,0.306459,0.0209964
80.3,0.346304,0.325984,0.306426,0.0203197
80.305,0.351083,0.326132,0.306393,0.0249516
80.31,0.354722,0.326286,0.30636,0.0284361
80.315,0.358729,0.326446,0.306327,0.0322829
80.32,0.349703,0.326612,0.306294,0.0230905
80.325,0.339304,0.326785,0.30626,0.0125186
80.33,0.321369,0.326965,0.306227,-0.00559594
80.335,0.316653,0.327151,0.306194,-0.0104982
80.34,0.327069,0.327345,0.306161,-0.000275402
80.345,0.339757,0.327546,0.306128,0.0122116
80.35,0.339187,0.327754,0.306095,0.0114334
80.355,0.335878,0.32797,0.306061,0.00790806
80.36,0.317024,0.328193,0.306028,-0.0111691
80.365,0.319338,0.328424,0.305995,-0.00908621
80.37,0.313917,0.328664,0.305962,-0.0147467
80.375,0.310805,0.328912,0.305928,-0.0181065
80.38,0.314917,0.329168,0.305895,-0.014251
80.385,0.309969,0.329433,0.305862,-0.0194636
80.39,0.31265,0.329706,0.305829,-0.0170561
80.395,0.320303,0.329989,0.305795,-0.00968552
80.4,0.327508,0.33028,0.305762,-0.00277243
80.405,0.318131,0.330581,0.305729,-0.0124498
80.41,0.313107,0.330892,0.305695,-0.0177848
80.415,0.318039,0.331212,0.305662,-0.013173
80.42,0.32816,0.331542,0.305629,-0.00338166
80.425,0.330281,0.331882,0.305595,-0.00160126
80.43,0.31792,0.332233,0.305562,-0.0143128
80.435,0.311175,0.332594,0.305528,-0.0214191
80.44,0.316756,0.332965,0.305495,-0.016209
80.445,0.337095,0.333347,0.305461,0.00374725
80.45,0.338916,0.333741,0.305428,0.00517528
80.455,0.336512,0.334145,0.305395,0.00236699
80.46,0.331642,0.334561,0.305361,-0.00291897
80.465,0.321452,0.334988,0.305328,-0.0135361
80.47,0.31945,0.335427,0.305294,-0.0159765
80.475,0.315508,0.335878,0.30526,-0.0203696
80.48,0.303808,0.33634,0.305227,-0.0325322
80.485,0.297105,0.336815,0.305193,-0.0397103
80.49,0.305685,0.337302,0.30516,-0.0316179
80.495,0.312165,0.337802,0.305126,-0.0256373
80.5,0.316486,0.338314,0.305093,-0.0218282
80.505,0.315261,0.338839,0.305059,-0.0235779
80.51,0.313781,0.339377,0.305025,-0.0255964
80.515,0.315119,0.339928,0.304992,-0.0248093
80.52,0.351807,0.340492,0.304958,0.0113151
80.525,0.359215,0.341069,0.304924,0.0181454
80.53,0.358899,0.34166,0.304891,0.0172391
80.535,0.340267,0.342264,0.304857,-0.00199696
80.54,0.330613,0.342882,0.304823,-0.0122688
80.545,0.33443,0.343513,0.30479,-0.0090829
80.55,0.348346,0.344158,0.304756,0.00418766
80.555,0.331923,0.344817,0.304722,-0.0128941
80.56,0.313949,0.34549,0.304688,-0.0315414
80.565,0.311007,0.346177,0.304654,-0.0351693
80.57,0.318741,0.346877,0.304621,-0.0281364
80.575,0.323788,0.347592,0.304587,-0.0238048
80.58,0.31753,0.348321,0.304553,-0.030791
80.585,0.312626,0.349064,0.304519,-0.0364379
80.59,0.306871,0.349821,0.304485,-0.0429499
80.595,0.317573,0.350592,0.304451,-0.0330192
80.6,0.316298,0.351378,0.304418,-0.0350792
80.605,0.321854,0.352177,0.304384,-0.0303233
80.61,0.321025,0.35299,0.30435,-0.0319653
80.615,0.320535,0.353817,0.304316,-0.0332825
80.62,0.318718,0.354659,0.304282,-0.0359406
80.625,0.312029,0.355513,0.304248,-0.0434841
80.63,0.313562,0.356382,0.304214,-0.0428201
80.635,0.313299,0.357264,0.30418,-0.0439652
80.64,0.31873,0.35816,0.304146,-0.0394304
80.645,0.330367,0.359069,0.304112,-0.0287022
80.65,0.333814,0.359991,0.304078,-0.0261767
80.655,0.342426,0.360926,0.304044,-0.0185003
80.66,0.336736,0.361874,0.30401,-0.0251384
80.665,0.342772,0.362835,0.303976,-0.0200628
80.67,0.349341,0.363808,0.303942,-0.0144665
80.675,0.361297,0.364793,0.303908,-0.00349568
80.68,0.369206,0.36579,0.303874,0.00341652
80.685,0.369913,0.366798,0.303839,0.00311539
80.69,0.37008,0.367818,0.303805,0.00226288
80.695,0.368285,0.368848,0.303771,-0.000563017
80.7,0.351031,0.369889,0.303737,-0.018858
80.705,0.353055,0.37094,0.303703,-0.0178853
80.71,0.344955,0.372001,0.303669,-0.027046
80.715,0.346745,0.373072,0.303634,-0.0263266
80.72,0.368233,0.374151,0.3036,-0.00591787
80.725,0.368995,0.375238,0.303566,-0.00624375
80.73,0.380501,0.376334,0.303532,0.00416676
80.735,0.371463,0.377437,0.303497,-0.00597405
80.74,0.37957,0.378546,0.303463,0.00102374
80.745,0.383258,0.379662,0.303429,0.00359647
80.75,0.389538,0.380783,0.303394,0.00875484
80.755,0.375215,0.38191,0.30336,-0.00669466
80.76,0.377722,0.38304,0.303326,-0.00531808
80.765,0.374898,0.384174,0.303291,-0.00927622
80.77,0.390881,0.385311,0.303257,0.00557077
80.775,0.390398,0.386449,0.303223,0.00394846
80.78,0.394591,0.387589,0.303188,0.00700196
80.785,0.389025,0.388729,0.303154,0.000296099
80.79,0.393298,0.389868,0.303119,0.00342954
80.795,0.387023,0.391006,0.303085,-0.00398332
80.8,0.387521,0.392141,0.303051,-0.0046204
80.805,0.377661,0.393273,0.303016,-0.0156113
80.81,0.382143,0.3944,0.302982,-0.0122564
80.815,0.380861,0.395521,0.302947,-0.0146601
80.82,0.399727,0.396635,0.302913,0.00309196
80.825,0.405165,0.397742,0.302878,0.00742315
80.83,0.418799,0.398839,0.302844,0.0199594
80.835,0.405467,0.399926,0.302809,0.00554069
80.84,0.397238,0.401002,0.302774,-0.00376351
80.845,0.396896,0.402064,0.30274,-0.0051683
80.85,0.408213,0.403112,0.302705,0.00510101
80.855,0.422655,0.404144,0.302671,0.0185109
80.86,0.422773,0.40516,0.302636,0.0176132
80.865,0.421889,0.406157,0.302601,0.0157326
80.87,0.407061,0.407134,0.302567,-7.29938e-05
80.875,0.39779,0.40809,0.302532,-0.0102994
80.88,0.389479,0.409023,0.302497,-0.0195438
80.885,0.383924,0.409931,0.302463,-0.026007
80.89,0.380219,0.410815,0.302428,-0.0305955
80.895,0.377924,0.41167,0.302393,-0.0337461
80.9,0.377675,0.412497,0.302358,-0.0348223
80.905,0.389446,0.413294,0.302324,-0.0238486
80.91,0.389494,0.41406,0.302289,-0.0245654
80.915,0.389922,0.414792,0.302254,-0.0248706
80.92,0.377627,0.41549,0.302219,-0.0378626
80.925,0.381588,0.416152,0.302185,-0.0345638
80.93,0.387569,0.416777,0.30215,-0.0292078
80.935,0.38606,0.417363,0.302115,-0.0313033
80.94,0.385841,0.41791,0.30208,-0.0320691
80.945,0.375072,0.418415,0.302045,-0.0433435
80.95,0.386988,0.418879,0.30201,-0.0318907
80.955,0.399562,0.419299,0.301975,-0.0197374
80.96,0.413208,0.419676,0.30194,-0.00646805
80.965,0.416148,0.420007,0.301905,-0.00385907
80.97,0.408632,0.420293,0.301871,-0.0116609
80.975,0.41435,0.420532,0.301836,-0.00618146
80.98,0.413776,0.420724,0.301801,-0.00694755
80.985,0.408112,0.420868,0.301766,-0.0127557
80.99,0.399449,0.420964,0.301731,-0.0215148
80.995,0.393607,0.421011,0.301696,-0.0274043
81,0.376975,0.42101,0.301661,-0.0440354
81.005,0.382723,0.42096,0.301626,-0.0382373
81.01,0.377458,0.420862,0.30159,-0.0434041
81.015,0.382454,0.420715,0.301555,-0.0382606
81.02,0.367787,0.420519,0.30152,-0.0527322
81.025,0.372285,0.420275,0.301485,-0.0479899
81.03,0.360946,0.419984,0.30145,-0.0590384
81.035,0.370468,0.419646,0.301415,-0.0491771
81.04,0.377352,0.419261,0.30138,-0.0419087
81.045,0.376912,0.41883,0.301345,-0.0419179
81.05,0.37923,0.418354,0.301309,-0.0391248
81.055,0.372382,0.417835,0.301274,-0.0454528
81.06,0.370829,0.417272,0.301239,-0.0464432
81.065,0.370817,0.416668,0.301204,-0.0458505
81.07,0.376706,0.416022,0.301169,-0.0393164
81.075,0.382885,0.415337,0.301133,-0.0324524
81.08,0.392241,0.414614,0.301098,-0.0223724
81.085,0.397469,0.413853,0.301063,-0.0163848
81.09,0.398975,0.413057,0.301027,-0.0140818
81.095,0.381625,0.412227,0.300992,-0.0306019
81.1,0.385565,0.411363,0.300957,-0.0257982
81.105,0.372803,0.410468,0.300921,-0.0376652
81.11,0.371222,0.409544,0.300886,-0.0383217
81.115,0.36242,0.40859,0.300851,-0.0461704
81.12,0.368351,0.40761,0.300815,-0.0392582
81.125,0.352992,0.406603,0.30078,-0.0536109
81.13,0.351544,0.405573,0.300745,-0.0540291
81.135,0.342549,0.40452,0.300709,-0.0619713
81.14,0.340885,0.403446,0.300674,-0.0625612
81.145,0.345787,0.402352,0.300638,-0.0565654
81.15,0.337374,0.40124,0.300603,-0.0638664
81.155,0.339024,0.400111,0.300567,-0.0610872
81.16,0.354424,0.398966,0.300532,-0.0445427
81.165,0.372566,0.397808,0.300496,-0.0252414
81.17,0.389071,0.396636,0.300461,-0.00756499
81.175,0.371172,0.395453,0.300425,-0.0242808
81.18,0.357951,0.394259,0.30039,-0.0363081
81.185,0.361354,0.393057,0.300354,-0.0317024
81.19,0.364453,0.391846,0.300318,-0.0273936
81.195,0.364127,0.390629,0.300283,-0.0265022
81.2,0.349522,0.389406,0.300247,-0.0398844
81.205,0.345125,0.388179,0.300212,-0.0430538
81.21,0.360763,0.386948,0.300176,-0.026185
81.215,0.361886,0.385714,0.30014,-0.0238282
81.22,0.363198,0.38448,0.300105,-0.0212811
81.225,0.348532,0.383244,0.300069,-0.034712
81.23,0.331452,0.382009,0.300033,-0.0505573
81.235,0.323904,0.380775,0.299997,-0.0568709
81.24,0.326566,0.379543,0.299962,-0.0529766
81.245,0.340388,0.378313,0.299926,-0.0379248
81.25,0.340917,0.377087,0.29989,-0.0361704
81.255,0.336312,0.375866,0.299854,-0.0395539
81.26,0.335184,0.374649,0.299819,-0.0394648
81.265,0.338582,0.373438,0.299783,-0.0348552
81.27,0.347266,0.372233,0.299747,-0.0249663
81.275,0.341249,0.371034,0.299711,-0.0297857
81.28,0.337045,0.369844,0.299675,-0.0327988
81.285,0.336894,0.36866,0.299639,-0.0317666
81.29,0.344795,0.367486,0.299603,-0.0226907
81.295,0.338854,0.36632,0.299568,-0.0274661
81.3,0.330189,0.365163,0.299532,-0.0349745
81.305,0.318929,0.364017,0.299496,-0.0450878
81.31,0.325926,0.36288,0.29946,-0.0369543
81.315,0.343465,0.361754,0.299424,-0.0182887
81.32,0.344859,0.360638,0.299388,-0.0157797
81.325,0.336704,0.359534,0.299352,-0.0228298
81.33,0.340989,0.358442,0.299316,-0.0174529
81.335,0.337492,0.357361,0.29928,-0.0198691
81.34,0.328788,0.356292,0.299244,-0.0275035
81.345,0.316194,0.355235,0.299208,-0.0390412
81.35,0.307734,0.354191,0.299172,-0.046457
81.355,0.316164,0.35316,0.299136,-0.0369959
81.36,0.318718,0.352141,0.299099,-0.0334235
81.365,0.311339,0.351136,0.299063,-0.0397973
81.37,0.308274,0.350144,0.299027,-0.0418698
81.375,0.295336,0.349165,0.298991,-0.0538289
81.38,0.296659,0.3482,0.298955,-0.051541
81.385,0.298841,0.347248,0.298919,-0.048407
81.39,0.308052,0.34631,0.298883,-0.0382582
81.395,0.325606,0.345386,0.298846,-0.0197806
81.4,0.32524,0.344476,0.29881,-0.0192363
81.405,0.311221,0.34358,0.298774,-0.0323585
81.41,0.326603,0.342697,0.298738,-0.0160945
81.415,0.324116,0.341829,0.298701,-0.0177125
81.42,0.33951,0.340974,0.298665,-0.00146359
81.425,0.336728,0.340133,0.298629,-0.00340569
81.43,0.334161,0.339307,0.298593,-0.00514543
81.435,0.33006,0.338494,0.298556,-0.0084338
81.44,0.312476,0.337695,0.29852,-0.0252192
81.445,0.300776,0.33691,0.298484,-0.0361347
81.45,0.292972,0.336139,0.298447,-0.0431671
81.455,0.297763,0.335382,0.298411,-0.0376185
81.46,0.296027,0.334638,0.298374,-0.0386115
81.465,0.281086,0.333908,0.298338,-0.0528224
81.47,0.287218,0.333192,0.298302,-0.0459732
81.475,0.303402,0.332488,0.298265,-0.0290864
81.48,0.311649,0.331799,0.298229,-0.0201501
81.485,0.318844,0.331122,0.298192,-0.0122783
81.49,0.309686,0.330459,0.298156,-0.0207721
81.495,0.311115,0.329808,0.298119,-0.0186935
81.5,0.305908,0.32917,0.298083,-0.0232621
81.505,0.299333,0.328545,0.298046,-0.0292123
81.51,0.299443,0.327933,0.29801,-0.0284896
81.515,0.314419,0.327333,0.297973,-0.0129136
81.52,0.320421,0.326745,0.297936,-0.00632443
81.525,0.307154,0.326169,0.2979,-0.0190159
81.53,0.299926,0.325606,0.297863,-0.0256799
81.535,0.301213,0.325054,0.297827,-0.0238408
81.54,0.309884,0.324514,0.29779,-0.0146299
81.545,0.317139,0.323985,0.297753,-0.00684583
81.55,0.321677,0.323468,0.297717,-0.00179066
81.555,0.322982,0.322961,0.29768,2.10665e-05
81.56,0.311978,0.322466,0.297643,-0.0104875
81.565,0.312286,0.321981,0.297606,-0.00969516
81.57,0.303098,0.321507,0.29757,-0.0184094
81.575,0.316052,0.321043,0.297533,-0.00499173
81.58,0.312339,0.32059,0.297496,-0.00825121
81.585,0.306379,0.320147,0.297459,-0.013768
81.59,0.290252,0.319713,0.297423,-0.0294611
81.595,0.288665,0.319289,0.297386,-0.0306242
81.6,0.300604,0.318875,0.297349,-0.0182711
81.605,0.319165,0.31847,0.297312,0.000695597
81.61,0.331727,0.318074,0.297275,0.0136531
81.615,0.342783,0.317687,0.297238,0.0250961
81.62,0.334995,0.317308,0.297202,0.0176871
81.625,0.327707,0.316939,0.297165,0.0107683
81.63,0.319203,0.316577,0.297128,0.00262567
81.635,0.313714,0.316224,0.297091,-0.00250988
81.64,0.309096,0.315879,0.297054,-0.00678301
81.645,0.311246,0.315541,0.297017,-0.0042948
81.65,0.307191,0.315211,0.29698,-0.00802008
81.655,0.300543,0.314889,0.296943,-0.0143461
81.66,0.295824,0.314574,0.296906,-0.0187501
81.665,0.28928,0.314266,0.296869,-0.0249857
81.67,0.284357,0.313965,0.296832,-0.029608
81.675,0.284458,0.313671,0.296795,-0.0292129
81.68,0.296483,0.313383,0.296758,-0.0169004
81.685,0.303923,0.313102,0.296721,-0.00917837
81.69,0.322284,0.312827,0.296684,0.00945719
81.695,0.325357,0.312558,0.296647,0.0127991
81.7,0.334563,0.312295,0.296609,0.022268
81.705,0.325636,0.312038,0.296572,0.0135985
81.71,0.316365,0.311786,0.296535,0.0045787
81.715,0.301769,0.31154,0.296498,-0.00977111
81.72,0.308231,0.3113,0.296461,-0.00306849
81.725,0.308253,0.311064,0.296423,-0.00281112
81.73,0.311132,0.310834,0.296386,0.00029848
81.735,0.313684,0.310608,0.296349,0.00307629
81.74,0.323131,0.310387,0.296312,0.0127437
81.745,0.33622,0.310171,0.296275,0.026049
81.75,0.332763,0.30996,0.296237,0.0228031
81.755,0.32872,0.309752,0.2962,0.0189677
81.76,0.309981,0.309549,0.296163,0.000431757
81.765,0.298909,0.30935,0.296125,-0.0104412
81.77,0.287241,0.309155,0.296088,-0.0219147
81.775,0.277691,0.308964,0.296051,-0.0312734
81.78,0.272677,0.308777,0.296013,-0.0361002
81.785,0.274185,0.308593,0.295976,-0.0344079
81.79,0.27843,0.308413,0.295938,-0.0299835
81.795,0.284248,0.308237,0.295901,-0.0239882
81.8,0.298605,0.308063,0.295864,-0.00945824
81.805,0.3085,0.307893,0.295826,0.000606496
81.81,0.301616,0.307726,0.295789,-0.00611024
81.815,0.302239,0.307562,0.295751,-0.00532288
81.82,0.2939,0.307401,0.295714,-0.0135012
81.825,0.296314,0.307243,0.295676,-0.0109296
81.83,0.304525,0.307088,0.295639,-0.00256332
81.835,0.302994,0.306935,0.295601,-0.00394162
81.84,0.320841,0.306785,0.295563,0.0140554
81.845,0.316872,0.306638,0.295526,0.0102345
81.85,0.305329,0.306493,0.295488,-0.00116347
81.855,0.284118,0.30635,0.295451,-0.0222314
81.86,0.281916,0.306209,0.295413,-0.0242932
81.865,0.288559,0.306071,0.295375,-0.0175118
81.87,0.302837,0.305935,0.295338,-0.00309765
81.875,0.304683,0.305801,0.2953,-0.00111836
81.88,0.298981,0.305669,0.295262,-0.0066878
81.885,0.301994,0.305539,0.295225,-0.00354531
81.89,0.293819,0.305411,0.295187,-0.0115916
81.895,0.294075,0.305285,0.295149,-0.0112098
81.9,0.2956,0.30516,0.295112,-0.00955966
81.905,0.284895,0.305037,0.295074,-0.0201423
81.91,0.280333,0.304916,0.295036,-0.0245828
81.915,0.27044,0.304797,0.294998,-0.0343567
81.92,0.264553,0.304679,0.29496,-0.0401256
81.925,0.292506,0.304562,0.294923,-0.0120567
81.93,0.307747,0.304447,0.294885,0.00329965
81.935,0.324026,0.304334,0.294847,0.019692
81.94,0.316695,0.304222,0.294809,0.0124735
81.945,0.314697,0.304111,0.294771,0.0105857
81.95,0.317601,0.304002,0.294733,0.0135991
81.955,0.313594,0.303894,0.294695,0.00970016
81.96,0.31829,0.303787,0.294657,0.0145031
81.965,0.311234,0.303681,0.294619,0.00755311
81.97,0.307954,0.303577,0.294581,0.00437745
81.975,0.306702,0.303473,0.294543,0.00322899
81.98,0.299975,0.303371,0.294505,-0.00339568
81.985,0.287323,0.30327,0.294467,-0.0159464
81.99,0.275921,0.303169,0.294429,-0.0272482
81.995,0.269852,0.30307,0.294391,-0.0332186
82,0.272658,0.302972,0.294353,-0.0303143
82.005,0.279317,0.302875,0.294315,-0.0235577
82.01,0.295471,0.302779,0.294277,-0.00730715
82.015,0.304414,0.302683,0.294239,0.00173134
82.02,0.309916,0.302589,0.294201,0.00732786
82.025,0.301585,0.302495,0.294163,-0.000909549
82.03,0.30132,0.302402,0.294125,-0.00108174
82.035,0.295934,0.30231,0.294086,-0.00637596
82.04,0.299144,0.302219,0.294048,-0.00307451
82.045,0.302935,0.302128,0.29401,0.000806382
82.05,0.306564,0.302039,0.293972,0.00452477
82.055,0.311897,0.30195,0.293934,0.00994769
82.06,0.300847,0.301862,0.293895,-0.00101458
82.065,0.298024,0.301774,0.293857,-0.00375039
82.07,0.291934,0.301687,0.293819,-0.00975326
82.075,0.287667,0.301601,0.293781,-0.0139336
82.08,0.29736,0.301515,0.293742,-0.00415568
82.085,0.299263,0.301431,0.293704,-0.00216732
82.09,0.305089,0.301346,0.293666,0.00374282
82.095,0.31255,0.301263,0.293627,0.0112877
82.1,0.303046,0.30118,0.293589,0.00186672
82.105,0.298985,0.301097,0.29355,-0.00211237
82.11,0.302789,0.301015,0.293512,0.00177359
82.115,0.307193,0.300934,0.293474,0.00625964
82.12,0.304905,0.300853,0.293435,0.00405192
82.125,0.301763,0.300773,0.293397,0.00099031
82.13,0.301963,0.300693,0.293358,0.00127042
82.135,0.304066,0.300614,0.29332,0.0034521
82.14,0.294101,0.300535,0.293281,-0.0064344
82.145,0.30132,0.300457,0.293243,0.000863726
82.15,0.310525,0.300379,0.293204,0.0101462
82.155,0.32819,0.300302,0.293166,0.0278879
82.16,0.333296,0.300225,0.293127,0.0330715
82.165,0.322938,0.300149,0.293089,0.0227894
82.17,0.316478,0.300073,0.29305,0.0164049
82.175,0.324666,0.299997,0.293011,0.0246692
82.18,0.325489,0.299922,0.292973,0.0255664
82.185,0.336102,0.299848,0.292934,0.0362548
82.19,0.338145,0.299773,0.292895,0.0383713
82.195,0.337161,0.2997,0.292857,0.0374615
82.2,0.313103,0.299626,0.292818,0.013477
82.205,0.294217,0.299553,0.292779,-0.00533658
82.21,0.283997,0.299481,0.292741,-0.0154837
82.215,0.286784,0.299408,0.292702,-0.0126241
82.22,0.29697,0.299336,0.292663,-0.00236649
82.225,0.291316,0.299265,0.292624,-0.00794928
82.23,0.289855,0.299194,0.292586,-0.00933928
82.235,0.284156,0.299123,0.292547,-0.0149669
82.24,0.284636,0.299053,0.292508,-0.0144162
82.245,0.28521,0.298983,0.292469,-0.0137729
82.25,0.288802,0.298913,0.29243,-0.0101113
82.255,0.277151,0.298843,0.292391,-0.0216925
82.26,0.269154,0.298774,0.292353,-0.0296207
82.265,0.266818,0.298706,0.292314,-0.031888
82.27,0.279109,0.298637,0.292275,-0.0195283
82.275,0.296107,0.298569,0.292236,-0.00246167
82.28,0.30063,0.298501,0.292197,0.0021291
82.285,0.298305,0.298434,0.292158,-0.000129002
82.29,0.29906,0.298367,0.292119,0.000693668
82.295,0.308593,0.2983,0.29208,0.0102936
82.3,0.306453,0.298233,0.292041,0.00822029
82.305,0.306939,0.298167,0.292002,0.00877232
82.31,0.3021,0.298101,0.291963,0.00399952
82.315,0.303598,0.298035,0.291924,0.00556303
82.32,0.301862,0.297969,0.291885,0.00389267
82.325,0.293358,0.297904,0.291846,-0.00454599
82.33,0.298517,0.297839,0.291807,0.000677319
82.335,0.295913,0.297775,0.291767,-0.00186187
82.34,0.304982,0.29771,0.291728,0.00727232
82.345,0.309532,0.297646,0.291689,0.0118863
82.35,0.308225,0.297582,0.29165,0.0106427
82.355,0.298188,0.297518,0.291611,0.000669309
82.36,0.300049,0.297455,0.291572,0.00259415
82.365,0.296462,0.297392,0.291532,-0.000929471
82.37,0.297412,0.297329,0.291493,8.36821e-05
82.375,0.28953,0.297266,0.291454,-0.0077357
82.38,0.279375,0.297204,0.291415,-0.0178283
82.385,0.286461,0.297141,0.291375,-0.01068
82.39,0.299127,0.297079,0.291336,0.00204771
82.395,0.311194,0.297018,0.291297,0.0141762
82.4,0.3157,0.296956,0.291257,0.0187441
82.405,0.324029,0.296895,0.291218,0.0271344
82.41,0.312755,0.296833,0.291179,0.0159211
82.415,0.300683,0.296773,0.291139,0.00391062
82.42,0.285652,0.296712,0.2911,-0.0110595
82.425,0.279077,0.296651,0.291061,-0.0175747
82.43,0.268424,0.296591,0.291021,-0.0281666
82.435,0.274286,0.296531,0.290982,-0.0222446
82.44,0.270649,0.296471,0.290942,-0.0258217
82.445,0.277253,0.296411,0.290903,-0.0191581
82.45,0.277446,0.296352,0.290863,-0.0189055
82.455,0.281782,0.296292,0.290824,-0.0145104
82.46,0.280704,0.296233,0.290784,-0.0155289
82.465,0.286789,0.296174,0.290745,-0.00938501
82.47,0.312238,0.296116,0.290705,0.0161225
82.475,0.33167,0.296057,0.290666,0.0356131
82.48,0.339995,0.295999,0.290626,0.0439966
82.485,0.332193,0.29594,0.290586,0.0362525
82.49,0.308123,0.295882,0.290547,0.0122404
82.495,0.293856,0.295824,0.290507,-0.00196878
82.5,0.288039,0.295767,0.290467,-0.00772763
82.505,0.287687,0.295709,0.290428,-0.00802222
82.51,0.289601,0.295652,0.290388,-0.00605109
82.515,0.287231,0.295595,0.290348,-0.00836336
82.52,0.273747,0.295538,0.290309,-0.0217902
82.525,0.270137,0.295481,0.290269,-0.0253437
82.53,0.294068,0.295424,0.290229,-0.00135616
82.535,0.303855,0.295367,0.290189,0.00848735
82.54,0.311405,0.295311,0.29015,0.0160944
82.545,0.309175,0.295255,0.29011,0.01392
82.55,0.308349,0.295199,0.29007,0.0131498
82.555,0.30147,0.295143,0.29003,0.0063276
82.56,0.292514,0.295087,0.28999,-0.00257257
82.565,0.287394,0.295031,0.289951,-0.00763748
82.57,0.283252,0.294976,0.289911,-0.0117242
82.575,0.291982,0.294921,0.289871,-0.00293834
82.58,0.293515,0.294865,0.289831,-0.00135032
82.585,0.289017,0.29481,0.289791,-0.00579293
82.59,0.295463,0.294755,0.289751,0.00070776
82.595,0.291359,0.2947,0.289711,-0.00334101
82.6,0.297838,0.294646,0.289671,0.00319206
82.605,0.294777,0.294591,0.289631,0.000185192
82.61,0.295266,0.294537,0.289591,0.000729073
82.615,0.299654,0.294483,0.289551,0.00517128
82.62,0.309691,0.294429,0.289511,0.0152625
82.625,0.312957,0.294375,0.289471,0.0185823
82.63,0.320177,0.294321,0.289431,0.0258566
82.635,0.322405,0.294267,0.289391,0.0281383
82.64,0.315282,0.294213,0.289351,0.0210683
82.645,0.305743,0.29416,0.289311,0.011583
82.65,0.294997,0.294106,0.28927,0.000890328
82.655,0.291614,0.294053,0.28923,-0.00243961
82.66,0.299742,0.294,0.28919,0.00574201
82.665,0.287997,0.293947,0.28915,-0.00595048
82.67,0.293155,0.293894,0.28911,-0.000739573
82.675,0.293719,0.293841,0.28907,-0.00012199
82.68,0.287255,0.293789,0.289029,-0.00653367
82.685,0.276137,0.293736,0.288989,-0.0175996
82.69,0.272247,0.293684,0.288949,-0.0214366
82.695,0.272959,0.293631,0.288909,-0.0206718
82.7,0.288868,0.293579,0.288868,-0.00471069
82.705,0.289027,0.293527,0.288828,-0.0044995
82.71,0.276488,0.293475,0.288788,-0.0169871
82.715,0.282468,0.293423,0.288747,-0.0109555
82.72,0.290293,0.293371,0.288707,-0.00307853
82.725,0.298383,0.29332,0.288666,0.00506362
82.73,0.302518,0.293268,0.288626,0.00924992
82.735,0.307843,0.293217,0.288586,0.0146262
82.74,0.29942,0.293165,0.288545,0.00625487
82.745,0.297312,0.293114,0.288505,0.00419786
82.75,0.286442,0.293063,0.288464,-0.00662071
82.755,0.279119,0.293012,0.288424,-0.0138928
82.76,0.278087,0.292961,0.288383,-0.0148737
82.765,0.284823,0.29291,0.288343,-0.0080871
82.77,0.286424,0.292859,0.288302,-0.00643531
82.775,0.308357,0.292808,0.288262,0.0155483
82.78,0.310404,0.292758,0.288221,0.017646
82.785,0.31369,0.292707,0.288181,0.020983
82.79,0.310948,0.292657,0.28814,0.018291
82.795,0.310336,0.292606,0.288099,0.0177294
82.8,0.314119,0.292556,0.288059,0.0215628
82.805,0.317067,0.292506,0.288018,0.0245607
82.81,0.307628,0.292456,0.287978,0.0151725
82.815,0.303867,0.292406,0.287937,0.0114615
82.82,0.301394,0.292356,0.287896,0.0090376
82.825,0.303864,0.292306,0.287855,0.011558
82.83,0.298909,0.292257,0.287815,0.00665205
82.835,0.290335,0.292207,0.287774,-0.00187167
82.84,0.283592,0.292157,0.287733,-0.00856538
82.845,0.298574,0.292108,0.287692,0.00646573
82.85,0.293801,0.292059,0.287652,0.00174212
82.855,0.290477,0.292009,0.287611,-0.00153206
82.86,0.283216,0.29196,0.28757,-0.0087446
82.865,0.273564,0.291911,0.287529,-0.018347
82.87,0.277705,0.291862,0.287488,-0.0141569
82.875,0.275022,0.291813,0.287447,-0.0167909
82.88,0.266869,0.291764,0.287407,-0.0248954
82.885,0.258691,0.291715,0.287366,-0.0330244
82.89,0.259222,0.291667,0.287325,-0.0324449
82.895,0.249885,0.291618,0.287284,-0.0417334
82.9,0.269894,0.291569,0.287243,-0.0216756
82.905,0.279746,0.291521,0.287202,-0.0117746
82.91,0.279148,0.291472,0.287161,-0.0123247
82.915,0.281428,0.291424,0.28712,-0.00999588
82.92,0.290186,0.291376,0.287079,-0.00118985
82.925,0.28707,0.291328,0.287038,-0.00425765
82.93,0.293587,0.291279,0.286997,0.00230719
82.935,0.293324,0.291231,0.286956,0.00209264
82.94,0.290897,0.291183,0.286915,-0.000286506
82.945,0.298621,0.291135,0.286873,0.00748579
82.95,0.304856,0.291088,0.286832,0.0137689
82.955,0.297814,0.29104,0.286791,0.00677396
82.96,0.293835,0.290992,0.28675,0.00284316
82.965,0.290273,0.290945,0.286709,-0.000671939
82.97,0.286554,0.290897,0.286668,-0.00434297
82.975,0.281854,0.290849,0.286627,-0.00899518
82.98,0.288072,0.290802,0.286585,-0.00272979
82.985,0.297608,0.290755,0.286544,0.00685361
82.99,0.30498,0.290707,0.286503,0.0142727
82.995,0.303237,0.29066,0.286462,0.0125773
83,0.287703,0.290613,0.28642,-0.00290972
83.005,0.281,0.290566,0.286379,-0.00956577
83.01,0.290593,0.290519,0.286338,7.41432e-05
83.015,0.285432,0.290472,0.286296,-0.00503954
83.02,0.280726,0.290425,0.286255,-0.00969898
83.025,0.269101,0.290378,0.286214,-0.0212774
83.03,0.269472,0.290331,0.286172,-0.0208594
83.035,0.286341,0.290285,0.286131,-0.00394399
83.04,0.305374,0.290238,0.286089,0.015136
83.045,0.311045,0.290191,0.286048,0.0208534
83.05,0.321852,0.290145,0.286006,0.031707
83.055,0.327333,0.290098,0.285965,0.0372343
83.06,0.320637,0.290052,0.285923,0.0305847
83.065,0.309942,0.290006,0.285882,0.0199362
83.07,0.306179,0.289959,0.28584,0.0162195
83.075,0.296202,0.289913,0.285799,0.00628915
83.08,0.304073,0.289867,0.285757,0.0142061
83.085,0.301453,0.289821,0.285716,0.0116319
83.09,0.297724,0.289775,0.285674,0.00794914
83.095,0.300604,0.289729,0.285633,0.0108755
83.1,0.296521,0.289683,0.285591,0.00683793
83.105,0.293817,0.289637,0.285549,0.00418
83.11,0.299173,0.289591,0.285508,0.00958149
83.115,0.300759,0.289546,0.285466,0.0112139
83.12,0.302909,0.2895,0.285424,0.0134091
83.125,0.292765,0.289454,0.285383,0.00331109
83.13,0.284436,0.289409,0.285341,-0.00497212
83.135,0.290975,0.289363,0.285299,0.00161217
83.14,0.31032,0.289318,0.285257,0.0210019
83.145,0.31879,0.289272,0.285216,0.0295182
83.15,0.315617,0.289227,0.285174,0.0263904
83.155,0.302438,0.289182,0.285132,0.0132569
83.16,0.288965,0.289136,0.28509,-0.000171493
83.165,0.293297,0.289091,0.285048,0.00420563
83.17,0.293263,0.289046,0.285007,0.00421723
83.175,0.283198,0.289001,0.284965,-0.00580274
83.18,0.292907,0.288956,0.284923,0.00395091
83.185,0.293639,0.288911,0.284881,0.00472808
83.19,0.299588,0.288866,0.284839,0.0107223
83.195,0.29441,0.288821,0.284797,0.00558897
83.2,0.277287,0.288776,0.284755,-0.0114894
83.205,0.285407,0.288732,0.284713,-0.00332448
83.21,0.277346,0.288687,0.284671,-0.0113405
83.215,0.279258,0.288642,0.284629,-0.00938407
83.22,0.282005,0.288598,0.284587,-0.00659239
83.225,0.286073,0.288553,0.284545,-0.0024796
83.23,0.305758,0.288509,0.284503,0.0172496
83.235,0.313752,0.288464,0.284461,0.0252875
83.24,0.30079,0.28842,0.284419,0.0123701
83.245,0.295903,0.288375,0.284377,0.00752717
83.25,0.284493,0.288331,0.284335,-0.00383805
83.255,0.29313,0.288287,0.284292,0.00484341
83.26,0.293268,0.288243,0.28425,0.00502504
83.265,0.286744,0.288199,0.284208,-0.00145467
83.27,0.290333,0.288155,0.284166,0.00217858
83.275,0.293823,0.288111,0.284124,0.005712
83.28,0.301989,0.288067,0.284082,0.0139224
83.285,0.307903,0.288023,0.284039,0.0198802
83.29,0.292187,0.287979,0.283997,0.00420816
83.295,0.286776,0.287935,0.283955,-0.0011587
83.3,0.276051,0.287891,0.283912,-0.0118399
83.305,0.27747,0.287848,0.28387,-0.0103772
83.31,0.276897,0.287804,0.283828,-0.0109069
83.315,0.278481,0.28776,0.283786,-0.00927912
83.32,0.274948,0.287717,0.283743,-0.0127685
83.325,0.278953,0.287673,0.283701,-0.00872031
83.33,0.28971,0.28763,0.283658,0.00207983
83.335,0.297706,0.287586,0.283616,0.01012
83.34,0.29499,0.287543,0.283574,0.00744657
83.345,0.291811,0.2875,0.283531,0.00431093
83.35,0.289452,0.287456,0.283489,0.00199517
83.355,0.291912,0.287413,0.283446,0.00449907
83.36,0.288141,0.28737,0.283404,0.000770791
83.365,0.287378,0.287327,0.283361,5.12365e-05
83.37,0.289231,0.287284,0.283319,0.00194692
83.375,0.287063,0.287241,0.283276,-0.000177971
83.38,0.289233,0.287198,0.283234,0.00203471
83.385,0.275806,0.287155,0.283191,-0.0113495
83.39,0.257103,0.287112,0.283148,-0.0300094
83.395,0.26009,0.287069,0.283106,-0.0269799
83.4,0.26925,0.287027,0.283063,-0.0177767
83.405,0.287279,0.286984,0.28302,0.0002954
83.41,0.296097,0.286941,0.282978,0.00915565
83.415,0.301377,0.286899,0.282935,0.0144784
83.42,0.307426,0.286856,0.282892,0.0205693
83.425,0.313923,0.286814,0.28285,0.0271094
83.43,0.315928,0.286771,0.282807,0.0291564
83.435,0.302097,0.286729,0.282764,0.0153684
83.44,0.300276,0.286687,0.282721,0.0135891
83.445,0.281323,0.286644,0.282679,-0.00532094
83.45,0.279994,0.286602,0.282636,-0.0066079
83.455,0.280604,0.28656,0.282593,-0.00595629
83.46,0.279104,0.286518,0.28255,-0.00741397
83.465,0.279696,0.286476,0.282507,-0.00677988
83.47,0.275621,0.286434,0.282465,-0.0108132
83.475,0.269112,0.286392,0.282422,-0.0172801
83.48,0.279473,0.28635,0.282379,-0.00687692
83.485,0.281335,0.286308,0.282336,-0.00497246
83.49,0.277541,0.286266,0.282293,-0.00872467
83.495,0.270038,0.286224,0.28225,-0.0161865
83.5,0.262892,0.286183,0.282207,-0.0232903
83.505,0.263044,0.286141,0.282164,-0.0230969
83.51,0.263308,0.286099,0.282121,-0.0227911
83.515,0.255401,0.286058,0.282078,-0.0306565
83.52,0.252143,0.286016,0.282035,-0.0338733
83.525,0.260813,0.285975,0.281992,-0.0251618
83.53,0.274621,0.285933,0.281949,-0.0113124
83.535,0.283015,0.285892,0.281906,-0.00287697
83.54,0.27962,0.285851,0.281863,-0.00623101
83.545,0.278402,0.28581,0.281819,-0.00740755
83.55,0.285054,0.285768,0.281776,-0.000714107
83.555,0.293444,0.285727,0.281733,0.00771678
83.56,0.291631,0.285686,0.28169,0.00594489
83.565,0.295608,0.285645,0.281647,0.00996245
83.57,0.2856,0.285604,0.281604,-4.18115e-06
83.575,0.276454,0.285563,0.28156,-0.00910929
83.58,0.271911,0.285522,0.281517,-0.013611
83.585,0.27914,0.285482,0.281474,-0.00634198
83.59,0.29264,0.285441,0.281431,0.00719968
83.595,0.283929,0.2854,0.281387,-0.00147081
83.6,0.283661,0.285359,0.281344,-0.00169857
83.605,0.284037,0.285319,0.281301,-0.00128199
83.61,0.291682,0.285278,0.281257,0.00640408
83.615,0.297514,0.285238,0.281214,0.0122763
83.62,0.286982,0.285198,0.281171,0.00178414
83.625,0.290229,0.285157,0.281127,0.0050723
83.63,0.293395,0.285117,0.281084,0.00827813
83.635,0.30366,0.285077,0.28104,0.0185838
83.64,0.31368,0.285036,0.280997,0.0286432
83.645,0.315218,0.284996,0.280953,0.0302213
83.65,0.317974,0.284956,0.28091,0.0330177
83.655,0.313381,0.284916,0.280866,0.0284649
83.66,0.31139,0.284876,0.280823,0.0265138
83.665,0.296486,0.284836,0.280779,0.0116493
83.67,0.28441,0.284797,0.280736,-0.00038661
83.675,0.287139,0.284757,0.280692,0.00238222
83.68,0.291542,0.284717,0.280649,0.00682479
83.685,0.29943,0.284677,0.280605,0.014753
83.69,0.301837,0.284638,0.280562,0.0171988
83.695,0.296814,0.284598,0.280518,0.0122156
83.7,0.298457,0.284559,0.280474,0.0138986
83.705,0.300983,0.284519,0.280431,0.0164638
83.71,0.308078,0.28448,0.280387,0.0235981
83.715,0.312329,0.284441,0.280343,0.0278878
83.72,0.308619,0.284402,0.280299,0.0242175
83.725,0.296162,0.284363,0.280256,0.011799
83.73,0.272794,0.284323,0.280212,-0.0115299
83.735,0.269917,0.284284,0.280168,-0.0143677
83.74,0.267439,0.284245,0.280124,-0.0168063
83.745,0.271862,0.284207,0.280081,-0.012345
83.75,0.274983,0.284168,0.280037,-0.0091843
83.755,0.274341,0.284129,0.279993,-0.00978788
83.76,0.270883,0.28409,0.279949,-0.0132071
83.765,0.26779,0.284052,0.279905,-0.0162614
83.77,0.275371,0.284013,0.279861,-0.00864179
83.775,0.286587,0.283975,0.279817,0.00261242
83.78,0.284833,0.283936,0.279773,0.000896618
83.785,0.278081,0.283898,0.279729,-0.00581644
83.79,0.264977,0.28386,0.279686,-0.0188831
83.795,0.262265,0.283821,0.279642,-0.0215562
83.8,0.275139,0.283783,0.279598,-0.00864446
83.805,0.270489,0.283745,0.279554,-0.0132557
83.81,0.273479,0.283707,0.279509,-0.0102281
83.815,0.283276,0.283669,0.279465,-0.000392954
83.82,0.290188,0.283631,0.279421,0.0065564
83.825,0.291643,0.283594,0.279377,0.00804977
83.83,0.286898,0.283556,0.279333,0.00334193
83.835,0.272053,0.283518,0.279289,-0.0114655
83.84,0.2744,0.283481,0.279245,-0.00908097
83.845,0.273993,0.283443,0.279201,-0.00945032
83.85,0.27012,0.283406,0.279157,-0.0132859
83.855,0.266708,0.283368,0.279112,-0.0166602
83.86,0.269481,0.283331,0.279068,-0.0138506
83.865,0.273373,0.283294,0.279024,-0.00992075
83.87,0.27105,0.283257,0.27898,-0.0122065
83.875,0.268366,0.28322,0.278936,-0.0148543
83.88,0.271615,0.283183,0.278891,-0.0115684
83.885,0.283388,0.283146,0.278847,0.00024233
83.89,0.289737,0.283109,0.278803,0.00662797
83.895,0.277713,0.283073,0.278758,-0.00535941
83.9,0.263051,0.283036,0.278714,-0.0199849
83.905,0.247083,0.283,0.27867,-0.0359168
83.91,0.249306,0.282963,0.278625,-0.0336574
83.915,0.250171,0.282927,0.278581,-0.0327562
83.92,0.259514,0.28289,0.278536,-0.0233762
83.925,0.267618,0.282854,0.278492,-0.0152358
83.93,0.290689,0.282818,0.278448,0.00787109
83.935,0.2949,0.282782,0.278403,0.0121176
83.94,0.302585,0.282746,0.278359,0.0198391
83.945,0.289612,0.28271,0.278314,0.00690161
83.95,0.27482,0.282675,0.27827,-0.00785423
83.955,0.264787,0.282639,0.278225,-0.017852
83.96,0.258142,0.282603,0.27818,-0.0244612
83.965,0.259322,0.282568,0.278136,-0.0232461
83.97,0.268893,0.282532,0.278091,-0.0136397
83.975,0.272083,0.282497,0.278047,-0.0104143
83.98,0.276529,0.282462,0.278002,-0.00593264
83.985,0.270071,0.282427,0.277957,-0.0123562
83.99,0.270417,0.282392,0.277913,-0.011975
83.995,0.266769,0.282357,0.277868,-0.0155882
84,0.272019,0.282322,0.277823,-0.0103036
84.005,0.27375,0.282287,0.277779,-0.00853792
84.01,0.270621,0.282253,0.277734,-0.0116315
84.015,0.270508,0.282218,0.277689,-0.0117102
84.02,0.275333,0.282184,0.277645,-0.00685118
84.025,0.279794,0.28215,0.2776,-0.00235547
84.03,0.286445,0.282115,0.277555,0.00432908
84.035,0.277572,0.282081,0.27751,-0.00450918
84.04,0.268148,0.282047,0.277465,-0.0138989
84.045,0.270911,0.282014,0.27742,-0.0111027
84.05,0.271771,0.28198,0.277376,-0.0102083
84.055,0.27535,0.281946,0.277331,-0.00659618
84.06,0.259848,0.281913,0.277286,-0.0220648
84.065,0.243431,0.281879,0.277241,-0.0384482
84.07,0.240178,0.281846,0.277196,-0.041668
84.075,0.255204,0.281813,0.277151,-0.0266083
84.08,0.269603,0.28178,0.277106,-0.0121768
84.085,0.268868,0.281747,0.277061,-0.0128781
84.09,0.277606,0.281714,0.277016,-0.00410817
84.095,0.280191,0.281681,0.276971,-0.00149034
84.1,0.284333,0.281648,0.276926,0.00268517
84.105,0.282886,0.281616,0.276881,0.00127047
84.11,0.278373,0.281583,0.276836,-0.00321041
84.115,0.279783,0.281551,0.276791,-0.00176803
84.12,0.284224,0.281519,0.276746,0.0027052
84.125,0.279666,0.281487,0.2767,-0.00182132
84.13,0.275018,0.281455,0.276655,-0.00643687
84.135,0.272695,0.281423,0.27661,-0.00872865
84.14,0.271582,0.281392,0.276565,-0.00980982
84.145,0.269567,0.28136,0.27652,-0.0117936
84.15,0.26689,0.281329,0.276475,-0.0144392
84.155,0.27549,0.281298,0.276429,-0.00580816
84.16,0.277341,0.281267,0.276384,-0.00392574
84.165,0.282269,0.281236,0.276339,0.00103312
84.17,0.284311,0.281205,0.276294,0.00310628
84.175,0.273671,0.281174,0.276248,-0.00750356
84.18,0.271091,0.281144,0.276203,-0.0100528
84.185,0.278091,0.281113,0.276158,-0.00302248
84.19,0.274513,0.281083,0.276112,-0.00657021
84.195,0.270678,0.281053,0.276067,-0.010375
84.2,0.261172,0.281023,0.276021,-0.0198509
84.205,0.261372,0.280993,0.275976,-0.019621
84.21,0.270686,0.280964,0.275931,-0.010278
84.215,0.285237,0.280934,0.275885,0.0043031
84.22,0.294267,0.280905,0.27584,0.0133624
84.225,0.287308,0.280876,0.275794,0.00643191
84.23,0.275223,0.280847,0.275749,-0.00562332
84.235,0.269257,0.280818,0.275703,-0.0115605
84.24,0.282576,0.280789,0.275658,0.0017863
84.245,0.288988,0.280761,0.275612,0.00822712
84.25,0.290791,0.280732,0.275567,0.0100589
84.255,0.274297,0.280704,0.275521,-0.00640755
84.26,0.272161,0.280676,0.275475,-0.00851562
84.265,0.275861,0.280648,0.27543,-0.00478711
84.27,0.278035,0.280621,0.275384,-0.00258543
84.275,0.262449,0.280593,0.275338,-0.0181442
84.28,0.252276,0.280566,0.275293,-0.0282896
84.285,0.24487,0.280539,0.275247,-0.0356684
84.29,0.251144,0.280512,0.275201,-0.0293681
84.295,0.254416,0.280485,0.275156,-0.0260688
84.3,0.264652,0.280459,0.27511,-0.0158066
84.305,0.271058,0.280432,0.275064,-0.00937467
84.31,0.273592,0.280406,0.275018,-0.0068142
84.315,0.274629,0.28038,0.274973,-0.00575144
84.32,0.266496,0.280354,0.274927,-0.0138588
84.325,0.263258,0.280329,0.274881,-0.0170708
84.33,0.278943,0.280303,0.274835,-0.00136066
84.335,0.289445,0.280278,0.274789,0.00916705
84.34,0.293407,0.280253,0.274743,0.0131538
84.345,0.292286,0.280228,0.274697,0.0120573
84.35,0.279424,0.280204,0.274652,-0.000779679
84.355,0.276202,0.28018,0.274606,-0.00397709
84.36,0.280873,0.280155,0.27456,0.000717064
84.365,0.278988,0.280132,0.274514,-0.00114377
84.37,0.274818,0.280108,0.274468,-0.00528977
84.375,0.277798,0.280084,0.274422,-0.00228677
84.38,0.289487,0.280061,0.274376,0.0094259
84.385,0.297097,0.280038,0.27433,0.0170584
84.39,0.295584,0.280016,0.274284,0.0155688
84.395,0.286601,0.279993,0.274237,0.00660829
84.4,0.276124,0.279971,0.274191,-0.00384708
84.405,0.274518,0.279949,0.274145,-0.00543057
84.41,0.269704,0.279927,0.274099,-0.0102232
84.415,0.27216,0.279906,0.274053,-0.00774536
84.42,0.260797,0.279884,0.274007,-0.0190871
84.425,0.262017,0.279863,0.273961,-0.0178464
84.43,0.25908,0.279843,0.273914,-0.0207623
84.435,0.25963,0.279822,0.273868,-0.0201921
84.44,0.259497,0.279802,0.273822,-0.0203049
84.445,0.258963,0.279782,0.273776,-0.0208193
84.45,0.258384,0.279763,0.273729,-0.0213787
84.455,0.266948,0.279739,0.273683,-0.0127907
84.46,0.260043,0.27972,0.273637,-0.019677
84.465,0.249854,0.279701,0.27359,-0.0298468
84.47,0.250423,0.279683,0.273544,-0.0292592
84.475,0.252286,0.279665,0.273498,-0.0273784
84.48,0.252687,0.279647,0.273451,-0.0269601
84.485,0.239749,0.279629,0.273405,-0.03988
84.49,0.234488,0.279612,0.273359,-0.0451246
84.495,0.241203,0.279595,0.273312,-0.0383919
84.5,0.251177,0.279579,0.273266,-0.028402
84.505,0.251748,0.279563,0.273219,-0.027815
84.51,0.254101,0.279547,0.273173,-0.025446
84.515,0.261724,0.279531,0.273126,-0.0178069
84.52,0.27527,0.279516,0.27308,-0.00424582
84.525,0.283229,0.279501,0.273033,0.00372737
84.53,0.286453,0.279487,0.272987,0.00696645
84.535,0.283108,0.279473,0.27294,0.00363536
84.54,0.269153,0.279459,0.272893,-0.0103066
84.545,0.265254,0.279446,0.272847,-0.0141922
84.55,0.260119,0.279433,0.2728,-0.0193141
84.555,0.265033,0.279421,0.272754,-0.014387
84.56,0.263679,0.279408,0.272707,-0.0157295
84.565,0.253125,0.279397,0.27266,-0.026272
84.57,0.258935,0.279386,0.272614,-0.0204504
84.575,0.257939,0.279375,0.272567,-0.0214357
84.58,0.265127,0.279364,0.27252,-0.0142378
84.585,0.270008,0.279354,0.272473,-0.00934642
84.59,0.260894,0.279345,0.272427,-0.0184507
84.595,0.255909,0.279336,0.27238,-0.0234267
84.6,0.259771,0.279327,0.272333,-0.0195559
84.605,0.266659,0.279319,0.272286,-0.0126605
84.61,0.268266,0.279312,0.272239,-0.0110459
84.615,0.272963,0.279305,0.272192,-0.00634207
84.62,0.265152,0.279298,0.272146,-0.0141465
84.625,0.263304,0.279292,0.272099,-0.0159883
84.63,0.248458,0.279287,0.272052,-0.0308286
84.635,0.245175,0.279282,0.272005,-0.0341072
84.64,0.239546,0.279277,0.271958,-0.0397314
84.645,0.252605,0.279274,0.271911,-0.026669
84.65,0.261072,0.27927,0.271864,-0.0181989
84.655,0.262282,0.279268,0.271817,-0.0169857
84.66,0.257678,0.279266,0.27177,-0.0215883
84.665,0.251713,0.279264,0.271723,-0.027551
84.67,0.250268,0.279264,0.271676,-0.028996
84.675,0.24281,0.279264,0.271629,-0.0364537
84.68,0.235559,0.279264,0.271582,-0.0437049
84.685,0.242206,0.279266,0.271534,-0.0370599
84.69,0.247388,0.279268,0.271487,-0.0318798
84.695,0.251995,0.27927,0.27144,-0.0272755
84.7,0.270532,0.279274,0.271393,-0.00874223
84.705,0.2705,0.279278,0.271346,-0.0087779
84.71,0.273136,0.279283,0.271299,-0.00614689
84.715,0.261623,0.279289,0.271251,-0.0176664
84.72,0.249402,0.279295,0.271204,-0.0298938
84.725,0.248242,0.279303,0.271157,-0.0310609
84.73,0.250455,0.279311,0.27111,-0.0288565
84.735,0.258976,0.279321,0.271062,-0.0203448
84.74,0.274166,0.279331,0.271015,-0.00516441
84.745,0.290674,0.279342,0.270968,0.0113322
84.75,0.285245,0.279354,0.27092,0.00589109
84.755,0.286842,0.279367,0.270873,0.00747494
84.76,0.280737,0.279381,0.270826,0.00135643
84.765,0.268925,0.279396,0.270778,-0.0104703
84.77,0.272125,0.279412,0.270731,-0.00728682
84.775,0.256885,0.279429,0.270683,-0.0225442
84.78,0.258933,0.279447,0.270636,-0.0205144
84.785,0.259221,0.279467,0.270588,-0.0202454
84.79,0.257674,0.279487,0.270541,-0.0218131
84.795,0.264978,0.279509,0.270493,-0.0145312
84.8,0.270699,0.279532,0.270446,-0.00883299
84.805,0.267862,0.279556,0.270398,-0.011694
84.81,0.266684,0.279582,0.270351,-0.012898
84.815,0.258539,0.279609,0.270303,-0.0210704
84.82,0.251142,0.279638,0.270256,-0.0284957
84.825,0.240902,0.279667,0.270208,-0.0387655
84.83,0.237681,0.279699,0.27016,-0.0420174
84.835,0.239116,0.279732,0.270113,-0.0406154
84.84,0.255678,0.279766,0.270065,-0.0240875
84.845,0.277339,0.279802,0.270017,-0.00246335
84.85,0.272148,0.27984,0.26997,-0.00769167
84.855,0.273916,0.279879,0.269922,-0.00596249
84.86,0.258446,0.27992,0.269874,-0.0214741
84.865,0.259004,0.279963,0.269826,-0.0209587
84.87,0.271876,0.280007,0.269779,-0.00813178
84.875,0.267557,0.280054,0.269731,-0.0124968
84.88,0.265388,0.280103,0.269683,-0.0147143
84.885,0.265349,0.280153,0.269635,-0.0148037
84.89,0.256929,0.280206,0.269587,-0.0232767
84.895,0.263186,0.28026,0.26954,-0.0170745
84.9,0.259111,0.280317,0.269492,-0.0212066
84.905,0.267383,0.280376,0.269444,-0.0129931
84.91,0.269433,0.280438,0.269396,-0.0110047
84.915,0.260975,0.280501,0.269348,-0.0195262
84.92,0.255991,0.280568,0.2693,-0.024577
84.925,0.252605,0.280636,0.269252,-0.0280312
84.93,0.25166,0.280707,0.269204,-0.0290479
84.935,0.254543,0.280781,0.269156,-0.0262382
84.94,0.249738,0.280858,0.269108,-0.0311198
84.945,0.270897,0.280937,0.26906,-0.0100403
84.95,0.292613,0.281019,0.269012,0.0115932
84.955,0.298779,0.281105,0.268964,0.0176742
84.96,0.292911,0.281193,0.268916,0.0117187
84.965,0.274377,0.281284,0.268868,-0.0069072
84.97,0.26569,0.281378,0.268819,-0.0156881
84.975,0.260666,0.281476,0.268771,-0.0208106
84.98,0.241391,0.281577,0.268723,-0.0401864
84.985,0.23317,0.281682,0.268675,-0.0485119
84.99,0.235096,0.28179,0.268627,-0.0466932
84.995,0.243871,0.281901,0.268578,-0.0380306
85,0.249327,0.282017,0.26853,-0.0326897
85.005,0.250902,0.282136,0.268482,-0.0312337
85.01,0.251608,0.282259,0.268434,-0.0306508
85.015,0.261775,0.282386,0.268385,-0.020611
85.02,0.265576,0.282517,0.268337,-0.0169414
85.025,0.281253,0.282652,0.268289,-0.00139901
85.03,0.282828,0.282792,0.26824,3.61726e-05
85.035,0.266089,0.282936,0.268192,-0.0168475
85.04,0.267777,0.283085,0.268144,-0.0153073
85.045,0.258217,0.283238,0.268095,-0.0250214
85.05,0.261761,0.283396,0.268047,-0.0216352
85.055,0.265737,0.283559,0.267998,-0.0178214
85.06,0.249425,0.283727,0.26795,-0.0343017
85.065,0.251317,0.2839,0.267901,-0.0325824
85.07,0.252995,0.284078,0.267853,-0.031083
85.075,0.248994,0.284261,0.267804,-0.0352673
85.08,0.236644,0.28445,0.267756,-0.0478063
85.085,0.222588,0.284645,0.267707,-0.062057
85.09,0.223874,0.284845,0.267659,-0.0609711
85.095,0.234182,0.285051,0.26761,-0.0508687
85.1,0.250997,0.285263,0.267561,-0.0342655
85.105,0.255258,0.285481,0.267513,-0.0302227
85.11,0.252955,0.285705,0.267464,-0.0327493
85.115,0.258613,0.285935,0.267416,-0.0273218
85.12,0.256036,0.286172,0.267367,-0.0301359
85.125,0.260031,0.286416,0.267318,-0.0263845
85.13,0.261768,0.286666,0.267269,-0.024898
85.135,0.259879,0.286923,0.267221,-0.0270443
85.14,0.258473,0.287187,0.267172,-0.0287139
85.145,0.240271,0.287458,0.267123,-0.0471866
85.15,0.22541,0.287736,0.267074,-0.0623264
85.155,0.21675,0.288022,0.267026,-0.0712719
85.16,0.229687,0.288315,0.266977,-0.0586284
85.165,0.235417,0.288616,0.266928,-0.053199
85.17,0.252651,0.288925,0.266879,-0.0362741
85.175,0.248101,0.289242,0.26683,-0.0411408
85.18,0.251634,0.289566,0.266781,-0.0379325
85.185,0.253281,0.289899,0.266732,-0.0366182
85.19,0.248764,0.29024,0.266683,-0.0414761
85.195,0.244242,0.290589,0.266634,-0.046347
85.2,0.249544,0.290947,0.266585,-0.0414037
85.205,0.252105,0.291314,0.266536,-0.0392094
85.21,0.250277,0.29169,0.266487,-0.041413
85.215,0.258731,0.292074,0.266438,-0.0333436
85.22,0.263787,0.292468,0.266389,-0.0286807
85.225,0.260849,0.292871,0.26634,-0.0320217
85.23,0.276012,0.293283,0.266291,-0.0172706
85.235,0.262675,0.293704,0.266242,-0.0310288
85.24,0.266655,0.294135,0.266193,-0.0274797
85.245,0.273226,0.294576,0.266144,-0.0213504
85.25,0.26813,0.295026,0.266095,-0.026897
85.255,0.274787,0.295487,0.266046,-0.0206998
85.26,0.279127,0.295957,0.265996,-0.0168304
85.265,0.280943,0.296438,0.265947,-0.0154946
85.27,0.273806,0.296929,0.265898,-0.0231228
85.275,0.269873,0.29743,0.265849,-0.0275572
85.28,0.257898,0.297941,0.265799,-0.0400438
85.285,0.26717,0.298463,0.26575,-0.0312934
85.29,0.262952,0.298996,0.265701,-0.0360438
85.295,0.250815,0.299539,0.265651,-0.0487245
85.3,0.239654,0.300093,0.265602,-0.0604392
85.305,0.232614,0.300658,0.265553,-0.0680447
85.31,0.240911,0.301234,0.265503,-0.060323
85.315,0.258018,0.301821,0.265454,-0.0438029
85.32,0.255612,0.302419,0.265405,-0.0468069
85.325,0.263391,0.303028,0.265355,-0.0396368
85.33,0.261547,0.303648,0.265306,-0.0421007
85.335,0.271415,0.304279,0.265256,-0.0328639
85.34,0.273509,0.304922,0.265207,-0.0314134
85.345,0.263382,0.305576,0.265157,-0.0421935
85.35,0.258526,0.306241,0.265108,-0.0477156
85.355,0.259928,0.306918,0.265058,-0.0469895
85.36,0.270726,0.307606,0.265009,-0.0368796
85.365,0.27662,0.308305,0.264959,-0.0316848
85.37,0.279729,0.309016,0.264909,-0.0292862
85.375,0.284328,0.309738,0.26486,-0.0254101
85.38,0.287322,0.310471,0.26481,-0.0231487
85.385,0.271476,0.311216,0.264761,-0.0397402
85.39,0.2586,0.311972,0.264711,-0.0533714
85.395,0.248526,0.312739,0.264661,-0.0642134
85.4,0.262205,0.313518,0.264612,-0.0513125
85.405,0.27545,0.314307,0.264562,-0.0388575
85.41,0.276619,0.315108,0.264512,-0.0384889
85.415,0.26979,0.31592,0.264462,-0.0461298
85.42,0.269811,0.316743,0.264413,-0.0469316
85.425,0.271239,0.317577,0.264363,-0.0463377
85.43,0.274464,0.318421,0.264313,-0.0439569
85.435,0.263172,0.319277,0.264263,-0.0561048
85.44,0.270429,0.320142,0.264213,-0.0497129
85.445,0.273705,0.321018,0.264163,-0.0473135
85.45,0.283531,0.321905,0.264113,-0.0383738
85.455,0.29236,0.322802,0.264064,-0.0304417
85.46,0.295202,0.323708,0.264014,-0.0285056
85.465,0.295602,0.324624,0.263964,-0.0290224
85.47,0.30612,0.32555,0.263914,-0.0194303
85.475,0.29764,0.326486,0.263864,-0.0288452
85.48,0.303398,0.32743,0.263814,-0.024032
85.485,0.293832,0.328384,0.263764,-0.0345513
85.49,0.276544,0.329346,0.263714,-0.0528017
85.495,0.267494,0.330316,0.263664,-0.062822
85.5,0.264915,0.331295,0.263614,-0.0663806
85.505,0.272838,0.332282,0.263563,-0.0594439
85.51,0.265769,0.333276,0.263513,-0.0675073
85.515,0.269743,0.334278,0.263463,-0.0645346
85.52,0.2714,0.335286,0.263413,-0.0638862
85.525,0.287161,0.336301,0.263363,-0.0491395
85.53,0.305015,0.337322,0.263313,-0.0323075
85.535,0.31471,0.338349,0.263263,-0.023639
85.54,0.316415,0.339382,0.263212,-0.0229667
85.545,0.313656,0.340419,0.263162,-0.0267635
85.55,0.30836,0.341461,0.263112,-0.0331011
85.555,0.298403,0.342507,0.263062,-0.0441039
85.56,0.294125,0.343557,0.263011,-0.0494321
85.565,0.292085,0.34461,0.262961,-0.0525252
85.57,0.286779,0.345665,0.262911,-0.058886
85.575,0.298174,0.346723,0.26286,-0.048549
85.58,0.314722,0.347782,0.26281,-0.03306
85.585,0.323019,0.348842,0.26276,-0.0258222
85.59,0.326027,0.349902,0.262709,-0.0238748
85.595,0.317749,0.350961,0.262659,-0.0332124
85.6,0.295782,0.35202,0.262608,-0.0562378
85.605,0.290126,0.353077,0.262558,-0.0629518
85.61,0.286254,0.354132,0.262507,-0.0678782
85.615,0.293324,0.355184,0.262457,-0.0618591
85.62,0.302155,0.356231,0.262406,-0.0540763
85.625,0.294023,0.357274,0.262356,-0.0632514
85.63,0.291068,0.358312,0.262305,-0.0672437
85.635,0.290219,0.359344,0.262255,-0.0691251
85.64,0.296351,0.360368,0.262204,-0.064017
85.645,0.295557,0.361384,0.262153,-0.0658272
85.65,0.293181,0.362392,0.262103,-0.0692115
85.655,0.279187,0.36339,0.262052,-0.084203
85.66,0.275642,0.364377,0.262002,-0.0887353
85.665,0.27441,0.365353,0.261951,-0.0909428
85.67,0.283803,0.366316,0.2619,-0.0825129
85.675,0.29806,0.367266,0.261849,-0.0692056
85.68,0.31456,0.368201,0.261799,-0.0536404
85.685,0.316472,0.36912,0.261748,-0.0526485
85.69,0.309831,0.370023,0.261697,-0.060192
85.695,0.302334,0.370909,0.261646,-0.0685752
85.7,0.306523,0.371776,0.261596,-0.0652526
85.705,0.308608,0.372623,0.261545,-0.0640144
85.71,0.324023,0.373449,0.261494,-0.0494264
85.715,0.321891,0.374254,0.261443,-0.0523625
85.72,0.31976,0.375035,0.261392,-0.0552755
85.725,0.307808,0.375793,0.261341,-0.0679853
85.73,0.302011,0.376526,0.26129,-0.0745151
85.735,0.296129,0.377233,0.261239,-0.0811042
85.74,0.303848,0.377913,0.261188,-0.0740648
85.745,0.30365,0.378565,0.261137,-0.0749153
85.75,0.311673,0.379188,0.261086,-0.0675152
85.755,0.316916,0.379781,0.261035,-0.0628652
85.76,0.323273,0.380343,0.260984,-0.0570707
85.765,0.320353,0.380874,0.260933,-0.0605211
85.77,0.331288,0.381371,0.260882,-0.0500837
85.775,0.323546,0.381836,0.260831,-0.05829
85.78,0.325594,0.382265,0.26078,-0.0566716
85.785,0.319041,0.38266,0.260729,-0.0636192
85.79,0.324675,0.383019,0.260678,-0.0583444
85.795,0.317523,0.383341,0.260627,-0.0658184
85.8,0.317949,0.383627,0.260576,-0.0656778
85.805,0.32683,0.383875,0.260524,-0.0570446
85.81,0.323647,0.384084,0.260473,-0.0604378
85.815,0.32303,0.384255,0.260422,-0.0612256
85.82,0.314965,0.384388,0.260371,-0.0694224
85.825,0.3118,0.38448,0.260319,-0.0726802
85.83,0.335849,0.384534,0.260268,-0.0486852
85.835,0.331699,0.384548,0.260217,-0.0528486
85.84,0.326674,0.384522,0.260165,-0.0578481
85.845,0.310776,0.384456,0.260114,-0.0736797
85.85,0.313683,0.38435,0.260063,-0.0706669
85.855,0.322513,0.384205,0.260011,-0.0616919
85.86,0.324635,0.38402,0.25996,-0.0593851
85.865,0.302685,0.383796,0.259908,-0.0811108
85.87,0.308942,0.383533,0.259857,-0.0745906
85.875,0.313422,0.383231,0.259806,-0.0698093
85.88,0.311624,0.382891,0.259754,-0.0712672
85.885,0.303132,0.382513,0.259703,-0.079381
85.89,0.284412,0.382098,0.259651,-0.0976854
85.895,0.284161,0.381646,0.2596,-0.0974854
85.9,0.287913,0.381158,0.259548,-0.0932449
85.905,0.287575,0.380635,0.259496,-0.0930603
85.91,0.28493,0.380078,0.259445,-0.0951477
85.915,0.284624,0.379487,0.259393,-0.094863
85.92,0.286938,0.378862,0.259342,-0.0919244
85.925,0.297271,0.378206,0.25929,-0.0809348
85.93,0.308378,0.377519,0.259238,-0.0691411
85.935,0.315164,0.376801,0.259187,-0.0616372
85.94,0.307993,0.376055,0.259135,-0.0680611
85.945,0.311466,0.375279,0.259083,-0.0638137
85.95,0.297872,0.374477,0.259031,-0.076605
85.955,0.289887,0.373648,0.25898,-0.083761
85.96,0.28882,0.372795,0.258928,-0.0839747
85.965,0.289813,0.371917,0.258876,-0.0821037
85.97,0.306344,0.371016,0.258824,-0.0646714
85.975,0.320133,0.370092,0.258772,-0.0499594
85.98,0.326792,0.369148,0.258721,-0.0423566
85.985,0.32477,0.368184,0.258669,-0.0434144
85.99,0.323889,0.367201,0.258617,-0.043312
85.995,0.30211,0.3662,0.258565,-0.0640905
86,0.290388,0.365182,0.258513,-0.0747946
86.005,0.27042,0.364149,0.258461,-0.0937285
86.01,0.266451,0.3631,0.258409,-0.0966492
86.015,0.266501,0.362038,0.258357,-0.0955369
86.02,0.265148,0.360963,0.258305,-0.0958152
86.025,0.266869,0.359876,0.258253,-0.0930073
86.03,0.258603,0.358779,0.258201,-0.100176
86.035,0.266115,0.357671,0.258149,-0.0915557
86.04,0.271623,0.356554,0.258097,-0.084931
86.045,0.278887,0.355429,0.258045,-0.0765422
86.05,0.288344,0.354297,0.257993,-0.0659538
86.055,0.303072,0.353159,0.257941,-0.0500871
86.06,0.292356,0.352014,0.257889,-0.0596587
86.065,0.29279,0.350865,0.257836,-0.0580753
86.07,0.266265,0.349712,0.257784,-0.0834473
86.075,0.261779,0.348556,0.257732,-0.0867763
86.08,0.257699,0.347397,0.25768,-0.089698
86.085,0.266594,0.346236,0.257627,-0.0796415
86.09,0.258981,0.345073,0.257575,-0.0860923
86.095,0.271024,0.343911,0.257523,-0.0728867
86.1,0.280721,0.342748,0.257471,-0.0620272
86.105,0.286364,0.341587,0.257418,-0.0552221
86.11,0.284037,0.340426,0.257366,-0.0563891
86.115,0.282025,0.339267,0.257314,-0.0572429
86.12,0.277903,0.338111,0.257261,-0.0602081
86.125,0.267287,0.336958,0.257209,-0.0696709
86.13,0.249919,0.335808,0.257156,-0.0858891
86.135,0.237108,0.334663,0.257104,-0.0975545
86.14,0.234001,0.333521,0.257052,-0.0995207
86.145,0.243998,0.332385,0.256999,-0.0883872
86.15,0.249122,0.331254,0.256947,-0.0821324
86.155,0.264047,0.330129,0.256894,-0.0660816
86.16,0.275753,0.329009,0.256842,-0.0532561
86.165,0.280658,0.327896,0.256789,-0.0472388
86.17,0.283685,0.326791,0.256737,-0.0431052
86.175,0.27755,0.325692,0.256684,-0.0481417
86.18,0.269381,0.3246,0.256631,-0.0552195
86.185,0.27024,0.323517,0.256579,-0.0532774
86.19,0.26593,0.322442,0.256526,-0.0565114
86.195,0.259443,0.321375,0.256473,-0.0619314
86.2,0.2535,0.320316,0.256421,-0.0668159
86.205,0.260268,0.319267,0.256368,-0.0589987
86.21,0.268005,0.318226,0.256315,-0.0502218
86.215,0.27,0.317195,0.256263,-0.0471958
86.22,0.257258,0.316174,0.25621,-0.0589163
86.225,0.24927,0.315162,0.256157,-0.0658921
86.23,0.23936,0.31416,0.256104,-0.0748007
86.235,0.234853,0.313168,0.256052,-0.0783154
86.24,0.231248,0.312187,0.255999,-0.0809389
86.245,0.238993,0.311216,0.255946,-0.072223
86.25,0.256275,0.310255,0.255893,-0.0539799
86.255,0.264728,0.309305,0.25584,-0.044577
86.26,0.272406,0.308366,0.255787,-0.0359596
86.265,0.260095,0.307438,0.255734,-0.0473425
86.27,0.247862,0.30652,0.255681,-0.0586582
86.275,0.247249,0.305614,0.255628,-0.0583649
86.28,0.240577,0.304719,0.255575,-0.0641421
86.285,0.249284,0.303835,0.255522,-0.0545503
86.29,0.256672,0.302962,0.255469,-0.0462895
86.295,0.253314,0.3021,0.255416,-0.0487859
86.3,0.259601,0.30125,0.255363,-0.0416488
86.305,0.250264,0.300411,0.25531,-0.0501463
86.31,0.250812,0.299583,0.255257,-0.0487709
86.315,0.251812,0.298767,0.255204,-0.0469548
86.32,0.252611,0.297962,0.255151,-0.0453504
86.325,0.258662,0.297168,0.255098,-0.0385063
86.33,0.267024,0.296386,0.255045,-0.0293623
86.335,0.269612,0.295615,0.254992,-0.0260029
86.34,0.260876,0.294856,0.254938,-0.0339801
86.345,0.254037,0.294108,0.254885,-0.0400706
86.35,0.244635,0.293371,0.254832,-0.0487359
86.355,0.239789,0.292645,0.254779,-0.052856
86.36,0.236351,0.29193,0.254725,-0.0555793
86.365,0.236934,0.291227,0.254672,-0.0542927
86.37,0.226502,0.290535,0.254619,-0.0640322
86.375,0.228629,0.289853,0.254565,-0.0612245
86.38,0.222091,0.289183,0.254512,-0.0670917
86.385,0.222798,0.288523,0.254459,-0.0657256
86.39,0.221711,0.287875,0.254405,-0.0661633
86.395,0.222055,0.287237,0.254352,-0.0651814
86.4,0.221604,0.286609,0.254298,-0.0650052
86.405,0.230264,0.285992,0.254245,-0.0557283
86.41,0.233805,0.285386,0.254192,-0.0515813
86.415,0.252352,0.28479,0.254138,-0.0324378
86.42,0.258033,0.284204,0.254085,-0.0261712
86.425,0.254747,0.283628,0.254031,-0.0288809
86.43,0.252005,0.283063,0.253978,-0.031058
86.435,0.251873,0.282507,0.253924,-0.0306335
86.44,0.270818,0.281961,0.25387,-0.0111426
86.445,0.262295,0.281425,0.253817,-0.01913
86.45,0.264429,0.280898,0.253763,-0.0164691
86.455,0.260629,0.280381,0.25371,-0.0197519
86.46,0.260913,0.279873,0.253656,-0.01896
86.465,0.265308,0.279375,0.253602,-0.0140666
86.47,0.262192,0.278885,0.253549,-0.0166926
86.475,0.257581,0.278405,0.253495,-0.0208232
86.48,0.250956,0.277933,0.253441,-0.0269768
86.485,0.243535,0.27747,0.253387,-0.033935
86.49,0.240138,0.277016,0.253334,-0.0368776
86.495,0.252405,0.27657,0.25328,-0.0241651
86.5,0.259168,0.276132,0.253226,-0.0169647
86.505,0.264824,0.275703,0.253172,-0.0108788
86.51,0.267358,0.275282,0.253118,-0.00792358
86.515,0.267362,0.274869,0.253065,-0.00750625
86.52,0.268749,0.274463,0.253011,-0.00571377
86.525,0.25326,0.274065,0.252957,-0.0208056
86.53,0.242887,0.273675,0.252903,-0.0307883
86.535,0.244412,0.273292,0.252849,-0.0288799
86.54,0.240279,0.272917,0.252795,-0.0326375
86.545,0.244545,0.272548,0.252741,-0.0280036
86.55,0.248519,0.272187,0.252687,-0.023668
86.555,0.255197,0.271832,0.252633,-0.0166348
86.56,0.264178,0.271484,0.252579,-0.00730636
86.565,0.266745,0.271143,0.252525,-0.00439825
86.57,0.268179,0.270808,0.252471,-0.00262958
86.575,0.284558,0.27048,0.252417,0.0140785
86.58,0.275556,0.270158,0.252363,0.00539848
86.585,0.272459,0.269842,0.252309,0.00261696
86.59,0.268295,0.269532,0.252254,-0.00123657
86.595,0.264295,0.269227,0.2522,-0.0049323
86.6,0.258781,0.268929,0.252146,-0.0101475
86.605,0.245709,0.268636,0.252092,-0.0229273
86.61,0.236771,0.268349,0.252038,-0.0315774
86.615,0.24267,0.268067,0.251983,-0.0253964
86.62,0.244539,0.26779,0.251929,-0.0232504
86.625,0.243246,0.267518,0.251875,-0.0242716
86.63,0.216646,0.267251,0.251821,-0.0506056
86.635,0.214227,0.266989,0.251766,-0.0527625
86.64,0.218932,0.266732,0.251712,-0.0478006
86.645,0.219487,0.26648,0.251658,-0.0469926
86.65,0.226593,0.266232,0.251603,-0.0396387
86.655,0.221145,0.265989,0.251549,-0.0448435
86.66,0.232017,0.26575,0.251495,-0.0337325
86.665,0.233783,0.265515,0.25144,-0.0317321
86.67,0.240601,0.265284,0.251386,-0.0246836
86.675,0.242179,0.265058,0.251331,-0.0228787
86.68,0.243912,0.264835,0.251277,-0.0209228
86.685,0.23547,0.264616,0.251222,-0.029146
86.69,0.23529,0.264401,0.251168,-0.0291114
86.695,0.269278,0.26419,0.251113,0.00508836
86.7,0.277636,0.263982,0.251059,0.0136542
86.705,0.274211,0.263777,0.251004,0.0104339
86.71,0.268279,0.263576,0.250949,0.00470322
86.715,0.265487,0.263378,0.250895,0.00210858
86.72,0.279482,0.263184,0.25084,0.016298
86.725,0.2811,0.262992,0.250786,0.0181076
86.73,0.257976,0.262804,0.250731,-0.00482779
86.735,0.240896,0.262618,0.250676,-0.0217219
86.74,0.234929,0.262436,0.250621,-0.0275063
86.745,0.234768,0.262256,0.250567,-0.027488
86.75,0.242112,0.262079,0.250512,-0.0199665
86.755,0.23776,0.261904,0.250457,-0.0241449
86.76,0.242347,0.261733,0.250402,-0.0193859
86.765,0.250463,0.261563,0.250348,-0.0111001
86.77,0.258414,0.261396,0.250293,-0.00298257
86.775,0.262416,0.261232,0.250238,0.00118419
86.78,0.273598,0.26107,0.250183,0.0125287
86.785,0.286468,0.26091,0.250128,0.0255583
86.79,0.29092,0.260752,0.250073,0.0301683
86.795,0.284888,0.260596,0.250018,0.0242912
86.8,0.273004,0.260443,0.249963,0.0125612
86.805,0.26962,0.260291,0.249909,0.00932901
86.81,0.265214,0.260142,0.249854,0.00507218
86.815,0.260437,0.259994,0.249799,0.000442533
86.82,0.267706,0.259848,0.249744,0.00785748
86.825,0.264149,0.259704,0.249689,0.00444509
86.83,0.264982,0.259562,0.249633,0.00542056
86.835,0.24193,0.259421,0.249578,-0.0174909
86.84,0.234713,0.259282,0.249523,-0.0245691
86.845,0.229162,0.259145,0.249468,-0.0299828
86.85,0.231443,0.259009,0.249413,-0.0275667
86.855,0.226501,0.258875,0.249358,-0.0323747
86.86,0.236043,0.258742,0.249303,-0.0226998
86.865,0.239087,0.258611,0.249248,-0.0195243
86.87,0.251151,0.258481,0.249192,-0.00733059
86.875,0.257977,0.258353,0.249137,-0.00037584
86.88,0.259235,0.258226,0.249082,0.00100949
86.885,0.271449,0.2581,0.249027,0.0133488
86.89,0.259965,0.257975,0.248971,0.00198988
86.895,0.27195,0.257852,0.248916,0.0140985
86.9,0.27592,0.25773,0.248861,0.0181902
86.905,0.283129,0.257608,0.248805,0.0255203
86.91,0.277023,0.257489,0.24875,0.0195342
86.915,0.271659,0.25737,0.248695,0.0142892
86.92,0.260759,0.257252,0.248639,0.003507
86.925,0.26292,0.257135,0.248584,0.00578444
86.93,0.255267,0.25702,0.248529,-0.00175211
86.935,0.237504,0.256905,0.248473,-0.0194004
86.94,0.238494,0.256791,0.248418,-0.0182969
86.945,0.240403,0.256678,0.248362,-0.0162748
86.95,0.248496,0.256566,0.248307,-0.00807049
86.955,0.245192,0.256455,0.248251,-0.0112636
86.96,0.241021,0.256345,0.248196,-0.0153239
86.965,0.240139,0.256236,0.24814,-0.0160965
86.97,0.24088,0.256127,0.248084,-0.0152475
86.975,0.255055,0.25602,0.248029,-0.0009646
86.98,0.250392,0.255913,0.247973,-0.00552132
86.985,0.244133,0.255807,0.247918,-0.0116733
86.99,0.239302,0.255701,0.247862,-0.0163997
86.995,0.233959,0.255597,0.247806,-0.0216379
87,0.229417,0.255493,0.247751,-0.0260758
87.005,0.238869,0.25539,0.247695,-0.0165207
87.01,0.242913,0.255287,0.247639,-0.0123744
87.015,0.256808,0.255185,0.247583,0.00162256
87.02,0.26781,0.255084,0.247528,0.0127265
87.025,0.264417,0.254983,0.247472,0.00943399
87.03,0.257336,0.254883,0.247416,0.00245261
87.035,0.258069,0.254784,0.24736,0.00328488
87.04,0.25678,0.254685,0.247304,0.00209486
87.045,0.257181,0.254587,0.247248,0.00259367
87.05,0.251539,0.254489,0.247193,-0.00295002
87.055,0.247421,0.254392,0.247137,-0.00697093
87.06,0.270489,0.254296,0.247081,0.0161935
87.065,0.266071,0.2542,0.247025,0.0118718
87.07,0.255426,0.254104,0.246969,0.0013217
87.075,0.240187,0.254009,0.246913,-0.0138222
87.08,0.224586,0.253915,0.246857,-0.0293284
87.085,0.222593,0.253821,0.246801,-0.0312273
87.09,0.221029,0.253727,0.246745,-0.032698
87.095,0.208054,0.253634,0.246689,-0.0455802
87.1,0.217342,0.253541,0.246633,-0.0361998
87.105,0.221239,0.253449,0.246577,-0.0322102
87.11,0.233699,0.253357,0.24652,-0.0196589
87.115,0.239432,0.253266,0.246464,-0.0138341
87.12,0.241283,0.253175,0.246408,-0.0118923
87.125,0.251235,0.253085,0.246352,-0.0018503
87.13,0.250629,0.252995,0.246296,-0.00236636
87.135,0.250739,0.252905,0.24624,-0.00216646
87.14,0.231545,0.252816,0.246183,-0.0212707
87.145,0.229971,0.252727,0.246127,-0.0227566
87.15,0.238017,0.252639,0.246071,-0.0146219
87.155,0.243129,0.252551,0.246015,-0.00942148
87.16,0.25244,0.252463,0.245958,-2.34017e-05
87.165,0.253089,0.252376,0.245902,0.000713367
87.17,0.25549,0.252289,0.245846,0.00320107
87.175,0.258769,0.252202,0.245789,0.00656661
87.18,0.252856,0.252116,0.245733,0.000739613
87.185,0.25476,0.25203,0.245676,0.00273033
87.19,0.249625,0.251944,0.24562,-0.00231906
87.195,0.243012,0.251859,0.245564,-0.00884693
87.2,0.23802,0.251774,0.245507,-0.0137541
87.205,0.248805,0.251689,0.245451,-0.00288424
87.21,0.260809,0.251605,0.245394,0.00920406
87.215,0.268506,0.251521,0.245338,0.0169849
87.22,0.271854,0.251437,0.245281,0.0204168
87.225,0.265751,0.251354,0.245225,0.0143966
87.23,0.265085,0.251271,0.245168,0.0138139
87.235,0.265199,0.251188,0.245111,0.0140114
87.24,0.26173,0.251106,0.245055,0.0106249
87.245,0.260471,0.251023,0.244998,0.00944799
87.25,0.257376,0.250941,0.244941,0.00643483
87.255,0.248384,0.25086,0.244885,-0.0024753
87.26,0.236011,0.250778,0.244828,-0.0147668
87.265,0.238424,0.250697,0.244771,-0.0122728
87.27,0.238285,0.250616,0.244715,-0.0123307
87.275,0.241303,0.250535,0.244658,-0.00923254
87.28,0.24025,0.250455,0.244601,-0.0102053
87.285,0.24013,0.250375,0.244544,-0.0102453
87.29,0.25128,0.250295,0.244488,0.000985321
87.295,0.247665,0.250215,0.244431,-0.00255063
87.3,0.243948,0.250136,0.244374,-0.00618751
87.305,0.235116,0.250057,0.244317,-0.0149403
87.31,0.247395,0.249978,0.24426,-0.00258264
87.315,0.253357,0.249899,0.244203,0.0034579
87.32,0.253196,0.249821,0.244146,0.00337522
87.325,0.254555,0.249742,0.244089,0.00481269
87.33,0.27038,0.249664,0.244032,0.020716
87.335,0.272485,0.249587,0.243976,0.0228986
87.34,0.273868,0.249509,0.243919,0.0243592
87.345,0.255442,0.249432,0.243862,0.00601077
87.35,0.256511,0.249354,0.243804,0.00715674
87.355,0.262406,0.249277,0.243747,0.0131289
87.36,0.280765,0.249201,0.24369,0.0315642
87.365,0.270619,0.249124,0.243633,0.0214948
87.37,0.261258,0.249048,0.243576,0.0122099
87.375,0.252073,0.248972,0.243519,0.00310097
87.38,0.237967,0.248896,0.243462,-0.0109288
87.385,0.232882,0.24882,0.243405,-0.015938
87.39,0.21991,0.248744,0.243348,-0.0288347
87.395,0.208332,0.248669,0.24329,-0.0403369
87.4,0.210005,0.248594,0.243233,-0.0385886
87.405,0.218407,0.248519,0.243176,-0.0301118
87.41,0.216087,0.248444,0.243119,-0.0323572
87.415,0.232038,0.24837,0.243061,-0.0163311
87.42,0.242754,0.248295,0.243004,-0.00554093
87.425,0.245855,0.248221,0.242947,-0.00236595
87.43,0.248624,0.248147,0.242889,0.00047726
87.435,0.251261,0.248073,0.242832,0.00318823
87.44,0.265344,0.247999,0.242775,0.0173447
87.445,0.272087,0.247926,0.242717,0.0241617
87.45,0.281609,0.247852,0.24266,0.0337564
87.455,0.268703,0.247779,0.242602,0.0209244
87.46,0.259419,0.247706,0.242545,0.0117136
87.465,0.253305,0.247633,0.242487,0.00567225
87.47,0.254129,0.24756,0.24243,0.00656883
87.475,0.256712,0.247488,0.242372,0.00922471
87.48,0.263799,0.247415,0.242315,0.0163839
87.485,0.25949,0.247343,0.242257,0.0121472
87.49,0.25308,0.247271,0.2422,0.00580953
87.495,0.238672,0.247199,0.242142,-0.00852639
87.5,0.239366,0.247127,0.242085,-0.00776046
87.505,0.253783,0.247055,0.242027,0.00672737
87.51,0.250305,0.246984,0.241969,0.00332184
87.515,0.236265,0.246912,0.241912,-0.010647
87.52,0.238334,0.246841,0.241854,-0.00850681
87.525,0.23641,0.24677,0.241796,-0.0103596
87.53,0.244328,0.246699,0.241739,-0.00237061
87.535,0.2268,0.246628,0.241681,-0.0198282
87.54,0.211899,0.246557,0.241623,-0.0346589
87.545,0.211306,0.246487,0.241565,-0.035181
87.55,0.224075,0.246417,0.241508,-0.0223419
87.555,0.231766,0.246346,0.24145,-0.0145804
87.56,0.247097,0.246276,0.241392,0.000821231
87.565,0.246725,0.246206,0.241334,0.000519301
87.57,0.243737,0.246136,0.241276,-0.00239896
87.575,0.243004,0.246067,0.241218,-0.00306278
87.58,0.234987,0.245997,0.24116,-0.0110103
87.585,0.231265,0.245927,0.241102,-0.0146625
87.59,0.238974,0.245858,0.241044,-0.00688414
87.595,0.252144,0.245789,0.240987,0.00635564
87.6,0.257598,0.24572,0.240929,0.0118782
87.605,0.26776,0.245651,0.240871,0.0221088
87.61,0.27485,0.245582,0.240812,0.0292681
87.615,0.276945,0.245513,0.240754,0.0314323
87.62,0.271947,0.245444,0.240696,0.0265026
87.625,0.252061,0.245376,0.240638,0.00668461
87.63,0.247115,0.245308,0.24058,0.00180713
87.635,0.229902,0.245239,0.240522,-0.0153376
87.64,0.218012,0.245171,0.240464,-0.0271596
87.645,0.211946,0.245103,0.240406,-0.0331569
87.65,0.207296,0.245035,0.240348,-0.0377387
87.655,0.215211,0.244967,0.240289,-0.0297567
87.66,0.21996,0.2449,0.240231,-0.0249393
87.665,0.220278,0.244832,0.240173,-0.0245542
87.67,0.226542,0.244765,0.240115,-0.0182227
87.675,0.229223,0.244697,0.240056,-0.0154745
87.68,0.233762,0.24463,0.239998,-0.010868
87.685,0.236822,0.244563,0.23994,-0.00774107
87.69,0.236981,0.244496,0.239881,-0.00751459
87.695,0.232996,0.244429,0.239823,-0.0114325
87.7,0.238701,0.244362,0.239765,-0.00566033
87.705,0.246117,0.244295,0.239706,0.00182242
87.71,0.254372,0.244228,0.239648,0.0101433
87.715,0.266741,0.244162,0.239589,0.022579
87.72,0.271894,0.244095,0.239531,0.027799
87.725,0.250131,0.244029,0.239473,0.0061016
87.73,0.239574,0.243963,0.239414,-0.00438897
87.735,0.226718,0.243897,0.239356,-0.0171787
87.74,0.218574,0.243831,0.239297,-0.0252561
87.745,0.227929,0.243765,0.239238,-0.0158353
87.75,0.228263,0.243699,0.23918,-0.0154354
87.755,0.250603,0.243633,0.239121,0.00697002
87.76,0.25679,0.243567,0.239063,0.0132224
87.765,0.264827,0.243502,0.239004,0.021325
87.77,0.268062,0.243436,0.238945,0.024626
87.775,0.266956,0.243371,0.238887,0.0235852
87.78,0.26343,0.243306,0.238828,0.0201249
87.785,0.258155,0.24324,0.238769,0.0149151
87.79,0.255749,0.243175,0.238711,0.0125739
87.795,0.257802,0.24311,0.238652,0.0146914
87.8,0.248077,0.243045,0.238593,0.00503222
87.805,0.225399,0.24298,0.238534,-0.0175816
87.81,0.211727,0.242916,0.238476,-0.0311889
87.815,0.197572,0.242851,0.238417,-0.0452792
87.82,0.205824,0.242786,0.238358,-0.0369627
87.825,0.226471,0.242722,0.238299,-0.0162505
87.83,0.24611,0.242657,0.23824,0.0034528
87.835,0.260367,0.242593,0.238181,0.0177742
87.84,0.263054,0.242529,0.238122,0.020525
87.845,0.241549,0.242465,0.238064,-0.00091591
87.85,0.23102,0.242401,0.238005,-0.011381
87.855,0.222249,0.242337,0.237946,-0.0200878
87.86,0.239824,0.242273,0.237887,-0.00244854
87.865,0.242796,0.242209,0.237828,0.000587374
87.87,0.248382,0.242145,0.237769,0.00623659
87.875,0.242106,0.242082,0.23771,2.42977e-05
87.88,0.233917,0.242018,0.23765,-0.0081014
87.885,0.249153,0.241955,0.237591,0.00719886
87.89,0.249808,0.241891,0.237532,0.00791686
87.895,0.250716,0.241828,0.237473,0.00888783
87.9,0.238161,0.241765,0.237414,-0.00360362
87.905,0.239287,0.241701,0.237355,-0.00241431
87.91,0.238411,0.241638,0.237296,-0.00322733
87.915,0.251647,0.241575,0.237237,0.0100714
87.92,0.245056,0.241512,0.237177,0.00354404
87.925,0.24976,0.24145,0.237118,0.00831017
87.93,0.24998,0.241387,0.237059,0.00859304
87.935,0.257326,0.241324,0.237,0.0160015
87.94,0.246685,0.241261,0.23694,0.00542368
87.945,0.245241,0.241199,0.236881,0.00404242
87.95,0.24505,0.241136,0.236822,0.00391303
87.955,0.251726,0.241074,0.236762,0.0106521
87.96,0.257001,0.241012,0.236703,0.0159894
87.965,0.259965,0.24095,0.236643,0.0190154
87.97,0.260015,0.240887,0.236584,0.0191278
87.975,0.261745,0.240825,0.236525,0.0209193
87.98,0.266367,0.240763,0.236465,0.0256038
87.985,0.274303,0.240701,0.236406,0.0336014
87.99,0.28041,0.24064,0.236346,0.0397703
87.995,0.280182,0.240578,0.236287,0.0396038
88,0.272758,0.240516,0.236227,0.0322417
88.005,0.266006,0.240454,0.236168,0.0255517
88.01,0.261953,0.240393,0.236108,0.02156
88.015,0.265363,0.240331,0.236048,0.0250314
88.02,0.271898,0.24027,0.235989,0.0316276
88.025,0.26558,0.240209,0.235929,0.0253717
88.03,0.24608,0.240147,0.23587,0.00593263
88.035,0.238288,0.240086,0.23581,-0.00179783
88.04,0.247631,0.240025,0.23575,0.00760551
88.045,0.237043,0.239964,0.235691,-0.002921
88.05,0.237101,0.239903,0.235631,-0.00280178
88.055,0.235257,0.239842,0.235571,-0.00458531
88.06,0.231478,0.239781,0.235511,-0.00830306
88.065,0.228914,0.239721,0.235452,-0.0108064
88.07,0.222544,0.23966,0.235392,-0.0171155
88.075,0.22596,0.239599,0.235332,-0.0136397
88.08,0.255261,0.239539,0.235272,0.0157221
88.085,0.266334,0.239478,0.235212,0.0268561
88.09,0.255465,0.239418,0.235152,0.0160474
88.095,0.247851,0.239358,0.235093,0.00849328
88.1,0.230423,0.239297,0.235033,-0.00887485
88.105,0.236055,0.239237,0.234973,-0.0031825
88.11,0.23701,0.239177,0.234913,-0.00216694
88.115,0.226423,0.239117,0.234853,-0.0126941
88.12,0.229038,0.239057,0.234793,-0.0100197
88.125,0.224983,0.238997,0.234733,-0.0140139
88.13,0.222465,0.238938,0.234673,-0.0164728
88.135,0.217556,0.238878,0.234613,-0.0213216
88.14,0.216868,0.238818,0.234553,-0.0219502
88.145,0.218911,0.238759,0.234493,-0.0198478
88.15,0.235108,0.238699,0.234432,-0.00359068
88.155,0.235159,0.23864,0.234372,-0.00348058
88.16,0.235564,0.23858,0.234312,-0.00301632
88.165,0.248152,0.238521,0.234252,0.0096315
88.17,0.25953,0.238462,0.234192,0.0210685
88.175,0.258282,0.238403,0.234132,0.0198791
88.18,0.254624,0.238344,0.234071,0.0162806
88.185,0.239003,0.238285,0.234011,0.000718718
88.19,0.245901,0.238226,0.233951,0.00767504
88.195,0.244536,0.238167,0.233891,0.00636896
88.2,0.234539,0.238108,0.23383,-0.00356851
88.205,0.231348,0.238049,0.23377,-0.00670128
88.21,0.234566,0.237991,0.23371,-0.00342425
88.215,0.241398,0.237932,0.233649,0.00346583
88.22,0.246795,0.237874,0.233589,0.00892151
88.225,0.246694,0.237815,0.233529,0.00887922
88.23,0.23801,0.237757,0.233468,0.000253262
88.235,0.232729,0.237699,0.233408,-0.00496909
88.24,0.232512,0.23764,0.233347,-0.00512848
88.245,0.227246,0.237582,0.233287,-0.0103362
88.25,0.219998,0.237524,0.233226,-0.017526
88.255,0.218638,0.237466,0.233166,-0.0188282
88.26,0.220029,0.237408,0.233105,-0.017379
88.265,0.222637,0.23735,0.233045,-0.0147138
88.27,0.229774,0.237293,0.232984,-0.0075192
88.275,0.245165,0.237235,0.232924,0.00793021
88.28,0.250429,0.237178,0.232863,0.0132514
88.285,0.261778,0.23712,0.232802,0.0246583
88.29,0.253239,0.237063,0.232742,0.0161761
88.295,0.235501,0.237005,0.232681,-0.00150462
88.3,0.238459,0.236948,0.23262,0.00151095
88.305,0.222275,0.236891,0.23256,-0.0146157
88.31,0.218,0.236834,0.232499,-0.0188335
88.315,0.216192,0.236777,0.232438,-0.0205848
88.32,0.214063,0.23672,0.232377,-0.0226569
88.325,0.211837,0.236663,0.232317,-0.0248257
88.33,0.220613,0.236606,0.232256,-0.0159927
88.335,0.217619,0.236549,0.232195,-0.0189299
88.34,0.217429,0.236493,0.232134,-0.0190632
88.345,0.225521,0.236436,0.232073,-0.0109145
88.35,0.239401,0.23638,0.232012,0.00302163
88.355,0.259179,0.236323,0.231952,0.0228555
88.36,0.256938,0.236267,0.231891,0.0206715
88.365,0.247529,0.236211,0.23183,0.0113189
88.37,0.252367,0.236154,0.231769,0.0162125
88.375,0.243104,0.236098,0.231708,0.00700601
88.38,0.235997,0.236042,0.231647,-4.52641e-05
88.385,0.237802,0.235986,0.231586,0.00181573
88.39,0.241323,0.235931,0.231525,0.00539235
88.395,0.252353,0.235875,0.231464,0.0164778
88.4,0.249124,0.235819,0.231403,0.0133049
88.405,0.24207,0.235764,0.231342,0.00630628
88.41,0.250237,0.235708,0.23128,0.0145289
88.415,0.258171,0.235653,0.231219,0.0225185
88.42,0.261222,0.235598,0.231158,0.0256247
88.425,0.258361,0.235542,0.231097,0.0228186
88.43,0.255563,0.235487,0.231036,0.0200759
88.435,0.256768,0.235432,0.230975,0.0213356
88.44,0.256715,0.235377,0.230913,0.0213381
88.445,0.267998,0.235322,0.230852,0.0326752
88.45,0.269246,0.235268,0.230791,0.0339783
88.455,0.270869,0.235213,0.23073,0.0356562
88.46,0.264555,0.235158,0.230668,0.029396
88.465,0.24952,0.235104,0.230607,0.0144162
88.47,0.246786,0.23505,0.230546,0.0117367
88.475,0.23597,0.234995,0.230484,0.000974447
88.48,0.25169,0.234941,0.230423,0.016749
88.485,0.267924,0.234887,0.230361,0.0330373
88.49,0.262114,0.234833,0.2303,0.0272814
88.495,0.268583,0.234779,0.230239,0.0338037
88.5,0.271413,0.234725,0.230177,0.0366873
88.505,0.253701,0.234672,0.230116,0.0190292
88.51,0.242106,0.234618,0.230054,0.00748793
88.515,0.212856,0.234565,0.229993,-0.0217087
88.52,0.204243,0.234511,0.229931,-0.0302683
88.525,0.211927,0.234458,0.22987,-0.0225306
88.53,0.210302,0.234405,0.229808,-0.0241029
88.535,0.217101,0.234352,0.229746,-0.0172502
88.54,0.227275,0.234299,0.229685,-0.0070233
88.545,0.227866,0.234246,0.229623,-0.00637946
88.55,0.235435,0.234193,0.229562,0.00124212
88.555,0.237175,0.23414,0.2295,0.00303488
88.56,0.235733,0.234088,0.229438,0.00164519
88.565,0.238428,0.234035,0.229376,0.00439314
88.57,0.226715,0.233983,0.229315,-0.00726788
88.575,0.248008,0.233931,0.229253,0.0140773
88.58,0.256566,0.233879,0.229191,0.022687
88.585,0.261294,0.233827,0.229129,0.0274677
88.59,0.262146,0.233775,0.229068,0.0283709
88.595,0.247507,0.233723,0.229006,0.0137835
88.6,0.249881,0.233671,0.228944,0.0162093
88.605,0.242136,0.23362,0.228882,0.00851625
88.61,0.221224,0.233569,0.22882,-0.0123445
88.615,0.213057,0.233517,0.228758,-0.0204604
88.62,0.212671,0.233466,0.228696,-0.0207956
88.625,0.229288,0.233415,0.228635,-0.00412725
88.63,0.229513,0.233364,0.228573,-0.00385142
88.635,0.235993,0.233313,0.228511,0.00267965
88.64,0.242285,0.233263,0.228449,0.00902259
88.645,0.249629,0.233212,0.228387,0.0164166
88.65,0.245331,0.233162,0.228325,0.0121686
88.655,0.228606,0.233112,0.228262,-0.00450517
88.66,0.221296,0.233062,0.2282,-0.0117658
88.665,0.223735,0.233012,0.228138,-0.00927658
88.67,0.222456,0.232962,0.228076,-0.010506
88.675,0.224237,0.232912,0.228014,-0.00867473
88.68,0.234763,0.232862,0.227952,0.00190094
88.685,0.245701,0.232813,0.22789,0.0128881
88.69,0.256808,0.232764,0.227828,0.0240441
88.695,0.247212,0.232715,0.227765,0.0144974
88.7,0.238643,0.232666,0.227703,0.00597715
88.705,0.234044,0.232617,0.227641,0.00142769
88.71,0.237805,0.232568,0.227579,0.00523736
88.715,0.237403,0.23252,0.227516,0.00488338
88.72,0.233463,0.232471,0.227454,0.000991608
88.725,0.219123,0.232423,0.227392,-0.0133002
88.73,0.220898,0.232375,0.227329,-0.0114767
88.735,0.231798,0.232327,0.227267,-0.00052926
88.74,0.238488,0.232279,0.227205,0.00620836
88.745,0.248088,0.232232,0.227142,0.0158559
88.75,0.251667,0.232184,0.22708,0.0194823
88.755,0.249353,0.232137,0.227017,0.0172162
88.76,0.241095,0.23209,0.226955,0.00900505
88.765,0.222653,0.232043,0.226892,-0.00938962
88.77,0.219468,0.231996,0.22683,-0.0125281
88.775,0.219312,0.23195,0.226767,-0.0126379
88.78,0.230982,0.231903,0.226705,-0.000921956
88.785,0.232998,0.231857,0.226642,0.00114024
88.79,0.231857,0.231811,0.22658,4.60695e-05
88.795,0.222235,0.231766,0.226517,-0.00953094
88.8,0.226881,0.23172,0.226455,-0.00483926
88.805,0.230718,0.231675,0.226392,-0.000957007
88.81,0.234828,0.231629,0.226329,0.00319878
88.815,0.224738,0.231584,0.226267,-0.00684697
88.82,0.213262,0.23154,0.226204,-0.0182781
88.825,0.204435,0.231495,0.226141,-0.0270601
88.83,0.210063,0.231451,0.226078,-0.0213878
88.835,0.210528,0.231407,0.226016,-0.0208783
88.84,0.218469,0.231363,0.225953,-0.0128941
88.845,0.226629,0.231319,0.22589,-0.00468983
88.85,0.220517,0.231276,0.225827,-0.0107588
88.855,0.219424,0.231232,0.225765,-0.0118081
88.86,0.212392,0.231189,0.225702,-0.0187977
88.865,0.219459,0.231147,0.225639,-0.011688
88.87,0.23341,0.231104,0.225576,0.0023061
88.875,0.244614,0.231062,0.225513,0.013552
88.88,0.255579,0.23102,0.22545,0.0245591
88.885,0.249604,0.230978,0.225387,0.0186253
88.89,0.246175,0.230937,0.225324,0.0152386
88.895,0.239434,0.230896,0.225261,0.00853859
88.9,0.244344,0.230855,0.225198,0.013489
88.905,0.257159,0.230814,0.225135,0.0263448
88.91,0.26647,0.230774,0.225072,0.035696
88.915,0.285312,0.230734,0.225009,0.0545787
88.92,0.276567,0.230694,0.224946,0.0458728
88.925,0.270219,0.230654,0.224883,0.0395642
88.93,0.263976,0.230615,0.22482,0.0333608
88.935,0.26787,0.230576,0.224757,0.0372934
88.94,0.248508,0.230538,0.224694,0.0179701
88.945,0.239103,0.2305,0.22463,0.00860302
88.95,0.223468,0.230462,0.224567,-0.00699386
88.955,0.237834,0.230424,0.224504,0.0074098
88.96,0.240455,0.230387,0.224441,0.0100681
88.965,0.2399,0.23035,0.224377,0.0095493
88.97,0.245256,0.230314,0.224314,0.0149419
88.975,0.255884,0.230278,0.224251,0.0256058
88.98,0.265972,0.230242,0.224188,0.0357293
88.985,0.27466,0.230207,0.224124,0.0444531
88.99,0.260394,0.230172,0.224061,0.0302216
88.995,0.254942,0.230138,0.223998,0.0248041
89,0.231648,0.230104,0.223934,0.00154425
89.005,0.226554,0.23007,0.223871,-0.00351617
89.01,0.223102,0.230037,0.223807,-0.00693498
89.015,0.217374,0.230004,0.223744,-0.0126299
89.02,0.201338,0.229972,0.22368,-0.0286333
89.025,0.209538,0.22994,0.223617,-0.0204017
89.03,0.219715,0.229908,0.223553,-0.0101937
89.035,0.238881,0.229877,0.22349,0.00900309
89.04,0.231645,0.229847,0.223426,0.001798
89.045,0.228366,0.229817,0.223363,-0.00145113
89.05,0.229618,0.229788,0.223299,-0.000170171
89.055,0.235104,0.229759,0.223236,0.00534447
89.06,0.230055,0.229731,0.223172,0.00032399
89.065,0.236657,0.229703,0.223108,0.00695415
89.07,0.233945,0.229676,0.223045,0.00426918
89.075,0.247203,0.229649,0.222981,0.017554
89.08,0.238106,0.229623,0.222917,0.00848242
89.085,0.240647,0.229598,0.222854,0.0110489
89.09,0.233217,0.229573,0.22279,0.00364404
89.095,0.236196,0.229549,0.222726,0.00664694
89.1,0.230329,0.229526,0.222662,0.000803542
89.105,0.22431,0.229503,0.222599,-0.00519353
89.11,0.222683,0.229481,0.222535,-0.00679834
89.115,0.222848,0.22946,0.222471,-0.00661186
89.12,0.231169,0.229439,0.222407,0.00172927
89.125,0.243873,0.229419,0.222343,0.0144535
89.13,0.245669,0.2294,0.222279,0.0162683
89.135,0.242032,0.229382,0.222215,0.0126503
89.14,0.241592,0.229365,0.222152,0.0122273
89.145,0.230909,0.229348,0.222088,0.00156117
89.15,0.22287,0.229332,0.222024,-0.00646206
89.155,0.222319,0.229317,0.22196,-0.00699824
89.16,0.212845,0.229303,0.221896,-0.0164579
89.165,0.213428,0.22929,0.221832,-0.0158614
89.17,0.219093,0.229277,0.221768,-0.0101841
89.175,0.215331,0.229266,0.221703,-0.013935
89.18,0.225052,0.229256,0.221639,-0.00420382
89.185,0.221136,0.229246,0.221575,-0.00811052
89.19,0.223472,0.229238,0.221511,-0.00576654
89.195,0.225513,0.229231,0.221447,-0.00371796
89.2,0.218655,0.229225,0.221383,-0.0105692
89.205,0.224277,0.229219,0.221319,-0.00494277
89.21,0.234491,0.229215,0.221255,0.00527515
89.215,0.237332,0.229213,0.22119,0.00811908
89.22,0.235666,0.229211,0.221126,0.00645504
89.225,0.234524,0.22921,0.221062,0.00531327
89.23,0.236558,0.229211,0.220998,0.00734723
89.235,0.241102,0.229213,0.220933,0.0118887
89.24,0.246334,0.229216,0.220869,0.0171177
89.245,0.242981,0.229221,0.220805,0.0137604
89.25,0.240919,0.229227,0.22074,0.0116923
89.255,0.240694,0.229234,0.220676,0.0114597
89.26,0.234801,0.229243,0.220611,0.0055582
89.265,0.225205,0.229253,0.220547,-0.00404792
89.27,0.245983,0.229265,0.220483,0.0167186
89.275,0.241097,0.229278,0.220418,0.0118189
89.28,0.24708,0.229293,0.220354,0.0177875
89.285,0.238551,0.229309,0.220289,0.00924219
89.29,0.235196,0.229327,0.220225,0.00586927
89.295,0.233956,0.229347,0.22016,0.00460979
89.3,0.239465,0.229368,0.220096,0.0100971
89.305,0.227939,0.229391,0.220031,-0.00145136
89.31,0.224898,0.229416,0.219967,-0.00451734
89.315,0.221374,0.229442,0.219902,-0.0080679
89.32,0.217337,0.229471,0.219837,-0.0121334
89.325,0.226413,0.229501,0.219773,-0.00308793
89.33,0.229432,0.229533,0.219708,-0.000100712
89.335,0.237859,0.229567,0.219643,0.00829164
89.34,0.244623,0.229603,0.219579,0.0150197
89.345,0.239839,0.229642,0.219514,0.0101975
89.35,0.232282,0.229682,0.219449,0.00259964
89.355,0.220466,0.229724,0.219384,-0.00925879
89.36,0.220918,0.229769,0.21932,-0.00885137
89.365,0.21568,0.229816,0.219255,-0.0141359
89.37,0.212013,0.229865,0.21919,-0.0178521
89.375,0.202613,0.229916,0.219125,-0.0273031
89.38,0.20825,0.22997,0.21906,-0.0217199
89.385,0.220186,0.230026,0.218995,-0.00983993
89.39,0.223949,0.230085,0.218931,-0.00613552
89.395,0.232175,0.230146,0.218866,0.00202932
89.4,0.235082,0.23021,0.218801,0.00487225
89.405,0.225619,0.230276,0.218736,-0.0046566
89.41,0.216375,0.230345,0.218671,-0.0139696
89.415,0.204916,0.230416,0.218606,-0.0255005
89.42,0.202289,0.23049,0.218541,-0.028201
89.425,0.208652,0.230567,0.218476,-0.0219156
89.43,0.214002,0.230647,0.218411,-0.0166449
89.435,0.210441,0.23073,0.218346,-0.0202892
89.44,0.216126,0.230816,0.218281,-0.0146898
89.445,0.225809,0.230904,0.218216,-0.00509505
89.45,0.227812,0.230996,0.21815,-0.00318449
89.455,0.232444,0.231091,0.218085,0.00135336
89.46,0.231563,0.231189,0.21802,0.000374264
89.465,0.243453,0.23129,0.217955,0.012163
89.47,0.233867,0.231394,0.21789,0.00247262
89.475,0.236557,0.231502,0.217825,0.00505533
89.48,0.234934,0.231613,0.217759,0.00332189
89.485,0.243641,0.231727,0.217694,0.0119143
89.49,0.2539,0.231845,0.217629,0.022055
89.495,0.242627,0.231966,0.217563,0.0106614
89.5,0.237776,0.23209,0.217498,0.00568561
89.505,0.232291,0.232219,0.217433,7.26183e-05
89.51,0.228573,0.232351,0.217367,-0.0037775
89.515,0.228624,0.232486,0.217302,-0.00386235
89.52,0.231004,0.232626,0.217237,-0.00162121
89.525,0.234912,0.232769,0.217171,0.00214327
89.53,0.241031,0.232916,0.217106,0.00811551
89.535,0.237494,0.233067,0.21704,0.00442761
89.54,0.224849,0.233221,0.216975,-0.00837273
89.545,0.230495,0.23338,0.216909,-0.00288461
89.55,0.231556,0.233543,0.216844,-0.00198698
89.555,0.239796,0.23371,0.216778,0.00608607
89.56,0.247822,0.23388,0.216713,0.0139415
89.565,0.254976,0.234056,0.216647,0.0209205
89.57,0.260266,0.234235,0.216582,0.0260311
89.575,0.253371,0.234418,0.216516,0.0189531
89.58,0.241679,0.234606,0.21645,0.00707316
89.585,0.244972,0.234798,0.216385,0.0101741
89.59,0.260837,0.234995,0.216319,0.025842
89.595,0.273301,0.235196,0.216254,0.0381052
89.6,0.252789,0.235401,0.216188,0.0173881
89.605,0.247979,0.235611,0.216122,0.0123679
89.61,0.233346,0.235825,0.216056,-0.00247969
89.615,0.237047,0.236044,0.215991,0.00100279
89.62,0.233711,0.236268,0.215925,-0.002557
89.625,0.225051,0.236496,0.215859,-0.011445
89.63,0.212464,0.236729,0.215793,-0.0242647
89.635,0.205453,0.236967,0.215727,-0.0315138
89.64,0.211519,0.237209,0.215662,-0.02569
89.645,0.224509,0.237456,0.215596,-0.0129474
89.65,0.233466,0.237708,0.21553,-0.00424193
89.655,0.235183,0.237964,0.215464,-0.0027817
89.66,0.235494,0.238226,0.215398,-0.0027321
89.665,0.242852,0.238492,0.215332,0.00435953
89.67,0.250781,0.238763,0.215266,0.0120178
89.675,0.23908,0.239039,0.2152,4.04687e-05
89.68,0.246581,0.23932,0.215134,0.00726078
89.685,0.250262,0.239606,0.215068,0.0106556
89.69,0.248381,0.239897,0.215002,0.0084841
89.695,0.243721,0.240193,0.214936,0.0035286
89.7,0.237065,0.240494,0.21487,-0.00342861
89.705,0.236644,0.240799,0.214804,-0.00415557
89.71,0.233952,0.24111,0.214738,-0.00715755
89.715,0.225698,0.241425,0.214671,-0.0157277
89.72,0.223412,0.241746,0.214605,-0.0183336
89.725,0.226937,0.242071,0.214539,-0.0151349
89.73,0.228127,0.242402,0.214473,-0.0142745
89.735,0.229406,0.242737,0.214407,-0.0133317
89.74,0.230595,0.243078,0.21434,-0.0124823
89.745,0.241321,0.243423,0.214274,-0.00210142
89.75,0.248981,0.243773,0.214208,0.00520782
89.755,0.248982,0.244128,0.214142,0.00485412
89.76,0.256807,0.244488,0.214075,0.0123188
89.765,0.257323,0.244853,0.214009,0.0124708
89.77,0.255385,0.245222,0.213943,0.0101627
89.775,0.251037,0.245596,0.213876,0.00544084
89.78,0.231274,0.245975,0.21381,-0.0147016
89.785,0.228042,0.246359,0.213743,-0.0183175
89.79,0.22946,0.246748,0.213677,-0.0172876
89.795,0.241203,0.247141,0.213611,-0.00593732
89.8,0.249093,0.247538,0.213544,0.00155535
89.805,0.249093,0.24794,0.213478,0.00115331
89.81,0.246469,0.248347,0.213411,-0.00187797
89.815,0.246634,0.248758,0.213345,-0.00212361
89.82,0.246947,0.249173,0.213278,-0.00222523
89.825,0.248805,0.249592,0.213211,-0.000787382
89.83,0.250779,0.250016,0.213145,0.000763092
89.835,0.248949,0.250444,0.213078,-0.00149429
89.84,0.249016,0.250875,0.213012,-0.00185945
89.845,0.242868,0.251311,0.212945,-0.0084429
89.85,0.249349,0.251751,0.212878,-0.00240187
89.855,0.249349,0.252194,0.212812,-0.00284518
89.86,0.255982,0.252641,0.212745,0.00334067
89.865,0.252373,0.253091,0.212678,-0.000717916
89.87,0.252215,0.253545,0.212611,-0.0013305
89.875,0.251297,0.254002,0.212545,-0.00270595
89.88,0.246429,0.254463,0.212478,-0.00803371
89.885,0.246017,0.254926,0.212411,-0.00890957
89.89,0.246017,0.255393,0.212344,-0.009376
89.895,0.248937,0.255862,0.212277,-0.00692549
89.9,0.244245,0.256334,0.212211,-0.012089
89.905,0.244245,0.256808,0.212144,-0.0125634
89.91,0.243391,0.257285,0.212077,-0.0138936
89.915,0.252349,0.257764,0.21201,-0.00541454
89.92,0.252349,0.258245,0.211943,-0.00589546
89.925,0.253497,0.258728,0.211876,-0.00523021
89.93,0.257224,0.259212,0.211809,-0.00198815
89.935,0.257295,0.259698,0.211742,-0.00240331
89.94,0.257295,0.260185,0.211675,-0.00289045
89.945,0.268135,0.260673,0.211608,0.00746214
89.95,0.271192,0.261162,0.211541,0.0100298
89.955,0.271192,0.261652,0.211474,0.00954014
89.96,0.280342,0.262142,0.211407,0.0181999
89.965,0.304493,0.262632,0.21134,0.0418601
89.97,0.304493,0.263123,0.211273,0.0413699
89.975,0.304076,0.263613,0.211206,0.0404631
89.98,0.278591,0.264102,0.211138,0.0144895
89.985,0.277606,0.26459,0.211071,0.0130156
89.99,0.277606,0.265078,0.211004,0.0125282
89.995,0.29218,0.265564,0.210937,0.026616
90,0.300204,0.266048,0.21087,0.0341562
90.005,0.300204,0.26653,0.210802,0.0336738
90.01,0.290439,0.267011,0.210735,0.0234282
90.015,0.267109,0.267488,0.210668,-0.000378648
90.02,0.267109,0.267963,0.2106,-0.000853245
90.025,0.267417,0.268434,0.210533,-0.00101661
90.03,0.256697,0.268902,0.210466,-0.012205
90.035,0.256503,0.269366,0.210398,-0.0128629
90.04,0.256503,0.269825,0.210331,-0.0133225
90.045,0.272416,0.27028,0.210264,0.00213612
90.05,0.281092,0.27073,0.210196,0.0103612
90.055,0.281092,0.271175,0.210129,0.00991648
90.06,0.284207,0.271614,0.210061,0.0125927
90.065,0.290098,0.272047,0.209994,0.0180507
90.07,0.290098,0.272473,0.209926,0.0176243
90.075,0.289975,0.272893,0.209859,0.0170822
90.08,0.270594,0.273305,0.209791,-0.00271078
90.085,0.270474,0.27371,0.209724,-0.00323539
90.09,0.270474,0.274106,0.209656,-0.00363194
90.095,0.290214,0.274494,0.209588,0.0157199
90.1,0.309357,0.274874,0.209521,0.0344838
90.105,0.309357,0.275244,0.209453,0.0341138
90.11,0.310096,0.275604,0.209385,0.0344919
90.115,0.290524,0.275954,0.209318,0.0145698
90.12,0.290524,0.276294,0.20925,0.0142302
90.125,0.285139,0.276622,0.209182,0.00851695
90.13,0.268283,0.27694,0.209115,-0.00865645
90.135,0.268959,0.277245,0.209047,-0.00828615
90.14,0.268959,0.277539,0.208979,-0.00857978
90.145,0.256324,0.27782,0.208911,-0.0214964
90.15,0.245399,0.278089,0.208844,-0.0326892
90.155,0.245399,0.278344,0.208776,-0.0329442
90.16,0.26933,0.278585,0.208708,-0.00925499
90.165,0.309516,0.278813,0.20864,0.0307032
90.17,0.310308,0.279026,0.208572,0.0312818
90.175,0.307155,0.279225,0.208504,0.0279304
90.18,0.295319,0.279408,0.208436,0.0159107
90.185,0.291274,0.279577,0.208368,0.011697
90.19,0.291128,0.27973,0.2083,0.0113983
90.195,0.286124,0.279867,0.208232,0.00625621
90.2,0.288651,0.279989,0.208164,0.00866212
90.205,0.288651,0.280094,0.208096,0.00855712
90.21,0.299754,0.280182,0.208028,0.0195715
90.215,0.289265,0.280254,0.20796,0.00901081
90.22,0.289008,0.280309,0.207892,0.00869894
90.225,0.281022,0.280347,0.207824,0.000674948
90.23,0.273175,0.280368,0.207756,-0.00719311
90.235,0.270524,0.280372,0.207688,-0.00984726
90.24,0.269466,0.280358,0.20762,-0.0108922
90.245,0.256061,0.280327,0.207551,-0.0242657
90.25,0.249,0.280278,0.207483,-0.0312783
90.255,0.249,0.280212,0.207415,-0.0312123
90.26,0.268484,0.280129,0.207347,-0.0116448
90.265,0.275315,0.280028,0.207279,-0.00471315
90.27,0.275285,0.279909,0.20721,-0.00462446
90.275,0.262392,0.279774,0.207142,-0.0173819
90.28,0.248142,0.279621,0.207074,-0.031479
90.285,0.251135,0.279451,0.207005,-0.0283161
90.29,0.251297,0.279264,0.206937,-0.0279674
90.295,0.263104,0.27906,0.206869,-0.0159564
90.3,0.272338,0.27884,0.2068,-0.00650125
90.305,0.273244,0.278603,0.206732,-0.00535912
90.31,0.272993,0.27835,0.206663,-0.00535684
90.315,0.24819,0.278081,0.206595,-0.0298909
90.32,0.24707,0.277796,0.206527,-0.0307256
90.325,0.242283,0.277495,0.206458,-0.0352127
90.33,0.241471,0.27718,0.20639,-0.0357088
90.335,0.245477,0.27685,0.206321,-0.0313726
90.34,0.246837,0.276505,0.206253,-0.0296673
90.345,0.250368,0.276145,0.206184,-0.0257773
90.35,0.260392,0.275772,0.206115,-0.0153802
90.355,0.259654,0.275386,0.206047,-0.0157317
90.36,0.288825,0.274986,0.205978,0.0138388
90.365,0.293841,0.274574,0.20591,0.0192674
90.37,0.291012,0.274149,0.205841,0.0168638
90.375,0.275927,0.273712,0.205772,0.00221538
90.38,0.26997,0.273263,0.205704,-0.0032926
90.385,0.271437,0.272803,0.205635,-0.00136586
90.39,0.274367,0.272332,0.205566,0.00203489
90.395,0.264677,0.271851,0.205497,-0.00717434
90.4,0.270525,0.27136,0.205429,-0.000834902
90.405,0.26831,0.270859,0.20536,-0.00254883
90.41,0.266858,0.270349,0.205291,-0.00349072
90.415,0.273262,0.26983,0.205222,0.00343169
90.42,0.274803,0.269303,0.205153,0.00550044
90.425,0.261353,0.268768,0.205084,-0.00741475
90.43,0.255346,0.268225,0.205016,-0.0128785
90.435,0.24831,0.267674,0.204947,-0.0193643
90.44,0.262267,0.267117,0.204878,-0.00485097
90.445,0.264745,0.266554,0.204809,-0.00180944
90.45,0.262719,0.265985,0.20474,-0.00326616
90.455,0.258884,0.26541,0.204671,-0.00652527
90.46,0.248106,0.264829,0.204602,-0.0167229
90.465,0.252668,0.264244,0.204533,-0.0115762
90.47,0.256195,0.263654,0.204464,-0.00745928
90.475,0.264777,0.26306,0.204395,0.00171664
90.48,0.261344,0.262462,0.204326,-0.00111798
90.485,0.250579,0.261861,0.204257,-0.0112819
90.49,0.250636,0.261256,0.204188,-0.0106199
90.495,0.250482,0.260649,0.204118,-0.0101664
90.5,0.248189,0.260039,0.204049,-0.0118498
90.505,0.2465,0.259426,0.20398,-0.0129268
90.51,0.249436,0.258812,0.203911,-0.00937638
90.515,0.235821,0.258197,0.203842,-0.0223751
90.52,0.222375,0.257579,0.203772,-0.0352049
90.525,0.205864,0.256961,0.203703,-0.0510974
90.53,0.221813,0.256342,0.203634,-0.0345289
90.535,0.240614,0.255723,0.203565,-0.0151085
90.54,0.235622,0.255103,0.203495,-0.0194814
90.545,0.234567,0.254483,0.203426,-0.0199167
90.55,0.253286,0.253864,0.203357,-0.00057806
90.555,0.269078,0.253245,0.203287,0.0158331
90.56,0.272081,0.252626,0.203218,0.0194545
90.565,0.268594,0.252009,0.203149,0.0165849
90.57,0.266255,0.251392,0.203079,0.0148632
90.575,0.2699,0.250777,0.20301,0.0191234
90.58,0.259548,0.250163,0.20294,0.00938426
90.585,0.241079,0.249551,0.202871,-0.00847284
90.59,0.240575,0.248941,0.202801,-0.0083665
90.595,0.246148,0.248333,0.202732,-0.00218571
90.6,0.255983,0.247727,0.202662,0.00825554
90.605,0.268181,0.247124,0.202593,0.0210566
90.61,0.266341,0.246523,0.202523,0.0198184
90.615,0.276539,0.245925,0.202454,0.0306145
90.62,0.26738,0.245329,0.202384,0.0220511
90.625,0.259659,0.244737,0.202314,0.0149223
90.63,0.247212,0.244148,0.202245,0.00306396
90.635,0.231564,0.243561,0.202175,-0.0119973
90.64,0.235891,0.242979,0.202105,-0.00708776
90.645,0.238815,0.242399,0.202036,-0.00358475
90.65,0.237907,0.241824,0.201966,-0.00391701
90.655,0.236092,0.241252,0.201896,-0.00515967
90.66,0.247041,0.240683,0.201827,0.00635763
90.665,0.256398,0.240119,0.201757,0.0162788
90.67,0.25013,0.239558,0.201687,0.0105713
90.675,0.235957,0.239002,0.201617,-0.00304532
90.68,0.22339,0.23845,0.201547,-0.0150593
90.685,0.222349,0.237902,0.201477,-0.015552
90.69,0.22777,0.237358,0.201408,-0.00958761
90.695,0.224198,0.236818,0.201338,-0.01262
90.7,0.218702,0.236283,0.201268,-0.0175813
90.705,0.21869,0.235753,0.201198,-0.0170624
90.71,0.216567,0.235227,0.201128,-0.01866
90.715,0.226234,0.234705,0.201058,-0.00847071
90.72,0.224416,0.234188,0.200988,-0.00977271
90.725,0.222619,0.233676,0.200918,-0.0110571
90.73,0.224652,0.233169,0.200848,-0.00851685
90.735,0.236988,0.232666,0.200778,0.0043218
90.74,0.245212,0.232168,0.200708,0.0130439
90.745,0.256588,0.231675,0.200638,0.0249135
90.75,0.252861,0.231187,0.200568,0.0216745
90.755,0.246052,0.230703,0.200498,0.0153488
90.76,0.23962,0.230225,0.200427,0.00939471
90.765,0.23801,0.229751,0.200357,0.0082582
90.77,0.246629,0.229283,0.200287,0.017346
90.775,0.251192,0.228819,0.200217,0.0223726
90.78,0.261757,0.228361,0.200147,0.0333966
90.785,0.276729,0.227907,0.200076,0.0488219
90.79,0.276959,0.227458,0.200006,0.0495014
90.795,0.270826,0.227014,0.199936,0.0438115
90.8,0.269702,0.226576,0.199866,0.0431266
90.805,0.250477,0.226142,0.199795,0.0243354
90.81,0.259411,0.225713,0.199725,0.0336982
90.815,0.261266,0.225289,0.199655,0.0359765
90.82,0.259352,0.22487,0.199584,0.0344814
90.825,0.255399,0.224456,0.199514,0.0309422
90.83,0.252014,0.224047,0.199444,0.0279663
90.835,0.249659,0.223643,0.199373,0.0260158
90.84,0.246832,0.223244,0.199303,0.0235881
90.845,0.237034,0.22285,0.199232,0.0141846
90.85,0.23199,0.22246,0.199162,0.00952934
90.855,0.241414,0.222076,0.199091,0.0193386
90.86,0.243689,0.221696,0.199021,0.0219933
90.865,0.252915,0.221321,0.19895,0.0315942
90.87,0.246585,0.220951,0.19888,0.0256336
90.875,0.23442,0.220586,0.198809,0.0138342
90.88,0.234366,0.220225,0.198739,0.0141415
90.885,0.245732,0.219869,0.198668,0.0258629
90.89,0.255722,0.219518,0.198597,0.0362041
90.895,0.244426,0.219171,0.198527,0.0252557
90.9,0.235659,0.218829,0.198456,0.0168299
90.905,0.229664,0.218491,0.198385,0.0111733
90.91,0.241077,0.218158,0.198315,0.0229192
90.915,0.240047,0.217829,0.198244,0.0222181
90.92,0.23664,0.217505,0.198173,0.0191349
90.925,0.234389,0.217185,0.198102,0.0172037
90.93,0.237633,0.21687,0.198032,0.0207633
90.935,0.236616,0.216559,0.197961,0.0200568
90.94,0.232103,0.216252,0.19789,0.0158511
90.945,0.233219,0.215949,0.197819,0.0172699
90.95,0.241066,0.215651,0.197748,0.0254156
90.955,0.247251,0.215356,0.197677,0.0318947
90.96,0.240835,0.215066,0.197607,0.025769
90.965,0.237187,0.21478,0.197536,0.0224075
90.97,0.230547,0.214498,0.197465,0.016049
90.975,0.232113,0.214219,0.197394,0.0178937
90.98,0.232296,0.213945,0.197323,0.018351
90.985,0.220048,0.213674,0.197252,0.00637345
90.99,0.222949,0.213408,0.197181,0.00954093
90.995,0.225172,0.213145,0.19711,0.012027
91,0.240235,0.212885,0.197039,0.0273491
91.005,0.249323,0.21263,0.196968,0.036693
91.01,0.246662,0.212378,0.196897,0.0342845
91.015,0.250197,0.212129,0.196825,0.0380678
91.02,0.259413,0.211884,0.196754,0.0475283
91.025,0.25441,0.211643,0.196683,0.0427668
91.03,0.247905,0.211405,0.196612,0.0364998
91.035,0.238881,0.21117,0.196541,0.0277111
91.04,0.248857,0.210939,0.19647,0.0379184
91.045,0.262624,0.210711,0.196398,0.0519139
91.05,0.252718,0.210486,0.196327,0.0422327
91.055,0.254519,0.210264,0.196256,0.0442549
91.06,0.256205,0.210045,0.196185,0.0461599
91.065,0.243626,0.209829,0.196113,0.0337969
91.07,0.23963,0.209617,0.196042,0.0300137
91.075,0.233271,0.209407,0.195971,0.023864
91.08,0.222253,0.2092,0.195899,0.0130528
91.085,0.242065,0.208996,0.195828,0.0330684
91.09,0.251762,0.208795,0.195757,0.0429669
91.095,0.256901,0.208597,0.195685,0.0483048
91.1,0.256278,0.208401,0.195614,0.0478771
91.105,0.229726,0.208208,0.195542,0.0215179
91.11,0.223107,0.208018,0.195471,0.0150892
91.115,0.22574,0.20783,0.1954,0.0179102
91.12,0.228589,0.207644,0.195328,0.020944
91.125,0.233449,0.207462,0.195257,0.0259871
91.13,0.237437,0.207281,0.195185,0.0301557
91.135,0.245497,0.207103,0.195113,0.0383942
91.14,0.266209,0.206928,0.195042,0.0592818
91.145,0.2637,0.206754,0.19497,0.0569458
91.15,0.269107,0.206583,0.194899,0.0625244
91.155,0.258906,0.206414,0.194827,0.0524918
91.16,0.256384,0.206247,0.194755,0.0501362
91.165,0.24723,0.206083,0.194684,0.0411476
91.17,0.233461,0.20592,0.194612,0.0275405
91.175,0.228129,0.20576,0.19454,0.0223689
91.18,0.229314,0.205601,0.194469,0.0237126
91.185,0.24157,0.205445,0.194397,0.0361251
91.19,0.252003,0.20529,0.194325,0.0467136
91.195,0.255092,0.205137,0.194253,0.0499544
91.2,0.252073,0.204986,0.194182,0.0470866
91.205,0.256974,0.204837,0.19411,0.052137
91.21,0.25221,0.20469,0.194038,0.0475206
91.215,0.250426,0.204544,0.193966,0.0458818
91.22,0.232919,0.2044,0.193894,0.0285188
91.225,0.229201,0.204258,0.193822,0.0249433
91.23,0.231726,0.204117,0.19375,0.0276083
91.235,0.229343,0.203978,0.193679,0.0253644
91.24,0.239627,0.203841,0.193607,0.0357869
91.245,0.235791,0.203705,0.193535,0.0320864
91.25,0.232734,0.20357,0.193463,0.0291641
91.255,0.237585,0.203437,0.193391,0.0341475
91.26,0.241148,0.203305,0.193319,0.0378424
91.265,0.25696,0.203175,0.193247,0.0537852
91.27,0.273195,0.203046,0.193175,0.0701484
91.275,0.268506,0.202919,0.193102,0.0655871
91.28,0.257744,0.202792,0.19303,0.0549515
91.285,0.233443,0.202667,0.192958,0.0307753
91.29,0.22791,0.202544,0.192886,0.0253663
91.295,0.226347,0.202421,0.192814,0.0239256
91.3,0.22787,0.2023,0.192742,0.0255705
91.305,0.222765,0.20218,0.19267,0.0205854
91.31,0.227549,0.202061,0.192597,0.0254884
91.315,0.221749,0.201943,0.192525,0.0198065
91.32,0.205524,0.201826,0.192453,0.0036983
91.325,0.206488,0.20171,0.192381,0.00477779
91.33,0.210565,0.201596,0.192308,0.00896969
91.335,0.232487,0.201482,0.192236,0.0310049
91.34,0.233555,0.201369,0.192164,0.0321854
91.345,0.237941,0.201258,0.192091,0.0366834
91.35,0.23967,0.201147,0.192019,0.038523
91.355,0.230188,0.201037,0.191947,0.0291511
91.36,0.219639,0.200928,0.191874,0.0187109
91.365,0.225654,0.20082,0.191802,0.024834
91.37,0.233358,0.200713,0.191729,0.0326445
91.375,0.247602,0.200607,0.191657,0.0469948
91.38,0.250892,0.200501,0.191585,0.050391
91.385,0.247694,0.200329,0.191512,0.0473644
91.39,0.244793,0.200225,0.19144,0.0445677
91.395,0.243123,0.200122,0.191367,0.0430009
91.4,0.236979,0.20002,0.191294,0.036959
91.405,0.244003,0.199919,0.191222,0.0440842
91.41,0.232842,0.199818,0.191149,0.0330245
91.415,0.225209,0.199718,0.191077,0.0254911
91.42,0.21708,0.199619,0.191004,0.0174612
91.425,0.211768,0.19952,0.190932,0.0122482
91.43,0.203165,0.199422,0.190859,0.00374276
91.435,0.211437,0.199325,0.190786,0.0121123
91.44,0.229947,0.199228,0.190713,0.0307187
91.445,0.23708,0.199132,0.190641,0.0379475
91.45,0.234192,0.199037,0.190568,0.0351557
91.455,0.213885,0.198942,0.190495,0.0149434
91.46,0.221896,0.198848,0.190423,0.0230481
91.465,0.24385,0.198754,0.19035,0.0450959
91.47,0.25224,0.198661,0.190277,0.053579
91.475,0.247768,0.198569,0.190204,0.0491994
91.48,0.235894,0.198477,0.190131,0.0374176
91.485,0.237844,0.198385,0.190058,0.0394588
91.49,0.238278,0.198295,0.189986,0.0399839
91.495,0.234558,0.198204,0.189913,0.036354
91.5,0.228175,0.198114,0.18984,0.0300609
91.505,0.221799,0.198025,0.189767,0.0237739
91.51,0.221643,0.197936,0.189694,0.0237066
91.515,0.213551,0.197848,0.189621,0.0157028
91.52,0.224881,0.19776,0.189548,0.0271213
91.525,0.235175,0.197673,0.189475,0.0375021
91.53,0.250377,0.197586,0.189402,0.0527906
91.535,0.252594,0.1975,0.189329,0.0550946
91.54,0.232023,0.197414,0.189256,0.034609
91.545,0.231702,0.197328,0.189183,0.034374
91.55,0.231685,0.197243,0.18911,0.0344419
91.555,0.239253,0.197158,0.189036,0.042095
91.56,0.258159,0.197074,0.188963,0.0610853
91.565,0.247464,0.19699,0.18889,0.0504742
91.57,0.25184,0.196907,0.188817,0.0549335
91.575,0.239377,0.196824,0.188744,0.0425534
91.58,0.254251,0.196741,0.188671,0.0575101
91.585,0.26512,0.196659,0.188597,0.0684611
91.59,0.264595,0.196577,0.188524,0.0680184
91.595,0.267653,0.196495,0.188451,0.0711576
91.6,0.25793,0.196414,0.188378,0.0615157
91.605,0.269168,0.196333,0.188304,0.072835
91.61,0.264637,0.196253,0.188231,0.0683839
91.615,0.269232,0.196173,0.188158,0.0730595
91.62,0.268765,0.196093,0.188084,0.0726716
91.625,0.269713,0.196014,0.188011,0.0736989
91.63,0.260556,0.195935,0.187937,0.0646211
91.635,0.243554,0.195856,0.187864,0.0476981
91.64,0.238329,0.195778,0.187791,0.0425512
91.645,0.244416,0.1957,0.187717,0.0487163
91.65,0.249282,0.195622,0.187644,0.0536596
91.655,0.231279,0.195545,0.18757,0.0357341
91.66,0.214143,0.195468,0.187497,0.0186752
91.665,0.211052,0.195392,0.187423,0.0156609
91.67,0.217312,0.195315,0.18735,0.0219966
91.675,0.214145,0.195239,0.187276,0.0189062
91.68,0.211826,0.195164,0.187202,0.0166626
91.685,0.209681,0.195088,0.187129,0.0145933
91.69,0.211239,0.195013,0.187055,0.0162256
91.695,0.212973,0.194938,0.186982,0.0180351
91.7,0.212916,0.194864,0.186908,0.0180523
91.705,0.221754,0.19479,0.186834,0.0269648
91.71,0.21899,0.194716,0.186761,0.0242745
91.715,0.221177,0.194642,0.186687,0.0265348
91.72,0.221304,0.194569,0.186613,0.0267347
91.725,0.235771,0.194496,0.186539,0.0412747
91.73,0.243307,0.194423,0.186466,0.0488841
91.735,0.242001,0.194351,0.186392,0.04765
91.74,0.232847,0.194279,0.186318,0.0385685
91.745,0.236727,0.194207,0.186244,0.0425202
91.75,0.244535,0.194136,0.18617,0.050399
91.755,0.254317,0.194064,0.186096,0.0602531
91.76,0.253649,0.193993,0.186023,0.0596553
91.765,0.249223,0.193923,0.185949,0.0553002
91.77,0.251529,0.193852,0.185875,0.0576766
91.775,0.255988,0.193782,0.185801,0.0622062
91.78,0.248297,0.193712,0.185727,0.0545852
91.785,0.241068,0.193643,0.185653,0.0474255
91.79,0.241515,0.193573,0.185579,0.0479414
91.795,0.239745,0.193504,0.185505,0.0462411
91.8,0.230951,0.193436,0.185431,0.037515
91.805,0.202553,0.193367,0.185357,0.00918537
91.81,0.180934,0.193299,0.185283,-0.012365
91.815,0.18505,0.193231,0.185209,-0.00818088
91.82,0.189721,0.193163,0.185135,-0.00344247
91.825,0.206271,0.193096,0.18506,0.013175
91.83,0.216422,0.193029,0.184986,0.0233933
91.835,0.23817,0.192962,0.184912,0.0452079
91.84,0.259107,0.192895,0.184838,0.0662116
91.845,0.264891,0.192829,0.184764,0.0720621
91.85,0.253125,0.192763,0.18469,0.0603624
91.855,0.244166,0.192697,0.184615,0.0514686
91.86,0.238203,0.192632,0.184541,0.0455711
91.865,0.259655,0.192567,0.184467,0.0670888
91.87,0.25836,0.192502,0.184393,0.0658586
91.875,0.264691,0.192437,0.184318,0.0722543
91.88,0.246197,0.192372,0.184244,0.0538246
91.885,0.236153,0.192308,0.18417,0.0438444
91.89,0.237739,0.192244,0.184095,0.0454951
91.895,0.25672,0.192181,0.184021,0.0645391
91.9,0.25676,0.192117,0.183946,0.0646432
91.905,0.253518,0.192054,0.183872,0.0614634
91.91,0.246708,0.191991,0.183798,0.0547165
91.915,0.249174,0.191929,0.183723,0.0572456
91.92,0.247687,0.191866,0.183649,0.0558208
91.925,0.237934,0.191804,0.183574,0.0461299
91.93,0.223045,0.191743,0.1835,0.031302
91.935,0.23623,0.191681,0.183425,0.0445487
91.94,0.234186,0.19162,0.183351,0.0425659
91.945,0.235674,0.191559,0.183276,0.0441151
91.95,0.237759,0.191498,0.183202,0.046261
91.955,0.221687,0.191438,0.183127,0.0302496
91.96,0.219402,0.191378,0.183052,0.0280238
91.965,0.206079,0.191318,0.182978,0.014761
91.97,0.202968,0.191258,0.182903,0.01171
91.975,0.189284,0.191199,0.182828,-0.00191444
91.98,0.180902,0.19114,0.182754,-0.0102374
91.985,0.182113,0.191081,0.182679,-0.00896818
91.99,0.19905,0.191023,0.182604,0.00802751
91.995,0.209386,0.190964,0.182529,0.0184215
92,0.216618,0.190906,0.182455,0.0257115
92.005,0.212864,0.190849,0.18238,0.0220149
92.01,0.209034,0.190791,0.182305,0.0182422
92.015,0.21079,0.190734,0.18223,0.0200555
92.02,0.210416,0.190677,0.182155,0.0197388
92.025,0.200555,0.190621,0.182081,0.00993372
92.03,0.207947,0.190565,0.182006,0.0173819
92.035,0.218306,0.190509,0.181931,0.0277975
92.04,0.238413,0.190453,0.181856,0.0479597
92.045,0.234202,0.190398,0.181781,0.0438041
92.05,0.231981,0.190343,0.181706,0.0416386
92.055,0.239979,0.190288,0.181631,0.0496918
92.06,0.243399,0.190233,0.181556,0.0531662
92.065,0.248071,0.190179,0.181481,0.0578923
92.07,0.228814,0.190125,0.181406,0.0386886
92.075,0.223068,0.190071,0.181331,0.0329968
92.08,0.223946,0.190018,0.181256,0.0339281
92.085,0.22059,0.189965,0.181181,0.0306252
92.09,0.203965,0.189912,0.181106,0.014053
92.095,0.186141,0.18986,0.181031,-0.00371837
92.1,0.189756,0.189808,0.180956,-5.20335e-05
92.105,0.198889,0.189756,0.18088,0.0091334
92.11,0.20881,0.189704,0.180805,0.0191053
92.115,0.213096,0.189653,0.18073,0.0234433
92.12,0.217121,0.189602,0.180655,0.0275189
92.125,0.234588,0.189552,0.18058,0.0450363
92.13,0.240914,0.189501,0.180504,0.051413
92.135,0.247038,0.189451,0.180429,0.0575868
92.14,0.249105,0.189402,0.180354,0.059703
92.145,0.244695,0.189353,0.180279,0.055343
92.15,0.239853,0.189304,0.180203,0.0505498
92.155,0.23389,0.189255,0.180128,0.0446353
92.16,0.230514,0.189207,0.180053,0.0413074
92.165,0.227487,0.189159,0.179977,0.0383287
92.17,0.248144,0.189111,0.179902,0.0590335
92.175,0.256589,0.189064,0.179827,0.0675257
92.18,0.263099,0.189017,0.179751,0.0740824
92.185,0.250007,0.18897,0.179676,0.0610371
92.19,0.222246,0.188924,0.1796,0.0333227
92.195,0.228652,0.188878,0.179525,0.0397742
92.2,0.222921,0.188832,0.179449,0.0340887
92.205,0.211158,0.188787,0.179374,0.0223712
92.21,0.198873,0.188742,0.179298,0.0101311
92.215,0.191981,0.188697,0.179223,0.00328402
92.22,0.203592,0.188653,0.179147,0.0149392
92.225,0.223361,0.188609,0.179072,0.0347523
92.23,0.240626,0.188566,0.178996,0.0520601
92.235,0.251562,0.188522,0.17892,0.0630392
92.24,0.234814,0.18848,0.178845,0.0463344
92.245,0.215539,0.188437,0.178769,0.0271019
92.25,0.205761,0.188395,0.178693,0.0173656
92.255,0.205995,0.188354,0.178618,0.0176415
92.26,0.208094,0.188312,0.178542,0.0197817
92.265,0.205169,0.188272,0.178466,0.0168974
92.27,0.21375,0.188231,0.17839,0.0255188
92.275,0.21324,0.188191,0.178315,0.0250488
92.28,0.207214,0.188151,0.178239,0.0190624
92.285,0.20902,0.188112,0.178163,0.0209084
92.29,0.214388,0.188073,0.178087,0.026315
92.295,0.212901,0.188035,0.178011,0.0248667
92.3,0.211339,0.187996,0.177936,0.0233427
92.305,0.224314,0.187959,0.17786,0.0363552
92.31,0.229026,0.187922,0.177784,0.0411045
92.315,0.236943,0.187885,0.177708,0.0490583
92.32,0.232271,0.187848,0.177632,0.044423
92.325,0.247391,0.187812,0.177556,0.0595788
92.33,0.254625,0.187777,0.17748,0.0668486
92.335,0.248324,0.187742,0.177404,0.0605828
92.34,0.214587,0.187707,0.177328,0.0268798
92.345,0.198518,0.187673,0.177252,0.0108456
92.35,0.190533,0.187639,0.177176,0.00289428
92.355,0.169425,0.187606,0.1771,-0.018181
92.36,0.177176,0.187573,0.177024,-0.0103964
92.365,0.198447,0.18754,0.176948,0.0109066
92.37,0.215445,0.187508,0.176872,0.0279364
92.375,0.226387,0.187477,0.176796,0.0389096
92.38,0.23013,0.187446,0.176719,0.0426842
92.385,0.231963,0.187415,0.176643,0.0445475
92.39,0.232144,0.187385,0.176567,0.0447581
92.395,0.221243,0.187356,0.176491,0.0338869
92.4,0.199645,0.187327,0.176415,0.0123181
92.405,0.198435,0.187298,0.176338,0.0111369
92.41,0.200855,0.18727,0.176262,0.0135843
92.415,0.206278,0.187243,0.176186,0.0190351
92.42,0.216221,0.187216,0.17611,0.0290049
92.425,0.226017,0.187189,0.176033,0.0388274
92.43,0.238693,0.187163,0.175957,0.0515297
92.435,0.237627,0.187138,0.175881,0.0504889
92.44,0.22537,0.187113,0.175804,0.0382573
92.445,0.212502,0.187089,0.175728,0.0254135
92.45,0.208908,0.187065,0.175651,0.0218426
92.455,0.20358,0.187042,0.175575,0.0165379
92.46,0.201609,0.187019,0.175499,0.0145901
92.465,0.207927,0.186997,0.175422,0.0209298
92.47,0.203096,0.186976,0.175346,0.0161197
92.475,0.208098,0.186955,0.175269,0.0211434
92.48,0.205232,0.186935,0.175193,0.0182975
92.485,0.21592,0.186915,0.175116,0.0290052
92.49,0.229868,0.186896,0.17504,0.042972
92.495,0.225521,0.186878,0.174963,0.0386432
92.5,0.227954,0.18686,0.174887,0.0410938
92.505,0.212681,0.186843,0.17481,0.0258379
92.51,0.210826,0.186826,0.174733,0.0239996
92.515,0.214615,0.18681,0.174657,0.027805
92.52,0.200035,0.186795,0.17458,0.0132399
92.525,0.204877,0.186781,0.174503,0.0180964
92.53,0.206964,0.186767,0.174427,0.0201976
92.535,0.217918,0.186754,0.17435,0.0311643
92.54,0.226037,0.186741,0.174273,0.0392951
92.545,0.223646,0.18673,0.174197,0.0369167
92.55,0.226924,0.186719,0.17412,0.0402056
92.555,0.225005,0.186708,0.174043,0.0382968
92.56,0.216329,0.186699,0.173966,0.0296305
92.565,0.208391,0.18669,0.173889,0.0217013
92.57,0.20864,0.186682,0.173813,0.021958
92.575,0.209573,0.186675,0.173736,0.0228979
92.58,0.210061,0.186669,0.173659,0.0233927
92.585,0.225897,0.186663,0.173582,0.0392341
92.59,0.225782,0.186658,0.173505,0.0391235
92.595,0.224604,0.186654,0.173428,0.0379498
92.6,0.217546,0.186651,0.173351,0.0308944
92.605,0.217151,0.186649,0.173274,0.0305024
92.61,0.212268,0.186648,0.173197,0.0256202
92.615,0.212638,0.186647,0.17312,0.0259908
92.62,0.208235,0.186648,0.173043,0.0215871
92.625,0.204415,0.186649,0.172966,0.0177656
92.63,0.192854,0.186652,0.172889,0.00620221
92.635,0.174887,0.186655,0.172812,-0.0117683
92.64,0.175727,0.186659,0.172735,-0.0109322
92.645,0.184895,0.186664,0.172658,-0.00176954
92.65,0.200734,0.186671,0.172581,0.0140627
92.655,0.202514,0.186678,0.172504,0.0158362
92.66,0.193588,0.186687,0.172427,0.00690103
92.665,0.177955,0.186696,0.172349,-0.00874081
92.67,0.172643,0.186707,0.172272,-0.0140637
92.675,0.183236,0.186718,0.172195,-0.0034827
92.68,0.191385,0.186731,0.172118,0.00465326
92.685,0.193897,0.186745,0.172041,0.00715151
92.69,0.193072,0.186761,0.171963,0.0063116
92.695,0.196866,0.186777,0.171886,0.0100889
92.7,0.206026,0.186795,0.171809,0.0192312
92.705,0.204112,0.186814,0.171731,0.0172979
92.71,0.196078,0.186834,0.171654,0.00924363
92.715,0.199578,0.186856,0.171577,0.0127223
92.72,0.201667,0.186879,0.171499,0.0147873
92.725,0.209359,0.186904,0.171422,0.0224551
92.73,0.202308,0.18693,0.171345,0.0153783
92.735,0.208466,0.186957,0.171267,0.0215087
92.74,0.207934,0.186986,0.17119,0.0209474
92.745,0.2063,0.187017,0.171112,0.0192835
92.75,0.206783,0.187049,0.171035,0.0197341
92.755,0.181988,0.187083,0.170957,-0.00509471
92.76,0.179191,0.187119,0.17088,-0.0079277
92.765,0.17748,0.187156,0.170802,-0.00967554
92.77,0.190418,0.187195,0.170725,0.00322277
92.775,0.192554,0.187236,0.170647,0.00531784
92.78,0.191213,0.187279,0.17057,0.00393413
92.785,0.178871,0.187324,0.170492,-0.00845262
92.79,0.173339,0.18737,0.170414,-0.0140308
92.795,0.187795,0.187419,0.170337,0.000375755
92.8,0.200905,0.18747,0.170259,0.0134349
92.805,0.212469,0.187523,0.170181,0.0249458
92.81,0.208274,0.187579,0.170104,0.0206955
92.815,0.205373,0.187636,0.170026,0.017737
92.82,0.206792,0.187696,0.169948,0.0190952
92.825,0.214521,0.187759,0.169871,0.0267622
92.83,0.20781,0.187824,0.169793,0.019986
92.835,0.206485,0.187892,0.169715,0.0185937
92.84,0.197195,0.187962,0.169637,0.00923297
92.845,0.190549,0.188035,0.169559,0.00251439
92.85,0.177439,0.188111,0.169482,-0.0106715
92.855,0.173538,0.18819,0.169404,-0.0146524
92.86,0.178855,0.188272,0.169326,-0.00941676
92.865,0.172807,0.188357,0.169248,-0.0155497
92.87,0.179236,0.188445,0.16917,-0.00920974
92.875,0.172401,0.188537,0.169092,-0.0161363
92.88,0.18335,0.188632,0.169014,-0.00528251
92.885,0.215083,0.188731,0.168936,0.0263525
92.89,0.220748,0.188833,0.168858,0.0319146
92.895,0.215562,0.18894,0.16878,0.0266226
92.9,0.216338,0.18905,0.168702,0.0272884
92.905,0.236426,0.189164,0.168624,0.0472615
92.91,0.24511,0.189282,0.168546,0.0558274
92.915,0.229241,0.189405,0.168468,0.0398361
92.92,0.203371,0.189532,0.16839,0.0138389
92.925,0.204928,0.189664,0.168312,0.0152638
92.93,0.199825,0.189801,0.168234,0.010024
92.935,0.199212,0.189942,0.168156,0.00926961
92.94,0.193981,0.190089,0.168078,0.00389153
92.945,0.186311,0.190241,0.168,-0.00392997
92.95,0.191012,0.190398,0.167921,0.00061414
92.955,0.192429,0.190561,0.167843,0.00186725
92.96,0.190437,0.19073,0.167765,-0.000292871
92.965,0.193925,0.190905,0.167687,0.00302018
92.97,0.197028,0.191086,0.167608,0.00594193
92.975,0.216903,0.191274,0.16753,0.0256291
92.98,0.22582,0.191468,0.167452,0.0343517
92.985,0.23861,0.191669,0.167374,0.0469407
92.99,0.238117,0.191877,0.167295,0.0462403
92.995,0.255478,0.192092,0.167217,0.0633857
93,0.244588,0.192315,0.167139,0.0522731
93.005,0.240161,0.192546,0.16706,0.0476146
93.01,0.235877,0.192785,0.166982,0.0430916
93.015,0.227085,0.193032,0.166903,0.0340525
93.02,0.224621,0.193288,0.166825,0.0313328
93.025,0.200275,0.193553,0.166747,0.00672171
93.03,0.18656,0.193827,0.166668,-0.00726626
93.035,0.192531,0.19411,0.16659,-0.00157864
93.04,0.205814,0.194403,0.166511,0.011411
93.045,0.214186,0.194706,0.166433,0.0194793
93.05,0.204182,0.19502,0.166354,0.00916235
93.055,0.202158,0.195344,0.166276,0.00681364
93.06,0.204356,0.19568,0.166197,0.00867586
93.065,0.211987,0.196027,0.166118,0.01596
93.07,0.224217,0.196385,0.16604,0.0278318
93.075,0.223648,0.196756,0.165961,0.0268917
93.08,0.234302,0.19714,0.165883,0.0371629
93.085,0.2396,0.197536,0.165804,0.0420646
93.09,0.230269,0.197945,0.165725,0.0323232
93.095,0.210616,0.198369,0.165647,0.012247
93.1,0.195652,0.198806,0.165568,-0.00315409
93.105,0.194628,0.199258,0.165489,-0.00462981
93.11,0.201929,0.199725,0.16541,0.00220436
93.115,0.192216,0.200207,0.165332,-0.00799108
93.12,0.18816,0.200705,0.165253,-0.0125453
93.125,0.204506,0.20122,0.165174,0.00328614
93.13,0.217213,0.201751,0.165095,0.0154613
93.135,0.218124,0.2023,0.165016,0.0158239
93.14,0.220306,0.202866,0.164938,0.0174398
93.145,0.210642,0.203451,0.164859,0.00719175
93.15,0.224504,0.204054,0.16478,0.0204497
93.155,0.22022,0.204677,0.164701,0.0155431
93.16,0.219705,0.205319,0.164622,0.0143856
93.165,0.217557,0.205982,0.164543,0.0115756
93.17,0.209547,0.206665,0.164464,0.00288114
93.175,0.221298,0.207371,0.164385,0.013927
93.18,0.208323,0.208098,0.164306,0.000225337
93.185,0.226451,0.208847,0.164227,0.0176039
93.19,0.223206,0.20962,0.164148,0.0135855
93.195,0.241381,0.210417,0.164069,0.030965
93.2,0.249352,0.211237,0.16399,0.0381148
93.205,0.24598,0.212083,0.163911,0.0338971
93.21,0.247087,0.212954,0.163832,0.0341325
93.215,0.249488,0.213852,0.163753,0.0356359
93.22,0.255666,0.214776,0.163674,0.0408903
93.225,0.232015,0.215727,0.163594,0.0162879
93.23,0.223144,0.216707,0.163515,0.00643719
93.235,0.219436,0.217715,0.163436,0.00172053
93.24,0.228102,0.218753,0.163357,0.00934877
93.245,0.23374,0.21982,0.163278,0.0139197
93.25,0.222627,0.220919,0.163198,0.00170852
93.255,0.220281,0.222048,0.163119,-0.00176687
93.26,0.214828,0.22321,0.16304,-0.00838131
93.265,0.209461,0.224404,0.162961,-0.0149428
93.27,0.210788,0.225631,0.162881,-0.0148424
93.275,0.204414,0.226892,0.162802,-0.0224782
93.28,0.205124,0.228188,0.162723,-0.0230644
93.285,0.208538,0.229519,0.162643,-0.0209812
93.29,0.210645,0.230886,0.162564,-0.0202409
93.295,0.216201,0.23229,0.162485,-0.0160891
93.3,0.220701,0.233731,0.162405,-0.0130308
93.305,0.214983,0.235211,0.162326,-0.0202278
93.31,0.201034,0.236728,0.162246,-0.0356945
93.315,0.190144,0.238286,0.162167,-0.0481421
93.32,0.20591,0.239883,0.162087,-0.0339726
93.325,0.217051,0.241521,0.162008,-0.02447
93.33,0.235974,0.2432,0.161928,-0.00722585
93.335,0.220011,0.244921,0.161849,-0.0249097
93.34,0.227362,0.246685,0.161769,-0.0193233
93.345,0.228892,0.248492,0.16169,-0.0195999
93.35,0.236604,0.250343,0.16161,-0.0137391
93.355,0.238734,0.252238,0.161531,-0.0135041
93.36,0.219243,0.254179,0.161451,-0.0349355
93.365,0.218205,0.256165,0.161371,-0.0379595
93.37,0.209167,0.258197,0.161292,-0.0490302
93.375,0.215571,0.260277,0.161212,-0.0447055
93.38,0.216779,0.262403,0.161132,-0.0456241
93.385,0.209447,0.264578,0.161053,-0.0551306
93.39,0.200889,0.266801,0.160973,-0.0659118
93.395,0.20965,0.269073,0.160893,-0.0594232
93.4,0.216963,0.271395,0.160814,-0.054432
93.405,0.231429,0.273767,0.160734,-0.042338
93.41,0.236476,0.276189,0.160654,-0.0397127
93.415,0.241749,0.278662,0.160574,-0.0369126
93.42,0.258011,0.281186,0.160494,-0.0231755
93.425,0.266659,0.283762,0.160415,-0.0171036
93.43,0.267811,0.28639,0.160335,-0.0185792
93.435,0.270211,0.289071,0.160255,-0.0188599
93.44,0.257085,0.291804,0.160175,-0.0347183
93.445,0.235504,0.29459,0.160095,-0.0590858
93.45,0.233332,0.297429,0.160015,-0.0640973
93.455,0.231459,0.300322,0.159935,-0.0688629
93.46,0.244462,0.303269,0.159855,-0.058806
93.465,0.246409,0.306269,0.159775,-0.05986
93.47,0.263498,0.309323,0.159695,-0.0458255
93.475,0.292882,0.312432,0.159615,-0.0195499
93.48,0.301489,0.315595,0.159535,-0.0141056
93.485,0.278305,0.318812,0.159455,-0.0405074
93.49,0.267498,0.322084,0.159375,-0.0545855
93.495,0.271519,0.325409,0.159295,-0.05389
93.5,0.285178,0.328789,0.159215,-0.0436112
93.505,0.273482,0.332223,0.159135,-0.0587412
93.51,0.24367,0.335711,0.159055,-0.0920405
93.515,0.238347,0.339252,0.158975,-0.100905
93.52,0.233371,0.342847,0.158894,-0.109477
93.525,0.23997,0.346496,0.158814,-0.106526
93.53,0.238351,0.350197,0.158734,-0.111846
93.535,0.246648,0.353951,0.158654,-0.107303
93.54,0.26197,0.357757,0.158574,-0.0957867
93.545,0.273044,0.361614,0.158493,-0.0885705
93.55,0.28273,0.365523,0.158413,-0.082793
93.555,0.288229,0.369483,0.158333,-0.0812538
93.56,0.308012,0.373493,0.158252,-0.065481
93.565,0.302277,0.377552,0.158172,-0.0752747
93.57,0.27868,0.38166,0.158092,-0.102979
93.575,0.268263,0.385816,0.158011,-0.117553
93.58,0.270561,0.390019,0.157931,-0.119458
93.585,0.279556,0.394268,0.157851,-0.114712
93.59,0.305229,0.398564,0.15777,-0.0933349
93.595,0.321424,0.402903,0.15769,-0.0814793
93.6,0.326766,0.407286,0.157609,-0.0805207
93.605,0.313686,0.411712,0.157529,-0.0980259
93.61,0.314255,0.416179,0.157449,-0.101924
93.615,0.325384,0.420686,0.157368,-0.0953016
93.62,0.337857,0.425232,0.157288,-0.087375
93.625,0.344625,0.429816,0.157207,-0.0851906
93.63,0.34948,0.434436,0.157127,-0.084956
93.635,0.342294,0.439091,0.157046,-0.0967971
93.64,0.35791,0.443779,0.156965,-0.0858696
93.645,0.368702,0.4485,0.156885,-0.0797979
93.65,0.389021,0.453251,0.156804,-0.0642296
93.655,0.412375,0.45803,0.156724,-0.0456551
93.66,0.425586,0.462837,0.156643,-0.0372505
93.665,0.41253,0.467668,0.156562,-0.0551382
93.67,0.396471,0.472524,0.156482,-0.0760532
93.675,0.365909,0.477401,0.156401,-0.111491
93.68,0.378522,0.482297,0.15632,-0.103775
93.685,0.386474,0.487211,0.156239,-0.100737
93.69,0.425379,0.49214,0.156159,-0.0667617
93.695,0.450236,0.497083,0.156078,-0.0468468
93.7,0.466919,0.502037,0.155997,-0.0351186
93.705,0.475464,0.507,0.155916,-0.0315366
93.71,0.496884,0.51197,0.155836,-0.0150856
93.715,0.478817,0.516943,0.155755,-0.0381264
93.72,0.45157,0.521919,0.155674,-0.0703488
93.725,0.404838,0.526893,0.155593,-0.122055
93.73,0.401492,0.531864,0.155512,-0.130372
93.735,0.398083,0.536829,0.155431,-0.138746
93.74,0.424479,0.541785,0.15535,-0.117306
93.745,0.433618,0.54673,0.155269,-0.113112
93.75,0.432338,0.55166,0.155189,-0.119321
93.755,0.428941,0.556573,0.155108,-0.127632
93.76,0.413058,0.561465,0.155027,-0.148407
93.765,0.427893,0.566334,0.154946,-0.138441
93.77,0.444906,0.571177,0.154865,-0.126271
93.775,0.490242,0.57599,0.154784,-0.0857475
93.78,0.500712,0.58077,0.154703,-0.0800578
93.785,0.522804,0.585514,0.154621,-0.0627101
93.79,0.525685,0.590218,0.15454,-0.0645333
93.795,0.524084,0.59488,0.154459,-0.070796
93.8,0.501852,0.599495,0.154378,-0.0976428
93.805,0.494238,0.604061,0.154297,-0.109823
93.81,0.477036,0.608573,0.154216,-0.131537
93.815,0.485283,0.613029,0.154135,-0.127746
93.82,0.509163,0.617424,0.154054,-0.108261
93.825,0.512159,0.621754,0.153972,-0.109595
93.83,0.509686,0.626017,0.153891,-0.116332
93.835,0.513505,0.630209,0.15381,-0.116704
93.84,0.519304,0.634325,0.153729,-0.115021
93.845,0.528319,0.638363,0.153647,-0.110043
93.85,0.502335,0.642317,0.153566,-0.139982
93.855,0.503,0.646185,0.153485,-0.143185
93.86,0.515057,0.649963,0.153404,-0.134906
93.865,0.530037,0.653647,0.153322,-0.12361
93.87,0.521763,0.657233,0.153241,-0.13547
93.875,0.544358,0.660717,0.153159,-0.11636
93.88,0.553911,0.664097,0.153078,-0.110186
93.885,0.586397,0.667368,0.152997,-0.0809706
93.89,0.582425,0.670526,0.152915,-0.0881006
93.895,0.585261,0.673568,0.152834,-0.088307
93.9,0.588398,0.676491,0.152752,-0.0880933
93.905,0.581895,0.679292,0.152671,-0.0973967
93.91,0.582823,0.681966,0.152589,-0.0991426
93.915,0.573091,0.684511,0.152508,-0.11142
93.92,0.55743,0.686924,0.152426,-0.129494
93.925,0.565929,0.689201,0.152345,-0.123272
93.93,0.551069,0.69134,0.152263,-0.140271
93.935,0.554222,0.693338,0.152182,-0.139116
93.94,0.556395,0.695193,0.1521,-0.138797
93.945,0.557884,0.696901,0.152019,-0.139017
93.95,0.562473,0.698462,0.151937,-0.135989
93.955,0.565521,0.699871,0.151855,-0.13435
93.96,0.576114,0.701129,0.151774,-0.125015
93.965,0.582061,0.702232,0.151692,-0.120172
93.97,0.573778,0.70318,0.15161,-0.129402
93.975,0.590356,0.703971,0.151529,-0.113615
93.98,0.606928,0.704604,0.151447,-0.0976758
93.985,0.644001,0.705077,0.151365,-0.0610756
93.99,0.647711,0.705391,0.151284,-0.0576794
93.995,0.653257,0.705544,0.151202,-0.0522868
94,0.615759,0.705536,0.15112,-0.0897774
94.005,0.581548,0.705368,0.151038,-0.12382
94.01,0.542716,0.705039,0.150956,-0.162323
94.015,0.565487,0.704549,0.150875,-0.139062
94.02,0.587812,0.7039,0.150793,-0.116088
94.025,0.598981,0.703091,0.150711,-0.10411
94.03,0.619516,0.702125,0.150629,-0.0826089
94.035,0.615371,0.701001,0.150547,-0.0856303
94.04,0.629286,0.699722,0.150465,-0.0704363
94.045,0.622431,0.698289,0.150383,-0.0758579
94.05,0.602471,0.696704,0.150301,-0.0942329
94.055,0.602225,0.694968,0.150219,-0.0927428
94.06,0.610477,0.693084,0.150137,-0.082607
94.065,0.590592,0.691055,0.150055,-0.100463
94.07,0.579681,0.688882,0.149973,-0.1092
94.075,0.590989,0.686568,0.149891,-0.0955791
94.08,0.568986,0.684116,0.149809,-0.11513
94.085,0.561925,0.681529,0.149727,-0.119604
94.09,0.545746,0.67881,0.149645,-0.133063
94.095,0.535157,0.675961,0.149563,-0.140804
94.1,0.527367,0.672987,0.149481,-0.14562
94.105,0.487956,0.66989,0.149399,-0.181935
94.11,0.492845,0.666674,0.149317,-0.173829
94.115,0.511847,0.663343,0.149234,-0.151496
94.12,0.501821,0.659899,0.149152,-0.158078
94.125,0.510224,0.656347,0.14907,-0.146122
94.13,0.543282,0.652689,0.148988,-0.109407
94.135,0.560725,0.648931,0.148906,-0.0882064
94.14,0.555808,0.645075,0.148823,-0.0892669
94.145,0.517491,0.641125,0.148741,-0.123634
94.15,0.526698,0.637085,0.148659,-0.110387
94.155,0.552866,0.632959,0.148577,-0.0800935
94.16,0.559958,0.628751,0.148494,-0.0687925
94.165,0.555978,0.624463,0.148412,-0.0684857
94.17,0.501638,0.620101,0.14833,-0.118463
94.175,0.498843,0.615667,0.148247,-0.116824
94.18,0.511244,0.611166,0.148165,-0.0999214
94.185,0.514698,0.606601,0.148082,-0.091903
94.19,0.52976,0.601975,0.148,-0.0722151
94.195,0.50037,0.597293,0.147918,-0.0969226
94.2,0.489406,0.592558,0.147835,-0.103152
94.205,0.461288,0.587773,0.147753,-0.126485
94.21,0.444982,0.582942,0.14767,-0.13796
94.215,0.437103,0.578068,0.147588,-0.140966
94.22,0.439848,0.573156,0.147505,-0.133308
94.225,0.459559,0.568207,0.147423,-0.108648
94.23,0.465363,0.563226,0.14734,-0.0978623
94.235,0.445925,0.558215,0.147258,-0.112289
94.24,0.424522,0.553178,0.147175,-0.128656
94.245,0.407731,0.548117,0.147092,-0.140387
94.25,0.383094,0.543037,0.14701,-0.159942
94.255,0.396132,0.537939,0.146927,-0.141807
94.26,0.379456,0.532827,0.146845,-0.153372
94.265,0.397674,0.527704,0.146762,-0.13003
94.27,0.390887,0.522572,0.146679,-0.131685
94.275,0.4038,0.517434,0.146597,-0.113634
94.28,0.397109,0.512292,0.146514,-0.115183
94.285,0.381053,0.507151,0.146431,-0.126098
94.29,0.380054,0.50201,0.146348,-0.121956
94.295,0.371797,0.496875,0.146266,-0.125078
94.3,0.384859,0.491746,0.146183,-0.106886
94.305,0.384376,0.486625,0.1461,-0.102249
94.31,0.388687,0.481517,0.146017,-0.0928297
94.315,0.398871,0.476421,0.145934,-0.0775507
94.32,0.391551,0.471342,0.145852,-0.0797908
94.325,0.402985,0.46628,0.145769,-0.0632948
94.33,0.405982,0.461238,0.145686,-0.0552553
94.335,0.396054,0.456217,0.145603,-0.0601628
94.34,0.401203,0.45122,0.14552,-0.0500171
94.345,0.396193,0.446248,0.145437,-0.0500551
94.35,0.405039,0.441304,0.145354,-0.036265
94.355,0.391957,0.436388,0.145271,-0.0444313
94.36,0.36946,0.431503,0.145188,-0.0620422
94.365,0.336087,0.426649,0.145105,-0.0905627
94.37,0.349393,0.42183,0.145022,-0.0724368
94.375,0.358993,0.417045,0.144939,-0.0580515
94.38,0.337426,0.412297,0.144856,-0.0748702
94.385,0.334292,0.407586,0.144773,-0.0732943
94.39,0.326288,0.402915,0.14469,-0.0766265
94.395,0.344257,0.398283,0.144607,-0.0540262
94.4,0.346731,0.393693,0.144524,-0.0469623
94.405,0.348297,0.389146,0.144441,-0.0408486
94.41,0.312652,0.384642,0.144358,-0.0719901
94.415,0.307182,0.380183,0.144275,-0.0730015
94.42,0.307095,0.37577,0.144192,-0.068675
94.425,0.319465,0.371402,0.144108,-0.0519378
94.43,0.322219,0.367083,0.144025,-0.0448634
94.435,0.301702,0.362811,0.143942,-0.0611083
94.44,0.317719,0.358588,0.143859,-0.0408684
94.445,0.330855,0.354414,0.143775,-0.0235589
94.45,0.298189,0.350291,0.143692,-0.0521019
94.455,0.300173,0.346218,0.143609,-0.0460451
94.46,0.26885,0.342197,0.143526,-0.0733467
94.465,0.273063,0.338227,0.143442,-0.0651642
94.47,0.289206,0.334309,0.143359,-0.0451033
94.475,0.295304,0.330444,0.143276,-0.0351403
94.48,0.302667,0.326632,0.143192,-0.0239656
94.485,0.298223,0.322874,0.143109,-0.0246506
94.49,0.287042,0.319169,0.143026,-0.032126
94.495,0.294962,0.315517,0.142942,-0.0205548
94.5,0.296701,0.31192,0.142859,-0.0152187
94.505,0.295811,0.308376,0.142775,-0.0125652
94.51,0.301336,0.304887,0.142692,-0.00355046
94.515,0.289397,0.301452,0.142608,-0.0120543
94.52,0.255402,0.298071,0.142525,-0.0426688
94.525,0.246149,0.294744,0.142441,-0.0485955
94.53,0.227341,0.291472,0.142358,-0.064131
94.535,0.241924,0.288254,0.142274,-0.0463303
94.54,0.222407,0.28509,0.142191,-0.0626825
94.545,0.233296,0.28198,0.142107,-0.0486836
94.55,0.239919,0.278923,0.142024,-0.0390042
94.555,0.25337,0.27592,0.14194,-0.0225497
94.56,0.233053,0.27297,0.141857,-0.0399169
94.565,0.233157,0.270073,0.141773,-0.0369162
94.57,0.229249,0.267229,0.141689,-0.03798
94.575,0.241902,0.264437,0.141606,-0.0225348
94.58,0.228872,0.261697,0.141522,-0.0328258
94.585,0.241333,0.259009,0.141438,-0.0176768
94.59,0.237651,0.256372,0.141355,-0.018721
94.595,0.25793,0.253786,0.141271,0.00414396
94.6,0.253743,0.251251,0.141187,0.00249228
94.605,0.259944,0.248765,0.141103,0.0111793
94.61,0.265602,0.246329,0.14102,0.0192727
94.615,0.264253,0.243942,0.140936,0.0203116
94.62,0.252552,0.241603,0.140852,0.0109492
94.625,0.249576,0.239312,0.140768,0.0102638
94.63,0.247022,0.237068,0.140684,0.00995325
94.635,0.265319,0.234872,0.1406,0.0304477
94.64,0.239463,0.232721,0.140517,0.00674211
94.645,0.242358,0.230616,0.140433,0.0117417
94.65,0.221993,0.228557,0.140349,-0.00656405
94.655,0.219662,0.226541,0.140265,-0.00687905
94.66,0.224247,0.22457,0.140181,-0.00032283
94.665,0.211881,0.222642,0.140097,-0.0107605
94.67,0.213861,0.220756,0.140013,-0.00689498
94.675,0.181055,0.218912,0.139929,-0.0378576
94.68,0.17585,0.21711,0.139845,-0.0412602
94.685,0.178971,0.215348,0.139761,-0.0363767
94.69,0.168575,0.213626,0.139677,-0.0450508
94.695,0.169194,0.211944,0.139593,-0.0427493
94.7,0.184607,0.2103,0.139509,-0.025693
94.705,0.206753,0.208694,0.139425,-0.00194054
94.71,0.229106,0.207125,0.139341,0.0219811
94.715,0.235762,0.205593,0.139257,0.0301696
94.72,0.25072,0.204097,0.139173,0.0466236
94.725,0.265394,0.202636,0.139089,0.0627586
94.73,0.267106,0.201209,0.139004,0.0658963
94.735,0.259807,0.199817,0.13892,0.0599899
94.74,0.232522,0.198458,0.138836,0.034064
94.745,0.217475,0.197131,0.138752,0.0203435
94.75,0.195603,0.195836,0.138668,-0.000233698
94.755,0.189694,0.194573,0.138583,-0.00487866
94.76,0.19096,0.19334,0.138499,-0.00238039
94.765,0.204742,0.192137,0.138415,0.0126049
94.77,0.232282,0.190963,0.138331,0.0413184
94.775,0.245484,0.189818,0.138246,0.055666
94.78,0.226896,0.188701,0.138162,0.0381945
94.785,0.220953,0.187611,0.138078,0.0333412
94.79,0.218261,0.186548,0.137993,0.0317126
94.795,0.221832,0.185511,0.137909,0.0363203
94.8,0.221265,0.1845,0.137825,0.0367646
94.805,0.21612,0.183513,0.13774,0.0326067
94.81,0.209808,0.182551,0.137656,0.0272571
94.815,0.18575,0.181612,0.137571,0.00413751
94.82,0.163471,0.180697,0.137487,-0.0172258
94.825,0.157023,0.179804,0.137403,-0.0227809
94.83,0.155987,0.178933,0.137318,-0.0229458
94.835,0.153813,0.178083,0.137234,-0.02427
94.84,0.156785,0.177254,0.137149,-0.0204697
94.845,0.175727,0.176446,0.137065,-0.000718556
94.85,0.183537,0.175657,0.13698,0.0078795
94.855,0.17032,0.174888,0.136896,-0.00456729
94.86,0.162292,0.174137,0.136811,-0.0118449
94.865,0.162745,0.173404,0.136726,-0.0106597
94.87,0.183949,0.172689,0.136642,0.0112598
94.875,0.175818,0.171992,0.136557,0.00382601
94.88,0.17246,0.171311,0.136473,0.00114933
94.885,0.163356,0.170646,0.136388,-0.00728997
94.89,0.164546,0.169998,0.136303,-0.005452
94.895,0.179711,0.169364,0.136219,0.0103471
94.9,0.152689,0.168746,0.136134,-0.0160571
94.905,0.149621,0.168142,0.136049,-0.0185213
94.91,0.140652,0.167552,0.135965,-0.0269
94.915,0.138121,0.166976,0.13588,-0.0288544
94.92,0.13936,0.166413,0.135795,-0.0270527
94.925,0.152214,0.165863,0.13571,-0.0136492
94.93,0.14867,0.165325,0.135626,-0.0166554
94.935,0.174781,0.1648,0.135541,0.00998138
94.94,0.164149,0.164286,0.135456,-0.000136834
94.945,0.179692,0.163784,0.135371,0.0159083
94.95,0.166748,0.163293,0.135286,0.00345552
94.955,0.166997,0.162812,0.135201,0.00418463
94.96,0.181959,0.162342,0.135117,0.0196175
94.965,0.205063,0.161882,0.135032,0.0431815
94.97,0.205586,0.161432,0.134947,0.0441546
94.975,0.210498,0.160991,0.134862,0.0495073
94.98,0.205473,0.160559,0.134777,0.0449145
94.985,0.227266,0.160136,0.134692,0.0671295
94.99,0.21978,0.159722,0.134607,0.0600582
94.995,0.201499,0.159316,0.134522,0.0421836
95,0.171547,0.158918,0.134437,0.0126297
95.005,0.167341,0.158528,0.134352,0.00881299
95.01,0.156522,0.158145,0.134267,-0.00162333
95.015,0.187217,0.15777,0.134182,0.0294472
95.02,0.188254,0.157401,0.134097,0.0308527
95.025,0.18426,0.15704,0.134012,0.0272199
95.03,0.160284,0.156685,0.133927,0.00359927
95.035,0.154081,0.156337,0.133842,-0.00225595
95.04,0.144602,0.155994,0.133757,-0.0113922
95.045,0.146698,0.155658,0.133671,-0.00895995
95.05,0.140456,0.155328,0.133586,-0.0148719
95.055,0.140852,0.155003,0.133501,-0.0141508
95.06,0.162769,0.154684,0.133416,0.00808499
95.065,0.169894,0.154369,0.133331,0.0155247
95.07,0.184373,0.15406,0.133246,0.0303122
95.075,0.18389,0.153756,0.13316,0.0301343
95.08,0.157405,0.153457,0.133075,0.00394813
95.085,0.16126,0.153162,0.13299,0.00809767
95.09,0.169248,0.152872,0.132905,0.0163759
95.095,0.171688,0.152586,0.132819,0.0191025
95.1,0.168855,0.152304,0.132734,0.0165509
95.105,0.162131,0.152026,0.132649,0.010105
95.11,0.152626,0.151752,0.132563,0.000873531
95.115,0.157827,0.151482,0.132478,0.00634459
95.12,0.148944,0.151215,0.132393,-0.00227102
95.125,0.174984,0.150953,0.132307,0.0240311
95.13,0.183558,0.150693,0.132222,0.0328648
95.135,0.17263,0.150437,0.132136,0.0221929
95.14,0.170017,0.150184,0.132051,0.0198335
95.145,0.168258,0.149934,0.131966,0.0183241
95.15,0.168171,0.149687,0.13188,0.0184834
95.155,0.152265,0.149444,0.131795,0.0028219
95.16,0.125285,0.149202,0.131709,-0.0239175
95.165,0.117299,0.148964,0.131624,-0.0316649
95.17,0.136035,0.148729,0.131538,-0.0126938
95.175,0.132567,0.148496,0.131453,-0.0159284
95.18,0.136747,0.148265,0.131367,-0.0115181
95.185,0.136016,0.148037,0.131282,-0.0120207
95.19,0.134563,0.147811,0.131196,-0.0132483
95.195,0.134085,0.147588,0.13111,-0.0135025
95.2,0.128542,0.147367,0.131025,-0.018825
95.205,0.123874,0.147147,0.130939,-0.0232739
95.21,0.15481,0.146931,0.130854,0.00787974
95.215,0.179965,0.146716,0.130768,0.0332489
95.22,0.177946,0.146503,0.130682,0.031443
95.225,0.158104,0.146292,0.130597,0.0118121
95.23,0.131854,0.146082,0.130511,-0.0142281
95.235,0.117881,0.145875,0.130425,-0.0279937
95.24,0.126226,0.14567,0.130339,-0.0194434
95.245,0.118343,0.145466,0.130254,-0.0271231
95.25,0.122362,0.145264,0.130168,-0.0229014
95.255,0.126002,0.145063,0.130082,-0.0190608
95.26,0.164774,0.144864,0.129996,0.0199103
95.265,0.185106,0.144667,0.129911,0.0404398
95.27,0.193007,0.144471,0.129825,0.0485361
95.275,0.191268,0.144276,0.129739,0.046992
95.28,0.18479,0.144083,0.129653,0.0407072
95.285,0.20007,0.143892,0.129567,0.0561779
95.29,0.196208,0.143701,0.129481,0.0525065
95.295,0.166968,0.143513,0.129395,0.0234558
95.3,0.146872,0.143325,0.129309,0.00354672
95.305,0.119979,0.143139,0.129224,-0.0231596
95.31,0.105678,0.142954,0.129138,-0.0372751
95.315,0.116122,0.14277,0.129052,-0.0266472
95.32,0.137981,0.142587,0.128966,-0.00460643
95.325,0.161465,0.142405,0.12888,0.0190591
95.33,0.151147,0.142225,0.128794,0.00892174
95.335,0.141526,0.142046,0.128708,-0.000519325
95.34,0.138359,0.141867,0.128622,-0.00350849
95.345,0.138194,0.14169,0.128536,-0.00349665
95.35,0.138886,0.141514,0.12845,-0.00262811
95.355,0.171598,0.141339,0.128364,0.0302593
95.36,0.199332,0.141165,0.128277,0.0581674
95.365,0.22208,0.140992,0.128191,0.0810878
95.37,0.174999,0.14082,0.128105,0.0341792
95.375,0.152422,0.140648,0.128019,0.0117736
95.38,0.143074,0.140478,0.127933,0.00259624
95.385,0.158331,0.140309,0.127847,0.0180227
95.39,0.149759,0.14014,0.127761,0.00961885
95.395,0.119914,0.139972,0.127674,-0.0200586
95.4,0.11479,0.139805,0.127588,-0.0250154
95.405,0.135643,0.13964,0.127502,-0.00399662
95.41,0.162728,0.139474,0.127416,0.0232535
95.415,0.168788,0.13931,0.12733,0.0294778
95.42,0.17793,0.139146,0.127243,0.0387832
95.425,0.163484,0.138984,0.127157,0.0245003
95.43,0.173482,0.138822,0.127071,0.0346601
95.435,0.160764,0.13866,0.126984,0.0221041
95.44,0.150936,0.1385,0.126898,0.0124366
95.445,0.164879,0.13834,0.126812,0.0265386
95.45,0.170916,0.138181,0.126725,0.0327351
95.455,0.193517,0.138023,0.126639,0.0554947
95.46,0.176173,0.137865,0.126553,0.0383081
95.465,0.164061,0.137708,0.126466,0.0263532
95.47,0.156641,0.137552,0.12638,0.0190895
95.475,0.152782,0.137396,0.126293,0.0153859
95.48,0.162749,0.137241,0.126207,0.0255079
95.485,0.195583,0.137087,0.12612,0.0584958
95.49,0.177179,0.136933,0.126034,0.0402461
95.495,0.19384,0.13678,0.125947,0.0570598
95.5,0.216884,0.136627,0.125861,0.0802566
95.505,0.208411,0.136476,0.125774,0.071935
95.51,0.201297,0.136324,0.125688,0.0649725
95.515,0.168279,0.136174,0.125601,0.0321056
95.52,0.16699,0.136024,0.125515,0.0309664
95.525,0.184047,0.135874,0.125428,0.0481732
95.53,0.17001,0.135725,0.125342,0.0342849
95.535,0.165276,0.135577,0.125255,0.0296989
95.54,0.158329,0.135429,0.125168,0.0229006
95.545,0.160418,0.135282,0.125082,0.0251362
95.55,0.166118,0.135135,0.124995,0.0309837
95.555,0.20719,0.134989,0.124908,0.0722015
95.56,0.242087,0.134843,0.124822,0.107245
95.565,0.247792,0.134698,0.124735,0.113095
95.57,0.224521,0.134553,0.124648,0.0899677
95.575,0.2154,0.134409,0.124562,0.0809909
95.58,0.221161,0.134265,0.124475,0.0868958
95.585,0.226847,0.134122,0.124388,0.0927249
95.59,0.197181,0.133979,0.124301,0.0632016
95.595,0.162431,0.133837,0.124215,0.028594
95.6,0.119082,0.133695,0.124128,-0.0146133
95.605,0.14063,0.133554,0.124041,0.00707585
95.61,0.144473,0.133413,0.123954,0.0110599
95.615,0.177827,0.133273,0.123867,0.0445546
95.62,0.155221,0.133133,0.12378,0.0220888
95.625,0.138747,0.132993,0.123694,0.00575423
95.63,0.144158,0.132854,0.123607,0.0113042
95.635,0.151551,0.132715,0.12352,0.0188356
95.64,0.147033,0.132577,0.123433,0.0144563
95.645,0.114077,0.132439,0.123346,-0.0183623
95.65,0.115419,0.132302,0.123259,-0.0168833
95.655,0.127288,0.132165,0.123172,-0.00487716
95.66,0.153549,0.132028,0.123085,0.0215209
95.665,0.170364,0.131892,0.122998,0.0384716
95.67,0.156301,0.131757,0.122911,0.024544
95.675,0.197797,0.131621,0.122824,0.0661761
95.68,0.159519,0.131486,0.122737,0.0280332
95.685,0.166189,0.131352,0.12265,0.0348378
95.69,0.124088,0.131217,0.122563,-0.00712981
95.695,0.135499,0.131084,0.122476,0.00441543
95.7,0.142686,0.13095,0.122389,0.011736
95.705,0.165497,0.130817,0.122302,0.0346796
95.71,0.154281,0.130684,0.122215,0.0235967
95.715,0.158871,0.130552,0.122127,0.0283195
95.72,0.126149,0.13042,0.12204,-0.00427089
95.725,0.129644,0.130288,0.121953,-0.00064432
95.73,0.104747,0.130157,0.121866,-0.0254094
95.735,0.118485,0.130026,0.121779,-0.0115407
95.74,0.197006,0.129895,0.121692,0.0671109
95.745,0.20553,0.129765,0.121604,0.0757651
95.75,0.218018,0.129635,0.121517,0.088383
95.755,0.123977,0.129505,0.12143,-0.00552787
95.76,0.107645,0.129376,0.121343,-0.0217306
95.765,0.106278,0.129247,0.121255,-0.022969
95.77,0.151402,0.129118,0.121168,0.0222841
95.775,0.179235,0.12899,0.121081,0.0502451
95.78,0.180993,0.128862,0.120993,0.0521319
95.785,0.205875,0.128734,0.120906,0.077141
95.79,0.298244,0.128606,0.120819,0.169638
95.795,0.309214,0.128479,0.120731,0.180735
95.8,0.286737,0.128352,0.120644,0.158384
95.805,0.202455,0.128226,0.120557,0.0742291
95.81,0.213233,0.128099,0.120469,0.0851337
95.815,0.210591,0.127973,0.120382,0.0826179
95.82,0.172663,0.127848,0.120294,0.0448155
95.825,0.0977961,0.127722,0.120207,-0.0299262
95.83,0.0981188,0.127597,0.12012,-0.0294783
95.835,0.0932261,0.127472,0.120032,-0.0342461
95.84,0.0953331,0.127348,0.119945,-0.0320144
95.845,0.0983428,0.127223,0.119857,-0.0288804
95.85,0.130023,0.127099,0.11977,0.00292412
95.855,0.16292,0.126975,0.119682,0.0359448
95.86,0.159387,0.126852,0.119594,0.0325357
95.865,0.139856,0.126728,0.119507,0.0131273
95.87,0.134638,0.126605,0.119419,0.00803262
95.875,0.131615,0.126483,0.119332,0.00513196
95.88,0.132646,0.12636,0.119244,0.00628592
95.885,0.132876,0.126238,0.119156,0.00663827
95.89,0.145482,0.126116,0.119069,0.019366
95.895,0.145482,0.125994,0.118981,0.0194878
95.9,0.133653,0.125872,0.118894,0.00778116
95.905,0.126072,0.125751,0.118806,0.000320742
95.91,0.126072,0.12563,0.118718,0.000441844
95.915,0.128797,0.125509,0.11863,0.00328794
95.92,0.134462,0.125388,0.118543,0.00907377
95.925,0.130446,0.125268,0.118455,0.00517791
95.93,0.13313,0.125148,0.118367,0.00798188
95.935,0.140832,0.125028,0.11828,0.0158037
95.94,0.140307,0.124908,0.118192,0.0153987
95.945,0.140311,0.124789,0.118104,0.0155227
95.95,0.125699,0.124669,0.118016,0.00102972
95.955,0.144177,0.12455,0.117928,0.0196265
95.96,0.144177,0.124431,0.117841,0.0197454
95.965,0.151692,0.124313,0.117753,0.0273794
95.97,0.176603,0.124194,0.117665,0.0524092
95.975,0.176603,0.124076,0.117577,0.0525274
95.98,0.183937,0.123958,0.117489,0.0599793
95.985,0.0476202,0.12384,0.117401,-0.0762198
95.99,0.0436264,0.123722,0.117313,-0.0800959
95.995,0.0437075,0.123605,0.117225,-0.0798973
96,0.0135781,0.123488,0.117137,-0.109909
