5.0000  7500.0000
5.0100  6975.0000
5.0200  7175.0000
5.0300  8050.0000
5.0400  8125.0000
5.0500  7925.0000
5.0600  7975.0000
5.0700  8400.0000
5.0800  7900.0000
5.0900  7850.0000
5.1000  7950.0000
5.1100  7725.0000
5.1200  7550.0000
5.1300  7575.0000
5.1400  7700.0000
5.1500  7925.0000
5.1600  7550.0000
5.1700  7875.0000
5.1800  7125.0000
5.1900  7850.0000
5.2000  7825.0000
5.2100  7975.0000
5.2200  7575.0000
5.2300  8325.0000
5.2400  7650.0000
5.2500  7725.0000
5.2600  7850.0000
5.2700  7550.0000
5.2800  7975.0000
5.2900  8000.0000
5.3000  8000.0000
5.3100  8400.0000
5.3200  7550.0000
5.3300  8375.0000
5.3400  7500.0000
5.3500  8475.0000
5.3600  7425.0000
5.3700  7825.0000
5.3800  7300.0000
5.3900  8325.0000
5.4000  8350.0000
5.4100  9075.0000
5.4200  8425.0000
5.4300  8025.0000
5.4400  7900.0000
5.4500  7600.0000
5.4600  7575.0000
5.4700  8100.0000
5.4800  7350.0000
5.4900  7625.0000
5.5000  7850.0000
5.5100  8300.0000
5.5200  8150.0000
5.5300  8350.0000
5.5400  8050.0000
5.5500  7800.0000
5.5600  9150.0000
5.5700  8200.0000
5.5800  8350.0000
5.5900  7775.0000
5.6000  8700.0000
5.6100  8000.0000
5.6200  9075.0000
5.6300  8750.0000
5.6400  8900.0000
5.6500  8075.0000
5.6600  8275.0000
5.6700  8925.0000
5.6800  8950.0000
5.6900  8775.0000
5.7000  8450.0000
5.7100  8675.0000
5.7200  8350.0000
5.7300  7850.0000
5.7400  8750.0000
5.7500  8975.0000
5.7600  8850.0000
5.7700  8525.0000
5.7800  8950.0000
5.7900  8150.0000
5.8000  9450.0000
5.8100  8400.0000
5.8200  8200.0000
5.8300  8700.0000
5.8400  8100.0000
5.8500  8125.0000
5.8600  9125.0000
5.8700  8400.0000
5.8800  9125.0000
5.8900  8375.0000
5.9000  8200.0000
5.9100  7925.0000
5.9200  7650.0000
5.9300  8725.0000
5.9400  9025.0000
5.9500  8650.0000
5.9600  8650.0000
5.9700  8450.0000
5.9800  8775.0000
5.9900  8875.0000
6.0000  8750.0000
6.0100  8675.0000
6.0200  9075.0000
6.0300  9400.0000
6.0400  8850.0000
6.0500  8550.0000
6.0600  9325.0000
6.0700  9300.0000
6.0800  8925.0000
6.0900  9200.0000
6.1000  9500.0000
6.1100  8475.0000
6.1200  9125.0000
6.1300  9000.0000
6.1400  9025.0000
6.1500  8950.0000
6.1600  8725.0000
6.1700  9525.0000
6.1800  8725.0000
6.1900  8675.0000
6.2000  10175.0000
6.2100  9225.0000
6.2200  9375.0000
6.2300  9975.0000
6.2400  9125.0000
6.2500  9550.0000
6.2600  8975.0000
6.2700  9250.0000
6.2800  9100.0000
6.2900  8775.0000
6.3000  9175.0000
6.3100  8875.0000
6.3200  9450.0000
6.3300  8750.0000
6.3400  9725.0000
6.3500  9550.0000
6.3600  9275.0000
6.3700  10250.0000
6.3800  9500.0000
6.3900  9300.0000
6.4000  8575.0000
6.4100  9200.0000
6.4200  9550.0000
6.4300  9375.0000
6.4400  9175.0000
6.4500  10050.0000
6.4600  9675.0000
6.4700  9450.0000
6.4800  9000.0000
6.4900  9275.0000
6.5000  9100.0000
6.5100  9225.0000
6.5200  8700.0000
6.5300  9025.0000
6.5400  9250.0000
6.5500  9825.0000
6.5600  9875.0000
6.5700  10025.0000
6.5800  9100.0000
6.5900  9350.0000
6.6000  9250.0000
6.6100  9625.0000
6.6200  9450.0000
6.6300  8975.0000
6.6400  9125.0000
6.6500  9925.0000
6.6600  9725.0000
6.6700  9625.0000
6.6800  9675.0000
6.6900  10125.0000
6.7000  10125.0000
6.7100  10300.0000
6.7200  10250.0000
6.7300  9550.0000
6.7400  9850.0000
6.7500  9600.0000
6.7600  9350.0000
6.7700  10450.0000
6.7800  9400.0000
6.7900  9300.0000
6.8000  9725.0000
6.8100  9425.0000
6.8200  9975.0000
6.8300  9700.0000
6.8400  10050.0000
6.8500  9425.0000
6.8600  10250.0000
6.8700  10175.0000
6.8800  9800.0000
6.8900  9750.0000
6.9000  10225.0000
6.9100  9750.0000
6.9200  9850.0000
6.9300  10100.0000
6.9400  10650.0000
6.9500  9875.0000
6.9600  9725.0000
6.9700  9750.0000
6.9800  10000.0000
6.9900  10225.0000
7.0000  10400.0000
7.0100  10025.0000
7.0200  9425.0000
7.0300  9000.0000
7.0400  9700.0000
7.0500  10125.0000
7.0600  10525.0000
7.0700  10925.0000
7.0800  9700.0000
7.0900  9950.0000
7.1000  10025.0000
7.1100  10275.0000
7.1200  9875.0000
7.1300  10275.0000
7.1400  9450.0000
7.1500  10250.0000
7.1600  9950.0000
7.1700  10850.0000
7.1800  10875.0000
7.1900  10425.0000
7.2000  9850.0000
7.2100  9775.0000
7.2200  10050.0000
7.2300  10400.0000
7.2400  10150.0000
7.2500  10175.0000
7.2600  10100.0000
7.2700  10850.0000
7.2800  10375.0000
7.2900  8950.0000
7.3000  10375.0000
7.3100  10825.0000
7.3200  11225.0000
7.3300  10675.0000
7.3400  10725.0000
7.3500  9800.0000
7.3600  10325.0000
7.3700  9725.0000
7.3800  10825.0000
7.3900  10950.0000
7.4000  10000.0000
7.4100  10575.0000
7.4200  10150.0000
7.4300  10650.0000
7.4400  10575.0000
7.4500  11050.0000
7.4600  10850.0000
7.4700  9775.0000
7.4800  10700.0000
7.4900  10675.0000
7.5000  11100.0000
7.5100  10400.0000
7.5200  10600.0000
7.5300  10600.0000
7.5400  10375.0000
7.5500  10575.0000
7.5600  10150.0000
7.5700  10450.0000
7.5800  10075.0000
7.5900  11450.0000
7.6000  10725.0000
7.6100  10600.0000
7.6200  10375.0000
7.6300  10675.0000
7.6400  10900.0000
7.6500  12025.0000
7.6600  10850.0000
7.6700  11325.0000
7.6800  11250.0000
7.6900  11900.0000
7.7000  11650.0000
7.7100  11000.0000
7.7200  11850.0000
7.7300  10850.0000
7.7400  11100.0000
7.7500  10300.0000
7.7600  10650.0000
7.7700  10700.0000
7.7800  11175.0000
7.7900  11075.0000
7.8000  11225.0000
7.8100  11250.0000
7.8200  10675.0000
7.8300  11400.0000
7.8400  11225.0000
7.8500  11250.0000
7.8600  11025.0000
7.8700  10700.0000
7.8800  10525.0000
7.8900  11250.0000
7.9000  11150.0000
7.9100  11100.0000
7.9200  9925.0000
7.9300  11675.0000
7.9400  10450.0000
7.9500  10150.0000
7.9600  10000.0000
7.9700  11950.0000
7.9800  11750.0000
7.9900  11175.0000
8.0000  10950.0000
8.0100  11325.0000
8.0200  11450.0000
8.0300  11000.0000
8.0400  10525.0000
8.0500  11225.0000
8.0600  11375.0000
8.0700  10550.0000
8.0800  10475.0000
8.0900  10850.0000
8.1000  11025.0000
8.1100  11675.0000
8.1200  11975.0000
8.1300  11050.0000
8.1400  11350.0000
8.1500  10875.0000
8.1600  10950.0000
8.1700  11325.0000
8.1800  11475.0000
8.1900  11875.0000
8.2000  12100.0000
8.2100  10750.0000
8.2200  11525.0000
8.2300  10175.0000
8.2400  11325.0000
8.2500  10675.0000
8.2600  11450.0000
8.2700  11600.0000
8.2800  12575.0000
8.2900  12100.0000
8.3000  11550.0000
8.3100  11575.0000
8.3200  11750.0000
8.3300  11750.0000
8.3400  10300.0000
8.3500  11575.0000
8.3600  12175.0000
8.3700  11425.0000
8.3800  11750.0000
8.3900  12125.0000
8.4000  11900.0000
8.4100  12600.0000
8.4200  12150.0000
8.4300  12000.0000
8.4400  11925.0000
8.4500  12225.0000
8.4600  11950.0000
8.4700  12125.0000
8.4800  11875.0000
8.4900  11700.0000
8.5000  11600.0000
8.5100  11925.0000
8.5200  12450.0000
8.5300  12150.0000
8.5400  12400.0000
8.5500  11750.0000
8.5600  12225.0000
8.5700  11300.0000
8.5800  12400.0000
8.5900  12175.0000
8.6000  11425.0000
8.6100  11875.0000
8.6200  11600.0000
8.6300  11750.0000
8.6400  12750.0000
8.6500  12625.0000
8.6600  12150.0000
8.6700  12700.0000
8.6800  12175.0000
8.6900  12125.0000
8.7000  12200.0000
8.7100  12000.0000
8.7200  12025.0000
8.7300  12275.0000
8.7400  12375.0000
8.7500  11825.0000
8.7600  13050.0000
8.7700  13275.0000
8.7800  12200.0000
8.7900  12675.0000
8.8000  12100.0000
8.8100  13100.0000
8.8200  12650.0000
8.8300  12425.0000
8.8400  11600.0000
8.8500  12900.0000
8.8600  12250.0000
8.8700  12575.0000
8.8800  12525.0000
8.8900  13325.0000
8.9000  12150.0000
8.9100  12575.0000
8.9200  12825.0000
8.9300  12550.0000
8.9400  13050.0000
8.9500  12700.0000
8.9600  12725.0000
8.9700  13825.0000
8.9800  12675.0000
8.9900  11700.0000
9.0000  12300.0000
9.0100  12150.0000
9.0200  12325.0000
9.0300  12525.0000
9.0400  12300.0000
9.0500  13000.0000
9.0600  12850.0000
9.0700  12625.0000
9.0800  13975.0000
9.0900  13325.0000
9.1000  12775.0000
9.1100  12400.0000
9.1200  12000.0000
9.1300  12450.0000
9.1400  12300.0000
9.1500  12275.0000
9.1600  13075.0000
9.1700  11525.0000
9.1800  12175.0000
9.1900  12325.0000
9.2000  12450.0000
9.2100  12975.0000
9.2200  13175.0000
9.2300  13000.0000
9.2400  12750.0000
9.2500  12800.0000
9.2600  14125.0000
9.2700  13050.0000
9.2800  13650.0000
9.2900  12450.0000
9.3000  12975.0000
9.3100  12425.0000
9.3200  12950.0000
9.3300  13225.0000
9.3400  11950.0000
9.3500  12700.0000
9.3600  12850.0000
9.3700  11875.0000
9.3800  12175.0000
9.3900  13500.0000
9.4000  12650.0000
9.4100  12375.0000
9.4200  12175.0000
9.4300  12350.0000
9.4400  12400.0000
9.4500  13075.0000
9.4600  13450.0000
9.4700  13475.0000
9.4800  13725.0000
9.4900  12650.0000
9.5000  12450.0000
9.5100  13050.0000
9.5200  12375.0000
9.5300  12525.0000
9.5400  13475.0000
9.5500  12900.0000
9.5600  12900.0000
9.5700  11775.0000
9.5800  13225.0000
9.5900  12675.0000
9.6000  13375.0000
9.6100  12625.0000
9.6200  13250.0000
9.6300  13650.0000
9.6400  13050.0000
9.6500  13725.0000
9.6600  11875.0000
9.6700  12725.0000
9.6800  13550.0000
9.6900  10700.0000
9.7000  13550.0000
9.7100  13500.0000
9.7200  13250.0000
9.7300  12950.0000
9.7400  12675.0000
9.7500  13475.0000
9.7600  13525.0000
9.7700  14600.0000
9.7800  13475.0000
9.7900  12825.0000
9.8000  13375.0000
9.8100  14700.0000
9.8200  13725.0000
9.8300  12825.0000
9.8400  13675.0000
9.8500  13575.0000
9.8600  14100.0000
9.8700  12700.0000
9.8800  12575.0000
9.8900  12425.0000
9.9000  13375.0000
9.9100  13200.0000
9.9200  13100.0000
9.9300  13200.0000
9.9400  12975.0000
9.9500  13375.0000
9.9600  13650.0000
9.9700  14275.0000
9.9800  13575.0000
9.9900  13425.0000
10.0000  14075.0000
10.0100  13250.0000
10.0200  13825.0000
10.0300  12775.0000
10.0400  13525.0000
10.0500  14175.0000
10.0600  14000.0000
10.0700  13775.0000
10.0800  13725.0000
10.0900  13950.0000
10.1000  12725.0000
10.1100  13575.0000
10.1200  13250.0000
10.1300  13625.0000
10.1400  13300.0000
10.1500  13275.0000
10.1600  14150.0000
10.1700  13075.0000
10.1800  13200.0000
10.1900  13625.0000
10.2000  13650.0000
10.2100  13225.0000
10.2200  13050.0000
10.2300  12900.0000
10.2400  14475.0000
10.2500  13625.0000
10.2600  13050.0000
10.2700  13825.0000
10.2800  13525.0000
10.2900  14050.0000
10.3000  13525.0000
10.3100  13400.0000
10.3200  12575.0000
10.3300  12950.0000
10.3400  12875.0000
10.3500  13700.0000
10.3600  13300.0000
10.3700  13500.0000
10.3800  13400.0000
10.3900  13675.0000
10.4000  14150.0000
10.4100  13100.0000
10.4200  13000.0000
10.4300  13550.0000
10.4400  12550.0000
10.4500  12950.0000
10.4600  14400.0000
10.4700  13075.0000
10.4800  13100.0000
10.4900  14075.0000
10.5000  13725.0000
10.5100  13075.0000
10.5200  14150.0000
10.5300  14050.0000
10.5400  13500.0000
10.5500  14075.0000
10.5600  14275.0000
10.5700  14000.0000
10.5800  14150.0000
10.5900  13725.0000
10.6000  13500.0000
10.6100  13950.0000
10.6200  14800.0000
10.6300  13925.0000
10.6400  13400.0000
10.6500  14525.0000
10.6600  14125.0000
10.6700  13925.0000
10.6800  14850.0000
10.6900  14050.0000
10.7000  13550.0000
10.7100  14675.0000
10.7200  14375.0000
10.7300  13750.0000
10.7400  12750.0000
10.7500  13125.0000
10.7600  13875.0000
10.7700  14175.0000
10.7800  13850.0000
10.7900  13650.0000
10.8000  14000.0000
10.8100  14125.0000
10.8200  14625.0000
10.8300  14125.0000
10.8400  14875.0000
10.8500  14625.0000
10.8600  14300.0000
10.8700  14600.0000
10.8800  13250.0000
10.8900  13975.0000
10.9000  14300.0000
10.9100  14600.0000
10.9200  13325.0000
10.9300  14500.0000
10.9400  13600.0000
10.9500  13825.0000
10.9600  13450.0000
10.9700  13675.0000
10.9800  14475.0000
10.9900  14250.0000
11.0000  15625.0000
11.0100  14575.0000
11.0200  14500.0000
11.0300  13900.0000
11.0400  14625.0000
11.0500  14825.0000
11.0600  12800.0000
11.0700  13675.0000
11.0800  14100.0000
11.0900  14125.0000
11.1000  14400.0000
11.1100  14975.0000
11.1200  14900.0000
11.1300  14350.0000
11.1400  13125.0000
11.1500  14475.0000
11.1600  14200.0000
11.1700  14150.0000
11.1800  14150.0000
11.1900  14500.0000
11.2000  13500.0000
11.2100  14500.0000
11.2200  13925.0000
11.2300  13950.0000
11.2400  14775.0000
11.2500  14750.0000
11.2600  13500.0000
11.2700  13675.0000
11.2800  14025.0000
11.2900  14625.0000
11.3000  14825.0000
11.3100  14675.0000
11.3200  13275.0000
11.3300  14050.0000
11.3400  14425.0000
11.3500  15025.0000
11.3600  14325.0000
11.3700  15150.0000
11.3800  15275.0000
11.3900  14700.0000
11.4000  13600.0000
11.4100  13500.0000
11.4200  14475.0000
11.4300  13925.0000
11.4400  14100.0000
11.4500  14900.0000
11.4600  14150.0000
11.4700  14425.0000
11.4800  14825.0000
11.4900  14700.0000
11.5000  14775.0000
11.5100  14600.0000
11.5200  14675.0000
11.5300  13400.0000
11.5400  13675.0000
11.5500  14875.0000
11.5600  14425.0000
11.5700  15350.0000
11.5800  15025.0000
11.5900  14900.0000
11.6000  15275.0000
11.6100  15125.0000
11.6200  14475.0000
11.6300  14350.0000
11.6400  14775.0000
11.6500  14800.0000
11.6600  15350.0000
11.6700  14425.0000
11.6800  14150.0000
11.6900  15850.0000
11.7000  14800.0000
11.7100  14700.0000
11.7200  14525.0000
11.7300  15025.0000
11.7400  14825.0000
11.7500  13450.0000
11.7600  14625.0000
11.7700  15925.0000
11.7800  14250.0000
11.7900  14500.0000
11.8000  14525.0000
11.8100  15375.0000
11.8200  15450.0000
11.8300  14750.0000
11.8400  14050.0000
11.8500  15800.0000
11.8600  14725.0000
11.8700  14900.0000
11.8800  15500.0000
11.8900  14825.0000
11.9000  14850.0000
11.9100  16200.0000
11.9200  14000.0000
11.9300  15025.0000
11.9400  15775.0000
11.9500  14950.0000
11.9600  15325.0000
11.9700  15250.0000
11.9800  15375.0000
11.9900  15000.0000
12.0000  15550.0000
12.0100  15000.0000
12.0200  14450.0000
12.0300  14100.0000
12.0400  14300.0000
12.0500  14825.0000
12.0600  15750.0000
12.0700  15275.0000
12.0800  15125.0000
12.0900  16000.0000
12.1000  15325.0000
12.1100  16575.0000
12.1200  15450.0000
12.1300  15175.0000
12.1400  15650.0000
12.1500  14975.0000
12.1600  14725.0000
12.1700  15650.0000
12.1800  15825.0000
12.1900  15675.0000
12.2000  14275.0000
12.2100  15475.0000
12.2200  14750.0000
12.2300  15875.0000
12.2400  15200.0000
12.2500  15550.0000
12.2600  15900.0000
12.2700  15700.0000
12.2800  14150.0000
12.2900  15825.0000
12.3000  14875.0000
12.3100  14375.0000
12.3200  15375.0000
12.3300  14575.0000
12.3400  15450.0000
12.3500  15075.0000
12.3600  15350.0000
12.3700  16100.0000
12.3800  14625.0000
12.3900  15250.0000
12.4000  15450.0000
12.4100  15000.0000
12.4200  15850.0000
12.4300  15150.0000
12.4400  15050.0000
12.4500  14175.0000
12.4600  14900.0000
12.4700  16225.0000
12.4800  14900.0000
12.4900  15800.0000
12.5000  15450.0000
12.5100  15925.0000
12.5200  16600.0000
12.5300  15175.0000
12.5400  15200.0000
12.5500  14775.0000
12.5600  15200.0000
12.5700  14925.0000
12.5800  15750.0000
12.5900  15500.0000
12.6000  15300.0000
12.6100  15075.0000
12.6200  14825.0000
12.6300  15050.0000
12.6400  14375.0000
12.6500  15875.0000
12.6600  15150.0000
12.6700  15300.0000
12.6800  14475.0000
12.6900  15900.0000
12.7000  15325.0000
12.7100  14775.0000
12.7200  15750.0000
12.7300  15000.0000
12.7400  15575.0000
12.7500  15650.0000
12.7600  16700.0000
12.7700  16575.0000
12.7800  16100.0000
12.7900  16525.0000
12.8000  15250.0000
12.8100  15450.0000
12.8200  15700.0000
12.8300  15000.0000
12.8400  15300.0000
12.8500  16000.0000
12.8600  14750.0000
12.8700  15050.0000
12.8800  16425.0000
12.8900  14725.0000
12.9000  14475.0000
12.9100  15300.0000
12.9200  15975.0000
12.9300  15650.0000
12.9400  15875.0000
12.9500  16275.0000
12.9600  15825.0000
12.9700  16575.0000
12.9800  16000.0000
12.9900  16025.0000
13.0000  15450.0000
13.0100  15325.0000
13.0200  15575.0000
13.0300  16475.0000
13.0400  15850.0000
13.0500  16025.0000
13.0600  15975.0000
13.0700  15225.0000
13.0800  16125.0000
13.0900  16150.0000
13.1000  14900.0000
13.1100  15600.0000
13.1200  15450.0000
13.1300  14075.0000
13.1400  15775.0000
13.1500  16350.0000
13.1600  15175.0000
13.1700  15775.0000
13.1800  14950.0000
13.1900  17025.0000
13.2000  16250.0000
13.2100  14825.0000
13.2200  15825.0000
13.2300  16275.0000
13.2400  16700.0000
13.2500  15675.0000
13.2600  16175.0000
13.2700  16175.0000
13.2800  15600.0000
13.2900  14750.0000
13.3000  16250.0000
13.3100  15325.0000
13.3200  15500.0000
13.3300  15550.0000
13.3400  15725.0000
13.3500  15400.0000
13.3600  16400.0000
13.3700  16175.0000
13.3800  15600.0000
13.3900  16050.0000
13.4000  16000.0000
13.4100  16675.0000
13.4200  16900.0000
13.4300  16425.0000
13.4400  15400.0000
13.4500  16325.0000
13.4600  16625.0000
13.4700  16750.0000
13.4800  16000.0000
13.4900  15800.0000
13.5000  16325.0000
13.5100  15350.0000
13.5200  14800.0000
13.5300  15650.0000
13.5400  15575.0000
13.5500  15925.0000
13.5600  15500.0000
13.5700  15900.0000
13.5800  16325.0000
13.5900  15600.0000
13.6000  15275.0000
13.6100  16025.0000
13.6200  15650.0000
13.6300  16600.0000
13.6400  15475.0000
13.6500  16675.0000
13.6600  15425.0000
13.6700  14950.0000
13.6800  15600.0000
13.6900  15700.0000
13.7000  15875.0000
13.7100  16400.0000
13.7200  16200.0000
13.7300  15925.0000
13.7400  15900.0000
13.7500  15550.0000
13.7600  17100.0000
13.7700  15450.0000
13.7800  16300.0000
13.7900  15975.0000
13.8000  15750.0000
13.8100  16425.0000
13.8200  15900.0000
13.8300  16050.0000
13.8400  15175.0000
13.8500  16225.0000
13.8600  16050.0000
13.8700  16725.0000
13.8800  15975.0000
13.8900  15975.0000
13.9000  15375.0000
13.9100  15700.0000
13.9200  16225.0000
13.9300  16900.0000
13.9400  17300.0000
13.9500  18575.0000
13.9600  16775.0000
13.9700  16250.0000
13.9800  16025.0000
13.9900  16000.0000
14.0000  15300.0000
14.0100  17175.0000
14.0200  15925.0000
14.0300  16325.0000
14.0400  15875.0000
14.0500  16800.0000
14.0600  16100.0000
14.0700  16175.0000
14.0800  17000.0000
14.0900  15600.0000
14.1000  16150.0000
14.1100  15600.0000
14.1200  16200.0000
14.1300  16875.0000
14.1400  16550.0000
14.1500  15925.0000
14.1600  16775.0000
14.1700  16550.0000
14.1800  15275.0000
14.1900  16250.0000
14.2000  16400.0000
14.2100  15800.0000
14.2200  16475.0000
14.2300  17075.0000
14.2400  16075.0000
14.2500  16425.0000
14.2600  16750.0000
14.2700  15825.0000
14.2800  16350.0000
14.2900  16975.0000
14.3000  16000.0000
14.3100  16400.0000
14.3200  15850.0000
14.3300  17400.0000
14.3400  16875.0000
14.3500  17275.0000
14.3600  16925.0000
14.3700  16100.0000
14.3800  16550.0000
14.3900  17225.0000
14.4000  16025.0000
14.4100  16225.0000
14.4200  16750.0000
14.4300  15850.0000
14.4400  15900.0000
14.4500  17450.0000
14.4600  16650.0000
14.4700  15475.0000
14.4800  15850.0000
14.4900  15550.0000
14.5000  15750.0000
14.5100  15850.0000
14.5200  16950.0000
14.5300  17150.0000
14.5400  15550.0000
14.5500  16200.0000
14.5600  15575.0000
14.5700  15200.0000
14.5800  16400.0000
14.5900  15675.0000
14.6000  17275.0000
14.6100  17475.0000
14.6200  17550.0000
14.6300  16625.0000
14.6400  16900.0000
14.6500  16075.0000
14.6600  15225.0000
14.6700  16075.0000
14.6800  15475.0000
14.6900  15450.0000
14.7000  15750.0000
14.7100  15500.0000
14.7200  15550.0000
14.7300  15975.0000
14.7400  17725.0000
14.7500  17450.0000
14.7600  16100.0000
14.7700  16500.0000
14.7800  15300.0000
14.7900  16225.0000
14.8000  17275.0000
14.8100  15975.0000
14.8200  16875.0000
14.8300  15875.0000
14.8400  18175.0000
14.8500  16450.0000
14.8600  16550.0000
14.8700  16650.0000
14.8800  16775.0000
14.8900  17400.0000
14.9000  16150.0000
14.9100  16275.0000
14.9200  16600.0000
14.9300  16050.0000
14.9400  16900.0000
14.9500  17625.0000
14.9600  16400.0000
14.9700  16875.0000
14.9800  17200.0000
14.9900  16800.0000
15.0000  17025.0000
15.0100  16550.0000
15.0200  16500.0000
15.0300  16275.0000
15.0400  17775.0000
15.0500  16050.0000
15.0600  16325.0000
15.0700  16575.0000
15.0800  16650.0000
15.0900  15425.0000
15.1000  16250.0000
15.1100  16425.0000
15.1200  16750.0000
15.1300  16475.0000
15.1400  16400.0000
15.1500  15625.0000
15.1600  17725.0000
15.1700  16975.0000
15.1800  16075.0000
15.1900  17075.0000
15.2000  15275.0000
15.2100  15550.0000
15.2200  15800.0000
15.2300  16525.0000
15.2400  16350.0000
15.2500  16175.0000
15.2600  16425.0000
15.2700  15675.0000
15.2800  17050.0000
15.2900  16500.0000
15.3000  16925.0000
15.3100  16475.0000
15.3200  15925.0000
15.3300  15800.0000
15.3400  14975.0000
15.3500  15750.0000
15.3600  15925.0000
15.3700  16150.0000
15.3800  16725.0000
15.3900  16075.0000
15.4000  16075.0000
15.4100  17275.0000
15.4200  17750.0000
15.4300  16800.0000
15.4400  17900.0000
15.4500  17125.0000
15.4600  15375.0000
15.4700  16300.0000
15.4800  16200.0000
15.4900  15700.0000
15.5000  16400.0000
15.5100  16550.0000
15.5200  16675.0000
15.5300  15750.0000
15.5400  16100.0000
15.5500  16925.0000
15.5600  15925.0000
15.5700  16675.0000
15.5800  16250.0000
15.5900  16675.0000
15.6000  16625.0000
15.6100  16625.0000
15.6200  16350.0000
15.6300  16525.0000
15.6400  17450.0000
15.6500  17175.0000
15.6600  17875.0000
15.6700  17100.0000
15.6800  17600.0000
15.6900  16550.0000
15.7000  16500.0000
15.7100  16250.0000
15.7200  16975.0000
15.7300  16800.0000
15.7400  16650.0000
15.7500  17700.0000
15.7600  17475.0000
15.7700  17050.0000
15.7800  16325.0000
15.7900  16400.0000
15.8000  16425.0000
15.8100  17975.0000
15.8200  16775.0000
15.8300  16075.0000
15.8400  15775.0000
15.8500  15800.0000
15.8600  15050.0000
15.8700  16725.0000
15.8800  16200.0000
15.8900  15300.0000
15.9000  17375.0000
15.9100  16025.0000
15.9200  16100.0000
15.9300  15500.0000
15.9400  17075.0000
15.9500  16450.0000
15.9600  16725.0000
15.9700  16975.0000
15.9800  17175.0000
15.9900  17325.0000
16.0000  16075.0000
16.0100  16200.0000
16.0200  15500.0000
16.0300  17225.0000
16.0400  16950.0000
16.0500  17000.0000
16.0600  17775.0000
16.0700  17225.0000
16.0800  16950.0000
16.0900  17000.0000
16.1000  17150.0000
16.1100  18000.0000
16.1200  17575.0000
16.1300  16500.0000
16.1400  17500.0000
16.1500  16000.0000
16.1600  16725.0000
16.1700  15975.0000
16.1800  15850.0000
16.1900  17025.0000
16.2000  15425.0000
16.2100  17175.0000
16.2200  17050.0000
16.2300  16725.0000
16.2400  17100.0000
16.2500  17150.0000
16.2600  15975.0000
16.2700  16100.0000
16.2800  17000.0000
16.2900  17375.0000
16.3000  16425.0000
16.3100  17025.0000
16.3200  15975.0000
16.3300  16000.0000
16.3400  16450.0000
16.3500  16650.0000
16.3600  16850.0000
16.3700  16550.0000
16.3800  17150.0000
16.3900  16250.0000
16.4000  17325.0000
16.4100  17275.0000
16.4200  16450.0000
16.4300  17125.0000
16.4400  16450.0000
16.4500  17150.0000
16.4600  16575.0000
16.4700  16750.0000
16.4800  16325.0000
16.4900  17125.0000
16.5000  17100.0000
16.5100  15675.0000
16.5200  17900.0000
16.5300  17400.0000
16.5400  16000.0000
16.5500  16650.0000
16.5600  16975.0000
16.5700  16475.0000
16.5800  16200.0000
16.5900  16125.0000
16.6000  18075.0000
16.6100  17125.0000
16.6200  16675.0000
16.6300  16600.0000
16.6400  16425.0000
16.6500  15300.0000
16.6600  16575.0000
16.6700  16500.0000
16.6800  16525.0000
16.6900  16175.0000
16.7000  17825.0000
16.7100  16725.0000
16.7200  16125.0000
16.7300  16525.0000
16.7400  16125.0000
16.7500  15550.0000
16.7600  15900.0000
16.7700  17175.0000
16.7800  15625.0000
16.7900  16850.0000
16.8000  15825.0000
16.8100  16425.0000
16.8200  15825.0000
16.8300  17475.0000
16.8400  16525.0000
16.8500  16225.0000
16.8600  17450.0000
16.8700  16125.0000
16.8800  15575.0000
16.8900  16925.0000
16.9000  16575.0000
16.9100  16425.0000
16.9200  17175.0000
16.9300  18150.0000
16.9400  16925.0000
16.9500  17375.0000
16.9600  16950.0000
16.9700  16325.0000
16.9800  16600.0000
16.9900  16275.0000
17.0000  16150.0000
17.0100  16100.0000
17.0200  17300.0000
17.0300  18300.0000
17.0400  16000.0000
17.0500  17050.0000
17.0600  17325.0000
17.0700  17225.0000
17.0800  17200.0000
17.0900  16775.0000
17.1000  16600.0000
17.1100  17775.0000
17.1200  17400.0000
17.1300  16800.0000
17.1400  16125.0000
17.1500  17375.0000
17.1600  17125.0000
17.1700  18125.0000
17.1800  16675.0000
17.1900  16100.0000
17.2000  16700.0000
17.2100  16350.0000
17.2200  16450.0000
17.2300  17350.0000
17.2400  17075.0000
17.2500  16725.0000
17.2600  17800.0000
17.2700  16400.0000
17.2800  16350.0000
17.2900  16200.0000
17.3000  15975.0000
17.3100  16450.0000
17.3200  16550.0000
17.3300  17175.0000
17.3400  16675.0000
17.3500  16750.0000
17.3600  16575.0000
17.3700  17175.0000
17.3800  17325.0000
17.3900  16850.0000
17.4000  15825.0000
17.4100  17125.0000
17.4200  16050.0000
17.4300  16400.0000
17.4400  16850.0000
17.4500  16025.0000
17.4600  15750.0000
17.4700  17475.0000
17.4800  16950.0000
17.4900  16225.0000
17.5000  16625.0000
17.5100  17525.0000
17.5200  17850.0000
17.5300  17950.0000
17.5400  17650.0000
17.5500  16500.0000
17.5600  16525.0000
17.5700  16875.0000
17.5800  16350.0000
17.5900  15875.0000
17.6000  16275.0000
17.6100  16150.0000
17.6200  16675.0000
17.6300  16625.0000
17.6400  16675.0000
17.6500  16525.0000
17.6600  15800.0000
17.6700  16725.0000
17.6800  16650.0000
17.6900  17000.0000
17.7000  17125.0000
17.7100  16475.0000
17.7200  17775.0000
17.7300  16700.0000
17.7400  17050.0000
17.7500  16625.0000
17.7600  17075.0000
17.7700  18575.0000
17.7800  16775.0000
17.7900  15775.0000
17.8000  16150.0000
17.8100  16175.0000
17.8200  16500.0000
17.8300  16775.0000
17.8400  16850.0000
17.8500  16425.0000
17.8600  16750.0000
17.8700  16850.0000
17.8800  16975.0000
17.8900  15900.0000
17.9000  17100.0000
17.9100  16925.0000
17.9200  16325.0000
17.9300  17775.0000
17.9400  16050.0000
17.9500  15675.0000
17.9600  17050.0000
17.9700  17025.0000
17.9800  16700.0000
17.9900  16000.0000
18.0000  16625.0000
18.0100  16900.0000
18.0200  16600.0000
18.0300  16725.0000
18.0400  17400.0000
18.0500  16675.0000
18.0600  16475.0000
18.0700  16775.0000
18.0800  16625.0000
18.0900  17875.0000
18.1000  16875.0000
18.1100  17000.0000
18.1200  16125.0000
18.1300  17125.0000
18.1400  16075.0000
18.1500  16150.0000
18.1600  16100.0000
18.1700  16075.0000
18.1800  16075.0000
18.1900  17200.0000
18.2000  16500.0000
18.2100  16600.0000
18.2200  15375.0000
18.2300  16425.0000
18.2400  16475.0000
18.2500  15150.0000
18.2600  16950.0000
18.2700  16550.0000
18.2800  16000.0000
18.2900  16775.0000
18.3000  16050.0000
18.3100  16600.0000
18.3200  17225.0000
18.3300  17500.0000
18.3400  16750.0000
18.3500  16725.0000
18.3600  16600.0000
18.3700  16800.0000
18.3800  16800.0000
18.3900  16475.0000
18.4000  17300.0000
18.4100  17800.0000
18.4200  17100.0000
18.4300  17000.0000
18.4400  16675.0000
18.4500  16225.0000
18.4600  18725.0000
18.4700  17400.0000
18.4800  17025.0000
18.4900  15350.0000
18.5000  16450.0000
18.5100  17175.0000
18.5200  16125.0000
18.5300  16325.0000
18.5400  16950.0000
18.5500  15775.0000
18.5600  16025.0000
18.5700  17200.0000
18.5800  17075.0000
18.5900  16675.0000
18.6000  16650.0000
18.6100  16025.0000
18.6200  17350.0000
18.6300  16350.0000
18.6400  16700.0000
18.6500  16475.0000
18.6600  15925.0000
18.6700  17075.0000
18.6800  17075.0000
18.6900  17050.0000
18.7000  16575.0000
18.7100  16200.0000
18.7200  16700.0000
18.7300  15975.0000
18.7400  17600.0000
18.7500  16850.0000
18.7600  16575.0000
18.7700  15550.0000
18.7800  15450.0000
18.7900  15825.0000
18.8000  16350.0000
18.8100  16325.0000
18.8200  16400.0000
18.8300  15750.0000
18.8400  17350.0000
18.8500  16925.0000
18.8600  16675.0000
18.8700  15450.0000
18.8800  16350.0000
18.8900  16750.0000
18.9000  17325.0000
18.9100  16600.0000
18.9200  16225.0000
18.9300  17225.0000
18.9400  16125.0000
18.9500  16600.0000
18.9600  16325.0000
18.9700  15875.0000
18.9800  16500.0000
18.9900  16350.0000
19.0000  17350.0000
19.0100  16250.0000
19.0200  16050.0000
19.0300  16700.0000
19.0400  16625.0000
19.0500  16175.0000
19.0600  16350.0000
19.0700  17350.0000
19.0800  16650.0000
19.0900  17625.0000
19.1000  16450.0000
19.1100  15900.0000
19.1200  17050.0000
19.1300  17400.0000
19.1400  17000.0000
19.1500  15700.0000
19.1600  15925.0000
19.1700  17400.0000
19.1800  16200.0000
19.1900  15975.0000
19.2000  16750.0000
19.2100  17050.0000
19.2200  16325.0000
19.2300  16175.0000
19.2400  16250.0000
19.2500  17025.0000
19.2600  16975.0000
19.2700  17450.0000
19.2800  16600.0000
19.2900  15675.0000
19.3000  16925.0000
19.3100  17200.0000
19.3200  17025.0000
19.3300  15600.0000
19.3400  16275.0000
19.3500  15625.0000
19.3600  15975.0000
19.3700  16850.0000
19.3800  17575.0000
19.3900  16325.0000
19.4000  16550.0000
19.4100  17100.0000
19.4200  16350.0000
19.4300  16600.0000
19.4400  17025.0000
19.4500  17575.0000
19.4600  16925.0000
19.4700  17100.0000
19.4800  16800.0000
19.4900  16700.0000
19.5000  17300.0000
19.5100  16450.0000
19.5200  17025.0000
19.5300  16650.0000
19.5400  17475.0000
19.5500  16975.0000
19.5600  16300.0000
19.5700  15500.0000
19.5800  16425.0000
19.5900  15725.0000
19.6000  16150.0000
19.6100  16275.0000
19.6200  16075.0000
19.6300  16350.0000
19.6400  17200.0000
19.6500  16975.0000
19.6600  17100.0000
19.6700  17325.0000
19.6800  16200.0000
19.6900  16050.0000
19.7000  16675.0000
19.7100  16725.0000
19.7200  15425.0000
19.7300  16050.0000
19.7400  15875.0000
19.7500  16700.0000
19.7600  16450.0000
19.7700  17275.0000
19.7800  16575.0000
19.7900  16850.0000
19.8000  15850.0000
19.8100  16750.0000
19.8200  17225.0000
19.8300  16275.0000
19.8400  16475.0000
19.8500  16125.0000
19.8600  16975.0000
19.8700  16875.0000
19.8800  17200.0000
19.8900  16225.0000
19.9000  16650.0000
19.9100  17400.0000
19.9200  16300.0000
19.9300  16425.0000
19.9400  17550.0000
19.9500  16725.0000
19.9600  16700.0000
19.9700  17900.0000
19.9800  16225.0000
19.9900  16625.0000
20.0000  15875.0000
20.0100  15975.0000
20.0200  16925.0000
20.0300  18000.0000
20.0400  16725.0000
20.0500  16775.0000
20.0600  17975.0000
20.0700  16850.0000
20.0800  16575.0000
20.0900  17175.0000
20.1000  17275.0000
20.1100  16325.0000
20.1200  16800.0000
20.1300  17600.0000
20.1400  15850.0000
20.1500  16325.0000
20.1600  16600.0000
20.1700  15550.0000
20.1800  16900.0000
20.1900  17025.0000
20.2000  15875.0000
20.2100  17450.0000
20.2200  16600.0000
20.2300  15300.0000
20.2400  16525.0000
20.2500  16100.0000
20.2600  17275.0000
20.2700  16975.0000
20.2800  17425.0000
20.2900  17050.0000
20.3000  16500.0000
20.3100  16600.0000
20.3200  16650.0000
20.3300  17175.0000
20.3400  17525.0000
20.3500  16225.0000
20.3600  17400.0000
20.3700  16325.0000
20.3800  16900.0000
20.3900  16475.0000
20.4000  16875.0000
20.4100  16075.0000
20.4200  17400.0000
20.4300  16075.0000
20.4400  17125.0000
20.4500  17050.0000
20.4600  16750.0000
20.4700  17500.0000
20.4800  16675.0000
20.4900  17450.0000
20.5000  17300.0000
20.5100  16750.0000
20.5200  16750.0000
20.5300  16925.0000
20.5400  16975.0000
20.5500  16050.0000
20.5600  16525.0000
20.5700  16625.0000
20.5800  17300.0000
20.5900  17300.0000
20.6000  16850.0000
20.6100  17275.0000
20.6200  16025.0000
20.6300  16950.0000
20.6400  17075.0000
20.6500  16625.0000
20.6600  16775.0000
20.6700  17750.0000
20.6800  16625.0000
20.6900  16475.0000
20.7000  16000.0000
20.7100  16450.0000
20.7200  16800.0000
20.7300  17125.0000
20.7400  15800.0000
20.7500  16800.0000
20.7600  16650.0000
20.7700  15600.0000
20.7800  15800.0000
20.7900  15975.0000
20.8000  16425.0000
20.8100  17375.0000
20.8200  17975.0000
20.8300  17075.0000
20.8400  17325.0000
20.8500  17025.0000
20.8600  16500.0000
20.8700  16625.0000
20.8800  16425.0000
20.8900  16625.0000
20.9000  17450.0000
20.9100  16275.0000
20.9200  16900.0000
20.9300  16525.0000
20.9400  15775.0000
20.9500  15250.0000
20.9600  16075.0000
20.9700  16600.0000
20.9800  17875.0000
20.9900  17425.0000
21.0000  15825.0000
21.0100  15575.0000
21.0200  16125.0000
21.0300  17100.0000
21.0400  16975.0000
21.0500  16975.0000
21.0600  16450.0000
21.0700  16750.0000
21.0800  16650.0000
21.0900  17550.0000
21.1000  17225.0000
21.1100  17325.0000
21.1200  17025.0000
21.1300  17300.0000
21.1400  16300.0000
21.1500  15300.0000
21.1600  15500.0000
21.1700  17450.0000
21.1800  16625.0000
21.1900  16050.0000
21.2000  16775.0000
21.2100  16175.0000
21.2200  16525.0000
21.2300  16075.0000
21.2400  17600.0000
21.2500  16575.0000
21.2600  17025.0000
21.2700  16250.0000
21.2800  16550.0000
21.2900  15800.0000
21.3000  16900.0000
21.3100  17000.0000
21.3200  16525.0000
21.3300  16625.0000
21.3400  16150.0000
21.3500  16950.0000
21.3600  16600.0000
21.3700  16150.0000
21.3800  17400.0000
21.3900  16275.0000
21.4000  17850.0000
21.4100  16650.0000
21.4200  16725.0000
21.4300  17575.0000
21.4400  16300.0000
21.4500  16000.0000
21.4600  16225.0000
21.4700  17550.0000
21.4800  16125.0000
21.4900  16500.0000
21.5000  16000.0000
21.5100  16575.0000
21.5200  16150.0000
21.5300  16150.0000
21.5400  16775.0000
21.5500  16200.0000
21.5600  17200.0000
21.5700  16575.0000
21.5800  16675.0000
21.5900  17375.0000
21.6000  17175.0000
21.6100  16625.0000
21.6200  17100.0000
21.6300  16875.0000
21.6400  16625.0000
21.6500  16575.0000
21.6600  16775.0000
21.6700  16625.0000
21.6800  17875.0000
21.6900  17175.0000
21.7000  16475.0000
21.7100  16650.0000
21.7200  16425.0000
21.7300  16125.0000
21.7400  16200.0000
21.7500  17425.0000
21.7600  15925.0000
21.7700  16225.0000
21.7800  17175.0000
21.7900  17700.0000
21.8000  17775.0000
21.8100  16725.0000
21.8200  17350.0000
21.8300  16675.0000
21.8400  16150.0000
21.8500  16925.0000
21.8600  16750.0000
21.8700  17750.0000
21.8800  17625.0000
21.8900  15125.0000
21.9000  16800.0000
21.9100  16800.0000
21.9200  16700.0000
21.9300  16950.0000
21.9400  16600.0000
21.9500  17350.0000
21.9600  16875.0000
21.9700  17175.0000
21.9800  15900.0000
21.9900  16125.0000
22.0000  17200.0000
22.0100  16800.0000
22.0200  17525.0000
22.0300  16200.0000
22.0400  16625.0000
22.0500  15275.0000
22.0600  16200.0000
22.0700  15850.0000
22.0800  16800.0000
22.0900  17025.0000
22.1000  18325.0000
22.1100  17225.0000
22.1200  15675.0000
22.1300  16025.0000
22.1400  16525.0000
22.1500  16950.0000
22.1600  16100.0000
22.1700  15275.0000
22.1800  16975.0000
22.1900  17150.0000
22.2000  17125.0000
22.2100  17300.0000
22.2200  16575.0000
22.2300  16525.0000
22.2400  17750.0000
22.2500  17050.0000
22.2600  16650.0000
22.2700  16950.0000
22.2800  16450.0000
22.2900  16875.0000
22.3000  15975.0000
22.3100  16750.0000
22.3200  17300.0000
22.3300  16950.0000
22.3400  17900.0000
22.3500  17550.0000
22.3600  16525.0000
22.3700  16150.0000
22.3800  16050.0000
22.3900  16575.0000
22.4000  16275.0000
22.4100  16425.0000
22.4200  16250.0000
22.4300  16525.0000
22.4400  16325.0000
22.4500  16650.0000
22.4600  16225.0000
22.4700  18000.0000
22.4800  16550.0000
22.4900  16250.0000
22.5000  17425.0000
22.5100  17075.0000
22.5200  16275.0000
22.5300  15600.0000
22.5400  15400.0000
22.5500  16350.0000
22.5600  17000.0000
22.5700  17000.0000
22.5800  16000.0000
22.5900  16500.0000
22.6000  16500.0000
22.6100  16575.0000
22.6200  16600.0000
22.6300  16575.0000
22.6400  16425.0000
22.6500  16925.0000
22.6600  16775.0000
22.6700  17575.0000
22.6800  16950.0000
22.6900  16550.0000
22.7000  16775.0000
22.7100  16600.0000
22.7200  17600.0000
22.7300  17225.0000
22.7400  16000.0000
22.7500  16325.0000
22.7600  16525.0000
22.7700  16075.0000
22.7800  15975.0000
22.7900  16850.0000
22.8000  16250.0000
22.8100  16925.0000
22.8200  16700.0000
22.8300  17050.0000
22.8400  16475.0000
22.8500  17225.0000
22.8600  16325.0000
22.8700  16875.0000
22.8800  16300.0000
22.8900  16250.0000
22.9000  16675.0000
22.9100  17000.0000
22.9200  16200.0000
22.9300  16775.0000
22.9400  17350.0000
22.9500  17050.0000
22.9600  17450.0000
22.9700  16975.0000
22.9800  18075.0000
22.9900  16850.0000
23.0000  16775.0000
23.0100  16550.0000
23.0200  16625.0000
23.0300  16725.0000
23.0400  16150.0000
23.0500  17725.0000
23.0600  16775.0000
23.0700  14975.0000
23.0800  16600.0000
23.0900  17175.0000
23.1000  17475.0000
23.1100  17275.0000
23.1200  16600.0000
23.1300  17750.0000
23.1400  17325.0000
23.1500  17375.0000
23.1600  16925.0000
23.1700  17375.0000
23.1800  16800.0000
23.1900  18375.0000
23.2000  17225.0000
23.2100  17150.0000
23.2200  18425.0000
23.2300  15550.0000
23.2400  16575.0000
23.2500  16950.0000
23.2600  16850.0000
23.2700  16925.0000
23.2800  16725.0000
23.2900  17025.0000
23.3000  17275.0000
23.3100  17275.0000
23.3200  17025.0000
23.3300  18025.0000
23.3400  17900.0000
23.3500  16975.0000
23.3600  17225.0000
23.3700  17125.0000
23.3800  18025.0000
23.3900  18825.0000
23.4000  16600.0000
23.4100  16900.0000
23.4200  17375.0000
23.4300  17725.0000
23.4400  17750.0000
23.4500  17225.0000
23.4600  17325.0000
23.4700  17650.0000
23.4800  17425.0000
23.4900  17375.0000
23.5000  17625.0000
23.5100  18025.0000
23.5200  17500.0000
23.5300  17275.0000
23.5400  17700.0000
23.5500  17075.0000
23.5600  16300.0000
23.5700  17500.0000
23.5800  17475.0000
23.5900  18425.0000
23.6000  19050.0000
23.6100  19000.0000
23.6200  18425.0000
23.6300  17575.0000
23.6400  19475.0000
23.6500  18050.0000
23.6600  16975.0000
23.6700  18425.0000
23.6800  20025.0000
23.6900  19725.0000
23.7000  19450.0000
23.7100  18300.0000
23.7200  21175.0000
23.7300  21075.0000
23.7400  21400.0000
23.7500  21750.0000
23.7600  22400.0000
23.7700  21975.0000
23.7800  22175.0000
23.7900  23825.0000
23.8000  25150.0000
23.8100  25175.0000
23.8200  26900.0000
23.8300  28525.0000
23.8400  30000.0000
23.8500  32300.0000
23.8600  35625.0000
23.8700  37975.0000
23.8800  43150.0000
23.8900  49125.0000
23.9000  51900.0000
23.9100  60625.0000
23.9200  65250.0000
23.9300  70075.0000
23.9400  78225.0000
23.9500  82525.0000
23.9600  88250.0000
23.9700  89375.0000
23.9800  96000.0000
23.9900  94125.0000
24.0000  90825.0000
24.0100  84600.0000
24.0200  77500.0000
24.0300  74250.0000
24.0400  66875.0000
24.0500  60875.0000
24.0600  56775.0000
24.0700  51425.0000
24.0800  44650.0000
24.0900  39300.0000
24.1000  34800.0000
24.1100  31675.0000
24.1200  31100.0000
24.1300  27725.0000
24.1400  26925.0000
24.1500  25100.0000
24.1600  24025.0000
24.1700  23775.0000
24.1800  22700.0000
24.1900  20675.0000
24.2000  21025.0000
24.2100  20475.0000
24.2200  20625.0000
24.2300  21000.0000
24.2400  19850.0000
24.2500  19125.0000
24.2600  18800.0000
24.2700  18850.0000
24.2800  18650.0000
24.2900  18700.0000
24.3000  17875.0000
24.3100  17550.0000
24.3200  17875.0000
24.3300  17950.0000
24.3400  17900.0000
24.3500  18575.0000
24.3600  17975.0000
24.3700  18675.0000
24.3800  18725.0000
24.3900  17125.0000
24.4000  17875.0000
24.4100  17700.0000
24.4200  18475.0000
24.4300  17975.0000
24.4400  17825.0000
24.4500  16525.0000
24.4600  16950.0000
24.4700  17550.0000
24.4800  17150.0000
24.4900  18075.0000
24.5000  16925.0000
24.5100  16775.0000
24.5200  17325.0000
24.5300  17525.0000
24.5400  17200.0000
24.5500  18000.0000
24.5600  18300.0000
24.5700  16775.0000
24.5800  17650.0000
24.5900  16475.0000
24.6000  16000.0000
24.6100  16900.0000
24.6200  16300.0000
24.6300  16875.0000
24.6400  17225.0000
24.6500  18275.0000
24.6600  16600.0000
24.6700  17975.0000
24.6800  16725.0000
24.6900  17825.0000
24.7000  18025.0000
24.7100  16425.0000
24.7200  17550.0000
24.7300  17700.0000
24.7400  15650.0000
24.7500  16550.0000
24.7600  17225.0000
24.7700  18825.0000
24.7800  17200.0000
24.7900  16325.0000
24.8000  15800.0000
24.8100  17400.0000
24.8200  16875.0000
24.8300  17375.0000
24.8400  18050.0000
24.8500  15875.0000
24.8600  16325.0000
24.8700  16875.0000
24.8800  17475.0000
24.8900  16975.0000
24.9000  17400.0000
24.9100  16900.0000
24.9200  16550.0000
24.9300  16500.0000
24.9400  17450.0000
24.9500  16800.0000
24.9600  16725.0000
24.9700  16200.0000
24.9800  17825.0000
24.9900  16850.0000
25.0000  16575.0000
25.0100  17725.0000
25.0200  17575.0000
25.0300  16850.0000
25.0400  17575.0000
25.0500  17325.0000
25.0600  17100.0000
25.0700  16625.0000
25.0800  16325.0000
25.0900  16600.0000
25.1000  17775.0000
25.1100  16525.0000
25.1200  16100.0000
25.1300  16200.0000
25.1400  16850.0000
25.1500  16875.0000
25.1600  16550.0000
25.1700  16550.0000
25.1800  16975.0000
25.1900  17350.0000
25.2000  17125.0000
25.2100  16975.0000
25.2200  16225.0000
25.2300  17800.0000
25.2400  17600.0000
25.2500  17100.0000
25.2600  17200.0000
25.2700  17000.0000
25.2800  17025.0000
25.2900  15500.0000
25.3000  16525.0000
25.3100  17800.0000
25.3200  17050.0000
25.3300  15825.0000
25.3400  17300.0000
25.3500  16925.0000
25.3600  16850.0000
25.3700  15975.0000
25.3800  16900.0000
25.3900  16050.0000
25.4000  16600.0000
25.4100  16300.0000
25.4200  16875.0000
25.4300  16975.0000
25.4400  17150.0000
25.4500  16100.0000
25.4600  16150.0000
25.4700  17350.0000
25.4800  17425.0000
25.4900  16175.0000
25.5000  16950.0000
25.5100  16500.0000
25.5200  16175.0000
25.5300  16550.0000
25.5400  16450.0000
25.5500  16400.0000
25.5600  15875.0000
25.5700  16625.0000
25.5800  16675.0000
25.5900  16875.0000
25.6000  16875.0000
25.6100  15850.0000
25.6200  18375.0000
25.6300  16950.0000
25.6400  17775.0000
25.6500  17025.0000
25.6600  16025.0000
25.6700  17200.0000
25.6800  16800.0000
25.6900  16250.0000
25.7000  16675.0000
25.7100  16525.0000
25.7200  16500.0000
25.7300  16000.0000
25.7400  16950.0000
25.7500  17950.0000
25.7600  18500.0000
25.7700  16675.0000
25.7800  17175.0000
25.7900  16125.0000
25.8000  17175.0000
25.8100  17025.0000
25.8200  16450.0000
25.8300  17125.0000
25.8400  16700.0000
25.8500  17275.0000
25.8600  16450.0000
25.8700  16700.0000
25.8800  17225.0000
25.8900  16050.0000
25.9000  16025.0000
25.9100  16450.0000
25.9200  17200.0000
25.9300  17425.0000
25.9400  16775.0000
25.9500  16975.0000
25.9600  16775.0000
25.9700  15650.0000
25.9800  17300.0000
25.9900  16950.0000
26.0000  16700.0000
26.0100  16750.0000
26.0200  16675.0000
26.0300  16175.0000
26.0400  16550.0000
26.0500  16550.0000
26.0600  16300.0000
26.0700  16450.0000
26.0800  16575.0000
26.0900  16600.0000
26.1000  17300.0000
26.1100  15850.0000
26.1200  17125.0000
26.1300  17000.0000
26.1400  16850.0000
26.1500  15975.0000
26.1600  17100.0000
26.1700  16275.0000
26.1800  17075.0000
26.1900  16150.0000
26.2000  17650.0000
26.2100  16475.0000
26.2200  16025.0000
26.2300  16575.0000
26.2400  16850.0000
26.2500  17050.0000
26.2600  17050.0000
26.2700  16400.0000
26.2800  16000.0000
26.2900  17375.0000
26.3000  17375.0000
26.3100  17525.0000
26.3200  15750.0000
26.3300  17425.0000
26.3400  16800.0000
26.3500  16350.0000
26.3600  16875.0000
26.3700  16275.0000
26.3800  16125.0000
26.3900  15675.0000
26.4000  16850.0000
26.4100  16100.0000
26.4200  16925.0000
26.4300  16725.0000
26.4400  16575.0000
26.4500  17375.0000
26.4600  17575.0000
26.4700  16625.0000
26.4800  15700.0000
26.4900  17850.0000
26.5000  16975.0000
26.5100  17550.0000
26.5200  17775.0000
26.5300  16575.0000
26.5400  16100.0000
26.5500  17100.0000
26.5600  16275.0000
26.5700  17000.0000
26.5800  17575.0000
26.5900  16750.0000
26.6000  17625.0000
26.6100  16500.0000
26.6200  16900.0000
26.6300  17300.0000
26.6400  17500.0000
26.6500  17150.0000
26.6600  17450.0000
26.6700  16725.0000
26.6800  16725.0000
26.6900  18125.0000
26.7000  16425.0000
26.7100  16525.0000
26.7200  16225.0000
26.7300  17175.0000
26.7400  16725.0000
26.7500  17775.0000
26.7600  17925.0000
26.7700  16575.0000
26.7800  16500.0000
26.7900  16925.0000
26.8000  17450.0000
26.8100  17125.0000
26.8200  16950.0000
26.8300  16225.0000
26.8400  17425.0000
26.8500  17325.0000
26.8600  16550.0000
26.8700  16350.0000
26.8800  16450.0000
26.8900  16750.0000
26.9000  16800.0000
26.9100  17150.0000
26.9200  16900.0000
26.9300  18400.0000
26.9400  17300.0000
26.9500  16175.0000
26.9600  17500.0000
26.9700  17100.0000
26.9800  15325.0000
26.9900  16775.0000
27.0000  16225.0000
27.0100  16400.0000
27.0200  16775.0000
27.0300  16600.0000
27.0400  16700.0000
27.0500  16850.0000
27.0600  17925.0000
27.0700  16575.0000
27.0800  15825.0000
27.0900  16000.0000
27.1000  16500.0000
27.1100  16475.0000
27.1200  16050.0000
27.1300  16175.0000
27.1400  16650.0000
27.1500  17375.0000
27.1600  16000.0000
27.1700  16675.0000
27.1800  18175.0000
27.1900  17800.0000
27.2000  17200.0000
27.2100  17300.0000
27.2200  17950.0000
27.2300  17225.0000
27.2400  16325.0000
27.2500  17050.0000
27.2600  17875.0000
27.2700  17075.0000
27.2800  17625.0000
27.2900  16500.0000
27.3000  17550.0000
27.3100  17100.0000
27.3200  17300.0000
27.3300  16075.0000
27.3400  14750.0000
27.3500  17650.0000
27.3600  17650.0000
27.3700  17475.0000
27.3800  16575.0000
27.3900  17550.0000
27.4000  17200.0000
27.4100  17000.0000
27.4200  16625.0000
27.4300  16325.0000
27.4400  17750.0000
27.4500  17025.0000
27.4600  17575.0000
27.4700  16050.0000
27.4800  17725.0000
27.4900  16875.0000
27.5000  17225.0000
27.5100  17575.0000
27.5200  15975.0000
27.5300  16325.0000
27.5400  16350.0000
27.5500  17550.0000
27.5600  17200.0000
27.5700  17350.0000
27.5800  15575.0000
27.5900  17050.0000
27.6000  15275.0000
27.6100  16850.0000
27.6200  16675.0000
27.6300  17025.0000
27.6400  16000.0000
27.6500  15925.0000
27.6600  16725.0000
27.6700  16150.0000
27.6800  17550.0000
27.6900  16800.0000
27.7000  16600.0000
27.7100  16700.0000
27.7200  17800.0000
27.7300  17400.0000
27.7400  18050.0000
27.7500  16575.0000
27.7600  17000.0000
27.7700  17425.0000
27.7800  17775.0000
27.7900  16725.0000
27.8000  16775.0000
27.8100  15650.0000
27.8200  16925.0000
27.8300  17200.0000
27.8400  17425.0000
27.8500  17225.0000
27.8600  17300.0000
27.8700  17450.0000
27.8800  17475.0000
27.8900  17125.0000
27.9000  16650.0000
27.9100  16525.0000
27.9200  16075.0000
27.9300  16000.0000
27.9400  18450.0000
27.9500  15800.0000
27.9600  16750.0000
27.9700  16300.0000
27.9800  17300.0000
27.9900  16875.0000
28.0000  18150.0000
28.0100  16800.0000
28.0200  17375.0000
28.0300  17175.0000
28.0400  17850.0000
28.0500  18125.0000
28.0600  17700.0000
28.0700  16600.0000
28.0800  16675.0000
28.0900  16950.0000
28.1000  16775.0000
28.1100  16250.0000
28.1200  17000.0000
28.1300  17550.0000
28.1400  17400.0000
28.1500  18400.0000
28.1600  17100.0000
28.1700  17300.0000
28.1800  16725.0000
28.1900  16350.0000
28.2000  16425.0000
28.2100  16975.0000
28.2200  16150.0000
28.2300  16575.0000
28.2400  16325.0000
28.2500  16700.0000
28.2600  16875.0000
28.2700  17175.0000
28.2800  15975.0000
28.2900  17275.0000
28.3000  16800.0000
28.3100  17600.0000
28.3200  16275.0000
28.3300  16775.0000
28.3400  16800.0000
28.3500  15775.0000
28.3600  17325.0000
28.3700  17275.0000
28.3800  17050.0000
28.3900  17000.0000
28.4000  17050.0000
28.4100  16725.0000
28.4200  16775.0000
28.4300  16800.0000
28.4400  16775.0000
28.4500  17225.0000
28.4600  16275.0000
28.4700  17225.0000
28.4800  16625.0000
28.4900  15750.0000
28.5000  16300.0000
28.5100  16850.0000
28.5200  16300.0000
28.5300  17800.0000
28.5400  17200.0000
28.5500  16300.0000
28.5600  17125.0000
28.5700  17600.0000
28.5800  15700.0000
28.5900  17625.0000
28.6000  16600.0000
28.6100  16725.0000
28.6200  17275.0000
28.6300  16575.0000
28.6400  16650.0000
28.6500  18525.0000
28.6600  17275.0000
28.6700  18050.0000
28.6800  17500.0000
28.6900  17275.0000
28.7000  17950.0000
28.7100  16525.0000
28.7200  16050.0000
28.7300  16900.0000
28.7400  16450.0000
28.7500  16800.0000
28.7600  17325.0000
28.7700  17075.0000
28.7800  15800.0000
28.7900  16175.0000
28.8000  17425.0000
28.8100  17275.0000
28.8200  17225.0000
28.8300  16475.0000
28.8400  17075.0000
28.8500  16425.0000
28.8600  15775.0000
28.8700  16275.0000
28.8800  16250.0000
28.8900  18225.0000
28.9000  16350.0000
28.9100  18025.0000
28.9200  17975.0000
28.9300  17425.0000
28.9400  16550.0000
28.9500  15775.0000
28.9600  16950.0000
28.9700  17050.0000
28.9800  17500.0000
28.9900  17050.0000
29.0000  16125.0000
29.0100  16300.0000
29.0200  17475.0000
29.0300  16925.0000
29.0400  17175.0000
29.0500  16425.0000
29.0600  17200.0000
29.0700  17375.0000
29.0800  17375.0000
29.0900  17175.0000
29.1000  16175.0000
29.1100  17325.0000
29.1200  15800.0000
29.1300  16325.0000
29.1400  16000.0000
29.1500  17175.0000
29.1600  16575.0000
29.1700  17300.0000
29.1800  17875.0000
29.1900  15725.0000
29.2000  15500.0000
29.2100  17475.0000
29.2200  16425.0000
29.2300  15900.0000
29.2400  16075.0000
29.2500  16625.0000
29.2600  15375.0000
29.2700  15750.0000
29.2800  17400.0000
29.2900  15900.0000
29.3000  15900.0000
29.3100  17450.0000
29.3200  16575.0000
29.3300  17100.0000
29.3400  16525.0000
29.3500  18150.0000
29.3600  17450.0000
29.3700  17350.0000
29.3800  16750.0000
29.3900  16225.0000
29.4000  18050.0000
29.4100  17175.0000
29.4200  16525.0000
29.4300  17575.0000
29.4400  17300.0000
29.4500  17950.0000
29.4600  16750.0000
29.4700  17150.0000
29.4800  16625.0000
29.4900  16050.0000
29.5000  16675.0000
29.5100  16950.0000
29.5200  17025.0000
29.5300  15900.0000
29.5400  17125.0000
29.5500  18375.0000
29.5600  17500.0000
29.5700  17725.0000
29.5800  16875.0000
29.5900  16675.0000
29.6000  16200.0000
29.6100  17375.0000
29.6200  16775.0000
29.6300  16850.0000
29.6400  16750.0000
29.6500  16350.0000
29.6600  17275.0000
29.6700  17200.0000
29.6800  16125.0000
29.6900  16750.0000
29.7000  16225.0000
29.7100  16575.0000
29.7200  17375.0000
29.7300  17275.0000
29.7400  16025.0000
29.7500  16775.0000
29.7600  15925.0000
29.7700  16450.0000
29.7800  16550.0000
29.7900  16200.0000
29.8000  16125.0000
29.8100  15975.0000
29.8200  16450.0000
29.8300  15450.0000
29.8400  16025.0000
29.8500  16075.0000
29.8600  17550.0000
29.8700  17025.0000
29.8800  17625.0000
29.8900  17550.0000
29.9000  17425.0000
29.9100  17350.0000
29.9200  17500.0000
29.9300  16575.0000
29.9400  17550.0000
29.9500  17175.0000
29.9600  16650.0000
29.9700  16550.0000
29.9800  16250.0000
29.9900  16400.0000
30.0000  17100.0000
30.0100  16250.0000
30.0200  15700.0000
30.0300  16300.0000
30.0400  16325.0000
30.0500  16300.0000
30.0600  16350.0000
30.0700  15550.0000
30.0800  17050.0000
30.0900  16175.0000
30.1000  16725.0000
30.1100  16400.0000
30.1200  16025.0000
30.1300  17200.0000
30.1400  17425.0000
30.1500  17100.0000
30.1600  16200.0000
30.1700  16575.0000
30.1800  16225.0000
30.1900  16500.0000
30.2000  17825.0000
30.2100  17075.0000
30.2200  17025.0000
30.2300  17350.0000
30.2400  15700.0000
30.2500  16400.0000
30.2600  17750.0000
30.2700  16275.0000
30.2800  16675.0000
30.2900  16150.0000
30.3000  16800.0000
30.3100  16350.0000
30.3200  17000.0000
30.3300  16225.0000
30.3400  16500.0000
30.3500  16475.0000
30.3600  17275.0000
30.3700  16875.0000
30.3800  16875.0000
30.3900  16550.0000
30.4000  15575.0000
30.4100  17775.0000
30.4200  17650.0000
30.4300  16800.0000
30.4400  16000.0000
30.4500  17125.0000
30.4600  16925.0000
30.4700  17525.0000
30.4800  16175.0000
30.4900  17200.0000
30.5000  17125.0000
30.5100  16625.0000
30.5200  16625.0000
30.5300  16800.0000
30.5400  16800.0000
30.5500  17225.0000
30.5600  17625.0000
30.5700  16625.0000
30.5800  16925.0000
30.5900  17375.0000
30.6000  16225.0000
30.6100  16275.0000
30.6200  16950.0000
30.6300  18000.0000
30.6400  16525.0000
30.6500  15900.0000
30.6600  16625.0000
30.6700  17775.0000
30.6800  16925.0000
30.6900  16725.0000
30.7000  16425.0000
30.7100  16025.0000
30.7200  16950.0000
30.7300  16050.0000
30.7400  17400.0000
30.7500  16550.0000
30.7600  16925.0000
30.7700  16400.0000
30.7800  16275.0000
30.7900  16000.0000
30.8000  15325.0000
30.8100  15875.0000
30.8200  16800.0000
30.8300  16675.0000
30.8400  17450.0000
30.8500  17150.0000
30.8600  16325.0000
30.8700  16950.0000
30.8800  16300.0000
30.8900  15975.0000
30.9000  16450.0000
30.9100  16500.0000
30.9200  17525.0000
30.9300  16550.0000
30.9400  16100.0000
30.9500  16500.0000
30.9600  15975.0000
30.9700  15625.0000
30.9800  16300.0000
30.9900  14550.0000
31.0000  16025.0000
31.0100  16250.0000
31.0200  16750.0000
31.0300  17925.0000
31.0400  17350.0000
31.0500  16475.0000
31.0600  16275.0000
31.0700  16325.0000
31.0800  16525.0000
31.0900  17175.0000
31.1000  16125.0000
31.1100  15500.0000
31.1200  16950.0000
31.1300  16325.0000
31.1400  17050.0000
31.1500  17725.0000
31.1600  17425.0000
31.1700  16625.0000
31.1800  16225.0000
31.1900  15875.0000
31.2000  16325.0000
31.2100  17025.0000
31.2200  16775.0000
31.2300  16775.0000
31.2400  15500.0000
31.2500  17200.0000
31.2600  17925.0000
31.2700  17100.0000
31.2800  16900.0000
31.2900  16575.0000
31.3000  16750.0000
31.3100  16350.0000
31.3200  16400.0000
31.3300  17375.0000
31.3400  17200.0000
31.3500  15725.0000
31.3600  16950.0000
31.3700  16800.0000
31.3800  16625.0000
31.3900  16025.0000
31.4000  16675.0000
31.4100  15400.0000
31.4200  16525.0000
31.4300  16875.0000
31.4400  17075.0000
31.4500  16075.0000
31.4600  16550.0000
31.4700  16300.0000
31.4800  16500.0000
31.4900  16250.0000
31.5000  16500.0000
31.5100  16725.0000
31.5200  16100.0000
31.5300  16925.0000
31.5400  16975.0000
31.5500  16050.0000
31.5600  16625.0000
31.5700  16050.0000
31.5800  16525.0000
31.5900  17500.0000
31.6000  16200.0000
31.6100  17300.0000
31.6200  16650.0000
31.6300  16450.0000
31.6400  16750.0000
31.6500  17350.0000
31.6600  16900.0000
31.6700  16150.0000
31.6800  16050.0000
31.6900  16250.0000
31.7000  17350.0000
31.7100  17200.0000
31.7200  15425.0000
31.7300  15475.0000
31.7400  15775.0000
31.7500  16225.0000
31.7600  16625.0000
31.7700  17525.0000
31.7800  15850.0000
31.7900  17000.0000
31.8000  16575.0000
31.8100  16650.0000
31.8200  16250.0000
31.8300  16950.0000
31.8400  16450.0000
31.8500  17225.0000
31.8600  16300.0000
31.8700  16575.0000
31.8800  16925.0000
31.8900  17550.0000
31.9000  16275.0000
31.9100  17200.0000
31.9200  16100.0000
31.9300  16175.0000
31.9400  16725.0000
31.9500  18175.0000
31.9600  16925.0000
31.9700  16600.0000
31.9800  16050.0000
31.9900  16750.0000
32.0000  16500.0000
32.0100  17425.0000
32.0200  16250.0000
32.0300  16725.0000
32.0400  15625.0000
32.0500  16725.0000
32.0600  16950.0000
32.0700  15825.0000
32.0800  16675.0000
32.0900  17700.0000
32.1000  16700.0000
32.1100  16475.0000
32.1200  16425.0000
32.1300  17150.0000
32.1400  16725.0000
32.1500  16625.0000
32.1600  17275.0000
32.1700  17325.0000
32.1800  17725.0000
32.1900  17450.0000
32.2000  17125.0000
32.2100  17400.0000
32.2200  17225.0000
32.2300  16950.0000
32.2400  16675.0000
32.2500  16900.0000
32.2600  16500.0000
32.2700  18025.0000
32.2800  16050.0000
32.2900  16275.0000
32.3000  16625.0000
32.3100  17600.0000
32.3200  15650.0000
32.3300  17150.0000
32.3400  15775.0000
32.3500  16900.0000
32.3600  16625.0000
32.3700  18300.0000
32.3800  16250.0000
32.3900  16275.0000
32.4000  16325.0000
32.4100  17075.0000
32.4200  15725.0000
32.4300  15800.0000
32.4400  17050.0000
32.4500  16950.0000
32.4600  16800.0000
32.4700  16925.0000
32.4800  17325.0000
32.4900  15875.0000
32.5000  15450.0000
32.5100  16300.0000
32.5200  17225.0000
32.5300  16675.0000
32.5400  17650.0000
32.5500  16975.0000
32.5600  16300.0000
32.5700  15425.0000
32.5800  16550.0000
32.5900  15375.0000
32.6000  17025.0000
32.6100  18250.0000
32.6200  16475.0000
32.6300  16700.0000
32.6400  16350.0000
32.6500  16425.0000
32.6600  16875.0000
32.6700  16900.0000
32.6800  17700.0000
32.6900  16525.0000
32.7000  16200.0000
32.7100  16550.0000
32.7200  16300.0000
32.7300  16200.0000
32.7400  16450.0000
32.7500  17400.0000
32.7600  17750.0000
32.7700  17000.0000
32.7800  15550.0000
32.7900  16475.0000
32.8000  15575.0000
32.8100  16900.0000
32.8200  16800.0000
32.8300  16975.0000
32.8400  17350.0000
32.8500  17450.0000
32.8600  16075.0000
32.8700  16675.0000
32.8800  16975.0000
32.8900  16150.0000
32.9000  17025.0000
32.9100  16000.0000
32.9200  17050.0000
32.9300  16225.0000
32.9400  17300.0000
32.9500  16900.0000
32.9600  16700.0000
32.9700  16875.0000
32.9800  16425.0000
32.9900  17650.0000
33.0000  17125.0000
33.0100  17200.0000
33.0200  16975.0000
33.0300  16725.0000
33.0400  16050.0000
33.0500  16700.0000
33.0600  17550.0000
33.0700  17400.0000
33.0800  17025.0000
33.0900  16800.0000
33.1000  17225.0000
33.1100  16950.0000
33.1200  16325.0000
33.1300  16550.0000
33.1400  15825.0000
33.1500  16350.0000
33.1600  16425.0000
33.1700  16400.0000
33.1800  17225.0000
33.1900  17150.0000
33.2000  16000.0000
33.2100  17875.0000
33.2200  17425.0000
33.2300  16925.0000
33.2400  16875.0000
33.2500  16725.0000
33.2600  16850.0000
33.2700  16750.0000
33.2800  16050.0000
33.2900  16350.0000
33.3000  16900.0000
33.3100  16325.0000
33.3200  17525.0000
33.3300  17175.0000
33.3400  16775.0000
33.3500  16600.0000
33.3600  17550.0000
33.3700  17175.0000
33.3800  17800.0000
33.3900  17900.0000
33.4000  18800.0000
33.4100  19125.0000
33.4200  18575.0000
33.4300  18600.0000
33.4400  18500.0000
33.4500  18575.0000
33.4600  19125.0000
33.4700  19775.0000
33.4800  19175.0000
33.4900  20725.0000
33.5000  21375.0000
33.5100  20550.0000
33.5200  21350.0000
33.5300  22150.0000
33.5400  22200.0000
33.5500  22300.0000
33.5600  23825.0000
33.5700  22650.0000
33.5800  23875.0000
33.5900  23050.0000
33.6000  23850.0000
33.6100  23625.0000
33.6200  23925.0000
33.6300  21700.0000
33.6400  23625.0000
33.6500  22300.0000
33.6600  23100.0000
33.6700  20950.0000
33.6800  22125.0000
33.6900  20150.0000
33.7000  20800.0000
33.7100  20850.0000
33.7200  19300.0000
33.7300  19150.0000
33.7400  17750.0000
33.7500  18950.0000
33.7600  18500.0000
33.7700  18000.0000
33.7800  16775.0000
33.7900  18125.0000
33.8000  18725.0000
33.8100  16500.0000
33.8200  18400.0000
33.8300  17200.0000
33.8400  18350.0000
33.8500  17300.0000
33.8600  16950.0000
33.8700  17425.0000
33.8800  16700.0000
33.8900  17075.0000
33.9000  16350.0000
33.9100  17600.0000
33.9200  17100.0000
33.9300  18050.0000
33.9400  18000.0000
33.9500  16950.0000
33.9600  17500.0000
33.9700  16600.0000
33.9800  17525.0000
33.9900  16450.0000
34.0000  17225.0000
34.0100  17425.0000
34.0200  16900.0000
34.0300  16325.0000
34.0400  17225.0000
34.0500  17050.0000
34.0600  16475.0000
34.0700  17875.0000
34.0800  16600.0000
34.0900  16925.0000
34.1000  15900.0000
34.1100  16000.0000
34.1200  16775.0000
34.1300  16800.0000
34.1400  17375.0000
34.1500  16900.0000
34.1600  17400.0000
34.1700  17950.0000
34.1800  16850.0000
34.1900  17200.0000
34.2000  16875.0000
34.2100  16575.0000
34.2200  16925.0000
34.2300  17450.0000
34.2400  16800.0000
34.2500  16775.0000
34.2600  16725.0000
34.2700  16700.0000
34.2800  17450.0000
34.2900  16725.0000
34.3000  17500.0000
34.3100  16850.0000
34.3200  18325.0000
34.3300  17650.0000
34.3400  17450.0000
34.3500  16650.0000
34.3600  18625.0000
34.3700  17425.0000
34.3800  18850.0000
34.3900  17875.0000
34.4000  16300.0000
34.4100  18525.0000
34.4200  17375.0000
34.4300  17500.0000
34.4400  17200.0000
34.4500  17150.0000
34.4600  17350.0000
34.4700  17500.0000
34.4800  17500.0000
34.4900  18600.0000
34.5000  19075.0000
34.5100  18475.0000
34.5200  17625.0000
34.5300  18475.0000
34.5400  19200.0000
34.5500  18725.0000
34.5600  21325.0000
34.5700  19925.0000
34.5800  20525.0000
34.5900  19650.0000
34.6000  20125.0000
34.6100  19900.0000
34.6200  20400.0000
34.6300  20500.0000
34.6400  20050.0000
34.6500  18500.0000
34.6600  21675.0000
34.6700  20425.0000
34.6800  20450.0000
34.6900  18375.0000
34.7000  19150.0000
34.7100  18400.0000
34.7200  17875.0000
34.7300  18400.0000
34.7400  17575.0000
34.7500  18475.0000
34.7600  18200.0000
34.7700  17525.0000
34.7800  17300.0000
34.7900  18350.0000
34.8000  17025.0000
34.8100  17325.0000
34.8200  17325.0000
34.8300  18200.0000
34.8400  17700.0000
34.8500  17775.0000
34.8600  17275.0000
34.8700  16750.0000
34.8800  16800.0000
34.8900  16975.0000
34.9000  17050.0000
34.9100  18300.0000
34.9200  17700.0000
34.9300  17750.0000
34.9400  17625.0000
34.9500  17075.0000
34.9600  15975.0000
34.9700  16125.0000
34.9800  16325.0000
34.9900  16725.0000
35.0000  18325.0000
35.0100  17750.0000
35.0200  16850.0000
35.0300  17550.0000
35.0400  16975.0000
35.0500  17625.0000
35.0600  16625.0000
35.0700  17150.0000
35.0800  16075.0000
35.0900  17000.0000
35.1000  16600.0000
35.1100  16625.0000
35.1200  16850.0000
35.1300  17100.0000
35.1400  17075.0000
35.1500  16850.0000
35.1600  17300.0000
35.1700  16750.0000
35.1800  17300.0000
35.1900  17275.0000
35.2000  16875.0000
35.2100  16125.0000
35.2200  16225.0000
35.2300  16600.0000
35.2400  16475.0000
35.2500  18125.0000
35.2600  17075.0000
35.2700  17300.0000
35.2800  16200.0000
35.2900  16700.0000
35.3000  17000.0000
35.3100  16650.0000
35.3200  16875.0000
35.3300  16325.0000
35.3400  16550.0000
35.3500  15750.0000
35.3600  16075.0000
35.3700  16000.0000
35.3800  16125.0000
35.3900  17025.0000
35.4000  16900.0000
35.4100  17200.0000
35.4200  16900.0000
35.4300  18175.0000
35.4400  16850.0000
35.4500  17350.0000
35.4600  16175.0000
35.4700  16475.0000
35.4800  16875.0000
35.4900  15875.0000
35.5000  16575.0000
35.5100  15850.0000
35.5200  16725.0000
35.5300  17375.0000
35.5400  17000.0000
35.5500  17075.0000
35.5600  15150.0000
35.5700  17075.0000
35.5800  16300.0000
35.5900  17550.0000
35.6000  16950.0000
35.6100  17200.0000
35.6200  16225.0000
35.6300  16600.0000
35.6400  16225.0000
35.6500  17100.0000
35.6600  16900.0000
35.6700  15675.0000
35.6800  16425.0000
35.6900  16975.0000
35.7000  16500.0000
35.7100  15975.0000
35.7200  16875.0000
35.7300  17350.0000
35.7400  16175.0000
35.7500  17625.0000
35.7600  16900.0000
35.7700  16300.0000
35.7800  16350.0000
35.7900  16800.0000
35.8000  17225.0000
35.8100  16025.0000
35.8200  16500.0000
35.8300  17600.0000
35.8400  17025.0000
35.8500  17100.0000
35.8600  17000.0000
35.8700  16525.0000
35.8800  16225.0000
35.8900  16100.0000
35.9000  16950.0000
35.9100  16875.0000
35.9200  15625.0000
35.9300  16600.0000
35.9400  16850.0000
35.9500  16900.0000
35.9600  16425.0000
35.9700  17325.0000
35.9800  16225.0000
35.9900  16075.0000
36.0000  15975.0000
36.0100  15725.0000
36.0200  16450.0000
36.0300  15775.0000
36.0400  16325.0000
36.0500  16600.0000
36.0600  15850.0000
36.0700  16800.0000
36.0800  17150.0000
36.0900  15900.0000
36.1000  16425.0000
36.1100  15975.0000
36.1200  16700.0000
36.1300  17050.0000
36.1400  17100.0000
36.1500  16850.0000
36.1600  18125.0000
36.1700  15600.0000
36.1800  16225.0000
36.1900  16675.0000
36.2000  16450.0000
36.2100  16300.0000
36.2200  17275.0000
36.2300  15700.0000
36.2400  17700.0000
36.2500  16475.0000
36.2600  15775.0000
36.2700  16950.0000
36.2800  16250.0000
36.2900  17100.0000
36.3000  17000.0000
36.3100  16050.0000
36.3200  16350.0000
36.3300  16675.0000
36.3400  17125.0000
36.3500  17225.0000
36.3600  16725.0000
36.3700  16900.0000
36.3800  17425.0000
36.3900  17100.0000
36.4000  15400.0000
36.4100  16350.0000
36.4200  16775.0000
36.4300  17500.0000
36.4400  16425.0000
36.4500  16425.0000
36.4600  15600.0000
36.4700  17150.0000
36.4800  16700.0000
36.4900  16875.0000
36.5000  18000.0000
36.5100  16975.0000
36.5200  16525.0000
36.5300  15475.0000
36.5400  16050.0000
36.5500  17275.0000
36.5600  16300.0000
36.5700  15550.0000
36.5800  15825.0000
36.5900  16200.0000
36.6000  16725.0000
36.6100  16450.0000
36.6200  15225.0000
36.6300  15900.0000
36.6400  16150.0000
36.6500  16325.0000
36.6600  16000.0000
36.6700  17075.0000
36.6800  16500.0000
36.6900  16000.0000
36.7000  15275.0000
36.7100  16325.0000
36.7200  15500.0000
36.7300  15725.0000
36.7400  16950.0000
36.7500  16700.0000
36.7600  16875.0000
36.7700  16425.0000
36.7800  16075.0000
36.7900  17400.0000
36.8000  16675.0000
36.8100  16075.0000
36.8200  16500.0000
36.8300  16525.0000
36.8400  16725.0000
36.8500  16250.0000
36.8600  16650.0000
36.8700  16200.0000
36.8800  17525.0000
36.8900  15600.0000
36.9000  16650.0000
36.9100  15900.0000
36.9200  16500.0000
36.9300  18575.0000
36.9400  16225.0000
36.9500  17000.0000
36.9600  16450.0000
36.9700  17175.0000
36.9800  15350.0000
36.9900  16450.0000
37.0000  16775.0000
37.0100  16050.0000
37.0200  17050.0000
37.0300  17325.0000
37.0400  16100.0000
37.0500  17425.0000
37.0600  17225.0000
37.0700  16850.0000
37.0800  15825.0000
37.0900  15850.0000
37.1000  16575.0000
37.1100  15425.0000
37.1200  16950.0000
37.1300  16550.0000
37.1400  16500.0000
37.1500  16725.0000
37.1600  16800.0000
37.1700  16425.0000
37.1800  16300.0000
37.1900  17600.0000
37.2000  17375.0000
37.2100  16250.0000
37.2200  17200.0000
37.2300  15550.0000
37.2400  16025.0000
37.2500  17975.0000
37.2600  17125.0000
37.2700  17300.0000
37.2800  14775.0000
37.2900  16350.0000
37.3000  15875.0000
37.3100  15575.0000
37.3200  16775.0000
37.3300  16875.0000
37.3400  16725.0000
37.3500  16350.0000
37.3600  15725.0000
37.3700  16175.0000
37.3800  16775.0000
37.3900  16275.0000
37.4000  16900.0000
37.4100  16475.0000
37.4200  16875.0000
37.4300  17000.0000
37.4400  16900.0000
37.4500  15825.0000
37.4600  17225.0000
37.4700  16050.0000
37.4800  16525.0000
37.4900  14975.0000
37.5000  15200.0000
37.5100  16775.0000
37.5200  16650.0000
37.5300  17050.0000
37.5400  16725.0000
37.5500  16200.0000
37.5600  16225.0000
37.5700  17650.0000
37.5800  16950.0000
37.5900  17900.0000
37.6000  17375.0000
37.6100  16850.0000
37.6200  15900.0000
37.6300  16900.0000
37.6400  16050.0000
37.6500  16325.0000
37.6600  15975.0000
37.6700  16225.0000
37.6800  16175.0000
37.6900  16475.0000
37.7000  17450.0000
37.7100  17000.0000
37.7200  16350.0000
37.7300  16550.0000
37.7400  16600.0000
37.7500  16575.0000
37.7600  16750.0000
37.7700  17350.0000
37.7800  16750.0000
37.7900  17500.0000
37.8000  17425.0000
37.8100  15825.0000
37.8200  16725.0000
37.8300  15825.0000
37.8400  16350.0000
37.8500  16400.0000
37.8600  17225.0000
37.8700  17300.0000
37.8800  16700.0000
37.8900  16250.0000
37.9000  16775.0000
37.9100  15850.0000
37.9200  16800.0000
37.9300  16475.0000
37.9400  16400.0000
37.9500  17825.0000
37.9600  16400.0000
37.9700  16150.0000
37.9800  16725.0000
37.9900  16225.0000
38.0000  15875.0000
38.0100  15600.0000
38.0200  16025.0000
38.0300  16025.0000
38.0400  17775.0000
38.0500  16425.0000
38.0600  16575.0000
38.0700  17025.0000
38.0800  16875.0000
38.0900  15725.0000
38.1000  16700.0000
38.1100  15775.0000
38.1200  16900.0000
38.1300  16200.0000
38.1400  16475.0000
38.1500  16875.0000
38.1600  16350.0000
38.1700  17125.0000
38.1800  16250.0000
38.1900  16750.0000
38.2000  15550.0000
38.2100  16800.0000
38.2200  17175.0000
38.2300  16500.0000
38.2400  15850.0000
38.2500  14925.0000
38.2600  16500.0000
38.2700  16775.0000
38.2800  16025.0000
38.2900  16550.0000
38.3000  16300.0000
38.3100  16775.0000
38.3200  16900.0000
38.3300  16700.0000
38.3400  16625.0000
38.3500  16925.0000
38.3600  16800.0000
38.3700  16475.0000
38.3800  16975.0000
38.3900  16975.0000
38.4000  16975.0000
38.4100  16475.0000
38.4200  16675.0000
38.4300  16625.0000
38.4400  17100.0000
38.4500  16275.0000
38.4600  17200.0000
38.4700  16475.0000
38.4800  16650.0000
38.4900  17850.0000
38.5000  16575.0000
38.5100  16925.0000
38.5200  17150.0000
38.5300  15875.0000
38.5400  16850.0000
38.5500  16250.0000
38.5600  16650.0000
38.5700  16675.0000
38.5800  17125.0000
38.5900  15850.0000
38.6000  16175.0000
38.6100  16700.0000
38.6200  17550.0000
38.6300  17125.0000
38.6400  16350.0000
38.6500  15575.0000
38.6600  16400.0000
38.6700  16975.0000
38.6800  16850.0000
38.6900  16025.0000
38.7000  16125.0000
38.7100  16325.0000
38.7200  16100.0000
38.7300  17850.0000
38.7400  16600.0000
38.7500  17400.0000
38.7600  18125.0000
38.7700  16575.0000
38.7800  16050.0000
38.7900  16550.0000
38.8000  15800.0000
38.8100  16125.0000
38.8200  17150.0000
38.8300  16675.0000
38.8400  17125.0000
38.8500  15875.0000
38.8600  16350.0000
38.8700  16325.0000
38.8800  17850.0000
38.8900  16650.0000
38.9000  16775.0000
38.9100  16800.0000
38.9200  16550.0000
38.9300  18675.0000
38.9400  17475.0000
38.9500  17400.0000
38.9600  17025.0000
38.9700  18000.0000
38.9800  16550.0000
38.9900  17100.0000
39.0000  17125.0000
39.0100  17300.0000
39.0200  16300.0000
39.0300  16850.0000
39.0400  17925.0000
39.0500  17425.0000
39.0600  15850.0000
39.0700  16975.0000
39.0800  16700.0000
39.0900  16200.0000
39.1000  16000.0000
39.1100  16350.0000
39.1200  16300.0000
39.1300  15975.0000
39.1400  15975.0000
39.1500  16000.0000
39.1600  16175.0000
39.1700  17075.0000
39.1800  16550.0000
39.1900  16975.0000
39.2000  16975.0000
39.2100  16900.0000
39.2200  15450.0000
39.2300  16100.0000
39.2400  15325.0000
39.2500  16075.0000
39.2600  17875.0000
39.2700  17025.0000
39.2800  16425.0000
39.2900  16800.0000
39.3000  17275.0000
39.3100  17025.0000
39.3200  17100.0000
39.3300  15425.0000
39.3400  16125.0000
39.3500  15650.0000
39.3600  16325.0000
39.3700  15825.0000
39.3800  17050.0000
39.3900  17000.0000
39.4000  17500.0000
39.4100  17375.0000
39.4200  17900.0000
39.4300  16425.0000
39.4400  17100.0000
39.4500  16075.0000
39.4600  16775.0000
39.4700  17050.0000
39.4800  17200.0000
39.4900  16650.0000
39.5000  16425.0000
39.5100  16450.0000
39.5200  16925.0000
39.5300  17425.0000
39.5400  15750.0000
39.5500  16475.0000
39.5600  15900.0000
39.5700  15625.0000
39.5800  16400.0000
39.5900  17600.0000
39.6000  16600.0000
39.6100  15700.0000
39.6200  15750.0000
39.6300  17775.0000
39.6400  17525.0000
39.6500  16025.0000
39.6600  15900.0000
39.6700  16350.0000
39.6800  17575.0000
39.6900  16050.0000
39.7000  17525.0000
39.7100  16075.0000
39.7200  15900.0000
39.7300  15875.0000
39.7400  17100.0000
39.7500  16025.0000
39.7600  15725.0000
39.7700  17800.0000
39.7800  18250.0000
39.7900  16675.0000
39.8000  16925.0000
39.8100  15575.0000
39.8200  16575.0000
39.8300  17125.0000
39.8400  16125.0000
39.8500  17750.0000
39.8600  16850.0000
39.8700  17225.0000
39.8800  16300.0000
39.8900  16850.0000
39.9000  17425.0000
39.9100  17325.0000
39.9200  16750.0000
39.9300  17575.0000
39.9400  18050.0000
39.9500  17450.0000
39.9600  17075.0000
39.9700  17325.0000
39.9800  16450.0000
39.9900  18400.0000
40.0000  17575.0000
40.0100  17875.0000
40.0200  18350.0000
40.0300  18075.0000
40.0400  17450.0000
40.0500  17300.0000
40.0600  17600.0000
40.0700  17925.0000
40.0800  18125.0000
40.0900  16800.0000
40.1000  18425.0000
40.1100  18325.0000
40.1200  17650.0000
40.1300  17500.0000
40.1400  19050.0000
40.1500  19175.0000
40.1600  18750.0000
40.1700  18275.0000
40.1800  18125.0000
40.1900  19925.0000
40.2000  19650.0000
40.2100  19375.0000
40.2200  21625.0000
40.2300  21500.0000
40.2400  21625.0000
40.2500  21400.0000
40.2600  21050.0000
40.2700  22800.0000
40.2800  23825.0000
40.2900  22500.0000
40.3000  23625.0000
40.3100  23250.0000
40.3200  24525.0000
40.3300  23250.0000
40.3400  22675.0000
40.3500  23025.0000
40.3600  22250.0000
40.3700  21350.0000
40.3800  20775.0000
40.3900  21450.0000
40.4000  21825.0000
40.4100  20750.0000
40.4200  21350.0000
40.4300  20925.0000
40.4400  20600.0000
40.4500  19250.0000
40.4600  20075.0000
40.4700  17050.0000
40.4800  18775.0000
40.4900  17975.0000
40.5000  17550.0000
40.5100  17725.0000
40.5200  18025.0000
40.5300  18325.0000
40.5400  17900.0000
40.5500  17800.0000
40.5600  18125.0000
40.5700  18625.0000
40.5800  17650.0000
40.5900  18300.0000
40.6000  16400.0000
40.6100  16600.0000
40.6200  17200.0000
40.6300  17550.0000
40.6400  17150.0000
40.6500  17125.0000
40.6600  17950.0000
40.6700  17375.0000
40.6800  16875.0000
40.6900  17750.0000
40.7000  17300.0000
40.7100  17575.0000
40.7200  17175.0000
40.7300  16650.0000
40.7400  16275.0000
40.7500  17100.0000
40.7600  18300.0000
40.7700  16525.0000
40.7800  16750.0000
40.7900  16525.0000
40.8000  16775.0000
40.8100  16750.0000
40.8200  16500.0000
40.8300  16600.0000
40.8400  16575.0000
40.8500  16575.0000
40.8600  15700.0000
40.8700  17350.0000
40.8800  16700.0000
40.8900  17400.0000
40.9000  16950.0000
40.9100  16850.0000
40.9200  17300.0000
40.9300  17550.0000
40.9400  16350.0000
40.9500  16275.0000
40.9600  17325.0000
40.9700  16650.0000
40.9800  17425.0000
40.9900  17075.0000
41.0000  17400.0000
41.0100  17825.0000
41.0200  18575.0000
41.0300  16625.0000
41.0400  16350.0000
41.0500  16100.0000
41.0600  17950.0000
41.0700  16175.0000
41.0800  16400.0000
41.0900  15475.0000
41.1000  15775.0000
41.1100  16625.0000
41.1200  16475.0000
41.1300  16000.0000
41.1400  17075.0000
41.1500  16325.0000
41.1600  16475.0000
41.1700  16600.0000
41.1800  17275.0000
41.1900  16750.0000
41.2000  17200.0000
41.2100  17000.0000
41.2200  17175.0000
41.2300  16900.0000
41.2400  16425.0000
41.2500  16100.0000
41.2600  16575.0000
41.2700  17575.0000
41.2800  16600.0000
41.2900  15325.0000
41.3000  17000.0000
41.3100  16800.0000
41.3200  16050.0000
41.3300  15375.0000
41.3400  16675.0000
41.3500  17525.0000
41.3600  16425.0000
41.3700  16625.0000
41.3800  16650.0000
41.3900  17600.0000
41.4000  17400.0000
41.4100  16675.0000
41.4200  16325.0000
41.4300  15850.0000
41.4400  16250.0000
41.4500  16850.0000
41.4600  15900.0000
41.4700  15850.0000
41.4800  16700.0000
41.4900  16750.0000
41.5000  17400.0000
41.5100  16025.0000
41.5200  16400.0000
41.5300  16675.0000
41.5400  16625.0000
41.5500  17200.0000
41.5600  16475.0000
41.5700  16350.0000
41.5800  17275.0000
41.5900  15925.0000
41.6000  16500.0000
41.6100  17475.0000
41.6200  15750.0000
41.6300  16200.0000
41.6400  16150.0000
41.6500  16325.0000
41.6600  17625.0000
41.6700  17850.0000
41.6800  17425.0000
41.6900  16425.0000
41.7000  17025.0000
41.7100  16025.0000
41.7200  16700.0000
41.7300  18150.0000
41.7400  16350.0000
41.7500  16000.0000
41.7600  16450.0000
41.7700  17025.0000
41.7800  16225.0000
41.7900  16000.0000
41.8000  16100.0000
41.8100  16425.0000
41.8200  16475.0000
41.8300  17350.0000
41.8400  16225.0000
41.8500  17200.0000
41.8600  17225.0000
41.8700  16475.0000
41.8800  16000.0000
41.8900  16875.0000
41.9000  16475.0000
41.9100  18125.0000
41.9200  17225.0000
41.9300  16750.0000
41.9400  16850.0000
41.9500  16800.0000
41.9600  16900.0000
41.9700  16700.0000
41.9800  16925.0000
41.9900  17700.0000
42.0000  16000.0000
42.0100  17225.0000
42.0200  17075.0000
42.0300  16075.0000
42.0400  16700.0000
42.0500  18050.0000
42.0600  18200.0000
42.0700  17200.0000
42.0800  15850.0000
42.0900  16200.0000
42.1000  16275.0000
42.1100  16075.0000
42.1200  17350.0000
42.1300  16675.0000
42.1400  17150.0000
42.1500  16650.0000
42.1600  16325.0000
42.1700  17050.0000
42.1800  18400.0000
42.1900  17150.0000
42.2000  17275.0000
42.2100  17325.0000
42.2200  16975.0000
42.2300  16275.0000
42.2400  16975.0000
42.2500  16350.0000
42.2600  17150.0000
42.2700  18150.0000
42.2800  16900.0000
42.2900  16925.0000
42.3000  16875.0000
42.3100  16925.0000
42.3200  16425.0000
42.3300  16700.0000
42.3400  17550.0000
42.3500  18025.0000
42.3600  16525.0000
42.3700  18675.0000
42.3800  18300.0000
42.3900  16850.0000
42.4000  16850.0000
42.4100  18850.0000
42.4200  17000.0000
42.4300  16100.0000
42.4400  16600.0000
42.4500  16975.0000
42.4600  17350.0000
42.4700  18225.0000
42.4800  17950.0000
42.4900  16950.0000
42.5000  18000.0000
42.5100  17825.0000
42.5200  18700.0000
42.5300  16450.0000
42.5400  18950.0000
42.5500  16650.0000
42.5600  16925.0000
42.5700  17375.0000
42.5800  17300.0000
42.5900  17425.0000
42.6000  17000.0000
42.6100  16325.0000
42.6200  17075.0000
42.6300  16650.0000
42.6400  16500.0000
42.6500  17025.0000
42.6600  16675.0000
42.6700  15875.0000
42.6800  17150.0000
42.6900  16675.0000
42.7000  16250.0000
42.7100  17000.0000
42.7200  16500.0000
42.7300  16525.0000
42.7400  17100.0000
42.7500  16325.0000
42.7600  16475.0000
42.7700  16125.0000
42.7800  17875.0000
42.7900  17375.0000
42.8000  16625.0000
42.8100  16475.0000
42.8200  17175.0000
42.8300  17450.0000
42.8400  16400.0000
42.8500  16075.0000
42.8600  16425.0000
42.8700  17125.0000
42.8800  17650.0000
42.8900  17600.0000
42.9000  17400.0000
42.9100  15825.0000
42.9200  17200.0000
42.9300  15400.0000
42.9400  16250.0000
42.9500  15700.0000
42.9600  16325.0000
42.9700  16500.0000
42.9800  16725.0000
42.9900  17175.0000
43.0000  16500.0000
43.0100  16575.0000
43.0200  17400.0000
43.0300  15750.0000
43.0400  16400.0000
43.0500  15675.0000
43.0600  15850.0000
43.0700  16450.0000
43.0800  17100.0000
43.0900  16200.0000
43.1000  16175.0000
43.1100  17300.0000
43.1200  16500.0000
43.1300  16925.0000
43.1400  17000.0000
43.1500  15900.0000
43.1600  16325.0000
43.1700  16025.0000
43.1800  16775.0000
43.1900  15975.0000
43.2000  15275.0000
43.2100  16800.0000
43.2200  16150.0000
43.2300  15800.0000
43.2400  16500.0000
43.2500  16525.0000
43.2600  16200.0000
43.2700  15900.0000
43.2800  16025.0000
43.2900  16475.0000
43.3000  17050.0000
43.3100  17425.0000
43.3200  17100.0000
43.3300  17050.0000
43.3400  17850.0000
43.3500  16475.0000
43.3600  15425.0000
43.3700  15875.0000
43.3800  16775.0000
43.3900  17075.0000
43.4000  17575.0000
43.4100  16800.0000
43.4200  16925.0000
43.4300  15600.0000
43.4400  16575.0000
43.4500  15675.0000
43.4600  16675.0000
43.4700  16900.0000
43.4800  16350.0000
43.4900  16700.0000
43.5000  17100.0000
43.5100  16475.0000
43.5200  18475.0000
43.5300  15650.0000
43.5400  16300.0000
43.5500  17000.0000
43.5600  16700.0000
43.5700  15675.0000
43.5800  16700.0000
43.5900  16800.0000
43.6000  15775.0000
43.6100  17125.0000
43.6200  16900.0000
43.6300  15300.0000
43.6400  14900.0000
43.6500  16050.0000
43.6600  16775.0000
43.6700  16900.0000
43.6800  16225.0000
43.6900  16500.0000
43.7000  16575.0000
43.7100  17125.0000
43.7200  17075.0000
43.7300  17000.0000
43.7400  16550.0000
43.7500  15725.0000
43.7600  16525.0000
43.7700  16500.0000
43.7800  16900.0000
43.7900  16325.0000
43.8000  15975.0000
43.8100  16800.0000
43.8200  17450.0000
43.8300  15475.0000
43.8400  16175.0000
43.8500  17200.0000
43.8600  17775.0000
43.8700  16500.0000
43.8800  16625.0000
43.8900  16875.0000
43.9000  16850.0000
43.9100  16900.0000
43.9200  16175.0000
43.9300  17025.0000
43.9400  16475.0000
43.9500  16400.0000
43.9600  16575.0000
43.9700  16500.0000
43.9800  16975.0000
43.9900  17550.0000
44.0000  16400.0000
44.0100  16800.0000
44.0200  16950.0000
44.0300  16075.0000
44.0400  16250.0000
44.0500  15575.0000
44.0600  16850.0000
44.0700  15550.0000
44.0800  16675.0000
44.0900  17350.0000
44.1000  16900.0000
44.1100  16325.0000
44.1200  15850.0000
44.1300  15925.0000
44.1400  16950.0000
44.1500  16075.0000
44.1600  16450.0000
44.1700  17375.0000
44.1800  15800.0000
44.1900  17950.0000
44.2000  17325.0000
44.2100  16050.0000
44.2200  17700.0000
44.2300  16400.0000
44.2400  17075.0000
44.2500  17275.0000
44.2600  17275.0000
44.2700  17025.0000
44.2800  17275.0000
44.2900  16625.0000
44.3000  17525.0000
44.3100  16700.0000
44.3200  16250.0000
44.3300  17450.0000
44.3400  17650.0000
44.3500  16425.0000
44.3600  15725.0000
44.3700  17525.0000
44.3800  16575.0000
44.3900  16200.0000
44.4000  17350.0000
44.4100  15925.0000
44.4200  16525.0000
44.4300  16000.0000
44.4400  15875.0000
44.4500  16275.0000
44.4600  16500.0000
44.4700  16750.0000
44.4800  17075.0000
44.4900  15875.0000
44.5000  14950.0000
44.5100  15775.0000
44.5200  16400.0000
44.5300  15025.0000
44.5400  16850.0000
44.5500  17000.0000
44.5600  16525.0000
44.5700  17300.0000
44.5800  16850.0000
44.5900  15825.0000
44.6000  15875.0000
44.6100  17300.0000
44.6200  16550.0000
44.6300  15925.0000
44.6400  16325.0000
44.6500  16500.0000
44.6600  16200.0000
44.6700  16450.0000
44.6800  17525.0000
44.6900  16150.0000
44.7000  17375.0000
44.7100  15625.0000
44.7200  16325.0000
44.7300  16550.0000
44.7400  16700.0000
44.7500  16550.0000
44.7600  16975.0000
44.7700  16850.0000
44.7800  15875.0000
44.7900  16700.0000
44.8000  16775.0000
44.8100  17325.0000
44.8200  15650.0000
44.8300  16875.0000
44.8400  17100.0000
44.8500  16175.0000
44.8600  16850.0000
44.8700  17450.0000
44.8800  17450.0000
44.8900  16525.0000
44.9000  16325.0000
44.9100  17400.0000
44.9200  17525.0000
44.9300  16025.0000
44.9400  17475.0000
44.9500  16925.0000
44.9600  17575.0000
44.9700  16875.0000
44.9800  15875.0000
44.9900  16175.0000
45.0000  16775.0000
45.0100  16950.0000
45.0200  15850.0000
45.0300  16425.0000
45.0400  16350.0000
45.0500  17575.0000
45.0600  17175.0000
45.0700  17300.0000
45.0800  16450.0000
45.0900  17450.0000
45.1000  16875.0000
45.1100  16075.0000
45.1200  16650.0000
45.1300  16325.0000
45.1400  16800.0000
45.1500  17075.0000
45.1600  16450.0000
45.1700  16875.0000
45.1800  15500.0000
45.1900  17225.0000
45.2000  16225.0000
45.2100  16250.0000
45.2200  16600.0000
45.2300  16450.0000
45.2400  16725.0000
45.2500  16750.0000
45.2600  15425.0000
45.2700  17350.0000
45.2800  16725.0000
45.2900  16350.0000
45.3000  15850.0000
45.3100  15775.0000
45.3200  16550.0000
45.3300  17200.0000
45.3400  17325.0000
45.3500  16525.0000
45.3600  16775.0000
45.3700  15900.0000
45.3800  16450.0000
45.3900  16700.0000
45.4000  16725.0000
45.4100  16675.0000
45.4200  16250.0000
45.4300  17350.0000
45.4400  17350.0000
45.4500  16275.0000
45.4600  17050.0000
45.4700  16025.0000
45.4800  16800.0000
45.4900  16800.0000
45.5000  15875.0000
45.5100  17125.0000
45.5200  17450.0000
45.5300  16175.0000
45.5400  16300.0000
45.5500  16500.0000
45.5600  17475.0000
45.5700  16550.0000
45.5800  16600.0000
45.5900  16250.0000
45.6000  16575.0000
45.6100  16750.0000
45.6200  15925.0000
45.6300  17375.0000
45.6400  17725.0000
45.6500  16525.0000
45.6600  16400.0000
45.6700  17425.0000
45.6800  15675.0000
45.6900  16800.0000
45.7000  16875.0000
45.7100  17575.0000
45.7200  17275.0000
45.7300  15400.0000
45.7400  16700.0000
45.7500  16300.0000
45.7600  16550.0000
45.7700  17125.0000
45.7800  16700.0000
45.7900  15925.0000
45.8000  16850.0000
45.8100  17625.0000
45.8200  17825.0000
45.8300  17100.0000
45.8400  17000.0000
45.8500  15875.0000
45.8600  16400.0000
45.8700  16600.0000
45.8800  16650.0000
45.8900  16925.0000
45.9000  16925.0000
45.9100  16475.0000
45.9200  16100.0000
45.9300  16475.0000
45.9400  17225.0000
45.9500  15625.0000
45.9600  16550.0000
45.9700  17575.0000
45.9800  15925.0000
45.9900  16300.0000
46.0000  16075.0000
46.0100  16925.0000
46.0200  15200.0000
46.0300  15900.0000
46.0400  16550.0000
46.0500  16600.0000
46.0600  16275.0000
46.0700  17350.0000
46.0800  17325.0000
46.0900  16800.0000
46.1000  16450.0000
46.1100  17450.0000
46.1200  17350.0000
46.1300  16525.0000
46.1400  16500.0000
46.1500  16575.0000
46.1600  16725.0000
46.1700  16600.0000
46.1800  16500.0000
46.1900  16775.0000
46.2000  15200.0000
46.2100  16900.0000
46.2200  16275.0000
46.2300  16650.0000
46.2400  17225.0000
46.2500  16225.0000
46.2600  16275.0000
46.2700  17400.0000
46.2800  16775.0000
46.2900  15975.0000
46.3000  16850.0000
46.3100  16800.0000
46.3200  15500.0000
46.3300  17075.0000
46.3400  16675.0000
46.3500  17825.0000
46.3600  16225.0000
46.3700  17100.0000
46.3800  16850.0000
46.3900  16100.0000
46.4000  17550.0000
46.4100  16725.0000
46.4200  16150.0000
46.4300  16050.0000
46.4400  17125.0000
46.4500  16700.0000
46.4600  16200.0000
46.4700  16500.0000
46.4800  16700.0000
46.4900  17550.0000
46.5000  16600.0000
46.5100  16275.0000
46.5200  16575.0000
46.5300  17200.0000
46.5400  17275.0000
46.5500  16675.0000
46.5600  16900.0000
46.5700  16625.0000
46.5800  16925.0000
46.5900  16350.0000
46.6000  16300.0000
46.6100  16500.0000
46.6200  16050.0000
46.6300  17075.0000
46.6400  16350.0000
46.6500  16800.0000
46.6600  15600.0000
46.6700  15125.0000
46.6800  17850.0000
46.6900  16850.0000
46.7000  16450.0000
46.7100  16475.0000
46.7200  16775.0000
46.7300  16900.0000
46.7400  16725.0000
46.7500  17350.0000
46.7600  16650.0000
46.7700  16275.0000
46.7800  16100.0000
46.7900  18125.0000
46.8000  17350.0000
46.8100  16850.0000
46.8200  17650.0000
46.8300  16325.0000
46.8400  16075.0000
46.8500  17450.0000
46.8600  16575.0000
46.8700  17625.0000
46.8800  17275.0000
46.8900  16200.0000
46.9000  16400.0000
46.9100  16675.0000
46.9200  17350.0000
46.9300  15725.0000
46.9400  17150.0000
46.9500  16875.0000
46.9600  16650.0000
46.9700  17275.0000
46.9800  16925.0000
46.9900  16575.0000
47.0000  17650.0000
47.0100  16875.0000
47.0200  17925.0000
47.0300  16550.0000
47.0400  15500.0000
47.0500  16725.0000
47.0600  16850.0000
47.0700  16650.0000
47.0800  17175.0000
47.0900  16850.0000
47.1000  16175.0000
47.1100  16450.0000
47.1200  16125.0000
47.1300  15900.0000
47.1400  15825.0000
47.1500  16575.0000
47.1600  16725.0000
47.1700  16675.0000
47.1800  17925.0000
47.1900  16725.0000
47.2000  16050.0000
47.2100  16400.0000
47.2200  16250.0000
47.2300  15400.0000
47.2400  16625.0000
47.2500  17225.0000
47.2600  16175.0000
47.2700  16600.0000
47.2800  17875.0000
47.2900  17075.0000
47.3000  16725.0000
47.3100  16950.0000
47.3200  17725.0000
47.3300  16975.0000
47.3400  16700.0000
47.3500  16600.0000
47.3600  16950.0000
47.3700  16850.0000
47.3800  16350.0000
47.3900  15900.0000
47.4000  15800.0000
47.4100  16275.0000
47.4200  17275.0000
47.4300  17575.0000
47.4400  16550.0000
47.4500  16975.0000
47.4600  17475.0000
47.4700  17575.0000
47.4800  17050.0000
47.4900  17175.0000
47.5000  17725.0000
47.5100  17000.0000
47.5200  17350.0000
47.5300  16575.0000
47.5400  15900.0000
47.5500  16125.0000
47.5600  16250.0000
47.5700  16000.0000
47.5800  15075.0000
47.5900  17175.0000
47.6000  16975.0000
47.6100  17150.0000
47.6200  17625.0000
47.6300  16525.0000
47.6400  16800.0000
47.6500  17400.0000
47.6600  16925.0000
47.6700  17000.0000
47.6800  16725.0000
47.6900  16525.0000
47.7000  16525.0000
47.7100  16075.0000
47.7200  16325.0000
47.7300  16450.0000
47.7400  16650.0000
47.7500  16675.0000
47.7600  16900.0000
47.7700  17375.0000
47.7800  17450.0000
47.7900  16800.0000
47.8000  16500.0000
47.8100  16625.0000
47.8200  16550.0000
47.8300  17600.0000
47.8400  18050.0000
47.8500  16325.0000
47.8600  16900.0000
47.8700  16900.0000
47.8800  16550.0000
47.8900  16450.0000
47.9000  15425.0000
47.9100  16775.0000
47.9200  17300.0000
47.9300  17400.0000
47.9400  16925.0000
47.9500  16300.0000
47.9600  17500.0000
47.9700  16125.0000
47.9800  16775.0000
47.9900  17550.0000
48.0000  16250.0000
48.0100  15875.0000
48.0200  17625.0000
48.0300  17850.0000
48.0400  17525.0000
48.0500  17800.0000
48.0600  16125.0000
48.0700  15475.0000
48.0800  17225.0000
48.0900  17150.0000
48.1000  16850.0000
48.1100  15325.0000
48.1200  16525.0000
48.1300  15800.0000
48.1400  15725.0000
48.1500  16000.0000
48.1600  16025.0000
48.1700  17200.0000
48.1800  17950.0000
48.1900  17475.0000
48.2000  17325.0000
48.2100  16400.0000
48.2200  17700.0000
48.2300  16775.0000
48.2400  16700.0000
48.2500  17375.0000
48.2600  17825.0000
48.2700  17500.0000
48.2800  16325.0000
48.2900  17600.0000
48.3000  17650.0000
48.3100  17825.0000
48.3200  15225.0000
48.3300  16875.0000
48.3400  16750.0000
48.3500  18750.0000
48.3600  17275.0000
48.3700  17575.0000
48.3800  17500.0000
48.3900  16875.0000
48.4000  16975.0000
48.4100  16950.0000
48.4200  16600.0000
48.4300  16150.0000
48.4400  17575.0000
48.4500  17375.0000
48.4600  17750.0000
48.4700  17100.0000
48.4800  17325.0000
48.4900  17550.0000
48.5000  17275.0000
48.5100  17125.0000
48.5200  17475.0000
48.5300  17400.0000
48.5400  17750.0000
48.5500  16900.0000
48.5600  17325.0000
48.5700  17875.0000
48.5800  17125.0000
48.5900  17000.0000
48.6000  18225.0000
48.6100  18400.0000
48.6200  17575.0000
48.6300  18575.0000
48.6400  17825.0000
48.6500  17850.0000
48.6600  18125.0000
48.6700  19100.0000
48.6800  19050.0000
48.6900  17400.0000
48.7000  18575.0000
48.7100  18750.0000
48.7200  20050.0000
48.7300  17800.0000
48.7400  19975.0000
48.7500  20725.0000
48.7600  19900.0000
48.7700  20050.0000
48.7800  21150.0000
48.7900  20750.0000
48.8000  21425.0000
48.8100  22150.0000
48.8200  23075.0000
48.8300  23150.0000
48.8400  23075.0000
48.8500  24675.0000
48.8600  24250.0000
48.8700  25750.0000
48.8800  26125.0000
48.8900  27500.0000
48.9000  27125.0000
48.9100  27275.0000
48.9200  27300.0000
48.9300  26950.0000
48.9400  26400.0000
48.9500  26625.0000
48.9600  26175.0000
48.9700  24775.0000
48.9800  25225.0000
48.9900  24750.0000
49.0000  24475.0000
49.0100  24825.0000
49.0200  24050.0000
49.0300  23975.0000
49.0400  24875.0000
49.0500  23100.0000
49.0600  23575.0000
49.0700  23425.0000
49.0800  21900.0000
49.0900  21050.0000
49.1000  20175.0000
49.1100  21200.0000
49.1200  20100.0000
49.1300  18475.0000
49.1400  19925.0000
49.1500  19100.0000
49.1600  18325.0000
49.1700  18625.0000
49.1800  17500.0000
49.1900  18425.0000
49.2000  17175.0000
49.2100  16775.0000
49.2200  16975.0000
49.2300  18025.0000
49.2400  18050.0000
49.2500  19000.0000
49.2600  17525.0000
49.2700  17000.0000
49.2800  16500.0000
49.2900  16525.0000
49.3000  18175.0000
49.3100  16975.0000
49.3200  15750.0000
49.3300  18050.0000
49.3400  17525.0000
49.3500  18175.0000
49.3600  17400.0000
49.3700  17300.0000
49.3800  18150.0000
49.3900  16425.0000
49.4000  16850.0000
49.4100  17650.0000
49.4200  16875.0000
49.4300  16800.0000
49.4400  17225.0000
49.4500  16650.0000
49.4600  16650.0000
49.4700  16600.0000
49.4800  16275.0000
49.4900  16350.0000
49.5000  15775.0000
49.5100  16575.0000
49.5200  18575.0000
49.5300  17000.0000
49.5400  17050.0000
49.5500  16450.0000
49.5600  16200.0000
49.5700  15875.0000
49.5800  17100.0000
49.5900  17700.0000
49.6000  16775.0000
49.6100  17575.0000
49.6200  16275.0000
49.6300  17000.0000
49.6400  16400.0000
49.6500  17050.0000
49.6600  17050.0000
49.6700  17600.0000
49.6800  16425.0000
49.6900  16975.0000
49.7000  17275.0000
49.7100  16950.0000
49.7200  16775.0000
49.7300  15700.0000
49.7400  17575.0000
49.7500  17625.0000
49.7600  16525.0000
49.7700  16750.0000
49.7800  16975.0000
49.7900  16575.0000
49.8000  17425.0000
49.8100  17075.0000
49.8200  16075.0000
49.8300  16925.0000
49.8400  16175.0000
49.8500  16500.0000
49.8600  17025.0000
49.8700  16050.0000
49.8800  17000.0000
49.8900  15750.0000
49.9000  16875.0000
49.9100  16075.0000
49.9200  17300.0000
49.9300  15925.0000
49.9400  16075.0000
49.9500  15475.0000
49.9600  16300.0000
49.9700  16400.0000
49.9800  17350.0000
49.9900  17325.0000
50.0000  16500.0000
50.0100  17175.0000
50.0200  16575.0000
50.0300  16325.0000
50.0400  15425.0000
50.0500  16900.0000
50.0600  16575.0000
50.0700  16650.0000
50.0800  17000.0000
50.0900  16975.0000
50.1000  16350.0000
50.1100  17100.0000
50.1200  16750.0000
50.1300  16775.0000
50.1400  17125.0000
50.1500  16975.0000
50.1600  17050.0000
50.1700  16775.0000
50.1800  16875.0000
50.1900  17100.0000
50.2000  17375.0000
50.2100  16200.0000
50.2200  16600.0000
50.2300  15575.0000
50.2400  16350.0000
50.2500  16850.0000
50.2600  16600.0000
50.2700  17925.0000
50.2800  17000.0000
50.2900  16225.0000
50.3000  16775.0000
50.3100  16725.0000
50.3200  16900.0000
50.3300  16550.0000
50.3400  17175.0000
50.3500  17825.0000
50.3600  16850.0000
50.3700  17275.0000
50.3800  14900.0000
50.3900  16850.0000
50.4000  17200.0000
50.4100  16700.0000
50.4200  17050.0000
50.4300  16775.0000
50.4400  17050.0000
50.4500  15475.0000
50.4600  16925.0000
50.4700  17950.0000
50.4800  16875.0000
50.4900  16525.0000
50.5000  16275.0000
50.5100  16500.0000
50.5200  16025.0000
50.5300  16925.0000
50.5400  16550.0000
50.5500  17325.0000
50.5600  16575.0000
50.5700  16600.0000
50.5800  17650.0000
50.5900  16600.0000
50.6000  16800.0000
50.6100  16700.0000
50.6200  15725.0000
50.6300  16300.0000
50.6400  16525.0000
50.6500  16650.0000
50.6600  17000.0000
50.6700  16500.0000
50.6800  16250.0000
50.6900  16725.0000
50.7000  16200.0000
50.7100  16650.0000
50.7200  16350.0000
50.7300  16925.0000
50.7400  16900.0000
50.7500  16425.0000
50.7600  17100.0000
50.7700  16200.0000
50.7800  16800.0000
50.7900  16925.0000
50.8000  17400.0000
50.8100  16550.0000
50.8200  16350.0000
50.8300  16775.0000
50.8400  16850.0000
50.8500  16775.0000
50.8600  17400.0000
50.8700  16625.0000
50.8800  15700.0000
50.8900  17650.0000
50.9000  17425.0000
50.9100  17125.0000
50.9200  16600.0000
50.9300  17225.0000
50.9400  16075.0000
50.9500  17275.0000
50.9600  16800.0000
50.9700  17050.0000
50.9800  16475.0000
50.9900  16775.0000
51.0000  17225.0000
51.0100  17100.0000
51.0200  17325.0000
51.0300  17300.0000
51.0400  16225.0000
51.0500  16425.0000
51.0600  16650.0000
51.0700  16750.0000
51.0800  16550.0000
51.0900  15775.0000
51.1000  16300.0000
51.1100  16875.0000
51.1200  17450.0000
51.1300  17775.0000
51.1400  16950.0000
51.1500  16875.0000
51.1600  15975.0000
51.1700  16950.0000
51.1800  17050.0000
51.1900  16775.0000
51.2000  16150.0000
51.2100  15350.0000
51.2200  17000.0000
51.2300  15725.0000
51.2400  16700.0000
51.2500  16975.0000
51.2600  16350.0000
51.2700  16200.0000
51.2800  16450.0000
51.2900  17300.0000
51.3000  16125.0000
51.3100  16550.0000
51.3200  17025.0000
51.3300  16875.0000
51.3400  16750.0000
51.3500  15400.0000
51.3600  17100.0000
51.3700  16750.0000
51.3800  17700.0000
51.3900  16250.0000
51.4000  16600.0000
51.4100  17650.0000
51.4200  16750.0000
51.4300  16725.0000
51.4400  17300.0000
51.4500  17150.0000
51.4600  17225.0000
51.4700  17300.0000
51.4800  16850.0000
51.4900  17075.0000
51.5000  17075.0000
51.5100  16325.0000
51.5200  17125.0000
51.5300  16250.0000
51.5400  16725.0000
51.5500  16425.0000
51.5600  17575.0000
51.5700  17000.0000
51.5800  17350.0000
51.5900  16675.0000
51.6000  18325.0000
51.6100  16900.0000
51.6200  16775.0000
51.6300  16575.0000
51.6400  16575.0000
51.6500  17225.0000
51.6600  17100.0000
51.6700  15900.0000
51.6800  16425.0000
51.6900  17300.0000
51.7000  17200.0000
51.7100  17275.0000
51.7200  17650.0000
51.7300  16575.0000
51.7400  16650.0000
51.7500  16225.0000
51.7600  17700.0000
51.7700  16325.0000
51.7800  17350.0000
51.7900  18000.0000
51.8000  16775.0000
51.8100  16075.0000
51.8200  16600.0000
51.8300  16750.0000
51.8400  17775.0000
51.8500  17025.0000
51.8600  17575.0000
51.8700  16950.0000
51.8800  17050.0000
51.8900  16925.0000
51.9000  16700.0000
51.9100  16275.0000
51.9200  17075.0000
51.9300  16625.0000
51.9400  16525.0000
51.9500  16925.0000
51.9600  15850.0000
51.9700  17050.0000
51.9800  15975.0000
51.9900  16200.0000
52.0000  17425.0000
52.0100  17175.0000
52.0200  17075.0000
52.0300  16625.0000
52.0400  16750.0000
52.0500  16350.0000
52.0600  16000.0000
52.0700  16175.0000
52.0800  17175.0000
52.0900  16075.0000
52.1000  17200.0000
52.1100  16750.0000
52.1200  16625.0000
52.1300  17075.0000
52.1400  17025.0000
52.1500  16325.0000
52.1600  16700.0000
52.1700  15725.0000
52.1800  17025.0000
52.1900  16475.0000
52.2000  17475.0000
52.2100  16725.0000
52.2200  16425.0000
52.2300  15400.0000
52.2400  16550.0000
52.2500  15925.0000
52.2600  17400.0000
52.2700  17275.0000
52.2800  16575.0000
52.2900  17275.0000
52.3000  16350.0000
52.3100  16550.0000
52.3200  17050.0000
52.3300  16450.0000
52.3400  16575.0000
52.3500  16725.0000
52.3600  16700.0000
52.3700  17900.0000
52.3800  16850.0000
52.3900  16675.0000
52.4000  16275.0000
52.4100  16400.0000
52.4200  16925.0000
52.4300  16625.0000
52.4400  16700.0000
52.4500  17625.0000
52.4600  17150.0000
52.4700  16725.0000
52.4800  16850.0000
52.4900  18175.0000
52.5000  16800.0000
52.5100  16550.0000
52.5200  16625.0000
52.5300  16800.0000
52.5400  16700.0000
52.5500  15825.0000
52.5600  16525.0000
52.5700  15475.0000
52.5800  17800.0000
52.5900  16950.0000
52.6000  16475.0000
52.6100  16275.0000
52.6200  16275.0000
52.6300  17500.0000
52.6400  17400.0000
52.6500  16725.0000
52.6600  16225.0000
52.6700  15800.0000
52.6800  16200.0000
52.6900  16725.0000
52.7000  17100.0000
52.7100  17450.0000
52.7200  17000.0000
52.7300  16025.0000
52.7400  17225.0000
52.7500  17125.0000
52.7600  16875.0000
52.7700  16675.0000
52.7800  17575.0000
52.7900  17075.0000
52.8000  17375.0000
52.8100  16800.0000
52.8200  15675.0000
52.8300  16950.0000
52.8400  17225.0000
52.8500  16900.0000
52.8600  17150.0000
52.8700  17125.0000
52.8800  16650.0000
52.8900  16500.0000
52.9000  16650.0000
52.9100  17025.0000
52.9200  17825.0000
52.9300  17700.0000
52.9400  16850.0000
52.9500  17625.0000
52.9600  16100.0000
52.9700  17350.0000
52.9800  16975.0000
52.9900  17575.0000
53.0000  16725.0000
53.0100  17775.0000
53.0200  16250.0000
53.0300  16300.0000
53.0400  16750.0000
53.0500  16500.0000
53.0600  17025.0000
53.0700  17425.0000
53.0800  17325.0000
53.0900  16575.0000
53.1000  16400.0000
53.1100  16400.0000
53.1200  17550.0000
53.1300  17350.0000
53.1400  16675.0000
53.1500  16075.0000
53.1600  16775.0000
53.1700  16500.0000
53.1800  16800.0000
53.1900  17350.0000
53.2000  17325.0000
53.2100  17475.0000
53.2200  16125.0000
53.2300  16800.0000
53.2400  17475.0000
53.2500  16575.0000
53.2600  15125.0000
53.2700  16175.0000
53.2800  17000.0000
53.2900  16700.0000
53.3000  17400.0000
53.3100  17900.0000
53.3200  17525.0000
53.3300  16800.0000
53.3400  17175.0000
53.3500  16350.0000
53.3600  16750.0000
53.3700  17900.0000
53.3800  17325.0000
53.3900  17000.0000
53.4000  17000.0000
53.4100  16675.0000
53.4200  16600.0000
53.4300  16500.0000
53.4400  16650.0000
53.4500  17750.0000
53.4600  18075.0000
53.4700  16875.0000
53.4800  17225.0000
53.4900  16900.0000
53.5000  17400.0000
53.5100  17375.0000
53.5200  16775.0000
53.5300  16125.0000
53.5400  17725.0000
53.5500  16200.0000
53.5600  17425.0000
53.5700  15400.0000
53.5800  16250.0000
53.5900  16500.0000
53.6000  18000.0000
53.6100  16575.0000
53.6200  17900.0000
53.6300  16475.0000
53.6400  18475.0000
53.6500  17350.0000
53.6600  16875.0000
53.6700  17125.0000
53.6800  17500.0000
53.6900  17275.0000
53.7000  16900.0000
53.7100  17425.0000
53.7200  16525.0000
53.7300  15175.0000
53.7400  16875.0000
53.7500  16200.0000
53.7600  16725.0000
53.7700  16250.0000
53.7800  16450.0000
53.7900  15800.0000
53.8000  16425.0000
53.8100  16875.0000
53.8200  17875.0000
53.8300  16775.0000
53.8400  17000.0000
53.8500  15850.0000
53.8600  17775.0000
53.8700  17375.0000
53.8800  16250.0000
53.8900  16725.0000
53.9000  17025.0000
53.9100  17600.0000
53.9200  16600.0000
53.9300  16625.0000
53.9400  15900.0000
53.9500  17575.0000
53.9600  17400.0000
53.9700  17900.0000
53.9800  17150.0000
53.9900  16350.0000
54.0000  16875.0000
54.0100  17050.0000
54.0200  17025.0000
54.0300  18275.0000
54.0400  16775.0000
54.0500  17825.0000
54.0600  18675.0000
54.0700  18400.0000
54.0800  17550.0000
54.0900  17750.0000
54.1000  18425.0000
54.1100  17550.0000
54.1200  18350.0000
54.1300  19550.0000
54.1400  18900.0000
54.1500  17975.0000
54.1600  18475.0000
54.1700  18300.0000
54.1800  18600.0000
54.1900  19150.0000
54.2000  19275.0000
54.2100  19250.0000
54.2200  18750.0000
54.2300  19350.0000
54.2400  19925.0000
54.2500  20500.0000
54.2600  19850.0000
54.2700  21600.0000
54.2800  21400.0000
54.2900  20900.0000
54.3000  21475.0000
54.3100  21525.0000
54.3200  22025.0000
54.3300  24175.0000
54.3400  23775.0000
54.3500  24425.0000
54.3600  25250.0000
54.3700  25950.0000
54.3800  26850.0000
54.3900  26650.0000
54.4000  25300.0000
54.4100  26375.0000
54.4200  27775.0000
54.4300  26875.0000
54.4400  26475.0000
54.4500  25325.0000
54.4600  25075.0000
54.4700  23500.0000
54.4800  24050.0000
54.4900  24950.0000
54.5000  25025.0000
54.5100  24000.0000
54.5200  23175.0000
54.5300  24450.0000
54.5400  24475.0000
54.5500  22750.0000
54.5600  22250.0000
54.5700  21725.0000
54.5800  21375.0000
54.5900  21600.0000
54.6000  21025.0000
54.6100  21725.0000
54.6200  21275.0000
54.6300  20600.0000
54.6400  20650.0000
54.6500  19450.0000
54.6600  18675.0000
54.6700  19450.0000
54.6800  19800.0000
54.6900  18600.0000
54.7000  18625.0000
54.7100  18475.0000
54.7200  19050.0000
54.7300  19275.0000
54.7400  18075.0000
54.7500  18750.0000
54.7600  17725.0000
54.7700  17875.0000
54.7800  18375.0000
54.7900  17175.0000
54.8000  18200.0000
54.8100  17725.0000
54.8200  17300.0000
54.8300  17575.0000
54.8400  17400.0000
54.8500  17100.0000
54.8600  17725.0000
54.8700  17425.0000
54.8800  17050.0000
54.8900  18050.0000
54.9000  17575.0000
54.9100  17400.0000
54.9200  17525.0000
54.9300  16175.0000
54.9400  17550.0000
54.9500  18750.0000
54.9600  17425.0000
54.9700  17550.0000
54.9800  17800.0000
54.9900  17075.0000
55.0000  18525.0000
55.0100  18375.0000
55.0200  17050.0000
55.0300  18300.0000
55.0400  17075.0000
55.0500  17425.0000
55.0600  16100.0000
55.0700  17975.0000
55.0800  17050.0000
55.0900  16275.0000
55.1000  16925.0000
55.1100  16775.0000
55.1200  17150.0000
55.1300  16050.0000
55.1400  16700.0000
55.1500  16975.0000
55.1600  16650.0000
55.1700  17600.0000
55.1800  16600.0000
55.1900  17825.0000
55.2000  17775.0000
55.2100  16725.0000
55.2200  17850.0000
55.2300  17325.0000
55.2400  16625.0000
55.2500  17950.0000
55.2600  16750.0000
55.2700  17650.0000
55.2800  15875.0000
55.2900  16700.0000
55.3000  17275.0000
55.3100  17800.0000
55.3200  17125.0000
55.3300  16975.0000
55.3400  17400.0000
55.3500  17725.0000
55.3600  17625.0000
55.3700  17125.0000
55.3800  17275.0000
55.3900  16975.0000
55.4000  17050.0000
55.4100  17300.0000
55.4200  16525.0000
55.4300  17525.0000
55.4400  17450.0000
55.4500  17175.0000
55.4600  17275.0000
55.4700  16900.0000
55.4800  17700.0000
55.4900  17350.0000
55.5000  18400.0000
55.5100  17375.0000
55.5200  19100.0000
55.5300  18225.0000
55.5400  17175.0000
55.5500  16850.0000
55.5600  18475.0000
55.5700  18350.0000
55.5800  17625.0000
55.5900  18275.0000
55.6000  18175.0000
55.6100  17825.0000
55.6200  18725.0000
55.6300  18950.0000
55.6400  18125.0000
55.6500  18875.0000
55.6600  18225.0000
55.6700  19150.0000
55.6800  19675.0000
55.6900  18425.0000
55.7000  18875.0000
55.7100  19900.0000
55.7200  19575.0000
55.7300  19550.0000
55.7400  20325.0000
55.7500  20550.0000
55.7600  19900.0000
55.7700  20825.0000
55.7800  20575.0000
55.7900  21025.0000
55.8000  19525.0000
55.8100  21000.0000
55.8200  21275.0000
55.8300  21650.0000
55.8400  21250.0000
55.8500  20650.0000
55.8600  21625.0000
55.8700  21025.0000
55.8800  19775.0000
55.8900  20525.0000
55.9000  21075.0000
55.9100  20225.0000
55.9200  20975.0000
55.9300  19650.0000
55.9400  20925.0000
55.9500  20250.0000
55.9600  19675.0000
55.9700  19800.0000
55.9800  20225.0000
55.9900  19900.0000
56.0000  20025.0000
56.0100  19600.0000
56.0200  18825.0000
56.0300  18400.0000
56.0400  18925.0000
56.0500  17825.0000
56.0600  18075.0000
56.0700  17700.0000
56.0800  18125.0000
56.0900  17425.0000
56.1000  17775.0000
56.1100  17825.0000
56.1200  18250.0000
56.1300  18325.0000
56.1400  17325.0000
56.1500  17525.0000
56.1600  17500.0000
56.1700  17900.0000
56.1800  17125.0000
56.1900  17900.0000
56.2000  16700.0000
56.2100  18200.0000
56.2200  17875.0000
56.2300  17550.0000
56.2400  17175.0000
56.2500  16800.0000
56.2600  17075.0000
56.2700  17350.0000
56.2800  17350.0000
56.2900  16950.0000
56.3000  16525.0000
56.3100  17875.0000
56.3200  18400.0000
56.3300  16925.0000
56.3400  15875.0000
56.3500  17175.0000
56.3600  17650.0000
56.3700  18625.0000
56.3800  17600.0000
56.3900  17400.0000
56.4000  17150.0000
56.4100  17100.0000
56.4200  16725.0000
56.4300  16300.0000
56.4400  16700.0000
56.4500  16475.0000
56.4600  16975.0000
56.4700  16800.0000
56.4800  16250.0000
56.4900  16875.0000
56.5000  17075.0000
56.5100  16575.0000
56.5200  16750.0000
56.5300  16250.0000
56.5400  16300.0000
56.5500  16625.0000
56.5600  16000.0000
56.5700  15975.0000
56.5800  17025.0000
56.5900  17050.0000
56.6000  16750.0000
56.6100  15875.0000
56.6200  16675.0000
56.6300  18500.0000
56.6400  17350.0000
56.6500  16900.0000
56.6600  15925.0000
56.6700  16000.0000
56.6800  17075.0000
56.6900  16875.0000
56.7000  17400.0000
56.7100  16875.0000
56.7200  17125.0000
56.7300  16325.0000
56.7400  16550.0000
56.7500  17150.0000
56.7600  17975.0000
56.7700  15775.0000
56.7800  16750.0000
56.7900  16575.0000
56.8000  16325.0000
56.8100  16225.0000
56.8200  17525.0000
56.8300  17200.0000
56.8400  16750.0000
56.8500  17275.0000
56.8600  16000.0000
56.8700  17150.0000
56.8800  16350.0000
56.8900  16700.0000
56.9000  18050.0000
56.9100  16600.0000
56.9200  16875.0000
56.9300  18000.0000
56.9400  17125.0000
56.9500  17175.0000
56.9600  16750.0000
56.9700  16575.0000
56.9800  17350.0000
56.9900  17550.0000
57.0000  16850.0000
57.0100  16325.0000
57.0200  17275.0000
57.0300  16550.0000
57.0400  16425.0000
57.0500  17950.0000
57.0600  17175.0000
57.0700  17500.0000
57.0800  16875.0000
57.0900  17275.0000
57.1000  16450.0000
57.1100  16700.0000
57.1200  16950.0000
57.1300  16625.0000
57.1400  17750.0000
57.1500  17825.0000
57.1600  17350.0000
57.1700  16275.0000
57.1800  16775.0000
57.1900  17375.0000
57.2000  17850.0000
57.2100  17350.0000
57.2200  16875.0000
57.2300  17450.0000
57.2400  16650.0000
57.2500  15500.0000
57.2600  15725.0000
57.2700  16975.0000
57.2800  17100.0000
57.2900  17625.0000
57.3000  17625.0000
57.3100  17175.0000
57.3200  17575.0000
57.3300  18175.0000
57.3400  16875.0000
57.3500  15775.0000
57.3600  16300.0000
57.3700  17500.0000
57.3800  15800.0000
57.3900  17050.0000
57.4000  17075.0000
57.4100  17125.0000
57.4200  16900.0000
57.4300  17100.0000
57.4400  15425.0000
57.4500  16600.0000
57.4600  17275.0000
57.4700  16700.0000
57.4800  17125.0000
57.4900  17000.0000
57.5000  17150.0000
57.5100  15325.0000
57.5200  16275.0000
57.5300  16700.0000
57.5400  15975.0000
57.5500  16625.0000
57.5600  18250.0000
57.5700  16225.0000
57.5800  16975.0000
57.5900  18050.0000
57.6000  17875.0000
57.6100  16925.0000
57.6200  17650.0000
57.6300  18075.0000
57.6400  16875.0000
57.6500  15925.0000
57.6600  17300.0000
57.6700  17900.0000
57.6800  16525.0000
57.6900  17325.0000
57.7000  16700.0000
57.7100  16675.0000
57.7200  16175.0000
57.7300  16525.0000
57.7400  16775.0000
57.7500  17525.0000
57.7600  16800.0000
57.7700  15875.0000
57.7800  15825.0000
57.7900  16550.0000
57.8000  16850.0000
57.8100  17100.0000
57.8200  16075.0000
57.8300  17175.0000
57.8400  17750.0000
57.8500  17500.0000
57.8600  16600.0000
57.8700  16225.0000
57.8800  15775.0000
57.8900  17775.0000
57.9000  16025.0000
57.9100  16975.0000
57.9200  16400.0000
57.9300  15375.0000
57.9400  15775.0000
57.9500  16400.0000
57.9600  16550.0000
57.9700  17650.0000
57.9800  16800.0000
57.9900  16950.0000
58.0000  16675.0000
58.0100  17450.0000
58.0200  16525.0000
58.0300  17650.0000
58.0400  15675.0000
58.0500  16100.0000
58.0600  16100.0000
58.0700  17775.0000
58.0800  16225.0000
58.0900  16750.0000
58.1000  16000.0000
58.1100  17375.0000
58.1200  17050.0000
58.1300  16975.0000
58.1400  16900.0000
58.1500  18000.0000
58.1600  17525.0000
58.1700  16550.0000
58.1800  16725.0000
58.1900  17750.0000
58.2000  16875.0000
58.2100  16725.0000
58.2200  16525.0000
58.2300  17200.0000
58.2400  16425.0000
58.2500  17050.0000
58.2600  17275.0000
58.2700  17325.0000
58.2800  16350.0000
58.2900  17525.0000
58.3000  18350.0000
58.3100  17125.0000
58.3200  16875.0000
58.3300  16350.0000
58.3400  16750.0000
58.3500  16700.0000
58.3600  16425.0000
58.3700  17125.0000
58.3800  17325.0000
58.3900  17850.0000
58.4000  17100.0000
58.4100  17150.0000
58.4200  17100.0000
58.4300  16400.0000
58.4400  18075.0000
58.4500  17525.0000
58.4600  18125.0000
58.4700  17200.0000
58.4800  16675.0000
58.4900  15700.0000
58.5000  16775.0000
58.5100  17325.0000
58.5200  15900.0000
58.5300  16025.0000
58.5400  15625.0000
58.5500  16775.0000
58.5600  17650.0000
58.5700  16425.0000
58.5800  18000.0000
58.5900  15775.0000
58.6000  16950.0000
58.6100  16575.0000
58.6200  16725.0000
58.6300  17725.0000
58.6400  16700.0000
58.6500  18075.0000
58.6600  16575.0000
58.6700  16200.0000
58.6800  16675.0000
58.6900  16850.0000
58.7000  16275.0000
58.7100  17000.0000
58.7200  17175.0000
58.7300  16950.0000
58.7400  16850.0000
58.7500  16125.0000
58.7600  17200.0000
58.7700  17450.0000
58.7800  16400.0000
58.7900  17075.0000
58.8000  16400.0000
58.8100  16650.0000
58.8200  17025.0000
58.8300  16925.0000
58.8400  16725.0000
58.8500  16150.0000
58.8600  17475.0000
58.8700  18125.0000
58.8800  18525.0000
58.8900  17625.0000
58.9000  17075.0000
58.9100  16675.0000
58.9200  16900.0000
58.9300  17550.0000
58.9400  16700.0000
58.9500  17525.0000
58.9600  16525.0000
58.9700  16750.0000
58.9800  17350.0000
58.9900  16750.0000
59.0000  16225.0000
59.0100  18375.0000
59.0200  17650.0000
59.0300  18050.0000
59.0400  17750.0000
59.0500  16700.0000
59.0600  18700.0000
59.0700  18325.0000
59.0800  17775.0000
59.0900  16875.0000
59.1000  17925.0000
59.1100  17875.0000
59.1200  17225.0000
59.1300  16950.0000
59.1400  18600.0000
59.1500  16700.0000
59.1600  17525.0000
59.1700  17075.0000
59.1800  17450.0000
59.1900  17525.0000
59.2000  18675.0000
59.2100  18500.0000
59.2200  17425.0000
59.2300  18500.0000
59.2400  17275.0000
59.2500  16775.0000
59.2600  17550.0000
59.2700  18050.0000
59.2800  17450.0000
59.2900  18125.0000
59.3000  17475.0000
59.3100  17400.0000
59.3200  18050.0000
59.3300  16300.0000
59.3400  17375.0000
59.3500  17225.0000
59.3600  17100.0000
59.3700  17300.0000
59.3800  17750.0000
59.3900  17875.0000
59.4000  18325.0000
59.4100  16650.0000
59.4200  17525.0000
59.4300  17825.0000
59.4400  17575.0000
59.4500  16700.0000
59.4600  17225.0000
59.4700  17300.0000
59.4800  16950.0000
59.4900  16725.0000
59.5000  16950.0000
59.5100  17100.0000
59.5200  17700.0000
59.5300  18125.0000
59.5400  17375.0000
59.5500  16675.0000
59.5600  15825.0000
59.5700  17000.0000
59.5800  17425.0000
59.5900  17100.0000
59.6000  16500.0000
59.6100  16400.0000
59.6200  16650.0000
59.6300  16075.0000
59.6400  17375.0000
59.6500  16700.0000
59.6600  17325.0000
59.6700  16925.0000
59.6800  17600.0000
59.6900  16925.0000
59.7000  16525.0000
59.7100  16325.0000
59.7200  16425.0000
59.7300  15975.0000
59.7400  16575.0000
59.7500  17225.0000
59.7600  17375.0000
59.7700  17850.0000
59.7800  17225.0000
59.7900  18600.0000
59.8000  17125.0000
59.8100  17075.0000
59.8200  17100.0000
59.8300  17500.0000
59.8400  15825.0000
59.8500  17875.0000
59.8600  17150.0000
59.8700  17275.0000
59.8800  16950.0000
59.8900  16400.0000
59.9000  17650.0000
59.9100  16100.0000
59.9200  17200.0000
59.9300  17025.0000
59.9400  16050.0000
59.9500  16550.0000
59.9600  17325.0000
59.9700  16675.0000
59.9800  17350.0000
59.9900  16625.0000
60.0000  16625.0000
60.0100  17425.0000
60.0200  16100.0000
60.0300  17100.0000
60.0400  17200.0000
60.0500  16350.0000
60.0600  16950.0000
60.0700  17100.0000
60.0800  17425.0000
60.0900  17650.0000
60.1000  16300.0000
60.1100  16225.0000
60.1200  17100.0000
60.1300  16475.0000
60.1400  16575.0000
60.1500  17225.0000
60.1600  17050.0000
60.1700  18325.0000
60.1800  17150.0000
60.1900  18275.0000
60.2000  17225.0000
60.2100  16400.0000
60.2200  17775.0000
60.2300  17850.0000
60.2400  17475.0000
60.2500  17400.0000
60.2600  16300.0000
60.2700  16275.0000
60.2800  17050.0000
60.2900  17900.0000
60.3000  17000.0000
60.3100  17225.0000
60.3200  16100.0000
60.3300  16425.0000
60.3400  16500.0000
60.3500  16800.0000
60.3600  17525.0000
60.3700  16150.0000
60.3800  15825.0000
60.3900  17050.0000
60.4000  16675.0000
60.4100  16250.0000
60.4200  17800.0000
60.4300  16800.0000
60.4400  17200.0000
60.4500  16425.0000
60.4600  17725.0000
60.4700  16750.0000
60.4800  17375.0000
60.4900  16850.0000
60.5000  17750.0000
60.5100  18275.0000
60.5200  17550.0000
60.5300  18125.0000
60.5400  18175.0000
60.5500  17025.0000
60.5600  16925.0000
60.5700  17475.0000
60.5800  17950.0000
60.5900  17475.0000
60.6000  15975.0000
60.6100  16275.0000
60.6200  17125.0000
60.6300  17275.0000
60.6400  17425.0000
60.6500  18200.0000
60.6600  16325.0000
60.6700  17200.0000
60.6800  16900.0000
60.6900  17425.0000
60.7000  16500.0000
60.7100  17100.0000
60.7200  16300.0000
60.7300  15875.0000
60.7400  16700.0000
60.7500  16775.0000
60.7600  16600.0000
60.7700  16225.0000
60.7800  16925.0000
60.7900  16200.0000
60.8000  17775.0000
60.8100  17425.0000
60.8200  16500.0000
60.8300  17350.0000
60.8400  16850.0000
60.8500  15825.0000
60.8600  17375.0000
60.8700  18425.0000
60.8800  17700.0000
60.8900  17000.0000
60.9000  16950.0000
60.9100  17325.0000
60.9200  17650.0000
60.9300  17000.0000
60.9400  16700.0000
60.9500  17075.0000
60.9600  16875.0000
60.9700  17375.0000
60.9800  17625.0000
60.9900  17525.0000
61.0000  16125.0000
61.0100  17450.0000
61.0200  17225.0000
61.0300  16175.0000
61.0400  17725.0000
61.0500  16925.0000
61.0600  18425.0000
61.0700  17075.0000
61.0800  18225.0000
61.0900  19275.0000
61.1000  18350.0000
61.1100  18150.0000
61.1200  19100.0000
61.1300  18075.0000
61.1400  18650.0000
61.1500  17900.0000
61.1600  18600.0000
61.1700  17050.0000
61.1800  18225.0000
61.1900  18225.0000
61.2000  18825.0000
61.2100  20525.0000
61.2200  18825.0000
61.2300  19675.0000
61.2400  19225.0000
61.2500  19300.0000
61.2600  20075.0000
61.2700  18000.0000
61.2800  18125.0000
61.2900  18600.0000
61.3000  19875.0000
61.3100  18750.0000
61.3200  19225.0000
61.3300  17550.0000
61.3400  19550.0000
61.3500  18925.0000
61.3600  17800.0000
61.3700  17725.0000
61.3800  19375.0000
61.3900  18625.0000
61.4000  17425.0000
61.4100  18650.0000
61.4200  18000.0000
61.4300  17325.0000
61.4400  18600.0000
61.4500  18000.0000
61.4600  18400.0000
61.4700  17925.0000
61.4800  17700.0000
61.4900  17050.0000
61.5000  17550.0000
61.5100  18625.0000
61.5200  17025.0000
61.5300  17400.0000
61.5400  16900.0000
61.5500  17925.0000
61.5600  18300.0000
61.5700  18575.0000
61.5800  18200.0000
61.5900  17025.0000
61.6000  16850.0000
61.6100  17450.0000
61.6200  17700.0000
61.6300  17325.0000
61.6400  18775.0000
61.6500  17275.0000
61.6600  17950.0000
61.6700  17800.0000
61.6800  16800.0000
61.6900  17125.0000
61.7000  17900.0000
61.7100  17050.0000
61.7200  16425.0000
61.7300  18150.0000
61.7400  18175.0000
61.7500  18175.0000
61.7600  18500.0000
61.7700  17900.0000
61.7800  18275.0000
61.7900  19100.0000
61.8000  17850.0000
61.8100  18150.0000
61.8200  18325.0000
61.8300  18325.0000
61.8400  19200.0000
61.8500  18250.0000
61.8600  19300.0000
61.8700  19200.0000
61.8800  18275.0000
61.8900  19850.0000
61.9000  18075.0000
61.9100  17850.0000
61.9200  18250.0000
61.9300  18575.0000
61.9400  19375.0000
61.9500  19325.0000
61.9600  17350.0000
61.9700  17750.0000
61.9800  19450.0000
61.9900  19850.0000
62.0000  17925.0000
62.0100  19150.0000
62.0200  18000.0000
62.0300  18300.0000
62.0400  19025.0000
62.0500  17475.0000
62.0600  18300.0000
62.0700  18500.0000
62.0800  19275.0000
62.0900  17600.0000
62.1000  17200.0000
62.1100  17850.0000
62.1200  18525.0000
62.1300  17625.0000
62.1400  17500.0000
62.1500  17950.0000
62.1600  16800.0000
62.1700  17450.0000
62.1800  17425.0000
62.1900  18150.0000
62.2000  17525.0000
62.2100  16500.0000
62.2200  16975.0000
62.2300  17800.0000
62.2400  18225.0000
62.2500  17825.0000
62.2600  16300.0000
62.2700  18125.0000
62.2800  17700.0000
62.2900  17150.0000
62.3000  16150.0000
62.3100  18300.0000
62.3200  17825.0000
62.3300  16575.0000
62.3400  16775.0000
62.3500  18350.0000
62.3600  16625.0000
62.3700  16675.0000
62.3800  16550.0000
62.3900  16875.0000
62.4000  16125.0000
62.4100  17000.0000
62.4200  17325.0000
62.4300  17650.0000
62.4400  16625.0000
62.4500  15900.0000
62.4600  16875.0000
62.4700  16725.0000
62.4800  16775.0000
62.4900  16625.0000
62.5000  16975.0000
62.5100  16075.0000
62.5200  15725.0000
62.5300  16225.0000
62.5400  16350.0000
62.5500  16425.0000
62.5600  16975.0000
62.5700  18300.0000
62.5800  17775.0000
62.5900  16975.0000
62.6000  17075.0000
62.6100  16075.0000
62.6200  17075.0000
62.6300  16100.0000
62.6400  16950.0000
62.6500  17275.0000
62.6600  16350.0000
62.6700  17475.0000
62.6800  16800.0000
62.6900  17325.0000
62.7000  17700.0000
62.7100  16250.0000
62.7200  16575.0000
62.7300  16500.0000
62.7400  16175.0000
62.7500  16575.0000
62.7600  16425.0000
62.7700  17200.0000
62.7800  16800.0000
62.7900  17200.0000
62.8000  16425.0000
62.8100  17150.0000
62.8200  17725.0000
62.8300  15925.0000
62.8400  16850.0000
62.8500  16575.0000
62.8600  17275.0000
62.8700  17650.0000
62.8800  16775.0000
62.8900  16475.0000
62.9000  16450.0000
62.9100  15375.0000
62.9200  17175.0000
62.9300  15925.0000
62.9400  16075.0000
62.9500  16450.0000
62.9600  18000.0000
62.9700  16975.0000
62.9800  15625.0000
62.9900  16775.0000
63.0000  17450.0000
63.0100  16800.0000
63.0200  16325.0000
63.0300  16900.0000
63.0400  17825.0000
63.0500  16575.0000
63.0600  16775.0000
63.0700  16950.0000
63.0800  17275.0000
63.0900  16100.0000
63.1000  17075.0000
63.1100  17050.0000
63.1200  16450.0000
63.1300  16725.0000
63.1400  16175.0000
63.1500  16125.0000
63.1600  16925.0000
63.1700  16900.0000
63.1800  17800.0000
63.1900  16475.0000
63.2000  16700.0000
63.2100  16350.0000
63.2200  16025.0000
63.2300  16425.0000
63.2400  17125.0000
63.2500  16100.0000
63.2600  17200.0000
63.2700  17125.0000
63.2800  17050.0000
63.2900  17025.0000
63.3000  17775.0000
63.3100  17150.0000
63.3200  17575.0000
63.3300  15800.0000
63.3400  15675.0000
63.3500  16175.0000
63.3600  16600.0000
63.3700  17950.0000
63.3800  18525.0000
63.3900  16525.0000
63.4000  16175.0000
63.4100  16250.0000
63.4200  17025.0000
63.4300  17425.0000
63.4400  16900.0000
63.4500  17225.0000
63.4600  16425.0000
63.4700  16675.0000
63.4800  16975.0000
63.4900  16850.0000
63.5000  16775.0000
63.5100  16800.0000
63.5200  17400.0000
63.5300  16175.0000
63.5400  16225.0000
63.5500  16250.0000
63.5600  17025.0000
63.5700  17725.0000
63.5800  17800.0000
63.5900  16275.0000
63.6000  16275.0000
63.6100  16875.0000
63.6200  16875.0000
63.6300  16750.0000
63.6400  17575.0000
63.6500  16950.0000
63.6600  16875.0000
63.6700  17000.0000
63.6800  16600.0000
63.6900  16400.0000
63.7000  16800.0000
63.7100  17225.0000
63.7200  15800.0000
63.7300  16225.0000
63.7400  15700.0000
63.7500  17600.0000
63.7600  17275.0000
63.7700  17100.0000
63.7800  17075.0000
63.7900  17400.0000
63.8000  16325.0000
63.8100  17525.0000
63.8200  17025.0000
63.8300  16400.0000
63.8400  16800.0000
63.8500  16675.0000
63.8600  17725.0000
63.8700  16950.0000
63.8800  16275.0000
63.8900  16175.0000
63.9000  17175.0000
63.9100  16250.0000
63.9200  16025.0000
63.9300  15600.0000
63.9400  16925.0000
63.9500  16300.0000
63.9600  16050.0000
63.9700  15875.0000
63.9800  16175.0000
63.9900  16500.0000
64.0000  16950.0000
64.0100  17125.0000
64.0200  17650.0000
64.0300  17125.0000
64.0400  17750.0000
64.0500  17275.0000
64.0600  16675.0000
64.0700  17000.0000
64.0800  17925.0000
64.0900  16550.0000
64.1000  16950.0000
64.1100  17775.0000
64.1200  17275.0000
64.1300  16425.0000
64.1400  16950.0000
64.1500  16225.0000
64.1600  16900.0000
64.1700  16125.0000
64.1800  16250.0000
64.1900  16650.0000
64.2000  17375.0000
64.2100  17150.0000
64.2200  17750.0000
64.2300  16450.0000
64.2400  17050.0000
64.2500  16900.0000
64.2600  17575.0000
64.2700  17300.0000
64.2800  17225.0000
64.2900  16850.0000
64.3000  17275.0000
64.3100  17075.0000
64.3200  15650.0000
64.3300  16800.0000
64.3400  17625.0000
64.3500  17325.0000
64.3600  17325.0000
64.3700  17900.0000
64.3800  15050.0000
64.3900  16125.0000
64.4000  17450.0000
64.4100  17125.0000
64.4200  17925.0000
64.4300  16850.0000
64.4400  17875.0000
64.4500  17175.0000
64.4600  17225.0000
64.4700  17100.0000
64.4800  17150.0000
64.4900  16750.0000
64.5000  17550.0000
64.5100  17725.0000
64.5200  17125.0000
64.5300  17000.0000
64.5400  16400.0000
64.5500  16525.0000
64.5600  16475.0000
64.5700  16300.0000
64.5800  17975.0000
64.5900  18050.0000
64.6000  16675.0000
64.6100  17400.0000
64.6200  17225.0000
64.6300  16250.0000
64.6400  16200.0000
64.6500  16900.0000
64.6600  16675.0000
64.6700  16875.0000
64.6800  17275.0000
64.6900  16550.0000
64.7000  16675.0000
64.7100  15375.0000
64.7200  16350.0000
64.7300  16600.0000
64.7400  17600.0000
64.7500  17375.0000
64.7600  16875.0000
64.7700  17000.0000
64.7800  17575.0000
64.7900  16550.0000
64.8000  16400.0000
64.8100  17100.0000
64.8200  17225.0000
64.8300  17400.0000
64.8400  15825.0000
64.8500  16150.0000
64.8600  17375.0000
64.8700  16125.0000
64.8800  17100.0000
64.8900  17400.0000
64.9000  18750.0000
64.9100  17500.0000
64.9200  18325.0000
64.9300  17175.0000
64.9400  16975.0000
64.9500  17450.0000
64.9600  17350.0000
64.9700  18125.0000
64.9800  16900.0000
64.9900  16925.0000
65.0000  16925.0000
65.0100  16850.0000
65.0200  17475.0000
65.0300  17800.0000
65.0400  17275.0000
65.0500  17375.0000
65.0600  17075.0000
65.0700  17125.0000
65.0800  17000.0000
65.0900  17300.0000
65.1000  17750.0000
65.1100  16975.0000
65.1200  17425.0000
65.1300  18350.0000
65.1400  17500.0000
65.1500  16750.0000
65.1600  17600.0000
65.1700  17875.0000
65.1800  17025.0000
65.1900  17525.0000
65.2000  16500.0000
65.2100  17625.0000
65.2200  17625.0000
65.2300  17425.0000
65.2400  17550.0000
65.2500  16475.0000
65.2600  17525.0000
65.2700  16575.0000
65.2800  16925.0000
65.2900  16425.0000
65.3000  16875.0000
65.3100  17575.0000
65.3200  17450.0000
65.3300  17300.0000
65.3400  16925.0000
65.3500  16975.0000
65.3600  17325.0000
65.3700  17500.0000
65.3800  16300.0000
65.3900  17125.0000
65.4000  17050.0000
65.4100  17075.0000
65.4200  16550.0000
65.4300  16500.0000
65.4400  17450.0000
65.4500  16725.0000
65.4600  17025.0000
65.4700  17200.0000
65.4800  15725.0000
65.4900  16275.0000
65.5000  17100.0000
65.5100  17325.0000
65.5200  15825.0000
65.5300  16650.0000
65.5400  16725.0000
65.5500  15750.0000
65.5600  16325.0000
65.5700  16450.0000
65.5800  15725.0000
65.5900  16575.0000
65.6000  17425.0000
65.6100  16975.0000
65.6200  16775.0000
65.6300  16650.0000
65.6400  16300.0000
65.6500  16175.0000
65.6600  16800.0000
65.6700  16600.0000
65.6800  17650.0000
65.6900  17650.0000
65.7000  16725.0000
65.7100  17450.0000
65.7200  16250.0000
65.7300  16800.0000
65.7400  17400.0000
65.7500  15900.0000
65.7600  17100.0000
65.7700  16950.0000
65.7800  17100.0000
65.7900  15850.0000
65.8000  15600.0000
65.8100  17175.0000
65.8200  17575.0000
65.8300  17100.0000
65.8400  17650.0000
65.8500  16975.0000
65.8600  16075.0000
65.8700  17350.0000
65.8800  17175.0000
65.8900  15475.0000
65.9000  17725.0000
65.9100  16550.0000
65.9200  17850.0000
65.9300  16350.0000
65.9400  16900.0000
65.9500  17025.0000
65.9600  16850.0000
65.9700  17400.0000
65.9800  16450.0000
65.9900  15550.0000
66.0000  17175.0000
66.0100  16800.0000
66.0200  16900.0000
66.0300  16075.0000
66.0400  17025.0000
66.0500  17375.0000
66.0600  17600.0000
66.0700  17425.0000
66.0800  17800.0000
66.0900  16475.0000
66.1000  17475.0000
66.1100  17150.0000
66.1200  17100.0000
66.1300  16400.0000
66.1400  15675.0000
66.1500  16225.0000
66.1600  17050.0000
66.1700  16975.0000
66.1800  16525.0000
66.1900  17350.0000
66.2000  16100.0000
66.2100  15875.0000
66.2200  16900.0000
66.2300  16000.0000
66.2400  16475.0000
66.2500  15575.0000
66.2600  17750.0000
66.2700  18625.0000
66.2800  17650.0000
66.2900  16125.0000
66.3000  17300.0000
66.3100  16025.0000
66.3200  16700.0000
66.3300  18375.0000
66.3400  17075.0000
66.3500  17825.0000
66.3600  16175.0000
66.3700  17225.0000
66.3800  16675.0000
66.3900  16175.0000
66.4000  16425.0000
66.4100  17375.0000
66.4200  16600.0000
66.4300  17500.0000
66.4400  16600.0000
66.4500  16100.0000
66.4600  17150.0000
66.4700  16975.0000
66.4800  17075.0000
66.4900  18175.0000
66.5000  16350.0000
66.5100  17075.0000
66.5200  16875.0000
66.5300  17450.0000
66.5400  16500.0000
66.5500  16400.0000
66.5600  16175.0000
66.5700  17125.0000
66.5800  16650.0000
66.5900  17175.0000
66.6000  15625.0000
66.6100  17350.0000
66.6200  16300.0000
66.6300  17100.0000
66.6400  16950.0000
66.6500  17125.0000
66.6600  16900.0000
66.6700  17125.0000
66.6800  17025.0000
66.6900  17050.0000
66.7000  16225.0000
66.7100  16200.0000
66.7200  17225.0000
66.7300  17075.0000
66.7400  16150.0000
66.7500  16650.0000
66.7600  17175.0000
66.7700  16425.0000
66.7800  15800.0000
66.7900  17175.0000
66.8000  17025.0000
66.8100  17500.0000
66.8200  16625.0000
66.8300  16975.0000
66.8400  16325.0000
66.8500  17100.0000
66.8600  15750.0000
66.8700  17275.0000
66.8800  16300.0000
66.8900  16750.0000
66.9000  17375.0000
66.9100  15000.0000
66.9200  16525.0000
66.9300  16700.0000
66.9400  16950.0000
66.9500  16500.0000
66.9600  16350.0000
66.9700  16400.0000
66.9800  16775.0000
66.9900  15750.0000
67.0000  16675.0000
67.0100  18300.0000
67.0200  17150.0000
67.0300  18300.0000
67.0400  16175.0000
67.0500  16275.0000
67.0600  17700.0000
67.0700  16475.0000
67.0800  16650.0000
67.0900  18375.0000
67.1000  17900.0000
67.1100  16950.0000
67.1200  17325.0000
67.1300  16600.0000
67.1400  17225.0000
67.1500  16975.0000
67.1600  16075.0000
67.1700  15875.0000
67.1800  15900.0000
67.1900  16425.0000
67.2000  16450.0000
67.2100  17100.0000
67.2200  16325.0000
67.2300  16325.0000
67.2400  16300.0000
67.2500  15650.0000
67.2600  16100.0000
67.2700  16850.0000
67.2800  16525.0000
67.2900  17275.0000
67.3000  16850.0000
67.3100  17700.0000
67.3200  17350.0000
67.3300  16625.0000
67.3400  17725.0000
67.3500  16625.0000
67.3600  16850.0000
67.3700  16200.0000
67.3800  17150.0000
67.3900  17275.0000
67.4000  16300.0000
67.4100  16275.0000
67.4200  16775.0000
67.4300  17275.0000
67.4400  16500.0000
67.4500  16425.0000
67.4600  17225.0000
67.4700  16600.0000
67.4800  17575.0000
67.4900  17550.0000
67.5000  15075.0000
67.5100  17450.0000
67.5200  17450.0000
67.5300  16525.0000
67.5400  16025.0000
67.5500  16325.0000
67.5600  16575.0000
67.5700  17575.0000
67.5800  16750.0000
67.5900  16775.0000
67.6000  17100.0000
67.6100  17875.0000
67.6200  15575.0000
67.6300  16900.0000
67.6400  17375.0000
67.6500  15875.0000
67.6600  16200.0000
67.6700  16175.0000
67.6800  17700.0000
67.6900  17075.0000
67.7000  16600.0000
67.7100  16575.0000
67.7200  16725.0000
67.7300  16050.0000
67.7400  16250.0000
67.7500  16000.0000
67.7600  15800.0000
67.7700  17800.0000
67.7800  16875.0000
67.7900  17150.0000
67.8000  15750.0000
67.8100  15450.0000
67.8200  16450.0000
67.8300  17200.0000
67.8400  16400.0000
67.8500  16625.0000
67.8600  17175.0000
67.8700  17025.0000
67.8800  17175.0000
67.8900  16400.0000
67.9000  17825.0000
67.9100  17100.0000
67.9200  15650.0000
67.9300  16275.0000
67.9400  17375.0000
67.9500  16775.0000
67.9600  17275.0000
67.9700  16750.0000
67.9800  16500.0000
67.9900  16275.0000
68.0000  15975.0000
68.0100  16425.0000
68.0200  16575.0000
68.0300  16550.0000
68.0400  16475.0000
68.0500  15425.0000
68.0600  16075.0000
68.0700  17150.0000
68.0800  16400.0000
68.0900  16625.0000
68.1000  16625.0000
68.1100  16850.0000
68.1200  16525.0000
68.1300  17175.0000
68.1400  16225.0000
68.1500  17100.0000
68.1600  17325.0000
68.1700  16800.0000
68.1800  18125.0000
68.1900  16500.0000
68.2000  16550.0000
68.2100  18350.0000
68.2200  16675.0000
68.2300  17175.0000
68.2400  16725.0000
68.2500  15500.0000
68.2600  17775.0000
68.2700  16175.0000
68.2800  16425.0000
68.2900  17375.0000
68.3000  17925.0000
68.3100  16600.0000
68.3200  17875.0000
68.3300  15750.0000
68.3400  16300.0000
68.3500  16925.0000
68.3600  17050.0000
68.3700  16975.0000
68.3800  17575.0000
68.3900  17175.0000
68.4000  17625.0000
68.4100  16150.0000
68.4200  17275.0000
68.4300  16775.0000
68.4400  17075.0000
68.4500  16575.0000
68.4600  16000.0000
68.4700  16800.0000
68.4800  16700.0000
68.4900  16800.0000
68.5000  17075.0000
68.5100  17025.0000
68.5200  17575.0000
68.5300  17100.0000
68.5400  16800.0000
68.5500  16900.0000
68.5600  17025.0000
68.5700  17375.0000
68.5800  16075.0000
68.5900  17500.0000
68.6000  17425.0000
68.6100  16800.0000
68.6200  17425.0000
68.6300  16900.0000
68.6400  16675.0000
68.6500  17475.0000
68.6600  16950.0000
68.6700  14925.0000
68.6800  16675.0000
68.6900  16775.0000
68.7000  17275.0000
68.7100  16875.0000
68.7200  17125.0000
68.7300  16525.0000
68.7400  15750.0000
68.7500  15725.0000
68.7600  17575.0000
68.7700  16800.0000
68.7800  16625.0000
68.7900  16950.0000
68.8000  18175.0000
68.8100  17125.0000
68.8200  16700.0000
68.8300  18225.0000
68.8400  17275.0000
68.8500  16525.0000
68.8600  16975.0000
68.8700  16575.0000
68.8800  16125.0000
68.8900  17300.0000
68.9000  17425.0000
68.9100  16225.0000
68.9200  16975.0000
68.9300  17025.0000
68.9400  16225.0000
68.9500  17300.0000
68.9600  16975.0000
68.9700  17350.0000
68.9800  17100.0000
68.9900  16225.0000
69.0000  16500.0000
69.0100  17825.0000
69.0200  16500.0000
69.0300  17150.0000
69.0400  16200.0000
69.0500  16400.0000
69.0600  17225.0000
69.0700  16550.0000
69.0800  16200.0000
69.0900  16625.0000
69.1000  17275.0000
69.1100  16875.0000
69.1200  16400.0000
69.1300  16125.0000
69.1400  17350.0000
69.1500  16975.0000
69.1600  18125.0000
69.1700  16975.0000
69.1800  16775.0000
69.1900  16725.0000
69.2000  15500.0000
69.2100  17575.0000
69.2200  17175.0000
69.2300  18400.0000
69.2400  17800.0000
69.2500  16325.0000
69.2600  15500.0000
69.2700  16700.0000
69.2800  17225.0000
69.2900  18000.0000
69.3000  17275.0000
69.3100  17225.0000
69.3200  17025.0000
69.3300  17225.0000
69.3400  16950.0000
69.3500  16425.0000
69.3600  16175.0000
69.3700  16325.0000
69.3800  15800.0000
69.3900  17525.0000
69.4000  16725.0000
69.4100  15825.0000
69.4200  15425.0000
69.4300  15175.0000
69.4400  16900.0000
69.4500  18000.0000
69.4600  17325.0000
69.4700  16650.0000
69.4800  16075.0000
69.4900  16725.0000
69.5000  17425.0000
69.5100  16925.0000
69.5200  16775.0000
69.5300  17075.0000
69.5400  16800.0000
69.5500  15875.0000
69.5600  15850.0000
69.5700  16275.0000
69.5800  16850.0000
69.5900  16200.0000
69.6000  16875.0000
69.6100  15825.0000
69.6200  15350.0000
69.6300  17750.0000
69.6400  15575.0000
69.6500  17900.0000
69.6600  17475.0000
69.6700  16075.0000
69.6800  17025.0000
69.6900  17350.0000
69.7000  16500.0000
69.7100  16625.0000
69.7200  16875.0000
69.7300  16775.0000
69.7400  16000.0000
69.7500  16750.0000
69.7600  16725.0000
69.7700  17300.0000
69.7800  16250.0000
69.7900  17075.0000
69.8000  17475.0000
69.8100  16425.0000
69.8200  16400.0000
69.8300  17275.0000
69.8400  17150.0000
69.8500  17050.0000
69.8600  17550.0000
69.8700  16050.0000
69.8800  17575.0000
69.8900  17575.0000
69.9000  18725.0000
69.9100  15650.0000
69.9200  17525.0000
69.9300  17125.0000
69.9400  16875.0000
69.9500  16175.0000
69.9600  16100.0000
69.9700  16700.0000
69.9800  16675.0000
69.9900  16675.0000
70.0000  18000.0000
70.0100  16475.0000
70.0200  16225.0000
70.0300  17050.0000
70.0400  17875.0000
70.0500  17425.0000
70.0600  16675.0000
70.0700  16900.0000
70.0800  16950.0000
70.0900  16225.0000
70.1000  17125.0000
70.1100  18175.0000
70.1200  17625.0000
70.1300  17725.0000
70.1400  18375.0000
70.1500  17400.0000
70.1600  16075.0000
70.1700  17375.0000
70.1800  17325.0000
70.1900  17450.0000
70.2000  17075.0000
70.2100  17825.0000
70.2200  17100.0000
70.2300  18575.0000
70.2400  17575.0000
70.2500  19050.0000
70.2600  18750.0000
70.2700  16700.0000
70.2800  16350.0000
70.2900  18625.0000
70.3000  17500.0000
70.3100  16925.0000
70.3200  18275.0000
70.3300  18450.0000
70.3400  18825.0000
70.3500  18025.0000
70.3600  18175.0000
70.3700  18775.0000
70.3800  18725.0000
70.3900  18500.0000
70.4000  17400.0000
70.4100  19000.0000
70.4200  18375.0000
70.4300  18625.0000
70.4400  19075.0000
70.4500  17950.0000
70.4600  19175.0000
70.4700  18275.0000
70.4800  19325.0000
70.4900  17400.0000
70.5000  17450.0000
70.5100  18400.0000
70.5200  19225.0000
70.5300  19550.0000
70.5400  16925.0000
70.5500  18575.0000
70.5600  17975.0000
70.5700  17600.0000
70.5800  18950.0000
70.5900  18525.0000
70.6000  17900.0000
70.6100  17650.0000
70.6200  17550.0000
70.6300  16550.0000
70.6400  17025.0000
70.6500  16525.0000
70.6600  16675.0000
70.6700  19350.0000
70.6800  18200.0000
70.6900  16000.0000
70.7000  18000.0000
70.7100  18000.0000
70.7200  16850.0000
70.7300  16225.0000
70.7400  17050.0000
70.7500  16400.0000
70.7600  16925.0000
70.7700  16400.0000
70.7800  17825.0000
70.7900  16525.0000
70.8000  17750.0000
70.8100  16700.0000
70.8200  15925.0000
70.8300  15125.0000
70.8400  16975.0000
70.8500  16050.0000
70.8600  17650.0000
70.8700  16450.0000
70.8800  16275.0000
70.8900  17275.0000
70.9000  17775.0000
70.9100  17825.0000
70.9200  17725.0000
70.9300  17025.0000
70.9400  16450.0000
70.9500  18050.0000
70.9600  17150.0000
70.9700  16525.0000
70.9800  16775.0000
70.9900  17075.0000
71.0000  16450.0000
71.0100  15550.0000
71.0200  18050.0000
71.0300  17175.0000
71.0400  16150.0000
71.0500  16875.0000
71.0600  16450.0000
71.0700  17125.0000
71.0800  16325.0000
71.0900  15975.0000
71.1000  17025.0000
71.1100  16300.0000
71.1200  17450.0000
71.1300  16075.0000
71.1400  17100.0000
71.1500  16700.0000
71.1600  16875.0000
71.1700  17000.0000
71.1800  17500.0000
71.1900  16850.0000
71.2000  16850.0000
71.2100  16250.0000
71.2200  16800.0000
71.2300  16175.0000
71.2400  17625.0000
71.2500  17225.0000
71.2600  17375.0000
71.2700  16975.0000
71.2800  16700.0000
71.2900  17200.0000
71.3000  16900.0000
71.3100  16125.0000
71.3200  17025.0000
71.3300  16750.0000
71.3400  17225.0000
71.3500  17075.0000
71.3600  17850.0000
71.3700  15850.0000
71.3800  15850.0000
71.3900  17275.0000
71.4000  17475.0000
71.4100  17600.0000
71.4200  16625.0000
71.4300  17950.0000
71.4400  17725.0000
71.4500  16175.0000
71.4600  17550.0000
71.4700  16575.0000
71.4800  17575.0000
71.4900  17050.0000
71.5000  17450.0000
71.5100  15825.0000
71.5200  17100.0000
71.5300  16725.0000
71.5400  17300.0000
71.5500  16525.0000
71.5600  17750.0000
71.5700  17900.0000
71.5800  17150.0000
71.5900  16150.0000
71.6000  17900.0000
71.6100  16275.0000
71.6200  17175.0000
71.6300  16975.0000
71.6400  17175.0000
71.6500  17200.0000
71.6600  17325.0000
71.6700  16350.0000
71.6800  16175.0000
71.6900  16350.0000
71.7000  17525.0000
71.7100  16325.0000
71.7200  16975.0000
71.7300  16975.0000
71.7400  17925.0000
71.7500  16725.0000
71.7600  16925.0000
71.7700  16650.0000
71.7800  16475.0000
71.7900  17125.0000
71.8000  16975.0000
71.8100  17025.0000
71.8200  16725.0000
71.8300  16400.0000
71.8400  15825.0000
71.8500  16550.0000
71.8600  17475.0000
71.8700  17725.0000
71.8800  16925.0000
71.8900  16925.0000
71.9000  16650.0000
71.9100  17825.0000
71.9200  16725.0000
71.9300  17625.0000
71.9400  17350.0000
71.9500  17575.0000
71.9600  16900.0000
71.9700  17600.0000
71.9800  16350.0000
71.9900  16875.0000
72.0000  18225.0000
72.0100  17050.0000
72.0200  17150.0000
72.0300  16500.0000
72.0400  16725.0000
72.0500  17475.0000
72.0600  16050.0000
72.0700  16775.0000
72.0800  18450.0000
72.0900  16925.0000
72.1000  16400.0000
72.1100  17350.0000
72.1200  17600.0000
72.1300  15825.0000
72.1400  16900.0000
72.1500  17575.0000
72.1600  17075.0000
72.1700  17350.0000
72.1800  16850.0000
72.1900  16875.0000
72.2000  17200.0000
72.2100  18475.0000
72.2200  16975.0000
72.2300  17625.0000
72.2400  17225.0000
72.2500  16225.0000
72.2600  16925.0000
72.2700  16850.0000
72.2800  17275.0000
72.2900  16900.0000
72.3000  17775.0000
72.3100  16850.0000
72.3200  17300.0000
72.3300  18000.0000
72.3400  16300.0000
72.3500  16325.0000
72.3600  16875.0000
72.3700  16625.0000
72.3800  17225.0000
72.3900  17825.0000
72.4000  18000.0000
72.4100  17800.0000
72.4200  17300.0000
72.4300  16200.0000
72.4400  17075.0000
72.4500  16725.0000
72.4600  18225.0000
72.4700  17375.0000
72.4800  16675.0000
72.4900  18625.0000
72.5000  17650.0000
72.5100  16675.0000
72.5200  17875.0000
72.5300  17400.0000
72.5400  17125.0000
72.5500  17525.0000
72.5600  17400.0000
72.5700  17500.0000
72.5800  17850.0000
72.5900  16325.0000
72.6000  16550.0000
72.6100  16725.0000
72.6200  16750.0000
72.6300  16875.0000
72.6400  17375.0000
72.6500  17375.0000
72.6600  18400.0000
72.6700  17925.0000
72.6800  17600.0000
72.6900  16875.0000
72.7000  16950.0000
72.7100  16475.0000
72.7200  17750.0000
72.7300  18500.0000
72.7400  17550.0000
72.7500  17525.0000
72.7600  17950.0000
72.7700  16925.0000
72.7800  16850.0000
72.7900  18300.0000
72.8000  17225.0000
72.8100  18700.0000
72.8200  18525.0000
72.8300  17075.0000
72.8400  17475.0000
72.8500  17575.0000
72.8600  17275.0000
72.8700  18050.0000
72.8800  17750.0000
72.8900  17150.0000
72.9000  17225.0000
72.9100  16800.0000
72.9200  17900.0000
72.9300  17350.0000
72.9400  18900.0000
72.9500  17500.0000
72.9600  16975.0000
72.9700  16250.0000
72.9800  17375.0000
72.9900  17925.0000
73.0000  18350.0000
73.0100  16575.0000
73.0200  17325.0000
73.0300  17200.0000
73.0400  18000.0000
73.0500  17650.0000
73.0600  16150.0000
73.0700  16725.0000
73.0800  17575.0000
73.0900  18150.0000
73.1000  17275.0000
73.1100  16800.0000
73.1200  17525.0000
73.1300  16225.0000
73.1400  17100.0000
73.1500  16200.0000
73.1600  17950.0000
73.1700  17575.0000
73.1800  17625.0000
73.1900  16625.0000
73.2000  17025.0000
73.2100  16475.0000
73.2200  16225.0000
73.2300  17775.0000
73.2400  16700.0000
73.2500  17625.0000
73.2600  17400.0000
73.2700  17075.0000
73.2800  16275.0000
73.2900  17550.0000
73.3000  16800.0000
73.3100  16400.0000
73.3200  16750.0000
73.3300  16125.0000
73.3400  16925.0000
73.3500  16600.0000
73.3600  18125.0000
73.3700  17525.0000
73.3800  16550.0000
73.3900  17225.0000
73.4000  16950.0000
73.4100  16800.0000
73.4200  17350.0000
73.4300  17375.0000
73.4400  16550.0000
73.4500  17075.0000
73.4600  16950.0000
73.4700  17100.0000
73.4800  16025.0000
73.4900  15900.0000
73.5000  16700.0000
73.5100  16900.0000
73.5200  16025.0000
73.5300  15775.0000
73.5400  16925.0000
73.5500  18250.0000
73.5600  16650.0000
73.5700  16850.0000
73.5800  17800.0000
73.5900  17075.0000
73.6000  17300.0000
73.6100  17200.0000
73.6200  17300.0000
73.6300  17025.0000
73.6400  17525.0000
73.6500  18950.0000
73.6600  16525.0000
73.6700  17375.0000
73.6800  17825.0000
73.6900  16900.0000
73.7000  17000.0000
73.7100  17325.0000
73.7200  18250.0000
73.7300  18450.0000
73.7400  18125.0000
73.7500  17750.0000
73.7600  17800.0000
73.7700  17750.0000
73.7800  16575.0000
73.7900  17125.0000
73.8000  17400.0000
73.8100  18325.0000
73.8200  17550.0000
73.8300  17925.0000
73.8400  15700.0000
73.8500  16875.0000
73.8600  15900.0000
73.8700  17125.0000
73.8800  16900.0000
73.8900  17175.0000
73.9000  16050.0000
73.9100  18050.0000
73.9200  16450.0000
73.9300  17525.0000
73.9400  17725.0000
73.9500  17075.0000
73.9600  17400.0000
73.9700  17300.0000
73.9800  17825.0000
73.9900  17400.0000
74.0000  17500.0000
74.0100  17025.0000
74.0200  17050.0000
74.0300  17350.0000
74.0400  17275.0000
74.0500  18900.0000
74.0600  17750.0000
74.0700  18375.0000
74.0800  16925.0000
74.0900  17175.0000
74.1000  16525.0000
74.1100  18425.0000
74.1200  18050.0000
74.1300  17550.0000
74.1400  17925.0000
74.1500  16575.0000
74.1600  18000.0000
74.1700  17150.0000
74.1800  18300.0000
74.1900  18325.0000
74.2000  18425.0000
74.2100  17600.0000
74.2200  17500.0000
74.2300  18150.0000
74.2400  17150.0000
74.2500  17950.0000
74.2600  18025.0000
74.2700  16575.0000
74.2800  18650.0000
74.2900  16450.0000
74.3000  17475.0000
74.3100  17200.0000
74.3200  17375.0000
74.3300  17175.0000
74.3400  17500.0000
74.3500  18125.0000
74.3600  18075.0000
74.3700  17875.0000
74.3800  17425.0000
74.3900  17350.0000
74.4000  17775.0000
74.4100  18425.0000
74.4200  17750.0000
74.4300  18125.0000
74.4400  18075.0000
74.4500  17775.0000
74.4600  17975.0000
74.4700  17625.0000
74.4800  16550.0000
74.4900  18150.0000
74.5000  17325.0000
74.5100  17950.0000
74.5200  17525.0000
74.5300  17150.0000
74.5400  17525.0000
74.5500  18150.0000
74.5600  17275.0000
74.5700  18450.0000
74.5800  17725.0000
74.5900  16425.0000
74.6000  18075.0000
74.6100  17650.0000
74.6200  17650.0000
74.6300  16550.0000
74.6400  17700.0000
74.6500  17425.0000
74.6600  18250.0000
74.6700  18050.0000
74.6800  16250.0000
74.6900  17550.0000
74.7000  17125.0000
74.7100  17000.0000
74.7200  17025.0000
74.7300  16250.0000
74.7400  16075.0000
74.7500  17650.0000
74.7600  16700.0000
74.7700  17875.0000
74.7800  18850.0000
74.7900  17225.0000
74.8000  17750.0000
74.8100  17400.0000
74.8200  16475.0000
74.8300  16725.0000
74.8400  17325.0000
74.8500  17350.0000
74.8600  17975.0000
74.8700  16150.0000
74.8800  16975.0000
74.8900  17125.0000
74.9000  17525.0000
74.9100  17425.0000
74.9200  17000.0000
74.9300  16775.0000
74.9400  17450.0000
74.9500  16750.0000
74.9600  16250.0000
74.9700  16200.0000
74.9800  17425.0000
74.9900  17050.0000
75.0000  15675.0000
75.0100  16525.0000
75.0200  17000.0000
75.0300  17925.0000
75.0400  18025.0000
75.0500  18200.0000
75.0600  17075.0000
75.0700  17200.0000
75.0800  17150.0000
75.0900  16425.0000
75.1000  15850.0000
75.1100  17075.0000
75.1200  16250.0000
75.1300  15900.0000
75.1400  16500.0000
75.1500  16550.0000
75.1600  16150.0000
75.1700  16625.0000
75.1800  17750.0000
75.1900  16525.0000
75.2000  17275.0000
75.2100  17050.0000
75.2200  16950.0000
75.2300  16750.0000
75.2400  17400.0000
75.2500  17100.0000
75.2600  16975.0000
75.2700  17400.0000
75.2800  17500.0000
75.2900  16050.0000
75.3000  16625.0000
75.3100  16500.0000
75.3200  16750.0000
75.3300  17550.0000
75.3400  16950.0000
75.3500  16200.0000
75.3600  17800.0000
75.3700  17325.0000
75.3800  16625.0000
75.3900  16725.0000
75.4000  16300.0000
75.4100  17275.0000
75.4200  17100.0000
75.4300  15600.0000
75.4400  16450.0000
75.4500  16400.0000
75.4600  18275.0000
75.4700  16725.0000
75.4800  16500.0000
75.4900  16400.0000
75.5000  16525.0000
75.5100  17875.0000
75.5200  16600.0000
75.5300  16400.0000
75.5400  16250.0000
75.5500  16775.0000
75.5600  17100.0000
75.5700  17875.0000
75.5800  17575.0000
75.5900  17325.0000
75.6000  17450.0000
75.6100  17100.0000
75.6200  16350.0000
75.6300  17200.0000
75.6400  17050.0000
75.6500  16275.0000
75.6600  17200.0000
75.6700  16500.0000
75.6800  17125.0000
75.6900  16575.0000
75.7000  16925.0000
75.7100  17150.0000
75.7200  17650.0000
75.7300  17125.0000
75.7400  17350.0000
75.7500  17175.0000
75.7600  17500.0000
75.7700  17275.0000
75.7800  17400.0000
75.7900  15975.0000
75.8000  16525.0000
75.8100  17500.0000
75.8200  17775.0000
75.8300  17050.0000
75.8400  16300.0000
75.8500  16900.0000
75.8600  17375.0000
75.8700  17325.0000
75.8800  16300.0000
75.8900  16625.0000
75.9000  16475.0000
75.9100  16850.0000
75.9200  17200.0000
75.9300  17375.0000
75.9400  17175.0000
75.9500  17575.0000
75.9600  16725.0000
75.9700  17275.0000
75.9800  17000.0000
75.9900  17425.0000
76.0000  17100.0000
76.0100  16775.0000
76.0200  16550.0000
76.0300  18075.0000
76.0400  16725.0000
76.0500  16000.0000
76.0600  16475.0000
76.0700  16550.0000
76.0800  17550.0000
76.0900  16625.0000
76.1000  16075.0000
76.1100  17150.0000
76.1200  17700.0000
76.1300  17175.0000
76.1400  17100.0000
76.1500  17075.0000
76.1600  15975.0000
76.1700  17300.0000
76.1800  16225.0000
76.1900  16525.0000
76.2000  16950.0000
76.2100  17375.0000
76.2200  16600.0000
76.2300  17925.0000
76.2400  17350.0000
76.2500  17600.0000
76.2600  16900.0000
76.2700  16875.0000
76.2800  18350.0000
76.2900  17375.0000
76.3000  17000.0000
76.3100  17650.0000
76.3200  17450.0000
76.3300  18000.0000
76.3400  16975.0000
76.3500  16950.0000
76.3600  17625.0000
76.3700  17100.0000
76.3800  16425.0000
76.3900  17825.0000
76.4000  17400.0000
76.4100  17625.0000
76.4200  18750.0000
76.4300  17200.0000
76.4400  17525.0000
76.4500  16075.0000
76.4600  17400.0000
76.4700  16575.0000
76.4800  17925.0000
76.4900  17125.0000
76.5000  16800.0000
76.5100  17750.0000
76.5200  17775.0000
76.5300  17425.0000
76.5400  17850.0000
76.5500  15825.0000
76.5600  16925.0000
76.5700  18225.0000
76.5800  17275.0000
76.5900  16900.0000
76.6000  17150.0000
76.6100  17850.0000
76.6200  18525.0000
76.6300  16625.0000
76.6400  18300.0000
76.6500  18425.0000
76.6600  16225.0000
76.6700  18775.0000
76.6800  17850.0000
76.6900  17850.0000
76.7000  17825.0000
76.7100  17075.0000
76.7200  16450.0000
76.7300  16700.0000
76.7400  17025.0000
76.7500  16900.0000
76.7600  18750.0000
76.7700  16325.0000
76.7800  16950.0000
76.7900  16575.0000
76.8000  17000.0000
76.8100  16250.0000
76.8200  18275.0000
76.8300  18300.0000
76.8400  17550.0000
76.8500  16750.0000
76.8600  17025.0000
76.8700  17350.0000
76.8800  17450.0000
76.8900  17900.0000
76.9000  17800.0000
76.9100  17525.0000
76.9200  17000.0000
76.9300  17700.0000
76.9400  17500.0000
76.9500  17400.0000
76.9600  17200.0000
76.9700  17650.0000
76.9800  18225.0000
76.9900  17450.0000
77.0000  17750.0000
77.0100  17500.0000
77.0200  17650.0000
77.0300  17800.0000
77.0400  17100.0000
77.0500  17300.0000
77.0600  17750.0000
77.0700  16750.0000
77.0800  17125.0000
77.0900  16975.0000
77.1000  16775.0000
77.1100  17425.0000
77.1200  16575.0000
77.1300  14925.0000
77.1400  17500.0000
77.1500  17025.0000
77.1600  17150.0000
77.1700  18325.0000
77.1800  17150.0000
77.1900  17075.0000
77.2000  17975.0000
77.2100  16400.0000
77.2200  16725.0000
77.2300  17400.0000
77.2400  17625.0000
77.2500  16550.0000
77.2600  17200.0000
77.2700  16550.0000
77.2800  17175.0000
77.2900  17775.0000
77.3000  18000.0000
77.3100  17125.0000
77.3200  16850.0000
77.3300  16675.0000
77.3400  17200.0000
77.3500  16700.0000
77.3600  16250.0000
77.3700  16475.0000
77.3800  18400.0000
77.3900  17875.0000
77.4000  16900.0000
77.4100  17050.0000
77.4200  17425.0000
77.4300  17300.0000
77.4400  18650.0000
77.4500  17100.0000
77.4600  17300.0000
77.4700  17150.0000
77.4800  17400.0000
77.4900  18000.0000
77.5000  16975.0000
77.5100  17775.0000
77.5200  17750.0000
77.5300  17400.0000
77.5400  17000.0000
77.5500  17025.0000
77.5600  18400.0000
77.5700  17425.0000
77.5800  18425.0000
77.5900  16425.0000
77.6000  18350.0000
77.6100  17950.0000
77.6200  17725.0000
77.6300  17700.0000
77.6400  17750.0000
77.6500  17425.0000
77.6600  18175.0000
77.6700  18175.0000
77.6800  17575.0000
77.6900  16550.0000
77.7000  18150.0000
77.7100  17775.0000
77.7200  17975.0000
77.7300  17900.0000
77.7400  17925.0000
77.7500  18175.0000
77.7600  17325.0000
77.7700  17175.0000
77.7800  17850.0000
77.7900  17025.0000
77.8000  17600.0000
77.8100  18350.0000
77.8200  17450.0000
77.8300  16800.0000
77.8400  18250.0000
77.8500  18050.0000
77.8600  18325.0000
77.8700  18925.0000
77.8800  17800.0000
77.8900  19275.0000
77.9000  17150.0000
77.9100  17625.0000
77.9200  18575.0000
77.9300  18950.0000
77.9400  17225.0000
77.9500  17900.0000
77.9600  17500.0000
77.9700  18175.0000
77.9800  18275.0000
77.9900  18150.0000
78.0000  16550.0000
78.0100  17175.0000
78.0200  18300.0000
78.0300  18950.0000
78.0400  17175.0000
78.0500  17600.0000
78.0600  17575.0000
78.0700  18300.0000
78.0800  18650.0000
78.0900  18625.0000
78.1000  17925.0000
78.1100  17200.0000
78.1200  16975.0000
78.1300  16725.0000
78.1400  17100.0000
78.1500  17700.0000
78.1600  17500.0000
78.1700  17975.0000
78.1800  18075.0000
78.1900  17725.0000
78.2000  17775.0000
78.2100  16725.0000
78.2200  17775.0000
78.2300  17775.0000
78.2400  17700.0000
78.2500  17125.0000
78.2600  18525.0000
78.2700  17600.0000
78.2800  18300.0000
78.2900  16975.0000
78.3000  18800.0000
78.3100  15875.0000
78.3200  17075.0000
78.3300  16800.0000
78.3400  17050.0000
78.3500  17400.0000
78.3600  17475.0000
78.3700  17150.0000
78.3800  16350.0000
78.3900  16600.0000
78.4000  17150.0000
78.4100  17150.0000
78.4200  16775.0000
78.4300  16525.0000
78.4400  16525.0000
78.4500  17325.0000
78.4600  17225.0000
78.4700  17475.0000
78.4800  17550.0000
78.4900  17625.0000
78.5000  18325.0000
78.5100  16325.0000
78.5200  17150.0000
78.5300  16625.0000
78.5400  16275.0000
78.5500  17725.0000
78.5600  17025.0000
78.5700  16750.0000
78.5800  17000.0000
78.5900  16900.0000
78.6000  16750.0000
78.6100  17350.0000
78.6200  17850.0000
78.6300  16925.0000
78.6400  17050.0000
78.6500  17050.0000
78.6600  18075.0000
78.6700  16550.0000
78.6800  16275.0000
78.6900  17325.0000
78.7000  16175.0000
78.7100  17200.0000
78.7200  17875.0000
78.7300  16150.0000
78.7400  17325.0000
78.7500  16800.0000
78.7600  17850.0000
78.7700  17350.0000
78.7800  17000.0000
78.7900  16025.0000
78.8000  16300.0000
78.8100  17175.0000
78.8200  16175.0000
78.8300  16975.0000
78.8400  16475.0000
78.8500  17000.0000
78.8600  17000.0000
78.8700  16550.0000
78.8800  16525.0000
78.8900  18050.0000
78.9000  17550.0000
78.9100  17275.0000
78.9200  17325.0000
78.9300  16725.0000
78.9400  16550.0000
78.9500  17425.0000
78.9600  17125.0000
78.9700  16400.0000
78.9800  16875.0000
78.9900  16400.0000
79.0000  18150.0000
79.0100  17200.0000
79.0200  17475.0000
79.0300  16700.0000
79.0400  15725.0000
79.0500  17725.0000
79.0600  17975.0000
79.0700  17350.0000
79.0800  16600.0000
79.0900  17175.0000
79.1000  16550.0000
79.1100  16700.0000
79.1200  17450.0000
79.1300  17225.0000
79.1400  16275.0000
79.1500  16600.0000
79.1600  17175.0000
79.1700  15850.0000
79.1800  16950.0000
79.1900  17175.0000
79.2000  17725.0000
79.2100  17200.0000
79.2200  16275.0000
79.2300  15625.0000
79.2400  16775.0000
79.2500  16350.0000
79.2600  17225.0000
79.2700  16600.0000
79.2800  18425.0000
79.2900  16800.0000
79.3000  16875.0000
79.3100  17450.0000
79.3200  16550.0000
79.3300  17225.0000
79.3400  16750.0000
79.3500  17450.0000
79.3600  17225.0000
79.3700  16950.0000
79.3800  16575.0000
79.3900  16775.0000
79.4000  17050.0000
79.4100  17050.0000
79.4200  17425.0000
79.4300  16875.0000
79.4400  16550.0000
79.4500  16700.0000
79.4600  16425.0000
79.4700  16925.0000
79.4800  16975.0000
79.4900  17300.0000
79.5000  16400.0000
79.5100  16475.0000
79.5200  18200.0000
79.5300  17600.0000
79.5400  16250.0000
79.5500  17400.0000
79.5600  17275.0000
79.5700  17475.0000
79.5800  16750.0000
79.5900  17075.0000
79.6000  16875.0000
79.6100  17200.0000
79.6200  16800.0000
79.6300  17525.0000
79.6400  18300.0000
79.6500  16325.0000
79.6600  17725.0000
79.6700  17075.0000
79.6800  17825.0000
79.6900  17475.0000
79.7000  16725.0000
79.7100  16800.0000
79.7200  16225.0000
79.7300  17800.0000
79.7400  17275.0000
79.7500  15750.0000
79.7600  16400.0000
79.7700  17050.0000
79.7800  16075.0000
79.7900  17125.0000
79.8000  17150.0000
79.8100  17100.0000
79.8200  15550.0000
79.8300  17625.0000
79.8400  17075.0000
79.8500  16925.0000
79.8600  17575.0000
79.8700  17950.0000
79.8800  16800.0000
79.8900  17875.0000
79.9000  16850.0000
79.9100  17925.0000
79.9200  15800.0000
79.9300  16175.0000
79.9400  15975.0000
79.9500  17850.0000
79.9600  16950.0000
79.9700  16950.0000
79.9800  16900.0000
79.9900  17125.0000
80.0000  16875.0000
