two_theta,y_obs,y_calc,y_bkg,y_diff
5,7500,7382.57,7382.57,117.427
5.01,6975,7398.56,7398.56,-423.555
5.02,7175,7414.52,7414.52,-239.518
5.03,8050,7430.46,7430.46,619.538
5.04,8125,7446.39,7446.39,678.613
5.05,7925,7462.29,7462.29,462.707
5.06,7975,7478.18,7478.18,496.82
5.07,8400,7494.05,7494.05,905.951
5.08,7900,7509.9,7509.9,390.101
5.09,7850,7525.73,7525.73,324.271
5.1,7950,7541.54,7541.54,408.458
5.11,7725,7557.33,7557.33,167.665
5.12,7550,7573.11,7573.11,-23.1095
5.13,7575,7588.87,7588.87,-13.8653
5.14,7700,7604.6,7604.6,95.3976
5.15,7925,7620.32,7620.32,304.679
5.16,7550,7636.02,7636.02,-86.0206
5.17,7875,7651.7,7651.7,223.298
5.18,7125,7667.36,7667.36,-542.364
5.19,7850,7683.01,7683.01,166.992
5.2,7825,7698.63,7698.63,126.367
5.21,7975,7714.24,7714.24,260.761
5.22,7575,7729.83,7729.83,-154.827
5.23,8325,7745.4,7745.4,579.604
5.24,7650,7760.95,7760.95,-110.947
5.25,7725,7776.48,7776.48,-51.4793
5.26,7850,7791.99,7791.99,58.0071
5.27,7550,7807.49,7807.49,-257.488
5.28,7975,7822.96,7822.96,152.035
5.29,8000,7838.42,7838.42,161.577
5.3,8000,7853.86,7853.86,146.138
5.31,8400,7869.28,7869.28,530.717
5.32,7550,7884.69,7884.69,-334.686
5.33,8375,7900.07,7900.07,474.93
5.34,7500,7915.44,7915.44,-415.436
5.35,8475,7930.78,7930.78,544.217
5.36,7425,7946.11,7946.11,-521.112
5.37,7825,7961.42,7961.42,-136.423
5.38,7300,7976.71,7976.71,-676.715
5.39,8325,7991.99,7991.99,333.011
5.4,8350,8007.24,8007.24,342.756
5.41,9075,8022.48,8022.48,1052.52
5.42,8425,8037.7,8037.7,387.3
5.43,8025,8052.9,8052.9,-27.901
5.44,7900,8068.08,8068.08,-168.083
5.45,7600,8083.25,8083.25,-483.247
5.46,7575,8098.39,8098.39,-523.393
5.47,8100,8113.52,8113.52,-13.5206
5.48,7350,8128.63,8128.63,-778.63
5.49,7625,8143.72,8143.72,-518.721
5.5,7850,8158.79,8158.79,-308.794
5.51,8300,8173.85,8173.85,126.151
5.52,8150,8188.89,8188.89,-38.8853
5.53,8350,8203.9,8203.9,146.096
5.54,8050,8218.9,8218.9,-168.904
5.55,7800,8233.89,8233.89,-433.886
5.56,9150,8248.85,8248.85,901.15
5.57,8200,8263.8,8263.8,-63.7962
5.58,8350,8278.72,8278.72,71.2759
5.59,7775,8293.63,8293.63,-518.634
5.6,8700,8308.53,8308.53,391.474
5.61,8000,8323.4,8323.4,-323.399
5.62,9075,8338.26,8338.26,736.745
5.63,8750,8353.09,8353.09,396.907
5.64,8900,8367.91,8367.91,532.087
5.65,8075,8382.71,8382.71,-307.714
5.66,8275,8397.5,8397.5,-122.498
5.67,8925,8412.26,8412.26,512.736
5.68,8950,8427.01,8427.01,522.988
5.69,8775,8441.74,8441.74,333.258
5.7,8450,8456.45,8456.45,-6.45404
5.71,8675,8471.15,8471.15,203.852
5.72,8350,8485.82,8485.82,-135.825
5.73,7850,8500.48,8500.48,-650.483
5.74,8750,8515.12,8515.12,234.876
5.75,8975,8529.75,8529.75,445.254
5.76,8850,8544.35,8544.35,305.649
5.77,8525,8558.94,8558.94,-33.9386
5.78,8950,8573.51,8573.51,376.492
5.79,8150,8588.06,8588.06,-438.06
5.8,9450,8602.59,8602.59,847.407
5.81,8400,8617.11,8617.11,-217.11
5.82,8200,8631.61,8631.61,-431.608
5.83,8700,8646.09,8646.09,53.9114
5.84,8100,8660.55,8660.55,-560.552
5.85,8125,8675,8675,-549.997
5.86,9125,8689.42,8689.42,435.576
5.87,8400,8703.83,8703.83,-303.834
5.88,9125,8718.23,8718.23,406.773
5.89,8375,8732.6,8732.6,-357.601
5.9,8200,8746.96,8746.96,-546.958
5.91,7925,8761.3,8761.3,-836.298
5.92,7650,8775.62,8775.62,-1125.62
5.93,8725,8789.92,8789.92,-64.9239
5.94,9025,8804.21,8804.21,220.789
5.95,8650,8818.48,8818.48,-168.48
5.96,8650,8832.73,8832.73,-182.731
5.97,8450,8846.97,8846.97,-396.966
5.98,8775,8861.18,8861.18,-86.1821
5.99,8875,8875.38,8875.38,-0.38126
6,8750,8889.56,8889.56,-139.563
6.01,8675,8903.73,8903.73,-228.727
6.02,9075,8917.87,8917.87,157.126
6.03,9400,8932,8932,467.997
6.04,8850,8946.12,8946.12,-96.1151
6.05,8550,8960.21,8960.21,-410.21
6.06,9325,8974.29,8974.29,350.713
6.07,9300,8988.35,8988.35,311.654
6.08,8925,9002.39,9002.39,-77.3888
6.09,9200,9016.41,9016.41,183.586
6.1,9500,9030.42,9030.42,469.578
6.11,8475,9044.41,9044.41,-569.412
6.12,9125,9058.39,9058.39,66.615
6.13,9000,9072.34,9072.34,-72.3408
6.14,9025,9086.28,9086.28,-61.2793
6.15,8950,9100.2,9100.2,-150.201
6.16,8725,9114.1,9114.1,-389.105
6.17,9525,9127.99,9127.99,397.009
6.18,8725,9141.86,9141.86,-416.861
6.19,8675,9155.71,9155.71,-480.713
6.2,10175,9169.55,9169.55,1005.45
6.21,9225,9183.37,9183.37,41.6336
6.22,9375,9197.17,9197.17,177.833
6.23,9975,9210.95,9210.95,764.049
6.24,9125,9224.72,9224.72,-99.7174
6.25,9550,9238.47,9238.47,311.533
6.26,8975,9252.2,9252.2,-277.199
6.27,9250,9265.91,9265.91,-15.9144
6.28,9100,9279.61,9279.61,-179.613
6.29,8775,9293.29,9293.29,-518.294
6.3,9175,9306.96,9306.96,-131.958
6.31,8875,9320.6,9320.6,-445.605
6.32,9450,9334.23,9334.23,115.765
6.33,8750,9347.85,9347.85,-597.848
6.34,9725,9361.44,9361.44,363.557
6.35,9550,9375.02,9375.02,174.978
6.36,9275,9388.58,9388.58,-113.584
6.37,10250,9402.13,9402.13,847.87
6.38,9500,9415.66,9415.66,84.3424
6.39,9300,9429.17,9429.17,-129.169
6.4,8575,9442.66,9442.66,-867.663
6.41,9200,9456.14,9456.14,-256.141
6.42,9550,9469.6,9469.6,80.399
6.43,9375,9483.04,9483.04,-108.045
6.44,9175,9496.47,9496.47,-321.471
6.45,10050,9509.88,9509.88,540.119
6.46,9675,9523.27,9523.27,151.726
6.47,9450,9536.65,9536.65,-86.6508
6.48,9000,9550.01,9550.01,-550.01
6.49,9275,9563.35,9563.35,-288.353
6.5,9100,9576.68,9576.68,-476.679
6.51,9225,9589.99,9589.99,-364.988
6.52,8700,9603.28,9603.28,-903.281
6.53,9025,9616.56,9616.56,-591.556
6.54,9250,9629.82,9629.82,-379.815
6.55,9825,9643.06,9643.06,181.942
6.56,9875,9656.28,9656.28,218.717
6.57,10025,9669.49,9669.49,355.508
6.58,9100,9682.68,9682.68,-582.684
6.59,9350,9695.86,9695.86,-345.86
6.6,9250,9709.02,9709.02,-459.019
6.61,9625,9722.16,9722.16,-97.1614
6.62,9450,9735.29,9735.29,-285.287
6.63,8975,9748.4,9748.4,-773.396
6.64,9125,9761.49,9761.49,-636.489
6.65,9925,9774.56,9774.56,150.435
6.66,9725,9787.62,9787.62,-62.6244
6.67,9625,9800.67,9800.67,-175.667
6.68,9675,9813.69,9813.69,-138.694
6.69,10125,9826.7,9826.7,298.296
6.7,10125,9839.7,9839.7,285.303
6.71,10300,9852.67,9852.67,447.326
6.72,10250,9865.63,9865.63,384.366
6.73,9550,9878.58,9878.58,-328.578
6.74,9850,9891.51,9891.51,-41.506
6.75,9600,9904.42,9904.42,-304.417
6.76,9350,9917.31,9917.31,-567.312
6.77,10450,9930.19,9930.19,519.81
6.78,9400,9943.05,9943.05,-543.052
6.79,9300,9955.9,9955.9,-655.898
6.8,9725,9968.73,9968.73,-243.727
6.81,9425,9981.54,9981.54,-556.54
6.82,9975,9994.34,9994.34,-19.3363
6.83,9700,10007.1,10007.1,-307.117
6.84,10050,10019.9,10019.9,30.1195
6.85,9425,10032.6,10032.6,-607.628
6.86,10250,10045.4,10045.4,204.641
6.87,10175,10058.1,10058.1,116.926
6.88,9800,10070.8,10070.8,-270.773
6.89,9750,10083.5,10083.5,-333.456
6.9,10225,10096.1,10096.1,128.878
6.91,9750,10108.8,10108.8,-358.772
6.92,9850,10121.4,10121.4,-271.406
6.93,10100,10134,10134,-34.0242
6.94,10650,10146.6,10146.6,503.374
6.95,9875,10159.2,10159.2,-284.211
6.96,9725,10171.8,10171.8,-446.781
6.97,9750,10184.3,10184.3,-434.334
6.98,10000,10196.9,10196.9,-196.871
6.99,10225,10209.4,10209.4,15.6081
7,10400,10221.9,10221.9,178.103
7.01,10025,10234.4,10234.4,-209.386
7.02,9425,10246.9,10246.9,-821.858
7.03,9000,10259.3,10259.3,-1259.32
7.04,9700,10271.8,10271.8,-571.756
7.05,10125,10284.2,10284.2,-159.18
7.06,10525,10296.6,10296.6,228.411
7.07,10925,10309,10309,616.018
7.08,9700,10321.4,10321.4,-621.358
7.09,9950,10333.7,10333.7,-383.719
7.1,10025,10346.1,10346.1,-321.064
7.11,10275,10358.4,10358.4,-83.3927
7.12,9875,10370.7,10370.7,-495.706
7.13,10275,10383,10383,-108.003
7.14,9450,10395.3,10395.3,-945.284
7.15,10250,10407.5,10407.5,-157.549
7.16,9950,10419.8,10419.8,-469.798
7.17,10850,10432,10432,417.968
7.18,10875,10444.2,10444.2,430.751
7.19,10425,10456.5,10456.5,-31.4511
7.2,9850,10468.6,10468.6,-618.637
7.21,9775,10480.8,10480.8,-705.807
7.22,10050,10493,10493,-442.962
7.23,10400,10505.1,10505.1,-105.1
7.24,10150,10517.2,10517.2,-367.223
7.25,10175,10529.3,10529.3,-354.33
7.26,10100,10541.4,10541.4,-441.422
7.27,10850,10553.5,10553.5,296.503
7.28,10375,10565.6,10565.6,-190.557
7.29,8950,10577.6,10577.6,-1627.6
7.3,10375,10589.6,10589.6,-214.63
7.31,10825,10601.6,10601.6,223.357
7.32,11225,10613.6,10613.6,611.36
7.33,10675,10625.6,10625.6,49.3784
7.34,10725,10637.6,10637.6,87.4125
7.35,9800,10649.5,10649.5,-849.538
7.36,10325,10661.5,10661.5,-336.473
7.37,9725,10673.4,10673.4,-948.392
7.38,10825,10685.3,10685.3,139.705
7.39,10950,10697.2,10697.2,252.817
7.4,10000,10709.1,10709.1,-709.056
7.41,10575,10720.9,10720.9,-145.912
7.42,10150,10732.8,10732.8,-582.754
7.43,10650,10744.6,10744.6,-94.5797
7.44,10575,10756.4,10756.4,-181.39
7.45,11050,10768.2,10768.2,281.815
7.46,10850,10780,10780,70.0357
7.47,9775,10791.7,10791.7,-1016.73
7.48,10700,10803.5,10803.5,-103.477
7.49,10675,10815.2,10815.2,-140.21
7.5,11100,10826.9,10826.9,273.073
7.51,10400,10838.6,10838.6,-438.63
7.52,10600,10850.3,10850.3,-250.317
7.53,10600,10862,10862,-261.988
7.54,10375,10873.6,10873.6,-498.644
7.55,10575,10885.3,10885.3,-310.285
7.56,10150,10896.9,10896.9,-746.91
7.57,10450,10908.5,10908.5,-458.52
7.58,10075,10920.1,10920.1,-845.115
7.59,11450,10931.7,10931.7,518.305
7.6,10725,10943.3,10943.3,-218.259
7.61,10600,10954.8,10954.8,-354.808
7.62,10375,10966.3,10966.3,-591.341
7.63,10675,10977.9,10977.9,-302.86
7.64,10900,10989.4,10989.4,-89.3628
7.65,12025,11000.9,11000.9,1024.15
7.66,10850,11012.3,11012.3,-162.323
7.67,11325,11023.8,11023.8,301.219
7.68,11250,11035.2,11035.2,214.777
7.69,11900,11046.7,11046.7,853.35
7.7,11650,11058.1,11058.1,591.938
7.71,11000,11069.5,11069.5,-69.4593
7.72,11850,11080.8,11080.8,769.159
7.73,10850,11092.2,11092.2,-242.208
7.74,11100,11103.6,11103.6,-3.55922
7.75,10300,11114.9,11114.9,-814.896
7.76,10650,11126.2,11126.2,-476.217
7.77,10700,11137.5,11137.5,-437.523
7.78,11175,11148.8,11148.8,26.1855
7.79,11075,11160.1,11160.1,-85.0907
7.8,11225,11171.4,11171.4,53.6482
7.81,11250,11182.6,11182.6,67.402
7.82,10675,11193.8,11193.8,-518.829
7.83,11400,11205,11205,194.955
7.84,11225,11216.2,11216.2,8.75354
7.85,11250,11227.4,11227.4,22.5673
7.86,11025,11238.6,11238.6,-213.604
7.87,10700,11249.8,11249.8,-549.76
7.88,10525,11260.9,11260.9,-735.902
7.89,11250,11272,11272,-22.0282
7.9,11150,11283.1,11283.1,-133.14
7.91,11100,11294.2,11294.2,-194.237
7.92,9925,11305.3,11305.3,-1380.32
7.93,11675,11316.4,11316.4,358.615
7.94,10450,11327.4,11327.4,-877.437
7.95,10150,11338.5,11338.5,-1188.47
7.96,10000,11349.5,11349.5,-1349.5
7.97,11950,11360.5,11360.5,589.495
7.98,11750,11371.5,11371.5,378.502
7.99,11175,11382.5,11382.5,-207.476
8,10950,11393.4,11393.4,-443.439
8.01,11325,11404.4,11404.4,-79.3879
8.02,11450,11415.3,11415.3,34.6783
8.03,11000,11426.2,11426.2,-426.241
8.04,10525,11437.1,11437.1,-912.145
8.05,11225,11448,11448,-223.035
8.06,11375,11458.9,11458.9,-83.9099
8.07,10550,11469.8,11469.8,-919.77
8.08,10475,11480.6,11480.6,-1005.62
8.09,10850,11491.4,11491.4,-641.447
8.1,11025,11502.3,11502.3,-477.263
8.11,11675,11513.1,11513.1,161.935
8.12,11975,11523.9,11523.9,451.148
8.13,11050,11534.6,11534.6,-484.625
8.14,11350,11545.4,11545.4,-195.382
8.15,10875,11556.1,11556.1,-681.126
8.16,10950,11566.9,11566.9,-616.855
8.17,11325,11577.6,11577.6,-252.569
8.18,11475,11588.3,11588.3,-113.268
8.19,11875,11599,11599,276.046
8.2,12100,11609.6,11609.6,490.376
8.21,10750,11620.3,11620.3,-870.28
8.22,11525,11630.9,11630.9,-105.922
8.23,10175,11641.5,11641.5,-1466.55
8.24,11325,11652.2,11652.2,-327.162
8.25,10675,11662.8,11662.8,-987.76
8.26,11450,11673.3,11673.3,-223.344
8.27,11600,11683.9,11683.9,-83.9135
8.28,12575,11694.5,11694.5,880.531
8.29,12100,11705,11705,394.991
8.3,11550,11715.5,11715.5,-165.535
8.31,11575,11726,11726,-151.047
8.32,11750,11736.5,11736.5,13.4553
8.33,11750,11747,11747,2.97221
8.34,10300,11757.5,11757.5,-1457.5
8.35,11575,11768,11768,-192.951
8.36,12175,11778.4,11778.4,396.609
8.37,11425,11788.8,11788.8,-363.817
8.38,11750,11799.2,11799.2,-49.2287
8.39,12125,11809.6,11809.6,315.374
8.4,11900,11820,11820,79.991
8.41,12600,11830.4,11830.4,769.622
8.42,12150,11840.7,11840.7,309.268
8.43,12000,11851.1,11851.1,148.927
8.44,11925,11861.4,11861.4,63.6012
8.45,12225,11871.7,11871.7,353.289
8.46,11950,11882,11882,67.9915
8.47,12125,11892.3,11892.3,232.708
8.48,11875,11902.6,11902.6,-27.5615
8.49,11700,11912.8,11912.8,-212.817
8.5,11600,11923.1,11923.1,-323.058
8.51,11925,11933.3,11933.3,-8.28489
8.52,12450,11943.5,11943.5,506.502
8.53,12150,11953.7,11953.7,196.303
8.54,12400,11963.9,11963.9,436.119
8.55,11750,11974.1,11974.1,-224.052
8.56,12225,11984.2,11984.2,240.791
8.57,11300,11994.4,11994.4,-694.351
8.58,12400,12004.5,12004.5,395.52
8.59,12175,12014.6,12014.6,160.406
8.6,11425,12024.7,12024.7,-599.695
8.61,11875,12034.8,12034.8,-159.781
8.62,11600,12044.9,12044.9,-444.853
8.63,11750,12054.9,12054.9,-304.912
8.64,12750,12065,12065,685.043
8.65,12625,12075,12075,550.013
8.66,12150,12085,12085,64.9962
8.67,12700,12095,12095,604.993
8.68,12175,12105,12105,70.0046
8.69,12125,12115,12115,10.0297
8.7,12200,12124.9,12124.9,75.0686
8.71,12000,12134.9,12134.9,-134.879
8.72,12025,12144.8,12144.8,-119.812
8.73,12275,12154.7,12154.7,120.269
8.74,12375,12164.6,12164.6,210.363
8.75,11825,12174.5,12174.5,-349.529
8.76,13050,12184.4,12184.4,865.593
8.77,13275,12194.3,12194.3,1080.73
8.78,12200,12204.1,12204.1,-4.12136
8.79,12675,12214,12214,461.042
8.8,12100,12223.8,12223.8,-123.781
8.81,13100,12233.6,12233.6,866.41
8.82,12650,12243.4,12243.4,406.615
8.83,12425,12253.2,12253.2,171.833
8.84,11600,12262.9,12262.9,-662.935
8.85,12900,12272.7,12272.7,627.311
8.86,12250,12282.4,12282.4,-32.4297
8.87,12575,12292.2,12292.2,282.843
8.88,12525,12301.9,12301.9,223.13
8.89,13325,12311.6,12311.6,1013.43
8.9,12150,12321.3,12321.3,-171.255
8.91,12575,12330.9,12330.9,244.072
8.92,12825,12340.6,12340.6,484.414
8.93,12550,12350.2,12350.2,199.769
8.94,13050,12359.9,12359.9,690.137
8.95,12700,12369.5,12369.5,330.519
8.96,12725,12379.1,12379.1,345.915
8.97,13825,12388.7,12388.7,1436.32
8.98,12675,12398.3,12398.3,276.747
8.99,11700,12407.8,12407.8,-707.817
9,12300,12417.4,12417.4,-117.367
9.01,12150,12426.9,12426.9,-276.904
9.02,12325,12436.4,12436.4,-111.427
9.03,12525,12445.9,12445.9,79.0634
9.04,12300,12455.4,12455.4,-155.433
9.05,13000,12464.9,12464.9,535.084
9.06,12850,12474.4,12474.4,375.615
9.07,12625,12483.8,12483.8,141.159
9.08,13975,12493.3,12493.3,1481.72
9.09,13325,12502.7,12502.7,822.288
9.1,12775,12512.1,12512.1,262.872
9.11,12400,12521.5,12521.5,-121.53
9.12,12000,12530.9,12530.9,-530.919
9.13,12450,12540.3,12540.3,-90.2949
9.14,12300,12549.7,12549.7,-249.657
9.15,12275,12559,12559,-284.006
9.16,13075,12568.3,12568.3,506.658
9.17,11525,12577.7,12577.7,-1052.66
9.18,12175,12587,12587,-411.973
9.19,12325,12596.3,12596.3,-271.268
9.2,12450,12605.6,12605.6,-155.551
9.21,12975,12614.8,12614.8,360.18
9.22,13175,12624.1,12624.1,550.924
9.23,13000,12633.3,12633.3,366.682
9.24,12750,12642.5,12642.5,107.452
9.25,12800,12651.8,12651.8,148.236
9.26,14125,12661,12661,1464.03
9.27,13050,12670.2,12670.2,379.843
9.28,13650,12679.3,12679.3,970.667
9.29,12450,12688.5,12688.5,-238.497
9.3,12975,12697.6,12697.6,277.353
9.31,12425,12706.8,12706.8,-281.784
9.32,12950,12715.9,12715.9,234.092
9.33,13225,12725,12725,499.981
9.34,11950,12734.1,12734.1,-784.117
9.35,12700,12743.2,12743.2,-43.2017
9.36,12850,12752.3,12752.3,97.7267
9.37,11875,12761.3,12761.3,-886.332
9.38,12175,12770.4,12770.4,-595.377
9.39,13500,12779.4,12779.4,720.59
9.4,12650,12788.4,12788.4,-138.429
9.41,12375,12797.4,12797.4,-422.436
9.42,12175,12806.4,12806.4,-631.429
9.43,12350,12815.4,12815.4,-465.409
9.44,12400,12824.4,12824.4,-424.377
9.45,13075,12833.3,12833.3,241.669
9.46,13450,12842.3,12842.3,607.728
9.47,13475,12851.2,12851.2,623.799
9.48,13725,12860.1,12860.1,864.883
9.49,12650,12869,12869,-219.019
9.5,12450,12877.9,12877.9,-427.909
9.51,13050,12886.8,12886.8,163.214
9.52,12375,12895.6,12895.6,-520.649
9.53,12525,12904.5,12904.5,-379.501
9.54,13475,12913.3,12913.3,561.661
9.55,12900,12922.2,12922.2,-22.1639
9.56,12900,12931,12931,-30.9764
9.57,11775,12939.8,12939.8,-1164.78
9.58,13225,12948.6,12948.6,276.437
9.59,12675,12957.3,12957.3,-282.337
9.6,13375,12966.1,12966.1,408.902
9.61,12625,12974.8,12974.8,-349.846
9.62,13250,12983.6,12983.6,266.418
9.63,13650,12992.3,12992.3,657.695
9.64,13050,13001,13001,48.9851
9.65,13725,13009.7,13009.7,715.288
9.66,11875,13018.4,13018.4,-1143.4
9.67,12725,13027.1,13027.1,-302.069
9.68,13550,13035.7,13035.7,514.272
9.69,10700,13044.4,13044.4,-2344.37
9.7,13550,13053,13053,496.992
9.71,13500,13061.6,13061.6,438.37
9.72,13250,13070.2,13070.2,179.762
9.73,12950,13078.8,13078.8,-128.834
9.74,12675,13087.4,13087.4,-412.417
9.75,13475,13096,13096,379.012
9.76,13525,13104.5,13104.5,420.454
9.77,14600,13113.1,13113.1,1486.91
9.78,13475,13121.6,13121.6,353.376
9.79,12825,13130.1,13130.1,-305.144
9.8,13375,13138.7,13138.7,236.348
9.81,14700,13147.1,13147.1,1552.85
9.82,13725,13155.6,13155.6,569.37
9.83,12825,13164.1,13164.1,-339.1
9.84,13675,13172.6,13172.6,502.443
9.85,13575,13181,13181,393.998
9.86,14100,13189.4,13189.4,910.565
9.87,12700,13197.9,13197.9,-497.855
9.88,12575,13206.3,13206.3,-631.262
9.89,12425,13214.7,13214.7,-789.657
9.9,13375,13223,13223,151.96
9.91,13200,13231.4,13231.4,-31.4103
9.92,13100,13239.8,13239.8,-139.768
9.93,13200,13248.1,13248.1,-48.1135
9.94,12975,13256.4,13256.4,-281.447
9.95,13375,13264.8,13264.8,110.233
9.96,13650,13273.1,13273.1,376.925
9.97,14275,13281.4,13281.4,993.629
9.98,13575,13289.7,13289.7,285.345
9.99,13425,13297.9,13297.9,127.074
10,14075,13306.2,13306.2,768.815
10.01,13250,13314.4,13314.4,-64.4312
10.02,13825,13322.7,13322.7,502.335
10.03,12775,13330.9,13330.9,-555.887
10.04,13525,13339.1,13339.1,185.903
10.05,14175,13347.3,13347.3,827.706
10.06,14000,13355.5,13355.5,644.521
10.07,13775,13363.7,13363.7,411.348
10.08,13725,13371.8,13371.8,353.187
10.09,13950,13380,13380,570.039
10.1,12725,13388.1,13388.1,-663.097
10.11,13575,13396.2,13396.2,178.779
10.12,13250,13404.3,13404.3,-154.333
10.13,13625,13412.4,13412.4,212.568
10.14,13300,13420.5,13420.5,-120.52
10.15,13275,13428.6,13428.6,-153.595
10.16,14150,13436.7,13436.7,713.342
10.17,13075,13444.7,13444.7,-369.709
10.18,13200,13452.7,13452.7,-252.748
10.19,13625,13460.8,13460.8,164.225
10.2,13650,13468.8,13468.8,181.211
10.21,13225,13476.8,13476.8,-251.792
10.22,13050,13484.8,13484.8,-434.782
10.23,12900,13492.8,13492.8,-592.76
10.24,14475,13500.7,13500.7,974.273
10.25,13625,13508.7,13508.7,116.319
10.26,13050,13516.6,13516.6,-466.623
10.27,13825,13524.6,13524.6,300.447
10.28,13525,13532.5,13532.5,-7.47153
10.29,14050,13540.4,13540.4,509.622
10.3,13525,13548.3,13548.3,-23.2719
10.31,13400,13556.2,13556.2,-156.154
10.32,12575,13564,13564,-989.024
10.33,12950,13571.9,13571.9,-621.883
10.34,12875,13579.7,13579.7,-704.729
10.35,13700,13587.6,13587.6,112.437
10.36,13300,13595.4,13595.4,-295.386
10.37,13500,13603.2,13603.2,-103.196
10.38,13400,13611,13611,-210.995
10.39,13675,13618.8,13618.8,56.218
10.4,14150,13626.6,13626.6,523.443
10.41,13100,13634.3,13634.3,-534.32
10.42,13000,13642.1,13642.1,-642.071
10.43,13550,13649.8,13649.8,-99.8105
10.44,12550,13657.5,13657.5,-1107.54
10.45,12950,13665.3,13665.3,-715.254
10.46,14400,13673,13673,727.042
10.47,13075,13680.7,13680.6,-605.65
10.48,13100,13688.3,13688.3,-588.331
10.49,14075,13696,13696,379.001
10.5,13725,13703.7,13703.7,21.3441
10.51,13075,13711.3,13711.3,-636.301
10.52,14150,13718.9,13718.9,431.066
10.53,14050,13726.6,13726.6,323.444
10.54,13500,13734.2,13734.2,-234.166
10.55,14075,13741.8,13741.8,333.236
10.56,14275,13749.4,13749.3,525.65
10.57,14000,13756.9,13756.9,243.075
10.58,14150,13764.5,13764.5,385.512
10.59,13725,13772,13772,-47.0397
10.6,13500,13779.6,13779.6,-279.579
10.61,13950,13787.1,13787.1,162.892
10.62,14800,13794.6,13794.6,1005.38
10.63,13925,13802.1,13802.1,122.871
10.64,13400,13809.6,13809.6,-409.622
10.65,14525,13817.1,13817.1,707.896
10.66,14125,13824.6,13824.6,300.426
10.67,13925,13832,13832,92.9675
10.68,14850,13839.5,13839.5,1010.52
10.69,14050,13846.9,13846.9,203.085
10.7,13550,13854.3,13854.3,-304.339
10.71,14675,13861.8,13861.8,813.249
10.72,14375,13869.2,13869.2,505.848
10.73,13750,13876.5,13876.5,-126.541
10.74,12750,13883.9,13883.9,-1133.92
10.75,13125,13891.3,13891.3,-766.285
10.76,13875,13898.6,13898.6,-23.6401
10.77,14175,13906,13906,269.017
10.78,13850,13913.3,13913.3,-63.3154
10.79,13650,13920.6,13920.6,-270.636
10.8,14000,13927.9,13927.9,72.055
10.81,14125,13935.2,13935.2,189.757
10.82,14625,13942.5,13942.5,682.471
10.83,14125,13949.8,13949.8,175.196
10.84,14875,13957.1,13957.1,917.933
10.85,14625,13964.3,13964.3,660.681
10.86,14300,13971.6,13971.6,328.44
10.87,14600,13978.8,13978.8,621.211
10.88,13250,13986,13986,-736.007
10.89,13975,13993.2,13993.2,-18.2139
10.9,14300,14000.4,14000.4,299.591
10.91,14600,14007.6,14007.6,592.407
10.92,13325,14014.8,14014.8,-689.766
10.93,14500,14021.9,14021.9,478.072
10.94,13600,14029.1,14029.1,-429.078
10.95,13825,14036.2,14036.2,-211.217
10.96,13450,14043.3,14043.3,-593.344
10.97,13675,14050.5,14050.5,-375.461
10.98,14475,14057.6,14057.6,417.434
10.99,14250,14064.7,14064.7,185.34
11,15625,14071.7,14071.7,1553.26
11.01,14575,14078.8,14078.8,496.186
11.02,14500,14085.9,14085.9,414.125
11.03,13900,14092.9,14092.9,-192.924
11.04,14625,14100,14100,525.038
11.05,14825,14107,14107,718.011
11.06,12800,14114,14114,-1314
11.07,13675,14121,14121,-446.009
11.08,14100,14128,14128,-28.0026
11.09,14125,14135,14135,-9.98497
11.1,14400,14142,14142,258.044
11.11,14975,14148.9,14148.9,826.084
11.12,14900,14155.9,14155.9,744.135
11.13,14350,14162.8,14162.8,187.196
11.14,13125,14169.7,14169.7,-1044.73
11.15,14475,14176.6,14176.6,298.354
11.16,14200,14183.6,14183.6,16.4488
11.17,14150,14190.4,14190.4,-40.4451
11.18,14150,14197.3,14197.3,-47.3279
11.19,14500,14204.2,14204.2,295.8
11.2,13500,14211.1,14211.1,-711.061
11.21,14500,14217.9,14217.9,282.09
11.22,13925,14224.7,14224.7,-299.749
11.23,13950,14231.6,14231.6,-281.577
11.24,14775,14238.4,14238.4,536.606
11.25,14750,14245.2,14245.2,504.8
11.26,13500,14252,14252,-751.995
11.27,13675,14258.8,14258.8,-583.779
11.28,14025,14265.6,14265.6,-240.553
11.29,14625,14272.3,14272.3,352.685
11.3,14825,14279.1,14279.1,545.933
11.31,14675,14285.8,14285.8,389.193
11.32,13275,14292.5,14292.5,-1017.54
11.33,14050,14299.3,14299.3,-249.256
11.34,14425,14306,14306,119.036
11.35,15025,14312.7,14312.7,712.339
11.36,14325,14319.3,14319.3,5.6525
11.37,15150,14326,14326,823.977
11.38,15275,14332.7,14332.7,942.312
11.39,14700,14339.3,14339.3,360.658
11.4,13600,14346,14346,-745.985
11.41,13500,14352.6,14352.6,-852.621
11.42,14475,14359.2,14359.2,115.757
11.43,13925,14365.9,14365.8,-440.854
11.44,14100,14372.5,14372.4,-272.454
11.45,14900,14379,14379,520.956
11.46,14150,14385.6,14385.6,-235.622
11.47,14425,14392.2,14392.2,32.8096
11.48,14825,14398.7,14398.7,426.252
11.49,14700,14405.3,14405.3,294.706
11.5,14775,14411.8,14411.8,363.17
11.51,14600,14418.4,14418.4,181.644
11.52,14675,14424.9,14424.9,250.13
11.53,13400,14431.4,14431.4,-1031.37
11.54,13675,14437.9,14437.9,-762.868
11.55,14875,14444.4,14444.3,430.649
11.56,14425,14450.8,14450.8,-25.8229
11.57,15350,14457.3,14457.3,892.716
11.58,15025,14463.7,14463.7,561.265
11.59,14900,14470.2,14470.2,429.824
11.6,15275,14476.6,14476.6,798.394
11.61,15125,14483,14483,641.975
11.62,14475,14489.4,14489.4,-14.4356
11.63,14350,14495.8,14495.8,-145.834
11.64,14775,14502.2,14502.2,272.778
11.65,14800,14508.6,14508.6,291.401
11.66,15350,14515,14515,835.035
11.67,14425,14521.3,14521.3,-96.3215
11.68,14150,14527.7,14527.7,-377.667
11.69,15850,14534,14534,1316
11.7,14800,14540.3,14540.3,259.673
11.71,14700,14546.6,14546.6,153.359
11.72,14525,14552.9,14552.9,-27.9453
11.73,15025,14559.2,14559.2,465.761
11.74,14825,14565.5,14565.5,259.478
11.75,13450,14571.8,14571.8,-1121.79
11.76,14625,14578.1,14578,46.9435
11.77,15925,14584.3,14584.3,1340.69
11.78,14250,14590.5,14590.5,-340.55
11.79,14500,14596.8,14596.8,-96.7808
11.8,14525,14603,14603,-78.0015
11.81,15375,14609.2,14609.2,765.788
11.82,15450,14615.4,14615.4,834.588
11.83,14750,14621.6,14621.6,128.398
11.84,14050,14627.8,14627.8,-577.781
11.85,15800,14633.9,14633.9,1166.05
11.86,14725,14640.1,14640.1,84.8913
11.87,14900,14646.3,14646.3,253.743
11.88,15500,14652.4,14652.4,847.605
11.89,14825,14658.5,14658.5,166.477
11.9,14850,14664.6,14664.6,185.359
11.91,16200,14670.7,14670.7,1529.25
11.92,14000,14676.8,14676.8,-676.846
11.93,15025,14682.9,14682.9,342.067
11.94,15775,14689,14689,1085.99
11.95,14950,14695.1,14695.1,254.924
11.96,15325,14701.1,14701.1,623.868
11.97,15250,14707.2,14707.2,542.821
11.98,15375,14713.2,14713.2,661.785
11.99,15000,14719.2,14719.2,280.76
12,15550,14725.3,14725.2,824.744
12.01,15000,14731.3,14731.3,268.738
12.02,14450,14737.3,14737.3,-287.257
12.03,14100,14743.2,14743.2,-643.242
12.04,14300,14749.2,14749.2,-449.218
12.05,14825,14755.2,14755.2,69.8173
12.06,15750,14761.1,14761.1,988.862
12.07,15275,14767.1,14767.1,507.917
12.08,15125,14773,14773,351.982
12.09,16000,14778.9,14778.9,1221.06
12.1,15325,14784.9,14784.9,540.143
12.11,16575,14790.8,14790.8,1784.24
12.12,15450,14796.7,14796.6,653.344
12.13,15175,14802.5,14802.5,372.459
12.14,15650,14808.4,14808.4,841.584
12.15,14975,14814.3,14814.3,160.72
12.16,14725,14820.1,14820.1,-95.1351
12.17,15650,14826,14826,824.02
12.18,15825,14831.8,14831.8,993.185
12.19,15675,14837.6,14837.6,837.361
12.2,14275,14843.5,14843.4,-568.454
12.21,15475,14849.3,14849.3,625.741
12.22,14750,14855.1,14855,-105.054
12.23,15875,14860.8,14860.8,1014.16
12.24,15200,14866.6,14866.6,333.386
12.25,15550,14872.4,14872.4,677.621
12.26,15900,14878.1,14878.1,1021.87
12.27,15700,14883.9,14883.9,816.12
12.28,14150,14889.6,14889.6,-739.616
12.29,15825,14895.3,14895.3,929.658
12.3,14875,14901.1,14901.1,-26.0576
12.31,14375,14906.8,14906.8,-531.764
12.32,15375,14912.5,14912.5,462.54
12.33,14575,14918.1,14918.1,-343.146
12.34,15450,14923.8,14923.8,526.177
12.35,15075,14929.5,14929.5,145.51
12.36,15350,14935.1,14935.1,414.853
12.37,16100,14940.8,14940.8,1159.21
12.38,14625,14946.4,14946.4,-321.432
12.39,15250,14952.1,14952.1,297.941
12.4,15450,14957.7,14957.7,492.323
12.41,15000,14963.3,14963.3,36.7142
12.42,15850,14968.9,14968.9,881.116
12.43,15150,14974.5,14974.5,175.527
12.44,15050,14980.1,14980,69.9477
12.45,14175,14985.6,14985.6,-810.622
12.46,14900,14991.2,14991.2,-91.1815
12.47,16225,14996.7,14996.7,1228.27
12.48,14900,15002.3,15002.3,-102.272
12.49,15800,15007.8,15007.8,792.197
12.5,15450,15013.3,15013.3,436.676
12.51,15925,15018.8,15018.8,906.165
12.52,16600,15024.3,15024.3,1575.66
12.53,15175,15029.8,15029.8,145.171
12.54,15200,15035.3,15035.3,164.688
12.55,14775,15040.8,15040.8,-265.785
12.56,15200,15046.2,15046.2,153.751
12.57,14925,15051.7,15051.7,-126.703
12.58,15750,15057.1,15057.1,692.853
12.59,15500,15062.6,15062.6,437.418
12.6,15300,15068,15068,231.993
12.61,15075,15073.4,15073.4,1.57747
12.62,14825,15078.8,15078.8,-253.829
12.63,15050,15084.2,15084.2,-34.2253
12.64,14375,15089.6,15089.6,-714.612
12.65,15875,15095,15095,780.01
12.66,15150,15100.4,15100.4,49.6417
12.67,15300,15105.7,15105.7,194.283
12.68,14475,15111.1,15111.1,-636.066
12.69,15900,15116.4,15116.4,783.594
12.7,15325,15121.7,15121.7,203.264
12.71,14775,15127.1,15127.1,-352.057
12.72,15750,15132.4,15132.4,617.631
12.73,15000,15137.7,15137.7,-137.671
12.74,15575,15143,15143,432.037
12.75,15650,15148.2,15148.2,501.754
12.76,16700,15153.5,15153.5,1546.48
12.77,16575,15158.8,15158.8,1416.22
12.78,16100,15164,15164,935.96
12.79,16525,15169.3,15169.3,1355.71
12.8,15250,15174.5,15174.5,75.4779
12.81,15450,15179.7,15179.7,270.251
12.82,15700,15185,15185,515.033
12.83,15000,15190.2,15190.2,-190.175
12.84,15300,15195.4,15195.4,104.626
12.85,16000,15200.6,15200.6,799.436
12.86,14750,15205.7,15205.7,-455.745
12.87,15050,15210.9,15210.9,-160.916
12.88,16425,15216.1,15216.1,1208.92
12.89,14725,15221.2,15221.2,-496.231
12.9,14475,15226.4,15226.4,-751.374
12.91,15300,15231.5,15231.5,68.4917
12.92,15975,15236.6,15236.6,738.367
12.93,15650,15241.7,15241.7,408.251
12.94,15875,15246.9,15246.8,628.144
12.95,16275,15252,15251.9,1023.05
12.96,15825,15257,15257,567.959
12.97,16575,15262.1,15262.1,1312.88
12.98,16000,15267.2,15267.2,732.81
12.99,16025,15272.3,15272.2,752.749
13,15450,15277.3,15277.3,172.698
13.01,15325,15282.3,15282.3,42.6556
13.02,15575,15287.4,15287.4,287.622
13.03,16475,15292.4,15292.4,1182.6
13.04,15850,15297.4,15297.4,552.583
13.05,16025,15302.4,15302.4,722.577
13.06,15975,15307.4,15307.4,667.581
13.07,15225,15312.4,15312.4,-87.407
13.08,16125,15317.4,15317.4,807.614
13.09,16150,15322.4,15322.3,827.645
13.1,14900,15327.3,15327.3,-427.316
13.11,15600,15332.3,15332.3,267.733
13.12,15450,15337.2,15337.2,112.79
13.13,14075,15342.1,15342.1,-1267.14
13.14,15775,15347.1,15347.1,427.933
13.15,16350,15352,15352,998.017
13.16,15175,15356.9,15356.9,-181.889
13.17,15775,15361.8,15361.8,413.214
13.18,14950,15366.7,15366.7,-416.675
13.19,17025,15371.6,15371.5,1653.45
13.2,16250,15376.4,15376.4,873.575
13.21,14825,15381.3,15381.3,-556.286
13.22,15825,15386.1,15386.1,438.861
13.23,16275,15391,15391,884.018
13.24,16700,15395.8,15395.8,1304.18
13.25,15675,15400.6,15400.6,274.357
13.26,16175,15405.5,15405.5,769.54
13.27,16175,15410.3,15410.3,764.732
13.28,15600,15415.1,15415.1,184.933
13.29,14750,15419.9,15419.9,-669.857
13.3,16250,15424.6,15424.6,825.361
13.31,15325,15429.4,15429.4,-104.411
13.32,15500,15434.2,15434.2,65.8252
13.33,15550,15438.9,15438.9,111.07
13.34,15725,15443.7,15443.7,281.324
13.35,15400,15448.4,15448.4,-48.4129
13.36,16400,15453.1,15453.1,946.859
13.37,16175,15457.9,15457.9,717.139
13.38,15600,15462.6,15462.6,137.428
13.39,16050,15467.3,15467.3,582.726
13.4,16000,15472,15472,528.033
13.41,16675,15476.7,15476.6,1198.35
13.42,16900,15481.3,15481.3,1418.67
13.43,16425,15486,15486,939.006
13.44,15400,15490.7,15490.6,-90.6525
13.45,16325,15495.3,15495.3,829.698
13.46,16625,15499.9,15499.9,1125.06
13.47,16750,15504.6,15504.6,1245.42
13.48,16000,15509.2,15509.2,490.794
13.49,15800,15513.8,15513.8,286.179
13.5,16325,15518.4,15518.4,806.573
13.51,15350,15523,15523,-173.025
13.52,14800,15527.6,15527.6,-727.614
13.53,15650,15532.2,15532.2,117.806
13.54,15575,15536.8,15536.8,38.2349
13.55,15925,15541.3,15541.3,383.672
13.56,15500,15545.9,15545.9,-45.8822
13.57,15900,15550.4,15550.4,349.572
13.58,16325,15555,15554.9,770.035
13.59,15600,15559.5,15559.5,40.5068
13.6,15275,15564,15564,-289.013
13.61,16025,15568.5,15568.5,456.476
13.62,15650,15573,15573,76.973
13.63,16600,15577.5,15577.5,1022.47
13.64,15475,15582,15582,-107.011
13.65,16675,15586.5,15586.5,1088.51
13.66,15425,15591,15590.9,-165.956
13.67,14950,15595.4,15595.4,-645.416
13.68,15600,15599.9,15599.8,0.132001
13.69,15700,15604.3,15604.3,95.689
13.7,15875,15608.7,15608.7,266.254
13.71,16400,15613.2,15613.2,786.828
13.72,16200,15617.6,15617.6,582.411
13.73,15925,15622.1,15622,302.927
13.74,15900,15626.5,15626.4,273.526
13.75,15550,15630.9,15630.8,-80.8661
13.76,17100,15635.2,15635.2,1464.75
13.77,15450,15639.6,15639.5,-189.625
13.78,16300,15644,15643.9,656.008
13.79,15975,15648.4,15648.3,326.649
13.8,15750,15652.7,15652.6,97.2987
13.81,16425,15657.1,15656.9,767.92
13.82,15900,15661.4,15661.3,238.586
13.83,16050,15665.7,15665.6,384.261
13.84,15175,15670.1,15669.9,-495.056
13.85,16225,15674.4,15674.2,550.636
13.86,16050,15678.7,15678.5,371.336
13.87,16725,15683,15682.8,1042.04
13.88,15975,15687.2,15687.1,287.76
13.89,15975,15691.5,15691.4,283.485
13.9,15375,15695.8,15695.6,-320.782
13.91,15700,15700,15699.9,-0.0400417
13.92,16225,15704.3,15704.2,520.71
13.93,16900,15708.5,15708.4,1191.47
13.94,17300,15712.8,15712.6,1587.23
13.95,18575,15717,15716.9,2858.01
13.96,16775,15721.2,15721.1,1053.79
13.97,16250,15725.4,15725.3,524.583
13.98,16025,15729.6,15729.5,295.382
13.99,16000,15733.8,15733.7,266.189
14,15300,15738,15737.9,-437.995
14.01,17175,15742.2,15742,1432.83
14.02,15925,15746.3,15746.2,178.661
14.03,16325,15750.5,15750.4,574.501
14.04,15875,15754.7,15754.5,120.35
14.05,16800,15758.8,15758.7,1041.21
14.06,16100,15762.9,15762.8,337.071
14.07,16175,15767.1,15766.9,407.944
14.08,17000,15771.2,15771,1228.83
14.09,15600,15775.3,15775.1,-175.285
14.1,16150,15779.4,15779.3,370.612
14.11,15600,15783.5,15783.3,-183.482
14.12,16200,15787.6,15787.4,412.431
14.13,16875,15791.6,15791.5,1083.35
14.14,16550,15795.7,15795.6,754.283
14.15,15925,15799.8,15799.6,125.22
14.16,16775,15803.8,15803.7,971.166
14.17,16550,15807.9,15807.7,742.12
14.18,15275,15811.9,15811.8,-536.918
14.19,16250,15815.9,15815.8,434.052
14.2,16400,15820,15819.8,580.03
14.21,15800,15824,15823.8,-23.9835
14.22,16475,15828,15827.9,647.011
14.23,17075,15832,15831.8,1243.01
14.24,16075,15836,15835.8,239.023
14.25,16425,15840,15839.8,585.041
14.26,16750,15843.9,15843.8,906.067
14.27,15825,15847.9,15847.8,-22.8989
14.28,16350,15851.9,15851.7,498.143
14.29,16975,15855.8,15855.7,1119.19
14.3,16000,15859.7,15859.6,140.251
14.31,16400,15863.7,15863.5,536.317
14.32,15850,15867.6,15867.5,-17.6094
14.33,17400,15871.5,15871.4,1528.47
14.34,16875,15875.4,15875.3,999.562
14.35,17275,15879.3,15879.2,1395.66
14.36,16925,15883.2,15883.1,1041.76
14.37,16100,15887.1,15887,212.878
14.38,16550,15891,15890.9,658.999
14.39,17225,15894.9,15894.7,1330.12
14.4,16025,15898.7,15898.6,126.262
14.41,16225,15902.6,15902.5,322.406
14.42,16750,15906.4,15906.3,843.559
14.43,15850,15910.3,15910.1,-60.2808
14.44,15900,15914.1,15914,-14.1126
14.45,17450,15917.9,15917.8,1532.06
14.46,16650,15921.8,15921.6,728.247
14.47,15475,15925.6,15925.4,-450.561
14.48,15850,15929.4,15929.2,-79.3619
14.49,15550,15933.2,15933,-383.155
14.5,15750,15936.9,15936.8,-186.94
14.51,15850,15940.7,15940.6,-90.7173
14.52,16950,15944.5,15944.3,1005.51
14.53,17150,15948.2,15948.1,1201.75
14.54,15550,15952,15951.9,-402.003
14.55,16200,15955.7,15955.6,244.251
14.56,15575,15959.5,15959.3,-384.488
14.57,15200,15963.2,15963.1,-763.219
14.58,16400,15966.9,15966.8,433.058
14.59,15675,15970.7,15970.5,-295.658
14.6,17275,15974.4,15974.2,1300.63
14.61,17475,15978.1,15977.9,1496.93
14.62,17550,15981.8,15981.6,1568.24
14.63,16625,15985.4,15985.3,639.555
14.64,16900,15989.1,15989,910.877
14.65,16075,15992.8,15992.6,82.2075
14.66,15225,15996.5,15996.3,-771.455
14.67,16075,16000.1,16000,74.891
14.68,15475,16003.8,16003.6,-528.756
14.69,15450,16007.4,16007.2,-557.395
14.7,15750,16011,16010.9,-261.027
14.71,15500,16014.7,16014.5,-514.651
14.72,15550,16018.3,16018.1,-468.267
14.73,15975,16021.9,16021.7,-46.8881
14.74,17725,16025.5,16025.3,1699.51
14.75,17450,16029.1,16028.9,1420.92
14.76,16100,16032.7,16032.5,67.3303
14.77,16500,16036.2,16036.1,463.752
14.78,15300,16039.8,16039.7,-739.82
14.79,16225,16043.4,16043.2,181.617
14.8,17275,16046.9,16046.8,1228.06
14.81,15975,16050.5,16050.3,-75.4885
14.82,16875,16054,16053.9,820.964
14.83,15875,16057.6,16057.4,-182.569
14.84,18175,16061.1,16060.9,2113.9
14.85,16450,16064.6,16064.4,385.385
14.86,16550,16068.1,16068,481.874
14.87,16650,16071.6,16071.5,578.37
14.88,16775,16075.1,16075,699.873
14.89,17400,16078.6,16078.4,1321.38
14.9,16150,16082.1,16081.9,67.9025
14.91,16275,16085.6,16085.4,189.428
14.92,16600,16089,16088.9,510.961
14.93,16050,16092.5,16092.3,-42.4982
14.94,16900,16096,16095.8,804.05
14.95,17625,16099.4,16099.2,1525.6
14.96,16400,16102.8,16102.7,297.167
14.97,16875,16106.3,16106.1,768.737
14.98,17200,16109.7,16109.5,1090.31
14.99,16800,16113.1,16112.9,686.855
15,17025,16116.6,16116.3,908.447
15.01,16550,16120,16119.7,430.047
15.02,16500,16123.3,16123.1,376.653
15.03,16275,16126.7,16126.5,148.267
15.04,17775,16130.1,16129.9,1644.89
15.05,16050,16133.5,16133.3,-83.4832
15.06,16325,16136.8,16136.6,188.153
15.07,16575,16140.2,16140,434.796
15.08,16650,16143.6,16143.3,506.446
15.09,15425,16146.9,16146.7,-721.919
15.1,16250,16150.3,16150,99.7462
15.11,16425,16153.6,16153.3,271.418
15.12,16750,16156.9,16156.7,593.097
15.13,16475,16160.2,16160,314.784
15.14,16400,16163.5,16163.3,236.478
15.15,15625,16166.8,16166.6,-541.822
15.16,17725,16170.1,16169.9,1554.89
15.17,16975,16173.4,16173.2,801.602
15.18,16075,16176.7,16176.4,-101.676
15.19,17075,16179.9,16179.7,895.054
15.2,15275,16183.2,16183,-908.209
15.21,15550,16186.5,16186.2,-636.466
15.22,15800,16189.7,16189.5,-389.714
15.23,16525,16193,16192.7,332.044
15.24,16350,16196.2,16195.9,153.809
15.25,16175,16199.4,16199.2,-24.4185
15.26,16425,16202.6,16202.4,222.361
15.27,15675,16205.9,16205.6,-530.852
15.28,17050,16209.1,16208.8,840.941
15.29,16500,16212.3,16212,287.742
15.3,16925,16215.4,16215.2,709.55
15.31,16475,16218.6,16218.4,256.365
15.32,15925,16221.8,16221.6,-296.813
15.33,15800,16225,16224.7,-424.984
15.34,14975,16228.1,16227.9,-1253.15
15.35,15750,16231.3,16231.1,-481.304
15.36,15925,16234.5,16234.2,-309.454
15.37,16150,16237.6,16237.4,-87.5971
15.38,16725,16240.7,16240.5,484.267
15.39,16075,16243.9,16243.6,-168.862
15.4,16075,16247,16246.7,-171.983
15.41,17275,16250.1,16249.9,1024.9
15.42,17750,16253.2,16253,1496.79
15.43,16800,16256.3,16256.1,543.676
15.44,17900,16259.4,16259.2,1640.58
15.45,17125,16262.5,16262.2,862.495
15.46,15375,16265.6,16265.3,-890.585
15.47,16300,16268.7,16268.4,31.3418
15.48,16200,16271.7,16271.5,-71.7243
15.49,15700,16274.8,16274.5,-574.784
15.5,16400,16277.8,16277.6,122.164
15.51,16550,16280.9,16280.6,269.119
15.52,16675,16283.9,16283.7,391.08
15.53,15750,16287,16286.7,-536.951
15.54,16100,16290,16289.7,-189.985
15.55,16925,16293,16292.7,631.997
15.56,15925,16296,16295.7,-371.014
15.57,16675,16299,16298.7,375.982
15.58,16250,16302,16301.7,-52.0153
15.59,16675,16305,16304.7,369.994
15.6,16625,16308,16307.7,317.007
15.61,16625,16311,16310.7,314.03
15.62,16350,16313.9,16313.7,36.0599
15.63,16525,16316.9,16316.6,208.097
15.64,17450,16319.9,16319.6,1130.14
15.65,17175,16322.8,16322.5,852.191
15.66,17875,16325.8,16325.5,1549.25
15.67,17100,16328.7,16328.4,771.272
15.68,17600,16331.7,16331.3,1268.34
15.69,16550,16334.6,16334.3,215.42
15.7,16500,16337.5,16337.2,162.504
15.71,16250,16340.4,16340.1,-90.4049
15.72,16975,16343.3,16343,631.693
15.73,16800,16346.2,16345.9,453.797
15.74,16650,16349.1,16348.8,300.908
15.75,17700,16352,16351.7,1348.03
15.76,17475,16354.8,16354.5,1120.15
15.77,17050,16357.7,16357.4,692.281
15.78,16325,16360.6,16360.3,-35.5808
15.79,16400,16363.4,16363.1,36.5637
15.8,16425,16366.3,16366,58.713
15.81,17975,16369.1,16368.8,1605.85
15.82,16775,16372,16371.6,403.016
15.83,16075,16374.8,16374.5,-299.813
15.84,15775,16377.6,16377.3,-602.636
15.85,15800,16380.5,16380.1,-580.451
15.86,15050,16383.3,16382.9,-1333.26
15.87,16725,16386.1,16385.7,338.937
15.88,16200,16388.9,16388.5,-188.873
15.89,15300,16391.7,16391.3,-1091.66
15.9,17375,16394.4,16394.1,980.555
15.91,16025,16397.2,16396.9,-372.221
15.92,16100,16400,16399.6,-299.99
15.93,15500,16402.8,16402.4,-902.753
15.94,17075,16405.5,16405.1,669.49
15.95,16450,16408.3,16407.9,41.7404
15.96,16725,16411,16410.6,313.997
15.97,16975,16414.4,16413.4,560.587
15.98,17175,16417.1,16416.1,757.855
15.99,17325,16419.9,16418.8,905.129
16,16075,16422.6,16421.5,-347.59
16.01,16200,16425.3,16424.3,-225.309
16.02,15500,16428,16427,-928.015
16.03,17225,16430.7,16429.7,794.285
16.04,16950,16433.7,16432.3,516.255
16.05,17000,16436.4,16435,563.567
16.06,17775,16439.1,16437.7,1335.89
16.07,17225,16441.8,16440.4,783.212
16.08,16950,16444.5,16443,505.544
16.09,17000,16447.1,16445.7,552.882
16.1,17150,16449.8,16448.4,700.227
16.11,18000,16452.4,16451,1547.58
16.12,17575,16455.1,16453.6,1119.94
16.13,16500,16457.7,16456.3,42.2991
16.14,17500,16460.3,16458.9,1039.67
16.15,16000,16463,16461.5,-462.954
16.16,16725,16465.6,16464.1,259.429
16.17,15975,16468.2,16466.7,-493.182
16.18,15850,16470.8,16469.3,-620.786
16.19,17025,16473.4,16471.9,551.616
16.2,15425,16476,16474.5,-1050.98
16.21,17175,16478.6,16477.1,696.439
16.22,17050,16481.1,16479.7,568.86
16.23,16725,16483.7,16482.3,241.288
16.24,17100,16486.3,16484.8,613.722
16.25,17150,16488.8,16487.4,661.161
16.26,15975,16491.4,16489.9,-516.392
16.27,16100,16493.9,16492.5,-393.94
16.28,17000,16496.5,16495,503.519
16.29,17375,16499,16497.5,875.984
16.3,16425,16501.5,16500.1,-76.5446
16.31,17025,16504.1,16502.6,520.933
16.32,15975,16506.6,16505.1,-531.583
16.33,16000,16509.1,16507.6,-509.093
16.34,16450,16511.6,16510.1,-61.5969
16.35,16650,16514.1,16512.6,135.906
16.36,16850,16516.6,16515.1,333.414
16.37,16550,16519.1,16517.6,30.9291
16.38,17150,16521.5,16520,628.45
16.39,16250,16524,16522.5,-274.023
16.4,17325,16526.5,16525,798.511
16.41,17275,16528.9,16527.4,746.051
16.42,16450,16531.4,16529.9,-81.4037
16.43,17125,16533.9,16532.3,591.148
16.44,16450,16536.3,16534.8,-86.2937
16.45,17150,16538.7,16537.2,611.271
16.46,16575,16541.2,16539.6,33.8409
16.47,16750,16543.6,16542,206.417
16.48,16325,16546,16544.5,-221
16.49,17125,16548.4,16546.9,576.589
16.5,17100,16550.8,16549.3,549.183
16.51,15675,16553.2,16551.7,-878.216
16.52,17900,16555.6,16554.1,1344.39
16.53,17400,16558,16556.4,842.004
16.54,16000,16560.4,16558.8,-560.377
16.55,16650,16562.8,16561.2,87.2485
16.56,16975,16565.1,16563.6,409.88
16.57,16475,16567.5,16565.9,-92.483
16.58,16200,16569.8,16568.3,-369.84
16.59,16125,16572.2,16570.6,-447.19
16.6,18075,16574.5,16573,1500.46
16.61,17125,16576.9,16575.3,548.126
16.62,16675,16579.2,16577.6,95.7934
16.63,16600,16581.5,16579.9,18.4668
16.64,16425,16583.9,16582.3,-158.854
16.65,15300,16586.2,16584.6,-1286.17
16.66,16575,16588.5,16586.9,-13.4772
16.67,16500,16590.8,16589.2,-90.7799
16.68,16525,16593.1,16591.5,-68.0767
16.69,16175,16595.4,16593.8,-420.368
16.7,17825,16597.7,16596,1227.35
16.71,16725,16599.9,16598.3,125.069
16.72,16125,16602.2,16600.6,-477.204
16.73,16525,16604.5,16602.8,-79.4714
16.74,16125,16606.7,16605.1,-481.733
16.75,15550,16609,16607.4,-1058.99
16.76,15900,16611.2,16609.6,-711.237
16.77,17175,16613.5,16611.8,561.519
16.78,15625,16615.7,16614.1,-990.718
16.79,16850,16617.9,16616.3,232.05
16.8,15825,16620.2,16618.5,-795.176
16.81,16425,16622.4,16620.7,-197.396
16.82,15825,16624.6,16622.9,-799.61
16.83,17475,16626.8,16625.2,848.182
16.84,16525,16629,16627.4,-104.021
16.85,16225,16631.2,16629.5,-406.217
16.86,17450,16633.4,16631.7,816.592
16.87,16125,16635.6,16633.9,-510.593
16.88,15575,16637.8,16636.1,-1062.77
16.89,16925,16639.9,16638.3,285.054
16.9,16575,16642.1,16640.4,-67.1134
16.91,16425,16644.3,16642.6,-219.275
16.92,17175,16646.4,16644.7,528.569
16.93,18150,16648.6,16646.9,1501.42
16.94,16925,16650.7,16649,274.274
16.95,17375,16652.9,16651.2,722.135
16.96,16950,16655,16653.3,295.002
16.97,16325,16657.1,16655.4,-332.125
16.98,16600,16659.2,16657.5,-59.2467
16.99,16275,16661.4,16659.6,-386.363
17,16150,16663.5,16661.7,-513.473
17.01,16100,16665.6,16663.8,-565.577
17.02,17300,16667.7,16665.9,632.324
17.03,18300,16669.8,16668,1630.22
17.04,16000,16671.9,16670.1,-671.868
17.05,17050,16673.9,16672.2,376.05
17.06,17325,16676,16674.3,648.974
17.07,17225,16678.1,16676.3,546.904
17.08,17200,16680.2,16678.4,519.839
17.09,16775,16682.2,16680.4,92.7803
17.1,16600,16684.3,16682.5,-84.273
17.11,17775,16686.3,16684.5,1088.68
17.12,17400,16688.4,16686.6,711.637
17.13,16800,16690.4,16688.6,109.601
17.14,16125,16692.4,16690.6,-567.43
17.15,17375,16694.5,16692.6,680.544
17.16,17125,16696.5,16694.7,428.525
17.17,18125,16698.5,16696.7,1426.51
17.18,16675,16700.5,16698.7,-25.4979
17.19,16100,16702.5,16700.7,-602.516
17.2,16700,16704.5,16702.7,-4.51693
17.21,16350,16706.5,16704.7,-356.509
17.22,16450,16708.5,16706.6,-258.495
17.23,17350,16710.5,16708.6,639.524
17.24,17075,16712.5,16710.6,362.549
17.25,16725,16714.4,16712.5,10.5794
17.26,17800,16716.4,16714.5,1083.62
17.27,16400,16718.3,16716.5,-318.345
17.28,16350,16720.3,16718.4,-370.298
17.29,16200,16722.2,16720.4,-522.246
17.3,15975,16724.2,16722.3,-749.188
17.31,16450,16726.1,16724.2,-276.125
17.32,16550,16728.1,16726.1,-178.056
17.33,17175,16730,16728.1,445.018
17.34,16675,16731.9,16730,-56.9019
17.35,16750,16733.8,16731.9,16.1833
17.36,16575,16735.7,16733.8,-160.731
17.37,17175,16737.6,16735.7,437.365
17.38,17325,16739.5,16737.6,585.467
17.39,16850,16741.4,16739.5,108.574
17.4,15825,16743.3,16741.4,-918.314
17.41,17125,16745.2,16743.2,379.804
17.42,16050,16747.1,16745.1,-697.073
17.43,16400,16748.9,16747,-348.946
17.44,16850,16750.8,16748.8,99.1879
17.45,16025,16752.7,16750.7,-727.673
17.46,15750,16754.5,16752.5,-1004.53
17.47,17475,16756.4,16754.4,718.622
17.48,16950,16758.2,16756.2,191.777
17.49,16225,16760.1,16758.1,-535.063
17.5,16625,16761.9,16759.9,-136.897
17.51,17525,16763.7,16761.7,761.275
17.52,17850,16765.5,16763.5,1084.45
17.53,17950,16767.4,16765.3,1182.63
17.54,17650,16769.2,16767.2,880.821
17.55,16500,16771,16769,-270.986
17.56,16525,16772.8,16770.8,-247.788
17.57,16875,16774.6,16772.5,100.415
17.58,16350,16776.4,16774.3,-426.376
17.59,15875,16778.2,16776.1,-903.162
17.6,16275,16780,16777.9,-504.957
17.61,16150,16781.7,16779.7,-631.733
17.62,16675,16783.5,16781.4,-108.503
17.63,16625,16785.3,16783.2,-160.268
17.64,16675,16787,16784.9,-112.028
17.65,16525,16788.8,16786.7,-263.783
17.66,15800,16790.5,16788.4,-990.532
17.67,16725,16792.3,16790.2,-67.2762
17.68,16650,16794,16791.9,-144.015
17.69,17000,16795.7,16793.6,204.25
17.7,17125,16797.5,16795.4,327.522
17.71,16475,16799.2,16797.1,-324.202
17.72,17775,16800.9,16798.8,974.08
17.73,16700,16802.6,16800.5,-102.633
17.74,17050,16804.3,16802.2,245.659
17.75,16625,16806,16803.9,-181.043
17.76,17075,16807.7,16805.6,267.259
17.77,18575,16809.4,16807.3,1765.56
17.78,16775,16811.1,16808.9,-36.1273
17.79,15775,16812.8,16810.6,-1037.81
17.8,16150,16814.5,16812.3,-664.486
17.81,16175,16816.2,16814,-641.158
17.82,16500,16817.8,16815.6,-317.825
17.83,16775,16819.5,16817.3,-44.4867
17.84,16850,16821.1,16818.9,28.8567
17.85,16425,16822.8,16820.6,-397.795
17.86,16750,16824.4,16822.2,-74.4411
17.87,16850,16826.1,16823.8,23.9176
17.88,16975,16827.7,16825.5,147.281
17.89,15900,16829.3,16827.1,-929.35
17.9,17100,16831,16828.7,269.024
17.91,16925,16832.6,16830.3,92.4026
17.92,16325,16834.2,16831.9,-509.213
17.93,17775,16835.8,16833.6,939.176
17.94,16050,16837.4,16835.2,-787.43
17.95,15675,16839,16836.7,-1164.03
17.96,17050,16840.6,16838.3,209.373
17.97,17025,16842.2,16839.9,182.782
17.98,16700,16843.8,16841.5,-143.804
17.99,16000,16845.4,16843.1,-845.385
18,16625,16847,16844.6,-221.961
18.01,16900,16848.5,16846.2,51.4678
18.02,16600,16850.1,16847.8,-250.098
18.03,16725,16851.7,16849.3,-126.659
18.04,17400,16853.2,16850.9,546.785
18.05,16675,16854.8,16852.4,-179.767
18.06,16475,16856.3,16854,-381.313
18.07,16775,16857.9,16855.5,-82.8542
18.08,16625,16859.4,16857,-234.391
18.09,17875,16860.9,16858.5,1014.08
18.1,16875,16862.4,16860.1,12.5513
18.11,17000,16864,16861.6,136.03
18.12,16125,16865.5,16863.1,-740.487
18.13,17125,16867,16864.6,258.001
18.14,16075,16868.5,16866.1,-793.506
18.15,16150,16870,16867.6,-720.008
18.16,16100,16871.5,16869.1,-771.505
18.17,16075,16873,16870.6,-797.998
18.18,16075,16874.5,16872,-799.485
18.19,17200,16876,16873.5,324.032
18.2,16500,16877.4,16875,-377.446
18.21,16600,16878.9,16876.5,-278.919
18.22,15375,16880.4,16877.9,-1505.39
18.23,16425,16881.9,16879.4,-456.85
18.24,16475,16883.3,16880.8,-408.309
18.25,15150,16884.8,16882.3,-1734.76
18.26,16950,16886.2,16883.7,63.7883
18.27,16550,16887.7,16885.2,-337.656
18.28,16000,16889.1,16886.6,-889.095
18.29,16775,16890.5,16888,-115.53
18.3,16050,16892,16889.4,-841.96
18.31,16600,16893.4,16890.9,-293.385
18.32,17225,16894.8,16892.3,330.195
18.33,17500,16896.2,16893.7,603.779
18.34,16750,16897.6,16895.1,-147.632
18.35,16725,16899,16896.5,-174.038
18.36,16600,16900.4,16897.9,-300.439
18.37,16800,16901.8,16899.3,-101.836
18.38,16800,16903.2,16900.6,-103.228
18.39,16475,16904.6,16902,-429.615
18.4,17300,16906,16903.4,394.003
18.41,17800,16907.4,16904.8,892.625
18.42,17100,16908.7,16906.1,191.251
18.43,17000,16910.1,16907.5,89.883
18.44,16675,16911.5,16908.8,-236.481
18.45,16225,16912.8,16910.2,-687.84
18.46,18725,16914.2,16911.5,1810.81
18.47,17400,16915.5,16912.9,484.456
18.48,17025,16916.9,16914.2,108.11
18.49,15350,16918.2,16915.6,-1568.23
18.5,16450,16919.6,16916.9,-469.566
18.51,17175,16920.9,16918.2,254.103
18.52,16125,16922.2,16919.5,-797.224
18.53,16325,16923.5,16920.8,-598.546
18.54,16950,16924.9,16922.1,25.1362
18.55,15775,16926.2,16923.4,-1151.18
18.56,16025,16927.5,16924.7,-902.485
18.57,17200,16928.8,16926,271.211
18.58,17075,16930.1,16927.3,144.912
18.59,16675,16931.4,16928.6,-256.383
18.6,16650,16932.7,16929.9,-282.673
18.61,16025,16934,16931.2,-908.958
18.62,17350,16935.2,16932.5,414.761
18.63,16350,16936.5,16933.7,-586.515
18.64,16700,16937.8,16935,-237.787
18.65,16475,16939.1,16936.2,-464.055
18.66,15925,16940.3,16937.5,-1015.32
18.67,17075,16941.6,16938.7,133.424
18.68,17075,16942.8,16940,132.17
18.69,17050,16944.1,16941.2,105.921
18.7,16575,16945.3,16942.5,-370.324
18.71,16200,16946.6,16943.7,-746.564
18.72,16700,16947.8,16944.9,-247.8
18.73,15975,16949,16946.1,-974.032
18.74,17600,16950.3,16947.4,649.741
18.75,16850,16951.5,16948.6,-101.481
18.76,16575,16952.7,16949.8,-377.699
18.77,15550,16953.9,16951,-1403.91
18.78,15450,16955.1,16952.2,-1505.12
18.79,15825,16956.3,16953.4,-1131.33
18.8,16350,16957.5,16954.6,-607.527
18.81,16325,16958.7,16955.8,-633.723
18.82,16400,16959.9,16956.9,-559.915
18.83,15750,16961.1,16958.1,-1211.1
18.84,17350,16962.3,16959.3,387.715
18.85,16925,16963.5,16960.5,-38.4629
18.86,16675,16964.6,16961.6,-289.637
18.87,15450,16965.8,16962.8,-1515.81
18.88,16350,16967,16963.9,-616.972
18.89,16750,16968.1,16965.1,-218.133
18.9,17325,16969.3,16966.2,355.711
18.91,16600,16970.4,16967.4,-370.441
18.92,16225,16971.6,16968.5,-746.589
18.93,17225,16972.7,16969.6,252.267
18.94,16125,16973.9,16970.8,-848.872
18.95,16600,16975,16971.9,-375.007
18.96,16325,16976.1,16973,-651.137
18.97,15875,16977.3,16974.1,-1102.26
18.98,16500,16978.4,16975.2,-478.386
18.99,16350,16979.5,16976.4,-629.504
19,17350,16980.6,16977.5,369.383
19.01,16250,16981.7,16978.6,-731.726
19.02,16050,16982.8,16979.6,-932.831
19.03,16700,16983.9,16980.7,-283.932
19.04,16625,16985,16981.8,-360.028
19.05,16175,16986.1,16982.9,-811.12
19.06,16350,16987.2,16984,-637.208
19.07,17350,16988.3,16985,361.708
19.08,16650,16989.4,16986.1,-339.371
19.09,17625,16990.4,16987.2,634.554
19.1,16450,16991.5,16988.2,-541.517
19.11,15900,16992.6,16989.3,-1092.58
19.12,17050,16993.6,16990.3,56.3532
19.13,17400,16994.7,16991.4,405.295
19.14,17000,16995.8,16992.4,4.24053
19.15,15700,16996.8,16993.5,-1296.81
19.16,15925,16997.9,16994.5,-1072.86
19.17,17400,16998.9,16995.5,401.103
19.18,16200,16999.9,16996.6,-799.935
19.19,15975,17001,16997.6,-1025.97
19.2,16750,17002,16998.6,-251.997
19.21,17050,17003,16999.6,46.9774
19.22,16325,17004,17000.6,-679.044
19.23,16175,17005.1,17001.6,-830.061
19.24,16250,17006.1,17002.6,-756.073
19.25,17025,17007.1,17003.6,17.9179
19.26,16975,17008.1,17004.6,-33.0866
19.27,17450,17009.1,17005.6,440.913
19.28,16600,17010.1,17006.6,-410.084
19.29,15675,17011.1,17007.6,-1336.08
19.3,16925,17012.1,17008.5,-87.0642
19.31,17200,17013,17009.5,186.952
19.32,17025,17014,17010.5,10.9715
19.33,15600,17015,17011.4,-1415
19.34,16275,17016,17012.4,-740.977
19.35,15625,17016.9,17013.4,-1391.94
19.36,15975,17017.9,17014.3,-1042.91
19.37,16850,17018.9,17015.2,-168.869
19.38,17575,17019.8,17016.2,555.175
19.39,16325,17020.8,17017.1,-695.776
19.4,16550,17021.7,17018.1,-471.724
19.41,17100,17022.7,17019,77.3317
19.42,16350,17023.6,17019.9,-673.608
19.43,16600,17024.5,17020.8,-424.544
19.44,17025,17025.5,17021.8,-0.476258
19.45,17575,17026.4,17022.7,548.596
19.46,16925,17027.3,17023.6,-102.328
19.47,17100,17028.2,17024.5,71.7515
19.48,16800,17029.2,17025.4,-229.165
19.49,16700,17030.1,17026.3,-330.077
19.5,17300,17031,17027.2,269.015
19.51,16450,17031.9,17028.1,-581.89
19.52,17025,17032.8,17029,-7.79005
19.53,16650,17033.7,17029.8,-383.687
19.54,17475,17034.6,17030.7,440.421
19.55,16975,17035.5,17031.6,-60.468
19.56,16300,17036.4,17032.5,-736.353
19.57,15500,17037.2,17033.3,-1537.23
19.58,16425,17038.1,17034.2,-613.111
19.59,15725,17039,17035,-1313.98
19.6,16150,17039.9,17035.9,-889.854
19.61,16275,17040.7,17036.7,-765.719
19.62,16075,17041.6,17037.6,-966.581
19.63,16350,17042.4,17038.4,-692.439
19.64,17200,17043.3,17039.3,156.707
19.65,16975,17044.1,17040.1,-69.1429
19.66,17100,17045,17040.9,55.0108
19.67,17325,17045.8,17041.8,279.168
19.68,16200,17046.7,17042.6,-846.671
19.69,16050,17047.5,17043.4,-997.506
19.7,16675,17048.3,17044.2,-373.337
19.71,16725,17049.2,17045,-324.164
19.72,15425,17050,17045.8,-1624.99
19.73,16050,17050.8,17046.6,-1000.81
19.74,15875,17051.6,17047.4,-1176.62
19.75,16700,17052.4,17048.2,-352.436
19.76,16450,17053.2,17049,-603.245
19.77,17275,17054,17049.8,220.951
19.78,16575,17054.9,17050.6,-479.85
19.79,16850,17055.6,17051.4,-205.648
19.8,15850,17056.4,17052.1,-1206.44
19.81,16750,17057.2,17052.9,-307.232
19.82,17225,17058,17053.7,166.982
19.83,16275,17058.8,17054.4,-783.8
19.84,16475,17059.6,17055.2,-584.579
19.85,16125,17060.4,17056,-935.354
19.86,16975,17061.1,17056.7,-86.126
19.87,16875,17061.9,17057.5,-186.894
19.88,17200,17062.7,17058.2,137.342
19.89,16225,17063.4,17058.9,-838.419
19.9,16650,17064.2,17059.7,-414.175
19.91,17400,17064.9,17060.4,335.071
19.92,16300,17065.7,17061.1,-765.678
19.93,16425,17066.4,17061.9,-641.424
19.94,17550,17067.2,17062.6,482.833
19.95,16725,17067.9,17063.3,-342.906
19.96,16700,17068.6,17064,-368.641
19.97,17900,17069.4,17064.7,830.628
19.98,16225,17070.1,17065.4,-845.1
19.99,16625,17070.8,17066.2,-445.825
20,15875,17071.5,17066.9,-1196.55
20.01,15975,17072.3,17067.5,-1097.26
20.02,16925,17073,17068.2,-147.977
20.03,18000,17073.7,17068.9,926.313
20.04,16725,17074.4,17069.6,-349.394
20.05,16775,17075.1,17070.3,-300.097
20.06,17975,17075.8,17071,899.204
20.07,16850,17076.5,17071.6,-226.493
20.08,16575,17077.2,17072.3,-502.185
20.09,17175,17077.9,17073,97.1257
20.1,17275,17078.6,17073.6,196.44
20.11,16325,17079.2,17074.3,-754.242
20.12,16800,17079.9,17075,-279.921
20.13,17600,17080.6,17075.6,519.404
20.14,15850,17081.3,17076.3,-1231.27
20.15,16325,17081.9,17076.9,-756.936
20.16,16600,17082.6,17077.5,-482.6
20.17,15550,17083.3,17078.2,-1533.26
20.18,16900,17083.9,17078.8,-183.92
20.19,17025,17084.6,17079.4,-59.5742
20.2,15875,17085.2,17080.1,-1210.23
20.21,17450,17085.9,17080.7,364.127
20.22,16600,17086.5,17081.3,-486.517
20.23,15300,17087.2,17081.9,-1787.16
20.24,16525,17087.8,17082.5,-562.796
20.25,16100,17088.4,17083.2,-988.43
20.26,17275,17089.1,17083.8,185.94
20.27,16975,17089.7,17084.4,-114.688
20.28,17425,17090.3,17085,334.688
20.29,17050,17090.9,17085.6,-40.9326
20.3,16500,17091.5,17086.1,-591.55
20.31,16600,17092.2,17086.7,-492.164
20.32,16650,17092.8,17087.3,-442.775
20.33,17175,17093.4,17087.9,81.618
20.34,17525,17094,17088.5,431.014
20.35,16225,17094.6,17089,-869.587
20.36,17400,17095.2,17089.6,304.816
20.37,16325,17095.8,17090.2,-770.779
20.38,16900,17096.4,17090.7,-196.37
20.39,16475,17097,17091.3,-621.957
20.4,16875,17097.5,17091.9,-222.542
20.41,16075,17098.1,17092.4,-1023.12
20.42,17400,17098.7,17093,301.299
20.43,16075,17099.3,17093.5,-1024.28
20.44,17125,17099.8,17094,25.153
20.45,17050,17100.4,17094.6,-50.4153
20.46,16750,17101,17095.1,-350.98
20.47,17500,17101.5,17095.7,398.458
20.48,16675,17102.1,17096.2,-427.101
20.49,17450,17102.7,17096.7,347.344
20.5,17300,17103.2,17097.2,196.791
20.51,16750,17103.8,17097.7,-353.758
20.52,16750,17104.3,17098.3,-354.304
20.53,16925,17104.8,17098.8,-179.847
20.54,16975,17105.4,17099.3,-130.387
20.55,16050,17105.9,17099.8,-1055.92
20.56,16525,17106.5,17100.3,-581.457
20.57,16625,17107,17100.8,-481.987
20.58,17300,17107.5,17101.3,192.485
20.59,17300,17108,17101.8,191.961
20.6,16850,17108.6,17102.2,-258.56
20.61,17275,17109.1,17102.7,165.922
20.62,16025,17109.6,17103.2,-1084.59
20.63,16950,17110.1,17103.7,-160.105
20.64,17075,17110.6,17104.2,-35.6139
20.65,16625,17111.1,17104.6,-486.12
20.66,16775,17111.6,17105.1,-336.623
20.67,17750,17112.1,17105.6,637.878
20.68,16625,17112.6,17106,-487.619
20.69,16475,17113.1,17106.5,-638.113
20.7,16000,17113.6,17106.9,-1113.6
20.71,16450,17114.1,17107.4,-664.092
20.72,16800,17114.6,17107.8,-314.577
20.73,17125,17115.1,17108.3,9.94123
20.74,15800,17115.5,17108.7,-1315.54
20.75,16800,17116,17109.2,-316.014
20.76,16650,17116.5,17109.6,-466.487
20.77,15600,17117,17110,-1516.96
20.78,15800,17117.4,17110.4,-1317.42
20.79,15975,17117.9,17110.9,-1142.89
20.8,16425,17118.4,17111.3,-693.35
20.81,17375,17118.8,17111.7,256.191
20.82,17975,17119.3,17112.1,855.735
20.83,17075,17119.7,17112.5,-44.7179
20.84,17325,17120.2,17112.9,204.832
20.85,17025,17120.6,17113.3,-95.6152
20.86,16500,17121.1,17113.7,-621.06
20.87,16625,17121.5,17114.1,-496.501
20.88,16425,17121.9,17114.5,-696.94
20.89,16625,17122.4,17114.9,-497.376
20.9,17450,17122.8,17115.3,327.191
20.91,16275,17123.2,17115.7,-848.24
20.92,16900,17123.7,17116.1,-223.668
20.93,16525,17124.1,17116.5,-599.093
20.94,15775,17124.5,17116.8,-1349.51
20.95,15250,17124.9,17117.2,-1874.93
20.96,16075,17125.4,17117.6,-1050.35
20.97,16600,17125.8,17118,-525.765
20.98,17875,17126.2,17118.3,748.823
20.99,17425,17126.6,17118.7,298.415
21,15825,17127,17119,-1301.99
21.01,15575,17127.4,17119.4,-1552.39
21.02,16125,17127.8,17119.7,-1002.8
21.03,17100,17128.2,17120.1,-28.1938
21.04,16975,17128.6,17120.4,-153.589
21.05,16975,17129,17120.8,-153.982
21.06,16450,17129.4,17121.1,-679.373
21.07,16750,17129.8,17121.4,-379.76
21.08,16650,17130.1,17121.8,-480.146
21.09,17550,17130.5,17122.1,419.472
21.1,17225,17130.9,17122.4,94.0917
21.11,17325,17131.3,17122.8,193.714
21.12,17025,17131.7,17123.1,-106.661
21.13,17300,17132,17123.4,167.967
21.14,16300,17132.4,17123.7,-832.404
21.15,15300,17132.8,17124,-1832.77
21.16,15500,17133.1,17124.3,-1633.14
21.17,17450,17133.5,17124.6,316.501
21.18,16625,17133.9,17124.9,-508.859
21.19,16050,17134.2,17125.2,-1084.22
21.2,16775,17134.6,17125.5,-359.573
21.21,16175,17134.9,17125.8,-959.926
21.22,16525,17135.3,17126.1,-610.276
21.23,16075,17135.6,17126.4,-1060.62
21.24,17600,17136,17126.7,464.029
21.25,16575,17136.3,17126.9,-561.314
21.26,17025,17136.7,17127.2,-111.656
21.27,16250,17137,17127.5,-886.995
21.28,16550,17137.3,17127.8,-587.331
21.29,15800,17137.7,17128,-1337.67
21.3,16900,17138,17128.3,-237.998
21.31,17000,17138.3,17128.6,-138.328
21.32,16525,17138.7,17128.8,-613.656
21.33,16625,17139,17129.1,-513.982
21.34,16150,17139.3,17129.3,-989.305
21.35,16950,17139.6,17129.6,-189.626
21.36,16600,17139.9,17129.8,-539.946
21.37,16150,17140.3,17130.1,-990.263
21.38,17400,17140.6,17130.3,259.423
21.39,16275,17140.9,17130.5,-865.89
21.4,17850,17141.2,17130.8,708.799
21.41,16650,17141.5,17131,-491.51
21.42,16725,17141.8,17131.2,-416.816
21.43,17575,17142.1,17131.5,432.879
21.44,16300,17142.4,17131.7,-842.424
21.45,16000,17142.7,17131.9,-1142.72
21.46,16225,17143,17132.1,-918.023
21.47,17550,17143.3,17132.3,406.68
21.48,16125,17143.6,17132.6,-1018.61
21.49,16500,17143.9,17132.8,-643.908
21.5,16000,17144.2,17133,-1144.2
21.51,16575,17144.5,17133.2,-569.488
21.52,16150,17144.8,17133.4,-994.775
21.53,16150,17145.1,17133.6,-995.061
21.54,16775,17145.3,17133.8,-370.345
21.55,16200,17145.6,17134,-945.627
21.56,17200,17145.9,17134.1,54.093
21.57,16575,17146.2,17134.3,-571.186
21.58,16675,17146.5,17134.5,-471.462
21.59,17375,17146.7,17134.7,228.262
21.6,17175,17147,17134.9,27.9887
21.61,16625,17147.3,17135.1,-522.283
21.62,17100,17147.6,17135.2,-47.5537
21.63,16875,17147.8,17135.4,-272.823
21.64,16625,17148.1,17135.6,-523.09
21.65,16575,17148.4,17135.7,-573.356
21.66,16775,17148.6,17135.9,-373.62
21.67,16625,17148.9,17136,-523.883
21.68,17875,17149.1,17136.2,725.856
21.69,17175,17149.4,17136.3,25.5958
21.7,16475,17149.7,17136.5,-674.663
21.71,16650,17149.9,17136.6,-499.92
21.72,16425,17150.2,17136.8,-725.176
21.73,16125,17150.4,17136.9,-1025.43
21.74,16200,17150.7,17137.1,-950.684
21.75,17425,17150.9,17137.2,274.063
21.76,15925,17151.2,17137.3,-1226.19
21.77,16225,17151.4,17137.5,-926.438
21.78,17175,17151.7,17137.6,23.3134
21.79,17700,17151.9,17137.7,548.066
21.8,17775,17152.2,17137.8,622.819
21.81,16725,17152.4,17138,-427.427
21.82,17350,17152.7,17138.1,197.328
21.83,16675,17152.9,17138.2,-477.915
21.84,16150,17153.2,17138.3,-1003.16
21.85,16925,17153.4,17138.4,-228.4
21.86,16750,17153.6,17138.5,-403.642
21.87,17750,17153.9,17138.6,596.118
21.88,17625,17154.1,17138.7,470.878
21.89,15125,17154.4,17138.8,-2029.36
21.9,16800,17154.6,17138.9,-354.599
21.91,16800,17154.8,17139,-354.837
21.92,16700,17155.1,17139.1,-455.075
21.93,16950,17155.3,17139.2,-205.311
21.94,16600,17155.5,17139.3,-555.548
21.95,17350,17155.8,17139.3,194.216
21.96,16875,17156,17139.4,-281.019
21.97,17175,17156.3,17139.5,18.7456
21.98,15900,17156.5,17139.6,-1256.49
21.99,16125,17156.7,17139.6,-1031.72
22,17200,17157,17139.7,43.0412
22.01,16800,17157.2,17139.8,-357.193
22.02,17525,17157.4,17139.8,367.572
22.03,16200,17157.7,17139.9,-957.662
22.04,16625,17157.9,17140,-532.897
22.05,15275,17158.1,17140,-1883.13
22.06,16200,17158.4,17140.1,-958.366
22.07,15850,17158.6,17140.1,-1308.6
22.08,16800,17158.8,17140.2,-358.837
22.09,17025,17159.1,17140.2,-134.073
22.1,18325,17159.3,17140.3,1165.69
22.11,17225,17159.5,17140.3,65.4536
22.12,15675,17159.8,17140.3,-1484.78
22.13,16025,17160,17140.4,-1135.02
22.14,16525,17160.3,17140.4,-635.261
22.15,16950,17160.5,17140.4,-210.501
22.16,16100,17160.7,17140.5,-1060.74
22.17,15275,17161,17140.5,-1885.98
22.18,16975,17161.2,17140.5,-186.226
22.19,17150,17161.5,17140.5,-11.4698
22.2,17125,17161.7,17140.5,-36.715
22.21,17300,17162,17140.6,138.039
22.22,16575,17162.2,17140.6,-587.209
22.23,16525,17162.5,17140.6,-637.459
22.24,17750,17162.7,17140.6,587.29
22.25,17050,17163,17140.6,-112.963
22.26,16650,17163.2,17140.6,-513.218
22.27,16950,17163.5,17140.6,-213.474
22.28,16450,17163.7,17140.6,-713.733
22.29,16875,17164,17140.6,-288.994
22.3,15975,17164.3,17140.6,-1189.26
22.31,16750,17164.5,17140.6,-414.522
22.32,17300,17164.8,17140.6,135.21
22.33,16950,17165.1,17140.5,-215.061
22.34,17900,17165.3,17140.5,734.666
22.35,17550,17165.6,17140.5,384.389
22.36,16525,17165.9,17140.5,-640.89
22.37,16150,17166.2,17140.5,-1016.17
22.38,16050,17166.5,17140.4,-1116.46
22.39,16575,17166.7,17140.4,-591.748
22.4,16275,17167,17140.4,-892.041
22.41,16425,17167.3,17140.3,-742.338
22.42,16250,17167.6,17140.3,-917.638
22.43,16525,17167.9,17140.3,-642.943
22.44,16325,17168.3,17140.2,-843.252
22.45,16650,17168.6,17140.2,-518.566
22.46,16225,17168.9,17140.1,-943.884
22.47,18000,17169.2,17140.1,830.792
22.48,16550,17169.5,17140,-619.536
22.49,16250,17169.9,17140,-919.87
22.5,17425,17170.2,17139.9,254.791
22.51,17075,17170.6,17139.8,-95.5533
22.52,16275,17170.9,17139.8,-895.904
22.53,15600,17171.3,17139.7,-1571.26
22.54,15400,17171.6,17139.7,-1771.62
22.55,16350,17172,17139.6,-821.994
22.56,17000,17172.4,17139.5,-172.371
22.57,17000,17172.8,17139.4,-172.755
22.58,16000,17173.1,17139.4,-1173.15
22.59,16500,17173.5,17139.3,-673.545
22.6,16500,17174,17139.2,-673.953
22.61,16575,17174.4,17139.1,-599.368
22.62,16600,17174.8,17139,-574.793
22.63,16575,17175.2,17139,-600.226
22.64,16425,17175.7,17138.9,-750.669
22.65,16925,17176.1,17138.8,-251.121
22.66,16775,17176.6,17138.7,-401.583
22.67,17575,17177.1,17138.6,397.944
22.68,16950,17177.5,17138.5,-227.54
22.69,16550,17178,17138.4,-628.035
22.7,16775,17178.5,17138.3,-403.542
22.71,16600,17179.1,17138.2,-579.06
22.72,17600,17179.6,17138.1,420.408
22.73,17225,17180.1,17138,44.8635
22.74,16000,17180.7,17137.9,-1180.69
22.75,16325,17181.3,17137.7,-856.267
22.76,16525,17181.9,17137.6,-656.854
22.77,16075,17182.5,17137.5,-1107.46
22.78,15975,17183.1,17137.4,-1208.07
22.79,16850,17183.7,17137.3,-333.708
22.8,16250,17184.4,17137.1,-934.36
22.81,16925,17185,17137,-260.029
22.82,16700,17185.7,17136.9,-485.717
22.83,17050,17186.4,17136.7,-136.423
22.84,16475,17187.2,17136.6,-712.15
22.85,17225,17187.9,17136.5,37.1026
22.86,16325,17188.7,17136.3,-863.666
22.87,16875,17189.5,17136.2,-314.458
22.88,16300,17190.3,17136,-890.272
22.89,16250,17191.1,17135.9,-941.111
22.9,16675,17192,17135.8,-516.975
22.91,17000,17192.9,17135.6,-192.865
22.92,16200,17193.8,17135.5,-993.783
22.93,16775,17194.7,17135.3,-419.729
22.94,17350,17195.7,17135.1,154.295
22.95,17050,17196.7,17135,-146.711
22.96,17450,17197.7,17134.8,252.25
22.97,16975,17198.8,17134.7,-223.822
22.98,18075,17199.9,17134.5,875.071
22.99,16850,17201.1,17134.3,-351.073
23,16775,17202.3,17134.2,-427.255
23.01,16550,17203.5,17134,-653.477
23.02,16625,17204.7,17133.8,-579.74
23.03,16725,17206,17133.6,-481.046
23.04,16150,17207.4,17133.5,-1057.4
23.05,17725,17208.8,17133.3,516.203
23.06,16775,17210.2,17133.1,-435.246
23.07,14975,17211.7,17132.9,-2236.75
23.08,16600,17213.3,17132.7,-613.301
23.09,17175,17214.9,17132.5,-39.9124
23.1,17475,17216.6,17132.3,258.417
23.11,17275,17218.3,17132.2,56.6839
23.12,16600,17220.1,17132,-620.114
23.13,17750,17222,17131.8,528.019
23.14,17325,17223.9,17131.6,101.08
23.15,17375,17225.9,17131.4,149.067
23.16,16925,17228,17131.2,-303.026
23.17,17375,17230.2,17131,144.797
23.18,16800,17232.5,17130.8,-432.466
23.19,18375,17234.8,17130.5,1140.18
23.2,17225,17237.3,17130.3,-12.2741
23.21,17150,17239.8,17130.1,-89.8284
23.22,18425,17242.5,17129.9,1182.51
23.23,15550,17245.3,17129.7,-1695.27
23.24,16575,17248.2,17129.5,-673.16
23.25,16950,17251.2,17129.2,-301.181
23.26,16850,17254.3,17129,-404.335
23.27,16925,17257.6,17128.8,-332.63
23.28,16725,17261.1,17128.6,-536.074
23.29,17025,17264.7,17128.3,-239.676
23.3,17275,17268.4,17128.1,6.55431
23.31,17275,17272.4,17127.9,2.60749
23.32,17025,17276.5,17127.6,-251.528
23.33,18025,17280.9,17127.4,744.137
23.34,17900,17285.4,17127.2,614.59
23.35,16975,17290.2,17126.9,-315.184
23.36,17225,17295.2,17126.7,-70.1987
23.37,17125,17300.5,17126.4,-175.47
23.38,18025,17306,17126.2,718.984
23.39,18825,17311.9,17125.9,1513.15
23.4,16600,17318,17125.7,-718.005
23.41,16900,17324.5,17125.4,-424.491
23.42,17375,17331.3,17125.2,43.6646
23.43,17725,17338.6,17124.9,386.435
23.44,17750,17346.2,17124.7,403.791
23.45,17225,17354.3,17124.4,-129.297
23.46,17325,17362.9,17124.1,-37.8636
23.47,17650,17371.9,17123.9,278.053
23.48,17425,17381.6,17123.6,43.4122
23.49,17375,17391.8,17123.3,-16.8315
23.5,17625,17402.7,17123.1,222.272
23.51,18025,17414.3,17122.8,610.668
23.52,17500,17426.7,17122.5,73.2939
23.53,17275,17439.9,17122.2,-164.917
23.54,17700,17454,17122,245.961
23.55,17075,17469.2,17121.7,-394.158
23.56,16300,17485.4,17121.4,-1185.37
23.57,17500,17502.8,17121.1,-2.76938
23.58,17475,17521.5,17120.8,-46.4846
23.59,18425,17541.6,17120.5,883.356
23.6,19050,17563.4,17120.3,1486.6
23.61,19000,17586.9,17120,1413.09
23.62,18425,17612.4,17119.7,812.612
23.63,17575,17640,17119.4,-65.0395
23.64,19475,17670.1,17119.1,1804.87
23.65,18050,17703,17118.8,347.047
23.66,16975,17738.9,17118.5,-763.888
23.67,18425,17778.4,17118.2,646.607
23.68,20025,17822.1,17117.9,2202.92
23.69,19725,17870.8,17117.6,1854.24
23.7,19450,17925.6,17117.3,1524.35
23.71,18300,17988.5,17116.9,311.512
23.72,21175,18062,17116.6,3113.04
23.73,21075,18150.1,17116.3,2924.86
23.74,21400,18259.2,17116,3140.77
23.75,21750,18398.5,17115.7,3351.52
23.76,22400,18581.5,17115.4,3818.51
23.77,21975,18827.6,17115,3147.43
23.78,22175,19163.4,17114.7,3011.61
23.79,23825,19624.4,17114.4,4200.57
23.8,25150,20256,17114.1,4894.01
23.81,25175,21113.3,17113.7,4061.68
23.82,26900,22260.4,17113.4,4639.56
23.83,28525,23767,17113.1,4758.01
23.84,30000,25703,17112.7,4296.97
23.85,32300,28131.6,17112.4,4168.37
23.86,35625,31099.8,17112.1,4525.25
23.87,37975,34628.1,17111.7,3346.89
23.88,43150,38701.2,17111.4,4448.76
23.89,49125,43258.9,17111.1,5866.11
23.9,51900,48189.9,17110.7,3710.15
23.91,60625,53328.7,17110.4,7296.28
23.92,65250,58456.6,17110,6793.39
23.93,70075,63308.2,17109.7,6766.82
23.94,78225,67589.8,17109.3,10635.2
23.95,82525,71014.9,17109,11510.1
23.96,88250,73353.1,17108.6,14896.9
23.97,89375,74475,17108.3,14900
23.98,96000,74365.7,17107.9,21634.3
23.99,94125,73100.9,17107.5,21024.1
24,90825,70807.2,17107.2,20017.8
24.01,84600,67634.1,17106.8,16965.9
24.02,77500,63749.3,17106.5,13750.7
24.03,74250,59344.3,17106.1,14905.7
24.04,66875,54632.2,17105.7,12242.8
24.05,60875,49830.6,17105.3,11044.4
24.06,56775,45137.8,17105,11637.2
24.07,51425,40714,17104.6,10711
24.08,44650,36673.8,17104.2,7976.18
24.09,39300,33087.4,17103.9,6212.61
24.1,34800,29985.8,17103.5,4814.25
24.11,31675,27368.2,17103.1,4306.83
24.12,31100,25209.7,17102.7,5890.31
24.13,27725,23468.5,17102.3,4256.46
24.14,26925,22092.8,17101.9,4832.21
24.15,25100,21026.3,17101.6,4073.75
24.16,24025,20213.2,17101.2,3811.79
24.17,23775,19601.9,17100.8,4173.11
24.18,22700,19146.7,17100.4,3553.33
24.19,20675,18809.2,17100,1865.82
24.2,21025,18558.4,17099.6,2466.59
24.21,20475,18370.3,17099.2,2104.7
24.22,20625,18226.7,17098.8,2398.25
24.23,21000,18114.6,17098.4,2885.41
24.24,19850,18024.5,17098,1825.48
24.25,19125,17950.1,17097.6,1174.91
24.26,18800,17887,17097.2,913.041
24.27,18850,17832.2,17096.8,1017.81
24.28,18650,17783.8,17096.4,866.173
24.29,18700,17740.6,17096,959.446
24.3,17875,17701.5,17095.6,173.544
24.31,17550,17665.9,17095.2,-115.882
24.32,17875,17633.3,17094.7,241.652
24.33,17950,17603.5,17094.3,346.525
24.34,17900,17576,17093.9,324.039
24.35,18575,17550.6,17093.5,1024.45
24.36,17975,17527,17093.1,447.972
24.37,18675,17505.2,17092.7,1169.79
24.38,18725,17484.9,17092.2,1240.07
24.39,17125,17466,17091.8,-341.038
24.4,17875,17448.4,17091.4,426.582
24.41,17700,17432,17091,268.048
24.42,18475,17416.5,17090.5,1058.46
24.43,17975,17402.1,17090.1,572.91
24.44,17825,17388.5,17089.7,436.476
24.45,16525,17375.8,17089.2,-850.767
24.46,16950,17363.8,17088.8,-413.756
24.47,17550,17352.4,17088.4,197.569
24.48,17150,17341.7,17087.9,-191.739
24.49,18075,17331.6,17087.5,743.368
24.5,16925,17322.1,17087,-397.066
24.51,16775,17313,17086.6,-538.001
24.52,17325,17304.4,17086.2,20.5979
24.53,17525,17296.2,17085.7,228.765
24.54,17200,17288.5,17085.3,-88.4701
24.55,18000,17281.1,17084.8,718.92
24.56,18300,17274,17084.4,1025.96
24.57,16775,17267.3,17083.9,-492.324
24.58,17650,17260.9,17083.5,389.086
24.59,16475,17254.8,17083,-779.79
24.6,16000,17248.9,17082.5,-1248.93
24.61,16900,17243.3,17082.1,-343.326
24.62,16300,17238,17081.6,-937.954
24.63,16875,17232.8,17081.2,-357.803
24.64,17225,17227.9,17080.7,-2.86047
24.65,18275,17223.1,17080.2,1051.89
24.66,16600,17218.5,17079.8,-618.55
24.67,17975,17214.2,17079.3,760.84
24.68,16725,17209.9,17078.8,-484.935
24.69,17825,17205.9,17078.4,619.136
24.7,18025,17201.9,17077.9,823.061
24.71,16425,17198.2,17077.4,-773.152
24.72,17550,17194.5,17077,355.503
24.73,17700,17191,17076.5,509.035
24.74,15650,17187.6,17076,-1537.55
24.75,16550,17184.2,17075.5,-634.248
24.76,17225,17181.1,17075.1,43.9497
24.77,18825,17178,17074.6,1647.05
24.78,17200,17175,17074.1,25.0479
24.79,16325,17172,17073.6,-847.041
24.8,15800,17169.2,17073.1,-1369.22
24.81,17400,17166.5,17072.6,233.526
24.82,16875,17163.8,17072.2,-288.81
24.83,17375,17161.2,17071.7,213.78
24.84,18050,17158.7,17071.2,891.298
24.85,15875,17156.3,17070.7,-1281.25
24.86,16325,17153.9,17070.2,-828.865
24.87,16875,17151.5,17069.7,-276.54
24.88,17475,17149.3,17069.2,325.726
24.89,16975,17147.1,17068.7,-172.065
24.9,17400,17144.9,17068.2,255.09
24.91,16900,17142.8,17067.7,-242.806
24.92,16550,17140.8,17067.2,-590.752
24.93,16500,17138.7,17066.7,-638.745
24.94,17450,17136.8,17066.2,313.217
24.95,16800,17134.9,17065.7,-334.864
24.96,16725,17133,17065.2,-407.987
24.97,16200,17131.2,17064.7,-931.15
24.98,17825,17129.4,17064.2,695.649
24.99,16850,17127.6,17063.7,-277.589
25,16575,17125.9,17063.2,-550.862
25.01,17725,17124.2,17062.6,600.831
25.02,17575,17122.5,17062.1,452.492
25.03,16850,17120.9,17061.6,-270.878
25.04,17575,17119.3,17061.1,455.721
25.05,17325,17117.7,17060.6,207.292
25.06,17100,17116.2,17060.1,-16.1649
25.07,16625,17114.6,17059.5,-489.649
25.08,16325,17113.2,17059,-788.158
25.09,16600,17111.7,17058.5,-511.692
25.1,17775,17110.3,17058,664.75
25.11,16525,17108.8,17057.5,-583.831
25.12,16100,17107.4,17056.9,-1007.43
25.13,16200,17106.1,17056.4,-906.058
25.14,16850,17104.7,17055.9,-254.703
25.15,16875,17103.4,17055.3,-228.368
25.16,16550,17102.1,17054.8,-552.052
25.17,16550,17100.8,17054.3,-550.754
25.18,16975,17099.5,17053.7,-124.474
25.19,17350,17098.2,17053.2,251.789
25.2,17125,17097,17052.7,28.0353
25.21,16975,17095.7,17052.1,-120.734
25.22,16225,17094.5,17051.6,-869.52
25.23,17800,17093.3,17051.1,706.68
25.24,17600,17092.1,17050.5,507.866
25.25,17100,17091,17050,9.03736
25.26,17200,17089.8,17049.4,110.195
25.27,17000,17088.7,17048.9,-88.6595
25.28,17025,17087.5,17048.3,-62.5271
25.29,15500,17086.4,17047.8,-1586.41
25.3,16525,17085.3,17047.2,-560.298
25.31,17800,17084.2,17046.7,715.799
25.32,17050,17083.1,17046.1,-33.1152
25.33,15825,17082,17045.6,-1257.04
25.34,17300,17081,17045,219.025
25.35,16925,17079.9,17044.5,-154.92
25.36,16850,17078.9,17043.9,-228.874
25.37,15975,17077.8,17043.4,-1102.84
25.38,16900,17076.8,17042.8,-176.812
25.39,16050,17075.8,17042.2,-1025.79
25.4,16600,17074.8,17041.7,-474.784
25.41,16300,17073.8,17041.1,-773.783
25.42,16875,17072.8,17040.6,-197.789
25.43,16975,17071.8,17040,-96.8039
25.44,17150,17070.8,17039.4,79.1741
25.45,16100,17069.9,17038.9,-969.855
25.46,16150,17068.9,17038.3,-918.891
25.47,17350,17067.9,17037.7,282.065
25.48,17425,17067,17037.2,358.015
25.49,16175,17066,17036.6,-891.041
25.5,16950,17065.1,17036,-115.103
25.51,16500,17064.2,17035.4,-564.172
25.52,16175,17063.2,17034.9,-888.246
25.53,16550,17062.3,17034.3,-512.327
25.54,16450,17061.4,17033.7,-611.412
25.55,16400,17060.5,17033.1,-660.503
25.56,15875,17059.6,17032.6,-1184.6
25.57,16625,17058.7,17032,-433.701
25.58,16675,17057.8,17031.4,-382.807
25.59,16875,17056.9,17030.8,-181.918
25.6,16875,17056,17030.2,-181.034
25.61,15850,17055.2,17029.7,-1205.15
25.62,18375,17054.3,17029.1,1320.72
25.63,16950,17053.4,17028.5,-103.407
25.64,17775,17052.5,17027.9,722.46
25.65,17025,17051.7,17027.3,-26.677
25.66,16025,17050.8,17026.7,-1025.82
25.67,17200,17050,17026.1,150.038
25.68,16800,17049.1,17025.5,-249.11
25.69,16250,17048.3,17024.9,-798.262
25.7,16675,17047.4,17024.4,-372.417
25.71,16525,17046.6,17023.8,-521.575
25.72,16500,17045.7,17023.2,-545.737
25.73,16000,17044.9,17022.6,-1044.9
25.74,16950,17044.1,17022,-94.0698
25.75,17950,17043.2,17021.4,906.759
25.76,18500,17042.4,17020.8,1457.59
25.77,16675,17041.6,17020.2,-366.591
25.78,17175,17040.8,17019.6,134.23
25.79,16125,17040,17019,-914.952
25.8,17175,17039.1,17018.4,135.863
25.81,17025,17038.3,17017.8,-13.3236
25.82,16450,17037.5,17017.2,-587.513
25.83,17125,17036.7,17016.5,88.2953
25.84,16700,17035.9,17015.9,-335.899
25.85,17275,17035.1,17015.3,239.905
25.86,16450,17034.3,17014.7,-584.293
25.87,16700,17033.5,17014.1,-333.494
25.88,17225,17032.7,17013.5,192.304
25.89,16050,17031.9,17012.9,-981.901
25.9,16025,17031.1,17012.3,-1006.11
25.91,16450,17030.3,17011.7,-580.316
25.92,17200,17029.5,17011,170.474
25.93,17425,17028.7,17010.4,396.263
25.94,16775,17028,17009.8,-252.951
25.95,16975,17027.2,17009.2,-52.166
25.96,16775,17026.4,17008.6,-251.383
25.97,15650,17025.6,17007.9,-1375.6
25.98,17300,17024.8,17007.3,275.179
25.99,16950,17024,17006.7,-74.0421
26,16700,17023.3,17006.1,-323.265
26.01,16750,17022.5,17005.5,-272.489
26.02,16675,17021.7,17004.8,-346.714
26.03,16175,17020.9,17004.2,-845.941
26.04,16550,17020.2,17003.6,-470.169
26.05,16550,17019.4,17003,-469.398
26.06,16300,17018.6,17002.3,-718.628
26.07,16450,17017.9,17001.7,-567.86
26.08,16575,17017.1,17001.1,-442.092
26.09,16600,17016.3,17000.4,-416.326
26.1,17300,17015.6,16999.8,284.44
26.11,15850,17014.8,16999.2,-1164.8
26.12,17125,17014,16998.5,110.967
26.13,17000,17013.3,16997.9,-13.2702
26.14,16850,17012.5,16997.3,-162.509
26.15,15975,17011.7,16996.6,-1036.75
26.16,17100,17011,16996,89.0118
26.17,16275,17010.2,16995.3,-735.229
26.18,17075,17009.5,16994.7,65.529
26.19,16150,17008.7,16994.1,-858.714
26.2,17650,17008,16993.4,642.043
26.21,16475,17007.2,16992.8,-532.201
26.22,16025,17006.4,16992.1,-981.446
26.23,16575,17005.7,16991.5,-430.691
26.24,16850,17004.9,16990.8,-154.937
26.25,17050,17004.2,16990.2,45.8163
26.26,17050,17003.4,16989.6,46.569
26.27,16400,17002.7,16988.9,-602.679
26.28,16000,17001.9,16988.3,-1001.93
26.29,17375,17001.2,16987.6,373.824
26.3,17375,17000.4,16987,374.574
26.31,17525,16999.7,16986.3,525.325
26.32,15750,16998.9,16985.7,-1248.93
26.33,17425,16998.2,16985,426.823
26.34,16800,16997.4,16984.3,-197.428
26.35,16350,16996.7,16983.7,-646.68
26.36,16875,16995.9,16983,-120.932
26.37,16275,16995.2,16982.4,-720.184
26.38,16125,16994.4,16981.7,-869.437
26.39,15675,16993.7,16981.1,-1318.69
26.4,16850,16992.9,16980.4,-142.944
26.41,16100,16992.2,16979.8,-892.198
26.42,16925,16991.5,16979.1,-66.452
26.43,16725,16990.7,16978.4,-265.707
26.44,16575,16990,16977.8,-414.961
26.45,17375,16989.2,16977.1,385.784
26.46,17575,16988.5,16976.4,586.528
26.47,16625,16987.7,16975.8,-362.727
26.48,15700,16987,16975.1,-1286.98
26.49,17850,16986.2,16974.4,863.761
26.5,16975,16985.5,16973.8,-10.4949
26.51,17550,16984.8,16973.1,565.249
26.52,17775,16984,16972.4,790.992
26.53,16575,16983.3,16971.8,-408.264
26.54,16100,16982.5,16971.1,-882.521
26.55,17100,16981.8,16970.4,118.222
26.56,16275,16981,16969.8,-706.035
26.57,17000,16980.3,16969.1,19.7075
26.58,17575,16979.5,16968.4,595.45
26.59,16750,16978.8,16967.7,-228.807
26.6,17625,16978.1,16967.1,646.935
26.61,16500,16977.3,16966.4,-477.322
26.62,16900,16976.6,16965.7,-76.58
26.63,17300,16975.8,16965,324.162
26.64,17500,16975.1,16964.4,524.904
26.65,17150,16974.4,16963.7,175.647
26.66,17450,16973.6,16963,476.389
26.67,16725,16972.9,16962.3,-247.869
26.68,16725,16972.1,16961.7,-247.127
26.69,18125,16971.4,16961,1153.61
26.7,16425,16970.6,16960.3,-545.643
26.71,16525,16969.9,16959.6,-444.901
26.72,16225,16969.2,16958.9,-744.159
26.73,17175,16968.4,16958.2,206.583
26.74,16725,16967.7,16957.6,-242.675
26.75,17775,16966.9,16956.9,808.067
26.76,17925,16966.2,16956.2,958.81
26.77,16575,16965.4,16955.5,-390.448
26.78,16500,16964.7,16954.8,-464.706
26.79,16925,16964,16954.1,-38.9638
26.8,17450,16963.2,16953.4,486.779
26.81,17125,16962.5,16952.7,162.521
26.82,16950,16961.7,16952.1,-11.7366
26.83,16225,16961,16951.4,-735.994
26.84,17425,16960.3,16950.7,464.749
26.85,17325,16959.5,16950,365.491
26.86,16550,16958.8,16949.3,-408.766
26.87,16350,16958,16948.6,-608.023
26.88,16450,16957.3,16947.9,-507.28
26.89,16750,16956.5,16947.2,-206.537
26.9,16800,16955.8,16946.5,-155.794
26.91,17150,16955.1,16945.8,194.949
26.92,16900,16954.3,16945.1,-54.3073
26.93,18400,16953.6,16944.4,1446.44
26.94,17300,16952.8,16943.7,347.18
26.95,16175,16952.1,16943,-777.076
26.96,17500,16951.3,16942.3,548.668
26.97,17100,16950.6,16941.6,149.412
26.98,15325,16949.8,16940.9,-1624.84
26.99,16775,16949.1,16940.2,-174.1
27,16225,16948.4,16939.5,-723.356
27.01,16400,16947.6,16938.8,-547.611
27.02,16775,16946.9,16938.1,-171.866
27.03,16600,16946.1,16937.4,-346.121
27.04,16700,16945.4,16936.7,-245.376
27.05,16850,16944.6,16936,-94.6312
27.06,17925,16943.9,16935.3,981.114
27.07,16575,16943.1,16934.6,-368.14
27.08,15825,16942.4,16933.9,-1117.39
27.09,16000,16941.6,16933.2,-941.649
27.1,16500,16940.9,16932.5,-440.903
27.11,16475,16940.2,16931.8,-465.157
27.12,16050,16939.4,16931.1,-889.41
27.13,16175,16938.7,16930.4,-763.664
27.14,16650,16937.9,16929.6,-287.917
27.15,17375,16937.2,16928.9,437.83
27.16,16000,16936.4,16928.2,-936.423
27.17,16675,16935.7,16927.5,-260.676
27.18,18175,16934.9,16926.8,1240.07
27.19,17800,16934.2,16926.1,865.819
27.2,17200,16933.4,16925.4,266.567
27.21,17300,16932.7,16924.7,367.315
27.22,17950,16931.9,16923.9,1018.06
27.23,17225,16931.2,16923.2,293.811
27.24,16325,16930.4,16922.5,-605.44
27.25,17050,16929.7,16921.8,120.309
27.26,17875,16928.9,16921.1,946.057
27.27,17075,16928.2,16920.4,146.807
27.28,17625,16927.4,16919.6,697.556
27.29,16500,16926.7,16918.9,-426.695
27.3,17550,16925.9,16918.2,624.055
27.31,17100,16925.2,16917.5,174.805
27.32,17300,16924.4,16916.8,375.555
27.33,16075,16923.7,16916,-848.695
27.34,14750,16922.9,16915.3,-2172.94
27.35,17650,16922.2,16914.6,727.807
27.36,17650,16921.4,16913.9,728.558
27.37,17475,16920.7,16913.2,554.309
27.38,16575,16919.9,16912.4,-344.94
27.39,17550,16919.2,16911.7,630.812
27.4,17200,16918.4,16911,281.563
27.41,17000,16917.7,16910.3,82.3152
27.42,16625,16916.9,16909.5,-291.933
27.43,16325,16916.2,16908.8,-591.18
27.44,17750,16915.4,16908.1,834.572
27.45,17025,16914.7,16907.4,110.325
27.46,17575,16913.9,16906.6,661.078
27.47,16050,16913.2,16905.9,-863.169
27.48,17725,16912.4,16905.2,812.584
27.49,16875,16911.7,16904.4,-36.6621
27.5,17225,16910.9,16903.7,314.092
27.51,17575,16910.2,16903,664.846
27.52,15975,16909.4,16902.3,-934.4
27.53,16325,16908.6,16901.5,-583.646
27.54,16350,16907.9,16900.8,-557.891
27.55,17550,16907.1,16900.1,642.864
27.56,17200,16906.4,16899.3,293.619
27.57,17350,16905.6,16898.6,444.374
27.58,15575,16904.9,16897.9,-1329.87
27.59,17050,16904.1,16897.1,145.885
27.6,15275,16903.4,16896.4,-1628.36
27.61,16850,16902.6,16895.7,-52.6035
27.62,16675,16901.8,16894.9,-226.847
27.63,17025,16901.1,16894.2,123.909
27.64,16000,16900.3,16893.5,-900.334
27.65,15925,16899.6,16892.7,-974.578
27.66,16725,16898.8,16892,-173.821
27.67,16150,16898.1,16891.2,-748.063
27.68,17550,16897.3,16890.5,652.694
27.69,16800,16896.5,16889.8,-96.5484
27.7,16600,16895.8,16889,-295.791
27.71,16700,16895,16888.3,-195.033
27.72,17800,16894.3,16887.6,905.726
27.73,17400,16893.5,16886.8,506.484
27.74,18050,16892.8,16886.1,1157.24
27.75,16575,16892,16885.3,-316.999
27.76,17000,16891.2,16884.6,108.76
27.77,17425,16890.5,16883.9,534.519
27.78,17775,16889.7,16883.1,885.279
27.79,16725,16889,16882.4,-163.962
27.8,16775,16888.2,16881.6,-113.202
27.81,15650,16887.4,16880.9,-1237.44
27.82,16925,16886.7,16880.1,38.3176
27.83,17200,16885.9,16879.4,314.078
27.84,17425,16885.2,16878.7,539.838
27.85,17225,16884.4,16877.9,340.599
27.86,17300,16883.6,16877.2,416.36
27.87,17450,16882.9,16876.4,567.121
27.88,17475,16882.1,16875.7,592.882
27.89,17125,16881.4,16874.9,243.643
27.9,16650,16880.6,16874.2,-230.595
27.91,16525,16879.8,16873.4,-354.834
27.92,16075,16879.1,16872.7,-804.072
27.93,16000,16878.3,16871.9,-878.31
27.94,18450,16877.5,16871.2,1572.45
27.95,15800,16876.8,16870.4,-1076.79
27.96,16750,16876,16869.7,-126.023
27.97,16300,16875.3,16869,-575.26
27.98,17300,16874.5,16868.2,425.503
27.99,16875,16873.7,16867.5,1.2657
28,18150,16873,16866.7,1277.03
28.01,16800,16872.2,16866,-72.2078
28.02,17375,16871.4,16865.2,503.556
28.03,17175,16870.7,16864.5,304.319
28.04,17850,16869.9,16863.7,980.083
28.05,18125,16869.2,16863,1255.85
28.06,17700,16868.4,16862.2,831.611
28.07,16600,16867.6,16861.4,-267.624
28.08,16675,16866.9,16860.7,-191.86
28.09,16950,16866.1,16859.9,83.9045
28.1,16775,16865.3,16859.2,-90.3307
28.11,16250,16864.6,16858.4,-614.566
28.12,17000,16863.8,16857.7,136.199
28.13,17550,16863,16856.9,686.964
28.14,17400,16862.3,16856.2,537.73
28.15,18400,16861.5,16855.4,1538.5
28.16,17100,16860.7,16854.7,239.261
28.17,17300,16860,16853.9,440.026
28.18,16725,16859.2,16853.2,-134.208
28.19,16350,16858.4,16852.4,-508.442
28.2,16425,16857.7,16851.6,-432.676
28.21,16975,16856.9,16850.9,118.091
28.22,16150,16856.1,16850.1,-706.143
28.23,16575,16855.4,16849.4,-280.377
28.24,16325,16854.6,16848.6,-529.61
28.25,16700,16853.8,16847.9,-153.843
28.26,16875,16853.1,16847.1,21.9236
28.27,17175,16852.3,16846.3,322.691
28.28,15975,16851.5,16845.6,-876.542
28.29,17275,16850.8,16844.8,424.225
28.3,16800,16850,16844.1,-50.0077
28.31,17600,16849.2,16843.3,750.76
28.32,16275,16848.5,16842.6,-573.473
28.33,16775,16847.7,16841.8,-72.7051
28.34,16800,16846.9,16841,-46.9373
28.35,15775,16846.2,16840.3,-1071.17
28.36,17325,16845.4,16839.5,479.599
28.37,17275,16844.6,16838.8,430.367
28.38,17050,16843.9,16838,206.135
28.39,17000,16843.1,16837.2,156.903
28.4,17050,16842.3,16836.5,207.671
28.41,16725,16841.6,16835.7,-116.56
28.42,16775,16840.8,16834.9,-65.7915
28.43,16800,16840,16834.2,-40.0229
28.44,16775,16839.3,16833.4,-64.2541
28.45,17225,16838.5,16832.7,386.515
28.46,16275,16837.7,16831.9,-562.716
28.47,17225,16836.9,16831.1,388.053
28.48,16625,16836.2,16830.4,-211.178
28.49,15750,16835.4,16829.6,-1085.41
28.5,16300,16834.6,16828.8,-534.64
28.51,16850,16833.9,16828.1,16.1293
28.52,16300,16833.1,16827.3,-533.101
28.53,17800,16832.3,16826.6,967.668
28.54,17200,16831.6,16825.8,368.438
28.55,16300,16830.8,16825,-530.793
28.56,17125,16830,16824.3,294.977
28.57,17600,16829.3,16823.5,770.747
28.58,15700,16828.5,16822.7,-1128.48
28.59,17625,16827.7,16822,797.286
28.6,16600,16826.9,16821.2,-226.944
28.61,16725,16826.2,16820.4,-101.174
28.62,17275,16825.4,16819.7,449.596
28.63,16575,16824.6,16818.9,-249.634
28.64,16650,16823.9,16818.1,-173.864
28.65,18525,16823.1,16817.4,1701.91
28.66,17275,16822.3,16816.6,452.676
28.67,18050,16821.6,16815.8,1228.45
28.68,17500,16820.8,16815.1,679.217
28.69,17275,16820,16814.3,454.987
28.7,17950,16819.2,16813.5,1130.76
28.71,16525,16818.5,16812.8,-293.473
28.72,16050,16817.7,16812,-767.702
28.73,16900,16816.9,16811.2,83.0683
28.74,16450,16816.2,16810.5,-366.161
28.75,16800,16815.4,16809.7,-15.3909
28.76,17325,16814.6,16808.9,510.38
28.77,17075,16813.8,16808.2,261.15
28.78,15800,16813.1,16807.4,-1013.08
28.79,16175,16812.3,16806.6,-637.309
28.8,17425,16811.5,16805.9,613.462
28.81,17275,16810.8,16805.1,464.232
28.82,17225,16810,16804.3,415.003
28.83,16475,16809.2,16803.5,-334.227
28.84,17075,16808.5,16802.8,266.544
28.85,16425,16807.7,16802,-382.686
28.86,15775,16806.9,16801.2,-1031.92
28.87,16275,16806.1,16800.5,-531.145
28.88,16250,16805.4,16799.7,-555.374
28.89,18225,16804.6,16798.9,1420.4
28.9,16350,16803.8,16798.2,-453.833
28.91,18025,16803.1,16797.4,1221.94
28.92,17975,16802.3,16796.6,1172.71
28.93,17425,16801.5,16795.8,623.478
28.94,16550,16800.8,16795.1,-250.751
28.95,15775,16800,16794.3,-1024.98
28.96,16950,16799.2,16793.5,150.79
28.97,17050,16798.4,16792.8,251.56
28.98,17500,16797.7,16792,702.33
28.99,17050,16796.9,16791.2,253.101
29,16125,16796.1,16790.5,-671.129
29.01,16300,16795.4,16789.7,-495.359
29.02,17475,16794.6,16788.9,680.411
29.03,16925,16793.8,16788.1,131.182
29.04,17175,16793,16787.4,381.952
29.05,16425,16792.3,16786.6,-367.278
29.06,17200,16791.5,16785.8,408.492
29.07,17375,16790.7,16785.1,584.262
29.08,17375,16790,16784.3,585.032
29.09,17175,16789.2,16783.5,385.801
29.1,16175,16788.4,16782.7,-613.429
29.11,17325,16787.7,16782,537.341
29.12,15800,16786.9,16781.2,-986.889
29.13,16325,16786.1,16780.4,-461.12
29.14,16000,16785.4,16779.7,-785.35
29.15,17175,16784.6,16778.9,390.419
29.16,16575,16783.8,16778.1,-208.811
29.17,17300,16783,16777.3,516.958
29.18,17875,16782.3,16776.6,1092.73
29.19,15725,16781.5,16775.8,-1056.5
29.2,15500,16780.7,16775,-1280.73
29.21,17475,16780,16774.2,695.034
29.22,16425,16779.2,16773.5,-354.197
29.23,15900,16778.4,16772.7,-878.428
29.24,16075,16777.7,16771.9,-702.659
29.25,16625,16776.9,16771.2,-151.891
29.26,15375,16776.1,16770.4,-1401.12
29.27,15750,16775.4,16769.6,-1025.35
29.28,17400,16774.6,16768.8,625.415
29.29,15900,16773.8,16768.1,-873.817
29.3,15900,16773,16767.3,-873.049
29.31,17450,16772.3,16766.5,677.719
29.32,16575,16771.5,16765.7,-196.513
29.33,17100,16770.7,16765,329.254
29.34,16525,16770,16764.2,-244.978
29.35,18150,16769.2,16763.4,1380.79
29.36,17450,16768.4,16762.7,681.557
29.37,17350,16767.7,16761.9,582.324
29.38,16750,16766.9,16761.1,-16.9088
29.39,16225,16766.1,16760.3,-541.142
29.4,18050,16765.4,16759.6,1284.62
29.41,17175,16764.6,16758.8,410.392
29.42,16525,16763.8,16758,-238.842
29.43,17575,16763.1,16757.2,811.925
29.44,17300,16762.3,16756.5,537.691
29.45,17950,16761.5,16755.7,1188.46
29.46,16750,16760.8,16754.9,-10.7771
29.47,17150,16760,16754.2,389.989
29.48,16625,16759.2,16753.4,-134.246
29.49,16050,16758.5,16752.6,-708.48
29.5,16675,16757.7,16751.8,-82.7149
29.51,16950,16756.9,16751.1,193.05
29.52,17025,16756.2,16750.3,268.815
29.53,15900,16755.4,16749.5,-855.42
29.54,17125,16754.7,16748.7,370.345
29.55,18375,16753.9,16748,1621.11
29.56,17500,16753.1,16747.2,746.873
29.57,17725,16752.4,16746.4,972.637
29.58,16875,16751.6,16745.7,123.401
29.59,16675,16750.8,16744.9,-75.835
29.6,16200,16750.1,16744.1,-550.072
29.61,17375,16749.3,16743.3,625.692
29.62,16775,16748.5,16742.6,26.4549
29.63,16850,16747.8,16741.8,102.218
29.64,16750,16747,16741,2.98047
29.65,16350,16746.3,16740.2,-396.257
29.66,17275,16745.5,16739.5,529.505
29.67,17200,16744.7,16738.7,455.267
29.68,16125,16744,16737.9,-618.971
29.69,16750,16743.2,16737.2,6.79072
29.7,16225,16742.4,16736.4,-517.448
29.71,16575,16741.7,16735.6,-166.687
29.72,17375,16740.9,16734.8,634.074
29.73,17275,16740.2,16734.1,534.835
29.74,16025,16739.4,16733.3,-714.405
29.75,16775,16738.6,16732.5,36.3556
29.76,15925,16737.9,16731.8,-812.884
29.77,16450,16737.1,16731,-287.125
29.78,16550,16736.4,16730.2,-186.365
29.79,16200,16735.6,16729.4,-535.606
29.8,16125,16734.8,16728.7,-609.847
29.81,15975,16734.1,16727.9,-759.088
29.82,16450,16733.3,16727.1,-283.33
29.83,15450,16732.6,16726.4,-1282.57
29.84,16025,16731.8,16725.6,-706.814
29.85,16075,16731.1,16724.8,-656.056
29.86,17550,16730.3,16724,819.701
29.87,17025,16729.5,16723.3,295.458
29.88,17625,16728.8,16722.5,896.215
29.89,17550,16728,16721.7,821.972
29.9,17425,16727.3,16721,697.728
29.91,17350,16726.5,16720.2,623.484
29.92,17500,16725.8,16719.4,774.239
29.93,16575,16725,16718.7,-150.005
29.94,17550,16724.3,16717.9,825.75
29.95,17175,16723.5,16717.1,451.504
29.96,16650,16722.7,16716.3,-72.7411
29.97,16550,16722,16715.6,-171.987
29.98,16250,16721.2,16714.8,-471.233
29.99,16400,16720.5,16714,-320.48
30,17100,16719.7,16713.3,380.273
30.01,16250,16719,16712.5,-468.974
30.02,15700,16718.2,16711.7,-1018.22
30.03,16300,16717.5,16711,-417.469
30.04,16325,16716.7,16710.2,-391.718
30.05,16300,16716,16709.4,-415.966
30.06,16350,16715.2,16708.7,-365.215
30.07,15550,16714.5,16707.9,-1164.46
30.08,17050,16713.7,16707.1,336.286
30.09,16175,16713,16706.4,-537.964
30.1,16725,16712.2,16705.6,12.7859
30.11,16400,16711.5,16704.8,-311.465
30.12,16025,16710.7,16704.1,-685.716
30.13,17200,16710,16703.3,490.033
30.14,17425,16709.2,16702.5,715.781
30.15,17100,16708.5,16701.8,391.529
30.16,16200,16707.7,16701,-507.724
30.17,16575,16707,16700.2,-131.977
30.18,16225,16706.2,16699.5,-481.23
30.19,16500,16705.5,16698.7,-205.484
30.2,17825,16704.7,16697.9,1120.26
30.21,17075,16704,16697.2,371.007
30.22,17025,16703.2,16696.4,321.752
30.23,17350,16702.5,16695.6,647.497
30.24,15700,16701.8,16694.9,-1001.76
30.25,16400,16701,16694.1,-301.016
30.26,17750,16700.3,16693.3,1049.73
30.27,16275,16699.5,16692.6,-424.529
30.28,16675,16698.8,16691.8,-23.7871
30.29,16150,16698,16691,-548.045
30.3,16800,16697.3,16690.3,102.696
30.31,16350,16696.6,16689.5,-346.563
30.32,17000,16695.8,16688.7,304.178
30.33,16225,16695.1,16688,-470.082
30.34,16500,16694.3,16687.2,-194.342
30.35,16475,16693.6,16686.5,-218.603
30.36,17275,16692.9,16685.7,582.136
30.37,16875,16692.1,16684.9,182.874
30.38,16875,16691.4,16684.2,183.612
30.39,16550,16690.7,16683.4,-140.651
30.4,15575,16689.9,16682.6,-1114.91
30.41,17775,16689.2,16681.9,1085.82
30.42,17650,16688.4,16681.1,961.558
30.43,16800,16687.7,16680.4,112.293
30.44,16000,16687,16679.6,-686.972
30.45,17125,16686.2,16678.8,438.762
30.46,16925,16685.5,16678.1,239.496
30.47,17525,16684.8,16677.3,840.229
30.48,16175,16684,16676.5,-509.039
30.49,17200,16683.3,16675.8,516.693
30.5,17125,16682.6,16675,442.425
30.51,16625,16681.8,16674.3,-56.8442
30.52,16625,16681.1,16673.5,-56.1139
30.53,16800,16680.4,16672.7,119.616
30.54,16800,16679.7,16672,120.345
30.55,17225,16678.9,16671.2,546.074
30.56,17625,16678.2,16670.5,946.802
30.57,16625,16677.5,16669.7,-52.4707
30.58,16925,16676.7,16669,248.256
30.59,17375,16676,16668.2,698.982
30.6,16225,16675.3,16667.4,-450.292
30.61,16275,16674.6,16666.7,-399.567
30.62,16950,16673.8,16665.9,276.158
30.63,18000,16673.1,16665.2,1326.88
30.64,16525,16672.4,16664.4,-147.395
30.65,15900,16671.7,16663.6,-771.673
30.66,16625,16671,16662.9,-45.9511
30.67,17775,16670.2,16662.1,1104.77
30.68,16925,16669.5,16661.4,255.491
30.69,16725,16668.8,16660.6,56.2105
30.7,16425,16668.1,16659.9,-243.07
30.71,16025,16667.4,16659.1,-642.352
30.72,16950,16666.6,16658.4,283.366
30.73,16050,16665.9,16657.6,-615.917
30.74,17400,16665.2,16656.8,734.799
30.75,16550,16664.5,16656.1,-114.485
30.76,16925,16663.8,16655.3,261.23
30.77,16400,16663.1,16654.6,-263.056
30.78,16275,16662.3,16653.8,-387.342
30.79,16000,16661.6,16653.1,-661.629
30.8,15325,16660.9,16652.3,-1335.92
30.81,15875,16660.2,16651.6,-785.206
30.82,16800,16659.5,16650.8,140.504
30.83,16675,16658.8,16650.1,16.2139
30.84,17450,16658.1,16649.3,791.923
30.85,17150,16657.4,16648.6,492.631
30.86,16325,16656.7,16647.8,-331.662
30.87,16950,16656,16647.1,294.045
30.88,16300,16655.2,16646.3,-355.25
30.89,15975,16654.5,16645.6,-679.545
30.9,16450,16653.8,16644.8,-203.841
30.91,16500,16653.1,16644.1,-153.138
30.92,17525,16652.4,16643.3,872.565
30.93,16550,16651.7,16642.6,-101.734
30.94,16100,16651,16641.8,-551.034
30.95,16500,16650.3,16641.1,-150.334
30.96,15975,16649.6,16640.3,-674.635
30.97,15625,16648.9,16639.6,-1023.94
30.98,16300,16648.2,16638.8,-348.24
30.99,14550,16647.5,16638.1,-2097.54
31,16025,16646.8,16637.3,-621.85
31.01,16250,16646.2,16636.6,-396.155
31.02,16750,16645.5,16635.8,104.538
31.03,17925,16644.8,16635.1,1280.23
31.04,17350,16644.1,16634.3,705.921
31.05,16475,16643.4,16633.6,-168.389
31.06,16275,16642.7,16632.9,-367.7
31.07,16325,16642,16632.1,-317.012
31.08,16525,16641.3,16631.4,-116.325
31.09,17175,16640.6,16630.6,534.361
31.1,16125,16640,16629.9,-514.954
31.11,15500,16639.3,16629.1,-1139.27
31.12,16950,16638.6,16628.4,311.413
31.13,16325,16637.9,16627.7,-312.905
31.14,17050,16637.2,16626.9,412.775
31.15,17725,16636.5,16626.2,1088.45
31.16,17425,16635.9,16625.4,789.133
31.17,16625,16635.2,16624.7,-10.19
31.18,16225,16634.5,16623.9,-409.514
31.19,15875,16633.8,16623.2,-758.839
31.2,16325,16633.2,16622.5,-308.166
31.21,17025,16632.5,16621.7,392.507
31.22,16775,16631.8,16621,143.178
31.23,16775,16631.2,16620.2,143.848
31.24,15500,16630.5,16619.5,-1130.48
31.25,17200,16629.8,16618.8,570.183
31.26,17925,16629.2,16618,1295.85
31.27,17100,16628.5,16617.3,471.514
31.28,16900,16627.8,16616.6,272.177
31.29,16575,16627.2,16615.8,-52.1606
31.3,16750,16626.5,16615.1,123.5
31.31,16350,16625.8,16614.3,-275.841
31.32,16400,16625.2,16613.6,-225.183
31.33,17375,16624.5,16612.9,750.473
31.34,17200,16623.9,16612.1,576.128
31.35,15725,16623.2,16611.4,-898.218
31.36,16950,16622.6,16610.7,327.434
31.37,16800,16621.9,16609.9,178.084
31.38,16625,16621.3,16609.2,3.73293
31.39,16025,16620.6,16608.5,-595.62
31.4,16675,16620,16607.7,55.026
31.41,15400,16619.3,16607,-1219.33
31.42,16525,16618.7,16606.3,-93.6874
31.43,16875,16618,16605.5,256.954
31.44,17075,16617.4,16604.8,457.593
31.45,16075,16616.8,16604.1,-541.77
31.46,16550,16616.1,16603.3,-66.1341
31.47,16300,16615.5,16602.6,-315.5
31.48,16500,16614.9,16601.9,-114.868
31.49,16250,16614.2,16601.1,-364.238
31.5,16500,16613.6,16600.4,-113.609
31.51,16725,16613,16599.7,112.018
31.52,16100,16612.4,16599,-512.358
31.53,16925,16611.7,16598.2,313.265
31.54,16975,16611.1,16597.5,363.886
31.55,16050,16610.5,16596.8,-560.495
31.56,16625,16609.9,16596.1,15.1221
31.57,16050,16609.3,16595.3,-559.263
31.58,16525,16608.7,16594.6,-83.6504
31.59,17500,16608,16593.9,891.96
31.6,16200,16607.4,16593.1,-407.431
31.61,17300,16606.8,16592.4,693.175
31.62,16650,16606.2,16591.7,43.779
31.63,16450,16605.6,16591,-155.619
31.64,16750,16605,16590.3,144.98
31.65,17350,16604.4,16589.5,745.577
31.66,16900,16603.8,16588.8,296.172
31.67,16150,16603.2,16588.1,-453.236
31.68,16050,16602.6,16587.4,-552.646
31.69,16250,16602.1,16586.6,-352.059
31.7,17350,16601.5,16585.9,748.526
31.71,17200,16600.9,16585.2,599.108
31.72,15425,16600.3,16584.5,-1175.31
31.73,15475,16599.7,16583.8,-1124.74
31.74,15775,16599.2,16583,-824.162
31.75,16225,16598.6,16582.3,-373.59
31.76,16625,16598,16581.6,26.9779
31.77,17525,16597.5,16580.9,927.543
31.78,15850,16596.9,16580.2,-746.894
31.79,17000,16596.3,16579.4,403.665
31.8,16575,16595.8,16578.7,-20.7785
31.81,16650,16595.2,16578,54.7746
31.82,16250,16594.7,16577.3,-344.675
31.83,16950,16594.1,16576.6,355.871
31.84,16450,16593.6,16575.9,-143.585
31.85,17225,16593,16575.2,631.955
31.86,16300,16592.5,16574.4,-292.509
31.87,16575,16592,16573.7,-16.9761
31.88,16925,16591.4,16573,333.553
31.89,17550,16590.9,16572.3,959.079
31.9,16275,16590.4,16571.6,-315.399
31.91,17200,16589.9,16570.9,610.119
31.92,16100,16589.4,16570.2,-489.367
31.93,16175,16588.9,16569.5,-413.857
31.94,16725,16588.4,16568.7,136.649
31.95,18175,16587.8,16568,1587.15
31.96,16925,16587.4,16567.3,337.648
31.97,16600,16586.9,16566.6,13.1409
31.98,16050,16586.4,16565.9,-536.371
31.99,16750,16585.9,16565.2,164.113
32,16500,16585.4,16564.5,-85.4072
32.01,17425,16584.9,16563.8,840.067
32.02,16250,16584.5,16563.1,-334.463
32.03,16725,16584,16562.4,141.002
32.04,15625,16583.5,16561.7,-958.539
32.05,16725,16583.1,16561,141.915
32.06,16950,16582.6,16560.3,367.364
32.07,15825,16582.2,16559.5,-757.192
32.08,16675,16581.8,16558.8,93.2454
32.09,17700,16581.3,16558.1,1118.68
32.1,16700,16580.9,16557.4,119.103
32.11,16475,16580.5,16556.7,-105.477
32.12,16425,16580.1,16556,-155.063
32.13,17150,16579.7,16555.3,570.345
32.14,16725,16579.3,16554.6,145.746
32.15,16625,16578.9,16553.9,46.1397
32.16,17275,16578.5,16553.2,696.527
32.17,17325,16578.1,16552.5,746.907
32.18,17725,16577.7,16551.8,1147.28
32.19,17450,16577.4,16551.1,872.646
32.2,17125,16577,16550.4,548.004
32.21,17400,16576.6,16549.7,823.354
32.22,17225,16576.3,16549,648.696
32.23,16950,16576,16548.3,374.03
32.24,16675,16575.6,16547.6,99.3553
32.25,16900,16575.3,16546.9,324.672
32.26,16500,16575,16546.3,-75.0204
32.27,18025,16574.7,16545.6,1450.28
32.28,16050,16574.4,16544.9,-524.433
32.29,16275,16574.2,16544.2,-299.154
32.3,16625,16573.9,16543.5,51.1152
32.31,17600,16573.6,16542.8,1026.37
32.32,15650,16573.4,16542.1,-923.378
32.33,17150,16573.1,16541.4,576.859
32.34,15775,16572.9,16540.7,-797.915
32.35,16900,16572.7,16540,327.299
32.36,16625,16572.5,16539.3,52.5014
32.37,18300,16572.3,16538.6,1727.69
32.38,16250,16572.1,16538,-322.132
32.39,16275,16572,16537.3,-296.968
32.4,16325,16571.8,16536.6,-246.818
32.41,17075,16571.7,16535.9,503.319
32.42,15725,16571.6,16535.2,-846.56
32.43,15800,16571.5,16534.5,-771.453
32.44,17050,16571.4,16533.8,478.639
32.45,16950,16571.3,16533.1,378.714
32.46,16800,16571.2,16532.5,228.773
32.47,16925,16571.2,16531.8,353.815
32.48,17325,16571.2,16531.1,753.839
32.49,15875,16571.2,16530.4,-696.155
32.5,15450,16571.2,16529.7,-1121.17
32.51,16300,16571.2,16529,-271.2
32.52,17225,16571.3,16528.4,653.747
32.53,16675,16571.3,16527.7,103.674
32.54,17650,16571.4,16527,1078.58
32.55,16975,16571.5,16526.3,403.46
32.56,16300,16571.7,16525.6,-271.681
32.57,15425,16571.8,16525,-1146.85
32.58,16550,16572,16524.3,-22.0376
32.59,15375,16572.3,16523.6,-1197.25
32.6,17025,16572.5,16522.9,452.501
32.61,18250,16572.8,16522.3,1677.23
32.62,16475,16573.1,16521.6,-98.0725
32.63,16700,16573.4,16520.9,126.595
32.64,16350,16573.8,16520.2,-223.768
32.65,16425,16574.2,16519.6,-149.165
32.66,16875,16574.6,16518.9,300.403
32.67,16900,16575.1,16518.2,324.936
32.68,17700,16575.6,16517.5,1124.43
32.69,16525,16576.1,16516.9,-51.1119
32.7,16200,16576.7,16516.2,-376.696
32.71,16550,16577.3,16515.5,-27.3233
32.72,16300,16578,16514.8,-277.995
32.73,16200,16578.7,16514.2,-378.714
32.74,16450,16579.5,16513.5,-129.481
32.75,17400,16580.3,16512.8,819.699
32.76,17750,16581.2,16512.2,1168.83
32.77,17000,16582.1,16511.5,417.893
32.78,15550,16583.1,16510.8,-1033.1
32.79,16475,16584.2,16510.2,-109.157
32.8,15575,16585.3,16509.5,-1010.28
32.81,16900,16586.5,16508.8,313.514
32.82,16800,16587.8,16508.2,212.232
32.83,16975,16589.1,16507.5,385.864
32.84,17350,16590.6,16506.8,759.401
32.85,17450,16592.2,16506.2,857.833
32.86,16075,16593.8,16505.5,-518.848
32.87,16675,16595.7,16504.9,79.3423
32.88,16975,16597.6,16504.2,377.39
32.89,16150,16599.7,16503.5,-449.723
32.9,17025,16602,16502.9,422.981
32.91,16000,16604.5,16502.2,-604.523
32.92,17050,16607.3,16501.6,442.733
32.93,16225,16610.3,16500.9,-385.288
32.94,17300,16613.6,16500.2,686.37
32.95,16900,16617.3,16499.6,282.656
32.96,16700,16621.5,16498.9,78.5067
32.97,16875,16626.2,16498.3,248.849
32.98,16425,16631.4,16497.6,-206.403
32.99,17650,16637.4,16497,1012.65
33,17125,16644.1,16496.3,480.887
33.01,17200,16651.8,16495.6,548.174
33.02,16975,16660.7,16495,314.349
33.03,16725,16670.8,16494.3,54.2304
33.04,16050,16682.4,16493.7,-632.394
33.05,16700,16695.8,16493,4.23685
33.06,17550,16711.2,16492.4,838.85
33.07,17400,16728.9,16491.7,671.139
33.08,17025,16749.2,16491.1,275.758
33.09,16800,16772.7,16490.4,27.3258
33.1,17225,16799.6,16489.8,425.417
33.11,16950,16830.4,16489.1,119.565
33.12,16325,16865.7,16488.5,-540.74
33.13,16550,16906,16487.8,-356.049
33.14,15825,16952,16487.2,-1126.96
33.15,16350,17004.1,16486.6,-654.093
33.16,16425,17063.1,16485.9,-638.128
33.17,16400,17129.8,16485.3,-729.762
33.18,17225,17204.7,16484.6,20.2803
33.19,17150,17288.7,16484,-138.743
33.2,16000,17382.6,16483.3,-1382.58
33.21,17875,17487,16482.7,388.012
33.22,17425,17602.7,16482.1,-177.693
33.23,16925,17730.4,16481.4,-805.404
33.24,16875,17870.8,16480.8,-995.781
33.25,16725,18024.4,16480.1,-1299.43
33.26,16850,18191.9,16479.5,-1341.87
33.27,16750,18373.5,16478.9,-1623.54
33.28,16050,18569.7,16478.2,-2519.75
33.29,16350,18780.7,16477.6,-2430.68
33.3,16900,19006.4,16476.9,-2106.37
33.31,16325,19246.7,16476.3,-2921.69
33.32,17525,19501.3,16475.7,-1976.31
33.33,17175,19769.7,16475,-2594.72
33.34,16775,20051.2,16474.4,-3276.2
33.35,16600,20344.8,16473.8,-3744.79
33.36,17550,20649.3,16473.1,-3099.33
33.37,17175,20963.4,16472.5,-3788.39
33.38,17800,21285.4,16471.9,-3485.35
33.39,17900,21613.3,16471.3,-3713.33
33.4,18800,21945.2,16470.6,-3145.22
33.41,19125,22278.7,16470,-3153.71
33.42,18575,22611.3,16469.4,-4036.3
33.43,18600,22940.3,16468.7,-4340.27
33.44,18500,23262.8,16468.1,-4762.77
33.45,18575,23575.8,16467.5,-5000.83
33.46,19125,23876.4,16466.9,-4751.37
33.47,19775,24161.3,16466.2,-4386.27
33.48,19175,24427.5,16465.6,-5252.45
33.49,20725,24671.9,16465,-3946.87
33.5,21375,24891.6,16464.4,-3516.65
33.51,20550,25084.1,16463.7,-4534.11
33.52,21350,25246.9,16463.1,-3896.87
33.53,22150,25377.9,16462.5,-3227.89
33.54,22200,25475.5,16461.9,-3275.53
33.55,22300,25538.6,16461.3,-3238.6
33.56,23825,25566.4,16460.6,-1741.37
33.57,22650,25558.6,16460,-2908.61
33.58,23875,25515.5,16459.4,-1640.52
33.59,23050,25437.8,16458.8,-2387.79
33.6,23850,25326.5,16458.2,-1476.51
33.61,23625,25183.1,16457.5,-1558.15
33.62,23925,25009.5,16456.9,-1084.54
33.63,21700,24807.8,16456.3,-3107.83
33.64,23625,24580.4,16455.7,-955.415
33.65,22300,24329.9,16455.1,-2029.93
33.66,23100,24059.2,16454.5,-959.178
33.67,20950,23771.1,16453.9,-2821.06
33.68,22125,23468.6,16453.3,-1343.55
33.69,20150,23154.7,16452.6,-3004.65
33.7,20800,22832.3,16452,-2032.3
33.71,20850,22504.4,16451.4,-1654.37
33.72,19300,22173.6,16450.8,-2873.61
33.73,19150,21842.6,16450.2,-2692.62
33.74,17750,21513.8,16449.6,-3763.79
33.75,18950,21189.4,16449,-2239.37
33.76,18500,20871.3,16448.4,-2371.33
33.77,18000,20561.5,16447.8,-2561.47
33.78,16775,20261.3,16447.2,-3486.32
33.79,18125,19972.2,16446.6,-1847.21
33.8,18725,19695.2,16446,-970.221
33.81,16500,19431.2,16445.4,-2931.22
33.82,18400,19180.9,16444.8,-780.875
33.83,17200,18944.6,16444.2,-1744.63
33.84,18350,18722.7,16443.6,-372.741
33.85,17300,18515.3,16443,-1215.31
33.86,16950,18322.3,16442.4,-1372.27
33.87,17425,18143.4,16441.8,-718.418
33.88,16700,17978.4,16441.2,-1278.42
33.89,17075,17826.8,16440.6,-751.838
33.9,16350,17688.2,16440,-1338.16
33.91,17600,17561.8,16439.4,38.2109
33.92,17100,17447.1,16438.8,-347.083
33.93,18050,17343.4,16438.2,706.644
33.94,18000,17249.9,16437.6,750.1
33.95,16950,17166,16437,-215.994
33.96,17500,17090.9,16436.4,409.084
33.97,16600,17024,16435.8,-423.953
33.98,17525,16964.4,16435.2,560.589
33.99,16450,16911.6,16434.6,-461.618
34,17225,16864.9,16434,360.066
34.01,17425,16823.8,16433.5,601.249
34.02,16900,16787.5,16432.9,112.499
34.03,16325,16755.7,16432.3,-430.654
34.04,17225,16727.7,16431.7,497.279
34.05,17050,16703.3,16431.1,346.746
34.06,16475,16681.8,16430.5,-206.843
34.07,17875,16663.1,16429.9,1211.88
34.08,16600,16646.8,16429.4,-46.7584
34.09,16925,16632.5,16428.8,292.541
34.1,15900,16620,16428.2,-719.963
34.11,16000,16609,16427.6,-609.043
34.12,16775,16599.5,16427,175.499
34.13,16800,16591.2,16426.4,208.833
34.14,17375,16583.9,16425.9,791.105
34.15,16900,16577.6,16425.3,322.434
34.16,17400,16572.1,16424.7,827.921
34.17,17950,16567.4,16424.1,1382.65
34.18,16850,16563.3,16423.6,286.667
34.19,17200,16560,16423,640.03
34.2,16875,16557.2,16422.4,317.763
34.21,16575,16555.1,16421.8,19.879
34.22,16925,16553.6,16421.3,371.377
34.23,17450,16552.8,16420.7,897.241
34.24,16800,16552.6,16420.1,247.446
34.25,16775,16553.1,16419.5,221.95
34.26,16725,16554.3,16419,170.702
34.27,16700,16556.4,16418.4,143.637
34.28,17450,16559.3,16417.8,890.679
34.29,16725,16563.3,16417.3,161.742
34.3,17500,16568.3,16416.7,931.726
34.31,16850,16574.5,16416.1,275.522
34.32,18325,16582,16415.6,1743.01
34.33,17650,16590.9,16415,1059.06
34.34,17450,16601.5,16414.4,848.544
34.35,16650,16613.7,16413.9,36.3042
34.36,18625,16627.8,16413.3,1997.19
34.37,17425,16643.9,16412.7,781.056
34.38,18850,16662.3,16412.2,2187.73
34.39,17875,16682.9,16411.6,1192.07
34.4,16300,16706.1,16411,-406.105
34.41,18525,16731.9,16410.5,1793.07
34.42,17375,16760.6,16409.9,614.446
34.43,17500,16792.1,16409.4,707.889
34.44,17200,16826.7,16408.8,373.28
34.45,17150,16864.5,16408.2,285.519
34.46,17350,16905.5,16407.7,444.529
34.47,17500,16949.7,16407.1,550.258
34.48,17500,16997.3,16406.6,502.683
34.49,18600,17048.2,16406,1551.82
34.5,19075,17102.3,16405.5,1972.71
34.51,18475,17159.6,16404.9,1315.44
34.52,17625,17219.8,16404.4,405.156
34.53,18475,17283,16403.8,1192.02
34.54,19200,17348.7,16403.3,1851.27
34.55,18725,17416.8,16402.7,1308.16
34.56,21325,17487,16402.2,3838.02
34.57,19925,17558.8,16401.6,2366.21
34.58,20525,17631.9,16401.1,2893.15
34.59,19650,17705.7,16400.5,1944.3
34.6,20125,17779.8,16400,2345.16
34.61,19900,17853.7,16399.4,2046.26
34.62,20400,17926.8,16398.9,2473.18
34.63,20500,17998.5,16398.3,2501.53
34.64,20050,18068.1,16397.8,1981.92
34.65,18500,18135,16397.3,364.981
34.66,21675,18198.6,16396.7,3476.37
34.67,20425,18258.3,16396.2,2166.71
34.68,20450,18313.4,16395.6,2136.62
34.69,18375,18363.3,16395.1,11.7001
34.7,19150,18407.5,16394.6,742.5
34.71,18400,18445.5,16394,-45.481
34.72,17875,18476.8,16393.5,-601.807
34.73,18400,18501.1,16392.9,-101.113
34.74,17575,18518.1,16392.4,-943.118
34.75,18475,18527.6,16391.9,-52.6259
34.76,18200,18529.5,16391.3,-329.532
34.77,17525,18523.8,16390.8,-998.821
34.78,17300,18510.6,16390.3,-1210.57
34.79,18350,18489.9,16389.7,-139.933
34.8,17025,18462.2,16389.2,-1437.15
34.81,17325,18427.6,16388.7,-1102.55
34.82,17325,18386.5,16388.1,-1061.5
34.83,18200,18339.5,16387.6,-139.457
34.84,17700,18286.9,16387.1,-586.911
34.85,17775,18229.4,16386.6,-454.406
34.86,17275,18167.5,16386,-892.52
34.87,16750,18101.9,16385.5,-1351.85
34.88,16800,18033,16385,-1233.02
34.89,16975,17961.6,16384.5,-986.641
34.9,17050,17888.3,16383.9,-838.337
34.91,18300,17813.7,16383.4,486.292
34.92,17700,17738.3,16382.9,-38.3379
34.93,17750,17662.8,16382.4,87.2184
34.94,17625,17587.6,16381.9,37.4392
34.95,17075,17513.2,16381.3,-438.16
34.96,15975,17440,16380.8,-1465.02
34.97,16125,17368.5,16380.3,-1243.54
34.98,16325,17299.1,16379.8,-974.068
34.99,16725,17231.9,16379.3,-506.913
35,18325,17167.3,16378.7,1157.67
35.01,17750,17105.5,16378.2,644.47
35.02,16850,17046.7,16377.7,-196.678
35.03,17550,16990.9,16377.2,559.103
35.04,16975,16938.3,16376.7,36.7338
35.05,17625,16888.8,16376.2,736.171
35.06,16625,16842.6,16375.7,-217.593
35.07,17150,16799.5,16375.2,350.468
35.08,16075,16759.6,16374.6,-684.595
35.09,17000,16722.7,16374.1,277.297
35.1,16600,16688.8,16373.6,-88.7566
35.11,16625,16657.6,16373.1,-32.6401
35.12,16850,16629.2,16372.6,220.777
35.13,17100,16603.4,16372.1,496.637
35.14,17075,16579.9,16371.6,495.088
35.15,16850,16558.7,16371.1,291.285
35.16,17300,16539.6,16370.6,760.383
35.17,16750,16522.5,16370.1,227.54
35.18,17300,16507.1,16369.6,792.908
35.19,17275,16493.4,16369.1,781.64
35.2,16875,16481.1,16368.6,393.88
35.21,16125,16470.2,16368.1,-345.233
35.22,16225,16460.6,16367.6,-235.566
35.23,16600,16452,16367.1,148.004
35.24,16475,16444.4,16366.6,30.5946
35.25,18125,16437.7,16366.1,1687.31
35.26,17075,16431.7,16365.6,643.256
35.27,17300,16426.5,16365.1,873.517
35.28,16200,16421.8,16364.6,-221.822
35.29,16700,16417.7,16364.1,282.312
35.3,17000,16414,16363.6,585.986
35.31,16650,16410.7,16363.1,239.261
35.32,16875,16407.8,16362.6,467.19
35.33,16325,16405.2,16362.2,-80.181
35.34,16550,16402.8,16361.7,147.19
35.35,15750,16400.7,16361.2,-650.662
35.36,16075,16398.7,16360.7,-323.704
35.37,16000,16396.9,16360.2,-396.91
35.38,16125,16395.3,16359.7,-270.255
35.39,17025,16393.7,16359.2,631.28
35.4,16900,16392.3,16358.8,507.713
35.41,17200,16390.9,16358.3,809.058
35.42,16900,16389.7,16357.8,510.328
35.43,18175,16388.5,16357.3,1786.53
35.44,16850,16387.3,16356.8,462.685
35.45,17350,16386.2,16356.3,963.788
35.46,16175,16385.2,16355.9,-210.15
35.47,16475,16384.1,16355.4,90.8753
35.48,16875,16383.1,16354.9,491.87
35.49,15875,16382.2,16354.4,-507.164
35.5,16575,16381.2,16354,193.778
35.51,15850,16380.3,16353.5,-530.302
35.52,16725,16379.4,16353,345.597
35.53,17375,16378.5,16352.5,996.479
35.54,17000,16377.7,16352.1,622.345
35.55,17075,16376.8,16351.6,698.195
35.56,15150,16376,16351.1,-1225.97
35.57,17075,16375.1,16350.6,699.855
35.58,16300,16374.3,16350.2,-74.3339
35.59,17550,16373.5,16349.7,1176.47
35.6,16950,16372.7,16349.2,577.254
35.61,17200,16372,16348.8,828.033
35.62,16225,16371.2,16348.3,-146.199
35.63,16600,16370.4,16347.8,229.56
35.64,16225,16369.7,16347.4,-144.689
35.65,17100,16368.9,16346.9,731.052
35.66,16900,16368.2,16346.4,531.785
35.67,15675,16367.5,16346,-692.49
35.68,16425,16366.8,16345.5,58.2276
35.69,16975,16366.1,16345.1,608.937
35.7,16500,16365.4,16344.6,134.64
35.71,15975,16364.7,16344.1,-389.664
35.72,16875,16364,16343.7,511.025
35.73,17350,16363.3,16343.2,986.707
35.74,16175,16362.6,16342.8,-187.617
35.75,17625,16361.9,16342.3,1263.05
35.76,16900,16361.3,16341.8,538.717
35.77,16300,16360.6,16341.4,-60.6255
35.78,16350,16360,16340.9,-9.97319
35.79,16800,16359.3,16340.5,440.674
35.8,17225,16358.7,16340,866.315
35.81,16025,16357.7,16339.6,-332.743
35.82,16500,16357.1,16339.1,142.888
35.83,17600,16356.5,16338.7,1243.51
35.84,17025,16355.9,16338.2,669.134
35.85,17100,16355.2,16337.8,744.75
35.86,17000,16354.6,16337.3,645.362
35.87,16525,16353.9,16336.9,171.121
35.88,16225,16353.3,16336.4,-128.276
35.89,16100,16352.7,16336,-252.678
35.9,16950,16352.1,16335.6,597.916
35.91,16875,16351.5,16335.1,523.506
35.92,15625,16350.9,16334.7,-725.909
35.93,16600,16350.3,16334.2,249.673
35.94,16850,16349.7,16333.8,500.251
35.95,16900,16349.2,16333.3,550.826
35.96,16425,16348.6,16332.9,76.3963
35.97,17325,16348,16332.5,976.963
35.98,16225,16347.5,16332,-122.473
35.99,16075,16346.9,16331.6,-271.913
36,15975,16346.4,16331.2,-371.356
36.01,15725,16345.8,16330.7,-620.803
36.02,16450,16345.3,16330.3,104.747
36.03,15775,16344.7,16329.9,-569.706
36.04,16325,16344.2,16329.4,-19.1621
36.05,16600,16343.6,16329,256.379
36.06,15850,16343.1,16328.6,-493.084
36.07,16800,16342.5,16328.1,457.451
36.08,17150,16342,16327.7,807.983
36.09,15900,16341.5,16327.3,-441.488
36.1,16425,16341,16326.9,84.0377
36.11,15975,16340.4,16326.4,-365.439
36.12,16700,16339.9,16326,360.081
36.13,17050,16339.4,16325.6,710.599
36.14,17100,16338.9,16325.2,761.114
36.15,16850,16338.4,16324.7,511.627
36.16,18125,16337.9,16324.3,1787.14
36.17,15600,16337.4,16323.9,-737.356
36.18,16225,16336.9,16323.5,-111.851
36.19,16675,16336.3,16323,338.652
36.2,16450,16335.8,16322.6,114.152
36.21,16300,16335.4,16322.2,-35.3505
36.22,17275,16334.9,16321.8,940.145
36.23,15700,16334.4,16321.4,-634.362
36.24,17700,16333.9,16321,1366.13
36.25,16475,16333.4,16320.5,141.617
36.26,15775,16332.9,16320.1,-557.897
36.27,16950,16332.4,16319.7,617.586
36.28,16250,16331.9,16319.3,-81.932
36.29,17100,16331.5,16318.9,768.548
36.3,17000,16331,16318.5,669.025
36.31,16050,16330.5,16318.1,-280.5
36.32,16350,16330,16317.7,19.9731
36.33,16675,16329.6,16317.3,345.444
36.34,17125,16329.1,16316.8,795.913
36.35,17225,16328.6,16316.4,896.38
36.36,16725,16328.2,16316,396.845
36.37,16900,16327.7,16315.6,572.308
36.38,17425,16327.2,16315.2,1097.77
36.39,17100,16326.8,16314.8,773.228
36.4,15400,16326.3,16314.4,-926.315
36.41,16350,16325.9,16314,24.1399
36.42,16775,16325.4,16313.6,449.593
36.43,17500,16325,16313.2,1175.04
36.44,16425,16324.5,16312.8,100.494
36.45,16425,16324.1,16312.4,100.942
36.46,15600,16323.6,16312,-723.613
36.47,17150,16323.2,16311.6,826.831
36.48,16700,16322.7,16311.2,377.274
36.49,16875,16322.3,16310.8,552.714
36.5,18000,16321.8,16310.4,1678.15
36.51,16975,16321.4,16310.1,653.589
36.52,16525,16321,16309.7,204.024
36.53,15475,16320.5,16309.3,-845.542
36.54,16050,16320.1,16308.9,-270.111
36.55,17275,16319.7,16308.5,955.319
36.56,16300,16319.3,16308.1,-19.2524
36.57,15550,16318.8,16307.7,-768.826
36.58,15825,16318.4,16307.3,-493.401
36.59,16200,16318,16306.9,-117.978
36.6,16725,16317.6,16306.6,407.444
36.61,16450,16317.1,16306.2,132.864
36.62,15225,16316.7,16305.8,-1091.72
36.63,15900,16316.3,16305.4,-416.301
36.64,16150,16315.9,16305,-165.886
36.65,16325,16315.5,16304.6,9.52703
36.66,16000,16315.1,16304.3,-315.061
36.67,17075,16314.7,16303.9,760.349
36.68,16500,16314.2,16303.5,185.758
36.69,16000,16313.8,16303.1,-313.835
36.7,15275,16313.4,16302.7,-1038.43
36.71,16325,16313,16302.4,11.9743
36.72,15500,16312.6,16302,-812.623
36.73,15725,16312.2,16301.6,-587.222
36.74,16950,16311.8,16301.2,638.177
36.75,16700,16311.4,16300.9,388.575
36.76,16875,16311,16300.5,563.971
36.77,16425,16310.6,16300.1,114.366
36.78,16075,16310.2,16299.8,-235.241
36.79,17400,16309.8,16299.4,1090.15
36.8,16675,16309.5,16299,365.541
36.81,16075,16309.1,16298.7,-234.07
36.82,16500,16308.7,16298.3,191.317
36.83,16525,16308.3,16297.9,216.703
36.84,16725,16307.9,16297.6,417.087
36.85,16250,16307.5,16297.2,-57.5301
36.86,16650,16307.1,16296.8,342.851
36.87,16200,16306.8,16296.5,-106.769
36.88,17525,16306.4,16296.1,1218.61
36.89,15600,16306,16295.7,-706.013
36.9,16650,16305.6,16295.4,344.362
36.91,15900,16305.3,16295,-405.264
36.92,16500,16304.9,16294.7,195.109
36.93,18575,16304.5,16294.3,2270.48
36.94,16225,16304.1,16294,-79.1498
36.95,17000,16303.8,16293.6,696.219
36.96,16450,16303.4,16293.2,146.586
36.97,17175,16303,16292.9,871.951
36.98,15350,16302.7,16292.5,-952.685
36.99,16450,16302.3,16292.2,147.678
37,16775,16302,16291.8,473.039
37.01,16050,16301.6,16291.5,-251.601
37.02,17050,16301.2,16291.1,748.758
37.03,17325,16300.9,16290.8,1024.11
37.04,16100,16300.5,16290.4,-200.53
37.05,17425,16300.2,16290.1,1124.82
37.06,17225,16299.8,16289.7,925.178
37.07,16850,16299.5,16289.4,550.529
37.08,15825,16299.1,16289.1,-474.121
37.09,15850,16298.8,16288.7,-448.772
37.1,16575,16298.4,16288.4,276.575
37.11,15425,16298.1,16288,-873.079
37.12,16950,16297.7,16287.7,652.266
37.13,16550,16297.4,16287.4,252.609
37.14,16500,16297,16287,202.951
37.15,16725,16296.7,16286.7,428.291
37.16,16800,16296.4,16286.3,503.63
37.17,16425,16296,16286,128.968
37.18,16300,16295.7,16285.7,4.30375
37.19,17600,16295.4,16285.3,1304.64
37.2,17375,16295,16285,1079.97
37.21,16250,16294.7,16284.7,-44.6958
37.22,17200,16294.4,16284.3,905.635
37.23,15550,16294,16284,-744.036
37.24,16025,16293.7,16283.7,-268.708
37.25,17975,16293.4,16283.3,1681.62
37.26,17125,16293.1,16283,831.944
37.27,17300,16292.7,16282.7,1007.27
37.28,14775,16292.4,16282.4,-1517.41
37.29,16350,16292.1,16282,57.9112
37.3,15875,16291.8,16281.7,-416.769
37.31,15575,16291.5,16281.4,-716.451
37.32,16775,16291.1,16281.1,483.866
37.33,16875,16290.8,16280.7,584.182
37.34,16725,16290.5,16280.4,434.496
37.35,16350,16290.2,16280.1,59.8085
37.36,15725,16289.9,16279.8,-564.88
37.37,16175,16289.6,16279.4,-114.57
37.38,16775,16289.3,16279.1,485.739
37.39,16275,16289,16278.8,-13.9543
37.4,16900,16288.6,16278.5,611.352
37.41,16475,16288.3,16278.2,186.656
37.42,16875,16288,16277.9,586.959
37.43,17000,16287.7,16277.6,712.261
37.44,16900,16287.4,16277.2,612.561
37.45,15825,16287.1,16276.9,-462.14
37.46,17225,16286.8,16276.6,938.157
37.47,16050,16286.5,16276.3,-236.547
37.48,16525,16286.3,16276,238.748
37.49,14975,16286,16275.7,-1310.96
37.5,15200,16285.7,16275.4,-1085.67
37.51,16775,16285.4,16275.1,489.623
37.52,16650,16285.1,16274.8,364.912
37.53,17050,16284.8,16274.5,765.2
37.54,16725,16284.5,16274.2,440.486
37.55,16200,16284.2,16273.9,-84.2293
37.56,16225,16283.9,16273.5,-58.946
37.57,17650,16283.7,16273.2,1366.34
37.58,16950,16283.4,16272.9,666.616
37.59,17900,16283.1,16272.6,1616.9
37.6,17375,16282.8,16272.3,1092.17
37.61,16850,16282.6,16272,567.449
37.62,15900,16282.3,16271.8,-382.276
37.63,16900,16282,16271.5,617.997
37.64,16050,16281.7,16271.2,-231.732
37.65,16325,16281.5,16270.9,43.5387
37.66,15975,16281.2,16270.6,-306.192
37.67,16225,16280.9,16270.3,-55.9252
37.68,16175,16280.7,16270,-105.659
37.69,16475,16280.4,16269.7,194.605
37.7,17450,16280.1,16269.4,1169.87
37.71,17000,16279.9,16269.1,720.129
37.72,16350,16279.6,16268.8,70.3892
37.73,16550,16279.4,16268.5,270.648
37.74,16600,16279.1,16268.2,320.904
37.75,16575,16278.8,16268,296.16
37.76,16750,16278.6,16267.7,471.414
37.77,17350,16278.3,16267.4,1071.67
37.78,16750,16278.1,16267.1,471.917
37.79,17500,16277.8,16266.8,1222.17
37.8,17425,16277.6,16266.5,1147.41
37.81,15825,16277.3,16266.3,-452.34
37.82,16725,16277.1,16266,447.904
37.83,15825,16276.9,16265.7,-451.853
37.84,16350,16276.6,16265.4,73.3889
37.85,16400,16276.4,16265.1,123.629
37.86,17225,16276.1,16264.9,948.867
37.87,17300,16275.9,16264.6,1024.1
37.88,16700,16275.7,16264.3,424.339
37.89,16250,16275.4,16264,-25.4277
37.9,16775,16275.2,16263.8,499.804
37.91,15850,16275,16263.5,-424.966
37.92,16800,16274.7,16263.2,525.263
37.93,16475,16274.5,16263,200.49
37.94,16400,16274.3,16262.7,125.715
37.95,17825,16274.1,16262.4,1550.94
37.96,16400,16273.8,16262.2,126.161
37.97,16150,16273.6,16261.9,-123.619
37.98,16725,16273.4,16261.6,451.6
37.99,16225,16273.2,16261.4,-48.1835
38,15875,16273,16261.1,-397.968
38.01,15600,16272.8,16260.8,-672.755
38.02,16025,16272.5,16260.6,-247.543
38.03,16025,16272.3,16260.3,-247.333
38.04,17775,16272.1,16260,1502.87
38.05,16425,16271.9,16259.8,153.081
38.06,16575,16271.7,16259.5,303.286
38.07,17025,16271.5,16259.3,753.489
38.08,16875,16271.3,16259,603.69
38.09,15725,16271.1,16258.7,-546.111
38.1,16700,16270.9,16258.5,429.086
38.11,15775,16270.7,16258.2,-495.718
38.12,16900,16270.5,16258,629.476
38.13,16200,16270.3,16257.7,-70.3326
38.14,16475,16270.1,16257.5,204.857
38.15,16875,16270,16257.2,605.045
38.16,16350,16269.8,16257,80.2314
38.17,17125,16269.6,16256.7,855.416
38.18,16250,16269.4,16256.5,-19.4023
38.19,16750,16269.2,16256.2,480.778
38.2,15550,16269,16256,-719.044
38.21,16800,16268.9,16255.7,531.132
38.22,17175,16268.7,16255.5,906.307
38.23,16500,16268.5,16255.2,231.479
38.24,15850,16268.4,16255,-418.351
38.25,14925,16268.2,16254.8,-1343.18
38.26,16500,16268,16254.5,231.983
38.27,16775,16267.9,16254.3,507.147
38.28,16025,16267.7,16254,-242.691
38.29,16550,16267.5,16253.8,282.468
38.3,16300,16267.4,16253.6,32.6255
38.31,16775,16267.2,16253.3,507.781
38.32,16900,16267.1,16253.1,632.934
38.33,16700,16266.9,16252.9,433.084
38.34,16625,16266.8,16252.6,358.233
38.35,16925,16266.6,16252.4,658.379
38.36,16800,16266.5,16252.1,533.523
38.37,16475,16266.3,16251.9,208.665
38.38,16975,16266.2,16251.7,708.804
38.39,16975,16266.1,16251.5,708.94
38.4,16975,16265.9,16251.2,709.075
38.41,16475,16265.8,16251,209.207
38.42,16675,16265.7,16250.8,409.336
38.43,16625,16265.5,16250.5,359.463
38.44,17100,16265.4,16250.3,834.588
38.45,16275,16265.3,16250.1,9.70952
38.46,17200,16265.2,16249.9,934.829
38.47,16475,16265.1,16249.6,209.945
38.48,16650,16264.9,16249.4,385.059
38.49,17850,16264.8,16249.2,1585.17
38.5,16575,16264.7,16249,310.279
38.51,16925,16264.6,16248.8,660.385
38.52,17150,16264.5,16248.5,885.488
38.53,15875,16264.4,16248.3,-389.412
38.54,16850,16264.3,16248.1,585.686
38.55,16250,16264.2,16247.9,-14.2197
38.56,16650,16264.1,16247.7,385.872
38.57,16675,16264,16247.5,410.96
38.58,17125,16264,16247.2,861.046
38.59,15850,16263.9,16247,-413.872
38.6,16175,16263.8,16246.8,-88.7927
38.61,16700,16263.7,16246.6,436.283
38.62,17550,16263.6,16246.4,1286.36
38.63,17125,16263.6,16246.2,861.426
38.64,16350,16263.5,16246,86.4922
38.65,15575,16263.4,16245.8,-688.445
38.66,16400,16263.4,16245.6,136.615
38.67,16975,16263.3,16245.4,711.671
38.68,16850,16263.3,16245.2,586.723
38.69,16025,16263.2,16244.9,-238.228
38.7,16125,16263.2,16244.7,-138.182
38.71,16325,16263.1,16244.5,61.8591
38.72,16100,16263.1,16244.3,-163.103
38.73,17850,16263.1,16244.1,1586.93
38.74,16600,16263,16243.9,336.961
38.75,17400,16263,16243.7,1136.99
38.76,18125,16263,16243.5,1862.01
38.77,16575,16263,16243.3,312.027
38.78,16050,16263,16243.1,-212.959
38.79,16550,16262.9,16243,287.051
38.8,15800,16262.9,16242.8,-462.944
38.81,16125,16262.9,16242.6,-137.943
38.82,17150,16262.9,16242.4,887.053
38.83,16675,16263,16242.2,412.045
38.84,17125,16263,16242,862.032
38.85,15875,16263,16241.8,-387.985
38.86,16350,16263,16241.6,86.9921
38.87,16325,16263,16241.4,61.9647
38.88,17850,16263.1,16241.2,1586.93
38.89,16650,16263.1,16241,386.895
38.9,16775,16263.1,16240.9,511.852
38.91,16800,16263.2,16240.7,536.803
38.92,16550,16263.3,16240.5,286.75
38.93,18675,16263.3,16240.3,2411.69
38.94,17475,16263.4,16240.1,1211.63
38.95,17400,16263.4,16239.9,1136.55
38.96,17025,16263.5,16239.8,761.478
38.97,18000,16263.6,16239.6,1736.39
38.98,16550,16263.7,16239.4,286.306
38.99,17100,16263.8,16239.2,836.21
39,17125,16263.9,16239,861.108
39.01,17300,16264,16238.9,1036
39.02,16300,16264.1,16238.7,35.8841
39.03,16850,16264.2,16238.5,585.762
39.04,17925,16264.4,16238.3,1660.63
39.05,17425,16264.5,16238.2,1160.5
39.06,15850,16264.6,16238,-414.649
39.07,16975,16264.8,16237.8,710.199
39.08,16700,16265,16237.7,435.039
39.09,16200,16265.1,16237.5,-65.1295
39.1,16000,16265.3,16237.3,-265.306
39.11,16350,16265.5,16237.1,84.5094
39.12,16300,16265.7,16237,34.3159
39.13,15975,16265.9,16236.8,-290.887
39.14,15975,16266.1,16236.6,-291.098
39.15,16000,16266.3,16236.5,-266.319
39.16,16175,16266.5,16236.3,-91.5498
39.17,17075,16266.8,16236.2,808.21
39.18,16550,16267,16236,282.959
39.19,16975,16267.3,16235.8,707.697
39.2,16975,16267.6,16235.7,707.425
39.21,16900,16267.9,16235.5,632.142
39.22,15450,16268.2,16235.4,-818.152
39.23,16100,16268.5,16235.2,-168.459
39.24,15325,16268.8,16235,-943.777
39.25,16075,16269.1,16234.9,-194.108
39.26,17875,16269.5,16234.7,1605.55
39.27,17025,16269.8,16234.6,755.191
39.28,16425,16270.2,16234.4,154.821
39.29,16800,16270.6,16234.3,529.436
39.3,17275,16271,16234.1,1004.04
39.31,17025,16271.4,16234,753.622
39.32,17100,16271.8,16233.8,828.192
39.33,15425,16272.3,16233.7,-847.254
39.34,16125,16272.7,16233.5,-147.717
39.35,15650,16273.2,16233.4,-623.198
39.36,16325,16273.7,16233.2,51.3036
39.37,15825,16274.2,16233.1,-449.214
39.38,17050,16274.8,16232.9,775.249
39.39,17000,16275.3,16232.8,724.691
39.4,17500,16275.9,16232.7,1224.11
39.41,17375,16276.5,16232.5,1098.51
39.42,17900,16277.1,16232.4,1622.88
39.43,16425,16277.8,16232.2,147.231
39.44,17100,16278.4,16232.1,821.552
39.45,16075,16279.2,16232,-204.155
39.46,16775,16279.9,16231.8,495.106
39.47,17050,16280.7,16231.7,769.335
39.48,17200,16281.5,16231.5,918.528
39.49,16650,16282.3,16231.4,367.682
39.5,16425,16283.2,16231.3,141.794
39.51,16450,16284.1,16231.1,165.86
39.52,16925,16285.1,16231,639.875
39.53,17425,16286.2,16230.9,1138.83
39.54,15750,16287.3,16230.7,-537.269
39.55,16475,16288.4,16230.6,186.558
39.56,15900,16289.7,16230.5,-389.692
39.57,15625,16291,16230.4,-666.028
39.58,16400,16292.5,16230.2,107.537
39.59,17600,16294,16230.1,1305.99
39.6,16600,16295.7,16230,304.322
39.61,15700,16297.5,16229.8,-597.489
39.62,15750,16299.5,16229.7,-549.46
39.63,17775,16301.6,16229.6,1473.39
39.64,17525,16304,16229.5,1221.03
39.65,16025,16306.6,16229.4,-281.567
39.66,15900,16309.4,16229.2,-409.428
39.67,16350,16312.6,16229.1,37.4078
39.68,17575,16316.1,16229,1258.9
39.69,16050,16320,16228.9,-269.999
39.7,17525,16324.3,16228.8,1200.66
39.71,16075,16329.2,16228.6,-254.183
39.72,15900,16334.6,16228.5,-434.591
39.73,15875,16340.6,16228.4,-465.637
39.74,17100,16347.4,16228.3,752.597
39.75,16025,16355,16228.2,-329.978
39.76,15725,16363.5,16228.1,-638.46
39.77,17800,16373,16228,1427.04
39.78,18250,16383.6,16227.9,1866.41
39.79,16675,16395.5,16227.7,279.513
39.8,16925,16408.8,16227.6,516.211
39.81,15575,16423.7,16227.5,-848.651
39.82,16575,16440.2,16227.4,134.763
39.83,17125,16458.7,16227.3,666.275
39.84,16125,16479.3,16227.2,-354.306
39.85,17750,16502.2,16227.1,1247.82
39.86,16850,16527.6,16227,322.432
39.87,17225,16555.7,16226.9,669.307
39.88,16300,16586.8,16226.8,-286.796
39.89,16850,16621.1,16226.7,228.873
39.9,17425,16658.9,16226.6,766.055
39.91,17325,16700.5,16226.5,624.479
39.92,16750,16746.1,16226.4,3.86924
39.93,17575,16796.1,16226.3,778.944
39.94,18050,16850.6,16226.2,1199.42
39.95,17450,16910,16226.1,539.999
39.96,17075,16974.6,16226,100.405
39.97,17325,17044.6,16225.9,280.351
39.98,16450,17120.4,16225.8,-670.438
39.99,18400,17202.2,16225.7,1197.77
40,17575,17290.3,16225.6,284.721
40.01,17875,17384.8,16225.5,490.182
40.02,18350,17486.1,16225.5,863.938
40.03,18075,17594.2,16225.4,480.799
40.04,17450,17709.4,16225.3,-259.395
40.05,17300,17831.8,16225.2,-531.77
40.06,17600,17961.4,16225.1,-361.414
40.07,17925,18098.4,16225,-173.374
40.08,18125,18242.6,16224.9,-117.65
40.09,16800,18394.2,16224.8,-1594.19
40.1,18425,18552.9,16224.8,-127.901
40.11,18325,18718.6,16224.7,-393.613
40.12,17650,18891.1,16224.6,-1241.11
40.13,17500,19070.1,16224.5,-1570.11
40.14,19050,19255.3,16224.4,-205.268
40.15,19175,19446.2,16224.4,-271.169
40.16,18750,19642.3,16224.3,-892.334
40.17,18275,19843.2,16224.2,-1568.22
40.18,18125,20048.2,16224.1,-1923.2
40.19,19925,20256.6,16224.1,-331.607
40.2,19650,20467.7,16224,-817.687
40.21,19375,20680.6,16223.9,-1305.63
40.22,21625,20894.6,16223.8,730.423
40.23,21500,21108.6,16223.8,391.405
40.24,21625,21321.7,16223.7,303.29
40.25,21400,21532.9,16223.6,-132.904
40.26,21050,21741.1,16223.5,-691.113
40.27,22800,21945.2,16223.5,854.754
40.28,23825,22144.2,16223.4,1680.82
40.29,22500,22336.8,16223.3,163.205
40.3,23625,22521.9,16223.3,1103.06
40.31,23250,22698.5,16223.2,551.511
40.32,24525,22865.3,16223.1,1659.67
40.33,23250,23021.4,16223.1,228.635
40.34,22675,23165.6,16223,-490.568
40.35,23025,23297,16223,-271.953
40.36,22250,23414.6,16222.9,-1164.61
40.37,21350,23517.7,16222.8,-2167.7
40.38,20775,23605.5,16222.8,-2830.51
40.39,21450,23677.4,16222.7,-2227.4
40.4,21825,23732.9,16222.7,-1907.87
40.41,20750,23771.5,16222.6,-3021.54
40.42,21350,23793.1,16222.5,-2443.14
40.43,20925,23797.5,16222.5,-2872.54
40.44,20600,23784.8,16222.4,-3184.76
40.45,19250,23754.9,16222.4,-4504.9
40.46,20075,23708.2,16222.3,-3633.23
40.47,17050,23645.1,16222.3,-6595.12
40.48,18775,23566,16222.2,-4791.05
40.49,17975,23471.6,16222.2,-5496.61
40.5,17550,23362.5,16222.1,-5812.48
40.51,17725,23239.5,16222.1,-5514.45
40.52,18025,23103.4,16222,-5078.37
40.53,18325,22955.2,16222,-4630.15
40.54,17900,22795.8,16221.9,-4895.79
40.55,17800,22626.3,16221.9,-4826.32
40.56,18125,22447.8,16221.8,-4322.78
40.57,18625,22261.3,16221.8,-3636.29
40.58,17650,22067.9,16221.7,-4417.94
40.59,18300,21868.8,16221.7,-3568.83
40.6,16400,21665.1,16221.7,-5265.07
40.61,16600,21457.7,16221.6,-4857.74
40.62,17200,21247.9,16221.6,-4047.89
40.63,17550,21036.5,16221.5,-3486.55
40.64,17150,20824.7,16221.5,-3674.69
40.65,17125,20613.3,16221.5,-3488.26
40.66,17950,20403.1,16221.4,-2453.13
40.67,17375,20195.1,16221.4,-2820.13
40.68,16875,19990,16221.4,-3115.02
40.69,17750,19788.5,16221.3,-2038.52
40.7,17300,19591.3,16221.3,-2291.26
40.71,17575,19398.8,16221.3,-1823.82
40.72,17175,19211.7,16221.2,-2036.69
40.73,16650,19030.3,16221.2,-2380.34
40.74,16275,18855.1,16221.2,-2580.12
40.75,17100,18686.4,16221.1,-1586.36
40.76,18300,18524.3,16221.1,-224.309
40.77,16525,18369.2,16221.1,-1844.15
40.78,16750,18221,16221,-1471.03
40.79,16525,18080,16221,-1555.03
40.8,16775,17946.2,16221,-1171.17
40.81,16750,17819.5,16221,-1069.45
40.82,16500,17699.8,16220.9,-1199.8
40.83,16600,17587.1,16220.9,-987.129
40.84,16575,17481.3,16220.9,-906.304
40.85,16575,17382.2,16220.9,-807.162
40.86,15700,17289.5,16220.9,-1589.52
40.87,17350,17203.2,16220.8,146.847
40.88,16700,17122.8,16220.8,-422.842
40.89,17400,17048.3,16220.8,351.663
40.9,16950,16979.4,16220.8,-29.3801
40.91,16850,16915.7,16220.8,-65.7033
40.92,17300,16857,16220.7,442.965
40.93,17550,16803.1,16220.7,746.902
40.94,16350,16753.6,16220.7,-403.618
40.95,16275,16708.3,16220.7,-433.321
40.96,17325,16666.9,16220.7,658.063
40.97,16650,16629.2,16220.7,20.7982
40.98,17425,16594.9,16220.7,830.142
40.99,17075,16563.7,16220.7,511.342
41,17400,16535.4,16220.7,864.637
41.01,17825,16509.7,16220.6,1315.26
41.02,18575,16486.6,16220.6,2088.42
41.03,16625,16465.7,16220.6,159.324
41.04,16350,16446.8,16220.6,-96.8284
41.05,16100,16429.9,16220.6,-329.857
41.06,17950,16414.6,16220.6,1535.41
41.07,16175,16400.9,16220.6,-225.874
41.08,16400,16388.6,16220.6,11.4434
41.09,15475,16377.5,16220.6,-902.503
41.1,15775,16367.6,16220.6,-592.588
41.11,16625,16358.7,16220.6,266.304
41.12,16475,16350.7,16220.6,124.277
41.13,16000,16343.6,16220.6,-343.571
41.14,17075,16337.2,16220.6,737.845
41.15,16325,16331.4,16220.6,-6.39376
41.16,16475,16326.2,16220.6,148.783
41.17,16600,16321.6,16220.6,278.439
41.18,17275,16317.4,16220.6,957.634
41.19,16750,16313.6,16220.6,436.418
41.2,17200,16310.2,16220.6,889.838
41.21,17000,16307.1,16220.6,692.935
41.22,17175,16304.3,16220.6,870.745
41.23,16900,16301.7,16220.7,598.302
41.24,16425,16299.4,16220.7,125.634
41.25,16100,16297.2,16220.7,-197.233
41.26,16575,16295.3,16220.7,279.722
41.27,17575,16293.5,16220.7,1281.52
41.28,16600,16291.8,16220.7,308.177
41.29,15325,16290.3,16220.7,-965.291
41.3,17000,16288.9,16220.7,711.13
41.31,16800,16287.5,16220.8,512.451
41.32,16050,16286.3,16220.8,-236.319
41.33,15375,16285.2,16220.8,-910.17
41.34,16675,16284.1,16220.8,390.906
41.35,17525,16283.1,16220.8,1241.92
41.36,16425,16282.1,16220.8,142.864
41.37,16625,16281.2,16220.9,343.757
41.38,16650,16280.4,16220.9,369.599
41.39,17600,16279.6,16220.9,1320.39
41.4,17400,16278.9,16220.9,1121.14
41.41,16675,16278.1,16221,396.852
41.42,16325,16277.5,16221,47.5233
41.43,15850,16276.8,16221,-426.842
41.44,16250,16276.2,16221,-26.2412
41.45,16850,16275.7,16221.1,574.327
41.46,15900,16275.1,16221.1,-375.135
41.47,15850,16274.6,16221.1,-424.627
41.48,16700,16274.1,16221.1,425.852
41.49,16750,16273.7,16221.2,476.305
41.5,17400,16273.3,16221.2,1126.73
41.51,16025,16272.9,16221.2,-247.869
41.52,16400,16272.5,16221.3,127.506
41.53,16675,16272.1,16221.3,402.857
41.54,16625,16271.8,16221.3,353.185
41.55,17200,16271.5,16221.4,928.489
41.56,16475,16271.2,16221.4,203.77
41.57,16350,16271,16221.4,79.028
41.58,17275,16270.7,16221.5,1004.26
41.59,15925,16270.5,16221.5,-345.523
41.6,16500,16270.3,16221.5,229.668
41.61,17475,16270.2,16221.6,1204.84
41.62,15750,16270,16221.6,-520.018
41.63,16200,16269.9,16221.7,-69.8953
41.64,16150,16269.8,16221.7,-119.796
41.65,16325,16269.7,16221.8,55.2803
41.66,17625,16269.7,16221.8,1355.33
41.67,17850,16269.6,16221.8,1580.36
41.68,17425,16269.6,16221.9,1155.36
41.69,16425,16269.7,16221.9,155.332
41.7,17025,16269.7,16222,755.276
41.71,16025,16269.8,16222,-244.809
41.72,16700,16269.9,16222.1,430.073
41.73,18150,16270.1,16222.1,1879.92
41.74,16350,16270.3,16222.2,79.7308
41.75,16000,16270.5,16222.2,-270.499
41.76,16450,16270.8,16222.3,179.228
41.77,17025,16271.1,16222.3,753.906
41.78,16225,16271.5,16222.4,-46.4676
41.79,16000,16271.9,16222.4,-271.899
41.8,16100,16272.4,16222.5,-172.396
41.81,16425,16273,16222.5,152.037
41.82,16475,16273.6,16222.6,201.391
41.83,17350,16274.3,16222.6,1075.66
41.84,16225,16275.2,16222.7,-50.1774
41.85,17200,16276.1,16222.8,923.879
41.86,17225,16277.2,16222.8,947.812
41.87,16475,16278.4,16222.9,196.607
41.88,16000,16279.8,16222.9,-279.752
41.89,16875,16281.3,16223,593.716
41.9,16475,16283,16223.1,191.991
41.91,18125,16284.9,16223.1,1840.05
41.92,17225,16287.1,16223.2,937.869
41.93,16750,16289.6,16223.2,460.42
41.94,16850,16292.3,16223.3,557.671
41.95,16800,16295.4,16223.4,504.59
41.96,16900,16298.9,16223.4,601.14
41.97,16700,16302.7,16223.5,397.282
41.98,16925,16307,16223.6,617.971
41.99,17700,16311.8,16223.6,1388.16
42,16000,16317.2,16223.7,-317.198
42.01,17225,16323.2,16223.8,901.838
42.02,17075,16329.8,16223.8,745.211
42.03,16075,16337.1,16223.9,-262.142
42.04,16700,16345.3,16224,354.712
42.05,18050,16354.3,16224.1,1695.7
42.06,18200,16364.2,16224.1,1835.76
42.07,17200,16375.2,16224.2,824.79
42.08,15850,16387.3,16224.3,-537.275
42.09,16200,16400.5,16224.4,-200.526
42.1,16275,16415.1,16224.4,-140.053
42.11,16075,16430.9,16224.5,-355.948
42.12,17350,16448.3,16224.6,901.693
42.13,16675,16467.2,16224.7,207.774
42.14,17150,16487.8,16224.8,662.196
42.15,16650,16510.1,16224.8,139.859
42.16,16325,16534.3,16224.9,-209.338
42.17,17050,16560.5,16225,489.507
42.18,18400,16588.7,16225.1,1811.3
42.19,17150,16619.1,16225.2,530.933
42.2,17275,16651.7,16225.2,623.325
42.21,17325,16686.6,16225.3,638.386
42.22,16975,16724,16225.4,251.032
42.23,16275,16763.8,16225.5,-488.812
42.24,16975,16806.2,16225.6,168.787
42.25,16350,16851.2,16225.7,-501.231
42.26,17150,16898.9,16225.8,251.088
42.27,18150,16949.3,16225.8,1200.71
42.28,16900,17002.4,16225.9,-102.399
42.29,16925,17058.2,16226,-133.236
42.3,16875,17116.8,16226.1,-241.799
42.31,16925,17178.1,16226.2,-253.065
42.32,16425,17242,16226.3,-816.993
42.33,16700,17308.5,16226.4,-608.524
42.34,17550,17377.6,16226.5,172.421
42.35,18025,17449.1,16226.6,575.942
42.36,16525,17522.8,16226.7,-997.842
42.37,18675,17598.8,16226.8,1076.21
42.38,18300,17676.7,16226.9,623.264
42.39,16850,17756.5,16227,-906.498
42.4,16850,17837.9,16227.1,-987.869
42.41,18850,17920.6,16227.2,929.381
42.42,17000,18004.5,16227.3,-1004.5
42.43,16100,18089.2,16227.4,-1989.24
42.44,16600,18174.6,16227.5,-1574.55
42.45,16975,18260.1,16227.6,-1285.12
42.46,17350,18345.6,16227.7,-995.631
42.47,18225,18430.7,16227.8,-205.735
42.48,17950,18515.1,16227.9,-565.076
42.49,16950,18598.3,16228,-1648.29
42.5,18000,18680,16228.1,-679.992
42.51,17825,18759.8,16228.2,-934.802
42.52,18700,18837.3,16228.3,-137.327
42.53,16450,18912.2,16228.4,-2462.18
42.54,18950,18984,16228.5,-33.955
42.55,16650,19052.3,16228.6,-2402.28
42.56,16925,19116.8,16228.7,-2191.77
42.57,17375,19177.1,16228.9,-1802.06
42.58,17300,19232.8,16229,-1932.8
42.59,17425,19283.7,16229.1,-1858.66
42.6,17000,19329.3,16229.2,-2329.33
42.61,16325,19369.5,16229.3,-3044.54
42.62,17075,19404,16229.4,-2329.04
42.63,16650,19432.6,16229.5,-2782.61
42.64,16500,19455.1,16229.7,-2955.09
42.65,17025,19471.3,16229.8,-2446.33
42.66,16675,19481.2,16229.9,-2806.24
42.67,15875,19484.8,16230,-3609.77
42.68,17150,19481.9,16230.1,-2331.89
42.69,16675,19472.7,16230.2,-2797.65
42.7,16250,19457.1,16230.4,-3207.11
42.71,17000,19435.4,16230.5,-2435.37
42.72,16500,19407.6,16230.6,-2907.58
42.73,16525,19373.9,16230.7,-2848.92
42.74,17100,19334.6,16230.9,-2234.61
42.75,16325,19289.9,16231,-2964.88
42.76,16475,19240,16231.1,-2765.01
42.77,16125,19185.3,16231.2,-3060.31
42.78,17875,19126.1,16231.4,-1251.08
42.79,17375,19062.7,16231.5,-1687.67
42.8,16625,18995.4,16231.6,-2370.44
42.81,16475,18924.7,16231.7,-2449.74
42.82,17175,18851,16231.9,-1675.96
42.83,17450,18774.5,16232,-1324.48
42.84,16400,18695.7,16232.1,-2295.68
42.85,16075,18615,16232.3,-2539.95
42.86,16425,18532.7,16232.4,-2107.67
42.87,17125,18449.2,16232.5,-1324.2
42.88,17650,18364.9,16232.6,-714.913
42.89,17600,18280.2,16232.8,-680.162
42.9,17400,18195.3,16232.9,-795.285
42.91,15825,18110.6,16233.1,-2285.61
42.92,17200,18026.4,16233.2,-826.429
42.93,15400,17943,16233.3,-2543.05
42.94,16250,17860.7,16233.5,-1610.72
42.95,15700,17779.7,16233.6,-2079.71
42.96,16325,17700.2,16233.7,-1375.24
42.97,16500,17622.5,16233.9,-1122.51
42.98,16725,17546.7,16234,-821.719
42.99,17175,17473,16234.2,-298.02
43,16500,17401.6,16234.3,-901.559
43.01,16575,17332.5,16234.4,-757.459
43.02,17400,17265.8,16234.6,134.18
43.03,15750,17201.7,16234.7,-1451.72
43.04,16400,17140.2,16234.9,-740.231
43.05,15675,17081.4,16235,-1406.39
43.06,15850,17025.2,16235.2,-1175.22
43.07,16450,16971.7,16235.3,-521.735
43.08,17100,16920.9,16235.5,179.07
43.09,16200,16872.8,16235.6,-672.787
43.1,16175,16827.3,16235.7,-652.271
43.11,17300,16784.3,16235.9,515.66
43.12,16500,16743.9,16236,-243.94
43.13,16925,16706,16236.2,218.993
43.14,17000,16670.5,16236.3,329.53
43.15,15900,16637.3,16236.5,-737.251
43.16,16325,16606.3,16236.7,-281.266
43.17,16025,16577.4,16236.8,-552.426
43.18,16775,16550.6,16237,224.359
43.19,15975,16525.8,16237.1,-550.815
43.2,15275,16502.9,16237.3,-1227.85
43.21,16800,16481.7,16237.4,318.345
43.22,16150,16462.1,16237.6,-312.128
43.23,15800,16444.2,16237.7,-644.174
43.24,16500,16427.7,16237.9,72.3027
43.25,16525,16412.6,16238.1,112.394
43.26,16200,16398.8,16238.2,-198.807
43.27,15900,16386.2,16238.4,-486.215
43.28,16025,16374.7,16238.5,-349.742
43.29,16475,16364.3,16238.7,110.693
43.3,17050,16354.8,16238.9,695.167
43.31,17425,16346.2,16239,1078.76
43.32,17100,16338.5,16239.2,761.532
43.33,17050,16331.4,16239.3,718.56
43.34,17850,16325.1,16239.5,1524.9
43.35,16475,16319.4,16239.7,155.623
43.36,15425,16314.2,16239.8,-889.228
43.37,15875,16309.6,16240,-434.596
43.38,16775,16305.4,16240.2,469.565
43.39,17075,16301.7,16240.3,773.3
43.4,17575,16298.3,16240.5,1276.65
43.41,16800,16295.3,16240.7,504.655
43.42,16925,16292.7,16240.8,632.346
43.43,15600,16290.2,16241,-690.244
43.44,16575,16288.1,16241.2,286.915
43.45,15675,16286.2,16241.4,-611.153
43.46,16675,16284.4,16241.5,390.578
43.47,16900,16282.9,16241.7,617.128
43.48,16350,16281.5,16241.9,68.5175
43.49,16700,16280.2,16242.1,419.763
43.5,17100,16279.1,16242.2,820.882
43.51,16475,16278.1,16242.4,196.886
43.52,18475,16277.2,16242.6,2197.79
43.53,15650,16276.4,16242.8,-626.396
43.54,16300,16275.7,16242.9,24.3383
43.55,17000,16275,16243.1,725.002
43.56,16700,16274.4,16243.3,425.602
43.57,15675,16273.9,16243.5,-598.853
43.58,16700,16273.4,16243.7,426.641
43.59,16800,16272.9,16243.8,527.091
43.6,15775,16272.5,16244,-497.498
43.61,17125,16272.1,16244.2,852.877
43.62,16900,16271.8,16244.4,628.22
43.63,15300,16271.5,16244.6,-971.465
43.64,14900,16271.2,16244.7,-1371.18
43.65,16050,16270.9,16244.9,-220.91
43.66,16775,16270.7,16245.1,504.334
43.67,16900,16270.4,16245.3,629.56
43.68,16225,16270.2,16245.5,-45.2318
43.69,16500,16270,16245.7,229.96
43.7,16575,16269.9,16245.9,305.138
43.71,17125,16269.7,16246.1,855.302
43.72,17075,16269.5,16246.2,805.453
43.73,17000,16269.4,16246.4,730.592
43.74,16550,16269.3,16246.6,280.721
43.75,15725,16269.2,16246.8,-544.161
43.76,16525,16269.1,16247,255.947
43.77,16500,16269,16247.2,231.046
43.78,16900,16268.9,16247.4,631.137
43.79,16325,16268.8,16247.6,56.2189
43.8,15975,16268.7,16247.8,-293.707
43.81,16800,16268.6,16248,531.36
43.82,17450,16268.6,16248.2,1181.42
43.83,15475,16268.5,16248.4,-793.529
43.84,16175,16268.5,16248.6,-93.483
43.85,17200,16268.4,16248.8,931.556
43.86,17775,16268.4,16249,1506.59
43.87,16500,16268.4,16249.2,231.616
43.88,16625,16268.4,16249.4,356.637
43.89,16875,16268.3,16249.6,606.652
43.9,16850,16268.3,16249.8,581.662
43.91,16900,16268.3,16250,631.666
43.92,16175,16268.3,16250.2,-93.3344
43.93,17025,16268.3,16250.4,756.66
43.94,16475,16268.4,16250.6,206.649
43.95,16400,16268.4,16250.8,131.634
43.96,16575,16268.4,16251,306.613
43.97,16500,16268.4,16251.2,231.589
43.98,16975,16268.4,16251.4,706.559
43.99,17550,16268.5,16251.6,1281.53
44,16400,16268.5,16251.8,131.488
44.01,16800,16268.6,16252,531.446
44.02,16950,16268.6,16252.2,681.4
44.03,16075,16268.6,16252.4,-193.649
44.04,16250,16268.7,16252.6,-18.7031
44.05,15575,16268.8,16252.8,-693.761
44.06,16850,16268.8,16253.1,581.178
44.07,15550,16268.9,16253.3,-718.886
44.08,16675,16269,16253.5,406.045
44.09,17350,16269,16253.7,1080.97
44.1,16900,16269.1,16253.9,630.899
44.11,16325,16269.2,16254.1,55.8204
44.12,15850,16269.3,16254.3,-419.261
44.13,15925,16269.3,16254.5,-344.346
44.14,16950,16269.4,16254.8,680.566
44.15,16075,16269.5,16255,-194.525
44.16,16450,16269.6,16255.2,180.382
44.17,17375,16269.7,16255.4,1105.28
44.18,15800,16269.8,16255.6,-469.815
44.19,17950,16269.9,16255.8,1680.08
44.2,17325,16270,16256.1,1054.98
44.21,16050,16270.1,16256.3,-220.13
44.22,17700,16270.2,16256.5,1429.76
44.23,16400,16270.4,16256.7,129.646
44.24,17075,16270.5,16256.9,804.53
44.25,17275,16270.6,16257.2,1004.41
44.26,17275,16270.7,16257.4,1004.29
44.27,17025,16270.8,16257.6,754.168
44.28,17275,16271,16257.8,1004.04
44.29,16625,16271.1,16258.1,353.915
44.3,17525,16271.2,16258.3,1253.78
44.31,16700,16271.3,16258.5,428.652
44.32,16250,16271.5,16258.7,-21.4825
44.33,17450,16271.6,16259,1178.38
44.34,17650,16271.8,16259.2,1378.24
44.35,16425,16271.9,16259.4,153.101
44.36,15725,16272,16259.7,-547.043
44.37,17525,16272.2,16259.9,1252.81
44.38,16575,16272.3,16260.1,302.665
44.39,16200,16272.5,16260.3,-72.4846
44.4,17350,16272.6,16260.6,1077.36
44.41,15925,16272.8,16260.8,-347.789
44.42,16525,16272.9,16261,252.056
44.43,16000,16273.1,16261.3,-273.101
44.44,15875,16273.3,16261.5,-398.26
44.45,16275,16273.4,16261.7,1.57919
44.46,16500,16273.6,16262,226.417
44.47,16750,16273.7,16262.2,476.252
44.48,17075,16273.9,16262.4,801.086
44.49,15875,16274.1,16262.7,-399.081
44.5,14950,16274.3,16262.9,-1324.25
44.51,15775,16274.4,16263.2,-499.422
44.52,16400,16274.6,16263.4,125.405
44.53,15025,16274.8,16263.6,-1249.77
44.54,16850,16274.9,16263.9,575.055
44.55,17000,16275.1,16264.1,724.877
44.56,16525,16275.3,16264.4,249.698
44.57,17300,16275.5,16264.6,1024.52
44.58,16850,16275.7,16264.8,574.334
44.59,15825,16275.8,16265.1,-450.849
44.6,15875,16276,16265.3,-401.035
44.61,17300,16276.2,16265.6,1023.78
44.62,16550,16276.4,16265.8,273.59
44.63,15925,16276.6,16266,-351.6
44.64,16325,16276.8,16266.3,48.2088
44.65,16500,16277,16266.5,223.016
44.66,16200,16277.2,16266.8,-77.178
44.67,16450,16277.4,16267,172.626
44.68,17525,16277.6,16267.3,1247.43
44.69,16150,16277.8,16267.5,-127.769
44.7,17375,16278,16267.8,1097.03
44.71,15625,16278.2,16268,-653.169
44.72,16325,16278.4,16268.3,46.6286
44.73,16550,16278.6,16268.5,271.425
44.74,16700,16278.8,16268.8,421.22
44.75,16550,16279,16269,271.014
44.76,16975,16279.2,16269.3,695.807
44.77,16850,16279.4,16269.5,570.598
44.78,15875,16279.6,16269.8,-404.612
44.79,16700,16279.8,16270,420.177
44.8,16775,16280,16270.3,494.965
44.81,17325,16280.2,16270.5,1044.75
44.82,15650,16280.5,16270.8,-630.464
44.83,16875,16280.7,16271.1,594.32
44.84,17100,16280.9,16271.3,819.103
44.85,16175,16281.1,16271.6,-106.115
44.86,16850,16281.3,16271.8,568.665
44.87,17450,16281.6,16272.1,1168.44
44.88,17450,16281.8,16272.3,1168.22
44.89,16525,16282,16272.6,243
44.9,16325,16282.2,16272.9,42.7757
44.91,17400,16282.4,16273.1,1117.55
44.92,17525,16282.7,16273.4,1242.32
44.93,16025,16282.9,16273.6,-257.903
44.94,17475,16283.1,16273.9,1191.87
44.95,16925,16283.4,16274.2,641.639
44.96,17575,16283.6,16274.4,1291.41
44.97,16875,16283.8,16274.7,591.177
44.98,15875,16284.1,16275,-409.056
44.99,16175,16284.3,16275.2,-109.29
45,16775,16284.5,16275.5,490.475
45.01,16950,16284.8,16275.7,665.239
45.02,15850,16285,16276,-434.998
45.03,16425,16285.2,16276.3,139.765
45.04,16350,16285.5,16276.5,64.5256
45.05,17575,16285.7,16276.8,1289.29
45.06,17175,16286,16277.1,889.045
45.07,17300,16286.2,16277.4,1013.8
45.08,16450,16286.4,16277.6,163.56
45.09,17450,16286.7,16277.9,1163.32
45.1,16875,16286.9,16278.2,588.071
45.11,16075,16287.2,16278.4,-212.175
45.12,16650,16287.4,16278.7,362.578
45.13,16325,16287.7,16279,37.3307
45.14,16800,16287.9,16279.2,512.082
45.15,17075,16288.2,16279.5,786.832
45.16,16450,16288.4,16279.8,161.582
45.17,16875,16288.7,16280.1,586.33
45.18,15500,16288.9,16280.3,-788.922
45.19,17225,16289.2,16280.6,935.824
45.2,16225,16289.4,16280.9,-64.43
45.21,16250,16289.7,16281.2,-39.6852
45.22,16600,16289.9,16281.4,310.059
45.23,16450,16290.2,16281.7,159.802
45.24,16725,16290.5,16282,434.544
45.25,16750,16290.7,16282.3,459.285
45.26,15425,16291,16282.6,-865.975
45.27,17350,16291.2,16282.8,1058.76
45.28,16725,16291.5,16283.1,433.503
45.29,16350,16291.8,16283.4,58.2406
45.3,15850,16292,16283.7,-442.023
45.31,15775,16292.3,16284,-517.287
45.32,16550,16292.6,16284.2,257.448
45.33,17200,16292.8,16284.5,907.182
45.34,17325,16293.1,16284.8,1031.92
45.35,16525,16293.4,16285.1,231.648
45.36,16775,16293.6,16285.4,481.38
45.37,15900,16293.9,16285.7,-393.89
45.38,16450,16294.2,16285.9,155.84
45.39,16700,16294.4,16286.2,405.569
45.4,16725,16294.7,16286.5,430.298
45.41,16675,16295,16286.8,380.025
45.42,16250,16295.2,16287.1,-45.2485
45.43,17350,16295.5,16287.4,1054.48
45.44,17350,16295.8,16287.7,1054.2
45.45,16275,16296.1,16287.9,-21.0738
45.46,17050,16296.4,16288.2,753.649
45.47,16025,16296.6,16288.5,-271.628
45.48,16800,16296.9,16288.8,503.093
45.49,16800,16297.2,16289.1,502.814
45.5,15875,16297.5,16289.4,-422.466
45.51,17125,16297.7,16289.7,827.254
45.52,17450,16298,16290,1151.97
45.53,16175,16298.3,16290.3,-123.31
45.54,16300,16298.6,16290.6,1.40633
45.55,16500,16298.9,16290.9,201.122
45.56,17475,16299.2,16291.1,1175.84
45.57,16550,16299.4,16291.4,250.552
45.58,16600,16299.7,16291.7,300.266
45.59,16250,16300,16292,-50.0215
45.6,16575,16300.3,16292.3,274.691
45.61,16750,16300.6,16292.6,449.402
45.62,15925,16300.9,16292.9,-375.888
45.63,17375,16301.2,16293.2,1073.82
45.64,17725,16301.5,16293.5,1423.53
45.65,16525,16301.8,16293.8,223.239
45.66,16400,16302.1,16294.1,97.9468
45.67,17425,16302.3,16294.4,1122.65
45.68,15675,16302.6,16294.7,-627.641
45.69,16800,16302.9,16295,497.065
45.7,16875,16303.2,16295.3,571.769
45.71,17575,16303.5,16295.6,1271.47
45.72,17275,16303.8,16295.9,971.175
45.73,15400,16304.1,16296.2,-904.123
45.74,16700,16304.4,16296.5,395.579
45.75,16300,16304.7,16296.8,-4.72058
45.76,16550,16305,16297.1,244.979
45.77,17125,16305.3,16297.4,819.678
45.78,16700,16305.6,16297.7,394.377
45.79,15925,16305.9,16298,-380.926
45.8,16850,16306.2,16298.3,543.771
45.81,17625,16306.5,16298.6,1318.47
45.82,17825,16306.8,16299,1518.16
45.83,17100,16307.1,16299.3,792.857
45.84,17000,16307.4,16299.6,692.551
45.85,15875,16307.8,16299.9,-432.756
45.86,16400,16308.1,16300.2,91.9365
45.87,16600,16308.4,16300.5,291.628
45.88,16650,16308.7,16300.8,341.319
45.89,16925,16309,16301.1,616.009
45.9,16925,16309.3,16301.4,615.699
45.91,16475,16309.6,16301.7,165.387
45.92,16100,16309.9,16302,-209.925
45.93,16475,16310.2,16302.3,164.762
45.94,17225,16310.6,16302.7,914.449
45.95,15625,16310.9,16303,-685.865
45.96,16550,16311.2,16303.3,238.82
45.97,17575,16311.5,16303.6,1263.5
45.98,15925,16311.8,16303.9,-386.813
45.99,16300,16312.1,16304.2,-12.1298
46,16075,16312.4,16304.5,-237.448
46.01,16925,16312.8,16304.9,612.234
46.02,15200,16313.1,16305.2,-1113.09
46.03,15900,16313.4,16305.5,-413.406
46.04,16550,16313.7,16305.8,236.273
46.05,16600,16314,16306.1,285.952
46.06,16275,16314.4,16306.4,-39.3706
46.07,17350,16314.7,16306.8,1035.31
46.08,17325,16315,16307.1,1009.98
46.09,16800,16315.3,16307.4,484.658
46.1,16450,16315.7,16307.7,134.333
46.11,17450,16316,16308,1134.01
46.12,17350,16316.3,16308.3,1033.68
46.13,16525,16316.6,16308.7,208.353
46.14,16500,16317,16309,183.024
46.15,16575,16317.3,16309.3,257.696
46.16,16725,16317.6,16309.6,407.366
46.17,16600,16318,16310,282.036
46.18,16500,16318.3,16310.3,181.704
46.19,16775,16318.6,16310.6,456.373
46.2,15200,16319,16310.9,-1118.96
46.21,16900,16319.3,16311.2,580.707
46.22,16275,16319.6,16311.6,-44.6274
46.23,16650,16320,16311.9,330.038
46.24,17225,16320.3,16312.2,904.702
46.25,16225,16320.6,16312.5,-95.634
46.26,16275,16321,16312.9,-45.9711
46.27,17400,16321.3,16313.2,1078.69
46.28,16775,16321.6,16313.5,453.353
46.29,15975,16322,16313.8,-346.987
46.3,16850,16322.3,16314.2,527.673
46.31,16800,16322.7,16314.5,477.333
46.32,15500,16323,16314.8,-823.009
46.33,17075,16323.4,16315.2,751.649
46.34,16675,16323.7,16315.5,351.306
46.35,17825,16324,16315.8,1500.96
46.36,16225,16324.4,16316.1,-99.3824
46.37,17100,16324.7,16316.5,775.272
46.38,16850,16325.1,16316.8,524.926
46.39,16100,16325.4,16317.1,-225.42
46.4,17550,16325.8,16317.5,1224.23
46.41,16725,16326.1,16317.8,398.884
46.42,16150,16326.5,16318.1,-176.465
46.43,16050,16326.8,16318.5,-276.815
46.44,17125,16327.2,16318.8,797.834
46.45,16700,16327.5,16319.1,372.483
46.46,16200,16327.9,16319.5,-127.87
46.47,16500,16328.2,16319.8,171.777
46.48,16700,16328.6,16320.1,371.424
46.49,17550,16328.9,16320.5,1221.07
46.5,16600,16329.3,16320.8,270.714
46.51,16275,16329.6,16321.1,-54.6422
46.52,16575,16330,16321.5,245.001
46.53,17200,16330.4,16321.8,869.643
46.54,17275,16330.7,16322.2,944.285
46.55,16675,16331.1,16322.5,343.925
46.56,16900,16331.4,16322.8,568.565
46.57,16625,16331.8,16323.2,293.204
46.58,16925,16332.2,16323.5,592.843
46.59,16350,16332.5,16323.8,17.48
46.6,16300,16332.9,16324.2,-32.8833
46.61,16500,16333.2,16324.5,166.752
46.62,16050,16333.6,16324.9,-283.613
46.63,17075,16334,16325.2,741.022
46.64,16350,16334.3,16325.6,15.6549
46.65,16800,16334.7,16325.9,465.287
46.66,15600,16335.1,16326.2,-735.081
46.67,15125,16335.5,16326.6,-1210.45
46.68,17850,16335.8,16326.9,1514.18
46.69,16850,16336.2,16327.3,513.809
46.7,16450,16336.6,16327.6,113.437
46.71,16475,16336.9,16328,138.064
46.72,16775,16337.3,16328.3,437.691
46.73,16900,16337.7,16328.6,562.316
46.74,16725,16338.1,16329,386.941
46.75,17350,16338.4,16329.3,1011.56
46.76,16650,16338.8,16329.7,311.187
46.77,16275,16339.2,16330,-64.1907
46.78,16100,16339.6,16330.4,-239.57
46.79,18125,16339.9,16330.7,1785.05
46.8,17350,16340.3,16331.1,1009.67
46.81,16850,16340.7,16331.4,509.288
46.82,17650,16341.1,16331.8,1308.91
46.83,16325,16341.5,16332.1,-16.4783
46.84,16075,16341.9,16332.5,-266.863
46.85,17450,16342.2,16332.8,1107.75
46.86,16575,16342.6,16333.2,232.365
46.87,17625,16343,16333.5,1281.98
46.88,17275,16343.4,16333.9,931.589
46.89,16200,16343.8,16334.2,-143.8
46.9,16400,16344.2,16334.6,55.8094
46.91,16675,16344.6,16334.9,330.418
46.92,17350,16345,16335.3,1005.03
46.93,15725,16345.4,16335.6,-620.368
46.94,17150,16345.8,16336,804.237
46.95,16875,16346.2,16336.3,528.842
46.96,16650,16346.6,16336.7,303.445
46.97,17275,16347,16337,928.048
46.98,16925,16347.4,16337.4,577.649
46.99,16575,16347.8,16337.7,227.249
47,17650,16348.2,16338.1,1301.85
47.01,16875,16348.6,16338.4,526.446
47.02,17925,16349,16338.8,1576.04
47.03,16550,16349.4,16339.2,200.638
47.04,15500,16349.8,16339.5,-849.767
47.05,16725,16350.2,16339.9,374.826
47.06,16850,16350.6,16340.2,499.419
47.07,16650,16351,16340.6,299.01
47.08,17175,16351.4,16340.9,823.599
47.09,16850,16351.8,16341.3,498.188
47.1,16175,16352.2,16341.7,-177.225
47.11,16450,16352.6,16342,97.3616
47.12,16125,16353.1,16342.4,-228.053
47.13,15900,16353.5,16342.7,-453.47
47.14,15825,16353.9,16343.1,-528.887
47.15,16575,16354.3,16343.5,220.694
47.16,16725,16354.7,16343.8,370.273
47.17,16675,16355.1,16344.2,319.852
47.18,17925,16355.6,16344.5,1569.43
47.19,16725,16356,16344.9,369.004
47.2,16050,16356.4,16345.3,-306.421
47.21,16400,16356.8,16345.6,43.1515
47.22,16250,16357.3,16346,-107.277
47.23,15400,16357.7,16346.3,-957.707
47.24,16625,16358.1,16346.7,266.862
47.25,17225,16358.6,16347.1,866.429
47.26,16175,16359,16347.4,-184.006
47.27,16600,16359.4,16347.8,240.558
47.28,17875,16359.9,16348.2,1515.12
47.29,17075,16360.3,16348.5,714.681
47.3,16725,16360.8,16348.9,364.241
47.31,16950,16361.2,16349.3,588.798
47.32,17725,16361.6,16349.6,1363.35
47.33,16975,16362.1,16350,612.909
47.34,16700,16362.5,16350.4,337.461
47.35,16600,16363,16350.7,237.012
47.36,16950,16363.4,16351.1,586.561
47.37,16850,16363.9,16351.5,486.108
47.38,16350,16364.3,16351.8,-14.3462
47.39,15900,16364.8,16352.2,-464.803
47.4,15800,16365.3,16352.6,-565.261
47.41,16275,16365.7,16352.9,-90.7211
47.42,17275,16366.2,16353.3,908.817
47.43,17575,16366.6,16353.7,1208.35
47.44,16550,16367.1,16354,182.886
47.45,16975,16367.6,16354.4,607.418
47.46,17475,16368.1,16354.8,1106.95
47.47,17575,16368.5,16355.1,1206.48
47.48,17050,16369,16355.5,681.001
47.49,17175,16369.5,16355.9,805.524
47.5,17725,16370,16356.3,1355.04
47.51,17000,16370.4,16356.6,629.563
47.52,17350,16370.9,16357,979.079
47.53,16575,16371.4,16357.4,203.593
47.54,15900,16371.9,16357.8,-471.895
47.55,16125,16372.4,16358.1,-247.387
47.56,16250,16372.9,16358.5,-122.88
47.57,16000,16373.4,16358.9,-373.377
47.58,15075,16373.9,16359.2,-1298.88
47.59,17175,16374.4,16359.6,800.622
47.6,16975,16374.9,16360,600.118
47.61,17150,16375.4,16360.4,774.61
47.62,17625,16375.9,16360.7,1249.1
47.63,16525,16376.4,16361.1,148.587
47.64,16800,16376.9,16361.5,423.07
47.65,17400,16377.4,16361.9,1022.55
47.66,16925,16378,16362.2,547.028
47.67,17000,16378.5,16362.6,621.502
47.68,16725,16379,16363,345.972
47.69,16525,16379.6,16363.4,145.439
47.7,16525,16380.1,16363.8,144.902
47.71,16075,16380.6,16364.1,-305.638
47.72,16325,16381.2,16364.5,-56.1822
47.73,16450,16381.7,16364.9,68.2696
47.74,16650,16382.3,16365.3,267.717
47.75,16675,16382.8,16365.6,292.161
47.76,16900,16383.4,16366,516.6
47.77,17375,16384,16366.4,991.034
47.78,17450,16384.5,16366.8,1065.46
47.79,16800,16385.1,16367.2,414.888
47.8,16500,16385.7,16367.5,114.307
47.81,16625,16386.3,16367.9,238.721
47.82,16550,16386.9,16368.3,163.129
47.83,17600,16387.5,16368.7,1212.53
47.84,18050,16388.1,16369.1,1661.93
47.85,16325,16388.7,16369.4,-63.6842
47.86,16900,16389.3,16369.8,510.697
47.87,16900,16389.9,16370.2,510.071
47.88,16550,16390.6,16370.6,159.437
47.89,16450,16391.2,16371,58.7938
47.9,15425,16391.9,16371.4,-966.859
47.91,16775,16392.5,16371.7,382.479
47.92,17300,16393.2,16372.1,906.805
47.93,17400,16393.9,16372.5,1006.12
47.94,16925,16394.6,16372.9,530.421
47.95,16300,16395.3,16373.3,-95.2917
47.96,17500,16396,16373.7,1103.98
47.97,16125,16396.8,16374,-271.764
47.98,16775,16397.5,16374.4,377.473
47.99,17550,16398.3,16374.8,1151.69
48,16250,16399.1,16375.2,-149.114
48.01,15875,16399.9,16375.6,-524.943
48.02,17625,16400.8,16376,1224.2
48.03,17850,16401.7,16376.4,1448.32
48.04,17525,16402.6,16376.8,1122.4
48.05,17800,16403.6,16377.1,1396.45
48.06,16125,16404.5,16377.5,-279.544
48.07,15475,16405.6,16377.9,-930.578
48.08,17225,16406.7,16378.3,818.34
48.09,17150,16407.8,16378.7,742.205
48.1,16850,16409,16379.1,441.012
48.11,15325,16410.2,16379.5,-1085.24
48.12,16525,16411.6,16379.9,113.429
48.13,15800,16413,16380.2,-612.976
48.14,15725,16414.5,16380.6,-689.465
48.15,16000,16416,16381,-416.049
48.16,16025,16417.7,16381.4,-392.735
48.17,17200,16419.5,16381.8,780.465
48.18,17950,16421.5,16382.2,1528.54
48.19,17475,16423.5,16382.6,1051.48
48.2,17325,16425.7,16383,899.274
48.21,16400,16428.1,16383.4,-28.0972
48.22,17700,16430.6,16383.8,1269.35
48.23,16775,16433.4,16384.1,341.612
48.24,16700,16436.3,16384.5,263.659
48.25,17375,16439.5,16384.9,935.476
48.26,17825,16443,16385.3,1382.04
48.27,17500,16446.7,16385.7,1053.34
48.28,16325,16450.7,16386.1,-125.652
48.29,17600,16455,16386.5,1145.04
48.3,17650,16459.6,16386.9,1190.39
48.31,17825,16464.6,16387.3,1360.37
48.32,15225,16470.1,16387.7,-1245.05
48.33,16875,16475.9,16388.1,399.106
48.34,16750,16482.2,16388.5,267.807
48.35,18750,16489,16388.9,2261.02
48.36,17275,16496.3,16389.3,778.709
48.37,17575,16504.2,16389.6,1070.84
48.38,17500,16512.6,16390,987.379
48.39,16875,16521.7,16390.4,353.285
48.4,16975,16531.5,16390.8,443.521
48.41,16950,16542,16391.2,408.047
48.42,16600,16553.2,16391.6,46.8214
48.43,16150,16565.2,16392,-415.196
48.44,17575,16578,16392.4,996.952
48.45,17375,16591.8,16392.8,783.224
48.46,17750,16606.4,16393.2,1143.58
48.47,17100,16622,16393.6,477.964
48.48,17325,16638.7,16394,686.348
48.49,17550,16656.3,16394.4,893.684
48.5,17275,16675.1,16394.8,599.931
48.51,17125,16695,16395.2,430.047
48.52,17475,16716,16395.6,758.995
48.53,17400,16738.3,16396,661.735
48.54,17750,16761.8,16396.4,988.231
48.55,16900,16786.5,16396.8,113.451
48.56,17325,16812.6,16397.2,512.362
48.57,17875,16840.1,16397.6,1034.94
48.58,17125,16868.9,16398,256.15
48.59,17000,16899,16398.4,100.98
48.6,18225,16930.6,16398.8,1294.41
48.61,18400,16963.6,16399.2,1436.43
48.62,17575,16998,16399.6,577.021
48.63,18575,17033.8,16400,1541.19
48.64,17825,17071.1,16400.4,753.94
48.65,17850,17109.7,16400.8,740.275
48.66,18125,17149.8,16401.2,975.21
48.67,19100,17191.2,16401.6,1908.77
48.68,19050,17234,16402,1815.97
48.69,17400,17278.1,16402.4,121.861
48.7,18575,17323.5,16402.8,1251.47
48.71,18750,17370.1,16403.2,1379.86
48.72,20050,17417.9,16403.6,2632.08
48.73,17800,17466.8,16404,333.19
48.74,19975,17516.7,16404.4,2458.27
48.75,20725,17567.6,16404.8,3157.39
48.76,19900,17619.4,16405.2,2280.64
48.77,20050,17671.9,16405.6,2378.12
48.78,21150,17725.1,16406,3424.93
48.79,20750,17778.8,16406.4,2971.18
48.8,21425,17833,16406.8,3591.99
48.81,22150,17887.5,16407.2,4262.47
48.82,23075,17942.2,16407.6,5132.77
48.83,23150,17997,16408,5153.02
48.84,23075,18051.6,16408.4,5023.35
48.85,24675,18106.1,16408.8,6568.93
48.86,24250,18160.1,16409.2,6089.9
48.87,25750,18213.6,16409.6,7536.42
48.88,26125,18266.4,16410,7858.65
48.89,27500,18318.2,16410.5,9181.76
48.9,27125,18369.1,16410.9,8755.92
48.91,27275,18418.7,16411.3,8856.29
48.92,27300,18467,16411.7,8833.04
48.93,26950,18513.7,16412.1,8436.35
48.94,26400,18558.6,16412.5,7841.38
48.95,26625,18601.7,16412.9,8023.29
48.96,26175,18642.7,16413.3,7532.26
48.97,24775,18681.6,16413.7,6093.44
48.98,25225,18718,16414.1,6506.97
48.99,24750,18752,16414.5,5998.01
49,24475,18783.3,16414.9,5691.7
49.01,24825,18811.8,16415.3,6013.16
49.02,24050,18837.5,16415.7,5212.5
49.03,23975,18860.2,16416.1,5114.84
49.04,24875,18879.7,16416.5,5995.28
49.05,23100,18896.1,16417,4203.88
49.06,23575,18909.3,16417.4,4665.72
49.07,23425,18919.1,16417.8,4505.85
49.08,21900,18925.7,16418.2,2974.32
49.09,21050,18928.9,16418.6,2121.13
49.1,20175,18928.7,16419,1246.31
49.11,21200,18925.2,16419.4,2274.84
49.12,20100,18918.3,16419.8,1181.71
49.13,18475,18908.1,16420.2,-433.121
49.14,19925,18894.7,16420.6,1030.3
49.15,19100,18878.1,16421,221.898
49.16,18325,18858.4,16421.4,-533.388
49.17,18625,18835.7,16421.9,-210.653
49.18,17500,18810,16422.3,-1309.99
49.19,18425,18781.5,16422.7,-356.523
49.2,17175,18750.4,16423.1,-1575.36
49.21,16775,18716.6,16423.5,-1941.63
49.22,16975,18680.5,16423.9,-1705.48
49.23,18025,18642.1,16424.3,-617.05
49.24,18050,18601.5,16424.7,-551.487
49.25,19000,18558.9,16425.1,441.052
49.26,17525,18514.6,16425.5,-989.595
49.27,17000,18468.6,16426,-1468.59
49.28,16500,18421.1,16426.4,-1921.09
49.29,16525,18372.3,16426.8,-1847.28
49.3,18175,18322.3,16427.2,-147.309
49.31,16975,18271.3,16427.6,-1296.35
49.32,15750,18219.6,16428,-2469.56
49.33,18050,18167.1,16428.4,-117.114
49.34,17525,18114.2,16428.8,-589.158
49.35,18175,18060.9,16429.3,114.149
49.36,17400,18007.3,16429.7,-607.344
49.37,17300,17953.8,16430.1,-653.781
49.38,18150,17900.3,16430.5,249.699
49.39,16425,17847,16430.9,-1422.04
49.4,16850,17794.1,16431.3,-944.123
49.41,17650,17741.7,16431.7,-91.672
49.42,16875,17689.8,16432.1,-814.8
49.43,16800,17638.6,16432.5,-838.614
49.44,17225,17588.2,16433,-363.212
49.45,16650,17538.7,16433.4,-888.687
49.46,16650,17490.1,16433.8,-840.122
49.47,16600,17442.6,16434.2,-842.593
49.48,16275,17396.2,16434.6,-1121.17
49.49,16350,17350.9,16435,-1000.91
49.5,15775,17306.9,16435.4,-1531.87
49.51,16575,17264.1,16435.9,-689.101
49.52,18575,17222.6,16436.3,1352.37
49.53,17000,17182.5,16436.7,-182.505
49.54,17050,17143.7,16437.1,-93.7394
49.55,16450,17106.4,16437.5,-656.355
49.56,16200,17070.4,16437.9,-870.366
49.57,15875,17035.8,16438.3,-1160.78
49.58,17100,17002.6,16438.8,97.405
49.59,17700,16970.8,16439.2,729.19
49.6,16775,16940.4,16439.6,-165.416
49.61,17575,16911.4,16440,663.601
49.62,16275,16883.7,16440.4,-608.741
49.63,17000,16857.4,16440.8,142.578
49.64,16400,16832.4,16441.2,-432.416
49.65,17050,16808.7,16441.7,241.305
49.66,17050,16786.2,16442.1,263.771
49.67,17600,16765,16442.5,835.016
49.68,16425,16744.9,16442.9,-319.925
49.69,16975,16726,16443.3,248.985
49.7,17275,16708.2,16443.7,566.784
49.71,16950,16691.5,16444.2,258.513
49.72,16775,16675.8,16444.6,99.2118
49.73,15700,16661.1,16445,-961.078
49.74,17575,16647.3,16445.4,927.685
49.75,17625,16634.5,16445.8,990.542
49.76,16525,16622.5,16446.2,-97.4638
49.77,16750,16611.3,16446.6,138.708
49.78,16975,16600.9,16447.1,374.098
49.79,16575,16591.3,16447.5,-16.2525
49.8,17425,16582.3,16447.9,842.696
49.81,17075,16574,16448.3,500.981
49.82,16075,16566.4,16448.7,-491.358
49.83,16925,16559.3,16449.1,365.714
49.84,16175,16552.8,16449.6,-377.767
49.85,16500,16546.8,16450,-46.7655
49.86,17025,16541.3,16450.4,483.75
49.87,16050,16536.2,16450.8,-486.189
49.88,17000,16531.6,16451.2,468.449
49.89,15750,16527.3,16451.7,-777.308
49.9,16875,16523.4,16452.1,351.567
49.91,16075,16519.9,16452.5,-444.898
49.92,17300,16516.7,16452.9,783.319
49.93,15925,16513.8,16453.3,-588.756
49.94,16075,16511.1,16453.7,-436.103
49.95,15475,16508.7,16454.2,-1033.7
49.96,16300,16506.5,16454.6,-206.527
49.97,16400,16504.6,16455,-104.567
49.98,17350,16502.8,16455.4,847.197
49.99,17325,16501.2,16455.8,823.782
50,16500,16499.8,16456.2,0.201948
50.01,17175,16498.5,16456.7,676.471
50.02,16575,16497.4,16457.1,77.6023
50.03,16325,16496.4,16457.5,-171.393
50.04,15425,16495.5,16457.9,-1070.5
50.05,16900,16494.7,16458.3,405.281
50.06,16575,16494,16458.8,80.9697
50.07,16650,16493.4,16459.2,156.571
50.08,17000,16492.9,16459.6,507.093
50.09,16975,16492.5,16460,482.542
50.1,16350,16492.1,16460.4,-142.074
50.11,17100,16491.7,16460.8,608.25
50.12,16750,16491.5,16461.3,258.52
50.13,16775,16491.3,16461.7,283.741
50.14,17125,16491.1,16462.1,633.917
50.15,16975,16490.9,16462.5,484.053
50.16,17050,16490.8,16462.9,559.152
50.17,16775,16490.8,16463.4,284.217
50.18,16875,16490.7,16463.8,384.252
50.19,17100,16490.7,16464.2,609.26
50.2,17375,16490.8,16464.6,884.242
50.21,16200,16490.8,16465,-290.798
50.22,16600,16490.9,16465.5,109.141
50.23,15575,16490.9,16465.9,-915.939
50.24,16350,16491,16466.3,-141.037
50.25,16850,16491.1,16466.7,358.85
50.26,16600,16491.3,16467.1,108.722
50.27,17925,16491.4,16467.6,1433.58
50.28,17000,16491.6,16468,508.428
50.29,16225,16491.7,16468.4,-266.737
50.3,16775,16491.9,16468.8,283.088
50.31,16725,16492.1,16469.2,232.903
50.32,16900,16492.3,16469.6,407.709
50.33,16550,16492.5,16470.1,57.5067
50.34,17175,16492.7,16470.5,682.296
50.35,17825,16492.9,16470.9,1332.08
50.36,16850,16493.1,16471.3,356.855
50.37,17275,16493.4,16471.7,781.624
50.38,14900,16493.6,16472.2,-1593.61
50.39,16850,16493.9,16472.6,356.144
50.4,17200,16494.1,16473,705.895
50.41,16700,16494.4,16473.4,205.642
50.42,17050,16494.6,16473.8,555.383
50.43,16775,16494.9,16474.3,280.12
50.44,17050,16495.1,16474.7,554.852
50.45,15475,16495.4,16475.1,-1020.42
50.46,16925,16495.7,16475.5,429.303
50.47,17950,16496,16475.9,1454.02
50.48,16875,16496.3,16476.4,378.738
50.49,16525,16496.5,16476.8,28.4501
50.5,16275,16496.8,16477.2,-221.842
50.51,16500,16497.1,16477.6,2.86276
50.52,16025,16497.4,16478,-472.436
50.53,16925,16497.7,16478.5,427.262
50.54,16550,16498,16478.9,51.9563
50.55,17325,16498.4,16479.3,826.648
50.56,16575,16498.7,16479.7,76.3362
50.57,16600,16499,16480.1,101.022
50.58,17650,16499.3,16480.6,1150.7
50.59,16600,16499.6,16481,100.384
50.6,16800,16499.9,16481.4,300.061
50.61,16700,16500.3,16481.8,199.735
50.62,15725,16500.6,16482.2,-775.593
50.63,16300,16500.9,16482.7,-200.924
50.64,16525,16501.3,16483.1,23.7422
50.65,16650,16501.6,16483.5,148.406
50.66,17000,16501.9,16483.9,498.068
50.67,16500,16502.3,16484.3,-2.2727
50.68,16250,16502.6,16484.8,-252.616
50.69,16725,16503,16485.2,222.039
50.7,16200,16503.3,16485.6,-303.308
50.71,16650,16503.7,16486,146.342
50.72,16350,16504,16486.4,-154.01
50.73,16925,16504.4,16486.9,420.637
50.74,16900,16504.7,16487.3,395.281
50.75,16425,16505.1,16487.7,-80.0772
50.76,17100,16505.4,16488.1,594.563
50.77,16200,16505.8,16488.5,-305.799
50.78,16800,16506.2,16489,293.838
50.79,16925,16506.5,16489.4,418.472
50.8,17400,16506.9,16489.8,893.105
50.81,16550,16507.3,16490.2,42.7358
50.82,16350,16507.6,16490.6,-157.635
50.83,16775,16508,16491.1,266.992
50.84,16850,16508.4,16491.5,341.618
50.85,16775,16508.8,16491.9,266.242
50.86,17400,16509.1,16492.3,890.865
50.87,16625,16509.5,16492.7,115.485
50.88,15700,16509.9,16493.2,-809.896
50.89,17650,16510.3,16493.6,1139.72
50.9,17425,16510.7,16494,914.338
50.91,17125,16511,16494.4,613.953
50.92,16600,16511.4,16494.8,88.5659
50.93,17225,16511.8,16495.3,713.177
50.94,16075,16512.2,16495.7,-437.212
50.95,17275,16512.6,16496.1,762.396
50.96,16800,16513,16496.5,287.004
50.97,17050,16513.4,16496.9,536.61
50.98,16475,16513.8,16497.4,-38.7859
50.99,16775,16514.2,16497.8,260.817
51,17225,16514.6,16498.2,710.419
51.01,17100,16515,16498.6,585.02
51.02,17325,16515.4,16499,809.619
51.03,17300,16515.8,16499.5,784.217
51.04,16225,16516.2,16499.9,-291.186
51.05,16425,16516.6,16500.3,-91.591
51.06,16650,16517,16500.7,133.003
51.07,16750,16517.4,16501.1,232.596
51.08,16550,16517.8,16501.5,32.1878
51.09,15775,16518.2,16502,-743.222
51.1,16300,16518.6,16502.4,-218.632
51.11,16875,16519,16502.8,355.956
51.12,17450,16519.5,16503.2,930.543
51.13,17775,16519.9,16503.6,1255.13
51.14,16950,16520.3,16504.1,429.714
51.15,16875,16520.7,16504.5,354.297
51.16,15975,16521.1,16504.9,-546.12
51.17,16950,16521.5,16505.3,428.461
51.18,17050,16522,16505.7,528.041
51.19,16775,16522.4,16506.2,252.62
51.2,16150,16522.8,16506.6,-372.801
51.21,15350,16523.2,16507,-1173.22
51.22,17000,16523.6,16507.4,476.352
51.23,15725,16524.1,16507.8,-799.074
51.24,16700,16524.5,16508.2,175.5
51.25,16975,16524.9,16508.7,450.073
51.26,16350,16525.4,16509.1,-175.355
51.27,16200,16525.8,16509.5,-325.784
51.28,16450,16526.2,16509.9,-76.2148
51.29,17300,16526.6,16510.3,773.354
51.3,16125,16527.1,16510.8,-402.078
51.31,16550,16527.5,16511.2,22.4883
51.32,17025,16527.9,16511.6,497.054
51.33,16875,16528.4,16512,346.619
51.34,16750,16528.8,16512.4,221.182
51.35,15400,16529.3,16512.8,-1129.26
51.36,17100,16529.7,16513.3,570.307
51.37,16750,16530.1,16513.7,219.867
51.38,17700,16530.6,16514.1,1169.43
51.39,16250,16531,16514.5,-281.014
51.4,16600,16531.5,16514.9,68.5435
51.41,17650,16531.9,16515.3,1118.1
51.42,16750,16532.3,16515.8,217.656
51.43,16725,16532.8,16516.2,192.211
51.44,17300,16533.2,16516.6,766.765
51.45,17150,16533.7,16517,616.318
51.46,17225,16534.1,16517.4,690.87
51.47,17300,16534.6,16517.9,765.42
51.48,16850,16535,16518.3,314.97
51.49,17075,16535.5,16518.7,539.519
51.5,17075,16535.9,16519.1,539.068
51.51,16325,16536.4,16519.5,-211.385
51.52,17125,16536.8,16519.9,588.161
51.53,16250,16537.3,16520.3,-287.294
51.54,16725,16537.8,16520.8,187.25
51.55,16425,16538.2,16521.2,-113.207
51.56,17575,16538.7,16521.6,1036.34
51.57,17000,16539.1,16522,460.877
51.58,17350,16539.6,16522.4,810.417
51.59,16675,16540,16522.8,134.956
51.6,18325,16540.5,16523.3,1784.49
51.61,16900,16541,16523.7,359.032
51.62,16775,16541.4,16524.1,233.568
51.63,16575,16541.9,16524.5,33.1033
51.64,16575,16542.4,16524.9,32.6376
51.65,17225,16542.8,16525.3,682.171
51.66,17100,16543.3,16525.8,556.703
51.67,15900,16543.8,16526.2,-643.766
51.68,16425,16544.2,16526.6,-119.235
51.69,17300,16544.7,16527,755.294
51.7,17200,16545.2,16527.4,654.822
51.71,17275,16545.7,16527.8,729.349
51.72,17650,16546.1,16528.2,1103.88
51.73,16575,16546.6,16528.7,28.4005
51.74,16650,16547.1,16529.1,102.924
51.75,16225,16547.6,16529.5,-322.553
51.76,17700,16548,16529.9,1151.97
51.77,16325,16548.5,16530.3,-223.51
51.78,17350,16549,16530.7,801.01
51.79,18000,16549.5,16531.1,1450.53
51.8,16775,16550,16531.6,225.046
51.81,16075,16550.4,16532,-475.438
51.82,16600,16550.9,16532.4,49.0778
51.83,16750,16551.4,16532.8,198.592
51.84,17775,16551.9,16533.2,1223.11
51.85,17025,16552.4,16533.6,472.617
51.86,17575,16552.9,16534,1022.13
51.87,16950,16553.4,16534.4,396.637
51.88,17050,16553.9,16534.9,496.146
51.89,16925,16554.3,16535.3,370.653
51.9,16700,16554.8,16535.7,145.159
51.91,16275,16555.3,16536.1,-280.336
51.92,17075,16555.8,16536.5,519.167
51.93,16625,16556.3,16536.9,68.6696
51.94,16525,16556.8,16537.3,-31.8293
51.95,16925,16557.3,16537.7,367.67
51.96,15850,16557.8,16538.2,-707.831
51.97,17050,16558.3,16538.6,491.666
51.98,15975,16558.8,16539,-583.838
51.99,16200,16559.3,16539.4,-359.343
52,17425,16559.8,16539.8,865.15
52.01,17175,16560.4,16540.2,614.642
52.02,17075,16560.9,16540.6,514.133
52.03,16625,16561.4,16541,63.6219
52.04,16750,16561.9,16541.4,188.11
52.05,16350,16562.4,16541.8,-212.404
52.06,16000,16562.9,16542.3,-562.919
52.07,16175,16563.4,16542.7,-388.435
52.08,17175,16564,16543.1,611.047
52.09,16075,16564.5,16543.5,-489.473
52.1,17200,16565,16543.9,635.006
52.11,16750,16565.5,16544.3,184.484
52.12,16625,16566,16544.7,58.9595
52.13,17075,16566.6,16545.1,508.434
52.14,17025,16567.1,16545.5,457.907
52.15,16325,16567.6,16545.9,-242.622
52.16,16700,16568.2,16546.4,131.847
52.17,15725,16568.7,16546.8,-843.685
52.18,17025,16569.2,16547.2,455.781
52.19,16475,16569.8,16547.6,-94.7541
52.2,17475,16570.3,16548,904.709
52.21,16725,16570.8,16548.4,154.17
52.22,16425,16571.4,16548.8,-146.371
52.23,15400,16571.9,16549.2,-1171.91
52.24,16550,16572.5,16549.6,-22.4581
52.25,15925,16573,16550,-648.004
52.26,17400,16573.6,16550.4,826.447
52.27,17275,16574.1,16550.8,700.897
52.28,16575,16574.7,16551.3,0.345173
52.29,17275,16575.2,16551.7,699.791
52.3,16350,16575.8,16552.1,-225.765
52.31,16550,16576.3,16552.5,-26.3231
52.32,17050,16576.9,16552.9,473.117
52.33,16450,16577.4,16553.3,-127.446
52.34,16575,16578,16553.7,-3.01001
52.35,16725,16578.6,16554.1,146.423
52.36,16700,16579.1,16554.5,120.855
52.37,17900,16579.7,16554.9,1320.28
52.38,16850,16580.3,16555.3,269.71
52.39,16675,16580.9,16555.7,94.1343
52.4,16275,16581.4,16556.1,-306.444
52.41,16400,16582,16556.5,-182.024
52.42,16925,16582.6,16556.9,342.393
52.43,16625,16583.2,16557.3,41.8072
52.44,16700,16583.8,16557.7,116.219
52.45,17625,16584.4,16558.1,1040.63
52.46,17150,16585,16558.6,565.035
52.47,16725,16585.6,16559,139.439
52.48,16850,16586.2,16559.4,263.841
52.49,18175,16586.8,16559.8,1588.24
52.5,16800,16587.4,16560.2,212.635
52.51,16550,16588,16560.6,-37.9718
52.52,16625,16588.6,16561,36.4181
52.53,16800,16589.2,16561.4,210.805
52.54,16700,16589.8,16561.8,110.189
52.55,15825,16590.4,16562.2,-765.43
52.56,16525,16591.1,16562.6,-66.0523
52.57,15475,16591.7,16563,-1116.68
52.58,17800,16592.3,16563.4,1207.69
52.59,16950,16592.9,16563.8,357.061
52.6,16475,16593.6,16564.2,-118.574
52.61,16275,16594.2,16564.6,-319.213
52.62,16275,16594.9,16565,-319.856
52.63,17500,16595.5,16565.4,904.498
52.64,17400,16596.2,16565.8,803.848
52.65,16725,16596.8,16566.2,128.195
52.66,16225,16597.5,16566.6,-372.463
52.67,15800,16598.1,16567,-798.124
52.68,16200,16598.8,16567.4,-398.789
52.69,16725,16599.5,16567.8,125.541
52.7,17100,16600.1,16568.2,499.868
52.71,17450,16600.8,16568.6,849.19
52.72,17000,16601.5,16569,398.508
52.73,16025,16602.2,16569.4,-577.178
52.74,17225,16602.9,16569.8,622.131
52.75,17125,16603.6,16570.2,521.435
52.76,16875,16604.3,16570.6,270.735
52.77,16675,16605,16571,70.0299
52.78,17575,16605.7,16571.4,969.32
52.79,17075,16606.4,16571.8,468.605
52.8,17375,16607.1,16572.2,767.885
52.81,16800,16607.8,16572.6,192.159
52.82,15675,16608.6,16573,-933.571
52.83,16950,16609.3,16573.4,340.692
52.84,17225,16610,16573.8,614.95
52.85,16900,16610.8,16574.2,289.203
52.86,17150,16611.6,16574.6,538.449
52.87,17125,16612.3,16575,512.689
52.88,16650,16613.1,16575.4,36.9232
52.89,16500,16613.8,16575.8,-113.849
52.9,16650,16614.6,16576.2,35.372
52.91,17025,16615.4,16576.6,409.586
52.92,17825,16616.2,16576.9,1208.79
52.93,17700,16617,16577.3,1082.99
52.94,16850,16617.8,16577.7,232.187
52.95,17625,16618.6,16578.1,1006.37
52.96,16100,16619.4,16578.5,-519.45
52.97,17350,16620.3,16578.9,729.72
52.98,16975,16621.1,16579.3,353.881
52.99,17575,16622,16579.7,953.033
53,16725,16622.8,16580.1,102.177
53.01,17775,16623.7,16580.5,1151.31
53.02,16250,16624.6,16580.9,-374.564
53.03,16300,16625.4,16581.3,-325.449
53.04,16750,16626.3,16581.7,123.655
53.05,16500,16627.3,16582.1,-127.251
53.06,17025,16628.2,16582.5,396.831
53.07,17425,16629.1,16582.9,795.901
53.08,17325,16630,16583.2,694.959
53.09,16575,16631,16583.6,-55.9964
53.1,16400,16632,16584,-231.965
53.11,16400,16632.9,16584.4,-232.949
53.12,17550,16633.9,16584.8,916.052
53.13,17350,16635,16585.2,715.037
53.14,16675,16636,16585.6,39.0043
53.15,16075,16637,16586,-562.046
53.16,16775,16638.1,16586.4,136.883
53.17,16500,16639.2,16586.8,-139.208
53.18,16800,16640.3,16587.1,159.679
53.19,17350,16641.5,16587.5,708.542
53.2,17325,16642.6,16587.9,682.38
53.21,17475,16643.8,16588.3,831.19
53.22,16125,16645,16588.7,-520.029
53.23,16800,16646.3,16589.1,153.72
53.24,17475,16647.6,16589.5,827.436
53.25,16575,16648.9,16589.9,-73.886
53.26,15125,16650.2,16590.3,-1525.25
53.27,16175,16651.7,16590.6,-476.652
53.28,17000,16653.1,16591,346.897
53.29,16700,16654.6,16591.4,45.3957
53.3,17400,16656.2,16591.8,743.839
53.31,17900,16657.8,16592.2,1242.22
53.32,17525,16659.5,16592.6,865.544
53.33,16800,16661.2,16593,138.794
53.34,17175,16663,16593.3,511.968
53.35,16350,16664.9,16593.7,-314.94
53.36,16750,16666.9,16594.1,83.0614
53.37,17900,16669,16594.5,1230.97
53.38,17325,16671.2,16594.9,653.765
53.39,17000,16673.6,16595.3,326.449
53.4,17000,16676,16595.7,324.008
53.41,16675,16678.6,16596,-3.56786
53.42,16600,16681.3,16596.4,-81.2906
53.43,16500,16684.2,16596.8,-184.173
53.44,16650,16687.2,16597.2,-37.2269
53.45,17750,16690.5,16597.6,1059.53
53.46,18075,16693.9,16598,1381.09
53.47,16875,16697.6,16598.3,177.426
53.48,17225,16701.5,16598.7,523.527
53.49,16900,16705.6,16599.1,194.373
53.5,17400,16710.1,16599.5,689.943
53.51,17375,16714.8,16599.9,660.215
53.52,16775,16719.8,16600.2,55.1669
53.53,16125,16725.2,16600.6,-600.226
53.54,17725,16731,16601,994.01
53.55,16200,16737.2,16601.4,-537.153
53.56,17425,16743.7,16601.8,681.256
53.57,15400,16750.8,16602.1,-1350.79
53.58,16250,16758.3,16602.5,-508.336
53.59,16500,16766.4,16602.9,-266.403
53.6,18000,16775,16603.3,1224.97
53.61,16575,16784.3,16603.7,-209.264
53.62,17900,16794.1,16604,1105.87
53.63,16475,16804.7,16604.4,-329.688
53.64,18475,16816,16604.8,1659.03
53.65,17350,16828,16605.2,521.984
53.66,16875,16840.9,16605.6,34.1155
53.67,17125,16854.6,16605.9,270.379
53.68,17500,16869.3,16606.3,630.724
53.69,17275,16884.9,16606.7,390.098
53.7,16900,16901.6,16607.1,-1.55433
53.71,17425,16919.3,16607.4,505.712
53.72,16525,16938.2,16607.8,-413.162
53.73,15175,16958.2,16608.2,-1783.23
53.74,16875,16979.6,16608.6,-104.564
53.75,16200,17002.2,16608.9,-802.215
53.76,16725,17026.2,16609.3,-301.247
53.77,16250,17051.7,16609.7,-801.726
53.78,16450,17078.7,16610.1,-628.714
53.79,15800,17107.3,16610.4,-1307.28
53.8,16425,17137.5,16610.8,-712.477
53.81,16875,17169.4,16611.2,-294.381
53.82,17875,17203.1,16611.6,671.947
53.83,16775,17238.6,16611.9,-463.557
53.84,17000,17276,16612.3,-275.954
53.85,15850,17315.3,16612.7,-1465.31
53.86,17775,17356.7,16613,418.321
53.87,17375,17400.1,16613.4,-25.1259
53.88,16250,17445.7,16613.8,-1195.7
53.89,16725,17493.5,16614.2,-768.468
53.9,17025,17543.5,16614.5,-518.469
53.91,17600,17595.8,16614.9,4.24514
53.92,16600,17650.4,16615.3,-1050.37
53.93,16625,17707.4,16615.6,-1082.35
53.94,15900,17766.7,16616,-1866.74
53.95,17575,17828.6,16616.4,-253.561
53.96,17400,17892.8,16616.7,-492.844
53.97,17900,17959.6,16617.1,-59.606
53.98,17150,18028.9,16617.5,-878.861
53.99,16350,18100.6,16617.8,-1750.62
54,16875,18174.9,16618.2,-1299.87
54.01,17050,18251.6,16618.6,-1201.62
54.02,17025,18330.8,16618.9,-1305.85
54.03,18275,18412.5,16619.3,-137.527
54.04,16775,18496.6,16619.7,-1721.63
54.05,17825,18583.1,16620,-758.12
54.06,18675,18671.9,16620.4,3.05685
54.07,18400,18763,16620.8,-363.043
54.08,17550,18856.4,16621.1,-1306.35
54.09,17750,18951.8,16621.5,-1201.79
54.1,18425,19049.3,16621.9,-624.278
54.11,17550,19148.7,16622.2,-1598.71
54.12,18350,19250,16622.6,-899.987
54.13,19550,19353,16623,197.014
54.14,18900,19457.6,16623.3,-557.583
54.15,17975,19563.6,16623.7,-1588.64
54.16,18475,19671,16624,-1196.01
54.17,18300,19779.5,16624.4,-1479.54
54.18,18600,19889.1,16624.8,-1289.06
54.19,19150,19999.4,16625.1,-849.386
54.2,19275,20110.3,16625.5,-835.344
54.21,19250,20221.7,16625.9,-971.736
54.22,18750,20333.4,16626.2,-1583.36
54.23,19350,20445,16626.6,-1095
54.24,19925,20556.4,16626.9,-631.443
54.25,20500,20667.5,16627.3,-167.458
54.26,19850,20777.8,16627.7,-927.813
54.27,21600,20887.3,16628,712.73
54.28,21400,20995.6,16628.4,404.418
54.29,20900,21102.5,16628.7,-202.499
54.3,21475,21207.8,16629.1,267.231
54.31,21525,21311.1,16629.4,213.866
54.32,22025,21412.3,16629.8,612.664
54.33,24175,21511.1,16630.2,2663.89
54.34,23775,21607.2,16630.5,2167.79
54.35,24425,21700.4,16630.9,2724.65
54.36,25250,21790.3,16631.2,3459.7
54.37,25950,21876.8,16631.6,4073.21
54.38,26850,21959.6,16631.9,4890.42
54.39,26650,22038.4,16632.3,4611.57
54.4,25300,22113.1,16632.7,3186.91
54.41,26375,22183.3,16633,4191.66
54.42,27775,22249,16633.4,5526.03
54.43,26875,22309.8,16633.7,4565.23
54.44,26475,22365.6,16634.1,4109.44
54.45,25325,22416.2,16634.4,2908.85
54.46,25075,22461.4,16634.8,2613.61
54.47,23500,22501.1,16635.1,998.873
54.48,24050,22535.2,16635.5,1514.76
54.49,24950,22563.6,16635.8,2386.38
54.5,25025,22586.2,16636.2,2438.81
54.51,24000,22602.9,16636.5,1397.14
54.52,23175,22613.6,16636.9,561.406
54.53,24450,22618.4,16637.2,1831.64
54.54,24475,22617.2,16637.6,1857.84
54.55,22750,22610,16637.9,140.008
54.56,22250,22596.9,16638.3,-346.895
54.57,21725,22577.9,16638.6,-852.919
54.58,21375,22553.1,16639,-1178.13
54.59,21600,22522.6,16639.3,-922.631
54.6,21025,22486.5,16639.7,-1461.52
54.61,21725,22444.9,16640,-719.911
54.62,21275,22398,16640.4,-1122.96
54.63,20600,22345.8,16640.7,-1745.81
54.64,20650,22288.6,16641.1,-1638.63
54.65,19450,22226.6,16641.4,-2776.62
54.66,18675,22160,16641.8,-3484.96
54.67,19450,22088.9,16642.1,-2638.86
54.68,19800,22013.5,16642.4,-2213.53
54.69,18600,21934.2,16642.8,-3334.21
54.7,18625,21851.1,16643.1,-3226.12
54.71,18475,21764.5,16643.5,-3289.5
54.72,19050,21674.6,16643.8,-2624.61
54.73,19275,21581.7,16644.2,-2306.68
54.74,18075,21486,16644.5,-3410.97
54.75,18750,21387.7,16644.8,-2637.74
54.76,17725,21287.2,16645.2,-3562.23
54.77,17875,21184.7,16645.5,-3309.71
54.78,18375,21080.4,16645.9,-2705.43
54.79,17175,20974.6,16646.2,-3799.63
54.8,18200,20867.6,16646.6,-2667.57
54.81,17725,20759.5,16646.9,-3034.5
54.82,17300,20650.6,16647.2,-3350.64
54.83,17575,20541.2,16647.6,-2966.24
54.84,17400,20431.5,16647.9,-3031.52
54.85,17100,20321.7,16648.3,-3221.7
54.86,17725,20212,16648.6,-2487
54.87,17425,20102.6,16648.9,-2677.62
54.88,17050,19993.8,16649.3,-2943.77
54.89,18050,19885.6,16649.6,-1835.62
54.9,17575,19778.4,16649.9,-2203.37
54.91,17400,19672.2,16650.3,-2272.18
54.92,17525,19567.2,16650.6,-2042.21
54.93,16175,19463.6,16651,-3288.62
54.94,17550,19361.5,16651.3,-1811.55
54.95,18750,19261.1,16651.6,-511.132
54.96,17425,19162.5,16652,-1737.49
54.97,17550,19065.7,16652.3,-1515.74
54.98,17800,18971,16652.6,-1170.98
54.99,17075,18878.3,16653,-1803.32
55,18525,18787.8,16653.3,-262.822
55.01,18375,18699.6,16653.6,-324.577
55.02,17050,18613.6,16654,-1563.65
55.03,18300,18530.1,16654.3,-230.096
55.04,17075,18449,16654.6,-1373.97
55.05,17425,18370.3,16655,-945.302
55.06,16100,18294.1,16655.3,-2194.14
55.07,17975,18220.5,16655.6,-245.495
55.08,17050,18149.4,16655.9,-1099.4
55.09,16275,18080.9,16656.3,-1805.85
55.1,16925,18014.9,16656.6,-1089.87
55.11,16775,17951.4,16656.9,-1176.44
55.12,17150,17890.6,16657.3,-740.562
55.13,16050,17832.2,16657.6,-1782.23
55.14,16700,17776.4,16657.9,-1076.41
55.15,16975,17723.1,16658.2,-748.101
55.16,16650,17672.3,16658.6,-1022.27
55.17,17600,17623.9,16658.9,-23.8791
55.18,16600,17577.9,16659.2,-977.908
55.19,17825,17534.3,16659.6,290.682
55.2,17775,17493.1,16659.9,281.928
55.21,16725,17454.1,16660.2,-729.131
55.22,17850,17417.5,16660.5,432.546
55.23,17325,17383,16660.8,-57.9998
55.24,16625,17350.7,16661.2,-725.725
55.25,17950,17320.6,16661.5,629.414
55.26,16750,17292.5,16661.8,-542.539
55.27,17650,17266.5,16662.1,383.46
55.28,15875,17242.5,16662.5,-1367.55
55.29,16700,17220.5,16662.8,-520.513
55.3,17275,17200.4,16663.1,74.6005
55.31,17800,17182.2,16663.4,617.836
55.32,17125,17165.8,16663.8,-40.7655
55.33,16975,17151.2,16664.1,-176.165
55.34,17400,17138.3,16664.4,261.674
55.35,17725,17127.2,16664.7,597.789
55.36,17625,17117.8,16665,507.214
55.37,17125,17110,16665.3,14.9816
55.38,17275,17103.9,16665.7,171.123
55.39,16975,17099.3,16666,-124.331
55.4,17050,17096.4,16666.3,-46.3545
55.41,17300,17094.9,16666.6,205.079
55.42,16525,17095,16666.9,-570.006
55.43,17525,17096.6,16667.3,428.412
55.44,17450,17099.6,16667.6,350.355
55.45,17175,17104.2,16667.9,70.8417
55.46,17275,17110.1,16668.2,164.89
55.47,16900,17117.5,16668.5,-217.482
55.48,17700,17126.3,16668.8,573.739
55.49,17350,17136.4,16669.1,213.569
55.5,18400,17148,16669.5,1252.02
55.51,17375,17160.9,16669.8,214.109
55.52,19100,17175.2,16670.1,1924.84
55.53,18225,17190.8,16670.4,1034.24
55.54,17175,17207.7,16670.7,-32.6954
55.55,16850,17225.9,16671,-375.946
55.56,18475,17245.5,16671.3,1229.5
55.57,18350,17266.3,16671.6,1083.65
55.58,17625,17288.5,16671.9,336.529
55.59,18275,17311.9,16672.3,963.141
55.6,18175,17336.5,16672.6,838.504
55.61,17825,17362.4,16672.9,462.635
55.62,18725,17389.4,16673.2,1335.55
55.63,18950,17417.7,16673.5,1532.28
55.64,18125,17447.2,16673.8,677.826
55.65,18875,17477.8,16674.1,1397.23
55.66,18225,17509.5,16674.4,715.507
55.67,19150,17542.3,16674.7,1607.69
55.68,19675,17576.2,16675,2098.81
55.69,18425,17611.1,16675.3,813.904
55.7,18875,17647,16675.6,1228
55.71,19900,17683.9,16675.9,2216.15
55.72,19575,17721.6,16676.2,1853.38
55.73,19550,17760.3,16676.5,1789.75
55.74,20325,17799.7,16676.9,2525.3
55.75,20550,17839.9,16677.2,2710.08
55.76,19900,17880.8,16677.5,2019.16
55.77,20825,17922.4,16677.8,2902.58
55.78,20575,17964.6,16678.1,2610.42
55.79,21025,18007.3,16678.4,3017.74
55.8,19525,18050.4,16678.7,1474.6
55.81,21000,18093.9,16679,2906.08
55.82,21275,18137.7,16679.3,3137.25
55.83,21650,18181.8,16679.6,3468.19
55.84,21250,18226,16679.9,3023.99
55.85,20650,18270.3,16680.2,2379.72
55.86,21625,18314.5,16680.5,3310.48
55.87,21025,18358.7,16680.8,2666.34
55.88,19775,18402.6,16681.1,1372.41
55.89,20525,18446.2,16681.3,2078.78
55.9,21075,18489.5,16681.6,2585.53
55.91,20225,18532.2,16681.9,1692.78
55.92,20975,18574.4,16682.2,2400.61
55.93,19650,18615.9,16682.5,1034.13
55.94,20925,18656.6,16682.8,2268.43
55.95,20250,18696.4,16683.1,1553.61
55.96,19675,18735.2,16683.4,939.784
55.97,19800,18773,16683.7,1027.04
55.98,20225,18809.5,16684,1415.48
55.99,19900,18844.8,16684.3,1055.19
56,20025,18878.7,16684.6,1146.28
56.01,19600,18911.2,16684.9,688.846
56.02,18825,18942,16685.2,-117.033
56.03,18400,18971.3,16685.5,-571.264
56.04,18925,18998.8,16685.7,-73.7631
56.05,17825,19024.5,16686,-1199.45
56.06,18075,19048.3,16686.3,-973.251
56.07,17700,19070.1,16686.6,-1370.09
56.08,18125,19089.9,16686.9,-964.911
56.09,17425,19107.6,16687.2,-1682.65
56.1,17775,19123.2,16687.5,-1348.24
56.11,17825,19136.7,16687.8,-1311.66
56.12,18250,19147.8,16688,-897.847
56.13,18325,19156.8,16688.3,-831.778
56.14,17325,19163.4,16688.6,-1838.42
56.15,17525,19167.8,16688.9,-1642.77
56.16,17500,19169.8,16689.2,-1669.79
56.17,17900,19169.5,16689.5,-1269.5
56.18,17125,19166.9,16689.8,-2041.88
56.19,17900,19162,16690,-1261.96
56.2,16700,19154.7,16690.3,-2454.74
56.21,18200,19145.3,16690.6,-945.254
56.22,17875,19133.5,16690.9,-1258.53
56.23,17550,19119.6,16691.2,-1569.6
56.24,17175,19103.5,16691.5,-1928.52
56.25,16800,19085.3,16691.7,-2285.33
56.26,17075,19065.1,16692,-1990.08
56.27,17350,19042.8,16692.3,-1692.84
56.28,17350,19018.7,16692.6,-1668.67
56.29,16950,18992.6,16692.9,-2042.65
56.3,16525,18964.8,16693.1,-2439.84
56.31,17875,18935.3,16693.4,-1060.33
56.32,18400,18904.2,16693.7,-504.201
56.33,16925,18871.5,16694,-1946.54
56.34,15875,18837.4,16694.2,-2962.43
56.35,17175,18802,16694.5,-1626.96
56.36,17650,18765.2,16694.8,-1115.23
56.37,18625,18727.3,16695.1,-102.338
56.38,17600,18688.4,16695.3,-1088.37
56.39,17400,18648.4,16695.6,-1248.43
56.4,17150,18607.6,16695.9,-1457.61
56.41,17100,18566,16696.2,-1466.02
56.42,16725,18523.7,16696.4,-1798.74
56.43,16300,18480.9,16696.7,-2180.87
56.44,16700,18437.5,16697,-1737.5
56.45,16475,18393.7,16697.2,-1918.74
56.46,16975,18349.7,16697.5,-1374.67
56.47,16800,18305.4,16697.8,-1505.39
56.48,16250,18261,16698.1,-2010.97
56.49,16875,18216.5,16698.3,-1341.51
56.5,17075,18172.1,16698.6,-1097.08
56.51,16575,18127.8,16698.9,-1552.78
56.52,16750,18083.7,16699.1,-1333.67
56.53,16250,18039.8,16699.4,-1789.82
56.54,16300,17996.3,16699.7,-1696.31
56.55,16625,17953.2,16699.9,-1328.21
56.56,16000,17910.6,16700.2,-1910.58
56.57,15975,17868.5,16700.5,-1893.47
56.58,17025,17826.9,16700.7,-801.944
56.59,17050,17786.1,16701,-736.054
56.6,16750,17745.8,16701.3,-995.847
56.61,15875,17706.4,16701.5,-1831.37
56.62,16675,17667.7,16701.8,-992.656
56.63,18500,17629.7,16702,870.251
56.64,17350,17592.7,16702.3,-242.681
56.65,16900,17556.5,16702.6,-656.481
56.66,15925,17521.2,16702.8,-1596.17
56.67,16000,17486.8,16703.1,-1486.78
56.68,17075,17453.3,16703.4,-378.328
56.69,16875,17420.8,16703.6,-545.823
56.7,17400,17389.3,16703.9,10.7187
56.71,16875,17358.7,16704.1,-483.711
56.72,17125,17329.1,16704.4,-204.119
56.73,16325,17300.5,16704.6,-975.508
56.74,16550,17272.9,16704.9,-722.879
56.75,17150,17246.2,16705.2,-96.2293
56.76,17975,17220.6,16705.4,754.445
56.77,15775,17195.8,16705.7,-1420.85
56.78,16750,17172.1,16705.9,-422.101
56.79,16575,17149.3,16706.2,-574.301
56.8,16325,17127.4,16706.4,-802.436
56.81,16225,17106.5,16706.7,-881.491
56.82,17525,17086.5,16706.9,438.55
56.83,17200,17067.3,16707.2,132.705
56.84,16750,17049,16707.4,-299.007
56.85,17275,17031.6,16707.7,243.435
56.86,16000,17014.9,16708,-1014.95
56.87,17150,16999.1,16708.2,150.863
56.88,16350,16984.1,16708.5,-634.105
56.89,16700,16969.8,16708.7,-269.831
56.9,18050,16956.3,16709,1093.71
56.91,16600,16943.5,16709.2,-343.46
56.92,16875,16931.3,16709.5,-56.3138
56.93,18000,16919.8,16709.7,1080.17
56.94,17125,16909,16709.9,216.022
56.95,17175,16898.7,16710.2,276.261
56.96,16750,16889.1,16710.4,-139.086
56.97,16575,16880,16710.7,-304.995
56.98,17350,16871.4,16710.9,478.558
56.99,17550,16863.4,16711.2,686.597
57,16850,16855.9,16711.4,-5.8555
57.01,16325,16848.8,16711.7,-523.775
57.02,17275,16842.1,16711.9,432.859
57.03,16550,16835.9,16712.2,-285.929
57.04,16425,16830.1,16712.4,-405.12
57.05,17950,16824.7,16712.6,1125.31
57.06,17175,16819.6,16712.9,355.375
57.07,17500,16814.9,16713.1,685.1
57.08,16875,16810.5,16713.4,64.5016
57.09,17275,16806.4,16713.6,468.599
57.1,16450,16802.6,16713.8,-352.591
57.11,16700,16799.1,16714.1,-99.052
57.12,16950,16795.8,16714.3,154.233
57.13,16625,16792.7,16714.6,-167.722
57.14,17750,16789.9,16714.8,960.1
57.15,17825,16787.3,16715,1037.71
57.16,17350,16784.9,16715.3,565.124
57.17,16275,16782.6,16715.5,-507.646
57.18,16775,16780.6,16715.7,-5.58907
57.19,17375,16778.7,16716,596.307
57.2,17850,16776.9,16716.2,1073.05
57.21,17350,16775.3,16716.4,574.659
57.22,16875,16773.9,16716.7,101.135
57.23,17450,16772.5,16716.9,677.49
57.24,16650,16771.3,16717.1,-121.268
57.25,15500,16770.1,16717.4,-1270.13
57.26,15725,16769.1,16717.6,-1044.09
57.27,16975,16768.1,16717.8,206.86
57.28,17100,16767.3,16718.1,332.727
57.29,17625,16766.5,16718.3,858.517
57.3,17625,16765.8,16718.5,859.235
57.31,17175,16765.1,16718.7,409.887
57.32,17575,16764.5,16719,810.477
57.33,18175,16764,16719.2,1411.01
57.34,16875,16763.5,16719.4,111.493
57.35,15775,16763.1,16719.7,-988.073
57.36,16300,16762.7,16719.9,-462.685
57.37,17500,16762.3,16720.1,737.663
57.38,15800,16762,16720.3,-962.027
57.39,17050,16761.8,16720.6,288.248
57.4,17075,16761.5,16720.8,313.49
57.41,17125,16761.3,16721,363.702
57.42,16900,16761.1,16721.2,138.887
57.43,17100,16761,16721.4,339.046
57.44,15425,16760.8,16721.7,-1335.82
57.45,16600,16760.7,16721.9,-160.705
57.46,17275,16760.6,16722.1,514.389
57.47,16700,16760.5,16722.3,-60.5369
57.48,17125,16760.5,16722.6,364.52
57.49,17000,16760.4,16722.8,239.561
57.5,17150,16760.4,16723,389.586
57.51,15325,16760.4,16723.2,-1435.4
57.52,16275,16760.4,16723.4,-485.404
57.53,16700,16760.4,16723.6,-60.4181
57.54,15975,16760.4,16723.9,-785.444
57.55,16625,16760.5,16724.1,-135.481
57.56,18250,16760.5,16724.3,1489.47
57.57,16225,16760.6,16724.5,-535.585
57.58,16975,16760.7,16724.7,214.349
57.59,18050,16760.7,16724.9,1289.27
57.6,17875,16760.8,16725.2,1114.19
57.61,16925,16760.9,16725.4,164.097
57.62,17650,16761,16725.6,888.997
57.63,18075,16761.1,16725.8,1313.89
57.64,16875,16761.2,16726,113.774
57.65,15925,16761.3,16726.2,-836.348
57.66,17300,16761.5,16726.4,538.522
57.67,17900,16761.6,16726.6,1138.39
57.68,16525,16761.8,16726.8,-236.758
57.69,17325,16761.9,16727,563.091
57.7,16700,16762.1,16727.3,-62.0662
57.71,16675,16762.2,16727.5,-87.2306
57.72,16175,16762.4,16727.7,-587.402
57.73,16525,16762.6,16727.9,-237.58
57.74,16775,16762.8,16728.1,12.234
57.75,17525,16763,16728.3,762.041
57.76,16800,16763.2,16728.5,36.8409
57.77,15875,16763.4,16728.7,-888.367
57.78,15825,16763.6,16728.9,-938.583
57.79,16550,16763.8,16729.1,-213.806
57.8,16850,16764,16729.3,85.9617
57.81,17100,16764.3,16729.5,335.721
57.82,16075,16764.5,16729.7,-689.529
57.83,17175,16764.8,16729.9,410.212
57.84,17750,16765.1,16730.1,984.944
57.85,17500,16765.3,16730.3,734.664
57.86,16600,16765.6,16730.5,-165.625
57.87,16225,16765.9,16730.7,-540.926
57.88,15775,16766.2,16730.9,-991.239
57.89,17775,16766.6,16731.1,1008.44
57.9,16025,16766.9,16731.3,-741.904
57.91,16975,16767.3,16731.5,207.744
57.92,16400,16767.6,16731.7,-367.624
57.93,15375,16768,16731.9,-1393.01
57.94,15775,16768.4,16732.1,-993.407
57.95,16400,16768.8,16732.3,-368.824
57.96,16550,16769.3,16732.5,-219.26
57.97,17650,16769.7,16732.7,880.284
57.98,16800,16770.2,16732.9,29.8066
57.99,16950,16770.7,16733.1,179.307
58,16675,16771.2,16733.3,-96.2159
58.01,17450,16771.8,16733.4,678.236
58.02,16525,16772.3,16733.6,-247.34
58.03,17650,16772.9,16733.8,877.057
58.04,15675,16773.6,16734,-1098.58
58.05,16100,16774.2,16734.2,-674.244
58.06,16100,16774.9,16734.4,-674.944
58.07,17775,16775.7,16734.6,999.319
58.08,16225,16776.5,16734.8,-551.456
58.09,16750,16777.3,16735,-27.2727
58.1,16000,16778.1,16735.1,-778.132
58.11,17375,16779,16735.3,595.962
58.12,17050,16780,16735.5,270.008
58.13,16975,16781,16735.7,194.002
58.14,16900,16782.1,16735.9,117.941
58.15,18000,16783.2,16736.1,1216.82
58.16,17525,16784.4,16736.3,740.644
58.17,16550,16785.6,16736.4,-235.6
58.18,16725,16786.9,16736.6,-61.9119
58.19,17750,16788.3,16736.8,961.704
58.2,16875,16789.8,16737,85.2449
58.21,16725,16791.3,16737.2,-66.2942
58.22,16525,16792.9,16737.3,-267.917
58.23,17200,16794.6,16737.5,405.371
58.24,16425,16796.4,16737.7,-371.433
58.25,17050,16798.3,16737.9,251.666
58.26,17275,16800.3,16738.1,474.662
58.27,17325,16802.4,16738.2,522.552
58.28,16350,16804.7,16738.4,-454.67
58.29,17525,16807,16738.6,717.99
58.3,18350,16809.5,16738.8,1540.53
58.31,17125,16812.1,16738.9,312.938
58.32,16875,16814.8,16739.1,60.2146
58.33,16350,16817.6,16739.3,-467.648
58.34,16750,16820.7,16739.5,-70.6544
58.35,16700,16823.8,16739.6,-123.812
58.36,16425,16827.1,16739.8,-402.125
58.37,17125,16830.6,16740,294.4
58.38,17325,16834.2,16740.1,490.756
58.39,17850,16838.1,16740.3,1011.94
58.4,17100,16842.1,16740.5,257.941
58.41,17150,16846.2,16740.7,303.758
58.42,17100,16850.6,16740.8,249.384
58.43,16400,16855.2,16741,-455.189
58.44,18075,16860,16741.2,1215.04
58.45,17525,16864.9,16741.3,660.051
58.46,18125,16870.1,16741.5,1254.85
58.47,17200,16875.6,16741.7,324.432
58.48,16675,16881.2,16741.8,-206.212
58.49,15700,16887.1,16742,-1187.09
58.5,16775,16893.2,16742.2,-118.198
58.51,17325,16899.5,16742.3,425.451
58.52,15900,16906.1,16742.5,-1006.14
58.53,16025,16913,16742.6,-887.987
58.54,15625,16920.1,16742.8,-1295.08
58.55,16775,16927.4,16743,-152.435
58.56,17650,16935,16743.1,714.954
58.57,16425,16942.9,16743.3,-517.918
58.58,18000,16951.1,16743.5,1048.95
58.59,15775,16959.5,16743.6,-1184.46
58.6,16950,16968.1,16743.8,-18.124
58.61,16575,16977.1,16743.9,-402.06
58.62,16725,16986.3,16744.1,-261.265
58.63,17725,16995.7,16744.2,729.263
58.64,16700,17005.5,16744.4,-305.475
58.65,18075,17015.5,16744.6,1059.52
58.66,16575,17025.7,16744.7,-450.746
58.67,16200,17036.3,16744.9,-836.274
58.68,16675,17047.1,16745,-372.058
58.69,16850,17058.1,16745.2,-208.094
58.7,16275,17069.4,16745.3,-794.379
58.71,17000,17080.9,16745.5,-80.9047
58.72,17175,17092.7,16745.6,82.3337
58.73,16950,17104.7,16745.8,-154.656
58.74,16850,17116.9,16745.9,-266.866
58.75,16125,17129.3,16746.1,-1004.29
58.76,17200,17141.9,16746.2,58.0893
58.77,17450,17154.7,16746.4,295.275
58.78,16400,17167.7,16746.5,-767.72
58.79,17075,17180.9,16746.7,-105.882
58.8,16400,17194.2,16746.8,-794.2
58.81,16650,17207.7,16747,-557.659
58.82,17025,17221.2,16747.1,-196.245
58.83,16925,17234.9,16747.3,-309.943
58.84,16725,17248.7,16747.4,-523.736
58.85,16150,17262.6,16747.6,-1112.61
58.86,17475,17276.5,16747.7,198.461
58.87,18125,17290.5,16747.8,834.487
58.88,18525,17304.5,16748,1220.49
58.89,17625,17318.5,16748.1,306.489
58.9,17075,17332.5,16748.3,-257.493
58.91,16675,17346.4,16748.4,-671.437
58.92,16900,17360.3,16748.6,-460.32
58.93,17550,17374.1,16748.7,175.881
58.94,16700,17387.8,16748.8,-687.812
58.95,17525,17401.4,16749,123.625
58.96,16525,17414.8,16749.1,-889.784
58.97,16750,17428,16749.2,-678.014
58.98,17350,17441,16749.4,-91.0404
58.99,16750,17453.8,16749.5,-703.839
59,16225,17466.4,16749.7,-1241.38
59.01,18375,17478.6,16749.8,896.352
59.02,17650,17490.6,16749.9,159.392
59.03,18050,17502.2,16750.1,547.761
59.04,17750,17513.5,16750.2,236.487
59.05,16700,17524.4,16750.3,-824.407
59.06,18700,17534.9,16750.5,1165.1
59.07,18325,17545,16750.6,780.044
59.08,17775,17554.6,16750.7,220.438
59.09,16875,17563.7,16750.9,-688.693
59.1,17925,17572.3,16751,352.675
59.11,17875,17580.4,16751.1,294.562
59.12,17225,17588,16751.2,-363.011
59.13,16950,17595,16751.4,-645.026
59.14,18600,17601.5,16751.5,998.535
59.15,16700,17607.3,16751.6,-907.312
59.16,17525,17612.6,16751.8,-87.5509
59.17,17075,17617.2,16751.9,-542.17
59.18,17450,17621.2,16752,-171.156
59.19,17525,17624.5,16752.1,-99.5008
59.2,18675,17627.2,16752.3,1047.8
59.21,18500,17629.2,16752.4,870.767
59.22,17425,17630.6,16752.5,-205.61
59.23,18500,17631.3,16752.6,868.677
59.24,17275,17631.4,16752.8,-356.371
59.25,16775,17630.8,16752.9,-855.756
59.26,17550,17629.5,16753,-79.4802
59.27,18050,17627.5,16753.1,422.452
59.28,17450,17625,16753.2,-174.966
59.29,18125,17621.7,16753.4,503.259
59.3,17475,17617.9,16753.5,-142.884
59.31,17400,17613.4,16753.6,-213.406
59.32,18050,17608.3,16753.7,441.68
59.33,16300,17602.6,16753.8,-1302.64
59.34,17375,17596.4,16753.9,-221.378
59.35,17225,17589.6,16754.1,-364.556
59.36,17100,17582.2,16754.2,-482.189
59.37,17300,17574.3,16754.3,-274.296
59.38,17750,17565.9,16754.4,184.101
59.39,17875,17557,16754.5,317.984
59.4,18325,17547.7,16754.6,777.329
59.41,16650,17537.9,16754.7,-887.885
59.42,17525,17527.7,16754.9,-2.68224
59.43,17825,17517.1,16755,307.915
59.44,17575,17506.1,16755.1,68.8811
59.45,16700,17494.8,16755.2,-794.807
59.46,17225,17483.2,16755.3,-258.174
59.47,17300,17471.2,16755.4,-171.245
59.48,16950,17459,16755.5,-509.045
59.49,16725,17446.6,16755.6,-721.598
59.5,16950,17433.9,16755.7,-483.93
59.51,17100,17421.1,16755.8,-321.064
59.52,17700,17408,16755.9,291.974
59.53,18125,17394.8,16756,730.162
59.54,17375,17381.5,16756.2,-6.52545
59.55,16675,17368.1,16756.3,-693.111
59.56,15825,17354.6,16756.4,-1529.62
59.57,17000,17341.1,16756.5,-341.065
59.58,17425,17327.5,16756.6,97.522
59.59,17100,17313.9,16756.7,-213.877
59.6,16500,17300.3,16756.8,-800.281
59.61,16400,17286.7,16756.9,-886.711
59.62,16650,17273.2,16757,-623.185
59.63,16075,17259.7,16757.1,-1184.72
59.64,17375,17246.3,16757.2,128.661
59.65,16700,17233.1,16757.3,-533.053
59.66,17325,17219.9,16757.4,105.12
59.67,16925,17206.8,16757.5,-281.835
59.68,17600,17193.9,16757.6,406.067
59.69,16925,17181.2,16757.7,-256.186
59.7,16525,17168.6,16757.8,-643.608
59.71,16325,17156.2,16757.8,-831.21
59.72,16425,17144,16757.9,-719.003
59.73,15975,17132,16758,-1157
59.74,16575,17120.2,16758.1,-545.206
59.75,17225,17108.6,16758.2,116.368
59.76,17375,17097.3,16758.3,277.714
59.77,17850,17086.2,16758.4,763.824
59.78,17225,17075.3,16758.5,149.694
59.79,18600,17064.7,16758.6,1535.32
59.8,17125,17054.3,16758.7,70.6881
59.81,17075,17044.2,16758.8,30.8035
59.82,17100,17034.3,16758.9,65.6597
59.83,17500,17024.7,16758.9,475.254
59.84,15825,17015.4,16759,-1190.42
59.85,17875,17006.4,16759.1,868.648
59.86,17150,16997.6,16759.2,152.446
59.87,17275,16989,16759.3,285.977
59.88,16950,16980.8,16759.4,-30.7595
59.89,16400,16972.8,16759.5,-572.762
59.9,17650,16965,16759.5,684.971
59.91,16100,16957.6,16759.6,-857.559
59.92,17200,16950.4,16759.7,249.65
59.93,17025,16943.4,16759.8,81.5994
59.94,16050,16936.7,16759.9,-886.706
59.95,16550,16930.3,16760,-380.265
59.96,17325,16924.1,16760,400.928
59.97,16675,16918.1,16760.1,-243.125
59.98,17350,16912.4,16760.2,437.581
59.99,16625,16906.9,16760.3,-281.95
60,16625,16901.7,16760.4,-276.713
60.01,17425,16896.7,16760.4,528.296
60.02,16100,16891.9,16760.5,-791.917
60.03,17100,16887.3,16760.6,212.652
60.04,17200,16883,16760.7,317.008
60.05,16350,16878.8,16760.7,-528.844
60.06,16950,16874.9,16760.8,75.1016
60.07,17100,16871.1,16760.9,228.85
60.08,17425,16867.6,16761,557.407
60.09,17650,16864.2,16761,785.776
60.1,16300,16861,16761.1,-561.036
60.11,16225,16858,16761.2,-633.024
60.12,17100,16855.2,16761.2,244.816
60.13,16475,16852.5,16761.3,-377.511
60.14,16575,16850,16761.4,-275
60.15,17225,16847.6,16761.5,377.354
60.16,17050,16845.4,16761.5,204.555
60.17,18325,16843.4,16761.6,1481.61
60.18,17150,16841.5,16761.7,308.517
60.19,18275,16839.7,16761.7,1435.29
60.2,17225,16838.1,16761.8,386.918
60.21,16400,16836.6,16761.9,-436.583
60.22,17775,16835.2,16761.9,939.786
60.23,17850,16834,16762,1016.03
60.24,17475,16832.9,16762.1,642.148
60.25,17400,16831.9,16762.1,568.146
60.26,16300,16831,16762.2,-530.976
60.27,16275,16830.2,16762.2,-555.214
60.28,17050,16829.6,16762.3,220.432
60.29,17900,16829,16762.4,1070.96
60.3,17000,16828.6,16762.4,171.382
60.31,17225,16828.3,16762.5,396.689
60.32,16100,16828.1,16762.5,-728.117
60.33,16425,16828,16762.6,-403.035
60.34,16500,16828.1,16762.7,-328.065
60.35,16800,16828.2,16762.7,-28.2079
60.36,17525,16828.5,16762.8,696.535
60.37,16150,16828.8,16762.8,-678.838
60.38,15825,16829.3,16762.9,-1004.33
60.39,17050,16829.9,16762.9,220.063
60.4,16675,16830.7,16763,-155.668
60.41,16250,16831.5,16763.1,-581.524
60.42,17800,16832.5,16763.1,967.492
60.43,16800,16833.6,16763.2,-33.6243
60.44,17200,16834.9,16763.2,365.123
60.45,16425,16836.3,16763.3,-411.269
60.46,17725,16837.8,16763.3,887.192
60.47,16750,16839.5,16763.4,-89.4968
60.48,17375,16841.3,16763.4,533.657
60.49,16850,16843.4,16763.5,6.64895
60.5,17750,16845.5,16763.5,904.471
60.51,18275,16847.9,16763.6,1427.12
60.52,17550,16850.4,16763.6,699.58
60.53,18125,16853.1,16763.7,1271.85
60.54,18175,16856.1,16763.7,1318.92
60.55,17025,16859.2,16763.8,165.786
60.56,16925,16862.6,16763.8,62.4326
60.57,17475,16866.1,16763.8,608.853
60.58,17950,16870,16763.9,1080.04
60.59,17475,16874,16763.9,600.977
60.6,15975,16878.3,16764,-903.341
60.61,16275,16882.9,16764,-607.925
60.62,17125,16887.8,16764.1,237.214
60.63,17275,16892.9,16764.1,382.063
60.64,17425,16898.4,16764.1,526.613
60.65,18200,16904.2,16764.2,1295.85
60.66,16325,16910.2,16764.2,-585.237
60.67,17200,16916.7,16764.3,283.34
60.68,16900,16923.4,16764.3,-23.4308
60.69,17425,16930.6,16764.3,494.437
60.7,16500,16938.1,16764.4,-438.068
60.71,17100,16946,16764.4,154.042
60.72,16300,16954.2,16764.4,-654.247
60.73,15875,16962.9,16764.5,-1087.95
60.74,16700,16972.1,16764.5,-272.071
60.75,16775,16981.6,16764.5,-206.63
60.76,16600,16991.6,16764.6,-391.638
60.77,16225,17002.1,16764.6,-777.105
60.78,16925,17013,16764.6,-88.045
60.79,16200,17024.5,16764.7,-824.468
60.8,17775,17036.4,16764.7,738.613
60.81,17425,17048.8,16764.7,376.189
60.82,16500,17061.8,16764.8,-561.752
60.83,17350,17075.2,16764.8,274.782
60.84,16850,17089.2,16764.8,-239.221
60.85,15825,17103.8,16764.9,-1278.77
60.86,17375,17118.9,16764.9,256.132
60.87,18425,17134.5,16764.9,1290.47
60.88,17700,17150.8,16764.9,549.245
60.89,17000,17167.6,16765,-167.555
60.9,16950,17184.9,16765,-234.933
60.91,17325,17202.9,16765,122.106
60.92,17650,17221.4,16765,428.561
60.93,17000,17240.6,16765.1,-240.572
60.94,16700,17260.3,16765.1,-560.294
60.95,17075,17280.6,16765.1,-205.605
60.96,16875,17301.5,16765.1,-426.503
60.97,17375,17323,16765.2,52.0131
60.98,17625,17345.1,16765.2,279.948
60.99,17525,17367.7,16765.2,157.305
61,16125,17390.9,16765.2,-1265.91
61.01,17450,17414.7,16765.2,35.3144
61.02,17225,17439,16765.3,-214.018
61.03,16175,17463.9,16765.3,-1288.9
61.04,17725,17489.3,16765.3,235.694
61.05,16925,17515.2,16765.3,-590.238
61.06,18425,17541.7,16765.3,883.324
61.07,17075,17568.6,16765.3,-493.606
61.08,18225,17596,16765.4,628.99
61.09,19275,17623.9,16765.4,1651.13
61.1,18350,17652.2,16765.4,697.833
61.11,18150,17680.9,16765.4,469.12
61.12,19100,17710,16765.4,1390.01
61.13,18075,17739.5,16765.4,335.536
61.14,18650,17769.3,16765.4,880.712
61.15,17900,17799.4,16765.4,100.568
61.16,18600,17829.9,16765.5,770.131
61.17,17050,17860.6,16765.5,-810.572
61.18,18225,17891.5,16765.5,333.488
61.19,18225,17922.7,16765.5,302.34
61.2,18825,17954,16765.5,871.016
61.21,20525,17985.5,16765.5,2539.55
61.22,18825,18017,16765.5,807.962
61.23,19675,18048.7,16765.5,1626.3
61.24,19225,18080.4,16765.5,1144.58
61.25,19300,18112.1,16765.5,1187.86
61.26,20075,18143.9,16765.5,1931.15
61.27,18000,18175.5,16765.5,-175.509
61.28,18125,18207.1,16765.5,-82.079
61.29,18600,18238.5,16765.5,361.471
61.3,19875,18269.8,16765.5,1605.18
61.31,18750,18300.9,16765.5,449.067
61.32,19225,18331.8,16765.5,893.178
61.33,17550,18362.5,16765.5,-812.46
61.34,19550,18392.8,16765.5,1157.19
61.35,18925,18422.9,16765.5,502.146
61.36,17800,18452.6,16765.5,-652.551
61.37,17725,18481.9,16765.5,-756.878
61.38,19375,18510.8,16765.5,864.194
61.39,18625,18539.3,16765.5,85.689
61.4,17425,18567.4,16765.5,-1142.37
61.41,18650,18595,16765.5,55.0405
61.42,18000,18622.1,16765.5,-622.061
61.43,17325,18648.7,16765.5,-1323.66
61.44,18600,18674.7,16765.5,-74.7326
61.45,18000,18700.3,16765.5,-700.273
61.46,18400,18725.3,16765.5,-325.27
61.47,17925,18749.7,16765.5,-824.713
61.48,17700,18773.6,16765.5,-1073.6
61.49,17050,18796.9,16765.5,-1746.92
61.5,17550,18819.7,16765.5,-1269.69
61.51,18625,18841.9,16765.5,-216.893
61.52,17025,18863.5,16765.5,-1838.55
61.53,17400,18884.7,16765.4,-1484.66
61.54,16900,18905.2,16765.4,-2005.23
61.55,17925,18925.3,16765.4,-1000.29
61.56,18300,18944.8,16765.4,-644.839
61.57,18575,18963.9,16765.4,-388.905
61.58,18200,18982.5,16765.4,-782.506
61.59,17025,19000.7,16765.4,-1975.67
61.6,16850,19018.4,16765.4,-2168.41
61.61,17450,19035.8,16765.3,-1585.76
61.62,17700,19052.7,16765.3,-1352.74
61.63,17325,19069.4,16765.3,-1744.4
61.64,18775,19085.8,16765.3,-310.75
61.65,17275,19101.8,16765.3,-1826.83
61.66,17950,19117.7,16765.3,-1167.68
61.67,17800,19133.3,16765.2,-1333.32
61.68,16800,19148.8,16765.2,-2348.79
61.69,17125,19164.1,16765.2,-2039.12
61.7,17900,19179.4,16765.2,-1279.35
61.71,17050,19194.5,16765.2,-2144.52
61.72,16425,19209.6,16765.1,-2784.65
61.73,18150,19224.8,16765.1,-1074.77
61.74,18175,19239.9,16765.1,-1064.93
61.75,18175,19255.1,16765.1,-1080.14
61.76,18500,19270.4,16765,-770.442
61.77,17900,19285.9,16765,-1385.86
61.78,18275,19301.4,16765,-1026.41
61.79,19100,19317.1,16765,-217.13
61.8,17850,19333,16764.9,-1483.03
61.81,18150,19349.1,16764.9,-1199.13
61.82,18325,19365.5,16764.9,-1040.46
61.83,18325,19382,16764.9,-1057.01
61.84,19200,19398.8,16764.8,-198.799
61.85,18250,19415.8,16764.8,-1165.84
61.86,19300,19433.1,16764.8,-133.131
61.87,19200,19450.7,16764.7,-250.675
61.88,18275,19468.5,16764.7,-1193.47
61.89,19850,19486.5,16764.7,363.496
61.9,18075,19504.8,16764.7,-1429.77
61.91,17850,19523.3,16764.6,-1673.26
61.92,18250,19542,16764.6,-1291.96
61.93,18575,19560.8,16764.6,-985.832
61.94,19375,19579.9,16764.5,-204.867
61.95,19325,19599,16764.5,-274.034
61.96,17350,19618.3,16764.5,-2268.3
61.97,17750,19637.6,16764.4,-1887.64
61.98,19450,19657,16764.4,-207.002
61.99,19850,19676.4,16764.3,173.645
62,17925,19695.7,16764.3,-1770.65
62.01,19150,19714.9,16764.3,-564.852
62.02,18000,19733.9,16764.2,-1733.9
62.03,18300,19752.7,16764.2,-1452.74
62.04,19025,19771.3,16764.2,-746.333
62.05,17475,19789.6,16764.1,-2314.61
62.06,18300,19807.5,16764.1,-1507.51
62.07,18500,19825,16764,-1324.98
62.08,19275,19842,16764,-566.954
62.09,17600,19858.4,16763.9,-2258.37
62.1,17200,19874.2,16763.9,-2674.17
62.11,17850,19889.3,16763.9,-2039.27
62.12,18525,19903.6,16763.8,-1378.63
62.13,17625,19917.2,16763.8,-2292.16
62.14,17500,19929.8,16763.7,-2429.82
62.15,17950,19941.5,16763.7,-1991.52
62.16,16800,19952.2,16763.6,-3152.21
62.17,17450,19961.8,16763.6,-2511.83
62.18,17425,19970.3,16763.5,-2545.32
62.19,18150,19977.6,16763.5,-1827.6
62.2,17525,19983.6,16763.5,-2458.64
62.21,16500,19988.4,16763.4,-3488.37
62.22,16975,19991.7,16763.4,-3016.74
62.23,17800,19993.7,16763.3,-2193.71
62.24,18225,19994.2,16763.3,-1769.22
62.25,17825,19993.2,16763.2,-2168.24
62.26,16300,19990.7,16763.2,-3690.73
62.27,18125,19986.7,16763.1,-1861.65
62.28,17700,19981,16763,-2280.98
62.29,17150,19973.7,16763,-2823.69
62.3,16150,19964.8,16762.9,-3814.77
62.31,18300,19954.2,16762.9,-1654.18
62.32,17825,19941.9,16762.8,-2116.92
62.33,16575,19928,16762.8,-3352.99
62.34,16775,19912.4,16762.7,-3137.38
62.35,18350,19895.1,16762.7,-1545.1
62.36,16625,19876.1,16762.6,-3251.15
62.37,16675,19855.5,16762.6,-3180.54
62.38,16550,19833.3,16762.5,-3283.28
62.39,16875,19809.4,16762.4,-2934.41
62.4,16125,19783.9,16762.4,-3658.94
62.41,17000,19756.9,16762.3,-2756.9
62.42,17325,19728.3,16762.3,-2403.32
62.43,17650,19698.2,16762.2,-2048.25
62.44,16625,19666.7,16762.1,-3041.71
62.45,15900,19633.8,16762.1,-3733.76
62.46,16875,19599.4,16762,-2724.44
62.47,16725,19563.8,16761.9,-2838.8
62.48,16775,19526.9,16761.9,-2751.89
62.49,16625,19488.8,16761.8,-2863.77
62.5,16975,19449.5,16761.8,-2474.5
62.51,16075,19409.1,16761.7,-3334.13
62.52,15725,19367.7,16761.6,-3642.74
62.53,16225,19325.4,16761.6,-3100.37
62.54,16350,19282.1,16761.5,-2932.11
62.55,16425,19238,16761.4,-2813
62.56,16975,19193.1,16761.4,-2218.13
62.57,18300,19147.6,16761.3,-847.563
62.58,17775,19101.4,16761.2,-1326.36
62.59,16975,19054.6,16761.2,-2079.6
62.6,17075,19007.3,16761.1,-1932.34
62.61,16075,18959.7,16761,-2884.67
62.62,17075,18911.6,16760.9,-1836.63
62.63,16100,18863.3,16760.9,-2763.31
62.64,16950,18814.8,16760.8,-1864.77
62.65,17275,18766.1,16760.7,-1491.08
62.66,16350,18717.3,16760.7,-2367.3
62.67,17475,18668.5,16760.6,-1193.5
62.68,16800,18619.7,16760.5,-1819.74
62.69,17325,18571.1,16760.4,-1246.08
62.7,17700,18522.6,16760.4,-822.579
62.71,16250,18474.3,16760.3,-2224.3
62.72,16575,18426.3,16760.2,-1851.29
62.73,16500,18378.6,16760.1,-1878.61
62.74,16175,18331.3,16760.1,-2156.32
62.75,16575,18284.4,16760,-1709.45
62.76,16425,18238.1,16759.9,-1813.06
62.77,17200,18192.2,16759.8,-992.188
62.78,16800,18146.9,16759.7,-1346.88
62.79,17200,18102.2,16759.7,-902.184
62.8,16425,18058.1,16759.6,-1633.13
62.81,17150,18014.7,16759.5,-864.749
62.82,17725,17972.1,16759.4,-247.081
62.83,15925,17930.2,16759.3,-2005.15
62.84,16850,17889,16759.3,-1039
62.85,16575,17848.6,16759.2,-1273.63
62.86,17275,17809.1,16759.1,-534.087
62.87,17650,17770.4,16759,-120.379
62.88,16775,17732.5,16758.9,-957.526
62.89,16475,17695.5,16758.8,-1220.55
62.9,16450,17659.5,16758.8,-1209.45
62.91,15375,17624.3,16758.7,-2249.25
62.92,17175,17590,16758.6,-414.957
62.93,15925,17556.6,16758.5,-1631.58
62.94,16075,17524.1,16758.4,-1449.11
62.95,16450,17492.6,16758.3,-1042.57
62.96,18000,17461.9,16758.2,538.059
62.97,16975,17432.2,16758.1,-457.236
62.98,15625,17403.4,16758.1,-1778.45
62.99,16775,17375.6,16758,-600.572
63,17450,17348.6,16757.9,101.397
63.01,16800,17322.5,16757.8,-522.532
63.02,16325,17297.4,16757.7,-972.351
63.03,16900,17273,16757.6,-373.05
63.04,17825,17249.6,16757.5,575.384
63.05,16575,17227,16757.4,-652.039
63.06,16775,17205.3,16757.3,-430.302
63.07,16950,17184.4,16757.2,-234.393
63.08,17275,17164.3,16757.1,110.705
63.09,16100,17145,16757,-1044.99
63.1,17075,17126.5,16756.9,-51.4676
63.11,17050,17108.7,16756.8,-58.7028
63.12,16450,17091.7,16756.7,-641.68
63.13,16725,17075.4,16756.7,-350.38
63.14,16175,17059.8,16756.6,-884.751
63.15,16125,17044.8,16756.5,-919.84
63.16,16925,17030.6,16756.4,-105.593
63.17,16900,17017,16756.3,-116.991
63.18,17800,17004,16756.2,795.986
63.19,16475,16991.6,16756.1,-516.642
63.2,16700,16979.9,16756,-279.854
63.21,16350,16968.6,16755.9,-618.631
63.22,16025,16957.9,16755.8,-932.935
63.23,16425,16947.8,16755.7,-522.781
63.24,17125,16938.1,16755.6,186.868
63.25,16100,16929,16755.4,-828.968
63.26,17200,16920.3,16755.3,279.73
63.27,17125,16912,16755.2,212.98
63.28,17050,16904.2,16755.1,145.801
63.29,17025,16896.8,16755,128.211
63.3,17775,16889.8,16754.9,885.228
63.31,17150,16883.1,16754.8,266.87
63.32,17575,16876.8,16754.7,698.153
63.33,15800,16870.9,16754.6,-1070.91
63.34,15675,16865.3,16754.5,-1190.29
63.35,16175,16860,16754.4,-684.987
63.36,16600,16855,16754.3,-254.977
63.37,17950,16850.2,16754.2,1099.75
63.38,18525,16845.8,16754.1,1679.21
63.39,16525,16841.6,16754,-316.577
63.4,16175,16837.6,16753.8,-662.608
63.41,16250,16833.9,16753.7,-583.865
63.42,17025,16830.3,16753.6,194.663
63.43,17425,16827,16753.5,597.988
63.44,16900,16823.9,16753.4,76.1209
63.45,17225,16820.9,16753.3,404.073
63.46,16425,16818.1,16753.2,-393.146
63.47,16675,16815.5,16753.1,-140.525
63.48,16975,16813.1,16752.9,161.944
63.49,16850,16810.7,16752.8,39.2701
63.5,16775,16808.5,16752.7,-33.5376
63.51,16800,16806.5,16752.6,-6.47118
63.52,17400,16804.5,16752.5,595.477
63.53,16175,16802.7,16752.4,-627.686
63.54,16225,16801,16752.3,-575.952
63.55,16250,16799.3,16752.1,-549.316
63.56,17025,16797.8,16752,227.228
63.57,17725,16796.3,16751.9,928.688
63.58,17800,16794.9,16751.8,1005.07
63.59,16275,16793.6,16751.7,-518.627
63.6,16275,16792.4,16751.5,-517.392
63.61,16875,16791.2,16751.4,83.7787
63.62,16875,16790.1,16751.3,84.8887
63.63,16750,16789.1,16751.2,-39.0579
63.64,17575,16788.1,16751.1,786.943
63.65,16950,16787.1,16750.9,162.895
63.66,16875,16786.2,16750.8,88.8005
63.67,17000,16785.3,16750.7,214.664
63.68,16600,16784.5,16750.6,-184.512
63.69,16400,16783.7,16750.4,-383.725
63.7,16800,16783,16750.3,17.028
63.71,17225,16782.3,16750.2,442.749
63.72,15800,16781.6,16750.1,-981.559
63.73,16225,16780.9,16749.9,-555.895
63.74,15700,16780.3,16749.8,-1080.26
63.75,17600,16779.6,16749.7,820.358
63.76,17275,16779,16749.6,495.951
63.77,17100,16778.5,16749.4,321.524
63.78,17075,16777.9,16749.3,297.077
63.79,17400,16777.4,16749.2,622.613
63.8,16325,16776.9,16749,-451.868
63.81,17525,16776.4,16748.9,748.636
63.82,17025,16775.9,16748.8,249.126
63.83,16400,16775.4,16748.7,-375.397
63.84,16800,16774.9,16748.5,25.067
63.85,16675,16774.5,16748.4,-99.4801
63.86,17725,16774,16748.3,950.962
63.87,16950,16773.6,16748.1,176.394
63.88,16275,16773.2,16748,-498.183
63.89,16175,16772.8,16747.9,-597.768
63.9,17175,16772.4,16747.7,402.638
63.91,16250,16772,16747.6,-521.964
63.92,16025,16771.6,16747.5,-746.572
63.93,15600,16771.2,16747.3,-1171.19
63.94,16925,16770.8,16747.2,154.191
63.95,16300,16770.4,16747.1,-470.437
63.96,16050,16770.1,16746.9,-720.07
63.97,15875,16769.7,16746.8,-894.709
63.98,16175,16769.4,16746.6,-594.352
63.99,16500,16769,16746.5,-269
64,16950,16768.7,16746.4,181.347
64.01,17125,16768.3,16746.2,356.691
64.02,17650,16768,16746.1,882.03
64.03,17125,16767.6,16746,357.365
64.04,17750,16767.3,16745.8,982.697
64.05,17275,16767,16745.7,508.025
64.06,16675,16766.7,16745.5,-91.6507
64.07,17000,16766.3,16745.4,233.671
64.08,17925,16766,16745.3,1158.99
64.09,16550,16765.7,16745.1,-215.696
64.1,16950,16765.4,16745,184.616
64.11,17775,16765.1,16744.8,1009.93
64.12,17275,16764.8,16744.7,510.233
64.13,16425,16764.5,16744.5,-339.463
64.14,16950,16764.2,16744.4,185.838
64.15,16225,16763.9,16744.2,-538.863
64.16,16900,16763.6,16744.1,136.433
64.17,16125,16763.3,16744,-638.273
64.18,16250,16763,16743.8,-512.982
64.19,16650,16762.7,16743.7,-112.693
64.2,17375,16762.4,16743.5,612.594
64.21,17150,16762.1,16743.4,387.879
64.22,17750,16761.8,16743.2,988.161
64.23,16450,16761.6,16743.1,-311.559
64.24,17050,16761.3,16742.9,288.718
64.25,16900,16761,16742.8,138.993
64.26,17575,16760.7,16742.6,814.267
64.27,17300,16760.5,16742.5,539.537
64.28,17225,16760.2,16742.3,464.806
64.29,16850,16759.9,16742.2,90.0724
64.3,17275,16759.7,16742,515.337
64.31,17075,16759.4,16741.9,315.598
64.32,15650,16759.1,16741.7,-1109.14
64.33,16800,16758.9,16741.6,41.1156
64.34,17625,16758.6,16741.4,866.371
64.35,17325,16758.4,16741.3,566.623
64.36,17325,16758.1,16741.1,566.874
64.37,17900,16757.9,16741,1142.12
64.38,15050,16757.6,16740.8,-1707.63
64.39,16125,16757.4,16740.7,-632.389
64.4,17450,16757.1,16740.5,692.852
64.41,17125,16756.9,16740.3,368.091
64.42,17925,16756.7,16740.2,1168.33
64.43,16850,16756.4,16740,93.5604
64.44,17875,16756.2,16739.9,1118.79
64.45,17175,16756,16739.7,419.02
64.46,17225,16755.8,16739.6,469.246
64.47,17100,16755.5,16739.4,344.469
64.48,17150,16755.3,16739.2,394.689
64.49,16750,16755.1,16739.1,-5.09298
64.5,17550,16754.9,16738.9,795.122
64.51,17725,16754.7,16738.8,970.334
64.52,17125,16754.5,16738.6,370.543
64.53,17000,16754.3,16738.4,245.75
64.54,16400,16754,16738.3,-354.047
64.55,16525,16753.8,16738.1,-228.846
64.56,16475,16753.6,16738,-278.649
64.57,16300,16753.5,16737.8,-453.454
64.58,17975,16753.3,16737.6,1221.74
64.59,18050,16753.1,16737.5,1296.93
64.6,16675,16752.9,16737.3,-77.8894
64.61,17400,16752.7,16737.1,647.293
64.62,17225,16752.5,16737,472.477
64.63,16250,16752.3,16736.8,-502.348
64.64,16200,16752.2,16736.7,-552.176
64.65,16900,16752,16736.5,147.993
64.66,16675,16751.8,16736.3,-76.8413
64.67,16875,16751.7,16736.2,123.321
64.68,17275,16751.5,16736,523.48
64.69,16550,16751.4,16735.8,-201.365
64.7,16675,16751.2,16735.7,-76.2124
64.71,15375,16751.1,16735.5,-1376.06
64.72,16350,16750.9,16735.3,-400.915
64.73,16600,16750.8,16735.2,-150.773
64.74,17600,16750.6,16735,849.365
64.75,17375,16750.5,16734.8,624.501
64.76,16875,16750.4,16734.7,124.633
64.77,17000,16750.2,16734.5,249.762
64.78,17575,16750.1,16734.3,824.887
64.79,16550,16750,16734.1,-199.99
64.8,16400,16749.9,16734,-349.871
64.81,17100,16749.8,16733.8,350.245
64.82,17225,16749.6,16733.6,475.358
64.83,17400,16749.5,16733.5,650.468
64.84,15825,16749.4,16733.3,-924.425
64.85,16150,16749.3,16733.1,-599.32
64.86,17375,16749.2,16732.9,625.781
64.87,16125,16749.1,16732.8,-624.12
64.88,17100,16749,16732.6,350.976
64.89,17400,16748.9,16732.4,651.07
64.9,18750,16748.8,16732.2,2001.16
64.91,17500,16748.7,16732.1,751.251
64.92,18325,16748.7,16731.9,1576.34
64.93,17175,16748.6,16731.7,426.423
64.94,16975,16748.5,16731.5,226.507
64.95,17450,16748.4,16731.4,701.588
64.96,17350,16748.3,16731.2,601.668
64.97,18125,16748.3,16731,1376.75
64.98,16900,16748.2,16730.8,151.825
64.99,16925,16748.1,16730.7,176.901
65,16925,16748,16730.5,176.977
65.01,16850,16747.9,16730.3,102.052
65.02,17475,16747.9,16730.1,727.127
65.03,17800,16747.8,16729.9,1052.2
65.04,17275,16747.7,16729.8,527.275
65.05,17375,16747.7,16729.6,627.35
65.06,17075,16747.6,16729.4,327.425
65.07,17125,16747.5,16729.2,377.5
65.08,17000,16747.4,16729.1,252.577
65.09,17300,16747.3,16728.9,552.654
65.1,17750,16747.3,16728.7,1002.73
65.11,16975,16747.2,16728.5,227.813
65.12,17425,16747.1,16728.3,677.894
65.13,18350,16747,16728.1,1602.98
65.14,17500,16746.9,16728,753.064
65.15,16750,16746.8,16727.8,3.15257
65.16,17600,16746.8,16727.6,853.244
65.17,17875,16746.7,16727.4,1128.34
65.18,17025,16746.6,16727.2,278.435
65.19,17525,16746.5,16727,778.536
65.2,16500,16746.4,16726.9,-246.36
65.21,17625,16746.3,16726.7,878.748
65.22,17625,16746.1,16726.5,878.86
65.23,17425,16746,16726.3,678.977
65.24,17550,16745.9,16726.1,804.098
65.25,16475,16745.8,16725.9,-270.777
65.26,17525,16745.6,16725.7,779.354
65.27,16575,16745.5,16725.6,-170.51
65.28,16925,16745.4,16725.4,179.631
65.29,16425,16745.2,16725.2,-320.222
65.3,16875,16745.1,16725,129.93
65.31,17575,16744.9,16724.8,830.088
65.32,17450,16744.7,16724.6,705.252
65.33,17300,16744.6,16724.4,555.422
65.34,16925,16744.4,16724.2,180.598
65.35,16975,16744.2,16724.1,230.781
65.36,17325,16744,16723.9,580.97
65.37,17500,16743.8,16723.7,756.165
65.38,16300,16743.6,16723.5,-443.633
65.39,17125,16743.4,16723.3,381.576
65.4,17050,16743.2,16723.1,306.791
65.41,17075,16743,16722.9,332.013
65.42,16550,16742.8,16722.7,-192.758
65.43,16500,16742.5,16722.5,-242.523
65.44,17450,16742.3,16722.3,707.719
65.45,16725,16742,16722.1,-17.032
65.46,17025,16741.8,16721.9,283.223
65.47,17200,16741.5,16721.8,458.485
65.48,15725,16741.2,16721.6,-1016.25
65.49,16275,16741,16721.4,-465.972
65.5,17100,16740.7,16721.2,359.309
65.51,17325,16740.4,16721,584.596
65.52,15825,16740.1,16720.8,-915.111
65.53,16650,16739.8,16720.6,-89.8119
65.54,16725,16739.5,16720.4,-14.5071
65.55,15750,16739.2,16720.2,-989.197
65.56,16325,16738.9,16720,-413.881
65.57,16450,16738.6,16719.8,-288.559
65.58,15725,16738.2,16719.6,-1013.23
65.59,16575,16737.9,16719.4,-162.902
65.6,17425,16737.6,16719.2,687.434
65.61,16975,16737.2,16719,237.775
65.62,16775,16736.9,16718.8,38.1195
65.63,16650,16736.5,16718.6,-86.5315
65.64,16300,16736.2,16718.4,-436.179
65.65,16175,16735.8,16718.2,-560.822
65.66,16800,16735.5,16718,64.538
65.67,16600,16735.1,16717.8,-135.099
65.68,17650,16734.7,16717.6,915.268
65.69,17650,16734.4,16717.4,915.637
65.7,16725,16734,16717.2,-8.99172
65.71,17450,16733.6,16717,716.382
65.72,16250,16733.2,16716.8,-483.242
65.73,16800,16732.9,16716.6,67.1363
65.74,17400,16732.5,16716.4,667.516
65.75,15900,16732.1,16716.2,-832.103
65.76,17100,16731.7,16716,368.279
65.77,16950,16731.3,16715.8,218.662
65.78,17100,16731,16715.6,369.046
65.79,15850,16730.6,16715.4,-880.569
65.8,15600,16730.2,16715.2,-1130.18
65.81,17175,16729.8,16715,445.201
65.82,17575,16729.4,16714.8,845.586
65.83,17100,16729,16714.6,370.971
65.84,17650,16728.6,16714.4,921.356
65.85,16975,16728.3,16714.2,246.74
65.86,16075,16727.9,16714,-652.877
65.87,17350,16727.5,16713.8,622.505
65.88,17175,16727.1,16713.6,447.886
65.89,15475,16726.7,16713.4,-1251.73
65.9,17725,16726.4,16713.2,998.645
65.91,16550,16726,16713,-175.978
65.92,17850,16725.6,16712.8,1124.4
65.93,16350,16725.2,16712.6,-375.229
65.94,16900,16724.9,16712.4,175.143
65.95,17025,16724.5,16712.2,300.512
65.96,16850,16724.1,16712,125.88
65.97,17400,16723.8,16711.8,676.246
65.98,16450,16723.4,16711.6,-273.391
65.99,15550,16723,16711.3,-1173.03
66,17175,16722.7,16711.1,452.328
66.01,16800,16722.3,16710.9,77.6844
66.02,16900,16722,16710.7,178.038
66.03,16075,16721.6,16710.5,-646.611
66.04,17025,16721.3,16710.3,303.737
66.05,17375,16720.9,16710.1,654.082
66.06,17600,16720.6,16709.9,879.425
66.07,17425,16720.2,16709.7,704.765
66.08,17800,16719.9,16709.5,1080.1
66.09,16475,16719.6,16709.3,-244.563
66.1,17475,16719.2,16709.1,755.769
66.11,17150,16718.9,16708.8,431.097
66.12,17100,16718.6,16708.6,381.423
66.13,16400,16718.3,16708.4,-318.253
66.14,15675,16717.9,16708.2,-1042.93
66.15,16225,16717.6,16708,-492.615
66.16,17050,16717.3,16707.8,332.7
66.17,16975,16717,16707.6,258.012
66.18,16525,16716.7,16707.4,-191.679
66.19,17350,16716.4,16707.2,633.628
66.2,16100,16716.1,16707,-616.068
66.21,15875,16715.8,16706.7,-840.766
66.22,16900,16715.5,16706.5,184.533
66.23,16000,16715.2,16706.3,-715.171
66.24,16475,16714.9,16706.1,-239.877
66.25,15575,16714.6,16705.9,-1139.59
66.26,17750,16714.3,16705.7,1035.7
66.27,18625,16714,16705.5,1910.99
66.28,17650,16713.7,16705.3,936.275
66.29,16125,16713.4,16705,-588.443
66.3,17300,16713.2,16704.8,586.838
66.31,16025,16712.9,16704.6,-687.884
66.32,16700,16712.6,16704.4,-12.6086
66.33,18375,16712.3,16704.2,1662.67
66.34,17075,16712.1,16704,362.937
66.35,17825,16711.8,16703.8,1113.21
66.36,16175,16711.5,16703.5,-536.525
66.37,17225,16711.3,16703.3,513.742
66.38,16675,16711,16703.1,-35.9935
66.39,16175,16710.7,16702.9,-535.73
66.4,16425,16710.5,16702.7,-285.469
66.41,17375,16710.2,16702.5,664.791
66.42,16600,16710,16702.3,-109.951
66.43,17500,16709.7,16702,790.306
66.44,16600,16709.4,16701.8,-109.439
66.45,16100,16709.2,16701.6,-609.184
66.46,17150,16708.9,16701.4,441.068
66.47,16975,16708.7,16701.2,266.32
66.48,17075,16708.4,16701,366.571
66.49,18175,16708.2,16700.7,1466.82
66.5,16350,16707.9,16700.5,-357.932
66.51,17075,16707.7,16700.3,367.315
66.52,16875,16707.4,16700.1,167.561
66.53,17450,16707.2,16699.9,742.807
66.54,16500,16706.9,16699.7,-206.949
66.55,16400,16706.7,16699.4,-306.706
66.56,16175,16706.5,16699.2,-531.463
66.57,17125,16706.2,16699,418.779
66.58,16650,16706,16698.8,-55.9804
66.59,17175,16705.7,16698.6,469.26
66.6,15625,16705.5,16698.4,-1080.5
66.61,17350,16705.3,16698.1,644.739
66.62,16300,16705,16697.9,-405.023
66.63,17100,16704.8,16697.7,395.215
66.64,16950,16704.5,16697.5,245.452
66.65,17125,16704.3,16697.3,420.688
66.66,16900,16704.1,16697,195.925
66.67,17125,16703.8,16696.8,421.16
66.68,17025,16703.6,16696.6,321.396
66.69,17050,16703.4,16696.4,346.63
66.7,16225,16703.1,16696.2,-478.135
66.71,16200,16702.9,16695.9,-502.901
66.72,17225,16702.7,16695.7,522.332
66.73,17075,16702.4,16695.5,372.566
66.74,16150,16702.2,16695.3,-552.201
66.75,16650,16702,16695.1,-51.9688
66.76,17175,16701.7,16694.8,473.263
66.77,16425,16701.5,16694.6,-276.504
66.78,15800,16701.3,16694.4,-901.273
66.79,17175,16701,16694.2,473.959
66.8,17025,16700.8,16694,324.19
66.81,17500,16700.6,16693.7,799.421
66.82,16625,16700.3,16693.5,-75.3481
66.83,16975,16700.1,16693.3,274.883
66.84,16325,16699.9,16693.1,-374.887
66.85,17100,16699.7,16692.9,400.343
66.86,15750,16699.4,16692.6,-949.427
66.87,17275,16699.2,16692.4,575.803
66.88,16300,16699,16692.2,-398.967
66.89,16750,16698.7,16692,51.2622
66.9,17375,16698.5,16691.7,676.492
66.91,15000,16698.3,16691.5,-1698.28
66.92,16525,16698.1,16691.3,-173.05
66.93,16700,16697.8,16691.1,2.17882
66.94,16950,16697.6,16690.9,252.408
66.95,16500,16697.4,16690.6,-197.364
66.96,16350,16697.1,16690.4,-347.135
66.97,16400,16696.9,16690.2,-296.907
66.98,16775,16696.7,16690,78.3215
66.99,15750,16696.5,16689.7,-946.45
67,16675,16696.2,16689.5,-21.2223
67.01,18300,16696,16689.3,1604.01
67.02,17150,16695.8,16689.1,454.233
67.03,18300,16695.5,16688.8,1604.46
67.04,16175,16695.3,16688.6,-520.311
67.05,16275,16695.1,16688.4,-420.084
67.06,17700,16694.9,16688.2,1005.14
67.07,16475,16694.6,16688,-219.629
67.08,16650,16694.4,16687.7,-44.402
67.09,18375,16694.2,16687.5,1680.83
67.1,17900,16693.9,16687.3,1206.05
67.11,16950,16693.7,16687.1,256.279
67.12,17325,16693.5,16686.8,631.505
67.13,16600,16693.3,16686.6,-93.2679
67.14,17225,16693,16686.4,531.959
67.15,16975,16692.8,16686.2,282.185
67.16,16075,16692.6,16685.9,-617.589
67.17,15875,16692.4,16685.7,-817.363
67.18,15900,16692.1,16685.5,-792.137
67.19,16425,16691.9,16685.3,-266.911
67.2,16450,16691.7,16685,-241.685
67.21,17100,16691.5,16684.8,408.541
67.22,16325,16691.2,16684.6,-366.234
67.23,16325,16691,16684.4,-366.008
67.24,16300,16690.8,16684.1,-390.783
67.25,15650,16690.6,16683.9,-1040.56
67.26,16100,16690.3,16683.7,-590.333
67.27,16850,16690.1,16683.5,159.892
67.28,16525,16689.9,16683.2,-164.883
67.29,17275,16689.7,16683,585.342
67.3,16850,16689.4,16682.8,160.566
67.31,17700,16689.2,16682.6,1010.79
67.32,17350,16689,16682.3,661.015
67.33,16625,16688.8,16682.1,-63.7606
67.34,17725,16688.5,16681.9,1036.46
67.35,16625,16688.3,16681.7,-63.3127
67.36,16850,16688.1,16681.4,161.911
67.37,16200,16687.9,16681.2,-487.865
67.38,17150,16687.6,16681,462.358
67.39,17275,16687.4,16680.8,587.581
67.4,16300,16687.2,16680.5,-387.196
67.41,16275,16687,16680.3,-411.973
67.42,16775,16686.7,16680.1,88.2502
67.43,17275,16686.5,16679.9,588.473
67.44,16500,16686.3,16679.6,-186.305
67.45,16425,16686.1,16679.4,-261.082
67.46,17225,16685.9,16679.2,539.14
67.47,16600,16685.6,16679,-85.6382
67.48,17575,16685.4,16678.7,889.584
67.49,17550,16685.2,16678.5,864.805
67.5,15075,16685,16678.3,-1609.97
67.51,17450,16684.8,16678.1,765.248
67.52,17450,16684.5,16677.8,765.469
67.53,16525,16684.3,16677.6,-159.31
67.54,16025,16684.1,16677.4,-659.089
67.55,16325,16683.9,16677.2,-358.869
67.56,16575,16683.6,16676.9,-108.648
67.57,17575,16683.4,16676.7,891.572
67.58,16750,16683.2,16676.5,66.7917
67.59,16775,16683,16676.3,92.0114
67.6,17100,16682.8,16676,417.231
67.61,17875,16682.5,16675.8,1192.45
67.62,15575,16682.3,16675.6,-1107.33
67.63,16900,16682.1,16675.4,217.888
67.64,17375,16681.9,16675.1,693.107
67.65,15875,16681.7,16674.9,-806.675
67.66,16200,16681.5,16674.7,-481.456
67.67,16175,16681.2,16674.5,-506.238
67.68,17700,16681,16674.2,1018.98
67.69,17075,16680.8,16674,394.197
67.7,16600,16680.6,16673.8,-80.5858
67.71,16575,16680.4,16673.6,-105.369
67.72,16725,16680.2,16673.3,44.8481
67.73,16050,16679.9,16673.1,-629.935
67.74,16250,16679.7,16672.9,-429.719
67.75,16000,16679.5,16672.7,-679.503
67.76,15800,16679.3,16672.4,-879.287
67.77,17800,16679.1,16672.2,1120.93
67.78,16875,16678.9,16672,196.144
67.79,17150,16678.6,16671.8,471.359
67.8,15750,16678.4,16671.6,-928.427
67.81,15450,16678.2,16671.3,-1228.21
67.82,16450,16678,16671.1,-227.998
67.83,17200,16677.8,16670.9,522.216
67.84,16400,16677.6,16670.7,-277.571
67.85,16625,16677.4,16670.4,-52.3573
67.86,17175,16677.1,16670.2,497.856
67.87,17025,16676.9,16670,348.068
67.88,17175,16676.7,16669.8,498.281
67.89,16400,16676.5,16669.5,-276.507
67.9,17825,16676.3,16669.3,1148.7
67.91,17100,16676.1,16669.1,423.916
67.92,15650,16675.9,16668.9,-1025.87
67.93,16275,16675.7,16668.6,-400.662
67.94,17375,16675.5,16668.4,699.549
67.95,16775,16675.2,16668.2,99.7587
67.96,17275,16675,16668,599.969
67.97,16750,16674.8,16667.7,75.178
67.98,16500,16674.6,16667.5,-174.613
67.99,16275,16674.4,16667.3,-399.404
68,15975,16674.2,16667.1,-699.196
68.01,16425,16674,16666.9,-248.988
68.02,16575,16673.8,16666.6,-98.7801
68.03,16550,16673.6,16666.4,-123.573
68.04,16475,16673.4,16666.2,-198.366
68.05,15425,16673.2,16666,-1248.16
68.06,16075,16673,16665.7,-597.953
68.07,17150,16672.7,16665.5,477.253
68.08,16400,16672.5,16665.3,-272.542
68.09,16625,16672.3,16665.1,-47.3372
68.1,16625,16672.1,16664.9,-47.1327
68.11,16850,16671.9,16664.6,178.071
68.12,16525,16671.7,16664.4,-146.725
68.13,17175,16671.5,16664.2,503.478
68.14,16225,16671.3,16664,-446.319
68.15,17100,16671.1,16663.7,428.884
68.16,17325,16670.9,16663.5,654.085
68.17,16800,16670.7,16663.3,129.287
68.18,18125,16670.5,16663.1,1454.49
68.19,16500,16670.3,16662.9,-170.311
68.2,16550,16670.1,16662.6,-120.111
68.21,18350,16669.9,16662.4,1680.09
68.22,16675,16669.7,16662.2,5.28726
68.23,17175,16669.5,16662,505.486
68.24,16725,16669.3,16661.8,55.684
68.25,15500,16669.1,16661.5,-1169.12
68.26,17775,16668.9,16661.3,1106.08
68.27,16175,16668.7,16661.1,-493.725
68.28,16425,16668.5,16660.9,-243.529
68.29,17375,16668.3,16660.7,706.667
68.3,17925,16668.1,16660.4,1256.86
68.31,16600,16667.9,16660.2,-67.9442
68.32,17875,16667.8,16660,1207.25
68.33,15750,16667.6,16659.8,-917.557
68.34,16300,16667.4,16659.6,-367.365
68.35,16925,16667.2,16659.3,257.827
68.36,17050,16667,16659.1,383.019
68.37,16975,16666.8,16658.9,308.209
68.38,17575,16666.6,16658.7,908.399
68.39,17175,16666.4,16658.5,508.589
68.4,17625,16666.2,16658.3,958.778
68.41,16150,16666,16658,-516.034
68.42,17275,16665.8,16657.8,609.153
68.43,16775,16665.7,16657.6,109.34
68.44,17075,16665.5,16657.4,409.526
68.45,16575,16665.3,16657.2,-90.2893
68.46,16000,16665.1,16656.9,-665.105
68.47,16800,16664.9,16656.7,135.079
68.48,16700,16664.7,16656.5,35.2615
68.49,16800,16664.6,16656.3,135.444
68.5,17075,16664.4,16656.1,410.625
68.51,17025,16664.2,16655.9,360.805
68.52,17575,16664,16655.7,910.984
68.53,17100,16663.8,16655.4,436.163
68.54,16800,16663.7,16655.2,136.34
68.55,16900,16663.5,16655,236.517
68.56,17025,16663.3,16654.8,361.692
68.57,17375,16663.1,16654.6,711.867
68.58,16075,16663,16654.4,-587.96
68.59,17500,16662.8,16654.1,837.213
68.6,17425,16662.6,16653.9,762.384
68.61,16800,16662.4,16653.7,137.554
68.62,17425,16662.3,16653.5,762.722
68.63,16900,16662.1,16653.3,237.89
68.64,16675,16661.9,16653.1,13.0558
68.65,17475,16661.8,16652.9,813.22
68.66,16950,16661.6,16652.7,288.384
68.67,14925,16661.5,16652.4,-1736.45
68.68,16675,16661.3,16652.2,13.7054
68.69,16775,16661.1,16652,113.864
68.7,17275,16661,16651.8,614.021
68.71,16875,16660.8,16651.6,214.176
68.72,17125,16660.7,16651.4,464.329
68.73,16525,16660.5,16651.2,-135.52
68.74,15750,16660.4,16651,-910.371
68.75,15725,16660.2,16650.7,-935.225
68.76,17575,16660.1,16650.5,914.92
68.77,16800,16659.9,16650.3,140.062
68.78,16625,16659.8,16650.1,-34.7986
68.79,16950,16659.7,16649.9,290.338
68.8,18175,16659.5,16649.7,1515.47
68.81,17125,16659.4,16649.5,465.603
68.82,16700,16659.3,16649.3,40.7315
68.83,18225,16659.1,16649.1,1565.86
68.84,17275,16659,16648.9,615.978
68.85,16525,16658.9,16648.7,-133.905
68.86,16975,16658.8,16648.4,316.209
68.87,16575,16658.7,16648.2,-83.6813
68.88,16125,16658.6,16648,-533.576
68.89,17300,16658.5,16647.8,641.525
68.9,17425,16658.4,16647.6,766.621
68.91,16225,16658.3,16647.4,-433.288
68.92,16975,16658.2,16647.2,316.798
68.93,17025,16658.1,16647,366.878
68.94,16225,16658,16646.8,-433.048
68.95,17300,16658,16646.6,642.02
68.96,16975,16657.9,16646.4,317.081
68.97,17350,16657.9,16646.2,692.136
68.98,17100,16657.8,16646,442.182
68.99,16225,16657.8,16645.8,-432.779
69,16500,16657.7,16645.6,-157.748
69.01,17825,16657.7,16645.4,1167.27
69.02,16500,16657.7,16645.2,-157.713
69.03,17150,16657.7,16645,492.29
69.04,16200,16657.7,16644.8,-457.718
69.05,16400,16657.7,16644.5,-257.736
69.06,17225,16657.8,16644.3,567.235
69.07,16550,16657.8,16644.1,-107.807
69.08,16200,16657.9,16643.9,-457.861
69.09,16625,16657.9,16643.7,-32.9285
69.1,17275,16658,16643.5,616.99
69.11,16875,16658.1,16643.3,216.893
69.12,16400,16658.2,16643.1,-258.219
69.13,16125,16658.3,16642.9,-533.347
69.14,17350,16658.5,16642.7,691.507
69.15,16975,16658.7,16642.5,316.343
69.16,18125,16658.8,16642.3,1466.16
69.17,16975,16659,16642.1,315.957
69.18,16775,16659.3,16641.9,115.733
69.19,16725,16659.5,16641.7,65.4864
69.2,15500,16659.8,16641.5,-1159.78
69.21,17575,16660.1,16641.4,914.924
69.22,17175,16660.4,16641.2,514.605
69.23,18400,16660.7,16641,1739.26
69.24,17800,16661.1,16640.8,1138.89
69.25,16325,16661.5,16640.6,-336.517
69.26,15500,16662,16640.4,-1161.95
69.27,16700,16662.4,16640.2,37.585
69.28,17225,16662.9,16640,562.087
69.29,18000,16663.4,16639.8,1336.55
69.3,17275,16664,16639.6,610.985
69.31,17225,16664.6,16639.4,560.378
69.32,17025,16665.3,16639.2,359.732
69.33,17225,16666,16639,559.045
69.34,16950,16666.7,16638.8,283.316
69.35,16425,16667.5,16638.6,-242.458
69.36,16175,16668.3,16638.4,-493.278
69.37,16325,16669.1,16638.2,-344.145
69.38,15800,16670.1,16638.1,-870.063
69.39,17525,16671,16637.9,853.969
69.4,16725,16672.1,16637.7,52.9468
69.41,15825,16673.1,16637.5,-848.13
69.42,15425,16674.3,16637.3,-1249.26
69.43,15175,16675.5,16637.1,-1500.46
69.44,16900,16676.7,16636.9,223.287
69.45,18000,16678,16636.7,1321.97
69.46,17325,16679.4,16636.5,645.586
69.47,16650,16680.9,16636.3,-30.8643
69.48,16075,16682.4,16636.2,-607.384
69.49,16725,16684,16636,41.0251
69.5,17425,16685.6,16635.8,739.361
69.51,16925,16687.4,16635.6,237.621
69.52,16775,16689.2,16635.4,85.8032
69.53,17075,16691.1,16635.2,383.906
69.54,16800,16693.1,16635,106.927
69.55,15875,16695.1,16634.9,-820.136
69.56,15850,16697.3,16634.7,-847.285
69.57,16275,16699.5,16634.5,-424.521
69.58,16850,16701.8,16634.3,148.152
69.59,16200,16704.3,16634.1,-504.266
69.6,16875,16706.8,16633.9,168.222
69.61,15825,16709.4,16633.8,-884.386
69.62,15350,16712.1,16633.6,-1362.09
69.63,17750,16714.9,16633.4,1035.11
69.64,15575,16717.8,16633.2,-1142.8
69.65,17900,16720.8,16633,1179.19
69.66,17475,16723.9,16632.9,751.082
69.67,16075,16727.1,16632.7,-652.134
69.68,17025,16730.5,16632.5,294.542
69.69,17350,16733.9,16632.3,616.111
69.7,16500,16737.4,16632.1,-237.43
69.71,16625,16741.1,16632,-116.081
69.72,16875,16744.8,16631.8,130.157
69.73,16775,16748.7,16631.6,26.2822
69.74,16000,16752.7,16631.4,-752.705
69.75,16750,16756.8,16631.3,-6.80559
69.76,16725,16761,16631.1,-36.02
69.77,17300,16765.3,16630.9,534.652
69.78,16250,16769.8,16630.7,-519.791
69.79,17075,16774.3,16630.6,300.652
69.8,17475,16779,16630.4,695.982
69.81,16425,16783.8,16630.2,-358.803
69.82,16400,16788.7,16630.1,-388.7
69.83,17275,16793.7,16629.9,481.291
69.84,17150,16798.8,16629.7,351.17
69.85,17050,16804.1,16629.5,245.939
69.86,17550,16809.4,16629.4,740.599
69.87,16050,16814.8,16629.2,-764.848
69.88,17575,16820.4,16629,754.599
69.89,17575,16826.1,16628.9,748.942
69.9,18725,16831.8,16628.7,1893.18
69.91,15650,16837.7,16628.5,-1187.67
69.92,17525,16843.6,16628.4,681.374
69.93,17125,16849.7,16628.2,275.327
69.94,16875,16855.8,16628,19.1888
69.95,16175,16862,16627.9,-687.036
69.96,16100,16868.3,16627.7,-768.345
69.97,16700,16874.7,16627.5,-174.734
69.98,16675,16881.2,16627.4,-206.199
69.99,16675,16887.7,16627.2,-212.736
70,18000,16894.3,16627,1105.66
70.01,16475,16901,16626.9,-426.008
70.02,16225,16907.7,16626.7,-682.733
70.03,17050,16914.5,16626.6,135.489
70.04,17875,16921.3,16626.4,953.664
70.05,17425,16928.2,16626.2,496.797
70.06,16675,16935.1,16626.1,-260.106
70.07,16900,16942,16625.9,-42.0393
70.08,16950,16949,16625.8,1.00343
70.09,16225,16956,16625.6,-730.971
70.1,17125,16963,16625.4,162.043
70.11,18175,16969.9,16625.3,1205.05
70.12,17625,16976.9,16625.1,648.066
70.13,17725,16983.9,16625,741.089
70.14,18375,16990.9,16624.8,1384.13
70.15,17400,16997.8,16624.7,402.194
70.16,16075,17004.7,16624.5,-929.709
70.17,17375,17011.6,16624.4,363.428
70.18,17325,17018.4,16624.2,306.614
70.19,17450,17025.1,16624,424.855
70.2,17075,17031.8,16623.9,43.1599
70.21,17825,17038.5,16623.7,786.537
70.22,17100,17045,16623.6,54.9952
70.23,18575,17051.5,16623.4,1523.54
70.24,17575,17057.8,16623.3,517.186
70.25,19050,17064.1,16623.1,1985.94
70.26,18750,17070.2,16623,1679.8
70.27,16700,17076.2,16622.8,-376.214
70.28,16350,17082.1,16622.7,-732.097
70.29,18625,17087.8,16622.6,1537.16
70.3,17500,17093.4,16622.4,406.563
70.31,16925,17098.9,16622.3,-173.878
70.32,18275,17104.2,16622.1,1170.85
70.33,18450,17109.3,16622,1340.74
70.34,18825,17114.2,16621.8,1710.82
70.35,18025,17118.9,16621.7,906.078
70.36,18175,17123.5,16621.5,1051.54
70.37,18775,17127.8,16621.4,1647.19
70.38,18725,17131.9,16621.3,1593.06
70.39,18500,17135.9,16621.1,1364.15
70.4,17400,17139.5,16621,260.453
70.41,19000,17143,16620.8,1856.99
70.42,18375,17146.2,16620.7,1228.76
70.43,18625,17149.2,16620.6,1475.76
70.44,19075,17152,16620.4,1923.02
70.45,17950,17154.5,16620.3,795.519
70.46,19175,17156.7,16620.2,2018.27
70.47,18275,17158.7,16620,1116.29
70.48,19325,17160.4,16619.9,2164.56
70.49,17400,17161.9,16619.8,238.101
70.5,17450,17163.1,16619.6,286.906
70.51,18400,17164,16619.5,1235.98
70.52,19225,17164.7,16619.4,2060.32
70.53,19550,17165.1,16619.2,2384.94
70.54,16925,17165.2,16619.1,-240.176
70.55,18575,17165,16619,1409.98
70.56,17975,17164.6,16618.8,810.414
70.57,17600,17163.9,16618.7,436.116
70.58,18950,17162.9,16618.6,1787.09
70.59,18525,17161.7,16618.5,1363.33
70.6,17900,17160.2,16618.3,739.835
70.61,17650,17158.4,16618.2,491.605
70.62,17550,17156.4,16618.1,393.636
70.63,16550,17154.1,16618,-604.075
70.64,17025,17151.5,16617.8,-126.533
70.65,16525,17148.7,16617.7,-623.742
70.66,16675,17145.7,16617.6,-470.705
70.67,19350,17142.4,16617.5,2207.57
70.68,18200,17138.9,16617.3,1061.08
70.69,16000,17135.2,16617.2,-1135.18
70.7,18000,17131.2,16617.1,868.788
70.71,18000,17127,16617,872.969
70.72,16850,17122.6,16616.9,-272.639
70.73,16225,17118,16616.8,-893.043
70.74,17050,17113.2,16616.6,-63.2499
70.75,16400,17108.3,16616.5,-708.267
70.76,16925,17103.1,16616.4,-178.101
70.77,16400,17097.8,16616.3,-697.76
70.78,17825,17092.3,16616.2,732.748
70.79,16525,17086.6,16616.1,-561.584
70.8,17750,17080.8,16616,669.236
70.81,16700,17074.8,16615.8,-374.801
70.82,15925,17068.7,16615.7,-1143.7
70.83,15125,17062.5,16615.6,-1937.48
70.84,16975,17056.1,16615.5,-81.1312
70.85,16050,17049.7,16615.4,-999.675
70.86,17650,17043.1,16615.3,606.883
70.87,16450,17036.5,16615.2,-586.465
70.88,16275,17029.7,16615.1,-754.726
70.89,17275,17022.9,16615,252.09
70.9,17775,17016,16614.9,758.976
70.91,17825,17009.1,16614.8,815.924
70.92,17725,17002.1,16614.7,722.926
70.93,17025,16995,16614.6,29.9727
70.94,16450,16987.9,16614.5,-537.942
70.95,18050,16980.8,16614.4,1069.17
70.96,17150,16973.7,16614.3,176.312
70.97,16525,16966.5,16614.2,-441.534
70.98,16775,16959.4,16614.1,-184.372
70.99,17075,16952.2,16614,122.792
71,16450,16945.1,16613.9,-495.051
71.01,15550,16937.9,16613.8,-1387.9
71.02,18050,16930.8,16613.7,1119.22
71.03,17175,16923.7,16613.6,251.324
71.04,16150,16916.6,16613.5,-766.606
71.05,16875,16909.6,16613.4,-34.5722
71.06,16450,16902.6,16613.3,-452.581
71.07,17125,16895.6,16613.2,229.361
71.08,16325,16888.7,16613.1,-563.75
71.09,15975,16881.9,16613,-906.919
71.1,17025,16875.2,16613,149.848
71.11,16300,16868.5,16612.9,-568.453
71.12,17450,16861.8,16612.8,588.174
71.13,16075,16855.3,16612.7,-780.275
71.14,17100,16848.8,16612.6,251.195
71.15,16700,16842.4,16612.5,-142.419
71.16,16875,16836.1,16612.4,38.8803
71.17,17000,16829.9,16612.4,170.089
71.18,17500,16823.8,16612.3,676.203
71.19,16850,16817.8,16612.2,32.2217
71.2,16850,16811.9,16612.1,38.1411
71.21,16250,16806,16612,-556.041
71.22,16800,16800.3,16612,-0.326026
71.23,16175,16794.7,16611.9,-619.717
71.24,17625,16789.2,16611.8,835.786
71.25,17225,16783.8,16611.7,441.18
71.26,17375,16778.5,16611.7,596.464
71.27,16975,16773.4,16611.6,201.637
71.28,16700,16768.3,16611.5,-68.3009
71.29,17200,16763.4,16611.4,436.648
71.3,16900,16758.5,16611.4,141.484
71.31,16125,16753.8,16611.3,-628.793
71.32,17025,16749.2,16611.2,275.816
71.33,16750,16744.7,16611.2,5.31089
71.34,17225,16740.3,16611.1,484.693
71.35,17075,16736,16611,338.961
71.36,17850,16731.9,16611,1118.12
71.37,15850,16727.8,16610.9,-877.84
71.38,15850,16723.9,16610.8,-873.909
71.39,17275,16720.1,16610.8,554.912
71.4,17475,16716.4,16610.7,758.622
71.41,17600,16712.8,16610.6,887.224
71.42,16625,16709.3,16610.6,-84.282
71.43,17950,16705.9,16610.5,1244.11
71.44,17725,16702.6,16610.5,1022.39
71.45,16175,16699.4,16610.4,-524.434
71.46,17550,16696.4,16610.4,853.641
71.47,16575,16693.4,16610.3,-118.384
71.48,17575,16690.5,16610.2,884.492
71.49,17050,16687.7,16610.2,362.27
71.5,17450,16685,16610.1,764.953
71.51,15825,16682.5,16610.1,-857.459
71.52,17100,16680,16610,420.037
71.53,16725,16677.6,16610,47.4433
71.54,17300,16675.2,16609.9,624.761
71.55,16525,16673,16609.9,-148.008
71.56,17750,16670.9,16609.8,1079.14
71.57,17900,16668.8,16609.8,1231.2
71.58,17150,16666.8,16609.7,483.185
71.59,16150,16664.9,16609.7,-514.911
71.6,17900,16663.1,16609.7,1236.92
71.61,16275,16661.3,16609.6,-386.33
71.62,17175,16659.6,16609.6,515.35
71.63,16975,16658,16609.5,316.959
71.64,17175,16656.5,16609.5,518.5
71.65,17200,16655,16609.5,544.973
71.66,17325,16653.6,16609.4,671.382
71.67,16350,16652.3,16609.4,-302.273
71.68,16175,16651,16609.4,-475.989
71.69,16350,16649.8,16609.3,-299.764
71.7,17525,16648.6,16609.3,876.403
71.71,16325,16647.5,16609.3,-322.486
71.72,16975,16646.4,16609.2,328.57
71.73,16975,16645.4,16609.2,329.575
71.74,17925,16644.5,16609.2,1280.53
71.75,16725,16643.6,16609.1,81.4326
71.76,16925,16642.7,16609.1,282.289
71.77,16650,16641.9,16609.1,8.09969
71.78,16475,16641.1,16609.1,-166.134
71.79,17125,16640.4,16609,484.588
71.8,16975,16639.7,16609,335.269
71.81,17025,16639.1,16609,385.909
71.82,16725,16638.5,16609,86.5102
71.83,16400,16637.9,16609,-237.927
71.84,15825,16637.4,16608.9,-812.401
71.85,16550,16636.9,16608.9,-86.9099
71.86,17475,16636.5,16608.9,838.546
71.87,17725,16636,16608.9,1088.97
71.88,16925,16635.6,16608.9,289.358
71.89,16925,16635.3,16608.9,289.716
71.9,16650,16635,16608.8,15.0437
71.91,17825,16634.7,16608.8,1190.34
71.92,16725,16634.4,16608.8,90.6092
71.93,17625,16634.2,16608.8,990.849
71.94,17350,16633.9,16608.8,716.061
71.95,17575,16633.8,16608.8,941.245
71.96,16900,16633.6,16608.8,266.403
71.97,17600,16633.5,16608.8,966.535
71.98,16350,16633.4,16608.8,-283.359
71.99,16875,16633.3,16608.8,241.721
72,18225,16633.2,16608.8,1591.78
72.01,17050,16633.2,16608.8,416.808
72.02,17150,16633.2,16608.8,516.815
72.03,16500,16633.2,16608.8,-133.203
72.04,16725,16633.2,16608.8,91.7556
72.05,17475,16633.3,16608.8,841.69
72.06,16050,16633.4,16608.8,-583.399
72.07,16775,16633.5,16608.8,141.487
72.08,18450,16633.6,16608.8,1816.35
72.09,16925,16633.8,16608.8,291.189
72.1,16400,16634,16608.8,-233.996
72.11,17350,16634.2,16608.8,715.794
72.12,17600,16634.4,16608.9,965.56
72.13,15825,16634.7,16608.9,-809.699
72.14,16900,16635,16608.9,265.017
72.15,17575,16635.3,16608.9,939.707
72.16,17075,16635.6,16608.9,439.372
72.17,17350,16636,16608.9,714.01
72.18,16850,16636.4,16609,213.622
72.19,16875,16636.8,16609,238.206
72.2,17200,16637.2,16609,562.763
72.21,18475,16637.7,16609,1837.29
72.22,16975,16638.2,16609,336.79
72.23,17625,16638.7,16609.1,986.259
72.24,17225,16639.3,16609.1,585.698
72.25,16225,16639.9,16609.1,-414.894
72.26,16925,16640.5,16609.2,284.481
72.27,16850,16641.2,16609.2,208.824
72.28,17275,16641.9,16609.2,633.133
72.29,16900,16642.6,16609.3,257.407
72.3,17775,16643.4,16609.3,1131.65
72.31,16850,16644.2,16609.3,205.849
72.32,17300,16645,16609.4,655.014
72.33,18000,16645.9,16609.4,1354.14
72.34,16300,16646.8,16609.4,-346.773
72.35,16325,16647.7,16609.5,-322.726
72.36,16875,16648.7,16609.5,226.278
72.37,16625,16649.8,16609.6,-24.7597
72.38,17225,16650.8,16609.6,574.158
72.39,17825,16652,16609.6,1173.03
72.4,18000,16653.1,16609.7,1346.86
72.41,17800,16654.4,16609.7,1145.64
72.42,17300,16655.6,16609.8,644.365
72.43,16200,16657,16609.8,-456.956
72.44,17075,16658.3,16609.9,416.672
72.45,16725,16659.8,16609.9,65.2473
72.46,18225,16661.2,16610,1563.77
72.47,17375,16662.8,16610,712.234
72.48,16675,16664.4,16610.1,10.6429
72.49,18625,16666,16610.2,1958.99
72.5,17650,16667.7,16610.2,982.285
72.51,16675,16669.5,16610.3,5.51542
72.52,17875,16671.3,16610.3,1203.68
72.53,17400,16673.2,16610.4,726.788
72.54,17125,16675.2,16610.5,449.828
72.55,17525,16677.2,16610.5,847.801
72.56,17400,16679.3,16610.6,720.707
72.57,17500,16681.5,16610.7,818.543
72.58,17850,16683.7,16610.7,1166.31
72.59,16325,16686,16610.8,-360.997
72.6,16550,16688.4,16610.9,-138.376
72.61,16725,16690.8,16610.9,34.1699
72.62,16750,16693.4,16611,56.6403
72.63,16875,16696,16611.1,179.034
72.64,17375,16698.7,16611.2,676.348
72.65,17375,16701.4,16611.3,673.584
72.66,18400,16704.3,16611.3,1695.74
72.67,17925,16707.2,16611.4,1217.81
72.68,17600,16710.2,16611.5,889.799
72.69,16875,16713.3,16611.6,161.704
72.7,16950,16716.5,16611.7,233.522
72.71,16475,16719.7,16611.8,-244.745
72.72,17750,16723.1,16611.8,1026.9
72.73,18500,16726.5,16611.9,1773.46
72.74,17550,16730.1,16612,819.922
72.75,17525,16733.7,16612.1,791.298
72.76,17950,16737.4,16612.2,1212.58
72.77,16925,16741.2,16612.3,183.775
72.78,16850,16745.1,16612.4,104.875
72.79,18300,16749.1,16612.5,1550.88
72.8,17225,16753.2,16612.6,471.793
72.81,18700,16757.4,16612.7,1942.61
72.82,18525,16761.7,16612.8,1763.33
72.83,17075,16766,16612.9,308.958
72.84,17475,16770.5,16613,704.488
72.85,17575,16775.1,16613.1,799.922
72.86,17275,16779.7,16613.2,495.259
72.87,18050,16784.5,16613.3,1265.5
72.88,17750,16789.4,16613.4,960.644
72.89,17150,16794.3,16613.5,355.691
72.9,17225,16799.4,16613.6,425.641
72.91,16800,16804.5,16613.8,-4.50455
72.92,17900,16809.7,16613.9,1090.25
72.93,17350,16815.1,16614,534.915
72.94,18900,16820.5,16614.1,2079.48
72.95,17500,16826,16614.2,673.954
72.96,16975,16831.7,16614.4,143.331
72.97,16250,16837.4,16614.5,-587.385
72.98,17375,16843.2,16614.6,531.807
72.99,17925,16849.1,16614.7,1075.91
73,18350,16855.1,16614.9,1494.92
73.01,16575,16861.2,16615,-286.165
73.02,17325,16867.3,16615.1,457.666
73.03,17200,16873.6,16615.2,326.41
73.04,18000,16879.9,16615.4,1120.07
73.05,17650,16886.4,16615.5,763.642
73.06,16150,16892.9,16615.6,-742.866
73.07,16725,16899.5,16615.8,-174.456
73.08,17575,16906.1,16615.9,668.876
73.09,18150,16912.9,16616.1,1237.13
73.1,17275,16919.7,16616.2,355.31
73.11,16800,16926.6,16616.3,-126.583
73.12,17525,16933.5,16616.5,591.453
73.13,16225,16940.6,16616.6,-715.579
73.14,17100,16947.7,16616.8,152.323
73.15,16200,16954.8,16616.9,-754.839
73.16,17950,16962.1,16617.1,987.938
73.17,17575,16969.3,16617.2,605.657
73.18,17625,16976.7,16617.4,648.321
73.19,16625,16984.1,16617.5,-359.068
73.2,17025,16991.5,16617.7,33.4934
73.21,16475,16999,16617.9,-523.992
73.22,16225,17006.5,16618,-781.521
73.23,17775,17014.1,16618.2,760.91
73.24,16700,17021.7,16618.3,-321.696
73.25,17625,17029.3,16618.5,595.664
73.26,17400,17037,16618.7,362.993
73.27,17075,17044.7,16618.8,30.2956
73.28,16275,17052.4,16619,-777.426
73.29,17550,17060.2,16619.2,489.833
73.3,16800,17067.9,16619.4,-267.924
73.31,16400,17075.7,16619.5,-675.694
73.32,16750,17083.5,16619.7,-333.473
73.33,16125,17091.3,16619.9,-966.257
73.34,16925,17099,16620.1,-174.043
73.35,16600,17106.8,16620.2,-506.825
73.36,18125,17114.6,16620.4,1010.4
73.37,17525,17122.4,16620.6,402.633
73.38,16550,17130.1,16620.8,-580.118
73.39,17225,17137.9,16621,87.1492
73.4,16950,17145.6,16621.2,-195.561
73.41,16800,17153.2,16621.4,-353.243
73.42,17350,17160.9,16621.5,189.105
73.43,17375,17168.5,16621.7,206.489
73.44,16550,17176.1,16621.9,-626.088
73.45,17075,17183.6,16622.1,-108.621
73.46,16950,17191.1,16622.3,-241.105
73.47,17100,17198.5,16622.5,-98.5373
73.48,16025,17205.9,16622.7,-1180.91
73.49,15900,17213.2,16622.9,-1313.23
73.5,16700,17220.5,16623.1,-520.473
73.51,16900,17227.7,16623.3,-327.65
73.52,16025,17234.8,16623.5,-1209.75
73.53,15775,17241.8,16623.8,-1466.78
73.54,16925,17248.7,16624,-323.714
73.55,18250,17255.6,16624.2,994.435
73.56,16650,17262.3,16624.4,-612.324
73.57,16850,17269,16624.6,-418.985
73.58,17800,17275.5,16624.8,524.456
73.59,17075,17282,16625,-206.998
73.6,17300,17288.3,16625.3,11.6592
73.61,17200,17294.6,16625.5,-94.5692
73.62,17300,17300.7,16625.7,-0.678726
73.63,17025,17306.7,16625.9,-281.665
73.64,17525,17312.5,16626.2,212.476
73.65,18950,17318.3,16626.4,1631.75
73.66,16525,17323.8,16626.6,-798.845
73.67,17375,17329.3,16626.9,45.702
73.68,17825,17334.6,16627.1,490.392
73.69,16900,17339.8,16627.3,-439.772
73.7,17000,17344.8,16627.6,-344.786
73.71,17325,17349.6,16627.8,-24.6462
73.72,18250,17354.3,16628,895.65
73.73,18450,17358.9,16628.3,1091.11
73.74,18125,17363.3,16628.5,761.727
73.75,17750,17367.5,16628.8,382.512
73.76,17800,17371.5,16629,428.466
73.77,17750,17375.4,16629.3,374.591
73.78,16575,17379.1,16629.5,-804.111
73.79,17125,17382.6,16629.8,-257.637
73.8,17400,17386,16630,14.0149
73.81,18325,17389.2,16630.3,935.846
73.82,17550,17392.1,16630.6,157.859
73.83,17925,17394.9,16630.8,530.055
73.84,15700,17397.6,16631.1,-1697.57
73.85,16875,17400,16631.3,-525
73.86,15900,17402.2,16631.6,-1502.25
73.87,17125,17404.3,16631.9,-279.308
73.88,16900,17406.2,16632.1,-506.179
73.89,17175,17407.9,16632.4,-232.861
73.9,16050,17409.4,16632.7,-1359.35
73.91,18050,17410.7,16633,639.343
73.92,16450,17411.8,16633.2,-961.769
73.93,17525,17412.7,16633.5,112.309
73.94,17725,17413.4,16633.8,311.578
73.95,17075,17414,16634.1,-338.963
73.96,17400,17414.3,16634.4,-14.3132
73.97,17300,17414.5,16634.7,-114.474
73.98,17825,17414.4,16634.9,410.555
73.99,17400,17414.2,16635.2,-14.2271
74,17500,17413.8,16635.5,86.1791
74.01,17025,17413.2,16635.8,-388.227
74.02,17050,17412.4,16636.1,-362.446
74.03,17350,17411.5,16636.4,-61.4793
74.04,17275,17410.3,16636.7,-135.327
74.05,18900,17409,16637,1491.01
74.06,17750,17407.5,16637.3,342.528
74.07,18375,17405.8,16637.6,969.228
74.08,16925,17403.9,16637.9,-478.891
74.09,17175,17401.8,16638.2,-226.831
74.1,16525,17399.6,16638.5,-874.593
74.11,18425,17397.2,16638.8,1027.82
74.12,18050,17394.6,16639.2,655.409
74.13,17550,17391.8,16639.5,158.17
74.14,17925,17388.9,16639.8,536.102
74.15,16575,17385.8,16640.1,-810.797
74.16,18000,17382.5,16640.4,617.472
74.17,17150,17379.1,16640.8,-229.095
74.18,18300,17375.5,16641.1,924.502
74.19,18325,17371.7,16641.4,953.259
74.2,18425,17367.8,16641.7,1057.17
74.21,17600,17363.8,16642.1,236.246
74.22,17500,17359.5,16642.4,140.471
74.23,18150,17355.2,16642.7,794.847
74.24,17150,17350.6,16643.1,-200.63
74.25,17950,17346,16643.4,604.039
74.26,18025,17341.2,16643.7,683.849
74.27,16575,17336.2,16644.1,-761.201
74.28,18650,17331.1,16644.4,1318.88
74.29,16450,17325.9,16644.8,-875.899
74.3,17475,17320.6,16645.1,154.447
74.31,17200,17315.1,16645.5,-115.082
74.32,17375,17309.5,16645.8,65.5114
74.33,17175,17303.8,16646.2,-128.778
74.34,17500,17298,16646.5,202.047
74.35,18125,17292,16646.9,832.981
74.36,18075,17286,16647.3,789.022
74.37,17875,17279.8,16647.6,595.164
74.38,17425,17273.6,16648,151.403
74.39,17350,17267.3,16648.4,82.7359
74.4,17775,17260.8,16648.7,514.157
74.41,18425,17254.3,16649.1,1170.66
74.42,17750,17247.8,16649.5,502.248
74.43,18125,17241.1,16649.8,883.909
74.44,18075,17234.4,16650.2,840.64
74.45,17775,17227.6,16650.6,547.437
74.46,17975,17220.7,16651,754.295
74.47,17625,17213.8,16651.4,411.21
74.48,16550,17206.8,16651.7,-656.824
74.49,18150,17199.8,16652.1,950.19
74.5,17325,17192.8,16652.5,132.245
74.51,17950,17185.7,16652.9,764.339
74.52,17525,17178.5,16653.3,346.465
74.53,17150,17171.4,16653.7,-21.3815
74.54,17525,17164.2,16654.1,360.796
74.55,18150,17157,16654.5,992.992
74.56,17275,17149.8,16654.9,125.202
74.57,18450,17142.6,16655.3,1307.42
74.58,17725,17135.4,16655.7,589.645
74.59,16425,17128.1,16656.1,-703.13
74.6,18075,17120.9,16656.5,954.09
74.61,17650,17113.7,16656.9,536.302
74.62,17650,17106.5,16657.3,543.501
74.63,16550,17099.3,16657.7,-549.316
74.64,17700,17092.2,16658.2,607.845
74.65,17425,17085,16658.6,339.981
74.66,18250,17077.9,16659,1172.09
74.67,18050,17070.8,16659.4,979.163
74.68,16250,17063.8,16659.9,-813.799
74.69,17550,17056.8,16660.3,493.198
74.7,17125,17049.8,16660.7,75.1514
74.71,17000,17042.9,16661.1,-42.9424
74.72,17025,17036.1,16661.6,-11.0869
74.73,16250,17029.3,16662,-779.285
74.74,16075,17022.5,16662.4,-947.54
74.75,17650,17015.9,16662.9,634.145
74.76,16700,17009.2,16663.3,-309.233
74.77,17875,17002.7,16663.8,872.323
74.78,18850,16996.2,16664.2,1853.81
74.79,17225,16989.8,16664.7,235.229
74.8,17750,16983.4,16665.1,766.574
74.81,17400,16977.2,16665.6,422.843
74.82,16475,16971,16666,-495.965
74.83,16725,16964.9,16666.5,-239.852
74.84,17325,16958.8,16667,366.179
74.85,17350,16952.9,16667.4,397.126
74.86,17975,16947,16667.9,1027.99
74.87,16150,16941.2,16668.3,-791.235
74.88,16975,16935.5,16668.8,39.4531
74.89,17125,16929.9,16669.3,195.052
74.9,17525,16924.4,16669.8,600.56
74.91,17425,16919,16670.2,505.976
74.92,17000,16913.7,16670.7,86.3
74.93,16775,16908.5,16671.2,-133.47
74.94,17450,16903.3,16671.7,546.665
74.95,16750,16898.3,16672.2,-148.295
74.96,16250,16893.4,16672.6,-643.351
74.97,16200,16888.5,16673.1,-688.504
74.98,17425,16883.8,16673.6,541.246
74.99,17050,16879.1,16674.1,170.899
75,15675,16874.5,16674.6,-1199.55
75.01,16525,16870.1,16675.1,-345.088
75.02,17000,16865.7,16675.6,134.271
75.03,17925,16861.5,16676.1,1063.53
75.04,18025,16857.3,16676.6,1167.7
75.05,18200,16853.2,16677.1,1346.76
75.06,17075,16849.3,16677.6,225.729
75.07,17200,16845.4,16678.2,354.599
75.08,17150,16841.6,16678.7,308.372
75.09,16425,16838,16679.2,-412.953
75.1,15850,16834.4,16679.7,-984.373
75.11,17075,16830.9,16680.2,244.11
75.12,16250,16827.5,16680.7,-577.502
75.13,15900,16824.2,16681.3,-924.209
75.14,16500,16821,16681.8,-321.011
75.15,16550,16817.9,16682.3,-267.906
75.16,16150,16814.9,16682.9,-664.894
75.17,16625,16812,16683.4,-186.975
75.18,17750,16809.1,16683.9,940.854
75.19,16525,16806.4,16684.5,-281.409
75.2,17275,16803.8,16685,471.239
75.21,17050,16801.2,16685.6,248.797
75.22,16950,16798.7,16686.1,151.268
75.23,16750,16796.3,16686.7,-46.3485
75.24,17400,16794.1,16687.2,605.949
75.25,17100,16791.8,16687.8,308.16
75.26,16975,16789.7,16688.3,185.288
75.27,17400,16787.7,16688.9,612.332
75.28,17500,16785.7,16689.4,714.293
75.29,16050,16783.8,16690,-733.827
75.3,16625,16782,16690.6,-157.027
75.31,16500,16780.3,16691.1,-280.308
75.32,16750,16778.7,16691.7,-28.6664
75.33,17550,16777.1,16692.3,772.897
75.34,16950,16775.6,16692.9,174.384
75.35,16200,16774.2,16693.4,-574.205
75.36,17800,16772.9,16694,1027.13
75.37,17325,16771.6,16694.6,553.393
75.38,16625,16770.4,16695.2,-145.417
75.39,16725,16769.3,16695.8,-44.3002
75.4,16300,16768.3,16696.4,-468.254
75.41,17275,16767.3,16696.9,507.721
75.42,17100,16766.4,16697.5,333.626
75.43,15600,16765.5,16698.1,-1165.54
75.44,16450,16764.8,16698.7,-314.768
75.45,16400,16764.1,16699.3,-364.067
75.46,18275,16763.4,16699.9,1511.57
75.47,16725,16762.9,16700.6,-37.8639
75.48,16500,16762.4,16701.2,-262.361
75.49,16400,16761.9,16701.8,-361.923
75.5,16525,16761.5,16702.4,-236.549
75.51,17875,16761.2,16703,1113.76
75.52,16600,16761,16703.6,-160.991
75.53,16400,16760.8,16704.2,-360.807
75.54,16250,16760.7,16704.9,-510.685
75.55,16775,16760.6,16705.5,14.3743
75.56,17100,16760.6,16706.1,339.372
75.57,17875,16760.7,16706.8,1114.31
75.58,17575,16760.8,16707.4,814.184
75.59,17325,16761,16708,563.998
75.6,17450,16761.2,16708.7,688.752
75.61,17100,16761.6,16709.3,338.445
75.62,16350,16761.9,16710,-411.923
75.63,17200,16762.4,16710.6,437.648
75.64,17050,16762.8,16711.3,287.159
75.65,16275,16763.4,16711.9,-488.391
75.66,17200,16764,16712.6,435.998
75.67,16500,16764.7,16713.2,-264.674
75.68,17125,16765.4,16713.9,359.593
75.69,16575,16766.2,16714.5,-191.201
75.7,16925,16767.1,16715.2,157.943
75.71,17150,16768,16715.9,382.025
75.72,17650,16769,16716.5,881.045
75.73,17125,16770,16717.2,355.002
75.74,17350,16771.1,16717.9,578.896
75.75,17175,16772.3,16718.6,402.727
75.76,17500,16773.5,16719.3,726.494
75.77,17275,16774.8,16719.9,500.196
75.78,17400,16776.2,16720.6,623.834
75.79,15975,16777.6,16721.3,-802.594
75.8,16525,16779.1,16722,-254.088
75.81,17500,16780.6,16722.7,719.351
75.82,17775,16782.3,16723.4,992.723
75.83,17050,16784,16724.1,266.027
75.84,16300,16785.7,16724.8,-485.737
75.85,16900,16787.6,16725.5,112.43
75.86,17375,16789.5,16726.2,585.527
75.87,17325,16791.4,16726.9,533.553
75.88,16300,16793.5,16727.6,-493.492
75.89,16625,16795.6,16728.3,-170.608
75.9,16475,16797.8,16729.1,-322.797
75.91,16850,16800.1,16729.8,49.9403
75.92,17200,16802.4,16730.5,397.604
75.93,17375,16804.8,16731.2,570.194
75.94,17175,16807.3,16732,367.708
75.95,17575,16809.9,16732.7,765.147
75.96,16725,16812.5,16733.4,-87.4911
75.97,17275,16815.2,16734.2,459.794
75.98,17000,16818,16734.9,182.002
75.99,17425,16820.9,16735.6,604.132
76,17100,16823.8,16736.4,276.184
76.01,16775,16826.8,16737.1,-51.8434
76.02,16550,16829.9,16737.9,-279.95
76.03,18075,16833.1,16738.6,1241.86
76.04,16725,16836.4,16739.4,-111.402
76.05,16000,16839.7,16740.2,-839.748
76.06,16475,16843.2,16740.9,-368.175
76.07,16550,16846.7,16741.7,-296.682
76.08,17550,16850.3,16742.4,699.73
76.09,16625,16853.9,16743.2,-228.939
76.1,16075,16857.7,16744,-782.688
76.11,17150,16861.5,16744.8,288.483
76.12,17700,16865.4,16745.5,834.573
76.13,17175,16869.4,16746.3,305.583
76.14,17100,16873.5,16747.1,226.514
76.15,17075,16877.6,16747.9,197.365
76.16,15975,16881.9,16748.7,-906.862
76.17,17300,16886.2,16749.5,413.832
76.18,16225,16890.6,16750.3,-665.551
76.19,16525,16895,16751.1,-370.01
76.2,16950,16899.5,16751.9,50.4552
76.21,17375,16904.2,16752.7,470.846
76.22,16600,16908.8,16753.5,-308.838
76.23,17925,16913.6,16754.3,1011.41
76.24,17350,16918.4,16755.1,431.581
76.25,17600,16923.3,16755.9,676.684
76.26,16900,16928.3,16756.7,-28.2798
76.27,16875,16933.3,16757.5,-58.3105
76.28,18350,16938.4,16758.4,1411.59
76.29,17375,16943.6,16759.2,431.436
76.3,17000,16948.8,16760,51.2164
76.31,17650,16954.1,16760.9,695.938
76.32,17450,16959.4,16761.7,490.604
76.33,18000,16964.8,16762.5,1035.21
76.34,16975,16970.2,16763.4,4.77332
76.35,16950,16975.7,16764.2,-25.7172
76.36,17625,16981.3,16765.1,643.745
76.37,17100,16986.8,16765.9,113.164
76.38,16425,16992.5,16766.8,-567.459
76.39,17825,16998.1,16767.6,826.88
76.4,17400,17003.8,16768.5,396.184
76.41,17625,17009.5,16769.3,615.456
76.42,18750,17015.3,16770.2,1734.7
76.43,17200,17021.1,16771.1,178.917
76.44,17525,17026.9,16771.9,498.112
76.45,16075,17032.7,16772.8,-957.711
76.46,17400,17038.5,16773.7,361.451
76.47,16575,17044.4,16774.6,-469.397
76.48,17925,17050.3,16775.4,874.747
76.49,17125,17056.1,16776.3,68.8871
76.5,16800,17062,16777.2,-261.972
76.51,17750,17067.8,16778.1,682.174
76.52,17775,17073.7,16779,701.328
76.53,17425,17079.5,16779.9,345.495
76.54,17850,17085.3,16780.8,764.679
76.55,15825,17091.1,16781.7,-1266.12
76.56,16925,17096.9,16782.6,-171.884
76.57,18225,17102.6,16783.5,1122.38
76.58,17275,17108.3,16784.4,166.671
76.59,16900,17114,16785.3,-213.995
76.6,17150,17119.6,16786.3,30.3815
76.61,17850,17125.2,16787.2,724.805
76.62,18525,17130.7,16788.1,1394.28
76.63,16625,17136.2,16789,-511.187
76.64,18300,17141.6,16790,1158.41
76.65,18425,17146.9,16790.9,1278.06
76.66,16225,17152.2,16791.8,-927.211
76.67,18775,17157.4,16792.8,1617.59
76.68,17850,17162.5,16793.7,687.467
76.69,17850,17167.6,16794.6,682.427
76.7,17825,17172.5,16795.6,652.472
76.71,17075,17177.4,16796.5,-102.392
76.72,16450,17182.2,16797.5,-732.162
76.73,16700,17186.8,16798.5,-486.835
76.74,17025,17191.4,16799.4,-166.406
76.75,16900,17195.9,16800.4,-295.873
76.76,18750,17200.2,16801.3,1549.77
76.77,16325,17204.5,16802.3,-879.477
76.78,16950,17208.6,16803.3,-258.607
76.79,16575,17212.6,16804.3,-637.62
76.8,17000,17216.5,16805.2,-216.513
76.81,16250,17220.3,16806.2,-970.281
76.82,18275,17223.9,16807.2,1051.08
76.83,18300,17227.4,16808.2,1072.56
76.84,17550,17230.8,16809.2,319.178
76.85,16750,17234.1,16810.2,-484.073
76.86,17025,17237.2,16811.2,-212.191
76.87,17350,17240.2,16812.2,109.827
76.88,17450,17243,16813.2,206.981
76.89,17900,17245.7,16814.2,654.273
76.9,17800,17248.3,16815.2,551.703
76.91,17525,17250.7,16816.2,274.271
76.92,17000,17253,16817.2,-253.021
76.93,17700,17255.2,16818.3,444.826
76.94,17500,17257.2,16819.3,242.811
76.95,17400,17259.1,16820.3,140.935
76.96,17200,17260.8,16821.3,-60.8038
76.97,17650,17262.4,16822.4,387.594
76.98,18225,17263.9,16823.4,961.126
76.99,17450,17265.2,16824.4,184.793
77,17750,17266.4,16825.5,483.591
77.01,17500,17267.5,16826.5,232.518
77.02,17650,17268.4,16827.6,381.574
77.03,17800,17269.2,16828.6,530.754
77.04,17100,17269.9,16829.7,-169.944
77.05,17300,17270.5,16830.8,29.4777
77.06,17750,17271,16831.8,479.015
77.07,16750,17271.3,16832.9,-521.335
77.08,17125,17271.6,16834,-146.576
77.09,16975,17271.7,16835,-296.713
77.1,16775,17271.7,16836.1,-496.749
77.11,17425,17271.7,16837.2,153.312
77.12,16575,17271.5,16838.3,-696.536
77.13,14925,17271.3,16839.3,-2346.3
77.14,17500,17271,16840.4,229.026
77.15,17025,17270.6,16841.5,-245.575
77.16,17150,17270.1,16842.6,-120.104
77.17,18325,17269.6,16843.7,1055.43
77.18,17150,17269,16844.8,-118.967
77.19,17075,17268.3,16845.9,-193.313
77.2,17975,17267.6,16847,707.39
77.21,16400,17266.9,16848.1,-866.862
77.22,16725,17266.1,16849.3,-541.077
77.23,17400,17265.3,16850.4,134.739
77.24,17625,17264.4,16851.5,360.581
77.25,16550,17263.6,16852.6,-713.558
77.26,17200,17262.7,16853.8,-62.6846
77.27,16550,17261.8,16854.9,-711.805
77.28,17175,17260.9,16856,-85.9254
77.29,17775,17260.1,16857.2,514.947
77.3,18000,17259.2,16858.3,740.807
77.31,17125,17258.4,16859.4,-133.353
77.32,16850,17257.5,16860.6,-407.539
77.33,16675,17256.8,16861.7,-581.758
77.34,17200,17256,16862.9,-56.0168
77.35,16700,17255.3,16864.1,-555.321
77.36,16250,17254.7,16865.2,-1004.68
77.37,16475,17254.1,16866.4,-779.092
77.38,18400,17253.6,16867.6,1146.43
77.39,17875,17253.1,16868.7,621.878
77.4,16900,17252.7,16869.9,-352.75
77.41,17050,17252.5,16871.1,-202.461
77.42,17425,17252.3,16872.3,172.739
77.43,17300,17252.2,16873.5,47.8435
77.44,18650,17252.2,16874.7,1397.85
77.45,17100,17252.3,16875.8,-152.255
77.46,17300,17252.5,16877,47.5308
77.47,17150,17252.8,16878.2,-102.8
77.48,17400,17253.3,16879.4,146.746
77.49,18000,17253.8,16880.7,746.165
77.5,16975,17254.5,16881.9,-279.547
77.51,17775,17255.4,16883.1,519.604
77.52,17750,17256.4,16884.3,493.614
77.53,17400,17257.5,16885.5,142.478
77.54,17000,17258.8,16886.7,-258.806
77.55,17025,17260.2,16888,-235.243
77.56,18400,17261.8,16889.2,1138.16
77.57,17425,17263.6,16890.4,161.409
77.58,18425,17265.5,16891.7,1159.49
77.59,16425,17267.6,16892.9,-842.59
77.6,18350,17269.8,16894.2,1080.16
77.61,17950,17272.3,16895.4,677.738
77.62,17725,17274.9,16896.7,450.144
77.63,17700,17277.6,16897.9,422.375
77.64,17750,17280.6,16899.2,469.43
77.65,17425,17283.7,16900.5,141.307
77.66,18175,17287,16901.7,888.006
77.67,18175,17290.5,16903,884.526
77.68,17575,17294.1,16904.3,280.866
77.69,16550,17298,16905.6,-747.974
77.7,18150,17302,16906.8,848.006
77.71,17775,17306.2,16908.1,468.807
77.72,17975,17310.6,16909.4,664.429
77.73,17900,17315.1,16910.7,584.874
77.74,17925,17319.9,16912,605.142
77.75,18175,17324.8,16913.3,850.235
77.76,17325,17329.8,16914.6,-4.84438
77.77,17175,17335.1,16915.9,-160.095
77.78,17850,17340.5,16917.2,509.486
77.79,17025,17346.1,16918.5,-321.099
77.8,17600,17351.8,16919.9,248.154
77.81,18350,17357.8,16921.2,992.247
77.82,17450,17363.8,16922.5,86.1845
77.83,16800,17370,16923.8,-570.03
77.84,18250,17376.4,16925.2,873.608
77.85,18050,17382.9,16926.5,667.102
77.86,18325,17389.5,16927.9,935.457
77.87,18925,17396.3,16929.2,1528.68
77.88,17800,17403.2,16930.5,396.772
77.89,19275,17410.3,16931.9,1864.74
77.9,17150,17417.4,16933.3,-267.406
77.91,17625,17424.7,16934.6,200.335
77.92,18575,17432,16936,1142.97
77.93,18950,17439.5,16937.3,1510.51
77.94,17225,17447.1,16938.7,-222.05
77.95,17900,17454.7,16940.1,445.308
77.96,17500,17462.4,16941.5,37.5876
77.97,18175,17470.2,16942.9,704.796
77.98,18275,17478.1,16944.2,796.94
77.99,18150,17486,16945.6,664.028
78,16550,17493.9,16947,-943.933
78.01,17175,17501.9,16948.4,-326.935
78.02,18300,17510,16949.8,790.031
78.03,18950,17518,16951.2,1431.97
78.04,17175,17526.1,16952.6,-351.103
78.05,17600,17534.2,16954,65.8142
78.06,17575,17542.3,16955.5,32.7321
78.07,18300,17550.3,16956.9,749.659
78.08,18650,17558.4,16958.3,1091.6
78.09,18625,17566.4,16959.7,1058.58
78.1,17925,17574.4,16961.2,350.585
78.11,17200,17582.4,16962.6,-382.363
78.12,16975,17590.3,16964,-615.257
78.13,16725,17598.1,16965.5,-873.089
78.14,17100,17605.8,16966.9,-505.849
78.15,17700,17613.5,16968.4,86.4702
78.16,17500,17621.1,16969.8,-121.121
78.17,17975,17628.6,16971.3,346.385
78.18,18075,17636,16972.8,438.998
78.19,17725,17643.3,16974.2,81.7262
78.2,17775,17650.4,16975.7,124.578
78.21,16725,17657.4,16977.2,-932.437
78.22,17775,17664.3,16978.7,110.688
78.23,17775,17671,16980.1,103.961
78.24,17700,17677.6,16981.6,22.3923
78.25,17125,17684,16983.1,-559.012
78.26,18525,17690.2,16984.6,834.756
78.27,17600,17696.3,16986.1,-96.2953
78.28,18300,17702.2,16987.6,597.84
78.29,16975,17707.8,16989.1,-732.829
78.3,18800,17713.3,16990.6,1086.7
78.31,15875,17718.6,16992.1,-1843.56
78.32,17075,17723.6,16993.7,-648.606
78.33,16800,17728.4,16995.2,-928.433
78.34,17050,17733,16996.7,-683.034
78.35,17400,17737.4,16998.2,-337.404
78.36,17475,17741.5,16999.8,-266.538
78.37,17150,17745.4,17001.3,-595.432
78.38,16350,17749.1,17002.8,-1399.08
78.39,16600,17752.5,17004.4,-1152.48
78.4,17150,17755.6,17005.9,-605.606
78.41,17150,17758.5,17007.5,-608.497
78.42,16775,17761.1,17009.1,-986.129
78.43,16525,17763.5,17010.6,-1238.5
78.44,16525,17765.6,17012.2,-1240.61
78.45,17325,17767.4,17013.8,-442.448
78.46,17225,17769,17015.3,-544.023
78.47,17475,17770.3,17016.9,-295.33
78.48,17550,17771.4,17018.5,-221.369
78.49,17625,17772.1,17020.1,-147.141
78.5,18325,17772.6,17021.7,552.357
78.51,16325,17772.9,17023.3,-1447.87
78.52,17150,17772.8,17024.9,-622.837
78.53,16625,17772.5,17026.5,-1147.54
78.54,16275,17772,17028.1,-1496.98
78.55,17725,17771.2,17029.7,-46.1567
78.56,17025,17770.1,17031.3,-745.075
78.57,16750,17768.7,17032.9,-1018.74
78.58,17000,17767.1,17034.5,-767.143
78.59,16900,17765.3,17036.2,-865.3
78.6,16750,17763.2,17037.8,-1013.21
78.61,17350,17760.9,17039.4,-410.878
78.62,17850,17758.3,17041.1,91.6927
78.63,16925,17755.5,17042.7,-830.502
78.64,17050,17752.5,17044.4,-702.468
78.65,17050,17749.2,17046,-699.21
78.66,18075,17745.7,17047.7,329.267
78.67,16550,17742,17049.3,-1192.04
78.68,16275,17738.1,17051,-1463.14
78.69,17325,17734,17052.7,-409.045
78.7,16175,17729.8,17054.3,-1554.75
78.71,17200,17725.3,17056,-525.267
78.72,17875,17720.6,17057.7,154.399
78.73,16150,17715.8,17059.4,-1565.76
78.74,17325,17710.7,17061.1,-385.748
78.75,16800,17705.6,17062.8,-905.576
78.76,17850,17700.2,17064.5,149.752
78.77,17350,17694.8,17066.2,-344.772
78.78,17000,17689.2,17067.9,-689.156
78.79,16025,17683.4,17069.6,-1658.41
78.8,16300,17677.5,17071.3,-1377.53
78.81,17175,17671.5,17073,-496.539
78.82,16175,17665.4,17074.8,-1490.44
78.83,16975,17659.2,17076.5,-684.228
78.84,16475,17652.9,17078.2,-1177.93
78.85,17000,17646.5,17080,-646.534
78.86,17000,17640.1,17081.7,-640.062
78.87,16550,17633.5,17083.4,-1083.52
78.88,16525,17626.9,17085.2,-1101.9
78.89,18050,17620.2,17086.9,429.765
78.9,17550,17613.5,17088.7,-63.5141
78.91,17275,17606.7,17090.5,-331.749
78.92,17325,17599.9,17092.2,-274.947
78.93,16725,17593.1,17094,-868.116
78.94,16550,17586.3,17095.8,-1036.26
78.95,17425,17579.4,17097.6,-154.392
78.96,17125,17572.5,17099.4,-447.513
78.97,16400,17565.6,17101.1,-1165.63
78.98,16875,17558.8,17102.9,-683.755
78.99,16400,17551.9,17104.7,-1151.89
79,18150,17545,17106.5,604.96
79.01,17200,17538.2,17108.3,-338.213
79.02,17475,17531.4,17110.2,-56.4159
79.03,16700,17524.7,17112,-824.653
79.04,15725,17517.9,17113.8,-1792.93
79.05,17725,17511.3,17115.6,213.746
79.06,17975,17504.6,17117.4,470.371
79.07,17350,17498.1,17119.3,-148.06
79.08,16600,17491.6,17121.1,-891.552
79.09,17175,17485.1,17123,-310.11
79.1,16550,17478.7,17124.8,-928.739
79.11,16700,17472.4,17126.7,-772.443
79.12,17450,17466.2,17128.5,-16.2256
79.13,17225,17460.1,17130.4,-235.092
79.14,16275,17454,17132.2,-1179.05
79.15,16600,17448.1,17134.1,-848.089
79.16,17175,17442.2,17136,-267.227
79.17,15850,17436.5,17137.9,-1586.46
79.18,16950,17430.8,17139.7,-480.799
79.19,17175,17425.2,17141.6,-250.239
79.2,17725,17419.8,17143.5,305.215
79.21,17200,17414.4,17145.4,-214.44
79.22,16275,17409.2,17147.3,-1134.21
79.23,15625,17404.1,17149.2,-1779.08
79.24,16775,17399.1,17151.1,-624.079
79.25,16350,17394.2,17153,-1044.19
79.26,17225,17389.4,17155,-164.42
79.27,16600,17384.8,17156.9,-784.77
79.28,18425,17380.2,17158.8,1044.76
79.29,16800,17375.8,17160.7,-575.835
79.3,16875,17371.6,17162.7,-496.553
79.31,17450,17367.4,17164.6,82.6055
79.32,16550,17363.4,17166.6,-813.361
79.33,17225,17359.5,17168.5,-134.453
79.34,16750,17355.7,17170.5,-605.671
79.35,17450,17352,17172.4,97.9851
79.36,17225,17348.5,17174.4,-123.485
79.37,16950,17345.1,17176.4,-395.081
79.38,16575,17341.8,17178.3,-766.802
79.39,16775,17338.6,17180.3,-563.65
79.4,17050,17335.6,17182.3,-285.622
79.41,17050,17332.7,17184.3,-282.718
79.42,17425,17329.9,17186.3,95.061
79.43,16875,17327.3,17188.3,-452.283
79.44,16550,17324.7,17190.3,-774.748
79.45,16700,17322.3,17192.3,-622.335
79.46,16425,17320,17194.3,-895.042
79.47,16925,17317.9,17196.3,-392.869
79.48,16975,17315.8,17198.3,-340.813
79.49,17300,17313.9,17200.4,-13.873
79.5,16400,17312,17202.4,-912.049
79.51,16475,17310.3,17204.4,-835.338
79.52,18200,17308.7,17206.5,891.261
79.53,17600,17307.3,17208.5,292.749
79.54,16250,17305.9,17210.6,-1055.87
79.55,17400,17304.6,17212.6,95.3993
79.56,17275,17303.4,17214.7,-28.4347
79.57,17475,17302.4,17216.7,172.627
79.58,16750,17301.4,17218.8,-551.412
79.59,17075,17300.6,17220.9,-225.553
79.6,16875,17299.8,17223,-424.791
79.61,17200,17299.1,17225,-99.1264
79.62,16800,17298.6,17227.1,-498.556
79.63,17525,17298.1,17229.2,226.921
79.64,18300,17297.7,17231.3,1002.31
79.65,16325,17297.4,17233.4,-972.395
79.66,17725,17297.2,17235.5,427.816
79.67,17075,17297.1,17237.6,-222.058
79.68,17825,17297,17239.8,527.984
79.69,17475,17297.1,17241.9,177.946
79.7,16725,17297.2,17244,-572.172
79.71,16800,17297.4,17246.1,-497.367
79.72,16225,17297.6,17248.3,-1072.64
79.73,17800,17298,17250.4,502.019
79.74,17275,17298.4,17252.6,-23.3958
79.75,15750,17298.9,17254.7,-1548.88
79.76,16400,17299.4,17256.9,-899.433
79.77,17050,17300.1,17259,-250.052
79.78,16075,17300.7,17261.2,-1225.73
79.79,17125,17301.5,17263.3,-176.48
79.8,17150,17302.3,17265.5,-152.286
79.81,17100,17303.2,17267.7,-203.15
79.82,15550,17304.1,17269.9,-1754.07
79.83,17625,17305,17272.1,319.951
79.84,17075,17306.1,17274.3,-231.08
79.85,16925,17307.2,17276.5,-382.163
79.86,17575,17308.3,17278.7,266.703
79.87,17950,17309.5,17280.9,640.521
79.88,16800,17310.7,17283.1,-510.709
79.89,17875,17312,17285.3,563.015
79.9,16850,17313.3,17287.5,-463.306
79.91,17925,17314.7,17289.8,610.331
79.92,15800,17316.1,17292,-1516.07
79.93,16175,17317.5,17294.2,-1142.52
79.94,15975,17319,17296.5,-1344
79.95,17850,17320.5,17298.7,529.473
79.96,16950,17322.1,17301,-372.086
79.97,16950,17323.7,17303.2,-373.68
79.98,16900,17325.3,17305.5,-425.308
79.99,17125,17327,17307.8,-201.969
80,16875,17328.7,17310.1,-453.662
