two_theta,y_obs,y_calc,y_bkg,y_diff
5,7500,0,0,0
5.01,6975,0,0,0
5.02,7175,0,0,0
5.03,8050,0,0,0
5.04,8125,0,0,0
5.05,7925,0,0,0
5.06,7975,0,0,0
5.07,8400,0,0,0
5.08,7900,0,0,0
5.09,7850,0,0,0
5.1,7950,0,0,0
5.11,7725,0,0,0
5.12,7550,0,0,0
5.13,7575,0,0,0
5.14,7700,0,0,0
5.15,7925,0,0,0
5.16,7550,0,0,0
5.17,7875,0,0,0
5.18,7125,0,0,0
5.19,7850,0,0,0
5.2,7825,0,0,0
5.21,7975,0,0,0
5.22,7575,0,0,0
5.23,8325,0,0,0
5.24,7650,0,0,0
5.25,7725,0,0,0
5.26,7850,0,0,0
5.27,7550,0,0,0
5.28,7975,0,0,0
5.29,8000,0,0,0
5.3,8000,0,0,0
5.31,8400,0,0,0
5.32,7550,0,0,0
5.33,8375,0,0,0
5.34,7500,0,0,0
5.35,8475,0,0,0
5.36,7425,0,0,0
5.37,7825,0,0,0
5.38,7300,0,0,0
5.39,8325,0,0,0
5.4,8350,0,0,0
5.41,9075,0,0,0
5.42,8425,0,0,0
5.43,8025,0,0,0
5.44,7900,0,0,0
5.45,7600,0,0,0
5.46,7575,0,0,0
5.47,8100,0,0,0
5.48,7350,0,0,0
5.49,7625,0,0,0
5.5,7850,0,0,0
5.51,8300,0,0,0
5.52,8150,0,0,0
5.53,8350,0,0,0
5.54,8050,0,0,0
5.55,7800,0,0,0
5.56,9150,0,0,0
5.57,8200,0,0,0
5.58,8350,0,0,0
5.59,7775,0,0,0
5.6,8700,0,0,0
5.61,8000,0,0,0
5.62,9075,0,0,0
5.63,8750,0,0,0
5.64,8900,0,0,0
5.65,8075,0,0,0
5.66,8275,0,0,0
5.67,8925,0,0,0
5.68,8950,0,0,0
5.69,8775,0,0,0
5.7,8450,0,0,0
5.71,8675,0,0,0
5.72,8350,0,0,0
5.73,7850,0,0,0
5.74,8750,0,0,0
5.75,8975,0,0,0
5.76,8850,0,0,0
5.77,8525,0,0,0
5.78,8950,0,0,0
5.79,8150,0,0,0
5.8,9450,0,0,0
5.81,8400,0,0,0
5.82,8200,0,0,0
5.83,8700,0,0,0
5.84,8100,0,0,0
5.85,8125,0,0,0
5.86,9125,0,0,0
5.87,8400,0,0,0
5.88,9125,0,0,0
5.89,8375,0,0,0
5.9,8200,0,0,0
5.91,7925,0,0,0
5.92,7650,0,0,0
5.93,8725,0,0,0
5.94,9025,0,0,0
5.95,8650,0,0,0
5.96,8650,0,0,0
5.97,8450,0,0,0
5.98,8775,0,0,0
5.99,8875,0,0,0
6,8750,0,0,0
6.01,8675,0,0,0
6.02,9075,0,0,0
6.03,9400,0,0,0
6.04,8850,0,0,0
6.05,8550,0,0,0
6.06,9325,0,0,0
6.07,9300,0,0,0
6.08,8925,0,0,0
6.09,9200,0,0,0
6.1,9500,0,0,0
6.11,8475,0,0,0
6.12,9125,0,0,0
6.13,9000,0,0,0
6.14,9025,0,0,0
6.15,8950,0,0,0
6.16,8725,0,0,0
6.17,9525,0,0,0
6.18,8725,0,0,0
6.19,8675,0,0,0
6.2,10175,0,0,0
6.21,9225,0,0,0
6.22,9375,0,0,0
6.23,9975,0,0,0
6.24,9125,0,0,0
6.25,9550,0,0,0
6.26,8975,0,0,0
6.27,9250,0,0,0
6.28,9100,0,0,0
6.29,8775,0,0,0
6.3,9175,0,0,0
6.31,8875,0,0,0
6.32,9450,0,0,0
6.33,8750,0,0,0
6.34,9725,0,0,0
6.35,9550,0,0,0
6.36,9275,0,0,0
6.37,10250,0,0,0
6.38,9500,0,0,0
6.39,9300,0,0,0
6.4,8575,0,0,0
6.41,9200,0,0,0
6.42,9550,0,0,0
6.43,9375,0,0,0
6.44,9175,0,0,0
6.45,10050,0,0,0
6.46,9675,0,0,0
6.47,9450,0,0,0
6.48,9000,0,0,0
6.49,9275,0,0,0
6.5,9100,0,0,0
6.51,9225,0,0,0
6.52,8700,0,0,0
6.53,9025,0,0,0
6.54,9250,0,0,0
6.55,9825,0,0,0
6.56,9875,0,0,0
6.57,10025,0,0,0
6.58,9100,0,0,0
6.59,9350,0,0,0
6.6,9250,0,0,0
6.61,9625,0,0,0
6.62,9450,0,0,0
6.63,8975,0,0,0
6.64,9125,0,0,0
6.65,9925,0,0,0
6.66,9725,0,0,0
6.67,9625,0,0,0
6.68,9675,0,0,0
6.69,10125,0,0,0
6.7,10125,0,0,0
6.71,10300,0,0,0
6.72,10250,0,0,0
6.73,9550,0,0,0
6.74,9850,0,0,0
6.75,9600,0,0,0
6.76,9350,0,0,0
6.77,10450,0,0,0
6.78,9400,0,0,0
6.79,9300,0,0,0
6.8,9725,0,0,0
6.81,9425,0,0,0
6.82,9975,0,0,0
6.83,9700,0,0,0
6.84,10050,0,0,0
6.85,9425,0,0,0
6.86,10250,0,0,0
6.87,10175,0,0,0
6.88,9800,0,0,0
6.89,9750,0,0,0
6.9,10225,0,0,0
6.91,9750,0,0,0
6.92,9850,0,0,0
6.93,10100,0,0,0
6.94,10650,0,0,0
6.95,9875,0,0,0
6.96,9725,0,0,0
6.97,9750,0,0,0
6.98,10000,0,0,0
6.99,10225,0,0,0
7,10400,0,0,0
7.01,10025,0,0,0
7.02,9425,0,0,0
7.03,9000,0,0,0
7.04,9700,0,0,0
7.05,10125,0,0,0
7.06,10525,0,0,0
7.07,10925,0,0,0
7.08,9700,0,0,0
7.09,9950,0,0,0
7.1,10025,0,0,0
7.11,10275,0,0,0
7.12,9875,0,0,0
7.13,10275,0,0,0
7.14,9450,0,0,0
7.15,10250,0,0,0
7.16,9950,0,0,0
7.17,10850,0,0,0
7.18,10875,0,0,0
7.19,10425,0,0,0
7.2,9850,0,0,0
7.21,9775,0,0,0
7.22,10050,0,0,0
7.23,10400,0,0,0
7.24,10150,0,0,0
7.25,10175,0,0,0
7.26,10100,0,0,0
7.27,10850,0,0,0
7.28,10375,0,0,0
7.29,8950,0,0,0
7.3,10375,0,0,0
7.31,10825,0,0,0
7.32,11225,0,0,0
7.33,10675,0,0,0
7.34,10725,0,0,0
7.35,9800,0,0,0
7.36,10325,0,0,0
7.37,9725,0,0,0
7.38,10825,0,0,0
7.39,10950,0,0,0
7.4,10000,0,0,0
7.41,10575,0,0,0
7.42,10150,0,0,0
7.43,10650,0,0,0
7.44,10575,0,0,0
7.45,11050,0,0,0
7.46,10850,0,0,0
7.47,9775,0,0,0
7.48,10700,0,0,0
7.49,10675,0,0,0
7.5,11100,0,0,0
7.51,10400,0,0,0
7.52,10600,0,0,0
7.53,10600,0,0,0
7.54,10375,0,0,0
7.55,10575,0,0,0
7.56,10150,0,0,0
7.57,10450,0,0,0
7.58,10075,0,0,0
7.59,11450,0,0,0
7.6,10725,0,0,0
7.61,10600,0,0,0
7.62,10375,0,0,0
7.63,10675,0,0,0
7.64,10900,0,0,0
7.65,12025,0,0,0
7.66,10850,0,0,0
7.67,11325,0,0,0
7.68,11250,0,0,0
7.69,11900,0,0,0
7.7,11650,0,0,0
7.71,11000,0,0,0
7.72,11850,0,0,0
7.73,10850,0,0,0
7.74,11100,0,0,0
7.75,10300,0,0,0
7.76,10650,0,0,0
7.77,10700,0,0,0
7.78,11175,0,0,0
7.79,11075,0,0,0
7.8,11225,0,0,0
7.81,11250,0,0,0
7.82,10675,0,0,0
7.83,11400,0,0,0
7.84,11225,0,0,0
7.85,11250,0,0,0
7.86,11025,0,0,0
7.87,10700,0,0,0
7.88,10525,0,0,0
7.89,11250,0,0,0
7.9,11150,0,0,0
7.91,11100,0,0,0
7.92,9925,0,0,0
7.93,11675,0,0,0
7.94,10450,0,0,0
7.95,10150,0,0,0
7.96,10000,0,0,0
7.97,11950,0,0,0
7.98,11750,0,0,0
7.99,11175,0,0,0
8,10950,0,0,0
8.01,11325,0,0,0
8.02,11450,0,0,0
8.03,11000,0,0,0
8.04,10525,0,0,0
8.05,11225,0,0,0
8.06,11375,0,0,0
8.07,10550,0,0,0
8.08,10475,0,0,0
8.09,10850,0,0,0
8.1,11025,0,0,0
8.11,11675,0,0,0
8.12,11975,0,0,0
8.13,11050,0,0,0
8.14,11350,0,0,0
8.15,10875,0,0,0
8.16,10950,0,0,0
8.17,11325,0,0,0
8.18,11475,0,0,0
8.19,11875,0,0,0
8.2,12100,0,0,0
8.21,10750,0,0,0
8.22,11525,0,0,0
8.23,10175,0,0,0
8.24,11325,0,0,0
8.25,10675,0,0,0
8.26,11450,0,0,0
8.27,11600,0,0,0
8.28,12575,0,0,0
8.29,12100,0,0,0
8.3,11550,0,0,0
8.31,11575,0,0,0
8.32,11750,0,0,0
8.33,11750,0,0,0
8.34,10300,0,0,0
8.35,11575,0,0,0
8.36,12175,0,0,0
8.37,11425,0,0,0
8.38,11750,0,0,0
8.39,12125,0,0,0
8.4,11900,0,0,0
8.41,12600,0,0,0
8.42,12150,0,0,0
8.43,12000,0,0,0
8.44,11925,0,0,0
8.45,12225,0,0,0
8.46,11950,0,0,0
8.47,12125,0,0,0
8.48,11875,0,0,0
8.49,11700,0,0,0
8.5,11600,0,0,0
8.51,11925,0,0,0
8.52,12450,0,0,0
8.53,12150,0,0,0
8.54,12400,0,0,0
8.55,11750,0,0,0
8.56,12225,0,0,0
8.57,11300,0,0,0
8.58,12400,0,0,0
8.59,12175,0,0,0
8.6,11425,0,0,0
8.61,11875,0,0,0
8.62,11600,0,0,0
8.63,11750,0,0,0
8.64,12750,0,0,0
8.65,12625,0,0,0
8.66,12150,0,0,0
8.67,12700,0,0,0
8.68,12175,0,0,0
8.69,12125,0,0,0
8.7,12200,0,0,0
8.71,12000,0,0,0
8.72,12025,0,0,0
8.73,12275,0,0,0
8.74,12375,0,0,0
8.75,11825,0,0,0
8.76,13050,0,0,0
8.77,13275,0,0,0
8.78,12200,0,0,0
8.79,12675,0,0,0
8.8,12100,0,0,0
8.81,13100,0,0,0
8.82,12650,0,0,0
8.83,12425,0,0,0
8.84,11600,0,0,0
8.85,12900,0,0,0
8.86,12250,0,0,0
8.87,12575,0,0,0
8.88,12525,0,0,0
8.89,13325,0,0,0
8.9,12150,0,0,0
8.91,12575,0,0,0
8.92,12825,0,0,0
8.93,12550,0,0,0
8.94,13050,0,0,0
8.95,12700,0,0,0
8.96,12725,0,0,0
8.97,13825,0,0,0
8.98,12675,0,0,0
8.99,11700,0,0,0
9,12300,0,0,0
9.01,12150,0,0,0
9.02,12325,0,0,0
9.03,12525,0,0,0
9.04,12300,0,0,0
9.05,13000,0,0,0
9.06,12850,0,0,0
9.07,12625,0,0,0
9.08,13975,0,0,0
9.09,13325,0,0,0
9.1,12775,0,0,0
9.11,12400,0,0,0
9.12,12000,0,0,0
9.13,12450,0,0,0
9.14,12300,0,0,0
9.15,12275,0,0,0
9.16,13075,0,0,0
9.17,11525,0,0,0
9.18,12175,0,0,0
9.19,12325,0,0,0
9.2,12450,0,0,0
9.21,12975,0,0,0
9.22,13175,0,0,0
9.23,13000,0,0,0
9.24,12750,0,0,0
9.25,12800,0,0,0
9.26,14125,0,0,0
9.27,13050,0,0,0
9.28,13650,0,0,0
9.29,12450,0,0,0
9.3,12975,0,0,0
9.31,12425,0,0,0
9.32,12950,0,0,0
9.33,13225,0,0,0
9.34,11950,0,0,0
9.35,12700,0,0,0
9.36,12850,0,0,0
9.37,11875,0,0,0
9.38,12175,0,0,0
9.39,13500,0,0,0
9.4,12650,0,0,0
9.41,12375,0,0,0
9.42,12175,0,0,0
9.43,12350,0,0,0
9.44,12400,0,0,0
9.45,13075,0,0,0
9.46,13450,0,0,0
9.47,13475,0,0,0
9.48,13725,0,0,0
9.49,12650,0,0,0
9.5,12450,0,0,0
9.51,13050,0,0,0
9.52,12375,0,0,0
9.53,12525,0,0,0
9.54,13475,0,0,0
9.55,12900,0,0,0
9.56,12900,0,0,0
9.57,11775,0,0,0
9.58,13225,0,0,0
9.59,12675,0,0,0
9.6,13375,0,0,0
9.61,12625,0,0,0
9.62,13250,0,0,0
9.63,13650,0,0,0
9.64,13050,0,0,0
9.65,13725,0,0,0
9.66,11875,0,0,0
9.67,12725,0,0,0
9.68,13550,0,0,0
9.69,10700,0,0,0
9.7,13550,0,0,0
9.71,13500,0,0,0
9.72,13250,0,0,0
9.73,12950,0,0,0
9.74,12675,0,0,0
9.75,13475,0,0,0
9.76,13525,0,0,0
9.77,14600,0,0,0
9.78,13475,0,0,0
9.79,12825,0,0,0
9.8,13375,0,0,0
9.81,14700,0,0,0
9.82,13725,0,0,0
9.83,12825,0,0,0
9.84,13675,0,0,0
9.85,13575,0,0,0
9.86,14100,0,0,0
9.87,12700,0,0,0
9.88,12575,0,0,0
9.89,12425,0,0,0
9.9,13375,0,0,0
9.91,13200,0,0,0
9.92,13100,0,0,0
9.93,13200,0,0,0
9.94,12975,0,0,0
9.95,13375,0,0,0
9.96,13650,0,0,0
9.97,14275,0,0,0
9.98,13575,0,0,0
9.99,13425,0,0,0
10,14075,0,0,0
10.01,13250,0,0,0
10.02,13825,0,0,0
10.03,12775,0,0,0
10.04,13525,0,0,0
10.05,14175,0,0,0
10.06,14000,0,0,0
10.07,13775,0,0,0
10.08,13725,0,0,0
10.09,13950,0,0,0
10.1,12725,0,0,0
10.11,13575,0,0,0
10.12,13250,0,0,0
10.13,13625,0,0,0
10.14,13300,0,0,0
10.15,13275,0,0,0
10.16,14150,0,0,0
10.17,13075,0,0,0
10.18,13200,0,0,0
10.19,13625,0,0,0
10.2,13650,0,0,0
10.21,13225,0,0,0
10.22,13050,0,0,0
10.23,12900,0,0,0
10.24,14475,0,0,0
10.25,13625,0,0,0
10.26,13050,0,0,0
10.27,13825,0,0,0
10.28,13525,0,0,0
10.29,14050,0,0,0
10.3,13525,0,0,0
10.31,13400,0,0,0
10.32,12575,0,0,0
10.33,12950,0,0,0
10.34,12875,0,0,0
10.35,13700,0,0,0
10.36,13300,0,0,0
10.37,13500,0,0,0
10.38,13400,0,0,0
10.39,13675,0,0,0
10.4,14150,0,0,0
10.41,13100,0,0,0
10.42,13000,0,0,0
10.43,13550,0,0,0
10.44,12550,0,0,0
10.45,12950,0,0,0
10.46,14400,0,0,0
10.47,13075,0,0,0
10.48,13100,0,0,0
10.49,14075,0,0,0
10.5,13725,0,0,0
10.51,13075,0,0,0
10.52,14150,0,0,0
10.53,14050,0,0,0
10.54,13500,0,0,0
10.55,14075,0,0,0
10.56,14275,0,0,0
10.57,14000,0,0,0
10.58,14150,0,0,0
10.59,13725,0,0,0
10.6,13500,0,0,0
10.61,13950,0,0,0
10.62,14800,0,0,0
10.63,13925,0,0,0
10.64,13400,0,0,0
10.65,14525,0,0,0
10.66,14125,0,0,0
10.67,13925,0,0,0
10.68,14850,0,0,0
10.69,14050,0,0,0
10.7,13550,0,0,0
10.71,14675,0,0,0
10.72,14375,0,0,0
10.73,13750,0,0,0
10.74,12750,0,0,0
10.75,13125,0,0,0
10.76,13875,0,0,0
10.77,14175,0,0,0
10.78,13850,0,0,0
10.79,13650,0,0,0
10.8,14000,0,0,0
10.81,14125,0,0,0
10.82,14625,0,0,0
10.83,14125,0,0,0
10.84,14875,0,0,0
10.85,14625,0,0,0
10.86,14300,0,0,0
10.87,14600,0,0,0
10.88,13250,0,0,0
10.89,13975,0,0,0
10.9,14300,0,0,0
10.91,14600,0,0,0
10.92,13325,0,0,0
10.93,14500,0,0,0
10.94,13600,0,0,0
10.95,13825,0,0,0
10.96,13450,0,0,0
10.97,13675,0,0,0
10.98,14475,0,0,0
10.99,14250,0,0,0
11,15625,0,0,0
11.01,14575,0,0,0
11.02,14500,0,0,0
11.03,13900,0,0,0
11.04,14625,0,0,0
11.05,14825,0,0,0
11.06,12800,0,0,0
11.07,13675,0,0,0
11.08,14100,0,0,0
11.09,14125,0,0,0
11.1,14400,0,0,0
11.11,14975,0,0,0
11.12,14900,0,0,0
11.13,14350,0,0,0
11.14,13125,0,0,0
11.15,14475,0,0,0
11.16,14200,0,0,0
11.17,14150,0,0,0
11.18,14150,0,0,0
11.19,14500,0,0,0
11.2,13500,0,0,0
11.21,14500,0,0,0
11.22,13925,0,0,0
11.23,13950,0,0,0
11.24,14775,0,0,0
11.25,14750,0,0,0
11.26,13500,0,0,0
11.27,13675,0,0,0
11.28,14025,0,0,0
11.29,14625,0,0,0
11.3,14825,0,0,0
11.31,14675,0,0,0
11.32,13275,0,0,0
11.33,14050,0,0,0
11.34,14425,0,0,0
11.35,15025,0,0,0
11.36,14325,0,0,0
11.37,15150,0,0,0
11.38,15275,0,0,0
11.39,14700,0,0,0
11.4,13600,0,0,0
11.41,13500,0,0,0
11.42,14475,0,0,0
11.43,13925,0,0,0
11.44,14100,0,0,0
11.45,14900,0,0,0
11.46,14150,0,0,0
11.47,14425,0,0,0
11.48,14825,0,0,0
11.49,14700,0,0,0
11.5,14775,0,0,0
11.51,14600,0,0,0
11.52,14675,0,0,0
11.53,13400,0,0,0
11.54,13675,0,0,0
11.55,14875,0,0,0
11.56,14425,0,0,0
11.57,15350,0,0,0
11.58,15025,0,0,0
11.59,14900,0,0,0
11.6,15275,0,0,0
11.61,15125,0,0,0
11.62,14475,0,0,0
11.63,14350,0,0,0
11.64,14775,0,0,0
11.65,14800,0,0,0
11.66,15350,0,0,0
11.67,14425,0,0,0
11.68,14150,0,0,0
11.69,15850,0,0,0
11.7,14800,0,0,0
11.71,14700,0,0,0
11.72,14525,0,0,0
11.73,15025,0,0,0
11.74,14825,0,0,0
11.75,13450,0,0,0
11.76,14625,0,0,0
11.77,15925,0,0,0
11.78,14250,0,0,0
11.79,14500,0,0,0
11.8,14525,0,0,0
11.81,15375,0,0,0
11.82,15450,0,0,0
11.83,14750,0,0,0
11.84,14050,0,0,0
11.85,15800,0,0,0
11.86,14725,0,0,0
11.87,14900,0,0,0
11.88,15500,0,0,0
11.89,14825,0,0,0
11.9,14850,0,0,0
11.91,16200,0,0,0
11.92,14000,0,0,0
11.93,15025,0,0,0
11.94,15775,0,0,0
11.95,14950,0,0,0
11.96,15325,0,0,0
11.97,15250,0,0,0
11.98,15375,0,0,0
11.99,15000,0,0,0
12,15550,0,0,0
12.01,15000,0,0,0
12.02,14450,0,0,0
12.03,14100,0,0,0
12.04,14300,0,0,0
12.05,14825,0,0,0
12.06,15750,0,0,0
12.07,15275,0,0,0
12.08,15125,0,0,0
12.09,16000,0,0,0
12.1,15325,0,0,0
12.11,16575,0,0,0
12.12,15450,0,0,0
12.13,15175,0,0,0
12.14,15650,0,0,0
12.15,14975,0,0,0
12.16,14725,0,0,0
12.17,15650,0,0,0
12.18,15825,0,0,0
12.19,15675,0,0,0
12.2,14275,0,0,0
12.21,15475,0,0,0
12.22,14750,0,0,0
12.23,15875,0,0,0
12.24,15200,0,0,0
12.25,15550,0,0,0
12.26,15900,0,0,0
12.27,15700,0,0,0
12.28,14150,0,0,0
12.29,15825,0,0,0
12.3,14875,0,0,0
12.31,14375,0,0,0
12.32,15375,0,0,0
12.33,14575,0,0,0
12.34,15450,0,0,0
12.35,15075,0,0,0
12.36,15350,0,0,0
12.37,16100,0,0,0
12.38,14625,0,0,0
12.39,15250,0,0,0
12.4,15450,0,0,0
12.41,15000,0,0,0
12.42,15850,0,0,0
12.43,15150,0,0,0
12.44,15050,0,0,0
12.45,14175,0,0,0
12.46,14900,0,0,0
12.47,16225,0,0,0
12.48,14900,0,0,0
12.49,15800,0,0,0
12.5,15450,0,0,0
12.51,15925,0,0,0
12.52,16600,0,0,0
12.53,15175,0,0,0
12.54,15200,0,0,0
12.55,14775,0,0,0
12.56,15200,0,0,0
12.57,14925,0,0,0
12.58,15750,0,0,0
12.59,15500,0,0,0
12.6,15300,0,0,0
12.61,15075,0,0,0
12.62,14825,0,0,0
12.63,15050,0,0,0
12.64,14375,0,0,0
12.65,15875,0,0,0
12.66,15150,0,0,0
12.67,15300,0,0,0
12.68,14475,0,0,0
12.69,15900,0,0,0
12.7,15325,0,0,0
12.71,14775,0,0,0
12.72,15750,0,0,0
12.73,15000,0,0,0
12.74,15575,0,0,0
12.75,15650,0,0,0
12.76,16700,0,0,0
12.77,16575,0,0,0
12.78,16100,0,0,0
12.79,16525,0,0,0
12.8,15250,0,0,0
12.81,15450,0,0,0
12.82,15700,0,0,0
12.83,15000,0,0,0
12.84,15300,0,0,0
12.85,16000,0,0,0
12.86,14750,0,0,0
12.87,15050,0,0,0
12.88,16425,0,0,0
12.89,14725,0,0,0
12.9,14475,0,0,0
12.91,15300,0,0,0
12.92,15975,0,0,0
12.93,15650,0,0,0
12.94,15875,0,0,0
12.95,16275,0,0,0
12.96,15825,0,0,0
12.97,16575,0,0,0
12.98,16000,0,0,0
12.99,16025,0,0,0
13,15450,0,0,0
13.01,15325,0,0,0
13.02,15575,0,0,0
13.03,16475,0,0,0
13.04,15850,0,0,0
13.05,16025,0,0,0
13.06,15975,0,0,0
13.07,15225,0,0,0
13.08,16125,0,0,0
13.09,16150,0,0,0
13.1,14900,0,0,0
13.11,15600,0,0,0
13.12,15450,0,0,0
13.13,14075,0,0,0
13.14,15775,0,0,0
13.15,16350,0,0,0
13.16,15175,0,0,0
13.17,15775,0,0,0
13.18,14950,0,0,0
13.19,17025,0,0,0
13.2,16250,0,0,0
13.21,14825,0,0,0
13.22,15825,0,0,0
13.23,16275,0,0,0
13.24,16700,0,0,0
13.25,15675,0,0,0
13.26,16175,0,0,0
13.27,16175,0,0,0
13.28,15600,0,0,0
13.29,14750,0,0,0
13.3,16250,0,0,0
13.31,15325,0,0,0
13.32,15500,0,0,0
13.33,15550,0,0,0
13.34,15725,0,0,0
13.35,15400,0,0,0
13.36,16400,0,0,0
13.37,16175,0,0,0
13.38,15600,0,0,0
13.39,16050,0,0,0
13.4,16000,0,0,0
13.41,16675,0,0,0
13.42,16900,0,0,0
13.43,16425,0,0,0
13.44,15400,0,0,0
13.45,16325,0,0,0
13.46,16625,0,0,0
13.47,16750,0,0,0
13.48,16000,0,0,0
13.49,15800,0,0,0
13.5,16325,0,0,0
13.51,15350,0,0,0
13.52,14800,0,0,0
13.53,15650,0,0,0
13.54,15575,0,0,0
13.55,15925,0,0,0
13.56,15500,0,0,0
13.57,15900,0,0,0
13.58,16325,0,0,0
13.59,15600,0,0,0
13.6,15275,0,0,0
13.61,16025,0,0,0
13.62,15650,0,0,0
13.63,16600,0,0,0
13.64,15475,0,0,0
13.65,16675,0,0,0
13.66,15425,0,0,0
13.67,14950,0,0,0
13.68,15600,0,0,0
13.69,15700,0,0,0
13.7,15875,0,0,0
13.71,16400,0,0,0
13.72,16200,0,0,0
13.73,15925,0,0,0
13.74,15900,0,0,0
13.75,15550,0,0,0
13.76,17100,0,0,0
13.77,15450,0,0,0
13.78,16300,0,0,0
13.79,15975,0,0,0
13.8,15750,0,0,0
13.81,16425,0,0,0
13.82,15900,0,0,0
13.83,16050,0,0,0
13.84,15175,0,0,0
13.85,16225,0,0,0
13.86,16050,0,0,0
13.87,16725,0,0,0
13.88,15975,0,0,0
13.89,15975,0,0,0
13.9,15375,0,0,0
13.91,15700,0,0,0
13.92,16225,0,0,0
13.93,16900,0,0,0
13.94,17300,0,0,0
13.95,18575,0,0,0
13.96,16775,0,0,0
13.97,16250,0,0,0
13.98,16025,0,0,0
13.99,16000,0,0,0
14,15300,0,0,0
14.01,17175,0,0,0
14.02,15925,0,0,0
14.03,16325,0,0,0
14.04,15875,0,0,0
14.05,16800,0,0,0
14.06,16100,0,0,0
14.07,16175,0,0,0
14.08,17000,0,0,0
14.09,15600,0,0,0
14.1,16150,0,0,0
14.11,15600,0,0,0
14.12,16200,0,0,0
14.13,16875,0,0,0
14.14,16550,0,0,0
14.15,15925,0,0,0
14.16,16775,0,0,0
14.17,16550,0,0,0
14.18,15275,0,0,0
14.19,16250,0,0,0
14.2,16400,0,0,0
14.21,15800,0,0,0
14.22,16475,0,0,0
14.23,17075,0,0,0
14.24,16075,0,0,0
14.25,16425,0,0,0
14.26,16750,0,0,0
14.27,15825,0,0,0
14.28,16350,0,0,0
14.29,16975,0,0,0
14.3,16000,0,0,0
14.31,16400,0,0,0
14.32,15850,0,0,0
14.33,17400,0,0,0
14.34,16875,0,0,0
14.35,17275,0,0,0
14.36,16925,0,0,0
14.37,16100,0,0,0
14.38,16550,0,0,0
14.39,17225,0,0,0
14.4,16025,0,0,0
14.41,16225,0,0,0
14.42,16750,0,0,0
14.43,15850,0,0,0
14.44,15900,0,0,0
14.45,17450,0,0,0
14.46,16650,0,0,0
14.47,15475,0,0,0
14.48,15850,0,0,0
14.49,15550,0,0,0
14.5,15750,0,0,0
14.51,15850,0,0,0
14.52,16950,0,0,0
14.53,17150,0,0,0
14.54,15550,0,0,0
14.55,16200,0,0,0
14.56,15575,0,0,0
14.57,15200,0,0,0
14.58,16400,0,0,0
14.59,15675,0,0,0
14.6,17275,0,0,0
14.61,17475,0,0,0
14.62,17550,0,0,0
14.63,16625,0,0,0
14.64,16900,0,0,0
14.65,16075,0,0,0
14.66,15225,0,0,0
14.67,16075,0,0,0
14.68,15475,0,0,0
14.69,15450,0,0,0
14.7,15750,0,0,0
14.71,15500,0,0,0
14.72,15550,0,0,0
14.73,15975,0,0,0
14.74,17725,0,0,0
14.75,17450,0,0,0
14.76,16100,0,0,0
14.77,16500,0,0,0
14.78,15300,0,0,0
14.79,16225,0,0,0
14.8,17275,0,0,0
14.81,15975,0,0,0
14.82,16875,0,0,0
14.83,15875,0,0,0
14.84,18175,0,0,0
14.85,16450,0,0,0
14.86,16550,0,0,0
14.87,16650,0,0,0
14.88,16775,0,0,0
14.89,17400,0,0,0
14.9,16150,0,0,0
14.91,16275,0,0,0
14.92,16600,0,0,0
14.93,16050,0,0,0
14.94,16900,0,0,0
14.95,17625,0,0,0
14.96,16400,0,0,0
14.97,16875,0,0,0
14.98,17200,0,0,0
14.99,16800,0,0,0
15,17025,0,0,0
15.01,16550,0,0,0
15.02,16500,0,0,0
15.03,16275,0,0,0
15.04,17775,0,0,0
15.05,16050,0,0,0
15.06,16325,0,0,0
15.07,16575,0,0,0
15.08,16650,0,0,0
15.09,15425,0,0,0
15.1,16250,0,0,0
15.11,16425,0,0,0
15.12,16750,0,0,0
15.13,16475,0,0,0
15.14,16400,0,0,0
15.15,15625,0,0,0
15.16,17725,0,0,0
15.17,16975,0,0,0
15.18,16075,0,0,0
15.19,17075,0,0,0
15.2,15275,0,0,0
15.21,15550,0,0,0
15.22,15800,0,0,0
15.23,16525,0,0,0
15.24,16350,0,0,0
15.25,16175,0,0,0
15.26,16425,0,0,0
15.27,15675,0,0,0
15.28,17050,0,0,0
15.29,16500,0,0,0
15.3,16925,0,0,0
15.31,16475,0,0,0
15.32,15925,0,0,0
15.33,15800,0,0,0
15.34,14975,0,0,0
15.35,15750,0,0,0
15.36,15925,0,0,0
15.37,16150,0,0,0
15.38,16725,0,0,0
15.39,16075,0,0,0
15.4,16075,0,0,0
15.41,17275,0,0,0
15.42,17750,0,0,0
15.43,16800,0,0,0
15.44,17900,0,0,0
15.45,17125,0,0,0
15.46,15375,0,0,0
15.47,16300,0,0,0
15.48,16200,0,0,0
15.49,15700,0,0,0
15.5,16400,0,0,0
15.51,16550,0,0,0
15.52,16675,0,0,0
15.53,15750,0,0,0
15.54,16100,0,0,0
15.55,16925,0,0,0
15.56,15925,0,0,0
15.57,16675,0,0,0
15.58,16250,0,0,0
15.59,16675,0,0,0
15.6,16625,0,0,0
15.61,16625,0,0,0
15.62,16350,0,0,0
15.63,16525,0,0,0
15.64,17450,0,0,0
15.65,17175,0,0,0
15.66,17875,0,0,0
15.67,17100,0,0,0
15.68,17600,0,0,0
15.69,16550,0,0,0
15.7,16500,0,0,0
15.71,16250,0,0,0
15.72,16975,0,0,0
15.73,16800,0,0,0
15.74,16650,0,0,0
15.75,17700,0,0,0
15.76,17475,0,0,0
15.77,17050,0,0,0
15.78,16325,0,0,0
15.79,16400,0,0,0
15.8,16425,0,0,0
15.81,17975,0,0,0
15.82,16775,0,0,0
15.83,16075,0,0,0
15.84,15775,0,0,0
15.85,15800,0,0,0
15.86,15050,0,0,0
15.87,16725,0,0,0
15.88,16200,0,0,0
15.89,15300,0,0,0
15.9,17375,0,0,0
15.91,16025,0,0,0
15.92,16100,0,0,0
15.93,15500,0,0,0
15.94,17075,0,0,0
15.95,16450,0,0,0
15.96,16725,0,0,0
15.97,16975,0,0,0
15.98,17175,0,0,0
15.99,17325,0,0,0
16,16075,0,0,0
16.01,16200,0,0,0
16.02,15500,0,0,0
16.03,17225,0,0,0
16.04,16950,0,0,0
16.05,17000,0,0,0
16.06,17775,0,0,0
16.07,17225,0,0,0
16.08,16950,0,0,0
16.09,17000,0,0,0
16.1,17150,0,0,0
16.11,18000,0,0,0
16.12,17575,0,0,0
16.13,16500,0,0,0
16.14,17500,0,0,0
16.15,16000,0,0,0
16.16,16725,0,0,0
16.17,15975,0,0,0
16.18,15850,0,0,0
16.19,17025,0,0,0
16.2,15425,0,0,0
16.21,17175,0,0,0
16.22,17050,0,0,0
16.23,16725,0,0,0
16.24,17100,0,0,0
16.25,17150,0,0,0
16.26,15975,0,0,0
16.27,16100,0,0,0
16.28,17000,0,0,0
16.29,17375,0,0,0
16.3,16425,0,0,0
16.31,17025,0,0,0
16.32,15975,0,0,0
16.33,16000,0,0,0
16.34,16450,0,0,0
16.35,16650,0,0,0
16.36,16850,0,0,0
16.37,16550,0,0,0
16.38,17150,0,0,0
16.39,16250,0,0,0
16.4,17325,0,0,0
16.41,17275,0,0,0
16.42,16450,0,0,0
16.43,17125,0,0,0
16.44,16450,0,0,0
16.45,17150,0,0,0
16.46,16575,0,0,0
16.47,16750,0,0,0
16.48,16325,0,0,0
16.49,17125,0,0,0
16.5,17100,0,0,0
16.51,15675,0,0,0
16.52,17900,0,0,0
16.53,17400,0,0,0
16.54,16000,0,0,0
16.55,16650,0,0,0
16.56,16975,0,0,0
16.57,16475,0,0,0
16.58,16200,0,0,0
16.59,16125,0,0,0
16.6,18075,0,0,0
16.61,17125,0,0,0
16.62,16675,0,0,0
16.63,16600,0,0,0
16.64,16425,0,0,0
16.65,15300,0,0,0
16.66,16575,0,0,0
16.67,16500,0,0,0
16.68,16525,0,0,0
16.69,16175,0,0,0
16.7,17825,0,0,0
16.71,16725,0,0,0
16.72,16125,0,0,0
16.73,16525,0,0,0
16.74,16125,0,0,0
16.75,15550,0,0,0
16.76,15900,0,0,0
16.77,17175,0,0,0
16.78,15625,0,0,0
16.79,16850,0,0,0
16.8,15825,0,0,0
16.81,16425,0,0,0
16.82,15825,0,0,0
16.83,17475,0,0,0
16.84,16525,0,0,0
16.85,16225,0,0,0
16.86,17450,0,0,0
16.87,16125,0,0,0
16.88,15575,0,0,0
16.89,16925,0,0,0
16.9,16575,0,0,0
16.91,16425,0,0,0
16.92,17175,0,0,0
16.93,18150,0,0,0
16.94,16925,0,0,0
16.95,17375,0,0,0
16.96,16950,0,0,0
16.97,16325,0,0,0
16.98,16600,0,0,0
16.99,16275,0,0,0
17,16150,0,0,0
17.01,16100,0,0,0
17.02,17300,0,0,0
17.03,18300,0,0,0
17.04,16000,0,0,0
17.05,17050,0,0,0
17.06,17325,0,0,0
17.07,17225,0,0,0
17.08,17200,0,0,0
17.09,16775,0,0,0
17.1,16600,0,0,0
17.11,17775,0,0,0
17.12,17400,0,0,0
17.13,16800,0,0,0
17.14,16125,0,0,0
17.15,17375,0,0,0
17.16,17125,0,0,0
17.17,18125,0,0,0
17.18,16675,0,0,0
17.19,16100,0,0,0
17.2,16700,0,0,0
17.21,16350,0,0,0
17.22,16450,0,0,0
17.23,17350,0,0,0
17.24,17075,0,0,0
17.25,16725,0,0,0
17.26,17800,0,0,0
17.27,16400,0,0,0
17.28,16350,0,0,0
17.29,16200,0,0,0
17.3,15975,0,0,0
17.31,16450,0,0,0
17.32,16550,0,0,0
17.33,17175,0,0,0
17.34,16675,0,0,0
17.35,16750,0,0,0
17.36,16575,0,0,0
17.37,17175,0,0,0
17.38,17325,0,0,0
17.39,16850,0,0,0
17.4,15825,0,0,0
17.41,17125,0,0,0
17.42,16050,0,0,0
17.43,16400,0,0,0
17.44,16850,0,0,0
17.45,16025,0,0,0
17.46,15750,0,0,0
17.47,17475,0,0,0
17.48,16950,0,0,0
17.49,16225,0,0,0
17.5,16625,0,0,0
17.51,17525,0,0,0
17.52,17850,0,0,0
17.53,17950,0,0,0
17.54,17650,0,0,0
17.55,16500,0,0,0
17.56,16525,0,0,0
17.57,16875,0,0,0
17.58,16350,0,0,0
17.59,15875,0,0,0
17.6,16275,0,0,0
17.61,16150,0,0,0
17.62,16675,0,0,0
17.63,16625,0,0,0
17.64,16675,0,0,0
17.65,16525,0,0,0
17.66,15800,0,0,0
17.67,16725,0,0,0
17.68,16650,0,0,0
17.69,17000,0,0,0
17.7,17125,0,0,0
17.71,16475,0,0,0
17.72,17775,0,0,0
17.73,16700,0,0,0
17.74,17050,0,0,0
17.75,16625,0,0,0
17.76,17075,0,0,0
17.77,18575,0,0,0
17.78,16775,0,0,0
17.79,15775,0,0,0
17.8,16150,0,0,0
17.81,16175,0,0,0
17.82,16500,0,0,0
17.83,16775,0,0,0
17.84,16850,0,0,0
17.85,16425,0,0,0
17.86,16750,0,0,0
17.87,16850,0,0,0
17.88,16975,0,0,0
17.89,15900,0,0,0
17.9,17100,0,0,0
17.91,16925,0,0,0
17.92,16325,0,0,0
17.93,17775,0,0,0
17.94,16050,0,0,0
17.95,15675,0,0,0
17.96,17050,0,0,0
17.97,17025,0,0,0
17.98,16700,0,0,0
17.99,16000,0,0,0
18,16625,0,0,0
18.01,16900,0,0,0
18.02,16600,0,0,0
18.03,16725,0,0,0
18.04,17400,0,0,0
18.05,16675,0,0,0
18.06,16475,0,0,0
18.07,16775,0,0,0
18.08,16625,0,0,0
18.09,17875,0,0,0
18.1,16875,0,0,0
18.11,17000,0,0,0
18.12,16125,0,0,0
18.13,17125,0,0,0
18.14,16075,0,0,0
18.15,16150,0,0,0
18.16,16100,0,0,0
18.17,16075,0,0,0
18.18,16075,0,0,0
18.19,17200,0,0,0
18.2,16500,0,0,0
18.21,16600,0,0,0
18.22,15375,0,0,0
18.23,16425,0,0,0
18.24,16475,0,0,0
18.25,15150,0,0,0
18.26,16950,0,0,0
18.27,16550,0,0,0
18.28,16000,0,0,0
18.29,16775,0,0,0
18.3,16050,0,0,0
18.31,16600,0,0,0
18.32,17225,0,0,0
18.33,17500,0,0,0
18.34,16750,0,0,0
18.35,16725,0,0,0
18.36,16600,0,0,0
18.37,16800,0,0,0
18.38,16800,0,0,0
18.39,16475,0,0,0
18.4,17300,0,0,0
18.41,17800,0,0,0
18.42,17100,0,0,0
18.43,17000,0,0,0
18.44,16675,0,0,0
18.45,16225,0,0,0
18.46,18725,0,0,0
18.47,17400,0,0,0
18.48,17025,0,0,0
18.49,15350,0,0,0
18.5,16450,0,0,0
18.51,17175,0,0,0
18.52,16125,0,0,0
18.53,16325,0,0,0
18.54,16950,0,0,0
18.55,15775,0,0,0
18.56,16025,0,0,0
18.57,17200,0,0,0
18.58,17075,0,0,0
18.59,16675,0,0,0
18.6,16650,0,0,0
18.61,16025,0,0,0
18.62,17350,0,0,0
18.63,16350,0,0,0
18.64,16700,0,0,0
18.65,16475,0,0,0
18.66,15925,0,0,0
18.67,17075,0,0,0
18.68,17075,0,0,0
18.69,17050,0,0,0
18.7,16575,0,0,0
18.71,16200,0,0,0
18.72,16700,0,0,0
18.73,15975,0,0,0
18.74,17600,0,0,0
18.75,16850,0,0,0
18.76,16575,0,0,0
18.77,15550,0,0,0
18.78,15450,0,0,0
18.79,15825,0,0,0
18.8,16350,0,0,0
18.81,16325,0,0,0
18.82,16400,0,0,0
18.83,15750,0,0,0
18.84,17350,0,0,0
18.85,16925,0,0,0
18.86,16675,0,0,0
18.87,15450,0,0,0
18.88,16350,0,0,0
18.89,16750,0,0,0
18.9,17325,0,0,0
18.91,16600,0,0,0
18.92,16225,0,0,0
18.93,17225,0,0,0
18.94,16125,0,0,0
18.95,16600,0,0,0
18.96,16325,0,0,0
18.97,15875,0,0,0
18.98,16500,0,0,0
18.99,16350,0,0,0
19,17350,0,0,0
19.01,16250,0,0,0
19.02,16050,0,0,0
19.03,16700,0,0,0
19.04,16625,0,0,0
19.05,16175,0,0,0
19.06,16350,0,0,0
19.07,17350,0,0,0
19.08,16650,0,0,0
19.09,17625,0,0,0
19.1,16450,0,0,0
19.11,15900,0,0,0
19.12,17050,0,0,0
19.13,17400,0,0,0
19.14,17000,0,0,0
19.15,15700,0,0,0
19.16,15925,0,0,0
19.17,17400,0,0,0
19.18,16200,0,0,0
19.19,15975,0,0,0
19.2,16750,0,0,0
19.21,17050,0,0,0
19.22,16325,0,0,0
19.23,16175,0,0,0
19.24,16250,0,0,0
19.25,17025,0,0,0
19.26,16975,0,0,0
19.27,17450,0,0,0
19.28,16600,0,0,0
19.29,15675,0,0,0
19.3,16925,0,0,0
19.31,17200,0,0,0
19.32,17025,0,0,0
19.33,15600,0,0,0
19.34,16275,0,0,0
19.35,15625,0,0,0
19.36,15975,0,0,0
19.37,16850,0,0,0
19.38,17575,0,0,0
19.39,16325,0,0,0
19.4,16550,0,0,0
19.41,17100,0,0,0
19.42,16350,0,0,0
19.43,16600,0,0,0
19.44,17025,0,0,0
19.45,17575,0,0,0
19.46,16925,0,0,0
19.47,17100,0,0,0
19.48,16800,0,0,0
19.49,16700,0,0,0
19.5,17300,0,0,0
19.51,16450,0,0,0
19.52,17025,0,0,0
19.53,16650,0,0,0
19.54,17475,0,0,0
19.55,16975,0,0,0
19.56,16300,0,0,0
19.57,15500,0,0,0
19.58,16425,0,0,0
19.59,15725,0,0,0
19.6,16150,0,0,0
19.61,16275,0,0,0
19.62,16075,0,0,0
19.63,16350,0,0,0
19.64,17200,0,0,0
19.65,16975,0,0,0
19.66,17100,0,0,0
19.67,17325,0,0,0
19.68,16200,0,0,0
19.69,16050,0,0,0
19.7,16675,0,0,0
19.71,16725,0,0,0
19.72,15425,0,0,0
19.73,16050,0,0,0
19.74,15875,0,0,0
19.75,16700,0,0,0
19.76,16450,0,0,0
19.77,17275,0,0,0
19.78,16575,0,0,0
19.79,16850,0,0,0
19.8,15850,0,0,0
19.81,16750,0,0,0
19.82,17225,0,0,0
19.83,16275,0,0,0
19.84,16475,0,0,0
19.85,16125,0,0,0
19.86,16975,0,0,0
19.87,16875,0,0,0
19.88,17200,0,0,0
19.89,16225,0,0,0
19.9,16650,0,0,0
19.91,17400,0,0,0
19.92,16300,0,0,0
19.93,16425,0,0,0
19.94,17550,0,0,0
19.95,16725,0,0,0
19.96,16700,0,0,0
19.97,17900,0,0,0
19.98,16225,0,0,0
19.99,16625,0,0,0
20,15875,17042.7,17033.3,-1167.68
20.01,15975,17042.5,17033,-1067.49
20.02,16925,17042.3,17032.8,-117.309
20.03,18000,17042.1,17032.6,957.877
20.04,16725,17041.9,17032.3,-316.936
20.05,16775,17041.7,17032.1,-266.749
20.06,17975,17041.6,17031.9,933.438
20.07,16850,17041.4,17031.6,-191.373
20.08,16575,17041.2,17031.4,-466.184
20.09,17175,17041,17031.2,134.005
20.1,17275,17040.8,17030.9,234.195
20.11,16325,17040.6,17030.7,-715.615
20.12,16800,17040.4,17030.5,-240.424
20.13,17600,17040.2,17030.2,559.767
20.14,15850,17040,17030,-1190.04
20.15,16325,17039.8,17029.7,-714.849
20.16,16600,17039.7,17029.5,-439.657
20.17,15550,17039.5,17029.3,-1489.46
20.18,16900,17039.3,17029,-139.27
20.19,17025,17039.1,17028.8,-14.0757
20.2,15875,17038.9,17028.5,-1163.88
20.21,17450,17038.7,17028.3,411.314
20.22,16600,17038.5,17028,-438.491
20.23,15300,17038.3,17027.8,-1738.3
20.24,16525,17038.1,17027.6,-513.099
20.25,16100,17037.9,17027.3,-937.902
20.26,17275,17037.7,17027.1,237.295
20.27,16975,17037.5,17026.8,-62.5077
20.28,17425,17037.3,17026.6,387.69
20.29,17050,17037.1,17026.3,12.8884
20.3,16500,17036.9,17026.1,-536.913
20.31,16600,17036.7,17025.8,-436.714
20.32,16650,17036.5,17025.5,-386.515
20.33,17175,17036.3,17025.3,138.685
20.34,17525,17036.1,17025,488.885
20.35,16225,17035.9,17024.8,-810.914
20.36,17400,17035.7,17024.5,364.287
20.37,16325,17035.5,17024.3,-710.512
20.38,16900,17035.3,17024,-135.311
20.39,16475,17035.1,17023.8,-560.109
20.4,16875,17034.9,17023.5,-159.907
20.41,16075,17034.7,17023.2,-959.704
20.42,17400,17034.5,17023,365.499
20.43,16075,17034.3,17022.7,-959.298
20.44,17125,17034.1,17022.4,90.9051
20.45,17050,17033.9,17022.2,16.1088
20.46,16750,17033.7,17021.9,-283.687
20.47,17500,17033.5,17021.6,466.517
20.48,16675,17033.3,17021.4,-358.279
20.49,17450,17033.1,17021.1,416.926
20.5,17300,17032.9,17020.8,267.131
20.51,16750,17032.7,17020.6,-282.664
20.52,16750,17032.5,17020.3,-282.458
20.53,16925,17032.3,17020,-107.252
20.54,16975,17032,17019.8,-57.0465
20.55,16050,17031.8,17019.5,-981.84
20.56,16525,17031.6,17019.2,-506.634
20.57,16625,17031.4,17018.9,-406.428
20.58,17300,17031.2,17018.7,268.779
20.59,17300,17031,17018.4,268.986
20.6,16850,17030.8,17018.1,-180.807
20.61,17275,17030.6,17017.8,244.4
20.62,16025,17030.4,17017.6,-1005.39
20.63,16950,17030.2,17017.3,-80.1849
20.64,17075,17030,17017,45.0227
20.65,16625,17029.8,17016.7,-404.77
20.66,16775,17029.6,17016.5,-254.562
20.67,17750,17029.4,17016.2,720.646
20.68,16625,17029.1,17015.9,-404.146
20.69,16475,17028.9,17015.6,-553.937
20.7,16000,17028.7,17015.3,-1028.73
20.71,16450,17028.5,17015,-578.521
20.72,16800,17028.3,17014.8,-228.313
20.73,17125,17028.1,17014.5,96.8958
20.74,15800,17027.9,17014.2,-1227.9
20.75,16800,17027.7,17013.9,-227.687
20.76,16650,17027.5,17013.6,-377.479
20.77,15600,17027.3,17013.3,-1427.27
20.78,15800,17027.1,17013,-1227.06
20.79,15975,17026.9,17012.7,-1051.85
20.8,16425,17026.6,17012.5,-601.645
20.81,17375,17026.4,17012.2,348.563
20.82,17975,17026.2,17011.9,948.772
20.83,17075,17026,17011.6,48.98
20.84,17325,17025.8,17011.3,299.188
20.85,17025,17025.6,17011,-0.603714
20.86,16500,17025.4,17010.7,-525.396
20.87,16625,17025.2,17010.4,-400.188
20.88,16425,17025,17010.1,-599.98
20.89,16625,17024.8,17009.8,-399.772
20.9,17450,17024.6,17009.5,425.435
20.91,16275,17024.4,17009.2,-749.357
20.92,16900,17024.2,17008.9,-124.15
20.93,16525,17023.9,17008.6,-498.943
20.94,15775,17023.7,17008.3,-1248.74
20.95,15250,17023.5,17008,-1773.53
20.96,16075,17023.3,17007.7,-948.324
20.97,16600,17023.1,17007.4,-423.117
20.98,17875,17022.9,17007.1,852.088
20.99,17425,17022.7,17006.8,402.294
21,15825,17022.5,17006.5,-1197.5
21.01,15575,17022.3,17006.2,-1447.3
21.02,16125,17022.1,17005.9,-897.091
21.03,17100,17021.9,17005.6,78.1134
21.04,16975,17021.7,17005.3,-46.6826
21.05,16975,17021.5,17005,-46.4789
21.06,16450,17021.3,17004.7,-571.276
21.07,16750,17021.1,17004.3,-271.073
21.08,16650,17020.9,17004,-370.87
21.09,17550,17020.7,17003.7,529.332
21.1,17225,17020.5,17003.4,204.534
21.11,17325,17020.3,17003.1,304.735
21.12,17025,17020.1,17002.8,4.93538
21.13,17300,17019.9,17002.5,280.136
21.14,16300,17019.7,17002.2,-719.665
21.15,15300,17019.5,17001.8,-1719.47
21.16,15500,17019.3,17001.5,-1519.27
21.17,17450,17019.1,17001.2,430.931
21.18,16625,17018.9,17000.9,-393.871
21.19,16050,17018.7,17000.6,-968.675
21.2,16775,17018.5,17000.3,-243.478
21.21,16175,17018.3,16999.9,-843.283
21.22,16525,17018.1,16999.6,-493.088
21.23,16075,17017.9,16999.3,-942.894
21.24,17600,17017.7,16999,582.3
21.25,16575,17017.5,16998.7,-442.507
21.26,17025,17017.3,16998.3,7.68467
21.27,16250,17017.1,16998,-767.124
21.28,16550,17016.9,16997.7,-466.934
21.29,15800,17016.7,16997.4,-1216.74
21.3,16900,17016.6,16997,-116.555
21.31,17000,17016.4,16996.7,-16.3673
21.32,16525,17016.2,16996.4,-491.18
21.33,16625,17016,16996.1,-390.994
21.34,16150,17015.8,16995.7,-865.809
21.35,16950,17015.6,16995.4,-65.6248
21.36,16600,17015.4,16995.1,-415.442
21.37,16150,17015.3,16994.7,-865.259
21.38,17400,17015.1,16994.4,384.922
21.39,16275,17014.9,16994.1,-739.898
21.4,17850,17014.7,16993.7,835.281
21.41,16650,17014.5,16993.4,-364.541
21.42,16725,17014.4,16993.1,-289.365
21.43,17575,17014.2,16992.7,560.811
21.44,16300,17014,16992.4,-714.015
21.45,16000,17013.8,16992.1,-1013.84
21.46,16225,17013.7,16991.7,-788.67
21.47,17550,17013.5,16991.4,536.5
21.48,16125,17013.3,16991.1,-888.331
21.49,16500,17013.2,16990.7,-513.163
21.5,16000,17013,16990.4,-1013
21.51,16575,17012.8,16990.1,-437.832
21.52,16150,17012.7,16989.7,-862.669
21.53,16150,17012.5,16989.4,-862.507
21.54,16775,17012.3,16989,-237.347
21.55,16200,17012.2,16988.7,-812.188
21.56,17200,17012,16988.4,187.969
21.57,16575,17011.9,16988,-436.876
21.58,16675,17011.7,16987.7,-336.723
21.59,17375,17011.6,16987.3,363.429
21.6,17175,17011.4,16987,163.579
21.61,16625,17011.3,16986.6,-386.272
21.62,17100,17011.1,16986.3,88.8739
21.63,16875,17011,16986,-135.982
21.64,16625,17010.8,16985.6,-385.839
21.65,16575,17010.7,16985.3,-435.699
21.66,16775,17010.6,16984.9,-235.56
21.67,16625,17010.4,16984.6,-385.424
21.68,17875,17010.3,16984.2,864.71
21.69,17175,17010.2,16983.9,164.842
21.7,16475,17010,16983.5,-535.029
21.71,16650,17009.9,16983.2,-359.901
21.72,16425,17009.8,16982.8,-584.776
21.73,16125,17009.7,16982.5,-884.654
21.74,16200,17009.5,16982.1,-809.534
21.75,17425,17009.4,16981.8,415.584
21.76,15925,17009.3,16981.4,-1084.3
21.77,16225,17009.2,16981,-784.189
21.78,17175,17009.1,16980.7,165.921
21.79,17700,17009,16980.3,691.028
21.8,17775,17008.9,16980,766.132
21.81,16725,17008.8,16979.6,-283.767
21.82,17350,17008.7,16979.3,341.331
21.83,16675,17008.6,16978.9,-333.574
21.84,16150,17008.5,16978.6,-858.481
21.85,16925,17008.4,16978.2,-83.3926
21.86,16750,17008.3,16977.8,-258.307
21.87,17750,17008.2,16977.5,741.775
21.88,17625,17008.1,16977.1,616.854
21.89,15125,17008.1,16976.8,-1883.07
21.9,16800,17008,16976.4,-207.998
21.91,16800,17007.9,16976,-207.93
21.92,16700,17007.9,16975.7,-307.865
21.93,16950,17007.8,16975.3,-57.8043
21.94,16600,17007.7,16974.9,-407.747
21.95,17350,17007.7,16974.6,342.306
21.96,16875,17007.6,16974.2,-132.645
21.97,17175,17007.6,16973.8,167.399
21.98,15900,17007.6,16973.5,-1107.56
21.99,16125,17007.5,16973.1,-882.524
22,17200,17007.5,16972.7,192.508
22.01,16800,17007.5,16972.4,-207.465
22.02,17525,17007.4,16972,517.558
22.03,16200,17007.4,16971.6,-807.424
22.04,16625,17007.4,16971.3,-382.412
22.05,15275,17007.4,16970.9,-1732.4
22.06,16200,17007.4,16970.5,-807.401
22.07,15850,17007.4,16970.2,-1157.4
22.08,16800,17007.4,16969.8,-207.411
22.09,17025,17007.4,16969.4,17.576
22.1,18325,17007.4,16969,1317.56
22.11,17225,17007.5,16968.7,217.533
22.12,15675,17007.5,16968.3,-1332.5
22.13,16025,17007.5,16967.9,-982.534
22.14,16525,17007.6,16967.6,-482.577
22.15,16950,17007.6,16967.2,-57.6257
22.16,16100,17007.7,16966.8,-907.681
22.17,15275,17007.7,16966.4,-1732.74
22.18,16975,17007.8,16966.1,-32.8117
22.19,17150,17007.9,16965.7,142.113
22.2,17125,17008,16965.3,117.03
22.21,17300,17008.1,16964.9,291.94
22.22,16575,17008.2,16964.5,-433.158
22.23,16525,17008.3,16964.2,-483.263
22.24,17750,17008.4,16963.8,741.624
22.25,17050,17008.5,16963.4,41.5033
22.26,16650,17008.6,16963,-358.626
22.27,16950,17008.8,16962.6,-58.7636
22.28,16450,17008.9,16962.3,-558.91
22.29,16875,17009.1,16961.9,-134.065
22.3,15975,17009.2,16961.5,-1034.23
22.31,16750,17009.4,16961.1,-259.403
22.32,17300,17009.6,16960.7,290.414
22.33,16950,17009.8,16960.3,-59.7791
22.34,17900,17010,16960,890.018
22.35,17550,17010.2,16959.6,539.805
22.36,16525,17010.4,16959.2,-485.419
22.37,16150,17010.7,16958.8,-860.654
22.38,16050,17010.9,16958.4,-960.9
22.39,16575,17011.2,16958,-436.157
22.4,16275,17011.4,16957.6,-736.427
22.41,16425,17011.7,16957.2,-586.708
22.42,16250,17012,16956.9,-762.001
22.43,16525,17012.3,16956.5,-487.308
22.44,16325,17012.6,16956.1,-687.627
22.45,16650,17013,16955.7,-362.96
22.46,16225,17013.3,16955.3,-788.307
22.47,18000,17013.7,16954.9,986.333
22.48,16550,17014,16954.5,-464.043
22.49,16250,17014.4,16954.1,-764.433
22.5,17425,17014.8,16953.7,410.161
22.51,17075,17015.3,16953.3,59.7396
22.52,16275,17015.7,16952.9,-740.698
22.53,15600,17016.2,16952.6,-1416.15
22.54,15400,17016.6,16952.2,-1616.62
22.55,16350,17017.1,16951.8,-667.114
22.56,17000,17017.6,16951.4,-17.622
22.57,17000,17018.1,16951,-18.1486
22.58,16000,17018.7,16950.6,-1018.69
22.59,16500,17019.3,16950.2,-519.26
22.6,16500,17019.8,16949.8,-519.847
22.61,16575,17020.5,16949.4,-445.454
22.62,16600,17021.1,16949,-421.083
22.63,16575,17021.7,16948.6,-446.735
22.64,16425,17022.4,16948.2,-597.409
22.65,16925,17023.1,16947.8,-98.1076
22.66,16775,17023.8,16947.4,-248.831
22.67,17575,17024.6,16947,550.421
22.68,16950,17025.4,16946.6,-75.3532
22.69,16550,17026.2,16946.2,-476.154
22.7,16775,17027,16945.8,-251.984
22.71,16600,17027.8,16945.4,-427.841
22.72,17600,17028.7,16945,571.271
22.73,17225,17029.6,16944.6,195.353
22.74,16000,17030.6,16944.2,-1030.6
22.75,16325,17031.6,16943.8,-706.578
22.76,16525,17032.6,16943.4,-507.594
22.77,16075,17033.6,16943,-958.645
22.78,15975,17034.7,16942.5,-1059.73
22.79,16850,17035.9,16942.1,-185.856
22.8,16250,17037,16941.7,-787.018
22.81,16925,17038.2,16941.3,-113.221
22.82,16700,17039.5,16940.9,-339.464
22.83,17050,17040.8,16940.5,9.24914
22.84,16475,17042.1,16940.1,-567.082
22.85,17225,17043.5,16939.7,181.542
22.86,16325,17044.9,16939.3,-719.882
22.87,16875,17046.4,16938.9,-171.355
22.88,16300,17047.9,16938.5,-747.88
22.89,16250,17049.5,16938.1,-799.457
22.9,16675,17051.1,16937.6,-376.089
22.91,17000,17052.8,16937.2,-52.7782
22.92,16200,17054.5,16936.8,-854.526
22.93,16775,17056.3,16936.4,-281.336
22.94,17350,17058.2,16936,291.79
22.95,17050,17060.1,16935.6,-10.1497
22.96,17450,17062.2,16935.2,387.841
22.97,16975,17064.2,16934.8,-89.2392
22.98,18075,17066.4,16934.3,1008.61
22.99,16850,17068.6,16933.9,-218.627
23,16775,17070.9,16933.5,-295.941
23.01,16550,17073.3,16933.1,-523.339
23.02,16625,17075.8,16932.7,-450.825
23.03,16725,17078.4,16932.3,-353.402
23.04,16150,17081.1,16931.9,-931.074
23.05,17725,17083.8,16931.4,641.154
23.06,16775,17086.7,16931,-311.722
23.07,14975,17089.7,16930.6,-2114.71
23.08,16600,17092.8,16930.2,-492.804
23.09,17175,17096,16929.8,78.9798
23.1,17475,17099.4,16929.3,375.64
23.11,17275,17102.8,16928.9,172.17
23.12,16600,17106.4,16928.5,-506.435
23.13,17750,17110.2,16928.1,639.818
23.14,17325,17114.1,16927.7,210.922
23.15,17375,17118.1,16927.2,256.87
23.16,16925,17122.3,16926.8,-197.346
23.17,17375,17126.7,16926.4,248.266
23.18,16800,17131.3,16926,-331.302
23.19,18375,17136.1,16925.6,1238.94
23.2,17225,17141,16925.1,83.9833
23.21,17150,17146.2,16924.7,3.81645
23.22,18425,17151.6,16924.3,1273.43
23.23,15550,17157.2,16923.9,-1607.19
23.24,16575,17163.1,16923.4,-588.057
23.25,16950,17169.2,16923,-219.182
23.26,16850,17175.6,16922.6,-325.579
23.27,16925,17182.3,16922.2,-257.266
23.28,16725,17189.3,16921.7,-464.257
23.29,17025,17196.6,16921.3,-171.571
23.3,17275,17204.2,16920.9,70.773
23.31,17275,17212.2,16920.5,62.7547
23.32,17025,17220.6,16920,-195.648
23.33,18025,17229.5,16919.6,795.542
23.34,17900,17238.7,16919.2,661.298
23.35,16975,17248.4,16918.7,-273.407
23.36,17225,17258.6,16918.3,-33.6029
23.37,17125,17269.3,16917.9,-144.321
23.38,18025,17280.6,16917.5,744.402
23.39,18825,17292.5,16917,1532.53
23.4,16600,17305,16916.6,-704.978
23.41,16900,17318.2,16916.2,-418.167
23.42,17375,17332.1,16915.7,42.9138
23.43,17725,17346.8,16915.3,378.212
23.44,17750,17362.3,16914.9,387.67
23.45,17225,17378.8,16914.4,-153.776
23.46,17325,17396.2,16914,-71.1946
23.47,17650,17414.7,16913.6,235.338
23.48,17425,17434.3,16913.1,-9.26207
23.49,17375,17455.1,16912.7,-80.0863
23.5,17625,17477.2,16912.3,147.764
23.51,18025,17500.8,16911.8,524.176
23.52,17500,17526,16911.4,-25.9734
23.53,17275,17552.8,16911,-277.822
23.54,17700,17581.5,16910.5,118.476
23.55,17075,17612.2,16910.1,-537.248
23.56,16300,17645.2,16909.7,-1345.19
23.57,17500,17680.6,16909.2,-180.552
23.58,17475,17718.6,16908.8,-243.583
23.59,18425,17759.5,16908.4,665.451
23.6,19050,17803.8,16907.9,1246.24
23.61,19000,17851.5,16907.5,1148.46
23.62,18425,17903.3,16907,521.692
23.63,17575,17959.5,16906.6,-384.49
23.64,19475,18020.6,16906.2,1454.4
23.65,18050,18087.2,16905.7,-37.2236
23.66,16975,18160,16905.3,-1185.04
23.67,18425,18239.9,16904.9,185.148
23.68,20025,18327.6,16904.4,1697.4
23.69,19725,18424.4,16904,1300.55
23.7,19450,18531.8,16903.5,918.164
23.71,18300,18651.6,16903.1,-351.625
23.72,21175,18786.3,16902.6,2388.69
23.73,21075,18939.3,16902.2,2135.68
23.74,21400,19115.5,16901.8,2284.47
23.75,21750,19321.9,16901.3,2428.11
23.76,22400,19568.4,16900.9,2831.61
23.77,21975,19869.3,16900.4,2105.74
23.78,22175,20244.3,16900,1930.67
23.79,23825,20720.7,16899.6,3104.33
23.8,25150,21333.9,16899.1,3816.09
23.81,25175,22129.3,16898.7,3045.72
23.82,26900,23161.6,16898.2,3738.35
23.83,28525,24494.2,16897.8,4030.76
23.84,30000,26195.5,16897.3,3804.5
23.85,32300,28333.9,16896.9,3966.09
23.86,35625,30970.7,16896.4,4654.27
23.87,37975,34151.1,16896,3823.86
23.88,43150,37894,16895.5,5255.96
23.89,49125,42181.1,16895.1,6943.87
23.9,51900,46945.1,16894.7,4954.95
23.91,60625,52056.1,16894.2,8568.89
23.92,65250,57308.2,16893.8,7941.8
23.93,70075,62409.3,16893.3,7665.7
23.94,78225,66991.8,16892.9,11233.2
23.95,82525,70664,16892.4,11861
23.96,88250,73106.7,16892,15143.3
23.97,89375,74170.7,16891.5,15204.3
23.98,96000,73902.3,16891.1,22097.7
23.99,94125,72474.6,16890.6,21650.4
24,90825,70083.6,16890.2,20741.4
24.01,84600,66889.6,16889.7,17710.4
24.02,77500,63028.4,16889.3,14471.6
24.03,74250,58658.9,16888.8,15591.1
24.04,66875,53988.7,16888.4,12886.3
24.05,60875,49253,16887.9,11622
24.06,56775,44670.3,16887.5,12104.7
24.07,51425,40407.7,16887,11017.3
24.08,44650,36571.1,16886.6,8078.9
24.09,39300,33212,16886.1,6088.03
24.1,34800,30340.1,16885.7,4459.91
24.11,31675,27935.9,16885.2,3739.13
24.12,31100,25960.5,16884.8,5139.47
24.13,27725,24364.1,16884.3,3360.9
24.14,26925,23091.7,16883.8,3833.34
24.15,25100,22088.2,16883.4,3011.8
24.16,24025,21302.1,16882.9,2722.91
24.17,23775,20687.4,16882.5,3087.63
24.18,22700,20205,16882,2494.99
24.19,20675,19823.1,16881.6,851.917
24.2,21025,19516.5,16881.1,1508.52
24.21,20475,19266,16880.7,1208.97
24.22,20625,19057.5,16880.2,1567.49
24.23,21000,18880.6,16879.8,2119.42
24.24,19850,18727.9,16879.3,1122.15
24.25,19125,18594.1,16878.8,530.934
24.26,18800,18475.5,16878.4,324.519
24.27,18850,18369.4,16877.9,480.606
24.28,18650,18273.8,16877.5,376.19
24.29,18700,18187.2,16877,512.789
24.3,17875,18108.4,16876.6,-233.408
24.31,17550,18036.4,16876.1,-486.442
24.32,17875,17970.5,16875.6,-95.5185
24.33,17950,17910,16875.2,40.034
24.34,17900,17854.2,16874.7,45.7893
24.35,18575,17802.8,16874.3,772.244
24.36,17975,17755.2,16873.8,219.832
24.37,18675,17711.1,16873.3,963.933
24.38,18725,17670.1,16872.9,1054.88
24.39,17125,17632,16872.4,-507.032
24.4,17875,17596.5,16872,278.459
24.41,17700,17563.4,16871.5,136.586
24.42,18475,17532.4,16871,942.556
24.43,17975,17503.4,16870.6,471.553
24.44,17825,17476.3,16870.1,348.744
24.45,16525,17450.7,16869.7,-925.723
24.46,16950,17426.7,16869.2,-476.713
24.47,17550,17404.1,16868.7,145.893
24.48,17150,17382.8,16868.3,-232.796
24.49,18075,17362.7,16867.8,712.32
24.5,16925,17343.7,16867.3,-418.67
24.51,16775,17325.7,16866.9,-550.685
24.52,17325,17308.7,16866.4,16.3486
24.53,17525,17292.5,16866,232.499
24.54,17200,17277.2,16865.5,-77.1731
24.55,18000,17262.6,16865,737.389
24.56,18300,17248.8,16864.6,1051.24
24.57,16775,17235.6,16864.1,-460.581
24.58,17650,17223,16863.6,426.978
24.59,16475,17211,16863.2,-736.047
24.6,16000,17199.6,16862.7,-1199.62
24.61,16900,17188.7,16862.2,-288.702
24.62,16300,17178.3,16861.8,-878.267
24.63,16875,17168.3,16861.3,-293.284
24.64,17225,17158.7,16860.8,66.2743
24.65,18275,17149.6,16860.4,1125.43
24.66,16600,17140.8,16859.9,-540.787
24.67,17975,17132.4,16859.4,842.638
24.68,16725,17124.3,16859,-399.272
24.69,17825,17116.5,16858.5,708.5
24.7,18025,17109,16858,915.973
24.71,16425,17101.8,16857.6,-676.838
24.72,17550,17094.9,16857.1,455.083
24.73,17700,17088.3,16856.6,611.75
24.74,15650,17081.8,16856.2,-1431.82
24.75,16550,17075.6,16855.7,-525.628
24.76,17225,17069.6,16855.2,155.351
24.77,18825,17063.9,16854.8,1761.12
24.78,17200,17058.3,16854.3,141.7
24.79,16325,17052.9,16853.8,-727.91
24.8,15800,17047.7,16853.4,-1247.7
24.81,17400,17042.7,16852.9,357.345
24.82,16875,17037.8,16852.4,-162.773
24.83,17375,17033,16852,341.955
24.84,18050,17028.5,16851.5,1021.54
24.85,15875,17024,16851,-1149.02
24.86,16325,17019.7,16850.6,-694.715
24.87,16875,17015.5,16850.1,-140.535
24.88,17475,17011.5,16849.6,463.522
24.89,16975,17007.5,16849.1,-32.5372
24.9,17400,17003.7,16848.7,396.292
24.91,16900,17000,16848.2,-99.9868
24.92,16550,16996.4,16847.7,-446.368
24.93,16500,16992.8,16847.3,-492.847
24.94,17450,16989.4,16846.8,460.58
24.95,16800,16986.1,16846.3,-186.084
24.96,16725,16982.8,16845.8,-257.835
24.97,16200,16979.7,16845.4,-779.669
24.98,17825,16976.6,16844.9,848.417
24.99,16850,16973.6,16844.4,-123.573
25,16575,16970.6,16844,-395.638
25.01,17725,16967.8,16843.5,757.227
25.02,17575,16965,16843,610.023
25.03,16850,16962.2,16842.5,-112.247
25.04,17575,16959.6,16842.1,615.421
25.05,17325,16957,16841.6,368.027
25.06,17100,16954.4,16841.1,145.575
25.07,16625,16951.9,16840.6,-326.934
25.08,16325,16949.5,16840.2,-624.497
25.09,16600,16947.1,16839.7,-347.113
25.1,17775,16944.8,16839.2,830.22
25.11,16525,16942.5,16838.7,-417.495
25.12,16100,16940.3,16838.3,-840.258
25.13,16200,16938.1,16837.8,-738.066
25.14,16850,16935.9,16837.3,-85.9183
25.15,16875,16933.8,16836.8,-58.8129
25.16,16550,16931.7,16836.4,-381.749
25.17,16550,16929.7,16835.9,-379.724
25.18,16975,16927.7,16835.4,47.2621
25.19,17350,16925.8,16834.9,424.211
25.2,17125,16923.9,16834.5,201.124
25.21,16975,16922,16834,53.0029
25.22,16225,16920.2,16833.5,-695.152
25.23,17800,16918.3,16833,881.66
25.24,17600,16916.6,16832.6,683.441
25.25,17100,16914.8,16832.1,185.191
25.26,17200,16913.1,16831.6,286.911
25.27,17000,16911.4,16831.1,88.6034
25.28,17025,16909.7,16830.7,115.267
25.29,15500,16908.1,16830.2,-1408.1
25.3,16525,16906.5,16829.7,-381.484
25.31,17800,16904.9,16829.2,895.101
25.32,17050,16903.3,16828.7,146.662
25.33,15825,16901.8,16828.3,-1076.8
25.34,17300,16900.3,16827.8,399.714
25.35,16925,16898.8,16827.3,26.2052
25.36,16850,16897.3,16826.8,-47.3251
25.37,15975,16895.9,16826.4,-920.877
25.38,16900,16894.4,16825.9,5.5512
25.39,16050,16893,16825.4,-843.041
25.4,16600,16891.7,16824.9,-291.653
25.41,16300,16890.3,16824.4,-590.283
25.42,16875,16888.9,16824,-13.9323
25.43,16975,16887.6,16823.5,87.4009
25.44,17150,16886.3,16823,263.717
25.45,16100,16885,16822.5,-784.985
25.46,16150,16883.7,16822,-733.702
25.47,17350,16882.4,16821.6,467.564
25.48,17425,16881.2,16821.1,543.814
25.49,16175,16880,16820.6,-704.95
25.5,16950,16878.7,16820.1,71.2706
25.51,16500,16877.5,16819.6,-377.523
25.52,16175,16876.3,16819.2,-701.331
25.53,16550,16875.2,16818.7,-325.152
25.54,16450,16874,16818.2,-423.987
25.55,16400,16872.8,16817.7,-472.835
25.56,15875,16871.7,16817.2,-996.696
25.57,16625,16870.6,16816.8,-245.568
25.58,16675,16869.5,16816.3,-194.453
25.59,16875,16868.3,16815.8,6.65028
25.6,16875,16867.3,16815.3,7.74228
25.61,15850,16866.2,16814.8,-1016.18
25.62,18375,16865.1,16814.3,1509.89
25.63,16950,16864,16813.9,85.9524
25.64,17775,16863,16813.4,912.001
25.65,17025,16862,16812.9,163.04
25.66,16025,16860.9,16812.4,-835.931
25.67,17200,16859.9,16811.9,340.088
25.68,16800,16858.9,16811.5,-58.9017
25.69,16250,16857.9,16811,-607.901
25.7,16675,16856.9,16810.5,-181.909
25.71,16525,16855.9,16810,-330.926
25.72,16500,16855,16809.5,-354.952
25.73,16000,16854,16809,-853.986
25.74,16950,16853,16808.6,96.9715
25.75,17950,16852.1,16808.1,1097.92
25.76,18500,16851.1,16807.6,1648.86
25.77,16675,16850.2,16807.1,-175.203
25.78,17175,16849.3,16806.6,325.724
25.79,16125,16848.4,16806.1,-723.356
25.8,17175,16847.4,16805.7,327.556
25.81,17025,16846.5,16805.2,178.461
25.82,16450,16845.6,16804.7,-395.64
25.83,17125,16844.7,16804.2,280.252
25.84,16700,16843.9,16803.7,-143.863
25.85,17275,16843,16803.2,432.016
25.86,16450,16842.1,16802.8,-392.112
25.87,16700,16841.2,16802.3,-141.245
25.88,17225,16840.4,16801.8,384.615
25.89,16050,16839.5,16801.3,-789.531
25.9,16025,16838.7,16800.8,-813.682
25.91,16450,16837.8,16800.3,-387.839
25.92,17200,16837,16799.9,362.999
25.93,17425,16836.2,16799.4,588.831
25.94,16775,16835.3,16798.9,-60.3425
25.95,16975,16834.5,16798.4,140.479
25.96,16775,16833.7,16797.9,-58.7045
25.97,15650,16832.9,16797.4,-1182.89
25.98,17300,16832.1,16797,467.914
25.99,16950,16831.3,16796.5,118.715
26,16700,16830.5,16796,-130.487
26.01,16750,16829.7,16795.5,-79.695
26.02,16675,16828.9,16795,-153.907
26.03,16175,16828.1,16794.5,-653.123
26.04,16550,16827.3,16794,-277.344
26.05,16550,16826.6,16793.6,-276.569
26.06,16300,16825.8,16793.1,-525.799
26.07,16450,16825,16792.6,-375.032
26.08,16575,16824.3,16792.1,-249.269
26.09,16600,16823.5,16791.6,-223.511
26.1,17300,16822.8,16791.1,477.244
26.11,15850,16822,16790.6,-972.005
26.12,17125,16821.3,16790.2,303.742
26.13,17000,16820.5,16789.7,179.486
26.14,16850,16819.8,16789.2,30.2259
26.15,15975,16819,16788.7,-844.038
26.16,17100,16818.3,16788.2,281.695
26.17,16275,16817.6,16787.7,-542.575
26.18,17075,16816.8,16787.2,258.151
26.19,16150,16816.1,16786.8,-666.126
26.2,17650,16815.4,16786.3,834.594
26.21,16475,16814.7,16785.8,-339.689
26.22,16025,16814,16785.3,-788.976
26.23,16575,16813.3,16784.8,-238.266
26.24,16850,16812.6,16784.3,37.4418
26.25,17050,16811.9,16783.8,238.146
26.26,17050,16811.2,16783.4,238.848
26.27,16400,16810.5,16782.9,-410.453
26.28,16000,16809.8,16782.4,-809.757
26.29,17375,16809.1,16781.9,565.936
26.3,17375,16808.4,16781.4,566.626
26.31,17525,16807.7,16780.9,717.314
26.32,15750,16807,16780.4,-1057
26.33,17425,16806.3,16779.9,618.682
26.34,16800,16805.6,16779.5,-5.63813
26.35,16350,16805,16779,-454.961
26.36,16875,16804.3,16778.5,70.7147
26.37,16275,16803.6,16778,-528.613
26.38,16125,16802.9,16777.5,-677.942
26.39,15675,16802.3,16777,-1127.27
26.4,16850,16801.6,16776.5,48.3917
26.41,16100,16800.9,16776,-700.945
26.42,16925,16800.3,16775.6,124.717
26.43,16725,16799.6,16775.1,-74.6243
26.44,16575,16799,16774.6,-223.967
26.45,17375,16798.3,16774.1,576.688
26.46,17575,16797.7,16773.6,777.34
26.47,16625,16797,16773.1,-172.009
26.48,15700,16796.4,16772.6,-1096.36
26.49,17850,16795.7,16772.2,1054.29
26.5,16975,16795.1,16771.7,179.931
26.51,17550,16794.4,16771.2,755.574
26.52,17775,16793.8,16770.7,981.215
26.53,16575,16793.1,16770.2,-218.146
26.54,16100,16792.5,16769.7,-692.509
26.55,17100,16791.9,16769.2,308.127
26.56,16275,16791.2,16768.7,-516.239
26.57,17000,16790.6,16768.3,209.393
26.58,17575,16790,16767.8,785.023
26.59,16750,16789.3,16767.3,-39.3488
26.6,17625,16788.7,16766.8,836.278
26.61,16500,16788.1,16766.3,-288.097
26.62,16900,16787.5,16765.8,112.527
26.63,17300,16786.9,16765.3,513.149
26.64,17500,16786.2,16764.8,713.769
26.65,17150,16785.6,16764.3,364.388
26.66,17450,16785,16763.9,665.005
26.67,16725,16784.4,16763.4,-59.3795
26.68,16725,16783.8,16762.9,-58.7654
26.69,18125,16783.2,16762.4,1341.85
26.7,16425,16782.5,16761.9,-357.541
26.71,16525,16781.9,16761.4,-256.932
26.72,16225,16781.3,16760.9,-556.323
26.73,17175,16780.7,16760.4,394.284
26.74,16725,16780.1,16760,-55.1106
26.75,17775,16779.5,16759.5,995.494
26.76,17925,16778.9,16759,1146.1
26.77,16575,16778.3,16758.5,-203.302
26.78,16500,16777.7,16758,-277.701
26.79,16925,16777.1,16757.5,147.898
26.8,17450,16776.5,16757,673.495
26.81,17125,16775.9,16756.5,349.092
26.82,16950,16775.3,16756.1,174.687
26.83,16225,16774.7,16755.6,-549.719
26.84,17425,16774.1,16755.1,650.874
26.85,17325,16773.5,16754.6,551.465
26.86,16550,16772.9,16754.1,-222.944
26.87,16350,16772.4,16753.6,-422.355
26.88,16450,16771.8,16753.1,-321.767
26.89,16750,16771.2,16752.6,-21.1798
26.9,16800,16770.6,16752.2,29.406
26.91,17150,16770,16751.7,379.991
26.92,16900,16769.4,16751.2,130.574
26.93,18400,16768.8,16750.7,1631.16
26.94,17300,16768.3,16750.2,531.739
26.95,16175,16767.7,16749.7,-592.681
26.96,17500,16767.1,16749.2,732.898
26.97,17100,16766.5,16748.7,333.477
26.98,15325,16765.9,16748.3,-1440.95
26.99,16775,16765.4,16747.8,9.63062
27,16225,16764.8,16747.3,-539.794
27.01,16400,16764.2,16746.8,-364.22
27.02,16775,16763.6,16746.3,11.3539
27.03,16600,16763.1,16745.8,-163.074
27.04,16700,16762.5,16745.3,-62.5021
27.05,16850,16761.9,16744.8,88.0685
27.06,17925,16761.4,16744.4,1163.64
27.07,16575,16760.8,16743.9,-185.793
27.08,15825,16760.2,16743.4,-935.225
27.09,16000,16759.7,16742.9,-759.658
27.1,16500,16759.1,16742.4,-259.092
27.11,16475,16758.5,16741.9,-283.527
27.12,16050,16758,16741.4,-707.963
27.13,16175,16757.4,16740.9,-582.399
27.14,16650,16756.8,16740.5,-106.837
27.15,17375,16756.3,16740,618.725
27.16,16000,16755.7,16739.5,-755.714
27.17,16675,16755.2,16739,-80.1539
27.18,18175,16754.6,16738.5,1420.41
27.19,17800,16754,16738,1045.96
27.2,17200,16753.5,16737.5,446.522
27.21,17300,16752.9,16737,547.079
27.22,17950,16752.4,16736.6,1197.63
27.23,17225,16751.8,16736.1,473.19
27.24,16325,16751.3,16735.6,-426.255
27.25,17050,16750.7,16735.1,299.298
27.26,17875,16750.1,16734.6,1124.85
27.27,17075,16749.6,16734.1,325.404
27.28,17625,16749,16733.6,875.955
27.29,16500,16748.5,16733.1,-248.494
27.3,17550,16747.9,16732.7,802.056
27.31,17100,16747.4,16732.2,352.606
27.32,17300,16746.8,16731.7,553.155
27.33,16075,16746.3,16731.2,-671.297
27.34,14750,16745.8,16730.7,-1995.75
27.35,17650,16745.2,16730.2,904.797
27.36,17650,16744.7,16729.7,905.342
27.37,17475,16744.1,16729.3,730.888
27.38,16575,16743.6,16728.8,-168.568
27.39,17550,16743,16728.3,806.976
27.4,17200,16742.5,16727.8,457.52
27.41,17000,16741.9,16727.3,258.062
27.42,16625,16741.4,16726.8,-116.396
27.43,16325,16740.9,16726.3,-415.855
27.44,17750,16740.3,16725.8,1009.69
27.45,17025,16739.8,16725.4,285.226
27.46,17575,16739.2,16724.9,835.766
27.47,16050,16738.7,16724.4,-688.696
27.48,17725,16738.2,16723.9,986.843
27.49,16875,16737.6,16723.4,137.38
27.5,17225,16737.1,16722.9,487.917
27.51,17575,16736.5,16722.4,838.453
27.52,15975,16736,16722,-761.011
27.53,16325,16735.5,16721.5,-410.476
27.54,16350,16734.9,16721,-384.941
27.55,17550,16734.4,16720.5,815.593
27.56,17200,16733.9,16720,466.126
27.57,17350,16733.3,16719.5,616.659
27.58,15575,16732.8,16719,-1157.81
27.59,17050,16732.3,16718.6,317.723
27.6,15275,16731.7,16718.1,-1456.75
27.61,16850,16731.2,16717.6,118.785
27.62,16675,16730.7,16717.1,-55.6851
27.63,17025,16730.2,16716.6,294.844
27.64,16000,16729.6,16716.1,-729.627
27.65,15925,16729.1,16715.7,-804.098
27.66,16725,16728.6,16715.2,-3.57051
27.67,16150,16728,16714.7,-578.043
27.68,17550,16727.5,16714.2,822.484
27.69,16800,16727,16713.7,73.0098
27.7,16600,16726.5,16713.2,-126.465
27.71,16700,16725.9,16712.7,-25.9393
27.72,17800,16725.4,16712.3,1074.59
27.73,17400,16724.9,16711.8,675.11
27.74,18050,16724.4,16711.3,1325.63
27.75,16575,16723.8,16710.8,-148.844
27.76,17000,16723.3,16710.3,276.679
27.77,17425,16722.8,16709.8,702.201
27.78,17775,16722.3,16709.4,1052.72
27.79,16725,16721.8,16708.9,3.24374
27.8,16775,16721.2,16708.4,53.7644
27.81,15650,16720.7,16707.9,-1070.72
27.82,16925,16720.2,16707.4,204.804
27.83,17200,16719.7,16706.9,480.323
27.84,17425,16719.2,16706.5,705.842
27.85,17225,16718.6,16706,506.36
27.86,17300,16718.1,16705.5,581.878
27.87,17450,16717.6,16705,732.395
27.88,17475,16717.1,16704.5,757.912
27.89,17125,16716.6,16704,408.428
27.9,16650,16716.1,16703.6,-66.0561
27.91,16525,16715.5,16703.1,-190.541
27.92,16075,16715,16702.6,-640.026
27.93,16000,16714.5,16702.1,-714.511
27.94,18450,16714,16701.6,1736
27.95,15800,16713.5,16701.1,-913.484
27.96,16750,16713,16700.7,37.0291
27.97,16300,16712.5,16700.2,-412.458
27.98,17300,16711.9,16699.7,588.054
27.99,16875,16711.4,16699.2,163.566
28,18150,16710.9,16698.7,1439.08
28.01,16800,16710.4,16698.3,89.5876
28.02,17375,16709.9,16697.8,665.098
28.03,17175,16709.4,16697.3,465.608
28.04,17850,16708.9,16696.8,1141.12
28.05,18125,16708.4,16696.3,1416.63
28.06,17700,16707.9,16695.8,992.135
28.07,16600,16707.4,16695.4,-107.357
28.08,16675,16706.8,16694.9,-31.8492
28.09,16950,16706.3,16694.4,243.658
28.1,16775,16705.8,16693.9,69.1649
28.11,16250,16705.3,16693.4,-455.329
28.12,17000,16704.8,16693,295.177
28.13,17550,16704.3,16692.5,845.683
28.14,17400,16703.8,16692,696.188
28.15,18400,16703.3,16691.5,1696.69
28.16,17100,16702.8,16691,397.197
28.17,17300,16702.3,16690.6,597.701
28.18,16725,16701.8,16690.1,23.2044
28.19,16350,16701.3,16689.6,-351.293
28.2,16425,16700.8,16689.1,-275.79
28.21,16975,16700.3,16688.6,274.712
28.22,16150,16699.8,16688.2,-549.786
28.23,16575,16699.3,16687.7,-124.285
28.24,16325,16698.8,16687.2,-373.784
28.25,16700,16698.3,16686.7,1.717
28.26,16875,16697.8,16686.2,177.217
28.27,17175,16697.3,16685.8,477.717
28.28,15975,16696.8,16685.3,-721.784
28.29,17275,16696.3,16684.8,578.715
28.3,16800,16695.8,16684.3,104.214
28.31,17600,16695.3,16683.8,904.712
28.32,16275,16694.8,16683.4,-419.791
28.33,16775,16694.3,16682.9,80.7068
28.34,16800,16693.8,16682.4,106.204
28.35,15775,16693.3,16681.9,-918.3
28.36,17325,16692.8,16681.5,632.196
28.37,17275,16692.3,16681,582.692
28.38,17050,16691.8,16680.5,358.187
28.39,17000,16691.3,16680,308.682
28.4,17050,16690.8,16679.5,359.177
28.41,16725,16690.3,16679.1,34.6707
28.42,16775,16689.8,16678.6,85.1644
28.43,16800,16689.3,16678.1,110.658
28.44,16775,16688.8,16677.6,86.1506
28.45,17225,16688.4,16677.2,536.643
28.46,16275,16687.9,16676.7,-412.865
28.47,17225,16687.4,16676.2,537.627
28.48,16625,16686.9,16675.7,-61.8817
28.49,15750,16686.4,16675.2,-936.391
28.5,16300,16685.9,16674.8,-385.9
28.51,16850,16685.4,16674.3,164.59
28.52,16300,16684.9,16673.8,-384.92
28.53,17800,16684.4,16673.3,1115.57
28.54,17200,16683.9,16672.9,516.058
28.55,16300,16683.5,16672.4,-383.453
28.56,17125,16683,16671.9,442.035
28.57,17600,16682.5,16671.4,917.523
28.58,15700,16682,16671,-981.99
28.59,17625,16681.5,16670.5,943.497
28.6,16600,16681,16670,-81.0163
28.61,16725,16680.5,16669.5,44.47
28.62,17275,16680,16669.1,594.956
28.63,16575,16679.6,16668.6,-104.559
28.64,16650,16679.1,16668.1,-29.0736
28.65,18525,16678.6,16667.6,1846.41
28.66,17275,16678.1,16667.2,596.895
28.67,18050,16677.6,16666.7,1372.38
28.68,17500,16677.1,16666.2,822.863
28.69,17275,16676.7,16665.7,598.346
28.7,17950,16676.2,16665.3,1273.83
28.71,16525,16675.7,16664.8,-150.689
28.72,16050,16675.2,16664.3,-625.207
28.73,16900,16674.7,16663.9,225.275
28.74,16450,16674.2,16663.4,-224.244
28.75,16800,16673.8,16662.9,126.237
28.76,17325,16673.3,16662.4,651.717
28.77,17075,16672.8,16662,402.197
28.78,15800,16672.3,16661.5,-872.323
28.79,16175,16671.8,16661,-496.844
28.8,17425,16671.4,16660.5,753.635
28.81,17275,16670.9,16660.1,604.113
28.82,17225,16670.4,16659.6,554.591
28.83,16475,16669.9,16659.1,-194.931
28.84,17075,16669.5,16658.7,405.546
28.85,16425,16669,16658.2,-243.977
28.86,15775,16668.5,16657.7,-893.5
28.87,16275,16668,16657.2,-393.024
28.88,16250,16667.5,16656.8,-417.548
28.89,18225,16667.1,16656.3,1557.93
28.9,16350,16666.6,16655.8,-316.598
28.91,18025,16666.1,16655.4,1358.88
28.92,17975,16665.6,16654.9,1309.35
28.93,17425,16665.2,16654.4,759.824
28.94,16550,16664.7,16654,-114.702
28.95,15775,16664.2,16653.5,-889.229
28.96,16950,16663.8,16653,286.243
28.97,17050,16663.3,16652.5,386.716
28.98,17500,16662.8,16652.1,837.187
28.99,17050,16662.3,16651.6,387.659
29,16125,16661.9,16651.1,-536.87
29.01,16300,16661.4,16650.7,-361.4
29.02,17475,16660.9,16650.2,814.071
29.03,16925,16660.5,16649.7,264.54
29.04,17175,16660,16649.3,515.01
29.05,16425,16659.5,16648.8,-234.521
29.06,17200,16659.1,16648.3,540.947
29.07,17375,16658.6,16647.9,716.416
29.08,17375,16658.1,16647.4,716.883
29.09,17175,16657.6,16646.9,517.351
29.1,16175,16657.2,16646.5,-482.182
29.11,17325,16656.7,16646,668.284
29.12,15800,16656.2,16645.5,-856.249
29.13,16325,16655.8,16645.1,-330.784
29.14,16000,16655.3,16644.6,-655.318
29.15,17175,16654.9,16644.1,520.147
29.16,16575,16654.4,16643.7,-79.3887
29.17,17300,16653.9,16643.2,646.075
29.18,17875,16653.5,16642.7,1221.54
29.19,15725,16653,16642.3,-927.997
29.2,15500,16652.5,16641.8,-1152.53
29.21,17475,16652.1,16641.3,822.928
29.22,16425,16651.6,16640.9,-226.61
29.23,15900,16651.1,16640.4,-751.148
29.24,16075,16650.7,16639.9,-575.687
29.25,16625,16650.2,16639.5,-25.2261
29.26,15375,16649.8,16639,-1274.77
29.27,15750,16649.3,16638.5,-899.306
29.28,17400,16648.8,16638.1,751.154
29.29,15900,16648.4,16637.6,-748.387
29.3,15900,16647.9,16637.2,-747.928
29.31,17450,16647.5,16636.7,802.53
29.32,16575,16647,16636.2,-72.0119
29.33,17100,16646.6,16635.8,453.446
29.34,16525,16646.1,16635.3,-121.097
29.35,18150,16645.6,16634.8,1504.36
29.36,17450,16645.2,16634.4,804.816
29.37,17350,16644.7,16633.9,705.271
29.38,16750,16644.3,16633.5,105.727
29.39,16225,16643.8,16633,-418.818
29.4,18050,16643.4,16632.5,1406.64
29.41,17175,16642.9,16632.1,532.09
29.42,16525,16642.5,16631.6,-117.456
29.43,17575,16642,16631.1,932.997
29.44,17300,16641.6,16630.7,658.449
29.45,17950,16641.1,16630.2,1308.9
29.46,16750,16640.6,16629.8,109.354
29.47,17150,16640.2,16629.3,509.805
29.48,16625,16639.7,16628.8,-14.7441
29.49,16050,16639.3,16628.4,-589.294
29.5,16675,16638.8,16627.9,36.1565
29.51,16950,16638.4,16627.5,311.606
29.52,17025,16637.9,16627,387.055
29.53,15900,16637.5,16626.5,-737.496
29.54,17125,16637,16626.1,487.952
29.55,18375,16636.6,16625.6,1738.4
29.56,17500,16636.2,16625.2,863.847
29.57,17725,16635.7,16624.7,1089.29
29.58,16875,16635.3,16624.3,239.741
29.59,16675,16634.8,16623.8,40.1865
29.6,16200,16634.4,16623.3,-434.368
29.61,17375,16633.9,16622.9,741.077
29.62,16775,16633.5,16622.4,141.522
29.63,16850,16633,16622,216.966
29.64,16750,16632.6,16621.5,117.409
29.65,16350,16632.1,16621.1,-282.148
29.66,17275,16631.7,16620.6,643.295
29.67,17200,16631.3,16620.1,568.737
29.68,16125,16630.8,16619.7,-505.821
29.69,16750,16630.4,16619.2,119.62
29.7,16225,16629.9,16618.8,-404.939
29.71,16575,16629.5,16618.3,-54.4991
29.72,17375,16629.1,16617.9,745.941
29.73,17275,16628.6,16617.4,646.38
29.74,16025,16628.2,16616.9,-603.181
29.75,16775,16627.7,16616.5,147.257
29.76,15925,16627.3,16616,-702.305
29.77,16450,16626.9,16615.6,-176.868
29.78,16550,16626.4,16615.1,-76.4313
29.79,16200,16626,16614.7,-425.995
29.8,16125,16625.6,16614.2,-500.559
29.81,15975,16625.1,16613.8,-650.124
29.82,16450,16624.7,16613.3,-174.689
29.83,15450,16624.3,16612.9,-1174.26
29.84,16025,16623.8,16612.4,-598.821
29.85,16075,16623.4,16612,-548.388
29.86,17550,16623,16611.5,927.044
29.87,17025,16622.5,16611.1,402.476
29.88,17625,16622.1,16610.6,1002.91
29.89,17550,16621.7,16610.2,928.339
29.9,17425,16621.2,16609.7,803.77
29.91,17350,16620.8,16609.2,729.2
29.92,17500,16620.4,16608.8,879.629
29.93,16575,16619.9,16608.3,-44.9419
29.94,17550,16619.5,16607.9,930.486
29.95,17175,16619.1,16607.4,555.914
29.96,16650,16618.7,16607,31.3415
29.97,16550,16618.2,16606.5,-68.2317
29.98,16250,16617.8,16606.1,-367.806
29.99,16400,16617.4,16605.6,-217.38
30,17100,16617,16605.2,483.045
30.01,16250,16616.5,16604.7,-366.53
30.02,15700,16616.1,16604.3,-916.106
30.03,16300,16615.7,16603.9,-315.683
30.04,16325,16615.3,16603.4,-290.26
30.05,16300,16614.8,16603,-314.838
30.06,16350,16614.4,16602.5,-264.417
30.07,15550,16614,16602.1,-1064
30.08,17050,16613.6,16601.6,436.425
30.09,16175,16613.2,16601.2,-438.155
30.1,16725,16612.7,16600.7,112.264
30.11,16400,16612.3,16600.3,-212.317
30.12,16025,16611.9,16599.8,-586.899
30.13,17200,16611.5,16599.4,588.518
30.14,17425,16611.1,16598.9,813.935
30.15,17100,16610.6,16598.5,489.351
30.16,16200,16610.2,16598,-410.233
30.17,16575,16609.8,16597.6,-34.8183
30.18,16225,16609.4,16597.1,-384.404
30.19,16500,16609,16596.7,-108.99
30.2,17825,16608.6,16596.3,1216.42
30.21,17075,16608.2,16595.8,466.835
30.22,17025,16607.8,16595.4,417.247
30.23,17350,16607.3,16594.9,742.658
30.24,15700,16606.9,16594.5,-906.931
30.25,16400,16606.5,16594,-206.521
30.26,17750,16606.1,16593.6,1143.89
30.27,16275,16605.7,16593.2,-330.704
30.28,16675,16605.3,16592.7,69.7042
30.29,16150,16604.9,16592.3,-454.889
30.3,16800,16604.5,16591.8,195.518
30.31,16350,16604.1,16591.4,-254.076
30.32,17000,16603.7,16590.9,396.329
30.33,16225,16603.3,16590.5,-378.267
30.34,16500,16602.9,16590.1,-102.863
30.35,16475,16602.5,16589.6,-127.46
30.36,17275,16602.1,16589.2,672.942
30.37,16875,16601.7,16588.7,273.344
30.38,16875,16601.3,16588.3,273.745
30.39,16550,16600.9,16587.9,-50.855
30.4,15575,16600.5,16587.4,-1025.46
30.41,17775,16600.1,16587,1174.94
30.42,17650,16599.7,16586.5,1050.34
30.43,16800,16599.3,16586.1,200.738
30.44,16000,16598.9,16585.7,-598.865
30.45,17125,16598.5,16585.2,526.53
30.46,16925,16598.1,16584.8,326.925
30.47,17525,16597.7,16584.3,927.319
30.48,16175,16597.3,16583.9,-422.287
30.49,17200,16596.9,16583.5,603.105
30.5,17125,16596.5,16583,528.497
30.51,16625,16596.1,16582.6,28.8882
30.52,16625,16595.7,16582.2,29.2784
30.53,16800,16595.3,16581.7,204.668
30.54,16800,16594.9,16581.3,205.056
30.55,17225,16594.6,16580.8,630.444
30.56,17625,16594.2,16580.4,1030.83
30.57,16625,16593.8,16580,31.2171
30.58,16925,16593.4,16579.5,331.602
30.59,17375,16593,16579.1,781.987
30.6,16225,16592.6,16578.7,-367.63
30.61,16275,16592.2,16578.2,-317.247
30.62,16950,16591.9,16577.8,358.135
30.63,18000,16591.5,16577.4,1408.52
30.64,16525,16591.1,16576.9,-66.1044
30.65,15900,16590.7,16576.5,-690.725
30.66,16625,16590.3,16576.1,34.6529
30.67,17775,16590,16575.6,1185.03
30.68,16925,16589.6,16575.2,335.407
30.69,16725,16589.2,16574.8,135.782
30.7,16425,16588.8,16574.3,-163.844
30.71,16025,16588.5,16573.9,-563.47
30.72,16950,16588.1,16573.5,361.902
30.73,16050,16587.7,16573,-537.726
30.74,17400,16587.4,16572.6,812.645
30.75,16550,16587,16572.2,-36.9857
30.76,16925,16586.6,16571.8,338.383
30.77,16400,16586.2,16571.3,-186.249
30.78,16275,16585.9,16570.9,-310.883
30.79,16000,16585.5,16570.5,-585.517
30.8,15325,16585.2,16570,-1260.15
30.81,15875,16584.8,16569.6,-709.789
30.82,16800,16584.4,16569.2,215.573
30.83,16675,16584.1,16568.7,90.9345
30.84,17450,16583.7,16568.3,866.295
30.85,17150,16583.3,16567.9,566.654
30.86,16325,16583,16567.5,-257.988
30.87,16950,16582.6,16567,367.369
30.88,16300,16582.3,16566.6,-282.275
30.89,15975,16581.9,16566.2,-606.921
30.9,16450,16581.6,16565.7,-131.567
30.91,16500,16581.2,16565.3,-81.2148
30.92,17525,16580.9,16564.9,944.136
30.93,16550,16580.5,16564.5,-30.5137
30.94,16100,16580.2,16564,-480.165
30.95,16500,16579.8,16563.6,-79.8174
30.96,15975,16579.5,16563.2,-604.471
30.97,15625,16579.1,16562.8,-954.126
30.98,16300,16578.8,16562.3,-278.782
30.99,14550,16578.4,16561.9,-2028.44
31,16025,16578.1,16561.5,-553.098
31.01,16250,16577.8,16561.1,-327.759
31.02,16750,16577.4,16560.6,172.58
31.03,17925,16577.1,16560.2,1347.92
31.04,17350,16576.7,16559.8,773.253
31.05,16475,16576.4,16559.4,-101.412
31.06,16275,16576.1,16559,-301.079
31.07,16325,16575.7,16558.5,-250.747
31.08,16525,16575.4,16558.1,-50.4172
31.09,17175,16575.1,16557.7,599.912
31.1,16125,16574.8,16557.3,-449.761
31.11,15500,16574.4,16556.8,-1074.43
31.12,16950,16574.1,16556.4,375.889
31.13,16325,16573.8,16556,-248.788
31.14,17050,16573.5,16555.6,476.534
31.15,17725,16573.1,16555.2,1151.85
31.16,17425,16572.8,16554.7,852.172
31.17,16625,16572.5,16554.3,52.4885
31.18,16225,16572.2,16553.9,-347.197
31.19,15875,16571.9,16553.5,-696.883
31.2,16325,16571.6,16553.1,-246.571
31.21,17025,16571.3,16552.7,453.739
31.22,16775,16571,16552.2,204.047
31.23,16775,16570.6,16551.8,204.354
31.24,15500,16570.3,16551.4,-1070.34
31.25,17200,16570,16551,629.962
31.26,17925,16569.7,16550.6,1355.26
31.27,17100,16569.4,16550.1,530.562
31.28,16900,16569.1,16549.7,330.86
31.29,16575,16568.8,16549.3,6.15558
31.3,16750,16568.6,16548.9,181.449
31.31,16350,16568.3,16548.5,-218.259
31.32,16400,16568,16548.1,-167.969
31.33,17375,16567.7,16547.7,807.319
31.34,17200,16567.4,16547.2,632.605
31.35,15725,16567.1,16546.8,-842.111
31.36,16950,16566.8,16546.4,383.171
31.37,16800,16566.5,16546,233.45
31.38,16625,16566.3,16545.6,58.7276
31.39,16025,16566,16545.2,-540.997
31.4,16675,16565.7,16544.8,109.276
31.41,15400,16565.5,16544.3,-1165.45
31.42,16525,16565.2,16543.9,-40.1846
31.43,16875,16564.9,16543.5,310.082
31.44,17075,16564.7,16543.1,510.345
31.45,16075,16564.4,16542.7,-489.393
31.46,16550,16564.1,16542.3,-14.134
31.47,16300,16563.9,16541.9,-263.877
31.48,16500,16563.6,16541.5,-63.6234
31.49,16250,16563.4,16541.1,-313.372
31.5,16500,16563.1,16540.6,-63.123
31.51,16725,16562.9,16540.2,162.123
31.52,16100,16562.6,16539.8,-462.633
31.53,16925,16562.4,16539.4,362.608
31.54,16975,16562.2,16539,412.846
31.55,16050,16561.9,16538.6,-511.919
31.56,16625,16561.7,16538.2,63.3134
31.57,16050,16561.5,16537.8,-511.457
31.58,16525,16561.2,16537.4,-36.2307
31.59,17500,16561,16537,938.993
31.6,16200,16560.8,16536.6,-360.787
31.61,17300,16560.6,16536.2,739.43
31.62,16650,16560.4,16535.8,89.6444
31.63,16450,16560.1,16535.3,-110.145
31.64,16750,16559.9,16534.9,190.063
31.65,17350,16559.7,16534.5,790.267
31.66,16900,16559.5,16534.1,340.467
31.67,16150,16559.3,16533.7,-409.335
31.68,16050,16559.1,16533.3,-509.142
31.69,16250,16559,16532.9,-308.952
31.7,17350,16558.8,16532.5,791.234
31.71,17200,16558.6,16532.1,641.417
31.72,15425,16558.4,16531.7,-1133.4
31.73,15475,16558.2,16531.3,-1083.23
31.74,15775,16558.1,16530.9,-783.059
31.75,16225,16557.9,16530.5,-332.892
31.76,16625,16557.7,16530.1,67.2704
31.77,17525,16557.6,16529.7,967.429
31.78,15850,16557.4,16529.3,-707.417
31.79,17000,16557.3,16528.9,442.732
31.8,16575,16557.1,16528.5,17.8773
31.81,16650,16557,16528.1,93.0177
31.82,16250,16556.8,16527.7,-306.846
31.83,16950,16556.7,16527.3,393.285
31.84,16450,16556.6,16526.9,-106.589
31.85,17225,16556.5,16526.5,668.532
31.86,16300,16556.4,16526.1,-256.352
31.87,16575,16556.2,16525.7,18.7586
31.88,16925,16556.1,16525.3,368.864
31.89,17550,16556,16524.9,993.964
31.9,16275,16555.9,16524.5,-280.941
31.91,17200,16555.9,16524.1,644.148
31.92,16100,16555.8,16523.7,-455.769
31.93,16175,16555.7,16523.3,-380.692
31.94,16725,16555.6,16522.9,169.379
31.95,18175,16555.6,16522.5,1619.44
31.96,16925,16555.5,16522.1,369.502
31.97,16600,16555.4,16521.7,44.5541
31.98,16050,16555.4,16521.3,-505.401
31.99,16750,16555.4,16520.9,194.638
32,16500,16555.3,16520.5,-55.3304
32.01,17425,16555.3,16520.1,869.694
32.02,16250,16555.3,16519.8,-305.289
32.03,16725,16555.3,16519.4,169.721
32.04,15625,16555.3,16519,-930.277
32.05,16725,16555.3,16518.6,169.717
32.06,16950,16555.3,16518.2,394.703
32.07,15825,16555.3,16517.8,-730.319
32.08,16675,16555.3,16517.4,119.651
32.09,17700,16555.4,16517,1144.61
32.1,16700,16555.4,16516.6,144.564
32.11,16475,16555.5,16516.2,-80.4934
32.12,16425,16555.6,16515.8,-130.56
32.13,17150,16555.6,16515.4,594.364
32.14,16725,16555.7,16515.1,169.278
32.15,16625,16555.8,16514.7,69.1824
32.16,17275,16555.9,16514.3,719.076
32.17,17325,16556,16513.9,768.959
32.18,17725,16556.2,16513.5,1168.83
32.19,17450,16556.3,16513.1,893.692
32.2,17125,16556.5,16512.7,568.542
32.21,17400,16556.6,16512.3,843.379
32.22,17225,16556.8,16511.9,668.205
32.23,16950,16557,16511.6,393.018
32.24,16675,16557.2,16511.2,117.818
32.25,16900,16557.4,16510.8,342.604
32.26,16500,16557.6,16510.4,-57.6225
32.27,18025,16557.9,16510,1467.14
32.28,16050,16558.1,16509.6,-508.119
32.29,16275,16558.4,16509.2,-283.389
32.3,16625,16558.7,16508.9,66.3257
32.31,17600,16559,16508.5,1041.02
32.32,15650,16559.3,16508.1,-909.293
32.33,17150,16559.6,16507.7,590.373
32.34,15775,16560,16507.3,-784.979
32.35,16900,16560.3,16506.9,339.652
32.36,16625,16560.7,16506.6,64.2648
32.37,18300,16561.1,16506.2,1738.86
32.38,16250,16561.6,16505.8,-311.568
32.39,16275,16562,16505.4,-287.014
32.4,16325,16562.5,16505,-237.48
32.41,17075,16563,16504.6,512.031
32.42,15725,16563.5,16504.3,-838.479
32.43,15800,16564,16503.9,-764.013
32.44,17050,16564.6,16503.5,485.43
32.45,16950,16565.2,16503.1,384.849
32.46,16800,16565.8,16502.7,234.242
32.47,16925,16566.4,16502.4,358.609
32.48,17325,16567.1,16502,757.949
32.49,15875,16567.7,16501.6,-692.739
32.5,15450,16568.5,16501.2,-1118.46
32.51,16300,16569.2,16500.8,-269.203
32.52,17225,16570,16500.5,655.018
32.53,16675,16570.8,16500.1,104.208
32.54,17650,16571.6,16499.7,1078.36
32.55,16975,16572.5,16499.3,402.485
32.56,16300,16573.4,16499,-273.43
32.57,15425,16574.4,16498.6,-1149.38
32.58,16550,16575.4,16498.2,-25.3728
32.59,15375,16576.4,16497.8,-1201.4
32.6,17025,16577.5,16497.5,447.523
32.61,18250,16578.6,16497.1,1671.41
32.62,16475,16579.8,16496.7,-104.755
32.63,16700,16581,16496.3,119.036
32.64,16350,16582.2,16496,-232.222
32.65,16425,16583.5,16495.6,-158.53
32.66,16875,16584.9,16495.2,290.108
32.67,16900,16586.3,16494.8,313.691
32.68,17700,16587.8,16494.5,1112.22
32.69,16525,16589.3,16494.1,-64.3199
32.7,16200,16590.9,16493.7,-390.918
32.71,16550,16592.6,16493.4,-42.5831
32.72,16300,16594.3,16493,-294.317
32.73,16200,16596.1,16492.6,-396.123
32.74,16450,16598,16492.2,-148.006
32.75,17400,16600,16491.9,800.031
32.76,17750,16602,16491.5,1147.98
32.77,17000,16604.2,16491.1,395.846
32.78,15550,16606.4,16490.8,-1056.39
32.79,16475,16608.7,16490.4,-133.719
32.8,15575,16611.2,16490,-1036.16
32.81,16900,16613.7,16489.7,286.285
32.82,16800,16616.4,16489.3,183.604
32.83,16975,16619.2,16488.9,355.79
32.84,17350,16622.2,16488.6,727.83
32.85,17450,16625.3,16488.2,824.711
32.86,16075,16628.6,16487.8,-553.583
32.87,16675,16632.1,16487.5,42.9303
32.88,16975,16635.8,16487.1,339.23
32.89,16150,16639.7,16486.7,-489.71
32.9,17025,16643.9,16486.4,381.082
32.91,16000,16648.4,16486,-648.428
32.92,17050,16653.3,16485.6,396.719
32.93,16225,16658.5,16485.3,-433.523
32.94,17300,16664.2,16484.9,635.791
32.95,16900,16670.4,16484.6,229.596
32.96,16700,16677.2,16484.2,22.818
32.97,16875,16684.6,16483.8,190.37
32.98,16425,16692.8,16483.5,-267.848
32.99,17650,16702,16483.1,948.047
33,17125,16712.1,16482.7,412.923
33.01,17200,16723.4,16482.4,476.628
33.02,16975,16736,16482,238.987
33.03,16725,16750.2,16481.7,-25.1956
33.04,16050,16766.1,16481.3,-716.143
33.05,16700,16784.1,16480.9,-84.1035
33.06,17550,16804.4,16480.6,745.643
33.07,17400,16827.2,16480.2,572.786
33.08,17025,16853,16479.9,171.985
33.09,16800,16882.1,16479.5,-82.1369
33.1,17225,16915,16479.2,310.01
33.11,16950,16952,16478.8,-2.01878
33.12,16325,16993.7,16478.4,-668.702
33.13,16550,17040.6,16478.1,-490.551
33.14,15825,17093.1,16477.7,-1268.11
33.15,16350,17151.9,16477.4,-801.943
33.16,16425,17217.7,16477,-792.65
33.17,16400,17290.8,16476.7,-890.844
33.18,17225,17372.1,16476.3,-147.15
33.19,17150,17462.2,16476,-312.199
33.2,16000,17561.6,16475.6,-1561.62
33.21,17875,17671,16475.2,203.966
33.22,17425,17791,16474.9,-366.029
33.23,16925,17922.2,16474.5,-997.166
33.24,16875,18065,16474.2,-1189.96
33.25,16725,18219.8,16473.8,-1494.85
33.26,16850,18387.2,16473.5,-1537.22
33.27,16750,18567.4,16473.1,-1817.36
33.28,16050,18760.4,16472.8,-2710.45
33.29,16350,18966.5,16472.4,-2616.55
33.3,16900,19185.6,16472.1,-2285.6
33.31,16325,19417.4,16471.7,-3092.39
33.32,17525,19661.6,16471.4,-2136.56
33.33,17175,19917.6,16471,-2742.56
33.34,16775,20184.7,16470.7,-3409.69
33.35,16600,20462.1,16470.3,-3862.05
33.36,17550,20748.6,16470,-3198.55
33.37,17175,21042.9,16469.6,-3867.91
33.38,17800,21343.6,16469.3,-3543.63
33.39,17900,21649,16468.9,-3749.04
33.4,18800,21957.3,16468.6,-3157.26
33.41,19125,22266.2,16468.2,-3141.2
33.42,18575,22573.6,16467.9,-3998.62
33.43,18600,22877.1,16467.6,-4277.08
33.44,18500,23174,16467.2,-4674.02
33.45,18575,23461.7,16466.9,-4886.71
33.46,19125,23737.4,16466.5,-4612.36
33.47,19775,23998.1,16466.2,-4223.14
33.48,19175,24241.2,16465.8,-5066.18
33.49,20725,24463.7,16465.5,-3738.7
33.5,21375,24663.1,16465.1,-3288.06
33.51,20550,24836.8,16464.8,-4286.79
33.52,21350,24982.7,16464.5,-3632.71
33.53,22150,25099,16464.1,-2948.99
33.54,22200,25184.2,16463.8,-2984.16
33.55,22300,25237.2,16463.4,-2937.2
33.56,23825,25257.5,16463.1,-1432.52
33.57,22650,25245,16462.8,-2594.99
33.58,23875,25199.9,16462.4,-1324.92
33.59,23050,25123,16462.1,-2073.02
33.6,23850,25015.4,16461.7,-1165.4
33.61,23625,24878.5,16461.4,-1253.51
33.62,23925,24714.1,16461.1,-789.113
33.63,21700,24524.2,16460.7,-2824.23
33.64,23625,24311.1,16460.4,-686.133
33.65,22300,24077.2,16460,-1777.25
33.66,23100,23825.2,16459.7,-725.153
33.67,20950,23557.5,16459.4,-2607.51
33.68,22125,23277,16459,-1152.01
33.69,20150,22986.4,16458.7,-2836.36
33.7,20800,22688.2,16458.4,-1888.18
33.71,20850,22385,16458,-1535.04
33.72,19300,22079.3,16457.7,-2779.35
33.73,19150,21773.4,16457.4,-2623.41
33.74,17750,21469.3,16457,-3719.33
33.75,18950,21169,16456.7,-2219.04
33.76,18500,20874.3,16456.4,-2374.3
33.77,18000,20586.7,16456,-2586.66
33.78,16775,20307.5,16455.7,-3532.46
33.79,18125,20037.9,16455.4,-1912.86
33.8,18725,19778.8,16455,-1053.83
33.81,16500,19531.1,16454.7,-3031.15
33.82,18400,19295.4,16454.4,-895.41
33.83,17200,19072,16454,-1872.05
33.84,18350,18861.3,16453.7,-511.331
33.85,17300,18663.4,16453.4,-1363.39
33.86,16950,18478.2,16453,-1528.21
33.87,17425,18305.7,16452.7,-880.672
33.88,16700,18145.5,16452.4,-1445.54
33.89,17075,17997.5,16452,-922.488
33.9,16350,17861.1,16451.7,-1511.11
33.91,17600,17736,16451.4,-135.952
33.92,17100,17621.5,16451.1,-521.482
33.93,18050,17517.1,16450.7,532.855
33.94,18000,17422.4,16450.4,577.642
33.95,16950,17336.5,16450.1,-386.517
33.96,17500,17259,16449.8,240.985
33.97,16600,17189.2,16449.4,-589.242
33.98,17525,17126.6,16449.1,398.4
33.99,16450,17070.5,16448.8,-620.506
34,17225,17020.4,16448.5,204.604
34.01,17425,16975.7,16448.1,449.268
34.02,16900,16936,16447.8,-36.0032
34.03,16325,16900.7,16447.5,-575.731
34.04,17225,16869.5,16447.2,355.531
34.05,17050,16841.8,16446.8,208.199
34.06,16475,16817.3,16446.5,-342.349
34.07,17875,16795.8,16446.2,1079.23
34.08,16600,16776.7,16445.9,-176.736
34.09,16925,16760,16445.6,165.021
34.1,15900,16745.2,16445.2,-845.241
34.11,16000,16732.3,16444.9,-732.3
34.12,16775,16721,16444.6,54.038
34.13,16800,16711.1,16444.3,88.9439
34.14,17375,16702.4,16443.9,672.562
34.15,16900,16695,16443.6,205.015
34.16,17400,16688.6,16443.3,711.404
34.17,17950,16683.2,16443,1266.81
34.18,16850,16678.7,16442.7,171.3
34.19,17200,16675.1,16442.4,524.917
34.2,16875,16672.3,16442,202.693
34.21,16575,16670.4,16441.7,-95.356
34.22,16925,16669.2,16441.4,255.772
34.23,17450,16668.9,16441.1,781.067
34.24,16800,16669.5,16440.8,130.506
34.25,16775,16670.9,16440.5,104.054
34.26,16725,16673.3,16440.1,51.6665
34.27,16700,16676.7,16439.8,23.2868
34.28,17450,16681.2,16439.5,768.85
34.29,16725,16686.7,16439.2,38.2813
34.3,17500,16693.5,16438.9,806.498
34.31,16850,16701.6,16438.6,148.41
34.32,18325,16711.1,16438.3,1613.92
34.33,17650,16722.1,16438,927.921
34.34,17450,16734.7,16437.6,715.309
34.35,16650,16749,16437.3,-99.0305
34.36,18625,16765.2,16437,1859.79
34.37,17425,16783.3,16436.7,641.651
34.38,18850,16803.6,16436.4,2046.44
34.39,17875,16826,16436.1,1049.05
34.4,16300,16850.6,16435.8,-550.638
34.41,18525,16877.7,16435.5,1647.28
34.42,17375,16907.3,16435.2,467.717
34.43,17500,16939.4,16434.9,560.583
34.44,17200,16974.2,16434.5,225.814
34.45,17150,17011.6,16434.2,138.356
34.46,17350,17051.8,16433.9,298.176
34.47,17500,17094.7,16433.6,405.262
34.48,17500,17140.4,16433.3,359.622
34.49,18600,17188.7,16433,1411.29
34.5,19075,17239.7,16432.7,1835.34
34.51,18475,17293.2,16432.4,1181.85
34.52,17625,17349.1,16432.1,275.946
34.53,18475,17407.2,16431.8,1067.79
34.54,19200,17467.4,16431.5,1732.57
34.55,18725,17529.5,16431.2,1195.51
34.56,21325,17593.1,16430.9,3731.87
34.57,19925,17658,16430.6,2266.95
34.58,20525,17723.9,16430.3,2801.08
34.59,19650,17790.4,16430,1859.63
34.6,20125,17857,16429.7,2268
34.61,19900,17923.4,16429.4,1976.63
34.62,20400,17989,16429.1,2410.99
34.63,20500,18053.4,16428.8,2446.56
34.64,20050,18116.1,16428.5,1933.88
34.65,18500,18176.5,16428.2,323.469
34.66,21675,18234.1,16427.9,3440.89
34.67,20425,18288.3,16427.6,2136.7
34.68,20450,18338.6,16427.3,2111.44
34.69,18375,18384.4,16427,-9.358
34.7,19150,18425.2,16426.7,724.812
34.71,18400,18460.6,16426.4,-60.5887
34.72,17875,18490.2,16426.1,-615.152
34.73,18400,18513.5,16425.8,-113.532
34.74,17575,18530.5,16425.5,-955.457
34.75,18475,18540.7,16425.2,-65.7322
34.76,18200,18544.2,16424.9,-344.245
34.77,17525,18541,16424.6,-1015.97
34.78,17300,18530.9,16424.3,-1230.95
34.79,18350,18514.3,16424,-164.318
34.8,17025,18491.3,16423.7,-1466.28
34.81,17325,18462.1,16423.4,-1137.09
34.82,17325,18427.1,16423.1,-1102.09
34.83,18200,18386.7,16422.8,-186.65
34.84,17700,18341.2,16422.5,-641.193
34.85,17775,18291.2,16422.3,-516.18
34.86,17275,18237.1,16422,-962.099
34.87,16750,18179.5,16421.7,-1429.46
34.88,16800,18118.8,16421.4,-1318.79
34.89,16975,18055.6,16421.1,-1080.6
34.9,17050,17990.4,16420.8,-940.427
34.91,18300,17923.8,16420.5,376.229
34.92,17700,17856.1,16420.2,-156.125
34.93,17750,17788,16419.9,-37.9607
34.94,17625,17719.7,16419.6,-94.7193
34.95,17075,17651.8,16419.4,-576.814
34.96,15975,17584.6,16419.1,-1609.62
34.97,16125,17518.5,16418.8,-1393.5
34.98,16325,17453.7,16418.5,-1128.74
34.99,16725,17390.6,16418.2,-665.627
35,18325,17329.4,16417.9,995.6
35.01,17750,17270.3,16417.6,479.738
35.02,16850,17213.4,16417.3,-363.382
35.03,17550,17158.9,16417.1,391.103
35.04,16975,17106.9,16416.8,-131.91
35.05,17625,17057.5,16416.5,567.503
35.06,16625,17010.7,16416.2,-385.704
35.07,17150,16966.6,16415.9,183.448
35.08,16075,16925,16415.6,-850.037
35.09,17000,16886.1,16415.4,113.866
35.1,16600,16849.8,16415.1,-249.8
35.11,16625,16816,16414.8,-190.974
35.12,16850,16784.6,16414.5,65.4208
35.13,17100,16755.5,16414.2,344.471
35.14,17075,16728.7,16414,346.275
35.15,16850,16704.1,16413.7,145.937
35.16,17300,16681.4,16413.4,618.569
35.17,16750,16660.7,16413.1,89.2864
35.18,17300,16641.8,16412.8,658.207
35.19,17275,16624.6,16412.6,650.447
35.2,16875,16608.9,16412.3,266.127
35.21,16125,16594.6,16412,-469.64
35.22,16225,16581.7,16411.7,-356.741
35.23,16600,16570.1,16411.4,29.9336
35.24,16475,16559.5,16411.2,-84.5121
35.25,18125,16550,16410.9,1575.02
35.26,17075,16541.4,16410.6,533.627
35.27,17300,16533.6,16410.3,766.395
35.28,16200,16526.6,16410.1,-326.595
35.29,16700,16520.3,16409.8,179.736
35.3,17000,16514.5,16409.5,485.457
35.31,16650,16509.4,16409.2,140.633
35.32,16875,16504.7,16409,370.323
35.33,16325,16500.4,16408.7,-175.418
35.34,16550,16496.5,16408.4,53.4565
35.35,15750,16493,16408.2,-743.008
35.36,16075,16489.8,16407.9,-414.773
35.37,16000,16486.8,16407.6,-486.803
35.38,16125,16484.1,16407.3,-359.067
35.39,17025,16481.5,16407.1,543.463
35.4,16900,16479.2,16406.8,420.811
35.41,17200,16477,16406.5,722.998
35.42,16900,16475,16406.3,425.044
35.43,18175,16473,16406,1701.97
35.44,16850,16471.2,16405.7,378.776
35.45,17350,16469.5,16405.5,880.489
35.46,16175,16467.9,16405.2,-292.885
35.47,16475,16466.3,16404.9,8.66284
35.48,16875,16464.9,16404.7,410.141
35.49,15875,16463.4,16404.4,-588.442
35.5,16575,16462.1,16404.1,112.918
35.51,15850,16460.8,16403.9,-610.773
35.52,16725,16459.5,16403.6,265.49
35.53,17375,16458.3,16403.3,916.711
35.54,17000,16457.1,16403.1,542.893
35.55,17075,16456,16402.8,619.039
35.56,15150,16454.8,16402.5,-1304.85
35.57,17075,16453.8,16402.3,621.234
35.58,16300,16452.7,16402,-152.713
35.59,17550,16451.7,16401.7,1098.31
35.6,16950,16450.7,16401.5,499.314
35.61,17200,16449.7,16401.2,750.29
35.62,16225,16448.8,16401,-223.756
35.63,16600,16447.8,16400.7,152.176
35.64,16225,16446.9,16400.4,-221.913
35.65,17100,16446,16400.2,653.979
35.66,16900,16445.1,16399.9,454.852
35.67,15675,16444.3,16399.7,-769.293
35.68,16425,16443.5,16399.4,-18.456
35.69,16975,16442.6,16399.1,532.365
35.7,16500,16441.8,16398.9,58.1698
35.71,15975,16441,16398.6,-466.041
35.72,16875,16440.3,16398.4,434.734
35.73,17350,16439.5,16398.1,910.494
35.74,16175,16438.8,16397.9,-263.759
35.75,17625,16438,16397.6,1186.97
35.76,16900,16437.3,16397.3,462.695
35.77,16300,16436.6,16397.1,-136.597
35.78,16350,16435.9,16396.8,-85.9005
35.79,16800,16435.2,16396.6,364.784
35.8,17225,16434.5,16396.3,790.457
35.81,16025,16433.9,16396.1,-408.88
35.82,16500,16433.2,16395.8,66.7716
35.83,17600,16432.6,16395.6,1167.41
35.84,17025,16432,16395.3,593.045
35.85,17100,16431.3,16395.1,668.667
35.86,17000,16430.7,16394.8,569.28
35.87,16525,16430.1,16394.6,94.8838
35.88,16225,16429.5,16394.3,-204.521
35.89,16100,16428.9,16394.1,-328.935
35.9,16950,16428.4,16393.8,521.643
35.91,16875,16427.8,16393.6,447.213
35.92,15625,16427.2,16393.3,-802.224
35.93,16600,16426.7,16393.1,173.33
35.94,16850,16426.1,16392.8,423.878
35.95,16900,16425.6,16392.6,474.418
35.96,16425,16425,16392.3,-0.0494071
35.97,17325,16424.5,16392.1,900.477
35.98,16225,16424,16391.8,-199.004
35.99,16075,16423.5,16391.6,-348.491
36,15975,16423,16391.3,-447.984
36.01,15725,16422.5,16391.1,-697.484
36.02,16450,16422,16390.8,28.0108
36.03,15775,16421.5,16390.6,-646.501
36.04,16325,16421,16390.3,-96.0177
36.05,16600,16420.5,16390.1,179.46
36.06,15850,16420.1,16389.9,-570.069
36.07,16800,16419.6,16389.6,380.398
36.08,17150,16419.1,16389.4,730.859
36.09,15900,16418.7,16389.1,-518.685
36.1,16425,16418.2,16388.9,6.76646
36.11,15975,16417.8,16388.6,-442.787
36.12,16700,16417.3,16388.4,282.654
36.13,17050,16416.9,16388.2,633.091
36.14,17100,16416.5,16387.9,683.524
36.15,16850,16416,16387.7,433.952
36.16,18125,16415.6,16387.4,1709.38
36.17,15600,16415.2,16387.2,-815.206
36.18,16225,16414.8,16387,-189.791
36.19,16675,16414.4,16386.7,260.62
36.2,16450,16414,16386.5,36.0274
36.21,16300,16413.6,16386.3,-113.57
36.22,17275,16412.6,16386,862.407
36.23,15700,16412.2,16385.8,-712.199
36.24,17700,16411.8,16385.5,1288.19
36.25,16475,16411.4,16385.3,63.5793
36.26,15775,16411,16385.1,-636.037
36.27,16950,16410.7,16384.8,539.343
36.28,16250,16410,16384.6,-159.992
36.29,17100,16409.6,16384.4,690.381
36.3,17000,16409.2,16384.1,590.75
36.31,16050,16408.9,16383.9,-358.884
36.32,16350,16408.5,16383.7,-58.5209
36.33,16675,16408.2,16383.4,266.839
36.34,17125,16407.8,16383.2,717.195
36.35,17225,16407.5,16383,817.549
36.36,16725,16407.1,16382.7,317.9
36.37,16900,16406.8,16382.5,493.247
36.38,17425,16406.4,16382.3,1018.59
36.39,17100,16406.1,16382,693.934
36.4,15400,16405.7,16381.8,-1005.73
36.41,16350,16405.4,16381.6,-55.3909
36.42,16775,16405.1,16381.4,369.943
36.43,17500,16404.7,16381.1,1095.27
36.44,16425,16404.4,16380.9,20.6017
36.45,16425,16404.1,16380.7,20.9273
36.46,15600,16403.7,16380.4,-803.75
36.47,17150,16403.4,16380.2,746.571
36.48,16700,16403.1,16380,296.889
36.49,16875,16402.8,16379.8,472.204
36.5,18000,16402.5,16379.5,1597.52
36.51,16975,16402.2,16379.3,572.828
36.52,16525,16401.9,16379.1,123.136
36.53,15475,16401.6,16378.9,-926.558
36.54,16050,16401.3,16378.6,-351.254
36.55,17275,16401,16378.4,874.047
36.56,16300,16400.7,16378.2,-100.654
36.57,15550,16400.4,16378,-850.357
36.58,15825,16400.1,16377.8,-575.062
36.59,16200,16399.8,16377.5,-199.77
36.6,16725,16399.5,16377.3,325.52
36.61,16450,16399.2,16377.1,50.8085
36.62,15225,16398.9,16376.9,-1173.91
36.63,15900,16398.6,16376.6,-498.622
36.64,16150,16398.3,16376.4,-248.34
36.65,16325,16398.1,16376.2,-73.0597
36.66,16000,16397.8,16376,-397.782
36.67,17075,16397.5,16375.8,677.494
36.68,16500,16397.2,16375.6,102.768
36.69,16000,16397,16375.3,-396.96
36.7,15275,16396.7,16375.1,-1121.69
36.71,16325,16396.4,16374.9,-71.4223
36.72,15500,16396.2,16374.7,-896.156
36.73,15725,16395.9,16374.5,-670.892
36.74,16950,16395.6,16374.3,554.37
36.75,16700,16395.4,16374,304.631
36.76,16875,16395.1,16373.8,479.89
36.77,16425,16394.9,16373.6,30.1464
36.78,16075,16394.6,16373.4,-319.599
36.79,17400,16394.3,16373.2,1005.65
36.8,16675,16394.1,16373,280.906
36.81,16075,16393.8,16372.8,-318.844
36.82,16500,16393.6,16372.5,106.404
36.83,16525,16393.4,16372.3,131.65
36.84,16725,16393.1,16372.1,331.894
36.85,16250,16392.9,16371.9,-142.863
36.86,16650,16392.6,16371.7,257.378
36.87,16200,16392.4,16371.5,-192.383
36.88,17525,16392.1,16371.3,1132.85
36.89,15600,16391.9,16371.1,-791.909
36.9,16650,16391.7,16370.9,258.325
36.91,15900,16391.4,16370.6,-491.443
36.92,16500,16391.2,16370.4,108.788
36.93,18575,16391,16370.2,2184.02
36.94,16225,16390.8,16370,-165.755
36.95,17000,16390.5,16369.8,609.471
36.96,16450,16390.3,16369.6,59.6957
36.97,17175,16390.1,16369.4,784.918
36.98,15350,16389.9,16369.2,-1039.86
36.99,16450,16389.6,16369,60.3593
37,16775,16389.4,16368.8,385.577
37.01,16050,16389.2,16368.6,-339.206
37.02,17050,16389,16368.4,661.009
37.03,17325,16388.8,16368.2,936.222
37.04,16100,16388.6,16368,-288.567
37.05,17425,16388.4,16367.8,1036.64
37.06,17225,16388.1,16367.6,836.852
37.07,16850,16387.9,16367.4,462.059
37.08,15825,16387.7,16367.2,-562.735
37.09,15850,16387.5,16367,-537.531
37.1,16575,16387.3,16366.8,187.671
37.11,15425,16387.1,16366.6,-962.128
37.12,16950,16386.9,16366.4,563.071
37.13,16550,16386.7,16366.2,163.269
37.14,16500,16386.5,16366,113.465
37.15,16725,16386.3,16365.8,338.66
37.16,16800,16386.1,16365.6,413.853
37.17,16425,16386,16365.4,39.045
37.18,16300,16385.8,16365.2,-85.7648
37.19,17600,16385.6,16365,1214.42
37.2,17375,16385.4,16364.8,989.611
37.21,16250,16385.2,16364.6,-135.203
37.22,17200,16385,16364.4,814.981
37.23,15550,16384.8,16364.2,-834.837
37.24,16025,16384.7,16364,-359.655
37.25,17975,16384.5,16363.8,1590.52
37.26,17125,16384.3,16363.6,740.702
37.27,17300,16384.1,16363.4,915.879
37.28,14775,16383.9,16363.2,-1608.95
37.29,16350,16383.8,16363,-33.7726
37.3,15875,16383.6,16362.8,-508.601
37.31,15575,16383.4,16362.6,-808.43
37.32,16775,16383.3,16362.4,391.739
37.33,16875,16383.1,16362.2,491.906
37.34,16725,16382.9,16362.1,342.072
37.35,16350,16382.8,16361.9,-32.7632
37.36,15725,16382.6,16361.7,-657.6
37.37,16175,16382.4,16361.5,-207.439
37.38,16775,16382.3,16361.3,392.721
37.39,16275,16382.1,16361.1,-107.121
37.4,16900,16382,16360.9,518.036
37.41,16475,16381.8,16360.7,93.1913
37.42,16875,16381.7,16360.5,493.345
37.43,17000,16381.5,16360.4,618.497
37.44,16900,16381.4,16360.2,518.648
37.45,15825,16381.2,16360,-556.203
37.46,17225,16381.1,16359.8,843.944
37.47,16050,16380.9,16359.6,-330.91
37.48,16525,16380.8,16359.4,144.234
37.49,14975,16380.6,16359.2,-1405.62
37.5,15200,16380.5,16359.1,-1180.48
37.51,16775,16380.3,16358.9,394.658
37.52,16650,16380.2,16358.7,269.796
37.53,17050,16380.1,16358.5,669.932
37.54,16725,16379.9,16358.3,345.067
37.55,16200,16379.8,16358.1,-179.8
37.56,16225,16379.7,16358,-154.668
37.57,17650,16379.5,16357.8,1270.46
37.58,16950,16379.4,16357.6,570.59
37.59,17900,16379.3,16357.4,1520.72
37.6,17375,16379.2,16357.2,995.842
37.61,16850,16379,16357.1,470.965
37.62,15900,16378.9,16356.9,-478.913
37.63,16900,16378.8,16356.7,521.206
37.64,16050,16378.7,16356.5,-328.675
37.65,16325,16378.6,16356.3,-53.5587
37.66,15975,16378.4,16356.2,-403.444
37.67,16225,16378.3,16356,-153.331
37.68,16175,16378.2,16355.8,-203.219
37.69,16475,16378.1,16355.6,96.8903
37.7,17450,16378,16355.5,1072
37.71,17000,16377.9,16355.3,622.104
37.72,16350,16377.8,16355.1,-27.7913
37.73,16550,16377.7,16354.9,172.311
37.74,16600,16377.6,16354.8,222.412
37.75,16575,16377.5,16354.6,197.511
37.76,16750,16377.4,16354.4,372.608
37.77,17350,16377.3,16354.2,972.704
37.78,16750,16377.2,16354.1,372.797
37.79,17500,16377.1,16353.9,1122.89
37.8,17425,16377,16353.7,1047.98
37.81,15825,16376.9,16353.5,-551.934
37.82,16725,16376.8,16353.4,348.152
37.83,15825,16376.8,16353.2,-551.764
37.84,16350,16376.7,16353,-26.6822
37.85,16400,16376.6,16352.9,23.3979
37.86,17225,16376.5,16352.7,848.476
37.87,17300,16376.4,16352.5,923.552
37.88,16700,16376.4,16352.4,323.626
37.89,16250,16376.3,16352.2,-126.302
37.9,16775,16376.2,16352,398.768
37.91,15850,16376.2,16351.8,-526.164
37.92,16800,16376.1,16351.7,423.902
37.93,16475,16376,16351.5,98.9656
37.94,16400,16376,16351.3,24.0272
37.95,17825,16375.9,16351.2,1449.09
37.96,16400,16375.9,16351,24.1439
37.97,16150,16375.8,16350.9,-225.801
37.98,16725,16375.7,16350.7,349.252
37.99,16225,16375.7,16350.5,-150.698
38,15875,16375.6,16350.4,-500.649
38.01,15600,16375.6,16350.2,-775.603
38.02,16025,16375.6,16350,-350.559
38.03,16025,16375.5,16349.9,-350.518
38.04,17775,16375.5,16349.7,1399.52
38.05,16425,16375.4,16349.5,49.5578
38.06,16575,16375.4,16349.4,199.592
38.07,17025,16375.4,16349.2,649.624
38.08,16875,16375.3,16349.1,499.653
38.09,15725,16375.3,16348.9,-650.32
38.1,16700,16375.3,16348.7,324.704
38.11,15775,16375.3,16348.6,-600.274
38.12,16900,16375.3,16348.4,524.745
38.13,16200,16375.2,16348.3,-175.238
38.14,16475,16375.2,16348.1,99.7759
38.15,16875,16375.2,16347.9,499.787
38.16,16350,16375.2,16347.8,-25.2043
38.17,17125,16375.2,16347.6,749.801
38.18,16250,16375.2,16347.5,-125.196
38.19,16750,16375.2,16347.3,374.805
38.2,15550,16375.2,16347.2,-825.198
38.21,16800,16375.2,16347,424.796
38.22,17175,16375.2,16346.9,799.788
38.23,16500,16375.2,16346.7,124.776
38.24,15850,16375.2,16346.5,-525.238
38.25,14925,16375.3,16346.4,-1450.26
38.26,16500,16375.3,16346.2,124.723
38.27,16775,16375.3,16346.1,399.699
38.28,16025,16375.3,16345.9,-350.328
38.29,16550,16375.4,16345.8,174.642
38.3,16300,16375.4,16345.6,-75.3915
38.31,16775,16375.4,16345.5,399.572
38.32,16900,16375.5,16345.3,524.531
38.33,16700,16375.5,16345.2,324.488
38.34,16625,16375.6,16345,249.44
38.35,16925,16375.6,16344.9,549.39
38.36,16800,16375.7,16344.7,424.335
38.37,16475,16375.7,16344.6,99.2772
38.38,16975,16375.8,16344.4,599.216
38.39,16975,16375.8,16344.3,599.15
38.4,16975,16375.9,16344.1,599.081
38.41,16475,16376,16344,99.0077
38.42,16675,16376.1,16343.8,298.931
38.43,16625,16376.2,16343.7,248.849
38.44,17100,16376.2,16343.6,723.764
38.45,16275,16376.3,16343.4,-101.325
38.46,17200,16376.4,16343.3,823.581
38.47,16475,16376.5,16343.1,98.4836
38.48,16650,16376.6,16343,273.381
38.49,17850,16376.7,16342.8,1473.27
38.5,16575,16376.8,16342.7,198.164
38.51,16925,16377,16342.5,548.048
38.52,17150,16377.1,16342.4,772.928
38.53,15875,16377.2,16342.3,-502.197
38.54,16850,16377.3,16342.1,472.673
38.55,16250,16377.5,16342,-127.462
38.56,16650,16377.6,16341.8,272.398
38.57,16675,16377.7,16341.7,297.253
38.58,17125,16377.9,16341.6,747.103
38.59,15850,16378.1,16341.4,-528.053
38.6,16175,16378.2,16341.3,-203.213
38.61,16700,16378.4,16341.1,321.62
38.62,17550,16378.6,16341,1171.45
38.63,17125,16378.7,16340.9,746.271
38.64,16350,16378.9,16340.7,-28.9127
38.65,15575,16379.1,16340.6,-804.102
38.66,16400,16379.3,16340.4,20.7026
38.67,16975,16379.5,16340.3,595.501
38.68,16850,16379.7,16340.2,470.293
38.69,16025,16379.9,16340,-354.921
38.7,16125,16380.1,16339.9,-255.142
38.71,16325,16380.4,16339.8,-55.3692
38.72,16100,16380.6,16339.6,-280.603
38.73,17850,16380.8,16339.5,1469.16
38.74,16600,16381.1,16339.4,218.907
38.75,17400,16381.3,16339.2,1018.65
38.76,18125,16381.6,16339.1,1743.39
38.77,16575,16381.9,16339,193.118
38.78,16050,16382.2,16338.8,-332.16
38.79,16550,16382.4,16338.7,167.554
38.8,15800,16382.7,16338.6,-582.74
38.81,16125,16383,16338.4,-258.043
38.82,17150,16383.4,16338.3,766.646
38.83,16675,16383.7,16338.2,291.327
38.84,17125,16384,16338.1,740.999
38.85,15875,16384.3,16337.9,-509.338
38.86,16350,16384.7,16337.8,-34.6848
38.87,16325,16385,16337.7,-60.0406
38.88,17850,16385.4,16337.5,1464.59
38.89,16650,16385.8,16337.4,264.219
38.9,16775,16386.2,16337.3,388.833
38.91,16800,16386.6,16337.2,413.437
38.92,16550,16387,16337,163.031
38.93,18675,16387.4,16336.9,2287.61
38.94,17475,16387.8,16336.8,1087.19
38.95,17400,16388.3,16336.7,1011.75
38.96,17025,16388.7,16336.5,636.295
38.97,18000,16389.2,16336.4,1610.83
38.98,16550,16389.6,16336.3,160.356
38.99,17100,16390.1,16336.2,709.868
39,17125,16390.6,16336,734.367
39.01,17300,16391.1,16335.9,908.853
39.02,16300,16391.7,16335.8,-91.6744
39.03,16850,16392.2,16335.7,457.784
39.04,17925,16392.8,16335.5,1532.23
39.05,17425,16393.3,16335.4,1031.66
39.06,15850,16393.9,16335.3,-543.927
39.07,16975,16394.5,16335.2,580.472
39.08,16700,16395.1,16335.1,304.855
39.09,16200,16395.8,16334.9,-195.778
39.1,16000,16396.4,16334.8,-396.427
39.11,16350,16397.1,16334.7,-47.0941
39.12,16300,16397.8,16334.6,-97.7786
39.13,15975,16398.5,16334.5,-423.481
39.14,15975,16399.2,16334.4,-424.203
39.15,16000,16399.9,16334.2,-399.943
39.16,16175,16400.7,16334.1,-225.703
39.17,17075,16401.5,16334,673.516
39.18,16550,16402.3,16333.9,147.714
39.19,16975,16403.1,16333.8,571.891
39.2,16975,16404,16333.7,571.046
39.21,16900,16404.8,16333.5,495.177
39.22,15450,16405.7,16333.4,-955.715
39.23,16100,16406.6,16333.3,-306.631
39.24,15325,16407.6,16333.2,-1082.57
39.25,16075,16408.5,16333.1,-333.54
39.26,17875,16409.5,16333,1465.47
39.27,17025,16410.6,16332.9,614.444
39.28,16425,16411.6,16332.8,13.3934
39.29,16800,16412.7,16332.6,387.313
39.3,17275,16413.8,16332.5,861.202
39.31,17025,16414.9,16332.4,610.059
39.32,17100,16416.1,16332.3,683.883
39.33,15425,16417.3,16332.2,-992.327
39.34,16125,16418.6,16332.1,-293.573
39.35,15650,16419.9,16332,-769.856
39.36,16325,16421.2,16331.9,-96.1773
39.37,15825,16422.5,16331.8,-597.539
39.38,17050,16423.9,16331.7,626.056
39.39,17000,16425.4,16331.6,574.607
39.4,17500,16426.9,16331.4,1073.11
39.41,17375,16428.4,16331.3,946.567
39.42,17900,16430,16331.2,1469.97
39.43,16425,16431.7,16331.1,-6.68098
39.44,17100,16433.4,16331,666.61
39.45,16075,16435.2,16330.9,-360.162
39.46,16775,16437,16330.8,338.001
39.47,17050,16438.9,16330.7,611.093
39.48,17200,16440.9,16330.6,759.109
39.49,16650,16443,16330.5,207.043
39.5,16425,16445.1,16330.4,-20.1114
39.51,16450,16447.4,16330.3,2.63854
39.52,16925,16449.7,16330.2,475.284
39.53,17425,16452.2,16330.1,972.816
39.54,15750,16454.8,16330,-704.776
39.55,16475,16457.5,16329.9,17.4956
39.56,15900,16460.4,16329.8,-560.383
39.57,15625,16463.4,16329.7,-838.426
39.58,16400,16466.7,16329.6,-66.6519
39.59,17600,16470.1,16329.5,1129.92
39.6,16600,16473.7,16329.4,126.271
39.61,15700,16477.6,16329.3,-777.627
39.62,15750,16481.8,16329.2,-731.799
39.63,17775,16486.3,16329.1,1288.72
39.64,17525,16491.1,16329,1033.91
39.65,16025,16496.3,16328.9,-471.285
39.66,15900,16501.9,16328.8,-601.896
39.67,16350,16508,16328.7,-157.972
39.68,17575,16514.6,16328.6,1060.44
39.69,16050,16521.7,16328.5,-471.73
39.7,17525,16529.5,16328.4,995.47
39.71,16075,16538,16328.3,-463.035
39.72,15900,16547.3,16328.2,-647.318
39.73,15875,16557.5,16328.1,-682.461
39.74,17100,16568.6,16328,531.445
39.75,16025,16580.7,16328,-555.694
39.76,15725,16594,16327.9,-868.985
39.77,17800,16608.5,16327.8,1191.46
39.78,18250,16624.5,16327.7,1625.52
39.79,16675,16641.9,16327.6,33.065
39.8,16925,16661,16327.5,263.956
39.81,15575,16682,16327.4,-1106.96
39.82,16575,16704.8,16327.3,-129.825
39.83,17125,16729.8,16327.2,395.182
39.84,16125,16757.1,16327.1,-632.108
39.85,17750,16786.9,16327,963.123
39.86,16850,16819.3,16327,30.6847
39.87,17225,16854.6,16326.9,370.381
39.88,16300,16893,16326.8,-592.991
39.89,16850,16934.6,16326.7,-84.6411
39.9,17425,16979.8,16326.6,445.219
39.91,17325,17028.6,16326.5,296.373
39.92,16750,17081.4,16326.4,-331.398
39.93,17575,17138.3,16326.3,436.689
39.94,18050,17199.6,16326.3,850.416
39.95,17450,17265.4,16326.2,184.571
39.96,17075,17336.1,16326.1,-261.056
39.97,17325,17411.7,16326,-86.6635
39.98,16450,17492.4,16325.9,-1042.44
39.99,18400,17578.6,16325.8,821.426
40,17575,17670.2,16325.8,-95.2192
40.01,17875,17767.5,16325.7,107.476
40.02,18350,17870.6,16325.6,479.386
40.03,18075,17979.6,16325.5,95.4078
40.04,17450,18094.5,16325.4,-644.536
40.05,17300,18215.5,16325.3,-915.493
40.06,17600,18342.5,16325.3,-742.482
40.07,17925,18475.5,16325.2,-550.485
40.08,18125,18614.4,16325.1,-489.45
40.09,16800,18759.3,16325,-1959.29
40.1,18425,18909.9,16325,-484.859
40.11,18325,19066,16324.9,-740.994
40.12,17650,19227.5,16324.8,-1577.47
40.13,17500,19394,16324.7,-1894.02
40.14,19050,19565.3,16324.6,-515.337
40.15,19175,19741,16324.6,-566.047
40.16,18750,19920.7,16324.5,-1170.74
40.17,18275,20104,16324.4,-1828.95
40.18,18125,20290.2,16324.3,-2165.17
40.19,19925,20478.8,16324.3,-553.827
40.2,19650,20669.3,16324.2,-1019.31
40.21,19375,20861,16324.1,-1485.95
40.22,21625,21053.1,16324,571.95
40.23,21500,21244.8,16324,255.161
40.24,21625,21435.5,16323.9,189.481
40.25,21400,21624.2,16323.8,-224.249
40.26,21050,21810.2,16323.7,-760.151
40.27,22800,21992.3,16323.7,807.687
40.28,23825,22169.8,16323.6,1655.2
40.29,22500,22341.7,16323.5,158.346
40.3,23625,22506.9,16323.5,1118.09
40.31,23250,22664.6,16323.4,585.414
40.32,24525,22813.7,16323.3,1711.27
40.33,23250,22953.4,16323.2,296.606
40.34,22675,23082.7,16323.2,-407.666
40.35,23025,23200.7,16323.1,-175.678
40.36,22250,23306.6,16323,-1056.62
40.37,21350,23399.8,16323,-2049.76
40.38,20775,23479.4,16322.9,-2704.43
40.39,21450,23545.1,16322.8,-2095.07
40.4,21825,23596.2,16322.8,-1771.23
40.41,20750,23632.5,16322.7,-2882.55
40.42,21350,23653.8,16322.6,-2303.79
40.43,20925,23659.8,16322.6,-2734.83
40.44,20600,23650.7,16322.5,-3050.67
40.45,19250,23626.4,16322.4,-4376.41
40.46,20075,23587.3,16322.4,-3512.26
40.47,17050,23533.6,16322.3,-6483.56
40.48,18775,23465.7,16322.2,-4690.71
40.49,17975,23384.2,16322.2,-5409.24
40.5,17550,23289.7,16322.1,-5739.72
40.51,17725,23182.8,16322,-5457.83
40.52,18025,23064.3,16322,-5039.3
40.53,18325,22934.9,16321.9,-4609.93
40.54,17900,22795.5,16321.9,-4895.54
40.55,17800,22647,16321.8,-4847.01
40.56,18125,22490.3,16321.7,-4365.25
40.57,18625,22326.2,16321.7,-3701.17
40.58,17650,22155.7,16321.6,-4505.71
40.59,18300,21979.8,16321.6,-3679.78
40.6,16400,21799.3,16321.5,-5399.31
40.61,16600,21615.2,16321.4,-5015.21
40.62,17200,21428.4,16321.4,-4228.36
40.63,17550,21239.6,16321.3,-3689.6
40.64,17150,21049.8,16321.3,-3899.76
40.65,17125,20859.6,16321.2,-3734.63
40.66,17950,20669.9,16321.1,-2719.94
40.67,17375,20481.4,16321.1,-3106.39
40.68,16875,20294.6,16321,-3419.63
40.69,17750,20110.3,16321,-2360.26
40.7,17300,19928.8,16320.9,-2628.85
40.71,17575,19750.9,16320.9,-2175.88
40.72,17175,19576.8,16320.8,-2401.82
40.73,16650,19407.1,16320.8,-2757.07
40.74,16275,19242,16320.7,-2966.99
40.75,17100,19081.9,16320.6,-1981.88
40.76,18300,18927,16320.6,-627.015
40.77,16525,18777.6,16320.5,-2252.6
40.78,16750,18633.8,16320.5,-1883.81
40.79,16525,18495.8,16320.4,-1970.77
40.8,16775,18363.6,16320.4,-1588.57
40.81,16750,18237.3,16320.3,-1487.27
40.82,16500,18116.9,16320.3,-1616.89
40.83,16600,18002.4,16320.2,-1402.4
40.84,16575,17893.8,16320.2,-1318.76
40.85,16575,17790.9,16320.1,-1215.9
40.86,15700,17693.7,16320.1,-1993.72
40.87,17350,17602.1,16320,-252.096
40.88,16700,17515.9,16320,-815.892
40.89,17400,17434.9,16319.9,-34.9494
40.9,16950,17359.1,16319.9,-409.097
40.91,16850,17288.2,16319.8,-438.151
40.92,17300,17221.9,16319.8,78.0804
40.93,17550,17160.2,16319.7,389.799
40.94,16350,17102.8,16319.7,-752.791
40.95,16275,17049.5,16319.6,-774.479
40.96,17325,17000.1,16319.6,324.939
40.97,16650,16954.3,16319.6,-304.315
40.98,17425,16912,16319.5,512.963
40.99,17075,16873,16319.5,201.978
41,17400,16837.1,16319.4,562.932
41.01,17825,16804,16319.4,1021.02
41.02,18575,16773.6,16319.3,1801.44
41.03,16625,16745.6,16319.3,-120.628
41.04,16350,16720,16319.2,-370.009
41.05,16100,16696.5,16319.2,-596.53
41.06,17950,16675,16319.2,1274.97
41.07,16175,16655.4,16319.1,-480.357
41.08,16400,16637.4,16319.1,-237.365
41.09,15475,16620.9,16319,-1145.92
41.1,15775,16605.9,16319,-830.886
41.11,16625,16592.1,16319,32.85
41.12,16475,16579.6,16318.9,-104.599
41.13,16000,16568.1,16318.9,-568.127
41.14,17075,16557.6,16318.8,517.36
41.15,16325,16548,16318.8,-223.048
41.16,16475,16539.3,16318.8,-64.2677
41.17,16600,16531.2,16318.7,68.7749
41.18,17275,16523.9,16318.7,751.149
41.19,16750,16517.1,16318.6,232.919
41.2,17200,16510.9,16318.6,689.141
41.21,17000,16505.1,16318.6,494.868
41.22,17175,16499.9,16318.5,675.147
41.23,16900,16495,16318.5,405.022
41.24,16425,16490.5,16318.5,-65.4687
41.25,16100,16486.3,16318.4,-386.29
41.26,16575,16482.4,16318.4,92.5892
41.27,17575,16478.8,16318.4,1096.2
41.28,16600,16475.4,16318.3,124.561
41.29,15325,16472.3,16318.3,-1147.3
41.3,17000,16469.4,16318.3,530.638
41.31,16800,16466.6,16318.2,333.392
41.32,16050,16464,16318.2,-414.024
41.33,15375,16461.6,16318.2,-1086.59
41.34,16675,16459.3,16318.1,215.696
41.35,17525,16457.1,16318.1,1067.86
41.36,16425,16455.1,16318.1,-30.1049
41.37,16625,16453.2,16318,171.824
41.38,16650,16451.4,16318,198.649
41.39,17600,16449.6,16318,1150.38
41.4,17400,16448,16318,952.017
41.41,16675,16446.4,16317.9,228.571
41.42,16325,16445,16317.9,-119.954
41.43,15850,16443.6,16317.9,-593.555
41.44,16250,16442.2,16317.8,-192.227
41.45,16850,16441,16317.8,409.032
41.46,15900,16439.8,16317.8,-539.774
41.47,15850,16438.6,16317.8,-588.642
41.48,16700,16437.6,16317.7,262.429
41.49,16750,16436.6,16317.7,313.441
41.5,17400,16435.6,16317.7,964.397
41.51,16025,16434.7,16317.7,-409.702
41.52,16400,16433.9,16317.6,-33.8548
41.53,16675,16433.1,16317.6,241.94
41.54,16625,16432.3,16317.6,192.682
41.55,17200,16431.6,16317.6,768.374
41.56,16475,16431,16317.5,44.0156
41.57,16350,16430.4,16317.5,-80.3928
41.58,17275,16429.9,16317.5,845.149
41.59,15925,16429.4,16317.5,-504.358
41.6,16500,16428.9,16317.4,71.0847
41.61,17475,16428.5,16317.4,1046.48
41.62,15750,16428.2,16317.4,-678.179
41.63,16200,16427.9,16317.4,-227.887
41.64,16150,16427.6,16317.4,-277.646
41.65,16325,16427.5,16317.3,-102.458
41.66,17625,16427.3,16317.3,1197.68
41.67,17850,16427.2,16317.3,1422.75
41.68,17425,16427.2,16317.3,997.775
41.69,16425,16427.3,16317.3,-2.26312
41.7,17025,16427.4,16317.2,597.636
41.71,16025,16427.5,16317.2,-402.53
41.72,16700,16427.8,16317.2,272.236
41.73,18150,16428.1,16317.2,1721.93
41.74,16350,16428.5,16317.2,-78.4557
41.75,16000,16428.9,16317.2,-428.922
41.76,16450,16429.5,16317.1,20.5241
41.77,17025,16430.1,16317.1,594.876
41.78,16225,16430.9,16317.1,-205.874
41.79,16000,16431.7,16317.1,-431.733
41.8,16100,16432.7,16317.1,-332.711
41.81,16425,16433.8,16317.1,-8.8184
41.82,16475,16435.1,16317.1,39.9345
41.83,17350,16436.5,16317,913.535
41.84,16225,16438,16317,-213.031
41.85,17200,16439.8,16317,760.221
41.86,17225,16441.7,16317,783.274
41.87,16475,16443.9,16317,31.1109
41.88,16000,16446.3,16317,-446.29
41.89,16875,16448.9,16317,426.05
41.9,16475,16451.9,16317,23.1064
41.91,18125,16455.1,16316.9,1669.85
41.92,17225,16458.7,16316.9,766.261
41.93,16750,16462.7,16316.9,287.3
41.94,16850,16467.1,16316.9,382.937
41.95,16800,16471.9,16316.9,328.136
41.96,16900,16477.1,16316.9,422.858
41.97,16700,16482.9,16316.9,217.062
41.98,16925,16489.3,16316.9,435.705
41.99,17700,16496.3,16316.9,1203.74
42,16000,16503.9,16316.9,-503.884
42.01,17225,16512.2,16316.9,712.783
42.02,17075,16521.3,16316.8,553.685
42.03,16075,16531.2,16316.8,-456.235
42.04,16700,16542,16316.8,157.961
42.05,18050,16553.8,16316.8,1496.21
42.06,18200,16566.6,16316.8,1633.45
42.07,17200,16580.4,16316.8,619.609
42.08,15850,16595.4,16316.8,-745.381
42.09,16200,16611.6,16316.8,-411.59
42.1,16275,16629.1,16316.8,-354.092
42.11,16075,16648,16316.8,-572.961
42.12,17350,16668.3,16316.8,681.73
42.13,16675,16690.1,16316.8,-15.0947
42.14,17150,16713.5,16316.8,436.491
42.15,16650,16738.6,16316.8,-88.5867
42.16,16325,16765.4,16316.8,-440.4
42.17,17050,16794,16316.8,255.982
42.18,18400,16824.5,16316.8,1575.49
42.19,17150,16856.9,16316.8,293.064
42.2,17275,16891.4,16316.8,383.639
42.21,17325,16927.8,16316.8,397.163
42.22,16975,16966.4,16316.8,8.58643
42.23,16275,17007.1,16316.8,-732.135
42.24,16975,17050,16316.8,-75.0353
42.25,16350,17095.1,16316.8,-745.144
42.26,17150,17142.5,16316.8,7.522
42.27,18150,17192,16316.8,957.952
42.28,16900,17243.9,16316.8,-343.852
42.29,16925,17297.9,16316.8,-372.878
42.3,16875,17354.1,16316.8,-479.102
42.31,16925,17412.5,16316.8,-487.486
42.32,16425,17473,16316.8,-1047.98
42.33,16700,17535.5,16316.8,-835.522
42.34,17550,17600,16316.8,-50.0323
42.35,18025,17666.4,16316.8,358.583
42.36,16525,17734.6,16316.8,-1209.57
42.37,18675,17804.4,16316.8,870.635
42.38,18300,17875.7,16316.8,424.335
42.39,16850,17948.3,16316.9,-1098.31
42.4,16850,18022.1,16316.9,-1172.14
42.41,18850,18097,16316.9,753.046
42.42,17000,18172.6,16316.9,-1172.56
42.43,16100,18248.7,16316.9,-2148.73
42.44,16600,18325.2,16316.9,-1725.23
42.45,16975,18401.8,16316.9,-1426.82
42.46,17350,18478.2,16316.9,-1128.23
42.47,18225,18554.2,16316.9,-329.184
42.48,17950,18629.4,16316.9,-679.393
42.49,16950,18703.6,16316.9,-1753.56
42.5,18000,18776.4,16316.9,-776.362
42.51,17825,18847.5,16317,-1022.49
42.52,18700,18916.6,16317,-216.615
42.53,16450,18983.4,16317,-2533.4
42.54,18950,19047.5,16317,-97.5281
42.55,16650,19108.7,16317,-2458.65
42.56,16925,19166.5,16317,-2241.45
42.57,17375,19220.6,16317,-1845.61
42.58,17300,19270.8,16317,-1970.81
42.59,17425,19316.8,16317.1,-1891.76
42.6,17000,19358.2,16317.1,-2358.2
42.61,16325,19394.9,16317.1,-3069.86
42.62,17075,19426.5,16317.1,-2351.53
42.63,16650,19453,16317.1,-2803.01
42.64,16500,19474.1,16317.1,-2974.14
42.65,17025,19489.8,16317.1,-2464.79
42.66,16675,19499.9,16317.2,-2824.87
42.67,15875,19504.3,16317.2,-3629.32
42.68,17150,19503.1,16317.2,-2353.13
42.69,16675,19496.3,16317.2,-2821.3
42.7,16250,19483.9,16317.2,-3233.9
42.71,17000,19466,16317.2,-2466.01
42.72,16500,19442.8,16317.3,-2942.76
42.73,16525,19414.3,16317.3,-2889.3
42.74,17100,19380.8,16317.3,-2280.8
42.75,16325,19342.5,16317.3,-3017.47
42.76,16475,19299.6,16317.3,-2824.55
42.77,16125,19252.3,16317.4,-3127.29
42.78,17875,19201,16317.4,-1325.96
42.79,17375,19145.8,16317.4,-1770.84
42.8,16625,19087.2,16317.4,-2462.23
42.81,16475,19025.4,16317.4,-2550.44
42.82,17175,18960.8,16317.5,-1785.79
42.83,17450,18893.6,16317.5,-1443.59
42.84,16400,18824.2,16317.5,-2424.17
42.85,16075,18752.8,16317.5,-2677.84
42.86,16425,18679.9,16317.5,-2254.92
42.87,17125,18605.7,16317.6,-1480.73
42.88,17650,18530.6,16317.6,-880.555
42.89,17600,18454.7,16317.6,-854.699
42.9,17400,18378.4,16317.6,-978.442
42.91,15825,18302.1,16317.7,-2477.05
42.92,17200,18225.8,16317.7,-1025.79
42.93,15400,18149.9,16317.7,-2749.9
42.94,16250,18074.6,16317.7,-1824.61
42.95,15700,18000.1,16317.8,-2300.13
42.96,16325,17926.7,16317.8,-1601.66
42.97,16500,17854.4,16317.8,-1354.38
42.98,16725,17783.5,16317.8,-1058.47
42.99,17175,17714.1,16317.9,-539.059
43,16500,17646.3,16317.9,-1146.3
43.01,16575,17580.3,16317.9,-1005.3
43.02,17400,17516.2,16318,-116.165
43.03,15750,17454,16318,-1703.99
43.04,16400,17393.8,16318,-993.845
43.05,15675,17335.8,16318,-1660.79
43.06,15850,17279.9,16318.1,-1429.87
43.07,16450,17226.1,16318.1,-776.129
43.08,17100,17174.6,16318.1,-74.5766
43.09,16200,17125.2,16318.2,-925.227
43.1,16175,17078.1,16318.2,-903.08
43.11,17300,17033.1,16318.2,266.876
43.12,16500,16990.3,16318.3,-490.34
43.13,16925,16949.7,16318.3,-24.6976
43.14,17000,16911.2,16318.3,88.8381
43.15,15900,16874.7,16318.3,-974.689
43.16,16325,16840.2,16318.4,-515.23
43.17,16025,16807.7,16318.4,-782.73
43.18,16775,16777.1,16318.4,-2.12961
43.19,15975,16748.4,16318.5,-773.366
43.2,15275,16721.4,16318.5,-1446.37
43.21,16800,16696.1,16318.5,103.921
43.22,16150,16672.4,16318.6,-522.416
43.23,15800,16650.3,16318.6,-850.312
43.24,16500,16629.7,16318.7,-129.694
43.25,16525,16610.5,16318.7,-85.4873
43.26,16200,16592.6,16318.7,-392.621
43.27,15900,16576,16318.8,-676.021
43.28,16025,16560.6,16318.8,-535.618
43.29,16475,16546.3,16318.8,-71.3421
43.3,17050,16533.1,16318.9,516.876
43.31,17425,16520.9,16318.9,904.101
43.32,17100,16509.6,16318.9,590.398
43.33,17050,16499.2,16319,550.829
43.34,17850,16489.5,16319,1360.45
43.35,16475,16480.7,16319.1,-5.67515
43.36,15425,16472.5,16319.1,-1047.5
43.37,15875,16465,16319.1,-589.968
43.38,16775,16458,16319.2,316.967
43.39,17075,16451.6,16319.2,623.351
43.4,17575,16445.8,16319.3,1129.23
43.41,16800,16440.4,16319.3,359.638
43.42,16925,16435.4,16319.3,489.62
43.43,15600,16430.8,16319.4,-830.791
43.44,16575,16426.6,16319.4,148.438
43.45,15675,16422.7,16319.5,-747.662
43.46,16675,16419.1,16319.5,255.937
43.47,16900,16415.7,16319.6,484.262
43.48,16350,16412.7,16319.6,-62.6634
43.49,16700,16409.8,16319.6,290.184
43.5,17100,16407.2,16319.7,692.824
43.51,16475,16404.7,16319.7,70.2749
43.52,18475,16402.4,16319.8,2072.55
43.53,15650,16400.3,16319.8,-750.321
43.54,16300,16398.3,16319.9,-98.3379
43.55,17000,16396.5,16319.9,603.517
43.56,16700,16394.7,16320,305.254
43.57,15675,16393.1,16320,-718.114
43.58,16700,16391.6,16320.1,308.421
43.59,16800,16390.1,16320.1,409.869
43.6,15775,16388.8,16320.1,-613.764
43.61,17125,16387.5,16320.2,737.531
43.62,16900,16386.2,16320.2,513.759
43.63,15300,16385.1,16320.3,-1085.07
43.64,14900,16384,16320.3,-1483.96
43.65,16050,16382.9,16320.4,-332.901
43.66,16775,16381.9,16320.4,393.113
43.67,16900,16380.9,16320.5,519.084
43.68,16225,16380,16320.5,-154.986
43.69,16500,16379.1,16320.6,120.908
43.7,16575,16378.2,16320.6,196.767
43.71,17125,16377.4,16320.7,747.595
43.72,17075,16376.6,16320.7,698.392
43.73,17000,16375.8,16320.8,624.162
43.74,16550,16375.1,16320.8,174.906
43.75,15725,16374.4,16320.9,-649.375
43.76,16525,16373.7,16320.9,151.322
43.77,16500,16373,16321,126.996
43.78,16900,16372.4,16321,527.649
43.79,16325,16371.7,16321.1,-46.7166
43.8,15975,16371.1,16321.2,-396.101
43.81,16800,16370.5,16321.2,429.496
43.82,17450,16369.9,16321.3,1080.08
43.83,15475,16369.4,16321.3,-894.36
43.84,16175,16368.8,16321.4,-193.811
43.85,17200,16368.3,16321.4,831.722
43.86,17775,16367.8,16321.5,1407.24
43.87,16500,16367.3,16321.5,132.746
43.88,16625,16366.8,16321.6,258.237
43.89,16875,16366.3,16321.6,508.716
43.9,16850,16365.8,16321.7,484.182
43.91,16900,16365.4,16321.8,534.636
43.92,16175,16364.9,16321.8,-189.922
43.93,17025,16364.5,16321.9,660.509
43.94,16475,16364.1,16321.9,110.929
43.95,16400,16363.7,16322,36.3383
43.96,16575,16363.3,16322.1,211.737
43.97,16500,16362.9,16322.1,137.126
43.98,16975,16362.5,16322.2,612.505
43.99,17550,16362.1,16322.2,1187.87
44,16400,16361.8,16322.3,38.2345
44.01,16800,16361.4,16322.3,438.586
44.02,16950,16361.1,16322.4,588.928
44.03,16075,16360.7,16322.5,-285.738
44.04,16250,16360.4,16322.5,-110.412
44.05,15575,16360.1,16322.6,-785.095
44.06,16850,16359.8,16322.7,490.215
44.07,15550,16359.5,16322.7,-809.483
44.08,16675,16359.2,16322.8,315.811
44.09,17350,16358.9,16322.8,991.098
44.1,16900,16358.6,16322.9,541.378
44.11,16325,16358.3,16323,-33.3486
44.12,15850,16358.1,16323,-508.082
44.13,15925,16357.8,16323.1,-432.823
44.14,16950,16357.6,16323.2,592.43
44.15,16075,16357.3,16323.2,-282.323
44.16,16450,16357.1,16323.3,92.918
44.17,17375,16356.8,16323.4,1018.15
44.18,15800,16356.6,16323.4,-556.619
44.19,17950,16356.4,16323.5,1593.6
44.2,17325,16356.2,16323.5,968.822
44.21,16050,16356,16323.6,-305.967
44.22,17700,16355.8,16323.7,1344.24
44.23,16400,16355.6,16323.7,44.4411
44.24,17075,16355.4,16323.8,719.637
44.25,17275,16355.2,16323.9,919.828
44.26,17275,16355,16324,920.014
44.27,17025,16354.8,16324,670.195
44.28,17275,16354.6,16324.1,920.372
44.29,16625,16354.5,16324.2,270.544
44.3,17525,16354.3,16324.2,1170.71
44.31,16700,16354.1,16324.3,345.874
44.32,16250,16354,16324.4,-103.967
44.33,17450,16353.8,16324.4,1096.19
44.34,17650,16353.7,16324.5,1296.34
44.35,16425,16353.5,16324.6,71.4834
44.36,15725,16353.4,16324.6,-628.374
44.37,17525,16353.2,16324.7,1171.76
44.38,16575,16353.1,16324.8,221.898
44.39,16200,16353,16324.9,-152.972
44.4,17350,16352.8,16324.9,997.155
44.41,15925,16352.7,16325,-427.722
44.42,16525,16352.6,16325.1,172.398
44.43,16000,16352.5,16325.1,-352.486
44.44,15875,16352.4,16325.2,-477.373
44.45,16275,16352.3,16325.3,-77.2638
44.46,16500,16352.2,16325.4,147.842
44.47,16750,16352.1,16325.4,397.945
44.48,17075,16352,16325.5,723.045
44.49,15875,16351.9,16325.6,-476.859
44.5,14950,16351.8,16325.7,-1401.77
44.51,15775,16351.7,16325.7,-576.675
44.52,16400,16351.6,16325.8,48.412
44.53,15025,16351.5,16325.9,-1326.5
44.54,16850,16351.4,16326,498.578
44.55,17000,16351.3,16326,648.657
44.56,16525,16351.3,16326.1,173.733
44.57,17300,16351.2,16326.2,948.806
44.58,16850,16351.1,16326.3,498.877
44.59,15825,16351.1,16326.4,-526.056
44.6,15875,16351,16326.4,-475.99
44.61,17300,16350.9,16326.5,949.073
44.62,16550,16350.9,16326.6,199.133
44.63,15925,16350.8,16326.7,-425.809
44.64,16325,16350.8,16326.7,-25.7541
44.65,16500,16350.7,16326.8,149.299
44.66,16200,16350.7,16326.9,-150.651
44.67,16450,16350.6,16327,99.3976
44.68,17525,16350.6,16327.1,1174.44
44.69,16150,16350.5,16327.1,-200.513
44.7,17375,16350.5,16327.2,1024.53
44.71,15625,16350.4,16327.3,-725.432
44.72,16325,16350.4,16327.4,-25.3948
44.73,16550,16350.4,16327.5,199.64
44.74,16700,16350.3,16327.6,349.673
44.75,16550,16350.3,16327.6,199.704
44.76,16975,16350.3,16327.7,624.733
44.77,16850,16350.2,16327.8,499.76
44.78,15875,16350.2,16327.9,-475.216
44.79,16700,16350.2,16328,349.807
44.8,16775,16350.2,16328.1,424.828
44.81,17325,16350.2,16328.1,974.847
44.82,15650,16350.1,16328.2,-700.135
44.83,16875,16350.1,16328.3,524.88
44.84,17100,16350.1,16328.4,749.893
44.85,16175,16350.1,16328.5,-175.095
44.86,16850,16350.1,16328.6,499.915
44.87,17450,16350.1,16328.6,1099.92
44.88,17450,16350.1,16328.7,1099.93
44.89,16525,16350.1,16328.8,174.934
44.9,16325,16350.1,16328.9,-25.0627
44.91,17400,16350.1,16329,1049.94
44.92,17525,16350.1,16329.1,1174.94
44.93,16025,16350.1,16329.2,-325.064
44.94,17475,16350.1,16329.3,1124.93
44.95,16925,16350.1,16329.3,574.928
44.96,17575,16350.1,16329.4,1224.92
44.97,16875,16350.1,16329.5,524.913
44.98,15875,16350.1,16329.6,-475.097
44.99,16175,16350.1,16329.7,-175.108
45,16775,16350.1,16329.8,424.879
45.01,16950,16350.1,16329.9,599.864
45.02,15850,16350.2,16330,-500.151
45.03,16425,16350.2,16330.1,74.8314
45.04,16350,16350.2,16330.1,-0.187337
45.05,17575,16350.2,16330.2,1224.79
45.06,17175,16350.2,16330.3,824.771
45.07,17300,16350.3,16330.4,949.748
45.08,16450,16350.3,16330.5,99.7238
45.09,17450,16350.3,16330.6,1099.7
45.1,16875,16350.3,16330.7,524.671
45.11,16075,16350.4,16330.8,-275.357
45.12,16650,16350.4,16330.9,299.613
45.13,16325,16350.4,16331,-25.4181
45.14,16800,16350.5,16331.1,449.55
45.15,17075,16350.5,16331.2,724.516
45.16,16450,16350.5,16331.3,99.4811
45.17,16875,16350.6,16331.3,524.445
45.18,15500,16350.6,16331.4,-850.593
45.19,17225,16350.6,16331.5,874.369
45.2,16225,16350.7,16331.6,-125.671
45.21,16250,16350.7,16331.7,-100.712
45.22,16600,16350.8,16331.8,249.245
45.23,16450,16350.8,16331.9,99.2019
45.24,16725,16350.8,16332,374.157
45.25,16750,16350.9,16332.1,399.111
45.26,15425,16350.9,16332.2,-925.936
45.27,17350,16351,16332.3,999.016
45.28,16725,16351,16332.4,373.966
45.29,16350,16351.1,16332.5,-1.0841
45.3,15850,16351.1,16332.6,-501.136
45.31,15775,16351.2,16332.7,-576.189
45.32,16550,16351.2,16332.8,198.757
45.33,17200,16351.3,16332.9,848.702
45.34,17325,16351.4,16333,973.646
45.35,16525,16351.4,16333.1,173.589
45.36,16775,16351.5,16333.2,423.531
45.37,15900,16351.5,16333.3,-451.529
45.38,16450,16351.6,16333.4,98.4106
45.39,16700,16351.7,16333.5,348.349
45.4,16725,16351.7,16333.6,373.286
45.41,16675,16351.8,16333.7,323.223
45.42,16250,16351.8,16333.8,-101.842
45.43,17350,16351.9,16333.9,998.092
45.44,17350,16352,16334,998.025
45.45,16275,16352,16334.1,-77.0425
45.46,17050,16352.1,16334.2,697.889
45.47,16025,16352.2,16334.3,-327.181
45.48,16800,16352.3,16334.4,447.748
45.49,16800,16352.3,16334.5,447.676
45.5,15875,16352.4,16334.6,-477.397
45.51,17125,16352.5,16334.7,772.529
45.52,17450,16352.5,16334.8,1097.45
45.53,16175,16352.6,16334.9,-177.622
45.54,16300,16352.7,16335,-52.6986
45.55,16500,16352.8,16335.1,147.224
45.56,17475,16352.9,16335.2,1122.14
45.57,16550,16352.9,16335.3,197.065
45.58,16600,16353,16335.4,246.984
45.59,16250,16353.1,16335.5,-103.098
45.6,16575,16353.2,16335.7,221.82
45.61,16750,16353.3,16335.8,396.736
45.62,15925,16353.3,16335.9,-428.348
45.63,17375,16353.4,16336,1021.57
45.64,17725,16353.5,16336.1,1371.48
45.65,16525,16353.6,16336.2,171.392
45.66,16400,16353.7,16336.3,46.304
45.67,17425,16353.8,16336.4,1071.21
45.68,15675,16353.9,16336.5,-678.875
45.69,16800,16354,16336.6,446.033
45.7,16875,16354.1,16336.7,520.941
45.71,17575,16354.2,16336.8,1220.85
45.72,17275,16354.2,16336.9,920.755
45.73,15400,16354.3,16337.1,-954.34
45.74,16700,16354.4,16337.2,345.564
45.75,16300,16354.5,16337.3,-54.5324
45.76,16550,16354.6,16337.4,195.37
45.77,17125,16354.7,16337.5,770.272
45.78,16700,16354.8,16337.6,345.172
45.79,15925,16354.9,16337.7,-429.928
45.8,16850,16355,16337.8,494.971
45.81,17625,16355.1,16337.9,1269.87
45.82,17825,16355.2,16338,1469.77
45.83,17100,16355.3,16338.2,744.662
45.84,17000,16355.4,16338.3,644.558
45.85,15875,16355.5,16338.4,-480.548
45.86,16400,16355.7,16338.5,44.3455
45.87,16600,16355.8,16338.6,244.238
45.88,16650,16355.9,16338.7,294.13
45.89,16925,16356,16338.8,569.021
45.9,16925,16356.1,16339,568.911
45.91,16475,16356.2,16339.1,118.8
45.92,16100,16356.3,16339.2,-256.312
45.93,16475,16356.4,16339.3,118.575
45.94,17225,16356.5,16339.4,868.461
45.95,15625,16356.7,16339.5,-731.653
45.96,16550,16356.8,16339.6,193.232
45.97,17575,16356.9,16339.8,1218.12
45.98,15925,16357,16339.9,-432.002
45.99,16300,16357.1,16340,-57.1199
46,16075,16357.2,16340.1,-282.239
46.01,16925,16357.4,16340.2,567.641
46.02,15200,16357.5,16340.3,-1157.48
46.03,15900,16357.6,16340.4,-457.601
46.04,16550,16357.7,16340.6,192.276
46.05,16600,16357.8,16340.7,242.153
46.06,16275,16358,16340.8,-82.9713
46.07,17350,16358.1,16340.9,991.903
46.08,17325,16358.2,16341,966.777
46.09,16800,16358.3,16341.2,441.65
46.1,16450,16358.5,16341.3,91.5225
46.11,17450,16358.6,16341.4,1091.39
46.12,17350,16358.7,16341.5,991.264
46.13,16525,16358.9,16341.6,166.133
46.14,16500,16359,16341.8,141.002
46.15,16575,16359.1,16341.9,215.869
46.16,16725,16359.3,16342,365.736
46.17,16600,16359.4,16342.1,240.602
46.18,16500,16359.5,16342.2,140.467
46.19,16775,16359.7,16342.4,415.33
46.2,15200,16359.8,16342.5,-1159.81
46.21,16900,16359.9,16342.6,540.055
46.22,16275,16360.1,16342.7,-85.0835
46.23,16650,16360.2,16342.8,289.777
46.24,17225,16360.4,16343,864.636
46.25,16225,16360.5,16343.1,-135.506
46.26,16275,16360.6,16343.2,-85.6484
46.27,17400,16360.8,16343.3,1039.21
46.28,16775,16360.9,16343.5,414.063
46.29,15975,16361.1,16343.6,-386.082
46.3,16850,16361.2,16343.7,488.771
46.31,16800,16361.4,16343.8,438.624
46.32,15500,16361.5,16343.9,-861.524
46.33,17075,16361.7,16344.1,713.326
46.34,16675,16361.8,16344.2,313.176
46.35,17825,16362,16344.3,1463.02
46.36,16225,16362.1,16344.4,-137.128
46.37,17100,16362.3,16344.6,737.719
46.38,16850,16362.4,16344.7,487.565
46.39,16100,16362.6,16344.8,-262.591
46.4,17550,16362.7,16344.9,1187.25
46.41,16725,16362.9,16345.1,362.096
46.42,16150,16363.1,16345.2,-213.063
46.43,16050,16363.2,16345.3,-313.222
46.44,17125,16363.4,16345.5,761.617
46.45,16700,16363.5,16345.6,336.456
46.46,16200,16363.7,16345.7,-163.706
46.47,16500,16363.9,16345.8,136.13
46.48,16700,16364,16346,335.965
46.49,17550,16364.2,16346.1,1185.8
46.5,16600,16364.4,16346.2,235.633
46.51,16275,16364.5,16346.3,-89.535
46.52,16575,16364.7,16346.5,210.296
46.53,17200,16364.9,16346.6,835.126
46.54,17275,16365,16346.7,909.955
46.55,16675,16365.2,16346.9,309.783
46.56,16900,16365.4,16347,534.609
46.57,16625,16365.6,16347.1,259.435
46.58,16925,16365.7,16347.3,559.259
46.59,16350,16365.9,16347.4,-15.9179
46.6,16300,16366.1,16347.5,-66.0959
46.61,16500,16366.3,16347.6,133.725
46.62,16050,16366.5,16347.8,-316.455
46.63,17075,16366.6,16347.9,708.363
46.64,16350,16366.8,16348,-16.8197
46.65,16800,16367,16348.2,432.996
46.66,15600,16367.2,16348.3,-767.189
46.67,15125,16367.4,16348.4,-1242.38
46.68,17850,16367.6,16348.6,1482.44
46.69,16850,16367.8,16348.7,482.248
46.7,16450,16367.9,16348.8,82.0579
46.71,16475,16368.1,16349,106.866
46.72,16775,16368.3,16349.1,406.674
46.73,16900,16368.5,16349.2,531.48
46.74,16725,16368.7,16349.4,356.284
46.75,17350,16368.9,16349.5,981.087
46.76,16650,16369.1,16349.6,280.889
46.77,16275,16369.3,16349.8,-94.3103
46.78,16100,16369.5,16349.9,-269.511
46.79,18125,16369.7,16350,1755.29
46.8,17350,16369.9,16350.2,980.083
46.81,16850,16370.1,16350.3,479.878
46.82,17650,16370.3,16350.4,1279.67
46.83,16325,16370.5,16350.6,-45.5367
46.84,16075,16370.7,16350.7,-295.746
46.85,17450,16371,16350.9,1079.04
46.86,16575,16371.2,16351,203.83
46.87,17625,16371.4,16351.1,1253.62
46.88,17275,16371.6,16351.3,903.401
46.89,16200,16371.8,16351.4,-171.817
46.9,16400,16372,16351.5,27.9647
46.91,16675,16372.3,16351.7,302.744
46.92,17350,16372.5,16351.8,977.522
46.93,15725,16372.7,16352,-647.701
46.94,17150,16372.9,16352.1,777.073
46.95,16875,16373.2,16352.2,501.846
46.96,16650,16373.4,16352.4,276.618
46.97,17275,16373.6,16352.5,901.387
46.98,16925,16373.8,16352.6,551.155
46.99,16575,16374.1,16352.8,200.921
47,17650,16374.3,16352.9,1275.69
47.01,16875,16374.6,16353.1,500.447
47.02,17925,16374.8,16353.2,1550.21
47.03,16550,16375,16353.3,174.966
47.04,15500,16375.3,16353.5,-875.277
47.05,16725,16375.5,16353.6,349.478
47.06,16850,16375.8,16353.8,474.23
47.07,16650,16376,16353.9,273.981
47.08,17175,16376.3,16354.1,798.73
47.09,16850,16376.5,16354.2,473.476
47.1,16175,16376.8,16354.3,-201.779
47.11,16450,16377,16354.5,72.9633
47.12,16125,16377.3,16354.6,-252.297
47.13,15900,16377.6,16354.8,-477.559
47.14,15825,16377.8,16354.9,-552.823
47.15,16575,16378.1,16355,196.911
47.16,16725,16378.4,16355.2,346.642
47.17,16675,16378.6,16355.3,296.371
47.18,17925,16378.9,16355.5,1546.1
47.19,16725,16379.2,16355.6,345.821
47.2,16050,16379.5,16355.8,-329.457
47.21,16400,16379.7,16355.9,20.2618
47.22,16250,16380,16356.1,-130.022
47.23,15400,16380.3,16356.2,-980.308
47.24,16625,16380.6,16356.3,244.403
47.25,17225,16380.9,16356.5,844.112
47.26,16175,16381.2,16356.6,-206.182
47.27,16600,16381.5,16356.8,218.521
47.28,17875,16381.8,16356.9,1493.22
47.29,17075,16382.1,16357.1,692.918
47.3,16725,16382.4,16357.2,342.613
47.31,16950,16382.7,16357.4,567.304
47.32,17725,16383,16357.5,1341.99
47.33,16975,16383.3,16357.7,591.678
47.34,16700,16383.6,16357.8,316.36
47.35,16600,16384,16357.9,216.039
47.36,16950,16384.3,16358.1,565.714
47.37,16850,16384.6,16358.2,465.386
47.38,16350,16384.9,16358.4,-34.9448
47.39,15900,16385.3,16358.5,-485.279
47.4,15800,16385.6,16358.7,-585.618
47.41,16275,16386,16358.8,-110.96
47.42,17275,16386.3,16359,888.695
47.43,17575,16386.7,16359.1,1188.35
47.44,16550,16387,16359.3,162.992
47.45,16975,16387.4,16359.4,587.635
47.46,17475,16387.7,16359.6,1087.27
47.47,17575,16388.1,16359.7,1186.91
47.48,17050,16388.5,16359.9,661.539
47.49,17175,16388.8,16360,786.165
47.5,17725,16389.2,16360.2,1335.79
47.51,17000,16389.6,16360.3,610.404
47.52,17350,16390,16360.5,960.017
47.53,16575,16390.4,16360.6,184.625
47.54,15900,16390.8,16360.8,-490.771
47.55,16125,16391.2,16360.9,-266.173
47.56,16250,16391.6,16361.1,-141.58
47.57,16000,16392,16361.2,-391.992
47.58,15075,16392.4,16361.4,-1317.41
47.59,17175,16392.8,16361.5,782.169
47.6,16975,16393.3,16361.7,581.741
47.61,17150,16393.7,16361.8,756.307
47.62,17625,16394.1,16362,1230.87
47.63,16525,16394.6,16362.2,130.422
47.64,16800,16395,16362.3,404.97
47.65,17400,16395.5,16362.5,1004.51
47.66,16925,16396,16362.6,529.047
47.67,17000,16396.4,16362.8,603.576
47.68,16725,16396.9,16362.9,328.098
47.69,16525,16397.4,16363.1,127.612
47.7,16525,16397.9,16363.2,127.12
47.71,16075,16398.4,16363.4,-323.381
47.72,16325,16398.9,16363.5,-73.8891
47.73,16450,16399.4,16363.7,50.5943
47.74,16650,16399.9,16363.8,250.069
47.75,16675,16400.5,16364,274.535
47.76,16900,16401,16364.2,498.992
47.77,17375,16401.6,16364.3,973.44
47.78,17450,16402.1,16364.5,1047.88
47.79,16800,16402.7,16364.6,397.304
47.8,16500,16403.3,16364.8,96.7203
47.81,16625,16403.9,16364.9,221.125
47.82,16550,16404.5,16365.1,145.517
47.83,17600,16405.1,16365.2,1194.9
47.84,18050,16405.7,16365.4,1644.26
47.85,16325,16406.4,16365.6,-81.3839
47.86,16900,16407,16365.7,492.953
47.87,16900,16407.7,16365.9,492.275
47.88,16550,16408.4,16366,141.58
47.89,16450,16409.1,16366.2,40.8663
47.9,15425,16409.9,16366.3,-984.866
47.91,16775,16410.6,16366.5,364.381
47.92,17300,16411.4,16366.7,888.606
47.93,17400,16412.2,16366.8,987.807
47.94,16925,16413,16367,511.984
47.95,16300,16413.9,16367.1,-113.867
47.96,17500,16414.7,16367.3,1085.25
47.97,16125,16415.7,16367.5,-290.659
47.98,16775,16416.6,16367.6,358.395
47.99,17550,16417.6,16367.8,1132.41
48,16250,16418.6,16367.9,-168.61
48.01,15875,16419.7,16368.1,-544.676
48.02,17625,16420.8,16368.3,1204.21
48.03,17850,16422,16368.4,1428.05
48.04,17525,16423.2,16368.6,1101.83
48.05,17800,16424.4,16368.7,1375.55
48.06,16125,16425.8,16368.9,-300.789
48.07,15475,16427.2,16369.1,-952.201
48.08,17225,16428.7,16369.2,796.311
48.09,17150,16430.3,16369.4,719.74
48.1,16850,16431.9,16369.5,418.079
48.11,15325,16433.7,16369.7,-1108.68
48.12,16525,16435.5,16369.9,89.4591
48.13,15800,16437.5,16370,-637.518
48.14,15725,16439.6,16370.2,-714.618
48.15,16000,16441.9,16370.4,-441.851
48.16,16025,16444.2,16370.5,-419.229
48.17,17200,16446.8,16370.7,753.237
48.18,17950,16449.5,16370.8,1500.53
48.19,17475,16452.4,16371,1022.65
48.2,17325,16455.4,16371.2,869.57
48.21,16400,16458.7,16371.3,-58.7215
48.22,17700,16462.2,16371.5,1237.76
48.23,16775,16466,16371.7,308.999
48.24,16700,16470,16371.8,229.976
48.25,17375,16474.3,16372,900.672
48.26,17825,16478.9,16372.2,1346.07
48.27,17500,16483.9,16372.3,1016.14
48.28,16325,16489.1,16372.5,-164.125
48.29,17600,16494.8,16372.7,1105.24
48.3,17650,16500.8,16372.8,1149.22
48.31,17825,16507.2,16373,1317.78
48.32,15225,16514.1,16373.2,-1289.1
48.33,16875,16521.4,16373.3,353.554
48.34,16750,16529.3,16373.5,220.713
48.35,18750,16537.7,16373.7,2212.35
48.36,17275,16546.6,16373.8,728.432
48.37,17575,16556.1,16374,1018.93
48.38,17500,16566.2,16374.2,933.819
48.39,16875,16576.9,16374.3,298.06
48.4,16975,16588.4,16374.5,386.625
48.41,16950,16600.5,16374.7,349.482
48.42,16600,16613.4,16374.8,-13.4029
48.43,16150,16627.1,16375,-477.061
48.44,17575,16641.5,16375.2,933.474
48.45,17375,16656.8,16375.3,718.171
48.46,17750,16673,16375.5,1077
48.47,17100,16690.1,16375.7,409.922
48.48,17325,16708.1,16375.8,616.914
48.49,17550,16727.1,16376,822.944
48.5,17275,16747,16376.2,527.982
48.51,17125,16768,16376.3,357.001
48.52,17475,16790,16376.5,684.975
48.53,17400,16813.1,16376.7,586.881
48.54,17750,16837.3,16376.8,912.696
48.55,16900,16862.6,16377,37.3991
48.56,17325,16889,16377.2,435.974
48.57,17875,16916.6,16377.3,958.406
48.58,17125,16945.3,16377.5,179.682
48.59,17000,16975.2,16377.7,24.7946
48.6,18225,17006.3,16377.9,1218.74
48.61,18400,17038.5,16378,1361.51
48.62,17575,17071.9,16378.2,503.115
48.63,18575,17106.4,16378.4,1468.56
48.64,17825,17142.2,16378.5,682.849
48.65,17850,17179,16378.7,671.005
48.66,18125,17217,16378.9,908.044
48.67,19100,17256,16379.1,1843.99
48.68,19050,17296.1,16379.2,1753.88
48.69,17400,17337.3,16379.4,62.7411
48.7,18575,17379.4,16379.6,1195.62
48.71,18750,17422.4,16379.7,1327.55
48.72,20050,17466.4,16379.9,2583.6
48.73,17800,17511.2,16380.1,288.819
48.74,19975,17556.7,16380.3,2418.27
48.75,20725,17603,16380.4,3122.02
48.76,19900,17649.9,16380.6,2250.14
48.77,20050,17697.3,16380.8,2352.72
48.78,21150,17745.2,16381,3404.84
48.79,20750,17793.4,16381.1,2956.59
48.8,21425,17841.9,16381.3,3583.06
48.81,22150,17890.6,16381.5,4259.37
48.82,23075,17939.4,16381.7,5135.61
48.83,23150,17988.1,16381.8,5161.91
48.84,23075,18036.6,16382,5038.37
48.85,24675,18084.9,16382.2,6590.12
48.86,24250,18132.7,16382.3,6117.28
48.87,25750,18180,16382.5,7569.99
48.88,26125,18226.6,16382.7,7898.38
48.89,27500,18272.4,16382.9,9227.59
48.9,27125,18317.3,16383,8807.75
48.91,27275,18361,16383.2,8914
48.92,27300,18403.5,16383.4,8896.5
48.93,26950,18444.6,16383.6,8505.38
48.94,26400,18484.2,16383.8,7915.78
48.95,26625,18522.2,16383.9,8102.85
48.96,26175,18558.3,16384.1,7616.72
48.97,24775,18592.5,16384.3,6182.54
48.98,25225,18624.6,16384.5,6600.43
48.99,24750,18654.5,16384.6,6095.52
49,24475,18682.1,16384.8,5792.93
49.01,24825,18707.2,16385,6117.77
49.02,24050,18729.9,16385.2,5320.14
49.03,23975,18749.9,16385.3,5225.14
49.04,24875,18767.1,16385.5,6107.86
49.05,23100,18781.6,16385.7,4318.35
49.06,23575,18793.3,16385.9,4781.69
49.07,23425,18802.1,16386.1,4622.92
49.08,21900,18807.9,16386.2,3092.07
49.09,21050,18810.8,16386.4,2239.16
49.1,20175,18810.8,16386.6,1364.21
49.11,21200,18807.8,16386.8,2392.2
49.12,20100,18801.9,16386.9,1298.12
49.13,18475,18793.1,16387.1,-318.055
49.14,19925,18781.4,16387.3,1143.62
49.15,19100,18766.9,16387.5,333.095
49.16,18325,18749.7,16387.7,-424.696
49.17,18625,18729.8,16387.8,-104.827
49.18,17500,18707.4,16388,-1207.39
49.19,18425,18682.5,16388.2,-257.468
49.2,17175,18655.2,16388.4,-1480.17
49.21,16775,18625.6,16388.6,-1850.62
49.22,16975,18593.9,16388.7,-1618.91
49.23,18025,18560.2,16388.9,-535.177
49.24,18050,18524.5,16389.1,-474.548
49.25,19000,18487.2,16389.3,512.848
49.26,17525,18448.1,16389.5,-923.123
49.27,17000,18407.6,16389.6,-1407.6
49.28,16500,18365.7,16389.8,-1865.72
49.29,16525,18322.6,16390,-1797.62
49.3,18175,18278.4,16390.2,-103.434
49.31,16975,18233.3,16390.4,-1258.31
49.32,15750,18187.4,16390.5,-2437.38
49.33,18050,18140.8,16390.7,-90.7713
49.34,17525,18093.6,16390.9,-568.624
49.35,18175,18046.1,16391.1,128.937
49.36,17400,17998.2,16391.3,-598.213
49.37,17300,17950.2,16391.5,-650.194
49.38,18150,17902.1,16391.6,247.879
49.39,16425,17854.1,16391.8,-1429.11
49.4,16850,17806.3,16392,-956.258
49.41,17650,17758.7,16392.2,-108.674
49.42,16875,17711.5,16392.4,-836.453
49.43,16800,17664.7,16392.5,-864.683
49.44,17225,17618.5,16392.7,-393.451
49.45,16650,17572.8,16392.9,-922.835
49.46,16650,17527.9,16393.1,-877.91
49.47,16600,17483.7,16393.3,-883.742
49.48,16275,17440.4,16393.5,-1165.39
49.49,16350,17397.9,16393.6,-1047.92
49.5,15775,17356.4,16393.8,-1581.38
49.51,16575,17315.8,16394,-740.81
49.52,18575,17276.3,16394.2,1298.75
49.53,17000,17237.7,16394.4,-237.745
49.54,17050,17200.3,16394.6,-150.314
49.55,16450,17164,16394.8,-713.986
49.56,16200,17128.8,16394.9,-928.78
49.57,15875,17094.7,16395.1,-1219.71
49.58,17100,17061.8,16395.3,38.208
49.59,17700,17030,16395.5,669.973
49.6,16775,16999.4,16395.7,-224.418
49.61,17575,16970,16395.9,605.034
49.62,16275,16941.7,16396.1,-666.664
49.63,17000,16914.5,16396.2,85.4958
49.64,16400,16888.5,16396.4,-488.476
49.65,17050,16863.6,16396.6,186.437
49.66,17050,16839.8,16396.8,210.249
49.67,17600,16817,16397,782.982
49.68,16425,16795.3,16397.2,-370.344
49.69,16975,16774.7,16397.4,200.295
49.7,17275,16755.1,16397.5,519.925
49.71,16950,16736.4,16397.7,213.572
49.72,16775,16718.7,16397.9,56.264
49.73,15700,16702,16398.1,-1001.97
49.74,17575,16686.1,16398.3,888.902
49.75,17625,16671.1,16398.5,953.908
49.76,16525,16656.9,16398.7,-131.919
49.77,16750,16643.5,16398.8,106.452
49.78,16975,16630.9,16399,344.053
49.79,16575,16619.1,16399.2,-44.0838
49.8,17425,16607.9,16399.4,817.073
49.81,17075,16597.4,16399.6,477.554
49.82,16075,16587.6,16399.8,-512.608
49.83,16925,16578.4,16400,346.616
49.84,16175,16569.7,16400.2,-394.742
49.85,16500,16561.7,16400.4,-61.6535
49.86,17025,16554.1,16400.5,470.911
49.87,16050,16547,16400.7,-497.022
49.88,17000,16540.4,16400.9,459.577
49.89,15750,16534.3,16401.1,-784.267
49.9,16875,16528.5,16401.3,346.473
49.91,16075,16523.2,16401.5,-448.181
49.92,17300,16518.2,16401.7,781.797
49.93,15925,16513.6,16401.9,-588.571
49.94,16075,16509.3,16402.1,-434.264
49.95,15475,16505.3,16402.2,-1030.26
49.96,16300,16501.5,16402.4,-201.542
49.97,16400,16498.1,16402.6,-98.0879
49.98,17350,16494.9,16402.8,855.119
49.99,17325,16491.9,16403,833.094
50,16500,16489.1,16403.2,10.8552
50.01,17175,16486.6,16403.4,688.417
50.02,16575,16484.2,16403.6,90.7923
50.03,16325,16482,16403.8,-157.004
50.04,15425,16480,16404,-1054.96
50.05,16900,16478.1,16404.1,421.936
50.06,16575,16476.3,16404.3,98.6944
50.07,16650,16474.7,16404.5,175.326
50.08,17000,16473.2,16404.7,526.841
50.09,16975,16471.8,16404.9,503.247
50.1,16350,16470.4,16405.1,-120.446
50.11,17100,16469.2,16405.3,630.767
50.12,16750,16468.1,16405.5,281.896
50.13,16775,16467.1,16405.7,307.945
50.14,17125,16466.1,16405.9,658.922
50.15,16975,16465.2,16406.1,509.832
50.16,17050,16464.3,16406.3,585.68
50.17,16775,16463.5,16406.4,311.471
50.18,16875,16462.8,16406.6,412.209
50.19,17100,16462.1,16406.8,637.899
50.2,17375,16461.5,16407,913.543
50.21,16200,16460.9,16407.2,-260.854
50.22,16600,16460.3,16407.4,139.711
50.23,15575,16459.8,16407.6,-884.76
50.24,16350,16459.3,16407.8,-109.264
50.25,16850,16458.8,16408,391.201
50.26,16600,16458.4,16408.2,141.638
50.27,17925,16458,16408.4,1467.05
50.28,17000,16457.6,16408.6,542.435
50.29,16225,16457.2,16408.8,-232.202
50.3,16775,16456.9,16409,318.139
50.31,16725,16456.5,16409.1,268.461
50.32,16900,16456.2,16409.3,443.764
50.33,16550,16456,16409.5,94.049
50.34,17175,16455.7,16409.7,719.318
50.35,17825,16455.4,16409.9,1369.57
50.36,16850,16455.2,16410.1,394.809
50.37,17275,16455,16410.3,820.033
50.38,14900,16454.8,16410.5,-1554.76
50.39,16850,16454.6,16410.7,395.443
50.4,17200,16454.4,16410.9,745.629
50.41,16700,16454.2,16411.1,245.804
50.42,17050,16454,16411.3,595.969
50.43,16775,16453.9,16411.5,321.123
50.44,17050,16453.7,16411.7,596.267
50.45,15475,16453.6,16411.9,-978.599
50.46,16925,16453.5,16412.1,471.526
50.47,17950,16453.4,16412.3,1496.64
50.48,16875,16453.2,16412.5,421.751
50.49,16525,16453.1,16412.7,71.8503
50.5,16275,16453.1,16412.8,-178.058
50.51,16500,16453,16413,47.0262
50.52,16025,16452.9,16413.2,-427.897
50.53,16925,16452.8,16413.4,472.172
50.54,16550,16452.8,16413.6,97.2348
50.55,17325,16452.7,16413.8,872.291
50.56,16575,16452.7,16414,122.34
50.57,16600,16452.6,16414.2,147.382
50.58,17650,16452.6,16414.4,1197.42
50.59,16600,16452.6,16414.6,147.449
50.6,16800,16452.5,16414.8,347.473
50.61,16700,16452.5,16415,247.492
50.62,15725,16452.5,16415.2,-727.495
50.63,16300,16452.5,16415.4,-152.488
50.64,16525,16452.5,16415.6,72.5138
50.65,16650,16452.5,16415.8,197.51
50.66,17000,16452.5,16416,547.502
50.67,16500,16452.5,16416.2,47.4883
50.68,16250,16452.5,16416.4,-202.53
50.69,16725,16452.6,16416.6,272.446
50.7,16200,16452.6,16416.8,-252.582
50.71,16650,16452.6,16417,197.385
50.72,16350,16452.7,16417.2,-102.652
50.73,16925,16452.7,16417.4,472.306
50.74,16900,16452.7,16417.6,447.26
50.75,16425,16452.8,16417.8,-27.7905
50.76,17100,16452.8,16418,647.155
50.77,16200,16452.9,16418.2,-252.904
50.78,16800,16453,16418.4,347.033
50.79,16925,16453,16418.6,471.966
50.8,17400,16453.1,16418.8,946.895
50.81,16550,16453.2,16419,96.8204
50.82,16350,16453.3,16419.2,-103.258
50.83,16775,16453.3,16419.4,321.66
50.84,16850,16453.4,16419.6,396.574
50.85,16775,16453.5,16419.8,321.484
50.86,17400,16453.6,16420,946.391
50.87,16625,16453.7,16420.2,171.295
50.88,15700,16453.8,16420.4,-753.805
50.89,17650,16453.9,16420.6,1196.09
50.9,17425,16454,16420.8,970.985
50.91,17125,16454.1,16421,670.875
50.92,16600,16454.2,16421.1,145.761
50.93,17225,16454.4,16421.3,770.645
50.94,16075,16454.5,16421.5,-379.474
50.95,17275,16454.6,16421.7,820.403
50.96,16800,16454.7,16421.9,345.277
50.97,17050,16454.9,16422.1,595.149
50.98,16475,16455,16422.3,20.017
50.99,16775,16455.1,16422.5,319.882
51,17225,16455.3,16422.7,769.745
51.01,17100,16455.4,16422.9,644.605
51.02,17325,16455.5,16423.2,869.462
51.03,17300,16455.7,16423.4,844.316
51.04,16225,16455.8,16423.6,-230.833
51.05,16425,16456,16423.8,-30.9844
51.06,16650,16456.1,16424,193.862
51.07,16750,16456.3,16424.2,293.705
51.08,16550,16456.5,16424.4,93.5454
51.09,15775,16456.6,16424.6,-681.617
51.1,16300,16456.8,16424.8,-156.781
51.11,16875,16456.9,16425,418.052
51.12,17450,16457.1,16425.2,992.882
51.13,17775,16457.3,16425.4,1317.71
51.14,16950,16457.5,16425.6,492.536
51.15,16875,16457.6,16425.8,417.358
51.16,15975,16457.8,16426,-482.821
51.17,16950,16458,16426.2,491.997
51.18,17050,16458.2,16426.4,591.813
51.19,16775,16458.4,16426.6,316.626
51.2,16150,16458.6,16426.8,-308.563
51.21,15350,16458.8,16427,-1108.75
51.22,17000,16458.9,16427.2,541.052
51.23,15725,16459.1,16427.4,-734.144
51.24,16700,16459.3,16427.6,240.658
51.25,16975,16459.5,16427.8,515.458
51.26,16350,16459.7,16428,-109.745
51.27,16200,16459.9,16428.2,-259.95
51.28,16450,16460.2,16428.4,-10.157
51.29,17300,16460.4,16428.6,839.634
51.3,16125,16460.6,16428.8,-335.578
51.31,16550,16460.8,16429,89.2083
51.32,17025,16461,16429.2,563.992
51.33,16875,16461.2,16429.4,413.774
51.34,16750,16461.4,16429.6,288.554
51.35,15400,16461.7,16429.8,-1061.67
51.36,17100,16461.9,16430,638.107
51.37,16750,16462.1,16430.2,287.88
51.38,17700,16462.3,16430.4,1237.65
51.39,16250,16462.6,16430.6,-212.579
51.4,16600,16462.8,16430.8,137.188
51.41,17650,16463,16431,1186.95
51.42,16750,16463.3,16431.2,286.715
51.43,16725,16463.5,16431.4,261.476
51.44,17300,16463.8,16431.6,836.235
51.45,17150,16464,16431.8,685.991
51.46,17225,16464.3,16432,760.746
51.47,17300,16464.5,16432.2,835.498
51.48,16850,16464.8,16432.5,385.248
51.49,17075,16465,16432.7,609.996
51.5,17075,16465.3,16432.9,609.743
51.51,16325,16465.5,16433.1,-140.513
51.52,17125,16465.8,16433.3,659.229
51.53,16250,16466,16433.5,-216.032
51.54,16725,16466.3,16433.7,258.706
51.55,16425,16466.6,16433.9,-41.558
51.56,17575,16466.8,16434.1,1108.18
51.57,17000,16467.1,16434.3,532.907
51.58,17350,16467.4,16434.5,882.637
51.59,16675,16467.6,16434.7,207.364
51.6,18325,16467.9,16434.9,1857.09
51.61,16900,16468.2,16435.1,431.813
51.62,16775,16468.5,16435.3,306.534
51.63,16575,16468.7,16435.5,106.253
51.64,16575,16469,16435.7,105.969
51.65,17225,16469.3,16435.9,755.684
51.66,17100,16469.6,16436.1,630.397
51.67,15900,16469.9,16436.3,-569.893
51.68,16425,16470.2,16436.5,-45.1843
51.69,17300,16470.5,16436.7,829.522
51.7,17200,16470.8,16437,729.226
51.71,17275,16471.1,16437.2,803.928
51.72,17650,16471.4,16437.4,1178.63
51.73,16575,16471.7,16437.6,103.325
51.74,16650,16472,16437.8,178.02
51.75,16225,16472.3,16438,-247.287
51.76,17700,16472.6,16438.2,1227.4
51.77,16325,16472.9,16438.4,-147.907
51.78,17350,16473.2,16438.6,876.779
51.79,18000,16473.5,16438.8,1526.46
51.8,16775,16473.9,16439,301.145
51.81,16075,16474.2,16439.2,-399.176
51.82,16600,16474.5,16439.4,125.502
51.83,16750,16474.8,16439.6,275.176
51.84,17775,16475.2,16439.8,1299.85
51.85,17025,16475.5,16440,549.519
51.86,17575,16475.8,16440.2,1099.19
51.87,16950,16476.1,16440.5,473.852
51.88,17050,16476.5,16440.7,573.515
51.89,16925,16476.8,16440.9,448.176
51.9,16700,16477.2,16441.1,222.834
51.91,16275,16477.5,16441.3,-202.51
51.92,17075,16477.9,16441.5,597.143
51.93,16625,16478.2,16441.7,146.794
51.94,16525,16478.6,16441.9,46.4418
51.95,16925,16478.9,16442.1,446.087
51.96,15850,16479.3,16442.3,-629.27
51.97,17050,16479.6,16442.5,570.371
51.98,15975,16480,16442.7,-504.991
51.99,16200,16480.4,16442.9,-280.356
52,17425,16480.7,16443.1,944.276
52.01,17175,16481.1,16443.3,693.906
52.02,17075,16481.5,16443.5,593.533
52.03,16625,16481.8,16443.8,143.157
52.04,16750,16482.2,16444,267.778
52.05,16350,16482.6,16444.2,-132.603
52.06,16000,16483,16444.4,-482.987
52.07,16175,16483.4,16444.6,-308.374
52.08,17175,16483.8,16444.8,691.235
52.09,16075,16484.2,16445,-409.158
52.1,17200,16484.6,16445.2,715.447
52.11,16750,16485,16445.4,265.048
52.12,16625,16485.4,16445.6,139.645
52.13,17075,16485.8,16445.8,589.24
52.14,17025,16486.2,16446,538.832
52.15,16325,16486.6,16446.2,-161.579
52.16,16700,16487,16446.5,213.006
52.17,15725,16487.4,16446.7,-762.412
52.18,17025,16487.8,16446.9,537.167
52.19,16475,16488.3,16447.1,-13.2576
52.2,17475,16488.7,16447.3,986.315
52.21,16725,16489.1,16447.5,235.883
52.22,16425,16489.6,16447.7,-64.5514
52.23,15400,16490,16447.9,-1089.99
52.24,16550,16490.4,16448.1,59.5686
52.25,15925,16490.9,16448.3,-565.877
52.26,17400,16491.3,16448.5,908.674
52.27,17275,16491.8,16448.7,783.221
52.28,16575,16492.2,16448.9,82.765
52.29,17275,16492.7,16449.2,782.305
52.3,16350,16493.2,16449.4,-143.159
52.31,16550,16493.6,16449.6,56.3726
52.32,17050,16494.1,16449.8,555.901
52.33,16450,16494.6,16450,-44.5755
52.34,16575,16495.1,16450.2,79.9444
52.35,16725,16495.5,16450.4,229.46
52.36,16700,16496,16450.6,203.972
52.37,17900,16496.5,16450.8,1403.48
52.38,16850,16497,16451,352.982
52.39,16675,16497.5,16451.2,177.48
52.4,16275,16498,16451.4,-223.026
52.41,16400,16498.5,16451.7,-98.5361
52.42,16925,16499.1,16451.9,425.949
52.43,16625,16499.6,16452.1,125.429
52.44,16700,16500.1,16452.3,199.904
52.45,17625,16500.6,16452.5,1124.38
52.46,17150,16501.2,16452.7,648.841
52.47,16725,16501.7,16452.9,223.301
52.48,16850,16502.2,16453.1,347.757
52.49,18175,16502.8,16453.3,1672.21
52.5,16800,16503.3,16453.5,296.653
52.51,16550,16503.9,16453.7,46.0925
52.52,16625,16504.5,16454,120.527
52.53,16800,16505,16454.2,294.956
52.54,16700,16505.6,16454.4,194.379
52.55,15825,16506.2,16454.6,-681.203
52.56,16525,16506.8,16454.8,18.2084
52.57,15475,16507.4,16455,-1032.39
52.58,17800,16508,16455.2,1292.01
52.59,16950,16508.6,16455.4,441.408
52.6,16475,16509.2,16455.6,-34.2048
52.61,16275,16509.8,16455.8,-234.824
52.62,16275,16510.4,16456,-235.449
52.63,17500,16511.1,16456.3,988.919
52.64,17400,16511.7,16456.5,888.28
52.65,16725,16512.4,16456.7,212.635
52.66,16225,16513,16456.9,-288.018
52.67,15800,16513.7,16457.1,-713.678
52.68,16200,16514.3,16457.3,-314.345
52.69,16725,16515,16457.5,209.981
52.7,17100,16515.7,16457.7,584.299
52.71,17450,16516.4,16457.9,933.61
52.72,17000,16517.1,16458.1,482.913
52.73,16025,16517.8,16458.4,-492.793
52.74,17225,16518.5,16458.6,706.494
52.75,17125,16519.2,16458.8,605.772
52.76,16875,16520,16459,355.042
52.77,16675,16520.7,16459.2,154.303
52.78,17575,16521.4,16459.4,1053.55
52.79,17075,16522.2,16459.6,552.798
52.8,17375,16523,16459.8,852.032
52.81,16800,16523.7,16460,276.256
52.82,15675,16524.5,16460.2,-849.529
52.83,16950,16525.3,16460.4,424.675
52.84,17225,16526.1,16460.7,698.87
52.85,16900,16526.9,16460.9,373.054
52.86,17150,16527.8,16461.1,622.228
52.87,17125,16528.6,16461.3,596.39
52.88,16650,16529.5,16461.5,120.542
52.89,16500,16530.3,16461.7,-30.3182
52.9,16650,16531.2,16461.9,118.81
52.91,17025,16532.1,16462.1,492.926
52.92,17825,16533,16462.3,1292.03
52.93,17700,16533.9,16462.5,1166.12
52.94,16850,16534.8,16462.8,315.197
52.95,17625,16535.7,16463,1089.26
52.96,16100,16536.7,16463.2,-436.689
52.97,17350,16537.7,16463.4,812.346
52.98,16975,16538.6,16463.6,436.366
52.99,17575,16539.6,16463.8,1035.37
53,16725,16540.6,16464,184.36
53.01,17775,16541.7,16464.2,1233.33
53.02,16250,16542.7,16464.4,-292.714
53.03,16300,16543.8,16464.6,-243.778
53.04,16750,16544.9,16464.9,205.14
53.05,16500,16546,16465.1,-45.9621
53.06,17025,16547.1,16465.3,477.915
53.07,17425,16548.2,16465.5,876.772
53.08,17325,16549.4,16465.7,775.605
53.09,16575,16550.6,16465.9,24.4158
53.1,16400,16551.8,16466.1,-151.799
53.11,16400,16553,16466.3,-153.039
53.12,17550,16554.3,16466.5,995.694
53.13,17350,16555.6,16466.8,794.397
53.14,16675,16556.9,16467,118.07
53.15,16075,16558.3,16467.2,-483.289
53.16,16775,16559.7,16467.4,215.318
53.17,16500,16561.1,16467.6,-61.1109
53.18,16800,16562.6,16467.8,237.421
53.19,17350,16564.1,16468,785.913
53.2,17325,16565.6,16468.2,759.361
53.21,17475,16567.2,16468.4,907.763
53.22,16125,16568.9,16468.6,-443.885
53.23,16800,16570.6,16468.9,229.414
53.24,17475,16572.3,16469.1,902.657
53.25,16575,16574.2,16469.3,0.839862
53.26,15125,16576,16469.5,-1451.04
53.27,16175,16578,16469.7,-402.994
53.28,17000,16580,16469.9,419.981
53.29,16700,16582.1,16470.1,117.875
53.3,17400,16584.3,16470.3,815.684
53.31,17900,16586.6,16470.5,1313.4
53.32,17525,16589,16470.8,936.02
53.33,16800,16591.5,16471,208.533
53.34,17175,16594.1,16471.2,580.932
53.35,16350,16596.8,16471.4,-246.791
53.36,16750,16599.6,16471.6,150.354
53.37,17900,16602.6,16471.8,1297.36
53.38,17325,16605.8,16472,719.212
53.39,17000,16609.1,16472.2,390.903
53.4,17000,16612.6,16472.4,387.419
53.41,16675,16616.3,16472.6,58.7473
53.42,16600,16620.1,16472.9,-20.1249
53.43,16500,16624.2,16473.1,-124.213
53.44,16650,16628.5,16473.3,21.4689
53.45,17750,16633.1,16473.5,1116.9
53.46,18075,16637.9,16473.7,1437.07
53.47,16875,16643,16473.9,231.958
53.48,17225,16648.5,16474.1,576.54
53.49,16900,16654.2,16474.3,245.799
53.5,17400,16660.3,16474.5,739.712
53.51,17375,16666.7,16474.8,708.256
53.52,16775,16673.6,16475,101.406
53.53,16125,16680.9,16475.2,-555.863
53.54,17725,16688.6,16475.4,1036.42
53.55,16200,16696.8,16475.6,-496.768
53.56,17425,16705.5,16475.8,719.538
53.57,15400,16714.7,16476,-1314.69
53.58,16250,16724.5,16476.2,-474.49
53.59,16500,16734.9,16476.4,-234.889
53.6,18000,16745.9,16476.7,1254.07
53.61,16575,16757.6,16476.9,-182.636
53.62,17900,16770.1,16477.1,1129.94
53.63,16475,16783.2,16477.3,-308.231
53.64,18475,16797.2,16477.5,1677.8
53.65,17350,16812,16477.7,538.004
53.66,16875,16827.7,16477.9,47.3282
53.67,17125,16844.3,16478.1,280.73
53.68,17500,16861.8,16478.3,638.166
53.69,17275,16880.4,16478.5,394.587
53.7,16900,16900.1,16478.8,-0.0530712
53.71,17425,16920.8,16479,504.197
53.72,16525,16942.7,16479.2,-417.712
53.73,15175,16965.8,16479.4,-1790.83
53.74,16875,16990.2,16479.6,-115.208
53.75,16200,17015.9,16479.8,-815.896
53.76,16725,17042.9,16480,-317.946
53.77,16250,17071.4,16480.2,-821.408
53.78,16450,17101.3,16480.4,-651.335
53.79,15800,17132.8,16480.7,-1332.78
53.8,16425,17165.8,16480.9,-740.782
53.81,16875,17200.4,16481.1,-325.402
53.82,17875,17236.7,16481.3,638.313
53.83,16775,17274.7,16481.5,-499.682
53.84,17000,17314.4,16481.7,-314.434
53.85,15850,17356,16481.9,-1505.99
53.86,17775,17399.4,16482.1,375.613
53.87,17375,17444.7,16482.3,-69.6713
53.88,16250,17491.9,16482.6,-1241.88
53.89,16725,17541,16482.8,-816.045
53.9,17025,17592.2,16483,-567.202
53.91,17600,17645.4,16483.2,-45.3791
53.92,16600,17700.6,16483.4,-1100.6
53.93,16625,17757.9,16483.6,-1132.89
53.94,15900,17817.3,16483.8,-1917.27
53.95,17575,17878.7,16484,-303.746
53.96,17400,17942.3,16484.2,-542.328
53.97,17900,18008,16484.4,-108.021
53.98,17150,18075.8,16484.7,-925.823
53.99,16350,18145.7,16484.9,-1795.73
54,16875,18217.7,16485.1,-1342.72
54.01,17050,18291.8,16485.3,-1241.78
54.02,17025,18367.9,16485.5,-1342.88
54.03,18275,18446,16485.7,-171
54.04,16775,18526.1,16485.9,-1751.09
54.05,17825,18608.1,16486.1,-783.108
54.06,18675,18692,16486.3,-17.0011
54.07,18400,18777.7,16486.6,-377.709
54.08,17550,18865.2,16486.8,-1315.17
54.09,17750,18954.3,16487,-1204.29
54.1,18425,19045,16487.2,-620.014
54.11,17550,19137.2,16487.4,-1587.24
54.12,18350,19230.9,16487.6,-880.858
54.13,19550,19325.8,16487.8,224.221
54.14,18900,19421.9,16488,-521.882
54.15,17975,19519,16488.2,-1544.05
54.16,18475,19617.1,16488.4,-1142.15
54.17,18300,19716,16488.7,-1416.04
54.18,18600,19815.6,16488.9,-1215.59
54.19,19150,19915.6,16489.1,-765.642
54.2,19275,20016,16489.3,-741.031
54.21,19250,20116.6,16489.5,-866.596
54.22,18750,20217.2,16489.7,-1467.16
54.23,19350,20317.6,16489.9,-967.55
54.24,19925,20417.6,16490.1,-492.573
54.25,20500,20517,16490.3,-17.0386
54.26,19850,20615.7,16490.5,-765.748
54.27,21600,20713.5,16490.8,886.501
54.28,21400,20810.1,16491,589.918
54.29,20900,20905.3,16491.2,-5.28437
54.3,21475,20998.9,16491.4,476.109
54.31,21525,21090.7,16491.6,434.318
54.32,22025,21180.4,16491.8,844.564
54.33,24175,21267.9,16492,2907.07
54.34,23775,21352.9,16492.2,2422.06
54.35,24425,21435.2,16492.4,2989.75
54.36,25250,21514.6,16492.6,3735.37
54.37,25950,21590.9,16492.9,4359.13
54.38,26850,21663.7,16493.1,5186.26
54.39,26650,21733.1,16493.3,4916.95
54.4,25300,21798.6,16493.5,3501.41
54.41,26375,21860.2,16493.7,4514.83
54.42,27775,21917.6,16493.9,5857.41
54.43,26875,21970.7,16494.1,4904.31
54.44,26475,22019.3,16494.3,4455.71
54.45,25325,22063.3,16494.5,3261.75
54.46,25075,22102.4,16494.7,2972.56
54.47,23500,22136.7,16494.9,1363.28
54.48,24050,22166,16495.2,1884
54.49,24950,22190.2,16495.4,2759.83
54.5,25025,22209.2,16495.6,2815.82
54.51,24000,22223,16495.8,1777.04
54.52,23175,22231.5,16496,943.533
54.53,24450,22234.7,16496.2,2215.31
54.54,24475,22232.6,16496.4,2242.37
54.55,22750,22225.3,16496.6,524.708
54.56,22250,22212.7,16496.8,37.2847
54.57,21725,22194.9,16497,-469.948
54.58,21375,22172.1,16497.3,-797.055
54.59,21600,22144.1,16497.5,-544.122
54.6,21025,22111.2,16497.7,-1086.24
54.61,21725,22073.5,16497.9,-348.531
54.62,21275,22031.1,16498.1,-756.113
54.63,20600,21984.1,16498.3,-1384.13
54.64,20650,21932.7,16498.5,-1282.72
54.65,19450,21877.1,16498.7,-2427.06
54.66,18675,21817.3,16498.9,-3142.31
54.67,19450,21753.7,16499.1,-2303.66
54.68,19800,21686.3,16499.3,-1886.3
54.69,18600,21615.4,16499.6,-3015.42
54.7,18625,21541.2,16499.8,-2916.21
54.71,18475,21463.9,16500,-2988.9
54.72,19050,21383.7,16500.2,-2333.69
54.73,19275,21300.8,16500.4,-2025.79
54.74,18075,21215.4,16500.6,-3140.42
54.75,18750,21127.8,16500.8,-2377.8
54.76,17725,21038.1,16501,-3313.14
54.77,17875,20946.7,16501.2,-3071.66
54.78,18375,20853.6,16501.4,-2478.57
54.79,17175,20759.1,16501.6,-3584.1
54.8,18200,20663.4,16501.8,-2463.44
54.81,17725,20566.8,16502.1,-2841.8
54.82,17300,20469.4,16502.3,-3169.39
54.83,17575,20371.4,16502.5,-2796.4
54.84,17400,20273,16502.7,-2873.03
54.85,17100,20174.5,16502.9,-3074.46
54.86,17725,20075.9,16503.1,-2350.88
54.87,17425,19977.5,16503.3,-2552.45
54.88,17050,19879.4,16503.5,-2829.35
54.89,18050,19781.7,16503.7,-1731.74
54.9,17575,19684.8,16503.9,-2109.77
54.91,17400,19588.6,16504.1,-2188.58
54.92,17525,19493.3,16504.3,-1968.33
54.93,16175,19399.1,16504.6,-3224.13
54.94,17550,19306.1,16504.8,-1756.12
54.95,18750,19214.4,16505,-464.414
54.96,17425,19124.1,16505.2,-1699.12
54.97,17550,19035.3,16505.4,-1485.34
54.98,17800,18948.2,16505.6,-1148.17
54.99,17075,18862.7,16505.8,-1787.7
55,18525,18779,16506,-254.007
55.01,18375,18697.2,16506.2,-322.165
55.02,17050,18617.2,16506.4,-1567.24
55.03,18300,18539.3,16506.6,-239.291
55.04,17075,18463.4,16506.8,-1388.37
55.05,17425,18389.5,16507,-964.527
55.06,16100,18317.8,16507.3,-2217.8
55.07,17975,18248.2,16507.5,-273.218
55.08,17050,18180.8,16507.7,-1130.81
55.09,16275,18115.6,16507.9,-1840.61
55.1,16925,18052.6,16508.1,-1127.62
55.11,16775,17991.9,16508.3,-1216.86
55.12,17150,17933.3,16508.5,-783.337
55.13,16050,17877,16508.7,-1827.05
55.14,16700,17823,16508.9,-1123
55.15,16975,17771.2,16509.1,-796.18
55.16,16650,17721.6,16509.3,-1071.58
55.17,17600,17674.2,16509.5,-74.1953
55.18,16600,17629,16509.7,-1029
55.19,17825,17586,16509.9,239.016
55.2,17775,17545.1,16510.2,229.878
55.21,16725,17506.4,16510.4,-781.392
55.22,17850,17469.8,16510.6,380.23
55.23,17325,17435.2,16510.8,-110.228
55.24,16625,17402.7,16511,-777.739
55.25,17950,17372.3,16511.2,577.726
55.26,16750,17343.8,16511.4,-593.802
55.27,17650,17317.3,16511.6,332.707
55.28,15875,17292.7,16511.8,-1417.71
55.29,16700,17270,16512,-570.034
55.3,17275,17249.2,16512.2,25.7786
55.31,17800,17230.2,16512.4,569.757
55.32,17125,17213.1,16512.6,-88.0681
55.33,16975,17197.7,16512.8,-222.664
55.34,17400,17184,16513,216
55.35,17725,17172,16513.2,552.955
55.36,17625,17161.8,16513.5,463.232
55.37,17125,17153.1,16513.7,-28.1403
55.38,17275,17146.1,16513.9,128.867
55.39,16975,17140.7,16514.1,-165.717
55.4,17050,17136.9,16514.3,-86.8662
55.41,17300,17134.6,16514.5,165.447
55.42,16525,17133.8,16514.7,-608.752
55.43,17525,17134.4,16514.9,390.562
55.44,17450,17136.6,16515.1,313.414
55.45,17175,17140.2,16515.3,34.8256
55.46,17275,17145.2,16515.5,129.822
55.47,16900,17151.6,16515.7,-251.577
55.48,17700,17159.3,16515.9,540.653
55.49,17350,17168.5,16516.1,181.531
55.5,18400,17178.9,16516.3,1221.08
55.51,17375,17190.7,16516.5,184.318
55.52,19100,17203.7,16516.7,1896.27
55.53,18225,17218.1,16516.9,1006.95
55.54,17175,17233.6,16517.2,-58.6221
55.55,16850,17250.4,16517.4,-400.419
55.56,18475,17268.4,16517.6,1206.58
55.57,18350,17287.6,16517.8,1062.38
55.58,17625,17308,16518,317.027
55.59,18275,17329.5,16518.2,945.527
55.6,18175,17352.1,16518.4,822.908
55.61,17825,17375.8,16518.6,449.191
55.62,18725,17400.6,16518.8,1324.4
55.63,18950,17426.4,16519,1523.57
55.64,18125,17453.3,16519.2,671.717
55.65,18875,17481.1,16519.4,1393.87
55.66,18225,17509.9,16519.6,715.071
55.67,19150,17539.7,16519.8,1610.34
55.68,19675,17570.3,16520,2104.71
55.69,18425,17601.8,16520.2,823.222
55.7,18875,17634.1,16520.4,1240.91
55.71,19900,17667.2,16520.6,2232.81
55.72,19575,17701,16520.8,1873.96
55.73,19550,17735.6,16521,1814.41
55.74,20325,17770.8,16521.2,2554.2
55.75,20550,17806.6,16521.4,2743.39
55.76,19900,17843,16521.7,2057
55.77,20825,17879.9,16521.9,2945.11
55.78,20575,17917.2,16522.1,2657.76
55.79,21025,17955,16522.3,3070
55.8,19525,17993.1,16522.5,1531.9
55.81,21000,18031.5,16522.7,2968.52
55.82,21275,18070.1,16522.9,3204.91
55.83,21650,18108.9,16523.1,3541.15
55.84,21250,18147.7,16523.3,3102.29
55.85,20650,18186.6,16523.5,2463.42
55.86,21625,18225.4,16523.7,3399.59
55.87,21025,18264.1,16523.9,2760.88
55.88,19775,18302.6,16524.1,1472.37
55.89,20525,18340.9,16524.3,2184.14
55.9,21075,18378.7,16524.5,2696.25
55.91,20225,18416.2,16524.7,1808.8
55.92,20975,18453.1,16524.9,2521.86
55.93,19650,18489.5,16525.1,1160.51
55.94,20925,18525.2,16525.3,2399.84
55.95,20250,18560.1,16525.5,1689.93
55.96,19675,18594.1,16525.7,1080.86
55.97,19800,18627.3,16525.9,1172.72
55.98,20225,18659.4,16526.1,1565.6
55.99,19900,18690.4,16526.3,1209.56
56,20025,18720.3,16526.5,1304.71
56.01,19600,18748.9,16526.7,851.112
56.02,18825,18776.1,16526.9,48.8504
56.03,18400,18802,16527.1,-401.997
56.04,18925,18826.4,16527.3,98.6417
56.05,17825,18849.2,16527.5,-1024.16
56.06,18075,18870.3,16527.7,-795.339
56.07,17700,18889.8,16527.9,-1189.83
56.08,18125,18907.6,16528.1,-782.57
56.09,17425,18923.5,16528.3,-1498.51
56.1,17775,18937.6,16528.5,-1162.6
56.11,17825,18949.8,16528.7,-1124.8
56.12,18250,18960.1,16528.9,-710.062
56.13,18325,18968.4,16529.1,-643.363
56.14,17325,18974.7,16529.3,-1649.68
56.15,17525,18979,16529.5,-1453.98
56.16,17500,18981.3,16529.7,-1481.26
56.17,17900,18981.5,16530,-1081.52
56.18,17125,18979.7,16530.2,-1854.74
56.19,17900,18975.9,16530.4,-1075.95
56.2,16700,18970.1,16530.6,-2270.14
56.21,18200,18962.3,16530.8,-762.35
56.22,17875,18952.6,16531,-1077.59
56.23,17550,18940.9,16531.2,-1390.89
56.24,17175,18927.3,16531.4,-1752.29
56.25,16800,18911.8,16531.6,-2111.83
56.26,17075,18894.6,16531.8,-1819.56
56.27,17350,18875.5,16532,-1525.53
56.28,17350,18854.8,16532.2,-1504.78
56.29,16950,18832.4,16532.4,-1882.39
56.3,16525,18808.4,16532.6,-2283.4
56.31,17875,18782.9,16532.8,-907.897
56.32,18400,18755.9,16533,-355.938
56.33,16925,18727.6,16533.2,-1802.6
56.34,15875,18697.9,16533.4,-2822.95
56.35,17175,18667.1,16533.6,-1492.07
56.36,17650,18635,16533.8,-985.027
56.37,18625,18601.9,16534,23.0894
56.38,17600,18567.8,16534.2,-967.796
56.39,17400,18532.8,16534.4,-1132.76
56.4,17150,18496.9,16534.6,-1346.89
56.41,17100,18460.3,16534.8,-1360.26
56.42,16725,18422.9,16535,-1697.95
56.43,16300,18385,16535.2,-2085.04
56.44,16700,18346.6,16535.4,-1646.6
56.45,16475,18307.7,16535.6,-1832.72
56.46,16975,18268.5,16535.7,-1293.47
56.47,16800,18228.9,16535.9,-1428.93
56.48,16250,18189.2,16536.1,-1939.16
56.49,16875,18149.2,16536.3,-1274.23
56.5,17075,18109.2,16536.5,-1034.22
56.51,16575,18069.2,16536.7,-1494.19
56.52,16750,18029.2,16536.9,-1279.21
56.53,16250,17989.3,16537.1,-1739.33
56.54,16300,17949.6,16537.3,-1649.61
56.55,16625,17910.1,16537.5,-1285.12
56.56,16000,17870.9,16537.7,-1870.91
56.57,15975,17832,16537.9,-1857.02
56.58,17025,17793.5,16538.1,-768.506
56.59,17050,17755.4,16538.3,-705.415
56.6,16750,17717.8,16538.5,-967.788
56.61,15875,17680.7,16538.7,-1805.67
56.62,16675,17644.1,16538.9,-969.088
56.63,18500,17608.1,16539.1,891.912
56.64,17350,17572.7,16539.3,-222.698
56.65,16900,17537.9,16539.5,-637.947
56.66,15925,17503.9,16539.7,-1578.86
56.67,16000,17470.5,16539.9,-1470.47
56.68,17075,17437.8,16540.1,-362.792
56.69,16875,17405.8,16540.3,-530.844
56.7,17400,17374.6,16540.5,25.3545
56.71,16875,17344.2,16540.7,-469.21
56.72,17125,17314.5,16540.9,-189.55
56.73,16325,17285.7,16541.1,-960.675
56.74,16550,17257.6,16541.3,-707.592
56.75,17150,17230.3,16541.5,-80.307
56.76,17975,17203.8,16541.7,771.176
56.77,15775,17178.1,16541.9,-1403.14
56.78,16750,17153.3,16542.1,-403.265
56.79,16575,17129.2,16542.3,-554.187
56.8,16325,17105.9,16542.5,-780.905
56.81,16225,17083.4,16542.7,-858.415
56.82,17525,17061.7,16542.9,463.292
56.83,17200,17040.8,16543.1,159.222
56.84,16750,17020.6,16543.2,-270.613
56.85,17275,17001.2,16543.4,273.796
56.86,16000,16982.5,16543.6,-982.539
56.87,17150,16964.6,16543.8,185.395
56.88,16350,16947.4,16544,-597.387
56.89,16700,16930.9,16544.2,-230.872
56.9,18050,16915,16544.4,1134.96
56.91,16600,16899.9,16544.6,-299.887
56.92,16875,16885.4,16544.8,-10.3839
56.93,18000,16871.5,16545,1128.48
56.94,17125,16858.3,16545.2,266.727
56.95,17175,16845.6,16545.4,329.371
56.96,16750,16833.6,16545.6,-83.5698
56.97,16575,16822.1,16545.8,-247.076
56.98,17350,16811.1,16546,538.87
56.99,17550,16800.7,16546.2,749.287
57,16850,16790.8,16546.4,59.1934
57.01,16325,16781.4,16546.6,-456.393
57.02,17275,16772.5,16546.8,502.547
57.03,16550,16764,16546.9,-213.969
57.04,16425,16755.9,16547.1,-330.923
57.05,17950,16748.3,16547.3,1201.7
57.06,17175,16741.1,16547.5,433.926
57.07,17500,16734.2,16547.7,765.762
57.08,16875,16727.8,16547.9,147.23
57.09,17275,16721.7,16548.1,553.344
57.1,16450,16715.9,16548.3,-265.878
57.11,16700,16710.4,16548.5,-10.4209
57.12,16950,16705.3,16548.7,244.73
57.13,16625,16700.4,16548.9,-75.4109
57.14,17750,16695.8,16549.1,1054.17
57.15,17825,16691.5,16549.3,1133.49
57.16,17350,16687.4,16549.5,662.56
57.17,16275,16683.6,16549.7,-408.608
57.18,16775,16680,16549.9,95
57.19,17375,16676.6,16550,698.395
57.2,17850,16673.4,16550.2,1176.59
57.21,17350,16670.4,16550.4,679.593
57.22,16875,16667.6,16550.6,207.417
57.23,17450,16664.9,16550.8,785.072
57.24,16650,16662.4,16551,-12.4339
57.25,15500,16660.1,16551.2,-1160.09
57.26,15725,16657.9,16551.4,-932.888
57.27,16975,16655.8,16551.6,319.18
57.28,17100,16653.9,16551.8,446.122
57.29,17625,16652.1,16552,972.945
57.3,17625,16650.3,16552.2,974.658
57.31,17175,16648.7,16552.3,526.266
57.32,17575,16647.2,16552.5,927.776
57.33,18175,16645.8,16552.7,1529.19
57.34,16875,16644.5,16552.9,230.524
57.35,15775,16643.2,16553.1,-868.226
57.36,16300,16642.1,16553.3,-342.052
57.37,17500,16640.9,16553.5,859.05
57.38,15800,16639.9,16553.7,-839.915
57.39,17050,16638.9,16553.9,411.058
57.4,17075,16638,16554.1,436.971
57.41,17125,16637.2,16554.3,487.83
57.42,16900,16636.4,16554.4,263.636
57.43,17100,16635.6,16554.6,464.394
57.44,15425,16634.9,16554.8,-1209.89
57.45,16600,16634.2,16555,-34.2246
57.46,17275,16633.6,16555.2,641.404
57.47,16700,16633,16555.4,66.9954
57.48,17125,16632.4,16555.6,492.551
57.49,17000,16631.9,16555.8,368.073
57.5,17150,16631.4,16556,518.563
57.51,15325,16631,16556.2,-1305.98
57.52,16275,16630.5,16556.3,-355.544
57.53,16700,16630.1,16556.5,69.8614
57.54,15975,16629.8,16556.7,-654.758
57.55,16625,16629.4,16556.9,-4.40179
57.56,18250,16629.1,16557.1,1620.93
57.57,16225,16628.8,16557.3,-403.756
57.58,16975,16628.5,16557.5,346.536
57.59,18050,16628.2,16557.7,1421.81
57.6,17875,16627.9,16557.9,1247.06
57.61,16925,16627.7,16558,297.295
57.62,17650,16627.5,16558.2,1022.51
57.63,18075,16627.3,16558.4,1447.71
57.64,16875,16627.1,16558.6,247.898
57.65,15925,16626.9,16558.8,-701.933
57.66,17300,16626.8,16559,673.221
57.67,17900,16626.6,16559.2,1273.36
57.68,16525,16626.5,16559.4,-101.516
57.69,17325,16626.4,16559.5,698.595
57.7,16700,16626.3,16559.7,73.6908
57.71,16675,16626.2,16559.9,48.7733
57.72,16175,16626.2,16560.1,-451.158
57.73,16525,16626.1,16560.3,-101.102
57.74,16775,16626.1,16560.5,148.94
57.75,17525,16626,16560.7,898.968
57.76,16800,16626,16560.9,173.983
57.77,15875,16626,16561,-751.015
57.78,15825,16626,16561.2,-801.027
57.79,16550,16626.1,16561.4,-76.0532
57.8,16850,16626.1,16561.6,223.907
57.81,17100,16626.1,16561.8,473.853
57.82,16075,16626.2,16562,-551.215
57.83,17175,16626.3,16562.2,548.701
57.84,17750,16626.4,16562.4,1123.6
57.85,17500,16626.5,16562.5,873.489
57.86,16600,16626.6,16562.7,-26.6418
57.87,16225,16626.8,16562.9,-401.789
57.88,15775,16627,16563.1,-851.953
57.89,17775,16627.1,16563.3,1147.87
57.9,16025,16627.3,16563.5,-602.336
57.91,16975,16627.6,16563.7,347.444
57.92,16400,16627.8,16563.8,-227.796
57.93,15375,16628.1,16564,-1253.06
57.94,15775,16628.3,16564.2,-853.34
57.95,16400,16628.6,16564.4,-228.647
57.96,16550,16629,16564.6,-78.9777
57.97,17650,16629.3,16564.8,1020.67
57.98,16800,16629.7,16564.9,170.283
57.99,16950,16630.1,16565.1,319.872
58,16675,16630.6,16565.3,44.4315
58.01,17450,16631,16565.5,818.96
58.02,16525,16631.5,16565.7,-106.545
58.03,17650,16632.1,16565.9,1017.92
58.04,15675,16632.7,16566,-957.659
58.05,16100,16633.3,16566.2,-533.273
58.06,16100,16633.9,16566.4,-533.928
58.07,17775,16634.6,16566.6,1140.38
58.08,16225,16635.4,16566.8,-410.366
58.09,16750,16636.2,16567,113.844
58.1,16000,16637,16567.2,-636.995
58.11,17375,16637.9,16567.3,737.114
58.12,17050,16638.8,16567.5,411.166
58.13,16975,16639.8,16567.7,335.161
58.14,16900,16640.9,16567.9,259.094
58.15,18000,16642,16568.1,1357.96
58.16,17525,16643.2,16568.2,881.763
58.17,16550,16644.5,16568.4,-94.5077
58.18,16725,16645.9,16568.6,79.1464
58.19,17750,16647.3,16568.8,1102.72
58.2,16875,16648.8,16569,226.215
58.21,16725,16650.4,16569.2,74.6207
58.22,16525,16652.1,16569.3,-127.064
58.23,17200,16653.8,16569.5,546.156
58.24,16425,16655.7,16569.7,-230.723
58.25,17050,16657.7,16569.9,392.294
58.26,17275,16659.8,16570.1,615.202
58.27,17325,16662,16570.2,662.996
58.28,16350,16664.3,16570.4,-314.327
58.29,17525,16666.8,16570.6,858.226
58.3,18350,16669.3,16570.8,1680.65
58.31,17125,16672.1,16571,452.941
58.32,16875,16674.9,16571.2,200.093
58.33,16350,16677.9,16571.3,-327.899
58.34,16750,16681,16571.5,68.9599
58.35,16700,16684.3,16571.7,15.6634
58.36,16425,16687.8,16571.9,-262.794
58.37,17125,16691.4,16572.1,433.584
58.38,17325,16695.2,16572.2,629.789
58.39,17850,16699.2,16572.4,1150.82
58.4,17100,16703.3,16572.6,396.664
58.41,17150,16707.7,16572.8,442.323
58.42,17100,16712.2,16573,387.788
58.43,16400,16716.9,16573.1,-316.945
58.44,18075,16721.9,16573.3,1353.12
58.45,17525,16727,16573.5,797.973
58.46,18125,16732.4,16573.7,1392.61
58.47,17200,16738,16573.9,462.036
58.48,16675,16743.8,16574,-68.7646
58.49,15700,16749.8,16574.2,-1049.79
58.5,16775,16756.1,16574.4,18.9474
58.51,17325,16762.5,16574.6,562.452
58.52,15900,16769.3,16574.7,-869.282
58.53,16025,16776.3,16574.9,-751.259
58.54,15625,16783.5,16575.1,-1158.48
58.55,16775,16791,16575.3,-15.9517
58.56,17650,16798.7,16575.5,851.328
58.57,16425,16806.6,16575.6,-381.645
58.58,18000,16814.9,16575.8,1185.13
58.59,15775,16823.4,16576,-1048.35
58.6,16950,16832.1,16576.2,117.912
58.61,16575,16841.1,16576.3,-266.079
58.62,16725,16850.3,16576.5,-125.325
58.63,17725,16859.8,16576.7,865.177
58.64,16700,16869.6,16576.9,-169.573
58.65,18075,16879.6,16577.1,1195.43
58.66,16575,16889.8,16577.2,-314.819
58.67,16200,16900.3,16577.4,-700.308
58.68,16675,16911,16577.6,-236.036
58.69,16850,16922,16577.8,-71.998
58.7,16275,16933.2,16577.9,-658.188
58.71,17000,16944.6,16578.1,55.3994
58.72,17175,16956.2,16578.3,218.772
58.73,16950,16968.1,16578.5,-18.0632
58.74,16850,16980.1,16578.6,-130.098
58.75,16125,16992.3,16578.8,-867.322
58.76,17200,17004.7,16579,195.274
58.77,17450,17017.3,16579.2,432.7
58.78,16400,17030,16579.3,-630.032
58.79,17075,17042.9,16579.5,32.0902
58.8,16400,17055.9,16579.7,-655.921
58.81,16650,17069.1,16579.9,-419.051
58.82,17025,17082.3,16580,-57.286
58.83,16925,17095.6,16580.2,-170.611
58.84,16725,17109,16580.4,-384.01
58.85,16150,17122.5,16580.6,-972.466
58.86,17475,17136,16580.7,339.038
58.87,18125,17149.5,16580.9,975.519
58.88,18525,17163,16581.1,1362
58.89,17625,17176.5,16581.3,448.491
58.9,17075,17190,16581.4,-114.979
58.91,16675,17203.4,16581.6,-528.392
58.92,16900,17216.7,16581.8,-316.729
58.93,17550,17230,16582,320.034
58.94,16700,17243.1,16582.1,-543.083
58.95,17525,17256.1,16582.3,268.944
58.96,16525,17268.9,16582.5,-743.862
58.97,16750,17281.5,16582.7,-531.479
58.98,17350,17293.9,16582.8,56.118
58.99,16750,17306,16583,-556.049
59,16225,17318,16583.2,-1092.95
59.01,18375,17329.6,16583.3,1045.43
59.02,17650,17340.9,16583.5,309.113
59.03,18050,17351.9,16583.7,698.134
59.04,17750,17362.5,16583.9,387.51
59.05,16700,17372.7,16584,-672.734
59.06,18700,17382.6,16584.2,1317.43
59.07,18325,17392,16584.4,933.008
59.08,17775,17401,16584.5,374.038
59.09,16875,17409.5,16584.7,-534.464
59.1,17925,17417.5,16584.9,507.521
59.11,17875,17425,16585.1,450.014
59.12,17225,17432,16585.2,-206.968
59.13,16950,17438.4,16585.4,-488.408
59.14,18600,17444.3,16585.6,1155.71
59.15,16700,17449.6,16585.7,-749.598
59.16,17525,17454.3,16585.9,70.6782
59.17,17075,17458.4,16586.1,-383.448
59.18,17450,17462,16586.3,-11.9677
59.19,17525,17464.9,16586.4,60.128
59.2,18675,17467.2,16586.6,1207.85
59.21,18500,17468.8,16586.8,1031.19
59.22,17425,17469.8,16586.9,-44.8368
59.23,18500,17470.2,16587.1,1029.77
59.24,17275,17470,16587.3,-194.996
59.25,16775,17469.1,16587.4,-694.131
59.26,17550,17467.6,16587.6,82.3596
59.27,18050,17465.5,16587.8,584.47
59.28,17450,17462.8,16588,-12.8068
59.29,18125,17459.5,16588.1,665.521
59.3,17475,17455.6,16588.3,19.4438
59.31,17400,17451.1,16588.5,-51.0502
59.32,18050,17446,16588.6,604.026
59.33,16300,17440.3,16588.8,-1140.34
59.34,17375,17434.2,16589,-59.1667
59.35,17225,17427.5,16589.1,-202.468
59.36,17100,17420.3,16589.3,-320.262
59.37,17300,17412.6,16589.5,-112.567
59.38,17750,17404.4,16589.6,345.598
59.39,17875,17395.8,16589.8,479.212
59.4,18325,17386.7,16590,938.255
59.41,16650,17377.3,16590.1,-727.295
59.42,17525,17367.5,16590.3,157.54
59.43,17825,17357.3,16590.5,467.738
59.44,17575,17346.7,16590.6,228.275
59.45,16700,17335.9,16590.8,-635.87
59.46,17225,17324.7,16591,-99.7214
59.47,17300,17313.3,16591.1,-13.3025
59.48,16950,17301.6,16591.3,-351.636
59.49,16725,17289.7,16591.5,-564.747
59.5,16950,17277.7,16591.6,-327.656
59.51,17100,17265.4,16591.8,-165.389
59.52,17700,17253,16592,447.034
59.53,18125,17240.4,16592.1,884.59
59.54,17375,17227.7,16592.3,147.255
59.55,16675,17215,16592.5,-539.99
59.56,15825,17202.2,16592.6,-1377.17
59.57,17000,17189.3,16592.8,-189.299
59.58,17425,17176.4,16593,248.597
59.59,17100,17163.5,16593.1,-63.5001
59.6,16500,17150.6,16593.3,-650.609
59.61,16400,17137.7,16593.5,-737.747
59.62,16650,17124.9,16593.6,-474.933
59.63,16075,17112.2,16593.8,-1037.18
59.64,17375,17099.5,16594,275.485
59.65,16700,17086.9,16594.1,-386.942
59.66,17325,17074.5,16594.3,250.519
59.67,16925,17062.1,16594.4,-137.145
59.68,17600,17049.9,16594.6,550.053
59.69,16925,17037.9,16594.8,-112.901
59.7,16525,17026,16594.9,-501.018
59.71,16325,17014.3,16595.1,-689.309
59.72,16425,17002.8,16595.3,-577.784
59.73,15975,16991.5,16595.4,-1016.45
59.74,16575,16980.3,16595.6,-405.326
59.75,17225,16969.4,16595.8,255.59
59.76,17375,16958.7,16595.9,416.288
59.77,17850,16948.2,16596.1,901.761
59.78,17225,16938,16596.2,287.002
59.79,18600,16928,16596.4,1672.01
59.8,17125,16918.2,16596.6,206.769
59.81,17075,16908.7,16596.7,166.287
59.82,17100,16899.4,16596.9,200.555
59.83,17500,16890.4,16597.1,609.572
59.84,15825,16881.7,16597.2,-1056.66
59.85,17875,16873.2,16597.4,1001.84
59.86,17150,16864.9,16597.5,285.093
59.87,17275,16856.9,16597.7,418.087
59.88,16950,16849.2,16597.9,100.823
59.89,16400,16841.7,16598,-441.698
59.9,17650,16834.5,16598.2,815.525
59.91,16100,16827.5,16598.3,-727.506
59.92,17200,16820.8,16598.5,379.208
59.93,17025,16814.3,16598.7,210.672
59.94,16050,16808.1,16598.8,-758.114
59.95,16550,16802.1,16599,-252.145
59.96,17325,16796.4,16599.1,528.579
59.97,16675,16790.9,16599.3,-115.936
59.98,17350,16785.7,16599.5,564.312
59.99,16625,16780.7,16599.6,-155.673
60,16625,16775.9,16599.8,-150.888
60.01,17425,16771.3,16599.9,653.672
60.02,16100,16767,16600.1,-666.989
60.03,17100,16762.9,16600.3,337.133
60.04,17200,16759,16600.4,441.043
60.05,16350,16755.3,16600.6,-405.256
60.06,16950,16751.8,16600.7,198.241
60.07,17100,16748.5,16600.9,351.539
60.08,17425,16745.4,16601.1,679.642
60.09,17650,16742.4,16601.2,907.554
60.1,16300,16739.7,16601.4,-439.721
60.11,16225,16737.2,16601.5,-512.177
60.12,17100,16734.8,16601.7,365.189
60.13,16475,16732.6,16601.8,-257.62
60.14,16575,16730.6,16602,-155.598
60.15,17225,16728.7,16602.2,496.259
60.16,17050,16727,16602.3,322.952
60.17,18325,16725.5,16602.5,1599.49
60.18,17150,16724.1,16602.6,425.867
60.19,18275,16722.9,16602.8,1552.09
60.2,17225,16721.8,16602.9,503.171
60.21,16400,16720.9,16603.1,-320.898
60.22,17775,16720.1,16603.3,1054.89
60.23,17850,16719.5,16603.4,1130.53
60.24,17475,16719,16603.6,756.038
60.25,17400,16718.6,16603.7,681.405
60.26,16300,16718.4,16603.9,-418.365
60.27,16275,16718.3,16604,-443.271
60.28,17050,16718.3,16604.2,331.688
60.29,17900,16718.5,16604.4,1181.51
60.3,17000,16718.8,16604.5,281.205
60.31,17225,16719.2,16604.7,505.763
60.32,16100,16719.8,16604.8,-619.813
60.33,16425,16720.5,16605,-295.524
60.34,16500,16721.4,16605.1,-221.371
60.35,16800,16722.4,16605.3,77.6457
60.36,17525,16723.5,16605.4,801.524
60.37,16150,16724.7,16605.6,-574.738
60.38,15825,16726.1,16605.7,-901.143
60.39,17050,16727.7,16605.9,322.308
60.4,16675,16729.4,16606.1,-54.39
60.41,16250,16731.2,16606.2,-481.239
60.42,17800,16733.2,16606.4,1066.76
60.43,16800,16735.4,16606.5,64.5954
60.44,17200,16737.7,16606.7,462.27
60.45,16425,16740.2,16606.8,-315.222
60.46,17725,16742.9,16607,982.114
60.47,16750,16745.7,16607.1,4.2719
60.48,17375,16748.8,16607.3,626.247
60.49,16850,16752,16607.4,98.034
60.5,17750,16755.4,16607.6,994.626
60.51,18275,16759,16607.7,1516.02
60.52,17550,16762.8,16607.9,787.2
60.53,18125,16766.8,16608,1358.17
60.54,18175,16771.1,16608.2,1403.91
60.55,17025,16775.6,16608.4,249.432
60.56,16925,16780.3,16608.5,144.711
60.57,17475,16785.3,16608.7,689.746
60.58,17950,16790.5,16608.8,1159.53
60.59,17475,16796,16609,679.047
60.6,15975,16801.7,16609.1,-826.704
60.61,16275,16807.7,16609.3,-532.734
60.62,17125,16814.1,16609.4,310.948
60.63,17275,16820.7,16609.6,454.333
60.64,17425,16827.6,16609.7,597.412
60.65,18200,16834.8,16609.9,1365.17
60.66,16325,16842.4,16610,-517.387
60.67,17200,16850.3,16610.2,349.717
60.68,16900,16858.5,16610.3,41.4776
60.69,17425,16867.1,16610.5,557.885
60.7,16500,16876.1,16610.6,-376.07
60.71,17100,16885.4,16610.8,214.602
60.72,16300,16895.1,16610.9,-595.106
60.73,15875,16905.2,16611.1,-1030.2
60.74,16700,16915.7,16611.2,-215.703
60.75,16775,16926.6,16611.4,-151.609
60.76,16600,16937.9,16611.5,-337.932
60.77,16225,16949.7,16611.7,-724.68
60.78,16925,16961.9,16611.8,-36.8619
60.79,16200,16974.5,16612,-774.485
60.8,17775,16987.6,16612.1,787.443
60.81,17425,17001.1,16612.3,423.916
60.82,16500,17015.1,16612.4,-515.075
60.83,17350,17029.5,16612.6,320.466
60.84,16850,17044.5,16612.7,-194.468
60.85,15825,17059.9,16612.8,-1234.88
60.86,17375,17075.8,16613,299.217
60.87,18425,17092.2,16613.1,1332.83
60.88,17700,17109.1,16613.3,590.947
60.89,17000,17126.4,16613.4,-126.431
60.9,16950,17144.3,16613.6,-194.308
60.91,17325,17162.7,16613.7,162.316
60.92,17650,17181.6,16613.9,468.438
60.93,17000,17200.9,16614,-200.941
60.94,16700,17220.8,16614.2,-520.821
60.95,17075,17241.2,16614.3,-166.201
60.96,16875,17262.1,16614.5,-387.078
60.97,17375,17283.4,16614.6,91.5505
60.98,17625,17305.3,16614.8,319.688
60.99,17525,17327.7,16614.9,197.34
61,16125,17350.5,16615,-1225.49
61.01,17450,17373.8,16615.2,76.2076
61.02,17225,17397.6,16615.3,-172.562
61.03,16175,17421.8,16615.5,-1246.79
61.04,17725,17446.5,16615.6,278.532
61.05,16925,17471.6,16615.8,-546.586
61.06,18425,17497.1,16615.9,927.869
61.07,17075,17523.1,16616.1,-448.093
61.08,18225,17549.5,16616.2,675.542
61.09,19275,17576.2,16616.4,1698.79
61.1,18350,17603.3,16616.5,746.657
61.11,18150,17630.8,16616.6,519.167
61.12,19100,17658.7,16616.8,1441.33
61.13,18075,17686.8,16616.9,388.177
61.14,18650,17715.3,16617.1,934.711
61.15,17900,17744,16617.2,155.957
61.16,18600,17773.1,16617.4,826.934
61.17,17050,17802.3,16617.5,-752.337
61.18,18225,17831.8,16617.6,393.166
61.19,18225,17861.5,16617.8,363.464
61.2,18825,17891.4,16617.9,933.581
61.21,20525,17921.5,16618.1,2603.54
61.22,18825,17951.6,16618.2,873.363
61.23,19675,17981.9,16618.4,1693.08
61.24,19225,18012.3,16618.5,1212.71
61.25,19300,18042.7,16618.6,1257.28
61.26,20075,18073.2,16618.8,2001.82
61.27,18000,18103.6,16618.9,-103.647
61.28,18125,18134.1,16619.1,-9.09286
61.29,18600,18164.5,16619.2,435.508
61.3,19875,18194.8,16619.4,1680.18
61.31,18750,18225,16619.5,524.961
61.32,19225,18255.1,16619.6,969.866
61.33,17550,18285.1,16619.8,-735.074
61.34,19550,18314.8,16619.9,1235.17
61.35,18925,18344.4,16620.1,580.617
61.36,17800,18373.7,16620.2,-573.7
61.37,17725,18402.8,16620.3,-677.76
61.38,19375,18431.5,16620.5,943.462
61.39,18625,18460,16620.6,164.989
61.4,17425,18488.2,16620.8,-1063.16
61.41,18650,18516,16620.9,134.046
61.42,18000,18543.4,16621,-543.385
61.43,17325,18570.4,16621.2,-1245.43
61.44,18600,18597.1,16621.3,2.92564
61.45,18000,18623.3,16621.5,-623.302
61.46,18400,18649.1,16621.6,-249.1
61.47,17925,18674.5,16621.7,-749.458
61.48,17700,18699.4,16621.9,-999.368
61.49,17050,18723.8,16622,-1673.82
61.5,17550,18747.8,16622.2,-1197.81
61.51,18625,18771.3,16622.3,-146.346
61.52,17025,18794.4,16622.4,-1769.41
61.53,17400,18817,16622.6,-1417.02
61.54,16900,18839.2,16622.7,-1939.17
61.55,17925,18860.9,16622.8,-935.871
61.56,18300,18882.1,16623,-582.128
61.57,18575,18903,16623.1,-327.953
61.58,18200,18923.4,16623.3,-723.359
61.59,17025,18943.4,16623.4,-1918.36
61.6,16850,18963,16623.5,-2112.97
61.61,17450,18982.2,16623.7,-1532.21
61.62,17700,19001.1,16623.8,-1301.09
61.63,17325,19019.6,16623.9,-1694.64
61.64,18775,19037.9,16624.1,-262.876
61.65,17275,19055.8,16624.2,-1780.82
61.66,17950,19073.5,16624.4,-1123.5
61.67,17800,19090.9,16624.5,-1290.93
61.68,16800,19108.1,16624.6,-2308.15
61.69,17125,19125.2,16624.8,-2000.16
61.7,17900,19142,16624.9,-1242.01
61.71,17050,19158.7,16625,-2108.71
61.72,16425,19175.3,16625.2,-2750.28
61.73,18150,19191.8,16625.3,-1041.75
61.74,18175,19208.1,16625.4,-1033.15
61.75,18175,19224.5,16625.6,-1049.48
61.76,18500,19240.8,16625.7,-740.789
61.77,17900,19257.1,16625.8,-1357.08
61.78,18275,19273.4,16626,-998.369
61.79,19100,19289.7,16626.1,-189.682
61.8,17850,19306,16626.2,-1456.03
61.81,18150,19322.4,16626.4,-1172.43
61.82,18325,19338.9,16626.5,-1013.89
61.83,18325,19355.4,16626.7,-1030.42
61.84,19200,19372,16626.8,-172.024
61.85,18250,19388.7,16626.9,-1138.72
61.86,19300,19405.5,16627.1,-105.494
61.87,19200,19422.4,16627.2,-222.359
61.88,18275,19439.3,16627.3,-1164.31
61.89,19850,19456.3,16627.5,393.659
61.9,18075,19473.4,16627.6,-1398.45
61.91,17850,19490.6,16627.7,-1640.61
61.92,18250,19507.8,16627.9,-1257.83
61.93,18575,19525.1,16628,-950.089
61.94,19375,19542.4,16628.1,-167.363
61.95,19325,19559.6,16628.2,-234.635
61.96,17350,19576.9,16628.4,-2226.88
61.97,17750,19594.1,16628.5,-1844.08
61.98,19450,19611.2,16628.6,-161.19
61.99,19850,19628.2,16628.8,221.806
62,17925,19645.1,16628.9,-1720.05
62.01,19150,19661.7,16629,-511.731
62.02,18000,19678.2,16629.2,-1678.19
62.03,18300,19694.4,16629.3,-1394.39
62.04,19025,19710.3,16629.4,-685.288
62.05,17475,19725.8,16629.6,-2250.84
62.06,18300,19741,16629.7,-1441
62.07,18500,19755.7,16629.8,-1255.71
62.08,19275,19769.9,16630,-494.936
62.09,17600,19783.6,16630.1,-2183.62
62.1,17200,19796.7,16630.2,-2596.71
62.11,17850,19809.2,16630.3,-1959.15
62.12,18525,19820.9,16630.5,-1295.89
62.13,17625,19831.9,16630.6,-2206.88
62.14,17500,19842.1,16630.7,-2342.07
62.15,17950,19851.4,16630.9,-1901.39
62.16,16800,19859.8,16631,-3059.8
62.17,17450,19867.2,16631.1,-2417.25
62.18,17425,19873.7,16631.3,-2448.68
62.19,18150,19879,16631.4,-1729.04
62.2,17525,19883.3,16631.5,-2358.3
62.21,16500,19886.4,16631.6,-3386.39
62.22,16975,19888.3,16631.8,-2913.29
62.23,17800,19888.9,16631.9,-2088.94
62.24,18225,19888.3,16632,-1663.32
62.25,17825,19886.4,16632.2,-2061.38
62.26,16300,19883.1,16632.3,-3583.1
62.27,18125,19878.4,16632.4,-1753.44
62.28,17700,19872.4,16632.5,-2172.38
62.29,17150,19864.9,16632.7,-2714.91
62.3,16150,19856,16632.8,-3706
62.31,18300,19845.6,16632.9,-1545.64
62.32,17825,19833.8,16633,-2008.82
62.33,16575,19820.5,16633.2,-3245.55
62.34,16775,19805.8,16633.3,-3030.8
62.35,18350,19789.6,16633.4,-1439.6
62.36,16625,19771.9,16633.5,-3146.94
62.37,16675,19752.8,16633.7,-3077.84
62.38,16550,19732.3,16633.8,-3182.31
62.39,16875,19710.4,16633.9,-2835.37
62.4,16125,19687,16634.1,-3562.04
62.41,17000,19662.3,16634.2,-2662.34
62.42,17325,19636.3,16634.3,-2311.31
62.43,17650,19609,16634.4,-1958.97
62.44,16625,19580.4,16634.6,-2955.36
62.45,15900,19550.5,16634.7,-3650.52
62.46,16875,19519.5,16634.8,-2644.48
62.47,16725,19487.3,16634.9,-2762.29
62.48,16775,19454,16635.1,-2678.99
62.49,16625,19419.6,16635.2,-2794.63
62.5,16975,19384.3,16635.3,-2409.26
62.51,16075,19347.9,16635.4,-3272.93
62.52,15725,19310.7,16635.6,-3585.68
62.53,16225,19272.6,16635.7,-3047.57
62.54,16350,19233.7,16635.8,-2883.66
62.55,16425,19194,16635.9,-2769
62.56,16975,19153.6,16636.1,-2178.64
62.57,18300,19112.6,16636.2,-812.638
62.58,17775,19071.1,16636.3,-1296.05
62.59,16975,19028.9,16636.4,-2053.94
62.6,17075,18986.4,16636.5,-1911.36
62.61,16075,18943.4,16636.7,-2868.36
62.62,17075,18900,16636.8,-1825
62.63,16100,18856.3,16636.9,-2756.33
62.64,16950,18812.4,16637,-1862.41
62.65,17275,18768.3,16637.2,-1493.3
62.66,16350,18724,16637.3,-2374.04
62.67,17475,18679.7,16637.4,-1204.68
62.68,16800,18635.3,16637.5,-1835.29
62.69,17325,18590.9,16637.6,-1265.9
62.7,17700,18546.6,16637.8,-846.569
62.71,16250,18502.3,16637.9,-2252.34
62.72,16575,18458.3,16638,-1883.26
62.73,16500,18414.4,16638.1,-1914.37
62.74,16175,18370.7,16638.3,-2195.71
62.75,16575,18327.3,16638.4,-1752.34
62.76,16425,18284.3,16638.5,-1859.27
62.77,17200,18241.6,16638.6,-1041.56
62.78,16800,18199.2,16638.7,-1399.24
62.79,17200,18157.3,16638.9,-957.343
62.8,16425,18115.9,16639,-1690.9
62.81,17150,18074.9,16639.1,-924.948
62.82,17725,18034.5,16639.2,-309.511
62.83,15925,17994.6,16639.3,-2069.62
62.84,16850,17955.3,16639.5,-1105.3
62.85,16575,17916.6,16639.6,-1341.57
62.86,17275,17878.5,16639.7,-603.454
62.87,17650,17841,16639.8,-190.978
62.88,16775,17804.2,16639.9,-1029.16
62.89,16475,17768,16640.1,-1293.01
62.9,16450,17732.6,16640.2,-1282.55
62.91,15375,17697.8,16640.3,-2322.8
62.92,17175,17663.8,16640.4,-488.753
62.93,15925,17630.4,16640.5,-1705.44
62.94,16075,17597.9,16640.6,-1522.85
62.95,16450,17566,16640.8,-1116.01
62.96,18000,17534.9,16640.9,465.084
62.97,16975,17504.6,16641,-529.574
62.98,15625,17475,16641.1,-1849.99
62.99,16775,17446.2,16641.2,-671.158
63,17450,17418.1,16641.4,31.9127
63.01,16800,17390.8,16641.5,-590.774
63.02,16325,17364.2,16641.6,-1039.22
63.03,16900,17338.4,16641.7,-438.409
63.04,17825,17313.4,16641.8,511.649
63.05,16575,17289,16641.9,-714.037
63.06,16775,17265.5,16642.1,-490.459
63.07,16950,17242.6,16642.2,-292.611
63.08,17275,17220.5,16642.3,54.5152
63.09,16100,17199.1,16642.4,-1099.07
63.1,17075,17178.4,16642.5,-103.362
63.11,17050,17158.3,16642.6,-108.346
63.12,16450,17139,16642.8,-689.011
63.13,16725,17120.3,16642.9,-395.348
63.14,16175,17102.3,16643,-927.343
63.15,16125,17085,16643.1,-959.984
63.16,16925,17068.3,16643.2,-143.258
63.17,16900,17052.2,16643.3,-152.151
63.18,17800,17036.6,16643.5,763.35
63.19,16475,17021.7,16643.6,-546.74
63.2,16700,17007.4,16643.7,-307.408
63.21,16350,16993.6,16643.8,-643.638
63.22,16025,16980.4,16643.9,-955.416
63.23,16425,16967.7,16644,-542.727
63.24,17125,16955.6,16644.1,169.444
63.25,16100,16943.9,16644.3,-843.888
63.26,17200,16932.7,16644.4,267.292
63.27,17125,16922,16644.5,202.999
63.28,17050,16911.8,16644.6,138.248
63.29,17025,16901.9,16644.7,123.054
63.3,17775,16892.6,16644.8,882.432
63.31,17150,16883.6,16644.9,266.396
63.32,17575,16875,16645.1,699.96
63.33,15800,16866.9,16645.2,-1066.86
63.34,15675,16859.1,16645.3,-1184.05
63.35,16175,16851.6,16645.4,-676.6
63.36,16600,16844.5,16645.5,-244.492
63.37,17950,16837.7,16645.6,1112.29
63.38,18525,16831.3,16645.7,1693.75
63.39,16525,16825.1,16645.8,-300.097
63.4,16175,16819.2,16646,-644.232
63.41,16250,16813.6,16646.1,-563.647
63.42,17025,16808.3,16646.2,216.67
63.43,17425,16803.3,16646.3,621.731
63.44,16900,16798.5,16646.4,101.547
63.45,17225,16793.9,16646.5,431.129
63.46,16425,16789.5,16646.6,-364.513
63.47,16675,16785.4,16646.7,-110.368
63.48,16975,16781.4,16646.8,193.574
63.49,16850,16777.7,16647,72.3211
63.5,16775,16774.1,16647.1,0.883929
63.51,16800,16770.7,16647.2,29.271
63.52,17400,16767.5,16647.3,632.491
63.53,16175,16764.4,16647.4,-589.448
63.54,16225,16761.5,16647.5,-536.539
63.55,16250,16758.8,16647.6,-508.772
63.56,17025,16756.1,16647.7,268.858
63.57,17725,16753.6,16647.8,971.358
63.58,17800,16751.3,16648,1048.74
63.59,16275,16749,16648.1,-474.001
63.6,16275,16746.8,16648.2,-471.849
63.61,16875,16744.8,16648.3,130.199
63.62,16875,16742.9,16648.4,132.148
63.63,16750,16741,16648.5,9.0038
63.64,17575,16739.2,16648.6,835.771
63.65,16950,16737.5,16648.7,212.456
63.66,16875,16735.9,16648.8,139.061
63.67,17000,16734.4,16648.9,265.592
63.68,16600,16732.9,16649,-132.948
63.69,16400,16731.6,16649.2,-331.554
63.7,16800,16730.2,16649.3,69.7765
63.71,17225,16729,16649.4,496.048
63.72,15800,16727.7,16649.5,-927.736
63.73,16225,16726.6,16649.6,-501.574
63.74,15700,16725.5,16649.7,-1025.46
63.75,17600,16724.4,16649.8,875.605
63.76,17275,16723.4,16649.9,551.626
63.77,17100,16722.4,16650,377.605
63.78,17075,16721.5,16650.1,353.545
63.79,17400,16720.6,16650.2,679.447
63.8,16325,16719.7,16650.3,-394.686
63.81,17525,16718.9,16650.4,806.148
63.82,17025,16718.1,16650.6,306.95
63.83,16400,16717.3,16650.7,-317.278
63.84,16800,16716.5,16650.8,83.4661
63.85,16675,16715.8,16650.9,-40.8164
63.86,17725,16715.1,16651,1009.88
63.87,16950,16714.5,16651.1,235.544
63.88,16275,16713.8,16651.2,-438.81
63.89,16175,16713.2,16651.3,-538.186
63.9,17175,16712.6,16651.4,462.418
63.91,16250,16712,16651.5,-461.997
63.92,16025,16711.4,16651.6,-686.431
63.93,15600,16710.9,16651.7,-1110.88
63.94,16925,16710.3,16651.8,214.651
63.95,16300,16709.8,16651.9,-409.833
63.96,16050,16709.3,16652,-659.331
63.97,15875,16708.8,16652.1,-833.844
63.98,16175,16708.4,16652.2,-533.37
63.99,16500,16707.9,16652.3,-207.91
64,16950,16707.5,16652.5,242.538
64.01,17125,16707,16652.6,417.974
64.02,17650,16706.6,16652.7,943.399
64.03,17125,16706.2,16652.8,418.813
64.04,17750,16705.8,16652.9,1044.22
64.05,17275,16705.4,16653,569.608
64.06,16675,16705,16653.1,-30.009
64.07,17000,16704.6,16653.2,295.364
64.08,17925,16704.3,16653.3,1220.73
64.09,16550,16703.9,16653.4,-153.916
64.1,16950,16703.6,16653.5,246.431
64.11,17775,16703.2,16653.6,1071.77
64.12,17275,16702.9,16653.7,572.1
64.13,16425,16702.6,16653.8,-277.577
64.14,16950,16702.3,16653.9,247.738
64.15,16225,16702,16654,-476.955
64.16,16900,16701.7,16654.1,198.346
64.17,16125,16701.4,16654.2,-576.361
64.18,16250,16701.1,16654.3,-451.074
64.19,16650,16700.8,16654.4,-50.7941
64.2,17375,16700.5,16654.5,674.479
64.21,17150,16700.3,16654.6,449.746
64.22,17750,16700,16654.7,1050.01
64.23,16450,16699.7,16654.8,-249.739
64.24,17050,16699.5,16654.9,350.509
64.25,16900,16699.2,16655,200.752
64.26,17575,16699,16655.1,875.988
64.27,17300,16698.8,16655.2,601.219
64.28,17225,16698.6,16655.3,526.444
64.29,16850,16698.3,16655.4,151.663
64.3,17275,16698.1,16655.5,576.876
64.31,17075,16697.9,16655.6,377.084
64.32,15650,16697.7,16655.7,-1047.71
64.33,16800,16697.5,16655.8,102.484
64.34,17625,16697.3,16655.9,927.676
64.35,17325,16697.1,16656,627.863
64.36,17325,16697,16656.1,628.044
64.37,17900,16696.8,16656.2,1203.22
64.38,15050,16696.6,16656.3,-1646.61
64.39,16125,16696.4,16656.4,-571.443
64.4,17450,16696.3,16656.5,753.717
64.41,17125,16696.1,16656.6,428.873
64.42,17925,16696,16656.7,1229.02
64.43,16850,16695.8,16656.8,154.169
64.44,17875,16695.7,16656.9,1179.31
64.45,17175,16695.6,16657,479.444
64.46,17225,16695.4,16657.1,529.575
64.47,17100,16695.3,16657.2,404.7
64.48,17150,16695.2,16657.3,454.82
64.49,16750,16695.1,16657.4,54.9358
64.5,17550,16695,16657.5,855.046
64.51,17725,16694.8,16657.6,1030.15
64.52,17125,16694.7,16657.7,430.253
64.53,17000,16694.7,16657.8,305.348
64.54,16400,16694.6,16657.9,-294.561
64.55,16525,16694.5,16658,-169.475
64.56,16475,16694.4,16658.1,-219.394
64.57,16300,16694.3,16658.2,-394.317
64.58,17975,16694.2,16658.3,1280.75
64.59,18050,16694.2,16658.4,1355.82
64.6,16675,16694.1,16658.5,-19.1177
64.61,17400,16694.1,16658.6,705.939
64.62,17225,16694,16658.7,530.991
64.63,16250,16694,16658.8,-443.961
64.64,16200,16693.9,16658.9,-493.918
64.65,16900,16693.9,16659,206.12
64.66,16675,16693.8,16659.1,-18.8472
64.67,16875,16693.8,16659.2,181.181
64.68,17275,16693.8,16659.3,581.205
64.69,16550,16693.8,16659.4,-143.775
64.7,16675,16693.8,16659.5,-18.7607
64.71,15375,16693.8,16659.6,-1318.75
64.72,16350,16693.7,16659.7,-343.745
64.73,16600,16693.7,16659.8,-93.7437
64.74,17600,16693.7,16659.9,906.253
64.75,17375,16693.8,16660,681.245
64.76,16875,16693.8,16660.1,181.234
64.77,17000,16693.8,16660.1,306.217
64.78,17575,16693.8,16660.2,881.197
64.79,16550,16693.8,16660.3,-143.827
64.8,16400,16693.9,16660.4,-293.856
64.81,17100,16693.9,16660.5,406.111
64.82,17225,16693.9,16660.6,531.075
64.83,17400,16694,16660.7,706.035
64.84,15825,16694,16660.8,-869.009
64.85,16150,16694.1,16660.9,-544.057
64.86,17375,16694.1,16661,680.892
64.87,16125,16694.2,16661.1,-569.163
64.88,17100,16694.2,16661.2,405.779
64.89,17400,16694.3,16661.3,705.717
64.9,18750,16694.3,16661.4,2055.65
64.91,17500,16694.4,16661.5,805.586
64.92,18325,16694.5,16661.6,1630.52
64.93,17175,16694.6,16661.7,480.442
64.94,16975,16694.6,16661.8,280.366
64.95,17450,16694.7,16661.8,755.288
64.96,17350,16694.8,16661.9,655.208
64.97,18125,16694.9,16662,1430.13
64.98,16900,16695,16662.1,205.04
64.99,16925,16695,16662.2,229.954
65,16925,16695.1,16662.3,229.865
65.01,16850,16695.2,16662.4,154.776
65.02,17475,16695.3,16662.5,779.73
65.03,17800,16695.4,16662.6,1104.64
65.04,17275,16695.5,16662.7,579.544
65.05,17375,16695.5,16662.8,679.45
65.06,17075,16695.6,16662.9,379.355
65.07,17125,16695.7,16663,429.26
65.08,17000,16695.8,16663.1,304.164
65.09,17300,16695.9,16663.1,604.069
65.1,17750,16696,16663.2,1053.97
65.11,16975,16696.1,16663.3,278.901
65.12,17425,16696.2,16663.4,728.806
65.13,18350,16696.3,16663.5,1653.71
65.14,17500,16696.4,16663.6,803.62
65.15,16750,16696.5,16663.7,53.5278
65.16,17600,16696.6,16663.8,903.437
65.17,17875,16696.7,16663.9,1178.35
65.18,17025,16696.7,16664,328.262
65.19,17525,16696.8,16664.1,828.177
65.2,16500,16696.9,16664.2,-196.906
65.21,17625,16697,16664.2,928.014
65.22,17625,16697.1,16664.3,927.936
65.23,17425,16697.1,16664.4,727.861
65.24,17550,16697.2,16664.5,852.789
65.25,16475,16697.3,16664.6,-222.279
65.26,17525,16697.3,16664.7,827.656
65.27,16575,16697.4,16664.8,-122.406
65.28,16925,16697.5,16664.9,227.536
65.29,16425,16697.5,16665,-272.518
65.3,16875,16697.6,16665.1,177.432
65.31,17575,16697.6,16665.1,877.386
65.32,17450,16697.7,16665.2,752.344
65.33,17300,16697.7,16665.3,602.307
65.34,16925,16697.7,16665.4,227.275
65.35,16975,16697.8,16665.5,277.247
65.36,17325,16697.8,16665.6,627.224
65.37,17500,16697.8,16665.7,802.206
65.38,16300,16697.8,16665.8,-397.808
65.39,17125,16697.8,16665.9,427.184
65.4,17050,16697.8,16666,352.181
65.41,17075,16697.8,16666,377.182
65.42,16550,16697.8,16666.1,-147.811
65.43,16500,16697.8,16666.2,-197.799
65.44,17450,16697.8,16666.3,752.218
65.45,16725,16697.8,16666.4,27.2395
65.46,17025,16697.7,16666.5,327.266
65.47,17200,16697.7,16666.6,502.298
65.48,15725,16697.7,16666.7,-972.665
65.49,16275,16697.6,16666.8,-422.623
65.5,17100,16697.6,16666.8,402.423
65.51,17325,16697.5,16666.9,627.474
65.52,15825,16697.5,16667,-872.47
65.53,16650,16697.4,16667.1,-47.4104
65.54,16725,16697.3,16667.2,27.6541
65.55,15750,16697.3,16667.3,-947.277
65.56,16325,16697.2,16667.4,-372.204
65.57,16450,16697.1,16667.5,-247.127
65.58,15725,16697,16667.5,-972.047
65.59,16575,16697,16667.6,-121.962
65.6,17425,16696.9,16667.7,728.125
65.61,16975,16696.8,16667.8,278.217
65.62,16775,16696.7,16667.9,78.3112
65.63,16650,16696.6,16668,-46.5913
65.64,16300,16696.5,16668.1,-396.491
65.65,16175,16696.4,16668.1,-521.388
65.66,16800,16696.3,16668.2,103.718
65.67,16600,16696.2,16668.3,-96.1744
65.68,17650,16696.1,16668.4,953.936
65.69,17650,16696,16668.5,954.048
65.7,16725,16695.8,16668.6,29.1615
65.71,17450,16695.7,16668.7,754.277
65.72,16250,16695.6,16668.8,-445.606
65.73,16800,16695.5,16668.8,104.512
65.74,17400,16695.4,16668.9,704.631
65.75,15900,16695.2,16669,-795.249
65.76,17100,16695.1,16669.1,404.872
65.77,16950,16695,16669.2,254.993
65.78,17100,16694.9,16669.3,405.114
65.79,15850,16694.8,16669.4,-844.764
65.8,15600,16694.6,16669.4,-1094.64
65.81,17175,16694.5,16669.5,480.48
65.82,17575,16694.4,16669.6,880.601
65.83,17100,16694.3,16669.7,405.722
65.84,17650,16694.2,16669.8,955.843
65.85,16975,16694,16669.9,280.962
65.86,16075,16693.9,16669.9,-618.919
65.87,17350,16693.8,16670,656.199
65.88,17175,16693.7,16670.1,481.316
65.89,15475,16693.6,16670.2,-1218.57
65.9,17725,16693.5,16670.3,1031.55
65.91,16550,16693.3,16670.4,-143.342
65.92,17850,16693.2,16670.5,1156.77
65.93,16350,16693.1,16670.5,-343.121
65.94,16900,16693,16670.6,206.987
65.95,17025,16692.9,16670.7,332.092
65.96,16850,16692.8,16670.8,157.196
65.97,17400,16692.7,16670.9,707.298
65.98,16450,16692.6,16671,-242.603
65.99,15550,16692.5,16671,-1142.51
66,17175,16692.4,16671.1,482.59
66.01,16800,16692.3,16671.2,107.683
66.02,16900,16692.2,16671.3,207.773
66.03,16075,16692.1,16671.4,-617.139
66.04,17025,16692.1,16671.5,332.947
66.05,17375,16692,16671.5,683.03
66.06,17600,16691.9,16671.6,908.111
66.07,17425,16691.8,16671.7,733.188
66.08,17800,16691.7,16671.8,1108.26
66.09,16475,16691.7,16671.9,-216.664
66.1,17475,16691.6,16672,783.406
66.11,17150,16691.5,16672,458.474
66.12,17100,16691.5,16672.1,408.538
66.13,16400,16691.4,16672.2,-291.4
66.14,15675,16691.3,16672.3,-1016.34
66.15,16225,16691.3,16672.4,-466.284
66.16,17050,16691.2,16672.5,358.77
66.17,16975,16691.2,16672.5,283.821
66.18,16525,16691.1,16672.6,-166.131
66.19,17350,16691.1,16672.7,658.915
66.2,16100,16691,16672.8,-591.042
66.21,15875,16691,16672.9,-816.001
66.22,16900,16691,16673,209.037
66.23,16000,16690.9,16673,-690.928
66.24,16475,16690.9,16673.1,-215.895
66.25,15575,16690.9,16673.2,-1115.86
66.26,17750,16690.8,16673.3,1059.16
66.27,18625,16690.8,16673.4,1934.19
66.28,17650,16690.8,16673.4,959.211
66.29,16125,16690.8,16673.5,-565.768
66.3,17300,16690.8,16673.6,609.25
66.31,16025,16690.7,16673.7,-665.734
66.32,16700,16690.7,16673.8,9.2795
66.33,18375,16690.7,16673.9,1684.29
66.34,17075,16690.7,16673.9,384.3
66.35,17825,16690.7,16674,1134.31
66.36,16175,16690.7,16674.1,-515.688
66.37,17225,16690.7,16674.2,534.315
66.38,16675,16690.7,16674.3,-15.684
66.39,16175,16690.7,16674.3,-515.685
66.4,16425,16690.7,16674.4,-265.688
66.41,17375,16690.7,16674.5,684.307
66.42,16600,16690.7,16674.6,-90.6995
66.43,17500,16690.7,16674.7,809.292
66.44,16600,16690.7,16674.7,-90.7181
66.45,16100,16690.7,16674.8,-590.73
66.46,17150,16690.7,16674.9,459.257
66.47,16975,16690.8,16675,284.242
66.48,17075,16690.8,16675.1,384.225
66.49,18175,16690.8,16675.1,1484.21
66.5,16350,16690.8,16675.2,-340.813
66.51,17075,16690.8,16675.3,384.166
66.52,16875,16690.9,16675.4,184.144
66.53,17450,16690.9,16675.5,759.12
66.54,16500,16690.9,16675.5,-190.905
66.55,16400,16690.9,16675.6,-290.932
66.56,16175,16691,16675.7,-515.959
66.57,17125,16691,16675.8,434.012
66.58,16650,16691,16675.9,-41.0178
66.59,17175,16691,16675.9,483.951
66.6,15625,16691.1,16676,-1066.08
66.61,17350,16691.1,16676.1,658.886
66.62,16300,16691.1,16676.2,-391.148
66.63,17100,16691.2,16676.3,408.817
66.64,16950,16691.2,16676.3,258.781
66.65,17125,16691.3,16676.4,433.744
66.66,16900,16691.3,16676.5,208.706
66.67,17125,16691.3,16676.6,433.667
66.68,17025,16691.4,16676.7,333.627
66.69,17050,16691.4,16676.7,358.587
66.7,16225,16691.5,16676.8,-466.454
66.71,16200,16691.5,16676.9,-491.496
66.72,17225,16691.5,16677,533.461
66.73,17075,16691.6,16677.1,383.418
66.74,16150,16691.6,16677.1,-541.626
66.75,16650,16691.7,16677.2,-41.6708
66.76,17175,16691.7,16677.3,483.284
66.77,16425,16691.8,16677.4,-266.762
66.78,15800,16691.8,16677.4,-891.809
66.79,17175,16691.9,16677.5,483.144
66.8,17025,16691.9,16677.6,333.096
66.81,17500,16692,16677.7,808.048
66.82,16625,16692,16677.8,-67.0008
66.83,16975,16692.1,16677.8,282.95
66.84,16325,16692.1,16677.9,-367.1
66.85,17100,16692.2,16678,407.85
66.86,15750,16692.2,16678.1,-942.201
66.87,17275,16692.3,16678.1,582.747
66.88,16300,16692.3,16678.2,-392.304
66.89,16750,16692.4,16678.3,57.6433
66.9,17375,16692.4,16678.4,682.591
66.91,15000,16692.5,16678.5,-1692.46
66.92,16525,16692.5,16678.5,-167.516
66.93,16700,16692.6,16678.6,7.43009
66.94,16950,16692.6,16678.7,257.376
66.95,16500,16692.7,16678.8,-192.679
66.96,16350,16692.7,16678.8,-342.734
66.97,16400,16692.8,16678.9,-292.79
66.98,16775,16692.8,16679,82.1545
66.99,15750,16692.9,16679.1,-942.902
67,16675,16693,16679.2,-17.9583
67.01,18300,16693,16679.2,1606.98
67.02,17150,16693.1,16679.3,456.927
67.03,18300,16693.1,16679.4,1606.87
67.04,16175,16693.2,16679.5,-518.188
67.05,16275,16693.2,16679.5,-418.247
67.06,17700,16693.3,16679.6,1006.69
67.07,16475,16693.4,16679.7,-218.364
67.08,16650,16693.4,16679.8,-43.4236
67.09,18375,16693.5,16679.9,1681.52
67.1,17900,16693.5,16679.9,1206.46
67.11,16950,16693.6,16680,256.397
67.12,17325,16693.7,16680.1,631.336
67.13,16600,16693.7,16680.2,-93.725
67.14,17225,16693.8,16680.2,531.214
67.15,16975,16693.8,16680.3,281.152
67.16,16075,16693.9,16680.4,-618.91
67.17,15875,16694,16680.5,-818.972
67.18,15900,16694,16680.5,-794.034
67.19,16425,16694.1,16680.6,-269.097
67.2,16450,16694.2,16680.7,-244.16
67.21,17100,16694.2,16680.8,405.777
67.22,16325,16694.3,16680.9,-369.287
67.23,16325,16694.4,16680.9,-369.351
67.24,16300,16694.4,16681,-394.415
67.25,15650,16694.5,16681.1,-1044.48
67.26,16100,16694.5,16681.2,-594.544
67.27,16850,16694.6,16681.2,155.391
67.28,16525,16694.7,16681.3,-169.675
67.29,17275,16694.7,16681.4,580.259
67.3,16850,16694.8,16681.5,155.193
67.31,17700,16694.9,16681.5,1005.13
67.32,17350,16694.9,16681.6,655.06
67.33,16625,16695,16681.7,-70.0064
67.34,17725,16695.1,16681.8,1029.93
67.35,16625,16695.1,16681.8,-70.1411
67.36,16850,16695.2,16681.9,154.791
67.37,16200,16695.3,16682,-495.277
67.38,17150,16695.3,16682.1,454.655
67.39,17275,16695.4,16682.1,579.586
67.4,16300,16695.5,16682.2,-395.483
67.41,16275,16695.6,16682.3,-420.552
67.42,16775,16695.6,16682.4,79.3782
67.43,17275,16695.7,16682.5,579.308
67.44,16500,16695.8,16682.5,-195.762
67.45,16425,16695.8,16682.6,-270.832
67.46,17225,16695.9,16682.7,529.097
67.47,16600,16696,16682.8,-95.9743
67.48,17575,16696,16682.8,878.954
67.49,17550,16696.1,16682.9,853.883
67.5,15075,16696.2,16683,-1621.19
67.51,17450,16696.3,16683.1,753.738
67.52,17450,16696.3,16683.1,753.666
67.53,16525,16696.4,16683.2,-171.407
67.54,16025,16696.5,16683.3,-671.481
67.55,16325,16696.6,16683.4,-371.554
67.56,16575,16696.6,16683.4,-121.628
67.57,17575,16696.7,16683.5,878.298
67.58,16750,16696.8,16683.6,53.2229
67.59,16775,16696.9,16683.7,78.1481
67.6,17100,16696.9,16683.7,403.073
67.61,17875,16697,16683.8,1178
67.62,15575,16697.1,16683.9,-1122.08
67.63,16900,16697.2,16684,202.845
67.64,17375,16697.2,16684,677.769
67.65,15875,16697.3,16684.1,-822.308
67.66,16200,16697.4,16684.2,-497.385
67.67,16175,16697.5,16684.3,-522.463
67.68,17700,16697.5,16684.3,1002.46
67.69,17075,16697.6,16684.4,377.381
67.7,16600,16697.7,16684.5,-97.6978
67.71,16575,16697.8,16684.6,-122.777
67.72,16725,16697.9,16684.6,27.1439
67.73,16050,16697.9,16684.7,-647.936
67.74,16250,16698,16684.8,-448.016
67.75,16000,16698.1,16684.9,-698.096
67.76,15800,16698.2,16684.9,-898.177
67.77,17800,16698.3,16685,1101.74
67.78,16875,16698.3,16685.1,176.66
67.79,17150,16698.4,16685.2,451.579
67.8,15750,16698.5,16685.2,-948.504
67.81,15450,16698.6,16685.3,-1248.59
67.82,16450,16698.7,16685.4,-248.669
67.83,17200,16698.8,16685.5,501.247
67.84,16400,16698.8,16685.5,-298.837
67.85,16625,16698.9,16685.6,-73.9207
67.86,17175,16699,16685.7,475.995
67.87,17025,16699.1,16685.8,325.91
67.88,17175,16699.2,16685.8,475.824
67.89,16400,16699.3,16685.9,-299.261
67.9,17825,16699.3,16686,1125.65
67.91,17100,16699.4,16686.1,400.566
67.92,15650,16699.5,16686.1,-1049.52
67.93,16275,16699.6,16686.2,-424.609
67.94,17375,16699.7,16686.3,675.303
67.95,16775,16699.8,16686.4,75.2149
67.96,17275,16699.9,16686.4,575.126
67.97,16750,16700,16686.5,50.037
67.98,16500,16700.1,16686.6,-200.053
67.99,16275,16700.1,16686.7,-425.143
68,15975,16700.2,16686.7,-725.233
68.01,16425,16700.3,16686.8,-275.324
68.02,16575,16700.4,16686.9,-125.416
68.03,16550,16700.5,16687,-150.508
68.04,16475,16700.6,16687,-225.6
68.05,15425,16700.7,16687.1,-1275.69
68.06,16075,16700.8,16687.2,-625.787
68.07,17150,16700.9,16687.3,449.119
68.08,16400,16701,16687.3,-300.975
68.09,16625,16701.1,16687.4,-76.07
68.1,16625,16701.2,16687.5,-76.1654
68.11,16850,16701.3,16687.6,148.739
68.12,16525,16701.4,16687.6,-176.358
68.13,17175,16701.5,16687.7,473.545
68.14,16225,16701.6,16687.8,-476.552
68.15,17100,16701.7,16687.9,398.349
68.16,17325,16701.7,16687.9,623.251
68.17,16800,16701.8,16688,98.1515
68.18,18125,16701.9,16688.1,1423.05
68.19,16500,16702,16688.2,-202.049
68.2,16550,16702.1,16688.2,-152.15
68.21,18350,16702.3,16688.3,1647.75
68.22,16675,16702.4,16688.4,-27.3534
68.23,17175,16702.5,16688.5,472.544
68.24,16725,16702.6,16688.5,22.4404
68.25,15500,16702.7,16688.6,-1202.66
68.26,17775,16702.8,16688.7,1072.23
68.27,16175,16702.9,16688.8,-527.874
68.28,16425,16703,16688.8,-277.98
68.29,17375,16703.1,16688.9,671.914
68.3,17925,16703.2,16689,1221.81
68.31,16600,16703.3,16689.1,-103.302
68.32,17875,16703.4,16689.1,1171.59
68.33,15750,16703.5,16689.2,-953.52
68.34,16300,16703.6,16689.3,-403.631
68.35,16925,16703.7,16689.4,221.258
68.36,17050,16703.9,16689.4,346.146
68.37,16975,16704,16689.5,271.034
68.38,17575,16704.1,16689.6,870.92
68.39,17175,16704.2,16689.7,470.806
68.4,17625,16704.3,16689.7,920.691
68.41,16150,16704.4,16689.8,-554.425
68.42,17275,16704.5,16689.9,570.458
68.43,16775,16704.7,16690,70.3396
68.44,17075,16704.8,16690,370.221
68.45,16575,16704.9,16690.1,-129.899
68.46,16000,16705,16690.2,-705.02
68.47,16800,16705.1,16690.3,94.8583
68.48,16700,16705.3,16690.3,-5.25361
68.49,16800,16705.4,16690.4,94.6224
68.5,17075,16705.5,16690.5,369.497
68.51,17025,16705.6,16690.6,319.371
68.52,17575,16705.8,16690.6,869.243
68.53,17100,16705.9,16690.7,394.115
68.54,16800,16706,16690.8,93.9847
68.55,16900,16706.1,16690.9,193.853
68.56,17025,16706.3,16690.9,318.721
68.57,17375,16706.4,16691,668.592
68.58,16075,16706.5,16691.1,-631.544
68.59,17500,16706.7,16691.2,793.319
68.6,17425,16706.8,16691.2,718.18
68.61,16800,16707,16691.3,93.0398
68.62,17425,16707.1,16691.4,717.898
68.63,16900,16707.2,16691.5,192.754
68.64,16675,16707.4,16691.5,-32.3922
68.65,17475,16707.5,16691.6,767.46
68.66,16950,16707.7,16691.7,242.31
68.67,14925,16707.8,16691.8,-1782.84
68.68,16675,16708,16691.9,-32.996
68.69,16775,16708.2,16691.9,66.8474
68.7,17275,16708.3,16692,566.688
68.71,16875,16708.5,16692.1,166.527
68.72,17125,16708.6,16692.2,416.363
68.73,16525,16708.8,16692.2,-183.804
68.74,15750,16709,16692.3,-958.974
68.75,15725,16709.1,16692.4,-984.147
68.76,17575,16709.3,16692.5,865.677
68.77,16800,16709.5,16692.5,90.497
68.78,16625,16709.7,16692.6,-84.6862
68.79,16950,16709.9,16692.7,240.127
68.8,18175,16710.1,16692.8,1464.94
68.81,17125,16710.3,16692.8,414.741
68.82,16700,16710.5,16692.9,-10.4581
68.83,18225,16710.7,16693,1514.34
68.84,17275,16710.9,16693.1,564.13
68.85,16525,16711.1,16693.1,-186.084
68.86,16975,16711.3,16693.2,263.697
68.87,16575,16711.5,16693.3,-136.527
68.88,16125,16711.8,16693.4,-586.758
68.89,17300,16712,16693.5,588.006
68.9,17425,16712.2,16693.5,712.763
68.91,16225,16712.5,16693.6,-487.486
68.92,16975,16712.7,16693.7,262.257
68.93,17025,16713,16693.8,311.993
68.94,16225,16713.3,16693.8,-488.28
68.95,17300,16713.6,16693.9,586.44
68.96,16975,16713.8,16694,261.151
68.97,17350,16714.1,16694.1,635.853
68.98,17100,16714.5,16694.1,385.545
68.99,16225,16714.8,16694.2,-489.773
69,16500,16715.1,16694.3,-215.102
69.01,17825,16715.4,16694.4,1109.56
69.02,16500,16715.8,16694.5,-215.793
69.03,17150,16716.2,16694.5,433.843
69.04,16200,16716.5,16694.6,-516.533
69.05,16400,16716.9,16694.7,-316.923
69.06,17225,16717.3,16694.8,507.673
69.07,16550,16717.7,16694.8,-167.746
69.08,16200,16718.2,16694.9,-518.181
69.09,16625,16718.6,16695,-93.6314
69.1,17275,16719.1,16695.1,555.901
69.11,16875,16719.6,16695.1,155.415
69.12,16400,16720.1,16695.2,-320.089
69.13,16125,16720.6,16695.3,-595.612
69.14,17350,16721.2,16695.4,628.844
69.15,16975,16721.7,16695.5,253.278
69.16,18125,16722.3,16695.5,1402.69
69.17,16975,16722.9,16695.6,252.08
69.18,16775,16723.6,16695.7,51.4454
69.19,16725,16724.2,16695.8,0.785349
69.2,15500,16724.9,16695.8,-1224.9
69.21,17575,16725.6,16695.9,849.385
69.22,17175,16726.4,16696,448.643
69.23,18400,16727.1,16696.1,1672.87
69.24,17800,16727.9,16696.2,1072.07
69.25,16325,16728.8,16696.2,-403.767
69.26,15500,16729.6,16696.3,-1229.64
69.27,16700,16730.5,16696.4,-30.5385
69.28,17225,16731.5,16696.5,493.522
69.29,18000,16732.5,16696.6,1267.55
69.3,17275,16733.5,16696.6,541.531
69.31,17225,16734.5,16696.7,490.475
69.32,17025,16735.6,16696.8,289.378
69.33,17225,16736.8,16696.9,488.238
69.34,16950,16737.9,16696.9,212.054
69.35,16425,16739.2,16697,-314.177
69.36,16175,16740.5,16697.1,-565.455
69.37,16325,16741.8,16697.2,-416.783
69.38,15800,16743.2,16697.3,-943.161
69.39,17525,16744.6,16697.3,780.409
69.4,16725,16746.1,16697.4,-21.0758
69.41,15825,16747.6,16697.5,-922.616
69.42,15425,16749.2,16697.6,-1324.21
69.43,15175,16750.9,16697.7,-1575.87
69.44,16900,16752.6,16697.7,147.414
69.45,18000,16754.4,16697.8,1245.63
69.46,17325,16756.2,16697.9,568.792
69.47,16650,16758.1,16698,-108.116
69.48,16075,16760.1,16698.1,-685.092
69.49,16725,16762.1,16698.1,-37.1361
69.5,17425,16764.3,16698.2,660.749
69.51,16925,16766.4,16698.3,158.562
69.52,16775,16768.7,16698.4,6.30126
69.53,17075,16771,16698.5,303.965
69.54,16800,16773.4,16698.5,26.5522
69.55,15875,16775.9,16698.6,-900.939
69.56,15850,16778.5,16698.7,-928.511
69.57,16275,16781.2,16698.8,-506.164
69.58,16850,16783.9,16698.9,66.1007
69.59,16200,16786.7,16698.9,-586.719
69.6,16875,16789.6,16699,85.3751
69.61,15825,16792.6,16699.1,-967.617
69.62,15350,16795.7,16699.2,-1445.7
69.63,17750,16798.9,16699.3,951.132
69.64,15575,16802.1,16699.3,-1227.13
69.65,17900,16805.5,16699.4,1094.52
69.66,17475,16808.9,16699.5,666.076
69.67,16075,16812.5,16699.6,-737.461
69.68,17025,16816.1,16699.7,208.908
69.69,17350,16819.8,16699.8,530.182
69.7,16500,16823.6,16699.8,-323.64
69.71,16625,16827.6,16699.9,-202.557
69.72,16875,16831.6,16700,43.4301
69.73,16775,16835.7,16700.1,-60.6797
69.74,16000,16839.9,16700.2,-839.886
69.75,16750,16844.2,16700.2,-94.1892
69.76,16725,16848.6,16700.3,-123.589
69.77,17300,16853.1,16700.4,446.915
69.78,16250,16857.7,16700.5,-607.677
69.79,17075,16862.4,16700.6,212.635
69.8,17475,16867.1,16700.7,607.852
69.81,16425,16872,16700.7,-447.025
69.82,16400,16877,16700.8,-476.995
69.83,17275,16882.1,16700.9,392.942
69.84,17150,16887.2,16701,262.788
69.85,17050,16892.5,16701.1,157.545
69.86,17550,16897.8,16701.2,652.213
69.87,16050,16903.2,16701.2,-853.205
69.88,17575,16908.7,16701.3,666.292
69.89,17575,16914.3,16701.4,660.707
69.9,18725,16920,16701.5,1805.04
69.91,15650,16925.7,16701.6,-1275.7
69.92,17525,16931.5,16701.7,593.478
69.93,17125,16937.4,16701.7,187.586
69.94,16875,16943.4,16701.8,-68.3755
69.95,16175,16949.4,16701.9,-774.404
69.96,16100,16955.5,16702,-855.496
69.97,16700,16961.6,16702.1,-261.648
69.98,16675,16967.9,16702.2,-292.857
69.99,16675,16974.1,16702.2,-299.118
70,18000,16980.4,16702.3,1019.57
70.01,16475,16986.8,16702.4,-511.782
70.02,16225,16993.2,16702.5,-768.176
70.03,17050,16999.6,16702.6,50.3936
70.04,17875,17006.1,16702.7,868.932
70.05,17425,17012.6,16702.8,412.445
70.06,16675,17019.1,16702.8,-344.063
70.07,16900,17025.6,16702.9,-125.587
70.08,16950,17032.1,16703,-82.1216
70.09,16225,17038.7,16703.1,-813.661
70.1,17125,17045.2,16703.2,79.7999
70.11,18175,17051.7,16703.3,1123.27
70.12,17625,17058.3,16703.4,566.748
70.13,17725,17064.8,16703.4,660.246
70.14,18375,17071.2,16703.5,1303.77
70.15,17400,17077.7,16703.6,322.325
70.16,16075,17084.1,16703.7,-1009.08
70.17,17375,17090.4,16703.8,284.554
70.18,17325,17096.8,16703.9,228.242
70.19,17450,17103,16704,346.989
70.2,17075,17109.2,16704,-34.2004
70.21,17825,17115.3,16704.1,709.683
70.22,17100,17121.4,16704.2,-21.3555
70.23,18575,17127.3,16704.3,1447.69
70.24,17575,17133.2,16704.4,441.834
70.25,19050,17138.9,16704.5,1911.08
70.26,18750,17144.6,16704.6,1605.42
70.27,16700,17150.1,16704.7,-450.111
70.28,16350,17155.5,16704.7,-805.524
70.29,18625,17160.8,16704.8,1464.19
70.3,17500,17166,16704.9,334.043
70.31,16925,17171,16705,-245.961
70.32,18275,17175.8,16705.1,1099.18
70.33,18450,17180.5,16705.2,1269.49
70.34,18825,17185,16705.3,1639.95
70.35,18025,17189.4,16705.4,835.592
70.36,18175,17193.6,16705.5,981.407
70.37,18775,17197.6,16705.5,1577.4
70.38,18725,17201.4,16705.6,1523.59
70.39,18500,17205,16705.7,1294.97
70.4,17400,17208.4,16705.8,191.554
70.41,19000,17211.7,16705.9,1788.34
70.42,18375,17214.7,16706,1160.34
70.43,18625,17217.4,16706.1,1407.55
70.44,19075,17220,16706.2,1854.98
70.45,17950,17222.4,16706.3,727.639
70.46,19175,17224.5,16706.4,1950.52
70.47,18275,17226.4,16706.4,1048.63
70.48,19325,17228,16706.5,2096.98
70.49,17400,17229.4,16706.6,170.56
70.5,17450,17230.6,16706.7,219.378
70.51,18400,17231.6,16706.8,1168.44
70.52,19225,17232.3,16706.9,1992.73
70.53,19550,17232.7,16707,2317.27
70.54,16925,17232.9,16707.1,-307.948
70.55,18575,17232.9,16707.2,1342.07
70.56,17975,17232.7,16707.3,742.337
70.57,17600,17232.2,16707.4,367.841
70.58,18950,17231.4,16707.4,1718.58
70.59,18525,17230.4,16707.5,1294.56
70.6,17900,17229.2,16707.6,670.778
70.61,17650,17227.8,16707.7,422.227
70.62,17550,17226.1,16707.8,323.905
70.63,16550,17224.2,16707.9,-674.189
70.64,17025,17222.1,16708,-197.059
70.65,16525,17219.7,16708.1,-694.709
70.66,16675,17217.1,16708.2,-542.143
70.67,19350,17214.4,16708.3,2135.63
70.68,18200,17211.4,16708.4,988.619
70.69,16000,17208.2,16708.5,-1208.2
70.7,18000,17204.8,16708.6,795.188
70.71,18000,17201.2,16708.7,798.763
70.72,16850,17197.5,16708.8,-347.477
70.73,16225,17193.5,16708.8,-968.537
70.74,17050,17189.4,16708.9,-139.424
70.75,16400,17185.1,16709,-785.142
70.76,16925,17180.7,16709.1,-255.7
70.77,16400,17176.1,16709.2,-776.103
70.78,17825,17171.4,16709.3,653.643
70.79,16525,17166.5,16709.4,-641.471
70.8,17750,17161.5,16709.5,588.55
70.81,16700,17156.3,16709.6,-456.302
70.82,15925,17151,16709.7,-1226.03
70.83,15125,17145.7,16709.8,-2020.65
70.84,16975,17140.2,16709.9,-165.162
70.85,16050,17134.6,16710,-1084.57
70.86,17650,17128.9,16710.1,521.107
70.87,16450,17123.1,16710.2,-673.127
70.88,16275,17117.3,16710.3,-842.283
70.89,17275,17111.4,16710.4,163.633
70.9,17775,17105.4,16710.5,669.614
70.91,17825,17099.3,16710.6,725.652
70.92,17725,17093.3,16710.7,631.742
70.93,17025,17087.1,16710.8,-62.1245
70.94,16450,17081,16710.9,-630.953
70.95,18050,17074.7,16711,975.25
70.96,17150,17068.5,16711.1,81.4781
70.97,16525,17062.3,16711.2,-537.275
70.98,16775,17056,16711.3,-281.015
70.99,17075,17049.7,16711.4,25.2513
71,16450,17043.5,16711.5,-593.481
71.01,15550,17037.2,16711.6,-1487.22
71.02,18050,17031,16711.6,1019.03
71.03,17175,17024.7,16711.7,150.272
71.04,16150,17018.5,16711.8,-868.511
71.05,16875,17012.3,16711.9,-137.32
71.06,16450,17006.2,16712,-556.16
71.07,17125,17000,16712.1,124.966
71.08,16325,16993.9,16712.2,-668.949
71.09,15975,16987.9,16712.3,-1012.91
71.1,17025,16981.9,16712.4,43.0866
71.11,16300,16976,16712.5,-675.972
71.12,17450,16970.1,16712.7,479.913
71.13,16075,16964.3,16712.8,-889.261
71.14,17100,16958.5,16712.9,141.502
71.15,16700,16952.8,16713,-252.801
71.16,16875,16947.2,16713.1,-72.174
71.17,17000,16941.6,16713.2,58.381
71.18,17500,16936.1,16713.3,563.861
71.19,16850,16930.7,16713.4,-80.7367
71.2,16850,16925.4,16713.5,-75.4142
71.21,16250,16920.2,16713.6,-670.174
71.22,16800,16915,16713.7,-115.018
71.23,16175,16909.9,16713.8,-734.948
71.24,17625,16905,16713.9,720.035
71.25,17225,16900.1,16714,324.928
71.26,17375,16895.3,16714.1,479.73
71.27,16975,16890.6,16714.2,84.4403
71.28,16700,16885.9,16714.3,-185.942
71.29,17200,16881.4,16714.4,318.581
71.3,16900,16877,16714.5,23.0096
71.31,16125,16872.7,16714.6,-747.657
71.32,17025,16868.4,16714.7,156.58
71.33,16750,16864.3,16714.8,-114.279
71.34,17225,16860.2,16714.9,364.766
71.35,17075,16856.3,16715,218.714
71.36,17850,16852.4,16715.1,997.565
71.37,15850,16848.7,16715.2,-998.68
71.38,15850,16845,16715.3,-995.021
71.39,17275,16841.5,16715.4,433.541
71.4,17475,16838,16715.6,637.009
71.41,17600,16834.6,16715.7,765.381
71.42,16625,16831.3,16715.8,-206.341
71.43,17950,16828.2,16715.9,1121.84
71.44,17725,16825.1,16716,899.935
71.45,16175,16822.1,16716.1,-647.066
71.46,17550,16819.2,16716.2,730.843
71.47,16575,16816.3,16716.3,-241.338
71.48,17575,16813.6,16716.4,761.391
71.49,17050,16811,16716.5,239.034
71.5,17450,16808.4,16716.6,641.589
71.51,15825,16805.9,16716.7,-980.94
71.52,17100,16803.6,16716.8,296.446
71.53,16725,16801.3,16717,-76.2503
71.54,17300,16799,16717.1,500.972
71.55,16525,16796.9,16717.2,-271.885
71.56,17750,16794.8,16717.3,955.179
71.57,17900,16792.8,16717.4,1107.17
71.58,17150,16790.9,16717.5,359.079
71.59,16150,16789.1,16717.6,-639.083
71.6,17900,16787.3,16717.7,1112.68
71.61,16275,16785.6,16717.8,-510.623
71.62,17175,16784,16717.9,391.002
71.63,16975,16782.4,16718.1,192.559
71.64,17175,16780.9,16718.2,394.05
71.65,17200,16779.5,16718.3,420.477
71.66,17325,16778.2,16718.4,546.84
71.67,16350,16776.9,16718.5,-426.859
71.68,16175,16775.6,16718.6,-600.618
71.69,16350,16774.4,16718.7,-424.436
71.7,17525,16773.3,16718.8,751.689
71.71,16325,16772.2,16719,-447.242
71.72,16975,16771.2,16719.1,203.773
71.73,16975,16770.3,16719.2,204.734
71.74,17925,16769.4,16719.3,1155.64
71.75,16725,16768.5,16719.4,-43.4962
71.76,16925,16767.7,16719.5,157.315
71.77,16650,16766.9,16719.6,-116.922
71.78,16475,16766.2,16719.8,-291.206
71.79,17125,16765.5,16719.9,359.466
71.8,16975,16764.9,16720,210.093
71.81,17025,16764.3,16720.1,260.678
71.82,16725,16763.8,16720.2,-38.7796
71.83,16400,16763.3,16720.3,-363.277
71.84,15825,16762.8,16720.5,-937.815
71.85,16550,16762.4,16720.6,-212.391
71.86,17475,16762,16720.7,712.995
71.87,17725,16761.7,16720.8,963.345
71.88,16925,16761.3,16720.9,163.658
71.89,16925,16761.1,16721,163.937
71.9,16650,16760.8,16721.2,-110.819
71.91,17825,16760.6,16721.3,1064.39
71.92,16725,16760.4,16721.4,-35.43
71.93,17625,16760.3,16721.5,864.716
71.94,17350,16760.2,16721.6,589.83
71.95,17575,16760.1,16721.7,814.913
71.96,16900,16760,16721.9,139.966
71.97,17600,16760,16722,839.989
71.98,16350,16760,16722.1,-410.017
71.99,16875,16760.1,16722.2,114.947
72,18225,16760.1,16722.3,1464.88
72.01,17050,16760.2,16722.5,289.789
72.02,17150,16760.3,16722.6,389.668
72.03,16500,16760.5,16722.7,-260.481
72.04,16725,16760.7,16722.8,-35.6581
72.05,17475,16760.9,16723,714.137
72.06,16050,16761.1,16723.1,-711.095
72.07,16775,16761.4,16723.2,13.6453
72.08,18450,16761.6,16723.3,1688.36
72.09,16925,16762,16723.4,163.043
72.1,16400,16762.3,16723.6,-362.299
72.11,17350,16762.7,16723.7,587.331
72.12,17600,16763.1,16723.8,836.933
72.13,15825,16763.5,16723.9,-938.494
72.14,16900,16763.9,16724.1,136.052
72.15,17575,16764.4,16724.2,810.569
72.16,17075,16764.9,16724.3,310.057
72.17,17350,16765.5,16724.4,584.516
72.18,16850,16766.1,16724.6,83.9459
72.19,16875,16766.7,16724.7,108.345
72.2,17200,16767.3,16724.8,432.714
72.21,18475,16767.9,16724.9,1707.05
72.22,16975,16768.6,16725.1,206.359
72.23,17625,16769.4,16725.2,855.634
72.24,17225,16770.1,16725.3,454.876
72.25,16225,16770.9,16725.4,-545.915
72.26,16925,16771.7,16725.6,153.26
72.27,16850,16772.6,16725.7,77.4007
72.28,17275,16773.5,16725.8,501.506
72.29,16900,16774.4,16726,125.576
72.3,17775,16775.4,16726.1,999.609
72.31,16850,16776.4,16726.2,73.604
72.32,17300,16777.4,16726.3,522.561
72.33,18000,16778.5,16726.5,1221.48
72.34,16300,16779.6,16726.6,-479.643
72.35,16325,16780.8,16726.7,-455.806
72.36,16875,16782,16726.9,92.9893
72.37,16625,16783.3,16727,-158.258
72.38,17225,16784.5,16727.1,440.451
72.39,17825,16785.9,16727.2,1039.11
72.4,18000,16787.3,16727.4,1212.73
72.41,17800,16788.7,16727.5,1011.31
72.42,17300,16790.2,16727.6,509.829
72.43,16200,16791.7,16727.8,-591.695
72.44,17075,16793.3,16727.9,281.731
72.45,16725,16794.9,16728,-69.8947
72.46,18225,16796.6,16728.2,1428.43
72.47,17375,16798.3,16728.3,576.698
72.48,16675,16800.1,16728.4,-125.086
72.49,18625,16801.9,16728.6,1823.07
72.5,17650,16803.8,16728.7,846.178
72.51,16675,16805.8,16728.8,-130.776
72.52,17875,16807.8,16729,1067.21
72.53,17400,16809.9,16729.1,590.14
72.54,17125,16812,16729.2,313.007
72.55,17525,16814.2,16729.4,710.813
72.56,17400,16816.4,16729.5,583.554
72.57,17500,16818.8,16729.7,681.232
72.58,17850,16821.2,16729.8,1028.84
72.59,16325,16823.6,16729.9,-498.61
72.6,16550,16826.1,16730.1,-276.132
72.61,16725,16828.7,16730.2,-103.723
72.62,16750,16831.4,16730.3,-81.3832
72.63,16875,16834.1,16730.5,40.8853
72.64,17375,16836.9,16730.6,538.082
72.65,17375,16839.8,16730.8,535.206
72.66,18400,16842.7,16730.9,1557.26
72.67,17925,16845.8,16731,1079.23
72.68,17600,16848.9,16731.2,751.128
72.69,16875,16852.1,16731.3,22.9499
72.7,16950,16855.3,16731.5,94.6936
72.71,16475,16858.6,16731.6,-383.641
72.72,17750,16862.1,16731.7,887.944
72.73,18500,16865.6,16731.9,1634.45
72.74,17550,16869.1,16732,680.873
72.75,17525,16872.8,16732.2,652.214
72.76,17950,16876.5,16732.3,1073.47
72.77,16925,16880.4,16732.4,44.6489
72.78,16850,16884.3,16732.6,-34.2595
72.79,18300,16888.3,16732.7,1411.75
72.8,17225,16892.3,16732.9,332.669
72.81,18700,16896.5,16733,1803.51
72.82,18525,16900.7,16733.2,1624.26
72.83,17075,16905.1,16733.3,169.92
72.84,17475,16909.5,16733.5,565.497
72.85,17575,16914,16733.6,660.987
72.86,17275,16918.6,16733.7,356.39
72.87,18050,16923.3,16733.9,1126.71
72.88,17750,16928.1,16734,821.934
72.89,17150,16932.9,16734.2,217.075
72.9,17225,16937.9,16734.3,287.129
72.91,16800,16942.9,16734.5,-142.904
72.92,17900,16948,16734.6,951.976
72.93,17350,16953.2,16734.8,396.769
72.94,18900,16958.5,16734.9,1941.48
72.95,17500,16963.9,16735.1,536.098
72.96,16975,16969.4,16735.2,5.63476
72.97,16250,16974.9,16735.4,-724.913
72.98,17375,16980.5,16735.5,394.455
72.99,17925,16986.3,16735.7,938.74
73,18350,16992.1,16735.8,1357.94
73.01,16575,16997.9,16736,-422.934
73.02,17325,17003.9,16736.1,321.108
73.03,17200,17009.9,16736.3,190.072
73.04,18000,17016,16736.4,983.958
73.05,17650,17022.2,16736.6,627.768
73.06,16150,17028.5,16736.7,-878.496
73.07,16725,17034.8,16736.9,-309.834
73.08,17575,17041.2,16737,533.757
73.09,18150,17047.7,16737.2,1102.28
73.1,17275,17054.3,16737.3,220.731
73.11,16800,17060.9,16737.5,-260.882
73.12,17525,17067.6,16737.6,457.441
73.13,16225,17074.3,16737.8,-849.297
73.14,17100,17081.1,16738,18.9044
73.15,16200,17088,16738.1,-887.951
73.16,17950,17094.9,16738.3,855.138
73.17,17575,17101.8,16738.4,473.175
73.18,17625,17108.8,16738.6,516.161
73.19,16625,17115.9,16738.7,-490.899
73.2,17025,17123,16738.9,-98.0049
73.21,16475,17130.2,16739.1,-655.153
73.22,16225,17137.3,16739.2,-912.339
73.23,17775,17144.6,16739.4,630.437
73.24,16700,17151.8,16739.5,-451.819
73.25,17625,17159.1,16739.7,465.894
73.26,17400,17166.4,16739.9,233.579
73.27,17075,17173.8,16740,-98.7593
73.28,16275,17181.1,16740.2,-906.119
73.29,17550,17188.5,16740.3,361.504
73.3,16800,17195.9,16740.5,-395.888
73.31,16400,17203.3,16740.7,-803.291
73.32,16750,17210.7,16740.8,-460.701
73.33,16125,17218.1,16741,-1093.12
73.34,16925,17225.5,16741.1,-300.532
73.35,16600,17232.9,16741.3,-632.945
73.36,18125,17240.4,16741.5,884.648
73.37,17525,17247.7,16741.6,277.251
73.38,16550,17255.1,16741.8,-705.132
73.39,17225,17262.5,16742,-37.4978
73.4,16950,17269.8,16742.1,-319.843
73.41,16800,17277.2,16742.3,-477.163
73.42,17350,17284.5,16742.5,65.5459
73.43,17375,17291.7,16742.6,83.2871
73.44,16550,17298.9,16742.8,-748.935
73.45,17075,17306.1,16743,-231.117
73.46,16950,17313.3,16743.1,-363.255
73.47,17100,17320.3,16743.3,-220.344
73.48,16025,17327.4,16743.5,-1302.38
73.49,15900,17334.4,16743.6,-1434.36
73.5,16700,17341.3,16743.8,-641.281
73.51,16900,17348.1,16744,-448.136
73.52,16025,17354.9,16744.1,-1329.92
73.53,15775,17361.6,16744.3,-1586.63
73.54,16925,17368.3,16744.5,-443.271
73.55,18250,17374.8,16744.6,875.175
73.56,16650,17381.3,16744.8,-731.294
73.57,16850,17387.7,16745,-537.673
73.58,17800,17394,16745.2,406.042
73.59,17075,17400.1,16745.3,-325.144
73.6,17300,17406.2,16745.5,-106.229
73.61,17200,17412.2,16745.7,-212.207
73.62,17300,17418.1,16745.9,-118.075
73.63,17025,17423.8,16746,-398.828
73.64,17525,17429.5,16746.2,95.5364
73.65,18950,17435,16746.4,1515.02
73.66,16525,17440.4,16746.6,-915.363
73.67,17375,17445.6,16746.7,-70.6201
73.68,17825,17450.7,16746.9,374.256
73.69,16900,17455.7,16747.1,-555.73
73.7,17000,17460.6,16747.3,-460.576
73.71,17325,17465.3,16747.4,-140.278
73.72,18250,17469.8,16747.6,780.167
73.73,18450,17474.2,16747.8,975.762
73.74,18125,17478.5,16748,646.51
73.75,17750,17482.6,16748.2,267.414
73.76,17800,17486.5,16748.3,313.477
73.77,17750,17490.3,16748.5,259.702
73.78,16575,17493.9,16748.7,-918.91
73.79,17125,17497.4,16748.9,-372.356
73.8,17400,17500.6,16749.1,-100.633
73.81,18325,17503.7,16749.2,821.26
73.82,17550,17506.7,16749.4,43.3244
73.83,17925,17509.4,16749.6,415.563
73.84,15700,17512,16749.8,-1812.02
73.85,16875,17514.4,16750,-639.432
73.86,15900,17516.7,16750.1,-1616.66
73.87,17125,17518.7,16750.3,-393.714
73.88,16900,17520.6,16750.5,-620.585
73.89,17175,17522.3,16750.7,-347.275
73.9,16050,17523.8,16750.9,-1473.78
73.91,18050,17525.1,16751.1,524.893
73.92,16450,17526.2,16751.3,-1076.25
73.93,17525,17527.2,16751.4,-2.20683
73.94,17725,17528,16751.6,197.019
73.95,17075,17528.6,16751.8,-453.571
73.96,17400,17529,16752,-128.976
73.97,17300,17529.2,16752.2,-229.197
73.98,17825,17529.2,16752.4,295.766
73.99,17400,17529.1,16752.6,-129.087
74,17500,17528.8,16752.8,-28.7566
74.01,17025,17528.2,16753,-503.243
74.02,17050,17527.5,16753.1,-477.546
74.03,17350,17526.7,16753.3,-176.667
74.04,17275,17525.6,16753.5,-250.606
74.05,18900,17524.4,16753.7,1375.64
74.06,17750,17522.9,16753.9,227.058
74.07,18375,17521.3,16754.1,853.659
74.08,16925,17519.6,16754.3,-594.562
74.09,17175,17517.6,16754.5,-342.605
74.1,16525,17515.5,16754.7,-990.472
74.11,18425,17513.2,16754.9,911.835
74.12,18050,17510.7,16755.1,539.316
74.13,17550,17508,16755.3,41.9689
74.14,17925,17505.2,16755.5,419.792
74.15,16575,17502.2,16755.7,-927.215
74.16,18000,17499.1,16755.9,500.945
74.17,17150,17495.7,16756.1,-345.73
74.18,18300,17492.2,16756.3,807.759
74.19,18325,17488.6,16756.5,836.409
74.2,18425,17484.8,16756.7,940.219
74.21,17600,17480.8,16756.9,119.186
74.22,17500,17476.7,16757.1,23.3074
74.23,18150,17472.4,16757.3,677.582
74.24,17150,17468,16757.5,-317.995
74.25,17950,17463.4,16757.7,486.576
74.26,18025,17458.7,16757.9,566.291
74.27,16575,17453.9,16758.1,-878.852
74.28,18650,17448.9,16758.3,1201.14
74.29,16450,17443.7,16758.5,-993.727
74.3,17475,17438.5,16758.7,36.5341
74.31,17200,17433.1,16758.9,-233.076
74.32,17375,17427.6,16759.1,-52.5612
74.33,17175,17421.9,16759.3,-246.925
74.34,17500,17416.2,16759.5,83.8284
74.35,18125,17410.3,16759.7,714.696
74.36,18075,17404.3,16759.9,670.673
74.37,17875,17398.2,16760.1,476.755
74.38,17425,17392.1,16760.3,32.9393
74.39,17350,17385.8,16760.5,-35.779
74.4,17775,17379.4,16760.7,395.596
74.41,18425,17372.9,16761,1052.06
74.42,17750,17366.4,16761.2,383.607
74.43,18125,17359.8,16761.4,765.235
74.44,18075,17353.1,16761.6,721.938
74.45,17775,17346.3,16761.8,428.712
74.46,17975,17339.4,16762,635.553
74.47,17625,17332.5,16762.2,292.455
74.48,16550,17325.6,16762.4,-775.586
74.49,18150,17318.6,16762.6,831.425
74.5,17325,17311.5,16762.9,13.4835
74.51,17950,17304.4,16763.1,645.585
74.52,17525,17297.3,16763.3,227.725
74.53,17150,17290.1,16763.5,-140.102
74.54,17525,17282.9,16763.7,242.1
74.55,18150,17275.7,16763.9,874.327
74.56,17275,17268.4,16764.2,6.57284
74.57,18450,17261.2,16764.4,1188.83
74.58,17725,17253.9,16764.6,471.105
74.59,16425,17246.6,16764.8,-821.617
74.6,18075,17239.3,16765,835.662
74.61,17650,17232.1,16765.2,417.938
74.62,17650,17224.8,16765.5,425.207
74.63,16550,17217.5,16765.7,-667.535
74.64,17700,17210.3,16765.9,489.707
74.65,17425,17203.1,16766.1,221.93
74.66,18250,17195.9,16766.3,1054.13
74.67,18050,17188.7,16766.6,861.301
74.68,16250,17181.6,16766.8,-931.559
74.69,17550,17174.5,16767,375.546
74.7,17125,17167.4,16767.2,-42.3868
74.71,17000,17160.4,16767.5,-160.362
74.72,17025,17153.4,16767.7,-128.383
74.73,16250,17146.5,16767.9,-896.453
74.74,16075,17139.6,16768.1,-1064.57
74.75,17650,17132.8,16768.4,517.249
74.76,16700,17126,16768.6,-425.986
74.77,17875,17119.3,16768.8,755.718
74.78,18850,17112.6,16769.1,1737.36
74.79,17225,17106.1,16769.3,118.933
74.8,17750,17099.6,16769.5,650.439
74.81,17400,17093.1,16769.7,306.873
74.82,16475,17086.8,16770,-611.766
74.83,16725,17080.5,16770.2,-355.481
74.84,17325,17074.3,16770.4,250.727
74.85,17350,17068.1,16770.7,281.855
74.86,17975,17062.1,16770.9,912.902
74.87,16150,17056.1,16771.1,-906.134
74.88,16975,17050.3,16771.4,-75.2557
74.89,17125,17044.5,16771.6,80.5369
74.9,17525,17038.8,16771.8,486.242
74.91,17425,17033.1,16772.1,391.858
74.92,17000,17027.6,16772.3,-27.6161
74.93,16775,17022.2,16772.5,-247.181
74.94,17450,17016.8,16772.8,433.161
74.95,16750,17011.6,16773,-261.589
74.96,16250,17006.4,16773.3,-756.433
74.97,16200,17001.4,16773.5,-801.372
74.98,17425,16996.4,16773.7,428.594
74.99,17050,16991.5,16774,58.465
75,15675,16986.8,16774.2,-1311.76
75.01,16525,16982.1,16774.5,-457.082
75.02,17000,16977.5,16774.7,22.4994
75.03,17925,16973,16774.9,951.984
75.04,18025,16968.6,16775.2,1056.37
75.05,18200,16964.3,16775.4,1235.66
75.06,17075,16960.1,16775.7,114.857
75.07,17200,16956,16775.9,243.954
75.08,17150,16952,16776.2,197.955
75.09,16425,16948.1,16776.4,-523.141
75.1,15850,16944.3,16776.6,-1094.33
75.11,17075,16940.6,16776.9,134.379
75.12,16250,16937,16777.1,-687.003
75.13,15900,16933.5,16777.4,-1033.48
75.14,16500,16930.1,16777.6,-430.053
75.15,16550,16926.7,16777.9,-376.719
75.16,16150,16923.5,16778.1,-773.479
75.17,16625,16920.3,16778.4,-295.33
75.18,17750,16917.3,16778.6,832.726
75.19,16525,16914.3,16778.9,-389.309
75.2,17275,16911.4,16779.1,363.566
75.21,17050,16908.6,16779.4,141.351
75.22,16950,16906,16779.6,44.0466
75.23,16750,16903.3,16779.9,-153.346
75.24,17400,16900.8,16780.2,499.175
75.25,17100,16898.4,16780.4,201.609
75.26,16975,16896,16780.7,78.958
75.27,17400,16893.8,16780.9,506.222
75.28,17500,16891.6,16781.2,608.402
75.29,16050,16889.5,16781.4,-839.501
75.3,16625,16887.5,16781.7,-262.485
75.31,16500,16885.6,16781.9,-385.551
75.32,16750,16883.7,16782.2,-133.697
75.33,17550,16881.9,16782.5,668.078
75.34,16950,16880.2,16782.7,69.7741
75.35,16200,16878.6,16783,-678.607
75.36,17800,16877.1,16783.2,922.935
75.37,17325,16875.6,16783.5,449.402
75.38,16625,16874.2,16783.8,-249.207
75.39,16725,16872.9,16784,-147.889
75.4,16300,16871.6,16784.3,-571.645
75.41,17275,16870.5,16784.6,404.527
75.42,17100,16869.4,16784.8,230.627
75.43,15600,16868.3,16785.1,-1268.34
75.44,16450,16867.4,16785.4,-417.384
75.45,16400,16866.5,16785.6,-466.494
75.46,18275,16865.7,16785.9,1409.33
75.47,16725,16864.9,16786.2,-139.919
75.48,16500,16864.2,16786.4,-364.233
75.49,16400,16863.6,16786.7,-463.613
75.5,16525,16863.1,16787,-338.06
75.51,17875,16862.6,16787.2,1012.43
75.52,16600,16862.1,16787.5,-262.149
75.53,16400,16861.8,16787.8,-461.791
75.54,16250,16861.5,16788.1,-611.497
75.55,16775,16861.3,16788.3,-86.2662
75.56,17100,16861.1,16788.6,238.901
75.57,17875,16861,16788.9,1014.01
75.58,17575,16861,16789.1,714.048
75.59,17325,16861,16789.4,464.028
75.6,17450,16861.1,16789.7,588.946
75.61,17100,16861.2,16790,238.803
75.62,16350,16861.4,16790.3,-511.402
75.63,17200,16861.7,16790.5,338.332
75.64,17050,16862,16790.8,188.005
75.65,16275,16862.4,16791.1,-587.383
75.66,17200,16862.8,16791.4,337.168
75.67,16500,16863.3,16791.7,-363.342
75.68,17125,16863.9,16791.9,261.087
75.69,16575,16864.5,16792.2,-289.544
75.7,16925,16865.2,16792.5,59.764
75.71,17150,16866,16792.8,284.011
75.72,17650,16866.8,16793.1,783.197
75.73,17125,16867.7,16793.3,257.322
75.74,17350,16868.6,16793.6,481.386
75.75,17175,16869.6,16793.9,305.389
75.76,17500,16870.7,16794.2,629.33
75.77,17275,16871.8,16794.5,403.21
75.78,17400,16873,16794.8,527.028
75.79,15975,16874.2,16795.1,-899.217
75.8,16525,16875.5,16795.4,-350.523
75.81,17500,16876.9,16795.6,623.108
75.82,17775,16878.3,16795.9,896.676
75.83,17050,16879.8,16796.2,170.181
75.84,16300,16881.4,16796.5,-581.377
75.85,16900,16883,16796.8,17.0011
75.86,17375,16884.7,16797.1,490.316
75.87,17325,16886.4,16797.4,438.566
75.88,16300,16888.2,16797.7,-588.248
75.89,16625,16890.1,16798,-265.127
75.9,16475,16892.1,16798.3,-417.07
75.91,16850,16894.1,16798.6,-44.0789
75.92,17200,16896.2,16798.9,303.847
75.93,17375,16898.3,16799.2,476.707
75.94,17175,16900.5,16799.5,274.502
75.95,17575,16902.8,16799.8,672.23
75.96,16725,16905.1,16800.1,-180.107
75.97,17275,16907.5,16800.4,367.489
75.98,17000,16910,16800.7,90.0179
75.99,17425,16912.5,16801,512.481
76,17100,16915.1,16801.3,184.877
76.01,16775,16917.8,16801.6,-142.794
76.02,16550,16920.5,16801.9,-370.531
76.03,18075,16923.3,16802.2,1151.67
76.04,16725,16926.2,16802.5,-201.206
76.05,16000,16929.1,16802.8,-929.143
76.06,16475,16932.1,16803.1,-457.146
76.07,16550,16935.2,16803.4,-385.216
76.08,17550,16938.4,16803.7,611.648
76.09,16625,16941.6,16804,-316.553
76.1,16075,16944.8,16804.3,-869.82
76.11,17150,16948.2,16804.7,201.848
76.12,17700,16951.5,16805,748.452
76.13,17175,16955,16805.3,219.992
76.14,17100,16958.5,16805.6,141.468
76.15,17075,16962.1,16805.9,112.882
76.16,15975,16965.8,16806.2,-990.767
76.17,17300,16969.5,16806.5,330.523
76.18,16225,16973.2,16806.8,-748.248
76.19,16525,16977.1,16807.2,-452.078
76.2,16950,16981,16807.5,-30.9676
76.21,17375,16984.9,16807.8,390.085
76.22,16600,16988.9,16808.1,-388.918
76.23,17925,16993,16808.4,932.023
76.24,17350,16997.1,16808.7,352.909
76.25,17600,17001.3,16809.1,598.742
76.26,16900,17005.5,16809.4,-105.476
76.27,16875,17009.7,16809.7,-134.744
76.28,18350,17014.1,16810,1335.94
76.29,17375,17018.4,16810.4,356.574
76.3,17000,17022.8,16810.7,-22.8352
76.31,17650,17027.3,16811,622.711
76.32,17450,17031.8,16811.3,418.216
76.33,18000,17036.3,16811.7,963.681
76.34,16975,17040.9,16812,-65.8918
76.35,16950,17045.5,16812.3,-95.5008
76.36,17625,17050.1,16812.6,574.857
76.37,17100,17054.8,16813,45.1822
76.38,16425,17059.5,16813.3,-634.521
76.39,17825,17064.3,16813.6,760.748
76.4,17400,17069,16814,330.993
76.41,17625,17073.8,16814.3,551.216
76.42,18750,17078.6,16814.6,1671.42
76.43,17200,17083.4,16815,116.606
76.44,17525,17088.2,16815.3,436.779
76.45,16075,17093.1,16815.6,-1018.06
76.46,17400,17097.9,16816,302.093
76.47,16575,17102.8,16816.3,-527.76
76.48,17925,17107.6,16816.6,817.384
76.49,17125,17112.5,16817,12.5294
76.5,16800,17117.3,16817.3,-317.322
76.51,17750,17122.2,16817.6,627.833
76.52,17775,17127,16818,647.998
76.53,17425,17131.8,16818.3,293.176
76.54,17850,17136.6,16818.7,713.37
76.55,15825,17141.4,16819,-1316.42
76.56,16925,17146.2,16819.4,-221.178
76.57,18225,17150.9,16819.7,1074.09
76.58,17275,17155.6,16820,119.378
76.59,16900,17160.3,16820.4,-260.295
76.6,17150,17164.9,16820.7,-14.9317
76.61,17850,17169.5,16821.1,680.472
76.62,18525,17174.1,16821.4,1350.92
76.63,16625,17178.6,16821.8,-553.587
76.64,18300,17183,16822.1,1116.96
76.65,18425,17187.4,16822.5,1237.56
76.66,16225,17191.8,16822.8,-966.786
76.67,18775,17196.1,16823.2,1578.93
76.68,17850,17200.3,16823.5,649.714
76.69,17850,17204.4,16823.9,645.564
76.7,17825,17208.5,16824.2,616.485
76.71,17075,17212.5,16824.6,-137.52
76.72,16450,17216.4,16824.9,-766.448
76.73,16700,17220.3,16825.3,-520.294
76.74,17025,17224.1,16825.7,-199.058
76.75,16900,17227.7,16826,-327.734
76.76,18750,17231.3,16826.4,1518.68
76.77,16325,17234.8,16826.7,-909.817
76.78,16950,17238.2,16827.1,-288.218
76.79,16575,17241.5,16827.5,-666.522
76.8,17000,17244.7,16827.8,-244.726
76.81,16250,17247.8,16828.2,-997.828
76.82,18275,17250.8,16828.5,1024.17
76.83,18300,17253.7,16828.9,1046.28
76.84,17550,17256.5,16829.3,293.493
76.85,16750,17259.2,16829.6,-509.184
76.86,17025,17261.8,16830,-236.751
76.87,17350,17264.2,16830.4,85.793
76.88,17450,17266.6,16830.7,183.45
76.89,17900,17268.8,16831.1,631.219
76.9,17800,17270.9,16831.5,529.102
76.91,17525,17272.9,16831.8,252.099
76.92,17000,17274.8,16832.2,-274.789
76.93,17700,17276.6,16832.6,423.436
76.94,17500,17278.2,16833,221.775
76.95,17400,17279.8,16833.3,120.228
76.96,17200,17281.2,16833.7,-81.2072
76.97,17650,17282.5,16834.1,367.47
76.98,18225,17283.7,16834.5,941.257
76.99,17450,17284.8,16834.8,165.154
77,17750,17285.8,16835.2,464.159
77.01,17500,17286.7,16835.6,213.269
77.02,17650,17287.5,16836,362.484
77.03,17800,17288.2,16836.4,511.8
77.04,17100,17288.8,16836.7,-188.784
77.05,17300,17289.3,16837.1,10.7294
77.06,17750,17289.7,16837.5,460.337
77.07,16750,17290,16837.9,-539.965
77.08,17125,17290.2,16838.3,-165.178
77.09,16975,17290.3,16838.7,-315.306
77.1,16775,17290.4,16839,-515.353
77.11,17425,17290.3,16839.4,134.678
77.12,16575,17290.2,16839.8,-715.217
77.13,14925,17290,16840.2,-2365.04
77.14,17500,17289.8,16840.6,210.201
77.15,17025,17289.5,16841,-264.495
77.16,17150,17289.1,16841.4,-139.133
77.17,18325,17288.7,16841.8,1036.28
77.18,17150,17288.3,16842.2,-138.254
77.19,17075,17287.7,16842.6,-212.745
77.2,17975,17287.2,16842.9,687.803
77.21,16400,17286.6,16843.3,-886.614
77.22,16725,17286,16843.7,-561.001
77.23,17400,17285.4,16844.1,114.637
77.24,17625,17284.7,16844.5,340.296
77.25,16550,17284,16844.9,-734.031
77.26,17200,17283.3,16845.3,-83.3466
77.27,16550,17282.7,16845.7,-732.658
77.28,17175,17282,16846.1,-106.968
77.29,17775,17281.3,16846.5,493.716
77.3,18000,17280.6,16846.9,719.39
77.31,17125,17280,16847.3,-154.951
77.32,16850,17279.3,16847.8,-429.313
77.33,16675,17278.7,16848.2,-603.7
77.34,17200,17278.1,16848.6,-78.1165
77.35,16700,17277.6,16849,-577.569
77.36,16250,17277.1,16849.4,-1027.06
77.37,16475,17276.6,16849.8,-801.598
77.38,18400,17276.2,16850.2,1123.81
77.39,17875,17275.8,16850.6,599.173
77.4,16900,17275.5,16851,-375.528
77.41,17050,17275.3,16851.4,-225.293
77.42,17425,17275.1,16851.8,149.875
77.43,17300,17275,16852.3,24.9695
77.44,18650,17275,16852.7,1374.99
77.45,17100,17275.1,16853.1,-175.075
77.46,17300,17275.2,16853.5,24.7767
77.47,17150,17275.5,16853.9,-125.46
77.48,17400,17275.8,16854.3,124.211
77.49,18000,17276.2,16854.8,723.785
77.5,16975,17276.7,16855.2,-301.74
77.51,17775,17277.4,16855.6,497.632
77.52,17750,17278.1,16856,471.897
77.53,17400,17278.9,16856.5,121.053
77.54,17000,17279.9,16856.9,-279.903
77.55,17025,17281,16857.3,-255.974
77.56,18400,17282.2,16857.7,1117.84
77.57,17425,17283.5,16858.2,141.53
77.58,18425,17284.9,16858.6,1140.1
77.59,16425,17286.5,16859,-861.454
77.6,18350,17288.1,16859.4,1061.87
77.61,17950,17289.9,16859.9,660.059
77.62,17725,17291.9,16860.3,433.123
77.63,17700,17293.9,16860.7,406.057
77.64,17750,17296.1,16861.2,453.859
77.65,17425,17298.5,16861.6,126.53
77.66,18175,17300.9,16862,874.068
77.67,18175,17303.5,16862.5,871.473
77.68,17575,17306.3,16862.9,268.744
77.69,16550,17309.1,16863.4,-759.118
77.7,18150,17312.1,16863.8,837.887
77.71,17775,17315.2,16864.2,459.759
77.72,17975,17318.5,16864.7,656.498
77.73,17900,17321.9,16865.1,578.107
77.74,17925,17325.4,16865.6,599.584
77.75,18175,17329.1,16866,845.932
77.76,17325,17332.8,16866.4,-7.8472
77.77,17175,17336.8,16866.9,-161.753
77.78,17850,17340.8,16867.3,509.217
77.79,17025,17344.9,16867.8,-319.936
77.8,17600,17349.2,16868.2,250.792
77.81,18350,17353.6,16868.7,996.401
77.82,17450,17358.1,16869.1,91.8962
77.83,16800,17362.7,16869.6,-562.721
77.84,18250,17367.4,16870,882.553
77.85,18050,17372.3,16870.5,677.721
77.86,18325,17377.2,16870.9,947.787
77.87,18925,17382.2,16871.4,1542.75
77.88,17800,17387.4,16871.9,412.627
77.89,19275,17392.6,16872.3,1882.41
77.9,17150,17397.9,16872.8,-247.895
77.91,17625,17403.3,16873.2,221.719
77.92,18575,17408.7,16873.7,1166.26
77.93,18950,17414.3,16874.2,1535.72
77.94,17225,17419.9,16874.6,-194.884
77.95,17900,17425.6,16875.1,474.45
77.96,17500,17431.3,16875.5,68.7268
77.97,18175,17437,16876,737.952
77.98,18275,17442.9,16876.5,832.132
77.99,18150,17448.7,16876.9,701.271
78,16550,17454.6,16877.4,-904.624
78.01,17175,17460.5,16877.9,-285.548
78.02,18300,17466.5,16878.3,833.507
78.03,18950,17472.5,16878.8,1477.55
78.04,17175,17478.4,16879.3,-303.425
78.05,17600,17484.4,16879.8,115.601
78.06,17575,17490.4,16880.2,84.6319
78.07,18300,17496.3,16880.7,803.673
78.08,18650,17502.3,16881.2,1147.73
78.09,18625,17508.2,16881.7,1116.81
78.1,17925,17514.1,16882.1,410.93
78.11,17200,17519.9,16882.6,-319.917
78.12,16975,17525.7,16883.1,-550.719
78.13,16725,17531.5,16883.6,-806.467
78.14,17100,17537.2,16884.1,-437.156
78.15,17700,17542.8,16884.5,157.223
78.16,17500,17548.3,16885,-48.3239
78.17,17975,17553.8,16885.5,421.211
78.18,18075,17559.2,16886,515.834
78.19,17725,17564.4,16886.5,160.554
78.2,17775,17569.6,16887,205.377
78.21,16725,17574.7,16887.4,-849.69
78.22,17775,17579.6,16887.9,195.361
78.23,17775,17584.5,16888.4,190.535
78.24,17700,17589.2,16888.9,110.841
78.25,17125,17593.7,16889.4,-468.715
78.26,18525,17598.1,16889.9,926.873
78.27,17600,17602.4,16890.4,-2.38857
78.28,18300,17606.5,16890.9,693.507
78.29,16975,17610.4,16891.4,-635.434
78.3,18800,17614.2,16891.9,1185.79
78.31,15875,17617.8,16892.4,-1742.8
78.32,17075,17621.2,16892.9,-546.219
78.33,16800,17624.4,16893.4,-824.449
78.34,17050,17627.5,16893.9,-577.489
78.35,17400,17630.3,16894.4,-230.334
78.36,17475,17633,16894.9,-157.978
78.37,17150,17635.4,16895.4,-485.418
78.38,16350,17637.7,16895.9,-1287.65
78.39,16600,17639.7,16896.4,-1039.67
78.4,17150,17641.5,16896.9,-491.475
78.41,17150,17643.1,16897.4,-493.061
78.42,16775,17644.4,16897.9,-869.426
78.43,16525,17645.6,16898.5,-1120.57
78.44,16525,17646.5,16899,-1121.48
78.45,17325,17647.2,16899.5,-322.173
78.46,17225,17647.6,16900,-422.633
78.47,17475,17647.9,16900.5,-172.863
78.48,17550,17647.9,16901,-97.8618
78.49,17625,17647.6,16901.5,-22.6301
78.5,18325,17647.2,16902.1,677.833
78.51,16325,17646.5,16902.6,-1321.47
78.52,17150,17645.5,16903.1,-495.549
78.53,16625,17644.4,16903.6,-1019.39
78.54,16275,17643,16904.1,-1368.01
78.55,17725,17641.4,16904.7,83.5981
78.56,17025,17639.6,16905.2,-614.567
78.57,16750,17637.5,16905.7,-887.509
78.58,17000,17635.2,16906.2,-635.229
78.59,16900,17632.7,16906.8,-732.732
78.6,16750,17630,16907.3,-880.019
78.61,17350,17627.1,16907.8,-277.094
78.62,17850,17624,16908.4,226.041
78.63,16925,17620.6,16908.9,-695.62
78.64,17050,17617.1,16909.4,-567.079
78.65,17050,17613.3,16910,-563.34
78.66,18075,17609.4,16910.5,465.591
78.67,16550,17605.3,16911,-1055.29
78.68,16275,17601,16911.6,-1325.98
78.69,17325,17596.5,16912.1,-271.5
78.7,16175,17591.8,16912.6,-1416.84
78.71,17200,17587,16913.2,-387.015
78.72,17875,17582,16913.7,292.976
78.73,16150,17576.9,16914.3,-1426.87
78.74,17325,17571.6,16914.8,-246.572
78.75,16800,17566.1,16915.4,-766.122
78.76,17850,17560.5,16915.9,289.47
78.77,17350,17554.8,16916.4,-204.803
78.78,17000,17548.9,16917,-548.945
78.79,16025,17543,16917.5,-1517.96
78.8,16300,17536.9,16918.1,-1236.86
78.81,17175,17530.7,16918.6,-355.651
78.82,16175,17524.3,16919.2,-1349.33
78.83,16975,17517.9,16919.8,-542.913
78.84,16475,17511.4,16920.3,-1036.4
78.85,17000,17504.8,16920.9,-504.8
78.86,17000,17498.1,16921.4,-498.117
78.87,16550,17491.4,16922,-941.358
78.88,16525,17484.5,16922.5,-959.528
78.89,18050,17477.6,16923.1,572.365
78.9,17550,17470.7,16923.7,79.3162
78.91,17275,17463.7,16924.2,-188.68
78.92,17325,17456.6,16924.8,-131.63
78.93,16725,17449.5,16925.4,-724.538
78.94,16550,17442.4,16925.9,-892.412
78.95,17425,17435.3,16926.5,-10.2557
78.96,17125,17428.1,16927.1,-303.075
78.97,16400,17420.9,16927.6,-1020.88
78.98,16875,17413.7,16928.2,-538.664
78.99,16400,17406.4,16928.8,-1006.44
79,18150,17399.2,16929.3,750.78
79.01,17200,17392,16929.9,-191.998
79.02,17475,17384.8,16930.5,90.2173
79.03,16700,17377.6,16931.1,-677.579
79.04,15725,17370.4,16931.6,-1645.39
79.05,17725,17363.2,16932.2,361.774
79.06,17975,17356.1,16932.8,618.915
79.07,17350,17349,16933.4,1.02702
79.08,16600,17341.9,16934,-741.895
79.09,17175,17334.9,16934.5,-159.855
79.1,16550,17327.9,16935.1,-777.857
79.11,16700,17320.9,16935.7,-620.904
79.12,17450,17314,16936.3,136
79.13,17225,17307.1,16936.9,-82.1495
79.14,16275,17300.4,16937.5,-1025.35
79.15,16600,17293.6,16938.1,-693.619
79.16,17175,17286.9,16938.7,-111.947
79.17,15850,17280.3,16939.3,-1430.34
79.18,16950,17273.8,16939.9,-323.801
79.19,17175,17267.3,16940.4,-92.3331
79.2,17725,17260.9,16941,464.061
79.21,17200,17254.6,16941.6,-54.6217
79.22,16275,17248.4,16942.2,-973.383
79.23,15625,17242.2,16942.8,-1617.22
79.24,16775,17236.1,16943.4,-461.149
79.25,16350,17230.2,16944,-880.159
79.26,17225,17224.3,16944.6,0.7448
79.27,16600,17218.4,16945.2,-618.44
79.28,18425,17212.7,16945.9,1212.29
79.29,16800,17207.1,16946.5,-407.08
79.3,16875,17201.5,16947.1,-326.539
79.31,17450,17196.1,16947.7,253.908
79.32,16550,17190.7,16948.3,-640.739
79.33,17225,17185.5,16948.9,39.5169
79.34,16750,17180.3,16949.5,-430.324
79.35,17450,17175.3,16950.1,274.738
79.36,17225,17170.3,16950.7,54.7017
79.37,16950,17165.4,16951.4,-215.434
79.38,16575,17160.7,16952,-585.668
79.39,16775,17156,16952.6,-381.002
79.4,17050,17151.4,16953.2,-101.436
79.41,17050,17147,16953.8,-96.9697
79.42,17425,17142.6,16954.5,282.397
79.43,16875,17138.3,16955.1,-263.337
79.44,16550,17134.2,16955.7,-584.171
79.45,16700,17130.1,16956.3,-430.104
79.46,16425,17126.1,16957,-701.136
79.47,16925,17122.3,16957.6,-197.267
79.48,16975,17118.5,16958.2,-143.497
79.49,17300,17114.8,16958.8,185.176
79.5,16400,17111.2,16959.5,-711.249
79.51,16475,17107.8,16960.1,-632.77
79.52,18200,17104.4,16960.7,1095.61
79.53,17600,17101.1,16961.4,498.9
79.54,16250,17097.9,16962,-847.906
79.55,17400,17094.8,16962.7,305.194
79.56,17275,17091.8,16963.3,183.202
79.57,17475,17088.9,16963.9,386.118
79.58,16750,17086.1,16964.6,-336.056
79.59,17075,17083.3,16965.2,-8.31897
79.6,16875,17080.7,16965.9,-205.67
79.61,17200,17078.1,16966.5,121.892
79.62,16800,17075.6,16967.2,-275.632
79.63,17525,17073.2,16967.8,451.76
79.64,18300,17070.9,16968.5,1229.07
79.65,16325,17068.7,16969.1,-743.705
79.66,17725,17066.6,16969.8,658.442
79.67,17075,17064.5,16970.4,10.5087
79.68,17825,17062.5,16971.1,762.498
79.69,17475,17060.6,16971.7,414.411
79.7,16725,17058.8,16972.4,-333.751
79.71,16800,17057,16973,-256.987
79.72,16225,17055.3,16973.7,-830.295
79.73,17800,17053.7,16974.4,746.326
79.74,17275,17052.1,16975,222.878
79.75,15750,17050.6,16975.7,-1300.64
79.76,16400,17049.2,16976.3,-649.221
79.77,17050,17047.9,16977,2.13163
79.78,16075,17046.6,16977.7,-971.58
79.79,17125,17045.4,16978.3,79.6472
79.8,17150,17044.2,16979,105.813
79.81,17100,17043.1,16979.7,56.92
79.82,15550,17042,16980.4,-1492.03
79.83,17625,17041,16981,583.961
79.84,17075,17040.1,16981.7,34.8985
79.85,16925,17039.2,16982.4,-114.218
79.86,17575,17038.4,16983.1,536.613
79.87,17950,17037.6,16983.7,912.394
79.88,16800,17036.9,16984.4,-236.875
79.89,17875,17036.2,16985.1,838.807
79.9,16850,17035.6,16985.8,-185.557
79.91,17925,17035,16986.5,890.033
79.92,15800,17034.4,16987.1,-1234.42
79.93,16175,17033.9,16987.8,-858.92
79.94,15975,17033.5,16988.5,-1058.46
79.95,17850,17033,16989.2,816.961
79.96,16950,17032.7,16989.9,-82.6591
79.97,16950,17032.3,16990.6,-82.3172
79.98,16900,17032,16991.3,-132.012
79.99,17125,17031.7,16992,93.2563
80,16875,17031.5,16992.7,-156.51
