two_theta,y_obs,y_calc,y_bkg,y_diff
3.875,0.29695,0,0,0
3.88,0.306331,0,0,0
3.885,0.265384,0,0,0
3.89,0.246686,0,0,0
3.895,0.238279,0,0,0
3.9,0.366013,0,0,0
3.905,0.389534,0,0,0
3.91,0.305856,0,0,0
3.915,0.271975,0,0,0
3.92,0.266083,0,0,0
3.925,0.282862,0,0,0
3.93,0.240795,0,0,0
3.935,0.157316,0,0,0
3.94,0.207126,0,0,0
3.945,0.235978,0,0,0
3.95,0.303083,0,0,0
3.955,0.377689,0,0,0
3.96,0.39927,0,0,0
3.965,0.405552,0,0,0
3.97,0.347998,0,0,0
3.975,0.326385,0,0,0
3.98,0.296928,0,0,0
3.985,0.300808,0,0,0
3.99,0.330647,0,0,0
3.995,0.33901,0,0,0
4,0.326402,0,0,0
4.005,0.294691,0,0,0
4.01,0.35186,0,0,0
4.015,0.381127,0,0,0
4.02,0.390393,0,0,0
4.025,0.39623,0,0,0
4.03,0.387107,0,0,0
4.035,0.430711,0,0,0
4.04,0.397294,0,0,0
4.045,0.3823,0,0,0
4.05,0.362168,0,0,0
4.055,0.34819,0,0,0
4.06,0.367526,0,0,0
4.065,0.386675,0,0,0
4.07,0.375383,0,0,0
4.075,0.375311,0,0,0
4.08,0.333302,0,0,0
4.085,0.317789,0,0,0
4.09,0.272285,0,0,0
4.095,0.291228,0,0,0
4.1,0.296889,0,0,0
4.105,0.315133,0,0,0
4.11,0.322653,0,0,0
4.115,0.305675,0,0,0
4.12,0.280131,0,0,0
4.125,0.27832,0,0,0
4.13,0.338173,0,0,0
4.135,0.368968,0,0,0
4.14,0.36858,0,0,0
4.145,0.324629,0,0,0
4.15,0.312294,0,0,0
4.155,0.294544,0,0,0
4.16,0.287132,0,0,0
4.165,0.293962,0,0,0
4.17,0.320607,0,0,0
4.175,0.334013,0,0,0
4.18,0.362185,0,0,0
4.185,0.371528,0,0,0
4.19,0.372576,0,0,0
4.195,0.360414,0,0,0
4.2,0.34912,0,0,0
4.205,0.313291,0,0,0
4.21,0.271013,0,0,0
4.215,0.254634,0,0,0
4.22,0.27234,0,0,0
4.225,0.305539,0,0,0
4.23,0.302461,0,0,0
4.235,0.286711,0,0,0
4.24,0.280127,0,0,0
4.245,0.3267,0,0,0
4.25,0.316654,0,0,0
4.255,0.282145,0,0,0
4.26,0.25002,0,0,0
4.265,0.262815,0,0,0
4.27,0.294211,0,0,0
4.275,0.291608,0,0,0
4.28,0.265026,0,0,0
4.285,0.283917,0,0,0
4.29,0.330003,0,0,0
4.295,0.358396,0,0,0
4.3,0.378193,0,0,0
4.305,0.354873,0,0,0
4.31,0.375163,0,0,0
4.315,0.37163,0,0,0
4.32,0.370861,0,0,0
4.325,0.371934,0,0,0
4.33,0.368089,0,0,0
4.335,0.386169,0,0,0
4.34,0.361883,0,0,0
4.345,0.362612,0,0,0
4.35,0.373148,0,0,0
4.355,0.366916,0,0,0
4.36,0.349854,0,0,0
4.365,0.359813,0,0,0
4.37,0.381759,0,0,0
4.375,0.376607,0,0,0
4.38,0.354653,0,0,0
4.385,0.346284,0,0,0
4.39,0.359126,0,0,0
4.395,0.366566,0,0,0
4.4,0.341953,0,0,0
4.405,0.37158,0,0,0
4.41,0.399133,0,0,0
4.415,0.397889,0,0,0
4.42,0.345026,0,0,0
4.425,0.303795,0,0,0
4.43,0.338959,0,0,0
4.435,0.362424,0,0,0
4.44,0.398976,0,0,0
4.445,0.366907,0,0,0
4.45,0.347922,0,0,0
4.455,0.316604,0,0,0
4.46,0.281852,0,0,0
4.465,0.291342,0,0,0
4.47,0.311827,0,0,0
4.475,0.364108,0,0,0
4.48,0.353341,0,0,0
4.485,0.329725,0,0,0
4.49,0.289591,0,0,0
4.495,0.286092,0,0,0
4.5,0.318257,0,0,0
4.505,0.351396,0,0,0
4.51,0.375228,0,0,0
4.515,0.415516,0,0,0
4.52,0.452129,0,0,0
4.525,0.472797,0,0,0
4.53,0.419754,0,0,0
4.535,0.36961,0,0,0
4.54,0.344482,0,0,0
4.545,0.328755,0,0,0
4.55,0.358035,0,0,0
4.555,0.368702,0,0,0
4.56,0.40308,0,0,0
4.565,0.385748,0,0,0
4.57,0.375488,0,0,0
4.575,0.370117,0,0,0
4.58,0.395774,0,0,0
4.585,0.417054,0,0,0
4.59,0.454093,0,0,0
4.595,0.473583,0,0,0
4.6,0.476249,0,0,0
4.605,0.475947,0,0,0
4.61,0.463966,0,0,0
4.615,0.422448,0,0,0
4.62,0.411481,0,0,0
4.625,0.396741,0,0,0
4.63,0.402734,0,0,0
4.635,0.376727,0,0,0
4.64,0.350796,0,0,0
4.645,0.348208,0,0,0
4.65,0.360086,0,0,0
4.655,0.344048,0,0,0
4.66,0.355861,0,0,0
4.665,0.385409,0,0,0
4.67,0.41392,0,0,0
4.675,0.447492,0,0,0
4.68,0.460035,0,0,0
4.685,0.443134,0,0,0
4.69,0.419694,0,0,0
4.695,0.412351,0,0,0
4.7,0.46002,0,0,0
4.705,0.453478,0,0,0
4.71,0.443954,0,0,0
4.715,0.42656,0,0,0
4.72,0.452736,0,0,0
4.725,0.463674,0,0,0
4.73,0.468646,0,0,0
4.735,0.472927,0,0,0
4.74,0.463819,0,0,0
4.745,0.458375,0,0,0
4.75,0.456721,0,0,0
4.755,0.474651,0,0,0
4.76,0.475492,0,0,0
4.765,0.450917,0,0,0
4.77,0.445675,0,0,0
4.775,0.43286,0,0,0
4.78,0.439657,0,0,0
4.785,0.446709,0,0,0
4.79,0.458968,0,0,0
4.795,0.443714,0,0,0
4.8,0.442576,0,0,0
4.805,0.483302,0,0,0
4.81,0.525288,0,0,0
4.815,0.518905,0,0,0
4.82,0.483217,0,0,0
4.825,0.447708,0,0,0
4.83,0.439882,0,0,0
4.835,0.408138,0,0,0
4.84,0.390254,0,0,0
4.845,0.390431,0,0,0
4.85,0.399219,0,0,0
4.855,0.397796,0,0,0
4.86,0.392152,0,0,0
4.865,0.382636,0,0,0
4.87,0.38981,0,0,0
4.875,0.425527,0,0,0
4.88,0.457922,0,0,0
4.885,0.480729,0,0,0
4.89,0.464012,0,0,0
4.895,0.422297,0,0,0
4.9,0.406036,0,0,0
4.905,0.413282,0,0,0
4.91,0.421991,0,0,0
4.915,0.407992,0,0,0
4.92,0.415494,0,0,0
4.925,0.452213,0,0,0
4.93,0.484511,0,0,0
4.935,0.495004,0,0,0
4.94,0.468613,0,0,0
4.945,0.465929,0,0,0
4.95,0.465997,0,0,0
4.955,0.457542,0,0,0
4.96,0.447306,0,0,0
4.965,0.423096,0,0,0
4.97,0.426152,0,0,0
4.975,0.41353,0,0,0
4.98,0.397566,0,0,0
4.985,0.417831,0,0,0
4.99,0.462985,0,0,0
4.995,0.491916,0,0,0
5,0.503252,0,0,0
5.005,0.469058,0,0,0
5.01,0.455305,0,0,0
5.015,0.450356,0,0,0
5.02,0.516842,0,0,0
5.025,0.532998,0,0,0
5.03,0.527475,0,0,0
5.035,0.482775,0,0,0
5.04,0.443505,0,0,0
5.045,0.453108,0,0,0
5.05,0.448917,0,0,0
5.055,0.480362,0,0,0
5.06,0.494473,0,0,0
5.065,0.499751,0,0,0
5.07,0.486209,0,0,0
5.075,0.471489,0,0,0
5.08,0.481057,0,0,0
5.085,0.519595,0,0,0
5.09,0.545243,0,0,0
5.095,0.534669,0,0,0
5.1,0.508261,0,0,0
5.105,0.492325,0,0,0
5.11,0.470097,0,0,0
5.115,0.464555,0,0,0
5.12,0.423494,0,0,0
5.125,0.433686,0,0,0
5.13,0.443149,0,0,0
5.135,0.471145,0,0,0
5.14,0.491697,0,0,0
5.145,0.491273,0,0,0
5.15,0.48148,0,0,0
5.155,0.481431,0,0,0
5.16,0.478997,0,0,0
5.165,0.513055,0,0,0
5.17,0.560815,0,0,0
5.175,0.602259,0,0,0
5.18,0.617429,0,0,0
5.185,0.575277,0,0,0
5.19,0.541245,0,0,0
5.195,0.498095,0,0,0
5.2,0.492242,0,0,0
5.205,0.480794,0,0,0
5.21,0.477135,0,0,0
5.215,0.500818,0,0,0
5.22,0.508553,0,0,0
5.225,0.510723,0,0,0
5.23,0.48597,0,0,0
5.235,0.454181,0,0,0
5.24,0.442835,0,0,0
5.245,0.456557,0,0,0
5.25,0.491599,0,0,0
5.255,0.526368,0,0,0
5.26,0.545111,0,0,0
5.265,0.546569,0,0,0
5.27,0.529404,0,0,0
5.275,0.495715,0,0,0
5.28,0.474209,0,0,0
5.285,0.465974,0,0,0
5.29,0.459938,0,0,0
5.295,0.467877,0,0,0
5.3,0.481389,0,0,0
5.305,0.51906,0,0,0
5.31,0.531326,0,0,0
5.315,0.557804,0,0,0
5.32,0.562123,0,0,0
5.325,0.560159,0,0,0
5.33,0.53161,0,0,0
5.335,0.510182,0,0,0
5.34,0.528026,0,0,0
5.345,0.554473,0,0,0
5.35,0.546953,0,0,0
5.355,0.49416,0,0,0
5.36,0.50531,0,0,0
5.365,0.539229,0,0,0
5.37,0.564491,0,0,0
5.375,0.538145,0,0,0
5.38,0.499848,0,0,0
5.385,0.480606,0,0,0
5.39,0.496281,0,0,0
5.395,0.489598,0,0,0
5.4,0.522528,0,0,0
5.405,0.554804,0,0,0
5.41,0.571914,0,0,0
5.415,0.580504,0,0,0
5.42,0.576815,0,0,0
5.425,0.579169,0,0,0
5.43,0.576813,0,0,0
5.435,0.559733,0,0,0
5.44,0.554312,0,0,0
5.445,0.536781,0,0,0
5.45,0.516176,0,0,0
5.455,0.495375,0,0,0
5.46,0.473309,0,0,0
5.465,0.474643,0,0,0
5.47,0.492799,0,0,0
5.475,0.504755,0,0,0
5.48,0.535159,0,0,0
5.485,0.528648,0,0,0
5.49,0.52491,0,0,0
5.495,0.540945,0,0,0
5.5,0.552204,0,0,0
5.505,0.557075,0,0,0
5.51,0.540784,0,0,0
5.515,0.526245,0,0,0
5.52,0.544268,0,0,0
5.525,0.561418,0,0,0
5.53,0.575151,0,0,0
5.535,0.547281,0,0,0
5.54,0.543155,0,0,0
5.545,0.533166,0,0,0
5.55,0.529481,0,0,0
5.555,0.51293,0,0,0
5.56,0.498534,0,0,0
5.565,0.50786,0,0,0
5.57,0.530095,0,0,0
5.575,0.545553,0,0,0
5.58,0.546436,0,0,0
5.585,0.555905,0,0,0
5.59,0.563338,0,0,0
5.595,0.568731,0,0,0
5.6,0.559187,0,0,0
5.605,0.551403,0,0,0
5.61,0.53334,0,0,0
5.615,0.540566,0,0,0
5.62,0.569419,0,0,0
5.625,0.581224,0,0,0
5.63,0.590361,0,0,0
5.635,0.600502,0,0,0
5.64,0.602177,0,0,0
5.645,0.607175,0,0,0
5.65,0.625393,0,0,0
5.655,0.637282,0,0,0
5.66,0.654275,0,0,0
5.665,0.649641,0,0,0
5.67,0.638884,0,0,0
5.675,0.635199,0,0,0
5.68,0.642209,0,0,0
5.685,0.629891,0,0,0
5.69,0.601259,0,0,0
5.695,0.593019,0,0,0
5.7,0.601375,0,0,0
5.705,0.607689,0,0,0
5.71,0.591163,0,0,0
5.715,0.560432,0,0,0
5.72,0.569759,0,0,0
5.725,0.589413,0,0,0
5.73,0.594552,0,0,0
5.735,0.611488,0,0,0
5.74,0.622217,0,0,0
5.745,0.624235,0,0,0
5.75,0.630488,0,0,0
5.755,0.604325,0,0,0
5.76,0.610144,0,0,0
5.765,0.601394,0,0,0
5.77,0.614043,0,0,0
5.775,0.607251,0,0,0
5.78,0.611159,0,0,0
5.785,0.615625,0,0,0
5.79,0.635297,0,0,0
5.795,0.640057,0,0,0
5.8,0.63777,0,0,0
5.805,0.643167,0,0,0
5.81,0.635274,0,0,0
5.815,0.614688,0,0,0
5.82,0.581497,0,0,0
5.825,0.574017,0,0,0
5.83,0.570627,0,0,0
5.835,0.596502,0,0,0
5.84,0.607547,0,0,0
5.845,0.614378,0,0,0
5.85,0.630476,0,0,0
5.855,0.647857,0,0,0
5.86,0.664236,0,0,0
5.865,0.651194,0,0,0
5.87,0.619183,0,0,0
5.875,0.603583,0,0,0
5.88,0.597164,0,0,0
5.885,0.578724,0,0,0
5.89,0.584307,0,0,0
5.895,0.627254,0,0,0
5.9,0.675738,0,0,0
5.905,0.704638,0,0,0
5.91,0.683961,0,0,0
5.915,0.662541,0,0,0
5.92,0.652844,0,0,0
5.925,0.649529,0,0,0
5.93,0.675205,0,0,0
5.935,0.71238,0,0,0
5.94,0.733867,0,0,0
5.945,0.711054,0,0,0
5.95,0.66844,0,0,0
5.955,0.666205,0,0,0
5.96,0.687015,0,0,0
5.965,0.698209,0,0,0
5.97,0.684391,0,0,0
5.975,0.667638,0,0,0
5.98,0.657317,0,0,0
5.985,0.651601,0,0,0
5.99,0.653144,0,0,0
5.995,0.6491,0,0,0
6,0.622071,0,0,0
6.005,0.619691,0,0,0
6.01,0.600336,0,0,0
6.015,0.604681,0,0,0
6.02,0.620949,0,0,0
6.025,0.648903,0,0,0
6.03,0.628323,0,0,0
6.035,0.601691,0,0,0
6.04,0.590776,0,0,0
6.045,0.602295,0,0,0
6.05,0.617448,0,0,0
6.055,0.623088,0,0,0
6.06,0.622136,0,0,0
6.065,0.640052,0,0,0
6.07,0.650133,0,0,0
6.075,0.690435,0,0,0
6.08,0.696987,0,0,0
6.085,0.656955,0,0,0
6.09,0.611998,0,0,0
6.095,0.595239,0,0,0
6.1,0.600504,0,0,0
6.105,0.603917,0,0,0
6.11,0.627625,0,0,0
6.115,0.639281,0,0,0
6.12,0.632191,0,0,0
6.125,0.601579,0,0,0
6.13,0.598967,0,0,0
6.135,0.611491,0,0,0
6.14,0.625829,0,0,0
6.145,0.650395,0,0,0
6.15,0.683683,0,0,0
6.155,0.678,0,0,0
6.16,0.6625,0,0,0
6.165,0.662169,0,0,0
6.17,0.661303,0,0,0
6.175,0.663726,0,0,0
6.18,0.661026,0,0,0
6.185,0.657676,0,0,0
6.19,0.663841,0,0,0
6.195,0.673881,0,0,0
6.2,0.67371,0,0,0
6.205,0.678086,0,0,0
6.21,0.692696,0,0,0
6.215,0.734604,0,0,0
6.22,0.74539,0,0,0
6.225,0.716401,0,0,0
6.23,0.70263,0,0,0
6.235,0.692433,0,0,0
6.24,0.703056,0,0,0
6.245,0.67068,0,0,0
6.25,0.644155,0,0,0
6.255,0.636731,0,0,0
6.26,0.616726,0,0,0
6.265,0.634734,0,0,0
6.27,0.659536,0,0,0
6.275,0.684742,0,0,0
6.28,0.693235,0,0,0
6.285,0.697141,0,0,0
6.29,0.710752,0,0,0
6.295,0.747549,0,0,0
6.3,0.760469,0,0,0
6.305,0.750054,0,0,0
6.31,0.736259,0,0,0
6.315,0.709654,0,0,0
6.32,0.705724,0,0,0
6.325,0.705955,0,0,0
6.33,0.696114,0,0,0
6.335,0.702477,0,0,0
6.34,0.713294,0,0,0
6.345,0.730829,0,0,0
6.35,0.778213,0,0,0
6.355,0.770892,0,0,0
6.36,0.7596,0,0,0
6.365,0.75701,0,0,0
6.37,0.755361,0,0,0
6.375,0.77063,0,0,0
6.38,0.757883,0,0,0
6.385,0.741672,0,0,0
6.39,0.746737,0,0,0
6.395,0.768878,0,0,0
6.4,0.750693,0,0,0
6.405,0.744841,0,0,0
6.41,0.711091,0,0,0
6.415,0.735398,0,0,0
6.42,0.77398,0,0,0
6.425,0.7646,0,0,0
6.43,0.768582,0,0,0
6.435,0.771415,0,0,0
6.44,0.777814,0,0,0
6.445,0.756778,0,0,0
6.45,0.714841,0,0,0
6.455,0.690703,0,0,0
6.46,0.69622,0,0,0
6.465,0.696167,0,0,0
6.47,0.680151,0,0,0
6.475,0.657251,0,0,0
6.48,0.657255,0,0,0
6.485,0.673042,0,0,0
6.49,0.702009,0,0,0
6.495,0.717659,0,0,0
6.5,0.729463,0,0,0
6.505,0.7373,0,0,0
6.51,0.752732,0,0,0
6.515,0.767886,0,0,0
6.52,0.789234,0,0,0
6.525,0.817122,0,0,0
6.53,0.813546,0,0,0
6.535,0.801893,0,0,0
6.54,0.744792,0,0,0
6.545,0.689891,0,0,0
6.55,0.664119,0,0,0
6.555,0.670888,0,0,0
6.56,0.684016,0,0,0
6.565,0.685718,0,0,0
6.57,0.70004,0,0,0
6.575,0.732298,0,0,0
6.58,0.76558,0,0,0
6.585,0.749551,0,0,0
6.59,0.699699,0,0,0
6.595,0.667137,0,0,0
6.6,0.668374,0,0,0
6.605,0.674819,0,0,0
6.61,0.681767,0,0,0
6.615,0.681623,0,0,0
6.62,0.689202,0,0,0
6.625,0.679091,0,0,0
6.63,0.691042,0,0,0
6.635,0.703884,0,0,0
6.64,0.714727,0,0,0
6.645,0.724012,0,0,0
6.65,0.713176,0,0,0
6.655,0.728193,0,0,0
6.66,0.74077,0,0,0
6.665,0.747804,0,0,0
6.67,0.74965,0,0,0
6.675,0.74291,0,0,0
6.68,0.734856,0,0,0
6.685,0.719303,0,0,0
6.69,0.716342,0,0,0
6.695,0.715607,0,0,0
6.7,0.740561,0,0,0
6.705,0.750806,0,0,0
6.71,0.754611,0,0,0
6.715,0.747192,0,0,0
6.72,0.721322,0,0,0
6.725,0.712188,0,0,0
6.73,0.736113,0,0,0
6.735,0.750262,0,0,0
6.74,0.720507,0,0,0
6.745,0.714066,0,0,0
6.75,0.720614,0,0,0
6.755,0.744361,0,0,0
6.76,0.769917,0,0,0
6.765,0.774675,0,0,0
6.77,0.767928,0,0,0
6.775,0.749058,0,0,0
6.78,0.717105,0,0,0
6.785,0.719016,0,0,0
6.79,0.741501,0,0,0
6.795,0.769157,0,0,0
6.8,0.790653,0,0,0
6.805,0.803893,0,0,0
6.81,0.813049,0,0,0
6.815,0.816524,0,0,0
6.82,0.810282,0,0,0
6.825,0.798004,0,0,0
6.83,0.767511,0,0,0
6.835,0.757106,0,0,0
6.84,0.771595,0,0,0
6.845,0.786872,0,0,0
6.85,0.813997,0,0,0
6.855,0.815096,0,0,0
6.86,0.786765,0,0,0
6.865,0.770488,0,0,0
6.87,0.771989,0,0,0
6.875,0.800571,0,0,0
6.88,0.802636,0,0,0
6.885,0.793919,0,0,0
6.89,0.777275,0,0,0
6.895,0.770869,0,0,0
6.9,0.770036,0,0,0
6.905,0.779503,0,0,0
6.91,0.775488,0,0,0
6.915,0.774249,0,0,0
6.92,0.748426,0,0,0
6.925,0.731857,0,0,0
6.93,0.71829,0,0,0
6.935,0.734316,0,0,0
6.94,0.742558,0,0,0
6.945,0.749376,0,0,0
6.95,0.771684,0,0,0
6.955,0.80121,0,0,0
6.96,0.813749,0,0,0
6.965,0.792884,0,0,0
6.97,0.770292,0,0,0
6.975,0.77258,0,0,0
6.98,0.771848,0,0,0
6.985,0.78488,0,0,0
6.99,0.799325,0,0,0
6.995,0.820296,0,0,0
7,0.836055,0,0,0
7.005,0.818511,0,0,0
7.01,0.805832,0,0,0
7.015,0.80681,0,0,0
7.02,0.801584,0,0,0
7.025,0.807045,0,0,0
7.03,0.803379,0,0,0
7.035,0.802201,0,0,0
7.04,0.805104,0,0,0
7.045,0.800945,0,0,0
7.05,0.777852,0,0,0
7.055,0.75764,0,0,0
7.06,0.752472,0,0,0
7.065,0.77472,0,0,0
7.07,0.810078,0,0,0
7.075,0.811394,0,0,0
7.08,0.81917,0,0,0
7.085,0.819956,0,0,0
7.09,0.816968,0,0,0
7.095,0.802386,0,0,0
7.1,0.801905,0,0,0
7.105,0.81571,0,0,0
7.11,0.820003,0,0,0
7.115,0.817022,0,0,0
7.12,0.816798,0,0,0
7.125,0.800687,0,0,0
7.13,0.782828,0,0,0
7.135,0.765214,0,0,0
7.14,0.765815,0,0,0
7.145,0.763501,0,0,0
7.15,0.761178,0,0,0
7.155,0.770233,0,0,0
7.16,0.775957,0,0,0
7.165,0.785952,0,0,0
7.17,0.79711,0,0,0
7.175,0.811751,0,0,0
7.18,0.797743,0,0,0
7.185,0.771612,0,0,0
7.19,0.764385,0,0,0
7.195,0.783332,0,0,0
7.2,0.792832,0,0,0
7.205,0.780176,0,0,0
7.21,0.760038,0,0,0
7.215,0.741137,0,0,0
7.22,0.729308,0,0,0
7.225,0.739353,0,0,0
7.23,0.780183,0,0,0
7.235,0.804677,0,0,0
7.24,0.817113,0,0,0
7.245,0.809154,0,0,0
7.25,0.810148,0,0,0
7.255,0.824969,0,0,0
7.26,0.829581,0,0,0
7.265,0.83201,0,0,0
7.27,0.811598,0,0,0
7.275,0.794772,0,0,0
7.28,0.786004,0,0,0
7.285,0.777503,0,0,0
7.29,0.778589,0,0,0
7.295,0.750011,0,0,0
7.3,0.74473,0,0,0
7.305,0.75596,0,0,0
7.31,0.786264,0,0,0
7.315,0.818918,0,0,0
7.32,0.821493,0,0,0
7.325,0.817225,0,0,0
7.33,0.80799,0,0,0
7.335,0.797982,0,0,0
7.34,0.77796,0,0,0
7.345,0.759635,0,0,0
7.35,0.7539,0,0,0
7.355,0.752127,0,0,0
7.36,0.773336,0,0,0
7.365,0.786338,0,0,0
7.37,0.795272,0,0,0
7.375,0.792878,0,0,0
7.38,0.794808,0,0,0
7.385,0.800479,0,0,0
7.39,0.790469,0,0,0
7.395,0.787836,0,0,0
7.4,0.815121,0,0,0
7.405,0.836812,0,0,0
7.41,0.840708,0,0,0
7.415,0.832613,0,0,0
7.42,0.820893,0,0,0
7.425,0.821478,0,0,0
7.43,0.817013,0,0,0
7.435,0.836949,0,0,0
7.44,0.845763,0,0,0
7.445,0.85293,0,0,0
7.45,0.831145,0,0,0
7.455,0.83271,0,0,0
7.46,0.830959,0,0,0
7.465,0.828856,0,0,0
7.47,0.816539,0,0,0
7.475,0.815653,0,0,0
7.48,0.807068,0,0,0
7.485,0.802842,0,0,0
7.49,0.789532,0,0,0
7.495,0.790884,0,0,0
7.5,0.776046,0,0,0
7.505,0.769892,0,0,0
7.51,0.750663,0,0,0
7.515,0.750546,0,0,0
7.52,0.752989,0,0,0
7.525,0.776033,0,0,0
7.53,0.792328,0,0,0
7.535,0.796914,0,0,0
7.54,0.800886,0,0,0
7.545,0.79862,0,0,0
7.55,0.82679,0,0,0
7.555,0.841054,0,0,0
7.56,0.83425,0,0,0
7.565,0.839613,0,0,0
7.57,0.824935,0,0,0
7.575,0.820978,0,0,0
7.58,0.814852,0,0,0
7.585,0.811264,0,0,0
7.59,0.802445,0,0,0
7.595,0.804257,0,0,0
7.6,0.823762,0,0,0
7.605,0.86264,0,0,0
7.61,0.894145,0,0,0
7.615,0.910168,0,0,0
7.62,0.908164,0,0,0
7.625,0.923589,0,0,0
7.63,0.924585,0,0,0
7.635,0.907176,0,0,0
7.64,0.879269,0,0,0
7.645,0.841201,0,0,0
7.65,0.82011,0,0,0
7.655,0.809117,0,0,0
7.66,0.803827,0,0,0
7.665,0.796352,0,0,0
7.67,0.789933,0,0,0
7.675,0.786048,0,0,0
7.68,0.787297,0,0,0
7.685,0.790763,0,0,0
7.69,0.794036,0,0,0
7.695,0.80094,0,0,0
7.7,0.804024,0,0,0
7.705,0.787002,0,0,0
7.71,0.794954,0,0,0
7.715,0.818833,0,0,0
7.72,0.8483,0,0,0
7.725,0.852586,0,0,0
7.73,0.825885,0,0,0
7.735,0.828255,0,0,0
7.74,0.83318,0,0,0
7.745,0.834636,0,0,0
7.75,0.833497,0,0,0
7.755,0.807587,0,0,0
7.76,0.808474,0,0,0
7.765,0.825346,0,0,0
7.77,0.826816,0,0,0
7.775,0.84357,0,0,0
7.78,0.843655,0,0,0
7.785,0.859727,0,0,0
7.79,0.853108,0,0,0
7.795,0.859268,0,0,0
7.8,0.863157,0,0,0
7.805,0.856324,0,0,0
7.81,0.844404,0,0,0
7.815,0.830381,0,0,0
7.82,0.82533,0,0,0
7.825,0.832749,0,0,0
7.83,0.854626,0,0,0
7.835,0.862272,0,0,0
7.84,0.876406,0,0,0
7.845,0.862709,0,0,0
7.85,0.851459,0,0,0
7.855,0.851968,0,0,0
7.86,0.855709,0,0,0
7.865,0.859213,0,0,0
7.87,0.83995,0,0,0
7.875,0.81366,0,0,0
7.88,0.822574,0,0,0
7.885,0.836291,0,0,0
7.89,0.839621,0,0,0
7.895,0.835152,0,0,0
7.9,0.86743,0,0,0
7.905,0.897308,0,0,0
7.91,0.929234,0,0,0
7.915,0.92958,0,0,0
7.92,0.898895,0,0,0
7.925,0.889382,0,0,0
7.93,0.882536,0,0,0
7.935,0.889285,0,0,0
7.94,0.893533,0,0,0
7.945,0.880572,0,0,0
7.95,0.890237,0,0,0
7.955,0.888926,0,0,0
7.96,0.901585,0,0,0
7.965,0.889993,0,0,0
7.97,0.881769,0,0,0
7.975,0.885287,0,0,0
7.98,0.879623,0,0,0
7.985,0.871751,0,0,0
7.99,0.855173,0,0,0
7.995,0.861859,0,0,0
8,0.869138,0,0,0
8.005,0.9003,0,0,0
8.01,0.913892,0,0,0
8.015,0.914147,0,0,0
8.02,0.888023,0,0,0
8.025,0.858669,0,0,0
8.03,0.849309,0,0,0
8.035,0.855863,0,0,0
8.04,0.85761,0,0,0
8.045,0.866772,0,0,0
8.05,0.875686,0,0,0
8.055,0.886361,0,0,0
8.06,0.894539,0,0,0
8.065,0.903944,0,0,0
8.07,0.9114,0,0,0
8.075,0.900703,0,0,0
8.08,0.870263,0,0,0
8.085,0.855597,0,0,0
8.09,0.852535,0,0,0
8.095,0.872951,0,0,0
8.1,0.888194,0,0,0
8.105,0.871551,0,0,0
8.11,0.875668,0,0,0
8.115,0.872256,0,0,0
8.12,0.875844,0,0,0
8.125,0.868652,0,0,0
8.13,0.86229,0,0,0
8.135,0.872094,0,0,0
8.14,0.888965,0,0,0
8.145,0.901772,0,0,0
8.15,0.906831,0,0,0
8.155,0.897231,0,0,0
8.16,0.900698,0,0,0
8.165,0.898601,0,0,0
8.17,0.896918,0,0,0
8.175,0.892271,0,0,0
8.18,0.902427,0,0,0
8.185,0.913883,0,0,0
8.19,0.912053,0,0,0
8.195,0.893052,0,0,0
8.2,0.870633,0,0,0
8.205,0.881661,0,0,0
8.21,0.9087,0,0,0
8.215,0.899704,0,0,0
8.22,0.865192,0,0,0
8.225,0.827191,0,0,0
8.23,0.835973,0,0,0
8.235,0.841242,0,0,0
8.24,0.836609,0,0,0
8.245,0.840828,0,0,0
8.25,0.847268,0,0,0
8.255,0.854278,0,0,0
8.26,0.844137,0,0,0
8.265,0.847867,0,0,0
8.27,0.838232,0,0,0
8.275,0.855671,0,0,0
8.28,0.89033,0,0,0
8.285,0.912698,0,0,0
8.29,0.934294,0,0,0
8.295,0.936441,0,0,0
8.3,0.927571,0,0,0
8.305,0.904071,0,0,0
8.31,0.893523,0,0,0
8.315,0.888027,0,0,0
8.32,0.895775,0,0,0
8.325,0.888387,0,0,0
8.33,0.87478,0,0,0
8.335,0.878925,0,0,0
8.34,0.88975,0,0,0
8.345,0.893612,0,0,0
8.35,0.904074,0,0,0
8.355,0.918326,0,0,0
8.36,0.925007,0,0,0
8.365,0.927128,0,0,0
8.37,0.919576,0,0,0
8.375,0.917855,0,0,0
8.38,0.942528,0,0,0
8.385,0.974097,0,0,0
8.39,0.9858,0,0,0
8.395,0.996029,0,0,0
8.4,0.972637,0,0,0
8.405,0.963698,0,0,0
8.41,0.938481,0,0,0
8.415,0.92219,0,0,0
8.42,0.930611,0,0,0
8.425,0.939168,0,0,0
8.43,0.946097,0,0,0
8.435,0.944185,0,0,0
8.44,0.927943,0,0,0
8.445,0.908915,0,0,0
8.45,0.911881,0,0,0
8.455,0.94135,0,0,0
8.46,0.944167,0,0,0
8.465,0.919696,0,0,0
8.47,0.892506,0,0,0
8.475,0.893272,0,0,0
8.48,0.901836,0,0,0
8.485,0.898723,0,0,0
8.49,0.905291,0,0,0
8.495,0.926633,0,0,0
8.5,0.947846,0,0,0
8.505,0.943034,0,0,0
8.51,0.935736,0,0,0
8.515,0.921733,0,0,0
8.52,0.914969,0,0,0
8.525,0.922913,0,0,0
8.53,0.916279,0,0,0
8.535,0.915551,0,0,0
8.54,0.904323,0,0,0
8.545,0.890738,0,0,0
8.55,0.89378,0,0,0
8.555,0.911408,0,0,0
8.56,0.91518,0,0,0
8.565,0.911031,0,0,0
8.57,0.896502,0,0,0
8.575,0.889211,0,0,0
8.58,0.892762,0,0,0
8.585,0.87769,0,0,0
8.59,0.876126,0,0,0
8.595,0.885294,0,0,0
8.6,0.893611,0,0,0
8.605,0.923792,0,0,0
8.61,0.94234,0,0,0
8.615,0.966419,0,0,0
8.62,0.967709,0,0,0
8.625,0.97091,0,0,0
8.63,0.96351,0,0,0
8.635,0.933897,0,0,0
8.64,0.892672,0,0,0
8.645,0.880786,0,0,0
8.65,0.884177,0,0,0
8.655,0.900038,0,0,0
8.66,0.919021,0,0,0
8.665,0.941201,0,0,0
8.67,0.961745,0,0,0
8.675,0.962204,0,0,0
8.68,0.939301,0,0,0
8.685,0.908565,0,0,0
8.69,0.899895,0,0,0
8.695,0.896022,0,0,0
8.7,0.892442,0,0,0
8.705,0.879572,0,0,0
8.71,0.85437,0,0,0
8.715,0.855164,0,0,0
8.72,0.876487,0,0,0
8.725,0.877642,0,0,0
8.73,0.899022,0,0,0
8.735,0.903515,0,0,0
8.74,0.913264,0,0,0
8.745,0.921075,0,0,0
8.75,0.925445,0,0,0
8.755,0.944447,0,0,0
8.76,0.935681,0,0,0
8.765,0.921008,0,0,0
8.77,0.890917,0,0,0
8.775,0.883914,0,0,0
8.78,0.896847,0,0,0
8.785,0.902325,0,0,0
8.79,0.886396,0,0,0
8.795,0.85827,0,0,0
8.8,0.851149,0,0,0
8.805,0.869771,0,0,0
8.81,0.868888,0,0,0
8.815,0.876784,0,0,0
8.82,0.890428,0,0,0
8.825,0.907644,0,0,0
8.83,0.915251,0,0,0
8.835,0.904213,0,0,0
8.84,0.890711,0,0,0
8.845,0.880912,0,0,0
8.85,0.865903,0,0,0
8.855,0.871504,0,0,0
8.86,0.879129,0,0,0
8.865,0.873331,0,0,0
8.87,0.855302,0,0,0
8.875,0.8551,0,0,0
8.88,0.86405,0,0,0
8.885,0.887708,0,0,0
8.89,0.904081,0,0,0
8.895,0.932624,0,0,0
8.9,0.937239,0,0,0
8.905,0.944083,0,0,0
8.91,0.953062,0,0,0
8.915,0.964066,0,0,0
8.92,0.981359,0,0,0
8.925,0.981285,0,0,0
8.93,0.951825,0,0,0
8.935,0.933411,0,0,0
8.94,0.930417,0,0,0
8.945,0.945725,0,0,0
8.95,0.9419,0,0,0
8.955,0.93502,0,0,0
8.96,0.938598,0,0,0
8.965,0.938194,0,0,0
8.97,0.93896,0,0,0
8.975,0.931268,0,0,0
8.98,0.92301,0,0,0
8.985,0.919632,0,0,0
8.99,0.921749,0,0,0
8.995,0.93478,0,0,0
9,0.931738,0,0,0
9.005,0.941714,0,0,0
9.01,0.933489,0,0,0
9.015,0.940703,0,0,0
9.02,0.930521,0,0,0
9.025,0.920097,0,0,0
9.03,0.911839,0,0,0
9.035,0.900256,0,0,0
9.04,0.889813,0,0,0
9.045,0.876873,0,0,0
9.05,0.863113,0,0,0
9.055,0.848482,0,0,0
9.06,0.846098,0,0,0
9.065,0.860615,0,0,0
9.07,0.874539,0,0,0
9.075,0.90693,0,0,0
9.08,0.944574,0,0,0
9.085,0.968599,0,0,0
9.09,0.982391,0,0,0
9.095,0.980763,0,0,0
9.1,0.974427,0,0,0
9.105,0.97781,0,0,0
9.11,0.963603,0,0,0
9.115,0.968807,0,0,0
9.12,0.970137,0,0,0
9.125,0.95023,0,0,0
9.13,0.938047,0,0,0
9.135,0.920345,0,0,0
9.14,0.908332,0,0,0
9.145,0.898754,0,0,0
9.15,0.884123,0,0,0
9.155,0.879518,0,0,0
9.16,0.89184,0,0,0
9.165,0.896728,0,0,0
9.17,0.9134,0,0,0
9.175,0.921609,0,0,0
9.18,0.927816,0,0,0
9.185,0.928056,0,0,0
9.19,0.911156,0,0,0
9.195,0.888975,0,0,0
9.2,0.880495,0,0,0
9.205,0.867456,0,0,0
9.21,0.860002,0,0,0
9.215,0.862819,0,0,0
9.22,0.86909,0,0,0
9.225,0.87912,0,0,0
9.23,0.889665,0,0,0
9.235,0.893643,0,0,0
9.24,0.900332,0,0,0
9.245,0.896078,0,0,0
9.25,0.886997,0,0,0
9.255,0.901255,0,0,0
9.26,0.897894,0,0,0
9.265,0.895401,0,0,0
9.27,0.896028,0,0,0
9.275,0.885662,0,0,0
9.28,0.891383,0,0,0
9.285,0.89411,0,0,0
9.29,0.904725,0,0,0
9.295,0.924343,0,0,0
9.3,0.933047,0,0,0
9.305,0.943455,0,0,0
9.31,0.958995,0,0,0
9.315,0.960816,0,0,0
9.32,0.963313,0,0,0
9.325,0.960981,0,0,0
9.33,0.951138,0,0,0
9.335,0.94298,0,0,0
9.34,0.92329,0,0,0
9.345,0.900665,0,0,0
9.35,0.89662,0,0,0
9.355,0.899979,0,0,0
9.36,0.908524,0,0,0
9.365,0.916545,0,0,0
9.37,0.923423,0,0,0
9.375,0.917743,0,0,0
9.38,0.909193,0,0,0
9.385,0.911658,0,0,0
9.39,0.910565,0,0,0
9.395,0.908908,0,0,0
9.4,0.89958,0,0,0
9.405,0.889491,0,0,0
9.41,0.910069,0,0,0
9.415,0.924584,0,0,0
9.42,0.938453,0,0,0
9.425,0.938297,0,0,0
9.43,0.918431,0,0,0
9.435,0.892953,0,0,0
9.44,0.882228,0,0,0
9.445,0.898384,0,0,0
9.45,0.930982,0,0,0
9.455,0.936064,0,0,0
9.46,0.941709,0,0,0
9.465,0.926506,0,0,0
9.47,0.932602,0,0,0
9.475,0.943041,0,0,0
9.48,0.934745,0,0,0
9.485,0.946304,0,0,0
9.49,0.947472,0,0,0
9.495,0.966714,0,0,0
9.5,0.9594,0,0,0
9.505,0.955284,0,0,0
9.51,0.972479,0,0,0
9.515,0.991929,0,0,0
9.52,0.987076,0,0,0
9.525,0.978501,0,0,0
9.53,0.975386,0,0,0
9.535,0.973188,0,0,0
9.54,0.973109,0,0,0
9.545,0.957667,0,0,0
9.55,0.959945,0,0,0
9.555,0.958264,0,0,0
9.56,0.948076,0,0,0
9.565,0.916147,0,0,0
9.57,0.907097,0,0,0
9.575,0.902626,0,0,0
9.58,0.937016,0,0,0
9.585,0.96286,0,0,0
9.59,0.970467,0,0,0
9.595,0.966213,0,0,0
9.6,0.948408,0,0,0
9.605,0.925954,0,0,0
9.61,0.923224,0,0,0
9.615,0.910091,0,0,0
9.62,0.907863,0,0,0
9.625,0.907468,0,0,0
9.63,0.914549,0,0,0
9.635,0.922745,0,0,0
9.64,0.926183,0,0,0
9.645,0.939751,0,0,0
9.65,0.94092,0,0,0
9.655,0.939921,0,0,0
9.66,0.930963,0,0,0
9.665,0.935783,0,0,0
9.67,0.9387,0,0,0
9.675,0.949122,0,0,0
9.68,0.956298,0,0,0
9.685,0.946942,0,0,0
9.69,0.928088,0,0,0
9.695,0.902312,0,0,0
9.7,0.890381,0,0,0
9.705,0.89954,0,0,0
9.71,0.906251,0,0,0
9.715,0.911464,0,0,0
9.72,0.912269,0,0,0
9.725,0.907499,0,0,0
9.73,0.911068,0,0,0
9.735,0.932912,0,0,0
9.74,0.94499,0,0,0
9.745,0.954687,0,0,0
9.75,0.952439,0,0,0
9.755,0.957362,0,0,0
9.76,0.951875,0,0,0
9.765,0.939999,0,0,0
9.77,0.941361,0,0,0
9.775,0.958259,0,0,0
9.78,0.954862,0,0,0
9.785,0.925481,0,0,0
9.79,0.922559,0,0,0
9.795,0.912312,0,0,0
9.8,0.934526,0,0,0
9.805,0.950962,0,0,0
9.81,0.951885,0,0,0
9.815,0.951845,0,0,0
9.82,0.936513,0,0,0
9.825,0.927608,0,0,0
9.83,0.915638,0,0,0
9.835,0.917825,0,0,0
9.84,0.917908,0,0,0
9.845,0.917839,0,0,0
9.85,0.920422,0,0,0
9.855,0.928854,0,0,0
9.86,0.941515,0,0,0
9.865,0.965862,0,0,0
9.87,0.972549,0,0,0
9.875,0.959338,0,0,0
9.88,0.958211,0,0,0
9.885,0.95325,0,0,0
9.89,0.960297,0,0,0
9.895,0.964691,0,0,0
9.9,0.961904,0,0,0
9.905,0.956439,0,0,0
9.91,0.935862,0,0,0
9.915,0.921919,0,0,0
9.92,0.92762,0,0,0
9.925,0.930677,0,0,0
9.93,0.936661,0,0,0
9.935,0.947412,0,0,0
9.94,0.951049,0,0,0
9.945,0.964496,0,0,0
9.95,0.949621,0,0,0
9.955,0.928552,0,0,0
9.96,0.914323,0,0,0
9.965,0.929413,0,0,0
9.97,0.941285,0,0,0
9.975,0.935798,0,0,0
9.98,0.913677,0,0,0
9.985,0.912707,0,0,0
9.99,0.909565,0,0,0
9.995,0.912211,0,0,0
10,0.917966,0,0,0
10.005,0.932427,0,0,0
10.01,0.938866,0,0,0
10.015,0.958036,0,0,0
10.02,0.971388,0,0,0
10.025,0.9836,0,0,0
10.03,0.970437,0,0,0
10.035,0.955334,0,0,0
10.04,0.935293,0,0,0
10.045,0.931553,0,0,0
10.05,0.927983,0,0,0
10.055,0.933427,0,0,0
10.06,0.954224,0,0,0
10.065,0.939391,0,0,0
10.07,0.921384,0,0,0
10.075,0.902803,0,0,0
10.08,0.902813,0,0,0
10.085,0.911586,0,0,0
10.09,0.913413,0,0,0
10.095,0.923739,0,0,0
10.1,0.925685,0,0,0
10.105,0.923261,0,0,0
10.11,0.929348,0,0,0
10.115,0.95072,0,0,0
10.12,0.972974,0,0,0
10.125,0.983573,0,0,0
10.13,0.975978,0,0,0
10.135,0.985428,0,0,0
10.14,0.992377,0,0,0
10.145,0.992397,0,0,0
10.15,0.989221,0,0,0
10.155,0.980927,0,0,0
10.16,0.971163,0,0,0
10.165,0.942454,0,0,0
10.17,0.922874,0,0,0
10.175,0.919732,0,0,0
10.18,0.923917,0,0,0
10.185,0.937254,0,0,0
10.19,0.951067,0,0,0
10.195,0.966828,0,0,0
10.2,0.961008,0,0,0
10.205,0.941419,0,0,0
10.21,0.927925,0,0,0
10.215,0.934906,0,0,0
10.22,0.943365,0,0,0
10.225,0.941042,0,0,0
10.23,0.930282,0,0,0
10.235,0.928246,0,0,0
10.24,0.94191,0,0,0
10.245,0.967065,0,0,0
10.25,0.979759,0,0,0
10.255,0.980747,0,0,0
10.26,0.980978,0,0,0
10.265,0.95831,0,0,0
10.27,0.931982,0,0,0
10.275,0.917272,0,0,0
10.28,0.911249,0,0,0
10.285,0.909097,0,0,0
10.29,0.905739,0,0,0
10.295,0.904879,0,0,0
10.3,0.901642,0,0,0
10.305,0.904514,0,0,0
10.31,0.895009,0,0,0
10.315,0.90189,0,0,0
10.32,0.916775,0,0,0
10.325,0.916381,0,0,0
10.33,0.928168,0,0,0
10.335,0.931811,0,0,0
10.34,0.934127,0,0,0
10.345,0.917736,0,0,0
10.35,0.899056,0,0,0
10.355,0.91259,0,0,0
10.36,0.920446,0,0,0
10.365,0.947338,0,0,0
10.37,0.957371,0,0,0
10.375,0.982351,0,0,0
10.38,0.966522,0,0,0
10.385,0.961223,0,0,0
10.39,0.953192,0,0,0
10.395,0.954985,0,0,0
10.4,0.948361,0,0,0
10.405,0.929998,0,0,0
10.41,0.904802,0,0,0
10.415,0.889215,0,0,0
10.42,0.877178,0,0,0
10.425,0.879321,0,0,0
10.43,0.889341,0,0,0
10.435,0.905404,0,0,0
10.44,0.926507,0,0,0
10.445,0.935016,0,0,0
10.45,0.948331,0,0,0
10.455,0.933322,0,0,0
10.46,0.925002,0,0,0
10.465,0.929894,0,0,0
10.47,0.924522,0,0,0
10.475,0.926844,0,0,0
10.48,0.933757,0,0,0
10.485,0.932566,0,0,0
10.49,0.942956,0,0,0
10.495,0.925655,0,0,0
10.5,0.913377,0,0,0
10.505,0.923664,0,0,0
10.51,0.939296,0,0,0
10.515,0.970121,0,0,0
10.52,0.995413,0,0,0
10.525,1.0006,0,0,0
10.53,0.991308,0,0,0
10.535,0.994003,0,0,0
10.54,0.978419,0,0,0
10.545,0.952227,0,0,0
10.55,0.920183,0,0,0
10.555,0.916795,0,0,0
10.56,0.909545,0,0,0
10.565,0.909559,0,0,0
10.57,0.907292,0,0,0
10.575,0.929586,0,0,0
10.58,0.952277,0,0,0
10.585,0.95812,0,0,0
10.59,0.9607,0,0,0
10.595,0.959798,0,0,0
10.6,0.956842,0,0,0
10.605,0.940272,0,0,0
10.61,0.918578,0,0,0
10.615,0.895045,0,0,0
10.62,0.893607,0,0,0
10.625,0.898672,0,0,0
10.63,0.907778,0,0,0
10.635,0.909189,0,0,0
10.64,0.911437,0,0,0
10.645,0.897919,0,0,0
10.65,0.902948,0,0,0
10.655,0.913315,0,0,0
10.66,0.936553,0,0,0
10.665,0.94926,0,0,0
10.67,0.956722,0,0,0
10.675,0.944285,0,0,0
10.68,0.942545,0,0,0
10.685,0.934856,0,0,0
10.69,0.9357,0,0,0
10.695,0.933904,0,0,0
10.7,0.925203,0,0,0
10.705,0.915595,0,0,0
10.71,0.913222,0,0,0
10.715,0.891811,0,0,0
10.72,0.875634,0,0,0
10.725,0.863742,0,0,0
10.73,0.871066,0,0,0
10.735,0.871999,0,0,0
10.74,0.852592,0,0,0
10.745,0.844918,0,0,0
10.75,0.843208,0,0,0
10.755,0.856284,0,0,0
10.76,0.889775,0,0,0
10.765,0.922095,0,0,0
10.77,0.951807,0,0,0
10.775,0.946961,0,0,0
10.78,0.944614,0,0,0
10.785,0.940637,0,0,0
10.79,0.930929,0,0,0
10.795,0.941343,0,0,0
10.8,0.93487,0,0,0
10.805,0.930085,0,0,0
10.81,0.916594,0,0,0
10.815,0.929415,0,0,0
10.82,0.946311,0,0,0
10.825,0.952731,0,0,0
10.83,0.947466,0,0,0
10.835,0.932499,0,0,0
10.84,0.934011,0,0,0
10.845,0.937241,0,0,0
10.85,0.936602,0,0,0
10.855,0.938866,0,0,0
10.86,0.938785,0,0,0
10.865,0.939615,0,0,0
10.87,0.933689,0,0,0
10.875,0.927349,0,0,0
10.88,0.929304,0,0,0
10.885,0.92691,0,0,0
10.89,0.923928,0,0,0
10.895,0.910874,0,0,0
10.9,0.913535,0,0,0
10.905,0.930387,0,0,0
10.91,0.931485,0,0,0
10.915,0.926443,0,0,0
10.92,0.930906,0,0,0
10.925,0.939672,0,0,0
10.93,0.943126,0,0,0
10.935,0.926875,0,0,0
10.94,0.928815,0,0,0
10.945,0.932247,0,0,0
10.95,0.924785,0,0,0
10.955,0.892902,0,0,0
10.96,0.869338,0,0,0
10.965,0.872168,0,0,0
10.97,0.876582,0,0,0
10.975,0.86662,0,0,0
10.98,0.849001,0,0,0
10.985,0.847634,0,0,0
10.99,0.86185,0,0,0
10.995,0.854568,0,0,0
11,0.868671,0,0,0
11.005,0.88933,0,0,0
11.01,0.90858,0,0,0
11.015,0.925175,0,0,0
11.02,0.925017,0,0,0
11.025,0.911034,0,0,0
11.03,0.912948,0,0,0
11.035,0.899055,0,0,0
11.04,0.890051,0,0,0
11.045,0.891613,0,0,0
11.05,0.893665,0,0,0
11.055,0.903953,0,0,0
11.06,0.914212,0,0,0
11.065,0.91086,0,0,0
11.07,0.923181,0,0,0
11.075,0.937424,0,0,0
11.08,0.96132,0,0,0
11.085,0.956345,0,0,0
11.09,0.929419,0,0,0
11.095,0.920152,0,0,0
11.1,0.924542,0,0,0
11.105,0.933961,0,0,0
11.11,0.949529,0,0,0
11.115,0.955683,0,0,0
11.12,0.968496,0,0,0
11.125,0.981334,0,0,0
11.13,0.968122,0,0,0
11.135,0.946239,0,0,0
11.14,0.918825,0,0,0
11.145,0.907668,0,0,0
11.15,0.906098,0,0,0
11.155,0.904579,0,0,0
11.16,0.904923,0,0,0
11.165,0.918474,0,0,0
11.17,0.933289,0,0,0
11.175,0.938285,0,0,0
11.18,0.918182,0,0,0
11.185,0.90111,0,0,0
11.19,0.909674,0,0,0
11.195,0.919338,0,0,0
11.2,0.918164,0,0,0
11.205,0.913818,0,0,0
11.21,0.908896,0,0,0
11.215,0.898366,0,0,0
11.22,0.890983,0,0,0
11.225,0.88437,0,0,0
11.23,0.892391,0,0,0
11.235,0.89477,0,0,0
11.24,0.877366,0,0,0
11.245,0.864667,0,0,0
11.25,0.852737,0,0,0
11.255,0.863027,0,0,0
11.26,0.878276,0,0,0
11.265,0.911981,0,0,0
11.27,0.937257,0,0,0
11.275,0.944357,0,0,0
11.28,0.935133,0,0,0
11.285,0.922022,0,0,0
11.29,0.898776,0,0,0
11.295,0.894063,0,0,0
11.3,0.894032,0,0,0
11.305,0.892087,0,0,0
11.31,0.905421,0,0,0
11.315,0.90836,0,0,0
11.32,0.892712,0,0,0
11.325,0.872037,0,0,0
11.33,0.848605,0,0,0
11.335,0.854056,0,0,0
11.34,0.843715,0,0,0
11.345,0.854539,0,0,0
11.35,0.883949,0,0,0
11.355,0.911345,0,0,0
11.36,0.923129,0,0,0
11.365,0.923833,0,0,0
11.37,0.934845,0,0,0
11.375,0.966387,0,0,0
11.38,0.958966,0,0,0
11.385,0.938817,0,0,0
11.39,0.925083,0,0,0
11.395,0.931834,0,0,0
11.4,0.941778,0,0,0
11.405,0.956958,0,0,0
11.41,0.950582,0,0,0
11.415,0.951079,0,0,0
11.42,0.946363,0,0,0
11.425,0.92832,0,0,0
11.43,0.900549,0,0,0
11.435,0.898118,0,0,0
11.44,0.91589,0,0,0
11.445,0.938409,0,0,0
11.45,0.955544,0,0,0
11.455,0.94713,0,0,0
11.46,0.927965,0,0,0
11.465,0.9214,0,0,0
11.47,0.896643,0,0,0
11.475,0.887671,0,0,0
11.48,0.873601,0,0,0
11.485,0.853209,0,0,0
11.49,0.855553,0,0,0
11.495,0.871361,0,0,0
11.5,0.889159,0,0,0
11.505,0.881934,0,0,0
11.51,0.884183,0,0,0
11.515,0.886876,0,0,0
11.52,0.889591,0,0,0
11.525,0.892058,0,0,0
11.53,0.891973,0,0,0
11.535,0.906942,0,0,0
11.54,0.917459,0,0,0
11.545,0.917246,0,0,0
11.55,0.927368,0,0,0
11.555,0.94051,0,0,0
11.56,0.931759,0,0,0
11.565,0.919636,0,0,0
11.57,0.89316,0,0,0
11.575,0.87625,0,0,0
11.58,0.872084,0,0,0
11.585,0.862702,0,0,0
11.59,0.88723,0,0,0
11.595,0.894374,0,0,0
11.6,0.909531,0,0,0
11.605,0.903954,0,0,0
11.61,0.895607,0,0,0
11.615,0.885292,0,0,0
11.62,0.881269,0,0,0
11.625,0.889008,0,0,0
11.63,0.891394,0,0,0
11.635,0.911435,0,0,0
11.64,0.911126,0,0,0
11.645,0.90799,0,0,0
11.65,0.903728,0,0,0
11.655,0.885926,0,0,0
11.66,0.88417,0,0,0
11.665,0.892544,0,0,0
11.67,0.893485,0,0,0
11.675,0.910617,0,0,0
11.68,0.907494,0,0,0
11.685,0.920516,0,0,0
11.69,0.920957,0,0,0
11.695,0.929359,0,0,0
11.7,0.937988,0,0,0
11.705,0.933014,0,0,0
11.71,0.920173,0,0,0
11.715,0.920286,0,0,0
11.72,0.90179,0,0,0
11.725,0.889537,0,0,0
11.73,0.883019,0,0,0
11.735,0.87966,0,0,0
11.74,0.905119,0,0,0
11.745,0.916579,0,0,0
11.75,0.907404,0,0,0
11.755,0.896685,0,0,0
11.76,0.8846,0,0,0
11.765,0.876866,0,0,0
11.77,0.884294,0,0,0
11.775,0.898825,0,0,0
11.78,0.907015,0,0,0
11.785,0.910149,0,0,0
11.79,0.889906,0,0,0
11.795,0.888865,0,0,0
11.8,0.885526,0,0,0
11.805,0.889412,0,0,0
11.81,0.884022,0,0,0
11.815,0.882628,0,0,0
11.82,0.886663,0,0,0
11.825,0.896801,0,0,0
11.83,0.899748,0,0,0
11.835,0.905619,0,0,0
11.84,0.915731,0,0,0
11.845,0.924861,0,0,0
11.85,0.931574,0,0,0
11.855,0.916042,0,0,0
11.86,0.914364,0,0,0
11.865,0.923853,0,0,0
11.87,0.926336,0,0,0
11.875,0.913876,0,0,0
11.88,0.903197,0,0,0
11.885,0.918388,0,0,0
11.89,0.936507,0,0,0
11.895,0.933196,0,0,0
11.9,0.897185,0,0,0
11.905,0.869873,0,0,0
11.91,0.863505,0,0,0
11.915,0.871247,0,0,0
11.92,0.876626,0,0,0
11.925,0.878391,0,0,0
11.93,0.886,0,0,0
11.935,0.892219,0,0,0
11.94,0.895881,0,0,0
11.945,0.916947,0,0,0
11.95,0.919764,0,0,0
11.955,0.918458,0,0,0
11.96,0.899017,0,0,0
11.965,0.890678,0,0,0
11.97,0.893864,0,0,0
11.975,0.894364,0,0,0
11.98,0.897448,0,0,0
11.985,0.893646,0,0,0
11.99,0.895423,0,0,0
11.995,0.907123,0,0,0
12,0.920666,0,0,0
12.005,0.916509,0,0,0
12.01,0.903472,0,0,0
12.015,0.902645,0,0,0
12.02,0.912544,0,0,0
12.025,0.932113,0,0,0
12.03,0.9412,0,0,0
12.035,0.950051,0,0,0
12.04,0.942045,0,0,0
12.045,0.933777,0,0,0
12.05,0.922392,0,0,0
12.055,0.903242,0,0,0
12.06,0.880327,0,0,0
12.065,0.876681,0,0,0
12.07,0.875993,0,0,0
12.075,0.880862,0,0,0
12.08,0.884489,0,0,0
12.085,0.886673,0,0,0
12.09,0.879899,0,0,0
12.095,0.888138,0,0,0
12.1,0.915703,0,0,0
12.105,0.924673,0,0,0
12.11,0.898445,0,0,0
12.115,0.888144,0,0,0
12.12,0.890768,0,0,0
12.125,0.892823,0,0,0
12.13,0.888402,0,0,0
12.135,0.879748,0,0,0
12.14,0.884308,0,0,0
12.145,0.898047,0,0,0
12.15,0.922509,0,0,0
12.155,0.928185,0,0,0
12.16,0.914686,0,0,0
12.165,0.91605,0,0,0
12.17,0.934419,0,0,0
12.175,0.955544,0,0,0
12.18,0.940828,0,0,0
12.185,0.901151,0,0,0
12.19,0.860053,0,0,0
12.195,0.841783,0,0,0
12.2,0.84269,0,0,0
12.205,0.871933,0,0,0
12.21,0.897842,0,0,0
12.215,0.909748,0,0,0
12.22,0.907815,0,0,0
12.225,0.914544,0,0,0
12.23,0.917818,0,0,0
12.235,0.915895,0,0,0
12.24,0.930356,0,0,0
12.245,0.944577,0,0,0
12.25,0.935677,0,0,0
12.255,0.902643,0,0,0
12.26,0.87568,0,0,0
12.265,0.876488,0,0,0
12.27,0.887215,0,0,0
12.275,0.898962,0,0,0
12.28,0.903371,0,0,0
12.285,0.917216,0,0,0
12.29,0.91569,0,0,0
12.295,0.914466,0,0,0
12.3,0.890243,0,0,0
12.305,0.874778,0,0,0
12.31,0.882518,0,0,0
12.315,0.880842,0,0,0
12.32,0.879707,0,0,0
12.325,0.890973,0,0,0
12.33,0.892594,0,0,0
12.335,0.884628,0,0,0
12.34,0.894264,0,0,0
12.345,0.897493,0,0,0
12.35,0.917573,0,0,0
12.355,0.921813,0,0,0
12.36,0.915711,0,0,0
12.365,0.91348,0,0,0
12.37,0.918327,0,0,0
12.375,0.911192,0,0,0
12.38,0.913016,0,0,0
12.385,0.905304,0,0,0
12.39,0.898853,0,0,0
12.395,0.894659,0,0,0
12.4,0.885528,0,0,0
12.405,0.891198,0,0,0
12.41,0.911056,0,0,0
12.415,0.918354,0,0,0
12.42,0.919508,0,0,0
12.425,0.92091,0,0,0
12.43,0.920795,0,0,0
12.435,0.912082,0,0,0
12.44,0.897222,0,0,0
12.445,0.88691,0,0,0
12.45,0.893093,0,0,0
12.455,0.893492,0,0,0
12.46,0.882223,0,0,0
12.465,0.864511,0,0,0
12.47,0.860597,0,0,0
12.475,0.864152,0,0,0
12.48,0.872795,0,0,0
12.485,0.879063,0,0,0
12.49,0.886153,0,0,0
12.495,0.881388,0,0,0
12.5,0.89325,0,0,0
12.505,0.906819,0,0,0
12.51,0.915652,0,0,0
12.515,0.916395,0,0,0
12.52,0.90975,0,0,0
12.525,0.907849,0,0,0
12.53,0.913992,0,0,0
12.535,0.918961,0,0,0
12.54,0.935706,0,0,0
12.545,0.948916,0,0,0
12.55,0.943311,0,0,0
12.555,0.924783,0,0,0
12.56,0.91254,0,0,0
12.565,0.896856,0,0,0
12.57,0.887797,0,0,0
12.575,0.882344,0,0,0
12.58,0.883051,0,0,0
12.585,0.881582,0,0,0
12.59,0.862336,0,0,0
12.595,0.848373,0,0,0
12.6,0.846622,0,0,0
12.605,0.85983,0,0,0
12.61,0.868281,0,0,0
12.615,0.873041,0,0,0
12.62,0.883025,0,0,0
12.625,0.887891,0,0,0
12.63,0.886965,0,0,0
12.635,0.896002,0,0,0
12.64,0.894894,0,0,0
12.645,0.892276,0,0,0
12.65,0.885422,0,0,0
12.655,0.877354,0,0,0
12.66,0.892122,0,0,0
12.665,0.90404,0,0,0
12.67,0.913295,0,0,0
12.675,0.923515,0,0,0
12.68,0.918482,0,0,0
12.685,0.895062,0,0,0
12.69,0.887968,0,0,0
12.695,0.889595,0,0,0
12.7,0.879893,0,0,0
12.705,0.863072,0,0,0
12.71,0.849433,0,0,0
12.715,0.863458,0,0,0
12.72,0.873581,0,0,0
12.725,0.87597,0,0,0
12.73,0.884173,0,0,0
12.735,0.907896,0,0,0
12.74,0.929392,0,0,0
12.745,0.928114,0,0,0
12.75,0.916348,0,0,0
12.755,0.924184,0,0,0
12.76,0.935485,0,0,0
12.765,0.938019,0,0,0
12.77,0.916169,0,0,0
12.775,0.896237,0,0,0
12.78,0.894949,0,0,0
12.785,0.903035,0,0,0
12.79,0.898465,0,0,0
12.795,0.904014,0,0,0
12.8,0.907699,0,0,0
12.805,0.912743,0,0,0
12.81,0.905033,0,0,0
12.815,0.886915,0,0,0
12.82,0.873392,0,0,0
12.825,0.880834,0,0,0
12.83,0.886159,0,0,0
12.835,0.886888,0,0,0
12.84,0.881636,0,0,0
12.845,0.904269,0,0,0
12.85,0.899077,0,0,0
12.855,0.884084,0,0,0
12.86,0.868452,0,0,0
12.865,0.85288,0,0,0
12.87,0.847585,0,0,0
12.875,0.84704,0,0,0
12.88,0.862725,0,0,0
12.885,0.873227,0,0,0
12.89,0.869334,0,0,0
12.895,0.855489,0,0,0
12.9,0.848157,0,0,0
12.905,0.856237,0,0,0
12.91,0.871026,0,0,0
12.915,0.888991,0,0,0
12.92,0.903588,0,0,0
12.925,0.914684,0,0,0
12.93,0.91247,0,0,0
12.935,0.905911,0,0,0
12.94,0.905507,0,0,0
12.945,0.899935,0,0,0
12.95,0.897229,0,0,0
12.955,0.906146,0,0,0
12.96,0.917567,0,0,0
12.965,0.921753,0,0,0
12.97,0.902908,0,0,0
12.975,0.8811,0,0,0
12.98,0.877949,0,0,0
12.985,0.888917,0,0,0
12.99,0.900855,0,0,0
12.995,0.903163,0,0,0
13,0.891257,0,0,0
13.005,0.89464,0,0,0
13.01,0.901439,0,0,0
13.015,0.909064,0,0,0
13.02,0.908027,0,0,0
13.025,0.902724,0,0,0
13.03,0.907014,0,0,0
13.035,0.908144,0,0,0
13.04,0.915076,0,0,0
13.045,0.913564,0,0,0
13.05,0.926508,0,0,0
13.055,0.920224,0,0,0
13.06,0.909938,0,0,0
13.065,0.891575,0,0,0
13.07,0.874191,0,0,0
13.075,0.859454,0,0,0
13.08,0.855812,0,0,0
13.085,0.863262,0,0,0
13.09,0.878443,0,0,0
13.095,0.886876,0,0,0
13.1,0.889889,0,0,0
13.105,0.912346,0,0,0
13.11,0.932811,0,0,0
13.115,0.933044,0,0,0
13.12,0.943244,0,0,0
13.125,0.935653,0,0,0
13.13,0.933748,0,0,0
13.135,0.921352,0,0,0
13.14,0.893921,0,0,0
13.145,0.876105,0,0,0
13.15,0.876867,0,0,0
13.155,0.875868,0,0,0
13.16,0.87186,0,0,0
13.165,0.867942,0,0,0
13.17,0.882579,0,0,0
13.175,0.905985,0,0,0
13.18,0.904021,0,0,0
13.185,0.896457,0,0,0
13.19,0.888373,0,0,0
13.195,0.892616,0,0,0
13.2,0.897061,0,0,0
13.205,0.891401,0,0,0
13.21,0.887818,0,0,0
13.215,0.890908,0,0,0
13.22,0.886314,0,0,0
13.225,0.902765,0,0,0
13.23,0.911849,0,0,0
13.235,0.913783,0,0,0
13.24,0.905042,0,0,0
13.245,0.890245,0,0,0
13.25,0.880422,0,0,0
13.255,0.863787,0,0,0
13.26,0.853429,0,0,0
13.265,0.866977,0,0,0
13.27,0.896186,0,0,0
13.275,0.911377,0,0,0
13.28,0.90404,0,0,0
13.285,0.890194,0,0,0
13.29,0.877677,0,0,0
13.295,0.861826,0,0,0
13.3,0.857739,0,0,0
13.305,0.850776,0,0,0
13.31,0.851607,0,0,0
13.315,0.863114,0,0,0
13.32,0.880231,0,0,0
13.325,0.888636,0,0,0
13.33,0.888491,0,0,0
13.335,0.88787,0,0,0
13.34,0.891466,0,0,0
13.345,0.897721,0,0,0
13.35,0.887637,0,0,0
13.355,0.86765,0,0,0
13.36,0.86932,0,0,0
13.365,0.881553,0,0,0
13.37,0.89895,0,0,0
13.375,0.910877,0,0,0
13.38,0.902572,0,0,0
13.385,0.888864,0,0,0
13.39,0.885564,0,0,0
13.395,0.882103,0,0,0
13.4,0.870882,0,0,0
13.405,0.870364,0,0,0
13.41,0.862591,0,0,0
13.415,0.853729,0,0,0
13.42,0.859285,0,0,0
13.425,0.881673,0,0,0
13.43,0.913651,0,0,0
13.435,0.935376,0,0,0
13.44,0.950556,0,0,0
13.445,0.945496,0,0,0
13.45,0.933532,0,0,0
13.455,0.918054,0,0,0
13.46,0.89488,0,0,0
13.465,0.884966,0,0,0
13.47,0.894809,0,0,0
13.475,0.910847,0,0,0
13.48,0.917374,0,0,0
13.485,0.92113,0,0,0
13.49,0.927049,0,0,0
13.495,0.919039,0,0,0
13.5,0.895924,0,0,0
13.505,0.867529,0,0,0
13.51,0.854473,0,0,0
13.515,0.858839,0,0,0
13.52,0.86073,0,0,0
13.525,0.860994,0,0,0
13.53,0.876952,0,0,0
13.535,0.877835,0,0,0
13.54,0.896103,0,0,0
13.545,0.905955,0,0,0
13.55,0.926114,0,0,0
13.555,0.940625,0,0,0
13.56,0.938006,0,0,0
13.565,0.924881,0,0,0
13.57,0.909617,0,0,0
13.575,0.903289,0,0,0
13.58,0.88269,0,0,0
13.585,0.88593,0,0,0
13.59,0.886989,0,0,0
13.595,0.87747,0,0,0
13.6,0.889331,0,0,0
13.605,0.892863,0,0,0
13.61,0.910098,0,0,0
13.615,0.91883,0,0,0
13.62,0.924056,0,0,0
13.625,0.917899,0,0,0
13.63,0.934706,0,0,0
13.635,0.941684,0,0,0
13.64,0.942428,0,0,0
13.645,0.929432,0,0,0
13.65,0.901401,0,0,0
13.655,0.900972,0,0,0
13.66,0.899673,0,0,0
13.665,0.886034,0,0,0
13.67,0.875169,0,0,0
13.675,0.873582,0,0,0
13.68,0.896385,0,0,0
13.685,0.912254,0,0,0
13.69,0.907512,0,0,0
13.695,0.885182,0,0,0
13.7,0.869492,0,0,0
13.705,0.858508,0,0,0
13.71,0.853365,0,0,0
13.715,0.847578,0,0,0
13.72,0.836839,0,0,0
13.725,0.834802,0,0,0
13.73,0.852961,0,0,0
13.735,0.883948,0,0,0
13.74,0.891406,0,0,0
13.745,0.891187,0,0,0
13.75,0.881636,0,0,0
13.755,0.878048,0,0,0
13.76,0.889739,0,0,0
13.765,0.894022,0,0,0
13.77,0.886911,0,0,0
13.775,0.886789,0,0,0
13.78,0.888507,0,0,0
13.785,0.892576,0,0,0
13.79,0.901731,0,0,0
13.795,0.905505,0,0,0
13.8,0.917912,0,0,0
13.805,0.920992,0,0,0
13.81,0.90888,0,0,0
13.815,0.893125,0,0,0
13.82,0.864836,0,0,0
13.825,0.84657,0,0,0
13.83,0.834371,0,0,0
13.835,0.838415,0,0,0
13.84,0.844528,0,0,0
13.845,0.846148,0,0,0
13.85,0.856216,0,0,0
13.855,0.864348,0,0,0
13.86,0.884412,0,0,0
13.865,0.93097,0,0,0
13.87,0.942291,0,0,0
13.875,0.940986,0,0,0
13.88,0.940333,0,0,0
13.885,0.93569,0,0,0
13.89,0.926034,0,0,0
13.895,0.906252,0,0,0
13.9,0.870206,0,0,0
13.905,0.856153,0,0,0
13.91,0.871091,0,0,0
13.915,0.901999,0,0,0
13.92,0.912892,0,0,0
13.925,0.906573,0,0,0
13.93,0.907679,0,0,0
13.935,0.9171,0,0,0
13.94,0.922169,0,0,0
13.945,0.90568,0,0,0
13.95,0.891076,0,0,0
13.955,0.889317,0,0,0
13.96,0.89257,0,0,0
13.965,0.893484,0,0,0
13.97,0.89854,0,0,0
13.975,0.88828,0,0,0
13.98,0.870076,0,0,0
13.985,0.85628,0,0,0
13.99,0.85441,0,0,0
13.995,0.858762,0,0,0
14,0.869974,0,0,0
14.005,0.867874,0,0,0
14.01,0.862181,0,0,0
14.015,0.869797,0,0,0
14.02,0.8759,0,0,0
14.025,0.880873,0,0,0
14.03,0.879844,0,0,0
14.035,0.864676,0,0,0
14.04,0.866997,0,0,0
14.045,0.868155,0,0,0
14.05,0.873305,0,0,0
14.055,0.86777,0,0,0
14.06,0.855869,0,0,0
14.065,0.84611,0,0,0
14.07,0.839864,0,0,0
14.075,0.860763,0,0,0
14.08,0.884057,0,0,0
14.085,0.89454,0,0,0
14.09,0.877164,0,0,0
14.095,0.855481,0,0,0
14.1,0.847072,0,0,0
14.105,0.848964,0,0,0
14.11,0.860611,0,0,0
14.115,0.869028,0,0,0
14.12,0.87411,0,0,0
14.125,0.876497,0,0,0
14.13,0.886311,0,0,0
14.135,0.906123,0,0,0
14.14,0.90889,0,0,0
14.145,0.913663,0,0,0
14.15,0.913622,0,0,0
14.155,0.913449,0,0,0
14.16,0.897785,0,0,0
14.165,0.896892,0,0,0
14.17,0.893951,0,0,0
14.175,0.88512,0,0,0
14.18,0.904729,0,0,0
14.185,0.91599,0,0,0
14.19,0.925707,0,0,0
14.195,0.924228,0,0,0
14.2,0.902745,0,0,0
14.205,0.874593,0,0,0
14.21,0.869939,0,0,0
14.215,0.871008,0,0,0
14.22,0.893949,0,0,0
14.225,0.918441,0,0,0
14.23,0.94471,0,0,0
14.235,0.952454,0,0,0
14.24,0.943386,0,0,0
14.245,0.940042,0,0,0
14.25,0.936072,0,0,0
14.255,0.943684,0,0,0
14.26,0.937008,0,0,0
14.265,0.929425,0,0,0
14.27,0.921852,0,0,0
14.275,0.915488,0,0,0
14.28,0.928938,0,0,0
14.285,0.931819,0,0,0
14.29,0.920295,0,0,0
14.295,0.913168,0,0,0
14.3,0.899623,0,0,0
14.305,0.896061,0,0,0
14.31,0.874712,0,0,0
14.315,0.855785,0,0,0
14.32,0.861249,0,0,0
14.325,0.872762,0,0,0
14.33,0.893936,0,0,0
14.335,0.911045,0,0,0
14.34,0.911878,0,0,0
14.345,0.891904,0,0,0
14.35,0.870458,0,0,0
14.355,0.863263,0,0,0
14.36,0.870873,0,0,0
14.365,0.876414,0,0,0
14.37,0.884426,0,0,0
14.375,0.888593,0,0,0
14.38,0.905686,0,0,0
14.385,0.916604,0,0,0
14.39,0.926736,0,0,0
14.395,0.923208,0,0,0
14.4,0.915782,0,0,0
14.405,0.924011,0,0,0
14.41,0.910986,0,0,0
14.415,0.907627,0,0,0
14.42,0.890757,0,0,0
14.425,0.87513,0,0,0
14.43,0.868016,0,0,0
14.435,0.859845,0,0,0
14.44,0.859412,0,0,0
14.445,0.872104,0,0,0
14.45,0.880484,0,0,0
14.455,0.886895,0,0,0
14.46,0.893635,0,0,0
14.465,0.901662,0,0,0
14.47,0.898694,0,0,0
14.475,0.89789,0,0,0
14.48,0.892744,0,0,0
14.485,0.898195,0,0,0
14.49,0.898165,0,0,0
14.495,0.890202,0,0,0
14.5,0.879271,0,0,0
14.505,0.863621,0,0,0
14.51,0.854302,0,0,0
14.515,0.860194,0,0,0
14.52,0.88123,0,0,0
14.525,0.897504,0,0,0
14.53,0.889175,0,0,0
14.535,0.888732,0,0,0
14.54,0.89576,0,0,0
14.545,0.909966,0,0,0
14.55,0.910607,0,0,0
14.555,0.912896,0,0,0
14.56,0.9148,0,0,0
14.565,0.933428,0,0,0
14.57,0.940501,0,0,0
14.575,0.948147,0,0,0
14.58,0.952374,0,0,0
14.585,0.931634,0,0,0
14.59,0.91102,0,0,0
14.595,0.898091,0,0,0
14.6,0.900861,0,0,0
14.605,0.900763,0,0,0
14.61,0.888569,0,0,0
14.615,0.869609,0,0,0
14.62,0.86183,0,0,0
14.625,0.863208,0,0,0
14.63,0.872885,0,0,0
14.635,0.885766,0,0,0
14.64,0.900409,0,0,0
14.645,0.903138,0,0,0
14.65,0.910156,0,0,0
14.655,0.911474,0,0,0
14.66,0.926032,0,0,0
14.665,0.943978,0,0,0
14.67,0.960784,0,0,0
14.675,0.973685,0,0,0
14.68,0.978509,0,0,0
14.685,0.983279,0,0,0
14.69,0.977291,0,0,0
14.695,0.967592,0,0,0
14.7,0.954449,0,0,0
14.705,0.936468,0,0,0
14.71,0.919484,0,0,0
14.715,0.909869,0,0,0
14.72,0.907217,0,0,0
14.725,0.917148,0,0,0
14.73,0.923038,0,0,0
14.735,0.918426,0,0,0
14.74,0.911984,0,0,0
14.745,0.918063,0,0,0
14.75,0.92438,0,0,0
14.755,0.92392,0,0,0
14.76,0.909101,0,0,0
14.765,0.904875,0,0,0
14.77,0.91506,0,0,0
14.775,0.933295,0,0,0
14.78,0.939972,0,0,0
14.785,0.927706,0,0,0
14.79,0.921519,0,0,0
14.795,0.918113,0,0,0
14.8,0.913966,0,0,0
14.805,0.896748,0,0,0
14.81,0.879527,0,0,0
14.815,0.875876,0,0,0
14.82,0.869698,0,0,0
14.825,0.858978,0,0,0
14.83,0.848098,0,0,0
14.835,0.841834,0,0,0
14.84,0.854454,0,0,0
14.845,0.865554,0,0,0
14.85,0.878379,0,0,0
14.855,0.885954,0,0,0
14.86,0.899558,0,0,0
14.865,0.906591,0,0,0
14.87,0.897123,0,0,0
14.875,0.90069,0,0,0
14.88,0.916702,0,0,0
14.885,0.933999,0,0,0
14.89,0.920482,0,0,0
14.895,0.919341,0,0,0
14.9,0.925461,0,0,0
14.905,0.932474,0,0,0
14.91,0.927326,0,0,0
14.915,0.907459,0,0,0
14.92,0.8906,0,0,0
14.925,0.899704,0,0,0
14.93,0.913422,0,0,0
14.935,0.934684,0,0,0
14.94,0.94044,0,0,0
14.945,0.945769,0,0,0
14.95,0.939846,0,0,0
14.955,0.928754,0,0,0
14.96,0.91132,0,0,0
14.965,0.900628,0,0,0
14.97,0.89884,0,0,0
14.975,0.910542,0,0,0
14.98,0.919339,0,0,0
14.985,0.913176,0,0,0
14.99,0.908622,0,0,0
14.995,0.901655,0,0,0
15,0.893274,0,0,0
15.005,0.892117,0,0,0
15.01,0.882851,0,0,0
15.015,0.877298,0,0,0
15.02,0.879296,0,0,0
15.025,0.889744,0,0,0
15.03,0.90508,0,0,0
15.035,0.927401,0,0,0
15.04,0.943852,0,0,0
15.045,0.953222,0,0,0
15.05,0.937529,0,0,0
15.055,0.921857,0,0,0
15.06,0.917128,0,0,0
15.065,0.923234,0,0,0
15.07,0.929665,0,0,0
15.075,0.932688,0,0,0
15.08,0.918367,0,0,0
15.085,0.910325,0,0,0
15.09,0.918932,0,0,0
15.095,0.928581,0,0,0
15.1,0.940015,0,0,0
15.105,0.943646,0,0,0
15.11,0.934506,0,0,0
15.115,0.921721,0,0,0
15.12,0.913578,0,0,0
15.125,0.903245,0,0,0
15.13,0.902458,0,0,0
15.135,0.89907,0,0,0
15.14,0.889403,0,0,0
15.145,0.912383,0,0,0
15.15,0.935323,0,0,0
15.155,0.944344,0,0,0
15.16,0.940444,0,0,0
15.165,0.931526,0,0,0
15.17,0.923274,0,0,0
15.175,0.921261,0,0,0
15.18,0.934436,0,0,0
15.185,0.929039,0,0,0
15.19,0.913242,0,0,0
15.195,0.907534,0,0,0
15.2,0.910145,0,0,0
15.205,0.902933,0,0,0
15.21,0.9028,0,0,0
15.215,0.908407,0,0,0
15.22,0.911883,0,0,0
15.225,0.908983,0,0,0
15.23,0.902339,0,0,0
15.235,0.900616,0,0,0
15.24,0.894648,0,0,0
15.245,0.890227,0,0,0
15.25,0.888753,0,0,0
15.255,0.887374,0,0,0
15.26,0.883536,0,0,0
15.265,0.87535,0,0,0
15.27,0.878649,0,0,0
15.275,0.892284,0,0,0
15.28,0.905088,0,0,0
15.285,0.928451,0,0,0
15.29,0.941535,0,0,0
15.295,0.932996,0,0,0
15.3,0.93473,0,0,0
15.305,0.926654,0,0,0
15.31,0.920944,0,0,0
15.315,0.915779,0,0,0
15.32,0.911918,0,0,0
15.325,0.906725,0,0,0
15.33,0.912902,0,0,0
15.335,0.926902,0,0,0
15.34,0.930025,0,0,0
15.345,0.93878,0,0,0
15.35,0.924454,0,0,0
15.355,0.915768,0,0,0
15.36,0.902536,0,0,0
15.365,0.909944,0,0,0
15.37,0.913708,0,0,0
15.375,0.923081,0,0,0
15.38,0.916764,0,0,0
15.385,0.91022,0,0,0
15.39,0.90544,0,0,0
15.395,0.913579,0,0,0
15.4,0.921655,0,0,0
15.405,0.929316,0,0,0
15.41,0.919946,0,0,0
15.415,0.909148,0,0,0
15.42,0.904564,0,0,0
15.425,0.905183,0,0,0
15.43,0.90693,0,0,0
15.435,0.902031,0,0,0
15.44,0.899405,0,0,0
15.445,0.904414,0,0,0
15.45,0.91342,0,0,0
15.455,0.910199,0,0,0
15.46,0.910531,0,0,0
15.465,0.897223,0,0,0
15.47,0.903264,0,0,0
15.475,0.907297,0,0,0
15.48,0.892481,0,0,0
15.485,0.874722,0,0,0
15.49,0.872776,0,0,0
15.495,0.873592,0,0,0
15.5,0.883984,0,0,0
15.505,0.882063,0,0,0
15.51,0.875325,0,0,0
15.515,0.86769,0,0,0
15.52,0.872339,0,0,0
15.525,0.886444,0,0,0
15.53,0.89935,0,0,0
15.535,0.908752,0,0,0
15.54,0.919359,0,0,0
15.545,0.929217,0,0,0
15.55,0.91817,0,0,0
15.555,0.902936,0,0,0
15.56,0.893254,0,0,0
15.565,0.895907,0,0,0
15.57,0.898608,0,0,0
15.575,0.905058,0,0,0
15.58,0.903826,0,0,0
15.585,0.906121,0,0,0
15.59,0.897902,0,0,0
15.595,0.896864,0,0,0
15.6,0.890161,0,0,0
15.605,0.883359,0,0,0
15.61,0.875955,0,0,0
15.615,0.87069,0,0,0
15.62,0.873945,0,0,0
15.625,0.890145,0,0,0
15.63,0.910845,0,0,0
15.635,0.909353,0,0,0
15.64,0.90607,0,0,0
15.645,0.897567,0,0,0
15.65,0.901896,0,0,0
15.655,0.921769,0,0,0
15.66,0.924342,0,0,0
15.665,0.937895,0,0,0
15.67,0.956285,0,0,0
15.675,0.964582,0,0,0
15.68,0.969622,0,0,0
15.685,0.969852,0,0,0
15.69,0.977995,0,0,0
15.695,0.972303,0,0,0
15.7,0.965814,0,0,0
15.705,0.947126,0,0,0
15.71,0.931692,0,0,0
15.715,0.914456,0,0,0
15.72,0.909568,0,0,0
15.725,0.902512,0,0,0
15.73,0.910093,0,0,0
15.735,0.912203,0,0,0
15.74,0.934471,0,0,0
15.745,0.944454,0,0,0
15.75,0.942222,0,0,0
15.755,0.933968,0,0,0
15.76,0.922892,0,0,0
15.765,0.928897,0,0,0
15.77,0.936136,0,0,0
15.775,0.94677,0,0,0
15.78,0.9453,0,0,0
15.785,0.93278,0,0,0
15.79,0.922969,0,0,0
15.795,0.910669,0,0,0
15.8,0.90923,0,0,0
15.805,0.907464,0,0,0
15.81,0.921249,0,0,0
15.815,0.925794,0,0,0
15.82,0.934395,0,0,0
15.825,0.945897,0,0,0
15.83,0.943859,0,0,0
15.835,0.945032,0,0,0
15.84,0.960158,0,0,0
15.845,0.972495,0,0,0
15.85,0.964832,0,0,0
15.855,0.954087,0,0,0
15.86,0.955387,0,0,0
15.865,0.951148,0,0,0
15.87,0.950348,0,0,0
15.875,0.953418,0,0,0
15.88,0.949195,0,0,0
15.885,0.955152,0,0,0
15.89,0.964465,0,0,0
15.895,0.958764,0,0,0
15.9,0.945383,0,0,0
15.905,0.934115,0,0,0
15.91,0.935692,0,0,0
15.915,0.939411,0,0,0
15.92,0.945723,0,0,0
15.925,0.949957,0,0,0
15.93,0.945832,0,0,0
15.935,0.955078,0,0,0
15.94,0.956726,0,0,0
15.945,0.962729,0,0,0
15.95,0.964958,0,0,0
15.955,0.960964,0,0,0
15.96,0.956945,0,0,0
15.965,0.937958,0,0,0
15.97,0.919186,0,0,0
15.975,0.912388,0,0,0
15.98,0.924062,0,0,0
15.985,0.954277,0,0,0
15.99,0.981608,0,0,0
15.995,0.983427,0,0,0
16,0.97206,0,0,0
16.005,0.972102,0,0,0
16.01,0.972998,0,0,0
16.015,0.962253,0,0,0
16.02,0.952215,0,0,0
16.025,0.942065,0,0,0
16.03,0.929724,0,0,0
16.035,0.926044,0,0,0
16.04,0.914942,0,0,0
16.045,0.910947,0,0,0
16.05,0.90556,0,0,0
16.055,0.893185,0,0,0
16.06,0.903611,0,0,0
16.065,0.921006,0,0,0
16.07,0.941132,0,0,0
16.075,0.947061,0,0,0
16.08,0.943254,0,0,0
16.085,0.940884,0,0,0
16.09,0.947293,0,0,0
16.095,0.956347,0,0,0
16.1,0.964871,0,0,0
16.105,0.962296,0,0,0
16.11,0.968447,0,0,0
16.115,0.981012,0,0,0
16.12,0.987958,0,0,0
16.125,0.986662,0,0,0
16.13,0.976558,0,0,0
16.135,0.972927,0,0,0
16.14,0.979889,0,0,0
16.145,0.984951,0,0,0
16.15,0.997954,0,0,0
16.155,1.01019,0,0,0
16.16,1.01079,0,0,0
16.165,0.99843,0,0,0
16.17,0.995437,0,0,0
16.175,1.0043,0,0,0
16.18,0.984345,0,0,0
16.185,0.96413,0,0,0
16.19,0.938351,0,0,0
16.195,0.921007,0,0,0
16.2,0.917346,0,0,0
16.205,0.918622,0,0,0
16.21,0.925508,0,0,0
16.215,0.94668,0,0,0
16.22,0.956769,0,0,0
16.225,0.960891,0,0,0
16.23,0.953612,0,0,0
16.235,0.941394,0,0,0
16.24,0.957709,0,0,0
16.245,0.978513,0,0,0
16.25,0.996084,0,0,0
16.255,1.00561,0,0,0
16.26,0.993189,0,0,0
16.265,0.972285,0,0,0
16.27,0.968806,0,0,0
16.275,0.980662,0,0,0
16.28,1.00099,0,0,0
16.285,1.00468,0,0,0
16.29,0.989215,0,0,0
16.295,0.974317,0,0,0
16.3,0.979441,0,0,0
16.305,0.987759,0,0,0
16.31,0.985173,0,0,0
16.315,0.977463,0,0,0
16.32,0.971258,0,0,0
16.325,0.96251,0,0,0
16.33,0.955594,0,0,0
16.335,0.959171,0,0,0
16.34,0.963632,0,0,0
16.345,0.961848,0,0,0
16.35,0.963418,0,0,0
16.355,0.964648,0,0,0
16.36,0.971861,0,0,0
16.365,0.972491,0,0,0
16.37,0.973622,0,0,0
16.375,0.979858,0,0,0
16.38,0.980903,0,0,0
16.385,0.990224,0,0,0
16.39,1.00105,0,0,0
16.395,1.00873,0,0,0
16.4,1.0158,0,0,0
16.405,1.00853,0,0,0
16.41,0.996604,0,0,0
16.415,1.01477,0,0,0
16.42,1.01926,0,0,0
16.425,1.01333,0,0,0
16.43,1.00249,0,0,0
16.435,1.00131,0,0,0
16.44,1.00606,0,0,0
16.445,0.999766,0,0,0
16.45,0.982231,0,0,0
16.455,0.958874,0,0,0
16.46,0.952203,0,0,0
16.465,0.944857,0,0,0
16.47,0.951758,0,0,0
16.475,0.963294,0,0,0
16.48,0.986593,0,0,0
16.485,0.986919,0,0,0
16.49,0.988141,0,0,0
16.495,0.997896,0,0,0
16.5,1.00489,0,0,0
16.505,1.01588,0,0,0
16.51,1.00623,0,0,0
16.515,1.00624,0,0,0
16.52,1.00996,0,0,0
16.525,1.00038,0,0,0
16.53,0.988734,0,0,0
16.535,0.991346,0,0,0
16.54,0.984043,0,0,0
16.545,0.985098,0,0,0
16.55,0.994585,0,0,0
16.555,1.0095,0,0,0
16.56,1.02451,0,0,0
16.565,1.02762,0,0,0
16.57,1.00804,0,0,0
16.575,0.991623,0,0,0
16.58,0.982841,0,0,0
16.585,0.977457,0,0,0
16.59,0.966586,0,0,0
16.595,0.961319,0,0,0
16.6,0.959189,0,0,0
16.605,0.959874,0,0,0
16.61,0.959908,0,0,0
16.615,0.957319,0,0,0
16.62,0.963348,0,0,0
16.625,0.964909,0,0,0
16.63,0.971038,0,0,0
16.635,0.964415,0,0,0
16.64,0.962993,0,0,0
16.645,0.961436,0,0,0
16.65,0.961915,0,0,0
16.655,0.959537,0,0,0
16.66,0.963226,0,0,0
16.665,0.978363,0,0,0
16.67,0.987342,0,0,0
16.675,1.00211,0,0,0
16.68,1.00424,0,0,0
16.685,1.00033,0,0,0
16.69,0.987172,0,0,0
16.695,0.981761,0,0,0
16.7,0.985835,0,0,0
16.705,0.99022,0,0,0
16.71,0.997656,0,0,0
16.715,1.00859,0,0,0
16.72,1.00953,0,0,0
16.725,1.02322,0,0,0
16.73,1.02586,0,0,0
16.735,1.02513,0,0,0
16.74,1.01544,0,0,0
16.745,1.00067,0,0,0
16.75,0.985293,0,0,0
16.755,0.983932,0,0,0
16.76,0.991848,0,0,0
16.765,1.00149,0,0,0
16.77,1.0044,0,0,0
16.775,0.981668,0,0,0
16.78,0.961283,0,0,0
16.785,0.941661,0,0,0
16.79,0.9442,0,0,0
16.795,0.957446,0,0,0
16.8,0.974566,0,0,0
16.805,0.994703,0,0,0
16.81,1.0063,0,0,0
16.815,1.00743,0,0,0
16.82,1.01186,0,0,0
16.825,0.991551,0,0,0
16.83,0.975445,0,0,0
16.835,0.982899,0,0,0
16.84,0.997691,0,0,0
16.845,1.00274,0,0,0
16.85,1.01462,0,0,0
16.855,1.01791,0,0,0
16.86,1.01671,0,0,0
16.865,1.01853,0,0,0
16.87,1.01918,0,0,0
16.875,1.0159,0,0,0
16.88,1.00454,0,0,0
16.885,0.991915,0,0,0
16.89,0.982043,0,0,0
16.895,0.979942,0,0,0
16.9,0.975653,0,0,0
16.905,0.977589,0,0,0
16.91,0.977179,0,0,0
16.915,0.983823,0,0,0
16.92,0.998111,0,0,0
16.925,1.0064,0,0,0
16.93,1.01897,0,0,0
16.935,1.02567,0,0,0
16.94,1.03518,0,0,0
16.945,1.04466,0,0,0
16.95,1.03811,0,0,0
16.955,1.03428,0,0,0
16.96,1.02947,0,0,0
16.965,1.03357,0,0,0
16.97,1.02922,0,0,0
16.975,1.0289,0,0,0
16.98,1.0367,0,0,0
16.985,1.02236,0,0,0
16.99,1.0059,0,0,0
16.995,0.999266,0,0,0
17,1.00421,0,0,0
17.005,1.01042,0,0,0
17.01,0.995777,0,0,0
17.015,0.983138,0,0,0
17.02,0.994258,0,0,0
17.025,1.01125,0,0,0
17.03,1.02349,0,0,0
17.035,1.02683,0,0,0
17.04,1.0356,0,0,0
17.045,1.03661,0,0,0
17.05,1.03759,0,0,0
17.055,1.03156,0,0,0
17.06,1.0288,0,0,0
17.065,1.03575,0,0,0
17.07,1.04576,0,0,0
17.075,1.05797,0,0,0
17.08,1.05835,0,0,0
17.085,1.04919,0,0,0
17.09,1.04134,0,0,0
17.095,1.04519,0,0,0
17.1,1.06205,0,0,0
17.105,1.07703,0,0,0
17.11,1.07232,0,0,0
17.115,1.07782,0,0,0
17.12,1.07732,0,0,0
17.125,1.08088,0,0,0
17.13,1.07085,0,0,0
17.135,1.06936,0,0,0
17.14,1.07898,0,0,0
17.145,1.06745,0,0,0
17.15,1.05042,0,0,0
17.155,1.04556,0,0,0
17.16,1.05018,0,0,0
17.165,1.06675,0,0,0
17.17,1.05884,0,0,0
17.175,1.0466,0,0,0
17.18,1.05225,0,0,0
17.185,1.07691,0,0,0
17.19,1.09844,0,0,0
17.195,1.10317,0,0,0
17.2,1.09842,0,0,0
17.205,1.08677,0,0,0
17.21,1.0682,0,0,0
17.215,1.0725,0,0,0
17.22,1.07019,0,0,0
17.225,1.06743,0,0,0
17.23,1.05009,0,0,0
17.235,1.04047,0,0,0
17.24,1.04985,0,0,0
17.245,1.07194,0,0,0
17.25,1.08778,0,0,0
17.255,1.1049,0,0,0
17.26,1.0941,0,0,0
17.265,1.08128,0,0,0
17.27,1.08466,0,0,0
17.275,1.09461,0,0,0
17.28,1.09352,0,0,0
17.285,1.07885,0,0,0
17.29,1.05501,0,0,0
17.295,1.03645,0,0,0
17.3,1.0358,0,0,0
17.305,1.02467,0,0,0
17.31,1.03455,0,0,0
17.315,1.04637,0,0,0
17.32,1.05753,0,0,0
17.325,1.06609,0,0,0
17.33,1.05887,0,0,0
17.335,1.05642,0,0,0
17.34,1.06394,0,0,0
17.345,1.08179,0,0,0
17.35,1.09926,0,0,0
17.355,1.0991,0,0,0
17.36,1.09377,0,0,0
17.365,1.10232,0,0,0
17.37,1.10802,0,0,0
17.375,1.09511,0,0,0
17.38,1.09011,0,0,0
17.385,1.08728,0,0,0
17.39,1.08491,0,0,0
17.395,1.07053,0,0,0
17.4,1.06606,0,0,0
17.405,1.07111,0,0,0
17.41,1.08091,0,0,0
17.415,1.09045,0,0,0
17.42,1.09807,0,0,0
17.425,1.09612,0,0,0
17.43,1.09785,0,0,0
17.435,1.10562,0,0,0
17.44,1.1068,0,0,0
17.445,1.10156,0,0,0
17.45,1.08195,0,0,0
17.455,1.07784,0,0,0
17.46,1.06859,0,0,0
17.465,1.0545,0,0,0
17.47,1.03392,0,0,0
17.475,1.04318,0,0,0
17.48,1.08751,0,0,0
17.485,1.08893,0,0,0
17.49,1.0798,0,0,0
17.495,1.06415,0,0,0
17.5,1.06626,0,0,0
17.505,1.08334,0,0,0
17.51,1.09696,0,0,0
17.515,1.09773,0,0,0
17.52,1.11361,0,0,0
17.525,1.12002,0,0,0
17.53,1.10916,0,0,0
17.535,1.08992,0,0,0
17.54,1.06938,0,0,0
17.545,1.06904,0,0,0
17.55,1.07483,0,0,0
17.555,1.06209,0,0,0
17.56,1.07703,0,0,0
17.565,1.09897,0,0,0
17.57,1.11903,0,0,0
17.575,1.12294,0,0,0
17.58,1.09203,0,0,0
17.585,1.08582,0,0,0
17.59,1.08882,0,0,0
17.595,1.09015,0,0,0
17.6,1.08283,0,0,0
17.605,1.07158,0,0,0
17.61,1.07508,0,0,0
17.615,1.09188,0,0,0
17.62,1.0939,0,0,0
17.625,1.09572,0,0,0
17.63,1.0933,0,0,0
17.635,1.08981,0,0,0
17.64,1.09034,0,0,0
17.645,1.08997,0,0,0
17.65,1.0928,0,0,0
17.655,1.10707,0,0,0
17.66,1.09551,0,0,0
17.665,1.09426,0,0,0
17.67,1.08256,0,0,0
17.675,1.08713,0,0,0
17.68,1.08514,0,0,0
17.685,1.078,0,0,0
17.69,1.08098,0,0,0
17.695,1.0827,0,0,0
17.7,1.07839,0,0,0
17.705,1.06701,0,0,0
17.71,1.07032,0,0,0
17.715,1.08203,0,0,0
17.72,1.10896,0,0,0
17.725,1.1337,0,0,0
17.73,1.14917,0,0,0
17.735,1.15406,0,0,0
17.74,1.13377,0,0,0
17.745,1.1118,0,0,0
17.75,1.10275,0,0,0
17.755,1.10695,0,0,0
17.76,1.11769,0,0,0
17.765,1.12745,0,0,0
17.77,1.13088,0,0,0
17.775,1.13847,0,0,0
17.78,1.14268,0,0,0
17.785,1.13709,0,0,0
17.79,1.1278,0,0,0
17.795,1.12091,0,0,0
17.8,1.11738,0,0,0
17.805,1.10118,0,0,0
17.81,1.10059,0,0,0
17.815,1.09599,0,0,0
17.82,1.09997,0,0,0
17.825,1.09446,0,0,0
17.83,1.09205,0,0,0
17.835,1.10585,0,0,0
17.84,1.12063,0,0,0
17.845,1.13234,0,0,0
17.85,1.13955,0,0,0
17.855,1.14869,0,0,0
17.86,1.15602,0,0,0
17.865,1.15142,0,0,0
17.87,1.15025,0,0,0
17.875,1.14898,0,0,0
17.88,1.16505,0,0,0
17.885,1.16934,0,0,0
17.89,1.16714,0,0,0
17.895,1.16919,0,0,0
17.9,1.1724,0,0,0
17.905,1.18168,0,0,0
17.91,1.17218,0,0,0
17.915,1.16557,0,0,0
17.92,1.15256,0,0,0
17.925,1.12975,0,0,0
17.93,1.12519,0,0,0
17.935,1.10956,0,0,0
17.94,1.11101,0,0,0
17.945,1.12984,0,0,0
17.95,1.14265,0,0,0
17.955,1.16259,0,0,0
17.96,1.16667,0,0,0
17.965,1.16659,0,0,0
17.97,1.15681,0,0,0
17.975,1.14734,0,0,0
17.98,1.14978,0,0,0
17.985,1.14979,0,0,0
17.99,1.15404,0,0,0
17.995,1.16137,0,0,0
18,1.15504,0,0,0
18.005,1.16913,0,0,0
18.01,1.17855,0,0,0
18.015,1.16979,0,0,0
18.02,1.12068,0,0,0
18.025,1.0865,0,0,0
18.03,1.08186,0,0,0
18.035,1.09634,0,0,0
18.04,1.10805,0,0,0
18.045,1.11347,0,0,0
18.05,1.12497,0,0,0
18.055,1.12003,0,0,0
18.06,1.11462,0,0,0
18.065,1.10827,0,0,0
18.07,1.10967,0,0,0
18.075,1.12248,0,0,0
18.08,1.1571,0,0,0
18.085,1.1736,0,0,0
18.09,1.17511,0,0,0
18.095,1.16569,0,0,0
18.1,1.16028,0,0,0
18.105,1.16287,0,0,0
18.11,1.15068,0,0,0
18.115,1.1382,0,0,0
18.12,1.1226,0,0,0
18.125,1.11901,0,0,0
18.13,1.1308,0,0,0
18.135,1.1378,0,0,0
18.14,1.14349,0,0,0
18.145,1.1274,0,0,0
18.15,1.12586,0,0,0
18.155,1.12946,0,0,0
18.16,1.14995,0,0,0
18.165,1.1788,0,0,0
18.17,1.19964,0,0,0
18.175,1.19919,0,0,0
18.18,1.19308,0,0,0
18.185,1.18596,0,0,0
18.19,1.19447,0,0,0
18.195,1.19697,0,0,0
18.2,1.18537,0,0,0
18.205,1.1725,0,0,0
18.21,1.15769,0,0,0
18.215,1.14846,0,0,0
18.22,1.169,0,0,0
18.225,1.18671,0,0,0
18.23,1.19999,0,0,0
18.235,1.21381,0,0,0
18.24,1.20764,0,0,0
18.245,1.21505,0,0,0
18.25,1.21666,0,0,0
18.255,1.21969,0,0,0
18.26,1.21971,0,0,0
18.265,1.20262,0,0,0
18.27,1.18558,0,0,0
18.275,1.17718,0,0,0
18.28,1.18682,0,0,0
18.285,1.19664,0,0,0
18.29,1.19102,0,0,0
18.295,1.17803,0,0,0
18.3,1.16683,0,0,0
18.305,1.16714,0,0,0
18.31,1.16821,0,0,0
18.315,1.17215,0,0,0
18.32,1.17527,0,0,0
18.325,1.18113,0,0,0
18.33,1.18994,0,0,0
18.335,1.19728,0,0,0
18.34,1.20451,0,0,0
18.345,1.2193,0,0,0
18.35,1.22283,0,0,0
18.355,1.20251,0,0,0
18.36,1.18096,0,0,0
18.365,1.17086,0,0,0
18.37,1.18074,0,0,0
18.375,1.21067,0,0,0
18.38,1.22997,0,0,0
18.385,1.24213,0,0,0
18.39,1.24015,0,0,0
18.395,1.23229,0,0,0
18.4,1.2387,0,0,0
18.405,1.23375,0,0,0
18.41,1.21656,0,0,0
18.415,1.18884,0,0,0
18.42,1.18009,0,0,0
18.425,1.17403,0,0,0
18.43,1.17419,0,0,0
18.435,1.18182,0,0,0
18.44,1.19645,0,0,0
18.445,1.20762,0,0,0
18.45,1.19825,0,0,0
18.455,1.19258,0,0,0
18.46,1.19299,0,0,0
18.465,1.19127,0,0,0
18.47,1.20139,0,0,0
18.475,1.22626,0,0,0
18.48,1.24585,0,0,0
18.485,1.24987,0,0,0
18.49,1.22969,0,0,0
18.495,1.21076,0,0,0
18.5,1.21956,0,0,0
18.505,1.25114,0,0,0
18.51,1.26912,0,0,0
18.515,1.28357,0,0,0
18.52,1.27576,0,0,0
18.525,1.27865,0,0,0
18.53,1.26141,0,0,0
18.535,1.24725,0,0,0
18.54,1.23026,0,0,0
18.545,1.23844,0,0,0
18.55,1.2372,0,0,0
18.555,1.24596,0,0,0
18.56,1.23776,0,0,0
18.565,1.2215,0,0,0
18.57,1.21662,0,0,0
18.575,1.22246,0,0,0
18.58,1.23388,0,0,0
18.585,1.23359,0,0,0
18.59,1.23334,0,0,0
18.595,1.22834,0,0,0
18.6,1.23898,0,0,0
18.605,1.23071,0,0,0
18.61,1.20432,0,0,0
18.615,1.18185,0,0,0
18.62,1.18046,0,0,0
18.625,1.20851,0,0,0
18.63,1.22066,0,0,0
18.635,1.2117,0,0,0
18.64,1.21595,0,0,0
18.645,1.23226,0,0,0
18.65,1.24628,0,0,0
18.655,1.25057,0,0,0
18.66,1.25296,0,0,0
18.665,1.24829,0,0,0
18.67,1.23976,0,0,0
18.675,1.22272,0,0,0
18.68,1.22334,0,0,0
18.685,1.22599,0,0,0
18.69,1.22948,0,0,0
18.695,1.22789,0,0,0
18.7,1.23505,0,0,0
18.705,1.26134,0,0,0
18.71,1.27424,0,0,0
18.715,1.27357,0,0,0
18.72,1.27677,0,0,0
18.725,1.27756,0,0,0
18.73,1.278,0,0,0
18.735,1.25831,0,0,0
18.74,1.2441,0,0,0
18.745,1.24639,0,0,0
18.75,1.26447,0,0,0
18.755,1.29513,0,0,0
18.76,1.31742,0,0,0
18.765,1.32307,0,0,0
18.77,1.31792,0,0,0
18.775,1.31404,0,0,0
18.78,1.28695,0,0,0
18.785,1.2723,0,0,0
18.79,1.26461,0,0,0
18.795,1.27803,0,0,0
18.8,1.28683,0,0,0
18.805,1.28199,0,0,0
18.81,1.25746,0,0,0
18.815,1.2384,0,0,0
18.82,1.23303,0,0,0
18.825,1.24103,0,0,0
18.83,1.2509,0,0,0
18.835,1.25171,0,0,0
18.84,1.25208,0,0,0
18.845,1.24518,0,0,0
18.85,1.24335,0,0,0
18.855,1.25223,0,0,0
18.86,1.25848,0,0,0
18.865,1.27091,0,0,0
18.87,1.25668,0,0,0
18.875,1.24113,0,0,0
18.88,1.23404,0,0,0
18.885,1.24179,0,0,0
18.89,1.24251,0,0,0
18.895,1.24586,0,0,0
18.9,1.25793,0,0,0
18.905,1.26704,0,0,0
18.91,1.26891,0,0,0
18.915,1.26465,0,0,0
18.92,1.26304,0,0,0
18.925,1.26036,0,0,0
18.93,1.24621,0,0,0
18.935,1.23695,0,0,0
18.94,1.2449,0,0,0
18.945,1.2652,0,0,0
18.95,1.2813,0,0,0
18.955,1.27044,0,0,0
18.96,1.25666,0,0,0
18.965,1.25932,0,0,0
18.97,1.2691,0,0,0
18.975,1.28981,0,0,0
18.98,1.29924,0,0,0
18.985,1.30308,0,0,0
18.99,1.29695,0,0,0
18.995,1.27792,0,0,0
19,1.25335,0,0,0
19.005,1.25171,0,0,0
19.01,1.25895,0,0,0
19.015,1.26379,0,0,0
19.02,1.2644,0,0,0
19.025,1.26363,0,0,0
19.03,1.27234,0,0,0
19.035,1.28384,0,0,0
19.04,1.29029,0,0,0
19.045,1.27689,0,0,0
19.05,1.25492,0,0,0
19.055,1.25702,0,0,0
19.06,1.26553,0,0,0
19.065,1.26675,0,0,0
19.07,1.26378,0,0,0
19.075,1.26066,0,0,0
19.08,1.26533,0,0,0
19.085,1.2866,0,0,0
19.09,1.30356,0,0,0
19.095,1.29209,0,0,0
19.1,1.28558,0,0,0
19.105,1.29133,0,0,0
19.11,1.31717,0,0,0
19.115,1.33341,0,0,0
19.12,1.32909,0,0,0
19.125,1.31998,0,0,0
19.13,1.31636,0,0,0
19.135,1.32422,0,0,0
19.14,1.32098,0,0,0
19.145,1.29888,0,0,0
19.15,1.29309,0,0,0
19.155,1.29713,0,0,0
19.16,1.28758,0,0,0
19.165,1.28861,0,0,0
19.17,1.29979,0,0,0
19.175,1.30821,0,0,0
19.18,1.31168,0,0,0
19.185,1.32213,0,0,0
19.19,1.32896,0,0,0
19.195,1.34573,0,0,0
19.2,1.34704,0,0,0
19.205,1.34651,0,0,0
19.21,1.34976,0,0,0
19.215,1.33697,0,0,0
19.22,1.30704,0,0,0
19.225,1.28321,0,0,0
19.23,1.26852,0,0,0
19.235,1.29344,0,0,0
19.24,1.31232,0,0,0
19.245,1.31382,0,0,0
19.25,1.30402,0,0,0
19.255,1.29666,0,0,0
19.26,1.29391,0,0,0
19.265,1.28619,0,0,0
19.27,1.29404,0,0,0
19.275,1.29809,0,0,0
19.28,1.3023,0,0,0
19.285,1.3194,0,0,0
19.29,1.32175,0,0,0
19.295,1.31097,0,0,0
19.3,1.29256,0,0,0
19.305,1.29501,0,0,0
19.31,1.29514,0,0,0
19.315,1.30833,0,0,0
19.32,1.31905,0,0,0
19.325,1.32875,0,0,0
19.33,1.34009,0,0,0
19.335,1.34721,0,0,0
19.34,1.33321,0,0,0
19.345,1.31534,0,0,0
19.35,1.31543,0,0,0
19.355,1.32053,0,0,0
19.36,1.32785,0,0,0
19.365,1.31164,0,0,0
19.37,1.29774,0,0,0
19.375,1.28849,0,0,0
19.38,1.29988,0,0,0
19.385,1.30904,0,0,0
19.39,1.32569,0,0,0
19.395,1.35748,0,0,0
19.4,1.37543,0,0,0
19.405,1.38456,0,0,0
19.41,1.37821,0,0,0
19.415,1.35289,0,0,0
19.42,1.34229,0,0,0
19.425,1.3236,0,0,0
19.43,1.33199,0,0,0
19.435,1.34214,0,0,0
19.44,1.34238,0,0,0
19.445,1.34826,0,0,0
19.45,1.35258,0,0,0
19.455,1.35541,0,0,0
19.46,1.36378,0,0,0
19.465,1.36624,0,0,0
19.47,1.37688,0,0,0
19.475,1.38338,0,0,0
19.48,1.392,0,0,0
19.485,1.397,0,0,0
19.49,1.39429,0,0,0
19.495,1.3721,0,0,0
19.5,1.35965,0,0,0
19.505,1.34807,0,0,0
19.51,1.35569,0,0,0
19.515,1.3627,0,0,0
19.52,1.36701,0,0,0
19.525,1.35771,0,0,0
19.53,1.3471,0,0,0
19.535,1.3459,0,0,0
19.54,1.33467,0,0,0
19.545,1.33822,0,0,0
19.55,1.35046,0,0,0
19.555,1.36656,0,0,0
19.56,1.38874,0,0,0
19.565,1.39405,0,0,0
19.57,1.38612,0,0,0
19.575,1.38369,0,0,0
19.58,1.37658,0,0,0
19.585,1.37308,0,0,0
19.59,1.3507,0,0,0
19.595,1.34416,0,0,0
19.6,1.34494,0,0,0
19.605,1.35668,0,0,0
19.61,1.36557,0,0,0
19.615,1.35133,0,0,0
19.62,1.33818,0,0,0
19.625,1.32248,0,0,0
19.63,1.31878,0,0,0
19.635,1.34391,0,0,0
19.64,1.36225,0,0,0
19.645,1.36983,0,0,0
19.65,1.37997,0,0,0
19.655,1.37232,0,0,0
19.66,1.36318,0,0,0
19.665,1.35047,0,0,0
19.67,1.33797,0,0,0
19.675,1.33284,0,0,0
19.68,1.33474,0,0,0
19.685,1.35635,0,0,0
19.69,1.37305,0,0,0
19.695,1.37443,0,0,0
19.7,1.37086,0,0,0
19.705,1.37258,0,0,0
19.71,1.38593,0,0,0
19.715,1.36846,0,0,0
19.72,1.36711,0,0,0
19.725,1.37308,0,0,0
19.73,1.38046,0,0,0
19.735,1.37835,0,0,0
19.74,1.36634,0,0,0
19.745,1.35883,0,0,0
19.75,1.3597,0,0,0
19.755,1.36563,0,0,0
19.76,1.36917,0,0,0
19.765,1.36134,0,0,0
19.77,1.34438,0,0,0
19.775,1.3353,0,0,0
19.78,1.3471,0,0,0
19.785,1.35938,0,0,0
19.79,1.36748,0,0,0
19.795,1.38164,0,0,0
19.8,1.4066,0,0,0
19.805,1.43403,0,0,0
19.81,1.42056,0,0,0
19.815,1.39384,0,0,0
19.82,1.39238,0,0,0
19.825,1.40468,0,0,0
19.83,1.41058,0,0,0
19.835,1.4105,0,0,0
19.84,1.41555,0,0,0
19.845,1.41776,0,0,0
19.85,1.43123,0,0,0
19.855,1.43604,0,0,0
19.86,1.42051,0,0,0
19.865,1.39485,0,0,0
19.87,1.39681,0,0,0
19.875,1.41531,0,0,0
19.88,1.434,0,0,0
19.885,1.41817,0,0,0
19.89,1.40462,0,0,0
19.895,1.41963,0,0,0
19.9,1.42291,0,0,0
19.905,1.41278,0,0,0
19.91,1.40708,0,0,0
19.915,1.40521,0,0,0
19.92,1.40507,0,0,0
19.925,1.38941,0,0,0
19.93,1.36196,0,0,0
19.935,1.35426,0,0,0
19.94,1.36222,0,0,0
19.945,1.37292,0,0,0
19.95,1.38081,0,0,0
19.955,1.3871,0,0,0
19.96,1.39234,0,0,0
19.965,1.37957,0,0,0
19.97,1.38915,0,0,0
19.975,1.40373,0,0,0
19.98,1.408,0,0,0
19.985,1.40628,0,0,0
19.99,1.39013,0,0,0
19.995,1.3901,0,0,0
20,1.40858,0,0,0
20.005,1.4044,1.54932,1.54931,-0.144921
20.01,1.4151,1.54898,1.54898,-0.13388
20.015,1.4136,1.54865,1.54864,-0.135051
20.02,1.40878,1.54832,1.54831,-0.139536
20.025,1.40631,1.54798,1.54798,-0.14167
20.03,1.39195,1.54765,1.54764,-0.1557
20.035,1.39152,1.54731,1.54731,-0.155795
20.04,1.3973,1.54698,1.54697,-0.14968
20.045,1.39029,1.54665,1.54664,-0.156359
20.05,1.39782,1.54631,1.54631,-0.148492
20.055,1.42549,1.54598,1.54597,-0.120487
20.06,1.42826,1.54565,1.54564,-0.11739
20.065,1.4234,1.54531,1.54531,-0.121911
20.07,1.40837,1.54498,1.54497,-0.136604
20.075,1.40399,1.54465,1.54464,-0.140657
20.08,1.39852,1.54431,1.54431,-0.145789
20.085,1.39019,1.54398,1.54397,-0.15379
20.09,1.39327,1.54365,1.54364,-0.150375
20.095,1.4035,1.54331,1.54331,-0.139813
20.1,1.41022,1.54298,1.54297,-0.132762
20.105,1.39864,1.54265,1.54264,-0.144012
20.11,1.40318,1.54231,1.54231,-0.139132
20.115,1.40589,1.54198,1.54197,-0.136091
20.12,1.4114,1.54165,1.54164,-0.130254
20.125,1.39042,1.54132,1.54131,-0.150892
20.13,1.37782,1.54098,1.54098,-0.163159
20.135,1.37522,1.54065,1.54064,-0.165428
20.14,1.39353,1.54032,1.54031,-0.146787
20.145,1.40702,1.53999,1.53998,-0.13297
20.15,1.41311,1.53965,1.53965,-0.126547
20.155,1.41231,1.53932,1.53931,-0.12701
20.16,1.41178,1.53899,1.53898,-0.127206
20.165,1.40404,1.53866,1.53865,-0.134615
20.17,1.39226,1.53833,1.53832,-0.146061
20.175,1.40719,1.53799,1.53799,-0.130798
20.18,1.43546,1.53766,1.53765,-0.102197
20.185,1.44359,1.53733,1.53732,-0.0937444
20.19,1.44941,1.537,1.53699,-0.0875899
20.195,1.43716,1.53667,1.53666,-0.0995105
20.2,1.43814,1.53633,1.53633,-0.0981991
20.205,1.44249,1.536,1.536,-0.0935131
20.21,1.43653,1.53567,1.53566,-0.0991377
20.215,1.44169,1.53534,1.53533,-0.0936488
20.22,1.43472,1.53501,1.535,-0.100286
20.225,1.4356,1.53468,1.53467,-0.0990792
20.23,1.42184,1.53435,1.53434,-0.112503
20.235,1.40525,1.53402,1.53401,-0.128762
20.24,1.40151,1.53368,1.53368,-0.132177
20.245,1.4047,1.53335,1.53335,-0.128657
20.25,1.40189,1.53302,1.53302,-0.131135
20.255,1.41059,1.53269,1.53268,-0.122104
20.26,1.40474,1.53236,1.53235,-0.12762
20.265,1.41061,1.53203,1.53202,-0.121425
20.27,1.42674,1.5317,1.53169,-0.104956
20.275,1.42986,1.53137,1.53136,-0.101509
20.28,1.43419,1.53104,1.53103,-0.0968496
20.285,1.43547,1.53071,1.5307,-0.0952332
20.29,1.43722,1.53038,1.53037,-0.0931526
20.295,1.4345,1.53005,1.53004,-0.0955454
20.3,1.44492,1.52972,1.52971,-0.0848017
20.305,1.46046,1.52939,1.52938,-0.0689293
20.31,1.47372,1.52906,1.52905,-0.0553386
20.315,1.47428,1.52873,1.52872,-0.0544449
20.32,1.46969,1.5284,1.52839,-0.0587052
20.325,1.46331,1.52807,1.52806,-0.0647616
20.33,1.4529,1.52774,1.52773,-0.0748355
20.335,1.44887,1.52741,1.5274,-0.0785403
20.34,1.44397,1.52708,1.52707,-0.0831077
20.345,1.46356,1.52675,1.52674,-0.0631912
20.35,1.46396,1.52642,1.52641,-0.0624625
20.355,1.45754,1.52609,1.52608,-0.068551
20.36,1.44398,1.52576,1.52575,-0.0817832
20.365,1.44651,1.52543,1.52542,-0.0789174
20.37,1.44987,1.5251,1.52509,-0.0752295
20.375,1.45746,1.52477,1.52476,-0.0673079
20.38,1.4646,1.52444,1.52444,-0.0598388
20.385,1.47748,1.52411,1.52411,-0.0466356
20.39,1.48009,1.52378,1.52378,-0.0436914
20.395,1.46413,1.52346,1.52345,-0.0593243
20.4,1.45854,1.52313,1.52312,-0.0645838
20.405,1.4717,1.5228,1.52279,-0.0511008
20.41,1.47316,1.52247,1.52246,-0.0493076
20.415,1.4678,1.52214,1.52213,-0.0543363
20.42,1.46434,1.52181,1.52181,-0.0574734
20.425,1.45536,1.52148,1.52148,-0.0661277
20.43,1.44743,1.52116,1.52115,-0.0737306
20.435,1.4383,1.52083,1.52082,-0.0825227
20.44,1.42157,1.5205,1.52049,-0.0989278
20.445,1.4191,1.52017,1.52016,-0.101067
20.45,1.42486,1.51984,1.51984,-0.0949827
20.455,1.43115,1.51951,1.51951,-0.0883608
20.46,1.43743,1.51919,1.51918,-0.081752
20.465,1.45171,1.51886,1.51885,-0.0671467
20.47,1.45632,1.51853,1.51852,-0.0622107
20.475,1.45669,1.5182,1.5182,-0.0615177
20.48,1.44979,1.51788,1.51787,-0.0680873
20.485,1.43525,1.51755,1.51754,-0.0822933
20.49,1.42936,1.51722,1.51721,-0.0878574
20.495,1.42332,1.51689,1.51688,-0.0935722
20.5,1.42641,1.51657,1.51656,-0.0901591
20.505,1.43878,1.51624,1.51623,-0.0774567
20.51,1.44836,1.51591,1.5159,-0.0675525
20.515,1.45562,1.51558,1.51558,-0.0599604
20.52,1.45959,1.51526,1.51525,-0.0556656
20.525,1.46496,1.51493,1.51492,-0.0499651
20.53,1.47503,1.5146,1.51459,-0.039569
20.535,1.47124,1.51428,1.51427,-0.04304
20.54,1.47036,1.51395,1.51394,-0.0435904
20.545,1.47181,1.51362,1.51361,-0.0418101
20.55,1.47369,1.51329,1.51329,-0.0396079
20.555,1.47313,1.51297,1.51296,-0.039833
20.56,1.46614,1.51264,1.51263,-0.0464992
20.565,1.46871,1.51231,1.51231,-0.0436087
20.57,1.47616,1.51199,1.51198,-0.0358235
20.575,1.47613,1.51166,1.51165,-0.0355333
20.58,1.46735,1.51134,1.51133,-0.0439827
20.585,1.46209,1.51101,1.511,-0.0489182
20.59,1.46635,1.51068,1.51068,-0.0443312
20.595,1.49722,1.51036,1.51035,-0.0131395
20.6,1.50938,1.51003,1.51002,-0.000646455
20.605,1.49437,1.50971,1.5097,-0.0153356
20.61,1.47904,1.50938,1.50937,-0.03034
20.615,1.47744,1.50905,1.50905,-0.031613
20.62,1.49131,1.50873,1.50872,-0.0174222
20.625,1.50022,1.5084,1.50839,-0.00818091
20.63,1.48722,1.50808,1.50807,-0.0208564
20.635,1.46614,1.50775,1.50774,-0.0416067
20.64,1.46253,1.50743,1.50742,-0.0448952
20.645,1.47691,1.5071,1.50709,-0.030187
20.65,1.49957,1.50677,1.50677,-0.00720498
20.655,1.51661,1.50645,1.50644,0.0101576
20.66,1.50983,1.50612,1.50612,0.00371101
20.665,1.48424,1.5058,1.50579,-0.0215627
20.67,1.45731,1.50547,1.50547,-0.0481685
20.675,1.43845,1.50515,1.50514,-0.0666992
20.68,1.43104,1.50482,1.50482,-0.0737821
20.685,1.4195,1.5045,1.50449,-0.0849961
20.69,1.41424,1.50417,1.50417,-0.0899344
20.695,1.41812,1.50385,1.50384,-0.0857333
20.7,1.43534,1.50352,1.50352,-0.0681845
20.705,1.45864,1.5032,1.50319,-0.0445603
20.71,1.47249,1.50288,1.50287,-0.0303899
20.715,1.48935,1.50255,1.50254,-0.0132052
20.72,1.487,1.50223,1.50222,-0.0152287
20.725,1.4845,1.5019,1.50189,-0.0173973
20.73,1.46641,1.50158,1.50157,-0.0351644
20.735,1.47094,1.50125,1.50125,-0.0303116
20.74,1.49562,1.50093,1.50092,-0.00530505
20.745,1.50279,1.50061,1.5006,0.00218681
20.75,1.48454,1.50028,1.50027,-0.015745
20.755,1.46892,1.49996,1.49995,-0.0310365
20.76,1.47502,1.49963,1.49963,-0.0246178
20.765,1.48336,1.49931,1.4993,-0.0159499
20.77,1.49959,1.49899,1.49898,0.000603152
20.775,1.50012,1.49866,1.49865,0.00145753
20.78,1.48641,1.49834,1.49833,-0.0119305
20.785,1.4571,1.49802,1.49801,-0.0409114
20.79,1.44204,1.49769,1.49768,-0.0556573
20.795,1.44261,1.49737,1.49736,-0.0547568
20.8,1.46252,1.49705,1.49704,-0.034529
20.805,1.47717,1.49672,1.49671,-0.0195499
20.81,1.47431,1.4964,1.49639,-0.0220939
20.815,1.47465,1.49608,1.49607,-0.0214266
20.82,1.46217,1.49575,1.49574,-0.0335868
20.825,1.44894,1.49543,1.49542,-0.0464928
20.83,1.44788,1.49511,1.4951,-0.047225
20.835,1.45465,1.49478,1.49478,-0.0401386
20.84,1.47268,1.49446,1.49445,-0.0217803
20.845,1.47376,1.49414,1.49413,-0.0203783
20.85,1.47515,1.49382,1.49381,-0.0186637
20.855,1.47282,1.49349,1.49348,-0.0206753
20.86,1.47304,1.49317,1.49316,-0.0201302
20.865,1.48629,1.49285,1.49284,-0.00656001
20.87,1.49403,1.49253,1.49252,0.00150346
20.875,1.48218,1.4922,1.4922,-0.0100254
20.88,1.46859,1.49188,1.49187,-0.0232943
20.885,1.46841,1.49156,1.49155,-0.0231512
20.89,1.49153,1.49124,1.49123,0.000286894
20.895,1.51359,1.49092,1.49091,0.0226723
20.9,1.52229,1.49059,1.49059,0.0316976
20.905,1.52423,1.49027,1.49026,0.0339575
20.91,1.52094,1.48995,1.48994,0.0309891
20.915,1.52151,1.48963,1.48962,0.0318797
20.92,1.48904,1.48931,1.4893,-0.000271963
20.925,1.46408,1.48899,1.48898,-0.0249046
20.93,1.45151,1.48866,1.48866,-0.0371579
20.935,1.43614,1.48834,1.48833,-0.0521997
20.94,1.44161,1.48802,1.48801,-0.0464101
20.945,1.43522,1.4877,1.48769,-0.0524797
20.95,1.44695,1.48738,1.48737,-0.0404264
20.955,1.47602,1.48706,1.48705,-0.0110373
20.96,1.48034,1.48674,1.48673,-0.00639267
20.965,1.47905,1.48642,1.48641,-0.00736256
20.97,1.47072,1.4861,1.48609,-0.0153752
20.975,1.48389,1.48577,1.48576,-0.00188019
20.98,1.5024,1.48545,1.48544,0.0169438
20.985,1.51666,1.48513,1.48512,0.031523
20.99,1.51787,1.48481,1.4848,0.0330568
20.995,1.50031,1.48449,1.48448,0.0158134
21,1.48466,1.48417,1.48416,0.000486381
21.005,1.49271,1.48385,1.48384,0.00886384
21.01,1.50699,1.48353,1.48352,0.0234588
21.015,1.51073,1.48321,1.4832,0.0275192
21.02,1.50893,1.48289,1.48288,0.0260405
21.025,1.49424,1.48257,1.48256,0.0116669
21.03,1.48575,1.48225,1.48224,0.00350052
21.035,1.47342,1.48193,1.48192,-0.0085055
21.04,1.45678,1.48161,1.4816,-0.0248347
21.045,1.44964,1.48129,1.48128,-0.0316493
21.05,1.45552,1.48097,1.48096,-0.0254537
21.055,1.45683,1.48065,1.48064,-0.0238196
21.06,1.45926,1.48033,1.48032,-0.0210756
21.065,1.46326,1.48001,1.48,-0.0167554
21.07,1.47794,1.47969,1.47968,-0.00175611
21.075,1.48857,1.47937,1.47936,0.00920166
21.08,1.48965,1.47905,1.47904,0.0105971
21.085,1.48593,1.47873,1.47872,0.00719173
21.09,1.48322,1.47841,1.4784,0.00480651
21.095,1.48362,1.47809,1.47808,0.00552027
21.1,1.4931,1.47778,1.47776,0.0153217
21.105,1.51653,1.47746,1.47745,0.0390686
21.11,1.52595,1.47714,1.47713,0.0488081
21.115,1.51648,1.47682,1.47681,0.0396636
21.12,1.48107,1.4765,1.47649,0.00456815
21.125,1.45469,1.47618,1.47617,-0.0214883
21.13,1.46216,1.47586,1.47585,-0.0136982
21.135,1.47516,1.47554,1.47553,-0.000387974
21.14,1.47386,1.47523,1.47521,-0.00136474
21.145,1.48446,1.47491,1.4749,0.00954985
21.15,1.4899,1.47459,1.47458,0.0153073
21.155,1.49652,1.47427,1.47426,0.0222506
21.16,1.49877,1.47395,1.47394,0.0248197
21.165,1.48584,1.47363,1.47362,0.0122041
21.17,1.49701,1.47332,1.4733,0.0236936
21.175,1.50927,1.473,1.47299,0.0362761
21.18,1.51925,1.47268,1.47267,0.0465674
21.185,1.5186,1.47236,1.47235,0.0462423
21.19,1.52136,1.47204,1.47203,0.0493195
21.195,1.51671,1.47173,1.47171,0.0449867
21.2,1.51789,1.47141,1.4714,0.0464871
21.205,1.51157,1.47109,1.47108,0.0404829
21.21,1.52042,1.47077,1.47076,0.0496458
21.215,1.5227,1.47045,1.47044,0.0522423
21.22,1.52084,1.47014,1.47013,0.050703
21.225,1.50641,1.46982,1.46981,0.0365926
21.23,1.50277,1.4695,1.46949,0.0332716
21.235,1.50063,1.46919,1.46917,0.0314464
21.24,1.51803,1.46887,1.46886,0.0491608
21.245,1.52247,1.46855,1.46854,0.0539173
21.25,1.53173,1.46823,1.46822,0.0634982
21.255,1.53469,1.46792,1.46791,0.0667776
21.26,1.52278,1.4676,1.46759,0.0551776
21.265,1.50464,1.46728,1.46727,0.0373597
21.27,1.48594,1.46697,1.46695,0.018973
21.275,1.47645,1.46665,1.46664,0.00980066
21.28,1.48227,1.46633,1.46632,0.0159337
21.285,1.48136,1.46602,1.466,0.015348
21.29,1.48364,1.4657,1.46569,0.0179448
21.295,1.48031,1.46538,1.46537,0.014925
21.3,1.48431,1.46507,1.46506,0.0192421
21.305,1.48286,1.46475,1.46474,0.0181048
21.31,1.47461,1.46443,1.46442,0.0101716
21.315,1.45185,1.46412,1.46411,-0.0122709
21.32,1.43539,1.4638,1.46379,-0.0284097
21.325,1.44751,1.46349,1.46347,-0.0159808
21.33,1.46227,1.46317,1.46316,-0.000900926
21.335,1.4722,1.46285,1.46284,0.00934513
21.34,1.48123,1.46254,1.46253,0.0186903
21.345,1.5016,1.46222,1.46221,0.039374
21.35,1.53295,1.46191,1.46189,0.0710474
21.355,1.52627,1.46159,1.46158,0.0646772
21.36,1.52021,1.46128,1.46126,0.058938
21.365,1.5042,1.46096,1.46095,0.0432432
21.37,1.50024,1.46065,1.46063,0.0395909
21.375,1.50503,1.46033,1.46032,0.0446983
21.38,1.50762,1.46001,1.46,0.0476093
21.385,1.52438,1.4597,1.45969,0.0646828
21.39,1.53211,1.45938,1.45937,0.0727292
21.395,1.53155,1.45907,1.45906,0.072482
21.4,1.51615,1.45875,1.45874,0.0573913
21.405,1.4998,1.45844,1.45843,0.0413632
21.41,1.46895,1.45812,1.45811,0.010826
21.415,1.45037,1.45781,1.4578,-0.00743484
21.42,1.44585,1.45749,1.45748,-0.0116468
21.425,1.456,1.45718,1.45717,-0.00117753
21.43,1.4712,1.45687,1.45685,0.0143363
21.435,1.47746,1.45655,1.45654,0.0209094
21.44,1.46762,1.45624,1.45622,0.0113835
21.445,1.46559,1.45592,1.45591,0.00967191
21.45,1.46467,1.45561,1.45559,0.00906153
21.455,1.46396,1.45529,1.45528,0.00866356
21.46,1.48758,1.45498,1.45497,0.032596
21.465,1.51533,1.45467,1.45465,0.0606643
21.47,1.52965,1.45435,1.45434,0.0753031
21.475,1.53105,1.45404,1.45402,0.0770118
21.48,1.51766,1.45372,1.45371,0.0639318
21.485,1.51907,1.45341,1.4534,0.0656614
21.49,1.5276,1.4531,1.45308,0.0745033
21.495,1.5171,1.45278,1.45277,0.0643207
21.5,1.5156,1.45247,1.45246,0.0631322
21.505,1.50434,1.45216,1.45214,0.052184
21.51,1.50807,1.45184,1.45183,0.0562233
21.515,1.50301,1.45153,1.45151,0.051477
21.52,1.47961,1.45122,1.4512,0.0283992
21.525,1.46025,1.4509,1.45089,0.00934477
21.53,1.46017,1.45059,1.45057,0.00958295
21.535,1.46199,1.45028,1.45026,0.0117156
21.54,1.4617,1.44996,1.44995,0.0117383
21.545,1.45226,1.44965,1.44964,0.00261325
21.55,1.43608,1.44934,1.44932,-0.0132565
21.555,1.44964,1.44902,1.44901,0.000621134
21.56,1.46674,1.44871,1.4487,0.0180316
21.565,1.47617,1.4484,1.44838,0.0277692
21.57,1.47121,1.44809,1.44807,0.0231256
21.575,1.45313,1.44777,1.44776,0.0053538
21.58,1.45466,1.44746,1.44745,0.00719893
21.585,1.4665,1.44715,1.44713,0.0193495
21.59,1.4764,1.44684,1.44682,0.0295628
21.595,1.4728,1.44652,1.44651,0.0262777
21.6,1.46197,1.44621,1.4462,0.0157564
21.605,1.45699,1.4459,1.44588,0.0110901
21.61,1.46556,1.44559,1.44557,0.0199762
21.615,1.47505,1.44527,1.44526,0.0297738
21.62,1.48326,1.44496,1.44495,0.0382979
21.625,1.48159,1.44465,1.44464,0.0369415
21.63,1.49227,1.44434,1.44432,0.0479327
21.635,1.50473,1.44403,1.44401,0.0607069
21.64,1.52392,1.44372,1.4437,0.0802081
21.645,1.54032,1.4434,1.44339,0.0969171
21.65,1.53716,1.44309,1.44308,0.0940663
21.655,1.5327,1.44278,1.44277,0.0899202
21.66,1.52615,1.44247,1.44245,0.083681
21.665,1.53013,1.44216,1.44214,0.0879684
21.67,1.53836,1.44185,1.44183,0.0965098
21.675,1.54099,1.44154,1.44152,0.0994564
21.68,1.53999,1.44122,1.44121,0.0987626
21.685,1.53156,1.44091,1.4409,0.0906442
21.69,1.52698,1.4406,1.44059,0.0863807
21.695,1.51815,1.44029,1.44028,0.0778538
21.7,1.52119,1.43998,1.43997,0.0812068
21.705,1.53711,1.43967,1.43965,0.0974383
21.71,1.5604,1.43936,1.43934,0.12104
21.715,1.58092,1.43905,1.43903,0.141873
21.72,1.56754,1.43874,1.43872,0.128797
21.725,1.5463,1.43843,1.43841,0.107877
21.73,1.51725,1.43812,1.4381,0.0791334
21.735,1.50529,1.43781,1.43779,0.0674791
21.74,1.49713,1.4375,1.43748,0.0596339
21.745,1.49148,1.43719,1.43717,0.0542961
21.75,1.48365,1.43688,1.43686,0.0467769
21.755,1.49157,1.43657,1.43655,0.0550034
21.76,1.50127,1.43626,1.43624,0.0650114
21.765,1.51147,1.43595,1.43593,0.0755259
21.77,1.51941,1.43564,1.43562,0.0837737
21.775,1.51607,1.43533,1.43531,0.0807397
21.78,1.53303,1.43502,1.435,0.0980144
21.785,1.53789,1.43471,1.43469,0.103181
21.79,1.5341,1.4344,1.43438,0.0997068
21.795,1.51677,1.43409,1.43407,0.0826782
21.8,1.51663,1.43378,1.43376,0.0828548
21.805,1.52981,1.43347,1.43345,0.0963435
21.81,1.54909,1.43316,1.43314,0.115926
21.815,1.53497,1.43285,1.43283,0.102118
21.82,1.51392,1.43254,1.43252,0.0813763
21.825,1.50591,1.43223,1.43221,0.0736771
21.83,1.48644,1.43192,1.43191,0.054513
21.835,1.47598,1.43161,1.4316,0.0443681
21.84,1.47452,1.4313,1.43129,0.0432173
21.845,1.47654,1.431,1.43098,0.0455477
21.85,1.4959,1.43069,1.43067,0.0652127
21.855,1.51522,1.43038,1.43036,0.084839
21.86,1.53728,1.43007,1.43005,0.107208
21.865,1.55118,1.42976,1.42974,0.121415
21.87,1.54747,1.42945,1.42943,0.118017
21.875,1.54382,1.42914,1.42913,0.114676
21.88,1.53306,1.42884,1.42882,0.10422
21.885,1.51774,1.42853,1.42851,0.0892098
21.89,1.51063,1.42822,1.4282,0.0824151
21.895,1.52497,1.42791,1.42789,0.097056
21.9,1.53308,1.4276,1.42758,0.105477
21.905,1.54543,1.42729,1.42728,0.118132
21.91,1.53217,1.42699,1.42697,0.105185
21.915,1.51932,1.42668,1.42666,0.0926452
21.92,1.51012,1.42637,1.42635,0.0837526
21.925,1.48904,1.42606,1.42604,0.0629782
21.93,1.45739,1.42576,1.42574,0.0316328
21.935,1.44402,1.42545,1.42543,0.0185696
21.94,1.45137,1.42514,1.42512,0.0262321
21.945,1.47634,1.42483,1.42481,0.0515044
21.95,1.48409,1.42453,1.42451,0.0595638
21.955,1.47729,1.42422,1.4242,0.0530738
21.96,1.47082,1.42391,1.42389,0.0469061
21.965,1.47447,1.4236,1.42358,0.0508635
21.97,1.4816,1.4233,1.42328,0.0583012
21.975,1.48871,1.42299,1.42297,0.0657233
21.98,1.50549,1.42268,1.42266,0.0828087
21.985,1.51288,1.42238,1.42236,0.0905052
21.99,1.51294,1.42207,1.42205,0.0908686
21.995,1.52328,1.42176,1.42174,0.101515
22,1.52313,1.42145,1.42144,0.101674
22.005,1.52054,1.42115,1.42113,0.0993961
22.01,1.50074,1.42084,1.42082,0.0799023
22.015,1.49123,1.42054,1.42052,0.0706984
22.02,1.47726,1.42023,1.42021,0.0570337
22.025,1.47398,1.41992,1.4199,0.0540611
22.03,1.46502,1.41962,1.4196,0.0453992
22.035,1.45869,1.41931,1.41929,0.0393839
22.04,1.45554,1.419,1.41898,0.0365363
22.045,1.47655,1.4187,1.41868,0.0578561
22.05,1.4984,1.41839,1.41837,0.0800087
22.055,1.49119,1.41809,1.41806,0.0731038
22.06,1.47103,1.41778,1.41776,0.0532526
22.065,1.46619,1.41747,1.41745,0.0487179
22.07,1.46642,1.41717,1.41715,0.049249
22.075,1.46454,1.41686,1.41684,0.0476734
22.08,1.46656,1.41656,1.41654,0.0499995
22.085,1.46796,1.41625,1.41623,0.0517132
22.09,1.47068,1.41595,1.41592,0.0547341
22.095,1.46728,1.41564,1.41562,0.0516401
22.1,1.45999,1.41533,1.41531,0.0446584
22.105,1.46376,1.41503,1.41501,0.0487319
22.11,1.46844,1.41472,1.4147,0.0537205
22.115,1.46021,1.41442,1.4144,0.045789
22.12,1.45226,1.41411,1.41409,0.0381431
22.125,1.45007,1.41381,1.41379,0.0362663
22.13,1.45924,1.4135,1.41348,0.0457393
22.135,1.46883,1.4132,1.41318,0.0556287
22.14,1.47183,1.41289,1.41287,0.0589374
22.145,1.48045,1.41259,1.41257,0.0678601
22.15,1.502,1.41228,1.41226,0.0897108
22.155,1.51301,1.41198,1.41196,0.101026
22.16,1.51311,1.41168,1.41165,0.101439
22.165,1.49886,1.41137,1.41135,0.0874862
22.17,1.50496,1.41107,1.41104,0.0938966
22.175,1.5091,1.41076,1.41074,0.0983355
22.18,1.5088,1.41046,1.41044,0.098343
22.185,1.50431,1.41015,1.41013,0.0941601
22.19,1.50888,1.40985,1.40983,0.0990299
22.195,1.5176,1.40955,1.40952,0.10805
22.2,1.5263,1.40924,1.40922,0.117063
22.205,1.53274,1.40894,1.40891,0.123803
22.21,1.51498,1.40863,1.40861,0.106343
22.215,1.49224,1.40833,1.40831,0.0839098
22.22,1.48232,1.40803,1.408,0.0742976
22.225,1.48926,1.40772,1.4077,0.0815326
22.23,1.50214,1.40742,1.4074,0.0947259
22.235,1.50297,1.40712,1.40709,0.0958532
22.24,1.50081,1.40681,1.40679,0.0940019
22.245,1.48578,1.40651,1.40648,0.079272
22.25,1.47285,1.40621,1.40618,0.0666464
22.255,1.46097,1.4059,1.40588,0.055063
22.26,1.4601,1.4056,1.40557,0.0545022
22.265,1.46662,1.4053,1.40527,0.0613214
22.27,1.46848,1.40499,1.40497,0.0634851
22.275,1.47266,1.40469,1.40467,0.0679733
22.28,1.47957,1.40439,1.40436,0.0751817
22.285,1.47879,1.40408,1.40406,0.0747023
22.29,1.47818,1.40378,1.40376,0.0744004
22.295,1.46163,1.40348,1.40345,0.0581542
22.3,1.43964,1.40318,1.40315,0.036468
22.305,1.4224,1.40287,1.40285,0.0195251
22.31,1.42374,1.40257,1.40255,0.0211644
22.315,1.45555,1.40227,1.40224,0.0532859
22.32,1.47595,1.40197,1.40194,0.0739876
22.325,1.47213,1.40166,1.40164,0.070465
22.33,1.4671,1.40136,1.40134,0.0657357
22.335,1.46245,1.40106,1.40103,0.0613929
22.34,1.45093,1.40076,1.40073,0.0501697
22.345,1.44623,1.40046,1.40043,0.0457751
22.35,1.45081,1.40015,1.40013,0.0506592
22.355,1.46522,1.39985,1.39983,0.0653685
22.36,1.47882,1.39955,1.39952,0.07927
22.365,1.48474,1.39925,1.39922,0.085496
22.37,1.48952,1.39895,1.39892,0.0905761
22.375,1.49821,1.39864,1.39862,0.0995626
22.38,1.49648,1.39834,1.39832,0.0981358
22.385,1.48095,1.39804,1.39801,0.0829047
22.39,1.4744,1.39774,1.39771,0.0766571
22.395,1.46099,1.39744,1.39741,0.0635474
22.4,1.46635,1.39714,1.39711,0.069212
22.405,1.47114,1.39684,1.39681,0.0742989
22.41,1.48022,1.39654,1.39651,0.0836842
22.415,1.48427,1.39623,1.39621,0.0880328
22.42,1.47732,1.39593,1.39591,0.0813826
22.425,1.48505,1.39563,1.3956,0.0894198
22.43,1.48994,1.39533,1.3953,0.0946089
22.435,1.48391,1.39503,1.395,0.0888772
22.44,1.46686,1.39473,1.3947,0.0721303
22.445,1.45621,1.39443,1.3944,0.0617846
22.45,1.46662,1.39413,1.3941,0.072495
22.455,1.47565,1.39383,1.3938,0.0818176
22.46,1.47287,1.39353,1.3935,0.0793445
22.465,1.47753,1.39323,1.3932,0.0843031
22.47,1.47453,1.39293,1.3929,0.0816035
22.475,1.46497,1.39263,1.3926,0.0723467
22.48,1.45538,1.39233,1.3923,0.063055
22.485,1.45622,1.39203,1.392,0.0641909
22.49,1.46284,1.39173,1.3917,0.071117
22.495,1.4751,1.39143,1.3914,0.0836689
22.5,1.47902,1.39113,1.3911,0.0878911
22.505,1.49029,1.39083,1.3908,0.0994673
22.51,1.51253,1.39053,1.3905,0.122006
22.515,1.5313,1.39023,1.3902,0.141076
22.52,1.5372,1.38993,1.3899,0.147272
22.525,1.53039,1.38963,1.3896,0.140765
22.53,1.52373,1.38933,1.3893,0.134403
22.535,1.50382,1.38903,1.389,0.114792
22.54,1.50211,1.38873,1.3887,0.113376
22.545,1.50986,1.38843,1.3884,0.121431
22.55,1.52152,1.38813,1.3881,0.13339
22.555,1.53972,1.38783,1.3878,0.151887
22.56,1.53717,1.38753,1.3875,0.149637
22.565,1.5383,1.38724,1.3872,0.151064
22.57,1.54299,1.38694,1.3869,0.156055
22.575,1.54035,1.38664,1.3866,0.153717
22.58,1.52254,1.38634,1.38631,0.136201
22.585,1.5135,1.38604,1.38601,0.12746
22.59,1.50951,1.38574,1.38571,0.12377
22.595,1.51047,1.38544,1.38541,0.125028
22.6,1.50223,1.38514,1.38511,0.117088
22.605,1.48823,1.38485,1.38481,0.10338
22.61,1.48041,1.38455,1.38451,0.0958604
22.615,1.47818,1.38425,1.38421,0.0939341
22.62,1.48322,1.38395,1.38392,0.0992686
22.625,1.47821,1.38365,1.38362,0.0945557
22.63,1.4867,1.38335,1.38332,0.103349
22.635,1.47685,1.38306,1.38302,0.093793
22.64,1.47322,1.38276,1.38272,0.0904622
22.645,1.46796,1.38246,1.38243,0.0854993
22.65,1.46945,1.38216,1.38213,0.0872897
22.655,1.46733,1.38187,1.38183,0.0854608
22.66,1.46257,1.38157,1.38153,0.0810032
22.665,1.45569,1.38127,1.38123,0.0744221
22.67,1.44199,1.38097,1.38094,0.0610124
22.675,1.43542,1.38068,1.38064,0.054742
22.68,1.4513,1.38038,1.38034,0.0709238
22.685,1.4683,1.38008,1.38004,0.0882229
22.69,1.47722,1.37978,1.37975,0.0974355
22.695,1.47723,1.37949,1.37945,0.0977475
22.7,1.47359,1.37919,1.37915,0.0943976
22.705,1.46987,1.37889,1.37885,0.0909804
22.71,1.4654,1.37859,1.37856,0.0868057
22.715,1.4555,1.3783,1.37826,0.0772044
22.72,1.44865,1.378,1.37796,0.0706501
22.725,1.44919,1.3777,1.37767,0.0714849
22.73,1.44664,1.37741,1.37737,0.0692347
22.735,1.44241,1.37711,1.37707,0.0652963
22.74,1.45224,1.37681,1.37678,0.0754205
22.745,1.46557,1.37652,1.37648,0.0890485
22.75,1.48995,1.37622,1.37618,0.113732
22.755,1.49161,1.37593,1.37589,0.115682
22.76,1.48055,1.37563,1.37559,0.104926
22.765,1.45977,1.37533,1.37529,0.0844353
22.77,1.45114,1.37504,1.375,0.0761044
22.775,1.43069,1.37474,1.3747,0.0559527
22.78,1.43285,1.37444,1.3744,0.0584101
22.785,1.44186,1.37415,1.37411,0.0677157
22.79,1.43604,1.37385,1.37381,0.0621831
22.795,1.43862,1.37356,1.37352,0.0650589
22.8,1.41566,1.37326,1.37322,0.0423993
22.805,1.40918,1.37297,1.37292,0.0362125
22.81,1.4206,1.37267,1.37263,0.047928
22.815,1.43863,1.37237,1.37233,0.0662563
22.82,1.45687,1.37208,1.37204,0.084792
22.825,1.46967,1.37178,1.37174,0.0978859
22.83,1.47509,1.37149,1.37144,0.103601
22.835,1.48115,1.37119,1.37115,0.109953
22.84,1.49155,1.3709,1.37085,0.120655
22.845,1.49052,1.3706,1.37056,0.119919
22.85,1.49548,1.37031,1.37026,0.125169
22.855,1.50085,1.37001,1.36997,0.130835
22.86,1.48425,1.36972,1.36967,0.114536
22.865,1.45796,1.36942,1.36938,0.0885408
22.87,1.42864,1.36913,1.36908,0.0595074
22.875,1.42946,1.36883,1.36879,0.0606257
22.88,1.44444,1.36854,1.36849,0.0759012
22.885,1.46232,1.36824,1.3682,0.0940736
22.89,1.45563,1.36795,1.3679,0.0876827
22.895,1.45081,1.36766,1.36761,0.0831503
22.9,1.45473,1.36736,1.36731,0.0873666
22.905,1.46258,1.36707,1.36702,0.0955132
22.91,1.45156,1.36677,1.36672,0.0847824
22.915,1.43921,1.36648,1.36643,0.0727282
22.92,1.42345,1.36618,1.36614,0.0572644
22.925,1.42624,1.36589,1.36584,0.0603544
22.93,1.43172,1.3656,1.36555,0.0661198
22.935,1.43031,1.3653,1.36525,0.0650107
22.94,1.43551,1.36501,1.36496,0.0705033
22.945,1.43657,1.36472,1.36467,0.0718559
22.95,1.42532,1.36442,1.36437,0.0608999
22.955,1.41948,1.36413,1.36408,0.0553487
22.96,1.41034,1.36383,1.36378,0.0465054
22.965,1.42731,1.36354,1.36349,0.0637664
22.97,1.43769,1.36325,1.3632,0.0744413
22.975,1.43841,1.36295,1.3629,0.0754582
22.98,1.44516,1.36266,1.36261,0.082502
22.985,1.44192,1.36237,1.36232,0.0795517
22.99,1.44284,1.36208,1.36202,0.0807609
22.995,1.4429,1.36178,1.36173,0.0811144
23,1.43818,1.36149,1.36144,0.0766901
23.005,1.44109,1.3612,1.36114,0.0798919
23.01,1.47126,1.3609,1.36085,0.110357
23.015,1.4854,1.36061,1.36056,0.12479
23.02,1.48401,1.36032,1.36026,0.123691
23.025,1.4847,1.36003,1.35997,0.12467
23.03,1.47122,1.35973,1.35968,0.111488
23.035,1.46783,1.35944,1.35938,0.108387
23.04,1.47444,1.35915,1.35909,0.115294
23.045,1.47309,1.35886,1.3588,0.114235
23.05,1.46712,1.35856,1.35851,0.108559
23.055,1.4702,1.35827,1.35821,0.111924
23.06,1.45705,1.35798,1.35792,0.0990738
23.065,1.43934,1.35769,1.35763,0.0816502
23.07,1.42401,1.3574,1.35734,0.0666142
23.075,1.41305,1.3571,1.35704,0.0559444
23.08,1.42474,1.35681,1.35675,0.0679255
23.085,1.43515,1.35652,1.35646,0.0786256
23.09,1.44735,1.35623,1.35617,0.0911233
23.095,1.4369,1.35594,1.35588,0.0809628
23.1,1.42481,1.35565,1.35558,0.0691687
23.105,1.42691,1.35535,1.35529,0.0715522
23.11,1.43759,1.35506,1.355,0.0825286
23.115,1.45335,1.35477,1.35471,0.0985825
23.12,1.45929,1.35448,1.35442,0.10481
23.125,1.46472,1.35419,1.35413,0.11053
23.13,1.47518,1.3539,1.35383,0.121284
23.135,1.47043,1.35361,1.35354,0.116819
23.14,1.46516,1.35332,1.35325,0.11184
23.145,1.46667,1.35303,1.35296,0.113642
23.15,1.46344,1.35273,1.35267,0.110701
23.155,1.44372,1.35244,1.35238,0.091275
23.16,1.41906,1.35215,1.35209,0.0669035
23.165,1.40318,1.35186,1.35179,0.0513149
23.17,1.39489,1.35157,1.3515,0.0433201
23.175,1.38548,1.35128,1.35121,0.0342003
23.18,1.38194,1.35099,1.35092,0.0309472
23.185,1.37542,1.3507,1.35063,0.0247235
23.19,1.40151,1.35041,1.35034,0.0510966
23.195,1.4195,1.35012,1.35005,0.069383
23.2,1.43928,1.34983,1.34976,0.089445
23.205,1.44785,1.34954,1.34947,0.0983113
23.21,1.46057,1.34925,1.34918,0.111324
23.215,1.44296,1.34896,1.34889,0.0939973
23.22,1.4357,1.34867,1.3486,0.0870318
23.225,1.43297,1.34838,1.34831,0.0845901
23.23,1.43167,1.34809,1.34802,0.0835789
23.235,1.42086,1.3478,1.34773,0.0730601
23.24,1.41388,1.34751,1.34744,0.0663672
23.245,1.4099,1.34722,1.34715,0.0626788
23.25,1.40981,1.34693,1.34686,0.062881
23.255,1.41338,1.34664,1.34657,0.066736
23.26,1.42084,1.34636,1.34628,0.0744835
23.265,1.43179,1.34607,1.34599,0.0857189
23.27,1.42742,1.34578,1.3457,0.0816429
23.275,1.4144,1.34549,1.34541,0.0689104
23.28,1.40112,1.3452,1.34512,0.0559176
23.285,1.38159,1.34491,1.34483,0.0366824
23.29,1.39251,1.34462,1.34454,0.0478878
23.295,1.4182,1.34433,1.34425,0.0738711
23.3,1.43847,1.34404,1.34396,0.0944275
23.305,1.45315,1.34376,1.34367,0.109394
23.31,1.46644,1.34347,1.34338,0.122972
23.315,1.4741,1.34318,1.34309,0.130919
23.32,1.47776,1.34289,1.34281,0.134869
23.325,1.46585,1.3426,1.34252,0.123244
23.33,1.4465,1.34231,1.34223,0.104187
23.335,1.43448,1.34203,1.34194,0.0924557
23.34,1.41082,1.34174,1.34165,0.0690774
23.345,1.37672,1.34145,1.34136,0.0352672
23.35,1.37455,1.34116,1.34107,0.0333857
23.355,1.37896,1.34087,1.34078,0.0380864
23.36,1.382,1.34059,1.3405,0.041409
23.365,1.38592,1.3403,1.34021,0.0456163
23.37,1.38966,1.34001,1.33992,0.0496487
23.375,1.39859,1.33972,1.33963,0.0588675
23.38,1.39512,1.33944,1.33934,0.0556873
23.385,1.37811,1.33915,1.33905,0.0389641
23.39,1.38216,1.33886,1.33877,0.0433005
23.395,1.40108,1.33858,1.33848,0.0625085
23.4,1.42984,1.33829,1.33819,0.0915465
23.405,1.44106,1.338,1.3379,0.103056
23.41,1.43777,1.33771,1.33761,0.100054
23.415,1.4279,1.33743,1.33733,0.0904761
23.42,1.42175,1.33714,1.33704,0.0846121
23.425,1.42639,1.33685,1.33675,0.0895353
23.43,1.42296,1.33657,1.33646,0.0863883
23.435,1.41106,1.33628,1.33618,0.0747818
23.44,1.39402,1.33599,1.33589,0.0580215
23.445,1.38778,1.33571,1.3356,0.0520707
23.45,1.39525,1.33542,1.33531,0.0598287
23.455,1.40029,1.33514,1.33503,0.0651569
23.46,1.38959,1.33485,1.33474,0.0547427
23.465,1.3892,1.33456,1.33445,0.05464
23.47,1.37997,1.33428,1.33417,0.045691
23.475,1.38825,1.33399,1.33388,0.0542622
23.48,1.39144,1.33371,1.33359,0.0577305
23.485,1.38754,1.33342,1.33331,0.0541183
23.49,1.38857,1.33313,1.33302,0.0554388
23.495,1.40013,1.33285,1.33273,0.0672853
23.5,1.41165,1.33256,1.33245,0.0790847
23.505,1.41838,1.33228,1.33216,0.0861013
23.51,1.44241,1.33199,1.33187,0.110418
23.515,1.46122,1.33171,1.33159,0.129512
23.52,1.46429,1.33142,1.3313,0.132872
23.525,1.45335,1.33114,1.33101,0.122213
23.53,1.43429,1.33085,1.33073,0.103439
23.535,1.43238,1.33057,1.33044,0.101814
23.54,1.4395,1.33028,1.33016,0.109219
23.545,1.4304,1.33,1.32987,0.100401
23.55,1.42561,1.32971,1.32958,0.0958953
23.555,1.42411,1.32943,1.3293,0.0946792
23.56,1.43817,1.32914,1.32901,0.109021
23.565,1.45634,1.32886,1.32873,0.127475
23.57,1.45773,1.32858,1.32844,0.129152
23.575,1.44316,1.32829,1.32816,0.114872
23.58,1.41676,1.32801,1.32787,0.0887499
23.585,1.3969,1.32772,1.32758,0.0691724
23.59,1.39075,1.32744,1.3273,0.0633148
23.595,1.40747,1.32716,1.32701,0.0803171
23.6,1.43073,1.32687,1.32673,0.103859
23.605,1.44412,1.32659,1.32644,0.11753
23.61,1.45246,1.32631,1.32616,0.126157
23.615,1.46073,1.32602,1.32587,0.134711
23.62,1.47445,1.32574,1.32559,0.148709
23.625,1.47934,1.32546,1.3253,0.153889
23.63,1.45515,1.32517,1.32502,0.129976
23.635,1.42233,1.32489,1.32473,0.0974374
23.64,1.40464,1.32461,1.32445,0.080036
23.645,1.40517,1.32432,1.32416,0.0808439
23.65,1.40507,1.32404,1.32388,0.0810283
23.655,1.41535,1.32376,1.32359,0.0915934
23.66,1.42233,1.32348,1.32331,0.0988535
23.665,1.41038,1.32319,1.32303,0.0871844
23.67,1.38196,1.32291,1.32274,0.0590542
23.675,1.36465,1.32263,1.32246,0.0420256
23.68,1.35654,1.32235,1.32217,0.0341923
23.685,1.3548,1.32206,1.32189,0.0327412
23.69,1.35147,1.32178,1.32161,0.0296892
23.695,1.36208,1.3215,1.32132,0.0405835
23.7,1.38173,1.32122,1.32104,0.0605138
23.705,1.38465,1.32094,1.32075,0.0637095
23.71,1.37761,1.32065,1.32047,0.05696
23.715,1.38098,1.32037,1.32019,0.0606098
23.72,1.38102,1.32009,1.3199,0.0609297
23.725,1.38701,1.31981,1.31962,0.0672002
23.73,1.39003,1.31953,1.31934,0.0704981
23.735,1.37209,1.31925,1.31905,0.0528401
23.74,1.35118,1.31897,1.31877,0.0322173
23.745,1.32821,1.31869,1.31848,0.00952007
23.75,1.32624,1.31841,1.3182,0.00783697
23.755,1.35121,1.31813,1.31792,0.0330804
23.76,1.37643,1.31784,1.31764,0.0585871
23.765,1.38981,1.31756,1.31735,0.0722484
23.77,1.38884,1.31728,1.31707,0.071556
23.775,1.3719,1.317,1.31679,0.0548928
23.78,1.37037,1.31672,1.3165,0.053645
23.785,1.37024,1.31644,1.31622,0.0537981
23.79,1.38607,1.31616,1.31594,0.0699009
23.795,1.38415,1.31588,1.31566,0.0682632
23.8,1.38768,1.31561,1.31537,0.0720698
23.805,1.3862,1.31533,1.31509,0.0708743
23.81,1.37741,1.31505,1.31481,0.0623619
23.815,1.34721,1.31477,1.31453,0.0324436
23.82,1.33919,1.31449,1.31424,0.0247063
23.825,1.33694,1.31421,1.31396,0.0227277
23.83,1.35358,1.31393,1.31368,0.0396493
23.835,1.36171,1.31365,1.3134,0.0480536
23.84,1.36403,1.31337,1.31311,0.0506585
23.845,1.35691,1.3131,1.31283,0.0438172
23.85,1.33985,1.31282,1.31255,0.0270335
23.855,1.32564,1.31254,1.31227,0.0130983
23.86,1.32733,1.31226,1.31199,0.0150669
23.865,1.33461,1.31198,1.3117,0.0226228
23.87,1.34032,1.31171,1.31142,0.0286173
23.875,1.34535,1.31143,1.31114,0.033923
23.88,1.35729,1.31115,1.31086,0.0461419
23.885,1.37511,1.31088,1.31058,0.0642316
23.89,1.37846,1.3106,1.3103,0.0678627
23.895,1.37459,1.31032,1.31002,0.0642638
23.9,1.37498,1.31005,1.30973,0.0649342
23.905,1.38608,1.30977,1.30945,0.076309
23.91,1.38646,1.30949,1.30917,0.0769645
23.915,1.37856,1.30922,1.30889,0.0693402
23.92,1.36147,1.30894,1.30861,0.0525254
23.925,1.36555,1.30867,1.30833,0.0568876
23.93,1.38463,1.30839,1.30805,0.0762374
23.935,1.39278,1.30812,1.30777,0.0846614
23.94,1.40802,1.30784,1.30749,0.10018
23.945,1.40822,1.30757,1.30721,0.100656
23.95,1.40373,1.30729,1.30693,0.0964413
23.955,1.39196,1.30702,1.30664,0.084945
23.96,1.38049,1.30674,1.30636,0.0737464
23.965,1.38361,1.30647,1.30608,0.0771451
23.97,1.38201,1.3062,1.3058,0.0758159
23.975,1.37121,1.30592,1.30552,0.0652913
23.98,1.35281,1.30565,1.30524,0.0471613
23.985,1.35072,1.30538,1.30496,0.0453434
23.99,1.34032,1.3051,1.30468,0.0352197
23.995,1.32512,1.30483,1.3044,0.0202917
24,1.31738,1.30456,1.30412,0.0128197
24.005,1.31537,1.30429,1.30384,0.0110804
24.01,1.33192,1.30402,1.30356,0.027902
24.015,1.33937,1.30374,1.30328,0.0356301
24.02,1.3556,1.30347,1.303,0.0521225
24.025,1.37045,1.3032,1.30272,0.0672456
24.03,1.38046,1.30293,1.30244,0.077526
24.035,1.38112,1.30266,1.30217,0.0784536
24.04,1.36371,1.30239,1.30189,0.0613202
24.045,1.35435,1.30212,1.30161,0.0522303
24.05,1.35768,1.30186,1.30133,0.0558208
24.055,1.35721,1.30159,1.30105,0.055626
24.06,1.36442,1.30132,1.30077,0.0630992
24.065,1.36875,1.30105,1.30049,0.0677
24.07,1.37204,1.30078,1.30021,0.0712572
24.075,1.39821,1.30052,1.29993,0.097691
24.08,1.40792,1.30025,1.29965,0.107667
24.085,1.41284,1.29999,1.29937,0.112854
24.09,1.41453,1.29972,1.2991,0.114806
24.095,1.40244,1.29946,1.29882,0.102989
24.1,1.38656,1.29919,1.29854,0.0873704
24.105,1.37449,1.29893,1.29826,0.0755653
24.11,1.36278,1.29866,1.29798,0.0641165
24.115,1.34214,1.2984,1.2977,0.0437347
24.12,1.33819,1.29814,1.29742,0.0400544
24.125,1.34861,1.29788,1.29715,0.0507299
24.13,1.36917,1.29762,1.29687,0.0715541
24.135,1.39874,1.29736,1.29659,0.101385
24.14,1.4067,1.2971,1.29631,0.109602
24.145,1.40699,1.29684,1.29603,0.110148
24.15,1.4026,1.29658,1.29576,0.106015
24.155,1.38138,1.29633,1.29548,0.0850549
24.16,1.37623,1.29607,1.2952,0.0801647
24.165,1.35707,1.29582,1.29492,0.0612522
24.17,1.3543,1.29556,1.29464,0.058738
24.175,1.35842,1.29531,1.29437,0.0631135
24.18,1.35246,1.29506,1.29409,0.0574043
24.185,1.35811,1.29481,1.29381,0.0633049
24.19,1.35126,1.29456,1.29353,0.0567059
24.195,1.34251,1.29431,1.29326,0.048202
24.2,1.33456,1.29406,1.29298,0.0405028
24.205,1.32171,1.29381,1.2927,0.0278916
24.21,1.33192,1.29357,1.29242,0.0383455
24.215,1.35456,1.29333,1.29215,0.0612346
24.22,1.3647,1.29309,1.29187,0.0716148
24.225,1.36047,1.29285,1.29159,0.0676233
24.23,1.34667,1.29261,1.29132,0.0540601
24.235,1.34522,1.29237,1.29104,0.0528494
24.24,1.35246,1.29214,1.29076,0.0603198
24.245,1.3582,1.29191,1.29049,0.0662915
24.25,1.36971,1.29168,1.29021,0.078027
24.255,1.35906,1.29146,1.28993,0.0676077
24.26,1.36546,1.29123,1.28966,0.0742294
24.265,1.36862,1.29101,1.28938,0.0776099
24.27,1.37573,1.2908,1.2891,0.0849349
24.275,1.366,1.29059,1.28883,0.0754147
24.28,1.36803,1.29038,1.28855,0.0776407
24.285,1.35967,1.29019,1.28827,0.0694878
24.29,1.35074,1.28999,1.288,0.0607427
24.295,1.32213,1.28981,1.28772,0.0323197
24.3,1.29464,1.28963,1.28745,0.00500388
24.305,1.28009,1.28947,1.28717,-0.00938246
24.31,1.28227,1.28932,1.28689,-0.00704956
24.315,1.29136,1.28918,1.28662,0.00217841
24.32,1.31362,1.28906,1.28634,0.0245586
24.325,1.32129,1.28896,1.28607,0.0323322
24.33,1.32414,1.28888,1.28579,0.0352539
24.335,1.32697,1.28884,1.28552,0.038135
24.34,1.31663,1.28882,1.28524,0.0278054
24.345,1.30992,1.28885,1.28497,0.0210704
24.35,1.31024,1.28892,1.28469,0.0213218
24.355,1.33166,1.28903,1.28441,0.0426254
24.36,1.34394,1.28921,1.28414,0.0547262
24.365,1.35214,1.28945,1.28386,0.0626851
24.37,1.34495,1.28977,1.28359,0.0551827
24.375,1.33036,1.29017,1.28331,0.0401888
24.38,1.31775,1.29067,1.28304,0.0270878
24.385,1.31239,1.29126,1.28276,0.0211261
24.39,1.3181,1.29197,1.28249,0.02613
24.395,1.33195,1.29281,1.28222,0.0391459
24.4,1.33654,1.29377,1.28194,0.0427708
24.405,1.33882,1.29488,1.28167,0.0439404
24.41,1.34174,1.29613,1.28139,0.0456011
24.415,1.3416,1.29755,1.28112,0.0440546
24.42,1.31631,1.29912,1.28084,0.0171871
24.425,1.30004,1.30086,1.28057,-0.000820281
24.43,1.31197,1.30277,1.28029,0.0092023
24.435,1.32659,1.30484,1.28002,0.0217504
24.44,1.32624,1.30707,1.27975,0.0191766
24.445,1.32819,1.30945,1.27947,0.0187359
24.45,1.33004,1.31197,1.2792,0.018065
24.455,1.32464,1.31462,1.27892,0.0100196
24.46,1.31871,1.31738,1.27865,0.00132271
24.465,1.3097,1.32023,1.27838,-0.0105237
24.47,1.31104,1.32313,1.2781,-0.0120862
24.475,1.31749,1.32606,1.27783,-0.00856097
24.48,1.31186,1.32897,1.27755,-0.0171111
24.485,1.31366,1.33184,1.27728,-0.0181875
24.49,1.32044,1.33462,1.27701,-0.0141842
24.495,1.33284,1.33726,1.27673,-0.00441431
24.5,1.35354,1.33971,1.27646,0.0138332
24.505,1.36158,1.34191,1.27619,0.0196703
24.51,1.35657,1.34382,1.27591,0.0127435
24.515,1.33238,1.34539,1.27564,-0.013004
24.52,1.32419,1.34656,1.27537,-0.0223705
24.525,1.31941,1.34731,1.27509,-0.0278937
24.53,1.32438,1.34759,1.27482,-0.0232184
24.535,1.33829,1.3474,1.27455,-0.00910992
24.54,1.3504,1.34674,1.27428,0.00366347
24.545,1.35385,1.34561,1.274,0.00824225
24.55,1.34328,1.34403,1.27373,-0.000753561
24.555,1.33122,1.34205,1.27346,-0.01084
24.56,1.32612,1.33971,1.27318,-0.013592
24.565,1.32366,1.33706,1.27291,-0.0133966
24.57,1.3048,1.33415,1.27264,-0.0293476
24.575,1.29431,1.33102,1.27237,-0.036709
24.58,1.29028,1.32774,1.2721,-0.0374643
24.585,1.29076,1.32436,1.27182,-0.0335965
24.59,1.30443,1.3209,1.27155,-0.0164718
24.595,1.31164,1.31743,1.27128,-0.00578438
24.6,1.31743,1.31397,1.27101,0.00346152
24.605,1.31883,1.31056,1.27073,0.0082704
24.61,1.30928,1.30722,1.27046,0.00206352
24.615,1.30152,1.30398,1.27019,-0.00246433
24.62,1.28095,1.30087,1.26992,-0.0199171
24.625,1.26967,1.29789,1.26965,-0.0282187
24.63,1.26746,1.29506,1.26938,-0.0275961
24.635,1.27173,1.29238,1.2691,-0.0206545
24.64,1.29164,1.28987,1.26883,0.00177192
24.645,1.29653,1.28753,1.26856,0.00900528
24.65,1.29952,1.28535,1.26829,0.0141702
24.655,1.29935,1.28334,1.26802,0.0160101
24.66,1.29332,1.28148,1.26775,0.0118414
24.665,1.28797,1.27978,1.26748,0.00819296
24.67,1.26614,1.27822,1.2672,-0.0120777
24.675,1.2505,1.27679,1.26693,-0.0262954
24.68,1.25544,1.27549,1.26666,-0.0200573
24.685,1.27632,1.27431,1.26639,0.0020081
24.69,1.29822,1.27324,1.26612,0.0249798
24.695,1.30785,1.27226,1.26585,0.0355954
24.7,1.30175,1.27137,1.26558,0.0303862
24.705,1.29579,1.27055,1.26531,0.0252328
24.71,1.26844,1.26981,1.26504,-0.00136539
24.715,1.25994,1.26913,1.26477,-0.00918073
24.72,1.26429,1.26849,1.2645,-0.00420709
24.725,1.28627,1.26791,1.26423,0.0183626
24.73,1.30545,1.26736,1.26396,0.0380829
24.735,1.30947,1.26686,1.26369,0.04261
24.74,1.30686,1.26637,1.26342,0.0404898
24.745,1.29942,1.26592,1.26315,0.0335027
24.75,1.29879,1.26549,1.26287,0.0333047
24.755,1.29621,1.26507,1.2626,0.0311403
24.76,1.2949,1.26467,1.26233,0.0302305
24.765,1.30339,1.26429,1.26206,0.039101
24.77,1.30095,1.26391,1.2618,0.0370403
24.775,1.29489,1.26355,1.26153,0.0313369
24.78,1.29241,1.26319,1.26126,0.0292165
24.785,1.29718,1.26285,1.26099,0.0343308
24.79,1.28967,1.2625,1.26072,0.0271678
24.795,1.28694,1.26217,1.26045,0.0247728
24.8,1.26692,1.26183,1.26018,0.0050886
24.805,1.26909,1.26151,1.25991,0.00758208
24.81,1.28299,1.26118,1.25964,0.0218074
24.815,1.2911,1.26086,1.25937,0.0302459
24.82,1.31014,1.26054,1.2591,0.0495966
24.825,1.31751,1.26022,1.25883,0.0572886
24.83,1.3096,1.25991,1.25856,0.0496878
24.835,1.29676,1.2596,1.25829,0.0371612
24.84,1.28396,1.25929,1.25802,0.0246654
24.845,1.2941,1.25898,1.25776,0.0351119
24.85,1.28667,1.25868,1.25749,0.0279932
24.855,1.28578,1.25837,1.25722,0.0274038
24.86,1.27848,1.25807,1.25695,0.0204033
24.865,1.27999,1.25777,1.25668,0.0222198
24.87,1.28602,1.25747,1.25641,0.0285498
24.875,1.29047,1.25718,1.25614,0.033295
24.88,1.29495,1.25688,1.25587,0.0380746
24.885,1.2975,1.25658,1.25561,0.040921
24.89,1.30731,1.25629,1.25534,0.0510237
24.895,1.30801,1.256,1.25507,0.0520141
24.9,1.31978,1.2557,1.2548,0.0640747
24.905,1.32965,1.25541,1.25453,0.0742398
24.91,1.32278,1.25512,1.25427,0.0676602
24.915,1.30535,1.25483,1.254,0.0505142
24.92,1.27653,1.25454,1.25373,0.0219872
24.925,1.27026,1.25426,1.25346,0.0160082
24.93,1.27209,1.25397,1.25319,0.0181177
24.935,1.2684,1.25368,1.25293,0.0147188
24.94,1.27621,1.2534,1.25266,0.0228098
24.945,1.27922,1.25311,1.25239,0.0261081
24.95,1.27525,1.25283,1.25212,0.0224231
24.955,1.2786,1.25255,1.25186,0.0260543
24.96,1.26235,1.25226,1.25159,0.0100889
24.965,1.26274,1.25198,1.25132,0.0107594
24.97,1.27596,1.2517,1.25105,0.0242632
24.975,1.29077,1.25142,1.25079,0.0393567
24.98,1.29762,1.25114,1.25052,0.0464824
24.985,1.28614,1.25086,1.25025,0.0352854
24.99,1.28142,1.25058,1.24999,0.0308424
24.995,1.28899,1.2503,1.24972,0.0386911
25,1.30144,1.25002,1.24945,0.0514202
25.005,1.28529,1.24974,1.24919,0.0355495
25.01,1.26208,1.24946,1.24892,0.012617
25.015,1.24729,1.24918,1.24865,-0.00189371
25.02,1.26068,1.24891,1.24839,0.0117737
25.025,1.2792,1.24863,1.24812,0.0305704
25.03,1.28678,1.24835,1.24785,0.0384294
25.035,1.29434,1.24808,1.24759,0.0462607
25.04,1.30201,1.2478,1.24732,0.0542061
25.045,1.30379,1.24753,1.24705,0.0562658
25.05,1.3078,1.24725,1.24679,0.0605525
25.055,1.30905,1.24698,1.24652,0.0620779
25.06,1.29109,1.2467,1.24625,0.0443869
25.065,1.26734,1.24643,1.24599,0.0209126
25.07,1.24511,1.24615,1.24572,-0.00103964
25.075,1.24715,1.24588,1.24546,0.00126813
25.08,1.24518,1.24561,1.24519,-0.000423055
25.085,1.23686,1.24533,1.24493,-0.00847806
25.09,1.22449,1.24506,1.24466,-0.0205677
25.095,1.21775,1.24479,1.24439,-0.0270371
25.1,1.22149,1.24452,1.24413,-0.0230295
25.105,1.22485,1.24424,1.24386,-0.0193917
25.11,1.23082,1.24397,1.2436,-0.0131542
25.115,1.22754,1.2437,1.24333,-0.0161624
25.12,1.23296,1.24343,1.24307,-0.0104713
25.125,1.24411,1.24316,1.2428,0.000957767
25.13,1.2549,1.24289,1.24254,0.0120173
25.135,1.25024,1.24262,1.24227,0.00762168
25.14,1.25253,1.24234,1.24201,0.0101879
25.145,1.25575,1.24207,1.24174,0.0136719
25.15,1.25308,1.2418,1.24148,0.0112723
25.155,1.25532,1.24157,1.24121,0.0137529
25.16,1.24472,1.2413,1.24095,0.00342362
25.165,1.23732,1.24103,1.24068,-0.003707
25.17,1.21803,1.24076,1.24042,-0.0227309
25.175,1.21512,1.24049,1.24015,-0.0253694
25.18,1.22654,1.24022,1.23989,-0.0136872
25.185,1.25356,1.23995,1.23962,0.0136088
25.19,1.26694,1.23968,1.23936,0.0272538
25.195,1.27503,1.23942,1.23909,0.0356116
25.2,1.28384,1.23915,1.23883,0.0446956
25.205,1.29101,1.23888,1.23857,0.0521301
25.21,1.28702,1.23861,1.2383,0.048413
25.215,1.27265,1.23834,1.23804,0.0343082
25.22,1.24819,1.23808,1.23777,0.0101173
25.225,1.25201,1.23781,1.23751,0.0142012
25.23,1.26799,1.23754,1.23725,0.0304514
25.235,1.2805,1.23727,1.23698,0.0432277
25.24,1.27445,1.23701,1.23672,0.0374495
25.245,1.2615,1.23674,1.23646,0.0247576
25.25,1.24788,1.23647,1.23619,0.0114088
25.255,1.25265,1.2362,1.23593,0.0164505
25.26,1.25657,1.23594,1.23566,0.0206351
25.265,1.24319,1.23567,1.2354,0.00752084
25.27,1.22862,1.2354,1.23514,-0.00678686
25.275,1.20852,1.23514,1.23487,-0.0266221
25.28,1.20224,1.23487,1.23461,-0.0326347
25.285,1.21484,1.23461,1.23435,-0.0197614
25.29,1.22393,1.23434,1.23408,-0.0104117
25.295,1.25049,1.23407,1.23382,0.0164128
25.3,1.26355,1.23381,1.23356,0.0297422
25.305,1.27746,1.23354,1.2333,0.0439139
25.31,1.2876,1.23328,1.23303,0.0543183
25.315,1.28871,1.23301,1.23277,0.0556945
25.32,1.27647,1.23275,1.23251,0.0437239
25.325,1.25334,1.23248,1.23224,0.0208555
25.33,1.22414,1.23222,1.23198,-0.00807134
25.335,1.22463,1.23195,1.23172,-0.00732091
25.34,1.22025,1.23169,1.23146,-0.011437
25.345,1.22503,1.23142,1.23119,-0.00639641
25.35,1.23009,1.23116,1.23093,-0.00106473
25.355,1.2111,1.23089,1.23067,-0.0197903
25.36,1.20357,1.23063,1.23041,-0.0270612
25.365,1.20429,1.23036,1.23015,-0.0260778
25.37,1.21458,1.2301,1.22988,-0.0155231
25.375,1.24039,1.22984,1.22962,0.010558
25.38,1.24006,1.22957,1.22936,0.0104894
25.385,1.253,1.22931,1.2291,0.0236949
25.39,1.24693,1.22904,1.22884,0.0178839
25.395,1.23142,1.22878,1.22857,0.00263767
25.4,1.21334,1.22852,1.22831,-0.0151804
25.405,1.19647,1.22825,1.22805,-0.0317865
25.41,1.1898,1.22799,1.22779,-0.038194
25.415,1.1874,1.22773,1.22753,-0.0403298
25.42,1.18221,1.22746,1.22727,-0.045257
25.425,1.18617,1.2272,1.227,-0.0410293
25.43,1.19944,1.22694,1.22674,-0.0274934
25.435,1.21129,1.22667,1.22648,-0.0153813
25.44,1.22809,1.22641,1.22622,0.0016777
25.445,1.23094,1.22615,1.22596,0.004788
25.45,1.22185,1.22589,1.2257,-0.00403315
25.455,1.22438,1.22562,1.22544,-0.00124576
25.46,1.23427,1.22536,1.22518,0.00891001
25.465,1.25224,1.2251,1.22492,0.0271382
25.47,1.26731,1.22484,1.22466,0.0424711
25.475,1.26526,1.22457,1.22439,0.0406819
25.48,1.26156,1.22431,1.22413,0.0372449
25.485,1.25337,1.22405,1.22387,0.0293224
25.49,1.25778,1.22379,1.22361,0.0339933
25.495,1.25765,1.22353,1.22335,0.0341233
25.5,1.25259,1.22326,1.22309,0.0293222
25.505,1.23917,1.223,1.22283,0.0161627
25.51,1.20765,1.22274,1.22257,-0.0150929
25.515,1.18494,1.22248,1.22231,-0.0375438
25.52,1.16768,1.22222,1.22205,-0.0545346
25.525,1.16539,1.22196,1.22179,-0.0565618
25.53,1.16514,1.2217,1.22153,-0.056556
25.535,1.17105,1.22143,1.22127,-0.0503871
25.54,1.17551,1.22117,1.22101,-0.045659
25.545,1.19165,1.22091,1.22075,-0.029265
25.55,1.20539,1.22065,1.22049,-0.0152583
25.555,1.21972,1.22039,1.22023,-0.00066571
25.56,1.22513,1.22013,1.21997,0.00500457
25.565,1.23035,1.21987,1.21971,0.0104792
25.57,1.23715,1.21961,1.21945,0.0175418
25.575,1.24825,1.21935,1.21919,0.0289018
25.58,1.26638,1.21909,1.21893,0.0472928
25.585,1.26945,1.21883,1.21867,0.050626
25.59,1.26071,1.21857,1.21842,0.0421412
25.595,1.22834,1.21831,1.21816,0.0100367
25.6,1.21157,1.21805,1.2179,-0.00647584
25.605,1.19979,1.21779,1.21764,-0.0179943
25.61,1.20714,1.21753,1.21738,-0.010389
25.615,1.20748,1.21727,1.21712,-0.00978854
25.62,1.20841,1.21701,1.21686,-0.00860072
25.625,1.21028,1.21675,1.2166,-0.00647125
25.63,1.21338,1.21649,1.21634,-0.00310577
25.635,1.21227,1.21623,1.21608,-0.00395383
25.64,1.21164,1.21597,1.21583,-0.00432539
25.645,1.20434,1.21571,1.21557,-0.0113674
25.65,1.21782,1.21545,1.21531,0.00236663
25.655,1.21894,1.21519,1.21505,0.00375266
25.66,1.22739,1.21493,1.21479,0.0124633
25.665,1.2202,1.21467,1.21453,0.00552517
25.67,1.21351,1.21441,1.21428,-0.000899487
25.675,1.22098,1.21415,1.21402,0.00683186
25.68,1.21749,1.21389,1.21376,0.00360059
25.685,1.19829,1.21364,1.2135,-0.0153479
25.69,1.1886,1.21338,1.21324,-0.0247749
25.695,1.18286,1.21312,1.21299,-0.0302569
25.7,1.19544,1.21286,1.21273,-0.0174155
25.705,1.21006,1.2126,1.21247,-0.0025437
25.71,1.21134,1.21234,1.21221,-0.00100298
25.715,1.21382,1.21208,1.21195,0.00174083
25.72,1.20646,1.21183,1.2117,-0.00536448
25.725,1.21053,1.21157,1.21144,-0.00103302
25.73,1.20709,1.21131,1.21118,-0.00422167
25.735,1.20305,1.21105,1.21092,-0.00800206
25.74,1.19033,1.21079,1.21067,-0.0204616
25.745,1.17663,1.21053,1.21041,-0.0339031
25.75,1.18276,1.21028,1.21015,-0.0275184
25.755,1.19167,1.21002,1.2099,-0.0183492
25.76,1.19741,1.20976,1.20964,-0.0123483
25.765,1.18356,1.2095,1.20938,-0.0259416
25.77,1.17236,1.20925,1.20912,-0.0368892
25.775,1.17399,1.20899,1.20887,-0.0350013
25.78,1.19116,1.20873,1.20861,-0.0175747
25.785,1.18596,1.20847,1.20835,-0.0225157
25.79,1.17235,1.20822,1.2081,-0.0358688
25.795,1.16195,1.20796,1.20784,-0.0460117
25.8,1.16879,1.2077,1.20758,-0.0389142
25.805,1.17295,1.20744,1.20733,-0.0344971
25.81,1.18302,1.20719,1.20707,-0.0241657
25.815,1.17868,1.20693,1.20681,-0.0282516
25.82,1.16464,1.20667,1.20656,-0.0420317
25.825,1.14707,1.20642,1.2063,-0.0593457
25.83,1.13139,1.20616,1.20605,-0.0747663
25.835,1.13303,1.2059,1.20579,-0.0728785
25.84,1.14626,1.20565,1.20553,-0.0593897
25.845,1.14816,1.20539,1.20528,-0.0572292
25.85,1.15632,1.20513,1.20502,-0.048815
25.855,1.17758,1.20488,1.20477,-0.0273009
25.86,1.19266,1.20462,1.20451,-0.0119661
25.865,1.21297,1.20437,1.20425,0.00860372
25.87,1.22539,1.20411,1.204,0.0212784
25.875,1.22563,1.20385,1.20374,0.0217798
25.88,1.22304,1.2036,1.20349,0.0194397
25.885,1.22074,1.20334,1.20323,0.0174023
25.89,1.20817,1.20308,1.20298,0.00508038
25.895,1.19396,1.20283,1.20272,-0.00886462
25.9,1.16928,1.20257,1.20247,-0.0332977
25.905,1.15408,1.20232,1.20221,-0.0482381
25.91,1.15484,1.20206,1.20195,-0.0472235
25.915,1.16059,1.20181,1.2017,-0.0412125
25.92,1.1786,1.20155,1.20144,-0.0229529
25.925,1.19195,1.2013,1.20119,-0.00934886
25.93,1.19246,1.20104,1.20093,-0.00857687
25.935,1.18692,1.20078,1.20068,-0.0138605
25.94,1.17273,1.20053,1.20042,-0.0278032
25.945,1.16576,1.20027,1.20017,-0.0345115
25.95,1.1654,1.20002,1.19992,-0.0346178
25.955,1.17595,1.19976,1.19966,-0.0238187
25.96,1.17625,1.19951,1.19941,-0.0232573
25.965,1.18372,1.19925,1.19915,-0.0155376
25.97,1.16877,1.199,1.1989,-0.0302253
25.975,1.17221,1.19874,1.19864,-0.0265348
25.98,1.18411,1.19849,1.19839,-0.0143762
25.985,1.19823,1.19824,1.19813,-6.73767e-06
25.99,1.201,1.19798,1.19788,0.00301715
25.995,1.19429,1.19773,1.19763,-0.00343207
26,1.19091,1.19747,1.19737,-0.00655735
26.005,1.1961,1.19722,1.19712,-0.00111642
26.01,1.19779,1.19696,1.19686,0.000829796
26.015,1.19473,1.19671,1.19661,-0.00197602
26.02,1.18883,1.19646,1.19636,-0.0076283
26.025,1.17508,1.1962,1.1961,-0.0211181
26.03,1.16862,1.19595,1.19585,-0.0273262
26.035,1.15558,1.19569,1.1956,-0.0401101
26.04,1.15036,1.19544,1.19534,-0.0450808
26.045,1.14122,1.19519,1.19509,-0.053963
26.05,1.13589,1.19493,1.19484,-0.0590423
26.055,1.13999,1.19468,1.19458,-0.0546853
26.06,1.15794,1.19442,1.19433,-0.0364879
26.065,1.17146,1.19417,1.19408,-0.0227118
26.07,1.17894,1.19392,1.19382,-0.0149807
26.075,1.1655,1.19366,1.19357,-0.0281684
26.08,1.15454,1.19341,1.19332,-0.0388748
26.085,1.14249,1.19316,1.19306,-0.0506653
26.09,1.13766,1.1929,1.19281,-0.0552458
26.095,1.14945,1.19265,1.19256,-0.0432008
26.1,1.16396,1.1924,1.1923,-0.0284374
26.105,1.15313,1.19215,1.19205,-0.0390103
26.11,1.13824,1.19189,1.1918,-0.0536526
26.115,1.12867,1.19164,1.19155,-0.0629666
26.12,1.13238,1.19139,1.19129,-0.0590025
26.125,1.14286,1.19113,1.19104,-0.0482755
26.13,1.1538,1.19088,1.19079,-0.0370796
26.135,1.15628,1.19063,1.19054,-0.0343506
26.14,1.15629,1.19038,1.19028,-0.0340818
26.145,1.15271,1.19012,1.19003,-0.0374171
26.15,1.15171,1.18987,1.18978,-0.0381602
26.155,1.14703,1.18962,1.18953,-0.042589
26.16,1.1365,1.18937,1.18928,-0.0528644
26.165,1.12381,1.18911,1.18902,-0.0653018
26.17,1.12435,1.18886,1.18877,-0.0645072
26.175,1.11558,1.18861,1.18852,-0.0730323
26.18,1.11393,1.18836,1.18827,-0.0744255
26.185,1.11218,1.18811,1.18802,-0.075928
26.19,1.12273,1.18785,1.18777,-0.0651254
26.195,1.13821,1.1876,1.18751,-0.0493907
26.2,1.13109,1.18735,1.18726,-0.0562603
26.205,1.12035,1.1871,1.18701,-0.0667501
26.21,1.13432,1.18685,1.18676,-0.0525291
26.215,1.16279,1.1866,1.18651,-0.023802
26.22,1.19245,1.18634,1.18626,0.00610955
26.225,1.19381,1.18609,1.18601,0.00772015
26.23,1.17668,1.18584,1.18575,-0.0091645
26.235,1.16665,1.18559,1.1855,-0.0189409
26.24,1.15396,1.18534,1.18525,-0.0313774
26.245,1.15341,1.18509,1.185,-0.0316815
26.25,1.15741,1.18484,1.18475,-0.0274222
26.255,1.16227,1.18459,1.1845,-0.0223149
26.26,1.17158,1.18433,1.18425,-0.0127559
26.265,1.17577,1.18408,1.184,-0.00831511
26.27,1.17811,1.18383,1.18375,-0.00572408
26.275,1.16927,1.18358,1.1835,-0.0143126
26.28,1.16455,1.18333,1.18325,-0.0187821
26.285,1.15632,1.18308,1.183,-0.0267561
26.29,1.15817,1.18283,1.18275,-0.0246578
26.295,1.17408,1.18258,1.1825,-0.00850112
26.3,1.17786,1.18233,1.18225,-0.00447247
26.305,1.18657,1.18208,1.18199,0.00449144
26.31,1.19113,1.18183,1.18174,0.00929714
26.315,1.1876,1.18158,1.18149,0.00602579
26.32,1.16447,1.18133,1.18124,-0.0168621
26.325,1.15367,1.18108,1.18099,-0.0274056
26.33,1.13873,1.18083,1.18074,-0.0421016
26.335,1.1406,1.18058,1.1805,-0.0399768
26.34,1.15073,1.18033,1.18025,-0.0295943
26.345,1.15217,1.18008,1.18,-0.0279101
26.35,1.13857,1.17983,1.17975,-0.0412599
26.355,1.12442,1.17958,1.1795,-0.0551625
26.36,1.12715,1.17933,1.17925,-0.052184
26.365,1.12869,1.17908,1.179,-0.0503929
26.37,1.13314,1.17883,1.17875,-0.0456874
26.375,1.12358,1.17858,1.1785,-0.055002
26.38,1.13002,1.17833,1.17825,-0.0483159
26.385,1.13794,1.17808,1.178,-0.0401419
26.39,1.15051,1.17783,1.17775,-0.027324
26.395,1.1466,1.17758,1.1775,-0.0309879
26.4,1.13527,1.17733,1.17725,-0.0420636
26.405,1.12443,1.17709,1.177,-0.0526537
26.41,1.12652,1.17684,1.17676,-0.0503194
26.415,1.13524,1.17659,1.17651,-0.0413489
26.42,1.13915,1.17634,1.17626,-0.0371911
26.425,1.13601,1.17609,1.17601,-0.0400776
26.43,1.12583,1.17584,1.17576,-0.0500095
26.435,1.11284,1.17559,1.17551,-0.062753
26.44,1.09894,1.17534,1.17526,-0.0764005
26.445,1.09813,1.17509,1.17502,-0.0769679
26.45,1.10937,1.17485,1.17477,-0.0654727
26.455,1.13052,1.1746,1.17452,-0.0440742
26.46,1.14612,1.17435,1.17427,-0.0282328
26.465,1.14696,1.1741,1.17402,-0.0271457
26.47,1.14094,1.17385,1.17377,-0.0329087
26.475,1.13859,1.1736,1.17353,-0.0350114
26.48,1.14365,1.17336,1.17328,-0.0297107
26.485,1.14043,1.17311,1.17303,-0.0326829
26.49,1.12872,1.17286,1.17278,-0.0441375
26.495,1.10677,1.17261,1.17253,-0.0658451
26.5,1.10487,1.17236,1.17229,-0.067496
26.505,1.10549,1.17212,1.17204,-0.0666309
26.51,1.11002,1.17187,1.17179,-0.0618472
26.515,1.11339,1.17162,1.17154,-0.0582324
26.52,1.10918,1.17137,1.1713,-0.0621964
26.525,1.10893,1.17113,1.17105,-0.0621948
26.53,1.11929,1.17088,1.1708,-0.0515899
26.535,1.12194,1.17063,1.17055,-0.0486938
26.54,1.1381,1.17038,1.17031,-0.0322834
26.545,1.14124,1.17014,1.17006,-0.0288965
26.55,1.14203,1.16989,1.16981,-0.0278577
26.555,1.14393,1.16964,1.16957,-0.0257098
26.56,1.13891,1.1694,1.16932,-0.0304857
26.565,1.14317,1.16915,1.16907,-0.0259826
26.57,1.14754,1.1689,1.16882,-0.0213627
26.575,1.14833,1.16865,1.16858,-0.0203248
26.58,1.14185,1.16841,1.16833,-0.0265582
26.585,1.12535,1.16816,1.16808,-0.0428079
26.59,1.10729,1.16791,1.16784,-0.0606275
26.595,1.10228,1.16767,1.16759,-0.065387
26.6,1.11443,1.16742,1.16734,-0.0529944
26.605,1.13068,1.16717,1.1671,-0.0364966
26.61,1.13663,1.16693,1.16685,-0.0302958
26.615,1.12411,1.16668,1.16661,-0.0425664
26.62,1.13032,1.16643,1.16636,-0.0361153
26.625,1.13751,1.16619,1.16611,-0.0286767
26.63,1.12581,1.16594,1.16587,-0.0401279
26.635,1.11621,1.1657,1.16562,-0.0494838
26.64,1.10319,1.16545,1.16537,-0.0622624
26.645,1.10063,1.1652,1.16513,-0.0645694
26.65,1.10933,1.16497,1.16488,-0.0556458
26.655,1.12333,1.16473,1.16464,-0.041394
26.66,1.1355,1.16448,1.16439,-0.0289852
26.665,1.13967,1.16424,1.16415,-0.0245643
26.67,1.13219,1.16399,1.1639,-0.0318015
26.675,1.13041,1.16375,1.16365,-0.0333356
26.68,1.12979,1.1635,1.16341,-0.0337061
26.685,1.12766,1.16325,1.16316,-0.0355982
26.69,1.11235,1.16301,1.16292,-0.0506595
26.695,1.1018,1.16276,1.16267,-0.0609644
26.7,1.09827,1.16252,1.16243,-0.0642503
26.705,1.09908,1.16227,1.16218,-0.0631971
26.71,1.1032,1.16203,1.16194,-0.0588326
26.715,1.11377,1.16178,1.16169,-0.0480125
26.72,1.12503,1.16154,1.16145,-0.0365028
26.725,1.12893,1.16129,1.1612,-0.0323608
26.73,1.12701,1.16105,1.16096,-0.0340406
26.735,1.13497,1.1608,1.16071,-0.0258301
26.74,1.14113,1.16056,1.16047,-0.0194296
26.745,1.13805,1.16031,1.16022,-0.0222613
26.75,1.13676,1.16007,1.15998,-0.0233111
26.755,1.12032,1.15982,1.15973,-0.0395035
26.76,1.12477,1.15958,1.15949,-0.0348069
26.765,1.11762,1.15934,1.15925,-0.0417139
26.77,1.10835,1.15909,1.159,-0.0507418
26.775,1.11188,1.15885,1.15876,-0.0469675
26.78,1.11757,1.1586,1.15851,-0.0410351
26.785,1.12221,1.15836,1.15827,-0.0361512
26.79,1.12145,1.15811,1.15802,-0.0366623
26.795,1.1102,1.15787,1.15778,-0.0476671
26.8,1.11494,1.15763,1.15754,-0.0426805
26.805,1.13311,1.15738,1.15729,-0.0242702
26.81,1.15048,1.15714,1.15705,-0.00666202
26.815,1.15636,1.15689,1.1568,-0.000533485
26.82,1.15633,1.15665,1.15656,-0.000315889
26.825,1.15626,1.15641,1.15632,-0.000148074
26.83,1.15186,1.15616,1.15607,-0.00430644
26.835,1.14964,1.15592,1.15583,-0.0062774
26.84,1.13961,1.15568,1.15559,-0.0160646
26.845,1.13852,1.15543,1.15534,-0.0169158
26.85,1.1314,1.15519,1.1551,-0.0237841
26.855,1.11504,1.15495,1.15486,-0.0399045
26.86,1.08902,1.1547,1.15461,-0.0656802
26.865,1.0722,1.15446,1.15437,-0.0822576
26.87,1.06631,1.15422,1.15413,-0.0879103
26.875,1.07747,1.15397,1.15388,-0.0765009
26.88,1.08814,1.15373,1.15364,-0.0655895
26.885,1.08949,1.15349,1.1534,-0.0639978
26.89,1.09797,1.15324,1.15315,-0.0552767
26.895,1.1072,1.153,1.15291,-0.0457968
26.9,1.11012,1.15276,1.15267,-0.0426419
26.905,1.10525,1.15252,1.15243,-0.0472681
26.91,1.09337,1.15227,1.15218,-0.0589063
26.915,1.1097,1.15203,1.15194,-0.042325
26.92,1.12245,1.15179,1.1517,-0.029334
26.925,1.12886,1.15154,1.15146,-0.0226881
26.93,1.12293,1.1513,1.15121,-0.0283703
26.935,1.1098,1.15106,1.15097,-0.0412573
26.94,1.10668,1.15082,1.15073,-0.0441368
26.945,1.11395,1.15058,1.15049,-0.0366268
26.95,1.10553,1.15033,1.15024,-0.0448026
26.955,1.10474,1.15009,1.15,-0.0453543
26.96,1.10509,1.14985,1.14976,-0.0447554
26.965,1.10324,1.14961,1.14952,-0.0463641
26.97,1.11688,1.14937,1.14928,-0.0324815
26.975,1.12384,1.14912,1.14904,-0.0252813
26.98,1.12381,1.14888,1.14879,-0.0250712
26.985,1.10654,1.14864,1.14855,-0.0421027
26.99,1.08801,1.1484,1.14831,-0.0603864
26.995,1.07145,1.14816,1.14807,-0.0767082
27,1.07149,1.14792,1.14783,-0.0764225
27.005,1.06686,1.14767,1.14759,-0.080815
27.01,1.06429,1.14743,1.14734,-0.0831387
27.015,1.07416,1.14719,1.1471,-0.0730302
27.02,1.08947,1.14695,1.14686,-0.0574805
27.025,1.09701,1.14671,1.14662,-0.0497021
27.03,1.10392,1.14647,1.14638,-0.0425482
27.035,1.11014,1.14623,1.14614,-0.0360846
27.04,1.12284,1.14599,1.1459,-0.0231466
27.045,1.12783,1.14574,1.14566,-0.0179181
27.05,1.13259,1.1455,1.14542,-0.0129142
27.055,1.12001,1.14526,1.14517,-0.0252547
27.06,1.10875,1.14502,1.14493,-0.0362682
27.065,1.09514,1.14478,1.14469,-0.0496425
27.07,1.0807,1.14454,1.14445,-0.0638372
27.075,1.07508,1.1443,1.14421,-0.0692168
27.08,1.08051,1.14406,1.14397,-0.063546
27.085,1.08268,1.14382,1.14373,-0.0611355
27.09,1.09313,1.14358,1.14349,-0.050446
27.095,1.09552,1.14334,1.14325,-0.0478183
27.1,1.09331,1.1431,1.14301,-0.0497849
27.105,1.0878,1.14286,1.14277,-0.0550624
27.11,1.0877,1.14262,1.14253,-0.0549135
27.115,1.08146,1.14238,1.14229,-0.0609222
27.12,1.08706,1.14214,1.14205,-0.0550782
27.125,1.10183,1.1419,1.14181,-0.040068
27.13,1.10599,1.14166,1.14157,-0.0356691
27.135,1.11852,1.14142,1.14133,-0.0229003
27.14,1.1111,1.14118,1.14109,-0.0300811
27.145,1.10534,1.14094,1.14085,-0.0356006
27.15,1.10412,1.1407,1.14061,-0.0365793
27.155,1.08824,1.14046,1.14037,-0.0522151
27.16,1.08727,1.14022,1.14013,-0.0529529
27.165,1.07103,1.13998,1.13989,-0.0689461
27.17,1.06088,1.13974,1.13965,-0.0788632
27.175,1.04633,1.1395,1.13941,-0.09317
27.18,1.03769,1.13926,1.13917,-0.101576
27.185,1.04717,1.13902,1.13893,-0.0918572
27.19,1.07389,1.13878,1.1387,-0.0648924
27.195,1.10031,1.13854,1.13846,-0.0382303
27.2,1.11312,1.13831,1.13822,-0.0251809
27.205,1.09544,1.13807,1.13798,-0.0426219
27.21,1.0776,1.13783,1.13774,-0.0602272
27.215,1.07226,1.13759,1.1375,-0.06533
27.22,1.07323,1.13735,1.13726,-0.0641229
27.225,1.06967,1.13711,1.13702,-0.0674455
27.23,1.06189,1.13687,1.13678,-0.0749862
27.235,1.06344,1.13663,1.13655,-0.0731889
27.24,1.0692,1.13639,1.13631,-0.0671928
27.245,1.06797,1.13616,1.13607,-0.0681877
27.25,1.05363,1.13592,1.13583,-0.0822874
27.255,1.04497,1.13568,1.13559,-0.0907099
27.26,1.04383,1.13544,1.13535,-0.0916065
27.265,1.05372,1.1352,1.13511,-0.0814858
27.27,1.0585,1.13497,1.13488,-0.0764645
27.275,1.05708,1.13473,1.13464,-0.0776488
27.28,1.06372,1.13449,1.1344,-0.0707656
27.285,1.06941,1.13425,1.13416,-0.064838
27.29,1.0735,1.13401,1.13392,-0.060515
27.295,1.07362,1.13378,1.13369,-0.0601523
27.3,1.07031,1.13354,1.13345,-0.0632248
27.305,1.06064,1.1333,1.13321,-0.0726554
27.31,1.05027,1.13306,1.13297,-0.0827896
27.315,1.04398,1.13282,1.13274,-0.0888486
27.32,1.05293,1.13259,1.1325,-0.0796543
27.325,1.07263,1.13235,1.13226,-0.0597208
27.33,1.07797,1.13211,1.13202,-0.0541462
27.335,1.09404,1.13187,1.13179,-0.0378344
27.34,1.08692,1.13164,1.13155,-0.0447169
27.345,1.06125,1.1314,1.13131,-0.0701536
27.35,1.0293,1.13116,1.13107,-0.101864
27.355,1.01079,1.13093,1.13084,-0.120139
27.36,1.02356,1.13069,1.1306,-0.107132
27.365,1.03639,1.13045,1.13036,-0.0940612
27.37,1.04295,1.13021,1.13013,-0.0872609
27.375,1.05243,1.12998,1.12989,-0.0775441
27.38,1.07047,1.12974,1.12965,-0.0592743
27.385,1.0842,1.1295,1.12942,-0.0452999
27.39,1.07813,1.12927,1.12918,-0.0511388
27.395,1.07289,1.12903,1.12894,-0.056138
27.4,1.08019,1.12879,1.12871,-0.0485992
27.405,1.10548,1.12856,1.12847,-0.0230818
27.41,1.10312,1.12832,1.12823,-0.0252034
27.415,1.09129,1.12808,1.128,-0.0367963
27.42,1.06521,1.12785,1.12776,-0.0626413
27.425,1.05527,1.12761,1.12752,-0.0723434
27.43,1.04736,1.12738,1.12729,-0.0800159
27.435,1.04151,1.12714,1.12705,-0.0856284
27.44,1.03371,1.1269,1.12681,-0.093193
27.445,1.03819,1.12667,1.12658,-0.0884826
27.45,1.04109,1.12643,1.12634,-0.085346
27.455,1.04364,1.1262,1.12611,-0.0825586
27.46,1.05873,1.12596,1.12587,-0.0672298
27.465,1.06613,1.12572,1.12564,-0.0595924
27.47,1.06386,1.12549,1.1254,-0.06163
27.475,1.06063,1.12525,1.12516,-0.0646193
27.48,1.0689,1.12502,1.12493,-0.0561195
27.485,1.08923,1.12478,1.12469,-0.0355543
27.49,1.09654,1.12455,1.12446,-0.0280025
27.495,1.08855,1.12431,1.12422,-0.0357621
27.5,1.0847,1.12408,1.12399,-0.0393725
27.505,1.07603,1.12384,1.12375,-0.0478055
27.51,1.06687,1.12361,1.12352,-0.0567305
27.515,1.06391,1.12337,1.12328,-0.0594601
27.52,1.07199,1.12313,1.12305,-0.0511488
27.525,1.08428,1.1229,1.12281,-0.0386242
27.53,1.088,1.12266,1.12258,-0.0346647
27.535,1.0927,1.12243,1.12234,-0.0297304
27.54,1.10875,1.1222,1.12211,-0.0134433
27.545,1.11466,1.12196,1.12187,-0.0073027
27.55,1.10216,1.12173,1.12164,-0.0195684
27.555,1.08144,1.12149,1.1214,-0.0400505
27.56,1.06032,1.12126,1.12117,-0.0609335
27.565,1.05001,1.12102,1.12093,-0.071011
27.57,1.04207,1.12079,1.1207,-0.0787217
27.575,1.04906,1.12055,1.12046,-0.0714976
27.58,1.04821,1.12032,1.12023,-0.0721094
27.585,1.04289,1.12008,1.11999,-0.0771916
27.59,1.05598,1.11985,1.11976,-0.06387
27.595,1.0603,1.11962,1.11953,-0.0593182
27.6,1.05089,1.11938,1.11929,-0.0684887
27.605,1.05274,1.11915,1.11906,-0.0664079
27.61,1.0594,1.11891,1.11882,-0.0595146
27.615,1.07408,1.11868,1.11859,-0.0446017
27.62,1.06965,1.11845,1.11836,-0.0487967
27.625,1.05224,1.11821,1.11812,-0.0659752
27.63,1.043,1.11798,1.11789,-0.0749825
27.635,1.05531,1.11774,1.11765,-0.062433
27.64,1.05899,1.11751,1.11742,-0.0585221
27.645,1.05381,1.11728,1.11719,-0.0634706
27.65,1.05269,1.11704,1.11695,-0.064354
27.655,1.03689,1.11681,1.11672,-0.0799183
27.66,1.04569,1.11658,1.11649,-0.0708897
27.665,1.04412,1.11634,1.11625,-0.0722223
27.67,1.03713,1.11611,1.11602,-0.0789837
27.675,1.02725,1.11588,1.11579,-0.0886259
27.68,1.02503,1.11564,1.11555,-0.0906182
27.685,1.02709,1.11541,1.11532,-0.0883249
27.69,1.03165,1.11518,1.11509,-0.0835246
27.695,1.04099,1.11495,1.11485,-0.0739516
27.7,1.04628,1.11471,1.11462,-0.0684355
27.705,1.04271,1.11448,1.11439,-0.071771
27.71,1.03945,1.11425,1.11416,-0.0748017
27.715,1.03353,1.11401,1.11392,-0.0804873
27.72,1.04003,1.11378,1.11369,-0.0737472
27.725,1.03022,1.11355,1.11346,-0.0833324
27.73,1.01289,1.11332,1.11322,-0.100422
27.735,1.00167,1.11308,1.11299,-0.111416
27.74,1.01309,1.11285,1.11276,-0.0997598
27.745,1.02372,1.11262,1.11253,-0.0889024
27.75,1.02871,1.11239,1.1123,-0.0836767
27.755,1.03952,1.11215,1.11206,-0.0726358
27.76,1.03753,1.11192,1.11183,-0.0743936
27.765,1.038,1.11169,1.1116,-0.0736916
27.77,1.04245,1.11146,1.11137,-0.0690055
27.775,1.05024,1.11123,1.11113,-0.0609852
27.78,1.08289,1.11099,1.1109,-0.0280998
27.785,1.09084,1.11076,1.11067,-0.0199213
27.79,1.09006,1.11053,1.11044,-0.0204731
27.795,1.08234,1.1103,1.11021,-0.0279602
27.8,1.079,1.11007,1.10998,-0.0310703
27.805,1.06835,1.10984,1.10974,-0.0414827
27.81,1.06322,1.1096,1.10951,-0.0463874
27.815,1.04129,1.10937,1.10928,-0.0680831
27.82,1.02888,1.10914,1.10905,-0.080265
27.825,1.0328,1.10891,1.10882,-0.0761097
27.83,1.05137,1.10868,1.10859,-0.0573047
27.835,1.06587,1.10845,1.10835,-0.0425748
27.84,1.06253,1.10822,1.10812,-0.0456858
27.845,1.05183,1.10799,1.10789,-0.0561519
27.85,1.05116,1.10775,1.10766,-0.0565965
27.855,1.06264,1.10752,1.10743,-0.044885
27.86,1.06365,1.10729,1.1072,-0.0436451
27.865,1.05694,1.10706,1.10697,-0.0501245
27.87,1.04562,1.10683,1.10674,-0.0612123
27.875,1.03984,1.1066,1.10651,-0.0667611
27.88,1.03879,1.10637,1.10628,-0.0675834
27.885,1.03451,1.10614,1.10605,-0.0716332
27.89,1.03017,1.10591,1.10581,-0.0757419
27.895,1.02661,1.10568,1.10558,-0.0790703
27.9,1.02636,1.10545,1.10535,-0.0790858
27.905,1.02662,1.10522,1.10512,-0.0785959
27.91,1.01223,1.10499,1.10489,-0.0927537
27.915,0.997993,1.10476,1.10466,-0.106763
27.92,0.996943,1.10453,1.10443,-0.107583
27.925,0.998301,1.1043,1.1042,-0.105994
27.93,1.00315,1.10407,1.10397,-0.100918
27.935,1.01666,1.10384,1.10374,-0.0871798
27.94,1.01222,1.10361,1.10351,-0.0913833
27.945,1.02187,1.10338,1.10328,-0.0815096
27.95,1.02411,1.10315,1.10305,-0.0790385
27.955,1.02667,1.10292,1.10282,-0.076241
27.96,1.03433,1.10269,1.10259,-0.0683587
27.965,1.02879,1.10246,1.10236,-0.0736711
27.97,1.03988,1.10223,1.10213,-0.0623471
27.975,1.04823,1.102,1.1019,-0.0537639
27.98,1.05218,1.10177,1.10167,-0.0495908
27.985,1.05103,1.10154,1.10144,-0.0505038
27.99,1.04062,1.10131,1.10121,-0.0606881
27.995,1.03112,1.10108,1.10099,-0.069963
28,1.02919,1.10085,1.10076,-0.0716641
28.005,1.02412,1.10062,1.10053,-0.0765028
28.01,1.02676,1.10039,1.1003,-0.0736293
28.015,1.01718,1.10016,1.10007,-0.0829799
28.02,1.01159,1.09993,1.09984,-0.0883472
28.025,1.01195,1.09971,1.09961,-0.0877597
28.03,1.02481,1.09948,1.09938,-0.0746704
28.035,1.04795,1.09925,1.09915,-0.0512936
28.04,1.06726,1.09902,1.09892,-0.0317575
28.045,1.07397,1.09879,1.09869,-0.0248153
28.05,1.06418,1.09856,1.09847,-0.034378
28.055,1.05152,1.09833,1.09824,-0.0468113
28.06,1.04309,1.0981,1.09801,-0.0550141
28.065,1.03813,1.09788,1.09778,-0.05975
28.07,1.03087,1.09765,1.09755,-0.066778
28.075,1.02406,1.09742,1.09732,-0.0733619
28.08,1.01825,1.09719,1.0971,-0.0789455
28.085,1.02146,1.09696,1.09687,-0.0754986
28.09,1.021,1.09673,1.09664,-0.0757378
28.095,1.03106,1.09651,1.09641,-0.0654475
28.1,1.03341,1.09628,1.09618,-0.0628704
28.105,1.03193,1.09605,1.09595,-0.0641164
28.11,1.02199,1.09582,1.09573,-0.073835
28.115,1.01355,1.09559,1.0955,-0.0820406
28.12,1.02491,1.09537,1.09527,-0.070454
28.125,1.02648,1.09514,1.09504,-0.0686569
28.13,1.02708,1.09491,1.09481,-0.0678274
28.135,1.02228,1.09468,1.09459,-0.0724019
28.14,1.01807,1.09446,1.09436,-0.0763839
28.145,1.01916,1.09423,1.09413,-0.0750737
28.15,1.02061,1.094,1.0939,-0.073396
28.155,1.02172,1.09377,1.09368,-0.0720538
28.16,1.03486,1.09355,1.09345,-0.0586897
28.165,1.04262,1.09332,1.09322,-0.0506989
28.17,1.04737,1.09309,1.093,-0.0457175
28.175,1.04562,1.09287,1.09277,-0.0472442
28.18,1.03262,1.09264,1.09254,-0.0600166
28.185,1.0234,1.09241,1.09231,-0.0690136
28.19,1.00705,1.09218,1.09209,-0.0851313
28.195,0.999745,1.09196,1.09186,-0.0922127
28.2,1.00618,1.09173,1.09163,-0.0855549
28.205,1.00879,1.0915,1.09141,-0.0827154
28.21,1.00397,1.09128,1.09118,-0.0873024
28.215,1.00881,1.09105,1.09095,-0.0822383
28.22,1.02178,1.09082,1.09073,-0.0690397
28.225,1.04444,1.0906,1.0905,-0.04616
28.23,1.06133,1.09037,1.09027,-0.0290403
28.235,1.06295,1.09014,1.09005,-0.0271908
28.24,1.0627,1.08992,1.08982,-0.0272166
28.245,1.05076,1.08969,1.08959,-0.0389357
28.25,1.03963,1.08947,1.08937,-0.0498336
28.255,1.0348,1.08924,1.08914,-0.0544431
28.26,1.02679,1.08901,1.08891,-0.0622252
28.265,1.02332,1.08879,1.08869,-0.0654679
28.27,1.03442,1.08856,1.08846,-0.0541371
28.275,1.03349,1.08834,1.08824,-0.0548485
28.28,1.03804,1.08811,1.08801,-0.0500716
28.285,1.0424,1.08788,1.08778,-0.0454885
28.29,1.04293,1.08766,1.08756,-0.0447278
28.295,1.04189,1.08743,1.08733,-0.0455459
28.3,1.02952,1.08721,1.08711,-0.0576895
28.305,1.02224,1.08698,1.08688,-0.064739
28.31,1.01469,1.08676,1.08666,-0.0720659
28.315,1.01324,1.08653,1.08643,-0.0732853
28.32,1.00366,1.0863,1.08621,-0.0826428
28.325,0.991233,1.08608,1.08598,-0.0948469
28.33,0.990151,1.08585,1.08575,-0.0957031
28.335,0.984434,1.08563,1.08553,-0.101195
28.34,0.993048,1.0854,1.0853,-0.0923555
28.345,0.994212,1.08518,1.08508,-0.0909665
28.35,0.999859,1.08495,1.08485,-0.0850947
28.355,1.00387,1.08473,1.08463,-0.0808601
28.36,1.01948,1.0845,1.0844,-0.0650239
28.365,1.03965,1.08428,1.08418,-0.044626
28.37,1.0358,1.08405,1.08395,-0.0482564
28.375,1.02738,1.08383,1.08373,-0.0564536
28.38,1.01614,1.0836,1.0835,-0.0674626
28.385,1.00042,1.08338,1.08328,-0.0829642
28.39,1.00815,1.08316,1.08305,-0.0750035
28.395,1.00023,1.08293,1.08283,-0.082702
28.4,0.995416,1.08271,1.08261,-0.0872906
28.405,0.986617,1.08248,1.08238,-0.0958657
28.41,0.981941,1.08226,1.08216,-0.100317
28.415,0.993671,1.08203,1.08193,-0.0883626
28.42,0.989716,1.08181,1.08171,-0.0920941
28.425,0.989413,1.08159,1.08148,-0.0921722
28.43,0.979431,1.08136,1.08126,-0.101931
28.435,0.978001,1.08114,1.08104,-0.103137
28.44,0.991605,1.08091,1.08081,-0.0893085
28.445,1.00732,1.08069,1.08059,-0.0733713
28.45,1.00937,1.08047,1.08036,-0.0710997
28.455,1.01538,1.08024,1.08014,-0.0648658
28.46,1.00733,1.08002,1.07992,-0.0726924
28.465,0.999672,1.07979,1.07969,-0.0801224
28.47,1.00386,1.07957,1.07947,-0.0757127
28.475,1.00545,1.07935,1.07924,-0.0738973
28.48,1.01725,1.07912,1.07902,-0.0618705
28.485,1.04024,1.0789,1.0788,-0.0386584
28.49,1.0625,1.07868,1.07857,-0.0161749
28.495,1.07602,1.07845,1.07835,-0.00243305
28.5,1.06618,1.07823,1.07813,-0.0120503
28.505,1.0329,1.07801,1.0779,-0.0451035
28.51,1.01468,1.07778,1.07768,-0.0630997
28.515,1.01759,1.07756,1.07746,-0.0599679
28.52,1.02438,1.07734,1.07724,-0.0529564
28.525,1.02501,1.07712,1.07701,-0.0521073
28.53,1.01043,1.07689,1.07679,-0.0664653
28.535,1.00102,1.07667,1.07657,-0.0756483
28.54,1.00692,1.07645,1.07634,-0.0695308
28.545,1.00653,1.07622,1.07612,-0.0696974
28.55,1.01232,1.076,1.0759,-0.0636819
28.555,1.00686,1.07578,1.07568,-0.0689163
28.56,1.00244,1.07556,1.07545,-0.0731174
28.565,0.989617,1.07533,1.07523,-0.085717
28.57,0.985824,1.07511,1.07501,-0.0892881
28.575,0.995195,1.07489,1.07478,-0.0796947
28.58,1.01476,1.07467,1.07456,-0.0599097
28.585,1.02381,1.07445,1.07434,-0.0506317
28.59,1.01357,1.07422,1.07412,-0.060653
28.595,1.0042,1.074,1.0739,-0.0698041
28.6,0.995559,1.07378,1.07367,-0.0782197
28.605,0.969869,1.07356,1.07345,-0.103688
28.61,0.950832,1.07333,1.07323,-0.122503
28.615,0.940187,1.07311,1.07301,-0.132926
28.62,0.948096,1.07289,1.07279,-0.124795
28.625,0.962969,1.07267,1.07256,-0.109701
28.63,0.975653,1.07245,1.07234,-0.0967946
28.635,0.974179,1.07223,1.07212,-0.0980468
28.64,0.974142,1.072,1.0719,-0.0978622
28.645,0.974203,1.07178,1.07168,-0.0975799
28.65,0.980239,1.07156,1.07146,-0.0913222
28.655,0.989873,1.07134,1.07123,-0.0814677
28.66,0.972057,1.07112,1.07101,-0.0990617
28.665,0.975379,1.0709,1.07079,-0.0955187
28.67,0.97116,1.07068,1.07057,-0.0995162
28.675,0.972241,1.07046,1.07035,-0.0982142
28.68,0.967135,1.07023,1.07013,-0.103099
28.685,0.963916,1.07001,1.06991,-0.106097
28.69,0.972797,1.06979,1.06969,-0.0969958
28.695,0.973445,1.06957,1.06946,-0.096126
28.7,0.977245,1.06935,1.06924,-0.0921056
28.705,0.976395,1.06913,1.06902,-0.0927351
28.71,0.979408,1.06891,1.0688,-0.0895011
28.715,0.994664,1.06869,1.06858,-0.0740242
28.72,1.0007,1.06847,1.06836,-0.0677661
28.725,1.00351,1.06825,1.06814,-0.0647404
28.73,1.00646,1.06803,1.06792,-0.0615686
28.735,1.0021,1.06781,1.0677,-0.0657075
28.74,0.992957,1.06759,1.06748,-0.0746286
28.745,0.97925,1.06737,1.06726,-0.0881152
28.75,0.984719,1.06715,1.06704,-0.0824262
28.755,0.985167,1.06693,1.06682,-0.0817581
28.76,0.974476,1.06671,1.0666,-0.0922291
28.765,0.949188,1.06648,1.06638,-0.117297
28.77,0.939246,1.06626,1.06616,-0.127019
28.775,0.954495,1.06604,1.06594,-0.11155
28.78,0.983751,1.06583,1.06572,-0.0820737
28.785,1.00658,1.06561,1.0655,-0.0590285
28.79,1.00241,1.06539,1.06528,-0.0629768
28.795,0.991346,1.06517,1.06506,-0.0738192
28.8,0.97713,1.06495,1.06484,-0.087816
28.805,0.97044,1.06473,1.06462,-0.0942866
28.81,0.969185,1.06451,1.0644,-0.0953221
28.815,0.956731,1.06429,1.06418,-0.107556
28.82,0.945666,1.06407,1.06396,-0.118402
28.825,0.938075,1.06385,1.06374,-0.125774
28.83,0.94972,1.06363,1.06352,-0.113909
28.835,0.977321,1.06341,1.0633,-0.0860889
28.84,0.995071,1.06319,1.06308,-0.0681201
28.845,0.995749,1.06297,1.06286,-0.0672229
28.85,0.982073,1.06275,1.06264,-0.0806794
28.855,0.979637,1.06253,1.06242,-0.0828964
28.86,0.976582,1.06231,1.0622,-0.0857326
28.865,0.969332,1.0621,1.06198,-0.0927637
28.87,0.963701,1.06188,1.06177,-0.0981756
28.875,0.960873,1.06166,1.06155,-0.100785
28.88,0.957865,1.06144,1.06133,-0.103575
28.885,0.957935,1.06122,1.06111,-0.103286
28.89,0.953758,1.061,1.06089,-0.107244
28.895,0.960849,1.06078,1.06067,-0.0999346
28.9,0.975713,1.06057,1.06045,-0.0848521
28.905,0.985763,1.06035,1.06023,-0.0745837
28.91,0.997522,1.06013,1.06002,-0.0626065
28.915,1.00925,1.05991,1.0598,-0.0506605
28.92,1.01029,1.05969,1.05958,-0.0493974
28.925,1.01474,1.05947,1.05936,-0.0447336
28.93,1.00506,1.05926,1.05914,-0.0541959
28.935,0.990942,1.05904,1.05892,-0.0680953
28.94,0.987405,1.05882,1.05871,-0.071414
28.945,0.990845,1.0586,1.05849,-0.0677568
28.95,1.00305,1.05838,1.05827,-0.0553366
28.955,0.999621,1.05817,1.05805,-0.0585447
28.96,0.993291,1.05795,1.05783,-0.0646574
28.965,0.994719,1.05773,1.05762,-0.0630113
28.97,0.992381,1.05751,1.0574,-0.065132
28.975,0.982366,1.0573,1.05718,-0.0749292
28.98,0.942391,1.05708,1.05696,-0.114686
28.985,0.930789,1.05686,1.05675,-0.126071
28.99,0.9326,1.05664,1.05653,-0.124043
28.995,0.945097,1.05643,1.05631,-0.111328
29,0.949754,1.05621,1.05609,-0.106454
29.005,0.960923,1.05599,1.05588,-0.0950677
29.01,0.96308,1.05577,1.05566,-0.0926933
29.015,0.955151,1.05556,1.05544,-0.100405
29.02,0.945721,1.05534,1.05522,-0.109619
29.025,0.951659,1.05512,1.05501,-0.103463
29.03,0.963161,1.05491,1.05479,-0.0917439
29.035,0.975485,1.05469,1.05457,-0.0792039
29.04,0.955484,1.05447,1.05436,-0.0989876
29.045,0.94404,1.05425,1.05414,-0.110214
29.05,0.949959,1.05404,1.05392,-0.104079
29.055,0.972746,1.05382,1.05371,-0.0810759
29.06,1.00353,1.0536,1.05349,-0.0500721
29.065,1.01854,1.05339,1.05327,-0.0348482
29.07,0.995528,1.05317,1.05306,-0.0576437
29.075,0.980129,1.05296,1.05284,-0.0728259
29.08,0.966557,1.05274,1.05262,-0.0861824
29.085,0.955611,1.05252,1.05241,-0.0969114
29.09,0.945861,1.05231,1.05219,-0.106446
29.095,0.924251,1.05209,1.05197,-0.127839
29.1,0.926841,1.05187,1.05176,-0.125033
29.105,0.947235,1.05166,1.05154,-0.104423
29.11,0.956169,1.05144,1.05132,-0.0952734
29.115,0.953571,1.05123,1.05111,-0.0976547
29.12,0.947236,1.05101,1.05089,-0.103774
29.125,0.954909,1.05079,1.05068,-0.0958857
29.13,0.94825,1.05058,1.05046,-0.102329
29.135,0.947905,1.05036,1.05024,-0.102458
29.14,0.946431,1.05015,1.05003,-0.103716
29.145,0.943848,1.04993,1.04981,-0.106083
29.15,0.949916,1.04972,1.0496,-0.0998001
29.155,0.943629,1.0495,1.04938,-0.105872
29.16,0.959588,1.04929,1.04917,-0.0896969
29.165,0.966707,1.04907,1.04895,-0.0823633
29.17,0.970807,1.04885,1.04874,-0.0780475
29.175,0.970227,1.04864,1.04852,-0.0784128
29.18,0.954954,1.04842,1.0483,-0.0934705
29.185,0.948763,1.04821,1.04809,-0.0994462
29.19,0.928499,1.04799,1.04787,-0.119495
29.195,0.921045,1.04778,1.04766,-0.126734
29.2,0.929194,1.04756,1.04744,-0.11837
29.205,0.928922,1.04735,1.04723,-0.118427
29.21,0.935839,1.04756,1.04701,-0.111723
29.215,0.933259,1.04735,1.0468,-0.114089
29.22,0.936439,1.04713,1.04658,-0.110694
29.225,0.942889,1.04692,1.04637,-0.10403
29.23,0.94982,1.0467,1.04615,-0.0968836
29.235,0.955849,1.04649,1.04594,-0.0906403
29.24,0.966162,1.04628,1.04573,-0.0801131
29.245,0.973407,1.04606,1.04551,-0.0726543
29.25,0.9808,1.04585,1.0453,-0.0650473
29.255,0.989598,1.04563,1.04508,-0.0560359
29.26,0.991035,1.04542,1.04487,-0.0543844
29.265,0.975406,1.04521,1.04465,-0.0697991
29.27,0.97476,1.04499,1.04444,-0.0702318
29.275,0.972054,1.04478,1.04422,-0.0727239
29.28,0.985045,1.04456,1.04401,-0.0595189
29.285,0.993051,1.04435,1.0438,-0.0512998
29.29,0.976807,1.04414,1.04358,-0.06733
29.295,0.95906,1.04392,1.04337,-0.0848631
29.3,0.937474,1.04371,1.04315,-0.106236
29.305,0.942601,1.0435,1.04294,-0.100896
29.31,0.943985,1.04328,1.04273,-0.0992981
29.315,0.939627,1.04307,1.04251,-0.103443
29.32,0.948163,1.04286,1.0423,-0.0946939
29.325,0.960568,1.04264,1.04209,-0.0820752
29.33,0.97494,1.04243,1.04187,-0.0674904
29.335,0.971793,1.04222,1.04166,-0.0704246
29.34,0.971004,1.042,1.04144,-0.0710008
29.345,0.976092,1.04179,1.04123,-0.0656998
29.35,0.998055,1.04158,1.04102,-0.0435238
29.355,1.00104,1.04137,1.0408,-0.0403272
29.36,0.998385,1.04115,1.04059,-0.0427683
29.365,0.985598,1.04094,1.04038,-0.055342
29.37,0.98639,1.04073,1.04017,-0.0543376
29.375,0.988374,1.04052,1.03995,-0.0521416
29.38,0.984904,1.0403,1.03974,-0.0553987
29.385,0.959147,1.04009,1.03953,-0.0809434
29.39,0.956531,1.03988,1.03931,-0.0833462
29.395,0.964353,1.03967,1.0391,-0.0753121
29.4,0.956989,1.03945,1.03889,-0.0824639
29.405,0.952067,1.03924,1.03867,-0.0871741
29.41,0.925594,1.03903,1.03846,-0.113434
29.415,0.921188,1.03882,1.03825,-0.117628
29.42,0.938176,1.0386,1.03804,-0.100429
29.425,0.946167,1.03839,1.03782,-0.0922259
29.43,0.946831,1.03818,1.03761,-0.0913496
29.435,0.941443,1.03797,1.0374,-0.0965254
29.44,0.950157,1.03776,1.03719,-0.0875993
29.445,0.959453,1.03754,1.03698,-0.0780923
29.45,0.955506,1.03733,1.03676,-0.0818271
29.455,0.978311,1.03712,1.03655,-0.0588106
29.46,0.981431,1.03691,1.03634,-0.0554793
29.465,0.981606,1.0367,1.03613,-0.0550923
29.47,0.965051,1.03649,1.03591,-0.071436
29.475,0.952291,1.03628,1.0357,-0.0839843
29.48,0.971217,1.03606,1.03549,-0.0648474
29.485,0.986578,1.03585,1.03528,-0.0492747
29.49,0.986948,1.03564,1.03507,-0.0486937
29.495,0.982515,1.03543,1.03486,-0.0529152
29.5,0.988522,1.03522,1.03464,-0.0466977
29.505,1.00376,1.03501,1.03443,-0.0312479
29.51,0.989021,1.0348,1.03422,-0.0457762
29.515,0.95942,1.03459,1.03401,-0.0751661
29.52,0.946744,1.03438,1.0338,-0.0876318
29.525,0.945191,1.03416,1.03359,-0.0889738
29.53,0.948175,1.03395,1.03338,-0.085779
29.535,0.952231,1.03374,1.03316,-0.0815118
29.54,0.954626,1.03353,1.03295,-0.0789061
29.545,0.955817,1.03332,1.03274,-0.0775047
29.55,0.943747,1.03311,1.03253,-0.0893642
29.555,0.925479,1.0329,1.03232,-0.107422
29.56,0.921182,1.03269,1.03211,-0.111508
29.565,0.924882,1.03248,1.0319,-0.107598
29.57,0.940691,1.03227,1.03169,-0.0915784
29.575,0.943643,1.03206,1.03148,-0.088416
29.58,0.934419,1.03185,1.03127,-0.0974301
29.585,0.929977,1.03164,1.03106,-0.101662
29.59,0.935468,1.03143,1.03084,-0.0959615
29.595,0.948088,1.03122,1.03063,-0.0831307
29.6,0.943651,1.03101,1.03042,-0.087358
29.605,0.932103,1.0308,1.03021,-0.0986965
29.61,0.941492,1.03059,1.03,-0.0890974
29.615,0.94826,1.03038,1.02979,-0.0821195
29.62,0.93851,1.03017,1.02958,-0.09166
29.625,0.923555,1.02996,1.02937,-0.106405
29.63,0.930971,1.02975,1.02916,-0.0987796
29.635,0.940928,1.02954,1.02895,-0.088613
29.64,0.95093,1.02933,1.02874,-0.0784013
29.645,0.930393,1.02912,1.02853,-0.0987291
29.65,0.924669,1.02891,1.02832,-0.104243
29.655,0.953387,1.0287,1.02811,-0.075316
29.66,0.974735,1.02849,1.0279,-0.0537589
29.665,0.988355,1.02828,1.02769,-0.0399296
29.67,0.985133,1.02808,1.02748,-0.042943
29.675,0.96044,1.02787,1.02727,-0.0674262
29.68,0.950643,1.02766,1.02706,-0.0770149
29.685,0.939481,1.02745,1.02685,-0.0879677
29.69,0.934522,1.02724,1.02664,-0.0927181
29.695,0.948345,1.02703,1.02644,-0.0786857
29.7,0.958835,1.02682,1.02623,-0.067987
29.705,0.951989,1.02661,1.02602,-0.0746241
29.71,0.930932,1.0264,1.02581,-0.0954731
29.715,0.91811,1.0262,1.0256,-0.108086
29.72,0.911859,1.02599,1.02539,-0.114129
29.725,0.936251,1.02578,1.02518,-0.0895279
29.73,0.953277,1.02557,1.02497,-0.072294
29.735,0.96638,1.02536,1.02476,-0.0589824
29.74,0.97274,1.02515,1.02455,-0.0524135
29.745,0.964232,1.02495,1.02434,-0.0607137
29.75,0.960787,1.02474,1.02414,-0.0639501
29.755,0.955672,1.02453,1.02393,-0.0688567
29.76,0.943994,1.02432,1.02372,-0.0803268
29.765,0.941344,1.02411,1.02351,-0.0827686
29.77,0.931907,1.02391,1.0233,-0.0919976
29.775,0.911338,1.0237,1.02309,-0.112359
29.78,0.928391,1.02349,1.02288,-0.0950984
29.785,0.937518,1.02328,1.02268,-0.085763
29.79,0.952012,1.02307,1.02247,-0.0710618
29.795,0.956141,1.02287,1.02226,-0.0667252
29.8,0.960467,1.02266,1.02205,-0.0621918
29.805,0.970943,1.02245,1.02184,-0.0515075
29.81,0.9641,1.02224,1.02164,-0.0581433
29.815,0.956788,1.02204,1.02143,-0.0652479
29.82,0.947274,1.02183,1.02122,-0.0745541
29.825,0.942702,1.02162,1.02101,-0.0789191
29.83,0.934628,1.02141,1.0208,-0.0867853
29.835,0.927328,1.02121,1.0206,-0.0938783
29.84,0.928876,1.021,1.02039,-0.0921232
29.845,0.935159,1.02079,1.02018,-0.0856329
29.85,0.920868,1.02059,1.01997,-0.0997173
29.855,0.914638,1.02038,1.01977,-0.10574
29.86,0.914591,1.02017,1.01956,-0.10558
29.865,0.922555,1.01996,1.01935,-0.0974096
29.87,0.933634,1.01976,1.01914,-0.0861234
29.875,0.937392,1.01955,1.01894,-0.0821587
29.88,0.931379,1.01934,1.01873,-0.0879652
29.885,0.94171,1.01914,1.01852,-0.0774274
29.89,0.95051,1.01893,1.01831,-0.0684206
29.895,0.973902,1.01872,1.01811,-0.0448222
29.9,0.978512,1.01852,1.0179,-0.0400053
29.905,0.974061,1.01831,1.01769,-0.0442498
29.91,0.963263,1.0181,1.01749,-0.0548419
29.915,0.946132,1.0179,1.01728,-0.0717668
29.92,0.944652,1.01769,1.01707,-0.0730402
29.925,0.947885,1.01749,1.01687,-0.0696016
29.93,0.951601,1.01728,1.01666,-0.0656795
29.935,0.958958,1.01707,1.01645,-0.058116
29.94,0.952407,1.01687,1.01625,-0.0644605
29.945,0.963813,1.01666,1.01604,-0.0528492
29.95,0.971139,1.01646,1.01583,-0.0453173
29.955,0.969392,1.01625,1.01563,-0.0468582
29.96,0.95556,1.01604,1.01542,-0.0604842
29.965,0.939187,1.01584,1.01521,-0.0766522
29.97,0.953538,1.01563,1.01501,-0.062095
29.975,0.971047,1.01543,1.0148,-0.0443807
29.98,0.967516,1.01522,1.01459,-0.0477063
29.985,0.941615,1.01502,1.01439,-0.0734018
29.99,0.936881,1.01481,1.01418,-0.0779298
29.995,0.942937,1.01461,1.01398,-0.0716682
30,0.959504,1.0144,1.01377,-0.0548963
30.005,0.962179,1.01419,1.01356,-0.0520163
30.01,0.951907,1.01399,1.01336,-0.0620832
30.015,0.946234,1.01378,1.01315,-0.0675509
30.02,0.938028,1.01358,1.01295,-0.0755514
30.025,0.942538,1.01337,1.01274,-0.0708362
30.03,0.954577,1.01317,1.01254,-0.0585922
30.035,0.945178,1.01296,1.01233,-0.0677862
30.04,0.92739,1.01276,1.01213,-0.0853699
30.045,0.933152,1.01255,1.01192,-0.0794028
30.05,0.938009,1.01235,1.01171,-0.0743413
30.055,0.952029,1.01215,1.01151,-0.0601165
30.06,0.962748,1.01194,1.0113,-0.0491927
30.065,0.969918,1.01174,1.0111,-0.0418183
30.07,0.983569,1.01153,1.01089,-0.0279624
30.075,0.963923,1.01133,1.01069,-0.0474043
30.08,0.943042,1.01112,1.01048,-0.0680804
30.085,0.924757,1.01092,1.01028,-0.0861616
30.09,0.915475,1.01071,1.01007,-0.095239
30.095,0.909972,1.01051,1.00987,-0.100538
30.1,0.908229,1.01031,1.00966,-0.102077
30.105,0.916006,1.0101,1.00946,-0.0940961
30.11,0.932978,1.0099,1.00925,-0.0769199
30.115,0.946848,1.00969,1.00905,-0.0628452
30.12,0.962541,1.00949,1.00885,-0.0469483
30.125,0.969356,1.00929,1.00864,-0.0399298
30.13,0.96285,1.00908,1.00844,-0.0462321
30.135,0.958299,1.00888,1.00823,-0.0505797
30.14,0.944347,1.00867,1.00803,-0.0643278
30.145,0.937983,1.00847,1.00782,-0.0704877
30.15,0.938774,1.00827,1.00762,-0.069493
30.155,0.929701,1.00806,1.00742,-0.0783625
30.16,0.926453,1.00786,1.00721,-0.081407
30.165,0.926304,1.00766,1.00701,-0.0813532
30.17,0.920164,1.00745,1.0068,-0.0872898
30.175,0.910313,1.00725,1.0066,-0.0969368
30.18,0.904791,1.00705,1.0064,-0.102255
30.185,0.90842,1.00684,1.00619,-0.0984236
30.19,0.932265,1.00664,1.00599,-0.074376
30.195,0.952262,1.00644,1.00578,-0.054175
30.2,0.954657,1.00623,1.00558,-0.051577
30.205,0.942871,1.00603,1.00538,-0.0631603
30.21,0.918742,1.00583,1.00517,-0.0870865
30.215,0.90751,1.00563,1.00497,-0.0981158
30.22,0.912374,1.00542,1.00477,-0.0930487
30.225,0.916453,1.00522,1.00456,-0.0887672
30.23,0.915434,1.00502,1.00436,-0.0895836
30.235,0.906397,1.00481,1.00416,-0.0984181
30.24,0.911541,1.00461,1.00395,-0.093071
30.245,0.923286,1.00441,1.00375,-0.0811235
30.25,0.92811,1.00421,1.00355,-0.0760975
30.255,0.92141,1.004,1.00334,-0.0825949
30.26,0.92225,1.0038,1.00314,-0.0815527
30.265,0.933796,1.0036,1.00294,-0.0698043
30.27,0.932846,1.0034,1.00274,-0.0705523
30.275,0.937392,1.0032,1.00253,-0.0658035
30.28,0.927875,1.00299,1.00233,-0.0751188
30.285,0.932836,1.00279,1.00213,-0.0699559
30.29,0.941382,1.00259,1.00192,-0.0612081
30.295,0.942569,1.00239,1.00172,-0.059819
30.3,0.933657,1.00219,1.00152,-0.0685286
30.305,0.935225,1.00198,1.00132,-0.066759
30.31,0.942609,1.00178,1.00111,-0.059173
30.315,0.947034,1.00158,1.00091,-0.0545471
30.32,0.940288,1.00138,1.00071,-0.0610914
30.325,0.948933,1.00118,1.00051,-0.0522445
30.33,0.950533,1.00098,1.00031,-0.0504434
30.335,0.97296,1.00077,1.0001,-0.0278145
30.34,0.975714,1.00057,0.999901,-0.0248586
30.345,0.977665,1.00037,0.999699,-0.0227069
30.35,0.971019,1.00017,0.999497,-0.0291517
30.355,0.952649,0.999969,0.999295,-0.0473197
30.36,0.935707,0.999768,0.999093,-0.0640609
30.365,0.931645,0.999567,0.998891,-0.067922
30.37,0.93257,0.999366,0.99869,-0.066796
30.375,0.934459,0.999165,0.998488,-0.0647058
30.38,0.936443,0.998964,0.998286,-0.0625205
30.385,0.940757,0.998763,0.998085,-0.0580054
30.39,0.954289,0.998562,0.997883,-0.0442732
30.395,0.951577,0.998361,0.997682,-0.0467845
30.4,0.952356,0.99816,0.99748,-0.0458048
30.405,0.94039,0.99796,0.997279,-0.0575697
30.41,0.920273,0.997759,0.997078,-0.0774856
30.415,0.882454,0.997559,0.996876,-0.115105
30.42,0.858383,0.997358,0.996675,-0.138975
30.425,0.84776,0.997158,0.996474,-0.149397
30.43,0.854477,0.996957,0.996273,-0.14248
30.435,0.888149,0.996757,0.996072,-0.108608
30.44,0.911603,0.996557,0.995871,-0.0849539
30.445,0.936021,0.996356,0.99567,-0.0603353
30.45,0.947753,0.996156,0.995469,-0.0484036
30.455,0.942453,0.995956,0.995269,-0.0535033
30.46,0.944368,0.995756,0.995068,-0.0513883
30.465,0.928948,0.995556,0.994867,-0.0666076
30.47,0.922787,0.995356,0.994666,-0.0725687
30.475,0.938181,0.995156,0.994466,-0.0569752
30.48,0.948601,0.994956,0.994265,-0.0463549
30.485,0.94862,0.994757,0.994065,-0.0461362
30.49,0.95016,0.994557,0.993865,-0.0443972
30.495,0.943297,0.994357,0.993664,-0.05106
30.5,0.949523,0.994158,0.993464,-0.0446346
30.505,0.95364,0.993958,0.993264,-0.0403177
30.51,0.931517,0.993759,0.993063,-0.0622416
30.515,0.922891,0.993559,0.992863,-0.0706685
30.52,0.92464,0.99336,0.992663,-0.0687201
30.525,0.940145,0.993161,0.992463,-0.0530152
30.53,0.945143,0.992961,0.992263,-0.0478179
30.535,0.950444,0.992762,0.992063,-0.0423185
30.54,0.950659,0.992563,0.991864,-0.0419035
30.545,0.955428,0.992364,0.991664,-0.0369361
30.55,0.949407,0.992165,0.991464,-0.0427577
30.555,0.942334,0.991966,0.991264,-0.049632
30.56,0.940623,0.991767,0.991065,-0.0511443
30.565,0.945237,0.991568,0.990865,-0.046331
30.57,0.943427,0.991369,0.990666,-0.0479424
30.575,0.941186,0.991171,0.990466,-0.0499845
30.58,0.941423,0.990972,0.990267,-0.0495489
30.585,0.943943,0.990773,0.990067,-0.0468305
30.59,0.932383,0.990575,0.989868,-0.0581913
30.595,0.94143,0.990376,0.989669,-0.0489466
30.6,0.945091,0.990178,0.98947,-0.0450866
30.605,0.938389,0.989979,0.989271,-0.0515908
30.61,0.957902,0.989781,0.989072,-0.0318791
30.615,0.975263,0.989583,0.988873,-0.0143194
30.62,0.982931,0.989384,0.988674,-0.00645317
30.625,0.983905,0.989186,0.988475,-0.00528149
30.63,0.957633,0.988988,0.988276,-0.0313555
30.635,0.946294,0.98879,0.988077,-0.0424966
30.64,0.932448,0.988592,0.987878,-0.0561442
30.645,0.914476,0.988394,0.98768,-0.0739186
30.65,0.915134,0.988196,0.987481,-0.073062
30.655,0.922013,0.987998,0.987282,-0.0659853
30.66,0.917429,0.987801,0.987084,-0.0703719
30.665,0.918299,0.987603,0.986885,-0.0693036
30.67,0.918531,0.987405,0.986687,-0.0688745
30.675,0.919032,0.987208,0.986489,-0.0681754
30.68,0.903285,0.98701,0.98629,-0.0837254
30.685,0.885393,0.986813,0.986092,-0.10142
30.69,0.870575,0.986615,0.985894,-0.116041
30.695,0.880121,0.986418,0.985696,-0.106297
30.7,0.897142,0.986221,0.985498,-0.0890783
30.705,0.911351,0.986023,0.9853,-0.0746719
30.71,0.926445,0.985826,0.985102,-0.0593807
30.715,0.930353,0.985629,0.984904,-0.0552761
30.72,0.944408,0.985432,0.984706,-0.0410243
30.725,0.952134,0.985235,0.984508,-0.033101
30.73,0.957476,0.985038,0.984311,-0.0275613
30.735,0.943796,0.984841,0.984113,-0.0410451
30.74,0.915906,0.984644,0.983915,-0.0687378
30.745,0.908042,0.984447,0.983718,-0.076405
30.75,0.9065,0.98425,0.98352,-0.0777508
30.755,0.914257,0.984054,0.983323,-0.0697971
30.76,0.899863,0.983857,0.983125,-0.0839941
30.765,0.893421,0.983661,0.982928,-0.0902394
30.77,0.893844,0.983464,0.982731,-0.0896196
30.775,0.907233,0.983268,0.982533,-0.0760341
30.78,0.920249,0.983071,0.982336,-0.0628217
30.785,0.930498,0.982875,0.982139,-0.0523767
30.79,0.924698,0.982678,0.981942,-0.0579802
30.795,0.915907,0.982482,0.981745,-0.0665757
30.8,0.915305,0.982286,0.981548,-0.066981
30.805,0.906315,0.98209,0.981351,-0.0757745
30.81,0.907885,0.981894,0.981154,-0.0740086
30.815,0.908381,0.981698,0.980957,-0.0733171
30.82,0.908924,0.981502,0.980761,-0.0725778
30.825,0.901872,0.981306,0.980564,-0.079434
30.83,0.909162,0.98111,0.980367,-0.0719484
30.835,0.911549,0.980914,0.980171,-0.0693653
30.84,0.926219,0.980719,0.979974,-0.0544996
30.845,0.930299,0.980523,0.979778,-0.0502235
30.85,0.918694,0.980327,0.979581,-0.0616332
30.855,0.921316,0.980132,0.979385,-0.058816
30.86,0.917288,0.979936,0.979189,-0.0626479
30.865,0.927972,0.979741,0.978992,-0.0517683
30.87,0.925858,0.979545,0.978796,-0.0536869
30.875,0.922158,0.97935,0.9786,-0.0571922
30.88,0.913136,0.979155,0.978404,-0.066019
30.885,0.904112,0.97896,0.978208,-0.0748477
30.89,0.892942,0.978764,0.978012,-0.0858223
30.895,0.885464,0.978569,0.977816,-0.0931057
30.9,0.890257,0.978374,0.97762,-0.0881171
30.905,0.911865,0.978179,0.977424,-0.066314
30.91,0.91284,0.977984,0.977229,-0.0651439
30.915,0.917368,0.977789,0.977033,-0.0604215
30.92,0.915027,0.977595,0.976837,-0.0625671
30.925,0.925451,0.9774,0.976642,-0.051949
30.93,0.929418,0.977205,0.976446,-0.0477868
30.935,0.936372,0.97701,0.976251,-0.0406387
30.94,0.929626,0.976816,0.976055,-0.0471898
30.945,0.94497,0.976621,0.97586,-0.0316511
30.95,0.931496,0.976427,0.975665,-0.044931
30.955,0.913471,0.976232,0.975469,-0.0627616
30.96,0.901483,0.976038,0.975274,-0.0745548
30.965,0.901237,0.975844,0.975079,-0.0746067
30.97,0.911198,0.975649,0.974884,-0.0644518
30.975,0.914247,0.975455,0.974689,-0.0612085
30.98,0.912248,0.975261,0.974494,-0.0630133
30.985,0.916944,0.975067,0.974299,-0.0581227
30.99,0.916527,0.974873,0.974104,-0.0583454
30.995,0.931617,0.974679,0.973909,-0.0430623
31,0.928613,0.974485,0.973714,-0.0458719
31.005,0.926225,0.974291,0.97352,-0.0480661
31.01,0.916092,0.974097,0.973325,-0.0580055
31.015,0.922493,0.973904,0.97313,-0.0514107
31.02,0.926259,0.97371,0.972936,-0.0474505
31.025,0.914545,0.973516,0.972741,-0.0589707
31.03,0.902483,0.973323,0.972547,-0.0708397
31.035,0.906486,0.973129,0.972353,-0.0666434
31.04,0.919304,0.972936,0.972158,-0.0536318
31.045,0.930017,0.972742,0.971964,-0.042725
31.05,0.904763,0.972549,0.97177,-0.0677862
31.055,0.892786,0.972356,0.971576,-0.0795696
31.06,0.893742,0.972162,0.971382,-0.07842
31.065,0.903348,0.971969,0.971187,-0.0686208
31.07,0.928037,0.971776,0.970993,-0.0437392
31.075,0.935203,0.971583,0.9708,-0.0363798
31.08,0.955518,0.97139,0.970606,-0.0158715
31.085,0.965222,0.971197,0.970412,-0.00597501
31.09,0.970222,0.971004,0.970218,-0.000781599
31.095,0.966864,0.970811,0.970024,-0.00394727
31.1,0.959977,0.970618,0.969831,-0.0106409
31.105,0.95493,0.970426,0.969637,-0.015496
31.11,0.953909,0.970233,0.969443,-0.0163238
31.115,0.943419,0.97004,0.96925,-0.0266215
31.12,0.938652,0.969848,0.969056,-0.0311961
31.125,0.929773,0.969655,0.968863,-0.0398824
31.13,0.933207,0.969463,0.96867,-0.0362557
31.135,0.924214,0.96927,0.968476,-0.0450564
31.14,0.931083,0.969078,0.968283,-0.0379949
31.145,0.948029,0.968886,0.96809,-0.0208571
31.15,0.954578,0.968693,0.967897,-0.0141153
31.155,0.949888,0.968501,0.967704,-0.0186136
31.16,0.930192,0.968309,0.967511,-0.038117
31.165,0.90896,0.968117,0.967318,-0.0591566
31.17,0.91291,0.967925,0.967125,-0.0550149
31.175,0.929511,0.967733,0.966932,-0.0382225
31.18,0.922205,0.967541,0.966739,-0.0453366
31.185,0.927,0.967349,0.966547,-0.0403493
31.19,0.931911,0.967158,0.966354,-0.0352465
31.195,0.944941,0.966966,0.966161,-0.0220245
31.2,0.958297,0.966774,0.965969,-0.00847723
31.205,0.953708,0.966583,0.965776,-0.0128744
31.21,0.944933,0.966391,0.965584,-0.0214575
31.215,0.95325,0.966199,0.965391,-0.0129491
31.22,0.959805,0.966008,0.965199,-0.00620258
31.225,0.957075,0.965817,0.965007,-0.00874118
31.23,0.954269,0.965625,0.964814,-0.0113559
31.235,0.936555,0.965434,0.964622,-0.0288788
31.24,0.934515,0.965243,0.96443,-0.0307275
31.245,0.930953,0.965052,0.964238,-0.0340989
31.25,0.927574,0.96486,0.964046,-0.0372865
31.255,0.931842,0.964669,0.963854,-0.0328279
31.26,0.942678,0.964478,0.963662,-0.0218003
31.265,0.958541,0.964288,0.96347,-0.00574652
31.27,0.954159,0.964097,0.963278,-0.00993783
31.275,0.93549,0.963906,0.963086,-0.0284157
31.28,0.921862,0.963715,0.962895,-0.041853
31.285,0.905175,0.963524,0.962703,-0.0583496
31.29,0.900008,0.963334,0.962511,-0.0633255
31.295,0.913714,0.963143,0.96232,-0.0494289
31.3,0.9322,0.962952,0.962128,-0.0307522
31.305,0.928791,0.962762,0.961937,-0.0339706
31.31,0.915001,0.962572,0.961746,-0.0475704
31.315,0.911701,0.962381,0.961554,-0.0506798
31.32,0.922847,0.962191,0.961363,-0.0393437
31.325,0.94457,0.962001,0.961172,-0.0174308
31.33,0.944387,0.96181,0.96098,-0.0174237
31.335,0.937328,0.96162,0.960789,-0.0242919
31.34,0.930771,0.96143,0.960598,-0.0306588
31.345,0.934783,0.96124,0.960407,-0.0264571
31.35,0.929934,0.96105,0.960216,-0.0311159
31.355,0.935914,0.96086,0.960025,-0.024946
31.36,0.924502,0.96067,0.959835,-0.0361679
31.365,0.932267,0.96048,0.959644,-0.0282135
31.37,0.952434,0.960291,0.959453,-0.00785671
31.375,0.968865,0.960101,0.959262,0.00876379
31.38,0.957687,0.959911,0.959072,-0.00222401
31.385,0.927302,0.959722,0.958881,-0.0324201
31.39,0.906828,0.959532,0.958691,-0.0527045
31.395,0.910924,0.959343,0.9585,-0.0484185
31.4,0.936614,0.959153,0.95831,-0.0225394
31.405,0.94795,0.958964,0.958119,-0.0110144
31.41,0.950637,0.958775,0.957929,-0.00813792
31.415,0.945309,0.958585,0.957739,-0.0132766
31.42,0.943327,0.958396,0.957549,-0.0150691
31.425,0.946507,0.958207,0.957358,-0.0116998
31.43,0.927391,0.958018,0.957168,-0.0306267
31.435,0.892579,0.957829,0.956978,-0.0652502
31.44,0.88767,0.95764,0.956788,-0.06997
31.445,0.918628,0.957451,0.956598,-0.0388232
31.45,0.945256,0.957262,0.956409,-0.0120057
31.455,0.966729,0.957073,0.956219,0.00965544
31.46,0.954471,0.956885,0.956029,-0.00241345
31.465,0.950223,0.956696,0.955839,-0.00647305
31.47,0.958647,0.956507,0.95565,0.00214022
31.475,0.974346,0.956319,0.95546,0.0180272
31.48,0.978733,0.95613,0.95527,0.0226029
31.485,0.979449,0.955942,0.955081,0.0235072
31.49,0.963234,0.955753,0.954891,0.00748064
31.495,0.963724,0.955565,0.954702,0.00815919
31.5,0.96345,0.955377,0.954513,0.0080736
31.505,0.953366,0.955188,0.954323,-0.00182186
31.51,0.939582,0.955,0.954134,-0.0154185
31.515,0.940728,0.954812,0.953945,-0.0140839
31.52,0.934669,0.954624,0.953756,-0.0199553
31.525,0.924463,0.954436,0.953567,-0.029973
31.53,0.917796,0.954248,0.953378,-0.0364515
31.535,0.912439,0.95406,0.953189,-0.0416212
31.54,0.914367,0.953872,0.953,-0.0395054
31.545,0.917715,0.953684,0.952811,-0.0359696
31.55,0.935383,0.953497,0.952622,-0.0181138
31.555,0.94203,0.953309,0.952434,-0.011279
31.56,0.948527,0.953121,0.952245,-0.00459458
31.565,0.959705,0.952934,0.952056,0.00677146
31.57,0.951332,0.952746,0.951868,-0.00141409
31.575,0.947351,0.952559,0.951679,-0.00520777
31.58,0.933225,0.952371,0.951491,-0.0191466
31.585,0.94471,0.952184,0.951302,-0.00747405
31.59,0.953842,0.951997,0.951114,0.00184506
31.595,0.953479,0.951809,0.950926,0.00166959
31.6,0.937088,0.951622,0.950737,-0.0145339
31.605,0.92912,0.951435,0.950549,-0.0223149
31.61,0.922074,0.951248,0.950361,-0.0291737
31.615,0.922646,0.951061,0.950173,-0.0284146
31.62,0.936372,0.950874,0.949985,-0.0145019
31.625,0.954148,0.950687,0.949797,0.00346134
31.63,0.956306,0.9505,0.949609,0.00580527
31.635,0.942184,0.950313,0.949421,-0.00812937
31.64,0.946395,0.950127,0.949233,-0.00373127
31.645,0.937866,0.94994,0.949045,-0.0120743
31.65,0.935425,0.949753,0.948858,-0.0143282
31.655,0.934297,0.949567,0.94867,-0.0152697
31.66,0.937191,0.94938,0.948482,-0.0121891
31.665,0.937591,0.949194,0.948295,-0.0116028
31.67,0.929238,0.949007,0.948107,-0.0197692
31.675,0.933387,0.948821,0.94792,-0.0154343
31.68,0.930421,0.948635,0.947732,-0.018214
31.685,0.926806,0.948449,0.947545,-0.0216426
31.69,0.928071,0.948262,0.947358,-0.0201919
31.695,0.927296,0.948076,0.94717,-0.0207807
31.7,0.944321,0.94789,0.946983,-0.00356916
31.705,0.951772,0.947704,0.946796,0.00406822
31.71,0.942885,0.947518,0.946609,-0.00463299
31.715,0.94176,0.947332,0.946422,-0.0055723
31.72,0.932372,0.947147,0.946235,-0.0147745
31.725,0.932514,0.946961,0.946048,-0.0144467
31.73,0.950429,0.946775,0.945861,0.00365383
31.735,0.958595,0.946589,0.945674,0.0120058
31.74,0.950821,0.946404,0.945488,0.00441689
31.745,0.931874,0.946218,0.945301,-0.0143437
31.75,0.931656,0.946033,0.945114,-0.0143771
31.755,0.949424,0.945847,0.944928,0.0035771
31.76,0.970179,0.945662,0.944741,0.0245176
31.765,0.983206,0.945476,0.944555,0.0377298
31.77,0.982418,0.945291,0.944368,0.0371272
31.775,0.984543,0.945106,0.944182,0.0394366
31.78,0.976499,0.944921,0.943995,0.031578
31.785,0.953972,0.944736,0.943809,0.00923632
31.79,0.916029,0.944551,0.943623,-0.0285216
31.795,0.893401,0.944366,0.943437,-0.0509646
31.8,0.894146,0.944181,0.943251,-0.0500348
31.805,0.906501,0.943996,0.943064,-0.0374949
31.81,0.920275,0.943811,0.942878,-0.0235363
31.815,0.935072,0.943626,0.942692,-0.00855396
31.82,0.956591,0.943441,0.942507,0.0131493
31.825,0.971927,0.943257,0.942321,0.0286702
31.83,0.978602,0.943072,0.942135,0.0355296
31.835,0.980259,0.942888,0.941949,0.0373714
31.84,0.97514,0.942703,0.941763,0.0324368
31.845,0.975296,0.942519,0.941578,0.0327772
31.85,0.9653,0.942334,0.941392,0.0229662
31.855,0.970583,0.94215,0.941207,0.0284328
31.86,0.965781,0.941966,0.941021,0.0238152
31.865,0.978126,0.941781,0.940836,0.0363445
31.87,0.964358,0.941597,0.94065,0.0227607
31.875,0.9443,0.941413,0.940465,0.00288657
31.88,0.938767,0.941229,0.94028,-0.00246183
31.885,0.943081,0.941045,0.940095,0.00203633
31.89,0.953685,0.940861,0.939909,0.0128237
31.895,0.968756,0.940677,0.939724,0.0280783
31.9,0.960561,0.940493,0.939539,0.0200672
31.905,0.941734,0.94031,0.939354,0.00142395
31.91,0.9284,0.940126,0.939169,-0.0117255
31.915,0.90647,0.939942,0.938984,-0.0334719
31.92,0.906205,0.939759,0.938799,-0.0335533
31.925,0.922902,0.939575,0.938615,-0.0166727
31.93,0.946408,0.939392,0.93843,0.0070158
31.935,0.966424,0.939208,0.938245,0.0272153
31.94,0.958602,0.939025,0.938061,0.0195768
31.945,0.953397,0.938842,0.937876,0.0145557
31.95,0.94696,0.938658,0.937691,0.00830163
31.955,0.95189,0.938475,0.937507,0.0134148
31.96,0.948109,0.938292,0.937322,0.00981685
31.965,0.941343,0.938109,0.937138,0.00323446
31.97,0.951066,0.937926,0.936954,0.0131406
31.975,0.957032,0.937743,0.93677,0.0192887
31.98,0.96222,0.93756,0.936585,0.0246605
31.985,0.968816,0.937377,0.936401,0.0314389
31.99,0.963545,0.937194,0.936217,0.0263509
31.995,0.967347,0.937011,0.936033,0.030336
32,0.956408,0.936829,0.935849,0.0195795
32.005,0.942778,0.936646,0.935665,0.00613162
32.01,0.936084,0.936463,0.935481,-0.000379814
32.015,0.948169,0.936281,0.935297,0.0118884
32.02,0.953091,0.936098,0.935113,0.0169925
32.025,0.955136,0.935916,0.93493,0.0192198
32.03,0.927091,0.935734,0.934746,-0.00864302
32.035,0.917605,0.935551,0.934562,-0.0179466
32.04,0.934449,0.935369,0.934379,-0.000919894
32.045,0.929342,0.935187,0.934195,-0.00584462
32.05,0.933921,0.935005,0.934012,-0.00108369
32.055,0.918185,0.934823,0.933828,-0.0166374
32.06,0.919626,0.934641,0.933645,-0.0150141
32.065,0.930484,0.934459,0.933462,-0.00397489
32.07,0.93109,0.934277,0.933278,-0.00318706
32.075,0.935895,0.934095,0.933095,0.00179967
32.08,0.95181,0.933913,0.932912,0.0178967
32.085,0.952878,0.933731,0.932729,0.0191467
32.09,0.941981,0.93355,0.932546,0.00843172
32.095,0.93684,0.933368,0.932363,0.00347204
32.1,0.913104,0.933186,0.93218,-0.0200822
32.105,0.911355,0.933005,0.931997,-0.0216501
32.11,0.912275,0.932823,0.931814,-0.020548
32.115,0.924411,0.932642,0.931631,-0.00823081
32.12,0.937428,0.932461,0.931449,0.004967
32.125,0.949549,0.932279,0.931266,0.0172693
32.13,0.94395,0.932098,0.931083,0.0118518
32.135,0.944572,0.931917,0.930901,0.0126549
32.14,0.932594,0.931736,0.930718,0.00085809
32.145,0.928262,0.931555,0.930536,-0.00329229
32.15,0.926852,0.931374,0.930353,-0.0045215
32.155,0.926451,0.931193,0.930171,-0.00474158
32.16,0.922611,0.931012,0.929988,-0.00840118
32.165,0.935098,0.930831,0.929806,0.00426741
32.17,0.947028,0.93065,0.929624,0.0163775
32.175,0.969772,0.930469,0.929442,0.0393025
32.18,0.983747,0.930289,0.92926,0.0534586
32.185,0.961127,0.930108,0.929078,0.0310195
32.19,0.95102,0.929927,0.928896,0.0210929
32.195,0.948874,0.929747,0.928714,0.0191273
32.2,0.961534,0.929566,0.928532,0.0319672
32.205,0.9796,0.929386,0.92835,0.0502139
32.21,0.964321,0.929206,0.928168,0.0351155
32.215,0.961236,0.929025,0.927986,0.0322106
32.22,0.956824,0.928845,0.927805,0.027979
32.225,0.949126,0.928665,0.927623,0.0204608
32.23,0.946432,0.928485,0.927441,0.017947
32.235,0.93681,0.928305,0.92726,0.00850565
32.24,0.951218,0.928125,0.927078,0.0230936
32.245,0.956307,0.927945,0.926897,0.0283625
32.25,0.965832,0.927765,0.926716,0.0380672
32.255,0.956555,0.927585,0.926534,0.0289695
32.26,0.948806,0.927405,0.926353,0.0214007
32.265,0.95128,0.927226,0.926172,0.024054
32.27,0.963988,0.927046,0.925991,0.0369423
32.275,0.963679,0.926866,0.92581,0.0368124
32.28,0.978613,0.926687,0.925628,0.0519258
32.285,0.984306,0.926507,0.925447,0.0577985
32.29,0.984404,0.926328,0.925266,0.0580763
32.295,0.961358,0.926148,0.925086,0.0352094
32.3,0.948602,0.925969,0.924905,0.0226327
32.305,0.942942,0.92579,0.924724,0.0171523
32.31,0.964791,0.92561,0.924543,0.0391804
32.315,0.963913,0.925431,0.924362,0.0384812
32.32,0.951955,0.925252,0.924182,0.0267031
32.325,0.94603,0.925073,0.924001,0.020957
32.33,0.934118,0.924894,0.923821,0.00922424
32.335,0.921598,0.924715,0.92364,-0.00311741
32.34,0.906487,0.924536,0.92346,-0.018049
32.345,0.902799,0.924357,0.923279,-0.0215585
32.35,0.910649,0.924179,0.923099,-0.0135295
32.355,0.920041,0.924,0.922919,-0.00395936
32.36,0.923257,0.923821,0.922738,-0.000564276
32.365,0.915917,0.923643,0.922558,-0.00772528
32.37,0.954398,0.923464,0.922378,0.0309336
32.375,0.96574,0.923286,0.922198,0.0424538
32.38,0.966162,0.923107,0.922018,0.043055
32.385,0.945298,0.922929,0.921838,0.0223687
32.39,0.930316,0.922751,0.921658,0.00756573
32.395,0.948874,0.922572,0.921478,0.0263013
32.4,0.958674,0.922394,0.921298,0.0362804
32.405,0.944989,0.922216,0.921119,0.0227726
32.41,0.939945,0.922038,0.920939,0.017907
32.415,0.940169,0.92186,0.920759,0.0183093
32.42,0.958929,0.921682,0.92058,0.0372471
32.425,0.965131,0.921504,0.9204,0.0436271
32.43,0.972773,0.921326,0.920221,0.0514475
32.435,0.963693,0.921148,0.920041,0.0425452
32.44,0.98166,0.92097,0.919862,0.0606893
32.445,0.988227,0.920793,0.919682,0.0674343
32.45,0.990443,0.920615,0.919503,0.0698279
32.455,0.975936,0.920438,0.919324,0.0554989
32.46,0.946523,0.92026,0.919145,0.0262635
32.465,0.935985,0.920083,0.918966,0.0159028
32.47,0.93053,0.919905,0.918787,0.0106248
32.475,0.925904,0.919728,0.918607,0.00617673
32.48,0.91544,0.91955,0.918428,-0.00411063
32.485,0.91866,0.919373,0.91825,-0.000713078
32.49,0.932542,0.919196,0.918071,0.0133457
32.495,0.961395,0.919019,0.917892,0.0423759
32.5,0.982977,0.918842,0.917713,0.0641357
32.505,0.995883,0.918665,0.917534,0.0772183
32.51,1.01475,0.918488,0.917356,0.0962671
32.515,1.00152,0.918311,0.917177,0.0832043
32.52,0.980791,0.918134,0.916998,0.0626574
32.525,0.94776,0.917957,0.91682,0.0298025
32.53,0.923301,0.917781,0.916641,0.00552056
32.535,0.922455,0.917604,0.916463,0.00485094
32.54,0.929806,0.917427,0.916285,0.0123785
32.545,0.935461,0.917251,0.916106,0.0182099
32.55,0.93125,0.917074,0.915928,0.0141759
32.555,0.927479,0.916898,0.91575,0.0105812
32.56,0.931723,0.916721,0.915572,0.0150013
32.565,0.954491,0.916545,0.915394,0.0379463
32.57,0.968834,0.916369,0.915216,0.0524656
32.575,0.966689,0.916192,0.915038,0.0504967
32.58,0.970375,0.916016,0.91486,0.0543585
32.585,0.977616,0.91584,0.914682,0.0617762
32.59,0.995997,0.915664,0.914504,0.0803326
32.595,0.978929,0.915488,0.914326,0.0634411
32.6,0.968433,0.915312,0.914148,0.0531212
32.605,0.967576,0.915136,0.913971,0.0524397
32.61,0.981587,0.91496,0.913793,0.0666264
32.615,0.98659,0.914785,0.913615,0.0718056
32.62,0.972815,0.914609,0.913438,0.058206
32.625,0.957324,0.914433,0.91326,0.0428906
32.63,0.951342,0.914258,0.913083,0.0370845
32.635,0.954564,0.914082,0.912906,0.0404814
32.64,0.951923,0.913907,0.912728,0.0380163
32.645,0.954395,0.913731,0.912551,0.0406641
32.65,0.946676,0.913556,0.912374,0.0331203
32.655,0.933366,0.913381,0.912197,0.0199852
32.66,0.933565,0.913205,0.912019,0.0203593
32.665,0.93751,0.91303,0.911842,0.0244795
32.67,0.968847,0.912855,0.911665,0.0559924
32.675,0.993853,0.91268,0.911488,0.0811729
32.68,1.00441,0.912505,0.911311,0.0919062
32.685,0.989508,0.91233,0.911135,0.0771784
32.69,0.972347,0.912155,0.910958,0.0601924
32.695,0.952326,0.91198,0.910781,0.0403461
32.7,0.924206,0.911805,0.910604,0.0124002
32.705,0.908397,0.911631,0.910428,-0.0032341
32.71,0.902294,0.911456,0.910251,-0.0091623
32.715,0.922578,0.911281,0.910074,0.0112965
32.72,0.932144,0.911107,0.909898,0.0210377
32.725,0.954837,0.910932,0.909721,0.0439049
32.73,0.96975,0.910758,0.909545,0.0589923
32.735,0.98107,0.910583,0.909369,0.0704867
32.74,0.974681,0.910409,0.909192,0.0642714
32.745,0.97163,0.910235,0.909016,0.0613957
32.75,0.962067,0.910061,0.90884,0.052006
32.755,0.96511,0.909886,0.908664,0.0552241
32.76,0.946305,0.909712,0.908488,0.0365927
32.765,0.938726,0.909538,0.908312,0.029188
32.77,0.932446,0.909364,0.908136,0.0230813
32.775,0.929927,0.90919,0.90796,0.0207365
32.78,0.931122,0.909016,0.907784,0.0221057
32.785,0.919908,0.908843,0.907608,0.0110657
32.79,0.925845,0.908669,0.907432,0.0171763
32.795,0.9332,0.908495,0.907256,0.0247045
32.8,0.930396,0.908322,0.907081,0.0220742
32.805,0.935304,0.908148,0.906905,0.0271562
32.81,0.946903,0.907974,0.90673,0.0389282
32.815,0.932633,0.907801,0.906554,0.0248318
32.82,0.943726,0.907628,0.906378,0.0360986
32.825,0.946614,0.907454,0.906203,0.0391602
32.83,0.946321,0.907281,0.906028,0.0390404
32.835,0.949575,0.907108,0.905852,0.0424673
32.84,0.954465,0.906934,0.905677,0.0475301
32.845,0.974649,0.906761,0.905502,0.0678875
32.85,0.979393,0.906588,0.905327,0.0728048
32.855,0.977066,0.906415,0.905152,0.0706509
32.86,0.959292,0.906242,0.904976,0.0530493
32.865,0.96742,0.906069,0.904801,0.061351
32.87,0.973455,0.905897,0.904626,0.0675582
32.875,0.964143,0.905724,0.904452,0.0584194
32.88,0.969791,0.905551,0.904277,0.0642403
32.885,0.967098,0.905378,0.904102,0.0617197
32.89,0.969465,0.905206,0.903927,0.0642591
32.895,0.968049,0.905033,0.903752,0.0630157
32.9,0.954948,0.904861,0.903578,0.0500869
32.905,0.941552,0.904688,0.903403,0.0368634
32.91,0.925337,0.904516,0.903228,0.0208212
32.915,0.932224,0.904344,0.903054,0.0278802
32.92,0.938038,0.904171,0.90288,0.0338662
32.925,0.943629,0.903999,0.902705,0.0396295
32.93,0.944838,0.903827,0.902531,0.0410112
32.935,0.939299,0.903655,0.902356,0.035644
32.94,0.938121,0.903483,0.902182,0.0346375
32.945,0.93777,0.903311,0.902008,0.0344586
32.95,0.942254,0.903139,0.901834,0.0391147
32.955,0.959728,0.902967,0.90166,0.0567602
32.96,0.969752,0.902796,0.901486,0.0669559
32.965,0.973444,0.902624,0.901312,0.0708202
32.97,0.983729,0.902452,0.901138,0.0812765
32.975,0.970064,0.902281,0.900964,0.0677838
32.98,0.958771,0.902109,0.90079,0.0566622
32.985,0.940349,0.901938,0.900616,0.038411
32.99,0.933395,0.901766,0.900442,0.0316293
32.995,0.933023,0.901595,0.900269,0.031428
33,0.930454,0.901423,0.900095,0.0290309
33.005,0.919348,0.901252,0.899921,0.0180953
33.01,0.918753,0.901081,0.899748,0.0176721
33.015,0.927534,0.90091,0.899574,0.0266243
33.02,0.939286,0.900739,0.899401,0.0385471
33.025,0.934722,0.900568,0.899228,0.0341539
33.03,0.924147,0.900467,0.899054,0.0236803
33.035,0.920113,0.900296,0.898881,0.0198164
33.04,0.905585,0.900125,0.898708,0.00545912
33.045,0.921814,0.899955,0.898534,0.0218596
33.05,0.914235,0.899784,0.898361,0.014451
33.055,0.911833,0.899613,0.898188,0.0122193
33.06,0.912971,0.899443,0.898015,0.013528
33.065,0.924759,0.899272,0.897842,0.0254866
33.07,0.952584,0.899102,0.897669,0.0534818
33.075,0.974287,0.898932,0.897496,0.0753556
33.08,0.978778,0.898761,0.897323,0.0800167
33.085,0.969749,0.898591,0.897151,0.0711579
33.09,0.971843,0.898421,0.896978,0.0734222
33.095,0.985118,0.898251,0.896805,0.086867
33.1,0.983051,0.898081,0.896633,0.0849703
33.105,0.977059,0.897911,0.89646,0.0791482
33.11,0.965673,0.897741,0.896288,0.0679323
33.115,0.960405,0.897571,0.896115,0.0628337
33.12,0.962483,0.897401,0.895943,0.0650819
33.125,0.966138,0.897231,0.89577,0.0689068
33.13,0.951981,0.897062,0.895598,0.0549192
33.135,0.944608,0.896892,0.895426,0.0477157
33.14,0.943444,0.896723,0.895253,0.0467213
33.145,0.949952,0.896553,0.895081,0.0533988
33.15,0.974135,0.896384,0.894909,0.0777516
33.155,0.972607,0.896214,0.894737,0.0763923
33.16,0.94969,0.896045,0.894565,0.0536455
33.165,0.956431,0.895876,0.894393,0.0605555
33.17,0.973292,0.895706,0.894221,0.0775852
33.175,0.997077,0.895537,0.894049,0.101539
33.18,1.00075,0.895368,0.893877,0.10538
33.185,0.981555,0.895199,0.893706,0.0863562
33.19,0.973306,0.89503,0.893534,0.0782761
33.195,0.963955,0.894861,0.893362,0.0690935
33.2,0.966764,0.894692,0.89319,0.072072
33.205,0.992966,0.894524,0.893019,0.0984426
33.21,0.991824,0.894355,0.892847,0.0974691
33.215,0.987389,0.894186,0.892676,0.0932023
33.22,0.972376,0.894018,0.892504,0.0783584
33.225,0.954007,0.893849,0.892333,0.060158
33.23,0.95148,0.893681,0.892162,0.0577999
33.235,0.953517,0.893512,0.89199,0.0600045
33.24,0.946572,0.893344,0.891819,0.0532285
33.245,0.951632,0.893176,0.891648,0.0584565
33.25,0.974415,0.893007,0.891477,0.0814081
33.255,0.987735,0.892839,0.891306,0.0948963
33.26,1.00906,0.892671,0.891135,0.11639
33.265,0.99727,0.892503,0.890964,0.104767
33.27,0.974105,0.892335,0.890793,0.0817704
33.275,0.974194,0.892167,0.890622,0.0820272
33.28,0.960713,0.891999,0.890451,0.068714
33.285,0.950674,0.891831,0.89028,0.0588429
33.29,0.960006,0.891664,0.89011,0.0683424
33.295,0.956663,0.891496,0.889939,0.0651668
33.3,0.960159,0.891328,0.889768,0.0688305
33.305,0.961696,0.891161,0.889598,0.0705355
33.31,0.935745,0.890993,0.889427,0.0447519
33.315,0.93538,0.890826,0.889257,0.044554
33.32,0.924426,0.890659,0.889086,0.0337674
33.325,0.903772,0.890491,0.888916,0.0132806
33.33,0.884809,0.890324,0.888746,-0.00551536
33.335,0.885144,0.890157,0.888576,-0.00501268
33.34,0.900905,0.88999,0.888405,0.0109148
33.345,0.919215,0.889823,0.888235,0.0293921
33.35,0.934203,0.889656,0.888065,0.0445474
33.355,0.933873,0.889489,0.887895,0.0443839
33.36,0.939971,0.889322,0.887725,0.0506489
33.365,0.937472,0.889155,0.887555,0.0483173
33.37,0.937587,0.888988,0.887385,0.0485987
33.375,0.94022,0.888822,0.887215,0.0513982
33.38,0.937438,0.888655,0.887045,0.0487832
33.385,0.943718,0.888489,0.886876,0.055229
33.39,0.955708,0.888322,0.886706,0.0673862
33.395,0.960858,0.888156,0.886536,0.0727025
33.4,0.967543,0.887989,0.886367,0.0795537
33.405,0.967549,0.887823,0.886197,0.0797258
33.41,0.981839,0.887657,0.886027,0.0941818
33.415,0.991146,0.887491,0.885858,0.103655
33.42,1.00142,0.887325,0.885689,0.114093
33.425,0.988806,0.887158,0.885519,0.101647
33.43,0.971214,0.886993,0.88535,0.0842215
33.435,0.981085,0.886827,0.885181,0.0942585
33.44,0.998142,0.886661,0.885011,0.111482
33.445,0.994703,0.886495,0.884842,0.108208
33.45,0.988212,0.886329,0.884673,0.101882
33.455,0.953329,0.886164,0.884504,0.0671654
33.46,0.936753,0.885998,0.884335,0.0507552
33.465,0.944661,0.885833,0.884166,0.058828
33.47,0.932393,0.885667,0.883997,0.0467263
33.475,0.949759,0.885502,0.883828,0.0642571
33.48,0.963603,0.885336,0.883659,0.0782671
33.485,0.967233,0.885171,0.883491,0.0820619
33.49,0.958648,0.885006,0.883322,0.0736424
33.495,0.935259,0.884841,0.883153,0.0504184
33.5,0.915233,0.884676,0.882985,0.0305575
33.505,0.923328,0.884511,0.882816,0.0388176
33.51,0.935926,0.884346,0.882647,0.0515802
33.515,0.950106,0.884181,0.882479,0.0659251
33.52,0.957098,0.884016,0.882311,0.0730822
33.525,0.961855,0.883851,0.882142,0.078004
33.53,0.973873,0.883687,0.881974,0.0901859
33.535,0.993506,0.883522,0.881806,0.109984
33.54,0.991064,0.883358,0.881637,0.107707
33.545,0.975893,0.883193,0.881469,0.0926999
33.55,0.959214,0.883029,0.881301,0.0761849
33.555,0.96359,0.882864,0.881133,0.0807255
33.56,0.973722,0.8827,0.880965,0.0910214
33.565,0.967296,0.882536,0.880797,0.0847599
33.57,0.955469,0.882372,0.880629,0.0730969
33.575,0.938078,0.882208,0.880461,0.0558699
33.58,0.936015,0.882044,0.880293,0.0539711
33.585,0.927987,0.88188,0.880125,0.0461075
33.59,0.931345,0.881716,0.879958,0.0496295
33.595,0.919521,0.881552,0.87979,0.0379691
33.6,0.932828,0.881388,0.879622,0.0514396
33.605,0.949673,0.881225,0.879455,0.0684483
33.61,0.970014,0.881061,0.879287,0.0889531
33.615,0.998242,0.880898,0.87912,0.117344
33.62,1.01809,0.880734,0.878952,0.137356
33.625,1.00859,0.880571,0.878785,0.128018
33.63,0.995957,0.880407,0.878618,0.115549
33.635,0.977373,0.880244,0.87845,0.0971293
33.64,0.985736,0.880081,0.878283,0.105655
33.645,0.984335,0.879918,0.878116,0.104417
33.65,0.963409,0.879755,0.877949,0.0836537
33.655,0.939017,0.879592,0.877782,0.059425
33.66,0.933529,0.879429,0.877615,0.0541
33.665,0.955103,0.879266,0.877448,0.0758374
33.67,0.957089,0.879103,0.877281,0.0779852
33.675,0.950717,0.878941,0.877114,0.0717765
33.68,0.924518,0.878778,0.876947,0.04574
33.685,0.936382,0.878616,0.87678,0.0577663
33.69,0.939897,0.878453,0.876613,0.0614439
33.695,0.93769,0.878291,0.876447,0.0593989
33.7,0.925141,0.878128,0.87628,0.0470127
33.705,0.931485,0.877966,0.876114,0.0535189
33.71,0.942897,0.877804,0.875947,0.065093
33.715,0.948875,0.877642,0.87578,0.0712333
33.72,0.939584,0.87748,0.875614,0.062104
33.725,0.926328,0.877318,0.875448,0.0490099
33.73,0.92866,0.877156,0.875281,0.0515039
33.735,0.917705,0.876994,0.875115,0.0407109
33.74,0.915941,0.876832,0.874949,0.039109
33.745,0.922821,0.87667,0.874783,0.046151
33.75,0.922497,0.876509,0.874616,0.0459881
33.755,0.919143,0.876347,0.87445,0.0427961
33.76,0.921398,0.876186,0.874284,0.0452122
33.765,0.916047,0.876024,0.874118,0.0400224
33.77,0.931188,0.875863,0.873952,0.0553247
33.775,0.931627,0.875702,0.873786,0.0559247
33.78,0.923503,0.875541,0.87362,0.0479622
33.785,0.924887,0.875379,0.873455,0.049507
33.79,0.916941,0.875218,0.873289,0.0417227
33.795,0.930339,0.875057,0.873123,0.0552813
33.8,0.930049,0.874897,0.872958,0.0551526
33.805,0.92527,0.874736,0.872792,0.0505339
33.81,0.899623,0.874575,0.872626,0.0250477
33.815,0.890272,0.874414,0.872461,0.0158578
33.82,0.886882,0.874254,0.872295,0.012628
33.825,0.879786,0.874093,0.87213,0.00569234
33.83,0.87555,0.873933,0.871965,0.00161757
33.835,0.894246,0.873772,0.871799,0.0204731
33.84,0.91672,0.873612,0.871634,0.0431082
33.845,0.9439,0.873452,0.871469,0.0704479
33.85,0.965309,0.873292,0.871304,0.0920172
33.855,0.975811,0.873132,0.871138,0.102679
33.86,0.982946,0.872972,0.870973,0.109974
33.865,1.0012,0.872812,0.870808,0.128393
33.87,0.982668,0.872652,0.870643,0.110016
33.875,0.966323,0.872492,0.870478,0.0938307
33.88,0.950764,0.872333,0.870314,0.0784316
33.885,0.945033,0.872173,0.870149,0.0728595
33.89,0.949537,0.872014,0.869984,0.0775229
33.895,0.963007,0.871854,0.869819,0.0911528
33.9,0.96289,0.871695,0.869655,0.0911951
33.905,0.957245,0.871536,0.86949,0.0857094
33.91,0.962929,0.871376,0.869325,0.0915522
33.915,0.951598,0.871217,0.869161,0.0803811
33.92,0.939592,0.871058,0.868996,0.0685338
33.925,0.934964,0.870899,0.868832,0.0640645
33.93,0.930258,0.87074,0.868668,0.0595176
33.935,0.947675,0.870582,0.868503,0.0770938
33.94,0.957533,0.870423,0.868339,0.0871097
33.945,0.960869,0.870264,0.868175,0.0906051
33.95,0.957373,0.870106,0.86801,0.0872669
33.955,0.965061,0.869947,0.867846,0.0951135
33.96,0.988518,0.869789,0.867682,0.118729
33.965,0.981565,0.869631,0.867518,0.111935
33.97,0.966608,0.869472,0.867354,0.0971359
33.975,0.933213,0.869314,0.86719,0.063899
33.98,0.907065,0.869156,0.867026,0.0379089
33.985,0.917627,0.868998,0.866862,0.0486286
33.99,0.914928,0.86884,0.866699,0.0460877
33.995,0.904764,0.868683,0.866535,0.0360818
34,0.880813,0.868525,0.866371,0.0122877
34.005,0.869576,0.868367,0.866208,0.00120911
34.01,0.887351,0.86821,0.866044,0.0191414
34.015,0.914186,0.868052,0.86588,0.0461334
34.02,0.90699,0.867895,0.865717,0.0390952
34.025,0.919469,0.867738,0.865553,0.0517313
34.03,0.927151,0.86758,0.86539,0.0595703
34.035,0.925963,0.867423,0.865227,0.0585393
34.04,0.928696,0.867266,0.865063,0.0614292
34.045,0.944351,0.867109,0.8649,0.0772417
34.05,0.94961,0.866953,0.864737,0.0826574
34.055,0.965425,0.866796,0.864574,0.0986288
34.06,0.957038,0.866639,0.86441,0.0903991
34.065,0.976763,0.866483,0.864247,0.11028
34.07,0.974459,0.866326,0.864084,0.108133
34.075,0.958198,0.86617,0.863921,0.0920279
34.08,0.935023,0.866014,0.863758,0.069009
34.085,0.934965,0.865857,0.863596,0.0691072
34.09,0.961404,0.865701,0.863433,0.0957028
34.095,0.969705,0.865545,0.86327,0.104159
34.1,0.956081,0.865389,0.863107,0.0906913
34.105,0.953375,0.865234,0.862945,0.0881414
34.11,0.949464,0.865078,0.862782,0.0843857
34.115,0.961607,0.864922,0.862619,0.0966845
34.12,0.970083,0.864767,0.862457,0.105316
34.125,0.969998,0.864611,0.862294,0.105386
34.13,0.972176,0.864456,0.862132,0.107721
34.135,0.973621,0.864301,0.861969,0.10932
34.14,0.992693,0.864145,0.861807,0.128548
34.145,1.00038,0.86399,0.861645,0.136388
34.15,0.991339,0.863835,0.861483,0.127504
34.155,0.978813,0.863681,0.86132,0.115133
34.16,0.968634,0.863526,0.861158,0.105108
34.165,0.962721,0.863371,0.860996,0.0993501
34.17,0.982374,0.863217,0.860834,0.119157
34.175,0.987287,0.863062,0.860672,0.124225
34.18,0.984073,0.862908,0.86051,0.121165
34.185,0.977439,0.862754,0.860348,0.114686
34.19,0.974197,0.862599,0.860186,0.111597
34.195,0.960598,0.862445,0.860024,0.0981527
34.2,0.960039,0.862292,0.859863,0.0977472
34.205,0.957622,0.862138,0.859701,0.0954845
34.21,0.966,0.861984,0.859539,0.104017
34.215,0.976098,0.86183,0.859378,0.114268
34.22,0.965359,0.861677,0.859216,0.103682
34.225,0.949676,0.861523,0.859055,0.0881523
34.23,0.957852,0.86137,0.858893,0.0964818
34.235,0.956691,0.861217,0.858732,0.095474
34.24,0.959978,0.861064,0.85857,0.0989137
34.245,0.965255,0.860911,0.858409,0.104344
34.25,0.971951,0.860758,0.858248,0.111193
34.255,0.990427,0.860605,0.858086,0.129822
34.26,0.995135,0.860453,0.857925,0.134682
34.265,0.986714,0.8603,0.857764,0.126413
34.27,0.981186,0.860148,0.857603,0.121038
34.275,0.971476,0.859995,0.857442,0.11148
34.28,0.963735,0.859843,0.857281,0.103892
34.285,0.95877,0.859691,0.85712,0.0990792
34.29,0.955254,0.859539,0.856959,0.0957145
34.295,0.956607,0.859388,0.856798,0.0972191
34.3,0.966907,0.859236,0.856637,0.107671
34.305,0.966306,0.859084,0.856477,0.107222
34.31,0.977476,0.858933,0.856316,0.118543
34.315,0.98991,0.858781,0.856155,0.131129
34.32,1.00365,0.85863,0.855995,0.145023
34.325,0.999398,0.858479,0.855834,0.140919
34.33,0.983538,0.858328,0.855674,0.12521
34.335,0.952007,0.858177,0.855513,0.0938298
34.34,0.930996,0.858027,0.855353,0.0729693
34.345,0.935273,0.857876,0.855192,0.0773969
34.35,0.93093,0.857726,0.855032,0.0732043
34.355,0.92617,0.857575,0.854872,0.068595
34.36,0.955634,0.857425,0.854712,0.0982087
34.365,0.970636,0.857275,0.854551,0.113361
34.37,1.01144,0.857125,0.854391,0.154313
34.375,1.01484,0.856975,0.854231,0.157868
34.38,1.03133,0.856826,0.854071,0.174499
34.385,1.02424,0.856676,0.853911,0.167561
34.39,1.01093,0.856527,0.853751,0.154405
34.395,0.988679,0.856378,0.853591,0.132301
34.4,0.978375,0.856228,0.853431,0.122146
34.405,0.994087,0.856079,0.853272,0.138007
34.41,0.990181,0.855931,0.853112,0.134251
34.415,0.985005,0.855782,0.852952,0.129223
34.42,0.98164,0.855633,0.852793,0.126007
34.425,0.985984,0.855485,0.852633,0.130499
34.43,0.996058,0.855337,0.852473,0.140721
34.435,0.99765,0.855189,0.852314,0.142462
34.44,0.997045,0.855041,0.852154,0.142004
34.445,0.987092,0.854893,0.851995,0.132199
34.45,0.972665,0.854745,0.851836,0.11792
34.455,0.964459,0.854598,0.851676,0.109861
34.46,0.965193,0.854451,0.851517,0.110742
34.465,0.974686,0.854303,0.851358,0.120383
34.47,0.975931,0.854156,0.851199,0.121775
34.475,0.98804,0.85401,0.851039,0.13403
34.48,0.969013,0.853863,0.85088,0.11515
34.485,0.962572,0.853716,0.850721,0.108855
34.49,0.971378,0.85357,0.850562,0.117808
34.495,0.980397,0.853424,0.850403,0.126973
34.5,0.966301,0.853278,0.850245,0.113023
34.505,0.936305,0.853132,0.850086,0.0831728
34.51,0.91559,0.852986,0.849927,0.0626038
34.515,0.933505,0.852841,0.849768,0.0806642
34.52,0.943704,0.852696,0.849609,0.0910081
34.525,0.934096,0.85255,0.849451,0.0815454
34.53,0.926562,0.852406,0.849292,0.074156
34.535,0.936492,0.852261,0.849134,0.0842311
34.54,0.961217,0.852116,0.848975,0.109101
34.545,0.977902,0.851972,0.848817,0.12593
34.55,0.966322,0.851828,0.848658,0.114495
34.555,0.958186,0.851684,0.8485,0.106502
34.56,0.939494,0.85154,0.848342,0.0879546
34.565,0.951635,0.851396,0.848183,0.100238
34.57,0.964902,0.851253,0.848025,0.113649
34.575,0.977606,0.85111,0.847867,0.126496
34.58,0.962869,0.850967,0.847709,0.111903
34.585,0.959773,0.850824,0.847551,0.108949
34.59,0.970325,0.850681,0.847393,0.119644
34.595,0.972761,0.850539,0.847235,0.122222
34.6,0.974618,0.850397,0.847077,0.124221
34.605,0.957009,0.850255,0.846919,0.106754
34.61,0.957808,0.850113,0.846761,0.107695
34.615,0.972941,0.849972,0.846603,0.12297
34.62,0.975643,0.84983,0.846445,0.125812
34.625,0.967355,0.849689,0.846288,0.117666
34.63,0.953242,0.849548,0.84613,0.103694
34.635,0.950629,0.849408,0.845972,0.101221
34.64,0.938457,0.849267,0.845815,0.08919
34.645,0.946111,0.849127,0.845657,0.0969832
34.65,0.926359,0.848988,0.8455,0.077371
34.655,0.923804,0.848848,0.845342,0.0749559
34.66,0.926349,0.848709,0.845185,0.0776408
34.665,0.930249,0.84857,0.845028,0.0816794
34.67,0.946036,0.848431,0.84487,0.0976056
34.675,0.95791,0.848292,0.844713,0.109618
34.68,0.954451,0.848154,0.844556,0.106297
34.685,0.940773,0.848016,0.844399,0.0927569
34.69,0.92783,0.847878,0.844242,0.079952
34.695,0.927728,0.847741,0.844085,0.0799871
34.7,0.937348,0.847603,0.843928,0.0897447
34.705,0.941836,0.847467,0.843771,0.0943699
34.71,0.943685,0.84733,0.843614,0.0963551
34.715,0.946703,0.847194,0.843457,0.0995096
34.72,0.931271,0.847058,0.8433,0.0842129
34.725,0.924106,0.846922,0.843143,0.077184
34.73,0.929038,0.846787,0.842987,0.0822511
34.735,0.950856,0.846652,0.84283,0.104204
34.74,0.964936,0.846517,0.842673,0.118419
34.745,0.966479,0.846382,0.842517,0.120097
34.75,0.965218,0.846248,0.84236,0.11897
34.755,0.972616,0.846115,0.842204,0.126501
34.76,0.966295,0.845981,0.842047,0.120314
34.765,0.955664,0.845848,0.841891,0.109816
34.77,0.95414,0.845715,0.841735,0.108425
34.775,0.973185,0.845583,0.841578,0.127602
34.78,0.982571,0.845451,0.841422,0.13712
34.785,0.975096,0.84532,0.841266,0.129776
34.79,0.942812,0.845188,0.84111,0.0976235
34.795,0.932771,0.845058,0.840954,0.0877133
34.8,0.930099,0.844927,0.840798,0.0851722
34.805,0.933673,0.844797,0.840642,0.0888755
34.81,0.9114,0.844668,0.840486,0.0667323
34.815,0.904945,0.844538,0.84033,0.0604066
34.82,0.926157,0.84441,0.840174,0.0817474
34.825,0.945785,0.844281,0.840018,0.101504
34.83,0.939568,0.844154,0.839862,0.0954145
34.835,0.925434,0.844026,0.839707,0.0814074
34.84,0.927258,0.843899,0.839551,0.0833592
34.845,0.94771,0.843773,0.839395,0.103937
34.85,0.957763,0.843647,0.83924,0.114116
34.855,0.958227,0.843521,0.839084,0.114706
34.86,0.964149,0.843396,0.838929,0.120753
34.865,0.971127,0.843272,0.838773,0.127855
34.87,0.977521,0.843148,0.838618,0.134373
34.875,0.973213,0.843024,0.838462,0.130189
34.88,0.957518,0.842902,0.838307,0.114617
34.885,0.936998,0.842779,0.838152,0.0942186
34.89,0.942463,0.842657,0.837997,0.0998051
34.895,0.970174,0.842536,0.837842,0.127638
34.9,0.98493,0.842416,0.837686,0.142515
34.905,0.996132,0.842296,0.837531,0.153836
34.91,0.994577,0.842176,0.837376,0.152401
34.915,0.99424,0.842057,0.837221,0.152183
34.92,0.994306,0.841939,0.837066,0.152367
34.925,0.990752,0.841822,0.836912,0.14893
34.93,0.996647,0.841705,0.836757,0.154942
34.935,0.999727,0.841589,0.836602,0.158138
34.94,0.983161,0.841474,0.836447,0.141687
34.945,0.959199,0.841359,0.836292,0.11784
34.95,0.947232,0.841245,0.836138,0.105987
34.955,0.93731,0.841132,0.835983,0.0961785
34.96,0.928691,0.84102,0.835829,0.0876711
34.965,0.932451,0.840908,0.835674,0.0915433
34.97,0.960232,0.840797,0.83552,0.119434
34.975,0.969485,0.840687,0.835365,0.128798
34.98,0.972942,0.840578,0.835211,0.132364
34.985,0.951235,0.84047,0.835057,0.110765
34.99,0.948778,0.840363,0.834902,0.108415
34.995,0.951387,0.840257,0.834748,0.111131
35,0.935629,0.840151,0.834594,0.0954775
35.005,0.913788,0.840047,0.83444,0.0737412
35.01,0.916459,0.839943,0.834286,0.0765154
35.015,0.922676,0.839841,0.834132,0.0828355
35.02,0.92125,0.83974,0.833978,0.0815101
35.025,0.920545,0.839639,0.833824,0.0809052
35.03,0.923682,0.83954,0.83367,0.0841413
35.035,0.946052,0.839442,0.833516,0.10661
35.04,0.941089,0.839345,0.833362,0.101743
35.045,0.923533,0.83925,0.833208,0.0842834
35.05,0.899044,0.839155,0.833055,0.0598886
35.055,0.896985,0.839062,0.832901,0.0579231
35.06,0.897099,0.838971,0.832747,0.0581281
35.065,0.923345,0.83888,0.832594,0.0844653
35.07,0.921089,0.838791,0.83244,0.0822976
35.075,0.932991,0.838704,0.832287,0.0942878
35.08,0.92463,0.838618,0.832133,0.0860125
35.085,0.91755,0.838533,0.83198,0.0790175
35.09,0.914256,0.83845,0.831826,0.0758064
35.095,0.928094,0.838369,0.831673,0.0897258
35.1,0.934986,0.838289,0.83152,0.0966972
35.105,0.938094,0.838211,0.831367,0.099883
35.11,0.951158,0.838135,0.831214,0.113023
35.115,0.964061,0.83806,0.83106,0.126
35.12,0.973883,0.837988,0.830907,0.135895
35.125,0.962292,0.837918,0.830754,0.124374
35.13,0.940938,0.837849,0.830601,0.103088
35.135,0.928982,0.837783,0.830448,0.091199
35.14,0.931944,0.837719,0.830296,0.0942254
35.145,0.926853,0.837657,0.830143,0.089196
35.15,0.92733,0.837597,0.82999,0.0897328
35.155,0.938455,0.83754,0.829837,0.100915
35.16,0.936837,0.837485,0.829684,0.0993514
35.165,0.933015,0.837433,0.829532,0.0955815
35.17,0.909932,0.837384,0.829379,0.0725481
35.175,0.906371,0.837337,0.829227,0.0690335
35.18,0.919167,0.837293,0.829074,0.0818735
35.185,0.922272,0.837253,0.828922,0.0850198
35.19,0.912825,0.837215,0.828769,0.0756106
35.195,0.912258,0.83718,0.828617,0.0750781
35.2,0.92871,0.837149,0.828464,0.0915613
35.205,0.948688,0.837121,0.828312,0.111566
35.21,0.960126,0.837097,0.82816,0.123028
35.215,0.955748,0.837077,0.828008,0.118671
35.22,0.942406,0.83706,0.827856,0.105346
35.225,0.926386,0.837048,0.827704,0.0893384
35.23,0.926995,0.83704,0.827551,0.0899556
35.235,0.938467,0.837036,0.827399,0.101432
35.24,0.949942,0.837037,0.827247,0.112905
35.245,0.934405,0.837042,0.827096,0.0973633
35.25,0.921923,0.837053,0.826944,0.0848708
35.255,0.889822,0.837068,0.826792,0.0527542
35.26,0.879685,0.837089,0.82664,0.0425955
35.265,0.891128,0.837116,0.826488,0.0540124
35.27,0.902774,0.837149,0.826337,0.0656252
35.275,0.929546,0.837187,0.826185,0.0923581
35.28,0.950033,0.837233,0.826033,0.1128
35.285,0.955269,0.837285,0.825882,0.117984
35.29,0.980954,0.837344,0.82573,0.14361
35.295,0.974955,0.83741,0.825579,0.137544
35.3,0.96504,0.837485,0.825428,0.127555
35.305,0.946909,0.837567,0.825276,0.109342
35.31,0.92612,0.837658,0.825125,0.088462
35.315,0.93119,0.837758,0.824974,0.0934317
35.32,0.933861,0.837868,0.824822,0.0959925
35.325,0.948152,0.837988,0.824671,0.110165
35.33,0.959094,0.838118,0.82452,0.120976
35.335,0.952249,0.838259,0.824369,0.11399
35.34,0.962689,0.838413,0.824218,0.124276
35.345,0.964199,0.838579,0.824067,0.125621
35.35,0.969317,0.838758,0.823916,0.130559
35.355,0.969982,0.838951,0.823765,0.131031
35.36,0.937759,0.83916,0.823614,0.0985982
35.365,0.930388,0.839386,0.823463,0.0910021
35.37,0.928841,0.83963,0.823313,0.0892111
35.375,0.940938,0.839893,0.823162,0.101045
35.38,0.943065,0.840178,0.823011,0.102887
35.385,0.932673,0.840486,0.822861,0.0921864
35.39,0.931685,0.840821,0.82271,0.0908633
35.395,0.925297,0.841186,0.822559,0.0841106
35.4,0.923153,0.841585,0.822409,0.0815688
35.405,0.919548,0.842021,0.822258,0.077526
35.41,0.91455,0.842502,0.822108,0.0720476
35.415,0.917308,0.843034,0.821958,0.0742741
35.42,0.929794,0.843625,0.821807,0.0861694
35.425,0.934161,0.844285,0.821657,0.089876
35.43,0.942765,0.845026,0.821507,0.097739
35.435,0.951749,0.845863,0.821357,0.105886
35.44,0.960901,0.846812,0.821207,0.114089
35.445,0.96289,0.847894,0.821056,0.114996
35.45,0.961237,0.849134,0.820906,0.112103
35.455,0.948846,0.850558,0.820756,0.098288
35.46,0.953523,0.852201,0.820606,0.101322
35.465,0.9644,0.854099,0.820457,0.110301
35.47,0.984763,0.856298,0.820307,0.128465
35.475,1.00753,0.858848,0.820157,0.148681
35.48,1.0303,0.861804,0.820007,0.168498
35.485,1.01826,0.865232,0.819857,0.153029
35.49,1.00817,0.869202,0.819708,0.138972
35.495,0.98467,0.873794,0.819558,0.110876
35.5,0.994217,0.879093,0.819409,0.115125
35.505,1.01047,0.885192,0.819259,0.125277
35.51,1.03094,0.892191,0.819109,0.138752
35.515,1.03246,0.900196,0.81896,0.132265
35.52,1.04251,0.909316,0.818811,0.13319
35.525,1.06424,0.919664,0.818661,0.144576
35.53,1.09748,0.931354,0.818512,0.16613
35.535,1.11983,0.944499,0.818363,0.175331
35.54,1.13554,0.959206,0.818213,0.176338
35.545,1.14873,0.975579,0.818064,0.173153
35.55,1.16169,0.99371,0.817915,0.167983
35.555,1.18154,1.01368,0.817766,0.167861
35.56,1.20161,1.03554,0.817617,0.166072
35.565,1.23597,1.05934,0.817468,0.176627
35.57,1.25726,1.0851,0.817319,0.172165
35.575,1.28154,1.11279,0.81717,0.168746
35.58,1.29359,1.14238,0.817021,0.151201
35.585,1.28431,1.1738,0.816872,0.110518
35.59,1.26956,1.20691,0.816724,0.0626477
35.595,1.2636,1.24157,0.816575,0.0220322
35.6,1.28819,1.27758,0.816426,0.0106012
35.605,1.32962,1.31471,0.816278,0.0149141
35.61,1.35454,1.35267,0.816129,0.00186778
35.615,1.36732,1.39113,0.815981,-0.0238101
35.62,1.40702,1.42975,0.815832,-0.0227312
35.625,1.43086,1.4681,0.815684,-0.0372432
35.63,1.45659,1.50576,0.815535,-0.0491653
35.635,1.4471,1.54224,0.815387,-0.0951454
35.64,1.46052,1.57705,0.815239,-0.116527
35.645,1.45077,1.60966,0.81509,-0.158895
35.65,1.44878,1.63955,0.814942,-0.190764
35.655,1.44561,1.66617,0.814794,-0.220566
35.66,1.44873,1.68903,0.814646,-0.240303
35.665,1.45609,1.70765,0.814498,-0.251559
35.67,1.44879,1.72162,0.81435,-0.272829
35.675,1.40981,1.73063,0.814202,-0.320829
35.68,1.39219,1.73447,0.814054,-0.342278
35.685,1.40184,1.73302,0.813906,-0.331186
35.69,1.40219,1.72634,0.813758,-0.324145
35.695,1.44242,1.71457,0.81361,-0.272144
35.7,1.44933,1.69798,0.813462,-0.248648
35.705,1.43243,1.67695,0.813315,-0.244522
35.71,1.4025,1.6519,0.813167,-0.249404
35.715,1.38565,1.62334,0.813019,-0.237692
35.72,1.38454,1.59179,0.812872,-0.207249
35.725,1.38268,1.55777,0.812724,-0.175093
35.73,1.36173,1.52183,0.812577,-0.160093
35.735,1.32965,1.48446,0.812429,-0.154808
35.74,1.30924,1.44616,0.812282,-0.136924
35.745,1.27485,1.40739,0.812134,-0.13254
35.75,1.26031,1.36857,0.811987,-0.108258
35.755,1.26164,1.33008,0.81184,-0.068444
35.76,1.24914,1.29227,0.811692,-0.0431372
35.765,1.23995,1.25544,0.811545,-0.015491
35.77,1.21406,1.21985,0.811398,-0.00579046
35.775,1.18661,1.18571,0.811251,0.000897694
35.78,1.18566,1.1532,0.811104,0.0324576
35.785,1.17941,1.12246,0.810957,0.0569498
35.79,1.16439,1.09358,0.81081,0.0708076
35.795,1.13905,1.06662,0.810663,0.0724303
35.8,1.11542,1.04162,0.810516,0.073796
35.805,1.11793,1.01856,0.810369,0.0993628
35.81,1.11494,0.997429,0.810223,0.11751
35.815,1.09415,0.978163,0.810076,0.115984
35.82,1.07866,0.960696,0.809929,0.117964
35.825,1.07642,0.944942,0.809782,0.131476
35.83,1.06658,0.930804,0.809636,0.135771
35.835,1.05812,0.918175,0.809489,0.139947
35.84,1.03347,0.906945,0.809343,0.126522
35.845,1.02662,0.897,0.809196,0.129623
35.85,1.0098,0.888226,0.80905,0.121576
35.855,1.01363,0.880513,0.808903,0.133121
35.86,1.01147,0.873752,0.808757,0.137715
35.865,1.03546,0.867841,0.808611,0.167617
35.87,1.04998,0.862683,0.808465,0.1873
35.875,1.04757,0.858189,0.808318,0.189382
35.88,1.03968,0.854276,0.808172,0.185402
35.885,1.01344,0.85087,0.808026,0.162569
35.89,0.976026,0.847902,0.80788,0.128124
35.895,0.940676,0.845313,0.807734,0.095363
35.9,0.940244,0.843049,0.807588,0.097195
35.905,0.950111,0.841062,0.807442,0.109049
35.91,0.95557,0.839313,0.807296,0.116258
35.915,0.949296,0.837765,0.80715,0.111531
35.92,0.947589,0.836388,0.807005,0.111201
35.925,0.96108,0.835157,0.806859,0.125923
35.93,0.976515,0.834049,0.806713,0.142466
35.935,0.992507,0.833044,0.806567,0.159463
35.94,1.00706,0.832129,0.806422,0.174928
35.945,1.01706,0.83129,0.806276,0.185766
35.95,1.013,0.830515,0.806131,0.182487
35.955,0.989372,0.829795,0.805985,0.159577
35.96,0.96337,0.829124,0.80584,0.134246
35.965,0.942884,0.828495,0.805694,0.114389
35.97,0.928103,0.827902,0.805549,0.100201
35.975,0.932588,0.827342,0.805404,0.105246
35.98,0.939148,0.826811,0.805258,0.112337
35.985,0.953112,0.826306,0.805113,0.126806
35.99,0.967489,0.825825,0.804968,0.141664
35.995,0.960776,0.825365,0.804823,0.135411
36,0.93799,0.824925,0.804678,0.113065
36.005,0.929674,0.824503,0.804533,0.10517
36.01,0.922963,0.824099,0.804388,0.0988641
36.015,0.913845,0.82371,0.804243,0.0901344
36.02,0.910112,0.823337,0.804098,0.0867757
36.025,0.90535,0.822977,0.803953,0.0823722
36.03,0.903599,0.822631,0.803808,0.0809678
36.035,0.906639,0.822298,0.803663,0.0843407
36.04,0.90771,0.821977,0.803519,0.0857328
36.045,0.914244,0.821668,0.803374,0.0925763
36.05,0.914225,0.82137,0.803229,0.0928547
36.055,0.921082,0.821082,0.803085,0.0999999
36.06,0.928796,0.820805,0.80294,0.10799
36.065,0.945517,0.820538,0.802795,0.124979
36.07,0.952103,0.82028,0.802651,0.131823
36.075,0.942382,0.820031,0.802507,0.122351
36.08,0.936783,0.819792,0.802362,0.116991
36.085,0.953824,0.81956,0.802218,0.134264
36.09,0.954628,0.819337,0.802074,0.13529
36.095,0.954053,0.819123,0.801929,0.134931
36.1,0.938681,0.818916,0.801785,0.119766
36.105,0.932523,0.818728,0.801641,0.113795
36.11,0.933161,0.818536,0.801497,0.114625
36.115,0.945768,0.818351,0.801353,0.127416
36.12,0.972196,0.818174,0.801209,0.154022
36.125,0.976844,0.818003,0.801065,0.15884
36.13,0.95912,0.817839,0.800921,0.14128
36.135,0.92953,0.817682,0.800777,0.111848
36.14,0.919854,0.817532,0.800633,0.102322
36.145,0.915284,0.817387,0.800489,0.0978969
36.15,0.924385,0.81725,0.800345,0.107135
36.155,0.916776,0.817118,0.800202,0.0996582
36.16,0.933082,0.816993,0.800058,0.116089
36.165,0.942385,0.816874,0.799914,0.125512
36.17,0.942837,0.81676,0.799771,0.126076
36.175,0.927756,0.816653,0.799627,0.111103
36.18,0.916528,0.816552,0.799484,0.0999761
36.185,0.917926,0.816457,0.79934,0.10147
36.19,0.929928,0.816368,0.799197,0.113561
36.195,0.919773,0.816284,0.799053,0.103489
36.2,0.914087,0.816207,0.79891,0.0978809
36.205,0.900573,0.816135,0.798767,0.0844378
36.21,0.901392,0.816069,0.798624,0.0853228
36.215,0.913576,0.81601,0.79848,0.0975665
36.22,0.904932,0.815956,0.798337,0.0889767
36.225,0.896473,0.815908,0.798194,0.0805648
36.23,0.892973,0.815866,0.798051,0.0771066
36.235,0.890768,0.81583,0.797908,0.0749378
36.24,0.910932,0.815801,0.797765,0.0951315
36.245,0.913573,0.815777,0.797622,0.0977957
36.25,0.895892,0.81576,0.797479,0.080132
36.255,0.898421,0.815749,0.797336,0.0826718
36.26,0.905852,0.815745,0.797194,0.0901078
36.265,0.915098,0.815747,0.797051,0.0993515
36.27,0.928223,0.815755,0.796908,0.112468
36.275,0.929539,0.815771,0.796765,0.113768
36.28,0.92545,0.815793,0.796623,0.109657
36.285,0.925528,0.815822,0.79648,0.109706
36.29,0.926597,0.815858,0.796338,0.110739
36.295,0.934245,0.815901,0.796195,0.118344
36.3,0.934957,0.815952,0.796053,0.119005
36.305,0.92168,0.816011,0.79591,0.105669
36.31,0.896947,0.816077,0.795768,0.0808706
36.315,0.878804,0.816151,0.795626,0.0626536
36.32,0.875792,0.816233,0.795483,0.0595591
36.325,0.887627,0.816323,0.795341,0.0713036
36.33,0.888264,0.816422,0.795199,0.0718423
36.335,0.898377,0.81653,0.795057,0.0818478
36.34,0.880389,0.816646,0.794915,0.063743
36.345,0.899773,0.816772,0.794773,0.0830008
36.35,0.911764,0.816908,0.794631,0.0948567
36.355,0.923521,0.817053,0.794489,0.106468
36.36,0.926634,0.817208,0.794347,0.109426
36.365,0.945167,0.817374,0.794205,0.127793
36.37,0.973467,0.81755,0.794063,0.155916
36.375,0.989964,0.817738,0.793921,0.172226
36.38,0.973709,0.817937,0.793779,0.155772
36.385,0.945807,0.818148,0.793638,0.127659
36.39,0.932689,0.818371,0.793496,0.114318
36.395,0.933688,0.818607,0.793354,0.115081
36.4,0.949863,0.818856,0.793213,0.131007
36.405,0.953785,0.819118,0.793071,0.134666
36.41,0.941984,0.819395,0.79293,0.122589
36.415,0.944005,0.819687,0.792788,0.124319
36.42,0.932161,0.819993,0.792647,0.112167
36.425,0.937483,0.820316,0.792506,0.117167
36.43,0.945176,0.820655,0.792364,0.124521
36.435,0.955726,0.821011,0.792223,0.134715
36.44,0.967032,0.821385,0.792082,0.145648
36.445,0.988836,0.821777,0.791941,0.167059
36.45,0.982912,0.822189,0.7918,0.160723
36.455,0.982908,0.822621,0.791658,0.160287
36.46,0.981105,0.823074,0.791517,0.158031
36.465,0.96891,0.823549,0.791376,0.14536
36.47,0.96922,0.824048,0.791235,0.145173
36.475,0.960537,0.82457,0.791094,0.135966
36.48,0.966139,0.825118,0.790954,0.141021
36.485,0.98343,0.825693,0.790813,0.157737
36.49,0.972258,0.826296,0.790672,0.145962
36.495,0.980103,0.826929,0.790531,0.153174
36.5,0.988949,0.827594,0.79039,0.161356
36.505,0.994328,0.828291,0.79025,0.166037
36.51,1.00274,0.829024,0.790109,0.17372
36.515,1.00384,0.829795,0.789969,0.174041
36.52,1.00562,0.830607,0.789828,0.175013
36.525,0.998437,0.831462,0.789688,0.166975
36.53,0.979919,0.832363,0.789547,0.147556
36.535,0.970616,0.833315,0.789407,0.137301
36.54,0.979411,0.834321,0.789266,0.14509
36.545,0.998289,0.835387,0.789126,0.162903
36.55,1.02574,0.836517,0.788986,0.189224
36.555,1.02086,0.837719,0.788845,0.183139
36.56,1.00448,0.838998,0.788705,0.165481
36.565,0.987788,0.840363,0.788565,0.147424
36.57,0.977599,0.841824,0.788425,0.135775
36.575,1.00955,0.84339,0.788285,0.16616
36.58,1.007,0.845074,0.788145,0.161928
36.585,1.01261,0.846888,0.788005,0.165718
36.59,1.01214,0.848849,0.787865,0.16329
36.595,1.02515,0.850973,0.787725,0.174181
36.6,1.03443,0.853279,0.787585,0.18115
36.605,1.03106,0.85579,0.787445,0.175267
36.61,1.01218,0.858529,0.787306,0.153655
36.615,1.03885,0.861524,0.787166,0.177327
36.62,1.04705,0.864805,0.787026,0.182247
36.625,1.05959,0.868405,0.786887,0.191181
36.63,1.06201,0.872361,0.786747,0.189649
36.635,1.06436,0.876712,0.786608,0.187643
36.64,1.07866,0.881503,0.786468,0.197161
36.645,1.09066,0.88678,0.786329,0.20388
36.65,1.07983,0.892594,0.786189,0.187235
36.655,1.08032,0.899,0.78605,0.181325
36.66,1.10195,0.906055,0.78591,0.195892
36.665,1.12002,0.91382,0.785771,0.206205
36.67,1.11456,0.922359,0.785632,0.192202
36.675,1.11082,0.931739,0.785493,0.179079
36.68,1.12648,0.942026,0.785354,0.184455
36.685,1.15432,0.953292,0.785214,0.201024
36.69,1.16338,0.965605,0.785075,0.197775
36.695,1.1648,0.979036,0.784936,0.18576
36.7,1.16673,0.993653,0.784797,0.173076
36.705,1.19288,1.00952,0.784658,0.183354
36.71,1.23047,1.02671,0.784519,0.203766
36.715,1.2575,1.04527,0.784381,0.212235
36.72,1.28874,1.06526,0.784242,0.223481
36.725,1.32326,1.08672,0.784103,0.236544
36.73,1.36201,1.10968,0.783964,0.252326
36.735,1.41497,1.13419,0.783826,0.280779
36.74,1.44485,1.16024,0.783687,0.284609
36.745,1.45792,1.18784,0.783548,0.270076
36.75,1.46471,1.21699,0.78341,0.247723
36.755,1.47823,1.24764,0.783271,0.230595
36.76,1.49872,1.27975,0.783133,0.218963
36.765,1.5311,1.31327,0.782994,0.217833
36.77,1.55444,1.34809,0.782856,0.206346
36.775,1.56558,1.38412,0.782718,0.181458
36.78,1.58245,1.42122,0.782579,0.161227
36.785,1.59055,1.45924,0.782441,0.131315
36.79,1.62844,1.49798,0.782303,0.130458
36.795,1.63014,1.53724,0.782165,0.0928949
36.8,1.6581,1.57678,0.782026,0.0813194
36.805,1.7013,1.61632,0.781888,0.0849814
36.81,1.72514,1.65555,0.78175,0.0695883
36.815,1.75619,1.69413,0.781612,0.0620676
36.82,1.75447,1.73168,0.781474,0.0227965
36.825,1.78478,1.7678,0.781336,0.0169894
36.83,1.82549,1.80205,0.781199,0.0234387
36.835,1.81575,1.83398,0.781061,-0.0182302
36.84,1.78754,1.86313,0.780923,-0.0755952
36.845,1.77807,1.88904,0.780785,-0.110972
36.85,1.76063,1.91126,0.780647,-0.150632
36.855,1.77629,1.92938,0.78051,-0.153089
36.86,1.74194,1.94307,0.780372,-0.201126
36.865,1.7273,1.95203,0.780235,-0.224723
36.87,1.73261,1.95608,0.780097,-0.223467
36.875,1.735,1.95513,0.77996,-0.220129
36.88,1.73036,1.94919,0.779822,-0.218836
36.885,1.68528,1.9384,0.779685,-0.253115
36.89,1.6387,1.92296,0.779547,-0.284264
36.895,1.62152,1.90319,0.77941,-0.281671
36.9,1.60896,1.87945,0.779273,-0.270484
36.905,1.60273,1.85216,0.779135,-0.249431
36.91,1.59536,1.82178,0.778998,-0.226417
36.915,1.56327,1.78876,0.778861,-0.225494
36.92,1.54123,1.75357,0.778724,-0.212344
36.925,1.51187,1.71666,0.778587,-0.204795
36.93,1.49705,1.67846,0.77845,-0.181402
36.935,1.50478,1.63935,0.778313,-0.134568
36.94,1.4942,1.5997,0.778176,-0.105498
36.945,1.47479,1.55985,0.778039,-0.0850527
36.95,1.48644,1.52009,0.777902,-0.0336501
36.955,1.46442,1.48068,0.777765,-0.0162658
36.96,1.40564,1.44187,0.777629,-0.0362313
36.965,1.36385,1.40385,0.777492,-0.0399938
36.97,1.33566,1.36679,0.777355,-0.0311302
36.975,1.30977,1.33086,0.777219,-0.0210896
36.98,1.27118,1.29616,0.777082,-0.0249819
36.985,1.21871,1.26281,0.776945,-0.0440994
36.99,1.20641,1.23088,0.776809,-0.0244702
36.995,1.23288,1.20043,0.776672,0.0324524
37,1.24311,1.1715,0.776536,0.0716174
37.005,1.23648,1.14411,0.776399,0.0923734
37.01,1.23251,1.11827,0.776263,0.11424
37.015,1.22336,1.09399,0.776127,0.129373
37.02,1.19957,1.07123,0.775991,0.128343
37.025,1.15363,1.04996,0.775854,0.103667
37.03,1.10846,1.03016,0.775718,0.0783054
37.035,1.10515,1.01176,0.775582,0.0933846
37.04,1.09451,0.994727,0.775446,0.0997787
37.045,1.07887,0.978984,0.77531,0.0998896
37.05,1.07328,0.964474,0.775174,0.108809
37.055,1.05676,0.951127,0.775038,0.105635
37.06,1.04451,0.938876,0.774902,0.105634
37.065,1.00655,0.927649,0.774766,0.0789009
37.07,0.960782,0.917378,0.77463,0.0434047
37.075,0.946679,0.907992,0.774494,0.0386873
37.08,0.946315,0.899425,0.774359,0.0468898
37.085,0.945197,0.891611,0.774223,0.0535864
37.09,0.952807,0.884487,0.774087,0.0683201
37.095,0.942431,0.877992,0.773952,0.064439
37.1,0.93003,0.872072,0.773816,0.0579583
37.105,0.915467,0.866671,0.77368,0.0487963
37.11,0.927032,0.861741,0.773545,0.0652912
37.115,0.94186,0.857236,0.773409,0.0846241
37.12,0.936212,0.853113,0.773274,0.0830996
37.125,0.931345,0.849333,0.773139,0.0820117
37.13,0.91889,0.845861,0.773003,0.0730285
37.135,0.928904,0.842665,0.772868,0.0862398
37.14,0.932063,0.839715,0.772733,0.0923485
37.145,0.925235,0.836985,0.772597,0.0882503
37.15,0.911609,0.834452,0.772462,0.0771573
37.155,0.911307,0.832095,0.772327,0.0792123
37.16,0.888791,0.829895,0.772192,0.0588963
37.165,0.89062,0.827836,0.772057,0.0627842
37.17,0.883101,0.825903,0.771922,0.0571981
37.175,0.881045,0.824083,0.771787,0.0569628
37.18,0.884641,0.822364,0.771652,0.062277
37.185,0.85509,0.820738,0.771517,0.0343513
37.19,0.841067,0.819195,0.771382,0.0218725
37.195,0.8391,0.817727,0.771248,0.021373
37.2,0.823595,0.816328,0.771113,0.00726692
37.205,0.836948,0.814991,0.770978,0.0219566
37.21,0.840952,0.813712,0.770843,0.0272405
37.215,0.833731,0.812485,0.770709,0.0212462
37.22,0.814423,0.811307,0.770574,0.00311587
37.225,0.77722,0.810175,0.77044,-0.032955
37.23,0.75963,0.809084,0.770305,-0.0494546
37.235,0.776548,0.808033,0.770171,-0.0314853
37.24,0.806032,0.807019,0.770036,-0.000986513
37.245,0.828839,0.806038,0.769902,0.0228009
37.25,0.837519,0.80509,0.769767,0.0324287
37.255,0.844545,0.804173,0.769633,0.0403717
37.26,0.836684,0.803284,0.769499,0.0333995
37.265,0.830124,0.802423,0.769365,0.0277003
37.27,0.829464,0.801588,0.76923,0.0278758
37.275,0.820059,0.800777,0.769096,0.0192817
37.28,0.821725,0.79999,0.768962,0.0217352
37.285,0.799562,0.799225,0.768828,0.000337079
37.29,0.791148,0.798481,0.768694,-0.00733307
37.295,0.799884,0.797758,0.76856,0.00212568
37.3,0.809385,0.797054,0.768426,0.0123307
37.305,0.801358,0.796369,0.768292,0.00498966
37.31,0.780311,0.795701,0.768159,-0.01539
37.315,0.784271,0.795051,0.768025,-0.0107796
37.32,0.782571,0.794416,0.767891,-0.0118456
37.325,0.788994,0.793798,0.767757,-0.00480345
37.33,0.773495,0.793194,0.767624,-0.0196995
37.335,0.781378,0.792605,0.76749,-0.0112277
37.34,0.797755,0.79203,0.767356,0.00572507
37.345,0.807045,0.791468,0.767223,0.0155767
37.35,0.807903,0.790919,0.767089,0.0169843
37.355,0.807405,0.790382,0.766956,0.0170227
37.36,0.821876,0.789857,0.766822,0.032019
37.365,0.837389,0.789343,0.766689,0.0480459
37.37,0.843796,0.788841,0.766556,0.0549554
37.375,0.847936,0.788348,0.766422,0.0595878
37.38,0.843091,0.787867,0.766289,0.0552246
37.385,0.824456,0.787394,0.766156,0.0370617
37.39,0.816735,0.786932,0.766023,0.0298032
37.395,0.806409,0.786478,0.765889,0.0199308
37.4,0.822254,0.786033,0.765756,0.0362206
37.405,0.831425,0.785597,0.765623,0.0458283
37.41,0.804406,0.785169,0.76549,0.0192373
37.415,0.777656,0.784749,0.765357,-0.00709305
37.42,0.777242,0.784336,0.765224,-0.00709488
37.425,0.778724,0.783931,0.765092,-0.00520774
37.43,0.796532,0.783533,0.764959,0.0129984
37.435,0.787508,0.783142,0.764826,0.00436538
37.44,0.785624,0.782758,0.764693,0.00286622
37.445,0.789747,0.78238,0.76456,0.00736705
37.45,0.804053,0.782008,0.764428,0.0220446
37.455,0.806721,0.781642,0.764295,0.0250789
37.46,0.830204,0.781283,0.764162,0.0489213
37.465,0.829689,0.780928,0.76403,0.048761
37.47,0.848621,0.78058,0.763897,0.0680415
37.475,0.84844,0.780236,0.763765,0.0682031
37.48,0.831651,0.779898,0.763632,0.0517526
37.485,0.81515,0.779565,0.7635,0.0355845
37.49,0.818563,0.779237,0.763368,0.0393265
37.495,0.828327,0.778913,0.763235,0.0494145
37.5,0.849658,0.778594,0.763103,0.0710643
37.505,0.839478,0.778279,0.762971,0.0611988
37.51,0.833912,0.777969,0.762839,0.0559433
37.515,0.81375,0.777663,0.762706,0.0360878
37.52,0.816479,0.77736,0.762574,0.0391182
37.525,0.829359,0.777062,0.762442,0.0522965
37.53,0.824813,0.776768,0.76231,0.0480452
37.535,0.80337,0.776477,0.762178,0.0268928
37.54,0.788306,0.77619,0.762046,0.0121161
37.545,0.76899,0.775906,0.761914,-0.0069164
37.55,0.779582,0.775626,0.761783,0.00395593
37.555,0.793381,0.775349,0.761651,0.018032
37.56,0.805143,0.775075,0.761519,0.0300677
37.565,0.829942,0.774805,0.761387,0.0551375
37.57,0.826695,0.774537,0.761255,0.052158
37.575,0.828251,0.774272,0.761124,0.0539781
37.58,0.814406,0.774011,0.760992,0.0403953
37.585,0.811121,0.773752,0.760861,0.0373696
37.59,0.815999,0.773496,0.760729,0.0425034
37.595,0.82225,0.773242,0.760598,0.0490076
37.6,0.805247,0.772991,0.760466,0.0322554
37.605,0.797827,0.772743,0.760335,0.0250841
37.61,0.802607,0.772497,0.760203,0.03011
37.615,0.799452,0.772254,0.760072,0.0271987
37.62,0.795885,0.772012,0.759941,0.0238722
37.625,0.791501,0.771774,0.759809,0.0197271
37.63,0.788093,0.771537,0.759678,0.0165559
37.635,0.802917,0.771302,0.759547,0.0316146
37.64,0.78753,0.77107,0.759416,0.0164595
37.645,0.780769,0.77084,0.759285,0.00992884
37.65,0.783455,0.770611,0.759154,0.012844
37.655,0.797065,0.770385,0.759023,0.0266794
37.66,0.786772,0.770161,0.758892,0.0166113
37.665,0.784384,0.769938,0.758761,0.0144461
37.67,0.785217,0.769718,0.75863,0.0154992
37.675,0.795091,0.769498,0.758499,0.0255934
37.68,0.80164,0.769281,0.758368,0.032359
37.685,0.791325,0.769065,0.758238,0.0222598
37.69,0.783681,0.768852,0.758107,0.0148297
37.695,0.783415,0.768639,0.757976,0.0147758
37.7,0.775958,0.768429,0.757845,0.0075286
37.705,0.772857,0.76822,0.757715,0.00463743
37.71,0.773886,0.768013,0.757584,0.00587301
37.715,0.766694,0.767807,0.757454,-0.00111224
37.72,0.762898,0.767602,0.757323,-0.0047045
37.725,0.764956,0.767399,0.757193,-0.00244256
37.73,0.747156,0.767197,0.757062,-0.0200409
37.735,0.747963,0.766997,0.756932,-0.0190342
37.74,0.74112,0.766798,0.756802,-0.0256785
37.745,0.742723,0.7666,0.756672,-0.0238768
37.75,0.750123,0.766404,0.756541,-0.0162808
37.755,0.765332,0.766209,0.756411,-0.000876411
37.76,0.776976,0.766015,0.756281,0.0109613
37.765,0.781651,0.765822,0.756151,0.0158291
37.77,0.772761,0.765631,0.756021,0.00713
37.775,0.767846,0.76544,0.755891,0.00240533
37.78,0.762328,0.765251,0.755761,-0.00292254
37.785,0.758574,0.765063,0.755631,-0.0064885
37.79,0.765399,0.764876,0.755501,0.000523121
37.795,0.772785,0.76469,0.755371,0.00809546
37.8,0.778741,0.764505,0.755241,0.0142366
37.805,0.77908,0.764321,0.755111,0.0147587
37.81,0.7755,0.764138,0.754982,0.0113617
37.815,0.777215,0.763956,0.754852,0.0132593
37.82,0.772604,0.763775,0.754722,0.00882865
37.825,0.767261,0.763595,0.754593,0.00366564
37.83,0.761433,0.763416,0.754463,-0.00198232
37.835,0.762332,0.763238,0.754333,-0.000905369
37.84,0.762233,0.76306,0.754204,-0.000827173
37.845,0.750904,0.762884,0.754074,-0.0119794
37.85,0.74469,0.762708,0.753945,-0.0180182
37.855,0.744979,0.762534,0.753816,-0.0175548
37.86,0.732527,0.76236,0.753686,-0.0298327
37.865,0.738349,0.762187,0.753557,-0.023838
37.87,0.747401,0.762014,0.753428,-0.0146127
37.875,0.755445,0.761843,0.753298,-0.00639794
37.88,0.773539,0.761672,0.753169,0.0118672
37.885,0.750606,0.761502,0.75304,-0.0108962
37.89,0.731913,0.761333,0.752911,-0.0294196
37.895,0.727208,0.761164,0.752782,-0.0339559
37.9,0.725764,0.760996,0.752653,-0.0352329
37.905,0.732335,0.760829,0.752524,-0.0284947
37.91,0.740745,0.760663,0.752395,-0.0199176
37.915,0.748365,0.760497,0.752266,-0.0121327
37.92,0.753253,0.760332,0.752137,-0.00707878
37.925,0.736557,0.760168,0.752008,-0.0236108
37.93,0.726033,0.760004,0.75188,-0.0339717
37.935,0.736505,0.759841,0.751751,-0.0233358
37.94,0.736459,0.759679,0.751622,-0.02322
37.945,0.73855,0.759517,0.751494,-0.0209672
37.95,0.714837,0.759356,0.751365,-0.0445189
37.955,0.715473,0.759195,0.751236,-0.0437218
37.96,0.739912,0.759035,0.751108,-0.0191233
37.965,0.760573,0.758875,0.750979,0.00169775
37.97,0.773678,0.758716,0.750851,0.014962
37.975,0.767738,0.758558,0.750722,0.00918001
37.98,0.757488,0.7584,0.750594,-0.00091235
37.985,0.766986,0.758243,0.750466,0.00874305
37.99,0.756134,0.758086,0.750337,-0.00195216
37.995,0.758427,0.75793,0.750209,0.000496466
38,0.747962,0.757775,0.750081,-0.00981272
38.005,0.738029,0.757619,0.749953,-0.0195899
38.01,0.730774,0.757465,0.749825,-0.0266905
38.015,0.738455,0.757311,0.749696,-0.0188551
38.02,0.74757,0.757157,0.749568,-0.00958661
38.025,0.749044,0.757004,0.74944,-0.00795999
38.03,0.745993,0.756851,0.749312,-0.0108583
38.035,0.751529,0.756699,0.749184,-0.00517014
38.04,0.75541,0.756547,0.749056,-0.00113665
38.045,0.763707,0.756396,0.748929,0.0073112
38.05,0.753688,0.756245,0.748801,-0.00255671
38.055,0.743993,0.756094,0.748673,-0.0121011
38.06,0.744587,0.755944,0.748545,-0.0113574
38.065,0.735127,0.755795,0.748418,-0.020668
38.07,0.739809,0.755646,0.74829,-0.0158366
38.075,0.752541,0.755497,0.748162,-0.00295588
38.08,0.770564,0.755349,0.748035,0.0152155
38.085,0.781494,0.755201,0.747907,0.0262929
38.09,0.773148,0.755053,0.74778,0.0180945
38.095,0.771033,0.754906,0.747652,0.0161265
38.1,0.761835,0.754759,0.747525,0.00707615
38.105,0.754548,0.754613,0.747397,-6.49131e-05
38.11,0.760969,0.754467,0.74727,0.00650201
38.115,0.762785,0.754321,0.747143,0.00846339
38.12,0.75012,0.754176,0.747015,-0.004056
38.125,0.730758,0.754031,0.746888,-0.0232729
38.13,0.725402,0.753887,0.746761,-0.0284848
38.135,0.735514,0.753743,0.746634,-0.0182289
38.14,0.741461,0.753599,0.746507,-0.0121377
38.145,0.731796,0.753456,0.74638,-0.0216594
38.15,0.73134,0.753312,0.746253,-0.0219723
38.155,0.727604,0.75317,0.746126,-0.0255655
38.16,0.72899,0.753027,0.745999,-0.0240369
38.165,0.720338,0.752885,0.745872,-0.0325474
38.17,0.718777,0.752743,0.745745,-0.0339661
38.175,0.730887,0.752602,0.745618,-0.0217151
38.18,0.736333,0.752461,0.745491,-0.0161276
38.185,0.751945,0.75232,0.745364,-0.000374973
38.19,0.75709,0.75218,0.745238,0.00491038
38.195,0.756033,0.75204,0.745111,0.00399304
38.2,0.752236,0.7519,0.744984,0.000335878
38.205,0.739194,0.75176,0.744858,-0.0125664
38.21,0.750789,0.751621,0.744731,-0.000831531
38.215,0.75033,0.751482,0.744605,-0.00115212
38.22,0.748555,0.751343,0.744478,-0.00278837
38.225,0.728109,0.751205,0.744352,-0.0230954
38.23,0.731457,0.751067,0.744225,-0.0196101
38.235,0.733978,0.750929,0.744099,-0.0169511
38.24,0.744032,0.750791,0.743973,-0.00675979
38.245,0.748629,0.750654,0.743847,-0.00202475
38.25,0.744348,0.750517,0.74372,-0.00616971
38.255,0.746081,0.750381,0.743594,-0.00429942
38.26,0.746569,0.750244,0.743468,-0.00367477
38.265,0.742509,0.750108,0.743342,-0.00759941
38.27,0.739632,0.749972,0.743216,-0.0103403
38.275,0.736894,0.749836,0.74309,-0.0129425
38.28,0.739358,0.749701,0.742964,-0.0103425
38.285,0.748689,0.749566,0.742838,-0.000876597
38.29,0.747383,0.749431,0.742712,-0.00204762
38.295,0.748568,0.749296,0.742586,-0.000728408
38.3,0.748673,0.749162,0.74246,-0.000489384
38.305,0.74828,0.749028,0.742334,-0.000747662
38.31,0.753142,0.748894,0.742208,0.00424812
38.315,0.746007,0.74876,0.742083,-0.00275306
38.32,0.746002,0.748627,0.741957,-0.00262474
38.325,0.74199,0.748494,0.741831,-0.00650394
38.33,0.738239,0.748361,0.741706,-0.0101221
38.335,0.734025,0.748228,0.74158,-0.0142033
38.34,0.726388,0.748096,0.741455,-0.0217076
38.345,0.738633,0.747963,0.741329,-0.00933003
38.35,0.757489,0.747831,0.741204,0.0096579
38.355,0.768293,0.7477,0.741078,0.0205932
38.36,0.777287,0.747568,0.740953,0.0297194
38.365,0.761402,0.747437,0.740828,0.0139656
38.37,0.763072,0.747306,0.740702,0.0157659
38.375,0.765606,0.747175,0.740577,0.0184313
38.38,0.752212,0.747044,0.740452,0.00516818
38.385,0.761539,0.746914,0.740327,0.0146254
38.39,0.754383,0.746783,0.740201,0.00759974
38.395,0.771819,0.746653,0.740076,0.0251657
38.4,0.786982,0.746523,0.739951,0.0404586
38.405,0.791357,0.746394,0.739826,0.0449632
38.41,0.796065,0.746264,0.739701,0.0498007
38.415,0.798452,0.746135,0.739576,0.052317
38.42,0.80064,0.746006,0.739451,0.054634
38.425,0.805479,0.745877,0.739327,0.059602
38.43,0.797299,0.745749,0.739202,0.0515508
38.435,0.794236,0.74562,0.739077,0.0486157
38.44,0.78814,0.745492,0.738952,0.0426476
38.445,0.762483,0.745364,0.738828,0.0171195
38.45,0.737401,0.745236,0.738703,-0.00783546
38.455,0.741372,0.745108,0.738578,-0.00373691
38.46,0.748287,0.744981,0.738454,0.00330583
38.465,0.750491,0.744854,0.738329,0.00563704
38.47,0.748075,0.744727,0.738205,0.00334815
38.475,0.730804,0.7446,0.73808,-0.0137961
38.48,0.737351,0.744473,0.737956,-0.00712251
38.485,0.744118,0.744347,0.737831,-0.000228845
38.49,0.765176,0.74422,0.737707,0.0209555
38.495,0.779375,0.744094,0.737583,0.0352814
38.5,0.791644,0.743968,0.737458,0.0476762
38.505,0.784608,0.743842,0.737334,0.0407658
38.51,0.764138,0.743717,0.73721,0.0204211
38.515,0.753723,0.743591,0.737086,0.0101316
38.52,0.742653,0.743466,0.736961,-0.000813108
38.525,0.753325,0.743341,0.736837,0.00998442
38.53,0.743229,0.743216,0.736713,1.27187e-05
38.535,0.742127,0.743091,0.736589,-0.000963782
38.54,0.744659,0.742967,0.736465,0.00169196
38.545,0.764448,0.742842,0.736341,0.0216055
38.55,0.75847,0.742718,0.736218,0.0157516
38.555,0.7412,0.742594,0.736094,-0.00139428
38.56,0.738995,0.74247,0.73597,-0.00347548
38.565,0.74807,0.742346,0.735846,0.00572398
38.57,0.744996,0.742223,0.735722,0.00277333
38.575,0.732779,0.742099,0.735599,-0.00932087
38.58,0.733458,0.741976,0.735475,-0.00851807
38.585,0.734986,0.741853,0.735351,-0.00686716
38.59,0.746013,0.74173,0.735228,0.00428294
38.595,0.7483,0.741608,0.735104,0.00669246
38.6,0.753104,0.741485,0.734981,0.0116191
38.605,0.758703,0.741363,0.734857,0.0173404
38.61,0.772095,0.74124,0.734734,0.0308548
38.615,0.759142,0.741118,0.73461,0.0180239
38.62,0.752177,0.740996,0.734487,0.0111808
38.625,0.736043,0.740875,0.734364,-0.00483198
38.63,0.717581,0.740753,0.73424,-0.0231714
38.635,0.712674,0.740631,0.734117,-0.0279576
38.64,0.714278,0.74051,0.733994,-0.0262326
38.645,0.714621,0.740389,0.733871,-0.0257683
38.65,0.724754,0.740268,0.733748,-0.0155144
38.655,0.722823,0.740147,0.733625,-0.0173238
38.66,0.715903,0.740026,0.733502,-0.0241236
38.665,0.733731,0.739906,0.733379,-0.00617518
38.67,0.743347,0.739786,0.733256,0.00356193
38.675,0.745431,0.739665,0.733133,0.00576524
38.68,0.751761,0.739545,0.73301,0.0122161
38.685,0.748491,0.739425,0.732887,0.00906584
38.69,0.763866,0.739306,0.732764,0.024561
38.695,0.762801,0.739186,0.732641,0.023615
38.7,0.760188,0.739066,0.732519,0.021122
38.705,0.754526,0.738947,0.732396,0.0155786
38.71,0.733424,0.738828,0.732273,-0.00540371
38.715,0.724461,0.738709,0.732151,-0.0142483
38.72,0.70557,0.73859,0.732028,-0.0330199
38.725,0.70126,0.738471,0.731905,-0.0372113
38.73,0.703287,0.738353,0.731783,-0.0350659
38.735,0.702018,0.738234,0.731661,-0.0362165
38.74,0.695366,0.738116,0.731538,-0.0427502
38.745,0.682335,0.737998,0.731416,-0.0556626
38.75,0.679692,0.73788,0.731293,-0.0581874
38.755,0.704181,0.737762,0.731171,-0.0335808
38.76,0.719494,0.737644,0.731049,-0.0181505
38.765,0.724767,0.737526,0.730926,-0.0127594
38.77,0.724899,0.737409,0.730804,-0.0125097
38.775,0.716596,0.737292,0.730682,-0.0206958
38.78,0.713853,0.737174,0.73056,-0.0233213
38.785,0.70161,0.737057,0.730438,-0.0354475
38.79,0.691962,0.736941,0.730316,-0.0449782
38.795,0.692004,0.736824,0.730194,-0.0448201
38.8,0.709256,0.736707,0.730072,-0.0274512
38.805,0.706118,0.736591,0.72995,-0.0304732
38.81,0.703439,0.736474,0.729828,-0.0330356
38.815,0.705216,0.736358,0.729706,-0.0311426
38.82,0.70773,0.736242,0.729584,-0.0285124
38.825,0.717115,0.736126,0.729463,-0.0190108
38.83,0.721797,0.73601,0.729341,-0.0142136
38.835,0.717408,0.735895,0.729219,-0.0184867
38.84,0.708903,0.735779,0.729097,-0.0268766
38.845,0.695616,0.735664,0.728976,-0.0400481
38.85,0.688589,0.735549,0.728854,-0.0469596
38.855,0.702606,0.735433,0.728733,-0.0328273
38.86,0.724294,0.735319,0.728611,-0.0110244
38.865,0.737163,0.735204,0.72849,0.00195896
38.87,0.746023,0.735089,0.728368,0.0109345
38.875,0.741664,0.734974,0.728247,0.0066893
38.88,0.733962,0.73486,0.728126,-0.0008977
38.885,0.716257,0.734746,0.728004,-0.0184884
38.89,0.713479,0.734632,0.727883,-0.0211525
38.895,0.707403,0.734518,0.727762,-0.0271149
38.9,0.700336,0.734404,0.72764,-0.0340673
38.905,0.689961,0.73429,0.727519,-0.0443284
38.91,0.695969,0.734176,0.727398,-0.0382077
38.915,0.702531,0.734063,0.727277,-0.0315316
38.92,0.69712,0.733949,0.727156,-0.036829
38.925,0.69256,0.733836,0.727035,-0.0412765
38.93,0.690852,0.733723,0.726914,-0.0428715
38.935,0.698842,0.73361,0.726793,-0.0347683
38.94,0.697304,0.733497,0.726672,-0.0361929
38.945,0.691203,0.733385,0.726551,-0.0421814
38.95,0.691416,0.733272,0.72643,-0.0418565
38.955,0.714278,0.73316,0.72631,-0.0188818
38.96,0.733497,0.733047,0.726189,0.00044953
38.965,0.733161,0.732935,0.726068,0.00022606
38.97,0.72714,0.732823,0.725947,-0.00568303
38.975,0.724182,0.732711,0.725827,-0.0085293
38.98,0.724147,0.7326,0.725706,-0.00845225
38.985,0.724964,0.732488,0.725586,-0.00752415
38.99,0.722925,0.732376,0.725465,-0.00945122
38.995,0.719159,0.732265,0.725345,-0.0131062
39,0.72664,0.732154,0.725224,-0.00551335
39.005,0.713482,0.732043,0.725104,-0.0185606
39.01,0.71084,0.731932,0.724983,-0.0210916
39.015,0.702739,0.731821,0.724863,-0.0290816
39.02,0.68309,0.73171,0.724743,-0.0486204
39.025,0.670844,0.7316,0.724622,-0.0607556
39.03,0.657078,0.731489,0.724502,-0.0744114
39.035,0.663117,0.731379,0.724382,-0.068262
39.04,0.675496,0.731269,0.724262,-0.055773
39.045,0.686437,0.731159,0.724142,-0.0447216
39.05,0.703852,0.731049,0.724022,-0.0271969
39.055,0.710511,0.730939,0.723902,-0.0204281
39.06,0.703301,0.730829,0.723782,-0.0275277
39.065,0.698732,0.73072,0.723662,-0.0319881
39.07,0.693873,0.73061,0.723542,-0.0367371
39.075,0.688986,0.730501,0.723422,-0.0415154
39.08,0.685693,0.730392,0.723302,-0.044699
39.085,0.687842,0.730283,0.723182,-0.042441
39.09,0.708134,0.730174,0.723062,-0.0220398
39.095,0.726005,0.730065,0.722943,-0.00406015
39.1,0.712226,0.729957,0.722823,-0.0177303
39.105,0.697945,0.729848,0.722703,-0.0319035
39.11,0.679997,0.72974,0.722584,-0.0497429
39.115,0.681781,0.729632,0.722464,-0.0478505
39.12,0.698831,0.729523,0.722345,-0.0306921
39.125,0.691186,0.729415,0.722225,-0.0382298
39.13,0.688351,0.729308,0.722106,-0.040957
39.135,0.694604,0.7292,0.721986,-0.0345961
39.14,0.699544,0.729092,0.721867,-0.0295481
39.145,0.699377,0.728985,0.721747,-0.0296076
39.15,0.700716,0.728878,0.721628,-0.0281615
39.155,0.692928,0.72877,0.721509,-0.0358424
39.16,0.690611,0.728663,0.72139,-0.0380526
39.165,0.692861,0.728557,0.72127,-0.0356952
39.17,0.694138,0.72845,0.721151,-0.0343114
39.175,0.697345,0.728343,0.721032,-0.0309982
39.18,0.699659,0.728237,0.720913,-0.0285778
39.185,0.69715,0.72813,0.720794,-0.0309806
39.19,0.699493,0.728024,0.720675,-0.0285312
39.195,0.706133,0.727918,0.720556,-0.0217846
39.2,0.699213,0.727812,0.720437,-0.028599
39.205,0.687137,0.727706,0.720318,-0.0405695
39.21,0.679773,0.7276,0.720199,-0.0478279
39.215,0.669619,0.727495,0.72008,-0.0578757
39.22,0.674764,0.727389,0.719961,-0.0526252
39.225,0.676036,0.727284,0.719843,-0.0512482
39.23,0.686939,0.727179,0.719724,-0.0402395
39.235,0.682975,0.727074,0.719605,-0.0440988
39.24,0.699571,0.726969,0.719487,-0.0273975
39.245,0.693482,0.726864,0.719368,-0.033382
39.25,0.675663,0.72676,0.719249,-0.0510964
39.255,0.661672,0.726655,0.719131,-0.0649835
39.26,0.678349,0.726551,0.719012,-0.0482021
39.265,0.699779,0.726446,0.718894,-0.0266673
39.27,0.701756,0.726342,0.718775,-0.0245868
39.275,0.687277,0.726238,0.718657,-0.0389609
39.28,0.685131,0.726135,0.718539,-0.0410034
39.285,0.713874,0.726031,0.71842,-0.0121567
39.29,0.750404,0.725927,0.718302,0.0244768
39.295,0.746763,0.725824,0.718184,0.0209394
39.3,0.733892,0.725721,0.718066,0.00817134
39.305,0.719053,0.725618,0.717947,-0.00656412
39.31,0.720363,0.725515,0.717829,-0.00515134
39.315,0.724763,0.725412,0.717711,-0.000648159
39.32,0.725628,0.725309,0.717593,0.000318723
39.325,0.720375,0.725206,0.717475,-0.00483089
39.33,0.716015,0.725104,0.717357,-0.00908858
39.335,0.710126,0.725002,0.717239,-0.0148757
39.34,0.703567,0.724899,0.717121,-0.0213327
39.345,0.704761,0.724797,0.717003,-0.0200368
39.35,0.707361,0.724695,0.716886,-0.0173341
39.355,0.709319,0.724594,0.716768,-0.0152744
39.36,0.707436,0.724492,0.71665,-0.0170559
39.365,0.706754,0.724391,0.716532,-0.0176361
39.37,0.724835,0.724289,0.716415,0.000545957
39.375,0.726602,0.724188,0.716297,0.00241424
39.38,0.728755,0.724087,0.716179,0.00466754
39.385,0.711567,0.723986,0.716062,-0.0124194
39.39,0.709402,0.723885,0.715944,-0.0144835
39.395,0.704276,0.723785,0.715827,-0.0195089
39.4,0.698595,0.723684,0.715709,-0.025089
39.405,0.69109,0.723584,0.715592,-0.0324938
39.41,0.694186,0.723484,0.715474,-0.0292981
39.415,0.691986,0.723384,0.715357,-0.0313973
39.42,0.693593,0.723284,0.71524,-0.0296904
39.425,0.699725,0.723184,0.715122,-0.0234586
39.43,0.703913,0.723084,0.715005,-0.0191716
39.435,0.70127,0.722985,0.714888,-0.0217153
39.44,0.7086,0.722886,0.714771,-0.0142852
39.445,0.709137,0.722786,0.714654,-0.0136499
39.45,0.721257,0.722687,0.714537,-0.00143009
39.455,0.72036,0.722589,0.71442,-0.00222836
39.46,0.709125,0.72249,0.714302,-0.0133646
39.465,0.695539,0.722391,0.714185,-0.0268525
39.47,0.690338,0.722293,0.714069,-0.0319544
39.475,0.687282,0.722194,0.713952,-0.0349123
39.48,0.682044,0.722096,0.713835,-0.0400528
39.485,0.682921,0.721998,0.713718,-0.0390769
39.49,0.681276,0.7219,0.713601,-0.0406244
39.495,0.683075,0.721803,0.713484,-0.0387275
39.5,0.678172,0.721705,0.713368,-0.0435331
39.505,0.680998,0.721608,0.713251,-0.0406098
39.51,0.691399,0.721511,0.713134,-0.0301115
39.515,0.707515,0.721414,0.713018,-0.0138983
39.52,0.698802,0.721317,0.712901,-0.022515
39.525,0.674978,0.72122,0.712784,-0.0462415
39.53,0.661477,0.721123,0.712668,-0.0596464
39.535,0.656148,0.721027,0.712551,-0.0648789
39.54,0.66635,0.72093,0.712435,-0.0545806
39.545,0.673638,0.720834,0.712319,-0.0471958
39.55,0.662437,0.720738,0.712202,-0.0583007
39.555,0.663833,0.720642,0.712086,-0.0568095
39.56,0.684515,0.720547,0.71197,-0.0360317
39.565,0.698579,0.720451,0.711853,-0.0218723
39.57,0.702516,0.720356,0.711737,-0.0178392
39.575,0.702227,0.72026,0.711621,-0.0180336
39.58,0.710802,0.720165,0.711505,-0.0093637
39.585,0.721238,0.72007,0.711389,0.00116708
39.59,0.719937,0.719976,0.711273,-3.88464e-05
39.595,0.709315,0.719881,0.711157,-0.0105659
39.6,0.701084,0.719787,0.711041,-0.0187026
39.605,0.679789,0.719692,0.710925,-0.0399034
39.61,0.668893,0.719598,0.710809,-0.0507056
39.615,0.673923,0.719504,0.710693,-0.045581
39.62,0.691819,0.719411,0.710577,-0.0275918
39.625,0.716749,0.719317,0.710461,-0.00256826
39.63,0.720069,0.719223,0.710345,0.000845324
39.635,0.707605,0.71913,0.71023,-0.0115252
39.64,0.700563,0.719037,0.710114,-0.0184735
39.645,0.685599,0.718944,0.709998,-0.0333451
39.65,0.687106,0.718851,0.709883,-0.0317448
39.655,0.689945,0.718759,0.709767,-0.0288138
39.66,0.686911,0.718666,0.709651,-0.0317556
39.665,0.679154,0.718574,0.709536,-0.0394199
39.67,0.68724,0.718482,0.70942,-0.0312413
39.675,0.697755,0.71839,0.709305,-0.0206347
39.68,0.701326,0.718298,0.709189,-0.0169718
39.685,0.694846,0.718206,0.709074,-0.0233608
39.69,0.686611,0.718115,0.708959,-0.0315037
39.695,0.689315,0.718024,0.708843,-0.0287083
39.7,0.694959,0.717933,0.708728,-0.0229736
39.705,0.692463,0.717842,0.708613,-0.0253789
39.71,0.685348,0.717751,0.708498,-0.0324029
39.715,0.693973,0.71766,0.708383,-0.0236868
39.72,0.696813,0.71757,0.708267,-0.0207564
39.725,0.704403,0.71748,0.708152,-0.0130761
39.73,0.702471,0.71739,0.708037,-0.0149189
39.735,0.704741,0.7173,0.707922,-0.0125586
39.74,0.701053,0.71721,0.707807,-0.0161566
39.745,0.697681,0.717121,0.707692,-0.0194398
39.75,0.70184,0.717031,0.707577,-0.0151917
39.755,0.699935,0.716942,0.707462,-0.0170069
39.76,0.694456,0.716853,0.707348,-0.0223966
39.765,0.68911,0.716764,0.707233,-0.0276541
39.77,0.696357,0.716676,0.707118,-0.0203186
39.775,0.70087,0.716587,0.707003,-0.0157176
39.78,0.704202,0.716499,0.706889,-0.0122972
39.785,0.716317,0.716411,0.706774,-9.40314e-05
39.79,0.717399,0.716323,0.706659,0.00107581
39.795,0.727045,0.716235,0.706545,0.0108093
39.8,0.722127,0.716148,0.70643,0.00597885
39.805,0.713613,0.716061,0.706316,-0.00244737
39.81,0.709037,0.715974,0.706201,-0.00693662
39.815,0.708597,0.715887,0.706087,-0.00728915
39.82,0.713029,0.7158,0.705972,-0.00277115
39.825,0.720039,0.715713,0.705858,0.00432521
39.83,0.716469,0.715627,0.705744,0.000841699
39.835,0.698512,0.715541,0.705629,-0.0170291
39.84,0.683846,0.715455,0.705515,-0.0316089
39.845,0.678564,0.715369,0.705401,-0.0368055
39.85,0.682207,0.715284,0.705287,-0.0330761
39.855,0.692868,0.715198,0.705172,-0.0223298
39.86,0.69255,0.715113,0.705058,-0.0225629
39.865,0.691702,0.715028,0.704944,-0.0233257
39.87,0.690623,0.714943,0.70483,-0.0243203
39.875,0.685795,0.714859,0.704716,-0.0290639
39.88,0.689586,0.714774,0.704602,-0.0251883
39.885,0.689614,0.71469,0.704488,-0.0250765
39.89,0.686318,0.714606,0.704374,-0.0282879
39.895,0.692105,0.714523,0.70426,-0.0224173
39.9,0.686755,0.714439,0.704147,-0.0276844
39.905,0.690571,0.714356,0.704033,-0.0237847
39.91,0.683303,0.714273,0.703919,-0.0309691
39.915,0.667221,0.71419,0.703805,-0.0469685
39.92,0.66993,0.714107,0.703692,-0.0441767
39.925,0.670042,0.714024,0.703578,-0.0439825
39.93,0.681241,0.713942,0.703464,-0.0327012
39.935,0.687533,0.71386,0.703351,-0.0263274
39.94,0.689321,0.713778,0.703237,-0.0244567
39.945,0.689683,0.713697,0.703124,-0.0240134
39.95,0.696195,0.713615,0.70301,-0.01742
39.955,0.698745,0.713534,0.702897,-0.0147892
39.96,0.698434,0.713453,0.702783,-0.015019
39.965,0.700957,0.713372,0.70267,-0.0124147
39.97,0.70097,0.713292,0.702557,-0.0123218
39.975,0.70054,0.713211,0.702443,-0.0126714
39.98,0.69003,0.713131,0.70233,-0.0231014
39.985,0.668748,0.713051,0.702217,-0.0443029
39.99,0.663063,0.712972,0.702104,-0.0499089
39.995,0.673206,0.712892,0.701991,-0.0396866
40,0.678393,0.712813,0.701877,-0.0344203
40.005,0.679017,0.712734,0.701764,-0.0337171
40.01,0.672166,0.712655,0.701651,-0.0404894
40.015,0.674815,0.712577,0.701538,-0.0377621
40.02,0.685256,0.712499,0.701425,-0.0272426
40.025,0.686287,0.712421,0.701312,-0.0261341
40.03,0.694911,0.712343,0.701199,-0.017432
40.035,0.700481,0.712265,0.701087,-0.0117846
40.04,0.703274,0.712188,0.700974,-0.00891427
40.045,0.704667,0.712111,0.700861,-0.00744344
40.05,0.682233,0.712034,0.700748,-0.0298012
40.055,0.669775,0.711957,0.700635,-0.0421823
40.06,0.668111,0.711881,0.700523,-0.0437705
40.065,0.673301,0.711805,0.70041,-0.0385042
40.07,0.678674,0.711729,0.700297,-0.0330551
40.075,0.676606,0.711654,0.700185,-0.0350472
40.08,0.667441,0.711578,0.700072,-0.0441376
40.085,0.668127,0.711503,0.69996,-0.0433766
40.09,0.675544,0.711428,0.699847,-0.0358838
40.095,0.679328,0.711354,0.699735,-0.0320254
40.1,0.677422,0.711279,0.699622,-0.0338576
40.105,0.680665,0.711205,0.69951,-0.0305403
40.11,0.681606,0.711131,0.699398,-0.0295253
40.115,0.683874,0.711058,0.699285,-0.0271842
40.12,0.698185,0.710985,0.699173,-0.0127998
40.125,0.697103,0.710912,0.699061,-0.0138089
40.13,0.709362,0.710839,0.698949,-0.00147637
40.135,0.709143,0.710766,0.698836,-0.00162295
40.14,0.69156,0.710694,0.698724,-0.0191337
40.145,0.68522,0.710622,0.698612,-0.025402
40.15,0.682142,0.71055,0.6985,-0.0284085
40.155,0.67838,0.710479,0.698388,-0.0320989
40.16,0.679826,0.710408,0.698276,-0.0305813
40.165,0.672463,0.710337,0.698164,-0.037874
40.17,0.674254,0.710266,0.698052,-0.0360124
40.175,0.676633,0.710196,0.69794,-0.0335631
40.18,0.67229,0.710126,0.697828,-0.0378354
40.185,0.66831,0.710056,0.697717,-0.0417458
40.19,0.665746,0.709987,0.697605,-0.0442401
40.195,0.659832,0.709917,0.697493,-0.0500856
40.2,0.653288,0.709849,0.697381,-0.056561
40.205,0.667838,0.70978,0.69727,-0.0419414
40.21,0.688256,0.709712,0.697158,-0.0214555
40.215,0.70832,0.709644,0.697047,-0.00132325
40.22,0.701883,0.709576,0.696935,-0.00769275
40.225,0.691711,0.709508,0.696823,-0.0177975
40.23,0.682309,0.709441,0.696712,-0.027132
40.235,0.683656,0.709374,0.6966,-0.0257187
40.24,0.69166,0.709308,0.696489,-0.0176483
40.245,0.697222,0.709242,0.696378,-0.01202
40.25,0.692576,0.709176,0.696266,-0.0165996
40.255,0.69202,0.70911,0.696155,-0.0170905
40.26,0.691842,0.709045,0.696044,-0.0172027
40.265,0.692079,0.70898,0.695932,-0.0169004
40.27,0.70008,0.708915,0.695821,-0.0088351
40.275,0.694564,0.708851,0.69571,-0.0142865
40.28,0.693889,0.708787,0.695599,-0.0148974
40.285,0.699166,0.708723,0.695488,-0.00955724
40.29,0.698365,0.70866,0.695377,-0.0102951
40.295,0.692775,0.708597,0.695266,-0.0158214
40.3,0.683034,0.708534,0.695155,-0.0255002
40.305,0.675334,0.708471,0.695044,-0.0331378
40.31,0.666575,0.708409,0.694933,-0.0418339
40.315,0.662025,0.708348,0.694822,-0.0463223
40.32,0.653694,0.708286,0.694711,-0.0545921
40.325,0.648235,0.708225,0.6946,-0.05999
40.33,0.647853,0.708164,0.694489,-0.0603109
40.335,0.657055,0.708104,0.694378,-0.0510485
40.34,0.672161,0.708044,0.694268,-0.035883
40.345,0.695947,0.707984,0.694157,-0.0120371
40.35,0.701958,0.707925,0.694046,-0.00596709
40.355,0.702068,0.707866,0.693936,-0.00579836
40.36,0.702387,0.707807,0.693825,-0.00541999
40.365,0.686824,0.707749,0.693715,-0.0209254
40.37,0.684384,0.707691,0.693604,-0.0233073
40.375,0.674639,0.707634,0.693494,-0.0329945
40.38,0.66556,0.707576,0.693383,-0.0420165
40.385,0.671894,0.70752,0.693273,-0.0356251
40.39,0.681703,0.707463,0.693162,-0.0257605
40.395,0.684906,0.707407,0.693052,-0.022501
40.4,0.692709,0.707351,0.692942,-0.0146423
40.405,0.687073,0.707296,0.692831,-0.0202226
40.41,0.699548,0.707241,0.692721,-0.00769347
40.415,0.702932,0.707186,0.692611,-0.00425438
40.42,0.698775,0.707132,0.692501,-0.00835753
40.425,0.712026,0.707079,0.692391,0.00494743
40.43,0.716336,0.707025,0.69228,0.00931117
40.435,0.70236,0.706972,0.69217,-0.00461187
40.44,0.711222,0.70692,0.69206,0.0043022
40.445,0.705586,0.706867,0.69195,-0.00128099
40.45,0.705877,0.706816,0.69184,-0.000938772
40.455,0.701819,0.706764,0.69173,-0.00494546
40.46,0.695781,0.706713,0.691621,-0.0109321
40.465,0.715208,0.706663,0.691511,0.00854509
40.47,0.719031,0.706613,0.691401,0.0124183
40.475,0.707288,0.706563,0.691291,0.000725584
40.48,0.701796,0.706513,0.691181,-0.00471796
40.485,0.708564,0.706465,0.691072,0.00209934
40.49,0.712565,0.706416,0.690962,0.00614896
40.495,0.699855,0.706368,0.690852,-0.00651327
40.5,0.677824,0.706321,0.690743,-0.0284965
40.505,0.664518,0.706273,0.690633,-0.0417549
40.51,0.655621,0.706227,0.690523,-0.0506055
40.515,0.654228,0.70618,0.690414,-0.0519529
40.52,0.657358,0.706135,0.690304,-0.0487768
40.525,0.664186,0.706089,0.690195,-0.041903
40.53,0.664314,0.706044,0.690086,-0.0417303
40.535,0.683663,0.706,0.689976,-0.0223373
40.54,0.694099,0.705956,0.689867,-0.0118566
40.545,0.700551,0.705912,0.689757,-0.00536185
40.55,0.697816,0.705869,0.689648,-0.0080533
40.555,0.688674,0.705827,0.689539,-0.0171532
40.56,0.684007,0.705785,0.68943,-0.0217776
40.565,0.703067,0.705743,0.689321,-0.00267623
40.57,0.71588,0.705702,0.689211,0.010178
40.575,0.715792,0.705661,0.689102,0.0101307
40.58,0.708103,0.705621,0.688993,0.00248217
40.585,0.690616,0.705582,0.688884,-0.014966
40.59,0.684617,0.705542,0.688775,-0.0209252
40.595,0.676045,0.705504,0.688666,-0.0294583
40.6,0.665449,0.705466,0.688557,-0.0400166
40.605,0.676768,0.705428,0.688448,-0.0286599
40.61,0.68603,0.705391,0.688339,-0.0193605
40.615,0.703843,0.705354,0.688231,-0.00151088
40.62,0.694759,0.705318,0.688122,-0.010559
40.625,0.699379,0.705283,0.688013,-0.00590332
40.63,0.703198,0.705248,0.687904,-0.00204988
40.635,0.699922,0.705213,0.687796,-0.00529155
40.64,0.699378,0.705179,0.687687,-0.00580161
40.645,0.69722,0.705146,0.687578,-0.00792602
40.65,0.696397,0.705113,0.68747,-0.00871611
40.655,0.696637,0.705081,0.687361,-0.00844416
40.66,0.678676,0.705049,0.687253,-0.0263736
40.665,0.669578,0.705018,0.687144,-0.0354399
40.67,0.677346,0.704988,0.687036,-0.0276411
40.675,0.673212,0.704958,0.686927,-0.0317453
40.68,0.674353,0.704928,0.686819,-0.0305749
40.685,0.6679,0.704899,0.686711,-0.036999
40.69,0.671706,0.704871,0.686602,-0.0331647
40.695,0.688081,0.704843,0.686494,-0.0167622
40.7,0.709441,0.704816,0.686386,0.00462499
40.705,0.704397,0.70479,0.686277,-0.000393074
40.71,0.68917,0.704764,0.686169,-0.0155938
40.715,0.677692,0.704739,0.686061,-0.027047
40.72,0.676859,0.704714,0.685953,-0.0278553
40.725,0.693802,0.70469,0.685845,-0.010888
40.73,0.694871,0.704667,0.685737,-0.00979634
40.735,0.683786,0.704644,0.685629,-0.0208582
40.74,0.689709,0.704622,0.685521,-0.0149132
40.745,0.700403,0.704601,0.685413,-0.00419823
40.75,0.718345,0.70458,0.685305,0.0137651
40.755,0.722617,0.70456,0.685197,0.0180568
40.76,0.705345,0.704541,0.685089,0.000803668
40.765,0.692169,0.704522,0.684981,-0.0123536
40.77,0.677897,0.704504,0.684874,-0.0266073
40.775,0.674242,0.704487,0.684766,-0.0302451
40.78,0.675902,0.70447,0.684658,-0.0285685
40.785,0.674313,0.704454,0.68455,-0.0301414
40.79,0.665003,0.704439,0.684443,-0.0394361
40.795,0.668865,0.704424,0.684335,-0.0355593
40.8,0.669555,0.70441,0.684228,-0.0348551
40.805,0.681073,0.704397,0.68412,-0.0233238
40.81,0.693644,0.704385,0.684013,-0.0107408
40.815,0.691739,0.704373,0.683905,-0.0126343
40.82,0.695982,0.704362,0.683798,-0.00838
40.825,0.706881,0.704352,0.68369,0.00252914
40.83,0.715561,0.704343,0.683583,0.0112181
40.835,0.709605,0.704334,0.683476,0.00527058
40.84,0.693859,0.704326,0.683368,-0.0104669
40.845,0.692881,0.704319,0.683261,-0.0114385
40.85,0.691336,0.704313,0.683154,-0.0129763
40.855,0.703632,0.704307,0.683047,-0.000675092
40.86,0.706628,0.704302,0.682939,0.00232582
40.865,0.702023,0.704299,0.682832,-0.00227588
40.87,0.712934,0.704295,0.682725,0.00863859
40.875,0.714587,0.704293,0.682618,0.0102935
40.88,0.696595,0.704292,0.682511,-0.00769637
40.885,0.696019,0.704291,0.682404,-0.00827185
40.89,0.676375,0.704291,0.682297,-0.0279165
40.895,0.670896,0.704292,0.68219,-0.0333961
40.9,0.667067,0.704294,0.682083,-0.0372272
40.905,0.669174,0.704297,0.681976,-0.0351232
40.91,0.678863,0.704301,0.681869,-0.0254381
40.915,0.686945,0.704306,0.681763,-0.0173605
40.92,0.700207,0.704311,0.681656,-0.00410418
40.925,0.714971,0.704318,0.681549,0.0106539
40.93,0.728298,0.704325,0.681442,0.0239727
40.935,0.71662,0.704333,0.681336,0.0122866
40.94,0.724228,0.704342,0.681229,0.019886
40.945,0.705737,0.704352,0.681123,0.00138429
40.95,0.707967,0.704364,0.681016,0.00360378
40.955,0.697639,0.704376,0.680909,-0.00673681
40.96,0.700299,0.704389,0.680803,-0.00408965
40.965,0.703196,0.704403,0.680696,-0.00120652
40.97,0.695689,0.704418,0.68059,-0.00872876
40.975,0.67948,0.704434,0.680484,-0.024954
40.98,0.67817,0.704451,0.680377,-0.0262809
40.985,0.682722,0.704469,0.680271,-0.0217468
40.99,0.689699,0.704488,0.680165,-0.0147887
40.995,0.69428,0.704508,0.680058,-0.0102277
41,0.686222,0.704529,0.679952,-0.0183069
41.005,0.689795,0.704551,0.679846,-0.0147561
41.01,0.688702,0.704575,0.67974,-0.015873
41.015,0.696356,0.704599,0.679634,-0.00824286
41.02,0.712359,0.704624,0.679527,0.00773494
41.025,0.713528,0.704651,0.679421,0.00887716
41.03,0.705873,0.704679,0.679315,0.00119474
41.035,0.695737,0.704708,0.679209,-0.00897065
41.04,0.693947,0.704738,0.679103,-0.010791
41.045,0.702331,0.704769,0.678997,-0.00243728
41.05,0.702136,0.704801,0.678892,-0.00266556
41.055,0.697666,0.704834,0.678786,-0.00716888
41.06,0.695392,0.704869,0.67868,-0.00947714
41.065,0.697082,0.704905,0.678574,-0.00782309
41.07,0.704989,0.704942,0.678468,4.65018e-05
41.075,0.699857,0.704981,0.678363,-0.00512366
41.08,0.681608,0.70502,0.678257,-0.0234124
41.085,0.673132,0.705061,0.678151,-0.0319295
41.09,0.676421,0.705103,0.678046,-0.0286818
41.095,0.68746,0.705147,0.67794,-0.0176869
41.1,0.687316,0.705192,0.677834,-0.0178757
41.105,0.669124,0.705238,0.677729,-0.0361134
41.11,0.657949,0.705285,0.677623,-0.0473356
41.115,0.659993,0.705334,0.677518,-0.0453413
41.12,0.67635,0.705384,0.677412,-0.0290336
41.125,0.690695,0.705435,0.677307,-0.01474
41.13,0.69552,0.705488,0.677202,-0.00996813
41.135,0.687932,0.705543,0.677096,-0.0176107
41.14,0.684769,0.705598,0.676991,-0.0208296
41.145,0.68957,0.705655,0.676886,-0.0160851
41.15,0.692404,0.705714,0.67678,-0.0133104
41.155,0.687307,0.705774,0.676675,-0.0184666
41.16,0.674239,0.705836,0.67657,-0.0315963
41.165,0.667961,0.705899,0.676465,-0.0379375
41.17,0.679129,0.705963,0.67636,-0.0268342
41.175,0.682827,0.706029,0.676255,-0.0232022
41.18,0.681341,0.706097,0.67615,-0.0247555
41.185,0.685328,0.706166,0.676045,-0.020838
41.19,0.69465,0.706237,0.67594,-0.0115873
41.195,0.707578,0.70631,0.675835,0.00126835
41.2,0.699967,0.706384,0.67573,-0.0064166
41.205,0.685729,0.70646,0.675625,-0.0207305
41.21,0.671643,0.706537,0.67552,-0.0348942
41.215,0.673275,0.706616,0.675415,-0.0333416
41.22,0.676485,0.706697,0.675311,-0.0302117
41.225,0.675885,0.70678,0.675206,-0.0308944
41.23,0.674519,0.706864,0.675101,-0.0323453
41.235,0.67419,0.70695,0.674996,-0.0327603
41.24,0.680187,0.707038,0.674892,-0.0268515
41.245,0.699499,0.707128,0.674787,-0.00762879
41.25,0.710765,0.707219,0.674683,0.00354604
41.255,0.712842,0.707313,0.674578,0.00552896
41.26,0.698847,0.707408,0.674473,-0.00856095
41.265,0.683505,0.707505,0.674369,-0.0240001
41.27,0.680842,0.707605,0.674265,-0.0267627
41.275,0.69117,0.707706,0.67416,-0.0165358
41.28,0.694243,0.707809,0.674056,-0.0135652
41.285,0.695644,0.707914,0.673951,-0.0122698
41.29,0.696882,0.708021,0.673847,-0.0111389
41.295,0.705918,0.70813,0.673743,-0.00221245
41.3,0.706191,0.708241,0.673639,-0.00205012
41.305,0.698951,0.708354,0.673534,-0.00940304
41.31,0.687996,0.70847,0.67343,-0.0204734
41.315,0.676087,0.708588,0.673326,-0.0325008
41.32,0.685894,0.708707,0.673222,-0.0228135
41.325,0.692134,0.708829,0.673118,-0.0166956
41.33,0.70398,0.708954,0.673014,-0.00497396
41.335,0.699487,0.70908,0.67291,-0.00959334
41.34,0.689792,0.709209,0.672806,-0.0194167
41.345,0.682689,0.70934,0.672702,-0.026651
41.35,0.669613,0.709474,0.672598,-0.0398605
41.355,0.66666,0.70961,0.672494,-0.0429497
41.36,0.670542,0.709748,0.67239,-0.0392064
41.365,0.672377,0.709889,0.672286,-0.0375124
41.37,0.694431,0.710032,0.672182,-0.0156016
41.375,0.697678,0.710178,0.672079,-0.0125
41.38,0.692478,0.710327,0.671975,-0.0178487
41.385,0.698571,0.710478,0.671871,-0.0119065
41.39,0.692656,0.710631,0.671768,-0.0179756
41.395,0.693864,0.710787,0.671664,-0.0169239
41.4,0.692745,0.710946,0.67156,-0.0182012
41.405,0.68508,0.711108,0.671457,-0.0260283
41.41,0.685383,0.711272,0.671353,-0.0258897
41.415,0.689158,0.71144,0.67125,-0.0222819
41.42,0.695153,0.71161,0.671146,-0.0164571
41.425,0.697789,0.711783,0.671043,-0.0139938
41.43,0.699822,0.711958,0.670939,-0.0121358
41.435,0.703664,0.712137,0.670836,-0.00847326
41.44,0.691643,0.712319,0.670733,-0.0206763
41.445,0.687501,0.712504,0.670629,-0.0250028
41.45,0.695496,0.712692,0.670526,-0.0171956
41.455,0.713392,0.712883,0.670423,0.000508891
41.46,0.733628,0.713077,0.67032,0.0205506
41.465,0.738819,0.713274,0.670216,0.0255442
41.47,0.733412,0.713475,0.670113,0.019937
41.475,0.725861,0.713679,0.67001,0.0121818
41.48,0.720371,0.713887,0.669907,0.00648409
41.485,0.716664,0.714098,0.669804,0.00256607
41.49,0.710069,0.714312,0.669701,-0.00424334
41.495,0.715811,0.71453,0.669598,0.00128098
41.5,0.717309,0.714751,0.669495,0.00255834
41.505,0.709755,0.714976,0.669392,-0.00522099
41.51,0.711437,0.715205,0.669289,-0.0037674
41.515,0.710132,0.715437,0.669186,-0.00530468
41.52,0.71547,0.715673,0.669084,-0.00020313
41.525,0.703116,0.715913,0.668981,-0.0127968
41.53,0.700354,0.716156,0.668878,-0.0158024
41.535,0.690182,0.716404,0.668775,-0.026222
41.54,0.707408,0.716656,0.668673,-0.00924753
41.545,0.720175,0.716911,0.66857,0.00326385
41.55,0.721618,0.717171,0.668467,0.00444681
41.555,0.718631,0.717435,0.668365,0.00119574
41.56,0.71337,0.717703,0.668262,-0.00433284
41.565,0.70592,0.717976,0.66816,-0.0120561
41.57,0.715367,0.718253,0.668057,-0.00288576
41.575,0.711455,0.718534,0.667955,-0.00707889
41.58,0.714216,0.71882,0.667852,-0.00460367
41.585,0.696729,0.71911,0.66775,-0.0223809
41.59,0.693931,0.719405,0.667647,-0.0254746
41.595,0.693448,0.719705,0.667545,-0.0262571
41.6,0.704158,0.72001,0.667443,-0.0158515
41.605,0.706053,0.720319,0.66734,-0.014266
41.61,0.695556,0.720634,0.667238,-0.0250776
41.615,0.689767,0.720953,0.667136,-0.0311865
41.62,0.696296,0.721278,0.667034,-0.0249822
41.625,0.699285,0.721608,0.666932,-0.0223228
41.63,0.697544,0.721943,0.666829,-0.024399
41.635,0.715866,0.722283,0.666727,-0.006417
41.64,0.721496,0.722628,0.666625,-0.00113191
41.645,0.737519,0.72298,0.666523,0.0145399
41.65,0.733008,0.723337,0.666421,0.00967105
41.655,0.729181,0.723699,0.666319,0.00548197
41.66,0.708867,0.724068,0.666217,-0.0152004
41.665,0.700009,0.724442,0.666115,-0.0244332
41.67,0.692815,0.724822,0.666014,-0.0320071
41.675,0.706775,0.725209,0.665912,-0.0184338
41.68,0.700066,0.725601,0.66581,-0.0255351
41.685,0.698563,0.726,0.665708,-0.0274368
41.69,0.694878,0.726405,0.665606,-0.0315272
41.695,0.7101,0.726817,0.665505,-0.0167174
41.7,0.727424,0.727236,0.665403,0.000188041
41.705,0.737665,0.727661,0.665301,0.0100041
41.71,0.739362,0.728093,0.6652,0.011269
41.715,0.732676,0.728532,0.665098,0.00414431
41.72,0.726269,0.728978,0.664997,-0.00270963
41.725,0.720603,0.729432,0.664895,-0.00882814
41.73,0.710739,0.729892,0.664794,-0.0191532
41.735,0.704604,0.73036,0.664692,-0.0257569
41.74,0.710006,0.730837,0.664591,-0.0208305
41.745,0.716395,0.73132,0.664489,-0.014925
41.75,0.709215,0.731812,0.664388,-0.0225972
41.755,0.699471,0.732311,0.664287,-0.0328405
41.76,0.683948,0.732819,0.664185,-0.0488706
41.765,0.705067,0.733334,0.664084,-0.0282672
41.77,0.715856,0.733858,0.663983,-0.0180023
41.775,0.723064,0.734391,0.663882,-0.0113273
41.78,0.725395,0.734933,0.663781,-0.00953844
41.785,0.726106,0.735484,0.663679,-0.00937774
41.79,0.732753,0.736044,0.663578,-0.00329028
41.795,0.740071,0.736613,0.663477,0.0034587
41.8,0.739564,0.737191,0.663376,0.00237286
41.805,0.742509,0.737779,0.663275,0.00473007
41.81,0.744741,0.738377,0.663174,0.00636358
41.815,0.752825,0.738985,0.663073,0.0138397
41.82,0.746784,0.739603,0.662972,0.00718121
41.825,0.753413,0.740232,0.662872,0.0131818
41.83,0.755272,0.740871,0.662771,0.0144017
41.835,0.746906,0.74152,0.66267,0.0053859
41.84,0.733088,0.742181,0.662569,-0.00909294
41.845,0.72396,0.742853,0.662468,-0.0188929
41.85,0.73485,0.743536,0.662368,-0.00868634
41.855,0.743533,0.744231,0.662267,-0.000698813
41.86,0.746235,0.744938,0.662166,0.00129714
41.865,0.736736,0.745657,0.662066,-0.00892079
41.87,0.737365,0.746388,0.661965,-0.00902333
41.875,0.725285,0.747132,0.661864,-0.0218473
41.88,0.713386,0.747889,0.661764,-0.0345033
41.885,0.712053,0.748659,0.661663,-0.0366055
41.89,0.708755,0.749442,0.661563,-0.0406874
41.895,0.718654,0.750239,0.661462,-0.0315851
41.9,0.754439,0.751049,0.661362,0.00338956
41.905,0.758853,0.751874,0.661262,0.00697843
41.91,0.769772,0.752714,0.661161,0.0170577
41.915,0.748455,0.753568,0.661061,-0.00511353
41.92,0.734396,0.754437,0.660961,-0.0200411
41.925,0.735906,0.755322,0.66086,-0.0194164
41.93,0.725902,0.756223,0.66076,-0.0303204
41.935,0.723646,0.757139,0.66066,-0.0334934
41.94,0.724269,0.758072,0.66056,-0.033803
41.945,0.731375,0.759022,0.66046,-0.0276472
41.95,0.724742,0.759989,0.66036,-0.0352471
41.955,0.717743,0.760974,0.66026,-0.0432306
41.96,0.730771,0.761976,0.66016,-0.0312057
41.965,0.74383,0.762997,0.66006,-0.0191672
41.97,0.764298,0.764037,0.65996,0.000261468
41.975,0.763463,0.765095,0.65986,-0.00163219
41.98,0.751014,0.766173,0.65976,-0.0151598
41.985,0.754817,0.767272,0.65966,-0.0124549
41.99,0.765362,0.76839,0.65956,-0.00302804
41.995,0.779983,0.76953,0.65946,0.0104533
42,0.776654,0.770691,0.65936,0.00596361
42.005,0.758337,0.771874,0.659261,-0.0135368
42.01,0.742216,0.773079,0.659161,-0.0308629
42.015,0.7347,0.774307,0.659061,-0.0396065
42.02,0.737831,0.775559,0.658962,-0.037727
42.025,0.750981,0.776834,0.658862,-0.0258529
42.03,0.762958,0.778134,0.658762,-0.0151759
42.035,0.755688,0.77946,0.658663,-0.0237715
42.04,0.753239,0.780811,0.658563,-0.0275714
42.045,0.740014,0.782188,0.658464,-0.0421742
42.05,0.743196,0.783592,0.658364,-0.0403968
42.055,0.746394,0.785025,0.658265,-0.0386306
42.06,0.751163,0.786485,0.658165,-0.0353219
42.065,0.755434,0.787975,0.658066,-0.0325406
42.07,0.751478,0.789494,0.657967,-0.0380155
42.075,0.763898,0.791044,0.657867,-0.0271459
42.08,0.763733,0.792625,0.657768,-0.0288914
42.085,0.767431,0.794238,0.657669,-0.0268073
42.09,0.765425,0.795884,0.65757,-0.0304587
42.095,0.759171,0.797564,0.65747,-0.0383923
42.1,0.760735,0.799278,0.657371,-0.038543
42.105,0.765238,0.801028,0.657272,-0.0357903
42.11,0.772003,0.802814,0.657173,-0.0308113
42.115,0.78267,0.804638,0.657074,-0.0219677
42.12,0.786288,0.806643,0.656975,-0.0203554
42.125,0.775231,0.808545,0.656876,-0.0333142
42.13,0.759326,0.810487,0.656777,-0.0511606
42.135,0.752519,0.81247,0.656678,-0.0599511
42.14,0.749035,0.814496,0.656579,-0.0654614
42.145,0.747924,0.816566,0.65648,-0.0686425
42.15,0.744688,0.818681,0.656381,-0.0739933
42.155,0.746188,0.820842,0.656282,-0.0746536
42.16,0.753648,0.823051,0.656184,-0.0694026
42.165,0.748259,0.825308,0.656085,-0.0770496
42.17,0.74658,0.827616,0.655986,-0.0810361
42.175,0.738663,0.829976,0.655887,-0.0913129
42.18,0.751733,0.832388,0.655789,-0.0806553
42.185,0.764459,0.834856,0.65569,-0.0703965
42.19,0.761348,0.837379,0.655592,-0.0760318
42.195,0.770904,0.839961,0.655493,-0.0690565
42.2,0.785776,0.842602,0.655394,-0.0568265
42.205,0.804165,0.845305,0.655296,-0.0411393
42.21,0.815075,0.84807,0.655197,-0.0329954
42.215,0.791642,0.850901,0.655099,-0.0592596
42.22,0.775225,0.853799,0.655001,-0.0785741
42.225,0.774801,0.856766,0.654902,-0.0819654
42.23,0.782909,0.859805,0.654804,-0.076896
42.235,0.790968,0.862917,0.654705,-0.071949
42.24,0.795911,0.866104,0.654607,-0.070193
42.245,0.800963,0.86937,0.654509,-0.0684069
42.25,0.813587,0.872716,0.654411,-0.0591292
42.255,0.813756,0.876145,0.654312,-0.0623892
42.26,0.808864,0.879661,0.654214,-0.0707965
42.265,0.800776,0.883264,0.654116,-0.0824883
42.27,0.804777,0.88696,0.654018,-0.0821822
42.275,0.811429,0.890749,0.65392,-0.0793207
42.28,0.809746,0.894637,0.653822,-0.084891
42.285,0.802752,0.898625,0.653724,-0.0958728
42.29,0.797759,0.902717,0.653626,-0.104958
42.295,0.798368,0.906917,0.653528,-0.10855
42.3,0.80983,0.911229,0.65343,-0.101399
42.305,0.822963,0.915656,0.653332,-0.0926934
42.31,0.833751,0.920202,0.653234,-0.0864519
42.315,0.828388,0.924872,0.653136,-0.096484
42.32,0.831643,0.92967,0.653039,-0.0980267
42.325,0.832699,0.9346,0.652941,-0.101901
42.33,0.841432,0.939668,0.652843,-0.0982353
42.335,0.874083,0.944877,0.652745,-0.0707948
42.34,0.870675,0.950235,0.652648,-0.0795594
42.345,0.874344,0.955745,0.65255,-0.0814014
42.35,0.878755,0.961414,0.652452,-0.0826594
42.355,0.89258,0.967248,0.652355,-0.0746678
42.36,0.907056,0.973253,0.652257,-0.0661973
42.365,0.903889,0.979436,0.65216,-0.075547
42.37,0.895079,0.985804,0.652062,-0.0907246
42.375,0.891277,0.992365,0.651965,-0.101088
42.38,0.899419,0.999126,0.651867,-0.0997063
42.385,0.908074,1.0061,0.65177,-0.0980214
42.39,0.928461,1.01328,0.651672,-0.0848225
42.395,0.942929,1.0207,0.651575,-0.0777692
42.4,0.945966,1.02835,0.651478,-0.0823856
42.405,0.938453,1.03625,0.65138,-0.0977992
42.41,0.936869,1.04441,0.651283,-0.107544
42.415,0.941567,1.05285,0.651186,-0.11128
42.42,0.94959,1.06157,0.651089,-0.111977
42.425,0.966477,1.07059,0.650991,-0.104111
42.43,0.988815,1.07993,0.650894,-0.0911117
42.435,1.00797,1.0896,0.650797,-0.0816308
42.44,1.02008,1.09963,0.6507,-0.0795471
42.445,1.01902,1.11003,0.650603,-0.091002
42.45,1.02155,1.12083,0.650506,-0.0992722
42.455,1.03305,1.13205,0.650409,-0.0989991
42.46,1.03137,1.14372,0.650312,-0.112351
42.465,1.04637,1.15588,0.650215,-0.109511
42.47,1.04989,1.16855,0.650118,-0.118659
42.475,1.09284,1.18178,0.650021,-0.0889404
42.48,1.11217,1.1956,0.649925,-0.0834343
42.485,1.14787,1.21008,0.649828,-0.0622092
42.49,1.16423,1.22525,0.649731,-0.0610145
42.495,1.18701,1.24118,0.649634,-0.0541692
42.5,1.18969,1.25793,0.649537,-0.0682432
42.505,1.21411,1.27558,0.649441,-0.0614722
42.51,1.23762,1.29422,0.649344,-0.056602
42.515,1.277,1.31392,0.649248,-0.0369222
42.52,1.31392,1.3348,0.649151,-0.0208794
42.525,1.34105,1.35697,0.649054,-0.015913
42.53,1.37138,1.38054,0.648958,-0.00916257
42.535,1.41017,1.40566,0.648861,0.0045047
42.54,1.44451,1.43249,0.648765,0.0120262
42.545,1.49682,1.46118,0.648668,0.0356404
42.55,1.5167,1.49193,0.648572,0.0247735
42.555,1.55278,1.52493,0.648476,0.0278574
42.56,1.59001,1.5604,0.648379,0.0296103
42.565,1.64824,1.59858,0.648283,0.0496517
42.57,1.70803,1.63974,0.648187,0.0682945
42.575,1.7653,1.68414,0.64809,0.08116
42.58,1.82306,1.7321,0.647994,0.0909639
42.585,1.90363,1.78392,0.647898,0.119703
42.59,1.99404,1.83997,0.647802,0.154077
42.595,2.06035,1.90059,0.647705,0.159762
42.6,2.12243,1.96617,0.647609,0.156257
42.605,2.20928,2.03713,0.647513,0.172158
42.61,2.28765,2.11388,0.647417,0.173779
42.615,2.37344,2.19686,0.647321,0.176581
42.62,2.48406,2.28653,0.647225,0.197532
42.625,2.54722,2.38336,0.647129,0.163854
42.63,2.64988,2.48783,0.647033,0.162048
42.635,2.7577,2.60043,0.646937,0.157279
42.64,2.87548,2.72163,0.646841,0.153849
42.645,3.02702,2.85192,0.646746,0.1751
42.65,3.17776,2.99179,0.64665,0.185965
42.655,3.30957,3.1417,0.646554,0.167863
42.66,3.46203,3.3021,0.646458,0.159934
42.665,3.60539,3.47341,0.646362,0.131983
42.67,3.78826,3.65603,0.646267,0.132232
42.675,3.97338,3.85031,0.646171,0.123065
42.68,4.15578,4.05657,0.646075,0.0992056
42.685,4.31371,4.27507,0.64598,0.0386386
42.69,4.50441,4.50602,0.645884,-0.00160362
42.695,4.69658,4.74954,0.645789,-0.0529597
42.7,4.90697,5.00571,0.645693,-0.0987361
42.705,5.0907,5.2745,0.645598,-0.183803
42.71,5.33048,5.5558,0.645502,-0.225322
42.715,5.52419,5.8494,0.645407,-0.325218
42.72,5.71281,6.155,0.645311,-0.442183
42.725,5.93487,6.47215,0.645216,-0.537279
42.73,6.22179,6.8003,0.645121,-0.578509
42.735,6.47195,7.13877,0.645025,-0.666826
42.74,6.77893,7.48672,0.64493,-0.707793
42.745,7.04419,7.84316,0.644835,-0.79897
42.75,7.22681,8.20693,0.64474,-0.98012
42.755,7.39596,8.57671,0.644644,-1.18075
42.76,7.60837,8.95097,0.644549,-1.34261
42.765,7.79251,9.32799,0.644454,-1.53549
42.77,7.9684,9.70583,0.644359,-1.73743
42.775,8.13964,10.0823,0.644264,-1.94268
42.78,8.35391,10.4551,0.644169,-2.10116
42.785,8.57321,10.8215,0.644074,-2.24825
42.79,8.74412,11.1787,0.643979,-2.43454
42.795,8.88453,11.5236,0.643884,-2.63904
42.8,9.01072,11.853,0.643789,-2.84226
42.805,9.08997,12.1635,0.643694,-3.07353
42.81,9.16508,12.4516,0.643599,-3.28656
42.815,9.24257,12.7139,0.643504,-3.47137
42.82,9.27659,12.947,0.643409,-3.6704
42.825,9.36851,13.1476,0.643315,-3.77906
42.83,9.46322,13.3127,0.64322,-3.84952
42.835,9.54259,13.44,0.643125,-3.89737
42.84,9.61527,13.5272,0.64303,-3.91194
42.845,9.60164,13.5731,0.642936,-3.97144
42.85,9.5584,13.5768,0.642841,-4.01839
42.855,9.56187,13.5383,0.642746,-3.97642
42.86,9.51491,13.4582,0.642652,-3.9433
42.865,9.51643,13.3379,0.642557,-3.82144
42.87,9.46274,13.1792,0.642463,-3.71646
42.875,9.31504,12.9846,0.642368,-3.6696
42.88,9.15492,12.7571,0.642274,-3.60213
42.885,8.97713,12.4996,0.642179,-3.52252
42.89,8.82871,12.2158,0.642085,-3.38707
42.895,8.64226,11.9089,0.641991,-3.26668
42.9,8.50072,11.5826,0.641896,-3.08187
42.905,8.39215,11.2402,0.641802,-2.84801
42.91,8.2739,10.8849,0.641708,-2.61099
42.915,8.13554,10.5199,0.641613,-2.38435
42.92,8.02794,10.1481,0.641519,-2.12012
42.925,7.89687,9.77204,0.641425,-1.87517
42.93,7.72749,9.39428,0.641331,-1.66678
42.935,7.46707,9.01697,0.641237,-1.5499
42.94,7.20673,8.64209,0.641143,-1.43536
42.945,7.01173,8.2714,0.641048,-1.25968
42.95,6.79383,7.90647,0.640954,-1.11265
42.955,6.5924,7.54866,0.64086,-0.956258
42.96,6.36634,7.19915,0.640766,-0.832809
42.965,6.17289,6.85895,0.640672,-0.686058
42.97,5.95695,6.52894,0.640578,-0.571989
42.975,5.77511,6.20981,0.640485,-0.434699
42.98,5.61421,5.90216,0.640391,-0.28795
42.985,5.44142,5.60644,0.640297,-0.165013
42.99,5.31436,5.32297,0.640203,-0.00860372
42.995,5.14117,5.05198,0.640109,0.0891929
43,4.94522,4.79361,0.640015,0.15161
43.005,4.73117,4.54788,0.639922,0.183291
43.01,4.55758,4.31475,0.639828,0.242826
43.015,4.34724,4.0941,0.639734,0.253145
43.02,4.16931,3.88573,0.639641,0.283579
43.025,4.0355,3.68939,0.639547,0.346108
43.03,3.88762,3.50477,0.639453,0.382844
43.035,3.74312,3.33154,0.63936,0.411581
43.04,3.60271,3.16928,0.639266,0.433431
43.045,3.44139,3.0176,0.639173,0.423789
43.05,3.27016,2.87604,0.639079,0.394123
43.055,3.09692,2.74413,0.638986,0.352789
43.06,2.95273,2.62141,0.638893,0.331314
43.065,2.80722,2.50739,0.638799,0.29983
43.07,2.66614,2.40158,0.638706,0.264556
43.075,2.55991,2.30349,0.638612,0.256412
43.08,2.48396,2.21265,0.638519,0.271308
43.085,2.39658,2.12859,0.638426,0.267988
43.09,2.30349,2.05084,0.638333,0.252644
43.095,2.22112,1.97897,0.638239,0.242152
43.1,2.15345,1.91254,0.638146,0.240907
43.105,2.0778,1.85115,0.638053,0.226642
43.11,1.99564,1.79441,0.63796,0.201226
43.115,1.92609,1.74196,0.637867,0.184129
43.12,1.84424,1.69344,0.637774,0.150804
43.125,1.77909,1.64852,0.637681,0.130567
43.13,1.75864,1.60692,0.637588,0.151721
43.135,1.69248,1.56833,0.637495,0.12415
43.14,1.64752,1.53251,0.637402,0.115014
43.145,1.59948,1.4992,0.637309,0.100278
43.15,1.54077,1.46819,0.637216,0.0725737
43.155,1.52279,1.43928,0.637123,0.0835115
43.16,1.46944,1.41227,0.63703,0.057171
43.165,1.43386,1.38699,0.636937,0.0468708
43.17,1.40093,1.36329,0.636845,0.0376339
43.175,1.34906,1.34104,0.636752,0.00802472
43.18,1.32948,1.3201,0.636659,0.00938304
43.185,1.30063,1.30036,0.636566,0.000278265
43.19,1.29061,1.28171,0.636474,0.00889638
43.195,1.25252,1.26407,0.636381,-0.0115446
43.2,1.20783,1.24734,0.636288,-0.0395137
43.205,1.1768,1.23146,0.636196,-0.0546634
43.21,1.15249,1.21636,0.636103,-0.0638651
43.215,1.14319,1.20198,0.636011,-0.0587879
43.22,1.14779,1.18825,0.635918,-0.0404629
43.225,1.12768,1.17515,0.635826,-0.0474635
43.23,1.10623,1.16261,0.635733,-0.0563797
43.235,1.08323,1.15061,0.635641,-0.0673853
43.24,1.05897,1.13911,0.635549,-0.0801382
43.245,1.04929,1.12807,0.635456,-0.0787846
43.25,1.03495,1.11747,0.635364,-0.082528
43.255,1.02957,1.10729,0.635272,-0.0777191
43.26,1.02526,1.09749,0.635179,-0.0722323
43.265,1.01819,1.08807,0.635087,-0.06988
43.27,0.998255,1.07899,0.634995,-0.0807342
43.275,0.975753,1.07024,0.634903,-0.094492
43.28,0.968793,1.06182,0.634811,-0.0930246
43.285,0.987202,1.05369,0.634718,-0.0664904
43.29,0.985208,1.04586,0.634626,-0.0606485
43.295,0.981306,1.0383,0.634534,-0.0569911
43.3,0.982874,1.031,0.634442,-0.0481289
43.305,0.977726,1.02396,0.63435,-0.0462383
43.31,0.976702,1.01717,0.634258,-0.040469
43.315,0.961851,1.01061,0.634166,-0.0487628
43.32,0.952564,1.00429,0.634074,-0.0517215
43.325,0.962206,0.998177,0.633982,-0.0359705
43.33,0.957351,0.992281,0.633891,-0.0349297
43.335,0.938027,0.986591,0.633799,-0.0485645
43.34,0.931558,0.981101,0.633707,-0.0495435
43.345,0.934681,0.975805,0.633615,-0.0411244
43.35,0.937063,0.970698,0.633523,-0.0336352
43.355,0.941555,0.965773,0.633432,-0.0242181
43.36,0.928912,0.961027,0.63334,-0.032115
43.365,0.908427,0.956454,0.633248,-0.0480279
43.37,0.905921,0.952052,0.633157,-0.0461303
43.375,0.897482,0.947815,0.633065,-0.050333
43.38,0.892079,0.94374,0.632973,-0.0516602
43.385,0.900403,0.939823,0.632882,-0.03942
43.39,0.900587,0.936063,0.63279,-0.0354765
43.395,0.900285,0.932456,0.632699,-0.0321709
43.4,0.904103,0.928999,0.632607,-0.0248963
43.405,0.910423,0.925691,0.632516,-0.0152685
43.41,0.913047,0.92253,0.632424,-0.00948246
43.415,0.926072,0.919513,0.632333,0.00655872
43.42,0.911642,0.916641,0.632242,-0.00499904
43.425,0.893124,0.913911,0.63215,-0.0207869
43.43,0.875977,0.911324,0.632059,-0.0353464
43.435,0.875652,0.908879,0.631968,-0.0332269
43.44,0.886839,0.906577,0.631876,-0.0197379
43.445,0.90598,0.904418,0.631785,0.00156232
43.45,0.915756,0.902404,0.631694,0.0133522
43.455,0.933495,0.900537,0.631603,0.0329585
43.46,0.94921,0.89882,0.631512,0.0503908
43.465,0.966618,0.897256,0.631421,0.0693619
43.47,0.986337,0.895851,0.63133,0.0904866
43.475,0.996902,0.89461,0.631239,0.102292
43.48,0.985833,0.89354,0.631147,0.0922929
43.485,0.985505,0.892651,0.631056,0.0928537
43.49,0.975126,0.891954,0.630966,0.0831725
43.495,1.00822,0.89146,0.630875,0.116764
43.5,1.02772,0.891187,0.630784,0.136535
43.505,1.03763,0.891153,0.630693,0.146477
43.51,1.03311,0.891379,0.630602,0.141728
43.515,1.02745,0.891892,0.630511,0.135563
43.52,1.03126,0.892722,0.63042,0.13854
43.525,1.0434,0.893904,0.630329,0.149495
43.53,1.04113,0.895481,0.630239,0.145653
43.535,1.04023,0.8975,0.630148,0.142727
43.54,1.05013,0.900016,0.630057,0.150117
43.545,1.07493,0.903093,0.629967,0.171835
43.55,1.09945,0.906803,0.629876,0.192644
43.555,1.10748,0.911227,0.629785,0.196251
43.56,1.12232,0.916459,0.629695,0.205858
43.565,1.14351,0.922603,0.629604,0.220902
43.57,1.17154,0.929775,0.629514,0.241765
43.575,1.21977,0.938104,0.629423,0.281661
43.58,1.24784,0.947733,0.629333,0.300112
43.585,1.27984,0.958817,0.629242,0.321022
43.59,1.32007,0.971527,0.629152,0.348546
43.595,1.33268,0.986047,0.629062,0.346635
43.6,1.35585,1.00257,0.628971,0.353278
43.605,1.36644,1.02132,0.628881,0.345126
43.61,1.39883,1.0425,0.628791,0.356324
43.615,1.42111,1.06636,0.6287,0.354751
43.62,1.45203,1.09313,0.62861,0.358896
43.625,1.50221,1.12306,0.62852,0.379145
43.63,1.53225,1.15641,0.62843,0.375838
43.635,1.55689,1.19342,0.628339,0.363476
43.64,1.58498,1.23434,0.628249,0.350645
43.645,1.63717,1.27941,0.628159,0.357767
43.65,1.71243,1.32885,0.628069,0.38358
43.655,1.78853,1.38289,0.627979,0.405647
43.66,1.85433,1.44169,0.627889,0.412645
43.665,1.90247,1.50542,0.627799,0.397048
43.67,1.92311,1.57421,0.627709,0.348909
43.675,1.95915,1.64812,0.627619,0.311026
43.68,2.00022,1.72721,0.627529,0.27301
43.685,2.02892,1.81144,0.627439,0.217477
43.69,2.08773,1.90076,0.627349,0.186973
43.695,2.13353,1.99501,0.62726,0.13852
43.7,2.16704,2.094,0.62717,0.0730431
43.705,2.20459,2.19745,0.62708,0.00713655
43.71,2.24548,2.30501,0.62699,-0.0595234
43.715,2.32367,2.41625,0.626901,-0.0925769
43.72,2.39222,2.53065,0.626811,-0.138431
43.725,2.4598,2.64764,0.626721,-0.18784
43.73,2.50521,2.76653,0.626632,-0.261322
43.735,2.52166,2.88657,0.626542,-0.364916
43.74,2.54581,3.00692,0.626452,-0.461109
43.745,2.58111,3.12664,0.626363,-0.545536
43.75,2.61751,3.24475,0.626273,-0.627249
43.755,2.64142,3.36017,0.626184,-0.718746
43.76,2.66815,3.47174,0.626094,-0.80359
43.765,2.67488,3.57827,0.626005,-0.903388
43.77,2.69101,3.67851,0.625915,-0.987505
43.775,2.69737,3.7712,0.625826,-1.07382
43.78,2.71017,3.85506,0.625737,-1.14489
43.785,2.70522,3.92886,0.625647,-1.22364
43.79,2.70111,3.99145,0.625558,-1.29034
43.795,2.69199,4.04179,0.625469,-1.3498
43.8,2.67149,4.07899,0.625379,-1.4075
43.805,2.69181,4.10236,0.62529,-1.41056
43.81,2.68642,4.11147,0.625201,-1.42505
43.815,2.6898,4.10612,0.625112,-1.41633
43.82,2.69389,4.0864,0.625023,-1.39251
43.825,2.69614,4.05265,0.624934,-1.35651
43.83,2.67189,4.00546,0.624845,-1.33357
43.835,2.66084,3.94565,0.624755,-1.28481
43.84,2.62436,3.87419,0.624666,-1.24984
43.845,2.57193,3.79222,0.624577,-1.22029
43.85,2.52537,3.70092,0.624488,-1.17556
43.855,2.48133,3.60157,0.624399,-1.12024
43.86,2.46565,3.49542,0.624311,-1.02977
43.865,2.43627,3.38375,0.624222,-0.947478
43.87,2.39336,3.26776,0.624133,-0.874392
43.875,2.34334,3.14862,0.624044,-0.805277
43.88,2.30601,3.02745,0.623955,-0.721439
43.885,2.29055,2.90527,0.623866,-0.614716
43.89,2.25938,2.78303,0.623778,-0.523652
43.895,2.2208,2.66161,0.623689,-0.440811
43.9,2.18053,2.5418,0.6236,-0.361262
43.905,2.16255,2.4243,0.623511,-0.261746
43.91,2.13799,2.30974,0.623423,-0.171745
43.915,2.06703,2.19866,0.623334,-0.131629
43.92,2.0153,2.09151,0.623245,-0.0762149
43.925,1.97395,1.98869,0.623157,-0.0147387
43.93,1.94509,1.89049,0.623068,0.0546025
43.935,1.91758,1.79714,0.62298,0.12044
43.94,1.87243,1.70881,0.622891,0.163626
43.945,1.84124,1.62559,0.622803,0.215648
43.95,1.81561,1.54753,0.622714,0.268083
43.955,1.80188,1.4746,0.622626,0.327283
43.96,1.75365,1.40674,0.622538,0.34691
43.965,1.72346,1.34385,0.622449,0.379606
43.97,1.66979,1.28577,0.622361,0.384019
43.975,1.61304,1.23234,0.622273,0.380695
43.98,1.56394,1.18335,0.622184,0.38059
43.985,1.51768,1.13858,0.622096,0.379105
43.99,1.49969,1.09779,0.622008,0.401899
43.995,1.47854,1.06074,0.62192,0.4178
44,1.43477,1.02718,0.621832,0.407587
44.005,1.41377,0.996855,0.621743,0.416918
44.01,1.38973,0.969514,0.621655,0.420214
44.015,1.37276,0.944914,0.621567,0.427849
44.02,1.33905,0.922816,0.621479,0.416234
44.025,1.28922,0.902994,0.621391,0.386228
44.03,1.26235,0.885232,0.621303,0.37712
44.035,1.26987,0.869325,0.621215,0.400542
44.04,1.26662,0.855083,0.621127,0.411542
44.045,1.24472,0.84233,0.621039,0.402392
44.05,1.21663,0.830902,0.620951,0.385726
44.055,1.20639,0.820652,0.620863,0.38574
44.06,1.21459,0.811442,0.620776,0.403143
44.065,1.21708,0.803152,0.620688,0.413925
44.07,1.18993,0.795671,0.6206,0.394258
44.075,1.17419,0.788901,0.620512,0.385294
44.08,1.16249,0.782753,0.620424,0.379736
44.085,1.14747,0.777152,0.620337,0.370313
44.09,1.12074,0.772028,0.620249,0.348712
44.095,1.11386,0.767322,0.620161,0.346541
44.1,1.09954,0.762982,0.620074,0.336559
44.105,1.10755,0.758963,0.619986,0.348589
44.11,1.11249,0.755224,0.619899,0.357262
44.115,1.09845,0.751732,0.619811,0.346715
44.12,1.07831,0.748458,0.619723,0.329853
44.125,1.06243,0.745376,0.619636,0.317052
44.13,1.0626,0.742464,0.619548,0.320139
44.135,1.06936,0.739704,0.619461,0.329653
44.14,1.07149,0.737081,0.619374,0.334405
44.145,1.05497,0.734579,0.619286,0.320391
44.15,1.03175,0.732189,0.619199,0.299563
44.155,1.01596,0.729898,0.619112,0.28606
44.16,1.00167,0.727699,0.619024,0.273967
44.165,0.991937,0.725585,0.618937,0.266352
44.17,1.00566,0.723548,0.61885,0.282113
44.175,1.02333,0.721583,0.618762,0.301752
44.18,1.04543,0.719685,0.618675,0.325742
44.185,1.04572,0.71785,0.618588,0.327874
44.19,1.0405,0.716074,0.618501,0.324424
44.195,1.02022,0.714353,0.618414,0.305864
44.2,1.00609,0.712684,0.618327,0.293406
44.205,1.00348,0.711065,0.61824,0.292411
44.21,1.0234,0.709493,0.618152,0.313904
44.215,1.03435,0.707966,0.618065,0.326381
44.22,1.02542,0.706481,0.617978,0.318942
44.225,1.00323,0.705036,0.617892,0.298192
44.23,0.983418,0.703631,0.617805,0.279787
44.235,0.96836,0.702262,0.617718,0.266097
44.24,0.966862,0.700929,0.617631,0.265933
44.245,0.956386,0.69963,0.617544,0.256756
44.25,0.970643,0.698364,0.617457,0.272279
44.255,0.965577,0.697129,0.61737,0.268448
44.26,0.962076,0.695925,0.617283,0.266152
44.265,0.963016,0.694749,0.617197,0.268267
44.27,0.951146,0.693601,0.61711,0.257545
44.275,0.947954,0.69248,0.617023,0.255474
44.28,0.959423,0.691385,0.616937,0.268038
44.285,0.975498,0.690315,0.61685,0.285184
44.29,0.987004,0.689268,0.616763,0.297736
44.295,0.993778,0.688245,0.616677,0.305532
44.3,0.98902,0.687244,0.61659,0.301776
44.305,0.990969,0.686265,0.616504,0.304704
44.31,0.984889,0.685307,0.616417,0.299582
44.315,0.966035,0.684368,0.616331,0.281667
44.32,0.948581,0.683449,0.616244,0.265131
44.325,0.939923,0.682549,0.616158,0.257374
44.33,0.955816,0.681667,0.616071,0.274149
44.335,0.971702,0.680803,0.615985,0.290899
44.34,0.973905,0.679955,0.615898,0.29395
44.345,0.968991,0.679124,0.615812,0.289867
44.35,0.960705,0.678308,0.615726,0.282396
44.355,0.970984,0.677509,0.61564,0.293475
44.36,0.95839,0.676724,0.615553,0.281667
44.365,0.936596,0.675953,0.615467,0.260643
44.37,0.924989,0.675197,0.615381,0.249792
44.375,0.927729,0.674454,0.615295,0.253275
44.38,0.946851,0.673724,0.615209,0.273127
44.385,0.942052,0.673007,0.615122,0.269045
44.39,0.933468,0.672302,0.615036,0.261166
44.395,0.923174,0.67161,0.61495,0.251565
44.4,0.925387,0.670929,0.614864,0.254457
44.405,0.924601,0.67026,0.614778,0.254341
44.41,0.91159,0.669601,0.614692,0.241989
44.415,0.91909,0.668954,0.614606,0.250137
44.42,0.937737,0.668316,0.61452,0.26942
44.425,0.937706,0.667689,0.614434,0.270017
44.43,0.92444,0.667072,0.614348,0.257368
44.435,0.911642,0.666464,0.614263,0.245177
44.44,0.914313,0.665866,0.614177,0.248447
44.445,0.94087,0.665277,0.614091,0.275593
44.45,0.94071,0.664697,0.614005,0.276013
44.455,0.933096,0.664125,0.613919,0.268971
44.46,0.933647,0.663562,0.613834,0.270085
44.465,0.942332,0.663006,0.613748,0.279326
44.47,0.953626,0.662459,0.613662,0.291166
44.475,0.953364,0.66192,0.613577,0.291444
44.48,0.945782,0.661388,0.613491,0.284394
44.485,0.944853,0.660864,0.613405,0.283989
44.49,0.956489,0.660346,0.61332,0.296143
44.495,0.937227,0.659836,0.613234,0.277391
44.5,0.943678,0.659333,0.613149,0.284345
44.505,0.941732,0.658836,0.613063,0.282896
44.51,0.954764,0.658346,0.612978,0.296418
44.515,0.95907,0.657862,0.612892,0.301208
44.52,0.960309,0.657385,0.612807,0.302924
44.525,0.965612,0.656914,0.612721,0.308699
44.53,0.968968,0.656448,0.612636,0.31252
44.535,0.971564,0.655988,0.612551,0.315575
44.54,0.964703,0.655534,0.612465,0.309168
44.545,0.940574,0.655086,0.61238,0.285488
44.55,0.940574,0.654643,0.612295,0.285931
44.555,0.921157,0.654205,0.612209,0.266951
44.56,0.909485,0.653773,0.612124,0.255712
44.565,0.91122,0.653345,0.612039,0.257874
44.57,0.901994,0.652923,0.611954,0.249071
44.575,0.90483,0.652505,0.611869,0.252325
44.58,0.897469,0.652093,0.611784,0.245376
44.585,0.903175,0.651684,0.611699,0.251491
44.59,0.917064,0.651281,0.611613,0.265784
44.595,0.924429,0.650882,0.611528,0.273547
44.6,0.923826,0.650487,0.611443,0.273339
44.605,0.909317,0.650096,0.611358,0.259221
44.61,0.919882,0.64971,0.611273,0.270172
44.615,0.93194,0.649328,0.611189,0.282612
44.62,0.94856,0.64895,0.611104,0.299611
44.625,0.955402,0.648575,0.611019,0.306827
44.63,0.951378,0.648205,0.610934,0.303173
44.635,0.95253,0.647838,0.610849,0.304691
44.64,0.943241,0.647475,0.610764,0.295766
44.645,0.928086,0.647116,0.610679,0.28097
44.65,0.910167,0.646761,0.610595,0.263407
44.655,0.895653,0.646408,0.61051,0.249245
44.66,0.893619,0.64606,0.610425,0.24756
44.665,0.892402,0.645714,0.610341,0.246688
44.67,0.907442,0.645372,0.610256,0.26207
44.675,0.917205,0.645034,0.610171,0.272171
44.68,0.916688,0.644698,0.610087,0.27199
44.685,0.911432,0.644366,0.610002,0.267067
44.69,0.89419,0.644036,0.609918,0.250153
44.695,0.886691,0.64371,0.609833,0.242981
44.7,0.899704,0.643386,0.609749,0.256317
44.705,0.895029,0.643066,0.609664,0.251963
44.71,0.907344,0.642748,0.60958,0.264596
44.715,0.90702,0.642433,0.609495,0.264587
44.72,0.905586,0.642121,0.609411,0.263465
44.725,0.905294,0.641812,0.609326,0.263482
44.73,0.901264,0.641505,0.609242,0.259758
44.735,0.899496,0.641201,0.609158,0.258295
44.74,0.883069,0.6409,0.609073,0.242169
44.745,0.883313,0.640601,0.608989,0.242712
44.75,0.895403,0.640304,0.608905,0.255099
44.755,0.909844,0.64001,0.608821,0.269834
44.76,0.92642,0.639719,0.608736,0.286701
44.765,0.925859,0.63943,0.608652,0.286429
44.77,0.914643,0.639143,0.608568,0.275501
44.775,0.910018,0.638858,0.608484,0.27116
44.78,0.908187,0.638576,0.6084,0.269611
44.785,0.905655,0.638295,0.608316,0.26736
44.79,0.916668,0.638017,0.608232,0.278651
44.795,0.908509,0.637742,0.608148,0.270767
44.8,0.906884,0.637468,0.608064,0.269416
44.805,0.913308,0.637196,0.60798,0.276112
44.81,0.906622,0.636927,0.607896,0.269695
44.815,0.903619,0.636659,0.607812,0.26696
44.82,0.89358,0.636393,0.607728,0.257187
44.825,0.88424,0.63613,0.607644,0.248111
44.83,0.884106,0.635868,0.60756,0.248238
44.835,0.902078,0.635608,0.607477,0.26647
44.84,0.903485,0.63535,0.607393,0.268135
44.845,0.902412,0.635094,0.607309,0.267319
44.85,0.901382,0.63484,0.607225,0.266543
44.855,0.917023,0.634587,0.607142,0.282436
44.86,0.928643,0.634336,0.607058,0.294307
44.865,0.928058,0.634087,0.606974,0.293971
44.87,0.912813,0.63384,0.606891,0.278973
44.875,0.895061,0.633594,0.606807,0.261468
44.88,0.884595,0.63335,0.606723,0.251246
44.885,0.870196,0.633107,0.60664,0.237089
44.89,0.856241,0.632867,0.606556,0.223375
44.895,0.84272,0.632627,0.606473,0.210093
44.9,0.827511,0.63239,0.606389,0.195121
44.905,0.832559,0.632153,0.606306,0.200406
44.91,0.835127,0.631919,0.606222,0.203208
44.915,0.853754,0.631686,0.606139,0.222069
44.92,0.854317,0.631454,0.606055,0.222863
44.925,0.859794,0.631224,0.605972,0.22857
44.93,0.848837,0.630995,0.605889,0.217842
44.935,0.847106,0.630768,0.605805,0.216339
44.94,0.830928,0.630542,0.605722,0.200386
44.945,0.814406,0.630317,0.605639,0.184088
44.95,0.804888,0.630094,0.605556,0.174794
44.955,0.797772,0.629872,0.605472,0.1679
44.96,0.804358,0.629652,0.605389,0.174706
44.965,0.830417,0.629432,0.605306,0.200985
44.97,0.848077,0.629214,0.605223,0.218862
44.975,0.842975,0.628998,0.60514,0.213977
44.98,0.8229,0.628782,0.605057,0.194117
44.985,0.808359,0.628568,0.604974,0.17979
44.99,0.812686,0.628355,0.604891,0.184331
44.995,0.818882,0.628143,0.604808,0.190738
45,0.810805,0.627933,0.604725,0.182872
45.005,0.800353,0.627723,0.604642,0.172629
45.01,0.799536,0.627515,0.604559,0.17202
45.015,0.799856,0.627308,0.604476,0.172548
45.02,0.820594,0.627102,0.604393,0.193492
45.025,0.823667,0.626897,0.60431,0.19677
45.03,0.829577,0.626693,0.604227,0.202883
45.035,0.829418,0.626491,0.604144,0.202927
45.04,0.824719,0.626289,0.604062,0.19843
45.045,0.806091,0.626089,0.603979,0.180003
45.05,0.798668,0.625889,0.603896,0.172779
45.055,0.789153,0.625691,0.603813,0.163462
45.06,0.799244,0.625493,0.603731,0.173751
45.065,0.81149,0.625297,0.603648,0.186193
45.07,0.809713,0.625102,0.603565,0.184612
45.075,0.79956,0.624907,0.603483,0.174652
45.08,0.792898,0.624714,0.6034,0.168184
45.085,0.767179,0.624521,0.603318,0.142658
45.09,0.75695,0.62433,0.603235,0.13262
45.095,0.764878,0.624139,0.603152,0.140738
45.1,0.765473,0.62395,0.60307,0.141524
45.105,0.772438,0.623761,0.602988,0.148678
45.11,0.759601,0.623573,0.602905,0.136028
45.115,0.744281,0.623386,0.602823,0.120895
45.12,0.751942,0.6232,0.60274,0.128742
45.125,0.769318,0.623015,0.602658,0.146303
45.13,0.789956,0.622831,0.602576,0.167126
45.135,0.76867,0.622647,0.602493,0.146023
45.14,0.755143,0.622465,0.602411,0.132679
45.145,0.737053,0.622283,0.602329,0.114771
45.15,0.738898,0.622102,0.602246,0.116796
45.155,0.744391,0.621922,0.602164,0.12247
45.16,0.737632,0.621743,0.602082,0.11589
45.165,0.715014,0.621564,0.602,0.09345
45.17,0.714175,0.621386,0.601918,0.0927884
45.175,0.695584,0.621209,0.601836,0.0743749
45.18,0.696058,0.621033,0.601753,0.075025
45.185,0.688962,0.620858,0.601671,0.0681043
45.19,0.681519,0.620683,0.601589,0.0608356
45.195,0.676608,0.62051,0.601507,0.0560981
45.2,0.689611,0.620336,0.601425,0.0692748
45.205,0.708228,0.620164,0.601343,0.0880638
45.21,0.728687,0.619992,0.601261,0.108694
45.215,0.729726,0.619822,0.601179,0.109904
45.22,0.73091,0.619651,0.601097,0.111259
45.225,0.734649,0.619482,0.601016,0.115167
45.23,0.745306,0.619313,0.600934,0.125993
45.235,0.734524,0.619145,0.600852,0.115379
45.24,0.724701,0.618977,0.60077,0.105723
45.245,0.73307,0.618811,0.600688,0.114259
45.25,0.749678,0.618645,0.600607,0.131033
45.255,0.742387,0.618479,0.600525,0.123908
45.26,0.738532,0.618314,0.600443,0.120218
45.265,0.72225,0.61815,0.600361,0.1041
45.27,0.7119,0.617987,0.60028,0.0939136
45.275,0.689727,0.617824,0.600198,0.071903
45.28,0.674316,0.617662,0.600116,0.0566544
45.285,0.675969,0.6175,0.600035,0.0584685
45.29,0.686313,0.617339,0.599953,0.0689735
45.295,0.700328,0.617179,0.599872,0.0831496
45.3,0.702814,0.617019,0.59979,0.0857948
45.305,0.701836,0.61686,0.599709,0.0849759
45.31,0.69316,0.616701,0.599627,0.0764583
45.315,0.6769,0.616543,0.599546,0.0603572
45.32,0.685012,0.616386,0.599464,0.0686265
45.325,0.671369,0.616229,0.599383,0.0551402
45.33,0.670784,0.616073,0.599302,0.0547116
45.335,0.670251,0.615917,0.59922,0.0543342
45.34,0.671028,0.615762,0.599139,0.0552664
45.345,0.674041,0.615607,0.599058,0.0584337
45.35,0.656765,0.615453,0.598976,0.041312
45.355,0.649616,0.6153,0.598895,0.0343157
45.36,0.672145,0.615147,0.598814,0.0569979
45.365,0.696843,0.614994,0.598733,0.0818489
45.37,0.694191,0.614843,0.598652,0.0793481
45.375,0.688146,0.614691,0.59857,0.0734548
45.38,0.685458,0.61454,0.598489,0.0709175
45.385,0.693342,0.61439,0.598408,0.0789518
45.39,0.701394,0.61424,0.598327,0.0871543
45.395,0.698313,0.614091,0.598246,0.0842221
45.4,0.699269,0.613942,0.598165,0.0853269
45.405,0.707845,0.613793,0.598084,0.0940511
45.41,0.714681,0.613646,0.598003,0.101036
45.415,0.686972,0.613498,0.597922,0.073474
45.42,0.683413,0.613351,0.597841,0.0700614
45.425,0.670107,0.613205,0.59776,0.0569016
45.43,0.681985,0.613059,0.597679,0.0689261
45.435,0.691927,0.612913,0.597598,0.0790138
45.44,0.663429,0.612769,0.597518,0.0506604
45.445,0.650973,0.612624,0.597437,0.038349
45.45,0.650081,0.61248,0.597356,0.0376008
45.455,0.669796,0.612336,0.597275,0.0574602
45.46,0.686408,0.612193,0.597194,0.074215
45.465,0.683742,0.61205,0.597114,0.0716921
45.47,0.67479,0.611908,0.597033,0.0628818
45.475,0.673459,0.611766,0.596952,0.0616926
45.48,0.650875,0.611625,0.596872,0.03925
45.485,0.649889,0.611483,0.596791,0.0384059
45.49,0.650167,0.611343,0.596711,0.0388239
45.495,0.663322,0.611203,0.59663,0.0521195
45.5,0.655615,0.611063,0.596549,0.0445523
45.505,0.660513,0.610924,0.596469,0.0495898
45.51,0.655671,0.610785,0.596388,0.0448866
45.515,0.656796,0.610646,0.596308,0.0461497
45.52,0.656916,0.610508,0.596227,0.046408
45.525,0.642392,0.61037,0.596147,0.032022
45.53,0.644193,0.610233,0.596067,0.0339599
45.535,0.633458,0.610096,0.595986,0.0233623
45.54,0.623098,0.609959,0.595906,0.013139
45.545,0.634136,0.609823,0.595825,0.0243124
45.55,0.640018,0.609687,0.595745,0.0303305
45.555,0.651979,0.609552,0.595665,0.0424271
45.56,0.657702,0.609417,0.595585,0.0482848
45.565,0.646799,0.609282,0.595504,0.0375163
45.57,0.641347,0.609148,0.595424,0.032199
45.575,0.647933,0.609014,0.595344,0.0389195
45.58,0.645849,0.60888,0.595264,0.0369681
45.585,0.649716,0.608747,0.595184,0.040969
45.59,0.647286,0.608614,0.595103,0.038672
45.595,0.640415,0.608482,0.595023,0.0319329
45.6,0.641815,0.60835,0.594943,0.0334657
45.605,0.644216,0.608218,0.594863,0.0359977
45.61,0.646807,0.608086,0.594783,0.0387204
45.615,0.657311,0.607955,0.594703,0.0493552
45.62,0.672269,0.607825,0.594623,0.0644447
45.625,0.660948,0.607694,0.594543,0.0532542
45.63,0.655751,0.607564,0.594463,0.0481873
45.635,0.638648,0.607434,0.594383,0.0312139
45.64,0.636194,0.607305,0.594304,0.0288891
45.645,0.622689,0.607176,0.594224,0.0155132
45.65,0.62468,0.607047,0.594144,0.0176326
45.655,0.627433,0.606919,0.594064,0.0205148
45.66,0.640728,0.606791,0.593984,0.0339371
45.665,0.646122,0.606663,0.593904,0.0394592
45.67,0.640746,0.606535,0.593825,0.0342105
45.675,0.632549,0.606408,0.593745,0.0261408
45.68,0.623063,0.606281,0.593665,0.0167815
45.685,0.628971,0.606155,0.593586,0.0228165
45.69,0.644328,0.606028,0.593506,0.0382995
45.695,0.650627,0.605902,0.593426,0.0447246
45.7,0.648828,0.605777,0.593347,0.0430514
45.705,0.634728,0.605651,0.593267,0.0290765
45.71,0.618445,0.605526,0.593188,0.0129182
45.715,0.619685,0.605402,0.593108,0.0142835
45.72,0.618421,0.605277,0.593028,0.0131443
45.725,0.623465,0.605153,0.592949,0.018312
45.73,0.628651,0.605029,0.59287,0.0236224
45.735,0.612571,0.604905,0.59279,0.00766559
45.74,0.595337,0.604782,0.592711,-0.0094456
45.745,0.586766,0.604659,0.592631,-0.0178934
45.75,0.575779,0.604536,0.592552,-0.0287577
45.755,0.583834,0.604414,0.592473,-0.0205799
45.76,0.591862,0.604292,0.592393,-0.0124294
45.765,0.59274,0.60417,0.592314,-0.0114301
45.77,0.57931,0.604048,0.592235,-0.0247377
45.775,0.5787,0.603927,0.592155,-0.0252267
45.78,0.584894,0.603806,0.592076,-0.0189118
45.785,0.610632,0.603685,0.591997,0.00694727
45.79,0.615865,0.603564,0.591918,0.0123005
45.795,0.607838,0.603444,0.591839,0.00439444
45.8,0.598503,0.603324,0.591759,-0.00482047
45.805,0.591381,0.603204,0.59168,-0.0118229
45.81,0.599761,0.603084,0.591601,-0.00332301
45.815,0.598342,0.602965,0.591522,-0.00462344
45.82,0.60039,0.602846,0.591443,-0.00245567
45.825,0.609698,0.602727,0.591364,0.00697115
45.83,0.605701,0.602609,0.591285,0.00309282
45.835,0.600985,0.60249,0.591206,-0.00150571
45.84,0.594111,0.602372,0.591127,-0.0082612
45.845,0.577552,0.602254,0.591048,-0.0247021
45.85,0.573875,0.602137,0.590969,-0.0282622
45.855,0.5783,0.60202,0.59089,-0.0237192
45.86,0.587657,0.601902,0.590812,-0.0142453
45.865,0.599797,0.601786,0.590733,-0.00198818
45.87,0.605421,0.601669,0.590654,0.00375235
45.875,0.614855,0.601553,0.590575,0.0133029
45.88,0.613996,0.601436,0.590496,0.0125593
45.885,0.610457,0.60132,0.590418,0.00913702
45.89,0.586865,0.601205,0.590339,-0.0143393
45.895,0.581457,0.601089,0.59026,-0.0196321
45.9,0.599545,0.600974,0.590182,-0.00142948
45.905,0.612001,0.600859,0.590103,0.0111416
45.91,0.609599,0.600744,0.590024,0.00885479
45.915,0.594629,0.60063,0.589946,-0.00600082
45.92,0.590462,0.600515,0.589867,-0.0100535
45.925,0.593347,0.600401,0.589789,-0.00705376
45.93,0.58668,0.600287,0.58971,-0.0136077
45.935,0.581205,0.600174,0.589631,-0.0189684
45.94,0.582196,0.60006,0.589553,-0.0178641
45.945,0.600273,0.599947,0.589474,0.000325743
45.95,0.619178,0.599834,0.589396,0.0193437
45.955,0.623251,0.599721,0.589318,0.0235301
45.96,0.628293,0.599608,0.589239,0.0286846
45.965,0.622746,0.599496,0.589161,0.0232502
45.97,0.617308,0.599384,0.589082,0.0179243
45.975,0.610423,0.599272,0.589004,0.011151
45.98,0.617396,0.59916,0.588926,0.0182362
45.985,0.642205,0.599048,0.588848,0.0431569
45.99,0.657171,0.598937,0.588769,0.0582339
45.995,0.654056,0.598826,0.588691,0.0552304
46,0.643012,0.598715,0.588613,0.0442972
46.005,0.630443,0.598604,0.588535,0.0318392
46.01,0.617886,0.598493,0.588456,0.0193934
46.015,0.593492,0.598383,0.588378,-0.00489075
46.02,0.585427,0.598272,0.5883,-0.012845
46.025,0.580533,0.598162,0.588222,-0.017629
46.03,0.585247,0.598053,0.588144,-0.0128052
46.035,0.576445,0.597943,0.588066,-0.0214978
46.04,0.569386,0.597833,0.587988,-0.0284472
46.045,0.579515,0.597724,0.58791,-0.0182088
46.05,0.594564,0.597615,0.587832,-0.00305122
46.055,0.600322,0.597506,0.587754,0.00281551
46.06,0.601099,0.597397,0.587676,0.00370125
46.065,0.59887,0.597289,0.587598,0.00158084
46.07,0.6049,0.59718,0.58752,0.00771925
46.075,0.612389,0.597072,0.587442,0.0153169
46.08,0.616122,0.596964,0.587364,0.0191573
46.085,0.602651,0.596856,0.587287,0.00579491
46.09,0.587512,0.596749,0.587209,-0.00923668
46.095,0.577102,0.596641,0.587131,-0.0195395
46.1,0.581827,0.596534,0.587053,-0.0147075
46.105,0.578202,0.596427,0.586976,-0.0182253
46.11,0.567499,0.59632,0.586898,-0.0288211
46.115,0.571205,0.596213,0.58682,-0.025008
46.12,0.575296,0.596107,0.586743,-0.0208106
46.125,0.577068,0.596,0.586665,-0.0189318
46.13,0.566801,0.595894,0.586587,-0.0290929
46.135,0.581966,0.595788,0.58651,-0.013822
46.14,0.608831,0.595682,0.586432,0.013149
46.145,0.641752,0.595576,0.586354,0.0461761
46.15,0.645723,0.595471,0.586277,0.0502529
46.155,0.6251,0.595365,0.586199,0.0297353
46.16,0.593923,0.59526,0.586122,-0.00133727
46.165,0.58023,0.595155,0.586044,-0.0149253
46.17,0.577552,0.59505,0.585967,-0.0174979
46.175,0.585822,0.594945,0.58589,-0.00912306
46.18,0.584989,0.59484,0.585812,-0.00985114
46.185,0.574246,0.594736,0.585735,-0.0204898
46.19,0.573088,0.594632,0.585658,-0.0215438
46.195,0.581597,0.594527,0.58558,-0.0129309
46.2,0.579604,0.594424,0.585503,-0.0148195
46.205,0.585445,0.59432,0.585426,-0.00887484
46.21,0.586156,0.594216,0.585348,-0.00805999
46.215,0.587462,0.594112,0.585271,-0.0066501
46.22,0.588847,0.594009,0.585194,-0.00516201
46.225,0.590814,0.593906,0.585117,-0.00309203
46.23,0.588043,0.593803,0.585039,-0.00575953
46.235,0.585495,0.5937,0.584962,-0.00820461
46.24,0.584272,0.593597,0.584885,-0.00932523
46.245,0.593048,0.593494,0.584808,-0.000446751
46.25,0.607538,0.593392,0.584731,0.0141461
46.255,0.610293,0.59329,0.584654,0.017003
46.26,0.595978,0.593187,0.584577,0.00279074
46.265,0.595775,0.593085,0.5845,0.00268945
46.27,0.598159,0.592984,0.584423,0.00517591
46.275,0.591545,0.592882,0.584346,-0.00133683
46.28,0.585863,0.59278,0.584269,-0.00691671
46.285,0.573727,0.592679,0.584192,-0.018952
46.29,0.58622,0.592577,0.584115,-0.00635697
46.295,0.603376,0.592476,0.584038,0.0108995
46.3,0.608515,0.592375,0.583961,0.0161395
46.305,0.60787,0.592274,0.583885,0.0155958
46.31,0.609591,0.592173,0.583808,0.0174172
46.315,0.597421,0.592073,0.583731,0.00534774
46.32,0.603386,0.591972,0.583654,0.0114137
46.325,0.591803,0.591872,0.583577,-6.88731e-05
46.33,0.589648,0.591772,0.583501,-0.00212381
46.335,0.575178,0.591672,0.583424,-0.0164933
46.34,0.583623,0.591572,0.583347,-0.00794916
46.345,0.597844,0.591472,0.583271,0.00637234
46.35,0.608346,0.591372,0.583194,0.0169742
46.355,0.605349,0.591273,0.583117,0.0140763
46.36,0.597146,0.591173,0.583041,0.00597229
46.365,0.588832,0.591074,0.582964,-0.00224219
46.37,0.584858,0.590975,0.582888,-0.00611723
46.375,0.57099,0.590876,0.582811,-0.0198853
46.38,0.574187,0.590777,0.582735,-0.0165899
46.385,0.570033,0.590678,0.582658,-0.0206451
46.39,0.574972,0.59058,0.582582,-0.0156072
46.395,0.577703,0.590481,0.582505,-0.0127776
46.4,0.567562,0.590383,0.582429,-0.0228207
46.405,0.565917,0.590284,0.582352,-0.0243673
46.41,0.551746,0.590186,0.582276,-0.0384403
46.415,0.562531,0.590088,0.5822,-0.0275575
46.42,0.571166,0.58999,0.582123,-0.018824
46.425,0.580308,0.589892,0.582047,-0.00958446
46.43,0.5828,0.589795,0.581971,-0.00699456
46.435,0.592189,0.589697,0.581895,0.00249191
46.44,0.595408,0.5896,0.581818,0.00580807
46.445,0.602324,0.589503,0.581742,0.0128212
46.45,0.596994,0.589405,0.581666,0.00758823
46.455,0.601249,0.589308,0.58159,0.0119405
46.46,0.600612,0.589211,0.581514,0.0114002
46.465,0.601919,0.589115,0.581437,0.0128042
46.47,0.592719,0.589018,0.581361,0.0037014
46.475,0.598224,0.588921,0.581285,0.00930216
46.48,0.585836,0.588825,0.581209,-0.00298899
46.485,0.566549,0.588729,0.581133,-0.0221797
46.49,0.553586,0.588632,0.581057,-0.0350465
46.495,0.544585,0.588536,0.580981,-0.0439508
46.5,0.552737,0.58844,0.580905,-0.0357031
46.505,0.560964,0.588344,0.580829,-0.0273801
46.51,0.578237,0.588249,0.580753,-0.0100114
46.515,0.579959,0.588153,0.580677,-0.00819437
46.52,0.566127,0.588057,0.580601,-0.0219303
46.525,0.564,0.587962,0.580526,-0.0239616
46.53,0.572664,0.587867,0.58045,-0.0152025
46.535,0.597705,0.587771,0.580374,0.00993311
46.54,0.603436,0.587676,0.580298,0.0157594
46.545,0.608914,0.587581,0.580222,0.0213325
46.55,0.608174,0.587486,0.580147,0.0206875
46.555,0.604427,0.587392,0.580071,0.0170351
46.56,0.591305,0.587297,0.579995,0.0040082
46.565,0.581325,0.587202,0.579919,-0.00587784
46.57,0.585522,0.587108,0.579844,-0.001586
46.575,0.590127,0.587014,0.579768,0.0031133
46.58,0.596368,0.586919,0.579693,0.00944815
46.585,0.58805,0.586825,0.579617,0.00122457
46.59,0.602976,0.586731,0.579541,0.0162448
46.595,0.60338,0.586637,0.579466,0.0167426
46.6,0.610317,0.586544,0.57939,0.023773
46.605,0.597535,0.58645,0.579315,0.0110849
46.61,0.589911,0.586356,0.579239,0.00355487
46.615,0.58938,0.586263,0.579164,0.00311717
46.62,0.586658,0.586169,0.579088,0.000488677
46.625,0.583623,0.586076,0.579013,-0.00245332
46.63,0.581862,0.585983,0.578937,-0.00412084
46.635,0.584769,0.58589,0.578862,-0.00112077
46.64,0.588852,0.585797,0.578787,0.00305561
46.645,0.586241,0.585704,0.578711,0.000537035
46.65,0.579675,0.585611,0.578636,-0.00593628
46.655,0.57496,0.585518,0.578561,-0.0105578
46.66,0.572842,0.585426,0.578485,-0.0125835
46.665,0.57546,0.585333,0.57841,-0.00987269
46.67,0.586425,0.585241,0.578335,0.00118373
46.675,0.596485,0.585148,0.57826,0.0113369
46.68,0.603328,0.585056,0.578185,0.0182716
46.685,0.598092,0.584964,0.578109,0.0131283
46.69,0.596794,0.584872,0.578034,0.0119221
46.695,0.598638,0.58478,0.577959,0.0138583
46.7,0.600181,0.584688,0.577884,0.015493
46.705,0.597282,0.584597,0.577809,0.0126853
46.71,0.587028,0.58451,0.577734,0.0025187
46.715,0.593082,0.584418,0.577659,0.00866405
46.72,0.60127,0.584327,0.577584,0.0169438
46.725,0.622152,0.584235,0.577509,0.0379164
46.73,0.628883,0.584144,0.577434,0.0447393
46.735,0.614624,0.584053,0.577359,0.0305714
46.74,0.592706,0.583962,0.577284,0.00874439
46.745,0.580651,0.583871,0.577209,-0.00321982
46.75,0.576701,0.58378,0.577134,-0.00707888
46.755,0.600707,0.583689,0.577059,0.0170179
46.76,0.608072,0.583598,0.576984,0.0244737
46.765,0.613203,0.583508,0.57691,0.029695
46.77,0.611334,0.583417,0.576835,0.0279168
46.775,0.602448,0.583327,0.57676,0.0191215
46.78,0.597717,0.583236,0.576685,0.0144802
46.785,0.574924,0.583146,0.57661,-0.00822176
46.79,0.557995,0.583056,0.576536,-0.0250613
46.795,0.547624,0.582966,0.576461,-0.035342
46.8,0.563925,0.582876,0.576386,-0.0189514
46.805,0.584728,0.582786,0.576312,0.00194222
46.81,0.59446,0.582696,0.576237,0.0117637
46.815,0.593476,0.582607,0.576162,0.0108698
46.82,0.594068,0.582517,0.576088,0.0115511
46.825,0.596735,0.582427,0.576013,0.0143081
46.83,0.599999,0.582338,0.575939,0.0176607
46.835,0.593891,0.582248,0.575864,0.011642
46.84,0.587814,0.582159,0.57579,0.00565446
46.845,0.592775,0.58207,0.575715,0.0107049
46.85,0.595549,0.581981,0.575641,0.0135684
46.855,0.594253,0.581892,0.575566,0.0123609
46.86,0.592264,0.581803,0.575492,0.0104613
46.865,0.590884,0.581714,0.575418,0.00917007
46.87,0.594474,0.581625,0.575343,0.0128485
46.875,0.595692,0.581536,0.575269,0.0141555
46.88,0.59695,0.581448,0.575194,0.0155022
46.885,0.599918,0.581359,0.57512,0.0185588
46.89,0.602193,0.581271,0.575046,0.0209226
46.895,0.595085,0.581182,0.574972,0.0139025
46.9,0.587399,0.581094,0.574897,0.00630439
46.905,0.581124,0.581006,0.574823,0.000118142
46.91,0.575048,0.580918,0.574749,-0.0058701
46.915,0.572675,0.58083,0.574675,-0.00815434
46.92,0.594747,0.580742,0.574601,0.0140052
46.925,0.610992,0.580654,0.574526,0.0303385
46.93,0.61426,0.580566,0.574452,0.0336939
46.935,0.619437,0.580478,0.574378,0.0389586
46.94,0.606566,0.580391,0.574304,0.0261758
46.945,0.596979,0.580303,0.57423,0.016676
46.95,0.591379,0.580216,0.574156,0.0111639
46.955,0.586138,0.580128,0.574082,0.00601026
46.96,0.596818,0.580041,0.574008,0.0167777
46.965,0.611065,0.579954,0.573934,0.0311111
46.97,0.611326,0.579866,0.57386,0.0314601
46.975,0.612589,0.579779,0.573786,0.0328093
46.98,0.617117,0.579692,0.573712,0.0374249
46.985,0.625739,0.579605,0.573638,0.0461337
46.99,0.62764,0.579518,0.573564,0.0481211
46.995,0.642252,0.579432,0.573491,0.0628206
47,0.640621,0.579345,0.573417,0.0612763
47.005,0.644002,0.579258,0.573343,0.0647438
47.01,0.62805,0.579172,0.573269,0.048878
47.015,0.610115,0.579085,0.573195,0.0310301
47.02,0.598288,0.578999,0.573122,0.0192892
47.025,0.600082,0.578912,0.573048,0.0211696
47.03,0.605051,0.578826,0.572974,0.0262249
47.035,0.605096,0.57874,0.5729,0.0263558
47.04,0.613029,0.578654,0.572827,0.0343751
47.045,0.613725,0.578568,0.572753,0.0351573
47.05,0.614792,0.578482,0.57268,0.0363099
47.055,0.604994,0.578396,0.572606,0.0265978
47.06,0.601078,0.57831,0.572532,0.0227679
47.065,0.599923,0.578224,0.572459,0.0216991
47.07,0.602526,0.578138,0.572385,0.0243877
47.075,0.58771,0.578053,0.572312,0.00965699
47.08,0.575775,0.577967,0.572238,-0.00219265
47.085,0.585992,0.577882,0.572165,0.00811043
47.09,0.596747,0.577796,0.572091,0.0189504
47.095,0.599366,0.577711,0.572018,0.0216552
47.1,0.581878,0.577626,0.571944,0.00425183
47.105,0.568379,0.577541,0.571871,-0.00916129
47.11,0.582659,0.577456,0.571798,0.00520377
47.115,0.605311,0.577371,0.571724,0.0279409
47.12,0.612687,0.577286,0.571651,0.0354015
47.125,0.592539,0.577201,0.571578,0.0153381
47.13,0.577313,0.577116,0.571504,0.000197241
47.135,0.56475,0.577031,0.571431,-0.0122807
47.14,0.578461,0.576946,0.571358,0.00151505
47.145,0.588277,0.576862,0.571285,0.0114156
47.15,0.591293,0.576777,0.571211,0.014516
47.155,0.588303,0.576693,0.571138,0.0116107
47.16,0.573296,0.576608,0.571065,-0.00331221
47.165,0.578417,0.576524,0.570992,0.00189319
47.17,0.582723,0.57644,0.570919,0.00628293
47.175,0.591285,0.576355,0.570846,0.0149294
47.18,0.595035,0.576271,0.570773,0.0187636
47.185,0.591443,0.576187,0.5707,0.0152555
47.19,0.5938,0.576103,0.570627,0.0176966
47.195,0.60209,0.576019,0.570554,0.0260704
47.2,0.603862,0.575935,0.570481,0.0279268
47.205,0.613472,0.575851,0.570408,0.0376203
47.21,0.61457,0.575768,0.570335,0.0388022
47.215,0.59845,0.575684,0.570262,0.0227664
47.22,0.593105,0.5756,0.570189,0.0175043
47.225,0.59718,0.575517,0.570116,0.0216629
47.23,0.594271,0.575433,0.570043,0.0188375
47.235,0.590865,0.57535,0.56997,0.015515
47.24,0.590212,0.575267,0.569897,0.0149456
47.245,0.595462,0.575183,0.569824,0.0202784
47.25,0.602662,0.5751,0.569752,0.0275614
47.255,0.597534,0.575017,0.569679,0.0225167
47.26,0.582323,0.574934,0.569606,0.00738933
47.265,0.570304,0.574851,0.569533,-0.00454732
47.27,0.566672,0.574768,0.569461,-0.00809626
47.275,0.550636,0.574685,0.569388,-0.0240493
47.28,0.545874,0.574602,0.569315,-0.0287286
47.285,0.565796,0.574519,0.569243,-0.00872335
47.29,0.570914,0.574437,0.56917,-0.00352228
47.295,0.591548,0.574354,0.569097,0.0171941
47.3,0.603625,0.574271,0.569025,0.0293535
47.305,0.602262,0.574189,0.568952,0.0280733
47.31,0.603848,0.574106,0.56888,0.0297419
47.315,0.6115,0.574024,0.568807,0.0374757
47.32,0.620747,0.573942,0.568735,0.0468054
47.325,0.615109,0.573859,0.568662,0.0412492
47.33,0.60552,0.573777,0.56859,0.0317427
47.335,0.571538,0.573695,0.568517,-0.00215716
47.34,0.560169,0.573613,0.568445,-0.0134436
47.345,0.551468,0.573531,0.568372,-0.0220631
47.35,0.551248,0.573449,0.5683,-0.0222013
47.355,0.550502,0.573367,0.568228,-0.0228649
47.36,0.548454,0.573285,0.568155,-0.0248314
47.365,0.554509,0.573204,0.568083,-0.018695
47.37,0.572528,0.573122,0.568011,-0.000594096
47.375,0.576177,0.57304,0.567938,0.00313714
47.38,0.576343,0.572959,0.567866,0.00338449
47.385,0.585665,0.572877,0.567794,0.0127881
47.39,0.601604,0.572796,0.567722,0.0288084
47.395,0.608724,0.572714,0.567649,0.0360102
47.4,0.601629,0.572633,0.567577,0.0289958
47.405,0.593344,0.572552,0.567505,0.0207928
47.41,0.605448,0.57247,0.567433,0.0329778
47.415,0.606557,0.572389,0.567361,0.0341673
47.42,0.60174,0.572308,0.567289,0.0294314
47.425,0.580914,0.572227,0.567217,0.00868705
47.43,0.570798,0.572146,0.567145,-0.00134759
47.435,0.577833,0.572065,0.567073,0.00576803
47.44,0.57906,0.571984,0.567001,0.00707571
47.445,0.593875,0.571903,0.566929,0.0219719
47.45,0.598781,0.571823,0.566857,0.0269588
47.455,0.589128,0.571742,0.566785,0.0173858
47.46,0.587193,0.571661,0.566713,0.0155321
47.465,0.57327,0.571581,0.566641,0.00168937
47.47,0.575026,0.5715,0.566569,0.00352618
47.475,0.584414,0.57142,0.566497,0.0129938
47.48,0.581081,0.571339,0.566425,0.00974205
47.485,0.584201,0.571259,0.566353,0.0129419
47.49,0.58247,0.571179,0.566281,0.011291
47.495,0.592524,0.571098,0.56621,0.0214253
47.5,0.604188,0.571018,0.566138,0.0331694
47.505,0.60659,0.570938,0.566066,0.0356518
47.51,0.595928,0.570858,0.565994,0.0250694
47.515,0.593532,0.570778,0.565923,0.0227542
47.52,0.605688,0.570698,0.565851,0.0349898
47.525,0.606767,0.570618,0.565779,0.0361491
47.53,0.605644,0.570538,0.565708,0.0351053
47.535,0.594081,0.570459,0.565636,0.0236225
47.54,0.594586,0.570379,0.565564,0.0242068
47.545,0.595264,0.570299,0.565493,0.0249644
47.55,0.592289,0.57022,0.565421,0.0220688
47.555,0.582312,0.57014,0.56535,0.0121716
47.56,0.573377,0.570061,0.565278,0.0033161
47.565,0.57255,0.569981,0.565207,0.00256915
47.57,0.574901,0.569902,0.565135,0.00499947
47.575,0.590119,0.569823,0.565064,0.0202966
47.58,0.60131,0.569743,0.564992,0.0315662
47.585,0.605588,0.569664,0.564921,0.0359234
47.59,0.609081,0.569585,0.564849,0.0394959
47.595,0.613088,0.569506,0.564778,0.0435826
47.6,0.597255,0.569427,0.564706,0.0278284
47.605,0.605796,0.569348,0.564635,0.0364478
47.61,0.612128,0.569269,0.564564,0.0428588
47.615,0.63987,0.56919,0.564492,0.0706799
47.62,0.643174,0.569111,0.564421,0.074063
47.625,0.62332,0.569032,0.56435,0.0542877
47.63,0.600374,0.568954,0.564279,0.0314202
47.635,0.591797,0.568875,0.564207,0.0229218
47.64,0.598436,0.568796,0.564136,0.02964
47.645,0.591544,0.568718,0.564065,0.0228263
47.65,0.587195,0.568639,0.563994,0.0185553
47.655,0.570426,0.568561,0.563923,0.00186521
47.66,0.573862,0.568483,0.563851,0.00537974
47.665,0.58303,0.568404,0.56378,0.0146259
47.67,0.594968,0.568326,0.563709,0.0266422
47.675,0.593053,0.568248,0.563638,0.0248052
47.68,0.605943,0.56817,0.563567,0.037773
47.685,0.611494,0.568091,0.563496,0.0434028
47.69,0.606231,0.568013,0.563425,0.0382178
47.695,0.610058,0.567935,0.563354,0.0421228
47.7,0.592497,0.567857,0.563283,0.0246392
47.705,0.593873,0.567779,0.563212,0.0260934
47.71,0.590191,0.567702,0.563141,0.0224893
47.715,0.595985,0.567624,0.56307,0.0283608
47.72,0.595092,0.567546,0.562999,0.0275463
47.725,0.591102,0.567468,0.562928,0.0236337
47.73,0.586798,0.567391,0.562857,0.0194077
47.735,0.587603,0.567313,0.562787,0.0202899
47.74,0.593022,0.567236,0.562716,0.025786
47.745,0.596079,0.567158,0.562645,0.0289204
47.75,0.590591,0.567081,0.562574,0.02351
47.755,0.588935,0.567003,0.562503,0.021932
47.76,0.590701,0.566926,0.562433,0.0237754
47.765,0.604491,0.566849,0.562362,0.0376423
47.77,0.616993,0.566772,0.562291,0.050221
47.775,0.618116,0.566694,0.56222,0.0514219
47.78,0.620023,0.566617,0.56215,0.0534057
47.785,0.595755,0.56654,0.562079,0.0292149
47.79,0.588878,0.566463,0.562009,0.0224149
47.795,0.583149,0.566386,0.561938,0.0167629
47.8,0.587176,0.566309,0.561867,0.0208668
47.805,0.597803,0.566233,0.561797,0.03157
47.81,0.6121,0.566156,0.561726,0.0459439
47.815,0.620368,0.566079,0.561656,0.0542887
47.82,0.619192,0.566002,0.561585,0.0531899
47.825,0.607097,0.565926,0.561515,0.0411708
47.83,0.582151,0.565849,0.561444,0.0163014
47.835,0.586127,0.565773,0.561374,0.0203546
47.84,0.581213,0.565696,0.561303,0.0155167
47.845,0.584757,0.56562,0.561233,0.019137
47.85,0.587804,0.565543,0.561162,0.022261
47.855,0.576196,0.565467,0.561092,0.0107289
47.86,0.573988,0.565391,0.561022,0.00859746
47.865,0.577104,0.565315,0.560951,0.0117893
47.87,0.561933,0.565238,0.560881,-0.00330512
47.875,0.580363,0.565162,0.560811,0.0152007
47.88,0.563343,0.565086,0.56074,-0.00174329
47.885,0.569663,0.56501,0.56067,0.0046524
47.89,0.566628,0.564934,0.5606,0.00169389
47.895,0.563245,0.564858,0.56053,-0.00161321
47.9,0.570507,0.564783,0.560459,0.00572468
47.905,0.587557,0.564707,0.560389,0.0228498
47.91,0.586274,0.564631,0.560319,0.0216429
47.915,0.578979,0.564555,0.560249,0.0144232
47.92,0.558631,0.56448,0.560179,-0.00584846
47.925,0.5628,0.564404,0.560109,-0.00160404
47.93,0.573712,0.564329,0.560039,0.00938344
47.935,0.573755,0.564253,0.559969,0.00950223
47.94,0.557316,0.564178,0.559899,-0.00686113
47.945,0.54339,0.564102,0.559828,-0.0207122
47.95,0.5372,0.564027,0.559758,-0.0268268
47.955,0.548355,0.563952,0.559688,-0.0155964
47.96,0.556741,0.563876,0.559619,-0.00713514
47.965,0.56644,0.563801,0.559549,0.00263923
47.97,0.57354,0.563726,0.559479,0.00981428
47.975,0.571795,0.563651,0.559409,0.00814432
47.98,0.566926,0.563576,0.559339,0.0033504
47.985,0.548288,0.563501,0.559269,-0.0152134
47.99,0.53884,0.563426,0.559199,-0.0245857
47.995,0.532684,0.563351,0.559129,-0.0306673
48,0.552805,0.563276,0.559059,-0.0104712
48.005,0.561708,0.563202,0.55899,-0.00149354
48.01,0.56076,0.563127,0.55892,-0.00236652
48.015,0.574592,0.563052,0.55885,0.0115395
48.02,0.58809,0.562978,0.55878,0.0251125
48.025,0.597119,0.562903,0.558711,0.0342164
48.03,0.588073,0.562828,0.558641,0.0252444
48.035,0.567103,0.562754,0.558571,0.00434932
48.04,0.547931,0.56268,0.558502,-0.0147482
48.045,0.542964,0.562605,0.558432,-0.0196412
48.05,0.542762,0.562531,0.558362,-0.0197691
48.055,0.558359,0.562457,0.558293,-0.00409758
48.06,0.57887,0.562382,0.558223,0.0164875
48.065,0.596893,0.562308,0.558153,0.0345846
48.07,0.595033,0.562234,0.558084,0.0327989
48.075,0.578342,0.56216,0.558014,0.0161823
48.08,0.571794,0.562086,0.557945,0.0097083
48.085,0.576676,0.562012,0.557875,0.0146637
48.09,0.581026,0.561938,0.557806,0.0190879
48.095,0.600777,0.561864,0.557736,0.0389127
48.1,0.612906,0.561791,0.557667,0.0511153
48.105,0.642322,0.561717,0.557598,0.0806054
48.11,0.646779,0.561643,0.557528,0.0851358
48.115,0.623579,0.56157,0.557459,0.0620098
48.12,0.594302,0.561496,0.557389,0.0328058
48.125,0.60026,0.561422,0.55732,0.0388373
48.13,0.595423,0.561349,0.557251,0.0340737
48.135,0.6096,0.561276,0.557181,0.048324
48.14,0.607156,0.561202,0.557112,0.0459537
48.145,0.601854,0.561129,0.557043,0.040725
48.15,0.608779,0.561056,0.556974,0.0477234
48.155,0.599744,0.560982,0.556904,0.0387616
48.16,0.596183,0.560909,0.556835,0.0352737
48.165,0.584844,0.560836,0.556766,0.0240078
48.17,0.578531,0.560763,0.556697,0.0177685
48.175,0.589248,0.56069,0.556628,0.0285583
48.18,0.593274,0.560617,0.556558,0.0326568
48.185,0.588118,0.560544,0.556489,0.0275742
48.19,0.58213,0.560471,0.55642,0.0216586
48.195,0.571822,0.560398,0.556351,0.0114236
48.2,0.582529,0.560326,0.556282,0.0222037
48.205,0.578104,0.560253,0.556213,0.0178505
48.21,0.57856,0.56018,0.556144,0.0183796
48.215,0.592994,0.560108,0.556075,0.0328862
48.22,0.582503,0.560035,0.556006,0.0224677
48.225,0.582261,0.559963,0.555937,0.0222985
48.23,0.57589,0.55989,0.555868,0.0159994
48.235,0.576203,0.559818,0.555799,0.0163848
48.24,0.587243,0.559746,0.55573,0.0274971
48.245,0.577728,0.559673,0.555661,0.0180547
48.25,0.558269,0.559601,0.555592,-0.0013325
48.255,0.550998,0.559529,0.555524,-0.00853108
48.26,0.562132,0.559457,0.555455,0.00267519
48.265,0.56634,0.559385,0.555386,0.00695504
48.27,0.568334,0.559313,0.555317,0.00902144
48.275,0.580928,0.559241,0.555248,0.021687
48.28,0.594077,0.559169,0.55518,0.0349078
48.285,0.61068,0.559097,0.555111,0.0515826
48.29,0.626808,0.559025,0.555042,0.0677831
48.295,0.616633,0.558954,0.554973,0.057679
48.3,0.611197,0.558882,0.554905,0.0523147
48.305,0.604534,0.55881,0.554836,0.0457237
48.31,0.594472,0.558739,0.554767,0.0357337
48.315,0.589611,0.558667,0.554699,0.0309438
48.32,0.574209,0.558596,0.55463,0.0156138
48.325,0.569368,0.558524,0.554562,0.0108442
48.33,0.582262,0.558453,0.554493,0.0238092
48.335,0.587953,0.558382,0.554424,0.0295716
48.34,0.583786,0.55831,0.554356,0.0254755
48.345,0.569077,0.558239,0.554287,0.0108382
48.35,0.57068,0.558168,0.554219,0.0125115
48.355,0.582246,0.558097,0.55415,0.0241487
48.36,0.589118,0.558026,0.554082,0.0310918
48.365,0.591219,0.557955,0.554013,0.033264
48.37,0.586132,0.557884,0.553945,0.0282484
48.375,0.575046,0.557813,0.553877,0.0172326
48.38,0.564325,0.557742,0.553808,0.00658227
48.385,0.554344,0.557672,0.55374,-0.00332719
48.39,0.545209,0.557601,0.553671,-0.0123919
48.395,0.541117,0.55753,0.553603,-0.0164133
48.4,0.533216,0.55746,0.553535,-0.0242436
48.405,0.53945,0.557389,0.553466,-0.0179391
48.41,0.553097,0.557319,0.553398,-0.00422227
48.415,0.540805,0.557248,0.55333,-0.0164435
48.42,0.541493,0.557178,0.553262,-0.0156848
48.425,0.545166,0.557108,0.553193,-0.0119421
48.43,0.554059,0.557038,0.553125,-0.00297826
48.435,0.564894,0.556967,0.553057,0.00792666
48.44,0.569694,0.556897,0.552989,0.0127964
48.445,0.574292,0.556827,0.552921,0.017465
48.45,0.572498,0.556757,0.552853,0.0157408
48.455,0.566379,0.556687,0.552784,0.00969179
48.46,0.563547,0.556618,0.552716,0.00692963
48.465,0.548492,0.556548,0.552648,-0.00805596
48.47,0.54327,0.556478,0.55258,-0.0132078
48.475,0.545319,0.556408,0.552512,-0.0110894
48.48,0.561295,0.556339,0.552444,0.00495638
48.485,0.578937,0.556269,0.552376,0.0226675
48.49,0.578614,0.5562,0.552308,0.0224143
48.495,0.569258,0.55613,0.55224,0.0131282
48.5,0.558302,0.556061,0.552172,0.00224141
48.505,0.569243,0.555991,0.552104,0.0132517
48.51,0.56475,0.555922,0.552036,0.00882748
48.515,0.574075,0.555853,0.551968,0.0182219
48.52,0.563888,0.555784,0.551901,0.00810389
48.525,0.563564,0.555715,0.551833,0.00784923
48.53,0.561837,0.555646,0.551765,0.00619178
48.535,0.563473,0.555577,0.551697,0.00789653
48.54,0.569613,0.555508,0.551629,0.0141054
48.545,0.569236,0.555439,0.551561,0.0137969
48.55,0.572907,0.55537,0.551494,0.0175371
48.555,0.583542,0.555302,0.551426,0.0282401
48.56,0.593546,0.555233,0.551358,0.0383131
48.565,0.596397,0.555164,0.55129,0.0412327
48.57,0.594777,0.555096,0.551223,0.0396808
48.575,0.588236,0.555027,0.551155,0.0332086
48.58,0.597837,0.554959,0.551087,0.0428779
48.585,0.609177,0.554891,0.55102,0.0542867
48.59,0.592323,0.554822,0.550952,0.037501
48.595,0.579376,0.554754,0.550885,0.0246221
48.6,0.569924,0.554686,0.550817,0.0152374
48.605,0.575182,0.554618,0.550749,0.0205641
48.61,0.559256,0.55455,0.550682,0.00470614
48.615,0.564714,0.554482,0.550614,0.0102315
48.62,0.565757,0.554414,0.550547,0.0113424
48.625,0.568754,0.554347,0.550479,0.0144074
48.63,0.573298,0.554279,0.550412,0.0190186
48.635,0.5662,0.554211,0.550344,0.0119891
48.64,0.572495,0.554144,0.550277,0.0183507
48.645,0.571035,0.554076,0.550209,0.0169583
48.65,0.564427,0.554009,0.550142,0.0104179
48.655,0.556155,0.553941,0.550075,0.00221346
48.66,0.562281,0.553874,0.550007,0.00840632
48.665,0.562907,0.553807,0.54994,0.00909977
48.67,0.564143,0.55374,0.549873,0.0104029
48.675,0.579439,0.553682,0.549805,0.0257573
48.68,0.596811,0.553615,0.549738,0.0431965
48.685,0.600691,0.553548,0.549671,0.0471432
48.69,0.588589,0.553481,0.549603,0.0351079
48.695,0.57143,0.553414,0.549536,0.018016
48.7,0.563202,0.553348,0.549469,0.00985452
48.705,0.552168,0.553281,0.549402,-0.00111358
48.71,0.541823,0.553215,0.549335,-0.0113915
48.715,0.520743,0.553148,0.549267,-0.0324048
48.72,0.523216,0.553082,0.5492,-0.0298657
48.725,0.525068,0.553015,0.549133,-0.0279476
48.73,0.536326,0.552949,0.549066,-0.0166233
48.735,0.55898,0.552883,0.548999,0.00609691
48.74,0.567943,0.552817,0.548932,0.0151255
48.745,0.573309,0.552751,0.548865,0.0205582
48.75,0.564357,0.552685,0.548798,0.0116716
48.755,0.578287,0.552619,0.548731,0.0256676
48.76,0.594188,0.552554,0.548664,0.0416346
48.765,0.605108,0.552488,0.548597,0.0526198
48.77,0.594123,0.552422,0.54853,0.0417006
48.775,0.589207,0.552357,0.548463,0.03685
48.78,0.583693,0.552291,0.548396,0.0314021
48.785,0.596179,0.552226,0.548329,0.0439529
48.79,0.590757,0.552161,0.548262,0.038596
48.795,0.57258,0.552096,0.548195,0.0204841
48.8,0.56713,0.552031,0.548128,0.0150996
48.805,0.553334,0.551966,0.548061,0.00136885
48.81,0.539956,0.551901,0.547994,-0.011945
48.815,0.53002,0.551836,0.547928,-0.0218159
48.82,0.533222,0.551771,0.547861,-0.0185494
48.825,0.557343,0.551706,0.547794,0.00563668
48.83,0.56718,0.551642,0.547727,0.0155384
48.835,0.587792,0.551577,0.54766,0.0362145
48.84,0.57869,0.551513,0.547594,0.0271767
48.845,0.585493,0.551449,0.547527,0.0340437
48.85,0.574932,0.551385,0.54746,0.0235474
48.855,0.56338,0.55132,0.547394,0.012059
48.86,0.564671,0.551257,0.547327,0.0134141
48.865,0.572863,0.551193,0.54726,0.0216708
48.87,0.58882,0.551129,0.547194,0.0376911
48.875,0.610619,0.551065,0.547127,0.0595543
48.88,0.612788,0.551001,0.54706,0.0617864
48.885,0.612373,0.550938,0.546994,0.061435
48.89,0.611706,0.550875,0.546927,0.0608313
48.895,0.620296,0.550811,0.546861,0.0694851
48.9,0.634559,0.550748,0.546794,0.0838106
48.905,0.632519,0.550685,0.546728,0.0818335
48.91,0.629498,0.550622,0.546661,0.0788764
48.915,0.629893,0.550559,0.546595,0.079334
48.92,0.635599,0.550496,0.546528,0.0851029
48.925,0.621693,0.550434,0.546462,0.0712594
48.93,0.613329,0.550371,0.546395,0.0629582
48.935,0.602173,0.550309,0.546329,0.0518645
48.94,0.603769,0.550246,0.546263,0.0535225
48.945,0.60094,0.550184,0.546196,0.0507565
48.95,0.59485,0.550122,0.54613,0.0447279
48.955,0.576395,0.55006,0.546064,0.0263347
48.96,0.569802,0.549998,0.545997,0.0198039
48.965,0.561482,0.549936,0.545931,0.0115461
48.97,0.555349,0.549874,0.545865,0.00547403
48.975,0.553021,0.549813,0.545799,0.00320798
48.98,0.559926,0.549752,0.545732,0.0101747
48.985,0.553452,0.54969,0.545666,0.00376179
48.99,0.571586,0.549629,0.5456,0.0219567
48.995,0.578653,0.549568,0.545534,0.0290846
49,0.584572,0.549507,0.545467,0.0350648
49.005,0.592618,0.549446,0.545401,0.0431723
49.01,0.587001,0.549385,0.545335,0.0376157
49.015,0.578929,0.549325,0.545269,0.0296045
49.02,0.572238,0.549264,0.545203,0.0229735
49.025,0.57468,0.549204,0.545137,0.025476
49.03,0.566043,0.549144,0.545071,0.0168991
49.035,0.572048,0.549084,0.545005,0.0229643
49.04,0.581275,0.549024,0.544939,0.0322506
49.045,0.579415,0.548964,0.544873,0.0304509
49.05,0.577114,0.548905,0.544807,0.0282097
49.055,0.57289,0.548845,0.544741,0.0240444
49.06,0.572553,0.548786,0.544675,0.0237667
49.065,0.576637,0.548727,0.544609,0.0279099
49.07,0.579369,0.548668,0.544543,0.0307009
49.075,0.575023,0.548609,0.544477,0.0264144
49.08,0.573176,0.54855,0.544411,0.024626
49.085,0.574524,0.548491,0.544345,0.0260328
49.09,0.569235,0.548433,0.544279,0.0208023
49.095,0.5729,0.548375,0.544213,0.0245255
49.1,0.58306,0.548317,0.544148,0.0347433
49.105,0.564783,0.548259,0.544082,0.0165243
49.11,0.566852,0.548194,0.544016,0.018658
49.115,0.570285,0.548136,0.54395,0.0221488
49.12,0.575396,0.548078,0.543885,0.0273176
49.125,0.579397,0.548021,0.543819,0.0313761
49.13,0.565777,0.547964,0.543753,0.0178132
49.135,0.56052,0.547907,0.543687,0.0126131
49.14,0.563458,0.54785,0.543622,0.0156078
49.145,0.548611,0.547794,0.543556,0.000817524
49.15,0.561228,0.547737,0.54349,0.0134913
49.155,0.570581,0.547681,0.543425,0.0228999
49.16,0.583116,0.547625,0.543359,0.0354909
49.165,0.581954,0.547569,0.543293,0.0343849
49.17,0.584783,0.547513,0.543228,0.0372701
49.175,0.598521,0.547458,0.543162,0.0510635
49.18,0.591708,0.547402,0.543097,0.0443053
49.185,0.589215,0.547347,0.543031,0.0418678
49.19,0.576393,0.547292,0.542966,0.0291011
49.195,0.58203,0.547238,0.5429,0.0347924
49.2,0.574304,0.547183,0.542835,0.0271213
49.205,0.558786,0.547129,0.542769,0.0116573
49.21,0.539611,0.547075,0.542704,-0.00746339
49.215,0.537652,0.547021,0.542638,-0.00936925
49.22,0.556543,0.546967,0.542573,0.00957568
49.225,0.576585,0.546914,0.542508,0.0296708
49.23,0.59604,0.546861,0.542442,0.0491792
49.235,0.592493,0.546808,0.542377,0.0456858
49.24,0.592063,0.546755,0.542311,0.0453083
49.245,0.575859,0.546702,0.542246,0.0291563
49.25,0.57934,0.54665,0.542181,0.0326899
49.255,0.570426,0.546598,0.542116,0.0238277
49.26,0.580244,0.546546,0.54205,0.0336976
49.265,0.572133,0.546495,0.541985,0.0256383
49.27,0.559363,0.546443,0.54192,0.0129197
49.275,0.546968,0.546392,0.541854,0.000575274
49.28,0.554598,0.546342,0.541789,0.00825613
49.285,0.547465,0.546291,0.541724,0.00117429
49.29,0.552946,0.546241,0.541659,0.00670554
49.295,0.552299,0.546191,0.541594,0.00610789
49.3,0.562549,0.546141,0.541529,0.0164082
49.305,0.585523,0.546092,0.541463,0.0394316
49.31,0.584931,0.546043,0.541398,0.038888
49.315,0.591906,0.545994,0.541333,0.0459118
49.32,0.588978,0.545945,0.541268,0.0430328
49.325,0.581992,0.545897,0.541203,0.0360949
49.33,0.570728,0.545849,0.541138,0.0248792
49.335,0.569083,0.545802,0.541073,0.0232809
49.34,0.576905,0.545754,0.541008,0.0311503
49.345,0.584943,0.545708,0.540943,0.0392353
49.35,0.594396,0.545661,0.540878,0.0487348
49.355,0.593562,0.545615,0.540813,0.0479471
49.36,0.604713,0.545569,0.540748,0.0591443
49.365,0.612845,0.545523,0.540683,0.0673222
49.37,0.610312,0.545478,0.540618,0.0648345
49.375,0.599795,0.545433,0.540553,0.0543624
49.38,0.608254,0.545389,0.540489,0.0628659
49.385,0.600105,0.545344,0.540424,0.0547601
49.39,0.597296,0.545301,0.540359,0.0519952
49.395,0.569911,0.545257,0.540294,0.0246533
49.4,0.542635,0.545214,0.540229,-0.00257912
49.405,0.544879,0.545172,0.540164,-0.00029272
49.41,0.548287,0.54513,0.5401,0.00315688
49.415,0.563874,0.545088,0.540035,0.0187856
49.42,0.577529,0.545047,0.53997,0.0324823
49.425,0.58418,0.545006,0.539905,0.0391738
49.43,0.575946,0.54498,0.539841,0.0309663
49.435,0.57792,0.54494,0.539776,0.0329807
49.44,0.562084,0.5449,0.539711,0.0171835
49.445,0.563653,0.544861,0.539647,0.0187914
49.45,0.563386,0.544823,0.539582,0.0185632
49.455,0.57124,0.544785,0.539517,0.0264557
49.46,0.562438,0.544747,0.539453,0.0176908
49.465,0.572207,0.54471,0.539388,0.0274965
49.47,0.571434,0.544674,0.539324,0.0267599
49.475,0.574807,0.544638,0.539259,0.0301692
49.48,0.57503,0.544602,0.539195,0.0304278
49.485,0.558281,0.544567,0.53913,0.0137137
49.49,0.553686,0.544533,0.539065,0.00915275
49.495,0.555486,0.544499,0.539001,0.0109869
49.5,0.557622,0.544466,0.538937,0.0131553
49.505,0.579497,0.544434,0.538872,0.0350629
49.51,0.574935,0.544402,0.538808,0.0305333
49.515,0.578331,0.544371,0.538743,0.0339607
49.52,0.571957,0.54434,0.538679,0.0276174
49.525,0.565362,0.54431,0.538614,0.0210522
49.53,0.571352,0.544281,0.53855,0.0270712
49.535,0.560844,0.544252,0.538486,0.0165923
49.54,0.563131,0.544224,0.538421,0.0189072
49.545,0.563387,0.544197,0.538357,0.0191902
49.55,0.567823,0.544171,0.538293,0.0236528
49.555,0.575225,0.544145,0.538228,0.0310805
49.56,0.581823,0.54412,0.538164,0.0377033
49.565,0.571271,0.544096,0.5381,0.0271756
49.57,0.571632,0.544072,0.538036,0.0275598
49.575,0.551598,0.54405,0.537971,0.0075482
49.58,0.556713,0.544028,0.537907,0.0126846
49.585,0.565085,0.544007,0.537843,0.021078
49.59,0.567517,0.543988,0.537779,0.0235298
49.595,0.574757,0.543968,0.537715,0.0307885
49.6,0.570364,0.54395,0.53765,0.0264133
49.605,0.582746,0.543933,0.537586,0.0388125
49.61,0.575647,0.543917,0.537522,0.0317299
49.615,0.56027,0.543902,0.537458,0.0163679
49.62,0.548954,0.543888,0.537394,0.00506606
49.625,0.543632,0.543875,0.53733,-0.000242548
49.63,0.554223,0.543863,0.537266,0.0103603
49.635,0.563224,0.543852,0.537202,0.0193717
49.64,0.56905,0.543842,0.537138,0.0252078
49.645,0.57768,0.543833,0.537074,0.0338463
49.65,0.565451,0.543826,0.53701,0.0216246
49.655,0.556035,0.54382,0.536946,0.012215
49.66,0.551511,0.543815,0.536882,0.00769594
49.665,0.551552,0.543811,0.536818,0.00774041
49.67,0.555257,0.543809,0.536754,0.0114484
49.675,0.56956,0.543808,0.53669,0.0257522
49.68,0.587761,0.543808,0.536626,0.0439528
49.685,0.599531,0.54381,0.536562,0.0557213
49.69,0.593058,0.543814,0.536499,0.0492445
49.695,0.579074,0.543818,0.536435,0.0352556
49.7,0.569779,0.543825,0.536371,0.0259545
49.705,0.562131,0.543833,0.536307,0.0182982
49.71,0.562247,0.543842,0.536243,0.0184049
49.715,0.55103,0.543854,0.53618,0.00717625
49.72,0.544855,0.543867,0.536116,0.000988134
49.725,0.535685,0.543882,0.536052,-0.00819675
49.73,0.538325,0.543898,0.535988,-0.00557343
49.735,0.561964,0.543917,0.535925,0.0180475
49.74,0.581589,0.543938,0.535861,0.0376519
49.745,0.602753,0.54396,0.535797,0.0587934
49.75,0.595091,0.543985,0.535734,0.0511059
49.755,0.591736,0.544012,0.53567,0.0477248
49.76,0.589687,0.54404,0.535606,0.0456465
49.765,0.588397,0.544072,0.535543,0.0443252
49.77,0.598378,0.544105,0.535479,0.0542729
49.775,0.584148,0.544141,0.535416,0.0400067
49.78,0.579393,0.54418,0.535352,0.0352128
49.785,0.586305,0.544221,0.535288,0.0420841
49.79,0.579358,0.544265,0.535225,0.0350938
49.795,0.582991,0.544311,0.535161,0.0386796
49.8,0.577111,0.54436,0.535098,0.0327505
49.805,0.565128,0.544412,0.535034,0.0207161
49.81,0.56081,0.544468,0.534971,0.0163425
49.815,0.562162,0.544526,0.534907,0.0176361
49.82,0.573153,0.544587,0.534844,0.0285658
49.825,0.591611,0.544652,0.534781,0.0469591
49.83,0.597371,0.54472,0.534717,0.0526503
49.835,0.59761,0.544792,0.534654,0.0528182
49.84,0.599685,0.544868,0.53459,0.0548171
49.845,0.602021,0.544947,0.534527,0.0570734
49.85,0.585876,0.545031,0.534464,0.0408459
49.855,0.588117,0.545118,0.5344,0.0429993
49.86,0.600148,0.54521,0.534337,0.0549384
49.865,0.607671,0.545306,0.534274,0.0623656
49.87,0.619515,0.545406,0.534211,0.0741085
49.875,0.620592,0.545512,0.534147,0.07508
49.88,0.597647,0.545622,0.534084,0.0520244
49.885,0.596009,0.545738,0.534021,0.0502708
49.89,0.563898,0.545859,0.533958,0.0180391
49.895,0.5501,0.545986,0.533894,0.00411421
49.9,0.557424,0.546118,0.533831,0.0113052
49.905,0.551775,0.546257,0.533768,0.00551742
49.91,0.559274,0.546402,0.533705,0.0128712
49.915,0.571595,0.546554,0.533642,0.0250408
49.92,0.574451,0.546713,0.533579,0.0277379
49.925,0.591653,0.54688,0.533516,0.0447734
49.93,0.607003,0.547055,0.533452,0.0599482
49.935,0.603557,0.547237,0.533389,0.0563195
49.94,0.609721,0.547429,0.533326,0.0622921
49.945,0.609658,0.54763,0.533263,0.0620282
49.95,0.59188,0.547841,0.5332,0.0440383
49.955,0.571273,0.548063,0.533137,0.0232094
49.96,0.566307,0.548296,0.533074,0.0180107
49.965,0.569674,0.548542,0.533011,0.0211319
49.97,0.587181,0.548801,0.532948,0.0383802
49.975,0.599564,0.549073,0.532885,0.0504909
49.98,0.614237,0.549362,0.532823,0.0648754
49.985,0.612367,0.549666,0.53276,0.0627002
49.99,0.610729,0.549989,0.532697,0.06074
49.995,0.592216,0.550332,0.532634,0.0418847
50,0.578713,0.550695,0.532571,0.0280177
50.005,0.573218,0.551082,0.532508,0.0221362
50.01,0.568122,0.551494,0.532445,0.0166275
50.015,0.574178,0.551935,0.532382,0.0222436
50.02,0.598215,0.552405,0.53232,0.0458093
50.025,0.606725,0.55291,0.532257,0.0538155
50.03,0.607003,0.553451,0.532194,0.053552
50.035,0.578974,0.554032,0.532131,0.0249423
50.04,0.572564,0.554658,0.532069,0.0179063
50.045,0.571581,0.555332,0.532006,0.0162491
50.05,0.58251,0.55606,0.531943,0.0264508
50.055,0.590733,0.556846,0.53188,0.0338867
50.06,0.574725,0.557697,0.531818,0.0170288
50.065,0.570186,0.558618,0.531755,0.0115685
50.07,0.571921,0.559616,0.531693,0.0123048
50.075,0.584848,0.560698,0.53163,0.0241502
50.08,0.593489,0.561872,0.531567,0.031616
50.085,0.585724,0.563147,0.531505,0.022577
50.09,0.596322,0.564531,0.531442,0.0317909
50.095,0.611043,0.566033,0.53138,0.0450099
50.1,0.636359,0.567663,0.531317,0.0686956
50.105,0.626564,0.569432,0.531254,0.0571312
50.11,0.643615,0.571351,0.531192,0.0722641
50.115,0.655248,0.573431,0.531129,0.0818163
50.12,0.66855,0.575684,0.531067,0.0928658
50.125,0.671059,0.578123,0.531004,0.0929359
50.13,0.666411,0.580759,0.530942,0.0856516
50.135,0.656639,0.583606,0.53088,0.0730327
50.14,0.652812,0.586677,0.530817,0.0661344
50.145,0.640935,0.589985,0.530755,0.0509498
50.15,0.642371,0.593543,0.530692,0.0488274
50.155,0.638906,0.597364,0.53063,0.0415415
50.16,0.641208,0.601461,0.530568,0.0397479
50.165,0.632268,0.605845,0.530505,0.0264232
50.17,0.645433,0.610529,0.530443,0.0349042
50.175,0.659715,0.615524,0.530381,0.0441909
50.18,0.661978,0.62084,0.530318,0.041138
50.185,0.669044,0.626486,0.530256,0.0425578
50.19,0.676491,0.63247,0.530194,0.0440215
50.195,0.682086,0.638798,0.530131,0.0432883
50.2,0.678809,0.645476,0.530069,0.0333332
50.205,0.6822,0.652506,0.530007,0.029694
50.21,0.687628,0.65989,0.529945,0.027738
50.215,0.706999,0.667627,0.529883,0.0393718
50.22,0.719586,0.675714,0.52982,0.0438722
50.225,0.711122,0.684145,0.529758,0.0269779
50.23,0.723099,0.692911,0.529696,0.0301877
50.235,0.735392,0.702002,0.529634,0.0333901
50.24,0.753853,0.711404,0.529572,0.0424495
50.245,0.74441,0.721099,0.52951,0.0233114
50.25,0.728169,0.731066,0.529448,-0.0028967
50.255,0.712921,0.741281,0.529386,-0.0283594
50.26,0.721438,0.751716,0.529324,-0.030278
50.265,0.727242,0.76234,0.529261,-0.0350986
50.27,0.731947,0.773117,0.529199,-0.0411695
50.275,0.739329,0.784006,0.529137,-0.0446765
50.28,0.744626,0.794962,0.529075,-0.0503358
50.285,0.758308,0.805938,0.529013,-0.0476295
50.29,0.749999,0.816878,0.528952,-0.0668798
50.295,0.76192,0.827725,0.52889,-0.0658053
50.3,0.786207,0.838415,0.528828,-0.0522087
50.305,0.814308,0.84888,0.528766,-0.0345723
50.31,0.81406,0.859048,0.528704,-0.0449877
50.315,0.801097,0.868841,0.528642,-0.0677445
50.32,0.797058,0.878181,0.52858,-0.0811233
50.325,0.827918,0.886986,0.528518,-0.0590673
50.33,0.83283,0.895171,0.528456,-0.0623409
50.335,0.817852,0.902654,0.528395,-0.0848024
50.34,0.806114,0.909354,0.528333,-0.10324
50.345,0.787881,0.915194,0.528271,-0.127313
50.35,0.785231,0.920104,0.528209,-0.134873
50.355,0.800171,0.924021,0.528147,-0.12385
50.36,0.791504,0.926894,0.528086,-0.13539
50.365,0.803278,0.928684,0.528024,-0.125406
50.37,0.787113,0.929365,0.527962,-0.142253
50.375,0.777138,0.928928,0.5279,-0.15179
50.38,0.792553,0.927377,0.527839,-0.134825
50.385,0.793806,0.924733,0.527777,-0.130927
50.39,0.795521,0.92103,0.527715,-0.12551
50.395,0.79503,0.916317,0.527654,-0.121287
50.4,0.782577,0.910651,0.527592,-0.128074
50.405,0.783179,0.904101,0.527531,-0.120922
50.41,0.756312,0.896742,0.527469,-0.14043
50.415,0.740355,0.888654,0.527407,-0.148299
50.42,0.750468,0.879919,0.527346,-0.129451
50.425,0.766145,0.870621,0.527284,-0.104476
50.43,0.787251,0.860842,0.527223,-0.0735907
50.435,0.770031,0.850663,0.527161,-0.0806315
50.44,0.7742,0.840161,0.5271,-0.0659612
50.445,0.780172,0.829411,0.527038,-0.0492388
50.45,0.780867,0.818482,0.526977,-0.037615
50.455,0.757619,0.807439,0.526915,-0.0498195
50.46,0.741494,0.796341,0.526854,-0.0548477
50.465,0.726016,0.785246,0.526792,-0.0592298
50.47,0.728808,0.774202,0.526731,-0.045394
50.475,0.726611,0.763257,0.526669,-0.0366459
50.48,0.714065,0.752451,0.526608,-0.0383855
50.485,0.691127,0.741822,0.526547,-0.0506947
50.49,0.67856,0.731403,0.526485,-0.0528428
50.495,0.679203,0.721224,0.526424,-0.0420211
50.5,0.681174,0.711309,0.526363,-0.0301353
50.505,0.679528,0.701681,0.526301,-0.0221532
50.51,0.672788,0.692358,0.52624,-0.0195701
50.515,0.664425,0.683355,0.526179,-0.0189302
50.52,0.666133,0.674685,0.526118,-0.00855163
50.525,0.665439,0.666356,0.526056,-0.000917516
50.53,0.666123,0.658376,0.525995,0.00774769
50.535,0.661343,0.650747,0.525934,0.010596
50.54,0.652095,0.643472,0.525873,0.00862236
50.545,0.647894,0.636551,0.525811,0.0113432
50.55,0.655937,0.62998,0.52575,0.0259567
50.555,0.646084,0.623755,0.525689,0.0223288
50.56,0.647215,0.617871,0.525628,0.0293442
50.565,0.650817,0.612319,0.525567,0.0384977
50.57,0.661053,0.607092,0.525506,0.0539606
50.575,0.666145,0.602179,0.525445,0.063966
50.58,0.666154,0.597569,0.525383,0.0685855
50.585,0.65738,0.593251,0.525322,0.0641294
50.59,0.642284,0.589213,0.525261,0.0530711
50.595,0.643191,0.585442,0.5252,0.0577485
50.6,0.642446,0.581926,0.525139,0.0605206
50.605,0.641984,0.57865,0.525078,0.063334
50.61,0.632206,0.575603,0.525017,0.0566023
50.615,0.618786,0.572771,0.524956,0.0460147
50.62,0.601686,0.570141,0.524895,0.0315444
50.625,0.599496,0.567701,0.524834,0.0317952
50.63,0.591886,0.565438,0.524773,0.0264481
50.635,0.590699,0.563339,0.524712,0.0273591
50.64,0.592589,0.561395,0.524651,0.0311942
50.645,0.593249,0.559592,0.524591,0.0336563
50.65,0.584713,0.557922,0.52453,0.0267911
50.655,0.579645,0.556373,0.524469,0.023272
50.66,0.588761,0.554936,0.524408,0.033825
50.665,0.606793,0.553602,0.524347,0.0531913
50.67,0.61613,0.552363,0.524286,0.0637673
50.675,0.622095,0.551211,0.524225,0.0708844
50.68,0.609115,0.550138,0.524165,0.0589774
50.685,0.597024,0.549137,0.524104,0.0478872
50.69,0.585796,0.548203,0.524043,0.0375925
50.695,0.557523,0.547329,0.523982,0.0101935
50.7,0.548884,0.546511,0.523922,0.00237297
50.705,0.539084,0.545742,0.523861,-0.00665871
50.71,0.527361,0.54502,0.5238,-0.0176583
50.715,0.536796,0.544339,0.52374,-0.00754267
50.72,0.539146,0.543695,0.523679,-0.00454963
50.725,0.544232,0.543087,0.523618,0.00114549
50.73,0.548166,0.54251,0.523558,0.0056566
50.735,0.539689,0.541961,0.523497,-0.002272
50.74,0.52917,0.541439,0.523436,-0.0122689
50.745,0.53204,0.54094,0.523376,-0.00890096
50.75,0.536232,0.540464,0.523315,-0.00423174
50.755,0.550334,0.540008,0.523254,0.0103262
50.76,0.554344,0.53957,0.523194,0.0147738
50.765,0.554259,0.539149,0.523133,0.0151094
50.77,0.549985,0.538745,0.523073,0.0112404
50.775,0.5479,0.538354,0.523012,0.00954602
50.78,0.554123,0.537977,0.522952,0.016146
50.785,0.546527,0.537613,0.522891,0.00891416
50.79,0.548684,0.53726,0.522831,0.0114239
50.795,0.545643,0.536918,0.52277,0.00872433
50.8,0.551366,0.536587,0.52271,0.014779
50.805,0.559218,0.536265,0.522649,0.0229537
50.81,0.567859,0.535952,0.522589,0.0319074
50.815,0.564225,0.535647,0.522529,0.0285777
50.82,0.563241,0.535351,0.522468,0.0278896
50.825,0.551993,0.535062,0.522408,0.0169302
50.83,0.550524,0.534781,0.522348,0.0157433
50.835,0.558524,0.534506,0.522287,0.0240175
50.84,0.562465,0.534238,0.522227,0.0282271
50.845,0.562847,0.533976,0.522167,0.0288706
50.85,0.565689,0.533721,0.522106,0.0319681
50.855,0.557589,0.53347,0.522046,0.0241187
50.86,0.547878,0.533226,0.521986,0.0146519
50.865,0.540466,0.532986,0.521925,0.00747923
50.87,0.53015,0.532752,0.521865,-0.00260228
50.875,0.524989,0.532523,0.521805,-0.00753322
50.88,0.529132,0.532298,0.521745,-0.00316611
50.885,0.528248,0.532077,0.521685,-0.00382962
50.89,0.52815,0.531861,0.521624,-0.00371089
50.895,0.534201,0.531649,0.521564,0.00255119
50.9,0.556382,0.531441,0.521504,0.0249409
50.905,0.565469,0.531237,0.521444,0.034232
50.91,0.568206,0.531037,0.521384,0.0371691
50.915,0.56597,0.53084,0.521324,0.0351301
50.92,0.552767,0.530647,0.521264,0.0221203
50.925,0.549511,0.530457,0.521203,0.0190532
50.93,0.540189,0.530271,0.521143,0.00991789
50.935,0.54294,0.530087,0.521083,0.0128532
50.94,0.54298,0.529907,0.521023,0.0130735
50.945,0.54721,0.529729,0.520963,0.0174806
50.95,0.545497,0.529555,0.520903,0.0159423
50.955,0.535639,0.529383,0.520843,0.00625674
50.96,0.545216,0.529213,0.520783,0.0160021
50.965,0.541721,0.529047,0.520723,0.0126742
50.97,0.540099,0.528883,0.520663,0.0112161
50.975,0.555669,0.528721,0.520603,0.0269479
50.98,0.563839,0.528562,0.520543,0.0352777
50.985,0.569572,0.528405,0.520483,0.0411669
50.99,0.570911,0.52825,0.520424,0.0426616
50.995,0.546272,0.528097,0.520364,0.0181745
51,0.522096,0.527947,0.520304,-0.00585071
51.005,0.511607,0.527798,0.520244,-0.0161913
51.01,0.516679,0.527651,0.520184,-0.0109724
51.015,0.537186,0.527507,0.520124,0.00967886
51.02,0.539906,0.527364,0.520064,0.0125425
51.025,0.537932,0.527223,0.520005,0.0107091
51.03,0.546798,0.527084,0.519945,0.0197142
51.035,0.540097,0.526946,0.519885,0.0131512
51.04,0.538466,0.52681,0.519825,0.0116561
51.045,0.533058,0.526676,0.519766,0.0063825
51.05,0.539539,0.526543,0.519706,0.0129957
51.055,0.544821,0.526412,0.519646,0.0184094
51.06,0.551898,0.526282,0.519586,0.0256157
51.065,0.548371,0.526154,0.519527,0.0222175
51.07,0.554962,0.526027,0.519467,0.0289355
51.075,0.551553,0.525901,0.519407,0.0256512
51.08,0.543652,0.525777,0.519348,0.0178744
51.085,0.53805,0.525654,0.519288,0.0123956
51.09,0.54879,0.525533,0.519229,0.0232569
51.095,0.535068,0.525412,0.519169,0.00965545
51.1,0.526121,0.525293,0.519109,0.000827933
51.105,0.527212,0.525175,0.51905,0.00203731
51.11,0.5276,0.525058,0.51899,0.00254149
51.115,0.536194,0.524942,0.518931,0.0112515
51.12,0.526322,0.524827,0.518871,0.00149472
51.125,0.521332,0.524714,0.518812,-0.00338224
51.13,0.519889,0.524601,0.518752,-0.00471199
51.135,0.519471,0.524489,0.518693,-0.00501804
51.14,0.519942,0.524379,0.518633,-0.00443711
51.145,0.524921,0.524269,0.518574,0.00065194
51.15,0.527973,0.52416,0.518514,0.00381287
51.155,0.526935,0.524052,0.518455,0.00288269
51.16,0.531705,0.523945,0.518395,0.00775984
51.165,0.535761,0.523839,0.518336,0.0119215
51.17,0.53212,0.523734,0.518276,0.0083864
51.175,0.54504,0.52363,0.518217,0.0214109
51.18,0.556677,0.523526,0.518158,0.0331511
51.185,0.568501,0.523423,0.518098,0.0450779
51.19,0.56614,0.523321,0.518039,0.0428196
51.195,0.543225,0.52322,0.51798,0.0200056
51.2,0.533638,0.523119,0.51792,0.0105194
51.205,0.536297,0.523019,0.517861,0.0132782
51.21,0.534573,0.52292,0.517802,0.0116537
51.215,0.544836,0.522821,0.517743,0.0220146
51.22,0.554585,0.522723,0.517683,0.0318612
51.225,0.550326,0.522626,0.517624,0.0276999
51.23,0.554963,0.52253,0.517565,0.0324331
51.235,0.530565,0.522434,0.517506,0.00813078
51.24,0.516565,0.522339,0.517446,-0.00577325
51.245,0.509704,0.522244,0.517387,-0.0125402
51.25,0.493073,0.52215,0.517328,-0.0290763
51.255,0.500024,0.522056,0.517269,-0.0220319
51.26,0.504758,0.521963,0.51721,-0.0172048
51.265,0.529534,0.521871,0.517151,0.00766357
51.27,0.530598,0.521779,0.517091,0.00881927
51.275,0.524408,0.521688,0.517032,0.00272042
51.28,0.509544,0.521597,0.516973,-0.0120532
51.285,0.515719,0.521506,0.516914,-0.00578735
51.29,0.541039,0.521417,0.516855,0.0196225
51.295,0.554732,0.521327,0.516796,0.0334044
51.3,0.574967,0.521238,0.516737,0.0537284
51.305,0.555253,0.52115,0.516678,0.0341028
51.31,0.538515,0.521062,0.516619,0.0174533
51.315,0.529495,0.520975,0.51656,0.00852084
51.32,0.515359,0.520887,0.516501,-0.00552858
51.325,0.532707,0.520801,0.516442,0.011906
51.33,0.530833,0.520715,0.516383,0.0101184
51.335,0.520488,0.520629,0.516324,-0.000140433
51.34,0.501463,0.520544,0.516265,-0.0190804
51.345,0.488668,0.520459,0.516206,-0.0317905
51.35,0.493835,0.520374,0.516147,-0.0265387
51.355,0.503554,0.52029,0.516089,-0.0167358
51.36,0.504504,0.520206,0.51603,-0.0157015
51.365,0.496557,0.520123,0.515971,-0.023566
51.37,0.490751,0.520039,0.515912,-0.0292883
51.375,0.495745,0.519957,0.515853,-0.0242117
51.38,0.503954,0.519874,0.515794,-0.0159207
51.385,0.502069,0.519792,0.515736,-0.0177234
51.39,0.48942,0.519711,0.515677,-0.0302904
51.395,0.488592,0.519629,0.515618,-0.0310372
51.4,0.489863,0.519548,0.515559,-0.0296852
51.405,0.503739,0.519467,0.5155,-0.0157281
51.41,0.50893,0.519387,0.515442,-0.0104567
51.415,0.509329,0.519307,0.515383,-0.00997838
51.42,0.508352,0.519227,0.515324,-0.0108755
51.425,0.529008,0.519148,0.515266,0.0098604
51.43,0.535377,0.519068,0.515207,0.0163082
51.435,0.544637,0.51899,0.515148,0.0256471
51.44,0.553021,0.518911,0.51509,0.03411
51.445,0.551968,0.518833,0.515031,0.0331356
51.45,0.552696,0.518754,0.514972,0.0339412
51.455,0.54219,0.518677,0.514914,0.0235137
51.46,0.53985,0.518599,0.514855,0.0212507
51.465,0.540581,0.518522,0.514797,0.0220595
51.47,0.523432,0.518445,0.514738,0.00498709
51.475,0.521332,0.518368,0.514679,0.00296402
51.48,0.517013,0.518291,0.514621,-0.0012785
51.485,0.520249,0.518215,0.514562,0.00203388
51.49,0.512943,0.518139,0.514504,-0.00519562
51.495,0.492089,0.518063,0.514445,-0.0259743
51.5,0.49334,0.517988,0.514387,-0.0246478
51.505,0.502417,0.517912,0.514328,-0.0154955
51.51,0.49995,0.517837,0.51427,-0.0178869
51.515,0.501108,0.517762,0.514211,-0.0166543
51.52,0.48568,0.517687,0.514153,-0.0320074
51.525,0.486678,0.517613,0.514095,-0.0309347
51.53,0.495118,0.517539,0.514036,-0.0224209
51.535,0.506665,0.517464,0.513978,-0.0107995
51.54,0.510694,0.517391,0.513919,-0.00669705
51.545,0.514401,0.517317,0.513861,-0.00291551
51.55,0.516575,0.517243,0.513803,-0.000668254
51.555,0.518764,0.51717,0.513744,0.00159417
51.56,0.526657,0.517097,0.513686,0.00955997
51.565,0.517462,0.517024,0.513628,0.000437463
51.57,0.516254,0.516951,0.513569,-0.000697192
51.575,0.506752,0.516879,0.513511,-0.0101265
51.58,0.506541,0.516806,0.513453,-0.0102655
51.585,0.508317,0.516734,0.513394,-0.00841682
51.59,0.51894,0.516662,0.513336,0.00227725
51.595,0.515923,0.51659,0.513278,-0.00066773
51.6,0.512525,0.516519,0.51322,-0.00399349
51.605,0.498271,0.516447,0.513162,-0.0181765
51.61,0.518642,0.516376,0.513103,0.00226571
51.615,0.521829,0.516305,0.513045,0.00552401
51.62,0.521822,0.516234,0.512987,0.00558832
51.625,0.514531,0.516163,0.512929,-0.0016314
51.63,0.514882,0.516092,0.512871,-0.00121054
51.635,0.530795,0.516022,0.512813,0.0147733
51.64,0.531471,0.515951,0.512754,0.0155201
51.645,0.524131,0.515881,0.512696,0.00824978
51.65,0.526185,0.515811,0.512638,0.010374
51.655,0.515784,0.515741,0.51258,4.34761e-05
51.66,0.513901,0.515671,0.512522,-0.00177002
51.665,0.516046,0.515601,0.512464,0.000444626
51.67,0.506949,0.515532,0.512406,-0.00858329
51.675,0.520894,0.515462,0.512348,0.00543109
51.68,0.53585,0.515393,0.51229,0.0204568
51.685,0.538963,0.515324,0.512232,0.0236392
51.69,0.549433,0.515255,0.512174,0.0341782
51.695,0.53543,0.515186,0.512116,0.0202441
51.7,0.520795,0.515117,0.512058,0.00567779
51.705,0.518529,0.515049,0.512,0.00347968
51.71,0.51141,0.51498,0.511942,-0.0035699
51.715,0.50902,0.514912,0.511884,-0.00589183
51.72,0.503683,0.514844,0.511826,-0.0111607
51.725,0.492938,0.514776,0.511768,-0.0218372
51.73,0.486557,0.514708,0.511711,-0.028151
51.735,0.480603,0.51464,0.511653,-0.0340366
51.74,0.49632,0.514572,0.511595,-0.0182518
51.745,0.497294,0.514504,0.511537,-0.0172098
51.75,0.489604,0.514437,0.511479,-0.0248329
51.755,0.486805,0.514369,0.511421,-0.027564
51.76,0.485735,0.514302,0.511364,-0.0285667
51.765,0.49678,0.514235,0.511306,-0.0174548
51.77,0.506475,0.514168,0.511248,-0.00769251
51.775,0.509884,0.514101,0.51119,-0.00421721
51.78,0.510731,0.514034,0.511133,-0.00330314
51.785,0.516509,0.513967,0.511075,0.0025419
51.79,0.517675,0.5139,0.511017,0.00377486
51.795,0.525431,0.513834,0.510959,0.0115974
51.8,0.528278,0.513767,0.510902,0.014511
51.805,0.531445,0.513701,0.510844,0.0177444
51.81,0.518934,0.513635,0.510786,0.00529963
51.815,0.513421,0.513568,0.510729,-0.000147116
51.82,0.507011,0.513502,0.510671,-0.0064913
51.825,0.509189,0.513436,0.510613,-0.00424737
51.83,0.508538,0.51337,0.510556,-0.00483279
51.835,0.49977,0.513305,0.510498,-0.0135351
51.84,0.481147,0.513239,0.510441,-0.0320923
51.845,0.473798,0.513173,0.510383,-0.0393758
51.85,0.468072,0.513108,0.510325,-0.0450355
51.855,0.46596,0.513042,0.510268,-0.0470823
51.86,0.45437,0.512977,0.51021,-0.0586074
51.865,0.459424,0.512912,0.510153,-0.0534877
51.87,0.472888,0.512846,0.510095,-0.0399581
51.875,0.487749,0.512781,0.510038,-0.0250321
51.88,0.482862,0.512716,0.50998,-0.0298547
51.885,0.477069,0.512651,0.509923,-0.0355821
51.89,0.467609,0.512587,0.509865,-0.044978
51.895,0.466946,0.512522,0.509808,-0.045576
51.9,0.481261,0.512457,0.50975,-0.0311958
51.905,0.486295,0.512392,0.509693,-0.0260974
51.91,0.505237,0.512328,0.509636,-0.00709135
51.915,0.516416,0.512263,0.509578,0.00415227
51.92,0.518064,0.512199,0.509521,0.00586543
51.925,0.52019,0.512135,0.509463,0.00805529
51.93,0.51099,0.512071,0.509406,-0.00108029
51.935,0.516438,0.512006,0.509349,0.00443174
51.94,0.531875,0.511942,0.509291,0.0199326
51.945,0.543649,0.511878,0.509234,0.0317711
51.95,0.539536,0.511814,0.509177,0.027722
51.955,0.521716,0.51175,0.509119,0.00996534
51.96,0.50556,0.511687,0.509062,-0.00612633
51.965,0.495062,0.511623,0.509005,-0.0165613
51.97,0.489273,0.511559,0.508948,-0.0222858
51.975,0.494925,0.511496,0.50889,-0.0165706
51.98,0.489527,0.511432,0.508833,-0.0219049
51.985,0.484074,0.511369,0.508776,-0.0272947
51.99,0.494233,0.511305,0.508719,-0.0170721
51.995,0.504422,0.511242,0.508662,-0.00682024
52,0.51313,0.511179,0.508604,0.0019512
52.005,0.511384,0.511116,0.508547,0.000268342
52.01,0.501591,0.511052,0.50849,-0.00946159
52.015,0.48988,0.510989,0.508433,-0.0211099
52.02,0.485818,0.510926,0.508376,-0.0251089
52.025,0.475822,0.510863,0.508319,-0.0350417
52.03,0.476817,0.510801,0.508262,-0.0339839
52.035,0.482628,0.510738,0.508204,-0.0281095
52.04,0.492389,0.510675,0.508147,-0.0182862
52.045,0.497007,0.510612,0.50809,-0.0136052
52.05,0.48979,0.51055,0.508033,-0.0207598
52.055,0.479484,0.510487,0.507976,-0.0310033
52.06,0.470181,0.510425,0.507919,-0.040244
52.065,0.475672,0.510362,0.507862,-0.0346899
52.07,0.489905,0.5103,0.507805,-0.0203946
52.075,0.492074,0.510237,0.507748,-0.018163
52.08,0.497125,0.510175,0.507691,-0.0130505
52.085,0.490305,0.510113,0.507634,-0.0198076
52.09,0.48897,0.510051,0.507577,-0.0210806
52.095,0.493355,0.510016,0.50752,-0.0166615
52.1,0.503159,0.509954,0.507463,-0.00679531
52.105,0.494853,0.509892,0.507406,-0.0150397
52.11,0.506395,0.50983,0.50735,-0.00343524
52.115,0.515172,0.509769,0.507293,0.00540385
52.12,0.52096,0.509707,0.507236,0.0112537
52.125,0.52102,0.509645,0.507179,0.0113747
52.13,0.510905,0.509583,0.507122,0.00132143
52.135,0.503548,0.509522,0.507065,-0.00597395
52.14,0.48719,0.50946,0.507008,-0.0222699
52.145,0.474548,0.509398,0.506952,-0.0348501
52.15,0.474098,0.509337,0.506895,-0.0352389
52.155,0.483224,0.509275,0.506838,-0.0260512
52.16,0.490785,0.509214,0.506781,-0.0184286
52.165,0.484078,0.509153,0.506724,-0.0250746
52.17,0.474295,0.509091,0.506668,-0.034796
52.175,0.477606,0.50903,0.506611,-0.0314236
52.18,0.491242,0.508969,0.506554,-0.0177266
52.185,0.498664,0.508908,0.506498,-0.0102432
52.19,0.511333,0.508846,0.506441,0.00248685
52.195,0.511945,0.508785,0.506384,0.00316016
52.2,0.499512,0.508724,0.506327,-0.00921259
52.205,0.491344,0.508663,0.506271,-0.0173188
52.21,0.483951,0.508602,0.506214,-0.0246509
52.215,0.475458,0.508541,0.506158,-0.0330839
52.22,0.473484,0.508481,0.506101,-0.0349968
52.225,0.461702,0.50842,0.506044,-0.0467182
52.23,0.468755,0.508359,0.505988,-0.0396041
52.235,0.476871,0.508298,0.505931,-0.0314276
52.24,0.47664,0.508238,0.505875,-0.0315975
52.245,0.483264,0.508177,0.505818,-0.0249128
52.25,0.480573,0.508116,0.505761,-0.0275438
52.255,0.489926,0.508056,0.505705,-0.0181298
52.26,0.486196,0.507995,0.505648,-0.0217996
52.265,0.485416,0.507935,0.505592,-0.022519
52.27,0.494479,0.507874,0.505535,-0.013395
52.275,0.508887,0.507814,0.505479,0.00107269
52.28,0.502746,0.507754,0.505422,-0.0050074
52.285,0.507958,0.507693,0.505366,0.000264182
52.29,0.494739,0.507633,0.505309,-0.0128943
52.295,0.496202,0.507573,0.505253,-0.0113706
52.3,0.485272,0.507513,0.505197,-0.0222413
52.305,0.473986,0.507453,0.50514,-0.0334671
52.31,0.480949,0.507393,0.505084,-0.0264435
52.315,0.493527,0.507333,0.505027,-0.0138058
52.32,0.497883,0.507273,0.504971,-0.00938924
52.325,0.494177,0.507213,0.504915,-0.0130356
52.33,0.48476,0.507153,0.504858,-0.022393
52.335,0.48331,0.507093,0.504802,-0.0237823
52.34,0.496252,0.507033,0.504746,-0.0107814
52.345,0.509488,0.506974,0.504689,0.00251348
52.35,0.514381,0.506914,0.504633,0.007467
52.355,0.503084,0.506855,0.504577,-0.0037702
52.36,0.504403,0.506795,0.50452,-0.0023923
52.365,0.527692,0.506735,0.504464,0.0209572
52.37,0.538794,0.506676,0.504408,0.0321185
52.375,0.534447,0.506616,0.504352,0.0278306
52.38,0.503927,0.506556,0.504295,-0.00262936
52.385,0.488793,0.506497,0.504239,-0.0177043
52.39,0.491361,0.506437,0.504183,-0.0150762
52.395,0.501575,0.506378,0.504127,-0.00480268
52.4,0.506811,0.506319,0.504071,0.00049215
52.405,0.510417,0.506259,0.504014,0.00415772
52.41,0.503462,0.5062,0.503958,-0.00273755
52.415,0.492487,0.50614,0.503902,-0.0136538
52.42,0.488226,0.506081,0.503846,-0.0178554
52.425,0.487773,0.506022,0.50379,-0.0182486
52.43,0.480349,0.505963,0.503734,-0.025614
52.435,0.468375,0.505904,0.503678,-0.0375283
52.44,0.465455,0.505845,0.503622,-0.0403894
52.445,0.473954,0.505785,0.503566,-0.0318317
52.45,0.491047,0.505726,0.503509,-0.0146798
52.455,0.501394,0.505667,0.503453,-0.00427368
52.46,0.511858,0.505608,0.503397,0.00624945
52.465,0.508597,0.505549,0.503341,0.00304767
52.47,0.507733,0.50549,0.503285,0.00224276
52.475,0.500068,0.505432,0.503229,-0.005364
52.48,0.486606,0.505373,0.503173,-0.0187664
52.485,0.473156,0.505314,0.503117,-0.0321579
52.49,0.471671,0.505255,0.503061,-0.0335839
52.495,0.478592,0.505196,0.503005,-0.0266048
52.5,0.486725,0.505138,0.50295,-0.0184126
52.505,0.497727,0.505079,0.502894,-0.00735133
52.51,0.509334,0.50502,0.502838,0.00431381
52.515,0.504024,0.504962,0.502782,-0.000937957
52.52,0.491944,0.504903,0.502726,-0.012959
52.525,0.460096,0.504844,0.50267,-0.0447488
52.53,0.471615,0.504786,0.502614,-0.0331705
52.535,0.483997,0.504727,0.502558,-0.0207304
52.54,0.498246,0.504669,0.502502,-0.00642236
52.545,0.500827,0.50461,0.502447,-0.00378342
52.55,0.486108,0.504552,0.502391,-0.0184439
52.555,0.483066,0.504493,0.502335,-0.0214277
52.56,0.489191,0.504435,0.502279,-0.0152442
52.565,0.49044,0.504377,0.502223,-0.0139369
52.57,0.503788,0.504318,0.502168,-0.000530913
52.575,0.511324,0.50426,0.502112,0.0070639
52.58,0.509417,0.504202,0.502056,0.00521458
52.585,0.510943,0.504144,0.502,0.0067994
52.59,0.496648,0.504086,0.501945,-0.00743751
52.595,0.489558,0.504027,0.501889,-0.0144698
52.6,0.475347,0.503969,0.501833,-0.028622
52.605,0.465925,0.503911,0.501778,-0.0379859
52.61,0.471267,0.503853,0.501722,-0.0325859
52.615,0.467957,0.503795,0.501666,-0.0358379
52.62,0.458883,0.503737,0.501611,-0.0448537
52.625,0.462778,0.503679,0.501555,-0.040901
52.63,0.453944,0.503621,0.501499,-0.0496771
52.635,0.476957,0.503563,0.501444,-0.0266059
52.64,0.489699,0.503505,0.501388,-0.0138058
52.645,0.496712,0.503447,0.501333,-0.00673506
52.65,0.49532,0.50339,0.501277,-0.00806993
52.655,0.49522,0.503332,0.501221,-0.00811196
52.66,0.50301,0.503274,0.501166,-0.000263474
52.665,0.507569,0.503216,0.50111,0.00435295
52.67,0.504358,0.503158,0.501055,0.00119925
52.675,0.502993,0.503101,0.500999,-0.000107362
52.68,0.507139,0.503043,0.500944,0.00409604
52.685,0.499011,0.502985,0.500888,-0.00397428
52.69,0.499769,0.502928,0.500833,-0.00315905
52.695,0.501769,0.50287,0.500777,-0.00110153
52.7,0.523277,0.502813,0.500722,0.0204647
52.705,0.523908,0.502755,0.500666,0.0211528
52.71,0.522108,0.502697,0.500611,0.0194103
52.715,0.517282,0.50264,0.500555,0.0146417
52.72,0.515984,0.502583,0.5005,0.0134016
52.725,0.51932,0.502525,0.500445,0.0167948
52.73,0.495669,0.502468,0.500389,-0.00679845
52.735,0.48939,0.50241,0.500334,-0.01302
52.74,0.486572,0.502353,0.500279,-0.015781
52.745,0.47476,0.502296,0.500223,-0.0275357
52.75,0.478089,0.502238,0.500168,-0.0241493
52.755,0.469669,0.502181,0.500112,-0.0325118
52.76,0.470015,0.502124,0.500057,-0.0321084
52.765,0.476563,0.502066,0.500002,-0.0255039
52.77,0.479843,0.502009,0.499947,-0.0221658
52.775,0.476363,0.501952,0.499891,-0.0255892
52.78,0.473929,0.501895,0.499836,-0.027966
52.785,0.467648,0.501838,0.499781,-0.03419
52.79,0.466449,0.501781,0.499726,-0.0353316
52.795,0.468673,0.501723,0.49967,-0.0330502
52.8,0.474291,0.501666,0.499615,-0.0273751
52.805,0.477028,0.501609,0.49956,-0.0245814
52.81,0.483655,0.501552,0.499505,-0.0178971
52.815,0.488438,0.501495,0.499449,-0.0130574
52.82,0.47858,0.501438,0.499394,-0.0228582
52.825,0.490904,0.501381,0.499339,-0.0104775
52.83,0.489505,0.501325,0.499284,-0.0118193
52.835,0.493848,0.501268,0.499229,-0.00741989
52.84,0.49596,0.501211,0.499174,-0.00525031
52.845,0.489185,0.501154,0.499119,-0.0119684
52.85,0.488988,0.501097,0.499063,-0.012109
52.855,0.498124,0.50104,0.499008,-0.00291609
52.86,0.495619,0.500983,0.498953,-0.0053648
52.865,0.494744,0.500927,0.498898,-0.00618291
52.87,0.487544,0.50087,0.498843,-0.0133261
52.875,0.479008,0.500813,0.498788,-0.0218057
52.88,0.476245,0.500757,0.498733,-0.0245113
52.885,0.482005,0.5007,0.498678,-0.0186948
52.89,0.478515,0.500643,0.498623,-0.0221287
52.895,0.477352,0.500587,0.498568,-0.0232343
52.9,0.479176,0.50053,0.498513,-0.0213539
52.905,0.47777,0.500473,0.498458,-0.0227034
52.91,0.487556,0.500417,0.498403,-0.0128604
52.915,0.478282,0.50036,0.498348,-0.0220788
52.92,0.470911,0.500304,0.498293,-0.029393
52.925,0.471356,0.500247,0.498238,-0.0288913
52.93,0.469381,0.500191,0.498183,-0.0308104
52.935,0.471648,0.500134,0.498128,-0.0284862
52.94,0.482773,0.500078,0.498073,-0.0173047
52.945,0.504863,0.500022,0.498019,0.0048416
52.95,0.513912,0.499965,0.497964,0.013947
52.955,0.519223,0.499909,0.497909,0.0193146
52.96,0.495735,0.499853,0.497854,-0.00411795
52.965,0.488823,0.499796,0.497799,-0.0109736
52.97,0.477264,0.49974,0.497744,-0.0224755
52.975,0.467907,0.499684,0.497689,-0.0317772
52.98,0.460844,0.499628,0.497635,-0.0387834
52.985,0.463799,0.499571,0.49758,-0.0357722
52.99,0.457976,0.499515,0.497525,-0.0415395
52.995,0.453895,0.499459,0.49747,-0.0455641
53,0.437003,0.499403,0.497416,-0.0624
53.005,0.417395,0.499347,0.497361,-0.0819518
53.01,0.425758,0.499291,0.497306,-0.0735323
53.015,0.432666,0.499234,0.497251,-0.0665681
53.02,0.445462,0.499178,0.497197,-0.0537165
53.025,0.451093,0.499122,0.497142,-0.0480289
53.03,0.446709,0.499066,0.497087,-0.0523568
53.035,0.448945,0.49901,0.497033,-0.0500652
53.04,0.469202,0.498954,0.496978,-0.0297526
53.045,0.471257,0.498898,0.496923,-0.027641
53.05,0.481349,0.498842,0.496869,-0.0174929
53.055,0.480307,0.498786,0.496814,-0.0184797
53.06,0.465304,0.498731,0.496759,-0.0334268
53.065,0.460757,0.498675,0.496705,-0.0379174
53.07,0.463838,0.498619,0.49665,-0.0347807
53.075,0.47241,0.498563,0.496596,-0.0261533
53.08,0.470465,0.498507,0.496541,-0.0280419
53.085,0.459183,0.498451,0.496486,-0.0392683
53.09,0.456416,0.498396,0.496432,-0.0419795
53.095,0.468918,0.49834,0.496377,-0.0294216
53.1,0.488678,0.498284,0.496323,-0.00960583
53.105,0.486477,0.498228,0.496268,-0.0117508
53.11,0.481507,0.498173,0.496214,-0.0166655
53.115,0.489771,0.498117,0.496159,-0.00834611
53.12,0.502804,0.498061,0.496105,0.00474294
53.125,0.515354,0.498006,0.49605,0.0173485
53.13,0.520302,0.49795,0.495996,0.0223519
53.135,0.499378,0.497894,0.495941,0.0014836
53.14,0.49002,0.497839,0.495887,-0.007819
53.145,0.493585,0.497783,0.495832,-0.00419855
53.15,0.486332,0.497728,0.495778,-0.0113955
53.155,0.504465,0.497672,0.495724,0.00679311
53.16,0.495962,0.497617,0.495669,-0.00165451
53.165,0.495464,0.497561,0.495615,-0.00209745
53.17,0.483719,0.497506,0.49556,-0.0137867
53.175,0.476192,0.49745,0.495506,-0.021258
53.18,0.479695,0.497395,0.495452,-0.0177
53.185,0.478143,0.49734,0.495397,-0.0191967
53.19,0.473134,0.497284,0.495343,-0.0241501
53.195,0.479838,0.497229,0.495289,-0.0173905
53.2,0.481772,0.497173,0.495234,-0.0154018
53.205,0.492463,0.497118,0.49518,-0.00465549
53.21,0.494729,0.497063,0.495126,-0.00233422
53.215,0.484662,0.497007,0.495072,-0.0123459
53.22,0.485836,0.496952,0.495017,-0.011116
53.225,0.476737,0.496897,0.494963,-0.0201598
53.23,0.465857,0.496842,0.494909,-0.0309843
53.235,0.464679,0.496787,0.494855,-0.0321076
53.24,0.462266,0.496731,0.4948,-0.0344654
53.245,0.471708,0.496676,0.494746,-0.0249685
53.25,0.483887,0.496621,0.494692,-0.0127339
53.255,0.481613,0.496566,0.494638,-0.0149531
53.26,0.49902,0.496511,0.494584,0.00250898
53.265,0.496666,0.496456,0.494529,0.000210089
53.27,0.495171,0.496401,0.494475,-0.00122934
53.275,0.481298,0.496346,0.494421,-0.0150476
53.28,0.470237,0.49629,0.494367,-0.0260537
53.285,0.473195,0.496235,0.494313,-0.0230407
53.29,0.49146,0.49618,0.494259,-0.00472046
53.295,0.497029,0.496125,0.494205,0.000903979
53.3,0.487175,0.496071,0.494151,-0.00889594
53.305,0.47156,0.496016,0.494097,-0.0244556
53.31,0.462604,0.495961,0.494042,-0.0333563
53.315,0.462652,0.495906,0.493988,-0.0332542
53.32,0.458464,0.495851,0.493934,-0.0373864
53.325,0.445872,0.495796,0.49388,-0.0499235
53.33,0.445437,0.495741,0.493826,-0.0503041
53.335,0.459267,0.495686,0.493772,-0.0364195
53.34,0.484824,0.495631,0.493718,-0.0108071
53.345,0.491276,0.495577,0.493664,-0.00430105
53.35,0.477412,0.495522,0.49361,-0.0181098
53.355,0.463093,0.495467,0.493556,-0.0323743
53.36,0.455942,0.495412,0.493502,-0.0394708
53.365,0.461582,0.495358,0.493449,-0.0337753
53.37,0.454465,0.495303,0.493395,-0.0408379
53.375,0.445985,0.495248,0.493341,-0.0492633
53.38,0.437786,0.495194,0.493287,-0.0574078
53.385,0.445496,0.495139,0.493233,-0.0496428
53.39,0.462929,0.495084,0.493179,-0.0321554
53.395,0.465374,0.49503,0.493125,-0.0296554
53.4,0.464285,0.494975,0.493071,-0.0306897
53.405,0.471806,0.49492,0.493017,-0.0231141
53.41,0.471807,0.494866,0.492964,-0.0230588
53.415,0.470825,0.494811,0.49291,-0.0239863
53.42,0.469535,0.494757,0.492856,-0.0252222
53.425,0.453062,0.494702,0.492802,-0.0416406
53.43,0.452817,0.494648,0.492748,-0.0418307
53.435,0.457664,0.494593,0.492694,-0.0369295
53.44,0.458585,0.494539,0.492641,-0.035954
53.445,0.467862,0.494484,0.492587,-0.0266227
53.45,0.470876,0.49443,0.492533,-0.0235536
53.455,0.480424,0.494376,0.492479,-0.0139518
53.46,0.474959,0.494321,0.492426,-0.0193619
53.465,0.462986,0.494267,0.492372,-0.0312811
53.47,0.453767,0.494212,0.492318,-0.0404451
53.475,0.456942,0.494158,0.492265,-0.0372163
53.48,0.456743,0.494104,0.492211,-0.0373607
53.485,0.458437,0.494049,0.492157,-0.0356122
53.49,0.453584,0.493995,0.492104,-0.0404116
53.495,0.450914,0.493941,0.49205,-0.0430266
53.5,0.457664,0.493887,0.491996,-0.036223
53.505,0.45391,0.493832,0.491943,-0.039922
53.51,0.45229,0.493778,0.491889,-0.0414879
53.515,0.458793,0.493724,0.491835,-0.034931
53.52,0.442507,0.49367,0.491782,-0.0511624
53.525,0.440729,0.493616,0.491728,-0.0528868
53.53,0.430215,0.493561,0.491675,-0.0633464
53.535,0.431128,0.493507,0.491621,-0.0623791
53.54,0.442024,0.493453,0.491567,-0.0514289
53.545,0.455567,0.493399,0.491514,-0.037832
53.55,0.454727,0.493345,0.49146,-0.0386178
53.555,0.453181,0.493291,0.491407,-0.0401101
53.56,0.465013,0.493237,0.491353,-0.0282238
53.565,0.461235,0.493183,0.4913,-0.0319478
53.57,0.465748,0.493129,0.491246,-0.0273804
53.575,0.459998,0.493075,0.491193,-0.0330772
53.58,0.447252,0.493021,0.491139,-0.0457691
53.585,0.446424,0.492967,0.491086,-0.046543
53.59,0.443416,0.492913,0.491032,-0.0494969
53.595,0.435217,0.492859,0.490979,-0.0576417
53.6,0.431251,0.492805,0.490926,-0.0615543
53.605,0.430751,0.492751,0.490872,-0.0619998
53.61,0.434947,0.492697,0.490819,-0.0577508
53.615,0.439661,0.492643,0.490765,-0.0529826
53.62,0.445192,0.49259,0.490712,-0.0473978
53.625,0.441245,0.492536,0.490659,-0.0512905
53.63,0.442161,0.492482,0.490605,-0.0503207
53.635,0.45102,0.492428,0.490552,-0.0414079
53.64,0.452217,0.492374,0.490499,-0.0401577
53.645,0.45237,0.492321,0.490445,-0.0399503
53.65,0.44968,0.492267,0.490392,-0.042587
53.655,0.444887,0.492213,0.490339,-0.0473259
53.66,0.466289,0.492159,0.490285,-0.0258708
53.665,0.469773,0.492106,0.490232,-0.0223324
53.67,0.467697,0.492052,0.490179,-0.0243547
53.675,0.467684,0.491998,0.490125,-0.0243142
53.68,0.461753,0.491945,0.490072,-0.0301915
53.685,0.465956,0.491891,0.490019,-0.0259355
53.69,0.460065,0.491837,0.489966,-0.0317729
53.695,0.458157,0.491784,0.489912,-0.0336272
53.7,0.450365,0.49173,0.489859,-0.0413651
53.705,0.43864,0.491677,0.489806,-0.053037
53.71,0.427942,0.491623,0.489753,-0.0636812
53.715,0.424889,0.49157,0.4897,-0.0666805
53.72,0.440372,0.491516,0.489646,-0.0511437
53.725,0.449184,0.491463,0.489593,-0.042279
53.73,0.454018,0.491409,0.48954,-0.0373914
53.735,0.456286,0.491356,0.489487,-0.0350695
53.74,0.452383,0.491302,0.489434,-0.0389186
53.745,0.444477,0.491249,0.489381,-0.0467722
53.75,0.443146,0.491195,0.489328,-0.048049
53.755,0.442257,0.491142,0.489275,-0.048885
53.76,0.446575,0.491088,0.489221,-0.0445137
53.765,0.439549,0.491035,0.489168,-0.0514858
53.77,0.431222,0.490982,0.489115,-0.0597599
53.775,0.424287,0.490928,0.489062,-0.0666412
53.78,0.434592,0.490875,0.489009,-0.0562827
53.785,0.441078,0.490822,0.488956,-0.0497436
53.79,0.436537,0.490768,0.488903,-0.0542309
53.795,0.438027,0.490715,0.48885,-0.0526884
53.8,0.438689,0.490662,0.488797,-0.0519733
53.805,0.44571,0.490609,0.488744,-0.0448987
53.81,0.440544,0.490555,0.488691,-0.0500116
53.815,0.446601,0.490502,0.488638,-0.0439012
53.82,0.439634,0.490449,0.488585,-0.0508149
53.825,0.441255,0.490396,0.488532,-0.0491411
53.83,0.439756,0.490343,0.488479,-0.0505868
53.835,0.442257,0.490289,0.488426,-0.0480324
53.84,0.436404,0.490236,0.488373,-0.0538324
53.845,0.441493,0.490183,0.488321,-0.0486903
53.85,0.4347,0.49013,0.488268,-0.0554299
53.855,0.444438,0.490077,0.488215,-0.0456392
53.86,0.446659,0.490024,0.488162,-0.0433649
53.865,0.450606,0.489971,0.488109,-0.0393647
53.87,0.459702,0.489918,0.488056,-0.0302157
53.875,0.464185,0.489865,0.488003,-0.02568
53.88,0.466703,0.489812,0.487951,-0.0231084
53.885,0.46329,0.489759,0.487898,-0.0264692
53.89,0.45338,0.489706,0.487845,-0.036326
53.895,0.455633,0.489653,0.487792,-0.0340195
53.9,0.456341,0.4896,0.487739,-0.0332588
53.905,0.449654,0.489547,0.487686,-0.039893
53.91,0.447448,0.489494,0.487634,-0.0420463
53.915,0.449898,0.489441,0.487581,-0.039543
53.92,0.452618,0.489388,0.487528,-0.0367702
53.925,0.452525,0.489335,0.487475,-0.0368106
53.93,0.448551,0.489282,0.487423,-0.040731
53.935,0.448658,0.48923,0.48737,-0.0405719
53.94,0.463153,0.489177,0.487317,-0.0260233
53.945,0.457323,0.489124,0.487265,-0.0318005
53.95,0.447815,0.489071,0.487212,-0.0412561
53.955,0.438991,0.489018,0.487159,-0.0500278
53.96,0.451615,0.488966,0.487107,-0.0373503
53.965,0.46789,0.488913,0.487054,-0.0210228
53.97,0.465183,0.48886,0.487001,-0.0236768
53.975,0.447941,0.488807,0.486949,-0.0408662
53.98,0.434616,0.488755,0.486896,-0.0541386
53.985,0.424376,0.488702,0.486843,-0.0643254
53.99,0.425433,0.488649,0.486791,-0.0632159
53.995,0.419839,0.488597,0.486738,-0.068758
54,0.417324,0.488544,0.486686,-0.07122
54.005,0.443,0.488491,0.486633,-0.0454913
54.01,0.452309,0.488439,0.48658,-0.0361301
54.015,0.461336,0.488386,0.486528,-0.0270501
54.02,0.463831,0.488333,0.486475,-0.0245028
54.025,0.471326,0.488281,0.486423,-0.0169551
54.03,0.483861,0.488228,0.48637,-0.00436781
54.035,0.484571,0.488176,0.486318,-0.0036044
54.04,0.47716,0.488123,0.486265,-0.0109634
54.045,0.464979,0.488071,0.486213,-0.0230922
54.05,0.45633,0.488018,0.48616,-0.0316879
54.055,0.445306,0.487966,0.486108,-0.0426595
54.06,0.451155,0.487913,0.486055,-0.0367587
54.065,0.452871,0.487861,0.486003,-0.0349894
54.07,0.456106,0.487808,0.48595,-0.0317029
54.075,0.452368,0.487756,0.485898,-0.0353876
54.08,0.457856,0.487704,0.485846,-0.0298473
54.085,0.457988,0.487651,0.485793,-0.029663
54.09,0.465857,0.487599,0.485741,-0.0217423
54.095,0.46808,0.487546,0.485688,-0.0194664
54.1,0.473185,0.487494,0.485636,-0.0143088
54.105,0.469163,0.487442,0.485584,-0.0182784
54.11,0.458301,0.487389,0.485531,-0.0290881
54.115,0.449404,0.487337,0.485479,-0.037933
54.12,0.432989,0.487285,0.485426,-0.0542962
54.125,0.438099,0.487233,0.485374,-0.0491332
54.13,0.441651,0.48718,0.485322,-0.0455293
54.135,0.442243,0.487128,0.48527,-0.0448849
54.14,0.442864,0.487076,0.485217,-0.0442117
54.145,0.438303,0.487024,0.485165,-0.0487203
54.15,0.443903,0.486971,0.485113,-0.043069
54.155,0.447258,0.486919,0.48506,-0.0396612
54.16,0.441766,0.486867,0.485008,-0.045101
54.165,0.449217,0.486815,0.484956,-0.0375984
54.17,0.454004,0.486763,0.484904,-0.0327591
54.175,0.463506,0.486711,0.484851,-0.0232051
54.18,0.449693,0.486659,0.484799,-0.0369659
54.185,0.443907,0.486607,0.484747,-0.042699
54.19,0.44964,0.486554,0.484695,-0.0369145
54.195,0.448775,0.486502,0.484643,-0.0377275
54.2,0.457084,0.48645,0.48459,-0.0293663
54.205,0.454291,0.486398,0.484538,-0.0321072
54.21,0.453324,0.486346,0.484486,-0.0330226
54.215,0.465374,0.486294,0.484434,-0.0209206
54.22,0.461757,0.486242,0.484382,-0.0244854
54.225,0.465918,0.48619,0.48433,-0.0202725
54.23,0.471963,0.486138,0.484278,-0.0141751
54.235,0.461917,0.486086,0.484225,-0.0241691
54.24,0.457869,0.486034,0.484173,-0.0281657
54.245,0.449329,0.485983,0.484121,-0.036654
54.25,0.444819,0.485931,0.484069,-0.0411113
54.255,0.466686,0.485879,0.484017,-0.0191928
54.26,0.471538,0.485827,0.483965,-0.0142888
54.265,0.470328,0.485775,0.483913,-0.0154468
54.27,0.462228,0.485723,0.483861,-0.0234956
54.275,0.458209,0.485671,0.483809,-0.0274627
54.28,0.456771,0.48562,0.483757,-0.0288485
54.285,0.456592,0.485568,0.483705,-0.0289756
54.29,0.447643,0.485516,0.483653,-0.0378729
54.295,0.454383,0.485464,0.483601,-0.0310807
54.3,0.45979,0.485412,0.483549,-0.0256222
54.305,0.459758,0.485361,0.483497,-0.0256025
54.31,0.459451,0.485309,0.483445,-0.0258574
54.315,0.444899,0.485257,0.483393,-0.0403584
54.32,0.445115,0.485206,0.483341,-0.0400904
54.325,0.44146,0.485154,0.483289,-0.0436942
54.33,0.445677,0.485086,0.483237,-0.0394094
54.335,0.4534,0.485034,0.483185,-0.0316347
54.34,0.458527,0.484983,0.483133,-0.0264562
54.345,0.447874,0.484931,0.483082,-0.0370576
54.35,0.450824,0.48488,0.48303,-0.0340557
54.355,0.465295,0.484828,0.482978,-0.0195326
54.36,0.463675,0.484776,0.482926,-0.0211017
54.365,0.479039,0.484725,0.482874,-0.00568623
54.37,0.476219,0.484673,0.482822,-0.00845451
54.375,0.47925,0.484622,0.48277,-0.00537131
54.38,0.477307,0.48457,0.482719,-0.00726296
54.385,0.462561,0.484519,0.482667,-0.0219575
54.39,0.453632,0.484467,0.482615,-0.0308353
54.395,0.457435,0.484416,0.482563,-0.0269804
54.4,0.459127,0.484364,0.482511,-0.0252378
54.405,0.457711,0.484313,0.48246,-0.0266017
54.41,0.449875,0.484261,0.482408,-0.0343861
54.415,0.449809,0.48421,0.482356,-0.0344012
54.42,0.458022,0.484159,0.482304,-0.0261367
54.425,0.455075,0.484107,0.482253,-0.0290326
54.43,0.450198,0.484056,0.482201,-0.0338582
54.435,0.442702,0.484005,0.482149,-0.0413029
54.44,0.451033,0.483953,0.482097,-0.0329206
54.445,0.451713,0.483902,0.482046,-0.032189
54.45,0.457501,0.483851,0.481994,-0.0263494
54.455,0.440911,0.483799,0.481942,-0.0428881
54.46,0.436231,0.483748,0.481891,-0.0475171
54.465,0.44415,0.483697,0.481839,-0.0395463
54.47,0.447287,0.483645,0.481787,-0.0363582
54.475,0.466823,0.483594,0.481736,-0.0167709
54.48,0.466764,0.483543,0.481684,-0.0167794
54.485,0.465994,0.483492,0.481633,-0.0174975
54.49,0.469856,0.483441,0.481581,-0.0135844
54.495,0.456564,0.483389,0.481529,-0.0268254
54.5,0.45524,0.483338,0.481478,-0.0280981
54.505,0.457176,0.483287,0.481426,-0.0261109
54.51,0.463706,0.483236,0.481375,-0.0195297
54.515,0.474895,0.483185,0.481323,-0.00828987
54.52,0.467181,0.483134,0.481272,-0.0159526
54.525,0.456391,0.483083,0.48122,-0.0266912
54.53,0.444785,0.483032,0.481168,-0.0382465
54.535,0.443321,0.48298,0.481117,-0.0396593
54.54,0.434883,0.482929,0.481065,-0.0480459
54.545,0.426179,0.482878,0.481014,-0.0566991
54.55,0.436908,0.482827,0.480962,-0.0459195
54.555,0.449579,0.482776,0.480911,-0.0331975
54.56,0.457405,0.482725,0.48086,-0.0253205
54.565,0.452268,0.482674,0.480808,-0.030406
54.57,0.440132,0.482623,0.480757,-0.0424912
54.575,0.445538,0.482572,0.480705,-0.0370339
54.58,0.454174,0.482521,0.480654,-0.0283478
54.585,0.446758,0.48247,0.480602,-0.0357122
54.59,0.445442,0.48242,0.480551,-0.0369776
54.595,0.432888,0.482369,0.4805,-0.0494805
54.6,0.429341,0.482318,0.480448,-0.0529771
54.605,0.429081,0.482267,0.480397,-0.0531855
54.61,0.438144,0.482216,0.480345,-0.0440723
54.615,0.440753,0.482165,0.480294,-0.0414125
54.62,0.439143,0.482114,0.480243,-0.0429713
54.625,0.440566,0.482064,0.480191,-0.0414972
54.63,0.446025,0.482013,0.48014,-0.0359876
54.635,0.455316,0.481962,0.480089,-0.0266462
54.64,0.452816,0.481911,0.480037,-0.0290949
54.645,0.441048,0.48186,0.479986,-0.0408121
54.65,0.434689,0.48181,0.479935,-0.0471204
54.655,0.429371,0.481759,0.479883,-0.0523879
54.66,0.435482,0.481708,0.479832,-0.0462259
54.665,0.428311,0.481657,0.479781,-0.0533468
54.67,0.43027,0.481607,0.47973,-0.0513368
54.675,0.428161,0.481556,0.479678,-0.0533955
54.68,0.439235,0.481505,0.479627,-0.0422707
54.685,0.451703,0.481455,0.479576,-0.029752
54.69,0.455519,0.481404,0.479525,-0.0258854
54.695,0.459497,0.481354,0.479474,-0.0218563
54.7,0.461433,0.481303,0.479422,-0.0198695
54.705,0.452562,0.481252,0.479371,-0.0286899
54.71,0.450488,0.481202,0.47932,-0.0307142
54.715,0.451897,0.481151,0.479269,-0.0292543
54.72,0.444815,0.481101,0.479218,-0.0362859
54.725,0.458482,0.48105,0.479166,-0.0225679
54.73,0.453269,0.481,0.479115,-0.0277303
54.735,0.441012,0.480949,0.479064,-0.0399372
54.74,0.438638,0.480899,0.479013,-0.0422602
54.745,0.439417,0.480848,0.478962,-0.0414311
54.75,0.44527,0.480798,0.478911,-0.0355274
54.755,0.45023,0.480747,0.47886,-0.0305171
54.76,0.445586,0.480697,0.478809,-0.0351112
54.765,0.438932,0.480646,0.478758,-0.041714
54.77,0.428927,0.480596,0.478707,-0.0516686
54.775,0.431012,0.480545,0.478656,-0.0495332
54.78,0.425661,0.480495,0.478604,-0.0548338
54.785,0.42584,0.480445,0.478553,-0.0546045
54.79,0.419141,0.480394,0.478502,-0.0612529
54.795,0.418224,0.480344,0.478451,-0.0621196
54.8,0.431527,0.480294,0.4784,-0.0487665
54.805,0.44213,0.480243,0.478349,-0.0381134
54.81,0.440753,0.480193,0.478298,-0.03944
54.815,0.43779,0.480143,0.478247,-0.0423531
54.82,0.432366,0.480093,0.478196,-0.0477268
54.825,0.433135,0.480042,0.478145,-0.0469075
54.83,0.440826,0.479992,0.478095,-0.0391657
54.835,0.459075,0.479942,0.478044,-0.0208664
54.84,0.468229,0.479892,0.477993,-0.0116627
54.845,0.472551,0.479841,0.477942,-0.00729046
54.85,0.459799,0.479791,0.477891,-0.0199921
54.855,0.442313,0.479741,0.47784,-0.0374277
54.86,0.445812,0.479691,0.477789,-0.0338793
54.865,0.447736,0.479641,0.477738,-0.031905
54.87,0.44862,0.479591,0.477687,-0.0309703
54.875,0.449182,0.47954,0.477636,-0.0303588
54.88,0.448782,0.47949,0.477586,-0.0307086
54.885,0.445701,0.47944,0.477535,-0.0337393
54.89,0.435198,0.47939,0.477484,-0.0441922
54.895,0.419343,0.47934,0.477433,-0.0599968
54.9,0.429342,0.47929,0.477382,-0.0499485
54.905,0.452549,0.47924,0.477331,-0.0266913
54.91,0.476333,0.47919,0.477281,-0.00285696
54.915,0.479401,0.47914,0.47723,0.000260824
54.92,0.473194,0.47909,0.477179,-0.0058963
54.925,0.467873,0.47904,0.477128,-0.0111673
54.93,0.455711,0.47899,0.477077,-0.0232796
54.935,0.458022,0.47894,0.477027,-0.0209183
54.94,0.469656,0.47889,0.476976,-0.00923454
54.945,0.474465,0.47884,0.476925,-0.00437485
54.95,0.472477,0.47879,0.476875,-0.00631367
54.955,0.465924,0.47874,0.476824,-0.0128169
54.96,0.452214,0.478691,0.476773,-0.0264764
54.965,0.446828,0.478641,0.476722,-0.0318127
54.97,0.428733,0.478591,0.476672,-0.0498575
54.975,0.406716,0.478541,0.476621,-0.0718248
54.98,0.406157,0.478491,0.47657,-0.072334
54.985,0.414209,0.478441,0.47652,-0.0642324
54.99,0.428009,0.478392,0.476469,-0.0503822
54.995,0.432423,0.478342,0.476418,-0.0459187
55,0.432063,0.478292,0.476368,-0.0462288
55.005,0.437443,0.478242,0.476317,-0.0407991
55.01,0.446331,0.478193,0.476267,-0.0318618
55.015,0.454339,0.478143,0.476216,-0.0238039
55.02,0.456276,0.478093,0.476165,-0.0218168
55.025,0.453397,0.478043,0.476115,-0.0246467
55.03,0.456304,0.477994,0.476064,-0.0216898
55.035,0.456487,0.477944,0.476014,-0.021457
55.04,0.473891,0.477894,0.475963,-0.00400349
55.045,0.469814,0.477845,0.475912,-0.0080309
55.05,0.472687,0.477795,0.475862,-0.00510833
55.055,0.472992,0.477746,0.475811,-0.00475388
55.06,0.465843,0.477696,0.475761,-0.0118531
55.065,0.471505,0.477646,0.47571,-0.00614163
55.07,0.465464,0.477597,0.47566,-0.0121329
55.075,0.45562,0.477547,0.475609,-0.0219268
55.08,0.452482,0.477498,0.475559,-0.0250153
55.085,0.454875,0.477448,0.475508,-0.0225726
55.09,0.442525,0.477399,0.475458,-0.0348737
55.095,0.443811,0.477349,0.475408,-0.0335384
55.1,0.432427,0.4773,0.475357,-0.0448726
55.105,0.427795,0.47725,0.475307,-0.0494548
55.11,0.431336,0.477201,0.475256,-0.0458646
55.115,0.438682,0.477151,0.475206,-0.0384694
55.12,0.449189,0.477102,0.475155,-0.0279126
55.125,0.466682,0.477052,0.475105,-0.0103699
55.13,0.464668,0.477003,0.475055,-0.0123347
55.135,0.456797,0.476954,0.475004,-0.0201568
55.14,0.453618,0.476904,0.474954,-0.0232858
55.145,0.442652,0.476855,0.474903,-0.034203
55.15,0.446845,0.476805,0.474853,-0.0299601
55.155,0.447997,0.476756,0.474803,-0.028759
55.16,0.449378,0.476707,0.474752,-0.027329
55.165,0.453088,0.476657,0.474702,-0.0235696
55.17,0.443649,0.476608,0.474652,-0.0329594
55.175,0.433681,0.476559,0.474601,-0.0428783
55.18,0.450098,0.47651,0.474551,-0.0264115
55.185,0.458963,0.47646,0.474501,-0.0174978
55.19,0.467847,0.476411,0.474451,-0.0085644
55.195,0.465382,0.476362,0.4744,-0.0109802
55.2,0.449515,0.476313,0.47435,-0.0267982
55.205,0.447131,0.476264,0.4743,-0.0291326
55.21,0.455423,0.476214,0.47425,-0.0207914
55.215,0.467737,0.476165,0.474199,-0.00842802
55.22,0.46667,0.476116,0.474149,-0.00944587
55.225,0.464014,0.476067,0.474099,-0.0120524
55.23,0.452761,0.476018,0.474049,-0.0232563
55.235,0.443392,0.475969,0.473998,-0.0325766
55.24,0.430104,0.47592,0.473948,-0.0458151
55.245,0.428175,0.47587,0.473898,-0.0476951
55.25,0.428531,0.475821,0.473848,-0.0472906
55.255,0.430291,0.475772,0.473798,-0.0454817
55.26,0.414562,0.475723,0.473748,-0.0611613
55.265,0.42189,0.475674,0.473697,-0.0537839
55.27,0.433681,0.475625,0.473647,-0.0419438
55.275,0.442544,0.475576,0.473597,-0.0330321
55.28,0.438309,0.475527,0.473547,-0.0372185
55.285,0.42916,0.475478,0.473497,-0.0463178
55.29,0.443521,0.475429,0.473447,-0.031908
55.295,0.458061,0.47538,0.473397,-0.0173196
55.3,0.461732,0.475331,0.473347,-0.0135999
55.305,0.462589,0.475282,0.473297,-0.0126933
55.31,0.456086,0.475234,0.473246,-0.0191477
55.315,0.458276,0.475185,0.473196,-0.0169092
55.32,0.457949,0.475136,0.473146,-0.0171863
55.325,0.460035,0.475087,0.473096,-0.0150515
55.33,0.46426,0.475038,0.473046,-0.0107785
55.335,0.469981,0.474989,0.472996,-0.00500812
55.34,0.475856,0.47494,0.472946,0.000915139
55.345,0.471345,0.474892,0.472896,-0.00354687
55.35,0.468802,0.474843,0.472846,-0.00604045
55.355,0.459793,0.474794,0.472796,-0.0150013
55.36,0.463412,0.474745,0.472746,-0.0113338
55.365,0.461996,0.474697,0.472696,-0.0127005
55.37,0.448312,0.474648,0.472646,-0.0263359
55.375,0.440602,0.474599,0.472596,-0.033997
55.38,0.442824,0.47455,0.472546,-0.0317265
55.385,0.442562,0.474502,0.472497,-0.0319393
55.39,0.46141,0.474453,0.472447,-0.0130435
55.395,0.46252,0.474404,0.472397,-0.0118843
55.4,0.472237,0.474356,0.472347,-0.00211881
55.405,0.460514,0.474307,0.472297,-0.013793
55.41,0.446485,0.474258,0.472247,-0.027773
55.415,0.446371,0.47421,0.472197,-0.0278386
55.42,0.46487,0.474161,0.472147,-0.00929088
55.425,0.480535,0.474113,0.472097,0.00642275
55.43,0.464179,0.474064,0.472048,-0.00988528
55.435,0.450206,0.474016,0.471998,-0.0238096
55.44,0.440629,0.473967,0.471948,-0.0333385
55.445,0.441604,0.473919,0.471898,-0.0323142
55.45,0.451659,0.47387,0.471848,-0.0222113
55.455,0.454316,0.473822,0.471798,-0.019505
55.46,0.459027,0.473773,0.471749,-0.0147462
55.465,0.448244,0.473725,0.471699,-0.0254809
55.47,0.432876,0.473676,0.471649,-0.0407999
55.475,0.442742,0.473628,0.471599,-0.0308858
55.48,0.458485,0.473579,0.47155,-0.0150947
55.485,0.475337,0.473531,0.4715,0.00180612
55.49,0.472138,0.473482,0.47145,-0.00134484
55.495,0.471445,0.473434,0.4714,-0.00198882
55.5,0.476535,0.473386,0.471351,0.00314905
55.505,0.473013,0.473337,0.471301,-0.00032423
55.51,0.470044,0.473289,0.471251,-0.003245
55.515,0.458321,0.473241,0.471201,-0.0149198
55.52,0.466641,0.473192,0.471152,-0.00655145
55.525,0.471176,0.473144,0.471102,-0.00196758
55.53,0.466293,0.473096,0.471052,-0.00680328
55.535,0.46135,0.473048,0.471003,-0.0116973
55.54,0.460303,0.472999,0.470953,-0.0126964
55.545,0.478935,0.472951,0.470903,0.0059844
55.55,0.493918,0.472903,0.470854,0.0210153
55.555,0.497159,0.472855,0.470804,0.0243041
55.56,0.504882,0.472806,0.470755,0.032076
55.565,0.508153,0.472758,0.470705,0.0353952
55.57,0.511509,0.47271,0.470655,0.0387986
55.575,0.511337,0.472662,0.470606,0.038675
55.58,0.508582,0.472614,0.470556,0.0359687
55.585,0.506543,0.472566,0.470507,0.0339774
55.59,0.500172,0.472518,0.470457,0.0276549
55.595,0.47925,0.472469,0.470407,0.00678091
55.6,0.468482,0.472421,0.470358,-0.00393936
55.605,0.480339,0.472373,0.470308,0.00796536
55.61,0.49644,0.472325,0.470259,0.0241145
55.615,0.501033,0.472277,0.470209,0.0287562
55.62,0.496654,0.472229,0.47016,0.0244244
55.625,0.48,0.472181,0.47011,0.00781903
55.63,0.478824,0.472133,0.470061,0.00669038
55.635,0.484087,0.472085,0.470011,0.0120015
55.64,0.481278,0.472037,0.469962,0.00924048
55.645,0.482694,0.471989,0.469912,0.0107049
55.65,0.479985,0.471941,0.469863,0.00804392
55.655,0.473746,0.471893,0.469813,0.00185294
55.66,0.48375,0.471845,0.469764,0.0119048
55.665,0.488362,0.471798,0.469714,0.0165641
55.67,0.484388,0.47175,0.469665,0.0126385
55.675,0.492397,0.471702,0.469616,0.0206952
55.68,0.487932,0.471654,0.469566,0.016278
55.685,0.485261,0.471606,0.469517,0.0136546
55.69,0.478353,0.471558,0.469467,0.00679428
55.695,0.477377,0.471511,0.469418,0.00586635
55.7,0.485016,0.471463,0.469369,0.0135537
55.705,0.495832,0.471415,0.469319,0.0244167
55.71,0.49245,0.471367,0.46927,0.0210831
55.715,0.486324,0.471319,0.469221,0.0150046
55.72,0.472113,0.471272,0.469171,0.000841438
55.725,0.465287,0.471224,0.469122,-0.00593702
55.73,0.464132,0.471176,0.469073,-0.00704443
55.735,0.466069,0.471129,0.469023,-0.00506005
55.74,0.469489,0.471081,0.468974,-0.00159186
55.745,0.468099,0.471033,0.468925,-0.00293459
55.75,0.475701,0.470986,0.468875,0.00471578
55.755,0.487776,0.470938,0.468826,0.0168379
55.76,0.495477,0.47089,0.468777,0.0245862
55.765,0.489589,0.470843,0.468728,0.0187466
55.77,0.49156,0.470795,0.468678,0.0207644
55.775,0.493115,0.470748,0.468629,0.0223676
55.78,0.4971,0.4707,0.46858,0.0264001
55.785,0.478693,0.470652,0.468531,0.00804065
55.79,0.469717,0.470605,0.468481,-0.000888403
55.795,0.46275,0.470557,0.468432,-0.00780716
55.8,0.46687,0.47051,0.468383,-0.00363997
55.805,0.468093,0.470462,0.468334,-0.00236927
55.81,0.472047,0.470415,0.468285,0.00163191
55.815,0.481375,0.470367,0.468235,0.0110079
55.82,0.472855,0.47032,0.468186,0.00253525
55.825,0.475375,0.470273,0.468137,0.00510203
55.83,0.467215,0.470225,0.468088,-0.00301058
55.835,0.471805,0.470178,0.468039,0.00162746
55.84,0.487079,0.47013,0.46799,0.0169486
55.845,0.481671,0.470083,0.46794,0.0115882
55.85,0.493755,0.470036,0.467891,0.0237195
55.855,0.493059,0.469988,0.467842,0.0230704
55.86,0.494683,0.469941,0.467793,0.0247421
55.865,0.487589,0.469894,0.467744,0.0176952
55.87,0.470433,0.469846,0.467695,0.000586605
55.875,0.451031,0.469799,0.467646,-0.018768
55.88,0.444448,0.469752,0.467597,-0.0253038
55.885,0.455525,0.469705,0.467548,-0.01418
55.89,0.456084,0.469657,0.467499,-0.0135738
55.895,0.45792,0.46961,0.46745,-0.0116906
55.9,0.449342,0.469563,0.467401,-0.0202211
55.905,0.445635,0.469516,0.467352,-0.0238812
55.91,0.44288,0.469469,0.467303,-0.0265888
55.915,0.440237,0.469421,0.467254,-0.0291843
55.92,0.442759,0.469374,0.467205,-0.0266153
55.925,0.454374,0.469327,0.467156,-0.0149531
55.93,0.454433,0.46928,0.467107,-0.0148468
55.935,0.451129,0.469233,0.467058,-0.0181041
55.94,0.44633,0.469186,0.467009,-0.0228558
55.945,0.441819,0.469139,0.46696,-0.0273199
55.95,0.450369,0.469092,0.466911,-0.0187223
55.955,0.454443,0.469045,0.466862,-0.0146016
55.96,0.464037,0.468998,0.466813,-0.00496086
55.965,0.470276,0.468951,0.466764,0.00132579
55.97,0.464214,0.468904,0.466715,-0.00468947
55.975,0.450846,0.468857,0.466666,-0.0180108
55.98,0.438788,0.46881,0.466617,-0.0300212
55.985,0.432408,0.468763,0.466568,-0.0363545
55.99,0.429021,0.468716,0.466519,-0.0396949
55.995,0.431163,0.468669,0.466471,-0.0375061
56,0.427888,0.468622,0.466422,-0.0407338
56.005,0.43359,0.468575,0.466373,-0.0349849
56.01,0.438481,0.468528,0.466324,-0.0300476
56.015,0.4361,0.468481,0.466275,-0.0323813
56.02,0.436562,0.468434,0.466226,-0.031872
56.025,0.433129,0.468388,0.466177,-0.0352591
56.03,0.441335,0.468341,0.466129,-0.0270054
56.035,0.450821,0.468294,0.46608,-0.0174735
56.04,0.459853,0.468247,0.466031,-0.00839432
56.045,0.459879,0.4682,0.465982,-0.00832168
56.05,0.454955,0.468154,0.465933,-0.0131992
56.055,0.448657,0.468107,0.465885,-0.0194499
56.06,0.440772,0.46806,0.465836,-0.0272884
56.065,0.429266,0.468014,0.465787,-0.038748
56.07,0.422172,0.467967,0.465738,-0.0457949
56.075,0.413615,0.46792,0.46569,-0.0543055
56.08,0.419291,0.467873,0.465641,-0.0485828
56.085,0.419548,0.467827,0.465592,-0.0482784
56.09,0.41975,0.46778,0.465544,-0.0480299
56.095,0.411919,0.467734,0.465495,-0.0558143
56.1,0.412678,0.467687,0.465446,-0.0550094
56.105,0.411618,0.46764,0.465397,-0.0560228
56.11,0.423289,0.467594,0.465349,-0.0443047
56.115,0.428655,0.467547,0.4653,-0.038892
56.12,0.440052,0.467501,0.465251,-0.0274484
56.125,0.438424,0.467454,0.465203,-0.0290301
56.13,0.430276,0.467408,0.465154,-0.0371318
56.135,0.424671,0.467361,0.465105,-0.0426903
56.14,0.411789,0.467315,0.465057,-0.0555256
56.145,0.410117,0.467268,0.465008,-0.0571512
56.15,0.403263,0.467222,0.46496,-0.0639589
56.155,0.403139,0.467175,0.464911,-0.0640368
56.16,0.413275,0.467129,0.464862,-0.0538537
56.165,0.422192,0.467083,0.464814,-0.0448905
56.17,0.420592,0.467036,0.464765,-0.0464438
56.175,0.432035,0.46699,0.464717,-0.0349544
56.18,0.430176,0.466943,0.464668,-0.0367676
56.185,0.435492,0.466897,0.46462,-0.0314047
56.19,0.437314,0.466851,0.464571,-0.0295368
56.195,0.441845,0.466804,0.464522,-0.0249591
56.2,0.44952,0.466758,0.464474,-0.0172386
56.205,0.442308,0.466712,0.464425,-0.0244036
56.21,0.433284,0.466666,0.464377,-0.0333812
56.215,0.42928,0.466619,0.464328,-0.0373392
56.22,0.424563,0.466573,0.46428,-0.0420102
56.225,0.429802,0.466527,0.464231,-0.0367252
56.23,0.427319,0.466481,0.464183,-0.0391615
56.235,0.42347,0.466435,0.464134,-0.0429643
56.24,0.424855,0.466388,0.464086,-0.0415338
56.245,0.423428,0.466342,0.464037,-0.0429143
56.25,0.416747,0.466296,0.463989,-0.0495491
56.255,0.420993,0.46625,0.463941,-0.0452567
56.26,0.408495,0.466204,0.463892,-0.0577084
56.265,0.407158,0.466158,0.463844,-0.0590003
56.27,0.403111,0.466112,0.463795,-0.0630003
56.275,0.40344,0.466066,0.463747,-0.0626261
56.28,0.417483,0.46602,0.463698,-0.0485369
56.285,0.420271,0.465974,0.46365,-0.0457029
56.29,0.424235,0.465928,0.463602,-0.0416926
56.295,0.42818,0.465882,0.463553,-0.0377014
56.3,0.434994,0.465836,0.463505,-0.0308421
56.305,0.446041,0.46579,0.463457,-0.0197482
56.31,0.449099,0.465744,0.463408,-0.0166447
56.315,0.460041,0.465698,0.46336,-0.00565715
56.32,0.452585,0.465652,0.463312,-0.0130666
56.325,0.450065,0.465606,0.463263,-0.0155412
56.33,0.42785,0.46556,0.463215,-0.03771
56.335,0.427495,0.465514,0.463167,-0.0380196
56.34,0.429321,0.465468,0.463118,-0.036147
56.345,0.431293,0.465423,0.46307,-0.0341294
56.35,0.427315,0.465377,0.463022,-0.0380621
56.355,0.420689,0.465331,0.462973,-0.0446422
56.36,0.42169,0.465285,0.462925,-0.0435956
56.365,0.427376,0.465239,0.462877,-0.037863
56.37,0.422739,0.465194,0.462829,-0.0424545
56.375,0.416545,0.465148,0.46278,-0.0486029
56.38,0.413948,0.465102,0.462732,-0.0511546
56.385,0.407734,0.465057,0.462684,-0.0573228
56.39,0.417542,0.465011,0.462636,-0.0474685
56.395,0.422263,0.464965,0.462588,-0.0427018
56.4,0.432375,0.46492,0.462539,-0.0325449
56.405,0.443379,0.464874,0.462491,-0.0214951
56.41,0.446133,0.464829,0.462443,-0.0186964
56.415,0.436148,0.464783,0.462395,-0.0286358
56.42,0.446596,0.464738,0.462347,-0.0181422
56.425,0.442734,0.464692,0.462298,-0.0219584
56.43,0.453569,0.464647,0.46225,-0.0110778
56.435,0.452819,0.464601,0.462202,-0.011782
56.44,0.449729,0.464556,0.462154,-0.0148265
56.445,0.452908,0.46451,0.462106,-0.0116019
56.45,0.437709,0.464465,0.462058,-0.026756
56.455,0.436414,0.464419,0.46201,-0.0280055
56.46,0.429586,0.464374,0.461962,-0.0347875
56.465,0.432571,0.464328,0.461913,-0.0317573
56.47,0.441974,0.464283,0.461865,-0.0223094
56.475,0.443496,0.464238,0.461817,-0.020742
56.48,0.438573,0.464192,0.461769,-0.0256188
56.485,0.438747,0.464147,0.461721,-0.0253996
56.49,0.440799,0.464101,0.461673,-0.0233029
56.495,0.445249,0.464056,0.461625,-0.0188076
56.5,0.447383,0.464011,0.461577,-0.0166278
56.505,0.44787,0.463966,0.461529,-0.016096
56.51,0.443689,0.46392,0.461481,-0.0202308
56.515,0.443171,0.463875,0.461433,-0.0207037
56.52,0.429677,0.46383,0.461385,-0.0341532
56.525,0.419482,0.463784,0.461337,-0.0443027
56.53,0.422312,0.463739,0.461289,-0.0414273
56.535,0.439754,0.463694,0.461241,-0.0239401
56.54,0.437948,0.463649,0.461193,-0.0257009
56.545,0.430188,0.463604,0.461145,-0.0334157
56.55,0.419498,0.463559,0.461097,-0.0440608
56.555,0.412748,0.463513,0.461049,-0.0507659
56.56,0.412578,0.463468,0.461001,-0.0508902
56.565,0.417621,0.463423,0.460953,-0.0458018
56.57,0.425989,0.463378,0.460905,-0.0373891
56.575,0.434693,0.463333,0.460857,-0.0286402
56.58,0.428611,0.463288,0.460809,-0.0346767
56.585,0.426633,0.463243,0.460761,-0.0366097
56.59,0.42215,0.463198,0.460714,-0.0410477
56.595,0.431545,0.463153,0.460666,-0.0316081
56.6,0.436764,0.463108,0.460618,-0.0263442
56.605,0.431522,0.463063,0.46057,-0.0315412
56.61,0.428378,0.463018,0.460522,-0.0346402
56.615,0.422208,0.462973,0.460474,-0.0407651
56.62,0.422393,0.462928,0.460426,-0.0405352
56.625,0.426252,0.462883,0.460378,-0.036631
56.63,0.439707,0.462839,0.460331,-0.0231315
56.635,0.449075,0.462794,0.460283,-0.0137185
56.64,0.445202,0.462749,0.460235,-0.0175471
56.645,0.435713,0.462704,0.460187,-0.0269907
56.65,0.417865,0.462659,0.460139,-0.0447946
56.655,0.40821,0.462614,0.460092,-0.0544046
56.66,0.410027,0.46257,0.460044,-0.0525429
56.665,0.419076,0.462525,0.459996,-0.0434491
56.67,0.414983,0.46248,0.459948,-0.0474974
56.675,0.410666,0.462436,0.459901,-0.0517697
56.68,0.406179,0.462391,0.459853,-0.0562115
56.685,0.420545,0.462346,0.459805,-0.0418011
56.69,0.433719,0.462301,0.459757,-0.0285828
56.695,0.431879,0.462257,0.45971,-0.0303774
56.7,0.426475,0.462212,0.459662,-0.0357369
56.705,0.419478,0.462168,0.459614,-0.0426901
56.71,0.419419,0.462123,0.459566,-0.0427036
56.715,0.417982,0.462078,0.459519,-0.0440964
56.72,0.425121,0.462034,0.459471,-0.0369134
56.725,0.437427,0.461989,0.459423,-0.0245622
56.73,0.441984,0.461945,0.459376,-0.0199606
56.735,0.438958,0.4619,0.459328,-0.0229424
56.74,0.435035,0.461856,0.45928,-0.0268208
56.745,0.438438,0.461811,0.459233,-0.0233738
56.75,0.432133,0.461767,0.459185,-0.0296335
56.755,0.426016,0.461723,0.459137,-0.0357064
56.76,0.424633,0.461678,0.45909,-0.0370456
56.765,0.420766,0.461634,0.459042,-0.040868
56.77,0.435757,0.461589,0.458995,-0.0258327
56.775,0.445173,0.461545,0.458947,-0.0163722
56.78,0.445536,0.461501,0.458899,-0.0159652
56.785,0.434764,0.461456,0.458852,-0.0266921
56.79,0.430139,0.461412,0.458804,-0.0312729
56.795,0.418539,0.461368,0.458757,-0.0428287
56.8,0.421275,0.461324,0.458709,-0.0400483
56.805,0.416946,0.461279,0.458661,-0.0443334
56.81,0.41043,0.461235,0.458614,-0.0508056
56.815,0.418482,0.461191,0.458566,-0.0427087
56.82,0.422696,0.461147,0.458519,-0.0384511
56.825,0.430578,0.461103,0.458471,-0.0305245
56.83,0.42539,0.461058,0.458424,-0.0356681
56.835,0.426089,0.461014,0.458376,-0.0349252
56.84,0.430844,0.46097,0.458329,-0.0301264
56.845,0.431962,0.460926,0.458281,-0.0289636
56.85,0.436726,0.460882,0.458234,-0.0241558
56.855,0.439307,0.460838,0.458186,-0.0215308
56.86,0.441288,0.460794,0.458139,-0.0195063
56.865,0.4498,0.46075,0.458091,-0.01095
56.87,0.445165,0.460706,0.458044,-0.0155405
56.875,0.448629,0.460662,0.457996,-0.0120332
56.88,0.441905,0.460618,0.457949,-0.0187126
56.885,0.427975,0.460574,0.457902,-0.0325996
56.89,0.418456,0.46053,0.457854,-0.0420737
56.895,0.423624,0.460486,0.457807,-0.036862
56.9,0.434036,0.460442,0.457759,-0.0264066
56.905,0.444963,0.460399,0.457712,-0.0154352
56.91,0.447724,0.460355,0.457665,-0.0126311
56.915,0.443153,0.460311,0.457617,-0.0171575
56.92,0.441929,0.460267,0.45757,-0.0183378
56.925,0.438106,0.460223,0.457522,-0.0221169
56.93,0.423823,0.460179,0.457475,-0.0363563
56.935,0.422927,0.460136,0.457428,-0.0372092
56.94,0.40653,0.460092,0.45738,-0.0535623
56.945,0.409197,0.460048,0.457333,-0.0508513
56.95,0.407641,0.460005,0.457286,-0.0523641
56.955,0.424333,0.459961,0.457238,-0.0356283
56.96,0.429642,0.459917,0.457191,-0.0302752
56.965,0.435088,0.459874,0.457144,-0.0247861
56.97,0.423805,0.45983,0.457096,-0.0360254
56.975,0.419414,0.459786,0.457049,-0.0403721
56.98,0.417454,0.459743,0.457002,-0.0422891
56.985,0.424779,0.459699,0.456955,-0.0349208
56.99,0.429859,0.459656,0.456907,-0.029797
56.995,0.440203,0.459612,0.45686,-0.019409
57,0.433402,0.459569,0.456813,-0.0261668
57.005,0.429411,0.459525,0.456766,-0.0301145
57.01,0.419011,0.459482,0.456718,-0.0404714
57.015,0.417048,0.459439,0.456671,-0.0423903
57.02,0.41603,0.459395,0.456624,-0.0433654
57.025,0.427423,0.459352,0.456577,-0.0319286
57.03,0.430574,0.459308,0.456529,-0.0287341
57.035,0.440416,0.459265,0.456482,-0.0188487
57.04,0.445129,0.459222,0.456435,-0.0140925
57.045,0.445327,0.459178,0.456388,-0.0138513
57.05,0.441594,0.459135,0.456341,-0.0175408
57.055,0.426878,0.459092,0.456293,-0.0322136
57.06,0.419502,0.459049,0.456246,-0.0395465
57.065,0.414059,0.459005,0.456199,-0.0449464
57.07,0.421729,0.458962,0.456152,-0.0372334
57.075,0.431608,0.458919,0.456105,-0.0273112
57.08,0.433019,0.458876,0.456058,-0.0258572
57.085,0.433168,0.458833,0.456011,-0.0256645
57.09,0.423611,0.45879,0.455964,-0.035178
57.095,0.416932,0.458746,0.455916,-0.0418141
57.1,0.410392,0.458703,0.455869,-0.0483112
57.105,0.415371,0.45866,0.455822,-0.0432896
57.11,0.435084,0.458617,0.455775,-0.0235334
57.115,0.45514,0.458574,0.455728,-0.00343451
57.12,0.458838,0.458531,0.455681,0.00030677
57.125,0.450262,0.458488,0.455634,-0.00822617
57.13,0.433169,0.458445,0.455587,-0.0252767
57.135,0.424442,0.458402,0.45554,-0.0339607
57.14,0.439569,0.458359,0.455493,-0.0187906
57.145,0.439059,0.458317,0.455446,-0.0192578
57.15,0.436372,0.458274,0.455399,-0.0219017
57.155,0.42534,0.458231,0.455352,-0.0328909
57.16,0.421088,0.458188,0.455305,-0.0370999
57.165,0.424686,0.458145,0.455258,-0.0334595
57.17,0.427781,0.458102,0.455211,-0.0303218
57.175,0.435046,0.45806,0.455164,-0.0230137
57.18,0.443524,0.458017,0.455117,-0.0144929
57.185,0.444993,0.457974,0.45507,-0.0129809
57.19,0.432304,0.457931,0.455023,-0.0256275
57.195,0.423993,0.457889,0.454976,-0.033896
57.2,0.424401,0.457846,0.454929,-0.0334454
57.205,0.425858,0.457804,0.454882,-0.0319453
57.21,0.428273,0.457761,0.454835,-0.0294876
57.215,0.428635,0.457718,0.454788,-0.0290834
57.22,0.447036,0.457676,0.454741,-0.0106401
57.225,0.463301,0.457633,0.454694,0.00566819
57.23,0.464929,0.457591,0.454647,0.00733867
57.235,0.452717,0.457548,0.4546,-0.00483114
57.24,0.442995,0.457506,0.454554,-0.0145108
57.245,0.438066,0.457463,0.454507,-0.0193968
57.25,0.44693,0.457421,0.45446,-0.010491
57.255,0.438224,0.457378,0.454413,-0.0191544
57.26,0.449754,0.457336,0.454366,-0.00758181
57.265,0.448337,0.457294,0.454319,-0.00895693
57.27,0.451937,0.457251,0.454272,-0.00531417
57.275,0.445538,0.457209,0.454226,-0.0116712
57.28,0.438335,0.457167,0.454179,-0.0188314
57.285,0.432726,0.457124,0.454132,-0.0243985
57.29,0.433914,0.457082,0.454085,-0.0231681
57.295,0.42961,0.45704,0.454038,-0.0274303
57.3,0.431043,0.456998,0.453992,-0.0259545
57.305,0.431313,0.456956,0.453945,-0.0256426
57.31,0.424155,0.456913,0.453898,-0.0327585
57.315,0.418902,0.456871,0.453851,-0.0379693
57.32,0.410845,0.456829,0.453804,-0.0459845
57.325,0.410562,0.456787,0.453758,-0.0462249
57.33,0.424398,0.456745,0.453711,-0.0323471
57.335,0.426236,0.456703,0.453664,-0.0304666
57.34,0.426516,0.456661,0.453617,-0.0301445
57.345,0.427599,0.456619,0.453571,-0.0290201
57.35,0.433558,0.456577,0.453524,-0.0230185
57.355,0.446918,0.456535,0.453477,-0.00961716
57.36,0.45321,0.456493,0.453431,-0.00328336
57.365,0.451482,0.456451,0.453384,-0.00496881
57.37,0.437851,0.456409,0.453337,-0.018558
57.375,0.43518,0.456367,0.45329,-0.0211872
57.38,0.427408,0.456326,0.453244,-0.0289174
57.385,0.424834,0.456284,0.453197,-0.0314498
57.39,0.424646,0.456242,0.45315,-0.0315964
57.395,0.417381,0.4562,0.453104,-0.0388189
57.4,0.417992,0.456158,0.453057,-0.038166
57.405,0.41155,0.456117,0.453011,-0.0445665
57.41,0.399788,0.456075,0.452964,-0.0562872
57.415,0.406133,0.456033,0.452917,-0.0499001
57.42,0.402964,0.455992,0.452871,-0.0530281
57.425,0.411753,0.45595,0.452824,-0.0441976
57.43,0.41479,0.455908,0.452777,-0.0411186
57.435,0.419136,0.455867,0.452731,-0.0367313
57.44,0.425614,0.455825,0.452684,-0.0302111
57.445,0.421963,0.455784,0.452638,-0.0338206
57.45,0.420745,0.455742,0.452591,-0.0349977
57.455,0.427407,0.455701,0.452545,-0.0282938
57.46,0.432927,0.455659,0.452498,-0.0227325
57.465,0.430875,0.455618,0.452451,-0.0247426
57.47,0.416875,0.455577,0.452405,-0.0387017
57.475,0.415714,0.455535,0.452358,-0.0398208
57.48,0.417963,0.455494,0.452312,-0.037531
57.485,0.42173,0.455453,0.452265,-0.0337225
57.49,0.415262,0.455411,0.452219,-0.0401489
57.495,0.41599,0.45537,0.452172,-0.0393799
57.5,0.421444,0.455329,0.452126,-0.033885
57.505,0.425274,0.455288,0.452079,-0.030014
57.51,0.422965,0.455246,0.452033,-0.0322811
57.515,0.399791,0.455205,0.451986,-0.0554145
57.52,0.407597,0.455164,0.45194,-0.0475675
57.525,0.416509,0.455123,0.451893,-0.0386144
57.53,0.427642,0.455082,0.451847,-0.0274402
57.535,0.426906,0.455041,0.451801,-0.0281346
57.54,0.415934,0.455,0.451754,-0.0390654
57.545,0.412608,0.454959,0.451708,-0.0423505
57.55,0.4225,0.454918,0.451661,-0.0324173
57.555,0.420883,0.454877,0.451615,-0.0339942
57.56,0.417792,0.454836,0.451568,-0.0370434
57.565,0.413073,0.454795,0.451522,-0.0417215
57.57,0.400626,0.454754,0.451476,-0.0541283
57.575,0.398907,0.454713,0.451429,-0.0558065
57.58,0.399706,0.454672,0.451383,-0.0549667
57.585,0.411823,0.454632,0.451337,-0.0428086
57.59,0.417575,0.454591,0.45129,-0.0370155
57.595,0.427191,0.45455,0.451244,-0.0273589
57.6,0.430483,0.454509,0.451197,-0.0240264
57.605,0.428124,0.454469,0.451151,-0.0263449
57.61,0.42544,0.454428,0.451105,-0.0289879
57.615,0.409221,0.454387,0.451058,-0.0451666
57.62,0.417281,0.454347,0.451012,-0.0370657
57.625,0.423507,0.454306,0.450966,-0.0307994
57.63,0.425299,0.454265,0.450919,-0.028967
57.635,0.41701,0.454225,0.450873,-0.0372148
57.64,0.411286,0.454184,0.450827,-0.042898
57.645,0.405935,0.454144,0.450781,-0.0482088
57.65,0.416473,0.454103,0.450734,-0.0376309
57.655,0.419272,0.454063,0.450688,-0.0347908
57.66,0.422234,0.454023,0.450642,-0.0317888
57.665,0.421733,0.453982,0.450596,-0.0322495
57.67,0.438496,0.453942,0.450549,-0.0154464
57.675,0.446474,0.453902,0.450503,-0.00742715
57.68,0.446718,0.453861,0.450457,-0.00714301
57.685,0.435326,0.453821,0.450411,-0.018495
57.69,0.408471,0.453781,0.450364,-0.04531
57.695,0.404917,0.453741,0.450318,-0.0488234
57.7,0.400662,0.4537,0.450272,-0.0530389
57.705,0.404766,0.45366,0.450226,-0.0488942
57.71,0.412924,0.45362,0.45018,-0.040696
57.715,0.412719,0.45358,0.450133,-0.0408616
57.72,0.418331,0.45354,0.450087,-0.0352086
57.725,0.417862,0.4535,0.450041,-0.0356383
57.73,0.417473,0.45346,0.449995,-0.0359868
57.735,0.40962,0.45342,0.449949,-0.0437999
57.74,0.406623,0.45338,0.449903,-0.0467566
57.745,0.405751,0.45334,0.449857,-0.0475897
57.75,0.417921,0.4533,0.44981,-0.0353796
57.755,0.424564,0.45326,0.449764,-0.0286969
57.76,0.431392,0.453221,0.449718,-0.0218283
57.765,0.424001,0.453181,0.449672,-0.0291795
57.77,0.41443,0.453141,0.449626,-0.0387111
57.775,0.399342,0.453101,0.44958,-0.0537594
57.78,0.400341,0.453062,0.449534,-0.0527206
57.785,0.410305,0.453022,0.449488,-0.0427172
57.79,0.426242,0.452982,0.449442,-0.0267407
57.795,0.422805,0.452943,0.449396,-0.0301373
57.8,0.423314,0.452903,0.44935,-0.0295893
57.805,0.428896,0.452864,0.449303,-0.0239671
57.81,0.433305,0.452824,0.449257,-0.0195194
57.815,0.435222,0.452785,0.449211,-0.017563
57.82,0.430196,0.452745,0.449165,-0.0225487
57.825,0.418541,0.452706,0.449119,-0.0341645
57.83,0.421228,0.452666,0.449073,-0.0314381
57.835,0.41359,0.452627,0.449027,-0.0390373
57.84,0.414078,0.452588,0.448981,-0.03851
57.845,0.421745,0.452548,0.448935,-0.0308029
57.85,0.421274,0.452509,0.448889,-0.0312345
57.855,0.417659,0.45247,0.448843,-0.0348111
57.86,0.42843,0.452431,0.448797,-0.0240004
57.865,0.422828,0.452391,0.448751,-0.0295635
57.87,0.427887,0.452352,0.448706,-0.0244649
57.875,0.410926,0.452313,0.44866,-0.041387
57.88,0.403931,0.452274,0.448614,-0.048343
57.885,0.3938,0.452235,0.448568,-0.058435
57.89,0.388749,0.452196,0.448522,-0.0634473
57.895,0.394346,0.452157,0.448476,-0.0578108
57.9,0.403522,0.452118,0.44843,-0.0485961
57.905,0.421833,0.452079,0.448384,-0.0302456
57.91,0.425723,0.45204,0.448338,-0.026317
57.915,0.428207,0.452001,0.448292,-0.0237944
57.92,0.426808,0.451962,0.448246,-0.0251544
57.925,0.425179,0.451924,0.448201,-0.0267448
57.93,0.429505,0.451885,0.448155,-0.0223797
57.935,0.425208,0.451846,0.448109,-0.0266385
57.94,0.415501,0.451807,0.448063,-0.0363069
57.945,0.413665,0.451769,0.448017,-0.038104
57.95,0.408079,0.45173,0.447971,-0.043651
57.955,0.407334,0.451692,0.447925,-0.0443573
57.96,0.402748,0.451653,0.44788,-0.0489054
57.965,0.396883,0.451614,0.447834,-0.0547316
57.97,0.396526,0.451576,0.447788,-0.05505
57.975,0.39281,0.451538,0.447742,-0.0587274
57.98,0.391953,0.451499,0.447696,-0.0595456
57.985,0.392041,0.451461,0.447651,-0.0594198
57.99,0.400933,0.451422,0.447605,-0.0504891
57.995,0.405431,0.451384,0.447559,-0.0459532
58,0.403731,0.451346,0.447513,-0.0476147
58.005,0.399836,0.451307,0.447468,-0.0514715
58.01,0.397174,0.451269,0.447422,-0.0540951
58.015,0.39513,0.451231,0.447376,-0.0561008
58.02,0.392342,0.451193,0.44733,-0.0588507
58.025,0.3887,0.451155,0.447285,-0.0624545
58.03,0.393605,0.451117,0.447239,-0.0575122
58.035,0.399766,0.451079,0.447193,-0.0513132
58.04,0.402031,0.451041,0.447147,-0.0490094
58.045,0.412787,0.451003,0.447102,-0.0382156
58.05,0.419097,0.450965,0.447056,-0.0318677
58.055,0.421953,0.450927,0.44701,-0.0289734
58.06,0.416409,0.450889,0.446965,-0.0344802
58.065,0.407099,0.450851,0.446919,-0.0437522
58.07,0.415101,0.450813,0.446873,-0.0357127
58.075,0.422993,0.450776,0.446828,-0.0277828
58.08,0.415785,0.450738,0.446782,-0.0349525
58.085,0.420183,0.4507,0.446736,-0.0305176
58.09,0.41253,0.450663,0.446691,-0.0381325
58.095,0.410777,0.450625,0.446645,-0.0398477
58.1,0.406832,0.450587,0.446599,-0.0437559
58.105,0.410722,0.45055,0.446554,-0.039828
58.11,0.425286,0.450512,0.446508,-0.0252268
58.115,0.430792,0.450475,0.446463,-0.0196828
58.12,0.430204,0.450438,0.446417,-0.0202334
58.125,0.419868,0.4504,0.446371,-0.0305321
58.13,0.418286,0.450363,0.446326,-0.0320766
58.135,0.413992,0.450326,0.44628,-0.0363335
58.14,0.412369,0.450288,0.446235,-0.0379194
58.145,0.416647,0.450251,0.446189,-0.0336039
58.15,0.418138,0.450214,0.446144,-0.0320759
58.155,0.430906,0.450177,0.446098,-0.0192708
58.16,0.43963,0.45014,0.446053,-0.0105091
58.165,0.434902,0.450103,0.446007,-0.0152
58.17,0.439069,0.450065,0.445962,-0.0109961
58.175,0.440692,0.450029,0.445916,-0.00933681
58.18,0.440783,0.449992,0.44587,-0.00920844
58.185,0.439506,0.449955,0.445825,-0.0104484
58.19,0.423423,0.449918,0.44578,-0.026495
58.195,0.425901,0.449881,0.445734,-0.0239796
58.2,0.430024,0.449844,0.445689,-0.0198205
58.205,0.421136,0.449807,0.445643,-0.028671
58.21,0.422056,0.449771,0.445598,-0.0277144
58.215,0.414459,0.449734,0.445552,-0.035275
58.22,0.420676,0.449697,0.445507,-0.0290215
58.225,0.417978,0.449661,0.445461,-0.031683
58.23,0.404294,0.449624,0.445416,-0.0453304
58.235,0.409171,0.449588,0.44537,-0.0404168
58.24,0.421327,0.449551,0.445325,-0.0282243
58.245,0.432998,0.449515,0.44528,-0.0165171
58.25,0.437055,0.449478,0.445234,-0.0124236
58.255,0.428096,0.449442,0.445189,-0.0213462
58.26,0.417729,0.449406,0.445143,-0.0316771
58.265,0.416961,0.44937,0.445098,-0.032409
58.27,0.419642,0.449333,0.445053,-0.0296913
58.275,0.419635,0.449297,0.445007,-0.0296621
58.28,0.40696,0.449261,0.444962,-0.0423016
58.285,0.400326,0.449225,0.444916,-0.0488992
58.29,0.397282,0.449189,0.444871,-0.0519067
58.295,0.404535,0.449153,0.444826,-0.044618
58.3,0.409042,0.449117,0.44478,-0.0400753
58.305,0.40243,0.449081,0.444735,-0.0466507
58.31,0.408177,0.449045,0.44469,-0.0408686
58.315,0.41204,0.449009,0.444644,-0.0369693
58.32,0.40833,0.448974,0.444599,-0.0406433
58.325,0.40374,0.448938,0.444554,-0.0451984
58.33,0.395913,0.448902,0.444509,-0.0529898
58.335,0.406413,0.448867,0.444463,-0.0424534
58.34,0.408185,0.448831,0.444418,-0.0406462
58.345,0.418235,0.448795,0.444373,-0.0305604
58.35,0.416291,0.44876,0.444327,-0.0324688
58.355,0.414449,0.448725,0.444282,-0.0342759
58.36,0.400752,0.448689,0.444237,-0.0479373
58.365,0.393706,0.448654,0.444192,-0.0549482
58.37,0.395034,0.448618,0.444146,-0.0535849
58.375,0.409933,0.448583,0.444101,-0.0386499
58.38,0.420983,0.448548,0.444056,-0.0275648
58.385,0.429086,0.448513,0.444011,-0.019427
58.39,0.437551,0.448478,0.443966,-0.0109269
58.395,0.43757,0.448443,0.44392,-0.0108727
58.4,0.433416,0.448408,0.443875,-0.0149918
58.405,0.419006,0.448373,0.44383,-0.0293667
58.41,0.409259,0.448338,0.443785,-0.0390783
58.415,0.404709,0.448303,0.44374,-0.043594
58.42,0.407581,0.448268,0.443694,-0.0406869
58.425,0.396724,0.448233,0.443649,-0.0515091
58.43,0.389499,0.448198,0.443604,-0.0586995
58.435,0.385857,0.448164,0.443559,-0.0623061
58.44,0.389896,0.448129,0.443514,-0.0582329
58.445,0.397657,0.448094,0.443469,-0.0504377
58.45,0.404578,0.44806,0.443424,-0.0434815
58.455,0.411136,0.448025,0.443379,-0.0368894
58.46,0.41123,0.447991,0.443333,-0.0367611
58.465,0.407044,0.447956,0.443288,-0.0409124
58.47,0.412368,0.447922,0.443243,-0.0355538
58.475,0.407097,0.447888,0.443198,-0.0407906
58.48,0.405824,0.447854,0.443153,-0.0420294
58.485,0.397766,0.447819,0.443108,-0.050053
58.49,0.404368,0.447785,0.443063,-0.0434173
58.495,0.408745,0.447751,0.443018,-0.0390066
58.5,0.415705,0.447717,0.442973,-0.0320121
58.505,0.413258,0.447683,0.442928,-0.0344254
58.51,0.399403,0.447649,0.442883,-0.0482465
58.515,0.405848,0.447615,0.442838,-0.0417676
58.52,0.402909,0.447581,0.442793,-0.0446721
58.525,0.402856,0.447548,0.442748,-0.0446919
58.53,0.395768,0.447514,0.442703,-0.0517457
58.535,0.38657,0.44748,0.442658,-0.0609105
58.54,0.398965,0.447447,0.442613,-0.0484819
58.545,0.431655,0.447413,0.442568,-0.0157581
58.55,0.453704,0.44738,0.442523,0.00632428
58.555,0.45218,0.447346,0.442478,0.00483437
58.56,0.436585,0.447313,0.442433,-0.0107273
58.565,0.420481,0.447279,0.442388,-0.0267984
58.57,0.414001,0.447246,0.442343,-0.0332453
58.575,0.412479,0.447213,0.442298,-0.0347335
58.58,0.398579,0.44718,0.442253,-0.0486005
58.585,0.4005,0.447146,0.442208,-0.0466469
58.59,0.403487,0.447113,0.442163,-0.0436265
58.595,0.403833,0.44708,0.442118,-0.0432475
58.6,0.412659,0.447047,0.442073,-0.0343887
58.605,0.40813,0.447015,0.442028,-0.0388848
58.61,0.414775,0.446982,0.441983,-0.0322063
58.615,0.415832,0.446949,0.441938,-0.0311174
58.62,0.40862,0.446916,0.441894,-0.0382963
58.625,0.397563,0.446884,0.441849,-0.0493204
58.63,0.386997,0.446851,0.441804,-0.0598536
58.635,0.391636,0.446818,0.441759,-0.0551819
58.64,0.400435,0.446786,0.441714,-0.0463504
58.645,0.410443,0.446753,0.441669,-0.0363107
58.65,0.413182,0.446721,0.441624,-0.0335387
58.655,0.421709,0.446689,0.441579,-0.0249797
58.66,0.426969,0.446657,0.441535,-0.019688
58.665,0.431114,0.446624,0.44149,-0.01551
58.67,0.42893,0.446592,0.441445,-0.0176624
58.675,0.426985,0.44656,0.4414,-0.0195755
58.68,0.425265,0.446528,0.441355,-0.0212632
58.685,0.416381,0.446496,0.441311,-0.0301152
58.69,0.41685,0.446464,0.441266,-0.0296144
58.695,0.413019,0.446433,0.441221,-0.0334136
58.7,0.419832,0.446401,0.441176,-0.0265689
58.705,0.422242,0.446369,0.441131,-0.0241269
58.71,0.416838,0.446337,0.441087,-0.0294995
58.715,0.418146,0.446306,0.441042,-0.0281594
58.72,0.419888,0.446274,0.440997,-0.0263868
58.725,0.415666,0.446243,0.440952,-0.0305767
58.73,0.413963,0.446212,0.440908,-0.0322487
58.735,0.403144,0.44618,0.440863,-0.0430358
58.74,0.399286,0.446149,0.440818,-0.0468626
58.745,0.403939,0.446118,0.440774,-0.0421784
58.75,0.399723,0.446087,0.440729,-0.0463642
58.755,0.409376,0.446056,0.440684,-0.0366799
58.76,0.415476,0.446025,0.440639,-0.0305484
58.765,0.417601,0.445994,0.440595,-0.0283926
58.77,0.423872,0.445963,0.44055,-0.0220914
58.775,0.423886,0.445932,0.440505,-0.0220463
58.78,0.436551,0.445901,0.440461,-0.00935052
58.785,0.43732,0.445871,0.440416,-0.00855051
58.79,0.420452,0.44584,0.440371,-0.0253882
58.795,0.412798,0.44581,0.440327,-0.0330121
58.8,0.409624,0.445779,0.440282,-0.0361554
58.805,0.418285,0.445749,0.440238,-0.0274643
58.81,0.414693,0.445719,0.440193,-0.0310257
58.815,0.399987,0.445688,0.440148,-0.0457014
58.82,0.411191,0.445658,0.440104,-0.0344668
58.825,0.429362,0.445628,0.440059,-0.0162657
58.83,0.433812,0.445598,0.440015,-0.0117862
58.835,0.433307,0.445568,0.43997,-0.0122613
58.84,0.41482,0.445538,0.439925,-0.0307187
58.845,0.413596,0.445508,0.439881,-0.0319121
58.85,0.414394,0.445479,0.439836,-0.0310851
58.855,0.410805,0.445449,0.439792,-0.0346444
58.86,0.407754,0.44542,0.439747,-0.037666
58.865,0.400384,0.44539,0.439703,-0.0450061
58.87,0.381183,0.445361,0.439658,-0.0641779
58.875,0.384328,0.445331,0.439613,-0.0610035
58.88,0.390098,0.445302,0.439569,-0.0552038
58.885,0.400722,0.445273,0.439524,-0.0445504
58.89,0.41518,0.445244,0.43948,-0.0300639
58.895,0.416418,0.445215,0.439435,-0.028797
58.9,0.435174,0.445186,0.439391,-0.0100117
58.905,0.428247,0.445157,0.439346,-0.0169097
58.91,0.435453,0.445128,0.439302,-0.00967446
58.915,0.427701,0.445099,0.439257,-0.017398
58.92,0.415062,0.44507,0.439213,-0.0300085
58.925,0.414874,0.445042,0.439168,-0.0301682
58.93,0.404421,0.445013,0.439124,-0.0405921
58.935,0.406003,0.444985,0.43908,-0.0389824
58.94,0.39218,0.444957,0.439035,-0.0527769
58.945,0.384896,0.444928,0.438991,-0.0600324
58.95,0.389044,0.4449,0.438946,-0.0558557
58.955,0.403089,0.444872,0.438902,-0.0417832
58.96,0.408899,0.444844,0.438857,-0.0359454
58.965,0.420699,0.444816,0.438813,-0.0241169
58.97,0.416185,0.444788,0.438769,-0.0286033
58.975,0.418322,0.444761,0.438724,-0.0264389
58.98,0.424129,0.444733,0.43868,-0.0206036
58.985,0.430559,0.444705,0.438635,-0.0141467
58.99,0.436936,0.444678,0.438591,-0.00774213
58.995,0.436468,0.44465,0.438547,-0.008182
59,0.429845,0.444623,0.438502,-0.0147782
59.005,0.436353,0.444596,0.438458,-0.0082425
59.01,0.428725,0.444569,0.438414,-0.0158438
59.015,0.420736,0.444541,0.438369,-0.023805
59.02,0.402779,0.444514,0.438325,-0.0417358
59.025,0.387099,0.444488,0.438281,-0.0573886
59.03,0.384705,0.444461,0.438236,-0.0597557
59.035,0.393774,0.444434,0.438192,-0.0506597
59.04,0.398278,0.444407,0.438148,-0.046129
59.045,0.392724,0.444381,0.438103,-0.0516566
59.05,0.394237,0.444354,0.438059,-0.0501175
59.055,0.408025,0.444328,0.438015,-0.0363032
59.06,0.419286,0.444302,0.437971,-0.025016
59.065,0.419407,0.444275,0.437926,-0.0248686
59.07,0.417728,0.444249,0.437882,-0.0265216
59.075,0.407855,0.444223,0.437838,-0.0363686
59.08,0.417237,0.444197,0.437793,-0.0269602
59.085,0.418686,0.444172,0.437749,-0.025486
59.09,0.425477,0.444146,0.437705,-0.0186688
59.095,0.440443,0.44412,0.437661,-0.00367693
59.1,0.435443,0.444095,0.437617,-0.00865142
59.105,0.432419,0.444069,0.437572,-0.0116507
59.11,0.422491,0.444044,0.437528,-0.0215533
59.115,0.404626,0.444019,0.437484,-0.0393931
59.12,0.405502,0.443994,0.43744,-0.0384912
59.125,0.40628,0.443969,0.437395,-0.0376881
59.13,0.432472,0.443944,0.437351,-0.0114717
59.135,0.437691,0.443919,0.437307,-0.006228
59.14,0.433391,0.443894,0.437263,-0.0105036
59.145,0.42901,0.443869,0.437219,-0.0148591
59.15,0.412947,0.443845,0.437175,-0.0308977
59.155,0.409433,0.443821,0.43713,-0.0343876
59.16,0.410656,0.443796,0.437086,-0.0331397
59.165,0.414215,0.443772,0.437042,-0.0295575
59.17,0.427345,0.443748,0.436998,-0.0164025
59.175,0.432464,0.443724,0.436954,-0.0112597
59.18,0.422756,0.4437,0.43691,-0.0209438
59.185,0.425202,0.443676,0.436866,-0.0184736
59.19,0.416591,0.443652,0.436822,-0.0270615
59.195,0.425336,0.443629,0.436778,-0.0182929
59.2,0.431731,0.443605,0.436733,-0.0118745
59.205,0.423311,0.443582,0.436689,-0.0202714
59.21,0.422929,0.443559,0.436645,-0.02063
59.215,0.404043,0.443536,0.436601,-0.0394926
59.22,0.40067,0.443513,0.436557,-0.0428423
59.225,0.395149,0.44349,0.436513,-0.0483403
59.23,0.394757,0.443467,0.436469,-0.0487097
59.235,0.409425,0.443444,0.436425,-0.0340189
59.24,0.435548,0.443422,0.436381,-0.00787349
59.245,0.447155,0.443399,0.436337,0.00375625
59.25,0.458474,0.443377,0.436293,0.0150974
59.255,0.439474,0.443354,0.436249,-0.00388017
59.26,0.422428,0.443332,0.436205,-0.020904
59.265,0.409655,0.44331,0.436161,-0.0336549
59.27,0.407855,0.443288,0.436117,-0.0354337
59.275,0.427747,0.443267,0.436073,-0.0155199
59.28,0.424572,0.443245,0.436029,-0.0186727
59.285,0.421222,0.443223,0.435985,-0.0220013
59.29,0.407612,0.443202,0.435941,-0.0355904
59.295,0.402904,0.443181,0.435897,-0.0402767
59.3,0.406462,0.44316,0.435853,-0.0366978
59.305,0.403538,0.443139,0.435809,-0.0396002
59.31,0.411004,0.443118,0.435765,-0.0321137
59.315,0.398654,0.443097,0.435721,-0.0444429
59.32,0.393463,0.443076,0.435677,-0.0496128
59.325,0.390994,0.443056,0.435633,-0.0520612
59.33,0.381077,0.443035,0.43559,-0.0619581
59.335,0.38159,0.443015,0.435546,-0.0614251
59.34,0.38439,0.442995,0.435502,-0.0586049
59.345,0.390641,0.442975,0.435458,-0.0523335
59.35,0.398921,0.442955,0.435414,-0.0440336
59.355,0.394754,0.442935,0.43537,-0.0481807
59.36,0.387763,0.442915,0.435326,-0.0551525
59.365,0.392086,0.442896,0.435282,-0.0508102
59.37,0.397459,0.442877,0.435238,-0.0454172
59.375,0.39439,0.442857,0.435195,-0.0484675
59.38,0.39527,0.442838,0.435151,-0.0475683
59.385,0.398228,0.442819,0.435107,-0.0445915
59.39,0.418814,0.4428,0.435063,-0.0239869
59.395,0.415078,0.442782,0.435019,-0.0277035
59.4,0.4149,0.442763,0.434975,-0.0278627
59.405,0.412441,0.442745,0.434932,-0.0303034
59.41,0.424201,0.442726,0.434888,-0.018525
59.415,0.426118,0.442708,0.434844,-0.0165906
59.42,0.425617,0.44269,0.4348,-0.0170731
59.425,0.421589,0.442673,0.434756,-0.0210834
59.43,0.426248,0.442655,0.434713,-0.0164066
59.435,0.438235,0.442637,0.434669,-0.00440218
59.44,0.429202,0.44262,0.434625,-0.013418
59.445,0.424184,0.442603,0.434581,-0.0184182
59.45,0.417678,0.442586,0.434538,-0.024908
59.455,0.419751,0.442569,0.434494,-0.0228177
59.46,0.425188,0.442552,0.43445,-0.0173642
59.465,0.42066,0.442535,0.434406,-0.0218749
59.47,0.421051,0.442519,0.434363,-0.0214672
59.475,0.425543,0.442502,0.434319,-0.0169592
59.48,0.419044,0.442486,0.434275,-0.023442
59.485,0.419306,0.44247,0.434232,-0.0231643
59.49,0.412522,0.442454,0.434188,-0.0299318
59.495,0.405907,0.442439,0.434144,-0.0365312
59.5,0.41166,0.442423,0.434101,-0.0307627
59.505,0.40696,0.442408,0.434057,-0.0354478
59.51,0.40844,0.442392,0.434013,-0.0339518
59.515,0.406334,0.442377,0.43397,-0.0360434
59.52,0.402293,0.442362,0.433926,-0.0400696
59.525,0.412179,0.442348,0.433882,-0.0301689
59.53,0.421141,0.442333,0.433839,-0.0211916
59.535,0.431994,0.442319,0.433795,-0.0103248
59.54,0.429485,0.442304,0.433751,-0.0128189
59.545,0.424776,0.44229,0.433708,-0.0175139
59.55,0.416881,0.442276,0.433664,-0.0253952
59.555,0.412721,0.442263,0.43362,-0.0295413
59.56,0.415559,0.442249,0.433577,-0.0266903
59.565,0.417252,0.442236,0.433533,-0.0249833
59.57,0.414963,0.442223,0.43349,-0.0272596
59.575,0.404649,0.44221,0.433446,-0.0375606
59.58,0.380418,0.442197,0.433403,-0.061779
59.585,0.377532,0.442184,0.433359,-0.0646523
59.59,0.372482,0.442172,0.433315,-0.0696899
59.595,0.375201,0.442159,0.433272,-0.0669586
59.6,0.378574,0.442147,0.433228,-0.0635727
59.605,0.368273,0.442135,0.433185,-0.0738621
59.61,0.368531,0.442123,0.433141,-0.0735929
59.615,0.372812,0.442112,0.433098,-0.0693
59.62,0.381882,0.442101,0.433054,-0.0602186
59.625,0.399913,0.442089,0.433011,-0.0421765
59.63,0.406367,0.442078,0.432967,-0.0357116
59.635,0.423712,0.442068,0.432924,-0.0183557
59.64,0.435257,0.442057,0.43288,-0.00679988
59.645,0.436954,0.442047,0.432837,-0.00509215
59.65,0.425127,0.442036,0.432793,-0.0169094
59.655,0.40446,0.442026,0.43275,-0.0375658
59.66,0.410848,0.442016,0.432706,-0.0311686
59.665,0.427022,0.442007,0.432663,-0.014985
59.67,0.434804,0.441997,0.432619,-0.00719396
59.675,0.431087,0.441988,0.432576,-0.0109016
59.68,0.412911,0.441979,0.432532,-0.0290683
59.685,0.398247,0.44197,0.432489,-0.0437234
59.69,0.393184,0.441962,0.432446,-0.0487776
59.695,0.388592,0.441954,0.432402,-0.0533619
59.7,0.396853,0.441945,0.432359,-0.0450922
59.705,0.396449,0.441937,0.432315,-0.0454885
59.71,0.399812,0.44193,0.432272,-0.0421178
59.715,0.403534,0.441922,0.432229,-0.0383886
59.72,0.410278,0.441915,0.432185,-0.0316374
59.725,0.426904,0.441908,0.432142,-0.0150041
59.73,0.419069,0.441901,0.432098,-0.0228318
59.735,0.421537,0.441894,0.432055,-0.0203578
59.74,0.412502,0.441888,0.432012,-0.0293857
59.745,0.409462,0.441882,0.431968,-0.0324202
59.75,0.421229,0.441876,0.431925,-0.0206473
59.755,0.424377,0.44187,0.431882,-0.0174928
59.76,0.43147,0.441865,0.431838,-0.0103947
59.765,0.424246,0.44186,0.431795,-0.0176134
59.77,0.418948,0.441855,0.431752,-0.0229066
59.775,0.42848,0.44185,0.431708,-0.0133693
59.78,0.427738,0.441845,0.431665,-0.0141074
59.785,0.435184,0.441841,0.431622,-0.00665732
59.79,0.418673,0.441837,0.431579,-0.0231641
59.795,0.414912,0.441833,0.431535,-0.0269207
59.8,0.409783,0.44183,0.431492,-0.0320467
59.805,0.414259,0.441826,0.431449,-0.0275671
59.81,0.420454,0.441823,0.431405,-0.0213697
59.815,0.424545,0.44182,0.431362,-0.0172758
59.82,0.418656,0.441818,0.431319,-0.0231621
59.825,0.407627,0.441816,0.431276,-0.0341882
59.83,0.404855,0.441814,0.431232,-0.0369585
59.835,0.400239,0.441812,0.431189,-0.0415724
59.84,0.418529,0.44181,0.431146,-0.023281
59.845,0.412817,0.441809,0.431103,-0.0289919
59.85,0.413952,0.441808,0.43106,-0.027856
59.855,0.419539,0.441808,0.431016,-0.0222681
59.86,0.43932,0.441807,0.430973,-0.00248678
59.865,0.441302,0.441807,0.43093,-0.000505486
59.87,0.437438,0.441807,0.430887,-0.00436928
59.875,0.42522,0.441808,0.430844,-0.0165874
59.88,0.410496,0.441777,0.4308,-0.0312807
59.885,0.405479,0.441778,0.430757,-0.0362985
59.89,0.402306,0.441779,0.430714,-0.0394726
59.895,0.395029,0.441781,0.430671,-0.0467512
59.9,0.405076,0.441782,0.430628,-0.0367066
59.905,0.40469,0.441785,0.430585,-0.0370949
59.91,0.402357,0.441787,0.430542,-0.0394298
59.915,0.418426,0.44179,0.430498,-0.0233638
59.92,0.42825,0.441793,0.430455,-0.0135425
59.925,0.426789,0.441796,0.430412,-0.0150077
59.93,0.434016,0.4418,0.430369,-0.00778424
59.935,0.430536,0.441804,0.430326,-0.0112675
59.94,0.42596,0.441808,0.430283,-0.0158479
59.945,0.430832,0.441813,0.43024,-0.0109812
59.95,0.416883,0.441818,0.430197,-0.0249343
59.955,0.420639,0.441823,0.430154,-0.0211835
59.96,0.416082,0.441829,0.430111,-0.0257468
59.965,0.409362,0.441834,0.430068,-0.0324723
59.97,0.410871,0.441841,0.430025,-0.0309696
59.975,0.414704,0.441847,0.429982,-0.0271429
59.98,0.422533,0.441854,0.429938,-0.0193213
59.985,0.422285,0.441861,0.429895,-0.0195763
59.99,0.420248,0.441869,0.429852,-0.0216212
59.995,0.410455,0.441877,0.429809,-0.0314218
60,0.402471,0.441885,0.429766,-0.0394135
60.005,0.396515,0.441893,0.429723,-0.0453783
60.01,0.400986,0.441902,0.42968,-0.0409169
60.015,0.398129,0.441912,0.429637,-0.0437825
60.02,0.394598,0.441921,0.429594,-0.0473232
60.025,0.394775,0.441931,0.429551,-0.0471568
60.03,0.402638,0.441942,0.429509,-0.039304
60.035,0.423555,0.441952,0.429466,-0.0183973
60.04,0.436161,0.441964,0.429423,-0.00580295
60.045,0.432907,0.441975,0.42938,-0.0090681
60.05,0.438067,0.441987,0.429337,-0.00392029
60.055,0.425475,0.441999,0.429294,-0.0165238
60.06,0.425494,0.442012,0.429251,-0.0165173
60.065,0.41774,0.442025,0.429208,-0.024285
60.07,0.4132,0.442038,0.429165,-0.0288379
60.075,0.413159,0.442052,0.429122,-0.0288926
60.08,0.409534,0.442066,0.429079,-0.0325316
60.085,0.424838,0.442081,0.429036,-0.0172428
60.09,0.427123,0.442096,0.428993,-0.014973
60.095,0.426994,0.442111,0.428951,-0.0151168
60.1,0.423468,0.442127,0.428908,-0.0186583
60.105,0.423298,0.442143,0.428865,-0.0188453
60.11,0.42546,0.44216,0.428822,-0.0166993
60.115,0.42234,0.442177,0.428779,-0.0198369
60.12,0.412593,0.442194,0.428736,-0.0296008
60.125,0.418488,0.442212,0.428693,-0.0237243
60.13,0.421091,0.44223,0.428651,-0.0211396
60.135,0.42671,0.442249,0.428608,-0.0155396
60.14,0.431004,0.442268,0.428565,-0.0112644
60.145,0.436619,0.442288,0.428522,-0.00566939
60.15,0.449884,0.442308,0.428479,0.00757579
60.155,0.446834,0.442329,0.428436,0.0045049
60.16,0.449416,0.44235,0.428394,0.00706604
60.165,0.445347,0.442371,0.428351,0.00297589
60.17,0.444878,0.442393,0.428308,0.00248444
60.175,0.438573,0.442416,0.428265,-0.00384283
60.18,0.43397,0.442438,0.428223,-0.00846861
60.185,0.431326,0.442462,0.42818,-0.0111354
60.19,0.429194,0.442486,0.428137,-0.013292
60.195,0.429143,0.44251,0.428094,-0.0133666
60.2,0.420179,0.442535,0.428052,-0.0223558
60.205,0.415495,0.44256,0.428009,-0.0270652
60.21,0.407303,0.442586,0.427966,-0.0352836
60.215,0.408996,0.442613,0.427923,-0.0336161
60.22,0.405442,0.442639,0.427881,-0.0371973
60.225,0.407124,0.442667,0.427838,-0.0355429
60.23,0.416861,0.442695,0.427795,-0.0258332
60.235,0.417161,0.442723,0.427753,-0.0255626
60.24,0.423092,0.442752,0.42771,-0.0196605
60.245,0.416573,0.442782,0.427667,-0.0262084
60.25,0.412505,0.442812,0.427625,-0.0303067
60.255,0.411613,0.442842,0.427582,-0.0312295
60.26,0.410597,0.442874,0.427539,-0.0322764
60.265,0.413105,0.442905,0.427497,-0.0298001
60.27,0.406317,0.442938,0.427454,-0.0366209
60.275,0.412936,0.44297,0.427411,-0.030034
60.28,0.417221,0.443004,0.427369,-0.0257832
60.285,0.418673,0.443038,0.427326,-0.0243645
60.29,0.414368,0.443073,0.427283,-0.0287042
60.295,0.392248,0.443108,0.427241,-0.0508593
60.3,0.395842,0.443144,0.427198,-0.0473018
60.305,0.399809,0.44318,0.427156,-0.043371
60.31,0.426906,0.443217,0.427113,-0.0163108
60.315,0.443872,0.443255,0.42707,0.000617587
60.32,0.445718,0.443293,0.427028,0.0024254
60.325,0.447246,0.443332,0.426985,0.00391466
60.33,0.4518,0.443371,0.426943,0.00842837
60.335,0.453494,0.443412,0.4269,0.0100821
60.34,0.462937,0.443452,0.426858,0.0194842
60.345,0.454926,0.443494,0.426815,0.011432
60.35,0.45659,0.443536,0.426773,0.0130535
60.355,0.448233,0.443579,0.42673,0.00465368
60.36,0.43693,0.443622,0.426687,-0.00669266
60.365,0.444852,0.443667,0.426645,0.00118535
60.37,0.453794,0.443712,0.426602,0.0100829
60.375,0.45305,0.443757,0.42656,0.00929331
60.38,0.446116,0.443803,0.426517,0.00231221
60.385,0.426647,0.44385,0.426475,-0.0172032
60.39,0.42224,0.443898,0.426432,-0.0216577
60.395,0.430953,0.443947,0.42639,-0.0129933
60.4,0.431291,0.443996,0.426348,-0.0127051
60.405,0.44088,0.444046,0.426305,-0.00316593
60.41,0.43827,0.444096,0.426263,-0.0058269
60.415,0.430919,0.444148,0.42622,-0.0132288
60.42,0.439324,0.4442,0.426178,-0.00487641
60.425,0.430834,0.444253,0.426135,-0.0134191
60.43,0.425709,0.444307,0.426093,-0.0185984
60.435,0.418574,0.444362,0.42605,-0.0257874
60.44,0.417839,0.444417,0.426008,-0.0265775
60.445,0.419761,0.444473,0.425966,-0.0247124
60.45,0.424513,0.44453,0.425923,-0.0200171
60.455,0.41976,0.444588,0.425881,-0.0248285
60.46,0.429124,0.444647,0.425838,-0.0155226
60.465,0.429101,0.444706,0.425796,-0.0156058
60.47,0.427112,0.444767,0.425754,-0.0176548
60.475,0.427141,0.444828,0.425711,-0.0176872
60.48,0.441927,0.44489,0.425669,-0.0029631
60.485,0.447917,0.444953,0.425627,0.00296393
60.49,0.4479,0.445017,0.425584,0.00288255
60.495,0.442697,0.445082,0.425542,-0.00238541
60.5,0.428268,0.445148,0.425499,-0.0168795
60.505,0.422519,0.445214,0.425457,-0.0226958
60.51,0.425588,0.445282,0.425415,-0.0196941
60.515,0.433678,0.445351,0.425373,-0.011673
60.52,0.441457,0.44542,0.42533,-0.00396344
60.525,0.431009,0.445491,0.425288,-0.0144812
60.53,0.41508,0.445562,0.425246,-0.0304823
60.535,0.403032,0.445634,0.425203,-0.0426025
60.54,0.410978,0.445708,0.425161,-0.0347296
60.545,0.423455,0.445782,0.425119,-0.0223276
60.55,0.427658,0.445858,0.425076,-0.0181995
60.555,0.428606,0.445934,0.425034,-0.0173283
60.56,0.426909,0.446012,0.424992,-0.0191033
60.565,0.42179,0.446091,0.42495,-0.0243008
60.57,0.429504,0.44617,0.424907,-0.0166663
60.575,0.446393,0.446251,0.424865,0.000141281
60.58,0.443,0.446333,0.424823,-0.00333343
60.585,0.445771,0.446416,0.424781,-0.000645685
60.59,0.439475,0.4465,0.424739,-0.00702495
60.595,0.438199,0.446586,0.424696,-0.00838639
60.6,0.440793,0.446672,0.424654,-0.00587935
60.605,0.434471,0.44676,0.424612,-0.0122887
60.61,0.428538,0.446849,0.42457,-0.0183107
60.615,0.42347,0.446939,0.424528,-0.023469
60.62,0.415178,0.44703,0.424485,-0.0318518
60.625,0.412198,0.447122,0.424443,-0.0349241
60.63,0.422543,0.447216,0.424401,-0.024673
60.635,0.424912,0.447311,0.424359,-0.022399
60.64,0.439197,0.447407,0.424317,-0.00821011
60.645,0.439662,0.447504,0.424275,-0.00784222
60.65,0.443992,0.447603,0.424232,-0.00361096
60.655,0.446905,0.447703,0.42419,-0.000798393
60.66,0.443673,0.447805,0.424148,-0.00413184
60.665,0.452822,0.447907,0.424106,0.00491504
60.67,0.453327,0.448012,0.424064,0.00531518
60.675,0.450411,0.448117,0.424022,0.00229429
60.68,0.44582,0.448224,0.42398,-0.00240359
60.685,0.434884,0.448332,0.423938,-0.0134482
60.69,0.441875,0.448442,0.423896,-0.00656697
60.695,0.436067,0.448553,0.423854,-0.0124864
60.7,0.441178,0.448666,0.423812,-0.00748814
60.705,0.44563,0.44878,0.423769,-0.00315041
60.71,0.44168,0.448896,0.423727,-0.00721606
60.715,0.44845,0.449013,0.423685,-0.000563084
60.72,0.459178,0.449132,0.423643,0.0100459
60.725,0.468716,0.449252,0.423601,0.0194639
60.73,0.477841,0.449374,0.423559,0.0284665
60.735,0.457885,0.449498,0.423517,0.00838786
60.74,0.436583,0.449623,0.423475,-0.0130395
60.745,0.421833,0.44975,0.423433,-0.0279168
60.75,0.423151,0.449878,0.423391,-0.0267269
60.755,0.414692,0.450008,0.423349,-0.0353159
60.76,0.425667,0.45014,0.423307,-0.024473
60.765,0.416852,0.450274,0.423265,-0.0334214
60.77,0.415666,0.450409,0.423223,-0.0347433
60.775,0.413775,0.450546,0.423181,-0.0367716
60.78,0.412639,0.450685,0.423139,-0.0380467
60.785,0.424616,0.450826,0.423097,-0.0262098
60.79,0.423693,0.450969,0.423055,-0.0272754
60.795,0.425695,0.451113,0.423014,-0.0254182
60.8,0.426155,0.45126,0.422972,-0.0251051
60.805,0.429525,0.451408,0.42293,-0.0218831
60.81,0.437231,0.451559,0.422888,-0.0143277
60.815,0.431091,0.451711,0.422846,-0.0206195
60.82,0.444124,0.451865,0.422804,-0.00774097
60.825,0.441637,0.452022,0.422762,-0.0103843
60.83,0.450589,0.45218,0.42272,-0.00159166
60.835,0.457542,0.452341,0.422678,0.00520128
60.84,0.457964,0.452504,0.422636,0.00546032
60.845,0.453451,0.452668,0.422594,0.000782763
60.85,0.439201,0.452835,0.422553,-0.0136346
60.855,0.433228,0.453005,0.422511,-0.0197765
60.86,0.436313,0.453176,0.422469,-0.016863
60.865,0.450073,0.45335,0.422427,-0.00327718
60.87,0.44902,0.453526,0.422385,-0.00450619
60.875,0.442236,0.453705,0.422343,-0.011469
60.88,0.447156,0.453886,0.422302,-0.00672923
60.885,0.448318,0.454069,0.42226,-0.0057506
60.89,0.455074,0.454254,0.422218,0.000819497
60.895,0.455046,0.454443,0.422176,0.000603647
60.9,0.462622,0.454633,0.422134,0.00798819
60.905,0.468019,0.454827,0.422093,0.0131926
60.91,0.473247,0.455022,0.422051,0.0182243
60.915,0.472477,0.455221,0.422009,0.0172562
60.92,0.457163,0.455422,0.421967,0.00174105
60.925,0.465796,0.455626,0.421925,0.0101704
60.93,0.462052,0.455833,0.421884,0.0062195
60.935,0.461863,0.456042,0.421842,0.005821
60.94,0.464056,0.456254,0.4218,0.00780208
60.945,0.448855,0.456469,0.421758,-0.00761398
60.95,0.439994,0.456687,0.421717,-0.0166936
60.955,0.425067,0.456908,0.421675,-0.0318414
60.96,0.421022,0.457133,0.421633,-0.0361102
60.965,0.429181,0.45736,0.421592,-0.0281787
60.97,0.43848,0.45759,0.42155,-0.0191101
60.975,0.45257,0.457823,0.421508,-0.00525345
60.98,0.455771,0.45806,0.421466,-0.00228898
60.985,0.457995,0.458299,0.421425,-0.000303801
60.99,0.460837,0.458542,0.421383,0.00229475
60.995,0.463965,0.458789,0.421341,0.00517585
61,0.463986,0.459038,0.4213,0.00494765
61.005,0.467586,0.459292,0.421258,0.00829441
61.01,0.460693,0.459548,0.421216,0.00114477
61.015,0.455656,0.459809,0.421175,-0.00415322
61.02,0.453704,0.460073,0.421133,-0.00636825
61.025,0.44681,0.46034,0.421092,-0.0135301
61.03,0.457497,0.460612,0.42105,-0.00311447
61.035,0.482235,0.460887,0.421008,0.0213488
61.04,0.488685,0.461166,0.420967,0.027519
61.045,0.491817,0.461449,0.420925,0.0303683
61.05,0.472728,0.461735,0.420884,0.0109922
61.055,0.447178,0.462026,0.420842,-0.0148481
61.06,0.434145,0.462321,0.4208,-0.0281763
61.065,0.430667,0.462621,0.420759,-0.0319534
61.07,0.434413,0.462924,0.420717,-0.0285113
61.075,0.447315,0.463232,0.420676,-0.0159165
61.08,0.4611,0.463544,0.420634,-0.00244341
61.085,0.462736,0.46386,0.420593,-0.00112449
61.09,0.474211,0.464182,0.420551,0.0100292
61.095,0.469914,0.464507,0.420509,0.00540621
61.1,0.47417,0.464838,0.420468,0.00933202
61.105,0.472035,0.465173,0.420426,0.00686199
61.11,0.469567,0.465513,0.420385,0.00405382
61.115,0.459875,0.465858,0.420343,-0.00598295
61.12,0.47016,0.466208,0.420302,0.0039523
61.125,0.467195,0.466563,0.42026,0.000631775
61.13,0.473508,0.466923,0.420219,0.00658489
61.135,0.464225,0.467289,0.420177,-0.0030642
61.14,0.453145,0.46766,0.420136,-0.0145154
61.145,0.447008,0.468036,0.420094,-0.0210282
61.15,0.437565,0.468418,0.420053,-0.030853
61.155,0.434905,0.468806,0.420012,-0.0339008
61.16,0.449568,0.469199,0.41997,-0.0196319
61.165,0.456432,0.469599,0.419929,-0.013167
61.17,0.479463,0.470004,0.419887,0.00945873
61.175,0.484641,0.470415,0.419846,0.0142261
61.18,0.487429,0.470833,0.419804,0.0165967
61.185,0.483605,0.471257,0.419763,0.0123481
61.19,0.478177,0.471687,0.419722,0.00649048
61.195,0.487682,0.472124,0.41968,0.0155584
61.2,0.495926,0.472567,0.419639,0.0233588
61.205,0.502062,0.473017,0.419597,0.0290452
61.21,0.50149,0.473474,0.419556,0.0280157
61.215,0.494943,0.473938,0.419515,0.0210049
61.22,0.490973,0.47441,0.419473,0.0165632
61.225,0.480108,0.474888,0.419432,0.00521999
61.23,0.474874,0.475374,0.419391,-0.000500462
61.235,0.472794,0.475868,0.419349,-0.0030737
61.24,0.465499,0.476369,0.419308,-0.0108704
61.245,0.479155,0.476878,0.419267,0.00227667
61.25,0.479167,0.477396,0.419225,0.00177154
61.255,0.487048,0.477921,0.419184,0.00912725
61.26,0.498897,0.478455,0.419143,0.0204427
61.265,0.494369,0.478997,0.419101,0.0153725
61.27,0.50198,0.479548,0.41906,0.0224323
61.275,0.490798,0.480107,0.419019,0.0106908
61.28,0.478495,0.480676,0.418977,-0.00218102
61.285,0.473007,0.481254,0.418936,-0.00824677
61.29,0.465958,0.481841,0.418895,-0.0158829
61.295,0.488372,0.482438,0.418854,0.00593426
61.3,0.504085,0.483045,0.418812,0.0210408
61.305,0.504579,0.483661,0.418771,0.0209176
61.31,0.511772,0.484288,0.41873,0.0274846
61.315,0.509013,0.484925,0.418689,0.0240881
61.32,0.504423,0.485572,0.418647,0.0188512
61.325,0.501266,0.486231,0.418606,0.0150352
61.33,0.478893,0.4869,0.418565,-0.0080067
61.335,0.480893,0.48758,0.418524,-0.00668743
61.34,0.483394,0.488273,0.418483,-0.00487847
61.345,0.479192,0.488976,0.418441,-0.00978409
61.35,0.476749,0.489692,0.4184,-0.012943
61.355,0.469666,0.49042,0.418359,-0.0207541
61.36,0.470035,0.49116,0.418318,-0.0211249
61.365,0.471648,0.491914,0.418277,-0.020266
61.37,0.470793,0.49268,0.418236,-0.021887
61.375,0.488479,0.493459,0.418194,-0.00498008
61.38,0.500161,0.494252,0.418153,0.0059086
61.385,0.503728,0.495059,0.418112,0.0086682
61.39,0.506079,0.495881,0.418071,0.0101983
61.395,0.491613,0.496716,0.41803,-0.00510305
61.4,0.504902,0.497567,0.417989,0.00733504
61.405,0.508625,0.498432,0.417948,0.0101925
61.41,0.505446,0.499314,0.417907,0.00613264
61.415,0.511103,0.500211,0.417865,0.0108924
61.42,0.507057,0.501124,0.417824,0.00593344
61.425,0.51158,0.502054,0.417783,0.00952605
61.43,0.511448,0.503001,0.417742,0.00844678
61.435,0.500112,0.503965,0.417701,-0.00385261
61.44,0.499873,0.504947,0.41766,-0.00507452
61.445,0.504938,0.505947,0.417619,-0.00100929
61.45,0.506691,0.506966,0.417578,-0.000275545
61.455,0.512497,0.508004,0.417537,0.00449262
61.46,0.511373,0.509061,0.417496,0.00231185
61.465,0.508338,0.510139,0.417455,-0.00180025
61.47,0.508972,0.511237,0.417414,-0.00226484
61.475,0.492978,0.512355,0.417373,-0.0193777
61.48,0.498309,0.513496,0.417332,-0.0151868
61.485,0.495038,0.514658,0.417291,-0.0196198
61.49,0.501626,0.515843,0.41725,-0.0142167
61.495,0.504179,0.517051,0.417209,-0.0128722
61.5,0.504554,0.518282,0.417168,-0.0137279
61.505,0.502958,0.519538,0.417127,-0.0165805
61.51,0.514778,0.520819,0.417086,-0.00604095
61.515,0.510449,0.522126,0.417045,-0.0116767
61.52,0.504805,0.523458,0.417004,-0.0186528
61.525,0.506217,0.524818,0.416963,-0.0186009
61.53,0.511924,0.526205,0.416922,-0.0142806
61.535,0.511882,0.52762,0.416881,-0.0157381
61.54,0.52647,0.529065,0.41684,-0.00259516
61.545,0.527577,0.53054,0.416799,-0.00296322
61.55,0.528538,0.532045,0.416758,-0.00350733
61.555,0.533867,0.533582,0.416717,0.000284688
61.56,0.532914,0.535152,0.416677,-0.00223768
61.565,0.521962,0.536754,0.416636,-0.014792
61.57,0.520495,0.538392,0.416595,-0.0178966
61.575,0.526916,0.540064,0.416554,-0.0131481
61.58,0.521585,0.541774,0.416513,-0.020189
61.585,0.531524,0.54352,0.416472,-0.0119968
61.59,0.515973,0.545306,0.416431,-0.0293328
61.595,0.52302,0.547132,0.416391,-0.0241116
61.6,0.542893,0.548998,0.41635,-0.00610508
61.605,0.540619,0.550908,0.416309,-0.0102884
61.61,0.564752,0.552861,0.416268,0.0118907
61.615,0.559969,0.55486,0.416227,0.00510964
61.62,0.561031,0.556906,0.416186,0.00412481
61.625,0.55847,0.559,0.416146,-0.000530238
61.63,0.546597,0.561145,0.416105,-0.0145487
61.635,0.543641,0.563343,0.416064,-0.0197023
61.64,0.540683,0.565595,0.416023,-0.0249112
61.645,0.536722,0.567903,0.415982,-0.0311806
61.65,0.535771,0.57027,0.415942,-0.0344993
61.655,0.548666,0.572698,0.415901,-0.0240322
61.66,0.568554,0.57519,0.41586,-0.00663556
61.665,0.59068,0.577748,0.415819,0.0129318
61.67,0.587449,0.580375,0.415779,0.00707412
61.675,0.580766,0.583075,0.415738,-0.00230897
61.68,0.588742,0.58585,0.415697,0.00289184
61.685,0.577031,0.588705,0.415656,-0.0116741
61.69,0.593023,0.591643,0.415616,0.00138029
61.695,0.588129,0.594668,0.415575,-0.00653923
61.7,0.599472,0.597785,0.415534,0.00168732
61.705,0.622482,0.600998,0.415494,0.0214841
61.71,0.646534,0.604313,0.415453,0.042221
61.715,0.637792,0.607735,0.415412,0.0300572
61.72,0.63502,0.61127,0.415372,0.0237506
61.725,0.623169,0.614924,0.415331,0.00824521
61.73,0.633182,0.618705,0.41529,0.0144771
61.735,0.650636,0.622619,0.41525,0.0280169
61.74,0.643151,0.626674,0.415209,0.0164765
61.745,0.638635,0.63088,0.415168,0.00775537
61.75,0.639957,0.635245,0.415128,0.00471255
61.755,0.643161,0.639778,0.415087,0.00338292
61.76,0.656824,0.644491,0.415046,0.0123324
61.765,0.669131,0.649395,0.415006,0.0197356
61.77,0.684314,0.654502,0.414965,0.0298127
61.775,0.699015,0.659824,0.414925,0.0391918
61.78,0.705481,0.665375,0.414884,0.0401059
61.785,0.716587,0.671171,0.414843,0.0454156
61.79,0.722706,0.677227,0.414803,0.0454788
61.795,0.730182,0.68356,0.414762,0.0466217
61.8,0.742398,0.690188,0.414722,0.0522106
61.805,0.758566,0.697129,0.414681,0.0614364
61.81,0.765609,0.704404,0.414641,0.0612049
61.815,0.758096,0.712035,0.4146,0.0460606
61.82,0.760836,0.720044,0.414559,0.0407922
61.825,0.776334,0.728454,0.414519,0.0478792
61.83,0.794022,0.737292,0.414478,0.0567298
61.835,0.799606,0.746584,0.414438,0.0530216
61.84,0.806315,0.756358,0.414397,0.0499572
61.845,0.833123,0.766644,0.414357,0.0664798
61.85,0.859824,0.777471,0.414316,0.082352
61.855,0.871556,0.788874,0.414276,0.0826823
61.86,0.876747,0.800885,0.414235,0.0758621
61.865,0.872417,0.81354,0.414195,0.0588766
61.87,0.87819,0.826876,0.414154,0.0513141
61.875,0.915399,0.840929,0.414114,0.0744699
61.88,0.940038,0.855741,0.414074,0.0842972
61.885,0.970826,0.87135,0.414033,0.0994762
61.89,0.991357,0.8878,0.413993,0.103557
61.895,0.994091,0.905133,0.413952,0.0889581
61.9,1.01766,0.923394,0.413912,0.0942652
61.905,1.05216,0.942627,0.413871,0.10953
61.91,1.07705,0.962879,0.413831,0.114168
61.915,1.10729,0.984197,0.413791,0.123092
61.92,1.14222,1.00663,0.41375,0.135598
61.925,1.15657,1.03022,0.41371,0.126355
61.93,1.17308,1.05502,0.413669,0.118065
61.935,1.20292,1.08108,0.413629,0.121843
61.94,1.24468,1.10844,0.413589,0.136238
61.945,1.29837,1.13715,0.413548,0.161213
61.95,1.33436,1.16727,0.413508,0.167088
61.955,1.38204,1.19884,0.413468,0.183206
61.96,1.43538,1.2319,0.413427,0.203488
61.965,1.5044,1.26649,0.413387,0.237907
61.97,1.53554,1.30267,0.413347,0.232872
61.975,1.56829,1.34047,0.413306,0.227826
61.98,1.6176,1.37993,0.413266,0.237673
61.985,1.66612,1.42108,0.413226,0.24504
61.99,1.77338,1.46397,0.413185,0.309409
61.995,1.84795,1.50862,0.413145,0.339336
62,1.92883,1.55506,0.413105,0.373779
62.005,2.0182,1.6033,0.413064,0.414891
62.01,2.10983,1.65339,0.413024,0.456448
62.015,2.16685,1.70531,0.412984,0.461531
62.02,2.24888,1.7591,0.412944,0.489782
62.025,2.2972,1.81475,0.412903,0.482455
62.03,2.40662,1.87226,0.412863,0.534362
62.035,2.50993,1.93162,0.412823,0.578305
62.04,2.65375,1.99283,0.412783,0.660922
62.045,2.81868,2.05586,0.412742,0.762819
62.05,2.8978,2.12069,0.412702,0.777111
62.055,3.00949,2.18728,0.412662,0.822212
62.06,3.11577,2.25559,0.412622,0.860184
62.065,3.24231,2.32557,0.412582,0.916735
62.07,3.41176,2.39717,0.412541,1.01459
62.075,3.58584,2.47031,0.412501,1.11553
62.08,3.7062,2.54492,0.412461,1.16129
62.085,3.81535,2.6209,0.412421,1.19445
62.09,3.92834,2.69816,0.412381,1.23018
62.095,4.10825,2.77659,0.412341,1.33165
62.1,4.26086,2.85607,0.412301,1.40479
62.105,4.39875,2.93645,0.41226,1.4623
62.11,4.60485,3.01759,0.41222,1.58726
62.115,4.77009,3.09934,0.41218,1.67075
62.12,4.85384,3.1815,0.41214,1.67234
62.125,4.92814,3.26389,0.4121,1.66425
62.13,5.08534,3.3463,0.41206,1.73904
62.135,5.21221,3.4285,0.41202,1.78371
62.14,5.33388,3.51026,0.41198,1.82362
62.145,5.49331,3.59131,0.41194,1.902
62.15,5.64337,3.67139,0.411899,1.97198
62.155,5.80245,3.7502,0.411859,2.05225
62.16,5.92541,3.82744,0.411819,2.09797
62.165,6.06939,3.90278,0.411779,2.16662
62.17,6.11975,3.9759,0.411739,2.14385
62.175,6.16278,4.04644,0.411699,2.11634
62.18,6.25052,4.11407,0.411659,2.13644
62.185,6.30235,4.17842,0.411619,2.12393
62.19,6.32891,4.23913,0.411579,2.08978
62.195,6.34414,4.29584,0.411539,2.0483
62.2,6.37392,4.34822,0.411499,2.0257
62.205,6.42585,4.39591,0.411459,2.02995
62.21,6.44402,4.4386,0.411419,2.00543
62.215,6.41385,4.47599,0.411379,1.93787
62.22,6.41329,4.50781,0.411339,1.90547
62.225,6.45944,4.53383,0.411299,1.92561
62.23,6.50807,4.55386,0.411259,1.95421
62.235,6.49733,4.56773,0.411219,1.9296
62.24,6.50301,4.57534,0.411179,1.92766
62.245,6.41129,4.57664,0.411139,1.83465
62.25,6.33084,4.5716,0.411099,1.75924
62.255,6.22282,4.56027,0.41106,1.66256
62.26,6.20448,4.54273,0.41102,1.66175
62.265,6.14487,4.51913,0.41098,1.62574
62.27,6.03367,4.48964,0.41094,1.54403
62.275,5.92736,4.45448,0.4109,1.47288
62.28,5.87963,4.41391,0.41086,1.46572
62.285,5.80823,4.36821,0.41082,1.44003
62.29,5.72253,4.31769,0.41078,1.40484
62.295,5.69071,4.26269,0.41074,1.42802
62.3,5.61984,4.20355,0.410701,1.4163
62.305,5.57467,4.14062,0.410661,1.43406
62.31,5.50441,4.07426,0.410621,1.43015
62.315,5.43271,4.00483,0.410581,1.42788
62.32,5.34167,3.93269,0.410541,1.40898
62.325,5.24811,3.85818,0.410501,1.38993
62.33,5.17964,3.78164,0.410462,1.398
62.335,5.11214,3.70339,0.410422,1.40874
62.34,5.04444,3.62376,0.410382,1.42068
62.345,4.97762,3.54302,0.410342,1.4346
62.35,4.8977,3.46147,0.410302,1.43622
62.355,4.80164,3.37938,0.410263,1.42226
62.36,4.7413,3.29697,0.410223,1.44433
62.365,4.67968,3.2145,0.410183,1.46518
62.37,4.59238,3.13217,0.410143,1.46022
62.375,4.45119,3.05018,0.410104,1.40101
62.38,4.33506,2.96871,0.410064,1.36635
62.385,4.20989,2.88794,0.410024,1.32195
62.39,4.08971,2.80802,0.409984,1.28169
62.395,4.01907,2.72909,0.409945,1.28998
62.4,3.92274,2.65128,0.409905,1.27145
62.405,3.8405,2.57471,0.409865,1.26579
62.41,3.7312,2.49947,0.409825,1.23174
62.415,3.64778,2.42566,0.409786,1.22212
62.42,3.52424,2.35336,0.409746,1.17088
62.425,3.39938,2.28265,0.409706,1.11673
62.43,3.30863,2.21359,0.409667,1.09504
62.435,3.23203,2.14623,0.409627,1.0858
62.44,3.11753,2.08062,0.409587,1.03692
62.445,3.0376,2.01679,0.409548,1.02081
62.45,2.96771,1.95477,0.409508,1.01293
62.455,2.88397,1.89459,0.409469,0.989383
62.46,2.75625,1.83626,0.409429,0.919984
62.465,2.69138,1.77979,0.409389,0.911583
62.47,2.61606,1.72519,0.40935,0.890868
62.475,2.51794,1.67244,0.40931,0.845493
62.48,2.393,1.62155,0.40927,0.771451
62.485,2.30206,1.57249,0.409231,0.72956
62.49,2.20189,1.52526,0.409191,0.676628
62.495,2.1205,1.47983,0.409152,0.640674
62.5,2.05573,1.43617,0.409112,0.61956
62.505,1.97613,1.39425,0.409073,0.581873
62.51,1.90264,1.35405,0.409033,0.548595
62.515,1.85346,1.31552,0.408993,0.537942
62.52,1.79407,1.27863,0.408954,0.515437
62.525,1.74419,1.24334,0.408914,0.50085
62.53,1.65432,1.20961,0.408875,0.444707
62.535,1.59548,1.17739,0.408835,0.418088
62.54,1.55265,1.14664,0.408796,0.40601
62.545,1.49753,1.1173,0.408756,0.380225
62.55,1.46918,1.08934,0.408717,0.379832
62.555,1.4278,1.06271,0.408677,0.365093
62.56,1.38567,1.03735,0.408638,0.348318
62.565,1.32187,1.01323,0.408598,0.308644
62.57,1.25489,0.990285,0.408559,0.264602
62.575,1.22442,0.968475,0.408519,0.255942
62.58,1.18294,0.94775,0.40848,0.235194
62.585,1.16423,0.928064,0.408441,0.236164
62.59,1.13301,0.90937,0.408401,0.223636
62.595,1.10281,0.891623,0.408362,0.211183
62.6,1.08034,0.874778,0.408322,0.205557
62.605,1.03517,0.858792,0.408283,0.176376
62.61,1.01505,0.843622,0.408243,0.171429
62.615,0.961811,0.829228,0.408204,0.132583
62.62,0.93528,0.815569,0.408165,0.119711
62.625,0.913694,0.802607,0.408125,0.111087
62.63,0.879942,0.790304,0.408086,0.0896384
62.635,0.860318,0.778625,0.408046,0.0816932
62.64,0.827546,0.767536,0.408007,0.0600106
62.645,0.811826,0.757003,0.407968,0.054823
62.65,0.825221,0.746996,0.407928,0.0782256
62.655,0.818826,0.737483,0.407889,0.081343
62.66,0.814689,0.728438,0.40785,0.0862516
62.665,0.806911,0.719831,0.40781,0.0870795
62.67,0.790876,0.711638,0.407771,0.079238
62.675,0.774137,0.703834,0.407732,0.0703036
62.68,0.763221,0.696395,0.407692,0.0668257
62.685,0.754371,0.689301,0.407653,0.0650696
62.69,0.753582,0.68253,0.407614,0.0710525
62.695,0.734365,0.676062,0.407575,0.0583026
62.7,0.701037,0.66988,0.407535,0.0311564
62.705,0.67618,0.663966,0.407496,0.0122133
62.71,0.681273,0.658305,0.407457,0.0229684
62.715,0.689913,0.65288,0.407417,0.0370324
62.72,0.709192,0.647679,0.407378,0.0615133
62.725,0.705412,0.642687,0.407339,0.0627253
62.73,0.69928,0.637892,0.4073,0.0613878
62.735,0.690129,0.633283,0.407261,0.0568466
62.74,0.68283,0.628849,0.407221,0.0539813
62.745,0.675483,0.62458,0.407182,0.0509033
62.75,0.673018,0.620466,0.407143,0.0525517
62.755,0.65322,0.6165,0.407104,0.03672
62.76,0.638621,0.612673,0.407064,0.0259483
62.765,0.629022,0.608977,0.407025,0.0200449
62.77,0.618004,0.605405,0.406986,0.0125988
62.775,0.627307,0.601952,0.406947,0.025355
62.78,0.634533,0.598611,0.406908,0.0359216
62.785,0.652704,0.595377,0.406869,0.0573264
62.79,0.638423,0.592245,0.40683,0.0461787
62.795,0.635428,0.589209,0.40679,0.0462193
62.8,0.630777,0.586265,0.406751,0.0445111
62.805,0.630121,0.583411,0.406712,0.0467098
62.81,0.617614,0.580641,0.406673,0.0369731
62.815,0.591543,0.577952,0.406634,0.0135906
62.82,0.585785,0.575342,0.406595,0.0104428
62.825,0.563495,0.572807,0.406556,-0.0093122
62.83,0.575864,0.570346,0.406517,0.00551861
62.835,0.575349,0.567954,0.406478,0.00739539
62.84,0.573584,0.565631,0.406438,0.00795281
62.845,0.574384,0.563374,0.406399,0.0110103
62.85,0.575605,0.561182,0.40636,0.0144234
62.855,0.585358,0.559053,0.406321,0.0263054
62.86,0.589622,0.556985,0.406282,0.0326373
62.865,0.591764,0.554978,0.406243,0.0367854
62.87,0.588826,0.553031,0.406204,0.0357952
62.875,0.582322,0.551142,0.406165,0.0311804
62.88,0.579226,0.549311,0.406126,0.0299148
62.885,0.571447,0.547538,0.406087,0.0239085
62.89,0.570305,0.545822,0.406048,0.0244822
62.895,0.562407,0.544164,0.406009,0.0182436
62.9,0.553176,0.542562,0.40597,0.0106143
62.905,0.556489,0.541018,0.405931,0.0154714
62.91,0.563581,0.539531,0.405892,0.0240501
62.915,0.569072,0.538103,0.405853,0.0309698
62.92,0.556701,0.536733,0.405814,0.0199678
62.925,0.552421,0.535423,0.405775,0.0169973
62.93,0.535681,0.534175,0.405736,0.00150633
62.935,0.524744,0.532988,0.405698,-0.00824383
62.94,0.531817,0.531865,0.405659,-4.79558e-05
62.945,0.544016,0.530807,0.40562,0.0132094
62.95,0.557218,0.529816,0.405581,0.0274017
62.955,0.567168,0.528893,0.405542,0.0382748
62.96,0.546936,0.528042,0.405503,0.0188941
62.965,0.537759,0.527264,0.405464,0.0104953
62.97,0.535168,0.526561,0.405425,0.00860695
62.975,0.526609,0.525936,0.405386,0.000672738
62.98,0.527761,0.525392,0.405348,0.00236889
62.985,0.523312,0.524932,0.405309,-0.00161997
62.99,0.510647,0.524558,0.40527,-0.0139112
62.995,0.510565,0.524274,0.405231,-0.0137092
63,0.521272,0.524083,0.405192,-0.00281188
63.005,0.523432,0.523988,0.405153,-0.000556429
63.01,0.538167,0.523993,0.405114,0.0141742
63.015,0.544249,0.5241,0.405076,0.0201493
63.02,0.547035,0.524313,0.405037,0.0227223
63.025,0.549525,0.524636,0.404998,0.0248893
63.03,0.543655,0.525071,0.404959,0.0185844
63.035,0.543322,0.525622,0.404921,0.0177004
63.04,0.54529,0.526292,0.404882,0.0189979
63.045,0.554363,0.527084,0.404843,0.0272787
63.05,0.566107,0.528001,0.404804,0.0381063
63.055,0.573842,0.529045,0.404765,0.0447964
63.06,0.572366,0.530219,0.404727,0.0421467
63.065,0.556956,0.531525,0.404688,0.0254313
63.07,0.553053,0.532964,0.404649,0.0200892
63.075,0.55636,0.534538,0.404611,0.021822
63.08,0.555019,0.536248,0.404572,0.0187713
63.085,0.569083,0.538094,0.404533,0.0309887
63.09,0.564006,0.540077,0.404494,0.023929
63.095,0.557439,0.542196,0.404456,0.0152433
63.1,0.551195,0.54445,0.404417,0.00674467
63.105,0.550457,0.546838,0.404378,0.00361836
63.11,0.552889,0.549358,0.40434,0.00353162
63.115,0.575872,0.552005,0.404301,0.0238666
63.12,0.58169,0.554778,0.404262,0.026912
63.125,0.587912,0.557672,0.404224,0.0302407
63.13,0.593125,0.560681,0.404185,0.0324437
63.135,0.599367,0.563801,0.404147,0.0355659
63.14,0.601412,0.567024,0.404108,0.0343884
63.145,0.597363,0.570343,0.404069,0.0270196
63.15,0.586329,0.57375,0.404031,0.0125788
63.155,0.583016,0.577236,0.403992,0.00578041
63.16,0.578589,0.580791,0.403954,-0.00220194
63.165,0.590019,0.584404,0.403915,0.00561501
63.17,0.593418,0.588063,0.403876,0.00535541
63.175,0.608104,0.591755,0.403838,0.0163485
63.18,0.613287,0.595468,0.403799,0.0178186
63.185,0.608852,0.599186,0.403761,0.00966619
63.19,0.605262,0.602893,0.403722,0.00236857
63.195,0.584487,0.606575,0.403684,-0.022087
63.2,0.58557,0.61002,0.403645,-0.0244495
63.205,0.574984,0.613594,0.403607,-0.03861
63.21,0.566317,0.617088,0.403568,-0.0507711
63.215,0.555638,0.62048,0.40353,-0.0648423
63.22,0.542437,0.623751,0.403491,-0.0813133
63.225,0.554926,0.626878,0.403453,-0.0719523
63.23,0.562449,0.629842,0.403414,-0.0673929
63.235,0.564979,0.63262,0.403376,-0.067641
63.24,0.551083,0.635191,0.403337,-0.0841073
63.245,0.557848,0.637533,0.403299,-0.0796845
63.25,0.557452,0.639626,0.40326,-0.082174
63.255,0.5716,0.64145,0.403222,-0.0698496
63.26,0.566256,0.642987,0.403183,-0.0767308
63.265,0.565783,0.644221,0.403145,-0.0784382
63.27,0.5934,0.645136,0.403106,-0.0517366
63.275,0.604053,0.645721,0.403068,-0.0416679
63.28,0.603296,0.645966,0.40303,-0.0426699
63.285,0.586799,0.645865,0.402991,-0.0590653
63.29,0.572425,0.645413,0.402953,-0.0729873
63.295,0.563507,0.64461,0.402914,-0.0811022
63.3,0.560544,0.643459,0.402876,-0.0829143
63.305,0.555085,0.641965,0.402838,-0.0868808
63.31,0.555516,0.640138,0.402799,-0.0846228
63.315,0.56321,0.637989,0.402761,-0.0747793
63.32,0.562639,0.635532,0.402723,-0.072893
63.325,0.545352,0.632782,0.402684,-0.0874299
63.33,0.530621,0.629757,0.402646,-0.0991358
63.335,0.531777,0.626477,0.402608,-0.0946998
63.34,0.535463,0.622961,0.402569,-0.0874984
63.345,0.545883,0.619231,0.402531,-0.0733482
63.35,0.536373,0.615308,0.402493,-0.078935
63.355,0.522045,0.611213,0.402455,-0.0891675
63.36,0.534648,0.606967,0.402416,-0.0723188
63.365,0.533024,0.602591,0.402378,-0.0695668
63.37,0.548148,0.598106,0.40234,-0.0499576
63.375,0.552418,0.593531,0.402301,-0.0411131
63.38,0.546657,0.588886,0.402263,-0.0422287
63.385,0.560464,0.584188,0.402225,-0.0237241
63.39,0.547033,0.579455,0.402187,-0.0324221
63.395,0.538139,0.574704,0.402148,-0.0365643
63.4,0.540686,0.569949,0.40211,-0.0292631
63.405,0.549311,0.565206,0.402072,-0.0158945
63.41,0.56358,0.560488,0.402034,0.00309279
63.415,0.56342,0.555807,0.401996,0.00761266
63.42,0.545298,0.551176,0.401957,-0.00587795
63.425,0.532987,0.546604,0.401919,-0.0136171
63.43,0.514354,0.542103,0.401881,-0.0277488
63.435,0.505654,0.537681,0.401843,-0.0320266
63.44,0.512677,0.533346,0.401805,-0.0206692
63.445,0.517792,0.529105,0.401767,-0.0113138
63.45,0.53201,0.524966,0.401729,0.00704481
63.455,0.537896,0.520932,0.40169,0.0169633
63.46,0.526899,0.517011,0.401652,0.00988888
63.465,0.530419,0.513204,0.401614,0.0172151
63.47,0.531886,0.509517,0.401576,0.0223698
63.475,0.528766,0.50595,0.401538,0.0228154
63.48,0.533558,0.502508,0.4015,0.0310501
63.485,0.533795,0.49919,0.401462,0.0346052
63.49,0.536527,0.495998,0.401424,0.0405293
63.495,0.529095,0.492932,0.401386,0.0361632
63.5,0.500451,0.489991,0.401348,0.01046
63.505,0.5001,0.487175,0.401309,0.0129247
63.51,0.487249,0.484482,0.401271,0.00276663
63.515,0.498057,0.481912,0.401233,0.0161449
63.52,0.487397,0.47946,0.401195,0.00793661
63.525,0.487865,0.477127,0.401157,0.0107388
63.53,0.479113,0.474907,0.401119,0.00420611
63.535,0.481628,0.4728,0.401081,0.00882823
63.54,0.495764,0.470801,0.401043,0.0249638
63.545,0.490875,0.468907,0.401005,0.0219679
63.55,0.500367,0.467114,0.400967,0.0332528
63.555,0.491362,0.46542,0.400929,0.025942
63.56,0.480676,0.46382,0.400891,0.0168564
63.565,0.478004,0.46231,0.400853,0.0156935
63.57,0.482505,0.460887,0.400815,0.0216185
63.575,0.48687,0.459547,0.400778,0.0273235
63.58,0.493052,0.458285,0.40074,0.0347672
63.585,0.490339,0.457099,0.400702,0.03324
63.59,0.488448,0.455984,0.400664,0.0324639
63.595,0.485651,0.454938,0.400626,0.0307131
63.6,0.491442,0.453955,0.400588,0.0374869
63.605,0.491241,0.453033,0.40055,0.0382074
63.61,0.496955,0.452169,0.400512,0.0447854
63.615,0.494001,0.451359,0.400474,0.0426417
63.62,0.490286,0.450601,0.400436,0.0396856
63.625,0.485882,0.449891,0.400399,0.035991
63.63,0.494181,0.449226,0.400361,0.0449549
63.635,0.492449,0.448604,0.400323,0.0438449
63.64,0.493292,0.448023,0.400285,0.0452695
63.645,0.47145,0.447479,0.400247,0.0239709
63.65,0.479402,0.446972,0.400209,0.0324296
63.655,0.482404,0.446499,0.400172,0.0359058
63.66,0.487259,0.446057,0.400134,0.0412013
63.665,0.4892,0.445647,0.400096,0.0435538
63.67,0.486901,0.445265,0.400058,0.0416361
63.675,0.496095,0.44491,0.40002,0.051185
63.68,0.509969,0.444582,0.399983,0.065387
63.685,0.49952,0.444279,0.399945,0.0552408
63.69,0.498132,0.444001,0.399907,0.0541308
63.695,0.479605,0.443746,0.399869,0.0358591
63.7,0.482484,0.443514,0.399832,0.0389701
63.705,0.484642,0.443305,0.399794,0.0413368
63.71,0.488089,0.443118,0.399756,0.0449707
63.715,0.497446,0.442954,0.399718,0.0544919
63.72,0.491493,0.442811,0.399681,0.0486817
63.725,0.487662,0.442692,0.399643,0.0449701
63.73,0.49699,0.442595,0.399605,0.0543946
63.735,0.49936,0.442522,0.399568,0.0568372
63.74,0.506484,0.442474,0.39953,0.0640102
63.745,0.504303,0.442451,0.399492,0.061852
63.75,0.504778,0.442454,0.399455,0.0623239
63.755,0.496591,0.442486,0.399417,0.0541049
63.76,0.495163,0.442548,0.399379,0.0526147
63.765,0.49226,0.442641,0.399342,0.0496184
63.77,0.489999,0.442769,0.399304,0.0472308
63.775,0.49484,0.442932,0.399266,0.0519074
63.78,0.477924,0.443135,0.399229,0.0347888
63.785,0.480781,0.44338,0.399191,0.0374011
63.79,0.493145,0.443671,0.399153,0.049474
63.795,0.494219,0.444011,0.399116,0.0502071
63.8,0.489491,0.444405,0.399078,0.045086
63.805,0.477224,0.444857,0.399041,0.0323668
63.81,0.485836,0.445371,0.399003,0.0404652
63.815,0.491993,0.445954,0.398966,0.0460396
63.82,0.491255,0.44661,0.398928,0.0446448
63.825,0.493529,0.447346,0.398891,0.0461829
63.83,0.502281,0.448168,0.398853,0.0541131
63.835,0.517638,0.449083,0.398815,0.0685547
63.84,0.511883,0.450099,0.398778,0.0617842
63.845,0.496286,0.451224,0.39874,0.0450625
63.85,0.478613,0.452465,0.398703,0.0261488
63.855,0.461756,0.453831,0.398665,0.00792438
63.86,0.470304,0.455332,0.398628,0.0149718
63.865,0.484671,0.456977,0.39859,0.0276936
63.87,0.488779,0.458776,0.398553,0.0300031
63.875,0.481956,0.460739,0.398516,0.0212161
63.88,0.470741,0.462877,0.398478,0.00786416
63.885,0.48473,0.465201,0.398441,0.019529
63.89,0.498979,0.467721,0.398403,0.0312585
63.895,0.493799,0.470448,0.398366,0.0233508
63.9,0.498814,0.473395,0.398328,0.0254192
63.905,0.512663,0.476572,0.398291,0.0360908
63.91,0.533356,0.479991,0.398254,0.0533653
63.915,0.541984,0.483662,0.398216,0.0583215
63.92,0.531382,0.487597,0.398179,0.0437849
63.925,0.528223,0.491807,0.398141,0.0364166
63.93,0.546791,0.496301,0.398104,0.0504898
63.935,0.560873,0.501089,0.398067,0.059784
63.94,0.56715,0.50618,0.398029,0.0609702
63.945,0.558709,0.511582,0.397992,0.0471269
63.95,0.565637,0.517303,0.397955,0.0483331
63.955,0.572115,0.523349,0.397917,0.0487656
63.96,0.593876,0.529725,0.39788,0.0641514
63.965,0.593405,0.536434,0.397843,0.0569711
63.97,0.591894,0.54348,0.397805,0.0484137
63.975,0.605665,0.550863,0.397768,0.0548025
63.98,0.631853,0.558582,0.397731,0.0732711
63.985,0.648413,0.566635,0.397693,0.081778
63.99,0.642096,0.575017,0.397656,0.0670788
63.995,0.646787,0.583722,0.397619,0.0630646
64,0.641337,0.592742,0.397582,0.0485951
64.005,0.647754,0.602066,0.397544,0.0456886
64.01,0.647841,0.61168,0.397507,0.0361612
64.015,0.647245,0.62157,0.39747,0.0256744
64.02,0.641311,0.631719,0.397433,0.00959228
64.025,0.640313,0.642105,0.397395,-0.00179247
64.03,0.65284,0.652707,0.397358,0.000132736
64.035,0.675421,0.663499,0.397321,0.0119213
64.04,0.690747,0.674454,0.397284,0.0162928
64.045,0.682221,0.685542,0.397247,-0.00332082
64.05,0.67976,0.696729,0.39721,-0.0169688
64.055,0.701477,0.707981,0.397172,-0.00650468
64.06,0.710186,0.71926,0.397135,-0.0090748
64.065,0.711979,0.730526,0.397098,-0.0185467
64.07,0.713759,0.741736,0.397061,-0.0279766
64.075,0.700978,0.752845,0.397024,-0.0518663
64.08,0.691192,0.763805,0.396987,-0.0726133
64.085,0.678754,0.774569,0.39695,-0.0958146
64.09,0.67505,0.785084,0.396912,-0.110034
64.095,0.703157,0.795297,0.396875,-0.0921408
64.1,0.71923,0.805155,0.396838,-0.0859255
64.105,0.72837,0.814603,0.396801,-0.086233
64.11,0.723298,0.823583,0.396764,-0.100285
64.115,0.700794,0.832041,0.396727,-0.131247
64.12,0.692077,0.83992,0.39669,-0.147843
64.125,0.694231,0.847167,0.396653,-0.152936
64.13,0.690314,0.853729,0.396616,-0.163415
64.135,0.694483,0.859558,0.396579,-0.165075
64.14,0.693325,0.864606,0.396542,-0.171281
64.145,0.702254,0.868834,0.396505,-0.16658
64.15,0.717107,0.872206,0.396468,-0.155099
64.155,0.688565,0.874692,0.396431,-0.186127
64.16,0.678912,0.87627,0.396394,-0.197357
64.165,0.678568,0.876924,0.396357,-0.198356
64.17,0.673554,0.876649,0.39632,-0.203096
64.175,0.686301,0.875446,0.396283,-0.189145
64.18,0.684125,0.873323,0.396246,-0.189198
64.185,0.679025,0.870298,0.396209,-0.191273
64.19,0.707625,0.866396,0.396172,-0.158771
64.195,0.712206,0.861647,0.396135,-0.149441
64.2,0.717739,0.856089,0.396098,-0.13835
64.205,0.726512,0.849764,0.396061,-0.123252
64.21,0.706591,0.84272,0.396024,-0.136129
64.215,0.696078,0.835006,0.395987,-0.138928
64.22,0.684087,0.826676,0.395951,-0.142588
64.225,0.660749,0.817783,0.395914,-0.157034
64.23,0.658735,0.808385,0.395877,-0.14965
64.235,0.644395,0.798536,0.39584,-0.154141
64.24,0.649885,0.788293,0.395803,-0.138408
64.245,0.653018,0.777711,0.395766,-0.124693
64.25,0.657595,0.766842,0.395729,-0.109247
64.255,0.643639,0.75574,0.395693,-0.112102
64.26,0.634635,0.744456,0.395656,-0.109821
64.265,0.627911,0.733037,0.395619,-0.105126
64.27,0.629627,0.721531,0.395582,-0.0919041
64.275,0.616373,0.709981,0.395545,-0.0936081
64.28,0.593844,0.69843,0.395509,-0.104586
64.285,0.574354,0.686916,0.395472,-0.112562
64.29,0.585075,0.675478,0.395435,-0.0904025
64.295,0.592048,0.664149,0.395398,-0.0721009
64.3,0.599751,0.652961,0.395361,-0.0532102
64.305,0.603712,0.641944,0.395325,-0.0382317
64.31,0.609224,0.631124,0.395288,-0.0218994
64.315,0.606713,0.620526,0.395251,-0.013813
64.32,0.59515,0.610171,0.395215,-0.0150207
64.325,0.586064,0.600079,0.395178,-0.0140147
64.33,0.568094,0.590267,0.395141,-0.0221728
64.335,0.568576,0.580749,0.395104,-0.0121731
64.34,0.571995,0.571537,0.395068,0.000458267
64.345,0.564949,0.562642,0.395031,0.00230703
64.35,0.549467,0.55407,0.394994,-0.00460288
64.355,0.529753,0.545829,0.394958,-0.0160764
64.36,0.513193,0.537921,0.394921,-0.0247282
64.365,0.525001,0.530349,0.394884,-0.00534776
64.37,0.536545,0.523113,0.394848,0.0134321
64.375,0.541028,0.516211,0.394811,0.0248168
64.38,0.55435,0.509641,0.394775,0.0447097
64.385,0.553259,0.503397,0.394738,0.0498617
64.39,0.54975,0.497476,0.394701,0.052274
64.395,0.543482,0.49187,0.394665,0.0516126
64.4,0.54729,0.486571,0.394628,0.060719
64.405,0.560049,0.481571,0.394592,0.0784784
64.41,0.565133,0.476861,0.394555,0.0882723
64.415,0.558676,0.472431,0.394518,0.0862454
64.42,0.546876,0.46827,0.394482,0.0786054
64.425,0.537581,0.464368,0.394445,0.0732124
64.43,0.533158,0.460714,0.394409,0.0724435
64.435,0.521157,0.457297,0.394372,0.0638601
64.44,0.499773,0.454104,0.394336,0.0456689
64.445,0.485756,0.451126,0.394299,0.0346299
64.45,0.471173,0.44835,0.394263,0.0228236
64.455,0.479801,0.445765,0.394226,0.0340365
64.46,0.48039,0.44336,0.39419,0.0370297
64.465,0.479932,0.441124,0.394153,0.0388077
64.47,0.481311,0.439048,0.394117,0.0422631
64.475,0.479406,0.43712,0.39408,0.0422864
64.48,0.478585,0.435331,0.394044,0.0432536
64.485,0.471387,0.433671,0.394008,0.0377158
64.49,0.468893,0.432132,0.393971,0.0367609
64.495,0.481828,0.430704,0.393935,0.0511241
64.5,0.483033,0.429379,0.393898,0.0536544
64.505,0.483491,0.42815,0.393862,0.0553408
64.51,0.489593,0.427009,0.393826,0.062584
64.515,0.498713,0.425949,0.393789,0.0727641
64.52,0.507117,0.424964,0.393753,0.0821526
64.525,0.500977,0.424048,0.393716,0.076929
64.53,0.479143,0.423195,0.39368,0.0559489
64.535,0.466398,0.422399,0.393644,0.0439989
64.54,0.48366,0.421656,0.393607,0.0620041
64.545,0.486712,0.420961,0.393571,0.0657506
64.55,0.478769,0.42031,0.393535,0.058459
64.555,0.455379,0.4197,0.393498,0.0356791
64.56,0.44392,0.419126,0.393462,0.0247937
64.565,0.458902,0.418586,0.393426,0.040316
64.57,0.479985,0.418076,0.39339,0.061909
64.575,0.491006,0.417593,0.393353,0.0734131
64.58,0.483074,0.417136,0.393317,0.0659375
64.585,0.475614,0.416702,0.393281,0.0589118
64.59,0.48635,0.416289,0.393244,0.0700614
64.595,0.491365,0.415895,0.393208,0.0754699
64.6,0.496015,0.415518,0.393172,0.080497
64.605,0.500304,0.415158,0.393136,0.0851462
64.61,0.48085,0.414811,0.3931,0.0660386
64.615,0.478066,0.414479,0.393063,0.0635877
64.62,0.467474,0.414158,0.393027,0.0533162
64.625,0.458064,0.413849,0.392991,0.0442151
64.63,0.465466,0.41355,0.392955,0.0519164
64.635,0.472156,0.413261,0.392919,0.0588951
64.64,0.48406,0.41298,0.392882,0.0710798
64.645,0.4723,0.412708,0.392846,0.0595922
64.65,0.480467,0.412443,0.39281,0.0680242
64.655,0.480307,0.412185,0.392774,0.0681216
64.66,0.473312,0.411934,0.392738,0.0613775
64.665,0.460056,0.411689,0.392702,0.0483664
64.67,0.440728,0.41145,0.392666,0.0292779
64.675,0.437567,0.411216,0.39263,0.0263507
64.68,0.469639,0.410988,0.392593,0.0586508
64.685,0.489831,0.410764,0.392557,0.0790671
64.69,0.500317,0.410545,0.392521,0.0897714
64.695,0.504043,0.410331,0.392485,0.0937126
64.7,0.502954,0.41012,0.392449,0.0928335
64.705,0.483332,0.409914,0.392413,0.0734181
64.71,0.479812,0.409711,0.392377,0.070101
64.715,0.47182,0.409512,0.392341,0.0623082
64.72,0.462702,0.409317,0.392305,0.0533853
64.725,0.469368,0.409124,0.392269,0.0602438
64.73,0.458622,0.408935,0.392233,0.0496863
64.735,0.441731,0.40875,0.392197,0.0329812
64.74,0.439409,0.408567,0.392161,0.0308425
64.745,0.430115,0.408387,0.392125,0.0217283
64.75,0.43435,0.40821,0.392089,0.0261406
64.755,0.451666,0.408035,0.392053,0.0436308
64.76,0.460551,0.407863,0.392017,0.0526881
64.765,0.473172,0.407694,0.391981,0.0654777
64.77,0.470285,0.407527,0.391945,0.0627579
64.775,0.464176,0.407363,0.391909,0.0568136
64.78,0.475509,0.4072,0.391873,0.0683084
64.785,0.480936,0.40704,0.391838,0.0738957
64.79,0.479358,0.406883,0.391802,0.0724753
64.795,0.474305,0.406727,0.391766,0.0675782
64.8,0.474879,0.406574,0.39173,0.0683059
64.805,0.472603,0.406422,0.391694,0.066181
64.81,0.456378,0.406272,0.391658,0.0501058
64.815,0.43361,0.406125,0.391622,0.0274855
64.82,0.434513,0.405979,0.391586,0.0285339
64.825,0.438627,0.405835,0.391551,0.0327917
64.83,0.450745,0.405693,0.391515,0.0450526
64.835,0.45449,0.405552,0.391479,0.0489382
64.84,0.467424,0.405413,0.391443,0.0620105
64.845,0.490602,0.405276,0.391407,0.0853258
64.85,0.489965,0.40514,0.391372,0.0848254
64.855,0.479907,0.405006,0.391336,0.074901
64.86,0.464899,0.404873,0.3913,0.0600256
64.865,0.450901,0.404742,0.391264,0.0461591
64.87,0.456814,0.404612,0.391229,0.0522017
64.875,0.473378,0.404484,0.391193,0.0688938
64.88,0.477571,0.404357,0.391157,0.0732133
64.885,0.493878,0.404232,0.391121,0.0896465
64.89,0.482577,0.404107,0.391086,0.0784699
64.895,0.476494,0.403984,0.39105,0.0725093
64.9,0.463619,0.403863,0.391014,0.059756
64.905,0.460882,0.403742,0.390979,0.0571399
64.91,0.477049,0.403623,0.390943,0.0734259
64.915,0.471737,0.403505,0.390907,0.0682323
64.92,0.472233,0.403388,0.390872,0.0688457
64.925,0.444308,0.403272,0.390836,0.0410364
64.93,0.429897,0.403157,0.3908,0.0267402
64.935,0.423956,0.403043,0.390765,0.0209126
64.94,0.416594,0.40293,0.390729,0.0136634
64.945,0.41324,0.402819,0.390693,0.0104217
64.95,0.435956,0.402708,0.390658,0.0332475
64.955,0.438818,0.402598,0.390622,0.0362192
64.96,0.459779,0.40249,0.390587,0.0572891
64.965,0.460775,0.402382,0.390551,0.0583926
64.97,0.453022,0.402275,0.390515,0.0507464
64.975,0.454226,0.402169,0.39048,0.0520567
64.98,0.448606,0.402064,0.390444,0.046542
64.985,0.45401,0.40196,0.390409,0.0520502
64.99,0.459773,0.401857,0.390373,0.0579162
64.995,0.440882,0.401754,0.390338,0.0391277
65,0.436003,0.401653,0.390302,0.0343501
65.005,0.430884,0.401552,0.390267,0.0293325
65.01,0.444564,0.401452,0.390231,0.0431127
65.015,0.461069,0.401352,0.390196,0.0597164
65.02,0.467569,0.401254,0.39016,0.0663148
65.025,0.463917,0.401156,0.390125,0.0627606
65.03,0.465802,0.401059,0.390089,0.0647427
65.035,0.464135,0.400963,0.390054,0.063172
65.04,0.457687,0.400867,0.390018,0.0568203
65.045,0.458079,0.400772,0.389983,0.0573072
65.05,0.456305,0.400678,0.389948,0.0556278
65.055,0.455232,0.400584,0.389912,0.0546479
65.06,0.442512,0.400491,0.389877,0.0420206
65.065,0.427089,0.400399,0.389841,0.0266903
65.07,0.419622,0.400307,0.389806,0.0193147
65.075,0.431162,0.400216,0.389771,0.0309455
65.08,0.442603,0.400126,0.389735,0.0424775
65.085,0.438136,0.400036,0.3897,0.0381
65.09,0.437063,0.399946,0.389665,0.037117
65.095,0.445617,0.399858,0.389629,0.0457591
65.1,0.443848,0.39977,0.389594,0.0440783
65.105,0.447386,0.399682,0.389559,0.0477039
65.11,0.440403,0.399595,0.389523,0.0408076
65.115,0.4523,0.399509,0.389488,0.0527914
65.12,0.455473,0.399423,0.389453,0.0560501
65.125,0.457992,0.399337,0.389417,0.0586544
65.13,0.440085,0.399252,0.389382,0.0408323
65.135,0.439569,0.399168,0.389347,0.0404014
65.14,0.435136,0.399084,0.389312,0.0360516
65.145,0.439132,0.399001,0.389276,0.0401308
65.15,0.443403,0.398918,0.389241,0.0444849
65.155,0.439542,0.398836,0.389206,0.040707
65.16,0.43619,0.398754,0.389171,0.0374367
65.165,0.445275,0.398672,0.389135,0.0466029
65.17,0.453886,0.398591,0.3891,0.0552948
65.175,0.463184,0.39851,0.389065,0.0646737
65.18,0.467208,0.39843,0.38903,0.0687776
65.185,0.456312,0.398351,0.388995,0.0579619
65.19,0.458163,0.398271,0.38896,0.059892
65.195,0.457035,0.398192,0.388924,0.0588424
65.2,0.463061,0.398114,0.388889,0.0649476
65.205,0.459189,0.398036,0.388854,0.0611533
65.21,0.453627,0.397958,0.388819,0.0556693
65.215,0.450459,0.397881,0.388784,0.0525782
65.22,0.45389,0.397804,0.388749,0.0560863
65.225,0.466583,0.397728,0.388714,0.0688556
65.23,0.459845,0.397652,0.388679,0.0621935
65.235,0.457367,0.397576,0.388644,0.0597909
65.24,0.43826,0.3975,0.388608,0.0407597
65.245,0.442603,0.397425,0.388573,0.0451774
65.25,0.454326,0.397351,0.388538,0.0569756
65.255,0.456249,0.397277,0.388503,0.058972
65.26,0.460715,0.397203,0.388468,0.0635123
65.265,0.454979,0.397129,0.388433,0.05785
65.27,0.464173,0.397056,0.388398,0.0671167
65.275,0.455754,0.396983,0.388363,0.0587715
65.28,0.45905,0.39691,0.388328,0.0621391
65.285,0.449739,0.396838,0.388293,0.0529011
65.29,0.458418,0.396766,0.388258,0.0616513
65.295,0.487291,0.396695,0.388223,0.0905967
65.3,0.489459,0.396623,0.388188,0.0928355
65.305,0.483899,0.396552,0.388153,0.0873469
65.31,0.476594,0.396482,0.388119,0.0801119
65.315,0.470817,0.396411,0.388084,0.0744057
65.32,0.467734,0.396341,0.388049,0.0713926
65.325,0.478659,0.396272,0.388014,0.082387
65.33,0.474302,0.396202,0.387979,0.0781002
65.335,0.467243,0.396133,0.387944,0.0711099
65.34,0.459217,0.396064,0.387909,0.0631528
65.345,0.440524,0.395995,0.387874,0.0445284
65.35,0.442006,0.395927,0.387839,0.0460789
65.355,0.431954,0.395859,0.387805,0.036095
65.36,0.42573,0.395791,0.38777,0.0299385
65.365,0.425,0.395724,0.387735,0.0292768
65.37,0.425903,0.395656,0.3877,0.0302468
65.375,0.428479,0.395589,0.387665,0.0328903
65.38,0.42163,0.395522,0.387631,0.0261078
65.385,0.433599,0.395456,0.387596,0.0381428
65.39,0.447106,0.39539,0.387561,0.0517164
65.395,0.458229,0.395324,0.387526,0.0629049
65.4,0.456128,0.395258,0.387491,0.0608698
65.405,0.456346,0.395192,0.387457,0.0611531
65.41,0.456951,0.395127,0.387422,0.0618243
65.415,0.452679,0.395062,0.387387,0.0576167
65.42,0.437435,0.394997,0.387352,0.0424382
65.425,0.436501,0.394933,0.387318,0.0415686
65.43,0.427261,0.394868,0.387283,0.0323929
65.435,0.421993,0.394804,0.387248,0.0271886
65.44,0.423014,0.39474,0.387214,0.0282738
65.445,0.419667,0.394677,0.387179,0.0249901
65.45,0.423164,0.394613,0.387144,0.0285505
65.455,0.429906,0.39455,0.38711,0.0353565
65.46,0.428231,0.394487,0.387075,0.0337438
65.465,0.429913,0.394424,0.38704,0.0354893
65.47,0.431192,0.394362,0.387006,0.0368303
65.475,0.430264,0.394299,0.386971,0.0359645
65.48,0.444949,0.394237,0.386937,0.0507118
65.485,0.458704,0.394175,0.386902,0.0645291
65.49,0.462175,0.394113,0.386867,0.0680614
65.495,0.462233,0.394052,0.386833,0.0681812
65.5,0.46951,0.39399,0.386798,0.0755202
65.505,0.459196,0.393929,0.386764,0.065267
65.51,0.451169,0.393868,0.386729,0.0573009
65.515,0.435812,0.393807,0.386695,0.042005
65.52,0.430307,0.393747,0.38666,0.0365603
65.525,0.441958,0.393686,0.386626,0.0482712
65.53,0.440612,0.393626,0.386591,0.0469862
65.535,0.441637,0.393566,0.386557,0.0480709
65.54,0.440877,0.393506,0.386522,0.0473709
65.545,0.443366,0.393446,0.386488,0.0499191
65.55,0.458527,0.393387,0.386453,0.0651399
65.555,0.448852,0.393328,0.386419,0.0555246
65.56,0.44832,0.393268,0.386384,0.0550511
65.565,0.42899,0.393209,0.38635,0.0357804
65.57,0.433877,0.393151,0.386315,0.0407265
65.575,0.437727,0.393092,0.386281,0.0446349
65.58,0.449675,0.393034,0.386247,0.0566415
65.585,0.46041,0.392975,0.386212,0.0674352
65.59,0.448457,0.392917,0.386178,0.0555395
65.595,0.450581,0.392859,0.386143,0.0577222
65.6,0.43603,0.392801,0.386109,0.0432292
65.605,0.436452,0.392744,0.386075,0.0437082
65.61,0.434935,0.392686,0.38604,0.0422489
65.615,0.437198,0.392629,0.386006,0.0445692
65.62,0.447324,0.392572,0.385972,0.0547528
65.625,0.464684,0.392515,0.385937,0.0721691
65.63,0.477902,0.392458,0.385903,0.0854439
65.635,0.478639,0.392401,0.385869,0.0862385
65.64,0.470666,0.392344,0.385834,0.0783212
65.645,0.463862,0.392288,0.3858,0.0715738
65.65,0.46314,0.392232,0.385766,0.0709087
65.655,0.461511,0.392176,0.385732,0.069335
65.66,0.463879,0.39212,0.385697,0.0717591
65.665,0.446992,0.392064,0.385663,0.0549285
65.67,0.433695,0.392008,0.385629,0.0416871
65.675,0.429772,0.391952,0.385595,0.0378191
65.68,0.43945,0.391897,0.385561,0.0475525
65.685,0.440375,0.391842,0.385526,0.0485336
65.69,0.424646,0.391787,0.385492,0.0328597
65.695,0.428311,0.391732,0.385458,0.0365797
65.7,0.431909,0.391677,0.385424,0.040232
65.705,0.449224,0.391622,0.38539,0.0576022
65.71,0.450772,0.391567,0.385356,0.0592049
65.715,0.453372,0.391513,0.385321,0.0618588
65.72,0.457727,0.391459,0.385287,0.0662679
65.725,0.470741,0.391404,0.385253,0.0793365
65.73,0.463763,0.39135,0.385219,0.0724127
65.735,0.455137,0.391296,0.385185,0.063841
65.74,0.439843,0.391243,0.385151,0.0486
65.745,0.429285,0.391189,0.385117,0.0380966
65.75,0.435514,0.391135,0.385083,0.0443788
65.755,0.442994,0.391082,0.385049,0.0519119
65.76,0.439026,0.391029,0.385015,0.0479969
65.765,0.438959,0.390975,0.384981,0.0479836
65.77,0.433764,0.390922,0.384947,0.0428419
65.775,0.448261,0.390869,0.384913,0.0573917
65.78,0.464605,0.390817,0.384878,0.0737883
65.785,0.479141,0.390764,0.384845,0.0883773
65.79,0.481999,0.390711,0.384811,0.0912877
65.795,0.495244,0.390659,0.384777,0.104585
65.8,0.490363,0.390606,0.384743,0.099757
65.805,0.476327,0.390554,0.384709,0.0857724
65.81,0.461065,0.390502,0.384675,0.0705633
65.815,0.454193,0.39045,0.384641,0.0637434
65.82,0.473583,0.390398,0.384607,0.0831854
65.825,0.480348,0.390346,0.384573,0.0900015
65.83,0.481913,0.390295,0.384539,0.0916183
65.835,0.479501,0.390243,0.384505,0.0892585
65.84,0.479894,0.390191,0.384471,0.0897027
65.845,0.492184,0.39014,0.384437,0.102044
65.85,0.489639,0.390089,0.384403,0.0995498
65.855,0.493489,0.390038,0.38437,0.103452
65.86,0.487478,0.389987,0.384336,0.0974916
65.865,0.480348,0.389936,0.384302,0.0904125
65.87,0.469644,0.389885,0.384268,0.0797591
65.875,0.464076,0.389834,0.384234,0.0742421
65.88,0.47137,0.389783,0.384201,0.0815864
65.885,0.479888,0.389733,0.384167,0.0901547
65.89,0.47911,0.389682,0.384133,0.0894276
65.895,0.471637,0.389632,0.384099,0.0820045
65.9,0.43951,0.389582,0.384065,0.0499281
65.905,0.440574,0.389532,0.384032,0.051042
65.91,0.445349,0.389482,0.383998,0.0558677
65.915,0.451415,0.389432,0.383964,0.0619832
65.92,0.447996,0.389382,0.38393,0.058614
65.925,0.457715,0.389332,0.383897,0.0683824
65.93,0.480715,0.389283,0.383863,0.0914328
65.935,0.486201,0.389233,0.383829,0.0969681
65.94,0.480627,0.389184,0.383796,0.0914433
65.945,0.473278,0.389134,0.383762,0.0841436
65.95,0.468266,0.389085,0.383728,0.0791813
65.955,0.482595,0.389036,0.383695,0.0935592
65.96,0.468947,0.388987,0.383661,0.0799604
65.965,0.465423,0.388938,0.383627,0.0764856
65.97,0.461833,0.388889,0.383594,0.0729442
65.975,0.450739,0.38884,0.38356,0.0618986
65.98,0.45287,0.388791,0.383527,0.0640783
65.985,0.454613,0.388743,0.383493,0.0658704
65.99,0.453406,0.388694,0.383459,0.0647115
65.995,0.460493,0.388646,0.383426,0.0718469
66,0.448437,0.388597,0.383392,0.0598398
66.005,0.452823,0.388549,0.383359,0.0642742
66.01,0.460566,0.388501,0.383325,0.0720648
66.015,0.465397,0.388453,0.383292,0.0769447
66.02,0.467541,0.388405,0.383258,0.0791367
66.025,0.452239,0.388357,0.383225,0.0638822
66.03,0.452854,0.388309,0.383191,0.0645455
66.035,0.455583,0.388261,0.383158,0.0673224
66.04,0.447825,0.388213,0.383124,0.0596119
66.045,0.442053,0.388166,0.383091,0.0538876
66.05,0.425813,0.388118,0.383057,0.0376953
66.055,0.441599,0.388071,0.383024,0.0535288
66.06,0.45642,0.388023,0.382991,0.0683968
66.065,0.470308,0.387976,0.382957,0.0823319
66.07,0.485353,0.387929,0.382924,0.0974244
66.075,0.505796,0.387882,0.38289,0.117915
66.08,0.491651,0.387835,0.382857,0.103817
66.085,0.487853,0.387788,0.382824,0.100065
66.09,0.464348,0.387741,0.38279,0.0766068
66.095,0.46289,0.387694,0.382757,0.0751966
66.1,0.462129,0.387647,0.382723,0.0744819
66.105,0.455917,0.3876,0.38269,0.0683167
66.11,0.447542,0.387554,0.382657,0.0599885
66.115,0.455352,0.387507,0.382624,0.0678445
66.12,0.442138,0.387461,0.38259,0.0546773
66.125,0.434198,0.387415,0.382557,0.0467839
66.13,0.438217,0.387368,0.382524,0.0508483
66.135,0.448782,0.387322,0.38249,0.0614604
66.14,0.460215,0.387276,0.382457,0.072939
66.145,0.469295,0.38723,0.382424,0.0820654
66.15,0.455172,0.387184,0.382391,0.0679879
66.155,0.450445,0.387138,0.382357,0.0633068
66.16,0.457146,0.387092,0.382324,0.0700535
66.165,0.474632,0.387046,0.382291,0.0875852
66.17,0.470988,0.387001,0.382258,0.0839878
66.175,0.469262,0.386955,0.382225,0.0823067
66.18,0.461054,0.386909,0.382191,0.0741445
66.185,0.468652,0.386864,0.382158,0.0817881
66.19,0.478413,0.386818,0.382125,0.0915944
66.195,0.471212,0.386773,0.382092,0.0844388
66.2,0.467339,0.386728,0.382059,0.0806113
66.205,0.465444,0.386683,0.382026,0.0787611
66.21,0.469391,0.386637,0.381993,0.0827539
66.215,0.462035,0.386592,0.38196,0.075443
66.22,0.447854,0.386547,0.381926,0.0613067
66.225,0.449373,0.386502,0.381893,0.0628706
66.23,0.45745,0.386457,0.38186,0.0709924
66.235,0.46608,0.386413,0.381827,0.0796672
66.24,0.459982,0.386368,0.381794,0.0736142
66.245,0.463167,0.386323,0.381761,0.0768435
66.25,0.461128,0.386279,0.381728,0.0748493
66.255,0.472584,0.386234,0.381695,0.0863503
66.26,0.473637,0.386189,0.381662,0.087448
66.265,0.471906,0.386145,0.381629,0.0857613
66.27,0.462766,0.386101,0.381596,0.076665
66.275,0.4465,0.386056,0.381563,0.0604435
66.28,0.435823,0.386012,0.38153,0.0498108
66.285,0.437632,0.385968,0.381497,0.0516644
66.29,0.442698,0.385924,0.381464,0.0567746
66.295,0.445452,0.38588,0.381431,0.0595722
66.3,0.450445,0.385836,0.381398,0.0646096
66.305,0.452688,0.385792,0.381366,0.0668965
66.31,0.451043,0.385748,0.381333,0.0652952
66.315,0.452229,0.385704,0.3813,0.0665253
66.32,0.438663,0.38566,0.381267,0.0530029
66.325,0.44927,0.385617,0.381234,0.0636534
66.33,0.462854,0.385573,0.381201,0.0772808
66.335,0.459521,0.38553,0.381168,0.073991
66.34,0.464104,0.385486,0.381136,0.078618
66.345,0.456138,0.385443,0.381103,0.0706956
66.35,0.457539,0.385399,0.38107,0.0721395
66.355,0.456934,0.385356,0.381037,0.0715781
66.36,0.449235,0.385313,0.381004,0.0639224
66.365,0.446543,0.385269,0.380972,0.0612736
66.37,0.446301,0.385226,0.380939,0.0610753
66.375,0.438309,0.385183,0.380906,0.0531258
66.38,0.420048,0.38514,0.380873,0.0349076
66.385,0.404371,0.385097,0.380841,0.0192736
66.39,0.407861,0.385054,0.380808,0.0228072
66.395,0.403167,0.385011,0.380775,0.0181562
66.4,0.418138,0.384968,0.380742,0.0331698
66.405,0.418764,0.384926,0.38071,0.0338383
66.41,0.425234,0.384883,0.380677,0.0403509
66.415,0.4396,0.38484,0.380644,0.05476
66.42,0.440513,0.384798,0.380612,0.055715
66.425,0.445171,0.384755,0.380579,0.0604156
66.43,0.438426,0.384713,0.380546,0.0537129
66.435,0.440957,0.38467,0.380514,0.0562869
66.44,0.44613,0.384628,0.380481,0.0615018
66.445,0.456422,0.384586,0.380449,0.0718362
66.45,0.455791,0.384543,0.380416,0.071248
66.455,0.443471,0.384501,0.380384,0.0589698
66.46,0.437242,0.384459,0.380351,0.0527836
66.465,0.427816,0.384417,0.380318,0.0433991
66.47,0.440288,0.384375,0.380286,0.0559131
66.475,0.437472,0.384333,0.380253,0.0531392
66.48,0.440623,0.384291,0.380221,0.0563325
66.485,0.435104,0.384249,0.380188,0.0508548
66.49,0.440723,0.384207,0.380156,0.0565163
66.495,0.445067,0.384165,0.380123,0.0609014
66.5,0.457181,0.384123,0.380091,0.0730575
66.505,0.457156,0.384082,0.380058,0.073074
66.51,0.470434,0.38404,0.380026,0.0863944
66.515,0.468745,0.383998,0.379993,0.0847464
66.52,0.465326,0.383957,0.379961,0.0813696
66.525,0.447585,0.383915,0.379929,0.0636691
66.53,0.43535,0.383874,0.379896,0.0514761
66.535,0.431019,0.383833,0.379864,0.0471869
66.54,0.434545,0.383791,0.379831,0.0507541
66.545,0.442251,0.38375,0.379799,0.0585014
66.55,0.444407,0.383709,0.379767,0.0606987
66.555,0.461398,0.383667,0.379734,0.0777308
66.56,0.468073,0.383626,0.379702,0.0844465
66.565,0.466085,0.383585,0.37967,0.0824998
66.57,0.46513,0.383544,0.379637,0.0815863
66.575,0.450389,0.383503,0.379605,0.0668862
66.58,0.439158,0.383462,0.379573,0.0556957
66.585,0.428494,0.383421,0.37954,0.0450726
66.59,0.431177,0.38338,0.379508,0.0477965
66.595,0.433658,0.38334,0.379476,0.0503182
66.6,0.445355,0.383299,0.379444,0.0620559
66.605,0.44458,0.383258,0.379411,0.0613222
66.61,0.443497,0.383217,0.379379,0.0602798
66.615,0.448087,0.383177,0.379347,0.06491
66.62,0.457023,0.383136,0.379315,0.0738864
66.625,0.465864,0.383096,0.379283,0.0827681
66.63,0.474279,0.383055,0.37925,0.0912235
66.635,0.46435,0.383015,0.379218,0.0813351
66.64,0.450267,0.382974,0.379186,0.0672929
66.645,0.442979,0.382934,0.379154,0.0600445
66.65,0.455017,0.382894,0.379122,0.0721231
66.655,0.468458,0.382854,0.37909,0.0856046
66.66,0.467466,0.382813,0.379058,0.084653
66.665,0.444024,0.382773,0.379025,0.0612513
66.67,0.424561,0.382733,0.378993,0.041828
66.675,0.421187,0.382693,0.378961,0.0384938
66.68,0.417029,0.382653,0.378929,0.0343765
66.685,0.406025,0.382613,0.378897,0.0234121
66.69,0.41487,0.382573,0.378865,0.0322966
66.695,0.418008,0.382533,0.378833,0.0354749
66.7,0.430589,0.382493,0.378801,0.0480957
66.705,0.436375,0.382453,0.378769,0.0539221
66.71,0.433163,0.382414,0.378737,0.0507491
66.715,0.429101,0.382374,0.378705,0.0467272
66.72,0.421505,0.382334,0.378673,0.0391706
66.725,0.40758,0.382295,0.378641,0.0252851
66.73,0.419478,0.382255,0.378609,0.0372232
66.735,0.432532,0.382215,0.378577,0.0503163
66.74,0.434357,0.382176,0.378545,0.052181
66.745,0.431268,0.382136,0.378513,0.0491319
66.75,0.427824,0.382097,0.378481,0.0457269
66.755,0.415145,0.382058,0.378449,0.0330871
66.76,0.412494,0.382018,0.378418,0.030476
66.765,0.399539,0.381979,0.378386,0.0175598
66.77,0.403691,0.38194,0.378354,0.0217514
66.775,0.406833,0.3819,0.378322,0.0249325
66.78,0.415424,0.381861,0.37829,0.0335624
66.785,0.423198,0.381822,0.378258,0.0413763
66.79,0.423998,0.381783,0.378227,0.0422147
66.795,0.423838,0.381744,0.378195,0.0420937
66.8,0.425573,0.381705,0.378163,0.043868
66.805,0.429682,0.381666,0.378131,0.0480161
66.81,0.435075,0.381627,0.378099,0.0534483
66.815,0.433004,0.381588,0.378068,0.0514155
66.82,0.422745,0.381549,0.378036,0.0411952
66.825,0.418992,0.381511,0.378004,0.0374811
66.83,0.412573,0.381472,0.377972,0.0311011
66.835,0.422042,0.381433,0.377941,0.0406092
66.84,0.435411,0.381394,0.377909,0.054017
66.845,0.446951,0.381356,0.377877,0.0655953
66.85,0.438331,0.381317,0.377846,0.0570142
66.855,0.432331,0.381279,0.377814,0.0510523
66.86,0.421168,0.38124,0.377782,0.0399276
66.865,0.41712,0.381201,0.377751,0.0359185
66.87,0.405714,0.381163,0.377719,0.024551
66.875,0.391044,0.381125,0.377687,0.00991927
66.88,0.392549,0.381086,0.377656,0.0114624
66.885,0.390936,0.381048,0.377624,0.00988838
66.89,0.404001,0.38101,0.377593,0.0229915
66.895,0.407816,0.380971,0.377561,0.0268448
66.9,0.412322,0.380933,0.377529,0.0313887
66.905,0.422193,0.380895,0.377498,0.0412981
66.91,0.419322,0.380857,0.377466,0.0384653
66.915,0.419889,0.380819,0.377435,0.0390701
66.92,0.408139,0.380781,0.377403,0.0273581
66.925,0.392594,0.380743,0.377372,0.0118519
66.93,0.390387,0.380705,0.37734,0.00968266
66.935,0.411132,0.380667,0.377309,0.0304653
66.94,0.426625,0.380629,0.377277,0.0459963
66.945,0.429362,0.380591,0.377246,0.0487714
66.95,0.421871,0.380553,0.377214,0.0413177
66.955,0.408819,0.380515,0.377183,0.0283037
66.96,0.416632,0.380477,0.377152,0.036155
66.965,0.408552,0.38044,0.37712,0.0281119
66.97,0.402301,0.380402,0.377089,0.0218989
66.975,0.388327,0.380364,0.377057,0.00796267
66.98,0.387843,0.380327,0.377026,0.00751615
66.985,0.394743,0.380289,0.376995,0.014454
66.99,0.402875,0.380252,0.376963,0.0226234
66.995,0.416086,0.380214,0.376932,0.0358717
67,0.404626,0.380177,0.376901,0.0244499
67.005,0.408593,0.380139,0.376869,0.0284535
67.01,0.399607,0.380102,0.376838,0.0195054
67.015,0.409396,0.380064,0.376807,0.0293318
67.02,0.416859,0.380027,0.376776,0.0368318
67.025,0.426018,0.37999,0.376744,0.0460284
67.03,0.422248,0.379952,0.376713,0.0422958
67.035,0.41255,0.379915,0.376682,0.0326351
67.04,0.398193,0.379878,0.376651,0.0183152
67.045,0.397729,0.379841,0.376619,0.0178884
67.05,0.400452,0.379804,0.376588,0.0206477
67.055,0.390783,0.379767,0.376557,0.0110165
67.06,0.397603,0.37973,0.376526,0.0178736
67.065,0.405808,0.379693,0.376495,0.0261156
67.07,0.40747,0.379656,0.376463,0.0278144
67.075,0.403792,0.379619,0.376432,0.0241731
67.08,0.398247,0.379582,0.376401,0.0186648
67.085,0.386099,0.379545,0.37637,0.00655366
67.09,0.385495,0.379508,0.376339,0.00598727
67.095,0.373332,0.379471,0.376308,-0.0061395
67.1,0.368378,0.379434,0.376277,-0.0110567
67.105,0.383116,0.379398,0.376246,0.00371871
67.11,0.391664,0.379361,0.376215,0.0123034
67.115,0.398264,0.379324,0.376184,0.0189393
67.12,0.399148,0.379288,0.376152,0.0198602
67.125,0.399519,0.379251,0.376121,0.0202675
67.13,0.404996,0.379215,0.37609,0.0257819
67.135,0.400695,0.379178,0.376059,0.0215166
67.14,0.387162,0.379142,0.376028,0.00802094
67.145,0.374502,0.379105,0.375997,-0.00460351
67.15,0.379597,0.379069,0.375967,0.000528083
67.155,0.409598,0.379032,0.375936,0.0305655
67.16,0.422602,0.378996,0.375905,0.0436061
67.165,0.423404,0.37896,0.375874,0.0444445
67.17,0.410825,0.378923,0.375843,0.0319013
67.175,0.399414,0.378887,0.375812,0.0205267
67.18,0.395255,0.378851,0.375781,0.0164042
67.185,0.377063,0.378815,0.37575,-0.00175165
67.19,0.357276,0.378778,0.375719,-0.021502
67.195,0.351855,0.378742,0.375688,-0.0268871
67.2,0.362095,0.378706,0.375658,-0.0166108
67.205,0.366577,0.37867,0.375627,-0.0120931
67.21,0.370251,0.378634,0.375596,-0.00838261
67.215,0.372589,0.378598,0.375565,-0.0060089
67.22,0.380738,0.378562,0.375534,0.00217558
67.225,0.393426,0.378526,0.375504,0.0148996
67.23,0.385528,0.37849,0.375473,0.00703751
67.235,0.391563,0.378454,0.375442,0.0131081
67.24,0.380303,0.378419,0.375411,0.00188423
67.245,0.385858,0.378383,0.375381,0.0074756
67.25,0.392824,0.378347,0.37535,0.0144767
67.255,0.390562,0.378311,0.375319,0.0122504
67.26,0.396779,0.378276,0.375288,0.0185035
67.265,0.398749,0.37824,0.375258,0.0205087
67.27,0.399325,0.378204,0.375227,0.0211212
67.275,0.40322,0.378169,0.375196,0.0250509
67.28,0.400379,0.378133,0.375166,0.0222461
67.285,0.400116,0.378097,0.375135,0.022019
67.29,0.381126,0.378062,0.375104,0.00306457
67.295,0.391075,0.378026,0.375074,0.0130482
67.3,0.377532,0.377991,0.375043,-0.000458816
67.305,0.379653,0.377956,0.375013,0.00169742
67.31,0.382186,0.37792,0.374982,0.004266
67.315,0.381573,0.377885,0.374952,0.0036878
67.32,0.393107,0.377849,0.374921,0.0152573
67.325,0.409255,0.377814,0.37489,0.0314404
67.33,0.418961,0.377779,0.37486,0.0411825
67.335,0.424455,0.377744,0.374829,0.0467117
67.34,0.42618,0.377708,0.374799,0.048472
67.345,0.410793,0.377673,0.374768,0.0331202
67.35,0.405268,0.377638,0.374738,0.0276294
67.355,0.38037,0.377603,0.374708,0.00276679
67.36,0.374943,0.377568,0.374677,-0.00262494
67.365,0.374868,0.377533,0.374647,-0.00266514
67.37,0.376646,0.377498,0.374616,-0.000851865
67.375,0.393799,0.377463,0.374586,0.0163358
67.38,0.387618,0.377428,0.374555,0.0101904
67.385,0.390647,0.377393,0.374525,0.013254
67.39,0.389974,0.377358,0.374495,0.0126157
67.395,0.384317,0.377323,0.374464,0.00699381
67.4,0.386638,0.377288,0.374434,0.00934964
67.405,0.379456,0.377254,0.374404,0.0022028
67.41,0.3871,0.377219,0.374373,0.0098808
67.415,0.384929,0.377184,0.374343,0.00774508
67.42,0.394547,0.377149,0.374313,0.0173975
67.425,0.408308,0.377115,0.374282,0.0311932
67.43,0.411989,0.37708,0.374252,0.0349088
67.435,0.404389,0.377045,0.374222,0.0273437
67.44,0.388032,0.377011,0.374192,0.0110208
67.445,0.358539,0.376976,0.374161,-0.0184374
67.45,0.342682,0.376942,0.374131,-0.0342597
67.455,0.342352,0.376907,0.374101,-0.0345548
67.46,0.348286,0.376873,0.374071,-0.0285863
67.465,0.347283,0.376838,0.374041,-0.0295554
67.47,0.356226,0.376804,0.37401,-0.0205776
67.475,0.351075,0.376769,0.37398,-0.0256949
67.48,0.363579,0.376735,0.37395,-0.0131561
67.485,0.38502,0.376701,0.37392,0.00831886
67.49,0.390926,0.376666,0.37389,0.0142598
67.495,0.39788,0.376632,0.37386,0.0212474
67.5,0.39077,0.376598,0.37383,0.0141718
67.505,0.387829,0.376564,0.3738,0.0112656
67.51,0.381908,0.37653,0.37377,0.00537878
67.515,0.378088,0.376495,0.373739,0.00159283
67.52,0.370731,0.376461,0.373709,-0.00573002
67.525,0.378221,0.376427,0.373679,0.00179417
67.53,0.387784,0.376393,0.373649,0.0113907
67.535,0.386059,0.376359,0.373619,0.00969974
67.54,0.37162,0.376325,0.373589,-0.00470498
67.545,0.371022,0.376291,0.373559,-0.0052695
67.55,0.385661,0.376257,0.373529,0.00940369
67.555,0.403104,0.376223,0.3735,0.026881
67.56,0.407062,0.376189,0.37347,0.0308727
67.565,0.396044,0.376156,0.37344,0.0198881
67.57,0.383069,0.376122,0.37341,0.0069474
67.575,0.373594,0.376088,0.37338,-0.00249403
67.58,0.386113,0.376054,0.37335,0.0100586
67.585,0.389565,0.37602,0.37332,0.0135442
67.59,0.394172,0.375987,0.37329,0.0181857
67.595,0.387303,0.375953,0.37326,0.0113504
67.6,0.37589,0.375919,0.373231,-2.90923e-05
67.605,0.386173,0.375886,0.373201,0.0102874
67.61,0.392749,0.375852,0.373171,0.0168969
67.615,0.398069,0.375819,0.373141,0.0222503
67.62,0.405843,0.375785,0.373111,0.0300576
67.625,0.404693,0.375752,0.373082,0.0289413
67.63,0.413387,0.375718,0.373052,0.037669
67.635,0.419634,0.375685,0.373022,0.0439492
67.64,0.409821,0.375651,0.372992,0.03417
67.645,0.41166,0.375618,0.372963,0.036042
67.65,0.400229,0.375584,0.372933,0.0246447
67.655,0.40321,0.375551,0.372903,0.0276589
67.66,0.39721,0.375518,0.372873,0.0216918
67.665,0.389796,0.375485,0.372844,0.0143114
67.67,0.37853,0.375451,0.372814,0.00307835
67.675,0.387664,0.375418,0.372785,0.0122463
67.68,0.379304,0.375385,0.372755,0.00391896
67.685,0.383845,0.375352,0.372725,0.00849292
67.69,0.368419,0.375319,0.372696,-0.00690004
67.695,0.362062,0.375285,0.372666,-0.0132237
67.7,0.36648,0.375252,0.372636,-0.00877226
67.705,0.37636,0.375219,0.372607,0.00114023
67.71,0.385354,0.375186,0.372577,0.0101677
67.715,0.396788,0.375153,0.372548,0.0216342
67.72,0.39989,0.37512,0.372518,0.0247696
67.725,0.398635,0.375087,0.372489,0.0235475
67.73,0.397381,0.375054,0.372459,0.0223263
67.735,0.375656,0.375022,0.37243,0.000634417
67.74,0.356429,0.374989,0.3724,-0.0185599
67.745,0.339341,0.374956,0.372371,-0.0356154
67.75,0.333525,0.374923,0.372341,-0.0413978
67.755,0.356501,0.37489,0.372312,-0.0183894
67.76,0.370388,0.374858,0.372283,-0.00446922
67.765,0.381194,0.374825,0.372253,0.00636869
67.77,0.390476,0.374792,0.372224,0.0156839
67.775,0.385616,0.37476,0.372194,0.0108564
67.78,0.38461,0.374727,0.372165,0.00988272
67.785,0.382232,0.374694,0.372136,0.0075373
67.79,0.378769,0.374662,0.372106,0.00410686
67.795,0.382421,0.374629,0.372077,0.00779163
67.8,0.383084,0.374597,0.372048,0.00848745
67.805,0.377211,0.374564,0.372018,0.00264648
67.81,0.365729,0.374532,0.371989,-0.00880317
67.815,0.360038,0.374499,0.37196,-0.0144611
67.82,0.362688,0.374467,0.371931,-0.0117785
67.825,0.370031,0.374435,0.371901,-0.00440311
67.83,0.370984,0.374402,0.371872,-0.00341829
67.835,0.369183,0.37437,0.371843,-0.00518661
67.84,0.371045,0.374338,0.371814,-0.00329252
67.845,0.368879,0.374305,0.371784,-0.00542669
67.85,0.381476,0.374273,0.371755,0.00720308
67.855,0.388856,0.374241,0.371726,0.0146154
67.86,0.407851,0.374209,0.371697,0.0336422
67.865,0.407458,0.374177,0.371668,0.0332813
67.87,0.409262,0.374144,0.371639,0.0351179
67.875,0.392661,0.374112,0.37161,0.0185485
67.88,0.39024,0.37408,0.371581,0.0161596
67.885,0.387796,0.374048,0.371551,0.0137481
67.89,0.385909,0.374016,0.371522,0.0118925
67.895,0.37869,0.373984,0.371493,0.00470625
67.9,0.386475,0.373952,0.371464,0.0125232
67.905,0.397534,0.37392,0.371435,0.0236139
67.91,0.394866,0.373888,0.371406,0.0209775
67.915,0.3834,0.373857,0.371377,0.00954327
67.92,0.374221,0.373825,0.371348,0.000396667
67.925,0.37377,0.373793,0.371319,-2.26696e-05
67.93,0.370456,0.373761,0.37129,-0.0033049
67.935,0.356068,0.373729,0.371261,-0.0176616
67.94,0.344399,0.373698,0.371232,-0.0292983
67.945,0.35229,0.373666,0.371203,-0.0213757
67.95,0.36277,0.373634,0.371175,-0.0108642
67.955,0.377024,0.373603,0.371146,0.00342147
67.96,0.378738,0.373571,0.371117,0.00516732
67.965,0.382251,0.373539,0.371088,0.00871135
67.97,0.388589,0.373508,0.371059,0.0150808
67.975,0.384009,0.373476,0.37103,0.0105329
67.98,0.393222,0.373445,0.371001,0.0197772
67.985,0.408543,0.373413,0.370973,0.0351297
67.99,0.398342,0.373382,0.370944,0.0249599
67.995,0.389854,0.37335,0.370915,0.0165036
68,0.379747,0.373319,0.370886,0.00642808
68.005,0.370516,0.373288,0.370857,-0.00277222
68.01,0.371476,0.373256,0.370829,-0.00178082
68.015,0.370611,0.373225,0.3708,-0.00261446
68.02,0.367481,0.373194,0.370771,-0.00571327
68.025,0.366776,0.373163,0.370742,-0.00638649
68.03,0.373176,0.373131,0.370714,4.49652e-05
68.035,0.36849,0.3731,0.370685,-0.00461032
68.04,0.379897,0.373069,0.370656,0.00682847
68.045,0.379337,0.373038,0.370628,0.00629949
68.05,0.380119,0.373007,0.370599,0.00711182
68.055,0.374022,0.372976,0.370571,0.00104644
68.06,0.370298,0.372945,0.370542,-0.0026467
68.065,0.367932,0.372914,0.370513,-0.00498184
68.07,0.370435,0.372883,0.370485,-0.00244722
68.075,0.380908,0.372852,0.370456,0.00805661
68.08,0.392032,0.372821,0.370428,0.0192113
68.085,0.393313,0.37279,0.370399,0.0205232
68.09,0.393771,0.372759,0.370371,0.0210117
68.095,0.382931,0.372728,0.370342,0.0102032
68.1,0.381057,0.372697,0.370314,0.00836018
68.105,0.371408,0.372666,0.370285,-0.00125821
68.11,0.356657,0.372636,0.370257,-0.0159788
68.115,0.353725,0.372605,0.370228,-0.01888
68.12,0.364303,0.372574,0.3702,-0.00827166
68.125,0.370064,0.372543,0.370171,-0.00247983
68.13,0.374958,0.372513,0.370143,0.00244552
68.135,0.373769,0.372482,0.370114,0.00128653
68.14,0.373921,0.372452,0.370086,0.00146904
68.145,0.389837,0.372421,0.370058,0.017416
68.15,0.38302,0.372391,0.370029,0.0106292
68.155,0.375812,0.37236,0.370001,0.00345201
68.16,0.373144,0.37233,0.369973,0.000814744
68.165,0.363239,0.372299,0.369944,-0.00906034
68.17,0.370677,0.372269,0.369916,-0.0015918
68.175,0.370075,0.372238,0.369888,-0.0021634
68.18,0.371606,0.372208,0.369859,-0.0006022
68.185,0.367901,0.372178,0.369831,-0.00427623
68.19,0.363679,0.372147,0.369803,-0.00846806
68.195,0.35833,0.372117,0.369775,-0.0137872
68.2,0.370812,0.372087,0.369746,-0.00127502
68.205,0.371754,0.372057,0.369718,-0.000302669
68.21,0.368741,0.372026,0.36969,-0.00328533
68.215,0.365466,0.371996,0.369662,-0.0065307
68.22,0.375368,0.371966,0.369634,0.00340235
68.225,0.387161,0.371936,0.369606,0.0152252
68.23,0.390348,0.371906,0.369577,0.0184423
68.235,0.376671,0.371876,0.369549,0.00479494
68.24,0.363862,0.371846,0.369521,-0.00798417
68.245,0.353915,0.371816,0.369493,-0.0179008
68.25,0.345251,0.371786,0.369465,-0.0265352
68.255,0.332316,0.371756,0.369437,-0.0394404
68.26,0.328097,0.371726,0.369409,-0.0436294
68.265,0.333037,0.371696,0.369381,-0.0386594
68.27,0.339301,0.371666,0.369353,-0.0323653
68.275,0.347434,0.371637,0.369325,-0.024203
68.28,0.353952,0.371607,0.369297,-0.0176548
68.285,0.358203,0.371577,0.369269,-0.0133738
68.29,0.356797,0.371548,0.369241,-0.0147501
68.295,0.354326,0.371518,0.369213,-0.0171914
68.3,0.357379,0.371488,0.369185,-0.0141096
68.305,0.363486,0.371459,0.369157,-0.00797303
68.31,0.365282,0.371429,0.369129,-0.00614699
68.315,0.37501,0.371399,0.369101,0.00361083
68.32,0.385324,0.37137,0.369073,0.0139536
68.325,0.391192,0.37134,0.369045,0.0198511
68.33,0.385926,0.371311,0.369018,0.0146153
68.335,0.372087,0.371282,0.36899,0.000804956
68.34,0.380684,0.371252,0.368962,0.00943137
68.345,0.384966,0.371223,0.368934,0.0137432
68.35,0.385321,0.371194,0.368906,0.0141277
68.355,0.375456,0.371164,0.368879,0.00429149
68.36,0.372263,0.371135,0.368851,0.00112827
68.365,0.372492,0.371106,0.368823,0.00138663
68.37,0.377926,0.371077,0.368795,0.00684955
68.375,0.379484,0.371047,0.368768,0.00843631
68.38,0.384919,0.371018,0.36874,0.0139012
68.385,0.389953,0.370989,0.368712,0.0189638
68.39,0.390571,0.37096,0.368684,0.0196105
68.395,0.381405,0.370931,0.368657,0.0104735
68.4,0.376305,0.370902,0.368629,0.00540315
68.405,0.360998,0.370873,0.368602,-0.00987468
68.41,0.350284,0.370844,0.368574,-0.0205599
68.415,0.34531,0.370815,0.368546,-0.0255049
68.42,0.35355,0.370786,0.368519,-0.0172362
68.425,0.368283,0.370758,0.368491,-0.00247437
68.43,0.375119,0.370729,0.368464,0.00439027
68.435,0.380364,0.3707,0.368436,0.00966371
68.44,0.387672,0.370671,0.368408,0.0170006
68.445,0.386236,0.370643,0.368381,0.0155935
68.45,0.395104,0.370614,0.368353,0.0244901
68.455,0.38668,0.370585,0.368326,0.0160946
68.46,0.389113,0.370557,0.368298,0.0185566
68.465,0.391688,0.370528,0.368271,0.0211598
68.47,0.398879,0.3705,0.368244,0.0283796
68.475,0.406526,0.370471,0.368216,0.0360547
68.48,0.400488,0.370443,0.368189,0.0300451
68.485,0.394706,0.370414,0.368161,0.0242918
68.49,0.383186,0.370386,0.368134,0.0127997
68.495,0.370959,0.370357,0.368107,0.000601895
68.5,0.36743,0.370329,0.368079,-0.00289893
68.505,0.355727,0.370301,0.368052,-0.0145735
68.51,0.352517,0.370273,0.368024,-0.0177559
68.515,0.369529,0.370244,0.367997,-0.00071524
68.52,0.378623,0.370216,0.36797,0.00840691
68.525,0.388908,0.370188,0.367943,0.0187198
68.53,0.390861,0.37016,0.367915,0.020701
68.535,0.383987,0.370132,0.367888,0.0138545
68.54,0.380775,0.370104,0.367861,0.0106714
68.545,0.385476,0.370076,0.367834,0.0154002
68.55,0.388735,0.370048,0.367806,0.0186865
68.555,0.383401,0.37002,0.367779,0.0133804
68.56,0.369973,0.369992,0.367752,-1.91997e-05
68.565,0.359694,0.369964,0.367725,-0.0102709
68.57,0.356855,0.369937,0.367698,-0.0130819
68.575,0.373516,0.369909,0.36767,0.00360677
68.58,0.373531,0.369881,0.367643,0.00364948
68.585,0.369184,0.369854,0.367616,-0.00066986
68.59,0.379901,0.369826,0.367589,0.0100751
68.595,0.392212,0.369798,0.367562,0.0224138
68.6,0.391027,0.369771,0.367535,0.021256
68.605,0.384428,0.369743,0.367508,0.0146851
68.61,0.368123,0.369716,0.367481,-0.00159322
68.615,0.366229,0.369688,0.367454,-0.0034599
68.62,0.378201,0.369661,0.367427,0.00853962
68.625,0.384851,0.369634,0.3674,0.0152172
68.63,0.380134,0.369606,0.367373,0.0105277
68.635,0.372388,0.369579,0.367346,0.00280902
68.64,0.368949,0.369552,0.367319,-0.000602621
68.645,0.37575,0.369525,0.367292,0.00622529
68.65,0.390018,0.369498,0.367265,0.02052
68.655,0.393892,0.369471,0.367238,0.0244217
68.66,0.399008,0.369444,0.367211,0.0295644
68.665,0.39872,0.369417,0.367184,0.0293031
68.67,0.397082,0.36939,0.367158,0.0276919
68.675,0.394169,0.369363,0.367131,0.0248063
68.68,0.393649,0.369336,0.367104,0.0243132
68.685,0.387953,0.369309,0.367077,0.0186442
68.69,0.396584,0.369282,0.36705,0.0273017
68.695,0.398895,0.369256,0.367024,0.0296397
68.7,0.392168,0.369229,0.366997,0.0229393
68.705,0.380885,0.369202,0.36697,0.0116824
68.71,0.369192,0.369176,0.366943,1.5818e-05
68.715,0.375504,0.369149,0.366917,0.00635445
68.72,0.373941,0.369123,0.36689,0.0048181
68.725,0.368994,0.369096,0.366863,-0.000102854
68.73,0.364378,0.36907,0.366836,-0.00469211
68.735,0.363481,0.369044,0.36681,-0.00556288
68.74,0.365185,0.369017,0.366783,-0.00383249
68.745,0.369313,0.368991,0.366756,0.000322081
68.75,0.356055,0.368965,0.36673,-0.0129103
68.755,0.354853,0.368939,0.366703,-0.0140861
68.76,0.361085,0.368913,0.366677,-0.00782831
68.765,0.361932,0.368887,0.36665,-0.00695458
68.77,0.360554,0.368861,0.366624,-0.00830657
68.775,0.349963,0.368835,0.366597,-0.0188723
68.78,0.350295,0.368809,0.36657,-0.018514
68.785,0.350658,0.368783,0.366544,-0.0181251
68.79,0.357041,0.368758,0.366517,-0.0117168
68.795,0.366994,0.368732,0.366491,-0.00173818
68.8,0.376185,0.368706,0.366465,0.00747846
68.805,0.376742,0.368681,0.366438,0.00806133
68.81,0.371533,0.368655,0.366412,0.00287718
68.815,0.363667,0.36863,0.366385,-0.00496326
68.82,0.368313,0.368605,0.366359,-0.000291598
68.825,0.367901,0.368579,0.366332,-0.000678759
68.83,0.359744,0.368554,0.366306,-0.00880985
68.835,0.367001,0.368529,0.36628,-0.00152826
68.84,0.37258,0.368504,0.366253,0.00407578
68.845,0.385599,0.368479,0.366227,0.0171208
68.85,0.389189,0.368454,0.366201,0.0207348
68.855,0.381202,0.368429,0.366174,0.0127728
68.86,0.374828,0.368404,0.366148,0.00642395
68.865,0.370904,0.368379,0.366122,0.00252506
68.87,0.367164,0.368354,0.366096,-0.00119039
68.875,0.365978,0.36833,0.366069,-0.00235193
68.88,0.362072,0.368305,0.366043,-0.00623362
68.885,0.367219,0.368281,0.366017,-0.00106173
68.89,0.376342,0.368256,0.365991,0.00808611
68.895,0.389572,0.368232,0.365965,0.0213397
68.9,0.391226,0.368208,0.365938,0.0230181
68.905,0.384165,0.368184,0.365912,0.0159817
68.91,0.38383,0.368159,0.365886,0.0156704
68.915,0.376145,0.368135,0.36586,0.00800917
68.92,0.377026,0.368111,0.365834,0.00891444
68.925,0.375476,0.368088,0.365808,0.00738789
68.93,0.36264,0.368064,0.365782,-0.00542417
68.935,0.364814,0.36804,0.365756,-0.00322603
68.94,0.358925,0.368016,0.36573,-0.0090916
68.945,0.357603,0.367993,0.365704,-0.01039
68.95,0.372086,0.36797,0.365678,0.0041162
68.955,0.367959,0.367946,0.365652,1.26264e-05
68.96,0.365071,0.367923,0.365626,-0.00285193
68.965,0.368404,0.3679,0.3656,0.000504071
68.97,0.360918,0.367877,0.365574,-0.0069586
68.975,0.359771,0.367854,0.365548,-0.00808254
68.98,0.35901,0.367831,0.365522,-0.00882126
68.985,0.349778,0.367808,0.365496,-0.0180302
68.99,0.35478,0.367785,0.36547,-0.0130049
68.995,0.362781,0.367763,0.365444,-0.00498148
69,0.361391,0.36774,0.365418,-0.00634899
69.005,0.366717,0.367718,0.365393,-0.00100106
69.01,0.361309,0.367696,0.365367,-0.00638678
69.015,0.36885,0.367674,0.365341,0.0011768
69.02,0.373362,0.367652,0.365315,0.00571003
69.025,0.369189,0.36763,0.365289,0.00155901
69.03,0.372475,0.367608,0.365264,0.00486704
69.035,0.359763,0.367586,0.365238,-0.00782274
69.04,0.359058,0.367565,0.365212,-0.00850646
69.045,0.353883,0.367543,0.365186,-0.0136598
69.05,0.355282,0.367522,0.365161,-0.0122403
69.055,0.347544,0.367501,0.365135,-0.0199564
69.06,0.359248,0.36748,0.365109,-0.00823141
69.065,0.365743,0.367459,0.365084,-0.00171541
69.07,0.366982,0.367438,0.365058,-0.000456015
69.075,0.364521,0.367417,0.365033,-0.0028965
69.08,0.366105,0.367397,0.365007,-0.00129219
69.085,0.368641,0.367377,0.364981,0.00126425
69.09,0.377588,0.367356,0.364956,0.0102316
69.095,0.369165,0.367336,0.36493,0.00182858
69.1,0.368885,0.367316,0.364905,0.00156906
69.105,0.370698,0.367297,0.364879,0.00340161
69.11,0.381863,0.367277,0.364854,0.0145859
69.115,0.376909,0.367258,0.364828,0.00965112
69.12,0.363867,0.367239,0.364803,-0.0033718
69.125,0.359468,0.36722,0.364777,-0.00775137
69.13,0.365198,0.367201,0.364752,-0.00200265
69.135,0.376432,0.367182,0.364726,0.00924966
69.14,0.371598,0.367164,0.364701,0.00443412
69.145,0.34698,0.367145,0.364676,-0.0201648
69.15,0.351506,0.367127,0.36465,-0.015621
69.155,0.359959,0.367109,0.364625,-0.00715022
69.16,0.366327,0.367092,0.3646,-0.000764649
69.165,0.368549,0.367074,0.364574,0.00147483
69.17,0.369017,0.367057,0.364549,0.00195961
69.175,0.380278,0.36704,0.364524,0.0132385
69.18,0.384297,0.367023,0.364498,0.0172739
69.185,0.382685,0.367007,0.364473,0.0156786
69.19,0.368773,0.36699,0.364448,0.00178256
69.195,0.36405,0.366974,0.364423,-0.00292454
69.2,0.365126,0.366959,0.364397,-0.00183233
69.205,0.369213,0.366943,0.364372,0.00226993
69.21,0.36901,0.366928,0.364347,0.00208152
69.215,0.358269,0.366913,0.364322,-0.00864386
69.22,0.349749,0.366899,0.364297,-0.0171498
69.225,0.34675,0.366884,0.364272,-0.0201346
69.23,0.348937,0.366871,0.364246,-0.0179332
69.235,0.348699,0.366857,0.364221,-0.0181581
69.24,0.361602,0.366844,0.364196,-0.00524158
69.245,0.356466,0.366831,0.364171,-0.0103654
69.25,0.363026,0.366819,0.364146,-0.00379224
69.255,0.350054,0.366807,0.364121,-0.0167531
69.26,0.349813,0.366795,0.364096,-0.0169818
69.265,0.358879,0.366784,0.364071,-0.00790509
69.27,0.367379,0.366774,0.364046,0.0006055
69.275,0.366057,0.366764,0.364021,-0.000707124
69.28,0.374243,0.366754,0.363996,0.00748827
69.285,0.362707,0.366745,0.363971,-0.00403893
69.29,0.370964,0.366737,0.363946,0.00422678
69.295,0.366166,0.36673,0.363921,-0.000563941
69.3,0.372184,0.366723,0.363897,0.00546112
69.305,0.370286,0.366717,0.363872,0.00356927
69.31,0.36749,0.366712,0.363847,0.000778651
69.315,0.359023,0.366708,0.363822,-0.00768434
69.32,0.354822,0.366704,0.363797,-0.0118823
69.325,0.353903,0.366702,0.363772,-0.0127996
69.33,0.367245,0.366701,0.363748,0.000544037
69.335,0.367959,0.366701,0.363723,0.00125827
69.34,0.382544,0.366703,0.363698,0.0158416
69.345,0.379547,0.366706,0.363673,0.0128409
69.35,0.382135,0.36671,0.363649,0.0154247
69.355,0.375707,0.366716,0.363624,0.00899083
69.36,0.369317,0.366724,0.363599,0.0025929
69.365,0.365792,0.366735,0.363574,-0.000943022
69.37,0.369165,0.366747,0.36355,0.00241852
69.375,0.356243,0.366761,0.363525,-0.010518
69.38,0.34904,0.366779,0.363501,-0.017739
69.385,0.347194,0.366798,0.363476,-0.0196044
69.39,0.3563,0.366821,0.363451,-0.0105217
69.395,0.365503,0.366848,0.363427,-0.00134487
69.4,0.369555,0.366877,0.363402,0.00267715
69.405,0.357155,0.366911,0.363378,-0.00975616
69.41,0.356083,0.366949,0.363353,-0.0108661
69.415,0.358912,0.366991,0.363329,-0.00807939
69.42,0.361381,0.367038,0.363304,-0.00565748
69.425,0.359517,0.367091,0.36328,-0.00757393
69.43,0.362074,0.367149,0.363255,-0.00507472
69.435,0.369049,0.367213,0.363231,0.00183565
69.44,0.375213,0.367284,0.363206,0.00792882
69.445,0.369458,0.367362,0.363182,0.00209633
69.45,0.359932,0.367447,0.363157,-0.00751519
69.455,0.354103,0.367541,0.363133,-0.0134376
69.46,0.365154,0.367643,0.363109,-0.00248861
69.465,0.375901,0.367754,0.363084,0.00814643
69.47,0.387824,0.367876,0.36306,0.0199479
69.475,0.382735,0.368008,0.363036,0.014727
69.48,0.386804,0.368151,0.363011,0.0186529
69.485,0.372013,0.368306,0.362987,0.00370742
69.49,0.363158,0.368473,0.362963,-0.00531501
69.495,0.340528,0.368654,0.362939,-0.0281262
69.5,0.322017,0.368849,0.362914,-0.0468326
69.505,0.324601,0.369059,0.36289,-0.0444581
69.51,0.333238,0.369285,0.362866,-0.0360463
69.515,0.344133,0.369527,0.362842,-0.0253941
69.52,0.342722,0.369786,0.362818,-0.0270634
69.525,0.352119,0.370063,0.362794,-0.0179441
69.53,0.355178,0.370358,0.362769,-0.0151804
69.535,0.366052,0.370674,0.362745,-0.00462189
69.54,0.372232,0.371009,0.362721,0.00122315
69.545,0.385311,0.371365,0.362697,0.0139452
69.55,0.393395,0.371743,0.362673,0.021652
69.555,0.392717,0.372144,0.362649,0.0205731
69.56,0.378151,0.372567,0.362625,0.00558355
69.565,0.384309,0.373014,0.362601,0.0112952
69.57,0.377747,0.373485,0.362577,0.0042623
69.575,0.368675,0.373981,0.362553,-0.00530532
69.58,0.350776,0.374501,0.362529,-0.0237254
69.585,0.343051,0.375047,0.362505,-0.031996
69.59,0.356216,0.375619,0.362481,-0.0194032
69.595,0.365836,0.376217,0.362457,-0.0103805
69.6,0.374617,0.37684,0.362433,-0.00222321
69.605,0.381871,0.377489,0.36241,0.0043815
69.61,0.387443,0.378164,0.362386,0.00927857
69.615,0.394616,0.378865,0.362362,0.0157504
69.62,0.395541,0.379591,0.362338,0.0159501
69.625,0.39524,0.380342,0.362314,0.014898
69.63,0.389474,0.381117,0.36229,0.0083571
69.635,0.376722,0.381915,0.362267,-0.00519281
69.64,0.370751,0.382736,0.362243,-0.0119851
69.645,0.383057,0.383579,0.362219,-0.000522254
69.65,0.402327,0.384442,0.362195,0.0178843
69.655,0.407476,0.385325,0.362172,0.022151
69.66,0.397726,0.386225,0.362148,0.0115009
69.665,0.389169,0.387142,0.362124,0.0020274
69.67,0.380357,0.388073,0.362101,-0.00771547
69.675,0.384736,0.389016,0.362077,-0.00428
69.68,0.381339,0.38997,0.362054,-0.00863066
69.685,0.388024,0.390932,0.36203,-0.00290868
69.69,0.388215,0.3919,0.362006,-0.00368539
69.695,0.391248,0.392872,0.361983,-0.00162405
69.7,0.388786,0.393844,0.361959,-0.0050582
69.705,0.396096,0.394814,0.361936,0.00128199
69.71,0.392933,0.395779,0.361912,-0.00284591
69.715,0.385285,0.396735,0.361889,-0.0114504
69.72,0.374203,0.39768,0.361865,-0.0234776
69.725,0.364902,0.39861,0.361842,-0.0337084
69.73,0.360949,0.399522,0.361818,-0.0385721
69.735,0.361374,0.400411,0.361795,-0.0390371
69.74,0.374885,0.401274,0.361771,-0.0263889
69.745,0.380925,0.402108,0.361748,-0.0211831
69.75,0.379108,0.402908,0.361725,-0.0238
69.755,0.364335,0.403671,0.361701,-0.0393363
69.76,0.357211,0.404393,0.361678,-0.047182
69.765,0.358687,0.405069,0.361655,-0.0463815
69.77,0.361007,0.405696,0.361631,-0.044689
69.775,0.359063,0.406271,0.361608,-0.0472079
69.78,0.369569,0.406789,0.361585,-0.03722
69.785,0.366073,0.407248,0.361562,-0.0411754
69.79,0.380361,0.407644,0.361538,-0.0272831
69.795,0.375113,0.407976,0.361515,-0.032863
69.8,0.380014,0.408239,0.361492,-0.0282251
69.805,0.387753,0.408434,0.361469,-0.0206803
69.81,0.400669,0.408557,0.361446,-0.00788779
69.815,0.401553,0.408608,0.361422,-0.00705533
69.82,0.409853,0.408587,0.361399,0.00126627
69.825,0.393652,0.408493,0.361376,-0.0148406
69.83,0.378184,0.408327,0.361353,-0.0301429
69.835,0.372448,0.40809,0.36133,-0.0356418
69.84,0.373277,0.407784,0.361307,-0.034507
69.845,0.374961,0.40741,0.361284,-0.0324482
69.85,0.373513,0.40697,0.361261,-0.0334574
69.855,0.373109,0.406468,0.361238,-0.0333592
69.86,0.370493,0.405906,0.361215,-0.035413
69.865,0.375509,0.405288,0.361192,-0.0297785
69.87,0.370765,0.404617,0.361169,-0.0338514
69.875,0.365171,0.403897,0.361146,-0.0387257
69.88,0.353968,0.403131,0.361123,-0.0491628
69.885,0.351828,0.402323,0.3611,-0.0504951
69.89,0.354139,0.401478,0.361077,-0.0473393
69.895,0.370186,0.400599,0.361054,-0.0304134
69.9,0.381229,0.399691,0.361032,-0.0184614
69.905,0.384404,0.398756,0.361009,-0.0143514
69.91,0.374064,0.397798,0.360986,-0.0237347
69.915,0.366714,0.396822,0.360963,-0.0301084
69.92,0.374515,0.395831,0.36094,-0.0213163
69.925,0.379914,0.394828,0.360918,-0.0149138
69.93,0.388066,0.393817,0.360895,-0.0057511
69.935,0.383455,0.3928,0.360872,-0.00934541
69.94,0.384111,0.391781,0.360849,-0.00766965
69.945,0.392952,0.390762,0.360827,0.0021893
69.95,0.385369,0.389747,0.360804,-0.00437803
69.955,0.379312,0.388737,0.360781,-0.00942507
69.96,0.360283,0.387736,0.360759,-0.0274525
69.965,0.354753,0.386744,0.360736,-0.0319917
69.97,0.349139,0.385766,0.360714,-0.0366266
69.975,0.350909,0.384801,0.360691,-0.0338926
69.98,0.344109,0.383853,0.360668,-0.0397435
69.985,0.344572,0.382922,0.360646,-0.0383505
69.99,0.348565,0.38201,0.360623,-0.0334456
69.995,0.349363,0.381119,0.360601,-0.0317564
70,0.358251,0.38025,0.360578,-0.021999
70.005,0.364013,0.379403,0.360556,-0.0153895
70.01,0.358375,0.378579,0.360533,-0.0202042
70.015,0.360306,0.37778,0.360511,-0.0174738
70.02,0.356995,0.377005,0.360489,-0.0200099
70.025,0.37171,0.376256,0.360466,-0.00454647
70.03,0.380313,0.375532,0.360444,0.00478078
70.035,0.380398,0.374834,0.360421,0.0055641
70.04,0.38297,0.374162,0.360399,0.0088079
70.045,0.387411,0.373516,0.360377,0.0138949
70.05,0.394009,0.372896,0.360354,0.0211131
70.055,0.385531,0.372301,0.360332,0.01323
70.06,0.371188,0.371732,0.36031,-0.000543668
70.065,0.358004,0.371188,0.360288,-0.0131836
70.07,0.348565,0.370668,0.360265,-0.0221031
70.075,0.343394,0.370173,0.360243,-0.0267783
70.08,0.348061,0.369701,0.360221,-0.0216402
70.085,0.344024,0.369252,0.360199,-0.0252283
70.09,0.357685,0.368825,0.360177,-0.0111402
70.095,0.355846,0.368421,0.360154,-0.0125744
70.1,0.362955,0.368037,0.360132,-0.00508246
70.105,0.360387,0.367674,0.36011,-0.00728676
70.11,0.358905,0.36733,0.360088,-0.00842435
70.115,0.361842,0.367005,0.360066,-0.00516215
70.12,0.369769,0.366697,0.360044,0.00307136
70.125,0.358712,0.366407,0.360022,-0.00769592
70.13,0.365687,0.366134,0.36,-0.000446964
70.135,0.366048,0.365876,0.359978,0.000171746
70.14,0.366639,0.365633,0.359956,0.00100569
70.145,0.368441,0.365404,0.359934,0.00303664
70.15,0.354451,0.365189,0.359912,-0.0107379
70.155,0.350237,0.364986,0.35989,-0.0147488
70.16,0.358963,0.364795,0.359868,-0.00583221
70.165,0.348193,0.364616,0.359846,-0.0164228
70.17,0.355847,0.364447,0.359824,-0.0086001
70.175,0.345696,0.364288,0.359803,-0.0185914
70.18,0.337544,0.364138,0.359781,-0.0265941
70.185,0.343841,0.363997,0.359759,-0.0201554
70.19,0.340245,0.363864,0.359737,-0.0236191
70.195,0.347203,0.363739,0.359715,-0.0165362
70.2,0.346375,0.363621,0.359694,-0.0172459
70.205,0.348515,0.363509,0.359672,-0.0149939
70.21,0.352336,0.363404,0.35965,-0.0110678
70.215,0.353361,0.363304,0.359628,-0.00994256
70.22,0.345878,0.363209,0.359607,-0.0173318
70.225,0.354839,0.36312,0.359585,-0.00828087
70.23,0.357697,0.363035,0.359563,-0.00533796
70.235,0.351936,0.362954,0.359542,-0.0110177
70.24,0.345868,0.362877,0.35952,-0.0170086
70.245,0.334578,0.362803,0.359499,-0.0282257
70.25,0.337522,0.362733,0.359477,-0.0252113
70.255,0.335058,0.362666,0.359455,-0.0276084
70.26,0.334746,0.362602,0.359434,-0.0278563
70.265,0.330961,0.36254,0.359412,-0.0315795
70.27,0.33556,0.362481,0.359391,-0.0269205
70.275,0.333782,0.362424,0.359369,-0.0286418
70.28,0.330662,0.362369,0.359348,-0.0317067
70.285,0.328449,0.362315,0.359326,-0.033866
70.29,0.327412,0.362264,0.359305,-0.0348521
70.295,0.342371,0.362214,0.359284,-0.019843
70.3,0.340328,0.362165,0.359262,-0.0218372
70.305,0.333705,0.362118,0.359241,-0.0284134
70.31,0.332205,0.362072,0.35922,-0.0298678
70.315,0.333202,0.362028,0.359198,-0.028826
70.32,0.34174,0.361984,0.359177,-0.0202437
70.325,0.350852,0.361941,0.359156,-0.0110891
70.33,0.362641,0.361899,0.359134,0.000741624
70.335,0.37319,0.361858,0.359113,0.011332
70.34,0.371274,0.361818,0.359092,0.00945578
70.345,0.352959,0.361779,0.359071,-0.00881995
70.35,0.340154,0.36174,0.359049,-0.0215864
70.355,0.327047,0.361702,0.359028,-0.0346549
70.36,0.339628,0.361664,0.359007,-0.0220366
70.365,0.337563,0.361627,0.358986,-0.0240645
70.37,0.343499,0.361591,0.358965,-0.0180917
70.375,0.343787,0.361555,0.358944,-0.0177682
70.38,0.347106,0.36152,0.358923,-0.0144139
70.385,0.342973,0.361485,0.358901,-0.0185122
70.39,0.333631,0.36145,0.35888,-0.0278194
70.395,0.334338,0.361416,0.358859,-0.027078
70.4,0.328493,0.361383,0.358838,-0.0328895
70.405,0.342788,0.361349,0.358817,-0.018561
70.41,0.344385,0.361316,0.358796,-0.0169308
70.415,0.356369,0.361284,0.358775,-0.00491459
70.42,0.346849,0.361251,0.358755,-0.0144026
70.425,0.34588,0.361219,0.358734,-0.0153392
70.43,0.331223,0.361188,0.358713,-0.0299641
70.435,0.33315,0.361156,0.358692,-0.0280061
70.44,0.330878,0.361125,0.358671,-0.030247
70.445,0.328045,0.361094,0.35865,-0.0330492
70.45,0.340322,0.361064,0.358629,-0.0207413
70.455,0.346024,0.361033,0.358609,-0.0150089
70.46,0.357003,0.361003,0.358588,-0.00400014
70.465,0.357298,0.360973,0.358567,-0.00367528
70.47,0.357239,0.360944,0.358546,-0.00370494
70.475,0.352812,0.360914,0.358525,-0.00810234
70.48,0.35942,0.360885,0.358505,-0.00146496
70.485,0.360324,0.360856,0.358484,-0.000532579
70.49,0.351593,0.360828,0.358463,-0.00923465
70.495,0.341967,0.360799,0.358443,-0.0188323
70.5,0.327905,0.360771,0.358422,-0.0328658
70.505,0.331059,0.360743,0.358402,-0.0296832
70.51,0.344569,0.360715,0.358381,-0.0161454
70.515,0.350523,0.360687,0.35836,-0.0101638
70.52,0.35527,0.360659,0.35834,-0.00538937
70.525,0.353095,0.360632,0.358319,-0.00753732
70.53,0.345777,0.360605,0.358299,-0.0148282
70.535,0.360308,0.360578,0.358278,-0.000269336
70.54,0.348123,0.360551,0.358258,-0.0124283
70.545,0.349192,0.360524,0.358237,-0.0113325
70.55,0.344523,0.360498,0.358217,-0.0159742
70.555,0.345348,0.360471,0.358196,-0.0151233
70.56,0.344083,0.360445,0.358176,-0.0163624
70.565,0.343435,0.360419,0.358156,-0.016984
70.57,0.344161,0.360393,0.358135,-0.0162323
70.575,0.346658,0.360367,0.358115,-0.0137087
70.58,0.351652,0.360341,0.358095,-0.00868992
70.585,0.348096,0.360316,0.358074,-0.0122197
70.59,0.356798,0.36029,0.358054,-0.00349225
70.595,0.359666,0.360265,0.358034,-0.000599315
70.6,0.350486,0.36024,0.358014,-0.00975402
70.605,0.34386,0.360215,0.357993,-0.0163552
70.61,0.343052,0.36019,0.357973,-0.017138
70.615,0.340142,0.360165,0.357953,-0.0200232
70.62,0.335489,0.360141,0.357933,-0.0246522
70.625,0.323366,0.360116,0.357913,-0.03675
70.63,0.323037,0.360092,0.357893,-0.0370546
70.635,0.328861,0.360068,0.357872,-0.0312068
70.64,0.336812,0.360043,0.357852,-0.0232315
70.645,0.337907,0.360019,0.357832,-0.0221128
70.65,0.334321,0.359995,0.357812,-0.025674
70.655,0.335998,0.359971,0.357792,-0.0239735
70.66,0.33738,0.359948,0.357772,-0.0225677
70.665,0.335492,0.359924,0.357752,-0.0244325
70.67,0.334645,0.359901,0.357732,-0.0252553
70.675,0.33917,0.359877,0.357712,-0.0207075
70.68,0.349698,0.359854,0.357692,-0.0101562
70.685,0.352239,0.35983,0.357672,-0.00759112
70.69,0.350707,0.359807,0.357653,-0.00910068
70.695,0.345726,0.359784,0.357633,-0.0140581
70.7,0.352902,0.359761,0.357613,-0.00685888
70.705,0.352306,0.359738,0.357593,-0.00743281
70.71,0.34217,0.359716,0.357573,-0.0175452
70.715,0.322807,0.359693,0.357553,-0.0368864
70.72,0.322114,0.35967,0.357534,-0.0375567
70.725,0.32498,0.359648,0.357514,-0.034668
70.73,0.333525,0.359625,0.357494,-0.0261003
70.735,0.33181,0.359603,0.357474,-0.0277927
70.74,0.325792,0.359581,0.357455,-0.0337885
70.745,0.322831,0.359559,0.357435,-0.0367276
70.75,0.320915,0.359536,0.357415,-0.0386213
70.755,0.317712,0.359514,0.357396,-0.0418021
70.76,0.306884,0.359492,0.357376,-0.052608
70.765,0.31659,0.359471,0.357357,-0.0428807
70.77,0.332788,0.359449,0.357337,-0.026661
70.775,0.338648,0.359427,0.357317,-0.0207789
70.78,0.3406,0.359405,0.357298,-0.0188055
70.785,0.330001,0.359384,0.357278,-0.0293826
70.79,0.324299,0.359362,0.357259,-0.0350631
70.795,0.325879,0.359341,0.357239,-0.0334616
70.8,0.326967,0.35932,0.35722,-0.0323527
70.805,0.329826,0.359298,0.3572,-0.0294728
70.81,0.340887,0.359277,0.357181,-0.0183901
70.815,0.349895,0.359256,0.357162,-0.0093613
70.82,0.354357,0.359235,0.357142,-0.00487802
70.825,0.351113,0.359214,0.357123,-0.00810107
70.83,0.34375,0.359193,0.357104,-0.0154428
70.835,0.347131,0.359172,0.357084,-0.0120407
70.84,0.347625,0.359151,0.357065,-0.0115266
70.845,0.354426,0.359131,0.357046,-0.00470492
70.85,0.348537,0.35911,0.357026,-0.0105725
70.855,0.34047,0.359089,0.357007,-0.0186193
70.86,0.339796,0.359069,0.356988,-0.0192728
70.865,0.338149,0.359048,0.356969,-0.020899
70.87,0.345553,0.359028,0.35695,-0.0134751
70.875,0.342879,0.359008,0.356931,-0.0161286
70.88,0.336814,0.358987,0.356911,-0.0221735
70.885,0.331382,0.358967,0.356892,-0.0275847
70.89,0.327485,0.358947,0.356873,-0.031462
70.895,0.327676,0.358927,0.356854,-0.0312508
70.9,0.335451,0.358907,0.356835,-0.0234559
70.905,0.329222,0.358887,0.356816,-0.0296644
70.91,0.323081,0.358867,0.356797,-0.0357852
70.915,0.325767,0.358847,0.356778,-0.0330801
70.92,0.34112,0.358827,0.356759,-0.017707
70.925,0.356805,0.358807,0.35674,-0.0020023
70.93,0.360971,0.358788,0.356721,0.00218347
70.935,0.365823,0.358768,0.356702,0.00705544
70.94,0.353434,0.358748,0.356683,-0.00531433
70.945,0.341406,0.358729,0.356665,-0.0173231
70.95,0.335578,0.358709,0.356646,-0.0231312
70.955,0.331983,0.35869,0.356627,-0.0267064
70.96,0.340142,0.35867,0.356608,-0.018529
70.965,0.345627,0.358651,0.356589,-0.0130241
70.97,0.338868,0.358632,0.356571,-0.0197635
70.975,0.334725,0.358613,0.356552,-0.0238873
70.98,0.330574,0.358594,0.356533,-0.0280196
70.985,0.332967,0.358574,0.356514,-0.0256073
70.99,0.335693,0.358555,0.356496,-0.0228619
70.995,0.339546,0.358536,0.356477,-0.0189906
71,0.337114,0.358517,0.356458,-0.0214033
71.005,0.33624,0.358499,0.35644,-0.0222589
71.01,0.336955,0.35848,0.356421,-0.021525
71.015,0.329871,0.358461,0.356403,-0.0285897
71.02,0.328083,0.358442,0.356384,-0.0303589
71.025,0.328463,0.358423,0.356365,-0.0299603
71.03,0.33819,0.358405,0.356347,-0.0202148
71.035,0.341125,0.358386,0.356328,-0.0172609
71.04,0.340701,0.358368,0.35631,-0.017667
71.045,0.336429,0.358349,0.356292,-0.0219199
71.05,0.343296,0.358331,0.356273,-0.0150342
71.055,0.35296,0.358312,0.356255,-0.0053525
71.06,0.362591,0.358294,0.356236,0.00429732
71.065,0.360361,0.358276,0.356218,0.00208562
71.07,0.351877,0.358257,0.3562,-0.00638068
71.075,0.346735,0.358239,0.356181,-0.0115039
71.08,0.347547,0.358221,0.356163,-0.0106736
71.085,0.351337,0.358203,0.356145,-0.00686569
71.09,0.347136,0.358185,0.356126,-0.0110485
71.095,0.347094,0.358167,0.356108,-0.0110728
71.1,0.344623,0.358149,0.35609,-0.0135254
71.105,0.343691,0.358131,0.356072,-0.0144396
71.11,0.350338,0.358113,0.356053,-0.00777517
71.115,0.345896,0.358095,0.356035,-0.0121994
71.12,0.342678,0.358077,0.356017,-0.0153989
71.125,0.342541,0.35806,0.355999,-0.0155191
71.13,0.344425,0.358042,0.355981,-0.0136171
71.135,0.34838,0.358024,0.355963,-0.00964463
71.14,0.350957,0.358007,0.355945,-0.00704941
71.145,0.342891,0.357989,0.355927,-0.015098
71.15,0.331615,0.357972,0.355909,-0.0263566
71.155,0.316049,0.357954,0.355891,-0.0419049
71.16,0.304865,0.357937,0.355873,-0.053072
71.165,0.312926,0.357919,0.355855,-0.0449934
71.17,0.32205,0.357902,0.355837,-0.0358517
71.175,0.326036,0.357885,0.355819,-0.0318484
71.18,0.326973,0.357868,0.355801,-0.0308947
71.185,0.336812,0.35785,0.355783,-0.0210382
71.19,0.352983,0.357833,0.355765,-0.00485062
71.195,0.363351,0.357816,0.355748,0.00553489
71.2,0.360542,0.357799,0.35573,0.00274328
71.205,0.34761,0.357782,0.355712,-0.0101722
71.21,0.345157,0.357765,0.355694,-0.0126084
71.215,0.339474,0.357748,0.355676,-0.0182739
71.22,0.338457,0.357731,0.355659,-0.0192745
71.225,0.336903,0.357714,0.355641,-0.0208111
71.23,0.335294,0.357698,0.355623,-0.0224035
71.235,0.329945,0.357681,0.355606,-0.0277361
71.24,0.328012,0.357664,0.355588,-0.0296527
71.245,0.334302,0.357648,0.35557,-0.0233459
71.25,0.340259,0.357631,0.355553,-0.0173716
71.255,0.340425,0.357614,0.355535,-0.0171891
71.26,0.338177,0.357598,0.355518,-0.0194209
71.265,0.329047,0.357581,0.3555,-0.0285349
71.27,0.333829,0.357565,0.355483,-0.0237356
71.275,0.332656,0.357549,0.355465,-0.0248926
71.28,0.336313,0.357532,0.355448,-0.0212197
71.285,0.33952,0.357516,0.35543,-0.017996
71.29,0.339483,0.3575,0.355413,-0.0180164
71.295,0.332792,0.357483,0.355395,-0.0246913
71.3,0.348443,0.357467,0.355378,-0.0090245
71.305,0.355495,0.357451,0.355361,-0.0019562
71.31,0.367304,0.357435,0.355343,0.00986928
71.315,0.349759,0.357419,0.355326,-0.00765993
71.32,0.338194,0.357403,0.355309,-0.0192091
71.325,0.329974,0.357387,0.355291,-0.0274129
71.33,0.333898,0.357371,0.355274,-0.0234729
71.335,0.332283,0.357355,0.355257,-0.0250723
71.34,0.326855,0.357339,0.35524,-0.0304839
71.345,0.326245,0.357324,0.355223,-0.0310787
71.35,0.329521,0.357308,0.355205,-0.0277866
71.355,0.346412,0.357292,0.355188,-0.0108798
71.36,0.354617,0.357276,0.355171,-0.0026596
71.365,0.356203,0.357261,0.355154,-0.00105802
71.37,0.356589,0.357245,0.355137,-0.000656179
71.375,0.346893,0.35723,0.35512,-0.0103363
71.38,0.338107,0.357214,0.355103,-0.0191075
71.385,0.332218,0.357199,0.355086,-0.0249804
71.39,0.33022,0.357183,0.355069,-0.0269631
71.395,0.338824,0.357168,0.355052,-0.0183444
71.4,0.349975,0.357153,0.355035,-0.00717775
71.405,0.346527,0.357137,0.355018,-0.0106101
71.41,0.352124,0.357122,0.355001,-0.00499801
71.415,0.351534,0.357107,0.354984,-0.00557292
71.42,0.340097,0.357092,0.354967,-0.016995
71.425,0.329937,0.357077,0.35495,-0.02714
71.43,0.320133,0.357062,0.354934,-0.0369289
71.435,0.315565,0.357047,0.354917,-0.0414813
71.44,0.313382,0.357032,0.3549,-0.0436494
71.445,0.313155,0.357017,0.354883,-0.0438619
71.45,0.316488,0.357002,0.354867,-0.040514
71.455,0.32649,0.356987,0.35485,-0.030497
71.46,0.340465,0.356972,0.354833,-0.0165076
71.465,0.351423,0.356958,0.354817,-0.00553484
71.47,0.354239,0.356943,0.3548,-0.00270345
71.475,0.357839,0.356928,0.354783,0.000910357
71.48,0.362378,0.356914,0.354767,0.00546479
71.485,0.353121,0.356899,0.35475,-0.00377807
71.49,0.338434,0.356884,0.354734,-0.0184501
71.495,0.332766,0.35687,0.354717,-0.0241038
71.5,0.336823,0.356855,0.3547,-0.0200322
71.505,0.340993,0.356841,0.354684,-0.0158483
71.51,0.33869,0.356827,0.354667,-0.0181369
71.515,0.339404,0.356812,0.354651,-0.0174088
71.52,0.348338,0.356798,0.354635,-0.00845973
71.525,0.347011,0.356784,0.354618,-0.00977256
71.53,0.341695,0.35677,0.354602,-0.0150745
71.535,0.335379,0.356756,0.354585,-0.0213762
71.54,0.336792,0.356741,0.354569,-0.0199493
71.545,0.332056,0.356727,0.354553,-0.024671
71.55,0.328653,0.356713,0.354537,-0.0280606
71.555,0.322493,0.356699,0.35452,-0.0342068
71.56,0.33458,0.356685,0.354504,-0.0221058
71.565,0.332991,0.356672,0.354488,-0.0236808
71.57,0.326809,0.356658,0.354472,-0.0298484
71.575,0.322787,0.356644,0.354455,-0.0338571
71.58,0.323695,0.35663,0.354439,-0.032935
71.585,0.330904,0.356616,0.354423,-0.0257123
71.59,0.331294,0.356603,0.354407,-0.0253085
71.595,0.325037,0.356589,0.354391,-0.0315521
71.6,0.320776,0.356576,0.354375,-0.0357995
71.605,0.325526,0.356562,0.354359,-0.0310365
71.61,0.336051,0.356549,0.354343,-0.0204972
71.615,0.341763,0.356535,0.354327,-0.0147723
71.62,0.352021,0.356522,0.354311,-0.00450119
71.625,0.346862,0.356508,0.354295,-0.00964681
71.63,0.344186,0.356495,0.354279,-0.0123093
71.635,0.330508,0.356482,0.354263,-0.025974
71.64,0.330931,0.356469,0.354247,-0.0255373
71.645,0.340268,0.356455,0.354231,-0.0161876
71.65,0.34045,0.356442,0.354215,-0.0159923
71.655,0.338853,0.356429,0.3542,-0.0175766
71.66,0.336093,0.356416,0.354184,-0.0203234
71.665,0.338722,0.356403,0.354168,-0.0176814
71.67,0.347555,0.35639,0.354152,-0.00883527
71.675,0.346027,0.356377,0.354136,-0.0103501
71.68,0.34032,0.356359,0.354121,-0.0160391
71.685,0.329226,0.356347,0.354105,-0.0271209
71.69,0.323047,0.356334,0.354089,-0.0332866
71.695,0.321819,0.356321,0.354074,-0.0345025
71.7,0.319176,0.356308,0.354058,-0.0371325
71.705,0.319921,0.356296,0.354042,-0.0363745
71.71,0.320291,0.356283,0.354027,-0.0359925
71.715,0.324539,0.356271,0.354011,-0.0317318
71.72,0.334498,0.356258,0.353996,-0.0217606
71.725,0.34303,0.356246,0.35398,-0.013216
71.73,0.343463,0.356233,0.353965,-0.0127704
71.735,0.336695,0.356221,0.353949,-0.0195262
71.74,0.332246,0.356209,0.353934,-0.0239634
71.745,0.327184,0.356197,0.353919,-0.0290121
71.75,0.329279,0.356184,0.353903,-0.0269054
71.755,0.334091,0.356172,0.353888,-0.0220817
71.76,0.336851,0.35616,0.353872,-0.0193089
71.765,0.340844,0.356148,0.353857,-0.0153045
71.77,0.339281,0.356136,0.353842,-0.0168548
71.775,0.343374,0.356124,0.353826,-0.0127504
71.78,0.34719,0.356112,0.353811,-0.00892214
71.785,0.356011,0.3561,0.353796,-8.9752e-05
71.79,0.355219,0.356089,0.353781,-0.000869876
71.795,0.345859,0.356077,0.353766,-0.0102184
71.8,0.338898,0.356065,0.35375,-0.0171673
71.805,0.338559,0.356054,0.353735,-0.0174949
71.81,0.338847,0.356042,0.35372,-0.0171946
71.815,0.333209,0.35603,0.353705,-0.0228213
71.82,0.320605,0.356019,0.35369,-0.0354137
71.825,0.320226,0.356007,0.353675,-0.0357814
71.83,0.325886,0.355996,0.35366,-0.0301095
71.835,0.327577,0.355985,0.353645,-0.0284072
71.84,0.321267,0.355973,0.35363,-0.034706
71.845,0.306883,0.355962,0.353615,-0.0490786
71.85,0.306631,0.355951,0.3536,-0.0493193
71.855,0.315485,0.35594,0.353585,-0.0404544
71.86,0.317419,0.355929,0.35357,-0.0385094
71.865,0.329054,0.355917,0.353555,-0.026863
71.87,0.330482,0.355906,0.35354,-0.0254244
71.875,0.335592,0.355895,0.353526,-0.0203038
71.88,0.340739,0.355885,0.353511,-0.015146
71.885,0.336845,0.355874,0.353496,-0.0190285
71.89,0.334544,0.355863,0.353481,-0.0213186
71.895,0.340031,0.355852,0.353467,-0.0158212
71.9,0.341548,0.355841,0.353452,-0.014293
71.905,0.342858,0.355831,0.353437,-0.0129726
71.91,0.331243,0.35582,0.353423,-0.0245771
71.915,0.330424,0.35581,0.353408,-0.0253853
71.92,0.332197,0.355799,0.353393,-0.0236025
71.925,0.335857,0.355789,0.353379,-0.0199321
71.93,0.33359,0.355778,0.353364,-0.022188
71.935,0.327253,0.355768,0.35335,-0.0285148
71.94,0.329336,0.355758,0.353335,-0.0264221
71.945,0.333918,0.355747,0.353321,-0.0218292
71.95,0.342985,0.355737,0.353306,-0.0127521
71.955,0.35613,0.355727,0.353292,0.000402665
71.96,0.359099,0.355717,0.353277,0.00338172
71.965,0.352898,0.355707,0.353263,-0.00280858
71.97,0.345123,0.355697,0.353248,-0.0105742
71.975,0.342557,0.355687,0.353234,-0.0131299
71.98,0.34243,0.355677,0.35322,-0.0132475
71.985,0.339267,0.355667,0.353205,-0.0164009
71.99,0.334812,0.355658,0.353191,-0.0208462
71.995,0.336042,0.355648,0.353177,-0.0196056
72,0.335182,0.355638,0.353163,-0.0204564
72.005,0.331423,0.355629,0.353148,-0.0242059
72.01,0.319321,0.355619,0.353134,-0.036298
72.015,0.324824,0.35561,0.35312,-0.0307857
72.02,0.324186,0.3556,0.353106,-0.031414
72.025,0.318776,0.355591,0.353092,-0.0368151
72.03,0.313007,0.355582,0.353078,-0.0425749
72.035,0.304987,0.355573,0.353064,-0.0505856
72.04,0.31733,0.355563,0.35305,-0.0382334
72.045,0.324534,0.355554,0.353036,-0.0310202
72.05,0.329898,0.355545,0.353022,-0.0256467
72.055,0.33292,0.355536,0.353008,-0.0226166
72.06,0.334597,0.355527,0.352994,-0.0209301
72.065,0.333728,0.355518,0.35298,-0.0217905
72.07,0.336562,0.355509,0.352966,-0.0189479
72.075,0.337106,0.355501,0.352952,-0.0183946
72.08,0.341681,0.355492,0.352938,-0.0138108
72.085,0.345301,0.355483,0.352924,-0.0101826
72.09,0.347023,0.355475,0.35291,-0.00845216
72.095,0.354541,0.355466,0.352897,-0.000924975
72.1,0.357178,0.355458,0.352883,0.00172077
72.105,0.359454,0.355449,0.352869,0.00400459
72.11,0.34835,0.355441,0.352855,-0.00709065
72.115,0.343003,0.355433,0.352842,-0.0124299
72.12,0.33446,0.355424,0.352828,-0.0209645
72.125,0.324026,0.355416,0.352814,-0.0313897
72.13,0.330735,0.355408,0.352801,-0.024673
72.135,0.332268,0.3554,0.352787,-0.023132
72.14,0.335383,0.355392,0.352773,-0.0200093
72.145,0.334783,0.355384,0.35276,-0.020601
72.15,0.328386,0.355376,0.352746,-0.0269899
72.155,0.328133,0.355368,0.352733,-0.0272352
72.16,0.326167,0.355361,0.352719,-0.0291934
72.165,0.317613,0.355353,0.352706,-0.0377395
72.17,0.330986,0.355345,0.352693,-0.0243597
72.175,0.331171,0.355338,0.352679,-0.0241665
72.18,0.341935,0.35533,0.352666,-0.0133957
72.185,0.3437,0.355323,0.352652,-0.0116225
72.19,0.345246,0.355316,0.352639,-0.0100696
72.195,0.339537,0.355308,0.352626,-0.0157713
72.2,0.332141,0.355301,0.352612,-0.0231601
72.205,0.331675,0.355294,0.352599,-0.0236193
72.21,0.328275,0.355287,0.352586,-0.0270114
72.215,0.331301,0.35528,0.352573,-0.0239783
72.22,0.325158,0.355273,0.35256,-0.0301145
72.225,0.322021,0.355266,0.352546,-0.0332448
72.23,0.321759,0.355259,0.352533,-0.0335002
72.235,0.311441,0.355252,0.35252,-0.043811
72.24,0.311971,0.355246,0.352507,-0.0432742
72.245,0.318641,0.355239,0.352494,-0.0365976
72.25,0.323003,0.355232,0.352481,-0.0322293
72.255,0.323552,0.355226,0.352468,-0.0316736
72.26,0.311811,0.35522,0.352455,-0.0434084
72.265,0.302297,0.355213,0.352442,-0.0529166
72.27,0.308189,0.355207,0.352429,-0.0470179
72.275,0.315943,0.355201,0.352416,-0.0392578
72.28,0.318071,0.355195,0.352403,-0.0371233
72.285,0.325969,0.355189,0.35239,-0.0292192
72.29,0.317672,0.355183,0.352377,-0.0375104
72.295,0.319768,0.355177,0.352365,-0.0354083
72.3,0.317041,0.355171,0.352352,-0.0381295
72.305,0.31544,0.355165,0.352339,-0.0397247
72.31,0.325608,0.355159,0.352326,-0.0295515
72.315,0.331975,0.355154,0.352313,-0.0231783
72.32,0.33227,0.355148,0.352301,-0.0228785
72.325,0.323733,0.355143,0.352288,-0.0314097
72.33,0.320533,0.355137,0.352275,-0.0346044
72.335,0.323081,0.355132,0.352263,-0.0320508
72.34,0.326737,0.355127,0.35225,-0.0283893
72.345,0.320604,0.355121,0.352238,-0.0345173
72.35,0.308475,0.355116,0.352225,-0.046641
72.355,0.310202,0.355111,0.352213,-0.0449097
72.36,0.313541,0.355106,0.3522,-0.0415654
72.365,0.316278,0.355102,0.352188,-0.0388231
72.37,0.315579,0.355097,0.352175,-0.0395179
72.375,0.314714,0.355092,0.352163,-0.0403781
72.38,0.323054,0.355087,0.35215,-0.0320331
72.385,0.329545,0.355083,0.352138,-0.0255375
72.39,0.334095,0.355078,0.352125,-0.0209834
72.395,0.33575,0.355074,0.352113,-0.0193239
72.4,0.340903,0.35507,0.352101,-0.0141672
72.405,0.338398,0.355065,0.352089,-0.0166678
72.41,0.341515,0.355061,0.352076,-0.0135463
72.415,0.330042,0.355057,0.352064,-0.0250155
72.42,0.321774,0.355053,0.352052,-0.0332789
72.425,0.318796,0.355049,0.35204,-0.0362533
72.43,0.315552,0.355046,0.352027,-0.0394933
72.435,0.324441,0.355042,0.352015,-0.0306011
72.44,0.32306,0.355038,0.352003,-0.0319778
72.445,0.32455,0.355035,0.351991,-0.0304843
72.45,0.318372,0.355031,0.351979,-0.0366589
72.455,0.31098,0.355028,0.351967,-0.0440479
72.46,0.313781,0.355024,0.351955,-0.0412439
72.465,0.324304,0.355021,0.351943,-0.0307169
72.47,0.337985,0.355018,0.351931,-0.0170335
72.475,0.340582,0.355015,0.351919,-0.0144333
72.48,0.343944,0.355012,0.351907,-0.0110681
72.485,0.340852,0.355009,0.351895,-0.0141574
72.49,0.33559,0.355007,0.351883,-0.0194161
72.495,0.328574,0.355004,0.351872,-0.02643
72.5,0.320847,0.355001,0.35186,-0.0341544
72.505,0.31907,0.354999,0.351848,-0.0359291
72.51,0.322264,0.354996,0.351836,-0.0327329
72.515,0.3211,0.354994,0.351825,-0.0338939
72.52,0.329462,0.354992,0.351813,-0.0255303
72.525,0.326812,0.35499,0.351801,-0.0281774
72.53,0.33119,0.354988,0.351789,-0.0237982
72.535,0.334729,0.354986,0.351778,-0.0202572
72.54,0.340327,0.354984,0.351766,-0.014657
72.545,0.328022,0.354982,0.351755,-0.0269607
72.55,0.321205,0.354981,0.351743,-0.0337752
72.555,0.312929,0.354979,0.351731,-0.0420498
72.56,0.315021,0.354978,0.35172,-0.0399564
72.565,0.316915,0.354976,0.351708,-0.038061
72.57,0.318726,0.354975,0.351697,-0.0362492
72.575,0.333009,0.354974,0.351686,-0.0219653
72.58,0.348409,0.354973,0.351674,-0.00656404
72.585,0.352198,0.354972,0.351663,-0.00277407
72.59,0.348196,0.354971,0.351651,-0.00677479
72.595,0.34489,0.35497,0.35164,-0.0100801
72.6,0.32935,0.35497,0.351629,-0.0256198
72.605,0.330511,0.354969,0.351618,-0.0244579
72.61,0.32433,0.354969,0.351606,-0.0306394
72.615,0.330073,0.354969,0.351595,-0.0248956
72.62,0.332988,0.354968,0.351584,-0.0219803
72.625,0.329286,0.354968,0.351573,-0.0256822
72.63,0.32695,0.354968,0.351561,-0.0280186
72.635,0.326029,0.354969,0.35155,-0.02894
72.64,0.331883,0.354969,0.351539,-0.0230859
72.645,0.330943,0.354969,0.351528,-0.0240266
72.65,0.332222,0.35497,0.351517,-0.0227477
72.655,0.333848,0.35497,0.351506,-0.0211221
72.66,0.337247,0.354971,0.351495,-0.0177243
72.665,0.341705,0.354972,0.351484,-0.0132665
72.67,0.348801,0.354973,0.351473,-0.0061717
72.675,0.349867,0.354974,0.351462,-0.00510702
72.68,0.347757,0.354975,0.351451,-0.00721794
72.685,0.349825,0.354976,0.35144,-0.0051508
72.69,0.352369,0.354978,0.35143,-0.00260869
72.695,0.35153,0.354979,0.351419,-0.00344955
72.7,0.347039,0.354981,0.351408,-0.00794161
72.705,0.339446,0.354983,0.351397,-0.0155369
72.71,0.337396,0.354984,0.351386,-0.0175888
72.715,0.331715,0.354986,0.351376,-0.0232719
72.72,0.323239,0.354989,0.351365,-0.0317494
72.725,0.325964,0.354991,0.351354,-0.0290269
72.73,0.347188,0.354993,0.351344,-0.0078057
72.735,0.360986,0.354996,0.351333,0.00599023
72.74,0.367021,0.354998,0.351323,0.0120223
72.745,0.356489,0.355001,0.351312,0.00148811
72.75,0.341631,0.355004,0.351301,-0.0133728
72.755,0.327987,0.355007,0.351291,-0.0270206
72.76,0.316139,0.35501,0.35128,-0.0388718
72.765,0.317173,0.355014,0.35127,-0.0378406
72.77,0.321002,0.355017,0.351259,-0.0340153
72.775,0.324196,0.355021,0.351249,-0.0308244
72.78,0.321062,0.355025,0.351239,-0.0339628
72.785,0.319334,0.355028,0.351228,-0.0356945
72.79,0.323794,0.355032,0.351218,-0.0312379
72.795,0.333924,0.355037,0.351208,-0.0211127
72.8,0.337649,0.355041,0.351197,-0.0173915
72.805,0.33482,0.355045,0.351187,-0.0202254
72.81,0.33525,0.35505,0.351177,-0.0197997
72.815,0.338074,0.355055,0.351167,-0.0169807
72.82,0.341205,0.35506,0.351157,-0.0138544
72.825,0.333378,0.355065,0.351146,-0.0216862
72.83,0.32071,0.35507,0.351136,-0.03436
72.835,0.324619,0.355075,0.351126,-0.0304557
72.84,0.327992,0.355081,0.351116,-0.0270887
72.845,0.328111,0.355086,0.351106,-0.0269755
72.85,0.313893,0.355092,0.351096,-0.0411992
72.855,0.309991,0.355098,0.351086,-0.0451067
72.86,0.314484,0.355104,0.351076,-0.0406206
72.865,0.325116,0.35511,0.351066,-0.0299943
72.87,0.327275,0.355117,0.351056,-0.0278417
72.875,0.333038,0.355124,0.351046,-0.0220853
72.88,0.336737,0.35513,0.351036,-0.0183933
72.885,0.337216,0.355137,0.351027,-0.0179216
72.89,0.339141,0.355144,0.351017,-0.0160033
72.895,0.338659,0.355152,0.351007,-0.0164925
72.9,0.350924,0.355159,0.350997,-0.00423522
72.905,0.351671,0.355167,0.350988,-0.00349529
72.91,0.356496,0.355174,0.350978,0.00132158
72.915,0.35354,0.355182,0.350968,-0.00164215
72.92,0.349627,0.355191,0.350959,-0.00556396
72.925,0.338825,0.355199,0.350949,-0.0163739
72.93,0.330572,0.355207,0.350939,-0.024635
72.935,0.320727,0.355216,0.35093,-0.0344889
72.94,0.331131,0.355225,0.35092,-0.0240941
72.945,0.329871,0.355234,0.350911,-0.0253633
72.95,0.339122,0.355243,0.350901,-0.0161219
72.955,0.330483,0.355253,0.350892,-0.0247695
72.96,0.321561,0.355262,0.350882,-0.033702
72.965,0.322584,0.355272,0.350873,-0.0326884
72.97,0.319153,0.355282,0.350863,-0.036129
72.975,0.314354,0.355293,0.350854,-0.0409387
72.98,0.314025,0.355303,0.350845,-0.0412784
72.985,0.301647,0.355314,0.350835,-0.0536667
72.99,0.303816,0.355325,0.350826,-0.0515087
72.995,0.297329,0.355336,0.350817,-0.0580062
73,0.297795,0.355347,0.350808,-0.0575523
73.005,0.302663,0.355358,0.350799,-0.0526948
73.01,0.309244,0.35537,0.350789,-0.0461256
73.015,0.318454,0.355382,0.35078,-0.0369274
73.02,0.322071,0.355394,0.350771,-0.0333227
73.025,0.318411,0.355406,0.350762,-0.0369953
73.03,0.323826,0.355419,0.350753,-0.0315924
73.035,0.332662,0.355432,0.350744,-0.0227699
73.04,0.335725,0.355445,0.350735,-0.0197201
73.045,0.333858,0.355458,0.350726,-0.0215994
73.05,0.317216,0.355471,0.350717,-0.0382558
73.055,0.31698,0.355485,0.350708,-0.0385045
73.06,0.311398,0.355499,0.350699,-0.0441014
73.065,0.309857,0.355513,0.35069,-0.0456561
73.07,0.316298,0.355528,0.350681,-0.0392291
73.075,0.326511,0.355542,0.350673,-0.0290311
73.08,0.330403,0.355557,0.350664,-0.0251537
73.085,0.340003,0.355572,0.350655,-0.0155688
73.09,0.329474,0.355588,0.350646,-0.0261138
73.095,0.332081,0.355603,0.350638,-0.0235223
73.1,0.32546,0.355619,0.350629,-0.0301591
73.105,0.31961,0.355635,0.35062,-0.0360253
73.11,0.312121,0.355652,0.350612,-0.0435308
73.115,0.318164,0.355669,0.350603,-0.0375044
73.12,0.315526,0.355686,0.350594,-0.0401594
73.125,0.318122,0.355703,0.350586,-0.0375806
73.13,0.316044,0.35572,0.350577,-0.0396764
73.135,0.310075,0.355738,0.350569,-0.0456635
73.14,0.313109,0.355756,0.35056,-0.0426474
73.145,0.311182,0.355775,0.350552,-0.0445932
73.15,0.311144,0.355793,0.350543,-0.0446498
73.155,0.309163,0.355812,0.350535,-0.0466494
73.16,0.297123,0.355832,0.350527,-0.0587086
73.165,0.297364,0.355851,0.350518,-0.0584874
73.17,0.303997,0.355871,0.35051,-0.051874
73.175,0.321379,0.355891,0.350502,-0.034512
73.18,0.328854,0.355912,0.350494,-0.0270574
73.185,0.336707,0.355932,0.350485,-0.0192251
73.19,0.336307,0.355954,0.350477,-0.0196464
73.195,0.341161,0.355975,0.350469,-0.0148145
73.2,0.343313,0.355997,0.350461,-0.0126837
73.205,0.332076,0.356019,0.350453,-0.0239429
73.21,0.324901,0.356041,0.350445,-0.0311404
73.215,0.326194,0.356064,0.350437,-0.0298697
73.22,0.321514,0.356087,0.350428,-0.034573
73.225,0.31482,0.356111,0.35042,-0.0412905
73.23,0.311833,0.356134,0.350412,-0.0443011
73.235,0.306642,0.356159,0.350405,-0.0495166
73.24,0.318743,0.356183,0.350397,-0.0374399
73.245,0.31203,0.356208,0.350389,-0.0441781
73.25,0.309149,0.356233,0.350381,-0.0470848
73.255,0.301293,0.356259,0.350373,-0.0549657
73.26,0.302714,0.356285,0.350365,-0.0535711
73.265,0.313357,0.356311,0.350357,-0.0429542
73.27,0.320546,0.356338,0.35035,-0.035792
73.275,0.33175,0.356365,0.350342,-0.0246155
73.28,0.325972,0.356393,0.350334,-0.0304208
73.285,0.323886,0.356421,0.350327,-0.0325353
73.29,0.321532,0.356449,0.350319,-0.0349176
73.295,0.321999,0.356478,0.350311,-0.0344793
73.3,0.327204,0.356507,0.350304,-0.0293032
73.305,0.327539,0.356537,0.350296,-0.028998
73.31,0.341127,0.356567,0.350289,-0.0154401
73.315,0.340197,0.356598,0.350281,-0.0164006
73.32,0.336359,0.356629,0.350274,-0.0202691
73.325,0.330793,0.35666,0.350266,-0.0258668
73.33,0.327908,0.356692,0.350259,-0.0287842
73.335,0.32667,0.356724,0.350251,-0.0300542
73.34,0.329672,0.356757,0.350244,-0.027085
73.345,0.32302,0.35679,0.350237,-0.0337703
73.35,0.31998,0.356824,0.350229,-0.0368441
73.355,0.312405,0.356858,0.350222,-0.0444533
73.36,0.314651,0.356893,0.350215,-0.0422417
73.365,0.319946,0.356928,0.350208,-0.0369825
73.37,0.314187,0.356964,0.3502,-0.0427771
73.375,0.312632,0.357,0.350193,-0.0443679
73.38,0.304617,0.357037,0.350186,-0.0524203
73.385,0.306219,0.357075,0.350179,-0.0508555
73.39,0.303303,0.357112,0.350172,-0.0538098
73.395,0.311025,0.357151,0.350165,-0.0461259
73.4,0.31193,0.35719,0.350158,-0.0452593
73.405,0.311615,0.357229,0.350151,-0.0456149
73.41,0.317105,0.35727,0.350144,-0.0401644
73.415,0.317325,0.35731,0.350137,-0.0399856
73.42,0.315469,0.357351,0.35013,-0.0418824
73.425,0.308094,0.357393,0.350123,-0.0492995
73.43,0.292881,0.357436,0.350116,-0.0645552
73.435,0.289381,0.357479,0.350109,-0.0680977
73.44,0.291664,0.357523,0.350102,-0.0658585
73.445,0.293931,0.357567,0.350096,-0.0636356
73.45,0.310645,0.357612,0.350089,-0.0469675
73.455,0.317926,0.357658,0.350082,-0.0397322
73.46,0.325543,0.357704,0.350075,-0.0321609
73.465,0.317104,0.357751,0.350069,-0.0406473
73.47,0.318949,0.357799,0.350062,-0.0388496
73.475,0.322767,0.357847,0.350056,-0.0350806
73.48,0.322259,0.357896,0.350049,-0.0356374
73.485,0.328147,0.357946,0.350042,-0.0297988
73.49,0.326332,0.357997,0.350036,-0.031665
73.495,0.323587,0.358048,0.350029,-0.0344614
73.5,0.323758,0.3581,0.350023,-0.0343417
73.505,0.318113,0.358153,0.350017,-0.0400403
73.51,0.315903,0.358207,0.35001,-0.0423034
73.515,0.314144,0.358261,0.350004,-0.0441167
73.52,0.310166,0.358316,0.349997,-0.0481505
73.525,0.312356,0.358372,0.349991,-0.0460161
73.53,0.311787,0.358429,0.349985,-0.0466418
73.535,0.310427,0.358487,0.349978,-0.0480599
73.54,0.311978,0.358545,0.349972,-0.0465667
73.545,0.310896,0.358605,0.349966,-0.0477087
73.55,0.309844,0.358665,0.34996,-0.048821
73.555,0.314854,0.358726,0.349954,-0.0438721
73.56,0.311995,0.358788,0.349948,-0.0467929
73.565,0.317265,0.358851,0.349941,-0.0415865
73.57,0.321349,0.358915,0.349935,-0.0375665
73.575,0.321965,0.35898,0.349929,-0.0370151
73.58,0.310668,0.359046,0.349923,-0.0483784
73.585,0.308055,0.359113,0.349917,-0.0510582
73.59,0.306917,0.359181,0.349911,-0.052264
73.595,0.319522,0.35925,0.349905,-0.0397286
73.6,0.320758,0.35932,0.3499,-0.0385622
73.605,0.333268,0.359391,0.349894,-0.0261236
73.61,0.32927,0.359463,0.349888,-0.0301934
73.615,0.336657,0.359537,0.349882,-0.0228793
73.62,0.334141,0.359611,0.349876,-0.0254702
73.625,0.324144,0.359687,0.349871,-0.0355431
73.63,0.307534,0.359764,0.349865,-0.0522297
73.635,0.302144,0.359842,0.349859,-0.0576971
73.64,0.296101,0.359921,0.349853,-0.06382
73.645,0.303215,0.360001,0.349848,-0.0567857
73.65,0.303692,0.360083,0.349842,-0.0563911
73.655,0.299599,0.360166,0.349837,-0.0605671
73.66,0.307196,0.36025,0.349831,-0.0530537
73.665,0.313531,0.360336,0.349826,-0.0468045
73.67,0.329517,0.360423,0.34982,-0.0309058
73.675,0.334338,0.360511,0.349815,-0.0261728
73.68,0.342876,0.360601,0.349809,-0.017725
73.685,0.339307,0.360692,0.349804,-0.021385
73.69,0.332327,0.360784,0.349798,-0.0284579
73.695,0.319323,0.360879,0.349793,-0.0415552
73.7,0.311517,0.360974,0.349788,-0.0494571
73.705,0.309554,0.361071,0.349782,-0.0515176
73.71,0.312017,0.36117,0.349777,-0.0491537
73.715,0.313623,0.361271,0.349772,-0.0476474
73.72,0.302715,0.361373,0.349767,-0.0586574
73.725,0.303142,0.361476,0.349762,-0.0583347
73.73,0.305169,0.361582,0.349756,-0.0564126
73.735,0.312154,0.361689,0.349751,-0.0495351
73.74,0.315248,0.361798,0.349746,-0.0465498
73.745,0.312423,0.361909,0.349741,-0.0494862
73.75,0.308803,0.362021,0.349736,-0.053218
73.755,0.317345,0.362136,0.349731,-0.0447913
73.76,0.309845,0.362253,0.349726,-0.0524074
73.765,0.317474,0.362371,0.349721,-0.044897
73.77,0.32037,0.362492,0.349716,-0.0421214
73.775,0.332343,0.362614,0.349712,-0.0302712
73.78,0.336277,0.362739,0.349707,-0.0264618
73.785,0.338285,0.362866,0.349702,-0.0245809
73.79,0.338029,0.362995,0.349697,-0.0249658
73.795,0.334229,0.363126,0.349692,-0.0288972
73.8,0.331589,0.36326,0.349688,-0.0316714
73.805,0.331182,0.363396,0.349683,-0.0322141
73.81,0.346218,0.363535,0.349678,-0.017317
73.815,0.351251,0.363676,0.349674,-0.0124246
73.82,0.353032,0.36382,0.349669,-0.010788
73.825,0.351412,0.363966,0.349664,-0.0125539
73.83,0.342098,0.364115,0.34966,-0.0220168
73.835,0.340898,0.364267,0.349655,-0.0233682
73.84,0.344553,0.364421,0.349651,-0.0198686
73.845,0.349579,0.364579,0.349646,-0.0149991
73.85,0.352721,0.364739,0.349642,-0.0120183
73.855,0.342451,0.364903,0.349638,-0.0224514
73.86,0.336327,0.36507,0.349633,-0.0287424
73.865,0.332882,0.36524,0.349629,-0.0323576
73.87,0.331159,0.365413,0.349624,-0.0342541
73.875,0.326272,0.36559,0.34962,-0.0393175
73.88,0.320282,0.36577,0.349616,-0.0454882
73.885,0.33187,0.365954,0.349612,-0.0340839
73.89,0.330506,0.366142,0.349608,-0.0356367
73.895,0.331623,0.366334,0.349603,-0.0347112
73.9,0.324894,0.36653,0.349599,-0.0416363
73.905,0.31757,0.36673,0.349595,-0.0491607
73.91,0.30953,0.366935,0.349591,-0.0574048
73.915,0.304735,0.367144,0.349587,-0.0624093
73.92,0.305468,0.367358,0.349583,-0.0618896
73.925,0.308956,0.367576,0.349579,-0.0586197
73.93,0.311041,0.3678,0.349575,-0.0567582
73.935,0.310396,0.368028,0.349571,-0.0576328
73.94,0.313813,0.368263,0.349567,-0.05445
73.945,0.327719,0.368503,0.349563,-0.0407832
73.95,0.328402,0.368748,0.34956,-0.0403467
73.955,0.337826,0.369,0.349556,-0.0311738
73.96,0.344185,0.369258,0.349552,-0.0250734
73.965,0.350972,0.369523,0.349548,-0.018551
73.97,0.356365,0.369795,0.349544,-0.0134304
73.975,0.342283,0.370074,0.349541,-0.0277917
73.98,0.333868,0.370361,0.349537,-0.036493
73.985,0.324413,0.370656,0.349534,-0.0462429
73.99,0.327497,0.370959,0.34953,-0.0434618
73.995,0.334114,0.371271,0.349526,-0.0371569
74,0.338574,0.371591,0.349523,-0.0330176
74.005,0.341195,0.371922,0.349519,-0.0307268
74.01,0.348556,0.372262,0.349516,-0.0237057
74.015,0.366993,0.372613,0.349512,-0.00561953
74.02,0.373285,0.372975,0.349509,0.000310381
74.025,0.373631,0.373348,0.349506,0.00028307
74.03,0.367279,0.373734,0.349502,-0.00645517
74.035,0.362262,0.374132,0.349499,-0.0118706
74.04,0.372988,0.374544,0.349496,-0.0015563
74.045,0.367804,0.37497,0.349492,-0.00716551
74.05,0.361889,0.375411,0.349489,-0.0135218
74.055,0.355659,0.375867,0.349486,-0.0202078
74.06,0.344367,0.37634,0.349483,-0.031973
74.065,0.342739,0.37683,0.34948,-0.0340903
74.07,0.342358,0.377338,0.349477,-0.0349798
74.075,0.341193,0.377865,0.349473,-0.0366718
74.08,0.33777,0.378412,0.34947,-0.040642
74.085,0.338234,0.37898,0.349467,-0.0407458
74.09,0.338032,0.37957,0.349464,-0.0415376
74.095,0.337738,0.380183,0.349461,-0.0424448
74.1,0.338633,0.380821,0.349459,-0.0421876
74.105,0.340911,0.381484,0.349456,-0.0405738
74.11,0.337715,0.382175,0.349453,-0.0444593
74.115,0.345314,0.382893,0.34945,-0.037579
74.12,0.358086,0.383641,0.349447,-0.0255552
74.125,0.369393,0.384421,0.349444,-0.0150273
74.13,0.3728,0.385233,0.349442,-0.0124321
74.135,0.375739,0.386079,0.349439,-0.0103401
74.14,0.36885,0.38696,0.349436,-0.01811
74.145,0.363071,0.38788,0.349434,-0.0248085
74.15,0.354166,0.388838,0.349431,-0.0346723
74.155,0.341046,0.389838,0.349428,-0.0487914
74.16,0.334139,0.39088,0.349426,-0.0567414
74.165,0.340405,0.391967,0.349423,-0.0515623
74.17,0.347994,0.393101,0.349421,-0.0451064
74.175,0.355768,0.394283,0.349418,-0.0385155
74.18,0.348399,0.395516,0.349416,-0.0471175
74.185,0.345238,0.396802,0.349414,-0.0515644
74.19,0.355146,0.398144,0.349411,-0.0429974
74.195,0.367248,0.399542,0.349409,-0.0322936
74.2,0.380196,0.401,0.349407,-0.0208039
74.205,0.387263,0.402519,0.349404,-0.0152565
74.21,0.401002,0.404103,0.349402,-0.00310156
74.215,0.405276,0.405754,0.3494,-0.000477406
74.22,0.408807,0.407473,0.349398,0.00133392
74.225,0.405485,0.409263,0.349395,-0.00377755
74.23,0.396948,0.411127,0.349393,-0.0141785
74.235,0.395644,0.413067,0.349391,-0.0174229
74.24,0.396355,0.415085,0.349389,-0.018731
74.245,0.400082,0.417185,0.349387,-0.0171034
74.25,0.411366,0.419368,0.349385,-0.00800232
74.255,0.401702,0.421636,0.349383,-0.0199341
74.26,0.402049,0.423993,0.349381,-0.0219443
74.265,0.403758,0.42644,0.349379,-0.0226825
74.27,0.402811,0.428981,0.349378,-0.0261699
74.275,0.400165,0.431616,0.349376,-0.0314508
74.28,0.3838,0.434348,0.349374,-0.0505483
74.285,0.385457,0.43718,0.349372,-0.0517228
74.29,0.396376,0.440114,0.34937,-0.0437374
74.295,0.407065,0.443151,0.349369,-0.0360862
74.3,0.411715,0.446293,0.349367,-0.0345786
74.305,0.40997,0.449543,0.349365,-0.0395731
74.31,0.419538,0.452902,0.349364,-0.0333639
74.315,0.423082,0.456371,0.349362,-0.0332886
74.32,0.430987,0.459952,0.349361,-0.0289648
74.325,0.449152,0.463647,0.349359,-0.0144943
74.33,0.461079,0.467455,0.349358,-0.00637585
74.335,0.483011,0.471379,0.349356,0.0116316
74.34,0.498411,0.47542,0.349355,0.0229916
74.345,0.499442,0.479577,0.349353,0.019865
74.35,0.502629,0.483851,0.349352,0.0187784
74.355,0.499801,0.488242,0.349351,0.0115587
74.36,0.508877,0.492751,0.349349,0.0161256
74.365,0.510123,0.497377,0.349348,0.0127457
74.37,0.507484,0.502119,0.349347,0.00536482
74.375,0.504063,0.506978,0.349345,-0.00291467
74.38,0.508316,0.51195,0.349344,-0.00363414
74.385,0.52326,0.517037,0.349343,0.0062231
74.39,0.541598,0.522235,0.349342,0.0193631
74.395,0.552526,0.527543,0.349341,0.0249831
74.4,0.566484,0.532958,0.34934,0.0335252
74.405,0.578341,0.538479,0.349339,0.0398626
74.41,0.5867,0.544102,0.349338,0.0425984
74.415,0.601519,0.549823,0.349337,0.0516962
74.42,0.599647,0.555639,0.349336,0.044008
74.425,0.613928,0.561547,0.349335,0.0523816
74.43,0.623805,0.567541,0.349334,0.056264
74.435,0.619293,0.573616,0.349333,0.0456765
74.44,0.623125,0.579768,0.349333,0.043357
74.445,0.622165,0.58599,0.349332,0.0361758
74.45,0.64358,0.592276,0.349331,0.051304
74.455,0.664216,0.598619,0.34933,0.0655976
74.46,0.6847,0.605012,0.34933,0.0796882
74.465,0.710632,0.611446,0.349329,0.0991859
74.47,0.736044,0.617914,0.349329,0.11813
74.475,0.757699,0.624407,0.349328,0.133292
74.48,0.765878,0.630914,0.349327,0.134964
74.485,0.759692,0.637426,0.349327,0.122266
74.49,0.757605,0.643931,0.349326,0.113674
74.495,0.771564,0.650418,0.349326,0.121145
74.5,0.800584,0.656875,0.349326,0.143709
74.505,0.811858,0.66329,0.349325,0.148568
74.51,0.806174,0.669647,0.349325,0.136527
74.515,0.815525,0.675935,0.349325,0.13959
74.52,0.821732,0.682137,0.349324,0.139596
74.525,0.835999,0.688238,0.349324,0.147761
74.53,0.861756,0.694223,0.349324,0.167533
74.535,0.865775,0.700076,0.349324,0.1657
74.54,0.875038,0.705779,0.349323,0.16926
74.545,0.882364,0.711314,0.349323,0.17105
74.55,0.893892,0.716666,0.349323,0.177226
74.555,0.908024,0.721816,0.349323,0.186209
74.56,0.917122,0.726745,0.349323,0.190377
74.565,0.912842,0.731437,0.349323,0.181404
74.57,0.91563,0.735874,0.349323,0.179756
74.575,0.925027,0.740039,0.349323,0.184988
74.58,0.920305,0.743914,0.349323,0.176391
74.585,0.92621,0.747484,0.349324,0.178726
74.59,0.927278,0.750733,0.349324,0.176544
74.595,0.934899,0.753648,0.349324,0.181252
74.6,0.919279,0.756214,0.349324,0.163065
74.605,0.907677,0.75842,0.349324,0.149257
74.61,0.893833,0.760256,0.349325,0.133577
74.615,0.909598,0.761712,0.349325,0.147886
74.62,0.922313,0.762783,0.349325,0.15953
74.625,0.914206,0.763462,0.349326,0.150744
74.63,0.902222,0.763746,0.349326,0.138476
74.635,0.907558,0.763634,0.349327,0.143924
74.64,0.930031,0.763127,0.349327,0.166904
74.645,0.936549,0.762227,0.349328,0.174322
74.65,0.935034,0.760938,0.349328,0.174096
74.655,0.93127,0.759267,0.349329,0.172004
74.66,0.922742,0.757222,0.34933,0.16552
74.665,0.92757,0.754812,0.34933,0.172758
74.67,0.900127,0.75205,0.349331,0.148077
74.675,0.894593,0.748947,0.349332,0.145646
74.68,0.891241,0.745517,0.349332,0.145724
74.685,0.901676,0.741776,0.349333,0.1599
74.69,0.880214,0.737738,0.349334,0.142475
74.695,0.862098,0.733422,0.349335,0.128676
74.7,0.845253,0.728843,0.349336,0.116409
74.705,0.842335,0.72402,0.349337,0.118316
74.71,0.852844,0.718969,0.349338,0.133875
74.715,0.833907,0.71371,0.349339,0.120198
74.72,0.826535,0.708258,0.34934,0.118277
74.725,0.804222,0.702633,0.349341,0.101589
74.73,0.812729,0.696851,0.349342,0.115877
74.735,0.811465,0.69093,0.349343,0.120535
74.74,0.812902,0.684886,0.349344,0.128016
74.745,0.811812,0.678735,0.349345,0.133077
74.75,0.800163,0.672493,0.349346,0.12767
74.755,0.786527,0.666174,0.349348,0.120353
74.76,0.775422,0.659793,0.349349,0.115628
74.765,0.752434,0.653364,0.34935,0.0990702
74.77,0.762199,0.6469,0.349352,0.115299
74.775,0.771773,0.640413,0.349353,0.13136
74.78,0.757469,0.633915,0.349354,0.123554
74.785,0.767545,0.627417,0.349356,0.140128
74.79,0.739278,0.62093,0.349357,0.118348
74.795,0.736276,0.614463,0.349359,0.121813
74.8,0.712501,0.608026,0.34936,0.104475
74.805,0.70153,0.601628,0.349362,0.0999015
74.81,0.701861,0.595277,0.349364,0.106585
74.815,0.700786,0.588979,0.349365,0.111806
74.82,0.69401,0.582743,0.349367,0.111266
74.825,0.679547,0.576575,0.349369,0.102972
74.83,0.670802,0.570481,0.34937,0.100321
74.835,0.679553,0.564466,0.349372,0.115086
74.84,0.685481,0.558536,0.349374,0.126944
74.845,0.685771,0.552696,0.349376,0.133075
74.85,0.675408,0.546948,0.349378,0.12846
74.855,0.673649,0.541298,0.34938,0.13235
74.86,0.668327,0.535749,0.349382,0.132577
74.865,0.666743,0.530304,0.349384,0.136438
74.87,0.659783,0.524966,0.349386,0.134817
74.875,0.649308,0.519737,0.349388,0.129571
74.88,0.627855,0.514618,0.34939,0.113236
74.885,0.611749,0.509613,0.349392,0.102136
74.89,0.595579,0.504722,0.349394,0.0908568
74.895,0.584018,0.499946,0.349396,0.0840711
74.9,0.585693,0.495287,0.349399,0.0904062
74.905,0.576146,0.490745,0.349401,0.0854013
74.91,0.56041,0.48632,0.349403,0.0740899
74.915,0.534576,0.482013,0.349405,0.0525629
74.92,0.516785,0.477823,0.349408,0.0389625
74.925,0.515193,0.47375,0.34941,0.0414428
74.93,0.513631,0.469793,0.349413,0.0438376
74.935,0.518065,0.465953,0.349415,0.0521119
74.94,0.521299,0.462227,0.349418,0.0590719
74.945,0.518768,0.458615,0.34942,0.0601532
74.95,0.514015,0.455116,0.349423,0.0588994
74.955,0.50189,0.451728,0.349425,0.0501621
74.96,0.499079,0.44845,0.349428,0.0506293
74.965,0.501305,0.44528,0.349431,0.0560255
74.97,0.501614,0.442216,0.349433,0.0593978
74.975,0.493269,0.439257,0.349436,0.054013
74.98,0.488789,0.4364,0.349439,0.0523891
74.985,0.473095,0.433643,0.349442,0.0394513
74.99,0.472322,0.430986,0.349444,0.0413369
74.995,0.461883,0.428424,0.349447,0.033459
75,0.45739,0.425956,0.34945,0.0314336
75.005,0.456489,0.42358,0.349453,0.032909
75.01,0.455906,0.421293,0.349456,0.0346126
75.015,0.440929,0.419093,0.349459,0.0218356
75.02,0.424197,0.416978,0.349462,0.00721874
75.025,0.41606,0.414945,0.349465,0.00111502
75.03,0.405062,0.412992,0.349468,-0.00792975
75.035,0.407989,0.411115,0.349471,-0.00312679
75.04,0.397559,0.409314,0.349475,-0.0117555
75.045,0.404869,0.407586,0.349478,-0.00271654
75.05,0.414367,0.405927,0.349481,0.00844003
75.055,0.418705,0.404336,0.349484,0.014369
75.06,0.418756,0.402811,0.349488,0.015945
75.065,0.414653,0.401348,0.349491,0.0133049
75.07,0.406978,0.399947,0.349494,0.00703166
75.075,0.399185,0.398604,0.349498,0.000581008
75.08,0.394636,0.397317,0.349501,-0.00268124
75.085,0.395822,0.396084,0.349505,-0.000262891
75.09,0.391839,0.394904,0.349508,-0.00306484
75.095,0.396243,0.393774,0.349512,0.00246929
75.1,0.387372,0.392691,0.349515,-0.00531928
75.105,0.383956,0.391655,0.349519,-0.00769866
75.11,0.380262,0.390663,0.349523,-0.0104005
75.115,0.376174,0.389713,0.349526,-0.0135389
75.12,0.378417,0.388804,0.34953,-0.0103868
75.125,0.385724,0.387934,0.349534,-0.00220962
75.13,0.384731,0.387101,0.349538,-0.00236962
75.135,0.396948,0.386303,0.349542,0.0106452
75.14,0.393988,0.38554,0.349545,0.00844804
75.145,0.392225,0.384809,0.349549,0.00741597
75.15,0.394208,0.38411,0.349553,0.0100984
75.155,0.383713,0.38344,0.349557,0.000272719
75.16,0.376596,0.3828,0.349561,-0.0062039
75.165,0.377915,0.382186,0.349565,-0.0042718
75.17,0.370347,0.381599,0.349569,-0.0112523
75.175,0.370588,0.381037,0.349574,-0.0104491
75.18,0.371336,0.3805,0.349578,-0.00916387
75.185,0.365239,0.379985,0.349582,-0.014747
75.19,0.378648,0.379493,0.349586,-0.00084507
75.195,0.382327,0.379023,0.34959,0.00330446
75.2,0.382934,0.378573,0.349595,0.00436123
75.205,0.382002,0.378143,0.349599,0.00385885
75.21,0.376672,0.377732,0.349603,-0.00106021
75.215,0.377384,0.37734,0.349608,4.3354e-05
75.22,0.380201,0.376966,0.349612,0.00323463
75.225,0.393442,0.37661,0.349617,0.0168325
75.23,0.384103,0.376271,0.349621,0.00783215
75.235,0.38446,0.375948,0.349626,0.00851174
75.24,0.372621,0.375642,0.34963,-0.00302105
75.245,0.371298,0.375352,0.349635,-0.00405364
75.25,0.37139,0.375077,0.349639,-0.00368778
75.255,0.371896,0.374819,0.349644,-0.00292249
75.26,0.369068,0.374575,0.349649,-0.00550726
75.265,0.36949,0.374347,0.349654,-0.00485745
75.27,0.368265,0.374134,0.349658,-0.00586943
75.275,0.367292,0.373936,0.349663,-0.00664412
75.28,0.366115,0.373753,0.349668,-0.0076387
75.285,0.36903,0.373586,0.349673,-0.0045559
75.29,0.369302,0.373433,0.349678,-0.00413157
75.295,0.361873,0.373296,0.349683,-0.0114233
75.3,0.35472,0.373175,0.349688,-0.0184549
75.305,0.354071,0.373069,0.349693,-0.0189974
75.31,0.358441,0.372979,0.349698,-0.0145376
75.315,0.359012,0.372905,0.349703,-0.0138927
75.32,0.358815,0.372847,0.349708,-0.0140324
75.325,0.365543,0.372807,0.349713,-0.00726391
75.33,0.372844,0.372783,0.349718,6.18605e-05
75.335,0.377151,0.372776,0.349724,0.00437518
75.34,0.370564,0.372787,0.349729,-0.00222269
75.345,0.372218,0.372816,0.349734,-0.000598006
75.35,0.377973,0.372863,0.34974,0.00511025
75.355,0.37319,0.372929,0.349745,0.00026107
75.36,0.352515,0.373014,0.34975,-0.0204989
75.365,0.335865,0.373119,0.349756,-0.0372541
75.37,0.340657,0.373243,0.349761,-0.0325861
75.375,0.350458,0.373388,0.349767,-0.0229302
75.38,0.360659,0.373553,0.349772,-0.0128941
75.385,0.370102,0.37374,0.349778,-0.00363794
75.39,0.373552,0.373947,0.349784,-0.00039476
75.395,0.380063,0.374176,0.349789,0.0058871
75.4,0.378934,0.374427,0.349795,0.00450675
75.405,0.369455,0.3747,0.349801,-0.00524537
75.41,0.365263,0.374996,0.349806,-0.00973288
75.415,0.360663,0.375314,0.349812,-0.014651
75.42,0.357892,0.375655,0.349818,-0.0177631
75.425,0.356609,0.376018,0.349824,-0.0194092
75.43,0.363532,0.376405,0.34983,-0.012873
75.435,0.367815,0.376814,0.349836,-0.00899857
75.44,0.361772,0.377246,0.349842,-0.015474
75.445,0.353231,0.3777,0.349848,-0.0244689
75.45,0.333368,0.378177,0.349854,-0.0448086
75.455,0.334665,0.378676,0.34986,-0.0440108
75.46,0.338532,0.379197,0.349866,-0.0406649
75.465,0.346432,0.37974,0.349872,-0.0333077
75.47,0.342144,0.380303,0.349879,-0.0381591
75.475,0.344223,0.380886,0.349885,-0.0366636
75.48,0.340732,0.38149,0.349891,-0.0407575
75.485,0.351788,0.382112,0.349897,-0.0303235
75.49,0.345559,0.382752,0.349904,-0.037193
75.495,0.353662,0.383409,0.34991,-0.0297474
75.5,0.354334,0.384083,0.349917,-0.0297491
75.505,0.353578,0.384771,0.349923,-0.0311934
75.51,0.355983,0.385474,0.34993,-0.029491
75.515,0.364441,0.386188,0.349936,-0.0217471
75.52,0.366977,0.386914,0.349943,-0.0199371
75.525,0.355828,0.38765,0.349949,-0.0318216
75.53,0.357989,0.388393,0.349956,-0.0304041
75.535,0.354492,0.389143,0.349963,-0.0346507
75.54,0.356483,0.389897,0.349969,-0.033414
75.545,0.349816,0.390654,0.349976,-0.0408382
75.55,0.344435,0.391411,0.349983,-0.0469768
75.555,0.33784,0.392168,0.34999,-0.0543273
75.56,0.334117,0.39292,0.349996,-0.0588034
75.565,0.332806,0.393667,0.350003,-0.0608603
75.57,0.332676,0.394405,0.35001,-0.0617293
75.575,0.343089,0.395133,0.350017,-0.0520439
75.58,0.337642,0.395848,0.350024,-0.0582056
75.585,0.340528,0.396547,0.350031,-0.0560196
75.59,0.343712,0.397229,0.350038,-0.0535163
75.595,0.337186,0.397889,0.350046,-0.060703
75.6,0.33899,0.398526,0.350053,-0.0595364
75.605,0.342455,0.399137,0.35006,-0.0566817
75.61,0.339145,0.399719,0.350067,-0.060574
75.615,0.340417,0.400269,0.350074,-0.0598523
75.62,0.349693,0.400785,0.350082,-0.0510926
75.625,0.359222,0.401265,0.350089,-0.0420424
75.63,0.370894,0.401705,0.350096,-0.0308109
75.635,0.384455,0.402103,0.350104,-0.0176484
75.64,0.383863,0.402457,0.350111,-0.0185942
75.645,0.373469,0.402766,0.350119,-0.0292971
75.65,0.361055,0.403026,0.350126,-0.0419707
75.655,0.347449,0.403236,0.350134,-0.0557872
75.66,0.353746,0.403395,0.350141,-0.0496491
75.665,0.35511,0.403502,0.350149,-0.0483918
75.67,0.363019,0.403555,0.350157,-0.0405359
75.675,0.367399,0.403555,0.350164,-0.0361552
75.68,0.365703,0.403499,0.350172,-0.0377967
75.685,0.369943,0.40339,0.35018,-0.0334465
75.69,0.357357,0.403226,0.350188,-0.0458691
75.695,0.356546,0.403009,0.350196,-0.0464634
75.7,0.350883,0.402739,0.350203,-0.0518565
75.705,0.339184,0.402418,0.350211,-0.0632342
75.71,0.318989,0.402047,0.350219,-0.0830583
75.715,0.325597,0.401627,0.350227,-0.0760307
75.72,0.331037,0.401161,0.350235,-0.0701248
75.725,0.331457,0.400651,0.350243,-0.0691937
75.73,0.334265,0.400098,0.350252,-0.0658329
75.735,0.322693,0.399506,0.35026,-0.0768124
75.74,0.343172,0.398876,0.350268,-0.0557041
75.745,0.351794,0.398211,0.350276,-0.046417
75.75,0.356692,0.397514,0.350284,-0.0408222
75.755,0.360431,0.396788,0.350293,-0.0363576
75.76,0.356958,0.396035,0.350301,-0.0390768
75.765,0.36849,0.395258,0.350309,-0.0267679
75.77,0.365591,0.394459,0.350318,-0.0288676
75.775,0.363156,0.393641,0.350326,-0.0304849
75.78,0.365826,0.392807,0.350335,-0.0269806
75.785,0.355747,0.391959,0.350343,-0.0362124
75.79,0.343706,0.391099,0.350352,-0.0473932
75.795,0.343185,0.390231,0.35036,-0.0470455
75.8,0.352337,0.389355,0.350369,-0.0370187
75.805,0.362162,0.388475,0.350378,-0.0263132
75.81,0.378564,0.387593,0.350386,-0.00902947
75.815,0.36788,0.38671,0.350395,-0.01883
75.82,0.352765,0.385829,0.350404,-0.0330632
75.825,0.332305,0.384951,0.350413,-0.052646
75.83,0.337091,0.384078,0.350422,-0.0469871
75.835,0.347528,0.383211,0.350431,-0.0356833
75.84,0.353521,0.382353,0.350439,-0.0288325
75.845,0.347434,0.381505,0.350448,-0.0340711
75.85,0.341235,0.380668,0.350457,-0.0394336
75.855,0.336195,0.379844,0.350467,-0.0436486
75.86,0.33752,0.379032,0.350476,-0.0415127
75.865,0.332132,0.378236,0.350485,-0.0461044
75.87,0.328444,0.377455,0.350494,-0.0490106
75.875,0.335355,0.376691,0.350503,-0.0413353
75.88,0.341701,0.375943,0.350512,-0.0342425
75.885,0.354099,0.375214,0.350522,-0.0211153
75.89,0.355919,0.374503,0.350531,-0.0185847
75.895,0.363884,0.373812,0.35054,-0.00992737
75.9,0.350635,0.37314,0.35055,-0.022505
75.905,0.353598,0.372487,0.350559,-0.0188892
75.91,0.361232,0.371855,0.350569,-0.0106234
75.915,0.357084,0.371244,0.350578,-0.0141595
75.92,0.351647,0.370653,0.350588,-0.0190056
75.925,0.330083,0.370082,0.350597,-0.0399988
75.93,0.324408,0.369532,0.350607,-0.045124
75.935,0.330597,0.369002,0.350616,-0.0384048
75.94,0.340905,0.368493,0.350626,-0.0275871
75.945,0.331782,0.368003,0.350636,-0.0362217
75.95,0.326743,0.367534,0.350646,-0.0407906
75.955,0.33517,0.367084,0.350655,-0.0319148
75.96,0.350515,0.366654,0.350665,-0.0161393
75.965,0.349296,0.366243,0.350675,-0.0169463
75.97,0.344045,0.36585,0.350685,-0.0218045
75.975,0.33295,0.365475,0.350695,-0.032525
75.98,0.330311,0.365118,0.350705,-0.0348067
75.985,0.339409,0.364778,0.350715,-0.025369
75.99,0.334079,0.364455,0.350725,-0.0303768
75.995,0.334685,0.364149,0.350735,-0.0294634
76,0.336095,0.363857,0.350745,-0.0277629
76.005,0.332567,0.363581,0.350756,-0.0310144
76.01,0.337783,0.36332,0.350766,-0.0255374
76.015,0.335054,0.363073,0.350776,-0.0280191
76.02,0.327674,0.362839,0.350786,-0.0351647
76.025,0.330826,0.362618,0.350797,-0.0317924
76.03,0.32898,0.36241,0.350807,-0.0334293
76.035,0.343689,0.362213,0.350818,-0.0185243
76.04,0.338525,0.362028,0.350828,-0.0235028
76.045,0.331857,0.361853,0.350839,-0.0299961
76.05,0.337954,0.361689,0.350849,-0.0237352
76.055,0.33815,0.361535,0.35086,-0.0233849
76.06,0.342603,0.36139,0.35087,-0.0187874
76.065,0.335844,0.361254,0.350881,-0.0254101
76.07,0.323008,0.361126,0.350892,-0.0381184
76.075,0.314296,0.361006,0.350902,-0.0467103
76.08,0.317863,0.360894,0.350913,-0.0430303
76.085,0.316994,0.360788,0.350924,-0.0437945
76.09,0.333859,0.360689,0.350935,-0.0268308
76.095,0.347012,0.360597,0.350946,-0.0135853
76.1,0.350564,0.36051,0.350957,-0.00994619
76.105,0.338115,0.360429,0.350968,-0.0223142
76.11,0.318901,0.360354,0.350979,-0.0414528
76.115,0.310713,0.360283,0.35099,-0.04957
76.12,0.316064,0.360217,0.351001,-0.0441528
76.125,0.330419,0.360155,0.351012,-0.0297355
76.13,0.342383,0.360097,0.351023,-0.0177136
76.135,0.345625,0.360043,0.351034,-0.0144179
76.14,0.348981,0.359992,0.351045,-0.0110115
76.145,0.356186,0.359945,0.351057,-0.00375931
76.15,0.36702,0.359901,0.351068,0.0071186
76.155,0.360681,0.35986,0.351079,0.000821283
76.16,0.349458,0.359821,0.351091,-0.0103636
76.165,0.337352,0.359786,0.351102,-0.0224336
76.17,0.333766,0.359752,0.351114,-0.0259859
76.175,0.338776,0.359721,0.351125,-0.0209453
76.18,0.332276,0.359692,0.351137,-0.0274159
76.185,0.324336,0.359665,0.351148,-0.0353285
76.19,0.334605,0.359639,0.35116,-0.0250343
76.195,0.343286,0.359616,0.351172,-0.0163298
76.2,0.347591,0.359594,0.351183,-0.0120032
76.205,0.343037,0.359574,0.351195,-0.0165367
76.21,0.344033,0.359555,0.351207,-0.0155218
76.215,0.346297,0.359537,0.351219,-0.0132406
76.22,0.351194,0.359521,0.351231,-0.00832703
76.225,0.351245,0.359506,0.351242,-0.00826056
76.23,0.341809,0.359492,0.351254,-0.0176836
76.235,0.339827,0.359479,0.351266,-0.0196528
76.24,0.344134,0.359468,0.351278,-0.0153341
76.245,0.340256,0.359457,0.35129,-0.019201
76.25,0.338159,0.359447,0.351303,-0.0212887
76.255,0.327864,0.359438,0.351315,-0.0315745
76.26,0.322258,0.35943,0.351327,-0.0371727
76.265,0.321735,0.359423,0.351339,-0.0376882
76.27,0.334256,0.359417,0.351351,-0.025161
76.275,0.33927,0.359411,0.351364,-0.0201418
76.28,0.346409,0.359407,0.351376,-0.012998
76.285,0.346844,0.359402,0.351388,-0.0125588
76.29,0.350235,0.359399,0.351401,-0.00916352
76.295,0.349816,0.359396,0.351413,-0.00958008
76.3,0.341816,0.359394,0.351426,-0.0175781
76.305,0.344369,0.359393,0.351438,-0.0150232
76.31,0.349199,0.359392,0.351451,-0.010193
76.315,0.34808,0.359391,0.351463,-0.0113115
76.32,0.356815,0.359392,0.351476,-0.00257648
76.325,0.346842,0.359393,0.351489,-0.0125505
76.33,0.3305,0.359394,0.351502,-0.028894
76.335,0.326042,0.359396,0.351514,-0.0333546
76.34,0.332109,0.359399,0.351527,-0.0272896
76.345,0.344868,0.359402,0.35154,-0.0145332
76.35,0.364652,0.359405,0.351553,0.00524684
76.355,0.352037,0.359409,0.351566,-0.00737279
76.36,0.349181,0.359414,0.351579,-0.0102325
76.365,0.337114,0.359419,0.351592,-0.0223052
76.37,0.33531,0.359424,0.351605,-0.0241141
76.375,0.331234,0.359431,0.351618,-0.0281961
76.38,0.327575,0.359437,0.351631,-0.0318617
76.385,0.312134,0.359444,0.351644,-0.0473102
76.39,0.317013,0.359451,0.351657,-0.042438
76.395,0.321733,0.359459,0.351671,-0.0377258
76.4,0.323442,0.359468,0.351684,-0.0360259
76.405,0.330052,0.359476,0.351697,-0.0294246
76.41,0.329746,0.359486,0.351711,-0.02974
76.415,0.328754,0.359495,0.351724,-0.0307409
76.42,0.333411,0.359505,0.351738,-0.0260941
76.425,0.329801,0.359516,0.351751,-0.0297152
76.43,0.33283,0.359527,0.351765,-0.0266973
76.435,0.340221,0.359538,0.351778,-0.0193173
76.44,0.34054,0.35955,0.351792,-0.0190098
76.445,0.339922,0.359562,0.351806,-0.0196399
76.45,0.324757,0.359575,0.351819,-0.0348181
76.455,0.324713,0.359588,0.351833,-0.0348745
76.46,0.32253,0.359601,0.351847,-0.0370709
76.465,0.325017,0.359615,0.351861,-0.0345983
76.47,0.331606,0.359629,0.351874,-0.0280237
76.475,0.328715,0.359644,0.351888,-0.0309293
76.48,0.329098,0.359659,0.351902,-0.0305607
76.485,0.334127,0.359674,0.351916,-0.0255478
76.49,0.344398,0.35969,0.35193,-0.0152926
76.495,0.34397,0.359706,0.351944,-0.015736
76.5,0.339249,0.359723,0.351958,-0.0204743
76.505,0.315245,0.35974,0.351973,-0.0444948
76.51,0.320154,0.359757,0.351987,-0.0396035
76.515,0.32535,0.359775,0.352001,-0.0344251
76.52,0.32283,0.359793,0.352015,-0.0369631
76.525,0.317937,0.359812,0.35203,-0.0418747
76.53,0.315831,0.359831,0.352044,-0.0440002
76.535,0.315668,0.35985,0.352058,-0.0441819
76.54,0.325201,0.35987,0.352073,-0.0346689
76.545,0.333072,0.35989,0.352087,-0.0268176
76.55,0.338811,0.35991,0.352102,-0.0210992
76.555,0.356589,0.359931,0.352116,-0.00334217
76.56,0.352242,0.359952,0.352131,-0.00771032
76.565,0.351511,0.359974,0.352146,-0.00846249
76.57,0.352387,0.359996,0.35216,-0.00760827
76.575,0.351168,0.360018,0.352175,-0.0088497
76.58,0.343943,0.36004,0.35219,-0.0160975
76.585,0.337232,0.360063,0.352204,-0.0228317
76.59,0.347842,0.360087,0.352219,-0.0122453
76.595,0.358696,0.360111,0.352234,-0.00141418
76.6,0.350611,0.360135,0.352249,-0.00952357
76.605,0.346755,0.360159,0.352264,-0.0134038
76.61,0.331543,0.360184,0.352279,-0.028641
76.615,0.327412,0.360209,0.352294,-0.0327974
76.62,0.313144,0.360235,0.352309,-0.0470914
76.625,0.313963,0.360261,0.352324,-0.0462976
76.63,0.318588,0.360287,0.352339,-0.0416998
76.635,0.328231,0.360314,0.352355,-0.0320828
76.64,0.332743,0.360341,0.35237,-0.0275982
76.645,0.334011,0.360369,0.352385,-0.0263578
76.65,0.33297,0.360397,0.352401,-0.0274265
76.655,0.338306,0.360425,0.352416,-0.0221191
76.66,0.337656,0.360453,0.352431,-0.0227973
76.665,0.338386,0.360482,0.352447,-0.022096
76.67,0.356282,0.360512,0.352462,-0.00422915
76.675,0.354869,0.360541,0.352478,-0.00567191
76.68,0.347557,0.360571,0.352493,-0.0130148
76.685,0.33904,0.360602,0.352509,-0.0215622
76.69,0.341592,0.360633,0.352525,-0.0190404
76.695,0.343295,0.360664,0.35254,-0.0173691
76.7,0.3445,0.360695,0.352556,-0.0161957
76.705,0.344241,0.360727,0.352572,-0.0164863
76.71,0.34365,0.36076,0.352588,-0.0171099
76.715,0.350274,0.360792,0.352604,-0.0105181
76.72,0.347097,0.360826,0.35262,-0.0137285
76.725,0.345441,0.360859,0.352636,-0.0154185
76.73,0.353528,0.360893,0.352652,-0.00736504
76.735,0.360997,0.360927,0.352668,6.94406e-05
76.74,0.358125,0.360962,0.352684,-0.00283656
76.745,0.356275,0.360997,0.3527,-0.00472155
76.75,0.351627,0.361032,0.352716,-0.00940566
76.755,0.341128,0.361068,0.352732,-0.0199405
76.76,0.352454,0.361104,0.352748,-0.00865017
76.765,0.348064,0.361141,0.352765,-0.0130765
76.77,0.350029,0.361178,0.352781,-0.0111488
76.775,0.347863,0.361215,0.352797,-0.0133526
76.78,0.338385,0.361253,0.352814,-0.0228681
76.785,0.348329,0.361291,0.35283,-0.0129622
76.79,0.361973,0.36133,0.352847,0.000643246
76.795,0.369645,0.361369,0.352863,0.00827573
76.8,0.354451,0.361408,0.35288,-0.0069573
76.805,0.345054,0.361448,0.352897,-0.0163946
76.81,0.345517,0.361488,0.352913,-0.0159708
76.815,0.344768,0.361529,0.35293,-0.0167606
76.82,0.348849,0.36157,0.352947,-0.0127208
76.825,0.327887,0.361611,0.352963,-0.0337247
76.83,0.327072,0.361653,0.35298,-0.0345813
76.835,0.321845,0.361696,0.352997,-0.0398511
76.84,0.316878,0.361738,0.353014,-0.0448603
76.845,0.316511,0.361782,0.353031,-0.0452701
76.85,0.329021,0.361825,0.353048,-0.0328042
76.855,0.345139,0.361869,0.353065,-0.0167301
76.86,0.356105,0.361914,0.353082,-0.00580831
76.865,0.359847,0.361959,0.353099,-0.00211161
76.87,0.358925,0.362004,0.353117,-0.00307904
76.875,0.3627,0.36205,0.353134,0.00065069
76.88,0.366043,0.362096,0.353151,0.00394707
76.885,0.36455,0.362143,0.353168,0.00240755
76.89,0.360167,0.36219,0.353186,-0.00202272
76.895,0.35268,0.362238,0.353203,-0.00955724
76.9,0.35059,0.362286,0.35322,-0.0116956
76.905,0.346188,0.362334,0.353238,-0.0161457
76.91,0.338545,0.362383,0.353255,-0.0238385
76.915,0.331776,0.362433,0.353273,-0.030657
76.92,0.331415,0.362483,0.353291,-0.0310675
76.925,0.339586,0.362533,0.353308,-0.0229467
76.93,0.361505,0.362584,0.353326,-0.00107893
76.935,0.356343,0.362635,0.353344,-0.00629209
76.94,0.352287,0.362687,0.353361,-0.0104005
76.945,0.353498,0.36274,0.353379,-0.00924182
76.95,0.344533,0.362792,0.353397,-0.0182592
76.955,0.347346,0.362846,0.353415,-0.0154997
76.96,0.346141,0.3629,0.353433,-0.0167584
76.965,0.340138,0.362954,0.353451,-0.0228161
76.97,0.343386,0.363009,0.353469,-0.0196234
76.975,0.336248,0.363064,0.353487,-0.0268159
76.98,0.326503,0.36312,0.353505,-0.0366174
76.985,0.329638,0.363177,0.353523,-0.0335392
76.99,0.33979,0.363234,0.353542,-0.0234436
76.995,0.350364,0.363291,0.35356,-0.0129275
77,0.36597,0.363349,0.353578,0.00262078
77.005,0.368946,0.363408,0.353596,0.00553841
77.01,0.372951,0.363467,0.353615,0.009484
77.015,0.374601,0.363527,0.353633,0.0110738
77.02,0.371814,0.363587,0.353652,0.00822648
77.025,0.366085,0.363648,0.35367,0.00243712
77.03,0.365559,0.36371,0.353689,0.00184938
77.035,0.360165,0.363772,0.353707,-0.0036069
77.04,0.347629,0.363834,0.353726,-0.016205
77.045,0.345057,0.363897,0.353745,-0.0188405
77.05,0.349679,0.363961,0.353763,-0.0142824
77.055,0.351661,0.364026,0.353782,-0.0123643
77.06,0.348204,0.36409,0.353801,-0.0158869
77.065,0.341792,0.364156,0.35382,-0.0223636
77.07,0.35041,0.364222,0.353839,-0.0138127
77.075,0.347819,0.364289,0.353857,-0.0164697
77.08,0.343366,0.364357,0.353876,-0.0209905
77.085,0.319249,0.364425,0.353895,-0.045176
77.09,0.321928,0.364494,0.353915,-0.0425658
77.095,0.337974,0.364563,0.353934,-0.0265887
77.1,0.346146,0.364633,0.353953,-0.0184867
77.105,0.353061,0.364704,0.353972,-0.0116426
77.11,0.354381,0.364775,0.353991,-0.010394
77.115,0.349279,0.364847,0.35401,-0.0155681
77.12,0.358542,0.36492,0.35403,-0.0063786
77.125,0.349511,0.364994,0.354049,-0.0154831
77.13,0.349552,0.365068,0.354069,-0.0155161
77.135,0.34382,0.365143,0.354088,-0.021323
77.14,0.338366,0.365218,0.354108,-0.0268524
77.145,0.335546,0.365295,0.354127,-0.0297484
77.15,0.348279,0.365372,0.354147,-0.0170929
77.155,0.351039,0.36545,0.354166,-0.0144106
77.16,0.363089,0.365528,0.354186,-0.00243959
77.165,0.349525,0.365608,0.354206,-0.0160823
77.17,0.349468,0.365688,0.354225,-0.01622
77.175,0.345028,0.365769,0.354245,-0.0207408
77.18,0.339954,0.36585,0.354265,-0.0258961
77.185,0.34698,0.365933,0.354285,-0.0189527
77.19,0.348001,0.366016,0.354305,-0.0180154
77.195,0.351426,0.3661,0.354325,-0.0146743
77.2,0.352174,0.366185,0.354345,-0.0140112
77.205,0.352233,0.366271,0.354365,-0.0140381
77.21,0.362114,0.366357,0.354385,-0.00424348
77.215,0.351379,0.366445,0.354405,-0.0150661
77.22,0.353648,0.366533,0.354425,-0.0128857
77.225,0.34186,0.366623,0.354446,-0.0247628
77.23,0.349295,0.366713,0.354466,-0.0174177
77.235,0.362012,0.366804,0.354486,-0.00479192
77.24,0.362698,0.366896,0.354507,-0.00419753
77.245,0.360546,0.366988,0.354527,-0.00644281
77.25,0.352025,0.367082,0.354548,-0.0150574
77.255,0.346349,0.367177,0.354568,-0.0208278
77.26,0.34344,0.367273,0.354589,-0.023833
77.265,0.338447,0.367369,0.354609,-0.028922
77.27,0.322389,0.367467,0.35463,-0.0450777
77.275,0.317991,0.367566,0.354651,-0.0495753
77.28,0.312116,0.367666,0.354671,-0.0555495
77.285,0.304952,0.367766,0.354692,-0.0628145
77.29,0.308051,0.367868,0.354713,-0.0598175
77.295,0.309242,0.367971,0.354734,-0.0587291
77.3,0.327773,0.368075,0.354755,-0.0403013
77.305,0.340371,0.36818,0.354776,-0.0278087
77.31,0.343401,0.368286,0.354797,-0.0248852
77.315,0.342799,0.368393,0.354818,-0.025594
77.32,0.34242,0.368501,0.354839,-0.0260818
77.325,0.345583,0.368611,0.35486,-0.0230279
77.33,0.338578,0.368722,0.354881,-0.0301437
77.335,0.346897,0.368833,0.354902,-0.0219368
77.34,0.351039,0.368946,0.354924,-0.0179071
77.345,0.354035,0.369061,0.354945,-0.0150256
77.35,0.365089,0.369176,0.354966,-0.00408728
77.355,0.343465,0.369293,0.354988,-0.0258282
77.36,0.333045,0.369411,0.355009,-0.0363662
77.365,0.328013,0.36953,0.35503,-0.041517
77.37,0.33585,0.369651,0.355052,-0.0338006
77.375,0.341953,0.369772,0.355074,-0.0278199
77.38,0.348464,0.369896,0.355095,-0.0214314
77.385,0.335995,0.37002,0.355117,-0.0340257
77.39,0.336995,0.370146,0.355139,-0.0331511
77.395,0.335943,0.370274,0.35516,-0.0343306
77.4,0.3373,0.370403,0.355182,-0.0331029
77.405,0.337781,0.370533,0.355204,-0.0327513
77.41,0.342496,0.370665,0.355226,-0.0281685
77.415,0.348422,0.370798,0.355248,-0.0223756
77.42,0.339683,0.370932,0.35527,-0.0312497
77.425,0.348437,0.371069,0.355292,-0.022632
77.43,0.347803,0.371207,0.355314,-0.0234033
77.435,0.357703,0.371346,0.355336,-0.0136426
77.44,0.365993,0.371487,0.355358,-0.00549449
77.445,0.36457,0.37163,0.35538,-0.00706003
77.45,0.352243,0.371774,0.355403,-0.019531
77.455,0.350627,0.37192,0.355425,-0.0212935
77.46,0.349475,0.372068,0.355447,-0.0225932
77.465,0.357829,0.372217,0.35547,-0.0143887
77.47,0.364561,0.372369,0.355492,-0.00780776
77.475,0.354513,0.372522,0.355515,-0.0180084
77.48,0.350302,0.372677,0.355537,-0.0223752
77.485,0.342545,0.372833,0.35556,-0.0302888
77.49,0.346094,0.372992,0.355582,-0.0268983
77.495,0.340167,0.373153,0.355605,-0.0329854
77.5,0.332323,0.373315,0.355628,-0.0409928
77.505,0.331542,0.37348,0.35565,-0.0419381
77.51,0.35157,0.373646,0.355673,-0.0220766
77.515,0.352759,0.373815,0.355696,-0.0210557
77.52,0.359705,0.373986,0.355719,-0.0142808
77.525,0.353568,0.374159,0.355742,-0.0205902
77.53,0.355045,0.374334,0.355765,-0.0192885
77.535,0.353959,0.374511,0.355788,-0.0205515
77.54,0.355261,0.37469,0.355811,-0.0194295
77.545,0.360497,0.374872,0.355834,-0.0143747
77.55,0.365184,0.375056,0.355857,-0.00987236
77.555,0.371745,0.375243,0.35588,-0.00349784
77.56,0.376653,0.375431,0.355904,0.0012215
77.565,0.369186,0.375623,0.355927,-0.00643696
77.57,0.371335,0.375816,0.35595,-0.00448104
77.575,0.351578,0.376013,0.355974,-0.0244348
77.58,0.342129,0.376212,0.355997,-0.0340824
77.585,0.352993,0.376413,0.356021,-0.0234202
77.59,0.357405,0.376617,0.356044,-0.019212
77.595,0.36505,0.376824,0.356068,-0.0117745
77.6,0.370758,0.377034,0.356091,-0.00627625
77.605,0.363037,0.377247,0.356115,-0.0142102
77.61,0.379573,0.377462,0.356139,0.00211098
77.615,0.368266,0.377681,0.356162,-0.00941446
77.62,0.364265,0.377902,0.356186,-0.0136375
77.625,0.364505,0.378127,0.35621,-0.0136219
77.63,0.355182,0.378354,0.356234,-0.0231727
77.635,0.358519,0.378585,0.356258,-0.020066
77.64,0.355727,0.378819,0.356282,-0.0230926
77.645,0.361033,0.379056,0.356306,-0.0180231
77.65,0.361854,0.379297,0.35633,-0.0174433
77.655,0.358158,0.379541,0.356354,-0.0213833
77.66,0.358994,0.379789,0.356378,-0.0207949
77.665,0.347568,0.38004,0.356402,-0.0324721
77.67,0.351013,0.380295,0.356427,-0.0292821
77.675,0.347186,0.380554,0.356451,-0.0333678
77.68,0.350216,0.380817,0.356475,-0.0306003
77.685,0.359075,0.381083,0.3565,-0.0220086
77.69,0.349764,0.381354,0.356524,-0.0315899
77.695,0.348175,0.381628,0.356549,-0.033454
77.7,0.343548,0.381907,0.356573,-0.0383595
77.705,0.360764,0.38219,0.356598,-0.0214263
77.71,0.370302,0.382478,0.356622,-0.0121755
77.715,0.368056,0.38277,0.356647,-0.0147134
77.72,0.35601,0.383067,0.356672,-0.0270564
77.725,0.355177,0.383368,0.356697,-0.0281907
77.73,0.358213,0.383674,0.356721,-0.0254615
77.735,0.365249,0.383985,0.356746,-0.0187358
77.74,0.36939,0.384301,0.356771,-0.0149118
77.745,0.367873,0.384623,0.356796,-0.0167493
77.75,0.372095,0.38495,0.356821,-0.0128544
77.755,0.356974,0.385282,0.356846,-0.0283082
77.76,0.354743,0.38562,0.356871,-0.030877
77.765,0.360485,0.385964,0.356897,-0.0254788
77.77,0.368641,0.386313,0.356922,-0.0176721
77.775,0.366886,0.386669,0.356947,-0.0197836
77.78,0.365974,0.387032,0.356972,-0.0210575
77.785,0.371743,0.387401,0.356998,-0.0156581
77.79,0.381961,0.387776,0.357023,-0.00581482
77.795,0.392773,0.388159,0.357048,0.00461369
77.8,0.38198,0.388549,0.357074,-0.00656906
77.805,0.364116,0.388946,0.357099,-0.0248297
77.81,0.359241,0.389351,0.357125,-0.0301102
77.815,0.370644,0.389764,0.357151,-0.0191198
77.82,0.386478,0.390185,0.357176,-0.00370671
77.825,0.390434,0.390614,0.357202,-0.000180705
77.83,0.378675,0.391053,0.357228,-0.0123781
77.835,0.377293,0.3915,0.357253,-0.0142075
77.84,0.383126,0.391958,0.357279,-0.00883171
77.845,0.380162,0.392425,0.357305,-0.012263
77.85,0.387881,0.392902,0.357331,-0.00502053
77.855,0.379931,0.39339,0.357357,-0.0134588
77.86,0.38481,0.393889,0.357383,-0.00907929
77.865,0.390395,0.394399,0.357409,-0.00400451
77.87,0.389873,0.394922,0.357435,-0.00504883
77.875,0.391574,0.395457,0.357462,-0.00388322
77.88,0.386229,0.396006,0.357488,-0.00977686
77.885,0.376229,0.396568,0.357514,-0.0203384
77.89,0.375984,0.397144,0.35754,-0.0211603
77.895,0.381519,0.397736,0.357567,-0.0162165
77.9,0.389303,0.398342,0.357593,-0.00903901
77.905,0.389861,0.398966,0.35762,-0.00910425
77.91,0.390587,0.399606,0.357646,-0.00901868
77.915,0.381882,0.400264,0.357673,-0.0183825
77.92,0.38141,0.400941,0.357699,-0.0195315
77.925,0.392142,0.401638,0.357726,-0.00949576
77.93,0.399124,0.402355,0.357753,-0.00323089
77.935,0.408289,0.403094,0.357779,0.00519543
77.94,0.410192,0.403856,0.357806,0.00633664
77.945,0.410246,0.404641,0.357833,0.0056057
77.95,0.423485,0.405451,0.35786,0.0180341
77.955,0.419074,0.406287,0.357887,0.0127867
77.96,0.398563,0.407151,0.357914,-0.00858766
77.965,0.379727,0.408043,0.357941,-0.0283158
77.97,0.383524,0.408965,0.357968,-0.0254414
77.975,0.406278,0.40992,0.357995,-0.00364135
77.98,0.415849,0.410907,0.358022,0.00494219
77.985,0.415934,0.411929,0.35805,0.00400412
77.99,0.416374,0.412988,0.358077,0.00338543
77.995,0.421981,0.414086,0.358104,0.00789495
78,0.428641,0.415223,0.358132,0.0134174
78.005,0.424062,0.416403,0.358159,0.00765856
78.01,0.418477,0.417628,0.358186,0.000849629
78.015,0.414582,0.418898,0.358214,-0.00431666
78.02,0.408098,0.420218,0.358241,-0.0121195
78.025,0.411987,0.421588,0.358269,-0.00960063
78.03,0.412545,0.423012,0.358297,-0.010467
78.035,0.424378,0.424492,0.358324,-0.000113564
78.04,0.430135,0.42603,0.358352,0.00410541
78.045,0.427929,0.42763,0.35838,0.000299754
78.05,0.436034,0.429293,0.358408,0.00674054
78.055,0.415111,0.431024,0.358436,-0.015913
78.06,0.409375,0.432824,0.358464,-0.0234495
78.065,0.41429,0.434698,0.358492,-0.0204079
78.07,0.420966,0.436648,0.35852,-0.0156819
78.075,0.419478,0.438677,0.358548,-0.0191993
78.08,0.415569,0.440789,0.358576,-0.0252204
78.085,0.419579,0.442988,0.358604,-0.0234091
78.09,0.430963,0.445276,0.358632,-0.0143128
78.095,0.444804,0.447658,0.358661,-0.0028536
78.1,0.433391,0.450137,0.358689,-0.0167462
78.105,0.441076,0.452717,0.358717,-0.0116411
78.11,0.448235,0.455403,0.358746,-0.00716721
78.115,0.452826,0.458197,0.358774,-0.00537011
78.12,0.458724,0.461104,0.358803,-0.00237959
78.125,0.462966,0.464127,0.358831,-0.00116141
78.13,0.478554,0.467272,0.35886,0.0112815
78.135,0.468963,0.470543,0.358889,-0.00157982
78.14,0.461275,0.473942,0.358917,-0.0126672
78.145,0.459492,0.477476,0.358946,-0.0179843
78.15,0.464763,0.481147,0.358975,-0.0163843
78.155,0.472518,0.484961,0.359004,-0.0124431
78.16,0.482494,0.488921,0.359033,-0.00642712
78.165,0.486677,0.493032,0.359062,-0.00635484
78.17,0.483721,0.497298,0.359091,-0.0135774
78.175,0.480405,0.501724,0.35912,-0.021319
78.18,0.484718,0.506313,0.359149,-0.0215945
78.185,0.503115,0.511069,0.359178,-0.00795355
78.19,0.523712,0.515997,0.359207,0.00771472
78.195,0.537321,0.521101,0.359237,0.0162195
78.2,0.548244,0.526384,0.359266,0.0218598
78.205,0.5745,0.531851,0.359295,0.0426489
78.21,0.595215,0.537505,0.359325,0.0577096
78.215,0.599456,0.543349,0.359354,0.0561066
78.22,0.60432,0.549388,0.359384,0.0549324
78.225,0.599795,0.555623,0.359413,0.0441715
78.23,0.610859,0.562059,0.359443,0.0487997
78.235,0.621743,0.568697,0.359472,0.0530455
78.24,0.635873,0.575542,0.359502,0.0603311
78.245,0.642907,0.582594,0.359532,0.0603131
78.25,0.66057,0.589856,0.359562,0.070714
78.255,0.676868,0.59733,0.359592,0.0795384
78.26,0.683778,0.605017,0.359621,0.0787603
78.265,0.695058,0.61292,0.359651,0.0821387
78.27,0.706489,0.621038,0.359681,0.0854517
78.275,0.709504,0.629372,0.359711,0.0801326
78.28,0.729888,0.637922,0.359742,0.0919654
78.285,0.750451,0.646689,0.359772,0.103762
78.29,0.790811,0.655672,0.359802,0.135139
78.295,0.807456,0.664869,0.359832,0.142586
78.3,0.80632,0.67428,0.359862,0.13204
78.305,0.820546,0.683903,0.359893,0.136643
78.31,0.845826,0.693734,0.359923,0.152092
78.315,0.872337,0.703773,0.359954,0.168564
78.32,0.884087,0.714014,0.359984,0.170073
78.325,0.89622,0.724454,0.360015,0.171766
78.33,0.953915,0.73509,0.360045,0.218825
78.335,0.981854,0.745915,0.360076,0.235939
78.34,1.00612,0.756925,0.360107,0.249193
78.345,1.04478,0.768113,0.360137,0.276667
78.35,1.0742,0.779473,0.360168,0.294724
78.355,1.10301,0.790996,0.360199,0.312013
78.36,1.1212,0.802675,0.36023,0.318527
78.365,1.12917,0.814502,0.360261,0.31467
78.37,1.16099,0.826465,0.360292,0.334524
78.375,1.21522,0.838556,0.360323,0.376667
78.38,1.26885,0.850762,0.360354,0.418085
78.385,1.29101,0.863072,0.360385,0.42794
78.39,1.32163,0.875473,0.360416,0.446157
78.395,1.36199,0.887952,0.360447,0.47404
78.4,1.44689,0.900494,0.360479,0.546392
78.405,1.48292,0.913083,0.36051,0.569836
78.41,1.53636,0.925703,0.360541,0.610662
78.415,1.58587,0.938336,0.360573,0.64753
78.42,1.6045,0.950965,0.360604,0.653531
78.425,1.61611,0.96357,0.360636,0.652542
78.43,1.64918,0.97613,0.360667,0.673048
78.435,1.63985,0.988623,0.360699,0.651223
78.44,1.64485,1.00103,0.360731,0.643825
78.445,1.66827,1.01332,0.360763,0.654951
78.45,1.67242,1.02548,0.360794,0.646942
78.455,1.71209,1.03747,0.360826,0.674611
78.46,1.74964,1.04928,0.360858,0.70036
78.465,1.76478,1.06087,0.36089,0.703904
78.47,1.79154,1.07222,0.360922,0.719321
78.475,1.79716,1.0833,0.360954,0.713862
78.48,1.7815,1.09407,0.360986,0.687431
78.485,1.7643,1.10451,0.361018,0.659782
78.49,1.75529,1.1146,0.36105,0.640689
78.495,1.78643,1.12429,0.361083,0.662139
78.5,1.8338,1.13355,0.361115,0.70025
78.505,1.88743,1.14237,0.361147,0.745062
78.51,1.93115,1.1507,0.36118,0.780444
78.515,1.94855,1.15853,0.361212,0.790026
78.52,1.95561,1.16581,0.361245,0.789803
78.525,1.94879,1.17253,0.361277,0.776264
78.53,1.94854,1.17865,0.36131,0.76989
78.535,1.98658,1.18416,0.361342,0.802417
78.54,1.98788,1.18904,0.361375,0.798846
78.545,1.97887,1.19325,0.361408,0.785619
78.55,1.91781,1.19679,0.361441,0.721015
78.555,1.85047,1.19965,0.361474,0.650822
78.56,1.82605,1.2018,0.361506,0.624253
78.565,1.79931,1.20324,0.361539,0.596075
78.57,1.83763,1.20396,0.361572,0.633671
78.575,1.82145,1.20396,0.361605,0.617488
78.58,1.82842,1.20324,0.361639,0.625181
78.585,1.78369,1.20181,0.361672,0.581876
78.59,1.74043,1.19967,0.361705,0.540768
78.595,1.70972,1.19682,0.361738,0.512898
78.6,1.70936,1.19329,0.361771,0.516071
78.605,1.71978,1.18908,0.361805,0.530696
78.61,1.71089,1.18422,0.361838,0.526664
78.615,1.7066,1.17873,0.361872,0.527876
78.62,1.67494,1.17261,0.361905,0.502326
78.625,1.65831,1.16591,0.361939,0.492398
78.63,1.63512,1.15865,0.361972,0.476468
78.635,1.61915,1.15085,0.362006,0.468297
78.64,1.58201,1.14254,0.36204,0.439467
78.645,1.57194,1.13375,0.362074,0.43819
78.65,1.54167,1.12451,0.362107,0.417157
78.655,1.52266,1.11485,0.362141,0.407807
78.66,1.52094,1.10481,0.362175,0.416133
78.665,1.51841,1.0944,0.362209,0.424015
78.67,1.51636,1.08366,0.362243,0.432694
78.675,1.48289,1.07263,0.362277,0.41026
78.68,1.45534,1.06132,0.362311,0.394017
78.685,1.44283,1.04978,0.362346,0.393054
78.69,1.43681,1.03802,0.36238,0.398788
78.695,1.42365,1.02608,0.362414,0.397578
78.7,1.42595,1.01397,0.362448,0.411981
78.705,1.4052,1.00173,0.362483,0.403466
78.71,1.38447,0.989384,0.362517,0.395082
78.715,1.3351,0.976949,0.362552,0.35815
78.72,1.32452,0.96445,0.362586,0.360067
78.725,1.32263,0.951907,0.362621,0.370721
78.73,1.30303,0.939343,0.362656,0.363692
78.735,1.28101,0.926775,0.36269,0.354237
78.74,1.27529,0.914222,0.362725,0.361072
78.745,1.27286,0.901701,0.36276,0.371157
78.75,1.26751,0.88923,0.362795,0.378281
78.755,1.23574,0.876822,0.36283,0.358913
78.76,1.21586,0.864494,0.362865,0.35137
78.765,1.18997,0.852257,0.3629,0.337709
78.77,1.16702,0.840125,0.362935,0.326892
78.775,1.14557,0.82811,0.36297,0.317459
78.78,1.12165,0.816224,0.363005,0.30543
78.785,1.12017,0.804475,0.36304,0.315694
78.79,1.11141,0.792874,0.363075,0.318533
78.795,1.08188,0.78143,0.363111,0.300449
78.8,1.07724,0.77015,0.363146,0.307089
78.805,1.07163,0.759043,0.363181,0.312588
78.81,1.04182,0.748114,0.363217,0.293702
78.815,1.00153,0.737371,0.363252,0.264155
78.82,0.962672,0.726818,0.363288,0.235854
78.825,0.93598,0.71646,0.363324,0.21952
78.83,0.914199,0.706302,0.363359,0.207897
78.835,0.910601,0.696348,0.363395,0.214253
78.84,0.890109,0.686601,0.363431,0.203508
78.845,0.881585,0.677063,0.363467,0.204522
78.85,0.864392,0.667737,0.363503,0.196655
78.855,0.866606,0.658625,0.363539,0.207981
78.86,0.858395,0.649728,0.363575,0.208667
78.865,0.835919,0.641047,0.363611,0.194872
78.87,0.824734,0.632582,0.363647,0.192152
78.875,0.796068,0.624335,0.363683,0.171733
78.88,0.782505,0.616303,0.363719,0.166202
78.885,0.75468,0.608488,0.363755,0.146192
78.89,0.740429,0.600887,0.363792,0.139542
78.895,0.722294,0.5935,0.363828,0.128793
78.9,0.722094,0.586325,0.363865,0.135769
78.905,0.699434,0.579361,0.363901,0.120074
78.91,0.69281,0.572604,0.363938,0.120206
78.915,0.663604,0.566053,0.363974,0.0975507
78.92,0.652971,0.559706,0.364011,0.0932654
78.925,0.645014,0.553558,0.364047,0.0914557
78.93,0.641061,0.547608,0.364084,0.0934533
78.935,0.635959,0.541852,0.364121,0.0941074
78.94,0.619655,0.536287,0.364158,0.0833688
78.945,0.60276,0.530908,0.364195,0.0718512
78.95,0.590043,0.525714,0.364232,0.0643292
78.955,0.582403,0.520699,0.364269,0.061704
78.96,0.575479,0.51586,0.364306,0.059619
78.965,0.568871,0.511192,0.364343,0.0576786
78.97,0.559321,0.506693,0.36438,0.052628
78.975,0.55174,0.502357,0.364417,0.0493822
78.98,0.543174,0.498181,0.364454,0.0449927
78.985,0.513916,0.49416,0.364492,0.0197551
78.99,0.504424,0.490291,0.364529,0.0141329
78.995,0.502509,0.486568,0.364567,0.0159412
79,0.498199,0.482987,0.364604,0.0152112
79.005,0.5059,0.479545,0.364642,0.0263543
79.01,0.495122,0.476237,0.364679,0.0188849
79.015,0.48185,0.473059,0.364717,0.00879037
79.02,0.469372,0.470007,0.364755,-0.000634835
79.025,0.462609,0.467076,0.364792,-0.00446674
79.03,0.456407,0.464262,0.36483,-0.00785549
79.035,0.456533,0.461562,0.364868,-0.00502924
79.04,0.45973,0.458971,0.364906,0.000759032
79.045,0.466196,0.456486,0.364944,0.00971016
79.05,0.469776,0.454102,0.364982,0.0156737
79.055,0.460255,0.451816,0.36502,0.00843941
79.06,0.458477,0.449624,0.365058,0.00885339
79.065,0.465238,0.447523,0.365096,0.0177151
79.07,0.464348,0.445508,0.365134,0.0188397
79.075,0.454542,0.443577,0.365173,0.0109654
79.08,0.442877,0.441726,0.365211,0.00115096
79.085,0.44177,0.439952,0.365249,0.00181794
79.09,0.437233,0.438252,0.365288,-0.00101867
79.095,0.428673,0.436622,0.365326,-0.00794892
79.1,0.428615,0.43506,0.365365,-0.00644552
79.105,0.430128,0.433563,0.365404,-0.00343526
79.11,0.427229,0.432128,0.365442,-0.00489894
79.115,0.418591,0.430752,0.365481,-0.0121603
79.12,0.41397,0.429432,0.36552,-0.0154627
79.125,0.428294,0.428167,0.365559,0.000126744
79.13,0.441124,0.426954,0.365597,0.0141698
79.135,0.437457,0.42579,0.365636,0.011667
79.14,0.419297,0.424673,0.365675,-0.00537546
79.145,0.408905,0.423601,0.365714,-0.0146959
79.15,0.404111,0.422572,0.365753,-0.0184614
79.155,0.399717,0.421584,0.365793,-0.0218666
79.16,0.396519,0.420635,0.365832,-0.0241164
79.165,0.390977,0.419724,0.365871,-0.0287461
79.17,0.37201,0.418847,0.36591,-0.0468373
79.175,0.364573,0.418005,0.36595,-0.0534316
79.18,0.350266,0.417195,0.365989,-0.066929
79.185,0.340199,0.416416,0.366029,-0.0762162
79.19,0.345676,0.415666,0.366068,-0.0699893
79.195,0.347463,0.414943,0.366108,-0.0674806
79.2,0.354054,0.414248,0.366147,-0.0601932
79.205,0.377852,0.413577,0.366187,-0.0357251
79.21,0.394555,0.412931,0.366227,-0.0183756
79.215,0.399752,0.412307,0.366267,-0.0125551
79.22,0.396362,0.411705,0.366306,-0.0153438
79.225,0.368631,0.411124,0.366346,-0.0424929
79.23,0.359583,0.410563,0.366386,-0.05098
79.235,0.365373,0.41002,0.366426,-0.0446473
79.24,0.361773,0.409495,0.366466,-0.0477227
79.245,0.359621,0.408988,0.366507,-0.0493669
79.25,0.342431,0.408496,0.366547,-0.0660652
79.255,0.337872,0.408019,0.366587,-0.0701471
79.26,0.341016,0.407557,0.366627,-0.066541
79.265,0.34899,0.407109,0.366668,-0.0581192
79.27,0.361101,0.406674,0.366708,-0.0455724
79.275,0.355654,0.406251,0.366748,-0.0505975
79.28,0.367497,0.40584,0.366789,-0.0383429
79.285,0.377608,0.40544,0.36683,-0.0278322
79.29,0.392698,0.40505,0.36687,-0.0123522
79.295,0.383825,0.404671,0.366911,-0.0208464
79.3,0.365208,0.404301,0.366952,-0.0390927
79.305,0.35569,0.403939,0.366992,-0.0482494
79.31,0.356155,0.403586,0.367033,-0.0474315
79.315,0.355628,0.403241,0.367074,-0.0476135
79.32,0.357663,0.402903,0.367115,-0.0452404
79.325,0.350123,0.402572,0.367156,-0.0524487
79.33,0.357318,0.402248,0.367197,-0.0449293
79.335,0.364082,0.401929,0.367238,-0.0378475
79.34,0.365551,0.401616,0.367279,-0.0360655
79.345,0.34956,0.401309,0.367321,-0.0517484
79.35,0.351899,0.401006,0.367362,-0.0491069
79.355,0.349806,0.400708,0.367403,-0.0509021
79.36,0.35375,0.400414,0.367445,-0.0466643
79.365,0.358079,0.400124,0.367486,-0.0420448
79.37,0.34722,0.399838,0.367528,-0.0526183
79.375,0.348165,0.399555,0.367569,-0.0513903
79.38,0.361233,0.399276,0.367611,-0.0380426
79.385,0.367842,0.399,0.367652,-0.0311575
79.39,0.363051,0.398726,0.367694,-0.0356754
79.395,0.349159,0.398455,0.367736,-0.0492956
79.4,0.336548,0.398187,0.367778,-0.0616388
79.405,0.341754,0.397921,0.36782,-0.0561666
79.41,0.348196,0.397657,0.367862,-0.049461
79.415,0.363327,0.397395,0.367904,-0.0340683
79.42,0.360455,0.397136,0.367946,-0.0366807
79.425,0.362514,0.396878,0.367988,-0.0343643
79.43,0.352262,0.396623,0.36803,-0.0443609
79.435,0.351756,0.39637,0.368072,-0.0446136
79.44,0.339002,0.396118,0.368114,-0.0571163
79.445,0.346787,0.395869,0.368157,-0.0490824
79.45,0.357006,0.395622,0.368199,-0.0386158
79.455,0.370696,0.395376,0.368242,-0.0246808
79.46,0.372956,0.395133,0.368284,-0.0221772
79.465,0.364394,0.394892,0.368327,-0.030498
79.47,0.360588,0.394653,0.368369,-0.0340654
79.475,0.373183,0.394416,0.368412,-0.021233
79.48,0.363774,0.394182,0.368455,-0.0304073
79.485,0.356009,0.393949,0.368497,-0.0379407
79.49,0.33763,0.393719,0.36854,-0.0560898
79.495,0.32274,0.393492,0.368583,-0.0707519
79.5,0.322678,0.393267,0.368626,-0.070589
79.505,0.314495,0.393044,0.368669,-0.0785486
79.51,0.309323,0.392824,0.368712,-0.0835002
79.515,0.313852,0.392606,0.368755,-0.0787542
79.52,0.314166,0.392391,0.368798,-0.0782248
79.525,0.314756,0.392178,0.368842,-0.0774226
79.53,0.340712,0.391969,0.368885,-0.0512564
79.535,0.336831,0.391762,0.368928,-0.0549307
79.54,0.341742,0.391557,0.368972,-0.0498152
79.545,0.324402,0.391356,0.369015,-0.0669542
79.55,0.317399,0.391157,0.369059,-0.073758
79.555,0.32336,0.390961,0.369102,-0.0676009
79.56,0.335021,0.390768,0.369146,-0.0557471
79.565,0.349973,0.390578,0.369189,-0.0406058
79.57,0.35576,0.390391,0.369233,-0.0346309
79.575,0.358297,0.390207,0.369277,-0.0319101
79.58,0.364809,0.390026,0.369321,-0.0252167
79.585,0.372142,0.389847,0.369365,-0.0177052
79.59,0.386545,0.389672,0.369409,-0.00312656
79.595,0.374558,0.389499,0.369453,-0.0149415
79.6,0.3637,0.38933,0.369497,-0.0256299
79.605,0.361564,0.389164,0.369541,-0.0275998
79.61,0.361707,0.389,0.369585,-0.0272925
79.615,0.368925,0.388839,0.369629,-0.0199141
79.62,0.3614,0.388682,0.369674,-0.0272819
79.625,0.353768,0.388527,0.369718,-0.0347592
79.63,0.339711,0.388375,0.369762,-0.0486641
79.635,0.320171,0.388226,0.369807,-0.0680552
79.64,0.315754,0.388081,0.369851,-0.0723268
79.645,0.320563,0.387937,0.369896,-0.0673749
79.65,0.33795,0.387797,0.369941,-0.0498475
79.655,0.341361,0.38766,0.369985,-0.0462988
79.66,0.338069,0.387525,0.37003,-0.0494568
79.665,0.333283,0.387394,0.370075,-0.0541105
79.67,0.337985,0.387265,0.37012,-0.0492803
79.675,0.337071,0.387139,0.370165,-0.050068
79.68,0.342348,0.387015,0.37021,-0.0446673
79.685,0.345972,0.386895,0.370255,-0.040923
79.69,0.3483,0.386777,0.3703,-0.0384767
79.695,0.341581,0.386661,0.370345,-0.0450802
79.7,0.33951,0.386548,0.37039,-0.0470382
79.705,0.32902,0.386438,0.370436,-0.0574186
79.71,0.338767,0.38633,0.370481,-0.0475638
79.715,0.345591,0.386225,0.370526,-0.0406345
79.72,0.341727,0.386123,0.370572,-0.0443958
79.725,0.341474,0.386022,0.370617,-0.0445486
79.73,0.336115,0.385924,0.370663,-0.0498092
79.735,0.329258,0.385829,0.370708,-0.0565709
79.74,0.324278,0.385736,0.370754,-0.0614575
79.745,0.323092,0.385645,0.3708,-0.0625527
79.75,0.331772,0.385556,0.370846,-0.0537839
79.755,0.352758,0.38547,0.370891,-0.0327114
79.76,0.359697,0.385386,0.370937,-0.0256882
79.765,0.364692,0.385303,0.370983,-0.0206109
79.77,0.365235,0.385223,0.371029,-0.0199887
79.775,0.364203,0.385145,0.371075,-0.0209421
79.78,0.371481,0.385069,0.371121,-0.0135883
79.785,0.369697,0.384995,0.371168,-0.0152985
79.79,0.352478,0.384923,0.371214,-0.0324447
79.795,0.340543,0.384853,0.37126,-0.0443096
79.8,0.325041,0.384785,0.371307,-0.0597438
79.805,0.330265,0.384718,0.371353,-0.0544532
79.81,0.342893,0.384653,0.371399,-0.0417599
79.815,0.348519,0.38459,0.371446,-0.0360712
79.82,0.340839,0.384529,0.371493,-0.0436902
79.825,0.348766,0.38447,0.371539,-0.0357034
79.83,0.34398,0.384412,0.371586,-0.0404313
79.835,0.345861,0.384355,0.371633,-0.038494
79.84,0.338287,0.3843,0.37168,-0.0460134
79.845,0.330298,0.384247,0.371726,-0.0539491
79.85,0.327746,0.384195,0.371773,-0.0564496
79.855,0.327275,0.384145,0.37182,-0.0568697
79.86,0.327293,0.384096,0.371867,-0.0568027
79.865,0.329225,0.384049,0.371915,-0.0548237
79.87,0.34334,0.384003,0.371962,-0.0406621
79.875,0.353624,0.383958,0.372009,-0.0303336
79.88,0.360892,0.383914,0.372056,-0.0230225
79.885,0.360388,0.383872,0.372104,-0.0234847
79.89,0.345069,0.383831,0.372151,-0.0387625
79.895,0.346358,0.383792,0.372199,-0.0374337
79.9,0.341414,0.383753,0.372246,-0.0423393
79.905,0.335174,0.383716,0.372294,-0.0485423
79.91,0.334174,0.38368,0.372341,-0.0495061
79.915,0.327216,0.383645,0.372389,-0.0564287
79.92,0.331115,0.383611,0.372437,-0.0524957
79.925,0.329735,0.383578,0.372485,-0.0538429
79.93,0.320752,0.383547,0.372532,-0.0627943
79.935,0.319808,0.383516,0.37258,-0.063708
79.94,0.318979,0.383486,0.372628,-0.0645069
79.945,0.317025,0.383458,0.372676,-0.0664324
79.95,0.31581,0.38343,0.372724,-0.0676195
79.955,0.323528,0.383403,0.372773,-0.0598748
79.96,0.321292,0.383377,0.372821,-0.0620858
79.965,0.3293,0.383353,0.372869,-0.0540522
79.97,0.332434,0.383329,0.372918,-0.0508948
79.975,0.321054,0.383306,0.372966,-0.0622521
79.98,0.314742,0.383283,0.373014,-0.0685413
79.985,0.298294,0.383262,0.373063,-0.0849683
79.99,0.296484,0.383242,0.373111,-0.0867573
79.995,0.317482,0.383222,0.37316,-0.0657398
80,0.316218,0.383203,0.373209,-0.0669851
80.005,0.313589,0.383185,0.373258,-0.0695959
80.01,0.317542,0,0,0
80.015,0.326348,0,0,0
80.02,0.329303,0,0,0
80.025,0.335836,0,0,0
80.03,0.337337,0,0,0
80.035,0.348529,0,0,0
80.04,0.354828,0,0,0
80.045,0.347746,0,0,0
80.05,0.334966,0,0,0
80.055,0.322157,0,0,0
80.06,0.324444,0,0,0
80.065,0.320351,0,0,0
80.07,0.32902,0,0,0
80.075,0.333522,0,0,0
80.08,0.336774,0,0,0
80.085,0.329386,0,0,0
80.09,0.322954,0,0,0
80.095,0.311575,0,0,0
80.1,0.307368,0,0,0
80.105,0.295794,0,0,0
80.11,0.28623,0,0,0
80.115,0.288679,0,0,0
80.12,0.283906,0,0,0
80.125,0.295812,0,0,0
80.13,0.296794,0,0,0
80.135,0.305877,0,0,0
80.14,0.320526,0,0,0
80.145,0.327388,0,0,0
80.15,0.326284,0,0,0
80.155,0.332779,0,0,0
80.16,0.327777,0,0,0
80.165,0.324134,0,0,0
80.17,0.320817,0,0,0
80.175,0.330012,0,0,0
80.18,0.337279,0,0,0
80.185,0.347582,0,0,0
80.19,0.343273,0,0,0
80.195,0.346596,0,0,0
80.2,0.349973,0,0,0
80.205,0.357256,0,0,0
80.21,0.36075,0,0,0
80.215,0.358555,0,0,0
80.22,0.355194,0,0,0
80.225,0.351591,0,0,0
80.23,0.354166,0,0,0
80.235,0.350574,0,0,0
80.24,0.332148,0,0,0
80.245,0.323087,0,0,0
80.25,0.316648,0,0,0
80.255,0.329664,0,0,0
80.26,0.340669,0,0,0
80.265,0.344492,0,0,0
80.27,0.338987,0,0,0
80.275,0.330768,0,0,0
80.28,0.328865,0,0,0
80.285,0.338742,0,0,0
80.29,0.342144,0,0,0
80.295,0.346839,0,0,0
80.3,0.346304,0,0,0
80.305,0.351083,0,0,0
80.31,0.354722,0,0,0
80.315,0.358729,0,0,0
80.32,0.349703,0,0,0
80.325,0.339304,0,0,0
80.33,0.321369,0,0,0
80.335,0.316653,0,0,0
80.34,0.327069,0,0,0
80.345,0.339757,0,0,0
80.35,0.339187,0,0,0
80.355,0.335878,0,0,0
80.36,0.317024,0,0,0
80.365,0.319338,0,0,0
80.37,0.313917,0,0,0
80.375,0.310805,0,0,0
80.38,0.314917,0,0,0
80.385,0.309969,0,0,0
80.39,0.31265,0,0,0
80.395,0.320303,0,0,0
80.4,0.327508,0,0,0
80.405,0.318131,0,0,0
80.41,0.313107,0,0,0
80.415,0.318039,0,0,0
80.42,0.32816,0,0,0
80.425,0.330281,0,0,0
80.43,0.31792,0,0,0
80.435,0.311175,0,0,0
80.44,0.316756,0,0,0
80.445,0.337095,0,0,0
80.45,0.338916,0,0,0
80.455,0.336512,0,0,0
80.46,0.331642,0,0,0
80.465,0.321452,0,0,0
80.47,0.31945,0,0,0
80.475,0.315508,0,0,0
80.48,0.303808,0,0,0
80.485,0.297105,0,0,0
80.49,0.305685,0,0,0
80.495,0.312165,0,0,0
80.5,0.316486,0,0,0
80.505,0.315261,0,0,0
80.51,0.313781,0,0,0
80.515,0.315119,0,0,0
80.52,0.351807,0,0,0
80.525,0.359215,0,0,0
80.53,0.358899,0,0,0
80.535,0.340267,0,0,0
80.54,0.330613,0,0,0
80.545,0.33443,0,0,0
80.55,0.348346,0,0,0
80.555,0.331923,0,0,0
80.56,0.313949,0,0,0
80.565,0.311007,0,0,0
80.57,0.318741,0,0,0
80.575,0.323788,0,0,0
80.58,0.31753,0,0,0
80.585,0.312626,0,0,0
80.59,0.306871,0,0,0
80.595,0.317573,0,0,0
80.6,0.316298,0,0,0
80.605,0.321854,0,0,0
80.61,0.321025,0,0,0
80.615,0.320535,0,0,0
80.62,0.318718,0,0,0
80.625,0.312029,0,0,0
80.63,0.313562,0,0,0
80.635,0.313299,0,0,0
80.64,0.31873,0,0,0
80.645,0.330367,0,0,0
80.65,0.333814,0,0,0
80.655,0.342426,0,0,0
80.66,0.336736,0,0,0
80.665,0.342772,0,0,0
80.67,0.349341,0,0,0
80.675,0.361297,0,0,0
80.68,0.369206,0,0,0
80.685,0.369913,0,0,0
80.69,0.37008,0,0,0
80.695,0.368285,0,0,0
80.7,0.351031,0,0,0
80.705,0.353055,0,0,0
80.71,0.344955,0,0,0
80.715,0.346745,0,0,0
80.72,0.368233,0,0,0
80.725,0.368995,0,0,0
80.73,0.380501,0,0,0
80.735,0.371463,0,0,0
80.74,0.37957,0,0,0
80.745,0.383258,0,0,0
80.75,0.389538,0,0,0
80.755,0.375215,0,0,0
80.76,0.377722,0,0,0
80.765,0.374898,0,0,0
80.77,0.390881,0,0,0
80.775,0.390398,0,0,0
80.78,0.394591,0,0,0
80.785,0.389025,0,0,0
80.79,0.393298,0,0,0
80.795,0.387023,0,0,0
80.8,0.387521,0,0,0
80.805,0.377661,0,0,0
80.81,0.382143,0,0,0
80.815,0.380861,0,0,0
80.82,0.399727,0,0,0
80.825,0.405165,0,0,0
80.83,0.418799,0,0,0
80.835,0.405467,0,0,0
80.84,0.397238,0,0,0
80.845,0.396896,0,0,0
80.85,0.408213,0,0,0
80.855,0.422655,0,0,0
80.86,0.422773,0,0,0
80.865,0.421889,0,0,0
80.87,0.407061,0,0,0
80.875,0.39779,0,0,0
80.88,0.389479,0,0,0
80.885,0.383924,0,0,0
80.89,0.380219,0,0,0
80.895,0.377924,0,0,0
80.9,0.377675,0,0,0
80.905,0.389446,0,0,0
80.91,0.389494,0,0,0
80.915,0.389922,0,0,0
80.92,0.377627,0,0,0
80.925,0.381588,0,0,0
80.93,0.387569,0,0,0
80.935,0.38606,0,0,0
80.94,0.385841,0,0,0
80.945,0.375072,0,0,0
80.95,0.386988,0,0,0
80.955,0.399562,0,0,0
80.96,0.413208,0,0,0
80.965,0.416148,0,0,0
80.97,0.408632,0,0,0
80.975,0.41435,0,0,0
80.98,0.413776,0,0,0
80.985,0.408112,0,0,0
80.99,0.399449,0,0,0
80.995,0.393607,0,0,0
81,0.376975,0,0,0
81.005,0.382723,0,0,0
81.01,0.377458,0,0,0
81.015,0.382454,0,0,0
81.02,0.367787,0,0,0
81.025,0.372285,0,0,0
81.03,0.360946,0,0,0
81.035,0.370468,0,0,0
81.04,0.377352,0,0,0
81.045,0.376912,0,0,0
81.05,0.37923,0,0,0
81.055,0.372382,0,0,0
81.06,0.370829,0,0,0
81.065,0.370817,0,0,0
81.07,0.376706,0,0,0
81.075,0.382885,0,0,0
81.08,0.392241,0,0,0
81.085,0.397469,0,0,0
81.09,0.398975,0,0,0
81.095,0.381625,0,0,0
81.1,0.385565,0,0,0
81.105,0.372803,0,0,0
81.11,0.371222,0,0,0
81.115,0.36242,0,0,0
81.12,0.368351,0,0,0
81.125,0.352992,0,0,0
81.13,0.351544,0,0,0
81.135,0.342549,0,0,0
81.14,0.340885,0,0,0
81.145,0.345787,0,0,0
81.15,0.337374,0,0,0
81.155,0.339024,0,0,0
81.16,0.354424,0,0,0
81.165,0.372566,0,0,0
81.17,0.389071,0,0,0
81.175,0.371172,0,0,0
81.18,0.357951,0,0,0
81.185,0.361354,0,0,0
81.19,0.364453,0,0,0
81.195,0.364127,0,0,0
81.2,0.349522,0,0,0
81.205,0.345125,0,0,0
81.21,0.360763,0,0,0
81.215,0.361886,0,0,0
81.22,0.363198,0,0,0
81.225,0.348532,0,0,0
81.23,0.331452,0,0,0
81.235,0.323904,0,0,0
81.24,0.326566,0,0,0
81.245,0.340388,0,0,0
81.25,0.340917,0,0,0
81.255,0.336312,0,0,0
81.26,0.335184,0,0,0
81.265,0.338582,0,0,0
81.27,0.347266,0,0,0
81.275,0.341249,0,0,0
81.28,0.337045,0,0,0
81.285,0.336894,0,0,0
81.29,0.344795,0,0,0
81.295,0.338854,0,0,0
81.3,0.330189,0,0,0
81.305,0.318929,0,0,0
81.31,0.325926,0,0,0
81.315,0.343465,0,0,0
81.32,0.344859,0,0,0
81.325,0.336704,0,0,0
81.33,0.340989,0,0,0
81.335,0.337492,0,0,0
81.34,0.328788,0,0,0
81.345,0.316194,0,0,0
81.35,0.307734,0,0,0
81.355,0.316164,0,0,0
81.36,0.318718,0,0,0
81.365,0.311339,0,0,0
81.37,0.308274,0,0,0
81.375,0.295336,0,0,0
81.38,0.296659,0,0,0
81.385,0.298841,0,0,0
81.39,0.308052,0,0,0
81.395,0.325606,0,0,0
81.4,0.32524,0,0,0
81.405,0.311221,0,0,0
81.41,0.326603,0,0,0
81.415,0.324116,0,0,0
81.42,0.33951,0,0,0
81.425,0.336728,0,0,0
81.43,0.334161,0,0,0
81.435,0.33006,0,0,0
81.44,0.312476,0,0,0
81.445,0.300776,0,0,0
81.45,0.292972,0,0,0
81.455,0.297763,0,0,0
81.46,0.296027,0,0,0
81.465,0.281086,0,0,0
81.47,0.287218,0,0,0
81.475,0.303402,0,0,0
81.48,0.311649,0,0,0
81.485,0.318844,0,0,0
81.49,0.309686,0,0,0
81.495,0.311115,0,0,0
81.5,0.305908,0,0,0
81.505,0.299333,0,0,0
81.51,0.299443,0,0,0
81.515,0.314419,0,0,0
81.52,0.320421,0,0,0
81.525,0.307154,0,0,0
81.53,0.299926,0,0,0
81.535,0.301213,0,0,0
81.54,0.309884,0,0,0
81.545,0.317139,0,0,0
81.55,0.321677,0,0,0
81.555,0.322982,0,0,0
81.56,0.311978,0,0,0
81.565,0.312286,0,0,0
81.57,0.303098,0,0,0
81.575,0.316052,0,0,0
81.58,0.312339,0,0,0
81.585,0.306379,0,0,0
81.59,0.290252,0,0,0
81.595,0.288665,0,0,0
81.6,0.300604,0,0,0
81.605,0.319165,0,0,0
81.61,0.331727,0,0,0
81.615,0.342783,0,0,0
81.62,0.334995,0,0,0
81.625,0.327707,0,0,0
81.63,0.319203,0,0,0
81.635,0.313714,0,0,0
81.64,0.309096,0,0,0
81.645,0.311246,0,0,0
81.65,0.307191,0,0,0
81.655,0.300543,0,0,0
81.66,0.295824,0,0,0
81.665,0.28928,0,0,0
81.67,0.284357,0,0,0
81.675,0.284458,0,0,0
81.68,0.296483,0,0,0
81.685,0.303923,0,0,0
81.69,0.322284,0,0,0
81.695,0.325357,0,0,0
81.7,0.334563,0,0,0
81.705,0.325636,0,0,0
81.71,0.316365,0,0,0
81.715,0.301769,0,0,0
81.72,0.308231,0,0,0
81.725,0.308253,0,0,0
81.73,0.311132,0,0,0
81.735,0.313684,0,0,0
81.74,0.323131,0,0,0
81.745,0.33622,0,0,0
81.75,0.332763,0,0,0
81.755,0.32872,0,0,0
81.76,0.309981,0,0,0
81.765,0.298909,0,0,0
81.77,0.287241,0,0,0
81.775,0.277691,0,0,0
81.78,0.272677,0,0,0
81.785,0.274185,0,0,0
81.79,0.27843,0,0,0
81.795,0.284248,0,0,0
81.8,0.298605,0,0,0
81.805,0.3085,0,0,0
81.81,0.301616,0,0,0
81.815,0.302239,0,0,0
81.82,0.2939,0,0,0
81.825,0.296314,0,0,0
81.83,0.304525,0,0,0
81.835,0.302994,0,0,0
81.84,0.320841,0,0,0
81.845,0.316872,0,0,0
81.85,0.305329,0,0,0
81.855,0.284118,0,0,0
81.86,0.281916,0,0,0
81.865,0.288559,0,0,0
81.87,0.302837,0,0,0
81.875,0.304683,0,0,0
81.88,0.298981,0,0,0
81.885,0.301994,0,0,0
81.89,0.293819,0,0,0
81.895,0.294075,0,0,0
81.9,0.2956,0,0,0
81.905,0.284895,0,0,0
81.91,0.280333,0,0,0
81.915,0.27044,0,0,0
81.92,0.264553,0,0,0
81.925,0.292506,0,0,0
81.93,0.307747,0,0,0
81.935,0.324026,0,0,0
81.94,0.316695,0,0,0
81.945,0.314697,0,0,0
81.95,0.317601,0,0,0
81.955,0.313594,0,0,0
81.96,0.31829,0,0,0
81.965,0.311234,0,0,0
81.97,0.307954,0,0,0
81.975,0.306702,0,0,0
81.98,0.299975,0,0,0
81.985,0.287323,0,0,0
81.99,0.275921,0,0,0
81.995,0.269852,0,0,0
82,0.272658,0,0,0
82.005,0.279317,0,0,0
82.01,0.295471,0,0,0
82.015,0.304414,0,0,0
82.02,0.309916,0,0,0
82.025,0.301585,0,0,0
82.03,0.30132,0,0,0
82.035,0.295934,0,0,0
82.04,0.299144,0,0,0
82.045,0.302935,0,0,0
82.05,0.306564,0,0,0
82.055,0.311897,0,0,0
82.06,0.300847,0,0,0
82.065,0.298024,0,0,0
82.07,0.291934,0,0,0
82.075,0.287667,0,0,0
82.08,0.29736,0,0,0
82.085,0.299263,0,0,0
82.09,0.305089,0,0,0
82.095,0.31255,0,0,0
82.1,0.303046,0,0,0
82.105,0.298985,0,0,0
82.11,0.302789,0,0,0
82.115,0.307193,0,0,0
82.12,0.304905,0,0,0
82.125,0.301763,0,0,0
82.13,0.301963,0,0,0
82.135,0.304066,0,0,0
82.14,0.294101,0,0,0
82.145,0.30132,0,0,0
82.15,0.310525,0,0,0
82.155,0.32819,0,0,0
82.16,0.333296,0,0,0
82.165,0.322938,0,0,0
82.17,0.316478,0,0,0
82.175,0.324666,0,0,0
82.18,0.325489,0,0,0
82.185,0.336102,0,0,0
82.19,0.338145,0,0,0
82.195,0.337161,0,0,0
82.2,0.313103,0,0,0
82.205,0.294217,0,0,0
82.21,0.283997,0,0,0
82.215,0.286784,0,0,0
82.22,0.29697,0,0,0
82.225,0.291316,0,0,0
82.23,0.289855,0,0,0
82.235,0.284156,0,0,0
82.24,0.284636,0,0,0
82.245,0.28521,0,0,0
82.25,0.288802,0,0,0
82.255,0.277151,0,0,0
82.26,0.269154,0,0,0
82.265,0.266818,0,0,0
82.27,0.279109,0,0,0
82.275,0.296107,0,0,0
82.28,0.30063,0,0,0
82.285,0.298305,0,0,0
82.29,0.29906,0,0,0
82.295,0.308593,0,0,0
82.3,0.306453,0,0,0
82.305,0.306939,0,0,0
82.31,0.3021,0,0,0
82.315,0.303598,0,0,0
82.32,0.301862,0,0,0
82.325,0.293358,0,0,0
82.33,0.298517,0,0,0
82.335,0.295913,0,0,0
82.34,0.304982,0,0,0
82.345,0.309532,0,0,0
82.35,0.308225,0,0,0
82.355,0.298188,0,0,0
82.36,0.300049,0,0,0
82.365,0.296462,0,0,0
82.37,0.297412,0,0,0
82.375,0.28953,0,0,0
82.38,0.279375,0,0,0
82.385,0.286461,0,0,0
82.39,0.299127,0,0,0
82.395,0.311194,0,0,0
82.4,0.3157,0,0,0
82.405,0.324029,0,0,0
82.41,0.312755,0,0,0
82.415,0.300683,0,0,0
82.42,0.285652,0,0,0
82.425,0.279077,0,0,0
82.43,0.268424,0,0,0
82.435,0.274286,0,0,0
82.44,0.270649,0,0,0
82.445,0.277253,0,0,0
82.45,0.277446,0,0,0
82.455,0.281782,0,0,0
82.46,0.280704,0,0,0
82.465,0.286789,0,0,0
82.47,0.312238,0,0,0
82.475,0.33167,0,0,0
82.48,0.339995,0,0,0
82.485,0.332193,0,0,0
82.49,0.308123,0,0,0
82.495,0.293856,0,0,0
82.5,0.288039,0,0,0
82.505,0.287687,0,0,0
82.51,0.289601,0,0,0
82.515,0.287231,0,0,0
82.52,0.273747,0,0,0
82.525,0.270137,0,0,0
82.53,0.294068,0,0,0
82.535,0.303855,0,0,0
82.54,0.311405,0,0,0
82.545,0.309175,0,0,0
82.55,0.308349,0,0,0
82.555,0.30147,0,0,0
82.56,0.292514,0,0,0
82.565,0.287394,0,0,0
82.57,0.283252,0,0,0
82.575,0.291982,0,0,0
82.58,0.293515,0,0,0
82.585,0.289017,0,0,0
82.59,0.295463,0,0,0
82.595,0.291359,0,0,0
82.6,0.297838,0,0,0
82.605,0.294777,0,0,0
82.61,0.295266,0,0,0
82.615,0.299654,0,0,0
82.62,0.309691,0,0,0
82.625,0.312957,0,0,0
82.63,0.320177,0,0,0
82.635,0.322405,0,0,0
82.64,0.315282,0,0,0
82.645,0.305743,0,0,0
82.65,0.294997,0,0,0
82.655,0.291614,0,0,0
82.66,0.299742,0,0,0
82.665,0.287997,0,0,0
82.67,0.293155,0,0,0
82.675,0.293719,0,0,0
82.68,0.287255,0,0,0
82.685,0.276137,0,0,0
82.69,0.272247,0,0,0
82.695,0.272959,0,0,0
82.7,0.288868,0,0,0
82.705,0.289027,0,0,0
82.71,0.276488,0,0,0
82.715,0.282468,0,0,0
82.72,0.290293,0,0,0
82.725,0.298383,0,0,0
82.73,0.302518,0,0,0
82.735,0.307843,0,0,0
82.74,0.29942,0,0,0
82.745,0.297312,0,0,0
82.75,0.286442,0,0,0
82.755,0.279119,0,0,0
82.76,0.278087,0,0,0
82.765,0.284823,0,0,0
82.77,0.286424,0,0,0
82.775,0.308357,0,0,0
82.78,0.310404,0,0,0
82.785,0.31369,0,0,0
82.79,0.310948,0,0,0
82.795,0.310336,0,0,0
82.8,0.314119,0,0,0
82.805,0.317067,0,0,0
82.81,0.307628,0,0,0
82.815,0.303867,0,0,0
82.82,0.301394,0,0,0
82.825,0.303864,0,0,0
82.83,0.298909,0,0,0
82.835,0.290335,0,0,0
82.84,0.283592,0,0,0
82.845,0.298574,0,0,0
82.85,0.293801,0,0,0
82.855,0.290477,0,0,0
82.86,0.283216,0,0,0
82.865,0.273564,0,0,0
82.87,0.277705,0,0,0
82.875,0.275022,0,0,0
82.88,0.266869,0,0,0
82.885,0.258691,0,0,0
82.89,0.259222,0,0,0
82.895,0.249885,0,0,0
82.9,0.269894,0,0,0
82.905,0.279746,0,0,0
82.91,0.279148,0,0,0
82.915,0.281428,0,0,0
82.92,0.290186,0,0,0
82.925,0.28707,0,0,0
82.93,0.293587,0,0,0
82.935,0.293324,0,0,0
82.94,0.290897,0,0,0
82.945,0.298621,0,0,0
82.95,0.304856,0,0,0
82.955,0.297814,0,0,0
82.96,0.293835,0,0,0
82.965,0.290273,0,0,0
82.97,0.286554,0,0,0
82.975,0.281854,0,0,0
82.98,0.288072,0,0,0
82.985,0.297608,0,0,0
82.99,0.30498,0,0,0
82.995,0.303237,0,0,0
83,0.287703,0,0,0
83.005,0.281,0,0,0
83.01,0.290593,0,0,0
83.015,0.285432,0,0,0
83.02,0.280726,0,0,0
83.025,0.269101,0,0,0
83.03,0.269472,0,0,0
83.035,0.286341,0,0,0
83.04,0.305374,0,0,0
83.045,0.311045,0,0,0
83.05,0.321852,0,0,0
83.055,0.327333,0,0,0
83.06,0.320637,0,0,0
83.065,0.309942,0,0,0
83.07,0.306179,0,0,0
83.075,0.296202,0,0,0
83.08,0.304073,0,0,0
83.085,0.301453,0,0,0
83.09,0.297724,0,0,0
83.095,0.300604,0,0,0
83.1,0.296521,0,0,0
83.105,0.293817,0,0,0
83.11,0.299173,0,0,0
83.115,0.300759,0,0,0
83.12,0.302909,0,0,0
83.125,0.292765,0,0,0
83.13,0.284436,0,0,0
83.135,0.290975,0,0,0
83.14,0.31032,0,0,0
83.145,0.31879,0,0,0
83.15,0.315617,0,0,0
83.155,0.302438,0,0,0
83.16,0.288965,0,0,0
83.165,0.293297,0,0,0
83.17,0.293263,0,0,0
83.175,0.283198,0,0,0
83.18,0.292907,0,0,0
83.185,0.293639,0,0,0
83.19,0.299588,0,0,0
83.195,0.29441,0,0,0
83.2,0.277287,0,0,0
83.205,0.285407,0,0,0
83.21,0.277346,0,0,0
83.215,0.279258,0,0,0
83.22,0.282005,0,0,0
83.225,0.286073,0,0,0
83.23,0.305758,0,0,0
83.235,0.313752,0,0,0
83.24,0.30079,0,0,0
83.245,0.295903,0,0,0
83.25,0.284493,0,0,0
83.255,0.29313,0,0,0
83.26,0.293268,0,0,0
83.265,0.286744,0,0,0
83.27,0.290333,0,0,0
83.275,0.293823,0,0,0
83.28,0.301989,0,0,0
83.285,0.307903,0,0,0
83.29,0.292187,0,0,0
83.295,0.286776,0,0,0
83.3,0.276051,0,0,0
83.305,0.27747,0,0,0
83.31,0.276897,0,0,0
83.315,0.278481,0,0,0
83.32,0.274948,0,0,0
83.325,0.278953,0,0,0
83.33,0.28971,0,0,0
83.335,0.297706,0,0,0
83.34,0.29499,0,0,0
83.345,0.291811,0,0,0
83.35,0.289452,0,0,0
83.355,0.291912,0,0,0
83.36,0.288141,0,0,0
83.365,0.287378,0,0,0
83.37,0.289231,0,0,0
83.375,0.287063,0,0,0
83.38,0.289233,0,0,0
83.385,0.275806,0,0,0
83.39,0.257103,0,0,0
83.395,0.26009,0,0,0
83.4,0.26925,0,0,0
83.405,0.287279,0,0,0
83.41,0.296097,0,0,0
83.415,0.301377,0,0,0
83.42,0.307426,0,0,0
83.425,0.313923,0,0,0
83.43,0.315928,0,0,0
83.435,0.302097,0,0,0
83.44,0.300276,0,0,0
83.445,0.281323,0,0,0
83.45,0.279994,0,0,0
83.455,0.280604,0,0,0
83.46,0.279104,0,0,0
83.465,0.279696,0,0,0
83.47,0.275621,0,0,0
83.475,0.269112,0,0,0
83.48,0.279473,0,0,0
83.485,0.281335,0,0,0
83.49,0.277541,0,0,0
83.495,0.270038,0,0,0
83.5,0.262892,0,0,0
83.505,0.263044,0,0,0
83.51,0.263308,0,0,0
83.515,0.255401,0,0,0
83.52,0.252143,0,0,0
83.525,0.260813,0,0,0
83.53,0.274621,0,0,0
83.535,0.283015,0,0,0
83.54,0.27962,0,0,0
83.545,0.278402,0,0,0
83.55,0.285054,0,0,0
83.555,0.293444,0,0,0
83.56,0.291631,0,0,0
83.565,0.295608,0,0,0
83.57,0.2856,0,0,0
83.575,0.276454,0,0,0
83.58,0.271911,0,0,0
83.585,0.27914,0,0,0
83.59,0.29264,0,0,0
83.595,0.283929,0,0,0
83.6,0.283661,0,0,0
83.605,0.284037,0,0,0
83.61,0.291682,0,0,0
83.615,0.297514,0,0,0
83.62,0.286982,0,0,0
83.625,0.290229,0,0,0
83.63,0.293395,0,0,0
83.635,0.30366,0,0,0
83.64,0.31368,0,0,0
83.645,0.315218,0,0,0
83.65,0.317974,0,0,0
83.655,0.313381,0,0,0
83.66,0.31139,0,0,0
83.665,0.296486,0,0,0
83.67,0.28441,0,0,0
83.675,0.287139,0,0,0
83.68,0.291542,0,0,0
83.685,0.29943,0,0,0
83.69,0.301837,0,0,0
83.695,0.296814,0,0,0
83.7,0.298457,0,0,0
83.705,0.300983,0,0,0
83.71,0.308078,0,0,0
83.715,0.312329,0,0,0
83.72,0.308619,0,0,0
83.725,0.296162,0,0,0
83.73,0.272794,0,0,0
83.735,0.269917,0,0,0
83.74,0.267439,0,0,0
83.745,0.271862,0,0,0
83.75,0.274983,0,0,0
83.755,0.274341,0,0,0
83.76,0.270883,0,0,0
83.765,0.26779,0,0,0
83.77,0.275371,0,0,0
83.775,0.286587,0,0,0
83.78,0.284833,0,0,0
83.785,0.278081,0,0,0
83.79,0.264977,0,0,0
83.795,0.262265,0,0,0
83.8,0.275139,0,0,0
83.805,0.270489,0,0,0
83.81,0.273479,0,0,0
83.815,0.283276,0,0,0
83.82,0.290188,0,0,0
83.825,0.291643,0,0,0
83.83,0.286898,0,0,0
83.835,0.272053,0,0,0
83.84,0.2744,0,0,0
83.845,0.273993,0,0,0
83.85,0.27012,0,0,0
83.855,0.266708,0,0,0
83.86,0.269481,0,0,0
83.865,0.273373,0,0,0
83.87,0.27105,0,0,0
83.875,0.268366,0,0,0
83.88,0.271615,0,0,0
83.885,0.283388,0,0,0
83.89,0.289737,0,0,0
83.895,0.277713,0,0,0
83.9,0.263051,0,0,0
83.905,0.247083,0,0,0
83.91,0.249306,0,0,0
83.915,0.250171,0,0,0
83.92,0.259514,0,0,0
83.925,0.267618,0,0,0
83.93,0.290689,0,0,0
83.935,0.2949,0,0,0
83.94,0.302585,0,0,0
83.945,0.289612,0,0,0
83.95,0.27482,0,0,0
83.955,0.264787,0,0,0
83.96,0.258142,0,0,0
83.965,0.259322,0,0,0
83.97,0.268893,0,0,0
83.975,0.272083,0,0,0
83.98,0.276529,0,0,0
83.985,0.270071,0,0,0
83.99,0.270417,0,0,0
83.995,0.266769,0,0,0
84,0.272019,0,0,0
84.005,0.27375,0,0,0
84.01,0.270621,0,0,0
84.015,0.270508,0,0,0
84.02,0.275333,0,0,0
84.025,0.279794,0,0,0
84.03,0.286445,0,0,0
84.035,0.277572,0,0,0
84.04,0.268148,0,0,0
84.045,0.270911,0,0,0
84.05,0.271771,0,0,0
84.055,0.27535,0,0,0
84.06,0.259848,0,0,0
84.065,0.243431,0,0,0
84.07,0.240178,0,0,0
84.075,0.255204,0,0,0
84.08,0.269603,0,0,0
84.085,0.268868,0,0,0
84.09,0.277606,0,0,0
84.095,0.280191,0,0,0
84.1,0.284333,0,0,0
84.105,0.282886,0,0,0
84.11,0.278373,0,0,0
84.115,0.279783,0,0,0
84.12,0.284224,0,0,0
84.125,0.279666,0,0,0
84.13,0.275018,0,0,0
84.135,0.272695,0,0,0
84.14,0.271582,0,0,0
84.145,0.269567,0,0,0
84.15,0.26689,0,0,0
84.155,0.27549,0,0,0
84.16,0.277341,0,0,0
84.165,0.282269,0,0,0
84.17,0.284311,0,0,0
84.175,0.273671,0,0,0
84.18,0.271091,0,0,0
84.185,0.278091,0,0,0
84.19,0.274513,0,0,0
84.195,0.270678,0,0,0
84.2,0.261172,0,0,0
84.205,0.261372,0,0,0
84.21,0.270686,0,0,0
84.215,0.285237,0,0,0
84.22,0.294267,0,0,0
84.225,0.287308,0,0,0
84.23,0.275223,0,0,0
84.235,0.269257,0,0,0
84.24,0.282576,0,0,0
84.245,0.288988,0,0,0
84.25,0.290791,0,0,0
84.255,0.274297,0,0,0
84.26,0.272161,0,0,0
84.265,0.275861,0,0,0
84.27,0.278035,0,0,0
84.275,0.262449,0,0,0
84.28,0.252276,0,0,0
84.285,0.24487,0,0,0
84.29,0.251144,0,0,0
84.295,0.254416,0,0,0
84.3,0.264652,0,0,0
84.305,0.271058,0,0,0
84.31,0.273592,0,0,0
84.315,0.274629,0,0,0
84.32,0.266496,0,0,0
84.325,0.263258,0,0,0
84.33,0.278943,0,0,0
84.335,0.289445,0,0,0
84.34,0.293407,0,0,0
84.345,0.292286,0,0,0
84.35,0.279424,0,0,0
84.355,0.276202,0,0,0
84.36,0.280873,0,0,0
84.365,0.278988,0,0,0
84.37,0.274818,0,0,0
84.375,0.277798,0,0,0
84.38,0.289487,0,0,0
84.385,0.297097,0,0,0
84.39,0.295584,0,0,0
84.395,0.286601,0,0,0
84.4,0.276124,0,0,0
84.405,0.274518,0,0,0
84.41,0.269704,0,0,0
84.415,0.27216,0,0,0
84.42,0.260797,0,0,0
84.425,0.262017,0,0,0
84.43,0.25908,0,0,0
84.435,0.25963,0,0,0
84.44,0.259497,0,0,0
84.445,0.258963,0,0,0
84.45,0.258384,0,0,0
84.455,0.266948,0,0,0
84.46,0.260043,0,0,0
84.465,0.249854,0,0,0
84.47,0.250423,0,0,0
84.475,0.252286,0,0,0
84.48,0.252687,0,0,0
84.485,0.239749,0,0,0
84.49,0.234488,0,0,0
84.495,0.241203,0,0,0
84.5,0.251177,0,0,0
84.505,0.251748,0,0,0
84.51,0.254101,0,0,0
84.515,0.261724,0,0,0
84.52,0.27527,0,0,0
84.525,0.283229,0,0,0
84.53,0.286453,0,0,0
84.535,0.283108,0,0,0
84.54,0.269153,0,0,0
84.545,0.265254,0,0,0
84.55,0.260119,0,0,0
84.555,0.265033,0,0,0
84.56,0.263679,0,0,0
84.565,0.253125,0,0,0
84.57,0.258935,0,0,0
84.575,0.257939,0,0,0
84.58,0.265127,0,0,0
84.585,0.270008,0,0,0
84.59,0.260894,0,0,0
84.595,0.255909,0,0,0
84.6,0.259771,0,0,0
84.605,0.266659,0,0,0
84.61,0.268266,0,0,0
84.615,0.272963,0,0,0
84.62,0.265152,0,0,0
84.625,0.263304,0,0,0
84.63,0.248458,0,0,0
84.635,0.245175,0,0,0
84.64,0.239546,0,0,0
84.645,0.252605,0,0,0
84.65,0.261072,0,0,0
84.655,0.262282,0,0,0
84.66,0.257678,0,0,0
84.665,0.251713,0,0,0
84.67,0.250268,0,0,0
84.675,0.24281,0,0,0
84.68,0.235559,0,0,0
84.685,0.242206,0,0,0
84.69,0.247388,0,0,0
84.695,0.251995,0,0,0
84.7,0.270532,0,0,0
84.705,0.2705,0,0,0
84.71,0.273136,0,0,0
84.715,0.261623,0,0,0
84.72,0.249402,0,0,0
84.725,0.248242,0,0,0
84.73,0.250455,0,0,0
84.735,0.258976,0,0,0
84.74,0.274166,0,0,0
84.745,0.290674,0,0,0
84.75,0.285245,0,0,0
84.755,0.286842,0,0,0
84.76,0.280737,0,0,0
84.765,0.268925,0,0,0
84.77,0.272125,0,0,0
84.775,0.256885,0,0,0
84.78,0.258933,0,0,0
84.785,0.259221,0,0,0
84.79,0.257674,0,0,0
84.795,0.264978,0,0,0
84.8,0.270699,0,0,0
84.805,0.267862,0,0,0
84.81,0.266684,0,0,0
84.815,0.258539,0,0,0
84.82,0.251142,0,0,0
84.825,0.240902,0,0,0
84.83,0.237681,0,0,0
84.835,0.239116,0,0,0
84.84,0.255678,0,0,0
84.845,0.277339,0,0,0
84.85,0.272148,0,0,0
84.855,0.273916,0,0,0
84.86,0.258446,0,0,0
84.865,0.259004,0,0,0
84.87,0.271876,0,0,0
84.875,0.267557,0,0,0
84.88,0.265388,0,0,0
84.885,0.265349,0,0,0
84.89,0.256929,0,0,0
84.895,0.263186,0,0,0
84.9,0.259111,0,0,0
84.905,0.267383,0,0,0
84.91,0.269433,0,0,0
84.915,0.260975,0,0,0
84.92,0.255991,0,0,0
84.925,0.252605,0,0,0
84.93,0.25166,0,0,0
84.935,0.254543,0,0,0
84.94,0.249738,0,0,0
84.945,0.270897,0,0,0
84.95,0.292613,0,0,0
84.955,0.298779,0,0,0
84.96,0.292911,0,0,0
84.965,0.274377,0,0,0
84.97,0.26569,0,0,0
84.975,0.260666,0,0,0
84.98,0.241391,0,0,0
84.985,0.23317,0,0,0
84.99,0.235096,0,0,0
84.995,0.243871,0,0,0
85,0.249327,0,0,0
85.005,0.250902,0,0,0
85.01,0.251608,0,0,0
85.015,0.261775,0,0,0
85.02,0.265576,0,0,0
85.025,0.281253,0,0,0
85.03,0.282828,0,0,0
85.035,0.266089,0,0,0
85.04,0.267777,0,0,0
85.045,0.258217,0,0,0
85.05,0.261761,0,0,0
85.055,0.265737,0,0,0
85.06,0.249425,0,0,0
85.065,0.251317,0,0,0
85.07,0.252995,0,0,0
85.075,0.248994,0,0,0
85.08,0.236644,0,0,0
85.085,0.222588,0,0,0
85.09,0.223874,0,0,0
85.095,0.234182,0,0,0
85.1,0.250997,0,0,0
85.105,0.255258,0,0,0
85.11,0.252955,0,0,0
85.115,0.258613,0,0,0
85.12,0.256036,0,0,0
85.125,0.260031,0,0,0
85.13,0.261768,0,0,0
85.135,0.259879,0,0,0
85.14,0.258473,0,0,0
85.145,0.240271,0,0,0
85.15,0.22541,0,0,0
85.155,0.21675,0,0,0
85.16,0.229687,0,0,0
85.165,0.235417,0,0,0
85.17,0.252651,0,0,0
85.175,0.248101,0,0,0
85.18,0.251634,0,0,0
85.185,0.253281,0,0,0
85.19,0.248764,0,0,0
85.195,0.244242,0,0,0
85.2,0.249544,0,0,0
85.205,0.252105,0,0,0
85.21,0.250277,0,0,0
85.215,0.258731,0,0,0
85.22,0.263787,0,0,0
85.225,0.260849,0,0,0
85.23,0.276012,0,0,0
85.235,0.262675,0,0,0
85.24,0.266655,0,0,0
85.245,0.273226,0,0,0
85.25,0.26813,0,0,0
85.255,0.274787,0,0,0
85.26,0.279127,0,0,0
85.265,0.280943,0,0,0
85.27,0.273806,0,0,0
85.275,0.269873,0,0,0
85.28,0.257898,0,0,0
85.285,0.26717,0,0,0
85.29,0.262952,0,0,0
85.295,0.250815,0,0,0
85.3,0.239654,0,0,0
85.305,0.232614,0,0,0
85.31,0.240911,0,0,0
85.315,0.258018,0,0,0
85.32,0.255612,0,0,0
85.325,0.263391,0,0,0
85.33,0.261547,0,0,0
85.335,0.271415,0,0,0
85.34,0.273509,0,0,0
85.345,0.263382,0,0,0
85.35,0.258526,0,0,0
85.355,0.259928,0,0,0
85.36,0.270726,0,0,0
85.365,0.27662,0,0,0
85.37,0.279729,0,0,0
85.375,0.284328,0,0,0
85.38,0.287322,0,0,0
85.385,0.271476,0,0,0
85.39,0.2586,0,0,0
85.395,0.248526,0,0,0
85.4,0.262205,0,0,0
85.405,0.27545,0,0,0
85.41,0.276619,0,0,0
85.415,0.26979,0,0,0
85.42,0.269811,0,0,0
85.425,0.271239,0,0,0
85.43,0.274464,0,0,0
85.435,0.263172,0,0,0
85.44,0.270429,0,0,0
85.445,0.273705,0,0,0
85.45,0.283531,0,0,0
85.455,0.29236,0,0,0
85.46,0.295202,0,0,0
85.465,0.295602,0,0,0
85.47,0.30612,0,0,0
85.475,0.29764,0,0,0
85.48,0.303398,0,0,0
85.485,0.293832,0,0,0
85.49,0.276544,0,0,0
85.495,0.267494,0,0,0
85.5,0.264915,0,0,0
85.505,0.272838,0,0,0
85.51,0.265769,0,0,0
85.515,0.269743,0,0,0
85.52,0.2714,0,0,0
85.525,0.287161,0,0,0
85.53,0.305015,0,0,0
85.535,0.31471,0,0,0
85.54,0.316415,0,0,0
85.545,0.313656,0,0,0
85.55,0.30836,0,0,0
85.555,0.298403,0,0,0
85.56,0.294125,0,0,0
85.565,0.292085,0,0,0
85.57,0.286779,0,0,0
85.575,0.298174,0,0,0
85.58,0.314722,0,0,0
85.585,0.323019,0,0,0
85.59,0.326027,0,0,0
85.595,0.317749,0,0,0
85.6,0.295782,0,0,0
85.605,0.290126,0,0,0
85.61,0.286254,0,0,0
85.615,0.293324,0,0,0
85.62,0.302155,0,0,0
85.625,0.294023,0,0,0
85.63,0.291068,0,0,0
85.635,0.290219,0,0,0
85.64,0.296351,0,0,0
85.645,0.295557,0,0,0
85.65,0.293181,0,0,0
85.655,0.279187,0,0,0
85.66,0.275642,0,0,0
85.665,0.27441,0,0,0
85.67,0.283803,0,0,0
85.675,0.29806,0,0,0
85.68,0.31456,0,0,0
85.685,0.316472,0,0,0
85.69,0.309831,0,0,0
85.695,0.302334,0,0,0
85.7,0.306523,0,0,0
85.705,0.308608,0,0,0
85.71,0.324023,0,0,0
85.715,0.321891,0,0,0
85.72,0.31976,0,0,0
85.725,0.307808,0,0,0
85.73,0.302011,0,0,0
85.735,0.296129,0,0,0
85.74,0.303848,0,0,0
85.745,0.30365,0,0,0
85.75,0.311673,0,0,0
85.755,0.316916,0,0,0
85.76,0.323273,0,0,0
85.765,0.320353,0,0,0
85.77,0.331288,0,0,0
85.775,0.323546,0,0,0
85.78,0.325594,0,0,0
85.785,0.319041,0,0,0
85.79,0.324675,0,0,0
85.795,0.317523,0,0,0
85.8,0.317949,0,0,0
85.805,0.32683,0,0,0
85.81,0.323647,0,0,0
85.815,0.32303,0,0,0
85.82,0.314965,0,0,0
85.825,0.3118,0,0,0
85.83,0.335849,0,0,0
85.835,0.331699,0,0,0
85.84,0.326674,0,0,0
85.845,0.310776,0,0,0
85.85,0.313683,0,0,0
85.855,0.322513,0,0,0
85.86,0.324635,0,0,0
85.865,0.302685,0,0,0
85.87,0.308942,0,0,0
85.875,0.313422,0,0,0
85.88,0.311624,0,0,0
85.885,0.303132,0,0,0
85.89,0.284412,0,0,0
85.895,0.284161,0,0,0
85.9,0.287913,0,0,0
85.905,0.287575,0,0,0
85.91,0.28493,0,0,0
85.915,0.284624,0,0,0
85.92,0.286938,0,0,0
85.925,0.297271,0,0,0
85.93,0.308378,0,0,0
85.935,0.315164,0,0,0
85.94,0.307993,0,0,0
85.945,0.311466,0,0,0
85.95,0.297872,0,0,0
85.955,0.289887,0,0,0
85.96,0.28882,0,0,0
85.965,0.289813,0,0,0
85.97,0.306344,0,0,0
85.975,0.320133,0,0,0
85.98,0.326792,0,0,0
85.985,0.32477,0,0,0
85.99,0.323889,0,0,0
85.995,0.30211,0,0,0
86,0.290388,0,0,0
86.005,0.27042,0,0,0
86.01,0.266451,0,0,0
86.015,0.266501,0,0,0
86.02,0.265148,0,0,0
86.025,0.266869,0,0,0
86.03,0.258603,0,0,0
86.035,0.266115,0,0,0
86.04,0.271623,0,0,0
86.045,0.278887,0,0,0
86.05,0.288344,0,0,0
86.055,0.303072,0,0,0
86.06,0.292356,0,0,0
86.065,0.29279,0,0,0
86.07,0.266265,0,0,0
86.075,0.261779,0,0,0
86.08,0.257699,0,0,0
86.085,0.266594,0,0,0
86.09,0.258981,0,0,0
86.095,0.271024,0,0,0
86.1,0.280721,0,0,0
86.105,0.286364,0,0,0
86.11,0.284037,0,0,0
86.115,0.282025,0,0,0
86.12,0.277903,0,0,0
86.125,0.267287,0,0,0
86.13,0.249919,0,0,0
86.135,0.237108,0,0,0
86.14,0.234001,0,0,0
86.145,0.243998,0,0,0
86.15,0.249122,0,0,0
86.155,0.264047,0,0,0
86.16,0.275753,0,0,0
86.165,0.280658,0,0,0
86.17,0.283685,0,0,0
86.175,0.27755,0,0,0
86.18,0.269381,0,0,0
86.185,0.27024,0,0,0
86.19,0.26593,0,0,0
86.195,0.259443,0,0,0
86.2,0.2535,0,0,0
86.205,0.260268,0,0,0
86.21,0.268005,0,0,0
86.215,0.27,0,0,0
86.22,0.257258,0,0,0
86.225,0.24927,0,0,0
86.23,0.23936,0,0,0
86.235,0.234853,0,0,0
86.24,0.231248,0,0,0
86.245,0.238993,0,0,0
86.25,0.256275,0,0,0
86.255,0.264728,0,0,0
86.26,0.272406,0,0,0
86.265,0.260095,0,0,0
86.27,0.247862,0,0,0
86.275,0.247249,0,0,0
86.28,0.240577,0,0,0
86.285,0.249284,0,0,0
86.29,0.256672,0,0,0
86.295,0.253314,0,0,0
86.3,0.259601,0,0,0
86.305,0.250264,0,0,0
86.31,0.250812,0,0,0
86.315,0.251812,0,0,0
86.32,0.252611,0,0,0
86.325,0.258662,0,0,0
86.33,0.267024,0,0,0
86.335,0.269612,0,0,0
86.34,0.260876,0,0,0
86.345,0.254037,0,0,0
86.35,0.244635,0,0,0
86.355,0.239789,0,0,0
86.36,0.236351,0,0,0
86.365,0.236934,0,0,0
86.37,0.226502,0,0,0
86.375,0.228629,0,0,0
86.38,0.222091,0,0,0
86.385,0.222798,0,0,0
86.39,0.221711,0,0,0
86.395,0.222055,0,0,0
86.4,0.221604,0,0,0
86.405,0.230264,0,0,0
86.41,0.233805,0,0,0
86.415,0.252352,0,0,0
86.42,0.258033,0,0,0
86.425,0.254747,0,0,0
86.43,0.252005,0,0,0
86.435,0.251873,0,0,0
86.44,0.270818,0,0,0
86.445,0.262295,0,0,0
86.45,0.264429,0,0,0
86.455,0.260629,0,0,0
86.46,0.260913,0,0,0
86.465,0.265308,0,0,0
86.47,0.262192,0,0,0
86.475,0.257581,0,0,0
86.48,0.250956,0,0,0
86.485,0.243535,0,0,0
86.49,0.240138,0,0,0
86.495,0.252405,0,0,0
86.5,0.259168,0,0,0
86.505,0.264824,0,0,0
86.51,0.267358,0,0,0
86.515,0.267362,0,0,0
86.52,0.268749,0,0,0
86.525,0.25326,0,0,0
86.53,0.242887,0,0,0
86.535,0.244412,0,0,0
86.54,0.240279,0,0,0
86.545,0.244545,0,0,0
86.55,0.248519,0,0,0
86.555,0.255197,0,0,0
86.56,0.264178,0,0,0
86.565,0.266745,0,0,0
86.57,0.268179,0,0,0
86.575,0.284558,0,0,0
86.58,0.275556,0,0,0
86.585,0.272459,0,0,0
86.59,0.268295,0,0,0
86.595,0.264295,0,0,0
86.6,0.258781,0,0,0
86.605,0.245709,0,0,0
86.61,0.236771,0,0,0
86.615,0.24267,0,0,0
86.62,0.244539,0,0,0
86.625,0.243246,0,0,0
86.63,0.216646,0,0,0
86.635,0.214227,0,0,0
86.64,0.218932,0,0,0
86.645,0.219487,0,0,0
86.65,0.226593,0,0,0
86.655,0.221145,0,0,0
86.66,0.232017,0,0,0
86.665,0.233783,0,0,0
86.67,0.240601,0,0,0
86.675,0.242179,0,0,0
86.68,0.243912,0,0,0
86.685,0.23547,0,0,0
86.69,0.23529,0,0,0
86.695,0.269278,0,0,0
86.7,0.277636,0,0,0
86.705,0.274211,0,0,0
86.71,0.268279,0,0,0
86.715,0.265487,0,0,0
86.72,0.279482,0,0,0
86.725,0.2811,0,0,0
86.73,0.257976,0,0,0
86.735,0.240896,0,0,0
86.74,0.234929,0,0,0
86.745,0.234768,0,0,0
86.75,0.242112,0,0,0
86.755,0.23776,0,0,0
86.76,0.242347,0,0,0
86.765,0.250463,0,0,0
86.77,0.258414,0,0,0
86.775,0.262416,0,0,0
86.78,0.273598,0,0,0
86.785,0.286468,0,0,0
86.79,0.29092,0,0,0
86.795,0.284888,0,0,0
86.8,0.273004,0,0,0
86.805,0.26962,0,0,0
86.81,0.265214,0,0,0
86.815,0.260437,0,0,0
86.82,0.267706,0,0,0
86.825,0.264149,0,0,0
86.83,0.264982,0,0,0
86.835,0.24193,0,0,0
86.84,0.234713,0,0,0
86.845,0.229162,0,0,0
86.85,0.231443,0,0,0
86.855,0.226501,0,0,0
86.86,0.236043,0,0,0
86.865,0.239087,0,0,0
86.87,0.251151,0,0,0
86.875,0.257977,0,0,0
86.88,0.259235,0,0,0
86.885,0.271449,0,0,0
86.89,0.259965,0,0,0
86.895,0.27195,0,0,0
86.9,0.27592,0,0,0
86.905,0.283129,0,0,0
86.91,0.277023,0,0,0
86.915,0.271659,0,0,0
86.92,0.260759,0,0,0
86.925,0.26292,0,0,0
86.93,0.255267,0,0,0
86.935,0.237504,0,0,0
86.94,0.238494,0,0,0
86.945,0.240403,0,0,0
86.95,0.248496,0,0,0
86.955,0.245192,0,0,0
86.96,0.241021,0,0,0
86.965,0.240139,0,0,0
86.97,0.24088,0,0,0
86.975,0.255055,0,0,0
86.98,0.250392,0,0,0
86.985,0.244133,0,0,0
86.99,0.239302,0,0,0
86.995,0.233959,0,0,0
87,0.229417,0,0,0
87.005,0.238869,0,0,0
87.01,0.242913,0,0,0
87.015,0.256808,0,0,0
87.02,0.26781,0,0,0
87.025,0.264417,0,0,0
87.03,0.257336,0,0,0
87.035,0.258069,0,0,0
87.04,0.25678,0,0,0
87.045,0.257181,0,0,0
87.05,0.251539,0,0,0
87.055,0.247421,0,0,0
87.06,0.270489,0,0,0
87.065,0.266071,0,0,0
87.07,0.255426,0,0,0
87.075,0.240187,0,0,0
87.08,0.224586,0,0,0
87.085,0.222593,0,0,0
87.09,0.221029,0,0,0
87.095,0.208054,0,0,0
87.1,0.217342,0,0,0
87.105,0.221239,0,0,0
87.11,0.233699,0,0,0
87.115,0.239432,0,0,0
87.12,0.241283,0,0,0
87.125,0.251235,0,0,0
87.13,0.250629,0,0,0
87.135,0.250739,0,0,0
87.14,0.231545,0,0,0
87.145,0.229971,0,0,0
87.15,0.238017,0,0,0
87.155,0.243129,0,0,0
87.16,0.25244,0,0,0
87.165,0.253089,0,0,0
87.17,0.25549,0,0,0
87.175,0.258769,0,0,0
87.18,0.252856,0,0,0
87.185,0.25476,0,0,0
87.19,0.249625,0,0,0
87.195,0.243012,0,0,0
87.2,0.23802,0,0,0
87.205,0.248805,0,0,0
87.21,0.260809,0,0,0
87.215,0.268506,0,0,0
87.22,0.271854,0,0,0
87.225,0.265751,0,0,0
87.23,0.265085,0,0,0
87.235,0.265199,0,0,0
87.24,0.26173,0,0,0
87.245,0.260471,0,0,0
87.25,0.257376,0,0,0
87.255,0.248384,0,0,0
87.26,0.236011,0,0,0
87.265,0.238424,0,0,0
87.27,0.238285,0,0,0
87.275,0.241303,0,0,0
87.28,0.24025,0,0,0
87.285,0.24013,0,0,0
87.29,0.25128,0,0,0
87.295,0.247665,0,0,0
87.3,0.243948,0,0,0
87.305,0.235116,0,0,0
87.31,0.247395,0,0,0
87.315,0.253357,0,0,0
87.32,0.253196,0,0,0
87.325,0.254555,0,0,0
87.33,0.27038,0,0,0
87.335,0.272485,0,0,0
87.34,0.273868,0,0,0
87.345,0.255442,0,0,0
87.35,0.256511,0,0,0
87.355,0.262406,0,0,0
87.36,0.280765,0,0,0
87.365,0.270619,0,0,0
87.37,0.261258,0,0,0
87.375,0.252073,0,0,0
87.38,0.237967,0,0,0
87.385,0.232882,0,0,0
87.39,0.21991,0,0,0
87.395,0.208332,0,0,0
87.4,0.210005,0,0,0
87.405,0.218407,0,0,0
87.41,0.216087,0,0,0
87.415,0.232038,0,0,0
87.42,0.242754,0,0,0
87.425,0.245855,0,0,0
87.43,0.248624,0,0,0
87.435,0.251261,0,0,0
87.44,0.265344,0,0,0
87.445,0.272087,0,0,0
87.45,0.281609,0,0,0
87.455,0.268703,0,0,0
87.46,0.259419,0,0,0
87.465,0.253305,0,0,0
87.47,0.254129,0,0,0
87.475,0.256712,0,0,0
87.48,0.263799,0,0,0
87.485,0.25949,0,0,0
87.49,0.25308,0,0,0
87.495,0.238672,0,0,0
87.5,0.239366,0,0,0
87.505,0.253783,0,0,0
87.51,0.250305,0,0,0
87.515,0.236265,0,0,0
87.52,0.238334,0,0,0
87.525,0.23641,0,0,0
87.53,0.244328,0,0,0
87.535,0.2268,0,0,0
87.54,0.211899,0,0,0
87.545,0.211306,0,0,0
87.55,0.224075,0,0,0
87.555,0.231766,0,0,0
87.56,0.247097,0,0,0
87.565,0.246725,0,0,0
87.57,0.243737,0,0,0
87.575,0.243004,0,0,0
87.58,0.234987,0,0,0
87.585,0.231265,0,0,0
87.59,0.238974,0,0,0
87.595,0.252144,0,0,0
87.6,0.257598,0,0,0
87.605,0.26776,0,0,0
87.61,0.27485,0,0,0
87.615,0.276945,0,0,0
87.62,0.271947,0,0,0
87.625,0.252061,0,0,0
87.63,0.247115,0,0,0
87.635,0.229902,0,0,0
87.64,0.218012,0,0,0
87.645,0.211946,0,0,0
87.65,0.207296,0,0,0
87.655,0.215211,0,0,0
87.66,0.21996,0,0,0
87.665,0.220278,0,0,0
87.67,0.226542,0,0,0
87.675,0.229223,0,0,0
87.68,0.233762,0,0,0
87.685,0.236822,0,0,0
87.69,0.236981,0,0,0
87.695,0.232996,0,0,0
87.7,0.238701,0,0,0
87.705,0.246117,0,0,0
87.71,0.254372,0,0,0
87.715,0.266741,0,0,0
87.72,0.271894,0,0,0
87.725,0.250131,0,0,0
87.73,0.239574,0,0,0
87.735,0.226718,0,0,0
87.74,0.218574,0,0,0
87.745,0.227929,0,0,0
87.75,0.228263,0,0,0
87.755,0.250603,0,0,0
87.76,0.25679,0,0,0
87.765,0.264827,0,0,0
87.77,0.268062,0,0,0
87.775,0.266956,0,0,0
87.78,0.26343,0,0,0
87.785,0.258155,0,0,0
87.79,0.255749,0,0,0
87.795,0.257802,0,0,0
87.8,0.248077,0,0,0
87.805,0.225399,0,0,0
87.81,0.211727,0,0,0
87.815,0.197572,0,0,0
87.82,0.205824,0,0,0
87.825,0.226471,0,0,0
87.83,0.24611,0,0,0
87.835,0.260367,0,0,0
87.84,0.263054,0,0,0
87.845,0.241549,0,0,0
87.85,0.23102,0,0,0
87.855,0.222249,0,0,0
87.86,0.239824,0,0,0
87.865,0.242796,0,0,0
87.87,0.248382,0,0,0
87.875,0.242106,0,0,0
87.88,0.233917,0,0,0
87.885,0.249153,0,0,0
87.89,0.249808,0,0,0
87.895,0.250716,0,0,0
87.9,0.238161,0,0,0
87.905,0.239287,0,0,0
87.91,0.238411,0,0,0
87.915,0.251647,0,0,0
87.92,0.245056,0,0,0
87.925,0.24976,0,0,0
87.93,0.24998,0,0,0
87.935,0.257326,0,0,0
87.94,0.246685,0,0,0
87.945,0.245241,0,0,0
87.95,0.24505,0,0,0
87.955,0.251726,0,0,0
87.96,0.257001,0,0,0
87.965,0.259965,0,0,0
87.97,0.260015,0,0,0
87.975,0.261745,0,0,0
87.98,0.266367,0,0,0
87.985,0.274303,0,0,0
87.99,0.28041,0,0,0
87.995,0.280182,0,0,0
88,0.272758,0,0,0
88.005,0.266006,0,0,0
88.01,0.261953,0,0,0
88.015,0.265363,0,0,0
88.02,0.271898,0,0,0
88.025,0.26558,0,0,0
88.03,0.24608,0,0,0
88.035,0.238288,0,0,0
88.04,0.247631,0,0,0
88.045,0.237043,0,0,0
88.05,0.237101,0,0,0
88.055,0.235257,0,0,0
88.06,0.231478,0,0,0
88.065,0.228914,0,0,0
88.07,0.222544,0,0,0
88.075,0.22596,0,0,0
88.08,0.255261,0,0,0
88.085,0.266334,0,0,0
88.09,0.255465,0,0,0
88.095,0.247851,0,0,0
88.1,0.230423,0,0,0
88.105,0.236055,0,0,0
88.11,0.23701,0,0,0
88.115,0.226423,0,0,0
88.12,0.229038,0,0,0
88.125,0.224983,0,0,0
88.13,0.222465,0,0,0
88.135,0.217556,0,0,0
88.14,0.216868,0,0,0
88.145,0.218911,0,0,0
88.15,0.235108,0,0,0
88.155,0.235159,0,0,0
88.16,0.235564,0,0,0
88.165,0.248152,0,0,0
88.17,0.25953,0,0,0
88.175,0.258282,0,0,0
88.18,0.254624,0,0,0
88.185,0.239003,0,0,0
88.19,0.245901,0,0,0
88.195,0.244536,0,0,0
88.2,0.234539,0,0,0
88.205,0.231348,0,0,0
88.21,0.234566,0,0,0
88.215,0.241398,0,0,0
88.22,0.246795,0,0,0
88.225,0.246694,0,0,0
88.23,0.23801,0,0,0
88.235,0.232729,0,0,0
88.24,0.232512,0,0,0
88.245,0.227246,0,0,0
88.25,0.219998,0,0,0
88.255,0.218638,0,0,0
88.26,0.220029,0,0,0
88.265,0.222637,0,0,0
88.27,0.229774,0,0,0
88.275,0.245165,0,0,0
88.28,0.250429,0,0,0
88.285,0.261778,0,0,0
88.29,0.253239,0,0,0
88.295,0.235501,0,0,0
88.3,0.238459,0,0,0
88.305,0.222275,0,0,0
88.31,0.218,0,0,0
88.315,0.216192,0,0,0
88.32,0.214063,0,0,0
88.325,0.211837,0,0,0
88.33,0.220613,0,0,0
88.335,0.217619,0,0,0
88.34,0.217429,0,0,0
88.345,0.225521,0,0,0
88.35,0.239401,0,0,0
88.355,0.259179,0,0,0
88.36,0.256938,0,0,0
88.365,0.247529,0,0,0
88.37,0.252367,0,0,0
88.375,0.243104,0,0,0
88.38,0.235997,0,0,0
88.385,0.237802,0,0,0
88.39,0.241323,0,0,0
88.395,0.252353,0,0,0
88.4,0.249124,0,0,0
88.405,0.24207,0,0,0
88.41,0.250237,0,0,0
88.415,0.258171,0,0,0
88.42,0.261222,0,0,0
88.425,0.258361,0,0,0
88.43,0.255563,0,0,0
88.435,0.256768,0,0,0
88.44,0.256715,0,0,0
88.445,0.267998,0,0,0
88.45,0.269246,0,0,0
88.455,0.270869,0,0,0
88.46,0.264555,0,0,0
88.465,0.24952,0,0,0
88.47,0.246786,0,0,0
88.475,0.23597,0,0,0
88.48,0.25169,0,0,0
88.485,0.267924,0,0,0
88.49,0.262114,0,0,0
88.495,0.268583,0,0,0
88.5,0.271413,0,0,0
88.505,0.253701,0,0,0
88.51,0.242106,0,0,0
88.515,0.212856,0,0,0
88.52,0.204243,0,0,0
88.525,0.211927,0,0,0
88.53,0.210302,0,0,0
88.535,0.217101,0,0,0
88.54,0.227275,0,0,0
88.545,0.227866,0,0,0
88.55,0.235435,0,0,0
88.555,0.237175,0,0,0
88.56,0.235733,0,0,0
88.565,0.238428,0,0,0
88.57,0.226715,0,0,0
88.575,0.248008,0,0,0
88.58,0.256566,0,0,0
88.585,0.261294,0,0,0
88.59,0.262146,0,0,0
88.595,0.247507,0,0,0
88.6,0.249881,0,0,0
88.605,0.242136,0,0,0
88.61,0.221224,0,0,0
88.615,0.213057,0,0,0
88.62,0.212671,0,0,0
88.625,0.229288,0,0,0
88.63,0.229513,0,0,0
88.635,0.235993,0,0,0
88.64,0.242285,0,0,0
88.645,0.249629,0,0,0
88.65,0.245331,0,0,0
88.655,0.228606,0,0,0
88.66,0.221296,0,0,0
88.665,0.223735,0,0,0
88.67,0.222456,0,0,0
88.675,0.224237,0,0,0
88.68,0.234763,0,0,0
88.685,0.245701,0,0,0
88.69,0.256808,0,0,0
88.695,0.247212,0,0,0
88.7,0.238643,0,0,0
88.705,0.234044,0,0,0
88.71,0.237805,0,0,0
88.715,0.237403,0,0,0
88.72,0.233463,0,0,0
88.725,0.219123,0,0,0
88.73,0.220898,0,0,0
88.735,0.231798,0,0,0
88.74,0.238488,0,0,0
88.745,0.248088,0,0,0
88.75,0.251667,0,0,0
88.755,0.249353,0,0,0
88.76,0.241095,0,0,0
88.765,0.222653,0,0,0
88.77,0.219468,0,0,0
88.775,0.219312,0,0,0
88.78,0.230982,0,0,0
88.785,0.232998,0,0,0
88.79,0.231857,0,0,0
88.795,0.222235,0,0,0
88.8,0.226881,0,0,0
88.805,0.230718,0,0,0
88.81,0.234828,0,0,0
88.815,0.224738,0,0,0
88.82,0.213262,0,0,0
88.825,0.204435,0,0,0
88.83,0.210063,0,0,0
88.835,0.210528,0,0,0
88.84,0.218469,0,0,0
88.845,0.226629,0,0,0
88.85,0.220517,0,0,0
88.855,0.219424,0,0,0
88.86,0.212392,0,0,0
88.865,0.219459,0,0,0
88.87,0.23341,0,0,0
88.875,0.244614,0,0,0
88.88,0.255579,0,0,0
88.885,0.249604,0,0,0
88.89,0.246175,0,0,0
88.895,0.239434,0,0,0
88.9,0.244344,0,0,0
88.905,0.257159,0,0,0
88.91,0.26647,0,0,0
88.915,0.285312,0,0,0
88.92,0.276567,0,0,0
88.925,0.270219,0,0,0
88.93,0.263976,0,0,0
88.935,0.26787,0,0,0
88.94,0.248508,0,0,0
88.945,0.239103,0,0,0
88.95,0.223468,0,0,0
88.955,0.237834,0,0,0
88.96,0.240455,0,0,0
88.965,0.2399,0,0,0
88.97,0.245256,0,0,0
88.975,0.255884,0,0,0
88.98,0.265972,0,0,0
88.985,0.27466,0,0,0
88.99,0.260394,0,0,0
88.995,0.254942,0,0,0
89,0.231648,0,0,0
89.005,0.226554,0,0,0
89.01,0.223102,0,0,0
89.015,0.217374,0,0,0
89.02,0.201338,0,0,0
89.025,0.209538,0,0,0
89.03,0.219715,0,0,0
89.035,0.238881,0,0,0
89.04,0.231645,0,0,0
89.045,0.228366,0,0,0
89.05,0.229618,0,0,0
89.055,0.235104,0,0,0
89.06,0.230055,0,0,0
89.065,0.236657,0,0,0
89.07,0.233945,0,0,0
89.075,0.247203,0,0,0
89.08,0.238106,0,0,0
89.085,0.240647,0,0,0
89.09,0.233217,0,0,0
89.095,0.236196,0,0,0
89.1,0.230329,0,0,0
89.105,0.22431,0,0,0
89.11,0.222683,0,0,0
89.115,0.222848,0,0,0
89.12,0.231169,0,0,0
89.125,0.243873,0,0,0
89.13,0.245669,0,0,0
89.135,0.242032,0,0,0
89.14,0.241592,0,0,0
89.145,0.230909,0,0,0
89.15,0.22287,0,0,0
89.155,0.222319,0,0,0
89.16,0.212845,0,0,0
89.165,0.213428,0,0,0
89.17,0.219093,0,0,0
89.175,0.215331,0,0,0
89.18,0.225052,0,0,0
89.185,0.221136,0,0,0
89.19,0.223472,0,0,0
89.195,0.225513,0,0,0
89.2,0.218655,0,0,0
89.205,0.224277,0,0,0
89.21,0.234491,0,0,0
89.215,0.237332,0,0,0
89.22,0.235666,0,0,0
89.225,0.234524,0,0,0
89.23,0.236558,0,0,0
89.235,0.241102,0,0,0
89.24,0.246334,0,0,0
89.245,0.242981,0,0,0
89.25,0.240919,0,0,0
89.255,0.240694,0,0,0
89.26,0.234801,0,0,0
89.265,0.225205,0,0,0
89.27,0.245983,0,0,0
89.275,0.241097,0,0,0
89.28,0.24708,0,0,0
89.285,0.238551,0,0,0
89.29,0.235196,0,0,0
89.295,0.233956,0,0,0
89.3,0.239465,0,0,0
89.305,0.227939,0,0,0
89.31,0.224898,0,0,0
89.315,0.221374,0,0,0
89.32,0.217337,0,0,0
89.325,0.226413,0,0,0
89.33,0.229432,0,0,0
89.335,0.237859,0,0,0
89.34,0.244623,0,0,0
89.345,0.239839,0,0,0
89.35,0.232282,0,0,0
89.355,0.220466,0,0,0
89.36,0.220918,0,0,0
89.365,0.21568,0,0,0
89.37,0.212013,0,0,0
89.375,0.202613,0,0,0
89.38,0.20825,0,0,0
89.385,0.220186,0,0,0
89.39,0.223949,0,0,0
89.395,0.232175,0,0,0
89.4,0.235082,0,0,0
89.405,0.225619,0,0,0
89.41,0.216375,0,0,0
89.415,0.204916,0,0,0
89.42,0.202289,0,0,0
89.425,0.208652,0,0,0
89.43,0.214002,0,0,0
89.435,0.210441,0,0,0
89.44,0.216126,0,0,0
89.445,0.225809,0,0,0
89.45,0.227812,0,0,0
89.455,0.232444,0,0,0
89.46,0.231563,0,0,0
89.465,0.243453,0,0,0
89.47,0.233867,0,0,0
89.475,0.236557,0,0,0
89.48,0.234934,0,0,0
89.485,0.243641,0,0,0
89.49,0.2539,0,0,0
89.495,0.242627,0,0,0
89.5,0.237776,0,0,0
89.505,0.232291,0,0,0
89.51,0.228573,0,0,0
89.515,0.228624,0,0,0
89.52,0.231004,0,0,0
89.525,0.234912,0,0,0
89.53,0.241031,0,0,0
89.535,0.237494,0,0,0
89.54,0.224849,0,0,0
89.545,0.230495,0,0,0
89.55,0.231556,0,0,0
89.555,0.239796,0,0,0
89.56,0.247822,0,0,0
89.565,0.254976,0,0,0
89.57,0.260266,0,0,0
89.575,0.253371,0,0,0
89.58,0.241679,0,0,0
89.585,0.244972,0,0,0
89.59,0.260837,0,0,0
89.595,0.273301,0,0,0
89.6,0.252789,0,0,0
89.605,0.247979,0,0,0
89.61,0.233346,0,0,0
89.615,0.237047,0,0,0
89.62,0.233711,0,0,0
89.625,0.225051,0,0,0
89.63,0.212464,0,0,0
89.635,0.205453,0,0,0
89.64,0.211519,0,0,0
89.645,0.224509,0,0,0
89.65,0.233466,0,0,0
89.655,0.235183,0,0,0
89.66,0.235494,0,0,0
89.665,0.242852,0,0,0
89.67,0.250781,0,0,0
89.675,0.23908,0,0,0
89.68,0.246581,0,0,0
89.685,0.250262,0,0,0
89.69,0.248381,0,0,0
89.695,0.243721,0,0,0
89.7,0.237065,0,0,0
89.705,0.236644,0,0,0
89.71,0.233952,0,0,0
89.715,0.225698,0,0,0
89.72,0.223412,0,0,0
89.725,0.226937,0,0,0
89.73,0.228127,0,0,0
89.735,0.229406,0,0,0
89.74,0.230595,0,0,0
89.745,0.241321,0,0,0
89.75,0.248981,0,0,0
89.755,0.248982,0,0,0
89.76,0.256807,0,0,0
89.765,0.257323,0,0,0
89.77,0.255385,0,0,0
89.775,0.251037,0,0,0
89.78,0.231274,0,0,0
89.785,0.228042,0,0,0
89.79,0.22946,0,0,0
89.795,0.241203,0,0,0
89.8,0.249093,0,0,0
89.805,0.249093,0,0,0
89.81,0.246469,0,0,0
89.815,0.246634,0,0,0
89.82,0.246947,0,0,0
89.825,0.248805,0,0,0
89.83,0.250779,0,0,0
89.835,0.248949,0,0,0
89.84,0.249016,0,0,0
89.845,0.242868,0,0,0
89.85,0.249349,0,0,0
89.855,0.249349,0,0,0
89.86,0.255982,0,0,0
89.865,0.252373,0,0,0
89.87,0.252215,0,0,0
89.875,0.251297,0,0,0
89.88,0.246429,0,0,0
89.885,0.246017,0,0,0
89.89,0.246017,0,0,0
89.895,0.248937,0,0,0
89.9,0.244245,0,0,0
89.905,0.244245,0,0,0
89.91,0.243391,0,0,0
89.915,0.252349,0,0,0
89.92,0.252349,0,0,0
89.925,0.253497,0,0,0
89.93,0.257224,0,0,0
89.935,0.257295,0,0,0
89.94,0.257295,0,0,0
89.945,0.268135,0,0,0
89.95,0.271192,0,0,0
89.955,0.271192,0,0,0
89.96,0.280342,0,0,0
89.965,0.304493,0,0,0
89.97,0.304493,0,0,0
89.975,0.304076,0,0,0
89.98,0.278591,0,0,0
89.985,0.277606,0,0,0
89.99,0.277606,0,0,0
89.995,0.29218,0,0,0
90,0.300204,0,0,0
90.005,0.300204,0,0,0
90.01,0.290439,0,0,0
90.015,0.267109,0,0,0
90.02,0.267109,0,0,0
90.025,0.267417,0,0,0
90.03,0.256697,0,0,0
90.035,0.256503,0,0,0
90.04,0.256503,0,0,0
90.045,0.272416,0,0,0
90.05,0.281092,0,0,0
90.055,0.281092,0,0,0
90.06,0.284207,0,0,0
90.065,0.290098,0,0,0
90.07,0.290098,0,0,0
90.075,0.289975,0,0,0
90.08,0.270594,0,0,0
90.085,0.270474,0,0,0
90.09,0.270474,0,0,0
90.095,0.290214,0,0,0
90.1,0.309357,0,0,0
90.105,0.309357,0,0,0
90.11,0.310096,0,0,0
90.115,0.290524,0,0,0
90.12,0.290524,0,0,0
90.125,0.285139,0,0,0
90.13,0.268283,0,0,0
90.135,0.268959,0,0,0
90.14,0.268959,0,0,0
90.145,0.256324,0,0,0
90.15,0.245399,0,0,0
90.155,0.245399,0,0,0
90.16,0.26933,0,0,0
90.165,0.309516,0,0,0
90.17,0.310308,0,0,0
90.175,0.307155,0,0,0
90.18,0.295319,0,0,0
90.185,0.291274,0,0,0
90.19,0.291128,0,0,0
90.195,0.286124,0,0,0
90.2,0.288651,0,0,0
90.205,0.288651,0,0,0
90.21,0.299754,0,0,0
90.215,0.289265,0,0,0
90.22,0.289008,0,0,0
90.225,0.281022,0,0,0
90.23,0.273175,0,0,0
90.235,0.270524,0,0,0
90.24,0.269466,0,0,0
90.245,0.256061,0,0,0
90.25,0.249,0,0,0
90.255,0.249,0,0,0
90.26,0.268484,0,0,0
90.265,0.275315,0,0,0
90.27,0.275285,0,0,0
90.275,0.262392,0,0,0
90.28,0.248142,0,0,0
90.285,0.251135,0,0,0
90.29,0.251297,0,0,0
90.295,0.263104,0,0,0
90.3,0.272338,0,0,0
90.305,0.273244,0,0,0
90.31,0.272993,0,0,0
90.315,0.24819,0,0,0
90.32,0.24707,0,0,0
90.325,0.242283,0,0,0
90.33,0.241471,0,0,0
90.335,0.245477,0,0,0
90.34,0.246837,0,0,0
90.345,0.250368,0,0,0
90.35,0.260392,0,0,0
90.355,0.259654,0,0,0
90.36,0.288825,0,0,0
90.365,0.293841,0,0,0
90.37,0.291012,0,0,0
90.375,0.275927,0,0,0
90.38,0.26997,0,0,0
90.385,0.271437,0,0,0
90.39,0.274367,0,0,0
90.395,0.264677,0,0,0
90.4,0.270525,0,0,0
90.405,0.26831,0,0,0
90.41,0.266858,0,0,0
90.415,0.273262,0,0,0
90.42,0.274803,0,0,0
90.425,0.261353,0,0,0
90.43,0.255346,0,0,0
90.435,0.24831,0,0,0
90.44,0.262267,0,0,0
90.445,0.264745,0,0,0
90.45,0.262719,0,0,0
90.455,0.258884,0,0,0
90.46,0.248106,0,0,0
90.465,0.252668,0,0,0
90.47,0.256195,0,0,0
90.475,0.264777,0,0,0
90.48,0.261344,0,0,0
90.485,0.250579,0,0,0
90.49,0.250636,0,0,0
90.495,0.250482,0,0,0
90.5,0.248189,0,0,0
90.505,0.2465,0,0,0
90.51,0.249436,0,0,0
90.515,0.235821,0,0,0
90.52,0.222375,0,0,0
90.525,0.205864,0,0,0
90.53,0.221813,0,0,0
90.535,0.240614,0,0,0
90.54,0.235622,0,0,0
90.545,0.234567,0,0,0
90.55,0.253286,0,0,0
90.555,0.269078,0,0,0
90.56,0.272081,0,0,0
90.565,0.268594,0,0,0
90.57,0.266255,0,0,0
90.575,0.2699,0,0,0
90.58,0.259548,0,0,0
90.585,0.241079,0,0,0
90.59,0.240575,0,0,0
90.595,0.246148,0,0,0
90.6,0.255983,0,0,0
90.605,0.268181,0,0,0
90.61,0.266341,0,0,0
90.615,0.276539,0,0,0
90.62,0.26738,0,0,0
90.625,0.259659,0,0,0
90.63,0.247212,0,0,0
90.635,0.231564,0,0,0
90.64,0.235891,0,0,0
90.645,0.238815,0,0,0
90.65,0.237907,0,0,0
90.655,0.236092,0,0,0
90.66,0.247041,0,0,0
90.665,0.256398,0,0,0
90.67,0.25013,0,0,0
90.675,0.235957,0,0,0
90.68,0.22339,0,0,0
90.685,0.222349,0,0,0
90.69,0.22777,0,0,0
90.695,0.224198,0,0,0
90.7,0.218702,0,0,0
90.705,0.21869,0,0,0
90.71,0.216567,0,0,0
90.715,0.226234,0,0,0
90.72,0.224416,0,0,0
90.725,0.222619,0,0,0
90.73,0.224652,0,0,0
90.735,0.236988,0,0,0
90.74,0.245212,0,0,0
90.745,0.256588,0,0,0
90.75,0.252861,0,0,0
90.755,0.246052,0,0,0
90.76,0.23962,0,0,0
90.765,0.23801,0,0,0
90.77,0.246629,0,0,0
90.775,0.251192,0,0,0
90.78,0.261757,0,0,0
90.785,0.276729,0,0,0
90.79,0.276959,0,0,0
90.795,0.270826,0,0,0
90.8,0.269702,0,0,0
90.805,0.250477,0,0,0
90.81,0.259411,0,0,0
90.815,0.261266,0,0,0
90.82,0.259352,0,0,0
90.825,0.255399,0,0,0
90.83,0.252014,0,0,0
90.835,0.249659,0,0,0
90.84,0.246832,0,0,0
90.845,0.237034,0,0,0
90.85,0.23199,0,0,0
90.855,0.241414,0,0,0
90.86,0.243689,0,0,0
90.865,0.252915,0,0,0
90.87,0.246585,0,0,0
90.875,0.23442,0,0,0
90.88,0.234366,0,0,0
90.885,0.245732,0,0,0
90.89,0.255722,0,0,0
90.895,0.244426,0,0,0
90.9,0.235659,0,0,0
90.905,0.229664,0,0,0
90.91,0.241077,0,0,0
90.915,0.240047,0,0,0
90.92,0.23664,0,0,0
90.925,0.234389,0,0,0
90.93,0.237633,0,0,0
90.935,0.236616,0,0,0
90.94,0.232103,0,0,0
90.945,0.233219,0,0,0
90.95,0.241066,0,0,0
90.955,0.247251,0,0,0
90.96,0.240835,0,0,0
90.965,0.237187,0,0,0
90.97,0.230547,0,0,0
90.975,0.232113,0,0,0
90.98,0.232296,0,0,0
90.985,0.220048,0,0,0
90.99,0.222949,0,0,0
90.995,0.225172,0,0,0
91,0.240235,0,0,0
91.005,0.249323,0,0,0
91.01,0.246662,0,0,0
91.015,0.250197,0,0,0
91.02,0.259413,0,0,0
91.025,0.25441,0,0,0
91.03,0.247905,0,0,0
91.035,0.238881,0,0,0
91.04,0.248857,0,0,0
91.045,0.262624,0,0,0
91.05,0.252718,0,0,0
91.055,0.254519,0,0,0
91.06,0.256205,0,0,0
91.065,0.243626,0,0,0
91.07,0.23963,0,0,0
91.075,0.233271,0,0,0
91.08,0.222253,0,0,0
91.085,0.242065,0,0,0
91.09,0.251762,0,0,0
91.095,0.256901,0,0,0
91.1,0.256278,0,0,0
91.105,0.229726,0,0,0
91.11,0.223107,0,0,0
91.115,0.22574,0,0,0
91.12,0.228589,0,0,0
91.125,0.233449,0,0,0
91.13,0.237437,0,0,0
91.135,0.245497,0,0,0
91.14,0.266209,0,0,0
91.145,0.2637,0,0,0
91.15,0.269107,0,0,0
91.155,0.258906,0,0,0
91.16,0.256384,0,0,0
91.165,0.24723,0,0,0
91.17,0.233461,0,0,0
91.175,0.228129,0,0,0
91.18,0.229314,0,0,0
91.185,0.24157,0,0,0
91.19,0.252003,0,0,0
91.195,0.255092,0,0,0
91.2,0.252073,0,0,0
91.205,0.256974,0,0,0
91.21,0.25221,0,0,0
91.215,0.250426,0,0,0
91.22,0.232919,0,0,0
91.225,0.229201,0,0,0
91.23,0.231726,0,0,0
91.235,0.229343,0,0,0
91.24,0.239627,0,0,0
91.245,0.235791,0,0,0
91.25,0.232734,0,0,0
91.255,0.237585,0,0,0
91.26,0.241148,0,0,0
91.265,0.25696,0,0,0
91.27,0.273195,0,0,0
91.275,0.268506,0,0,0
91.28,0.257744,0,0,0
91.285,0.233443,0,0,0
91.29,0.22791,0,0,0
91.295,0.226347,0,0,0
91.3,0.22787,0,0,0
91.305,0.222765,0,0,0
91.31,0.227549,0,0,0
91.315,0.221749,0,0,0
91.32,0.205524,0,0,0
91.325,0.206488,0,0,0
91.33,0.210565,0,0,0
91.335,0.232487,0,0,0
91.34,0.233555,0,0,0
91.345,0.237941,0,0,0
91.35,0.23967,0,0,0
91.355,0.230188,0,0,0
91.36,0.219639,0,0,0
91.365,0.225654,0,0,0
91.37,0.233358,0,0,0
91.375,0.247602,0,0,0
91.38,0.250892,0,0,0
91.385,0.247694,0,0,0
91.39,0.244793,0,0,0
91.395,0.243123,0,0,0
91.4,0.236979,0,0,0
91.405,0.244003,0,0,0
91.41,0.232842,0,0,0
91.415,0.225209,0,0,0
91.42,0.21708,0,0,0
91.425,0.211768,0,0,0
91.43,0.203165,0,0,0
91.435,0.211437,0,0,0
91.44,0.229947,0,0,0
91.445,0.23708,0,0,0
91.45,0.234192,0,0,0
91.455,0.213885,0,0,0
91.46,0.221896,0,0,0
91.465,0.24385,0,0,0
91.47,0.25224,0,0,0
91.475,0.247768,0,0,0
91.48,0.235894,0,0,0
91.485,0.237844,0,0,0
91.49,0.238278,0,0,0
91.495,0.234558,0,0,0
91.5,0.228175,0,0,0
91.505,0.221799,0,0,0
91.51,0.221643,0,0,0
91.515,0.213551,0,0,0
91.52,0.224881,0,0,0
91.525,0.235175,0,0,0
91.53,0.250377,0,0,0
91.535,0.252594,0,0,0
91.54,0.232023,0,0,0
91.545,0.231702,0,0,0
91.55,0.231685,0,0,0
91.555,0.239253,0,0,0
91.56,0.258159,0,0,0
91.565,0.247464,0,0,0
91.57,0.25184,0,0,0
91.575,0.239377,0,0,0
91.58,0.254251,0,0,0
91.585,0.26512,0,0,0
91.59,0.264595,0,0,0
91.595,0.267653,0,0,0
91.6,0.25793,0,0,0
91.605,0.269168,0,0,0
91.61,0.264637,0,0,0
91.615,0.269232,0,0,0
91.62,0.268765,0,0,0
91.625,0.269713,0,0,0
91.63,0.260556,0,0,0
91.635,0.243554,0,0,0
91.64,0.238329,0,0,0
91.645,0.244416,0,0,0
91.65,0.249282,0,0,0
91.655,0.231279,0,0,0
91.66,0.214143,0,0,0
91.665,0.211052,0,0,0
91.67,0.217312,0,0,0
91.675,0.214145,0,0,0
91.68,0.211826,0,0,0
91.685,0.209681,0,0,0
91.69,0.211239,0,0,0
91.695,0.212973,0,0,0
91.7,0.212916,0,0,0
91.705,0.221754,0,0,0
91.71,0.21899,0,0,0
91.715,0.221177,0,0,0
91.72,0.221304,0,0,0
91.725,0.235771,0,0,0
91.73,0.243307,0,0,0
91.735,0.242001,0,0,0
91.74,0.232847,0,0,0
91.745,0.236727,0,0,0
91.75,0.244535,0,0,0
91.755,0.254317,0,0,0
91.76,0.253649,0,0,0
91.765,0.249223,0,0,0
91.77,0.251529,0,0,0
91.775,0.255988,0,0,0
91.78,0.248297,0,0,0
91.785,0.241068,0,0,0
91.79,0.241515,0,0,0
91.795,0.239745,0,0,0
91.8,0.230951,0,0,0
91.805,0.202553,0,0,0
91.81,0.180934,0,0,0
91.815,0.18505,0,0,0
91.82,0.189721,0,0,0
91.825,0.206271,0,0,0
91.83,0.216422,0,0,0
91.835,0.23817,0,0,0
91.84,0.259107,0,0,0
91.845,0.264891,0,0,0
91.85,0.253125,0,0,0
91.855,0.244166,0,0,0
91.86,0.238203,0,0,0
91.865,0.259655,0,0,0
91.87,0.25836,0,0,0
91.875,0.264691,0,0,0
91.88,0.246197,0,0,0
91.885,0.236153,0,0,0
91.89,0.237739,0,0,0
91.895,0.25672,0,0,0
91.9,0.25676,0,0,0
91.905,0.253518,0,0,0
91.91,0.246708,0,0,0
91.915,0.249174,0,0,0
91.92,0.247687,0,0,0
91.925,0.237934,0,0,0
91.93,0.223045,0,0,0
91.935,0.23623,0,0,0
91.94,0.234186,0,0,0
91.945,0.235674,0,0,0
91.95,0.237759,0,0,0
91.955,0.221687,0,0,0
91.96,0.219402,0,0,0
91.965,0.206079,0,0,0
91.97,0.202968,0,0,0
91.975,0.189284,0,0,0
91.98,0.180902,0,0,0
91.985,0.182113,0,0,0
91.99,0.19905,0,0,0
91.995,0.209386,0,0,0
92,0.216618,0,0,0
92.005,0.212864,0,0,0
92.01,0.209034,0,0,0
92.015,0.21079,0,0,0
92.02,0.210416,0,0,0
92.025,0.200555,0,0,0
92.03,0.207947,0,0,0
92.035,0.218306,0,0,0
92.04,0.238413,0,0,0
92.045,0.234202,0,0,0
92.05,0.231981,0,0,0
92.055,0.239979,0,0,0
92.06,0.243399,0,0,0
92.065,0.248071,0,0,0
92.07,0.228814,0,0,0
92.075,0.223068,0,0,0
92.08,0.223946,0,0,0
92.085,0.22059,0,0,0
92.09,0.203965,0,0,0
92.095,0.186141,0,0,0
92.1,0.189756,0,0,0
92.105,0.198889,0,0,0
92.11,0.20881,0,0,0
92.115,0.213096,0,0,0
92.12,0.217121,0,0,0
92.125,0.234588,0,0,0
92.13,0.240914,0,0,0
92.135,0.247038,0,0,0
92.14,0.249105,0,0,0
92.145,0.244695,0,0,0
92.15,0.239853,0,0,0
92.155,0.23389,0,0,0
92.16,0.230514,0,0,0
92.165,0.227487,0,0,0
92.17,0.248144,0,0,0
92.175,0.256589,0,0,0
92.18,0.263099,0,0,0
92.185,0.250007,0,0,0
92.19,0.222246,0,0,0
92.195,0.228652,0,0,0
92.2,0.222921,0,0,0
92.205,0.211158,0,0,0
92.21,0.198873,0,0,0
92.215,0.191981,0,0,0
92.22,0.203592,0,0,0
92.225,0.223361,0,0,0
92.23,0.240626,0,0,0
92.235,0.251562,0,0,0
92.24,0.234814,0,0,0
92.245,0.215539,0,0,0
92.25,0.205761,0,0,0
92.255,0.205995,0,0,0
92.26,0.208094,0,0,0
92.265,0.205169,0,0,0
92.27,0.21375,0,0,0
92.275,0.21324,0,0,0
92.28,0.207214,0,0,0
92.285,0.20902,0,0,0
92.29,0.214388,0,0,0
92.295,0.212901,0,0,0
92.3,0.211339,0,0,0
92.305,0.224314,0,0,0
92.31,0.229026,0,0,0
92.315,0.236943,0,0,0
92.32,0.232271,0,0,0
92.325,0.247391,0,0,0
92.33,0.254625,0,0,0
92.335,0.248324,0,0,0
92.34,0.214587,0,0,0
92.345,0.198518,0,0,0
92.35,0.190533,0,0,0
92.355,0.169425,0,0,0
92.36,0.177176,0,0,0
92.365,0.198447,0,0,0
92.37,0.215445,0,0,0
92.375,0.226387,0,0,0
92.38,0.23013,0,0,0
92.385,0.231963,0,0,0
92.39,0.232144,0,0,0
92.395,0.221243,0,0,0
92.4,0.199645,0,0,0
92.405,0.198435,0,0,0
92.41,0.200855,0,0,0
92.415,0.206278,0,0,0
92.42,0.216221,0,0,0
92.425,0.226017,0,0,0
92.43,0.238693,0,0,0
92.435,0.237627,0,0,0
92.44,0.22537,0,0,0
92.445,0.212502,0,0,0
92.45,0.208908,0,0,0
92.455,0.20358,0,0,0
92.46,0.201609,0,0,0
92.465,0.207927,0,0,0
92.47,0.203096,0,0,0
92.475,0.208098,0,0,0
92.48,0.205232,0,0,0
92.485,0.21592,0,0,0
92.49,0.229868,0,0,0
92.495,0.225521,0,0,0
92.5,0.227954,0,0,0
92.505,0.212681,0,0,0
92.51,0.210826,0,0,0
92.515,0.214615,0,0,0
92.52,0.200035,0,0,0
92.525,0.204877,0,0,0
92.53,0.206964,0,0,0
92.535,0.217918,0,0,0
92.54,0.226037,0,0,0
92.545,0.223646,0,0,0
92.55,0.226924,0,0,0
92.555,0.225005,0,0,0
92.56,0.216329,0,0,0
92.565,0.208391,0,0,0
92.57,0.20864,0,0,0
92.575,0.209573,0,0,0
92.58,0.210061,0,0,0
92.585,0.225897,0,0,0
92.59,0.225782,0,0,0
92.595,0.224604,0,0,0
92.6,0.217546,0,0,0
92.605,0.217151,0,0,0
92.61,0.212268,0,0,0
92.615,0.212638,0,0,0
92.62,0.208235,0,0,0
92.625,0.204415,0,0,0
92.63,0.192854,0,0,0
92.635,0.174887,0,0,0
92.64,0.175727,0,0,0
92.645,0.184895,0,0,0
92.65,0.200734,0,0,0
92.655,0.202514,0,0,0
92.66,0.193588,0,0,0
92.665,0.177955,0,0,0
92.67,0.172643,0,0,0
92.675,0.183236,0,0,0
92.68,0.191385,0,0,0
92.685,0.193897,0,0,0
92.69,0.193072,0,0,0
92.695,0.196866,0,0,0
92.7,0.206026,0,0,0
92.705,0.204112,0,0,0
92.71,0.196078,0,0,0
92.715,0.199578,0,0,0
92.72,0.201667,0,0,0
92.725,0.209359,0,0,0
92.73,0.202308,0,0,0
92.735,0.208466,0,0,0
92.74,0.207934,0,0,0
92.745,0.2063,0,0,0
92.75,0.206783,0,0,0
92.755,0.181988,0,0,0
92.76,0.179191,0,0,0
92.765,0.17748,0,0,0
92.77,0.190418,0,0,0
92.775,0.192554,0,0,0
92.78,0.191213,0,0,0
92.785,0.178871,0,0,0
92.79,0.173339,0,0,0
92.795,0.187795,0,0,0
92.8,0.200905,0,0,0
92.805,0.212469,0,0,0
92.81,0.208274,0,0,0
92.815,0.205373,0,0,0
92.82,0.206792,0,0,0
92.825,0.214521,0,0,0
92.83,0.20781,0,0,0
92.835,0.206485,0,0,0
92.84,0.197195,0,0,0
92.845,0.190549,0,0,0
92.85,0.177439,0,0,0
92.855,0.173538,0,0,0
92.86,0.178855,0,0,0
92.865,0.172807,0,0,0
92.87,0.179236,0,0,0
92.875,0.172401,0,0,0
92.88,0.18335,0,0,0
92.885,0.215083,0,0,0
92.89,0.220748,0,0,0
92.895,0.215562,0,0,0
92.9,0.216338,0,0,0
92.905,0.236426,0,0,0
92.91,0.24511,0,0,0
92.915,0.229241,0,0,0
92.92,0.203371,0,0,0
92.925,0.204928,0,0,0
92.93,0.199825,0,0,0
92.935,0.199212,0,0,0
92.94,0.193981,0,0,0
92.945,0.186311,0,0,0
92.95,0.191012,0,0,0
92.955,0.192429,0,0,0
92.96,0.190437,0,0,0
92.965,0.193925,0,0,0
92.97,0.197028,0,0,0
92.975,0.216903,0,0,0
92.98,0.22582,0,0,0
92.985,0.23861,0,0,0
92.99,0.238117,0,0,0
92.995,0.255478,0,0,0
93,0.244588,0,0,0
93.005,0.240161,0,0,0
93.01,0.235877,0,0,0
93.015,0.227085,0,0,0
93.02,0.224621,0,0,0
93.025,0.200275,0,0,0
93.03,0.18656,0,0,0
93.035,0.192531,0,0,0
93.04,0.205814,0,0,0
93.045,0.214186,0,0,0
93.05,0.204182,0,0,0
93.055,0.202158,0,0,0
93.06,0.204356,0,0,0
93.065,0.211987,0,0,0
93.07,0.224217,0,0,0
93.075,0.223648,0,0,0
93.08,0.234302,0,0,0
93.085,0.2396,0,0,0
93.09,0.230269,0,0,0
93.095,0.210616,0,0,0
93.1,0.195652,0,0,0
93.105,0.194628,0,0,0
93.11,0.201929,0,0,0
93.115,0.192216,0,0,0
93.12,0.18816,0,0,0
93.125,0.204506,0,0,0
93.13,0.217213,0,0,0
93.135,0.218124,0,0,0
93.14,0.220306,0,0,0
93.145,0.210642,0,0,0
93.15,0.224504,0,0,0
93.155,0.22022,0,0,0
93.16,0.219705,0,0,0
93.165,0.217557,0,0,0
93.17,0.209547,0,0,0
93.175,0.221298,0,0,0
93.18,0.208323,0,0,0
93.185,0.226451,0,0,0
93.19,0.223206,0,0,0
93.195,0.241381,0,0,0
93.2,0.249352,0,0,0
93.205,0.24598,0,0,0
93.21,0.247087,0,0,0
93.215,0.249488,0,0,0
93.22,0.255666,0,0,0
93.225,0.232015,0,0,0
93.23,0.223144,0,0,0
93.235,0.219436,0,0,0
93.24,0.228102,0,0,0
93.245,0.23374,0,0,0
93.25,0.222627,0,0,0
93.255,0.220281,0,0,0
93.26,0.214828,0,0,0
93.265,0.209461,0,0,0
93.27,0.210788,0,0,0
93.275,0.204414,0,0,0
93.28,0.205124,0,0,0
93.285,0.208538,0,0,0
93.29,0.210645,0,0,0
93.295,0.216201,0,0,0
93.3,0.220701,0,0,0
93.305,0.214983,0,0,0
93.31,0.201034,0,0,0
93.315,0.190144,0,0,0
93.32,0.20591,0,0,0
93.325,0.217051,0,0,0
93.33,0.235974,0,0,0
93.335,0.220011,0,0,0
93.34,0.227362,0,0,0
93.345,0.228892,0,0,0
93.35,0.236604,0,0,0
93.355,0.238734,0,0,0
93.36,0.219243,0,0,0
93.365,0.218205,0,0,0
93.37,0.209167,0,0,0
93.375,0.215571,0,0,0
93.38,0.216779,0,0,0
93.385,0.209447,0,0,0
93.39,0.200889,0,0,0
93.395,0.20965,0,0,0
93.4,0.216963,0,0,0
93.405,0.231429,0,0,0
93.41,0.236476,0,0,0
93.415,0.241749,0,0,0
93.42,0.258011,0,0,0
93.425,0.266659,0,0,0
93.43,0.267811,0,0,0
93.435,0.270211,0,0,0
93.44,0.257085,0,0,0
93.445,0.235504,0,0,0
93.45,0.233332,0,0,0
93.455,0.231459,0,0,0
93.46,0.244462,0,0,0
93.465,0.246409,0,0,0
93.47,0.263498,0,0,0
93.475,0.292882,0,0,0
93.48,0.301489,0,0,0
93.485,0.278305,0,0,0
93.49,0.267498,0,0,0
93.495,0.271519,0,0,0
93.5,0.285178,0,0,0
93.505,0.273482,0,0,0
93.51,0.24367,0,0,0
93.515,0.238347,0,0,0
93.52,0.233371,0,0,0
93.525,0.23997,0,0,0
93.53,0.238351,0,0,0
93.535,0.246648,0,0,0
93.54,0.26197,0,0,0
93.545,0.273044,0,0,0
93.55,0.28273,0,0,0
93.555,0.288229,0,0,0
93.56,0.308012,0,0,0
93.565,0.302277,0,0,0
93.57,0.27868,0,0,0
93.575,0.268263,0,0,0
93.58,0.270561,0,0,0
93.585,0.279556,0,0,0
93.59,0.305229,0,0,0
93.595,0.321424,0,0,0
93.6,0.326766,0,0,0
93.605,0.313686,0,0,0
93.61,0.314255,0,0,0
93.615,0.325384,0,0,0
93.62,0.337857,0,0,0
93.625,0.344625,0,0,0
93.63,0.34948,0,0,0
93.635,0.342294,0,0,0
93.64,0.35791,0,0,0
93.645,0.368702,0,0,0
93.65,0.389021,0,0,0
93.655,0.412375,0,0,0
93.66,0.425586,0,0,0
93.665,0.41253,0,0,0
93.67,0.396471,0,0,0
93.675,0.365909,0,0,0
93.68,0.378522,0,0,0
93.685,0.386474,0,0,0
93.69,0.425379,0,0,0
93.695,0.450236,0,0,0
93.7,0.466919,0,0,0
93.705,0.475464,0,0,0
93.71,0.496884,0,0,0
93.715,0.478817,0,0,0
93.72,0.45157,0,0,0
93.725,0.404838,0,0,0
93.73,0.401492,0,0,0
93.735,0.398083,0,0,0
93.74,0.424479,0,0,0
93.745,0.433618,0,0,0
93.75,0.432338,0,0,0
93.755,0.428941,0,0,0
93.76,0.413058,0,0,0
93.765,0.427893,0,0,0
93.77,0.444906,0,0,0
93.775,0.490242,0,0,0
93.78,0.500712,0,0,0
93.785,0.522804,0,0,0
93.79,0.525685,0,0,0
93.795,0.524084,0,0,0
93.8,0.501852,0,0,0
93.805,0.494238,0,0,0
93.81,0.477036,0,0,0
93.815,0.485283,0,0,0
93.82,0.509163,0,0,0
93.825,0.512159,0,0,0
93.83,0.509686,0,0,0
93.835,0.513505,0,0,0
93.84,0.519304,0,0,0
93.845,0.528319,0,0,0
93.85,0.502335,0,0,0
93.855,0.503,0,0,0
93.86,0.515057,0,0,0
93.865,0.530037,0,0,0
93.87,0.521763,0,0,0
93.875,0.544358,0,0,0
93.88,0.553911,0,0,0
93.885,0.586397,0,0,0
93.89,0.582425,0,0,0
93.895,0.585261,0,0,0
93.9,0.588398,0,0,0
93.905,0.581895,0,0,0
93.91,0.582823,0,0,0
93.915,0.573091,0,0,0
93.92,0.55743,0,0,0
93.925,0.565929,0,0,0
93.93,0.551069,0,0,0
93.935,0.554222,0,0,0
93.94,0.556395,0,0,0
93.945,0.557884,0,0,0
93.95,0.562473,0,0,0
93.955,0.565521,0,0,0
93.96,0.576114,0,0,0
93.965,0.582061,0,0,0
93.97,0.573778,0,0,0
93.975,0.590356,0,0,0
93.98,0.606928,0,0,0
93.985,0.644001,0,0,0
93.99,0.647711,0,0,0
93.995,0.653257,0,0,0
94,0.615759,0,0,0
94.005,0.581548,0,0,0
94.01,0.542716,0,0,0
94.015,0.565487,0,0,0
94.02,0.587812,0,0,0
94.025,0.598981,0,0,0
94.03,0.619516,0,0,0
94.035,0.615371,0,0,0
94.04,0.629286,0,0,0
94.045,0.622431,0,0,0
94.05,0.602471,0,0,0
94.055,0.602225,0,0,0
94.06,0.610477,0,0,0
94.065,0.590592,0,0,0
94.07,0.579681,0,0,0
94.075,0.590989,0,0,0
94.08,0.568986,0,0,0
94.085,0.561925,0,0,0
94.09,0.545746,0,0,0
94.095,0.535157,0,0,0
94.1,0.527367,0,0,0
94.105,0.487956,0,0,0
94.11,0.492845,0,0,0
94.115,0.511847,0,0,0
94.12,0.501821,0,0,0
94.125,0.510224,0,0,0
94.13,0.543282,0,0,0
94.135,0.560725,0,0,0
94.14,0.555808,0,0,0
94.145,0.517491,0,0,0
94.15,0.526698,0,0,0
94.155,0.552866,0,0,0
94.16,0.559958,0,0,0
94.165,0.555978,0,0,0
94.17,0.501638,0,0,0
94.175,0.498843,0,0,0
94.18,0.511244,0,0,0
94.185,0.514698,0,0,0
94.19,0.52976,0,0,0
94.195,0.50037,0,0,0
94.2,0.489406,0,0,0
94.205,0.461288,0,0,0
94.21,0.444982,0,0,0
94.215,0.437103,0,0,0
94.22,0.439848,0,0,0
94.225,0.459559,0,0,0
94.23,0.465363,0,0,0
94.235,0.445925,0,0,0
94.24,0.424522,0,0,0
94.245,0.407731,0,0,0
94.25,0.383094,0,0,0
94.255,0.396132,0,0,0
94.26,0.379456,0,0,0
94.265,0.397674,0,0,0
94.27,0.390887,0,0,0
94.275,0.4038,0,0,0
94.28,0.397109,0,0,0
94.285,0.381053,0,0,0
94.29,0.380054,0,0,0
94.295,0.371797,0,0,0
94.3,0.384859,0,0,0
94.305,0.384376,0,0,0
94.31,0.388687,0,0,0
94.315,0.398871,0,0,0
94.32,0.391551,0,0,0
94.325,0.402985,0,0,0
94.33,0.405982,0,0,0
94.335,0.396054,0,0,0
94.34,0.401203,0,0,0
94.345,0.396193,0,0,0
94.35,0.405039,0,0,0
94.355,0.391957,0,0,0
94.36,0.36946,0,0,0
94.365,0.336087,0,0,0
94.37,0.349393,0,0,0
94.375,0.358993,0,0,0
94.38,0.337426,0,0,0
94.385,0.334292,0,0,0
94.39,0.326288,0,0,0
94.395,0.344257,0,0,0
94.4,0.346731,0,0,0
94.405,0.348297,0,0,0
94.41,0.312652,0,0,0
94.415,0.307182,0,0,0
94.42,0.307095,0,0,0
94.425,0.319465,0,0,0
94.43,0.322219,0,0,0
94.435,0.301702,0,0,0
94.44,0.317719,0,0,0
94.445,0.330855,0,0,0
94.45,0.298189,0,0,0
94.455,0.300173,0,0,0
94.46,0.26885,0,0,0
94.465,0.273063,0,0,0
94.47,0.289206,0,0,0
94.475,0.295304,0,0,0
94.48,0.302667,0,0,0
94.485,0.298223,0,0,0
94.49,0.287042,0,0,0
94.495,0.294962,0,0,0
94.5,0.296701,0,0,0
94.505,0.295811,0,0,0
94.51,0.301336,0,0,0
94.515,0.289397,0,0,0
94.52,0.255402,0,0,0
94.525,0.246149,0,0,0
94.53,0.227341,0,0,0
94.535,0.241924,0,0,0
94.54,0.222407,0,0,0
94.545,0.233296,0,0,0
94.55,0.239919,0,0,0
94.555,0.25337,0,0,0
94.56,0.233053,0,0,0
94.565,0.233157,0,0,0
94.57,0.229249,0,0,0
94.575,0.241902,0,0,0
94.58,0.228872,0,0,0
94.585,0.241333,0,0,0
94.59,0.237651,0,0,0
94.595,0.25793,0,0,0
94.6,0.253743,0,0,0
94.605,0.259944,0,0,0
94.61,0.265602,0,0,0
94.615,0.264253,0,0,0
94.62,0.252552,0,0,0
94.625,0.249576,0,0,0
94.63,0.247022,0,0,0
94.635,0.265319,0,0,0
94.64,0.239463,0,0,0
94.645,0.242358,0,0,0
94.65,0.221993,0,0,0
94.655,0.219662,0,0,0
94.66,0.224247,0,0,0
94.665,0.211881,0,0,0
94.67,0.213861,0,0,0
94.675,0.181055,0,0,0
94.68,0.17585,0,0,0
94.685,0.178971,0,0,0
94.69,0.168575,0,0,0
94.695,0.169194,0,0,0
94.7,0.184607,0,0,0
94.705,0.206753,0,0,0
94.71,0.229106,0,0,0
94.715,0.235762,0,0,0
94.72,0.25072,0,0,0
94.725,0.265394,0,0,0
94.73,0.267106,0,0,0
94.735,0.259807,0,0,0
94.74,0.232522,0,0,0
94.745,0.217475,0,0,0
94.75,0.195603,0,0,0
94.755,0.189694,0,0,0
94.76,0.19096,0,0,0
94.765,0.204742,0,0,0
94.77,0.232282,0,0,0
94.775,0.245484,0,0,0
94.78,0.226896,0,0,0
94.785,0.220953,0,0,0
94.79,0.218261,0,0,0
94.795,0.221832,0,0,0
94.8,0.221265,0,0,0
94.805,0.21612,0,0,0
94.81,0.209808,0,0,0
94.815,0.18575,0,0,0
94.82,0.163471,0,0,0
94.825,0.157023,0,0,0
94.83,0.155987,0,0,0
94.835,0.153813,0,0,0
94.84,0.156785,0,0,0
94.845,0.175727,0,0,0
94.85,0.183537,0,0,0
94.855,0.17032,0,0,0
94.86,0.162292,0,0,0
94.865,0.162745,0,0,0
94.87,0.183949,0,0,0
94.875,0.175818,0,0,0
94.88,0.17246,0,0,0
94.885,0.163356,0,0,0
94.89,0.164546,0,0,0
94.895,0.179711,0,0,0
94.9,0.152689,0,0,0
94.905,0.149621,0,0,0
94.91,0.140652,0,0,0
94.915,0.138121,0,0,0
94.92,0.13936,0,0,0
94.925,0.152214,0,0,0
94.93,0.14867,0,0,0
94.935,0.174781,0,0,0
94.94,0.164149,0,0,0
94.945,0.179692,0,0,0
94.95,0.166748,0,0,0
94.955,0.166997,0,0,0
94.96,0.181959,0,0,0
94.965,0.205063,0,0,0
94.97,0.205586,0,0,0
94.975,0.210498,0,0,0
94.98,0.205473,0,0,0
94.985,0.227266,0,0,0
94.99,0.21978,0,0,0
94.995,0.201499,0,0,0
95,0.171547,0,0,0
95.005,0.167341,0,0,0
95.01,0.156522,0,0,0
95.015,0.187217,0,0,0
95.02,0.188254,0,0,0
95.025,0.18426,0,0,0
95.03,0.160284,0,0,0
95.035,0.154081,0,0,0
95.04,0.144602,0,0,0
95.045,0.146698,0,0,0
95.05,0.140456,0,0,0
95.055,0.140852,0,0,0
95.06,0.162769,0,0,0
95.065,0.169894,0,0,0
95.07,0.184373,0,0,0
95.075,0.18389,0,0,0
95.08,0.157405,0,0,0
95.085,0.16126,0,0,0
95.09,0.169248,0,0,0
95.095,0.171688,0,0,0
95.1,0.168855,0,0,0
95.105,0.162131,0,0,0
95.11,0.152626,0,0,0
95.115,0.157827,0,0,0
95.12,0.148944,0,0,0
95.125,0.174984,0,0,0
95.13,0.183558,0,0,0
95.135,0.17263,0,0,0
95.14,0.170017,0,0,0
95.145,0.168258,0,0,0
95.15,0.168171,0,0,0
95.155,0.152265,0,0,0
95.16,0.125285,0,0,0
95.165,0.117299,0,0,0
95.17,0.136035,0,0,0
95.175,0.132567,0,0,0
95.18,0.136747,0,0,0
95.185,0.136016,0,0,0
95.19,0.134563,0,0,0
95.195,0.134085,0,0,0
95.2,0.128542,0,0,0
95.205,0.123874,0,0,0
95.21,0.15481,0,0,0
95.215,0.179965,0,0,0
95.22,0.177946,0,0,0
95.225,0.158104,0,0,0
95.23,0.131854,0,0,0
95.235,0.117881,0,0,0
95.24,0.126226,0,0,0
95.245,0.118343,0,0,0
95.25,0.122362,0,0,0
95.255,0.126002,0,0,0
95.26,0.164774,0,0,0
95.265,0.185106,0,0,0
95.27,0.193007,0,0,0
95.275,0.191268,0,0,0
95.28,0.18479,0,0,0
95.285,0.20007,0,0,0
95.29,0.196208,0,0,0
95.295,0.166968,0,0,0
95.3,0.146872,0,0,0
95.305,0.119979,0,0,0
95.31,0.105678,0,0,0
95.315,0.116122,0,0,0
95.32,0.137981,0,0,0
95.325,0.161465,0,0,0
95.33,0.151147,0,0,0
95.335,0.141526,0,0,0
95.34,0.138359,0,0,0
95.345,0.138194,0,0,0
95.35,0.138886,0,0,0
95.355,0.171598,0,0,0
95.36,0.199332,0,0,0
95.365,0.22208,0,0,0
95.37,0.174999,0,0,0
95.375,0.152422,0,0,0
95.38,0.143074,0,0,0
95.385,0.158331,0,0,0
95.39,0.149759,0,0,0
95.395,0.119914,0,0,0
95.4,0.11479,0,0,0
95.405,0.135643,0,0,0
95.41,0.162728,0,0,0
95.415,0.168788,0,0,0
95.42,0.17793,0,0,0
95.425,0.163484,0,0,0
95.43,0.173482,0,0,0
95.435,0.160764,0,0,0
95.44,0.150936,0,0,0
95.445,0.164879,0,0,0
95.45,0.170916,0,0,0
95.455,0.193517,0,0,0
95.46,0.176173,0,0,0
95.465,0.164061,0,0,0
95.47,0.156641,0,0,0
95.475,0.152782,0,0,0
95.48,0.162749,0,0,0
95.485,0.195583,0,0,0
95.49,0.177179,0,0,0
95.495,0.19384,0,0,0
95.5,0.216884,0,0,0
95.505,0.208411,0,0,0
95.51,0.201297,0,0,0
95.515,0.168279,0,0,0
95.52,0.16699,0,0,0
95.525,0.184047,0,0,0
95.53,0.17001,0,0,0
95.535,0.165276,0,0,0
95.54,0.158329,0,0,0
95.545,0.160418,0,0,0
95.55,0.166118,0,0,0
95.555,0.20719,0,0,0
95.56,0.242087,0,0,0
95.565,0.247792,0,0,0
95.57,0.224521,0,0,0
95.575,0.2154,0,0,0
95.58,0.221161,0,0,0
95.585,0.226847,0,0,0
95.59,0.197181,0,0,0
95.595,0.162431,0,0,0
95.6,0.119082,0,0,0
95.605,0.14063,0,0,0
95.61,0.144473,0,0,0
95.615,0.177827,0,0,0
95.62,0.155221,0,0,0
95.625,0.138747,0,0,0
95.63,0.144158,0,0,0
95.635,0.151551,0,0,0
95.64,0.147033,0,0,0
95.645,0.114077,0,0,0
95.65,0.115419,0,0,0
95.655,0.127288,0,0,0
95.66,0.153549,0,0,0
95.665,0.170364,0,0,0
95.67,0.156301,0,0,0
95.675,0.197797,0,0,0
95.68,0.159519,0,0,0
95.685,0.166189,0,0,0
95.69,0.124088,0,0,0
95.695,0.135499,0,0,0
95.7,0.142686,0,0,0
95.705,0.165497,0,0,0
95.71,0.154281,0,0,0
95.715,0.158871,0,0,0
95.72,0.126149,0,0,0
95.725,0.129644,0,0,0
95.73,0.104747,0,0,0
95.735,0.118485,0,0,0
95.74,0.197006,0,0,0
95.745,0.20553,0,0,0
95.75,0.218018,0,0,0
95.755,0.123977,0,0,0
95.76,0.107645,0,0,0
95.765,0.106278,0,0,0
95.77,0.151402,0,0,0
95.775,0.179235,0,0,0
95.78,0.180993,0,0,0
95.785,0.205875,0,0,0
95.79,0.298244,0,0,0
95.795,0.309214,0,0,0
95.8,0.286737,0,0,0
95.805,0.202455,0,0,0
95.81,0.213233,0,0,0
95.815,0.210591,0,0,0
95.82,0.172663,0,0,0
95.825,0.0977961,0,0,0
95.83,0.0981188,0,0,0
95.835,0.0932261,0,0,0
95.84,0.0953331,0,0,0
95.845,0.0983428,0,0,0
95.85,0.130023,0,0,0
95.855,0.16292,0,0,0
95.86,0.159387,0,0,0
95.865,0.139856,0,0,0
95.87,0.134638,0,0,0
95.875,0.131615,0,0,0
95.88,0.132646,0,0,0
95.885,0.132876,0,0,0
95.89,0.145482,0,0,0
95.895,0.145482,0,0,0
95.9,0.133653,0,0,0
95.905,0.126072,0,0,0
95.91,0.126072,0,0,0
95.915,0.128797,0,0,0
95.92,0.134462,0,0,0
95.925,0.130446,0,0,0
95.93,0.13313,0,0,0
95.935,0.140832,0,0,0
95.94,0.140307,0,0,0
95.945,0.140311,0,0,0
95.95,0.125699,0,0,0
95.955,0.144177,0,0,0
95.96,0.144177,0,0,0
95.965,0.151692,0,0,0
95.97,0.176603,0,0,0
95.975,0.176603,0,0,0
95.98,0.183937,0,0,0
95.985,0.0476202,0,0,0
95.99,0.0436264,0,0,0
95.995,0.0437075,0,0,0
96,0.0135781,0,0,0
