two_theta,y_obs,y_calc,y_bkg,y_diff
3.875,0.29695,0.321494,0.321494,-0.0245442
3.88,0.306331,0.322157,0.322157,-0.0158254
3.885,0.265384,0.322819,0.322819,-0.0574343
3.89,0.246686,0.32348,0.32348,-0.0767943
3.895,0.238279,0.324142,0.324142,-0.0858622
3.9,0.366013,0.324803,0.324803,0.0412104
3.905,0.389534,0.325463,0.325463,0.0640702
3.91,0.305856,0.326124,0.326124,-0.0202677
3.915,0.271975,0.326784,0.326784,-0.0548084
3.92,0.266083,0.327443,0.327443,-0.0613601
3.925,0.282862,0.328103,0.328103,-0.0452409
3.93,0.240795,0.328762,0.328762,-0.0879668
3.935,0.157316,0.32942,0.32942,-0.172104
3.94,0.207126,0.330079,0.330079,-0.122953
3.945,0.235978,0.330737,0.330737,-0.0947583
3.95,0.303083,0.331394,0.331394,-0.0283113
3.955,0.377689,0.332052,0.332052,0.0456371
3.96,0.39927,0.332709,0.332709,0.0665614
3.965,0.405552,0.333365,0.333365,0.0721867
3.97,0.347998,0.334021,0.334021,0.0139766
3.975,0.326385,0.334677,0.334677,-0.0082927
3.98,0.296928,0.335333,0.335333,-0.0384052
3.985,0.300808,0.335988,0.335988,-0.0351802
3.99,0.330647,0.336643,0.336643,-0.00599666
3.995,0.33901,0.337298,0.337298,0.00171253
4,0.326402,0.337952,0.337952,-0.0115498
4.005,0.294691,0.338606,0.338606,-0.043915
4.01,0.35186,0.33926,0.33926,0.0126002
4.015,0.381127,0.339913,0.339913,0.0412144
4.02,0.390393,0.340566,0.340566,0.0498275
4.025,0.39623,0.341218,0.341218,0.0550115
4.03,0.387107,0.341871,0.341871,0.0452366
4.035,0.430711,0.342523,0.342523,0.0881879
4.04,0.397294,0.343174,0.343174,0.0541194
4.045,0.3823,0.343825,0.343825,0.0384746
4.05,0.362168,0.344476,0.344476,0.0176916
4.055,0.34819,0.345127,0.345127,0.00306286
4.06,0.367526,0.345777,0.345777,0.0217492
4.065,0.386675,0.346427,0.346427,0.0402483
4.07,0.375383,0.347077,0.347077,0.0283061
4.075,0.375311,0.347726,0.347726,0.0275854
4.08,0.333302,0.348375,0.348375,-0.0150726
4.085,0.317789,0.349023,0.349023,-0.0312338
4.09,0.272285,0.349671,0.349671,-0.0773868
4.095,0.291228,0.350319,0.350319,-0.0590912
4.1,0.296889,0.350967,0.350967,-0.0540778
4.105,0.315133,0.351614,0.351614,-0.0364811
4.11,0.322653,0.352261,0.352261,-0.0296084
4.115,0.305675,0.352908,0.352908,-0.0472325
4.12,0.280131,0.353554,0.353554,-0.0734223
4.125,0.27832,0.3542,0.3542,-0.0758792
4.13,0.338173,0.354845,0.354845,-0.0166726
4.135,0.368968,0.35549,0.35549,0.0134779
4.14,0.36858,0.356135,0.356135,0.0124444
4.145,0.324629,0.35678,0.35678,-0.0321509
4.15,0.312294,0.357424,0.357424,-0.0451303
4.155,0.294544,0.358068,0.358068,-0.0635235
4.16,0.287132,0.358711,0.358711,-0.0715795
4.165,0.293962,0.359355,0.359355,-0.0653925
4.17,0.320607,0.359998,0.359998,-0.0393904
4.175,0.334013,0.36064,0.36064,-0.026627
4.18,0.362185,0.361282,0.361282,0.000902319
4.185,0.371528,0.361924,0.361924,0.00960349
4.19,0.372576,0.362566,0.362566,0.0100107
4.195,0.360414,0.363207,0.363207,-0.0027932
4.2,0.34912,0.363848,0.363848,-0.0147278
4.205,0.313291,0.364488,0.364488,-0.0511979
4.21,0.271013,0.365129,0.365129,-0.0941158
4.215,0.254634,0.365768,0.365768,-0.111134
4.22,0.27234,0.366408,0.366408,-0.0940684
4.225,0.305539,0.367047,0.367047,-0.0615083
4.23,0.302461,0.367686,0.367686,-0.0652249
4.235,0.286711,0.368325,0.368325,-0.0816134
4.24,0.280127,0.368963,0.368963,-0.0888356
4.245,0.3267,0.369601,0.369601,-0.0429013
4.25,0.316654,0.370238,0.370238,-0.0535844
4.255,0.282145,0.370876,0.370876,-0.0887307
4.26,0.25002,0.371512,0.371512,-0.121492
4.265,0.262815,0.372149,0.372149,-0.109334
4.27,0.294211,0.372785,0.372785,-0.0785745
4.275,0.291608,0.373421,0.373421,-0.081813
4.28,0.265026,0.374057,0.374057,-0.109031
4.285,0.283917,0.374692,0.374692,-0.0907746
4.29,0.330003,0.375327,0.375327,-0.0453238
4.295,0.358396,0.375961,0.375961,-0.0175653
4.3,0.378193,0.376596,0.376596,0.0015976
4.305,0.354873,0.37723,0.37723,-0.0223566
4.31,0.375163,0.377863,0.377863,-0.00270007
4.315,0.37163,0.378496,0.378496,-0.00686631
4.32,0.370861,0.379129,0.379129,-0.00826818
4.325,0.371934,0.379762,0.379762,-0.00782833
4.33,0.368089,0.380394,0.380394,-0.0123053
4.335,0.386169,0.381026,0.381026,0.00514325
4.34,0.361883,0.381658,0.381658,-0.0197746
4.345,0.362612,0.382289,0.382289,-0.0196772
4.35,0.373148,0.38292,0.38292,-0.00977187
4.355,0.366916,0.383551,0.383551,-0.0166343
4.36,0.349854,0.384181,0.384181,-0.0343271
4.365,0.359813,0.384811,0.384811,-0.024998
4.37,0.381759,0.38544,0.38544,-0.00368131
4.375,0.376607,0.38607,0.38607,-0.00946248
4.38,0.354653,0.386699,0.386699,-0.032046
4.385,0.346284,0.387327,0.387327,-0.0410433
4.39,0.359126,0.387956,0.387956,-0.0288301
4.395,0.366566,0.388584,0.388584,-0.0220175
4.4,0.341953,0.389211,0.389211,-0.0472583
4.405,0.37158,0.389839,0.389839,-0.0182587
4.41,0.399133,0.390466,0.390466,0.00866784
4.415,0.397889,0.391092,0.391092,0.00679628
4.42,0.345026,0.391719,0.391719,-0.0466931
4.425,0.303795,0.392345,0.392345,-0.0885497
4.43,0.338959,0.39297,0.39297,-0.0540115
4.435,0.362424,0.393596,0.393596,-0.0311714
4.44,0.398976,0.394221,0.394221,0.00475549
4.445,0.366907,0.394845,0.394845,-0.0279386
4.45,0.347922,0.39547,0.39547,-0.0475478
4.455,0.316604,0.396094,0.396094,-0.0794893
4.46,0.281852,0.396717,0.396717,-0.114866
4.465,0.291342,0.397341,0.397341,-0.105999
4.47,0.311827,0.397964,0.397964,-0.086137
4.475,0.364108,0.398587,0.398587,-0.0344785
4.48,0.353341,0.399209,0.399209,-0.0458678
4.485,0.329725,0.399831,0.399831,-0.0701061
4.49,0.289591,0.400453,0.400453,-0.110862
4.495,0.286092,0.401074,0.401074,-0.114982
4.5,0.318257,0.401695,0.401695,-0.0834379
4.505,0.351396,0.402316,0.402316,-0.0509203
4.51,0.375228,0.402937,0.402937,-0.0277084
4.515,0.415516,0.403557,0.403557,0.0119591
4.52,0.452129,0.404177,0.404177,0.047953
4.525,0.472797,0.404796,0.404796,0.0680006
4.53,0.419754,0.405415,0.405415,0.0143394
4.535,0.36961,0.406034,0.406034,-0.0364235
4.54,0.344482,0.406652,0.406652,-0.06217
4.545,0.328755,0.407271,0.407271,-0.0785153
4.55,0.358035,0.407888,0.407888,-0.0498537
4.555,0.368702,0.408506,0.408506,-0.0398043
4.56,0.40308,0.409123,0.409123,-0.00604351
4.565,0.385748,0.40974,0.40974,-0.023992
4.57,0.375488,0.410356,0.410356,-0.0348683
4.575,0.370117,0.410973,0.410973,-0.0408557
4.58,0.395774,0.411589,0.411589,-0.0158142
4.585,0.417054,0.412204,0.412204,0.00484961
4.59,0.454093,0.412819,0.412819,0.0412735
4.595,0.473583,0.413434,0.413434,0.060149
4.6,0.476249,0.414049,0.414049,0.0622005
4.605,0.475947,0.414663,0.414663,0.0612838
4.61,0.463966,0.415277,0.415277,0.0486891
4.615,0.422448,0.415891,0.415891,0.00655759
4.62,0.411481,0.416504,0.416504,-0.00502281
4.625,0.396741,0.417117,0.417117,-0.0203756
4.63,0.402734,0.417729,0.417729,-0.0149952
4.635,0.376727,0.418342,0.418342,-0.0416145
4.64,0.350796,0.418954,0.418954,-0.0681579
4.645,0.348208,0.419565,0.419565,-0.0713577
4.65,0.360086,0.420177,0.420177,-0.0600907
4.655,0.344048,0.420788,0.420788,-0.0767393
4.66,0.355861,0.421398,0.421398,-0.065537
4.665,0.385409,0.422009,0.422009,-0.0365998
4.67,0.41392,0.422619,0.422619,-0.00869857
4.675,0.447492,0.423228,0.423228,0.0242632
4.68,0.460035,0.423838,0.423838,0.036197
4.685,0.443134,0.424447,0.424447,0.0186867
4.69,0.419694,0.425056,0.425056,-0.0053612
4.695,0.412351,0.425664,0.425664,-0.0133127
4.7,0.46002,0.426272,0.426272,0.0337482
4.705,0.453478,0.42688,0.42688,0.0265985
4.71,0.443954,0.427487,0.427487,0.0164668
4.715,0.42656,0.428095,0.428095,-0.00153457
4.72,0.452736,0.428701,0.428701,0.0240345
4.725,0.463674,0.429308,0.429308,0.0343659
4.73,0.468646,0.429914,0.429914,0.0387317
4.735,0.472927,0.43052,0.43052,0.0424074
4.74,0.463819,0.431125,0.431125,0.032694
4.745,0.458375,0.431731,0.431731,0.0266448
4.75,0.456721,0.432335,0.432335,0.024386
4.755,0.474651,0.43294,0.43294,0.0417109
4.76,0.475492,0.433544,0.433544,0.0419473
4.765,0.450917,0.434148,0.434148,0.0167687
4.77,0.445675,0.434752,0.434752,0.010923
4.775,0.43286,0.435355,0.435355,-0.00249551
4.78,0.439657,0.435958,0.435958,0.00369924
4.785,0.446709,0.436561,0.43656,0.0101477
4.79,0.458968,0.437163,0.437163,0.0218052
4.795,0.443714,0.437765,0.437765,0.00594918
4.8,0.442576,0.438367,0.438366,0.00420973
4.805,0.483302,0.438968,0.438968,0.0443342
4.81,0.525288,0.439569,0.439569,0.0857186
4.815,0.518905,0.44017,0.440169,0.078735
4.82,0.483217,0.44077,0.44077,0.0424468
4.825,0.447708,0.44137,0.44137,0.00633795
4.83,0.439882,0.44197,0.44197,-0.00208766
4.835,0.408138,0.442569,0.442569,-0.0344311
4.84,0.390254,0.443168,0.443168,-0.0529147
4.845,0.390431,0.443767,0.443767,-0.0533364
4.85,0.399219,0.444366,0.444365,-0.0451464
4.855,0.397796,0.444964,0.444963,-0.0471676
4.86,0.392152,0.445562,0.445561,-0.0534098
4.865,0.382636,0.446159,0.446159,-0.0635231
4.87,0.38981,0.446756,0.446756,-0.0569462
4.875,0.425527,0.447353,0.447353,-0.021826
4.88,0.457922,0.44795,0.447949,0.0099724
4.885,0.480729,0.448546,0.448546,0.0321832
4.89,0.464012,0.449142,0.449141,0.0148704
4.895,0.422297,0.449737,0.449737,-0.0274406
4.9,0.406036,0.450333,0.450332,-0.0442962
4.905,0.413282,0.450927,0.450927,-0.0376453
4.91,0.421991,0.451522,0.451522,-0.0295313
4.915,0.407992,0.452116,0.452116,-0.044124
4.92,0.415494,0.45271,0.45271,-0.0372161
4.925,0.452213,0.453304,0.453304,-0.00109093
4.93,0.484511,0.453897,0.453897,0.0306134
4.935,0.495004,0.45449,0.45449,0.0405136
4.94,0.468613,0.455083,0.455083,0.0135298
4.945,0.465929,0.455675,0.455675,0.010253
4.95,0.465997,0.456268,0.456267,0.0097299
4.955,0.457542,0.456859,0.456859,0.00068287
4.96,0.447306,0.457451,0.45745,-0.0101444
4.965,0.423096,0.458042,0.458042,-0.034946
4.97,0.426152,0.458633,0.458632,-0.0324807
4.975,0.41353,0.459223,0.459223,-0.045693
4.98,0.397566,0.459813,0.459813,-0.062247
4.985,0.417831,0.460403,0.460403,-0.0425718
4.99,0.462985,0.460993,0.460992,0.00199227
4.995,0.491916,0.461582,0.461582,0.0303342
5,0.503252,0.462171,0.46217,0.0410815
5.005,0.469058,0.462759,0.462759,0.00629882
5.01,0.455305,0.463348,0.463347,-0.00804215
5.015,0.450356,0.463936,0.463935,-0.0135793
5.02,0.516842,0.464523,0.464523,0.0523191
5.025,0.532998,0.46511,0.46511,0.0678877
5.03,0.527475,0.465697,0.465697,0.061778
5.035,0.482775,0.466284,0.466284,0.0164913
5.04,0.443505,0.46687,0.46687,-0.0233657
5.045,0.453108,0.467456,0.467456,-0.0143488
5.05,0.448917,0.468042,0.468042,-0.019125
5.055,0.480362,0.468628,0.468627,0.0117347
5.06,0.494473,0.469213,0.469212,0.0252599
5.065,0.499751,0.469797,0.469797,0.0299531
5.07,0.486209,0.470382,0.470382,0.0158266
5.075,0.471489,0.470966,0.470966,0.000523388
5.08,0.481057,0.47155,0.47155,0.00950708
5.085,0.519595,0.472133,0.472133,0.0474614
5.09,0.545243,0.472717,0.472716,0.0725263
5.095,0.534669,0.473299,0.473299,0.0613698
5.1,0.508261,0.473882,0.473882,0.0343786
5.105,0.492325,0.474464,0.474464,0.0178606
5.11,0.470097,0.475046,0.475046,-0.00494917
5.115,0.464555,0.475628,0.475628,-0.011073
5.12,0.423494,0.476209,0.476209,-0.0527152
5.125,0.433686,0.47679,0.47679,-0.0431042
5.13,0.443149,0.477371,0.477371,-0.0342223
5.135,0.471145,0.477951,0.477951,-0.00680628
5.14,0.491697,0.478531,0.478531,0.0131662
5.145,0.491273,0.479111,0.479111,0.0121619
5.15,0.48148,0.47969,0.47969,0.00178957
5.155,0.481431,0.480269,0.480269,0.0011618
5.16,0.478997,0.480848,0.480848,-0.00185093
5.165,0.513055,0.481427,0.481426,0.0316285
5.17,0.560815,0.482005,0.482005,0.0788102
5.175,0.602259,0.482583,0.482582,0.119676
5.18,0.617429,0.48316,0.48316,0.134268
5.185,0.575277,0.483737,0.483737,0.0915392
5.19,0.541245,0.484314,0.484314,0.0569303
5.195,0.498095,0.484891,0.484891,0.0132041
5.2,0.492242,0.485467,0.485467,0.0067749
5.205,0.480794,0.486043,0.486043,-0.00524913
5.21,0.477135,0.486619,0.486619,-0.00948352
5.215,0.500818,0.487194,0.487194,0.0136235
5.22,0.508553,0.487769,0.487769,0.0207841
5.225,0.510723,0.488344,0.488344,0.0223792
5.23,0.48597,0.488918,0.488918,-0.00294805
5.235,0.454181,0.489492,0.489492,-0.0353114
5.24,0.442835,0.490066,0.490066,-0.0472308
5.245,0.456557,0.49064,0.490639,-0.0340825
5.25,0.491599,0.491213,0.491212,0.000385821
5.255,0.526368,0.491786,0.491785,0.0345825
5.26,0.545111,0.492358,0.492358,0.0527527
5.265,0.546569,0.49293,0.49293,0.053639
5.27,0.529404,0.493502,0.493502,0.0359016
5.275,0.495715,0.494074,0.494074,0.0016407
5.28,0.474209,0.494645,0.494645,-0.020436
5.285,0.465974,0.495216,0.495216,-0.0292425
5.29,0.459938,0.495787,0.495786,-0.0358485
5.295,0.467877,0.496357,0.496357,-0.0284803
5.3,0.481389,0.496927,0.496927,-0.0155377
5.305,0.51906,0.497497,0.497496,0.0215632
5.31,0.531326,0.498066,0.498066,0.0332596
5.315,0.557804,0.498635,0.498635,0.0591691
5.32,0.562123,0.499204,0.499204,0.0629187
5.325,0.560159,0.499773,0.499772,0.0603868
5.33,0.53161,0.500341,0.50034,0.0312694
5.335,0.510182,0.500909,0.500908,0.00927367
5.34,0.528026,0.501476,0.501476,0.0265501
5.345,0.554473,0.502043,0.502043,0.0524295
5.35,0.546953,0.50261,0.50261,0.044343
5.355,0.49416,0.503177,0.503177,-0.0090172
5.36,0.50531,0.503743,0.503743,0.00156671
5.365,0.539229,0.504309,0.504309,0.0349199
5.37,0.564491,0.504875,0.504874,0.0596161
5.375,0.538145,0.50544,0.50544,0.0327052
5.38,0.499848,0.506005,0.506005,-0.00615763
5.385,0.480606,0.50657,0.50657,-0.0259636
5.39,0.496281,0.507134,0.507134,-0.0108534
5.395,0.489598,0.507699,0.507698,-0.0181008
5.4,0.522528,0.508262,0.508262,0.0142653
5.405,0.554804,0.508826,0.508826,0.0459777
5.41,0.571914,0.509389,0.509389,0.062525
5.415,0.580504,0.509952,0.509952,0.0705518
5.42,0.576815,0.510514,0.510514,0.0663002
5.425,0.579169,0.511077,0.511076,0.0680923
5.43,0.576813,0.511639,0.511638,0.0651739
5.435,0.559733,0.5122,0.5122,0.0475323
5.44,0.554312,0.512762,0.512761,0.0415499
5.445,0.536781,0.513323,0.513322,0.023458
5.45,0.516176,0.513883,0.513883,0.00229247
5.455,0.495375,0.514444,0.514444,-0.019069
5.46,0.473309,0.515004,0.515004,-0.041695
5.465,0.474643,0.515564,0.515563,-0.0409212
5.47,0.492799,0.516123,0.516123,-0.0233242
5.475,0.504755,0.516682,0.516682,-0.0119271
5.48,0.535159,0.517241,0.517241,0.0179181
5.485,0.528648,0.5178,0.5178,0.0108478
5.49,0.52491,0.518358,0.518358,0.00655237
5.495,0.540945,0.518916,0.518916,0.0220286
5.5,0.552204,0.519474,0.519473,0.0327301
5.505,0.557075,0.520031,0.520031,0.0370438
5.51,0.540784,0.520588,0.520588,0.020196
5.515,0.526245,0.521145,0.521144,0.00510044
5.52,0.544268,0.521701,0.521701,0.0225664
5.525,0.561418,0.522257,0.522257,0.0391609
5.53,0.575151,0.522813,0.522813,0.0523382
5.535,0.547281,0.523369,0.523368,0.0239123
5.54,0.543155,0.523924,0.523923,0.019231
5.545,0.533166,0.524479,0.524478,0.00868764
5.55,0.529481,0.525033,0.525033,0.00444779
5.555,0.51293,0.525587,0.525587,-0.0126577
5.56,0.498534,0.526141,0.526141,-0.0276073
5.565,0.50786,0.526695,0.526695,-0.0188348
5.57,0.530095,0.527248,0.527248,0.00284711
5.575,0.545553,0.527801,0.527801,0.0177512
5.58,0.546436,0.528354,0.528354,0.0180822
5.585,0.555905,0.528907,0.528906,0.0269982
5.59,0.563338,0.529459,0.529458,0.0338794
5.595,0.568731,0.53001,0.53001,0.0387204
5.6,0.559187,0.530562,0.530562,0.0286247
5.605,0.551403,0.531113,0.531113,0.0202903
5.61,0.53334,0.531664,0.531664,0.00167563
5.615,0.540566,0.532215,0.532214,0.00835129
5.62,0.569419,0.532765,0.532765,0.0366538
5.625,0.581224,0.533315,0.533315,0.0479091
5.63,0.590361,0.533865,0.533864,0.0564962
5.635,0.600502,0.534414,0.534414,0.0660881
5.64,0.602177,0.534963,0.534963,0.0672142
5.645,0.607175,0.535512,0.535511,0.0716637
5.65,0.625393,0.53606,0.53606,0.0893325
5.655,0.637282,0.536608,0.536608,0.100674
5.66,0.654275,0.537156,0.537156,0.117119
5.665,0.649641,0.537704,0.537703,0.111937
5.67,0.638884,0.538251,0.538251,0.100633
5.675,0.635199,0.538798,0.538798,0.0964009
5.68,0.642209,0.539344,0.539344,0.102864
5.685,0.629891,0.539891,0.53989,0.0900002
5.69,0.601259,0.540437,0.540436,0.0608221
5.695,0.593019,0.540983,0.540982,0.0520364
5.7,0.601375,0.541528,0.541528,0.059847
5.705,0.607689,0.542073,0.542073,0.0656161
5.71,0.591163,0.542618,0.542617,0.0485449
5.715,0.560432,0.543162,0.543162,0.01727
5.72,0.569759,0.543706,0.543706,0.0260525
5.725,0.589413,0.54425,0.54425,0.0451626
5.73,0.594552,0.544794,0.544794,0.0497578
5.735,0.611488,0.545337,0.545337,0.0661511
5.74,0.622217,0.54588,0.54588,0.0763372
5.745,0.624235,0.546423,0.546423,0.0778123
5.75,0.630488,0.546965,0.546965,0.0835223
5.755,0.604325,0.547507,0.547507,0.0568176
5.76,0.610144,0.548049,0.548049,0.0620947
5.765,0.601394,0.54859,0.54859,0.0528031
5.77,0.614043,0.549132,0.549131,0.0649113
5.775,0.607251,0.549673,0.549672,0.0575784
5.78,0.611159,0.550213,0.550213,0.0609456
5.785,0.615625,0.550753,0.550753,0.0648714
5.79,0.635297,0.551293,0.551293,0.084004
5.795,0.640057,0.551833,0.551833,0.0882242
5.8,0.63777,0.552372,0.552372,0.085398
5.805,0.643167,0.552911,0.552911,0.0902555
5.81,0.635274,0.55345,0.55345,0.0818243
5.815,0.614688,0.553988,0.553988,0.0606996
5.82,0.581497,0.554527,0.554526,0.0269708
5.825,0.574017,0.555064,0.555064,0.0189522
5.83,0.570627,0.555602,0.555602,0.0150252
5.835,0.596502,0.556139,0.556139,0.0403625
5.84,0.607547,0.556676,0.556676,0.0508709
5.845,0.614378,0.557213,0.557212,0.0571648
5.85,0.630476,0.557749,0.557749,0.0727269
5.855,0.647857,0.558285,0.558285,0.0895724
5.86,0.664236,0.558821,0.55882,0.105416
5.865,0.651194,0.559356,0.559356,0.0918376
5.87,0.619183,0.559891,0.559891,0.0592916
5.875,0.603583,0.560426,0.560426,0.0431568
5.88,0.597164,0.560961,0.56096,0.0362033
5.885,0.578724,0.561495,0.561495,0.0172291
5.89,0.584307,0.562029,0.562028,0.0222778
5.895,0.627254,0.562562,0.562562,0.0646915
5.9,0.675738,0.563096,0.563095,0.112642
5.905,0.704638,0.563629,0.563628,0.141009
5.91,0.683961,0.564161,0.564161,0.119799
5.915,0.662541,0.564694,0.564693,0.0978476
5.92,0.652844,0.565226,0.565226,0.0876182
5.925,0.649529,0.565758,0.565757,0.0837717
5.93,0.675205,0.566289,0.566289,0.108916
5.935,0.71238,0.56682,0.56682,0.14556
5.94,0.733867,0.567351,0.567351,0.166516
5.945,0.711054,0.567882,0.567882,0.143172
5.95,0.66844,0.568412,0.568412,0.100028
5.955,0.666205,0.568942,0.568942,0.0972623
5.96,0.687015,0.569472,0.569472,0.117543
5.965,0.698209,0.570001,0.570001,0.128208
5.97,0.684391,0.570531,0.57053,0.113861
5.975,0.667638,0.571059,0.571059,0.0965782
5.98,0.657317,0.571588,0.571588,0.0857293
5.985,0.651601,0.572116,0.572116,0.0794845
5.99,0.653144,0.572644,0.572644,0.0804995
5.995,0.6491,0.573172,0.573171,0.0759279
6,0.622071,0.573699,0.573699,0.0483718
6.005,0.619691,0.574226,0.574226,0.0454646
6.01,0.600336,0.574753,0.574752,0.0255835
6.015,0.604681,0.575279,0.575279,0.0294015
6.02,0.620949,0.575805,0.575805,0.045144
6.025,0.648903,0.576331,0.576331,0.072572
6.03,0.628323,0.576857,0.576856,0.0514665
6.035,0.601691,0.577382,0.577382,0.0243094
6.04,0.590776,0.577907,0.577907,0.0128689
6.045,0.602295,0.578432,0.578431,0.0238636
6.05,0.617448,0.578956,0.578956,0.038492
6.055,0.623088,0.57948,0.57948,0.0436086
6.06,0.622136,0.580004,0.580003,0.0421323
6.065,0.640052,0.580527,0.580527,0.0595251
6.07,0.650133,0.58105,0.58105,0.0690826
6.075,0.690435,0.581573,0.581573,0.108862
6.08,0.696987,0.582096,0.582095,0.114891
6.085,0.656955,0.582618,0.582618,0.0743368
6.09,0.611998,0.58314,0.58314,0.0288585
6.095,0.595239,0.583662,0.583661,0.0115778
6.1,0.600504,0.584183,0.584183,0.0163214
6.105,0.603917,0.584704,0.584704,0.0192128
6.11,0.627625,0.585225,0.585224,0.0424005
6.115,0.639281,0.585745,0.585745,0.0535357
6.12,0.632191,0.586265,0.586265,0.0459259
6.125,0.601579,0.586785,0.586785,0.0147935
6.13,0.598967,0.587305,0.587305,0.0116622
6.135,0.611491,0.587824,0.587824,0.0236665
6.14,0.625829,0.588343,0.588343,0.0374856
6.145,0.650395,0.588862,0.588862,0.061533
6.15,0.683683,0.58938,0.58938,0.0943021
6.155,0.678,0.589898,0.589898,0.0881013
6.16,0.6625,0.590416,0.590416,0.072084
6.165,0.662169,0.590934,0.590933,0.0712347
6.17,0.661303,0.591451,0.591451,0.0698522
6.175,0.663726,0.591968,0.591968,0.0717576
6.18,0.661026,0.592485,0.592484,0.0685411
6.185,0.657676,0.593001,0.593001,0.0646753
6.19,0.663841,0.593517,0.593517,0.070324
6.195,0.673881,0.594033,0.594032,0.079848
6.2,0.67371,0.594548,0.594548,0.0791617
6.205,0.678086,0.595063,0.595063,0.0830231
6.21,0.692696,0.595578,0.595578,0.0971176
6.215,0.734604,0.596093,0.596092,0.138511
6.22,0.74539,0.596607,0.596607,0.148783
6.225,0.716401,0.597121,0.597121,0.11928
6.23,0.70263,0.597635,0.597634,0.104995
6.235,0.692433,0.598148,0.598148,0.0942846
6.24,0.703056,0.598661,0.598661,0.104395
6.245,0.67068,0.599174,0.599174,0.0715055
6.25,0.644155,0.599687,0.599686,0.0444686
6.255,0.636731,0.600199,0.600198,0.0365324
6.26,0.616726,0.600711,0.60071,0.0160153
6.265,0.634734,0.601222,0.601222,0.0335116
6.27,0.659536,0.601734,0.601733,0.0578018
6.275,0.684742,0.602245,0.602244,0.0824972
6.28,0.693235,0.602755,0.602755,0.0904797
6.285,0.697141,0.603266,0.603266,0.0938748
6.29,0.710752,0.603776,0.603776,0.106976
6.295,0.747549,0.604286,0.604286,0.143263
6.3,0.760469,0.604796,0.604795,0.155674
6.305,0.750054,0.605305,0.605305,0.144749
6.31,0.736259,0.605814,0.605813,0.130445
6.315,0.709654,0.606323,0.606322,0.103332
6.32,0.705724,0.606831,0.606831,0.0988929
6.325,0.705955,0.607339,0.607339,0.0986163
6.33,0.696114,0.607847,0.607847,0.088267
6.335,0.702477,0.608354,0.608354,0.0941221
6.34,0.713294,0.608862,0.608861,0.104432
6.345,0.730829,0.609369,0.609368,0.12146
6.35,0.778213,0.609875,0.609875,0.168337
6.355,0.770892,0.610382,0.610381,0.16051
6.36,0.7596,0.610888,0.610887,0.148712
6.365,0.75701,0.611393,0.611393,0.145616
6.37,0.755361,0.611899,0.611899,0.143462
6.375,0.77063,0.612404,0.612404,0.158226
6.38,0.757883,0.612909,0.612909,0.144974
6.385,0.741672,0.613414,0.613413,0.128259
6.39,0.746737,0.613918,0.613918,0.132819
6.395,0.768878,0.614422,0.614422,0.154456
6.4,0.750693,0.614926,0.614925,0.135767
6.405,0.744841,0.615429,0.615429,0.129411
6.41,0.711091,0.615932,0.615932,0.0951584
6.415,0.735398,0.616435,0.616435,0.118963
6.42,0.77398,0.616938,0.616937,0.157042
6.425,0.7646,0.61744,0.61744,0.14716
6.43,0.768582,0.617942,0.617942,0.15064
6.435,0.771415,0.618444,0.618443,0.152971
6.44,0.777814,0.618945,0.618945,0.158869
6.445,0.756778,0.619446,0.619446,0.137332
6.45,0.714841,0.619947,0.619947,0.0948942
6.455,0.690703,0.620448,0.620447,0.0702556
6.46,0.69622,0.620948,0.620948,0.0752723
6.465,0.696167,0.621448,0.621447,0.0747189
6.47,0.680151,0.621947,0.621947,0.0582032
6.475,0.657251,0.622447,0.622447,0.0348039
6.48,0.657255,0.622946,0.622946,0.0343087
6.485,0.673042,0.623445,0.623444,0.0495975
6.49,0.702009,0.623943,0.623943,0.0780656
6.495,0.717659,0.624441,0.624441,0.0932173
6.5,0.729463,0.624939,0.624939,0.104523
6.505,0.7373,0.625437,0.625437,0.111863
6.51,0.752732,0.625934,0.625934,0.126798
6.515,0.767886,0.626431,0.626431,0.141454
6.52,0.789234,0.626928,0.626928,0.162306
6.525,0.817122,0.627425,0.627424,0.189698
6.53,0.813546,0.627921,0.627921,0.185625
6.535,0.801893,0.628417,0.628416,0.173476
6.54,0.744792,0.628912,0.628912,0.115879
6.545,0.689891,0.629408,0.629407,0.0604836
6.55,0.664119,0.629903,0.629902,0.034216
6.555,0.670888,0.630398,0.630397,0.0404906
6.56,0.684016,0.630892,0.630892,0.0531242
6.565,0.685718,0.631386,0.631386,0.0543317
6.57,0.70004,0.63188,0.63188,0.0681597
6.575,0.732298,0.632374,0.632373,0.0999245
6.58,0.76558,0.632867,0.632867,0.132713
6.585,0.749551,0.63336,0.63336,0.116191
6.59,0.699699,0.633853,0.633852,0.065846
6.595,0.667137,0.634345,0.634345,0.0327914
6.6,0.668374,0.634837,0.634837,0.0335368
6.605,0.674819,0.635329,0.635329,0.0394899
6.61,0.681767,0.635821,0.63582,0.045946
6.615,0.681623,0.636312,0.636312,0.0453109
6.62,0.689202,0.636803,0.636803,0.0523984
6.625,0.679091,0.637294,0.637293,0.0417973
6.63,0.691042,0.637784,0.637784,0.0532579
6.635,0.703884,0.638274,0.638274,0.0656093
6.64,0.714727,0.638764,0.638764,0.0759627
6.645,0.724012,0.639254,0.639253,0.0847582
6.65,0.713176,0.639743,0.639743,0.0734331
6.655,0.728193,0.640232,0.640232,0.0879608
6.66,0.74077,0.640721,0.64072,0.100049
6.665,0.747804,0.641209,0.641209,0.106595
6.67,0.74965,0.641697,0.641697,0.107953
6.675,0.74291,0.642185,0.642185,0.100724
6.68,0.734856,0.642673,0.642672,0.0921835
6.685,0.719303,0.64316,0.64316,0.0761433
6.69,0.716342,0.643647,0.643647,0.0726945
6.695,0.715607,0.644134,0.644133,0.0714733
6.7,0.740561,0.64462,0.64462,0.0959407
6.705,0.750806,0.645106,0.645106,0.105699
6.71,0.754611,0.645592,0.645592,0.109018
6.715,0.747192,0.646078,0.646077,0.101114
6.72,0.721322,0.646563,0.646563,0.0747585
6.725,0.712188,0.647048,0.647048,0.0651402
6.73,0.736113,0.647533,0.647532,0.0885799
6.735,0.750262,0.648017,0.648017,0.102244
6.74,0.720507,0.648501,0.648501,0.072006
6.745,0.714066,0.648985,0.648985,0.0650811
6.75,0.720614,0.649469,0.649468,0.0711448
6.755,0.744361,0.649952,0.649952,0.0944093
6.76,0.769917,0.650435,0.650435,0.119481
6.765,0.774675,0.650918,0.650917,0.123758
6.77,0.767928,0.6514,0.6514,0.116527
6.775,0.749058,0.651882,0.651882,0.097176
6.78,0.717105,0.652364,0.652364,0.0647405
6.785,0.719016,0.652846,0.652845,0.0661704
6.79,0.741501,0.653327,0.653327,0.0881737
6.795,0.769157,0.653808,0.653808,0.115349
6.8,0.790653,0.654289,0.654288,0.136364
6.805,0.803893,0.654769,0.654769,0.149124
6.81,0.813049,0.655249,0.655249,0.1578
6.815,0.816524,0.655729,0.655729,0.160795
6.82,0.810282,0.656209,0.656209,0.154074
6.825,0.798004,0.656688,0.656688,0.141316
6.83,0.767511,0.657167,0.657167,0.110344
6.835,0.757106,0.657646,0.657646,0.0994603
6.84,0.771595,0.658124,0.658124,0.11347
6.845,0.786872,0.658603,0.658602,0.128269
6.85,0.813997,0.659081,0.65908,0.154916
6.855,0.815096,0.659558,0.659558,0.155538
6.86,0.786765,0.660035,0.660035,0.126729
6.865,0.770488,0.660512,0.660512,0.109975
6.87,0.771989,0.660989,0.660989,0.111
6.875,0.800571,0.661466,0.661465,0.139105
6.88,0.802636,0.661942,0.661942,0.140694
6.885,0.793919,0.662418,0.662417,0.131501
6.89,0.777275,0.662893,0.662893,0.114382
6.895,0.770869,0.663369,0.663368,0.1075
6.9,0.770036,0.663844,0.663843,0.106192
6.905,0.779503,0.664319,0.664318,0.115185
6.91,0.775488,0.664793,0.664793,0.110695
6.915,0.774249,0.665267,0.665267,0.108981
6.92,0.748426,0.665741,0.665741,0.0826846
6.925,0.731857,0.666215,0.666215,0.0656417
6.93,0.71829,0.666688,0.666688,0.0516017
6.935,0.734316,0.667161,0.667161,0.067155
6.94,0.742558,0.667634,0.667634,0.0749235
6.945,0.749376,0.668107,0.668106,0.0812692
6.95,0.771684,0.668579,0.668579,0.103105
6.955,0.80121,0.669051,0.669051,0.132159
6.96,0.813749,0.669523,0.669522,0.144226
6.965,0.792884,0.669994,0.669994,0.12289
6.97,0.770292,0.670465,0.670465,0.0998268
6.975,0.77258,0.670936,0.670936,0.101644
6.98,0.771848,0.671407,0.671406,0.100441
6.985,0.78488,0.671877,0.671876,0.113003
6.99,0.799325,0.672347,0.672346,0.126978
6.995,0.820296,0.672817,0.672816,0.147479
7,0.836055,0.673286,0.673286,0.162769
7.005,0.818511,0.673755,0.673755,0.144756
7.01,0.805832,0.674224,0.674224,0.131608
7.015,0.80681,0.674693,0.674692,0.132117
7.02,0.801584,0.675161,0.675161,0.126423
7.025,0.807045,0.675629,0.675629,0.131416
7.03,0.803379,0.676097,0.676096,0.127283
7.035,0.802201,0.676564,0.676564,0.125637
7.04,0.805104,0.677031,0.677031,0.128073
7.045,0.800945,0.677498,0.677498,0.123446
7.05,0.777852,0.677965,0.677965,0.0998869
7.055,0.75764,0.678431,0.678431,0.0792088
7.06,0.752472,0.678897,0.678897,0.0735745
7.065,0.77472,0.679363,0.679363,0.0953569
7.07,0.810078,0.679829,0.679828,0.130249
7.075,0.811394,0.680294,0.680294,0.1311
7.08,0.81917,0.680759,0.680759,0.138411
7.085,0.819956,0.681224,0.681223,0.138732
7.09,0.816968,0.681688,0.681688,0.13528
7.095,0.802386,0.682152,0.682152,0.120234
7.1,0.801905,0.682616,0.682616,0.119289
7.105,0.81571,0.68308,0.683079,0.13263
7.11,0.820003,0.683543,0.683542,0.13646
7.115,0.817022,0.684006,0.684005,0.133016
7.12,0.816798,0.684469,0.684468,0.132329
7.125,0.800687,0.684931,0.684931,0.115756
7.13,0.782828,0.685393,0.685393,0.0974346
7.135,0.765214,0.685855,0.685855,0.0793593
7.14,0.765815,0.686317,0.686316,0.0794985
7.145,0.763501,0.686778,0.686778,0.0767229
7.15,0.761178,0.687239,0.687239,0.0739388
7.155,0.770233,0.6877,0.687699,0.0825333
7.16,0.775957,0.68816,0.68816,0.0877964
7.165,0.785952,0.688621,0.68862,0.0973309
7.17,0.79711,0.689081,0.68908,0.10803
7.175,0.811751,0.68954,0.68954,0.122211
7.18,0.797743,0.69,0.689999,0.107743
7.185,0.771612,0.690459,0.690458,0.0811535
7.19,0.764385,0.690918,0.690917,0.0734678
7.195,0.783332,0.691376,0.691376,0.0919558
7.2,0.792832,0.691834,0.691834,0.100997
7.205,0.780176,0.692292,0.692292,0.0878839
7.21,0.760038,0.69275,0.69275,0.067288
7.215,0.741137,0.693208,0.693207,0.0479294
7.22,0.729308,0.693665,0.693664,0.035643
7.225,0.739353,0.694122,0.694121,0.0452316
7.23,0.780183,0.694578,0.694578,0.0856047
7.235,0.804677,0.695035,0.695034,0.109643
7.24,0.817113,0.695491,0.69549,0.121623
7.245,0.809154,0.695947,0.695946,0.113208
7.25,0.810148,0.696402,0.696402,0.113746
7.255,0.824969,0.696857,0.696857,0.128112
7.26,0.829581,0.697312,0.697312,0.132268
7.265,0.83201,0.697767,0.697767,0.134243
7.27,0.811598,0.698221,0.698221,0.113377
7.275,0.794772,0.698676,0.698675,0.0960963
7.28,0.786004,0.699129,0.699129,0.086875
7.285,0.777503,0.699583,0.699583,0.0779203
7.29,0.778589,0.700036,0.700036,0.078553
7.295,0.750011,0.700489,0.700489,0.0495214
7.3,0.74473,0.700942,0.700942,0.043788
7.305,0.75596,0.701395,0.701394,0.0545658
7.31,0.786264,0.701847,0.701847,0.0844172
7.315,0.818918,0.702299,0.702298,0.116619
7.32,0.821493,0.702751,0.70275,0.118743
7.325,0.817225,0.703202,0.703202,0.114023
7.33,0.80799,0.703653,0.703653,0.104337
7.335,0.797982,0.704104,0.704103,0.0938785
7.34,0.77796,0.704554,0.704554,0.0734051
7.345,0.759635,0.705005,0.705004,0.0546307
7.35,0.7539,0.705455,0.705454,0.0484455
7.355,0.752127,0.705905,0.705904,0.0462221
7.36,0.773336,0.706354,0.706354,0.0669824
7.365,0.786338,0.706803,0.706803,0.0795346
7.37,0.795272,0.707252,0.707252,0.0880196
7.375,0.792878,0.707701,0.7077,0.0851776
7.38,0.794808,0.708149,0.708149,0.0866586
7.385,0.800479,0.708597,0.708597,0.0918818
7.39,0.790469,0.709045,0.709045,0.0814244
7.395,0.787836,0.709493,0.709492,0.0783429
7.4,0.815121,0.70994,0.709939,0.105181
7.405,0.836812,0.710387,0.710387,0.126425
7.41,0.840708,0.710834,0.710833,0.129874
7.415,0.832613,0.71128,0.71128,0.121333
7.42,0.820893,0.711726,0.711726,0.109167
7.425,0.821478,0.712172,0.712172,0.109306
7.43,0.817013,0.712618,0.712617,0.104395
7.435,0.836949,0.713063,0.713063,0.123886
7.44,0.845763,0.713508,0.713508,0.132254
7.445,0.85293,0.713953,0.713953,0.138977
7.45,0.831145,0.714398,0.714397,0.116747
7.455,0.83271,0.714842,0.714842,0.117868
7.46,0.830959,0.715286,0.715286,0.115673
7.465,0.828856,0.71573,0.715729,0.113126
7.47,0.816539,0.716173,0.716173,0.100366
7.475,0.815653,0.716616,0.716616,0.0990364
7.48,0.807068,0.717059,0.717059,0.0900086
7.485,0.802842,0.717502,0.717502,0.0853404
7.49,0.789532,0.717944,0.717944,0.0715882
7.495,0.790884,0.718386,0.718386,0.0724976
7.5,0.776046,0.718828,0.718828,0.057218
7.505,0.769892,0.71927,0.719269,0.0506222
7.51,0.750663,0.719711,0.719711,0.0309518
7.515,0.750546,0.720152,0.720152,0.0303943
7.52,0.752989,0.720593,0.720592,0.0323958
7.525,0.776033,0.721033,0.721033,0.0549999
7.53,0.792328,0.721474,0.721473,0.0708542
7.535,0.796914,0.721913,0.721913,0.0750006
7.54,0.800886,0.722353,0.722353,0.0785329
7.545,0.79862,0.722792,0.722792,0.0758272
7.55,0.82679,0.723232,0.723231,0.103559
7.555,0.841054,0.72367,0.72367,0.117384
7.56,0.83425,0.724109,0.724109,0.110141
7.565,0.839613,0.724547,0.724547,0.115066
7.57,0.824935,0.724985,0.724985,0.0999499
7.575,0.820978,0.725423,0.725423,0.0955547
7.58,0.814852,0.725861,0.72586,0.0889909
7.585,0.811264,0.726298,0.726297,0.0849666
7.59,0.802445,0.726735,0.726734,0.0757103
7.595,0.804257,0.727171,0.727171,0.0770852
7.6,0.823762,0.727608,0.727608,0.0961544
7.605,0.86264,0.728044,0.728044,0.134596
7.61,0.894145,0.72848,0.72848,0.165665
7.615,0.910168,0.728916,0.728915,0.181252
7.62,0.908164,0.729351,0.72935,0.178813
7.625,0.923589,0.729786,0.729786,0.193803
7.63,0.924585,0.730221,0.73022,0.194364
7.635,0.907176,0.730655,0.730655,0.176521
7.64,0.879269,0.73109,0.731089,0.14818
7.645,0.841201,0.731523,0.731523,0.109677
7.65,0.82011,0.731957,0.731957,0.088153
7.655,0.809117,0.732391,0.73239,0.0767263
7.66,0.803827,0.732824,0.732823,0.0710031
7.665,0.796352,0.733257,0.733256,0.0630949
7.67,0.789933,0.733689,0.733689,0.0562436
7.675,0.786048,0.734122,0.734121,0.0519265
7.68,0.787297,0.734554,0.734553,0.0527431
7.685,0.790763,0.734986,0.734985,0.0557776
7.69,0.794036,0.735417,0.735417,0.0586182
7.695,0.80094,0.735849,0.735848,0.0650913
7.7,0.804024,0.73628,0.736279,0.0677439
7.705,0.787002,0.73671,0.73671,0.0502912
7.71,0.794954,0.737141,0.73714,0.0578133
7.715,0.818833,0.737571,0.737571,0.081262
7.72,0.8483,0.738001,0.738001,0.110299
7.725,0.852586,0.738431,0.73843,0.114155
7.73,0.825885,0.73886,0.73886,0.0870246
7.735,0.828255,0.739289,0.739289,0.0889661
7.74,0.83318,0.739718,0.739718,0.0934613
7.745,0.834636,0.740147,0.740146,0.0944891
7.75,0.833497,0.740575,0.740575,0.0929213
7.755,0.807587,0.741003,0.741003,0.0665833
7.76,0.808474,0.741431,0.741431,0.0670432
7.765,0.825346,0.741859,0.741858,0.0834876
7.77,0.826816,0.742286,0.742286,0.0845304
7.775,0.84357,0.742713,0.742713,0.100857
7.78,0.843655,0.74314,0.743139,0.100515
7.785,0.859727,0.743566,0.743566,0.116161
7.79,0.853108,0.743992,0.743992,0.109116
7.795,0.859268,0.744418,0.744418,0.11485
7.8,0.863157,0.744844,0.744844,0.118313
7.805,0.856324,0.745269,0.745269,0.111054
7.81,0.844404,0.745695,0.745694,0.0987091
7.815,0.830381,0.74612,0.746119,0.0842617
7.82,0.82533,0.746544,0.746544,0.0787861
7.825,0.832749,0.746968,0.746968,0.0857801
7.83,0.854626,0.747393,0.747392,0.107234
7.835,0.862272,0.747816,0.747816,0.114456
7.84,0.876406,0.74824,0.74824,0.128166
7.845,0.862709,0.748663,0.748663,0.114046
7.85,0.851459,0.749086,0.749086,0.102373
7.855,0.851968,0.749509,0.749509,0.102459
7.86,0.855709,0.749932,0.749931,0.105777
7.865,0.859213,0.750354,0.750353,0.108859
7.87,0.83995,0.750776,0.750775,0.0891741
7.875,0.81366,0.751197,0.751197,0.0624621
7.88,0.822574,0.751619,0.751618,0.0709548
7.885,0.836291,0.75204,0.75204,0.0842514
7.89,0.839621,0.752461,0.752461,0.0871597
7.895,0.835152,0.752882,0.752881,0.0822705
7.9,0.86743,0.753302,0.753302,0.114129
7.905,0.897308,0.753722,0.753722,0.143586
7.91,0.929234,0.754142,0.754141,0.175092
7.915,0.92958,0.754561,0.754561,0.175019
7.92,0.898895,0.754981,0.75498,0.143914
7.925,0.889382,0.7554,0.755399,0.133982
7.93,0.882536,0.755819,0.755818,0.126718
7.935,0.889285,0.756237,0.756237,0.133048
7.94,0.893533,0.756655,0.756655,0.136878
7.945,0.880572,0.757073,0.757073,0.123499
7.95,0.890237,0.757491,0.757491,0.132746
7.955,0.888926,0.757909,0.757908,0.131017
7.96,0.901585,0.758326,0.758325,0.143259
7.965,0.889993,0.758743,0.758742,0.13125
7.97,0.881769,0.759159,0.759159,0.122609
7.975,0.885287,0.759576,0.759575,0.125711
7.98,0.879623,0.759992,0.759992,0.119631
7.985,0.871751,0.760408,0.760407,0.111344
7.99,0.855173,0.760823,0.760823,0.0943492
7.995,0.861859,0.761239,0.761238,0.10062
8,0.869138,0.761654,0.761653,0.107484
8.005,0.9003,0.762069,0.762068,0.138231
8.01,0.913892,0.762483,0.762483,0.151409
8.015,0.914147,0.762898,0.762897,0.151249
8.02,0.888023,0.763312,0.763311,0.124711
8.025,0.858669,0.763725,0.763725,0.0949439
8.03,0.849309,0.764139,0.764139,0.0851703
8.035,0.855863,0.764552,0.764552,0.0913106
8.04,0.85761,0.764965,0.764965,0.0926444
8.045,0.866772,0.765378,0.765377,0.101394
8.05,0.875686,0.76579,0.76579,0.109896
8.055,0.886361,0.766203,0.766202,0.120159
8.06,0.894539,0.766615,0.766614,0.127925
8.065,0.903944,0.767026,0.767026,0.136918
8.07,0.9114,0.767438,0.767437,0.143962
8.075,0.900703,0.767849,0.767848,0.132854
8.08,0.870263,0.76826,0.768259,0.102003
8.085,0.855597,0.76867,0.76867,0.0869263
8.09,0.852535,0.769081,0.76908,0.0834542
8.095,0.872951,0.769491,0.76949,0.10346
8.1,0.888194,0.769901,0.7699,0.118293
8.105,0.871551,0.77031,0.77031,0.101241
8.11,0.875668,0.77072,0.770719,0.104949
8.115,0.872256,0.771129,0.771128,0.101128
8.12,0.875844,0.771537,0.771537,0.104307
8.125,0.868652,0.771946,0.771946,0.0967064
8.13,0.86229,0.772354,0.772354,0.0899359
8.135,0.872094,0.772762,0.772762,0.0993312
8.14,0.888965,0.77317,0.77317,0.115795
8.145,0.901772,0.773578,0.773577,0.128194
8.15,0.906831,0.773985,0.773984,0.132846
8.155,0.897231,0.774392,0.774391,0.12284
8.16,0.900698,0.774799,0.774798,0.125899
8.165,0.898601,0.775205,0.775205,0.123396
8.17,0.896918,0.775611,0.775611,0.121307
8.175,0.892271,0.776017,0.776017,0.116254
8.18,0.902427,0.776423,0.776422,0.126004
8.185,0.913883,0.776828,0.776828,0.137055
8.19,0.912053,0.777233,0.777233,0.13482
8.195,0.893052,0.777638,0.777638,0.115414
8.2,0.870633,0.778043,0.778042,0.0925902
8.205,0.881661,0.778447,0.778447,0.103214
8.21,0.9087,0.778851,0.778851,0.129849
8.215,0.899704,0.779255,0.779255,0.120448
8.22,0.865192,0.779659,0.779658,0.0855333
8.225,0.827191,0.780062,0.780062,0.0471292
8.23,0.835973,0.780465,0.780465,0.0555076
8.235,0.841242,0.780868,0.780868,0.0603735
8.24,0.836609,0.781271,0.78127,0.0553378
8.245,0.840828,0.781673,0.781673,0.0591547
8.25,0.847268,0.782075,0.782075,0.0651931
8.255,0.854278,0.782477,0.782476,0.0718013
8.26,0.844137,0.782878,0.782878,0.0612588
8.265,0.847867,0.78328,0.783279,0.0645877
8.27,0.838232,0.783681,0.78368,0.0545512
8.275,0.855671,0.784081,0.784081,0.0715895
8.28,0.89033,0.784482,0.784481,0.105848
8.285,0.912698,0.784882,0.784882,0.127816
8.29,0.934294,0.785282,0.785282,0.149012
8.295,0.936441,0.785682,0.785681,0.15076
8.3,0.927571,0.786081,0.786081,0.14149
8.305,0.904071,0.78648,0.78648,0.117591
8.31,0.893523,0.786879,0.786879,0.106643
8.315,0.888027,0.787278,0.787278,0.100749
8.32,0.895775,0.787677,0.787676,0.108098
8.325,0.888387,0.788075,0.788074,0.100313
8.33,0.87478,0.788473,0.788472,0.0863072
8.335,0.878925,0.78887,0.78887,0.0900548
8.34,0.88975,0.789268,0.789267,0.100482
8.345,0.893612,0.789665,0.789664,0.103948
8.35,0.904074,0.790062,0.790061,0.114012
8.355,0.918326,0.790458,0.790458,0.127867
8.36,0.925007,0.790855,0.790854,0.134152
8.365,0.927128,0.791251,0.79125,0.135877
8.37,0.919576,0.791647,0.791646,0.127929
8.375,0.917855,0.792042,0.792042,0.125812
8.38,0.942528,0.792438,0.792437,0.15009
8.385,0.974097,0.792833,0.792832,0.181264
8.39,0.9858,0.793228,0.793227,0.192572
8.395,0.996029,0.793622,0.793622,0.202406
8.4,0.972637,0.794016,0.794016,0.17862
8.405,0.963698,0.794411,0.79441,0.169288
8.41,0.938481,0.794804,0.794804,0.143677
8.415,0.92219,0.795198,0.795197,0.126992
8.42,0.930611,0.795591,0.795591,0.13502
8.425,0.939168,0.795984,0.795984,0.143184
8.43,0.946097,0.796377,0.796377,0.14972
8.435,0.944185,0.79677,0.796769,0.147415
8.44,0.927943,0.797162,0.797161,0.130782
8.445,0.908915,0.797554,0.797553,0.111361
8.45,0.911881,0.797946,0.797945,0.113936
8.455,0.94135,0.798337,0.798337,0.143013
8.46,0.944167,0.798728,0.798728,0.145439
8.465,0.919696,0.799119,0.799119,0.120577
8.47,0.892506,0.79951,0.79951,0.0929954
8.475,0.893272,0.799901,0.7999,0.0933709
8.48,0.901836,0.800291,0.80029,0.101545
8.485,0.898723,0.800681,0.80068,0.0980425
8.49,0.905291,0.801071,0.80107,0.104221
8.495,0.926633,0.80146,0.80146,0.125173
8.5,0.947846,0.801849,0.801849,0.145997
8.505,0.943034,0.802238,0.802238,0.140796
8.51,0.935736,0.802627,0.802626,0.133109
8.515,0.921733,0.803015,0.803015,0.118718
8.52,0.914969,0.803404,0.803403,0.111566
8.525,0.922913,0.803791,0.803791,0.119122
8.53,0.916279,0.804179,0.804179,0.1121
8.535,0.915551,0.804567,0.804566,0.110984
8.54,0.904323,0.804954,0.804953,0.0993696
8.545,0.890738,0.805341,0.80534,0.0853969
8.55,0.89378,0.805727,0.805727,0.0880524
8.555,0.911408,0.806114,0.806113,0.105294
8.56,0.91518,0.8065,0.806499,0.10868
8.565,0.911031,0.806886,0.806885,0.104146
8.57,0.896502,0.807271,0.807271,0.0892308
8.575,0.889211,0.807657,0.807656,0.0815543
8.58,0.892762,0.808042,0.808042,0.0847204
8.585,0.87769,0.808427,0.808426,0.0692626
8.59,0.876126,0.808812,0.808811,0.0673144
8.595,0.885294,0.809196,0.809196,0.0760983
8.6,0.893611,0.80958,0.80958,0.0840311
8.605,0.923792,0.809964,0.809964,0.113828
8.61,0.94234,0.810348,0.810347,0.131993
8.615,0.966419,0.810731,0.810731,0.155688
8.62,0.967709,0.811114,0.811114,0.156595
8.625,0.97091,0.811497,0.811497,0.159413
8.63,0.96351,0.81188,0.811879,0.15163
8.635,0.933897,0.812262,0.812262,0.121635
8.64,0.892672,0.812644,0.812644,0.0800283
8.645,0.880786,0.813026,0.813025,0.0677599
8.65,0.884177,0.813408,0.813407,0.0707693
8.655,0.900038,0.813789,0.813788,0.0862494
8.66,0.919021,0.81417,0.81417,0.104851
8.665,0.941201,0.814551,0.81455,0.12665
8.67,0.961745,0.814931,0.814931,0.146814
8.675,0.962204,0.815312,0.815311,0.146892
8.68,0.939301,0.815692,0.815691,0.123609
8.685,0.908565,0.816072,0.816071,0.0924932
8.69,0.899895,0.816451,0.816451,0.0834438
8.695,0.896022,0.816831,0.81683,0.0791916
8.7,0.892442,0.81721,0.817209,0.0752326
8.705,0.879572,0.817589,0.817588,0.0619831
8.71,0.85437,0.817967,0.817967,0.036403
8.715,0.855164,0.818346,0.818345,0.0368186
8.72,0.876487,0.818724,0.818723,0.0577632
8.725,0.877642,0.819102,0.819101,0.0585403
8.73,0.899022,0.819479,0.819479,0.0795432
8.735,0.903515,0.819856,0.819856,0.0836581
8.74,0.913264,0.820234,0.820233,0.0930308
8.745,0.921075,0.82061,0.82061,0.100465
8.75,0.925445,0.820987,0.820987,0.104458
8.755,0.944447,0.821363,0.821363,0.123083
8.76,0.935681,0.821739,0.821739,0.113942
8.765,0.921008,0.822115,0.822115,0.0988926
8.77,0.890917,0.822491,0.82249,0.0684258
8.775,0.883914,0.822866,0.822866,0.0610475
8.78,0.896847,0.823241,0.823241,0.0736054
8.785,0.902325,0.823616,0.823616,0.0787088
8.79,0.886396,0.823991,0.82399,0.0624056
8.795,0.85827,0.824365,0.824365,0.0339046
8.8,0.851149,0.824739,0.824739,0.0264104
8.805,0.869771,0.825113,0.825112,0.0446582
8.81,0.868888,0.825486,0.825486,0.0434017
8.815,0.876784,0.82586,0.825859,0.0509244
8.82,0.890428,0.826233,0.826232,0.0641948
8.825,0.907644,0.826606,0.826605,0.0810379
8.83,0.915251,0.826978,0.826978,0.0882726
8.835,0.904213,0.827351,0.82735,0.0768626
8.84,0.890711,0.827723,0.827722,0.0629877
8.845,0.880912,0.828095,0.828094,0.0528173
8.85,0.865903,0.828466,0.828466,0.0374365
8.855,0.871504,0.828838,0.828837,0.0426669
8.86,0.879129,0.829209,0.829208,0.0499208
8.865,0.873331,0.82958,0.829579,0.0437512
8.87,0.855302,0.82995,0.82995,0.025352
8.875,0.8551,0.83032,0.83032,0.0247799
8.88,0.86405,0.830691,0.83069,0.0333599
8.885,0.887708,0.83106,0.83106,0.0566474
8.89,0.904081,0.83143,0.83143,0.0726513
8.895,0.932624,0.831799,0.831799,0.100825
8.9,0.937239,0.832168,0.832168,0.10507
8.905,0.944083,0.832537,0.832537,0.111545
8.91,0.953062,0.832906,0.832905,0.120156
8.915,0.964066,0.833274,0.833274,0.130792
8.92,0.981359,0.833642,0.833642,0.147717
8.925,0.981285,0.83401,0.83401,0.147275
8.93,0.951825,0.834378,0.834377,0.117447
8.935,0.933411,0.834745,0.834745,0.0986653
8.94,0.930417,0.835112,0.835112,0.0953043
8.945,0.945725,0.835479,0.835479,0.110246
8.95,0.9419,0.835846,0.835845,0.106054
8.955,0.93502,0.836212,0.836212,0.0988076
8.96,0.938598,0.836578,0.836578,0.102019
8.965,0.938194,0.836944,0.836944,0.10125
8.97,0.93896,0.83731,0.83731,0.10165
8.975,0.931268,0.837675,0.837675,0.0935928
8.98,0.92301,0.838041,0.83804,0.0849695
8.985,0.919632,0.838405,0.838405,0.081226
8.99,0.921749,0.83877,0.83877,0.0829793
8.995,0.93478,0.839135,0.839134,0.095645
9,0.931738,0.839499,0.839498,0.0922392
9.005,0.941714,0.839863,0.839862,0.101851
9.01,0.933489,0.840226,0.840226,0.0932625
9.015,0.940703,0.84059,0.840589,0.100114
9.02,0.930521,0.840953,0.840952,0.0895679
9.025,0.920097,0.841316,0.841315,0.0787815
9.03,0.911839,0.841679,0.841678,0.0701603
9.035,0.900256,0.842041,0.842041,0.0582151
9.04,0.889813,0.842403,0.842403,0.0474093
9.045,0.876873,0.842765,0.842765,0.0341074
9.05,0.863113,0.843127,0.843126,0.0199862
9.055,0.848482,0.843488,0.843488,0.00499373
9.06,0.846098,0.84385,0.843849,0.00224839
9.065,0.860615,0.844211,0.84421,0.0164042
9.07,0.874539,0.844571,0.844571,0.0299674
9.075,0.90693,0.844932,0.844931,0.061998
9.08,0.944574,0.845292,0.845291,0.0992825
9.085,0.968599,0.845652,0.845651,0.122947
9.09,0.982391,0.846012,0.846011,0.136379
9.095,0.980763,0.846371,0.846371,0.134391
9.1,0.974427,0.84673,0.84673,0.127696
9.105,0.97781,0.847089,0.847089,0.130721
9.11,0.963603,0.847448,0.847448,0.116155
9.115,0.968807,0.847807,0.847806,0.121001
9.12,0.970137,0.848165,0.848165,0.121972
9.125,0.95023,0.848523,0.848523,0.101707
9.13,0.938047,0.848881,0.84888,0.0891662
9.135,0.920345,0.849238,0.849238,0.0711067
9.14,0.908332,0.849596,0.849595,0.0587367
9.145,0.898754,0.849953,0.849952,0.0488011
9.15,0.884123,0.85031,0.850309,0.0338139
9.155,0.879518,0.850666,0.850666,0.0288519
9.16,0.89184,0.851023,0.851022,0.0408172
9.165,0.896728,0.851379,0.851378,0.0453492
9.17,0.9134,0.851734,0.851734,0.0616658
9.175,0.921609,0.85209,0.85209,0.0695192
9.18,0.927816,0.852445,0.852445,0.0753707
9.185,0.928056,0.8528,0.8528,0.0752559
9.19,0.911156,0.853155,0.853155,0.058001
9.195,0.888975,0.85351,0.853509,0.0354647
9.2,0.880495,0.853864,0.853864,0.0266306
9.205,0.867456,0.854219,0.854218,0.0132376
9.21,0.860002,0.854572,0.854572,0.00542936
9.215,0.862819,0.854926,0.854926,0.00789331
9.22,0.86909,0.855279,0.855279,0.0138104
9.225,0.87912,0.855633,0.855632,0.0234876
9.23,0.889665,0.855986,0.855985,0.0336799
9.235,0.893643,0.856338,0.856338,0.0373051
9.24,0.900332,0.856691,0.85669,0.0436411
9.245,0.896078,0.857043,0.857042,0.0390349
9.25,0.886997,0.857395,0.857394,0.029602
9.255,0.901255,0.857747,0.857746,0.043508
9.26,0.897894,0.858098,0.858098,0.0397957
9.265,0.895401,0.858449,0.858449,0.036952
9.27,0.896028,0.8588,0.8588,0.0372277
9.275,0.885662,0.859151,0.85915,0.0265111
9.28,0.891383,0.859501,0.859501,0.0318816
9.285,0.89411,0.859852,0.859851,0.0342578
9.29,0.904725,0.860202,0.860201,0.0445229
9.295,0.924343,0.860552,0.860551,0.0637917
9.3,0.933047,0.860901,0.860901,0.0721455
9.305,0.943455,0.86125,0.86125,0.0822049
9.31,0.958995,0.861599,0.861599,0.0973957
9.315,0.960816,0.861948,0.861948,0.0988682
9.32,0.963313,0.862297,0.862296,0.101016
9.325,0.960981,0.862645,0.862645,0.0983358
9.33,0.951138,0.862993,0.862993,0.0881445
9.335,0.94298,0.863341,0.863341,0.079639
9.34,0.92329,0.863689,0.863688,0.0596013
9.345,0.900665,0.864036,0.864036,0.0366287
9.35,0.89662,0.864383,0.864383,0.0322364
9.355,0.899979,0.86473,0.86473,0.0352493
9.36,0.908524,0.865077,0.865076,0.0434471
9.365,0.916545,0.865423,0.865423,0.0511223
9.37,0.923423,0.865769,0.865769,0.0576541
9.375,0.917743,0.866115,0.866115,0.0516279
9.38,0.909193,0.866461,0.86646,0.0427323
9.385,0.911658,0.866806,0.866806,0.044852
9.39,0.910565,0.867152,0.867151,0.0434132
9.395,0.908908,0.867496,0.867496,0.0414119
9.4,0.89958,0.867841,0.867841,0.0317386
9.405,0.889491,0.868186,0.868185,0.0213052
9.41,0.910069,0.86853,0.868529,0.0415388
9.415,0.924584,0.868874,0.868873,0.0557099
9.42,0.938453,0.869218,0.869217,0.0692351
9.425,0.938297,0.869561,0.869561,0.0687353
9.43,0.918431,0.869905,0.869904,0.048526
9.435,0.892953,0.870248,0.870247,0.0227052
9.44,0.882228,0.87059,0.87059,0.0116371
9.445,0.898384,0.870933,0.870932,0.0274506
9.45,0.930982,0.871275,0.871275,0.0597069
9.455,0.936064,0.871617,0.871617,0.0644465
9.46,0.941709,0.871959,0.871959,0.0697493
9.465,0.926506,0.872301,0.8723,0.0542056
9.47,0.932602,0.872642,0.872642,0.0599597
9.475,0.943041,0.872983,0.872983,0.0700581
9.48,0.934745,0.873324,0.873324,0.0614212
9.485,0.946304,0.873665,0.873664,0.0726392
9.49,0.947472,0.874005,0.874005,0.0734668
9.495,0.966714,0.874346,0.874345,0.0923685
9.5,0.9594,0.874685,0.874685,0.0847145
9.505,0.955284,0.875025,0.875025,0.0802585
9.51,0.972479,0.875365,0.875364,0.0971144
9.515,0.991929,0.875704,0.875703,0.116225
9.52,0.987076,0.876043,0.876042,0.111034
9.525,0.978501,0.876382,0.876381,0.102119
9.53,0.975386,0.87672,0.87672,0.0986664
9.535,0.973188,0.877058,0.877058,0.0961297
9.54,0.973109,0.877396,0.877396,0.0957122
9.545,0.957667,0.877734,0.877734,0.0799327
9.55,0.959945,0.878072,0.878071,0.0818727
9.555,0.958264,0.878409,0.878409,0.0798545
9.56,0.948076,0.878746,0.878746,0.0693297
9.565,0.916147,0.879083,0.879083,0.0370644
9.57,0.907097,0.87942,0.879419,0.027677
9.575,0.902626,0.879756,0.879756,0.0228704
9.58,0.937016,0.880092,0.880092,0.0569235
9.585,0.96286,0.880428,0.880428,0.0824322
9.59,0.970467,0.880764,0.880763,0.0897036
9.595,0.966213,0.881099,0.881099,0.0851135
9.6,0.948408,0.881434,0.881434,0.0669734
9.605,0.925954,0.881769,0.881769,0.0441844
9.61,0.923224,0.882104,0.882104,0.0411201
9.615,0.910091,0.882439,0.882438,0.0276526
9.62,0.907863,0.882773,0.882772,0.0250899
9.625,0.907468,0.883107,0.883106,0.0243616
9.63,0.914549,0.883441,0.88344,0.0311084
9.635,0.922745,0.883774,0.883774,0.0389704
9.64,0.926183,0.884108,0.884107,0.0420754
9.645,0.939751,0.884441,0.88444,0.0553101
9.65,0.94092,0.884773,0.884773,0.0561469
9.655,0.939921,0.885106,0.885106,0.054815
9.66,0.930963,0.885438,0.885438,0.045525
9.665,0.935783,0.885771,0.88577,0.0500127
9.67,0.9387,0.886102,0.886102,0.0525973
9.675,0.949122,0.886434,0.886434,0.0626884
9.68,0.956298,0.886766,0.886765,0.0695329
9.685,0.946942,0.887097,0.887096,0.0598451
9.69,0.928088,0.887428,0.887427,0.0406603
9.695,0.902312,0.887758,0.887758,0.0145531
9.7,0.890381,0.888089,0.888088,0.0022922
9.705,0.89954,0.888419,0.888419,0.0111207
9.71,0.906251,0.888749,0.888749,0.0175015
9.715,0.911464,0.889079,0.889078,0.022385
9.72,0.912269,0.889408,0.889408,0.022861
9.725,0.907499,0.889738,0.889737,0.0177617
9.73,0.911068,0.890067,0.890066,0.0210017
9.735,0.932912,0.890396,0.890395,0.0425166
9.74,0.94499,0.890724,0.890724,0.0542661
9.745,0.954687,0.891053,0.891052,0.0636344
9.75,0.952439,0.891381,0.89138,0.0610579
9.755,0.957362,0.891709,0.891708,0.0656533
9.76,0.951875,0.892036,0.892036,0.0598385
9.765,0.939999,0.892364,0.892363,0.0476351
9.77,0.941361,0.892691,0.89269,0.0486704
9.775,0.958259,0.893018,0.893017,0.0652409
9.78,0.954862,0.893345,0.893344,0.0615171
9.785,0.925481,0.893671,0.893671,0.0318093
9.79,0.922559,0.893997,0.893997,0.0285616
9.795,0.912312,0.894323,0.894323,0.0179881
9.8,0.934526,0.894649,0.894649,0.0398768
9.805,0.950962,0.894975,0.894974,0.0559876
9.81,0.951885,0.8953,0.8953,0.0565847
9.815,0.951845,0.895625,0.895625,0.0562198
9.82,0.936513,0.89595,0.89595,0.0405624
9.825,0.927608,0.896275,0.896274,0.031333
9.83,0.915638,0.896599,0.896599,0.0190384
9.835,0.917825,0.896923,0.896923,0.0209016
9.84,0.917908,0.897247,0.897247,0.0206605
9.845,0.917839,0.897571,0.89757,0.0202683
9.85,0.920422,0.897894,0.897894,0.0225277
9.855,0.928854,0.898218,0.898217,0.0306366
9.86,0.941515,0.898541,0.89854,0.0429747
9.865,0.965862,0.898863,0.898863,0.0669986
9.87,0.972549,0.899186,0.899185,0.0733634
9.875,0.959338,0.899508,0.899508,0.0598296
9.88,0.958211,0.89983,0.89983,0.0583807
9.885,0.95325,0.900152,0.900152,0.053098
9.89,0.960297,0.900474,0.900473,0.0598232
9.895,0.964691,0.900795,0.900795,0.0638961
9.9,0.961904,0.901116,0.901116,0.060788
9.905,0.956439,0.901437,0.901437,0.0550013
9.91,0.935862,0.901758,0.901757,0.0341044
9.915,0.921919,0.902078,0.902078,0.0198405
9.92,0.92762,0.902399,0.902398,0.025221
9.925,0.930677,0.902719,0.902718,0.0279587
9.93,0.936661,0.903038,0.903038,0.0336222
9.935,0.947412,0.903358,0.903357,0.0440546
9.94,0.951049,0.903677,0.903677,0.0473716
9.945,0.964496,0.903996,0.903996,0.0604996
9.95,0.949621,0.904315,0.904315,0.0453058
9.955,0.928552,0.904634,0.904633,0.0239179
9.96,0.914323,0.904952,0.904952,0.00937106
9.965,0.929413,0.90527,0.90527,0.0241428
9.97,0.941285,0.905588,0.905588,0.035697
9.975,0.935798,0.905906,0.905905,0.0298924
9.98,0.913677,0.906223,0.906223,0.00745335
9.985,0.912707,0.906541,0.90654,0.00616656
9.99,0.909565,0.906858,0.906857,0.0027076
9.995,0.912211,0.907174,0.907174,0.00503678
10,0.917966,0.907491,0.90749,0.010475
10.005,0.932427,0.907807,0.907807,0.0246199
10.01,0.938866,0.908123,0.908123,0.0307428
10.015,0.958036,0.908439,0.908438,0.0495965
10.02,0.971388,0.908755,0.908754,0.0626331
10.025,0.9836,0.90907,0.909069,0.0745301
10.03,0.970437,0.909385,0.909385,0.0610515
10.035,0.955334,0.9097,0.9097,0.0456342
10.04,0.935293,0.910015,0.910014,0.0252783
10.045,0.931553,0.910329,0.910329,0.0212236
10.05,0.927983,0.910643,0.910643,0.01734
10.055,0.933427,0.910957,0.910957,0.0224697
10.06,0.954224,0.911271,0.911271,0.0429529
10.065,0.939391,0.911585,0.911584,0.0278064
10.07,0.921384,0.911898,0.911898,0.00948592
10.075,0.902803,0.912211,0.912211,-0.00940767
10.08,0.902813,0.912524,0.912523,-0.0097106
10.085,0.911586,0.912837,0.912836,-0.00125051
10.09,0.913413,0.913149,0.913148,0.000263952
10.095,0.923739,0.913461,0.913461,0.010278
10.1,0.925685,0.913773,0.913773,0.0119116
10.105,0.923261,0.914085,0.914084,0.00917647
10.11,0.929348,0.914396,0.914396,0.0149518
10.115,0.95072,0.914708,0.914707,0.036012
10.12,0.972974,0.915019,0.915018,0.0579552
10.125,0.983573,0.915329,0.915329,0.068244
10.13,0.975978,0.91564,0.915639,0.0603384
10.135,0.985428,0.91595,0.91595,0.069478
10.14,0.992377,0.91626,0.91626,0.0761168
10.145,0.992397,0.91657,0.91657,0.0758264
10.15,0.989221,0.91688,0.916879,0.0723414
10.155,0.980927,0.917189,0.917189,0.0637378
10.16,0.971163,0.917499,0.917498,0.0536639
10.165,0.942454,0.917808,0.917807,0.024646
10.17,0.922874,0.918116,0.918116,0.00475721
10.175,0.919732,0.918425,0.918424,0.00130747
10.18,0.923917,0.918733,0.918733,0.00518352
10.185,0.937254,0.919041,0.919041,0.0182128
10.19,0.951067,0.919349,0.919349,0.0317176
10.195,0.966828,0.919657,0.919656,0.0471718
10.2,0.961008,0.919964,0.919964,0.0410442
10.205,0.941419,0.920271,0.920271,0.0211481
10.21,0.927925,0.920578,0.920578,0.00734714
10.215,0.934906,0.920885,0.920884,0.0140216
10.22,0.943365,0.921191,0.921191,0.0221736
10.225,0.941042,0.921498,0.921497,0.0195442
10.23,0.930282,0.921804,0.921803,0.00847853
10.235,0.928246,0.922109,0.922109,0.00613658
10.24,0.94191,0.922415,0.922414,0.0194946
10.245,0.967065,0.92272,0.92272,0.0443443
10.25,0.979759,0.923025,0.923025,0.0567338
10.255,0.980747,0.92333,0.92333,0.0574171
10.26,0.980978,0.923635,0.923634,0.0573429
10.265,0.95831,0.923939,0.923939,0.034371
10.27,0.931982,0.924244,0.924243,0.00773851
10.275,0.917272,0.924548,0.924547,-0.00727521
10.28,0.911249,0.924851,0.924851,-0.0136027
10.285,0.909097,0.925155,0.925154,-0.0160584
10.29,0.905739,0.925458,0.925458,-0.0197191
10.295,0.904879,0.925761,0.925761,-0.0208822
10.3,0.901642,0.926064,0.926064,-0.0244225
10.305,0.904514,0.926367,0.926366,-0.0218528
10.31,0.895009,0.926669,0.926669,-0.0316598
10.315,0.90189,0.926971,0.926971,-0.025081
10.32,0.916775,0.927273,0.927273,-0.0104983
10.325,0.916381,0.927575,0.927575,-0.011194
10.33,0.928168,0.927877,0.927876,0.000291796
10.335,0.931811,0.928178,0.928177,0.00363304
10.34,0.934127,0.928479,0.928478,0.00564827
10.345,0.917736,0.92878,0.928779,-0.0110434
10.35,0.899056,0.92908,0.92908,-0.0300241
10.355,0.91259,0.929381,0.92938,-0.0167908
10.36,0.920446,0.929681,0.92968,-0.00923513
10.365,0.947338,0.929981,0.92998,0.0173575
10.37,0.957371,0.930281,0.93028,0.0270904
10.375,0.982351,0.93058,0.93058,0.0517708
10.38,0.966522,0.930879,0.930879,0.0356431
10.385,0.961223,0.931178,0.931178,0.0300448
10.39,0.953192,0.931477,0.931477,0.0217148
10.395,0.954985,0.931776,0.931775,0.0232091
10.4,0.948361,0.932074,0.932074,0.0162869
10.405,0.929998,0.932372,0.932372,-0.00237403
10.41,0.904802,0.93267,0.93267,-0.0278683
10.415,0.889215,0.932968,0.932967,-0.0437529
10.42,0.877178,0.933265,0.933265,-0.0560871
10.425,0.879321,0.933563,0.933562,-0.0542419
10.43,0.889341,0.93386,0.933859,-0.0445182
10.435,0.905404,0.934156,0.934156,-0.0287528
10.44,0.926507,0.934453,0.934452,-0.00794649
10.445,0.935016,0.934749,0.934749,0.000266224
10.45,0.948331,0.935046,0.935045,0.0132852
10.455,0.933322,0.935341,0.935341,-0.00201979
10.46,0.925002,0.935637,0.935637,-0.0106355
10.465,0.929894,0.935933,0.935932,-0.00603864
10.47,0.924522,0.936228,0.936227,-0.0117054
10.475,0.926844,0.936523,0.936522,-0.00967868
10.48,0.933757,0.936818,0.936817,-0.00306067
10.485,0.932566,0.937112,0.937112,-0.00454606
10.49,0.942956,0.937407,0.937406,0.00554955
10.495,0.925655,0.937701,0.9377,-0.0120455
10.5,0.913377,0.937995,0.937994,-0.024618
10.505,0.923664,0.938288,0.938288,-0.0146245
10.51,0.939296,0.938582,0.938581,0.000714373
10.515,0.970121,0.938875,0.938874,0.0312461
10.52,0.995413,0.939168,0.939167,0.0562446
10.525,1.0006,0.939461,0.93946,0.06114
10.53,0.991308,0.939753,0.939753,0.0515551
10.535,0.994003,0.940046,0.940045,0.0539577
10.54,0.978419,0.940338,0.940337,0.0380812
10.545,0.952227,0.94063,0.940629,0.0115971
10.55,0.920183,0.940921,0.940921,-0.020738
10.555,0.916795,0.941213,0.941212,-0.024418
10.56,0.909545,0.941504,0.941504,-0.0319587
10.565,0.909559,0.941795,0.941795,-0.0322364
10.57,0.907292,0.942086,0.942085,-0.034794
10.575,0.929586,0.942376,0.942376,-0.0127905
10.58,0.952277,0.942667,0.942666,0.00961002
10.585,0.95812,0.942957,0.942956,0.0151626
10.59,0.9607,0.943247,0.943246,0.0174535
10.595,0.959798,0.943537,0.943536,0.0162614
10.6,0.956842,0.943826,0.943825,0.0130155
10.605,0.940272,0.944115,0.944115,-0.00384362
10.61,0.918578,0.944404,0.944404,-0.025826
10.615,0.895045,0.944693,0.944693,-0.0496484
10.62,0.893607,0.944982,0.944981,-0.0513745
10.625,0.898672,0.94527,0.94527,-0.0465976
10.63,0.907778,0.945558,0.945558,-0.0377806
10.635,0.909189,0.945846,0.945846,-0.0366569
10.64,0.911437,0.946134,0.946133,-0.0346971
10.645,0.897919,0.946421,0.946421,-0.0485026
10.65,0.902948,0.946709,0.946708,-0.043761
10.655,0.913315,0.946996,0.946995,-0.0336809
10.66,0.936553,0.947283,0.947282,-0.0107295
10.665,0.94926,0.947569,0.947569,0.00169056
10.67,0.956722,0.947856,0.947855,0.00886604
10.675,0.944285,0.948142,0.948141,-0.0038563
10.68,0.942545,0.948428,0.948427,-0.00588258
10.685,0.934856,0.948713,0.948713,-0.0138575
10.69,0.9357,0.948999,0.948998,-0.0132988
10.695,0.933904,0.949284,0.949284,-0.0153797
10.7,0.925203,0.949569,0.949569,-0.024366
10.705,0.915595,0.949854,0.949853,-0.034259
10.71,0.913222,0.950139,0.950138,-0.0369165
10.715,0.891811,0.950423,0.950423,-0.058612
10.72,0.875634,0.950707,0.950707,-0.0750735
10.725,0.863742,0.950991,0.950991,-0.0872491
10.73,0.871066,0.951275,0.951274,-0.080209
10.735,0.871999,0.951559,0.951558,-0.0795598
10.74,0.852592,0.951842,0.951841,-0.0992502
10.745,0.844918,0.952125,0.952124,-0.107207
10.75,0.843208,0.952408,0.952407,-0.1092
10.755,0.856284,0.952691,0.95269,-0.0964062
10.76,0.889775,0.952973,0.952972,-0.0631977
10.765,0.922095,0.953255,0.953255,-0.0311606
10.77,0.951807,0.953537,0.953537,-0.00172998
10.775,0.946961,0.953819,0.953818,-0.00685822
10.78,0.944614,0.954101,0.9541,-0.00948634
10.785,0.940637,0.954382,0.954381,-0.0137445
10.79,0.930929,0.954663,0.954663,-0.0237337
10.795,0.941343,0.954944,0.954943,-0.0136006
10.8,0.93487,0.955225,0.955224,-0.0203549
10.805,0.930085,0.955505,0.955505,-0.0254203
10.81,0.916594,0.955785,0.955785,-0.0391915
10.815,0.929415,0.956066,0.956065,-0.0266503
10.82,0.946311,0.956345,0.956345,-0.0100348
10.825,0.952731,0.956625,0.956624,-0.00389442
10.83,0.947466,0.956904,0.956904,-0.00943879
10.835,0.932499,0.957184,0.957183,-0.0246846
10.84,0.934011,0.957463,0.957462,-0.0234514
10.845,0.937241,0.957741,0.957741,-0.0204999
10.85,0.936602,0.95802,0.958019,-0.0214179
10.855,0.938866,0.958298,0.958297,-0.0194325
10.86,0.938785,0.958576,0.958576,-0.0197909
10.865,0.939615,0.958854,0.958853,-0.019239
10.87,0.933689,0.959132,0.959131,-0.0254432
10.875,0.927349,0.959409,0.959409,-0.03206
10.88,0.929304,0.959686,0.959686,-0.0303825
10.885,0.92691,0.959963,0.959963,-0.0330531
10.89,0.923928,0.96024,0.96024,-0.0363118
10.895,0.910874,0.960517,0.960516,-0.0496432
10.9,0.913535,0.960793,0.960793,-0.0472583
10.905,0.930387,0.961069,0.961069,-0.0306825
10.91,0.931485,0.961345,0.961345,-0.0298603
10.915,0.926443,0.961621,0.96162,-0.0351782
10.92,0.930906,0.961896,0.961896,-0.0309908
10.925,0.939672,0.962172,0.962171,-0.0224999
10.93,0.943126,0.962447,0.962446,-0.0193207
10.935,0.926875,0.962722,0.962721,-0.0358463
10.94,0.928815,0.962996,0.962996,-0.0341813
10.945,0.932247,0.963271,0.96327,-0.0310239
10.95,0.924785,0.963545,0.963544,-0.0387595
10.955,0.892902,0.963819,0.963818,-0.0709172
10.96,0.869338,0.964093,0.964092,-0.0947547
10.965,0.872168,0.964366,0.964366,-0.0921978
10.97,0.876582,0.96464,0.964639,-0.0880579
10.975,0.86662,0.964913,0.964912,-0.0982924
10.98,0.849001,0.965186,0.965185,-0.116185
10.985,0.847634,0.965458,0.965458,-0.117825
10.99,0.86185,0.965731,0.96573,-0.103881
10.995,0.854568,0.966003,0.966002,-0.111435
11,0.868671,0.966275,0.966274,-0.0976041
11.005,0.88933,0.966547,0.966546,-0.0772174
11.01,0.90858,0.966819,0.966818,-0.0582388
11.015,0.925175,0.96709,0.967089,-0.0419148
11.02,0.925017,0.967361,0.967361,-0.042344
11.025,0.911034,0.967632,0.967632,-0.0565986
11.03,0.912948,0.967903,0.967902,-0.0549553
11.035,0.899055,0.968173,0.968173,-0.069118
11.04,0.890051,0.968444,0.968443,-0.078393
11.045,0.891613,0.968714,0.968713,-0.0771014
11.05,0.893665,0.968984,0.968983,-0.0753187
11.055,0.903953,0.969254,0.969253,-0.0653004
11.06,0.914212,0.969523,0.969522,-0.0553108
11.065,0.91086,0.969792,0.969792,-0.0589322
11.07,0.923181,0.970061,0.970061,-0.0468803
11.075,0.937424,0.97033,0.97033,-0.032906
11.08,0.96132,0.970599,0.970598,-0.0092787
11.085,0.956345,0.970867,0.970867,-0.0145221
11.09,0.929419,0.971135,0.971135,-0.0417164
11.095,0.920152,0.971403,0.971403,-0.0512509
11.1,0.924542,0.971671,0.971671,-0.0471287
11.105,0.933961,0.971939,0.971938,-0.0379773
11.11,0.949529,0.972206,0.972205,-0.0226772
11.115,0.955683,0.972473,0.972473,-0.0167907
11.12,0.968496,0.97274,0.97274,-0.0042446
11.125,0.981334,0.973007,0.973006,0.00832756
11.13,0.968122,0.973273,0.973273,-0.00515133
11.135,0.946239,0.97354,0.973539,-0.027301
11.14,0.918825,0.973806,0.973805,-0.0549803
11.145,0.907668,0.974072,0.974071,-0.0664039
11.15,0.906098,0.974337,0.974337,-0.0682391
11.155,0.904579,0.974603,0.974602,-0.0700233
11.16,0.904923,0.974868,0.974867,-0.069945
11.165,0.918474,0.975133,0.975132,-0.0566592
11.17,0.933289,0.975398,0.975397,-0.042109
11.175,0.938285,0.975662,0.975662,-0.0373768
11.18,0.918182,0.975927,0.975926,-0.0577448
11.185,0.90111,0.976191,0.97619,-0.0750806
11.19,0.909674,0.976455,0.976454,-0.0667807
11.195,0.919338,0.976719,0.976718,-0.0573809
11.2,0.918164,0.976982,0.976981,-0.0588182
11.205,0.913818,0.977245,0.977245,-0.0634278
11.21,0.908896,0.977508,0.977508,-0.0686125
11.215,0.898366,0.977771,0.977771,-0.079405
11.22,0.890983,0.978034,0.978033,-0.0870514
11.225,0.88437,0.978296,0.978296,-0.0939265
11.23,0.892391,0.978559,0.978558,-0.0861682
11.235,0.89477,0.978821,0.97882,-0.0840503
11.24,0.877366,0.979083,0.979082,-0.101716
11.245,0.864667,0.979344,0.979344,-0.114677
11.25,0.852737,0.979606,0.979605,-0.126869
11.255,0.863027,0.979867,0.979866,-0.116839
11.26,0.878276,0.980128,0.980127,-0.101852
11.265,0.911981,0.980389,0.980388,-0.0684073
11.27,0.937257,0.980649,0.980649,-0.0433927
11.275,0.944357,0.98091,0.980909,-0.0365523
11.28,0.935133,0.98117,0.981169,-0.0460368
11.285,0.922022,0.98143,0.981429,-0.0594079
11.29,0.898776,0.981689,0.981689,-0.0829134
11.295,0.894063,0.981949,0.981948,-0.0878857
11.3,0.894032,0.982208,0.982208,-0.088176
11.305,0.892087,0.982467,0.982467,-0.0903799
11.31,0.905421,0.982726,0.982726,-0.077305
11.315,0.90836,0.982985,0.982984,-0.0746248
11.32,0.892712,0.983243,0.983243,-0.090531
11.325,0.872037,0.983502,0.983501,-0.111464
11.33,0.848605,0.98376,0.983759,-0.135154
11.335,0.854056,0.984018,0.984017,-0.129961
11.34,0.843715,0.984275,0.984274,-0.14056
11.345,0.854539,0.984533,0.984532,-0.129993
11.35,0.883949,0.98479,0.984789,-0.10084
11.355,0.911345,0.985047,0.985046,-0.0737013
11.36,0.923129,0.985304,0.985303,-0.0621742
11.365,0.923833,0.98556,0.985559,-0.061727
11.37,0.934845,0.985817,0.985816,-0.0509711
11.375,0.966387,0.986073,0.986072,-0.019686
11.38,0.958966,0.986329,0.986328,-0.0273625
11.385,0.938817,0.986584,0.986584,-0.0477672
11.39,0.925083,0.98684,0.986839,-0.0617573
11.395,0.931834,0.987095,0.987095,-0.0552609
11.4,0.941778,0.98735,0.98735,-0.0455724
11.405,0.956958,0.987605,0.987605,-0.0306476
11.41,0.950582,0.98786,0.987859,-0.0372781
11.415,0.951079,0.988115,0.988114,-0.0370358
11.42,0.946363,0.988369,0.988368,-0.0420055
11.425,0.92832,0.988623,0.988622,-0.0603027
11.43,0.900549,0.988877,0.988876,-0.0883274
11.435,0.898118,0.98913,0.98913,-0.0910125
11.44,0.91589,0.989384,0.989383,-0.0734934
11.445,0.938409,0.989637,0.989636,-0.051228
11.45,0.955544,0.98989,0.989889,-0.0343466
11.455,0.94713,0.990143,0.990142,-0.043013
11.46,0.927965,0.990396,0.990395,-0.0624304
11.465,0.9214,0.990648,0.990647,-0.0692483
11.47,0.896643,0.9909,0.9909,-0.0942577
11.475,0.887671,0.991152,0.991152,-0.103481
11.48,0.873601,0.991404,0.991403,-0.117803
11.485,0.853209,0.991656,0.991655,-0.138446
11.49,0.855553,0.991907,0.991906,-0.136354
11.495,0.871361,0.992158,0.992157,-0.120798
11.5,0.889159,0.992409,0.992408,-0.10325
11.505,0.881934,0.99266,0.992659,-0.110726
11.51,0.884183,0.99291,0.99291,-0.108728
11.515,0.886876,0.993161,0.99316,-0.106285
11.52,0.889591,0.993411,0.99341,-0.10382
11.525,0.892058,0.993661,0.99366,-0.101603
11.53,0.891973,0.993911,0.99391,-0.101938
11.535,0.906942,0.99416,0.994159,-0.0872182
11.54,0.917459,0.994409,0.994409,-0.0769505
11.545,0.917246,0.994658,0.994658,-0.0774125
11.55,0.927368,0.994907,0.994907,-0.0675396
11.555,0.94051,0.995156,0.995155,-0.0546458
11.56,0.931759,0.995405,0.995404,-0.0636456
11.565,0.919636,0.995653,0.995652,-0.0760167
11.57,0.89316,0.995901,0.9959,-0.102741
11.575,0.87625,0.996149,0.996148,-0.119898
11.58,0.872084,0.996396,0.996396,-0.124312
11.585,0.862702,0.996644,0.996643,-0.133942
11.59,0.88723,0.996891,0.99689,-0.109661
11.595,0.894374,0.997138,0.997137,-0.102764
11.6,0.909531,0.997385,0.997384,-0.0878536
11.605,0.903954,0.997632,0.997631,-0.093678
11.61,0.895607,0.997878,0.997877,-0.102271
11.615,0.885292,0.998124,0.998124,-0.112833
11.62,0.881269,0.99837,0.99837,-0.117101
11.625,0.889008,0.998616,0.998615,-0.109609
11.63,0.891394,0.998862,0.998861,-0.107468
11.635,0.911435,0.999107,0.999106,-0.0876718
11.64,0.911126,0.999352,0.999352,-0.0882259
11.645,0.90799,0.999597,0.999597,-0.0916077
11.65,0.903728,0.999842,0.999841,-0.0961144
11.655,0.885926,1.00009,1.00009,-0.11416
11.66,0.88417,1.00033,1.00033,-0.116161
11.665,0.892544,1.00058,1.00057,-0.108031
11.67,0.893485,1.00082,1.00082,-0.107334
11.675,0.910617,1.00106,1.00106,-0.090446
11.68,0.907494,1.00131,1.00131,-0.0938122
11.685,0.920516,1.00155,1.00155,-0.0810334
11.69,0.920957,1.00179,1.00179,-0.0808357
11.695,0.929359,1.00204,1.00204,-0.0726765
11.7,0.937988,1.00228,1.00228,-0.0642904
11.705,0.933014,1.00252,1.00252,-0.0695074
11.71,0.920173,1.00276,1.00276,-0.0825903
11.715,0.920286,1.00301,1.003,-0.0827191
11.72,0.90179,1.00325,1.00325,-0.101458
11.725,0.889537,1.00349,1.00349,-0.113952
11.73,0.883019,1.00373,1.00373,-0.120712
11.735,0.87966,1.00397,1.00397,-0.124312
11.74,0.905119,1.00421,1.00421,-0.0990939
11.745,0.916579,1.00445,1.00445,-0.0878747
11.75,0.907404,1.00469,1.00469,-0.0972905
11.755,0.896685,1.00494,1.00493,-0.10825
11.76,0.8846,1.00518,1.00517,-0.120576
11.765,0.876866,1.00542,1.00541,-0.12855
11.77,0.884294,1.00566,1.00565,-0.121361
11.775,0.898825,1.0059,1.00589,-0.10707
11.78,0.907015,1.00613,1.00613,-0.0991196
11.785,0.910149,1.00637,1.00637,-0.0962248
11.79,0.889906,1.00661,1.00661,-0.116707
11.795,0.888865,1.00685,1.00685,-0.117987
11.8,0.885526,1.00709,1.00709,-0.121564
11.805,0.889412,1.00733,1.00733,-0.117917
11.81,0.884022,1.00757,1.00757,-0.123545
11.815,0.882628,1.00781,1.0078,-0.125177
11.82,0.886663,1.00804,1.00804,-0.12138
11.825,0.896801,1.00828,1.00828,-0.11148
11.83,0.899748,1.00852,1.00852,-0.108771
11.835,0.905619,1.00876,1.00875,-0.103137
11.84,0.915731,1.00899,1.00899,-0.0932619
11.845,0.924861,1.00923,1.00923,-0.0843684
11.85,0.931574,1.00947,1.00947,-0.0778919
11.855,0.916042,1.0097,1.0097,-0.0936603
11.86,0.914364,1.00994,1.00994,-0.0955745
11.865,0.923853,1.01017,1.01017,-0.0863223
11.87,0.926336,1.01041,1.01041,-0.0840744
11.875,0.913876,1.01065,1.01065,-0.0967708
11.88,0.903197,1.01088,1.01088,-0.107684
11.885,0.918388,1.01112,1.01112,-0.0927286
11.89,0.936507,1.01135,1.01135,-0.0748453
11.895,0.933196,1.01159,1.01159,-0.0783911
11.9,0.897185,1.01182,1.01182,-0.114636
11.905,0.869873,1.01206,1.01206,-0.142183
11.91,0.863505,1.01229,1.01229,-0.148785
11.915,0.871247,1.01252,1.01252,-0.141278
11.92,0.876626,1.01276,1.01276,-0.136132
11.925,0.878391,1.01299,1.01299,-0.134601
11.93,0.886,1.01322,1.01322,-0.127225
11.935,0.892219,1.01346,1.01346,-0.12124
11.94,0.895881,1.01369,1.01369,-0.11781
11.945,0.916947,1.01392,1.01392,-0.0969774
11.95,0.919764,1.01416,1.01416,-0.094393
11.955,0.918458,1.01439,1.01439,-0.0959313
11.96,0.899017,1.01462,1.01462,-0.115604
11.965,0.890678,1.01485,1.01485,-0.124176
11.97,0.893864,1.01509,1.01508,-0.121221
11.975,0.894364,1.01532,1.01532,-0.120953
11.98,0.897448,1.01555,1.01555,-0.1181
11.985,0.893646,1.01578,1.01578,-0.122134
11.99,0.895423,1.01601,1.01601,-0.120587
11.995,0.907123,1.01624,1.01624,-0.109118
12,0.920666,1.01647,1.01647,-0.0958059
12.005,0.916509,1.0167,1.0167,-0.100193
12.01,0.903472,1.01693,1.01693,-0.113461
12.015,0.902645,1.01716,1.01716,-0.114518
12.02,0.912544,1.01739,1.01739,-0.104849
12.025,0.932113,1.01762,1.01762,-0.0855086
12.03,0.9412,1.01785,1.01785,-0.0766513
12.035,0.950051,1.01808,1.01808,-0.0680293
12.04,0.942045,1.01831,1.01831,-0.076265
12.045,0.933777,1.01854,1.01854,-0.0847614
12.05,0.922392,1.01877,1.01877,-0.096375
12.055,0.903242,1.019,1.01899,-0.115753
12.06,0.880327,1.01922,1.01922,-0.138896
12.065,0.876681,1.01945,1.01945,-0.14277
12.07,0.875993,1.01968,1.01968,-0.143686
12.075,0.880862,1.01991,1.01991,-0.139045
12.08,0.884489,1.02013,1.02013,-0.135645
12.085,0.886673,1.02036,1.02036,-0.133689
12.09,0.879899,1.02059,1.02059,-0.14069
12.095,0.888138,1.02082,1.02081,-0.132678
12.1,0.915703,1.02104,1.02104,-0.105339
12.105,0.924673,1.02127,1.02127,-0.0965963
12.11,0.898445,1.0215,1.02149,-0.12305
12.115,0.888144,1.02172,1.02172,-0.133577
12.12,0.890768,1.02195,1.02195,-0.131178
12.125,0.892823,1.02217,1.02217,-0.129349
12.13,0.888402,1.0224,1.0224,-0.133996
12.135,0.879748,1.02262,1.02262,-0.142875
12.14,0.884308,1.02285,1.02285,-0.13854
12.145,0.898047,1.02307,1.02307,-0.125026
12.15,0.922509,1.0233,1.0233,-0.100789
12.155,0.928185,1.02352,1.02352,-0.0953377
12.16,0.914686,1.02375,1.02375,-0.109061
12.165,0.91605,1.02397,1.02397,-0.10792
12.17,0.934419,1.02419,1.02419,-0.0897757
12.175,0.955544,1.02442,1.02442,-0.0688742
12.18,0.940828,1.02464,1.02464,-0.0838136
12.185,0.901151,1.02486,1.02486,-0.123714
12.19,0.860053,1.02509,1.02509,-0.165035
12.195,0.841783,1.02531,1.02531,-0.183527
12.2,0.84269,1.02553,1.02553,-0.182844
12.205,0.871933,1.02576,1.02576,-0.153823
12.21,0.897842,1.02598,1.02598,-0.128136
12.215,0.909748,1.0262,1.0262,-0.116453
12.22,0.907815,1.02642,1.02642,-0.118608
12.225,0.914544,1.02664,1.02664,-0.1121
12.23,0.917818,1.02687,1.02686,-0.109047
12.235,0.915895,1.02709,1.02709,-0.111192
12.24,0.930356,1.02731,1.02731,-0.0969517
12.245,0.944577,1.02753,1.02753,-0.0829515
12.25,0.935677,1.02775,1.02775,-0.0920726
12.255,0.902643,1.02797,1.02797,-0.125327
12.26,0.87568,1.02819,1.02819,-0.152511
12.265,0.876488,1.02841,1.02841,-0.151923
12.27,0.887215,1.02863,1.02863,-0.141416
12.275,0.898962,1.02885,1.02885,-0.129888
12.28,0.903371,1.02907,1.02907,-0.125699
12.285,0.917216,1.02929,1.02929,-0.112073
12.29,0.91569,1.02951,1.02951,-0.113819
12.295,0.914466,1.02973,1.02973,-0.115261
12.3,0.890243,1.02995,1.02995,-0.139703
12.305,0.874778,1.03016,1.03016,-0.155386
12.31,0.882518,1.03038,1.03038,-0.147865
12.315,0.880842,1.0306,1.0306,-0.149759
12.32,0.879707,1.03082,1.03082,-0.151112
12.325,0.890973,1.03104,1.03104,-0.140064
12.33,0.892594,1.03125,1.03125,-0.13866
12.335,0.884628,1.03147,1.03147,-0.146844
12.34,0.894264,1.03169,1.03169,-0.137425
12.345,0.897493,1.03191,1.03191,-0.134413
12.35,0.917573,1.03212,1.03212,-0.11455
12.355,0.921813,1.03234,1.03234,-0.110526
12.36,0.915711,1.03256,1.03256,-0.116845
12.365,0.91348,1.03277,1.03277,-0.119292
12.37,0.918327,1.03299,1.03299,-0.114661
12.375,0.911192,1.0332,1.0332,-0.122012
12.38,0.913016,1.03342,1.03342,-0.120404
12.385,0.905304,1.03364,1.03363,-0.128331
12.39,0.898853,1.03385,1.03385,-0.134997
12.395,0.894659,1.03407,1.03406,-0.139406
12.4,0.885528,1.03428,1.03428,-0.148753
12.405,0.891198,1.03449,1.03449,-0.143297
12.41,0.911056,1.03471,1.03471,-0.123653
12.415,0.918354,1.03492,1.03492,-0.11657
12.42,0.919508,1.03514,1.03514,-0.11563
12.425,0.92091,1.03535,1.03535,-0.114442
12.43,0.920795,1.03557,1.03556,-0.114771
12.435,0.912082,1.03578,1.03578,-0.123697
12.44,0.897222,1.03599,1.03599,-0.138771
12.445,0.88691,1.03621,1.0362,-0.149295
12.45,0.893093,1.03642,1.03642,-0.143326
12.455,0.893492,1.03663,1.03663,-0.143139
12.46,0.882223,1.03684,1.03684,-0.15462
12.465,0.864511,1.03706,1.03706,-0.172545
12.47,0.860597,1.03727,1.03727,-0.176671
12.475,0.864152,1.03748,1.03748,-0.173328
12.48,0.872795,1.03769,1.03769,-0.164897
12.485,0.879063,1.0379,1.0379,-0.15884
12.49,0.886153,1.03811,1.03811,-0.151962
12.495,0.881388,1.03833,1.03833,-0.156938
12.5,0.89325,1.03854,1.03854,-0.145287
12.505,0.906819,1.03875,1.03875,-0.131929
12.51,0.915652,1.03896,1.03896,-0.123306
12.515,0.916395,1.03917,1.03917,-0.122773
12.52,0.90975,1.03938,1.03938,-0.129629
12.525,0.907849,1.03959,1.03959,-0.13174
12.53,0.913992,1.0398,1.0398,-0.125807
12.535,0.918961,1.04001,1.04001,-0.121048
12.54,0.935706,1.04022,1.04022,-0.104512
12.545,0.948916,1.04043,1.04043,-0.0915113
12.55,0.943311,1.04064,1.04064,-0.0973257
12.555,0.924783,1.04085,1.04084,-0.116062
12.56,0.91254,1.04105,1.04105,-0.128514
12.565,0.896856,1.04126,1.04126,-0.144407
12.57,0.887797,1.04147,1.04147,-0.153674
12.575,0.882344,1.04168,1.04168,-0.159335
12.58,0.883051,1.04189,1.04189,-0.158836
12.585,0.881582,1.04209,1.04209,-0.160513
12.59,0.862336,1.0423,1.0423,-0.179966
12.595,0.848373,1.04251,1.04251,-0.194136
12.6,0.846622,1.04272,1.04272,-0.196094
12.605,0.85983,1.04292,1.04292,-0.183093
12.61,0.868281,1.04313,1.04313,-0.174849
12.615,0.873041,1.04334,1.04334,-0.170296
12.62,0.883025,1.04354,1.04354,-0.160519
12.625,0.887891,1.04375,1.04375,-0.155858
12.63,0.886965,1.04396,1.04395,-0.15699
12.635,0.896002,1.04416,1.04416,-0.148159
12.64,0.894894,1.04437,1.04437,-0.149473
12.645,0.892276,1.04457,1.04457,-0.152297
12.65,0.885422,1.04478,1.04478,-0.159356
12.655,0.877354,1.04498,1.04498,-0.167629
12.66,0.892122,1.04519,1.04519,-0.153066
12.665,0.90404,1.04539,1.04539,-0.141353
12.67,0.913295,1.0456,1.0456,-0.132302
12.675,0.923515,1.0458,1.0458,-0.122286
12.68,0.918482,1.04601,1.046,-0.127523
12.685,0.895062,1.04621,1.04621,-0.151148
12.69,0.887968,1.04641,1.04641,-0.158445
12.695,0.889595,1.04662,1.04662,-0.157022
12.7,0.879893,1.04682,1.04682,-0.166927
12.705,0.863072,1.04702,1.04702,-0.183951
12.71,0.849433,1.04723,1.04723,-0.197793
12.715,0.863458,1.04743,1.04743,-0.183971
12.72,0.873581,1.04763,1.04763,-0.174051
12.725,0.87597,1.04783,1.04783,-0.171864
12.73,0.884173,1.04804,1.04804,-0.163863
12.735,0.907896,1.04824,1.04824,-0.140342
12.74,0.929392,1.04844,1.04844,-0.119048
12.745,0.928114,1.04864,1.04864,-0.120528
12.75,0.916348,1.04884,1.04884,-0.132496
12.755,0.924184,1.04904,1.04904,-0.12486
12.76,0.935485,1.04925,1.04924,-0.11376
12.765,0.938019,1.04945,1.04945,-0.111427
12.77,0.916169,1.04965,1.04965,-0.133479
12.775,0.896237,1.04985,1.04985,-0.15361
12.78,0.894949,1.05005,1.05005,-0.155099
12.785,0.903035,1.05025,1.05025,-0.147213
12.79,0.898465,1.05045,1.05045,-0.151983
12.795,0.904014,1.05065,1.05065,-0.146634
12.8,0.907699,1.05085,1.05085,-0.143149
12.805,0.912743,1.05105,1.05105,-0.138304
12.81,0.905033,1.05125,1.05125,-0.146213
12.815,0.886915,1.05145,1.05144,-0.16453
12.82,0.873392,1.05164,1.05164,-0.178251
12.825,0.880834,1.05184,1.05184,-0.171008
12.83,0.886159,1.05204,1.05204,-0.165882
12.835,0.886888,1.05224,1.05224,-0.165351
12.84,0.881636,1.05244,1.05244,-0.170801
12.845,0.904269,1.05264,1.05263,-0.148367
12.85,0.899077,1.05283,1.05283,-0.153756
12.855,0.884084,1.05303,1.05303,-0.168946
12.86,0.868452,1.05323,1.05323,-0.184776
12.865,0.85288,1.05342,1.05342,-0.200545
12.87,0.847585,1.05362,1.05362,-0.206037
12.875,0.84704,1.05382,1.05382,-0.206779
12.88,0.862725,1.05402,1.05401,-0.19129
12.885,0.873227,1.05421,1.05421,-0.180985
12.89,0.869334,1.05441,1.05441,-0.185074
12.895,0.855489,1.0546,1.0546,-0.199115
12.9,0.848157,1.0548,1.0548,-0.206643
12.905,0.856237,1.055,1.05499,-0.198758
12.91,0.871026,1.05519,1.05519,-0.184165
12.915,0.888991,1.05539,1.05538,-0.166395
12.92,0.903588,1.05558,1.05558,-0.151993
12.925,0.914684,1.05578,1.05577,-0.141091
12.93,0.91247,1.05597,1.05597,-0.1435
12.935,0.905911,1.05617,1.05616,-0.150254
12.94,0.905507,1.05636,1.05636,-0.150852
12.945,0.899935,1.05655,1.05655,-0.156619
12.95,0.897229,1.05675,1.05675,-0.159518
12.955,0.906146,1.05694,1.05694,-0.150796
12.96,0.917567,1.05713,1.05713,-0.139568
12.965,0.921753,1.05733,1.05733,-0.135575
12.97,0.902908,1.05752,1.05752,-0.154614
12.975,0.8811,1.05771,1.05771,-0.176614
12.98,0.877949,1.05791,1.05791,-0.179959
12.985,0.888917,1.0581,1.0581,-0.169183
12.99,0.900855,1.05829,1.05829,-0.157437
12.995,0.903163,1.05848,1.05848,-0.155322
13,0.891257,1.05868,1.05868,-0.16742
13.005,0.89464,1.05887,1.05887,-0.164229
13.01,0.901439,1.05906,1.05906,-0.157621
13.015,0.909064,1.05925,1.05925,-0.150188
13.02,0.908027,1.05944,1.05944,-0.151417
13.025,0.902724,1.05963,1.05963,-0.156911
13.03,0.907014,1.05983,1.05982,-0.152812
13.035,0.908144,1.06002,1.06002,-0.151872
13.04,0.915076,1.06021,1.06021,-0.145131
13.045,0.913564,1.0604,1.0604,-0.146833
13.05,0.926508,1.06059,1.06059,-0.13408
13.055,0.920224,1.06078,1.06078,-0.140554
13.06,0.909938,1.06097,1.06097,-0.151029
13.065,0.891575,1.06116,1.06116,-0.169582
13.07,0.874191,1.06135,1.06135,-0.187156
13.075,0.859454,1.06154,1.06154,-0.202082
13.08,0.855812,1.06173,1.06172,-0.205913
13.085,0.863262,1.06191,1.06191,-0.198652
13.09,0.878443,1.0621,1.0621,-0.18366
13.095,0.886876,1.06229,1.06229,-0.175416
13.1,0.889889,1.06248,1.06248,-0.172591
13.105,0.912346,1.06267,1.06267,-0.150322
13.11,0.932811,1.06286,1.06286,-0.130046
13.115,0.933044,1.06304,1.06304,-0.13
13.12,0.943244,1.06323,1.06323,-0.119988
13.125,0.935653,1.06342,1.06342,-0.127766
13.13,0.933748,1.06361,1.06361,-0.129858
13.135,0.921352,1.06379,1.06379,-0.142441
13.14,0.893921,1.06398,1.06398,-0.170059
13.145,0.876105,1.06417,1.06417,-0.188062
13.15,0.876867,1.06435,1.06435,-0.187487
13.155,0.875868,1.06454,1.06454,-0.188673
13.16,0.87186,1.06473,1.06473,-0.192867
13.165,0.867942,1.06491,1.06491,-0.19697
13.17,0.882579,1.0651,1.0651,-0.18252
13.175,0.905985,1.06528,1.06528,-0.159299
13.18,0.904021,1.06547,1.06547,-0.161449
13.185,0.896457,1.06565,1.06565,-0.169198
13.19,0.888373,1.06584,1.06584,-0.177467
13.195,0.892616,1.06602,1.06602,-0.173409
13.2,0.897061,1.06621,1.06621,-0.169149
13.205,0.891401,1.06639,1.06639,-0.174993
13.21,0.887818,1.06658,1.06658,-0.178761
13.215,0.890908,1.06676,1.06676,-0.175855
13.22,0.886314,1.06695,1.06695,-0.180633
13.225,0.902765,1.06713,1.06713,-0.164365
13.23,0.911849,1.06731,1.06731,-0.155465
13.235,0.913783,1.0675,1.0675,-0.153715
13.24,0.905042,1.06768,1.06768,-0.162639
13.245,0.890245,1.06786,1.06786,-0.177619
13.25,0.880422,1.06805,1.06805,-0.187625
13.255,0.863787,1.06823,1.06823,-0.204443
13.26,0.853429,1.06841,1.06841,-0.214984
13.265,0.866977,1.06859,1.06859,-0.201618
13.27,0.896186,1.06878,1.06878,-0.172591
13.275,0.911377,1.06896,1.06896,-0.157582
13.28,0.90404,1.06914,1.06914,-0.165101
13.285,0.890194,1.06932,1.06932,-0.179128
13.29,0.877677,1.0695,1.0695,-0.191827
13.295,0.861826,1.06968,1.06968,-0.207859
13.3,0.857739,1.06987,1.06987,-0.212127
13.305,0.850776,1.07005,1.07005,-0.219271
13.31,0.851607,1.07023,1.07023,-0.21862
13.315,0.863114,1.07041,1.07041,-0.207295
13.32,0.880231,1.07059,1.07059,-0.190358
13.325,0.888636,1.07077,1.07077,-0.182133
13.33,0.888491,1.07095,1.07095,-0.182458
13.335,0.88787,1.07113,1.07113,-0.183259
13.34,0.891466,1.07131,1.07131,-0.179842
13.345,0.897721,1.07149,1.07149,-0.173767
13.35,0.887637,1.07167,1.07167,-0.18403
13.355,0.86765,1.07185,1.07185,-0.204196
13.36,0.86932,1.07203,1.07202,-0.202705
13.365,0.881553,1.0722,1.0722,-0.190651
13.37,0.89895,1.07238,1.07238,-0.173432
13.375,0.910877,1.07256,1.07256,-0.161684
13.38,0.902572,1.07274,1.07274,-0.170167
13.385,0.888864,1.07292,1.07292,-0.184053
13.39,0.885564,1.07309,1.07309,-0.187531
13.395,0.882103,1.07327,1.07327,-0.19117
13.4,0.870882,1.07345,1.07345,-0.202568
13.405,0.870364,1.07363,1.07363,-0.203263
13.41,0.862591,1.0738,1.0738,-0.211214
13.415,0.853729,1.07398,1.07398,-0.220252
13.42,0.859285,1.07416,1.07416,-0.214873
13.425,0.881673,1.07433,1.07433,-0.192662
13.43,0.913651,1.07451,1.07451,-0.16086
13.435,0.935376,1.07469,1.07469,-0.139312
13.44,0.950556,1.07486,1.07486,-0.124307
13.445,0.945496,1.07504,1.07504,-0.129544
13.45,0.933532,1.07522,1.07521,-0.141683
13.455,0.918054,1.07539,1.07539,-0.157336
13.46,0.89488,1.07557,1.07556,-0.180686
13.465,0.884966,1.07574,1.07574,-0.190775
13.47,0.894809,1.07592,1.07592,-0.181107
13.475,0.910847,1.07609,1.07609,-0.165243
13.48,0.917374,1.07627,1.07626,-0.158892
13.485,0.92113,1.07644,1.07644,-0.15531
13.49,0.927049,1.07661,1.07661,-0.149565
13.495,0.919039,1.07679,1.07679,-0.157749
13.5,0.895924,1.07696,1.07696,-0.181038
13.505,0.867529,1.07714,1.07713,-0.209607
13.51,0.854473,1.07731,1.07731,-0.222836
13.515,0.858839,1.07748,1.07748,-0.218643
13.52,0.86073,1.07766,1.07765,-0.216926
13.525,0.860994,1.07783,1.07783,-0.216835
13.53,0.876952,1.078,1.078,-0.20105
13.535,0.877835,1.07817,1.07817,-0.20034
13.54,0.896103,1.07835,1.07835,-0.182244
13.545,0.905955,1.07852,1.07852,-0.172564
13.55,0.926114,1.07869,1.07869,-0.152578
13.555,0.940625,1.07886,1.07886,-0.138238
13.56,0.938006,1.07903,1.07903,-0.141029
13.565,0.924881,1.07921,1.07921,-0.154326
13.57,0.909617,1.07938,1.07938,-0.169761
13.575,0.903289,1.07955,1.07955,-0.176261
13.58,0.88269,1.07972,1.07972,-0.19703
13.585,0.88593,1.07989,1.07989,-0.193961
13.59,0.886989,1.08006,1.08006,-0.193073
13.595,0.87747,1.08023,1.08023,-0.202762
13.6,0.889331,1.0804,1.0804,-0.191072
13.605,0.892863,1.08057,1.08057,-0.18771
13.61,0.910098,1.08074,1.08074,-0.170645
13.615,0.91883,1.08091,1.08091,-0.162083
13.62,0.924056,1.08108,1.08108,-0.157026
13.625,0.917899,1.08125,1.08125,-0.163353
13.63,0.934706,1.08142,1.08142,-0.146715
13.635,0.941684,1.08159,1.08159,-0.139906
13.64,0.942428,1.08176,1.08176,-0.139332
13.645,0.929432,1.08193,1.08193,-0.152495
13.65,0.901401,1.0821,1.0821,-0.180695
13.655,0.900972,1.08226,1.08226,-0.181293
13.66,0.899673,1.08243,1.08243,-0.18276
13.665,0.886034,1.0826,1.0826,-0.196567
13.67,0.875169,1.08277,1.08277,-0.2076
13.675,0.873582,1.08294,1.08294,-0.209355
13.68,0.896385,1.0831,1.0831,-0.186719
13.685,0.912254,1.08327,1.08327,-0.171018
13.69,0.907512,1.08344,1.08344,-0.175926
13.695,0.885182,1.08361,1.0836,-0.198424
13.7,0.869492,1.08377,1.08377,-0.214281
13.705,0.858508,1.08394,1.08394,-0.225431
13.71,0.853365,1.08411,1.0841,-0.23074
13.715,0.847578,1.08427,1.08427,-0.236694
13.72,0.836839,1.08444,1.08444,-0.247599
13.725,0.834802,1.0846,1.0846,-0.249802
13.73,0.852961,1.08477,1.08477,-0.231809
13.735,0.883948,1.08494,1.08493,-0.200987
13.74,0.891406,1.0851,1.0851,-0.193694
13.745,0.891187,1.08527,1.08526,-0.194079
13.75,0.881636,1.08543,1.08543,-0.203794
13.755,0.878048,1.0856,1.08559,-0.207548
13.76,0.889739,1.08576,1.08576,-0.196021
13.765,0.894022,1.08593,1.08592,-0.191903
13.77,0.886911,1.08609,1.08609,-0.199178
13.775,0.886789,1.08625,1.08625,-0.199464
13.78,0.888507,1.08642,1.08642,-0.19791
13.785,0.892576,1.08658,1.08658,-0.194006
13.79,0.901731,1.08675,1.08674,-0.185014
13.795,0.905505,1.08691,1.08691,-0.181403
13.8,0.917912,1.08707,1.08707,-0.169159
13.805,0.920992,1.08724,1.08723,-0.166243
13.81,0.90888,1.0874,1.0874,-0.178518
13.815,0.893125,1.08756,1.08756,-0.194436
13.82,0.864836,1.08772,1.08772,-0.222888
13.825,0.84657,1.08789,1.08788,-0.241316
13.83,0.834371,1.08805,1.08805,-0.253677
13.835,0.838415,1.08821,1.08821,-0.249795
13.84,0.844528,1.08837,1.08837,-0.243844
13.845,0.846148,1.08853,1.08853,-0.242386
13.85,0.856216,1.0887,1.08869,-0.23248
13.855,0.864348,1.08886,1.08886,-0.224508
13.86,0.884412,1.08902,1.08902,-0.204606
13.865,0.93097,1.08918,1.08918,-0.158209
13.87,0.942291,1.08934,1.08934,-0.147049
13.875,0.940986,1.0895,1.0895,-0.148515
13.88,0.940333,1.08966,1.08966,-0.149328
13.885,0.93569,1.08982,1.08982,-0.154132
13.89,0.926034,1.08998,1.08998,-0.163947
13.895,0.906252,1.09014,1.09014,-0.18389
13.9,0.870206,1.0903,1.0903,-0.220096
13.905,0.856153,1.09046,1.09046,-0.234308
13.91,0.871091,1.09062,1.09062,-0.21953
13.915,0.901999,1.09078,1.09078,-0.188781
13.92,0.912892,1.09094,1.09094,-0.178047
13.925,0.906573,1.0911,1.0911,-0.184525
13.93,0.907679,1.09126,1.09126,-0.183578
13.935,0.9171,1.09142,1.09141,-0.174316
13.94,0.922169,1.09157,1.09157,-0.169405
13.945,0.90568,1.09173,1.09173,-0.186053
13.95,0.891076,1.09189,1.09189,-0.200814
13.955,0.889317,1.09205,1.09205,-0.202731
13.96,0.89257,1.09221,1.09221,-0.199636
13.965,0.893484,1.09236,1.09236,-0.19888
13.97,0.89854,1.09252,1.09252,-0.193981
13.975,0.88828,1.09268,1.09268,-0.204399
13.98,0.870076,1.09284,1.09283,-0.22276
13.985,0.85628,1.09299,1.09299,-0.236713
13.99,0.85441,1.09315,1.09315,-0.238739
13.995,0.858762,1.09331,1.0933,-0.234544
14,0.869974,1.09346,1.09346,-0.223488
14.005,0.867874,1.09362,1.09362,-0.225744
14.01,0.862181,1.09377,1.09377,-0.231593
14.015,0.869797,1.09393,1.09393,-0.224133
14.02,0.8759,1.09409,1.09408,-0.218186
14.025,0.880873,1.09424,1.09424,-0.213369
14.03,0.879844,1.0944,1.0944,-0.214553
14.035,0.864676,1.09455,1.09455,-0.229876
14.04,0.866997,1.09471,1.09471,-0.227709
14.045,0.868155,1.09486,1.09486,-0.226707
14.05,0.873305,1.09502,1.09502,-0.221712
14.055,0.86777,1.09517,1.09517,-0.227401
14.06,0.855869,1.09533,1.09532,-0.239456
14.065,0.84611,1.09548,1.09548,-0.249369
14.07,0.839864,1.09563,1.09563,-0.255769
14.075,0.860763,1.09579,1.09579,-0.235024
14.08,0.884057,1.09594,1.09594,-0.211884
14.085,0.89454,1.09609,1.09609,-0.201555
14.09,0.877164,1.09625,1.09625,-0.219084
14.095,0.855481,1.0964,1.0964,-0.24092
14.1,0.847072,1.09655,1.09655,-0.249481
14.105,0.848964,1.09671,1.09671,-0.247743
14.11,0.860611,1.09686,1.09686,-0.236249
14.115,0.869028,1.09701,1.09701,-0.227983
14.12,0.87411,1.09716,1.09716,-0.223054
14.125,0.876497,1.09732,1.09731,-0.220819
14.13,0.886311,1.09747,1.09747,-0.211157
14.135,0.906123,1.09762,1.09762,-0.191497
14.14,0.90889,1.09777,1.09777,-0.188881
14.145,0.913663,1.09792,1.09792,-0.18426
14.15,0.913622,1.09807,1.09807,-0.184452
14.155,0.913449,1.09823,1.09822,-0.184776
14.16,0.897785,1.09838,1.09837,-0.200591
14.165,0.896892,1.09853,1.09853,-0.201635
14.17,0.893951,1.09868,1.09868,-0.204726
14.175,0.88512,1.09883,1.09883,-0.213708
14.18,0.904729,1.09898,1.09898,-0.194249
14.185,0.91599,1.09913,1.09913,-0.183138
14.19,0.925707,1.09928,1.09928,-0.173571
14.195,0.924228,1.09943,1.09943,-0.1752
14.2,0.902745,1.09958,1.09958,-0.196833
14.205,0.874593,1.09973,1.09973,-0.225133
14.21,0.869939,1.09988,1.09987,-0.229937
14.215,0.871008,1.10002,1.10002,-0.229017
14.22,0.893949,1.10017,1.10017,-0.206225
14.225,0.918441,1.10032,1.10032,-0.181881
14.23,0.94471,1.10047,1.10047,-0.155761
14.235,0.952454,1.10062,1.10062,-0.148166
14.24,0.943386,1.10077,1.10077,-0.157382
14.245,0.940042,1.10092,1.10091,-0.160874
14.25,0.936072,1.10106,1.10106,-0.164991
14.255,0.943684,1.10121,1.10121,-0.157527
14.26,0.937008,1.10136,1.10136,-0.164351
14.265,0.929425,1.10151,1.10151,-0.172081
14.27,0.921852,1.10165,1.10165,-0.179801
14.275,0.915488,1.1018,1.1018,-0.186313
14.28,0.928938,1.10195,1.10195,-0.17301
14.285,0.931819,1.10209,1.10209,-0.170275
14.29,0.920295,1.10224,1.10224,-0.181946
14.295,0.913168,1.10239,1.10239,-0.189219
14.3,0.899623,1.10253,1.10253,-0.202911
14.305,0.896061,1.10268,1.10268,-0.206618
14.31,0.874712,1.10283,1.10282,-0.228113
14.315,0.855785,1.10297,1.10297,-0.247186
14.32,0.861249,1.10312,1.10312,-0.241867
14.325,0.872762,1.10326,1.10326,-0.2305
14.33,0.893936,1.10341,1.10341,-0.209471
14.335,0.911045,1.10355,1.10355,-0.192507
14.34,0.911878,1.1037,1.1037,-0.191819
14.345,0.891904,1.10384,1.10384,-0.211937
14.35,0.870458,1.10399,1.10398,-0.233528
14.355,0.863263,1.10413,1.10413,-0.240867
14.36,0.870873,1.10427,1.10427,-0.233401
14.365,0.876414,1.10442,1.10442,-0.228004
14.37,0.884426,1.10456,1.10456,-0.220137
14.375,0.888593,1.10471,1.10471,-0.216114
14.38,0.905686,1.10485,1.10485,-0.199164
14.385,0.916604,1.10499,1.10499,-0.188389
14.39,0.926736,1.10514,1.10514,-0.178401
14.395,0.923208,1.10528,1.10528,-0.182071
14.4,0.915782,1.10542,1.10542,-0.18964
14.405,0.924011,1.10556,1.10556,-0.181554
14.41,0.910986,1.10571,1.10571,-0.194721
14.415,0.907627,1.10585,1.10585,-0.198223
14.42,0.890757,1.10599,1.10599,-0.215235
14.425,0.87513,1.10613,1.10613,-0.231004
14.43,0.868016,1.10628,1.10627,-0.23826
14.435,0.859845,1.10642,1.10642,-0.246572
14.44,0.859412,1.10656,1.10656,-0.247147
14.445,0.872104,1.1067,1.1067,-0.234596
14.45,0.880484,1.10684,1.10684,-0.226357
14.455,0.886895,1.10698,1.10698,-0.220088
14.46,0.893635,1.10712,1.10712,-0.213488
14.465,0.901662,1.10726,1.10726,-0.205602
14.47,0.898694,1.1074,1.1074,-0.20871
14.475,0.89789,1.10755,1.10754,-0.209655
14.48,0.892744,1.10769,1.10768,-0.214941
14.485,0.898195,1.10783,1.10782,-0.20963
14.49,0.898165,1.10797,1.10796,-0.2098
14.495,0.890202,1.1081,1.1081,-0.217903
14.5,0.879271,1.10824,1.10824,-0.228973
14.505,0.863621,1.10838,1.10838,-0.244763
14.51,0.854302,1.10852,1.10852,-0.254221
14.515,0.860194,1.10866,1.10866,-0.248468
14.52,0.88123,1.1088,1.1088,-0.227571
14.525,0.897504,1.10894,1.10894,-0.211435
14.53,0.889175,1.10908,1.10908,-0.219903
14.535,0.888732,1.10922,1.10922,-0.220484
14.54,0.89576,1.10935,1.10935,-0.213595
14.545,0.909966,1.10949,1.10949,-0.199527
14.55,0.910607,1.10963,1.10963,-0.199024
14.555,0.912896,1.10977,1.10977,-0.196872
14.56,0.9148,1.10991,1.1099,-0.195106
14.565,0.933428,1.11004,1.11004,-0.176616
14.57,0.940501,1.11018,1.11018,-0.16968
14.575,0.948147,1.11032,1.11032,-0.162171
14.58,0.952374,1.11045,1.11045,-0.15808
14.585,0.931634,1.11059,1.11059,-0.178958
14.59,0.91102,1.11073,1.11073,-0.199708
14.595,0.898091,1.11086,1.11086,-0.212773
14.6,0.900861,1.111,1.111,-0.21014
14.605,0.900763,1.11114,1.11114,-0.210374
14.61,0.888569,1.11127,1.11127,-0.222703
14.615,0.869609,1.11141,1.11141,-0.241799
14.62,0.86183,1.11154,1.11154,-0.249714
14.625,0.863208,1.11168,1.11168,-0.248472
14.63,0.872885,1.11181,1.11181,-0.238929
14.635,0.885766,1.11195,1.11195,-0.226184
14.64,0.900409,1.11208,1.11208,-0.211676
14.645,0.903138,1.11222,1.11222,-0.209081
14.65,0.910156,1.11235,1.11235,-0.202198
14.655,0.911474,1.11249,1.11249,-0.201014
14.66,0.926032,1.11262,1.11262,-0.186591
14.665,0.943978,1.11276,1.11276,-0.168779
14.67,0.960784,1.11289,1.11289,-0.152107
14.675,0.973685,1.11302,1.11302,-0.139339
14.68,0.978509,1.11316,1.11316,-0.134649
14.685,0.983279,1.11329,1.11329,-0.130013
14.69,0.977291,1.11343,1.11342,-0.136134
14.695,0.967592,1.11356,1.11356,-0.145967
14.7,0.954449,1.11369,1.11369,-0.159242
14.705,0.936468,1.11382,1.11382,-0.177356
14.71,0.919484,1.11396,1.11396,-0.194473
14.715,0.909869,1.11409,1.11409,-0.204221
14.72,0.907217,1.11422,1.11422,-0.207005
14.725,0.917148,1.11435,1.11435,-0.197206
14.73,0.923038,1.11449,1.11448,-0.191448
14.735,0.918426,1.11462,1.11462,-0.196192
14.74,0.911984,1.11475,1.11475,-0.202766
14.745,0.918063,1.11488,1.11488,-0.196818
14.75,0.92438,1.11501,1.11501,-0.190633
14.755,0.92392,1.11514,1.11514,-0.191223
14.76,0.909101,1.11527,1.11527,-0.206174
14.765,0.904875,1.11541,1.1154,-0.21053
14.77,0.91506,1.11554,1.11553,-0.200476
14.775,0.933295,1.11567,1.11567,-0.182372
14.78,0.939972,1.1158,1.1158,-0.175825
14.785,0.927706,1.11593,1.11593,-0.188222
14.79,0.921519,1.11606,1.11606,-0.194539
14.795,0.918113,1.11619,1.11619,-0.198074
14.8,0.913966,1.11632,1.11632,-0.202351
14.805,0.896748,1.11645,1.11645,-0.219698
14.81,0.879527,1.11658,1.11657,-0.237049
14.815,0.875876,1.11671,1.1167,-0.240829
14.82,0.869698,1.11683,1.11683,-0.247137
14.825,0.858978,1.11696,1.11696,-0.257985
14.83,0.848098,1.11709,1.11709,-0.268994
14.835,0.841834,1.11722,1.11722,-0.275387
14.84,0.854454,1.11735,1.11735,-0.262895
14.845,0.865554,1.11748,1.11748,-0.251924
14.85,0.878379,1.11761,1.1176,-0.239226
14.855,0.885954,1.11773,1.11773,-0.23178
14.86,0.899558,1.11786,1.11786,-0.218304
14.865,0.906591,1.11799,1.11799,-0.211398
14.87,0.897123,1.11812,1.11812,-0.220994
14.875,0.90069,1.11824,1.11824,-0.217554
14.88,0.916702,1.11837,1.11837,-0.201669
14.885,0.933999,1.1185,1.1185,-0.1845
14.89,0.920482,1.11863,1.11862,-0.198143
14.895,0.919341,1.11875,1.11875,-0.199411
14.9,0.925461,1.11888,1.11888,-0.193418
14.905,0.932474,1.119,1.119,-0.186531
14.91,0.927326,1.11913,1.11913,-0.191805
14.915,0.907459,1.11926,1.11926,-0.211798
14.92,0.8906,1.11938,1.11938,-0.228783
14.925,0.899704,1.11951,1.11951,-0.219804
14.93,0.913422,1.11963,1.11963,-0.206212
14.935,0.934684,1.11976,1.11976,-0.185075
14.94,0.94044,1.11988,1.11988,-0.179445
14.945,0.945769,1.12001,1.12001,-0.174241
14.95,0.939846,1.12013,1.12013,-0.180288
14.955,0.928754,1.12026,1.12026,-0.191506
14.96,0.91132,1.12038,1.12038,-0.209065
14.965,0.900628,1.12051,1.12051,-0.219881
14.97,0.89884,1.12063,1.12063,-0.221794
14.975,0.910542,1.12076,1.12076,-0.210215
14.98,0.919339,1.12088,1.12088,-0.201542
14.985,0.913176,1.12101,1.121,-0.207829
14.99,0.908622,1.12113,1.12113,-0.212507
14.995,0.901655,1.12125,1.12125,-0.219597
15,0.893274,1.12138,1.12137,-0.228101
15.005,0.892117,1.1215,1.1215,-0.229382
15.01,0.882851,1.12162,1.12162,-0.238771
15.015,0.877298,1.12174,1.12174,-0.244447
15.02,0.879296,1.12187,1.12187,-0.242571
15.025,0.889744,1.12199,1.12199,-0.232246
15.03,0.90508,1.12211,1.12211,-0.217032
15.035,0.927401,1.12223,1.12223,-0.194833
15.04,0.943852,1.12236,1.12236,-0.178505
15.045,0.953222,1.12248,1.12248,-0.169257
15.05,0.937529,1.1226,1.1226,-0.185072
15.055,0.921857,1.12272,1.12272,-0.200865
15.06,0.917128,1.12284,1.12284,-0.205715
15.065,0.923234,1.12296,1.12296,-0.199731
15.07,0.929665,1.12309,1.12308,-0.193421
15.075,0.932688,1.12321,1.12321,-0.190519
15.08,0.918367,1.12333,1.12333,-0.204961
15.085,0.910325,1.12345,1.12345,-0.213124
15.09,0.918932,1.12357,1.12357,-0.204637
15.095,0.928581,1.12369,1.12369,-0.195108
15.1,0.940015,1.12381,1.12381,-0.183795
15.105,0.943646,1.12393,1.12393,-0.180284
15.11,0.934506,1.12405,1.12405,-0.189544
15.115,0.921721,1.12417,1.12417,-0.202448
15.12,0.913578,1.12429,1.12429,-0.21071
15.125,0.903245,1.12441,1.12441,-0.221163
15.13,0.902458,1.12453,1.12453,-0.222069
15.135,0.89907,1.12465,1.12465,-0.225577
15.14,0.889403,1.12477,1.12476,-0.235362
15.145,0.912383,1.12488,1.12488,-0.212501
15.15,0.935323,1.125,1.125,-0.18968
15.155,0.944344,1.12512,1.12512,-0.180777
15.16,0.940444,1.12524,1.12524,-0.184795
15.165,0.931526,1.12536,1.12536,-0.193832
15.17,0.923274,1.12548,1.12547,-0.202202
15.175,0.921261,1.12559,1.12559,-0.204332
15.18,0.934436,1.12571,1.12571,-0.191275
15.185,0.929039,1.12583,1.12583,-0.19679
15.19,0.913242,1.12595,1.12594,-0.212704
15.195,0.907534,1.12606,1.12606,-0.21853
15.2,0.910145,1.12618,1.12618,-0.216036
15.205,0.902933,1.1263,1.1263,-0.223364
15.21,0.9028,1.12641,1.12641,-0.223614
15.215,0.908407,1.12653,1.12653,-0.218124
15.22,0.911883,1.12665,1.12665,-0.214764
15.225,0.908983,1.12676,1.12676,-0.217781
15.23,0.902339,1.12688,1.12688,-0.22454
15.235,0.900616,1.127,1.12699,-0.226379
15.24,0.894648,1.12711,1.12711,-0.232463
15.245,0.890227,1.12723,1.12723,-0.236999
15.25,0.888753,1.12734,1.12734,-0.238589
15.255,0.887374,1.12746,1.12746,-0.240084
15.26,0.883536,1.12757,1.12757,-0.244037
15.265,0.87535,1.12769,1.12769,-0.252338
15.27,0.878649,1.1278,1.1278,-0.249154
15.275,0.892284,1.12792,1.12792,-0.235634
15.28,0.905088,1.12803,1.12803,-0.222944
15.285,0.928451,1.12815,1.12815,-0.199695
15.29,0.941535,1.12826,1.12826,-0.186726
15.295,0.932996,1.12837,1.12837,-0.195379
15.3,0.93473,1.12849,1.12849,-0.193759
15.305,0.926654,1.1286,1.1286,-0.201949
15.31,0.920944,1.12872,1.12871,-0.207772
15.315,0.915779,1.12883,1.12883,-0.213051
15.32,0.911918,1.12894,1.12894,-0.217025
15.325,0.906725,1.12906,1.12905,-0.222332
15.33,0.912902,1.12917,1.12917,-0.216268
15.335,0.926902,1.12928,1.12928,-0.202381
15.34,0.930025,1.12939,1.12939,-0.19937
15.345,0.93878,1.12951,1.12951,-0.190727
15.35,0.924454,1.12962,1.12962,-0.205166
15.355,0.915768,1.12973,1.12973,-0.213964
15.36,0.902536,1.12984,1.12984,-0.227308
15.365,0.909944,1.12996,1.12995,-0.220012
15.37,0.913708,1.13007,1.13007,-0.21636
15.375,0.923081,1.13018,1.13018,-0.207099
15.38,0.916764,1.13029,1.13029,-0.213527
15.385,0.91022,1.1304,1.1304,-0.220183
15.39,0.90544,1.13051,1.13051,-0.225074
15.395,0.913579,1.13062,1.13062,-0.217046
15.4,0.921655,1.13074,1.13073,-0.209081
15.405,0.929316,1.13085,1.13084,-0.20153
15.41,0.919946,1.13096,1.13096,-0.211011
15.415,0.909148,1.13107,1.13107,-0.221919
15.42,0.904564,1.13118,1.13118,-0.226613
15.425,0.905183,1.13129,1.13129,-0.226104
15.43,0.90693,1.1314,1.1314,-0.224467
15.435,0.902031,1.13151,1.13151,-0.229477
15.44,0.899405,1.13162,1.13162,-0.232212
15.445,0.904414,1.13173,1.13172,-0.227313
15.45,0.91342,1.13184,1.13183,-0.218416
15.455,0.910199,1.13194,1.13194,-0.221746
15.46,0.910531,1.13205,1.13205,-0.221523
15.465,0.897223,1.13216,1.13216,-0.23494
15.47,0.903264,1.13227,1.13227,-0.229007
15.475,0.907297,1.13238,1.13238,-0.225083
15.48,0.892481,1.13249,1.13249,-0.240007
15.485,0.874722,1.1326,1.1326,-0.257875
15.49,0.872776,1.1327,1.1327,-0.259929
15.495,0.873592,1.13281,1.13281,-0.259221
15.5,0.883984,1.13292,1.13292,-0.248937
15.505,0.882063,1.13303,1.13303,-0.250966
15.51,0.875325,1.13314,1.13313,-0.257811
15.515,0.86769,1.13324,1.13324,-0.265553
15.52,0.872339,1.13335,1.13335,-0.261012
15.525,0.886444,1.13346,1.13346,-0.247014
15.53,0.89935,1.13356,1.13356,-0.234214
15.535,0.908752,1.13367,1.13367,-0.224919
15.54,0.919359,1.13378,1.13378,-0.214419
15.545,0.929217,1.13388,1.13388,-0.204667
15.55,0.91817,1.13399,1.13399,-0.215821
15.555,0.902936,1.1341,1.1341,-0.231161
15.56,0.893254,1.1342,1.1342,-0.240949
15.565,0.895907,1.13431,1.13431,-0.238401
15.57,0.898608,1.13441,1.13441,-0.235806
15.575,0.905058,1.13452,1.13452,-0.229462
15.58,0.903826,1.13462,1.13462,-0.230798
15.585,0.906121,1.13473,1.13473,-0.228609
15.59,0.897902,1.13484,1.13483,-0.236933
15.595,0.896864,1.13494,1.13494,-0.238076
15.6,0.890161,1.13504,1.13504,-0.244884
15.605,0.883359,1.13515,1.13515,-0.251791
15.61,0.875955,1.13525,1.13525,-0.259299
15.615,0.87069,1.13536,1.13536,-0.264668
15.62,0.873945,1.13546,1.13546,-0.261517
15.625,0.890145,1.13557,1.13557,-0.245422
15.63,0.910845,1.13567,1.13567,-0.224826
15.635,0.909353,1.13577,1.13577,-0.226421
15.64,0.90607,1.13588,1.13588,-0.229808
15.645,0.897567,1.13598,1.13598,-0.238415
15.65,0.901896,1.13608,1.13608,-0.234188
15.655,0.921769,1.13619,1.13619,-0.214418
15.66,0.924342,1.13629,1.13629,-0.211949
15.665,0.937895,1.13639,1.13639,-0.198498
15.67,0.956285,1.1365,1.13649,-0.180211
15.675,0.964582,1.1366,1.1366,-0.172017
15.68,0.969622,1.1367,1.1367,-0.167079
15.685,0.969852,1.1368,1.1368,-0.166951
15.69,0.977995,1.13691,1.1369,-0.15891
15.695,0.972303,1.13701,1.13701,-0.164704
15.7,0.965814,1.13711,1.13711,-0.171294
15.705,0.947126,1.13721,1.13721,-0.190085
15.71,0.931692,1.13731,1.13731,-0.20562
15.715,0.914456,1.13741,1.13741,-0.222957
15.72,0.909568,1.13751,1.13751,-0.227946
15.725,0.902512,1.13762,1.13761,-0.235103
15.73,0.910093,1.13772,1.13771,-0.227623
15.735,0.912203,1.13782,1.13782,-0.225614
15.74,0.934471,1.13792,1.13792,-0.203446
15.745,0.944454,1.13802,1.13802,-0.193564
15.75,0.942222,1.13812,1.13812,-0.195897
15.755,0.933968,1.13822,1.13822,-0.20425
15.76,0.922892,1.13832,1.13832,-0.215426
15.765,0.928897,1.13842,1.13842,-0.209521
15.77,0.936136,1.13852,1.13852,-0.202382
15.775,0.94677,1.13862,1.13862,-0.191847
15.78,0.9453,1.13872,1.13872,-0.193417
15.785,0.93278,1.13882,1.13881,-0.206036
15.79,0.922969,1.13892,1.13891,-0.215946
15.795,0.910669,1.13901,1.13901,-0.228345
15.8,0.90923,1.13911,1.13911,-0.229882
15.805,0.907464,1.13921,1.13921,-0.231748
15.81,0.921249,1.13931,1.13931,-0.218061
15.815,0.925794,1.13941,1.13941,-0.213615
15.82,0.934395,1.13951,1.1395,-0.205112
15.825,0.945897,1.1396,1.1396,-0.193707
15.83,0.943859,1.1397,1.1397,-0.195844
15.835,0.945032,1.1398,1.1398,-0.194768
15.84,0.960158,1.1399,1.1399,-0.17974
15.845,0.972495,1.14,1.13999,-0.1675
15.85,0.964832,1.14009,1.14009,-0.17526
15.855,0.954087,1.14019,1.14019,-0.186102
15.86,0.955387,1.14029,1.14029,-0.184899
15.865,0.951148,1.14038,1.14038,-0.189235
15.87,0.950348,1.14048,1.14048,-0.190133
15.875,0.953418,1.14058,1.14058,-0.187159
15.88,0.949195,1.14067,1.14067,-0.191478
15.885,0.955152,1.14077,1.14077,-0.185617
15.89,0.964465,1.14087,1.14086,-0.176401
15.895,0.958764,1.14096,1.14096,-0.182198
15.9,0.945383,1.14106,1.14106,-0.195675
15.905,0.934115,1.14115,1.14115,-0.207038
15.91,0.935692,1.14125,1.14125,-0.205556
15.915,0.939411,1.14134,1.14134,-0.201933
15.92,0.945723,1.14144,1.14144,-0.195716
15.925,0.949957,1.14153,1.14153,-0.191577
15.93,0.945832,1.14163,1.14163,-0.195797
15.935,0.955078,1.14172,1.14172,-0.186646
15.94,0.956726,1.14182,1.14182,-0.185093
15.945,0.962729,1.14191,1.14191,-0.179184
15.95,0.964958,1.14201,1.14201,-0.177049
15.955,0.960964,1.1421,1.1421,-0.181138
15.96,0.956945,1.1422,1.14219,-0.185251
15.965,0.937958,1.14229,1.14229,-0.204332
15.97,0.919186,1.14238,1.14238,-0.223197
15.975,0.912388,1.14248,1.14248,-0.230089
15.98,0.924062,1.14257,1.14257,-0.218509
15.985,0.954277,1.14266,1.14266,-0.188387
15.99,0.981608,1.14276,1.14276,-0.161149
15.995,0.983427,1.14285,1.14285,-0.159423
16,0.97206,1.14294,1.14294,-0.170883
16.005,0.972102,1.14304,1.14303,-0.170934
16.01,0.972998,1.14313,1.14313,-0.17013
16.015,0.962253,1.14322,1.14322,-0.180968
16.02,0.952215,1.14331,1.14331,-0.191098
16.025,0.942065,1.14341,1.1434,-0.201341
16.03,0.929724,1.1435,1.1435,-0.213773
16.035,0.926044,1.14359,1.14359,-0.217545
16.04,0.914942,1.14368,1.14368,-0.228739
16.045,0.910947,1.14377,1.14377,-0.232826
16.05,0.90556,1.14386,1.14386,-0.238304
16.055,0.893185,1.14396,1.14395,-0.250771
16.06,0.903611,1.14405,1.14404,-0.240436
16.065,0.921006,1.14414,1.14414,-0.223132
16.07,0.941132,1.14423,1.14423,-0.203096
16.075,0.947061,1.14432,1.14432,-0.197258
16.08,0.943254,1.14441,1.14441,-0.201155
16.085,0.940884,1.1445,1.1445,-0.203616
16.09,0.947293,1.14459,1.14459,-0.197297
16.095,0.956347,1.14468,1.14468,-0.188334
16.1,0.964871,1.14477,1.14477,-0.1799
16.105,0.962296,1.14486,1.14486,-0.182564
16.11,0.968447,1.14495,1.14495,-0.176503
16.115,0.981012,1.14504,1.14504,-0.164032
16.12,0.987958,1.14513,1.14513,-0.157174
16.125,0.986662,1.14522,1.14522,-0.15856
16.13,0.976558,1.14531,1.14531,-0.168753
16.135,0.972927,1.1454,1.14539,-0.172473
16.14,0.979889,1.14549,1.14548,-0.1656
16.145,0.984951,1.14558,1.14557,-0.160626
16.15,0.997954,1.14567,1.14566,-0.147713
16.155,1.01019,1.14575,1.14575,-0.135561
16.16,1.01079,1.14584,1.14584,-0.135052
16.165,0.99843,1.14593,1.14593,-0.147501
16.17,0.995437,1.14602,1.14601,-0.150582
16.175,1.0043,1.14611,1.1461,-0.141805
16.18,0.984345,1.14619,1.14619,-0.16185
16.185,0.96413,1.14628,1.14628,-0.182152
16.19,0.938351,1.14637,1.14636,-0.208019
16.195,0.921007,1.14646,1.14645,-0.225449
16.2,0.917346,1.14654,1.14654,-0.229198
16.205,0.918622,1.14663,1.14662,-0.228008
16.21,0.925508,1.14672,1.14671,-0.221209
16.215,0.94668,1.1468,1.1468,-0.200124
16.22,0.956769,1.14689,1.14688,-0.190121
16.225,0.960891,1.14698,1.14697,-0.186086
16.23,0.953612,1.14706,1.14706,-0.193452
16.235,0.941394,1.14715,1.14714,-0.205755
16.24,0.957709,1.14724,1.14723,-0.189526
16.245,0.978513,1.14732,1.14732,-0.168809
16.25,0.996084,1.14741,1.1474,-0.151323
16.255,1.00561,1.14749,1.14749,-0.141883
16.26,0.993189,1.14758,1.14757,-0.154389
16.265,0.972285,1.14766,1.14766,-0.175378
16.27,0.968806,1.14775,1.14774,-0.178942
16.275,0.980662,1.14783,1.14783,-0.167171
16.28,1.00099,1.14792,1.14791,-0.146928
16.285,1.00468,1.148,1.148,-0.143323
16.29,0.989215,1.14809,1.14808,-0.158872
16.295,0.974317,1.14817,1.14817,-0.173855
16.3,0.979441,1.14826,1.14825,-0.168814
16.305,0.987759,1.14834,1.14833,-0.16058
16.31,0.985173,1.14842,1.14842,-0.163251
16.315,0.977463,1.14851,1.1485,-0.171044
16.32,0.971258,1.14859,1.14859,-0.177333
16.325,0.96251,1.14867,1.14867,-0.186164
16.33,0.955594,1.14876,1.14875,-0.193164
16.335,0.959171,1.14884,1.14884,-0.189671
16.34,0.963632,1.14892,1.14892,-0.185292
16.345,0.961848,1.14901,1.149,-0.187159
16.35,0.963418,1.14909,1.14908,-0.185672
16.355,0.964648,1.14917,1.14917,-0.184525
16.36,0.971861,1.14926,1.14925,-0.177394
16.365,0.972491,1.14934,1.14933,-0.176847
16.37,0.973622,1.14942,1.14941,-0.175798
16.375,0.979858,1.1495,1.1495,-0.169644
16.38,0.980903,1.14958,1.14958,-0.168681
16.385,0.990224,1.14967,1.14966,-0.159442
16.39,1.00105,1.14975,1.14974,-0.148701
16.395,1.00873,1.14983,1.14982,-0.141099
16.4,1.0158,1.14991,1.1499,-0.134113
16.405,1.00853,1.14999,1.14999,-0.141458
16.41,0.996604,1.15007,1.15007,-0.153469
16.415,1.01477,1.15015,1.15015,-0.135383
16.42,1.01926,1.15023,1.15023,-0.13097
16.425,1.01333,1.15032,1.15031,-0.136981
16.43,1.00249,1.1504,1.15039,-0.147907
16.435,1.00131,1.15048,1.15047,-0.149162
16.44,1.00606,1.15056,1.15055,-0.144498
16.445,0.999766,1.15064,1.15063,-0.150871
16.45,0.982231,1.15072,1.15071,-0.168486
16.455,0.958874,1.1508,1.15079,-0.191923
16.46,0.952203,1.15088,1.15087,-0.198673
16.465,0.944857,1.15096,1.15095,-0.206099
16.47,0.951758,1.15104,1.15103,-0.199278
16.475,0.963294,1.15111,1.15111,-0.187821
16.48,0.986593,1.15119,1.15119,-0.164601
16.485,0.986919,1.15127,1.15127,-0.164354
16.49,0.988141,1.15135,1.15135,-0.163211
16.495,0.997896,1.15143,1.15142,-0.153534
16.5,1.00489,1.15151,1.1515,-0.146623
16.505,1.01588,1.15159,1.15158,-0.135709
16.51,1.00623,1.15167,1.15166,-0.145436
16.515,1.00624,1.15174,1.15174,-0.145502
16.52,1.00996,1.15182,1.15182,-0.141861
16.525,1.00038,1.1519,1.15189,-0.151519
16.53,0.988734,1.15198,1.15197,-0.163243
16.535,0.991346,1.15206,1.15205,-0.160709
16.54,0.984043,1.15213,1.15213,-0.16809
16.545,0.985098,1.15221,1.1522,-0.167112
16.55,0.994585,1.15229,1.15228,-0.157703
16.555,1.0095,1.15236,1.15236,-0.142866
16.56,1.02451,1.15244,1.15244,-0.127926
16.565,1.02762,1.15252,1.15251,-0.124897
16.57,1.00804,1.15259,1.15259,-0.144555
16.575,0.991623,1.15267,1.15267,-0.161048
16.58,0.982841,1.15275,1.15274,-0.169907
16.585,0.977457,1.15282,1.15282,-0.175367
16.59,0.966586,1.1529,1.15289,-0.186314
16.595,0.961319,1.15298,1.15297,-0.191657
16.6,0.959189,1.15305,1.15305,-0.193862
16.605,0.959874,1.15313,1.15312,-0.193254
16.61,0.959908,1.1532,1.1532,-0.193295
16.615,0.957319,1.15328,1.15327,-0.19596
16.62,0.963348,1.15335,1.15335,-0.190006
16.625,0.964909,1.15343,1.15342,-0.188519
16.63,0.971038,1.1535,1.1535,-0.182466
16.635,0.964415,1.15358,1.15357,-0.189163
16.64,0.962993,1.15365,1.15365,-0.19066
16.645,0.961436,1.15373,1.15372,-0.192291
16.65,0.961915,1.1538,1.1538,-0.191887
16.655,0.959537,1.15388,1.15387,-0.194339
16.66,0.963226,1.15395,1.15394,-0.190725
16.665,0.978363,1.15402,1.15402,-0.175661
16.67,0.987342,1.1541,1.15409,-0.166756
16.675,1.00211,1.15417,1.15417,-0.152065
16.68,1.00424,1.15425,1.15424,-0.150009
16.685,1.00033,1.15432,1.15431,-0.153993
16.69,0.987172,1.15439,1.15439,-0.16722
16.695,0.981761,1.15447,1.15446,-0.172705
16.7,0.985835,1.15454,1.15453,-0.168704
16.705,0.99022,1.15461,1.15461,-0.164391
16.71,0.997656,1.15468,1.15468,-0.157028
16.715,1.00859,1.15476,1.15475,-0.146165
16.72,1.00953,1.15483,1.15482,-0.145302
16.725,1.02322,1.1549,1.1549,-0.131685
16.73,1.02586,1.15497,1.15497,-0.129118
16.735,1.02513,1.15505,1.15504,-0.129913
16.74,1.01544,1.15512,1.15511,-0.139678
16.745,1.00067,1.15519,1.15518,-0.154518
16.75,0.985293,1.15526,1.15526,-0.169968
16.755,0.983932,1.15533,1.15533,-0.171401
16.76,0.991848,1.1554,1.1554,-0.163556
16.765,1.00149,1.15548,1.15547,-0.153988
16.77,1.0044,1.15555,1.15554,-0.151149
16.775,0.981668,1.15562,1.15561,-0.17395
16.78,0.961283,1.15569,1.15568,-0.194406
16.785,0.941661,1.15576,1.15575,-0.214099
16.79,0.9442,1.15583,1.15582,-0.21163
16.795,0.957446,1.1559,1.15589,-0.198454
16.8,0.974566,1.15597,1.15596,-0.181405
16.805,0.994703,1.15604,1.15603,-0.161338
16.81,1.0063,1.15611,1.1561,-0.149808
16.815,1.00743,1.15618,1.15617,-0.148748
16.82,1.01186,1.15625,1.15624,-0.14439
16.825,0.991551,1.15632,1.15631,-0.16477
16.83,0.975445,1.15639,1.15638,-0.180944
16.835,0.982899,1.15646,1.15645,-0.17356
16.84,0.997691,1.15653,1.15652,-0.158837
16.845,1.00274,1.1566,1.15659,-0.153859
16.85,1.01462,1.15667,1.15666,-0.142049
16.855,1.01791,1.15673,1.15673,-0.138829
16.86,1.01671,1.1568,1.1568,-0.140095
16.865,1.01853,1.15687,1.15687,-0.138344
16.87,1.01918,1.15694,1.15693,-0.137762
16.875,1.0159,1.15701,1.157,-0.141113
16.88,1.00454,1.15708,1.15707,-0.152539
16.885,0.991915,1.15714,1.15714,-0.16523
16.89,0.982043,1.15721,1.15721,-0.17517
16.895,0.979942,1.15728,1.15727,-0.177338
16.9,0.975653,1.15735,1.15734,-0.181695
16.905,0.977589,1.15742,1.15741,-0.179826
16.91,0.977179,1.15748,1.15748,-0.180304
16.915,0.983823,1.15755,1.15754,-0.173727
16.92,0.998111,1.15762,1.15761,-0.159506
16.925,1.0064,1.15768,1.15768,-0.151282
16.93,1.01897,1.15775,1.15774,-0.138776
16.935,1.02567,1.15782,1.15781,-0.132146
16.94,1.03518,1.15788,1.15788,-0.122704
16.945,1.04466,1.15795,1.15794,-0.113293
16.95,1.03811,1.15802,1.15801,-0.11991
16.955,1.03428,1.15808,1.15808,-0.123802
16.96,1.02947,1.15815,1.15814,-0.128678
16.965,1.03357,1.15821,1.15821,-0.124649
16.97,1.02922,1.15828,1.15827,-0.129064
16.975,1.0289,1.15835,1.15834,-0.129443
16.98,1.0367,1.15841,1.1584,-0.121708
16.985,1.02236,1.15848,1.15847,-0.136121
16.99,1.0059,1.15854,1.15854,-0.152641
16.995,0.999266,1.15861,1.1586,-0.15934
17,1.00421,1.15867,1.15867,-0.15446
17.005,1.01042,1.15874,1.15873,-0.148316
17.01,0.995777,1.1588,1.15879,-0.163024
17.015,0.983138,1.15887,1.15886,-0.175727
17.02,0.994258,1.15893,1.15892,-0.164672
17.025,1.01125,1.15899,1.15899,-0.147746
17.03,1.02349,1.15906,1.15905,-0.13557
17.035,1.02683,1.15912,1.15912,-0.132294
17.04,1.0356,1.15919,1.15918,-0.12359
17.045,1.03661,1.15925,1.15924,-0.12264
17.05,1.03759,1.15931,1.15931,-0.121726
17.055,1.03156,1.15938,1.15937,-0.12782
17.06,1.0288,1.15944,1.15943,-0.130638
17.065,1.03575,1.1595,1.1595,-0.123752
17.07,1.04576,1.15957,1.15956,-0.113809
17.075,1.05797,1.15963,1.15962,-0.101656
17.08,1.05835,1.15969,1.15969,-0.101338
17.085,1.04919,1.15975,1.15975,-0.110566
17.09,1.04134,1.15982,1.15981,-0.118479
17.095,1.04519,1.15988,1.15987,-0.114689
17.1,1.06205,1.15994,1.15993,-0.0978895
17.105,1.07703,1.16,1.16,-0.0829686
17.11,1.07232,1.16007,1.16006,-0.0877418
17.115,1.07782,1.16013,1.16012,-0.0823095
17.12,1.07732,1.16019,1.16018,-0.0828661
17.125,1.08088,1.16025,1.16024,-0.0793673
17.13,1.07085,1.16031,1.16031,-0.0894667
17.135,1.06936,1.16037,1.16037,-0.0910092
17.14,1.07898,1.16043,1.16043,-0.0814583
17.145,1.06745,1.1605,1.16049,-0.0930434
17.15,1.05042,1.16056,1.16055,-0.110134
17.155,1.04556,1.16062,1.16061,-0.115056
17.16,1.05018,1.16068,1.16067,-0.110499
17.165,1.06675,1.16074,1.16073,-0.0939901
17.17,1.05884,1.1608,1.16079,-0.101958
17.175,1.0466,1.16086,1.16085,-0.114255
17.18,1.05225,1.16092,1.16091,-0.108674
17.185,1.07691,1.16098,1.16097,-0.0840735
17.19,1.09844,1.16104,1.16103,-0.0625939
17.195,1.10317,1.1611,1.16109,-0.0579286
17.2,1.09842,1.16116,1.16115,-0.0627342
17.205,1.08677,1.16122,1.16121,-0.0744447
17.21,1.0682,1.16128,1.16127,-0.0930794
17.215,1.0725,1.16134,1.16133,-0.0888353
17.22,1.07019,1.16139,1.16139,-0.0912079
17.225,1.06743,1.16145,1.16145,-0.0940198
17.23,1.05009,1.16151,1.16151,-0.11142
17.235,1.04047,1.16157,1.16156,-0.121105
17.24,1.04985,1.16163,1.16162,-0.111781
17.245,1.07194,1.16169,1.16168,-0.0897483
17.25,1.08778,1.16175,1.16174,-0.0739707
17.255,1.1049,1.1618,1.1618,-0.0568996
17.26,1.0941,1.16186,1.16186,-0.0677642
17.265,1.08128,1.16192,1.16191,-0.0806401
17.27,1.08466,1.16198,1.16197,-0.0773148
17.275,1.09461,1.16204,1.16203,-0.0674294
17.28,1.09352,1.16209,1.16209,-0.068573
17.285,1.07885,1.16215,1.16214,-0.0833016
17.29,1.05501,1.16221,1.1622,-0.107201
17.295,1.03645,1.16226,1.16226,-0.12581
17.3,1.0358,1.16232,1.16231,-0.126525
17.305,1.02467,1.16238,1.16237,-0.137705
17.31,1.03455,1.16244,1.16243,-0.127882
17.315,1.04637,1.16249,1.16249,-0.116125
17.32,1.05753,1.16255,1.16254,-0.105022
17.325,1.06609,1.1626,1.1626,-0.0965182
17.33,1.05887,1.16266,1.16265,-0.103795
17.335,1.05642,1.16272,1.16271,-0.106297
17.34,1.06394,1.16277,1.16277,-0.0988308
17.345,1.08179,1.16283,1.16282,-0.0810434
17.35,1.09926,1.16288,1.16288,-0.0636217
17.355,1.0991,1.16294,1.16293,-0.0638384
17.36,1.09377,1.163,1.16299,-0.0692243
17.365,1.10232,1.16305,1.16304,-0.0607337
17.37,1.10802,1.16311,1.1631,-0.0550872
17.375,1.09511,1.16316,1.16315,-0.0680472
17.38,1.09011,1.16322,1.16321,-0.0731046
17.385,1.08728,1.16327,1.16326,-0.075988
17.39,1.08491,1.16332,1.16332,-0.0784181
17.395,1.07053,1.16338,1.16337,-0.0928494
17.4,1.06606,1.16343,1.16343,-0.0973768
17.405,1.07111,1.16349,1.16348,-0.0923796
17.41,1.08091,1.16354,1.16353,-0.0826314
17.415,1.09045,1.1636,1.16359,-0.0731469
17.42,1.09807,1.16365,1.16364,-0.0655802
17.425,1.09612,1.1637,1.1637,-0.0675826
17.43,1.09785,1.16376,1.16375,-0.0659085
17.435,1.10562,1.16381,1.1638,-0.0581904
17.44,1.1068,1.16386,1.16386,-0.057061
17.445,1.10156,1.16392,1.16391,-0.0623606
17.45,1.08195,1.16397,1.16396,-0.0820236
17.455,1.07784,1.16402,1.16402,-0.0861862
17.46,1.06859,1.16408,1.16407,-0.0954831
17.465,1.0545,1.16413,1.16412,-0.109625
17.47,1.03392,1.16418,1.16417,-0.130257
17.475,1.04318,1.16423,1.16423,-0.121052
17.48,1.08751,1.16429,1.16428,-0.0767782
17.485,1.08893,1.16434,1.16433,-0.0754037
17.49,1.0798,1.16439,1.16438,-0.0845911
17.495,1.06415,1.16444,1.16443,-0.100293
17.5,1.06626,1.16449,1.16449,-0.0982358
17.505,1.08334,1.16455,1.16454,-0.0812078
17.51,1.09696,1.1646,1.16459,-0.0676348
17.515,1.09773,1.16465,1.16464,-0.0669183
17.52,1.11361,1.1647,1.16469,-0.051092
17.525,1.12002,1.16475,1.16474,-0.0447273
17.53,1.10916,1.1648,1.16479,-0.0556417
17.535,1.08992,1.16485,1.16485,-0.0749323
17.54,1.06938,1.1649,1.1649,-0.0955234
17.545,1.06904,1.16495,1.16495,-0.0959174
17.55,1.07483,1.165,1.165,-0.0901774
17.555,1.06209,1.16505,1.16505,-0.102965
17.56,1.07703,1.1651,1.1651,-0.0880708
17.565,1.09897,1.16515,1.16515,-0.0661858
17.57,1.11903,1.1652,1.1652,-0.0461713
17.575,1.12294,1.16525,1.16525,-0.0423194
17.58,1.09203,1.1653,1.1653,-0.073271
17.585,1.08582,1.16535,1.16535,-0.0795379
17.59,1.08882,1.1654,1.1654,-0.076586
17.595,1.09015,1.16545,1.16545,-0.0753077
17.6,1.08283,1.1655,1.1655,-0.0826713
17.605,1.07158,1.16555,1.16554,-0.0939688
17.61,1.07508,1.1656,1.16559,-0.0905221
17.615,1.09188,1.16565,1.16564,-0.0737665
17.62,1.0939,1.1657,1.16569,-0.0717986
17.625,1.09572,1.16575,1.16574,-0.0700227
17.63,1.0933,1.16579,1.16579,-0.0724935
17.635,1.08981,1.16584,1.16584,-0.0760305
17.64,1.09034,1.16589,1.16588,-0.0755466
17.645,1.08997,1.16594,1.16593,-0.0759676
17.65,1.0928,1.16599,1.16598,-0.0731903
17.655,1.10707,1.16604,1.16603,-0.0589637
17.66,1.09551,1.16608,1.16608,-0.0705755
17.665,1.09426,1.16613,1.16612,-0.0718686
17.67,1.08256,1.16618,1.16617,-0.0836134
17.675,1.08713,1.16623,1.16622,-0.0790936
17.68,1.08514,1.16627,1.16627,-0.0811292
17.685,1.078,1.16632,1.16631,-0.088317
17.69,1.08098,1.16637,1.16636,-0.0853822
17.695,1.0827,1.16641,1.16641,-0.0837155
17.7,1.07839,1.16646,1.16645,-0.0880715
17.705,1.06701,1.16651,1.1665,-0.0994952
17.71,1.07032,1.16655,1.16655,-0.0962354
17.715,1.08203,1.1666,1.16659,-0.0845654
17.72,1.10896,1.16665,1.16664,-0.0576815
17.725,1.1337,1.16669,1.16668,-0.0329955
17.73,1.14917,1.16674,1.16673,-0.0175715
17.735,1.15406,1.16678,1.16678,-0.0127219
17.74,1.13377,1.16683,1.16682,-0.0330635
17.745,1.1118,1.16687,1.16687,-0.0550763
17.75,1.10275,1.16692,1.16691,-0.0641682
17.755,1.10695,1.16697,1.16696,-0.0600185
17.76,1.11769,1.16701,1.167,-0.0493247
17.765,1.12745,1.16706,1.16705,-0.039606
17.77,1.13088,1.1671,1.16709,-0.0362187
17.775,1.13847,1.16715,1.16714,-0.0286728
17.78,1.14268,1.16719,1.16718,-0.0245081
17.785,1.13709,1.16723,1.16723,-0.0301446
17.79,1.1278,1.16728,1.16727,-0.0394758
17.795,1.12091,1.16732,1.16732,-0.0464126
17.8,1.11738,1.16737,1.16736,-0.0499861
17.805,1.10118,1.16741,1.1674,-0.0662356
17.81,1.10059,1.16746,1.16745,-0.0668686
17.815,1.09599,1.1675,1.16749,-0.0715074
17.82,1.09997,1.16754,1.16754,-0.0675777
17.825,1.09446,1.16759,1.16758,-0.0731238
17.83,1.09205,1.16763,1.16762,-0.0755818
17.835,1.10585,1.16767,1.16767,-0.0618189
17.84,1.12063,1.16772,1.16771,-0.0470826
17.845,1.13234,1.16776,1.16775,-0.0354152
17.85,1.13955,1.1678,1.1678,-0.0282511
17.855,1.14869,1.16785,1.16784,-0.0191504
17.86,1.15602,1.16789,1.16788,-0.0118683
17.865,1.15142,1.16793,1.16792,-0.0165056
17.87,1.15025,1.16797,1.16797,-0.0177236
17.875,1.14898,1.16802,1.16801,-0.0190382
17.88,1.16505,1.16806,1.16805,-0.00300305
17.885,1.16934,1.1681,1.16809,0.00124082
17.89,1.16714,1.16814,1.16813,-0.000998014
17.895,1.16919,1.16818,1.16818,0.00101145
17.9,1.1724,1.16823,1.16822,0.00417931
17.905,1.18168,1.16827,1.16826,0.0134183
17.91,1.17218,1.16831,1.1683,0.00387084
17.915,1.16557,1.16835,1.16834,-0.0027792
17.92,1.15256,1.16839,1.16838,-0.0158267
17.925,1.12975,1.16843,1.16842,-0.0386812
17.93,1.12519,1.16847,1.16847,-0.0432781
17.935,1.10956,1.16851,1.16851,-0.0589513
17.94,1.11101,1.16855,1.16855,-0.0575464
17.945,1.12984,1.16859,1.16859,-0.038758
17.95,1.14265,1.16864,1.16863,-0.0259834
17.955,1.16259,1.16868,1.16867,-0.00608378
17.96,1.16667,1.16872,1.16871,-0.00204736
17.965,1.16659,1.16876,1.16875,-0.00216362
17.97,1.15681,1.1688,1.16879,-0.011988
17.975,1.14734,1.16884,1.16883,-0.0214975
17.98,1.14978,1.16888,1.16887,-0.0190912
17.985,1.14979,1.16892,1.16891,-0.0191264
17.99,1.15404,1.16895,1.16895,-0.0149096
17.995,1.16137,1.16899,1.16899,-0.00762254
18,1.15504,1.16903,1.16903,-0.0139906
18.005,1.16913,1.16907,1.16906,6.17642e-05
18.01,1.17855,1.16911,1.1691,0.00943795
18.015,1.16979,1.16915,1.16914,0.000636725
18.02,1.12068,1.16919,1.16918,-0.0485086
18.025,1.0865,1.16923,1.16922,-0.0827285
18.03,1.08186,1.16927,1.16926,-0.087406
18.035,1.09634,1.1693,1.1693,-0.0729618
18.04,1.10805,1.16934,1.16933,-0.061297
18.045,1.11347,1.16938,1.16937,-0.0559113
18.05,1.12497,1.16942,1.16941,-0.0444531
18.055,1.12003,1.16946,1.16945,-0.0494292
18.06,1.11462,1.16949,1.16949,-0.054871
18.065,1.10827,1.16953,1.16952,-0.0612663
18.07,1.10967,1.16957,1.16956,-0.0598988
18.075,1.12248,1.16961,1.1696,-0.0471231
18.08,1.1571,1.16964,1.16964,-0.0125421
18.085,1.1736,1.16968,1.16967,0.0039216
18.09,1.17511,1.16972,1.16971,0.00538806
18.095,1.16569,1.16976,1.16975,-0.0040695
18.1,1.16028,1.16979,1.16978,-0.00951134
18.105,1.16287,1.16983,1.16982,-0.00695949
18.11,1.15068,1.16987,1.16986,-0.0191807
18.115,1.1382,1.1699,1.16989,-0.0316973
18.12,1.1226,1.16994,1.16993,-0.0473378
18.125,1.11901,1.16997,1.16997,-0.0509693
18.13,1.1308,1.17001,1.17,-0.039206
18.135,1.1378,1.17005,1.17004,-0.0322426
18.14,1.14349,1.17008,1.17007,-0.0265879
18.145,1.1274,1.17012,1.17011,-0.0427228
18.15,1.12586,1.17015,1.17015,-0.0442981
18.155,1.12946,1.17019,1.17018,-0.0407334
18.16,1.14995,1.17022,1.17022,-0.0202764
18.165,1.1788,1.17026,1.17025,0.00854169
18.17,1.19964,1.17029,1.17029,0.0293502
18.175,1.19919,1.17033,1.17032,0.0288581
18.18,1.19308,1.17036,1.17036,0.0227148
18.185,1.18596,1.1704,1.17039,0.0155644
18.19,1.19447,1.17043,1.17043,0.0240338
18.195,1.19697,1.17047,1.17046,0.0265004
18.2,1.18537,1.1705,1.17049,0.0148631
18.205,1.1725,1.17054,1.17053,0.00195843
18.21,1.15769,1.17057,1.17056,-0.0128855
18.215,1.14846,1.17061,1.1706,-0.0221426
18.22,1.169,1.17064,1.17063,-0.00164068
18.225,1.18671,1.17067,1.17066,0.0160336
18.23,1.19999,1.17071,1.1707,0.0292867
18.235,1.21381,1.17074,1.17073,0.0430681
18.24,1.20764,1.17077,1.17077,0.0368704
18.245,1.21505,1.17081,1.1708,0.0442407
18.25,1.21666,1.17084,1.17083,0.0458153
18.255,1.21969,1.17087,1.17086,0.0488165
18.26,1.21971,1.17091,1.1709,0.0487994
18.265,1.20262,1.17094,1.17093,0.0316837
18.27,1.18558,1.17097,1.17096,0.014604
18.275,1.17718,1.171,1.171,0.00617854
18.28,1.18682,1.17104,1.17103,0.0157831
18.285,1.19664,1.17107,1.17106,0.0255669
18.29,1.19102,1.1711,1.17109,0.019917
18.295,1.17803,1.17113,1.17113,0.00689984
18.3,1.16683,1.17117,1.17116,-0.00433349
18.305,1.16714,1.1712,1.17119,-0.00405929
18.31,1.16821,1.17123,1.17122,-0.00301516
18.315,1.17215,1.17126,1.17125,0.000889344
18.32,1.17527,1.17129,1.17128,0.00398055
18.325,1.18113,1.17132,1.17132,0.00980981
18.33,1.18994,1.17135,1.17135,0.018581
18.335,1.19728,1.17139,1.17138,0.0258898
18.34,1.20451,1.17142,1.17141,0.033089
18.345,1.2193,1.17145,1.17144,0.0478478
18.35,1.22283,1.17148,1.17147,0.0513518
18.355,1.20251,1.17151,1.1715,0.0310059
18.36,1.18096,1.17154,1.17153,0.00941744
18.365,1.17086,1.17157,1.17156,-0.000708845
18.37,1.18074,1.1716,1.17159,0.00914103
18.375,1.21067,1.17163,1.17162,0.0390432
18.38,1.22997,1.17166,1.17165,0.0583113
18.385,1.24213,1.17169,1.17168,0.0704416
18.39,1.24015,1.17172,1.17171,0.0684257
18.395,1.23229,1.17175,1.17174,0.0605359
18.4,1.2387,1.17178,1.17177,0.0669239
18.405,1.23375,1.17181,1.1718,0.0619455
18.41,1.21656,1.17184,1.17183,0.0447184
18.415,1.18884,1.17187,1.17186,0.0169754
18.42,1.18009,1.1719,1.17189,0.00818835
18.425,1.17403,1.17193,1.17192,0.00210006
18.43,1.17419,1.17195,1.17195,0.00223774
18.435,1.18182,1.17198,1.17198,0.00983619
18.44,1.19645,1.17201,1.172,0.0244357
18.445,1.20762,1.17204,1.17203,0.0355812
18.45,1.19825,1.17207,1.17206,0.026184
18.455,1.19258,1.1721,1.17209,0.0204812
18.46,1.19299,1.17213,1.17212,0.0208627
18.465,1.19127,1.17215,1.17215,0.0191195
18.47,1.20139,1.17218,1.17217,0.0292099
18.475,1.22626,1.17221,1.1722,0.0540496
18.48,1.24585,1.17224,1.17223,0.0736157
18.485,1.24987,1.17227,1.17226,0.0776006
18.49,1.22969,1.17229,1.17228,0.0574011
18.495,1.21076,1.17232,1.17231,0.038438
18.5,1.21956,1.17235,1.17234,0.0472154
18.505,1.25114,1.17237,1.17237,0.0787664
18.51,1.26912,1.1724,1.17239,0.0967236
18.515,1.28357,1.17243,1.17242,0.111139
18.52,1.27576,1.17246,1.17245,0.10331
18.525,1.27865,1.17248,1.17247,0.106169
18.53,1.26141,1.17251,1.1725,0.0889015
18.535,1.24725,1.17253,1.17253,0.0747155
18.54,1.23026,1.17256,1.17255,0.0577011
18.545,1.23844,1.17259,1.17258,0.0658551
18.55,1.2372,1.17261,1.1726,0.064591
18.555,1.24596,1.17264,1.17263,0.0733185
18.56,1.23776,1.17267,1.17266,0.0650987
18.565,1.2215,1.17269,1.17268,0.0488134
18.57,1.21662,1.17272,1.17271,0.0439059
18.575,1.22246,1.17274,1.17273,0.0497191
18.58,1.23388,1.17277,1.17276,0.0611149
18.585,1.23359,1.17279,1.17278,0.0607939
18.59,1.23334,1.17282,1.17281,0.0605238
18.595,1.22834,1.17284,1.17283,0.0554999
18.6,1.23898,1.17287,1.17286,0.0661125
18.605,1.23071,1.17289,1.17288,0.0578173
18.61,1.20432,1.17292,1.17291,0.0314044
18.615,1.18185,1.17294,1.17293,0.00890353
18.62,1.18046,1.17297,1.17296,0.00748976
18.625,1.20851,1.17299,1.17298,0.0355156
18.63,1.22066,1.17301,1.17301,0.0476413
18.635,1.2117,1.17304,1.17303,0.0386585
18.64,1.21595,1.17306,1.17305,0.0428841
18.645,1.23226,1.17309,1.17308,0.05917
18.65,1.24628,1.17311,1.1731,0.0731736
18.655,1.25057,1.17313,1.17313,0.077436
18.66,1.25296,1.17316,1.17315,0.0797973
18.665,1.24829,1.17318,1.17317,0.0751113
18.67,1.23976,1.1732,1.1732,0.0665526
18.675,1.22272,1.17323,1.17322,0.0494965
18.68,1.22334,1.17325,1.17324,0.0500843
18.685,1.22599,1.17327,1.17327,0.0527127
18.69,1.22948,1.1733,1.17329,0.056188
18.695,1.22789,1.17332,1.17331,0.0545744
18.7,1.23505,1.17334,1.17333,0.0617105
18.705,1.26134,1.17336,1.17336,0.0879789
18.71,1.27424,1.17339,1.17338,0.100853
18.715,1.27357,1.17341,1.1734,0.100166
18.72,1.27677,1.17343,1.17342,0.103343
18.725,1.27756,1.17345,1.17344,0.104103
18.73,1.278,1.17348,1.17347,0.104527
18.735,1.25831,1.1735,1.17349,0.0848156
18.74,1.2441,1.17352,1.17351,0.0705852
18.745,1.24639,1.17354,1.17353,0.0728471
18.75,1.26447,1.17356,1.17355,0.0909057
18.755,1.29513,1.17358,1.17357,0.121544
18.76,1.31742,1.1736,1.1736,0.14382
18.765,1.32307,1.17363,1.17362,0.149448
18.77,1.31792,1.17365,1.17364,0.144272
18.775,1.31404,1.17367,1.17366,0.140375
18.78,1.28695,1.17369,1.17368,0.11326
18.785,1.2723,1.17371,1.1737,0.0985925
18.79,1.26461,1.17373,1.17372,0.0908758
18.795,1.27803,1.17375,1.17374,0.104281
18.8,1.28683,1.17377,1.17376,0.113058
18.805,1.28199,1.17379,1.17378,0.108197
18.81,1.25746,1.17381,1.1738,0.0836466
18.815,1.2384,1.17383,1.17382,0.0645713
18.82,1.23303,1.17385,1.17384,0.0591841
18.825,1.24103,1.17387,1.17386,0.0671573
18.83,1.2509,1.17389,1.17388,0.0770085
18.835,1.25171,1.17391,1.1739,0.0778023
18.84,1.25208,1.17393,1.17392,0.0781496
18.845,1.24518,1.17395,1.17394,0.0712314
18.85,1.24335,1.17397,1.17396,0.0693853
18.855,1.25223,1.17399,1.17398,0.078242
18.86,1.25848,1.17401,1.174,0.0844782
18.865,1.27091,1.17402,1.17402,0.0968839
18.87,1.25668,1.17404,1.17403,0.0826325
18.875,1.24113,1.17406,1.17405,0.0670651
18.88,1.23404,1.17408,1.17407,0.0599638
18.885,1.24179,1.1741,1.17409,0.0676869
18.89,1.24251,1.17412,1.17411,0.068392
18.895,1.24586,1.17414,1.17413,0.0717256
18.9,1.25793,1.17415,1.17414,0.0837725
18.905,1.26704,1.17417,1.17416,0.0928671
18.91,1.26891,1.17419,1.17418,0.0947183
18.915,1.26465,1.17421,1.1742,0.0904406
18.92,1.26304,1.17422,1.17422,0.0888155
18.925,1.26036,1.17424,1.17423,0.0861193
18.93,1.24621,1.17426,1.17425,0.0719488
18.935,1.23695,1.17428,1.17427,0.0626716
18.94,1.2449,1.17429,1.17428,0.0706066
18.945,1.2652,1.17431,1.1743,0.0908906
18.95,1.2813,1.17433,1.17432,0.106974
18.955,1.27044,1.17434,1.17434,0.0960929
18.96,1.25666,1.17436,1.17435,0.0823005
18.965,1.25932,1.17438,1.17437,0.0849375
18.97,1.2691,1.17439,1.17439,0.094704
18.975,1.28981,1.17441,1.1744,0.115398
18.98,1.29924,1.17443,1.17442,0.124814
18.985,1.30308,1.17444,1.17443,0.128638
18.99,1.29695,1.17446,1.17445,0.12249
18.995,1.27792,1.17448,1.17447,0.103444
19,1.25335,1.17449,1.17448,0.0788614
19.005,1.25171,1.17451,1.1745,0.0772036
19.01,1.25895,1.17452,1.17451,0.0844274
19.015,1.26379,1.17454,1.17453,0.0892498
19.02,1.2644,1.17455,1.17454,0.0898516
19.025,1.26363,1.17457,1.17456,0.0890611
19.03,1.27234,1.17458,1.17457,0.0977603
19.035,1.28384,1.1746,1.17459,0.109245
19.04,1.29029,1.17461,1.1746,0.115674
19.045,1.27689,1.17463,1.17462,0.102258
19.05,1.25492,1.17464,1.17463,0.0802788
19.055,1.25702,1.17466,1.17465,0.0823669
19.06,1.26553,1.17467,1.17466,0.0908622
19.065,1.26675,1.17469,1.17468,0.092065
19.07,1.26378,1.1747,1.17469,0.0890746
19.075,1.26066,1.17472,1.17471,0.0859476
19.08,1.26533,1.17473,1.17472,0.0905997
19.085,1.2866,1.17474,1.17473,0.111852
19.09,1.30356,1.17476,1.17475,0.128802
19.095,1.29209,1.17477,1.17476,0.117322
19.1,1.28558,1.17478,1.17477,0.1108
19.105,1.29133,1.1748,1.17479,0.116533
19.11,1.31717,1.17481,1.1748,0.14236
19.115,1.33341,1.17482,1.17481,0.158585
19.12,1.32909,1.17484,1.17483,0.154249
19.125,1.31998,1.17485,1.17484,0.145134
19.13,1.31636,1.17486,1.17485,0.1415
19.135,1.32422,1.17488,1.17487,0.14934
19.14,1.32098,1.17489,1.17488,0.146091
19.145,1.29888,1.1749,1.17489,0.123979
19.15,1.29309,1.17491,1.1749,0.118177
19.155,1.29713,1.17493,1.17492,0.122204
19.16,1.28758,1.17494,1.17493,0.112642
19.165,1.28861,1.17495,1.17494,0.113656
19.17,1.29979,1.17496,1.17495,0.124832
19.175,1.30821,1.17498,1.17497,0.133228
19.18,1.31168,1.17499,1.17498,0.136692
19.185,1.32213,1.175,1.17499,0.147127
19.19,1.32896,1.17501,1.175,0.153948
19.195,1.34573,1.17502,1.17501,0.170702
19.2,1.34704,1.17504,1.17502,0.172005
19.205,1.34651,1.17505,1.17503,0.171458
19.21,1.34976,1.17506,1.17505,0.174699
19.215,1.33697,1.17507,1.17506,0.1619
19.22,1.30704,1.17508,1.17507,0.131959
19.225,1.28321,1.17509,1.17508,0.108119
19.23,1.26852,1.1751,1.17509,0.093415
19.235,1.29344,1.17511,1.1751,0.118332
19.24,1.31232,1.17512,1.17511,0.137195
19.245,1.31382,1.17513,1.17512,0.138685
19.25,1.30402,1.17514,1.17513,0.128873
19.255,1.29666,1.17515,1.17514,0.121504
19.26,1.29391,1.17516,1.17515,0.118746
19.265,1.28619,1.17517,1.17516,0.11102
19.27,1.29404,1.17518,1.17517,0.118859
19.275,1.29809,1.17519,1.17518,0.122895
19.28,1.3023,1.1752,1.17519,0.127095
19.285,1.3194,1.17521,1.1752,0.144184
19.29,1.32175,1.17522,1.17521,0.146523
19.295,1.31097,1.17523,1.17522,0.13574
19.3,1.29256,1.17524,1.17523,0.117315
19.305,1.29501,1.17525,1.17524,0.11976
19.31,1.29514,1.17526,1.17525,0.119878
19.315,1.30833,1.17527,1.17526,0.133058
19.32,1.31905,1.17528,1.17526,0.143775
19.325,1.32875,1.17529,1.17527,0.153469
19.33,1.34009,1.17529,1.17528,0.164799
19.335,1.34721,1.1753,1.17529,0.171904
19.34,1.33321,1.17531,1.1753,0.157896
19.345,1.31534,1.17532,1.17531,0.140018
19.35,1.31543,1.17533,1.17531,0.140107
19.355,1.32053,1.17534,1.17532,0.145198
19.36,1.32785,1.17534,1.17533,0.152507
19.365,1.31164,1.17535,1.17534,0.136287
19.37,1.29774,1.17536,1.17535,0.122378
19.375,1.28849,1.17537,1.17535,0.113122
19.38,1.29988,1.17537,1.17536,0.124502
19.385,1.30904,1.17538,1.17537,0.133659
19.39,1.32569,1.17539,1.17538,0.1503
19.395,1.35748,1.1754,1.17538,0.182081
19.4,1.37543,1.1754,1.17539,0.200031
19.405,1.38456,1.17541,1.1754,0.209146
19.41,1.37821,1.17542,1.1754,0.202797
19.415,1.35289,1.17542,1.17541,0.177471
19.42,1.34229,1.17543,1.17542,0.166855
19.425,1.3236,1.17544,1.17542,0.148162
19.43,1.33199,1.17544,1.17543,0.156551
19.435,1.34214,1.17545,1.17544,0.166691
19.44,1.34238,1.17546,1.17544,0.16692
19.445,1.34826,1.17546,1.17545,0.172801
19.45,1.35258,1.17547,1.17545,0.177109
19.455,1.35541,1.17547,1.17546,0.179937
19.46,1.36378,1.17548,1.17547,0.188303
19.465,1.36624,1.17548,1.17547,0.190751
19.47,1.37688,1.17549,1.17548,0.201389
19.475,1.38338,1.1755,1.17548,0.207881
19.48,1.392,1.1755,1.17549,0.216503
19.485,1.397,1.17551,1.17549,0.221497
19.49,1.39429,1.17551,1.1755,0.218779
19.495,1.3721,1.17552,1.1755,0.196585
19.5,1.35965,1.17552,1.17551,0.184128
19.505,1.34807,1.17553,1.17551,0.172548
19.51,1.35569,1.17553,1.17552,0.180157
19.515,1.3627,1.17554,1.17552,0.187166
19.52,1.36701,1.17554,1.17553,0.191472
19.525,1.35771,1.17554,1.17553,0.182165
19.53,1.3471,1.17555,1.17554,0.171547
19.535,1.3459,1.17555,1.17554,0.170344
19.54,1.33467,1.17556,1.17554,0.159116
19.545,1.33822,1.17556,1.17555,0.162658
19.55,1.35046,1.17556,1.17555,0.174898
19.555,1.36656,1.17557,1.17556,0.19099
19.56,1.38874,1.17557,1.17556,0.213166
19.565,1.39405,1.17558,1.17556,0.218471
19.57,1.38612,1.17558,1.17557,0.21054
19.575,1.38369,1.17558,1.17557,0.208106
19.58,1.37658,1.17559,1.17557,0.20099
19.585,1.37308,1.17559,1.17558,0.19749
19.59,1.3507,1.17559,1.17558,0.175106
19.595,1.34416,1.17559,1.17558,0.168569
19.6,1.34494,1.1756,1.17558,0.169344
19.605,1.35668,1.1756,1.17559,0.18108
19.61,1.36557,1.1756,1.17559,0.189968
19.615,1.35133,1.17561,1.17559,0.175724
19.62,1.33818,1.17561,1.17559,0.16257
19.625,1.32248,1.17561,1.1756,0.146866
19.63,1.31878,1.17561,1.1756,0.143169
19.635,1.34391,1.17561,1.1756,0.168297
19.64,1.36225,1.17562,1.1756,0.186634
19.645,1.36983,1.17562,1.1756,0.194211
19.65,1.37997,1.17562,1.17561,0.204354
19.655,1.37232,1.17562,1.17561,0.196701
19.66,1.36318,1.17562,1.17561,0.187556
19.665,1.35047,1.17562,1.17561,0.174849
19.67,1.33797,1.17563,1.17561,0.162345
19.675,1.33284,1.17563,1.17561,0.157216
19.68,1.33474,1.17563,1.17561,0.159115
19.685,1.35635,1.17563,1.17562,0.180723
19.69,1.37305,1.17563,1.17562,0.197419
19.695,1.37443,1.17563,1.17562,0.198798
19.7,1.37086,1.17563,1.17562,0.19523
19.705,1.37258,1.17563,1.17562,0.196945
19.71,1.38593,1.17563,1.17562,0.210296
19.715,1.36846,1.17563,1.17562,0.192824
19.72,1.36711,1.17563,1.17562,0.191472
19.725,1.37308,1.17563,1.17562,0.197447
19.73,1.38046,1.17563,1.17562,0.204829
19.735,1.37835,1.17563,1.17562,0.202713
19.74,1.36634,1.17563,1.17562,0.190708
19.745,1.35883,1.17563,1.17562,0.183201
19.75,1.3597,1.17563,1.17562,0.18407
19.755,1.36563,1.17563,1.17562,0.190001
19.76,1.36917,1.17563,1.17562,0.193534
19.765,1.36134,1.17563,1.17562,0.185713
19.77,1.34438,1.17563,1.17562,0.168747
19.775,1.3353,1.17563,1.17562,0.159666
19.78,1.3471,1.17563,1.17562,0.17147
19.785,1.35938,1.17563,1.17561,0.183753
19.79,1.36748,1.17563,1.17561,0.191853
19.795,1.38164,1.17563,1.17561,0.206018
19.8,1.4066,1.17562,1.17561,0.230971
19.805,1.43403,1.17562,1.17561,0.258407
19.81,1.42056,1.17562,1.17561,0.244939
19.815,1.39384,1.17562,1.17561,0.21822
19.82,1.39238,1.17562,1.1756,0.216761
19.825,1.40468,1.17562,1.1756,0.229066
19.83,1.41058,1.17561,1.1756,0.234965
19.835,1.4105,1.17561,1.1756,0.234886
19.84,1.41555,1.17561,1.1756,0.239939
19.845,1.41776,1.17561,1.17559,0.242152
19.85,1.43123,1.17561,1.17559,0.255625
19.855,1.43604,1.1756,1.17559,0.26044
19.86,1.42051,1.1756,1.17559,0.244909
19.865,1.39485,1.1756,1.17558,0.219254
19.87,1.39681,1.17559,1.17558,0.221216
19.875,1.41531,1.17559,1.17558,0.239716
19.88,1.434,1.17559,1.17557,0.258414
19.885,1.41817,1.17559,1.17557,0.242583
19.89,1.40462,1.17558,1.17557,0.22904
19.895,1.41963,1.17558,1.17556,0.244048
19.9,1.42291,1.17558,1.17556,0.247339
19.905,1.41278,1.17557,1.17556,0.237208
19.91,1.40708,1.17557,1.17555,0.231512
19.915,1.40521,1.17556,1.17555,0.22965
19.92,1.40507,1.17556,1.17555,0.229513
19.925,1.38941,1.17556,1.17554,0.213853
19.93,1.36196,1.17555,1.17554,0.186411
19.935,1.35426,1.17555,1.17553,0.17871
19.94,1.36222,1.17554,1.17553,0.186674
19.945,1.37292,1.17554,1.17553,0.197381
19.95,1.38081,1.17554,1.17552,0.205277
19.955,1.3871,1.17553,1.17552,0.211571
19.96,1.39234,1.17553,1.17551,0.216818
19.965,1.37957,1.17552,1.17551,0.204048
19.97,1.38915,1.17552,1.1755,0.213637
19.975,1.40373,1.17551,1.1755,0.228221
19.98,1.408,1.17551,1.17549,0.232493
19.985,1.40628,1.1755,1.17549,0.230779
19.99,1.39013,1.1755,1.17548,0.214637
19.995,1.3901,1.17549,1.17548,0.214608
20,1.40858,1.17549,1.17547,0.233099
20.005,1.4044,1.17548,1.17547,0.228918
20.01,1.4151,1.17547,1.17546,0.23963
20.015,1.4136,1.17547,1.17545,0.238131
20.02,1.40878,1.17546,1.17545,0.233317
20.025,1.40631,1.17546,1.17544,0.230856
20.03,1.39195,1.17545,1.17544,0.216497
20.035,1.39152,1.17544,1.17543,0.216075
20.04,1.3973,1.17544,1.17542,0.221862
20.045,1.39029,1.17543,1.17542,0.214855
20.05,1.39782,1.17543,1.17541,0.222395
20.055,1.42549,1.17542,1.1754,0.250073
20.06,1.42826,1.17541,1.1754,0.252843
20.065,1.4234,1.17541,1.17539,0.247995
20.07,1.40837,1.1754,1.17538,0.232976
20.075,1.40399,1.17539,1.17538,0.228596
20.08,1.39852,1.17538,1.17537,0.223138
20.085,1.39019,1.17538,1.17536,0.214811
20.09,1.39327,1.17537,1.17536,0.2179
20.095,1.4035,1.17536,1.17535,0.228137
20.1,1.41022,1.17536,1.17534,0.234862
20.105,1.39864,1.17535,1.17533,0.223287
20.11,1.40318,1.17534,1.17533,0.227841
20.115,1.40589,1.17533,1.17532,0.230557
20.12,1.4114,1.17532,1.17531,0.23607
20.125,1.39042,1.17532,1.1753,0.215108
20.13,1.37782,1.17531,1.17529,0.202516
20.135,1.37522,1.1753,1.17529,0.199922
20.14,1.39353,1.17529,1.17528,0.218239
20.145,1.40702,1.17528,1.17527,0.231732
20.15,1.41311,1.17528,1.17526,0.237831
20.155,1.41231,1.17527,1.17525,0.237044
20.16,1.41178,1.17526,1.17524,0.236525
20.165,1.40404,1.17525,1.17523,0.228793
20.17,1.39226,1.17524,1.17523,0.217023
20.175,1.40719,1.17523,1.17522,0.231963
20.18,1.43546,1.17522,1.17521,0.260241
20.185,1.44359,1.17521,1.1752,0.268372
20.19,1.44941,1.1752,1.17519,0.274204
20.195,1.43716,1.1752,1.17518,0.261961
20.2,1.43814,1.17519,1.17517,0.26295
20.205,1.44249,1.17518,1.17516,0.267314
20.21,1.43653,1.17517,1.17515,0.261368
20.215,1.44169,1.17516,1.17514,0.266535
20.22,1.43472,1.17515,1.17513,0.259576
20.225,1.4356,1.17514,1.17512,0.260462
20.23,1.42184,1.17513,1.17511,0.246717
20.235,1.40525,1.17512,1.1751,0.230136
20.24,1.40151,1.17511,1.17509,0.226401
20.245,1.4047,1.1751,1.17508,0.2296
20.25,1.40189,1.17509,1.17507,0.226801
20.255,1.41059,1.17508,1.17506,0.235512
20.26,1.40474,1.17506,1.17505,0.229677
20.265,1.41061,1.17505,1.17504,0.235551
20.27,1.42674,1.17504,1.17503,0.2517
20.275,1.42986,1.17503,1.17502,0.254828
20.28,1.43419,1.17502,1.17501,0.259168
20.285,1.43547,1.17501,1.17499,0.260465
20.29,1.43722,1.175,1.17498,0.262226
20.295,1.4345,1.17499,1.17497,0.259515
20.3,1.44492,1.17498,1.17496,0.26994
20.305,1.46046,1.17496,1.17495,0.285493
20.31,1.47372,1.17495,1.17494,0.298766
20.315,1.47428,1.17494,1.17493,0.299341
20.32,1.46969,1.17493,1.17491,0.294763
20.325,1.46331,1.17492,1.1749,0.288388
20.33,1.4529,1.17491,1.17489,0.277996
20.335,1.44887,1.17489,1.17488,0.273974
20.34,1.44397,1.17488,1.17486,0.269089
20.345,1.46356,1.17487,1.17485,0.288688
20.35,1.46396,1.17486,1.17484,0.2891
20.355,1.45754,1.17484,1.17483,0.282695
20.36,1.44398,1.17483,1.17481,0.269146
20.365,1.44651,1.17482,1.1748,0.271695
20.37,1.44987,1.17481,1.17479,0.275066
20.375,1.45746,1.17479,1.17478,0.282672
20.38,1.4646,1.17478,1.17476,0.289824
20.385,1.47748,1.17477,1.17475,0.302712
20.39,1.48009,1.17475,1.17474,0.30534
20.395,1.46413,1.17474,1.17472,0.289392
20.4,1.45854,1.17473,1.17471,0.283817
20.405,1.4717,1.17471,1.1747,0.296984
20.41,1.47316,1.1747,1.17468,0.298462
20.415,1.4678,1.17469,1.17467,0.293119
20.42,1.46434,1.17467,1.17466,0.289667
20.425,1.45536,1.17466,1.17464,0.280698
20.43,1.44743,1.17464,1.17463,0.272781
20.435,1.4383,1.17463,1.17461,0.263674
20.44,1.42157,1.17462,1.1746,0.246955
20.445,1.4191,1.1746,1.17459,0.244502
20.45,1.42486,1.17459,1.17457,0.250272
20.455,1.43115,1.17457,1.17456,0.256581
20.46,1.43743,1.17456,1.17454,0.262876
20.465,1.45171,1.17454,1.17453,0.277168
20.47,1.45632,1.17453,1.17451,0.281791
20.475,1.45669,1.17451,1.1745,0.282171
20.48,1.44979,1.1745,1.17448,0.275289
20.485,1.43525,1.17448,1.17447,0.26077
20.49,1.42936,1.17447,1.17445,0.254894
20.495,1.42332,1.17445,1.17444,0.248866
20.5,1.42641,1.17444,1.17442,0.251967
20.505,1.43878,1.17442,1.17441,0.264358
20.51,1.44836,1.17441,1.17439,0.27395
20.515,1.45562,1.17439,1.17438,0.281231
20.52,1.45959,1.17438,1.17436,0.285214
20.525,1.46496,1.17436,1.17434,0.290603
20.53,1.47503,1.17434,1.17433,0.300688
20.535,1.47124,1.17433,1.17431,0.296906
20.54,1.47036,1.17431,1.1743,0.296045
20.545,1.47181,1.1743,1.17428,0.297515
20.55,1.47369,1.17428,1.17426,0.299406
20.555,1.47313,1.17426,1.17425,0.298871
20.56,1.46614,1.17425,1.17423,0.291895
20.565,1.46871,1.17423,1.17421,0.294475
20.57,1.47616,1.17421,1.1742,0.301951
20.575,1.47613,1.1742,1.17418,0.301931
20.58,1.46735,1.17418,1.17416,0.293172
20.585,1.46209,1.17416,1.17415,0.287927
20.59,1.46635,1.17415,1.17413,0.292205
20.595,1.49722,1.17413,1.17411,0.323088
20.6,1.50938,1.17411,1.1741,0.335272
20.605,1.49437,1.1741,1.17408,0.320274
20.61,1.47904,1.17408,1.17406,0.304962
20.615,1.47744,1.17406,1.17404,0.30338
20.62,1.49131,1.17404,1.17403,0.317263
20.625,1.50022,1.17402,1.17401,0.326196
20.63,1.48722,1.17401,1.17399,0.313213
20.635,1.46614,1.17399,1.17397,0.292155
20.64,1.46253,1.17397,1.17395,0.288559
20.645,1.47691,1.17395,1.17394,0.30296
20.65,1.49957,1.17393,1.17392,0.325634
20.655,1.51661,1.17392,1.1739,0.34269
20.66,1.50983,1.1739,1.17388,0.335937
20.665,1.48424,1.17388,1.17386,0.310356
20.67,1.45731,1.17386,1.17384,0.283444
20.675,1.43845,1.17384,1.17382,0.264607
20.68,1.43104,1.17382,1.17381,0.257218
20.685,1.4195,1.1738,1.17379,0.245698
20.69,1.41424,1.17379,1.17377,0.240453
20.695,1.41812,1.17377,1.17375,0.244349
20.7,1.43534,1.17375,1.17373,0.261592
20.705,1.45864,1.17373,1.17371,0.284911
20.71,1.47249,1.17371,1.17369,0.298776
20.715,1.48935,1.17369,1.17367,0.315656
20.72,1.487,1.17367,1.17365,0.313327
20.725,1.4845,1.17365,1.17363,0.310854
20.73,1.46641,1.17363,1.17361,0.292782
20.735,1.47094,1.17361,1.17359,0.297331
20.74,1.49562,1.17359,1.17357,0.322033
20.745,1.50279,1.17357,1.17355,0.329221
20.75,1.48454,1.17355,1.17353,0.310985
20.755,1.46892,1.17353,1.17351,0.29539
20.76,1.47502,1.17351,1.17349,0.301505
20.765,1.48336,1.17349,1.17347,0.309869
20.77,1.49959,1.17347,1.17345,0.326119
20.775,1.50012,1.17345,1.17343,0.326671
20.78,1.48641,1.17343,1.17341,0.31298
20.785,1.4571,1.17341,1.17339,0.283696
20.79,1.44204,1.17339,1.17337,0.268647
20.795,1.44261,1.17337,1.17335,0.269246
20.8,1.46252,1.17335,1.17333,0.289171
20.805,1.47717,1.17332,1.17331,0.303848
20.81,1.47431,1.1733,1.17329,0.301002
20.815,1.47465,1.17328,1.17326,0.301368
20.82,1.46217,1.17326,1.17324,0.288906
20.825,1.44894,1.17324,1.17322,0.275698
20.83,1.44788,1.17322,1.1732,0.274665
20.835,1.45465,1.1732,1.17318,0.28145
20.84,1.47268,1.17317,1.17316,0.299507
20.845,1.47376,1.17315,1.17313,0.300608
20.85,1.47515,1.17313,1.17311,0.302022
20.855,1.47282,1.17311,1.17309,0.29971
20.86,1.47304,1.17309,1.17307,0.299955
20.865,1.48629,1.17306,1.17305,0.313225
20.87,1.49403,1.17304,1.17302,0.320988
20.875,1.48218,1.17302,1.173,0.30916
20.88,1.46859,1.173,1.17298,0.295591
20.885,1.46841,1.17297,1.17296,0.295435
20.89,1.49153,1.17295,1.17293,0.318573
20.895,1.51359,1.17293,1.17291,0.34066
20.9,1.52229,1.17291,1.17289,0.349386
20.905,1.52423,1.17288,1.17286,0.351347
20.91,1.52094,1.17286,1.17284,0.34808
20.915,1.52151,1.17284,1.17282,0.348672
20.92,1.48904,1.17281,1.1728,0.316222
20.925,1.46408,1.17279,1.17277,0.291291
20.93,1.45151,1.17277,1.17275,0.278739
20.935,1.43614,1.17274,1.17272,0.2634
20.94,1.44161,1.17272,1.1727,0.268892
20.945,1.43522,1.1727,1.17268,0.262524
20.95,1.44695,1.17267,1.17265,0.27428
20.955,1.47602,1.17265,1.17263,0.303372
20.96,1.48034,1.17263,1.17261,0.30772
20.965,1.47905,1.1726,1.17258,0.306453
20.97,1.47072,1.17258,1.17256,0.298143
20.975,1.48389,1.17255,1.17253,0.311342
20.98,1.5024,1.17253,1.17251,0.329869
20.985,1.51666,1.1725,1.17248,0.344152
20.99,1.51787,1.17248,1.17246,0.34539
20.995,1.50031,1.17245,1.17244,0.32785
21,1.48466,1.17243,1.17241,0.312228
21.005,1.49271,1.17241,1.17239,0.320309
21.01,1.50699,1.17238,1.17236,0.334609
21.015,1.51073,1.17236,1.17234,0.338374
21.02,1.50893,1.17233,1.17231,0.3366
21.025,1.49424,1.17231,1.17229,0.321931
21.03,1.48575,1.17228,1.17226,0.31347
21.035,1.47342,1.17225,1.17224,0.301169
21.04,1.45678,1.17223,1.17221,0.284546
21.045,1.44964,1.1722,1.17218,0.277437
21.05,1.45552,1.17218,1.17216,0.283338
21.055,1.45683,1.17215,1.17213,0.284678
21.06,1.45926,1.17213,1.17211,0.287128
21.065,1.46326,1.1721,1.17208,0.291155
21.07,1.47794,1.17208,1.17206,0.30586
21.075,1.48857,1.17205,1.17203,0.316525
21.08,1.48965,1.17202,1.172,0.317627
21.085,1.48593,1.172,1.17198,0.313928
21.09,1.48322,1.17197,1.17195,0.31125
21.095,1.48362,1.17194,1.17192,0.311671
21.1,1.4931,1.17192,1.1719,0.32118
21.105,1.51653,1.17189,1.17187,0.344634
21.11,1.52595,1.17186,1.17184,0.354081
21.115,1.51648,1.17184,1.17182,0.344645
21.12,1.48107,1.17181,1.17179,0.309257
21.125,1.45469,1.17178,1.17176,0.282909
21.13,1.46216,1.17176,1.17174,0.290407
21.135,1.47516,1.17173,1.17171,0.303426
21.14,1.47386,1.1717,1.17168,0.302158
21.145,1.48446,1.17168,1.17165,0.312781
21.15,1.4899,1.17165,1.17163,0.318248
21.155,1.49652,1.17162,1.1716,0.3249
21.16,1.49877,1.17159,1.17157,0.327179
21.165,1.48584,1.17156,1.17154,0.314272
21.17,1.49701,1.17154,1.17152,0.325472
21.175,1.50927,1.17151,1.17149,0.337764
21.18,1.51925,1.17148,1.17146,0.347765
21.185,1.5186,1.17145,1.17143,0.34715
21.19,1.52136,1.17143,1.1714,0.349937
21.195,1.51671,1.1714,1.17138,0.345315
21.2,1.51789,1.17137,1.17135,0.346526
21.205,1.51157,1.17134,1.17132,0.340232
21.21,1.52042,1.17131,1.17129,0.349106
21.215,1.5227,1.17128,1.17126,0.351414
21.22,1.52084,1.17125,1.17123,0.349586
21.225,1.50641,1.17123,1.1712,0.335186
21.23,1.50277,1.1712,1.17118,0.331577
21.235,1.50063,1.17117,1.17115,0.329463
21.24,1.51803,1.17114,1.17112,0.34689
21.245,1.52247,1.17111,1.17109,0.351358
21.25,1.53173,1.17108,1.17106,0.360651
21.255,1.53469,1.17105,1.17103,0.363643
21.26,1.52278,1.17102,1.171,0.351755
21.265,1.50464,1.17099,1.17097,0.33365
21.27,1.48594,1.17096,1.17094,0.314976
21.275,1.47645,1.17093,1.17091,0.305517
21.28,1.48227,1.1709,1.17088,0.311363
21.285,1.48136,1.17087,1.17085,0.31049
21.29,1.48364,1.17084,1.17082,0.3128
21.295,1.48031,1.17081,1.17079,0.309494
21.3,1.48431,1.17078,1.17076,0.313525
21.305,1.48286,1.17075,1.17073,0.312101
21.31,1.47461,1.17072,1.1707,0.303882
21.315,1.45185,1.17069,1.17067,0.281154
21.32,1.43539,1.17066,1.17064,0.264729
21.325,1.44751,1.17063,1.17061,0.276873
21.33,1.46227,1.1706,1.17058,0.291667
21.335,1.4722,1.17057,1.17055,0.301628
21.34,1.48123,1.17054,1.17052,0.310688
21.345,1.5016,1.17051,1.17049,0.331087
21.35,1.53295,1.17048,1.17046,0.362476
21.355,1.52627,1.17045,1.17043,0.355821
21.36,1.52021,1.17042,1.17039,0.349797
21.365,1.5042,1.17039,1.17036,0.333818
21.37,1.50024,1.17035,1.17033,0.329882
21.375,1.50503,1.17032,1.1703,0.334705
21.38,1.50762,1.17029,1.17027,0.337333
21.385,1.52438,1.17026,1.17024,0.354122
21.39,1.53211,1.17023,1.17021,0.361885
21.395,1.53155,1.1702,1.17017,0.361355
21.4,1.51615,1.17016,1.17014,0.345981
21.405,1.4998,1.17013,1.17011,0.32967
21.41,1.46895,1.1701,1.17008,0.29885
21.415,1.45037,1.17007,1.17005,0.280306
21.42,1.44585,1.17004,1.17001,0.275812
21.425,1.456,1.17,1.16998,0.285999
21.43,1.4712,1.16997,1.16995,0.30123
21.435,1.47746,1.16994,1.16992,0.307521
21.44,1.46762,1.16991,1.16988,0.297713
21.445,1.46559,1.16987,1.16985,0.29572
21.45,1.46467,1.16984,1.16982,0.294828
21.455,1.46396,1.16981,1.16979,0.294149
21.46,1.48758,1.16978,1.16975,0.3178
21.465,1.51533,1.16974,1.16972,0.345587
21.47,1.52965,1.16971,1.16969,0.359945
21.475,1.53105,1.16968,1.16965,0.361373
21.48,1.51766,1.16964,1.16962,0.348012
21.485,1.51907,1.16961,1.16959,0.349461
21.49,1.5276,1.16958,1.16955,0.358022
21.495,1.5171,1.16954,1.16952,0.34756
21.5,1.5156,1.16951,1.16949,0.346091
21.505,1.50434,1.16948,1.16945,0.334863
21.51,1.50807,1.16944,1.16942,0.338623
21.515,1.50301,1.16941,1.16938,0.333597
21.52,1.47961,1.16937,1.16935,0.310239
21.525,1.46025,1.16934,1.16932,0.290906
21.53,1.46017,1.16931,1.16928,0.290865
21.535,1.46199,1.16927,1.16925,0.292718
21.54,1.4617,1.16924,1.16921,0.292462
21.545,1.45226,1.1692,1.16918,0.283059
21.55,1.43608,1.16917,1.16915,0.26691
21.555,1.44964,1.16914,1.16911,0.28051
21.56,1.46674,1.1691,1.16908,0.297642
21.565,1.47617,1.16907,1.16904,0.307102
21.57,1.47121,1.16903,1.16901,0.30218
21.575,1.45313,1.169,1.16897,0.28413
21.58,1.45466,1.16896,1.16894,0.285698
21.585,1.4665,1.16893,1.1689,0.297571
21.59,1.4764,1.16889,1.16887,0.307507
21.595,1.4728,1.16886,1.16883,0.303945
21.6,1.46197,1.16882,1.1688,0.293147
21.605,1.45699,1.16879,1.16876,0.288204
21.61,1.46556,1.16875,1.16873,0.296813
21.615,1.47505,1.16871,1.16869,0.306334
21.62,1.48326,1.16868,1.16865,0.314582
21.625,1.48159,1.16864,1.16862,0.312949
21.63,1.49227,1.16861,1.16858,0.323664
21.635,1.50473,1.16857,1.16855,0.336163
21.64,1.52392,1.16854,1.16851,0.355388
21.645,1.54032,1.1685,1.16847,0.371822
21.65,1.53716,1.16846,1.16844,0.368695
21.655,1.5327,1.16843,1.1684,0.364274
21.66,1.52615,1.16839,1.16837,0.35776
21.665,1.53013,1.16835,1.16833,0.361772
21.67,1.53836,1.16832,1.16829,0.370039
21.675,1.54099,1.16828,1.16826,0.372711
21.68,1.53999,1.16824,1.16822,0.371742
21.685,1.53156,1.16821,1.16818,0.36335
21.69,1.52698,1.16817,1.16815,0.358812
21.695,1.51815,1.16813,1.16811,0.350011
21.7,1.52119,1.1681,1.16807,0.35309
21.705,1.53711,1.16806,1.16803,0.369048
21.71,1.5604,1.16802,1.168,0.392376
21.715,1.58092,1.16799,1.16796,0.412936
21.72,1.56754,1.16795,1.16792,0.399586
21.725,1.5463,1.16791,1.16789,0.378393
21.73,1.51725,1.16787,1.16785,0.349377
21.735,1.50529,1.16784,1.16781,0.337449
21.74,1.49713,1.1678,1.16777,0.329332
21.745,1.49148,1.16776,1.16773,0.323721
21.75,1.48365,1.16772,1.1677,0.31593
21.755,1.49157,1.16769,1.16766,0.323884
21.76,1.50127,1.16765,1.16762,0.33362
21.765,1.51147,1.16761,1.16758,0.343863
21.77,1.51941,1.16757,1.16754,0.351839
21.775,1.51607,1.16753,1.16751,0.348533
21.78,1.53303,1.16749,1.16747,0.365536
21.785,1.53789,1.16746,1.16743,0.370431
21.79,1.5341,1.16742,1.16739,0.366686
21.795,1.51677,1.16738,1.16735,0.349387
21.8,1.51663,1.16734,1.16731,0.349292
21.805,1.52981,1.1673,1.16727,0.36251
21.81,1.54909,1.16726,1.16724,0.381823
21.815,1.53497,1.16722,1.1672,0.367744
21.82,1.51392,1.16718,1.16716,0.346732
21.825,1.50591,1.16715,1.16712,0.338763
21.83,1.48644,1.16711,1.16708,0.319329
21.835,1.47598,1.16707,1.16704,0.308914
21.84,1.47452,1.16703,1.167,0.307494
21.845,1.47654,1.16699,1.16696,0.309555
21.85,1.4959,1.16695,1.16692,0.32895
21.855,1.51522,1.16691,1.16688,0.348307
21.86,1.53728,1.16687,1.16684,0.370407
21.865,1.55118,1.16683,1.1668,0.384346
21.87,1.54747,1.16679,1.16676,0.380679
21.875,1.54382,1.16675,1.16672,0.377069
21.88,1.53306,1.16671,1.16668,0.366345
21.885,1.51774,1.16667,1.16664,0.351066
21.89,1.51063,1.16663,1.1666,0.344004
21.895,1.52497,1.16659,1.16656,0.358377
21.9,1.53308,1.16655,1.16652,0.36653
21.905,1.54543,1.16651,1.16648,0.378917
21.91,1.53217,1.16647,1.16644,0.365702
21.915,1.51932,1.16643,1.1664,0.352895
21.92,1.51012,1.16639,1.16636,0.343736
21.925,1.48904,1.16635,1.16632,0.322694
21.93,1.45739,1.16631,1.16628,0.291082
21.935,1.44402,1.16627,1.16624,0.277752
21.94,1.45137,1.16622,1.1662,0.285148
21.945,1.47634,1.16618,1.16615,0.310154
21.95,1.48409,1.16614,1.16611,0.317947
21.955,1.47729,1.1661,1.16607,0.311191
21.96,1.47082,1.16606,1.16603,0.304757
21.965,1.47447,1.16602,1.16599,0.308448
21.97,1.4816,1.16598,1.16595,0.31562
21.975,1.48871,1.16594,1.16591,0.322777
21.98,1.50549,1.16589,1.16586,0.339597
21.985,1.51288,1.16585,1.16582,0.347028
21.99,1.51294,1.16581,1.16578,0.347127
21.995,1.52328,1.16577,1.16574,0.357508
22,1.52313,1.16573,1.1657,0.357402
22.005,1.52054,1.16568,1.16565,0.35486
22.01,1.50074,1.16564,1.16561,0.335101
22.015,1.49123,1.1656,1.16557,0.325633
22.02,1.47726,1.16556,1.16553,0.311704
22.025,1.47398,1.16552,1.16548,0.308468
22.03,1.46502,1.16547,1.16544,0.299542
22.035,1.45869,1.16543,1.1654,0.293263
22.04,1.45554,1.16539,1.16536,0.290152
22.045,1.47655,1.16535,1.16531,0.311208
22.05,1.4984,1.1653,1.16527,0.333097
22.055,1.49119,1.16526,1.16523,0.325929
22.06,1.47103,1.16522,1.16519,0.305815
22.065,1.46619,1.16517,1.16514,0.301017
22.07,1.46642,1.16513,1.1651,0.301286
22.075,1.46454,1.16509,1.16506,0.299448
22.08,1.46656,1.16504,1.16501,0.301511
22.085,1.46796,1.165,1.16497,0.302963
22.09,1.47068,1.16496,1.16493,0.305722
22.095,1.46728,1.16491,1.16488,0.302366
22.1,1.45999,1.16487,1.16484,0.295122
22.105,1.46376,1.16483,1.16479,0.298934
22.11,1.46844,1.16478,1.16475,0.303661
22.115,1.46021,1.16474,1.16471,0.295468
22.12,1.45226,1.1647,1.16466,0.287561
22.125,1.45007,1.16465,1.16462,0.285423
22.13,1.45924,1.16461,1.16457,0.294635
22.135,1.46883,1.16456,1.16453,0.304264
22.14,1.47183,1.16452,1.16449,0.307312
22.145,1.48045,1.16447,1.16444,0.315974
22.15,1.502,1.16443,1.1644,0.337565
22.155,1.51301,1.16439,1.16435,0.34862
22.16,1.51311,1.16434,1.16431,0.348773
22.165,1.49886,1.1643,1.16426,0.33456
22.17,1.50496,1.16425,1.16422,0.340711
22.175,1.5091,1.16421,1.16417,0.34489
22.18,1.5088,1.16416,1.16413,0.344638
22.185,1.50431,1.16412,1.16408,0.340196
22.19,1.50888,1.16407,1.16404,0.344807
22.195,1.5176,1.16403,1.16399,0.353568
22.2,1.5263,1.16398,1.16395,0.362322
22.205,1.53274,1.16394,1.1639,0.368804
22.21,1.51498,1.16389,1.16386,0.351085
22.215,1.49224,1.16385,1.16381,0.328393
22.22,1.48232,1.1638,1.16377,0.318523
22.225,1.48926,1.16376,1.16372,0.3255
22.23,1.50214,1.16371,1.16368,0.338435
22.235,1.50297,1.16366,1.16363,0.339305
22.24,1.50081,1.16362,1.16358,0.337196
22.245,1.48578,1.16357,1.16354,0.322208
22.25,1.47285,1.16353,1.16349,0.309325
22.255,1.46097,1.16348,1.16345,0.297485
22.26,1.4601,1.16343,1.1634,0.296667
22.265,1.46662,1.16339,1.16335,0.303229
22.27,1.46848,1.16334,1.16331,0.305136
22.275,1.47266,1.1633,1.16326,0.309368
22.28,1.47957,1.16325,1.16321,0.31632
22.285,1.47879,1.1632,1.16317,0.315584
22.29,1.47818,1.16316,1.16312,0.315026
22.295,1.46163,1.16311,1.16307,0.298523
22.3,1.43964,1.16306,1.16303,0.276581
22.305,1.4224,1.16302,1.16298,0.259383
22.31,1.42374,1.16297,1.16293,0.260766
22.315,1.45555,1.16292,1.16289,0.292633
22.32,1.47595,1.16287,1.16284,0.313079
22.325,1.47213,1.16283,1.16279,0.309301
22.33,1.4671,1.16278,1.16274,0.304317
22.335,1.46245,1.16273,1.1627,0.299719
22.34,1.45093,1.16269,1.16265,0.288241
22.345,1.44623,1.16264,1.1626,0.283592
22.35,1.45081,1.16259,1.16255,0.288222
22.355,1.46522,1.16254,1.16251,0.302677
22.36,1.47882,1.1625,1.16246,0.316324
22.365,1.48474,1.16245,1.16241,0.322296
22.37,1.48952,1.1624,1.16236,0.327123
22.375,1.49821,1.16235,1.16231,0.335855
22.38,1.49648,1.1623,1.16227,0.334175
22.385,1.48095,1.16226,1.16222,0.318691
22.39,1.4744,1.16221,1.16217,0.31219
22.395,1.46099,1.16216,1.16212,0.298827
22.4,1.46635,1.16211,1.16207,0.304239
22.405,1.47114,1.16206,1.16202,0.309073
22.41,1.48022,1.16201,1.16198,0.318205
22.415,1.48427,1.16197,1.16193,0.322302
22.42,1.47732,1.16192,1.16188,0.315399
22.425,1.48505,1.16187,1.16183,0.323184
22.43,1.48994,1.16182,1.16178,0.328121
22.435,1.48391,1.16177,1.16173,0.322137
22.44,1.46686,1.16172,1.16168,0.305139
22.445,1.45621,1.16167,1.16163,0.294541
22.45,1.46662,1.16162,1.16158,0.305
22.455,1.47565,1.16157,1.16153,0.314071
22.46,1.47287,1.16153,1.16149,0.311347
22.465,1.47753,1.16148,1.16144,0.316055
22.47,1.47453,1.16143,1.16139,0.313104
22.475,1.46497,1.16138,1.16134,0.303597
22.48,1.45538,1.16133,1.16129,0.294054
22.485,1.45622,1.16128,1.16124,0.29494
22.49,1.46284,1.16123,1.16119,0.301616
22.495,1.4751,1.16118,1.16114,0.313917
22.5,1.47902,1.16113,1.16109,0.317889
22.505,1.49029,1.16108,1.16104,0.329216
22.51,1.51253,1.16103,1.16099,0.351505
22.515,1.5313,1.16098,1.16094,0.370325
22.52,1.5372,1.16093,1.16089,0.376272
22.525,1.53039,1.16088,1.16084,0.369515
22.53,1.52373,1.16083,1.16079,0.362904
22.535,1.50382,1.16078,1.16074,0.343044
22.54,1.50211,1.16073,1.16068,0.34138
22.545,1.50986,1.16068,1.16063,0.349185
22.55,1.52152,1.16063,1.16058,0.360896
22.555,1.53972,1.16058,1.16053,0.379145
22.56,1.53717,1.16053,1.16048,0.376646
22.565,1.5383,1.16047,1.16043,0.377825
22.57,1.54299,1.16042,1.16038,0.382568
22.575,1.54035,1.16037,1.16033,0.379982
22.58,1.52254,1.16032,1.16028,0.362219
22.585,1.5135,1.16027,1.16023,0.35323
22.59,1.50951,1.16022,1.16017,0.349293
22.595,1.51047,1.16017,1.16012,0.350303
22.6,1.50223,1.16012,1.16007,0.342116
22.605,1.48823,1.16006,1.16002,0.328161
22.61,1.48041,1.16001,1.15997,0.320395
22.615,1.47818,1.15996,1.15992,0.318221
22.62,1.48322,1.15991,1.15986,0.323309
22.625,1.47821,1.15986,1.15981,0.31835
22.63,1.4867,1.15981,1.15976,0.326897
22.635,1.47685,1.15975,1.15971,0.317095
22.64,1.47322,1.1597,1.15966,0.313518
22.645,1.46796,1.15965,1.1596,0.30831
22.65,1.46945,1.1596,1.15955,0.309854
22.655,1.46733,1.15955,1.1595,0.30778
22.66,1.46257,1.15949,1.15945,0.303077
22.665,1.45569,1.15944,1.15939,0.29625
22.67,1.44199,1.15939,1.15934,0.282595
22.675,1.43542,1.15934,1.15929,0.27608
22.68,1.4513,1.15928,1.15924,0.292017
22.685,1.4683,1.15923,1.15918,0.309071
22.69,1.47722,1.15918,1.15913,0.318039
22.695,1.47723,1.15913,1.15908,0.318107
22.7,1.47359,1.15907,1.15902,0.314513
22.705,1.46987,1.15902,1.15897,0.310852
22.71,1.4654,1.15897,1.15892,0.306433
22.715,1.4555,1.15891,1.15887,0.296588
22.72,1.44865,1.15886,1.15881,0.28979
22.725,1.44919,1.15881,1.15876,0.290381
22.73,1.44664,1.15876,1.1587,0.287887
22.735,1.44241,1.1587,1.15865,0.283706
22.74,1.45224,1.15865,1.1586,0.293587
22.745,1.46557,1.15859,1.15854,0.306972
22.75,1.48995,1.15854,1.15849,0.331413
22.755,1.49161,1.15849,1.15844,0.33312
22.76,1.48055,1.15843,1.15838,0.322121
22.765,1.45977,1.15838,1.15833,0.301388
22.77,1.45114,1.15833,1.15827,0.292815
22.775,1.43069,1.15827,1.15822,0.272421
22.78,1.43285,1.15822,1.15817,0.274636
22.785,1.44186,1.15816,1.15811,0.2837
22.79,1.43604,1.15811,1.15806,0.277926
22.795,1.43862,1.15806,1.158,0.28056
22.8,1.41566,1.158,1.15795,0.257659
22.805,1.40918,1.15795,1.15789,0.251231
22.81,1.4206,1.15789,1.15784,0.262705
22.815,1.43863,1.15784,1.15778,0.280793
22.82,1.45687,1.15778,1.15773,0.299087
22.825,1.46967,1.15773,1.15767,0.311941
22.83,1.47509,1.15767,1.15762,0.317415
22.835,1.48115,1.15762,1.15756,0.323527
22.84,1.49155,1.15756,1.15751,0.333989
22.845,1.49052,1.15751,1.15745,0.333013
22.85,1.49548,1.15745,1.1574,0.338023
22.855,1.50085,1.1574,1.15734,0.343449
22.86,1.48425,1.15734,1.15729,0.32691
22.865,1.45796,1.15729,1.15723,0.300675
22.87,1.42864,1.15723,1.15718,0.271402
22.875,1.42946,1.15718,1.15712,0.272281
22.88,1.44444,1.15712,1.15706,0.287318
22.885,1.46232,1.15707,1.15701,0.305251
22.89,1.45563,1.15701,1.15695,0.298621
22.895,1.45081,1.15696,1.1569,0.29385
22.9,1.45473,1.1569,1.15684,0.297828
22.905,1.46258,1.15684,1.15678,0.305736
22.91,1.45156,1.15679,1.15673,0.294767
22.915,1.43921,1.15673,1.15667,0.282474
22.92,1.42345,1.15668,1.15662,0.266773
22.925,1.42624,1.15662,1.15656,0.269625
22.93,1.43172,1.15656,1.1565,0.275152
22.935,1.43031,1.15651,1.15645,0.273806
22.94,1.43551,1.15645,1.15639,0.279061
22.945,1.43657,1.1564,1.15633,0.280176
22.95,1.42532,1.15634,1.15628,0.268983
22.955,1.41948,1.15628,1.15622,0.263195
22.96,1.41034,1.15623,1.15616,0.254114
22.965,1.42731,1.15617,1.15611,0.271139
22.97,1.43769,1.15611,1.15605,0.281577
22.975,1.43841,1.15606,1.15599,0.282357
22.98,1.44516,1.156,1.15593,0.289165
22.985,1.44192,1.15594,1.15588,0.285978
22.99,1.44284,1.15588,1.15582,0.286951
22.995,1.4429,1.15583,1.15576,0.287069
23,1.43818,1.15577,1.1557,0.282409
23.005,1.44109,1.15571,1.15565,0.285375
23.01,1.47126,1.15566,1.15559,0.315605
23.015,1.4854,1.1556,1.15553,0.329803
23.02,1.48401,1.15554,1.15547,0.328468
23.025,1.4847,1.15548,1.15542,0.329212
23.03,1.47122,1.15543,1.15536,0.315795
23.035,1.46783,1.15537,1.1553,0.312459
23.04,1.47444,1.15531,1.15524,0.319132
23.045,1.47309,1.15525,1.15518,0.317838
23.05,1.46712,1.1552,1.15513,0.311928
23.055,1.4702,1.15514,1.15507,0.315058
23.06,1.45705,1.15508,1.15501,0.301974
23.065,1.43934,1.15502,1.15495,0.284317
23.07,1.42401,1.15496,1.15489,0.269047
23.075,1.41305,1.1549,1.15483,0.258143
23.08,1.42474,1.15485,1.15477,0.269891
23.085,1.43515,1.15479,1.15472,0.280357
23.09,1.44735,1.15473,1.15466,0.292622
23.095,1.4369,1.15467,1.1546,0.282228
23.1,1.42481,1.15461,1.15454,0.270201
23.105,1.42691,1.15455,1.15448,0.272352
23.11,1.43759,1.1545,1.15442,0.283096
23.115,1.45335,1.15444,1.15436,0.298917
23.12,1.45929,1.15438,1.1543,0.304912
23.125,1.46472,1.15432,1.15424,0.3104
23.13,1.47518,1.15426,1.15418,0.320921
23.135,1.47043,1.1542,1.15412,0.316224
23.14,1.46516,1.15414,1.15406,0.311013
23.145,1.46667,1.15408,1.15401,0.312584
23.15,1.46344,1.15402,1.15395,0.309411
23.155,1.44372,1.15396,1.15389,0.289754
23.16,1.41906,1.15391,1.15383,0.265151
23.165,1.40318,1.15385,1.15377,0.249331
23.17,1.39489,1.15379,1.15371,0.241105
23.175,1.38548,1.15373,1.15365,0.231754
23.18,1.38194,1.15367,1.15359,0.228271
23.185,1.37542,1.15361,1.15353,0.221816
23.19,1.40151,1.15355,1.15347,0.247959
23.195,1.4195,1.15349,1.15341,0.266015
23.2,1.43928,1.15343,1.15334,0.285847
23.205,1.44785,1.15337,1.15328,0.294483
23.21,1.46057,1.15331,1.15322,0.307266
23.215,1.44296,1.15325,1.15316,0.289709
23.22,1.4357,1.15319,1.1531,0.282514
23.225,1.43297,1.15313,1.15304,0.279843
23.23,1.43167,1.15307,1.15298,0.278602
23.235,1.42086,1.15301,1.15292,0.267854
23.24,1.41388,1.15295,1.15286,0.260932
23.245,1.4099,1.15289,1.1528,0.257015
23.25,1.40981,1.15283,1.15274,0.256988
23.255,1.41338,1.15277,1.15268,0.260614
23.26,1.42084,1.15271,1.15261,0.268133
23.265,1.43179,1.15265,1.15255,0.27914
23.27,1.42742,1.15258,1.15249,0.274836
23.275,1.4144,1.15252,1.15243,0.261875
23.28,1.40112,1.15246,1.15237,0.248654
23.285,1.38159,1.1524,1.15231,0.229191
23.29,1.39251,1.15234,1.15225,0.240169
23.295,1.4182,1.15228,1.15218,0.265924
23.3,1.43847,1.15222,1.15212,0.286253
23.305,1.45315,1.15216,1.15206,0.300992
23.31,1.46644,1.1521,1.152,0.314344
23.315,1.4741,1.15203,1.15194,0.322063
23.32,1.47776,1.15197,1.15187,0.325786
23.325,1.46585,1.15191,1.15181,0.313935
23.33,1.4465,1.15185,1.15175,0.294651
23.335,1.43448,1.15179,1.15169,0.282693
23.34,1.41082,1.15173,1.15162,0.259088
23.345,1.37672,1.15167,1.15156,0.225052
23.35,1.37455,1.1516,1.1515,0.222944
23.355,1.37896,1.15154,1.15144,0.227419
23.36,1.382,1.15148,1.15137,0.230516
23.365,1.38592,1.15142,1.15131,0.234497
23.37,1.38966,1.15136,1.15125,0.238304
23.375,1.39859,1.15129,1.15119,0.247297
23.38,1.39512,1.15123,1.15112,0.243892
23.385,1.37811,1.15117,1.15106,0.226943
23.39,1.38216,1.15111,1.151,0.231055
23.395,1.40108,1.15105,1.15093,0.250038
23.4,1.42984,1.15098,1.15087,0.278851
23.405,1.44106,1.15092,1.15081,0.290135
23.41,1.43777,1.15086,1.15074,0.28691
23.415,1.4279,1.1508,1.15068,0.277107
23.42,1.42175,1.15073,1.15062,0.271019
23.425,1.42639,1.15067,1.15055,0.275718
23.43,1.42296,1.15061,1.15049,0.272347
23.435,1.41106,1.15055,1.15043,0.260517
23.44,1.39402,1.15048,1.15036,0.243533
23.445,1.38778,1.15042,1.1503,0.237358
23.45,1.39525,1.15036,1.15023,0.244893
23.455,1.40029,1.1503,1.15017,0.249998
23.46,1.38959,1.15023,1.15011,0.23936
23.465,1.3892,1.15017,1.15004,0.239035
23.47,1.37997,1.15011,1.14998,0.229863
23.475,1.38825,1.15004,1.14991,0.238211
23.48,1.39144,1.14998,1.14985,0.241457
23.485,1.38754,1.14992,1.14979,0.237622
23.49,1.38857,1.14985,1.14972,0.23872
23.495,1.40013,1.14979,1.14966,0.250344
23.5,1.41165,1.14973,1.14959,0.261922
23.505,1.41838,1.14966,1.14953,0.268716
23.51,1.44241,1.1496,1.14946,0.292811
23.515,1.46122,1.14954,1.1494,0.311683
23.52,1.46429,1.14947,1.14933,0.314822
23.525,1.45335,1.14941,1.14927,0.303942
23.53,1.43429,1.14935,1.1492,0.284946
23.535,1.43238,1.14928,1.14914,0.283099
23.54,1.4395,1.14922,1.14907,0.290283
23.545,1.4304,1.14915,1.14901,0.281245
23.55,1.42561,1.14909,1.14894,0.276518
23.555,1.42411,1.14903,1.14888,0.275081
23.56,1.43817,1.14896,1.14881,0.289203
23.565,1.45634,1.1489,1.14875,0.307436
23.57,1.45773,1.14884,1.14868,0.308893
23.575,1.44316,1.14877,1.14861,0.294393
23.58,1.41676,1.14871,1.14855,0.268051
23.585,1.3969,1.14864,1.14848,0.248253
23.59,1.39075,1.14858,1.14842,0.242176
23.595,1.40747,1.14851,1.14835,0.258959
23.6,1.43073,1.14845,1.14829,0.282281
23.605,1.44412,1.14839,1.14822,0.295732
23.61,1.45246,1.14832,1.14815,0.30414
23.615,1.46073,1.14826,1.14809,0.312475
23.62,1.47445,1.14819,1.14802,0.326254
23.625,1.47934,1.14813,1.14795,0.331215
23.63,1.45515,1.14809,1.14789,0.307063
23.635,1.42233,1.14802,1.14782,0.274306
23.64,1.40464,1.14796,1.14776,0.256686
23.645,1.40517,1.14789,1.14769,0.257275
23.65,1.40507,1.14783,1.14762,0.257242
23.655,1.41535,1.14776,1.14756,0.267588
23.66,1.42233,1.1477,1.14749,0.27463
23.665,1.41038,1.14763,1.14742,0.262743
23.67,1.38196,1.14757,1.14735,0.234395
23.675,1.36465,1.1475,1.14729,0.217149
23.68,1.35654,1.14744,1.14722,0.209098
23.685,1.3548,1.14738,1.14715,0.207429
23.69,1.35147,1.14731,1.14709,0.20416
23.695,1.36208,1.14725,1.14702,0.214837
23.7,1.38173,1.14718,1.14695,0.23455
23.705,1.38465,1.14712,1.14688,0.237529
23.71,1.37761,1.14705,1.14682,0.230562
23.715,1.38098,1.14699,1.14675,0.233995
23.72,1.38102,1.14692,1.14668,0.234098
23.725,1.38701,1.14686,1.14661,0.240152
23.73,1.39003,1.14679,1.14655,0.243233
23.735,1.37209,1.14673,1.14648,0.225358
23.74,1.35118,1.14667,1.14641,0.204519
23.745,1.32821,1.1466,1.14634,0.181605
23.75,1.32624,1.14654,1.14628,0.179705
23.755,1.35121,1.14647,1.14621,0.204732
23.76,1.37643,1.14641,1.14614,0.230023
23.765,1.38981,1.14635,1.14607,0.243467
23.77,1.38884,1.14628,1.146,0.242559
23.775,1.3719,1.14622,1.14593,0.225679
23.78,1.37037,1.14615,1.14587,0.224215
23.785,1.37024,1.14609,1.1458,0.224151
23.79,1.38607,1.14603,1.14573,0.240038
23.795,1.38415,1.14596,1.14566,0.238183
23.8,1.38768,1.1459,1.14559,0.241773
23.805,1.3862,1.14584,1.14552,0.240361
23.81,1.37741,1.14578,1.14545,0.231632
23.815,1.34721,1.14571,1.14539,0.201496
23.82,1.33919,1.14565,1.14532,0.193542
23.825,1.33694,1.14559,1.14525,0.191346
23.83,1.35358,1.14553,1.14518,0.20805
23.835,1.36171,1.14547,1.14511,0.216236
23.84,1.36403,1.14541,1.14504,0.218623
23.845,1.35691,1.14535,1.14497,0.211564
23.85,1.33985,1.14529,1.1449,0.194561
23.855,1.32564,1.14523,1.14483,0.180407
23.86,1.32733,1.14517,1.14476,0.182156
23.865,1.33461,1.14512,1.14469,0.189492
23.87,1.34032,1.14506,1.14462,0.195266
23.875,1.34535,1.145,1.14455,0.200351
23.88,1.35729,1.14495,1.14448,0.212349
23.885,1.37511,1.14489,1.14441,0.230217
23.89,1.37846,1.14484,1.14434,0.233625
23.895,1.37459,1.14478,1.14427,0.229803
23.9,1.37498,1.14473,1.14421,0.230249
23.905,1.38608,1.14468,1.14414,0.241399
23.91,1.38646,1.14463,1.14406,0.241829
23.915,1.37856,1.14458,1.14399,0.233979
23.92,1.36147,1.14453,1.14392,0.216936
23.925,1.36555,1.14448,1.14385,0.22107
23.93,1.38463,1.14444,1.14378,0.24019
23.935,1.39278,1.14439,1.14371,0.248384
23.94,1.40802,1.14435,1.14364,0.263671
23.945,1.40822,1.14431,1.14357,0.263913
23.95,1.40373,1.14427,1.1435,0.259465
23.955,1.39196,1.14423,1.14343,0.247733
23.96,1.38049,1.14427,1.14336,0.236222
23.965,1.38361,1.14423,1.14329,0.239382
23.97,1.38201,1.1442,1.14322,0.237813
23.975,1.37121,1.14417,1.14315,0.227047
23.98,1.35281,1.14414,1.14308,0.208673
23.985,1.35072,1.14411,1.14301,0.20661
23.99,1.34032,1.14408,1.14293,0.196239
23.995,1.32512,1.14406,1.14286,0.181062
24,1.31738,1.14404,1.14279,0.173339
24.005,1.31537,1.14402,1.14272,0.171346
24.01,1.33192,1.144,1.14265,0.187913
24.015,1.33937,1.14399,1.14258,0.195383
24.02,1.3556,1.14398,1.14251,0.211616
24.025,1.37045,1.14397,1.14243,0.226477
24.03,1.38046,1.14397,1.14236,0.236492
24.035,1.38112,1.14396,1.14229,0.237153
24.04,1.36371,1.14396,1.14222,0.21975
24.045,1.35435,1.14397,1.14215,0.210387
24.05,1.35768,1.14397,1.14208,0.213703
24.055,1.35721,1.14398,1.142,0.21323
24.06,1.36442,1.144,1.14193,0.220423
24.065,1.36875,1.14401,1.14186,0.22474
24.07,1.37204,1.14403,1.14179,0.22801
24.075,1.39821,1.14405,1.14172,0.254154
24.08,1.40792,1.14408,1.14164,0.263837
24.085,1.41284,1.14411,1.14157,0.268727
24.09,1.41453,1.14415,1.1415,0.27038
24.095,1.40244,1.14418,1.14143,0.25826
24.1,1.38656,1.14423,1.14135,0.242335
24.105,1.37449,1.14427,1.14128,0.23022
24.11,1.36278,1.14432,1.14121,0.218457
24.115,1.34214,1.14438,1.14114,0.197758
24.12,1.33819,1.14444,1.14106,0.193757
24.125,1.34861,1.1445,1.14099,0.204107
24.13,1.36917,1.14457,1.14092,0.224602
24.135,1.39874,1.14464,1.14084,0.2541
24.14,1.4067,1.14472,1.14077,0.261979
24.145,1.40699,1.1448,1.1407,0.262184
24.15,1.4026,1.14489,1.14062,0.257705
24.155,1.38138,1.14499,1.14055,0.236394
24.16,1.37623,1.14509,1.14048,0.231149
24.165,1.35707,1.14519,1.1404,0.211877
24.17,1.3543,1.1453,1.14033,0.208998
24.175,1.35842,1.14542,1.14026,0.213004
24.18,1.35246,1.14554,1.14018,0.20692
24.185,1.35811,1.14567,1.14011,0.212441
24.19,1.35126,1.1458,1.14004,0.205457
24.195,1.34251,1.14595,1.13996,0.196563
24.2,1.33456,1.1461,1.13989,0.188467
24.205,1.32171,1.14625,1.13982,0.175455
24.21,1.33192,1.14641,1.13974,0.185502
24.215,1.35456,1.14658,1.13967,0.207978
24.22,1.3647,1.14676,1.13959,0.217939
24.225,1.36047,1.14695,1.13952,0.213522
24.23,1.34667,1.14714,1.13945,0.199528
24.235,1.34522,1.14734,1.13937,0.197881
24.24,1.35246,1.14755,1.1393,0.204908
24.245,1.3582,1.14777,1.13922,0.210431
24.25,1.36971,1.148,1.13915,0.221711
24.255,1.35906,1.14823,1.13907,0.210831
24.26,1.36546,1.14848,1.139,0.216986
24.265,1.36862,1.14873,1.13892,0.219894
24.27,1.37573,1.14899,1.13885,0.226742
24.275,1.366,1.14926,1.13877,0.21674
24.28,1.36803,1.14954,1.1387,0.21848
24.285,1.35967,1.14983,1.13862,0.209838
24.29,1.35074,1.15013,1.13855,0.200602
24.295,1.32213,1.15044,1.13847,0.171686
24.3,1.29464,1.15076,1.1384,0.143878
24.305,1.28009,1.15108,1.13832,0.129001
24.31,1.28227,1.15142,1.13825,0.130847
24.315,1.29136,1.15176,1.13817,0.139594
24.32,1.31362,1.15211,1.1381,0.161503
24.325,1.32129,1.15247,1.13802,0.168818
24.33,1.32414,1.15284,1.13795,0.171297
24.335,1.32697,1.15322,1.13787,0.173756
24.34,1.31663,1.1536,1.1378,0.163031
24.345,1.30992,1.15399,1.13772,0.155932
24.35,1.31024,1.15438,1.13765,0.155858
24.355,1.33166,1.15478,1.13757,0.176882
24.36,1.34394,1.15518,1.13749,0.188757
24.365,1.35214,1.15559,1.13742,0.196552
24.37,1.34495,1.156,1.13734,0.188958
24.375,1.33036,1.15641,1.13727,0.173954
24.38,1.31775,1.15682,1.13719,0.160935
24.385,1.31239,1.15723,1.13711,0.155159
24.39,1.3181,1.15764,1.13704,0.160462
24.395,1.33195,1.15805,1.13696,0.173903
24.4,1.33654,1.15845,1.13689,0.178088
24.405,1.33882,1.15885,1.13681,0.179965
24.41,1.34174,1.15925,1.13673,0.182488
24.415,1.3416,1.15963,1.13666,0.181968
24.42,1.31631,1.16001,1.13658,0.156298
24.425,1.30004,1.16038,1.1365,0.139663
24.43,1.31197,1.16073,1.13643,0.151236
24.435,1.32659,1.16107,1.13635,0.165513
24.44,1.32624,1.1614,1.13627,0.164843
24.445,1.32819,1.16171,1.1362,0.166474
24.45,1.33004,1.162,1.13612,0.168035
24.455,1.32464,1.16228,1.13604,0.162367
24.46,1.31871,1.16253,1.13597,0.156177
24.465,1.3097,1.16276,1.13589,0.146944
24.47,1.31104,1.16296,1.13581,0.148076
24.475,1.31749,1.16315,1.13573,0.154349
24.48,1.31186,1.1633,1.13566,0.148563
24.485,1.31366,1.16343,1.13558,0.150231
24.49,1.32044,1.16352,1.1355,0.156915
24.495,1.33284,1.16359,1.13542,0.169257
24.5,1.35354,1.16362,1.13535,0.189917
24.505,1.36158,1.16363,1.13527,0.197957
24.51,1.35657,1.16359,1.13519,0.192973
24.515,1.33238,1.16353,1.13511,0.168856
24.52,1.32419,1.16343,1.13504,0.160764
24.525,1.31941,1.16329,1.13496,0.156121
24.53,1.32438,1.16312,1.13488,0.161253
24.535,1.33829,1.16292,1.1348,0.175379
24.54,1.3504,1.16267,1.13472,0.187728
24.545,1.35385,1.1624,1.13465,0.191452
24.55,1.34328,1.16209,1.13457,0.181195
24.555,1.33122,1.16174,1.13449,0.169476
24.56,1.32612,1.16136,1.13441,0.164763
24.565,1.32366,1.16095,1.13433,0.162718
24.57,1.3048,1.1605,1.13426,0.144296
24.575,1.29431,1.16003,1.13418,0.134286
24.58,1.29028,1.15953,1.1341,0.130754
24.585,1.29076,1.159,1.13402,0.131763
24.59,1.30443,1.15844,1.13394,0.14599
24.595,1.31164,1.15786,1.13386,0.153782
24.6,1.31743,1.15726,1.13378,0.160168
24.605,1.31883,1.15664,1.13371,0.162183
24.61,1.30928,1.15601,1.13363,0.153277
24.615,1.30152,1.15535,1.13355,0.146165
24.62,1.28095,1.15469,1.13347,0.126262
24.625,1.26967,1.15401,1.13339,0.115659
24.63,1.26746,1.15332,1.13331,0.114138
24.635,1.27173,1.15263,1.13323,0.119101
24.64,1.29164,1.15193,1.13315,0.139718
24.645,1.29653,1.15122,1.13307,0.145311
24.65,1.29952,1.15052,1.13299,0.149002
24.655,1.29935,1.14981,1.13291,0.149532
24.66,1.29332,1.14911,1.13283,0.14421
24.665,1.28797,1.14841,1.13276,0.139557
24.67,1.26614,1.14772,1.13268,0.11842
24.675,1.2505,1.14703,1.1326,0.103466
24.68,1.25544,1.14635,1.13252,0.109086
24.685,1.27632,1.14568,1.13244,0.13064
24.69,1.29822,1.14502,1.13236,0.153198
24.695,1.30785,1.14437,1.13228,0.163484
24.7,1.30175,1.14373,1.1322,0.15802
24.705,1.29579,1.14311,1.13212,0.152676
24.71,1.26844,1.1425,1.13204,0.125942
24.715,1.25994,1.14191,1.13196,0.118038
24.72,1.26429,1.14133,1.13188,0.12296
24.725,1.28627,1.14076,1.1318,0.145509
24.73,1.30545,1.14022,1.13172,0.165233
24.735,1.30947,1.13968,1.13164,0.169781
24.74,1.30686,1.13917,1.13156,0.167696
24.745,1.29942,1.13867,1.13148,0.160752
24.75,1.29879,1.13819,1.1314,0.160602
24.755,1.29621,1.13773,1.13131,0.158487
24.76,1.2949,1.13728,1.13123,0.157626
24.765,1.30339,1.13685,1.13115,0.166542
24.77,1.30095,1.13643,1.13107,0.164521
24.775,1.29489,1.13604,1.13099,0.158852
24.78,1.29241,1.13565,1.13091,0.156758
24.785,1.29718,1.13529,1.13083,0.16189
24.79,1.28967,1.13494,1.13075,0.154735
24.795,1.28694,1.1346,1.13067,0.15234
24.8,1.26692,1.13428,1.13059,0.132645
24.805,1.26909,1.13397,1.13051,0.135118
24.81,1.28299,1.13367,1.13042,0.149313
24.815,1.2911,1.13339,1.13034,0.157712
24.82,1.31014,1.13312,1.13026,0.177014
24.825,1.31751,1.13287,1.13018,0.184647
24.83,1.3096,1.13262,1.1301,0.176979
24.835,1.29676,1.13238,1.13002,0.164377
24.84,1.28396,1.13216,1.12994,0.151797
24.845,1.2941,1.13194,1.12985,0.162152
24.85,1.28667,1.13174,1.12977,0.154933
24.855,1.28578,1.13154,1.12969,0.154238
24.86,1.27848,1.13135,1.12961,0.147124
24.865,1.27999,1.13117,1.12953,0.148821
24.87,1.28602,1.131,1.12945,0.155026
24.875,1.29047,1.13083,1.12936,0.159641
24.88,1.29495,1.13067,1.12928,0.164285
24.885,1.2975,1.13051,1.1292,0.16699
24.89,1.30731,1.13036,1.12912,0.176948
24.895,1.30801,1.13022,1.12904,0.17779
24.9,1.31978,1.13008,1.12895,0.189698
24.905,1.32965,1.12995,1.12887,0.199707
24.91,1.32278,1.12981,1.12879,0.192968
24.915,1.30535,1.12969,1.12871,0.17566
24.92,1.27653,1.12956,1.12862,0.146968
24.925,1.27026,1.12944,1.12854,0.140822
24.93,1.27209,1.12933,1.12846,0.142762
24.935,1.2684,1.12921,1.12838,0.139192
24.94,1.27621,1.1291,1.12829,0.14711
24.945,1.27922,1.12899,1.12821,0.150234
24.95,1.27525,1.12888,1.12813,0.146373
24.955,1.2786,1.12877,1.12805,0.149827
24.96,1.26235,1.12867,1.12796,0.133683
24.965,1.26274,1.12857,1.12788,0.134174
24.97,1.27596,1.12846,1.1278,0.147498
24.975,1.29077,1.12836,1.12771,0.162411
24.98,1.29762,1.12826,1.12763,0.169355
24.985,1.28614,1.12817,1.12755,0.157976
24.99,1.28142,1.12807,1.12746,0.153351
24.995,1.28899,1.12797,1.12738,0.161016
25,1.30144,1.12788,1.1273,0.173562
25.005,1.28529,1.12778,1.12721,0.157508
25.01,1.26208,1.12769,1.12713,0.134392
25.015,1.24729,1.12759,1.12705,0.119698
25.02,1.26068,1.1275,1.12696,0.133181
25.025,1.2792,1.12741,1.12688,0.151794
25.03,1.28678,1.12731,1.1268,0.159469
25.035,1.29434,1.12722,1.12671,0.167116
25.04,1.30201,1.12713,1.12663,0.174877
25.045,1.30379,1.12704,1.12654,0.176753
25.05,1.3078,1.12695,1.12646,0.180856
25.055,1.30905,1.12686,1.12638,0.182197
25.06,1.29109,1.12677,1.12629,0.164322
25.065,1.26734,1.12668,1.12621,0.140664
25.07,1.24511,1.12659,1.12612,0.118528
25.075,1.24715,1.1265,1.12604,0.120653
25.08,1.24518,1.12641,1.12596,0.118778
25.085,1.23686,1.12632,1.12587,0.11054
25.09,1.22449,1.12623,1.12579,0.098267
25.095,1.21775,1.12614,1.1257,0.0916146
25.1,1.22149,1.12605,1.12562,0.0954394
25.105,1.22485,1.12596,1.12553,0.0988945
25.11,1.23082,1.12587,1.12545,0.104949
25.115,1.22754,1.12578,1.12536,0.101759
25.12,1.23296,1.12569,1.12528,0.107268
25.125,1.24411,1.1256,1.12519,0.118515
25.13,1.2549,1.12551,1.12511,0.129392
25.135,1.25024,1.12542,1.12502,0.124815
25.14,1.25253,1.12533,1.12494,0.127199
25.145,1.25575,1.12524,1.12485,0.130502
25.15,1.25308,1.12516,1.12477,0.127921
25.155,1.25532,1.12507,1.12468,0.130256
25.16,1.24472,1.12498,1.1246,0.119746
25.165,1.23732,1.12489,1.12451,0.112434
25.17,1.21803,1.1248,1.12443,0.0932297
25.175,1.21512,1.12471,1.12434,0.0904106
25.18,1.22654,1.12462,1.12426,0.101912
25.185,1.25356,1.12453,1.12417,0.129028
25.19,1.26694,1.12445,1.12409,0.142493
25.195,1.27503,1.12436,1.124,0.150671
25.2,1.28384,1.12427,1.12392,0.159575
25.205,1.29101,1.12418,1.12383,0.16683
25.21,1.28702,1.12409,1.12374,0.162933
25.215,1.27265,1.124,1.12366,0.148649
25.22,1.24819,1.12391,1.12357,0.124279
25.225,1.25201,1.12382,1.12349,0.128184
25.23,1.26799,1.12374,1.1234,0.144255
25.235,1.2805,1.12365,1.12332,0.156853
25.24,1.27445,1.12356,1.12323,0.150896
25.245,1.2615,1.12347,1.12314,0.138025
25.25,1.24788,1.12338,1.12306,0.124498
25.255,1.25265,1.12329,1.12297,0.129362
25.26,1.25657,1.1232,1.12288,0.133368
25.265,1.24319,1.12312,1.1228,0.120076
25.27,1.22862,1.12303,1.12271,0.10559
25.275,1.20852,1.12294,1.12263,0.0855776
25.28,1.20224,1.12285,1.12254,0.0793874
25.285,1.21484,1.12276,1.12245,0.0920833
25.29,1.22393,1.12267,1.12237,0.101256
25.295,1.25049,1.12258,1.12228,0.127903
25.3,1.26355,1.1225,1.12219,0.141055
25.305,1.27746,1.12241,1.12211,0.15505
25.31,1.2876,1.12232,1.12202,0.165278
25.315,1.28871,1.12223,1.12193,0.166478
25.32,1.27647,1.12214,1.12185,0.15433
25.325,1.25334,1.12205,1.12176,0.131286
25.33,1.22414,1.12196,1.12167,0.102183
25.335,1.22463,1.12187,1.12158,0.102757
25.34,1.22025,1.12178,1.1215,0.0984649
25.345,1.22503,1.1217,1.12141,0.10333
25.35,1.23009,1.12161,1.12132,0.108486
25.355,1.2111,1.12152,1.12124,0.0895846
25.36,1.20357,1.12143,1.12115,0.0821382
25.365,1.20429,1.12134,1.12106,0.0829463
25.37,1.21458,1.12125,1.12097,0.0933259
25.375,1.24039,1.12116,1.12089,0.119232
25.38,1.24006,1.12107,1.1208,0.118988
25.385,1.253,1.12098,1.12071,0.132019
25.39,1.24693,1.12089,1.12062,0.126033
25.395,1.23142,1.12081,1.12054,0.110613
25.4,1.21334,1.12072,1.12045,0.0926201
25.405,1.19647,1.12063,1.12036,0.0758398
25.41,1.1898,1.12054,1.12027,0.0692581
25.415,1.1874,1.12045,1.12018,0.0669482
25.42,1.18221,1.12036,1.1201,0.0618471
25.425,1.18617,1.12027,1.12001,0.065901
25.43,1.19944,1.12018,1.11992,0.0792633
25.435,1.21129,1.12009,1.11983,0.0912019
25.44,1.22809,1.12,1.11974,0.108087
25.445,1.23094,1.11991,1.11966,0.111024
25.45,1.22185,1.11982,1.11957,0.10203
25.455,1.22438,1.11973,1.11948,0.104644
25.46,1.23427,1.11964,1.11939,0.114627
25.465,1.25224,1.11955,1.1193,0.132683
25.47,1.26731,1.11946,1.11921,0.147843
25.475,1.26526,1.11937,1.11912,0.145881
25.48,1.26156,1.11928,1.11904,0.142272
25.485,1.25337,1.1192,1.11895,0.134177
25.49,1.25778,1.11911,1.11886,0.138676
25.495,1.25765,1.11902,1.11877,0.138634
25.5,1.25259,1.11893,1.11868,0.133661
25.505,1.23917,1.11884,1.11859,0.120329
25.51,1.20765,1.11875,1.1185,0.088902
25.515,1.18494,1.11866,1.11841,0.0662795
25.52,1.16768,1.11857,1.11833,0.0491173
25.525,1.16539,1.11848,1.11824,0.0469187
25.53,1.16514,1.11839,1.11815,0.0467534
25.535,1.17105,1.1183,1.11806,0.0527512
25.54,1.17551,1.11821,1.11797,0.0573083
25.545,1.19165,1.11812,1.11788,0.0735315
25.55,1.20539,1.11803,1.11779,0.0873675
25.555,1.21972,1.11793,1.1177,0.101789
25.56,1.22513,1.11784,1.11761,0.107289
25.565,1.23035,1.11775,1.11752,0.112593
25.57,1.23715,1.11766,1.11743,0.119486
25.575,1.24825,1.11757,1.11734,0.130676
25.58,1.26638,1.11748,1.11725,0.148897
25.585,1.26945,1.11739,1.11716,0.15206
25.59,1.26071,1.1173,1.11707,0.143405
25.595,1.22834,1.11721,1.11698,0.111131
25.6,1.21157,1.11712,1.11689,0.0944493
25.605,1.19979,1.11703,1.1168,0.0827614
25.61,1.20714,1.11694,1.11671,0.0901975
25.615,1.20748,1.11685,1.11662,0.0906287
25.62,1.20841,1.11676,1.11653,0.0916475
25.625,1.21028,1.11667,1.11644,0.093608
25.63,1.21338,1.11658,1.11635,0.0968047
25.635,1.21227,1.11649,1.11626,0.095788
25.64,1.21164,1.11639,1.11617,0.0952478
25.645,1.20434,1.1163,1.11608,0.0880374
25.65,1.21782,1.11621,1.11599,0.101603
25.655,1.21894,1.11612,1.1159,0.102821
25.66,1.22739,1.11603,1.11581,0.111363
25.665,1.2202,1.11594,1.11572,0.104257
25.67,1.21351,1.11585,1.11563,0.0976648
25.675,1.22098,1.11576,1.11554,0.105228
25.68,1.21749,1.11567,1.11545,0.101829
25.685,1.19829,1.11557,1.11536,0.0827134
25.69,1.1886,1.11548,1.11527,0.0731191
25.695,1.18286,1.11539,1.11518,0.0674699
25.7,1.19544,1.1153,1.11508,0.0801441
25.705,1.21006,1.11521,1.11499,0.0948488
25.71,1.21134,1.11512,1.1149,0.0962226
25.715,1.21382,1.11502,1.11481,0.0987996
25.72,1.20646,1.11493,1.11472,0.0915276
25.725,1.21053,1.11484,1.11463,0.0956925
25.73,1.20709,1.11475,1.11454,0.0923374
25.735,1.20305,1.11466,1.11445,0.0883907
25.74,1.19033,1.11457,1.11436,0.0757649
25.745,1.17663,1.11447,1.11426,0.0621573
25.75,1.18276,1.11438,1.11417,0.068376
25.755,1.19167,1.11429,1.11408,0.0773793
25.76,1.19741,1.1142,1.11399,0.0832145
25.765,1.18356,1.11411,1.1139,0.0694556
25.77,1.17236,1.11401,1.11381,0.0583424
25.775,1.17399,1.11392,1.11372,0.0600649
25.78,1.19116,1.11383,1.11362,0.0773263
25.785,1.18596,1.11374,1.11353,0.0722201
25.79,1.17235,1.11365,1.11344,0.0587019
25.795,1.16195,1.11355,1.11335,0.048394
25.8,1.16879,1.11346,1.11326,0.0553268
25.805,1.17295,1.11337,1.11316,0.0595791
25.81,1.18302,1.11328,1.11307,0.0697459
25.815,1.17868,1.11318,1.11298,0.0654956
25.82,1.16464,1.11309,1.11289,0.051551
25.825,1.14707,1.113,1.1128,0.0340729
25.83,1.13139,1.11291,1.1127,0.0184881
25.835,1.13303,1.11281,1.11261,0.0202119
25.84,1.14626,1.11272,1.11252,0.0335368
25.845,1.14816,1.11263,1.11243,0.0355334
25.85,1.15632,1.11254,1.11233,0.043784
25.855,1.17758,1.11244,1.11224,0.0651346
25.86,1.19266,1.11235,1.11215,0.080306
25.865,1.21297,1.11226,1.11206,0.100712
25.87,1.22539,1.11216,1.11196,0.113224
25.875,1.22563,1.11207,1.11187,0.113562
25.88,1.22304,1.11198,1.11178,0.111059
25.885,1.22074,1.11188,1.11169,0.108859
25.89,1.20817,1.11179,1.11159,0.0963741
25.895,1.19396,1.1117,1.1115,0.0822665
25.9,1.16928,1.1116,1.11141,0.0576709
25.905,1.15408,1.11151,1.11131,0.0425681
25.91,1.15484,1.11142,1.11122,0.0434204
25.915,1.16059,1.11132,1.11113,0.0492692
25.92,1.1786,1.11123,1.11103,0.0673667
25.925,1.19195,1.11114,1.11094,0.0808088
25.93,1.19246,1.11104,1.11085,0.081419
25.935,1.18692,1.11095,1.11075,0.0759736
25.94,1.17273,1.11086,1.11066,0.0618693
25.945,1.16576,1.11076,1.11057,0.0549995
25.95,1.1654,1.11067,1.11047,0.0547318
25.955,1.17595,1.11058,1.11038,0.0653696
25.96,1.17625,1.11048,1.11029,0.0657698
25.965,1.18372,1.11039,1.11019,0.0733285
25.97,1.16877,1.11029,1.1101,0.0584799
25.975,1.17221,1.1102,1.11001,0.0620096
25.98,1.18411,1.11011,1.10991,0.0740074
25.985,1.19823,1.11001,1.10982,0.0882163
25.99,1.201,1.10992,1.10973,0.0910797
25.995,1.19429,1.10982,1.10963,0.0844702
26,1.19091,1.10973,1.10954,0.0811846
26.005,1.1961,1.10964,1.10944,0.0864654
26.01,1.19779,1.10954,1.10935,0.0882516
26.015,1.19473,1.10945,1.10926,0.0852859
26.02,1.18883,1.10935,1.10916,0.0794738
26.025,1.17508,1.10926,1.10907,0.0658243
26.03,1.16862,1.10916,1.10897,0.0594567
26.035,1.15558,1.10907,1.10888,0.0465133
26.04,1.15036,1.10898,1.10878,0.0413832
26.045,1.14122,1.10888,1.10869,0.0323418
26.05,1.13589,1.10879,1.1086,0.0271034
26.055,1.13999,1.10869,1.1085,0.0313014
26.06,1.15794,1.1086,1.10841,0.0493399
26.065,1.17146,1.1085,1.10831,0.0629572
26.07,1.17894,1.10841,1.10822,0.0705296
26.075,1.1655,1.10831,1.10812,0.0571834
26.08,1.15454,1.10822,1.10803,0.0463185
26.085,1.14249,1.10812,1.10793,0.0343697
26.09,1.13766,1.10803,1.10784,0.0296309
26.095,1.14945,1.10793,1.10774,0.0415178
26.1,1.16396,1.10784,1.10765,0.0561232
26.105,1.15313,1.10774,1.10755,0.0453925
26.11,1.13824,1.10765,1.10746,0.0305924
26.115,1.12867,1.10755,1.10736,0.0211207
26.12,1.13238,1.10746,1.10727,0.0249273
26.125,1.14286,1.10736,1.10717,0.0354969
26.13,1.1538,1.10727,1.10708,0.0465355
26.135,1.15628,1.10717,1.10698,0.0491072
26.14,1.15629,1.10708,1.10689,0.0492189
26.145,1.15271,1.10698,1.10679,0.0457266
26.15,1.15171,1.10688,1.1067,0.0448266
26.155,1.14703,1.10679,1.1066,0.040241
26.16,1.1365,1.10669,1.10651,0.029809
26.165,1.12381,1.1066,1.10641,0.017215
26.17,1.12435,1.1065,1.10632,0.0178532
26.175,1.11558,1.10641,1.10622,0.00917184
26.18,1.11393,1.10631,1.10612,0.00762237
26.185,1.11218,1.10621,1.10603,0.00596383
26.19,1.12273,1.10612,1.10593,0.0166104
26.195,1.13821,1.10602,1.10584,0.0321892
26.2,1.13109,1.10593,1.10574,0.0251639
26.205,1.12035,1.10583,1.10565,0.0145184
26.21,1.13432,1.10573,1.10555,0.0285839
26.215,1.16279,1.10564,1.10545,0.0571556
26.22,1.19245,1.10554,1.10536,0.0869118
26.225,1.19381,1.10545,1.10526,0.0883672
26.23,1.17668,1.10535,1.10517,0.0713274
26.235,1.16665,1.10525,1.10507,0.061396
26.24,1.15396,1.10516,1.10497,0.0488047
26.245,1.15341,1.10506,1.10488,0.0483458
26.25,1.15741,1.10496,1.10478,0.0524505
26.255,1.16227,1.10487,1.10468,0.0574032
26.26,1.17158,1.10477,1.10459,0.0668077
26.265,1.17577,1.10467,1.10449,0.0710942
26.27,1.17811,1.10458,1.10439,0.073531
26.275,1.16927,1.10448,1.1043,0.0647884
26.28,1.16455,1.10438,1.1042,0.0601649
26.285,1.15632,1.10429,1.1041,0.0520371
26.29,1.15817,1.10419,1.10401,0.0539816
26.295,1.17408,1.10409,1.10391,0.0699846
26.3,1.17786,1.104,1.10381,0.0738597
26.305,1.18657,1.1039,1.10372,0.0826701
26.31,1.19113,1.1038,1.10362,0.0873225
26.315,1.1876,1.10371,1.10352,0.0838979
26.32,1.16447,1.10361,1.10343,0.0608569
26.325,1.15367,1.10351,1.10333,0.0501604
26.33,1.13873,1.10342,1.10323,0.0353115
26.335,1.1406,1.10332,1.10314,0.0372835
26.34,1.15073,1.10322,1.10304,0.0475134
26.345,1.15217,1.10312,1.10294,0.049045
26.35,1.13857,1.10303,1.10284,0.0355427
26.355,1.12442,1.10293,1.10275,0.0214878
26.36,1.12715,1.10283,1.10265,0.024314
26.365,1.12869,1.10273,1.10255,0.025953
26.37,1.13314,1.10264,1.10245,0.0305065
26.375,1.12358,1.10254,1.10236,0.02104
26.38,1.13002,1.10244,1.10226,0.0275743
26.385,1.13794,1.10234,1.10216,0.0355966
26.39,1.15051,1.10225,1.10206,0.0482629
26.395,1.1466,1.10215,1.10197,0.0444476
26.4,1.13527,1.10205,1.10187,0.0332205
26.405,1.12443,1.10195,1.10177,0.0224792
26.41,1.12652,1.10185,1.10167,0.0246623
26.415,1.13524,1.10176,1.10157,0.0334818
26.42,1.13915,1.10166,1.10148,0.0374886
26.425,1.13601,1.10156,1.10138,0.0344514
26.43,1.12583,1.10146,1.10128,0.0243688
26.435,1.11284,1.10136,1.10118,0.0114746
26.44,1.09894,1.10127,1.10108,-0.00232339
26.445,1.09813,1.10117,1.10099,-0.00304116
26.45,1.10937,1.10107,1.10089,0.00830382
26.455,1.13052,1.10097,1.10079,0.0295522
26.46,1.14612,1.10087,1.10069,0.0452435
26.465,1.14696,1.10077,1.10059,0.0461807
26.47,1.14094,1.10068,1.1005,0.0402678
26.475,1.13859,1.10058,1.1004,0.0380154
26.48,1.14365,1.10048,1.1003,0.0431664
26.485,1.14043,1.10038,1.1002,0.0400447
26.49,1.12872,1.10028,1.1001,0.0284407
26.495,1.10677,1.10018,1.1,0.00658388
26.5,1.10487,1.10008,1.0999,0.00478374
26.505,1.10549,1.09999,1.09981,0.00549981
26.51,1.11002,1.09989,1.09971,0.0101345
26.515,1.11339,1.09979,1.09961,0.0136004
26.52,1.10918,1.09969,1.09951,0.00948773
26.525,1.10893,1.09959,1.09941,0.00934072
26.53,1.11929,1.09949,1.09931,0.0197971
26.535,1.12194,1.09939,1.09921,0.0225447
26.54,1.1381,1.09929,1.09911,0.0388068
26.545,1.14124,1.09919,1.09901,0.0420455
26.55,1.14203,1.0991,1.09892,0.0429361
26.555,1.14393,1.099,1.09882,0.0449361
26.56,1.13891,1.0989,1.09872,0.0400123
26.565,1.14317,1.0988,1.09862,0.0443676
26.57,1.14754,1.0987,1.09852,0.0488398
26.575,1.14833,1.0986,1.09842,0.0497301
26.58,1.14185,1.0985,1.09832,0.0433493
26.585,1.12535,1.0984,1.09822,0.0269522
26.59,1.10729,1.0983,1.09812,0.00898544
26.595,1.10228,1.0982,1.09802,0.0040788
26.6,1.11443,1.0981,1.09792,0.0163244
26.605,1.13068,1.098,1.09782,0.0326752
26.61,1.13663,1.0979,1.09772,0.0387292
26.615,1.12411,1.0978,1.09762,0.0263119
26.62,1.13032,1.0977,1.09752,0.0326163
26.625,1.13751,1.0976,1.09742,0.0399085
26.63,1.12581,1.0975,1.09732,0.0283109
26.635,1.11621,1.0974,1.09722,0.0188087
26.64,1.10319,1.0973,1.09712,0.00588395
26.645,1.10063,1.0972,1.09702,0.00343086
26.65,1.10933,1.0971,1.09692,0.0122245
26.655,1.12333,1.097,1.09682,0.0263305
26.66,1.1355,1.0969,1.09672,0.0385935
26.665,1.13967,1.0968,1.09662,0.0428688
26.67,1.13219,1.0967,1.09652,0.0354861
26.675,1.13041,1.0966,1.09642,0.0338066
26.68,1.12979,1.0965,1.09632,0.0332908
26.685,1.12766,1.0964,1.09622,0.0312535
26.69,1.11235,1.0963,1.09612,0.0160471
26.695,1.1018,1.0962,1.09602,0.0055973
26.7,1.09827,1.0961,1.09592,0.00216646
26.705,1.09908,1.096,1.09582,0.00307489
26.71,1.1032,1.0959,1.09572,0.00729477
26.715,1.11377,1.0958,1.09562,0.0179703
26.72,1.12503,1.0957,1.09552,0.0293356
26.725,1.12893,1.0956,1.09542,0.0333332
26.73,1.12701,1.0955,1.09532,0.0315091
26.735,1.13497,1.0954,1.09522,0.0395756
26.74,1.14113,1.0953,1.09512,0.045832
26.745,1.13805,1.0952,1.09502,0.0428564
26.75,1.13676,1.09509,1.09491,0.0416628
26.755,1.12032,1.09499,1.09481,0.0253267
26.76,1.12477,1.09489,1.09471,0.0298797
26.765,1.11762,1.09479,1.09461,0.0228292
26.77,1.10835,1.09469,1.09451,0.0136579
26.775,1.11188,1.09459,1.09441,0.017289
26.78,1.11757,1.09449,1.09431,0.0230782
26.785,1.12221,1.09439,1.09421,0.027819
26.79,1.12145,1.09429,1.09411,0.0271649
26.795,1.1102,1.09419,1.094,0.0160173
26.8,1.11494,1.09408,1.0939,0.0208611
26.805,1.13311,1.09398,1.0938,0.0391288
26.81,1.15048,1.09388,1.0937,0.0565944
26.815,1.15636,1.09378,1.0936,0.0625805
26.82,1.15633,1.09368,1.0935,0.0626558
26.825,1.15626,1.09358,1.0934,0.0626814
26.83,1.15186,1.09348,1.09329,0.0583809
26.835,1.14964,1.09337,1.09319,0.0562679
26.84,1.13961,1.09327,1.09309,0.0463388
26.845,1.13852,1.09317,1.09299,0.0453458
26.85,1.1314,1.09307,1.09289,0.0383358
26.855,1.11504,1.09297,1.09279,0.0220739
26.86,1.08902,1.09287,1.09268,-0.00384337
26.865,1.0722,1.09276,1.09258,-0.0205622
26.87,1.06631,1.09266,1.09248,-0.0263562
26.875,1.07747,1.09256,1.09238,-0.0150879
26.88,1.08814,1.09246,1.09228,-0.00431758
26.885,1.08949,1.09236,1.09217,-0.00286682
26.89,1.09797,1.09225,1.09207,0.0057134
26.895,1.1072,1.09215,1.09197,0.0150525
26.9,1.11012,1.09205,1.09187,0.0180668
26.905,1.10525,1.09195,1.09177,0.0133
26.91,1.09337,1.09184,1.09166,0.00152138
26.915,1.1097,1.09174,1.09156,0.0179624
26.92,1.12245,1.09164,1.09146,0.0308131
26.925,1.12886,1.09154,1.09136,0.037319
26.93,1.12293,1.09144,1.09125,0.0314967
26.935,1.1098,1.09133,1.09115,0.0184698
26.94,1.10668,1.09123,1.09105,0.0154505
26.945,1.11395,1.09113,1.09095,0.0228208
26.95,1.10553,1.09103,1.09084,0.0145053
26.955,1.10474,1.09092,1.09074,0.0138142
26.96,1.10509,1.09082,1.09064,0.0142737
26.965,1.10324,1.09072,1.09054,0.0125257
26.97,1.11688,1.09061,1.09043,0.0262692
26.975,1.12384,1.09051,1.09033,0.0333302
26.98,1.12381,1.09041,1.09023,0.0334013
26.985,1.10654,1.09031,1.09013,0.016231
26.99,1.08801,1.0902,1.09002,-0.00219145
26.995,1.07145,1.0901,1.08992,-0.0186519
27,1.07149,1.09,1.08982,-0.0185048
27.005,1.06686,1.08989,1.08971,-0.0230358
27.01,1.06429,1.08979,1.08961,-0.0254978
27.015,1.07416,1.08969,1.08951,-0.0155276
27.02,1.08947,1.08959,1.0894,-0.000116037
27.025,1.09701,1.08948,1.0893,0.00752435
27.03,1.10392,1.08938,1.0892,0.0145403
27.035,1.11014,1.08928,1.08909,0.0208661
27.04,1.12284,1.08917,1.08899,0.0336664
27.045,1.12783,1.08907,1.08889,0.0387572
27.05,1.13259,1.08897,1.08878,0.0436236
27.055,1.12001,1.08886,1.08868,0.0311456
27.06,1.10875,1.08876,1.08858,0.0199949
27.065,1.09514,1.08866,1.08847,0.00648332
27.07,1.0807,1.08855,1.08837,-0.00784845
27.075,1.07508,1.08845,1.08827,-0.0133651
27.08,1.08051,1.08834,1.08816,-0.0078312
27.085,1.08268,1.08824,1.08806,-0.00555748
27.09,1.09313,1.08814,1.08795,0.00499533
27.095,1.09552,1.08803,1.08785,0.00748644
27.1,1.09331,1.08793,1.08775,0.00538331
27.105,1.0878,1.08783,1.08764,-3.05641e-05
27.11,1.0877,1.08772,1.08754,-1.79875e-05
27.115,1.08146,1.08762,1.08744,-0.0061628
27.12,1.08706,1.08751,1.08733,-0.000454927
27.125,1.10183,1.08741,1.08723,0.0144193
27.13,1.10599,1.08731,1.08712,0.0186823
27.135,1.11852,1.0872,1.08702,0.0313153
27.14,1.1111,1.0871,1.08691,0.0239989
27.145,1.10534,1.08699,1.08681,0.0183438
27.15,1.10412,1.08689,1.08671,0.0172296
27.155,1.08824,1.08679,1.0866,0.00145849
27.16,1.08727,1.08668,1.0865,0.000585449
27.165,1.07103,1.08658,1.08639,-0.0155429
27.17,1.06088,1.08647,1.08629,-0.0255951
27.175,1.04633,1.08637,1.08618,-0.0400369
27.18,1.03769,1.08626,1.08608,-0.0485774
27.185,1.04717,1.08616,1.08598,-0.0389937
27.19,1.07389,1.08605,1.08587,-0.0121635
27.195,1.10031,1.08595,1.08577,0.0143641
27.2,1.11312,1.08585,1.08566,0.0272791
27.205,1.09544,1.08574,1.08556,0.00970374
27.21,1.0776,1.08564,1.08545,-0.00803584
27.215,1.07226,1.08553,1.08535,-0.0132727
27.22,1.07323,1.08543,1.08524,-0.0121997
27.225,1.06967,1.08532,1.08514,-0.0156563
27.23,1.06189,1.08522,1.08503,-0.0233307
27.235,1.06344,1.08511,1.08493,-0.0216672
27.24,1.0692,1.08501,1.08482,-0.0158047
27.245,1.06797,1.0849,1.08472,-0.0169332
27.25,1.05363,1.0848,1.08461,-0.0311662
27.255,1.04497,1.08469,1.08451,-0.0397221
27.26,1.04383,1.08459,1.0844,-0.0407518
27.265,1.05372,1.08448,1.0843,-0.0307643
27.27,1.0585,1.08438,1.08419,-0.025876
27.275,1.05708,1.08427,1.08409,-0.0271932
27.28,1.06372,1.08417,1.08398,-0.0204428
27.285,1.06941,1.08406,1.08388,-0.0146479
27.29,1.0735,1.08396,1.08377,-0.0104576
27.295,1.07362,1.08385,1.08367,-0.0102273
27.3,1.07031,1.08374,1.08356,-0.0134322
27.305,1.06064,1.08364,1.08345,-0.0229952
27.31,1.05027,1.08353,1.08335,-0.0332615
27.315,1.04398,1.08343,1.08324,-0.0394526
27.32,1.05293,1.08332,1.08314,-0.0303904
27.325,1.07263,1.08322,1.08303,-0.0105887
27.33,1.07797,1.08311,1.08293,-0.00514593
27.335,1.09404,1.08301,1.08282,0.0110341
27.34,1.08692,1.0829,1.08271,0.00402008
27.345,1.06125,1.08279,1.08261,-0.0215481
27.35,1.0293,1.08269,1.0825,-0.0533897
27.355,1.01079,1.08258,1.0824,-0.0717958
27.36,1.02356,1.08248,1.08229,-0.05892
27.365,1.03639,1.08237,1.08218,-0.0459807
27.37,1.04295,1.08226,1.08208,-0.0393114
27.375,1.05243,1.08216,1.08197,-0.0297255
27.38,1.07047,1.08205,1.08187,-0.0115865
27.385,1.0842,1.08195,1.08176,0.0022572
27.39,1.07813,1.08184,1.08165,-0.00371223
27.395,1.07289,1.08173,1.08155,-0.00884189
27.4,1.08019,1.08163,1.08144,-0.00143348
27.405,1.10548,1.08152,1.08134,0.0239536
27.41,1.10312,1.08142,1.08123,0.0217018
27.415,1.09129,1.08131,1.08112,0.00997882
27.42,1.06521,1.0812,1.08102,-0.0159962
27.425,1.05527,1.0811,1.08091,-0.0258281
27.43,1.04736,1.08099,1.0808,-0.0336304
27.435,1.04151,1.08088,1.0807,-0.0393726
27.44,1.03371,1.08078,1.08059,-0.0470668
27.445,1.03819,1.08067,1.08048,-0.0424858
27.45,1.04109,1.08056,1.08038,-0.0394786
27.455,1.04364,1.08046,1.08027,-0.0368206
27.46,1.05873,1.08035,1.08016,-0.0216209
27.465,1.06613,1.08024,1.08006,-0.0141126
27.47,1.06386,1.08014,1.07995,-0.0162792
27.475,1.06063,1.08003,1.07984,-0.0193974
27.48,1.0689,1.07992,1.07974,-0.0110264
27.485,1.08923,1.07982,1.07963,0.00941012
27.49,1.09654,1.07971,1.07952,0.0168333
27.495,1.08855,1.0796,1.07942,0.00894527
27.5,1.0847,1.0795,1.07931,0.0052065
27.505,1.07603,1.07939,1.0792,-0.00335477
27.51,1.06687,1.07928,1.07909,-0.012408
27.515,1.06391,1.07918,1.07899,-0.0152656
27.52,1.07199,1.07907,1.07888,-0.00708235
27.525,1.08428,1.07896,1.07877,0.00531435
27.53,1.088,1.07885,1.07867,0.00914607
27.535,1.0927,1.07875,1.07856,0.0139527
27.54,1.10875,1.07864,1.07845,0.0301123
27.545,1.11466,1.07853,1.07834,0.0361253
27.55,1.10216,1.07843,1.07824,0.0237323
27.555,1.08144,1.07832,1.07813,0.0031228
27.56,1.06032,1.07821,1.07802,-0.0178873
27.565,1.05001,1.0781,1.07791,-0.0280919
27.57,1.04207,1.078,1.07781,-0.0359296
27.575,1.04906,1.07789,1.0777,-0.0288325
27.58,1.04821,1.07778,1.07759,-0.0295711
27.585,1.04289,1.07767,1.07748,-0.0347799
27.59,1.05598,1.07757,1.07738,-0.0215849
27.595,1.0603,1.07746,1.07727,-0.0171596
27.6,1.05089,1.07735,1.07716,-0.0264565
27.605,1.05274,1.07724,1.07705,-0.024502
27.61,1.0594,1.07713,1.07694,-0.0177349
27.615,1.07408,1.07703,1.07684,-0.00294815
27.62,1.06965,1.07692,1.07673,-0.00726915
27.625,1.05224,1.07681,1.07662,-0.0245735
27.63,1.043,1.0767,1.07651,-0.0337067
27.635,1.05531,1.07659,1.0764,-0.0212828
27.64,1.05899,1.07649,1.0763,-0.0174975
27.645,1.05381,1.07638,1.07619,-0.0225716
27.65,1.05269,1.07627,1.07608,-0.0235804
27.655,1.03689,1.07616,1.07597,-0.0392699
27.66,1.04569,1.07605,1.07586,-0.0303666
27.665,1.04412,1.07595,1.07575,-0.0318243
27.67,1.03713,1.07584,1.07565,-0.0387107
27.675,1.02725,1.07573,1.07554,-0.0484779
27.68,1.02503,1.07562,1.07543,-0.0505949
27.685,1.02709,1.07551,1.07532,-0.0484264
27.69,1.03165,1.0754,1.07521,-0.0437508
27.695,1.04099,1.0753,1.0751,-0.0343022
27.7,1.04628,1.07519,1.075,-0.0289106
27.705,1.04271,1.07508,1.07489,-0.0323705
27.71,1.03945,1.07497,1.07478,-0.0355253
27.715,1.03353,1.07486,1.07467,-0.0413351
27.72,1.04003,1.07475,1.07456,-0.034719
27.725,1.03022,1.07464,1.07445,-0.0444282
27.73,1.01289,1.07454,1.07434,-0.061642
27.735,1.00167,1.07443,1.07423,-0.0727595
27.74,1.01309,1.07432,1.07413,-0.0612268
27.745,1.02372,1.07421,1.07402,-0.050493
27.75,1.02871,1.0741,1.07391,-0.0453907
27.755,1.03952,1.07399,1.0738,-0.0344732
27.76,1.03753,1.07388,1.07369,-0.0363542
27.765,1.038,1.07377,1.07358,-0.0357754
27.77,1.04245,1.07367,1.07347,-0.0312124
27.775,1.05024,1.07356,1.07336,-0.023315
27.78,1.08289,1.07345,1.07325,0.00944755
27.785,1.09084,1.07334,1.07314,0.0175033
27.79,1.09006,1.07323,1.07304,0.0168287
27.795,1.08234,1.07312,1.07293,0.0092191
27.8,1.079,1.07301,1.07282,0.00598649
27.805,1.06835,1.0729,1.07271,-0.0045483
27.81,1.06322,1.07279,1.0726,-0.00957528
27.815,1.04129,1.07268,1.07249,-0.0313932
27.82,1.02888,1.07257,1.07238,-0.0436971
27.825,1.0328,1.07246,1.07227,-0.0396638
27.83,1.05137,1.07235,1.07216,-0.0209807
27.835,1.06587,1.07225,1.07205,-0.00637257
27.84,1.06253,1.07214,1.07194,-0.00960533
27.845,1.05183,1.07203,1.07183,-0.020193
27.85,1.05116,1.07192,1.07172,-0.0207592
27.855,1.06264,1.07181,1.07161,-0.00916904
27.86,1.06365,1.0717,1.0715,-0.00805043
27.865,1.05694,1.07159,1.07139,-0.0146511
27.87,1.04562,1.07148,1.07128,-0.02586
27.875,1.03984,1.07137,1.07117,-0.0315298
27.88,1.03879,1.07126,1.07106,-0.032473
27.885,1.03451,1.07115,1.07095,-0.0366437
27.89,1.03017,1.07104,1.07084,-0.0408731
27.895,1.02661,1.07093,1.07073,-0.0443221
27.9,1.02636,1.07082,1.07062,-0.0444582
27.905,1.02662,1.07071,1.07051,-0.0440887
27.91,1.01223,1.0706,1.0704,-0.0583668
27.915,0.997993,1.07049,1.07029,-0.072496
27.92,0.996943,1.07038,1.07018,-0.0734362
27.925,0.998301,1.07027,1.07007,-0.0719678
27.93,1.00315,1.07016,1.06996,-0.0670121
27.935,1.01666,1.07005,1.06985,-0.0533933
27.94,1.01222,1.06994,1.06974,-0.0577165
27.945,1.02187,1.06983,1.06963,-0.0479625
27.95,1.02411,1.06972,1.06952,-0.045611
27.955,1.02667,1.06961,1.06941,-0.042933
27.96,1.03433,1.0695,1.0693,-0.0351701
27.965,1.02879,1.06939,1.06919,-0.0406018
27.97,1.03988,1.06928,1.06908,-0.029397
27.975,1.04823,1.06917,1.06897,-0.0209329
27.98,1.05218,1.06906,1.06886,-0.0168788
27.985,1.05103,1.06895,1.06875,-0.0179107
27.99,1.04062,1.06883,1.06864,-0.0282139
27.995,1.03112,1.06872,1.06853,-0.0376074
28,1.02919,1.06861,1.06841,-0.0394272
28.005,1.02412,1.0685,1.0683,-0.0443844
28.01,1.02676,1.06839,1.06819,-0.0416294
28.015,1.01718,1.06828,1.06808,-0.0510983
28.02,1.01159,1.06817,1.06797,-0.0565838
28.025,1.01195,1.06806,1.06786,-0.0561144
28.03,1.02481,1.06795,1.06775,-0.0431432
28.035,1.04795,1.06784,1.06764,-0.0198844
28.04,1.06726,1.06773,1.06753,-0.000466106
28.045,1.07397,1.06762,1.06742,0.00635831
28.05,1.06418,1.06751,1.06731,-0.00332204
28.055,1.05152,1.06739,1.06719,-0.0158729
28.06,1.04309,1.06728,1.06708,-0.0241932
28.065,1.03813,1.06717,1.06697,-0.0290465
28.07,1.03087,1.06706,1.06686,-0.0361918
28.075,1.02406,1.06695,1.06675,-0.0428929
28.08,1.01825,1.06684,1.06664,-0.0485936
28.085,1.02146,1.06673,1.06653,-0.0452636
28.09,1.021,1.06662,1.06642,-0.0456198
28.095,1.03106,1.06651,1.0663,-0.0354463
28.1,1.03341,1.06639,1.06619,-0.0329859
28.105,1.03193,1.06628,1.06608,-0.0343486
28.11,1.02199,1.06617,1.06597,-0.0441837
28.115,1.01355,1.06606,1.06586,-0.0525057
28.12,1.02491,1.06595,1.06575,-0.0410355
28.125,1.02648,1.06584,1.06564,-0.0393546
28.13,1.02708,1.06573,1.06552,-0.0386412
28.135,1.02228,1.06561,1.06541,-0.0433318
28.14,1.01807,1.0655,1.0653,-0.0474298
28.145,1.01916,1.06539,1.06519,-0.0462355
28.15,1.02061,1.06528,1.06508,-0.0446735
28.155,1.02172,1.06517,1.06496,-0.043447
28.16,1.03486,1.06506,1.06485,-0.0301985
28.165,1.04262,1.06494,1.06474,-0.0223232
28.17,1.04737,1.06483,1.06463,-0.0174572
28.175,1.04562,1.06472,1.06452,-0.0190992
28.18,1.03262,1.06461,1.06441,-0.0319868
28.185,1.0234,1.0645,1.06429,-0.0410989
28.19,1.00705,1.06438,1.06418,-0.0573317
28.195,0.999745,1.06427,1.06407,-0.064528
28.2,1.00618,1.06416,1.06396,-0.057985
28.205,1.00879,1.06405,1.06384,-0.0552602
28.21,1.00397,1.06394,1.06373,-0.0599619
28.215,1.00881,1.06382,1.06362,-0.0550123
28.22,1.02178,1.06371,1.06351,-0.0419282
28.225,1.04444,1.0636,1.0634,-0.0191629
28.23,1.06133,1.06349,1.06328,-0.0021574
28.235,1.06295,1.06338,1.06317,-0.000422145
28.24,1.0627,1.06326,1.06306,-0.000561973
28.245,1.05076,1.06315,1.06295,-0.0123951
28.25,1.03963,1.06304,1.06283,-0.0234069
28.255,1.0348,1.06293,1.06272,-0.0281302
28.26,1.02679,1.06281,1.06261,-0.036026
28.265,1.02332,1.0627,1.0625,-0.0393823
28.27,1.03442,1.06259,1.06238,-0.028165
28.275,1.03349,1.06248,1.06227,-0.0289898
28.28,1.03804,1.06236,1.06216,-0.0243263
28.285,1.0424,1.06225,1.06205,-0.0198565
28.29,1.04293,1.06214,1.06193,-0.0192089
28.295,1.04189,1.06203,1.06182,-0.02014
28.3,1.02952,1.06191,1.06171,-0.0323966
28.305,1.02224,1.0618,1.06159,-0.039559
28.31,1.01469,1.06169,1.06148,-0.0469986
28.315,1.01324,1.06158,1.06137,-0.0483307
28.32,1.00366,1.06146,1.06126,-0.0578008
28.325,0.991233,1.06135,1.06114,-0.0701174
28.33,0.990151,1.06124,1.06103,-0.071086
28.335,0.984434,1.06112,1.06092,-0.0766904
28.34,0.993048,1.06101,1.0608,-0.067963
28.345,0.994212,1.0609,1.06069,-0.0666861
28.35,0.999859,1.06079,1.06058,-0.0609263
28.355,1.00387,1.06067,1.06046,-0.0568036
28.36,1.01948,1.06056,1.06035,-0.0410794
28.365,1.03965,1.06045,1.06024,-0.0207931
28.37,1.0358,1.06033,1.06012,-0.0245352
28.375,1.02738,1.06022,1.06001,-0.032844
28.38,1.01614,1.06011,1.0599,-0.0439645
28.385,1.00042,1.05999,1.05978,-0.0595775
28.39,1.00815,1.05988,1.05967,-0.051728
28.395,1.00023,1.05977,1.05956,-0.0595378
28.4,0.995416,1.05965,1.05944,-0.0642375
28.405,0.986617,1.05954,1.05933,-0.0729236
28.41,0.981941,1.05943,1.05922,-0.0774862
28.415,0.993671,1.05931,1.0591,-0.0656422
28.42,0.989716,1.0592,1.05899,-0.0694845
28.425,0.989413,1.05909,1.05888,-0.0696732
28.43,0.979431,1.05897,1.05876,-0.0795425
28.435,0.978001,1.05886,1.05865,-0.080859
28.44,0.991605,1.05875,1.05854,-0.0671409
28.445,1.00732,1.05863,1.05842,-0.0513139
28.45,1.00937,1.05852,1.05831,-0.0491526
28.455,1.01538,1.05841,1.05819,-0.0430288
28.46,1.00733,1.05829,1.05808,-0.0509654
28.465,0.999672,1.05818,1.05797,-0.0585053
28.47,1.00386,1.05806,1.05785,-0.0542053
28.475,1.00545,1.05795,1.05774,-0.0524997
28.48,1.01725,1.05784,1.05762,-0.0405825
28.485,1.04024,1.05772,1.05751,-0.01748
28.49,1.0625,1.05761,1.0574,0.00489408
28.495,1.07602,1.05749,1.05728,0.0185265
28.5,1.06618,1.05738,1.05717,0.00879997
28.505,1.0329,1.05727,1.05705,-0.0243624
28.51,1.01468,1.05715,1.05694,-0.0424677
28.515,1.01759,1.05704,1.05683,-0.0394448
28.52,1.02438,1.05692,1.05671,-0.0325423
28.525,1.02501,1.05681,1.0566,-0.031802
28.53,1.01043,1.0567,1.05648,-0.0462687
28.535,1.00102,1.05658,1.05637,-0.0555603
28.54,1.00692,1.05647,1.05625,-0.0495513
28.545,1.00653,1.05635,1.05614,-0.0498264
28.55,1.01232,1.05624,1.05603,-0.0439193
28.555,1.00686,1.05612,1.05591,-0.049262
28.56,1.00244,1.05601,1.0558,-0.0535712
28.565,0.989617,1.0559,1.05568,-0.0662789
28.57,0.985824,1.05578,1.05557,-0.0699579
28.575,0.995195,1.05567,1.05545,-0.0604724
28.58,1.01476,1.05555,1.05534,-0.0407952
28.585,1.02381,1.05544,1.05522,-0.031625
28.59,1.01357,1.05532,1.05511,-0.0417539
28.595,1.0042,1.05521,1.05499,-0.0510126
28.6,0.995559,1.05509,1.05488,-0.0595356
28.605,0.969869,1.05498,1.05476,-0.0851109
28.61,0.950832,1.05487,1.05465,-0.104033
28.615,0.940187,1.05475,1.05453,-0.114564
28.62,0.948096,1.05464,1.05442,-0.10654
28.625,0.962969,1.05452,1.05431,-0.0915525
28.63,0.975653,1.05441,1.05419,-0.0787533
28.635,0.974179,1.05429,1.05408,-0.0801123
28.64,0.974142,1.05418,1.05396,-0.0800344
28.645,0.974203,1.05406,1.05385,-0.0798587
28.65,0.980239,1.05395,1.05373,-0.0737076
28.655,0.989873,1.05383,1.05362,-0.0639595
28.66,0.972057,1.05372,1.0535,-0.0816599
28.665,0.975379,1.0536,1.05338,-0.0782232
28.67,0.97116,1.05349,1.05327,-0.0823268
28.675,0.972241,1.05337,1.05315,-0.0811309
28.68,0.967135,1.05326,1.05304,-0.0861218
28.685,0.963916,1.05314,1.05292,-0.0892261
28.69,0.972797,1.05303,1.05281,-0.0802302
28.695,0.973445,1.05291,1.05269,-0.0794662
28.7,0.977245,1.0528,1.05258,-0.0755515
28.705,0.976395,1.05268,1.05246,-0.0762865
28.71,0.979408,1.05257,1.05235,-0.0731579
28.715,0.994664,1.05245,1.05223,-0.0577865
28.72,1.0007,1.05234,1.05212,-0.0516336
28.725,1.00351,1.05222,1.052,-0.0487131
28.73,1.00646,1.0521,1.05189,-0.0456464
28.735,1.0021,1.05199,1.05177,-0.0498903
28.74,0.992957,1.05187,1.05165,-0.0589163
28.745,0.97925,1.05176,1.05154,-0.0725077
28.75,0.984719,1.05164,1.05142,-0.0669235
28.755,0.985167,1.05153,1.05131,-0.06636
28.76,0.974476,1.05141,1.05119,-0.0769357
28.765,0.949188,1.0513,1.05108,-0.102108
28.77,0.939246,1.05118,1.05096,-0.111934
28.775,0.954495,1.05106,1.05084,-0.0965692
28.78,0.983751,1.05095,1.05073,-0.0671976
28.785,1.00658,1.05083,1.05061,-0.0442565
28.79,1.00241,1.05072,1.0505,-0.0483088
28.795,0.991346,1.0506,1.05038,-0.0592552
28.8,0.97713,1.05049,1.05026,-0.0733558
28.805,0.97044,1.05037,1.05015,-0.0799302
28.81,0.969185,1.05025,1.05003,-0.0810694
28.815,0.956731,1.05014,1.04992,-0.0934069
28.82,0.945666,1.05002,1.0498,-0.104357
28.825,0.938075,1.04991,1.04968,-0.111831
28.83,0.94972,1.04979,1.04957,-0.10007
28.835,0.977321,1.04967,1.04945,-0.0723532
28.84,0.995071,1.04956,1.04934,-0.0544875
28.845,0.995749,1.04944,1.04922,-0.0536934
28.85,0.982073,1.04933,1.0491,-0.0672528
28.855,0.979637,1.04921,1.04899,-0.0695726
28.86,0.976582,1.04909,1.04887,-0.0725116
28.865,0.969332,1.04898,1.04875,-0.0796455
28.87,0.963701,1.04886,1.04864,-0.0851599
28.875,0.960873,1.04875,1.04852,-0.087872
28.88,0.957865,1.04863,1.0484,-0.0907639
28.885,0.957935,1.04851,1.04829,-0.0905777
28.89,0.953758,1.0484,1.04817,-0.0946383
28.895,0.960849,1.04828,1.04805,-0.0874306
28.9,0.975713,1.04816,1.04794,-0.0724502
28.905,0.985763,1.04805,1.04782,-0.0622838
28.91,0.997522,1.04793,1.0477,-0.0504122
28.915,1.00925,1.04782,1.04759,-0.038568
28.92,1.01029,1.0477,1.04747,-0.0374066
28.925,1.01474,1.04758,1.04735,-0.0328445
28.93,1.00506,1.04747,1.04724,-0.0424083
28.935,0.990942,1.04735,1.04712,-0.0564092
28.94,0.987405,1.04723,1.047,-0.0598292
28.945,0.990845,1.04712,1.04689,-0.0562733
28.95,1.00305,1.047,1.04677,-0.0439543
28.955,0.999621,1.04688,1.04665,-0.0472635
28.96,0.993291,1.04677,1.04654,-0.0534772
28.965,0.994719,1.04665,1.04642,-0.051932
28.97,0.992381,1.04653,1.0463,-0.0541536
28.975,0.982366,1.04642,1.04619,-0.0640515
28.98,0.942391,1.0463,1.04607,-0.103909
28.985,0.930789,1.04618,1.04595,-0.115394
28.99,0.9326,1.04607,1.04583,-0.113467
28.995,0.945097,1.04595,1.04572,-0.100853
29,0.949754,1.04583,1.0456,-0.0960786
29.005,0.960923,1.04572,1.04548,-0.0847928
29.01,0.96308,1.0456,1.04537,-0.0825185
29.015,0.955151,1.04548,1.04525,-0.0903305
29.02,0.945721,1.04536,1.04513,-0.0996438
29.025,0.951659,1.04525,1.04501,-0.0935885
29.03,0.963161,1.04513,1.0449,-0.0819688
29.035,0.975485,1.04501,1.04478,-0.0695285
29.04,0.955484,1.0449,1.04466,-0.0894118
29.045,0.94404,1.04478,1.04454,-0.100738
29.05,0.949959,1.04466,1.04443,-0.0947018
29.055,0.972746,1.04454,1.04431,-0.0717984
29.06,1.00353,1.04443,1.04419,-0.0408939
29.065,1.01854,1.04431,1.04407,-0.0257691
29.07,0.995528,1.04419,1.04396,-0.0486637
29.075,0.980129,1.04407,1.04384,-0.063945
29.08,0.966557,1.04396,1.04372,-0.0774004
29.085,0.955611,1.04384,1.0436,-0.0882282
29.09,0.945861,1.04372,1.04349,-0.0978614
29.095,0.924251,1.0436,1.04337,-0.119353
29.1,0.926841,1.04349,1.04325,-0.116646
29.105,0.947235,1.04337,1.04313,-0.0961347
29.11,0.956169,1.04325,1.04302,-0.0870831
29.115,0.953571,1.04313,1.0429,-0.0895627
29.12,0.947236,1.04302,1.04278,-0.09578
29.125,0.954909,1.0429,1.04266,-0.08799
29.13,0.94825,1.04278,1.04254,-0.0945313
29.135,0.947905,1.04266,1.04243,-0.0947579
29.14,0.946431,1.04255,1.04231,-0.0961145
29.145,0.943848,1.04243,1.04219,-0.0985792
29.15,0.949916,1.04231,1.04207,-0.0923937
29.155,0.943629,1.04219,1.04195,-0.0985633
29.16,0.959588,1.04207,1.04184,-0.0824857
29.165,0.966707,1.04196,1.04172,-0.0752496
29.17,0.970807,1.04184,1.0416,-0.0710311
29.175,0.970227,1.04172,1.04148,-0.0714937
29.18,0.954954,1.0416,1.04136,-0.0866486
29.185,0.948763,1.04148,1.04124,-0.0927214
29.19,0.928499,1.04137,1.04113,-0.112867
29.195,0.921045,1.04125,1.04101,-0.120203
29.2,0.929194,1.04113,1.04089,-0.111936
29.205,0.928922,1.04101,1.04077,-0.11209
29.21,0.935839,1.04089,1.04065,-0.105055
29.215,0.933259,1.04078,1.04053,-0.107517
29.22,0.936439,1.04066,1.04042,-0.104218
29.225,0.942889,1.04054,1.0403,-0.0976503
29.23,0.94982,1.04042,1.04018,-0.0906002
29.235,0.955849,1.0403,1.04006,-0.0844529
29.24,0.966162,1.04018,1.03994,-0.0740216
29.245,0.973407,1.04007,1.03982,-0.0666585
29.25,0.9808,1.03995,1.03971,-0.0591471
29.255,0.989598,1.03983,1.03959,-0.0502313
29.26,0.991035,1.03971,1.03947,-0.0486753
29.265,0.975406,1.03959,1.03935,-0.0641855
29.27,0.97476,1.03947,1.03923,-0.0647135
29.275,0.972054,1.03935,1.03911,-0.0673008
29.28,0.985045,1.03924,1.03899,-0.0541909
29.285,0.993051,1.03912,1.03887,-0.0460669
29.29,0.976807,1.039,1.03876,-0.0621921
29.295,0.95906,1.03888,1.03864,-0.0798201
29.3,0.937474,1.03876,1.03852,-0.101288
29.305,0.942601,1.03864,1.0384,-0.0960422
29.31,0.943985,1.03852,1.03828,-0.0945392
29.315,0.939627,1.03841,1.03816,-0.0987784
29.32,0.948163,1.03829,1.03804,-0.0901241
29.325,0.960568,1.03817,1.03792,-0.0775997
29.33,0.97494,1.03805,1.0378,-0.0631092
29.335,0.971793,1.03793,1.03769,-0.0661377
29.34,0.971004,1.03781,1.03757,-0.066808
29.345,0.976092,1.03769,1.03745,-0.0616011
29.35,0.998055,1.03757,1.03733,-0.039519
29.355,1.00104,1.03745,1.03721,-0.0364163
29.36,0.998385,1.03734,1.03709,-0.0389511
29.365,0.985598,1.03722,1.03697,-0.0516185
29.37,0.98639,1.0371,1.03685,-0.0507078
29.375,0.988374,1.03698,1.03673,-0.0486052
29.38,0.984904,1.03686,1.03661,-0.0519558
29.385,0.959147,1.03674,1.03649,-0.0775938
29.39,0.956531,1.03662,1.03637,-0.0800899
29.395,0.964353,1.0365,1.03625,-0.0721491
29.4,0.956989,1.03638,1.03613,-0.0793939
29.405,0.952067,1.03626,1.03602,-0.0841971
29.41,0.925594,1.03614,1.0359,-0.11055
29.415,0.921188,1.03603,1.03578,-0.114837
29.42,0.938176,1.03591,1.03566,-0.0977302
29.425,0.946167,1.03579,1.03554,-0.0896201
29.43,0.946831,1.03567,1.03542,-0.0888365
29.435,0.941443,1.03555,1.0353,-0.0941048
29.44,0.950157,1.03543,1.03518,-0.0852711
29.445,0.959453,1.03531,1.03506,-0.0758565
29.45,0.955506,1.03519,1.03494,-0.0796835
29.455,0.978311,1.03507,1.03482,-0.0567592
29.46,0.981431,1.03495,1.0347,-0.0535199
29.465,0.981606,1.03483,1.03458,-0.053225
29.47,0.965051,1.03471,1.03446,-0.0696606
29.475,0.952291,1.03459,1.03434,-0.0823008
29.48,0.971217,1.03447,1.03422,-0.0632555
29.485,0.986578,1.03435,1.0341,-0.0477746
29.49,0.986948,1.03423,1.03398,-0.0472851
29.495,0.982515,1.03411,1.03386,-0.0515981
29.5,0.988522,1.03399,1.03374,-0.045472
29.505,1.00376,1.03387,1.03362,-0.0301135
29.51,0.989021,1.03375,1.0335,-0.0447331
29.515,0.95942,1.03363,1.03338,-0.0742141
29.52,0.946744,1.03351,1.03326,-0.086771
29.525,0.945191,1.03339,1.03314,-0.0882039
29.53,0.948175,1.03327,1.03302,-0.0851
29.535,0.952231,1.03315,1.0329,-0.0809236
29.54,0.954626,1.03304,1.03278,-0.0784087
29.545,0.955817,1.03292,1.03266,-0.077098
29.55,0.943747,1.0328,1.03254,-0.0890481
29.555,0.925479,1.03268,1.03242,-0.107196
29.56,0.921182,1.03256,1.0323,-0.111373
29.565,0.924882,1.03244,1.03218,-0.107553
29.57,0.940691,1.03231,1.03206,-0.0916237
29.575,0.943643,1.03219,1.03194,-0.0885515
29.58,0.934419,1.03207,1.03182,-0.0976556
29.585,0.929977,1.03195,1.0317,-0.101978
29.59,0.935468,1.03183,1.03158,-0.0963669
29.595,0.948088,1.03171,1.03146,-0.0836259
29.6,0.943651,1.03159,1.03134,-0.087943
29.605,0.932103,1.03147,1.03122,-0.0993711
29.61,0.941492,1.03135,1.0311,-0.0898616
29.615,0.94826,1.03123,1.03098,-0.0829732
29.62,0.93851,1.03111,1.03086,-0.0926031
29.625,0.923555,1.03099,1.03073,-0.107437
29.63,0.930971,1.03087,1.03061,-0.0999012
29.635,0.940928,1.03075,1.03049,-0.0898238
29.64,0.95093,1.03063,1.03037,-0.0797012
29.645,0.930393,1.03051,1.03025,-0.100118
29.65,0.924669,1.03039,1.03013,-0.105721
29.655,0.953387,1.03027,1.03001,-0.0768826
29.66,0.974735,1.03015,1.02989,-0.0554143
29.665,0.988355,1.03003,1.02977,-0.0416735
29.67,0.985133,1.02991,1.02965,-0.0447756
29.675,0.96044,1.02979,1.02953,-0.0693472
29.68,0.950643,1.02967,1.02941,-0.0790243
29.685,0.939481,1.02955,1.02929,-0.0900655
29.69,0.934522,1.02943,1.02916,-0.0949041
29.695,0.948345,1.02931,1.02904,-0.0809599
29.7,0.958835,1.02918,1.02892,-0.0703493
29.705,0.951989,1.02906,1.0288,-0.0770743
29.71,0.930932,1.02894,1.02868,-0.0980113
29.715,0.91811,1.02882,1.02856,-0.110712
29.72,0.911859,1.0287,1.02844,-0.116843
29.725,0.936251,1.02858,1.02832,-0.0923293
29.73,0.953277,1.02846,1.0282,-0.075183
29.735,0.96638,1.02834,1.02808,-0.0619589
29.74,0.97274,1.02822,1.02795,-0.0554774
29.745,0.964232,1.0281,1.02783,-0.0638649
29.75,0.960787,1.02798,1.02771,-0.0671886
29.755,0.955672,1.02785,1.02759,-0.0721824
29.76,0.943994,1.02773,1.02747,-0.0837395
29.765,0.941344,1.02761,1.02735,-0.0862683
29.77,0.931907,1.02749,1.02723,-0.0955843
29.775,0.911338,1.02737,1.02711,-0.116032
29.78,0.928391,1.02725,1.02698,-0.0988587
29.785,0.937518,1.02713,1.02686,-0.0896099
29.79,0.952012,1.02701,1.02674,-0.0749953
29.795,0.956141,1.02689,1.02662,-0.0707453
29.8,0.960467,1.02676,1.0265,-0.0662983
29.805,0.970943,1.02664,1.02638,-0.0557003
29.81,0.9641,1.02652,1.02626,-0.0624224
29.815,0.956788,1.0264,1.02613,-0.0696132
29.82,0.947274,1.02628,1.02601,-0.0790055
29.825,0.942702,1.02616,1.02589,-0.0834565
29.83,0.934628,1.02604,1.02577,-0.0914087
29.835,0.927328,1.02592,1.02565,-0.0985875
29.84,0.928876,1.02579,1.02553,-0.0969182
29.845,0.935159,1.02567,1.0254,-0.0905136
29.85,0.920868,1.02555,1.02528,-0.104684
29.855,0.914638,1.02543,1.02516,-0.110792
29.86,0.914591,1.02531,1.02504,-0.110717
29.865,0.922555,1.02519,1.02492,-0.102632
29.87,0.933634,1.02507,1.0248,-0.0914314
29.875,0.937392,1.02494,1.02467,-0.0875519
29.88,0.931379,1.02482,1.02455,-0.0934435
29.885,0.94171,1.0247,1.02443,-0.0829907
29.89,0.95051,1.02458,1.02431,-0.0740689
29.895,0.973902,1.02446,1.02419,-0.0505554
29.9,0.978512,1.02434,1.02406,-0.0458233
29.905,0.974061,1.02421,1.02394,-0.0501525
29.91,0.963263,1.02409,1.02382,-0.0608293
29.915,0.946132,1.02397,1.0237,-0.0778387
29.92,0.944652,1.02385,1.02358,-0.0791966
29.925,0.947885,1.02373,1.02345,-0.0758423
29.93,0.951601,1.02361,1.02333,-0.0720045
29.935,0.958958,1.02348,1.02321,-0.0645253
29.94,0.952407,1.02336,1.02309,-0.070954
29.945,0.963813,1.02324,1.02297,-0.0594267
29.95,0.971139,1.02312,1.02284,-0.0519788
29.955,0.969392,1.023,1.02272,-0.0536037
29.96,0.95556,1.02287,1.0226,-0.0673134
29.965,0.939187,1.02275,1.02248,-0.0835652
29.97,0.953538,1.02263,1.02236,-0.0690917
29.975,0.971047,1.02251,1.02223,-0.0514609
29.98,0.967516,1.02239,1.02211,-0.0548701
29.985,0.941615,1.02226,1.02199,-0.080649
29.99,0.936881,1.02214,1.02187,-0.0852604
29.995,0.942937,1.02202,1.02174,-0.079082
30,0.959504,1.0219,1.02162,-0.0623933
30.005,0.962179,1.02178,1.0215,-0.0595964
30.01,0.951907,1.02165,1.02138,-0.0697463
30.015,0.946234,1.02153,1.02125,-0.0752969
30.02,0.938028,1.02141,1.02113,-0.0833803
30.025,0.942538,1.02129,1.02101,-0.0787479
30.03,0.954577,1.02116,1.02089,-0.0665866
30.035,0.945178,1.02104,1.02076,-0.0758632
30.04,0.92739,1.02092,1.02064,-0.0935294
30.045,0.933152,1.0208,1.02052,-0.0876449
30.05,0.938009,1.02067,1.0204,-0.0826657
30.055,0.952029,1.02055,1.02027,-0.0685232
30.06,0.962748,1.02043,1.02015,-0.0576816
30.065,0.969918,1.02031,1.02003,-0.0503894
30.07,0.983569,1.02018,1.01991,-0.0366155
30.075,0.963923,1.02006,1.01978,-0.0561394
30.08,0.943042,1.01994,1.01966,-0.0768974
30.085,0.924757,1.01982,1.01954,-0.0950604
30.09,0.915475,1.01969,1.01941,-0.10422
30.095,0.909972,1.01957,1.01929,-0.1096
30.1,0.908229,1.01945,1.01917,-0.111221
30.105,0.916006,1.01933,1.01905,-0.103321
30.11,0.932978,1.0192,1.01892,-0.0862266
30.115,0.946848,1.01908,1.0188,-0.0722333
30.12,0.962541,1.01896,1.01868,-0.0564177
30.125,0.969356,1.01884,1.01855,-0.0494803
30.13,0.96285,1.01871,1.01843,-0.0558637
30.135,0.958299,1.01859,1.01831,-0.0602923
30.14,0.944347,1.01847,1.01818,-0.0741214
30.145,0.937983,1.01835,1.01806,-0.0803622
30.15,0.938774,1.01822,1.01794,-0.0794482
30.155,0.929701,1.0181,1.01782,-0.0883985
30.16,0.926453,1.01798,1.01769,-0.0915236
30.165,0.926304,1.01785,1.01757,-0.0915503
30.17,0.920164,1.01773,1.01745,-0.0975675
30.175,0.910313,1.01761,1.01732,-0.107295
30.18,0.904791,1.01749,1.0172,-0.112694
30.185,0.90842,1.01736,1.01708,-0.108942
30.19,0.932265,1.01724,1.01695,-0.0849747
30.195,0.952262,1.01712,1.01683,-0.0648538
30.2,0.954657,1.01699,1.01671,-0.0623358
30.205,0.942871,1.01687,1.01658,-0.073999
30.21,0.918742,1.01675,1.01646,-0.098005
30.215,0.90751,1.01662,1.01634,-0.109114
30.22,0.912374,1.0165,1.01621,-0.104127
30.225,0.916453,1.01638,1.01609,-0.0999247
30.23,0.915434,1.01625,1.01597,-0.100821
30.235,0.906397,1.01613,1.01584,-0.109735
30.24,0.911541,1.01601,1.01572,-0.104467
30.245,0.923286,1.01588,1.0156,-0.0925986
30.25,0.92811,1.01576,1.01547,-0.0876519
30.255,0.92141,1.01564,1.01535,-0.0942284
30.26,0.92225,1.01552,1.01522,-0.0932652
30.265,0.933796,1.01539,1.0151,-0.0815959
30.27,0.932846,1.01527,1.01498,-0.0824227
30.275,0.937392,1.01515,1.01485,-0.0777527
30.28,0.927875,1.01502,1.01473,-0.0871468
30.285,0.932836,1.0149,1.01461,-0.0820626
30.29,0.941382,1.01477,1.01448,-0.0733933
30.295,0.942569,1.01465,1.01436,-0.0720827
30.3,0.933657,1.01453,1.01424,-0.0808708
30.305,0.935225,1.0144,1.01411,-0.0791794
30.31,0.942609,1.01428,1.01399,-0.0716717
30.315,0.947034,1.01416,1.01386,-0.067124
30.32,0.940288,1.01403,1.01374,-0.0737465
30.325,0.948933,1.01391,1.01362,-0.0649775
30.33,0.950533,1.01379,1.01349,-0.0632544
30.335,0.97296,1.01366,1.01337,-0.0407033
30.34,0.975714,1.01354,1.01324,-0.0378253
30.345,0.977665,1.01342,1.01312,-0.0357513
30.35,0.971019,1.01329,1.013,-0.0422737
30.355,0.952649,1.01317,1.01287,-0.0605193
30.36,0.935707,1.01304,1.01275,-0.077338
30.365,0.931645,1.01292,1.01262,-0.0812765
30.37,0.93257,1.0128,1.0125,-0.0802278
30.375,0.934459,1.01267,1.01238,-0.0782149
30.38,0.936443,1.01255,1.01225,-0.0761067
30.385,0.940757,1.01243,1.01213,-0.0716688
30.39,0.954289,1.0123,1.012,-0.0580136
30.395,0.951577,1.01218,1.01188,-0.0606018
30.4,0.952356,1.01205,1.01176,-0.0596989
30.405,0.94039,1.01193,1.01163,-0.0715406
30.41,0.920273,1.01181,1.01151,-0.0915333
30.415,0.882454,1.01168,1.01138,-0.129229
30.42,0.858383,1.01156,1.01126,-0.153176
30.425,0.84776,1.01143,1.01113,-0.163675
30.43,0.854477,1.01131,1.01101,-0.156834
30.435,0.888149,1.01119,1.01089,-0.123038
30.44,0.911603,1.01106,1.01076,-0.0994602
30.445,0.936021,1.01094,1.01064,-0.0749177
30.45,0.947753,1.01081,1.01051,-0.0630622
30.455,0.942453,1.01069,1.01039,-0.0682379
30.46,0.944368,1.01057,1.01026,-0.0661988
30.465,0.928948,1.01044,1.01014,-0.081494
30.47,0.922787,1.01032,1.01002,-0.0875308
30.475,0.938181,1.01019,1.00989,-0.072013
30.48,0.948601,1.01007,1.00977,-0.0614684
30.485,0.94862,1.00995,1.00964,-0.0613252
30.49,0.95016,1.00982,1.00952,-0.0596617
30.495,0.943297,1.0097,1.00939,-0.0663998
30.5,0.949523,1.00957,1.00927,-0.0600498
30.505,0.95364,1.00945,1.00914,-0.0558081
30.51,0.931517,1.00932,1.00902,-0.0778072
30.515,0.922891,1.0092,1.00889,-0.0863092
30.52,0.92464,1.00908,1.00877,-0.0844357
30.525,0.940145,1.00895,1.00864,-0.0688058
30.53,0.945143,1.00883,1.00852,-0.0636834
30.535,0.950444,1.0087,1.0084,-0.0582587
30.54,0.950659,1.00858,1.00827,-0.0579185
30.545,0.955428,1.00845,1.00815,-0.0530257
30.55,0.949407,1.00833,1.00802,-0.0589218
30.555,0.942334,1.0082,1.0079,-0.0658706
30.56,0.940623,1.00808,1.00777,-0.0674574
30.565,0.945237,1.00796,1.00765,-0.0627183
30.57,0.943427,1.00783,1.00752,-0.064404
30.575,0.941186,1.00771,1.0074,-0.0665203
30.58,0.941423,1.00758,1.00727,-0.0661587
30.585,0.943943,1.00746,1.00715,-0.0635144
30.59,0.932383,1.00733,1.00702,-0.0749491
30.595,0.94143,1.00721,1.0069,-0.0657783
30.6,0.945091,1.00708,1.00677,-0.061992
30.605,0.938389,1.00696,1.00665,-0.06857
30.61,0.957902,1.00683,1.00652,-0.0489319
30.615,0.975263,1.00671,1.0064,-0.0314458
30.62,0.982931,1.00658,1.00627,-0.023653
30.625,0.983905,1.00646,1.00615,-0.0225547
30.63,0.957633,1.00633,1.00602,-0.0487021
30.635,0.946294,1.00621,1.0059,-0.0599165
30.64,0.932448,1.00609,1.00577,-0.0736372
30.645,0.914476,1.00596,1.00565,-0.0914847
30.65,0.915134,1.00584,1.00552,-0.0907012
30.655,0.922013,1.00571,1.0054,-0.0836974
30.66,0.917429,1.00559,1.00527,-0.0881569
30.665,0.918299,1.00546,1.00515,-0.0871614
30.67,0.918531,1.00534,1.00502,-0.086805
30.675,0.919032,1.00521,1.00489,-0.0861786
30.68,0.903285,1.00509,1.00477,-0.101801
30.685,0.885393,1.00496,1.00464,-0.119568
30.69,0.870575,1.00484,1.00452,-0.134261
30.695,0.880121,1.00471,1.00439,-0.12459
30.7,0.897142,1.00459,1.00427,-0.107444
30.705,0.911351,1.00446,1.00414,-0.0931094
30.71,0.926445,1.00434,1.00402,-0.0778903
30.715,0.930353,1.00421,1.00389,-0.0738577
30.72,0.944408,1.00409,1.00377,-0.0596779
30.725,0.952134,1.00396,1.00364,-0.0518265
30.73,0.957476,1.00384,1.00352,-0.0463587
30.735,0.943796,1.00371,1.00339,-0.0599141
30.74,0.915906,1.00358,1.00326,-0.0876786
30.745,0.908042,1.00346,1.00314,-0.0954173
30.75,0.9065,1.00333,1.00301,-0.0968346
30.755,0.914257,1.00321,1.00289,-0.0889523
30.76,0.899863,1.00308,1.00276,-0.103221
30.765,0.893421,1.00296,1.00264,-0.109537
30.77,0.893844,1.00283,1.00251,-0.108989
30.775,0.907233,1.00271,1.00238,-0.0954744
30.78,0.920249,1.00258,1.00226,-0.0823331
30.785,0.930498,1.00246,1.00213,-0.071959
30.79,0.924698,1.00233,1.00201,-0.0776335
30.795,0.915907,1.00221,1.00188,-0.0862998
30.8,0.915305,1.00208,1.00176,-0.0867759
30.805,0.906315,1.00196,1.00163,-0.09564
30.81,0.907885,1.00183,1.0015,-0.0939448
30.815,0.908381,1.0017,1.00138,-0.0933238
30.82,0.908924,1.00158,1.00125,-0.092655
30.825,0.901872,1.00145,1.00113,-0.0995816
30.83,0.909162,1.00133,1.001,-0.0921663
30.835,0.911549,1.0012,1.00088,-0.0896535
30.84,0.926219,1.00108,1.00075,-0.0748579
30.845,0.930299,1.00095,1.00062,-0.0706519
30.85,0.918694,1.00083,1.0005,-0.0821317
30.855,0.921316,1.0007,1.00037,-0.0793844
30.86,0.917288,1.00057,1.00025,-0.0832862
30.865,0.927972,1.00045,1.00012,-0.0724764
30.87,0.925858,1.00032,0.999994,-0.0744647
30.875,0.922158,1.0002,0.999867,-0.0780397
30.88,0.913136,1.00007,0.999741,-0.086936
30.885,0.904112,0.999946,0.999615,-0.0958342
30.89,0.892942,0.99982,0.999489,-0.106878
30.895,0.885464,0.999695,0.999363,-0.114231
30.9,0.890257,0.999569,0.999237,-0.109312
30.905,0.911865,0.999443,0.999111,-0.0875778
30.91,0.91284,0.999317,0.998985,-0.0864768
30.915,0.917368,0.999191,0.998858,-0.0818235
30.92,0.915027,0.999066,0.998732,-0.084038
30.925,0.925451,0.99894,0.998606,-0.0734888
30.93,0.929418,0.998814,0.99848,-0.0693955
30.935,0.936372,0.998688,0.998353,-0.0623162
30.94,0.929626,0.998562,0.998227,-0.068936
30.945,0.94497,0.998436,0.998101,-0.0534659
30.95,0.931496,0.99831,0.997974,-0.0668144
30.955,0.913471,0.998184,0.997848,-0.0847134
30.96,0.901483,0.998058,0.997722,-0.096575
30.965,0.901237,0.997932,0.997595,-0.0966952
30.97,0.911198,0.997806,0.997469,-0.0866086
30.975,0.914247,0.99768,0.997343,-0.0834334
30.98,0.912248,0.997554,0.997216,-0.0853063
30.985,0.916944,0.997428,0.99709,-0.0804838
30.99,0.916527,0.997302,0.996963,-0.0807744
30.995,0.931617,0.997176,0.996837,-0.0655592
31,0.928613,0.99705,0.99671,-0.0684366
31.005,0.926225,0.996924,0.996584,-0.0706985
31.01,0.916092,0.996797,0.996457,-0.0807056
31.015,0.922493,0.996671,0.996331,-0.0741784
31.02,0.926259,0.996545,0.996204,-0.0702857
31.025,0.914545,0.996419,0.996077,-0.0818733
31.03,0.902483,0.996293,0.995951,-0.0938096
31.035,0.906486,0.996166,0.995824,-0.0896807
31.04,0.919304,0.99604,0.995698,-0.0767363
31.045,0.930017,0.995914,0.995571,-0.0658966
31.05,0.904763,0.995787,0.995444,-0.0910249
31.055,0.892786,0.995661,0.995317,-0.102875
31.06,0.893742,0.995535,0.995191,-0.101793
31.065,0.903348,0.995409,0.995064,-0.0920603
31.07,0.928037,0.995282,0.994937,-0.0672454
31.075,0.935203,0.995156,0.99481,-0.0599528
31.08,0.955518,0.995029,0.994684,-0.0395111
31.085,0.965222,0.994903,0.994557,-0.0296811
31.09,0.970222,0.994777,0.99443,-0.0245542
31.095,0.966864,0.99465,0.994303,-0.0277863
31.1,0.959977,0.994524,0.994176,-0.0345463
31.105,0.95493,0.994397,0.994049,-0.0394677
31.11,0.953909,0.994271,0.993923,-0.0403616
31.115,0.943419,0.994144,0.993796,-0.0507255
31.12,0.938652,0.994018,0.993669,-0.0553662
31.125,0.929773,0.993891,0.993542,-0.0641185
31.13,0.933207,0.993765,0.993415,-0.0605577
31.135,0.924214,0.993638,0.993288,-0.0694241
31.14,0.931083,0.993511,0.993161,-0.0624284
31.145,0.948029,0.993385,0.993034,-0.0453563
31.15,0.954578,0.993258,0.992907,-0.0386801
31.155,0.949888,0.993132,0.99278,-0.0432439
31.16,0.930192,0.993005,0.992653,-0.0628128
31.165,0.90896,0.992878,0.992526,-0.0839179
31.17,0.91291,0.992752,0.992399,-0.0798414
31.175,0.929511,0.992625,0.992271,-0.0631143
31.18,0.922205,0.992498,0.992144,-0.0702936
31.185,0.927,0.992371,0.992017,-0.0653714
31.19,0.931911,0.992245,0.99189,-0.0603336
31.195,0.944941,0.992118,0.991763,-0.0471766
31.2,0.958297,0.991991,0.991636,-0.0336942
31.205,0.953708,0.991864,0.991508,-0.0381562
31.21,0.944933,0.991738,0.991381,-0.0468041
31.215,0.95325,0.991611,0.991254,-0.0383604
31.22,0.959805,0.991484,0.991127,-0.0316784
31.225,0.957075,0.991357,0.990999,-0.0342816
31.23,0.954269,0.99123,0.990872,-0.0369607
31.235,0.936555,0.991103,0.990745,-0.054548
31.24,0.934515,0.990976,0.990617,-0.0564611
31.245,0.930953,0.990849,0.99049,-0.0598967
31.25,0.927574,0.990722,0.990363,-0.0631485
31.255,0.931842,0.990596,0.990235,-0.058754
31.26,0.942678,0.990469,0.990108,-0.0477904
31.265,0.958541,0.990342,0.98998,-0.0318006
31.27,0.954159,0.990215,0.989853,-0.0360558
31.275,0.93549,0.990088,0.989726,-0.0545975
31.28,0.921862,0.989961,0.989598,-0.0680985
31.285,0.905175,0.989833,0.989471,-0.0846588
31.29,0.900008,0.989706,0.989343,-0.0896983
31.295,0.913714,0.989579,0.989216,-0.0758652
31.3,0.9322,0.989452,0.989088,-0.057252
31.305,0.928791,0.989325,0.988961,-0.0605338
31.31,0.915001,0.989198,0.988833,-0.0741969
31.315,0.911701,0.989071,0.988705,-0.0773695
31.32,0.922847,0.988944,0.988578,-0.0660966
31.325,0.94457,0.988817,0.98845,-0.0442468
31.33,0.944387,0.988689,0.988323,-0.0443028
31.335,0.937328,0.988562,0.988195,-0.0512339
31.34,0.930771,0.988435,0.988067,-0.0576637
31.345,0.934783,0.988308,0.98794,-0.0535248
31.35,0.929934,0.988181,0.987812,-0.0582463
31.355,0.935914,0.988053,0.987684,-0.0521392
31.36,0.924502,0.987926,0.987556,-0.0634236
31.365,0.932267,0.987799,0.987429,-0.0555318
31.37,0.952434,0.987671,0.987301,-0.0352374
31.375,0.968865,0.987544,0.987173,-0.0186793
31.38,0.957687,0.987417,0.987045,-0.0297294
31.385,0.927302,0.987289,0.986918,-0.0599878
31.39,0.906828,0.987162,0.98679,-0.0803344
31.395,0.910924,0.987035,0.986662,-0.0761105
31.4,0.936614,0.986907,0.986534,-0.0502934
31.405,0.94795,0.98678,0.986406,-0.0388303
31.41,0.950637,0.986652,0.986278,-0.0360158
31.415,0.945309,0.986525,0.98615,-0.0412163
31.42,0.943327,0.986398,0.986023,-0.0430705
31.425,0.946507,0.98627,0.985895,-0.0397629
31.43,0.927391,0.986143,0.985767,-0.0587514
31.435,0.892579,0.986015,0.985639,-0.0934364
31.44,0.88767,0.985888,0.985511,-0.0982177
31.445,0.918628,0.98576,0.985383,-0.0671324
31.45,0.945256,0.985633,0.985255,-0.0403762
31.455,0.966729,0.985505,0.985127,-0.0187763
31.46,0.954471,0.985377,0.984999,-0.0309064
31.465,0.950223,0.98525,0.984871,-0.0350271
31.47,0.958647,0.985122,0.984743,-0.0264749
31.475,0.974346,0.984995,0.984614,-0.0106488
31.48,0.978733,0.984867,0.984486,-0.00613412
31.485,0.979449,0.984739,0.984358,-0.00529066
31.49,0.963234,0.984612,0.98423,-0.0213779
31.495,0.963724,0.984484,0.984102,-0.0207601
31.5,0.96345,0.984356,0.983974,-0.0209063
31.505,0.953366,0.984229,0.983846,-0.0308623
31.51,0.939582,0.984101,0.983717,-0.0445194
31.515,0.940728,0.983973,0.983589,-0.0432452
31.52,0.934669,0.983846,0.983461,-0.049177
31.525,0.924463,0.983718,0.983333,-0.059255
31.53,0.917796,0.98359,0.983204,-0.0657937
31.535,0.912439,0.983462,0.983076,-0.0710236
31.54,0.914367,0.983334,0.982948,-0.0689678
31.545,0.917715,0.983207,0.98282,-0.065492
31.55,0.935383,0.983079,0.982691,-0.0476961
31.555,0.94203,0.982951,0.982563,-0.0409212
31.56,0.948527,0.982823,0.982435,-0.0342966
31.565,0.959705,0.982695,0.982306,-0.0229902
31.57,0.951332,0.982567,0.982178,-0.0312354
31.575,0.947351,0.98244,0.982049,-0.0350887
31.58,0.933225,0.982312,0.981921,-0.0490871
31.585,0.94471,0.982184,0.981793,-0.0374739
31.59,0.953842,0.982056,0.981664,-0.0282142
31.595,0.953479,0.981928,0.981536,-0.028449
31.6,0.937088,0.9818,0.981407,-0.0447117
31.605,0.92912,0.981672,0.981279,-0.0525518
31.61,0.922074,0.981544,0.98115,-0.0594697
31.615,0.922646,0.981416,0.981022,-0.0587696
31.62,0.936372,0.981288,0.980893,-0.0449159
31.625,0.954148,0.98116,0.980765,-0.0270116
31.63,0.956306,0.981032,0.980636,-0.0247264
31.635,0.942184,0.980904,0.980508,-0.0387198
31.64,0.946395,0.980776,0.980379,-0.0343804
31.645,0.937866,0.980648,0.98025,-0.042782
31.65,0.935425,0.98052,0.980122,-0.0450945
31.655,0.934297,0.980392,0.979993,-0.0460944
31.66,0.937191,0.980263,0.979865,-0.0430723
31.665,0.937591,0.980135,0.979736,-0.0425443
31.67,0.929238,0.980007,0.979607,-0.0507689
31.675,0.933387,0.979879,0.979479,-0.0464922
31.68,0.930421,0.979751,0.97935,-0.0493301
31.685,0.926806,0.979623,0.979221,-0.0528167
31.69,0.928071,0.979494,0.979092,-0.051424
31.695,0.927296,0.979366,0.978964,-0.0520707
31.7,0.944321,0.979238,0.978835,-0.034917
31.705,0.951772,0.97911,0.978706,-0.0273374
31.71,0.942885,0.978982,0.978577,-0.0360963
31.715,0.94176,0.978853,0.978449,-0.0370933
31.72,0.932372,0.978725,0.97832,-0.046353
31.725,0.932514,0.978597,0.978191,-0.0460827
31.73,0.950429,0.978468,0.978062,-0.0280397
31.735,0.958595,0.97834,0.977933,-0.0197451
31.74,0.950821,0.978212,0.977804,-0.0273913
31.745,0.931874,0.978084,0.977676,-0.0462091
31.75,0.931656,0.977955,0.977547,-0.0462997
31.755,0.949424,0.977827,0.977418,-0.0284025
31.76,0.970179,0.977698,0.977289,-0.00751903
31.765,0.983206,0.97757,0.97716,0.00563617
31.77,0.982418,0.977442,0.977031,0.0049767
31.775,0.984543,0.977313,0.976902,0.00722926
31.78,0.976499,0.977185,0.976773,-0.000686056
31.785,0.953972,0.977056,0.976644,-0.0230844
31.79,0.916029,0.976928,0.976515,-0.0608989
31.795,0.893401,0.9768,0.976386,-0.0833985
31.8,0.894146,0.976671,0.976257,-0.0825252
31.805,0.906501,0.976543,0.976128,-0.0700417
31.81,0.920275,0.976414,0.975999,-0.0561394
31.815,0.935072,0.976286,0.97587,-0.0412134
31.82,0.956591,0.976157,0.975741,-0.0195663
31.825,0.971927,0.976029,0.975612,-0.00410151
31.83,0.978602,0.9759,0.975482,0.0027018
31.835,0.980259,0.975771,0.975353,0.00448759
31.84,0.97514,0.975643,0.975224,-0.000502913
31.845,0.975296,0.975514,0.975095,-0.000218377
31.85,0.9653,0.975386,0.974966,-0.0100852
31.855,0.970583,0.975257,0.974837,-0.00467431
31.86,0.965781,0.975128,0.974707,-0.00934757
31.865,0.978126,0.975,0.974578,0.00312612
31.87,0.964358,0.974871,0.974449,-0.0105132
31.875,0.9443,0.974743,0.97432,-0.0304428
31.88,0.938767,0.974614,0.97419,-0.0358466
31.885,0.943081,0.974485,0.974061,-0.0314037
31.89,0.953685,0.974357,0.973932,-0.0206717
31.895,0.968756,0.974228,0.973803,-0.00547223
31.9,0.960561,0.974099,0.973673,-0.0135384
31.905,0.941734,0.97397,0.973544,-0.0322367
31.91,0.9284,0.973842,0.973415,-0.0454412
31.915,0.90647,0.973713,0.973285,-0.0672424
31.92,0.906205,0.973584,0.973156,-0.0673787
31.925,0.922902,0.973455,0.973027,-0.0505529
31.93,0.946408,0.973327,0.972897,-0.0269191
31.935,0.966424,0.973198,0.972768,-0.00677429
31.94,0.958602,0.973069,0.972638,-0.0144673
31.945,0.953397,0.97294,0.972509,-0.019543
31.95,0.94696,0.972811,0.97238,-0.0258515
31.955,0.95189,0.972683,0.97225,-0.0207927
31.96,0.948109,0.972554,0.972121,-0.0244449
31.965,0.941343,0.972425,0.971991,-0.0310815
31.97,0.951066,0.972296,0.971862,-0.0212296
31.975,0.957032,0.972167,0.971732,-0.0151355
31.98,0.96222,0.972038,0.971603,-0.00981783
31.985,0.968816,0.971909,0.971473,-0.00309338
31.99,0.963545,0.97178,0.971344,-0.0082353
31.995,0.967347,0.971651,0.971214,-0.00430408
32,0.956408,0.971523,0.971084,-0.0151143
32.005,0.942778,0.971394,0.970955,-0.0286159
32.01,0.936084,0.971265,0.970825,-0.035181
32.015,0.948169,0.971136,0.970696,-0.0229663
32.02,0.953091,0.971007,0.970566,-0.0179158
32.025,0.955136,0.970878,0.970436,-0.0157418
32.03,0.927091,0.970749,0.970307,-0.0436581
32.035,0.917605,0.97062,0.970177,-0.0530149
32.04,0.934449,0.970491,0.970047,-0.0360415
32.045,0.929342,0.970362,0.969918,-0.0410194
32.05,0.933921,0.970233,0.969788,-0.0363115
32.055,0.918185,0.970104,0.969658,-0.0519183
32.06,0.919626,0.969974,0.969529,-0.050348
32.065,0.930484,0.969845,0.969399,-0.0393616
32.07,0.93109,0.969716,0.969269,-0.0386267
32.075,0.935895,0.969587,0.969139,-0.0336927
32.08,0.95181,0.969458,0.96901,-0.0176483
32.085,0.952878,0.969329,0.96888,-0.016451
32.09,0.941981,0.9692,0.96875,-0.0272185
32.095,0.93684,0.969071,0.96862,-0.0322307
32.1,0.913104,0.968942,0.96849,-0.0558374
32.105,0.911355,0.968812,0.968361,-0.0574577
32.11,0.912275,0.968683,0.968231,-0.0564079
32.115,0.924411,0.968554,0.968101,-0.0441429
32.12,0.937428,0.968425,0.967971,-0.0309973
32.125,0.949549,0.968296,0.967841,-0.0187471
32.13,0.94395,0.968166,0.967711,-0.0242166
32.135,0.944572,0.968037,0.967581,-0.0234655
32.14,0.932594,0.967908,0.967451,-0.0353142
32.145,0.928262,0.967779,0.967321,-0.0395164
32.15,0.926852,0.96765,0.967192,-0.0407974
32.155,0.926451,0.96752,0.967062,-0.0410692
32.16,0.922611,0.967391,0.966932,-0.0447805
32.165,0.935098,0.967262,0.966802,-0.0321634
32.17,0.947028,0.967132,0.966672,-0.0201048
32.175,0.969772,0.967003,0.966542,0.00276865
32.18,0.983747,0.966874,0.966412,0.0168734
32.185,0.961127,0.966744,0.966282,-0.00561701
32.19,0.95102,0.966615,0.966152,-0.0155948
32.195,0.948874,0.966486,0.966022,-0.0176116
32.2,0.961534,0.966356,0.965891,-0.0048228
32.205,0.9796,0.966227,0.965761,0.0133728
32.21,0.964321,0.966098,0.965631,-0.00177654
32.215,0.961236,0.965968,0.965501,-0.00473236
32.22,0.956824,0.965839,0.965371,-0.00901486
32.225,0.949126,0.96571,0.965241,-0.0165838
32.23,0.946432,0.96558,0.965111,-0.0191484
32.235,0.93681,0.965451,0.964981,-0.0286403
32.24,0.951218,0.965321,0.964851,-0.014103
32.245,0.956307,0.965192,0.96472,-0.00888461
32.25,0.965832,0.965062,0.96459,0.00076962
32.255,0.956555,0.964933,0.96446,-0.00837846
32.26,0.948806,0.964804,0.96433,-0.0159975
32.265,0.95128,0.964674,0.9642,-0.0133946
32.27,0.963988,0.964545,0.964069,-0.000556409
32.275,0.963679,0.964415,0.963939,-0.000736482
32.28,0.978613,0.964286,0.963809,0.0143269
32.285,0.984306,0.964156,0.963679,0.0201495
32.29,0.984404,0.964027,0.963548,0.0203774
32.295,0.961358,0.963897,0.963418,-0.00253936
32.3,0.948602,0.963768,0.963288,-0.0151659
32.305,0.942942,0.963638,0.963157,-0.020696
32.31,0.964791,0.963508,0.963027,0.00128244
32.315,0.963913,0.963379,0.962897,0.000533668
32.32,0.951955,0.963249,0.962766,-0.011294
32.325,0.94603,0.96312,0.962636,-0.0170896
32.33,0.934118,0.96299,0.962506,-0.0288717
32.335,0.921598,0.962861,0.962375,-0.0412627
32.34,0.906487,0.962731,0.962245,-0.0562436
32.345,0.902799,0.962601,0.962115,-0.0598023
32.35,0.910649,0.962472,0.961984,-0.0518225
32.355,0.920041,0.962342,0.961854,-0.0423014
32.36,0.923257,0.962212,0.961723,-0.0389553
32.365,0.915917,0.962083,0.961593,-0.0461653
32.37,0.954398,0.961953,0.961462,-0.00755532
32.375,0.96574,0.961823,0.961332,0.00391608
32.38,0.966162,0.961694,0.961202,0.00446848
32.385,0.945298,0.961564,0.961071,-0.0162665
32.39,0.930316,0.961434,0.960941,-0.0311181
32.395,0.948874,0.961305,0.96081,-0.0124311
32.4,0.958674,0.961175,0.96068,-0.00250048
32.405,0.944989,0.961045,0.960549,-0.0160567
32.41,0.939945,0.960916,0.960418,-0.0209707
32.415,0.940169,0.960786,0.960288,-0.0206167
32.42,0.958929,0.960656,0.960157,-0.00172713
32.425,0.965131,0.960526,0.960027,0.00460468
32.43,0.972773,0.960397,0.959896,0.0123769
32.435,0.963693,0.960267,0.959766,0.00342663
32.44,0.98166,0.960137,0.959635,0.0215227
32.445,0.988227,0.960007,0.959504,0.0282198
32.45,0.990443,0.959877,0.959374,0.0305655
32.455,0.975936,0.959748,0.959243,0.0161888
32.46,0.946523,0.959618,0.959112,-0.0130944
32.465,0.935985,0.959488,0.958982,-0.0235027
32.47,0.93053,0.959358,0.958851,-0.0288283
32.475,0.925904,0.959228,0.95872,-0.0333239
32.48,0.91544,0.959099,0.95859,-0.0436588
32.485,0.91866,0.958969,0.958459,-0.0403086
32.49,0.932542,0.958839,0.958328,-0.0262972
32.495,0.961395,0.958709,0.958198,0.00268573
32.5,0.982977,0.958579,0.958067,0.0243983
32.505,0.995883,0.958449,0.957936,0.0374338
32.51,1.01475,0.958319,0.957805,0.0564355
32.515,1.00152,0.95819,0.957675,0.0433257
32.52,0.980791,0.95806,0.957544,0.0227318
32.525,0.94776,0.95793,0.957413,-0.01017
32.53,0.923301,0.9578,0.957282,-0.0344988
32.535,0.922455,0.95767,0.957152,-0.0352151
32.54,0.929806,0.95754,0.957021,-0.0277343
32.545,0.935461,0.95741,0.95689,-0.0219495
32.55,0.93125,0.95728,0.956759,-0.0260301
32.555,0.927479,0.95715,0.956628,-0.0296713
32.56,0.931723,0.95702,0.956497,-0.0252977
32.565,0.954491,0.95689,0.956366,-0.00239904
32.57,0.968834,0.95676,0.956236,0.0120739
32.575,0.966689,0.95663,0.956105,0.0100588
32.58,0.970375,0.9565,0.955974,0.0138744
32.585,0.977616,0.95637,0.955843,0.0212459
32.59,0.995997,0.95624,0.955712,0.0397563
32.595,0.978929,0.95611,0.955581,0.0228188
32.6,0.968433,0.95598,0.95545,0.0124529
32.605,0.967576,0.95585,0.955319,0.0117256
32.61,0.981587,0.95572,0.955188,0.0258666
32.615,0.98659,0.95559,0.955057,0.031
32.62,0.972815,0.95546,0.954926,0.0173547
32.625,0.957324,0.95533,0.954795,0.00199371
32.63,0.951342,0.9552,0.954664,-0.00385795
32.635,0.954564,0.95507,0.954533,-0.000506577
32.64,0.951923,0.95494,0.954402,-0.00301712
32.645,0.954395,0.95481,0.954271,-0.000414686
32.65,0.946676,0.95468,0.95414,-0.00800378
32.655,0.933366,0.95455,0.954009,-0.0211841
32.66,0.933565,0.95442,0.953878,-0.0208552
32.665,0.93751,0.95429,0.953747,-0.0167801
32.67,0.968847,0.95416,0.953616,0.0146878
32.675,0.993853,0.95403,0.953485,0.0398233
32.68,1.00441,0.953899,0.953354,0.0505116
32.685,0.989508,0.953769,0.953223,0.035739
32.69,0.972347,0.953639,0.953092,0.0187082
32.695,0.952326,0.953509,0.952961,-0.00118282
32.7,0.924206,0.953379,0.952829,-0.0291734
32.705,0.908397,0.953249,0.952698,-0.0448523
32.71,0.902294,0.953119,0.952567,-0.050825
32.715,0.922578,0.952989,0.952436,-0.0304107
32.72,0.932144,0.952858,0.952305,-0.020714
32.725,0.954837,0.952728,0.952174,0.00210894
32.73,0.96975,0.952598,0.952042,0.017152
32.735,0.98107,0.952468,0.951911,0.0286022
32.74,0.974681,0.952338,0.95178,0.0223428
32.745,0.97163,0.952208,0.951649,0.0194229
32.75,0.962067,0.952077,0.951518,0.00998916
32.755,0.96511,0.951947,0.951386,0.0131633
32.76,0.946305,0.951817,0.951255,-0.00551195
32.765,0.938726,0.951687,0.951124,-0.0129605
32.77,0.932446,0.951557,0.950993,-0.019111
32.775,0.929927,0.951426,0.950861,-0.0214996
32.78,0.931122,0.951296,0.95073,-0.020174
32.785,0.919908,0.951166,0.950599,-0.0312576
32.79,0.925845,0.951036,0.950467,-0.0251905
32.795,0.9332,0.950905,0.950336,-0.0177058
32.8,0.930396,0.950775,0.950205,-0.0203795
32.805,0.935304,0.950645,0.950073,-0.0153409
32.81,0.946903,0.950515,0.949942,-0.00361216
32.815,0.932633,0.950385,0.949811,-0.0177517
32.82,0.943726,0.950254,0.949679,-0.00652809
32.825,0.946614,0.950124,0.949548,-0.0035096
32.83,0.946321,0.949994,0.949417,-0.0036725
32.835,0.949575,0.949863,0.949285,-0.000288484
32.84,0.954465,0.949733,0.949154,0.0047314
32.845,0.974649,0.949603,0.949023,0.0250459
32.85,0.979393,0.949473,0.948891,0.0299204
32.855,0.977066,0.949342,0.94876,0.0277238
32.86,0.959292,0.949212,0.948628,0.0100796
32.865,0.96742,0.949082,0.948497,0.0183387
32.87,0.973455,0.948951,0.948365,0.0245033
32.875,0.964143,0.948821,0.948234,0.015322
32.88,0.969791,0.948691,0.948103,0.0211005
32.885,0.967098,0.948561,0.947971,0.0185376
32.89,0.969465,0.94843,0.94784,0.0210348
32.895,0.968049,0.9483,0.947708,0.0197491
32.9,0.954948,0.94817,0.947577,0.00677812
32.905,0.941552,0.948039,0.947445,-0.0064875
32.91,0.925337,0.947909,0.947314,-0.0225717
32.915,0.932224,0.947779,0.947182,-0.0155547
32.92,0.938038,0.947648,0.947051,-0.0096106
32.925,0.943629,0.947518,0.946919,-0.00388913
32.93,0.944838,0.947388,0.946787,-0.00254921
32.935,0.939299,0.947257,0.946656,-0.00795818
32.94,0.938121,0.947127,0.946524,-0.00900632
32.945,0.93777,0.946997,0.946393,-0.00922686
32.95,0.942254,0.946866,0.946261,-0.00461226
32.955,0.959728,0.946736,0.94613,0.0129918
32.96,0.969752,0.946605,0.945998,0.0231461
32.965,0.973444,0.946475,0.945866,0.0269689
32.97,0.983729,0.946345,0.945735,0.037384
32.975,0.970064,0.946214,0.945603,0.02385
32.98,0.958771,0.946084,0.945472,0.0126873
32.985,0.940349,0.945954,0.94534,-0.00560506
32.99,0.933395,0.945823,0.945208,-0.0124278
32.995,0.933023,0.945693,0.945077,-0.01267
33,0.930454,0.945562,0.944945,-0.0151081
33.005,0.919348,0.945432,0.944813,-0.0260845
33.01,0.918753,0.945302,0.944682,-0.0265485
33.015,0.927534,0.945171,0.94455,-0.0176371
33.02,0.939286,0.945041,0.944418,-0.00575493
33.025,0.934722,0.944911,0.944287,-0.0101888
33.03,0.924147,0.94478,0.944155,-0.0206328
33.035,0.920113,0.94465,0.944023,-0.0245372
33.04,0.905585,0.944519,0.943891,-0.0389348
33.045,0.921814,0.944389,0.94376,-0.0225745
33.05,0.914235,0.944258,0.943628,-0.0300234
33.055,0.911833,0.944128,0.943496,-0.0322953
33.06,0.912971,0.943998,0.943364,-0.0310267
33.065,0.924759,0.943867,0.943233,-0.0191082
33.07,0.952584,0.943737,0.943101,0.00884699
33.075,0.974287,0.943606,0.942969,0.0306809
33.08,0.978778,0.943476,0.942837,0.0353021
33.085,0.969749,0.943346,0.942706,0.0264035
33.09,0.971843,0.943215,0.942574,0.0286281
33.095,0.985118,0.943085,0.942442,0.0420331
33.1,0.983051,0.942954,0.94231,0.0400968
33.105,0.977059,0.942824,0.942178,0.0342351
33.11,0.965673,0.942693,0.942046,0.0229798
33.115,0.960405,0.942563,0.941915,0.0178417
33.12,0.962483,0.942433,0.941783,0.0200506
33.125,0.966138,0.942302,0.941651,0.0238361
33.13,0.951981,0.942172,0.941519,0.00980926
33.135,0.944608,0.942041,0.941387,0.00256659
33.14,0.943444,0.941911,0.941255,0.00153303
33.145,0.949952,0.94178,0.941123,0.0081714
33.15,0.974135,0.94165,0.940991,0.0324852
33.155,0.972607,0.94152,0.94086,0.031087
33.16,0.94969,0.941389,0.940728,0.00830128
33.165,0.956431,0.941259,0.940596,0.0151724
33.17,0.973292,0.941128,0.940464,0.0321634
33.175,0.997077,0.940998,0.940332,0.056079
33.18,1.00075,0.940867,0.9402,0.0598809
33.185,0.981555,0.940737,0.940068,0.0408185
33.19,0.973306,0.940606,0.939936,0.0326998
33.195,0.963955,0.940476,0.939804,0.0234788
33.2,0.966764,0.940346,0.939672,0.0264188
33.205,0.992966,0.940215,0.93954,0.0527511
33.21,0.991824,0.940085,0.939408,0.0517393
33.215,0.987389,0.939954,0.939276,0.0474343
33.22,0.972376,0.939824,0.939144,0.0325522
33.225,0.954007,0.939693,0.939012,0.0143137
33.23,0.95148,0.939563,0.93888,0.0119175
33.235,0.953517,0.939432,0.938748,0.0140842
33.24,0.946572,0.939302,0.938616,0.00727031
33.245,0.951632,0.939172,0.938484,0.0124604
33.25,0.974415,0.939041,0.938352,0.0353743
33.255,0.987735,0.938911,0.93822,0.0488247
33.26,1.00906,0.93878,0.938088,0.0702807
33.265,0.99727,0.93865,0.937956,0.0586204
33.27,0.974105,0.938519,0.937824,0.035586
33.275,0.974194,0.938389,0.937692,0.0358053
33.28,0.960713,0.938259,0.93756,0.0224547
33.285,0.950674,0.938128,0.937427,0.0125462
33.29,0.960006,0.937998,0.937295,0.0220083
33.295,0.956663,0.937867,0.937163,0.0187955
33.3,0.960159,0.937737,0.937031,0.022422
33.305,0.961696,0.937606,0.936899,0.0240899
33.31,0.935745,0.937476,0.936767,-0.00173074
33.315,0.93538,0.937346,0.936635,-0.00196564
33.32,0.924426,0.937215,0.936503,-0.0127892
33.325,0.903772,0.937085,0.936371,-0.0333129
33.33,0.884809,0.936954,0.936238,-0.0521457
33.335,0.885144,0.936824,0.936106,-0.0516798
33.34,0.900905,0.936694,0.935974,-0.035789
33.345,0.919215,0.936563,0.935842,-0.0173484
33.35,0.934203,0.936433,0.93571,-0.00222966
33.355,0.933873,0.936302,0.935578,-0.00242968
33.36,0.939971,0.936172,0.935445,0.00379889
33.365,0.937472,0.936042,0.935313,0.00143085
33.37,0.937587,0.935911,0.935181,0.00167594
33.375,0.94022,0.935781,0.935049,0.00443917
33.38,0.937438,0.93565,0.934916,0.00178788
33.385,0.943718,0.93552,0.934784,0.00819757
33.39,0.955708,0.93539,0.934652,0.0203187
33.395,0.960858,0.935259,0.93452,0.0255989
33.4,0.967543,0.935129,0.934388,0.0324142
33.405,0.967549,0.934999,0.934255,0.0325502
33.41,0.981839,0.934868,0.934123,0.0469705
33.415,0.991146,0.934738,0.933991,0.0564079
33.42,1.00142,0.934607,0.933859,0.0668105
33.425,0.988806,0.934477,0.933726,0.0543285
33.43,0.971214,0.934347,0.933594,0.0368673
33.435,0.981085,0.934216,0.933462,0.0468688
33.44,0.998142,0.934086,0.933329,0.0640563
33.445,0.994703,0.933956,0.933197,0.060747
33.45,0.988212,0.933825,0.933065,0.0543863
33.455,0.953329,0.933695,0.932932,0.019634
33.46,0.936753,0.933565,0.9328,0.00318849
33.465,0.944661,0.933434,0.932668,0.0112261
33.47,0.932393,0.933304,0.932535,-0.000910758
33.475,0.949759,0.933174,0.932403,0.016585
33.48,0.963603,0.933043,0.932271,0.0305599
33.485,0.967233,0.932913,0.932138,0.0343198
33.49,0.958648,0.932783,0.932006,0.0258653
33.495,0.935259,0.932653,0.931874,0.00260652
33.5,0.915233,0.932522,0.931741,-0.0172891
33.505,0.923328,0.932392,0.931609,-0.00906378
33.51,0.935926,0.932262,0.931477,0.00366415
33.515,0.950106,0.932132,0.931344,0.0179745
33.52,0.957098,0.932001,0.931212,0.025097
33.525,0.961855,0.931871,0.931079,0.0299843
33.53,0.973873,0.931741,0.930947,0.0421318
33.535,0.993506,0.931611,0.930815,0.0618958
33.54,0.991064,0.93148,0.930682,0.0595842
33.545,0.975893,0.93135,0.93055,0.0445429
33.55,0.959214,0.93122,0.930417,0.0279938
33.555,0.96359,0.93109,0.930285,0.0325002
33.56,0.973722,0.930959,0.930152,0.0427621
33.565,0.967296,0.930829,0.93002,0.0364665
33.57,0.955469,0.930699,0.929888,0.0247696
33.575,0.938078,0.930569,0.929755,0.00750865
33.58,0.936015,0.930439,0.929623,0.00557603
33.585,0.927987,0.930309,0.92949,-0.00232127
33.59,0.931345,0.930178,0.929358,0.00116696
33.595,0.919521,0.930048,0.929225,-0.0105271
33.6,0.932828,0.929918,0.929093,0.00290983
33.605,0.949673,0.929788,0.92896,0.019885
33.61,0.970014,0.929658,0.928828,0.0403563
33.615,0.998242,0.929528,0.928695,0.0687139
33.62,1.01809,0.929398,0.928563,0.0886924
33.625,1.00859,0.929268,0.92843,0.0793216
33.63,0.995957,0.929137,0.928298,0.0668193
33.635,0.977373,0.929007,0.928165,0.048366
33.64,0.985736,0.928877,0.928033,0.0568591
33.645,0.984335,0.928747,0.9279,0.0555872
33.65,0.963409,0.928617,0.927768,0.0347913
33.655,0.939017,0.928487,0.927635,0.0105297
33.66,0.933529,0.928357,0.927503,0.0051718
33.665,0.955103,0.928227,0.92737,0.0268763
33.67,0.957089,0.928097,0.927237,0.0289914
33.675,0.950717,0.927967,0.927105,0.0227501
33.68,0.924518,0.927837,0.926972,-0.00331916
33.685,0.936382,0.927707,0.92684,0.00867459
33.69,0.939897,0.927577,0.926707,0.0123197
33.695,0.93769,0.927447,0.926575,0.0102422
33.7,0.925141,0.927317,0.926442,-0.0021764
33.705,0.931485,0.927187,0.926309,0.0042975
33.71,0.942897,0.927058,0.926177,0.0158393
33.715,0.948875,0.926928,0.926044,0.0219474
33.72,0.939584,0.926798,0.925912,0.0127859
33.725,0.926328,0.926668,0.925779,-0.000340267
33.73,0.92866,0.926538,0.925646,0.00212165
33.735,0.917705,0.926408,0.925514,-0.00870336
33.74,0.915941,0.926278,0.925381,-0.0103372
33.745,0.922821,0.926148,0.925248,-0.00332711
33.75,0.922497,0.926019,0.925116,-0.00352174
33.755,0.919143,0.925889,0.924983,-0.00674557
33.76,0.921398,0.925759,0.924851,-0.00436111
33.765,0.916047,0.925629,0.924718,-0.00958253
33.77,0.931188,0.9255,0.924585,0.00568814
33.775,0.931627,0.92537,0.924453,0.00625669
33.78,0.923503,0.92524,0.92432,-0.00173736
33.785,0.924887,0.92511,0.924187,-0.000223869
33.79,0.916941,0.924981,0.924055,-0.00803955
33.795,0.930339,0.924851,0.923922,0.00548772
33.8,0.930049,0.924721,0.923789,0.00532785
33.805,0.92527,0.924592,0.923656,0.000678002
33.81,0.899623,0.924462,0.923524,-0.0248393
33.815,0.890272,0.924332,0.923391,-0.0340603
33.82,0.886882,0.924203,0.923258,-0.0373211
33.825,0.879786,0.924073,0.923126,-0.0442877
33.83,0.87555,0.923944,0.922993,-0.0483933
33.835,0.894246,0.923814,0.92286,-0.0295686
33.84,0.91672,0.923685,0.922727,-0.00696424
33.845,0.9439,0.923555,0.922595,0.0203448
33.85,0.965309,0.923426,0.922462,0.0418835
33.855,0.975811,0.923296,0.922329,0.0525144
33.86,0.982946,0.923167,0.922197,0.0597793
33.865,1.0012,0.923037,0.922064,0.0781673
33.87,0.982668,0.922908,0.921931,0.0597598
33.875,0.966323,0.922778,0.921798,0.0435446
33.88,0.950764,0.922649,0.921666,0.0281152
33.885,0.945033,0.92252,0.921533,0.0225129
33.89,0.949537,0.92239,0.9214,0.0271462
33.895,0.963007,0.922261,0.921267,0.0407459
33.9,0.96289,0.922132,0.921134,0.0407582
33.905,0.957245,0.922002,0.921002,0.0352425
33.91,0.962929,0.921873,0.920869,0.0410553
33.915,0.951598,0.921744,0.920736,0.0298544
33.92,0.939592,0.921615,0.920603,0.0179773
33.925,0.934964,0.921486,0.92047,0.0134782
33.93,0.930258,0.921356,0.920338,0.00890157
33.935,0.947675,0.921227,0.920205,0.0264481
33.94,0.957533,0.921098,0.920072,0.0364345
33.945,0.960869,0.920969,0.919939,0.0399004
33.95,0.957373,0.92084,0.919806,0.0365327
33.955,0.965061,0.920711,0.919674,0.0443498
33.96,0.988518,0.920582,0.919541,0.0679356
33.965,0.981565,0.920453,0.919408,0.0611124
33.97,0.966608,0.920324,0.919275,0.0462844
33.975,0.933213,0.920195,0.919142,0.0130182
33.98,0.907065,0.920066,0.919009,-0.013001
33.985,0.917627,0.919937,0.918877,-0.00231029
33.99,0.914928,0.919808,0.918744,-0.00488025
33.995,0.904764,0.919679,0.918611,-0.0149151
34,0.880813,0.919551,0.918478,-0.0387381
34.005,0.869576,0.919422,0.918345,-0.0498455
34.01,0.887351,0.919293,0.918212,-0.0319419
34.015,0.914186,0.919164,0.918079,-0.00497866
34.02,0.90699,0.919036,0.917947,-0.0120455
34.025,0.919469,0.918907,0.917814,0.000562002
34.03,0.927151,0.918778,0.917681,0.00837243
34.035,0.925963,0.91865,0.917548,0.00731295
34.04,0.928696,0.918521,0.917415,0.0101744
34.045,0.944351,0.918393,0.917282,0.0259586
34.05,0.94961,0.918264,0.917149,0.031346
34.055,0.965425,0.918136,0.917016,0.047289
34.06,0.957038,0.918007,0.916883,0.0390311
34.065,0.976763,0.917879,0.91675,0.0588838
34.07,0.974459,0.91775,0.916618,0.0567091
34.075,0.958198,0.917622,0.916485,0.0405757
34.08,0.935023,0.917494,0.916352,0.0175289
34.085,0.934965,0.917365,0.916219,0.0175992
34.09,0.961404,0.917237,0.916086,0.0441669
34.095,0.969705,0.917109,0.915953,0.0525956
34.1,0.956081,0.916981,0.91582,0.0390999
34.105,0.953375,0.916853,0.915687,0.0365223
34.11,0.949464,0.916725,0.915554,0.032739
34.115,0.961607,0.916596,0.915421,0.0450102
34.12,0.970083,0.916468,0.915288,0.0536142
34.125,0.969998,0.91634,0.915155,0.0536572
34.13,0.972176,0.916212,0.915022,0.0559639
34.135,0.973621,0.916085,0.914889,0.0575362
34.14,0.992693,0.915957,0.914756,0.0767364
34.145,1.00038,0.915829,0.914623,0.0845494
34.15,0.991339,0.915701,0.914491,0.0756383
34.155,0.978813,0.915573,0.914358,0.0632398
34.16,0.968634,0.915446,0.914225,0.0531885
34.165,0.962721,0.915318,0.914092,0.0474033
34.17,0.982374,0.91519,0.913959,0.0671832
34.175,0.987287,0.915063,0.913826,0.0722242
34.18,0.984073,0.914935,0.913693,0.0691378
34.185,0.977439,0.914808,0.91356,0.0626316
34.19,0.974197,0.91468,0.913427,0.0595164
34.195,0.960598,0.914553,0.913294,0.0460451
34.2,0.960039,0.914426,0.913161,0.0456131
34.205,0.957622,0.914298,0.913028,0.0433239
34.21,0.966,0.914171,0.912895,0.0518294
34.215,0.976098,0.914044,0.912762,0.0620543
34.22,0.965359,0.913917,0.912629,0.0514424
34.225,0.949676,0.91379,0.912496,0.035886
34.23,0.957852,0.913663,0.912363,0.0441893
34.235,0.956691,0.913536,0.91223,0.0431553
34.24,0.959978,0.913409,0.912097,0.0465688
34.245,0.965255,0.913282,0.911964,0.0519729
34.25,0.971951,0.913155,0.911831,0.0587958
34.255,0.990427,0.913028,0.911697,0.0773992
34.26,0.995135,0.912902,0.911564,0.082233
34.265,0.986714,0.912775,0.911431,0.0739386
34.27,0.981186,0.912648,0.911298,0.0685376
34.275,0.971476,0.912522,0.911165,0.0589541
34.28,0.963735,0.912395,0.911032,0.0513398
34.285,0.95877,0.912269,0.910899,0.0465015
34.29,0.955254,0.912143,0.910766,0.0431112
34.295,0.956607,0.912016,0.910633,0.0445903
34.3,0.966907,0.91189,0.9105,0.0550164
34.305,0.966306,0.911764,0.910367,0.054542
34.31,0.977476,0.911638,0.910234,0.0658384
34.315,0.98991,0.911512,0.910101,0.0783983
34.32,1.00365,0.911386,0.909968,0.0922672
34.325,0.999398,0.91126,0.909835,0.0881376
34.33,0.983538,0.911134,0.909702,0.0724038
34.335,0.952007,0.911008,0.909569,0.0409986
34.34,0.930996,0.910883,0.909436,0.0201131
34.345,0.935273,0.910757,0.909302,0.0245157
34.35,0.93093,0.910632,0.909169,0.0202982
34.355,0.92617,0.910506,0.909036,0.015664
34.36,0.955634,0.910381,0.908903,0.0452529
34.365,0.970636,0.910256,0.90877,0.0603806
34.37,1.01144,0.91013,0.908637,0.101308
34.375,1.01484,0.910005,0.908504,0.104838
34.38,1.03133,0.90988,0.908371,0.121445
34.385,1.02424,0.909755,0.908238,0.114482
34.39,1.01093,0.90963,0.908105,0.101302
34.395,0.988679,0.909506,0.907972,0.0791733
34.4,0.978375,0.909381,0.907838,0.0689938
34.405,0.994087,0.909256,0.907705,0.0848302
34.41,0.990181,0.909132,0.907572,0.0810494
34.415,0.985005,0.909007,0.907439,0.0759973
34.42,0.98164,0.908883,0.907306,0.0727572
34.425,0.985984,0.908759,0.907173,0.0772251
34.43,0.996058,0.908635,0.90704,0.0874235
34.435,0.99765,0.908511,0.906907,0.0891397
34.44,0.997045,0.908387,0.906774,0.0886581
34.445,0.987092,0.908263,0.90664,0.0788292
34.45,0.972665,0.908139,0.906507,0.0645261
34.455,0.964459,0.908015,0.906374,0.0564438
34.46,0.965193,0.907892,0.906241,0.0573009
34.465,0.974686,0.907768,0.906108,0.0669176
34.47,0.975931,0.907645,0.905975,0.0682865
34.475,0.98804,0.907522,0.905842,0.080518
34.48,0.969013,0.907399,0.905708,0.0616142
34.485,0.962572,0.907276,0.905575,0.055296
34.49,0.971378,0.907153,0.905442,0.0642247
34.495,0.980397,0.90703,0.905309,0.0733669
34.5,0.966301,0.906907,0.905176,0.0593939
34.505,0.936305,0.906785,0.905043,0.0295199
34.51,0.91559,0.906663,0.90491,0.00892763
34.515,0.933505,0.90654,0.904776,0.0269648
34.52,0.943704,0.906418,0.904643,0.0372854
34.525,0.934096,0.906296,0.90451,0.0277996
34.53,0.926562,0.906174,0.904377,0.0203872
34.535,0.936492,0.906053,0.904244,0.0304392
34.54,0.961217,0.905931,0.904111,0.0552864
34.545,0.977902,0.90581,0.903977,0.0720925
34.55,0.966322,0.905688,0.903844,0.0606341
34.555,0.958186,0.905567,0.903711,0.0526184
34.56,0.939494,0.905446,0.903578,0.0340483
34.565,0.951635,0.905325,0.903445,0.0463093
34.57,0.964902,0.905205,0.903312,0.0596971
34.575,0.977606,0.905084,0.903178,0.0725214
34.58,0.962869,0.904964,0.903045,0.0579057
34.585,0.959773,0.904844,0.902912,0.054929
34.59,0.970325,0.904723,0.902779,0.065602
34.595,0.972761,0.904604,0.902646,0.0681569
34.6,0.974618,0.904484,0.902513,0.0701336
34.605,0.957009,0.904364,0.902379,0.0526442
34.61,0.957808,0.904245,0.902246,0.0535628
34.615,0.972941,0.904126,0.902113,0.0688155
34.62,0.975643,0.904007,0.90198,0.0716359
34.625,0.967355,0.903888,0.901847,0.0634673
34.63,0.953242,0.903769,0.901713,0.0494729
34.635,0.950629,0.903651,0.90158,0.0469776
34.64,0.938457,0.903533,0.901447,0.0349247
34.645,0.946111,0.903415,0.901314,0.0426958
34.65,0.926359,0.903297,0.901181,0.0230616
34.655,0.923804,0.903179,0.901048,0.0206245
34.66,0.926349,0.903062,0.900914,0.0232874
34.665,0.930249,0.902945,0.900781,0.027304
34.67,0.946036,0.902828,0.900648,0.0432084
34.675,0.95791,0.902711,0.900515,0.0551987
34.68,0.954451,0.902595,0.900382,0.0518564
34.685,0.940773,0.902479,0.900248,0.0382942
34.69,0.92783,0.902363,0.900115,0.0254675
34.695,0.927728,0.902247,0.899982,0.0254808
34.7,0.937348,0.902131,0.899849,0.0352168
34.705,0.941836,0.902016,0.899715,0.0398203
34.71,0.943685,0.901901,0.899582,0.0417838
34.715,0.946703,0.901787,0.899449,0.0449167
34.72,0.931271,0.901672,0.899316,0.0295984
34.725,0.924106,0.901558,0.899183,0.022548
34.73,0.929038,0.901444,0.899049,0.0275935
34.735,0.950856,0.901331,0.898916,0.0495251
34.74,0.964936,0.901217,0.898783,0.0637182
34.745,0.966479,0.901104,0.89865,0.0653748
34.75,0.965218,0.900992,0.898517,0.0642261
34.755,0.972616,0.900879,0.898383,0.0717365
34.76,0.966295,0.900767,0.89825,0.065528
34.765,0.955664,0.900656,0.898117,0.055008
34.77,0.95414,0.900544,0.897984,0.0535958
34.775,0.973185,0.900433,0.897851,0.0727519
34.78,0.982571,0.900323,0.897717,0.0822486
34.785,0.975096,0.900212,0.897584,0.0748835
34.79,0.942812,0.900103,0.897451,0.0427093
34.795,0.932771,0.899993,0.897318,0.0327778
34.8,0.930099,0.899884,0.897184,0.0302155
34.805,0.933673,0.899775,0.897051,0.0338976
34.81,0.9114,0.899667,0.896918,0.0117331
34.815,0.904945,0.899559,0.896785,0.0053861
34.82,0.926157,0.899451,0.896651,0.0267057
34.825,0.945785,0.899344,0.896518,0.0464407
34.83,0.939568,0.899238,0.896385,0.0403303
34.835,0.925434,0.899132,0.896252,0.026302
34.84,0.927258,0.899026,0.896119,0.0282326
34.845,0.94771,0.898921,0.895985,0.0487894
34.85,0.957763,0.898816,0.895852,0.0589469
34.855,0.958227,0.898712,0.895719,0.0595153
34.86,0.964149,0.898608,0.895586,0.0655409
34.865,0.971127,0.898505,0.895452,0.0726218
34.87,0.977521,0.898402,0.895319,0.0791185
34.875,0.973213,0.8983,0.895186,0.0749133
34.88,0.957518,0.898199,0.895053,0.0593196
34.885,0.936998,0.898098,0.89492,0.0389001
34.89,0.942463,0.897997,0.894786,0.0444652
34.895,0.970174,0.897898,0.894653,0.0722765
34.9,0.98493,0.897799,0.89452,0.0871315
34.905,0.996132,0.8977,0.894387,0.0984318
34.91,0.994577,0.897602,0.894253,0.096975
34.915,0.99424,0.897505,0.89412,0.0967346
34.92,0.994306,0.897409,0.893987,0.096897
34.925,0.990752,0.897314,0.893854,0.0934383
34.93,0.996647,0.897219,0.89372,0.0994281
34.935,0.999727,0.897125,0.893587,0.102603
34.94,0.983161,0.897031,0.893454,0.0861294
34.945,0.959199,0.896939,0.893321,0.0622597
34.95,0.947232,0.896848,0.893187,0.0503847
34.955,0.93731,0.896757,0.893054,0.0405533
34.96,0.928691,0.896668,0.892921,0.0320232
34.965,0.932451,0.896579,0.892788,0.0358724
34.97,0.960232,0.896491,0.892655,0.0637402
34.975,0.969485,0.896405,0.892521,0.07308
34.98,0.972942,0.89632,0.892388,0.0766225
34.985,0.951235,0.896235,0.892255,0.0549993
34.99,0.948778,0.896153,0.892122,0.052625
34.995,0.951387,0.896071,0.891988,0.0553163
35,0.935629,0.895991,0.891855,0.039638
35.005,0.913788,0.895912,0.891722,0.017876
35.01,0.916459,0.895835,0.891589,0.0206241
35.015,0.922676,0.895759,0.891455,0.0269174
35.02,0.92125,0.895685,0.891322,0.0255646
35.025,0.920545,0.895613,0.891189,0.0249316
35.03,0.923682,0.895543,0.891056,0.0281387
35.035,0.946052,0.895475,0.890922,0.0505771
35.04,0.941089,0.895409,0.890789,0.0456798
35.045,0.923533,0.895345,0.890656,0.028188
35.05,0.899044,0.895284,0.890523,0.0037598
35.055,0.896985,0.895226,0.89039,0.00175965
35.06,0.897099,0.89517,0.890256,0.00192839
35.065,0.923345,0.895118,0.890123,0.0282276
35.07,0.921089,0.895069,0.88999,0.02602
35.075,0.932991,0.895023,0.889857,0.0379682
35.08,0.92463,0.894981,0.889723,0.0296486
35.085,0.91755,0.894944,0.88959,0.0226066
35.09,0.914256,0.894911,0.889457,0.0193457
35.095,0.928094,0.894882,0.889324,0.0332121
35.1,0.934986,0.894859,0.88919,0.040127
35.105,0.938094,0.894841,0.889057,0.0432525
35.11,0.951158,0.89483,0.888924,0.0563281
35.115,0.964061,0.894825,0.888791,0.0692361
35.12,0.973883,0.894827,0.888657,0.0790561
35.125,0.962292,0.894836,0.888524,0.0674558
35.13,0.940938,0.894854,0.888391,0.046084
35.135,0.928982,0.89488,0.888258,0.034102
35.14,0.931944,0.894916,0.888125,0.0370283
35.145,0.926853,0.894962,0.887991,0.031891
35.15,0.92733,0.895019,0.887858,0.0323111
35.155,0.938455,0.895088,0.887725,0.0433673
35.16,0.936837,0.89517,0.887592,0.0416669
35.165,0.933015,0.895265,0.887458,0.0377493
35.17,0.909932,0.895376,0.887325,0.014556
35.175,0.906371,0.895502,0.887192,0.0108683
35.18,0.919167,0.895646,0.887059,0.023521
35.185,0.922272,0.895808,0.886926,0.0264644
35.19,0.912825,0.89599,0.886792,0.0168357
35.195,0.912258,0.896193,0.886659,0.0160657
35.2,0.92871,0.896418,0.886526,0.032292
35.205,0.948688,0.896669,0.886393,0.0520192
35.21,0.960126,0.896945,0.886259,0.0631808
35.215,0.955748,0.897249,0.886126,0.0584996
35.22,0.942406,0.897583,0.885993,0.0448238
35.225,0.926386,0.897948,0.88586,0.0284382
35.23,0.926995,0.898348,0.885727,0.0286477
35.235,0.938467,0.898783,0.885593,0.0396844
35.24,0.949942,0.899257,0.88546,0.0506848
35.245,0.934405,0.899772,0.885327,0.0346334
35.25,0.921923,0.90033,0.885194,0.0215929
35.255,0.889822,0.900935,0.885061,-0.0111126
35.26,0.879685,0.901588,0.884927,-0.0219038
35.265,0.891128,0.902294,0.884794,-0.0111655
35.27,0.902774,0.903054,0.884661,-0.00028043
35.275,0.929546,0.903873,0.884528,0.0256728
35.28,0.950033,0.904753,0.884395,0.0452806
35.285,0.955269,0.905697,0.884261,0.0495715
35.29,0.980954,0.90671,0.884128,0.0742432
35.295,0.974955,0.907796,0.883995,0.0671594
35.3,0.96504,0.908956,0.883862,0.0560832
35.305,0.946909,0.910197,0.883729,0.0367121
35.31,0.92612,0.911522,0.883595,0.0145988
35.315,0.93119,0.912934,0.883462,0.0182564
35.32,0.933861,0.914438,0.883329,0.0194226
35.325,0.948152,0.916039,0.883196,0.0321138
35.33,0.959094,0.91774,0.883063,0.041354
35.335,0.952249,0.919546,0.882929,0.032703
35.34,0.962689,0.921462,0.882796,0.0412263
35.345,0.964199,0.923493,0.882663,0.0407067
35.35,0.969317,0.925642,0.88253,0.043675
35.355,0.969982,0.927914,0.882397,0.0420675
35.36,0.937759,0.930315,0.882263,0.00744358
35.365,0.930388,0.932848,0.88213,-0.00246017
35.37,0.928841,0.935519,0.881997,-0.00667805
35.375,0.940938,0.938331,0.881864,0.00260671
35.38,0.943065,0.941289,0.881731,0.00177518
35.385,0.932673,0.944398,0.881598,-0.0117254
35.39,0.931685,0.947662,0.881464,-0.0159768
35.395,0.925297,0.951083,0.881331,-0.0257866
35.4,0.923153,0.954668,0.881198,-0.0315142
35.405,0.919548,0.958418,0.881065,-0.0388704
35.41,0.91455,0.962337,0.880932,-0.0477874
35.415,0.917308,0.966429,0.880798,-0.0491209
35.42,0.929794,0.970695,0.880665,-0.0409012
35.425,0.934161,0.975139,0.880532,-0.0409782
35.43,0.942765,0.979762,0.880399,-0.0369967
35.435,0.951749,0.984565,0.880266,-0.0328157
35.44,0.960901,0.989549,0.880133,-0.0286486
35.445,0.96289,0.994715,0.88,-0.0318248
35.45,0.961237,1.00006,0.879866,-0.0388262
35.455,0.948846,1.00559,0.879733,-0.0567446
35.46,0.953523,1.0113,0.8796,-0.057775
35.465,0.9644,1.01718,0.879467,-0.0527818
35.47,0.984763,1.02324,0.879334,-0.0384765
35.475,1.00753,1.02947,0.879201,-0.0219386
35.48,1.0303,1.03586,0.879067,-0.0055583
35.485,1.01826,1.04241,0.878934,-0.0241534
35.49,1.00817,1.04912,0.878801,-0.040948
35.495,0.98467,1.05598,0.878668,-0.0713062
35.5,0.994217,1.06297,0.878535,-0.0687513
35.505,1.01047,1.07009,0.878402,-0.0596217
35.51,1.03094,1.07733,0.878269,-0.0463879
35.515,1.03246,1.08468,0.878135,-0.0522181
35.52,1.04251,1.09212,0.878002,-0.0496178
35.525,1.06424,1.09965,0.877869,-0.0354104
35.53,1.09748,1.10725,0.877736,-0.00976263
35.535,1.11983,1.1149,0.877603,0.00493408
35.54,1.13554,1.12258,0.87747,0.0129625
35.545,1.14873,1.13029,0.877337,0.0184444
35.55,1.16169,1.138,0.877204,0.0236954
35.555,1.18154,1.14569,0.87707,0.0358471
35.56,1.20161,1.15335,0.876937,0.0482655
35.565,1.23597,1.16095,0.876804,0.0750219
35.57,1.25726,1.16847,0.876671,0.0887927
35.575,1.28154,1.17589,0.876538,0.105648
35.58,1.29359,1.18319,0.876405,0.110396
35.585,1.28431,1.19034,0.876272,0.0939703
35.59,1.26956,1.19733,0.876139,0.0722278
35.595,1.2636,1.20412,0.876006,0.0594797
35.6,1.28819,1.2107,0.875873,0.077483
35.605,1.32962,1.21704,0.875739,0.112583
35.61,1.35454,1.22312,0.875606,0.13142
35.615,1.36732,1.2289,0.875473,0.138423
35.62,1.40702,1.23438,0.87534,0.172639
35.625,1.43086,1.23952,0.875207,0.191342
35.63,1.45659,1.2443,0.875074,0.212293
35.635,1.4471,1.2487,0.874941,0.198395
35.64,1.46052,1.2527,0.874808,0.207822
35.645,1.45077,1.25628,0.874675,0.194488
35.65,1.44878,1.25942,0.874542,0.189363
35.655,1.44561,1.2621,0.874409,0.183507
35.66,1.44873,1.26431,0.874276,0.18442
35.665,1.45609,1.26602,0.874142,0.190067
35.67,1.44879,1.26724,0.874009,0.181558
35.675,1.40981,1.26794,0.873876,0.141869
35.68,1.39219,1.26811,0.873743,0.124074
35.685,1.40184,1.26776,0.87361,0.134074
35.69,1.40219,1.26688,0.873477,0.135316
35.695,1.44242,1.26546,0.873344,0.176964
35.7,1.44933,1.26351,0.873211,0.185825
35.705,1.43243,1.26103,0.873078,0.171395
35.71,1.4025,1.25803,0.872945,0.144471
35.715,1.38565,1.25452,0.872812,0.131136
35.72,1.38454,1.2505,0.872679,0.134038
35.725,1.38268,1.246,0.872546,0.136676
35.73,1.36173,1.24104,0.872413,0.120693
35.735,1.32965,1.23563,0.87228,0.0940231
35.74,1.30924,1.22979,0.872147,0.079448
35.745,1.27485,1.22355,0.872014,0.0513014
35.75,1.26031,1.21694,0.871881,0.0433782
35.755,1.26164,1.20997,0.871748,0.0516684
35.76,1.24914,1.20269,0.871615,0.0464494
35.765,1.23995,1.19511,0.871482,0.0448397
35.77,1.21406,1.18727,0.871349,0.0267843
35.775,1.18661,1.1792,0.871216,0.00740374
35.78,1.18566,1.17093,0.871083,0.0147276
35.785,1.17941,1.16249,0.87095,0.0169219
35.79,1.16439,1.1539,0.870817,0.0104873
35.795,1.13905,1.1452,0.870684,-0.00614491
35.8,1.11542,1.13641,0.870551,-0.0209975
35.805,1.11793,1.12757,0.870418,-0.00964208
35.81,1.11494,1.11869,0.870285,-0.0037551
35.815,1.09415,1.10981,0.870152,-0.0156658
35.82,1.07866,1.10095,0.870019,-0.0222915
35.825,1.07642,1.09213,0.869886,-0.0157153
35.83,1.06658,1.08338,0.869753,-0.016804
35.835,1.05812,1.07471,0.86962,-0.016588
35.84,1.03347,1.06615,0.869487,-0.0326798
35.845,1.02662,1.05771,0.869354,-0.0310826
35.85,1.0098,1.0494,0.869221,-0.0396025
35.855,1.01363,1.04126,0.869088,-0.0276247
35.86,1.01147,1.03328,0.868955,-0.0218146
35.865,1.03546,1.02549,0.868822,0.00997181
35.87,1.04998,1.01788,0.868689,0.0320996
35.875,1.04757,1.01048,0.868556,0.0370868
35.88,1.03968,1.0033,0.868423,0.0363825
35.885,1.01344,0.996326,0.86829,0.0171137
35.89,0.976026,0.98958,0.868157,-0.0135535
35.895,0.940676,0.983063,0.868024,-0.0423868
35.9,0.940244,0.976778,0.867892,-0.0365348
35.905,0.950111,0.970729,0.867759,-0.0206175
35.91,0.95557,0.964916,0.867626,-0.00934513
35.915,0.949296,0.959339,0.867493,-0.010043
35.92,0.947589,0.953998,0.86736,-0.00640856
35.925,0.96108,0.948891,0.867227,0.0121891
35.93,0.976515,0.944016,0.867094,0.032499
35.935,0.992507,0.93937,0.866961,0.0531376
35.94,1.00706,0.934948,0.866828,0.0721094
35.945,1.01706,0.930747,0.866695,0.0863089
35.95,1.013,0.926761,0.866562,0.0862401
35.955,0.989372,0.922985,0.866429,0.0663871
35.96,0.96337,0.919412,0.866297,0.0439578
35.965,0.942884,0.916037,0.866164,0.0268466
35.97,0.928103,0.912853,0.866031,0.0152505
35.975,0.932588,0.909852,0.865898,0.0227359
35.98,0.939148,0.907028,0.865765,0.0321199
35.985,0.953112,0.904373,0.865632,0.0487385
35.99,0.967489,0.901881,0.865499,0.0656081
35.995,0.960776,0.899543,0.865366,0.0612335
36,0.93799,0.897352,0.865234,0.0406378
36.005,0.929674,0.895302,0.865101,0.0343719
36.01,0.922963,0.893384,0.864968,0.0295789
36.015,0.913845,0.891592,0.864835,0.0222529
36.02,0.910112,0.889918,0.864702,0.0201943
36.025,0.90535,0.888356,0.864569,0.0169934
36.03,0.903599,0.886899,0.864437,0.0167
36.035,0.906639,0.885541,0.864304,0.0210981
36.04,0.90771,0.884275,0.864171,0.0234354
36.045,0.914244,0.883095,0.864038,0.0311492
36.05,0.914225,0.881996,0.863905,0.0322285
36.055,0.921082,0.880972,0.863772,0.0401103
36.06,0.928796,0.880018,0.86364,0.0487777
36.065,0.945517,0.879129,0.863507,0.0663885
36.07,0.952103,0.878299,0.863374,0.0738034
36.075,0.942382,0.877526,0.863241,0.0648563
36.08,0.936783,0.876803,0.863108,0.0599793
36.085,0.953824,0.876129,0.862976,0.0776954
36.09,0.954628,0.875497,0.862843,0.0791302
36.095,0.954053,0.874907,0.86271,0.0791467
36.1,0.938681,0.874353,0.862577,0.0643286
36.105,0.932523,0.873833,0.862444,0.0586904
36.11,0.933161,0.873344,0.862312,0.0598176
36.115,0.945768,0.872884,0.862179,0.072884
36.12,0.972196,0.872449,0.862046,0.0997462
36.125,0.976844,0.872039,0.861913,0.104804
36.13,0.95912,0.871651,0.861781,0.087469
36.135,0.92953,0.871282,0.861648,0.0582478
36.14,0.919854,0.870932,0.861515,0.0489218
36.145,0.915284,0.870599,0.861382,0.0446855
36.15,0.924385,0.870281,0.86125,0.0541043
36.155,0.916776,0.869976,0.861117,0.0467999
36.16,0.933082,0.869685,0.860984,0.0633973
36.165,0.942385,0.869405,0.860851,0.07298
36.17,0.942837,0.869136,0.860719,0.0737009
36.175,0.927756,0.868877,0.860586,0.0588794
36.18,0.916528,0.868626,0.860453,0.0479017
36.185,0.917926,0.868385,0.86032,0.0495418
36.19,0.929928,0.86815,0.860188,0.0617778
36.195,0.919773,0.867924,0.860055,0.0518493
36.2,0.914087,0.867703,0.859922,0.0463842
36.205,0.900573,0.867489,0.85979,0.0330836
36.21,0.901392,0.867281,0.859657,0.0341111
36.215,0.913576,0.867079,0.859524,0.0464976
36.22,0.904932,0.866881,0.859392,0.0380512
36.225,0.896473,0.866689,0.859259,0.0297837
36.23,0.892973,0.866502,0.859126,0.026471
36.235,0.890768,0.866319,0.858994,0.0244489
36.24,0.910932,0.866141,0.858861,0.0447908
36.245,0.913573,0.865968,0.858728,0.0476047
36.25,0.895892,0.8658,0.858596,0.0300923
36.255,0.898421,0.865636,0.858463,0.0327852
36.26,0.905852,0.865477,0.85833,0.0403758
36.265,0.915098,0.865322,0.858198,0.0497758
36.27,0.928223,0.865173,0.858065,0.0630498
36.275,0.929539,0.865029,0.857932,0.0645098
36.28,0.92545,0.86489,0.8578,0.0605592
36.285,0.925528,0.864758,0.857667,0.0607702
36.29,0.926597,0.864631,0.857535,0.0619667
36.295,0.934245,0.864511,0.857402,0.069735
36.3,0.934957,0.864397,0.857269,0.0705599
36.305,0.92168,0.864291,0.857137,0.0573885
36.31,0.896947,0.864194,0.857004,0.0327537
36.315,0.878804,0.864105,0.856871,0.0146997
36.32,0.875792,0.864025,0.856739,0.011767
36.325,0.887627,0.863956,0.856606,0.0236712
36.33,0.888264,0.863897,0.856474,0.024367
36.335,0.898377,0.863851,0.856341,0.0345263
36.34,0.880389,0.863818,0.856209,0.016571
36.345,0.899773,0.8638,0.856076,0.0359731
36.35,0.911764,0.863797,0.855943,0.0479673
36.355,0.923521,0.863811,0.855811,0.0597093
36.36,0.926634,0.863844,0.855678,0.0627897
36.365,0.945167,0.863898,0.855546,0.0812692
36.37,0.973467,0.863973,0.855413,0.109493
36.375,0.989964,0.864073,0.855281,0.125891
36.38,0.973709,0.864199,0.855148,0.10951
36.385,0.945807,0.864354,0.855016,0.081453
36.39,0.932689,0.86454,0.854883,0.0681497
36.395,0.933688,0.864759,0.854751,0.0689286
36.4,0.949863,0.865015,0.854618,0.0848477
36.405,0.953785,0.865311,0.854486,0.0884732
36.41,0.941984,0.86565,0.854353,0.0763335
36.415,0.944005,0.866036,0.854221,0.0779694
36.42,0.932161,0.866472,0.854088,0.0656887
36.425,0.937483,0.866962,0.853956,0.0705208
36.43,0.945176,0.867511,0.853823,0.0776643
36.435,0.955726,0.868123,0.853691,0.0876021
36.44,0.967032,0.868804,0.853558,0.0982288
36.445,0.988836,0.869557,0.853426,0.11928
36.45,0.982912,0.870388,0.853293,0.112524
36.455,0.982908,0.871304,0.853161,0.111604
36.46,0.981105,0.87231,0.853028,0.108796
36.465,0.96891,0.873412,0.852896,0.0954977
36.47,0.96922,0.874617,0.852763,0.0946031
36.475,0.960537,0.875932,0.852631,0.0846041
36.48,0.966139,0.877365,0.852499,0.0887742
36.485,0.98343,0.878922,0.852366,0.104507
36.49,0.972258,0.880613,0.852234,0.0916451
36.495,0.980103,0.882444,0.852101,0.0976586
36.5,0.988949,0.884426,0.851969,0.104524
36.505,0.994328,0.886566,0.851836,0.107763
36.51,1.00274,0.888874,0.851704,0.113871
36.515,1.00384,0.89136,0.851572,0.112477
36.52,1.00562,0.894034,0.851439,0.111585
36.525,0.998437,0.896906,0.851307,0.10153
36.53,0.979919,0.899987,0.851174,0.0799323
36.535,0.970616,0.903287,0.851042,0.0673285
36.54,0.979411,0.906819,0.85091,0.0725925
36.545,0.998289,0.910592,0.850777,0.0876973
36.55,1.02574,0.914619,0.850645,0.111122
36.555,1.02086,0.918912,0.850513,0.101945
36.56,1.00448,0.923483,0.85038,0.0809955
36.565,0.987788,0.928344,0.850248,0.059444
36.57,0.977599,0.933506,0.850116,0.0440929
36.575,1.00955,0.938983,0.849983,0.0705666
36.58,1.007,0.944786,0.849851,0.0622149
36.585,1.01261,0.950928,0.849719,0.0616775
36.59,1.01214,0.957421,0.849586,0.054718
36.595,1.02515,0.964275,0.849454,0.0608778
36.6,1.03443,0.971504,0.849322,0.0629253
36.605,1.03106,0.979117,0.849189,0.0519396
36.61,1.01218,0.987125,0.849057,0.0250588
36.615,1.03885,0.995539,0.848925,0.0433118
36.62,1.04705,1.00437,0.848793,0.0426854
36.625,1.05959,1.01362,0.84866,0.0459672
36.63,1.06201,1.0233,0.848528,0.0387088
36.635,1.06436,1.03342,0.848396,0.0309351
36.64,1.07866,1.04398,0.848264,0.0346817
36.645,1.09066,1.05499,0.848131,0.035669
36.65,1.07983,1.06645,0.847999,0.0133798
36.655,1.08032,1.07836,0.847867,0.00196574
36.66,1.10195,1.09072,0.847735,0.0112288
36.665,1.12002,1.10353,0.847602,0.0164989
36.67,1.11456,1.11678,0.84747,-0.00221597
36.675,1.11082,1.13047,0.847338,-0.019648
36.68,1.12648,1.14458,0.847206,-0.0181014
36.685,1.15432,1.15912,0.847073,-0.00480274
36.69,1.16338,1.17406,0.846941,-0.0106775
36.695,1.1648,1.18939,0.846809,-0.0245902
36.7,1.16673,1.20508,0.846677,-0.0383542
36.705,1.19288,1.22113,0.846545,-0.0282531
36.71,1.23047,1.2375,0.846413,-0.00702559
36.715,1.2575,1.25417,0.84628,0.00333561
36.72,1.28874,1.2711,0.846148,0.0176335
36.725,1.32326,1.28827,0.846016,0.0349857
36.73,1.36201,1.30564,0.845884,0.0563669
36.735,1.41497,1.32317,0.845752,0.0917948
36.74,1.44485,1.34082,0.84562,0.104031
36.745,1.45792,1.35854,0.845488,0.0993797
36.75,1.46471,1.37629,0.845355,0.0884214
36.755,1.47823,1.39401,0.845223,0.0842199
36.76,1.49872,1.41167,0.845091,0.0870513
36.765,1.5311,1.42919,0.844959,0.101911
36.77,1.55444,1.44653,0.844827,0.107909
36.775,1.56558,1.46363,0.844695,0.101952
36.78,1.58245,1.48042,0.844563,0.102023
36.785,1.59055,1.49686,0.844431,0.0936911
36.79,1.62844,1.51287,0.844299,0.115566
36.795,1.63014,1.5284,0.844167,0.101739
36.8,1.6581,1.54338,0.844034,0.114719
36.805,1.7013,1.55776,0.843902,0.143545
36.81,1.72514,1.57146,0.84377,0.153676
36.815,1.75619,1.58444,0.843638,0.171758
36.82,1.75447,1.59662,0.843506,0.157852
36.825,1.78478,1.60796,0.843374,0.176822
36.83,1.82549,1.6184,0.843242,0.207083
36.835,1.81575,1.62789,0.84311,0.18786
36.84,1.78754,1.63638,0.842978,0.15116
36.845,1.77807,1.64381,0.842846,0.134253
36.85,1.76063,1.65016,0.842714,0.110465
36.855,1.77629,1.65538,0.842582,0.120914
36.86,1.74194,1.65944,0.84245,0.0825003
36.865,1.7273,1.66231,0.842318,0.0649917
36.87,1.73261,1.66397,0.842186,0.0686375
36.875,1.735,1.6644,0.842054,0.0705928
36.88,1.73036,1.66359,0.841922,0.0667608
36.885,1.68528,1.66154,0.84179,0.0237421
36.89,1.6387,1.65824,0.841658,-0.0195431
36.895,1.62152,1.6537,0.841526,-0.0321867
36.9,1.60896,1.64794,0.841395,-0.0389789
36.905,1.60273,1.64097,0.841263,-0.0382456
36.91,1.59536,1.63283,0.841131,-0.0374691
36.915,1.56327,1.62354,0.840999,-0.0602692
36.92,1.54123,1.61313,0.840867,-0.0719025
36.925,1.51187,1.60166,0.840735,-0.0897937
36.93,1.49705,1.58918,0.840603,-0.0921207
36.935,1.50478,1.57572,0.840471,-0.0709427
36.94,1.4942,1.56136,0.840339,-0.0671578
36.945,1.47479,1.54615,0.840207,-0.0713549
36.95,1.48644,1.53016,0.840076,-0.0437194
36.955,1.46442,1.51345,0.839944,-0.0490288
36.96,1.40564,1.49609,0.839812,-0.0904501
36.965,1.36385,1.47815,0.83968,-0.114298
36.97,1.33566,1.45971,0.839548,-0.124045
36.975,1.30977,1.44083,0.839416,-0.131064
36.98,1.27118,1.4216,0.839284,-0.150414
36.985,1.21871,1.40207,0.839153,-0.183357
36.99,1.20641,1.38232,0.839021,-0.175913
36.995,1.23288,1.36243,0.838889,-0.129545
37,1.24311,1.34245,0.838757,-0.0993326
37.005,1.23648,1.32245,0.838625,-0.085968
37.01,1.23251,1.3025,0.838494,-0.069987
37.015,1.22336,1.28266,0.838362,-0.0593005
37.02,1.19957,1.26298,0.83823,-0.0634142
37.025,1.15363,1.24352,0.838098,-0.0898949
37.03,1.10846,1.22434,0.837967,-0.115872
37.035,1.10515,1.20547,0.837835,-0.100316
37.04,1.09451,1.18695,0.837703,-0.0924494
37.045,1.07887,1.16884,0.837571,-0.0899708
37.05,1.07328,1.15117,0.83744,-0.077888
37.055,1.05676,1.13397,0.837308,-0.0772037
37.06,1.04451,1.11726,0.837176,-0.0727472
37.065,1.00655,1.10107,0.837044,-0.0945189
37.07,0.960782,1.08542,0.836913,-0.12464
37.075,0.946679,1.07033,0.836781,-0.123653
37.08,0.946315,1.05581,0.836649,-0.1095
37.085,0.945197,1.04188,0.836518,-0.0966801
37.09,0.952807,1.02853,0.836386,-0.0757198
37.095,0.942431,1.01577,0.836254,-0.0733341
37.1,0.93003,1.00359,0.836123,-0.0735645
37.105,0.915467,0.992011,0.835991,-0.076543
37.11,0.927032,0.981009,0.835859,-0.0539761
37.115,0.94186,0.970581,0.835728,-0.0287206
37.12,0.936212,0.960717,0.835596,-0.0245048
37.125,0.931345,0.951406,0.835465,-0.0200616
37.13,0.91889,0.942634,0.835333,-0.0237448
37.135,0.928904,0.934386,0.835201,-0.0054819
37.14,0.932063,0.926646,0.83507,0.00541727
37.145,0.925235,0.919395,0.834938,0.00583974
37.15,0.911609,0.912616,0.834807,-0.00100741
37.155,0.911307,0.90629,0.834675,0.00501666
37.16,0.888791,0.900397,0.834543,-0.0116061
37.165,0.89062,0.894917,0.834412,-0.00429734
37.17,0.883101,0.88983,0.83428,-0.00672928
37.175,0.881045,0.885115,0.834149,-0.00406992
37.18,0.884641,0.880753,0.834017,0.00388823
37.185,0.85509,0.876724,0.833886,-0.0216341
37.19,0.841067,0.873007,0.833754,-0.0319395
37.195,0.8391,0.869584,0.833623,-0.0304838
37.2,0.823595,0.866436,0.833491,-0.0428411
37.205,0.836948,0.863544,0.83336,-0.0265965
37.21,0.840952,0.860892,0.833228,-0.0199394
37.215,0.833731,0.858461,0.833097,-0.0247298
37.22,0.814423,0.856237,0.832965,-0.0418134
37.225,0.77722,0.854203,0.832834,-0.0769828
37.23,0.75963,0.852345,0.832702,-0.0927147
37.235,0.776548,0.850648,0.832571,-0.0741003
37.24,0.806032,0.8491,0.832439,-0.0430684
37.245,0.828839,0.847689,0.832308,-0.0188496
37.25,0.837519,0.846402,0.832176,-0.00888269
37.255,0.844545,0.845228,0.832045,-0.000683728
37.26,0.836684,0.844159,0.831914,-0.00747464
37.265,0.830124,0.843183,0.831782,-0.0130594
37.27,0.829464,0.842293,0.831651,-0.0128289
37.275,0.820059,0.84148,0.831519,-0.0214205
37.28,0.821725,0.840736,0.831388,-0.019011
37.285,0.799562,0.840056,0.831257,-0.0404936
37.29,0.791148,0.839432,0.831125,-0.0482837
37.295,0.799884,0.838859,0.830994,-0.0389753
37.3,0.809385,0.838332,0.830862,-0.028947
37.305,0.801358,0.837845,0.830731,-0.0364868
37.31,0.780311,0.837395,0.8306,-0.0570841
37.315,0.784271,0.836978,0.830468,-0.0527069
37.32,0.782571,0.836589,0.830337,-0.0540187
37.325,0.788994,0.836227,0.830206,-0.0472325
37.33,0.773495,0.835887,0.830074,-0.0623925
37.335,0.781378,0.835568,0.829943,-0.0541905
37.34,0.797755,0.835267,0.829812,-0.0375119
37.345,0.807045,0.834982,0.829681,-0.027937
37.35,0.807903,0.834711,0.829549,-0.0268075
37.355,0.807405,0.834452,0.829418,-0.0270475
37.36,0.821876,0.834205,0.829287,-0.0123287
37.365,0.837389,0.833967,0.829156,0.00342224
37.37,0.843796,0.833738,0.829024,0.0100581
37.375,0.847936,0.833517,0.828893,0.0144197
37.38,0.843091,0.833302,0.828762,0.00978925
37.385,0.824456,0.833093,0.828631,-0.00863714
37.39,0.816735,0.83289,0.828499,-0.016155
37.395,0.806409,0.832691,0.828368,-0.0262822
37.4,0.822254,0.832497,0.828237,-0.0102427
37.405,0.831425,0.832306,0.828106,-0.000880447
37.41,0.804406,0.832118,0.827975,-0.027712
37.415,0.777656,0.831934,0.827843,-0.054278
37.42,0.777242,0.831752,0.827712,-0.0545104
37.425,0.778724,0.831572,0.827581,-0.0528489
37.43,0.796532,0.831395,0.82745,-0.0348634
37.435,0.787508,0.83122,0.827319,-0.0437121
37.44,0.785624,0.831046,0.827188,-0.045422
37.445,0.789747,0.830874,0.827057,-0.0411271
37.45,0.804053,0.830703,0.826925,-0.0266508
37.455,0.806721,0.830534,0.826794,-0.0238129
37.46,0.830204,0.830366,0.826663,-0.000162385
37.465,0.829689,0.8302,0.826532,-0.000510182
37.47,0.848621,0.830034,0.826401,0.0185873
37.475,0.84844,0.829869,0.82627,0.0185702
37.48,0.831651,0.829706,0.826139,0.0019452
37.485,0.81515,0.829543,0.826008,-0.0143933
37.49,0.818563,0.829381,0.825877,-0.0108179
37.495,0.828327,0.82922,0.825746,-0.00089244
37.5,0.849658,0.82906,0.825615,0.0205986
37.505,0.839478,0.8289,0.825484,0.010578
37.51,0.833912,0.828741,0.825353,0.00517084
37.515,0.81375,0.828583,0.825222,-0.0148328
37.52,0.816479,0.828426,0.825091,-0.011947
37.525,0.829359,0.828269,0.82496,0.00108983
37.53,0.824813,0.828112,0.824829,-0.00329963
37.535,0.80337,0.827957,0.824698,-0.0245871
37.54,0.788306,0.827802,0.824567,-0.0394959
37.545,0.76899,0.827647,0.824436,-0.0586575
37.55,0.779582,0.827493,0.824305,-0.0479114
37.555,0.793381,0.82734,0.824174,-0.0339587
37.56,0.805143,0.827187,0.824043,-0.0220438
37.565,0.829942,0.827034,0.823912,0.00290789
37.57,0.826695,0.826882,0.823781,-0.0001871
37.575,0.828251,0.826731,0.82365,0.00151996
37.58,0.814406,0.82658,0.823519,-0.0121735
37.585,0.811121,0.826429,0.823388,-0.0153074
37.59,0.815999,0.826279,0.823258,-0.0102795
37.595,0.82225,0.826129,0.823127,-0.00387895
37.6,0.805247,0.825979,0.822996,-0.0207327
37.605,0.797827,0.82583,0.822865,-0.0280033
37.61,0.802607,0.825682,0.822734,-0.0230747
37.615,0.799452,0.825534,0.822603,-0.0260813
37.62,0.795885,0.825386,0.822472,-0.029501
37.625,0.791501,0.825238,0.822342,-0.0337375
37.63,0.788093,0.825091,0.822211,-0.0369982
37.635,0.802917,0.824944,0.82208,-0.0220271
37.64,0.78753,0.824798,0.821949,-0.0372682
37.645,0.780769,0.824652,0.821818,-0.043883
37.65,0.783455,0.824506,0.821688,-0.0410502
37.655,0.797065,0.82436,0.821557,-0.0272956
37.66,0.786772,0.824215,0.821426,-0.0374429
37.665,0.784384,0.82407,0.821295,-0.0396857
37.67,0.785217,0.823925,0.821165,-0.0387087
37.675,0.795091,0.823781,0.821034,-0.0286897
37.68,0.80164,0.823637,0.820903,-0.0219973
37.685,0.791325,0.823493,0.820772,-0.0321681
37.69,0.783681,0.82335,0.820642,-0.0396685
37.695,0.783415,0.823207,0.820511,-0.0397912
37.7,0.775958,0.823064,0.82038,-0.047106
37.705,0.772857,0.822921,0.82025,-0.0500634
37.71,0.773886,0.822778,0.820119,-0.0488928
37.715,0.766694,0.822636,0.819988,-0.0559417
37.72,0.762898,0.822494,0.819858,-0.0595965
37.725,0.764956,0.822352,0.819727,-0.0573959
37.73,0.747156,0.822211,0.819596,-0.0750543
37.735,0.747963,0.822069,0.819466,-0.0741066
37.74,0.74112,0.821928,0.819335,-0.0808088
37.745,0.742723,0.821787,0.819205,-0.0790639
37.75,0.750123,0.821647,0.819074,-0.0715235
37.755,0.765332,0.821506,0.818943,-0.0561739
37.76,0.776976,0.821366,0.818813,-0.0443898
37.765,0.781651,0.821226,0.818682,-0.0395747
37.77,0.772761,0.821086,0.818552,-0.0483254
37.775,0.767846,0.820946,0.818421,-0.0531007
37.78,0.762328,0.820807,0.818291,-0.0584784
37.785,0.758574,0.820667,0.81816,-0.0620931
37.79,0.765399,0.820528,0.81803,-0.0551294
37.795,0.772785,0.820389,0.817899,-0.0476041
37.8,0.778741,0.820251,0.817769,-0.0415092
37.805,0.77908,0.820112,0.817638,-0.0410324
37.81,0.7755,0.819973,0.817508,-0.0444739
37.815,0.777215,0.819835,0.817377,-0.04262
37.82,0.772604,0.819697,0.817247,-0.0470934
37.825,0.767261,0.819559,0.817116,-0.0522985
37.83,0.761433,0.819421,0.816986,-0.0579878
37.835,0.762332,0.819284,0.816855,-0.0569514
37.84,0.762233,0.819146,0.816725,-0.056913
37.845,0.750904,0.819009,0.816595,-0.0681043
37.85,0.74469,0.818872,0.816464,-0.0741815
37.855,0.744979,0.818734,0.816334,-0.0737558
37.86,0.732527,0.818598,0.816203,-0.0860706
37.865,0.738349,0.818461,0.816073,-0.0801122
37.87,0.747401,0.818324,0.815943,-0.0709226
37.875,0.755445,0.818188,0.815812,-0.0627428
37.88,0.773539,0.818051,0.815682,-0.044512
37.885,0.750606,0.817915,0.815552,-0.0673092
37.89,0.731913,0.817779,0.815421,-0.0858657
37.895,0.727208,0.817643,0.815291,-0.0904345
37.9,0.725764,0.817507,0.815161,-0.0917434
37.905,0.732335,0.817371,0.81503,-0.0850365
37.91,0.740745,0.817236,0.8149,-0.0764902
37.915,0.748365,0.8171,0.81477,-0.0687355
37.92,0.753253,0.816965,0.814639,-0.0637112
37.925,0.736557,0.816829,0.814509,-0.0802723
37.93,0.726033,0.816694,0.814379,-0.0906617
37.935,0.736505,0.816559,0.814249,-0.0800539
37.94,0.736459,0.816424,0.814118,-0.0799656
37.945,0.73855,0.816289,0.813988,-0.0777398
37.95,0.714837,0.816155,0.813858,-0.101318
37.955,0.715473,0.81602,0.813728,-0.100547
37.96,0.739912,0.815886,0.813598,-0.075974
37.965,0.760573,0.815751,0.813467,-0.0551781
37.97,0.773678,0.815617,0.813337,-0.0419384
37.975,0.767738,0.815483,0.813207,-0.0477445
37.98,0.757488,0.815349,0.813077,-0.0578606
37.985,0.766986,0.815215,0.812947,-0.0482284
37.99,0.756134,0.815081,0.812817,-0.0589464
37.995,0.758427,0.814947,0.812686,-0.0565202
38,0.747962,0.814813,0.812556,-0.0668513
38.005,0.738029,0.814679,0.812426,-0.07665
38.01,0.730774,0.814546,0.812296,-0.0837717
38.015,0.738455,0.814412,0.812166,-0.075957
38.02,0.74757,0.814279,0.812036,-0.0667088
38.025,0.749044,0.814146,0.811906,-0.0651021
38.03,0.745993,0.814013,0.811776,-0.06802
38.035,0.751529,0.81388,0.811646,-0.062351
38.04,0.75541,0.813747,0.811516,-0.0583363
38.045,0.763707,0.813614,0.811386,-0.0499068
38.05,0.753688,0.813481,0.811256,-0.0597928
38.055,0.743993,0.813348,0.811126,-0.0693548
38.06,0.744587,0.813215,0.810996,-0.0686285
38.065,0.735127,0.813083,0.810866,-0.077956
38.07,0.739809,0.81295,0.810736,-0.0731413
38.075,0.752541,0.812818,0.810606,-0.0602768
38.08,0.770564,0.812685,0.810476,-0.0421214
38.085,0.781494,0.812553,0.810346,-0.0310596
38.09,0.773148,0.812421,0.810216,-0.0392734
38.095,0.771033,0.812289,0.810086,-0.0412563
38.1,0.761835,0.812157,0.809956,-0.0503213
38.105,0.754548,0.812025,0.809826,-0.0574768
38.11,0.760969,0.811893,0.809696,-0.0509239
38.115,0.762785,0.811761,0.809566,-0.0489762
38.12,0.75012,0.811629,0.809436,-0.0615091
38.125,0.730758,0.811498,0.809307,-0.0807391
38.13,0.725402,0.811366,0.809177,-0.0859638
38.135,0.735514,0.811234,0.809047,-0.0757205
38.14,0.741461,0.811103,0.808917,-0.0696416
38.145,0.731796,0.810971,0.808787,-0.0791754
38.15,0.73134,0.81084,0.808657,-0.0794999
38.155,0.727604,0.810709,0.808528,-0.0831046
38.16,0.72899,0.810578,0.808398,-0.0815871
38.165,0.720338,0.810446,0.808268,-0.0901086
38.17,0.718777,0.810315,0.808138,-0.091538
38.175,0.730887,0.810184,0.808008,-0.0792973
38.18,0.736333,0.810053,0.807879,-0.07372
38.185,0.751945,0.809922,0.807749,-0.0579772
38.19,0.75709,0.809792,0.807619,-0.0527015
38.195,0.756033,0.809661,0.807489,-0.0536282
38.2,0.752236,0.80953,0.80736,-0.0572946
38.205,0.739194,0.809399,0.80723,-0.0702057
38.21,0.750789,0.809269,0.8071,-0.0584795
38.215,0.75033,0.809138,0.806971,-0.0588085
38.22,0.748555,0.809008,0.806841,-0.060453
38.225,0.728109,0.808877,0.806711,-0.080768
38.23,0.731457,0.808747,0.806582,-0.0772904
38.235,0.733978,0.808617,0.806452,-0.0746389
38.24,0.744032,0.808487,0.806322,-0.0644549
38.245,0.748629,0.808356,0.806193,-0.0597269
38.25,0.744348,0.808226,0.806063,-0.0638787
38.255,0.746081,0.808096,0.805934,-0.0620151
38.26,0.746569,0.807966,0.805804,-0.0613968
38.265,0.742509,0.807836,0.805674,-0.0653277
38.27,0.739632,0.807706,0.805545,-0.0680746
38.275,0.736894,0.807576,0.805415,-0.0706826
38.28,0.739358,0.807447,0.805286,-0.0680882
38.285,0.748689,0.807317,0.805156,-0.0586276
38.29,0.747383,0.807187,0.805027,-0.0598038
38.295,0.748568,0.807058,0.804897,-0.0584896
38.3,0.748673,0.806928,0.804768,-0.0582554
38.305,0.74828,0.806798,0.804638,-0.0585183
38.31,0.753142,0.806669,0.804509,-0.0535269
38.315,0.746007,0.80654,0.804379,-0.0605323
38.32,0.746002,0.80641,0.80425,-0.060408
38.325,0.74199,0.806281,0.80412,-0.064291
38.33,0.738239,0.806152,0.803991,-0.0679129
38.335,0.734025,0.806022,0.803861,-0.0719976
38.34,0.726388,0.805893,0.803732,-0.0795051
38.345,0.738633,0.805764,0.803603,-0.0671307
38.35,0.757489,0.805635,0.803473,-0.0481457
38.355,0.768293,0.805506,0.803344,-0.0372132
38.36,0.777287,0.805377,0.803214,-0.0280896
38.365,0.761402,0.805248,0.803085,-0.0438458
38.37,0.763072,0.805119,0.802956,-0.0420477
38.375,0.765606,0.80499,0.802826,-0.0393844
38.38,0.752212,0.804862,0.802697,-0.0526494
38.385,0.761539,0.804733,0.802568,-0.043194
38.39,0.754383,0.804604,0.802438,-0.0502212
38.395,0.771819,0.804476,0.802309,-0.0326567
38.4,0.786982,0.804347,0.80218,-0.0173651
38.405,0.791357,0.804218,0.80205,-0.0128615
38.41,0.796065,0.80409,0.801921,-0.00802499
38.415,0.798452,0.803962,0.801792,-0.0055095
38.42,0.80064,0.803833,0.801663,-0.00319312
38.425,0.805479,0.803705,0.801533,0.00177443
38.43,0.797299,0.803576,0.801404,-0.00627705
38.435,0.794236,0.803448,0.801275,-0.00921231
38.44,0.78814,0.80332,0.801146,-0.0151805
38.445,0.762483,0.803192,0.801017,-0.0407084
38.45,0.737401,0.803064,0.800887,-0.0656631
38.455,0.741372,0.802936,0.800758,-0.0615641
38.46,0.748287,0.802808,0.800629,-0.0545208
38.465,0.750491,0.80268,0.8005,-0.0521889
38.47,0.748075,0.802552,0.800371,-0.0544769
38.475,0.730804,0.802424,0.800242,-0.0716201
38.48,0.737351,0.802296,0.800113,-0.0649454
38.485,0.744118,0.802168,0.799984,-0.0580504
38.49,0.765176,0.80204,0.799854,-0.0368646
38.495,0.779375,0.801913,0.799725,-0.0225371
38.5,0.791644,0.801785,0.799596,-0.0101406
38.505,0.784608,0.801657,0.799467,-0.0170493
38.51,0.764138,0.80153,0.799338,-0.0373919
38.515,0.753723,0.801402,0.799209,-0.0476794
38.52,0.742653,0.801275,0.79908,-0.0586218
38.525,0.753325,0.801147,0.798951,-0.0478219
38.53,0.743229,0.80102,0.798822,-0.0577911
38.535,0.742127,0.800892,0.798693,-0.0587649
38.54,0.744659,0.800765,0.798564,-0.0561064
38.545,0.764448,0.800638,0.798435,-0.0361899
38.55,0.75847,0.80051,0.798306,-0.0420408
38.555,0.7412,0.800383,0.798177,-0.0591836
38.56,0.738995,0.800256,0.798048,-0.0612615
38.565,0.74807,0.800129,0.797919,-0.0520586
38.57,0.744996,0.800002,0.797791,-0.0550057
38.575,0.732779,0.799875,0.797662,-0.0670962
38.58,0.733458,0.799748,0.797533,-0.0662897
38.585,0.734986,0.799621,0.797404,-0.0646348
38.59,0.746013,0.799494,0.797275,-0.0534807
38.595,0.7483,0.799367,0.797146,-0.051067
38.6,0.753104,0.79924,0.797017,-0.0461361
38.605,0.758703,0.799113,0.796889,-0.0404105
38.61,0.772095,0.798987,0.79676,-0.0268915
38.615,0.759142,0.79886,0.796631,-0.0397178
38.62,0.752177,0.798733,0.796502,-0.0465561
38.625,0.736043,0.798607,0.796373,-0.0625641
38.63,0.717581,0.79848,0.796245,-0.0808985
38.635,0.712674,0.798353,0.796116,-0.0856796
38.64,0.714278,0.798227,0.795987,-0.0839494
38.645,0.714621,0.7981,0.795858,-0.0834797
38.65,0.724754,0.797974,0.79573,-0.0732204
38.655,0.722823,0.797848,0.795601,-0.0750243
38.66,0.715903,0.797721,0.795472,-0.0818184
38.665,0.733731,0.797595,0.795343,-0.0638642
38.67,0.743347,0.797469,0.795215,-0.0541212
38.675,0.745431,0.797342,0.795086,-0.0519119
38.68,0.751761,0.797216,0.794957,-0.0454549
38.685,0.748491,0.79709,0.794829,-0.0485989
38.69,0.763866,0.796964,0.7947,-0.0330975
38.695,0.762801,0.796838,0.794572,-0.034037
38.7,0.760188,0.796712,0.794443,-0.0365234
38.705,0.754526,0.796586,0.794314,-0.0420602
38.71,0.733424,0.79646,0.794186,-0.0630357
38.715,0.724461,0.796334,0.794057,-0.0718734
38.72,0.70557,0.796208,0.793929,-0.0906381
38.725,0.70126,0.796082,0.7938,-0.0948223
38.73,0.703287,0.795956,0.793672,-0.0926697
38.735,0.702018,0.795831,0.793543,-0.0938131
38.74,0.695366,0.795705,0.793414,-0.100339
38.745,0.682335,0.795579,0.793286,-0.113244
38.75,0.679692,0.795454,0.793157,-0.115761
38.755,0.704181,0.795328,0.793029,-0.0911471
38.76,0.719494,0.795203,0.792901,-0.075709
38.765,0.724767,0.795077,0.792772,-0.0703099
38.77,0.724899,0.794952,0.792644,-0.0700522
38.775,0.716596,0.794826,0.792515,-0.0782302
38.78,0.713853,0.794701,0.792387,-0.0808475
38.785,0.70161,0.794575,0.792258,-0.0929654
38.79,0.691962,0.79445,0.79213,-0.102488
38.795,0.692004,0.794325,0.792002,-0.102321
38.8,0.709256,0.794199,0.791873,-0.0849435
38.805,0.706118,0.794074,0.791745,-0.0879567
38.81,0.703439,0.793949,0.791617,-0.0905103
38.815,0.705216,0.793824,0.791488,-0.0886084
38.82,0.70773,0.793699,0.79136,-0.0859691
38.825,0.717115,0.793574,0.791232,-0.0764585
38.83,0.721797,0.793449,0.791103,-0.071652
38.835,0.717408,0.793324,0.790975,-0.0759158
38.84,0.708903,0.793199,0.790847,-0.0842963
38.845,0.695616,0.793074,0.790718,-0.0974582
38.85,0.688589,0.792949,0.79059,-0.10436
38.855,0.702606,0.792824,0.790462,-0.0902181
38.86,0.724294,0.7927,0.790334,-0.0684054
38.865,0.737163,0.792575,0.790205,-0.0554122
38.87,0.746023,0.79245,0.790077,-0.0464266
38.875,0.741664,0.792325,0.789949,-0.0506617
38.88,0.733962,0.792201,0.789821,-0.0582385
38.885,0.716257,0.792076,0.789693,-0.0758189
38.89,0.713479,0.791952,0.789565,-0.0784727
38.895,0.707403,0.791827,0.789436,-0.0844246
38.9,0.700336,0.791703,0.789308,-0.0913664
38.905,0.689961,0.791578,0.78918,-0.101617
38.91,0.695969,0.791454,0.789052,-0.0954854
38.915,0.702531,0.79133,0.788924,-0.0887984
38.92,0.69712,0.791205,0.788796,-0.0940848
38.925,0.69256,0.791081,0.788668,-0.0985213
38.93,0.690852,0.790957,0.78854,-0.100105
38.935,0.698842,0.790833,0.788412,-0.0919907
38.94,0.697304,0.790709,0.788284,-0.093404
38.945,0.691203,0.790584,0.788156,-0.0993812
38.95,0.691416,0.79046,0.788028,-0.0990448
38.955,0.714278,0.790336,0.7879,-0.0760584
38.96,0.733497,0.790212,0.787772,-0.0567154
38.965,0.733161,0.790088,0.787644,-0.0569271
38.97,0.72714,0.789964,0.787516,-0.0628243
38.975,0.724182,0.789841,0.787388,-0.0656586
38.98,0.724147,0.789717,0.78726,-0.0655695
38.985,0.724964,0.789593,0.787132,-0.0646293
38.99,0.722925,0.789469,0.787004,-0.0665441
38.995,0.719159,0.789346,0.786876,-0.0701867
39,0.72664,0.789222,0.786748,-0.0625815
39.005,0.713482,0.789098,0.78662,-0.0756162
39.01,0.71084,0.788975,0.786493,-0.0781346
39.015,0.702739,0.788851,0.786365,-0.0861119
39.02,0.68309,0.788728,0.786237,-0.105638
39.025,0.670844,0.788604,0.786109,-0.11776
39.03,0.657078,0.788481,0.785981,-0.131403
39.035,0.663117,0.788357,0.785853,-0.125241
39.04,0.675496,0.788234,0.785726,-0.112738
39.045,0.686437,0.788111,0.785598,-0.101674
39.05,0.703852,0.787988,0.78547,-0.0841358
39.055,0.710511,0.787864,0.785342,-0.0773535
39.06,0.703301,0.787741,0.785215,-0.0844396
39.065,0.698732,0.787618,0.785087,-0.0888864
39.07,0.693873,0.787495,0.784959,-0.0936217
39.075,0.688986,0.787372,0.784832,-0.0983863
39.08,0.685693,0.787249,0.784704,-0.101556
39.085,0.687842,0.787126,0.784576,-0.0992841
39.09,0.708134,0.787003,0.784449,-0.0788688
39.095,0.726005,0.78688,0.784321,-0.060875
39.1,0.712226,0.786757,0.784193,-0.0745309
39.105,0.697945,0.786634,0.784066,-0.0886898
39.11,0.679997,0.786512,0.783938,-0.106515
39.115,0.681781,0.786389,0.78381,-0.104608
39.12,0.698831,0.786266,0.783683,-0.0874349
39.125,0.691186,0.786144,0.783555,-0.094958
39.13,0.688351,0.786021,0.783428,-0.0976703
39.135,0.694604,0.785898,0.7833,-0.0912946
39.14,0.699544,0.785776,0.783173,-0.0862316
39.145,0.699377,0.785653,0.783045,-0.0862762
39.15,0.700716,0.785531,0.782918,-0.0848149
39.155,0.692928,0.785409,0.78279,-0.0924806
39.16,0.690611,0.785286,0.782663,-0.0946755
39.165,0.692861,0.785164,0.782535,-0.0923027
39.17,0.694138,0.785042,0.782408,-0.0909034
39.175,0.697345,0.78492,0.78228,-0.0875746
39.18,0.699659,0.784797,0.782153,-0.0851386
39.185,0.69715,0.784675,0.782025,-0.0875256
39.19,0.699493,0.784553,0.781898,-0.0850604
39.195,0.706133,0.784431,0.781771,-0.0782978
39.2,0.699213,0.784309,0.781643,-0.0850963
39.205,0.687137,0.784187,0.781516,-0.0970506
39.21,0.679773,0.784065,0.781389,-0.104293
39.215,0.669619,0.783943,0.781261,-0.114324
39.22,0.674764,0.783822,0.781134,-0.109057
39.225,0.676036,0.7837,0.781007,-0.107664
39.23,0.686939,0.783578,0.780879,-0.0966387
39.235,0.682975,0.783456,0.780752,-0.100481
39.24,0.699571,0.783335,0.780625,-0.0837633
39.245,0.693482,0.783213,0.780498,-0.0897311
39.25,0.675663,0.783092,0.78037,-0.107429
39.255,0.661672,0.78297,0.780243,-0.121299
39.26,0.678349,0.782849,0.780116,-0.1045
39.265,0.699779,0.782727,0.779989,-0.0829481
39.27,0.701756,0.782606,0.779861,-0.0808503
39.275,0.687277,0.782485,0.779734,-0.0952071
39.28,0.685131,0.782363,0.779607,-0.0972321
39.285,0.713874,0.782242,0.77948,-0.0683679
39.29,0.750404,0.782121,0.779353,-0.0317167
39.295,0.746763,0.782,0.779226,-0.0352363
39.3,0.733892,0.781879,0.779099,-0.0479866
39.305,0.719053,0.781758,0.778971,-0.0627041
39.31,0.720363,0.781637,0.778844,-0.0612734
39.315,0.724763,0.781516,0.778717,-0.0567521
39.32,0.725628,0.781395,0.77859,-0.055767
39.325,0.720375,0.781274,0.778463,-0.0608983
39.33,0.716015,0.781153,0.778336,-0.0651376
39.335,0.710126,0.781032,0.778209,-0.0709063
39.34,0.703567,0.780911,0.778082,-0.0773448
39.345,0.704761,0.780791,0.777955,-0.0760301
39.35,0.707361,0.78067,0.777828,-0.0733087
39.355,0.709319,0.78055,0.777701,-0.0712302
39.36,0.707436,0.780429,0.777574,-0.0729928
39.365,0.706754,0.780309,0.777447,-0.073554
39.37,0.724835,0.780188,0.77732,-0.0553528
39.375,0.726602,0.780068,0.777193,-0.0534653
39.38,0.728755,0.779947,0.777067,-0.0511927
39.385,0.711567,0.779827,0.77694,-0.0682602
39.39,0.709402,0.779707,0.776813,-0.0703049
39.395,0.704276,0.779587,0.776686,-0.0753107
39.4,0.698595,0.779466,0.776559,-0.0808711
39.405,0.69109,0.779346,0.776432,-0.0882561
39.41,0.694186,0.779226,0.776305,-0.0850406
39.415,0.691986,0.779106,0.776179,-0.0871198
39.42,0.693593,0.778986,0.776052,-0.0853929
39.425,0.699725,0.778866,0.775925,-0.0791409
39.43,0.703913,0.778746,0.775798,-0.0748337
39.435,0.70127,0.778627,0.775672,-0.077357
39.44,0.7086,0.778507,0.775545,-0.0699065
39.445,0.709137,0.778387,0.775418,-0.0692506
39.45,0.721257,0.778268,0.775291,-0.0570102
39.455,0.72036,0.778148,0.775165,-0.0577878
39.46,0.709125,0.778028,0.775038,-0.0689032
39.465,0.695539,0.777909,0.774911,-0.0823702
39.47,0.690338,0.777789,0.774785,-0.0874511
39.475,0.687282,0.77767,0.774658,-0.0903878
39.48,0.682044,0.777551,0.774531,-0.0955071
39.485,0.682921,0.777431,0.774405,-0.09451
39.49,0.681276,0.777312,0.774278,-0.096036
39.495,0.683075,0.777193,0.774152,-0.0941176
39.5,0.678172,0.777074,0.774025,-0.0989016
39.505,0.680998,0.776955,0.773898,-0.0959566
39.51,0.691399,0.776836,0.773772,-0.0854366
39.515,0.707515,0.776717,0.773645,-0.0692014
39.52,0.698802,0.776598,0.773519,-0.0777962
39.525,0.674978,0.776479,0.773392,-0.101501
39.53,0.661477,0.77636,0.773266,-0.114883
39.535,0.656148,0.776241,0.773139,-0.120093
39.54,0.66635,0.776123,0.773013,-0.109773
39.545,0.673638,0.776004,0.772886,-0.102366
39.55,0.662437,0.775885,0.77276,-0.113448
39.555,0.663833,0.775767,0.772634,-0.111934
39.56,0.684515,0.775648,0.772507,-0.0911333
39.565,0.698579,0.77553,0.772381,-0.076951
39.57,0.702516,0.775411,0.772254,-0.0728948
39.575,0.702227,0.775293,0.772128,-0.0730662
39.58,0.710802,0.775175,0.772002,-0.0643731
39.585,0.721238,0.775056,0.771875,-0.053819
39.59,0.719937,0.774938,0.771749,-0.0550015
39.595,0.709315,0.77482,0.771623,-0.065505
39.6,0.701084,0.774702,0.771496,-0.0736181
39.605,0.679789,0.774584,0.77137,-0.0947952
39.61,0.668893,0.774466,0.771244,-0.105574
39.615,0.673923,0.774348,0.771117,-0.100425
39.62,0.691819,0.77423,0.770991,-0.0824117
39.625,0.716749,0.774113,0.770865,-0.0573641
39.63,0.720069,0.773995,0.770739,-0.0539263
39.635,0.707605,0.773877,0.770613,-0.0662724
39.64,0.700563,0.77376,0.770486,-0.0731963
39.645,0.685599,0.773642,0.77036,-0.0880433
39.65,0.687106,0.773525,0.770234,-0.0864183
39.655,0.689945,0.773407,0.770108,-0.0834625
39.66,0.686911,0.77329,0.769982,-0.0863795
39.665,0.679154,0.773173,0.769856,-0.0940188
39.67,0.68724,0.773055,0.76973,-0.085815
39.675,0.697755,0.772938,0.769603,-0.0751832
39.68,0.701326,0.772821,0.769477,-0.0714949
39.685,0.694846,0.772704,0.769351,-0.0778585
39.69,0.686611,0.772587,0.769225,-0.0859759
39.695,0.689315,0.77247,0.769099,-0.0831548
39.7,0.694959,0.772353,0.768973,-0.0773943
39.705,0.692463,0.772236,0.768847,-0.0797737
39.71,0.685348,0.77212,0.768721,-0.0867717
39.715,0.693973,0.772003,0.768595,-0.0780296
39.72,0.696813,0.771886,0.768469,-0.0750729
39.725,0.704403,0.77177,0.768343,-0.0673663
39.73,0.702471,0.771653,0.768217,-0.0691826
39.735,0.704741,0.771537,0.768092,-0.0667957
39.74,0.701053,0.77142,0.767966,-0.070367
39.745,0.697681,0.771304,0.76784,-0.0736234
39.75,0.70184,0.771188,0.767714,-0.0693484
39.755,0.699935,0.771072,0.767588,-0.0711366
39.76,0.694456,0.770956,0.767462,-0.0764991
39.765,0.68911,0.77084,0.767336,-0.0817294
39.77,0.696357,0.770724,0.76721,-0.0743665
39.775,0.70087,0.770608,0.767085,-0.0697379
39.78,0.704202,0.770492,0.766959,-0.06629
39.785,0.716317,0.770376,0.766833,-0.0540591
39.79,0.717399,0.77026,0.766707,-0.0528614
39.795,0.727045,0.770145,0.766582,-0.0430999
39.8,0.722127,0.770029,0.766456,-0.0479023
39.805,0.713613,0.769914,0.76633,-0.0563003
39.81,0.709037,0.769798,0.766204,-0.0607612
39.815,0.708597,0.769683,0.766079,-0.0610852
39.82,0.713029,0.769567,0.765953,-0.0565386
39.825,0.720039,0.769452,0.765827,-0.0494136
39.83,0.716469,0.769337,0.765702,-0.0528682
39.835,0.698512,0.769222,0.765576,-0.0707101
39.84,0.683846,0.769107,0.76545,-0.0852608
39.845,0.678564,0.768992,0.765325,-0.0904282
39.85,0.682207,0.768877,0.765199,-0.0866694
39.855,0.692868,0.768762,0.765074,-0.0758937
39.86,0.69255,0.768647,0.764948,-0.0760972
39.865,0.691702,0.768533,0.764823,-0.0768303
39.87,0.690623,0.768418,0.764697,-0.077795
39.875,0.685795,0.768304,0.764572,-0.0825087
39.88,0.689586,0.768189,0.764446,-0.078603
39.885,0.689614,0.768075,0.764321,-0.0784609
39.89,0.686318,0.76796,0.764195,-0.081642
39.895,0.692105,0.767846,0.76407,-0.0757409
39.9,0.686755,0.767732,0.763944,-0.0809774
39.905,0.690571,0.767618,0.763819,-0.0770469
39.91,0.683303,0.767504,0.763693,-0.0842004
39.915,0.667221,0.76739,0.763568,-0.100169
39.92,0.66993,0.767276,0.763443,-0.0973459
39.925,0.670042,0.767162,0.763317,-0.0971203
39.93,0.681241,0.767048,0.763192,-0.0858076
39.935,0.687533,0.766935,0.763066,-0.0794022
39.94,0.689321,0.766821,0.762941,-0.0774998
39.945,0.689683,0.766708,0.762816,-0.0770247
39.95,0.696195,0.766594,0.762691,-0.0703993
39.955,0.698745,0.766481,0.762565,-0.0677364
39.96,0.698434,0.766368,0.76244,-0.0679339
39.965,0.700957,0.766255,0.762315,-0.0652972
39.97,0.70097,0.766142,0.762189,-0.0651717
39.975,0.70054,0.766029,0.762064,-0.0654886
39.98,0.69003,0.765916,0.761939,-0.0758859
39.985,0.668748,0.765803,0.761814,-0.0970543
39.99,0.663063,0.76569,0.761689,-0.102627
39.995,0.673206,0.765577,0.761563,-0.0923717
40,0.678393,0.765465,0.761438,-0.087072
40.005,0.679017,0.765352,0.761313,-0.0863352
40.01,0.672166,0.76524,0.761188,-0.0930738
40.015,0.674815,0.765127,0.761063,-0.0903126
40.02,0.685256,0.765015,0.760938,-0.0797591
40.025,0.686287,0.764903,0.760813,-0.0786165
40.03,0.694911,0.764791,0.760688,-0.0698801
40.035,0.700481,0.764679,0.760563,-0.0641983
40.04,0.703274,0.764567,0.760438,-0.0612933
40.045,0.704667,0.764455,0.760313,-0.0597877
40.05,0.682233,0.764343,0.760188,-0.0821106
40.055,0.669775,0.764232,0.760063,-0.0944566
40.06,0.668111,0.76412,0.759938,-0.0960095
40.065,0.673301,0.764009,0.759813,-0.0907078
40.07,0.678674,0.763897,0.759688,-0.0852232
40.075,0.676606,0.763786,0.759563,-0.0871796
40.08,0.667441,0.763675,0.759438,-0.0962342
40.085,0.668127,0.763564,0.759313,-0.0954371
40.09,0.675544,0.763453,0.759188,-0.0879082
40.095,0.679328,0.763342,0.759063,-0.0840134
40.1,0.677422,0.763231,0.758938,-0.0858092
40.105,0.680665,0.76312,0.758814,-0.0824552
40.11,0.681606,0.763009,0.758689,-0.0814033
40.115,0.683874,0.762899,0.758564,-0.0790252
40.12,0.698185,0.762788,0.758439,-0.0646036
40.125,0.697103,0.762678,0.758314,-0.0655754
40.13,0.709362,0.762568,0.75819,-0.0532054
40.135,0.709143,0.762458,0.758065,-0.0533143
40.14,0.69156,0.762347,0.75794,-0.0707872
40.145,0.68522,0.762238,0.757815,-0.0770175
40.15,0.682142,0.762128,0.757691,-0.0799858
40.155,0.67838,0.762018,0.757566,-0.0836379
40.16,0.679826,0.761908,0.757441,-0.0820818
40.165,0.672463,0.761799,0.757317,-0.0893357
40.17,0.674254,0.761689,0.757192,-0.0874353
40.175,0.676633,0.76158,0.757067,-0.0849468
40.18,0.67229,0.76147,0.756943,-0.08918
40.185,0.66831,0.761361,0.756818,-0.0930509
40.19,0.665746,0.761252,0.756694,-0.0955056
40.195,0.659832,0.761143,0.756569,-0.101311
40.2,0.653288,0.761034,0.756444,-0.107747
40.205,0.667838,0.760925,0.75632,-0.093087
40.21,0.688256,0.760817,0.756195,-0.0725607
40.215,0.70832,0.760708,0.756071,-0.052388
40.22,0.701883,0.7606,0.755946,-0.0587167
40.225,0.691711,0.760491,0.755822,-0.0687805
40.23,0.682309,0.760383,0.755698,-0.078074
40.235,0.683656,0.760275,0.755573,-0.0766194
40.24,0.69166,0.760167,0.755449,-0.0685075
40.245,0.697222,0.760059,0.755324,-0.0628375
40.25,0.692576,0.759951,0.7552,-0.0673753
40.255,0.69202,0.759844,0.755075,-0.0678241
40.26,0.691842,0.759736,0.754951,-0.067894
40.265,0.692079,0.759629,0.754827,-0.0675493
40.27,0.70008,0.759521,0.754702,-0.0594413
40.275,0.694564,0.759414,0.754578,-0.0648498
40.28,0.693889,0.759307,0.754454,-0.0654176
40.285,0.699166,0.7592,0.754329,-0.0600342
40.29,0.698365,0.759093,0.754205,-0.0607286
40.295,0.692775,0.758986,0.754081,-0.0662111
40.3,0.683034,0.75888,0.753957,-0.0758461
40.305,0.675334,0.758773,0.753832,-0.0834395
40.31,0.666575,0.758667,0.753708,-0.0920913
40.315,0.662025,0.75856,0.753584,-0.0965352
40.32,0.653694,0.758456,0.75346,-0.104762
40.325,0.648235,0.75835,0.753336,-0.110115
40.33,0.647853,0.758244,0.753212,-0.110391
40.335,0.657055,0.758139,0.753087,-0.101083
40.34,0.672161,0.758033,0.752963,-0.0858719
40.345,0.695947,0.757927,0.752839,-0.0619802
40.35,0.701958,0.757822,0.752715,-0.0558641
40.355,0.702068,0.757717,0.752591,-0.0556491
40.36,0.702387,0.757612,0.752467,-0.0552242
40.365,0.686824,0.757506,0.752343,-0.0706828
40.37,0.684384,0.757402,0.752219,-0.0730177
40.375,0.674639,0.757297,0.752095,-0.0826578
40.38,0.66556,0.757192,0.751971,-0.0916323
40.385,0.671894,0.757088,0.751847,-0.0851932
40.39,0.681703,0.756983,0.751723,-0.0752807
40.395,0.684906,0.756879,0.751599,-0.0719731
40.4,0.692709,0.756775,0.751475,-0.064066
40.405,0.687073,0.756671,0.751351,-0.0695976
40.41,0.699548,0.756567,0.751227,-0.0570196
40.415,0.702932,0.756464,0.751103,-0.0535314
40.42,0.698775,0.75636,0.750979,-0.0575852
40.425,0.712026,0.756257,0.750856,-0.0442306
40.43,0.716336,0.756153,0.750732,-0.039817
40.435,0.70236,0.75605,0.750608,-0.0536899
40.44,0.711222,0.755947,0.750484,-0.0447255
40.445,0.705586,0.755844,0.75036,-0.050258
40.45,0.705877,0.755742,0.750237,-0.0498649
40.455,0.701819,0.755639,0.750113,-0.0538205
40.46,0.695781,0.755537,0.749989,-0.0597557
40.465,0.715208,0.755435,0.749865,-0.0402268
40.47,0.719031,0.755332,0.749742,-0.0363016
40.475,0.707288,0.755231,0.749618,-0.0479422
40.48,0.701796,0.755129,0.749494,-0.0533332
40.485,0.708564,0.755027,0.749371,-0.0464632
40.49,0.712565,0.754926,0.749247,-0.0423605
40.495,0.699855,0.754824,0.749123,-0.0549694
40.5,0.677824,0.754723,0.749,-0.0768991
40.505,0.664518,0.754622,0.748876,-0.0901036
40.51,0.655621,0.754521,0.748752,-0.0989001
40.515,0.654228,0.754421,0.748629,-0.100193
40.52,0.657358,0.75432,0.748505,-0.0969623
40.525,0.664186,0.75422,0.748382,-0.0900334
40.53,0.664314,0.754119,0.748258,-0.0898054
40.535,0.683663,0.754019,0.748135,-0.0703568
40.54,0.694099,0.75392,0.748011,-0.0598203
40.545,0.700551,0.75382,0.747888,-0.0532693
40.55,0.697816,0.75372,0.747764,-0.0559043
40.555,0.688674,0.753621,0.747641,-0.0649473
40.56,0.684007,0.753522,0.747517,-0.0695147
40.565,0.703067,0.753423,0.747394,-0.0503559
40.57,0.71588,0.753324,0.747271,-0.037444
40.575,0.715792,0.753225,0.747147,-0.0374332
40.58,0.708103,0.753127,0.747024,-0.0450234
40.585,0.690616,0.753028,0.746901,-0.062413
40.59,0.684617,0.75293,0.746777,-0.0683131
40.595,0.676045,0.752832,0.746654,-0.0767869
40.6,0.665449,0.752735,0.746531,-0.0872856
40.605,0.676768,0.752637,0.746407,-0.075869
40.61,0.68603,0.75254,0.746284,-0.0665093
40.615,0.703843,0.752442,0.746161,-0.048599
40.62,0.694759,0.752345,0.746038,-0.0575862
40.625,0.699379,0.752249,0.745914,-0.0528692
40.63,0.703198,0.752152,0.745791,-0.0489541
40.635,0.699922,0.752056,0.745668,-0.0521338
40.64,0.699378,0.751959,0.745545,-0.0525815
40.645,0.69722,0.751863,0.745422,-0.0546433
40.65,0.696397,0.751767,0.745299,-0.0553703
40.655,0.696637,0.751672,0.745175,-0.0550349
40.66,0.678676,0.751576,0.745052,-0.0729006
40.665,0.669578,0.751481,0.744929,-0.0819028
40.67,0.677346,0.751386,0.744806,-0.0740395
40.675,0.673212,0.751291,0.744683,-0.0780788
40.68,0.674353,0.751196,0.74456,-0.0768433
40.685,0.6679,0.751102,0.744437,-0.0832017
40.69,0.671706,0.751008,0.744314,-0.0793015
40.695,0.688081,0.750914,0.744191,-0.0628326
40.7,0.709441,0.75082,0.744068,-0.0413786
40.705,0.704397,0.750727,0.743945,-0.0463296
40.71,0.68917,0.750633,0.743822,-0.0614628
40.715,0.677692,0.75054,0.743699,-0.0728481
40.72,0.676859,0.750447,0.743576,-0.073588
40.725,0.693802,0.750354,0.743453,-0.056552
40.73,0.694871,0.750262,0.743331,-0.0553912
40.735,0.683786,0.75017,0.743208,-0.0663834
40.74,0.689709,0.750078,0.743085,-0.0603686
40.745,0.700403,0.749986,0.742962,-0.0495832
40.75,0.718345,0.749894,0.742839,-0.0315491
40.755,0.722617,0.749803,0.742716,-0.0271862
40.76,0.705345,0.749712,0.742594,-0.0443676
40.765,0.692169,0.749621,0.742471,-0.0574528
40.77,0.677897,0.749531,0.742348,-0.071634
40.775,0.674242,0.74944,0.742225,-0.0751988
40.78,0.675902,0.74935,0.742103,-0.0734488
40.785,0.674313,0.749261,0.74198,-0.0749479
40.79,0.665003,0.749171,0.741857,-0.0841682
40.795,0.668865,0.749082,0.741735,-0.0802167
40.8,0.669555,0.748993,0.741612,-0.0794373
40.805,0.681073,0.748904,0.741489,-0.0678303
40.81,0.693644,0.748815,0.741367,-0.0551711
40.815,0.691739,0.748727,0.741244,-0.056988
40.82,0.695982,0.748639,0.741121,-0.0526566
40.825,0.706881,0.748551,0.740999,-0.0416699
40.83,0.715561,0.748464,0.740876,-0.0329029
40.835,0.709605,0.748376,0.740754,-0.0387718
40.84,0.693859,0.748289,0.740631,-0.0544302
40.845,0.692881,0.748203,0.740509,-0.0553222
40.85,0.691336,0.748116,0.740386,-0.0567799
40.855,0.703632,0.74803,0.740264,-0.0443982
40.86,0.706628,0.747944,0.740141,-0.0413162
40.865,0.702023,0.747859,0.740019,-0.0458362
40.87,0.712934,0.747774,0.739897,-0.0348396
40.875,0.714587,0.747689,0.739774,-0.033102
40.88,0.696595,0.747604,0.739652,-0.0510087
40.885,0.696019,0.74752,0.739529,-0.0515004
40.89,0.676375,0.747436,0.739407,-0.0710608
40.895,0.670896,0.747352,0.739285,-0.0764555
40.9,0.667067,0.747268,0.739162,-0.0802013
40.905,0.669174,0.747185,0.73904,-0.0780112
40.91,0.678863,0.747103,0.738918,-0.0682396
40.915,0.686945,0.74702,0.738796,-0.0600749
40.92,0.700207,0.746938,0.738673,-0.0467309
40.925,0.714971,0.746856,0.738551,-0.0318845
40.93,0.728298,0.746774,0.738429,-0.0184769
40.935,0.71662,0.746693,0.738307,-0.0300735
40.94,0.724228,0.746612,0.738184,-0.022384
40.945,0.705737,0.746532,0.738062,-0.0407951
40.95,0.707967,0.746452,0.73794,-0.0384843
40.955,0.697639,0.746372,0.737818,-0.0487329
40.96,0.700299,0.746292,0.737696,-0.0459932
40.965,0.703196,0.746213,0.737574,-0.043017
40.97,0.695689,0.746134,0.737452,-0.0504453
40.975,0.67948,0.746056,0.73733,-0.0665761
40.98,0.67817,0.745978,0.737208,-0.0678078
40.985,0.682722,0.7459,0.737086,-0.0631779
40.99,0.689699,0.745822,0.736964,-0.0561234
40.995,0.69428,0.745745,0.736842,-0.0514653
41,0.686222,0.745669,0.73672,-0.0594467
41.005,0.689795,0.745593,0.736598,-0.0557974
41.01,0.688702,0.745517,0.736476,-0.0568151
41.015,0.696356,0.745441,0.736354,-0.0490851
41.02,0.712359,0.745366,0.736232,-0.0330067
41.025,0.713528,0.745291,0.73611,-0.0317631
41.03,0.705873,0.745217,0.735988,-0.0393435
41.035,0.695737,0.745143,0.735866,-0.0494061
41.04,0.693947,0.74507,0.735744,-0.051123
41.045,0.702331,0.744996,0.735622,-0.042665
41.05,0.702136,0.744924,0.735501,-0.0427882
41.055,0.697666,0.744851,0.735379,-0.0471859
41.06,0.695392,0.74478,0.735257,-0.0493876
41.065,0.697082,0.744708,0.735135,-0.0476262
41.07,0.704989,0.744637,0.735014,-0.0396485
41.075,0.699857,0.744567,0.734892,-0.0447097
41.08,0.681608,0.744497,0.73477,-0.0628887
41.085,0.673132,0.744427,0.734648,-0.0712953
41.09,0.676421,0.744358,0.734527,-0.0679362
41.095,0.68746,0.744289,0.734405,-0.056829
41.1,0.687316,0.744221,0.734283,-0.0569046
41.105,0.669124,0.744153,0.734162,-0.0750284
41.11,0.657949,0.744085,0.73404,-0.0861358
41.115,0.659993,0.744018,0.733919,-0.0840258
41.12,0.67635,0.743952,0.733797,-0.0676016
41.125,0.690695,0.743886,0.733675,-0.0531906
41.13,0.69552,0.743821,0.733554,-0.0483004
41.135,0.687932,0.743756,0.733432,-0.0558237
41.14,0.684769,0.743691,0.733311,-0.0589224
41.145,0.68957,0.743627,0.733189,-0.0540568
41.15,0.692404,0.743564,0.733068,-0.0511601
41.155,0.687307,0.743501,0.732946,-0.0561933
41.16,0.674239,0.743438,0.732825,-0.069199
41.165,0.667961,0.743377,0.732704,-0.0754153
41.17,0.679129,0.743315,0.732582,-0.064186
41.175,0.682827,0.743254,0.732461,-0.0604271
41.18,0.681341,0.743194,0.732339,-0.0618526
41.185,0.685328,0.743134,0.732218,-0.0578061
41.19,0.69465,0.743075,0.732097,-0.0484254
41.195,0.707578,0.743017,0.731975,-0.0354387
41.2,0.699967,0.742959,0.731854,-0.0429915
41.205,0.685729,0.742901,0.731733,-0.0571722
41.21,0.671643,0.742844,0.731612,-0.0712017
41.215,0.673275,0.742788,0.73149,-0.0695137
41.22,0.676485,0.742733,0.731369,-0.0662474
41.225,0.675885,0.742678,0.731248,-0.0667924
41.23,0.674519,0.742623,0.731127,-0.0681043
41.235,0.67419,0.742569,0.731005,-0.0683795
41.24,0.680187,0.742516,0.730884,-0.0623295
41.245,0.699499,0.742464,0.730763,-0.0429646
41.25,0.710765,0.742412,0.730642,-0.0316463
41.255,0.712842,0.742361,0.730521,-0.0295187
41.26,0.698847,0.74231,0.7304,-0.0434628
41.265,0.683505,0.74226,0.730279,-0.0587548
41.27,0.680842,0.742211,0.730158,-0.061369
41.275,0.69117,0.742162,0.730037,-0.0509925
41.28,0.694243,0.742114,0.729916,-0.0478709
41.285,0.695644,0.742067,0.729795,-0.0464233
41.29,0.696882,0.742021,0.729674,-0.0451388
41.295,0.705918,0.741975,0.729553,-0.0360574
41.3,0.706191,0.74193,0.729432,-0.0357388
41.305,0.698951,0.741886,0.729311,-0.0429343
41.31,0.687996,0.741842,0.72919,-0.0538457
41.315,0.676087,0.741799,0.729069,-0.0657126
41.32,0.685894,0.741757,0.728948,-0.0558635
41.325,0.692134,0.741716,0.728827,-0.0495823
41.33,0.70398,0.741676,0.728706,-0.037696
41.335,0.699487,0.741636,0.728585,-0.0421491
41.34,0.689792,0.741597,0.728465,-0.0518048
41.345,0.682689,0.741559,0.728344,-0.0588698
41.35,0.669613,0.741522,0.728223,-0.0719086
41.355,0.66666,0.741485,0.728102,-0.0748252
41.36,0.670542,0.74145,0.727982,-0.070908
41.365,0.672377,0.741415,0.727861,-0.0690384
41.37,0.694431,0.741381,0.72774,-0.0469505
41.375,0.697678,0.741348,0.727619,-0.0436701
41.38,0.692478,0.741316,0.727499,-0.0488384
41.385,0.698571,0.741285,0.727378,-0.0427141
41.39,0.692656,0.741255,0.727257,-0.0485994
41.395,0.693864,0.741226,0.727137,-0.047362
41.4,0.692745,0.741197,0.727016,-0.048452
41.405,0.68508,0.74117,0.726896,-0.05609
41.41,0.685383,0.741143,0.726775,-0.0557605
41.415,0.689158,0.741118,0.726655,-0.0519599
41.42,0.695153,0.741093,0.726534,-0.0459405
41.425,0.697789,0.74107,0.726413,-0.0432808
41.43,0.699822,0.741047,0.726293,-0.0412247
41.435,0.703664,0.741026,0.726172,-0.0373618
41.44,0.691643,0.741005,0.726052,-0.0493626
41.445,0.687501,0.740986,0.725932,-0.0534848
41.45,0.695496,0.740967,0.725811,-0.0454714
41.455,0.713392,0.74095,0.725691,-0.0275586
41.46,0.733628,0.740934,0.72557,-0.00730647
41.465,0.738819,0.740919,0.72545,-0.00210041
41.47,0.733412,0.740905,0.72533,-0.00749297
41.475,0.725861,0.740892,0.725209,-0.0150314
41.48,0.720371,0.740922,0.725089,-0.0205509
41.485,0.716664,0.740911,0.724969,-0.0242475
41.49,0.710069,0.740902,0.724848,-0.0308334
41.495,0.715811,0.740894,0.724728,-0.0250834
41.5,0.717309,0.740887,0.724608,-0.023578
41.505,0.709755,0.740882,0.724488,-0.0311269
41.51,0.711437,0.740878,0.724367,-0.0294405
41.515,0.710132,0.740875,0.724247,-0.0307426
41.52,0.71547,0.740873,0.724127,-0.0254034
41.525,0.703116,0.740873,0.724007,-0.0377569
41.53,0.700354,0.740874,0.723887,-0.0405197
41.535,0.690182,0.740876,0.723767,-0.050694
41.54,0.707408,0.74088,0.723646,-0.0334717
41.545,0.720175,0.740885,0.723526,-0.0207097
41.55,0.721618,0.740892,0.723406,-0.0192736
41.555,0.718631,0.7409,0.723286,-0.022269
41.56,0.71337,0.740909,0.723166,-0.0275388
41.565,0.70592,0.74092,0.723046,-0.0350005
41.57,0.715367,0.740933,0.722926,-0.0255657
41.575,0.711455,0.740947,0.722806,-0.0294915
41.58,0.714216,0.740962,0.722686,-0.026746
41.585,0.696729,0.740979,0.722566,-0.04425
41.59,0.693931,0.740998,0.722446,-0.0470674
41.595,0.693448,0.741019,0.722326,-0.0475704
41.6,0.704158,0.741041,0.722206,-0.0368823
41.605,0.706053,0.741064,0.722087,-0.035011
41.61,0.695556,0.74109,0.721967,-0.0455333
41.615,0.689767,0.741117,0.721847,-0.0513499
41.62,0.696296,0.741146,0.721727,-0.04485
41.625,0.699285,0.741176,0.721607,-0.0418916
41.63,0.697544,0.741209,0.721487,-0.0436654
41.635,0.715866,0.741243,0.721368,-0.0253774
41.64,0.721496,0.74128,0.721248,-0.0197832
41.645,0.737519,0.741318,0.721128,-0.00379825
41.65,0.733008,0.741358,0.721008,-0.00835022
41.655,0.729181,0.7414,0.720889,-0.0122187
41.66,0.708867,0.741448,0.720769,-0.0325809
41.665,0.700009,0.741494,0.720649,-0.0414854
41.67,0.692815,0.741542,0.72053,-0.0487271
41.675,0.706775,0.741592,0.72041,-0.0348177
41.68,0.700066,0.741645,0.720291,-0.0415787
41.685,0.698563,0.741699,0.720171,-0.043136
41.69,0.694878,0.741756,0.720051,-0.0468778
41.695,0.7101,0.741815,0.719932,-0.0317152
41.7,0.727424,0.741876,0.719812,-0.0144525
41.705,0.737665,0.74194,0.719693,-0.00427471
41.71,0.739362,0.742006,0.719573,-0.00264367
41.715,0.732676,0.742074,0.719454,-0.00939768
41.72,0.726269,0.742145,0.719334,-0.0158762
41.725,0.720603,0.742218,0.719215,-0.0216146
41.73,0.710739,0.742294,0.719095,-0.0315547
41.735,0.704604,0.742372,0.718976,-0.0377686
41.74,0.710006,0.742453,0.718857,-0.0324467
41.745,0.716395,0.742537,0.718737,-0.0261413
41.75,0.709215,0.742623,0.718618,-0.0334084
41.755,0.699471,0.742712,0.718499,-0.0432413
41.76,0.683948,0.742804,0.718379,-0.0588557
41.765,0.705067,0.742899,0.71826,-0.0378316
41.77,0.715856,0.742996,0.718141,-0.02714
41.775,0.723064,0.743097,0.718021,-0.0200326
41.78,0.725395,0.7432,0.717902,-0.0178055
41.785,0.726106,0.743307,0.717783,-0.0172007
41.79,0.732753,0.743417,0.717664,-0.0106632
41.795,0.740071,0.74353,0.717545,-0.00345809
41.8,0.739564,0.743646,0.717425,-0.00408159
41.805,0.742509,0.743765,0.717306,-0.0012557
41.81,0.744741,0.743888,0.717187,0.000852907
41.815,0.752825,0.744014,0.717068,0.00881074
41.82,0.746784,0.744144,0.716949,0.00264059
41.825,0.753413,0.744277,0.71683,0.0091364
41.83,0.755272,0.744414,0.716711,0.0108584
41.835,0.746906,0.744554,0.716592,0.00235183
41.84,0.733088,0.744699,0.716473,-0.0116106
41.845,0.72396,0.744847,0.716354,-0.0208868
41.85,0.73485,0.744999,0.716235,-0.0101488
41.855,0.743533,0.745155,0.716116,-0.00162235
41.86,0.746235,0.745315,0.715997,0.000920363
41.865,0.736736,0.745479,0.715878,-0.00874281
41.87,0.737365,0.745648,0.715759,-0.0082825
41.875,0.725285,0.74582,0.71564,-0.0205353
41.88,0.713386,0.745997,0.715521,-0.0326117
41.885,0.712053,0.746179,0.715402,-0.0341257
41.89,0.708755,0.746365,0.715283,-0.0376106
41.895,0.718654,0.746556,0.715165,-0.0279023
41.9,0.754439,0.746751,0.715046,0.00768756
41.905,0.758853,0.746952,0.714927,0.0119009
41.91,0.769772,0.747157,0.714808,0.0226143
41.915,0.748455,0.747368,0.714689,0.0010869
41.92,0.734396,0.747583,0.714571,-0.0131869
41.925,0.735906,0.747804,0.714452,-0.0118983
41.93,0.725902,0.74803,0.714333,-0.0221279
41.935,0.723646,0.748262,0.714215,-0.024616
41.94,0.724269,0.748499,0.714096,-0.0242297
41.945,0.731375,0.748742,0.713977,-0.0173672
41.95,0.724742,0.748991,0.713859,-0.0242489
41.955,0.717743,0.749246,0.71374,-0.0315027
41.96,0.730771,0.749507,0.713622,-0.0187363
41.965,0.74383,0.749774,0.713503,-0.00594424
41.97,0.764298,0.750048,0.713384,0.0142504
41.975,0.763463,0.750328,0.713266,0.0131353
41.98,0.751014,0.750615,0.713147,0.000399036
41.985,0.754817,0.750908,0.713029,0.00390859
41.99,0.765362,0.751209,0.71291,0.0141535
41.995,0.779983,0.751516,0.712792,0.0284667
42,0.776654,0.751831,0.712674,0.024823
42.005,0.758337,0.752154,0.712555,0.00618303
42.01,0.742216,0.752484,0.712437,-0.0102679
42.015,0.7347,0.752822,0.712318,-0.0181211
42.02,0.737831,0.753167,0.7122,-0.0153359
42.025,0.750981,0.753521,0.712082,-0.0025403
42.03,0.762958,0.753884,0.711963,0.00907452
42.035,0.755688,0.754255,0.711845,0.00143327
42.04,0.753239,0.754634,0.711727,-0.00139537
42.045,0.740014,0.755023,0.711608,-0.0150095
42.05,0.743196,0.755421,0.71149,-0.0122255
42.055,0.746394,0.755829,0.711372,-0.00943457
42.06,0.751163,0.756246,0.711254,-0.0050825
42.065,0.755434,0.756673,0.711136,-0.0012387
42.07,0.751478,0.75711,0.711017,-0.00563147
42.075,0.763898,0.757557,0.710899,0.00634034
42.08,0.763733,0.758016,0.710781,0.0057175
42.085,0.767431,0.758485,0.710663,0.00894538
42.09,0.765425,0.758966,0.710545,0.00645936
42.095,0.759171,0.759458,0.710427,-0.000286781
42.1,0.760735,0.759962,0.710309,0.000772521
42.105,0.765238,0.760479,0.710191,0.00475856
42.11,0.772003,0.761008,0.710073,0.0109946
42.115,0.78267,0.761551,0.709955,0.0211195
42.12,0.786288,0.762106,0.709837,0.0241816
42.125,0.775231,0.762676,0.709719,0.0125547
42.13,0.759326,0.76326,0.709601,-0.00393369
42.135,0.752519,0.763858,0.709483,-0.0113394
42.14,0.749035,0.764472,0.709365,-0.0154376
42.145,0.747924,0.765102,0.709247,-0.0171785
42.15,0.744688,0.765748,0.709129,-0.0210606
42.155,0.746188,0.766411,0.709011,-0.0202228
42.16,0.753648,0.767092,0.708894,-0.013444
42.165,0.748259,0.767791,0.708776,-0.0195325
42.17,0.74658,0.76851,0.708658,-0.0219295
42.175,0.738663,0.769248,0.70854,-0.030585
42.18,0.751733,0.770007,0.708422,-0.0182739
42.185,0.764459,0.770788,0.708305,-0.00632862
42.19,0.761348,0.771592,0.708187,-0.0102442
42.195,0.770904,0.77242,0.708069,-0.00151522
42.2,0.785776,0.773273,0.707952,0.0125027
42.205,0.804165,0.774153,0.707834,0.0300125
42.21,0.815075,0.775061,0.707716,0.040014
42.215,0.791642,0.775999,0.707599,0.0156425
42.22,0.775225,0.776969,0.707481,-0.00174395
42.225,0.774801,0.777973,0.707363,-0.00317185
42.23,0.782909,0.779013,0.707246,0.00389626
42.235,0.790968,0.780091,0.707128,0.0108769
42.24,0.795911,0.78121,0.707011,0.0147009
42.245,0.800963,0.782374,0.706893,0.0185892
42.25,0.813587,0.783585,0.706776,0.0300019
42.255,0.813756,0.784847,0.706658,0.0289092
42.26,0.808864,0.786164,0.706541,0.0226996
42.265,0.800776,0.787541,0.706423,0.0132345
42.27,0.804777,0.788983,0.706306,0.0157944
42.275,0.811429,0.790494,0.706189,0.0209341
42.28,0.809746,0.792082,0.706071,0.0176636
42.285,0.802752,0.793752,0.705954,0.0090001
42.29,0.797759,0.795511,0.705836,0.00224718
42.295,0.798368,0.797369,0.705719,0.000998869
42.3,0.80983,0.799333,0.705602,0.010497
42.305,0.822963,0.801413,0.705485,0.0215498
42.31,0.833751,0.80362,0.705367,0.0301308
42.315,0.828388,0.805965,0.70525,0.0224232
42.32,0.831643,0.808461,0.705133,0.0231818
42.325,0.832699,0.811123,0.705016,0.0215763
42.33,0.841432,0.813965,0.704898,0.0274675
42.335,0.874083,0.817004,0.704781,0.0570788
42.34,0.870675,0.820258,0.704664,0.0504173
42.345,0.874344,0.823747,0.704547,0.0505963
42.35,0.878755,0.827493,0.70443,0.0512613
42.355,0.89258,0.83152,0.704313,0.0610605
42.36,0.907056,0.835851,0.704196,0.0712042
42.365,0.903889,0.840517,0.704079,0.0633723
42.37,0.895079,0.845545,0.703962,0.049534
42.375,0.891277,0.85097,0.703845,0.0403072
42.38,0.899419,0.856825,0.703728,0.0425943
42.385,0.908074,0.863149,0.703611,0.0449254
42.39,0.928461,0.869982,0.703494,0.058479
42.395,0.942929,0.877368,0.703377,0.0655612
42.4,0.945966,0.885354,0.70326,0.0606113
42.405,0.938453,0.893991,0.703143,0.0444622
42.41,0.936869,0.903331,0.703026,0.0335379
42.415,0.941567,0.913434,0.702909,0.0281332
42.42,0.94959,0.92436,0.702792,0.0252292
42.425,0.966477,0.936176,0.702675,0.0303012
42.43,0.988815,0.94895,0.702559,0.0398648
42.435,1.00797,0.962757,0.702442,0.0452115
42.44,1.02008,0.977675,0.702325,0.0424035
42.445,1.01902,0.993787,0.702208,0.0252372
42.45,1.02155,1.01118,0.702092,0.0103714
42.455,1.03305,1.02995,0.701975,0.00309753
42.46,1.03137,1.05019,0.701858,-0.0188216
42.465,1.04637,1.07201,0.701742,-0.0256402
42.47,1.04989,1.0955,0.701625,-0.0456107
42.475,1.09284,1.12079,0.701508,-0.0279516
42.48,1.11217,1.14798,0.701392,-0.0358158
42.485,1.14787,1.17721,0.701275,-0.0293458
42.49,1.16423,1.2086,0.701158,-0.0443637
42.495,1.18701,1.24227,0.701042,-0.0552601
42.5,1.18969,1.27836,0.700925,-0.0886734
42.505,1.21411,1.31702,0.700809,-0.102905
42.51,1.23762,1.35838,0.700692,-0.120761
42.515,1.277,1.40259,0.700576,-0.125586
42.52,1.31392,1.4498,0.700459,-0.135875
42.525,1.34105,1.50016,0.700343,-0.159105
42.53,1.37138,1.55382,0.700227,-0.182447
42.535,1.41017,1.61095,0.70011,-0.200785
42.54,1.44451,1.6717,0.699994,-0.227185
42.545,1.49682,1.73622,0.699877,-0.239399
42.55,1.5167,1.80467,0.699761,-0.287971
42.555,1.55278,1.87721,0.699645,-0.324425
42.56,1.59001,1.95398,0.699528,-0.363973
42.565,1.64824,2.03514,0.699412,-0.386907
42.57,1.70803,2.12083,0.699296,-0.412799
42.575,1.7653,2.21119,0.69918,-0.445888
42.58,1.82306,2.30635,0.699063,-0.483289
42.585,1.90363,2.40644,0.698947,-0.502809
42.59,1.99404,2.51156,0.698831,-0.517517
42.595,2.06035,2.62183,0.698715,-0.561479
42.6,2.12243,2.73733,0.698599,-0.614901
42.605,2.20928,2.85815,0.698483,-0.648862
42.61,2.28765,2.98434,0.698366,-0.696685
42.615,2.37344,3.11596,0.69825,-0.742518
42.62,2.48406,3.25303,0.698134,-0.768964
42.625,2.54722,3.39556,0.698018,-0.848344
42.63,2.64988,3.54355,0.697902,-0.893666
42.635,2.7577,3.69695,0.697786,-0.939247
42.64,2.87548,3.85572,0.69767,-0.980242
42.645,3.02702,4.01977,0.697554,-0.992743
42.65,3.17776,4.18899,0.697438,-1.01123
42.655,3.30957,4.36325,0.697322,-1.05368
42.66,3.46203,4.54239,0.697207,-1.08035
42.665,3.60539,4.72621,0.697091,-1.12081
42.67,3.78826,4.91449,0.696975,-1.12623
42.675,3.97338,5.10698,0.696859,-1.1336
42.68,4.15578,5.3034,0.696743,-1.14762
42.685,4.31371,5.50343,0.696627,-1.18972
42.69,4.50441,5.70672,0.696511,-1.20231
42.695,4.69658,5.91291,0.696396,-1.21633
42.7,4.90697,6.12158,0.69628,-1.21461
42.705,5.0907,6.33229,0.696164,-1.2416
42.71,5.33048,6.54458,0.696048,-1.2141
42.715,5.52419,6.75795,0.695933,-1.23377
42.72,5.71281,6.97188,0.695817,-1.25907
42.725,5.93487,7.18582,0.695701,-1.25094
42.73,6.22179,7.39918,0.695586,-1.17739
42.735,6.47195,7.61139,0.69547,-1.13945
42.74,6.77893,7.82182,0.695355,-1.04289
42.745,7.04419,8.02983,0.695239,-0.985639
42.75,7.22681,8.23477,0.695123,-1.00796
42.755,7.39596,8.43599,0.695008,-1.04003
42.76,7.60837,8.6328,0.694892,-1.02443
42.765,7.79251,8.82452,0.694777,-1.03202
42.77,7.9684,9.01048,0.694661,-1.04208
42.775,8.13964,9.18998,0.694546,-1.05035
42.78,8.35391,9.36235,0.694431,-1.00844
42.785,8.57321,9.5269,0.694315,-0.953692
42.79,8.74412,9.68299,0.6942,-0.938871
42.795,8.88453,9.82994,0.694084,-0.945415
42.8,9.01072,9.96715,0.693969,-0.95643
42.805,9.08997,10.094,0.693854,-1.00403
42.81,9.16508,10.2099,0.693738,-1.04481
42.815,9.24257,10.3143,0.693623,-1.07175
42.82,9.27659,10.4067,0.693508,-1.13014
42.825,9.36851,10.4867,0.693392,-1.11818
42.83,9.46322,10.5537,0.693277,-1.09053
42.835,9.54259,10.6075,0.693162,-1.06496
42.84,9.61527,10.6477,0.693047,-1.03248
42.845,9.60164,10.6741,0.692932,-1.07246
42.85,9.5584,10.6864,0.692816,-1.12801
42.855,9.56187,10.6845,0.692701,-1.12265
42.86,9.51491,10.6684,0.692586,-1.15347
42.865,9.51643,10.638,0.692471,-1.12156
42.87,9.46274,10.5934,0.692356,-1.13068
42.875,9.31504,10.5348,0.692241,-1.21977
42.88,9.15492,10.4624,0.692126,-1.30746
42.885,8.97713,10.3764,0.692011,-1.39931
42.89,8.82871,10.2773,0.691896,-1.44859
42.895,8.64226,10.1654,0.691781,-1.52316
42.9,8.50072,10.0413,0.691666,-1.54055
42.905,8.39215,9.90539,0.691551,-1.51324
42.91,8.2739,9.75837,0.691436,-1.48447
42.915,8.13554,9.60085,0.691321,-1.46531
42.92,8.02794,9.43351,0.691206,-1.40557
42.925,7.89687,9.25705,0.691091,-1.36018
42.93,7.72749,9.07221,0.690977,-1.34472
42.935,7.46707,8.87975,0.690862,-1.41268
42.94,7.20673,8.68043,0.690747,-1.47371
42.945,7.01173,8.47505,0.690632,-1.46332
42.95,6.79383,8.26436,0.690517,-1.47053
42.955,6.5924,8.04916,0.690403,-1.45676
42.96,6.36634,7.83021,0.690288,-1.46388
42.965,6.17289,7.60828,0.690173,-1.43539
42.97,5.95695,7.3841,0.690059,-1.42715
42.975,5.77511,7.1584,0.689944,-1.38329
42.98,5.61421,6.93188,0.689829,-1.31767
42.985,5.44142,6.70521,0.689715,-1.26379
42.99,5.31436,6.47905,0.6896,-1.16469
42.995,5.14117,6.254,0.689486,-1.11283
43,4.94522,6.03066,0.689371,-1.08545
43.005,4.73117,5.80958,0.689256,-1.07841
43.01,4.55758,5.59128,0.689142,-1.0337
43.015,4.34724,5.37623,0.689027,-1.02899
43.02,4.16931,5.16489,0.688913,-0.995578
43.025,4.0355,4.95765,0.688798,-0.922157
43.03,3.88762,4.75491,0.688684,-0.867288
43.035,3.74312,4.55698,0.68857,-0.81386
43.04,3.60271,4.36416,0.688455,-0.761448
43.045,3.44139,4.17672,0.688341,-0.735336
43.05,3.27016,3.99489,0.688226,-0.724726
43.055,3.09692,3.81884,0.688112,-0.721914
43.06,2.95273,3.64873,0.687998,-0.696006
43.065,2.80722,3.48469,0.687884,-0.677473
43.07,2.66614,3.32681,0.687769,-0.660673
43.075,2.55991,3.17514,0.687655,-0.615232
43.08,2.48396,3.02971,0.687541,-0.545746
43.085,2.39658,2.89052,0.687427,-0.493944
43.09,2.30349,2.75756,0.687312,-0.454071
43.095,2.22112,2.63076,0.687198,-0.409643
43.1,2.15345,2.51007,0.687084,-0.356625
43.105,2.0778,2.3954,0.68697,-0.317599
43.11,1.99564,2.28662,0.686856,-0.290978
43.115,1.92609,2.18362,0.686742,-0.257532
43.12,1.84424,2.08626,0.686628,-0.242016
43.125,1.77909,1.99437,0.686513,-0.215285
43.13,1.75864,1.90781,0.686399,-0.149176
43.135,1.69248,1.8264,0.686285,-0.133914
43.14,1.64752,1.74994,0.686171,-0.102419
43.145,1.59948,1.67826,0.686057,-0.0787801
43.15,1.54077,1.61116,0.685944,-0.0703959
43.155,1.52279,1.54845,0.68583,-0.0256645
43.16,1.46944,1.48993,0.685716,-0.0204955
43.165,1.43386,1.4354,0.685602,-0.00154291
43.17,1.40093,1.38467,0.685488,0.0162591
43.175,1.34906,1.33753,0.685374,0.011531
43.18,1.32948,1.2938,0.68526,0.0356784
43.185,1.30063,1.25329,0.685146,0.0473458
43.19,1.29061,1.2158,0.685033,0.0748016
43.195,1.25252,1.18117,0.684919,0.0713517
43.2,1.20783,1.14921,0.684805,0.0586188
43.205,1.1768,1.11975,0.684691,0.057045
43.21,1.15249,1.09264,0.684578,0.0598545
43.215,1.14319,1.06771,0.684464,0.0754748
43.22,1.14779,1.04482,0.68435,0.10297
43.225,1.12768,1.02382,0.684237,0.103862
43.23,1.10623,1.00458,0.684123,0.101652
43.235,1.08323,0.986972,0.684009,0.096255
43.24,1.05897,0.97087,0.683896,0.0881007
43.245,1.04929,0.956162,0.683782,0.0931248
43.25,1.03495,0.942743,0.683669,0.0922028
43.255,1.02957,0.930511,0.683555,0.0990581
43.26,1.02526,0.919373,0.683442,0.105887
43.265,1.01819,0.909243,0.683328,0.108943
43.27,0.998255,0.90004,0.683215,0.0982152
43.275,0.975753,0.891689,0.683101,0.0840638
43.28,0.968793,0.884122,0.682988,0.0846704
43.285,0.987202,0.877277,0.682874,0.109925
43.29,0.985208,0.871096,0.682761,0.114112
43.295,0.981306,0.865526,0.682648,0.11578
43.3,0.982874,0.860521,0.682534,0.122354
43.305,0.977726,0.856036,0.682421,0.12169
43.31,0.976702,0.852035,0.682308,0.124667
43.315,0.961851,0.848482,0.682194,0.11337
43.32,0.952564,0.845346,0.682081,0.107217
43.325,0.962206,0.842603,0.681968,0.119603
43.33,0.957351,0.840227,0.681855,0.117125
43.335,0.938027,0.838198,0.681742,0.0998283
43.34,0.931558,0.836501,0.681628,0.0950571
43.345,0.934681,0.83512,0.681515,0.0995613
43.35,0.937063,0.834044,0.681402,0.103019
43.355,0.941555,0.833263,0.681289,0.108292
43.36,0.928912,0.832773,0.681176,0.0961391
43.365,0.908427,0.832567,0.681063,0.0758595
43.37,0.905921,0.832644,0.68095,0.0732773
43.375,0.897482,0.833004,0.680837,0.064478
43.38,0.892079,0.833647,0.680724,0.0584324
43.385,0.900403,0.834578,0.680611,0.0658257
43.39,0.900587,0.835801,0.680498,0.0647857
43.395,0.900285,0.837323,0.680385,0.0629621
43.4,0.904103,0.839152,0.680272,0.0649511
43.405,0.910423,0.841298,0.680159,0.0691252
43.41,0.913047,0.843771,0.680046,0.0692768
43.415,0.926072,0.846583,0.679933,0.079489
43.42,0.911642,0.849749,0.67982,0.0618932
43.425,0.893124,0.853281,0.679707,0.0398429
43.43,0.875977,0.857197,0.679595,0.0187803
43.435,0.875652,0.861512,0.679482,0.0141395
43.44,0.886839,0.866245,0.679369,0.0205939
43.445,0.90598,0.871413,0.679256,0.0345673
43.45,0.915756,0.877035,0.679144,0.0387207
43.455,0.933495,0.883132,0.679031,0.0503629
43.46,0.94921,0.889725,0.678918,0.0594856
43.465,0.966618,0.896834,0.678806,0.0697844
43.47,0.986337,0.90448,0.678693,0.081857
43.475,0.996902,0.912687,0.67858,0.0842149
43.48,0.985833,0.921476,0.678468,0.0643569
43.485,0.985505,0.93087,0.678355,0.0546349
43.49,0.975126,0.940891,0.678243,0.0342349
43.495,1.00822,0.951562,0.67813,0.0566626
43.5,1.02772,0.962904,0.678018,0.0648179
43.505,1.03763,0.974941,0.677905,0.0626887
43.51,1.03311,0.987692,0.677793,0.0454144
43.515,1.02745,1.00118,0.67768,0.0262752
43.52,1.03126,1.01542,0.677568,0.0158395
43.525,1.0434,1.03044,0.677455,0.0129592
43.53,1.04113,1.04625,0.677343,-0.00511567
43.535,1.04023,1.06287,0.677231,-0.0226416
43.54,1.05013,1.08031,0.677118,-0.0301771
43.545,1.07493,1.09859,0.677006,-0.0236604
43.55,1.09945,1.11771,0.676894,-0.0182669
43.555,1.10748,1.1377,0.676781,-0.0302179
43.56,1.12232,1.15854,0.676669,-0.036224
43.565,1.14351,1.18025,0.676557,-0.0367482
43.57,1.17154,1.20283,0.676444,-0.0312935
43.575,1.21977,1.22628,0.676332,-0.00651518
43.58,1.24784,1.25059,0.67622,-0.0027452
43.585,1.27984,1.27575,0.676108,0.00408702
43.59,1.32007,1.30176,0.675996,0.0183166
43.595,1.33268,1.32859,0.675884,0.00409472
43.6,1.35585,1.35622,0.675772,-0.000372699
43.605,1.36644,1.38465,0.675659,-0.0182012
43.61,1.39883,1.41382,0.675547,-0.0149961
43.615,1.42111,1.44373,0.675435,-0.0226137
43.62,1.45203,1.47432,0.675323,-0.0222886
43.625,1.50221,1.50556,0.675211,-0.00334761
43.63,1.53225,1.5374,0.675099,-0.0051534
43.635,1.55689,1.5698,0.674987,-0.0129046
43.64,1.58498,1.6027,0.674876,-0.0177162
43.645,1.63717,1.63604,0.674764,0.00113379
43.65,1.71243,1.66976,0.674652,0.0426706
43.655,1.78853,1.7038,0.67454,0.0847352
43.66,1.85433,1.73807,0.674428,0.11626
43.665,1.90247,1.77252,0.674316,0.129952
43.67,1.92311,1.80705,0.674204,0.116066
43.675,1.95915,1.84158,0.674093,0.117566
43.68,2.00022,1.87603,0.673981,0.124184
43.685,2.02892,1.91031,0.673869,0.118608
43.69,2.08773,1.94433,0.673757,0.143405
43.695,2.13353,1.97798,0.673646,0.155555
43.7,2.16704,2.01117,0.673534,0.155877
43.705,2.20459,2.0438,0.673422,0.16079
43.71,2.24548,2.07576,0.673311,0.169722
43.715,2.32367,2.10696,0.673199,0.216706
43.72,2.39222,2.13729,0.673087,0.254933
43.725,2.4598,2.16664,0.672976,0.29316
43.73,2.50521,2.19491,0.672864,0.310301
43.735,2.52166,2.22199,0.672753,0.299663
43.74,2.54581,2.24778,0.672641,0.298024
43.745,2.58111,2.27218,0.67253,0.308926
43.75,2.61751,2.29509,0.672418,0.322416
43.755,2.64142,2.3164,0.672307,0.325017
43.76,2.66815,2.33604,0.672195,0.332115
43.765,2.67488,2.35389,0.672084,0.32099
43.77,2.69101,2.36989,0.671973,0.321118
43.775,2.69737,2.38395,0.671861,0.313427
43.78,2.71017,2.39599,0.67175,0.314174
43.785,2.70522,2.40596,0.671639,0.299258
43.79,2.70111,2.41379,0.671527,0.287323
43.795,2.69199,2.41943,0.671416,0.272555
43.8,2.67149,2.42284,0.671305,0.248647
43.805,2.69181,2.424,0.671193,0.267809
43.81,2.68642,2.42287,0.671082,0.263549
43.815,2.6898,2.41946,0.670971,0.27034
43.82,2.69389,2.41375,0.67086,0.280137
43.825,2.69614,2.40577,0.670749,0.290365
43.83,2.67189,2.39554,0.670638,0.276351
43.835,2.66084,2.38309,0.670526,0.277744
43.84,2.62436,2.36848,0.670415,0.255877
43.845,2.57193,2.35176,0.670304,0.22017
43.85,2.52537,2.333,0.670193,0.192367
43.855,2.48133,2.31228,0.670082,0.169045
43.86,2.46565,2.28969,0.669971,0.175967
43.865,2.43627,2.26532,0.66986,0.170952
43.87,2.39336,2.23927,0.669749,0.154095
43.875,2.34334,2.21166,0.669638,0.131689
43.88,2.30601,2.18259,0.669527,0.12342
43.885,2.29055,2.15219,0.669416,0.138363
43.89,2.25938,2.12057,0.669306,0.138811
43.895,2.2208,2.08785,0.669195,0.132947
43.9,2.18053,2.05416,0.669084,0.126374
43.905,2.16255,2.01962,0.668973,0.142933
43.91,2.13799,1.98435,0.668862,0.153645
43.915,2.06703,1.94846,0.668752,0.118563
43.92,2.0153,1.91209,0.668641,0.103212
43.925,1.97395,1.87533,0.66853,0.0986223
43.93,1.94509,1.8383,0.668419,0.106791
43.935,1.91758,1.8011,0.668309,0.116474
43.94,1.87243,1.76385,0.668198,0.108582
43.945,1.84124,1.72664,0.668087,0.114604
43.95,1.81561,1.68955,0.667977,0.126059
43.955,1.80188,1.65269,0.667866,0.149195
43.96,1.75365,1.61613,0.667756,0.137527
43.965,1.72346,1.57995,0.667645,0.143507
43.97,1.66979,1.54423,0.667534,0.125565
43.975,1.61304,1.50903,0.667424,0.104006
43.98,1.56394,1.47442,0.667313,0.0895181
43.985,1.51768,1.44046,0.667203,0.0772253
43.99,1.49969,1.40719,0.667092,0.0924978
43.995,1.47854,1.37467,0.666982,0.103871
44,1.43477,1.34294,0.666872,0.0918299
44.005,1.41377,1.31203,0.666761,0.101743
44.01,1.38973,1.28198,0.666651,0.107752
44.015,1.37276,1.25281,0.666541,0.119957
44.02,1.33905,1.22454,0.66643,0.114509
44.025,1.28922,1.1972,0.66632,0.0920214
44.03,1.26235,1.1708,0.66621,0.0915537
44.035,1.26987,1.14534,0.666099,0.124526
44.04,1.26662,1.12084,0.665989,0.145788
44.045,1.24472,1.09729,0.665879,0.147437
44.05,1.21663,1.07469,0.665769,0.141942
44.055,1.20639,1.05303,0.665659,0.15336
44.06,1.21459,1.03232,0.665548,0.18227
44.065,1.21708,1.01253,0.665438,0.204551
44.07,1.18993,0.993648,0.665328,0.196281
44.075,1.17419,0.975667,0.665218,0.198528
44.08,1.16249,0.958562,0.665108,0.203927
44.085,1.14747,0.942315,0.664998,0.205151
44.09,1.12074,0.926902,0.664888,0.193838
44.095,1.11386,0.9123,0.664778,0.201563
44.1,1.09954,0.898484,0.664668,0.201058
44.105,1.10755,0.885428,0.664558,0.222124
44.11,1.11249,0.873105,0.664448,0.23938
44.115,1.09845,0.861488,0.664338,0.236959
44.12,1.07831,0.850549,0.664228,0.227761
44.125,1.06243,0.84026,0.664118,0.222168
44.13,1.0626,0.830592,0.664008,0.232011
44.135,1.06936,0.821516,0.663899,0.247841
44.14,1.07149,0.813006,0.663789,0.25848
44.145,1.05497,0.805033,0.663679,0.249937
44.15,1.03175,0.797568,0.663569,0.234183
44.155,1.01596,0.790587,0.663459,0.225371
44.16,1.00167,0.784061,0.66335,0.217605
44.165,0.991937,0.777966,0.66324,0.213971
44.17,1.00566,0.772276,0.66313,0.233385
44.175,1.02333,0.766968,0.663021,0.256367
44.18,1.04543,0.762017,0.662911,0.283411
44.185,1.04572,0.757401,0.662801,0.288323
44.19,1.0405,0.753099,0.662692,0.287399
44.195,1.02022,0.749091,0.662582,0.271126
44.2,1.00609,0.745356,0.662473,0.260735
44.205,1.00348,0.741875,0.662363,0.261602
44.21,1.0234,0.738632,0.662254,0.284766
44.215,1.03435,0.735608,0.662144,0.298738
44.22,1.02542,0.732789,0.662035,0.292634
44.225,1.00323,0.730159,0.661925,0.27307
44.23,0.983418,0.727703,0.661816,0.255714
44.235,0.96836,0.72541,0.661706,0.24295
44.24,0.966862,0.723266,0.661597,0.243596
44.245,0.956386,0.721259,0.661488,0.235127
44.25,0.970643,0.719379,0.661378,0.251263
44.255,0.965577,0.717616,0.661269,0.247961
44.26,0.962076,0.715961,0.66116,0.246115
44.265,0.963016,0.714404,0.66105,0.248612
44.27,0.951146,0.712938,0.660941,0.238208
44.275,0.947954,0.711555,0.660832,0.236399
44.28,0.959423,0.710249,0.660723,0.249174
44.285,0.975498,0.709013,0.660614,0.266485
44.29,0.987004,0.707841,0.660504,0.279163
44.295,0.993778,0.706728,0.660395,0.287049
44.3,0.98902,0.705669,0.660286,0.283351
44.305,0.990969,0.70466,0.660177,0.286309
44.31,0.984889,0.703696,0.660068,0.281193
44.315,0.966035,0.702775,0.659959,0.263261
44.32,0.948581,0.701891,0.65985,0.246689
44.325,0.939923,0.701043,0.659741,0.23888
44.33,0.955816,0.700227,0.659632,0.255588
44.335,0.971702,0.699442,0.659523,0.27226
44.34,0.973905,0.698683,0.659414,0.275222
44.345,0.968991,0.697951,0.659305,0.27104
44.35,0.960705,0.697242,0.659196,0.263463
44.355,0.970984,0.696554,0.659087,0.274429
44.36,0.95839,0.695887,0.658978,0.262503
44.365,0.936596,0.695239,0.65887,0.241356
44.37,0.924989,0.694609,0.658761,0.23038
44.375,0.927729,0.693994,0.658652,0.233735
44.38,0.946851,0.693395,0.658543,0.253456
44.385,0.942052,0.692811,0.658434,0.249242
44.39,0.933468,0.692239,0.658326,0.241229
44.395,0.923174,0.691681,0.658217,0.231494
44.4,0.925387,0.691134,0.658108,0.234252
44.405,0.924601,0.690599,0.658,0.234002
44.41,0.91159,0.690074,0.657891,0.221516
44.415,0.91909,0.68956,0.657782,0.22953
44.42,0.937737,0.689055,0.657674,0.248681
44.425,0.937706,0.68856,0.657565,0.249146
44.43,0.92444,0.688073,0.657457,0.236367
44.435,0.911642,0.687595,0.657348,0.224047
44.44,0.914313,0.687125,0.65724,0.227188
44.445,0.94087,0.686662,0.657131,0.254208
44.45,0.94071,0.686207,0.657023,0.254502
44.455,0.933096,0.685759,0.656914,0.247337
44.46,0.933647,0.685318,0.656806,0.248328
44.465,0.942332,0.684884,0.656697,0.257448
44.47,0.953626,0.684456,0.656589,0.269169
44.475,0.953364,0.684035,0.656481,0.269329
44.48,0.945782,0.683619,0.656372,0.262162
44.485,0.944853,0.68321,0.656264,0.261643
44.49,0.956489,0.682806,0.656156,0.273684
44.495,0.937227,0.682407,0.656047,0.25482
44.5,0.943678,0.682014,0.655939,0.261664
44.505,0.941732,0.681626,0.655831,0.260106
44.51,0.954764,0.681243,0.655723,0.273521
44.515,0.95907,0.680865,0.655615,0.278205
44.52,0.960309,0.680492,0.655506,0.279817
44.525,0.965612,0.680123,0.655398,0.285489
44.53,0.968968,0.679759,0.65529,0.289209
44.535,0.971564,0.6794,0.655182,0.292164
44.54,0.964703,0.679045,0.655074,0.285658
44.545,0.940574,0.678694,0.654966,0.261881
44.55,0.940574,0.678347,0.654858,0.262227
44.555,0.921157,0.678004,0.65475,0.243153
44.56,0.909485,0.677665,0.654642,0.23182
44.565,0.91122,0.67733,0.654534,0.23389
44.57,0.901994,0.676999,0.654426,0.224995
44.575,0.90483,0.676671,0.654318,0.228159
44.58,0.897469,0.676347,0.65421,0.221122
44.585,0.903175,0.676026,0.654102,0.227149
44.59,0.917064,0.675709,0.653994,0.241355
44.595,0.924429,0.675395,0.653887,0.249034
44.6,0.923826,0.675084,0.653779,0.248741
44.605,0.909317,0.674777,0.653671,0.23454
44.61,0.919882,0.674473,0.653563,0.245409
44.615,0.93194,0.674171,0.653455,0.257768
44.62,0.94856,0.673873,0.653348,0.274687
44.625,0.955402,0.673578,0.65324,0.281824
44.63,0.951378,0.673285,0.653132,0.278093
44.635,0.95253,0.672995,0.653025,0.279534
44.64,0.943241,0.672708,0.652917,0.270533
44.645,0.928086,0.672424,0.652809,0.255662
44.65,0.910167,0.672143,0.652702,0.238025
44.655,0.895653,0.671863,0.652594,0.223789
44.66,0.893619,0.671587,0.652487,0.222033
44.665,0.892402,0.671313,0.652379,0.22109
44.67,0.907442,0.671041,0.652272,0.236401
44.675,0.917205,0.670772,0.652164,0.246433
44.68,0.916688,0.670505,0.652057,0.246183
44.685,0.911432,0.67024,0.651949,0.241192
44.69,0.89419,0.669978,0.651842,0.224212
44.695,0.886691,0.669718,0.651734,0.216973
44.7,0.899704,0.669459,0.651627,0.230244
44.705,0.895029,0.669204,0.65152,0.225826
44.71,0.907344,0.66895,0.651412,0.238395
44.715,0.90702,0.668698,0.651305,0.238322
44.72,0.905586,0.668448,0.651198,0.237138
44.725,0.905294,0.6682,0.651091,0.237094
44.73,0.901264,0.667954,0.650983,0.23331
44.735,0.899496,0.66771,0.650876,0.231787
44.74,0.883069,0.667467,0.650769,0.215602
44.745,0.883313,0.667227,0.650662,0.216086
44.75,0.895403,0.666988,0.650555,0.228415
44.755,0.909844,0.666751,0.650447,0.243093
44.76,0.92642,0.666516,0.65034,0.259904
44.765,0.925859,0.666282,0.650233,0.259576
44.77,0.914643,0.66605,0.650126,0.248593
44.775,0.910018,0.66582,0.650019,0.244198
44.78,0.908187,0.665591,0.649912,0.242596
44.785,0.905655,0.665364,0.649805,0.240291
44.79,0.916668,0.665138,0.649698,0.25153
44.795,0.908509,0.664914,0.649591,0.243594
44.8,0.906884,0.664692,0.649484,0.242192
44.805,0.913308,0.664471,0.649377,0.248837
44.81,0.906622,0.664251,0.64927,0.242371
44.815,0.903619,0.664033,0.649164,0.239586
44.82,0.89358,0.663816,0.649057,0.229765
44.825,0.88424,0.6636,0.64895,0.22064
44.83,0.884106,0.663386,0.648843,0.22072
44.835,0.902078,0.663173,0.648736,0.238905
44.84,0.903485,0.662961,0.64863,0.240524
44.845,0.902412,0.662751,0.648523,0.239661
44.85,0.901382,0.662542,0.648416,0.23884
44.855,0.917023,0.662334,0.64831,0.254689
44.86,0.928643,0.662127,0.648203,0.266516
44.865,0.928058,0.661922,0.648096,0.266136
44.87,0.912813,0.661718,0.64799,0.251095
44.875,0.895061,0.661514,0.647883,0.233547
44.88,0.884595,0.661312,0.647776,0.223283
44.885,0.870196,0.661112,0.64767,0.209084
44.89,0.856241,0.660912,0.647563,0.19533
44.895,0.84272,0.660713,0.647457,0.182007
44.9,0.827511,0.660516,0.64735,0.166996
44.905,0.832559,0.660319,0.647244,0.17224
44.91,0.835127,0.660123,0.647137,0.175004
44.915,0.853754,0.659929,0.647031,0.193825
44.92,0.854317,0.659735,0.646925,0.194582
44.925,0.859794,0.659543,0.646818,0.200251
44.93,0.848837,0.659351,0.646712,0.189486
44.935,0.847106,0.659161,0.646606,0.187946
44.94,0.830928,0.658971,0.646499,0.171957
44.945,0.814406,0.658782,0.646393,0.155624
44.95,0.804888,0.658594,0.646287,0.146294
44.955,0.797772,0.658408,0.64618,0.139364
44.96,0.804358,0.658221,0.646074,0.146136
44.965,0.830417,0.658036,0.645968,0.172381
44.97,0.848077,0.657852,0.645862,0.190225
44.975,0.842975,0.657669,0.645756,0.185307
44.98,0.8229,0.657486,0.64565,0.165414
44.985,0.808359,0.657304,0.645544,0.151054
44.99,0.812686,0.657123,0.645437,0.155563
44.995,0.818882,0.656943,0.645331,0.161939
45,0.810805,0.656764,0.645225,0.154042
45.005,0.800353,0.656585,0.645119,0.143768
45.01,0.799536,0.656407,0.645013,0.143128
45.015,0.799856,0.65623,0.644907,0.143626
45.02,0.820594,0.656054,0.644801,0.16454
45.025,0.823667,0.655878,0.644695,0.167789
45.03,0.829577,0.655703,0.64459,0.173873
45.035,0.829418,0.655529,0.644484,0.173889
45.04,0.824719,0.655356,0.644378,0.169363
45.045,0.806091,0.655183,0.644272,0.150908
45.05,0.798668,0.655011,0.644166,0.143657
45.055,0.789153,0.65484,0.64406,0.134314
45.06,0.799244,0.654669,0.643955,0.144575
45.065,0.81149,0.654499,0.643849,0.156991
45.07,0.809713,0.65433,0.643743,0.155384
45.075,0.79956,0.654161,0.643637,0.145399
45.08,0.792898,0.653993,0.643532,0.138906
45.085,0.767179,0.653825,0.643426,0.113354
45.09,0.75695,0.653658,0.64332,0.103292
45.095,0.764878,0.653492,0.643215,0.111386
45.1,0.765473,0.653326,0.643109,0.112147
45.105,0.772438,0.653161,0.643004,0.119277
45.11,0.759601,0.652997,0.642898,0.106604
45.115,0.744281,0.652833,0.642793,0.0914482
45.12,0.751942,0.65267,0.642687,0.0992725
45.125,0.769318,0.652507,0.642582,0.116811
45.13,0.789956,0.652345,0.642476,0.137612
45.135,0.76867,0.652183,0.642371,0.116487
45.14,0.755143,0.652022,0.642265,0.103121
45.145,0.737053,0.651861,0.64216,0.0851922
45.15,0.738898,0.651701,0.642055,0.0871966
45.155,0.744391,0.651542,0.641949,0.0928495
45.16,0.737632,0.651383,0.641844,0.0862497
45.165,0.715014,0.651224,0.641739,0.0637897
45.17,0.714175,0.651066,0.641633,0.0631085
45.175,0.695584,0.650909,0.641528,0.0446755
45.18,0.696058,0.650752,0.641423,0.0453065
45.185,0.688962,0.650595,0.641318,0.0383669
45.19,0.681519,0.650439,0.641212,0.0310797
45.195,0.676608,0.650284,0.641107,0.0263238
45.2,0.689611,0.650129,0.641002,0.0394825
45.205,0.708228,0.649974,0.640897,0.0582538
45.21,0.728687,0.64982,0.640792,0.0788668
45.215,0.729726,0.649666,0.640687,0.0800594
45.22,0.73091,0.649513,0.640582,0.0813973
45.225,0.734649,0.64936,0.640477,0.0852888
45.23,0.745306,0.649208,0.640372,0.0960982
45.235,0.734524,0.649056,0.640267,0.085468
45.24,0.724701,0.648904,0.640162,0.0757962
45.245,0.73307,0.648753,0.640057,0.0843164
45.25,0.749678,0.648603,0.639952,0.101075
45.255,0.742387,0.648452,0.639847,0.0939343
45.26,0.738532,0.648303,0.639742,0.0902296
45.265,0.72225,0.648153,0.639637,0.0740967
45.27,0.7119,0.648004,0.639532,0.0638962
45.275,0.689727,0.647856,0.639428,0.0418715
45.28,0.674316,0.647707,0.639323,0.0266089
45.285,0.675969,0.647559,0.639218,0.0284093
45.29,0.686313,0.647412,0.639113,0.0389007
45.295,0.700328,0.647265,0.639009,0.0530635
45.3,0.702814,0.647118,0.638904,0.0556957
45.305,0.701836,0.646972,0.638799,0.054864
45.31,0.69316,0.646826,0.638695,0.0463338
45.315,0.6769,0.64668,0.63859,0.0302203
45.32,0.685012,0.646535,0.638485,0.0384775
45.325,0.671369,0.64639,0.638381,0.0249792
45.33,0.670784,0.646245,0.638276,0.024539
45.335,0.670251,0.646101,0.638172,0.02415
45.34,0.671028,0.645957,0.638067,0.025071
45.345,0.674041,0.645814,0.637963,0.0282272
45.35,0.656765,0.645671,0.637858,0.0110946
45.355,0.649616,0.645528,0.637754,0.00408773
45.36,0.672145,0.645385,0.637649,0.0267595
45.365,0.696843,0.645243,0.637545,0.0516003
45.37,0.694191,0.645101,0.637441,0.0490895
45.375,0.688146,0.64496,0.637336,0.0431863
45.38,0.685458,0.644818,0.637232,0.0406394
45.385,0.693342,0.644677,0.637128,0.0486643
45.39,0.701394,0.644537,0.637023,0.0568575
45.395,0.698313,0.644397,0.636919,0.0539163
45.4,0.699269,0.644257,0.636815,0.0550122
45.405,0.707845,0.644117,0.636711,0.0637278
45.41,0.714681,0.643977,0.636607,0.070704
45.415,0.686972,0.643838,0.636502,0.0431339
45.42,0.683413,0.6437,0.636398,0.0397133
45.425,0.670107,0.643561,0.636294,0.0265455
45.43,0.681985,0.643423,0.63619,0.0385623
45.435,0.691927,0.643285,0.636086,0.0486425
45.44,0.663429,0.643147,0.635982,0.0202818
45.445,0.650973,0.64301,0.635878,0.00796317
45.45,0.650081,0.642873,0.635774,0.00720803
45.455,0.669796,0.642736,0.63567,0.0270606
45.46,0.686408,0.642599,0.635566,0.0438088
45.465,0.683742,0.642463,0.635462,0.0412794
45.47,0.67479,0.642327,0.635358,0.0324629
45.475,0.673459,0.642191,0.635254,0.0312676
45.48,0.650875,0.642055,0.63515,0.00881904
45.485,0.649889,0.64192,0.635046,0.00796916
45.49,0.650167,0.641785,0.634943,0.00838163
45.495,0.663322,0.64165,0.634839,0.0216717
45.5,0.655615,0.641516,0.634735,0.0140993
45.505,0.660513,0.641382,0.634631,0.0191316
45.51,0.655671,0.641248,0.634527,0.0144236
45.515,0.656796,0.641114,0.634424,0.0156819
45.52,0.656916,0.64098,0.63432,0.0159355
45.525,0.642392,0.640847,0.634216,0.00154514
45.53,0.644193,0.640714,0.634113,0.00347867
45.535,0.633458,0.640581,0.634009,-0.00712301
45.54,0.623098,0.640449,0.633905,-0.0173504
45.545,0.634136,0.640316,0.633802,-0.00618072
45.55,0.640018,0.640184,0.633698,-0.000166394
45.555,0.651979,0.640052,0.633595,0.0119267
45.56,0.657702,0.639921,0.633491,0.0177811
45.565,0.646799,0.639789,0.633388,0.00700937
45.57,0.641347,0.639658,0.633284,0.00168895
45.575,0.647933,0.639527,0.633181,0.00840654
45.58,0.645849,0.639396,0.633077,0.0064524
45.585,0.649716,0.639266,0.632974,0.0104507
45.59,0.647286,0.639135,0.632871,0.00815109
45.595,0.640415,0.639005,0.632767,0.00140977
45.6,0.641815,0.638875,0.632664,0.00294027
45.605,0.644216,0.638745,0.632561,0.00547027
45.61,0.646807,0.638616,0.632457,0.00819099
45.615,0.657311,0.638487,0.632354,0.0188241
45.62,0.672269,0.638357,0.632251,0.0339119
45.625,0.660948,0.638229,0.632148,0.0227199
45.63,0.655751,0.6381,0.632045,0.0176516
45.635,0.638648,0.637971,0.631941,0.000677014
45.64,0.636194,0.637843,0.631838,-0.00164891
45.645,0.622689,0.637715,0.631735,-0.0150258
45.65,0.62468,0.637587,0.631632,-0.0129072
45.655,0.627433,0.637459,0.631529,-0.0100258
45.66,0.640728,0.637332,0.631426,0.00339601
45.665,0.646122,0.637204,0.631323,0.00891761
45.67,0.640746,0.637077,0.63122,0.00366867
45.675,0.632549,0.63695,0.631117,-0.0044013
45.68,0.623063,0.636823,0.631014,-0.0137606
45.685,0.628971,0.636697,0.630911,-0.00772555
45.69,0.644328,0.63657,0.630808,0.00775766
45.695,0.650627,0.636444,0.630705,0.014183
45.7,0.648828,0.636318,0.630602,0.0125103
45.705,0.634728,0.636192,0.630499,-0.00146409
45.71,0.618445,0.636066,0.630397,-0.0176216
45.715,0.619685,0.635941,0.630294,-0.0162555
45.72,0.618421,0.635815,0.630191,-0.0173938
45.725,0.623465,0.63569,0.630088,-0.0122252
45.73,0.628651,0.635565,0.629986,-0.00691358
45.735,0.612571,0.63544,0.629883,-0.0228691
45.74,0.595337,0.635315,0.62978,-0.0399789
45.745,0.586766,0.635191,0.629677,-0.0484252
45.75,0.575779,0.635067,0.629575,-0.0592879
45.755,0.583834,0.634942,0.629472,-0.0511084
45.76,0.591862,0.634818,0.62937,-0.042956
45.765,0.59274,0.634694,0.629267,-0.0419547
45.77,0.57931,0.634571,0.629164,-0.0552603
45.775,0.5787,0.634447,0.629062,-0.0557471
45.78,0.584894,0.634324,0.628959,-0.0494299
45.785,0.610632,0.6342,0.628857,-0.0235684
45.79,0.615865,0.634077,0.628754,-0.0182127
45.795,0.607838,0.633954,0.628652,-0.0261162
45.8,0.598503,0.633832,0.62855,-0.0353284
45.805,0.591381,0.633709,0.628447,-0.042328
45.81,0.599761,0.633586,0.628345,-0.0338252
45.815,0.598342,0.633464,0.628243,-0.0351225
45.82,0.60039,0.633342,0.62814,-0.0329516
45.825,0.609698,0.63322,0.628038,-0.0235215
45.83,0.605701,0.633098,0.627936,-0.0273966
45.835,0.600985,0.632976,0.627833,-0.0319916
45.84,0.594111,0.632855,0.627731,-0.0387436
45.845,0.577552,0.632733,0.627629,-0.0551808
45.85,0.573875,0.632612,0.627527,-0.0587372
45.855,0.5783,0.632491,0.627425,-0.0541903
45.86,0.587657,0.63237,0.627322,-0.0447125
45.865,0.599797,0.632249,0.62722,-0.0324513
45.87,0.605421,0.632128,0.627118,-0.0267067
45.875,0.614855,0.632007,0.627016,-0.0171519
45.88,0.613996,0.631887,0.626914,-0.0178911
45.885,0.610457,0.631766,0.626812,-0.021309
45.89,0.586865,0.631646,0.62671,-0.0447808
45.895,0.581457,0.631526,0.626608,-0.050069
45.9,0.599545,0.631406,0.626506,-0.0318616
45.905,0.612001,0.631286,0.626404,-0.0192858
45.91,0.609599,0.631167,0.626302,-0.0215677
45.915,0.594629,0.631047,0.626201,-0.0364183
45.92,0.590462,0.630928,0.626099,-0.0404659
45.925,0.593347,0.630808,0.625997,-0.037461
45.93,0.58668,0.630689,0.625895,-0.0440097
45.935,0.581205,0.63057,0.625793,-0.0493651
45.94,0.582196,0.630451,0.625691,-0.0482553
45.945,0.600273,0.630333,0.62559,-0.03006
45.95,0.619178,0.630214,0.625488,-0.0110364
45.955,0.623251,0.630095,0.625386,-0.00684439
45.96,0.628293,0.629977,0.625285,-0.00168409
45.965,0.622746,0.629859,0.625183,-0.00711256
45.97,0.617308,0.62974,0.625081,-0.0124325
45.975,0.610423,0.629622,0.62498,-0.0191998
45.98,0.617396,0.629504,0.624878,-0.0121084
45.985,0.642205,0.629387,0.624777,0.0128184
45.99,0.657171,0.629269,0.624675,0.0279017
45.995,0.654056,0.629151,0.624574,0.0249046
46,0.643012,0.629034,0.624472,0.0139778
46.005,0.630443,0.628917,0.624371,0.00152634
46.01,0.617886,0.628799,0.624269,-0.0109129
46.015,0.593492,0.628682,0.624168,-0.0351903
46.02,0.585427,0.628565,0.624066,-0.0431378
46.025,0.580533,0.628448,0.623965,-0.047915
46.03,0.585247,0.628332,0.623864,-0.0430843
46.035,0.576445,0.628215,0.623762,-0.0517698
46.04,0.569386,0.628098,0.623661,-0.0587122
46.045,0.579515,0.627982,0.62356,-0.0484666
46.05,0.594564,0.627866,0.623458,-0.0333018
46.055,0.600322,0.627749,0.623357,-0.0274278
46.06,0.601099,0.627633,0.623256,-0.0265347
46.065,0.59887,0.627517,0.623155,-0.0286476
46.07,0.6049,0.627401,0.623054,-0.0225017
46.075,0.612389,0.627286,0.622952,-0.0148964
46.08,0.616122,0.62717,0.622851,-0.0110483
46.085,0.602651,0.627054,0.62275,-0.0244029
46.09,0.587512,0.626939,0.622649,-0.0394272
46.095,0.577102,0.626824,0.622548,-0.0497221
46.1,0.581827,0.626709,0.622447,-0.0448821
46.105,0.578202,0.626594,0.622346,-0.0483919
46.11,0.567499,0.626479,0.622245,-0.0589796
46.115,0.571205,0.626364,0.622144,-0.0551583
46.12,0.575296,0.626249,0.622043,-0.0509527
46.125,0.577068,0.626134,0.621942,-0.0490656
46.13,0.566801,0.626019,0.621841,-0.0592182
46.135,0.581966,0.625905,0.621741,-0.0439389
46.14,0.608831,0.62579,0.62164,-0.0169593
46.145,0.641752,0.625676,0.621539,0.0160764
46.15,0.645723,0.625562,0.621438,0.0201618
46.155,0.6251,0.625448,0.621337,-0.000347133
46.16,0.593923,0.625333,0.621237,-0.0314108
46.165,0.58023,0.625219,0.621136,-0.04499
46.17,0.577552,0.625106,0.621035,-0.0475537
46.175,0.585822,0.624992,0.620934,-0.0391699
46.18,0.584989,0.624878,0.620834,-0.0398889
46.185,0.574246,0.624765,0.620733,-0.0505184
46.19,0.573088,0.624651,0.620633,-0.0515633
46.195,0.581597,0.624538,0.620532,-0.0429411
46.2,0.579604,0.624424,0.620431,-0.0448204
46.205,0.585445,0.624311,0.620331,-0.0388664
46.21,0.586156,0.624198,0.62023,-0.0380421
46.215,0.587462,0.624085,0.62013,-0.0366227
46.22,0.588847,0.623972,0.620029,-0.035125
46.225,0.590814,0.623859,0.619929,-0.0330454
46.23,0.588043,0.623747,0.619828,-0.0357032
46.235,0.585495,0.623634,0.619728,-0.0381386
46.24,0.584272,0.623521,0.619628,-0.0392494
46.245,0.593048,0.623409,0.619527,-0.0303611
46.25,0.607538,0.623296,0.619427,-0.0157583
46.255,0.610293,0.623184,0.619327,-0.0128915
46.26,0.595978,0.623072,0.619226,-0.0270936
46.265,0.595775,0.62296,0.619126,-0.0271848
46.27,0.598159,0.622848,0.619026,-0.0246882
46.275,0.591545,0.622736,0.618926,-0.0311907
46.28,0.585863,0.622624,0.618826,-0.0367603
46.285,0.573727,0.622512,0.618725,-0.0487853
46.29,0.58622,0.6224,0.618625,-0.0361799
46.295,0.603376,0.622289,0.618525,-0.018913
46.3,0.608515,0.622177,0.618425,-0.0136625
46.305,0.60787,0.622066,0.618325,-0.0141957
46.31,0.609591,0.621954,0.618225,-0.0123636
46.315,0.597421,0.621843,0.618125,-0.0244224
46.32,0.603386,0.621732,0.618025,-0.0183457
46.325,0.591803,0.621621,0.617925,-0.0298176
46.33,0.589648,0.62151,0.617825,-0.0318617
46.335,0.575178,0.621399,0.617725,-0.0462203
46.34,0.583623,0.621288,0.617625,-0.0376652
46.345,0.597844,0.621177,0.617525,-0.0233327
46.35,0.608346,0.621066,0.617425,-0.0127199
46.355,0.605349,0.620956,0.617325,-0.0156066
46.36,0.597146,0.620845,0.617226,-0.0236995
46.365,0.588832,0.620735,0.617126,-0.0319028
46.37,0.584858,0.620624,0.617026,-0.0357666
46.375,0.57099,0.620514,0.616926,-0.0495234
46.38,0.574187,0.620404,0.616827,-0.0462166
46.385,0.570033,0.620293,0.616727,-0.0502604
46.39,0.574972,0.620183,0.616627,-0.0452111
46.395,0.577703,0.620073,0.616528,-0.04237
46.4,0.567562,0.619963,0.616428,-0.0524015
46.405,0.565917,0.619854,0.616328,-0.0539365
46.41,0.551746,0.619744,0.616229,-0.0679979
46.415,0.562531,0.619634,0.616129,-0.0571034
46.42,0.571166,0.619524,0.61603,-0.0483582
46.425,0.580308,0.619415,0.61593,-0.0391069
46.43,0.5828,0.619305,0.615831,-0.0365051
46.435,0.592189,0.619196,0.615731,-0.0270068
46.44,0.595408,0.619087,0.615632,-0.0236787
46.445,0.602324,0.618977,0.615532,-0.0166536
46.45,0.596994,0.618868,0.615433,-0.0218745
46.455,0.601249,0.618759,0.615334,-0.0175102
46.46,0.600612,0.61865,0.615234,-0.0180384
46.465,0.601919,0.618541,0.615135,-0.0166222
46.47,0.592719,0.618432,0.615036,-0.0257128
46.475,0.598224,0.618323,0.614936,-0.0200998
46.48,0.585836,0.618215,0.614837,-0.0323786
46.485,0.566549,0.618106,0.614738,-0.051557
46.49,0.553586,0.617997,0.614639,-0.0644114
46.495,0.544585,0.617889,0.614539,-0.0733033
46.5,0.552737,0.61778,0.61444,-0.0650431
46.505,0.560964,0.617672,0.614341,-0.0567075
46.51,0.578237,0.617564,0.614242,-0.0393263
46.515,0.579959,0.617455,0.614143,-0.0374967
46.52,0.566127,0.617347,0.614044,-0.05122
46.525,0.564,0.617239,0.613945,-0.0532386
46.53,0.572664,0.617131,0.613846,-0.0444668
46.535,0.597705,0.617023,0.613747,-0.0193183
46.54,0.603436,0.616915,0.613648,-0.0134792
46.545,0.608914,0.616807,0.613549,-0.00789327
46.55,0.608174,0.616699,0.61345,-0.00852541
46.555,0.604427,0.616592,0.613351,-0.0121649
46.56,0.591305,0.616484,0.613252,-0.0251788
46.565,0.581325,0.616376,0.613153,-0.0350518
46.57,0.585522,0.616269,0.613054,-0.0307469
46.575,0.590127,0.616161,0.612956,-0.0260344
46.58,0.596368,0.616054,0.612857,-0.0196865
46.585,0.58805,0.615947,0.612758,-0.0278968
46.59,0.602976,0.615839,0.612659,-0.0128634
46.595,0.60338,0.615732,0.612561,-0.0123523
46.6,0.610317,0.615625,0.612462,-0.00530863
46.605,0.597535,0.615518,0.612363,-0.0179834
46.61,0.589911,0.615411,0.612265,-0.0255
46.615,0.58938,0.615304,0.612166,-0.0259243
46.62,0.586658,0.615197,0.612067,-0.0285394
46.625,0.583623,0.615091,0.611969,-0.0314678
46.63,0.581862,0.614984,0.61187,-0.0331218
46.635,0.584769,0.614877,0.611772,-0.0301082
46.64,0.588852,0.61477,0.611673,-0.0259182
46.645,0.586241,0.614664,0.611575,-0.0284231
46.65,0.579675,0.614557,0.611476,-0.0348827
46.655,0.57496,0.614451,0.611378,-0.0394906
46.66,0.572842,0.614345,0.611279,-0.0415025
46.665,0.57546,0.614238,0.611181,-0.0387779
46.67,0.586425,0.614132,0.611083,-0.0277076
46.675,0.596485,0.614026,0.610984,-0.0175406
46.68,0.603328,0.61392,0.610886,-0.010592
46.685,0.598092,0.613814,0.610788,-0.0157214
46.69,0.596794,0.613708,0.610689,-0.0169136
46.695,0.598638,0.613602,0.610591,-0.0149634
46.7,0.600181,0.613496,0.610493,-0.0133146
46.705,0.597282,0.61339,0.610395,-0.0161083
46.71,0.587028,0.613284,0.610296,-0.0262562
46.715,0.593082,0.613179,0.610198,-0.0200967
46.72,0.60127,0.613073,0.6101,-0.0118027
46.725,0.622152,0.612968,0.610002,0.00918411
46.73,0.628883,0.612862,0.609904,0.0160213
46.735,0.614624,0.612757,0.609806,0.00186759
46.74,0.592706,0.612651,0.609708,-0.0199451
46.745,0.580651,0.612546,0.60961,-0.0318949
46.75,0.576701,0.612441,0.609512,-0.0357396
46.755,0.600707,0.612335,0.609414,-0.0116284
46.76,0.608072,0.61223,0.609316,-0.00415817
46.765,0.613203,0.612125,0.609218,0.00107763
46.77,0.611334,0.61202,0.60912,-0.000686085
46.775,0.602448,0.611915,0.609022,-0.0094668
46.78,0.597717,0.61181,0.608924,-0.0140935
46.785,0.574924,0.611705,0.608827,-0.0367809
46.79,0.557995,0.611601,0.608729,-0.0536058
46.795,0.547624,0.611496,0.608631,-0.0638718
46.8,0.563925,0.611391,0.608533,-0.0474665
46.805,0.584728,0.611286,0.608436,-0.0265581
46.81,0.59446,0.611182,0.608338,-0.016722
46.815,0.593476,0.611077,0.60824,-0.017601
46.82,0.594068,0.610973,0.608143,-0.0169049
46.825,0.596735,0.610868,0.608045,-0.014133
46.83,0.599999,0.610764,0.607947,-0.0107656
46.835,0.593891,0.61066,0.60785,-0.0167693
46.84,0.587814,0.610556,0.607752,-0.0227419
46.845,0.592775,0.610451,0.607655,-0.0176765
46.85,0.595549,0.610347,0.607557,-0.014798
46.855,0.594253,0.610243,0.60746,-0.0159904
46.86,0.592264,0.610139,0.607362,-0.017875
46.865,0.590884,0.610035,0.607265,-0.0191511
46.87,0.594474,0.609931,0.607167,-0.0154575
46.875,0.595692,0.609827,0.60707,-0.0141354
46.88,0.59695,0.609724,0.606972,-0.0127735
46.885,0.599918,0.60962,0.606875,-0.00970175
46.89,0.602193,0.609516,0.606778,-0.00732271
46.895,0.595085,0.609412,0.60668,-0.0143275
46.9,0.587399,0.609309,0.606583,-0.0219103
46.905,0.581124,0.609205,0.606486,-0.0280813
46.91,0.575048,0.609102,0.606389,-0.0340542
46.915,0.572675,0.608998,0.606291,-0.036323
46.92,0.594747,0.608895,0.606194,-0.0141481
46.925,0.610992,0.608792,0.606097,0.00220067
46.93,0.61426,0.608688,0.606,0.00557155
46.935,0.619437,0.608585,0.605903,0.0108517
46.94,0.606566,0.608482,0.605806,-0.00191561
46.945,0.596979,0.608379,0.605709,-0.0113999
46.95,0.591379,0.608276,0.605612,-0.0168964
46.955,0.586138,0.608173,0.605515,-0.0220344
46.96,0.596818,0.60807,0.605418,-0.0112514
46.965,0.611065,0.607967,0.605321,0.00309761
46.97,0.611326,0.607864,0.605224,0.00346228
46.975,0.612589,0.607761,0.605127,0.00482718
46.98,0.617117,0.607659,0.60503,0.00945855
46.985,0.625739,0.607556,0.604933,0.018183
46.99,0.62764,0.607453,0.604836,0.0201863
46.995,0.642252,0.607351,0.604739,0.0349016
47,0.640621,0.607248,0.604642,0.0333731
47.005,0.644002,0.607146,0.604546,0.0368564
47.01,0.62805,0.607043,0.604449,0.0210065
47.015,0.610115,0.606941,0.604352,0.00317451
47.02,0.598288,0.606838,0.604255,-0.00855049
47.025,0.600082,0.606736,0.604159,-0.00665415
47.03,0.605051,0.606634,0.604062,-0.00158294
47.035,0.605096,0.606532,0.603965,-0.00143599
47.04,0.613029,0.60643,0.603869,0.00659933
47.045,0.613725,0.606327,0.603772,0.00739754
47.05,0.614792,0.606225,0.603676,0.00856624
47.055,0.604994,0.606123,0.603579,-0.00112975
47.06,0.601078,0.606021,0.603483,-0.00494353
47.065,0.599923,0.60592,0.603386,-0.00599628
47.07,0.602526,0.605818,0.60329,-0.00329148
47.075,0.58771,0.605716,0.603193,-0.018006
47.08,0.575775,0.605614,0.603097,-0.0298395
47.085,0.585992,0.605512,0.603,-0.0195201
47.09,0.596747,0.605411,0.602904,-0.00866398
47.095,0.599366,0.605309,0.602808,-0.00594282
47.1,0.581878,0.605208,0.602711,-0.0233299
47.105,0.568379,0.605106,0.602615,-0.0367267
47.11,0.582659,0.605005,0.602519,-0.0223454
47.115,0.605311,0.604903,0.602422,0.000408108
47.12,0.612687,0.604802,0.602326,0.00788512
47.125,0.592539,0.604701,0.60223,-0.0121619
47.13,0.577313,0.604599,0.602134,-0.0272863
47.135,0.56475,0.604498,0.602038,-0.0397478
47.14,0.578461,0.604397,0.601941,-0.0259356
47.145,0.588277,0.604296,0.601845,-0.0160185
47.15,0.591293,0.604195,0.601749,-0.0129016
47.155,0.588303,0.604094,0.601653,-0.0157904
47.16,0.573296,0.603993,0.601557,-0.0306967
47.165,0.578417,0.603892,0.601461,-0.0254748
47.17,0.582723,0.603791,0.601365,-0.0210684
47.175,0.591285,0.60369,0.601269,-0.0124053
47.18,0.595035,0.603589,0.601173,-0.00855457
47.185,0.591443,0.603489,0.601077,-0.012046
47.19,0.5938,0.603388,0.600981,-0.00958815
47.195,0.60209,0.603287,0.600885,-0.00119766
47.2,0.603862,0.603187,0.600789,0.000675379
47.205,0.613472,0.603086,0.600694,0.0103857
47.21,0.61457,0.602986,0.600598,0.0115843
47.215,0.59845,0.602885,0.600502,-0.0044347
47.22,0.593105,0.602785,0.600406,-0.00968001
47.225,0.59718,0.602684,0.60031,-0.0055046
47.23,0.594271,0.602584,0.600215,-0.00831311
47.235,0.590865,0.602484,0.600119,-0.0116189
47.24,0.590212,0.602384,0.600023,-0.0121713
47.245,0.595462,0.602283,0.599928,-0.00682167
47.25,0.602662,0.602183,0.599832,0.00047826
47.255,0.597534,0.602083,0.599737,-0.00454949
47.26,0.582323,0.601983,0.599641,-0.0196599
47.265,0.570304,0.601883,0.599545,-0.0315796
47.27,0.566672,0.601783,0.59945,-0.0351115
47.275,0.550636,0.601683,0.599354,-0.0510475
47.28,0.545874,0.601583,0.599259,-0.0557098
47.285,0.565796,0.601484,0.599163,-0.0356876
47.29,0.570914,0.601384,0.599068,-0.0304694
47.295,0.591548,0.601284,0.598973,-0.00973594
47.3,0.603625,0.601184,0.598877,0.00244056
47.305,0.602262,0.601085,0.598782,0.0011774
47.31,0.603848,0.600985,0.598686,0.00286314
47.315,0.6115,0.600886,0.598591,0.0106141
47.32,0.620747,0.600786,0.598496,0.019961
47.325,0.615109,0.600687,0.598401,0.014422
47.33,0.60552,0.600587,0.598305,0.00493265
47.335,0.571538,0.600488,0.59821,-0.0289499
47.34,0.560169,0.600389,0.598115,-0.0402191
47.345,0.551468,0.600289,0.59802,-0.0488214
47.35,0.551248,0.60019,0.597925,-0.0489423
47.355,0.550502,0.600091,0.597829,-0.0495886
47.36,0.548454,0.599992,0.597734,-0.0515379
47.365,0.554509,0.599893,0.597639,-0.0453841
47.37,0.572528,0.599794,0.597544,-0.0272659
47.375,0.576177,0.599695,0.597449,-0.0235173
47.38,0.576343,0.599596,0.597354,-0.0232525
47.385,0.585665,0.599497,0.597259,-0.0138315
47.39,0.601604,0.599398,0.597164,0.00220618
47.395,0.608724,0.599299,0.597069,0.0094254
47.4,0.601629,0.5992,0.596974,0.00242847
47.405,0.593344,0.599101,0.59688,-0.00575716
47.41,0.605448,0.599003,0.596785,0.00644532
47.415,0.606557,0.598904,0.59669,0.0076524
47.42,0.60174,0.598805,0.596595,0.00293401
47.425,0.580914,0.598707,0.5965,-0.0177929
47.43,0.570798,0.598608,0.596405,-0.02781
47.435,0.577833,0.59851,0.596311,-0.0206768
47.44,0.57906,0.598411,0.596216,-0.0193516
47.445,0.593875,0.598313,0.596121,-0.00443783
47.45,0.598781,0.598215,0.596027,0.000566672
47.455,0.589128,0.598116,0.595932,-0.00898868
47.46,0.587193,0.598018,0.595837,-0.0108247
47.465,0.57327,0.59792,0.595743,-0.0246498
47.47,0.575026,0.597822,0.595648,-0.0227954
47.475,0.584414,0.597724,0.595554,-0.0133101
47.48,0.581081,0.597626,0.595459,-0.0165441
47.485,0.584201,0.597527,0.595365,-0.0133265
47.49,0.58247,0.597429,0.59527,-0.0149597
47.495,0.592524,0.597331,0.595176,-0.00480766
47.5,0.604188,0.597234,0.595081,0.00695414
47.505,0.60659,0.597136,0.594987,0.00945426
47.51,0.595928,0.597038,0.594892,-0.0011103
47.515,0.593532,0.59694,0.594798,-0.00340775
47.52,0.605688,0.596842,0.594704,0.00884572
47.525,0.606767,0.596745,0.594609,0.0100228
47.53,0.605644,0.596647,0.594515,0.00899678
47.535,0.594081,0.596549,0.594421,-0.00246807
47.54,0.594586,0.596452,0.594327,-0.001866
47.545,0.595264,0.596354,0.594232,-0.00109046
47.55,0.592289,0.596257,0.594138,-0.00396817
47.555,0.582312,0.596159,0.594044,-0.0138475
47.56,0.573377,0.596062,0.59395,-0.0226851
47.565,0.57255,0.595964,0.593856,-0.0234141
47.57,0.574901,0.595867,0.593762,-0.0209658
47.575,0.590119,0.59577,0.593668,-0.00565069
47.58,0.60131,0.595673,0.593573,0.0056369
47.585,0.605588,0.595575,0.593479,0.0100121
47.59,0.609081,0.595478,0.593385,0.0136025
47.595,0.613088,0.595381,0.593291,0.0177073
47.6,0.597255,0.595284,0.593198,0.00197112
47.605,0.605796,0.595187,0.593104,0.0106086
47.61,0.612128,0.59509,0.59301,0.0170376
47.615,0.63987,0.594993,0.592916,0.0448768
47.62,0.643174,0.594896,0.592822,0.0482779
47.625,0.62332,0.594799,0.592728,0.0285207
47.63,0.600374,0.594703,0.592634,0.00567131
47.635,0.591797,0.594606,0.59254,-0.00280894
47.64,0.598436,0.594509,0.592447,0.00392734
47.645,0.591544,0.594412,0.592353,-0.00286818
47.65,0.587195,0.594316,0.592259,-0.00712098
47.655,0.570426,0.594219,0.592166,-0.023793
47.66,0.573862,0.594122,0.592072,-0.0202602
47.665,0.58303,0.594026,0.591978,-0.0109959
47.67,0.594968,0.593929,0.591885,0.00103861
47.675,0.593053,0.593833,0.591791,-0.00078018
47.68,0.605943,0.593737,0.591697,0.0122059
47.685,0.611494,0.59364,0.591604,0.0178539
47.69,0.606231,0.593544,0.59151,0.0126872
47.695,0.610058,0.593448,0.591417,0.0166105
47.7,0.592497,0.593351,0.591323,-0.00085484
47.705,0.593873,0.593255,0.59123,0.000617567
47.71,0.590191,0.593159,0.591137,-0.00296816
47.715,0.595985,0.593063,0.591043,0.00292158
47.72,0.595092,0.592967,0.59095,0.00212545
47.725,0.591102,0.592871,0.590856,-0.00176882
47.73,0.586798,0.592775,0.590763,-0.00597645
47.735,0.587603,0.592679,0.59067,-0.00507586
47.74,0.593022,0.592583,0.590576,0.000438624
47.745,0.596079,0.592487,0.590483,0.00359139
47.75,0.590591,0.592391,0.59039,-0.00180068
47.755,0.588935,0.592296,0.590297,-0.00336023
47.76,0.590701,0.5922,0.590204,-0.00149841
47.765,0.604491,0.592104,0.59011,0.0123869
47.77,0.616993,0.592009,0.590017,0.0249841
47.775,0.618116,0.591913,0.589924,0.0262034
47.78,0.620023,0.591817,0.589831,0.0282057
47.785,0.595755,0.591722,0.589738,0.00403341
47.79,0.588878,0.591626,0.589645,-0.00274811
47.795,0.583149,0.591531,0.589552,-0.00838165
47.8,0.587176,0.591436,0.589459,-0.00425926
47.805,0.597803,0.59134,0.589366,0.00646245
47.81,0.6121,0.591245,0.589273,0.0208549
47.815,0.620368,0.59115,0.58918,0.0292183
47.82,0.619192,0.591054,0.589087,0.028138
47.825,0.607097,0.590959,0.588994,0.0161375
47.83,0.582151,0.590864,0.588901,-0.00871332
47.835,0.586127,0.590769,0.588808,-0.00464158
47.84,0.581213,0.590674,0.588716,-0.00946092
47.845,0.584757,0.590579,0.588623,-0.00582197
47.85,0.587804,0.590484,0.58853,-0.00267936
47.855,0.576196,0.590389,0.588437,-0.0141928
47.86,0.573988,0.590294,0.588345,-0.0163056
47.865,0.577104,0.590199,0.588252,-0.0130952
47.87,0.561933,0.590104,0.588159,-0.0281709
47.875,0.580363,0.590009,0.588067,-0.00964638
47.88,0.563343,0.589915,0.587974,-0.0265717
47.885,0.569663,0.58982,0.587881,-0.0201574
47.89,0.566628,0.589725,0.587789,-0.0230972
47.895,0.563245,0.589631,0.587696,-0.0263856
47.9,0.570507,0.589536,0.587604,-0.0190289
47.905,0.587557,0.589442,0.587511,-0.00188513
47.91,0.586274,0.589347,0.587419,-0.00307327
47.915,0.578979,0.589253,0.587326,-0.0102742
47.92,0.558631,0.589158,0.587234,-0.0305271
47.925,0.5628,0.589064,0.587142,-0.0262639
47.93,0.573712,0.58897,0.587049,-0.0152577
47.935,0.573755,0.588875,0.586957,-0.0151201
47.94,0.557316,0.588781,0.586865,-0.0314646
47.945,0.54339,0.588687,0.586772,-0.0452969
47.95,0.5372,0.588593,0.58668,-0.0513926
47.955,0.548355,0.588499,0.586588,-0.0401435
47.96,0.556741,0.588405,0.586495,-0.0316634
47.965,0.56644,0.588311,0.586403,-0.0218701
47.97,0.57354,0.588217,0.586311,-0.0146762
47.975,0.571795,0.588123,0.586219,-0.0163273
47.98,0.566926,0.588029,0.586127,-0.0211024
47.985,0.548288,0.587935,0.586035,-0.0396473
47.99,0.53884,0.587841,0.585943,-0.0490007
47.995,0.532684,0.587747,0.58585,-0.0550634
48,0.552805,0.587653,0.585758,-0.0348484
48.005,0.561708,0.58756,0.585666,-0.0258518
48.01,0.56076,0.587466,0.585574,-0.0267058
48.015,0.574592,0.587373,0.585482,-0.0127808
48.02,0.58809,0.587279,0.585391,0.000811033
48.025,0.597119,0.587185,0.585299,0.00993388
48.03,0.588073,0.587092,0.585207,0.000980877
48.035,0.567103,0.586999,0.585115,-0.0198952
48.04,0.547931,0.586905,0.585023,-0.0389738
48.045,0.542964,0.586812,0.584931,-0.0438478
48.05,0.542762,0.586718,0.584839,-0.0439566
48.055,0.558359,0.586625,0.584748,-0.0282661
48.06,0.57887,0.586532,0.584656,-0.007662
48.065,0.596893,0.586439,0.584564,0.0104542
48.07,0.595033,0.586346,0.584472,0.00868752
48.075,0.578342,0.586253,0.584381,-0.00791007
48.08,0.571794,0.586159,0.584289,-0.014365
48.085,0.576676,0.586066,0.584197,-0.00939058
48.09,0.581026,0.585973,0.584106,-0.00494726
48.095,0.600777,0.585881,0.584014,0.0148966
48.1,0.612906,0.585788,0.583923,0.0271183
48.105,0.642322,0.585695,0.583831,0.0566276
48.11,0.646779,0.585602,0.58374,0.0611771
48.115,0.623579,0.585509,0.583648,0.0380702
48.12,0.594302,0.585417,0.583557,0.00888528
48.125,0.60026,0.585324,0.583465,0.0149359
48.13,0.595423,0.585231,0.583374,0.0101915
48.135,0.6096,0.585139,0.583282,0.0244609
48.14,0.607156,0.585046,0.583191,0.0221098
48.145,0.601854,0.584954,0.5831,0.0169003
48.15,0.608779,0.584861,0.583008,0.0239179
48.155,0.599744,0.584769,0.582917,0.0149754
48.16,0.596183,0.584676,0.582826,0.0115067
48.165,0.584844,0.584584,0.582734,0.000260016
48.17,0.578531,0.584492,0.582643,-0.00596007
48.175,0.589248,0.584399,0.582552,0.00484899
48.18,0.593274,0.584307,0.582461,0.00896671
48.185,0.588118,0.584215,0.58237,0.00390342
48.19,0.58213,0.584123,0.582279,-0.00199297
48.195,0.571822,0.584031,0.582188,-0.0122087
48.2,0.582529,0.583939,0.582096,-0.0014093
48.205,0.578104,0.583847,0.582005,-0.00574326
48.21,0.57856,0.583755,0.581914,-0.0051949
48.215,0.592994,0.583663,0.581823,0.00933097
48.22,0.582503,0.583571,0.581732,-0.00106817
48.225,0.582261,0.583479,0.581641,-0.0012181
48.23,0.57589,0.583388,0.58155,-0.00749785
48.235,0.576203,0.583296,0.58146,-0.00709314
48.24,0.587243,0.583204,0.581369,0.00403851
48.245,0.577728,0.583113,0.581278,-0.00538455
48.25,0.558269,0.583021,0.581187,-0.0247524
48.255,0.550998,0.582929,0.581096,-0.0319316
48.26,0.562132,0.582838,0.581005,-0.020706
48.265,0.56634,0.582747,0.580915,-0.0164067
48.27,0.568334,0.582655,0.580824,-0.0143209
48.275,0.580928,0.582564,0.580733,-0.00163595
48.28,0.594077,0.582472,0.580642,0.0116042
48.285,0.61068,0.582381,0.580552,0.0282985
48.29,0.626808,0.58229,0.580461,0.0445183
48.295,0.616633,0.582199,0.58037,0.0344337
48.3,0.611197,0.582108,0.58028,0.0290888
48.305,0.604534,0.582017,0.580189,0.0225172
48.31,0.594472,0.581926,0.580099,0.0125467
48.315,0.589611,0.581835,0.580008,0.00777627
48.32,0.574209,0.581744,0.579918,-0.00753426
48.325,0.569368,0.581653,0.579827,-0.0122844
48.33,0.582262,0.581562,0.579737,0.000700109
48.335,0.587953,0.581471,0.579646,0.00648205
48.34,0.583786,0.58138,0.579556,0.00240543
48.345,0.569077,0.58129,0.579466,-0.0122124
48.35,0.57068,0.581199,0.579375,-0.0105196
48.355,0.582246,0.581108,0.579285,0.00113715
48.36,0.589118,0.581018,0.579194,0.00809982
48.365,0.591219,0.580927,0.579104,0.0102915
48.37,0.586132,0.580837,0.579014,0.00529548
48.375,0.575046,0.580747,0.578924,-0.00570076
48.38,0.564325,0.580656,0.578833,-0.0163315
48.385,0.554344,0.580566,0.578743,-0.0262213
48.39,0.545209,0.580476,0.578653,-0.0352665
48.395,0.541117,0.580385,0.578563,-0.0392683
48.4,0.533216,0.580295,0.578473,-0.0470789
48.405,0.53945,0.580205,0.578383,-0.0407548
48.41,0.553097,0.580115,0.578293,-0.0270184
48.415,0.540805,0.580025,0.578203,-0.0392199
48.42,0.541493,0.579935,0.578113,-0.0384416
48.425,0.545166,0.579845,0.578023,-0.0346793
48.43,0.554059,0.579755,0.577933,-0.0256958
48.435,0.564894,0.579665,0.577843,-0.0147712
48.44,0.569694,0.579576,0.577753,-0.00988177
48.445,0.574292,0.579486,0.577663,-0.00519355
48.45,0.572498,0.579396,0.577573,-0.00689798
48.455,0.566379,0.579306,0.577483,-0.0129273
48.46,0.563547,0.579217,0.577393,-0.0156698
48.465,0.548492,0.579127,0.577303,-0.0306356
48.47,0.54327,0.579038,0.577214,-0.0357678
48.475,0.545319,0.578948,0.577124,-0.0336296
48.48,0.561295,0.578859,0.577034,-0.0175641
48.485,0.578937,0.57877,0.576945,0.000166822
48.49,0.578614,0.57868,0.576855,-6.66881e-05
48.495,0.569258,0.578591,0.576765,-0.00933295
48.5,0.558302,0.578502,0.576676,-0.0202
48.505,0.569243,0.578413,0.576586,-0.00916985
48.51,0.56475,0.578324,0.576496,-0.0135743
48.515,0.574075,0.578235,0.576407,-0.00416008
48.52,0.563888,0.578146,0.576317,-0.0142583
48.525,0.563564,0.578057,0.576228,-0.0144931
48.53,0.561837,0.577968,0.576138,-0.0161307
48.535,0.563473,0.577879,0.576049,-0.0144061
48.54,0.569613,0.577791,0.575959,-0.00817741
48.545,0.569236,0.577702,0.57587,-0.00846605
48.55,0.572907,0.577613,0.57578,-0.00470596
48.555,0.583542,0.577525,0.575691,0.00601698
48.56,0.593546,0.577436,0.575602,0.0161099
48.565,0.596397,0.577348,0.575512,0.0190493
48.57,0.594777,0.577259,0.575423,0.0175174
48.575,0.588236,0.577171,0.575334,0.0110651
48.58,0.597837,0.577083,0.575245,0.0207543
48.585,0.609177,0.576994,0.575155,0.0321831
48.59,0.592323,0.576906,0.575066,0.0154173
48.595,0.579376,0.576818,0.574977,0.00255834
48.6,0.569924,0.57673,0.574888,-0.00680633
48.605,0.575182,0.576642,0.574799,-0.00145962
48.61,0.559256,0.576554,0.57471,-0.0172976
48.615,0.564714,0.576466,0.57462,-0.0117522
48.62,0.565757,0.576378,0.574531,-0.0106214
48.625,0.568754,0.57629,0.574442,-0.00753636
48.63,0.573298,0.576203,0.574353,-0.00290513
48.635,0.5662,0.576115,0.574264,-0.00991457
48.64,0.572495,0.576027,0.574175,-0.00353283
48.645,0.571035,0.57594,0.574086,-0.00490522
48.65,0.564427,0.575852,0.573998,-0.0114255
48.655,0.556155,0.575765,0.573909,-0.0196099
48.66,0.562281,0.575677,0.57382,-0.0133969
48.665,0.562907,0.57559,0.573731,-0.0126834
48.67,0.564143,0.575503,0.573642,-0.0113601
48.675,0.579439,0.575416,0.573553,0.0040236
48.68,0.596811,0.575329,0.573465,0.0214829
48.685,0.600691,0.575241,0.573376,0.0254498
48.69,0.588589,0.575154,0.573287,0.0134346
48.695,0.57143,0.575068,0.573198,-0.00363707
48.7,0.563202,0.574981,0.57311,-0.0117784
48.705,0.552168,0.574894,0.573021,-0.0227263
48.71,0.541823,0.574807,0.572932,-0.032984
48.715,0.520743,0.57472,0.572844,-0.053977
48.72,0.523216,0.574634,0.572755,-0.0514177
48.725,0.525068,0.574547,0.572667,-0.0494793
48.73,0.536326,0.574461,0.572578,-0.0381348
48.735,0.55898,0.574374,0.57249,-0.0153943
48.74,0.567943,0.574288,0.572401,-0.00634535
48.745,0.573309,0.574202,0.572313,-0.000892418
48.75,0.564357,0.574115,0.572224,-0.00975871
48.755,0.578287,0.574029,0.572136,0.00425764
48.76,0.594188,0.573943,0.572048,0.020245
48.765,0.605108,0.573857,0.571959,0.0312506
48.77,0.594123,0.573771,0.571871,0.0203517
48.775,0.589207,0.573685,0.571783,0.0155215
48.78,0.583693,0.573599,0.571694,0.010094
48.785,0.596179,0.573514,0.571606,0.0226652
48.79,0.590757,0.573428,0.571518,0.0173287
48.795,0.57258,0.573342,0.57143,-0.000762756
48.8,0.56713,0.573257,0.571341,-0.00612678
48.805,0.553334,0.573171,0.571253,-0.0198371
48.81,0.539956,0.573086,0.571165,-0.0331304
48.815,0.53002,0.573001,0.571077,-0.0429809
48.82,0.533222,0.572916,0.570989,-0.0396939
48.825,0.557343,0.57283,0.570901,-0.0154873
48.83,0.56718,0.572745,0.570813,-0.005565
48.835,0.587792,0.57266,0.570725,0.0151316
48.84,0.57869,0.572575,0.570637,0.00611432
48.845,0.585493,0.572491,0.570549,0.013002
48.85,0.574932,0.572406,0.570461,0.00252621
48.855,0.56338,0.572321,0.570373,-0.00894153
48.86,0.564671,0.572236,0.570285,-0.00756583
48.865,0.572863,0.572152,0.570197,0.000711533
48.87,0.58882,0.572067,0.570109,0.0167524
48.875,0.610619,0.571983,0.570021,0.0386363
48.88,0.612788,0.571899,0.569934,0.0408891
48.885,0.612373,0.571815,0.569846,0.0405584
48.89,0.611706,0.57173,0.569758,0.0399754
48.895,0.620296,0.571646,0.56967,0.04865
48.9,0.634559,0.571562,0.569583,0.0629962
48.905,0.632519,0.571479,0.569495,0.0610399
48.91,0.629498,0.571395,0.569407,0.0581036
48.915,0.629893,0.571311,0.56932,0.058582
48.92,0.635599,0.571228,0.569232,0.0643717
48.925,0.621693,0.571144,0.569144,0.050549
48.93,0.613329,0.571061,0.569057,0.0422687
48.935,0.602173,0.570977,0.568969,0.0311959
48.94,0.603769,0.570894,0.568882,0.0328748
48.945,0.60094,0.570811,0.568794,0.0301296
48.95,0.59485,0.570728,0.568707,0.024122
48.955,0.576395,0.570645,0.568619,0.00574981
48.96,0.569802,0.570562,0.568532,-0.00076006
48.965,0.561482,0.570479,0.568445,-0.00899682
48.97,0.555349,0.570396,0.568357,-0.0150479
48.975,0.553021,0.570314,0.56827,-0.0172929
48.98,0.559926,0.570231,0.568182,-0.0103052
48.985,0.553452,0.570149,0.568095,-0.016697
48.99,0.571586,0.570067,0.568008,0.00151904
48.995,0.578653,0.569984,0.567921,0.00866808
49,0.584572,0.569902,0.567833,0.0146694
49.005,0.592618,0.56982,0.567746,0.0227981
49.01,0.587001,0.569739,0.567659,0.0172626
49.015,0.578929,0.569657,0.567572,0.00927261
49.02,0.572238,0.569575,0.567485,0.00266285
49.025,0.57468,0.569494,0.567398,0.00518663
49.03,0.566043,0.569412,0.567311,-0.00336897
49.035,0.572048,0.569331,0.567223,0.00271753
49.04,0.581275,0.56925,0.567136,0.0120252
49.045,0.579415,0.569168,0.567049,0.0102468
49.05,0.577114,0.569087,0.566962,0.00802697
49.055,0.57289,0.569007,0.566876,0.00388307
49.06,0.572553,0.568926,0.566789,0.00362681
49.065,0.576637,0.568845,0.566702,0.00779141
49.07,0.579369,0.568765,0.566615,0.010604
49.075,0.575023,0.568684,0.566528,0.00633892
49.08,0.573176,0.568604,0.566441,0.00457206
49.085,0.574524,0.568524,0.566354,0.0060004
49.09,0.569235,0.568444,0.566267,0.000791548
49.095,0.5729,0.568364,0.566181,0.0045363
49.1,0.58306,0.568284,0.566094,0.0147758
49.105,0.564783,0.568204,0.566007,-0.00342156
49.11,0.566852,0.568125,0.565921,-0.00127333
49.115,0.570285,0.568045,0.565834,0.00223916
49.12,0.575396,0.567966,0.565747,0.00742979
49.125,0.579397,0.567887,0.565661,0.01151
49.13,0.565777,0.567808,0.565574,-0.00203101
49.135,0.56052,0.567729,0.565487,-0.00720926
49.14,0.563458,0.567651,0.565401,-0.00419262
49.145,0.548611,0.567572,0.565314,-0.018961
49.15,0.561228,0.567494,0.565228,-0.00626522
49.155,0.570581,0.567415,0.565141,0.00316535
49.16,0.583116,0.567337,0.565055,0.0157784
49.165,0.581954,0.567259,0.564968,0.0146944
49.17,0.584783,0.567182,0.564882,0.0176018
49.175,0.598521,0.567104,0.564796,0.0314173
49.18,0.591708,0.567026,0.564709,0.0246813
49.185,0.589215,0.566949,0.564623,0.022266
49.19,0.576393,0.566872,0.564537,0.00952154
49.195,0.58203,0.566795,0.56445,0.0152351
49.2,0.574304,0.566718,0.564364,0.00758641
49.205,0.558786,0.566641,0.564278,-0.00785523
49.21,0.539611,0.566565,0.564192,-0.0269535
49.215,0.537652,0.566488,0.564105,-0.0288369
49.22,0.556543,0.566412,0.564019,-0.00986947
49.225,0.576585,0.566336,0.563933,0.0102482
49.23,0.59604,0.566261,0.563847,0.0297792
49.235,0.592493,0.566185,0.563761,0.0263084
49.24,0.592063,0.566109,0.563675,0.0259536
49.245,0.575859,0.566034,0.563589,0.00982431
49.25,0.57934,0.565959,0.563503,0.0133807
49.255,0.570426,0.565884,0.563417,0.00454132
49.26,0.580244,0.56581,0.563331,0.0144341
49.265,0.572133,0.565735,0.563245,0.00639764
49.27,0.559363,0.565661,0.563159,-0.006298
49.275,0.546968,0.565587,0.563073,-0.0186194
49.28,0.554598,0.565513,0.562987,-0.0109154
49.285,0.547465,0.565439,0.562901,-0.0179742
49.29,0.552946,0.565366,0.562816,-0.0124197
49.295,0.552299,0.565293,0.56273,-0.0129942
49.3,0.562549,0.56522,0.562644,-0.00267054
49.305,0.585523,0.565147,0.562558,0.0203761
49.31,0.584931,0.565075,0.562472,0.019856
49.315,0.591906,0.565002,0.562387,0.0269032
49.32,0.588978,0.56493,0.562301,0.0240477
49.325,0.581992,0.564859,0.562215,0.0171334
49.33,0.570728,0.564787,0.56213,0.00594132
49.335,0.569083,0.564716,0.562044,0.00436675
49.34,0.576905,0.564645,0.561959,0.0122599
49.345,0.584943,0.564574,0.561873,0.0203687
49.35,0.594396,0.564504,0.561787,0.0298922
49.355,0.593562,0.564433,0.561702,0.0291284
49.36,0.604713,0.564363,0.561616,0.0403497
49.365,0.612845,0.564294,0.561531,0.0485517
49.37,0.610312,0.564224,0.561446,0.0460882
49.375,0.599795,0.564155,0.56136,0.0356403
49.38,0.608254,0.564086,0.561275,0.0441681
49.385,0.600105,0.564018,0.561189,0.0360867
49.39,0.597296,0.56395,0.561104,0.0333464
49.395,0.569911,0.563882,0.561019,0.00602907
49.4,0.542635,0.563814,0.560933,-0.0211787
49.405,0.544879,0.563747,0.560848,-0.0188676
49.41,0.548287,0.56368,0.560763,-0.0153932
49.415,0.563874,0.563613,0.560678,0.000260388
49.42,0.577529,0.563547,0.560592,0.0139821
49.425,0.58418,0.563481,0.560507,0.0206987
49.43,0.575946,0.563416,0.560422,0.0125304
49.435,0.57792,0.56335,0.560337,0.0145701
49.44,0.562084,0.563285,0.560252,-0.00120181
49.445,0.563653,0.563221,0.560167,0.000431641
49.45,0.563386,0.563157,0.560082,0.000228947
49.455,0.57124,0.563093,0.559997,0.0081471
49.46,0.562438,0.56303,0.559912,-0.000592019
49.465,0.572207,0.562967,0.559827,0.00923961
49.47,0.571434,0.562905,0.559742,0.00852897
49.475,0.574807,0.562843,0.559657,0.0119644
49.48,0.57503,0.562781,0.559572,0.0122491
49.485,0.558281,0.56272,0.559487,-0.00443861
49.49,0.553686,0.562659,0.559402,-0.00897312
49.495,0.555486,0.562599,0.559317,-0.00711237
49.5,0.557622,0.562539,0.559233,-0.00491735
49.505,0.579497,0.56248,0.559148,0.017017
49.51,0.574935,0.562421,0.559063,0.0125144
49.515,0.578331,0.562362,0.558978,0.0159689
49.52,0.571957,0.562305,0.558894,0.00965282
49.525,0.565362,0.562247,0.558809,0.0031149
49.53,0.571352,0.56219,0.558724,0.00916145
49.535,0.560844,0.562134,0.55864,-0.00128991
49.54,0.563131,0.562079,0.558555,0.00105274
49.545,0.563387,0.562023,0.55847,0.00136368
49.55,0.567823,0.561969,0.558386,0.00585438
49.555,0.575225,0.561915,0.558301,0.0133103
49.56,0.581823,0.561862,0.558217,0.0199614
49.565,0.571271,0.561809,0.558132,0.00946226
49.57,0.571632,0.561757,0.558048,0.00987516
49.575,0.551598,0.561706,0.557963,-0.0101076
49.58,0.556713,0.561655,0.557879,-0.00494211
49.585,0.565085,0.561605,0.557794,0.00348046
49.59,0.567517,0.561556,0.55771,0.00596169
49.595,0.574757,0.561507,0.557626,0.0132499
49.6,0.570364,0.561459,0.557541,0.00890446
49.605,0.582746,0.561412,0.557457,0.0213336
49.61,0.575647,0.561366,0.557373,0.014281
49.615,0.56027,0.561321,0.557288,-0.0010507
49.62,0.548954,0.561276,0.557204,-0.0123221
49.625,0.543632,0.561232,0.55712,-0.0176001
49.63,0.554223,0.561189,0.557036,-0.00696637
49.635,0.563224,0.561148,0.556952,0.002076
49.64,0.56905,0.561107,0.556868,0.00794333
49.645,0.57768,0.561067,0.556783,0.0166132
49.65,0.565451,0.561028,0.556699,0.00442295
49.655,0.556035,0.56099,0.556615,-0.00495492
49.66,0.551511,0.560953,0.556531,-0.00944216
49.665,0.551552,0.560917,0.556447,-0.00936569
49.67,0.555257,0.560883,0.556363,-0.00562555
49.675,0.56956,0.56085,0.556279,0.00871052
49.68,0.587761,0.560818,0.556195,0.0269435
49.685,0.599531,0.560787,0.556111,0.0387445
49.69,0.593058,0.560758,0.556027,0.0323002
49.695,0.579074,0.56073,0.555944,0.0183439
49.7,0.569779,0.560704,0.55586,0.00907544
49.705,0.562131,0.560679,0.555776,0.00145185
49.71,0.562247,0.560656,0.555692,0.00159108
49.715,0.55103,0.560635,0.555608,-0.00960507
49.72,0.544855,0.560616,0.555525,-0.0157608
49.725,0.535685,0.560598,0.555441,-0.0249135
49.73,0.538325,0.560583,0.555357,-0.0222583
49.735,0.561964,0.56057,0.555273,0.00139427
49.74,0.581589,0.56056,0.55519,0.0210298
49.745,0.602753,0.560551,0.555106,0.042202
49.75,0.595091,0.560546,0.555023,0.0345447
49.755,0.591736,0.560543,0.554939,0.0311931
49.76,0.589687,0.560544,0.554855,0.0291435
49.765,0.588397,0.560547,0.554772,0.0278498
49.77,0.598378,0.560554,0.554688,0.0378242
49.775,0.584148,0.560565,0.554605,0.0235833
49.78,0.579393,0.560579,0.554521,0.0188133
49.785,0.586305,0.560598,0.554438,0.0257068
49.79,0.579358,0.560622,0.554355,0.0187368
49.795,0.582991,0.56065,0.554271,0.0223408
49.8,0.577111,0.560683,0.554188,0.0164275
49.805,0.565128,0.560722,0.554104,0.00440617
49.81,0.56081,0.560767,0.554021,4.26278e-05
49.815,0.562162,0.560819,0.553938,0.00134287
49.82,0.573153,0.560878,0.553855,0.0122755
49.825,0.591611,0.560944,0.553771,0.0306675
49.83,0.597371,0.561018,0.553688,0.0363527
49.835,0.59761,0.561101,0.553605,0.0365094
49.84,0.599685,0.561193,0.553522,0.0384915
49.845,0.602021,0.561296,0.553439,0.0407246
49.85,0.585876,0.561409,0.553355,0.024467
49.855,0.588117,0.561535,0.553272,0.0265826
49.86,0.600148,0.561672,0.553189,0.0384757
49.865,0.607671,0.561824,0.553106,0.0458477
49.87,0.619515,0.56199,0.553023,0.0575254
49.875,0.620592,0.562171,0.55294,0.0584208
49.88,0.597647,0.56237,0.552857,0.0352774
49.885,0.596009,0.562586,0.552774,0.033423
49.89,0.563898,0.562822,0.552691,0.0010766
49.895,0.5501,0.563078,0.552608,-0.0129781
49.9,0.557424,0.563357,0.552526,-0.00593318
49.905,0.551775,0.563659,0.552443,-0.0118845
49.91,0.559274,0.563987,0.55236,-0.00471327
49.915,0.571595,0.564342,0.552277,0.00725353
49.92,0.574451,0.564725,0.552194,0.00972604
49.925,0.591653,0.56514,0.552111,0.0265136
49.93,0.607003,0.565587,0.552029,0.0414157
49.935,0.603557,0.566069,0.551946,0.0374878
49.94,0.609721,0.566588,0.551863,0.043133
49.945,0.609658,0.567147,0.551781,0.0425119
49.95,0.59188,0.567747,0.551698,0.0241331
49.955,0.571273,0.568391,0.551615,0.00288182
49.96,0.566307,0.569082,0.551533,-0.00277437
49.965,0.569674,0.569821,0.55145,-0.000147591
49.97,0.587181,0.570613,0.551368,0.0165675
49.975,0.599564,0.57146,0.551285,0.0281046
49.98,0.614237,0.572364,0.551203,0.0418732
49.985,0.612367,0.573328,0.55112,0.0390383
49.99,0.610729,0.574356,0.551038,0.0363731
49.995,0.592216,0.57545,0.550955,0.016766
50,0.578713,0.576614,0.550873,0.00209912
50.005,0.573218,0.57785,0.55079,-0.00463143
50.01,0.568122,0.579161,0.550708,-0.0110392
50.015,0.574178,0.580551,0.550626,-0.00637309
50.02,0.598215,0.582023,0.550543,0.0161915
50.025,0.606725,0.58358,0.550461,0.0231453
50.03,0.607003,0.585224,0.550379,0.0217783
50.035,0.578974,0.58696,0.550297,-0.00798529
50.04,0.572564,0.588789,0.550214,-0.0162246
50.045,0.571581,0.590714,0.550132,-0.019133
50.05,0.58251,0.592739,0.55005,-0.0102282
50.055,0.590733,0.594865,0.549968,-0.00413243
50.06,0.574725,0.597096,0.549886,-0.0223704
50.065,0.570186,0.599433,0.549804,-0.0292468
50.07,0.571921,0.601879,0.549722,-0.0299582
50.075,0.584848,0.604435,0.54964,-0.0195866
50.08,0.593489,0.607103,0.549558,-0.0136148
50.085,0.585724,0.609885,0.549476,-0.0241611
50.09,0.596322,0.612782,0.549394,-0.01646
50.095,0.611043,0.615793,0.549312,-0.00475077
50.1,0.636359,0.618921,0.54923,0.0174377
50.105,0.626564,0.622165,0.549148,0.00439897
50.11,0.643615,0.625524,0.549066,0.0180916
50.115,0.655248,0.628998,0.548984,0.0262495
50.12,0.66855,0.632586,0.548902,0.0359639
50.125,0.671059,0.636287,0.548821,0.0347718
50.13,0.666411,0.640098,0.548739,0.0263129
50.135,0.656639,0.644017,0.548657,0.0126221
50.14,0.652812,0.648043,0.548575,0.00476891
50.145,0.640935,0.652168,0.548494,-0.0112335
50.15,0.642371,0.656392,0.548412,-0.0140211
50.155,0.638906,0.660708,0.54833,-0.0218023
50.16,0.641208,0.665112,0.548249,-0.0239035
50.165,0.632268,0.669598,0.548167,-0.0373302
50.17,0.645433,0.674161,0.548085,-0.0287274
50.175,0.659715,0.678793,0.548004,-0.0190776
50.18,0.661978,0.683487,0.547922,-0.0215084
50.185,0.669044,0.688234,0.547841,-0.0191907
50.19,0.676491,0.693028,0.547759,-0.0165367
50.195,0.682086,0.697858,0.547678,-0.0157718
50.2,0.678809,0.702716,0.547596,-0.0239066
50.205,0.6822,0.70759,0.547515,-0.02539
50.21,0.687628,0.712471,0.547434,-0.0248428
50.215,0.706999,0.717347,0.547352,-0.0103484
50.22,0.719586,0.722208,0.547271,-0.00262166
50.225,0.711122,0.72704,0.54719,-0.0159176
50.23,0.723099,0.731832,0.547108,-0.00873343
50.235,0.735392,0.736571,0.547027,-0.00117903
50.24,0.753853,0.741245,0.546946,0.0126087
50.245,0.74441,0.745838,0.546865,-0.00142844
50.25,0.728169,0.750339,0.546783,-0.0221704
50.255,0.712921,0.754734,0.546702,-0.0418122
50.26,0.721438,0.759007,0.546621,-0.0375689
50.265,0.727242,0.763146,0.54654,-0.0359045
50.27,0.731947,0.767136,0.546459,-0.0351892
50.275,0.739329,0.770964,0.546378,-0.031635
50.28,0.744626,0.774615,0.546297,-0.0299885
50.285,0.758308,0.778076,0.546216,-0.0197672
50.29,0.749999,0.781333,0.546135,-0.0313339
50.295,0.76192,0.784373,0.546054,-0.0224525
50.3,0.786207,0.787183,0.545973,-0.000976446
50.305,0.814308,0.789752,0.545892,0.0245559
50.31,0.81406,0.792068,0.545811,0.0219921
50.315,0.801097,0.79412,0.54573,0.0069769
50.32,0.797058,0.795898,0.545649,0.00115979
50.325,0.827918,0.797394,0.545568,0.0305245
50.33,0.83283,0.798599,0.545487,0.0342311
50.335,0.817852,0.799506,0.545407,0.0183452
50.34,0.806114,0.800111,0.545326,0.00600313
50.345,0.787881,0.800408,0.545245,-0.0125268
50.35,0.785231,0.800395,0.545164,-0.0151635
50.355,0.800171,0.80007,0.545084,0.000100799
50.36,0.791504,0.799434,0.545003,-0.00793033
50.365,0.803278,0.798488,0.544922,0.00478966
50.37,0.787113,0.797235,0.544842,-0.0101219
50.375,0.777138,0.795679,0.544761,-0.0185409
50.38,0.792553,0.793827,0.544681,-0.00127409
50.385,0.793806,0.791685,0.5446,0.00212038
50.39,0.795521,0.789264,0.544519,0.00625687
50.395,0.79503,0.786572,0.544439,0.00845776
50.4,0.782577,0.783621,0.544358,-0.00104371
50.405,0.783179,0.780422,0.544278,0.00275662
50.41,0.756312,0.77699,0.544198,-0.0206777
50.415,0.740355,0.773337,0.544117,-0.0329814
50.42,0.750468,0.769478,0.544037,-0.0190096
50.425,0.766145,0.765428,0.543956,0.000717523
50.43,0.787251,0.761201,0.543876,0.0260496
50.435,0.770031,0.756815,0.543796,0.0132166
50.44,0.7742,0.752283,0.543715,0.0219172
50.445,0.780172,0.747621,0.543635,0.0325509
50.45,0.780867,0.742846,0.543555,0.0380211
50.455,0.757619,0.737972,0.543475,0.0196476
50.46,0.741494,0.733013,0.543395,0.00848038
50.465,0.726016,0.727986,0.543314,-0.00197014
50.47,0.728808,0.722904,0.543234,0.00590429
50.475,0.726611,0.71778,0.543154,0.00883024
50.48,0.714065,0.712629,0.543074,0.00143592
50.485,0.691127,0.707463,0.542994,-0.0163362
50.49,0.67856,0.702295,0.542914,-0.0237344
50.495,0.679203,0.697136,0.542834,-0.0179328
50.5,0.681174,0.691997,0.542754,-0.0108227
50.505,0.679528,0.686889,0.542674,-0.00736054
50.51,0.672788,0.681821,0.542594,-0.00903334
50.515,0.664425,0.676805,0.542514,-0.0123793
50.52,0.666133,0.671847,0.542434,-0.00571336
50.525,0.665439,0.666956,0.542354,-0.00151741
50.53,0.666123,0.66214,0.542274,0.00398301
50.535,0.661343,0.657406,0.542195,0.00393708
50.54,0.652095,0.65276,0.542115,-0.000665126
50.545,0.647894,0.648207,0.542035,-0.000313345
50.55,0.655937,0.643754,0.541955,0.0121829
50.555,0.646084,0.639404,0.541875,0.00668039
50.56,0.647215,0.635161,0.541796,0.012054
50.565,0.650817,0.63103,0.541716,0.0197876
50.57,0.661053,0.627012,0.541636,0.0340407
50.575,0.666145,0.623111,0.541557,0.0430342
50.58,0.666154,0.619327,0.541477,0.0468269
50.585,0.65738,0.615664,0.541398,0.0417163
50.59,0.642284,0.612121,0.541318,0.0301626
50.595,0.643191,0.6087,0.541238,0.0344905
50.6,0.642446,0.6054,0.541159,0.0370461
50.605,0.641984,0.602221,0.541079,0.0397632
50.61,0.632206,0.599163,0.541,0.0330428
50.615,0.618786,0.596224,0.54092,0.0225619
50.62,0.601686,0.593403,0.540841,0.00828235
50.625,0.599496,0.590699,0.540762,0.00879674
50.63,0.591886,0.58811,0.540682,0.00377544
50.635,0.590699,0.585634,0.540603,0.00506462
50.64,0.592589,0.583268,0.540524,0.00932091
50.645,0.593249,0.58101,0.540444,0.0122388
50.65,0.584713,0.578857,0.540365,0.0058559
50.655,0.579645,0.576806,0.540286,0.0028384
50.66,0.588761,0.574855,0.540207,0.0139058
50.665,0.606793,0.573,0.540127,0.0337934
50.67,0.61613,0.571238,0.540048,0.0448923
50.675,0.622095,0.569566,0.539969,0.0525292
50.68,0.609115,0.56798,0.53989,0.0411348
50.685,0.597024,0.566478,0.539811,0.0305466
50.69,0.585796,0.565056,0.539732,0.0207399
50.695,0.557523,0.56371,0.539653,-0.00618675
50.7,0.548884,0.562437,0.539574,-0.013553
50.705,0.539084,0.561234,0.539494,-0.0221501
50.71,0.527361,0.560097,0.539416,-0.0327359
50.715,0.536796,0.559024,0.539337,-0.0222284
50.72,0.539146,0.558012,0.539258,-0.0188659
50.725,0.544232,0.557056,0.539179,-0.0128239
50.73,0.548166,0.556155,0.5391,-0.00798857
50.735,0.539689,0.555305,0.539021,-0.0156155
50.74,0.52917,0.554503,0.538942,-0.0253329
50.745,0.53204,0.553747,0.538863,-0.0217071
50.75,0.536232,0.553034,0.538784,-0.0168012
50.755,0.550334,0.552361,0.538706,-0.00202676
50.76,0.554344,0.551726,0.538627,0.0026178
50.765,0.554259,0.551127,0.538548,0.00313174
50.77,0.549985,0.550562,0.538469,-0.000576646
50.775,0.5479,0.550027,0.538391,-0.00212712
50.78,0.554123,0.549522,0.538312,0.00460099
50.785,0.546527,0.549044,0.538233,-0.00251745
50.79,0.548684,0.548592,0.538155,9.18502e-05
50.795,0.545643,0.548164,0.538076,-0.00252095
50.8,0.551366,0.547757,0.537998,0.0036086
50.805,0.559218,0.547371,0.537919,0.0118471
50.81,0.567859,0.547005,0.537841,0.0208546
50.815,0.564225,0.546656,0.537762,0.0175695
50.82,0.563241,0.546323,0.537684,0.0169176
50.825,0.551993,0.546006,0.537605,0.00598658
50.83,0.550524,0.545703,0.537527,0.00482127
50.835,0.558524,0.545413,0.537448,0.0131107
50.84,0.562465,0.545135,0.53737,0.0173301
50.845,0.562847,0.544869,0.537292,0.0179782
50.85,0.565689,0.544613,0.537213,0.021076
50.855,0.557589,0.544366,0.537135,0.0132229
50.86,0.547878,0.544129,0.537057,0.00374907
50.865,0.540466,0.543899,0.536979,-0.00343373
50.87,0.53015,0.543678,0.5369,-0.0135279
50.875,0.524989,0.543463,0.536822,-0.0184738
50.88,0.529132,0.543255,0.536744,-0.0141235
50.885,0.528248,0.543053,0.536666,-0.0148054
50.89,0.52815,0.542857,0.536588,-0.0147063
50.895,0.534201,0.542665,0.53651,-0.00846492
50.9,0.556382,0.542479,0.536431,0.0139033
50.905,0.565469,0.542297,0.536353,0.0231722
50.91,0.568206,0.542119,0.536275,0.0260867
50.915,0.56597,0.541946,0.536197,0.0240248
50.92,0.552767,0.541775,0.536119,0.010992
50.925,0.549511,0.541609,0.536041,0.00790197
50.93,0.540189,0.541445,0.535963,-0.0012563
50.935,0.54294,0.541284,0.535885,0.00165633
50.94,0.54298,0.541126,0.535808,0.0018542
50.945,0.54721,0.540971,0.53573,0.00623923
50.95,0.545497,0.540818,0.535652,0.00467923
50.955,0.535639,0.540667,0.535574,-0.00502751
50.96,0.545216,0.540518,0.535496,0.00469712
50.965,0.541721,0.540372,0.535418,0.00134909
50.97,0.540099,0.540227,0.535341,-0.000128488
50.975,0.555669,0.540085,0.535263,0.0155843
50.98,0.563839,0.539944,0.535185,0.0238957
50.985,0.569572,0.539804,0.535108,0.0297673
50.99,0.570911,0.539667,0.53503,0.0312449
50.995,0.546272,0.53953,0.534952,0.00674131
51,0.522096,0.539396,0.534875,-0.0172996
51.005,0.511607,0.539262,0.534797,-0.0276553
51.01,0.516679,0.53913,0.53472,-0.0224509
51.015,0.537186,0.538999,0.534642,-0.00181353
51.02,0.539906,0.53887,0.534565,0.00103693
51.025,0.537932,0.538741,0.534487,-0.00080905
51.03,0.546798,0.538614,0.53441,0.00818407
51.035,0.540097,0.538488,0.534332,0.00160978
51.04,0.538466,0.538362,0.534255,0.000103845
51.045,0.533058,0.538238,0.534177,-0.00517988
51.05,0.539539,0.538115,0.5341,0.00142372
51.055,0.544821,0.537993,0.534023,0.00682839
51.06,0.551898,0.537872,0.533945,0.0140262
51.065,0.548371,0.537751,0.533868,0.0106202
51.07,0.554962,0.537632,0.533791,0.0173308
51.075,0.551553,0.537513,0.533713,0.0140396
51.08,0.543652,0.537395,0.533636,0.00625643
51.085,0.53805,0.537278,0.533559,0.000771764
51.09,0.54879,0.537162,0.533482,0.0116277
51.095,0.535068,0.537046,0.533405,-0.00197878
51.1,0.526121,0.536932,0.533328,-0.0108108
51.105,0.527212,0.536818,0.53325,-0.00960544
51.11,0.5276,0.536704,0.533173,-0.00910487
51.115,0.536194,0.536592,0.533096,-0.000398054
51.12,0.526322,0.53648,0.533019,-0.0101576
51.125,0.521332,0.536369,0.532942,-0.015037
51.13,0.519889,0.536258,0.532865,-0.0163687
51.135,0.519471,0.536148,0.532788,-0.0166764
51.14,0.519942,0.536038,0.532711,-0.0160967
51.145,0.524921,0.53593,0.532634,-0.0110085
51.15,0.527973,0.535821,0.532558,-0.00784814
51.155,0.526935,0.535714,0.532481,-0.00877853
51.16,0.531705,0.535607,0.532404,-0.00390125
51.165,0.535761,0.5355,0.532327,0.000260831
51.17,0.53212,0.535394,0.53225,-0.00327348
51.175,0.54504,0.535288,0.532173,0.00975211
51.18,0.556677,0.535183,0.532097,0.0214937
51.185,0.568501,0.535079,0.53202,0.033422
51.19,0.56614,0.534975,0.531943,0.0311657
51.195,0.543225,0.534871,0.531867,0.0083539
51.2,0.533638,0.534768,0.53179,-0.00112978
51.205,0.536297,0.534665,0.531713,0.00163176
51.21,0.534573,0.534563,0.531637,1.02182e-05
51.215,0.544836,0.534462,0.53156,0.0103744
51.22,0.554585,0.53436,0.531484,0.0202245
51.225,0.550326,0.534259,0.531407,0.0160669
51.23,0.554963,0.534159,0.53133,0.020804
51.235,0.530565,0.534059,0.531254,-0.00349413
51.24,0.516565,0.533959,0.531178,-0.0173938
51.245,0.509704,0.53386,0.531101,-0.0241561
51.25,0.493073,0.533761,0.531025,-0.0406875
51.255,0.500024,0.533662,0.530948,-0.033638
51.26,0.504758,0.533564,0.530872,-0.0288057
51.265,0.529534,0.533466,0.530796,-0.00393193
51.27,0.530598,0.533369,0.530719,-0.00277064
51.275,0.524408,0.533272,0.530643,-0.00886372
51.28,0.509544,0.533175,0.530567,-0.0236313
51.285,0.515719,0.533078,0.53049,-0.0173594
51.29,0.541039,0.532982,0.530414,0.00805671
51.295,0.554732,0.532887,0.530338,0.0218451
51.3,0.574967,0.532791,0.530262,0.0421757
51.305,0.555253,0.532696,0.530186,0.0225569
51.31,0.538515,0.532601,0.530109,0.0059144
51.315,0.529495,0.532506,0.530033,-0.003011
51.32,0.515359,0.532412,0.529957,-0.0170532
51.325,0.532707,0.532318,0.529881,0.000388768
51.33,0.530833,0.532224,0.529805,-0.00139129
51.335,0.520488,0.532131,0.529729,-0.0116424
51.34,0.501463,0.532038,0.529653,-0.0305746
51.345,0.488668,0.531945,0.529577,-0.0432768
51.35,0.493835,0.531852,0.529501,-0.0380169
51.355,0.503554,0.53176,0.529425,-0.0282059
51.36,0.504504,0.531668,0.529349,-0.0271632
51.365,0.496557,0.531576,0.529274,-0.0350192
51.37,0.490751,0.531484,0.529198,-0.040733
51.375,0.495745,0.531393,0.529122,-0.0356478
51.38,0.503954,0.531302,0.529046,-0.027348
51.385,0.502069,0.531211,0.52897,-0.0291417
51.39,0.48942,0.53112,0.528895,-0.0416998
51.395,0.488592,0.531029,0.528819,-0.0424375
51.4,0.489863,0.530939,0.528743,-0.0410762
51.405,0.503739,0.530849,0.528667,-0.0271098
51.41,0.50893,0.530759,0.528592,-0.021829
51.415,0.509329,0.53067,0.528516,-0.0213412
51.42,0.508352,0.53058,0.528441,-0.0222287
51.425,0.529008,0.530491,0.528365,-0.00148314
51.43,0.535377,0.530402,0.528289,0.00497443
51.435,0.544637,0.530313,0.528214,0.0143232
51.44,0.553021,0.530225,0.528138,0.0227961
51.445,0.551968,0.530136,0.528063,0.0218317
51.45,0.552696,0.530048,0.527987,0.0226474
51.455,0.54219,0.52996,0.527912,0.0122302
51.46,0.53985,0.529872,0.527836,0.00997743
51.465,0.540581,0.529785,0.527761,0.0107966
51.47,0.523432,0.529697,0.527686,-0.00626537
51.475,0.521332,0.52961,0.52761,-0.00827792
51.48,0.517013,0.529523,0.527535,-0.0125098
51.485,0.520249,0.529436,0.52746,-0.00918681
51.49,0.512943,0.529349,0.527384,-0.0164056
51.495,0.492089,0.529262,0.527309,-0.0371734
51.5,0.49334,0.529176,0.527234,-0.0358361
51.505,0.502417,0.52909,0.527159,-0.0266728
51.51,0.49995,0.529003,0.527084,-0.0290533
51.515,0.501108,0.528917,0.527008,-0.0278096
51.52,0.48568,0.528832,0.526933,-0.0431516
51.525,0.486678,0.528746,0.526858,-0.0420677
51.53,0.495118,0.52866,0.526783,-0.0335427
51.535,0.506665,0.528575,0.526708,-0.02191
51.54,0.510694,0.52849,0.526633,-0.0177961
51.545,0.514401,0.528405,0.526558,-0.0140032
51.55,0.516575,0.52832,0.526483,-0.0117445
51.555,0.518764,0.528235,0.526408,-0.00947052
51.56,0.526657,0.52815,0.526333,-0.00149314
51.565,0.517462,0.528066,0.526258,-0.010604
51.57,0.516254,0.527981,0.526183,-0.011727
51.575,0.506752,0.527897,0.526108,-0.0211445
51.58,0.506541,0.527813,0.526033,-0.0212718
51.585,0.508317,0.527729,0.525959,-0.0194113
51.59,0.51894,0.527645,0.525884,-0.00870537
51.595,0.515923,0.527561,0.525809,-0.0116384
51.6,0.512525,0.527478,0.525734,-0.0149522
51.605,0.498271,0.527394,0.52566,-0.0291233
51.61,0.518642,0.527311,0.525585,-0.00866899
51.615,0.521829,0.527227,0.52551,-0.00539861
51.62,0.521822,0.527144,0.525435,-0.00532217
51.625,0.514531,0.527061,0.525361,-0.0125297
51.63,0.514882,0.526978,0.525286,-0.0120967
51.635,0.530795,0.526895,0.525212,0.00389943
51.64,0.531471,0.526813,0.525137,0.00465856
51.645,0.524131,0.52673,0.525063,-0.00259949
51.65,0.526185,0.526648,0.524988,-0.000462941
51.655,0.515784,0.526565,0.524913,-0.010781
51.66,0.513901,0.526483,0.524839,-0.0125821
51.665,0.516046,0.526401,0.524765,-0.010355
51.67,0.506949,0.526319,0.52469,-0.0193704
51.675,0.520894,0.526237,0.524616,-0.00534352
51.68,0.53585,0.526155,0.524541,0.00969471
51.685,0.538963,0.526074,0.524467,0.0128897
51.69,0.549433,0.525992,0.524393,0.0234414
51.695,0.53543,0.52591,0.524318,0.00951996
51.7,0.520795,0.525829,0.524244,-0.00503371
51.705,0.518529,0.525748,0.52417,-0.00721911
51.71,0.51141,0.525666,0.524096,-0.0142559
51.715,0.50902,0.525585,0.524021,-0.0165651
51.72,0.503683,0.525504,0.523947,-0.0218212
51.725,0.492938,0.525423,0.523873,-0.0324849
51.73,0.486557,0.525342,0.523799,-0.0387858
51.735,0.480603,0.525262,0.523725,-0.0446585
51.74,0.49632,0.525181,0.523651,-0.0288608
51.745,0.497294,0.5251,0.523577,-0.027806
51.75,0.489604,0.52502,0.523502,-0.0354161
51.755,0.486805,0.52494,0.523428,-0.0381342
51.76,0.485735,0.524859,0.523354,-0.0391239
51.765,0.49678,0.524779,0.52328,-0.0279989
51.77,0.506475,0.524699,0.523206,-0.0182236
51.775,0.509884,0.524619,0.523133,-0.0147353
51.78,0.510731,0.524539,0.523059,-0.0138081
51.785,0.516509,0.524459,0.522985,-0.00795
51.79,0.517675,0.524379,0.522911,-0.00670391
51.795,0.525431,0.524299,0.522837,0.0011318
51.8,0.528278,0.52422,0.522763,0.00405851
51.805,0.531445,0.52414,0.522689,0.0073051
51.81,0.518934,0.524061,0.522616,-0.00512645
51.815,0.513421,0.523981,0.522542,-0.01056
51.82,0.507011,0.523902,0.522468,-0.0168909
51.825,0.509189,0.523823,0.522395,-0.0146337
51.83,0.508538,0.523744,0.522321,-0.0152059
51.835,0.49977,0.523664,0.522247,-0.0238949
51.84,0.481147,0.523585,0.522174,-0.0424388
51.845,0.473798,0.523506,0.5221,-0.0497089
51.85,0.468072,0.523428,0.522026,-0.0553553
51.855,0.46596,0.523349,0.521953,-0.0573888
51.86,0.45437,0.52327,0.521879,-0.0689005
51.865,0.459424,0.523191,0.521806,-0.0637674
51.87,0.472888,0.523113,0.521732,-0.0502245
51.875,0.487749,0.523034,0.521659,-0.0352851
51.88,0.482862,0.522956,0.521585,-0.0400943
51.885,0.477069,0.522878,0.521512,-0.0458082
51.89,0.467609,0.522799,0.521439,-0.0551906
51.895,0.466946,0.522721,0.521365,-0.0557752
51.9,0.481261,0.522643,0.521292,-0.0413815
51.905,0.486295,0.522565,0.521219,-0.0362696
51.91,0.505237,0.522487,0.521145,-0.0172501
51.915,0.516416,0.522409,0.521072,-0.00599296
51.92,0.518064,0.522331,0.520999,-0.00426627
51.925,0.52019,0.522253,0.520925,-0.00206288
51.93,0.51099,0.522175,0.520852,-0.0111849
51.935,0.516438,0.522097,0.520779,-0.00565933
51.94,0.531875,0.52202,0.520706,0.00985507
51.945,0.543649,0.521942,0.520633,0.0217072
51.95,0.539536,0.521865,0.52056,0.0176717
51.955,0.521716,0.521787,0.520487,-7.14022e-05
51.96,0.50556,0.52171,0.520414,-0.0161495
51.965,0.495062,0.521632,0.52034,-0.0265708
51.97,0.489273,0.521555,0.520267,-0.0322817
51.975,0.494925,0.521478,0.520194,-0.0265528
51.98,0.489527,0.521401,0.520122,-0.0318735
51.985,0.484074,0.521324,0.520049,-0.0372497
51.99,0.494233,0.521247,0.519976,-0.0270135
51.995,0.504422,0.52117,0.519903,-0.0167479
52,0.51313,0.521093,0.51983,-0.00796279
52.005,0.511384,0.521016,0.519757,-0.00963197
52.01,0.501591,0.520939,0.519684,-0.0193482
52.015,0.48988,0.520862,0.519611,-0.0309828
52.02,0.485818,0.520786,0.519539,-0.0349681
52.025,0.475822,0.520709,0.519466,-0.0448872
52.03,0.476817,0.520632,0.519393,-0.0438157
52.035,0.482628,0.520556,0.51932,-0.0379276
52.04,0.492389,0.520479,0.519248,-0.0280906
52.045,0.497007,0.520403,0.519175,-0.0233958
52.05,0.48979,0.520327,0.519102,-0.0305367
52.055,0.479484,0.52025,0.51903,-0.0407665
52.06,0.470181,0.520174,0.518957,-0.0499934
52.065,0.475672,0.520098,0.518885,-0.0444256
52.07,0.489905,0.520022,0.518812,-0.0301166
52.075,0.492074,0.519946,0.51874,-0.0278712
52.08,0.497125,0.51987,0.518667,-0.0227449
52.085,0.490305,0.519794,0.518595,-0.0294882
52.09,0.48897,0.519718,0.518522,-0.0307474
52.095,0.493355,0.519642,0.51845,-0.0262869
52.1,0.503159,0.519566,0.518377,-0.0164069
52.105,0.494853,0.51949,0.518305,-0.0246375
52.11,0.506395,0.519414,0.518233,-0.0130192
52.115,0.515172,0.519339,0.51816,-0.00416632
52.12,0.52096,0.519263,0.518088,0.00169732
52.125,0.52102,0.519187,0.518016,0.00183216
52.13,0.510905,0.519112,0.517943,-0.00820732
52.135,0.503548,0.519036,0.517871,-0.0154889
52.14,0.48719,0.518961,0.517799,-0.0317711
52.145,0.474548,0.518886,0.517727,-0.0443375
52.15,0.474098,0.51881,0.517654,-0.0447124
52.155,0.483224,0.518735,0.517582,-0.0355109
52.16,0.490785,0.51866,0.51751,-0.0278744
52.165,0.484078,0.518585,0.517438,-0.0345066
52.17,0.474295,0.518509,0.517366,-0.0442142
52.175,0.477606,0.518434,0.517294,-0.040828
52.18,0.491242,0.518359,0.517222,-0.0271172
52.185,0.498664,0.518284,0.51715,-0.01962
52.19,0.511333,0.518209,0.517078,-0.00687603
52.195,0.511945,0.518134,0.517006,-0.00618889
52.2,0.499512,0.518059,0.516934,-0.0185478
52.205,0.491344,0.517985,0.516862,-0.0266402
52.21,0.483951,0.51791,0.51679,-0.0339584
52.215,0.475458,0.517835,0.516718,-0.0423776
52.22,0.473484,0.51776,0.516646,-0.0442767
52.225,0.461702,0.517686,0.516575,-0.0559842
52.23,0.468755,0.517611,0.516503,-0.0488563
52.235,0.476871,0.517537,0.516431,-0.0406659
52.24,0.47664,0.517462,0.516359,-0.040822
52.245,0.483264,0.517388,0.516288,-0.0341234
52.25,0.480573,0.517313,0.516216,-0.0367406
52.255,0.489926,0.517239,0.516144,-0.0273128
52.26,0.486196,0.517165,0.516073,-0.0309687
52.265,0.485416,0.51709,0.516001,-0.0316744
52.27,0.494479,0.517016,0.515929,-0.0225365
52.275,0.508887,0.516942,0.515858,-0.00805498
52.28,0.502746,0.516868,0.515786,-0.0141212
52.285,0.507958,0.516793,0.515715,-0.00883582
52.29,0.494739,0.516719,0.515643,-0.0219805
52.295,0.496202,0.516645,0.515572,-0.0204429
52.3,0.485272,0.516571,0.5155,-0.0312998
52.305,0.473986,0.516497,0.515429,-0.0425118
52.31,0.480949,0.516423,0.515357,-0.0354743
52.315,0.493527,0.51635,0.515286,-0.0228229
52.32,0.497883,0.516276,0.515214,-0.0183924
52.325,0.494177,0.516202,0.515143,-0.0220249
52.33,0.48476,0.516128,0.515072,-0.0313686
52.335,0.48331,0.516055,0.515,-0.032744
52.34,0.496252,0.515981,0.514929,-0.0197293
52.345,0.509488,0.515907,0.514858,-0.0064197
52.35,0.514381,0.515834,0.514787,-0.00145236
52.355,0.503084,0.51576,0.514715,-0.0126757
52.36,0.504403,0.515687,0.514644,-0.011284
52.365,0.527692,0.515613,0.514573,0.0120793
52.37,0.538794,0.51554,0.514502,0.0232544
52.375,0.534447,0.515466,0.514431,0.0189803
52.38,0.503927,0.515393,0.51436,-0.0114659
52.385,0.488793,0.51532,0.514289,-0.0265271
52.39,0.491361,0.515246,0.514218,-0.0238852
52.395,0.501575,0.515173,0.514147,-0.0135978
52.4,0.506811,0.5151,0.514076,-0.00828919
52.405,0.510417,0.515027,0.514005,-0.00460984
52.41,0.503462,0.514954,0.513934,-0.0114913
52.415,0.492487,0.51488,0.513863,-0.0223938
52.42,0.488226,0.514807,0.513792,-0.0265816
52.425,0.487773,0.514734,0.513721,-0.0269611
52.43,0.480349,0.514661,0.51365,-0.0343126
52.435,0.468375,0.514589,0.513579,-0.0462132
52.44,0.465455,0.514516,0.513508,-0.0490605
52.445,0.473954,0.514443,0.513438,-0.0404891
52.45,0.491047,0.51437,0.513367,-0.0233234
52.455,0.501394,0.514297,0.513296,-0.0129035
52.46,0.511858,0.514224,0.513225,-0.00236665
52.465,0.508597,0.514152,0.513155,-0.00555468
52.47,0.507733,0.514079,0.513084,-0.00634585
52.475,0.500068,0.514006,0.513013,-0.0139389
52.48,0.486606,0.513934,0.512943,-0.0273275
52.485,0.473156,0.513861,0.512872,-0.0407053
52.49,0.471671,0.513789,0.512801,-0.0421176
52.495,0.478592,0.513716,0.512731,-0.0351247
52.5,0.486725,0.513644,0.51266,-0.0269188
52.505,0.497727,0.513571,0.51259,-0.0158438
52.51,0.509334,0.513499,0.512519,-0.00416499
52.515,0.504024,0.513427,0.512449,-0.00940305
52.52,0.491944,0.513354,0.512378,-0.0214104
52.525,0.460096,0.513282,0.512308,-0.0531864
52.53,0.471615,0.51321,0.512237,-0.0415945
52.535,0.483997,0.513138,0.512167,-0.0291407
52.54,0.498246,0.513065,0.512097,-0.014819
52.545,0.500827,0.512993,0.512026,-0.0121663
52.55,0.486108,0.512921,0.511956,-0.0268132
52.555,0.483066,0.512849,0.511886,-0.0297833
52.56,0.489191,0.512777,0.511816,-0.0235861
52.565,0.49044,0.512705,0.511745,-0.0222652
52.57,0.503788,0.512633,0.511675,-0.0088455
52.575,0.511324,0.512561,0.511605,-0.00123704
52.58,0.509417,0.512489,0.511535,-0.00307271
52.585,0.510943,0.512417,0.511465,-0.00147424
52.59,0.496648,0.512346,0.511394,-0.0156975
52.595,0.489558,0.512274,0.511324,-0.0227162
52.6,0.475347,0.512202,0.511254,-0.0368548
52.605,0.465925,0.51213,0.511184,-0.046205
52.61,0.471267,0.512059,0.511114,-0.0407914
52.615,0.467957,0.511987,0.511044,-0.0440298
52.62,0.458883,0.511915,0.510974,-0.0530319
52.625,0.462778,0.511844,0.510904,-0.0490657
52.63,0.453944,0.511772,0.510834,-0.0578282
52.635,0.476957,0.511701,0.510764,-0.0347434
52.64,0.489699,0.511629,0.510694,-0.0219297
52.645,0.496712,0.511558,0.510625,-0.0148454
52.65,0.49532,0.511486,0.510555,-0.0161667
52.655,0.49522,0.511415,0.510485,-0.0161951
52.66,0.50301,0.511344,0.510415,-0.00833308
52.665,0.507569,0.511272,0.510345,-0.0037031
52.67,0.504358,0.511201,0.510276,-0.00684325
52.675,0.502993,0.51113,0.510206,-0.00813631
52.68,0.507139,0.511058,0.510136,-0.00391937
52.685,0.499011,0.510987,0.510066,-0.0119762
52.69,0.499769,0.510916,0.509997,-0.0111474
52.695,0.501769,0.510845,0.509927,-0.00907635
52.7,0.523277,0.510774,0.509857,0.0125034
52.705,0.523908,0.510703,0.509788,0.013205
52.71,0.522108,0.510632,0.509718,0.011476
52.715,0.517282,0.510561,0.509649,0.00672091
52.72,0.515984,0.51049,0.509579,0.00549428
52.725,0.51932,0.510419,0.50951,0.00890098
52.73,0.495669,0.510348,0.50944,-0.0146788
52.735,0.48939,0.510277,0.509371,-0.0208868
52.74,0.486572,0.510206,0.509301,-0.0236343
52.745,0.47476,0.510135,0.509232,-0.0353756
52.75,0.478089,0.510065,0.509163,-0.0319758
52.755,0.469669,0.509994,0.509093,-0.0403248
52.76,0.470015,0.509923,0.509024,-0.0399079
52.765,0.476563,0.509853,0.508955,-0.03329
52.77,0.479843,0.509782,0.508885,-0.0299385
52.775,0.476363,0.509711,0.508816,-0.0333485
52.78,0.473929,0.509641,0.508747,-0.0357119
52.785,0.467648,0.50957,0.508678,-0.0419224
52.79,0.466449,0.5095,0.508608,-0.0430506
52.795,0.468673,0.509429,0.508539,-0.0407558
52.8,0.474291,0.509359,0.50847,-0.0350673
52.805,0.477028,0.509288,0.508401,-0.0322603
52.81,0.483655,0.509218,0.508332,-0.0255626
52.815,0.488438,0.509147,0.508263,-0.0207094
52.82,0.47858,0.509077,0.508194,-0.0304969
52.825,0.490904,0.509007,0.508125,-0.0181028
52.83,0.489505,0.508937,0.508056,-0.0194313
52.835,0.493848,0.508866,0.507987,-0.0150185
52.84,0.49596,0.508796,0.507918,-0.0128356
52.845,0.489185,0.508726,0.507849,-0.0195404
52.85,0.488988,0.508656,0.50778,-0.0196677
52.855,0.498124,0.508586,0.507711,-0.0104614
52.86,0.495619,0.508515,0.507642,-0.0128968
52.865,0.494744,0.508445,0.507573,-0.0137016
52.87,0.487544,0.508375,0.507504,-0.0208315
52.875,0.479008,0.508305,0.507435,-0.0292978
52.88,0.476245,0.508235,0.507367,-0.0319901
52.885,0.482005,0.508165,0.507298,-0.0261604
52.89,0.478515,0.508096,0.507229,-0.029581
52.895,0.477352,0.508026,0.50716,-0.0306733
52.9,0.479176,0.507956,0.507092,-0.0287797
52.905,0.47777,0.507886,0.507023,-0.030116
52.91,0.487556,0.507816,0.506954,-0.0202597
52.915,0.478282,0.507746,0.506886,-0.0294648
52.92,0.470911,0.507677,0.506817,-0.0367658
52.925,0.471356,0.507607,0.506749,-0.0362509
52.93,0.469381,0.507537,0.50668,-0.0381568
52.935,0.471648,0.507468,0.506611,-0.0358194
52.94,0.482773,0.507398,0.506543,-0.0246247
52.945,0.504863,0.507328,0.506474,-0.00246519
52.95,0.513912,0.507259,0.506406,0.00665344
52.955,0.519223,0.507189,0.506338,0.0120341
52.96,0.495735,0.50712,0.506269,-0.0113852
52.965,0.488823,0.50705,0.506201,-0.0182277
52.97,0.477264,0.506981,0.506132,-0.0297165
52.975,0.467907,0.506912,0.506064,-0.039005
52.98,0.460844,0.506842,0.505996,-0.0459981
52.985,0.463799,0.506773,0.505927,-0.0429737
52.99,0.457976,0.506703,0.505859,-0.0487279
52.995,0.453895,0.506634,0.505791,-0.0527393
53,0.437003,0.506565,0.505723,-0.0695622
53.005,0.417395,0.506496,0.505654,-0.0891008
53.01,0.425758,0.506426,0.505586,-0.0806683
53.015,0.432666,0.506357,0.505518,-0.073691
53.02,0.445462,0.506288,0.50545,-0.0608263
53.025,0.451093,0.506219,0.505382,-0.0551257
53.03,0.446709,0.50615,0.505314,-0.0594405
53.035,0.448945,0.506081,0.505246,-0.0571358
53.04,0.469202,0.506012,0.505177,-0.0368101
53.045,0.471257,0.505943,0.505109,-0.0346855
53.05,0.481349,0.505874,0.505041,-0.0245244
53.055,0.480307,0.505805,0.504973,-0.0254982
53.06,0.465304,0.505736,0.504905,-0.0404323
53.065,0.460757,0.505667,0.504838,-0.0449098
53.07,0.463838,0.505598,0.50477,-0.0417602
53.075,0.47241,0.505529,0.504702,-0.0331197
53.08,0.470465,0.505461,0.504634,-0.0349954
53.085,0.459183,0.505392,0.504566,-0.0462088
53.09,0.456416,0.505323,0.504498,-0.048907
53.095,0.468918,0.505254,0.50443,-0.0363362
53.1,0.488678,0.505186,0.504363,-0.0165074
53.105,0.486477,0.505117,0.504295,-0.0186395
53.11,0.481507,0.505048,0.504227,-0.0235412
53.115,0.489771,0.50498,0.504159,-0.0152089
53.12,0.502804,0.504911,0.504092,-0.00210691
53.125,0.515354,0.504843,0.504024,0.0105116
53.13,0.520302,0.504774,0.503956,0.0155279
53.135,0.499378,0.504706,0.503889,-0.00532754
53.14,0.49002,0.504637,0.503821,-0.0146173
53.145,0.493585,0.504569,0.503754,-0.0109839
53.15,0.486332,0.5045,0.503686,-0.018168
53.155,0.504465,0.504432,0.503618,3.34882e-05
53.16,0.495962,0.504363,0.503551,-0.00840127
53.165,0.495464,0.504295,0.503483,-0.00883136
53.17,0.483719,0.504227,0.503416,-0.0205078
53.175,0.476192,0.504159,0.503349,-0.0279662
53.18,0.479695,0.50409,0.503281,-0.0243954
53.185,0.478143,0.504022,0.503214,-0.0258793
53.19,0.473134,0.503954,0.503146,-0.0308199
53.195,0.479838,0.503886,0.503079,-0.0240475
53.2,0.481772,0.503818,0.503012,-0.0220459
53.205,0.492463,0.503749,0.502944,-0.0112869
53.21,0.494729,0.503681,0.502877,-0.00895285
53.215,0.484662,0.503613,0.50281,-0.0189518
53.22,0.485836,0.503545,0.502743,-0.0177091
53.225,0.476737,0.503477,0.502675,-0.0267402
53.23,0.465857,0.503409,0.502608,-0.0375519
53.235,0.464679,0.503341,0.502541,-0.0386624
53.24,0.462266,0.503274,0.502474,-0.0410076
53.245,0.471708,0.503206,0.502407,-0.0314979
53.25,0.483887,0.503138,0.50234,-0.0192506
53.255,0.481613,0.50307,0.502273,-0.0214571
53.26,0.49902,0.503002,0.502206,-0.00398235
53.265,0.496666,0.502934,0.502139,-0.00626856
53.27,0.495171,0.502867,0.502072,-0.00769531
53.275,0.481298,0.502799,0.502005,-0.0215009
53.28,0.470237,0.502731,0.501938,-0.0324943
53.285,0.473195,0.502663,0.501871,-0.0294687
53.29,0.49146,0.502596,0.501804,-0.0111358
53.295,0.497029,0.502528,0.501737,-0.00549874
53.3,0.487175,0.502461,0.50167,-0.015286
53.305,0.47156,0.502393,0.501603,-0.0308331
53.31,0.462604,0.502326,0.501536,-0.0397212
53.315,0.462652,0.502258,0.50147,-0.0396064
53.32,0.458464,0.502191,0.501403,-0.0437261
53.325,0.445872,0.502123,0.501336,-0.0562506
53.33,0.445437,0.502056,0.501269,-0.0566186
53.335,0.459267,0.501988,0.501203,-0.0427215
53.34,0.484824,0.501921,0.501136,-0.0170965
53.345,0.491276,0.501853,0.501069,-0.0105779
53.35,0.477412,0.501786,0.501003,-0.0243741
53.355,0.463093,0.501719,0.500936,-0.0386261
53.36,0.455942,0.501652,0.500869,-0.04571
53.365,0.461582,0.501584,0.500803,-0.0400021
53.37,0.454465,0.501517,0.500736,-0.0470522
53.375,0.445985,0.50145,0.50067,-0.0554651
53.38,0.437786,0.501383,0.500603,-0.0635971
53.385,0.445496,0.501316,0.500537,-0.0558195
53.39,0.462929,0.501249,0.50047,-0.0383197
53.395,0.465374,0.501181,0.500404,-0.0358072
53.4,0.464285,0.501114,0.500337,-0.0368291
53.405,0.471806,0.501047,0.500271,-0.029241
53.41,0.471807,0.50098,0.500205,-0.0291733
53.415,0.470825,0.500913,0.500138,-0.0300884
53.42,0.469535,0.500846,0.500072,-0.0313119
53.425,0.453062,0.50078,0.500006,-0.0477179
53.43,0.452817,0.500713,0.499939,-0.0478956
53.435,0.457664,0.500646,0.499873,-0.042982
53.44,0.458585,0.500579,0.499807,-0.0419941
53.445,0.467862,0.500512,0.499741,-0.0326505
53.45,0.470876,0.500445,0.499674,-0.029569
53.455,0.480424,0.500379,0.499608,-0.0199548
53.46,0.474959,0.500312,0.499542,-0.0253525
53.465,0.462986,0.500245,0.499476,-0.0372594
53.47,0.453767,0.500178,0.49941,-0.0464111
53.475,0.456942,0.500112,0.499344,-0.0431699
53.48,0.456743,0.500045,0.499278,-0.043302
53.485,0.458437,0.499978,0.499212,-0.0415413
53.49,0.453584,0.499912,0.499146,-0.0463284
53.495,0.450914,0.499845,0.49908,-0.0489311
53.5,0.457664,0.499779,0.499014,-0.0421152
53.505,0.45391,0.499712,0.498948,-0.0458019
53.51,0.45229,0.499646,0.498882,-0.0473556
53.515,0.458793,0.499579,0.498816,-0.0407864
53.52,0.442507,0.499513,0.49875,-0.0570056
53.525,0.440729,0.499447,0.498684,-0.0587178
53.53,0.430215,0.49938,0.498619,-0.0691652
53.535,0.431128,0.499314,0.498553,-0.0681856
53.54,0.442024,0.499248,0.498487,-0.0572232
53.545,0.455567,0.499181,0.498421,-0.0436141
53.55,0.454727,0.499115,0.498355,-0.0443878
53.555,0.453181,0.499049,0.49829,-0.0458678
53.56,0.465013,0.498982,0.498224,-0.0339694
53.565,0.461235,0.498916,0.498158,-0.0376813
53.57,0.465748,0.49885,0.498093,-0.0331017
53.575,0.459998,0.498784,0.498027,-0.0387864
53.58,0.447252,0.498718,0.497961,-0.0514661
53.585,0.446424,0.498652,0.497896,-0.0522279
53.59,0.443416,0.498586,0.49783,-0.0551696
53.595,0.435217,0.49852,0.497765,-0.0633024
53.6,0.431251,0.498454,0.497699,-0.0672029
53.605,0.430751,0.498388,0.497634,-0.0676363
53.61,0.434947,0.498322,0.497568,-0.0633752
53.615,0.439661,0.498256,0.497503,-0.0585949
53.62,0.445192,0.49819,0.497437,-0.0529981
53.625,0.441245,0.498124,0.497372,-0.0568787
53.63,0.442161,0.498058,0.497307,-0.0558969
53.635,0.45102,0.497992,0.497241,-0.0469721
53.64,0.452217,0.497928,0.497176,-0.0457118
53.645,0.45237,0.497863,0.497111,-0.0454924
53.65,0.44968,0.497797,0.497045,-0.0481171
53.655,0.444887,0.497731,0.49698,-0.052844
53.66,0.466289,0.497666,0.496915,-0.0313769
53.665,0.469773,0.4976,0.49685,-0.0278265
53.67,0.467697,0.497534,0.496784,-0.0298369
53.675,0.467684,0.497469,0.496719,-0.0297845
53.68,0.461753,0.497403,0.496654,-0.0356498
53.685,0.465956,0.497337,0.496589,-0.0313819
53.69,0.460065,0.497272,0.496524,-0.0372073
53.695,0.458157,0.497206,0.496459,-0.0390497
53.7,0.450365,0.497141,0.496394,-0.0467757
53.705,0.43864,0.497075,0.496329,-0.0584356
53.71,0.427942,0.49701,0.496264,-0.069068
53.715,0.424889,0.496944,0.496199,-0.0720554
53.72,0.440372,0.496879,0.496134,-0.0565067
53.725,0.449184,0.496814,0.496069,-0.0476302
53.73,0.454018,0.496748,0.496004,-0.0427307
53.735,0.456286,0.496683,0.495939,-0.0403969
53.74,0.452383,0.496618,0.495874,-0.0442342
53.745,0.444477,0.496552,0.495809,-0.0520759
53.75,0.443146,0.496487,0.495744,-0.053341
53.755,0.442257,0.496422,0.495679,-0.0541651
53.76,0.446575,0.496357,0.495615,-0.0497821
53.765,0.439549,0.496292,0.49555,-0.0567423
53.77,0.431222,0.496226,0.495485,-0.0650047
53.775,0.424287,0.496161,0.49542,-0.0718742
53.78,0.434592,0.496096,0.495356,-0.0615039
53.785,0.441078,0.496031,0.495291,-0.0549531
53.79,0.436537,0.495966,0.495226,-0.0594287
53.795,0.438027,0.495901,0.495162,-0.0578744
53.8,0.438689,0.495836,0.495097,-0.0571476
53.805,0.44571,0.495771,0.495033,-0.0500613
53.81,0.440544,0.495706,0.494968,-0.0551625
53.815,0.446601,0.495641,0.494903,-0.0490404
53.82,0.439634,0.495576,0.494839,-0.0559423
53.825,0.441255,0.495512,0.494774,-0.0542568
53.83,0.439756,0.495447,0.49471,-0.0556909
53.835,0.442257,0.495382,0.494645,-0.0531249
53.84,0.436404,0.495317,0.494581,-0.0589132
53.845,0.441493,0.495252,0.494517,-0.0537594
53.85,0.4347,0.495188,0.494452,-0.0604874
53.855,0.444438,0.495123,0.494388,-0.050685
53.86,0.446659,0.495058,0.494323,-0.0483992
53.865,0.450606,0.494993,0.494259,-0.0443873
53.87,0.459702,0.494929,0.494195,-0.0352268
53.875,0.464185,0.494864,0.494131,-0.0306795
53.88,0.466703,0.4948,0.494066,-0.0280963
53.885,0.46329,0.494735,0.494002,-0.0314455
53.89,0.45338,0.49467,0.493938,-0.0412908
53.895,0.455633,0.494606,0.493874,-0.0389727
53.9,0.456341,0.494541,0.493809,-0.0382004
53.905,0.449654,0.494477,0.493745,-0.0448232
53.91,0.447448,0.494413,0.493681,-0.046965
53.915,0.449898,0.494348,0.493617,-0.0444501
53.92,0.452618,0.494284,0.493553,-0.0416658
53.925,0.452525,0.494219,0.493489,-0.0416947
53.93,0.448551,0.494155,0.493425,-0.0456037
53.935,0.448658,0.494091,0.493361,-0.0454331
53.94,0.463153,0.494026,0.493297,-0.030873
53.945,0.457323,0.493962,0.493233,-0.0366388
53.95,0.447815,0.493898,0.493169,-0.0460829
53.955,0.438991,0.493834,0.493105,-0.0548431
53.96,0.451615,0.493769,0.493041,-0.0421542
53.965,0.46789,0.493705,0.492977,-0.0258154
53.97,0.465183,0.493641,0.492913,-0.0284579
53.975,0.447941,0.493577,0.49285,-0.0456359
53.98,0.434616,0.493513,0.492786,-0.0588969
53.985,0.424376,0.493449,0.492722,-0.0690724
53.99,0.425433,0.493385,0.492658,-0.0679515
53.995,0.419839,0.493321,0.492595,-0.0734822
54,0.417324,0.493257,0.492531,-0.0759328
54.005,0.443,0.493193,0.492467,-0.0501928
54.01,0.452309,0.493129,0.492403,-0.0408202
54.015,0.461336,0.493065,0.49234,-0.031729
54.02,0.463831,0.493001,0.492276,-0.0291704
54.025,0.471326,0.492937,0.492212,-0.0216113
54.03,0.483861,0.492873,0.492149,-0.00901274
54.035,0.484571,0.492809,0.492085,-0.00823804
54.04,0.47716,0.492746,0.492022,-0.0155858
54.045,0.464979,0.492682,0.491958,-0.0277033
54.05,0.45633,0.492618,0.491895,-0.0362878
54.055,0.445306,0.492554,0.491831,-0.0472481
54.06,0.451155,0.492491,0.491768,-0.0413361
54.065,0.452871,0.492427,0.491704,-0.0395555
54.07,0.456106,0.492363,0.491641,-0.0362578
54.075,0.452368,0.4923,0.491578,-0.0399313
54.08,0.457856,0.492236,0.491514,-0.0343798
54.085,0.457988,0.492173,0.491451,-0.0341843
54.09,0.465857,0.492109,0.491388,-0.0262525
54.095,0.46808,0.492045,0.491324,-0.0239654
54.1,0.473185,0.491982,0.491261,-0.0187966
54.105,0.469163,0.491918,0.491198,-0.0227551
54.11,0.458301,0.491855,0.491134,-0.0335536
54.115,0.449404,0.491792,0.491071,-0.0423874
54.12,0.432989,0.491728,0.491008,-0.0587394
54.125,0.438099,0.491665,0.490945,-0.0535653
54.13,0.441651,0.491601,0.490882,-0.0499503
54.135,0.442243,0.491538,0.490819,-0.0492949
54.14,0.442864,0.491475,0.490755,-0.0486106
54.145,0.438303,0.491411,0.490692,-0.0531081
54.15,0.443903,0.491348,0.490629,-0.0474457
54.155,0.447258,0.491285,0.490566,-0.0440269
54.16,0.441766,0.491222,0.490503,-0.0494556
54.165,0.449217,0.491159,0.49044,-0.041942
54.17,0.454004,0.491095,0.490377,-0.0370917
54.175,0.463506,0.491032,0.490314,-0.0275266
54.18,0.449693,0.490969,0.490251,-0.0412763
54.185,0.443907,0.490906,0.490189,-0.0469985
54.19,0.44964,0.490843,0.490126,-0.041203
54.195,0.448775,0.49078,0.490063,-0.042005
54.2,0.457084,0.490717,0.49,-0.0336329
54.205,0.454291,0.490654,0.489937,-0.0363628
54.21,0.453324,0.490591,0.489874,-0.0372672
54.215,0.465374,0.490528,0.489812,-0.0251543
54.22,0.461757,0.490465,0.489749,-0.0287081
54.225,0.465918,0.490402,0.489686,-0.0244843
54.23,0.471963,0.490339,0.489623,-0.018376
54.235,0.461917,0.490276,0.489561,-0.0283591
54.24,0.457869,0.490214,0.489498,-0.0323448
54.245,0.449329,0.490151,0.489435,-0.0408222
54.25,0.444819,0.490088,0.489373,-0.0452687
54.255,0.466686,0.490025,0.48931,-0.0233393
54.26,0.471538,0.489962,0.489248,-0.0184244
54.265,0.470328,0.4899,0.489185,-0.0195715
54.27,0.462228,0.489837,0.489123,-0.0276095
54.275,0.458209,0.489774,0.48906,-0.0315658
54.28,0.456771,0.489712,0.488998,-0.0329408
54.285,0.456592,0.489649,0.488935,-0.0330571
54.29,0.447643,0.489587,0.488873,-0.0419436
54.295,0.454383,0.489524,0.48881,-0.0351406
54.3,0.45979,0.489461,0.488748,-0.0296713
54.305,0.459758,0.489399,0.488685,-0.0296408
54.31,0.459451,0.489336,0.488623,-0.029885
54.315,0.444899,0.489274,0.488561,-0.0443752
54.32,0.445115,0.489212,0.488498,-0.0440965
54.325,0.44146,0.489149,0.488436,-0.0476895
54.33,0.445677,0.489087,0.488374,-0.04341
54.335,0.4534,0.489024,0.488312,-0.0356247
54.34,0.458527,0.488962,0.488249,-0.0304354
54.345,0.447874,0.4889,0.488187,-0.0410261
54.35,0.450824,0.488837,0.488125,-0.0380135
54.355,0.465295,0.488775,0.488063,-0.0234797
54.36,0.463675,0.488713,0.488001,-0.0250382
54.365,0.479039,0.488651,0.487939,-0.00961202
54.37,0.476219,0.488588,0.487877,-0.0123696
54.375,0.47925,0.488526,0.487814,-0.00927579
54.38,0.477307,0.488464,0.487752,-0.0111568
54.385,0.462561,0.488402,0.48769,-0.0258407
54.39,0.453632,0.48834,0.487628,-0.0347079
54.395,0.457435,0.488278,0.487566,-0.0308424
54.4,0.459127,0.488216,0.487504,-0.0290892
54.405,0.457711,0.488154,0.487442,-0.0304425
54.41,0.449875,0.488092,0.487381,-0.0382163
54.415,0.449809,0.48803,0.487319,-0.0382208
54.42,0.458022,0.487968,0.487257,-0.0299458
54.425,0.455075,0.487908,0.487195,-0.0328335
54.43,0.450198,0.487846,0.487133,-0.0376485
54.435,0.442702,0.487784,0.487071,-0.0450828
54.44,0.451033,0.487723,0.48701,-0.0366899
54.445,0.451713,0.487661,0.486948,-0.0359478
54.45,0.457501,0.487599,0.486886,-0.0300977
54.455,0.440911,0.487537,0.486824,-0.0466259
54.46,0.436231,0.487475,0.486763,-0.0512444
54.465,0.44415,0.487414,0.486701,-0.0432631
54.47,0.447287,0.487352,0.486639,-0.0400645
54.475,0.466823,0.48729,0.486578,-0.0204669
54.48,0.466764,0.487228,0.486516,-0.0204648
54.485,0.465994,0.487167,0.486454,-0.0211725
54.49,0.469856,0.487105,0.486393,-0.017249
54.495,0.456564,0.487044,0.486331,-0.0304795
54.5,0.45524,0.486982,0.48627,-0.0317418
54.505,0.457176,0.48692,0.486208,-0.0297442
54.51,0.463706,0.486859,0.486147,-0.0231526
54.515,0.474895,0.486797,0.486085,-0.0119024
54.52,0.467181,0.486736,0.486024,-0.0195548
54.525,0.456391,0.486674,0.485962,-0.030283
54.53,0.444785,0.486613,0.485901,-0.041828
54.535,0.443321,0.486552,0.48584,-0.0432304
54.54,0.434883,0.48649,0.485778,-0.0516067
54.545,0.426179,0.486429,0.485717,-0.0602495
54.55,0.436908,0.486367,0.485656,-0.0494596
54.555,0.449579,0.486306,0.485594,-0.0367273
54.56,0.457405,0.486245,0.485533,-0.02884
54.565,0.452268,0.486184,0.485472,-0.0339153
54.57,0.440132,0.486122,0.485411,-0.0459901
54.575,0.445538,0.486061,0.48535,-0.0405226
54.58,0.454174,0.486,0.485288,-0.0318263
54.585,0.446758,0.485939,0.485227,-0.0391804
54.59,0.445442,0.485878,0.485166,-0.0404356
54.595,0.432888,0.485816,0.485105,-0.0529283
54.6,0.429341,0.485755,0.485044,-0.0564146
54.605,0.429081,0.485694,0.484983,-0.0566129
54.61,0.438144,0.485633,0.484922,-0.0474894
54.615,0.440753,0.485572,0.484861,-0.0448195
54.62,0.439143,0.485511,0.4848,-0.0463681
54.625,0.440566,0.48545,0.484739,-0.0448838
54.63,0.446025,0.485389,0.484678,-0.0393641
54.635,0.455316,0.485328,0.484617,-0.0300124
54.64,0.452816,0.485267,0.484556,-0.032451
54.645,0.441048,0.485206,0.484495,-0.0441581
54.65,0.434689,0.485146,0.484434,-0.0504563
54.655,0.429371,0.485085,0.484373,-0.0557137
54.66,0.435482,0.485024,0.484313,-0.0495415
54.665,0.428311,0.484963,0.484252,-0.0566524
54.67,0.43027,0.484902,0.484191,-0.0546323
54.675,0.428161,0.484842,0.48413,-0.0566809
54.68,0.439235,0.484781,0.484069,-0.045546
54.685,0.451703,0.48472,0.484009,-0.0330173
54.69,0.455519,0.484659,0.483948,-0.0291406
54.695,0.459497,0.484599,0.483887,-0.0251015
54.7,0.461433,0.484538,0.483827,-0.0231047
54.705,0.452562,0.484478,0.483766,-0.0319151
54.71,0.450488,0.484417,0.483705,-0.0339293
54.715,0.451897,0.484356,0.483645,-0.0324594
54.72,0.444815,0.484296,0.483584,-0.039481
54.725,0.458482,0.484235,0.483524,-0.0257531
54.73,0.453269,0.484175,0.483463,-0.0309056
54.735,0.441012,0.484114,0.483403,-0.0431025
54.74,0.438638,0.484054,0.483342,-0.0454155
54.745,0.439417,0.483993,0.483282,-0.0445764
54.75,0.44527,0.483933,0.483221,-0.0386628
54.755,0.45023,0.483873,0.483161,-0.0336426
54.76,0.445586,0.483812,0.483101,-0.0382268
54.765,0.438932,0.483752,0.48304,-0.0448197
54.77,0.428927,0.483692,0.48298,-0.0547644
54.775,0.431012,0.483631,0.482919,-0.0526191
54.78,0.425661,0.483571,0.482859,-0.0579098
54.785,0.42584,0.483511,0.482799,-0.0576707
54.79,0.419141,0.483451,0.482739,-0.0643093
54.795,0.418224,0.483391,0.482678,-0.065166
54.8,0.431527,0.48333,0.482618,-0.0518031
54.805,0.44213,0.48327,0.482558,-0.0411402
54.81,0.440753,0.48321,0.482498,-0.0424569
54.815,0.43779,0.48315,0.482438,-0.0453603
54.82,0.432366,0.48309,0.482377,-0.0507242
54.825,0.433135,0.48303,0.482317,-0.0498951
54.83,0.440826,0.48297,0.482257,-0.0421435
54.835,0.459075,0.48291,0.482197,-0.0238345
54.84,0.468229,0.48285,0.482137,-0.014621
54.845,0.472551,0.48279,0.482077,-0.010239
54.85,0.459799,0.48273,0.482017,-0.0229309
54.855,0.442313,0.48267,0.481957,-0.0403567
54.86,0.445812,0.48261,0.481897,-0.0367986
54.865,0.447736,0.48255,0.481837,-0.0348146
54.87,0.44862,0.48249,0.481777,-0.0338702
54.875,0.449182,0.482431,0.481717,-0.033249
54.88,0.448782,0.482371,0.481658,-0.0335891
54.885,0.445701,0.482311,0.481598,-0.0366101
54.89,0.435198,0.482251,0.481538,-0.0470534
54.895,0.419343,0.482192,0.481478,-0.0628483
54.9,0.429342,0.482132,0.481418,-0.0527904
54.905,0.452549,0.482072,0.481358,-0.0295235
54.91,0.476333,0.482013,0.481299,-0.00567953
54.915,0.479401,0.481953,0.481239,-0.00255213
54.92,0.473194,0.481893,0.481179,-0.00869964
54.925,0.467873,0.481834,0.48112,-0.0139611
54.93,0.455711,0.481774,0.48106,-0.0260637
54.935,0.458022,0.481715,0.481,-0.0236928
54.94,0.469656,0.481655,0.480941,-0.0119995
54.945,0.474465,0.481596,0.480881,-0.00713027
54.95,0.472477,0.481536,0.480821,-0.00905953
54.955,0.465924,0.481477,0.480762,-0.0155532
54.96,0.452214,0.481417,0.480702,-0.0292032
54.965,0.446828,0.481358,0.480643,-0.0345299
54.97,0.428733,0.481299,0.480583,-0.0525652
54.975,0.406716,0.481239,0.480524,-0.074523
54.98,0.406157,0.48118,0.480464,-0.0750228
54.985,0.414209,0.481121,0.480405,-0.0669116
54.99,0.428009,0.481061,0.480346,-0.053052
54.995,0.432423,0.481002,0.480286,-0.0485789
55,0.432063,0.480943,0.480227,-0.0488796
55.005,0.437443,0.480884,0.480168,-0.0434405
55.01,0.446331,0.480824,0.480108,-0.0344937
55.015,0.454339,0.480765,0.480049,-0.0264264
55.02,0.456276,0.480706,0.47999,-0.0244298
55.025,0.453397,0.480647,0.47993,-0.0272504
55.03,0.456304,0.480588,0.479871,-0.0242841
55.035,0.456487,0.480529,0.479812,-0.0240418
55.04,0.473891,0.48047,0.479753,-0.00657892
55.045,0.469814,0.480411,0.479694,-0.0105969
55.05,0.472687,0.480352,0.479634,-0.007665
55.055,0.472992,0.480293,0.479575,-0.0073012
55.06,0.465843,0.480234,0.479516,-0.0143911
55.065,0.471505,0.480175,0.479457,-0.00867025
55.07,0.465464,0.480116,0.479398,-0.0146522
55.075,0.45562,0.480057,0.479339,-0.0244368
55.08,0.452482,0.479998,0.47928,-0.0275159
55.085,0.454875,0.479939,0.479221,-0.025064
55.09,0.442525,0.479881,0.479162,-0.0373557
55.095,0.443811,0.479822,0.479103,-0.0360111
55.1,0.432427,0.479763,0.479044,-0.0473361
55.105,0.427795,0.479704,0.478985,-0.051909
55.11,0.431336,0.479646,0.478926,-0.0483096
55.115,0.438682,0.479587,0.478867,-0.0409051
55.12,0.449189,0.479528,0.478809,-0.0303391
55.125,0.466682,0.47947,0.47875,-0.0127871
55.13,0.464668,0.479411,0.478691,-0.0147427
55.135,0.456797,0.479352,0.478632,-0.0225556
55.14,0.453618,0.479294,0.478573,-0.0256754
55.145,0.442652,0.479235,0.478515,-0.0365833
55.15,0.446845,0.479177,0.478456,-0.0323313
55.155,0.447997,0.479118,0.478397,-0.031121
55.16,0.449378,0.47906,0.478339,-0.0296818
55.165,0.453088,0.479001,0.47828,-0.0259133
55.17,0.443649,0.478943,0.478221,-0.0352939
55.175,0.433681,0.478884,0.478163,-0.0452037
55.18,0.450098,0.478826,0.478104,-0.0287278
55.185,0.458963,0.478768,0.478045,-0.0198049
55.19,0.467847,0.478709,0.477987,-0.0108624
55.195,0.465382,0.478651,0.477928,-0.0132691
55.2,0.449515,0.478593,0.47787,-0.029078
55.205,0.447131,0.478534,0.477811,-0.0314034
55.21,0.455423,0.478476,0.477753,-0.023053
55.215,0.467737,0.478418,0.477694,-0.0106806
55.22,0.46667,0.47836,0.477636,-0.0116894
55.225,0.464014,0.478301,0.477578,-0.0142869
55.23,0.452761,0.478243,0.477519,-0.0254817
55.235,0.443392,0.478185,0.477461,-0.034793
55.24,0.430104,0.478127,0.477403,-0.0480225
55.245,0.428175,0.478069,0.477344,-0.0498934
55.25,0.428531,0.478011,0.477286,-0.04948
55.255,0.430291,0.477953,0.477228,-0.047662
55.26,0.414562,0.477895,0.477169,-0.0633327
55.265,0.42189,0.477837,0.477111,-0.0559463
55.27,0.433681,0.477779,0.477053,-0.0440972
55.275,0.442544,0.477721,0.476995,-0.0351765
55.28,0.438309,0.477663,0.476937,-0.039354
55.285,0.42916,0.477605,0.476878,-0.0484444
55.29,0.443521,0.477547,0.47682,-0.0340256
55.295,0.458061,0.477489,0.476762,-0.0194283
55.3,0.461732,0.477431,0.476704,-0.0156996
55.305,0.462589,0.477373,0.476646,-0.0147842
55.31,0.456086,0.477316,0.476588,-0.0212296
55.315,0.458276,0.477258,0.47653,-0.0189823
55.32,0.457949,0.4772,0.476472,-0.0192506
55.325,0.460035,0.477142,0.476414,-0.0171068
55.33,0.46426,0.477085,0.476356,-0.012825
55.335,0.469981,0.477027,0.476298,-0.00704576
55.34,0.475856,0.476969,0.47624,-0.00111365
55.345,0.471345,0.476912,0.476182,-0.00556683
55.35,0.468802,0.476854,0.476124,-0.00805158
55.355,0.459793,0.476796,0.476066,-0.0170036
55.36,0.463412,0.476739,0.476009,-0.0133273
55.365,0.461996,0.476681,0.475951,-0.0146852
55.37,0.448312,0.476624,0.475893,-0.0283118
55.375,0.440602,0.476566,0.475835,-0.0359641
55.38,0.442824,0.476509,0.475777,-0.0336848
55.385,0.442562,0.476451,0.47572,-0.0338889
55.39,0.46141,0.476394,0.475662,-0.0149843
55.395,0.46252,0.476336,0.475604,-0.0138164
55.4,0.472237,0.476279,0.475547,-0.00404217
55.405,0.460514,0.476222,0.475489,-0.0157076
55.41,0.446485,0.476164,0.475431,-0.0296789
55.415,0.446371,0.476107,0.475374,-0.0297358
55.42,0.46487,0.47605,0.475316,-0.0111794
55.425,0.480535,0.475992,0.475259,0.00454295
55.43,0.464179,0.475935,0.475201,-0.0117564
55.435,0.450206,0.475878,0.475144,-0.025672
55.44,0.440629,0.475821,0.475086,-0.0351923
55.445,0.441604,0.475764,0.475029,-0.0341593
55.45,0.451659,0.475706,0.474971,-0.0240477
55.455,0.454316,0.475649,0.474914,-0.0213328
55.46,0.459027,0.475592,0.474856,-0.0165654
55.465,0.448244,0.475535,0.474799,-0.0272914
55.47,0.432876,0.475478,0.474742,-0.0426019
55.475,0.442742,0.475421,0.474684,-0.0326791
55.48,0.458485,0.475364,0.474627,-0.0168794
55.485,0.475337,0.475307,0.47457,2.99616e-05
55.49,0.472138,0.47525,0.474512,-0.00311242
55.495,0.471445,0.475193,0.474455,-0.00374783
55.5,0.476535,0.475136,0.474398,0.0013986
55.505,0.473013,0.475079,0.474341,-0.00206612
55.51,0.470044,0.475022,0.474283,-0.00497835
55.515,0.458321,0.474965,0.474226,-0.0166447
55.52,0.466641,0.474909,0.474169,-0.00826774
55.525,0.471176,0.474852,0.474112,-0.00367534
55.53,0.466293,0.474795,0.474055,-0.00850254
55.535,0.46135,0.474738,0.473998,-0.0133881
55.54,0.460303,0.474682,0.473941,-0.0143787
55.545,0.478935,0.474625,0.473883,0.00431062
55.55,0.493918,0.474568,0.473826,0.01935
55.555,0.497159,0.474511,0.473769,0.0226472
55.56,0.504882,0.474455,0.473712,0.0304277
55.565,0.508153,0.474398,0.473655,0.0337552
55.57,0.511509,0.474342,0.473598,0.0371671
55.575,0.511337,0.474285,0.473542,0.037052
55.58,0.508582,0.474228,0.473485,0.0343541
55.585,0.506543,0.474172,0.473428,0.0323712
55.59,0.500172,0.474115,0.473371,0.0260571
55.595,0.47925,0.474059,0.473314,0.00519151
55.6,0.468482,0.474002,0.473257,-0.00552037
55.605,0.480339,0.473946,0.4732,0.00639273
55.61,0.49644,0.473889,0.473144,0.0225502
55.615,0.501033,0.473833,0.473087,0.0272003
55.62,0.496654,0.473777,0.47303,0.0228768
55.625,0.48,0.47372,0.472973,0.00627985
55.63,0.478824,0.473664,0.472917,0.00515954
55.635,0.484087,0.473608,0.47286,0.010479
55.64,0.481278,0.473551,0.472803,0.00772629
55.645,0.482694,0.473495,0.472747,0.00919902
55.65,0.479985,0.473439,0.47269,0.00654635
55.655,0.473746,0.473383,0.472633,0.000363671
55.66,0.48375,0.473326,0.472577,0.0104238
55.665,0.488362,0.47327,0.47252,0.0150914
55.67,0.484388,0.473214,0.472464,0.011174
55.675,0.492397,0.473158,0.472407,0.019239
55.68,0.487932,0.473102,0.472351,0.0148301
55.685,0.485261,0.473046,0.472294,0.0122149
55.69,0.478353,0.47299,0.472238,0.00536286
55.695,0.477377,0.472934,0.472181,0.00444317
55.7,0.485016,0.472878,0.472125,0.0121387
55.705,0.495832,0.472822,0.472069,0.0230099
55.71,0.49245,0.472766,0.472012,0.0196845
55.715,0.486324,0.47271,0.471956,0.0136143
55.72,0.472113,0.472654,0.4719,-0.000540723
55.725,0.465287,0.472598,0.471843,-0.007311
55.73,0.464132,0.472542,0.471787,-0.00841024
55.735,0.466069,0.472486,0.471731,-0.00641769
55.74,0.469489,0.47243,0.471674,-0.00294135
55.745,0.468099,0.472375,0.471618,-0.00427593
55.75,0.475701,0.472319,0.471562,0.00338258
55.755,0.487776,0.472263,0.471506,0.0155128
55.76,0.495477,0.472207,0.47145,0.0232693
55.765,0.489589,0.472152,0.471393,0.0174378
55.77,0.49156,0.472096,0.471337,0.0194636
55.775,0.493115,0.47204,0.471281,0.021075
55.78,0.4971,0.471985,0.471225,0.0251155
55.785,0.478693,0.471929,0.471169,0.0067642
55.79,0.469717,0.471873,0.471113,-0.00215678
55.795,0.46275,0.471818,0.471057,-0.00906747
55.8,0.46687,0.471762,0.471001,-0.00489222
55.805,0.468093,0.471707,0.470945,-0.00361347
55.81,0.472047,0.471651,0.470889,0.000395756
55.815,0.481375,0.471596,0.470833,0.0097798
55.82,0.472855,0.47154,0.470777,0.00131515
55.825,0.475375,0.471485,0.470721,0.00388995
55.83,0.467215,0.471429,0.470665,-0.00421465
55.835,0.471805,0.471374,0.47061,0.000431393
55.84,0.487079,0.471318,0.470554,0.0157606
55.845,0.481671,0.471263,0.470498,0.0104081
55.85,0.493755,0.471208,0.470442,0.0225474
55.855,0.493059,0.471152,0.470386,0.0219062
55.86,0.494683,0.471097,0.470331,0.0235859
55.865,0.487589,0.471042,0.470275,0.016547
55.87,0.470433,0.470987,0.470219,-0.000553675
55.875,0.451031,0.470931,0.470163,-0.0199004
55.88,0.444448,0.470876,0.470108,-0.0264282
55.885,0.455525,0.470821,0.470052,-0.0152965
55.89,0.456084,0.470766,0.469997,-0.0146823
55.895,0.45792,0.470711,0.469941,-0.0127913
55.9,0.449342,0.470656,0.469885,-0.0213138
55.905,0.445635,0.470601,0.46983,-0.024966
55.91,0.44288,0.470546,0.469774,-0.0276658
55.915,0.440237,0.470491,0.469719,-0.0302535
55.92,0.442759,0.470436,0.469663,-0.0276766
55.925,0.454374,0.470381,0.469608,-0.0160065
55.93,0.454433,0.470326,0.469552,-0.0158924
55.935,0.451129,0.470271,0.469497,-0.0191418
55.94,0.44633,0.470216,0.469441,-0.0238857
55.945,0.441819,0.470161,0.469386,-0.0283419
55.95,0.450369,0.470106,0.469331,-0.0197365
55.955,0.454443,0.470051,0.469275,-0.015608
55.96,0.464037,0.469996,0.46922,-0.00595946
55.965,0.470276,0.469941,0.469165,0.000334982
55.97,0.464214,0.469887,0.469109,-0.00567248
55.975,0.450846,0.469832,0.469054,-0.018986
55.98,0.438788,0.469777,0.468999,-0.0309887
55.985,0.432408,0.469722,0.468943,-0.0373142
55.99,0.429021,0.469668,0.468888,-0.0406468
55.995,0.431163,0.469613,0.468833,-0.0384503
56,0.427888,0.469558,0.468778,-0.0416702
56.005,0.43359,0.469504,0.468723,-0.0359136
56.01,0.438481,0.469449,0.468668,-0.0309685
56.015,0.4361,0.469395,0.468612,-0.0332945
56.02,0.436562,0.46934,0.468557,-0.0327776
56.025,0.433129,0.469285,0.468502,-0.0361569
56.03,0.441335,0.469231,0.468447,-0.0278955
56.035,0.450821,0.469176,0.468392,-0.0183559
56.04,0.459853,0.469122,0.468337,-0.00926909
56.045,0.459879,0.469068,0.468282,-0.00918877
56.05,0.454955,0.469013,0.468227,-0.0140586
56.055,0.448657,0.468959,0.468172,-0.0203016
56.06,0.440772,0.468904,0.468117,-0.0281325
56.065,0.429266,0.46885,0.468062,-0.0395844
56.07,0.422172,0.468796,0.468007,-0.0466238
56.075,0.413615,0.468741,0.467953,-0.0551267
56.08,0.419291,0.468687,0.467898,-0.0493964
56.085,0.419548,0.468633,0.467843,-0.0490844
56.09,0.41975,0.468579,0.467788,-0.0488283
56.095,0.411919,0.468524,0.467733,-0.0566051
56.1,0.412678,0.46847,0.467679,-0.0557925
56.105,0.411618,0.468416,0.467624,-0.0567984
56.11,0.423289,0.468362,0.467569,-0.0450727
56.115,0.428655,0.468308,0.467514,-0.0396524
56.12,0.440052,0.468254,0.46746,-0.0282013
56.125,0.438424,0.468199,0.467405,-0.0297754
56.13,0.430276,0.468145,0.46735,-0.0378696
56.135,0.424671,0.468091,0.467296,-0.0434205
56.14,0.411789,0.468037,0.467241,-0.0562483
56.145,0.410117,0.467983,0.467187,-0.0578663
56.15,0.403263,0.467929,0.467132,-0.0646665
56.155,0.403139,0.467875,0.467077,-0.0647369
56.16,0.413275,0.467822,0.467023,-0.0545463
56.165,0.422192,0.467768,0.466968,-0.0455756
56.17,0.420592,0.467714,0.466914,-0.0471214
56.175,0.432035,0.46766,0.466859,-0.0356245
56.18,0.430176,0.467606,0.466805,-0.0374302
56.185,0.435492,0.467552,0.466751,-0.0320599
56.19,0.437314,0.467498,0.466696,-0.0301845
56.195,0.441845,0.467445,0.466642,-0.0255994
56.2,0.44952,0.467391,0.466587,-0.0178714
56.205,0.442308,0.467337,0.466533,-0.025029
56.21,0.433284,0.467284,0.466479,-0.0339991
56.215,0.42928,0.46723,0.466424,-0.0379498
56.22,0.424563,0.467176,0.46637,-0.0426133
56.225,0.429802,0.467123,0.466316,-0.0373209
56.23,0.427319,0.467069,0.466262,-0.0397497
56.235,0.42347,0.467015,0.466207,-0.0435452
56.24,0.424855,0.466962,0.466153,-0.0421073
56.245,0.423428,0.466908,0.466099,-0.0434804
56.25,0.416747,0.466855,0.466045,-0.0501078
56.255,0.420993,0.466801,0.465991,-0.0458081
56.26,0.408495,0.466748,0.465937,-0.0582524
56.265,0.407158,0.466694,0.465882,-0.0595369
56.27,0.403111,0.466641,0.465828,-0.0635296
56.275,0.40344,0.466588,0.465774,-0.063148
56.28,0.417483,0.466534,0.46572,-0.0490515
56.285,0.420271,0.466481,0.465666,-0.0462101
56.29,0.424235,0.466427,0.465612,-0.0421925
56.295,0.42818,0.466374,0.465558,-0.038194
56.3,0.434994,0.466321,0.465504,-0.0313273
56.305,0.446041,0.466268,0.46545,-0.0202262
56.31,0.449099,0.466214,0.465396,-0.0171154
56.315,0.460041,0.466161,0.465343,-0.00612054
56.32,0.452585,0.466108,0.465289,-0.0135227
56.325,0.450065,0.466055,0.465235,-0.01599
56.33,0.42785,0.466002,0.465181,-0.0381515
56.335,0.427495,0.465949,0.465127,-0.0384539
56.34,0.429321,0.465895,0.465073,-0.0365741
56.345,0.431293,0.465842,0.46502,-0.0345491
56.35,0.427315,0.465789,0.464966,-0.0384746
56.355,0.420689,0.465736,0.464912,-0.0450475
56.36,0.42169,0.465683,0.464858,-0.0439937
56.365,0.427376,0.46563,0.464805,-0.0382538
56.37,0.422739,0.465577,0.464751,-0.0428381
56.375,0.416545,0.465524,0.464697,-0.0489793
56.38,0.413948,0.465471,0.464644,-0.0515238
56.385,0.407734,0.465418,0.46459,-0.0576848
56.39,0.417542,0.465366,0.464536,-0.0478233
56.395,0.422263,0.465313,0.464483,-0.0430494
56.4,0.432375,0.46526,0.464429,-0.0328853
56.405,0.443379,0.465207,0.464376,-0.0218283
56.41,0.446133,0.465154,0.464322,-0.0190217
56.415,0.436148,0.465102,0.464269,-0.0289539
56.42,0.446596,0.465049,0.464215,-0.0184531
56.425,0.442734,0.464996,0.464162,-0.0222621
56.43,0.453569,0.464943,0.464108,-0.0113744
56.435,0.452819,0.464891,0.464055,-0.0120715
56.44,0.449729,0.464838,0.464002,-0.0151088
56.445,0.452908,0.464785,0.463948,-0.0118771
56.45,0.437709,0.464733,0.463895,-0.0270241
56.455,0.436414,0.46468,0.463841,-0.0282666
56.46,0.429586,0.464628,0.463788,-0.0350414
56.465,0.432571,0.464575,0.463735,-0.0320041
56.47,0.441974,0.464523,0.463682,-0.0225492
56.475,0.443496,0.46447,0.463628,-0.0209746
56.48,0.438573,0.464418,0.463575,-0.0258444
56.485,0.438747,0.464365,0.463522,-0.0256181
56.49,0.440799,0.464313,0.463469,-0.0235143
56.495,0.445249,0.46426,0.463415,-0.0190119
56.5,0.447383,0.464208,0.463362,-0.0168251
56.505,0.44787,0.464156,0.463309,-0.0162862
56.51,0.443689,0.464103,0.463256,-0.020414
56.515,0.443171,0.464051,0.463203,-0.0208798
56.52,0.429677,0.463999,0.46315,-0.0343222
56.525,0.419482,0.463947,0.463097,-0.0444648
56.53,0.422312,0.463894,0.463044,-0.0415823
56.535,0.439754,0.463842,0.462991,-0.0240881
56.54,0.437948,0.46379,0.462938,-0.0258419
56.545,0.430188,0.463738,0.462885,-0.0335497
56.55,0.419498,0.463686,0.462832,-0.0441878
56.555,0.412748,0.463633,0.462779,-0.0508859
56.56,0.412578,0.463581,0.462726,-0.0510032
56.565,0.417621,0.463529,0.462673,-0.0459078
56.57,0.425989,0.463477,0.46262,-0.0374882
56.575,0.434693,0.463425,0.462567,-0.0287323
56.58,0.428611,0.463373,0.462514,-0.0347618
56.585,0.426633,0.463321,0.462462,-0.0366879
56.59,0.42215,0.463269,0.462409,-0.0411189
56.595,0.431545,0.463217,0.462356,-0.0316723
56.6,0.436764,0.463165,0.462303,-0.0264015
56.605,0.431522,0.463113,0.46225,-0.0315916
56.61,0.428378,0.463062,0.462198,-0.0346837
56.615,0.422208,0.46301,0.462145,-0.0408016
56.62,0.422393,0.462958,0.462092,-0.0405648
56.625,0.426252,0.462906,0.46204,-0.0366537
56.63,0.439707,0.462854,0.461987,-0.0231473
56.635,0.449075,0.462803,0.461934,-0.0137274
56.64,0.445202,0.462751,0.461882,-0.0175491
56.645,0.435713,0.462699,0.461829,-0.0269858
56.65,0.417865,0.462647,0.461777,-0.0447827
56.655,0.40821,0.462596,0.461724,-0.0543859
56.66,0.410027,0.462544,0.461672,-0.0525173
56.665,0.419076,0.462493,0.461619,-0.0434166
56.67,0.414983,0.462441,0.461567,-0.0474581
56.675,0.410666,0.462389,0.461514,-0.0517235
56.68,0.406179,0.462338,0.461462,-0.0561585
56.685,0.420545,0.462286,0.461409,-0.0417413
56.69,0.433719,0.462235,0.461357,-0.0285161
56.695,0.431879,0.462183,0.461304,-0.0303039
56.7,0.426475,0.462132,0.461252,-0.0356565
56.705,0.419478,0.46208,0.4612,-0.0426029
56.71,0.419419,0.462029,0.461147,-0.0426095
56.715,0.417982,0.461978,0.461095,-0.0439955
56.72,0.425121,0.461926,0.461043,-0.0368057
56.725,0.437427,0.461875,0.460991,-0.0244477
56.73,0.441984,0.461824,0.460938,-0.0198393
56.735,0.438958,0.461772,0.460886,-0.0228143
56.74,0.435035,0.461721,0.460834,-0.0266859
56.745,0.438438,0.46167,0.460782,-0.023232
56.75,0.432133,0.461618,0.460729,-0.029485
56.755,0.426016,0.461567,0.460677,-0.0355511
56.76,0.424633,0.461516,0.460625,-0.0368835
56.765,0.420766,0.461465,0.460573,-0.0406992
56.77,0.435757,0.461414,0.460521,-0.0256571
56.775,0.445173,0.461363,0.460469,-0.0161898
56.78,0.445536,0.461312,0.460417,-0.015776
56.785,0.434764,0.461261,0.460365,-0.0264962
56.79,0.430139,0.461209,0.460313,-0.0310702
56.795,0.418539,0.461158,0.460261,-0.0426193
56.8,0.421275,0.461107,0.460209,-0.0398322
56.805,0.416946,0.461056,0.460157,-0.0441105
56.81,0.41043,0.461006,0.460105,-0.050576
56.815,0.418482,0.460955,0.460053,-0.0424724
56.82,0.422696,0.460904,0.460001,-0.038208
56.825,0.430578,0.460853,0.459949,-0.0302747
56.83,0.42539,0.460802,0.459897,-0.0354116
56.835,0.426089,0.460751,0.459846,-0.034662
56.84,0.430844,0.4607,0.459794,-0.0298565
56.845,0.431962,0.460649,0.459742,-0.028687
56.85,0.436726,0.460599,0.45969,-0.0238725
56.855,0.439307,0.460548,0.459638,-0.0212408
56.86,0.441288,0.460497,0.459587,-0.0192096
56.865,0.4498,0.460447,0.459535,-0.0106467
56.87,0.445165,0.460396,0.459483,-0.0152304
56.875,0.448629,0.460345,0.459432,-0.0117165
56.88,0.441905,0.460295,0.45938,-0.0183892
56.885,0.427975,0.460244,0.459328,-0.0322695
56.89,0.418456,0.460193,0.459277,-0.041737
56.895,0.423624,0.460143,0.459225,-0.0365186
56.9,0.434036,0.460092,0.459173,-0.0260565
56.905,0.444963,0.460042,0.459122,-0.0150785
56.91,0.447724,0.459991,0.45907,-0.0122678
56.915,0.443153,0.459941,0.459019,-0.0167875
56.92,0.441929,0.45989,0.458967,-0.0179611
56.925,0.438106,0.45984,0.458916,-0.0217336
56.93,0.423823,0.45979,0.458864,-0.0359664
56.935,0.422927,0.459743,0.458813,-0.0368162
56.94,0.40653,0.459692,0.458761,-0.0531628
56.945,0.409197,0.459642,0.45871,-0.0504451
56.95,0.407641,0.459592,0.458659,-0.0519513
56.955,0.424333,0.459542,0.458607,-0.0352089
56.96,0.429642,0.459491,0.458556,-0.0298492
56.965,0.435088,0.459441,0.458505,-0.0243535
56.97,0.423805,0.459391,0.458453,-0.0355862
56.975,0.419414,0.459341,0.458402,-0.0399263
56.98,0.417454,0.459291,0.458351,-0.0418367
56.985,0.424779,0.45924,0.458299,-0.0344618
56.99,0.429859,0.45919,0.458248,-0.0293314
56.995,0.440203,0.45914,0.458197,-0.0189369
57,0.433402,0.45909,0.458146,-0.0256881
57.005,0.429411,0.45904,0.458095,-0.0296292
57.01,0.419011,0.45899,0.458043,-0.0399795
57.015,0.417048,0.45894,0.457992,-0.0418918
57.02,0.41603,0.45889,0.457941,-0.0428603
57.025,0.427423,0.45884,0.45789,-0.031417
57.03,0.430574,0.45879,0.457839,-0.0282159
57.035,0.440416,0.45874,0.457788,-0.018324
57.04,0.445129,0.45869,0.457737,-0.0135612
57.045,0.445327,0.458641,0.457686,-0.0133134
57.05,0.441594,0.458591,0.457635,-0.0169965
57.055,0.426878,0.458541,0.457584,-0.0316627
57.06,0.419502,0.458491,0.457533,-0.038989
57.065,0.414059,0.458441,0.457482,-0.0443824
57.07,0.421729,0.458392,0.457431,-0.0366628
57.075,0.431608,0.458342,0.45738,-0.0267341
57.08,0.433019,0.458292,0.457329,-0.0252736
57.085,0.433168,0.458242,0.457278,-0.0250744
57.09,0.423611,0.458193,0.457228,-0.0345813
57.095,0.416932,0.458143,0.457177,-0.0412109
57.1,0.410392,0.458094,0.457126,-0.0477015
57.105,0.415371,0.458044,0.457075,-0.0426733
57.11,0.435084,0.457994,0.457024,-0.0229106
57.115,0.45514,0.457945,0.456974,-0.00280523
57.12,0.458838,0.457895,0.456923,0.000942559
57.125,0.450262,0.457846,0.456872,-0.00758387
57.13,0.433169,0.457796,0.456822,-0.0246279
57.135,0.424442,0.457747,0.456771,-0.0333054
57.14,0.439569,0.457698,0.45672,-0.0181288
57.145,0.439059,0.457648,0.45667,-0.0185895
57.15,0.436372,0.457599,0.456619,-0.0212269
57.155,0.42534,0.45755,0.456568,-0.0322096
57.16,0.421088,0.4575,0.456518,-0.0364122
57.165,0.424686,0.457451,0.456467,-0.0327652
57.17,0.427781,0.457402,0.456417,-0.029621
57.175,0.435046,0.457352,0.456366,-0.0223065
57.18,0.443524,0.457303,0.456316,-0.0137791
57.185,0.444993,0.457254,0.456265,-0.0122607
57.19,0.432304,0.457205,0.456215,-0.0249008
57.195,0.423993,0.457156,0.456164,-0.0331628
57.2,0.424401,0.457107,0.456114,-0.0327057
57.205,0.425858,0.457057,0.456063,-0.0311991
57.21,0.428273,0.457008,0.456013,-0.028735
57.215,0.428635,0.456959,0.455963,-0.0283243
57.22,0.447036,0.45691,0.455912,-0.00987456
57.225,0.463301,0.456861,0.455862,0.00644019
57.23,0.464929,0.456812,0.455812,0.00811714
57.235,0.452717,0.456763,0.455761,-0.00404621
57.24,0.442995,0.456714,0.455711,-0.0137194
57.245,0.438066,0.456665,0.455661,-0.0185989
57.25,0.44693,0.456617,0.455611,-0.00968667
57.255,0.438224,0.456568,0.45556,-0.0183436
57.26,0.449754,0.456519,0.45551,-0.00676459
57.265,0.448337,0.45647,0.45546,-0.00813324
57.27,0.451937,0.456421,0.45541,-0.00448404
57.275,0.445538,0.456372,0.45536,-0.0108346
57.28,0.438335,0.456324,0.45531,-0.0179883
57.285,0.432726,0.456275,0.455259,-0.023549
57.29,0.433914,0.456226,0.455209,-0.0223122
57.295,0.42961,0.456178,0.455159,-0.0265679
57.3,0.431043,0.456129,0.455109,-0.0250857
57.305,0.431313,0.45608,0.455059,-0.0247673
57.31,0.424155,0.456032,0.455009,-0.0318768
57.315,0.418902,0.455983,0.454959,-0.0370811
57.32,0.410845,0.455935,0.454909,-0.0450899
57.325,0.410562,0.455886,0.454859,-0.0453238
57.33,0.424398,0.455837,0.454809,-0.0314396
57.335,0.426236,0.455789,0.45476,-0.0295527
57.34,0.426516,0.455741,0.45471,-0.0292242
57.345,0.427599,0.455695,0.45466,-0.0280964
57.35,0.433558,0.455647,0.45461,-0.0220883
57.355,0.446918,0.455598,0.45456,-0.00868051
57.36,0.45321,0.45555,0.45451,-0.00234028
57.365,0.451482,0.455502,0.45446,-0.0040193
57.37,0.437851,0.455453,0.454411,-0.0176021
57.375,0.43518,0.455405,0.454361,-0.0202248
57.38,0.427408,0.455357,0.454311,-0.0279486
57.385,0.424834,0.455308,0.454261,-0.0304746
57.39,0.424646,0.45526,0.454212,-0.0306147
57.395,0.417381,0.455212,0.454162,-0.0378308
57.4,0.417992,0.455164,0.454112,-0.0371715
57.405,0.41155,0.455116,0.454063,-0.0435655
57.41,0.399788,0.455068,0.454013,-0.0552798
57.415,0.406133,0.45502,0.453964,-0.0488863
57.42,0.402964,0.454971,0.453914,-0.0520078
57.425,0.411753,0.454923,0.453864,-0.0431709
57.43,0.41479,0.454875,0.453815,-0.0400855
57.435,0.419136,0.454827,0.453765,-0.0356917
57.44,0.425614,0.454779,0.453716,-0.0291651
57.445,0.421963,0.454731,0.453666,-0.0327682
57.45,0.420745,0.454683,0.453617,-0.0339389
57.455,0.427407,0.454636,0.453567,-0.0272285
57.46,0.432927,0.454588,0.453518,-0.0216607
57.465,0.430875,0.45454,0.453469,-0.0236644
57.47,0.416875,0.454492,0.453419,-0.0376171
57.475,0.415714,0.454444,0.45337,-0.0387297
57.48,0.417963,0.454396,0.45332,-0.0364335
57.485,0.42173,0.454349,0.453271,-0.0326186
57.49,0.415262,0.454301,0.453222,-0.0390385
57.495,0.41599,0.454253,0.453172,-0.0382631
57.5,0.421444,0.454206,0.453123,-0.0327618
57.505,0.425274,0.454158,0.453074,-0.0288843
57.51,0.422965,0.45411,0.453025,-0.031145
57.515,0.399791,0.454063,0.452975,-0.0542719
57.52,0.407597,0.454015,0.452926,-0.0464185
57.525,0.416509,0.453967,0.452877,-0.0374589
57.53,0.427642,0.45392,0.452828,-0.0262783
57.535,0.426906,0.453872,0.452779,-0.0269663
57.54,0.415934,0.453825,0.45273,-0.0378906
57.545,0.412608,0.453777,0.45268,-0.0411692
57.55,0.4225,0.45373,0.452631,-0.0312297
57.555,0.420883,0.453683,0.452582,-0.0328001
57.56,0.417792,0.453635,0.452533,-0.0358428
57.565,0.413073,0.453588,0.452484,-0.0405144
57.57,0.400626,0.453541,0.452435,-0.0529148
57.575,0.398907,0.453493,0.452386,-0.0545866
57.58,0.399706,0.453446,0.452337,-0.0537403
57.585,0.411823,0.453399,0.452288,-0.0415757
57.59,0.417575,0.453351,0.452239,-0.0357762
57.595,0.427191,0.453304,0.45219,-0.0261131
57.6,0.430483,0.453257,0.452141,-0.0227741
57.605,0.428124,0.45321,0.452092,-0.0250861
57.61,0.42544,0.453163,0.452044,-0.0277226
57.615,0.409221,0.453116,0.451995,-0.0438949
57.62,0.417281,0.453068,0.451946,-0.0357875
57.625,0.423507,0.453021,0.451897,-0.0295147
57.63,0.425299,0.452974,0.451848,-0.0276758
57.635,0.41701,0.452927,0.451799,-0.0359172
57.64,0.411286,0.45288,0.451751,-0.0415939
57.645,0.405935,0.452833,0.451702,-0.0468983
57.65,0.416473,0.452786,0.451653,-0.0363138
57.655,0.419272,0.452739,0.451605,-0.0334672
57.66,0.422234,0.452693,0.451556,-0.0304587
57.665,0.421733,0.452646,0.451507,-0.0309129
57.67,0.438496,0.452599,0.451459,-0.0141033
57.675,0.446474,0.452552,0.45141,-0.00607758
57.68,0.446718,0.452505,0.451361,-0.00578693
57.685,0.435326,0.452459,0.451313,-0.0171324
57.69,0.408471,0.452412,0.451264,-0.0439409
57.695,0.404917,0.452365,0.451216,-0.0474477
57.7,0.400662,0.452318,0.451167,-0.0516567
57.705,0.404766,0.452272,0.451119,-0.0475055
57.71,0.412924,0.452225,0.45107,-0.0393008
57.715,0.412719,0.452178,0.451022,-0.0394599
57.72,0.418331,0.452132,0.450973,-0.0338003
57.725,0.417862,0.452085,0.450925,-0.0342236
57.73,0.417473,0.452039,0.450876,-0.0345654
57.735,0.40962,0.451992,0.450828,-0.0423721
57.74,0.406623,0.451946,0.450779,-0.0453222
57.745,0.405751,0.451899,0.450731,-0.0461487
57.75,0.417921,0.451853,0.450683,-0.0339321
57.755,0.424564,0.451806,0.450634,-0.0272428
57.76,0.431392,0.45176,0.450586,-0.0203677
57.765,0.424001,0.451714,0.450538,-0.0277123
57.77,0.41443,0.451667,0.450489,-0.0372374
57.775,0.399342,0.451621,0.450441,-0.052279
57.78,0.400341,0.451575,0.450393,-0.0512336
57.785,0.410305,0.451528,0.450345,-0.0412237
57.79,0.426242,0.451482,0.450297,-0.0252405
57.795,0.422805,0.451436,0.450248,-0.0286306
57.8,0.423314,0.45139,0.4502,-0.028076
57.805,0.428896,0.451344,0.450152,-0.0224472
57.81,0.433305,0.451298,0.450104,-0.0179929
57.815,0.435222,0.451251,0.450056,-0.0160299
57.82,0.430196,0.451205,0.450008,-0.0210089
57.825,0.418541,0.451159,0.44996,-0.0326181
57.83,0.421228,0.451113,0.449912,-0.0298851
57.835,0.41359,0.451067,0.449863,-0.0374776
57.84,0.414078,0.451021,0.449815,-0.0369437
57.845,0.421745,0.450975,0.449767,-0.02923
57.85,0.421274,0.450929,0.449719,-0.029655
57.855,0.417659,0.450884,0.449672,-0.0332249
57.86,0.42843,0.450838,0.449624,-0.0224076
57.865,0.422828,0.450792,0.449576,-0.027964
57.87,0.427887,0.450746,0.449528,-0.0228587
57.875,0.410926,0.4507,0.44948,-0.0397741
57.88,0.403931,0.450654,0.449432,-0.0467235
57.885,0.3938,0.450609,0.449384,-0.0568087
57.89,0.388749,0.450563,0.449336,-0.0618144
57.895,0.394346,0.450517,0.449288,-0.0561712
57.9,0.403522,0.450472,0.449241,-0.0469498
57.905,0.421833,0.450426,0.449193,-0.0285925
57.91,0.425723,0.45038,0.449145,-0.0246573
57.915,0.428207,0.450335,0.449097,-0.0221279
57.92,0.426808,0.450289,0.44905,-0.0234812
57.925,0.425179,0.450244,0.449002,-0.0250649
57.93,0.429505,0.450198,0.448954,-0.020693
57.935,0.425208,0.450153,0.448907,-0.024945
57.94,0.415501,0.450107,0.448859,-0.0346067
57.945,0.413665,0.450062,0.448811,-0.036397
57.95,0.408079,0.450016,0.448764,-0.0419372
57.955,0.407334,0.449971,0.448716,-0.0426367
57.96,0.402748,0.449926,0.448668,-0.0471781
57.965,0.396883,0.44988,0.448621,-0.0529976
57.97,0.396526,0.449835,0.448573,-0.0533091
57.975,0.39281,0.44979,0.448526,-0.0569797
57.98,0.391953,0.449745,0.448478,-0.0577911
57.985,0.392041,0.449699,0.448431,-0.0576585
57.99,0.400933,0.449654,0.448383,-0.0487209
57.995,0.405431,0.449609,0.448336,-0.0441782
58,0.403731,0.449564,0.448289,-0.0458329
58.005,0.399836,0.449519,0.448241,-0.0496828
58.01,0.397174,0.449474,0.448194,-0.0522995
58.015,0.39513,0.449429,0.448146,-0.0542983
58.02,0.392342,0.449384,0.448099,-0.0570414
58.025,0.3887,0.449339,0.448052,-0.0606383
58.03,0.393605,0.449294,0.448004,-0.0556891
58.035,0.399766,0.449249,0.447957,-0.0494832
58.04,0.402031,0.449204,0.44791,-0.0471725
58.045,0.412787,0.449159,0.447862,-0.0363718
58.05,0.419097,0.449114,0.447815,-0.030017
58.055,0.421953,0.449069,0.447768,-0.0271157
58.06,0.416409,0.449024,0.447721,-0.0326156
58.065,0.407099,0.44898,0.447674,-0.0418806
58.07,0.415101,0.448935,0.447626,-0.0338341
58.075,0.422993,0.44889,0.447579,-0.0258973
58.08,0.415785,0.448845,0.447532,-0.0330599
58.085,0.420183,0.448801,0.447485,-0.0286181
58.09,0.41253,0.448756,0.447438,-0.036226
58.095,0.410777,0.448711,0.447391,-0.0379342
58.1,0.406832,0.448667,0.447344,-0.0418353
58.105,0.410722,0.448622,0.447297,-0.0379004
58.11,0.425286,0.448578,0.44725,-0.0232921
58.115,0.430792,0.448533,0.447203,-0.0177411
58.12,0.430204,0.448489,0.447156,-0.0182847
58.125,0.419868,0.448444,0.447109,-0.0285763
58.13,0.418286,0.4484,0.447062,-0.0301137
58.135,0.413992,0.448356,0.447015,-0.0343635
58.14,0.412369,0.448309,0.446968,-0.0359406
58.145,0.416647,0.448265,0.446921,-0.031618
58.15,0.418138,0.448221,0.446874,-0.0300828
58.155,0.430906,0.448177,0.446827,-0.0172706
58.16,0.43963,0.448132,0.44678,-0.00850182
58.165,0.434902,0.448088,0.446733,-0.0131856
58.17,0.439069,0.448044,0.446687,-0.0089745
58.175,0.440692,0.448,0.44664,-0.007308
58.18,0.440783,0.447956,0.446593,-0.00717243
58.185,0.439506,0.447911,0.446546,-0.00840516
58.19,0.423423,0.447867,0.446499,-0.0244446
58.195,0.425901,0.447823,0.446453,-0.0219219
58.2,0.430024,0.447779,0.446406,-0.0177557
58.205,0.421136,0.447735,0.446359,-0.0265988
58.21,0.422056,0.447691,0.446313,-0.025635
58.215,0.414459,0.447647,0.446266,-0.0331883
58.22,0.420676,0.447603,0.446219,-0.0269276
58.225,0.417978,0.44756,0.446173,-0.0295817
58.23,0.404294,0.447516,0.446126,-0.0432218
58.235,0.409171,0.447472,0.44608,-0.0383009
58.24,0.421327,0.447428,0.446033,-0.0261011
58.245,0.432998,0.447384,0.445986,-0.0143865
58.25,0.437055,0.447341,0.44594,-0.0102856
58.255,0.428096,0.447297,0.445893,-0.0192008
58.26,0.417729,0.447253,0.445847,-0.0295243
58.265,0.416961,0.447209,0.4458,-0.0302488
58.27,0.419642,0.447166,0.445754,-0.0275237
58.275,0.419635,0.447122,0.445708,-0.0274871
58.28,0.40696,0.447079,0.445661,-0.0401192
58.285,0.400326,0.447035,0.445615,-0.0467092
58.29,0.397282,0.446992,0.445568,-0.0497093
58.295,0.404535,0.446948,0.445522,-0.0424131
58.3,0.409042,0.446905,0.445476,-0.0378629
58.305,0.40243,0.446861,0.445429,-0.0444308
58.31,0.408177,0.446818,0.445383,-0.0386412
58.315,0.41204,0.446774,0.445337,-0.0347343
58.32,0.40833,0.446731,0.44529,-0.0384008
58.325,0.40374,0.446688,0.445244,-0.0429483
58.33,0.395913,0.446645,0.445198,-0.050732
58.335,0.406413,0.446601,0.445152,-0.040188
58.34,0.408185,0.446558,0.445105,-0.0383732
58.345,0.418235,0.446515,0.445059,-0.0282798
58.35,0.416291,0.446472,0.445013,-0.0301805
58.355,0.414449,0.446429,0.444967,-0.03198
58.36,0.400752,0.446386,0.444921,-0.0456337
58.365,0.393706,0.446342,0.444875,-0.0526369
58.37,0.395034,0.446299,0.444829,-0.0512658
58.375,0.409933,0.446256,0.444782,-0.0363232
58.38,0.420983,0.446213,0.444736,-0.0252303
58.385,0.429086,0.44617,0.44469,-0.0170847
58.39,0.437551,0.446128,0.444644,-0.00857685
58.395,0.43757,0.446085,0.444598,-0.00851485
58.4,0.433416,0.446042,0.444552,-0.0126261
58.405,0.419006,0.445999,0.444506,-0.0269932
58.41,0.409259,0.445956,0.44446,-0.0366969
58.415,0.404709,0.445913,0.444414,-0.0412047
58.42,0.407581,0.445871,0.444368,-0.0382897
58.425,0.396724,0.445828,0.444323,-0.049104
58.43,0.389499,0.445785,0.444277,-0.0562865
58.435,0.385857,0.445743,0.444231,-0.0598852
58.44,0.389896,0.4457,0.444185,-0.055804
58.445,0.397657,0.445657,0.444139,-0.0480008
58.45,0.404578,0.445615,0.444093,-0.0410367
58.455,0.411136,0.445572,0.444047,-0.0344365
58.46,0.41123,0.44553,0.444002,-0.0343002
58.465,0.407044,0.445487,0.443956,-0.0384434
58.47,0.412368,0.445445,0.44391,-0.0330767
58.475,0.407097,0.445403,0.443864,-0.0383054
58.48,0.405824,0.44536,0.443819,-0.0395361
58.485,0.397766,0.445318,0.443773,-0.0475516
58.49,0.404368,0.445276,0.443727,-0.0409077
58.495,0.408745,0.445233,0.443682,-0.0364888
58.5,0.415705,0.445191,0.443636,-0.0294862
58.505,0.413258,0.445149,0.44359,-0.0318912
58.51,0.399403,0.445107,0.443545,-0.0457041
58.515,0.405848,0.445065,0.443499,-0.0392169
58.52,0.402909,0.445022,0.443454,-0.0421132
58.525,0.402856,0.44498,0.443408,-0.0421246
58.53,0.395768,0.444938,0.443363,-0.0491701
58.535,0.38657,0.444896,0.443317,-0.0583266
58.54,0.398965,0.444854,0.443272,-0.0458896
58.545,0.431655,0.444812,0.443226,-0.0131574
58.55,0.453704,0.44477,0.443181,0.00893338
58.555,0.45218,0.444729,0.443135,0.0074519
58.56,0.436585,0.444687,0.44309,-0.00810136
58.565,0.420481,0.444645,0.443044,-0.0241639
58.57,0.414001,0.444603,0.442999,-0.0306023
58.575,0.412479,0.444561,0.442954,-0.032082
58.58,0.398579,0.44452,0.442908,-0.0459404
58.585,0.4005,0.444478,0.442863,-0.0439783
58.59,0.403487,0.444436,0.442818,-0.0409493
58.595,0.403833,0.444395,0.442772,-0.0405617
58.6,0.412659,0.444353,0.442727,-0.0316943
58.605,0.40813,0.444311,0.442682,-0.0361817
58.61,0.414775,0.44427,0.442636,-0.0294945
58.615,0.415832,0.444228,0.442591,-0.0283969
58.62,0.40862,0.444187,0.442546,-0.035567
58.625,0.397563,0.444146,0.442501,-0.0465824
58.63,0.386997,0.444104,0.442456,-0.0571068
58.635,0.391636,0.444063,0.44241,-0.0524263
58.64,0.400435,0.444021,0.442365,-0.043586
58.645,0.410443,0.44398,0.44232,-0.0335374
58.65,0.413182,0.443939,0.442275,-0.0307565
58.655,0.421709,0.443898,0.44223,-0.0221885
58.66,0.426969,0.443856,0.442185,-0.016888
58.665,0.431114,0.443815,0.44214,-0.012701
58.67,0.42893,0.443774,0.442095,-0.0148443
58.675,0.426985,0.443733,0.44205,-0.0167484
58.68,0.425265,0.443692,0.442005,-0.0184271
58.685,0.416381,0.443651,0.44196,-0.02727
58.69,0.41685,0.44361,0.441915,-0.0267601
58.695,0.413019,0.443569,0.44187,-0.0305501
58.7,0.419832,0.443528,0.441825,-0.0236962
58.705,0.422242,0.443487,0.44178,-0.0212451
58.71,0.416838,0.443446,0.441735,-0.0266085
58.715,0.418146,0.443406,0.44169,-0.0252591
58.72,0.419888,0.443365,0.441645,-0.0234773
58.725,0.415666,0.443324,0.4416,-0.0276578
58.73,0.413963,0.443283,0.441555,-0.0293205
58.735,0.403144,0.443243,0.441511,-0.0400982
58.74,0.399286,0.443202,0.441466,-0.0439157
58.745,0.403939,0.443161,0.441421,-0.0392221
58.75,0.399723,0.443121,0.441376,-0.0433983
58.755,0.409376,0.44308,0.441331,-0.0337046
58.76,0.415476,0.44304,0.441287,-0.0275636
58.765,0.417601,0.442999,0.441242,-0.0253982
58.77,0.423872,0.442959,0.441197,-0.0190874
58.775,0.423886,0.442919,0.441153,-0.0190328
58.78,0.436551,0.442878,0.441108,-0.00632732
58.785,0.43732,0.442838,0.441063,-0.00551764
58.79,0.420452,0.442798,0.441019,-0.0223456
58.795,0.412798,0.442757,0.440974,-0.0299598
58.8,0.409624,0.442717,0.44093,-0.0330934
58.805,0.418285,0.442677,0.440885,-0.0243924
58.81,0.414693,0.442637,0.44084,-0.0279439
58.815,0.399987,0.442597,0.440796,-0.0426098
58.82,0.411191,0.442557,0.440751,-0.0313653
58.825,0.429362,0.442517,0.440707,-0.0131543
58.83,0.433812,0.442477,0.440662,-0.00866477
58.835,0.433307,0.442437,0.440618,-0.00912988
58.84,0.41482,0.442397,0.440573,-0.0275772
58.845,0.413596,0.442357,0.440529,-0.0287605
58.85,0.414394,0.442317,0.440484,-0.0279234
58.855,0.410805,0.442277,0.44044,-0.0314726
58.86,0.407754,0.442238,0.440396,-0.034484
58.865,0.400384,0.442198,0.440351,-0.0418139
58.87,0.381183,0.442158,0.440307,-0.0609755
58.875,0.384328,0.442118,0.440263,-0.0577907
58.88,0.390098,0.442079,0.440218,-0.0519807
58.885,0.400722,0.442039,0.440174,-0.0413169
58.89,0.41518,0.442,0.44013,-0.02682
58.895,0.416418,0.44196,0.440085,-0.0255427
58.9,0.435174,0.441921,0.440041,-0.0067469
58.905,0.428247,0.441881,0.439997,-0.0136344
58.91,0.435453,0.441842,0.439953,-0.00638858
58.915,0.427701,0.441803,0.439909,-0.0141015
58.92,0.415062,0.441763,0.439864,-0.0267014
58.925,0.414874,0.441724,0.43982,-0.0268504
58.93,0.404421,0.441685,0.439776,-0.0372636
58.935,0.406003,0.441646,0.439732,-0.0356431
58.94,0.39218,0.441607,0.439688,-0.0494268
58.945,0.384896,0.441567,0.439644,-0.0566715
58.95,0.389044,0.441528,0.4396,-0.0524839
58.955,0.403089,0.441489,0.439555,-0.0384005
58.96,0.408899,0.44145,0.439511,-0.0325517
58.965,0.420699,0.441411,0.439467,-0.0207122
58.97,0.416185,0.441373,0.439423,-0.0251875
58.975,0.418322,0.441334,0.439379,-0.0230121
58.98,0.424129,0.441295,0.439335,-0.0171656
58.985,0.430559,0.441256,0.439291,-0.0106975
58.99,0.436936,0.441217,0.439248,-0.00428178
58.995,0.436468,0.441179,0.439204,-0.00471038
59,0.429845,0.44114,0.43916,-0.0112952
59.005,0.436353,0.441101,0.439116,-0.00474822
59.01,0.428725,0.441063,0.439072,-0.0123381
59.015,0.420736,0.441024,0.439028,-0.0202879
59.02,0.402779,0.440986,0.438984,-0.0382072
59.025,0.387099,0.440947,0.43894,-0.0538484
59.03,0.384705,0.440909,0.438897,-0.0562039
59.035,0.393774,0.440871,0.438853,-0.0470963
59.04,0.398278,0.440832,0.438809,-0.042554
59.045,0.392724,0.440794,0.438765,-0.0480698
59.05,0.394237,0.440756,0.438721,-0.046519
59.055,0.408025,0.440718,0.438678,-0.0326929
59.06,0.419286,0.440679,0.438634,-0.0213938
59.065,0.419407,0.440641,0.43859,-0.0212344
59.07,0.417728,0.440603,0.438547,-0.0228755
59.075,0.407855,0.440565,0.438503,-0.0327104
59.08,0.417237,0.440527,0.438459,-0.0232899
59.085,0.418686,0.440489,0.438416,-0.0218037
59.09,0.425477,0.440451,0.438372,-0.0149743
59.095,0.440443,0.440414,0.438329,2.98192e-05
59.1,0.435443,0.440376,0.438285,-0.0049324
59.105,0.432419,0.440338,0.438241,-0.00791932
59.11,0.422491,0.4403,0.438198,-0.0178096
59.115,0.404626,0.440263,0.438154,-0.0356369
59.12,0.405502,0.440225,0.438111,-0.0347226
59.125,0.40628,0.440187,0.438067,-0.033907
59.13,0.432472,0.44015,0.438024,-0.0076779
59.135,0.437691,0.440112,0.43798,-0.00242156
59.14,0.433391,0.440075,0.437937,-0.00668443
59.145,0.42901,0.440038,0.437894,-0.0110272
59.15,0.412947,0.44,0.43785,-0.027053
59.155,0.409433,0.439963,0.437807,-0.03053
59.16,0.410656,0.439926,0.437763,-0.0292692
59.165,0.414215,0.439888,0.43772,-0.025674
59.17,0.427345,0.439851,0.437677,-0.0125059
59.175,0.432464,0.439814,0.437633,-0.00735004
59.18,0.422756,0.439777,0.43759,-0.017021
59.185,0.425202,0.43974,0.437547,-0.0145376
59.19,0.416591,0.439703,0.437503,-0.0231122
59.195,0.425336,0.439666,0.43746,-0.0143302
59.2,0.431731,0.439629,0.437417,-0.00789842
59.205,0.423311,0.439592,0.437374,-0.0162819
59.21,0.422929,0.439556,0.437331,-0.016627
59.215,0.404043,0.439519,0.437287,-0.035476
59.22,0.40067,0.439482,0.437244,-0.038812
59.225,0.395149,0.439446,0.437201,-0.0442963
59.23,0.394757,0.439409,0.437158,-0.0446519
59.235,0.409425,0.439373,0.437115,-0.0299474
59.24,0.435548,0.439336,0.437072,-0.00378802
59.245,0.447155,0.4393,0.437029,0.00785568
59.25,0.458474,0.439263,0.436986,0.0192109
59.255,0.439474,0.439227,0.436942,0.000247391
59.26,0.422428,0.439191,0.436899,-0.0167622
59.265,0.409655,0.439154,0.436856,-0.0294989
59.27,0.407855,0.439118,0.436813,-0.0312634
59.275,0.427747,0.439082,0.43677,-0.0113352
59.28,0.424572,0.439046,0.436727,-0.0144737
59.285,0.421222,0.43901,0.436684,-0.0177878
59.29,0.407612,0.438974,0.436642,-0.0313623
59.295,0.402904,0.438938,0.436599,-0.036034
59.3,0.406462,0.438902,0.436556,-0.0324403
59.305,0.403538,0.438866,0.436513,-0.0353279
59.31,0.411004,0.438831,0.43647,-0.0278266
59.315,0.398654,0.438795,0.436427,-0.0401409
59.32,0.393463,0.438759,0.436384,-0.0452958
59.325,0.390994,0.438724,0.436341,-0.0477291
59.33,0.381077,0.438688,0.436299,-0.0576109
59.335,0.38159,0.438652,0.436256,-0.0570627
59.34,0.38439,0.438617,0.436213,-0.0542272
59.345,0.390641,0.438582,0.43617,-0.0479404
59.35,0.398921,0.438546,0.436128,-0.0396251
59.355,0.394754,0.438511,0.436085,-0.0437567
59.36,0.387763,0.438476,0.436042,-0.0507129
59.365,0.392086,0.438441,0.435999,-0.0463548
59.37,0.397459,0.438405,0.435957,-0.0409461
59.375,0.39439,0.43837,0.435914,-0.0439806
59.38,0.39527,0.438335,0.435871,-0.0430654
59.385,0.398228,0.4383,0.435829,-0.0400727
59.39,0.418814,0.438265,0.435786,-0.0194519
59.395,0.415078,0.438231,0.435744,-0.0231524
59.4,0.4149,0.438196,0.435701,-0.0232954
59.405,0.412441,0.438161,0.435659,-0.0257197
59.41,0.424201,0.438126,0.435616,-0.0139249
59.415,0.426118,0.438092,0.435573,-0.0119741
59.42,0.425617,0.438057,0.435531,-0.01244
59.425,0.421589,0.438023,0.435488,-0.0164337
59.43,0.426248,0.437988,0.435446,-0.0117401
59.435,0.438235,0.437954,0.435403,0.000281191
59.44,0.429202,0.43792,0.435361,-0.00871769
59.445,0.424184,0.437885,0.435319,-0.0137009
59.45,0.417678,0.437851,0.435276,-0.0201736
59.455,0.419751,0.437817,0.435234,-0.0180661
59.46,0.425188,0.437783,0.435191,-0.0125954
59.465,0.42066,0.437749,0.435149,-0.0170886
59.47,0.421051,0.437715,0.435107,-0.0166635
59.475,0.425543,0.437681,0.435064,-0.0121379
59.48,0.419044,0.437647,0.435022,-0.0186031
59.485,0.419306,0.437613,0.43498,-0.0183077
59.49,0.412522,0.43758,0.434938,-0.0250573
59.495,0.405907,0.437546,0.434895,-0.0316388
59.5,0.41166,0.437512,0.434853,-0.0258522
59.505,0.40696,0.437479,0.434811,-0.0305192
59.51,0.40844,0.437446,0.434769,-0.029005
59.515,0.406334,0.437412,0.434726,-0.0310783
59.52,0.402293,0.437379,0.434684,-0.035086
59.525,0.412179,0.437346,0.434642,-0.0251668
59.53,0.421141,0.437312,0.4346,-0.0161709
59.535,0.431994,0.437279,0.434558,-0.00528537
59.54,0.429485,0.437246,0.434516,-0.00776062
59.545,0.424776,0.437213,0.434474,-0.0124366
59.55,0.416881,0.43718,0.434431,-0.0202989
59.555,0.412721,0.437147,0.434389,-0.0244258
59.56,0.415559,0.437114,0.434347,-0.0215556
59.565,0.417252,0.437082,0.434305,-0.0198293
59.57,0.414963,0.437049,0.434263,-0.0220861
59.575,0.404649,0.437016,0.434221,-0.0323676
59.58,0.380418,0.436984,0.434179,-0.0565662
59.585,0.377532,0.436951,0.434137,-0.0594198
59.59,0.372482,0.436919,0.434095,-0.0644375
59.595,0.375201,0.436887,0.434053,-0.0616861
59.6,0.378574,0.436855,0.434011,-0.05828
59.605,0.368273,0.436822,0.43397,-0.0685492
59.61,0.368531,0.43679,0.433928,-0.0682597
59.615,0.372812,0.436758,0.433886,-0.0639462
59.62,0.381882,0.436726,0.433844,-0.0548443
59.625,0.399913,0.436694,0.433802,-0.0367814
59.63,0.406367,0.436662,0.43376,-0.0302957
59.635,0.423712,0.436631,0.433718,-0.0129189
59.64,0.435257,0.436599,0.433677,-0.00134199
59.645,0.436954,0.436567,0.433635,0.000386932
59.65,0.425127,0.436536,0.433593,-0.011409
59.655,0.40446,0.436504,0.433551,-0.032044
59.66,0.410848,0.436473,0.43351,-0.0256252
59.665,0.427022,0.436439,0.433468,-0.0094172
59.67,0.434804,0.436408,0.433426,-0.00160437
59.675,0.431087,0.436377,0.433385,-0.0052901
59.68,0.412911,0.436346,0.433343,-0.0234347
59.685,0.398247,0.436315,0.433301,-0.0380675
59.69,0.393184,0.436284,0.43326,-0.0430994
59.695,0.388592,0.436253,0.433218,-0.0476613
59.7,0.396853,0.436222,0.433176,-0.0393689
59.705,0.396449,0.436191,0.433135,-0.0397425
59.71,0.399812,0.436161,0.433093,-0.0363489
59.715,0.403534,0.43613,0.433052,-0.0325967
59.72,0.410278,0.4361,0.43301,-0.0258223
59.725,0.426904,0.43607,0.432969,-0.00916573
59.73,0.419069,0.436039,0.432927,-0.01697
59.735,0.421537,0.436009,0.432886,-0.0144724
59.74,0.412502,0.435979,0.432844,-0.0234766
59.745,0.409462,0.435949,0.432803,-0.0264873
59.75,0.421229,0.435919,0.432761,-0.0146903
59.755,0.424377,0.435889,0.43272,-0.0115117
59.76,0.43147,0.435859,0.432678,-0.00438922
59.765,0.424246,0.43583,0.432637,-0.0115835
59.77,0.418948,0.4358,0.432596,-0.0168521
59.775,0.42848,0.43577,0.432554,-0.00729003
59.78,0.427738,0.435741,0.432513,-0.00800322
59.785,0.435184,0.435712,0.432472,-0.000528063
59.79,0.418673,0.435682,0.43243,-0.0170096
59.795,0.414912,0.435653,0.432389,-0.0207408
59.8,0.409783,0.435624,0.432348,-0.0258413
59.805,0.414259,0.435595,0.432306,-0.021336
59.81,0.420454,0.435566,0.432265,-0.0151127
59.815,0.424545,0.435537,0.432224,-0.0109928
59.82,0.418656,0.435509,0.432183,-0.0168529
59.825,0.407627,0.43548,0.432142,-0.0278526
59.83,0.404855,0.435452,0.4321,-0.0305965
59.835,0.400239,0.435423,0.432059,-0.0351836
59.84,0.418529,0.435395,0.432018,-0.0168654
59.845,0.412817,0.435367,0.431977,-0.0225492
59.85,0.413952,0.435338,0.431936,-0.0213862
59.855,0.419539,0.43531,0.431895,-0.0157708
59.86,0.43932,0.435282,0.431854,0.00403798
59.865,0.441302,0.435254,0.431813,0.00604701
59.87,0.437438,0.435227,0.431772,0.00221113
59.875,0.42522,0.435199,0.43173,-0.00997895
59.88,0.410496,0.435171,0.431689,-0.0246755
59.885,0.405479,0.435144,0.431648,-0.0296648
59.89,0.402306,0.435117,0.431607,-0.0328102
59.895,0.395029,0.435089,0.431566,-0.04006
59.9,0.405076,0.435062,0.431525,-0.0299864
59.905,0.40469,0.435035,0.431485,-0.0303455
59.91,0.402357,0.435008,0.431444,-0.032651
59.915,0.418426,0.434981,0.431403,-0.0165553
59.92,0.42825,0.434955,0.431362,-0.00670413
59.925,0.426789,0.434928,0.431321,-0.00813941
59.93,0.434016,0.434901,0.43128,-0.000885699
59.935,0.430536,0.434875,0.431239,-0.00433859
59.94,0.42596,0.434849,0.431198,-0.00888831
59.945,0.430832,0.434822,0.431158,-0.00399079
59.95,0.416883,0.434796,0.431117,-0.0179129
59.955,0.420639,0.43477,0.431076,-0.0141308
59.96,0.416082,0.434744,0.431035,-0.0186627
59.965,0.409362,0.434719,0.430994,-0.0253566
59.97,0.410871,0.434693,0.430954,-0.023822
59.975,0.414704,0.434667,0.430913,-0.0199632
59.98,0.422533,0.434642,0.430872,-0.0121093
59.985,0.422285,0.434617,0.430832,-0.0123318
59.99,0.420248,0.434592,0.430791,-0.0143439
59.995,0.410455,0.434566,0.43075,-0.0241115
60,0.402471,0.434541,0.43071,-0.0320701
60.005,0.396515,0.434517,0.430669,-0.0380014
60.01,0.400986,0.434492,0.430628,-0.0335063
60.015,0.398129,0.434467,0.430588,-0.036338
60.02,0.394598,0.434443,0.430547,-0.0398446
60.025,0.394775,0.434418,0.430507,-0.0396438
60.03,0.402638,0.434394,0.430466,-0.0317565
60.035,0.423555,0.43437,0.430425,-0.0108149
60.04,0.436161,0.434346,0.430385,0.00181451
60.045,0.432907,0.434322,0.430344,-0.00141531
60.05,0.438067,0.434298,0.430304,0.00376809
60.055,0.425475,0.434275,0.430263,-0.0087996
60.06,0.425494,0.434251,0.430223,-0.00875702
60.065,0.41774,0.434228,0.430183,-0.0164884
60.07,0.4132,0.434205,0.430142,-0.0210047
60.075,0.413159,0.434182,0.430102,-0.0210225
60.08,0.409534,0.434159,0.430061,-0.0246244
60.085,0.424838,0.434136,0.430021,-0.00929815
60.09,0.427123,0.434113,0.429981,-0.00699078
60.095,0.426994,0.434091,0.42994,-0.00709657
60.1,0.423468,0.434068,0.4299,-0.0105999
60.105,0.423298,0.434046,0.42986,-0.0107484
60.11,0.42546,0.434024,0.429819,-0.00856372
60.115,0.42234,0.434002,0.429779,-0.0116623
60.12,0.412593,0.43398,0.429739,-0.0213869
60.125,0.418488,0.433958,0.429698,-0.0154708
60.13,0.421091,0.433937,0.429658,-0.0128461
60.135,0.42671,0.433915,0.429618,-0.00720594
60.14,0.431004,0.433894,0.429578,-0.00289022
60.145,0.436619,0.433873,0.429537,0.00274553
60.15,0.449884,0.433852,0.429497,0.0160318
60.155,0.446834,0.433831,0.429457,0.0130023
60.16,0.449416,0.433811,0.429417,0.0156051
60.165,0.445347,0.43379,0.429377,0.011557
60.17,0.444878,0.43377,0.429337,0.0111078
60.175,0.438573,0.43375,0.429297,0.00482318
60.18,0.43397,0.43373,0.429257,0.000240346
60.185,0.431326,0.43371,0.429216,-0.0023832
60.19,0.429194,0.43369,0.429176,-0.00449617
60.195,0.429143,0.43367,0.429136,-0.0045269
60.2,0.420179,0.433651,0.429096,-0.0134718
60.205,0.415495,0.433632,0.429056,-0.0181366
60.21,0.407303,0.433613,0.429016,-0.0263101
60.215,0.408996,0.433594,0.428976,-0.0245973
60.22,0.405442,0.433575,0.428936,-0.0281329
60.225,0.407124,0.433556,0.428896,-0.0264326
60.23,0.416861,0.433538,0.428856,-0.0166766
60.235,0.417161,0.43352,0.428817,-0.0163592
60.24,0.423092,0.433502,0.428777,-0.0104101
60.245,0.416573,0.433484,0.428737,-0.0169106
60.25,0.412505,0.433466,0.428697,-0.0209612
60.255,0.411613,0.433449,0.428657,-0.0218359
60.26,0.410597,0.433431,0.428617,-0.0228343
60.265,0.413105,0.433414,0.428577,-0.020309
60.27,0.406317,0.433397,0.428538,-0.0270805
60.275,0.412936,0.43338,0.428498,-0.020444
60.28,0.417221,0.433364,0.428458,-0.0161432
60.285,0.418673,0.433347,0.428418,-0.014674
60.29,0.414368,0.433331,0.428378,-0.0189629
60.295,0.392248,0.433315,0.428339,-0.0410668
60.3,0.395842,0.433299,0.428299,-0.0374576
60.305,0.399809,0.433284,0.428259,-0.0334748
60.31,0.426906,0.433268,0.42822,-0.00636206
60.315,0.443872,0.433253,0.42818,0.0106192
60.32,0.445718,0.433238,0.42814,0.0124803
60.325,0.447246,0.433223,0.428101,0.0140233
60.33,0.4518,0.433209,0.428061,0.0185912
60.335,0.453494,0.433194,0.428021,0.0202995
60.34,0.462937,0.43318,0.427982,0.0297567
60.345,0.454926,0.433166,0.427942,0.02176
60.35,0.45659,0.433152,0.427903,0.0234374
60.355,0.448233,0.433139,0.427863,0.015094
60.36,0.43693,0.433125,0.427824,0.00380455
60.365,0.444852,0.433112,0.427784,0.0117399
60.37,0.453794,0.433099,0.427744,0.0206952
60.375,0.45305,0.433086,0.427705,0.0199639
60.38,0.446116,0.433074,0.427666,0.0130416
60.385,0.426647,0.433062,0.427626,-0.00641459
60.39,0.42224,0.43305,0.427587,-0.0108093
60.395,0.430953,0.433038,0.427547,-0.00208472
60.4,0.431291,0.433026,0.427508,-0.00173574
60.405,0.44088,0.433015,0.427468,0.00786469
60.41,0.43827,0.433004,0.427429,0.00526548
60.415,0.430919,0.432993,0.42739,-0.00207414
60.42,0.439324,0.432983,0.42735,0.00634107
60.425,0.430834,0.432972,0.427311,-0.00213824
60.43,0.425709,0.432962,0.427272,-0.00725369
60.435,0.418574,0.432952,0.427232,-0.0143783
60.44,0.417839,0.432943,0.427193,-0.0151034
60.445,0.419761,0.432934,0.427154,-0.0131728
60.45,0.424513,0.432925,0.427114,-0.00841141
60.455,0.41976,0.432916,0.427075,-0.0131561
60.46,0.429124,0.432907,0.427036,-0.00378297
60.465,0.429101,0.432899,0.426997,-0.00379836
60.47,0.427112,0.432891,0.426957,-0.00577897
60.475,0.427141,0.432883,0.426918,-0.00574245
60.48,0.441927,0.432876,0.426879,0.00905127
60.485,0.447917,0.432869,0.42684,0.0150485
60.49,0.4479,0.432862,0.426801,0.0150379
60.495,0.442697,0.432855,0.426762,0.0098414
60.5,0.428268,0.432849,0.426723,-0.00458066
60.505,0.422519,0.432843,0.426683,-0.0103243
60.51,0.425588,0.432837,0.426644,-0.00724925
60.515,0.433678,0.432832,0.426605,0.000845849
60.52,0.441457,0.432827,0.426566,0.0086301
60.525,0.431009,0.432822,0.426527,-0.00181236
60.53,0.41508,0.432817,0.426488,-0.0177375
60.535,0.403032,0.432813,0.426449,-0.029781
60.54,0.410978,0.432809,0.42641,-0.0218307
60.545,0.423455,0.432806,0.426371,-0.00935063
60.55,0.427658,0.432802,0.426332,-0.00514381
60.555,0.428606,0.432799,0.426293,-0.00419314
60.56,0.426909,0.432797,0.426254,-0.00588798
60.565,0.42179,0.432794,0.426215,-0.0110045
60.57,0.429504,0.432793,0.426176,-0.00328835
60.575,0.446393,0.432791,0.426138,0.0136016
60.58,0.443,0.43279,0.426099,0.0102101
60.585,0.445771,0.432789,0.42606,0.0129818
60.59,0.439475,0.432788,0.426021,0.00668725
60.595,0.438199,0.432788,0.425982,0.00541132
60.6,0.440793,0.432788,0.425943,0.00800465
60.605,0.434471,0.432789,0.425905,0.00168236
60.61,0.428538,0.43279,0.425866,-0.00425171
60.615,0.42347,0.432791,0.425827,-0.00932126
60.62,0.415178,0.432792,0.425788,-0.0176144
60.625,0.412198,0.432794,0.425749,-0.0205963
60.63,0.422543,0.432797,0.425711,-0.010254
60.635,0.424912,0.4328,0.425672,-0.0078878
60.64,0.439197,0.432803,0.425633,0.00639409
60.645,0.439662,0.432806,0.425595,0.00685589
60.65,0.443992,0.43281,0.425556,0.011182
60.655,0.446905,0.432815,0.425517,0.0140902
60.66,0.443673,0.432819,0.425479,0.0108534
60.665,0.452822,0.432825,0.42544,0.0199979
60.67,0.453327,0.43283,0.425401,0.0204965
60.675,0.450411,0.432836,0.425363,0.0175751
60.68,0.44582,0.432843,0.425324,0.0129777
60.685,0.434884,0.43285,0.425286,0.00203451
60.69,0.441875,0.432857,0.425247,0.00901813
60.695,0.436067,0.432865,0.425209,0.00320211
60.7,0.441178,0.432873,0.42517,0.00830482
60.705,0.44563,0.432882,0.425132,0.012748
60.71,0.44168,0.432891,0.425093,0.0087889
60.715,0.44845,0.432901,0.425055,0.0155495
60.72,0.459178,0.432911,0.425016,0.0262671
60.725,0.468716,0.432921,0.424978,0.0357949
60.73,0.477841,0.432932,0.424939,0.0449083
60.735,0.457885,0.432944,0.424901,0.0249416
60.74,0.436583,0.432956,0.424862,0.00362729
60.745,0.421833,0.432969,0.424824,-0.0111358
60.75,0.423151,0.432982,0.424786,-0.00983049
60.755,0.414692,0.432995,0.424747,-0.0183029
60.76,0.425667,0.433009,0.424709,-0.00734221
60.765,0.416852,0.433024,0.424671,-0.0161716
60.77,0.415666,0.433039,0.424632,-0.0173733
60.775,0.413775,0.433055,0.424594,-0.0192802
60.78,0.412639,0.433071,0.424556,-0.0204327
60.785,0.424616,0.433088,0.424517,-0.00847173
60.79,0.423693,0.433106,0.424479,-0.00941208
60.795,0.425695,0.433124,0.424441,-0.00742838
60.8,0.426155,0.433142,0.424403,-0.00698738
60.805,0.429525,0.433161,0.424364,-0.0036361
60.81,0.437231,0.433181,0.424326,0.0040499
60.815,0.431091,0.433201,0.424288,-0.00210994
60.82,0.444124,0.433222,0.42425,0.010902
60.825,0.441637,0.433244,0.424212,0.00839351
60.83,0.450589,0.433266,0.424174,0.0173224
60.835,0.457542,0.433289,0.424135,0.0242531
60.84,0.457964,0.433313,0.424097,0.0246513
60.845,0.453451,0.433337,0.424059,0.0201145
60.85,0.439201,0.433362,0.424021,0.00583935
60.855,0.433228,0.433387,0.423983,-0.000158787
60.86,0.436313,0.433413,0.423945,0.00290001
60.865,0.450073,0.43344,0.423907,0.0166328
60.87,0.44902,0.433468,0.423869,0.0155523
60.875,0.442236,0.433496,0.423831,0.00873967
60.88,0.447156,0.433525,0.423793,0.0136313
60.885,0.448318,0.433555,0.423755,0.0147635
60.89,0.455074,0.433585,0.423717,0.0214888
60.895,0.455046,0.433616,0.423679,0.0214299
60.9,0.462622,0.433648,0.423641,0.0289732
60.905,0.468019,0.433681,0.423603,0.0343382
60.91,0.473247,0.433715,0.423565,0.0395322
60.915,0.472477,0.433749,0.423527,0.0387283
60.92,0.457163,0.433784,0.423489,0.0233791
60.925,0.465796,0.43382,0.423452,0.0319764
60.93,0.462052,0.433857,0.423414,0.0281953
60.935,0.461863,0.433894,0.423376,0.0279686
60.94,0.464056,0.433933,0.423338,0.0301235
60.945,0.448855,0.433972,0.4233,0.0148832
60.95,0.439994,0.434012,0.423262,0.00598144
60.955,0.425067,0.434054,0.423225,-0.00898645
60.96,0.421022,0.434096,0.423187,-0.0130733
60.965,0.429181,0.434139,0.423149,-0.00495768
60.97,0.43848,0.434182,0.423111,0.0042972
60.975,0.45257,0.434227,0.423074,0.0183424
60.98,0.455771,0.434273,0.423036,0.0214976
60.985,0.457995,0.43432,0.422998,0.0236758
60.99,0.460837,0.434367,0.422961,0.0264697
60.995,0.463965,0.434416,0.422923,0.0295484
61,0.463986,0.434466,0.422885,0.0295203
61.005,0.467586,0.434517,0.422848,0.0330695
61.01,0.460693,0.434568,0.42281,0.0261248
61.015,0.455656,0.434621,0.422772,0.0210342
61.02,0.453704,0.434675,0.422735,0.0190291
61.025,0.44681,0.43473,0.422697,0.0120798
61.03,0.457497,0.434787,0.42266,0.0227105
61.035,0.482235,0.434844,0.422622,0.0473916
61.04,0.488685,0.434902,0.422584,0.0537822
61.045,0.491817,0.434962,0.422547,0.0568548
61.05,0.472728,0.435023,0.422509,0.0377047
61.055,0.447178,0.435085,0.422472,0.0120932
61.06,0.434145,0.435148,0.422434,-0.00100321
61.065,0.430667,0.435213,0.422397,-0.00454564
61.07,0.434413,0.435279,0.42236,-0.000865838
61.075,0.447315,0.435346,0.422322,0.0119696
61.08,0.4611,0.435414,0.422285,0.0256865
61.085,0.462736,0.435484,0.422247,0.0272523
61.09,0.474211,0.435555,0.42221,0.0386561
61.095,0.469914,0.435627,0.422172,0.0342864
61.1,0.47417,0.435701,0.422135,0.0384688
61.105,0.472035,0.435776,0.422098,0.0362587
61.11,0.469567,0.435853,0.42206,0.0337139
61.115,0.459875,0.435931,0.422023,0.023944
61.12,0.47016,0.436011,0.421986,0.0341496
61.125,0.467195,0.436092,0.421948,0.031103
61.13,0.473508,0.436175,0.421911,0.0373337
61.135,0.464225,0.436259,0.421874,0.0279659
61.14,0.453145,0.436345,0.421837,0.0167998
61.145,0.447008,0.436432,0.421799,0.010576
61.15,0.437565,0.436521,0.421762,0.00104395
61.155,0.434905,0.436612,0.421725,-0.00170699
61.16,0.449568,0.436705,0.421688,0.0128628
61.165,0.456432,0.436799,0.421651,0.0196327
61.17,0.479463,0.436895,0.421613,0.0425676
61.175,0.484641,0.436993,0.421576,0.0476485
61.18,0.487429,0.437093,0.421539,0.0503369
61.185,0.483605,0.437194,0.421502,0.0464107
61.19,0.478177,0.437298,0.421465,0.0408798
61.195,0.487682,0.437403,0.421428,0.0502791
61.2,0.495926,0.43751,0.421391,0.0584156
61.205,0.502062,0.43762,0.421354,0.0644428
61.21,0.50149,0.437731,0.421316,0.063759
61.215,0.494943,0.437844,0.421279,0.0570989
61.22,0.490973,0.43796,0.421242,0.053013
61.225,0.480108,0.438078,0.421205,0.0420306
61.23,0.474874,0.438198,0.421168,0.0366762
61.235,0.472794,0.43832,0.421131,0.0344744
61.24,0.465499,0.438444,0.421094,0.0270546
61.245,0.479155,0.438571,0.421057,0.040584
61.25,0.479167,0.4387,0.42102,0.040467
61.255,0.487048,0.438832,0.420984,0.0482165
61.26,0.498897,0.438966,0.420947,0.0599317
61.265,0.494369,0.439102,0.42091,0.0552672
61.27,0.50198,0.439241,0.420873,0.0627388
61.275,0.490798,0.439383,0.420836,0.0514153
61.28,0.478495,0.439527,0.420799,0.0389679
61.285,0.473007,0.439674,0.420762,0.033333
61.29,0.465958,0.439824,0.420725,0.0261344
61.295,0.488372,0.439977,0.420689,0.0483958
61.3,0.504085,0.440132,0.420652,0.0639534
61.305,0.504579,0.44029,0.420615,0.0642884
61.31,0.511772,0.440452,0.420578,0.0713207
61.315,0.509013,0.440616,0.420541,0.0683968
61.32,0.504423,0.440783,0.420505,0.0636399
61.325,0.501266,0.440954,0.420468,0.0603117
61.33,0.478893,0.441128,0.420431,0.0377652
61.335,0.480893,0.441305,0.420394,0.0395879
61.34,0.483394,0.441486,0.420358,0.0419084
61.345,0.479192,0.44167,0.420321,0.0375226
61.35,0.476749,0.441857,0.420284,0.0348919
61.355,0.469666,0.442048,0.420248,0.0276177
61.36,0.470035,0.442243,0.420211,0.0277926
61.365,0.471648,0.442441,0.420174,0.0292063
61.37,0.470793,0.442644,0.420138,0.0281492
61.375,0.488479,0.44285,0.420101,0.0456295
61.38,0.500161,0.44306,0.420065,0.0571011
61.385,0.503728,0.443274,0.420028,0.0604535
61.39,0.506079,0.443492,0.419991,0.0625864
61.395,0.491613,0.443715,0.419955,0.0478981
61.4,0.504902,0.443942,0.419918,0.0609598
61.405,0.508625,0.444173,0.419882,0.0644516
61.41,0.505446,0.444409,0.419845,0.0610369
61.415,0.511103,0.44465,0.419809,0.0664531
61.42,0.507057,0.444895,0.419772,0.0621621
61.425,0.51158,0.445146,0.419736,0.0664344
61.43,0.511448,0.445401,0.419699,0.0660468
61.435,0.500112,0.445661,0.419663,0.0544513
61.44,0.499873,0.445927,0.419627,0.0539458
61.445,0.504938,0.446198,0.41959,0.0587403
61.45,0.506691,0.446474,0.419554,0.0602165
61.455,0.512497,0.446756,0.419517,0.0657405
61.46,0.511373,0.447044,0.419481,0.0643293
61.465,0.508338,0.447338,0.419445,0.0610008
61.47,0.508972,0.447638,0.419408,0.0613342
61.475,0.492978,0.447944,0.419372,0.0450341
61.48,0.498309,0.448256,0.419336,0.0500527
61.485,0.495038,0.448575,0.419299,0.0464628
61.49,0.501626,0.448901,0.419263,0.0527247
61.495,0.504179,0.449234,0.419227,0.0549442
61.5,0.504554,0.449575,0.419191,0.0549799
61.505,0.502958,0.449922,0.419154,0.0530355
61.51,0.514778,0.450278,0.419118,0.0645006
61.515,0.510449,0.450641,0.419082,0.0598079
61.52,0.504805,0.451013,0.419046,0.0537928
61.525,0.506217,0.451393,0.419009,0.0548242
61.53,0.511924,0.451782,0.418973,0.0601426
61.535,0.511882,0.45218,0.418937,0.0597025
61.54,0.52647,0.452588,0.418901,0.0738824
61.545,0.527577,0.453005,0.418865,0.0745712
61.55,0.528538,0.453433,0.418829,0.0751043
61.555,0.533867,0.453872,0.418792,0.0799943
61.56,0.532914,0.454323,0.418756,0.0785911
61.565,0.521962,0.454785,0.41872,0.0671775
61.57,0.520495,0.45526,0.418684,0.0652354
61.575,0.526916,0.455748,0.418648,0.0711688
61.58,0.521585,0.456249,0.418612,0.0653354
61.585,0.531524,0.456766,0.418576,0.074758
61.59,0.515973,0.457297,0.41854,0.0586757
61.595,0.52302,0.457846,0.418504,0.0651742
61.6,0.542893,0.458411,0.418468,0.0844818
61.605,0.540619,0.458996,0.418432,0.0816236
61.61,0.564752,0.4596,0.418396,0.105152
61.615,0.559969,0.460225,0.41836,0.0997447
61.62,0.561031,0.460872,0.418324,0.100158
61.625,0.55847,0.461544,0.418288,0.0969257
61.63,0.546597,0.462242,0.418252,0.0843545
61.635,0.543641,0.462968,0.418216,0.0806725
61.64,0.540683,0.463724,0.418181,0.0769596
61.645,0.536722,0.464512,0.418145,0.0722102
61.65,0.535771,0.465335,0.418109,0.0704352
61.655,0.548666,0.466197,0.418073,0.0824693
61.66,0.568554,0.467099,0.418037,0.101456
61.665,0.59068,0.468045,0.418001,0.122635
61.67,0.587449,0.469039,0.417966,0.11841
61.675,0.580766,0.470085,0.41793,0.11068
61.68,0.588742,0.471188,0.417894,0.117554
61.685,0.577031,0.472352,0.417858,0.104678
61.69,0.593023,0.473583,0.417822,0.11944
61.695,0.588129,0.474886,0.417787,0.113243
61.7,0.599472,0.476268,0.417751,0.123204
61.705,0.622482,0.477734,0.417715,0.144748
61.71,0.646534,0.479294,0.41768,0.16724
61.715,0.637792,0.480955,0.417644,0.156837
61.72,0.63502,0.482725,0.417608,0.152296
61.725,0.623169,0.484613,0.417573,0.138556
61.73,0.633182,0.486631,0.417537,0.146551
61.735,0.650636,0.488789,0.417501,0.161847
61.74,0.643151,0.491098,0.417466,0.152053
61.745,0.638635,0.493572,0.41743,0.145063
61.75,0.639957,0.496224,0.417394,0.143733
61.755,0.643161,0.49907,0.417359,0.144092
61.76,0.656824,0.502123,0.417323,0.1547
61.765,0.669131,0.505403,0.417288,0.163728
61.77,0.684314,0.508925,0.417252,0.175389
61.775,0.699015,0.512711,0.417217,0.186304
61.78,0.705481,0.51678,0.417181,0.188701
61.785,0.716587,0.521154,0.417146,0.195433
61.79,0.722706,0.525856,0.41711,0.19685
61.795,0.730182,0.530911,0.417075,0.199271
61.8,0.742398,0.536345,0.417039,0.206053
61.805,0.758566,0.542186,0.417004,0.21638
61.81,0.765609,0.548461,0.416968,0.217148
61.815,0.758096,0.555203,0.416933,0.202893
61.82,0.760836,0.562442,0.416897,0.198394
61.825,0.776334,0.570213,0.416862,0.20612
61.83,0.794022,0.578551,0.416827,0.215471
61.835,0.799606,0.587492,0.416791,0.212114
61.84,0.806315,0.597075,0.416756,0.20924
61.845,0.833123,0.60734,0.416721,0.225784
61.85,0.859824,0.618327,0.416685,0.241496
61.855,0.871556,0.630081,0.41665,0.241476
61.86,0.876747,0.642644,0.416615,0.234103
61.865,0.872417,0.656064,0.416579,0.216353
61.87,0.87819,0.670386,0.416544,0.207804
61.875,0.915399,0.685658,0.416509,0.229741
61.88,0.940038,0.70193,0.416474,0.238107
61.885,0.970826,0.719252,0.416438,0.251574
61.89,0.991357,0.737675,0.416403,0.253682
61.895,0.994091,0.757249,0.416368,0.236842
61.9,1.01766,0.778028,0.416333,0.239631
61.905,1.05216,0.800062,0.416297,0.252094
61.91,1.07705,0.823405,0.416262,0.253642
61.915,1.10729,0.848109,0.416227,0.25918
61.92,1.14222,0.874225,0.416192,0.268
61.925,1.15657,0.901804,0.416157,0.254769
61.93,1.17308,0.930897,0.416122,0.242186
61.935,1.20292,0.961553,0.416087,0.241366
61.94,1.24468,0.993819,0.416051,0.250857
61.945,1.29837,1.02774,0.416016,0.270627
61.95,1.33436,1.06336,0.415981,0.270998
61.955,1.38204,1.10072,0.415946,0.281319
61.96,1.43538,1.13987,0.415911,0.295519
61.965,1.5044,1.18082,0.415876,0.323579
61.97,1.53554,1.22362,0.415841,0.311921
61.975,1.56829,1.26829,0.415806,0.299999
61.98,1.6176,1.31486,0.415771,0.302736
61.985,1.66612,1.36335,0.415736,0.302775
61.99,1.77338,1.41376,0.415701,0.359616
61.995,1.84795,1.46611,0.415666,0.381842
62,1.92883,1.5204,0.415631,0.408431
62.005,2.0182,1.57663,0.415596,0.441567
62.01,2.10983,1.63478,0.415561,0.475053
62.015,2.16685,1.69484,0.415527,0.472002
62.02,2.24888,1.75679,0.415492,0.492092
62.025,2.2972,1.82059,0.415457,0.476611
62.03,2.40662,1.88621,0.415422,0.52041
62.035,2.50993,1.95359,0.415387,0.556332
62.04,2.65375,2.02269,0.415352,0.631058
62.045,2.81868,2.09344,0.415317,0.725235
62.05,2.8978,2.16577,0.415283,0.732026
62.055,3.00949,2.2396,0.415248,0.769891
62.06,3.11577,2.31484,0.415213,0.800937
62.065,3.24231,2.39139,0.415178,0.850922
62.07,3.41176,2.46914,0.415143,0.942618
62.075,3.58584,2.54799,0.415109,1.03785
62.08,3.7062,2.6278,0.415074,1.0784
62.085,3.81535,2.70845,0.415039,1.1069
62.09,3.92834,2.78979,0.415004,1.13855
62.095,4.10825,2.87167,0.41497,1.23657
62.1,4.26086,2.95394,0.414935,1.30692
62.105,4.39875,3.03644,0.4149,1.36231
62.11,4.60485,3.11898,0.414866,1.48587
62.115,4.77009,3.20139,0.414831,1.56869
62.12,4.85384,3.28349,0.414796,1.57034
62.125,4.92814,3.36508,0.414762,1.56305
62.13,5.08534,3.44597,0.414727,1.63937
62.135,5.21221,3.52594,0.414693,1.68626
62.14,5.33388,3.60481,0.414658,1.72907
62.145,5.49331,3.68234,0.414623,1.81097
62.15,5.64337,3.75834,0.414589,1.88503
62.155,5.80245,3.83258,0.414554,1.96987
62.16,5.92541,3.90485,0.41452,2.02056
62.165,6.06939,3.97493,0.414485,2.09447
62.17,6.11975,4.0426,0.414451,2.07715
62.175,6.16278,4.10764,0.414416,2.05514
62.18,6.25052,4.16986,0.414382,2.08066
62.185,6.30235,4.22903,0.414347,2.07332
62.19,6.32891,4.28495,0.414313,2.04396
62.195,6.34414,4.33743,0.414278,2.00671
62.2,6.37392,4.38628,0.414244,1.98764
62.205,6.42585,4.43132,0.414209,1.99454
62.21,6.44402,4.47237,0.414175,1.97166
62.215,6.41385,4.50928,0.414141,1.90457
62.22,6.41329,4.5419,0.414106,1.87138
62.225,6.45944,4.57011,0.414072,1.88933
62.23,6.50807,4.59379,0.414037,1.91428
62.235,6.49733,4.61283,0.414003,1.88451
62.24,6.50301,4.62716,0.413969,1.87585
62.245,6.41129,4.63671,0.413934,1.77458
62.25,6.33084,4.64145,0.4139,1.68939
62.255,6.22282,4.64134,0.413866,1.58148
62.26,6.20448,4.63638,0.413832,1.56809
62.265,6.14487,4.6266,0.413797,1.51827
62.27,6.03367,4.61202,0.413763,1.42165
62.275,5.92736,4.59271,0.413729,1.33466
62.28,5.87963,4.56874,0.413695,1.3109
62.285,5.80823,4.5402,0.41366,1.26804
62.29,5.72253,4.50721,0.413626,1.21532
62.295,5.69071,4.4699,0.413592,1.22082
62.3,5.61984,4.42841,0.413558,1.19144
62.305,5.57467,4.3829,0.413524,1.19178
62.31,5.50441,4.33354,0.413489,1.17087
62.315,5.43271,4.28052,0.413455,1.15219
62.32,5.34167,4.22403,0.413421,1.11764
62.325,5.24811,4.16427,0.413387,1.08384
62.33,5.17964,4.10144,0.413353,1.07819
62.335,5.11214,4.03577,0.413319,1.07637
62.34,5.04444,3.96746,0.413285,1.07698
62.345,4.97762,3.89674,0.413251,1.08088
62.35,4.8977,3.82383,0.413216,1.07387
62.355,4.80164,3.74895,0.413182,1.05268
62.36,4.7413,3.67233,0.413148,1.06897
62.365,4.67968,3.59417,0.413114,1.08551
62.37,4.59238,3.51471,0.41308,1.07768
62.375,4.45119,3.43414,0.413046,1.01704
62.38,4.33506,3.35269,0.413012,0.982367
62.385,4.20989,3.27056,0.412978,0.939333
62.39,4.08971,3.18794,0.412944,0.90177
62.395,4.01907,3.10503,0.41291,0.914036
62.4,3.92274,3.02203,0.412877,0.90071
62.405,3.8405,2.93909,0.412843,0.901404
62.41,3.7312,2.85641,0.412809,0.874789
62.415,3.64778,2.77415,0.412775,0.873633
62.42,3.52424,2.69246,0.412741,0.83178
62.425,3.39938,2.61149,0.412707,0.787894
62.43,3.30863,2.53139,0.412673,0.777244
62.435,3.23203,2.45228,0.412639,0.779754
62.44,3.11753,2.37429,0.412605,0.743239
62.445,3.0376,2.29754,0.412572,0.740053
62.45,2.96771,2.22213,0.412538,0.745571
62.455,2.88397,2.14816,0.412504,0.735809
62.46,2.75625,2.07572,0.41247,0.680524
62.465,2.69138,2.00489,0.412436,0.686488
62.47,2.61606,1.93573,0.412403,0.680322
62.475,2.51794,1.86832,0.412369,0.649615
62.48,2.393,1.8027,0.412335,0.590297
62.485,2.30206,1.73893,0.412301,0.563128
62.49,2.20189,1.67703,0.412268,0.524859
62.495,2.1205,1.61705,0.412234,0.503457
62.5,2.05573,1.55899,0.4122,0.496735
62.505,1.97613,1.50289,0.412167,0.473236
62.51,1.90264,1.44875,0.412133,0.453899
62.515,1.85346,1.39656,0.412099,0.456902
62.52,1.79407,1.34634,0.412066,0.447735
62.525,1.74419,1.29806,0.412032,0.446137
62.53,1.65432,1.25171,0.411998,0.402606
62.535,1.59548,1.20728,0.411965,0.388198
62.54,1.55265,1.16473,0.411931,0.387911
62.545,1.49753,1.12405,0.411897,0.373477
62.55,1.46918,1.08519,0.411864,0.383983
62.555,1.4278,1.04813,0.41183,0.379678
62.56,1.38567,1.01281,0.411797,0.372864
62.565,1.32187,0.979201,0.411763,0.342673
62.57,1.25489,0.947256,0.41173,0.307631
62.575,1.22442,0.916928,0.411696,0.307489
62.58,1.18294,0.888168,0.411663,0.294775
62.585,1.16423,0.860926,0.411629,0.303302
62.59,1.13301,0.83515,0.411596,0.297855
62.595,1.10281,0.810789,0.411562,0.292017
62.6,1.08034,0.787788,0.411529,0.292547
62.605,1.03517,0.766096,0.411495,0.269072
62.61,1.01505,0.745658,0.411462,0.269393
62.615,0.961811,0.726422,0.411428,0.235389
62.62,0.93528,0.708335,0.411395,0.226945
62.625,0.913694,0.691345,0.411362,0.222349
62.63,0.879942,0.6754,0.411328,0.204543
62.635,0.860318,0.660449,0.411295,0.199869
62.64,0.827546,0.646443,0.411261,0.181103
62.645,0.811826,0.633334,0.411228,0.178492
62.65,0.825221,0.621074,0.411195,0.204148
62.655,0.818826,0.609617,0.411161,0.20921
62.66,0.814689,0.598919,0.411128,0.215771
62.665,0.806911,0.588936,0.411095,0.217975
62.67,0.790876,0.579627,0.411062,0.211249
62.675,0.774137,0.570953,0.411028,0.203185
62.68,0.763221,0.562874,0.410995,0.200347
62.685,0.754371,0.555355,0.410962,0.199016
62.69,0.753582,0.54836,0.410928,0.205222
62.695,0.734365,0.541855,0.410895,0.192509
62.7,0.701037,0.53581,0.410862,0.165227
62.705,0.67618,0.530193,0.410829,0.145987
62.71,0.681273,0.524976,0.410796,0.156297
62.715,0.689913,0.520132,0.410762,0.169781
62.72,0.709192,0.515636,0.410729,0.193556
62.725,0.705412,0.511462,0.410696,0.193949
62.73,0.69928,0.50759,0.410663,0.19169
62.735,0.690129,0.503997,0.41063,0.186132
62.74,0.68283,0.500664,0.410597,0.182166
62.745,0.675483,0.497571,0.410564,0.177912
62.75,0.673018,0.494703,0.41053,0.178315
62.755,0.65322,0.492041,0.410497,0.161178
62.76,0.638621,0.489573,0.410464,0.149048
62.765,0.629022,0.487283,0.410431,0.141738
62.77,0.618004,0.485159,0.410398,0.132845
62.775,0.627307,0.483189,0.410365,0.144118
62.78,0.634533,0.481362,0.410332,0.153171
62.785,0.652704,0.479668,0.410299,0.173036
62.79,0.638423,0.478097,0.410266,0.160326
62.795,0.635428,0.476642,0.410233,0.158786
62.8,0.630777,0.475294,0.4102,0.155482
62.805,0.630121,0.474047,0.410167,0.156073
62.81,0.617614,0.472895,0.410134,0.144719
62.815,0.591543,0.47183,0.410101,0.119712
62.82,0.585785,0.47085,0.410068,0.114936
62.825,0.563495,0.469947,0.410035,0.093548
62.83,0.575864,0.46912,0.410002,0.106745
62.835,0.575349,0.468363,0.409969,0.106987
62.84,0.573584,0.467674,0.409937,0.10591
62.845,0.574384,0.467049,0.409904,0.107335
62.85,0.575605,0.466487,0.409871,0.109118
62.855,0.585358,0.465985,0.409838,0.119374
62.86,0.589622,0.465541,0.409805,0.124082
62.865,0.591764,0.465153,0.409772,0.12661
62.87,0.588826,0.464821,0.409739,0.124005
62.875,0.582322,0.464543,0.409707,0.117779
62.88,0.579226,0.464319,0.409674,0.114907
62.885,0.571447,0.464147,0.409641,0.107299
62.89,0.570305,0.464028,0.409608,0.106276
62.895,0.562407,0.463961,0.409575,0.0984466
62.9,0.553176,0.463945,0.409543,0.0892313
62.905,0.556489,0.463981,0.40951,0.0925082
62.91,0.563581,0.464068,0.409477,0.0995127
62.915,0.569072,0.464208,0.409444,0.104865
62.92,0.556701,0.464399,0.409412,0.0923017
62.925,0.552421,0.464643,0.409379,0.0877778
62.93,0.535681,0.464939,0.409346,0.0707416
62.935,0.524744,0.465289,0.409314,0.0594553
62.94,0.531817,0.465692,0.409281,0.0661253
62.945,0.544016,0.466148,0.409248,0.077868
62.95,0.557218,0.466659,0.409216,0.0905583
62.955,0.567168,0.467225,0.409183,0.0999435
62.96,0.546936,0.467845,0.40915,0.0790908
62.965,0.537759,0.468521,0.409118,0.0692379
62.97,0.535168,0.469252,0.409085,0.0659154
62.975,0.526609,0.47004,0.409053,0.0565693
62.98,0.527761,0.470883,0.40902,0.0568783
62.985,0.523312,0.471782,0.408988,0.0515298
62.99,0.510647,0.472738,0.408955,0.0379094
62.995,0.510565,0.47375,0.408922,0.0368158
63,0.521272,0.474817,0.40889,0.0464544
63.005,0.523432,0.47594,0.408857,0.0474916
63.01,0.538167,0.477119,0.408825,0.061048
63.015,0.544249,0.478352,0.408792,0.0658968
63.02,0.547035,0.47964,0.40876,0.0673955
63.025,0.549525,0.480981,0.408727,0.0685444
63.03,0.543655,0.482374,0.408695,0.0612814
63.035,0.543322,0.483819,0.408663,0.0595039
63.04,0.54529,0.485313,0.40863,0.0599768
63.045,0.554363,0.486857,0.408598,0.0675062
63.05,0.566107,0.488447,0.408565,0.0776602
63.055,0.573842,0.490083,0.408533,0.0837585
63.06,0.572366,0.491762,0.4085,0.0806032
63.065,0.556956,0.493483,0.408468,0.0634726
63.07,0.553053,0.495243,0.408436,0.0578098
63.075,0.55636,0.49704,0.408403,0.0593202
63.08,0.555019,0.49887,0.408371,0.056149
63.085,0.569083,0.500732,0.408339,0.0683513
63.09,0.564006,0.502621,0.408306,0.0613849
63.095,0.557439,0.504536,0.408274,0.0529038
63.1,0.551195,0.506472,0.408242,0.0447233
63.105,0.550457,0.508426,0.408209,0.042031
63.11,0.552889,0.510394,0.408177,0.0424955
63.115,0.575872,0.512372,0.408145,0.0635001
63.12,0.58169,0.514356,0.408113,0.0673342
63.125,0.587912,0.516342,0.40808,0.0715707
63.13,0.593125,0.518325,0.408048,0.0748002
63.135,0.599367,0.5203,0.408016,0.0790663
63.14,0.601412,0.522264,0.407984,0.0791485
63.145,0.597363,0.52421,0.407951,0.0731526
63.15,0.586329,0.526134,0.407919,0.0601949
63.155,0.583016,0.528031,0.407887,0.0549859
63.16,0.578589,0.529894,0.407855,0.0486945
63.165,0.590019,0.53172,0.407823,0.0582985
63.17,0.593418,0.533502,0.407791,0.0599158
63.175,0.608104,0.535235,0.407759,0.0728685
63.18,0.613287,0.536914,0.407726,0.0763726
63.185,0.608852,0.538532,0.407694,0.0703197
63.19,0.605262,0.540085,0.407662,0.0651772
63.195,0.584487,0.541566,0.40763,0.0429212
63.2,0.58557,0.542971,0.407598,0.0425991
63.205,0.574984,0.544294,0.407566,0.0306907
63.21,0.566317,0.545529,0.407534,0.0207873
63.215,0.555638,0.546673,0.407502,0.00896483
63.22,0.542437,0.54772,0.40747,-0.00528217
63.225,0.554926,0.548665,0.407438,0.00626163
63.23,0.562449,0.549504,0.407406,0.0129455
63.235,0.564979,0.550233,0.407374,0.0147458
63.24,0.551083,0.550849,0.407342,0.000234087
63.245,0.557848,0.551348,0.40731,0.00649966
63.25,0.557452,0.551728,0.407278,0.00572341
63.255,0.5716,0.551986,0.407246,0.0196143
63.26,0.566256,0.55212,0.407214,0.0141362
63.265,0.565783,0.552129,0.407182,0.0136536
63.27,0.5934,0.552012,0.40715,0.0413879
63.275,0.604053,0.551768,0.407118,0.0522854
63.28,0.603296,0.551398,0.407086,0.0518984
63.285,0.586799,0.550902,0.407054,0.0358969
63.29,0.572425,0.550282,0.407022,0.0221429
63.295,0.563507,0.54954,0.406991,0.0139676
63.3,0.560544,0.548677,0.406959,0.0118674
63.305,0.555085,0.547697,0.406927,0.00738807
63.31,0.555516,0.546602,0.406895,0.00891389
63.315,0.56321,0.545396,0.406863,0.0178137
63.32,0.562639,0.544084,0.406831,0.0185548
63.325,0.545352,0.542669,0.4068,0.00268259
63.33,0.530621,0.541157,0.406768,-0.0105355
63.335,0.531777,0.539552,0.406736,-0.00777459
63.34,0.535463,0.537859,0.406704,-0.00239594
63.345,0.545883,0.536084,0.406672,0.00979928
63.35,0.536373,0.534232,0.406641,0.00214111
63.355,0.522045,0.532309,0.406609,-0.0102633
63.36,0.534648,0.53032,0.406577,0.00432831
63.365,0.533024,0.52827,0.406545,0.00475366
63.37,0.548148,0.526167,0.406514,0.0219811
63.375,0.552418,0.524015,0.406482,0.0284032
63.38,0.546657,0.521819,0.40645,0.0248377
63.385,0.560464,0.519586,0.406419,0.0408777
63.39,0.547033,0.517321,0.406387,0.0297125
63.395,0.538139,0.515028,0.406355,0.0231114
63.4,0.540686,0.512713,0.406324,0.0279724
63.405,0.549311,0.510382,0.406292,0.0389291
63.41,0.56358,0.508039,0.40626,0.0555416
63.415,0.56342,0.505688,0.406229,0.0577315
63.42,0.545298,0.503335,0.406197,0.041963
63.425,0.532987,0.500983,0.406166,0.0320044
63.43,0.514354,0.498637,0.406134,0.0157176
63.435,0.505654,0.4963,0.406102,0.00935397
63.44,0.512677,0.493978,0.406071,0.0186989
63.445,0.517792,0.491673,0.406039,0.026119
63.45,0.53201,0.489388,0.406008,0.0426225
63.455,0.537896,0.487127,0.405976,0.0507684
63.46,0.526899,0.484894,0.405945,0.0420056
63.465,0.530419,0.48269,0.405913,0.0477289
63.47,0.531886,0.480519,0.405882,0.051367
63.475,0.528766,0.478384,0.40585,0.0503822
63.48,0.533558,0.476285,0.405819,0.0572726
63.485,0.533795,0.474227,0.405787,0.0595687
63.49,0.536527,0.472209,0.405756,0.0643178
63.495,0.529095,0.470236,0.405724,0.0588592
63.5,0.500451,0.468307,0.405693,0.0321441
63.505,0.5001,0.466424,0.405662,0.0336752
63.51,0.487249,0.46459,0.40563,0.0226593
63.515,0.498057,0.462804,0.405599,0.0352528
63.52,0.487397,0.461067,0.405567,0.0263296
63.525,0.487865,0.459382,0.405536,0.0284836
63.53,0.479113,0.457747,0.405505,0.0213662
63.535,0.481628,0.456164,0.405473,0.0254636
63.54,0.495764,0.454634,0.405442,0.0411306
63.545,0.490875,0.453156,0.405411,0.037719
63.55,0.500367,0.45173,0.405379,0.0486371
63.555,0.491362,0.450357,0.405348,0.0410048
63.56,0.480676,0.449037,0.405317,0.0316393
63.565,0.478004,0.447769,0.405285,0.0302344
63.57,0.482505,0.446554,0.405254,0.0359517
63.575,0.48687,0.44539,0.405223,0.0414797
63.58,0.493052,0.444279,0.405191,0.0487737
63.585,0.490339,0.443218,0.40516,0.0471207
63.59,0.488448,0.442209,0.405129,0.0462392
63.595,0.485651,0.44125,0.405098,0.0444006
63.6,0.491442,0.440341,0.405067,0.0511008
63.605,0.491241,0.439482,0.405035,0.051759
63.61,0.496955,0.438671,0.405004,0.0582834
63.615,0.494001,0.437909,0.404973,0.0560919
63.62,0.490286,0.437195,0.404942,0.0530914
63.625,0.485882,0.436528,0.404911,0.0493532
63.63,0.494181,0.435909,0.404879,0.058272
63.635,0.492449,0.435336,0.404848,0.0571133
63.64,0.493292,0.434809,0.404817,0.0584836
63.645,0.47145,0.434327,0.404786,0.0371228
63.65,0.479402,0.433892,0.404755,0.0455099
63.655,0.482404,0.433501,0.404724,0.048903
63.66,0.487259,0.433156,0.404693,0.0541025
63.665,0.4892,0.432856,0.404662,0.0563443
63.67,0.486901,0.432601,0.404631,0.0542998
63.675,0.496095,0.432391,0.404599,0.0637043
63.68,0.509969,0.432226,0.404568,0.077743
63.685,0.49952,0.432107,0.404537,0.0674131
63.69,0.498132,0.432034,0.404506,0.0660979
63.695,0.479605,0.432007,0.404475,0.0475984
63.7,0.482484,0.432027,0.404444,0.0504576
63.705,0.484642,0.432094,0.404413,0.0525476
63.71,0.488089,0.43221,0.404382,0.0558786
63.715,0.497446,0.432375,0.404351,0.0650701
63.72,0.491493,0.432591,0.40432,0.0589023
63.725,0.487662,0.432858,0.404289,0.0548042
63.73,0.49699,0.433177,0.404258,0.0638126
63.735,0.49936,0.433551,0.404227,0.0658088
63.74,0.506484,0.43398,0.404196,0.0725045
63.745,0.504303,0.434466,0.404166,0.0698373
63.75,0.504778,0.43501,0.404135,0.0697683
63.755,0.496591,0.435615,0.404104,0.0609761
63.76,0.495163,0.436282,0.404073,0.0588802
63.765,0.49226,0.437014,0.404042,0.0552457
63.77,0.489999,0.437812,0.404011,0.0521874
63.775,0.49484,0.438679,0.40398,0.0561612
63.78,0.477924,0.439616,0.403949,0.0383083
63.785,0.480781,0.440626,0.403919,0.0401555
63.79,0.493145,0.441712,0.403888,0.0514335
63.795,0.494219,0.442875,0.403857,0.0513434
63.8,0.489491,0.444119,0.403826,0.0453724
63.805,0.477224,0.445445,0.403795,0.0317783
63.81,0.485836,0.446857,0.403764,0.0389795
63.815,0.491993,0.448356,0.403734,0.0436369
63.82,0.491255,0.449946,0.403703,0.0413086
63.825,0.493529,0.451628,0.403672,0.0419002
63.83,0.502281,0.453406,0.403641,0.0488748
63.835,0.517638,0.455281,0.403611,0.0623566
63.84,0.511883,0.457257,0.40358,0.0546268
63.845,0.496286,0.459334,0.403549,0.036952
63.85,0.478613,0.461516,0.403519,0.0170973
63.855,0.461756,0.463805,0.403488,-0.00204901
63.86,0.470304,0.466202,0.403457,0.0041025
63.865,0.484671,0.468709,0.403426,0.0159621
63.87,0.488779,0.471328,0.403396,0.0174515
63.875,0.481956,0.47406,0.403365,0.00789513
63.88,0.470741,0.476907,0.403334,-0.00616604
63.885,0.48473,0.47987,0.403304,0.00485942
63.89,0.498979,0.482949,0.403273,0.0160297
63.895,0.493799,0.486145,0.403243,0.00765365
63.9,0.498814,0.489459,0.403212,0.00935533
63.905,0.512663,0.492889,0.403181,0.0197735
63.91,0.533356,0.496437,0.403151,0.0369194
63.915,0.541984,0.5001,0.40312,0.0418835
63.92,0.531382,0.503879,0.40309,0.0275033
63.925,0.528223,0.507772,0.403059,0.0204519
63.93,0.546791,0.511776,0.403028,0.0350143
63.935,0.560873,0.515891,0.402998,0.0449818
63.94,0.56715,0.520113,0.402967,0.0470369
63.945,0.558709,0.52444,0.402937,0.0342692
63.95,0.565637,0.528868,0.402906,0.0367682
63.955,0.572115,0.533394,0.402876,0.0387209
63.96,0.593876,0.538013,0.402845,0.0558636
63.965,0.593405,0.54272,0.402815,0.0506854
63.97,0.591894,0.547511,0.402784,0.0443828
63.975,0.605665,0.552379,0.402754,0.0532856
63.98,0.631853,0.55732,0.402724,0.0745328
63.985,0.648413,0.562326,0.402693,0.0860866
63.99,0.642096,0.56739,0.402663,0.0747054
63.995,0.646787,0.572505,0.402632,0.0742812
64,0.641337,0.577664,0.402602,0.0636732
64.005,0.647754,0.582857,0.402571,0.0648972
64.01,0.647841,0.588076,0.402541,0.0597654
64.015,0.647245,0.593312,0.402511,0.0539332
64.02,0.641311,0.598555,0.40248,0.0427567
64.025,0.640313,0.603794,0.40245,0.0365185
64.03,0.65284,0.609021,0.40242,0.0438191
64.035,0.675421,0.614223,0.402389,0.0611979
64.04,0.690747,0.619389,0.402359,0.0713578
64.045,0.682221,0.624509,0.402329,0.0577125
64.05,0.67976,0.629569,0.402298,0.0501915
64.055,0.701477,0.634558,0.402268,0.0669184
64.06,0.710186,0.639464,0.402238,0.0707215
64.065,0.711979,0.644274,0.402207,0.0677057
64.07,0.713759,0.648974,0.402177,0.0647849
64.075,0.700978,0.653553,0.402147,0.0474251
64.08,0.691192,0.657997,0.402117,0.0331948
64.085,0.678754,0.662293,0.402086,0.0164609
64.09,0.67505,0.666429,0.402056,0.00862101
64.095,0.703157,0.670391,0.402026,0.0327659
64.1,0.71923,0.674166,0.401996,0.0450638
64.105,0.72837,0.677743,0.401965,0.0506269
64.11,0.723298,0.681108,0.401935,0.0421897
64.115,0.700794,0.684251,0.401905,0.0165424
64.12,0.692077,0.68716,0.401875,0.00491629
64.125,0.694231,0.689825,0.401845,0.00440632
64.13,0.690314,0.692234,0.401814,-0.0019197
64.135,0.694483,0.694379,0.401784,0.000103429
64.14,0.693325,0.696252,0.401754,-0.00292693
64.145,0.702254,0.697844,0.401724,0.0044103
64.15,0.717107,0.699149,0.401694,0.0179579
64.155,0.688565,0.700162,0.401664,-0.0115971
64.16,0.678912,0.700877,0.401634,-0.0219644
64.165,0.678568,0.701291,0.401604,-0.0227233
64.17,0.673554,0.701403,0.401574,-0.0278491
64.175,0.686301,0.70121,0.401543,-0.0149086
64.18,0.684125,0.700714,0.401513,-0.0165887
64.185,0.679025,0.699915,0.401483,-0.0208895
64.19,0.707625,0.698817,0.401453,0.00880824
64.195,0.712206,0.697423,0.401423,0.0147833
64.2,0.717739,0.695738,0.401393,0.0220006
64.205,0.726512,0.69377,0.401363,0.0327419
64.21,0.706591,0.691524,0.401333,0.0150669
64.215,0.696078,0.68901,0.401303,0.00706824
64.22,0.684087,0.686236,0.401273,-0.0021482
64.225,0.660749,0.683212,0.401243,-0.0224628
64.23,0.658735,0.67995,0.401213,-0.0212152
64.235,0.644395,0.676461,0.401183,-0.0320659
64.24,0.649885,0.672756,0.401153,-0.0228712
64.245,0.653018,0.668848,0.401123,-0.0158307
64.25,0.657595,0.66475,0.401093,-0.00715502
64.255,0.643639,0.660475,0.401064,-0.0168366
64.26,0.634635,0.656036,0.401034,-0.0214012
64.265,0.627911,0.651446,0.401004,-0.0235353
64.27,0.629627,0.646718,0.400974,-0.0170917
64.275,0.616373,0.641867,0.400944,-0.0254938
64.28,0.593844,0.636904,0.400914,-0.0430599
64.285,0.574354,0.631843,0.400884,-0.057489
64.29,0.585075,0.626697,0.400854,-0.0416219
64.295,0.592048,0.621479,0.400825,-0.0294309
64.3,0.599751,0.6162,0.400795,-0.0164495
64.305,0.603712,0.610873,0.400765,-0.00716147
64.31,0.609224,0.60551,0.400735,0.00371421
64.315,0.606713,0.600122,0.400705,0.00659097
64.32,0.59515,0.594719,0.400675,0.000431308
64.325,0.586064,0.589313,0.400646,-0.00324817
64.33,0.568094,0.583913,0.400616,-0.0158186
64.335,0.568576,0.578529,0.400586,-0.00995317
64.34,0.571995,0.57317,0.400556,-0.00117524
64.345,0.564949,0.567846,0.400527,-0.00289782
64.35,0.549467,0.562565,0.400497,-0.0130976
64.355,0.529753,0.557334,0.400467,-0.0275816
64.36,0.513193,0.552161,0.400437,-0.0389684
64.365,0.525001,0.547054,0.400408,-0.0220522
64.37,0.536545,0.542017,0.400378,-0.00547226
64.375,0.541028,0.537058,0.400348,0.00396926
64.38,0.55435,0.532183,0.400319,0.0221674
64.385,0.553259,0.527396,0.400289,0.0258636
64.39,0.54975,0.522701,0.400259,0.0270489
64.395,0.543482,0.518104,0.40023,0.0253783
64.4,0.54729,0.513608,0.4002,0.0336822
64.405,0.560049,0.509216,0.40017,0.0508337
64.41,0.565133,0.504931,0.400141,0.0602024
64.415,0.558676,0.500756,0.400111,0.0579205
64.42,0.546876,0.496692,0.400081,0.0501834
64.425,0.537581,0.492742,0.400052,0.0448386
64.43,0.533158,0.488907,0.400022,0.0442509
64.435,0.521157,0.485187,0.399993,0.0359695
64.44,0.499773,0.481584,0.399963,0.0181893
64.445,0.485756,0.478097,0.399933,0.00765859
64.45,0.471173,0.474727,0.399904,-0.00355345
64.455,0.479801,0.471472,0.399874,0.00832882
64.46,0.48039,0.468333,0.399845,0.0120561
64.465,0.479932,0.465309,0.399815,0.0146232
64.47,0.481311,0.462398,0.399786,0.0189131
64.475,0.479406,0.459599,0.399756,0.0198076
64.48,0.478585,0.45691,0.399727,0.0216745
64.485,0.471387,0.45433,0.399697,0.0170574
64.49,0.468893,0.451856,0.399668,0.0170367
64.495,0.481828,0.449486,0.399638,0.0323415
64.5,0.483033,0.447219,0.399609,0.0358147
64.505,0.483491,0.445051,0.399579,0.0384399
64.51,0.489593,0.44298,0.39955,0.0466131
64.515,0.498713,0.441003,0.39952,0.05771
64.52,0.507117,0.439119,0.399491,0.0679984
64.525,0.500977,0.437323,0.399462,0.0636544
64.53,0.479143,0.435613,0.399432,0.0435309
64.535,0.466398,0.433986,0.399403,0.0324119
64.54,0.48366,0.432439,0.399373,0.0512207
64.545,0.486712,0.43097,0.399344,0.0557416
64.55,0.478769,0.429575,0.399315,0.0491941
64.555,0.455379,0.428252,0.399285,0.0271269
64.56,0.44392,0.426997,0.399256,0.0169224
64.565,0.458902,0.425808,0.399226,0.0330932
64.57,0.479985,0.424682,0.399197,0.0553022
64.575,0.491006,0.423616,0.399168,0.06739
64.58,0.483074,0.422608,0.399138,0.060466
64.585,0.475614,0.421654,0.399109,0.0539601
64.59,0.48635,0.420752,0.39908,0.0655985
64.595,0.491365,0.419899,0.399051,0.0714653
64.6,0.496015,0.419094,0.399021,0.0769214
64.605,0.500304,0.418333,0.398992,0.0819707
64.61,0.48085,0.417614,0.398963,0.0632357
64.615,0.478066,0.416936,0.398933,0.0611307
64.62,0.467474,0.416295,0.398904,0.0511797
64.625,0.458064,0.415689,0.398875,0.0423746
64.63,0.465466,0.415118,0.398846,0.0503487
64.635,0.472156,0.414578,0.398816,0.0575779
64.64,0.48406,0.414068,0.398787,0.0699921
64.645,0.4723,0.413586,0.398758,0.0587141
64.65,0.480467,0.41313,0.398729,0.067337
64.655,0.480307,0.412699,0.3987,0.0676076
64.66,0.473312,0.412292,0.39867,0.06102
64.665,0.460056,0.411906,0.398641,0.0481499
64.67,0.440728,0.41154,0.398612,0.0291878
64.675,0.437567,0.411194,0.398583,0.0263735
64.68,0.469639,0.410865,0.398554,0.0587737
64.685,0.489831,0.410553,0.398525,0.0792783
64.69,0.500317,0.410257,0.398496,0.0900599
64.695,0.504043,0.409975,0.398466,0.0940684
64.7,0.502954,0.409707,0.398437,0.0932471
64.705,0.483332,0.409451,0.398408,0.073881
64.71,0.479812,0.409207,0.398379,0.0706051
64.715,0.47182,0.408974,0.39835,0.0628462
64.72,0.462702,0.408751,0.398321,0.0539504
64.725,0.469368,0.408538,0.398292,0.06083
64.73,0.458622,0.408334,0.398263,0.0502878
64.735,0.441731,0.408138,0.398234,0.0335931
64.74,0.439409,0.407949,0.398205,0.0314599
64.745,0.430115,0.407768,0.398176,0.0223471
64.75,0.43435,0.407593,0.398147,0.0267569
64.755,0.451666,0.407425,0.398118,0.0442411
64.76,0.460551,0.407262,0.398089,0.0532892
64.765,0.473172,0.407105,0.39806,0.0660669
64.77,0.470285,0.406952,0.398031,0.0633326
64.775,0.464176,0.406805,0.398002,0.0573714
64.78,0.475509,0.406661,0.397973,0.0688474
64.785,0.480936,0.406522,0.397944,0.074414
64.79,0.479358,0.406387,0.397915,0.0729713
64.795,0.474305,0.406255,0.397886,0.0680505
64.8,0.474879,0.406126,0.397857,0.0687532
64.805,0.472603,0.406001,0.397828,0.0666021
64.81,0.456378,0.405878,0.397799,0.0504999
64.815,0.43361,0.405759,0.39777,0.0278517
64.82,0.434513,0.405641,0.397741,0.0288714
64.825,0.438627,0.405527,0.397712,0.0330999
64.83,0.450745,0.405414,0.397683,0.0453309
64.835,0.45449,0.405304,0.397654,0.0491862
64.84,0.467424,0.405196,0.397626,0.0622279
64.845,0.490602,0.405089,0.397597,0.0855121
64.85,0.489965,0.404985,0.397568,0.0849804
64.855,0.479907,0.404882,0.397539,0.0750246
64.86,0.464899,0.404781,0.39751,0.0601176
64.865,0.450901,0.404682,0.397481,0.0462193
64.87,0.456814,0.404584,0.397453,0.0522302
64.875,0.473378,0.404488,0.397424,0.0688905
64.88,0.477571,0.404392,0.397395,0.0731781
64.885,0.493878,0.404299,0.397366,0.0895795
64.89,0.482577,0.404206,0.397337,0.0783711
64.895,0.476494,0.404115,0.397309,0.0723787
64.9,0.463619,0.404025,0.39728,0.0595937
64.905,0.460882,0.403936,0.397251,0.056946
64.91,0.477049,0.403848,0.397222,0.0732006
64.915,0.471737,0.403761,0.397194,0.0679756
64.92,0.472233,0.403676,0.397165,0.0685578
64.925,0.444308,0.403591,0.397136,0.0407173
64.93,0.429897,0.403507,0.397107,0.0263902
64.935,0.423956,0.403424,0.397079,0.0205317
64.94,0.416594,0.403342,0.39705,0.0132518
64.945,0.41324,0.403261,0.397021,0.00997953
64.95,0.435956,0.403181,0.396993,0.032775
64.955,0.438818,0.403101,0.396964,0.0357164
64.96,0.459779,0.403023,0.396935,0.0567562
64.965,0.460775,0.402945,0.396907,0.0578299
64.97,0.453022,0.402868,0.396878,0.0501539
64.975,0.454226,0.402791,0.396849,0.0514346
64.98,0.448606,0.402716,0.396821,0.0458904
64.985,0.45401,0.402641,0.396792,0.0513694
64.99,0.459773,0.402567,0.396763,0.0572062
64.995,0.440882,0.402493,0.396735,0.0383888
65,0.436003,0.40242,0.396706,0.0335824
65.005,0.430884,0.402348,0.396678,0.0285361
65.01,0.444564,0.402276,0.396649,0.0422879
65.015,0.461069,0.402205,0.39662,0.0588632
65.02,0.467569,0.402135,0.396592,0.0654334
65.025,0.463917,0.402065,0.396563,0.0618512
65.03,0.465802,0.401996,0.396535,0.0638054
65.035,0.464135,0.401928,0.396506,0.062207
65.04,0.457687,0.40186,0.396478,0.0558277
65.045,0.458079,0.401792,0.396449,0.0562871
65.05,0.456305,0.401725,0.396421,0.0545804
65.055,0.455232,0.401659,0.396392,0.0535733
65.06,0.442512,0.401593,0.396364,0.040919
65.065,0.427089,0.401527,0.396335,0.0255619
65.07,0.419622,0.401462,0.396307,0.0181594
65.075,0.431162,0.401398,0.396278,0.0297637
65.08,0.442603,0.401334,0.39625,0.0412692
65.085,0.438136,0.40127,0.396221,0.0368654
65.09,0.437063,0.401207,0.396193,0.0358561
65.095,0.445617,0.401145,0.396164,0.0444722
65.1,0.443848,0.401083,0.396136,0.0427654
65.105,0.447386,0.401021,0.396107,0.0463651
65.11,0.440403,0.40096,0.396079,0.0394431
65.115,0.4523,0.400899,0.39605,0.0514014
65.12,0.455473,0.400838,0.396022,0.0546346
65.125,0.457992,0.400778,0.395994,0.0572136
65.13,0.440085,0.400719,0.395965,0.0393662
65.135,0.439569,0.400659,0.395937,0.0389102
65.14,0.435136,0.4006,0.395909,0.0345354
65.145,0.439132,0.400542,0.39588,0.0385897
65.15,0.443403,0.400484,0.395852,0.0429191
65.155,0.439542,0.400426,0.395823,0.0391165
65.16,0.43619,0.400369,0.395795,0.0358217
65.165,0.445275,0.400311,0.395767,0.0449635
65.17,0.453886,0.400255,0.395738,0.0536311
65.175,0.463184,0.400198,0.39571,0.0629858
65.18,0.467208,0.400142,0.395682,0.0670656
65.185,0.456312,0.400087,0.395654,0.0562259
65.19,0.458163,0.400031,0.395625,0.0581321
65.195,0.457035,0.399976,0.395597,0.0570587
65.2,0.463061,0.399921,0.395569,0.0631402
65.205,0.459189,0.399867,0.39554,0.0593223
65.21,0.453627,0.399813,0.395512,0.0538149
65.215,0.450459,0.399759,0.395484,0.0507004
65.22,0.45389,0.399705,0.395456,0.0541853
65.225,0.466583,0.399652,0.395427,0.0669313
65.23,0.459845,0.399599,0.395399,0.0602461
65.235,0.457367,0.399546,0.395371,0.0578206
65.24,0.43826,0.399494,0.395343,0.0387665
65.245,0.442603,0.399441,0.395315,0.0431614
65.25,0.454326,0.39939,0.395286,0.0549369
65.255,0.456249,0.399338,0.395258,0.0569107
65.26,0.460715,0.399286,0.39523,0.0614284
65.265,0.454979,0.399235,0.395202,0.0557438
65.27,0.464173,0.399184,0.395174,0.0649881
65.275,0.455754,0.399134,0.395145,0.0566207
65.28,0.45905,0.399083,0.395117,0.0599662
65.285,0.449739,0.399033,0.395089,0.0507061
65.29,0.458418,0.398983,0.395061,0.0594343
65.295,0.487291,0.398934,0.395033,0.0883578
65.3,0.489459,0.398884,0.395005,0.0905748
65.305,0.483899,0.398835,0.394977,0.0850644
65.31,0.476594,0.398786,0.394949,0.0778078
65.315,0.470817,0.398737,0.39492,0.0720801
65.32,0.467734,0.398688,0.394892,0.0690455
65.325,0.478659,0.39864,0.394864,0.0800185
65.33,0.474302,0.398592,0.394836,0.0757104
65.335,0.467243,0.398544,0.394808,0.0686989
65.34,0.459217,0.398496,0.39478,0.0607206
65.345,0.440524,0.398449,0.394752,0.0420751
65.35,0.442006,0.398401,0.394724,0.0436046
65.355,0.431954,0.398354,0.394696,0.0335999
65.36,0.42573,0.398307,0.394668,0.0274225
65.365,0.425,0.39826,0.39464,0.0267401
65.37,0.425903,0.398214,0.394612,0.0276894
65.375,0.428479,0.398167,0.394584,0.0303123
65.38,0.42163,0.398121,0.394556,0.0235093
65.385,0.433599,0.398075,0.394528,0.0355238
65.39,0.447106,0.398029,0.3945,0.049077
65.395,0.458229,0.397983,0.394472,0.0602452
65.4,0.456128,0.397938,0.394444,0.0581899
65.405,0.456346,0.397892,0.394416,0.0584531
65.41,0.456951,0.397847,0.394388,0.0591042
65.415,0.452679,0.397802,0.39436,0.0548765
65.42,0.437435,0.397757,0.394332,0.0396781
65.425,0.436501,0.397713,0.394304,0.0387886
65.43,0.427261,0.397668,0.394276,0.0295931
65.435,0.421993,0.397624,0.394248,0.0243691
65.44,0.423014,0.39758,0.39422,0.0254347
65.445,0.419667,0.397535,0.394193,0.0221314
65.45,0.423164,0.397491,0.394165,0.0256722
65.455,0.429906,0.397448,0.394137,0.0324588
65.46,0.428231,0.397404,0.394109,0.0308267
65.465,0.429913,0.397361,0.394081,0.0325529
65.47,0.431192,0.397317,0.394053,0.0338746
65.475,0.430264,0.397274,0.394025,0.0329896
65.48,0.444949,0.397231,0.393998,0.0477178
65.485,0.458704,0.397188,0.39397,0.0615161
65.49,0.462175,0.397145,0.393942,0.0650293
65.495,0.462233,0.397103,0.393914,0.0651302
65.5,0.46951,0.39706,0.393886,0.0724503
65.505,0.459196,0.397018,0.393858,0.0621783
65.51,0.451169,0.396976,0.393831,0.0541935
65.515,0.435812,0.396933,0.393803,0.0388789
65.52,0.430307,0.396891,0.393775,0.0334156
65.525,0.441958,0.39685,0.393747,0.0451079
65.53,0.440612,0.396808,0.393719,0.0438044
65.535,0.441637,0.396766,0.393692,0.0448707
65.54,0.440877,0.396725,0.393664,0.0441523
65.545,0.443366,0.396683,0.393636,0.0466822
65.55,0.458527,0.396642,0.393608,0.0618848
65.555,0.448852,0.396601,0.393581,0.0522513
65.56,0.44832,0.39656,0.393553,0.0517597
65.565,0.42899,0.396519,0.393525,0.0324708
65.57,0.433877,0.396478,0.393498,0.0373989
65.575,0.437727,0.396438,0.39347,0.0412893
65.58,0.449675,0.396397,0.393442,0.0532781
65.585,0.46041,0.396357,0.393414,0.0640539
65.59,0.448457,0.396316,0.393387,0.0521404
65.595,0.450581,0.396276,0.393359,0.0543053
65.6,0.43603,0.396236,0.393331,0.0397947
65.605,0.436452,0.396196,0.393304,0.0402561
65.61,0.434935,0.396156,0.393276,0.0387792
65.615,0.437198,0.396116,0.393249,0.0410819
65.62,0.447324,0.396076,0.393221,0.0512481
65.625,0.464684,0.396037,0.393193,0.068647
65.63,0.477902,0.395997,0.393166,0.0819044
65.635,0.478639,0.395958,0.393138,0.0826818
65.64,0.470666,0.395918,0.39311,0.0747472
65.645,0.463862,0.395879,0.393083,0.0679826
65.65,0.46314,0.39584,0.393055,0.0673004
65.655,0.461511,0.395801,0.393028,0.0657096
65.66,0.463879,0.395762,0.393,0.0681167
65.665,0.446992,0.395723,0.392972,0.051269
65.67,0.433695,0.395684,0.392945,0.0380107
65.675,0.429772,0.395646,0.392917,0.0341258
65.68,0.43945,0.395607,0.39289,0.0438424
65.685,0.440375,0.395569,0.392862,0.0448067
65.69,0.424646,0.39553,0.392835,0.0291161
65.695,0.428311,0.395492,0.392807,0.0328194
65.7,0.431909,0.395454,0.39278,0.0364551
65.705,0.449224,0.395416,0.392752,0.0538087
65.71,0.450772,0.395378,0.392725,0.0553949
65.715,0.453372,0.39534,0.392697,0.0580323
65.72,0.457727,0.395302,0.39267,0.0624249
65.725,0.470741,0.395264,0.392642,0.0754771
65.73,0.463763,0.395226,0.392615,0.068537
65.735,0.455137,0.395188,0.392587,0.059949
65.74,0.439843,0.395151,0.39256,0.0446918
65.745,0.429285,0.395113,0.392532,0.0341721
65.75,0.435514,0.395076,0.392505,0.0404382
65.755,0.442994,0.395039,0.392477,0.0479552
65.76,0.439026,0.395001,0.39245,0.0440242
65.765,0.438959,0.394964,0.392423,0.0439948
65.77,0.433764,0.394927,0.392395,0.0388372
65.775,0.448261,0.39489,0.392368,0.0533711
65.78,0.464605,0.394853,0.39234,0.0697518
65.785,0.479141,0.394816,0.392313,0.0843249
65.79,0.481999,0.394779,0.392285,0.0872195
65.795,0.495244,0.394743,0.392258,0.100501
65.8,0.490363,0.394706,0.392231,0.0956574
65.805,0.476327,0.394669,0.392203,0.0816572
65.81,0.461065,0.394633,0.392176,0.0664324
65.815,0.454193,0.394596,0.392149,0.059597
65.82,0.473583,0.39456,0.392121,0.0790235
65.825,0.480348,0.394524,0.392094,0.0858241
65.83,0.481913,0.394487,0.392067,0.0874254
65.835,0.479501,0.394451,0.392039,0.0850503
65.84,0.479894,0.394415,0.392012,0.0854791
65.845,0.492184,0.394379,0.391985,0.0978046
65.85,0.489639,0.394343,0.391957,0.0952956
65.855,0.493489,0.394307,0.39193,0.0991821
65.86,0.487478,0.394271,0.391903,0.093207
65.865,0.480348,0.394235,0.391875,0.0861128
65.87,0.469644,0.3942,0.391848,0.0754443
65.875,0.464076,0.394164,0.391821,0.0699122
65.88,0.47137,0.394128,0.391794,0.0772415
65.885,0.479888,0.394093,0.391766,0.0857948
65.89,0.47911,0.394057,0.391739,0.0850527
65.895,0.471637,0.394022,0.391712,0.0776148
65.9,0.43951,0.393986,0.391685,0.0455236
65.905,0.440574,0.393951,0.391657,0.0466226
65.91,0.445349,0.393916,0.39163,0.0514335
65.915,0.451415,0.393881,0.391603,0.0575343
65.92,0.447996,0.393846,0.391576,0.0541504
65.925,0.457715,0.39381,0.391549,0.0639041
65.93,0.480715,0.393775,0.391521,0.0869399
65.935,0.486201,0.39374,0.391494,0.0924606
65.94,0.480627,0.393706,0.391467,0.0869213
65.945,0.473278,0.393671,0.39144,0.0796071
65.95,0.468266,0.393636,0.391413,0.0746303
65.955,0.482595,0.393601,0.391385,0.0889938
65.96,0.468947,0.393566,0.391358,0.0753806
65.965,0.465423,0.393532,0.391331,0.0718914
65.97,0.461833,0.393497,0.391304,0.0683357
65.975,0.450739,0.393463,0.391277,0.0572759
65.98,0.45287,0.393428,0.39125,0.0594413
65.985,0.454613,0.393394,0.391223,0.0612192
65.99,0.453406,0.393359,0.391195,0.0600462
65.995,0.460493,0.393325,0.391168,0.0671675
66,0.448437,0.393291,0.391141,0.0551462
66.005,0.452823,0.393257,0.391114,0.0595665
66.01,0.460566,0.393222,0.391087,0.0673431
66.015,0.465397,0.393188,0.39106,0.0722091
66.02,0.467541,0.393154,0.391033,0.0743871
66.025,0.452239,0.39312,0.391006,0.0591187
66.03,0.452854,0.393086,0.390979,0.0597681
66.035,0.455583,0.393052,0.390952,0.0625311
66.04,0.447825,0.393018,0.390925,0.0548068
66.045,0.442053,0.392984,0.390898,0.0490688
66.05,0.425813,0.392951,0.390871,0.0328628
66.055,0.441599,0.392917,0.390844,0.0486826
66.06,0.45642,0.392883,0.390817,0.0635369
66.065,0.470308,0.39285,0.39079,0.0774583
66.07,0.485353,0.392816,0.390762,0.0925372
66.075,0.505796,0.392782,0.390735,0.113014
66.08,0.491651,0.392749,0.390708,0.0989025
66.085,0.487853,0.392715,0.390681,0.0951377
66.09,0.464348,0.392682,0.390655,0.0716656
66.095,0.46289,0.392649,0.390628,0.0702419
66.1,0.462129,0.392615,0.390601,0.0695138
66.105,0.455917,0.392582,0.390574,0.0633353
66.11,0.447542,0.392549,0.390547,0.0549937
66.115,0.455352,0.392515,0.39052,0.0628365
66.12,0.442138,0.392482,0.390493,0.0496559
66.125,0.434198,0.392449,0.390466,0.0417493
66.13,0.438217,0.392416,0.390439,0.0458005
66.135,0.448782,0.392383,0.390412,0.0563994
66.14,0.460215,0.39235,0.390385,0.0678649
66.145,0.469295,0.392317,0.390358,0.0769782
66.15,0.455172,0.392284,0.390331,0.0628877
66.155,0.450445,0.392251,0.390304,0.0581935
66.16,0.457146,0.392218,0.390277,0.0649272
66.165,0.474632,0.392186,0.390251,0.0824459
66.17,0.470988,0.392153,0.390224,0.0788356
66.175,0.469262,0.39212,0.390197,0.0771415
66.18,0.461054,0.392087,0.39017,0.0689665
66.185,0.468652,0.392055,0.390143,0.0765972
66.19,0.478413,0.392022,0.390116,0.0863907
66.195,0.471212,0.39199,0.390089,0.0792223
66.2,0.467339,0.391957,0.390063,0.075382
66.205,0.465444,0.391925,0.390036,0.0735192
66.21,0.469391,0.391892,0.390009,0.0774993
66.215,0.462035,0.39186,0.389982,0.0701756
66.22,0.447854,0.391827,0.389955,0.0560267
66.225,0.449373,0.391795,0.389928,0.057578
66.23,0.45745,0.391763,0.389902,0.0656872
66.235,0.46608,0.39173,0.389875,0.0743495
66.24,0.459982,0.391698,0.389848,0.068284
66.245,0.463167,0.391666,0.389821,0.0715008
66.25,0.461128,0.391634,0.389794,0.0694941
66.255,0.472584,0.391602,0.389768,0.0809827
66.26,0.473637,0.39157,0.389741,0.082068
66.265,0.471906,0.391537,0.389714,0.0803689
66.27,0.462766,0.391505,0.389687,0.0712603
66.275,0.4465,0.391473,0.389661,0.0550264
66.28,0.435823,0.391441,0.389634,0.0443814
66.285,0.437632,0.39141,0.389607,0.0462228
66.29,0.442698,0.391378,0.38958,0.0513207
66.295,0.445452,0.391346,0.389554,0.0541061
66.3,0.450445,0.391314,0.389527,0.0591314
66.305,0.452688,0.391282,0.3895,0.0614062
66.31,0.451043,0.39125,0.389474,0.0597927
66.315,0.452229,0.391219,0.389447,0.0610107
66.32,0.438663,0.391187,0.38942,0.0474763
66.325,0.44927,0.391155,0.389394,0.0581148
66.33,0.462854,0.391124,0.389367,0.0717301
66.335,0.459521,0.391092,0.38934,0.0684284
66.34,0.464104,0.391061,0.389314,0.0730434
66.345,0.456138,0.390981,0.389287,0.0651573
66.35,0.457539,0.390949,0.38926,0.0665893
66.355,0.456934,0.390918,0.389234,0.066016
66.36,0.449235,0.390886,0.389207,0.0583485
66.365,0.446543,0.390855,0.38918,0.0556879
66.37,0.446301,0.390824,0.389154,0.0554777
66.375,0.438309,0.390792,0.389127,0.0475164
66.38,0.420048,0.390761,0.3891,0.0292865
66.385,0.404371,0.39073,0.389074,0.0136408
66.39,0.407861,0.390699,0.389047,0.0171627
66.395,0.403167,0.390667,0.389021,0.0125
66.4,0.418138,0.390636,0.388994,0.0275019
66.405,0.418764,0.390605,0.388967,0.0281588
66.41,0.425234,0.390574,0.388941,0.0346599
66.415,0.4396,0.390543,0.388914,0.0490574
66.42,0.440513,0.390512,0.388888,0.0500008
66.425,0.445171,0.390481,0.388861,0.05469
66.43,0.438426,0.39045,0.388835,0.0479758
66.435,0.440957,0.390419,0.388808,0.0505383
66.44,0.44613,0.390388,0.388782,0.0557417
66.445,0.456422,0.390357,0.388755,0.0660647
66.45,0.455791,0.390326,0.388728,0.0654652
66.455,0.443471,0.390295,0.388702,0.0531756
66.46,0.437242,0.390264,0.388675,0.0469781
66.465,0.427816,0.390234,0.388649,0.0375823
66.47,0.440288,0.390203,0.388622,0.050085
66.475,0.437472,0.390172,0.388596,0.0472998
66.48,0.440623,0.390141,0.388569,0.0504819
66.485,0.435104,0.390111,0.388543,0.044993
66.49,0.440723,0.39008,0.388516,0.0506434
66.495,0.445067,0.390049,0.38849,0.0550173
66.5,0.457181,0.390019,0.388463,0.0671622
66.505,0.457156,0.389988,0.388437,0.0671676
66.51,0.470434,0.389958,0.388411,0.080477
66.515,0.468745,0.389927,0.388384,0.0788179
66.52,0.465326,0.389896,0.388358,0.07543
66.525,0.447585,0.389866,0.388331,0.0577186
66.53,0.43535,0.389836,0.388305,0.0455146
66.535,0.431019,0.389805,0.388278,0.0412144
66.54,0.434545,0.389775,0.388252,0.0447707
66.545,0.442251,0.389744,0.388226,0.0525071
66.55,0.444407,0.389714,0.388199,0.0546934
66.555,0.461398,0.389684,0.388173,0.0717147
66.56,0.468073,0.389653,0.388146,0.0784196
66.565,0.466085,0.389623,0.38812,0.0764621
66.57,0.46513,0.389593,0.388094,0.0755377
66.575,0.450389,0.389562,0.388067,0.0608269
66.58,0.439158,0.389532,0.388041,0.0496257
66.585,0.428494,0.389502,0.388014,0.0389918
66.59,0.431177,0.389472,0.387988,0.0417051
66.595,0.433658,0.389442,0.387962,0.0442161
66.6,0.445355,0.389412,0.387935,0.0559431
66.605,0.44458,0.389382,0.387909,0.0551987
66.61,0.443497,0.389351,0.387883,0.0541458
66.615,0.448087,0.389321,0.387856,0.0587653
66.62,0.457023,0.389291,0.38783,0.0677313
66.625,0.465864,0.389261,0.387804,0.0766024
66.63,0.474279,0.389231,0.387777,0.0850472
66.635,0.46435,0.389202,0.387751,0.0751484
66.64,0.450267,0.389172,0.387725,0.0610957
66.645,0.442979,0.389142,0.387698,0.0538369
66.65,0.455017,0.389112,0.387672,0.0659051
66.655,0.468458,0.389082,0.387646,0.0793762
66.66,0.467466,0.389052,0.38762,0.0784142
66.665,0.444024,0.389022,0.387593,0.0550022
66.67,0.424561,0.388992,0.387567,0.0355686
66.675,0.421187,0.388963,0.387541,0.0322241
66.68,0.417029,0.388933,0.387514,0.0280964
66.685,0.406025,0.388903,0.387488,0.0171218
66.69,0.41487,0.388874,0.387462,0.0259961
66.695,0.418008,0.388844,0.387436,0.0291641
66.7,0.430589,0.388814,0.387409,0.0417747
66.705,0.436375,0.388785,0.387383,0.0475909
66.71,0.433163,0.388755,0.387357,0.0444078
66.715,0.429101,0.388725,0.387331,0.0403758
66.72,0.421505,0.388696,0.387305,0.0328091
66.725,0.40758,0.388666,0.387278,0.0189135
66.73,0.419478,0.388637,0.387252,0.0308415
66.735,0.432532,0.388607,0.387226,0.0439246
66.74,0.434357,0.388578,0.3872,0.0457793
66.745,0.431268,0.388548,0.387174,0.0427202
66.75,0.427824,0.388519,0.387147,0.0393052
66.755,0.415145,0.388489,0.387121,0.0266554
66.76,0.412494,0.38846,0.387095,0.0240344
66.765,0.399539,0.38843,0.387069,0.0111083
66.77,0.403691,0.388401,0.387043,0.01529
66.775,0.406833,0.388372,0.387017,0.0184613
66.78,0.415424,0.388342,0.38699,0.0270813
66.785,0.423198,0.388313,0.386964,0.0348853
66.79,0.423998,0.388284,0.386938,0.0357139
66.795,0.423838,0.388255,0.386912,0.0355832
66.8,0.425573,0.388225,0.386886,0.0373477
66.805,0.429682,0.388196,0.38686,0.0414861
66.81,0.435075,0.388167,0.386834,0.0469086
66.815,0.433004,0.388138,0.386807,0.0448661
66.82,0.422745,0.388108,0.386781,0.0346361
66.825,0.418992,0.388079,0.386755,0.0309123
66.83,0.412573,0.38805,0.386729,0.0245227
66.835,0.422042,0.388021,0.386703,0.0340212
66.84,0.435411,0.387992,0.386677,0.0474194
66.845,0.446951,0.387963,0.386651,0.0589881
66.85,0.438331,0.387934,0.386625,0.0503975
66.855,0.432331,0.387905,0.386599,0.044426
66.86,0.421168,0.387876,0.386573,0.0332918
66.865,0.41712,0.387847,0.386547,0.0292732
66.87,0.405714,0.387818,0.386521,0.0178962
66.875,0.391044,0.387789,0.386495,0.00325508
66.88,0.392549,0.38776,0.386469,0.00478873
66.885,0.390936,0.387731,0.386443,0.00320535
66.89,0.404001,0.387702,0.386416,0.0162991
66.895,0.407816,0.387673,0.38639,0.020143
66.9,0.412322,0.387644,0.386364,0.0246775
66.905,0.422193,0.387615,0.386338,0.0345776
66.91,0.419322,0.387587,0.386312,0.0317355
66.915,0.419889,0.387558,0.386286,0.032331
66.92,0.408139,0.387529,0.38626,0.0206097
66.925,0.392594,0.3875,0.386234,0.00509427
66.93,0.390387,0.387471,0.386208,0.00291586
66.935,0.411132,0.387443,0.386182,0.0236892
66.94,0.426625,0.387414,0.386156,0.0392111
66.945,0.429362,0.387385,0.38613,0.041977
66.95,0.421871,0.387357,0.386105,0.0345141
66.955,0.408819,0.387328,0.386079,0.0214911
66.96,0.416632,0.387299,0.386053,0.0293333
66.965,0.408552,0.387271,0.386027,0.0212811
66.97,0.402301,0.387242,0.386001,0.015059
66.975,0.388327,0.387213,0.385975,0.00111372
66.98,0.387843,0.387185,0.385949,0.000658161
66.985,0.394743,0.387156,0.385923,0.00758698
66.99,0.402875,0.387128,0.385897,0.0157474
66.995,0.416086,0.387099,0.385871,0.0289868
67,0.404626,0.38707,0.385845,0.017556
67.005,0.408593,0.387042,0.385819,0.0215507
67.01,0.399607,0.387013,0.385793,0.0125937
67.015,0.409396,0.386985,0.385767,0.0224111
67.02,0.416859,0.386957,0.385742,0.0299023
67.025,0.426018,0.386928,0.385716,0.03909
67.03,0.422248,0.3869,0.38569,0.0353486
67.035,0.41255,0.386871,0.385664,0.0256791
67.04,0.398193,0.386843,0.385638,0.0113504
67.045,0.397729,0.386814,0.385612,0.0109148
67.05,0.400452,0.386786,0.385586,0.0136654
67.055,0.390783,0.386758,0.38556,0.00402543
67.06,0.397603,0.386729,0.385535,0.0108738
67.065,0.405808,0.386701,0.385509,0.0191071
67.07,0.40747,0.386673,0.385483,0.0207972
67.075,0.403792,0.386645,0.385457,0.0171473
67.08,0.398247,0.386616,0.385431,0.0116303
67.085,0.386099,0.386588,0.385405,-0.00048947
67.09,0.385495,0.38656,0.38538,-0.00106447
67.095,0.373332,0.386532,0.385354,-0.0131998
67.1,0.368378,0.386503,0.385328,-0.0181256
67.105,0.383116,0.386475,0.385302,-0.00335873
67.11,0.391664,0.386447,0.385276,0.00521738
67.115,0.398264,0.386419,0.385251,0.0118448
67.12,0.399148,0.386391,0.385225,0.0127572
67.125,0.399519,0.386363,0.385199,0.013156
67.13,0.404996,0.386334,0.385173,0.018662
67.135,0.400695,0.386306,0.385147,0.0143883
67.14,0.387162,0.386278,0.385122,0.000884177
67.145,0.374502,0.38625,0.385096,-0.0117487
67.15,0.379597,0.386222,0.38507,-0.00662546
67.155,0.409598,0.386194,0.385044,0.0234035
67.16,0.422602,0.386166,0.385019,0.0364358
67.165,0.423404,0.386138,0.384993,0.0372659
67.17,0.410825,0.38611,0.384967,0.0247144
67.175,0.399414,0.386082,0.384941,0.0133316
67.18,0.395255,0.386054,0.384916,0.00920075
67.185,0.377063,0.386026,0.38489,-0.00896334
67.19,0.357276,0.385998,0.384864,-0.0287219
67.195,0.351855,0.38597,0.384838,-0.0341152
67.2,0.362095,0.385943,0.384813,-0.0238471
67.205,0.366577,0.385915,0.384787,-0.0193377
67.21,0.370251,0.385887,0.384761,-0.0156353
67.215,0.372589,0.385859,0.384736,-0.0132697
67.22,0.380738,0.385831,0.38471,-0.00509336
67.225,0.393426,0.385803,0.384684,0.00762256
67.23,0.385528,0.385775,0.384659,-0.000247632
67.235,0.391563,0.385748,0.384633,0.00581493
67.24,0.380303,0.38572,0.384607,-0.00541703
67.245,0.385858,0.385692,0.384582,0.000166307
67.25,0.392824,0.385664,0.384556,0.00715935
67.255,0.390562,0.385637,0.38453,0.00492514
67.26,0.396779,0.385609,0.384505,0.0111703
67.265,0.398749,0.385581,0.384479,0.0131675
67.27,0.399325,0.385553,0.384453,0.013772
67.275,0.40322,0.385526,0.384428,0.0176938
67.28,0.400379,0.385498,0.384402,0.014881
67.285,0.400116,0.38547,0.384376,0.0146461
67.29,0.381126,0.385443,0.384351,-0.00431621
67.295,0.391075,0.385415,0.384325,0.00565959
67.3,0.377532,0.385387,0.384299,-0.00785529
67.305,0.379653,0.38536,0.384274,-0.00570687
67.31,0.382186,0.385332,0.384248,-0.00314609
67.315,0.381573,0.385305,0.384223,-0.00373207
67.32,0.393107,0.385277,0.384197,0.00782971
67.325,0.409255,0.38525,0.384171,0.024005
67.33,0.418961,0.385222,0.384146,0.0337394
67.335,0.424455,0.385194,0.38412,0.0392609
67.34,0.42618,0.385167,0.384095,0.0410135
67.345,0.410793,0.385139,0.384069,0.025654
67.35,0.405268,0.385112,0.384044,0.0201556
67.355,0.38037,0.385085,0.384018,-0.00471469
67.36,0.374943,0.385057,0.383992,-0.0101141
67.365,0.374868,0.38503,0.383967,-0.0101619
67.37,0.376646,0.385002,0.383941,-0.00835617
67.375,0.393799,0.384975,0.383916,0.00882388
67.38,0.387618,0.384947,0.38389,0.00267094
67.385,0.390647,0.38492,0.383865,0.00572701
67.39,0.389974,0.384893,0.383839,0.00508119
67.395,0.384317,0.384865,0.383814,-0.000548162
67.4,0.386638,0.384838,0.383788,0.00180018
67.405,0.379456,0.384811,0.383763,-0.00535412
67.41,0.3871,0.384783,0.383737,0.00231643
67.415,0.384929,0.384756,0.383712,0.000173279
67.42,0.394547,0.384729,0.383686,0.00981832
67.425,0.408308,0.384701,0.383661,0.0236066
67.43,0.411989,0.384674,0.383635,0.0273148
67.435,0.404389,0.384647,0.38361,0.0197424
67.44,0.388032,0.384619,0.383584,0.00341206
67.445,0.358539,0.384592,0.383559,-0.0260534
67.45,0.342682,0.384565,0.383533,-0.0418831
67.455,0.342352,0.384538,0.383508,-0.0421854
67.46,0.348286,0.384511,0.383482,-0.0362242
67.465,0.347283,0.384483,0.383457,-0.0372006
67.47,0.356226,0.384456,0.383431,-0.02823
67.475,0.351075,0.384429,0.383406,-0.0333545
67.48,0.363579,0.384402,0.38338,-0.0208229
67.485,0.38502,0.384375,0.383355,0.00064487
67.49,0.390926,0.384348,0.383329,0.00657861
67.495,0.39788,0.384321,0.383304,0.0135591
67.5,0.39077,0.384293,0.383278,0.00647636
67.505,0.387829,0.384266,0.383253,0.00356305
67.51,0.381908,0.384239,0.383228,-0.00233089
67.515,0.378088,0.384212,0.383202,-0.00612393
67.52,0.370731,0.384185,0.383177,-0.0134538
67.525,0.378221,0.384158,0.383151,-0.0059367
67.53,0.387784,0.384131,0.383126,0.00365276
67.535,0.386059,0.384104,0.383101,0.00195483
67.54,0.37162,0.384077,0.383075,-0.0124569
67.545,0.371022,0.38405,0.38305,-0.0130284
67.55,0.385661,0.384023,0.383024,0.00163784
67.555,0.403104,0.383996,0.382999,0.0191082
67.56,0.407062,0.383969,0.382974,0.023093
67.565,0.396044,0.383942,0.382948,0.0121014
67.57,0.383069,0.383915,0.382923,-0.000846136
67.575,0.373594,0.383888,0.382897,-0.0102944
67.58,0.386113,0.383861,0.382872,0.00225131
67.585,0.389565,0.383835,0.382847,0.00573013
67.59,0.394172,0.383808,0.382821,0.0103648
67.595,0.387303,0.383781,0.382796,0.00352265
67.6,0.37589,0.383754,0.382771,-0.00786365
67.605,0.386173,0.383727,0.382745,0.00244607
67.61,0.392749,0.3837,0.38272,0.00904877
67.615,0.398069,0.383673,0.382695,0.0143955
67.62,0.405843,0.383647,0.382669,0.0221961
67.625,0.404693,0.38362,0.382644,0.0210731
67.63,0.413387,0.383593,0.382619,0.029794
67.635,0.419634,0.383566,0.382593,0.0360675
67.64,0.409821,0.38354,0.382568,0.0262817
67.645,0.41166,0.383513,0.382543,0.0281471
67.65,0.400229,0.383486,0.382517,0.0167432
67.655,0.40321,0.383459,0.382492,0.0197507
67.66,0.39721,0.383433,0.382467,0.0137771
67.665,0.389796,0.383406,0.382442,0.0063901
67.67,0.37853,0.383379,0.382416,-0.00484953
67.675,0.387664,0.383352,0.382391,0.00431186
67.68,0.379304,0.383326,0.382366,-0.00402198
67.685,0.383845,0.383299,0.38234,0.000545474
67.69,0.368419,0.383273,0.382315,-0.014854
67.695,0.362062,0.383246,0.38229,-0.0211841
67.7,0.36648,0.383219,0.382265,-0.0167391
67.705,0.37636,0.383193,0.382239,-0.00683307
67.71,0.385354,0.383166,0.382214,0.00218798
67.715,0.396788,0.383139,0.382189,0.0136481
67.72,0.39989,0.383113,0.382164,0.0167771
67.725,0.398635,0.383086,0.382138,0.0155486
67.73,0.397381,0.38306,0.382113,0.0143211
67.735,0.375656,0.383033,0.382088,-0.00737716
67.74,0.356429,0.383007,0.382063,-0.0265778
67.745,0.339341,0.38298,0.382037,-0.0436396
67.75,0.333525,0.382954,0.382012,-0.0494283
67.755,0.356501,0.382927,0.381987,-0.0264261
67.76,0.370388,0.382901,0.381962,-0.0125122
67.765,0.381194,0.382874,0.381936,-0.00168055
67.77,0.390476,0.382848,0.381911,0.00762844
67.775,0.385616,0.382821,0.381886,0.00279477
67.78,0.38461,0.382795,0.381861,0.00181487
67.785,0.382232,0.382768,0.381836,-0.00053672
67.79,0.378769,0.382742,0.38181,-0.00397331
67.795,0.382421,0.382716,0.381785,-0.000294683
67.8,0.383084,0.382689,0.38176,0.000395026
67.805,0.377211,0.382663,0.381735,-0.00545205
67.81,0.365729,0.382636,0.38171,-0.0169078
67.815,0.360038,0.38261,0.381685,-0.0225718
67.82,0.362688,0.382584,0.381659,-0.0198952
67.825,0.370031,0.382557,0.381634,-0.0125259
67.83,0.370984,0.382531,0.381609,-0.0115471
67.835,0.369183,0.382505,0.381584,-0.0133214
67.84,0.371045,0.382478,0.381559,-0.0114333
67.845,0.368879,0.382452,0.381534,-0.0135734
67.85,0.381476,0.382426,0.381508,-0.00094962
67.855,0.388856,0.3824,0.381483,0.00645679
67.86,0.407851,0.382373,0.381458,0.0254777
67.865,0.407458,0.382347,0.381433,0.0251109
67.87,0.409262,0.382321,0.381408,0.0269416
67.875,0.392661,0.382295,0.381383,0.0103663
67.88,0.39024,0.382268,0.381358,0.00797151
67.885,0.387796,0.382242,0.381333,0.00555421
67.89,0.385909,0.382216,0.381307,0.00369276
67.895,0.37869,0.38219,0.381282,-0.00349926
67.9,0.386475,0.382164,0.381257,0.00431191
67.905,0.397534,0.382137,0.381232,0.0153969
67.91,0.394866,0.382111,0.381207,0.0127547
67.915,0.3834,0.382085,0.381182,0.00131473
67.92,0.374221,0.382059,0.381157,-0.0078376
67.925,0.37377,0.382033,0.381132,-0.00826263
67.93,0.370456,0.382007,0.381107,-0.0115505
67.935,0.356068,0.381981,0.381082,-0.0259129
67.94,0.344399,0.381955,0.381056,-0.0375553
67.945,0.35229,0.381929,0.381031,-0.0296383
67.95,0.36277,0.381903,0.381006,-0.0191324
67.955,0.377024,0.381876,0.380981,-0.00485235
67.96,0.378738,0.38185,0.380956,-0.00311208
67.965,0.382251,0.381824,0.380931,0.000426386
67.97,0.388589,0.381798,0.380906,0.00679023
67.975,0.384009,0.381772,0.380881,0.00223681
67.98,0.393222,0.381746,0.380856,0.0114756
67.985,0.408543,0.38172,0.380831,0.0268226
67.99,0.398342,0.381694,0.380806,0.0166474
67.995,0.389854,0.381669,0.380781,0.00818561
68,0.379747,0.381643,0.380756,-0.00189539
68.005,0.370516,0.381617,0.380731,-0.0111011
68.01,0.371476,0.381591,0.380706,-0.0101151
68.015,0.370611,0.381565,0.380681,-0.0109542
68.02,0.367481,0.381539,0.380656,-0.0140584
68.025,0.366776,0.381513,0.380631,-0.014737
68.03,0.373176,0.381487,0.380606,-0.00831085
68.035,0.36849,0.381461,0.380581,-0.0129715
68.04,0.379897,0.381435,0.380556,-0.00153799
68.045,0.379337,0.38141,0.380531,-0.00207228
68.05,0.380119,0.381384,0.380506,-0.00126523
68.055,0.374022,0.381358,0.380481,-0.00733587
68.06,0.370298,0.381332,0.380456,-0.0110343
68.065,0.367932,0.381306,0.380431,-0.0133746
68.07,0.370435,0.381281,0.380406,-0.0108452
68.075,0.380908,0.381255,0.380381,-0.000346593
68.08,0.392032,0.381229,0.380356,0.0108029
68.085,0.393313,0.381203,0.380331,0.0121096
68.09,0.393771,0.381178,0.380306,0.012593
68.095,0.382931,0.381152,0.380281,0.00177933
68.1,0.381057,0.381126,0.380256,-6.87689e-05
68.105,0.371408,0.3811,0.380231,-0.00969225
68.11,0.356657,0.381075,0.380206,-0.024418
68.115,0.353725,0.381049,0.380181,-0.0273242
68.12,0.364303,0.381023,0.380156,-0.0167209
68.125,0.370064,0.380998,0.380131,-0.0109341
68.13,0.374958,0.380972,0.380106,-0.00601376
68.135,0.373769,0.380946,0.380081,-0.00717775
68.14,0.373921,0.380921,0.380056,-0.00700021
68.145,0.389837,0.380895,0.380031,0.00894174
68.15,0.38302,0.38087,0.380006,0.00215008
68.155,0.375812,0.380844,0.379982,-0.00503208
68.16,0.373144,0.380819,0.379957,-0.00767426
68.165,0.363239,0.380793,0.379932,-0.0175542
68.17,0.370677,0.380767,0.379907,-0.0100906
68.175,0.370075,0.380742,0.379882,-0.010667
68.18,0.371606,0.380716,0.379857,-0.00911069
68.185,0.367901,0.380691,0.379832,-0.0127895
68.19,0.363679,0.380665,0.379807,-0.0169862
68.195,0.35833,0.38064,0.379782,-0.0223101
68.2,0.370812,0.380614,0.379757,-0.00980271
68.205,0.371754,0.380589,0.379732,-0.00883512
68.21,0.368741,0.380564,0.379708,-0.0118225
68.215,0.365466,0.380538,0.379683,-0.0150726
68.22,0.375368,0.380513,0.379658,-0.00514429
68.225,0.387161,0.380487,0.379633,0.0066739
68.23,0.390348,0.380462,0.379608,0.00988634
68.235,0.376671,0.380437,0.379583,-0.00376572
68.24,0.363862,0.380411,0.379558,-0.0165495
68.245,0.353915,0.380386,0.379533,-0.0264707
68.25,0.345251,0.380361,0.379509,-0.0351097
68.255,0.332316,0.380335,0.379484,-0.0480195
68.26,0.328097,0.38031,0.379459,-0.0522131
68.265,0.333037,0.380285,0.379434,-0.0472477
68.27,0.339301,0.380259,0.379409,-0.0409581
68.275,0.347434,0.380234,0.379384,-0.0328003
68.28,0.353952,0.380209,0.379359,-0.0262566
68.285,0.358203,0.380184,0.379335,-0.0219801
68.29,0.356797,0.380158,0.37931,-0.0233609
68.295,0.354326,0.380133,0.379285,-0.0258066
68.3,0.357379,0.380108,0.37926,-0.0227293
68.305,0.363486,0.380083,0.379235,-0.0165971
68.31,0.365282,0.380057,0.37921,-0.0147755
68.315,0.37501,0.380032,0.379186,-0.00502203
68.32,0.385324,0.380007,0.379161,0.0053164
68.325,0.391192,0.379982,0.379136,0.0112095
68.33,0.385926,0.379957,0.379111,0.00596935
68.335,0.372087,0.379932,0.379086,-0.00784527
68.34,0.380684,0.379907,0.379062,0.000776843
68.345,0.384966,0.379882,0.379037,0.00508443
68.35,0.385321,0.379857,0.379012,0.00546464
68.355,0.375456,0.379832,0.378987,-0.00437582
68.36,0.372263,0.379807,0.378962,-0.00754328
68.365,0.372492,0.379782,0.378938,-0.00728913
68.37,0.377926,0.379757,0.378913,-0.00183041
68.375,0.379484,0.379732,0.378888,-0.000247813
68.38,0.384919,0.379707,0.378863,0.00521294
68.385,0.389953,0.379682,0.378838,0.0102713
68.39,0.390571,0.379657,0.378814,0.0109139
68.395,0.381405,0.379632,0.378789,0.00177281
68.4,0.376305,0.379607,0.378764,-0.0033016
68.405,0.360998,0.379582,0.378739,-0.0185835
68.41,0.350284,0.379557,0.378715,-0.0292728
68.415,0.34531,0.379532,0.37869,-0.0342219
68.42,0.35355,0.379507,0.378665,-0.0259572
68.425,0.368283,0.379482,0.37864,-0.0111993
68.43,0.375119,0.379458,0.378616,-0.00433865
68.435,0.380364,0.379433,0.378591,0.000930817
68.44,0.387672,0.379408,0.378566,0.0082638
68.445,0.386236,0.379383,0.378541,0.00685271
68.45,0.395104,0.379359,0.378517,0.0157454
68.455,0.38668,0.379334,0.378492,0.00734597
68.46,0.389113,0.379309,0.378467,0.00980411
68.465,0.391688,0.379284,0.378442,0.0124035
68.47,0.398879,0.37926,0.378418,0.0196195
68.475,0.406526,0.379235,0.378393,0.0272907
68.48,0.400488,0.37921,0.378368,0.0212773
68.485,0.394706,0.379186,0.378344,0.0155202
68.49,0.383186,0.379161,0.378319,0.00402435
68.495,0.370959,0.379137,0.378294,-0.00817723
68.5,0.36743,0.379112,0.378269,-0.0116818
68.505,0.355727,0.379087,0.378245,-0.0233601
68.51,0.352517,0.379063,0.37822,-0.0265462
68.515,0.369529,0.379038,0.378195,-0.0095092
68.52,0.378623,0.379014,0.378171,-0.000390716
68.525,0.388908,0.378989,0.378146,0.00991854
68.53,0.390861,0.378965,0.378121,0.0118961
68.535,0.383987,0.378941,0.378097,0.00504601
68.54,0.380775,0.378916,0.378072,0.00185928
68.545,0.385476,0.378892,0.378047,0.0065845
68.55,0.388735,0.378867,0.378022,0.00986724
68.555,0.383401,0.378843,0.377998,0.00455764
68.56,0.369973,0.378819,0.377973,-0.0088455
68.565,0.359694,0.378794,0.377948,-0.0191007
68.57,0.356855,0.37877,0.377924,-0.0219152
68.575,0.373516,0.378746,0.377899,-0.00522998
68.58,0.373531,0.378721,0.377874,-0.00519072
68.585,0.369184,0.378697,0.37785,-0.00951349
68.59,0.379901,0.378673,0.377825,0.00122805
68.595,0.392212,0.378649,0.3778,0.0135633
68.6,0.391027,0.378625,0.377776,0.0124022
68.605,0.384428,0.3786,0.377751,0.00582791
68.61,0.368123,0.378576,0.377727,-0.0104537
68.615,0.366229,0.378552,0.377702,-0.0123237
68.62,0.378201,0.378528,0.377677,-0.0003275
68.625,0.384851,0.378504,0.377653,0.00634678
68.63,0.380134,0.37848,0.377628,0.00165407
68.635,0.372388,0.378456,0.377603,-0.00606789
68.64,0.368949,0.378432,0.377579,-0.00948276
68.645,0.37575,0.378408,0.377554,-0.00265806
68.65,0.390018,0.378384,0.377529,0.0116335
68.655,0.393892,0.37836,0.377505,0.015532
68.66,0.399008,0.378336,0.37748,0.0206716
68.665,0.39872,0.378313,0.377456,0.0204071
68.67,0.397082,0.378289,0.377431,0.0187928
68.675,0.394169,0.378265,0.377406,0.0159041
68.68,0.393649,0.378241,0.377382,0.015408
68.685,0.387953,0.378217,0.377357,0.00973587
68.69,0.396584,0.378194,0.377333,0.0183903
68.695,0.398895,0.37817,0.377308,0.0207253
68.7,0.392168,0.378146,0.377283,0.0140219
68.705,0.380885,0.378123,0.377259,0.00276208
68.71,0.369192,0.378099,0.377234,-0.00890751
68.715,0.375504,0.378076,0.37721,-0.00257181
68.72,0.373941,0.378052,0.377185,-0.00411108
68.725,0.368994,0.378028,0.37716,-0.00903494
68.73,0.364378,0.378005,0.377136,-0.0136271
68.735,0.363481,0.377982,0.377111,-0.0145007
68.74,0.365185,0.377958,0.377087,-0.0127732
68.745,0.369313,0.377935,0.377062,-0.00862142
68.75,0.356055,0.377911,0.377037,-0.0218566
68.755,0.354853,0.377888,0.377013,-0.0230352
68.76,0.361085,0.377865,0.376988,-0.0167802
68.765,0.361932,0.377841,0.376964,-0.0159092
68.77,0.360554,0.377818,0.376939,-0.0172639
68.775,0.349963,0.377795,0.376915,-0.0278324
68.78,0.350295,0.377772,0.37689,-0.0274767
68.785,0.350658,0.377749,0.376865,-0.0270905
68.79,0.357041,0.377726,0.376841,-0.0206849
68.795,0.366994,0.377703,0.376816,-0.0107088
68.8,0.376185,0.37768,0.376792,-0.00149478
68.805,0.376742,0.377657,0.376767,-0.000914494
68.81,0.371533,0.377634,0.376743,-0.00610121
68.815,0.363667,0.377611,0.376718,-0.0139442
68.82,0.368313,0.377588,0.376694,-0.00927505
68.825,0.367901,0.377565,0.376669,-0.00966471
68.83,0.359744,0.377542,0.376645,-0.0177983
68.835,0.367001,0.37752,0.37662,-0.0105192
68.84,0.37258,0.377497,0.376596,-0.00491754
68.845,0.385599,0.377474,0.376571,0.00812503
68.85,0.389189,0.377452,0.376546,0.0117367
68.855,0.381202,0.377429,0.376522,0.00377225
68.86,0.374828,0.377407,0.376497,-0.00257891
68.865,0.370904,0.377384,0.376473,-0.00648014
68.87,0.367164,0.377362,0.376448,-0.0101979
68.875,0.365978,0.37734,0.376424,-0.0113617
68.88,0.362072,0.377317,0.376399,-0.0152457
68.885,0.367219,0.377295,0.376375,-0.010076
68.89,0.376342,0.377273,0.37635,-0.000930413
68.895,0.389572,0.377251,0.376326,0.012321
68.9,0.391226,0.377229,0.376301,0.0139972
68.905,0.384165,0.377207,0.376277,0.00695869
68.91,0.38383,0.377185,0.376252,0.00664519
68.915,0.376145,0.377163,0.376228,-0.00101813
68.92,0.377026,0.377141,0.376203,-0.000114949
68.925,0.375476,0.377119,0.376179,-0.00164357
68.93,0.36264,0.377097,0.376154,-0.0144577
68.935,0.364814,0.377076,0.37613,-0.0122616
68.94,0.358925,0.377054,0.376105,-0.0181291
68.945,0.357603,0.377032,0.376081,-0.0194295
68.95,0.372086,0.377011,0.376056,-0.00492526
68.955,0.367959,0.37699,0.376032,-0.00903077
68.96,0.365071,0.376968,0.376007,-0.0118972
68.965,0.368404,0.376947,0.375983,-0.00854313
68.97,0.360918,0.376926,0.375958,-0.0160077
68.975,0.359771,0.376905,0.375934,-0.0171335
68.98,0.35901,0.376884,0.37591,-0.017874
68.985,0.349778,0.376863,0.375885,-0.0270848
68.99,0.35478,0.376842,0.375861,-0.0220612
68.995,0.362781,0.376821,0.375836,-0.0140396
69,0.361391,0.3768,0.375812,-0.0154088
69.005,0.366717,0.37678,0.375787,-0.0100626
69.01,0.361309,0.376759,0.375763,-0.01545
69.015,0.36885,0.376739,0.375738,-0.00788816
69.02,0.373362,0.376718,0.375714,-0.0033566
69.025,0.369189,0.376698,0.375689,-0.00750928
69.03,0.372475,0.376678,0.375665,-0.00420289
69.035,0.359763,0.376658,0.375641,-0.0168943
69.04,0.359058,0.376638,0.375616,-0.0175796
69.045,0.353883,0.376618,0.375592,-0.0227346
69.05,0.355282,0.376598,0.375567,-0.0213167
69.055,0.347544,0.376579,0.375543,-0.0290343
69.06,0.359248,0.376559,0.375518,-0.017311
69.065,0.365743,0.37654,0.375494,-0.0107966
69.07,0.366982,0.376521,0.375469,-0.00953877
69.075,0.364521,0.376502,0.375445,-0.0119809
69.08,0.366105,0.376483,0.375421,-0.0103782
69.085,0.368641,0.376464,0.375396,-0.00782333
69.09,0.377588,0.376446,0.375372,0.00114233
69.095,0.369165,0.376427,0.375347,-0.00726231
69.1,0.368885,0.376409,0.375323,-0.00752353
69.105,0.370698,0.376391,0.375299,-0.00569271
69.11,0.381863,0.376373,0.375274,0.00548976
69.115,0.376909,0.376356,0.37525,0.000553201
69.12,0.363867,0.376338,0.375225,-0.0124716
69.125,0.359468,0.376321,0.375201,-0.0168531
69.13,0.365198,0.376304,0.375176,-0.0111065
69.135,0.376432,0.376288,0.375152,0.000143734
69.14,0.371598,0.376272,0.375128,-0.00467404
69.145,0.34698,0.376256,0.375103,-0.0292753
69.15,0.351506,0.37624,0.375079,-0.024734
69.155,0.359959,0.376225,0.375054,-0.0162658
69.16,0.366327,0.37621,0.37503,-0.00988306
69.165,0.368549,0.376196,0.375006,-0.00764656
69.17,0.369017,0.376182,0.374981,-0.00716497
69.175,0.380278,0.376168,0.374957,0.00411052
69.18,0.384297,0.376155,0.374932,0.00814227
69.185,0.382685,0.376142,0.374908,0.00654304
69.19,0.368773,0.37613,0.374884,-0.00735728
69.195,0.36405,0.376119,0.374859,-0.012069
69.2,0.365126,0.376108,0.374835,-0.0109817
69.205,0.369213,0.376098,0.374811,-0.0068848
69.21,0.36901,0.376089,0.374786,-0.00707901
69.215,0.358269,0.37608,0.374762,-0.0178107
69.22,0.349749,0.376072,0.374737,-0.0263234
69.225,0.34675,0.376065,0.374713,-0.0293156
69.23,0.348937,0.37606,0.374689,-0.0271222
69.235,0.348699,0.376055,0.374664,-0.0273557
69.24,0.361602,0.376051,0.37464,-0.0144485
69.245,0.356466,0.376048,0.374616,-0.0195826
69.25,0.363026,0.376047,0.374591,-0.0130203
69.255,0.350054,0.376047,0.374567,-0.0259931
69.26,0.349813,0.376048,0.374542,-0.0262346
69.265,0.358879,0.376051,0.374518,-0.0171717
69.27,0.367379,0.376055,0.374494,-0.00867612
69.275,0.366057,0.376061,0.374469,-0.0100049
69.28,0.374243,0.376069,0.374445,-0.00182689
69.285,0.362707,0.376079,0.374421,-0.0133728
69.29,0.370964,0.376091,0.374396,-0.00512725
69.295,0.366166,0.376105,0.374372,-0.00993961
69.3,0.372184,0.376122,0.374348,-0.00393777
69.305,0.370286,0.376141,0.374323,-0.00585452
69.31,0.36749,0.37615,0.374299,-0.00865912
69.315,0.359023,0.376174,0.374275,-0.0171506
69.32,0.354822,0.376201,0.37425,-0.0213791
69.325,0.353903,0.376231,0.374226,-0.0223288
69.33,0.367245,0.376265,0.374202,-0.00901974
69.335,0.367959,0.376302,0.374177,-0.00834229
69.34,0.382544,0.376342,0.374153,0.006202
69.345,0.379547,0.376387,0.374129,0.00315987
69.35,0.382135,0.376435,0.374104,0.00569973
69.355,0.375707,0.376488,0.37408,-0.000780477
69.36,0.369317,0.376545,0.374056,-0.00722737
69.365,0.365792,0.376606,0.374031,-0.0108149
69.37,0.369165,0.376673,0.374007,-0.00750762
69.375,0.356243,0.376745,0.373983,-0.0205011
69.38,0.34904,0.376821,0.373958,-0.0277819
69.385,0.347194,0.376904,0.373934,-0.0297098
69.39,0.3563,0.376992,0.37391,-0.0206924
69.395,0.365503,0.377086,0.373885,-0.0115836
69.4,0.369555,0.377187,0.373861,-0.00763234
69.405,0.357155,0.377294,0.373837,-0.0201391
69.41,0.356083,0.377408,0.373812,-0.0213251
69.415,0.358912,0.377529,0.373788,-0.0186169
69.42,0.361381,0.377657,0.373764,-0.016276
69.425,0.359517,0.377793,0.37374,-0.0182756
69.43,0.362074,0.377936,0.373715,-0.0158617
69.435,0.369049,0.378087,0.373691,-0.00903853
69.44,0.375213,0.378247,0.373667,-0.00303422
69.445,0.369458,0.378415,0.373642,-0.00895699
69.45,0.359932,0.378592,0.373618,-0.0186599
69.455,0.354103,0.378778,0.373594,-0.0246745
69.46,0.365154,0.378972,0.373569,-0.0138182
69.465,0.375901,0.379177,0.373545,-0.0032759
69.47,0.387824,0.37939,0.373521,0.00843318
69.475,0.382735,0.379614,0.373497,0.00312079
69.48,0.386804,0.379847,0.373472,0.00695651
69.485,0.372013,0.38009,0.373448,-0.00807725
69.49,0.363158,0.380344,0.373424,-0.0171855
69.495,0.340528,0.380608,0.373399,-0.0400796
69.5,0.322017,0.380882,0.373375,-0.0588651
69.505,0.324601,0.381166,0.373351,-0.0565653
69.51,0.333238,0.381462,0.373327,-0.0482231
69.515,0.344133,0.381767,0.373302,-0.0376347
69.52,0.342722,0.382084,0.373278,-0.0393613
69.525,0.352119,0.38241,0.373254,-0.0302918
69.53,0.355178,0.382748,0.373229,-0.0275698
69.535,0.366052,0.383096,0.373205,-0.0170439
69.54,0.372232,0.383454,0.373181,-0.0112216
69.545,0.385311,0.383822,0.373157,0.00148838
69.55,0.393395,0.384201,0.373132,0.00919473
69.555,0.392717,0.384589,0.373108,0.00812771
69.56,0.378151,0.384987,0.373084,-0.00683653
69.565,0.384309,0.385395,0.373059,-0.00108554
69.57,0.377747,0.385811,0.373035,-0.00806405
69.575,0.368675,0.386237,0.373011,-0.0175616
69.58,0.350776,0.386671,0.372987,-0.035895
69.585,0.343051,0.387113,0.372962,-0.0440616
69.59,0.356216,0.387563,0.372938,-0.031347
69.595,0.365836,0.38802,0.372914,-0.0221837
69.6,0.374617,0.388483,0.37289,-0.0138667
69.605,0.381871,0.388953,0.372865,-0.00708242
69.61,0.387443,0.389429,0.372841,-0.00198561
69.615,0.394616,0.389909,0.372817,0.00470662
69.62,0.395541,0.390394,0.372793,0.00514761
69.625,0.39524,0.390882,0.372768,0.00435793
69.63,0.389474,0.391373,0.372744,-0.00189922
69.635,0.376722,0.391867,0.37272,-0.015144
69.64,0.370751,0.392361,0.372696,-0.02161
69.645,0.383057,0.392857,0.372671,-0.00979964
69.65,0.402327,0.393352,0.372647,0.00897525
69.655,0.407476,0.393845,0.372623,0.0136307
69.66,0.397726,0.394337,0.372599,0.00338916
69.665,0.389169,0.394826,0.372574,-0.00565637
69.67,0.380357,0.39531,0.37255,-0.0149528
69.675,0.384736,0.395789,0.372526,-0.0110532
69.68,0.381339,0.396263,0.372502,-0.0149231
69.685,0.388024,0.396729,0.372477,-0.00870494
69.69,0.388215,0.397186,0.372453,-0.00897126
69.695,0.391248,0.397634,0.372429,-0.00638676
69.7,0.388786,0.398072,0.372405,-0.00928655
69.705,0.396096,0.398498,0.37238,-0.0024025
69.71,0.392933,0.398912,0.372356,-0.00597887
69.715,0.385285,0.399311,0.372332,-0.0140262
69.72,0.374203,0.399695,0.372308,-0.0254925
69.725,0.364902,0.400063,0.372284,-0.0351613
69.73,0.360949,0.400413,0.372259,-0.039464
69.735,0.361374,0.400745,0.372235,-0.0393715
69.74,0.374885,0.401058,0.372211,-0.0261722
69.745,0.380925,0.401349,0.372187,-0.0204242
69.75,0.379108,0.401619,0.372162,-0.0225108
69.755,0.364335,0.401866,0.372138,-0.0375314
69.76,0.357211,0.40209,0.372114,-0.0448792
69.765,0.358687,0.402289,0.37209,-0.0436015
69.77,0.361007,0.402462,0.372065,-0.0414554
69.775,0.359063,0.40261,0.372041,-0.0435473
69.78,0.369569,0.402731,0.372017,-0.0331621
69.785,0.366073,0.402825,0.371993,-0.0367522
69.79,0.380361,0.402891,0.371969,-0.0225296
69.795,0.375113,0.402929,0.371944,-0.0278163
69.8,0.380014,0.402939,0.37192,-0.0229245
69.805,0.387753,0.40292,0.371896,-0.0151668
69.81,0.400669,0.402873,0.371872,-0.00220407
69.815,0.401553,0.402798,0.371848,-0.00124499
69.82,0.409853,0.402694,0.371823,0.00715885
69.825,0.393652,0.402563,0.371799,-0.00891047
69.83,0.378184,0.402404,0.371775,-0.0242198
69.835,0.372448,0.402218,0.371751,-0.0297699
69.84,0.373277,0.402006,0.371726,-0.0287295
69.845,0.374961,0.401769,0.371702,-0.0268073
69.85,0.373513,0.401506,0.371678,-0.0279935
69.855,0.373109,0.40122,0.371654,-0.0281109
69.86,0.370493,0.40091,0.37163,-0.0304169
69.865,0.375509,0.400578,0.371605,-0.0250687
69.87,0.370765,0.400225,0.371581,-0.0294598
69.875,0.365171,0.399852,0.371557,-0.0346814
69.88,0.353968,0.39946,0.371533,-0.0454923
69.885,0.351828,0.39905,0.371509,-0.0472221
69.89,0.354139,0.398624,0.371484,-0.0444847
69.895,0.370186,0.398181,0.37146,-0.0279953
69.9,0.381229,0.397724,0.371436,-0.0164954
69.905,0.384404,0.397254,0.371412,-0.0128501
69.91,0.374064,0.396772,0.371388,-0.0227085
69.915,0.366714,0.396279,0.371363,-0.0295649
69.92,0.374515,0.395776,0.371339,-0.0212609
69.925,0.379914,0.395264,0.371315,-0.0153495
69.93,0.388066,0.394744,0.371291,-0.00667861
69.935,0.383455,0.394218,0.371267,-0.0107635
69.94,0.384111,0.393686,0.371242,-0.00957519
69.945,0.392952,0.39315,0.371218,-0.000198638
69.95,0.385369,0.392611,0.371194,-0.00724167
69.955,0.379312,0.392068,0.37117,-0.0127561
69.96,0.360283,0.391524,0.371146,-0.0312413
69.965,0.354753,0.39098,0.371121,-0.0362271
69.97,0.349139,0.390435,0.371097,-0.0412964
69.975,0.350909,0.389892,0.371073,-0.0389835
69.98,0.344109,0.389351,0.371049,-0.0452413
69.985,0.344572,0.388812,0.371025,-0.04424
69.99,0.348565,0.388276,0.371001,-0.0397111
69.995,0.349363,0.387744,0.370976,-0.0383815
70,0.358251,0.387218,0.370952,-0.0289668
70.005,0.364013,0.386696,0.370928,-0.0226828
70.01,0.358375,0.38618,0.370904,-0.0278054
70.015,0.360306,0.385671,0.37088,-0.0253651
70.02,0.356995,0.385169,0.370855,-0.0281737
70.025,0.37171,0.384674,0.370831,-0.0129649
70.03,0.380313,0.384188,0.370807,-0.00387464
70.035,0.380398,0.383709,0.370783,-0.00331082
70.04,0.38297,0.383239,0.370759,-0.000269293
70.045,0.387411,0.382779,0.370734,0.00463232
70.05,0.394009,0.382327,0.37071,0.0116816
70.055,0.385531,0.381885,0.370686,0.00364577
70.06,0.371188,0.381453,0.370662,-0.0102651
70.065,0.358004,0.381031,0.370638,-0.0230272
70.07,0.348565,0.380619,0.370614,-0.0320545
70.075,0.343394,0.380218,0.370589,-0.0368236
70.08,0.348061,0.379827,0.370565,-0.0317662
70.085,0.344024,0.379446,0.370541,-0.0354225
70.09,0.357685,0.379076,0.370517,-0.0213909
70.095,0.355846,0.378717,0.370493,-0.0228702
70.1,0.362955,0.378368,0.370469,-0.0154131
70.105,0.360387,0.378029,0.370444,-0.0176425
70.11,0.358905,0.377701,0.37042,-0.0187961
70.115,0.361842,0.377384,0.370396,-0.0155415
70.12,0.369769,0.377077,0.370372,-0.00730801
70.125,0.358712,0.37678,0.370348,-0.0180683
70.13,0.365687,0.376493,0.370323,-0.010806
70.135,0.366048,0.376216,0.370299,-0.0101682
70.14,0.366639,0.375949,0.370275,-0.00931007
70.145,0.368441,0.375691,0.370251,-0.00725041
70.15,0.354451,0.375443,0.370227,-0.0209922
70.155,0.350237,0.375204,0.370203,-0.024967
70.16,0.358963,0.374975,0.370178,-0.0160114
70.165,0.348193,0.374753,0.370154,-0.0265605
70.17,0.355847,0.374541,0.37013,-0.0186942
70.175,0.345696,0.374337,0.370106,-0.0286404
70.18,0.337544,0.374141,0.370082,-0.0365968
70.185,0.343841,0.373952,0.370058,-0.0301109
70.19,0.340245,0.373772,0.370033,-0.0335268
70.195,0.347203,0.373598,0.370009,-0.0263959
70.2,0.346375,0.373432,0.369985,-0.0270576
70.205,0.348515,0.373273,0.369961,-0.024758
70.21,0.352336,0.37312,0.369937,-0.0207847
70.215,0.353361,0.372974,0.369913,-0.0196129
70.22,0.345878,0.372834,0.369888,-0.0269565
70.225,0.354839,0.3727,0.369864,-0.0178609
70.23,0.357697,0.372571,0.36984,-0.0148744
70.235,0.351936,0.372448,0.369816,-0.0205119
70.24,0.345868,0.37233,0.369792,-0.0264617
70.245,0.334578,0.372217,0.369768,-0.0376392
70.25,0.337522,0.372109,0.369743,-0.0345866
70.255,0.335058,0.372005,0.369719,-0.036947
70.26,0.334746,0.371905,0.369695,-0.0371596
70.265,0.330961,0.37181,0.369671,-0.0408492
70.27,0.33556,0.371718,0.369647,-0.036158
70.275,0.333782,0.371631,0.369623,-0.0378485
70.28,0.330662,0.371546,0.369598,-0.0408842
70.285,0.328449,0.371465,0.369574,-0.0430158
70.29,0.327412,0.371387,0.36955,-0.0439757
70.295,0.342371,0.371313,0.369526,-0.0289416
70.3,0.340328,0.371241,0.369502,-0.0309123
70.305,0.333705,0.371171,0.369478,-0.0374663
70.31,0.332205,0.371104,0.369454,-0.0388998
70.315,0.333202,0.37104,0.369429,-0.0378383
70.32,0.34174,0.370978,0.369405,-0.0292375
70.325,0.350852,0.370917,0.369381,-0.0200654
70.33,0.362641,0.370859,0.369357,-0.00821833
70.335,0.37319,0.370803,0.369333,0.00238736
70.34,0.371274,0.370748,0.369309,0.000525532
70.345,0.352959,0.370695,0.369284,-0.0177367
70.35,0.340154,0.370644,0.36926,-0.0304906
70.355,0.327047,0.370594,0.369236,-0.0435473
70.36,0.339628,0.370546,0.369212,-0.0309179
70.365,0.337563,0.370498,0.369188,-0.0329355
70.37,0.343499,0.370452,0.369164,-0.0269529
70.375,0.343787,0.370407,0.369139,-0.0266203
70.38,0.347106,0.370363,0.369115,-0.0232575
70.385,0.342973,0.37032,0.369091,-0.0273478
70.39,0.333631,0.370278,0.369067,-0.0366475
70.395,0.334338,0.370237,0.369043,-0.035899
70.4,0.328493,0.370197,0.369019,-0.0417038
70.405,0.342788,0.370157,0.368994,-0.027369
70.41,0.344385,0.370118,0.36897,-0.0257329
70.415,0.356369,0.37008,0.368946,-0.0137111
70.42,0.346849,0.370042,0.368922,-0.0231937
70.425,0.34588,0.370005,0.368898,-0.0241252
70.43,0.331223,0.369969,0.368874,-0.0387453
70.435,0.33315,0.369933,0.36885,-0.0367825
70.44,0.330878,0.369897,0.368825,-0.039019
70.445,0.328045,0.369862,0.368801,-0.0418169
70.45,0.340322,0.369827,0.368777,-0.0295048
70.455,0.346024,0.369793,0.368753,-0.0237683
70.46,0.357003,0.369759,0.368729,-0.0127557
70.465,0.357298,0.369725,0.368705,-0.012427
70.47,0.357239,0.369692,0.36868,-0.0124529
70.475,0.352812,0.369659,0.368656,-0.0168466
70.48,0.35942,0.369626,0.368632,-0.0102056
70.485,0.360324,0.369593,0.368608,-0.00926967
70.49,0.351593,0.369561,0.368584,-0.0179682
70.495,0.341967,0.369529,0.36856,-0.0275624
70.5,0.327905,0.369497,0.368535,-0.0415924
70.505,0.331059,0.369466,0.368511,-0.0384063
70.51,0.344569,0.369434,0.368487,-0.0248651
70.515,0.350523,0.369403,0.368463,-0.01888
70.52,0.35527,0.369372,0.368439,-0.0141022
70.525,0.353095,0.369341,0.368415,-0.0162466
70.53,0.345777,0.369311,0.368391,-0.0235341
70.535,0.360308,0.36928,0.368366,-0.0089717
70.54,0.348123,0.36925,0.368342,-0.0211271
70.545,0.349192,0.36922,0.368318,-0.0200279
70.55,0.344523,0.369189,0.368294,-0.024666
70.555,0.345348,0.369159,0.36827,-0.0238116
70.56,0.344083,0.36913,0.368246,-0.025047
70.565,0.343435,0.3691,0.368221,-0.025665
70.57,0.344161,0.36907,0.368197,-0.0249096
70.575,0.346658,0.369041,0.368173,-0.0223824
70.58,0.351652,0.369011,0.368149,-0.0173598
70.585,0.348096,0.368982,0.368125,-0.0208858
70.59,0.356798,0.368953,0.368101,-0.0121545
70.595,0.359666,0.368924,0.368076,-0.00925777
70.6,0.350486,0.368895,0.368052,-0.0184086
70.605,0.34386,0.368866,0.368028,-0.0250059
70.61,0.343052,0.368837,0.368004,-0.0257847
70.615,0.340142,0.368808,0.36798,-0.0286658
70.62,0.335489,0.368779,0.367956,-0.0332908
70.625,0.323366,0.368751,0.367931,-0.0453846
70.63,0.323037,0.368722,0.367907,-0.0456851
70.635,0.328861,0.368694,0.367883,-0.0398331
70.64,0.336812,0.368665,0.367859,-0.0318536
70.645,0.337907,0.368637,0.367835,-0.0307306
70.65,0.334321,0.368609,0.367811,-0.0342876
70.655,0.335998,0.368581,0.367786,-0.0325827
70.66,0.33738,0.368553,0.367762,-0.0311726
70.665,0.335492,0.368525,0.367738,-0.0330329
70.67,0.334645,0.368497,0.367714,-0.0338514
70.675,0.33917,0.368469,0.36769,-0.0292991
70.68,0.349698,0.368441,0.367666,-0.0187432
70.685,0.352239,0.368413,0.367641,-0.0161736
70.69,0.350707,0.368385,0.367617,-0.0176785
70.695,0.345726,0.368357,0.367593,-0.0226313
70.7,0.352902,0.36833,0.367569,-0.0154274
70.705,0.352306,0.368302,0.367545,-0.0159967
70.71,0.34217,0.368275,0.367521,-0.0261043
70.715,0.322807,0.368247,0.367496,-0.0454407
70.72,0.322114,0.36822,0.367472,-0.0461061
70.725,0.32498,0.368192,0.367448,-0.0432126
70.73,0.333525,0.368165,0.367424,-0.03464
70.735,0.33181,0.368138,0.3674,-0.0363275
70.74,0.325792,0.368111,0.367376,-0.0423183
70.745,0.322831,0.368083,0.367351,-0.0452524
70.75,0.320915,0.368056,0.367327,-0.047141
70.755,0.317712,0.368029,0.367303,-0.0503167
70.76,0.306884,0.368002,0.367279,-0.0611175
70.765,0.31659,0.367975,0.367255,-0.051385
70.77,0.332788,0.367948,0.367231,-0.0351602
70.775,0.338648,0.367921,0.367206,-0.0292728
70.78,0.3406,0.367894,0.367182,-0.0272941
70.785,0.330001,0.367867,0.367158,-0.0378659
70.79,0.324299,0.36784,0.367134,-0.043541
70.795,0.325879,0.367814,0.36711,-0.0419342
70.8,0.326967,0.367787,0.367085,-0.0408198
70.805,0.329826,0.36776,0.367061,-0.0379345
70.81,0.340887,0.367733,0.367037,-0.0268463
70.815,0.349895,0.367707,0.367013,-0.017812
70.82,0.354357,0.36768,0.366989,-0.0133232
70.825,0.351113,0.367654,0.366965,-0.0165406
70.83,0.34375,0.367627,0.36694,-0.0238768
70.835,0.347131,0.3676,0.366916,-0.020469
70.84,0.347625,0.367574,0.366892,-0.0199492
70.845,0.354426,0.367547,0.366868,-0.0131218
70.85,0.348537,0.367521,0.366844,-0.0189836
70.855,0.34047,0.367495,0.366819,-0.0270246
70.86,0.339796,0.367468,0.366795,-0.0276722
70.865,0.338149,0.367442,0.366771,-0.0292926
70.87,0.345553,0.367416,0.366747,-0.0218628
70.875,0.342879,0.367389,0.366723,-0.0245104
70.88,0.336814,0.367363,0.366699,-0.0305493
70.885,0.331382,0.367337,0.366674,-0.0359545
70.89,0.327485,0.367311,0.36665,-0.0398258
70.895,0.327676,0.367284,0.366626,-0.0396085
70.9,0.335451,0.367258,0.366602,-0.0318075
70.905,0.329222,0.367232,0.366578,-0.0380099
70.91,0.323081,0.367206,0.366553,-0.0441245
70.915,0.325767,0.36718,0.366529,-0.0414131
70.92,0.34112,0.367154,0.366505,-0.0260338
70.925,0.356805,0.367128,0.366481,-0.0103228
70.93,0.360971,0.367102,0.366457,-0.00613077
70.935,0.365823,0.367076,0.366432,-0.00125245
70.94,0.353434,0.36705,0.366408,-0.0136159
70.945,0.341406,0.367024,0.366384,-0.0256182
70.95,0.335578,0.366998,0.36636,-0.0314199
70.955,0.331983,0.366972,0.366336,-0.0349886
70.96,0.340142,0.366946,0.366311,-0.0268047
70.965,0.345627,0.36692,0.366287,-0.0212933
70.97,0.338868,0.366894,0.366263,-0.0280261
70.975,0.334725,0.366869,0.366239,-0.0321433
70.98,0.330574,0.366843,0.366215,-0.0362689
70.985,0.332967,0.366817,0.36619,-0.03385
70.99,0.335693,0.366791,0.366166,-0.0310979
70.995,0.339546,0.366766,0.366142,-0.0272198
71,0.337114,0.36674,0.366118,-0.0296257
71.005,0.33624,0.366714,0.366094,-0.0304746
71.01,0.336955,0.366688,0.366069,-0.0297338
71.015,0.329871,0.366663,0.366045,-0.0367916
71.02,0.328083,0.366637,0.366021,-0.0385539
71.025,0.328463,0.366611,0.365997,-0.0381484
71.03,0.33819,0.366586,0.365973,-0.0283959
71.035,0.341125,0.36656,0.365948,-0.025435
71.04,0.340701,0.366535,0.365924,-0.0258341
71.045,0.336429,0.366509,0.3659,-0.0300799
71.05,0.343296,0.366484,0.365876,-0.0231871
71.055,0.35296,0.366458,0.365852,-0.0134982
71.06,0.362591,0.366432,0.365827,-0.00384122
71.065,0.360361,0.366407,0.365803,-0.00604572
71.07,0.351877,0.366381,0.365779,-0.0145048
71.075,0.346735,0.366356,0.365755,-0.0196207
71.08,0.347547,0.366331,0.36573,-0.0187831
71.085,0.351337,0.366305,0.365706,-0.0149679
71.09,0.347136,0.36628,0.365682,-0.0191433
71.095,0.347094,0.366254,0.365658,-0.0191602
71.1,0.344623,0.366229,0.365634,-0.0216053
71.105,0.343691,0.366203,0.365609,-0.0225121
71.11,0.350338,0.366178,0.365585,-0.0158401
71.115,0.345896,0.366153,0.365561,-0.0202568
71.12,0.342678,0.366127,0.365537,-0.0234488
71.125,0.342541,0.366102,0.365512,-0.0235613
71.13,0.344425,0.366077,0.365488,-0.0216517
71.135,0.34838,0.366051,0.365464,-0.0176716
71.14,0.350957,0.366026,0.36544,-0.0150686
71.145,0.342891,0.366001,0.365416,-0.0231095
71.15,0.331615,0.365975,0.365391,-0.0343603
71.155,0.316049,0.36595,0.365367,-0.0499008
71.16,0.304865,0.365925,0.365343,-0.06106
71.165,0.312926,0.3659,0.365319,-0.0529736
71.17,0.32205,0.365874,0.365294,-0.0438239
71.175,0.326036,0.365849,0.36527,-0.0398127
71.18,0.326973,0.365824,0.365246,-0.038851
71.185,0.336812,0.365799,0.365222,-0.0289865
71.19,0.352983,0.365774,0.365197,-0.0127909
71.195,0.363351,0.365748,0.365173,-0.00239727
71.2,0.360542,0.365723,0.365149,-0.00518076
71.205,0.34761,0.365698,0.365125,-0.0180881
71.21,0.345157,0.365673,0.3651,-0.0205161
71.215,0.339474,0.365648,0.365076,-0.0261734
71.22,0.338457,0.365623,0.365052,-0.0271657
71.225,0.336903,0.365597,0.365028,-0.028694
71.23,0.335294,0.365572,0.365003,-0.0302781
71.235,0.329945,0.365547,0.364979,-0.0356023
71.24,0.328012,0.365522,0.364955,-0.0375105
71.245,0.334302,0.365497,0.364931,-0.0311953
71.25,0.340259,0.365472,0.364906,-0.0252126
71.255,0.340425,0.365447,0.364882,-0.0250216
71.26,0.338177,0.365422,0.364858,-0.0272449
71.265,0.329047,0.365397,0.364834,-0.0363502
71.27,0.333829,0.365372,0.364809,-0.0315423
71.275,0.332656,0.365347,0.364785,-0.0326907
71.28,0.336313,0.365322,0.364761,-0.0290092
71.285,0.33952,0.365297,0.364737,-0.0257767
71.29,0.339483,0.365272,0.364712,-0.0257884
71.295,0.332792,0.365247,0.364688,-0.0324546
71.3,0.348443,0.365222,0.364664,-0.0167789
71.305,0.355495,0.365197,0.36464,-0.00970177
71.31,0.367304,0.365172,0.364615,0.00213259
71.315,0.349759,0.365147,0.364591,-0.0153877
71.32,0.338194,0.365122,0.364567,-0.0269279
71.325,0.329974,0.365097,0.364543,-0.0351227
71.33,0.333898,0.365072,0.364518,-0.0311736
71.335,0.332283,0.365047,0.364494,-0.032764
71.34,0.326855,0.365022,0.36447,-0.0381665
71.345,0.326245,0.364997,0.364445,-0.0387522
71.35,0.329521,0.364972,0.364421,-0.0354509
71.355,0.346412,0.364947,0.364397,-0.0185349
71.36,0.354617,0.364922,0.364373,-0.0103055
71.365,0.356203,0.364897,0.364348,-0.00869464
71.37,0.356589,0.364873,0.364324,-0.00828348
71.375,0.346893,0.364848,0.3643,-0.0179543
71.38,0.338107,0.364823,0.364275,-0.026716
71.385,0.332218,0.364798,0.364251,-0.0325795
71.39,0.33022,0.364773,0.364227,-0.0345528
71.395,0.338824,0.364748,0.364203,-0.0259246
71.4,0.349975,0.364723,0.364178,-0.0147484
71.405,0.346527,0.364699,0.364154,-0.0181712
71.41,0.352124,0.364674,0.36413,-0.0125495
71.415,0.351534,0.364649,0.364105,-0.0131148
71.42,0.340097,0.364624,0.364081,-0.0245271
71.425,0.329937,0.364599,0.364057,-0.0346624
71.43,0.320133,0.364574,0.364033,-0.0444416
71.435,0.315565,0.36455,0.364008,-0.0489842
71.44,0.313382,0.364525,0.363984,-0.0511425
71.445,0.313155,0.3645,0.36396,-0.0513451
71.45,0.316488,0.364475,0.363935,-0.0479873
71.455,0.32649,0.36445,0.363911,-0.0379604
71.46,0.340465,0.364426,0.363887,-0.023961
71.465,0.351423,0.364401,0.363862,-0.0129782
71.47,0.354239,0.364376,0.363838,-0.0101368
71.475,0.357839,0.364351,0.363814,-0.00651286
71.48,0.362378,0.364327,0.363789,-0.0019483
71.485,0.353121,0.364302,0.363765,-0.011181
71.49,0.338434,0.364277,0.363741,-0.0258428
71.495,0.332766,0.364252,0.363716,-0.0314863
71.5,0.336823,0.364228,0.363692,-0.0274044
71.505,0.340993,0.364203,0.363668,-0.0232102
71.51,0.33869,0.364178,0.363644,-0.0254884
71.515,0.339404,0.364153,0.363619,-0.0247499
71.52,0.348338,0.364129,0.363595,-0.0157904
71.525,0.347011,0.364104,0.363571,-0.0170928
71.53,0.341695,0.364079,0.363546,-0.0223842
71.535,0.335379,0.364055,0.363522,-0.0286753
71.54,0.336792,0.36403,0.363498,-0.0272378
71.545,0.332056,0.364005,0.363473,-0.031949
71.55,0.328653,0.363981,0.363449,-0.0353279
71.555,0.322493,0.363956,0.363425,-0.0414634
71.56,0.33458,0.363931,0.3634,-0.0293516
71.565,0.332991,0.363907,0.363376,-0.0309158
71.57,0.326809,0.363882,0.363352,-0.0370725
71.575,0.322787,0.363857,0.363327,-0.0410704
71.58,0.323695,0.363833,0.363303,-0.0401374
71.585,0.330904,0.363808,0.363278,-0.0329038
71.59,0.331294,0.363783,0.363254,-0.0324889
71.595,0.325037,0.363759,0.36323,-0.0387215
71.6,0.320776,0.363734,0.363205,-0.0429579
71.605,0.325526,0.363709,0.363181,-0.0381838
71.61,0.336051,0.363685,0.363157,-0.0276333
71.615,0.341763,0.36366,0.363132,-0.0218972
71.62,0.352021,0.363635,0.363108,-0.0116149
71.625,0.346862,0.363611,0.363084,-0.0167492
71.63,0.344186,0.363586,0.363059,-0.0194004
71.635,0.330508,0.363562,0.363035,-0.0330538
71.64,0.330931,0.363537,0.363011,-0.0326056
71.645,0.340268,0.363512,0.362986,-0.0232445
71.65,0.34045,0.363488,0.362962,-0.0230378
71.655,0.338853,0.363463,0.362937,-0.0246105
71.66,0.336093,0.363439,0.362913,-0.0273457
71.665,0.338722,0.363414,0.362889,-0.0246921
71.67,0.347555,0.363389,0.362864,-0.0158344
71.675,0.346027,0.363365,0.36284,-0.0173375
71.68,0.34032,0.36334,0.362816,-0.02302
71.685,0.329226,0.363316,0.362791,-0.03409
71.69,0.323047,0.363291,0.362767,-0.0402439
71.695,0.321819,0.363267,0.362742,-0.041448
71.7,0.319176,0.363242,0.362718,-0.044066
71.705,0.319921,0.363217,0.362694,-0.0432962
71.71,0.320291,0.363193,0.362669,-0.0429021
71.715,0.324539,0.363168,0.362645,-0.0386294
71.72,0.334498,0.363144,0.36262,-0.0286461
71.725,0.34303,0.363119,0.362596,-0.0200893
71.73,0.343463,0.363095,0.362572,-0.0196316
71.735,0.336695,0.36307,0.362547,-0.0263752
71.74,0.332246,0.363046,0.362523,-0.0308001
71.745,0.327184,0.363021,0.362499,-0.0358366
71.75,0.329279,0.362997,0.362474,-0.0337176
71.755,0.334091,0.362972,0.36245,-0.0288815
71.76,0.336851,0.362948,0.362425,-0.0260963
71.765,0.340844,0.362923,0.362401,-0.0220794
71.77,0.339281,0.362899,0.362376,-0.0236171
71.775,0.343374,0.362874,0.362352,-0.0195002
71.78,0.34719,0.36285,0.362328,-0.0156594
71.785,0.356011,0.362825,0.362303,-0.00681432
71.79,0.355219,0.362801,0.362279,-0.00758175
71.795,0.345859,0.362776,0.362254,-0.0169175
71.8,0.338898,0.362752,0.36223,-0.0238537
71.805,0.338559,0.362727,0.362206,-0.0241685
71.81,0.338847,0.362703,0.362181,-0.0238553
71.815,0.333209,0.362678,0.362157,-0.029469
71.82,0.320605,0.362654,0.362132,-0.0420484
71.825,0.320226,0.362629,0.362108,-0.0424032
71.83,0.325886,0.362605,0.362083,-0.0367182
71.835,0.327577,0.36258,0.362059,-0.0350028
71.84,0.321267,0.362556,0.362035,-0.0412885
71.845,0.306883,0.362531,0.36201,-0.0556478
71.85,0.306631,0.362507,0.361986,-0.0558753
71.855,0.315485,0.362482,0.361961,-0.0469971
71.86,0.317419,0.362458,0.361937,-0.0450388
71.865,0.329054,0.362433,0.361912,-0.033379
71.87,0.330482,0.362409,0.361888,-0.0319269
71.875,0.335592,0.362385,0.361863,-0.0267929
71.88,0.340739,0.36236,0.361839,-0.0216215
71.885,0.336845,0.362336,0.361814,-0.0254904
71.89,0.334544,0.362311,0.36179,-0.0277669
71.895,0.340031,0.362287,0.361766,-0.0222559
71.9,0.341548,0.362262,0.361741,-0.020714
71.905,0.342858,0.362238,0.361717,-0.0193798
71.91,0.331243,0.362214,0.361692,-0.0309704
71.915,0.330424,0.362189,0.361668,-0.0317648
71.92,0.332197,0.362165,0.361643,-0.029968
71.925,0.335857,0.36214,0.361619,-0.0262837
71.93,0.33359,0.362116,0.361594,-0.0285256
71.935,0.327253,0.362091,0.36157,-0.0348383
71.94,0.329336,0.362067,0.361545,-0.0327315
71.945,0.333918,0.362043,0.361521,-0.0281244
71.95,0.342985,0.362018,0.361496,-0.0190331
71.955,0.35613,0.361994,0.361472,-0.00586405
71.96,0.359099,0.361969,0.361447,-0.00287068
71.965,0.352898,0.361945,0.361423,-0.0090466
71.97,0.345123,0.361921,0.361398,-0.0167978
71.975,0.342557,0.361896,0.361374,-0.019339
71.98,0.34243,0.361872,0.361349,-0.0194421
71.985,0.339267,0.361848,0.361325,-0.0225809
71.99,0.334812,0.361823,0.3613,-0.0270116
71.995,0.336042,0.361799,0.361276,-0.0257563
72,0.335182,0.361774,0.361251,-0.0265924
72.005,0.331423,0.36175,0.361227,-0.0303271
72.01,0.319321,0.361726,0.361202,-0.0424043
72.015,0.324824,0.361701,0.361178,-0.0368772
72.02,0.324186,0.361677,0.361153,-0.0374905
72.025,0.318776,0.361653,0.361129,-0.0428766
72.03,0.313007,0.361628,0.361104,-0.0486214
72.035,0.304987,0.361604,0.36108,-0.0566169
72.04,0.31733,0.36158,0.361055,-0.0442496
72.045,0.324534,0.361555,0.361031,-0.0370212
72.05,0.329898,0.361531,0.361006,-0.0316324
72.055,0.33292,0.361507,0.360982,-0.028587
72.06,0.334597,0.361482,0.360957,-0.0268851
72.065,0.333728,0.361458,0.360933,-0.02773
72.07,0.336562,0.361434,0.360908,-0.024872
72.075,0.337106,0.361409,0.360884,-0.0243031
72.08,0.341681,0.361385,0.360859,-0.0197037
72.085,0.345301,0.361361,0.360834,-0.0160599
72.09,0.347023,0.361336,0.36081,-0.0143137
72.095,0.354541,0.361312,0.360785,-0.00677075
72.1,0.357178,0.361288,0.360761,-0.00410918
72.105,0.359454,0.361263,0.360736,-0.00180947
72.11,0.34835,0.361239,0.360712,-0.0128888
72.115,0.343003,0.361215,0.360687,-0.018212
72.12,0.33446,0.36119,0.360663,-0.0267306
72.125,0.324026,0.361166,0.360638,-0.0371397
72.13,0.330735,0.361142,0.360613,-0.0304067
72.135,0.332268,0.361118,0.360589,-0.0288495
72.14,0.335383,0.361093,0.360564,-0.0257106
72.145,0.334783,0.361069,0.36054,-0.0262859
72.15,0.328386,0.361045,0.360515,-0.0326584
72.155,0.328133,0.36102,0.360491,-0.0328872
72.16,0.326167,0.360996,0.360466,-0.0348289
72.165,0.317613,0.360972,0.360441,-0.0433584
72.17,0.330986,0.360948,0.360417,-0.0299619
72.175,0.331171,0.360923,0.360392,-0.029752
72.18,0.341935,0.360899,0.360368,-0.0189644
72.185,0.3437,0.360875,0.360343,-0.0171744
72.19,0.345246,0.360851,0.360319,-0.0156046
72.195,0.339537,0.360826,0.360294,-0.0212894
72.2,0.332141,0.360802,0.360269,-0.0286612
72.205,0.331675,0.360778,0.360245,-0.0291032
72.21,0.328275,0.360754,0.36022,-0.0324782
72.215,0.331301,0.360729,0.360196,-0.0294279
72.22,0.325158,0.360705,0.360171,-0.0355468
72.225,0.322021,0.360681,0.360146,-0.0386598
72.23,0.321759,0.360657,0.360122,-0.0388978
72.235,0.311441,0.360632,0.360097,-0.0491911
72.24,0.311971,0.360608,0.360072,-0.0486367
72.245,0.318641,0.360584,0.360048,-0.0419425
72.25,0.323003,0.36056,0.360023,-0.0375566
72.255,0.323552,0.360536,0.359999,-0.0369831
72.26,0.311811,0.360511,0.359974,-0.0487001
72.265,0.302297,0.360487,0.359949,-0.0581905
72.27,0.308189,0.360463,0.359925,-0.0522738
72.275,0.315943,0.360439,0.3599,-0.0444957
72.28,0.318071,0.360415,0.359875,-0.0423432
72.285,0.325969,0.36039,0.359851,-0.034421
72.29,0.317672,0.360366,0.359826,-0.0426939
72.295,0.319768,0.360342,0.359802,-0.0405736
72.3,0.317041,0.360318,0.359777,-0.0432765
72.305,0.31544,0.360294,0.359752,-0.0448533
72.31,0.325608,0.360269,0.359728,-0.0346616
72.315,0.331975,0.360245,0.359703,-0.0282699
72.32,0.33227,0.360221,0.359678,-0.0279515
72.325,0.323733,0.360197,0.359654,-0.036464
72.33,0.320533,0.360173,0.359629,-0.0396399
72.335,0.323081,0.360149,0.359604,-0.0370675
72.34,0.326737,0.360124,0.35958,-0.0333871
72.345,0.320604,0.3601,0.359555,-0.0394961
72.35,0.308475,0.360076,0.35953,-0.0516008
72.355,0.310202,0.360052,0.359506,-0.0498503
72.36,0.313541,0.360028,0.359481,-0.0464869
72.365,0.316278,0.360004,0.359456,-0.0437253
72.37,0.315579,0.35998,0.359432,-0.0444008
72.375,0.314714,0.359955,0.359407,-0.0452415
72.38,0.323054,0.359931,0.359382,-0.036877
72.385,0.329545,0.359907,0.359357,-0.0303618
72.39,0.334095,0.359883,0.359333,-0.0257881
72.395,0.33575,0.359859,0.359308,-0.0241089
72.4,0.340903,0.359835,0.359283,-0.0189324
72.405,0.338398,0.359811,0.359259,-0.0214131
72.41,0.341515,0.359787,0.359234,-0.0182717
72.415,0.330042,0.359763,0.359209,-0.0297208
72.42,0.321774,0.359739,0.359185,-0.0379641
72.425,0.318796,0.359714,0.35916,-0.0409184
72.43,0.315552,0.35969,0.359135,-0.0441381
72.435,0.324441,0.359666,0.35911,-0.0352256
72.44,0.32306,0.359642,0.359086,-0.0365818
72.445,0.32455,0.359618,0.359061,-0.0350679
72.45,0.318372,0.359594,0.359036,-0.0412219
72.455,0.31098,0.35957,0.359011,-0.0485901
72.46,0.313781,0.359546,0.358987,-0.0457654
72.465,0.324304,0.359522,0.358962,-0.0352176
72.47,0.337985,0.359498,0.358937,-0.0215133
72.475,0.340582,0.359474,0.358912,-0.018892
72.48,0.343944,0.35945,0.358888,-0.0155058
72.485,0.340852,0.359426,0.358863,-0.018574
72.49,0.33559,0.359402,0.358838,-0.0238114
72.495,0.328574,0.359378,0.358813,-0.0308039
72.5,0.320847,0.359354,0.358789,-0.0385069
72.505,0.31907,0.35933,0.358764,-0.04026
72.51,0.322264,0.359306,0.358739,-0.0370422
72.515,0.3211,0.359282,0.358714,-0.0381816
72.52,0.329462,0.359258,0.35869,-0.0297962
72.525,0.326812,0.359234,0.358665,-0.0324214
72.53,0.33119,0.35921,0.35864,-0.0280202
72.535,0.334729,0.359186,0.358615,-0.0244572
72.54,0.340327,0.359162,0.358591,-0.0188349
72.545,0.328022,0.359138,0.358566,-0.0311163
72.55,0.321205,0.359114,0.358541,-0.0379085
72.555,0.312929,0.35909,0.358516,-0.0461607
72.56,0.315021,0.359066,0.358491,-0.0440447
72.565,0.316915,0.359042,0.358467,-0.0421267
72.57,0.318726,0.359018,0.358442,-0.0402922
72.575,0.333009,0.358994,0.358417,-0.0259855
72.58,0.348409,0.35897,0.358392,-0.0105614
72.585,0.352198,0.358946,0.358367,-0.00674843
72.59,0.348196,0.358922,0.358343,-0.0107261
72.595,0.34489,0.358899,0.358318,-0.0140082
72.6,0.32935,0.358875,0.358293,-0.0295246
72.605,0.330511,0.358851,0.358268,-0.0283393
72.61,0.32433,0.358827,0.358243,-0.0344973
72.615,0.330073,0.358803,0.358219,-0.02873
72.62,0.332988,0.358779,0.358194,-0.0257909
72.625,0.329286,0.358755,0.358169,-0.0294691
72.63,0.32695,0.358731,0.358144,-0.0317816
72.635,0.326029,0.358707,0.358119,-0.032679
72.64,0.331883,0.358684,0.358094,-0.0268007
72.645,0.330943,0.35866,0.35807,-0.0277172
72.65,0.332222,0.358636,0.358045,-0.026414
72.655,0.333848,0.358612,0.35802,-0.0247641
72.66,0.337247,0.358588,0.357995,-0.0213417
72.665,0.341705,0.358564,0.35797,-0.0168592
72.67,0.348801,0.358541,0.357945,-0.00973971
72.675,0.349867,0.358517,0.35792,-0.00865018
72.68,0.347757,0.358493,0.357896,-0.0107361
72.685,0.349825,0.358469,0.357871,-0.00864391
72.69,0.352369,0.358445,0.357846,-0.00607662
72.695,0.35153,0.358422,0.357821,-0.00689217
72.7,0.347039,0.358398,0.357796,-0.0113588
72.705,0.339446,0.358374,0.357771,-0.0189285
72.71,0.337396,0.35835,0.357746,-0.0209549
72.715,0.331715,0.358327,0.357721,-0.0266122
72.72,0.323239,0.358303,0.357696,-0.0350638
72.725,0.325964,0.358279,0.357672,-0.0323152
72.73,0.347188,0.358255,0.357647,-0.0110679
72.735,0.360986,0.358232,0.357622,0.00275423
72.74,0.367021,0.358208,0.357597,0.00881266
72.745,0.356489,0.358184,0.357572,-0.00169503
72.75,0.341631,0.358161,0.357547,-0.0165294
72.755,0.327987,0.358137,0.357522,-0.0301504
72.76,0.316139,0.358113,0.357497,-0.0419748
72.765,0.317173,0.35809,0.357472,-0.0409165
72.77,0.321002,0.358066,0.357447,-0.0370641
72.775,0.324196,0.358042,0.357423,-0.033846
72.78,0.321062,0.358019,0.357398,-0.036957
72.785,0.319334,0.357995,0.357373,-0.0386612
72.79,0.323794,0.357971,0.357348,-0.034177
72.795,0.333924,0.357948,0.357323,-0.024024
72.8,0.337649,0.357924,0.357298,-0.0202749
72.805,0.33482,0.357901,0.357273,-0.0230808
72.81,0.33525,0.357877,0.357248,-0.0226269
72.815,0.338074,0.357854,0.357223,-0.0197796
72.82,0.341205,0.35783,0.357198,-0.0166248
72.825,0.333378,0.357806,0.357173,-0.024428
72.83,0.32071,0.357783,0.357148,-0.0370731
72.835,0.324619,0.357759,0.357123,-0.0331399
72.84,0.327992,0.357736,0.357098,-0.0297439
72.845,0.328111,0.357712,0.357073,-0.0296016
72.85,0.313893,0.357689,0.357048,-0.0437959
72.855,0.309991,0.357665,0.357023,-0.047674
72.86,0.314484,0.357642,0.356998,-0.0431583
72.865,0.325116,0.357618,0.356973,-0.0325022
72.87,0.327275,0.357595,0.356948,-0.0303197
72.875,0.333038,0.357571,0.356923,-0.0245333
72.88,0.336737,0.357548,0.356898,-0.0208111
72.885,0.337216,0.357525,0.356873,-0.0203091
72.89,0.339141,0.357501,0.356848,-0.0183602
72.895,0.338659,0.357478,0.356823,-0.0188187
72.9,0.350924,0.357454,0.356798,-0.0065306
72.905,0.351671,0.357431,0.356773,-0.00575967
72.91,0.356496,0.357408,0.356748,-0.00091164
72.915,0.35354,0.357384,0.356723,-0.00384405
72.92,0.349627,0.357361,0.356698,-0.00773437
72.925,0.338825,0.357338,0.356673,-0.0185126
72.93,0.330572,0.357314,0.356648,-0.0267419
72.935,0.320727,0.357291,0.356623,-0.0365639
72.94,0.331131,0.357268,0.356598,-0.0261368
72.945,0.329871,0.357245,0.356573,-0.0273737
72.95,0.339122,0.357221,0.356548,-0.0180998
72.955,0.330483,0.357198,0.356523,-0.0267147
72.96,0.321561,0.357175,0.356498,-0.0356143
72.965,0.322584,0.357152,0.356473,-0.0345677
72.97,0.319153,0.357128,0.356448,-0.0379751
72.975,0.314354,0.357105,0.356423,-0.0427513
72.98,0.314025,0.357082,0.356398,-0.0430574
72.985,0.301647,0.357059,0.356373,-0.0554119
72.99,0.303816,0.357036,0.356348,-0.05322
72.995,0.297329,0.357013,0.356323,-0.0596832
73,0.297795,0.35699,0.356297,-0.059195
73.005,0.302663,0.356966,0.356272,-0.0543029
73.01,0.309244,0.356943,0.356247,-0.047699
73.015,0.318454,0.35692,0.356222,-0.0384659
73.02,0.322071,0.356897,0.356197,-0.034826
73.025,0.318411,0.356874,0.356172,-0.0384632
73.03,0.323826,0.356851,0.356147,-0.0330248
73.035,0.332662,0.356828,0.356122,-0.0241665
73.04,0.335725,0.356805,0.356097,-0.0210807
73.045,0.333858,0.356782,0.356072,-0.0229238
73.05,0.317216,0.356759,0.356047,-0.0395438
73.055,0.31698,0.356736,0.356021,-0.0397559
73.06,0.311398,0.356713,0.355996,-0.045316
73.065,0.309857,0.356691,0.355971,-0.0468335
73.07,0.316298,0.356668,0.355946,-0.0403693
73.075,0.326511,0.356645,0.355921,-0.0301338
73.08,0.330403,0.356622,0.355896,-0.0262187
73.085,0.340003,0.356599,0.355871,-0.0165958
73.09,0.329474,0.356576,0.355846,-0.0271025
73.095,0.332081,0.356554,0.35582,-0.0244726
73.1,0.32546,0.356531,0.355795,-0.0310707
73.105,0.31961,0.356508,0.35577,-0.036898
73.11,0.312121,0.356485,0.355745,-0.0443644
73.115,0.318164,0.356463,0.35572,-0.0382985
73.12,0.315526,0.35644,0.355695,-0.0409139
73.125,0.318122,0.356417,0.355669,-0.0382952
73.13,0.316044,0.356395,0.355644,-0.0403508
73.135,0.310075,0.356372,0.355619,-0.0462975
73.14,0.313109,0.35635,0.355594,-0.0432407
73.145,0.311182,0.356327,0.355569,-0.0451456
73.15,0.311144,0.356305,0.355544,-0.045161
73.155,0.309163,0.356282,0.355518,-0.0471191
73.16,0.297123,0.35626,0.355493,-0.0591366
73.165,0.297364,0.356237,0.355468,-0.0588734
73.17,0.303997,0.356215,0.355443,-0.0522177
73.175,0.321379,0.356192,0.355418,-0.0348131
73.18,0.328854,0.35617,0.355392,-0.0273155
73.185,0.336707,0.356147,0.355367,-0.0194401
73.19,0.336307,0.356125,0.355342,-0.0198179
73.195,0.341161,0.356103,0.355317,-0.0149423
73.2,0.343313,0.356081,0.355292,-0.0127675
73.205,0.332076,0.356058,0.355266,-0.0239823
73.21,0.324901,0.356036,0.355241,-0.0311352
73.215,0.326194,0.356014,0.355216,-0.0298195
73.22,0.321514,0.355992,0.355191,-0.0344775
73.225,0.31482,0.35597,0.355165,-0.0411493
73.23,0.311833,0.355947,0.35514,-0.0441141
73.235,0.306642,0.355925,0.355115,-0.0492833
73.24,0.318743,0.355903,0.35509,-0.03716
73.245,0.31203,0.355881,0.355064,-0.0438513
73.25,0.309149,0.355859,0.355039,-0.0467107
73.255,0.301293,0.355837,0.355014,-0.054544
73.26,0.302714,0.355815,0.354989,-0.0531015
73.265,0.313357,0.355793,0.354963,-0.0424363
73.27,0.320546,0.355772,0.354938,-0.0352254
73.275,0.33175,0.35575,0.354913,-0.024
73.28,0.325972,0.355728,0.354887,-0.0297558
73.285,0.323886,0.355706,0.354862,-0.0318206
73.29,0.321532,0.355684,0.354837,-0.0341528
73.295,0.321999,0.355663,0.354812,-0.0336639
73.3,0.327204,0.355641,0.354786,-0.028437
73.305,0.327539,0.355619,0.354761,-0.0280805
73.31,0.341127,0.355598,0.354736,-0.0144709
73.315,0.340197,0.355576,0.35471,-0.0153794
73.32,0.336359,0.355555,0.354685,-0.0191954
73.325,0.330793,0.355533,0.35466,-0.0247402
73.33,0.327908,0.355512,0.354634,-0.0276043
73.335,0.32667,0.355491,0.354609,-0.0288205
73.34,0.329672,0.355469,0.354584,-0.0257971
73.345,0.32302,0.355448,0.354558,-0.0324279
73.35,0.31998,0.355427,0.354533,-0.0354467
73.355,0.312405,0.355405,0.354508,-0.0430004
73.36,0.314651,0.355384,0.354482,-0.0407328
73.365,0.319946,0.355363,0.354457,-0.0354172
73.37,0.314187,0.355342,0.354432,-0.0411549
73.375,0.312632,0.355321,0.354406,-0.0426885
73.38,0.304617,0.3553,0.354381,-0.050683
73.385,0.306219,0.355279,0.354356,-0.04906
73.39,0.303303,0.355258,0.35433,-0.0519554
73.395,0.311025,0.355237,0.354305,-0.0442122
73.4,0.31193,0.355216,0.35428,-0.0432859
73.405,0.311615,0.355196,0.354254,-0.0435811
73.41,0.317105,0.355175,0.354229,-0.0380698
73.415,0.317325,0.355154,0.354203,-0.0378296
73.42,0.315469,0.355134,0.354178,-0.0396645
73.425,0.308094,0.355113,0.354153,-0.0470192
73.43,0.292881,0.355093,0.354127,-0.0622119
73.435,0.289381,0.355072,0.354102,-0.0656908
73.44,0.291664,0.355052,0.354076,-0.0633875
73.445,0.293931,0.355031,0.354051,-0.0610999
73.45,0.310645,0.355011,0.354026,-0.0443665
73.455,0.317926,0.354991,0.354,-0.0370653
73.46,0.325543,0.354971,0.353975,-0.0294275
73.465,0.317104,0.354951,0.353949,-0.0378468
73.47,0.318949,0.354931,0.353924,-0.0359813
73.475,0.322767,0.354911,0.353898,-0.0321439
73.48,0.322259,0.354891,0.353873,-0.0326318
73.485,0.328147,0.354871,0.353848,-0.0267235
73.49,0.326332,0.354851,0.353822,-0.0285193
73.495,0.323587,0.354831,0.353797,-0.0312447
73.5,0.323758,0.354812,0.353771,-0.0310533
73.505,0.318113,0.354792,0.353746,-0.0366796
73.51,0.315903,0.354773,0.35372,-0.0388696
73.515,0.314144,0.354753,0.353695,-0.040609
73.52,0.310166,0.354734,0.353669,-0.0445683
73.525,0.312356,0.354715,0.353644,-0.0423586
73.53,0.311787,0.354695,0.353618,-0.0429083
73.535,0.310427,0.354676,0.353593,-0.0442495
73.54,0.311978,0.354657,0.353567,-0.0426788
73.545,0.310896,0.354638,0.353542,-0.0437424
73.55,0.309844,0.354619,0.353516,-0.0447755
73.555,0.314854,0.354601,0.353491,-0.0397465
73.56,0.311995,0.354582,0.353465,-0.0425865
73.565,0.317265,0.354563,0.35344,-0.0372984
73.57,0.321349,0.354545,0.353414,-0.0331958
73.575,0.321965,0.354526,0.353389,-0.032561
73.58,0.310668,0.354508,0.353363,-0.04384
73.585,0.308055,0.354489,0.353338,-0.0464346
73.59,0.306917,0.354471,0.353312,-0.0475543
73.595,0.319522,0.354453,0.353287,-0.0349317
73.6,0.320758,0.354435,0.353261,-0.0336773
73.605,0.333268,0.354417,0.353236,-0.0211497
73.61,0.32927,0.3544,0.35321,-0.0251294
73.615,0.336657,0.354382,0.353185,-0.0177243
73.62,0.334141,0.354364,0.353159,-0.0202232
73.625,0.324144,0.354347,0.353133,-0.030203
73.63,0.307534,0.354329,0.353108,-0.0467955
73.635,0.302144,0.354312,0.353082,-0.0521677
73.64,0.296101,0.354295,0.353057,-0.0581943
73.645,0.303215,0.354278,0.353031,-0.0510625
73.65,0.303692,0.354261,0.353006,-0.0505693
73.655,0.299599,0.354244,0.35298,-0.0546456
73.66,0.307196,0.354228,0.352954,-0.0470312
73.665,0.313531,0.354211,0.352929,-0.0406798
73.67,0.329517,0.354195,0.352903,-0.0246778
73.675,0.334338,0.354178,0.352878,-0.0198402
73.68,0.342876,0.354162,0.352852,-0.0112865
73.685,0.339307,0.354146,0.352826,-0.0148393
73.69,0.332327,0.35413,0.352801,-0.0218037
73.695,0.319323,0.354114,0.352775,-0.0347911
73.7,0.311517,0.354099,0.352749,-0.0425817
73.705,0.309554,0.354083,0.352724,-0.0445296
73.71,0.312017,0.354068,0.352698,-0.0420515
73.715,0.313623,0.354053,0.352673,-0.0404297
73.72,0.302715,0.354038,0.352647,-0.0513227
73.725,0.303142,0.354023,0.352621,-0.0508813
73.73,0.305169,0.354008,0.352596,-0.0488392
73.735,0.312154,0.353994,0.35257,-0.04184
73.74,0.315248,0.35398,0.352544,-0.0387313
73.745,0.312423,0.353965,0.352519,-0.0415428
73.75,0.308803,0.353951,0.352493,-0.0451479
73.755,0.317345,0.353938,0.352467,-0.0365928
73.76,0.309845,0.353924,0.352442,-0.0440788
73.765,0.317474,0.353911,0.352416,-0.0364364
73.77,0.32037,0.353897,0.35239,-0.0335271
73.775,0.332343,0.353884,0.352365,-0.0215412
73.78,0.336277,0.353872,0.352339,-0.0175944
73.785,0.338285,0.353859,0.352313,-0.0155739
73.79,0.338029,0.353847,0.352287,-0.0158173
73.795,0.334229,0.353834,0.352262,-0.0196052
73.8,0.331589,0.353823,0.352236,-0.0222337
73.805,0.331182,0.353811,0.35221,-0.0226286
73.81,0.346218,0.353799,0.352185,-0.0075816
73.815,0.351251,0.353788,0.352159,-0.00253693
73.82,0.353032,0.353777,0.352133,-0.000745899
73.825,0.351412,0.353767,0.352107,-0.0023549
73.83,0.342098,0.353757,0.352082,-0.0116586
73.835,0.340898,0.353747,0.352056,-0.0128482
73.84,0.344553,0.353737,0.35203,-0.00918438
73.845,0.349579,0.353728,0.352004,-0.00414808
73.85,0.352721,0.353719,0.351979,-0.000997789
73.855,0.342451,0.35371,0.351953,-0.0112586
73.86,0.336327,0.353702,0.351927,-0.0173747
73.865,0.332882,0.353694,0.351901,-0.020812
73.87,0.331159,0.353687,0.351875,-0.0225278
73.875,0.326272,0.35368,0.35185,-0.0274073
73.88,0.320282,0.353673,0.351824,-0.0333912
73.885,0.33187,0.353667,0.351798,-0.0217969
73.89,0.330506,0.353662,0.351772,-0.0231563
73.895,0.331623,0.353657,0.351747,-0.0220342
73.9,0.324894,0.353653,0.351721,-0.0287592
73.905,0.31757,0.35365,0.351695,-0.03608
73.91,0.30953,0.353647,0.351669,-0.0441169
73.915,0.304735,0.353645,0.351643,-0.0489104
73.92,0.305468,0.353644,0.351617,-0.048176
73.925,0.308956,0.353644,0.351592,-0.0446874
73.93,0.311041,0.353645,0.351566,-0.0426032
73.935,0.310396,0.353647,0.35154,-0.0432509
73.94,0.313813,0.35365,0.351514,-0.039837
73.945,0.327719,0.353654,0.351488,-0.0259347
73.95,0.328402,0.35366,0.351462,-0.0252583
73.955,0.337826,0.353667,0.351437,-0.0158408
73.96,0.344185,0.353676,0.351411,-0.00949102
73.965,0.350972,0.353687,0.351385,-0.00271445
73.97,0.356365,0.3537,0.351359,0.00266531
73.975,0.342283,0.353714,0.351333,-0.0114317
73.98,0.333868,0.353732,0.351307,-0.0198636
73.985,0.324413,0.353752,0.351281,-0.0293386
73.99,0.327497,0.353774,0.351255,-0.0262771
73.995,0.334114,0.3538,0.351229,-0.0196862
74,0.338574,0.353829,0.351204,-0.0152552
74.005,0.341195,0.353862,0.351178,-0.0126668
74.01,0.348556,0.353899,0.351152,-0.00534215
74.015,0.366993,0.35394,0.351126,0.0130536
74.02,0.373285,0.353986,0.3511,0.0192994
74.025,0.373631,0.354037,0.351074,0.0195942
74.03,0.367279,0.354094,0.351048,0.0131845
74.035,0.362262,0.354158,0.351022,0.00810414
74.04,0.372988,0.354228,0.350996,0.01876
74.045,0.367804,0.354305,0.35097,0.013499
74.05,0.361889,0.354391,0.350944,0.00749763
74.055,0.355659,0.354486,0.350918,0.00117323
74.06,0.344367,0.35459,0.350892,-0.0102237
74.065,0.342739,0.354705,0.350866,-0.011966
74.07,0.342358,0.354832,0.35084,-0.0124739
74.075,0.341193,0.35497,0.350814,-0.0137776
74.08,0.33777,0.355123,0.350789,-0.017353
74.085,0.338234,0.355289,0.350763,-0.0170556
74.09,0.338032,0.355472,0.350737,-0.0174398
74.095,0.337738,0.355672,0.350711,-0.0179334
74.1,0.338633,0.35589,0.350685,-0.0172567
74.105,0.340911,0.356128,0.350659,-0.0152178
74.11,0.337715,0.356388,0.350633,-0.018673
74.115,0.345314,0.356672,0.350607,-0.0113573
74.12,0.358086,0.35698,0.350581,0.00110642
74.125,0.369393,0.357315,0.350555,0.0120782
74.13,0.3728,0.35768,0.350528,0.015121
74.135,0.375739,0.358075,0.350502,0.0176634
74.14,0.36885,0.358504,0.350476,0.0103464
74.145,0.363071,0.358969,0.35045,0.00410221
74.15,0.354166,0.359472,0.350424,-0.00530635
74.155,0.341046,0.360017,0.350398,-0.0189704
74.16,0.334139,0.360605,0.350372,-0.0264663
74.165,0.340405,0.36124,0.350346,-0.0208352
74.17,0.347994,0.361925,0.35032,-0.0139304
74.175,0.355768,0.362663,0.350294,-0.00689504
74.18,0.348399,0.363457,0.350268,-0.0150581
74.185,0.345238,0.364311,0.350242,-0.0190732
74.19,0.355146,0.365229,0.350216,-0.010083
74.195,0.367248,0.366214,0.35019,0.00103389
74.2,0.380196,0.367271,0.350164,0.0129249
74.205,0.387263,0.368403,0.350137,0.0188601
74.21,0.401002,0.369614,0.350111,0.0313875
74.215,0.405276,0.370909,0.350085,0.0343667
74.22,0.408807,0.372293,0.350059,0.0365136
74.225,0.405485,0.373769,0.350033,0.0317163
74.23,0.396948,0.375343,0.350007,0.0216056
74.235,0.395644,0.377019,0.349981,0.0186255
74.24,0.396355,0.378801,0.349955,0.0175531
74.245,0.400082,0.380696,0.349929,0.0193855
74.25,0.411366,0.382708,0.349902,0.0286578
74.255,0.401702,0.384841,0.349876,0.0168612
74.26,0.402049,0.387101,0.34985,0.0149474
74.265,0.403758,0.389494,0.349824,0.0142643
74.27,0.402811,0.392023,0.349798,0.0107877
74.275,0.400165,0.394694,0.349772,0.0054707
74.28,0.3838,0.397513,0.349745,-0.0137126
74.285,0.385457,0.400483,0.349719,-0.0150254
74.29,0.396376,0.40361,0.349693,-0.00723361
74.295,0.407065,0.406898,0.349667,0.000166194
74.3,0.411715,0.410353,0.349641,0.00136167
74.305,0.40997,0.413978,0.349614,-0.00400825
74.31,0.419538,0.417778,0.349588,0.00175977
74.315,0.423082,0.421757,0.349562,0.00132561
74.32,0.430987,0.425918,0.349536,0.00506943
74.325,0.449152,0.430265,0.34951,0.0188871
74.33,0.461079,0.434802,0.349483,0.0262779
74.335,0.483011,0.43953,0.349457,0.0434809
74.34,0.498411,0.444453,0.349431,0.0539581
74.345,0.499442,0.449573,0.349405,0.0498687
74.35,0.502629,0.454891,0.349378,0.0477382
74.355,0.499801,0.460409,0.349352,0.0393924
74.36,0.508877,0.466126,0.349326,0.0427502
74.365,0.510123,0.472045,0.3493,0.038078
74.37,0.507484,0.478163,0.349273,0.0293211
74.375,0.504063,0.484481,0.349247,0.0195823
74.38,0.508316,0.490996,0.349221,0.0173206
74.385,0.52326,0.497706,0.349195,0.0255536
74.39,0.541598,0.50461,0.349168,0.0369884
74.395,0.552526,0.511702,0.349142,0.0408238
74.4,0.566484,0.51898,0.349116,0.047504
74.405,0.578341,0.526437,0.349089,0.0519043
74.41,0.5867,0.534069,0.349063,0.0526305
74.415,0.601519,0.54187,0.349037,0.0596491
74.42,0.599647,0.549831,0.34901,0.0498158
74.425,0.613928,0.557946,0.348984,0.055982
74.43,0.623805,0.566206,0.348958,0.0575986
74.435,0.619293,0.574601,0.348931,0.0446915
74.44,0.623125,0.583121,0.348905,0.0400032
74.445,0.622165,0.591756,0.348879,0.0304093
74.45,0.64358,0.600494,0.348852,0.0430859
74.455,0.664216,0.609322,0.348826,0.0548943
74.46,0.6847,0.618228,0.3488,0.0664721
74.465,0.710632,0.627197,0.348773,0.0834352
74.47,0.736044,0.636216,0.348747,0.0998283
74.475,0.757699,0.645269,0.348721,0.11243
74.48,0.765878,0.654341,0.348694,0.111537
74.485,0.759692,0.663415,0.348668,0.0962764
74.49,0.757605,0.672476,0.348641,0.0851292
74.495,0.771564,0.681504,0.348615,0.0900592
74.5,0.800584,0.690484,0.348589,0.1101
74.505,0.811858,0.699397,0.348562,0.112461
74.51,0.806174,0.708223,0.348536,0.0979509
74.515,0.815525,0.716946,0.348509,0.098579
74.52,0.821732,0.725545,0.348483,0.0961872
74.525,0.835999,0.734002,0.348456,0.101997
74.53,0.861756,0.742297,0.34843,0.119459
74.535,0.865775,0.75041,0.348404,0.115365
74.54,0.875038,0.758324,0.348377,0.116714
74.545,0.882364,0.766018,0.348351,0.116346
74.55,0.893892,0.773473,0.348324,0.120419
74.555,0.908024,0.780672,0.348298,0.127353
74.56,0.917122,0.787594,0.348271,0.129528
74.565,0.912842,0.794222,0.348245,0.11862
74.57,0.91563,0.800539,0.348218,0.115092
74.575,0.925027,0.806527,0.348192,0.1185
74.58,0.920305,0.81217,0.348165,0.108135
74.585,0.92621,0.817452,0.348139,0.108759
74.59,0.927278,0.822358,0.348112,0.104919
74.595,0.934899,0.826875,0.348086,0.108025
74.6,0.919279,0.830989,0.348059,0.0882901
74.605,0.907677,0.834687,0.348033,0.0729897
74.61,0.893833,0.83796,0.348006,0.0558725
74.615,0.909598,0.840797,0.34798,0.0688012
74.62,0.922313,0.84319,0.347953,0.0791232
74.625,0.914206,0.84513,0.347927,0.0690756
74.63,0.902222,0.846614,0.3479,0.0556081
74.635,0.907558,0.847634,0.347874,0.0599235
74.64,0.930031,0.84819,0.347847,0.0818414
74.645,0.936549,0.848278,0.34782,0.0882709
74.65,0.935034,0.847898,0.347794,0.0871366
74.655,0.93127,0.847052,0.347767,0.084219
74.66,0.922742,0.845741,0.347741,0.0770014
74.665,0.92757,0.84397,0.347714,0.0836001
74.67,0.900127,0.841744,0.347688,0.0583822
74.675,0.894593,0.83907,0.347661,0.0555226
74.68,0.891241,0.835956,0.347634,0.0552849
74.685,0.901676,0.832411,0.347608,0.0692648
74.69,0.880214,0.828445,0.347581,0.0517689
74.695,0.862098,0.82407,0.347555,0.0380279
74.7,0.845253,0.819298,0.347528,0.0259545
74.705,0.842335,0.814144,0.347501,0.0281915
74.71,0.852844,0.808621,0.347475,0.0442229
74.715,0.833907,0.802746,0.347448,0.0311619
74.72,0.826535,0.796533,0.347421,0.0300018
74.725,0.804222,0.790001,0.347395,0.0142215
74.73,0.812729,0.783166,0.347368,0.0295631
74.735,0.811465,0.776046,0.347341,0.0354198
74.74,0.812902,0.768659,0.347315,0.0442425
74.745,0.811812,0.761025,0.347288,0.0507865
74.75,0.800163,0.753163,0.347261,0.0470003
74.755,0.786527,0.74509,0.347235,0.0414366
74.76,0.775422,0.736827,0.347208,0.0385941
74.765,0.752434,0.728394,0.347181,0.0240406
74.77,0.762199,0.719808,0.347155,0.0423902
74.775,0.771773,0.71109,0.347128,0.0606824
74.78,0.757469,0.702259,0.347101,0.05521
74.785,0.767545,0.693333,0.347075,0.0742114
74.79,0.739278,0.684332,0.347048,0.0549467
74.795,0.736276,0.675272,0.347021,0.0610038
74.8,0.712501,0.666173,0.346994,0.0463277
74.805,0.70153,0.657052,0.346968,0.0444779
74.81,0.701861,0.647925,0.346941,0.0539364
74.815,0.700786,0.63881,0.346914,0.0619762
74.82,0.69401,0.629721,0.346887,0.0642886
74.825,0.679547,0.620675,0.346861,0.0588718
74.83,0.670802,0.611687,0.346834,0.0591157
74.835,0.679553,0.602769,0.346807,0.0767832
74.84,0.685481,0.593936,0.34678,0.0915443
74.845,0.685771,0.585201,0.346753,0.10057
74.85,0.675408,0.576575,0.346727,0.0988337
74.855,0.673649,0.568069,0.3467,0.10558
74.86,0.668327,0.559694,0.346673,0.108633
74.865,0.666743,0.55146,0.346646,0.115283
74.87,0.659783,0.543375,0.346619,0.116408
74.875,0.649308,0.535448,0.346593,0.11386
74.88,0.627855,0.527687,0.346566,0.100168
74.885,0.611749,0.520097,0.346539,0.0916524
74.89,0.595579,0.512685,0.346512,0.0828935
74.895,0.584018,0.505457,0.346485,0.0785607
74.9,0.585693,0.498416,0.346458,0.0872775
74.905,0.576146,0.491567,0.346432,0.0845798
74.91,0.56041,0.484912,0.346405,0.0754984
74.915,0.534576,0.478454,0.346378,0.0561217
74.92,0.516785,0.472195,0.346351,0.0445901
74.925,0.515193,0.466136,0.346324,0.0490562
74.93,0.513631,0.460278,0.346297,0.0533525
74.935,0.518065,0.454621,0.34627,0.0634434
74.94,0.521299,0.449164,0.346243,0.0721346
74.945,0.518768,0.443907,0.346217,0.0748616
74.95,0.514015,0.438847,0.34619,0.0751681
74.955,0.50189,0.433984,0.346163,0.0679065
74.96,0.499079,0.429314,0.346136,0.0697652
74.965,0.501305,0.424835,0.346109,0.0764701
74.97,0.501614,0.420544,0.346082,0.0810694
74.975,0.493269,0.416438,0.346055,0.0768313
74.98,0.488789,0.412513,0.346028,0.0762757
74.985,0.473095,0.408765,0.346001,0.0643296
74.99,0.472322,0.40519,0.345974,0.0671322
74.995,0.461883,0.401784,0.345947,0.0600987
75,0.45739,0.398542,0.34592,0.0588476
75.005,0.456489,0.39546,0.345893,0.0610293
75.01,0.455906,0.392532,0.345866,0.0633739
75.015,0.440929,0.389754,0.345839,0.0511748
75.02,0.424197,0.387121,0.345812,0.0370756
75.025,0.41606,0.384628,0.345785,0.0314317
75.03,0.405062,0.38227,0.345758,0.0227915
75.035,0.407989,0.380042,0.345731,0.0279464
75.04,0.397559,0.377939,0.345704,0.0196196
75.045,0.404869,0.375956,0.345677,0.0289132
75.05,0.414367,0.374088,0.34565,0.0402794
75.055,0.418705,0.372329,0.345623,0.0463758
75.06,0.418756,0.370676,0.345596,0.0480793
75.065,0.414653,0.369124,0.345569,0.0455293
75.07,0.406978,0.367667,0.345542,0.0393111
75.075,0.399185,0.366302,0.345515,0.0328826
75.08,0.394636,0.365024,0.345488,0.0296121
75.085,0.395822,0.363828,0.345461,0.0319937
75.09,0.391839,0.362711,0.345434,0.0291287
75.095,0.396243,0.361667,0.345407,0.0345754
75.1,0.387372,0.360695,0.34538,0.026677
75.105,0.383956,0.359789,0.345353,0.0241672
75.11,0.380262,0.358946,0.345326,0.021316
75.115,0.376174,0.358163,0.345298,0.0180111
75.12,0.378417,0.357436,0.345271,0.0209811
75.125,0.385724,0.356762,0.345244,0.0289619
75.13,0.384731,0.356138,0.345217,0.0285928
75.135,0.396948,0.355561,0.34519,0.041387
75.14,0.393988,0.355029,0.345163,0.038959
75.145,0.392225,0.354538,0.345136,0.037687
75.15,0.394208,0.354087,0.345109,0.0401215
75.155,0.383713,0.353672,0.345081,0.0300408
75.16,0.376596,0.353293,0.345054,0.0233032
75.165,0.377915,0.352945,0.345027,0.024969
75.17,0.370347,0.352629,0.345,0.0177179
75.175,0.370588,0.352342,0.344973,0.0182467
75.18,0.371336,0.352081,0.344946,0.0192546
75.185,0.365239,0.351847,0.344918,0.0133919
75.19,0.378648,0.351636,0.344891,0.0270122
75.195,0.382327,0.351448,0.344864,0.030879
75.2,0.382934,0.351282,0.344837,0.0316522
75.205,0.382002,0.351136,0.34481,0.0308659
75.21,0.376672,0.351009,0.344782,0.025663
75.215,0.377384,0.3509,0.344755,0.0264832
75.22,0.380201,0.350809,0.344728,0.0293919
75.225,0.393442,0.350734,0.344701,0.0427083
75.23,0.384103,0.350675,0.344673,0.0334279
75.235,0.38446,0.350631,0.344646,0.0338291
75.24,0.372621,0.350601,0.344619,0.0220199
75.245,0.371298,0.350585,0.344592,0.020713
75.25,0.37139,0.350583,0.344564,0.0208071
75.255,0.371896,0.350593,0.344537,0.0213033
75.26,0.369068,0.350616,0.34451,0.0184524
75.265,0.36949,0.35065,0.344483,0.0188391
75.27,0.368265,0.350697,0.344455,0.0175675
75.275,0.367292,0.350755,0.344428,0.0165367
75.28,0.366115,0.350825,0.344401,0.0152898
75.285,0.36903,0.350905,0.344373,0.0181245
75.29,0.369302,0.350997,0.344346,0.0183049
75.295,0.361873,0.351099,0.344319,0.0107739
75.3,0.35472,0.351212,0.344291,0.003508
75.305,0.354071,0.351335,0.344264,0.00273626
75.31,0.358441,0.351469,0.344237,0.00697221
75.315,0.359012,0.351613,0.344209,0.00739912
75.32,0.358815,0.351768,0.344182,0.00704743
75.325,0.365543,0.351932,0.344155,0.0136104
75.33,0.372844,0.352107,0.344127,0.0207375
75.335,0.377151,0.352292,0.3441,0.0248593
75.34,0.370564,0.352487,0.344073,0.0180774
75.345,0.372218,0.352692,0.344045,0.019526
75.35,0.377973,0.352907,0.344018,0.0250665
75.355,0.37319,0.353132,0.34399,0.0200584
75.36,0.352515,0.353367,0.343963,-0.000851239
75.365,0.335865,0.353611,0.343936,-0.0177465
75.37,0.340657,0.353866,0.343908,-0.0132084
75.375,0.350458,0.35413,0.343881,-0.00367195
75.38,0.360659,0.354404,0.343853,0.00625576
75.385,0.370102,0.354687,0.343826,0.015415
75.39,0.373552,0.354979,0.343798,0.0185732
75.395,0.380063,0.355281,0.343771,0.0247824
75.4,0.378934,0.355592,0.343743,0.0233423
75.405,0.369455,0.355911,0.343716,0.0135436
75.41,0.365263,0.35624,0.343689,0.00902317
75.415,0.360663,0.356577,0.343661,0.00408618
75.42,0.357892,0.356922,0.343634,0.00096962
75.425,0.356609,0.357275,0.343606,-0.000666099
75.43,0.363532,0.357636,0.343579,0.00589552
75.435,0.367815,0.358004,0.343551,0.00981072
75.44,0.361772,0.35838,0.343524,0.0033917
75.445,0.353231,0.358762,0.343496,-0.00553082
75.45,0.333368,0.359151,0.343469,-0.0257822
75.455,0.334665,0.359545,0.343441,-0.0248798
75.46,0.338532,0.359945,0.343414,-0.0214132
75.465,0.346432,0.360351,0.343386,-0.013919
75.47,0.342144,0.360761,0.343358,-0.018617
75.475,0.344223,0.361175,0.343331,-0.016952
75.48,0.340732,0.361592,0.343303,-0.0208604
75.485,0.351788,0.362013,0.343276,-0.0102249
75.49,0.345559,0.362436,0.343248,-0.0168775
75.495,0.353662,0.362862,0.343221,-0.00919966
75.5,0.354334,0.363288,0.343193,-0.0089543
75.505,0.353578,0.363715,0.343165,-0.0101371
75.51,0.355983,0.364142,0.343138,-0.00815935
75.515,0.364441,0.364568,0.34311,-0.000126932
75.52,0.366977,0.364993,0.343083,0.00198422
75.525,0.355828,0.365416,0.343055,-0.00958735
75.53,0.357989,0.365835,0.343027,-0.00784602
75.535,0.354492,0.366251,0.343,-0.0117587
75.54,0.356483,0.366662,0.342972,-0.010179
75.545,0.349816,0.367068,0.342945,-0.0172522
75.55,0.344435,0.367468,0.342917,-0.023033
75.555,0.33784,0.36786,0.342889,-0.03002
75.56,0.334117,0.368245,0.342862,-0.0341284
75.565,0.332806,0.368621,0.342834,-0.0358145
75.57,0.332676,0.368987,0.342806,-0.0363111
75.575,0.343089,0.369343,0.342779,-0.0262534
75.58,0.337642,0.369687,0.342751,-0.0320443
75.585,0.340528,0.370019,0.342723,-0.0294907
75.59,0.343712,0.370337,0.342696,-0.0266248
75.595,0.337186,0.370642,0.342668,-0.0334554
75.6,0.33899,0.370931,0.34264,-0.0319413
75.605,0.342455,0.371204,0.342612,-0.0287493
75.61,0.339145,0.371461,0.342585,-0.0323165
75.615,0.340417,0.371701,0.342557,-0.0312838
75.62,0.349693,0.371922,0.342529,-0.0222289
75.625,0.359222,0.372124,0.342501,-0.0129013
75.63,0.370894,0.372306,0.342474,-0.00141206
75.635,0.384455,0.372468,0.342446,0.011987
75.64,0.383863,0.372608,0.342418,0.0112547
75.645,0.373469,0.372728,0.34239,0.0007408
75.65,0.361055,0.372825,0.342363,-0.0117698
75.655,0.347449,0.3729,0.342335,-0.0254507
75.66,0.353746,0.372951,0.342307,-0.0192053
75.665,0.35511,0.37298,0.342279,-0.01787
75.67,0.363019,0.372986,0.342251,-0.00996613
75.675,0.367399,0.372967,0.342224,-0.00556806
75.68,0.365703,0.372926,0.342196,-0.00722294
75.685,0.369943,0.37286,0.342168,-0.002917
75.69,0.357357,0.372772,0.34214,-0.0154146
75.695,0.356546,0.37266,0.342112,-0.0161142
75.7,0.350883,0.372525,0.342084,-0.0216421
75.705,0.339184,0.372368,0.342057,-0.0331836
75.71,0.318989,0.372188,0.342029,-0.0531991
75.715,0.325597,0.371986,0.342001,-0.0463895
75.72,0.331037,0.371763,0.341973,-0.0407269
75.725,0.331457,0.37152,0.341945,-0.0400628
75.73,0.334265,0.371256,0.341917,-0.0369911
75.735,0.322693,0.370973,0.341889,-0.0482801
75.74,0.343172,0.370672,0.341862,-0.0275
75.745,0.351794,0.370352,0.341834,-0.018558
75.75,0.356692,0.370016,0.341806,-0.0133234
75.755,0.360431,0.369663,0.341778,-0.00923225
75.76,0.356958,0.369295,0.34175,-0.0123363
75.765,0.36849,0.368912,0.341722,-0.000421843
75.77,0.365591,0.368515,0.341694,-0.00292396
75.775,0.363156,0.368106,0.341666,-0.0049498
75.78,0.365826,0.367685,0.341638,-0.00185856
75.785,0.355747,0.367253,0.34161,-0.0115062
75.79,0.343706,0.366811,0.341582,-0.0231043
75.795,0.343185,0.366359,0.341554,-0.0231737
75.8,0.352337,0.365899,0.341526,-0.0135624
75.805,0.362162,0.365432,0.341498,-0.00326943
75.81,0.378564,0.364958,0.34147,0.0136059
75.815,0.36788,0.364478,0.341442,0.0034024
75.82,0.352765,0.363993,0.341414,-0.0112273
75.825,0.332305,0.363504,0.341386,-0.031199
75.83,0.337091,0.363011,0.341358,-0.0259206
75.835,0.347528,0.362516,0.34133,-0.0149879
75.84,0.353521,0.362019,0.341302,-0.00849792
75.845,0.347434,0.361521,0.341274,-0.0140865
75.85,0.341235,0.361022,0.341246,-0.0197873
75.855,0.336195,0.360523,0.341218,-0.0243285
75.86,0.33752,0.360026,0.34119,-0.0225059
75.865,0.332132,0.359529,0.341162,-0.027398
75.87,0.328444,0.359035,0.341134,-0.0305909
75.875,0.335355,0.358544,0.341106,-0.0231886
75.88,0.341701,0.358055,0.341078,-0.0163546
75.885,0.354099,0.357571,0.34105,-0.00347206
75.89,0.355919,0.35709,0.341022,-0.00117178
75.895,0.363884,0.356615,0.340993,0.00726963
75.9,0.350635,0.356144,0.340965,-0.00550956
75.905,0.353598,0.355679,0.340937,-0.00208089
75.91,0.361232,0.35522,0.340909,0.00601191
75.915,0.357084,0.354767,0.340881,0.00231681
75.92,0.351647,0.354321,0.340853,-0.00267445
75.925,0.330083,0.353882,0.340825,-0.0237992
75.93,0.324408,0.35345,0.340796,-0.0290427
75.935,0.330597,0.353026,0.340768,-0.0224289
75.94,0.340905,0.352609,0.34074,-0.0117039
75.945,0.331782,0.352201,0.340712,-0.0204191
75.95,0.326743,0.3518,0.340684,-0.0250568
75.955,0.33517,0.351408,0.340656,-0.0162386
75.96,0.350515,0.351024,0.340627,-0.000509646
75.965,0.349296,0.350649,0.340599,-0.00135292
75.97,0.344045,0.350283,0.340571,-0.00623737
75.975,0.33295,0.349925,0.340543,-0.0169748
75.98,0.330311,0.349576,0.340515,-0.0192646
75.985,0.339409,0.349236,0.340486,-0.00982656
75.99,0.334079,0.348905,0.340458,-0.0148262
75.995,0.334685,0.348582,0.34043,-0.0138972
76,0.336095,0.348269,0.340402,-0.0121742
76.005,0.332567,0.347964,0.340373,-0.0153969
76.01,0.337783,0.347668,0.340345,-0.00988532
76.015,0.335054,0.347381,0.340317,-0.0123269
76.02,0.327674,0.347102,0.340289,-0.0194275
76.025,0.330826,0.346831,0.34026,-0.0160058
76.03,0.32898,0.346569,0.340232,-0.0175892
76.035,0.343689,0.346316,0.340204,-0.00262706
76.04,0.338525,0.34607,0.340175,-0.00754529
76.045,0.331857,0.345833,0.340147,-0.0139754
76.05,0.337954,0.345603,0.340119,-0.00764893
76.055,0.33815,0.345381,0.34009,-0.00723102
76.06,0.342603,0.345167,0.340062,-0.00256408
76.065,0.335844,0.344959,0.340034,-0.00911583
76.07,0.323008,0.34476,0.340005,-0.0217521
76.075,0.314296,0.344567,0.339977,-0.030271
76.08,0.317863,0.344381,0.339949,-0.0265174
76.085,0.316994,0.344201,0.33992,-0.0272075
76.09,0.333859,0.344028,0.339892,-0.0101696
76.095,0.347012,0.343862,0.339864,0.00315019
76.1,0.350564,0.343701,0.339835,0.00686339
76.105,0.338115,0.343546,0.339807,-0.0054308
76.11,0.318901,0.343397,0.339778,-0.0244962
76.115,0.310713,0.343253,0.33975,-0.0325406
76.12,0.316064,0.343115,0.339722,-0.0270514
76.125,0.330419,0.342982,0.339693,-0.0125628
76.13,0.342383,0.342854,0.339665,-0.000470554
76.135,0.345625,0.34273,0.339636,0.00289448
76.14,0.348981,0.342611,0.339608,0.00636936
76.145,0.356186,0.342497,0.339579,0.0136889
76.15,0.36702,0.342386,0.339551,0.0246331
76.155,0.360681,0.34228,0.339522,0.018401
76.16,0.349458,0.342178,0.339494,0.00728019
76.165,0.337352,0.342079,0.339465,-0.00472695
76.17,0.333766,0.341984,0.339437,-0.00821743
76.175,0.338776,0.341892,0.339409,-0.00311612
76.18,0.332276,0.341803,0.33938,-0.00952713
76.185,0.324336,0.341717,0.339351,-0.0173812
76.19,0.334605,0.341635,0.339323,-0.00702953
76.195,0.343286,0.341555,0.339294,0.00173142
76.2,0.347591,0.341477,0.339266,0.00611334
76.205,0.343037,0.341403,0.339237,0.00163436
76.21,0.344033,0.34133,0.339209,0.00270272
76.215,0.346297,0.34126,0.33918,0.00503656
76.22,0.351194,0.341192,0.339152,0.0100019
76.225,0.351245,0.341126,0.339123,0.0101193
76.23,0.341809,0.341062,0.339095,0.000746501
76.235,0.339827,0.341,0.339066,-0.00117332
76.24,0.344134,0.340939,0.339037,0.00319421
76.245,0.340256,0.340881,0.339009,-0.000624556
76.25,0.338159,0.340823,0.33898,-0.00266473
76.255,0.327864,0.340767,0.338952,-0.0129035
76.26,0.322258,0.340713,0.338923,-0.0184552
76.265,0.321735,0.34066,0.338894,-0.0189247
76.27,0.334256,0.340608,0.338866,-0.0063519
76.275,0.33927,0.340557,0.338837,-0.00128744
76.28,0.346409,0.340507,0.338808,0.00590122
76.285,0.346844,0.340459,0.33878,0.00638505
76.29,0.350235,0.340411,0.338751,0.00982458
76.295,0.349816,0.340364,0.338722,0.00945208
76.3,0.341816,0.340318,0.338694,0.00149796
76.305,0.344369,0.340273,0.338665,0.00409652
76.31,0.349199,0.340229,0.338636,0.00897028
76.315,0.34808,0.340185,0.338608,0.00789513
76.32,0.356815,0.340142,0.338579,0.0166735
76.325,0.346842,0.340099,0.33855,0.00674282
76.33,0.3305,0.340058,0.338522,-0.00955744
76.335,0.326042,0.340016,0.338493,-0.0139748
76.34,0.332109,0.339976,0.338464,-0.00786662
76.345,0.344868,0.339935,0.338435,0.00493311
76.35,0.364652,0.339896,0.338407,0.0247565
76.355,0.352037,0.339856,0.338378,0.0121802
76.36,0.349181,0.339817,0.338349,0.00936399
76.365,0.337114,0.339779,0.33832,-0.00266505
76.37,0.33531,0.339741,0.338292,-0.00443025
76.375,0.331234,0.339703,0.338263,-0.00846841
76.38,0.327575,0.339665,0.338234,-0.01209
76.385,0.312134,0.339628,0.338205,-0.0274944
76.39,0.317013,0.339591,0.338176,-0.0225779
76.395,0.321733,0.339555,0.338148,-0.0178212
76.4,0.323442,0.339518,0.338119,-0.0160766
76.405,0.330052,0.339482,0.33809,-0.00943048
76.41,0.329746,0.339446,0.338061,-0.00970074
76.415,0.328754,0.339411,0.338032,-0.0106563
76.42,0.333411,0.339375,0.338003,-0.005964
76.425,0.329801,0.33934,0.337975,-0.00953941
76.43,0.33283,0.339305,0.337946,-0.00647551
76.435,0.340221,0.33927,0.337917,0.000950664
76.44,0.34054,0.339235,0.337888,0.00130469
76.445,0.339922,0.339201,0.337859,0.000721281
76.45,0.324757,0.339167,0.33783,-0.01441
76.455,0.324713,0.339132,0.337801,-0.0144192
76.46,0.32253,0.339098,0.337772,-0.0165681
76.465,0.325017,0.339065,0.337743,-0.0140478
76.47,0.331606,0.339031,0.337715,-0.00742515
76.475,0.328715,0.338997,0.337686,-0.0102825
76.48,0.329098,0.338964,0.337657,-0.00986535
76.485,0.334127,0.33893,0.337628,-0.00480365
76.49,0.344398,0.338897,0.337599,0.00550062
76.495,0.34397,0.338864,0.33757,0.00510656
76.5,0.339249,0.338831,0.337541,0.000417892
76.505,0.315245,0.338798,0.337512,-0.0235527
76.51,0.320154,0.338765,0.337483,-0.0186111
76.515,0.32535,0.338732,0.337454,-0.0133823
76.52,0.32283,0.3387,0.337425,-0.0158695
76.525,0.317937,0.338667,0.337396,-0.0207301
76.53,0.315831,0.338635,0.337367,-0.0228042
76.535,0.315668,0.338602,0.337338,-0.0229343
76.54,0.325201,0.33857,0.337309,-0.0133694
76.545,0.333072,0.338538,0.33728,-0.00546579
76.55,0.338811,0.338506,0.337251,0.000305064
76.555,0.356589,0.338474,0.337222,0.0181149
76.56,0.352242,0.338442,0.337193,0.0137998
76.565,0.351511,0.33841,0.337164,0.013101
76.57,0.352387,0.338378,0.337135,0.0140089
76.575,0.351168,0.338347,0.337105,0.0128215
76.58,0.343943,0.338315,0.337076,0.00562796
76.585,0.337232,0.338283,0.337047,-0.0010517
76.59,0.347842,0.338252,0.337018,0.00958961
76.595,0.358696,0.338221,0.336989,0.0204758
76.6,0.350611,0.338189,0.33696,0.0124219
76.605,0.346755,0.338158,0.336931,0.0085974
76.61,0.331543,0.338127,0.336902,-0.00658366
76.615,0.327412,0.338096,0.336873,-0.0106837
76.62,0.313144,0.338065,0.336843,-0.024921
76.625,0.313963,0.338034,0.336814,-0.0240703
76.63,0.318588,0.338003,0.336785,-0.0194152
76.635,0.328231,0.337972,0.336756,-0.00974061
76.64,0.332743,0.337941,0.336727,-0.00519814
76.645,0.334011,0.33791,0.336698,-0.00389953
76.65,0.33297,0.33788,0.336668,-0.00490967
76.655,0.338306,0.337849,0.336639,0.000456533
76.66,0.337656,0.337819,0.33661,-0.000162525
76.665,0.338386,0.337788,0.336581,0.000598199
76.67,0.356282,0.337758,0.336552,0.0185248
76.675,0.354869,0.337727,0.336522,0.0171422
76.68,0.347557,0.337697,0.336493,0.00985971
76.685,0.33904,0.337667,0.336464,0.00137303
76.69,0.341592,0.337636,0.336435,0.00395585
76.695,0.343295,0.337606,0.336405,0.00568853
76.7,0.3445,0.337576,0.336376,0.00692357
76.705,0.344241,0.337546,0.336347,0.00669498
76.71,0.34365,0.337516,0.336317,0.00613373
76.715,0.350274,0.337486,0.336288,0.0127882
76.72,0.347097,0.337456,0.336259,0.00964074
76.725,0.345441,0.337426,0.33623,0.00801413
76.73,0.353528,0.337397,0.3362,0.0161312
76.735,0.360997,0.337367,0.336171,0.0236297
76.74,0.358125,0.337337,0.336142,0.020788
76.745,0.356275,0.337308,0.336112,0.0189677
76.75,0.351627,0.337278,0.336083,0.0143485
76.755,0.341128,0.337249,0.336054,0.00387901
76.76,0.352454,0.337219,0.336024,0.0152351
76.765,0.348064,0.33719,0.335995,0.0108747
76.77,0.350029,0.33716,0.335965,0.0128688
76.775,0.347863,0.337131,0.335936,0.0107317
76.78,0.338385,0.337102,0.335907,0.00128338
76.785,0.348329,0.337072,0.335877,0.0112567
76.79,0.361973,0.337043,0.335848,0.0249299
76.795,0.369645,0.337014,0.335819,0.0326305
76.8,0.354451,0.336985,0.335789,0.017466
76.805,0.345054,0.336956,0.33576,0.00809758
76.81,0.345517,0.336927,0.33573,0.00859054
76.815,0.344768,0.336898,0.335701,0.00787035
76.82,0.348849,0.336869,0.335671,0.0119802
76.825,0.327887,0.33684,0.335642,-0.00895345
76.83,0.327072,0.336811,0.335612,-0.0097393
76.835,0.321845,0.336783,0.335583,-0.0149381
76.84,0.316878,0.336754,0.335553,-0.0198758
76.845,0.316511,0.336725,0.335524,-0.0202138
76.85,0.329021,0.336697,0.335494,-0.00767565
76.855,0.345139,0.336668,0.335465,0.00847113
76.86,0.356105,0.33664,0.335435,0.0194659
76.865,0.359847,0.336611,0.335406,0.023236
76.87,0.358925,0.336583,0.335376,0.0223424
76.875,0.3627,0.336554,0.335347,0.0261463
76.88,0.366043,0.336526,0.335317,0.0295173
76.885,0.36455,0.336498,0.335288,0.0280528
76.89,0.360167,0.336469,0.335258,0.0236979
76.895,0.35268,0.336441,0.335229,0.0162392
76.9,0.35059,0.336413,0.335199,0.014177
76.905,0.346188,0.336385,0.335169,0.00980364
76.91,0.338545,0.336357,0.33514,0.00218792
76.915,0.331776,0.336329,0.33511,-0.0045531
76.92,0.331415,0.336301,0.335081,-0.00488567
76.925,0.339586,0.336273,0.335051,0.00331354
76.93,0.361505,0.336245,0.335021,0.0252601
76.935,0.356343,0.336217,0.334992,0.0201262
76.94,0.352287,0.336189,0.334962,0.0160975
76.945,0.353498,0.336161,0.334933,0.0173362
76.95,0.344533,0.336134,0.334903,0.00839943
76.955,0.347346,0.336106,0.334873,0.01124
76.96,0.346141,0.336078,0.334844,0.0100628
76.965,0.340138,0.336051,0.334814,0.00408697
76.97,0.343386,0.336023,0.334784,0.00736213
76.975,0.336248,0.335996,0.334754,0.000252525
76.98,0.326503,0.335969,0.334725,-0.00946565
76.985,0.329638,0.335941,0.334695,-0.00630355
76.99,0.33979,0.335914,0.334665,0.00387637
76.995,0.350364,0.335887,0.334636,0.0144772
77,0.36597,0.335859,0.334606,0.0301109
77.005,0.368946,0.335832,0.334576,0.0331143
77.01,0.372951,0.335805,0.334546,0.0371462
77.015,0.374601,0.335778,0.334517,0.0388228
77.02,0.371814,0.335751,0.334487,0.0360628
77.025,0.366085,0.335724,0.334457,0.0303613
77.03,0.365559,0.335697,0.334427,0.029862
77.035,0.360165,0.33567,0.334398,0.0244946
77.04,0.347629,0.335643,0.334368,0.0119859
77.045,0.345057,0.335616,0.334338,0.0094404
77.05,0.349679,0.33559,0.334308,0.014089
77.055,0.351661,0.335563,0.334278,0.0160981
77.06,0.348204,0.335536,0.334249,0.0126672
77.065,0.341792,0.33551,0.334219,0.00628262
77.07,0.35041,0.335483,0.334189,0.0149263
77.075,0.347819,0.335457,0.334159,0.0123626
77.08,0.343366,0.33543,0.334129,0.00793578
77.085,0.319249,0.335404,0.334099,-0.0161553
77.09,0.321928,0.335378,0.334069,-0.01345
77.095,0.337974,0.335352,0.33404,0.00262271
77.1,0.346146,0.335325,0.33401,0.010821
77.105,0.353061,0.335299,0.33398,0.0177621
77.11,0.354381,0.335273,0.33395,0.0191081
77.115,0.349279,0.335247,0.33392,0.0140321
77.12,0.358542,0.335221,0.33389,0.0233204
77.125,0.349511,0.335195,0.33386,0.0143154
77.13,0.349552,0.335169,0.33383,0.0143823
77.135,0.34382,0.335144,0.3338,0.00867614
77.14,0.338366,0.335118,0.33377,0.0032481
77.145,0.335546,0.335092,0.33374,0.000454171
77.15,0.348279,0.335067,0.33371,0.0132123
77.155,0.351039,0.335041,0.33368,0.015998
77.16,0.363089,0.335015,0.33365,0.0280731
77.165,0.349525,0.33499,0.33362,0.0145351
77.17,0.349468,0.334965,0.33359,0.0145029
77.175,0.345028,0.334939,0.33356,0.0100884
77.18,0.339954,0.334914,0.33353,0.00503997
77.185,0.34698,0.334889,0.3335,0.012091
77.19,0.348001,0.334864,0.33347,0.0131367
77.195,0.351426,0.334839,0.33344,0.016587
77.2,0.352174,0.334814,0.33341,0.01736
77.205,0.352233,0.334789,0.33338,0.0174437
77.21,0.362114,0.334764,0.33335,0.0273498
77.215,0.351379,0.334739,0.33332,0.0166394
77.22,0.353648,0.334715,0.33329,0.0189329
77.225,0.34186,0.33469,0.33326,0.00716966
77.23,0.349295,0.334666,0.33323,0.0146295
77.235,0.362012,0.334641,0.3332,0.0273707
77.24,0.362698,0.334617,0.333169,0.0280814
77.245,0.360546,0.334592,0.333139,0.0259533
77.25,0.352025,0.334568,0.333109,0.0174569
77.255,0.346349,0.334544,0.333079,0.0118053
77.26,0.34344,0.33452,0.333049,0.00891999
77.265,0.338447,0.334496,0.333019,0.00395168
77.27,0.322389,0.334472,0.332989,-0.0120824
77.275,0.317991,0.334448,0.332958,-0.0164575
77.28,0.312116,0.334424,0.332928,-0.0223082
77.285,0.304952,0.334401,0.332898,-0.0294488
77.29,0.308051,0.334377,0.332868,-0.0263264
77.295,0.309242,0.334353,0.332838,-0.0251116
77.3,0.327773,0.33433,0.332807,-0.00655653
77.305,0.340371,0.334307,0.332777,0.00606443
77.31,0.343401,0.334283,0.332747,0.00911719
77.315,0.342799,0.33426,0.332717,0.00853881
77.32,0.34242,0.334237,0.332687,0.00818241
77.325,0.345583,0.334214,0.332656,0.0113688
77.33,0.338578,0.334191,0.332626,0.00438649
77.335,0.346897,0.334169,0.332596,0.012728
77.34,0.351039,0.334146,0.332565,0.0168934
77.345,0.354035,0.334123,0.332535,0.0199118
77.35,0.365089,0.334101,0.332505,0.030988
77.355,0.343465,0.334078,0.332475,0.00938624
77.36,0.333045,0.334056,0.332444,-0.00101154
77.365,0.328013,0.334034,0.332414,-0.00602085
77.37,0.33585,0.334012,0.332384,0.00183821
77.375,0.341953,0.33399,0.332353,0.00796275
77.38,0.348464,0.333968,0.332323,0.0144963
77.385,0.335995,0.333946,0.332293,0.00204841
77.39,0.336995,0.333925,0.332262,0.00307068
77.395,0.335943,0.333903,0.332232,0.00204005
77.4,0.3373,0.333882,0.332202,0.00341803
77.405,0.337781,0.33386,0.332171,0.00392115
77.41,0.342496,0.333839,0.332141,0.00865681
77.415,0.348422,0.333818,0.33211,0.0146041
77.42,0.339683,0.333797,0.33208,0.00588564
77.425,0.348437,0.333776,0.33205,0.0146604
77.43,0.347803,0.333756,0.332019,0.0140476
77.435,0.357703,0.333735,0.331989,0.0239683
77.44,0.365993,0.333715,0.331958,0.0322779
77.445,0.36457,0.333694,0.331928,0.0308753
77.45,0.352243,0.333674,0.331897,0.0185688
77.455,0.350627,0.333654,0.331867,0.0169724
77.46,0.349475,0.333634,0.331836,0.0158403
77.465,0.357829,0.333615,0.331806,0.024214
77.47,0.364561,0.333595,0.331775,0.0309658
77.475,0.354513,0.333576,0.331745,0.0209377
77.48,0.350302,0.333556,0.331714,0.0167451
77.485,0.342545,0.333537,0.331684,0.00900738
77.49,0.346094,0.333518,0.331653,0.0125756
77.495,0.340167,0.333499,0.331623,0.00666786
77.5,0.332323,0.333481,0.331592,-0.00115828
77.505,0.331542,0.333462,0.331562,-0.00192055
77.51,0.35157,0.333444,0.331531,0.0181258
77.515,0.352759,0.333426,0.331501,0.0193335
77.52,0.359705,0.333408,0.33147,0.0262972
77.525,0.353568,0.33339,0.331439,0.0201784
77.53,0.355045,0.333372,0.331409,0.0216728
77.535,0.353959,0.333355,0.331378,0.0206044
77.54,0.355261,0.333338,0.331348,0.0219231
77.545,0.360497,0.333321,0.331317,0.0271768
77.55,0.365184,0.333304,0.331286,0.0318801
77.555,0.371745,0.333287,0.331256,0.0384578
77.56,0.376653,0.33327,0.331225,0.0433824
77.565,0.369186,0.333254,0.331194,0.0359316
77.57,0.371335,0.333238,0.331164,0.0380974
77.575,0.351578,0.333222,0.331133,0.0183558
77.58,0.342129,0.333207,0.331102,0.00892284
77.585,0.352993,0.333191,0.331072,0.019802
77.59,0.357405,0.333176,0.331041,0.0242296
77.595,0.36505,0.333161,0.33101,0.0318892
77.6,0.370758,0.333146,0.33098,0.0376119
77.605,0.363037,0.333132,0.330949,0.029905
77.61,0.379573,0.333117,0.330918,0.046456
77.615,0.368266,0.333103,0.330888,0.0351631
77.62,0.364265,0.333089,0.330857,0.0311753
77.625,0.364505,0.333076,0.330826,0.0314289
77.63,0.355182,0.333063,0.330795,0.022119
77.635,0.358519,0.33305,0.330765,0.0254695
77.64,0.355727,0.333037,0.330734,0.0226897
77.645,0.361033,0.333024,0.330703,0.028009
77.65,0.361854,0.333012,0.330672,0.0288417
77.655,0.358158,0.333,0.330641,0.0251577
77.66,0.358994,0.332989,0.330611,0.0260055
77.665,0.347568,0.332977,0.33058,0.0145909
77.67,0.351013,0.332967,0.330549,0.0180468
77.675,0.347186,0.332956,0.330518,0.0142305
77.68,0.350216,0.332946,0.330487,0.0172709
77.685,0.359075,0.332936,0.330456,0.026139
77.69,0.349764,0.332926,0.330426,0.0168379
77.695,0.348175,0.332917,0.330395,0.0152576
77.7,0.343548,0.332908,0.330364,0.0106398
77.705,0.360764,0.3329,0.330333,0.0278646
77.71,0.370302,0.332892,0.330302,0.0374109
77.715,0.368056,0.332884,0.330271,0.0351726
77.72,0.35601,0.332877,0.33024,0.0231334
77.725,0.355177,0.33287,0.330209,0.0223072
77.73,0.358213,0.332864,0.330178,0.0253489
77.735,0.365249,0.332858,0.330147,0.0323914
77.74,0.36939,0.332853,0.330117,0.0365369
77.745,0.367873,0.332848,0.330086,0.0350255
77.75,0.372095,0.332844,0.330055,0.0392514
77.755,0.356974,0.33284,0.330024,0.0241335
77.76,0.354743,0.332837,0.329993,0.0219056
77.765,0.360485,0.332835,0.329962,0.02765
77.77,0.368641,0.332833,0.329931,0.0358081
77.775,0.366886,0.332832,0.3299,0.0340534
77.78,0.365974,0.332832,0.329869,0.0331419
77.785,0.371743,0.332833,0.329838,0.0389095
77.79,0.381961,0.332835,0.329807,0.0491267
77.795,0.392773,0.332837,0.329776,0.0599352
77.8,0.38198,0.332841,0.329745,0.0491387
77.805,0.364116,0.332846,0.329713,0.0312705
77.81,0.359241,0.332851,0.329682,0.0263891
77.815,0.370644,0.332859,0.329651,0.0377852
77.82,0.386478,0.332867,0.32962,0.053611
77.825,0.390434,0.332877,0.329589,0.0575567
77.83,0.378675,0.332888,0.329558,0.0457862
77.835,0.377293,0.332902,0.329527,0.0443912
77.84,0.383126,0.332917,0.329496,0.050209
77.845,0.380162,0.332934,0.329465,0.0472276
77.85,0.387881,0.332953,0.329434,0.0549281
77.855,0.379931,0.332975,0.329402,0.0469561
77.86,0.38481,0.332999,0.329371,0.0518104
77.865,0.390395,0.333026,0.32934,0.0573688
77.87,0.389873,0.333056,0.329309,0.056817
77.875,0.391574,0.33309,0.329278,0.0584844
77.88,0.386229,0.333127,0.329247,0.053102
77.885,0.376229,0.333168,0.329215,0.0430614
77.89,0.375984,0.333214,0.329184,0.0427704
77.895,0.381519,0.333264,0.329153,0.0482552
77.9,0.389303,0.333319,0.329122,0.0559842
77.905,0.389861,0.33338,0.329091,0.0564811
77.91,0.390587,0.333448,0.329059,0.0571398
77.915,0.381882,0.333522,0.329028,0.0483604
77.92,0.38141,0.333603,0.328997,0.047807
77.925,0.392142,0.333692,0.328966,0.0584501
77.93,0.399124,0.33379,0.328934,0.0653342
77.935,0.408289,0.333898,0.328903,0.0743917
77.94,0.410192,0.334016,0.328872,0.0761765
77.945,0.410246,0.334145,0.328841,0.0761015
77.95,0.423485,0.334286,0.328809,0.0891985
77.955,0.419074,0.334441,0.328778,0.0846326
77.96,0.398563,0.33461,0.328747,0.0639525
77.965,0.379727,0.334795,0.328715,0.0449317
77.97,0.383524,0.334997,0.328684,0.0485265
77.975,0.406278,0.335218,0.328653,0.0710601
77.98,0.415849,0.335459,0.328621,0.0803903
77.985,0.415934,0.335721,0.32859,0.0802121
77.99,0.416374,0.336008,0.328558,0.0803663
77.995,0.421981,0.336319,0.328527,0.0856616
78,0.428641,0.336658,0.328496,0.0919826
78.005,0.424062,0.337027,0.328464,0.0870348
78.01,0.418477,0.337428,0.328433,0.0810492
78.015,0.414582,0.337863,0.328401,0.0767182
78.02,0.408098,0.338336,0.32837,0.069762
78.025,0.411987,0.338849,0.328339,0.0731386
78.03,0.412545,0.339405,0.328307,0.0731402
78.035,0.424378,0.340007,0.328276,0.0843714
78.04,0.430135,0.340658,0.328244,0.0894771
78.045,0.427929,0.341363,0.328213,0.0865662
78.05,0.436034,0.342125,0.328181,0.0939088
78.055,0.415111,0.342948,0.32815,0.0721631
78.06,0.409375,0.343836,0.328118,0.0655393
78.065,0.41429,0.344793,0.328087,0.0694971
78.07,0.420966,0.345824,0.328055,0.0751413
78.075,0.419478,0.346935,0.328024,0.0725426
78.08,0.415569,0.34813,0.327992,0.0674389
78.085,0.419579,0.349414,0.327961,0.0701644
78.09,0.430963,0.350793,0.327929,0.08017
78.095,0.444804,0.352273,0.327898,0.0925309
78.1,0.433391,0.35386,0.327866,0.0795305
78.105,0.441076,0.355561,0.327835,0.0855156
78.11,0.448235,0.357381,0.327803,0.0908547
78.115,0.452826,0.359327,0.327771,0.0934994
78.12,0.458724,0.361407,0.32774,0.097317
78.125,0.462966,0.363628,0.327708,0.0993384
78.13,0.478554,0.365996,0.327677,0.112558
78.135,0.468963,0.368521,0.327645,0.100442
78.14,0.461275,0.371209,0.327613,0.0900661
78.145,0.459492,0.374069,0.327582,0.0854226
78.15,0.464763,0.377109,0.32755,0.0876542
78.155,0.472518,0.380337,0.327518,0.092181
78.16,0.482494,0.383762,0.327487,0.0987322
78.165,0.486677,0.387392,0.327455,0.099285
78.17,0.483721,0.391237,0.327423,0.0924837
78.175,0.480405,0.395305,0.327392,0.0850995
78.18,0.484718,0.399605,0.32736,0.0851127
78.185,0.503115,0.404146,0.327328,0.098969
78.19,0.523712,0.408938,0.327296,0.114774
78.195,0.537321,0.413988,0.327265,0.123333
78.2,0.548244,0.419306,0.327233,0.128938
78.205,0.5745,0.424901,0.327201,0.149599
78.21,0.595215,0.430781,0.327169,0.164433
78.215,0.599456,0.436956,0.327138,0.1625
78.22,0.60432,0.443432,0.327106,0.160888
78.225,0.599795,0.450219,0.327074,0.149575
78.23,0.610859,0.457325,0.327042,0.153534
78.235,0.621743,0.464756,0.327011,0.156987
78.24,0.635873,0.47252,0.326979,0.163353
78.245,0.642907,0.480623,0.326947,0.162284
78.25,0.66057,0.489073,0.326915,0.171497
78.255,0.676868,0.497873,0.326883,0.178995
78.26,0.683778,0.507031,0.326851,0.176747
78.265,0.695058,0.51655,0.32682,0.178509
78.27,0.706489,0.526434,0.326788,0.180056
78.275,0.709504,0.536686,0.326756,0.172819
78.28,0.729888,0.547309,0.326724,0.182579
78.285,0.750451,0.558304,0.326692,0.192147
78.29,0.790811,0.569672,0.32666,0.221139
78.295,0.807456,0.581411,0.326628,0.226045
78.3,0.80632,0.593524,0.326596,0.212796
78.305,0.820546,0.606006,0.326564,0.214539
78.31,0.845826,0.618855,0.326532,0.226971
78.315,0.872337,0.632066,0.326501,0.24027
78.32,0.884087,0.645635,0.326469,0.238452
78.325,0.89622,0.659553,0.326437,0.236667
78.33,0.953915,0.673814,0.326405,0.280101
78.335,0.981854,0.68841,0.326373,0.293444
78.34,1.00612,0.703329,0.326341,0.302789
78.345,1.04478,0.718561,0.326309,0.326219
78.35,1.0742,0.734092,0.326277,0.340105
78.355,1.10301,0.74991,0.326245,0.353099
78.36,1.1212,0.765998,0.326213,0.355204
78.365,1.12917,0.782341,0.326181,0.346831
78.37,1.16099,0.79892,0.326149,0.362069
78.375,1.21522,0.815717,0.326117,0.399505
78.38,1.26885,0.832712,0.326084,0.436135
78.385,1.29101,0.849882,0.326052,0.44113
78.39,1.32163,0.867206,0.32602,0.454424
78.395,1.36199,0.884659,0.325988,0.477332
78.4,1.44689,0.902217,0.325956,0.544669
78.405,1.48292,0.919853,0.325924,0.563065
78.41,1.53636,0.93754,0.325892,0.598824
78.415,1.58587,0.955251,0.32586,0.630616
78.42,1.6045,0.972955,0.325828,0.631541
78.425,1.61611,0.990623,0.325796,0.625488
78.43,1.64918,1.00822,0.325763,0.640953
78.435,1.63985,1.02573,0.325731,0.614118
78.44,1.64485,1.0431,0.325699,0.601753
78.445,1.66827,1.06031,0.325667,0.607963
78.45,1.67242,1.07732,0.325635,0.595096
78.455,1.71209,1.09411,0.325602,0.617978
78.46,1.74964,1.11063,0.32557,0.639013
78.465,1.76478,1.12685,0.325538,0.637926
78.47,1.79154,1.14274,0.325506,0.6488
78.475,1.79716,1.15827,0.325474,0.638891
78.48,1.7815,1.17339,0.325441,0.608109
78.485,1.7643,1.18809,0.325409,0.57621
78.49,1.75529,1.20231,0.325377,0.552973
78.495,1.78643,1.21604,0.325345,0.570386
78.5,1.8338,1.22924,0.325312,0.604568
78.505,1.88743,1.24187,0.32528,0.645563
78.51,1.93115,1.25391,0.325248,0.67724
78.515,1.94855,1.26532,0.325215,0.683227
78.52,1.95561,1.27609,0.325183,0.679522
78.525,1.94879,1.28618,0.325151,0.662613
78.53,1.94854,1.29556,0.325118,0.652981
78.535,1.98658,1.30422,0.325086,0.682362
78.54,1.98788,1.31212,0.325054,0.675759
78.545,1.97887,1.31926,0.325021,0.659614
78.55,1.91781,1.3256,0.324989,0.592209
78.555,1.85047,1.33114,0.324957,0.519332
78.56,1.82605,1.33585,0.324924,0.4902
78.565,1.79931,1.33973,0.324892,0.459583
78.57,1.83763,1.34276,0.32486,0.49487
78.575,1.82145,1.34494,0.324827,0.476513
78.58,1.82842,1.34625,0.324795,0.482172
78.585,1.78369,1.34671,0.324762,0.43698
78.59,1.74043,1.34629,0.32473,0.394142
78.595,1.70972,1.34502,0.324697,0.364705
78.6,1.70936,1.34288,0.324665,0.366484
78.605,1.71978,1.33988,0.324632,0.379897
78.61,1.71089,1.33604,0.3246,0.374845
78.615,1.7066,1.33136,0.324567,0.375238
78.62,1.67494,1.32586,0.324535,0.349079
78.625,1.65831,1.31955,0.324502,0.338763
78.63,1.63512,1.31245,0.32447,0.322672
78.635,1.61915,1.30457,0.324437,0.314578
78.64,1.58201,1.29594,0.324405,0.286071
78.645,1.57194,1.28657,0.324372,0.285367
78.65,1.54167,1.2765,0.32434,0.265165
78.655,1.52266,1.26575,0.324307,0.256907
78.66,1.52094,1.25435,0.324275,0.266592
78.665,1.51841,1.24232,0.324242,0.276098
78.67,1.51636,1.22969,0.32421,0.286669
78.675,1.48289,1.21649,0.324177,0.266396
78.68,1.45534,1.20276,0.324144,0.252578
78.685,1.44283,1.18853,0.324112,0.254302
78.69,1.43681,1.17383,0.324079,0.26298
78.695,1.42365,1.15869,0.324046,0.264966
78.7,1.42595,1.14314,0.324014,0.282808
78.705,1.4052,1.12723,0.323981,0.277969
78.71,1.38447,1.11098,0.323949,0.273485
78.715,1.3351,1.09443,0.323916,0.240669
78.72,1.32452,1.07761,0.323883,0.246905
78.725,1.32263,1.06056,0.323851,0.262068
78.73,1.30303,1.04331,0.323818,0.259726
78.735,1.28101,1.02589,0.323785,0.255122
78.74,1.27529,1.00834,0.323752,0.266956
78.745,1.27286,0.990683,0.32372,0.282175
78.75,1.26751,0.972959,0.323687,0.294552
78.755,1.23574,0.955195,0.323654,0.280541
78.76,1.21586,0.937422,0.323621,0.278442
78.765,1.18997,0.919669,0.323589,0.270297
78.77,1.16702,0.901963,0.323556,0.265054
78.775,1.14557,0.884334,0.323523,0.261235
78.78,1.12165,0.866806,0.32349,0.254847
78.785,1.12017,0.849405,0.323458,0.270764
78.79,1.11141,0.832155,0.323425,0.279252
78.795,1.08188,0.815079,0.323392,0.266801
78.8,1.07724,0.798197,0.323359,0.279042
78.805,1.07163,0.781532,0.323326,0.290099
78.81,1.04182,0.765102,0.323293,0.276715
78.815,1.00153,0.748924,0.323261,0.252602
78.82,0.962672,0.733016,0.323228,0.229656
78.825,0.93598,0.717392,0.323195,0.218588
78.83,0.914199,0.702067,0.323162,0.212132
78.835,0.910601,0.687054,0.323129,0.223547
78.84,0.890109,0.672364,0.323096,0.217745
78.845,0.881585,0.658007,0.323063,0.223578
78.85,0.864392,0.643992,0.32303,0.2204
78.855,0.866606,0.630328,0.322997,0.236278
78.86,0.858395,0.61702,0.322964,0.241375
78.865,0.835919,0.604074,0.322932,0.231844
78.87,0.824734,0.591495,0.322899,0.233239
78.875,0.796068,0.579286,0.322866,0.216782
78.88,0.782505,0.567449,0.322833,0.215056
78.885,0.75468,0.555985,0.3228,0.198695
78.89,0.740429,0.544896,0.322767,0.195533
78.895,0.722294,0.534179,0.322734,0.188115
78.9,0.722094,0.523833,0.322701,0.198261
78.905,0.699434,0.513857,0.322668,0.185578
78.91,0.69281,0.504247,0.322635,0.188563
78.915,0.663604,0.494999,0.322602,0.168605
78.92,0.652971,0.486109,0.322569,0.166862
78.925,0.645014,0.477572,0.322535,0.167442
78.93,0.641061,0.469382,0.322502,0.171679
78.935,0.635959,0.461533,0.322469,0.174426
78.94,0.619655,0.454019,0.322436,0.165637
78.945,0.60276,0.446831,0.322403,0.155928
78.95,0.590043,0.439964,0.32237,0.150079
78.955,0.582403,0.433408,0.322337,0.148995
78.96,0.575479,0.427156,0.322304,0.148322
78.965,0.568871,0.4212,0.322271,0.147671
78.97,0.559321,0.415531,0.322238,0.14379
78.975,0.55174,0.410141,0.322204,0.141599
78.98,0.543174,0.40502,0.322171,0.138154
78.985,0.513916,0.40016,0.322138,0.113756
78.99,0.504424,0.395551,0.322105,0.108872
78.995,0.502509,0.391186,0.322072,0.111323
79,0.498199,0.387054,0.322039,0.111145
79.005,0.5059,0.383147,0.322005,0.122753
79.01,0.495122,0.379456,0.321972,0.115667
79.015,0.48185,0.375972,0.321939,0.105878
79.02,0.469372,0.372687,0.321906,0.0966853
79.025,0.462609,0.369591,0.321872,0.0930178
79.03,0.456407,0.366677,0.321839,0.0897294
79.035,0.456533,0.363937,0.321806,0.092596
79.04,0.45973,0.361361,0.321773,0.0983688
79.045,0.466196,0.358943,0.321739,0.107253
79.05,0.469776,0.356675,0.321706,0.113101
79.055,0.460255,0.354548,0.321673,0.105707
79.06,0.458477,0.352557,0.321639,0.105921
79.065,0.465238,0.350693,0.321606,0.114544
79.07,0.464348,0.34895,0.321573,0.115397
79.075,0.454542,0.347322,0.321539,0.10722
79.08,0.442877,0.345802,0.321506,0.0970749
79.085,0.44177,0.344384,0.321473,0.097386
79.09,0.437233,0.343062,0.321439,0.094171
79.095,0.428673,0.341831,0.321406,0.0868424
79.1,0.428615,0.340685,0.321373,0.08793
79.105,0.430128,0.339619,0.321339,0.0905091
79.11,0.427229,0.338628,0.321306,0.0886012
79.115,0.418591,0.337707,0.321272,0.0808846
79.12,0.41397,0.336852,0.321239,0.0771175
79.125,0.428294,0.336059,0.321206,0.0922347
79.13,0.441124,0.335324,0.321172,0.1058
79.135,0.437457,0.334642,0.321139,0.102814
79.14,0.419297,0.334011,0.321105,0.0852864
79.145,0.408905,0.333426,0.321072,0.0754786
79.15,0.404111,0.332885,0.321038,0.0712252
79.155,0.399717,0.332385,0.321005,0.0673327
79.16,0.396519,0.331922,0.320971,0.0645969
79.165,0.390977,0.331494,0.320938,0.0594838
79.17,0.37201,0.331098,0.320904,0.0409123
79.175,0.364573,0.330732,0.320871,0.0338416
79.18,0.350266,0.330393,0.320837,0.0198726
79.185,0.340199,0.330081,0.320804,0.0101188
79.19,0.345676,0.329791,0.32077,0.0158849
79.195,0.347463,0.329524,0.320737,0.017939
79.2,0.354054,0.329276,0.320703,0.0247784
79.205,0.377852,0.329047,0.320669,0.0488054
79.21,0.394555,0.328834,0.320636,0.0657212
79.215,0.399752,0.328637,0.320602,0.0711153
79.22,0.396362,0.328454,0.320569,0.067908
79.225,0.368631,0.328283,0.320535,0.0403482
79.23,0.359583,0.328125,0.320501,0.0314583
79.235,0.365373,0.327977,0.320468,0.0373964
79.24,0.361773,0.327838,0.320434,0.0339345
79.245,0.359621,0.327709,0.3204,0.0319122
79.25,0.342431,0.327587,0.320367,0.0148438
79.255,0.337872,0.327472,0.320333,0.0104001
79.26,0.341016,0.327364,0.320299,0.0136526
79.265,0.34899,0.327261,0.320266,0.0217289
79.27,0.361101,0.327163,0.320232,0.0339382
79.275,0.355654,0.32707,0.320198,0.0285834
79.28,0.367497,0.326981,0.320165,0.0405163
79.285,0.377608,0.326895,0.320131,0.0507129
79.29,0.392698,0.326812,0.320097,0.0658863
79.295,0.383825,0.326732,0.320063,0.0570928
79.3,0.365208,0.326654,0.32003,0.0385544
79.305,0.35569,0.326577,0.319996,0.0291127
79.31,0.356155,0.326502,0.319962,0.0296523
79.315,0.355628,0.326429,0.319928,0.0291987
79.32,0.357663,0.326356,0.319894,0.0313067
79.325,0.350123,0.326284,0.319861,0.0238394
79.33,0.357318,0.326213,0.319827,0.0311058
79.335,0.364082,0.326141,0.319793,0.0379403
79.34,0.365551,0.32607,0.319759,0.0394806
79.345,0.34956,0.325999,0.319725,0.0235613
79.35,0.351899,0.325928,0.319691,0.0259716
79.355,0.349806,0.325856,0.319658,0.02395
79.36,0.35375,0.325784,0.319624,0.0279661
79.365,0.358079,0.325711,0.31959,0.0323684
79.37,0.34722,0.325638,0.319556,0.021582
79.375,0.348165,0.325564,0.319522,0.0226011
79.38,0.361233,0.32549,0.319488,0.0357439
79.385,0.367842,0.325414,0.319454,0.0424278
79.39,0.363051,0.325338,0.31942,0.0377121
79.395,0.349159,0.325262,0.319386,0.0238978
79.4,0.336548,0.325184,0.319352,0.0113636
79.405,0.341754,0.325106,0.319318,0.016648
79.41,0.348196,0.325027,0.319284,0.0231688
79.415,0.363327,0.324947,0.31925,0.0383796
79.42,0.360455,0.324867,0.319216,0.0355882
79.425,0.362514,0.324786,0.319182,0.0377283
79.43,0.352262,0.324704,0.319148,0.0275582
79.435,0.351756,0.324622,0.319114,0.0271345
79.44,0.339002,0.324539,0.31908,0.0144635
79.445,0.346787,0.324455,0.319046,0.0223316
79.45,0.357006,0.324371,0.319012,0.0326349
79.455,0.370696,0.324287,0.318978,0.0464091
79.46,0.372956,0.324202,0.318944,0.0487543
79.465,0.364394,0.324116,0.31891,0.0402777
79.47,0.360588,0.324031,0.318876,0.0365568
79.475,0.373183,0.323945,0.318842,0.0492382
79.48,0.363774,0.323859,0.318808,0.0399153
79.485,0.356009,0.323773,0.318774,0.0322358
79.49,0.33763,0.323687,0.318739,0.013943
79.495,0.32274,0.3236,0.318705,-0.000860356
79.5,0.322678,0.323514,0.318671,-0.00083636
79.505,0.314495,0.323428,0.318637,-0.00893239
79.51,0.309323,0.323341,0.318603,-0.0140179
79.515,0.313852,0.323255,0.318569,-0.00940349
79.52,0.314166,0.323169,0.318534,-0.00900324
79.525,0.314756,0.323083,0.3185,-0.00832771
79.53,0.340712,0.322998,0.318466,0.0177142
79.535,0.336831,0.322913,0.318432,0.013918
79.54,0.341742,0.322828,0.318398,0.0189142
79.545,0.324402,0.322743,0.318363,0.00165815
79.55,0.317399,0.322659,0.318329,-0.00526024
79.555,0.32336,0.322576,0.318295,0.000784568
79.56,0.335021,0.322493,0.318261,0.0125286
79.565,0.349973,0.32241,0.318226,0.0275624
79.57,0.35576,0.322328,0.318192,0.0334323
79.575,0.358297,0.322247,0.318158,0.0360503
79.58,0.364809,0.322166,0.318123,0.0426433
79.585,0.372142,0.322085,0.318089,0.0500567
79.59,0.386545,0.322006,0.318055,0.0645395
79.595,0.374558,0.321927,0.318021,0.0526311
79.6,0.3637,0.321849,0.317986,0.0418514
79.605,0.361564,0.321771,0.317952,0.0397925
79.61,0.361707,0.321695,0.317917,0.040013
79.615,0.368925,0.321619,0.317883,0.0473068
79.62,0.3614,0.321543,0.317849,0.0398565
79.625,0.353768,0.321469,0.317814,0.0322989
79.63,0.339711,0.321395,0.31778,0.0183158
79.635,0.320171,0.321323,0.317746,-0.00115134
79.64,0.315754,0.321251,0.317711,-0.00549691
79.645,0.320563,0.32118,0.317677,-0.000616942
79.65,0.33795,0.321109,0.317642,0.0168405
79.655,0.341361,0.32104,0.317608,0.0203213
79.66,0.338069,0.320971,0.317573,0.0170973
79.665,0.333283,0.320904,0.317539,0.0123796
79.67,0.337985,0.320837,0.317504,0.0171477
79.675,0.337071,0.320771,0.31747,0.0162998
79.68,0.342348,0.320706,0.317435,0.0216422
79.685,0.345972,0.320642,0.317401,0.0253299
79.69,0.3483,0.320578,0.317366,0.0277215
79.695,0.341581,0.320516,0.317332,0.0210651
79.7,0.33951,0.320454,0.317297,0.0190559
79.705,0.32902,0.320393,0.317263,0.00862609
79.71,0.338767,0.320334,0.317228,0.018433
79.715,0.345591,0.320275,0.317194,0.0253163
79.72,0.341727,0.320216,0.317159,0.0215104
79.725,0.341474,0.320159,0.317125,0.0213147
79.73,0.336115,0.320102,0.31709,0.0160128
79.735,0.329258,0.320047,0.317055,0.00921141
79.74,0.324278,0.319992,0.317021,0.00428653
79.745,0.323092,0.319938,0.316986,0.00315457
79.75,0.331772,0.319884,0.316951,0.011888
79.755,0.352758,0.319832,0.316917,0.0329266
79.76,0.359697,0.31978,0.316882,0.0399173
79.765,0.364692,0.319729,0.316847,0.0449636
79.77,0.365235,0.319679,0.316813,0.045556
79.775,0.364203,0.319629,0.316778,0.0445741
79.78,0.371481,0.31958,0.316743,0.0519007
79.785,0.369697,0.319532,0.316709,0.0501647
79.79,0.352478,0.319485,0.316674,0.0329938
79.795,0.340543,0.319438,0.316639,0.0211055
79.8,0.325041,0.319392,0.316605,0.00564901
79.805,0.330265,0.319346,0.31657,0.0109186
79.81,0.342893,0.319302,0.316535,0.0235918
79.815,0.348519,0.319258,0.3165,0.0292618
79.82,0.340839,0.319214,0.316466,0.021625
79.825,0.348766,0.319171,0.316431,0.0295951
79.83,0.34398,0.319129,0.316396,0.0248515
79.835,0.345861,0.319087,0.316361,0.0267742
79.84,0.338287,0.319046,0.316326,0.0192411
79.845,0.330298,0.319005,0.316292,0.0112928
79.85,0.327746,0.318965,0.316257,0.0087805
79.855,0.327275,0.318926,0.316222,0.00834966
79.86,0.327293,0.318887,0.316187,0.00840669
79.865,0.329225,0.318848,0.316152,0.0103767
79.87,0.34334,0.31881,0.316117,0.0245302
79.875,0.353624,0.318773,0.316082,0.0348514
79.88,0.360892,0.318736,0.316048,0.042156
79.885,0.360388,0.318699,0.316013,0.0416882
79.89,0.345069,0.318663,0.315978,0.0264056
79.895,0.346358,0.318628,0.315943,0.0277303
79.9,0.341414,0.318593,0.315908,0.0228214
79.905,0.335174,0.318558,0.315873,0.0166158
79.91,0.334174,0.318524,0.315838,0.0156501
79.915,0.327216,0.31849,0.315803,0.00872636
79.92,0.331115,0.318456,0.315768,0.0126589
79.925,0.329735,0.318423,0.315733,0.0113119
79.93,0.320752,0.318391,0.315698,0.0023614
79.935,0.319808,0.318359,0.315663,0.00144916
79.94,0.318979,0.318327,0.315628,0.000652427
79.945,0.317025,0.318296,0.315593,-0.00127038
79.95,0.31581,0.318265,0.315558,-0.00245409
79.955,0.323528,0.318234,0.315523,0.00529456
79.96,0.321292,0.318204,0.315488,0.00308804
79.965,0.3293,0.318174,0.315453,0.0111267
79.97,0.332434,0.318144,0.315418,0.0142896
79.975,0.321054,0.318115,0.315383,0.00293841
79.98,0.314742,0.318086,0.315348,-0.0033441
79.985,0.298294,0.318058,0.315313,-0.019764
79.99,0.296484,0.31803,0.315278,-0.0215454
79.995,0.317482,0.318002,0.315242,-0.000519796
80,0.316218,0.317975,0.315207,-0.00175665
80.005,0.313589,0.317948,0.315172,-0.00435844
80.01,0.317542,0.317921,0.315137,-0.000378901
80.015,0.326348,0.317895,0.315102,0.00845337
80.02,0.329303,0.317869,0.315067,0.0114344
80.025,0.335836,0.317843,0.315032,0.0179928
80.03,0.337337,0.317818,0.314996,0.0195183
80.035,0.348529,0.317793,0.314961,0.0307356
80.04,0.354828,0.317769,0.314926,0.0370588
80.045,0.347746,0.317745,0.314891,0.0300009
80.05,0.334966,0.317721,0.314856,0.017245
80.055,0.322157,0.317698,0.31482,0.00445859
80.06,0.324444,0.317675,0.314785,0.0067695
80.065,0.320351,0.317652,0.31475,0.00269898
80.07,0.32902,0.31763,0.314715,0.0113902
80.075,0.333522,0.317608,0.314679,0.0159132
80.08,0.336774,0.317587,0.314644,0.0191865
80.085,0.329386,0.317566,0.314609,0.0118195
80.09,0.322954,0.317546,0.314573,0.00540788
80.095,0.311575,0.317526,0.314538,-0.00595053
80.1,0.307368,0.317506,0.314503,-0.0101378
80.105,0.295794,0.317487,0.314467,-0.0216931
80.11,0.28623,0.317468,0.314432,-0.0312379
80.115,0.288679,0.31745,0.314397,-0.0287705
80.12,0.283906,0.317432,0.314361,-0.0335256
80.125,0.295812,0.317415,0.314326,-0.0216027
80.13,0.296794,0.317398,0.314291,-0.0206035
80.135,0.305877,0.317382,0.314255,-0.0115042
80.14,0.320526,0.317366,0.31422,0.00316028
80.145,0.327388,0.317351,0.314184,0.0100373
80.15,0.326284,0.317336,0.314149,0.00894742
80.155,0.332779,0.317322,0.314114,0.0154563
80.16,0.327777,0.317309,0.314078,0.010468
80.165,0.324134,0.317297,0.314043,0.00683736
80.17,0.320817,0.317285,0.314007,0.00353223
80.175,0.330012,0.317273,0.313972,0.0127382
80.18,0.337279,0.317263,0.313936,0.0200156
80.185,0.347582,0.317253,0.313901,0.030329
80.19,0.343273,0.317245,0.313865,0.0260281
80.195,0.346596,0.317237,0.31383,0.0293598
80.2,0.349973,0.317229,0.313794,0.0327434
80.205,0.357256,0.317223,0.313759,0.040033
80.21,0.36075,0.317218,0.313723,0.0435314
80.215,0.358555,0.317214,0.313688,0.0413406
80.22,0.355194,0.317211,0.313652,0.037983
80.225,0.351591,0.317209,0.313616,0.0343819
80.23,0.354166,0.317208,0.313581,0.0369579
80.235,0.350574,0.317209,0.313545,0.0333653
80.24,0.332148,0.317211,0.31351,0.0149365
80.245,0.323087,0.317214,0.313474,0.00587279
80.25,0.316648,0.317219,0.313438,-0.000571517
80.255,0.329664,0.317226,0.313403,0.0124384
80.26,0.340669,0.317234,0.313367,0.0234353
80.265,0.344492,0.317244,0.313331,0.0272481
80.27,0.338987,0.317256,0.313296,0.0217318
80.275,0.330768,0.317269,0.31326,0.0134985
80.28,0.328865,0.317285,0.313224,0.0115802
80.285,0.338742,0.317303,0.313189,0.0214393
80.29,0.342144,0.317324,0.313153,0.0248204
80.295,0.346839,0.317347,0.313117,0.0294921
80.3,0.346304,0.317372,0.313082,0.0289317
80.305,0.351083,0.3174,0.313046,0.033683
80.31,0.354722,0.317432,0.31301,0.03729
80.315,0.358729,0.317466,0.312974,0.0412624
80.32,0.349703,0.317504,0.312939,0.0321988
80.325,0.339304,0.317545,0.312903,0.0217586
80.33,0.321369,0.31759,0.312867,0.00377887
80.335,0.316653,0.317639,0.312831,-0.000985674
80.34,0.327069,0.317692,0.312796,0.00937782
80.345,0.339757,0.317749,0.31276,0.0220083
80.35,0.339187,0.317811,0.312724,0.0213763
80.355,0.335878,0.317878,0.312688,0.0179999
80.36,0.317024,0.31795,0.312652,-0.000925766
80.365,0.319338,0.318027,0.312616,0.00131106
80.37,0.313917,0.31811,0.31258,-0.00419322
80.375,0.310805,0.3182,0.312545,-0.0073946
80.38,0.314917,0.318295,0.312509,-0.00337864
80.385,0.309969,0.318398,0.312473,-0.00842893
80.39,0.31265,0.318507,0.312437,-0.00585742
80.395,0.320303,0.318624,0.312401,0.0016786
80.4,0.327508,0.318749,0.312365,0.00875844
80.405,0.318131,0.318883,0.312329,-0.000751136
80.41,0.313107,0.319024,0.312293,-0.00591755
80.415,0.318039,0.319176,0.312257,-0.0011366
80.42,0.32816,0.319336,0.312221,0.00882422
80.425,0.330281,0.319507,0.312185,0.010774
80.43,0.31792,0.319688,0.312149,-0.00176843
80.435,0.311175,0.319881,0.312113,-0.00870621
80.44,0.316756,0.320085,0.312077,-0.00332866
80.445,0.337095,0.320301,0.312041,0.0167936
80.45,0.338916,0.32053,0.312005,0.018386
80.455,0.336512,0.320772,0.311969,0.01574
80.46,0.331642,0.321028,0.311933,0.0106137
80.465,0.321452,0.321299,0.311897,0.000153253
80.47,0.31945,0.321584,0.311861,-0.00213393
80.475,0.315508,0.321886,0.311825,-0.00637763
80.48,0.303808,0.322204,0.311789,-0.0183953
80.485,0.297105,0.322538,0.311753,-0.0254333
80.49,0.305685,0.322891,0.311717,-0.0172062
80.495,0.312165,0.323262,0.311681,-0.0110969
80.5,0.316486,0.323652,0.311645,-0.00716563
80.505,0.315261,0.324062,0.311608,-0.00880012
80.51,0.313781,0.324492,0.311572,-0.0107111
80.515,0.315119,0.324943,0.311536,-0.00982471
80.52,0.351807,0.325417,0.3115,0.0263902
80.525,0.359215,0.325913,0.311464,0.0333015
80.53,0.358899,0.326433,0.311428,0.0324661
80.535,0.340267,0.326977,0.311391,0.0132904
80.54,0.330613,0.327545,0.311355,0.00306747
80.545,0.33443,0.32814,0.311319,0.00629031
80.55,0.348346,0.328761,0.311283,0.0195852
80.555,0.331923,0.329409,0.311246,0.00251451
80.56,0.313949,0.330084,0.31121,-0.0161357
80.565,0.311007,0.330788,0.311174,-0.019781
80.57,0.318741,0.331522,0.311138,-0.0127808
80.575,0.323788,0.332285,0.311101,-0.00849769
80.58,0.31753,0.333079,0.311065,-0.0155489
80.585,0.312626,0.333904,0.311029,-0.021278
80.59,0.306871,0.334761,0.310993,-0.0278898
80.595,0.317573,0.33565,0.310956,-0.0180772
80.6,0.316298,0.336573,0.31092,-0.0202744
80.605,0.321854,0.337529,0.310884,-0.015675
80.61,0.321025,0.338518,0.310847,-0.0174936
80.615,0.320535,0.339543,0.310811,-0.0190079
80.62,0.318718,0.340602,0.310774,-0.0218842
80.625,0.312029,0.341697,0.310738,-0.0296672
80.63,0.313562,0.342827,0.310702,-0.0292648
80.635,0.313299,0.343993,0.310665,-0.0306938
80.64,0.31873,0.345195,0.310629,-0.0264656
80.645,0.330367,0.346434,0.310592,-0.0160671
80.65,0.333814,0.347709,0.310556,-0.0138946
80.655,0.342426,0.349021,0.31052,-0.00659472
80.66,0.336736,0.350369,0.310483,-0.0136332
80.665,0.342772,0.351754,0.310447,-0.00898186
80.67,0.349341,0.353175,0.31041,-0.00383384
80.675,0.361297,0.354632,0.310374,0.00666457
80.68,0.369206,0.356126,0.310337,0.0130802
80.685,0.369913,0.357655,0.310301,0.0122585
80.69,0.37008,0.359219,0.310264,0.0108614
80.695,0.368285,0.360818,0.310228,0.0074672
80.7,0.351031,0.362451,0.310191,-0.0114198
80.705,0.353055,0.364117,0.310155,-0.0110622
80.71,0.344955,0.365816,0.310118,-0.0208612
80.715,0.346745,0.367547,0.310082,-0.0208024
80.72,0.368233,0.369309,0.310045,-0.00107655
80.725,0.368995,0.371101,0.310008,-0.00210681
80.73,0.380501,0.372922,0.309972,0.00757832
80.735,0.371463,0.374771,0.309935,-0.00330816
80.74,0.37957,0.376646,0.309899,0.00292434
80.745,0.383258,0.378545,0.309862,0.00471297
80.75,0.389538,0.380469,0.309825,0.00906926
80.755,0.375215,0.382414,0.309789,-0.00719938
80.76,0.377722,0.38438,0.309752,-0.00665802
80.765,0.374898,0.386364,0.309715,-0.0114665
80.77,0.390881,0.388365,0.309679,0.00251626
80.775,0.390398,0.390381,0.309642,1.68633e-05
80.78,0.394591,0.392409,0.309605,0.00218167
80.785,0.389025,0.394448,0.309569,-0.00542323
80.79,0.393298,0.396496,0.309532,-0.00319785
80.795,0.387023,0.398549,0.309495,-0.0115264
80.8,0.387521,0.400606,0.309458,-0.0130854
80.805,0.377661,0.402664,0.309422,-0.0250029
80.81,0.382143,0.404721,0.309385,-0.0225779
80.815,0.380861,0.406774,0.309348,-0.025913
80.82,0.399727,0.40882,0.309311,-0.00909237
80.825,0.405165,0.410856,0.309275,-0.00569094
80.83,0.418799,0.41288,0.309238,0.0059189
80.835,0.405467,0.414888,0.309201,-0.00942101
80.84,0.397238,0.416878,0.309164,-0.0196395
80.845,0.396896,0.418846,0.309127,-0.0219499
80.85,0.408213,0.420789,0.309091,-0.0125756
80.855,0.422655,0.422704,0.309054,-4.82291e-05
80.86,0.422773,0.424587,0.309017,-0.00181413
80.865,0.421889,0.426436,0.30898,-0.00454663
80.87,0.407061,0.428247,0.308943,-0.0211858
80.875,0.39779,0.430016,0.308906,-0.0322257
80.88,0.389479,0.43174,0.308869,-0.0422614
80.885,0.383924,0.433416,0.308832,-0.0494918
80.89,0.380219,0.43504,0.308795,-0.0548213
80.895,0.377924,0.436609,0.308759,-0.0586851
80.9,0.377675,0.43812,0.308722,-0.0604444
80.905,0.389446,0.439568,0.308685,-0.050122
80.91,0.389494,0.440951,0.308648,-0.0514564
80.915,0.389922,0.442265,0.308611,-0.0523436
80.92,0.377627,0.443508,0.308574,-0.0658804
80.925,0.381588,0.444675,0.308537,-0.0630873
80.93,0.387569,0.445765,0.3085,-0.0581964
80.935,0.38606,0.446775,0.308463,-0.0607148
80.94,0.385841,0.447701,0.308426,-0.0618599
80.945,0.375072,0.448541,0.308389,-0.0734689
80.95,0.386988,0.449292,0.308352,-0.0623044
80.955,0.399562,0.449954,0.308315,-0.0503921
80.96,0.413208,0.450523,0.308278,-0.0373157
80.965,0.416148,0.450999,0.30824,-0.0348507
80.97,0.408632,0.451379,0.308203,-0.0427469
80.975,0.41435,0.451662,0.308166,-0.0373119
80.98,0.413776,0.451848,0.308129,-0.0380721
80.985,0.408112,0.451936,0.308092,-0.043824
80.99,0.399449,0.451925,0.308055,-0.0524764
80.995,0.393607,0.451816,0.308018,-0.0582092
81,0.376975,0.451609,0.307981,-0.0746338
81.005,0.382723,0.451303,0.307944,-0.0685801
81.01,0.377458,0.450901,0.307906,-0.073443
81.015,0.382454,0.450402,0.307869,-0.0679481
81.02,0.367787,0.449809,0.307832,-0.082022
81.025,0.372285,0.449122,0.307795,-0.0768368
81.03,0.360946,0.448344,0.307758,-0.0873987
81.035,0.370468,0.447477,0.30772,-0.0770085
81.04,0.377352,0.446522,0.307683,-0.0691704
81.045,0.376912,0.445483,0.307646,-0.0685708
81.05,0.37923,0.444361,0.307609,-0.0651318
81.055,0.372382,0.44316,0.307571,-0.0707784
81.06,0.370829,0.441883,0.307534,-0.071054
81.065,0.370817,0.440532,0.307497,-0.0697148
81.07,0.376706,0.43911,0.30746,-0.0624046
81.075,0.382885,0.437622,0.307422,-0.0547371
81.08,0.392241,0.436069,0.307385,-0.043828
81.085,0.397469,0.434456,0.307348,-0.0369878
81.09,0.398975,0.432786,0.30731,-0.0338109
81.095,0.381625,0.431062,0.307273,-0.0494375
81.1,0.385565,0.429288,0.307236,-0.0437232
81.105,0.372803,0.427467,0.307198,-0.0546641
81.11,0.371222,0.425603,0.307161,-0.054381
81.115,0.36242,0.423698,0.307124,-0.0612788
81.12,0.368351,0.421757,0.307086,-0.0534061
81.125,0.352992,0.419783,0.307049,-0.0667907
81.13,0.351544,0.417779,0.307011,-0.0662349
81.135,0.342549,0.415748,0.306974,-0.073199
81.14,0.340885,0.413693,0.306936,-0.0728086
81.145,0.345787,0.411619,0.306899,-0.0658319
81.15,0.337374,0.409527,0.306862,-0.0721531
81.155,0.339024,0.407421,0.306824,-0.0683967
81.16,0.354424,0.405303,0.306787,-0.0508795
81.165,0.372566,0.403177,0.306749,-0.0306111
81.17,0.389071,0.401046,0.306712,-0.0119748
81.175,0.371172,0.398911,0.306674,-0.0277394
81.18,0.357951,0.396777,0.306637,-0.0388256
81.185,0.361354,0.394644,0.306599,-0.0332902
81.19,0.364453,0.392517,0.306562,-0.0280642
81.195,0.364127,0.390396,0.306524,-0.0262694
81.2,0.349522,0.388285,0.306486,-0.0387632
81.205,0.345125,0.386185,0.306449,-0.0410603
81.21,0.360763,0.384099,0.306411,-0.0233363
81.215,0.361886,0.382029,0.306374,-0.0201425
81.22,0.363198,0.379976,0.306336,-0.0167774
81.225,0.348532,0.377942,0.306299,-0.0294101
81.23,0.331452,0.37593,0.306261,-0.0444781
81.235,0.323904,0.37394,0.306223,-0.0500359
81.24,0.326566,0.371974,0.306186,-0.0454081
81.245,0.340388,0.370034,0.306148,-0.0296454
81.25,0.340917,0.368121,0.30611,-0.0272038
81.255,0.336312,0.366236,0.306073,-0.029924
81.26,0.335184,0.36438,0.306035,-0.029196
81.265,0.338582,0.362555,0.305997,-0.0239723
81.27,0.347266,0.360761,0.30596,-0.0134946
81.275,0.341249,0.358999,0.305922,-0.0177506
81.28,0.337045,0.357271,0.305884,-0.020226
81.285,0.336894,0.355576,0.305846,-0.0186821
81.29,0.344795,0.353916,0.305809,-0.00912048
81.295,0.338854,0.35229,0.305771,-0.0134362
81.3,0.330189,0.3507,0.305733,-0.0205109
81.305,0.318929,0.349145,0.305695,-0.0302166
81.31,0.325926,0.347627,0.305658,-0.0217015
81.315,0.343465,0.346145,0.30562,-0.00268009
81.32,0.344859,0.3447,0.305582,0.000159144
81.325,0.336704,0.34329,0.305544,-0.00658602
81.33,0.340989,0.341918,0.305506,-0.000929329
81.335,0.337492,0.340582,0.305469,-0.00309051
81.34,0.328788,0.339283,0.305431,-0.0104943
81.345,0.316194,0.338019,0.305393,-0.0218253
81.35,0.307734,0.336792,0.305355,-0.029058
81.355,0.316164,0.335601,0.305317,-0.0194369
81.36,0.318718,0.334445,0.305279,-0.015727
81.365,0.311339,0.333324,0.305241,-0.0219854
81.37,0.308274,0.332238,0.305203,-0.0239639
81.375,0.295336,0.331186,0.305165,-0.0358501
81.38,0.296659,0.330168,0.305128,-0.0335093
81.385,0.298841,0.329184,0.30509,-0.0303423
81.39,0.308052,0.328232,0.305052,-0.0201794
81.395,0.325606,0.327312,0.305014,-0.00170608
81.4,0.32524,0.326424,0.304976,-0.00118383
81.405,0.311221,0.325566,0.304938,-0.014345
81.41,0.326603,0.324739,0.3049,0.00186366
81.415,0.324116,0.323941,0.304862,0.000174601
81.42,0.33951,0.323173,0.304824,0.0163377
81.425,0.336728,0.322432,0.304786,0.0142954
81.43,0.334161,0.321719,0.304748,0.012442
81.435,0.33006,0.321033,0.30471,0.00902713
81.44,0.312476,0.320373,0.304672,-0.00789689
81.445,0.300776,0.319738,0.304634,-0.0189625
81.45,0.292972,0.319128,0.304595,-0.0261558
81.455,0.297763,0.318541,0.304557,-0.020778
81.46,0.296027,0.317978,0.304519,-0.0219514
81.465,0.281086,0.317437,0.304481,-0.0363514
81.47,0.287218,0.316918,0.304443,-0.0296994
81.475,0.303402,0.316419,0.304405,-0.0130173
81.48,0.311649,0.315941,0.304367,-0.00429257
81.485,0.318844,0.315482,0.304329,0.00336136
81.49,0.309686,0.315042,0.30429,-0.00535594
81.495,0.311115,0.31462,0.304252,-0.00350591
81.5,0.305908,0.314216,0.304214,-0.00830775
81.505,0.299333,0.313828,0.304176,-0.0144951
81.51,0.299443,0.313456,0.304138,-0.0140131
81.515,0.314419,0.3131,0.3041,0.00131913
81.52,0.320421,0.312759,0.304061,0.00766209
81.525,0.307154,0.312431,0.304023,-0.00527772
81.53,0.299926,0.312118,0.303985,-0.0121917
81.535,0.301213,0.311817,0.303947,-0.0106037
81.54,0.309884,0.311529,0.303908,-0.00164481
81.545,0.317139,0.311252,0.30387,0.00588691
81.55,0.321677,0.310987,0.303832,0.0106896
81.555,0.322982,0.310733,0.303793,0.0122492
81.56,0.311978,0.310489,0.303755,0.00148907
81.565,0.312286,0.310255,0.303717,0.00203073
81.57,0.303098,0.310031,0.303679,-0.00693293
81.575,0.316052,0.309815,0.30364,0.0062367
81.58,0.312339,0.309608,0.303602,0.00273094
81.585,0.306379,0.309409,0.303563,-0.00303021
81.59,0.290252,0.309217,0.303525,-0.0189654
81.595,0.288665,0.309033,0.303487,-0.0203684
81.6,0.300604,0.308856,0.303448,-0.00825245
81.605,0.319165,0.308686,0.30341,0.0104797
81.61,0.331727,0.308521,0.303372,0.0232056
81.615,0.342783,0.308363,0.303333,0.0344199
81.62,0.334995,0.30821,0.303295,0.0267854
81.625,0.327707,0.308062,0.303256,0.0196444
81.63,0.319203,0.30792,0.303218,0.0112828
81.635,0.313714,0.307782,0.303179,0.00593181
81.64,0.309096,0.307649,0.303141,0.00144673
81.645,0.311246,0.30752,0.303102,0.00372655
81.65,0.307191,0.307395,0.303064,-0.000203485
81.655,0.300543,0.307273,0.303025,-0.0067306
81.66,0.295824,0.307156,0.302987,-0.011332
81.665,0.28928,0.307041,0.302948,-0.0177612
81.67,0.284357,0.30693,0.30291,-0.0225735
81.675,0.284458,0.306822,0.302871,-0.0223645
81.68,0.296483,0.306717,0.302833,-0.0102344
81.685,0.303923,0.306614,0.302794,-0.00269107
81.69,0.322284,0.306514,0.302756,0.0157695
81.695,0.325357,0.306417,0.302717,0.0189402
81.7,0.334563,0.306321,0.302678,0.0282416
81.705,0.325636,0.306228,0.30264,0.0194082
81.71,0.316365,0.306137,0.302601,0.0102281
81.715,0.301769,0.306048,0.302563,-0.00427835
81.72,0.308231,0.30596,0.302524,0.00227114
81.725,0.308253,0.305874,0.302485,0.00237887
81.73,0.311132,0.30579,0.302447,0.00534227
81.735,0.313684,0.305707,0.302408,0.00797727
81.74,0.323131,0.305626,0.302369,0.0175052
81.745,0.33622,0.305546,0.302331,0.0306743
81.75,0.332763,0.305467,0.302292,0.0272954
81.755,0.32872,0.30539,0.302253,0.0233303
81.76,0.309981,0.305313,0.302214,0.00466761
81.765,0.298909,0.305238,0.302176,-0.00632897
81.77,0.287241,0.305164,0.302137,-0.0179232
81.775,0.277691,0.305091,0.302098,-0.0273998
81.78,0.272677,0.305018,0.302059,-0.0323415
81.785,0.274185,0.304947,0.302021,-0.0307613
81.79,0.27843,0.304876,0.301982,-0.0264464
81.795,0.284248,0.304806,0.301943,-0.020558
81.8,0.298605,0.304737,0.301904,-0.00613221
81.805,0.3085,0.304669,0.301866,0.00383079
81.81,0.301616,0.304601,0.301827,-0.00298523
81.815,0.302239,0.304534,0.301788,-0.00229477
81.82,0.2939,0.304468,0.301749,-0.0105677
81.825,0.296314,0.304402,0.30171,-0.00808839
81.83,0.304525,0.304337,0.301671,0.000187741
81.835,0.302994,0.304272,0.301632,-0.00127856
81.84,0.320841,0.304208,0.301594,0.0166326
81.845,0.316872,0.304144,0.301555,0.0127277
81.85,0.305329,0.304081,0.301516,0.00124779
81.855,0.284118,0.304019,0.301477,-0.0199002
81.86,0.281916,0.303956,0.301438,-0.0220402
81.865,0.288559,0.303895,0.301399,-0.0153352
81.87,0.302837,0.303833,0.30136,-0.000995791
81.875,0.304683,0.303772,0.301321,0.000910494
81.88,0.298981,0.303712,0.301282,-0.00473032
81.885,0.301994,0.303651,0.301243,-0.00165763
81.89,0.293819,0.303591,0.301204,-0.00977215
81.895,0.294075,0.303532,0.301165,-0.00945715
81.9,0.2956,0.303473,0.301126,-0.00787235
81.905,0.284895,0.303414,0.301087,-0.0185189
81.91,0.280333,0.303355,0.301048,-0.023022
81.915,0.27044,0.303297,0.301009,-0.0328572
81.92,0.264553,0.303239,0.30097,-0.0386861
81.925,0.292506,0.303182,0.300931,-0.010676
81.93,0.307747,0.303124,0.300892,0.0046228
81.935,0.324026,0.303067,0.300853,0.0209587
81.94,0.316695,0.30301,0.300814,0.0136849
81.945,0.314697,0.302954,0.300774,0.0117429
81.95,0.317601,0.302898,0.300735,0.0147032
81.955,0.313594,0.302842,0.300696,0.0107522
81.96,0.31829,0.302786,0.300657,0.015504
81.965,0.311234,0.30273,0.300618,0.00850383
81.97,0.307954,0.302675,0.300579,0.00527893
81.975,0.306702,0.30262,0.30054,0.00408215
81.98,0.299975,0.302565,0.3005,-0.00258997
81.985,0.287323,0.302511,0.300461,-0.0151873
81.99,0.275921,0.302456,0.300422,-0.0265349
81.995,0.269852,0.302402,0.300383,-0.0325502
82,0.272658,0.302348,0.300344,-0.0296902
82.005,0.279317,0.302294,0.300304,-0.0229769
82.01,0.295471,0.302241,0.300265,-0.00676912
82.015,0.304414,0.302187,0.300226,0.00222737
82.02,0.309916,0.302134,0.300187,0.0077826
82.025,0.301585,0.302081,0.300147,-0.00049543
82.03,0.30132,0.302028,0.300108,-0.000707594
82.035,0.295934,0.301975,0.300069,-0.00604113
82.04,0.299144,0.301923,0.300029,-0.0027784
82.045,0.302935,0.30187,0.29999,0.00106439
82.05,0.306564,0.301818,0.299951,0.00474526
82.055,0.311897,0.301766,0.299911,0.0101312
82.06,0.300847,0.301714,0.299872,-0.000867425
82.065,0.298024,0.301663,0.299833,-0.00363909
82.07,0.291934,0.301611,0.299793,-0.00967727
82.075,0.287667,0.30156,0.299754,-0.0138924
82.08,0.29736,0.301509,0.299715,-0.00414878
82.085,0.299263,0.301457,0.299675,-0.00219422
82.09,0.305089,0.301407,0.299636,0.00368259
82.095,0.31255,0.301356,0.299596,0.0111946
82.1,0.303046,0.301305,0.299557,0.00174122
82.105,0.298985,0.301255,0.299517,-0.00226982
82.11,0.302789,0.301204,0.299478,0.00158462
82.115,0.307193,0.301154,0.299439,0.00603959
82.12,0.304905,0.301104,0.299399,0.00380119
82.125,0.301763,0.301054,0.29936,0.000709313
82.13,0.301963,0.301004,0.29932,0.000959561
82.135,0.304066,0.300954,0.299281,0.00311176
82.14,0.294101,0.300904,0.299241,-0.00680383
82.145,0.30132,0.300855,0.299202,0.000465571
82.15,0.310525,0.300806,0.299162,0.00971971
82.155,0.32819,0.300756,0.299122,0.0274334
82.16,0.333296,0.300707,0.299083,0.0325893
82.165,0.322938,0.300658,0.299043,0.0222799
82.17,0.316478,0.300609,0.299004,0.0158685
82.175,0.324666,0.30056,0.298964,0.0241062
82.18,0.325489,0.300511,0.298925,0.0249771
82.185,0.336102,0.300463,0.298885,0.0356395
82.19,0.338145,0.300414,0.298845,0.0377304
82.195,0.337161,0.300366,0.298806,0.0367951
82.2,0.313103,0.300317,0.298766,0.0127856
82.205,0.294217,0.300269,0.298726,-0.00605271
82.21,0.283997,0.300221,0.298687,-0.0162243
82.215,0.286784,0.300173,0.298647,-0.0133889
82.22,0.29697,0.300125,0.298607,-0.00315516
82.225,0.291316,0.300077,0.298568,-0.00876156
82.23,0.289855,0.300029,0.298528,-0.0101749
82.235,0.284156,0.299982,0.298488,-0.0158256
82.24,0.284636,0.299934,0.298448,-0.0152978
82.245,0.28521,0.299887,0.298409,-0.0146769
82.25,0.288802,0.299839,0.298369,-0.0110377
82.255,0.277151,0.299792,0.298329,-0.0226409
82.26,0.269154,0.299745,0.298289,-0.0305909
82.265,0.266818,0.299697,0.29825,-0.0328797
82.27,0.279109,0.29965,0.29821,-0.0205413
82.275,0.296107,0.299603,0.29817,-0.00349579
82.28,0.30063,0.299556,0.29813,0.00107414
82.285,0.298305,0.299509,0.29809,-0.00120457
82.29,0.29906,0.299463,0.298051,-0.000402285
82.295,0.308593,0.299416,0.298011,0.00917752
82.3,0.306453,0.299369,0.297971,0.00708424
82.305,0.306939,0.299322,0.297931,0.00761655
82.31,0.3021,0.299276,0.297891,0.00282424
82.315,0.303598,0.299229,0.297851,0.00436845
82.32,0.301862,0.299183,0.297811,0.002679
82.325,0.293358,0.299137,0.297772,-0.00577855
82.33,0.298517,0.29909,0.297732,-0.000573916
82.335,0.295913,0.299044,0.297692,-0.00313159
82.34,0.304982,0.298998,0.297652,0.00598431
82.345,0.309532,0.298952,0.297612,0.0105802
82.35,0.308225,0.298906,0.297572,0.00931871
82.355,0.298188,0.29886,0.297532,-0.000672398
82.36,0.300049,0.298814,0.297492,0.00123492
82.365,0.296462,0.298768,0.297452,-0.00230604
82.37,0.297412,0.298723,0.297412,-0.00131005
82.375,0.28953,0.298677,0.297372,-0.0091464
82.38,0.279375,0.298631,0.297332,-0.0192558
82.385,0.286461,0.298586,0.297292,-0.0121242
82.39,0.299127,0.29854,0.297252,0.000587118
82.395,0.311194,0.298494,0.297212,0.0126993
82.4,0.3157,0.298449,0.297172,0.0172511
82.405,0.324029,0.298404,0.297132,0.0256255
82.41,0.312755,0.298358,0.297091,0.0143964
82.415,0.300683,0.298313,0.297051,0.00237027
82.42,0.285652,0.298268,0.297011,-0.0126153
82.425,0.279077,0.298222,0.296971,-0.0191458
82.43,0.268424,0.298177,0.296931,-0.0297529
82.435,0.274286,0.298132,0.296891,-0.0238459
82.44,0.270649,0.298087,0.296851,-0.0274378
82.445,0.277253,0.298042,0.296811,-0.0207889
82.45,0.277446,0.297997,0.29677,-0.0205508
82.455,0.281782,0.297952,0.29673,-0.0161701
82.46,0.280704,0.297907,0.29669,-0.0172029
82.465,0.286789,0.297862,0.29665,-0.0110731
82.47,0.312238,0.297818,0.29661,0.0144205
82.475,0.33167,0.297773,0.296569,0.0338973
82.48,0.339995,0.297728,0.296529,0.0422671
82.485,0.332193,0.297683,0.296489,0.0345094
82.49,0.308123,0.297639,0.296449,0.010484
82.495,0.293856,0.297594,0.296408,-0.00373852
82.5,0.288039,0.29755,0.296368,-0.00951052
82.505,0.287687,0.297505,0.296328,-0.00981812
82.51,0.289601,0.297461,0.296288,-0.00785987
82.515,0.287231,0.297416,0.296247,-0.0101849
82.52,0.273747,0.297372,0.296207,-0.0236243
82.525,0.270137,0.297327,0.296167,-0.0271903
82.53,0.294068,0.297283,0.296126,-0.00321519
82.535,0.303855,0.297239,0.296086,0.00661607
82.54,0.311405,0.297195,0.296046,0.014211
82.545,0.309175,0.29715,0.296005,0.0120246
82.55,0.308349,0.297106,0.295965,0.0112425
82.555,0.30147,0.297062,0.295924,0.00440851
82.56,0.292514,0.297018,0.295884,-0.00450331
82.565,0.287394,0.296974,0.295844,-0.00957977
82.57,0.283252,0.29693,0.295803,-0.0136779
82.575,0.291982,0.296886,0.295763,-0.00490337
82.58,0.293515,0.296842,0.295722,-0.00332655
82.585,0.289017,0.296798,0.295682,-0.00778026
82.59,0.295463,0.296754,0.295641,-0.00129055
82.595,0.291359,0.29671,0.295601,-0.0053502
82.6,0.297838,0.296666,0.29556,0.0011721
82.605,0.294777,0.296622,0.29552,-0.00184543
82.61,0.295266,0.296578,0.295479,-0.00131211
82.615,0.299654,0.296534,0.295439,0.00311964
82.62,0.309691,0.296491,0.295398,0.0132006
82.625,0.312957,0.296447,0.295358,0.01651
82.63,0.320177,0.296403,0.295317,0.0237742
82.635,0.322405,0.296359,0.295277,0.0260458
82.64,0.315282,0.296316,0.295236,0.0189659
82.645,0.305743,0.296272,0.295196,0.00947076
82.65,0.294997,0.296228,0.295155,-0.00123168
82.655,0.291614,0.296185,0.295114,-0.00457128
82.66,0.299742,0.296141,0.295074,0.00360077
82.665,0.287997,0.296098,0.295033,-0.0081012
82.67,0.293155,0.296054,0.294993,-0.00289967
82.675,0.293719,0.296011,0.294952,-0.00229138
82.68,0.287255,0.295967,0.294911,-0.00871226
82.685,0.276137,0.295924,0.294871,-0.0197873
82.69,0.272247,0.29588,0.29483,-0.0236333
82.695,0.272959,0.295837,0.294789,-0.0228775
82.7,0.288868,0.295794,0.294749,-0.00692517
82.705,0.289027,0.29575,0.294708,-0.00672274
82.71,0.276488,0.295707,0.294667,-0.019219
82.715,0.282468,0.295664,0.294626,-0.013196
82.72,0.290293,0.29562,0.294586,-0.00532751
82.725,0.298383,0.295577,0.294545,0.00280623
82.73,0.302518,0.295534,0.294504,0.0069842
82.735,0.307843,0.29549,0.294463,0.0123522
82.74,0.29942,0.295447,0.294423,0.00397273
82.745,0.297312,0.295404,0.294382,0.00190764
82.75,0.286442,0.295361,0.294341,-0.00891894
82.755,0.279119,0.295318,0.2943,-0.0161989
82.76,0.278087,0.295275,0.294259,-0.0171877
82.765,0.284823,0.295231,0.294219,-0.0104089
82.77,0.286424,0.295188,0.294178,-0.00876478
82.775,0.308357,0.295145,0.294137,0.0132112
82.78,0.310404,0.295102,0.294096,0.0153013
82.785,0.31369,0.295059,0.294055,0.0186309
82.79,0.310948,0.295016,0.294014,0.0159316
82.795,0.310336,0.294973,0.293973,0.0153626
82.8,0.314119,0.29493,0.293932,0.0191888
82.805,0.317067,0.294887,0.293892,0.0221795
82.81,0.307628,0.294844,0.293851,0.0127842
82.815,0.303867,0.294801,0.29381,0.0090662
82.82,0.301394,0.294758,0.293769,0.00663532
82.825,0.303864,0.294715,0.293728,0.00914882
82.83,0.298909,0.294673,0.293687,0.00423608
82.835,0.290335,0.29463,0.293646,-0.00429439
82.84,0.283592,0.294587,0.293605,-0.0109948
82.845,0.298574,0.294544,0.293564,0.00402973
82.85,0.293801,0.294501,0.293523,-0.000700415
82.855,0.290477,0.294458,0.293482,-0.00398106
82.86,0.283216,0.294416,0.293441,-0.0112
82.865,0.273564,0.294373,0.2934,-0.0208088
82.87,0.277705,0.29433,0.293359,-0.0166249
82.875,0.275022,0.294287,0.293318,-0.0192651
82.88,0.266869,0.294244,0.293276,-0.0273757
82.885,0.258691,0.294202,0.293235,-0.0355108
82.89,0.259222,0.294159,0.293194,-0.0349373
82.895,0.249885,0.294116,0.293153,-0.0442318
82.9,0.269894,0.294074,0.293112,-0.0241799
82.905,0.279746,0.294031,0.293071,-0.0142847
82.91,0.279148,0.293988,0.29303,-0.0148405
82.915,0.281428,0.293946,0.292989,-0.0125175
82.92,0.290186,0.293903,0.292948,-0.00371706
82.925,0.28707,0.29386,0.292906,-0.00679044
82.93,0.293587,0.293818,0.292865,-0.000231119
82.935,0.293324,0.293775,0.292824,-0.000451129
82.94,0.290897,0.293733,0.292783,-0.00283567
82.945,0.298621,0.29369,0.292742,0.00493128
82.95,0.304856,0.293647,0.2927,0.0112091
82.955,0.297814,0.293605,0.292659,0.00420895
82.96,0.293835,0.293562,0.292618,0.000272987
82.965,0.290273,0.29352,0.292577,-0.00324722
82.97,0.286554,0.293477,0.292535,-0.0069233
82.975,0.281854,0.293435,0.292494,-0.0115805
82.98,0.288072,0.293392,0.292453,-0.00532005
82.985,0.297608,0.29335,0.292411,0.00425847
82.99,0.30498,0.293307,0.29237,0.0116728
82.995,0.303237,0.293265,0.292329,0.00997253
83,0.287703,0.293222,0.292288,-0.00551917
83.005,0.281,0.29318,0.292246,-0.0121799
83.01,0.290593,0.293138,0.292205,-0.00254457
83.015,0.285432,0.293095,0.292164,-0.0076628
83.02,0.280726,0.293053,0.292122,-0.0123267
83.025,0.269101,0.29301,0.292081,-0.0239096
83.03,0.269472,0.292968,0.292039,-0.023496
83.035,0.286341,0.292926,0.291998,-0.00658492
83.04,0.305374,0.292883,0.291957,0.0124908
83.045,0.311045,0.292841,0.291915,0.018204
83.05,0.321852,0.292798,0.291874,0.0290534
83.055,0.327333,0.292756,0.291832,0.0345765
83.06,0.320637,0.292714,0.291791,0.0279229
83.065,0.309942,0.292672,0.291749,0.0172704
83.07,0.306179,0.292629,0.291708,0.0135497
83.075,0.296202,0.292587,0.291666,0.0036154
83.08,0.304073,0.292545,0.291625,0.0115285
83.085,0.301453,0.292502,0.291583,0.00895049
83.09,0.297724,0.29246,0.291542,0.00526392
83.095,0.300604,0.292418,0.2915,0.0081866
83.1,0.296521,0.292376,0.291459,0.00414531
83.105,0.293817,0.292333,0.291417,0.00148376
83.11,0.299173,0.292291,0.291376,0.00688168
83.115,0.300759,0.292249,0.291334,0.00851056
83.12,0.302909,0.292207,0.291293,0.0107023
83.125,0.292765,0.292164,0.291251,0.000600843
83.13,0.284436,0.292122,0.291209,-0.00768574
83.135,0.290975,0.29208,0.291168,-0.00110478
83.14,0.31032,0.292038,0.291126,0.0182817
83.145,0.31879,0.291996,0.291084,0.0267947
83.15,0.315617,0.291954,0.291043,0.0236637
83.155,0.302438,0.291911,0.291001,0.0105271
83.16,0.288965,0.291869,0.29096,-0.00290439
83.165,0.293297,0.291827,0.290918,0.00146968
83.17,0.293263,0.291785,0.290876,0.00147828
83.175,0.283198,0.291743,0.290834,-0.00854464
83.18,0.292907,0.291701,0.290793,0.0012061
83.185,0.293639,0.291659,0.290751,0.0019804
83.19,0.299588,0.291616,0.290709,0.00797181
83.195,0.29441,0.291574,0.290668,0.0028357
83.2,0.277287,0.291532,0.290626,-0.0142453
83.205,0.285407,0.29149,0.290584,-0.00608314
83.21,0.277346,0.291448,0.290542,-0.0141018
83.215,0.279258,0.291406,0.290501,-0.012148
83.22,0.282005,0.291364,0.290459,-0.00935881
83.225,0.286073,0.291322,0.290417,-0.00524852
83.23,0.305758,0.29128,0.290375,0.0144782
83.235,0.313752,0.291238,0.290333,0.0225137
83.24,0.30079,0.291196,0.290291,0.00959393
83.245,0.295903,0.291154,0.29025,0.00474871
83.25,0.284493,0.291112,0.290208,-0.00661879
83.255,0.29313,0.29107,0.290166,0.00206045
83.26,0.293268,0.291028,0.290124,0.00223989
83.265,0.286744,0.290986,0.290082,-0.00424196
83.27,0.290333,0.290944,0.29004,-0.0006108
83.275,0.293823,0.290902,0.289998,0.00292057
83.28,0.301989,0.29086,0.289956,0.0111289
83.285,0.307903,0.290818,0.289915,0.0170848
83.29,0.292187,0.290776,0.289873,0.00141083
83.295,0.286776,0.290734,0.289831,-0.0039579
83.3,0.276051,0.290692,0.289789,-0.014641
83.305,0.27747,0.29065,0.289747,-0.01318
83.31,0.276897,0.290608,0.289705,-0.0137115
83.315,0.278481,0.290567,0.289663,-0.0120854
83.32,0.274948,0.290525,0.289621,-0.0155764
83.325,0.278953,0.290483,0.289579,-0.0115299
83.33,0.28971,0.290441,0.289537,-0.000731285
83.335,0.297706,0.290399,0.289495,0.0073074
83.34,0.29499,0.290357,0.289453,0.00463244
83.345,0.291811,0.290315,0.289411,0.00149536
83.35,0.289452,0.290273,0.289369,-0.0008218
83.355,0.291912,0.290232,0.289326,0.00168075
83.36,0.288141,0.29019,0.289284,-0.00204885
83.365,0.287378,0.290148,0.289242,-0.00276967
83.37,0.289231,0.290106,0.2892,-0.000875212
83.375,0.287063,0.290064,0.289158,-0.00300129
83.38,0.289233,0.290022,0.289116,-0.000789749
83.385,0.275806,0.289981,0.289074,-0.014175
83.39,0.257103,0.289939,0.289032,-0.0328361
83.395,0.26009,0.289897,0.288989,-0.0298075
83.4,0.26925,0.289855,0.288947,-0.0206053
83.405,0.287279,0.289814,0.288905,-0.00253412
83.41,0.296097,0.289772,0.288863,0.00632525
83.415,0.301377,0.28973,0.288821,0.0116472
83.42,0.307426,0.289688,0.288779,0.0177372
83.425,0.313923,0.289647,0.288736,0.0242766
83.43,0.315928,0.289605,0.288694,0.0263229
83.435,0.302097,0.289563,0.288652,0.0125342
83.44,0.300276,0.289521,0.28861,0.0107544
83.445,0.281323,0.28948,0.288567,-0.00815631
83.45,0.279994,0.289438,0.288525,-0.00944381
83.455,0.280604,0.289396,0.288483,-0.00879269
83.46,0.279104,0.289355,0.28844,-0.0102508
83.465,0.279696,0.289313,0.288398,-0.00961715
83.47,0.275621,0.289271,0.288356,-0.0136508
83.475,0.269112,0.28923,0.288314,-0.0201181
83.48,0.279473,0.289188,0.288271,-0.00971515
83.485,0.281335,0.289146,0.288229,-0.00781092
83.49,0.277541,0.289105,0.288187,-0.0115633
83.495,0.270038,0.289063,0.288144,-0.0190253
83.5,0.262892,0.289022,0.288102,-0.0261292
83.505,0.263044,0.28898,0.288059,-0.0259358
83.51,0.263308,0.288938,0.288017,-0.0256301
83.515,0.255401,0.288897,0.287975,-0.0334955
83.52,0.252143,0.288855,0.287932,-0.0367122
83.525,0.260813,0.288814,0.28789,-0.0280006
83.53,0.274621,0.288772,0.287847,-0.014151
83.535,0.283015,0.28873,0.287805,-0.00571537
83.54,0.27962,0.288689,0.287762,-0.00906916
83.545,0.278402,0.288647,0.28772,-0.0102454
83.55,0.285054,0.288606,0.287677,-0.00355162
83.555,0.293444,0.288564,0.287635,0.00487965
83.56,0.291631,0.288523,0.287592,0.00310819
83.565,0.295608,0.288481,0.28755,0.00712623
83.57,0.2856,0.28844,0.287507,-0.00283989
83.575,0.276454,0.288398,0.287465,-0.0119444
83.58,0.271911,0.288357,0.287422,-0.0164456
83.585,0.27914,0.288315,0.28738,-0.00917587
83.59,0.29264,0.288274,0.287337,0.0043665
83.595,0.283929,0.288233,0.287295,-0.00430324
83.6,0.283661,0.288191,0.287252,-0.00453021
83.605,0.284037,0.28815,0.287209,-0.00411279
83.61,0.291682,0.288108,0.287167,0.00357416
83.615,0.297514,0.288067,0.287124,0.00944731
83.62,0.286982,0.288026,0.287082,-0.00104387
83.625,0.290229,0.287984,0.287039,0.00224531
83.63,0.293395,0.287943,0.286996,0.00545221
83.635,0.30366,0.287901,0.286954,0.015759
83.64,0.31368,0.28786,0.286911,0.0258196
83.645,0.315218,0.287819,0.286868,0.0273989
83.65,0.317974,0.287777,0.286826,0.0301965
83.655,0.313381,0.287736,0.286783,0.0256451
83.66,0.31139,0.287695,0.28674,0.0236953
83.665,0.296486,0.287653,0.286697,0.00883222
83.67,0.28441,0.287612,0.286655,-0.00320225
83.675,0.287139,0.287571,0.286612,-0.00043191
83.68,0.291542,0.28753,0.286569,0.00401221
83.685,0.29943,0.287488,0.286526,0.0119421
83.69,0.301837,0.287447,0.286484,0.0143895
83.695,0.296814,0.287406,0.286441,0.00940792
83.7,0.298457,0.287365,0.286398,0.0110927
83.705,0.300983,0.287324,0.286355,0.0136597
83.71,0.308078,0.287282,0.286312,0.0207959
83.715,0.312329,0.287241,0.28627,0.0250874
83.72,0.308619,0.2872,0.286227,0.0214191
83.725,0.296162,0.287159,0.286184,0.00900262
83.73,0.272794,0.287118,0.286141,-0.0143243
83.735,0.269917,0.287077,0.286098,-0.01716
83.74,0.267439,0.287036,0.286055,-0.0195964
83.745,0.271862,0.286994,0.286012,-0.0151329
83.75,0.274983,0.286953,0.28597,-0.0119699
83.755,0.274341,0.286912,0.285927,-0.0125712
83.76,0.270883,0.286871,0.285884,-0.015988
83.765,0.26779,0.28683,0.285841,-0.0190399
83.77,0.275371,0.286789,0.285798,-0.0114178
83.775,0.286587,0.286748,0.285755,-0.000161096
83.78,0.284833,0.286707,0.285712,-0.00187432
83.785,0.278081,0.286666,0.285669,-0.00858474
83.79,0.264977,0.286625,0.285626,-0.0216487
83.795,0.262265,0.286584,0.285583,-0.0243191
83.8,0.275139,0.286543,0.28554,-0.0114045
83.805,0.270489,0.286502,0.285497,-0.0160129
83.81,0.273479,0.286461,0.285454,-0.0129824
83.815,0.283276,0.286421,0.285411,-0.00314429
83.82,0.290188,0.28638,0.285368,0.00380809
83.825,0.291643,0.286339,0.285325,0.00530455
83.83,0.286898,0.286298,0.285282,0.000599853
83.835,0.272053,0.286257,0.285239,-0.0142044
83.84,0.2744,0.286216,0.285196,-0.0118166
83.845,0.273993,0.286176,0.285153,-0.0121826
83.85,0.27012,0.286135,0.285109,-0.0160149
83.855,0.266708,0.286094,0.285066,-0.0193857
83.86,0.269481,0.286053,0.285023,-0.0165726
83.865,0.273373,0.286012,0.28498,-0.0126392
83.87,0.27105,0.285972,0.284937,-0.0149214
83.875,0.268366,0.285931,0.284894,-0.0175655
83.88,0.271615,0.28589,0.284851,-0.0142758
83.885,0.283388,0.28585,0.284807,-0.0024613
83.89,0.289737,0.285809,0.284764,0.00392821
83.895,0.277713,0.285768,0.284721,-0.00805526
83.9,0.263051,0.285728,0.284678,-0.0226768
83.905,0.247083,0.285687,0.284635,-0.0386046
83.91,0.249306,0.285647,0.284591,-0.0363411
83.915,0.250171,0.285606,0.284548,-0.0354357
83.92,0.259514,0.285566,0.284505,-0.0260515
83.925,0.267618,0.285525,0.284462,-0.0179068
83.93,0.290689,0.285485,0.284418,0.00520452
83.935,0.2949,0.285444,0.284375,0.00945552
83.94,0.302585,0.285404,0.284332,0.0171815
83.945,0.289612,0.285363,0.284288,0.00424858
83.95,0.27482,0.285323,0.284245,-0.0105026
83.955,0.264787,0.285283,0.284202,-0.0204957
83.96,0.258142,0.285242,0.284158,-0.0271001
83.965,0.259322,0.285202,0.284115,-0.0258802
83.97,0.268893,0.285162,0.284072,-0.0162688
83.975,0.272083,0.285121,0.284028,-0.0130384
83.98,0.276529,0.285081,0.283985,-0.00855166
83.985,0.270071,0.285041,0.283942,-0.0149701
83.99,0.270417,0.285001,0.283898,-0.0145837
83.995,0.266769,0.28496,0.283855,-0.0181916
84,0.272019,0.28492,0.283811,-0.0129017
84.005,0.27375,0.28488,0.283768,-0.0111305
84.01,0.270621,0.28484,0.283724,-0.0142186
84.015,0.270508,0.2848,0.283681,-0.0142917
84.02,0.275333,0.28476,0.283638,-0.00942699
84.025,0.279794,0.28472,0.283594,-0.00492554
84.03,0.286445,0.28468,0.283551,0.00176483
84.035,0.277572,0.28464,0.283507,-0.00706753
84.04,0.268148,0.2846,0.283464,-0.0164513
84.045,0.270911,0.28456,0.28342,-0.013649
84.05,0.271771,0.28452,0.283377,-0.0127485
84.055,0.27535,0.28448,0.283333,-0.00913013
84.06,0.259848,0.28444,0.28329,-0.0245924
84.065,0.243431,0.2844,0.283246,-0.0409694
84.07,0.240178,0.284361,0.283202,-0.0441828
84.075,0.255204,0.284321,0.283159,-0.0291165
84.08,0.269603,0.284281,0.283115,-0.0146784
84.085,0.268868,0.284241,0.283072,-0.015373
84.09,0.277606,0.284202,0.283028,-0.00659623
84.095,0.280191,0.284162,0.282984,-0.0039715
84.1,0.284333,0.284122,0.282941,0.000211
84.105,0.282886,0.284083,0.282897,-0.00119662
84.11,0.278373,0.284043,0.282854,-0.00567034
84.115,0.279783,0.284004,0.28281,-0.0042207
84.12,0.284224,0.283964,0.282766,0.000259883
84.125,0.279666,0.283925,0.282723,-0.0042592
84.13,0.275018,0.283886,0.282679,-0.00886721
84.135,0.272695,0.283846,0.282635,-0.0111514
84.14,0.271582,0.283807,0.282591,-0.0122248
84.145,0.269567,0.283767,0.282548,-0.0142008
84.15,0.26689,0.283728,0.282504,-0.0168384
84.155,0.27549,0.283689,0.28246,-0.00819938
84.16,0.277341,0.28365,0.282416,-0.00630885
84.165,0.282269,0.283611,0.282373,-0.00134177
84.17,0.284311,0.283572,0.282329,0.000739704
84.175,0.273671,0.283532,0.282285,-0.00986171
84.18,0.271091,0.283493,0.282241,-0.0124025
84.185,0.278091,0.283454,0.282198,-0.00536348
84.19,0.274513,0.283415,0.282154,-0.00890248
84.195,0.270678,0.283377,0.28211,-0.0126984
84.2,0.261172,0.283338,0.282066,-0.0221654
84.205,0.261372,0.283299,0.282022,-0.0219264
84.21,0.270686,0.28326,0.281978,-0.0125742
84.215,0.285237,0.283221,0.281935,0.00201612
84.22,0.294267,0.283183,0.281891,0.0110849
84.225,0.287308,0.283144,0.281847,0.00416382
84.23,0.275223,0.283105,0.281803,-0.00788179
84.235,0.269257,0.283067,0.281759,-0.0138092
84.24,0.282576,0.283028,0.281715,-0.000452588
84.245,0.288988,0.28299,0.281671,0.00599821
84.25,0.290791,0.282951,0.281627,0.0078401
84.255,0.274297,0.282913,0.281583,-0.00861617
84.26,0.272161,0.282875,0.281539,-0.0107139
84.265,0.275861,0.282836,0.281495,-0.00697495
84.27,0.278035,0.282798,0.281451,-0.00476268
84.275,0.262449,0.28276,0.281407,-0.0203108
84.28,0.252276,0.282722,0.281363,-0.0304453
84.285,0.24487,0.282684,0.281319,-0.0378132
84.29,0.251144,0.282646,0.281275,-0.0315018
84.295,0.254416,0.282608,0.281231,-0.0281912
84.3,0.264652,0.28257,0.281187,-0.0179176
84.305,0.271058,0.282532,0.281143,-0.0114742
84.31,0.273592,0.282494,0.281099,-0.00890213
84.315,0.274629,0.282456,0.281055,-0.00782761
84.32,0.266496,0.282419,0.281011,-0.015923
84.325,0.263258,0.282381,0.280967,-0.019123
84.33,0.278943,0.282343,0.280923,-0.00340065
84.335,0.289445,0.282306,0.280879,0.00713939
84.34,0.293407,0.282268,0.280835,0.0111386
84.345,0.292286,0.282231,0.280791,0.0100548
84.35,0.279424,0.282194,0.280746,-0.00276941
84.355,0.276202,0.282156,0.280702,-0.00595388
84.36,0.280873,0.282119,0.280658,-0.00124663
84.365,0.278988,0.282082,0.280614,-0.00309421
84.37,0.274818,0.282045,0.28057,-0.00722679
84.375,0.277798,0.282008,0.280526,-0.00421022
84.38,0.289487,0.281971,0.280481,0.00751618
84.385,0.297097,0.281934,0.280437,0.0151625
84.39,0.295584,0.281897,0.280393,0.0136871
84.395,0.286601,0.281861,0.280349,0.00474078
84.4,0.276124,0.281824,0.280304,-0.00570018
84.405,0.274518,0.281787,0.28026,-0.00726908
84.41,0.269704,0.281751,0.280216,-0.0120469
84.415,0.27216,0.281714,0.280172,-0.00955417
84.42,0.260797,0.281678,0.280127,-0.0208808
84.425,0.262017,0.281642,0.280083,-0.0196247
84.43,0.25908,0.281606,0.280039,-0.0225252
84.435,0.25963,0.28157,0.279994,-0.0219393
84.44,0.259497,0.281534,0.27995,-0.0220362
84.445,0.258963,0.281498,0.279906,-0.0225346
84.45,0.258384,0.281462,0.279861,-0.0230777
84.455,0.266948,0.281426,0.279817,-0.0144778
84.46,0.260043,0.28139,0.279773,-0.0213474
84.465,0.249854,0.281355,0.279728,-0.0315003
84.47,0.250423,0.281319,0.279684,-0.0308957
84.475,0.252286,0.281284,0.27964,-0.0289975
84.48,0.252687,0.281248,0.279595,-0.0285617
84.485,0.239749,0.281213,0.279551,-0.0414639
84.49,0.234488,0.281178,0.279506,-0.0466905
84.495,0.241203,0.281143,0.279462,-0.0399395
84.5,0.251177,0.281108,0.279417,-0.0299313
84.505,0.251748,0.281073,0.279373,-0.0293256
84.51,0.254101,0.281038,0.279328,-0.0269377
84.515,0.261724,0.281004,0.279284,-0.0192795
84.52,0.27527,0.280969,0.279239,-0.00569898
84.525,0.283229,0.280935,0.279195,0.00229387
84.53,0.286453,0.2809,0.27915,0.00555285
84.535,0.283108,0.280866,0.279106,0.00224193
84.54,0.269153,0.280832,0.279061,-0.0116796
84.545,0.265254,0.280798,0.279017,-0.0155444
84.55,0.260119,0.280764,0.278972,-0.0206454
84.555,0.265033,0.280731,0.278928,-0.015697
84.56,0.263679,0.280697,0.278883,-0.0170179
84.565,0.253125,0.280663,0.278839,-0.0275386
84.57,0.258935,0.28063,0.278794,-0.0216948
84.575,0.257939,0.280597,0.278749,-0.0226577
84.58,0.265127,0.280564,0.278705,-0.015437
84.585,0.270008,0.280531,0.27866,-0.0105225
84.59,0.260894,0.280498,0.278616,-0.0196034
84.595,0.255909,0.280465,0.278571,-0.0245556
84.6,0.259771,0.280432,0.278526,-0.0206608
84.605,0.266659,0.2804,0.278482,-0.0137409
84.61,0.268266,0.280367,0.278437,-0.0121015
84.615,0.272963,0.280335,0.278392,-0.00737253
84.62,0.265152,0.280303,0.278348,-0.0151514
84.625,0.263304,0.280271,0.278303,-0.0169673
84.63,0.248458,0.280239,0.278258,-0.0317813
84.635,0.245175,0.280208,0.278213,-0.0350332
84.64,0.239546,0.280176,0.278169,-0.0406303
84.645,0.252605,0.280145,0.278124,-0.0275404
84.65,0.261072,0.280114,0.278079,-0.0190423
84.655,0.262282,0.280083,0.278034,-0.0178007
84.66,0.257678,0.280052,0.27799,-0.0223744
84.665,0.251713,0.280021,0.277945,-0.0283078
84.67,0.250268,0.279991,0.2779,-0.0297231
84.675,0.24281,0.279961,0.277855,-0.0371505
84.68,0.235559,0.27993,0.27781,-0.044371
84.685,0.242206,0.2799,0.277766,-0.0376947
84.69,0.247388,0.279871,0.277721,-0.0324828
84.695,0.251995,0.279841,0.277676,-0.0278462
84.7,0.270532,0.279812,0.277631,-0.00928003
84.705,0.2705,0.279782,0.277586,-0.00928225
84.71,0.273136,0.279753,0.277541,-0.00661721
84.715,0.261623,0.279725,0.277496,-0.018102
84.72,0.249402,0.279696,0.277452,-0.0302942
84.725,0.248242,0.279668,0.277407,-0.0314254
84.73,0.250455,0.279639,0.277362,-0.0291845
84.735,0.258976,0.279611,0.277317,-0.0206356
84.74,0.274166,0.279584,0.277272,-0.00541738
84.745,0.290674,0.279556,0.277227,0.0111179
84.75,0.285245,0.279529,0.277182,0.00571602
84.755,0.286842,0.279502,0.277137,0.00733993
84.76,0.280737,0.279475,0.277092,0.00126224
84.765,0.268925,0.279448,0.277047,-0.0105228
84.77,0.272125,0.279422,0.277002,-0.00729698
84.775,0.256885,0.279396,0.276957,-0.0225111
84.78,0.258933,0.27937,0.276912,-0.0204372
84.785,0.259221,0.279344,0.276867,-0.0201232
84.79,0.257674,0.279319,0.276822,-0.021645
84.795,0.264978,0.279294,0.276777,-0.0143162
84.8,0.270699,0.279269,0.276732,-0.00857022
84.805,0.267862,0.279245,0.276687,-0.0113825
84.81,0.266684,0.279221,0.276642,-0.0125366
84.815,0.258539,0.279197,0.276597,-0.0206581
84.82,0.251142,0.279173,0.276552,-0.0280315
84.825,0.240902,0.27915,0.276506,-0.0382483
84.83,0.237681,0.279127,0.276461,-0.041446
84.835,0.239116,0.279105,0.276416,-0.0399886
84.84,0.255678,0.279083,0.276371,-0.0234042
84.845,0.277339,0.279061,0.276326,-0.00172224
84.85,0.272148,0.279039,0.276281,-0.00689149
84.855,0.273916,0.279018,0.276236,-0.00510194
84.86,0.258446,0.278998,0.27619,-0.0205519
84.865,0.259004,0.278977,0.276145,-0.0199733
84.87,0.271876,0.278958,0.2761,-0.00708187
84.875,0.267557,0.278938,0.276055,-0.0113809
84.88,0.265388,0.278919,0.27601,-0.0135309
84.885,0.265349,0.278901,0.275964,-0.0135513
84.89,0.256929,0.278883,0.275919,-0.0219537
84.895,0.263186,0.278865,0.275874,-0.0156793
84.9,0.259111,0.278848,0.275829,-0.0197375
84.905,0.267383,0.278832,0.275783,-0.0114485
84.91,0.269433,0.278816,0.275738,-0.00938283
84.915,0.260975,0.2788,0.275693,-0.0178252
84.92,0.255991,0.278786,0.275647,-0.022795
84.925,0.252605,0.278772,0.275602,-0.0261665
84.93,0.25166,0.278758,0.275557,-0.0270985
84.935,0.254543,0.278745,0.275511,-0.0242022
84.94,0.249738,0.278733,0.275466,-0.028995
84.945,0.270897,0.278722,0.275421,-0.00782485
84.95,0.292613,0.278711,0.275375,0.0139014
84.955,0.298779,0.278701,0.27533,0.0200773
84.96,0.292911,0.278693,0.275285,0.0142189
84.965,0.274377,0.278684,0.275239,-0.0043077
84.97,0.26569,0.278677,0.275194,-0.012987
84.975,0.260666,0.278671,0.275148,-0.0180056
84.98,0.241391,0.278666,0.275103,-0.0372753
84.985,0.23317,0.278662,0.275058,-0.0454923
84.99,0.235096,0.278659,0.275012,-0.0435626
84.995,0.243871,0.278657,0.274967,-0.0347866
85,0.249327,0.278657,0.274921,-0.0293298
85.005,0.250902,0.278657,0.274876,-0.0277554
85.01,0.251608,0.278659,0.27483,-0.0270515
85.015,0.261775,0.278663,0.274785,-0.0168882
85.02,0.265576,0.278668,0.274739,-0.0130925
85.025,0.281253,0.278675,0.274694,0.00257863
85.03,0.282828,0.278683,0.274648,0.00414519
85.035,0.266089,0.278693,0.274603,-0.0126044
85.04,0.267777,0.278705,0.274557,-0.0109276
85.045,0.258217,0.278719,0.274512,-0.0205023
85.05,0.261761,0.278735,0.274466,-0.016974
85.055,0.265737,0.278753,0.274421,-0.0130155
85.06,0.249425,0.278773,0.274375,-0.0293483
85.065,0.251317,0.278796,0.274329,-0.027479
85.07,0.252995,0.278822,0.274284,-0.0258269
85.075,0.248994,0.27885,0.274238,-0.0298558
85.08,0.236644,0.278881,0.274193,-0.0422368
85.085,0.222588,0.278914,0.274147,-0.0563269
85.09,0.223874,0.278951,0.274101,-0.0550778
85.095,0.234182,0.278992,0.274056,-0.0448098
85.1,0.250997,0.279036,0.27401,-0.0280386
85.105,0.255258,0.279083,0.273964,-0.0238253
85.11,0.252955,0.279135,0.273919,-0.0261792
85.115,0.258613,0.27919,0.273873,-0.0205767
85.12,0.256036,0.27925,0.273827,-0.0232137
85.125,0.260031,0.279314,0.273782,-0.0192831
85.13,0.261768,0.279383,0.273736,-0.0176155
85.135,0.259879,0.279457,0.27369,-0.0195789
85.14,0.258473,0.279537,0.273644,-0.0210638
85.145,0.240271,0.279622,0.273599,-0.0393503
85.15,0.22541,0.279713,0.273553,-0.0543025
85.155,0.21675,0.279809,0.273507,-0.0630591
85.16,0.229687,0.279913,0.273461,-0.0502257
85.165,0.235417,0.280023,0.273416,-0.0446054
85.17,0.252651,0.28014,0.27337,-0.027489
85.175,0.248101,0.280264,0.273324,-0.0321637
85.18,0.251634,0.280397,0.273278,-0.0287631
85.185,0.253281,0.280537,0.273232,-0.0272565
85.19,0.248764,0.280686,0.273186,-0.0319224
85.195,0.244242,0.280844,0.273141,-0.0366018
85.2,0.249544,0.281011,0.273095,-0.0314678
85.205,0.252105,0.281189,0.273049,-0.0290838
85.21,0.250277,0.281376,0.273003,-0.0310992
85.215,0.258731,0.281574,0.272957,-0.0228433
85.22,0.263787,0.281783,0.272911,-0.017996
85.225,0.260849,0.282004,0.272865,-0.021155
85.23,0.276012,0.282237,0.272819,-0.00622484
85.235,0.262675,0.282482,0.272773,-0.0198071
85.24,0.266655,0.282741,0.272728,-0.0160856
85.245,0.273226,0.283014,0.272682,-0.00978803
85.25,0.26813,0.2833,0.272636,-0.0151708
85.255,0.274787,0.283602,0.27259,-0.00881473
85.26,0.279127,0.283919,0.272544,-0.00479183
85.265,0.280943,0.284252,0.272498,-0.00330846
85.27,0.273806,0.284601,0.272452,-0.0107954
85.275,0.269873,0.284968,0.272406,-0.0150955
85.28,0.257898,0.285353,0.27236,-0.0274552
85.285,0.26717,0.285756,0.272314,-0.0185859
85.29,0.262952,0.286178,0.272268,-0.0232258
85.295,0.250815,0.28662,0.272222,-0.0358051
85.3,0.239654,0.287082,0.272175,-0.0474281
85.305,0.232614,0.287566,0.272129,-0.0549521
85.31,0.240911,0.288071,0.272083,-0.0471598
85.315,0.258018,0.288599,0.272037,-0.0305805
85.32,0.255612,0.289149,0.271991,-0.0335373
85.325,0.263391,0.289724,0.271945,-0.0263326
85.33,0.261547,0.290323,0.271899,-0.0287754
85.335,0.271415,0.290947,0.271853,-0.0195313
85.34,0.273509,0.291597,0.271807,-0.0180881
85.345,0.263382,0.292273,0.271761,-0.0288907
85.35,0.258526,0.292977,0.271714,-0.034451
85.355,0.259928,0.293708,0.271668,-0.0337798
85.36,0.270726,0.294468,0.271622,-0.0237417
85.365,0.27662,0.295257,0.271576,-0.0186365
85.37,0.279729,0.296075,0.27153,-0.0163459
85.375,0.284328,0.296924,0.271483,-0.0125968
85.38,0.287322,0.297804,0.271437,-0.0104818
85.385,0.271476,0.298716,0.271391,-0.02724
85.39,0.2586,0.299659,0.271345,-0.0410587
85.395,0.248526,0.300635,0.271299,-0.0521094
85.4,0.262205,0.301644,0.271252,-0.0394392
85.405,0.27545,0.302687,0.271206,-0.0272373
85.41,0.276619,0.303764,0.27116,-0.0271447
85.415,0.26979,0.304875,0.271113,-0.0350852
85.42,0.269811,0.306022,0.271067,-0.0362103
85.425,0.271239,0.307203,0.271021,-0.0359642
85.43,0.274464,0.30842,0.270975,-0.0339559
85.435,0.263172,0.309673,0.270928,-0.0465015
85.44,0.270429,0.310962,0.270882,-0.0405327
85.445,0.273705,0.312287,0.270836,-0.0385824
85.45,0.283531,0.313649,0.270789,-0.0301179
85.455,0.29236,0.315047,0.270743,-0.0226872
85.46,0.295202,0.316482,0.270697,-0.0212793
85.465,0.295602,0.317953,0.27065,-0.0223509
85.47,0.30612,0.319461,0.270604,-0.0133405
85.475,0.29764,0.321005,0.270557,-0.0233641
85.48,0.303398,0.322585,0.270511,-0.0191866
85.485,0.293832,0.324201,0.270465,-0.0303685
85.49,0.276544,0.325853,0.270418,-0.0493085
85.495,0.267494,0.32754,0.270372,-0.0600452
85.5,0.264915,0.329261,0.270325,-0.0643467
85.505,0.272838,0.331017,0.270279,-0.0581794
85.51,0.265769,0.332807,0.270232,-0.0670383
85.515,0.269743,0.33463,0.270186,-0.064887
85.52,0.2714,0.336485,0.270139,-0.0650852
85.525,0.287161,0.338372,0.270093,-0.0512103
85.53,0.305015,0.340289,0.270046,-0.0352744
85.535,0.31471,0.342236,0.27,-0.027526
85.54,0.316415,0.344212,0.269953,-0.027797
85.545,0.313656,0.346215,0.269907,-0.0325597
85.55,0.30836,0.348245,0.26986,-0.0398851
85.555,0.298403,0.3503,0.269814,-0.0518967
85.56,0.294125,0.352379,0.269767,-0.058254
85.565,0.292085,0.35448,0.26972,-0.0623954
85.57,0.286779,0.356602,0.269674,-0.0698228
85.575,0.298174,0.358743,0.269627,-0.0605696
85.58,0.314722,0.360902,0.269581,-0.0461807
85.585,0.323019,0.363077,0.269534,-0.0400578
85.59,0.326027,0.365266,0.269487,-0.0392392
85.595,0.317749,0.367467,0.269441,-0.049718
85.6,0.295782,0.369678,0.269394,-0.0738957
85.605,0.290126,0.371897,0.269348,-0.0817719
85.61,0.286254,0.374123,0.269301,-0.0878689
85.615,0.293324,0.376351,0.269254,-0.083027
85.62,0.302155,0.378582,0.269208,-0.0764268
85.625,0.294023,0.380811,0.269161,-0.0867881
85.63,0.291068,0.383037,0.269114,-0.0919687
85.635,0.290219,0.385257,0.269067,-0.0950386
85.64,0.296351,0.387469,0.269021,-0.0911176
85.645,0.295557,0.389669,0.268974,-0.0941117
85.65,0.293181,0.391855,0.268927,-0.0986746
85.655,0.279187,0.394025,0.26888,-0.114838
85.66,0.275642,0.396175,0.268834,-0.120533
85.665,0.27441,0.398302,0.268787,-0.123892
85.67,0.283803,0.400405,0.26874,-0.116601
85.675,0.29806,0.402478,0.268693,-0.104418
85.68,0.31456,0.40452,0.268647,-0.0899598
85.685,0.316472,0.406528,0.2686,-0.0900557
85.69,0.309831,0.408497,0.268553,-0.0986657
85.695,0.302334,0.410426,0.268506,-0.108092
85.7,0.306523,0.41231,0.268459,-0.105787
85.705,0.308608,0.414147,0.268412,-0.105539
85.71,0.324023,0.415933,0.268366,-0.0919105
85.715,0.321891,0.417666,0.268319,-0.0957745
85.72,0.31976,0.419341,0.268272,-0.0995812
85.725,0.307808,0.420956,0.268225,-0.113148
85.73,0.302011,0.422508,0.268178,-0.120497
85.735,0.296129,0.423993,0.268131,-0.127864
85.74,0.303848,0.425409,0.268084,-0.121561
85.745,0.30365,0.426752,0.268037,-0.123102
85.75,0.311673,0.42802,0.26799,-0.116347
85.755,0.316916,0.42921,0.267943,-0.112293
85.76,0.323273,0.430318,0.267897,-0.107045
85.765,0.320353,0.431343,0.26785,-0.110991
85.77,0.331288,0.432282,0.267803,-0.100995
85.775,0.323546,0.433133,0.267756,-0.109588
85.78,0.325594,0.433894,0.267709,-0.108301
85.785,0.319041,0.434563,0.267662,-0.115522
85.79,0.324675,0.435138,0.267615,-0.110463
85.795,0.317523,0.435617,0.267568,-0.118094
85.8,0.317949,0.436,0.267521,-0.118051
85.805,0.32683,0.436285,0.267474,-0.109455
85.81,0.323647,0.436472,0.267426,-0.112825
85.815,0.32303,0.436559,0.267379,-0.113529
85.82,0.314965,0.436547,0.267332,-0.121582
85.825,0.3118,0.436435,0.267285,-0.124635
85.83,0.335849,0.436224,0.267238,-0.100376
85.835,0.331699,0.435914,0.267191,-0.104215
85.84,0.326674,0.435506,0.267144,-0.108833
85.845,0.310776,0.435001,0.267097,-0.124224
85.85,0.313683,0.434399,0.26705,-0.120715
85.855,0.322513,0.433702,0.267003,-0.111189
85.86,0.324635,0.432912,0.266955,-0.108277
85.865,0.302685,0.43203,0.266908,-0.129345
85.87,0.308942,0.431058,0.266861,-0.122116
85.875,0.313422,0.429999,0.266814,-0.116578
85.88,0.311624,0.428855,0.266767,-0.117231
85.885,0.303132,0.427628,0.26672,-0.124496
85.89,0.284412,0.426321,0.266672,-0.141909
85.895,0.284161,0.424937,0.266625,-0.140776
85.9,0.287913,0.423477,0.266578,-0.135564
85.905,0.287575,0.421947,0.266531,-0.134372
85.91,0.28493,0.420347,0.266484,-0.135417
85.915,0.284624,0.418682,0.266436,-0.134059
85.92,0.286938,0.416955,0.266389,-0.130017
85.925,0.297271,0.415168,0.266342,-0.117897
85.93,0.308378,0.413325,0.266294,-0.104948
85.935,0.315164,0.41143,0.266247,-0.0962654
85.94,0.307993,0.409484,0.2662,-0.101491
85.945,0.311466,0.407492,0.266153,-0.0960265
85.95,0.297872,0.405457,0.266105,-0.107585
85.955,0.289887,0.403382,0.266058,-0.113495
85.96,0.28882,0.40127,0.266011,-0.11245
85.965,0.289813,0.399124,0.265963,-0.109311
85.97,0.306344,0.396948,0.265916,-0.0906036
85.975,0.320133,0.394744,0.265869,-0.0746108
85.98,0.326792,0.392515,0.265821,-0.0657236
85.985,0.32477,0.390265,0.265774,-0.0654954
85.99,0.323889,0.387996,0.265726,-0.0641071
85.995,0.30211,0.385711,0.265679,-0.0836016
86,0.290388,0.383413,0.265632,-0.0930256
86.005,0.27042,0.381105,0.265584,-0.110685
86.01,0.266451,0.378789,0.265537,-0.112338
86.015,0.266501,0.376468,0.265489,-0.109966
86.02,0.265148,0.374144,0.265442,-0.108996
86.025,0.266869,0.371819,0.265394,-0.10495
86.03,0.258603,0.369497,0.265347,-0.110895
86.035,0.266115,0.36718,0.2653,-0.101064
86.04,0.271623,0.364869,0.265252,-0.0932452
86.045,0.278887,0.362566,0.265205,-0.0836789
86.05,0.288344,0.360275,0.265157,-0.071931
86.055,0.303072,0.357996,0.26511,-0.0549241
86.06,0.292356,0.355731,0.265062,-0.0633757
86.065,0.29279,0.353483,0.265014,-0.0606935
86.07,0.266265,0.351254,0.264967,-0.0849888
86.075,0.261779,0.349044,0.264919,-0.0872643
86.08,0.257699,0.346855,0.264872,-0.0891564
86.085,0.266594,0.344689,0.264824,-0.0780949
86.09,0.258981,0.342547,0.264777,-0.0835662
86.095,0.271024,0.340431,0.264729,-0.069407
86.1,0.280721,0.338342,0.264682,-0.0576207
86.105,0.286364,0.33628,0.264634,-0.0499159
86.11,0.284037,0.334248,0.264586,-0.050211
86.115,0.282025,0.332246,0.264539,-0.050221
86.12,0.277903,0.330274,0.264491,-0.0523708
86.125,0.267287,0.328334,0.264443,-0.0610472
86.13,0.249919,0.326427,0.264396,-0.0765079
86.135,0.237108,0.324553,0.264348,-0.0874452
86.14,0.234001,0.322714,0.2643,-0.0887127
86.145,0.243998,0.320908,0.264253,-0.0769102
86.15,0.249122,0.319137,0.264205,-0.0700159
86.155,0.264047,0.317402,0.264157,-0.0533553
86.16,0.275753,0.315703,0.26411,-0.0399496
86.165,0.280658,0.314039,0.264062,-0.0333816
86.17,0.283685,0.312412,0.264014,-0.0287267
86.175,0.27755,0.310821,0.263966,-0.0332711
86.18,0.269381,0.309267,0.263919,-0.0398858
86.185,0.27024,0.307749,0.263871,-0.0375093
86.19,0.26593,0.306268,0.263823,-0.0403374
86.195,0.259443,0.304823,0.263775,-0.0453795
86.2,0.2535,0.303414,0.263728,-0.0499139
86.205,0.260268,0.302042,0.26368,-0.041774
86.21,0.268005,0.300706,0.263632,-0.0327013
86.215,0.27,0.299405,0.263584,-0.0294057
86.22,0.257258,0.29814,0.263536,-0.0408827
86.225,0.24927,0.29691,0.263489,-0.0476404
86.23,0.23936,0.295715,0.263441,-0.0563557
86.235,0.234853,0.294555,0.263393,-0.0597014
86.24,0.231248,0.293428,0.263345,-0.0621796
86.245,0.238993,0.292334,0.263297,-0.0533415
86.25,0.256275,0.291274,0.263249,-0.0349987
86.255,0.264728,0.290246,0.263201,-0.0255178
86.26,0.272406,0.28925,0.263153,-0.0168435
86.265,0.260095,0.288285,0.263106,-0.0281902
86.27,0.247862,0.287351,0.263058,-0.0394893
86.275,0.247249,0.286448,0.26301,-0.0391987
86.28,0.240577,0.285573,0.262962,-0.044997
86.285,0.249284,0.284728,0.262914,-0.035444
86.29,0.256672,0.283911,0.262866,-0.027239
86.295,0.253314,0.283122,0.262818,-0.0298076
86.3,0.259601,0.282359,0.26277,-0.0227584
86.305,0.250264,0.281623,0.262722,-0.0313586
86.31,0.250812,0.280912,0.262674,-0.0301004
86.315,0.251812,0.280227,0.262626,-0.0284149
86.32,0.252611,0.279565,0.262578,-0.026954
86.325,0.258662,0.278928,0.26253,-0.0202656
86.33,0.267024,0.278313,0.262482,-0.0112889
86.335,0.269612,0.27772,0.262434,-0.00810761
86.34,0.260876,0.277149,0.262386,-0.0162732
86.345,0.254037,0.276599,0.262338,-0.0225617
86.35,0.244635,0.276069,0.26229,-0.0314339
86.355,0.239789,0.275558,0.262242,-0.0357693
86.36,0.236351,0.275067,0.262194,-0.0387155
86.365,0.236934,0.274593,0.262146,-0.0376592
86.37,0.226502,0.274138,0.262097,-0.0476354
86.375,0.228629,0.273699,0.262049,-0.0450704
86.38,0.222091,0.273277,0.262001,-0.0511859
86.385,0.222798,0.272871,0.261953,-0.050073
86.39,0.221711,0.27248,0.261905,-0.0507684
86.395,0.222055,0.272103,0.261857,-0.0500481
86.4,0.221604,0.271741,0.261809,-0.050137
86.405,0.230264,0.271392,0.261761,-0.0411282
86.41,0.233805,0.271056,0.261712,-0.0372519
86.415,0.252352,0.270733,0.261664,-0.0183812
86.42,0.258033,0.270422,0.261616,-0.0123892
86.425,0.254747,0.270122,0.261568,-0.0153748
86.43,0.252005,0.269833,0.26152,-0.0178288
86.435,0.251873,0.269555,0.261471,-0.0176818
86.44,0.270818,0.269287,0.261423,0.00153133
86.445,0.262295,0.269029,0.261375,-0.00673379
86.45,0.264429,0.268779,0.261327,-0.00435023
86.455,0.260629,0.268539,0.261278,-0.00790975
86.46,0.260913,0.268307,0.26123,-0.00739369
86.465,0.265308,0.268083,0.261182,-0.00277487
86.47,0.262192,0.267867,0.261134,-0.00567413
86.475,0.257581,0.267658,0.261085,-0.0100762
86.48,0.250956,0.267456,0.261037,-0.0164994
86.485,0.243535,0.26726,0.260989,-0.0237252
86.49,0.240138,0.267071,0.26094,-0.0269331
86.495,0.252405,0.266888,0.260892,-0.0144835
86.5,0.259168,0.266711,0.260844,-0.0075434
86.505,0.264824,0.266539,0.260795,-0.00171502
86.51,0.267358,0.266373,0.260747,0.000985507
86.515,0.267362,0.266211,0.260699,0.00115117
86.52,0.268749,0.266054,0.26065,0.00269509
86.525,0.25326,0.265902,0.260602,-0.0126421
86.53,0.242887,0.265754,0.260554,-0.0228669
86.535,0.244412,0.265609,0.260505,-0.0211971
86.54,0.240279,0.265469,0.260457,-0.0251899
86.545,0.244545,0.265332,0.260408,-0.0207878
86.55,0.248519,0.265199,0.26036,-0.0166802
86.555,0.255197,0.265069,0.260311,-0.00987157
86.56,0.264178,0.264942,0.260263,-0.00076402
86.565,0.266745,0.264818,0.260215,0.00192688
86.57,0.268179,0.264697,0.260166,0.00348204
86.575,0.284558,0.264578,0.260118,0.0199803
86.58,0.275556,0.264462,0.260069,0.0110942
86.585,0.272459,0.264348,0.260021,0.0081103
86.59,0.268295,0.264237,0.259972,0.00405811
86.595,0.264295,0.264128,0.259924,0.000167415
86.6,0.258781,0.264021,0.259875,-0.00523908
86.605,0.245709,0.263915,0.259827,-0.0182065
86.61,0.236771,0.263812,0.259778,-0.0270405
86.615,0.24267,0.26371,0.25973,-0.0210399
86.62,0.244539,0.26361,0.259681,-0.0190706
86.625,0.243246,0.263511,0.259632,-0.020265
86.63,0.216646,0.263414,0.259584,-0.0467686
86.635,0.214227,0.263319,0.259535,-0.0490917
86.64,0.218932,0.263224,0.259487,-0.0442926
86.645,0.219487,0.263131,0.259438,-0.043644
86.65,0.226593,0.26304,0.25939,-0.0364462
86.655,0.221145,0.262949,0.259341,-0.0418037
86.66,0.232017,0.26286,0.259292,-0.0308422
86.665,0.233783,0.262771,0.259244,-0.0289881
86.67,0.240601,0.262684,0.259195,-0.0220829
86.675,0.242179,0.262597,0.259146,-0.0204181
86.68,0.243912,0.262511,0.259098,-0.0185993
86.685,0.23547,0.262427,0.259049,-0.0269566
86.69,0.23529,0.262343,0.259,-0.0270532
86.695,0.269278,0.26226,0.258952,0.0070182
86.7,0.277636,0.262177,0.258903,0.0154584
86.705,0.274211,0.262096,0.258854,0.0121153
86.71,0.268279,0.262015,0.258806,0.00626446
86.715,0.265487,0.261935,0.258757,0.00355227
86.72,0.279482,0.261855,0.258708,0.0176267
86.725,0.2811,0.261776,0.258659,0.0193237
86.73,0.257976,0.261698,0.258611,-0.00372166
86.735,0.240896,0.26162,0.258562,-0.0207235
86.74,0.234929,0.261543,0.258513,-0.0266132
86.745,0.234768,0.261466,0.258464,-0.026698
86.75,0.242112,0.26139,0.258416,-0.0192774
86.755,0.23776,0.261314,0.258367,-0.0235544
86.76,0.242347,0.261239,0.258318,-0.018892
86.765,0.250463,0.261164,0.258269,-0.0107007
86.77,0.258414,0.26109,0.25822,-0.00267573
86.775,0.262416,0.261016,0.258171,0.00140044
86.78,0.273598,0.260942,0.258123,0.0126563
86.785,0.286468,0.260869,0.258074,0.0255991
86.79,0.29092,0.260796,0.258025,0.030124
86.795,0.284888,0.260724,0.257976,0.0241636
86.8,0.273004,0.260652,0.257927,0.012352
86.805,0.26962,0.26058,0.257878,0.00903985
86.81,0.265214,0.260509,0.257829,0.00470469
86.815,0.260437,0.260438,0.257781,-1.71753e-06
86.82,0.267706,0.260368,0.257732,0.00733799
86.825,0.264149,0.260297,0.257683,0.00385183
86.83,0.264982,0.260227,0.257634,0.00475499
86.835,0.24193,0.260158,0.257585,-0.0182275
86.84,0.234713,0.260089,0.257536,-0.0253752
86.845,0.229162,0.260019,0.257487,-0.0308571
86.85,0.231443,0.259951,0.257438,-0.028508
86.855,0.226501,0.259882,0.257389,-0.0333817
86.86,0.236043,0.259814,0.25734,-0.0237713
86.865,0.239087,0.259746,0.257291,-0.0206591
86.87,0.251151,0.259678,0.257242,-0.00852761
86.875,0.257977,0.259611,0.257193,-0.00163394
86.88,0.259235,0.259544,0.257144,-0.000308612
86.885,0.271449,0.259477,0.257095,0.0119718
86.89,0.259965,0.25941,0.257046,0.000554898
86.895,0.27195,0.259344,0.256997,0.0126066
86.9,0.27592,0.259277,0.256948,0.0166422
86.905,0.283129,0.259211,0.256899,0.0239174
86.91,0.277023,0.259146,0.25685,0.0178771
86.915,0.271659,0.25908,0.256801,0.0125789
86.92,0.260759,0.259015,0.256752,0.00174423
86.925,0.26292,0.25895,0.256703,0.0039701
86.93,0.255267,0.258885,0.256653,-0.0036172
86.935,0.237504,0.25882,0.256604,-0.0213154
86.94,0.238494,0.258755,0.256555,-0.0202612
86.945,0.240403,0.258691,0.256506,-0.0182876
86.95,0.248496,0.258627,0.256457,-0.010131
86.955,0.245192,0.258563,0.256408,-0.0133711
86.96,0.241021,0.258499,0.256359,-0.0174778
86.965,0.240139,0.258435,0.25631,-0.018296
86.97,0.24088,0.258372,0.25626,-0.0174921
86.975,0.255055,0.258309,0.256211,-0.00325363
86.98,0.250392,0.258246,0.256162,-0.00785415
86.985,0.244133,0.258183,0.256113,-0.0140494
86.99,0.239302,0.25812,0.256064,-0.0188184
86.995,0.233959,0.258057,0.256014,-0.0240986
87,0.229417,0.257995,0.255965,-0.028578
87.005,0.238869,0.257933,0.255916,-0.0190639
87.01,0.242913,0.257871,0.255867,-0.014958
87.015,0.256808,0.257809,0.255817,-0.00100096
87.02,0.26781,0.257747,0.255768,0.0100636
87.025,0.264417,0.257685,0.255719,0.0067321
87.03,0.257336,0.257624,0.25567,-0.000287759
87.035,0.258069,0.257562,0.25562,0.000506506
87.04,0.25678,0.257501,0.255571,-0.000721064
87.045,0.257181,0.25744,0.255522,-0.00025937
87.05,0.251539,0.257379,0.255472,-0.00583974
87.055,0.247421,0.257318,0.255423,-0.00989692
87.06,0.270489,0.257257,0.255374,0.0132316
87.065,0.266071,0.257197,0.255324,0.00887452
87.07,0.255426,0.257136,0.255275,-0.00171065
87.075,0.240187,0.257076,0.255226,-0.0168892
87.08,0.224586,0.257016,0.255176,-0.0324297
87.085,0.222593,0.256956,0.255127,-0.0343625
87.09,0.221029,0.256896,0.255078,-0.0358668
87.095,0.208054,0.256836,0.255028,-0.0487823
87.1,0.217342,0.256776,0.254979,-0.0394347
87.105,0.221239,0.256717,0.25493,-0.0354777
87.11,0.233699,0.256657,0.25488,-0.0229586
87.115,0.239432,0.256598,0.254831,-0.0171657
87.12,0.241283,0.256539,0.254781,-0.0152554
87.125,0.251235,0.256479,0.254732,-0.0052447
87.13,0.250629,0.25642,0.254682,-0.00579172
87.135,0.250739,0.256361,0.254633,-0.00562248
87.14,0.231545,0.256303,0.254583,-0.0247571
87.145,0.229971,0.256244,0.254534,-0.0262731
87.15,0.238017,0.256185,0.254485,-0.0181682
87.155,0.243129,0.256127,0.254435,-0.0129973
87.16,0.25244,0.256068,0.254386,-0.00362843
87.165,0.253089,0.25601,0.254336,-0.00292065
87.17,0.25549,0.255952,0.254287,-0.000461658
87.175,0.258769,0.255893,0.254237,0.00287541
87.18,0.252856,0.255835,0.254187,-0.00297979
87.185,0.25476,0.255777,0.254138,-0.00101704
87.19,0.249625,0.255719,0.254088,-0.00609414
87.195,0.243012,0.255662,0.254039,-0.0126495
87.2,0.23802,0.255604,0.253989,-0.0175839
87.205,0.248805,0.255546,0.25394,-0.00674104
87.21,0.260809,0.255489,0.25389,0.00532048
87.215,0.268506,0.255431,0.253841,0.0130747
87.22,0.271854,0.255374,0.253791,0.0164803
87.225,0.265751,0.255317,0.253741,0.010434
87.23,0.265085,0.255259,0.253692,0.0098254
87.235,0.265199,0.255202,0.253642,0.00999719
87.24,0.26173,0.255145,0.253592,0.0065853
87.245,0.260471,0.255088,0.253543,0.00538308
87.25,0.257376,0.255031,0.253493,0.00234485
87.255,0.248384,0.254974,0.253444,-0.00659015
87.26,0.236011,0.254918,0.253394,-0.0189063
87.265,0.238424,0.254861,0.253344,-0.0164368
87.27,0.238285,0.254804,0.253294,-0.016519
87.275,0.241303,0.254748,0.253245,-0.0134449
87.28,0.24025,0.254691,0.253195,-0.0144416
87.285,0.24013,0.254635,0.253145,-0.0145054
87.29,0.25128,0.254579,0.253096,-0.00329828
87.295,0.247665,0.254522,0.253046,-0.00685761
87.3,0.243948,0.254466,0.252996,-0.0105177
87.305,0.235116,0.25441,0.252946,-0.0192935
87.31,0.247395,0.254354,0.252897,-0.00695869
87.315,0.253357,0.254298,0.252847,-0.000940841
87.32,0.253196,0.254242,0.252797,-0.00104604
87.325,0.254555,0.254186,0.252747,0.000369079
87.33,0.27038,0.25413,0.252698,0.0162502
87.335,0.272485,0.254074,0.252648,0.0184108
87.34,0.273868,0.254019,0.252598,0.0198495
87.345,0.255442,0.253963,0.252548,0.00147934
87.35,0.256511,0.253907,0.252498,0.00260375
87.355,0.262406,0.253852,0.252449,0.00855449
87.36,0.280765,0.253796,0.252399,0.0269685
87.365,0.270619,0.253741,0.252349,0.016878
87.37,0.261258,0.253686,0.252299,0.00757219
87.375,0.252073,0.25363,0.252249,-0.00155758
87.38,0.237967,0.253575,0.252199,-0.015608
87.385,0.232882,0.25352,0.25215,-0.0206377
87.39,0.21991,0.253465,0.2521,-0.0335548
87.395,0.208332,0.25341,0.25205,-0.0450773
87.4,0.210005,0.253354,0.252,-0.0433492
87.405,0.218407,0.253299,0.25195,-0.0348923
87.41,0.216087,0.253245,0.2519,-0.0371575
87.415,0.232038,0.25319,0.25185,-0.0211512
87.42,0.242754,0.253135,0.2518,-0.0103806
87.425,0.245855,0.25308,0.25175,-0.00722504
87.43,0.248624,0.253025,0.2517,-0.00440115
87.435,0.251261,0.25297,0.25165,-0.00170938
87.44,0.265344,0.252916,0.2516,0.012428
87.445,0.272087,0.252861,0.25155,0.0192261
87.45,0.281609,0.252807,0.2515,0.028802
87.455,0.268703,0.252752,0.25145,0.0159512
87.46,0.259419,0.252698,0.2514,0.0067219
87.465,0.253305,0.252643,0.25135,0.000662043
87.47,0.254129,0.252589,0.2513,0.00154028
87.475,0.256712,0.252534,0.25125,0.00417793
87.48,0.263799,0.25248,0.2512,0.011319
87.485,0.25949,0.252426,0.25115,0.00706427
87.49,0.25308,0.252371,0.2511,0.000708735
87.495,0.238672,0.252317,0.25105,-0.013645
87.5,0.239366,0.252263,0.251,-0.0128967
87.505,0.253783,0.252209,0.25095,0.00157358
87.51,0.250305,0.252155,0.2509,-0.00184941
87.515,0.236265,0.252101,0.25085,-0.0158356
87.52,0.238334,0.252047,0.2508,-0.0137126
87.525,0.23641,0.251993,0.25075,-0.0155825
87.53,0.244328,0.251939,0.2507,-0.00761059
87.535,0.2268,0.251885,0.250649,-0.0250851
87.54,0.211899,0.251831,0.250599,-0.0399327
87.545,0.211306,0.251777,0.250549,-0.0404714
87.55,0.224075,0.251724,0.250499,-0.027649
87.555,0.231766,0.25167,0.250449,-0.019904
87.56,0.247097,0.251616,0.250399,-0.00451878
87.565,0.246725,0.251562,0.250349,-0.00483703
87.57,0.243737,0.251509,0.250298,-0.00777152
87.575,0.243004,0.251455,0.250248,-0.00845148
87.58,0.234987,0.251402,0.250198,-0.016415
87.585,0.231265,0.251348,0.250148,-0.0200832
87.59,0.238974,0.251295,0.250098,-0.0123207
87.595,0.252144,0.251241,0.250047,0.00090335
87.6,0.257598,0.251188,0.249997,0.00641027
87.605,0.26776,0.251134,0.249947,0.0166253
87.61,0.27485,0.251081,0.249897,0.0237691
87.615,0.276945,0.251028,0.249846,0.0259179
87.62,0.271947,0.250974,0.249796,0.0209729
87.625,0.252061,0.250921,0.249746,0.00113965
87.63,0.247115,0.250868,0.249696,-0.00375298
87.635,0.229902,0.250814,0.249645,-0.0209127
87.64,0.218012,0.250761,0.249595,-0.0327497
87.645,0.211946,0.250708,0.249545,-0.0387619
87.65,0.207296,0.250655,0.249494,-0.0433585
87.655,0.215211,0.250602,0.249444,-0.0353912
87.66,0.21996,0.250549,0.249394,-0.0305885
87.665,0.220278,0.250496,0.249344,-0.0302179
87.67,0.226542,0.250443,0.249293,-0.0239009
87.675,0.229223,0.25039,0.249243,-0.0211671
87.68,0.233762,0.250337,0.249192,-0.0165749
87.685,0.236822,0.250284,0.249142,-0.0134622
87.69,0.236981,0.250231,0.249092,-0.0132499
87.695,0.232996,0.250178,0.249041,-0.0171818
87.7,0.238701,0.250125,0.248991,-0.0114237
87.705,0.246117,0.250072,0.248941,-0.00395485
87.71,0.254372,0.250019,0.24889,0.00435219
87.715,0.266741,0.249967,0.24884,0.0167741
87.72,0.271894,0.249914,0.248789,0.0219804
87.725,0.250131,0.249861,0.248739,0.000269401
87.73,0.239574,0.249809,0.248689,-0.0102347
87.735,0.226718,0.249756,0.248638,-0.023038
87.74,0.218574,0.249703,0.248588,-0.0311288
87.745,0.227929,0.249651,0.248537,-0.0217212
87.75,0.228263,0.249598,0.248487,-0.0213346
87.755,0.250603,0.249545,0.248436,0.00105763
87.76,0.25679,0.249493,0.248386,0.00729684
87.765,0.264827,0.24944,0.248335,0.0153864
87.77,0.268062,0.249388,0.248285,0.0186745
87.775,0.266956,0.249335,0.248234,0.0176208
87.78,0.26343,0.249283,0.248184,0.0141476
87.785,0.258155,0.24923,0.248133,0.00892509
87.79,0.255749,0.249178,0.248083,0.00657112
87.795,0.257802,0.249126,0.248032,0.00867603
87.8,0.248077,0.249073,0.247982,-0.000995727
87.805,0.225399,0.249021,0.247931,-0.0236221
87.81,0.211727,0.248969,0.24788,-0.0372418
87.815,0.197572,0.248916,0.24783,-0.0513445
87.82,0.205824,0.248864,0.247779,-0.0430403
87.825,0.226471,0.248812,0.247729,-0.0223403
87.83,0.24611,0.248759,0.247678,-0.00264915
87.835,0.260367,0.248707,0.247628,0.0116601
87.84,0.263054,0.248655,0.247577,0.0143989
87.845,0.241549,0.248603,0.247526,-0.00705399
87.85,0.23102,0.248551,0.247476,-0.017531
87.855,0.222249,0.248499,0.247425,-0.0262496
87.86,0.239824,0.248446,0.247374,-0.00862218
87.865,0.242796,0.248394,0.247324,-0.005598
87.87,0.248382,0.248342,0.247273,3.95491e-05
87.875,0.242106,0.24829,0.247223,-0.00618434
87.88,0.233917,0.248238,0.247172,-0.0143216
87.885,0.249153,0.248186,0.247121,0.000967197
87.89,0.249808,0.248134,0.24707,0.00167377
87.895,0.250716,0.248082,0.24702,0.00263338
87.9,0.238161,0.24803,0.246969,-0.00986937
87.905,0.239287,0.247978,0.246918,-0.0086913
87.91,0.238411,0.247927,0.246868,-0.00951551
87.915,0.251647,0.247875,0.246817,0.00377211
87.92,0.245056,0.247823,0.246766,-0.00276632
87.925,0.24976,0.247771,0.246715,0.00198881
87.93,0.24998,0.247719,0.246665,0.00226073
87.935,0.257326,0.247667,0.246614,0.00965826
87.94,0.246685,0.247616,0.246563,-0.000930335
87.945,0.245241,0.247564,0.246512,-0.00232237
87.95,0.24505,0.247512,0.246462,-0.00246247
87.955,0.251726,0.24746,0.246411,0.00426598
87.96,0.257001,0.247409,0.24636,0.00959262
87.965,0.259965,0.247357,0.246309,0.0126081
87.97,0.260015,0.247305,0.246258,0.01271
87.975,0.261745,0.247254,0.246208,0.0144911
87.98,0.266367,0.247202,0.246157,0.0191652
87.985,0.274303,0.24715,0.246106,0.0271525
87.99,0.28041,0.247099,0.246055,0.0333111
87.995,0.280182,0.247047,0.246004,0.0331344
88,0.272758,0.246996,0.245953,0.0257622
88.005,0.266006,0.246944,0.245903,0.0190622
88.01,0.261953,0.246893,0.245852,0.0150604
88.015,0.265363,0.246841,0.245801,0.0185218
88.02,0.271898,0.24679,0.24575,0.0251081
88.025,0.26558,0.246738,0.245699,0.0188423
88.03,0.24608,0.246687,0.245648,-0.000606555
88.035,0.238288,0.246635,0.245597,-0.00834677
88.04,0.247631,0.246584,0.245546,0.00104686
88.045,0.237043,0.246532,0.245495,-0.0094893
88.05,0.237101,0.246481,0.245445,-0.00937967
88.055,0.235257,0.24643,0.245394,-0.0111727
88.06,0.231478,0.246378,0.245343,-0.0149
88.065,0.228914,0.246327,0.245292,-0.0174128
88.07,0.222544,0.246276,0.245241,-0.0237312
88.075,0.22596,0.246224,0.24519,-0.0202647
88.08,0.255261,0.246173,0.245139,0.00908786
88.085,0.266334,0.246122,0.245088,0.0202125
88.09,0.255465,0.246071,0.245037,0.00939471
88.095,0.247851,0.246019,0.244986,0.00183152
88.1,0.230423,0.245968,0.244935,-0.0155457
88.105,0.236055,0.245917,0.244884,-0.00986231
88.11,0.23701,0.245866,0.244833,-0.00885569
88.115,0.226423,0.245815,0.244782,-0.0193918
88.12,0.229038,0.245764,0.244731,-0.0167262
88.125,0.224983,0.245713,0.24468,-0.0207291
88.13,0.222465,0.245662,0.244629,-0.0231968
88.135,0.217556,0.24561,0.244578,-0.0280542
88.14,0.216868,0.245559,0.244527,-0.0286915
88.145,0.218911,0.245508,0.244475,-0.0265976
88.15,0.235108,0.245457,0.244424,-0.010349
88.155,0.235159,0.245406,0.244373,-0.0102474
88.16,0.235564,0.245355,0.244322,-0.0097915
88.165,0.248152,0.245304,0.244271,0.00284797
88.17,0.25953,0.245254,0.24422,0.0142767
88.175,0.258282,0.245203,0.244169,0.013079
88.18,0.254624,0.245152,0.244118,0.00947235
88.185,0.239003,0.245101,0.244067,-0.00609766
88.19,0.245901,0.24505,0.244015,0.000850585
88.195,0.244536,0.244999,0.243964,-0.000463508
88.2,0.234539,0.244948,0.243913,-0.0104089
88.205,0.231348,0.244898,0.243862,-0.0135496
88.21,0.234566,0.244847,0.243811,-0.0102805
88.215,0.241398,0.244796,0.24376,-0.00339818
88.22,0.246795,0.244745,0.243708,0.00204976
88.225,0.246694,0.244695,0.243657,0.00199977
88.23,0.23801,0.244644,0.243606,-0.00663383
88.235,0.232729,0.244593,0.243555,-0.0118638
88.24,0.232512,0.244543,0.243504,-0.0120307
88.245,0.227246,0.244492,0.243452,-0.0172458
88.25,0.219998,0.244441,0.243401,-0.0244431
88.255,0.218638,0.244391,0.24335,-0.0257527
88.26,0.220029,0.24434,0.243299,-0.0243108
88.265,0.222637,0.244289,0.243248,-0.0216528
88.27,0.229774,0.244239,0.243196,-0.0144654
88.275,0.245165,0.244188,0.243145,0.00097688
88.28,0.250429,0.244138,0.243094,0.00629098
88.285,0.261778,0.244087,0.243042,0.0176909
88.29,0.253239,0.244037,0.242991,0.00920165
88.295,0.235501,0.243987,0.24294,-0.00848593
88.3,0.238459,0.243936,0.242889,-0.00547721
88.305,0.222275,0.243886,0.242837,-0.0216106
88.31,0.218,0.243835,0.242786,-0.0258352
88.315,0.216192,0.243785,0.242735,-0.0275932
88.32,0.214063,0.243735,0.242683,-0.0296719
88.325,0.211837,0.243684,0.242632,-0.0318473
88.33,0.220613,0.243634,0.242581,-0.0230208
88.335,0.217619,0.243584,0.242529,-0.0259644
88.34,0.217429,0.243533,0.242478,-0.0261041
88.345,0.225521,0.243483,0.242427,-0.0179618
88.35,0.239401,0.243433,0.242375,-0.00403187
88.355,0.259179,0.243383,0.242324,0.0157958
88.36,0.256938,0.243333,0.242272,0.0136057
88.365,0.247529,0.243283,0.242221,0.00424698
88.37,0.252367,0.243232,0.24217,0.00913448
88.375,0.243104,0.243182,0.242118,-7.79303e-05
88.38,0.235997,0.243132,0.242067,-0.00713511
88.385,0.237802,0.243082,0.242015,-0.00527996
88.39,0.241323,0.243032,0.241964,-0.00170912
88.395,0.252353,0.242982,0.241912,0.00937058
88.4,0.249124,0.242932,0.241861,0.00619201
88.405,0.24207,0.242882,0.24181,-0.000812171
88.41,0.250237,0.242832,0.241758,0.00740489
88.415,0.258171,0.242782,0.241707,0.0153891
88.42,0.261222,0.242732,0.241655,0.0184898
88.425,0.258361,0.242683,0.241604,0.0156784
88.43,0.255563,0.242633,0.241552,0.0129305
88.435,0.256768,0.242583,0.241501,0.0141849
88.44,0.256715,0.242533,0.241449,0.0141823
88.445,0.267998,0.242483,0.241398,0.0255142
88.45,0.269246,0.242434,0.241346,0.0268124
88.455,0.270869,0.242384,0.241295,0.0284854
88.46,0.264555,0.242334,0.241243,0.0222203
88.465,0.24952,0.242285,0.241192,0.00723561
88.47,0.246786,0.242235,0.24114,0.00455138
88.475,0.23597,0.242185,0.241089,-0.00621554
88.48,0.25169,0.242136,0.241037,0.00955442
88.485,0.267924,0.242086,0.240985,0.0258382
88.49,0.262114,0.242037,0.240934,0.0200778
88.495,0.268583,0.241987,0.240882,0.0265957
88.5,0.271413,0.241938,0.240831,0.029475
88.505,0.253701,0.241888,0.240779,0.0118126
88.51,0.242106,0.241839,0.240727,0.000267165
88.515,0.212856,0.241789,0.240676,-0.0289336
88.52,0.204243,0.24174,0.240624,-0.0374972
88.525,0.211927,0.241691,0.240573,-0.0297635
88.53,0.210302,0.241641,0.240521,-0.0313396
88.535,0.217101,0.241592,0.240469,-0.0244907
88.54,0.227275,0.241543,0.240418,-0.0142676
88.545,0.227866,0.241494,0.240366,-0.0136274
88.55,0.235435,0.241445,0.240314,-0.00600945
88.555,0.237175,0.241395,0.240263,-0.0042202
88.56,0.235733,0.241346,0.240211,-0.00561332
88.565,0.238428,0.241297,0.240159,-0.00286872
88.57,0.226715,0.241248,0.240108,-0.014533
88.575,0.248008,0.241199,0.240056,0.00680896
88.58,0.256566,0.24115,0.240004,0.0154155
88.585,0.261294,0.241101,0.239953,0.0201932
88.59,0.262146,0.241052,0.239901,0.0210934
88.595,0.247507,0.241003,0.239849,0.00650319
88.6,0.249881,0.240955,0.239797,0.00892629
88.605,0.242136,0.240906,0.239746,0.00123049
88.61,0.221224,0.240857,0.239694,-0.0196328
88.615,0.213057,0.240808,0.239642,-0.0277513
88.62,0.212671,0.240759,0.23959,-0.0280889
88.625,0.229288,0.240711,0.239539,-0.0114229
88.63,0.229513,0.240662,0.239487,-0.0111494
88.635,0.235993,0.240614,0.239435,-0.00462046
88.64,0.242285,0.240565,0.239383,0.00172041
88.645,0.249629,0.240516,0.239332,0.00911245
88.65,0.245331,0.240468,0.23928,0.00486258
88.655,0.228606,0.240419,0.239228,-0.011813
88.66,0.221296,0.240371,0.239176,-0.0190754
88.665,0.223735,0.240323,0.239124,-0.0165878
88.67,0.222456,0.240274,0.239073,-0.0178187
88.675,0.224237,0.240226,0.239021,-0.0159888
88.68,0.234763,0.240178,0.238969,-0.00541446
88.685,0.245701,0.24013,0.238917,0.00557151
88.69,0.256808,0.240081,0.238865,0.0167264
88.695,0.247212,0.240033,0.238813,0.00717864
88.7,0.238643,0.239985,0.238762,-0.00134247
88.705,0.234044,0.239937,0.23871,-0.00589272
88.71,0.237805,0.239889,0.238658,-0.00208373
88.715,0.237403,0.239841,0.238606,-0.00243829
88.72,0.233463,0.239793,0.238554,-0.00633054
88.725,0.219123,0.239745,0.238502,-0.0206227
88.73,0.220898,0.239698,0.23845,-0.0187994
88.735,0.231798,0.23965,0.238398,-0.00785213
88.74,0.238488,0.239602,0.238346,-0.00111452
88.745,0.248088,0.239554,0.238294,0.0085331
88.75,0.251667,0.239507,0.238243,0.0121598
88.755,0.249353,0.239459,0.238191,0.00989402
88.76,0.241095,0.239412,0.238139,0.00168332
88.765,0.222653,0.239364,0.238087,-0.0167107
88.77,0.219468,0.239317,0.238035,-0.0198485
88.775,0.219312,0.239269,0.237983,-0.0199575
88.78,0.230982,0.239222,0.237931,-0.00824052
88.785,0.232998,0.239175,0.237879,-0.00617721
88.79,0.231857,0.239128,0.237827,-0.00727013
88.795,0.222235,0.23908,0.237775,-0.0168457
88.8,0.226881,0.239033,0.237723,-0.0121525
88.805,0.230718,0.238986,0.237671,-0.00826861
88.81,0.234828,0.238939,0.237619,-0.00411101
88.815,0.224738,0.238892,0.237567,-0.0141548
88.82,0.213262,0.238845,0.237515,-0.0255838
88.825,0.204435,0.238799,0.237463,-0.0343635
88.83,0.210063,0.238752,0.237411,-0.0286888
88.835,0.210528,0.238705,0.237359,-0.0281768
88.84,0.218469,0.238658,0.237307,-0.0201898
88.845,0.226629,0.238612,0.237255,-0.0119826
88.85,0.220517,0.238565,0.237203,-0.0180486
88.855,0.219424,0.238519,0.23715,-0.0190946
88.86,0.212392,0.238473,0.237098,-0.0260808
88.865,0.219459,0.238426,0.237046,-0.0189675
88.87,0.23341,0.23838,0.236994,-0.00496965
88.875,0.244614,0.238334,0.236942,0.0062802
88.88,0.255579,0.238288,0.23689,0.0172914
88.885,0.249604,0.238242,0.236838,0.011362
88.89,0.246175,0.238196,0.236786,0.00797979
88.895,0.239434,0.23815,0.236734,0.00128449
88.9,0.244344,0.238104,0.236682,0.00623986
88.905,0.257159,0.238058,0.236629,0.0191008
88.91,0.26647,0.238012,0.236577,0.0284573
88.915,0.285312,0.237967,0.236525,0.0473455
88.92,0.276567,0.237921,0.236473,0.0386454
88.925,0.270219,0.237876,0.236421,0.0323429
88.93,0.263976,0.23783,0.236369,0.0261456
88.935,0.26787,0.237785,0.236316,0.0300847
88.94,0.248508,0.23774,0.236264,0.0107681
88.945,0.239103,0.237695,0.236212,0.001408
88.95,0.223468,0.23765,0.23616,-0.0141817
88.955,0.237834,0.237605,0.236108,0.000229442
88.96,0.240455,0.23756,0.236056,0.00289547
88.965,0.2399,0.237515,0.236003,0.00238466
88.97,0.245256,0.23747,0.235951,0.00778555
88.975,0.255884,0.237426,0.235899,0.018458
88.98,0.265972,0.237381,0.235847,0.0285904
88.985,0.27466,0.237337,0.235794,0.0373232
88.99,0.260394,0.237292,0.235742,0.0231012
88.995,0.254942,0.237248,0.23569,0.0176935
89,0.231648,0.237204,0.235638,-0.00555633
89.005,0.226554,0.23716,0.235585,-0.0106064
89.01,0.223102,0.237116,0.235533,-0.0140144
89.015,0.217374,0.237072,0.235481,-0.0196982
89.02,0.201338,0.237029,0.235429,-0.0356903
89.025,0.209538,0.236985,0.235376,-0.0274469
89.03,0.219715,0.236941,0.235324,-0.0172268
89.035,0.238881,0.236898,0.235272,0.00198256
89.04,0.231645,0.236855,0.235219,-0.00520963
89.045,0.228366,0.236812,0.235167,-0.00844545
89.05,0.229618,0.236768,0.235115,-0.00715079
89.055,0.235104,0.236726,0.235062,-0.00162203
89.06,0.230055,0.236683,0.23501,-0.00662796
89.065,0.236657,0.23664,0.234958,1.71903e-05
89.07,0.233945,0.236597,0.234905,-0.00265234
89.075,0.247203,0.236555,0.234853,0.0106483
89.08,0.238106,0.236513,0.234801,0.00159316
89.085,0.240647,0.23647,0.234748,0.00417652
89.09,0.233217,0.236428,0.234696,-0.00321103
89.095,0.236196,0.236387,0.234644,-0.000190282
89.1,0.230329,0.236345,0.234591,-0.00601531
89.105,0.22431,0.236303,0.234539,-0.0119935
89.11,0.222683,0.236262,0.234486,-0.0135788
89.115,0.222848,0.23622,0.234434,-0.0133723
89.12,0.231169,0.236179,0.234382,-0.00501063
89.125,0.243873,0.236138,0.234329,0.00773478
89.13,0.245669,0.236097,0.234277,0.00957133
89.135,0.242032,0.236057,0.234224,0.00597577
89.14,0.241592,0.236016,0.234172,0.0055758
89.145,0.230909,0.235976,0.234119,-0.00506668
89.15,0.22287,0.235935,0.234067,-0.0130656
89.155,0.222319,0.235895,0.234015,-0.0135767
89.16,0.212845,0.235856,0.233962,-0.0230106
89.165,0.213428,0.235816,0.23391,-0.0223877
89.17,0.219093,0.235777,0.233857,-0.0166833
89.175,0.215331,0.235737,0.233805,-0.0204063
89.18,0.225052,0.235698,0.233752,-0.0106464
89.185,0.221136,0.23566,0.2337,-0.0145237
89.19,0.223472,0.235621,0.233647,-0.0121494
89.195,0.225513,0.235583,0.233595,-0.0100698
89.2,0.218655,0.235544,0.233542,-0.0168891
89.205,0.224277,0.235507,0.23349,-0.0112299
89.21,0.234491,0.235469,0.233437,-0.000978354
89.215,0.237332,0.235431,0.233385,0.00190011
89.22,0.235666,0.235394,0.233332,0.000271514
89.225,0.234524,0.235357,0.23328,-0.000833879
89.23,0.236558,0.235321,0.233227,0.00123741
89.235,0.241102,0.235285,0.233175,0.00581719
89.24,0.246334,0.235249,0.233122,0.0110855
89.245,0.242981,0.235213,0.233069,0.00776845
89.25,0.240919,0.235178,0.233017,0.00574166
89.255,0.240694,0.235142,0.232964,0.00555145
89.26,0.234801,0.235108,0.232912,-0.000306608
89.265,0.225205,0.235073,0.232859,-0.00986821
89.27,0.245983,0.235039,0.232807,0.010944
89.275,0.241097,0.235006,0.232754,0.00609101
89.28,0.24708,0.234973,0.232701,0.0121075
89.285,0.238551,0.23494,0.232649,0.00361124
89.29,0.235196,0.234908,0.232596,0.000288552
89.295,0.233956,0.234876,0.232544,-0.000919499
89.3,0.239465,0.234844,0.232491,0.00462051
89.305,0.227939,0.234814,0.232438,-0.00687411
89.31,0.224898,0.234783,0.232386,-0.00988497
89.315,0.221374,0.234753,0.232333,-0.0133791
89.32,0.217337,0.234724,0.23228,-0.017387
89.325,0.226413,0.234695,0.232228,-0.00828254
89.33,0.229432,0.234667,0.232175,-0.00523506
89.335,0.237859,0.23464,0.232122,0.00321887
89.34,0.244623,0.234613,0.23207,0.0100098
89.345,0.239839,0.234587,0.232017,0.00525189
89.35,0.232282,0.234562,0.231964,-0.00228035
89.355,0.220466,0.234537,0.231912,-0.0140718
89.36,0.220918,0.234514,0.231859,-0.0135961
89.365,0.21568,0.234491,0.231806,-0.0188109
89.37,0.212013,0.234469,0.231754,-0.0224561
89.375,0.202613,0.234448,0.231701,-0.0318346
89.38,0.20825,0.234428,0.231648,-0.0261775
89.385,0.220186,0.234409,0.231595,-0.0142224
89.39,0.223949,0.234391,0.231543,-0.0104414
89.395,0.232175,0.234374,0.23149,-0.00219864
89.4,0.235082,0.234358,0.231437,0.000723596
89.405,0.225619,0.234344,0.231384,-0.00872459
89.41,0.216375,0.234331,0.231332,-0.0179556
89.415,0.204916,0.234319,0.231279,-0.0294031
89.42,0.202289,0.234309,0.231226,-0.0320191
89.425,0.208652,0.2343,0.231173,-0.0256478
89.43,0.214002,0.234292,0.231121,-0.0202899
89.435,0.210441,0.234287,0.231068,-0.0238458
89.44,0.216126,0.234283,0.231015,-0.0181568
89.445,0.225809,0.234281,0.230962,-0.00847121
89.45,0.227812,0.23428,0.230909,-0.0064687
89.455,0.232444,0.234282,0.230857,-0.00183782
89.46,0.231563,0.234286,0.230804,-0.00272281
89.465,0.243453,0.234292,0.230751,0.00916099
89.47,0.233867,0.2343,0.230698,-0.000433274
89.475,0.236557,0.234311,0.230645,0.00224642
89.48,0.234934,0.234324,0.230593,0.000610801
89.485,0.243641,0.234339,0.23054,0.00930184
89.49,0.2539,0.234358,0.230487,0.0195418
89.495,0.242627,0.234379,0.230434,0.00824824
89.5,0.237776,0.234403,0.230381,0.00337293
89.505,0.232291,0.23443,0.230328,-0.00213906
89.51,0.228573,0.234461,0.230275,-0.00588778
89.515,0.228624,0.234495,0.230223,-0.00587095
89.52,0.231004,0.234532,0.23017,-0.00352791
89.525,0.234912,0.234573,0.230117,0.000338564
89.53,0.241031,0.234618,0.230064,0.00641278
89.535,0.237494,0.234667,0.230011,0.00282675
89.54,0.224849,0.234721,0.229958,-0.00987199
89.545,0.230495,0.234778,0.229905,-0.00428263
89.55,0.231556,0.23484,0.229852,-0.00328427
89.555,0.239796,0.234907,0.229799,0.00488886
89.56,0.247822,0.234978,0.229746,0.0128436
89.565,0.254976,0.235055,0.229693,0.0199209
89.57,0.260266,0.235137,0.229641,0.0251289
89.575,0.253371,0.235225,0.229588,0.0181468
89.58,0.241679,0.235318,0.229535,0.00636153
89.585,0.244972,0.235417,0.229482,0.00955548
89.59,0.260837,0.235522,0.229429,0.0253146
89.595,0.273301,0.235634,0.229376,0.0376671
89.6,0.252789,0.235752,0.229323,0.0170372
89.605,0.247979,0.235877,0.22927,0.0121017
89.61,0.233346,0.236009,0.229217,-0.00266327
89.615,0.237047,0.236149,0.229164,0.000898329
89.62,0.233711,0.236296,0.229111,-0.00258495
89.625,0.225051,0.236451,0.229058,-0.0113996
89.63,0.212464,0.236614,0.229005,-0.0241494
89.635,0.205453,0.236785,0.228952,-0.0313322
89.64,0.211519,0.236965,0.228899,-0.0254461
89.645,0.224509,0.237154,0.228846,-0.0126452
89.65,0.233466,0.237352,0.228793,-0.00388578
89.655,0.235183,0.237559,0.22874,-0.00237623
89.66,0.235494,0.237776,0.228687,-0.00228216
89.665,0.242852,0.238003,0.228634,0.00484883
89.67,0.250781,0.238239,0.228581,0.0125416
89.675,0.23908,0.238487,0.228528,0.000592743
89.68,0.246581,0.238746,0.228475,0.00783495
89.685,0.250262,0.239016,0.228422,0.0112461
89.69,0.248381,0.239297,0.228369,0.00908454
89.695,0.243721,0.239589,0.228315,0.00413229
89.7,0.237065,0.239894,0.228262,-0.00282862
89.705,0.236644,0.24021,0.228209,-0.00356649
89.71,0.233952,0.240539,0.228156,-0.00658686
89.715,0.225698,0.240881,0.228103,-0.0151831
89.72,0.223412,0.241236,0.22805,-0.0178233
89.725,0.226937,0.241603,0.227997,-0.0146669
89.73,0.228127,0.241985,0.227944,-0.0138575
89.735,0.229406,0.24238,0.227891,-0.0129744
89.74,0.230595,0.242789,0.227838,-0.0121939
89.745,0.241321,0.243213,0.227784,-0.00189108
89.75,0.248981,0.24365,0.227731,0.00533052
89.755,0.248982,0.244103,0.227678,0.0048794
89.76,0.256807,0.24457,0.227625,0.0122367
89.765,0.257323,0.245052,0.227572,0.012271
89.77,0.255385,0.24555,0.227519,0.0098348
89.775,0.251037,0.246063,0.227466,0.00497415
89.78,0.231274,0.246592,0.227412,-0.0153179
89.785,0.228042,0.247136,0.227359,-0.0190945
89.79,0.22946,0.247697,0.227306,-0.0182365
89.795,0.241203,0.248273,0.227253,-0.00706959
89.8,0.249093,0.248865,0.2272,0.000228184
89.805,0.249093,0.249474,0.227147,-0.000380461
89.81,0.246469,0.250099,0.227093,-0.00363018
89.815,0.246634,0.25074,0.22704,-0.00410621
89.82,0.246947,0.251398,0.226987,-0.00445029
89.825,0.248805,0.252072,0.226934,-0.00326705
89.83,0.250779,0.252762,0.226881,-0.0019834
89.835,0.248949,0.253469,0.226827,-0.0045199
89.84,0.249016,0.254192,0.226774,-0.00517649
89.845,0.242868,0.254932,0.226721,-0.0120637
89.85,0.249349,0.255688,0.226668,-0.00633881
89.855,0.249349,0.256459,0.226614,-0.00711056
89.86,0.255982,0.257247,0.226561,-0.00126548
89.865,0.252373,0.25805,0.226508,-0.00567707
89.87,0.252215,0.25887,0.226455,-0.00665482
89.875,0.251297,0.259704,0.226401,-0.00840753
89.88,0.246429,0.260554,0.226348,-0.0141245
89.885,0.246017,0.261418,0.226295,-0.0154014
89.89,0.246017,0.262297,0.226242,-0.0162806
89.895,0.248937,0.263191,0.226188,-0.0142543
89.9,0.244245,0.264098,0.226135,-0.0198533
89.905,0.244245,0.265019,0.226082,-0.0207742
89.91,0.243391,0.265951,0.226029,-0.0225599
89.915,0.252349,0.266898,0.225975,-0.0145487
89.92,0.252349,0.267859,0.225922,-0.0155097
89.925,0.253497,0.26883,0.225869,-0.0153326
89.93,0.257224,0.269812,0.225815,-0.0125882
89.935,0.257295,0.270805,0.225762,-0.0135103
89.94,0.257295,0.271806,0.225709,-0.0145111
89.945,0.268135,0.272818,0.225655,-0.00468268
89.95,0.271192,0.273841,0.225602,-0.00264924
89.955,0.271192,0.274871,0.225549,-0.00367864
89.96,0.280342,0.275908,0.225495,0.00443436
89.965,0.304493,0.276951,0.225442,0.0275413
89.97,0.304493,0.278001,0.225389,0.0264918
89.975,0.304076,0.279055,0.225335,0.0250203
89.98,0.278591,0.280114,0.225282,-0.00152294
89.985,0.277606,0.281177,0.225229,-0.00357078
89.99,0.277606,0.282242,0.225175,-0.00463573
89.995,0.29218,0.283308,0.225122,0.00887145
90,0.300204,0.284376,0.225068,0.0158287
90.005,0.300204,0.285442,0.225015,0.0147618
90.01,0.290439,0.286508,0.224962,0.00393067
90.015,0.267109,0.287571,0.224908,-0.0204619
90.02,0.267109,0.288629,0.224855,-0.0215195
90.025,0.267417,0.289686,0.224801,-0.0222689
90.03,0.256697,0.290736,0.224748,-0.034039
90.035,0.256503,0.291776,0.224695,-0.0352736
90.04,0.256503,0.292813,0.224641,-0.0363104
90.045,0.272416,0.293839,0.224588,-0.0214222
90.05,0.281092,0.294852,0.224534,-0.01376
90.055,0.281092,0.295857,0.224481,-0.0147654
90.06,0.284207,0.296845,0.224427,-0.0126384
90.065,0.290098,0.297821,0.224374,-0.00772365
90.07,0.290098,0.298784,0.224321,-0.00868609
90.075,0.289975,0.299725,0.224267,-0.00975017
90.08,0.270594,0.300651,0.224214,-0.0300562
90.085,0.270474,0.301558,0.22416,-0.0310838
90.09,0.270474,0.302443,0.224107,-0.0319684
90.095,0.290214,0.303303,0.224053,-0.0130891
90.1,0.309357,0.304142,0.224,0.00521532
90.105,0.309357,0.304957,0.223946,0.00440006
90.11,0.310096,0.305743,0.223893,0.00435282
90.115,0.290524,0.306502,0.223839,-0.0159785
90.12,0.290524,0.307232,0.223786,-0.0167087
90.125,0.285139,0.307932,0.223732,-0.0227929
90.13,0.268283,0.3086,0.223679,-0.0403168
90.135,0.268959,0.309235,0.223625,-0.0402757
90.14,0.268959,0.309836,0.223572,-0.0408763
90.145,0.256324,0.310401,0.223518,-0.0540769
90.15,0.245399,0.310929,0.223465,-0.0655298
90.155,0.245399,0.31142,0.223411,-0.0660204
90.16,0.26933,0.311872,0.223358,-0.0425415
90.165,0.309516,0.312284,0.223304,-0.00276777
90.17,0.310308,0.312655,0.223251,-0.00234705
90.175,0.307155,0.312984,0.223197,-0.00582935
90.18,0.295319,0.313272,0.223144,-0.0179525
90.185,0.291274,0.313516,0.22309,-0.0222416
90.19,0.291128,0.313716,0.223036,-0.0225875
90.195,0.286124,0.313872,0.222983,-0.0277482
90.2,0.288651,0.313983,0.222929,-0.0253321
90.205,0.288651,0.314049,0.222876,-0.0253981
90.21,0.299754,0.31407,0.222822,-0.0143159
90.215,0.289265,0.314045,0.222769,-0.0247798
90.22,0.289008,0.313974,0.222715,-0.0249662
90.225,0.281022,0.313858,0.222661,-0.0328361
90.23,0.273175,0.313697,0.222608,-0.0405218
90.235,0.270524,0.31349,0.222554,-0.0429656
90.24,0.269466,0.313238,0.222501,-0.0437727
90.245,0.256061,0.312942,0.222447,-0.0568813
90.25,0.249,0.312603,0.222393,-0.0636026
90.255,0.249,0.312219,0.22234,-0.0632195
90.26,0.268484,0.311794,0.222286,-0.0433096
90.265,0.275315,0.311326,0.222233,-0.0360112
90.27,0.275285,0.310817,0.222179,-0.0355322
90.275,0.262392,0.310269,0.222125,-0.0478766
90.28,0.248142,0.309681,0.222072,-0.0615387
90.285,0.251135,0.309055,0.222018,-0.05792
90.29,0.251297,0.308392,0.221964,-0.0570955
90.295,0.263104,0.307693,0.221911,-0.0445897
90.3,0.272338,0.30696,0.221857,-0.0346218
90.305,0.273244,0.306194,0.221803,-0.03295
90.31,0.272993,0.305395,0.22175,-0.0324022
90.315,0.24819,0.304566,0.221696,-0.056376
90.32,0.24707,0.303707,0.221642,-0.0566367
90.325,0.242283,0.30282,0.221589,-0.060537
90.33,0.241471,0.301906,0.221535,-0.0604347
90.335,0.245477,0.300967,0.221481,-0.0554898
90.34,0.246837,0.299981,0.221428,-0.0531438
90.345,0.250368,0.298995,0.221374,-0.048627
90.35,0.260392,0.297988,0.22132,-0.0375957
90.355,0.259654,0.296961,0.221267,-0.0373066
90.36,0.288825,0.295915,0.221213,-0.00708995
90.365,0.293841,0.294852,0.221159,-0.00101092
90.37,0.291012,0.293773,0.221105,-0.00276058
90.375,0.275927,0.292679,0.221052,-0.0167524
90.38,0.26997,0.291573,0.220998,-0.0216022
90.385,0.271437,0.290454,0.220944,-0.0190165
90.39,0.274367,0.289322,0.220891,-0.0149548
90.395,0.264677,0.288185,0.220837,-0.0235082
90.4,0.270525,0.287038,0.220783,-0.0165125
90.405,0.26831,0.285881,0.220729,-0.0175706
90.41,0.266858,0.284723,0.220676,-0.0178642
90.415,0.273262,0.283557,0.220622,-0.0102953
90.42,0.274803,0.282388,0.220568,-0.00758487
90.425,0.261353,0.281216,0.220514,-0.0198637
90.43,0.255346,0.280043,0.220461,-0.0246971
90.435,0.24831,0.278869,0.220407,-0.0305592
90.44,0.262267,0.277696,0.220353,-0.0154294
90.445,0.264745,0.276524,0.220299,-0.0117793
90.45,0.262719,0.275354,0.220245,-0.0126357
90.455,0.258884,0.274188,0.220192,-0.0153035
90.46,0.248106,0.273025,0.220138,-0.0249191
90.465,0.252668,0.271868,0.220084,-0.0192003
90.47,0.256195,0.270714,0.22003,-0.0145195
90.475,0.264777,0.269571,0.219976,-0.00479462
90.48,0.261344,0.268433,0.219923,-0.00708931
90.485,0.250579,0.267304,0.219869,-0.0167248
90.49,0.250636,0.266182,0.219815,-0.0155462
90.495,0.250482,0.265069,0.219761,-0.0145863
90.5,0.248189,0.263967,0.219707,-0.0157779
90.505,0.2465,0.262878,0.219654,-0.0163778
90.51,0.249436,0.261797,0.2196,-0.0123614
90.515,0.235821,0.260729,0.219546,-0.0249073
90.52,0.222375,0.259672,0.219492,-0.0372978
90.525,0.205864,0.258627,0.219438,-0.0527627
90.53,0.221813,0.257596,0.219384,-0.0357826
90.535,0.240614,0.256581,0.219331,-0.0159663
90.54,0.235622,0.255575,0.219277,-0.0199537
90.545,0.234567,0.254588,0.219223,-0.0200214
90.55,0.253286,0.253613,0.219169,-0.00032766
90.555,0.269078,0.252653,0.219115,0.0164243
90.56,0.272081,0.251707,0.219061,0.0203737
90.565,0.268594,0.250778,0.219007,0.0178159
90.57,0.266255,0.249864,0.218954,0.0163915
90.575,0.2699,0.248967,0.2189,0.020933
90.58,0.259548,0.248085,0.218846,0.0114624
90.585,0.241079,0.247219,0.218792,-0.00614057
90.59,0.240575,0.246368,0.218738,-0.00579284
90.595,0.246148,0.245534,0.218684,0.00061356
90.6,0.255983,0.244717,0.21863,0.0112663
90.605,0.268181,0.243916,0.218576,0.0242648
90.61,0.266341,0.243133,0.218522,0.0232089
90.615,0.276539,0.242364,0.218468,0.0341749
90.62,0.26738,0.241613,0.218415,0.0257678
90.625,0.259659,0.240876,0.218361,0.0187833
90.63,0.247212,0.240157,0.218307,0.0070547
90.635,0.231564,0.239454,0.218253,-0.00788981
90.64,0.235891,0.238769,0.218199,-0.00287764
90.645,0.238815,0.238098,0.218145,0.000716733
90.65,0.237907,0.237443,0.218091,0.000463462
90.655,0.236092,0.236803,0.218037,-0.000711176
90.66,0.247041,0.23618,0.217983,0.0108611
90.665,0.256398,0.235572,0.217929,0.0208256
90.67,0.25013,0.23498,0.217875,0.0151491
90.675,0.235957,0.234403,0.217821,0.00155354
90.68,0.22339,0.233841,0.217767,-0.0104502
90.685,0.222349,0.233292,0.217713,-0.0109423
90.69,0.22777,0.232759,0.217659,-0.00498842
90.695,0.224198,0.23224,0.217605,-0.00804131
90.7,0.218702,0.231735,0.217551,-0.0130335
90.705,0.21869,0.231244,0.217497,-0.012554
90.71,0.216567,0.230767,0.217443,-0.0142
90.715,0.226234,0.230302,0.217389,-0.00406787
90.72,0.224416,0.22985,0.217336,-0.00543463
90.725,0.222619,0.229412,0.217282,-0.00679265
90.73,0.224652,0.228986,0.217228,-0.0043339
90.735,0.236988,0.228573,0.217174,0.00841513
90.74,0.245212,0.228171,0.21712,0.0170411
90.745,0.256588,0.227781,0.217066,0.0288078
90.75,0.252861,0.227402,0.217012,0.0254592
90.755,0.246052,0.227034,0.216957,0.0190178
90.76,0.23962,0.226678,0.216903,0.0129419
90.765,0.23801,0.226331,0.216849,0.0116786
90.77,0.246629,0.225995,0.216795,0.0206336
90.775,0.251192,0.22567,0.216741,0.0255223
90.78,0.261757,0.225353,0.216687,0.0364037
90.785,0.276729,0.225047,0.216633,0.0516818
90.79,0.276959,0.22475,0.216579,0.0522098
90.795,0.270826,0.224462,0.216525,0.0463641
90.8,0.269702,0.224182,0.216471,0.0455203
90.805,0.250477,0.223911,0.216417,0.0265665
90.81,0.259411,0.223647,0.216363,0.0357637
90.815,0.261266,0.223392,0.216309,0.0378735
90.82,0.259352,0.223144,0.216255,0.0362072
90.825,0.255399,0.222904,0.216201,0.0324943
90.83,0.252014,0.222671,0.216147,0.029343
90.835,0.249659,0.222445,0.216093,0.0272145
90.84,0.246832,0.222225,0.216039,0.0246073
90.845,0.237034,0.222012,0.215985,0.0150226
90.85,0.23199,0.221805,0.215931,0.0101849
90.855,0.241414,0.221604,0.215877,0.0198105
90.86,0.243689,0.221409,0.215822,0.0222807
90.865,0.252915,0.221219,0.215768,0.0316963
90.87,0.246585,0.221035,0.215714,0.0255498
90.875,0.23442,0.220856,0.21566,0.0135641
90.88,0.234366,0.220682,0.215606,0.0136847
90.885,0.245732,0.220512,0.215552,0.0252195
90.89,0.255722,0.220347,0.215498,0.0353742
90.895,0.244426,0.220187,0.215444,0.0242397
90.9,0.235659,0.220031,0.21539,0.0156281
90.905,0.229664,0.219878,0.215336,0.00978601
90.91,0.241077,0.21973,0.215281,0.0213472
90.915,0.240047,0.219585,0.215227,0.0204619
90.92,0.23664,0.219444,0.215173,0.0171956
90.925,0.234389,0.219307,0.215119,0.0150821
90.93,0.237633,0.219173,0.215065,0.0184606
90.935,0.236616,0.219041,0.215011,0.0175742
90.94,0.232103,0.218913,0.214957,0.0131896
90.945,0.233219,0.218788,0.214903,0.014431
90.95,0.241066,0.218665,0.214848,0.0224008
90.955,0.247251,0.218546,0.214794,0.0287055
90.96,0.240835,0.218428,0.21474,0.022407
90.965,0.237187,0.218313,0.214686,0.0188743
90.97,0.230547,0.2182,0.214632,0.0123463
90.975,0.232113,0.21809,0.214578,0.0140232
90.98,0.232296,0.217981,0.214523,0.0143146
90.985,0.220048,0.217875,0.214469,0.00217284
90.99,0.222949,0.217771,0.214415,0.00517808
90.995,0.225172,0.217668,0.214361,0.00750385
91,0.240235,0.217567,0.214307,0.0226676
91.005,0.249323,0.217468,0.214253,0.031855
91.01,0.246662,0.21737,0.214198,0.0292922
91.015,0.250197,0.217274,0.214144,0.0329232
91.02,0.259413,0.217179,0.21409,0.0422335
91.025,0.25441,0.217086,0.214036,0.0373238
91.03,0.247905,0.216994,0.213982,0.0309108
91.035,0.238881,0.216903,0.213928,0.021978
91.04,0.248857,0.216814,0.213873,0.0320435
91.045,0.262624,0.216725,0.213819,0.0458992
91.05,0.252718,0.216638,0.213765,0.0360803
91.055,0.254519,0.216552,0.213711,0.037967
91.06,0.256205,0.216466,0.213657,0.0397386
91.065,0.243626,0.216382,0.213602,0.0272442
91.07,0.23963,0.216299,0.213548,0.0233318
91.075,0.233271,0.216216,0.213494,0.0170549
91.08,0.222253,0.216134,0.21344,0.00611863
91.085,0.242065,0.216053,0.213385,0.0260113
91.09,0.251762,0.215973,0.213331,0.0357888
91.095,0.256901,0.215894,0.213277,0.0410079
91.1,0.256278,0.215815,0.213223,0.0404633
91.105,0.229726,0.215737,0.213168,0.0139892
91.11,0.223107,0.215659,0.213114,0.00744763
91.115,0.22574,0.215582,0.21306,0.0101577
91.12,0.228589,0.215506,0.213006,0.0130825
91.125,0.233449,0.21543,0.212952,0.0180186
91.13,0.237437,0.215355,0.212897,0.022082
91.135,0.245497,0.21528,0.212843,0.0302172
91.14,0.266209,0.215206,0.212789,0.0510033
91.145,0.2637,0.215132,0.212735,0.0485677
91.15,0.269107,0.215059,0.21268,0.0540486
91.155,0.258906,0.214986,0.212626,0.0439199
91.16,0.256384,0.214913,0.212572,0.0414701
91.165,0.24723,0.214841,0.212517,0.0323889
91.17,0.233461,0.21477,0.212463,0.0186909
91.175,0.228129,0.214698,0.212409,0.0134302
91.18,0.229314,0.214627,0.212355,0.0146863
91.185,0.24157,0.214557,0.2123,0.0270128
91.19,0.252003,0.214487,0.212246,0.037517
91.195,0.255092,0.214417,0.212192,0.040675
91.2,0.252073,0.214347,0.212138,0.0377259
91.205,0.256974,0.214278,0.212083,0.0426966
91.21,0.25221,0.214208,0.212029,0.0380019
91.215,0.250426,0.21414,0.211975,0.0362862
91.22,0.232919,0.214071,0.21192,0.0188479
91.225,0.229201,0.214003,0.211866,0.0151983
91.23,0.231726,0.213935,0.211812,0.0177907
91.235,0.229343,0.213867,0.211757,0.0154755
91.24,0.239627,0.2138,0.211703,0.0258279
91.245,0.235791,0.213732,0.211649,0.0220587
91.25,0.232734,0.213665,0.211595,0.0190689
91.255,0.237585,0.213598,0.21154,0.0239861
91.26,0.241148,0.213532,0.211486,0.0276159
91.265,0.25696,0.213465,0.211432,0.0434949
91.27,0.273195,0.213399,0.211377,0.0597954
91.275,0.268506,0.213333,0.211323,0.0551726
91.28,0.257744,0.213267,0.211269,0.0444765
91.285,0.233443,0.213202,0.211214,0.020241
91.29,0.22791,0.213136,0.21116,0.0147736
91.295,0.226347,0.213071,0.211106,0.0132757
91.3,0.22787,0.213006,0.211051,0.0148643
91.305,0.222765,0.212941,0.210997,0.00982402
91.31,0.227549,0.212876,0.210943,0.0146727
91.315,0.221749,0.212812,0.210888,0.00893748
91.32,0.205524,0.212748,0.210834,-0.00722312
91.325,0.206488,0.212683,0.21078,-0.00619514
91.33,0.210565,0.212619,0.210725,-0.00205386
91.335,0.232487,0.212555,0.210671,0.0199316
91.34,0.233555,0.212492,0.210616,0.0210632
91.345,0.237941,0.212428,0.210562,0.0255132
91.35,0.23967,0.212364,0.210508,0.0273055
91.355,0.230188,0.212301,0.210453,0.0178871
91.36,0.219639,0.212238,0.210399,0.00740121
91.365,0.225654,0.212175,0.210345,0.0134794
91.37,0.233358,0.212112,0.21029,0.0212456
91.375,0.247602,0.212049,0.210236,0.0355525
91.38,0.250892,0.211987,0.210182,0.0389058
91.385,0.247694,0.211924,0.210127,0.0357697
91.39,0.244793,0.211862,0.210073,0.0329315
91.395,0.243123,0.211799,0.210018,0.031324
91.4,0.236979,0.211737,0.209964,0.0252421
91.405,0.244003,0.211675,0.20991,0.0323278
91.41,0.232842,0.211613,0.209855,0.0212292
91.415,0.225209,0.211551,0.209801,0.0136576
91.42,0.21708,0.21149,0.209746,0.00558997
91.425,0.211768,0.211428,0.209692,0.000339956
91.43,0.203165,0.211367,0.209638,-0.00820205
91.435,0.211437,0.211306,0.209583,0.000131566
91.44,0.229947,0.211244,0.209529,0.0187025
91.445,0.23708,0.211183,0.209474,0.0258964
91.45,0.234192,0.211122,0.20942,0.0230702
91.455,0.213885,0.211061,0.209366,0.00282408
91.46,0.221896,0.211,0.209311,0.0108954
91.465,0.24385,0.21094,0.209257,0.0329103
91.47,0.25224,0.210879,0.209202,0.0413609
91.475,0.247768,0.210819,0.209148,0.0369493
91.48,0.235894,0.210758,0.209094,0.0251361
91.485,0.237844,0.210698,0.209039,0.0271462
91.49,0.238278,0.210638,0.208985,0.0276407
91.495,0.234558,0.210578,0.20893,0.0239805
91.5,0.228175,0.210518,0.208876,0.0176577
91.505,0.221799,0.210458,0.208821,0.0113412
91.51,0.221643,0.210398,0.208767,0.011245
91.515,0.213551,0.210338,0.208713,0.00321269
91.52,0.224881,0.210279,0.208658,0.0146029
91.525,0.235175,0.210219,0.208604,0.024956
91.53,0.250377,0.21016,0.208549,0.040217
91.535,0.252594,0.2101,0.208495,0.042494
91.54,0.232023,0.210041,0.20844,0.0219817
91.545,0.231702,0.209982,0.208386,0.0217203
91.55,0.231685,0.209922,0.208331,0.0217623
91.555,0.239253,0.209863,0.208277,0.0293897
91.56,0.258159,0.209804,0.208223,0.0483547
91.565,0.247464,0.209746,0.208168,0.0377186
91.57,0.25184,0.209687,0.208114,0.0421533
91.575,0.239377,0.209628,0.208059,0.0297488
91.58,0.254251,0.209569,0.208005,0.0446815
91.585,0.26512,0.209511,0.20795,0.0556088
91.59,0.264595,0.209452,0.207896,0.0551428
91.595,0.267653,0.209394,0.207841,0.0582588
91.6,0.25793,0.209336,0.207787,0.0485941
91.605,0.269168,0.209277,0.207732,0.059891
91.61,0.264637,0.209219,0.207678,0.0554177
91.615,0.269232,0.209161,0.207623,0.0600713
91.62,0.268765,0.209103,0.207569,0.0596619
91.625,0.269713,0.209045,0.207515,0.0606678
91.63,0.260556,0.208987,0.20746,0.0515688
91.635,0.243554,0.208929,0.207406,0.0346251
91.64,0.238329,0.208872,0.207351,0.0294577
91.645,0.244416,0.208814,0.207297,0.0356025
91.65,0.249282,0.208756,0.207242,0.0405258
91.655,0.231279,0.208699,0.207188,0.0225805
91.66,0.214143,0.208641,0.207133,0.00550214
91.665,0.211052,0.208584,0.207079,0.0024686
91.67,0.217312,0.208526,0.207024,0.0087853
91.675,0.214145,0.208469,0.20697,0.00567623
91.68,0.211826,0.208412,0.206915,0.0034141
91.685,0.209681,0.208355,0.206861,0.00132654
91.69,0.211239,0.208298,0.206806,0.00294086
91.695,0.212973,0.208241,0.206752,0.0047327
91.7,0.212916,0.208184,0.206697,0.00473231
91.705,0.221754,0.208127,0.206643,0.0136276
91.71,0.21899,0.20807,0.206588,0.0109202
91.715,0.221177,0.208013,0.206534,0.0131637
91.72,0.221304,0.207957,0.206479,0.0133471
91.725,0.235771,0.2079,0.206425,0.0278708
91.73,0.243307,0.207843,0.20637,0.0354641
91.735,0.242001,0.207787,0.206316,0.0342141
91.74,0.232847,0.20773,0.206261,0.025117
91.745,0.236727,0.207674,0.206207,0.0290532
91.75,0.244535,0.207618,0.206152,0.0369169
91.755,0.254317,0.207561,0.206098,0.046756
91.76,0.253649,0.207505,0.206043,0.0461434
91.765,0.249223,0.207449,0.205989,0.0417738
91.77,0.251529,0.207393,0.205934,0.044136
91.775,0.255988,0.207337,0.205879,0.0486514
91.78,0.248297,0.207281,0.205825,0.0410166
91.785,0.241068,0.207225,0.20577,0.0338432
91.79,0.241515,0.207169,0.205716,0.0343458
91.795,0.239745,0.207113,0.205661,0.0326322
91.8,0.230951,0.207057,0.205607,0.0238931
91.805,0.202553,0.207002,0.205552,-0.00444927
91.81,0.180934,0.206946,0.205498,-0.0260122
91.815,0.18505,0.206891,0.205443,-0.0218404
91.82,0.189721,0.206835,0.205389,-0.0171141
91.825,0.206271,0.20678,0.205334,-0.000508589
91.83,0.216422,0.206724,0.20528,0.00969806
91.835,0.23817,0.206669,0.205225,0.0315012
91.84,0.259107,0.206613,0.205171,0.0524936
91.845,0.264891,0.206558,0.205116,0.058333
91.85,0.253125,0.206503,0.205061,0.0466225
91.855,0.244166,0.206448,0.205007,0.0377181
91.86,0.238203,0.206393,0.204952,0.0318102
91.865,0.259655,0.206338,0.204898,0.0533176
91.87,0.25836,0.206283,0.204843,0.0520774
91.875,0.264691,0.206228,0.204789,0.0584634
91.88,0.246197,0.206173,0.204734,0.0400241
91.885,0.236153,0.206118,0.20468,0.0300345
91.89,0.237739,0.206063,0.204625,0.0316761
91.895,0.25672,0.206009,0.20457,0.0507112
91.9,0.25676,0.205954,0.204516,0.0508066
91.905,0.253518,0.205899,0.204461,0.0476183
91.91,0.246708,0.205845,0.204407,0.0408631
91.915,0.249174,0.20579,0.204352,0.0433842
91.92,0.247687,0.205736,0.204298,0.0419515
91.925,0.237934,0.205681,0.204243,0.032253
91.93,0.223045,0.205627,0.204189,0.0174177
91.935,0.23623,0.205573,0.204134,0.0306571
91.94,0.234186,0.205518,0.204079,0.0286674
91.945,0.235674,0.205464,0.204025,0.0302098
91.95,0.237759,0.20541,0.20397,0.0323492
91.955,0.221687,0.205356,0.203916,0.0163315
91.96,0.219402,0.205302,0.203861,0.0140996
91.965,0.206079,0.205248,0.203807,0.00083084
91.97,0.202968,0.205194,0.203752,-0.00222579
91.975,0.189284,0.20514,0.203697,-0.0158557
91.98,0.180902,0.205086,0.203643,-0.0241839
91.985,0.182113,0.205033,0.203588,-0.0229196
91.99,0.19905,0.204979,0.203534,-0.00592871
91.995,0.209386,0.204925,0.203479,0.00446069
92,0.216618,0.204872,0.203425,0.0117464
92.005,0.212864,0.204818,0.20337,0.00804573
92.01,0.209034,0.204764,0.203315,0.00426918
92.015,0.21079,0.204711,0.203261,0.0060788
92.02,0.210416,0.204658,0.203206,0.00575868
92.025,0.200555,0.204604,0.203152,-0.00404956
92.03,0.207947,0.204551,0.203097,0.00339563
92.035,0.218306,0.204498,0.203042,0.0138085
92.04,0.238413,0.204444,0.202988,0.0339683
92.045,0.234202,0.204391,0.202933,0.0298104
92.05,0.231981,0.204338,0.202879,0.0276429
92.055,0.239979,0.204285,0.202824,0.0356943
92.06,0.243399,0.204232,0.202769,0.0391672
92.065,0.248071,0.204179,0.202715,0.043892
92.07,0.228814,0.204126,0.20266,0.0246873
92.075,0.223068,0.204073,0.202606,0.0189947
92.08,0.223946,0.204021,0.202551,0.0199254
92.085,0.22059,0.203968,0.202497,0.0166223
92.09,0.203965,0.203915,0.202442,4.9946e-05
92.095,0.186141,0.203863,0.202387,-0.0177212
92.1,0.189756,0.20381,0.202333,-0.0140545
92.105,0.198889,0.203758,0.202278,-0.00486837
92.11,0.20881,0.203705,0.202224,0.00510444
92.115,0.213096,0.203653,0.202169,0.00944364
92.12,0.217121,0.2036,0.202114,0.0135207
92.125,0.234588,0.203548,0.20206,0.0310398
92.13,0.240914,0.203496,0.202005,0.0374184
92.135,0.247038,0.203444,0.201951,0.0435944
92.14,0.249105,0.203392,0.201896,0.0457132
92.145,0.244695,0.20334,0.201841,0.0413559
92.15,0.239853,0.203288,0.201787,0.0365658
92.155,0.23389,0.203236,0.201732,0.0306546
92.16,0.230514,0.203184,0.201678,0.0273302
92.165,0.227487,0.203132,0.201623,0.0243553
92.17,0.248144,0.20308,0.201568,0.0450643
92.175,0.256589,0.203028,0.201514,0.0535609
92.18,0.263099,0.202977,0.201459,0.0601222
92.185,0.250007,0.202925,0.201404,0.0470818
92.19,0.222246,0.202874,0.20135,0.0193726
92.195,0.228652,0.202822,0.201295,0.0258297
92.2,0.222921,0.202771,0.201241,0.02015
92.205,0.211158,0.202719,0.201186,0.00843852
92.21,0.198873,0.202668,0.201131,-0.00379518
92.215,0.191981,0.202617,0.201077,-0.0106356
92.22,0.203592,0.202566,0.201022,0.00102657
92.225,0.223361,0.202514,0.200968,0.0208469
92.23,0.240626,0.202463,0.200913,0.0381623
92.235,0.251562,0.202412,0.200858,0.0491493
92.24,0.234814,0.202361,0.200804,0.0324527
92.245,0.215539,0.202311,0.200749,0.0132287
92.25,0.205761,0.20226,0.200695,0.00350117
92.255,0.205995,0.202209,0.20064,0.00378624
92.26,0.208094,0.202158,0.200585,0.00593587
92.265,0.205169,0.202108,0.200531,0.00306128
92.27,0.21375,0.202057,0.200476,0.0116928
92.275,0.21324,0.202007,0.200421,0.0112332
92.28,0.207214,0.201956,0.200367,0.00525758
92.285,0.20902,0.201906,0.200312,0.00711464
92.29,0.214388,0.201855,0.200258,0.0125326
92.295,0.212901,0.201805,0.200203,0.0110961
92.3,0.211339,0.201755,0.200148,0.00958419
92.305,0.224314,0.201705,0.200094,0.0226091
92.31,0.229026,0.201655,0.200039,0.0273711
92.315,0.236943,0.201605,0.199985,0.0353381
92.32,0.232271,0.201555,0.19993,0.0307162
92.325,0.247391,0.201505,0.199875,0.0458859
92.33,0.254625,0.201455,0.199821,0.0531699
92.335,0.248324,0.201406,0.199766,0.0469186
92.34,0.214587,0.201356,0.199711,0.0132306
92.345,0.198518,0.201307,0.199657,-0.00278828
92.35,0.190533,0.201257,0.199602,-0.0107239
92.355,0.169425,0.201208,0.199548,-0.0317831
92.36,0.177176,0.201158,0.199493,-0.0239821
92.365,0.198447,0.201109,0.199438,-0.00266227
92.37,0.215445,0.20106,0.199384,0.0143848
92.375,0.226387,0.201011,0.199329,0.0253756
92.38,0.23013,0.200962,0.199274,0.0291683
92.385,0.231963,0.200913,0.19922,0.03105
92.39,0.232144,0.200864,0.199165,0.0312794
92.395,0.221243,0.200815,0.199111,0.0204274
92.4,0.199645,0.200767,0.199056,-0.00112166
92.405,0.198435,0.200718,0.199001,-0.00228277
92.41,0.200855,0.200669,0.198947,0.0001852
92.415,0.206278,0.200621,0.198892,0.00565689
92.42,0.216221,0.200573,0.198837,0.0156481
92.425,0.226017,0.200524,0.198783,0.0254924
92.43,0.238693,0.200476,0.198728,0.038217
92.435,0.237627,0.200428,0.198674,0.037199
92.44,0.22537,0.20038,0.198619,0.0249905
92.445,0.212502,0.200332,0.198564,0.0121704
92.45,0.208908,0.200284,0.19851,0.00862359
92.455,0.20358,0.200236,0.198455,0.00334351
92.46,0.201609,0.200189,0.198401,0.00142079
92.465,0.207927,0.200141,0.198346,0.00778615
92.47,0.203096,0.200094,0.198291,0.00300203
92.475,0.208098,0.200046,0.198237,0.0080523
92.48,0.205232,0.199999,0.198182,0.00523353
92.485,0.21592,0.199952,0.198127,0.0159688
92.49,0.229868,0.199904,0.198073,0.0299637
92.495,0.225521,0.199857,0.198018,0.0256635
92.5,0.227954,0.19981,0.197964,0.0281433
92.505,0.212681,0.199764,0.197909,0.0129171
92.51,0.210826,0.199717,0.197854,0.0111091
92.515,0.214615,0.19967,0.1978,0.0149452
92.52,0.200035,0.199624,0.197745,0.000411552
92.525,0.204877,0.199577,0.19769,0.00529995
92.53,0.206964,0.199531,0.197636,0.0074337
92.535,0.217918,0.199485,0.197581,0.0184336
92.54,0.226037,0.199438,0.197527,0.0265981
92.545,0.223646,0.199392,0.197472,0.024254
92.55,0.226924,0.199346,0.197417,0.0275778
92.555,0.225005,0.199301,0.197363,0.0257046
92.56,0.216329,0.199255,0.197308,0.0170745
92.565,0.208391,0.199209,0.197254,0.00918213
92.57,0.20864,0.199164,0.197199,0.00947634
92.575,0.209573,0.199118,0.197144,0.0104545
92.58,0.210061,0.199073,0.19709,0.0109881
92.585,0.225897,0.199028,0.197035,0.026869
92.59,0.225782,0.198983,0.19698,0.0267987
92.595,0.224604,0.198938,0.196926,0.025666
92.6,0.217546,0.198893,0.196871,0.0186523
92.605,0.217151,0.198849,0.196817,0.0183027
92.61,0.212268,0.198804,0.196762,0.0134637
92.615,0.212638,0.19876,0.196707,0.0138783
92.62,0.208235,0.198716,0.196653,0.0095193
92.625,0.204415,0.198671,0.196598,0.00574336
92.63,0.192854,0.198627,0.196544,-0.00577365
92.635,0.174887,0.198584,0.196489,-0.023697
92.64,0.175727,0.19854,0.196434,-0.0228129
92.645,0.184895,0.198496,0.19638,-0.0136012
92.65,0.200734,0.198453,0.196325,0.00228082
92.655,0.202514,0.198409,0.19627,0.00410501
92.66,0.193588,0.198366,0.196216,-0.00477857
92.665,0.177955,0.198323,0.196161,-0.0203679
92.67,0.172643,0.19828,0.196107,-0.0256372
92.675,0.183236,0.198237,0.196052,-0.0150017
92.68,0.191385,0.198195,0.195997,-0.00681024
92.685,0.193897,0.198152,0.195943,-0.00425544
92.69,0.193072,0.19811,0.195888,-0.00503775
92.695,0.196866,0.198068,0.195834,-0.0012018
92.7,0.206026,0.198026,0.195779,0.0080003
92.705,0.204112,0.197984,0.195724,0.00612798
92.71,0.196078,0.197942,0.19567,-0.00186426
92.715,0.199578,0.197901,0.195615,0.00167764
92.72,0.201667,0.197859,0.195561,0.00380716
92.725,0.209359,0.197818,0.195506,0.0115407
92.73,0.202308,0.197777,0.195451,0.00453091
92.735,0.208466,0.197736,0.195397,0.0107297
92.74,0.207934,0.197696,0.195342,0.0102381
92.745,0.2063,0.197655,0.195288,0.00864526
92.75,0.206783,0.197615,0.195233,0.00916846
92.755,0.181988,0.197575,0.195178,-0.0155864
92.76,0.179191,0.197535,0.195124,-0.0183439
92.765,0.17748,0.197495,0.195069,-0.0200147
92.77,0.190418,0.197455,0.195015,-0.00703769
92.775,0.192554,0.197416,0.19496,-0.00486231
92.78,0.191213,0.197377,0.194905,-0.00616402
92.785,0.178871,0.197338,0.194851,-0.018467
92.79,0.173339,0.197299,0.194796,-0.0239597
92.795,0.187795,0.197261,0.194742,-0.0094657
92.8,0.200905,0.197222,0.194687,0.00368274
92.805,0.212469,0.197184,0.194632,0.015285
92.81,0.208274,0.197146,0.194578,0.0111279
92.815,0.205373,0.197108,0.194523,0.00826477
92.82,0.206792,0.197071,0.194469,0.00972059
92.825,0.214521,0.197034,0.194414,0.0174874
92.83,0.20781,0.196997,0.19436,0.0108132
92.835,0.206485,0.19696,0.194305,0.00952534
92.84,0.197195,0.196923,0.19425,0.000271518
92.845,0.190549,0.196887,0.194196,-0.00633764
92.85,0.177439,0.196851,0.194141,-0.0194116
92.855,0.173538,0.196815,0.194087,-0.0232777
92.86,0.178855,0.19678,0.194032,-0.0179245
92.865,0.172807,0.196744,0.193977,-0.0239371
92.87,0.179236,0.196709,0.193923,-0.0174738
92.875,0.172401,0.196675,0.193868,-0.0242739
92.88,0.18335,0.19664,0.193814,-0.0132906
92.885,0.215083,0.196606,0.193759,0.0184773
92.89,0.220748,0.196572,0.193705,0.0241756
92.895,0.215562,0.196539,0.19365,0.0190234
92.9,0.216338,0.196506,0.193595,0.0198326
92.905,0.236426,0.196473,0.193541,0.0399529
92.91,0.24511,0.19644,0.193486,0.0486697
92.915,0.229241,0.196408,0.193432,0.0328335
92.92,0.203371,0.196376,0.193377,0.00699534
92.925,0.204928,0.196344,0.193323,0.00858365
92.93,0.199825,0.196313,0.193268,0.00351165
92.935,0.199212,0.196282,0.193214,0.00292971
92.94,0.193981,0.196252,0.193159,-0.00227125
92.945,0.186311,0.196222,0.193104,-0.00991074
92.95,0.191012,0.196192,0.19305,-0.00517958
92.955,0.192429,0.196163,0.192995,-0.00373419
92.96,0.190437,0.196134,0.192941,-0.00569665
92.965,0.193925,0.196106,0.192886,-0.00218036
92.97,0.197028,0.196078,0.192832,0.000950394
92.975,0.216903,0.19605,0.192777,0.0208525
92.98,0.22582,0.196023,0.192723,0.0297962
92.985,0.23861,0.195997,0.192668,0.0426127
92.99,0.238117,0.195971,0.192613,0.0421463
92.995,0.255478,0.195946,0.192559,0.0595325
93,0.244588,0.195921,0.192504,0.0486676
93.005,0.240161,0.195897,0.19245,0.0442642
93.01,0.235877,0.195873,0.192395,0.0400037
93.015,0.227085,0.19585,0.192341,0.0312347
93.02,0.224621,0.195828,0.192286,0.0287931
93.025,0.200275,0.195806,0.192232,0.00446834
93.03,0.18656,0.195785,0.192177,-0.00922488
93.035,0.192531,0.195765,0.192123,-0.00323379
93.04,0.205814,0.195746,0.192068,0.0100683
93.045,0.214186,0.195727,0.192014,0.0184583
93.05,0.204182,0.19571,0.191959,0.00847264
93.055,0.202158,0.195693,0.191904,0.00646503
93.06,0.204356,0.195677,0.19185,0.00867848
93.065,0.211987,0.195662,0.191795,0.0163243
93.07,0.224217,0.195649,0.191741,0.0285685
93.075,0.223648,0.195636,0.191686,0.0280118
93.08,0.234302,0.195625,0.191632,0.0386779
93.085,0.2396,0.195614,0.191577,0.0439861
93.09,0.230269,0.195605,0.191523,0.0346633
93.095,0.210616,0.195598,0.191468,0.015018
93.1,0.195652,0.195591,0.191414,6.05932e-05
93.105,0.194628,0.195587,0.191359,-0.000958422
93.11,0.201929,0.195583,0.191305,0.00634585
93.115,0.192216,0.195582,0.19125,-0.0033657
93.12,0.18816,0.195582,0.191196,-0.00742195
93.125,0.204506,0.195584,0.191141,0.00892202
93.13,0.217213,0.195588,0.191087,0.0216246
93.135,0.218124,0.195594,0.191032,0.0225297
93.14,0.220306,0.195602,0.190978,0.0247039
93.145,0.210642,0.195612,0.190923,0.01503
93.15,0.224504,0.195625,0.190869,0.0288785
93.155,0.22022,0.195641,0.190814,0.0245792
93.16,0.219705,0.195658,0.19076,0.0240462
93.165,0.217557,0.195679,0.190705,0.0218782
93.17,0.209547,0.195703,0.190651,0.0138437
93.175,0.221298,0.19573,0.190596,0.0255677
93.18,0.208323,0.19576,0.190542,0.012563
93.185,0.226451,0.195794,0.190487,0.0306575
93.19,0.223206,0.195831,0.190433,0.0273747
93.195,0.241381,0.195872,0.190378,0.0455094
93.2,0.249352,0.195917,0.190324,0.0534348
93.205,0.24598,0.195967,0.190269,0.0500132
93.21,0.247087,0.196021,0.190215,0.0510658
93.215,0.249488,0.19608,0.19016,0.0534076
93.22,0.255666,0.196144,0.190106,0.0595223
93.225,0.232015,0.196213,0.190052,0.0358021
93.23,0.223144,0.196288,0.189997,0.0268561
93.235,0.219436,0.196369,0.189943,0.0230669
93.24,0.228102,0.196456,0.189888,0.0316457
93.245,0.23374,0.19655,0.189834,0.0371906
93.25,0.222627,0.19665,0.189779,0.0259772
93.255,0.220281,0.196758,0.189725,0.0235236
93.26,0.214828,0.196873,0.18967,0.0179552
93.265,0.209461,0.196996,0.189616,0.0124644
93.27,0.210788,0.197128,0.189561,0.0136604
93.275,0.204414,0.197269,0.189507,0.00714529
93.28,0.205124,0.197419,0.189453,0.00770508
93.285,0.208538,0.197578,0.189398,0.0109599
93.29,0.210645,0.197748,0.189344,0.0128975
93.295,0.216201,0.197929,0.189289,0.0182727
93.3,0.220701,0.19812,0.189235,0.0225804
93.305,0.214983,0.198324,0.18918,0.0166589
93.31,0.201034,0.19854,0.189126,0.00249418
93.315,0.190144,0.198769,0.189071,-0.00862494
93.32,0.20591,0.199011,0.189017,0.00689938
93.325,0.217051,0.199267,0.188963,0.0177835
93.33,0.235974,0.199538,0.188908,0.0364357
93.335,0.220011,0.199825,0.188854,0.0201864
93.34,0.227362,0.200128,0.188799,0.0272339
93.345,0.228892,0.200447,0.188745,0.0284448
93.35,0.236604,0.200784,0.18869,0.0358195
93.355,0.238734,0.201139,0.188636,0.0375946
93.36,0.219243,0.201514,0.188582,0.0177295
93.365,0.218205,0.201908,0.188527,0.0162975
93.37,0.209167,0.202323,0.188473,0.00684451
93.375,0.215571,0.202759,0.188418,0.0128123
93.38,0.216779,0.203217,0.188364,0.0135618
93.385,0.209447,0.203699,0.18831,0.00574831
93.39,0.200889,0.204205,0.188255,-0.00331548
93.395,0.20965,0.204736,0.188201,0.00491451
93.4,0.216963,0.205293,0.188146,0.0116706
93.405,0.231429,0.205876,0.188092,0.0255527
93.41,0.236476,0.206488,0.188038,0.0299886
93.415,0.241749,0.207128,0.187983,0.0346214
93.42,0.258011,0.207798,0.187929,0.0502127
93.425,0.266659,0.208499,0.187875,0.0581596
93.43,0.267811,0.209232,0.18782,0.0585792
93.435,0.270211,0.209998,0.187766,0.0602131
93.44,0.257085,0.210797,0.187711,0.0462881
93.445,0.235504,0.211632,0.187657,0.0238719
93.45,0.233332,0.212503,0.187603,0.020829
93.455,0.231459,0.213411,0.187548,0.0180482
93.46,0.244462,0.214357,0.187494,0.0301054
93.465,0.246409,0.215343,0.18744,0.0310664
93.47,0.263498,0.216369,0.187385,0.0471293
93.475,0.292882,0.217436,0.187331,0.0754459
93.48,0.301489,0.218547,0.187277,0.0829428
93.485,0.278305,0.219701,0.187222,0.0586042
93.49,0.267498,0.220899,0.187168,0.0465987
93.495,0.271519,0.222144,0.187113,0.0493751
93.5,0.285178,0.223436,0.187059,0.0617421
93.505,0.273482,0.224775,0.187005,0.0487064
93.51,0.24367,0.226164,0.18695,0.0175063
93.515,0.238347,0.227603,0.186896,0.0107442
93.52,0.233371,0.229092,0.186842,0.0042781
93.525,0.23997,0.230634,0.186787,0.0093353
93.53,0.238351,0.232229,0.186733,0.0061217
93.535,0.246648,0.233878,0.186679,0.01277
93.54,0.26197,0.235581,0.186624,0.0263886
93.545,0.273044,0.237341,0.18657,0.0357034
93.55,0.28273,0.239156,0.186516,0.0435741
93.555,0.288229,0.241029,0.186462,0.0472
93.56,0.308012,0.24296,0.186407,0.0650516
93.565,0.302277,0.24495,0.186353,0.0573275
93.57,0.27868,0.246998,0.186299,0.0316819
93.575,0.268263,0.249107,0.186244,0.0191556
93.58,0.270561,0.251276,0.18619,0.0192846
93.585,0.279556,0.253506,0.186136,0.0260499
93.59,0.305229,0.255797,0.186081,0.0494311
93.595,0.321424,0.25815,0.186027,0.0632735
93.6,0.326766,0.260565,0.185973,0.0662006
93.605,0.313686,0.263042,0.185919,0.0506443
93.61,0.314255,0.26558,0.185864,0.0486745
93.615,0.325384,0.268181,0.18581,0.0572028
93.62,0.337857,0.270845,0.185756,0.0670123
93.625,0.344625,0.27357,0.185701,0.0710554
93.63,0.34948,0.276357,0.185647,0.0731232
93.635,0.342294,0.279205,0.185593,0.0630888
93.64,0.35791,0.282114,0.185539,0.0757955
93.645,0.368702,0.285084,0.185484,0.0836178
93.65,0.389021,0.288114,0.18543,0.100907
93.655,0.412375,0.291203,0.185376,0.121172
93.66,0.425586,0.29435,0.185322,0.131236
93.665,0.41253,0.297555,0.185267,0.114975
93.67,0.396471,0.300816,0.185213,0.0956541
93.675,0.365909,0.304133,0.185159,0.0617761
93.68,0.378522,0.307504,0.185105,0.0710185
93.685,0.386474,0.310927,0.18505,0.0755467
93.69,0.425379,0.314402,0.184996,0.110977
93.695,0.450236,0.317926,0.184942,0.13231
93.7,0.466919,0.321498,0.184888,0.14542
93.705,0.475464,0.325117,0.184834,0.150347
93.71,0.496884,0.328779,0.184779,0.168105
93.715,0.478817,0.332484,0.184725,0.146333
93.72,0.45157,0.336229,0.184671,0.115341
93.725,0.404838,0.340011,0.184617,0.0648272
93.73,0.401492,0.343829,0.184563,0.0576627
93.735,0.398083,0.347679,0.184508,0.0504038
93.74,0.424479,0.35156,0.184454,0.0729191
93.745,0.433618,0.355468,0.1844,0.0781498
93.75,0.432338,0.3594,0.184346,0.0729383
93.755,0.428941,0.363354,0.184292,0.0655869
93.76,0.413058,0.367326,0.184237,0.0457321
93.765,0.427893,0.371314,0.184183,0.0565793
93.77,0.444906,0.375314,0.184129,0.0695925
93.775,0.490242,0.379322,0.184075,0.11092
93.78,0.500712,0.383335,0.184021,0.117377
93.785,0.522804,0.387349,0.183966,0.135454
93.79,0.525685,0.391362,0.183912,0.134323
93.795,0.524084,0.395368,0.183858,0.128716
93.8,0.501852,0.399364,0.183804,0.102488
93.805,0.494238,0.403347,0.18375,0.0908912
93.81,0.477036,0.407311,0.183696,0.0697252
93.815,0.485283,0.411253,0.183642,0.0740294
93.82,0.509163,0.415169,0.183587,0.0939938
93.825,0.512159,0.419055,0.183533,0.0931049
93.83,0.509686,0.422905,0.183479,0.0867809
93.835,0.513505,0.426716,0.183425,0.0867887
93.84,0.519304,0.430484,0.183371,0.0888204
93.845,0.528319,0.434203,0.183317,0.0941168
93.85,0.502335,0.437869,0.183263,0.0644662
93.855,0.503,0.441478,0.183209,0.061522
93.86,0.515057,0.445025,0.183154,0.0700318
93.865,0.530037,0.448506,0.1831,0.0815312
93.87,0.521763,0.451915,0.183046,0.0698475
93.875,0.544358,0.455249,0.182992,0.0891088
93.88,0.553911,0.458502,0.182938,0.095409
93.885,0.586397,0.461671,0.182884,0.124726
93.89,0.582425,0.464749,0.18283,0.117676
93.895,0.585261,0.467734,0.182776,0.117527
93.9,0.588398,0.470621,0.182722,0.117778
93.905,0.581895,0.473404,0.182668,0.108491
93.91,0.582823,0.47608,0.182613,0.106743
93.915,0.573091,0.478645,0.182559,0.0944462
93.92,0.55743,0.481094,0.182505,0.0763357
93.925,0.565929,0.483423,0.182451,0.0825059
93.93,0.551069,0.485629,0.182397,0.0654393
93.935,0.554222,0.487708,0.182343,0.0665141
93.94,0.556395,0.489656,0.182289,0.0667396
93.945,0.557884,0.491469,0.182235,0.0664148
93.95,0.562473,0.493145,0.182181,0.0693277
93.955,0.565521,0.494681,0.182127,0.0708406
93.96,0.576114,0.496073,0.182073,0.0800417
93.965,0.582061,0.497319,0.182019,0.0847421
93.97,0.573778,0.498416,0.181965,0.0753616
93.975,0.590356,0.499363,0.181911,0.0909929
93.98,0.606928,0.500158,0.181857,0.106769
93.985,0.644001,0.500799,0.181803,0.143202
93.99,0.647711,0.501285,0.181749,0.146426
93.995,0.653257,0.501615,0.181695,0.151642
94,0.615759,0.501788,0.181641,0.113971
94.005,0.581548,0.501803,0.181587,0.0797447
94.01,0.542716,0.501661,0.181533,0.0410545
94.015,0.565487,0.501362,0.181479,0.0641255
94.02,0.587812,0.500906,0.181425,0.0869063
94.025,0.598981,0.500293,0.181371,0.0986876
94.03,0.619516,0.499526,0.181317,0.11999
94.035,0.615371,0.498605,0.181263,0.116766
94.04,0.629286,0.497532,0.181209,0.131754
94.045,0.622431,0.496309,0.181155,0.126122
94.05,0.602471,0.494937,0.181101,0.107534
94.055,0.602225,0.49342,0.181047,0.108805
94.06,0.610477,0.49176,0.180993,0.118717
94.065,0.590592,0.48996,0.180939,0.100633
94.07,0.579681,0.488022,0.180885,0.0916596
94.075,0.590989,0.48595,0.180831,0.105038
94.08,0.568986,0.483748,0.180777,0.0852376
94.085,0.561925,0.48142,0.180723,0.0805051
94.09,0.545746,0.478968,0.180669,0.0667789
94.095,0.535157,0.476396,0.180615,0.0587607
94.1,0.527367,0.47371,0.180561,0.0536572
94.105,0.487956,0.470913,0.180508,0.0170429
94.11,0.492845,0.468009,0.180454,0.0248364
94.115,0.511847,0.465002,0.1804,0.0468446
94.12,0.501821,0.461898,0.180346,0.0399231
94.125,0.510224,0.4587,0.180292,0.0515244
94.13,0.543282,0.455413,0.180238,0.0878692
94.135,0.560725,0.452042,0.180184,0.108683
94.14,0.555808,0.44859,0.18013,0.107218
94.145,0.517491,0.445064,0.180076,0.0724272
94.15,0.526698,0.441467,0.180022,0.0852316
94.155,0.552866,0.437804,0.179969,0.115062
94.16,0.559958,0.434079,0.179915,0.125879
94.165,0.555978,0.430298,0.179861,0.12568
94.17,0.501638,0.426464,0.179807,0.0751739
94.175,0.498843,0.422583,0.179753,0.0762604
94.18,0.511244,0.418658,0.179699,0.092586
94.185,0.514698,0.414695,0.179645,0.100003
94.19,0.52976,0.410697,0.179592,0.119063
94.195,0.50037,0.406669,0.179538,0.093701
94.2,0.489406,0.402616,0.179484,0.08679
94.205,0.461288,0.39854,0.17943,0.0627475
94.21,0.444982,0.394447,0.179376,0.0505347
94.215,0.437103,0.390341,0.179322,0.0467616
94.22,0.439848,0.386225,0.179269,0.0536225
94.225,0.459559,0.382104,0.179215,0.0774555
94.23,0.465363,0.37798,0.179161,0.0873829
94.235,0.445925,0.373859,0.179107,0.0720665
94.24,0.424522,0.369743,0.179053,0.054779
94.245,0.407731,0.365636,0.179,0.042095
94.25,0.383094,0.361541,0.178946,0.0215535
94.255,0.396132,0.357462,0.178892,0.0386699
94.26,0.379456,0.353401,0.178838,0.0260542
94.265,0.397674,0.349363,0.178785,0.0483113
94.27,0.390887,0.345349,0.178731,0.0455378
94.275,0.4038,0.341363,0.178677,0.0624366
94.28,0.397109,0.337408,0.178623,0.0597013
94.285,0.381053,0.333485,0.178569,0.0475677
94.29,0.380054,0.329598,0.178516,0.050456
94.295,0.371797,0.325749,0.178462,0.0460475
94.3,0.384859,0.32194,0.178408,0.062919
94.305,0.384376,0.318174,0.178355,0.066202
94.31,0.388687,0.314452,0.178301,0.0742349
94.315,0.398871,0.310776,0.178247,0.0880943
94.32,0.391551,0.307149,0.178193,0.0844021
94.325,0.402985,0.303571,0.17814,0.0994138
94.33,0.405982,0.300045,0.178086,0.105937
94.335,0.396054,0.296572,0.178032,0.0994825
94.34,0.401203,0.293152,0.177979,0.10805
94.345,0.396193,0.289789,0.177925,0.106404
94.35,0.405039,0.286482,0.177871,0.118557
94.355,0.391957,0.283232,0.177817,0.108724
94.36,0.36946,0.280041,0.177764,0.0894192
94.365,0.336087,0.276909,0.17771,0.0591772
94.37,0.349393,0.273838,0.177656,0.0755552
94.375,0.358993,0.270826,0.177603,0.088167
94.38,0.337426,0.267876,0.177549,0.06955
94.385,0.334292,0.264988,0.177495,0.069304
94.39,0.326288,0.262161,0.177442,0.0641271
94.395,0.344257,0.259396,0.177388,0.0848609
94.4,0.346731,0.256693,0.177335,0.0900377
94.405,0.348297,0.254053,0.177281,0.0942445
94.41,0.312652,0.251475,0.177227,0.0611777
94.415,0.307182,0.248958,0.177174,0.0582235
94.42,0.307095,0.246504,0.17712,0.0605909
94.425,0.319465,0.244111,0.177066,0.0753539
94.43,0.322219,0.241779,0.177013,0.0804402
94.435,0.301702,0.239508,0.176959,0.0621944
94.44,0.317719,0.237297,0.176906,0.0804218
94.445,0.330855,0.235147,0.176852,0.0957086
94.45,0.298189,0.233055,0.176798,0.0651338
94.455,0.300173,0.231022,0.176745,0.0691509
94.46,0.26885,0.229047,0.176691,0.0398028
94.465,0.273063,0.227129,0.176638,0.0459336
94.47,0.289206,0.225268,0.176584,0.0639384
94.475,0.295304,0.223462,0.176531,0.0718425
94.48,0.302667,0.22171,0.176477,0.0809566
94.485,0.298223,0.220013,0.176423,0.0782103
94.49,0.287042,0.218368,0.17637,0.0686742
94.495,0.294962,0.216776,0.176316,0.0781866
94.5,0.296701,0.215234,0.176263,0.0814669
94.505,0.295811,0.213742,0.176209,0.0820687
94.51,0.301336,0.212299,0.176156,0.089037
94.515,0.289397,0.210904,0.176102,0.078493
94.52,0.255402,0.209556,0.176049,0.0458458
94.525,0.246149,0.208254,0.175995,0.0378949
94.53,0.227341,0.206996,0.175942,0.0203448
94.535,0.241924,0.205782,0.175888,0.0361414
94.54,0.222407,0.204611,0.175835,0.0177965
94.545,0.233296,0.203481,0.175781,0.0298153
94.55,0.239919,0.202391,0.175728,0.0375279
94.555,0.25337,0.20134,0.175674,0.0520299
94.56,0.233053,0.200328,0.175621,0.0327252
94.565,0.233157,0.199353,0.175567,0.0338044
94.57,0.229249,0.198413,0.175514,0.0308358
94.575,0.241902,0.197509,0.175461,0.0443936
94.58,0.228872,0.196638,0.175407,0.0322334
94.585,0.241333,0.1958,0.175354,0.0455322
94.59,0.237651,0.194994,0.1753,0.0426571
94.595,0.25793,0.194219,0.175247,0.0637114
94.6,0.253743,0.193473,0.175193,0.0602697
94.605,0.259944,0.192756,0.17514,0.0671879
94.61,0.265602,0.192067,0.175087,0.0735342
94.615,0.264253,0.191405,0.175033,0.0728483
94.62,0.252552,0.190768,0.17498,0.0617837
94.625,0.249576,0.190157,0.174926,0.0594191
94.63,0.247022,0.189569,0.174873,0.0574528
94.635,0.265319,0.189004,0.17482,0.0763151
94.64,0.239463,0.188462,0.174766,0.0510016
94.645,0.242358,0.187941,0.174713,0.0544174
94.65,0.221993,0.18744,0.17466,0.0345524
94.655,0.219662,0.18696,0.174606,0.0327029
94.66,0.224247,0.186498,0.174553,0.0377494
94.665,0.211881,0.186054,0.174499,0.0258271
94.67,0.213861,0.185628,0.174446,0.0282332
94.675,0.181055,0.185219,0.174393,-0.00416372
94.68,0.17585,0.184825,0.17434,-0.00897543
94.685,0.178971,0.184447,0.174286,-0.00547568
94.69,0.168575,0.184084,0.174233,-0.0155083
94.695,0.169194,0.183734,0.17418,-0.0145401
94.7,0.184607,0.183398,0.174126,0.00120824
94.705,0.206753,0.183075,0.174073,0.0236778
94.71,0.229106,0.182764,0.17402,0.0463415
94.715,0.235762,0.182465,0.173966,0.053297
94.72,0.25072,0.182177,0.173913,0.0685427
94.725,0.265394,0.1819,0.17386,0.0834941
94.73,0.267106,0.181633,0.173807,0.0854725
94.735,0.259807,0.181376,0.173753,0.0784311
94.74,0.232522,0.181126,0.1737,0.0513952
94.745,0.217475,0.180887,0.173647,0.0365875
94.75,0.195603,0.180656,0.173594,0.0149466
94.755,0.189694,0.180433,0.17354,0.00926118
94.76,0.19096,0.180218,0.173487,0.010742
94.765,0.204742,0.180009,0.173434,0.0247326
94.77,0.232282,0.179808,0.173381,0.0524738
94.775,0.245484,0.179613,0.173328,0.0658712
94.78,0.226896,0.179424,0.173274,0.0474713
94.785,0.220953,0.179241,0.173221,0.0417111
94.79,0.218261,0.179064,0.173168,0.0391967
94.795,0.221832,0.178892,0.173115,0.0429395
94.8,0.221265,0.178725,0.173062,0.0425392
94.805,0.21612,0.178563,0.173008,0.037557
94.81,0.209808,0.178405,0.172955,0.0314027
94.815,0.18575,0.178252,0.172902,0.0074979
94.82,0.163471,0.178103,0.172849,-0.0146317
94.825,0.157023,0.177957,0.172796,-0.0209343
94.83,0.155987,0.177816,0.172743,-0.0218284
94.835,0.153813,0.177677,0.17269,-0.023864
94.84,0.156785,0.177542,0.172636,-0.0207574
94.845,0.175727,0.17741,0.172583,-0.00168281
94.85,0.183537,0.177281,0.17253,0.00625548
94.855,0.17032,0.177155,0.172477,-0.00683462
94.86,0.162292,0.177031,0.172424,-0.0147395
94.865,0.162745,0.17691,0.172371,-0.0141657
94.87,0.183949,0.176792,0.172318,0.00715748
94.875,0.175818,0.176675,0.172265,-0.000857471
94.88,0.17246,0.176561,0.172212,-0.00410074
94.885,0.163356,0.176449,0.172159,-0.0130924
94.89,0.164546,0.176338,0.172106,-0.0117928
94.895,0.179711,0.17623,0.172052,0.0034814
94.9,0.152689,0.176123,0.171999,-0.0234344
94.905,0.149621,0.176018,0.171946,-0.0263974
94.91,0.140652,0.175914,0.171893,-0.0352624
94.915,0.138121,0.175812,0.17184,-0.0376909
94.92,0.13936,0.175711,0.171787,-0.0363513
94.925,0.152214,0.175612,0.171734,-0.0233985
94.93,0.14867,0.175514,0.171681,-0.0268441
94.935,0.174781,0.175417,0.171628,-0.000635859
94.94,0.164149,0.175321,0.171575,-0.011172
94.945,0.179692,0.175227,0.171522,0.00446551
94.95,0.166748,0.175133,0.171469,-0.00838484
94.955,0.166997,0.17504,0.171416,-0.00804361
94.96,0.181959,0.174949,0.171363,0.00701083
94.965,0.205063,0.174858,0.17131,0.0302055
94.97,0.205586,0.174768,0.171258,0.0308182
94.975,0.210498,0.174679,0.171205,0.0358191
94.98,0.205473,0.17459,0.171152,0.0308829
94.985,0.227266,0.174503,0.171099,0.0527626
94.99,0.21978,0.174416,0.171046,0.0453639
94.995,0.201499,0.17433,0.170993,0.0271694
95,0.171547,0.174244,0.17094,-0.00269698
95.005,0.167341,0.17416,0.170887,-0.00681901
95.01,0.156522,0.174075,0.170834,-0.0175537
95.015,0.187217,0.173992,0.170781,0.0132251
95.02,0.188254,0.173909,0.170728,0.0143454
95.025,0.18426,0.173826,0.170676,0.0104337
95.03,0.160284,0.173744,0.170623,-0.0134598
95.035,0.154081,0.173663,0.17057,-0.0195819
95.04,0.144602,0.173582,0.170517,-0.0289793
95.045,0.146698,0.173501,0.170464,-0.0268028
95.05,0.140456,0.173421,0.170411,-0.0329651
95.055,0.140852,0.173341,0.170358,-0.0324892
95.06,0.162769,0.173262,0.170306,-0.0104937
95.065,0.169894,0.173183,0.170253,-0.00328932
95.07,0.184373,0.173103,0.1702,0.0112697
95.075,0.18389,0.173025,0.170147,0.0108656
95.08,0.157405,0.172947,0.170094,-0.0155423
95.085,0.16126,0.17287,0.170042,-0.0116104
95.09,0.169248,0.172793,0.169989,-0.00354565
95.095,0.171688,0.172717,0.169936,-0.00102854
95.1,0.168855,0.17264,0.169883,-0.00378583
95.105,0.162131,0.172565,0.169831,-0.0104337
95.11,0.152626,0.172489,0.169778,-0.0198635
95.115,0.157827,0.172414,0.169725,-0.0145874
95.12,0.148944,0.172339,0.169672,-0.0233946
95.125,0.174984,0.172264,0.16962,0.00271914
95.13,0.183558,0.17219,0.169567,0.0113676
95.135,0.17263,0.172116,0.169514,0.000513657
95.14,0.170017,0.172042,0.169461,-0.00202503
95.145,0.168258,0.171969,0.169409,-0.00371076
95.15,0.168171,0.171896,0.169356,-0.0037251
95.155,0.152265,0.171823,0.169303,-0.0195576
95.16,0.125285,0.17175,0.169251,-0.0464654
95.165,0.117299,0.171678,0.169198,-0.0543788
95.17,0.136035,0.171606,0.169145,-0.0355712
95.175,0.132567,0.171534,0.169093,-0.0389669
95.18,0.136747,0.171462,0.16904,-0.0347154
95.185,0.136016,0.171391,0.168987,-0.0353747
95.19,0.134563,0.17132,0.168935,-0.0367569
95.195,0.134085,0.171249,0.168882,-0.0371636
95.2,0.128542,0.171178,0.16883,-0.0426367
95.205,0.123874,0.171108,0.168777,-0.0472341
95.21,0.15481,0.171037,0.168724,-0.0162272
95.215,0.179965,0.170967,0.168672,0.00899717
95.22,0.177946,0.170898,0.168619,0.00704811
95.225,0.158104,0.170828,0.168567,-0.0127242
95.23,0.131854,0.170758,0.168514,-0.0389041
95.235,0.117881,0.170689,0.168462,-0.0528078
95.24,0.126226,0.17062,0.168409,-0.044394
95.245,0.118343,0.170551,0.168356,-0.0522087
95.25,0.122362,0.170483,0.168304,-0.0481206
95.255,0.126002,0.170414,0.168251,-0.0444121
95.26,0.164774,0.170346,0.168199,-0.00557165
95.265,0.185106,0.170278,0.168146,0.0148285
95.27,0.193007,0.17021,0.168094,0.0227969
95.275,0.191268,0.170142,0.168041,0.021126
95.28,0.18479,0.170075,0.167989,0.0147158
95.285,0.20007,0.170007,0.167936,0.0300623
95.29,0.196208,0.16994,0.167884,0.0262679
95.295,0.166968,0.169873,0.167831,-0.0029047
95.3,0.146872,0.169806,0.167779,-0.0229345
95.305,0.119979,0.16974,0.167727,-0.0497605
95.31,0.105678,0.169673,0.167674,-0.0639945
95.315,0.116122,0.169607,0.167622,-0.0534841
95.32,0.137981,0.16954,0.167569,-0.0315599
95.325,0.161465,0.169474,0.167517,-0.00800977
95.33,0.151147,0.169408,0.167464,-0.0182617
95.335,0.141526,0.169343,0.167412,-0.0278163
95.34,0.138359,0.169277,0.16736,-0.030918
95.345,0.138194,0.169212,0.167307,-0.0310179
95.35,0.138886,0.169146,0.167255,-0.0302602
95.355,0.171598,0.169081,0.167202,0.00251736
95.36,0.199332,0.169016,0.16715,0.0303163
95.365,0.22208,0.168951,0.167098,0.0531285
95.37,0.174999,0.168886,0.167045,0.0061125
95.375,0.152422,0.168822,0.166993,-0.0163997
95.38,0.143074,0.168757,0.166941,-0.0256829
95.385,0.158331,0.168693,0.166888,-0.0103615
95.39,0.149759,0.168629,0.166836,-0.0188697
95.395,0.119914,0.168564,0.166784,-0.0486507
95.4,0.11479,0.1685,0.166731,-0.0537103
95.405,0.135643,0.168437,0.166679,-0.0327937
95.41,0.162728,0.168373,0.166627,-0.00564502
95.415,0.168788,0.168309,0.166575,0.000478516
95.42,0.17793,0.168246,0.166522,0.00968383
95.425,0.163484,0.168182,0.16647,-0.00469846
95.43,0.173482,0.168119,0.166418,0.0053626
95.435,0.160764,0.168056,0.166366,-0.00729157
95.44,0.150936,0.167993,0.166313,-0.0170565
95.445,0.164879,0.16793,0.166261,-0.00305144
95.45,0.170916,0.167867,0.166209,0.0030488
95.455,0.193517,0.167805,0.166157,0.0257127
95.46,0.176173,0.167742,0.166105,0.008431
95.465,0.164061,0.16768,0.166052,-0.00361846
95.47,0.156641,0.167617,0.166,-0.0109761
95.475,0.152782,0.167555,0.165948,-0.0147731
95.48,0.162749,0.167493,0.165896,-0.00474399
95.485,0.195583,0.167431,0.165844,0.0281516
95.49,0.177179,0.167369,0.165792,0.00981019
95.495,0.19384,0.167307,0.165739,0.0265326
95.5,0.216884,0.167245,0.165687,0.0496387
95.505,0.208411,0.167184,0.165635,0.0412268
95.51,0.201297,0.167122,0.165583,0.0341746
95.515,0.168279,0.167061,0.165531,0.00121848
95.52,0.16699,0.166999,0.165479,-9.48196e-06
95.525,0.184047,0.166938,0.165427,0.017109
95.53,0.17001,0.166877,0.165375,0.00313291
95.535,0.165276,0.166816,0.165323,-0.00154041
95.54,0.158329,0.166755,0.165271,-0.00842562
95.545,0.160418,0.166694,0.165219,-0.00627642
95.55,0.166118,0.166633,0.165167,-0.000514924
95.555,0.20719,0.166573,0.165115,0.0406174
95.56,0.242087,0.166512,0.165062,0.0755753
95.565,0.247792,0.166452,0.16501,0.0813406
95.57,0.224521,0.166391,0.164958,0.0581295
95.575,0.2154,0.166331,0.164906,0.0490688
95.58,0.221161,0.166271,0.164854,0.0548904
95.585,0.226847,0.16621,0.164803,0.0606364
95.59,0.197181,0.16615,0.164751,0.0310305
95.595,0.162431,0.16609,0.164699,-0.00365939
95.6,0.119082,0.16603,0.164647,-0.0469485
95.605,0.14063,0.16597,0.164595,-0.0253408
95.61,0.144473,0.165911,0.164543,-0.0214378
95.615,0.177827,0.165851,0.164491,0.0119761
95.62,0.155221,0.165791,0.164439,-0.0105699
95.625,0.138747,0.165732,0.164387,-0.0269845
95.63,0.144158,0.165672,0.164335,-0.0215141
95.635,0.151551,0.165613,0.164283,-0.0140619
95.64,0.147033,0.165554,0.164231,-0.0185202
95.645,0.114077,0.165494,0.164179,-0.0514173
95.65,0.115419,0.165435,0.164128,-0.0500165
95.655,0.127288,0.165376,0.164076,-0.0380882
95.66,0.153549,0.165317,0.164024,-0.0117677
95.665,0.170364,0.165258,0.163972,0.0051058
95.67,0.156301,0.165199,0.16392,-0.00889865
95.675,0.197797,0.16514,0.163868,0.0326569
95.68,0.159519,0.165082,0.163817,-0.00556227
95.685,0.166189,0.165023,0.163765,0.00116639
95.69,0.124088,0.164964,0.163713,-0.0408768
95.695,0.135499,0.164906,0.163661,-0.0294068
95.7,0.142686,0.164847,0.16361,-0.0221612
95.705,0.165497,0.164789,0.163558,0.000707676
95.71,0.154281,0.164731,0.163506,-0.0104496
95.715,0.158871,0.164672,0.163454,-0.00580092
95.72,0.126149,0.164614,0.163403,-0.0384651
95.725,0.129644,0.164556,0.163351,-0.0349121
95.73,0.104747,0.164498,0.163299,-0.0597503
95.735,0.118485,0.16444,0.163247,-0.0459546
95.74,0.197006,0.164382,0.163196,0.0326243
95.745,0.20553,0.164324,0.163144,0.041206
95.75,0.218018,0.164266,0.163092,0.0537518
95.755,0.123977,0.164208,0.163041,-0.0402309
95.76,0.107645,0.16415,0.162989,-0.0565053
95.765,0.106278,0.164093,0.162937,-0.057815
95.77,0.151402,0.164035,0.162886,-0.012633
95.775,0.179235,0.163978,0.162834,0.0152572
95.78,0.180993,0.16392,0.162782,0.0170734
95.785,0.205875,0.163863,0.162731,0.0420122
95.79,0.298244,0.163805,0.162679,0.134439
95.795,0.309214,0.163748,0.162628,0.145466
95.8,0.286737,0.163691,0.162576,0.123046
95.805,0.202455,0.163633,0.162525,0.0388215
95.81,0.213233,0.163576,0.162473,0.0496569
95.815,0.210591,0.163519,0.162421,0.0470722
95.82,0.172663,0.163462,0.16237,0.00920116
95.825,0.0977961,0.163405,0.162318,-0.065609
95.83,0.0981188,0.163348,0.162267,-0.0652293
95.835,0.0932261,0.163291,0.162215,-0.0700651
95.84,0.0953331,0.163234,0.162164,-0.0679012
95.845,0.0983428,0.163178,0.162112,-0.0648347
95.85,0.130023,0.163121,0.162061,-0.0330975
95.855,0.16292,0.163064,0.162009,-0.000143939
95.86,0.159387,0.163007,0.161958,-0.00361999
95.865,0.139856,0.162951,0.161906,-0.0230951
95.87,0.134638,0.162894,0.161855,-0.0282563
95.875,0.131615,0.162838,0.161804,-0.0312232
95.88,0.132646,0.162781,0.161752,-0.0301353
95.885,0.132876,0.162725,0.161701,-0.0298489
95.89,0.145482,0.162669,0.161649,-0.0171869
95.895,0.145482,0.162612,0.161598,-0.0171306
95.9,0.133653,0.162556,0.161547,-0.0289025
95.905,0.126072,0.1625,0.161495,-0.036428
95.91,0.126072,0.162444,0.161444,-0.0363719
95.915,0.128797,0.162388,0.161392,-0.0335905
95.92,0.134462,0.162331,0.161341,-0.0278693
95.925,0.130446,0.162275,0.16129,-0.0318295
95.93,0.13313,0.162219,0.161238,-0.0290897
95.935,0.140832,0.162163,0.161187,-0.0213319
95.94,0.140307,0.162108,0.161136,-0.0218008
95.945,0.140311,0.162052,0.161085,-0.0217405
95.95,0.125699,0.161996,0.161033,-0.0362969
95.955,0.144177,0.16194,0.160982,-0.0177635
95.96,0.144177,0.161884,0.160931,-0.0177077
95.965,0.151692,0.161829,0.160879,-0.0101367
95.97,0.176603,0.161773,0.160828,0.0148302
95.975,0.176603,0.161717,0.160777,0.0148858
95.98,0.183937,0.161662,0.160726,0.0222752
95.985,0.0476202,0.161606,0.160675,-0.113986
95.99,0.0436264,0.161551,0.160623,-0.117925
95.995,0.0437075,0.161496,0.160572,-0.117788
96,0.0135781,0.16144,0.160521,-0.147862
