two_theta,y_obs,y_calc,y_bkg,y_diff
5,7500,0,0,0
5.01,6975,0,0,0
5.02,7175,0,0,0
5.03,8050,0,0,0
5.04,8125,0,0,0
5.05,7925,0,0,0
5.06,7975,0,0,0
5.07,8400,0,0,0
5.08,7900,0,0,0
5.09,7850,0,0,0
5.1,7950,0,0,0
5.11,7725,0,0,0
5.12,7550,0,0,0
5.13,7575,0,0,0
5.14,7700,0,0,0
5.15,7925,0,0,0
5.16,7550,0,0,0
5.17,7875,0,0,0
5.18,7125,0,0,0
5.19,7850,0,0,0
5.2,7825,0,0,0
5.21,7975,0,0,0
5.22,7575,0,0,0
5.23,8325,0,0,0
5.24,7650,0,0,0
5.25,7725,0,0,0
5.26,7850,0,0,0
5.27,7550,0,0,0
5.28,7975,0,0,0
5.29,8000,0,0,0
5.3,8000,0,0,0
5.31,8400,0,0,0
5.32,7550,0,0,0
5.33,8375,0,0,0
5.34,7500,0,0,0
5.35,8475,0,0,0
5.36,7425,0,0,0
5.37,7825,0,0,0
5.38,7300,0,0,0
5.39,8325,0,0,0
5.4,8350,0,0,0
5.41,9075,0,0,0
5.42,8425,0,0,0
5.43,8025,0,0,0
5.44,7900,0,0,0
5.45,7600,0,0,0
5.46,7575,0,0,0
5.47,8100,0,0,0
5.48,7350,0,0,0
5.49,7625,0,0,0
5.5,7850,0,0,0
5.51,8300,0,0,0
5.52,8150,0,0,0
5.53,8350,0,0,0
5.54,8050,0,0,0
5.55,7800,0,0,0
5.56,9150,0,0,0
5.57,8200,0,0,0
5.58,8350,0,0,0
5.59,7775,0,0,0
5.6,8700,0,0,0
5.61,8000,0,0,0
5.62,9075,0,0,0
5.63,8750,0,0,0
5.64,8900,0,0,0
5.65,8075,0,0,0
5.66,8275,0,0,0
5.67,8925,0,0,0
5.68,8950,0,0,0
5.69,8775,0,0,0
5.7,8450,0,0,0
5.71,8675,0,0,0
5.72,8350,0,0,0
5.73,7850,0,0,0
5.74,8750,0,0,0
5.75,8975,0,0,0
5.76,8850,0,0,0
5.77,8525,0,0,0
5.78,8950,0,0,0
5.79,8150,0,0,0
5.8,9450,0,0,0
5.81,8400,0,0,0
5.82,8200,0,0,0
5.83,8700,0,0,0
5.84,8100,0,0,0
5.85,8125,0,0,0
5.86,9125,0,0,0
5.87,8400,0,0,0
5.88,9125,0,0,0
5.89,8375,0,0,0
5.9,8200,0,0,0
5.91,7925,0,0,0
5.92,7650,0,0,0
5.93,8725,0,0,0
5.94,9025,0,0,0
5.95,8650,0,0,0
5.96,8650,0,0,0
5.97,8450,0,0,0
5.98,8775,0,0,0
5.99,8875,0,0,0
6,8750,0,0,0
6.01,8675,0,0,0
6.02,9075,0,0,0
6.03,9400,0,0,0
6.04,8850,0,0,0
6.05,8550,0,0,0
6.06,9325,0,0,0
6.07,9300,0,0,0
6.08,8925,0,0,0
6.09,9200,0,0,0
6.1,9500,0,0,0
6.11,8475,0,0,0
6.12,9125,0,0,0
6.13,9000,0,0,0
6.14,9025,0,0,0
6.15,8950,0,0,0
6.16,8725,0,0,0
6.17,9525,0,0,0
6.18,8725,0,0,0
6.19,8675,0,0,0
6.2,10175,0,0,0
6.21,9225,0,0,0
6.22,9375,0,0,0
6.23,9975,0,0,0
6.24,9125,0,0,0
6.25,9550,0,0,0
6.26,8975,0,0,0
6.27,9250,0,0,0
6.28,9100,0,0,0
6.29,8775,0,0,0
6.3,9175,0,0,0
6.31,8875,0,0,0
6.32,9450,0,0,0
6.33,8750,0,0,0
6.34,9725,0,0,0
6.35,9550,0,0,0
6.36,9275,0,0,0
6.37,10250,0,0,0
6.38,9500,0,0,0
6.39,9300,0,0,0
6.4,8575,0,0,0
6.41,9200,0,0,0
6.42,9550,0,0,0
6.43,9375,0,0,0
6.44,9175,0,0,0
6.45,10050,0,0,0
6.46,9675,0,0,0
6.47,9450,0,0,0
6.48,9000,0,0,0
6.49,9275,0,0,0
6.5,9100,0,0,0
6.51,9225,0,0,0
6.52,8700,0,0,0
6.53,9025,0,0,0
6.54,9250,0,0,0
6.55,9825,0,0,0
6.56,9875,0,0,0
6.57,10025,0,0,0
6.58,9100,0,0,0
6.59,9350,0,0,0
6.6,9250,0,0,0
6.61,9625,0,0,0
6.62,9450,0,0,0
6.63,8975,0,0,0
6.64,9125,0,0,0
6.65,9925,0,0,0
6.66,9725,0,0,0
6.67,9625,0,0,0
6.68,9675,0,0,0
6.69,10125,0,0,0
6.7,10125,0,0,0
6.71,10300,0,0,0
6.72,10250,0,0,0
6.73,9550,0,0,0
6.74,9850,0,0,0
6.75,9600,0,0,0
6.76,9350,0,0,0
6.77,10450,0,0,0
6.78,9400,0,0,0
6.79,9300,0,0,0
6.8,9725,0,0,0
6.81,9425,0,0,0
6.82,9975,0,0,0
6.83,9700,0,0,0
6.84,10050,0,0,0
6.85,9425,0,0,0
6.86,10250,0,0,0
6.87,10175,0,0,0
6.88,9800,0,0,0
6.89,9750,0,0,0
6.9,10225,0,0,0
6.91,9750,0,0,0
6.92,9850,0,0,0
6.93,10100,0,0,0
6.94,10650,0,0,0
6.95,9875,0,0,0
6.96,9725,0,0,0
6.97,9750,0,0,0
6.98,10000,0,0,0
6.99,10225,0,0,0
7,10400,0,0,0
7.01,10025,0,0,0
7.02,9425,0,0,0
7.03,9000,0,0,0
7.04,9700,0,0,0
7.05,10125,0,0,0
7.06,10525,0,0,0
7.07,10925,0,0,0
7.08,9700,0,0,0
7.09,9950,0,0,0
7.1,10025,0,0,0
7.11,10275,0,0,0
7.12,9875,0,0,0
7.13,10275,0,0,0
7.14,9450,0,0,0
7.15,10250,0,0,0
7.16,9950,0,0,0
7.17,10850,0,0,0
7.18,10875,0,0,0
7.19,10425,0,0,0
7.2,9850,0,0,0
7.21,9775,0,0,0
7.22,10050,0,0,0
7.23,10400,0,0,0
7.24,10150,0,0,0
7.25,10175,0,0,0
7.26,10100,0,0,0
7.27,10850,0,0,0
7.28,10375,0,0,0
7.29,8950,0,0,0
7.3,10375,0,0,0
7.31,10825,0,0,0
7.32,11225,0,0,0
7.33,10675,0,0,0
7.34,10725,0,0,0
7.35,9800,0,0,0
7.36,10325,0,0,0
7.37,9725,0,0,0
7.38,10825,0,0,0
7.39,10950,0,0,0
7.4,10000,0,0,0
7.41,10575,0,0,0
7.42,10150,0,0,0
7.43,10650,0,0,0
7.44,10575,0,0,0
7.45,11050,0,0,0
7.46,10850,0,0,0
7.47,9775,0,0,0
7.48,10700,0,0,0
7.49,10675,0,0,0
7.5,11100,0,0,0
7.51,10400,0,0,0
7.52,10600,0,0,0
7.53,10600,0,0,0
7.54,10375,0,0,0
7.55,10575,0,0,0
7.56,10150,0,0,0
7.57,10450,0,0,0
7.58,10075,0,0,0
7.59,11450,0,0,0
7.6,10725,0,0,0
7.61,10600,0,0,0
7.62,10375,0,0,0
7.63,10675,0,0,0
7.64,10900,0,0,0
7.65,12025,0,0,0
7.66,10850,0,0,0
7.67,11325,0,0,0
7.68,11250,0,0,0
7.69,11900,0,0,0
7.7,11650,0,0,0
7.71,11000,0,0,0
7.72,11850,0,0,0
7.73,10850,0,0,0
7.74,11100,0,0,0
7.75,10300,0,0,0
7.76,10650,0,0,0
7.77,10700,0,0,0
7.78,11175,0,0,0
7.79,11075,0,0,0
7.8,11225,0,0,0
7.81,11250,0,0,0
7.82,10675,0,0,0
7.83,11400,0,0,0
7.84,11225,0,0,0
7.85,11250,0,0,0
7.86,11025,0,0,0
7.87,10700,0,0,0
7.88,10525,0,0,0
7.89,11250,0,0,0
7.9,11150,0,0,0
7.91,11100,0,0,0
7.92,9925,0,0,0
7.93,11675,0,0,0
7.94,10450,0,0,0
7.95,10150,0,0,0
7.96,10000,0,0,0
7.97,11950,0,0,0
7.98,11750,0,0,0
7.99,11175,0,0,0
8,10950,0,0,0
8.01,11325,0,0,0
8.02,11450,0,0,0
8.03,11000,0,0,0
8.04,10525,0,0,0
8.05,11225,0,0,0
8.06,11375,0,0,0
8.07,10550,0,0,0
8.08,10475,0,0,0
8.09,10850,0,0,0
8.1,11025,0,0,0
8.11,11675,0,0,0
8.12,11975,0,0,0
8.13,11050,0,0,0
8.14,11350,0,0,0
8.15,10875,0,0,0
8.16,10950,0,0,0
8.17,11325,0,0,0
8.18,11475,0,0,0
8.19,11875,0,0,0
8.2,12100,0,0,0
8.21,10750,0,0,0
8.22,11525,0,0,0
8.23,10175,0,0,0
8.24,11325,0,0,0
8.25,10675,0,0,0
8.26,11450,0,0,0
8.27,11600,0,0,0
8.28,12575,0,0,0
8.29,12100,0,0,0
8.3,11550,0,0,0
8.31,11575,0,0,0
8.32,11750,0,0,0
8.33,11750,0,0,0
8.34,10300,0,0,0
8.35,11575,0,0,0
8.36,12175,0,0,0
8.37,11425,0,0,0
8.38,11750,0,0,0
8.39,12125,0,0,0
8.4,11900,0,0,0
8.41,12600,0,0,0
8.42,12150,0,0,0
8.43,12000,0,0,0
8.44,11925,0,0,0
8.45,12225,0,0,0
8.46,11950,0,0,0
8.47,12125,0,0,0
8.48,11875,0,0,0
8.49,11700,0,0,0
8.5,11600,0,0,0
8.51,11925,0,0,0
8.52,12450,0,0,0
8.53,12150,0,0,0
8.54,12400,0,0,0
8.55,11750,0,0,0
8.56,12225,0,0,0
8.57,11300,0,0,0
8.58,12400,0,0,0
8.59,12175,0,0,0
8.6,11425,0,0,0
8.61,11875,0,0,0
8.62,11600,0,0,0
8.63,11750,0,0,0
8.64,12750,0,0,0
8.65,12625,0,0,0
8.66,12150,0,0,0
8.67,12700,0,0,0
8.68,12175,0,0,0
8.69,12125,0,0,0
8.7,12200,0,0,0
8.71,12000,0,0,0
8.72,12025,0,0,0
8.73,12275,0,0,0
8.74,12375,0,0,0
8.75,11825,0,0,0
8.76,13050,0,0,0
8.77,13275,0,0,0
8.78,12200,0,0,0
8.79,12675,0,0,0
8.8,12100,0,0,0
8.81,13100,0,0,0
8.82,12650,0,0,0
8.83,12425,0,0,0
8.84,11600,0,0,0
8.85,12900,0,0,0
8.86,12250,0,0,0
8.87,12575,0,0,0
8.88,12525,0,0,0
8.89,13325,0,0,0
8.9,12150,0,0,0
8.91,12575,0,0,0
8.92,12825,0,0,0
8.93,12550,0,0,0
8.94,13050,0,0,0
8.95,12700,0,0,0
8.96,12725,0,0,0
8.97,13825,0,0,0
8.98,12675,0,0,0
8.99,11700,0,0,0
9,12300,0,0,0
9.01,12150,0,0,0
9.02,12325,0,0,0
9.03,12525,0,0,0
9.04,12300,0,0,0
9.05,13000,0,0,0
9.06,12850,0,0,0
9.07,12625,0,0,0
9.08,13975,0,0,0
9.09,13325,0,0,0
9.1,12775,0,0,0
9.11,12400,0,0,0
9.12,12000,0,0,0
9.13,12450,0,0,0
9.14,12300,0,0,0
9.15,12275,0,0,0
9.16,13075,0,0,0
9.17,11525,0,0,0
9.18,12175,0,0,0
9.19,12325,0,0,0
9.2,12450,0,0,0
9.21,12975,0,0,0
9.22,13175,0,0,0
9.23,13000,0,0,0
9.24,12750,0,0,0
9.25,12800,0,0,0
9.26,14125,0,0,0
9.27,13050,0,0,0
9.28,13650,0,0,0
9.29,12450,0,0,0
9.3,12975,0,0,0
9.31,12425,0,0,0
9.32,12950,0,0,0
9.33,13225,0,0,0
9.34,11950,0,0,0
9.35,12700,0,0,0
9.36,12850,0,0,0
9.37,11875,0,0,0
9.38,12175,0,0,0
9.39,13500,0,0,0
9.4,12650,0,0,0
9.41,12375,0,0,0
9.42,12175,0,0,0
9.43,12350,0,0,0
9.44,12400,0,0,0
9.45,13075,0,0,0
9.46,13450,0,0,0
9.47,13475,0,0,0
9.48,13725,0,0,0
9.49,12650,0,0,0
9.5,12450,0,0,0
9.51,13050,0,0,0
9.52,12375,0,0,0
9.53,12525,0,0,0
9.54,13475,0,0,0
9.55,12900,0,0,0
9.56,12900,0,0,0
9.57,11775,0,0,0
9.58,13225,0,0,0
9.59,12675,0,0,0
9.6,13375,0,0,0
9.61,12625,0,0,0
9.62,13250,0,0,0
9.63,13650,0,0,0
9.64,13050,0,0,0
9.65,13725,0,0,0
9.66,11875,0,0,0
9.67,12725,0,0,0
9.68,13550,0,0,0
9.69,10700,0,0,0
9.7,13550,0,0,0
9.71,13500,0,0,0
9.72,13250,0,0,0
9.73,12950,0,0,0
9.74,12675,0,0,0
9.75,13475,0,0,0
9.76,13525,0,0,0
9.77,14600,0,0,0
9.78,13475,0,0,0
9.79,12825,0,0,0
9.8,13375,0,0,0
9.81,14700,0,0,0
9.82,13725,0,0,0
9.83,12825,0,0,0
9.84,13675,0,0,0
9.85,13575,0,0,0
9.86,14100,0,0,0
9.87,12700,0,0,0
9.88,12575,0,0,0
9.89,12425,0,0,0
9.9,13375,0,0,0
9.91,13200,0,0,0
9.92,13100,0,0,0
9.93,13200,0,0,0
9.94,12975,0,0,0
9.95,13375,0,0,0
9.96,13650,0,0,0
9.97,14275,0,0,0
9.98,13575,0,0,0
9.99,13425,0,0,0
10,14075,0,0,0
10.01,13250,0,0,0
10.02,13825,0,0,0
10.03,12775,0,0,0
10.04,13525,0,0,0
10.05,14175,0,0,0
10.06,14000,0,0,0
10.07,13775,0,0,0
10.08,13725,0,0,0
10.09,13950,0,0,0
10.1,12725,0,0,0
10.11,13575,0,0,0
10.12,13250,0,0,0
10.13,13625,0,0,0
10.14,13300,0,0,0
10.15,13275,0,0,0
10.16,14150,0,0,0
10.17,13075,0,0,0
10.18,13200,0,0,0
10.19,13625,0,0,0
10.2,13650,0,0,0
10.21,13225,0,0,0
10.22,13050,0,0,0
10.23,12900,0,0,0
10.24,14475,0,0,0
10.25,13625,0,0,0
10.26,13050,0,0,0
10.27,13825,0,0,0
10.28,13525,0,0,0
10.29,14050,0,0,0
10.3,13525,0,0,0
10.31,13400,0,0,0
10.32,12575,0,0,0
10.33,12950,0,0,0
10.34,12875,0,0,0
10.35,13700,0,0,0
10.36,13300,0,0,0
10.37,13500,0,0,0
10.38,13400,0,0,0
10.39,13675,0,0,0
10.4,14150,0,0,0
10.41,13100,0,0,0
10.42,13000,0,0,0
10.43,13550,0,0,0
10.44,12550,0,0,0
10.45,12950,0,0,0
10.46,14400,0,0,0
10.47,13075,0,0,0
10.48,13100,0,0,0
10.49,14075,0,0,0
10.5,13725,0,0,0
10.51,13075,0,0,0
10.52,14150,0,0,0
10.53,14050,0,0,0
10.54,13500,0,0,0
10.55,14075,0,0,0
10.56,14275,0,0,0
10.57,14000,0,0,0
10.58,14150,0,0,0
10.59,13725,0,0,0
10.6,13500,0,0,0
10.61,13950,0,0,0
10.62,14800,0,0,0
10.63,13925,0,0,0
10.64,13400,0,0,0
10.65,14525,0,0,0
10.66,14125,0,0,0
10.67,13925,0,0,0
10.68,14850,0,0,0
10.69,14050,0,0,0
10.7,13550,0,0,0
10.71,14675,0,0,0
10.72,14375,0,0,0
10.73,13750,0,0,0
10.74,12750,0,0,0
10.75,13125,0,0,0
10.76,13875,0,0,0
10.77,14175,0,0,0
10.78,13850,0,0,0
10.79,13650,0,0,0
10.8,14000,0,0,0
10.81,14125,0,0,0
10.82,14625,0,0,0
10.83,14125,0,0,0
10.84,14875,0,0,0
10.85,14625,0,0,0
10.86,14300,0,0,0
10.87,14600,0,0,0
10.88,13250,0,0,0
10.89,13975,0,0,0
10.9,14300,0,0,0
10.91,14600,0,0,0
10.92,13325,0,0,0
10.93,14500,0,0,0
10.94,13600,0,0,0
10.95,13825,0,0,0
10.96,13450,0,0,0
10.97,13675,0,0,0
10.98,14475,0,0,0
10.99,14250,0,0,0
11,15625,0,0,0
11.01,14575,0,0,0
11.02,14500,0,0,0
11.03,13900,0,0,0
11.04,14625,0,0,0
11.05,14825,0,0,0
11.06,12800,0,0,0
11.07,13675,0,0,0
11.08,14100,0,0,0
11.09,14125,0,0,0
11.1,14400,0,0,0
11.11,14975,0,0,0
11.12,14900,0,0,0
11.13,14350,0,0,0
11.14,13125,0,0,0
11.15,14475,0,0,0
11.16,14200,0,0,0
11.17,14150,0,0,0
11.18,14150,0,0,0
11.19,14500,0,0,0
11.2,13500,0,0,0
11.21,14500,0,0,0
11.22,13925,0,0,0
11.23,13950,0,0,0
11.24,14775,0,0,0
11.25,14750,0,0,0
11.26,13500,0,0,0
11.27,13675,0,0,0
11.28,14025,0,0,0
11.29,14625,0,0,0
11.3,14825,0,0,0
11.31,14675,0,0,0
11.32,13275,0,0,0
11.33,14050,0,0,0
11.34,14425,0,0,0
11.35,15025,0,0,0
11.36,14325,0,0,0
11.37,15150,0,0,0
11.38,15275,0,0,0
11.39,14700,0,0,0
11.4,13600,0,0,0
11.41,13500,0,0,0
11.42,14475,0,0,0
11.43,13925,0,0,0
11.44,14100,0,0,0
11.45,14900,0,0,0
11.46,14150,0,0,0
11.47,14425,0,0,0
11.48,14825,0,0,0
11.49,14700,0,0,0
11.5,14775,0,0,0
11.51,14600,0,0,0
11.52,14675,0,0,0
11.53,13400,0,0,0
11.54,13675,0,0,0
11.55,14875,0,0,0
11.56,14425,0,0,0
11.57,15350,0,0,0
11.58,15025,0,0,0
11.59,14900,0,0,0
11.6,15275,0,0,0
11.61,15125,0,0,0
11.62,14475,0,0,0
11.63,14350,0,0,0
11.64,14775,0,0,0
11.65,14800,0,0,0
11.66,15350,0,0,0
11.67,14425,0,0,0
11.68,14150,0,0,0
11.69,15850,0,0,0
11.7,14800,0,0,0
11.71,14700,0,0,0
11.72,14525,0,0,0
11.73,15025,0,0,0
11.74,14825,0,0,0
11.75,13450,0,0,0
11.76,14625,0,0,0
11.77,15925,0,0,0
11.78,14250,0,0,0
11.79,14500,0,0,0
11.8,14525,0,0,0
11.81,15375,0,0,0
11.82,15450,0,0,0
11.83,14750,0,0,0
11.84,14050,0,0,0
11.85,15800,0,0,0
11.86,14725,0,0,0
11.87,14900,0,0,0
11.88,15500,0,0,0
11.89,14825,0,0,0
11.9,14850,0,0,0
11.91,16200,0,0,0
11.92,14000,0,0,0
11.93,15025,0,0,0
11.94,15775,0,0,0
11.95,14950,0,0,0
11.96,15325,0,0,0
11.97,15250,0,0,0
11.98,15375,0,0,0
11.99,15000,0,0,0
12,15550,0,0,0
12.01,15000,0,0,0
12.02,14450,0,0,0
12.03,14100,0,0,0
12.04,14300,0,0,0
12.05,14825,0,0,0
12.06,15750,0,0,0
12.07,15275,0,0,0
12.08,15125,0,0,0
12.09,16000,0,0,0
12.1,15325,0,0,0
12.11,16575,0,0,0
12.12,15450,0,0,0
12.13,15175,0,0,0
12.14,15650,0,0,0
12.15,14975,0,0,0
12.16,14725,0,0,0
12.17,15650,0,0,0
12.18,15825,0,0,0
12.19,15675,0,0,0
12.2,14275,0,0,0
12.21,15475,0,0,0
12.22,14750,0,0,0
12.23,15875,0,0,0
12.24,15200,0,0,0
12.25,15550,0,0,0
12.26,15900,0,0,0
12.27,15700,0,0,0
12.28,14150,0,0,0
12.29,15825,0,0,0
12.3,14875,0,0,0
12.31,14375,0,0,0
12.32,15375,0,0,0
12.33,14575,0,0,0
12.34,15450,0,0,0
12.35,15075,0,0,0
12.36,15350,0,0,0
12.37,16100,0,0,0
12.38,14625,0,0,0
12.39,15250,0,0,0
12.4,15450,0,0,0
12.41,15000,0,0,0
12.42,15850,0,0,0
12.43,15150,0,0,0
12.44,15050,0,0,0
12.45,14175,0,0,0
12.46,14900,0,0,0
12.47,16225,0,0,0
12.48,14900,0,0,0
12.49,15800,0,0,0
12.5,15450,0,0,0
12.51,15925,0,0,0
12.52,16600,0,0,0
12.53,15175,0,0,0
12.54,15200,0,0,0
12.55,14775,0,0,0
12.56,15200,0,0,0
12.57,14925,0,0,0
12.58,15750,0,0,0
12.59,15500,0,0,0
12.6,15300,0,0,0
12.61,15075,0,0,0
12.62,14825,0,0,0
12.63,15050,0,0,0
12.64,14375,0,0,0
12.65,15875,0,0,0
12.66,15150,0,0,0
12.67,15300,0,0,0
12.68,14475,0,0,0
12.69,15900,0,0,0
12.7,15325,0,0,0
12.71,14775,0,0,0
12.72,15750,0,0,0
12.73,15000,0,0,0
12.74,15575,0,0,0
12.75,15650,0,0,0
12.76,16700,0,0,0
12.77,16575,0,0,0
12.78,16100,0,0,0
12.79,16525,0,0,0
12.8,15250,0,0,0
12.81,15450,0,0,0
12.82,15700,0,0,0
12.83,15000,0,0,0
12.84,15300,0,0,0
12.85,16000,0,0,0
12.86,14750,0,0,0
12.87,15050,0,0,0
12.88,16425,0,0,0
12.89,14725,0,0,0
12.9,14475,0,0,0
12.91,15300,0,0,0
12.92,15975,0,0,0
12.93,15650,0,0,0
12.94,15875,0,0,0
12.95,16275,0,0,0
12.96,15825,0,0,0
12.97,16575,0,0,0
12.98,16000,0,0,0
12.99,16025,0,0,0
13,15450,0,0,0
13.01,15325,0,0,0
13.02,15575,0,0,0
13.03,16475,0,0,0
13.04,15850,0,0,0
13.05,16025,0,0,0
13.06,15975,0,0,0
13.07,15225,0,0,0
13.08,16125,0,0,0
13.09,16150,0,0,0
13.1,14900,0,0,0
13.11,15600,0,0,0
13.12,15450,0,0,0
13.13,14075,0,0,0
13.14,15775,0,0,0
13.15,16350,0,0,0
13.16,15175,0,0,0
13.17,15775,0,0,0
13.18,14950,0,0,0
13.19,17025,0,0,0
13.2,16250,0,0,0
13.21,14825,0,0,0
13.22,15825,0,0,0
13.23,16275,0,0,0
13.24,16700,0,0,0
13.25,15675,0,0,0
13.26,16175,0,0,0
13.27,16175,0,0,0
13.28,15600,0,0,0
13.29,14750,0,0,0
13.3,16250,0,0,0
13.31,15325,0,0,0
13.32,15500,0,0,0
13.33,15550,0,0,0
13.34,15725,0,0,0
13.35,15400,0,0,0
13.36,16400,0,0,0
13.37,16175,0,0,0
13.38,15600,0,0,0
13.39,16050,0,0,0
13.4,16000,0,0,0
13.41,16675,0,0,0
13.42,16900,0,0,0
13.43,16425,0,0,0
13.44,15400,0,0,0
13.45,16325,0,0,0
13.46,16625,0,0,0
13.47,16750,0,0,0
13.48,16000,0,0,0
13.49,15800,0,0,0
13.5,16325,0,0,0
13.51,15350,0,0,0
13.52,14800,0,0,0
13.53,15650,0,0,0
13.54,15575,0,0,0
13.55,15925,0,0,0
13.56,15500,0,0,0
13.57,15900,0,0,0
13.58,16325,0,0,0
13.59,15600,0,0,0
13.6,15275,0,0,0
13.61,16025,0,0,0
13.62,15650,0,0,0
13.63,16600,0,0,0
13.64,15475,0,0,0
13.65,16675,0,0,0
13.66,15425,0,0,0
13.67,14950,0,0,0
13.68,15600,0,0,0
13.69,15700,0,0,0
13.7,15875,0,0,0
13.71,16400,0,0,0
13.72,16200,0,0,0
13.73,15925,0,0,0
13.74,15900,0,0,0
13.75,15550,0,0,0
13.76,17100,0,0,0
13.77,15450,0,0,0
13.78,16300,0,0,0
13.79,15975,0,0,0
13.8,15750,0,0,0
13.81,16425,0,0,0
13.82,15900,0,0,0
13.83,16050,0,0,0
13.84,15175,0,0,0
13.85,16225,0,0,0
13.86,16050,0,0,0
13.87,16725,0,0,0
13.88,15975,0,0,0
13.89,15975,0,0,0
13.9,15375,0,0,0
13.91,15700,0,0,0
13.92,16225,0,0,0
13.93,16900,0,0,0
13.94,17300,0,0,0
13.95,18575,0,0,0
13.96,16775,0,0,0
13.97,16250,0,0,0
13.98,16025,0,0,0
13.99,16000,0,0,0
14,15300,0,0,0
14.01,17175,0,0,0
14.02,15925,0,0,0
14.03,16325,0,0,0
14.04,15875,0,0,0
14.05,16800,0,0,0
14.06,16100,0,0,0
14.07,16175,0,0,0
14.08,17000,0,0,0
14.09,15600,0,0,0
14.1,16150,0,0,0
14.11,15600,0,0,0
14.12,16200,0,0,0
14.13,16875,0,0,0
14.14,16550,0,0,0
14.15,15925,0,0,0
14.16,16775,0,0,0
14.17,16550,0,0,0
14.18,15275,0,0,0
14.19,16250,0,0,0
14.2,16400,0,0,0
14.21,15800,0,0,0
14.22,16475,0,0,0
14.23,17075,0,0,0
14.24,16075,0,0,0
14.25,16425,0,0,0
14.26,16750,0,0,0
14.27,15825,0,0,0
14.28,16350,0,0,0
14.29,16975,0,0,0
14.3,16000,0,0,0
14.31,16400,0,0,0
14.32,15850,0,0,0
14.33,17400,0,0,0
14.34,16875,0,0,0
14.35,17275,0,0,0
14.36,16925,0,0,0
14.37,16100,0,0,0
14.38,16550,0,0,0
14.39,17225,0,0,0
14.4,16025,0,0,0
14.41,16225,0,0,0
14.42,16750,0,0,0
14.43,15850,0,0,0
14.44,15900,0,0,0
14.45,17450,0,0,0
14.46,16650,0,0,0
14.47,15475,0,0,0
14.48,15850,0,0,0
14.49,15550,0,0,0
14.5,15750,0,0,0
14.51,15850,0,0,0
14.52,16950,0,0,0
14.53,17150,0,0,0
14.54,15550,0,0,0
14.55,16200,0,0,0
14.56,15575,0,0,0
14.57,15200,0,0,0
14.58,16400,0,0,0
14.59,15675,0,0,0
14.6,17275,0,0,0
14.61,17475,0,0,0
14.62,17550,0,0,0
14.63,16625,0,0,0
14.64,16900,0,0,0
14.65,16075,0,0,0
14.66,15225,0,0,0
14.67,16075,0,0,0
14.68,15475,0,0,0
14.69,15450,0,0,0
14.7,15750,0,0,0
14.71,15500,0,0,0
14.72,15550,0,0,0
14.73,15975,0,0,0
14.74,17725,0,0,0
14.75,17450,0,0,0
14.76,16100,0,0,0
14.77,16500,0,0,0
14.78,15300,0,0,0
14.79,16225,0,0,0
14.8,17275,0,0,0
14.81,15975,0,0,0
14.82,16875,0,0,0
14.83,15875,0,0,0
14.84,18175,0,0,0
14.85,16450,0,0,0
14.86,16550,0,0,0
14.87,16650,0,0,0
14.88,16775,0,0,0
14.89,17400,0,0,0
14.9,16150,0,0,0
14.91,16275,0,0,0
14.92,16600,0,0,0
14.93,16050,0,0,0
14.94,16900,0,0,0
14.95,17625,0,0,0
14.96,16400,0,0,0
14.97,16875,0,0,0
14.98,17200,0,0,0
14.99,16800,0,0,0
15,17025,0,0,0
15.01,16550,0,0,0
15.02,16500,0,0,0
15.03,16275,0,0,0
15.04,17775,0,0,0
15.05,16050,0,0,0
15.06,16325,0,0,0
15.07,16575,0,0,0
15.08,16650,0,0,0
15.09,15425,0,0,0
15.1,16250,0,0,0
15.11,16425,0,0,0
15.12,16750,0,0,0
15.13,16475,0,0,0
15.14,16400,0,0,0
15.15,15625,0,0,0
15.16,17725,0,0,0
15.17,16975,0,0,0
15.18,16075,0,0,0
15.19,17075,0,0,0
15.2,15275,0,0,0
15.21,15550,0,0,0
15.22,15800,0,0,0
15.23,16525,0,0,0
15.24,16350,0,0,0
15.25,16175,0,0,0
15.26,16425,0,0,0
15.27,15675,0,0,0
15.28,17050,0,0,0
15.29,16500,0,0,0
15.3,16925,0,0,0
15.31,16475,0,0,0
15.32,15925,0,0,0
15.33,15800,0,0,0
15.34,14975,0,0,0
15.35,15750,0,0,0
15.36,15925,0,0,0
15.37,16150,0,0,0
15.38,16725,0,0,0
15.39,16075,0,0,0
15.4,16075,0,0,0
15.41,17275,0,0,0
15.42,17750,0,0,0
15.43,16800,0,0,0
15.44,17900,0,0,0
15.45,17125,0,0,0
15.46,15375,0,0,0
15.47,16300,0,0,0
15.48,16200,0,0,0
15.49,15700,0,0,0
15.5,16400,0,0,0
15.51,16550,0,0,0
15.52,16675,0,0,0
15.53,15750,0,0,0
15.54,16100,0,0,0
15.55,16925,0,0,0
15.56,15925,0,0,0
15.57,16675,0,0,0
15.58,16250,0,0,0
15.59,16675,0,0,0
15.6,16625,0,0,0
15.61,16625,0,0,0
15.62,16350,0,0,0
15.63,16525,0,0,0
15.64,17450,0,0,0
15.65,17175,0,0,0
15.66,17875,0,0,0
15.67,17100,0,0,0
15.68,17600,0,0,0
15.69,16550,0,0,0
15.7,16500,0,0,0
15.71,16250,0,0,0
15.72,16975,0,0,0
15.73,16800,0,0,0
15.74,16650,0,0,0
15.75,17700,0,0,0
15.76,17475,0,0,0
15.77,17050,0,0,0
15.78,16325,0,0,0
15.79,16400,0,0,0
15.8,16425,0,0,0
15.81,17975,0,0,0
15.82,16775,0,0,0
15.83,16075,0,0,0
15.84,15775,0,0,0
15.85,15800,0,0,0
15.86,15050,0,0,0
15.87,16725,0,0,0
15.88,16200,0,0,0
15.89,15300,0,0,0
15.9,17375,0,0,0
15.91,16025,0,0,0
15.92,16100,0,0,0
15.93,15500,0,0,0
15.94,17075,0,0,0
15.95,16450,0,0,0
15.96,16725,0,0,0
15.97,16975,0,0,0
15.98,17175,0,0,0
15.99,17325,0,0,0
16,16075,0,0,0
16.01,16200,0,0,0
16.02,15500,0,0,0
16.03,17225,0,0,0
16.04,16950,0,0,0
16.05,17000,0,0,0
16.06,17775,0,0,0
16.07,17225,0,0,0
16.08,16950,0,0,0
16.09,17000,0,0,0
16.1,17150,0,0,0
16.11,18000,0,0,0
16.12,17575,0,0,0
16.13,16500,0,0,0
16.14,17500,0,0,0
16.15,16000,0,0,0
16.16,16725,0,0,0
16.17,15975,0,0,0
16.18,15850,0,0,0
16.19,17025,0,0,0
16.2,15425,0,0,0
16.21,17175,0,0,0
16.22,17050,0,0,0
16.23,16725,0,0,0
16.24,17100,0,0,0
16.25,17150,0,0,0
16.26,15975,0,0,0
16.27,16100,0,0,0
16.28,17000,0,0,0
16.29,17375,0,0,0
16.3,16425,0,0,0
16.31,17025,0,0,0
16.32,15975,0,0,0
16.33,16000,0,0,0
16.34,16450,0,0,0
16.35,16650,0,0,0
16.36,16850,0,0,0
16.37,16550,0,0,0
16.38,17150,0,0,0
16.39,16250,0,0,0
16.4,17325,0,0,0
16.41,17275,0,0,0
16.42,16450,0,0,0
16.43,17125,0,0,0
16.44,16450,0,0,0
16.45,17150,0,0,0
16.46,16575,0,0,0
16.47,16750,0,0,0
16.48,16325,0,0,0
16.49,17125,0,0,0
16.5,17100,0,0,0
16.51,15675,0,0,0
16.52,17900,0,0,0
16.53,17400,0,0,0
16.54,16000,0,0,0
16.55,16650,0,0,0
16.56,16975,0,0,0
16.57,16475,0,0,0
16.58,16200,0,0,0
16.59,16125,0,0,0
16.6,18075,0,0,0
16.61,17125,0,0,0
16.62,16675,0,0,0
16.63,16600,0,0,0
16.64,16425,0,0,0
16.65,15300,0,0,0
16.66,16575,0,0,0
16.67,16500,0,0,0
16.68,16525,0,0,0
16.69,16175,0,0,0
16.7,17825,0,0,0
16.71,16725,0,0,0
16.72,16125,0,0,0
16.73,16525,0,0,0
16.74,16125,0,0,0
16.75,15550,0,0,0
16.76,15900,0,0,0
16.77,17175,0,0,0
16.78,15625,0,0,0
16.79,16850,0,0,0
16.8,15825,0,0,0
16.81,16425,0,0,0
16.82,15825,0,0,0
16.83,17475,0,0,0
16.84,16525,0,0,0
16.85,16225,0,0,0
16.86,17450,0,0,0
16.87,16125,0,0,0
16.88,15575,0,0,0
16.89,16925,0,0,0
16.9,16575,0,0,0
16.91,16425,0,0,0
16.92,17175,0,0,0
16.93,18150,0,0,0
16.94,16925,0,0,0
16.95,17375,0,0,0
16.96,16950,0,0,0
16.97,16325,0,0,0
16.98,16600,0,0,0
16.99,16275,0,0,0
17,16150,0,0,0
17.01,16100,0,0,0
17.02,17300,0,0,0
17.03,18300,0,0,0
17.04,16000,0,0,0
17.05,17050,0,0,0
17.06,17325,0,0,0
17.07,17225,0,0,0
17.08,17200,0,0,0
17.09,16775,0,0,0
17.1,16600,0,0,0
17.11,17775,0,0,0
17.12,17400,0,0,0
17.13,16800,0,0,0
17.14,16125,0,0,0
17.15,17375,0,0,0
17.16,17125,0,0,0
17.17,18125,0,0,0
17.18,16675,0,0,0
17.19,16100,0,0,0
17.2,16700,0,0,0
17.21,16350,0,0,0
17.22,16450,0,0,0
17.23,17350,0,0,0
17.24,17075,0,0,0
17.25,16725,0,0,0
17.26,17800,0,0,0
17.27,16400,0,0,0
17.28,16350,0,0,0
17.29,16200,0,0,0
17.3,15975,0,0,0
17.31,16450,0,0,0
17.32,16550,0,0,0
17.33,17175,0,0,0
17.34,16675,0,0,0
17.35,16750,0,0,0
17.36,16575,0,0,0
17.37,17175,0,0,0
17.38,17325,0,0,0
17.39,16850,0,0,0
17.4,15825,0,0,0
17.41,17125,0,0,0
17.42,16050,0,0,0
17.43,16400,0,0,0
17.44,16850,0,0,0
17.45,16025,0,0,0
17.46,15750,0,0,0
17.47,17475,0,0,0
17.48,16950,0,0,0
17.49,16225,0,0,0
17.5,16625,0,0,0
17.51,17525,0,0,0
17.52,17850,0,0,0
17.53,17950,0,0,0
17.54,17650,0,0,0
17.55,16500,0,0,0
17.56,16525,0,0,0
17.57,16875,0,0,0
17.58,16350,0,0,0
17.59,15875,0,0,0
17.6,16275,0,0,0
17.61,16150,0,0,0
17.62,16675,0,0,0
17.63,16625,0,0,0
17.64,16675,0,0,0
17.65,16525,0,0,0
17.66,15800,0,0,0
17.67,16725,0,0,0
17.68,16650,0,0,0
17.69,17000,0,0,0
17.7,17125,0,0,0
17.71,16475,0,0,0
17.72,17775,0,0,0
17.73,16700,0,0,0
17.74,17050,0,0,0
17.75,16625,0,0,0
17.76,17075,0,0,0
17.77,18575,0,0,0
17.78,16775,0,0,0
17.79,15775,0,0,0
17.8,16150,0,0,0
17.81,16175,0,0,0
17.82,16500,0,0,0
17.83,16775,0,0,0
17.84,16850,0,0,0
17.85,16425,0,0,0
17.86,16750,0,0,0
17.87,16850,0,0,0
17.88,16975,0,0,0
17.89,15900,0,0,0
17.9,17100,0,0,0
17.91,16925,0,0,0
17.92,16325,0,0,0
17.93,17775,0,0,0
17.94,16050,0,0,0
17.95,15675,0,0,0
17.96,17050,0,0,0
17.97,17025,0,0,0
17.98,16700,0,0,0
17.99,16000,0,0,0
18,16625,0,0,0
18.01,16900,0,0,0
18.02,16600,0,0,0
18.03,16725,0,0,0
18.04,17400,0,0,0
18.05,16675,0,0,0
18.06,16475,0,0,0
18.07,16775,0,0,0
18.08,16625,0,0,0
18.09,17875,0,0,0
18.1,16875,0,0,0
18.11,17000,0,0,0
18.12,16125,0,0,0
18.13,17125,0,0,0
18.14,16075,0,0,0
18.15,16150,0,0,0
18.16,16100,0,0,0
18.17,16075,0,0,0
18.18,16075,0,0,0
18.19,17200,0,0,0
18.2,16500,0,0,0
18.21,16600,0,0,0
18.22,15375,0,0,0
18.23,16425,0,0,0
18.24,16475,0,0,0
18.25,15150,0,0,0
18.26,16950,0,0,0
18.27,16550,0,0,0
18.28,16000,0,0,0
18.29,16775,0,0,0
18.3,16050,0,0,0
18.31,16600,0,0,0
18.32,17225,0,0,0
18.33,17500,0,0,0
18.34,16750,0,0,0
18.35,16725,0,0,0
18.36,16600,0,0,0
18.37,16800,0,0,0
18.38,16800,0,0,0
18.39,16475,0,0,0
18.4,17300,0,0,0
18.41,17800,0,0,0
18.42,17100,0,0,0
18.43,17000,0,0,0
18.44,16675,0,0,0
18.45,16225,0,0,0
18.46,18725,0,0,0
18.47,17400,0,0,0
18.48,17025,0,0,0
18.49,15350,0,0,0
18.5,16450,0,0,0
18.51,17175,0,0,0
18.52,16125,0,0,0
18.53,16325,0,0,0
18.54,16950,0,0,0
18.55,15775,0,0,0
18.56,16025,0,0,0
18.57,17200,0,0,0
18.58,17075,0,0,0
18.59,16675,0,0,0
18.6,16650,0,0,0
18.61,16025,0,0,0
18.62,17350,0,0,0
18.63,16350,0,0,0
18.64,16700,0,0,0
18.65,16475,0,0,0
18.66,15925,0,0,0
18.67,17075,0,0,0
18.68,17075,0,0,0
18.69,17050,0,0,0
18.7,16575,0,0,0
18.71,16200,0,0,0
18.72,16700,0,0,0
18.73,15975,0,0,0
18.74,17600,0,0,0
18.75,16850,0,0,0
18.76,16575,0,0,0
18.77,15550,0,0,0
18.78,15450,0,0,0
18.79,15825,0,0,0
18.8,16350,0,0,0
18.81,16325,0,0,0
18.82,16400,0,0,0
18.83,15750,0,0,0
18.84,17350,0,0,0
18.85,16925,0,0,0
18.86,16675,0,0,0
18.87,15450,0,0,0
18.88,16350,0,0,0
18.89,16750,0,0,0
18.9,17325,0,0,0
18.91,16600,0,0,0
18.92,16225,0,0,0
18.93,17225,0,0,0
18.94,16125,0,0,0
18.95,16600,0,0,0
18.96,16325,0,0,0
18.97,15875,0,0,0
18.98,16500,0,0,0
18.99,16350,0,0,0
19,17350,0,0,0
19.01,16250,0,0,0
19.02,16050,0,0,0
19.03,16700,0,0,0
19.04,16625,0,0,0
19.05,16175,0,0,0
19.06,16350,0,0,0
19.07,17350,0,0,0
19.08,16650,0,0,0
19.09,17625,0,0,0
19.1,16450,0,0,0
19.11,15900,0,0,0
19.12,17050,0,0,0
19.13,17400,0,0,0
19.14,17000,0,0,0
19.15,15700,0,0,0
19.16,15925,0,0,0
19.17,17400,0,0,0
19.18,16200,0,0,0
19.19,15975,0,0,0
19.2,16750,0,0,0
19.21,17050,0,0,0
19.22,16325,0,0,0
19.23,16175,0,0,0
19.24,16250,0,0,0
19.25,17025,0,0,0
19.26,16975,0,0,0
19.27,17450,0,0,0
19.28,16600,0,0,0
19.29,15675,0,0,0
19.3,16925,0,0,0
19.31,17200,0,0,0
19.32,17025,0,0,0
19.33,15600,0,0,0
19.34,16275,0,0,0
19.35,15625,0,0,0
19.36,15975,0,0,0
19.37,16850,0,0,0
19.38,17575,0,0,0
19.39,16325,0,0,0
19.4,16550,0,0,0
19.41,17100,0,0,0
19.42,16350,0,0,0
19.43,16600,0,0,0
19.44,17025,0,0,0
19.45,17575,0,0,0
19.46,16925,0,0,0
19.47,17100,0,0,0
19.48,16800,0,0,0
19.49,16700,0,0,0
19.5,17300,0,0,0
19.51,16450,0,0,0
19.52,17025,0,0,0
19.53,16650,0,0,0
19.54,17475,0,0,0
19.55,16975,0,0,0
19.56,16300,0,0,0
19.57,15500,0,0,0
19.58,16425,0,0,0
19.59,15725,0,0,0
19.6,16150,0,0,0
19.61,16275,0,0,0
19.62,16075,0,0,0
19.63,16350,0,0,0
19.64,17200,0,0,0
19.65,16975,0,0,0
19.66,17100,0,0,0
19.67,17325,0,0,0
19.68,16200,0,0,0
19.69,16050,0,0,0
19.7,16675,0,0,0
19.71,16725,0,0,0
19.72,15425,0,0,0
19.73,16050,0,0,0
19.74,15875,0,0,0
19.75,16700,0,0,0
19.76,16450,0,0,0
19.77,17275,0,0,0
19.78,16575,0,0,0
19.79,16850,0,0,0
19.8,15850,0,0,0
19.81,16750,0,0,0
19.82,17225,0,0,0
19.83,16275,0,0,0
19.84,16475,0,0,0
19.85,16125,0,0,0
19.86,16975,0,0,0
19.87,16875,0,0,0
19.88,17200,0,0,0
19.89,16225,0,0,0
19.9,16650,0,0,0
19.91,17400,0,0,0
19.92,16300,0,0,0
19.93,16425,0,0,0
19.94,17550,0,0,0
19.95,16725,0,0,0
19.96,16700,0,0,0
19.97,17900,0,0,0
19.98,16225,0,0,0
19.99,16625,0,0,0
20,15875,16967.3,16952.4,-1092.31
20.01,15975,16967,16952.1,-992.03
20.02,16925,16966.7,16951.8,-41.7498
20.03,18000,16966.5,16951.4,1033.53
20.04,16725,16966.2,16951.1,-241.189
20.05,16775,16965.9,16950.7,-190.909
20.06,17975,16965.6,16950.4,1009.37
20.07,16850,16965.3,16950,-115.348
20.08,16575,16965.1,16949.7,-390.068
20.09,17175,16964.8,16949.3,210.212
20.1,17275,16964.5,16949,310.493
20.11,16325,16964.2,16948.6,-639.227
20.12,16800,16963.9,16948.3,-163.947
20.13,17600,16963.7,16947.9,636.332
20.14,15850,16963.4,16947.5,-1113.39
20.15,16325,16963.1,16947.2,-638.108
20.16,16600,16962.8,16946.8,-362.829
20.17,15550,16962.5,16946.5,-1412.55
20.18,16900,16962.3,16946.1,-62.2701
20.19,17025,16962,16945.8,63.009
20.2,15875,16961.7,16945.4,-1086.71
20.21,17450,16961.4,16945.1,488.567
20.22,16600,16961.2,16944.7,-361.154
20.23,15300,16960.9,16944.3,-1660.88
20.24,16525,16960.6,16944,-435.598
20.25,16100,16960.3,16943.6,-860.319
20.26,17275,16960,16943.3,314.959
20.27,16975,16959.8,16942.9,15.2364
20.28,17425,16959.5,16942.6,465.514
20.29,17050,16959.2,16942.2,90.7914
20.3,16500,16958.9,16941.8,-458.931
20.31,16600,16958.7,16941.5,-358.655
20.32,16650,16958.4,16941.1,-308.378
20.33,17175,16958.1,16940.8,216.899
20.34,17525,16957.8,16940.4,567.175
20.35,16225,16957.5,16940,-732.549
20.36,17400,16957.3,16939.7,442.726
20.37,16325,16957,16939.3,-631.998
20.38,16900,16956.7,16938.9,-56.7231
20.39,16475,16956.4,16938.6,-481.448
20.4,16875,16956.2,16938.2,-81.1737
20.41,16075,16955.9,16937.8,-880.9
20.42,17400,16955.6,16937.5,444.374
20.43,16075,16955.4,16937.1,-880.352
20.44,17125,16955.1,16936.8,169.921
20.45,17050,16954.8,16936.4,95.1939
20.46,16750,16954.5,16936,-204.534
20.47,17500,16954.3,16935.6,545.738
20.48,16675,16954,16935.3,-278.99
20.49,17450,16953.7,16934.9,496.281
20.5,17300,16953.4,16934.5,346.552
20.51,16750,16953.2,16934.2,-203.177
20.52,16750,16952.9,16933.8,-202.907
20.53,16925,16952.6,16933.4,-27.6374
20.54,16975,16952.4,16933.1,22.6318
20.55,16050,16952.1,16932.7,-902.099
20.56,16525,16951.8,16932.3,-426.831
20.57,16625,16951.6,16932,-326.563
20.58,17300,16951.3,16931.6,348.704
20.59,17300,16951,16931.2,348.971
20.6,16850,16950.8,16930.8,-100.763
20.61,17275,16950.5,16930.5,324.503
20.62,16025,16950.2,16930.1,-925.232
20.63,16950,16950,16929.7,0.0325165
20.64,17075,16949.7,16929.3,125.297
20.65,16625,16949.4,16929,-324.44
20.66,16775,16949.2,16928.6,-174.177
20.67,17750,16948.9,16928.2,801.085
20.68,16625,16948.7,16927.8,-323.653
20.69,16475,16948.4,16927.5,-473.392
20.7,16000,16948.1,16927.1,-948.131
20.71,16450,16947.9,16926.7,-497.872
20.72,16800,16947.6,16926.3,-147.613
20.73,17125,16947.4,16926,177.646
20.74,15800,16947.1,16925.6,-1147.1
20.75,16800,16946.8,16925.2,-146.839
20.76,16650,16946.6,16924.8,-296.583
20.77,15600,16946.3,16924.4,-1346.33
20.78,15800,16946.1,16924.1,-1146.07
20.79,15975,16945.8,16923.7,-970.819
20.8,16425,16945.6,16923.3,-520.566
20.81,17375,16945.3,16922.9,429.687
20.82,17975,16945.1,16922.5,1029.94
20.83,17075,16944.8,16922.2,130.189
20.84,17325,16944.6,16921.8,380.439
20.85,17025,16944.3,16921.4,80.688
20.86,16500,16944.1,16921,-444.064
20.87,16625,16943.8,16920.6,-318.817
20.88,16425,16943.6,16920.2,-518.57
20.89,16625,16943.3,16919.9,-318.325
20.9,17450,16943.1,16919.5,506.919
20.91,16275,16942.8,16919.1,-667.837
20.92,16900,16942.6,16918.7,-42.5948
20.93,16525,16942.4,16918.3,-417.353
20.94,15775,16942.1,16917.9,-1167.11
20.95,15250,16941.9,16917.5,-1691.87
20.96,16075,16941.6,16917.2,-866.635
20.97,16600,16941.4,16916.8,-341.398
20.98,17875,16941.2,16916.4,933.838
20.99,17425,16940.9,16916,484.073
21,15825,16940.7,16915.6,-1115.69
21.01,15575,16940.5,16915.2,-1365.46
21.02,16125,16940.2,16914.8,-815.23
21.03,17100,16940,16914.4,160
21.04,16975,16939.8,16914,35.2293
21.05,16975,16939.5,16913.7,35.457
21.06,16450,16939.3,16913.3,-489.317
21.07,16750,16939.1,16912.9,-189.092
21.08,16650,16938.9,16912.5,-288.868
21.09,17550,16938.6,16912.1,611.354
21.1,17225,16938.4,16911.7,286.575
21.11,17325,16938.2,16911.3,386.795
21.12,17025,16938,16910.9,87.0128
21.13,17300,16937.8,16910.5,362.229
21.14,16300,16937.6,16910.1,-637.555
21.15,15300,16937.3,16909.7,-1637.34
21.16,15500,16937.1,16909.3,-1437.13
21.17,17450,16936.9,16908.9,513.081
21.18,16625,16936.7,16908.6,-311.71
21.19,16050,16936.5,16908.2,-886.503
21.2,16775,16936.3,16907.8,-161.298
21.21,16175,16936.1,16907.4,-761.094
21.22,16525,16935.9,16907,-410.892
21.23,16075,16935.7,16906.6,-860.691
21.24,17600,16935.5,16906.2,664.507
21.25,16575,16935.3,16905.8,-360.296
21.26,17025,16935.1,16905.4,89.8991
21.27,16250,16934.9,16905,-684.908
21.28,16550,16934.7,16904.6,-384.717
21.29,15800,16934.5,16904.2,-1134.53
21.3,16900,16934.3,16903.8,-34.3402
21.31,17000,16934.2,16903.4,65.845
21.32,16525,16934,16903,-408.972
21.33,16625,16933.8,16902.6,-308.791
21.34,16150,16933.6,16902.2,-783.612
21.35,16950,16933.4,16901.8,16.5648
21.36,16600,16933.3,16901.4,-333.261
21.37,16150,16933.1,16901,-783.088
21.38,17400,16932.9,16900.6,467.082
21.39,16275,16932.8,16900.2,-657.751
21.4,17850,16932.6,16899.8,917.414
21.41,16650,16932.4,16899.4,-282.423
21.42,16725,16932.3,16899,-207.262
21.43,17575,16932.1,16898.6,642.895
21.44,16300,16931.9,16898.2,-631.949
21.45,16000,16931.8,16897.8,-931.796
21.46,16225,16931.6,16897.4,-706.646
21.47,17550,16931.5,16897,618.501
21.48,16125,16931.4,16896.6,-806.354
21.49,16500,16931.2,16896.2,-431.213
21.5,16000,16931.1,16895.8,-931.074
21.51,16575,16930.9,16895.3,-355.937
21.52,16150,16930.8,16894.9,-780.804
21.53,16150,16930.7,16894.5,-780.674
21.54,16775,16930.5,16894.1,-155.547
21.55,16200,16930.4,16893.7,-730.423
21.56,17200,16930.3,16893.3,269.698
21.57,16575,16930.2,16892.9,-355.185
21.58,16675,16930.1,16892.5,-255.071
21.59,17375,16930,16892.1,445.04
21.6,17175,16929.9,16891.7,245.148
21.61,16625,16929.7,16891.3,-304.748
21.62,17100,16929.6,16890.9,170.352
21.63,16875,16929.6,16890.5,-54.551
21.64,16625,16929.5,16890,-304.458
21.65,16575,16929.4,16889.6,-354.368
21.66,16775,16929.3,16889.2,-154.283
21.67,16625,16929.2,16888.8,-304.201
21.68,17875,16929.1,16888.4,945.876
21.69,17175,16929,16888,245.95
21.7,16475,16929,16887.6,-453.98
21.71,16650,16928.9,16887.2,-278.915
21.72,16425,16928.9,16886.8,-503.854
21.73,16125,16928.8,16886.4,-803.797
21.74,16200,16928.7,16885.9,-728.745
21.75,17425,16928.7,16885.5,496.303
21.76,15925,16928.7,16885.1,-1003.65
21.77,16225,16928.6,16884.7,-703.616
21.78,17175,16928.6,16884.3,246.418
21.79,17700,16928.6,16883.9,771.446
21.8,17775,16928.5,16883.5,846.47
21.81,16725,16928.5,16883,-203.511
21.82,17350,16928.5,16882.6,421.502
21.83,16675,16928.5,16882.2,-253.49
21.84,16150,16928.5,16881.8,-778.487
21.85,16925,16928.5,16881.4,-3.49003
21.86,16750,16928.5,16881,-178.498
21.87,17750,16928.5,16880.6,821.487
21.88,17625,16928.5,16880.1,696.467
21.89,15125,16928.6,16879.7,-1803.56
21.9,16800,16928.6,16879.3,-128.591
21.91,16800,16928.6,16878.9,-128.629
21.92,16700,16928.7,16878.5,-228.674
21.93,16950,16928.7,16878,21.2752
21.94,16600,16928.8,16877.6,-328.783
21.95,17350,16928.8,16877.2,421.153
21.96,16875,16928.9,16876.8,-53.9184
21.97,17175,16929,16876.4,246.003
21.98,15900,16929.1,16876,-1029.08
21.99,16125,16929.2,16875.5,-804.175
22,17200,16929.3,16875.1,270.725
22.01,16800,16929.4,16874.7,-129.383
22.02,17525,16929.5,16874.3,595.501
22.03,16200,16929.6,16873.9,-729.623
22.04,16625,16929.8,16873.4,-304.755
22.05,15275,16929.9,16873,-1654.9
22.06,16200,16930,16872.6,-730.044
22.07,15850,16930.2,16872.2,-1080.2
22.08,16800,16930.4,16871.8,-130.367
22.09,17025,16930.5,16871.3,94.4573
22.1,18325,16930.7,16870.9,1394.27
22.11,17225,16930.9,16870.5,294.079
22.12,15675,16931.1,16870.1,-1256.12
22.13,16025,16931.3,16869.6,-906.339
22.14,16525,16931.6,16869.2,-406.562
22.15,16950,16931.8,16868.8,18.2037
22.16,16100,16932,16868.4,-832.041
22.17,15275,16932.3,16867.9,-1657.3
22.18,16975,16932.6,16867.5,42.4371
22.19,17150,16932.8,16867.1,217.159
22.2,17125,16933.1,16866.7,191.87
22.21,17300,16933.4,16866.2,366.569
22.22,16575,16933.7,16865.8,-358.745
22.23,16525,16934.1,16865.4,-409.071
22.24,17750,16934.4,16865,815.591
22.25,17050,16934.8,16864.5,115.239
22.26,16650,16935.1,16864.1,-285.126
22.27,16950,16935.5,16863.7,14.496
22.28,16450,16935.9,16863.3,-485.896
22.29,16875,16936.3,16862.8,-61.3032
22.3,15975,16936.7,16862.4,-961.725
22.31,16750,16937.2,16862,-187.161
22.32,17300,16937.6,16861.6,362.387
22.33,16950,16938.1,16861.1,11.9196
22.34,17900,16938.6,16860.7,961.436
22.35,17550,16939.1,16860.3,610.936
22.36,16525,16939.6,16859.8,-414.582
22.37,16150,16940.1,16859.4,-790.116
22.38,16050,16940.7,16859,-890.669
22.39,16575,16941.2,16858.6,-366.24
22.4,16275,16941.8,16858.1,-666.829
22.41,16425,16942.4,16857.7,-517.438
22.42,16250,16943.1,16857.3,-693.067
22.43,16525,16943.7,16856.8,-418.715
22.44,16325,16944.4,16856.4,-619.385
22.45,16650,16945.1,16856,-295.076
22.46,16225,16945.8,16855.5,-720.789
22.47,18000,16946.5,16855.1,1053.48
22.48,16550,16947.3,16854.7,-397.284
22.49,16250,16948.1,16854.3,-698.066
22.5,17425,16948.9,16853.8,476.127
22.51,17075,16949.7,16853.4,125.295
22.52,16275,16950.6,16853,-675.563
22.53,15600,16951.4,16852.5,-1351.45
22.54,15400,16952.4,16852.1,-1552.36
22.55,16350,16953.3,16851.7,-603.298
22.56,17000,16954.3,16851.2,45.733
22.57,17000,16955.3,16850.8,44.7349
22.58,16000,16956.3,16850.4,-956.294
22.59,16500,16957.4,16849.9,-457.354
22.6,16500,16958.4,16849.5,-458.446
22.61,16575,16959.6,16849.1,-384.572
22.62,16600,16960.7,16848.6,-360.732
22.63,16575,16961.9,16848.2,-386.927
22.64,16425,16963.2,16847.8,-538.159
22.65,16925,16964.4,16847.3,-39.4284
22.66,16775,16965.7,16846.9,-190.736
22.67,17575,16967.1,16846.4,607.916
22.68,16950,16968.5,16846,-18.4726
22.69,16550,16969.9,16845.6,-419.904
22.7,16775,16971.4,16845.1,-196.378
22.71,16600,16972.9,16844.7,-372.898
22.72,17600,16974.5,16844.3,625.535
22.73,17225,16976.1,16843.8,248.921
22.74,16000,16977.7,16843.4,-977.743
22.75,16325,16979.5,16843,-654.458
22.76,16525,16981.2,16842.5,-456.226
22.77,16075,16983,16842.1,-908.049
22.78,15975,16984.9,16841.6,-1009.93
22.79,16850,16986.9,16841.2,-136.866
22.8,16250,16988.9,16840.8,-738.864
22.81,16925,16990.9,16840.3,-65.9248
22.82,16700,16993.1,16839.9,-293.05
22.83,17050,16995.2,16839.5,54.7576
22.84,16475,16997.5,16839,-522.504
22.85,17225,16999.8,16838.6,225.163
22.86,16325,17002.2,16838.1,-677.245
22.87,16875,17004.7,16837.7,-129.73
22.88,16300,17007.3,16837.3,-707.295
22.89,16250,17009.9,16836.8,-759.943
22.9,16675,17012.7,16836.4,-337.676
22.91,17000,17015.5,16835.9,-15.499
22.92,16200,17018.4,16835.5,-818.414
22.93,16775,17021.4,16835.1,-246.426
22.94,17350,17024.5,16834.6,325.463
22.95,17050,17027.8,16834.2,22.2474
22.96,17450,17031.1,16833.7,418.924
22.97,16975,17034.5,16833.3,-59.511
22.98,18075,17038.1,16832.9,1036.94
22.99,16850,17041.7,16832.4,-191.736
23,16775,17045.5,16832,-270.536
23.01,16550,17049.5,16831.5,-499.468
23.02,16625,17053.5,16831.1,-428.537
23.03,16725,17057.7,16830.6,-332.749
23.04,16150,17062.1,16830.2,-912.11
23.05,17725,17066.6,16829.8,658.373
23.06,16775,17071.3,16829.3,-296.306
23.07,14975,17076.2,16828.9,-2101.16
23.08,16600,17081.2,16828.4,-481.181
23.09,17175,17086.4,16828,88.6071
23.1,17475,17091.8,16827.5,383.202
23.11,17275,17097.4,16827.1,177.594
23.12,16600,17103.2,16826.7,-503.227
23.13,17750,17109.3,16826.2,640.73
23.14,17325,17115.5,16825.8,209.455
23.15,17375,17122.1,16825.3,252.935
23.16,16925,17128.8,16824.9,-203.842
23.17,17375,17135.9,16824.4,239.113
23.18,16800,17143.2,16824,-343.215
23.19,18375,17150.8,16823.6,1224.16
23.2,17225,17158.8,16823.1,66.2221
23.21,17150,17167,16822.7,-17.0443
23.22,18425,17175.7,16822.2,1249.34
23.23,15550,17184.6,16821.8,-1634.63
23.24,16575,17194,16821.3,-618.996
23.25,16950,17203.8,16820.9,-253.764
23.26,16850,17214,16820.4,-363.961
23.27,16925,17224.6,16820,-299.611
23.28,16725,17235.7,16819.5,-510.74
23.29,17025,17247.4,16819.1,-222.376
23.3,17275,17259.5,16818.6,15.4513
23.31,17275,17272.3,16818.2,2.7086
23.32,17025,17285.6,16817.8,-260.638
23.33,18025,17299.6,16817.3,725.373
23.34,17900,17314.3,16816.9,585.701
23.35,16975,17329.7,16816.4,-354.696
23.36,17225,17345.9,16816,-120.866
23.37,17125,17362.9,16815.5,-237.861
23.38,18025,17380.7,16815.1,644.264
23.39,18825,17399.6,16814.6,1425.45
23.4,16600,17419.4,16814.2,-819.37
23.41,16900,17440.3,16813.7,-540.267
23.42,17375,17462.3,16813.3,-87.3176
23.43,17725,17485.6,16812.8,239.393
23.44,17750,17510.2,16812.4,239.772
23.45,17225,17536.3,16811.9,-311.282
23.46,17325,17563.9,16811.5,-238.88
23.47,17650,17593.1,16811,56.8553
23.48,17425,17624.2,16810.6,-199.21
23.49,17375,17657.2,16810.1,-282.224
23.5,17625,17692.4,16809.7,-67.3519
23.51,18025,17729.8,16809.2,295.226
23.52,17500,17769.7,16808.8,-269.693
23.53,17275,17812.3,16808.3,-537.331
23.54,17700,17857.9,16807.9,-157.939
23.55,17075,17906.8,16807.4,-831.796
23.56,16300,17959.2,16807,-1659.21
23.57,17500,18015.5,16806.5,-515.542
23.58,17475,18076.2,16806.1,-601.176
23.59,18425,18141.6,16805.6,283.438
23.6,19050,18212.2,16805.2,837.796
23.61,19000,18288.7,16804.7,711.325
23.62,18425,18371.6,16804.3,53.3716
23.63,17575,18461.8,16803.8,-886.81
23.64,19475,18560.1,16803.4,914.922
23.65,18050,18667.4,16802.9,-617.419
23.66,16975,18785,16802.5,-1809.97
23.67,18425,18914.1,16802,-489.068
23.68,20025,19056.2,16801.6,968.751
23.69,19725,19213.3,16801.1,511.671
23.7,19450,19387.4,16800.7,62.5587
23.71,18300,19581.1,16800.2,-1281.11
23.72,21175,19797.4,16799.8,1377.64
23.73,21075,20039.8,16799.3,1035.23
23.74,21400,20312.7,16798.9,1087.31
23.75,21750,20621.4,16798.4,1128.61
23.76,22400,20972.3,16798,1427.7
23.77,21975,21373.3,16797.5,601.677
23.78,22175,21834.3,16797.1,340.727
23.79,23825,22367.4,16796.6,1457.59
23.8,25150,22988.2,16796.2,2161.83
23.81,25175,23716.2,16795.7,1458.78
23.82,26900,24576.7,16795.2,2323.27
23.83,28525,25602.3,16794.8,2922.73
23.84,30000,26835.3,16794.3,3164.72
23.85,32300,28331.4,16793.9,3968.62
23.86,35625,30163.6,16793.4,5461.36
23.87,37975,32427.8,16793,5547.22
23.88,43150,35247.4,16792.5,7902.59
23.89,49125,38776.5,16792.1,10348.5
23.9,51900,43191.6,16791.6,8708.4
23.91,60625,48656.5,16791.2,11968.5
23.92,65250,55227,16790.7,10023
23.93,70075,62657.8,16790.3,7417.16
23.94,78225,70143,16789.8,8082.04
23.95,82525,76244.8,16789.3,6280.22
23.96,88250,79468.5,16788.9,8781.54
23.97,89375,79360.4,16788.4,10014.6
23.98,96000,76917.4,16788,19082.6
23.99,94125,73669.7,16787.5,20455.3
24,90825,70520.1,16787.1,20304.9
24.01,84600,67374,16786.6,17226
24.02,77500,63592.3,16786.2,13907.7
24.03,74250,58802.4,16785.7,15447.6
24.04,66875,53314.4,16785.2,13560.6
24.05,60875,47804,16784.8,13071
24.06,56775,42813.9,16784.3,13961.1
24.07,51425,38577.8,16783.9,12847.2
24.08,44650,35102.9,16783.4,9547.06
24.09,39300,32293.3,16783,7006.7
24.1,34800,30027.5,16782.5,4772.46
24.11,31675,28193.4,16782.1,3481.59
24.12,31100,26698.1,16781.6,4401.88
24.13,27725,25468.6,16781.1,2256.41
24.14,26925,24448.4,16780.7,2476.58
24.15,25100,23594.4,16780.2,1505.64
24.16,24025,22873.2,16779.8,1151.79
24.17,23775,22259.3,16779.3,1515.67
24.18,22700,21732.8,16778.9,967.188
24.19,20675,21278,16778.4,-603.047
24.2,21025,20882.7,16778,142.304
24.21,20475,20536.9,16777.5,-61.9255
24.22,20625,20232.8,16777,392.17
24.23,21000,19964,16776.6,1036
24.24,19850,19725.2,16776.1,124.784
24.25,19125,19512.2,16775.7,-387.164
24.26,18800,19321.3,16775.2,-521.283
24.27,18850,19149.6,16774.8,-299.604
24.28,18650,18994.6,16774.3,-344.635
24.29,18700,18854.3,16773.8,-154.275
24.3,17875,18726.7,16773.4,-851.743
24.31,17550,18610.5,16772.9,-1060.52
24.32,17875,18504.3,16772.5,-629.3
24.33,17950,18407,16772,-456.969
24.34,17900,18317.6,16771.5,-417.558
24.35,18575,18235.2,16771.1,339.773
24.36,17975,18159.2,16770.6,-184.244
24.37,18675,18089,16770.2,586.03
24.38,18725,18023.8,16769.7,701.155
24.39,17125,17963.4,16769.3,-838.375
24.4,17875,17907.1,16768.8,-32.1226
24.41,17700,17854.7,16768.3,-154.703
24.42,18475,17805.8,16767.9,669.227
24.43,17975,17760,16767.4,214.974
24.44,17825,17717.2,16767,107.809
24.45,16525,17677,16766.5,-1152.02
24.46,16950,17639.3,16766,-689.302
24.47,17550,17603.8,16765.6,-53.8326
24.48,17150,17570.4,16765.1,-420.436
24.49,18075,17539,16764.7,536.048
24.5,16925,17509.2,16764.2,-584.235
24.51,16775,17481.2,16763.8,-706.155
24.52,17325,17454.6,16763.3,-129.59
24.53,17525,17429.4,16762.8,95.5678
24.54,17200,17405.6,16762.4,-205.582
24.55,18000,17382.9,16761.9,617.05
24.56,18300,17361.5,16761.5,938.549
24.57,16775,17341,16761,-566.01
24.58,17650,17321.6,16760.5,328.442
24.59,16475,17303,16760.1,-828.03
24.6,16000,17285.4,16759.6,-1285.37
24.61,16900,17268.5,16759.2,-368.515
24.62,16300,17252.4,16758.7,-952.424
24.63,16875,17237,16758.2,-362.047
24.64,17225,17222.3,16757.8,2.65789
24.65,18275,17208.3,16757.3,1066.73
24.66,16600,17194.8,16756.9,-594.79
24.67,17975,17181.9,16756.4,793.127
24.68,16725,17169.5,16755.9,-444.484
24.69,17825,17157.6,16755.5,667.405
24.7,18025,17146.2,16755,878.822
24.71,16425,17135.2,16754.6,-710.208
24.72,17550,17124.7,16754.1,425.34
24.73,17700,17114.5,16753.6,585.487
24.74,15650,17104.7,16753.2,-1454.74
24.75,16550,17095.3,16752.7,-545.336
24.76,17225,17086.3,16752.3,138.731
24.77,18825,17077.5,16751.8,1747.47
24.78,17200,17069.1,16751.3,130.909
24.79,16325,17060.9,16750.9,-735.95
24.8,15800,17053.1,16750.4,-1253.09
24.81,17400,17045.5,16750,354.509
24.82,16875,17038.1,16749.5,-163.147
24.83,17375,17031,16749,343.955
24.84,18050,17024.2,16748.6,1025.83
24.85,15875,17017.5,16748.1,-1142.52
24.86,16325,17011.1,16747.7,-686.077
24.87,16875,17004.8,16747.2,-129.834
24.88,17475,16998.8,16746.7,476.217
24.89,16975,16992.9,16746.3,-17.9153
24.9,17400,16987.2,16745.8,412.777
24.91,16900,16981.7,16745.4,-81.6978
24.92,16550,16976.3,16744.9,-426.334
24.93,16500,16971.1,16744.4,-471.123
24.94,17450,16966.1,16744,483.939
24.95,16800,16961.1,16743.5,-161.14
24.96,16725,16956.4,16743.1,-231.355
24.97,16200,16951.7,16742.6,-751.7
24.98,17825,16947.2,16742.1,877.83
24.99,16850,16942.8,16741.7,-92.7607
25,16575,16938.5,16741.2,-363.467
25.01,17725,16934.3,16740.8,790.716
25.02,17575,16930.2,16740.3,644.792
25.03,16850,16926.2,16739.8,-76.2353
25.04,17575,16922.4,16739.4,652.639
25.05,17325,16918.6,16738.9,406.417
25.06,17100,16914.9,16738.5,185.104
25.07,16625,16911.3,16738,-286.297
25.08,16325,16907.8,16737.5,-582.784
25.09,16600,16904.4,16737.1,-304.353
25.1,17775,16901,16736.6,873.999
25.11,16525,16897.7,16736.1,-372.726
25.12,16100,16894.5,16735.7,-794.524
25.13,16200,16891.4,16735.2,-691.394
25.14,16850,16888.3,16734.8,-38.3325
25.15,16875,16885.3,16734.3,-10.3375
25.16,16550,16882.4,16733.8,-332.407
25.17,16550,16879.5,16733.4,-329.538
25.18,16975,16876.7,16732.9,98.2702
25.19,17350,16874,16732.5,476.021
25.2,17125,16871.3,16732,253.715
25.21,16975,16868.6,16731.5,106.355
25.22,16225,16866.1,16731.1,-641.058
25.23,17800,16863.5,16730.6,936.479
25.24,17600,16861,16730.2,738.966
25.25,17100,16858.6,16729.7,241.405
25.26,17200,16856.2,16729.2,343.798
25.27,17000,16853.9,16728.8,146.146
25.28,17025,16851.5,16728.3,173.45
25.29,15500,16849.3,16727.9,-1349.29
25.3,16525,16847.1,16727.4,-322.066
25.31,17800,16844.9,16726.9,955.116
25.32,17050,16842.7,16726.5,207.259
25.33,15825,16840.6,16726,-1015.64
25.34,17300,16838.6,16725.5,461.435
25.35,16925,16836.5,16725.1,88.4688
25.36,16850,16834.5,16724.6,15.4689
25.37,15975,16832.6,16724.2,-857.564
25.38,16900,16830.6,16723.7,69.3703
25.39,16050,16828.7,16723.2,-778.726
25.4,16600,16826.9,16722.8,-226.854
25.41,16300,16825,16722.3,-525.011
25.42,16875,16823.2,16721.9,51.8033
25.43,16975,16821.4,16721.4,153.589
25.44,17150,16819.7,16720.9,330.348
25.45,16100,16817.9,16720.5,-717.92
25.46,16150,16816.2,16720,-666.213
25.47,17350,16814.5,16719.6,535.468
25.48,17425,16812.9,16719.1,612.125
25.49,16175,16811.2,16718.6,-636.242
25.5,16950,16809.6,16718.2,140.368
25.51,16500,16808,16717.7,-308.045
25.52,16175,16806.5,16717.2,-631.48
25.53,16550,16804.9,16716.8,-254.937
25.54,16450,16803.4,16716.3,-353.414
25.55,16400,16801.9,16715.9,-401.912
25.56,15875,16800.4,16715.4,-925.429
25.57,16625,16799,16714.9,-173.966
25.58,16675,16797.5,16714.5,-122.522
25.59,16875,16796.1,16714,78.9038
25.6,16875,16794.7,16713.6,80.3115
25.61,15850,16793.3,16713.1,-943.298
25.62,18375,16791.9,16712.6,1583.07
25.63,16950,16790.6,16712.2,159.431
25.64,17775,16789.2,16711.7,985.771
25.65,17025,16787.9,16711.3,237.095
25.66,16025,16786.6,16710.8,-761.596
25.67,17200,16785.3,16710.3,414.697
25.68,16800,16784,16709.9,15.9757
25.69,16250,16782.8,16709.4,-532.76
25.7,16675,16781.5,16709,-106.51
25.71,16525,16780.3,16708.5,-255.274
25.72,16500,16779.1,16708,-279.052
25.73,16000,16777.8,16707.6,-777.842
25.74,16950,16776.6,16707.1,173.354
25.75,17950,16775.5,16706.7,1174.54
25.76,18500,16774.3,16706.2,1725.71
25.77,16675,16773.1,16705.7,-98.1312
25.78,17175,16772,16705.3,403.016
25.79,16125,16770.8,16704.8,-645.848
25.8,17175,16769.7,16704.4,405.277
25.81,17025,16768.6,16703.9,256.391
25.82,16450,16767.5,16703.4,-317.506
25.83,17125,16766.4,16703,358.586
25.84,16700,16765.3,16702.5,-65.3319
25.85,17275,16764.3,16702.1,510.74
25.86,16450,16763.2,16701.6,-313.198
25.87,16700,16762.1,16701.1,-62.1461
25.88,17225,16761.1,16700.7,463.897
25.89,16050,16760.1,16700.2,-710.07
25.9,16025,16759,16699.8,-734.046
25.91,16450,16758,16699.3,-308.031
25.92,17200,16757,16698.8,442.976
25.93,17425,16756,16698.4,668.974
25.94,16775,16755,16697.9,19.9633
25.95,16975,16754.1,16697.5,220.945
25.96,16775,16753.1,16697,21.9177
25.97,15650,16752.1,16696.5,-1102.12
25.98,17300,16751.2,16696.1,548.84
25.99,16950,16750.2,16695.6,199.79
26,16700,16749.3,16695.2,-49.2673
26.01,16750,16748.3,16694.7,1.6678
26.02,16675,16747.4,16694.2,-72.4043
26.03,16175,16746.5,16693.8,-571.483
26.04,16550,16745.6,16693.3,-195.569
26.05,16550,16744.7,16692.9,-194.662
26.06,16300,16743.8,16692.4,-443.762
26.07,16450,16742.9,16691.9,-292.868
26.08,16575,16742,16691.5,-166.98
26.09,16600,16741.1,16691,-141.099
26.1,17300,16740.2,16690.6,559.776
26.11,15850,16739.4,16690.1,-889.355
26.12,17125,16738.5,16689.6,386.509
26.13,17000,16737.6,16689.2,262.366
26.14,16850,16736.8,16688.7,113.217
26.15,15975,16735.9,16688.3,-760.937
26.16,17100,16735.1,16687.8,364.904
26.17,16275,16734.3,16687.4,-459.261
26.18,17075,16733.4,16686.9,341.568
26.19,16150,16732.6,16686.4,-582.607
26.2,17650,16731.8,16686,918.212
26.21,16475,16731,16685.5,-255.974
26.22,16025,16730.2,16685.1,-705.164
26.23,16575,16729.4,16684.6,-154.36
26.24,16850,16728.6,16684.1,121.439
26.25,17050,16727.8,16683.7,322.234
26.26,17050,16727,16683.2,323.024
26.27,16400,16726.2,16682.8,-326.19
26.28,16000,16725.4,16682.3,-725.409
26.29,17375,16724.6,16681.9,650.368
26.3,17375,16723.9,16681.4,651.14
26.31,17525,16723.1,16680.9,801.908
26.32,15750,16722.3,16680.5,-972.328
26.33,17425,16721.6,16680,703.432
26.34,16800,16720.8,16679.6,79.188
26.35,16350,16720.1,16679.1,-370.06
26.36,16875,16719.3,16678.7,155.688
26.37,16275,16718.6,16678.2,-443.568
26.38,16125,16717.8,16677.7,-592.828
26.39,15675,16717.1,16677.3,-1042.09
26.4,16850,16716.4,16676.8,133.641
26.41,16100,16715.6,16676.4,-615.63
26.42,16925,16714.9,16675.9,210.096
26.43,16725,16714.2,16675.5,10.8176
26.44,16575,16713.5,16675,-138.464
26.45,17375,16712.7,16674.5,662.251
26.46,17575,16712,16674.1,862.963
26.47,16625,16711.3,16673.6,-86.3284
26.48,15700,16710.6,16673.2,-1010.62
26.49,17850,16709.9,16672.7,1140.08
26.5,16975,16709.2,16672.3,265.778
26.51,17550,16708.5,16671.8,841.474
26.52,17775,16707.8,16671.3,1067.17
26.53,16575,16707.1,16670.9,-132.144
26.54,16100,16706.5,16670.4,-606.457
26.55,17100,16705.8,16670,394.227
26.56,16275,16705.1,16669.5,-430.092
26.57,17000,16704.4,16669.1,295.586
26.58,17575,16703.7,16668.6,871.261
26.59,16750,16703.1,16668.2,46.9336
26.6,17625,16702.4,16667.7,922.603
26.61,16500,16701.7,16667.2,-201.729
26.62,16900,16701.1,16666.8,198.935
26.63,17300,16700.4,16666.3,599.597
26.64,17500,16699.7,16665.9,800.256
26.65,17150,16699.1,16665.4,450.913
26.66,17450,16698.4,16665,751.567
26.67,16725,16697.8,16664.5,27.219
26.68,16725,16697.1,16664.1,27.8683
26.69,18125,16696.5,16663.6,1428.52
26.7,16425,16695.8,16663.1,-270.84
26.71,16525,16695.2,16662.7,-170.198
26.72,16225,16694.6,16662.2,-469.558
26.73,17175,16693.9,16661.8,481.08
26.74,16725,16693.3,16661.3,31.7152
26.75,17775,16692.7,16660.9,1082.35
26.76,17925,16692,16660.4,1232.98
26.77,16575,16691.4,16660,-116.392
26.78,16500,16690.8,16659.5,-190.765
26.79,16925,16690.1,16659.1,234.86
26.8,17450,16689.5,16658.6,760.482
26.81,17125,16688.9,16658.1,436.103
26.82,16950,16688.3,16657.7,261.721
26.83,16225,16687.7,16657.2,-462.662
26.84,17425,16687,16656.8,737.952
26.85,17325,16686.4,16656.3,638.565
26.86,16550,16685.8,16655.9,-135.824
26.87,16350,16685.2,16655.4,-335.215
26.88,16450,16684.6,16655,-234.609
26.89,16750,16684,16654.5,65.9965
26.9,16800,16683.4,16654.1,116.6
26.91,17150,16682.8,16653.6,467.201
26.92,16900,16682.2,16653.2,217.801
26.93,18400,16681.6,16652.7,1718.4
26.94,17300,16681,16652.3,618.995
26.95,16175,16680.4,16651.8,-505.411
26.96,17500,16679.8,16651.4,820.182
26.97,17100,16679.2,16650.9,420.773
26.98,15325,16678.6,16650.4,-1353.64
26.99,16775,16678.1,16650,96.9499
27,16225,16677.5,16649.5,-452.464
27.01,16400,16676.9,16649.1,-276.879
27.02,16775,16676.3,16648.6,98.7034
27.03,16600,16675.7,16648.2,-75.7153
27.04,16700,16675.1,16647.7,24.8645
27.05,16850,16674.6,16647.3,175.443
27.06,17925,16674,16646.8,1251.02
27.07,16575,16673.4,16646.4,-98.4053
27.08,15825,16672.8,16645.9,-847.832
27.09,16000,16672.3,16645.5,-672.259
27.1,16500,16671.7,16645,-171.689
27.11,16475,16671.1,16644.6,-196.119
27.12,16050,16670.6,16644.1,-620.551
27.13,16175,16670,16643.7,-494.985
27.14,16650,16669.4,16643.2,-19.4195
27.15,17375,16668.9,16642.8,706.144
27.16,16000,16668.3,16642.3,-668.293
27.17,16675,16667.7,16641.9,7.26773
27.18,18175,16667.2,16641.4,1507.83
27.19,17800,16666.6,16641,1133.39
27.2,17200,16666.1,16640.5,533.943
27.21,17300,16665.5,16640.1,634.499
27.22,17950,16664.9,16639.6,1285.05
27.23,17225,16664.4,16639.2,560.607
27.24,16325,16663.8,16638.7,-338.841
27.25,17050,16663.3,16638.3,386.709
27.26,17875,16662.7,16637.8,1212.26
27.27,17075,16662.2,16637.4,412.807
27.28,17625,16661.6,16636.9,963.354
27.29,16500,16661.1,16636.5,-161.1
27.3,17550,16660.6,16636,889.445
27.31,17100,16660,16635.6,439.988
27.32,17300,16659.5,16635.1,640.531
27.33,16075,16658.9,16634.7,-583.928
27.34,14750,16658.4,16634.2,-1908.39
27.35,17650,16657.8,16633.8,992.151
27.36,17650,16657.3,16633.3,992.689
27.37,17475,16656.8,16632.9,818.225
27.38,16575,16656.2,16632.4,-81.2389
27.39,17550,16655.7,16632,894.296
27.4,17200,16655.2,16631.6,544.829
27.41,17000,16654.6,16631.1,345.361
27.42,16625,16654.1,16630.7,-29.1073
27.43,16325,16653.6,16630.2,-328.577
27.44,17750,16653,16629.8,1096.95
27.45,17025,16652.5,16629.3,372.48
27.46,17575,16652,16628.9,923.007
27.47,16050,16651.5,16628.4,-601.466
27.48,17725,16650.9,16628,1074.06
27.49,16875,16650.4,16627.5,224.583
27.5,17225,16649.9,16627.1,575.106
27.51,17575,16649.4,16626.6,925.628
27.52,15975,16648.9,16626.2,-673.851
27.53,16325,16648.3,16625.7,-323.331
27.54,16350,16647.8,16625.3,-297.811
27.55,17550,16647.3,16624.9,902.707
27.56,17200,16646.8,16624.4,553.224
27.57,17350,16646.3,16624,703.741
27.58,15575,16645.7,16623.5,-1070.74
27.59,17050,16645.2,16623.1,404.771
27.6,15275,16644.7,16622.6,-1369.72
27.61,16850,16644.2,16622.2,205.797
27.62,16675,16643.7,16621.7,31.3087
27.63,17025,16643.2,16621.3,381.82
27.64,16000,16642.7,16620.9,-642.67
27.65,15925,16642.2,16620.4,-717.161
27.66,16725,16641.7,16620,83.347
27.67,16150,16641.1,16619.5,-491.146
27.68,17550,16640.6,16619.1,909.361
27.69,16800,16640.1,16618.6,159.866
27.7,16600,16639.6,16618.2,-39.6287
27.71,16700,16639.1,16617.7,60.8752
27.72,17800,16638.6,16617.3,1161.38
27.73,17400,16638.1,16616.9,761.881
27.74,18050,16637.6,16616.4,1412.38
27.75,16575,16637.1,16616,-62.1174
27.76,17000,16636.6,16615.5,363.382
27.77,17425,16636.1,16615.1,788.881
27.78,17775,16635.6,16614.7,1139.38
27.79,16725,16635.1,16614.2,89.8768
27.8,16775,16634.6,16613.8,140.373
27.81,15650,16634.1,16613.3,-984.131
27.82,16925,16633.6,16612.9,291.364
27.83,17200,16633.1,16612.4,566.858
27.84,17425,16632.6,16612,792.352
27.85,17225,16632.2,16611.6,592.844
27.86,17300,16631.7,16611.1,668.336
27.87,17450,16631.2,16610.7,818.827
27.88,17475,16630.7,16610.2,844.318
27.89,17125,16630.2,16609.8,494.807
27.9,16650,16629.7,16609.4,20.2959
27.91,16525,16629.2,16608.9,-104.216
27.92,16075,16628.7,16608.5,-553.729
27.93,16000,16628.2,16608,-628.242
27.94,18450,16627.8,16607.6,1822.24
27.95,15800,16627.3,16607.2,-827.271
27.96,16750,16626.8,16606.7,123.213
27.97,16300,16626.3,16606.3,-326.303
27.98,17300,16625.8,16605.8,674.18
27.99,16875,16625.3,16605.4,249.662
28,18150,16624.9,16605,1525.14
28.01,16800,16624.4,16604.5,175.624
28.02,17375,16623.9,16604.1,751.104
28.03,17175,16623.4,16603.6,551.584
28.04,17850,16622.9,16603.2,1227.06
28.05,18125,16622.5,16602.8,1502.54
28.06,17700,16622,16602.3,1078.02
28.07,16600,16621.5,16601.9,-21.5059
28.08,16675,16621,16601.5,53.97
28.09,16950,16620.6,16601,329.445
28.1,16775,16620.1,16600.6,154.92
28.11,16250,16619.6,16600.1,-369.606
28.12,17000,16619.1,16599.7,380.867
28.13,17550,16618.7,16599.3,931.339
28.14,17400,16618.2,16598.8,781.811
28.15,18400,16617.7,16598.4,1782.28
28.16,17100,16617.2,16598,482.753
28.17,17300,16616.8,16597.5,683.222
28.18,16725,16616.3,16597.1,108.692
28.19,16350,16615.8,16596.6,-265.84
28.2,16425,16615.4,16596.2,-190.372
28.21,16975,16614.9,16595.8,360.095
28.22,16150,16614.4,16595.3,-464.438
28.23,16575,16614,16594.9,-38.9725
28.24,16325,16613.5,16594.5,-288.507
28.25,16700,16613,16594,86.9573
28.26,16875,16612.6,16593.6,262.421
28.27,17175,16612.1,16593.2,562.885
28.28,15975,16611.7,16592.7,-636.653
28.29,17275,16611.2,16592.3,663.809
28.3,16800,16610.7,16591.9,189.271
28.31,17600,16610.3,16591.4,989.731
28.32,16275,16609.8,16591,-334.808
28.33,16775,16609.3,16590.6,165.651
28.34,16800,16608.9,16590.1,191.11
28.35,15775,16608.4,16589.7,-833.432
28.36,17325,16608,16589.3,717.026
28.37,17275,16607.5,16588.8,667.483
28.38,17050,16607.1,16588.4,442.939
28.39,17000,16606.6,16588,393.395
28.4,17050,16606.1,16587.5,443.85
28.41,16725,16605.7,16587.1,119.305
28.42,16775,16605.2,16586.7,169.759
28.43,16800,16604.8,16586.2,195.212
28.44,16775,16604.3,16585.8,170.665
28.45,17225,16603.9,16585.4,621.117
28.46,16275,16603.4,16584.9,-328.432
28.47,17225,16603,16584.5,622.019
28.48,16625,16602.5,16584.1,22.4695
28.49,15750,16602.1,16583.6,-852.081
28.5,16300,16601.6,16583.2,-301.632
28.51,16850,16601.2,16582.8,248.817
28.52,16300,16600.7,16582.4,-300.735
28.53,17800,16600.3,16581.9,1199.71
28.54,17200,16599.8,16581.5,600.158
28.55,16300,16599.4,16581.1,-299.395
28.56,17125,16598.9,16580.6,526.05
28.57,17600,16598.5,16580.2,1001.49
28.58,15700,16598.1,16579.8,-898.061
28.59,17625,16597.6,16579.3,1027.38
28.6,16600,16597.2,16578.9,2.82598
28.61,16725,16596.7,16578.5,128.268
28.62,17275,16596.3,16578.1,678.71
28.63,16575,16595.8,16577.6,-20.8483
28.64,16650,16595.4,16577.2,54.5924
28.65,18525,16595,16576.8,1930.03
28.66,17275,16594.5,16576.3,680.472
28.67,18050,16594.1,16575.9,1455.91
28.68,17500,16593.7,16575.5,906.349
28.69,17275,16593.2,16575.1,681.787
28.7,17950,16592.8,16574.6,1357.22
28.71,16525,16592.3,16574.2,-67.339
28.72,16050,16591.9,16573.8,-541.903
28.73,16900,16591.5,16573.4,308.532
28.74,16450,16591,16572.9,-141.033
28.75,16800,16590.6,16572.5,209.402
28.76,17325,16590.2,16572.1,734.835
28.77,17075,16589.7,16571.7,485.268
28.78,15800,16589.3,16571.2,-789.299
28.79,16175,16588.9,16570.8,-413.867
28.8,17425,16588.4,16570.4,836.564
28.81,17275,16588,16570,686.995
28.82,17225,16587.6,16569.5,637.425
28.83,16475,16587.1,16569.1,-112.145
28.84,17075,16586.7,16568.7,488.284
28.85,16425,16586.3,16568.3,-161.288
28.86,15775,16585.9,16567.8,-810.86
28.87,16275,16585.4,16567.4,-310.433
28.88,16250,16585,16567,-335.006
28.89,18225,16584.6,16566.6,1640.42
28.9,16350,16584.2,16566.1,-234.155
28.91,18025,16583.7,16565.7,1441.27
28.92,17975,16583.3,16565.3,1391.69
28.93,17425,16582.9,16564.9,842.118
28.94,16550,16582.5,16564.4,-32.4587
28.95,15775,16582,16564,-807.036
28.96,16950,16581.6,16563.6,368.386
28.97,17050,16581.2,16563.2,468.807
28.98,17500,16580.8,16562.8,919.228
28.99,17050,16580.4,16562.3,469.648
29,16125,16579.9,16561.9,-454.932
29.01,16300,16579.5,16561.5,-279.513
29.02,17475,16579.1,16561.1,895.905
29.03,16925,16578.7,16560.7,346.323
29.04,17175,16578.3,16560.2,596.74
29.05,16425,16577.8,16559.8,-152.843
29.06,17200,16577.4,16559.4,622.573
29.07,17375,16577,16559,797.989
29.08,17375,16576.6,16558.6,798.403
29.09,17175,16576.2,16558.1,598.818
29.1,16175,16575.8,16557.7,-400.769
29.11,17325,16575.4,16557.3,749.645
29.12,15800,16574.9,16556.9,-774.943
29.13,16325,16574.5,16556.5,-249.531
29.14,16000,16574.1,16556,-574.12
29.15,17175,16573.7,16555.6,601.291
29.16,16575,16573.3,16555.2,1.70097
29.17,17300,16572.9,16554.8,727.11
29.18,17875,16572.5,16554.4,1302.52
29.19,15725,16572.1,16554,-847.072
29.2,15500,16571.7,16553.5,-1071.66
29.21,17475,16571.3,16553.1,903.742
29.22,16425,16570.9,16552.7,-145.851
29.23,15900,16570.4,16552.3,-670.445
29.24,16075,16570,16551.9,-495.04
29.25,16625,16569.6,16551.5,55.3645
29.26,15375,16569.2,16551,-1194.23
29.27,15750,16568.8,16550.6,-818.828
29.28,17400,16568.4,16550.2,831.575
29.29,15900,16568,16549.8,-668.023
29.3,15900,16567.6,16549.4,-667.622
29.31,17450,16567.2,16549,882.779
29.32,16575,16566.8,16548.5,8.17955
29.33,17100,16566.4,16548.1,533.579
29.34,16525,16566,16547.7,-41.0218
29.35,18150,16565.6,16547.3,1584.38
29.36,17450,16565.2,16546.9,884.774
29.37,17350,16564.8,16546.5,785.172
29.38,16750,16564.4,16546.1,185.568
29.39,16225,16564,16545.6,-339.036
29.4,18050,16563.6,16545.2,1486.36
29.41,17175,16563.2,16544.8,611.754
29.42,16525,16562.9,16544.4,-37.8522
29.43,17575,16562.5,16544,1012.54
29.44,17300,16562.1,16543.6,737.934
29.45,17950,16561.7,16543.2,1388.33
29.46,16750,16561.3,16542.8,188.717
29.47,17150,16560.9,16542.4,589.108
29.48,16625,16560.5,16541.9,64.4979
29.49,16050,16560.1,16541.5,-510.113
29.5,16675,16559.7,16541.1,115.276
29.51,16950,16559.3,16540.7,390.664
29.52,17025,16558.9,16540.3,466.052
29.53,15900,16558.6,16539.9,-658.562
29.54,17125,16558.2,16539.5,566.824
29.55,18375,16557.8,16539.1,1817.21
29.56,17500,16557.4,16538.7,942.595
29.57,17725,16557,16538.3,1167.98
29.58,16875,16556.6,16537.8,318.362
29.59,16675,16556.3,16537.4,118.745
29.6,16200,16555.9,16537,-355.873
29.61,17375,16555.5,16536.6,819.508
29.62,16775,16555.1,16536.2,219.889
29.63,16850,16554.7,16535.8,295.269
29.64,16750,16554.4,16535.4,195.648
29.65,16350,16554,16535,-203.973
29.66,17275,16553.6,16534.6,721.404
29.67,17200,16553.2,16534.2,646.782
29.68,16125,16552.8,16533.8,-427.842
29.69,16750,16552.5,16533.4,197.534
29.7,16225,16552.1,16533,-327.091
29.71,16575,16551.7,16532.5,23.2831
29.72,17375,16551.3,16532.1,823.657
29.73,17275,16551,16531.7,724.03
29.74,16025,16550.6,16531.3,-525.598
29.75,16775,16550.2,16530.9,224.773
29.76,15925,16549.9,16530.5,-624.856
29.77,16450,16549.5,16530.1,-99.4863
29.78,16550,16549.1,16529.7,0.882879
29.79,16200,16548.7,16529.3,-348.749
29.8,16125,16548.4,16528.9,-423.381
29.81,15975,16548,16528.5,-573.014
29.82,16450,16547.6,16528.1,-97.6479
29.83,15450,16547.3,16527.7,-1097.28
29.84,16025,16546.9,16527.3,-521.918
29.85,16075,16546.6,16526.9,-471.554
29.86,17550,16546.2,16526.5,1003.81
29.87,17025,16545.8,16526.1,479.171
29.88,17625,16545.5,16525.7,1079.53
29.89,17550,16545.1,16525.3,1004.89
29.9,17425,16544.7,16524.9,880.254
29.91,17350,16544.4,16524.5,805.613
29.92,17500,16544,16524.1,955.971
29.93,16575,16543.7,16523.7,31.3288
29.94,17550,16543.3,16523.3,1006.69
29.95,17175,16543,16522.9,632.041
29.96,16650,16542.6,16522.5,107.397
29.97,16550,16542.2,16522.1,7.75083
29.98,16250,16541.9,16521.7,-291.896
29.99,16400,16541.5,16521.3,-141.543
30,17100,16541.2,16520.9,558.809
30.01,16250,16540.8,16520.5,-290.84
30.02,15700,16540.5,16520.1,-840.49
30.03,16300,16540.1,16519.7,-240.141
30.04,16325,16539.8,16519.3,-214.793
30.05,16300,16539.4,16518.9,-239.445
30.06,16350,16539.1,16518.5,-189.099
30.07,15550,16538.8,16518.1,-988.753
30.08,17050,16538.4,16517.7,511.592
30.09,16175,16538.1,16517.3,-363.064
30.1,16725,16537.7,16516.9,187.279
30.11,16400,16537.4,16516.5,-137.379
30.12,16025,16537,16516.1,-512.038
30.13,17200,16536.7,16515.7,663.303
30.14,17425,16536.4,16515.3,888.642
30.15,17100,16536,16514.9,563.981
30.16,16200,16535.7,16514.5,-335.682
30.17,16575,16535.3,16514.1,39.6549
30.18,16225,16535,16513.7,-310.009
30.19,16500,16534.7,16513.3,-34.6748
30.2,17825,16534.3,16512.9,1290.66
30.21,17075,16534,16512.5,540.992
30.22,17025,16533.7,16512.1,491.324
30.23,17350,16533.3,16511.8,816.654
30.24,15700,16533,16511.4,-833.016
30.25,16400,16532.7,16511,-132.687
30.26,17750,16532.4,16510.6,1217.64
30.27,16275,16532,16510.2,-257.032
30.28,16675,16531.7,16509.8,143.293
30.29,16150,16531.4,16509.4,-381.382
30.3,16800,16531.1,16509,268.942
30.31,16350,16530.7,16508.6,-180.736
30.32,17000,16530.4,16508.2,469.586
30.33,16225,16530.1,16507.8,-305.093
30.34,16500,16529.8,16507.4,-29.774
30.35,16475,16529.5,16507,-54.4556
30.36,17275,16529.1,16506.7,745.862
30.37,16875,16528.8,16506.3,346.178
30.38,16875,16528.5,16505.9,346.493
30.39,16550,16528.2,16505.5,21.8069
30.4,15575,16527.9,16505.1,-952.88
30.41,17775,16527.6,16504.7,1247.43
30.42,17650,16527.3,16504.3,1122.74
30.43,16800,16526.9,16503.9,273.051
30.44,16000,16526.6,16503.5,-526.64
30.45,17125,16526.3,16503.1,598.667
30.46,16925,16526,16502.8,398.972
30.47,17525,16525.7,16502.4,999.277
30.48,16175,16525.4,16502,-350.42
30.49,17200,16525.1,16501.6,674.883
30.5,17125,16524.8,16501.2,600.184
30.51,16625,16524.5,16500.8,100.483
30.52,16625,16524.2,16500.4,100.782
30.53,16800,16523.9,16500.1,276.079
30.54,16800,16523.6,16499.7,276.375
30.55,17225,16523.3,16499.3,701.669
30.56,17625,16523,16498.9,1101.96
30.57,16625,16522.7,16498.5,102.255
30.58,16925,16522.5,16498.1,402.545
30.59,17375,16522.2,16497.7,852.835
30.6,16225,16521.9,16497.4,-296.877
30.61,16275,16521.6,16497,-246.591
30.62,16950,16521.3,16496.6,428.694
30.63,18000,16521,16496.2,1478.98
30.64,16525,16520.7,16495.8,4.26051
30.65,15900,16520.5,16495.4,-620.459
30.66,16625,16520.2,16495.1,104.821
30.67,17775,16519.9,16494.7,1255.1
30.68,16925,16519.6,16494.3,405.376
30.69,16725,16519.3,16493.9,205.651
30.7,16425,16519.1,16493.5,-94.0758
30.71,16025,16518.8,16493.1,-493.804
30.72,16950,16518.5,16492.8,431.467
30.73,16050,16518.3,16492.4,-468.264
30.74,17400,16518,16492,882.003
30.75,16550,16517.7,16491.6,32.2689
30.76,16925,16517.5,16491.2,407.533
30.77,16400,16517.2,16490.9,-117.204
30.78,16275,16516.9,16490.5,-241.943
30.79,16000,16516.7,16490.1,-516.684
30.8,15325,16516.4,16489.7,-1191.43
30.81,15875,16516.2,16489.3,-641.171
30.82,16800,16515.9,16489,284.083
30.83,16675,16515.7,16488.6,159.336
30.84,17450,16515.4,16488.2,934.587
30.85,17150,16515.2,16487.8,634.835
30.86,16325,16514.9,16487.5,-189.917
30.87,16950,16514.7,16487.1,435.328
30.88,16300,16514.4,16486.7,-214.429
30.89,15975,16514.2,16486.3,-539.187
30.9,16450,16513.9,16485.9,-63.9475
30.91,16500,16513.7,16485.6,-13.7097
30.92,17525,16513.5,16485.2,1011.53
30.93,16550,16513.2,16484.8,36.76
30.94,16100,16513,16484.4,-413.008
30.95,16500,16512.8,16484.1,-12.7782
30.96,15975,16512.6,16483.7,-537.55
30.97,15625,16512.3,16483.3,-887.325
30.98,16300,16512.1,16482.9,-212.101
30.99,14550,16511.9,16482.6,-1961.88
31,16025,16511.7,16482.2,-486.66
31.01,16250,16511.4,16481.8,-261.442
31.02,16750,16511.2,16481.4,238.773
31.03,17925,16511,16481.1,1413.99
31.04,17350,16510.8,16480.7,839.196
31.05,16475,16510.6,16480.3,-35.5954
31.06,16275,16510.4,16480,-235.389
31.07,16325,16510.2,16479.6,-185.186
31.08,16525,16510,16479.2,15.0157
31.09,17175,16509.8,16478.8,665.215
31.1,16125,16509.6,16478.5,-384.589
31.11,15500,16509.4,16478.1,-1009.39
31.12,16950,16509.2,16477.7,440.797
31.13,16325,16509,16477.4,-184.014
31.14,17050,16508.8,16477,541.172
31.15,17725,16508.6,16476.6,1216.36
31.16,17425,16508.5,16476.2,916.537
31.17,16625,16508.3,16475.9,116.715
31.18,16225,16508.1,16475.5,-283.109
31.19,15875,16507.9,16475.1,-632.936
31.2,16325,16507.8,16474.8,-182.766
31.21,17025,16507.6,16474.4,517.401
31.22,16775,16507.4,16474,267.566
31.23,16775,16507.3,16473.7,267.727
31.24,15500,16507.1,16473.3,-1007.11
31.25,17200,16507,16472.9,693.041
31.26,17925,16506.8,16472.6,1418.19
31.27,17100,16506.7,16472.2,593.343
31.28,16900,16506.5,16471.8,393.489
31.29,16575,16506.4,16471.5,68.632
31.3,16750,16506.2,16471.1,243.772
31.31,16350,16506.1,16470.7,-156.092
31.32,16400,16506,16470.4,-105.959
31.33,17375,16505.8,16470,869.171
31.34,17200,16505.7,16469.6,694.297
31.35,15725,16505.6,16469.3,-780.581
31.36,16950,16505.5,16468.9,444.538
31.37,16800,16505.3,16468.5,294.654
31.38,16625,16505.2,16468.2,119.765
31.39,16025,16505.1,16467.8,-480.127
31.4,16675,16505,16467.5,169.977
31.41,15400,16504.9,16467.1,-1104.92
31.42,16525,16504.8,16466.7,20.1736
31.43,16875,16504.7,16466.4,370.266
31.44,17075,16504.6,16466,570.354
31.45,16075,16504.6,16465.6,-429.562
31.46,16550,16504.5,16465.3,45.5177
31.47,16300,16504.4,16464.9,-204.407
31.48,16500,16504.3,16464.6,-4.33569
31.49,16250,16504.3,16464.2,-254.269
31.5,16500,16504.2,16463.8,-4.2069
31.51,16725,16504.1,16463.5,220.851
31.52,16100,16504.1,16463.1,-404.097
31.53,16925,16504,16462.8,420.952
31.54,16975,16504,16462.4,470.995
31.55,16050,16504,16462,-453.967
31.56,16625,16503.9,16461.7,121.066
31.57,16050,16503.9,16461.3,-453.906
31.58,16525,16503.9,16461,21.1173
31.59,17500,16503.9,16460.6,996.135
31.6,16200,16503.9,16460.3,-303.853
31.61,17300,16503.8,16459.9,796.154
31.62,16650,16503.8,16459.5,146.155
31.63,16450,16503.8,16459.2,-53.8499
31.64,16750,16503.9,16458.8,246.14
31.65,17350,16503.9,16458.5,846.123
31.66,16900,16503.9,16458.1,396.101
31.67,16150,16501.7,16457.8,-351.667
31.68,16050,16501.7,16457.4,-451.708
31.69,16250,16501.8,16457.1,-251.756
31.7,17350,16501.8,16456.7,848.191
31.71,17200,16501.9,16456.3,698.13
31.72,15425,16501.9,16456,-1076.94
31.73,15475,16500.9,16455.6,-1025.88
31.74,15775,16501,16455.3,-725.965
31.75,16225,16501.1,16454.9,-276.056
31.76,16625,16501.2,16454.6,123.845
31.77,17525,16501.3,16454.2,1023.74
31.78,15850,16501.4,16453.9,-651.375
31.79,17000,16501.5,16453.5,498.503
31.8,16575,16501.6,16453.2,73.3735
31.81,16650,16501.8,16452.8,148.236
31.82,16250,16501.9,16452.5,-251.911
31.83,16950,16502.1,16452.1,447.935
31.84,16450,16502.2,16451.8,-52.2288
31.85,17225,16502.4,16451.4,722.599
31.86,16300,16502.6,16451.1,-202.583
31.87,16575,16502.8,16450.7,72.2267
31.88,16925,16503,16450.4,422.026
31.89,17550,16503.2,16450,1046.82
31.9,16275,16503.4,16449.7,-228.403
31.91,17200,16503.6,16449.3,696.367
31.92,16100,16503.9,16449,-403.874
31.93,16175,16504.1,16448.6,-329.125
31.94,16725,16504.4,16448.3,220.613
31.95,18175,16504.7,16447.9,1670.34
31.96,16925,16504.9,16447.6,420.055
31.97,16600,16505.2,16447.2,94.7591
31.98,16050,16505.5,16446.9,-455.549
31.99,16750,16505.9,16446.6,244.131
32,16500,16506.2,16446.2,-6.20234
32.01,17425,16506.5,16445.9,918.452
32.02,16250,16506.9,16445.5,-256.907
32.03,16725,16507.3,16445.2,217.721
32.04,15625,16507.7,16444.8,-882.666
32.05,16725,16508.1,16444.5,216.934
32.06,16950,16508.5,16444.1,441.519
32.07,15825,16508.9,16443.8,-683.911
32.08,16675,16509.4,16443.5,165.644
32.09,17700,16509.8,16443.1,1190.18
32.1,16700,16510.3,16442.8,189.707
32.11,16475,16510.8,16442.4,-35.7864
32.12,16425,16511.3,16442.1,-86.2965
32.13,17150,16511.8,16441.7,638.176
32.14,16725,16512.4,16441.4,212.631
32.15,16625,16512.9,16441.1,112.067
32.16,17275,16513.5,16440.7,761.484
32.17,17325,16514.1,16440.4,810.883
32.18,17725,16514.7,16440,1210.26
32.19,17450,16515.4,16439.7,934.619
32.2,17125,16516,16439.4,608.956
32.21,17400,16516.7,16439,883.272
32.22,17225,16517.4,16438.7,707.565
32.23,16950,16518.2,16438.3,431.835
32.24,16675,16518.9,16438,156.082
32.25,16900,16519.7,16437.7,380.305
32.26,16500,16520.5,16437.3,-20.4966
32.27,18025,16521.3,16437,1503.68
32.28,16050,16522.2,16436.6,-472.178
32.29,16275,16523.1,16436.3,-248.059
32.3,16625,16524,16436,101.033
32.31,17600,16524.9,16435.6,1075.1
32.32,15650,16525.9,16435.3,-875.872
32.33,17150,16526.9,16435,623.13
32.34,15775,16527.9,16434.6,-752.899
32.35,16900,16529,16434.3,371.039
32.36,16625,16530.1,16434,94.944
32.37,18300,16531.2,16433.6,1768.81
32.38,16250,16532.4,16433.3,-282.351
32.39,16275,16533.6,16433,-258.554
32.4,16325,16534.8,16432.6,-209.794
32.41,17075,16536.1,16432.3,538.927
32.42,15725,16537.4,16432,-812.394
32.43,15800,16538.8,16431.6,-738.756
32.44,17050,16540.2,16431.3,509.839
32.45,16950,16541.6,16431,408.388
32.46,16800,16543.1,16430.6,256.892
32.47,16925,16544.7,16430.3,380.347
32.48,17325,16546.2,16430,778.753
32.49,15875,16547.9,16429.6,-672.893
32.5,15450,16549.6,16429.3,-1099.59
32.51,16300,16551.3,16429,-251.345
32.52,17225,16553.2,16428.6,671.844
32.53,16675,16555,16428.3,119.974
32.54,17650,16557,16428,1093.04
32.55,16975,16559,16427.7,416.047
32.56,16300,16561,16427.3,-261.014
32.57,15425,16563.1,16427,-1138.14
32.58,16550,16565.3,16426.7,-15.3445
32.59,15375,16567.6,16426.3,-1192.62
32.6,17025,16570,16426,455.03
32.61,18250,16572.4,16425.7,1677.6
32.62,16475,16574.9,16425.4,-99.9158
32.63,16700,16577.5,16425,122.484
32.64,16350,16580.2,16424.7,-230.207
32.65,16425,16583,16424.4,-157.991
32.66,16875,16585.9,16424.1,289.128
32.67,16900,16588.9,16423.7,311.144
32.68,17700,16591.9,16423.4,1108.05
32.69,16525,16595.1,16423.1,-70.1454
32.7,16200,16598.5,16422.8,-398.462
32.71,16550,16601.9,16422.4,-51.8993
32.72,16300,16605.5,16422.1,-305.464
32.73,16200,16609.2,16421.8,-409.162
32.74,16450,16613,16421.5,-163
32.75,17400,16617,16421.1,783.015
32.76,17750,16621.1,16420.8,1128.87
32.77,17000,16625.4,16420.5,374.569
32.78,15550,16629.9,16420.2,-1079.91
32.79,16475,16634.6,16419.9,-159.571
32.8,15575,16639.4,16419.5,-1064.43
32.81,16900,16644.5,16419.2,255.504
32.82,16800,16649.8,16418.9,150.213
32.83,16975,16655.3,16418.6,319.682
32.84,17350,16661.1,16418.2,688.892
32.85,17450,16667.2,16417.9,782.822
32.86,16075,16673.6,16417.6,-598.552
32.87,16675,16680.3,16417.3,-5.2585
32.88,16975,16687.3,16417,287.672
32.89,16150,16694.8,16416.7,-544.797
32.9,17025,16702.7,16416.3,322.294
32.91,16000,16711.1,16416,-711.103
32.92,17050,16720,16415.7,329.958
32.93,16225,16729.6,16415.4,-504.583
32.94,17300,16739.8,16415.1,560.201
32.95,16900,16750.8,16414.7,149.232
32.96,16700,16762.6,16414.4,-62.5834
32.97,16875,16775.3,16414.1,99.6519
32.98,16425,16789.2,16413.8,-364.18
32.99,17650,16804.2,16413.5,845.788
33,17125,16820.6,16413.2,304.406
33.01,17200,16838.5,16412.9,361.507
33.02,16975,16858.1,16412.5,116.903
33.03,16725,16879.6,16412.2,-154.615
33.04,16050,16903.3,16411.9,-853.276
33.05,16700,16929.3,16411.6,-229.335
33.06,17550,16958.1,16411.3,591.928
33.07,17400,16989.8,16411,410.208
33.08,17025,17024.8,16410.7,0.175203
33.09,16800,17063.5,16410.4,-263.528
33.1,17225,17106.3,16410,118.714
33.11,16950,17153.5,16409.7,-203.508
33.12,16325,17205.6,16409.4,-880.626
33.13,16550,17263.1,16409.1,-713.097
33.14,15825,17326.4,16408.8,-1501.4
33.15,16350,17396,16408.5,-1046.02
33.16,16425,17472.5,16408.2,-1047.47
33.17,16400,17556.3,16407.9,-1156.27
33.18,17225,17647.9,16407.6,-422.932
33.19,17150,17748,16407.2,-597.972
33.2,16000,17856.9,16406.9,-1856.9
33.21,17875,17975.2,16406.6,-100.193
33.22,17425,18103.3,16406.3,-678.325
33.23,16925,18241.7,16406,-1316.72
33.24,16875,18390.8,16405.7,-1515.76
33.25,16725,18550.8,16405.4,-1825.77
33.26,16850,18722,16405.1,-1872.02
33.27,16750,18904.7,16404.8,-2154.7
33.28,16050,19098.9,16404.5,-3048.91
33.29,16350,19304.7,16404.2,-2954.66
33.3,16900,19521.8,16403.9,-2621.85
33.31,16325,19750.3,16403.6,-3425.26
33.32,17525,19989.5,16403.3,-2464.55
33.33,17175,20239.2,16403,-3064.24
33.34,16775,20498.7,16402.7,-3723.7
33.35,16600,20767.2,16402.3,-4167.16
33.36,17550,21043.7,16402,-3493.66
33.37,17175,21327.1,16401.7,-4152.1
33.38,17800,21616.2,16401.4,-3816.16
33.39,17900,21909.4,16401.1,-4009.37
33.4,18800,22205.1,16400.8,-3405.05
33.41,19125,22501.3,16400.5,-3376.33
33.42,18575,22796.1,16400.2,-4221.13
33.43,18600,23087.2,16399.9,-4487.21
33.44,18500,23372.1,16399.6,-4872.12
33.45,18575,23648.3,16399.3,-5073.27
33.46,19125,23912.9,16399,-4787.95
33.47,19775,24163.4,16398.7,-4388.36
33.48,19175,24396.7,16398.4,-5221.68
33.49,20725,24610.1,16398.1,-3885.12
33.5,21375,24801,16397.8,-3426.02
33.51,20550,24966.9,16397.5,-4416.92
33.52,21350,25105.6,16397.2,-3755.63
33.53,22150,25215.3,16396.9,-3065.31
33.54,22200,25294.5,16396.6,-3094.53
33.55,22300,25342.3,16396.3,-3042.31
33.56,23825,25358.1,16396,-1533.13
33.57,22650,25342,16395.7,-2691.95
33.58,23875,25294.2,16395.4,-1419.16
33.59,23050,25215.6,16395.2,-2165.59
33.6,23850,25107.4,16394.9,-1257.43
33.61,23625,24971.2,16394.6,-1346.23
33.62,23925,24808.8,16394.3,-883.819
33.63,21700,24622.3,16394,-2922.29
33.64,23625,24413.9,16393.7,-788.917
33.65,22300,24186.1,16393.4,-1886.14
33.66,23100,23941.5,16393.1,-841.504
33.67,20950,23682.6,16392.8,-2732.59
33.68,22125,23412,16392.5,-1287
33.69,20150,23132.3,16392.2,-2982.29
33.7,20800,22845.9,16391.9,-2045.94
33.71,20850,22555.3,16391.6,-1705.3
33.72,19300,22262.6,16391.3,-2962.61
33.73,19150,21969.9,16391,-2819.92
33.74,17750,21679.1,16390.8,-3929.13
33.75,18950,21391.9,16390.5,-2441.93
33.76,18500,21109.9,16390.2,-2609.87
33.77,18000,20834.3,16389.9,-2834.27
33.78,16775,20566.3,16389.6,-3791.29
33.79,18125,20306.9,16389.3,-2181.94
33.8,18725,20057,16389,-1332.02
33.81,16500,19817.2,16388.7,-3317.19
33.82,18400,19588,16388.4,-1187.99
33.83,17200,19369.8,16388.1,-2169.77
33.84,18350,19162.8,16387.9,-812.79
33.85,17300,18967.2,16387.6,-1667.17
33.86,16950,18782.9,16387.3,-1832.94
33.87,17425,18610,16387,-1185.02
33.88,16700,18448.2,16386.7,-1748.24
33.89,17075,18297.4,16386.4,-1222.37
33.9,16350,18157.1,16386.1,-1807.1
33.91,17600,18027.1,16385.9,-427.067
33.92,17100,17906.9,16385.6,-806.876
33.93,18050,17796.1,16385.3,253.918
33.94,18000,17694.2,16385,305.782
33.95,16950,17600.8,16384.7,-650.796
33.96,17500,17515.3,16384.4,-15.3201
33.97,16600,17437.3,16384.1,-837.287
33.98,17525,17366.2,16383.9,158.803
33.99,16450,17301.6,16383.6,-851.557
34,17225,17242.9,16383.3,-17.886
34.01,17425,17189.7,16383,235.282
34.02,16900,17141.6,16382.7,-241.605
34.03,16325,17098.1,16382.5,-773.125
34.04,17225,17058.9,16382.2,166.126
34.05,17050,17023.5,16381.9,26.5234
34.06,16475,16991.6,16381.6,-516.582
34.07,17875,16962.9,16381.3,912.134
34.08,16600,16937,16381.1,-337.03
34.09,16925,16913.8,16380.8,11.1977
34.1,15900,16892.9,16380.5,-992.937
34.11,16000,16874.2,16380.2,-874.212
34.12,16775,16857.4,16379.9,-82.4307
34.13,16800,16842.4,16379.7,-42.4176
34.14,17375,16829,16379.4,545.98
34.15,16900,16817.1,16379.1,82.894
34.16,17400,16806.6,16378.8,593.438
34.17,17950,16797.3,16378.5,1152.7
34.18,16850,16789.2,16378.3,60.7732
34.19,17200,16782.3,16378,417.704
34.2,16875,16776.5,16377.7,98.5423
34.21,16575,16771.7,16377.4,-196.679
34.22,16925,16767.9,16377.2,157.059
34.23,17450,16765.2,16376.9,684.761
34.24,16800,16763.6,16376.6,36.4235
34.25,16775,16763,16376.3,12.0304
34.26,16725,16763.4,16376.1,-38.445
34.27,16700,16765,16375.8,-65.0377
34.28,17450,16767.8,16375.5,682.208
34.29,16725,16771.8,16375.3,-46.7586
34.3,17500,16777,16375,723.002
34.31,16850,16783.6,16374.7,66.4259
34.32,18325,16791.6,16374.4,1533.44
34.33,17650,16801,16374.2,848.973
34.34,17450,16812.1,16373.9,637.942
34.35,16650,16824.7,16373.6,-174.735
34.36,18625,16839.1,16373.3,1785.86
34.37,17425,16855.4,16373.1,569.644
34.38,18850,16873.5,16372.8,1976.53
34.39,17875,16893.6,16372.5,981.446
34.4,16300,16915.7,16372.3,-615.692
34.41,18525,16940,16372,1585.05
34.42,17375,16966.4,16371.7,408.597
34.43,17500,16995.1,16371.5,504.905
34.44,17200,17026.1,16371.2,173.924
34.45,17150,17059.4,16370.9,90.6216
34.46,17350,17095,16370.7,254.978
34.47,17500,17133,16370.4,366.99
34.48,17500,17173.3,16370.1,326.67
34.49,18600,17215.9,16369.9,1384.05
34.5,19075,17260.8,16369.6,1814.18
34.51,18475,17307.9,16369.3,1167.15
34.52,17625,17357,16369.1,268.036
34.53,18475,17408,16368.8,1066.97
34.54,19200,17460.9,16368.5,1739.12
34.55,18725,17515.4,16368.3,1209.64
34.56,21325,17571.3,16368,3753.75
34.57,19925,17628.3,16367.7,2296.68
34.58,20525,17686.3,16367.5,2838.71
34.59,19650,17744.9,16367.2,1905.14
34.6,20125,17803.7,16367,2321.29
34.61,19900,17862.5,16366.7,2037.54
34.62,20400,17920.7,16366.4,2479.29
34.63,20500,17978,16366.2,2521.96
34.64,20050,18034,16365.9,2016.01
34.65,18500,18088.1,16365.7,411.926
34.66,21675,18139.8,16365.4,3535.2
34.67,20425,18188.7,16365.1,2236.35
34.68,20450,18234.1,16364.9,2215.88
34.69,18375,18275.7,16364.6,99.2855
34.7,19150,18312.9,16364.4,837.067
34.71,18400,18345.4,16364.1,54.6474
34.72,17875,18372.6,16363.8,-497.554
34.73,18400,18394.2,16363.6,5.78895
34.74,17575,18410,16363.3,-835.046
34.75,18475,18419.9,16363.1,55.1357
34.76,18200,18423.5,16362.8,-223.535
34.77,17525,18421,16362.5,-896.032
34.78,17300,18412.4,16362.3,-1112.38
34.79,18350,18397.7,16362,-47.7098
34.8,17025,18377.2,16361.8,-1352.19
34.81,17325,18351.1,16361.5,-1026.07
34.82,17325,18319.6,16361.3,-994.646
34.83,18200,18283.3,16361,-83.275
34.84,17700,18242.3,16360.8,-542.343
34.85,17775,18197.3,16360.5,-422.272
34.86,17275,18148.5,16360.3,-873.51
34.87,16750,18096.5,16360,-1346.52
34.88,16800,18041.8,16359.7,-1241.77
34.89,16975,17984.7,16359.5,-1009.74
34.9,17050,17925.9,16359.2,-875.888
34.91,18300,17865.7,16359,434.327
34.92,17700,17804.5,16358.7,-104.522
34.93,17750,17742.8,16358.5,7.15192
34.94,17625,17681,16358.2,-56.0373
34.95,17075,17619.4,16358,-544.446
34.96,15975,17558.4,16357.7,-1583.39
34.97,16125,17498.2,16357.5,-1373.19
34.98,16325,17439.1,16357.2,-1114.09
34.99,16725,17381.3,16357,-656.324
35,18325,17325.1,16356.7,999.901
35.01,17750,17270.6,16356.5,479.413
35.02,16850,17217.9,16356.2,-367.936
35.03,17550,17167.3,16356,382.737
35.04,16975,17118.7,16355.7,-143.662
35.05,17625,17072.2,16355.5,552.796
35.06,16625,17027.9,16355.3,-402.935
35.07,17150,16985.9,16355,164.116
35.08,16075,16946.1,16354.8,-871.058
35.09,17000,16908.4,16354.5,91.5556
35.1,16600,16873,16354.3,-273.03
35.11,16625,16839.8,16354,-214.766
35.12,16850,16808.6,16353.8,41.399
35.13,17100,16779.5,16353.5,320.515
35.14,17075,16752.3,16353.3,322.661
35.15,16850,16727.1,16353.1,122.912
35.16,17300,16703.7,16352.8,596.35
35.17,16750,16681.9,16352.6,68.0613
35.18,17300,16661.9,16352.3,638.137
35.19,17275,16643.3,16352.1,631.668
35.2,16875,16626.3,16351.8,248.748
35.21,16125,16610.5,16351.6,-485.532
35.22,16225,16596.1,16351.4,-371.079
35.23,16600,16582.8,16351.1,17.1947
35.24,16475,16570.6,16350.9,-95.6228
35.25,18125,16559.4,16350.6,1565.55
35.26,17075,16549.2,16350.4,525.799
35.27,17300,16539.8,16350.2,760.196
35.28,16200,16531.2,16349.9,-331.186
35.29,16700,16523.3,16349.7,176.721
35.3,17000,16516,16349.4,483.982
35.31,16650,16509.3,16349.2,140.656
35.32,16875,16503.2,16349,371.799
35.33,16325,16497.5,16348.7,-172.54
35.34,16550,16492.3,16348.5,57.687
35.35,15750,16487.5,16348.3,-737.477
35.36,16075,16483,16348,-407.993
35.37,16000,16478.8,16347.8,-478.827
35.38,16125,16474.9,16347.5,-349.946
35.39,17025,16471.3,16347.3,553.68
35.4,16900,16467.9,16347.1,432.076
35.41,17200,16464.7,16346.8,735.265
35.42,16900,16461.7,16346.6,438.268
35.43,18175,16458.9,16346.4,1716.1
35.44,16850,16456.2,16346.1,393.789
35.45,17350,16453.7,16345.9,896.338
35.46,16175,16451.2,16345.7,-276.237
35.47,16475,16448.9,16345.4,26.0773
35.48,16875,16446.7,16345.2,428.29
35.49,15875,16444.6,16345,-569.59
35.5,16575,16442.6,16344.7,132.445
35.51,15850,16440.6,16344.5,-590.598
35.52,16725,16438.7,16344.3,286.288
35.53,17375,16436.9,16344,938.108
35.54,17000,16435.1,16343.8,564.866
35.55,17075,16433.4,16343.6,641.568
35.56,15150,16431.8,16343.4,-1281.78
35.57,17075,16430.2,16343.1,644.815
35.58,16300,16428.6,16342.9,-128.633
35.59,17550,16427.1,16342.7,1122.88
35.6,16950,16425.7,16342.4,524.342
35.61,17200,16424.2,16342.2,775.769
35.62,16225,16422.8,16342,-197.841
35.63,16600,16421.5,16341.8,178.513
35.64,16225,16420.2,16341.5,-195.167
35.65,17100,16418.9,16341.3,681.121
35.66,16900,16417.6,16341.1,482.378
35.67,15675,16416.4,16340.9,-741.394
35.68,16425,16415.2,16340.6,9.80464
35.69,16975,16414,16340.4,560.976
35.7,16500,16412.9,16340.2,87.1218
35.71,15975,16411.8,16340,-436.758
35.72,16875,16410.7,16339.7,464.338
35.73,17350,16409.6,16339.5,940.41
35.74,16175,16408.5,16339.3,-233.54
35.75,17625,16407.5,16339.1,1217.49
35.76,16900,16406.5,16338.8,493.495
35.77,16300,16405.5,16338.6,-105.518
35.78,16350,16404.6,16338.4,-54.5512
35.79,16800,16403.6,16338.2,396.397
35.8,17225,16402.7,16338,822.326
35.81,16025,16401.8,16337.7,-376.762
35.82,16500,16400.9,16337.5,99.1322
35.83,17600,16400,16337.3,1200.01
35.84,17025,16399.1,16337.1,625.871
35.85,17100,16398.3,16336.9,701.717
35.86,17000,16397.5,16336.6,602.547
35.87,16525,16396.6,16336.4,128.363
35.88,16225,16395.8,16336.2,-170.836
35.89,16100,16395,16336,-295.049
35.9,16950,16394.3,16335.8,555.725
35.91,16875,16393.5,16335.5,481.485
35.92,15625,16392.8,16335.3,-767.767
35.93,16600,16392,16335.1,207.968
35.94,16850,16391.3,16334.9,458.692
35.95,16900,16390.6,16334.7,509.403
35.96,16425,16389.9,16334.5,35.1029
35.97,17325,16389.2,16334.2,935.792
35.98,16225,16388.5,16334,-163.53
35.99,16075,16387.9,16333.8,-312.863
36,15975,16387.2,16333.6,-412.206
36.01,15725,16386.6,16333.4,-661.559
36.02,16450,16385.9,16333.2,64.078
36.03,15775,16385.3,16333,-610.294
36.04,16325,16384.7,16332.8,-59.6761
36.05,16600,16384.1,16332.5,215.933
36.06,15850,16383.5,16332.3,-533.466
36.07,16800,16382.9,16332.1,417.125
36.08,17150,16382.3,16331.9,767.708
36.09,15900,16381.7,16331.7,-481.716
36.1,16425,16381.1,16331.5,43.8505
36.11,15975,16380.6,16331.3,-405.59
36.12,16700,16380,16331.1,319.961
36.13,17050,16379.5,16330.9,670.505
36.14,17100,16379,16330.6,721.041
36.15,16850,16378.4,16330.4,471.571
36.16,18125,16377.9,16330.2,1747.09
36.17,15600,16377.4,16330,-777.392
36.18,16225,16376.9,16329.8,-151.883
36.19,16675,16376.4,16329.6,298.619
36.2,16450,16375.9,16329.4,74.1146
36.21,16300,16375.4,16329.2,-75.3962
36.22,17275,16374.9,16329,900.087
36.23,15700,16374.4,16328.8,-674.436
36.24,17700,16374,16328.6,1326.03
36.25,16475,16373.5,16328.4,101.5
36.26,15775,16373,16328.2,-598.04
36.27,16950,16372.6,16328,577.413
36.28,16250,16372.1,16327.7,-122.138
36.29,17100,16371.7,16327.5,728.305
36.3,17000,16371.3,16327.3,628.742
36.31,16050,16370.8,16327.1,-320.825
36.32,16350,16370.4,16326.9,-20.398
36.33,16675,16370,16326.7,305.024
36.34,17125,16369.6,16326.5,755.442
36.35,17225,16369.1,16326.3,855.854
36.36,16725,16368.7,16326.1,356.262
36.37,16900,16368.3,16325.9,531.665
36.38,17425,16367.9,16325.7,1057.06
36.39,17100,16367.5,16325.5,732.457
36.4,15400,16367.2,16325.3,-967.153
36.41,16350,16366.8,16325.1,-16.7683
36.42,16775,16366.4,16324.9,408.613
36.43,17500,16366,16324.7,1133.99
36.44,16425,16365.6,16324.5,59.3614
36.45,16425,16365.3,16324.3,59.7296
36.46,15600,16364.9,16324.1,-764.906
36.47,17150,16364.5,16323.9,785.454
36.48,16700,16364.2,16323.7,335.81
36.49,16875,16363.8,16323.5,511.163
36.5,18000,16363.5,16323.3,1636.51
36.51,16975,16363.1,16323.1,611.856
36.52,16525,16362.8,16322.9,162.197
36.53,15475,16362.5,16322.8,-887.465
36.54,16050,16362.1,16322.6,-312.132
36.55,17275,16361.8,16322.4,913.199
36.56,16300,16361.5,16322.2,-61.4747
36.57,15550,16361.2,16322,-811.151
36.58,15825,16360.8,16321.8,-535.832
36.59,16200,16360.5,16321.6,-160.515
36.6,16725,16360.2,16321.4,364.798
36.61,16450,16359.9,16321.2,90.1078
36.62,15225,16359.6,16321,-1134.59
36.63,15900,16359.3,16320.8,-459.282
36.64,16150,16359,16320.6,-208.982
36.65,16325,16358.7,16320.4,-33.6851
36.66,16000,16358.4,16320.2,-358.391
36.67,17075,16358.1,16320,716.9
36.68,16500,16357.8,16319.9,142.187
36.69,16000,16357.5,16319.7,-357.528
36.7,15275,16357.2,16319.5,-1082.25
36.71,16325,16357,16319.3,-31.9674
36.72,15500,16356.7,16319.1,-856.691
36.73,15725,16356.4,16318.9,-631.418
36.74,16950,16356.1,16318.7,593.852
36.75,16700,16355.9,16318.5,344.119
36.76,16875,16355.6,16318.3,519.383
36.77,16425,16355.4,16318.2,69.6451
36.78,16075,16355.1,16318,-280.096
36.79,17400,16354.8,16317.8,1045.16
36.8,16675,16354.6,16317.6,320.414
36.81,16075,16354.3,16317.4,-279.336
36.82,16500,16354.1,16317.2,145.913
36.83,16525,16353.8,16317,171.158
36.84,16725,16353.6,16316.9,371.401
36.85,16250,16353.4,16316.7,-103.359
36.86,16650,16353.1,16316.5,296.879
36.87,16200,16352.9,16316.3,-152.886
36.88,17525,16352.7,16316.1,1172.35
36.89,15600,16352.4,16315.9,-752.424
36.9,16650,16352.2,16315.8,297.804
36.91,15900,16352,16315.6,-451.971
36.92,16500,16351.7,16315.4,148.251
36.93,18575,16351.5,16315.2,2223.47
36.94,16225,16351.3,16315,-126.311
36.95,17000,16351.1,16314.8,648.904
36.96,16450,16350.9,16314.7,99.1162
36.97,17175,16350.7,16314.5,824.326
36.98,15350,16350.5,16314.3,-1000.47
36.99,16450,16350.3,16314.1,99.7397
37,16775,16350.1,16313.9,424.943
37.01,16050,16349.9,16313.8,-299.857
37.02,17050,16349.7,16313.6,700.342
37.03,17325,16349.5,16313.4,975.538
37.04,16100,16349.3,16313.2,-249.269
37.05,17425,16349.1,16313.1,1075.92
37.06,17225,16348.9,16312.9,876.111
37.07,16850,16348.7,16312.7,501.298
37.08,15825,16348.5,16312.5,-523.518
37.09,15850,16348.3,16312.4,-498.336
37.1,16575,16348.2,16312.2,226.844
37.11,15425,16348,16312,-922.979
37.12,16950,16347.8,16311.8,602.196
37.13,16550,16347.6,16311.7,202.369
37.14,16500,16347.5,16311.5,152.54
37.15,16725,16347.3,16311.3,377.708
37.16,16800,16347.1,16311.1,452.874
37.17,16425,16347,16311,78.0379
37.18,16300,16346.8,16310.8,-46.8006
37.19,17600,16346.6,16310.6,1253.36
37.2,17375,16346.5,16310.4,1028.52
37.21,16250,16346.3,16310.3,-96.3297
37.22,17200,16346.2,16310.1,853.823
37.23,15550,16346,16309.9,-796.027
37.24,16025,16345.9,16309.8,-320.879
37.25,17975,16345.7,16309.6,1629.27
37.26,17125,16345.6,16309.4,779.41
37.27,17300,16345.4,16309.2,954.551
37.28,14775,16345.3,16309.1,-1570.31
37.29,16350,16345.2,16308.9,4.82684
37.3,15875,16345,16308.7,-470.039
37.31,15575,16344.9,16308.6,-769.907
37.32,16775,16344.8,16308.4,430.223
37.33,16875,16344.6,16308.2,530.351
37.34,16725,16344.5,16308.1,380.476
37.35,16350,16344.4,16307.9,5.59947
37.36,15725,16344.3,16307.7,-619.28
37.37,16175,16344.2,16307.6,-169.161
37.38,16775,16344,16307.4,430.955
37.39,16275,16343.9,16307.2,-68.9309
37.4,16900,16343.8,16307.1,556.181
37.41,16475,16343.7,16306.9,131.29
37.42,16875,16343.6,16306.7,531.397
37.43,17000,16343.5,16306.6,656.502
37.44,16900,16343.4,16306.4,556.604
37.45,15825,16343.3,16306.2,-518.296
37.46,17225,16343.2,16306.1,881.802
37.47,16050,16343.1,16305.9,-293.102
37.48,16525,16343,16305.8,181.991
37.49,14975,16342.9,16305.6,-1367.92
37.5,15200,16342.8,16305.4,-1142.83
37.51,16775,16342.7,16305.3,432.256
37.52,16650,16342.7,16305.1,307.339
37.53,17050,16342.6,16305,707.42
37.54,16725,16342.5,16304.8,382.499
37.55,16200,16342.4,16304.6,-142.425
37.56,16225,16342.4,16304.5,-117.351
37.57,17650,16342.3,16304.3,1307.72
37.58,16950,16342.2,16304.2,607.789
37.59,17900,16342.1,16304,1557.86
37.6,17375,16342.1,16303.8,1032.92
37.61,16850,16342,16303.7,507.981
37.62,15900,16342,16303.5,-441.96
37.63,16900,16341.9,16303.4,558.096
37.64,16050,16341.8,16303.2,-291.85
37.65,16325,16341.8,16303,-16.7987
37.66,15975,16341.8,16302.9,-366.75
37.67,16225,16341.7,16302.7,-116.704
37.68,16175,16341.7,16302.6,-166.661
37.69,16475,16341.6,16302.4,133.38
37.7,17450,16341.6,16302.3,1108.42
37.71,17000,16341.5,16302.1,658.453
37.72,16350,16341.5,16302,8.48615
37.73,16550,16341.5,16301.8,208.516
37.74,16600,16341.5,16301.7,258.543
37.75,16575,16341.4,16301.5,233.568
37.76,16750,16341.4,16301.4,408.589
37.77,17350,16341.4,16301.2,1008.61
37.78,16750,16341.4,16301,408.624
37.79,17500,16341.4,16300.9,1158.64
37.8,17425,16341.4,16300.7,1083.65
37.81,15825,16341.3,16300.6,-516.345
37.82,16725,16341.3,16300.4,383.659
37.83,15825,16341.3,16300.3,-516.34
37.84,16350,16341.3,16300.1,8.65879
37.85,16400,16341.3,16300,58.6541
37.86,17225,16341.4,16299.8,883.646
37.87,17300,16341.4,16299.7,958.636
37.88,16700,16341.4,16299.5,358.622
37.89,16250,16341.4,16299.4,-91.3953
37.9,16775,16341.4,16299.3,433.585
37.91,15850,16341.4,16299.1,-491.439
37.92,16800,16341.5,16299,458.534
37.93,16475,16341.5,16298.8,133.504
37.94,16400,16341.5,16298.7,58.4712
37.95,17825,16341.6,16298.5,1483.43
37.96,16400,16341.6,16298.4,58.3946
37.97,16150,16341.6,16298.2,-191.649
37.98,16725,16341.7,16298.1,383.304
37.99,16225,16341.7,16297.9,-116.746
38,15875,16341.8,16297.8,-466.8
38.01,15600,16341.9,16297.6,-741.857
38.02,16025,16341.9,16297.5,-316.919
38.03,16025,16342,16297.4,-316.983
38.04,17775,16342.1,16297.2,1432.95
38.05,16425,16342.1,16297.1,82.8759
38.06,16575,16342.2,16296.9,232.8
38.07,17025,16342.3,16296.8,682.72
38.08,16875,16342.4,16296.7,532.636
38.09,15725,16342.5,16296.5,-617.452
38.1,16700,16342.5,16296.4,357.457
38.11,15775,16342.6,16296.2,-567.639
38.12,16900,16342.7,16296.1,557.261
38.13,16200,16342.8,16295.9,-142.843
38.14,16475,16343,16295.8,132.049
38.15,16875,16343.1,16295.7,531.936
38.16,16350,16343.2,16295.5,6.81916
38.17,17125,16343.3,16295.4,781.698
38.18,16250,16343.4,16295.3,-93.4278
38.19,16750,16343.6,16295.1,406.442
38.2,15550,16343.7,16295,-793.693
38.21,16800,16343.8,16294.8,456.168
38.22,17175,16344,16294.7,831.024
38.23,16500,16344.1,16294.6,155.875
38.24,15850,16344.3,16294.4,-494.279
38.25,14925,16344.4,16294.3,-1419.44
38.26,16500,16344.6,16294.2,155.399
38.27,16775,16344.8,16294,430.23
38.28,16025,16344.9,16293.9,-319.944
38.29,16550,16345.1,16293.8,204.877
38.3,16300,16345.3,16293.6,-45.3073
38.31,16775,16345.5,16293.5,429.503
38.32,16900,16345.7,16293.4,554.308
38.33,16700,16345.9,16293.2,354.107
38.34,16625,16346.1,16293.1,278.901
38.35,16925,16346.3,16293,578.688
38.36,16800,16346.5,16292.8,453.471
38.37,16475,16346.8,16292.7,128.247
38.38,16975,16347,16292.6,628.017
38.39,16975,16347.2,16292.4,627.781
38.4,16975,16347.5,16292.3,627.539
38.41,16475,16347.7,16292.2,127.29
38.42,16675,16348,16292,327.035
38.43,16625,16348.2,16291.9,276.774
38.44,17100,16348.5,16291.8,751.505
38.45,16275,16348.8,16291.7,-73.7695
38.46,17200,16349.1,16291.5,850.949
38.47,16475,16349.3,16291.4,125.66
38.48,16650,16349.6,16291.3,300.364
38.49,17850,16349.9,16291.1,1500.06
38.5,16575,16350.2,16291,224.75
38.51,16925,16350.6,16290.9,574.432
38.52,17150,16350.9,16290.8,799.106
38.53,15875,16351.2,16290.6,-476.227
38.54,16850,16351.6,16290.5,498.431
38.55,16250,16351.9,16290.4,-101.919
38.56,16650,16352.3,16290.3,297.724
38.57,16675,16352.6,16290.1,322.357
38.58,17125,16353,16290,771.982
38.59,15850,16353.4,16289.9,-503.401
38.6,16175,16353.8,16289.8,-178.794
38.61,16700,16354.2,16289.6,345.805
38.62,17550,16354.6,16289.5,1195.39
38.63,17125,16355,16289.4,769.974
38.64,16350,16355.5,16289.3,-5.45602
38.65,15575,16355.9,16289.2,-780.896
38.66,16400,16356.3,16289,43.6546
38.67,16975,16356.8,16288.9,618.195
38.68,16850,16357.3,16288.8,492.724
38.69,16025,16357.8,16288.7,-332.757
38.7,16125,16358.2,16288.6,-233.248
38.71,16325,16358.8,16288.4,-33.7513
38.72,16100,16359.3,16288.3,-259.266
38.73,17850,16359.8,16288.2,1490.21
38.74,16600,16360.3,16288.1,239.671
38.75,17400,16360.9,16288,1039.12
38.76,18125,16361.4,16287.8,1763.56
38.77,16575,16362,16287.7,212.985
38.78,16050,16362.6,16287.6,-312.603
38.79,16550,16363.2,16287.5,186.796
38.8,15800,16363.8,16287.4,-563.818
38.81,16125,16364.4,16287.3,-239.446
38.82,17150,16365.1,16287.1,784.912
38.83,16675,16365.7,16287,309.256
38.84,17125,16366.4,16286.9,758.585
38.85,15875,16367.1,16286.8,-492.101
38.86,16350,16367.8,16286.7,-17.8028
38.87,16325,16368.5,16286.6,-43.5201
38.88,17850,16369.3,16286.5,1480.75
38.89,16650,16370,16286.3,279.996
38.9,16775,16370.8,16286.2,404.23
38.91,16800,16371.6,16286.1,428.445
38.92,16550,16372.4,16286,177.643
38.93,18675,16373.2,16285.9,2301.82
38.94,17475,16374,16285.8,1100.98
38.95,17400,16374.9,16285.7,1025.13
38.96,17025,16375.8,16285.6,649.249
38.97,18000,16376.6,16285.4,1623.35
38.98,16550,16377.6,16285.3,172.433
38.99,17100,16378.5,16285.2,721.494
39,17125,16379.5,16285.1,745.533
39.01,17300,16380.4,16285,919.55
39.02,16300,16381.5,16284.9,-81.4554
39.03,16850,16382.5,16284.8,467.515
39.04,17925,16383.5,16284.7,1541.46
39.05,17425,16384.6,16284.6,1040.38
39.06,15850,16385.7,16284.5,-535.719
39.07,16975,16386.8,16284.4,588.152
39.08,16700,16388,16284.2,311.997
39.09,16200,16389.2,16284.1,-189.186
39.1,16000,16390.4,16284,-390.398
39.11,16350,16391.6,16283.9,-41.6381
39.12,16300,16392.9,16283.8,-92.9081
39.13,15975,16394.2,16283.7,-419.209
39.14,15975,16395.5,16283.6,-420.541
39.15,16000,16396.9,16283.5,-396.906
39.16,16175,16398.3,16283.4,-223.304
39.17,17075,16399.7,16283.3,675.264
39.18,16550,16401.2,16283.2,148.796
39.19,16975,16402.7,16283.1,572.292
39.2,16975,16404.2,16283,570.75
39.21,16900,16405.8,16282.9,494.17
39.22,15450,16407.5,16282.8,-957.451
39.23,16100,16409.1,16282.7,-309.112
39.24,15325,16410.8,16282.6,-1085.82
39.25,16075,16412.6,16282.5,-337.565
39.26,17875,16414.4,16282.4,1460.64
39.27,17025,16416.2,16282.3,608.801
39.28,16425,16418.1,16282.2,6.9111
39.29,16800,16420,16282.1,379.971
39.3,17275,16422,16282,852.979
39.31,17025,16424.1,16281.9,600.933
39.32,17100,16426.2,16281.8,673.83
39.33,15425,16428.3,16281.7,-1003.33
39.34,16125,16430.6,16281.6,-305.553
39.35,15650,16432.8,16281.5,-782.838
39.36,16325,16435.2,16281.4,-110.19
39.37,15825,16437.6,16281.3,-612.611
39.38,17050,16440.1,16281.2,609.895
39.39,17000,16442.7,16281.1,557.325
39.4,17500,16445.3,16281,1054.68
39.41,17375,16448.1,16280.9,926.942
39.42,17900,16450.9,16280.8,1449.12
39.43,16425,16453.8,16280.7,-28.7957
39.44,17100,16456.8,16280.6,643.189
39.45,16075,16459.9,16280.5,-384.931
39.46,16775,16463.2,16280.4,311.837
39.47,17050,16466.5,16280.3,583.486
39.48,17200,16470,16280.2,730.007
39.49,16650,16473.6,16280.2,176.391
39.5,16425,16477.4,16280.1,-52.3708
39.51,16450,16481.3,16280,-31.2903
39.52,16925,16485.4,16279.9,439.62
39.53,17425,16489.7,16279.8,935.347
39.54,15750,16494.1,16279.7,-744.124
39.55,16475,16498.8,16279.6,-23.8103
39.56,15900,16503.7,16279.5,-603.73
39.57,15625,16508.9,16279.4,-883.905
39.58,16400,16514.4,16279.3,-114.355
39.59,17600,16520.1,16279.2,1079.89
39.6,16600,16526.2,16279.1,73.812
39.61,15700,16532.6,16279.1,-832.628
39.62,15750,16539.5,16279,-789.46
39.63,17775,16546.7,16278.9,1228.28
39.64,17525,16554.4,16278.8,970.551
39.65,16025,16562.7,16278.7,-537.69
39.66,15900,16571.5,16278.6,-671.491
39.67,16350,16580.9,16278.5,-230.903
39.68,17575,16591,16278.4,984.017
39.69,16050,16601.8,16278.4,-551.792
39.7,17525,16613.4,16278.3,911.604
39.71,16075,16625.9,16278.2,-550.867
39.72,15900,16639.3,16278.1,-739.282
39.73,15875,16653.7,16278,-778.723
39.74,17100,16669.3,16277.9,430.721
39.75,16025,16686,16277.8,-661.044
39.76,15725,16704.1,16277.8,-979.12
39.77,17800,16723.6,16277.7,1076.39
39.78,18250,16744.6,16277.6,1505.36
39.79,16675,16767.3,16277.5,-92.3079
39.8,16925,16791.8,16277.4,133.244
39.81,15575,16818.1,16277.4,-1243.11
39.82,16575,16846.5,16277.3,-271.513
39.83,17125,16877.1,16277.2,247.898
39.84,16125,16910,16277.1,-785.027
39.85,17750,16945.4,16277,804.558
39.86,16850,16983.5,16276.9,-133.504
39.87,17225,17024.4,16276.9,200.626
39.88,16300,17068.2,16276.8,-768.216
39.89,16850,17115.2,16276.7,-265.196
39.9,17425,17165.5,16276.6,259.521
39.91,17325,17219.2,16276.5,105.767
39.92,16750,17276.6,16276.5,-526.624
39.93,17575,17337.8,16276.4,237.185
39.94,18050,17403,16276.3,647.034
39.95,17450,17472.2,16276.2,-22.2297
39.96,17075,17545.8,16276.2,-470.755
39.97,17325,17623.7,16276.1,-298.682
39.98,16450,17706.1,16276,-1256.14
39.99,18400,17793.2,16275.9,606.753
40,17575,17885.1,16275.9,-310.106
40.01,17875,17981.8,16275.8,-106.809
40.02,18350,18083.4,16275.7,266.574
40.03,18075,18190,16275.6,-115.013
40.04,17450,18301.6,16275.5,-851.601
40.05,17300,18418.2,16275.5,-1118.2
40.06,17600,18539.8,16275.4,-939.798
40.07,17925,18666.4,16275.3,-741.353
40.08,18125,18797.8,16275.3,-672.798
40.09,16800,18934,16275.2,-2134.04
40.1,18425,19074.9,16275.1,-649.939
40.11,18325,19220.3,16275,-895.346
40.12,17650,19370.1,16275,-1720.06
40.13,17500,19523.9,16274.9,-2023.85
40.14,19050,19681.5,16274.8,-631.46
40.15,19175,19842.6,16274.8,-667.571
40.16,18750,20006.8,16274.7,-1256.85
40.17,18275,20173.9,16274.6,-1898.9
40.18,18125,20343.3,16274.5,-2218.31
40.19,19925,20514.6,16274.5,-589.601
40.2,19650,20687.3,16274.4,-1037.27
40.21,19375,20860.8,16274.3,-1485.78
40.22,21625,21034.5,16274.3,590.488
40.23,21500,21207.8,16274.2,292.155
40.24,21625,21380.1,16274.1,244.9
40.25,21400,21550.6,16274.1,-150.56
40.26,21050,21718.5,16274,-668.47
40.27,22800,21883,16273.9,916.957
40.28,23825,22043.5,16273.9,1781.54
40.29,22500,22198.9,16273.8,301.114
40.3,23625,22348.5,16273.7,1276.54
40.31,23250,22491.3,16273.7,758.696
40.32,24525,22626.6,16273.6,1898.43
40.33,23250,22753.4,16273.5,496.611
40.34,22675,22870.9,16273.5,-195.941
40.35,23025,22978.4,16273.4,46.5714
40.36,22250,23075.1,16273.3,-825.107
40.37,21350,23160.3,16273.3,-1810.3
40.38,20775,23233.4,16273.2,-2458.39
40.39,21450,23293.9,16273.1,-1843.85
40.4,21825,23341.3,16273.1,-1516.27
40.41,20750,23375.3,16273,-2625.3
40.42,21350,23395.7,16273,-2045.72
40.43,20925,23402.4,16272.9,-2477.41
40.44,20600,23395.4,16272.8,-2795.37
40.45,19250,23374.7,16272.8,-4124.68
40.46,20075,23340.5,16272.7,-3265.55
40.47,17050,23293.3,16272.7,-6243.26
40.48,18775,23233.2,16272.6,-4458.2
40.49,17975,23160.8,16272.5,-5185.84
40.5,17550,23076.7,16272.5,-5526.71
40.51,17725,22981.4,16272.4,-5256.42
40.52,18025,22875.6,16272.4,-4850.64
40.53,18325,22760.1,16272.3,-4435.08
40.54,17900,22635.5,16272.2,-4735.48
40.55,17800,22502.6,16272.2,-4702.63
40.56,18125,22362.3,16272.1,-4237.33
40.57,18625,22215.4,16272.1,-3590.39
40.58,17650,22062.6,16272,-4412.64
40.59,18300,21904.9,16272,-3604.88
40.6,16400,21742.9,16271.9,-5342.91
40.61,16600,21577.5,16271.8,-4977.52
40.62,17200,21409.5,16271.8,-4209.48
40.63,17550,21239.5,16271.7,-3689.51
40.64,17150,21068.3,16271.7,-3918.31
40.65,17125,20896.5,16271.6,-3771.55
40.66,17950,20724.9,16271.6,-2774.86
40.67,17375,20553.8,16271.5,-3178.83
40.68,16875,20384,16271.5,-3509.02
40.69,17750,20215.9,16271.4,-2465.93
40.7,17300,20050,16271.4,-2750.03
40.71,17575,19886.7,16271.3,-2311.75
40.72,17175,19726.5,16271.2,-2551.48
40.73,16650,19569.6,16271.2,-2919.57
40.74,16275,19416.3,16271.1,-3141.33
40.75,17100,19267,16271.1,-2167.03
40.76,18300,19121.9,16271,-821.912
40.77,16525,18981.2,16271,-2456.18
40.78,16750,18845,16270.9,-2094.99
40.79,16525,18713.5,16270.9,-2188.48
40.8,16775,18586.8,16270.8,-1811.76
40.81,16750,18464.9,16270.8,-1714.91
40.82,16500,18348,16270.7,-1847.96
40.83,16600,18235.9,16270.7,-1635.94
40.84,16575,18128.8,16270.6,-1553.84
40.85,16575,18026.6,16270.6,-1451.65
40.86,15700,17929.3,16270.6,-2229.3
40.87,17350,17836.7,16270.5,-486.741
40.88,16700,17748.9,16270.5,-1048.89
40.89,17400,17665.6,16270.4,-265.637
40.9,16950,17586.9,16270.4,-636.882
40.91,16850,17512.5,16270.3,-662.498
40.92,17300,17442.4,16270.3,-142.353
40.93,17550,17376.3,16270.2,173.696
40.94,16350,17314.2,16270.2,-964.204
40.95,16275,17255.9,16270.1,-980.899
40.96,17325,17201.2,16270.1,123.763
40.97,16650,17150,16270,-500.045
40.98,17425,17102.2,16270,322.831
40.99,17075,17057.4,16270,17.5547
41,17400,17015.7,16269.9,384.287
41.01,17825,16976.8,16269.9,848.186
41.02,18575,16940.6,16269.8,1634.41
41.03,16625,16906.9,16269.8,-281.884
41.04,16350,16875.6,16269.7,-525.55
41.05,16100,16846.4,16269.7,-746.441
41.06,17950,16819.4,16269.7,1130.58
41.07,16175,16794.3,16269.6,-619.339
41.08,16400,16771.1,16269.6,-371.079
41.09,15475,16749.5,16269.5,-1274.51
41.1,15775,16729.5,16269.5,-954.52
41.11,16625,16711,16269.5,-85.9899
41.12,16475,16693.8,16269.4,-218.815
41.13,16000,16677.9,16269.4,-677.894
41.14,17075,16663.1,16269.3,411.867
41.15,16325,16649.4,16269.3,-324.443
41.16,16475,16636.7,16269.3,-161.74
41.17,16600,16624.9,16269.2,-24.9474
41.18,17275,16614,16269.2,661.008
41.19,16750,16603.8,16269.2,146.192
41.2,17200,16594.3,16269.1,605.668
41.21,17000,16585.5,16269.1,414.493
41.22,17175,16577.3,16269,597.72
41.23,16900,16569.6,16269,330.398
41.24,16425,16562.4,16269,-137.428
41.25,16100,16555.7,16268.9,-455.718
41.26,16575,16549.4,16268.9,25.5672
41.27,17575,16543.5,16268.9,1031.46
41.28,16600,16538,16268.8,61.9943
41.29,15325,16532.8,16268.8,-1207.8
41.3,17000,16527.9,16268.8,472.093
41.31,16800,16523.3,16268.7,276.707
41.32,16050,16518.9,16268.7,-468.94
41.33,15375,16514.8,16268.7,-1139.83
41.34,16675,16510.9,16268.6,164.06
41.35,17525,16507.3,16268.6,1017.74
41.36,16425,16503.8,16268.6,-78.7762
41.37,16625,16500.5,16268.5,124.527
41.38,16650,16497.3,16268.5,152.661
41.39,17600,16494.4,16268.5,1105.63
41.4,17400,16491.5,16268.4,908.458
41.41,16675,16488.9,16268.4,186.14
41.42,16325,16486.3,16268.4,-161.312
41.43,15850,16483.9,16268.4,-633.892
41.44,16250,16481.6,16268.3,-231.594
41.45,16850,16479.4,16268.3,370.588
41.46,15900,16477.3,16268.3,-577.341
41.47,15850,16475.4,16268.2,-625.377
41.48,16700,16473.5,16268.2,226.484
41.49,16750,16471.8,16268.2,278.245
41.5,17400,16470.1,16268.2,929.909
41.51,16025,16468.5,16268.1,-443.521
41.52,16400,16467,16268.1,-67.0429
41.53,16675,16465.7,16268.1,209.346
41.54,16625,16464.4,16268.1,160.646
41.55,17200,16463.1,16268,736.859
41.56,16475,16462,16268,12.9874
41.57,16350,16461,16268,-110.969
41.58,17275,16460,16268,814.989
41.59,15925,16459.1,16267.9,-534.135
41.6,16500,16458.3,16267.9,41.6557
41.61,17475,16457.6,16267.9,1017.36
41.62,15750,16457,16267.9,-707.015
41.63,16200,16456.5,16267.8,-256.478
41.64,16150,16456,16267.8,-306.027
41.65,16325,16455.7,16267.8,-130.664
41.66,17625,16455.4,16267.8,1169.61
41.67,17850,16455.2,16267.7,1394.79
41.68,17425,16455.1,16267.7,969.876
41.69,16425,16455.1,16267.7,-30.1351
41.7,17025,16455.2,16267.7,569.753
41.71,16025,16455.5,16267.7,-430.464
41.72,16700,16455.8,16267.6,244.21
41.73,18150,16456.2,16267.6,1693.77
41.74,16350,16456.8,16267.6,-106.791
41.75,16000,16457.5,16267.6,-457.478
41.76,16450,16458.3,16267.6,-8.29939
41.77,17025,16459.3,16267.5,565.738
41.78,16225,16460.4,16267.5,-235.375
41.79,16000,16461.6,16267.5,-461.648
41.8,16100,16463.1,16267.5,-363.091
41.81,16425,16464.7,16267.5,-39.7174
41.82,16475,16466.5,16267.4,8.46132
41.83,17350,16468.6,16267.4,881.431
41.84,16225,16470.8,16267.4,-245.824
41.85,17200,16473.3,16267.4,726.679
41.86,17225,16476.1,16267.4,748.924
41.87,16475,16479.1,16267.4,-4.11037
41.88,16000,16482.4,16267.3,-482.444
41.89,16875,16486.1,16267.3,388.899
41.9,16475,16490.1,16267.3,-15.1043
41.91,18125,16494.5,16267.3,1630.52
41.92,17225,16499.3,16267.3,725.742
41.93,16750,16504.5,16267.3,245.533
41.94,16850,16510.1,16267.3,339.863
41.95,16800,16516.3,16267.2,283.696
41.96,16900,16523,16267.2,376.997
41.97,16700,16530.3,16267.2,169.729
41.98,16925,16538.1,16267.2,386.852
41.99,17700,16546.7,16267.2,1153.32
42,16000,16555.9,16267.2,-555.897
42.01,17225,16565.9,16267.2,659.143
42.02,17075,16576.6,16267.2,498.397
42.03,16075,16588.2,16267.2,-513.184
42.04,16700,16600.6,16267.1,99.3503
42.05,18050,16614.1,16267.1,1435.95
42.06,18200,16628.4,16267.1,1571.56
42.07,17200,16643.9,16267.1,556.122
42.08,15850,16660.4,16267.1,-810.411
42.09,16200,16678.1,16267.1,-478.098
42.1,16275,16697,16267.1,-421.994
42.11,16075,16717.2,16267.1,-642.155
42.12,17350,16738.6,16267.1,611.364
42.13,16675,16761.5,16267.1,-86.4928
42.14,17150,16785.8,16267.1,364.222
42.15,16650,16811.5,16267,-161.545
42.16,16325,16838.8,16267,-513.844
42.17,17050,16867.7,16267,182.278
42.18,18400,16898.2,16267,1501.77
42.19,17150,16930.4,16267,219.604
42.2,17275,16964.3,16267,310.728
42.21,17325,16999.9,16267,325.112
42.22,16975,17037.3,16267,-62.2728
42.23,16275,17076.5,16267,-801.45
42.24,16975,17117.4,16267,-142.438
42.25,16350,17160.2,16267,-810.249
42.26,17150,17204.9,16267,-54.8871
42.27,18150,17251.3,16267,898.65
42.28,16900,17299.6,16267,-399.627
42.29,16925,17349.7,16267,-424.699
42.3,16875,17401.5,16267,-526.539
42.31,16925,17455.1,16267,-530.109
42.32,16425,17510.4,16267,-1085.36
42.33,16700,17567.2,16267,-867.242
42.34,17550,17625.7,16267,-75.68
42.35,18025,17685.6,16267,339.403
42.36,16525,17746.9,16267,-1221.9
42.37,18675,17809.5,16267,865.502
42.38,18300,17873.3,16267,426.734
42.39,16850,17938.1,16267,-1088.08
42.4,16850,18003.8,16267,-1153.81
42.41,18850,18070.3,16267,779.713
42.42,17000,18137.4,16267,-1137.36
42.43,16100,18204.9,16267,-2104.85
42.44,16600,18272.6,16267,-1672.57
42.45,16975,18340.3,16267,-1365.31
42.46,17350,18407.9,16267,-1057.85
42.47,18225,18475,16267,-249.979
42.48,17950,18541.4,16267,-591.441
42.49,16950,18607,16267,-1656.99
42.5,18000,18671.4,16267,-671.361
42.51,17825,18734.3,16267,-909.286
42.52,18700,18795.5,16267,-95.485
42.53,16450,18854.7,16267,-2404.67
42.54,18950,18911.6,16267,38.4398
42.55,16650,18965.9,16267,-2315.86
42.56,16925,19017.3,16267,-2092.28
42.57,17375,19065.5,16267,-1690.54
42.58,17300,19110.4,16267,-1810.37
42.59,17425,19151.5,16267,-1726.51
42.6,17000,19188.7,16267,-2188.7
42.61,16325,19221.7,16267,-2896.72
42.62,17075,19250.4,16267,-2175.37
42.63,16650,19274.5,16267,-2624.46
42.64,16500,19293.9,16267.1,-2793.86
42.65,17025,19308.4,16267.1,-2283.42
42.66,16675,19318.1,16267.1,-2643.08
42.67,15875,19322.8,16267.1,-3447.77
42.68,17150,19322.5,16267.1,-2172.47
42.69,16675,19317.2,16267.1,-2642.19
42.7,16250,19307,16267.1,-3056.98
42.71,17000,19291.9,16267.1,-2291.91
42.72,16500,19272.1,16267.1,-2772.08
42.73,16525,19247.6,16267.1,-2722.64
42.74,17100,19218.7,16267.1,-2118.73
42.75,16325,19185.5,16267.2,-2860.54
42.76,16475,19148.3,16267.2,-2673.27
42.77,16125,19107.1,16267.2,-2982.14
42.78,17875,19062.4,16267.2,-1187.38
42.79,17375,19014.3,16267.2,-1639.26
42.8,16625,18963,16267.2,-2338.02
42.81,16475,18908.9,16267.2,-2433.94
42.82,17175,18852.3,16267.2,-1677.28
42.83,17450,18793.3,16267.2,-1343.32
42.84,16400,18732.3,16267.3,-2332.34
42.85,16075,18669.6,16267.3,-2594.61
42.86,16425,18605.4,16267.3,-2180.4
42.87,17125,18540,16267.3,-1414.97
42.88,17650,18473.6,16267.3,-823.576
42.89,17600,18406.5,16267.3,-806.469
42.9,17400,18338.9,16267.3,-938.885
42.91,15825,18271.1,16267.4,-2446.05
42.92,17200,18203.2,16267.4,-1003.18
42.93,15400,18135.5,16267.4,-2735.48
42.94,16250,18068.1,16267.4,-1818.14
42.95,15700,18001.3,16267.4,-2301.34
42.96,16325,17935.2,16267.4,-1610.24
42.97,16500,17870,16267.5,-1370
42.98,16725,17805.8,16267.5,-1080.76
42.99,17175,17742.6,16267.5,-567.642
43,16500,17680.8,16267.5,-1180.77
43.01,16575,17620.2,16267.5,-1045.25
43.02,17400,17561.2,16267.6,-161.162
43.03,15750,17503.6,16267.6,-1753.6
43.04,16400,17447.6,16267.6,-1047.62
43.05,15675,17393.3,16267.6,-1718.3
43.06,15850,17340.7,16267.6,-1490.67
43.07,16450,17289.8,16267.6,-839.774
43.08,17100,17240.6,16267.7,-140.646
43.09,16200,17193.3,16267.7,-993.304
43.1,16175,17147.8,16267.7,-972.761
43.11,17300,17104,16267.7,195.98
43.12,16500,17062.1,16267.8,-562.077
43.13,16925,17021.9,16267.8,-96.9229
43.14,17000,16983.5,16267.8,16.4593
43.15,15900,16946.9,16267.8,-1046.91
43.16,16325,16912,16267.8,-586.996
43.17,16025,16878.8,16267.9,-853.774
43.18,16775,16847.2,16267.9,-72.203
43.19,15975,16817.2,16267.9,-842.243
43.2,15275,16788.9,16267.9,-1513.85
43.21,16800,16762,16268,38.0229
43.22,16150,16736.6,16268,-586.575
43.23,15800,16712.6,16268,-912.592
43.24,16500,16690,16268,-189.975
43.25,16525,16668.7,16268.1,-143.672
43.26,16200,16648.6,16268.1,-448.626
43.27,15900,16629.8,16268.1,-729.784
43.28,16025,16612.1,16268.1,-587.09
43.29,16475,16595.5,16268.2,-120.49
43.3,17050,16579.9,16268.2,470.072
43.31,17425,16565.4,16268.2,859.648
43.32,17100,16551.7,16268.2,548.291
43.33,17050,16538.9,16268.3,511.052
43.34,17850,16527,16268.3,1322.98
43.35,16475,16515.9,16268.3,-40.8693
43.36,15425,16505.5,16268.3,-1080.46
43.37,15875,16495.7,16268.4,-620.735
43.38,16775,16486.7,16268.4,288.341
43.39,17075,16478.2,16268.4,596.812
43.4,17575,16470.3,16268.5,1104.72
43.41,16800,16462.9,16268.5,337.097
43.42,16925,16456,16268.5,468.986
43.43,15600,16449.6,16268.6,-849.581
43.44,16575,16443.6,16268.6,131.428
43.45,15675,16438,16268.6,-762.956
43.46,16675,16432.7,16268.6,242.295
43.47,16900,16427.8,16268.7,472.208
43.48,16350,16423.2,16268.7,-73.1903
43.49,16700,16418.9,16268.7,281.122
43.5,17100,16414.8,16268.8,685.168
43.51,16475,16411,16268.8,63.9681
43.52,18475,16407.5,16268.8,2067.54
43.53,15650,16404.1,16268.9,-754.096
43.54,16300,16400.9,16268.9,-100.926
43.55,17000,16397.9,16268.9,602.066
43.56,16700,16395.1,16269,304.894
43.57,15675,16392.4,16269,-717.43
43.58,16700,16389.9,16269,310.108
43.59,16800,16387.5,16269.1,412.516
43.6,15775,16385.2,16269.1,-610.194
43.61,17125,16383,16269.1,741.986
43.62,16900,16380.9,16269.2,519.064
43.63,15300,16379,16269.2,-1078.95
43.64,14900,16377.1,16269.2,-1477.05
43.65,16050,16375.2,16269.3,-325.235
43.66,16775,16373.5,16269.3,401.508
43.67,16900,16371.8,16269.4,528.181
43.68,16225,16370.2,16269.4,-145.21
43.69,16500,16368.7,16269.4,131.339
43.7,16575,16367.2,16269.5,207.831
43.71,17125,16365.7,16269.5,759.271
43.72,17075,16364.3,16269.5,710.661
43.73,17000,16363,16269.6,637.005
43.74,16550,16361.7,16269.6,188.305
43.75,15725,16360.4,16269.7,-635.436
43.76,16525,16359.2,16269.7,165.785
43.77,16500,16358,16269.7,141.968
43.78,16900,16356.9,16269.8,543.117
43.79,16325,16355.8,16269.8,-30.7677
43.8,15975,16354.7,16269.9,-379.684
43.81,16800,16353.6,16269.9,446.37
43.82,17450,16352.6,16269.9,1097.4
43.83,15475,16351.6,16270,-876.607
43.84,16175,16350.6,16270,-175.635
43.85,17200,16349.7,16270.1,850.311
43.86,17775,16348.8,16270.1,1426.23
43.87,16500,16347.9,16270.2,152.132
43.88,16625,16347,16270.2,278.009
43.89,16875,16346.1,16270.2,528.863
43.9,16850,16345.3,16270.3,504.697
43.91,16900,16344.5,16270.3,555.511
43.92,16175,16343.7,16270.4,-168.695
43.93,17025,16342.9,16270.4,682.081
43.94,16475,16342.2,16270.5,132.838
43.95,16400,16341.4,16270.5,58.5776
43.96,16575,16340.7,16270.5,234.3
43.97,16500,16340,16270.6,160.006
43.98,16975,16339.3,16270.6,635.695
43.99,17550,16338.6,16270.7,1211.37
44,16400,16338,16270.7,62.028
44.01,16800,16337.3,16270.8,462.672
44.02,16950,16336.7,16270.8,613.301
44.03,16075,16336.1,16270.9,-261.083
44.04,16250,16335.5,16270.9,-85.4815
44.05,15575,16334.9,16271,-759.893
44.06,16850,16334.3,16271,515.682
44.07,15550,16333.8,16271.1,-783.755
44.08,16675,16333.2,16271.1,341.796
44.09,17350,16332.7,16271.1,1017.33
44.1,16900,16332.1,16271.2,567.862
44.11,16325,16331.6,16271.2,-6.62264
44.12,15850,16331.1,16271.3,-481.118
44.13,15925,16330.6,16271.3,-405.624
44.14,16950,16330.1,16271.4,619.859
44.15,16075,16329.7,16271.4,-254.669
44.16,16450,16329.2,16271.5,120.794
44.17,17375,16328.8,16271.5,1046.25
44.18,15800,16328.3,16271.6,-528.31
44.19,17950,16327.9,16271.6,1622.12
44.2,17325,16327.5,16271.7,997.549
44.21,16050,16327,16271.7,-277.036
44.22,17700,16326.6,16271.8,1373.37
44.23,16400,16326.2,16271.9,73.7695
44.24,17075,16325.8,16271.9,749.159
44.25,17275,16325.5,16272,949.541
44.26,17275,16325.1,16272,949.915
44.27,17025,16324.7,16272.1,700.281
44.28,17275,16324.4,16272.1,950.639
44.29,16625,16324,16272.2,300.99
44.3,17525,16323.7,16272.2,1201.33
44.31,16700,16323.3,16272.3,376.669
44.32,16250,16323,16272.3,-73.0014
44.33,17450,16322.7,16272.4,1127.32
44.34,17650,16322.4,16272.4,1327.64
44.35,16425,16322.1,16272.5,102.945
44.36,15725,16321.8,16272.6,-596.752
44.37,17525,16321.5,16272.6,1203.54
44.38,16575,16321.2,16272.7,253.834
44.39,16200,16320.9,16272.7,-120.883
44.4,17350,16320.6,16272.8,1029.4
44.41,15925,16320.3,16272.8,-395.333
44.42,16525,16320.1,16272.9,204.933
44.43,16000,16319.8,16272.9,-319.806
44.44,15875,16319.6,16273,-444.551
44.45,16275,16319.3,16273.1,-44.3017
44.46,16500,16319.1,16273.1,180.943
44.47,16750,16318.8,16273.2,431.182
44.48,17075,16318.6,16273.2,756.415
44.49,15875,16318.4,16273.3,-443.356
44.5,14950,16318.1,16273.4,-1368.13
44.51,15775,16317.9,16273.4,-542.913
44.52,16400,16317.7,16273.5,82.3018
44.53,15025,16317.5,16273.5,-1292.49
44.54,16850,16317.3,16273.6,532.717
44.55,17000,16317.1,16273.7,682.917
44.56,16525,16316.9,16273.7,208.113
44.57,17300,16316.7,16273.8,983.305
44.58,16850,16316.5,16273.8,533.492
44.59,15825,16316.3,16273.9,-491.324
44.6,15875,16316.1,16274,-441.145
44.61,17300,16316,16274,984.03
44.62,16550,16315.8,16274.1,234.201
44.63,15925,16315.6,16274.1,-390.632
44.64,16325,16315.5,16274.2,9.53161
44.65,16500,16315.3,16274.3,184.691
44.66,16200,16315.2,16274.3,-115.153
44.67,16450,16315,16274.4,134.999
44.68,17525,16314.9,16274.5,1210.15
44.69,16150,16314.7,16274.5,-164.708
44.7,17375,16314.6,16274.6,1060.43
44.71,15625,16314.4,16274.7,-689.428
44.72,16325,16314.3,16274.7,10.7061
44.73,16550,16314.2,16274.8,235.837
44.74,16700,16314,16274.8,385.965
44.75,16550,16313.9,16274.9,236.09
44.76,16975,16313.8,16275,661.211
44.77,16850,16313.7,16275,536.329
44.78,15875,16313.6,16275.1,-438.555
44.79,16700,16313.4,16275.2,386.557
44.8,16775,16313.3,16275.2,461.666
44.81,17325,16313.2,16275.3,1011.77
44.82,15650,16313.1,16275.4,-663.125
44.83,16875,16313,16275.4,561.975
44.84,17100,16312.9,16275.5,787.073
44.85,16175,16312.8,16275.6,-137.833
44.86,16850,16312.7,16275.6,537.259
44.87,17450,16312.7,16275.7,1137.35
44.88,17450,16312.6,16275.8,1137.43
44.89,16525,16312.5,16275.9,212.518
44.9,16325,16312.4,16275.9,12.5995
44.91,17400,16312.3,16276,1087.68
44.92,17525,16312.2,16276.1,1212.75
44.93,16025,16312.2,16276.1,-287.173
44.94,17475,16312.1,16276.2,1162.9
44.95,16925,16312,16276.3,612.967
44.96,17575,16312,16276.3,1263.03
44.97,16875,16311.9,16276.4,563.096
44.98,15875,16311.8,16276.5,-436.842
44.99,16175,16311.8,16276.6,-136.783
45,16775,16311.7,16276.6,463.273
45.01,16950,16311.7,16276.7,638.327
45.02,15850,16311.6,16276.8,-461.621
45.03,16425,16311.6,16276.8,113.429
45.04,16350,16311.5,16276.9,38.4768
45.05,17575,16311.5,16277,1263.52
45.06,17175,16311.4,16277.1,863.565
45.07,17300,16311.4,16277.1,988.606
45.08,16450,16311.4,16277.2,138.645
45.09,17450,16311.3,16277.3,1138.68
45.1,16875,16311.3,16277.4,563.717
45.11,16075,16311.3,16277.4,-236.25
45.12,16650,16311.2,16277.5,338.781
45.13,16325,16311.2,16277.6,13.8093
45.14,16800,16311.2,16277.7,488.836
45.15,17075,16311.1,16277.7,763.861
45.16,16450,16311.1,16277.8,138.884
45.17,16875,16311.1,16277.9,563.905
45.18,15500,16311.1,16278,-811.076
45.19,17225,16311.1,16278,913.941
45.2,16225,16311,16278.1,-86.0441
45.21,16250,16311,16278.2,-61.0308
45.22,16600,16311,16278.3,288.981
45.23,16450,16311,16278.3,138.99
45.24,16725,16311,16278.4,413.998
45.25,16750,16311,16278.5,439.005
45.26,15425,16311,16278.6,-885.991
45.27,17350,16311,16278.7,1039.01
45.28,16725,16311,16278.7,414.012
45.29,16350,16311,16278.8,39.0115
45.3,15850,16311,16278.9,-460.991
45.31,15775,16311,16279,-535.995
45.32,16550,16311,16279.1,238.999
45.33,17200,16311,16279.1,888.991
45.34,17325,16311,16279.2,1013.98
45.35,16525,16311,16279.3,213.971
45.36,16775,16311,16279.4,463.958
45.37,15900,16311.1,16279.5,-411.056
45.38,16450,16311.1,16279.5,138.928
45.39,16700,16311.1,16279.6,388.911
45.4,16725,16311.1,16279.7,413.892
45.41,16675,16311.1,16279.8,363.871
45.42,16250,16311.2,16279.9,-61.151
45.43,17350,16311.2,16279.9,1038.83
45.44,17350,16311.2,16280,1038.8
45.45,16275,16311.2,16280.1,-36.2267
45.46,17050,16311.3,16280.2,738.745
45.47,16025,16311.3,16280.3,-286.285
45.48,16800,16311.3,16280.4,488.684
45.49,16800,16311.3,16280.4,488.651
45.5,15875,16311.4,16280.5,-436.383
45.51,17125,16311.4,16280.6,813.581
45.52,17450,16311.5,16280.7,1138.54
45.53,16175,16311.5,16280.8,-136.495
45.54,16300,16311.5,16280.9,-11.5354
45.55,16500,16311.6,16280.9,188.423
45.56,17475,16311.6,16281,1163.38
45.57,16550,16311.7,16281.1,238.335
45.58,16600,16311.7,16281.2,288.289
45.59,16250,16311.8,16281.3,-61.758
45.6,16575,16311.8,16281.4,263.193
45.61,16750,16311.9,16281.5,438.143
45.62,15925,16311.9,16281.5,-386.909
45.63,17375,16312,16281.6,1063.04
45.64,17725,16312,16281.7,1412.98
45.65,16525,16312.1,16281.8,212.928
45.66,16400,16312.1,16281.9,87.8709
45.67,17425,16312.2,16282,1112.81
45.68,15675,16312.2,16282.1,-637.248
45.69,16800,16312.3,16282.2,487.691
45.7,16875,16312.4,16282.2,562.628
45.71,17575,16312.4,16282.3,1262.56
45.72,17275,16312.5,16282.4,962.499
45.73,15400,16312.6,16282.5,-912.568
45.74,16700,16312.6,16282.6,387.364
45.75,16300,16312.7,16282.7,-12.7054
45.76,16550,16312.8,16282.8,237.224
45.77,17125,16312.8,16282.9,812.152
45.78,16700,16312.9,16283,387.078
45.79,15925,16313,16283.1,-387.997
45.8,16850,16313.1,16283.1,536.927
45.81,17625,16313.2,16283.2,1311.85
45.82,17825,16313.2,16283.3,1511.77
45.83,17100,16313.3,16283.4,786.691
45.84,17000,16313.4,16283.5,686.609
45.85,15875,16313.5,16283.6,-438.474
45.86,16400,16313.6,16283.7,86.4423
45.87,16600,16313.6,16283.8,286.357
45.88,16650,16313.7,16283.9,336.27
45.89,16925,16313.8,16284,611.182
45.9,16925,16313.9,16284.1,611.093
45.91,16475,16314,16284.2,161.002
45.92,16100,16314.1,16284.3,-214.09
45.93,16475,16314.2,16284.3,160.816
45.94,17225,16314.3,16284.4,910.722
45.95,15625,16314.4,16284.5,-689.374
45.96,16550,16314.5,16284.6,235.528
45.97,17575,16314.6,16284.7,1260.43
45.98,15925,16314.7,16284.8,-389.67
45.99,16300,16314.8,16284.9,-14.7717
46,16075,16314.9,16285,-239.874
46.01,16925,16315,16285.1,610.022
46.02,15200,16315.1,16285.2,-1115.08
46.03,15900,16315.2,16285.3,-415.19
46.04,16550,16315.3,16285.4,234.702
46.05,16600,16315.4,16285.5,284.592
46.06,16275,16315.5,16285.6,-40.5182
46.07,17350,16315.6,16285.7,1034.37
46.08,17325,16315.7,16285.8,1009.26
46.09,16800,16315.9,16285.9,484.142
46.1,16450,16316,16286,134.026
46.11,17450,16316.1,16286.1,1133.91
46.12,17350,16316.2,16286.2,1033.79
46.13,16525,16316.3,16286.3,208.669
46.14,16500,16316.5,16286.4,183.548
46.15,16575,16316.6,16286.5,258.425
46.16,16725,16316.7,16286.6,408.301
46.17,16600,16316.8,16286.7,283.175
46.18,16500,16317,16286.8,183.048
46.19,16775,16317.1,16286.9,457.92
46.2,15200,16317.2,16287,-1117.21
46.21,16900,16317.3,16287.1,582.659
46.22,16275,16317.5,16287.2,-42.4737
46.23,16650,16317.6,16287.3,332.392
46.24,17225,16317.7,16287.4,907.257
46.25,16225,16317.9,16287.5,-92.88
46.26,16275,16318,16287.6,-43.0183
46.27,17400,16318.2,16287.7,1081.84
46.28,16775,16318.3,16287.8,456.701
46.29,15975,16318.4,16287.9,-343.442
46.3,16850,16318.6,16288,531.414
46.31,16800,16318.7,16288.1,481.269
46.32,15500,16318.9,16288.2,-818.878
46.33,17075,16319,16288.3,755.973
46.34,16675,16319.2,16288.4,355.823
46.35,17825,16319.3,16288.5,1505.67
46.36,16225,16319.5,16288.6,-94.4816
46.37,17100,16319.6,16288.7,780.364
46.38,16850,16319.8,16288.8,530.208
46.39,16100,16319.9,16288.9,-219.95
46.4,17550,16320.1,16289,1229.89
46.41,16725,16320.3,16289.1,404.73
46.42,16150,16320.4,16289.2,-170.432
46.43,16050,16320.6,16289.3,-270.596
46.44,17125,16320.8,16289.4,804.238
46.45,16700,16320.9,16289.5,379.071
46.46,16200,16321.1,16289.6,-121.097
46.47,16500,16321.3,16289.7,178.732
46.48,16700,16321.4,16289.8,378.56
46.49,17550,16321.6,16290,1228.39
46.5,16600,16321.8,16290.1,278.211
46.51,16275,16322,16290.2,-46.9659
46.52,16575,16322.1,16290.3,252.855
46.53,17200,16322.3,16290.4,877.675
46.54,17275,16322.5,16290.5,952.493
46.55,16675,16322.7,16290.6,352.309
46.56,16900,16322.9,16290.7,577.123
46.57,16625,16323.1,16290.8,301.936
46.58,16925,16323.3,16290.9,601.746
46.59,16350,16323.4,16291,26.5553
46.6,16300,16323.6,16291.1,-23.6376
46.61,16500,16323.8,16291.2,176.168
46.62,16050,16324,16291.4,-274.029
46.63,17075,16324.2,16291.5,750.773
46.64,16350,16324.4,16291.6,25.5722
46.65,16800,16324.6,16291.7,475.37
46.66,15600,16324.8,16291.8,-724.834
46.67,15125,16325,16291.9,-1200.04
46.68,17850,16325.2,16292,1524.75
46.69,16850,16325.5,16292.1,524.541
46.7,16450,16325.7,16292.2,124.329
46.71,16475,16325.9,16292.3,149.115
46.72,16775,16326.1,16292.5,448.898
46.73,16900,16326.3,16292.6,573.68
46.74,16725,16326.5,16292.7,398.459
46.75,17350,16326.8,16292.8,1023.24
46.76,16650,16327,16292.9,323.012
46.77,16275,16327.2,16293,-52.215
46.78,16100,16327.4,16293.1,-227.444
46.79,18125,16327.7,16293.2,1797.32
46.8,17350,16327.9,16293.3,1022.09
46.81,16850,16328.1,16293.5,521.855
46.82,17650,16328.4,16293.6,1321.62
46.83,16325,16328.6,16293.7,-3.62449
46.84,16075,16328.9,16293.8,-253.868
46.85,17450,16329.1,16293.9,1120.89
46.86,16575,16329.4,16294,245.639
46.87,17625,16329.6,16294.1,1295.39
46.88,17275,16329.9,16294.3,945.136
46.89,16200,16330.1,16294.4,-130.12
46.9,16400,16330.4,16294.5,69.6221
46.91,16675,16330.6,16294.6,344.361
46.92,17350,16330.9,16294.7,1019.1
46.93,15725,16331.2,16294.8,-606.168
46.94,17150,16331.4,16294.9,818.563
46.95,16875,16331.7,16295.1,543.292
46.96,16650,16332,16295.2,318.018
46.97,17275,16332.3,16295.3,942.741
46.98,16925,16332.5,16295.4,592.461
46.99,16575,16332.8,16295.5,242.178
47,17650,16333.1,16295.6,1316.89
47.01,16875,16333.4,16295.8,541.603
47.02,17925,16333.7,16295.9,1591.31
47.03,16550,16334,16296,216.016
47.04,15500,16334.3,16296.1,-834.283
47.05,16725,16334.6,16296.2,390.416
47.06,16850,16334.9,16296.4,515.111
47.07,16650,16335.2,16296.5,314.803
47.08,17175,16335.5,16296.6,839.492
47.09,16850,16335.8,16296.7,514.177
47.1,16175,16336.1,16296.8,-161.141
47.11,16450,16336.5,16296.9,113.537
47.12,16125,16336.8,16297.1,-211.788
47.13,15900,16337.1,16297.2,-437.117
47.14,15825,16337.4,16297.3,-512.45
47.15,16575,16337.8,16297.4,237.214
47.16,16725,16338.1,16297.5,386.873
47.17,16675,16338.5,16297.7,336.529
47.18,17925,16338.8,16297.8,1586.18
47.19,16725,16339.2,16297.9,385.829
47.2,16050,16339.5,16298,-289.527
47.21,16400,16339.9,16298.1,60.1123
47.22,16250,16340.3,16298.3,-90.2523
47.23,15400,16340.6,16298.4,-940.621
47.24,16625,16341,16298.5,284.005
47.25,17225,16341.4,16298.6,883.627
47.26,16175,16341.8,16298.8,-166.755
47.27,16600,16342.1,16298.9,257.858
47.28,17875,16342.5,16299,1532.47
47.29,17075,16342.9,16299.1,732.069
47.3,16725,16343.3,16299.2,381.668
47.31,16950,16343.7,16299.4,606.261
47.32,17725,16344.2,16299.5,1380.85
47.33,16975,16344.6,16299.6,630.433
47.34,16700,16345,16299.7,355.011
47.35,16600,16345.4,16299.9,254.583
47.36,16950,16345.9,16300,604.15
47.37,16850,16346.3,16300.1,503.711
47.38,16350,16346.7,16300.2,3.26674
47.39,15900,16347.2,16300.4,-447.184
47.4,15800,16347.6,16300.5,-547.64
47.41,16275,16348.1,16300.6,-73.1024
47.42,17275,16348.6,16300.7,926.429
47.43,17575,16349,16300.9,1225.95
47.44,16550,16349.5,16301,200.472
47.45,16975,16350,16301.1,624.984
47.46,17475,16350.5,16301.2,1124.49
47.47,17575,16351,16301.4,1223.99
47.48,17050,16351.5,16301.5,698.478
47.49,17175,16352,16301.6,822.962
47.5,17725,16352.6,16301.7,1372.44
47.51,17000,16353.1,16301.9,646.907
47.52,17350,16353.6,16302,996.368
47.53,16575,16354.2,16302.1,220.821
47.54,15900,16354.7,16302.2,-454.734
47.55,16125,16355.3,16302.4,-230.298
47.56,16250,16355.9,16302.5,-105.87
47.57,16000,16356.5,16302.6,-356.451
47.58,15075,16357,16302.8,-1282.04
47.59,17175,16357.6,16302.9,817.36
47.6,16975,16358.2,16303,616.751
47.61,17150,16358.9,16303.1,791.133
47.62,17625,16359.5,16303.3,1265.5
47.63,16525,16360.1,16303.4,164.865
47.64,16800,16360.8,16303.5,439.216
47.65,17400,16361.4,16303.7,1038.56
47.66,16925,16362.1,16303.8,562.884
47.67,17000,16362.8,16303.9,637.2
47.68,16725,16363.5,16304,361.505
47.69,16525,16364.2,16304.2,160.797
47.7,16525,16364.9,16304.3,160.076
47.71,16075,16365.7,16304.4,-290.658
47.72,16325,16366.4,16304.6,-41.4063
47.73,16450,16367.2,16304.7,82.8313
47.74,16650,16367.9,16304.8,282.054
47.75,16675,16368.7,16305,306.261
47.76,16900,16369.5,16305.1,530.452
47.77,17375,16370.4,16305.2,1004.63
47.78,17450,16371.2,16305.4,1078.78
47.79,16800,16372.1,16305.5,427.921
47.8,16500,16373,16305.6,127.039
47.81,16625,16373.9,16305.8,251.138
47.82,16550,16374.8,16305.9,175.215
47.83,17600,16375.7,16306,1224.27
47.84,18050,16376.7,16306.1,1673.3
47.85,16325,16377.7,16306.3,-52.6924
47.86,16900,16378.7,16306.4,521.288
47.87,16900,16379.8,16306.5,520.241
47.88,16550,16380.8,16306.7,169.164
47.89,16450,16381.9,16306.8,68.0562
47.9,15425,16383.1,16307,-958.085
47.91,16775,16384.3,16307.1,390.74
47.92,17300,16385.5,16307.2,914.527
47.93,17400,16386.7,16307.4,1013.27
47.94,16925,16388,16307.5,536.98
47.95,16300,16389.4,16307.6,-89.3602
47.96,17500,16390.7,16307.8,1109.25
47.97,16125,16392.2,16307.9,-267.187
47.98,16775,16393.7,16308,381.319
47.99,17550,16395.2,16308.2,1154.77
48,16250,16396.8,16308.3,-146.849
48.01,15875,16398.5,16308.4,-523.531
48.02,17625,16400.3,16308.6,1224.71
48.03,17850,16402.1,16308.7,1447.88
48.04,17525,16404,16308.8,1120.97
48.05,17800,16406,16309,1393.97
48.06,16125,16408.1,16309.1,-283.128
48.07,15475,16410.3,16309.3,-935.325
48.08,17225,16412.6,16309.4,812.369
48.09,17150,16415.1,16309.5,734.948
48.1,16850,16417.6,16309.7,432.402
48.11,15325,16420.3,16309.8,-1095.28
48.12,16525,16423.1,16309.9,101.904
48.13,15800,16426.1,16310.1,-626.068
48.14,15725,16429.2,16310.2,-704.202
48.15,16000,16432.5,16310.4,-432.509
48.16,16025,16436,16310.5,-411
48.17,17200,16439.7,16310.6,760.312
48.18,17950,16443.6,16310.8,1506.41
48.19,17475,16447.7,16310.9,1027.29
48.2,17325,16452.1,16311.1,872.934
48.21,16400,16456.7,16311.2,-56.6764
48.22,17700,16461.6,16311.3,1238.44
48.23,16775,16466.7,16311.5,308.282
48.24,16700,16472.2,16311.6,227.818
48.25,17375,16478,16311.7,897.035
48.26,17825,16484.1,16311.9,1340.92
48.27,17500,16490.6,16312,1009.44
48.28,16325,16497.4,16312.2,-172.413
48.29,17600,16504.7,16312.3,1095.34
48.3,17650,16512.3,16312.5,1137.67
48.31,17825,16520.4,16312.6,1304.57
48.32,15225,16529,16312.7,-1304
48.33,16875,16538,16312.9,336.954
48.34,16750,16547.6,16313,202.399
48.35,18750,16557.7,16313.2,2192.31
48.36,17275,16568.3,16313.3,706.676
48.37,17575,16579.5,16313.4,995.46
48.38,17500,16591.4,16313.6,908.642
48.39,16875,16603.8,16313.7,271.199
48.4,16975,16616.9,16313.9,358.105
48.41,16950,16630.7,16314,319.337
48.42,16600,16645.1,16314.2,-45.1303
48.43,16150,16660.3,16314.3,-510.32
48.44,17575,16676.3,16314.4,898.745
48.45,17375,16693,16314.6,682.041
48.46,17750,16710.5,16314.7,1039.55
48.47,17100,16728.8,16314.9,371.24
48.48,17325,16747.9,16315,577.1
48.49,17550,16767.9,16315.2,782.107
48.5,17275,16788.8,16315.3,486.244
48.51,17125,16810.5,16315.5,314.493
48.52,17475,16833.2,16315.6,641.838
48.53,17400,16856.7,16315.7,543.266
48.54,17750,16881.2,16315.9,868.765
48.55,16900,16906.7,16316,-6.67609
48.56,17325,16933.1,16316.2,391.935
48.57,17875,16960.4,16316.3,914.593
48.58,17125,16988.7,16316.5,136.294
48.59,17000,17018,16316.6,-17.963
48.6,18225,17048.2,16316.8,1176.82
48.61,18400,17079.3,16316.9,1320.66
48.62,17575,17111.4,16317.1,463.552
48.63,18575,17144.5,16317.2,1430.51
48.64,17825,17178.4,16317.3,646.551
48.65,17850,17213.3,16317.5,636.69
48.66,18125,17249.1,16317.6,875.948
48.67,19100,17285.6,16317.8,1814.35
48.68,19050,17323.1,16317.9,1726.93
48.69,17400,17361.3,16318.1,38.7069
48.7,18575,17400.3,16318.2,1174.73
48.71,18750,17440,16318.4,1310.03
48.72,20050,17480.3,16318.5,2569.66
48.73,17800,17521.3,16318.7,278.663
48.74,19975,17562.9,16318.8,2412.09
48.75,20725,17605,16319,3120.01
48.76,19900,17647.5,16319.1,2252.47
48.77,20050,17690.5,16319.3,2359.54
48.78,21150,17733.7,16319.4,3416.3
48.79,20750,17777.2,16319.6,2972.82
48.8,21425,17820.8,16319.7,3604.17
48.81,22150,17864.6,16319.9,4285.45
48.82,23075,17908.3,16320,5166.74
48.83,23150,17951.9,16320.2,5198.13
48.84,23075,17995.3,16320.3,5079.72
48.85,24675,18038.4,16320.5,6636.62
48.86,24250,18081.1,16320.6,6168.93
48.87,25750,18123.2,16320.8,7626.75
48.88,26125,18164.8,16320.9,7960.2
48.89,27500,18205.6,16321.1,9294.41
48.9,27125,18245.5,16321.2,8879.47
48.91,27275,18284.5,16321.4,8990.53
48.92,27300,18322.3,16321.5,8977.69
48.93,26950,18358.9,16321.7,8591.08
48.94,26400,18394.2,16321.8,8005.83
48.95,26625,18427.9,16322,8197.06
48.96,26175,18460.1,16322.1,7714.89
48.97,24775,18490.6,16322.3,6284.44
48.98,25225,18519.2,16322.4,6705.82
48.99,24750,18545.9,16322.6,6204.15
49,24475,18570.5,16322.7,5904.53
49.01,24825,18592.9,16322.9,6232.06
49.02,24050,18613.2,16323,5436.84
49.03,23975,18631.1,16323.2,5343.94
49.04,24875,18646.6,16323.3,6228.44
49.05,23100,18659.6,16323.5,4440.41
49.06,23575,18670.1,16323.6,4904.89
49.07,23425,18678.1,16323.8,4746.94
49.08,21900,18683.4,16323.9,3216.57
49.09,21050,18686.2,16324.1,2363.82
49.1,20175,18686.3,16324.3,1488.69
49.11,21200,18683.8,16324.4,2516.16
49.12,20100,18678.8,16324.6,1421.24
49.13,18475,18671.1,16324.7,-196.117
49.14,19925,18660.9,16324.9,1264.06
49.15,19100,18648.3,16325,451.722
49.16,18325,18633.2,16325.2,-308.192
49.17,18625,18615.7,16325.3,9.25349
49.18,17500,18596,16325.5,-1096.02
49.19,18425,18574.1,16325.6,-149.092
49.2,17175,18550.1,16325.8,-1375.06
49.21,16775,18524,16326,-1749.01
49.22,16975,18496.1,16326.1,-1521.05
49.23,18025,18466.3,16326.3,-441.291
49.24,18050,18434.8,16326.4,-384.839
49.25,19000,18401.8,16326.6,598.191
49.26,17525,18367.3,16326.7,-842.316
49.27,17000,18331.5,16326.9,-1331.48
49.28,16500,18294.4,16327,-1794.42
49.29,16525,18256.2,16327.2,-1731.24
49.3,18175,18217.1,16327.4,-42.0822
49.31,16975,18177,16327.5,-1202.05
49.32,15750,18136.3,16327.7,-2386.25
49.33,18050,18094.8,16327.8,-44.8168
49.34,17525,18052.8,16328,-527.845
49.35,18175,18010.4,16328.1,164.555
49.36,17400,17967.7,16328.3,-567.723
49.37,17300,17924.8,16328.5,-624.779
49.38,18150,17881.7,16328.6,268.291
49.39,16425,17838.6,16328.8,-1413.61
49.4,16850,17795.6,16328.9,-945.561
49.41,17650,17752.7,16329.1,-102.656
49.42,16875,17710,16329.3,-834.971
49.43,16800,17667.6,16329.4,-867.583
49.44,17225,17625.6,16329.6,-400.562
49.45,16650,17584,16329.7,-933.976
49.46,16650,17542.9,16329.9,-892.886
49.47,16600,17502.4,16330,-902.351
49.48,16275,17462.4,16330.2,-1187.42
49.49,16350,17423.2,16330.4,-1073.16
49.5,15775,17384.6,16330.5,-1609.59
49.51,16575,17346.8,16330.7,-771.769
49.52,18575,17309.7,16330.8,1265.27
49.53,17000,17273.5,16331,-273.5
49.54,17050,17238.1,16331.2,-188.114
49.55,16450,17203.6,16331.3,-753.597
49.56,16200,17170,16331.5,-969.969
49.57,15875,17137.2,16331.6,-1262.25
49.58,17100,17105.4,16331.8,-5.44953
49.59,17700,17074.6,16332,625.416
49.6,16775,17044.7,16332.1,-269.66
49.61,17575,17015.7,16332.3,559.317
49.62,16275,16987.7,16332.4,-712.656
49.63,17000,16960.6,16332.6,39.4235
49.64,16400,16934.4,16332.8,-534.443
49.65,17050,16909.3,16332.9,140.749
49.66,17050,16885,16333.1,165.008
49.67,17600,16861.7,16333.3,738.344
49.68,16425,16839.2,16333.4,-414.232
49.69,16975,16817.7,16333.6,157.294
49.7,17275,16797.1,16333.7,477.935
49.71,16950,16777.3,16333.9,172.71
49.72,16775,16758.4,16334.1,16.6354
49.73,15700,16740.3,16334.2,-1040.27
49.74,17575,16723,16334.4,852.015
49.75,17625,16706.5,16334.6,918.511
49.76,16525,16690.8,16334.7,-165.761
49.77,16750,16675.8,16334.9,74.2214
49.78,16975,16661.5,16335,313.482
49.79,16575,16648,16335.2,-72.9564
49.8,17425,16635.1,16335.4,789.93
49.81,17075,16622.8,16335.5,452.165
49.82,16075,16611.2,16335.7,-536.228
49.83,16925,16600.2,16335.9,324.775
49.84,16175,16589.8,16336,-414.801
49.85,16500,16579.9,16336.2,-79.9336
49.86,17025,16570.6,16336.4,454.401
49.87,16050,16561.8,16336.5,-511.774
49.88,17000,16553.4,16336.7,446.565
49.89,15750,16545.6,16336.9,-795.562
49.9,16875,16538.1,16337,336.869
49.91,16075,16531.1,16337.2,-456.121
49.92,17300,16524.5,16337.3,775.488
49.93,15925,16518.3,16337.5,-593.283
49.94,16075,16512.4,16337.7,-437.415
49.95,15475,16506.9,16337.8,-1031.89
49.96,16300,16501.7,16338,-201.686
49.97,16400,16496.8,16338.2,-96.7893
49.98,17350,16492.2,16338.3,857.819
49.99,17325,16487.8,16338.5,837.154
50,16500,16483.8,16338.7,16.2324
50.01,17175,16479.9,16338.8,695.069
50.02,16575,16476.3,16339,98.6772
50.03,16325,16472.9,16339.2,-147.929
50.04,15425,16469.7,16339.3,-1044.74
50.05,16900,16466.7,16339.5,433.269
50.06,16575,16463.9,16339.7,111.095
50.07,16650,16461.2,16339.8,188.756
50.08,17000,16458.7,16340,541.261
50.09,16975,16456.4,16340.2,518.619
50.1,16350,16454.2,16340.3,-104.158
50.11,17100,16452.1,16340.5,647.936
50.12,16750,16450.1,16340.7,299.911
50.13,16775,16448.2,16340.8,326.774
50.14,17125,16446.5,16341,678.532
50.15,16975,16444.8,16341.2,530.193
50.16,17050,16443.2,16341.3,606.763
50.17,16775,16441.8,16341.5,333.247
50.18,16875,16440.3,16341.7,434.651
50.19,17100,16439,16341.9,660.981
50.2,17375,16437.8,16342,937.241
50.21,16200,16436.6,16342.2,-236.564
50.22,16600,16435.4,16342.4,164.569
50.23,15575,16434.4,16342.5,-859.354
50.24,16350,16433.3,16342.7,-83.3304
50.25,16850,16432.4,16342.9,417.643
50.26,16600,16431.4,16343,168.569
50.27,17925,16430.5,16343.2,1494.45
50.28,17000,16429.7,16343.4,570.292
50.29,16225,16428.9,16343.5,-203.906
50.3,16775,16428.1,16343.7,346.859
50.31,16725,16427.4,16343.9,297.59
50.32,16900,16426.7,16344.1,473.289
50.33,16550,16426,16344.2,123.956
50.34,17175,16425.4,16344.4,749.595
50.35,17825,16424.8,16344.6,1400.21
50.36,16850,16424.2,16344.7,425.792
50.37,17275,16423.6,16344.9,851.353
50.38,14900,16423.1,16345.1,-1523.11
50.39,16850,16422.6,16345.3,427.405
50.4,17200,16422.1,16345.4,777.899
50.41,16700,16421.6,16345.6,278.372
50.42,17050,16421.2,16345.8,628.826
50.43,16775,16420.7,16345.9,354.262
50.44,17050,16420.3,16346.1,629.68
50.45,15475,16419.9,16346.3,-944.919
50.46,16925,16419.5,16346.5,505.465
50.47,17950,16419.2,16346.6,1530.83
50.48,16875,16418.8,16346.8,456.188
50.49,16525,16418.5,16347,106.527
50.5,16275,16418.1,16347.1,-143.147
50.51,16500,16417.8,16347.3,82.1643
50.52,16025,16417.5,16347.5,-392.537
50.53,16925,16417.3,16347.7,507.749
50.54,16550,16417,16347.8,133.022
50.55,17325,16416.7,16348,908.283
50.56,16575,16416.5,16348.2,158.533
50.57,16600,16416.2,16348.3,183.772
50.58,17650,16416,16348.5,1234
50.59,16600,16415.8,16348.7,184.216
50.6,16800,16415.6,16348.9,384.423
50.61,16700,16415.4,16349,284.619
50.62,15725,16415.2,16349.2,-690.194
50.63,16300,16415,16349.4,-115.017
50.64,16525,16414.8,16349.6,110.15
50.65,16650,16414.7,16349.7,235.308
50.66,17000,16414.5,16349.9,585.458
50.67,16500,16414.4,16350.1,85.5982
50.68,16250,16414.3,16350.3,-164.27
50.69,16725,16414.1,16350.4,310.854
50.7,16200,16414,16350.6,-214.031
50.71,16650,16413.9,16350.8,236.076
50.72,16350,16413.8,16351,-63.8247
50.73,16925,16413.7,16351.1,511.267
50.74,16900,16413.6,16351.3,486.351
50.75,16425,16413.6,16351.5,11.4273
50.76,17100,16413.5,16351.7,686.496
50.77,16200,16413.4,16351.8,-213.442
50.78,16800,16413.4,16352,386.613
50.79,16925,16413.3,16352.2,511.661
50.8,17400,16413.3,16352.4,986.703
50.81,16550,16413.3,16352.5,136.737
50.82,16350,16413.2,16352.7,-63.2349
50.83,16775,16413.2,16352.9,361.787
50.84,16850,16413.2,16353.1,436.802
50.85,16775,16413.2,16353.2,361.811
50.86,17400,16413.2,16353.4,986.813
50.87,16625,16413.2,16353.6,211.81
50.88,15700,16413.2,16353.8,-713.199
50.89,17650,16413.2,16353.9,1236.79
50.9,17425,16413.2,16354.1,1011.76
50.91,17125,16413.3,16354.3,711.738
50.92,16600,16413.3,16354.5,186.706
50.93,17225,16413.3,16354.6,811.668
50.94,16075,16413.4,16354.8,-338.375
50.95,17275,16413.4,16355,861.577
50.96,16800,16413.5,16355.2,386.523
50.97,17050,16413.5,16355.4,636.464
50.98,16475,16413.6,16355.5,61.3996
50.99,16775,16413.7,16355.7,361.33
51,17225,16413.7,16355.9,811.256
51.01,17100,16413.8,16356.1,686.177
51.02,17325,16413.9,16356.2,911.092
51.03,17300,16414,16356.4,886.003
51.04,16225,16414.1,16356.6,-189.091
51.05,16425,16414.2,16356.8,10.8108
51.06,16650,16414.3,16357,235.707
51.07,16750,16414.4,16357.1,335.6
51.08,16550,16414.5,16357.3,135.487
51.09,15775,16414.6,16357.5,-639.63
51.1,16300,16414.8,16357.7,-114.752
51.11,16875,16414.9,16357.9,460.122
51.12,17450,16415,16358,1034.99
51.13,17775,16415.1,16358.2,1359.86
51.14,16950,16415.3,16358.4,534.718
51.15,16875,16415.4,16358.6,459.575
51.16,15975,16415.6,16358.7,-440.573
51.17,16950,16415.7,16358.9,534.275
51.18,17050,16415.9,16359.1,634.119
51.19,16775,16416,16359.3,358.959
51.2,16150,16416.2,16359.5,-266.206
51.21,15350,16416.4,16359.6,-1066.37
51.22,17000,16416.5,16359.8,583.454
51.23,15725,16416.7,16360,-691.723
51.24,16700,16416.9,16360.2,283.097
51.25,16975,16417.1,16360.4,557.912
51.26,16350,16417.3,16360.5,-67.2763
51.27,16200,16417.5,16360.7,-217.469
51.28,16450,16417.7,16360.9,32.3351
51.29,17300,16417.9,16361.1,882.135
51.3,16125,16418.1,16361.3,-293.069
51.31,16550,16418.3,16361.4,131.723
51.32,17025,16418.5,16361.6,606.511
51.33,16875,16418.7,16361.8,456.296
51.34,16750,16418.9,16362,331.077
51.35,15400,16419.1,16362.2,-1019.15
51.36,17100,16419.4,16362.4,680.627
51.37,16750,16419.6,16362.5,330.396
51.38,17700,16419.8,16362.7,1280.16
51.39,16250,16420.1,16362.9,-170.076
51.4,16600,16420.3,16363.1,179.682
51.41,17650,16420.6,16363.3,1229.44
51.42,16750,16420.8,16363.4,329.187
51.43,16725,16421.1,16363.6,303.934
51.44,17300,16421.3,16363.8,878.677
51.45,17150,16421.6,16364,728.417
51.46,17225,16421.8,16364.2,803.153
51.47,17300,16422.1,16364.3,877.885
51.48,16850,16422.4,16364.5,427.614
51.49,17075,16422.7,16364.7,652.339
51.5,17075,16422.9,16364.9,652.06
51.51,16325,16423.2,16365.1,-98.2227
51.52,17125,16423.5,16365.3,701.491
51.53,16250,16423.8,16365.4,-173.799
51.54,16725,16424.1,16365.6,300.908
51.55,16425,16424.4,16365.8,0.61039
51.56,17575,16424.7,16366,1150.31
51.57,17000,16425,16366.2,575.005
51.58,17350,16425.3,16366.4,924.696
51.59,16675,16425.6,16366.5,249.384
51.6,18325,16425.9,16366.7,1899.07
51.61,16900,16426.3,16366.9,473.749
51.62,16775,16426.6,16367.1,348.425
51.63,16575,16426.9,16367.3,148.098
51.64,16575,16427.2,16367.5,147.767
51.65,17225,16427.6,16367.6,797.433
51.66,17100,16427.9,16367.8,672.094
51.67,15900,16428.2,16368,-528.248
51.68,16425,16428.6,16368.2,-3.59409
51.69,17300,16428.9,16368.4,871.056
51.7,17200,16429.3,16368.6,770.702
51.71,17275,16429.7,16368.7,845.344
51.72,17650,16430,16368.9,1219.98
51.73,16575,16430.4,16369.1,144.617
51.74,16650,16430.8,16369.3,219.248
51.75,16225,16431.1,16369.5,-206.126
51.76,17700,16431.5,16369.7,1268.5
51.77,16325,16431.9,16369.9,-106.885
51.78,17350,16432.3,16370,917.73
51.79,18000,16432.7,16370.2,1567.34
51.8,16775,16433.1,16370.4,341.947
51.81,16075,16433.5,16370.6,-358.451
51.82,16600,16433.9,16370.8,166.147
51.83,16750,16434.3,16371,315.741
51.84,17775,16434.7,16371.1,1340.33
51.85,17025,16435.1,16371.3,589.916
51.86,17575,16435.5,16371.5,1139.5
51.87,16950,16435.9,16371.7,514.074
51.88,17050,16436.4,16371.9,613.646
51.89,16925,16436.8,16372.1,488.215
51.9,16700,16437.2,16372.3,262.778
51.91,16275,16437.7,16372.4,-162.662
51.92,17075,16438.1,16372.6,636.892
51.93,16625,16438.6,16372.8,186.443
51.94,16525,16439,16373,85.9885
51.95,16925,16439.5,16373.2,485.53
51.96,15850,16439.9,16373.4,-589.934
51.97,17050,16440.4,16373.6,609.598
51.98,15975,16440.9,16373.8,-465.875
51.99,16200,16441.4,16373.9,-241.353
52,17425,16441.8,16374.1,983.164
52.01,17175,16442.3,16374.3,732.677
52.02,17075,16442.8,16374.5,632.184
52.03,16625,16443.3,16374.7,181.687
52.04,16750,16443.8,16374.9,306.184
52.05,16350,16444.3,16375.1,-94.3232
52.06,16000,16444.8,16375.2,-444.836
52.07,16175,16445.4,16375.4,-270.354
52.08,17175,16445.9,16375.6,729.123
52.09,16075,16446.4,16375.8,-371.406
52.1,17200,16446.9,16376,753.06
52.11,16750,16447.5,16376.2,302.521
52.12,16625,16448,16376.4,176.976
52.13,17075,16448.6,16376.6,626.425
52.14,17025,16449.1,16376.7,575.869
52.15,16325,16449.7,16376.9,-124.693
52.16,16700,16450.3,16377.1,249.739
52.17,15725,16450.8,16377.3,-725.834
52.18,17025,16451.4,16377.5,573.586
52.19,16475,16452,16377.7,23.0007
52.2,17475,16452.6,16377.9,1022.41
52.21,16725,16453.2,16378.1,271.811
52.22,16425,16453.8,16378.2,-28.793
52.23,15400,16454.4,16378.4,-1054.4
52.24,16550,16455,16378.6,94.9796
52.25,15925,16455.6,16378.8,-530.644
52.26,17400,16456.3,16379,943.726
52.27,17275,16456.9,16379.2,818.089
52.28,16575,16457.6,16379.4,117.446
52.29,17275,16458.2,16379.6,816.795
52.3,16350,16458.9,16379.8,-108.862
52.31,16550,16459.5,16379.9,90.4734
52.32,17050,16460.2,16380.1,589.802
52.33,16450,16460.9,16380.3,-10.8773
52.34,16575,16461.6,16380.5,113.436
52.35,16725,16462.3,16380.7,262.742
52.36,16700,16463,16380.9,237.041
52.37,17900,16463.7,16381.1,1436.33
52.38,16850,16464.4,16381.3,385.614
52.39,16675,16465.1,16381.5,209.889
52.4,16275,16465.8,16381.6,-190.844
52.41,16400,16466.6,16381.8,-66.5858
52.42,16925,16467.3,16382,457.664
52.43,16625,16468.1,16382.2,156.906
52.44,16700,16468.9,16382.4,231.139
52.45,17625,16469.6,16382.6,1155.36
52.46,17150,16470.4,16382.8,679.578
52.47,16725,16471.2,16383,253.784
52.48,16850,16472,16383.2,377.981
52.49,18175,16472.8,16383.4,1702.17
52.5,16800,16473.7,16383.5,326.347
52.51,16550,16474.5,16383.7,75.5153
52.52,16625,16475.3,16383.9,149.674
52.53,16800,16476.2,16384.1,323.822
52.54,16700,16477,16384.3,222.961
52.55,15825,16477.9,16384.5,-652.912
52.56,16525,16478.8,16384.7,46.2057
52.57,15475,16479.7,16384.9,-1004.69
52.58,17800,16480.6,16385.1,1319.41
52.59,16950,16481.5,16385.3,468.492
52.6,16475,16482.4,16385.5,-7.43439
52.61,16275,16483.4,16385.6,-208.373
52.62,16275,16484.3,16385.8,-209.323
52.63,17500,16485.3,16386,1014.71
52.64,17400,16486.3,16386.2,913.741
52.65,16725,16487.2,16386.4,237.754
52.66,16225,16488.2,16386.6,-263.246
52.67,15800,16489.3,16386.8,-689.258
52.68,16200,16490.3,16387,-290.284
52.69,16725,16491.3,16387.2,233.677
52.7,17100,16492.4,16387.4,607.624
52.71,17450,16493.4,16387.6,956.558
52.72,17000,16494.5,16387.7,505.476
52.73,16025,16495.6,16387.9,-470.619
52.74,17225,16496.7,16388.1,728.27
52.75,17125,16497.9,16388.3,627.144
52.76,16875,16499,16388.5,376.003
52.77,16675,16500.2,16388.7,174.846
52.78,17575,16501.3,16388.9,1073.67
52.79,17075,16502.5,16389.1,572.482
52.8,17375,16503.7,16389.3,871.275
52.81,16800,16504.9,16389.5,295.05
52.82,15675,16506.2,16389.7,-831.192
52.83,16950,16507.5,16389.9,442.547
52.84,17225,16508.7,16390,716.267
52.85,16900,16510,16390.2,389.969
52.86,17150,16511.3,16390.4,638.65
52.87,17125,16512.7,16390.6,612.311
52.88,16650,16514,16390.8,135.952
52.89,16500,16515.4,16391,-15.4295
52.9,16650,16516.8,16391.2,133.167
52.91,17025,16518.3,16391.4,506.742
52.92,17825,16519.7,16391.6,1305.29
52.93,17700,16521.2,16391.8,1178.82
52.94,16850,16522.7,16392,327.321
52.95,17625,16524.2,16392.2,1100.8
52.96,16100,16525.8,16392.4,-425.753
52.97,17350,16527.3,16392.6,822.669
52.98,16975,16528.9,16392.7,446.062
52.99,17575,16530.6,16392.9,1044.43
53,16725,16532.2,16393.1,192.76
53.01,17775,16533.9,16393.3,1241.06
53.02,16250,16535.7,16393.5,-285.67
53.03,16300,16537.4,16393.7,-237.436
53.04,16750,16539.2,16393.9,210.762
53.05,16500,16541.1,16394.1,-41.0768
53.06,17025,16543,16394.3,482.045
53.07,17425,16544.9,16394.5,880.126
53.08,17325,16546.8,16394.7,778.165
53.09,16575,16548.8,16394.9,26.1586
53.1,16400,16550.9,16395.1,-150.894
53.11,16400,16553,16395.3,-152.996
53.12,17550,16555.2,16395.5,994.85
53.13,17350,16557.4,16395.6,792.642
53.14,16675,16559.6,16395.8,115.377
53.15,16075,16561.9,16396,-486.948
53.16,16775,16564.3,16396.2,210.664
53.17,16500,16566.8,16396.4,-66.7916
53.18,16800,16569.3,16396.6,230.683
53.19,17350,16571.9,16396.8,778.082
53.2,17325,16574.6,16397,750.403
53.21,17475,16577.4,16397.2,897.641
53.22,16125,16580.2,16397.4,-455.21
53.23,16800,16583.2,16397.6,216.846
53.24,17475,16586.2,16397.8,888.803
53.25,16575,16589.3,16398,-14.3447
53.26,15125,16592.6,16398.2,-1467.6
53.27,16175,16596,16398.4,-420.981
53.28,17000,16599.5,16398.6,400.517
53.29,16700,16603.1,16398.8,96.8814
53.3,17400,16606.9,16398.9,793.105
53.31,17900,16610.8,16399.1,1289.18
53.32,17525,16614.9,16399.3,910.095
53.33,16800,16619.2,16399.5,180.842
53.34,17175,16623.6,16399.7,551.409
53.35,16350,16628.2,16399.9,-278.213
53.36,16750,16633,16400.1,116.964
53.37,17900,16638.1,16400.3,1261.93
53.38,17325,16643.3,16400.5,681.662
53.39,17000,16648.8,16400.7,351.158
53.4,17000,16654.6,16400.9,345.398
53.41,16675,16660.6,16401.1,14.3682
53.42,16600,16666.9,16401.3,-66.9477
53.43,16500,16673.6,16401.5,-173.567
53.44,16650,16680.5,16401.7,-30.5063
53.45,17750,16687.8,16401.9,1062.21
53.46,18075,16695.4,16402.1,1379.58
53.47,16875,16703.4,16402.3,171.561
53.48,17225,16711.9,16402.5,513.144
53.49,16900,16720.7,16402.7,179.305
53.5,17400,16730,16402.8,670.02
53.51,17375,16739.7,16403,635.266
53.52,16775,16750,16403.2,25.0168
53.53,16125,16760.8,16403.4,-635.753
53.54,17725,16772.1,16403.6,952.93
53.55,16200,16784,16403.8,-583.963
53.56,17425,16796.5,16404,628.54
53.57,15400,16809.6,16404.2,-1409.59
53.58,16250,16823.4,16404.4,-573.388
53.59,16500,16837.9,16404.6,-337.881
53.6,18000,16853.1,16404.8,1146.9
53.61,16575,16869.1,16405,-294.086
53.62,17900,16885.9,16405.2,1014.13
53.63,16475,16903.5,16405.4,-428.478
53.64,18475,16922,16405.6,1553.04
53.65,17350,16941.3,16405.8,408.661
53.66,16875,16961.7,16406,-86.6601
53.67,17125,16983,16406.2,142.041
53.68,17500,17005.3,16406.4,494.728
53.69,17275,17028.6,16406.6,246.361
53.7,16900,17053.1,16406.8,-153.097
53.71,17425,17078.7,16407,346.315
53.72,16525,17105.4,16407.2,-580.442
53.73,15175,17133.4,16407.4,-1958.41
53.74,16875,17162.6,16407.5,-287.615
53.75,16200,17193.1,16407.7,-993.109
53.76,16725,17224.9,16407.9,-499.924
53.77,16250,17258.1,16408.1,-1008.1
53.78,16450,17292.7,16408.3,-842.668
53.79,15800,17328.7,16408.5,-1528.67
53.8,16425,17366.1,16408.7,-941.135
53.81,16875,17405.1,16408.9,-530.1
53.82,17875,17445.6,16409.1,429.402
53.83,16775,17487.7,16409.3,-712.657
53.84,17000,17531.3,16409.5,-531.309
53.85,15850,17576.6,16409.7,-1726.58
53.86,17775,17623.5,16409.9,151.506
53.87,17375,17672.1,16410.1,-297.076
53.88,16250,17722.3,16410.3,-1472.35
53.89,16725,17774.3,16410.5,-1049.32
53.9,17025,17828,16410.7,-803.02
53.91,17600,17883.5,16410.9,-283.453
53.92,16600,17940.6,16411.1,-1340.63
53.93,16625,17999.6,16411.3,-1374.56
53.94,15900,18060.2,16411.5,-2160.23
53.95,17575,18122.7,16411.7,-547.665
53.96,17400,18186.8,16411.9,-786.843
53.97,17900,18252.8,16412.1,-352.758
53.98,17150,18320.4,16412.3,-1170.4
53.99,16350,18389.7,16412.5,-2039.75
54,16875,18460.8,16412.7,-1585.78
54.01,17050,18533.5,16412.9,-1483.48
54.02,17025,18607.8,16413.1,-1582.8
54.03,18275,18683.7,16413.3,-408.718
54.04,16775,18761.2,16413.5,-1986.18
54.05,17825,18840.2,16413.7,-1015.16
54.06,18675,18920.6,16413.9,-245.581
54.07,18400,19002.4,16414,-602.401
54.08,17550,19085.6,16414.2,-1535.55
54.09,17750,19170,16414.4,-1419.97
54.1,18425,19255.6,16414.6,-830.58
54.11,17550,19342.3,16414.8,-1792.3
54.12,18350,19430,16415,-1080.04
54.13,19550,19518.7,16415.2,31.2838
54.14,18900,19608.2,16415.4,-708.226
54.15,17975,19698.5,16415.6,-1723.47
54.16,18475,19789.3,16415.8,-1314.33
54.17,18300,19880.7,16416,-1580.69
54.18,18600,19972.4,16416.2,-1372.44
54.19,19150,20064.4,16416.4,-914.437
54.2,19275,20156.6,16416.6,-881.554
54.21,19250,20248.6,16416.8,-998.648
54.22,18750,20340.6,16417,-1590.57
54.23,19350,20432.2,16417.2,-1082.18
54.24,19925,20523.3,16417.4,-598.301
54.25,20500,20613.8,16417.6,-113.781
54.26,19850,20703.4,16417.8,-853.448
54.27,21600,20792.1,16418,807.872
54.28,21400,20879.6,16418.2,520.357
54.29,20900,20965.8,16418.4,-65.8095
54.3,21475,21050.4,16418.6,424.558
54.31,21525,21133.4,16418.8,391.649
54.32,22025,21214.3,16419,810.656
54.33,24175,21293.2,16419.2,2881.77
54.34,23775,21369.8,16419.4,2405.19
54.35,24425,21443.9,16419.6,2981.11
54.36,25250,21515.3,16419.8,3734.72
54.37,25950,21583.8,16420,4366.21
54.38,26850,21649.2,16420.2,5200.77
54.39,26650,21711.4,16420.4,4938.59
54.4,25300,21770.2,16420.6,3529.84
54.41,26375,21825.3,16420.8,4549.69
54.42,27775,21876.7,16421,5898.32
54.43,26875,21924.1,16421.2,4950.86
54.44,26475,21967.5,16421.4,4507.48
54.45,25325,22006.7,16421.6,3318.29
54.46,25075,22041.6,16421.8,3033.43
54.47,23500,22072,16422,1427.99
54.48,24050,22097.9,16422.2,1952.07
54.49,24950,22119.2,16422.4,2830.76
54.5,25025,22135.9,16422.6,2889.11
54.51,24000,22147.8,16422.8,1852.16
54.52,23175,22155,16423,1019.96
54.53,24450,22157.5,16423.2,2292.52
54.54,24475,22155.2,16423.4,2319.83
54.55,22750,22148.1,16423.6,601.879
54.56,22250,22136.4,16423.8,113.635
54.57,21725,22119.9,16424,-394.95
54.58,21375,22098.9,16424.2,-723.938
54.59,21600,22073.4,16424.3,-473.408
54.6,21025,22043.4,16424.5,-1018.45
54.61,21725,22009.2,16424.7,-284.16
54.62,21275,21970.7,16424.9,-695.661
54.63,20600,21928.1,16425.1,-1328.08
54.64,20650,21881.5,16425.3,-1231.54
54.65,19450,21831.2,16425.5,-2381.2
54.66,18675,21777.2,16425.7,-3102.21
54.67,19450,21719.7,16425.9,-2269.73
54.68,19800,21658.9,16426.1,-1858.94
54.69,18600,21595,16426.3,-2994.99
54.7,18625,21528.1,16426.5,-2903.07
54.71,18475,21458.4,16426.7,-2983.37
54.72,19050,21386.1,16426.9,-2336.06
54.73,19275,21311.3,16427.1,-2036.34
54.74,18075,21234.4,16427.3,-3159.39
54.75,18750,21155.4,16427.5,-2405.39
54.76,17725,21074.5,16427.7,-3349.55
54.77,17875,20992,16427.9,-3117.03
54.78,18375,20908,16428.1,-2533.03
54.79,17175,20822.7,16428.3,-3647.73
54.8,18200,20736.3,16428.5,-2536.31
54.81,17725,20648.9,16428.7,-2923.94
54.82,17300,20560.8,16428.9,-3260.79
54.83,17575,20472,16429.1,-2897.04
54.84,17400,20382.8,16429.3,-2982.84
54.85,17100,20293.3,16429.5,-3193.35
54.86,17725,20203.7,16429.7,-2478.72
54.87,17425,20114.1,16429.9,-2689.11
54.88,17050,20024.7,16430.1,-2974.65
54.89,18050,19935.5,16430.3,-1885.48
54.9,17575,19846.7,16430.5,-2271.73
54.91,17400,19758.5,16430.7,-2358.53
54.92,17525,19671,16430.9,-2145.99
54.93,16175,19584.2,16431.1,-3409.22
54.94,17550,19498.3,16431.3,-1948.34
54.95,18750,19413.4,16431.5,-663.447
54.96,17425,19329.6,16431.7,-1904.63
54.97,17550,19247,16431.9,-1696.99
54.98,17800,19165.6,16432.1,-1365.61
54.99,17075,19085.6,16432.3,-2010.55
55,18525,19006.9,16432.5,-481.911
55.01,18375,18929.7,16432.7,-554.743
55.02,17050,18854.1,16432.9,-1804.11
55.03,18300,18780.1,16433.1,-480.081
55.04,17075,18707.7,16433.3,-1632.7
55.05,17425,18637,16433.5,-1212.01
55.06,16100,18568.1,16433.7,-2468.06
55.07,17975,18500.9,16433.9,-525.891
55.08,17050,18435.5,16434.1,-1385.53
55.09,16275,18372,16434.3,-2097.01
55.1,16925,18310.4,16434.5,-1385.36
55.11,16775,18250.6,16434.7,-1475.6
55.12,17150,18192.7,16434.9,-1042.74
55.13,16050,18136.8,16435.1,-2086.8
55.14,16700,18082.8,16435.3,-1382.79
55.15,16975,18030.7,16435.5,-1055.72
55.16,16650,17980.6,16435.7,-1330.59
55.17,17600,17932.4,16435.9,-332.396
55.18,16600,17886.1,16436.1,-1286.15
55.19,17825,17841.8,16436.3,-16.8375
55.2,17775,17799.5,16436.5,-24.4566
55.21,16725,17759,16436.7,-1034
55.22,17850,17720.4,16436.9,129.551
55.23,17325,17683.8,16437.1,-358.799
55.24,16625,17649,16437.3,-1024.03
55.25,17950,17616.1,16437.5,333.866
55.26,16750,17585.1,16437.7,-835.086
55.27,17650,17555.9,16437.9,94.1305
55.28,15875,17528.5,16438.1,-1653.47
55.29,16700,17502.9,16438.3,-802.853
55.3,17275,17479,16438.5,-204.011
55.31,17800,17456.9,16438.7,343.084
55.32,17125,17436.5,16438.9,-311.546
55.33,16975,17417.9,16439.1,-442.878
55.34,17400,17400.9,16439.3,-0.886896
55.35,17725,17385.5,16439.5,339.451
55.36,17625,17371.8,16439.7,253.159
55.37,17125,17359.7,16439.9,-234.736
55.38,17275,17349.2,16440.1,-74.2118
55.39,16975,17340.2,16440.3,-365.242
55.4,17050,17332.8,16440.5,-282.802
55.41,17300,17326.9,16440.7,-26.8677
55.42,16525,17322.4,16440.9,-797.414
55.43,17525,17319.4,16441.1,205.584
55.44,17450,17317.8,16441.3,132.151
55.45,17175,17317.7,16441.5,-142.689
55.46,17275,17318.9,16441.7,-43.9115
55.47,16900,17321.5,16441.9,-421.492
55.48,17700,17325.4,16442.1,374.594
55.49,17350,17330.6,16442.3,19.3701
55.5,18400,17337.1,16442.5,1062.86
55.51,17375,17344.9,16442.7,30.0911
55.52,19100,17353.9,16442.9,1746.08
55.53,18225,17364.1,16443.1,860.865
55.54,17175,17375.5,16443.3,-200.541
55.55,16850,17388.1,16443.5,-538.111
55.56,18475,17401.8,16443.7,1073.18
55.57,18350,17416.6,16443.9,933.361
55.58,17625,17432.5,16444.1,192.454
55.59,18275,17449.5,16444.3,825.487
55.6,18175,17467.5,16444.5,707.485
55.61,17825,17486.5,16444.7,338.476
55.62,18725,17506.5,16444.9,1218.49
55.63,18950,17527.4,16445.1,1422.55
55.64,18125,17549.3,16445.3,575.692
55.65,18875,17572.1,16445.5,1302.94
55.66,18225,17595.7,16445.7,629.331
55.67,19150,17620.1,16445.9,1529.89
55.68,19675,17645.3,16446.1,2029.66
55.69,18425,17671.3,16446.3,753.665
55.7,18875,17698.1,16446.5,1176.94
55.71,19900,17725.5,16446.7,2174.53
55.72,19575,17753.5,16446.9,1821.47
55.73,19550,17782.2,16447.1,1767.79
55.74,20325,17811.5,16447.3,2513.55
55.75,20550,17841.2,16447.5,2708.77
55.76,19900,17871.5,16447.6,2028.5
55.77,20825,17902.2,16447.8,2922.79
55.78,20575,17933.3,16448,2641.68
55.79,21025,17964.8,16448.2,3060.22
55.8,19525,17996.5,16448.4,1528.46
55.81,21000,18028.5,16448.6,2971.45
55.82,21275,18060.8,16448.8,3214.25
55.83,21650,18093.1,16449,3556.9
55.84,21250,18125.5,16449.2,3124.46
55.85,20650,18158,16449.4,2492
55.86,21625,18190.4,16449.6,3434.56
55.87,21025,18222.8,16449.8,2802.21
55.88,19775,18255,16450,1520.02
55.89,20525,18287,16450.2,2238.04
55.9,21075,18318.7,16450.4,2756.35
55.91,20225,18350,16450.6,1875
55.92,20975,18380.9,16450.8,2594.06
55.93,19650,18411.4,16451,1238.61
55.94,20925,18441.3,16451.2,2483.72
55.95,20250,18470.6,16451.4,1779.44
55.96,19675,18499.1,16451.6,1175.86
55.97,19800,18527,16451.8,1273.05
55.98,20225,18553.9,16452,1671.07
55.99,19900,18580,16452.2,1320
56,20025,18605.1,16452.4,1419.9
56.01,19600,18629.1,16452.6,970.851
56.02,18825,18652.1,16452.8,172.914
56.03,18400,18673.8,16453,-273.845
56.04,18925,18694.4,16453.2,230.639
56.05,17825,18713.6,16453.4,-888.573
56.06,18075,18731.4,16453.6,-656.423
56.07,17700,18747.9,16453.8,-1047.85
56.08,18125,18762.8,16454,-637.816
56.09,17425,18776.3,16454.2,-1351.26
56.1,17775,18788.1,16454.4,-1013.15
56.11,17825,18798.4,16454.6,-973.431
56.12,18250,18807.1,16454.8,-557.082
56.13,18325,18814.1,16455,-489.072
56.14,17325,18819.4,16455.2,-1494.37
56.15,17525,18823,16455.4,-1297.97
56.16,17500,18824.9,16455.6,-1324.85
56.17,17900,18825,16455.8,-925.011
56.18,17125,18823.4,16456,-1698.44
56.19,17900,18820.1,16456.2,-920.147
56.2,16700,18815.1,16456.4,-2115.14
56.21,18200,18808.4,16456.6,-608.432
56.22,17875,18800,16456.8,-925.044
56.23,17550,18790,16457,-1240
56.24,17175,18778.3,16457.2,-1603.33
56.25,16800,18765.1,16457.4,-1965.06
56.26,17075,18750.2,16457.6,-1675.24
56.27,17350,18733.9,16457.8,-1383.9
56.28,17350,18716.1,16458,-1366.09
56.29,16950,18696.9,16458.2,-1746.86
56.3,16525,18676.3,16458.4,-2151.26
56.31,17875,18654.3,16458.6,-779.349
56.32,18400,18631.2,16458.8,-231.178
56.33,16925,18606.8,16459,-1681.81
56.34,15875,18581.3,16459.2,-2706.3
56.35,17175,18554.7,16459.4,-1379.72
56.36,17650,18527.1,16459.6,-877.123
56.37,18625,18498.6,16459.8,126.419
56.38,17600,18469.2,16460,-869.158
56.39,17400,18438.9,16460.2,-1038.92
56.4,17150,18407.9,16460.4,-1257.93
56.41,17100,18376.3,16460.6,-1276.25
56.42,16725,18344,16460.8,-1618.96
56.43,16300,18311.1,16461,-2011.11
56.44,16700,18277.8,16461.2,-1577.77
56.45,16475,18244,16461.4,-1769
56.46,16975,18209.9,16461.6,-1234.86
56.47,16800,18175.4,16461.8,-1375.42
56.48,16250,18140.7,16462,-1890.72
56.49,16875,18105.8,16462.2,-1230.84
56.5,17075,18070.8,16462.4,-995.818
56.51,16575,18035.7,16462.6,-1460.72
56.52,16750,18000.6,16462.8,-1250.59
56.53,16250,17965.5,16463,-1715.47
56.54,16300,17930.4,16463.2,-1630.43
56.55,16625,17895.5,16463.3,-1270.5
56.56,16000,17860.7,16463.5,-1860.73
56.57,15975,17826.2,16463.7,-1851.16
56.58,17025,17791.8,16463.9,-766.837
56.59,17050,17757.8,16464.1,-707.788
56.6,16750,17724.1,16464.3,-974.055
56.61,15875,17690.7,16464.5,-1815.67
56.62,16675,17657.7,16464.7,-982.667
56.63,18500,17625.1,16464.9,874.925
56.64,17350,17592.9,16465.1,-242.921
56.65,16900,17561.2,16465.3,-661.233
56.66,15925,17530,16465.5,-1605.03
56.67,16000,17499.3,16465.7,-1499.35
56.68,17075,17469.2,16465.9,-394.189
56.69,16875,17439.6,16466.1,-564.582
56.7,17400,17410.5,16466.3,-10.5414
56.71,16875,17382.1,16466.5,-507.082
56.72,17125,17354.2,16466.7,-229.217
56.73,16325,17327,16466.9,-1001.96
56.74,16550,17300.3,16467.1,-750.315
56.75,17150,17274.3,16467.3,-124.295
56.76,17975,17248.9,16467.5,726.094
56.77,15775,17224.2,16467.7,-1449.15
56.78,16750,17200,16467.9,-450.038
56.79,16575,17176.6,16468.1,-601.565
56.8,16325,17153.7,16468.3,-828.735
56.81,16225,17131.5,16468.5,-906.549
56.82,17525,17110,16468.7,414.997
56.83,17200,17089.1,16468.9,110.904
56.84,16750,17068.8,16469.1,-318.824
56.85,17275,17049.2,16469.3,225.817
56.86,16000,17030.2,16469.5,-1030.17
56.87,17150,17011.8,16469.7,138.231
56.88,16350,16994,16469.9,-643.983
56.89,16700,16976.8,16470.1,-276.799
56.9,18050,16960.2,16470.3,1089.79
56.91,16600,16944.2,16470.5,-344.204
56.92,16875,16928.8,16470.7,-53.7739
56.93,18000,16913.9,16470.9,1086.09
56.94,17125,16899.6,16471.1,225.407
56.95,17175,16885.8,16471.3,289.18
56.96,16750,16872.6,16471.4,-122.576
56.97,16575,16859.8,16471.6,-284.849
56.98,17350,16847.6,16471.8,502.375
56.99,17550,16835.9,16472,714.107
57,16850,16824.6,16472.2,25.3611
57.01,16325,16813.8,16472.4,-488.85
57.02,17275,16803.5,16472.6,471.488
57.03,16550,16793.6,16472.8,-243.612
57.04,16425,16784.1,16473,-359.137
57.05,17950,16775.1,16473.2,1174.93
57.06,17175,16766.4,16473.4,408.593
57.07,17500,16758.1,16473.6,741.875
57.08,16875,16750.2,16473.8,124.785
57.09,17275,16742.7,16474,532.338
57.1,16450,16735.5,16474.2,-285.455
57.11,16700,16728.6,16474.4,-28.5803
57.12,16950,16722,16474.6,227.975
57.13,16625,16715.8,16474.8,-90.7778
57.14,17750,16709.8,16475,1040.17
57.15,17825,16704.2,16475.2,1120.84
57.16,17350,16698.8,16475.4,651.24
57.17,16275,16693.6,16475.6,-418.623
57.18,16775,16688.7,16475.8,86.2637
57.19,17375,16684.1,16476,690.912
57.2,17850,16679.7,16476.2,1170.33
57.21,17350,16675.5,16476.4,674.534
57.22,16875,16671.5,16476.6,203.528
57.23,17450,16667.7,16476.8,782.323
57.24,16650,16664.1,16477,-14.0714
57.25,15500,16660.6,16477.2,-1160.65
57.26,15725,16657.4,16477.3,-932.394
57.27,16975,16654.3,16477.5,320.695
57.28,17100,16651.4,16477.7,448.628
57.29,17625,16648.6,16477.9,976.412
57.3,17625,16645.9,16478.1,979.055
57.31,17175,16643.4,16478.3,531.564
57.32,17575,16641.1,16478.5,933.946
57.33,18175,16638.8,16478.7,1536.21
57.34,16875,16636.6,16478.9,238.353
57.35,15775,16634.6,16479.1,-859.611
57.36,16300,16632.7,16479.3,-332.677
57.37,17500,16630.8,16479.5,869.158
57.38,15800,16629.1,16479.7,-829.101
57.39,17050,16627.4,16479.9,422.552
57.4,17075,16625.9,16480.1,449.122
57.41,17125,16624.4,16480.3,500.611
57.42,16900,16623,16480.5,277.025
57.43,17100,16621.6,16480.7,478.368
57.44,15425,16620.4,16480.9,-1195.36
57.45,16600,16619.1,16481.1,-19.1484
57.46,17275,16618,16481.3,657
57.47,16700,16616.9,16481.5,83.0893
57.48,17125,16615.9,16481.7,509.123
57.49,17000,16614.9,16481.8,385.105
57.5,17150,16614,16482,536.036
57.51,15325,16613.1,16482.2,-1288.08
57.52,16275,16612.2,16482.4,-337.244
57.53,16700,16611.5,16482.6,88.5494
57.54,15975,16610.7,16482.8,-635.699
57.55,16625,16610,16483,15.0129
57.56,18250,16609.3,16483.2,1640.69
57.57,16225,16608.7,16483.4,-383.677
57.58,16975,16608.1,16483.6,366.925
57.59,18050,16607.5,16483.8,1442.49
57.6,17875,16607,16484,1268.03
57.61,16925,16606.5,16484.2,318.53
57.62,17650,16606,16484.4,1044
57.63,18075,16605.6,16484.6,1469.44
57.64,16875,16605.1,16484.8,269.859
57.65,15925,16604.8,16485,-679.755
57.66,17300,16604.4,16485.2,695.603
57.67,17900,16604.1,16485.4,1295.93
57.68,16525,16603.8,16485.5,-78.7604
57.69,17325,16603.5,16485.7,721.519
57.7,16700,16603.2,16485.9,96.7728
57.71,16675,16603,16486.1,72.0015
57.72,16175,16602.8,16486.3,-427.795
57.73,16525,16602.6,16486.5,-77.6159
57.74,16775,16602.5,16486.7,172.538
57.75,17525,16602.3,16486.9,922.668
57.76,16800,16602.2,16487.1,197.773
57.77,15875,16602.1,16487.3,-727.147
57.78,15825,16602.1,16487.5,-777.092
57.79,16550,16602.1,16487.7,-52.0614
57.8,16850,16602.1,16487.9,247.943
57.81,17100,16602.1,16488.1,497.922
57.82,16075,16602.1,16488.3,-527.125
57.83,17175,16602.2,16488.5,572.802
57.84,17750,16602.3,16488.7,1147.7
57.85,17500,16602.4,16488.9,897.572
57.86,16600,16602.6,16489,-2.58451
57.87,16225,16602.8,16489.2,-377.771
57.88,15775,16603,16489.4,-827.987
57.89,17775,16603.2,16489.6,1171.77
57.9,16025,16603.5,16489.8,-578.512
57.91,16975,16603.8,16490,371.177
57.92,16400,16604.2,16490.2,-204.168
57.93,15375,16604.5,16490.4,-1229.55
57.94,15775,16605,16490.6,-829.965
57.95,16400,16605.4,16490.8,-205.419
57.96,16550,16605.9,16491,-55.9115
57.97,17650,16606.4,16491.2,1043.56
57.98,16800,16607,16491.4,192.98
57.99,16950,16607.6,16491.6,342.361
58,16675,16608.3,16491.8,66.6961
58.01,17450,16609,16491.9,840.984
58.02,16525,16609.8,16492.1,-84.7768
58.03,17650,16610.6,16492.3,1039.41
58.04,15675,16611.5,16492.5,-936.455
58.05,16100,16612.4,16492.7,-512.376
58.06,16100,16613.4,16492.9,-513.355
58.07,17775,16614.4,16493.1,1160.61
58.08,16225,16615.5,16493.3,-390.496
58.09,16750,16616.7,16493.5,133.336
58.1,16000,16617.9,16493.7,-617.899
58.11,17375,16619.2,16493.9,755.795
58.12,17050,16620.6,16494.1,429.415
58.13,16975,16622,16494.3,352.958
58.14,16900,16623.6,16494.5,276.422
58.15,18000,16625.2,16494.6,1374.8
58.16,17525,16626.9,16494.8,898.097
58.17,16550,16628.7,16495,-78.6983
58.18,16725,16630.6,16495.2,94.4136
58.19,17750,16632.6,16495.4,1117.43
58.2,16875,16634.7,16495.6,240.344
58.21,16725,16636.8,16495.8,88.1551
58.22,16525,16639.1,16496,-114.141
58.23,17200,16641.5,16496.2,558.451
58.24,16425,16644.1,16496.4,-219.072
58.25,17050,16646.7,16496.6,403.285
58.26,17275,16649.5,16496.8,625.519
58.27,17325,16652.4,16497,672.626
58.28,16350,16655.4,16497.1,-305.399
58.29,17525,16658.6,16497.3,866.44
58.3,18350,16661.9,16497.5,1688.14
58.31,17125,16665.3,16497.7,459.695
58.32,16875,16668.9,16497.9,206.103
58.33,16350,16672.6,16498.1,-322.642
58.34,16750,16676.5,16498.3,73.4566
58.35,16700,16680.6,16498.5,19.3945
58.36,16425,16684.8,16498.7,-259.832
58.37,17125,16689.2,16498.9,435.772
58.38,17325,16693.8,16499.1,631.204
58.39,17850,16698.5,16499.3,1151.46
58.4,17100,16703.5,16499.4,396.533
58.41,17150,16708.6,16499.6,441.423
58.42,17100,16713.9,16499.8,386.125
58.43,16400,16719.4,16500,-319.364
58.44,18075,16725,16500.2,1349.95
58.45,17525,16730.9,16500.4,794.07
58.46,18125,16737,16500.6,1387.99
58.47,17200,16743.3,16500.8,456.7
58.48,16675,16749.8,16501,-74.7929
58.49,15700,16756.5,16501.2,-1056.49
58.5,16775,16763.4,16501.4,11.5927
58.51,17325,16770.5,16501.5,554.467
58.52,15900,16777.9,16501.7,-877.873
58.53,16025,16785.4,16501.9,-760.428
58.54,15625,16793.2,16502.1,-1168.2
58.55,16775,16801.2,16502.3,-26.1911
58.56,17650,16809.4,16502.5,840.601
58.57,16425,16817.8,16502.7,-392.825
58.58,18000,16826.5,16502.9,1173.53
58.59,15775,16835.3,16503.1,-1060.33
58.6,16950,16844.4,16503.3,105.595
58.61,16575,16853.7,16503.4,-278.696
58.62,16725,16863.2,16503.6,-138.199
58.63,17725,16872.9,16503.8,852.088
58.64,16700,16882.8,16504,-182.831
58.65,18075,16893,16504.2,1182.05
58.66,16575,16903.3,16504.4,-328.278
58.67,16200,16913.8,16504.6,-713.798
58.68,16675,16924.5,16504.8,-249.508
58.69,16850,16935.4,16505,-85.4033
58.7,16275,16946.5,16505.2,-671.479
58.71,17000,16957.7,16505.3,42.2727
58.72,17175,16969.1,16505.5,205.858
58.73,16950,16980.7,16505.7,-30.7165
58.74,16850,16992.4,16505.9,-142.442
58.75,16125,17004.3,16506.1,-879.309
58.76,17200,17016.3,16506.3,183.69
58.77,17450,17028.4,16506.5,421.566
58.78,16400,17040.7,16506.7,-640.671
58.79,17075,17053,16506.9,21.9897
58.8,16400,17065.4,16507,-665.44
58.81,16650,17077.9,16507.2,-427.949
58.82,17025,17090.5,16507.4,-65.5233
58.83,16925,17103.2,16507.6,-178.15
58.84,16725,17115.8,16507.8,-390.816
58.85,16150,17128.5,16508,-978.505
58.86,17475,17141.2,16508.2,333.796
58.87,18125,17153.9,16508.4,971.105
58.88,18525,17166.6,16508.6,1358.44
58.89,17625,17179.2,16508.7,445.807
58.9,17075,17191.8,16508.9,-116.765
58.91,16675,17204.3,16509.1,-529.262
58.92,16900,17216.7,16509.3,-316.665
58.93,17550,17229,16509.5,321.044
58.94,16700,17241.1,16509.7,-541.115
58.95,17525,17253.1,16509.9,271.878
58.96,16525,17265,16510.1,-739.958
58.97,16750,17276.6,16510.3,-526.602
58.98,17350,17288,16510.4,61.9676
58.99,16750,17299.2,16510.6,-549.229
59,16225,17310.2,16510.8,-1085.17
59.01,18375,17320.8,16511,1054.16
59.02,17650,17331.2,16511.2,318.796
59.03,18050,17341.3,16511.4,708.747
59.04,17750,17351,16511.6,399.037
59.05,16700,17360.3,16511.8,-660.312
59.06,18700,17369.3,16511.9,1330.72
59.07,18325,17377.8,16512.1,947.153
59.08,17775,17386,16512.3,389.005
59.09,16875,17393.7,16512.5,-518.703
59.1,17925,17401,16512.7,524.045
59.11,17875,17407.7,16512.9,467.267
59.12,17225,17414,16513.1,-189.021
59.13,16950,17419.8,16513.3,-469.805
59.14,18600,17425.1,16513.4,1174.93
59.15,16700,17429.8,16513.6,-729.804
59.16,17525,17434,16513.8,91.0044
59.17,17075,17437.6,16514,-362.635
59.18,17450,17440.7,16514.2,9.28574
59.19,17525,17443.2,16514.4,81.7738
59.2,18675,17445.2,16514.6,1229.83
59.21,18500,17446.5,16514.8,1053.47
59.22,17425,17447.3,16514.9,-22.3129
59.23,18500,17447.5,16515.1,1052.48
59.24,17275,17447.1,16515.3,-172.146
59.25,16775,17446.2,16515.5,-671.198
59.26,17550,17444.7,16515.7,105.322
59.27,18050,17442.6,16515.9,607.407
59.28,17450,17439.9,16516.1,10.0509
59.29,18125,17436.8,16516.2,688.245
59.3,17475,17433,16516.4,41.9806
59.31,17400,17428.8,16516.6,-28.7545
59.32,18050,17424,16516.8,626.028
59.33,16300,17418.7,16517,-1118.69
59.34,17375,17412.9,16517.2,-37.9092
59.35,17225,17406.7,16517.4,-181.659
59.36,17100,17399.9,16517.5,-299.949
59.37,17300,17392.8,16517.7,-92.7993
59.38,17750,17385.2,16517.9,364.774
59.39,17875,17377.2,16518.1,497.753
59.4,18325,17368.9,16518.3,956.118
59.41,16650,17360.2,16518.5,-710.151
59.42,17525,17351.1,16518.7,173.928
59.43,17825,17341.7,16518.8,483.333
59.44,17575,17332,16519,243.045
59.45,16700,17322,16519.2,-621.957
59.46,17225,17311.7,16519.4,-86.6942
59.47,17300,17301.2,16519.6,-1.1859
59.48,16950,17290.5,16519.8,-340.453
59.49,16725,17279.5,16520,-554.516
59.5,16950,17268.4,16520.1,-318.396
59.51,17100,17257.1,16520.3,-157.111
59.52,17700,17245.7,16520.5,454.318
59.53,18125,17234.1,16520.7,890.872
59.54,17375,17222.5,16520.9,152.533
59.55,16675,17210.7,16521.1,-535.72
59.56,15825,17198.9,16521.3,-1373.9
59.57,17000,17187,16521.4,-187.034
59.58,17425,17175.1,16521.6,249.87
59.59,17100,17163.2,16521.8,-63.2089
59.6,16500,17151.3,16522,-651.286
59.61,16400,17139.4,16522.2,-739.376
59.62,16650,17127.5,16522.4,-477.496
59.63,16075,17115.7,16522.5,-1040.66
59.64,17375,17103.9,16522.7,271.123
59.65,16700,17092.2,16522.9,-392.167
59.66,17325,17080.5,16523.1,244.46
59.67,16925,17069,16523.3,-144.008
59.68,17600,17057.6,16523.5,542.417
59.69,16925,17046.3,16523.6,-121.275
59.7,16525,17035.1,16523.8,-510.095
59.71,16325,17024.1,16524,-699.053
59.72,16425,17013.2,16524.2,-588.158
59.73,15975,17002.4,16524.4,-1027.42
59.74,16575,16991.8,16524.6,-416.844
59.75,17225,16981.4,16524.7,243.561
59.76,17375,16971.2,16524.9,403.786
59.77,17850,16961.2,16525.1,888.827
59.78,17225,16951.3,16525.3,273.678
59.79,18600,16941.7,16525.5,1658.33
59.8,17125,16932.2,16525.7,192.785
59.81,17075,16923,16525.8,152.032
59.82,17100,16913.9,16526,186.07
59.83,17500,16905.1,16526.2,594.894
59.84,15825,16896.5,16526.4,-1071.5
59.85,17875,16888.1,16526.6,986.892
59.86,17150,16879.9,16526.8,270.06
59.87,17275,16872,16526.9,403.006
59.88,16950,16864.3,16527.1,85.7269
59.89,16400,16856.8,16527.3,-456.778
59.9,17650,16849.5,16527.5,800.492
59.91,16100,16842.5,16527.7,-742.465
59.92,17200,16835.6,16527.9,364.351
59.93,17025,16829.1,16528,195.94
59.94,16050,16822.7,16528.2,-772.696
59.95,16550,16816.6,16528.4,-266.557
59.96,17325,16810.6,16528.6,514.357
59.97,16675,16805,16528.8,-129.952
59.98,17350,16799.5,16528.9,550.518
59.99,16625,16794.2,16529.1,-169.232
60,16625,16789.2,16529.3,-164.2
60.01,17425,16784.4,16529.5,640.615
60.02,16100,16779.8,16529.7,-679.783
60.03,17100,16775.4,16529.8,324.606
60.04,17200,16771.2,16530,428.787
60.05,16350,16767.2,16530.2,-417.24
60.06,16950,16763.5,16530.4,186.528
60.07,17100,16759.9,16530.6,340.094
60.08,17425,16756.5,16530.8,668.461
60.09,17650,16753.4,16530.9,896.63
60.1,16300,16750.4,16531.1,-450.395
60.11,16225,16747.6,16531.3,-522.612
60.12,17100,16745,16531.5,354.981
60.13,16475,16742.6,16531.7,-267.613
60.14,16575,16740.4,16531.8,-165.391
60.15,17225,16738.4,16532,486.648
60.16,17050,16736.5,16532.2,313.506
60.17,18325,16734.8,16532.4,1590.19
60.18,17150,16733.3,16532.6,416.692
60.19,18275,16732,16532.7,1543.02
60.2,17225,16730.8,16532.9,494.181
60.21,16400,16729.8,16533.1,-329.832
60.22,17775,16729,16533.3,1045.99
60.23,17850,16728.4,16533.5,1121.64
60.24,17475,16727.9,16533.6,747.119
60.25,17400,16727.6,16533.8,672.435
60.26,16300,16727.4,16534,-427.413
60.27,16275,16727.4,16534.2,-452.427
60.28,17050,16727.6,16534.4,322.395
60.29,17900,16727.9,16534.5,1172.05
60.3,17000,16728.5,16534.7,271.544
60.31,17225,16729.1,16534.9,495.872
60.32,16100,16730,16535.1,-629.966
60.33,16425,16731,16535.3,-305.971
60.34,16500,16732.1,16535.4,-232.143
60.35,16800,16733.5,16535.6,66.5161
60.36,17525,16735,16535.8,790.005
60.37,16150,16736.7,16536,-586.678
60.38,15825,16738.5,16536.2,-913.536
60.39,17050,16740.6,16536.3,309.43
60.4,16675,16742.8,16536.5,-67.7828
60.41,16250,16745.2,16536.7,-495.177
60.42,17800,16747.8,16536.9,1052.24
60.43,16800,16750.5,16537,49.4758
60.44,17200,16753.5,16537.2,446.517
60.45,16425,16756.6,16537.4,-331.637
60.46,17725,16760,16537.6,965.01
60.47,16750,16763.5,16537.8,-13.5464
60.48,17375,16767.3,16537.9,607.69
60.49,16850,16771.3,16538.1,78.7134
60.5,17750,16775.5,16538.3,974.52
60.51,18275,16779.9,16538.5,1495.1
60.52,17550,16784.5,16538.7,765.462
60.53,18125,16789.4,16538.8,1335.59
60.54,18175,16794.5,16539,1380.47
60.55,17025,16799.9,16539.2,225.117
60.56,16925,16805.5,16539.4,119.51
60.57,17475,16811.4,16539.5,663.647
60.58,17950,16817.5,16539.7,1132.52
60.59,17475,16823.9,16539.9,651.131
60.6,15975,16830.5,16540.1,-855.536
60.61,16275,16837.5,16540.3,-562.483
60.62,17125,16844.7,16540.4,280.283
60.63,17275,16852.2,16540.6,422.754
60.64,17425,16860.1,16540.8,564.926
60.65,18200,16868.2,16541,1331.79
60.66,16325,16876.7,16541.1,-551.658
60.67,17200,16885.4,16541.3,314.573
60.68,16900,16894.5,16541.5,5.47702
60.69,17425,16904,16541.7,521.048
60.7,16500,16913.7,16541.8,-413.72
60.71,17100,16923.8,16542,176.166
60.72,16300,16934.3,16542.2,-634.3
60.73,15875,16945.1,16542.4,-1070.13
60.74,16700,16956.3,16542.6,-256.314
60.75,16775,16967.9,16542.7,-192.873
60.76,16600,16979.8,16542.9,-379.807
60.77,16225,16992.1,16543.1,-767.123
60.78,16925,17004.8,16543.3,-79.8249
60.79,16200,17017.9,16543.4,-817.918
60.8,17775,17031.4,16543.6,743.593
60.81,17425,17045.3,16543.8,379.704
60.82,16500,17059.6,16544,-559.589
60.83,17350,17074.3,16544.1,275.709
60.84,16850,17089.4,16544.3,-239.403
60.85,15825,17104.9,16544.5,-1279.93
60.86,17375,17120.9,16544.7,254.125
60.87,18425,17137.2,16544.8,1287.76
60.88,17700,17154,16545,545.978
60.89,17000,17171.2,16545.2,-171.229
60.9,16950,17188.9,16545.4,-238.859
60.91,17325,17206.9,16545.5,118.087
60.92,17650,17225.4,16545.7,424.61
60.93,17000,17244.3,16545.9,-244.29
60.94,16700,17263.6,16546.1,-563.612
60.95,17075,17283.4,16546.2,-208.353
60.96,16875,17303.5,16546.4,-428.513
60.97,17375,17324.1,16546.6,50.9118
60.98,17625,17345.1,16546.8,279.925
60.99,17525,17366.5,16546.9,158.531
61,16125,17388.3,16547.1,-1263.27
61.01,17450,17410.5,16547.3,39.537
61.02,17225,17433.1,16547.5,-208.051
61.03,16175,17456,16547.6,-1281.02
61.04,17725,17479.4,16547.8,245.623
61.05,16925,17503.1,16548,-578.101
61.06,18425,17527.2,16548.2,897.812
61.07,17075,17551.6,16548.3,-476.628
61.08,18225,17576.4,16548.5,648.589
61.09,19275,17601.5,16548.7,1673.47
61.1,18350,17627,16548.8,723.031
61.11,18150,17652.7,16549,497.28
61.12,19100,17678.8,16549.2,1421.23
61.13,18075,17705.1,16549.4,369.896
61.14,18650,17731.7,16549.5,918.29
61.15,17900,17758.6,16549.7,141.427
61.16,18600,17785.7,16549.9,814.322
61.17,17050,17813,16550.1,-763.009
61.18,18225,17840.5,16550.2,384.45
61.19,18225,17868.3,16550.4,356.718
61.2,18825,17896.2,16550.6,928.81
61.21,20525,17924.3,16550.8,2600.75
61.22,18825,17952.5,16550.9,872.547
61.23,19675,17980.8,16551.1,1694.23
61.24,19225,18009.2,16551.3,1215.82
61.25,19300,18037.7,16551.4,1262.33
61.26,20075,18066.2,16551.6,2008.78
61.27,18000,18094.8,16551.8,-94.7979
61.28,18125,18123.4,16552,1.61385
61.29,18600,18152,16552.1,448.038
61.3,19875,18180.5,16552.3,1694.5
61.31,18750,18209,16552.5,541.013
61.32,19225,18237.4,16552.7,987.611
61.33,17550,18265.7,16552.8,-715.686
61.34,19550,18293.9,16553,1256.15
61.35,18925,18321.9,16553.2,603.128
61.36,17800,18349.7,16553.3,-549.715
61.37,17725,18377.4,16553.5,-652.361
61.38,19375,18404.8,16553.7,970.213
61.39,18625,18432,16553.9,193.028
61.4,17425,18458.9,16554,-1033.9
61.41,18650,18485.5,16554.2,164.464
61.42,18000,18511.9,16554.4,-511.876
61.43,17325,18537.9,16554.5,-1212.9
61.44,18600,18563.6,16554.7,36.4201
61.45,18000,18588.9,16554.9,-588.912
61.46,18400,18613.9,16555.1,-213.878
61.47,17925,18638.5,16555.2,-713.464
61.48,17700,18662.7,16555.4,-962.662
61.49,17050,18686.5,16555.6,-1636.46
61.5,17550,18709.9,16555.7,-1159.85
61.51,18625,18732.8,16555.9,-107.829
61.52,17025,18755.4,16556.1,-1730.39
61.53,17400,18777.5,16556.2,-1377.53
61.54,16900,18799.3,16556.4,-1899.26
61.55,17925,18820.6,16556.6,-895.561
61.56,18300,18841.5,16556.8,-541.451
61.57,18575,18861.9,16556.9,-286.932
61.58,18200,18882,16557.1,-682.01
61.59,17025,18901.7,16557.3,-1876.69
61.6,16850,18921,16557.4,-2070.99
61.61,17450,18939.9,16557.6,-1489.91
61.62,17700,18958.5,16557.8,-1258.48
61.63,17325,18976.7,16557.9,-1651.69
61.64,18775,18994.6,16558.1,-219.575
61.65,17275,19012.1,16558.3,-1737.14
61.66,17950,19029.4,16558.5,-1079.41
61.67,17800,19046.4,16558.6,-1246.39
61.68,16800,19063.1,16558.8,-2263.11
61.69,17125,19079.6,16559,-1954.58
61.7,17900,19095.8,16559.1,-1195.82
61.71,17050,19111.8,16559.3,-2061.85
61.72,16425,19127.7,16559.5,-2702.69
61.73,18150,19143.4,16559.6,-993.356
61.74,18175,19158.9,16559.8,-983.867
61.75,18175,19174.2,16560,-999.24
61.76,18500,19189.5,16560.1,-689.491
61.77,17900,19204.6,16560.3,-1304.64
61.78,18275,19219.7,16560.5,-944.692
61.79,19100,19234.7,16560.6,-134.671
61.8,17850,19249.6,16560.8,-1399.59
61.81,18150,19264.4,16561,-1114.45
61.82,18325,19279.3,16561.2,-954.269
61.83,18325,19294.1,16561.3,-969.056
61.84,19200,19308.8,16561.5,-108.816
61.85,18250,19323.6,16561.7,-1073.55
61.86,19300,19338.3,16561.8,-38.275
61.87,19200,19353,16562,-152.979
61.88,18275,19367.7,16562.2,-1092.66
61.89,19850,19382.3,16562.3,467.668
61.9,18075,19397,16562.5,-1321.97
61.91,17850,19411.6,16562.7,-1561.59
61.92,18250,19426.2,16562.8,-1176.16
61.93,18575,19440.7,16563,-865.683
61.94,19375,19455.1,16563.2,-80.1422
61.95,19325,19469.5,16563.3,-144.523
61.96,17350,19483.8,16563.5,-2133.81
61.97,17750,19498,16563.7,-1747.98
61.98,19450,19512,16563.8,-62.0109
61.99,19850,19525.9,16564,324.117
62,17925,19539.6,16564.2,-1614.57
62.01,19150,19553,16564.3,-403.037
62.02,18000,19566.3,16564.5,-1566.26
62.03,18300,19579.2,16564.7,-1279.21
62.04,19025,19591.8,16564.8,-566.85
62.05,17475,19604.1,16565,-2129.14
62.06,18300,19616.1,16565.2,-1316.05
62.07,18500,19627.5,16565.3,-1127.55
62.08,19275,19638.6,16565.5,-363.578
62.09,17600,19649.1,16565.7,-2049.11
62.1,17200,19659.1,16565.8,-2459.1
62.11,17850,19668.5,16566,-1818.5
62.12,18525,19677.3,16566.2,-1152.28
62.13,17625,19685.4,16566.3,-2060.39
62.14,17500,19692.8,16566.5,-2192.79
62.15,17950,19699.4,16566.7,-1749.43
62.16,16800,19705.3,16566.8,-2905.27
62.17,17450,19710.3,16567,-2260.28
62.18,17425,19714.4,16567.1,-2289.4
62.19,18150,19717.6,16567.3,-1567.6
62.2,17525,19719.8,16567.5,-2194.83
62.21,16500,19721.1,16567.6,-3221.08
62.22,16975,19721.3,16567.8,-2746.29
62.23,17800,19720.4,16568,-1920.43
62.24,18225,19718.5,16568.1,-1493.49
62.25,17825,19715.4,16568.3,-1890.41
62.26,16300,19711.2,16568.5,-3411.19
62.27,18125,19705.8,16568.6,-1580.8
62.28,17700,19699.2,16568.8,-1999.22
62.29,17150,19691.4,16569,-2541.43
62.3,16150,19682.4,16569.1,-3532.42
62.31,18300,19672.2,16569.3,-1372.18
62.32,17825,19660.7,16569.5,-1835.7
62.33,16575,19648,16569.6,-3072.99
62.34,16775,19634,16569.8,-2859.03
62.35,18350,19618.8,16569.9,-1268.84
62.36,16625,19602.4,16570.1,-2977.41
62.37,16675,19584.8,16570.3,-2909.77
62.38,16550,19565.9,16570.4,-3015.91
62.39,16875,19545.9,16570.6,-2670.87
62.4,16125,19524.6,16570.8,-3399.65
62.41,17000,19502.3,16570.9,-2502.28
62.42,17325,19478.8,16571.1,-2153.78
62.43,17650,19454.2,16571.3,-1804.18
62.44,16625,19428.5,16571.4,-2803.51
62.45,15900,19401.8,16571.6,-3501.81
62.46,16875,19374.1,16571.7,-2499.09
62.47,16725,19345.4,16571.9,-2620.41
62.48,16775,19315.8,16572.1,-2540.79
62.49,16625,19285.3,16572.2,-2660.28
62.5,16975,19253.9,16572.4,-2278.91
62.51,16075,19221.7,16572.6,-3146.73
62.52,15725,19188.8,16572.7,-3463.78
62.53,16225,19155.1,16572.9,-2930.11
62.54,16350,19120.7,16573,-2770.75
62.55,16425,19085.8,16573.2,-2660.75
62.56,16975,19050.2,16573.4,-2075.17
62.57,18300,19014,16573.5,-714.032
62.58,17775,18977.4,16573.7,-1202.4
62.59,16975,18940.3,16573.9,-1965.31
62.6,17075,18902.8,16574,-1827.8
62.61,16075,18864.9,16574.2,-2789.94
62.62,17075,18826.8,16574.3,-1751.75
62.63,16100,18788.3,16574.5,-2688.29
62.64,16950,18749.6,16574.7,-1799.59
62.65,17275,18710.7,16574.8,-1435.7
62.66,16350,18671.7,16575,-2321.67
62.67,17475,18632.5,16575.2,-1157.53
62.68,16800,18593.3,16575.3,-1793.32
62.69,17325,18554.1,16575.5,-1229.09
62.7,17700,18514.9,16575.6,-814.867
62.71,16250,18475.7,16575.8,-2225.69
62.72,16575,18436.6,16576,-1861.61
62.73,16500,18397.6,16576.1,-1897.64
62.74,16175,18358.8,16576.3,-2183.82
62.75,16575,18320.2,16576.4,-1745.19
62.76,16425,18281.8,16576.6,-1856.78
62.77,17200,18243.6,16576.8,-1043.61
62.78,16800,18205.7,16576.9,-1405.73
62.79,17200,18168.1,16577.1,-968.141
62.8,16425,18130.9,16577.2,-1705.89
62.81,17150,18094,16577.4,-943.988
62.82,17725,18057.5,16577.6,-332.468
62.83,15925,18021.3,16577.7,-2096.35
62.84,16850,17985.7,16577.9,-1135.65
62.85,16575,17950.4,16578,-1375.4
62.86,17275,17915.6,16578.2,-640.608
62.87,17650,17881.3,16578.4,-231.296
62.88,16775,17847.5,16578.5,-1072.48
62.89,16475,17814.2,16578.7,-1339.17
62.9,16450,17781.4,16578.8,-1331.39
62.91,15375,17749.1,16579,-2374.15
62.92,17175,17717.4,16579.2,-542.449
62.93,15925,17686.3,16579.3,-1761.31
62.94,16075,17655.7,16579.5,-1580.74
62.95,16450,17625.8,16579.6,-1175.75
62.96,18000,17596.3,16579.8,403.653
62.97,16975,17567.5,16580,-592.531
62.98,15625,17539.3,16580.1,-1914.31
62.99,16775,17511.7,16580.3,-736.691
63,17450,17484.7,16580.4,-34.6732
63.01,16800,17458.3,16580.6,-658.261
63.02,16325,17432.5,16580.7,-1107.46
63.03,16900,17407.3,16580.9,-507.258
63.04,17825,17382.7,16581.1,442.332
63.05,16575,17358.7,16581.2,-783.683
63.06,16775,17335.3,16581.4,-560.302
63.07,16950,17312.5,16581.5,-362.523
63.08,17275,17290.3,16581.7,-15.3416
63.09,16100,17268.8,16581.9,-1168.75
63.1,17075,17247.8,16582,-172.757
63.11,17050,17227.3,16582.2,-177.343
63.12,16450,17207.5,16582.3,-757.507
63.13,16725,17188.2,16582.5,-463.243
63.14,16175,17169.5,16582.6,-994.545
63.15,16125,17151.4,16582.8,-1026.4
63.16,16925,17133.8,16583,-208.811
63.17,16900,17116.8,16583.1,-216.761
63.18,17800,17100.2,16583.3,699.757
63.19,16475,17084.2,16583.4,-609.249
63.2,16700,17068.8,16583.6,-368.769
63.21,16350,17053.8,16583.7,-703.794
63.22,16025,17039.3,16583.9,-1014.31
63.23,16425,17025.3,16584.1,-600.319
63.24,17125,17011.8,16584.2,113.202
63.25,16100,16998.7,16584.4,-898.741
63.26,17200,16986.1,16584.5,213.862
63.27,17125,16974,16584.7,151.022
63.28,17050,16962.2,16584.8,87.7509
63.29,17025,16950.9,16585,74.0583
63.3,17775,16940,16585.2,834.956
63.31,17150,16929.5,16585.3,220.454
63.32,17575,16919.4,16585.5,655.563
63.33,15800,16909.7,16585.6,-1109.7
63.34,15675,16900.3,16585.8,-1225.34
63.35,16175,16891.3,16585.9,-716.328
63.36,16600,16882.7,16586.1,-282.663
63.37,17950,16874.3,16586.3,1075.67
63.38,18525,16866.3,16586.4,1658.68
63.39,16525,16858.6,16586.6,-333.631
63.4,16175,16851.2,16586.7,-676.24
63.41,16250,16844.1,16586.9,-594.141
63.42,17025,16837.3,16587,187.674
63.43,17425,16830.8,16587.2,594.216
63.44,16900,16824.5,16587.3,75.4952
63.45,17225,16818.5,16587.5,406.52
63.46,16425,16812.7,16587.7,-387.7
63.47,16675,16807.2,16587.8,-132.155
63.48,16975,16801.8,16588,173.163
63.49,16850,16796.7,16588.1,53.2628
63.5,16775,16791.8,16588.3,-16.847
63.51,16800,16787.2,16588.4,12.8417
63.52,17400,16782.7,16588.6,617.337
63.53,16175,16778.4,16588.7,-603.353
63.54,16225,16774.2,16588.9,-549.222
63.55,16250,16770.3,16589,-520.261
63.56,17025,16766.5,16589.2,258.536
63.57,17725,16762.8,16589.4,962.176
63.58,17800,16759.3,16589.5,1040.67
63.59,16275,16756,16589.7,-480.988
63.6,16275,16752.8,16589.8,-477.779
63.61,16875,16749.7,16590,125.299
63.62,16875,16746.7,16590.1,128.251
63.63,16750,16743.9,16590.3,6.08238
63.64,17575,16741.2,16590.4,833.799
63.65,16950,16738.6,16590.6,211.407
63.66,16875,16736.1,16590.7,138.91
63.67,17000,16733.7,16590.9,266.313
63.68,16600,16731.4,16591,-131.379
63.69,16400,16729.2,16591.2,-329.162
63.7,16800,16727,16591.4,72.9679
63.71,17225,16725,16591.5,500.016
63.72,15800,16723,16591.7,-923.015
63.73,16225,16721.1,16591.8,-496.121
63.74,15700,16719.3,16592,-1019.3
63.75,17600,16717.5,16592.1,882.456
63.76,17275,16715.9,16592.3,559.145
63.77,17100,16714.2,16592.4,385.772
63.78,17075,16712.7,16592.6,362.341
63.79,17400,16711.1,16592.7,688.854
63.8,16325,16709.7,16592.9,-384.688
63.81,17525,16708.3,16593,816.72
63.82,17025,16706.9,16593.2,318.08
63.83,16400,16705.6,16593.3,-305.607
63.84,16800,16704.3,16593.5,95.6619
63.85,16675,16703.1,16593.6,-28.1112
63.86,17725,16701.9,16593.8,1023.08
63.87,16950,16700.8,16594,249.224
63.88,16275,16699.7,16594.1,-424.664
63.89,16175,16698.6,16594.3,-523.586
63.9,17175,16697.5,16594.4,477.457
63.91,16250,16696.5,16594.6,-446.53
63.92,16025,16695.5,16594.7,-670.548
63.93,15600,16694.6,16594.9,-1094.6
63.94,16925,16693.7,16595,231.33
63.95,16300,16692.8,16595.2,-392.772
63.96,16050,16691.9,16595.3,-641.898
63.97,15875,16691,16595.5,-816.049
63.98,16175,16690.2,16595.6,-515.224
63.99,16500,16689.4,16595.8,-189.42
64,16950,16688.6,16595.9,261.361
64.01,17125,16687.9,16596.1,437.123
64.02,17650,16687.1,16596.2,962.864
64.03,17125,16686.4,16596.4,438.586
64.04,17750,16685.7,16596.5,1064.29
64.05,17275,16685,16596.7,589.977
64.06,16675,16684.4,16596.8,-9.35366
64.07,17000,16683.7,16597,316.299
64.08,17925,16683.1,16597.1,1241.94
64.09,16550,16682.4,16597.3,-132.441
64.1,16950,16681.8,16597.4,268.166
64.11,17775,16681.2,16597.6,1093.76
64.12,17275,16680.7,16597.7,594.337
64.13,16425,16680.1,16597.9,-255.097
64.14,16950,16679.5,16598,270.455
64.15,16225,16679,16598.2,-454.005
64.16,16900,16678.5,16598.3,221.523
64.17,16125,16678,16598.5,-552.962
64.18,16250,16677.5,16598.6,-427.458
64.19,16650,16677,16598.8,-26.9654
64.2,17375,16676.5,16598.9,698.516
64.21,17150,16676,16599.1,473.987
64.22,17750,16675.6,16599.2,1074.45
64.23,16450,16675.1,16599.4,-225.103
64.24,17050,16674.7,16599.5,375.336
64.25,16900,16674.2,16599.7,225.766
64.26,17575,16673.8,16599.8,901.186
64.27,17300,16673.4,16600,626.597
64.28,17225,16673,16600.1,551.998
64.29,16850,16672.6,16600.3,177.391
64.3,17275,16672.2,16600.4,602.774
64.31,17075,16671.9,16600.6,403.148
64.32,15650,16671.5,16600.7,-1021.49
64.33,16800,16671.1,16600.9,128.872
64.34,17625,16670.8,16601,954.22
64.35,17325,16670.4,16601.2,654.561
64.36,17325,16670.1,16601.3,654.894
64.37,17900,16669.8,16601.5,1230.22
64.38,15050,16669.5,16601.6,-1619.47
64.39,16125,16669.2,16601.8,-544.157
64.4,17450,16668.9,16601.9,781.144
64.41,17125,16668.6,16602.1,456.437
64.42,17925,16668.3,16602.2,1256.72
64.43,16850,16668,16602.4,182.002
64.44,17875,16667.7,16602.5,1207.27
64.45,17175,16667.5,16602.6,507.536
64.46,17225,16667.2,16602.8,557.792
64.47,17100,16667,16602.9,433.042
64.48,17150,16666.7,16603.1,483.284
64.49,16750,16666.5,16603.2,83.5191
64.5,17550,16666.3,16603.4,883.747
64.51,17725,16666,16603.5,1058.97
64.52,17125,16665.8,16603.7,459.183
64.53,17000,16665.6,16603.8,334.391
64.54,16400,16665.4,16604,-265.408
64.55,16525,16665.2,16604.1,-140.213
64.56,16475,16665,16604.3,-190.025
64.57,16300,16664.8,16604.4,-364.844
64.58,17975,16664.7,16604.6,1310.33
64.59,18050,16664.5,16604.7,1385.5
64.6,16675,16664.3,16604.9,10.6623
64.61,17400,16664.2,16605,735.818
64.62,17225,16664,16605.2,560.968
64.63,16250,16663.9,16605.3,-413.888
64.64,16200,16663.8,16605.4,-463.75
64.65,16900,16663.6,16605.6,236.381
64.66,16675,16663.5,16605.7,11.5069
64.67,16875,16663.4,16605.9,211.627
64.68,17275,16663.3,16606,611.741
64.69,16550,16663.2,16606.2,-113.151
64.7,16675,16663,16606.3,11.9513
64.71,15375,16663,16606.5,-1287.95
64.72,16350,16662.9,16606.6,-312.861
64.73,16600,16662.8,16606.8,-62.7748
64.74,17600,16662.7,16606.9,937.306
64.75,17375,16662.6,16607.1,712.381
64.76,16875,16662.5,16607.2,212.451
64.77,17000,16662.5,16607.3,337.515
64.78,17575,16662.4,16607.5,912.575
64.79,16550,16662.4,16607.6,-112.371
64.8,16400,16662.3,16607.8,-262.321
64.81,17100,16662.3,16607.9,437.724
64.82,17225,16662.2,16608.1,562.764
64.83,17400,16662.2,16608.2,737.799
64.84,15825,16662.2,16608.4,-837.17
64.85,16150,16662.1,16608.5,-512.144
64.86,17375,16662.1,16608.7,712.878
64.87,16125,16662.1,16608.8,-537.104
64.88,17100,16662.1,16608.9,437.91
64.89,17400,16662.1,16609.1,737.92
64.9,18750,16662.1,16609.2,2087.93
64.91,17500,16662.1,16609.4,837.927
64.92,18325,16662.1,16609.5,1662.93
64.93,17175,16662.1,16609.7,512.921
64.94,16975,16662.1,16609.8,312.912
64.95,17450,16662.1,16610,787.9
64.96,17350,16662.1,16610.1,687.885
64.97,18125,16662.1,16610.2,1462.87
64.98,16900,16662.2,16610.4,237.847
64.99,16925,16662.2,16610.5,262.823
65,16925,16662.2,16610.7,262.797
65.01,16850,16662.2,16610.8,187.769
65.02,17475,16662.3,16611,812.738
65.03,17800,16662.3,16611.1,1137.71
65.04,17275,16662.3,16611.3,612.671
65.05,17375,16662.4,16611.4,712.635
65.06,17075,16662.4,16611.5,412.597
65.07,17125,16662.4,16611.7,462.557
65.08,17000,16662.5,16611.8,337.517
65.09,17300,16662.5,16612,637.475
65.1,17750,16662.6,16612.1,1087.43
65.11,16975,16662.6,16612.3,312.389
65.12,17425,16662.7,16612.4,762.346
65.13,18350,16662.7,16612.5,1687.3
65.14,17500,16662.7,16612.7,837.257
65.15,16750,16662.8,16612.8,87.2131
65.16,17600,16662.8,16613,937.169
65.17,17875,16662.9,16613.1,1212.13
65.18,17025,16662.9,16613.3,362.083
65.19,17525,16663,16613.4,862.04
65.2,16500,16663,16613.5,-163.001
65.21,17625,16663,16613.7,961.959
65.22,17625,16663.1,16613.8,961.921
65.23,17425,16663.1,16614,761.883
65.24,17550,16663.2,16614.1,886.848
65.25,16475,16663.2,16614.3,-188.186
65.26,17525,16663.2,16614.4,861.783
65.27,16575,16663.2,16614.5,-88.2468
65.28,16925,16663.3,16614.7,261.726
65.29,16425,16663.3,16614.8,-238.298
65.3,16875,16663.3,16615,211.68
65.31,17575,16663.3,16615.1,911.66
65.32,17450,16663.4,16615.3,786.644
65.33,17300,16663.4,16615.4,636.631
65.34,16925,16663.4,16615.5,261.621
65.35,16975,16663.4,16615.7,311.614
65.36,17325,16663.4,16615.8,661.61
65.37,17500,16663.4,16616,836.61
65.38,16300,16663.4,16616.1,-363.387
65.39,17125,16663.4,16616.3,461.62
65.4,17050,16663.4,16616.4,386.63
65.41,17075,16663.4,16616.5,411.644
65.42,16550,16663.3,16616.7,-113.339
65.43,16500,16663.3,16616.8,-163.318
65.44,17450,16663.3,16617,786.707
65.45,16725,16663.3,16617.1,61.7353
65.46,17025,16663.2,16617.2,361.767
65.47,17200,16663.2,16617.4,536.803
65.48,15725,16663.2,16617.5,-938.158
65.49,16275,16663.1,16617.7,-388.116
65.5,17100,16663.1,16617.8,436.93
65.51,17325,16663,16617.9,661.98
65.52,15825,16663,16618.1,-837.968
65.53,16650,16662.9,16618.2,-12.9117
65.54,16725,16662.9,16618.4,62.1473
65.55,15750,16662.8,16618.5,-912.791
65.56,16325,16662.7,16618.7,-337.726
65.57,16450,16662.7,16618.8,-212.658
65.58,15725,16662.6,16618.9,-937.587
65.59,16575,16662.5,16619.1,-87.5142
65.6,17425,16662.4,16619.2,762.561
65.61,16975,16662.4,16619.4,312.639
65.62,16775,16662.3,16619.5,112.719
65.63,16650,16662.2,16619.6,-12.1984
65.64,16300,16662.1,16619.8,-362.114
65.65,16175,16662,16619.9,-487.028
65.66,16800,16661.9,16620.1,138.059
65.67,16600,16661.9,16620.2,-61.8518
65.68,17650,16661.8,16620.3,988.239
65.69,17650,16661.7,16620.5,988.33
65.7,16725,16661.6,16620.6,63.4229
65.71,17450,16661.5,16620.8,788.516
65.72,16250,16661.4,16620.9,-411.389
65.73,16800,16661.3,16621,138.706
65.74,17400,16661.2,16621.2,738.801
65.75,15900,16661.1,16621.3,-761.103
65.76,17100,16661,16621.5,438.993
65.77,16950,16660.9,16621.6,289.089
65.78,17100,16660.8,16621.7,439.185
65.79,15850,16660.7,16621.9,-810.719
65.8,15600,16660.6,16622,-1060.62
65.81,17175,16660.5,16622.2,514.472
65.82,17575,16660.4,16622.3,914.567
65.83,17100,16660.3,16622.4,439.661
65.84,17650,16660.2,16622.6,989.754
65.85,16975,16660.2,16622.7,314.846
65.86,16075,16660.1,16622.8,-585.063
65.87,17350,16660,16623,690.027
65.88,17175,16659.9,16623.1,515.116
65.89,15475,16659.8,16623.3,-1184.8
65.9,17725,16659.7,16623.4,1065.29
65.91,16550,16659.6,16623.5,-109.626
65.92,17850,16659.5,16623.7,1190.46
65.93,16350,16659.5,16623.8,-309.462
65.94,16900,16659.4,16624,240.618
65.95,17025,16659.3,16624.1,365.696
65.96,16850,16659.2,16624.2,190.772
65.97,17400,16659.2,16624.4,740.845
65.98,16450,16659.1,16624.5,-209.083
65.99,15550,16659,16624.7,-1109.01
66,17175,16658.9,16624.8,516.055
66.01,16800,16658.9,16624.9,141.12
66.02,16900,16658.8,16625.1,241.183
66.03,16075,16658.8,16625.2,-583.756
66.04,17025,16658.7,16625.3,366.303
66.05,17375,16658.6,16625.5,716.359
66.06,17600,16658.6,16625.6,941.413
66.07,17425,16658.5,16625.8,766.464
66.08,17800,16658.5,16625.9,1141.51
66.09,16475,16658.4,16626,-183.44
66.1,17475,16658.4,16626.2,816.604
66.11,17150,16658.4,16626.3,491.645
66.12,17100,16658.3,16626.4,441.684
66.13,16400,16658.3,16626.6,-258.28
66.14,15675,16658.2,16626.7,-983.246
66.15,16225,16658.2,16626.9,-433.215
66.16,17050,16658.2,16627,391.814
66.17,16975,16658.2,16627.1,316.84
66.18,16525,16658.1,16627.3,-133.137
66.19,17350,16658.1,16627.4,691.884
66.2,16100,16658.1,16627.5,-558.097
66.21,15875,16658.1,16627.7,-783.081
66.22,16900,16658.1,16627.8,241.932
66.23,16000,16658.1,16628,-658.057
66.24,16475,16658,16628.1,-183.049
66.25,15575,16658,16628.2,-1083.04
66.26,17750,16658,16628.4,1091.96
66.27,18625,16658,16628.5,1966.96
66.28,17650,16658,16628.6,991.959
66.29,16125,16658,16628.8,-533.045
66.3,17300,16658.1,16628.9,641.948
66.31,16025,16658.1,16629.1,-633.061
66.32,16700,16658.1,16629.2,41.9281
66.33,18375,16658.1,16629.3,1716.91
66.34,17075,16658.1,16629.5,416.899
66.35,17825,16658.1,16629.6,1166.88
66.36,16175,16658.1,16629.7,-483.14
66.37,17225,16658.2,16629.9,566.838
66.38,16675,16658.2,16630,16.8133
66.39,16175,16658.2,16630.1,-483.213
66.4,16425,16658.2,16630.3,-233.242
66.41,17375,16658.3,16630.4,716.727
66.42,16600,16658.3,16630.6,-58.3062
66.43,17500,16658.3,16630.7,841.659
66.44,16600,16658.4,16630.8,-58.3781
66.45,16100,16658.4,16631,-558.417
66.46,17150,16658.5,16631.1,491.542
66.47,16975,16658.5,16631.2,316.5
66.48,17075,16658.5,16631.4,416.455
66.49,18175,16658.6,16631.5,1516.41
66.5,16350,16658.6,16631.6,-308.639
66.51,17075,16658.7,16631.8,416.312
66.52,16875,16658.7,16631.9,216.26
66.53,17450,16658.8,16632.1,791.207
66.54,16500,16658.8,16632.2,-158.847
66.55,16400,16658.9,16632.3,-258.903
66.56,16175,16659,16632.5,-483.961
66.57,17125,16659,16632.6,465.98
66.58,16650,16659.1,16632.7,-9.08092
66.59,17175,16659.1,16632.9,515.857
66.6,15625,16659.2,16633,-1034.21
66.61,17350,16659.3,16633.1,690.729
66.62,16300,16659.3,16633.3,-359.338
66.63,17100,16659.4,16633.4,440.595
66.64,16950,16659.5,16633.5,290.526
66.65,17125,16659.5,16633.7,465.456
66.66,16900,16659.6,16633.8,240.384
66.67,17125,16659.7,16634,465.312
66.68,17025,16659.8,16634.1,365.238
66.69,17050,16659.8,16634.2,390.163
66.7,16225,16659.9,16634.4,-434.913
66.71,16200,16660,16634.5,-459.99
66.72,17225,16660.1,16634.6,564.931
66.73,17075,16660.1,16634.8,414.852
66.74,16150,16660.2,16634.9,-510.228
66.75,16650,16660.3,16635,-10.3096
66.76,17175,16660.4,16635.2,514.608
66.77,16425,16660.5,16635.3,-235.475
66.78,15800,16660.6,16635.4,-860.56
66.79,17175,16660.6,16635.6,514.355
66.8,17025,16660.7,16635.7,364.269
66.81,17500,16660.8,16635.8,839.182
66.82,16625,16660.9,16636,-35.9059
66.83,16975,16661,16636.1,314.005
66.84,16325,16661.1,16636.2,-336.084
66.85,17100,16661.2,16636.4,438.825
66.86,15750,16661.3,16636.5,-911.266
66.87,17275,16661.4,16636.7,613.642
66.88,16300,16661.5,16636.8,-361.451
66.89,16750,16661.5,16636.9,88.4555
66.9,17375,16661.6,16637.1,713.361
66.91,15000,16661.7,16637.2,-1661.73
66.92,16525,16661.8,16637.3,-136.83
66.93,16700,16661.9,16637.5,38.0736
66.94,16950,16662,16637.6,287.976
66.95,16500,16662.1,16637.7,-162.122
66.96,16350,16662.2,16637.9,-312.22
66.97,16400,16662.3,16638,-262.32
66.98,16775,16662.4,16638.1,112.58
66.99,15750,16662.5,16638.3,-912.521
67,16675,16662.6,16638.4,12.378
67.01,18300,16662.7,16638.5,1637.28
67.02,17150,16662.8,16638.7,487.173
67.03,18300,16662.9,16638.8,1637.07
67.04,16175,16663,16638.9,-488.034
67.05,16275,16663.1,16639.1,-388.139
67.06,17700,16663.2,16639.2,1036.76
67.07,16475,16663.3,16639.3,-188.35
67.08,16650,16663.5,16639.5,-13.456
67.09,18375,16663.6,16639.6,1711.44
67.1,17900,16663.7,16639.7,1236.33
67.11,16950,16663.8,16639.9,286.221
67.12,17325,16663.9,16640,661.112
67.13,16600,16664,16640.1,-63.9971
67.14,17225,16664.1,16640.3,560.893
67.15,16975,16664.2,16640.4,310.782
67.16,16075,16664.3,16640.5,-589.329
67.17,15875,16664.4,16640.7,-789.44
67.18,15900,16664.6,16640.8,-764.553
67.19,16425,16664.7,16640.9,-239.666
67.2,16450,16664.8,16641.1,-214.779
67.21,17100,16664.9,16641.2,435.107
67.22,16325,16665,16641.3,-340.008
67.23,16325,16665.1,16641.5,-340.123
67.24,16300,16665.2,16641.6,-365.238
67.25,15650,16665.4,16641.7,-1015.35
67.26,16100,16665.5,16641.9,-565.472
67.27,16850,16665.6,16642,184.411
67.28,16525,16665.7,16642.1,-140.707
67.29,17275,16665.8,16642.3,609.175
67.3,16850,16665.9,16642.4,184.056
67.31,17700,16666.1,16642.5,1033.94
67.32,17350,16666.2,16642.7,683.816
67.33,16625,16666.3,16642.8,-41.3049
67.34,17725,16666.4,16642.9,1058.57
67.35,16625,16666.5,16643.1,-41.5481
67.36,16850,16666.7,16643.2,183.33
67.37,16200,16666.8,16643.3,-466.793
67.38,17150,16666.9,16643.5,483.083
67.39,17275,16667,16643.6,607.959
67.4,16300,16667.2,16643.7,-367.166
67.41,16275,16667.3,16643.9,-392.291
67.42,16775,16667.4,16644,107.583
67.43,17275,16667.5,16644.1,607.457
67.44,16500,16667.7,16644.3,-167.67
67.45,16425,16667.8,16644.4,-242.797
67.46,17225,16667.9,16644.5,557.075
67.47,16600,16668.1,16644.7,-68.0541
67.48,17575,16668.2,16644.8,906.817
67.49,17550,16668.3,16644.9,881.687
67.5,15075,16668.4,16645.1,-1593.44
67.51,17450,16668.6,16645.2,781.426
67.52,17450,16668.7,16645.3,781.294
67.53,16525,16668.8,16645.5,-143.838
67.54,16025,16669,16645.6,-643.971
67.55,16325,16669.1,16645.7,-344.104
67.56,16575,16669.2,16645.9,-94.2379
67.57,17575,16669.4,16646,905.628
67.58,16750,16669.5,16646.1,80.4925
67.59,16775,16669.6,16646.3,105.357
67.6,17100,16669.8,16646.4,430.221
67.61,17875,16669.9,16646.5,1205.08
67.62,15575,16670.1,16646.7,-1095.05
67.63,16900,16670.2,16646.8,229.808
67.64,17375,16670.3,16646.9,704.669
67.65,15875,16670.5,16647.1,-795.47
67.66,16200,16670.6,16647.2,-470.61
67.67,16175,16670.8,16647.3,-495.751
67.68,17700,16670.9,16647.5,1029.11
67.69,17075,16671,16647.6,403.966
67.7,16600,16671.2,16647.7,-71.1763
67.71,16575,16671.3,16647.9,-96.3195
67.72,16725,16671.5,16648,53.5367
67.73,16050,16671.6,16648.1,-621.608
67.74,16250,16671.8,16648.3,-421.753
67.75,16000,16671.9,16648.4,-671.899
67.76,15800,16672,16648.5,-872.045
67.77,17800,16672.2,16648.7,1127.81
67.78,16875,16672.3,16648.8,202.66
67.79,17150,16672.5,16648.9,477.511
67.8,15750,16672.6,16649.1,-922.638
67.81,15450,16672.8,16649.2,-1222.79
67.82,16450,16672.9,16649.3,-222.938
67.83,17200,16673.1,16649.4,526.91
67.84,16400,16673.2,16649.6,-273.242
67.85,16625,16673.4,16649.7,-48.3945
67.86,17175,16673.5,16649.8,501.452
67.87,17025,16673.7,16650,351.298
67.88,17175,16673.9,16650.1,501.143
67.89,16400,16674,16650.2,-274.013
67.9,17825,16674.2,16650.4,1150.83
67.91,17100,16674.3,16650.5,425.674
67.92,15650,16674.5,16650.6,-1024.48
67.93,16275,16674.6,16650.8,-399.643
67.94,17375,16674.8,16650.9,700.197
67.95,16775,16675,16651,100.037
67.96,17275,16675.1,16651.2,599.876
67.97,16750,16675.3,16651.3,74.7141
67.98,16500,16675.4,16651.4,-175.449
67.99,16275,16675.6,16651.6,-400.612
68,15975,16675.8,16651.7,-700.777
68.01,16425,16675.9,16651.8,-250.942
68.02,16575,16676.1,16652,-101.108
68.03,16550,16676.3,16652.1,-126.275
68.04,16475,16676.4,16652.2,-201.443
68.05,15425,16676.6,16652.4,-1251.61
68.06,16075,16676.7,16652.5,-601.71
68.07,17150,16676.9,16652.6,473.12
68.08,16400,16677.1,16652.8,-277.052
68.09,16625,16677.2,16652.9,-52.2242
68.1,16625,16677.4,16653,-52.3976
68.11,16850,16677.6,16653.1,172.428
68.12,16525,16677.7,16653.3,-152.747
68.13,17175,16677.9,16653.4,497.077
68.14,16225,16678.1,16653.5,-453.1
68.15,17100,16678.2,16653.7,421.757
68.16,17325,16678.4,16653.8,646.578
68.17,16800,16678.6,16653.9,121.397
68.18,18125,16678.8,16654.1,1446.22
68.19,16500,16679,16654.2,-178.966
68.2,16550,16679.1,16654.3,-129.15
68.21,18350,16679.3,16654.5,1670.67
68.22,16675,16679.5,16654.6,-4.52029
68.23,17175,16679.7,16654.7,495.293
68.24,16725,16679.9,16654.9,45.1048
68.25,15500,16680.1,16655,-1180.08
68.26,17775,16680.3,16655.1,1094.73
68.27,16175,16680.5,16655.3,-505.467
68.28,16425,16680.7,16655.4,-255.659
68.29,17375,16680.9,16655.5,694.146
68.3,17925,16681,16655.7,1243.95
68.31,16600,16681.2,16655.8,-81.246
68.32,17875,16681.4,16655.9,1193.56
68.33,15750,16681.6,16656.1,-931.644
68.34,16300,16681.8,16656.2,-381.845
68.35,16925,16682,16656.3,242.953
68.36,17050,16682.3,16656.5,367.749
68.37,16975,16682.5,16656.6,292.543
68.38,17575,16682.7,16656.7,892.336
68.39,17175,16682.9,16656.8,492.128
68.4,17625,16683.1,16657,941.917
68.41,16150,16683.3,16657.1,-533.295
68.42,17275,16683.5,16657.2,591.492
68.43,16775,16683.7,16657.4,91.2764
68.44,17075,16683.9,16657.5,391.059
68.45,16575,16684.2,16657.6,-109.16
68.46,16000,16684.4,16657.8,-684.381
68.47,16800,16684.6,16657.9,115.396
68.48,16700,16684.8,16658,15.1706
68.49,16800,16685.1,16658.2,114.943
68.5,17075,16685.3,16658.3,389.714
68.51,17025,16685.5,16658.4,339.482
68.52,17575,16685.8,16658.6,889.248
68.53,17100,16686,16658.7,414.012
68.54,16800,16686.2,16658.8,113.773
68.55,16900,16686.5,16659,213.532
68.56,17025,16686.7,16659.1,338.288
68.57,17375,16687,16659.2,688.041
68.58,16075,16687.2,16659.4,-612.209
68.59,17500,16687.5,16659.5,812.539
68.6,17425,16687.7,16659.6,737.283
68.61,16800,16688,16659.8,112.024
68.62,17425,16688.2,16659.9,736.762
68.63,16900,16688.5,16660,211.497
68.64,16675,16688.8,16660.2,-13.7724
68.65,17475,16689,16660.3,785.955
68.66,16950,16689.3,16660.4,260.678
68.67,14925,16689.6,16660.5,-1764.6
68.68,16675,16689.9,16660.7,-14.8867
68.69,16775,16690.2,16660.8,84.8244
68.7,17275,16690.5,16660.9,584.531
68.71,16875,16690.8,16661.1,184.233
68.72,17125,16691.1,16661.2,433.93
68.73,16525,16691.4,16661.3,-166.378
68.74,15750,16691.7,16661.5,-941.691
68.75,15725,16692,16661.6,-967.009
68.76,17575,16692.3,16661.7,882.666
68.77,16800,16692.7,16661.9,107.336
68.78,16625,16693,16662,-68.0004
68.79,16950,16693.3,16662.1,256.657
68.8,18175,16693.7,16662.3,1481.31
68.81,17125,16694,16662.4,430.951
68.82,16700,16694.4,16662.5,5.58675
68.83,18225,16694.8,16662.7,1530.22
68.84,17275,16695.2,16662.8,579.836
68.85,16525,16695.6,16662.9,-170.552
68.86,16975,16695.9,16663.1,279.052
68.87,16575,16696.4,16663.2,-121.353
68.88,16125,16696.8,16663.3,-571.768
68.89,17300,16697.2,16663.5,602.808
68.9,17425,16697.6,16663.6,727.373
68.91,16225,16698.1,16663.7,-473.072
68.92,16975,16698.5,16663.9,276.472
68.93,17025,16699,16664,326.004
68.94,16225,16699.5,16664.1,-474.476
68.95,17300,16700,16664.3,600.032
68.96,16975,16700.5,16664.4,274.527
68.97,17350,16701,16664.5,649.008
68.98,17100,16701.5,16664.7,398.476
68.99,16225,16702.1,16664.8,-477.072
69,16500,16702.6,16664.9,-202.634
69.01,17825,16703.2,16665.1,1121.79
69.02,16500,16703.8,16665.2,-203.808
69.03,17150,16704.4,16665.3,445.58
69.04,16200,16705,16665.5,-505.05
69.05,16400,16705.7,16665.6,-305.698
69.06,17225,16706.4,16665.7,518.634
69.07,16550,16707.1,16665.9,-157.053
69.08,16200,16707.8,16666,-507.762
69.09,16625,16708.5,16666.1,-83.4913
69.1,17275,16709.2,16666.3,565.757
69.11,16875,16710,16666.4,164.982
69.12,16400,16710.8,16666.5,-310.817
69.13,16125,16711.6,16666.7,-586.641
69.14,17350,16712.5,16666.8,637.509
69.15,16975,16713.4,16666.9,261.633
69.16,18125,16714.3,16667.1,1410.73
69.17,16975,16715.2,16667.2,259.797
69.18,16775,16716.2,16667.3,58.8353
69.19,16725,16717.2,16667.5,7.84314
69.2,15500,16718.2,16667.6,-1218.18
69.21,17575,16719.2,16667.7,855.763
69.22,17175,16720.3,16667.9,454.674
69.23,18400,16721.5,16668,1678.55
69.24,17800,16722.6,16668.1,1077.39
69.25,16325,16723.8,16668.3,-398.808
69.26,15500,16725,16668.4,-1225.04
69.27,16700,16726.3,16668.5,-26.3167
69.28,17225,16727.6,16668.7,497.369
69.29,18000,16729,16668.8,1271.01
69.3,17275,16730.4,16668.9,544.615
69.31,17225,16731.8,16669.1,493.173
69.32,17025,16733.3,16669.2,291.686
69.33,17225,16734.8,16669.3,490.152
69.34,16950,16736.4,16669.5,213.572
69.35,16425,16738.1,16669.6,-313.058
69.36,16175,16739.7,16669.7,-564.737
69.37,16325,16741.5,16669.9,-416.468
69.38,15800,16743.3,16670,-943.251
69.39,17525,16745.1,16670.1,779.913
69.4,16725,16747,16670.3,-21.9788
69.41,15825,16748.9,16670.4,-923.926
69.42,15425,16750.9,16670.5,-1325.93
69.43,15175,16753,16670.7,-1577.99
69.44,16900,16755.1,16670.8,144.882
69.45,18000,16757.3,16670.9,1242.7
69.46,17325,16759.5,16671.1,565.451
69.47,16650,16761.9,16671.2,-111.859
69.48,16075,16764.2,16671.3,-689.233
69.49,16725,16766.7,16671.5,-41.6728
69.5,17425,16769.2,16671.6,655.821
69.51,16925,16771.8,16671.7,153.246
69.52,16775,16774.4,16671.9,0.602668
69.53,17075,16777.1,16672,297.889
69.54,16800,16779.9,16672.1,20.1052
69.55,15875,16782.8,16672.3,-907.751
69.56,15850,16785.7,16672.4,-935.68
69.57,16275,16788.7,16672.5,-513.682
69.58,16850,16791.8,16672.7,58.2413
69.59,16200,16794.9,16672.8,-594.911
69.6,16875,16798.1,16672.9,76.8613
69.61,15825,16801.4,16673.1,-976.443
69.62,15350,16804.8,16673.2,-1454.83
69.63,17750,16808.3,16673.4,941.715
69.64,15575,16811.8,16673.5,-1236.82
69.65,17900,16815.4,16673.6,1084.56
69.66,17475,16819.1,16673.8,655.865
69.67,16075,16822.9,16673.9,-747.91
69.68,17025,16826.8,16674,198.236
69.69,17350,16830.7,16674.2,519.301
69.7,16500,16834.7,16674.3,-334.713
69.71,16625,16838.8,16674.4,-213.806
69.72,16875,16843,16674.6,32.0206
69.73,16775,16847.2,16674.7,-72.2319
69.74,16000,16851.6,16674.8,-851.563
69.75,16750,16856,16675,-105.974
69.76,16725,16860.5,16675.1,-135.462
69.77,17300,16865,16675.2,434.972
69.78,16250,16869.7,16675.4,-619.671
69.79,17075,16874.4,16675.5,200.61
69.8,17475,16879.2,16675.7,595.816
69.81,16425,16884.1,16675.8,-459.052
69.82,16400,16889,16675.9,-488.994
69.83,17275,16894,16676.1,380.993
69.84,17150,16899.1,16676.2,250.91
69.85,17050,16904.2,16676.3,145.757
69.86,17550,16909.5,16676.5,640.538
69.87,16050,16914.7,16676.6,-864.748
69.88,17575,16920.1,16676.7,654.903
69.89,17575,16925.5,16676.9,649.492
69.9,18725,16931,16677,1794.02
69.91,15650,16936.5,16677.2,-1286.51
69.92,17525,16942.1,16677.3,582.91
69.93,17125,16947.7,16677.4,177.274
69.94,16875,16953.4,16677.6,-78.4124
69.95,16175,16959.1,16677.7,-784.146
69.96,16100,16964.9,16677.8,-864.924
69.97,16700,16970.7,16678,-270.743
69.98,16675,16976.6,16678.1,-301.601
69.99,16675,16982.5,16678.2,-307.493
70,18000,16988.4,16678.4,1011.58
70.01,16475,16994.4,16678.5,-519.369
70.02,16225,17000.3,16678.7,-775.346
70.03,17050,17006.3,16678.8,43.6573
70.04,17875,17012.4,16678.9,862.644
70.05,17425,17018.4,16679.1,406.618
70.06,16675,17024.4,16679.2,-349.416
70.07,16900,17030.5,16679.3,-130.453
70.08,16950,17036.5,16679.5,-86.4904
70.09,16225,17042.5,16679.6,-817.522
70.1,17125,17048.5,16679.8,76.4568
70.11,18175,17054.5,16679.9,1120.45
70.12,17625,17060.5,16680,564.464
70.13,17725,17066.5,16680.2,658.503
70.14,18375,17072.4,16680.3,1302.57
70.15,17400,17078.3,16680.4,321.678
70.16,16075,17084.2,16680.6,-1009.17
70.17,17375,17090,16680.7,285.019
70.18,17325,17095.7,16680.9,229.266
70.19,17450,17101.4,16681,348.571
70.2,17075,17107.1,16681.1,-32.0594
70.21,17825,17112.6,16681.3,712.38
70.22,17100,17118.1,16681.4,-18.1036
70.23,18575,17123.5,16681.5,1451.49
70.24,17575,17128.8,16681.7,446.182
70.25,19050,17134,16681.8,1915.96
70.26,18750,17139.2,16682,1610.85
70.27,16700,17144.2,16682.1,-444.164
70.28,16350,17149.1,16682.2,-799.062
70.29,18625,17153.8,16682.4,1471.16
70.3,17500,17158.5,16682.5,341.508
70.31,16925,17163,16682.7,-238.013
70.32,18275,17167.4,16682.8,1107.6
70.33,18450,17171.6,16682.9,1278.36
70.34,18825,17175.7,16683.1,1649.27
70.35,18025,17179.7,16683.2,845.337
70.36,18175,17183.4,16683.4,991.561
70.37,18775,17187,16683.5,1587.95
70.38,18725,17190.5,16683.6,1534.51
70.39,18500,17193.8,16683.8,1306.25
70.4,17400,17196.8,16683.9,203.165
70.41,19000,17199.7,16684.1,1800.27
70.42,18375,17202.4,16684.2,1172.56
70.43,18625,17205,16684.3,1420.04
70.44,19075,17207.3,16684.5,1867.72
70.45,17950,17209.4,16684.6,740.605
70.46,19175,17211.3,16684.7,1963.69
70.47,18275,17213,16684.9,1061.98
70.48,19325,17214.5,16685,2110.48
70.49,17400,17215.8,16685.2,184.188
70.5,17450,17216.9,16685.3,233.11
70.51,18400,17217.8,16685.5,1182.24
70.52,19225,17218.4,16685.6,2006.59
70.53,19550,17218.8,16685.7,2331.16
70.54,16925,17219.1,16685.9,-294.062
70.55,18575,17219.1,16686,1355.93
70.56,17975,17218.9,16686.2,756.142
70.57,17600,17218.4,16686.3,381.565
70.58,18950,17217.8,16686.4,1732.2
70.59,18525,17217,16686.6,1308.05
70.6,17900,17215.9,16686.7,684.104
70.61,17650,17214.6,16686.9,435.367
70.62,17550,17213.2,16687,336.835
70.63,16550,17211.5,16687.1,-661.496
70.64,17025,17209.6,16687.3,-184.627
70.65,16525,17207.6,16687.4,-682.564
70.66,16675,17205.3,16687.6,-530.309
70.67,19350,17202.9,16687.7,2147.13
70.68,18200,17200.2,16687.9,999.759
70.69,16000,17197.4,16688,-1197.44
70.7,18000,17194.5,16688.1,805.544
70.71,18000,17191.3,16688.3,808.694
70.72,16850,17188,16688.4,-337.992
70.73,16225,17184.5,16688.6,-959.518
70.74,17050,17180.9,16688.7,-130.89
70.75,16400,17177.1,16688.8,-777.113
70.76,16925,17173.2,16689,-248.193
70.77,16400,17169.1,16689.1,-769.135
70.78,17825,17164.9,16689.3,660.055
70.79,16525,17160.6,16689.4,-635.629
70.8,17750,17156.2,16689.6,593.808
70.81,16700,17151.6,16689.7,-451.642
70.82,15925,17147,16689.8,-1221.98
70.83,15125,17142.2,16690,-2017.22
70.84,16975,17137.4,16690.1,-162.364
70.85,16050,17132.4,16690.3,-1082.42
70.86,17650,17127.4,16690.4,522.617
70.87,16450,17122.3,16690.6,-672.272
70.88,16275,17117.1,16690.7,-842.088
70.89,17275,17111.8,16690.8,163.163
70.9,17775,17106.5,16691,668.474
70.91,17825,17101.2,16691.1,723.841
70.92,17725,17095.7,16691.3,629.258
70.93,17025,17090.3,16691.4,-65.2816
70.94,16450,17084.8,16691.6,-634.782
70.95,18050,17079.2,16691.7,970.75
70.96,17150,17073.7,16691.9,76.3107
70.97,16525,17068.1,16692,-543.106
70.98,16775,17062.5,16692.1,-287.505
70.99,17075,17056.9,16692.3,18.1089
71,16450,17051.3,16692.4,-601.269
71.01,15550,17045.6,16692.6,-1495.64
71.02,18050,17040,16692.7,1009.98
71.03,17175,17034.4,16692.9,140.598
71.04,16150,17028.8,16693,-878.794
71.05,16875,17023.2,16693.2,-148.2
71.06,16450,17017.6,16693.3,-567.625
71.07,17125,17012.1,16693.5,112.929
71.08,16325,17006.5,16693.6,-681.544
71.09,15975,17001,16693.7,-1026.05
71.1,17025,16995.6,16693.9,29.4185
71.11,16300,16990.2,16694,-690.154
71.12,17450,16984.8,16694.2,465.235
71.13,16075,16979.4,16694.3,-904.42
71.14,17100,16974.1,16694.5,125.879
71.15,16700,16968.9,16694.6,-268.87
71.16,16875,16963.7,16694.8,-88.6707
71.17,17000,16958.5,16694.9,41.4745
71.18,17500,16953.4,16695.1,546.563
71.19,16850,16948.4,16695.2,-98.4069
71.2,16850,16943.4,16695.4,-93.438
71.21,16250,16938.5,16695.5,-688.532
71.22,16800,16933.7,16695.6,-133.691
71.23,16175,16928.9,16695.8,-753.917
71.24,17625,16924.2,16695.9,700.788
71.25,17225,16919.6,16696.1,305.424
71.26,17375,16915,16696.2,459.988
71.27,16975,16910.5,16696.4,64.4785
71.28,16700,16906.1,16696.5,-206.105
71.29,17200,16901.8,16696.7,298.237
71.3,16900,16897.5,16696.8,2.50231
71.31,16125,16893.3,16697,-768.309
71.32,17025,16889.2,16697.1,135.801
71.33,16750,16885.2,16697.3,-135.168
71.34,17225,16881.2,16697.4,343.785
71.35,17075,16877.3,16697.6,197.657
71.36,17850,16873.6,16697.7,976.45
71.37,15850,16869.8,16697.9,-1019.84
71.38,15850,16866.2,16698,-1016.21
71.39,17275,16862.7,16698.2,412.344
71.4,17475,16859.2,16698.3,615.813
71.41,17600,16855.8,16698.5,744.202
71.42,16625,16852.5,16698.6,-227.49
71.43,17950,16849.3,16698.8,1100.74
71.44,17725,16846.1,16698.9,878.885
71.45,16175,16843,16699.1,-668.049
71.46,17550,16840.1,16699.2,709.939
71.47,16575,16837.2,16699.4,-262.153
71.48,17575,16834.3,16699.5,740.691
71.49,17050,16831.6,16699.7,218.443
71.5,17450,16828.9,16699.8,621.116
71.51,15825,16826.3,16700,-1001.29
71.52,17100,16823.8,16700.1,276.233
71.53,16725,16821.3,16700.3,-96.3223
71.54,17300,16819,16700.4,481.048
71.55,16525,16816.7,16700.6,-291.656
71.56,17750,16814.4,16700.7,935.567
71.57,17900,16812.3,16700.9,1087.73
71.58,17150,16810.2,16701,339.805
71.59,16150,16808.2,16701.2,-658.186
71.6,17900,16806.2,16701.3,1093.75
71.61,16275,16804.4,16701.5,-529.375
71.62,17175,16802.6,16701.6,372.429
71.63,16975,16800.8,16701.8,174.167
71.64,17175,16799.2,16701.9,375.839
71.65,17200,16797.6,16702.1,402.447
71.66,17325,16796,16702.2,528.991
71.67,16350,16794.5,16702.4,-444.526
71.68,16175,16793.1,16702.5,-618.105
71.69,16350,16791.7,16702.7,-441.744
71.7,17525,16790.4,16702.9,734.557
71.71,16325,16789.2,16703,-464.199
71.72,16975,16788,16703.2,186.987
71.73,16975,16786.9,16703.3,188.118
71.74,17925,16785.8,16703.5,1139.19
71.75,16725,16784.8,16703.6,-59.7855
71.76,16925,16783.8,16703.8,141.183
71.77,16650,16782.9,16703.9,-132.901
71.78,16475,16782,16704.1,-307.036
71.79,17125,16781.2,16704.2,343.78
71.8,16975,16780.5,16704.4,194.545
71.81,17025,16779.7,16704.5,245.263
71.82,16725,16779.1,16704.7,-54.0671
71.83,16400,16778.4,16704.9,-378.444
71.84,15825,16777.9,16705,-952.866
71.85,16550,16777.3,16705.2,-227.333
71.86,17475,16776.8,16705.3,698.155
71.87,17725,16776.4,16705.5,948.6
71.88,16925,16776,16705.6,149.003
71.89,16925,16775.6,16705.8,149.363
71.9,16650,16775.3,16705.9,-125.318
71.91,17825,16775,16706.1,1049.96
71.92,16725,16774.8,16706.3,-49.8013
71.93,17625,16774.6,16706.4,850.397
71.94,17350,16774.4,16706.6,575.557
71.95,17575,16774.3,16706.7,800.678
71.96,16900,16774.2,16706.9,125.761
71.97,17600,16774.2,16707,825.806
71.98,16350,16774.2,16707.2,-424.185
71.99,16875,16774.2,16707.4,100.786
72,18225,16774.3,16707.5,1450.72
72.01,17050,16774.4,16707.7,275.619
72.02,17150,16774.5,16707.8,375.482
72.03,16500,16774.7,16708,-274.691
72.04,16725,16774.9,16708.1,-49.9
72.05,17475,16775.1,16708.3,699.856
72.06,16050,16775.4,16708.5,-725.423
72.07,16775,16775.7,16708.6,-0.737916
72.08,18450,16776.1,16708.8,1673.91
72.09,16925,16776.5,16708.9,148.528
72.1,16400,16776.9,16709.1,-376.892
72.11,17350,16777.3,16709.2,572.653
72.12,17600,16777.8,16709.4,822.163
72.13,15825,16778.4,16709.6,-953.363
72.14,16900,16778.9,16709.7,121.076
72.15,17575,16779.5,16709.9,795.479
72.16,17075,16780.2,16710,294.846
72.17,17350,16780.8,16710.2,569.177
72.18,16850,16781.5,16710.4,68.4717
72.19,16875,16782.3,16710.5,92.7295
72.2,17200,16783,16710.7,416.95
72.21,18475,16783.9,16710.8,1691.13
72.22,16975,16784.7,16711,190.279
72.23,17625,16785.6,16711.2,839.386
72.24,17225,16786.5,16711.3,438.454
72.25,16225,16787.5,16711.5,-562.517
72.26,16925,16788.5,16711.7,136.473
72.27,16850,16789.6,16711.8,60.4215
72.28,17275,16790.7,16712,484.33
72.29,16900,16791.8,16712.1,108.196
72.3,17775,16793,16712.3,982.021
72.31,16850,16794.2,16712.5,55.8027
72.32,17300,16795.5,16712.6,504.541
72.33,18000,16796.8,16712.8,1203.24
72.34,16300,16798.1,16713,-498.115
72.35,16325,16799.5,16713.1,-474.511
72.36,16875,16801,16713.3,74.0475
72.37,16625,16802.4,16713.4,-177.442
72.38,17225,16804,16713.6,421.022
72.39,17825,16805.6,16713.8,1019.44
72.4,18000,16807.2,16713.9,1192.8
72.41,17800,16808.9,16714.1,991.117
72.42,17300,16810.6,16714.3,489.381
72.43,16200,16812.4,16714.4,-612.407
72.44,17075,16814.2,16714.6,260.752
72.45,16725,16816.1,16714.8,-91.1419
72.46,18225,16818.1,16714.9,1406.91
72.47,17375,16820.1,16715.1,554.905
72.48,16675,16822.2,16715.2,-147.155
72.49,18625,16824.3,16715.4,1800.73
72.5,17650,16826.4,16715.6,823.552
72.51,16675,16828.7,16715.7,-153.683
72.52,17875,16831,16715.9,1044.02
72.53,17400,16833.3,16716.1,566.667
72.54,17125,16835.7,16716.2,289.25
72.55,17525,16838.2,16716.4,686.77
72.56,17400,16840.8,16716.6,559.227
72.57,17500,16843.4,16716.7,656.62
72.58,17850,16846.1,16716.9,1003.95
72.59,16325,16848.8,16717.1,-523.793
72.6,16550,16851.6,16717.2,-301.599
72.61,16725,16854.5,16717.4,-129.473
72.62,16750,16857.4,16717.6,-107.416
72.63,16875,16860.4,16717.7,14.5715
72.64,17375,16863.5,16717.9,511.489
72.65,17375,16866.7,16718.1,508.334
72.66,18400,16869.9,16718.3,1530.11
72.67,17925,16873.2,16718.4,1051.81
72.68,17600,16876.6,16718.6,723.437
72.69,16875,16880,16718.8,-5.00972
72.7,16950,16883.5,16718.9,66.4688
72.71,16475,16887.1,16719.1,-412.128
72.72,17750,16890.8,16719.3,859.199
72.73,18500,16894.6,16719.4,1605.45
72.74,17550,16898.4,16719.6,651.621
72.75,17525,16902.3,16719.8,622.716
72.76,17950,16906.3,16719.9,1043.73
72.77,16925,16910.3,16720.1,14.6708
72.78,16850,16914.5,16720.3,-64.4705
72.79,18300,16918.7,16720.5,1381.31
72.8,17225,16923,16720.6,302.008
72.81,18700,16927.4,16720.8,1772.63
72.82,18525,16931.8,16721,1593.17
72.83,17075,16936.4,16721.1,138.624
72.84,17475,16941,16721.3,534.002
72.85,17575,16945.7,16721.5,629.299
72.86,17275,16950.5,16721.7,324.515
72.87,18050,16955.3,16721.8,1094.65
72.88,17750,16960.3,16722,789.706
72.89,17150,16965.3,16722.2,184.681
72.9,17225,16970.4,16722.4,254.576
72.91,16800,16975.6,16722.5,-175.609
72.92,17900,16980.9,16722.7,919.127
72.93,17350,16986.2,16722.9,363.783
72.94,18900,16991.6,16723,1908.36
72.95,17500,16997.1,16723.2,502.862
72.96,16975,17002.7,16723.4,-27.7147
72.97,16250,17008.4,16723.6,-758.368
72.98,17375,17014.1,16723.7,360.903
72.99,17925,17019.9,16723.9,905.1
73,18350,17025.8,16724.1,1324.22
73.01,16575,17031.7,16724.3,-456.728
73.02,17325,17037.7,16724.4,287.251
73.03,17200,17043.8,16724.6,156.159
73.04,18000,17050,16724.8,949.998
73.05,17650,17056.2,16725,593.769
73.06,16150,17062.5,16725.1,-912.525
73.07,16725,17068.9,16725.3,-343.885
73.08,17575,17075.3,16725.5,499.692
73.09,18150,17081.8,16725.7,1068.21
73.1,17275,17088.3,16725.9,186.665
73.11,16800,17094.9,16726,-294.936
73.12,17525,17101.6,16726.2,423.407
73.13,16225,17108.3,16726.4,-883.303
73.14,17100,17115.1,16726.6,-15.0657
73.15,16200,17121.9,16726.7,-921.877
73.16,17950,17128.7,16726.9,821.264
73.17,17575,17135.6,16727.1,439.36
73.18,17625,17142.6,16727.3,482.413
73.19,16625,17149.6,16727.5,-524.573
73.2,17025,17156.6,16727.6,-131.597
73.21,16475,17163.7,16727.8,-688.656
73.22,16225,17170.7,16728,-945.747
73.23,17775,17177.9,16728.2,597.132
73.24,16700,17185,16728.4,-485.016
73.25,17625,17192.2,16728.5,432.812
73.26,17400,17199.4,16728.7,200.62
73.27,17075,17206.6,16728.9,-131.592
73.28,16275,17213.8,16729.1,-938.818
73.29,17550,17221.1,16729.3,328.943
73.3,16800,17228.3,16729.4,-428.304
73.31,16400,17235.6,16729.6,-835.558
73.32,16750,17242.8,16729.8,-492.814
73.33,16125,17250.1,16730,-1125.07
73.34,16925,17257.3,16730.2,-332.323
73.35,16600,17264.6,16730.4,-664.569
73.36,18125,17271.8,16730.5,853.196
73.37,17525,17279,16730.7,245.975
73.38,16550,17286.2,16730.9,-736.229
73.39,17225,17293.4,16731.1,-68.4129
73.4,16950,17300.6,16731.3,-350.572
73.41,16800,17307.7,16731.5,-507.704
73.42,17350,17314.8,16731.6,35.1958
73.43,17375,17321.9,16731.8,53.1305
73.44,16550,17328.9,16732,-778.896
73.45,17075,17335.9,16732.2,-260.88
73.46,16950,17342.8,16732.4,-392.818
73.47,17100,17349.7,16732.6,-249.706
73.48,16025,17356.5,16732.8,-1331.54
73.49,15900,17363.3,16732.9,-1463.32
73.5,16700,17370,16733.1,-670.033
73.51,16900,17376.7,16733.3,-476.682
73.52,16025,17383.3,16733.5,-1358.26
73.53,15775,17389.8,16733.7,-1614.77
73.54,16925,17396.2,16733.9,-471.201
73.55,18250,17402.6,16734.1,847.45
73.56,16650,17408.8,16734.2,-758.814
73.57,16850,17415,16734.4,-564.99
73.58,17800,17421.1,16734.6,378.928
73.59,17075,17427.1,16734.8,-352.058
73.6,17300,17432.9,16735,-132.944
73.61,17200,17438.7,16735.2,-238.725
73.62,17300,17444.4,16735.4,-144.397
73.63,17025,17450,16735.6,-424.958
73.64,17525,17455.4,16735.8,69.596
73.65,18950,17460.7,16735.9,1489.27
73.66,16525,17465.9,16736.1,-940.934
73.67,17375,17471,16736.3,-96.0119
73.68,17825,17476,16736.5,349.04
73.69,16900,17480.8,16736.7,-580.776
73.7,17000,17485.5,16736.9,-485.456
73.71,17325,17490,16737.1,-164.996
73.72,18250,17494.4,16737.3,755.604
73.73,18450,17498.7,16737.5,951.35
73.74,18125,17502.8,16737.7,622.243
73.75,17750,17506.7,16737.9,243.285
73.76,17800,17510.5,16738,289.481
73.77,17750,17514.2,16738.2,235.83
73.78,16575,17517.7,16738.4,-942.663
73.79,17125,17521,16738.6,-395.998
73.8,17400,17524.2,16738.8,-124.172
73.81,18325,17527.2,16739,797.816
73.82,17550,17530,16739.2,19.9687
73.83,17925,17532.7,16739.4,392.287
73.84,15700,17535.2,16739.6,-1835.23
73.85,16875,17537.6,16739.8,-662.575
73.86,15900,17539.8,16740,-1639.75
73.87,17125,17541.8,16740.2,-416.76
73.88,16900,17543.6,16740.4,-643.596
73.89,17175,17545.3,16740.6,-370.261
73.9,16050,17546.8,16740.8,-1496.75
73.91,18050,17548.1,16741,501.928
73.92,16450,17549.2,16741.2,-1099.22
73.93,17525,17550.2,16741.4,-25.1891
73.94,17725,17551,16741.6,174.013
73.95,17075,17551.6,16741.8,-476.611
73.96,17400,17552.1,16742,-152.061
73.97,17300,17552.3,16742.2,-252.337
73.98,17825,17552.4,16742.3,272.561
73.99,17400,17552.4,16742.5,-152.367
74,17500,17552.1,16742.7,-52.1218
74.01,17025,17551.7,16742.9,-526.704
74.02,17050,17551.1,16743.1,-501.113
74.03,17350,17550.3,16743.3,-200.35
74.04,17275,17549.4,16743.5,-274.415
74.05,18900,17548.3,16743.7,1351.69
74.06,17750,17547,16743.9,202.966
74.07,18375,17545.6,16744.1,829.411
74.08,16925,17544,16744.3,-618.976
74.09,17175,17542.2,16744.5,-367.194
74.1,16525,17540.2,16744.8,-1015.25
74.11,18425,17538.1,16745,886.867
74.12,18050,17535.9,16745.2,514.146
74.13,17550,17533.4,16745.4,16.5871
74.14,17925,17530.8,16745.6,394.191
74.15,16575,17528,16745.8,-953.045
74.16,18000,17525.1,16746,474.878
74.17,17150,17522,16746.2,-372.041
74.18,18300,17518.8,16746.4,781.195
74.19,18325,17515.4,16746.6,809.586
74.2,18425,17511.9,16746.8,913.13
74.21,17600,17508.2,16747,91.8234
74.22,17500,17504.3,16747.2,-4.33451
74.23,18150,17500.3,16747.4,649.654
74.24,17150,17496.2,16747.6,-346.214
74.25,17950,17491.9,16747.8,458.059
74.26,18025,17487.5,16748,537.472
74.27,16575,17483,16748.2,-907.979
74.28,18650,17478.3,16748.4,1171.7
74.29,16450,17473.5,16748.6,-1023.48
74.3,17475,17468.5,16748.8,6.4588
74.31,17200,17463.5,16749,-263.475
74.32,17375,17458.3,16749.3,-83.287
74.33,17175,17453,16749.5,-277.981
74.34,17500,17447.6,16749.7,52.4409
74.35,18125,17442,16749.9,682.974
74.36,18075,17436.4,16750.1,638.615
74.37,17875,17430.6,16750.3,444.36
74.38,17425,17424.8,16750.5,0.205994
74.39,17350,17418.9,16750.7,-68.8514
74.4,17775,17412.8,16750.9,362.184
74.41,18425,17406.7,16751.1,1018.31
74.42,17750,17400.5,16751.3,349.517
74.43,18125,17394.2,16751.6,730.807
74.44,18075,17387.8,16751.8,687.174
74.45,17775,17381.4,16752,393.612
74.46,17975,17374.9,16752.2,600.119
74.47,17625,17368.3,16752.4,256.689
74.48,16550,17361.7,16752.6,-811.681
74.49,18150,17355,16752.8,795.004
74.5,17325,17348.3,16753,-23.2601
74.51,17950,17341.5,16753.3,608.522
74.52,17525,17334.7,16753.5,190.346
74.53,17150,17327.8,16753.7,-177.792
74.54,17525,17320.9,16753.9,204.103
74.55,18150,17314,16754.1,836.028
74.56,17275,17307,16754.3,-32.0233
74.57,18450,17300.1,16754.5,1149.95
74.58,17725,17293.1,16754.8,431.932
74.59,16425,17286.1,16755,-861.07
74.6,18075,17279.1,16755.2,795.935
74.61,17650,17272.1,16755.4,377.945
74.62,17650,17265,16755.6,384.954
74.63,16550,17258,16755.8,-708.041
74.64,17700,17251,16756.1,448.956
74.65,17425,17244.1,16756.3,180.941
74.66,18250,17237.1,16756.5,1012.91
74.67,18050,17230.1,16756.7,819.861
74.68,16250,17223.2,16756.9,-973.212
74.69,17550,17216.3,16757.2,333.69
74.7,17125,17209.4,16757.4,-84.4389
74.71,17000,17202.6,16757.6,-202.6
74.72,17025,17195.8,16757.8,-170.798
74.73,16250,17189,16758,-939.035
74.74,16075,17182.3,16758.3,-1107.31
74.75,17650,17175.6,16758.5,474.361
74.76,16700,17169,16758.7,-469.011
74.77,17875,17162.4,16758.9,712.566
74.78,18850,17155.9,16759.1,1694.09
74.79,17225,17149.4,16759.4,75.5571
74.8,17750,17143,16759.6,606.967
74.81,17400,17136.7,16759.8,263.316
74.82,16475,17130.4,16760,-655.398
74.83,16725,17124.2,16760.3,-399.176
74.84,17325,17118,16760.5,206.979
74.85,17350,17111.9,16760.7,238.065
74.86,17975,17105.9,16760.9,869.08
74.87,16150,17100,16761.2,-949.976
74.88,16975,17094.1,16761.4,-119.106
74.89,17125,17088.3,16761.6,36.6883
74.9,17525,17082.6,16761.8,442.406
74.91,17425,17077,16762.1,348.046
74.92,17000,17071.4,16762.3,-71.3936
74.93,16775,17065.9,16762.5,-290.913
74.94,17450,17060.5,16762.7,389.485
74.95,16750,17055.2,16763,-305.199
74.96,16250,17050,16763.2,-799.966
74.97,16200,17044.8,16763.4,-844.817
74.98,17425,17039.8,16763.6,385.246
74.99,17050,17034.8,16763.9,15.2245
75,15675,17029.9,16764.1,-1354.88
75.01,16525,17025.1,16764.3,-500.079
75.02,17000,17020.4,16764.6,-20.3607
75.03,17925,17015.7,16764.8,909.27
75.04,18025,17011.2,16765,1013.81
75.05,18200,17006.7,16765.3,1193.27
75.06,17075,17002.4,16765.5,72.6316
75.07,17200,16998.1,16765.7,201.909
75.08,17150,16993.9,16766,156.097
75.09,16425,16989.8,16766.2,-564.803
75.1,15850,16985.8,16766.4,-1135.79
75.11,17075,16981.9,16766.7,93.1296
75.12,16250,16978,16766.9,-728.037
75.13,15900,16974.3,16767.1,-1074.29
75.14,16500,16970.6,16767.4,-470.635
75.15,16550,16967.1,16767.6,-417.066
75.16,16150,16963.6,16767.8,-813.585
75.17,16625,16960.2,16768.1,-335.192
75.18,17750,16956.9,16768.3,793.114
75.19,16525,16953.7,16768.5,-428.666
75.2,17275,16950.5,16768.8,324.467
75.21,17050,16947.5,16769,102.513
75.22,16950,16944.5,16769.2,5.47458
75.23,16750,16941.6,16769.5,-191.649
75.24,17400,16938.9,16769.7,461.142
75.25,17100,16936.2,16770,163.849
75.26,16975,16933.5,16770.2,41.4728
75.27,17400,16931,16770.4,469.013
75.28,17500,16928.5,16770.7,571.471
75.29,16050,16926.2,16770.9,-876.153
75.3,16625,16923.9,16771.1,-298.859
75.31,16500,16921.6,16771.4,-421.645
75.32,16750,16919.5,16771.6,-169.512
75.33,17550,16917.5,16771.9,632.541
75.34,16950,16915.5,16772.1,34.5158
75.35,16200,16913.6,16772.4,-713.588
75.36,17800,16911.8,16772.6,888.23
75.37,17325,16910,16772.8,414.97
75.38,16625,16908.4,16773.1,-283.366
75.39,16725,16906.8,16773.3,-181.778
75.4,16300,16905.3,16773.6,-605.266
75.41,17275,16903.8,16773.8,371.172
75.42,17100,16902.5,16774.1,197.534
75.43,15600,16901.2,16774.3,-1301.18
75.44,16450,16900,16774.5,-449.96
75.45,16400,16898.8,16774.8,-498.817
75.46,18275,16897.7,16775,1377.25
75.47,16725,16896.7,16775.3,-171.747
75.48,16500,16895.8,16775.5,-395.818
75.49,16400,16895,16775.8,-494.96
75.5,16525,16894.2,16776,-369.172
75.51,17875,16893.5,16776.3,981.546
75.52,16600,16892.8,16776.5,-292.805
75.53,16400,16892.2,16776.8,-492.225
75.54,16250,16891.7,16777,-641.712
75.55,16775,16891.3,16777.3,-116.268
75.56,17100,16890.9,16777.5,209.109
75.57,17875,16890.6,16777.8,984.419
75.58,17575,16890.3,16778,684.663
75.59,17325,16890.2,16778.3,434.84
75.6,17450,16890,16778.5,559.951
75.61,17100,16890,16778.8,209.997
75.62,16350,16890,16779,-540.023
75.63,17200,16890.1,16779.3,309.893
75.64,17050,16890.3,16779.5,159.744
75.65,16275,16890.5,16779.8,-615.47
75.66,17200,16890.7,16780,309.253
75.67,16500,16891.1,16780.3,-391.089
75.68,17125,16891.5,16780.5,233.506
75.69,16575,16892,16780.8,-316.963
75.7,16925,16892.5,16781,32.5046
75.71,17150,16893.1,16781.3,256.909
75.72,17650,16893.7,16781.6,756.251
75.73,17125,16894.5,16781.8,230.53
75.74,17350,16895.3,16782.1,454.746
75.75,17175,16896.1,16782.3,278.9
75.76,17500,16897,16782.6,602.992
75.77,17275,16898,16782.8,377.021
75.78,17400,16899,16783.1,500.988
75.79,15975,16900.1,16783.4,-925.107
75.8,16525,16901.3,16783.6,-376.263
75.81,17500,16902.5,16783.9,597.518
75.82,17775,16903.8,16784.1,871.238
75.83,17050,16905.1,16784.4,144.896
75.84,16300,16906.5,16784.7,-606.508
75.85,16900,16908,16784.9,-7.97291
75.86,17375,16909.5,16785.2,465.501
75.87,17325,16911.1,16785.4,413.913
75.88,16300,16912.7,16785.7,-612.736
75.89,16625,16914.4,16786,-289.445
75.9,16475,16916.2,16786.2,-441.216
75.91,16850,16918,16786.5,-68.0475
75.92,17200,16919.9,16786.8,280.06
75.93,17375,16921.9,16787,453.108
75.94,17175,16923.9,16787.3,251.094
75.95,17575,16926,16787.6,649.021
75.96,16725,16928.1,16787.8,-203.112
75.97,17275,16930.3,16788.1,344.694
75.98,17000,16932.6,16788.4,67.4416
75.99,17425,16934.9,16788.6,490.129
76,17100,16937.2,16788.9,162.758
76.01,16775,16939.7,16789.2,-164.672
76.02,16550,16942.2,16789.4,-392.161
76.03,18075,16944.7,16789.7,1130.29
76.04,16725,16947.3,16790,-222.313
76.05,16000,16950,16790.2,-949.976
76.06,16475,16952.7,16790.5,-477.695
76.07,16550,16955.5,16790.8,-405.472
76.08,17550,16958.3,16791,591.696
76.09,16625,16961.2,16791.3,-336.192
76.1,16075,16964.1,16791.6,-889.136
76.11,17150,16967.1,16791.9,182.866
76.12,17700,16970.2,16792.1,729.814
76.13,17175,16973.3,16792.4,201.708
76.14,17100,16976.5,16792.7,123.55
76.15,17075,16979.7,16792.9,95.3392
76.16,15975,16982.9,16793.2,-1007.92
76.17,17300,16986.2,16793.5,313.765
76.18,16225,16989.6,16793.8,-764.597
76.19,16525,16993,16794,-468.008
76.2,16950,16996.5,16794.3,-46.4665
76.21,17375,17000,16794.6,375.028
76.22,16600,17003.5,16794.9,-403.524
76.23,17925,17007.1,16795.1,917.88
76.24,17350,17010.8,16795.4,339.239
76.25,17600,17014.4,16795.7,585.556
76.26,16900,17018.2,16796,-118.168
76.27,16875,17021.9,16796.3,-146.933
76.28,18350,17025.7,16796.5,1324.26
76.29,17375,17029.6,16796.8,345.422
76.3,17000,17033.5,16797.1,-33.455
76.31,17650,17037.4,16797.4,612.633
76.32,17450,17041.3,16797.7,408.687
76.33,18000,17045.3,16797.9,954.71
76.34,16975,17049.3,16798.2,-74.2976
76.35,16950,17053.3,16798.5,-103.334
76.36,17625,17057.4,16798.8,567.603
76.37,17100,17061.5,16799.1,38.5155
76.38,16425,17065.6,16799.4,-640.596
76.39,17825,17069.7,16799.6,755.271
76.4,17400,17073.9,16799.9,326.119
76.41,17625,17078.1,16800.2,546.949
76.42,18750,17082.2,16800.5,1667.76
76.43,17200,17086.4,16800.8,113.564
76.44,17525,17090.6,16801.1,434.353
76.45,16075,17094.9,16801.4,-1019.87
76.46,17400,17099.1,16801.6,300.906
76.47,16575,17103.3,16801.9,-528.326
76.48,17925,17107.6,16802.2,817.439
76.49,17125,17111.8,16802.5,13.2039
76.5,16800,17116,16802.8,-316.029
76.51,17750,17120.3,16803.1,629.742
76.52,17775,17124.5,16803.4,650.521
76.53,17425,17128.7,16803.7,296.309
76.54,17850,17132.9,16804,717.108
76.55,15825,17137.1,16804.3,-1312.08
76.56,16925,17141.2,16804.5,-216.246
76.57,18225,17145.4,16804.8,1079.61
76.58,17275,17149.5,16805.1,125.479
76.59,16900,17153.6,16805.4,-253.622
76.6,17150,17157.7,16805.7,-7.69554
76.61,17850,17161.7,16806,688.261
76.62,18525,17165.7,16806.3,1359.25
76.63,16625,17169.7,16806.6,-544.722
76.64,18300,17173.7,16806.9,1126.34
76.65,18425,17177.6,16807.2,1247.45
76.66,16225,17181.4,16807.5,-956.402
76.67,18775,17185.2,16807.8,1589.8
76.68,17850,17189,16808.1,661.041
76.69,17850,17192.7,16808.4,657.34
76.7,17825,17196.3,16808.7,628.693
76.71,17075,17199.9,16809,-124.897
76.72,16450,17203.4,16809.3,-753.428
76.73,16700,17206.9,16809.6,-506.896
76.74,17025,17210.3,16809.9,-185.299
76.75,16900,17213.6,16810.2,-313.636
76.76,18750,17216.9,16810.5,1533.1
76.77,16325,17220.1,16810.8,-895.099
76.78,16950,17223.2,16811.1,-273.222
76.79,16575,17226.3,16811.4,-651.269
76.8,17000,17229.2,16811.7,-229.239
76.81,16250,17232.1,16812,-982.13
76.82,18275,17234.9,16812.3,1040.06
76.83,18300,17237.7,16812.6,1062.33
76.84,17550,17240.3,16812.9,309.687
76.85,16750,17242.9,16813.2,-492.873
76.86,17025,17245.3,16813.5,-220.346
76.87,17350,17247.7,16813.8,102.266
76.88,17450,17250,16814.1,199.967
76.89,17900,17252.2,16814.4,647.756
76.9,17800,17254.4,16814.8,545.634
76.91,17525,17256.4,16815.1,268.6
76.92,17000,17258.3,16815.4,-258.344
76.93,17700,17260.2,16815.7,439.801
76.94,17500,17262,16816,238.036
76.95,17400,17263.6,16816.3,136.359
76.96,17200,17265.2,16816.6,-65.2304
76.97,17650,17266.7,16816.9,383.268
76.98,18225,17268.1,16817.2,956.853
76.99,17450,17269.5,16817.6,180.524
77,17750,17270.7,16817.9,479.279
77.01,17500,17271.9,16818.2,228.117
77.02,17650,17273,16818.5,377.036
77.03,17800,17274,16818.8,526.035
77.04,17100,17274.9,16819.1,-174.888
77.05,17300,17275.7,16819.4,24.2649
77.06,17750,17276.5,16819.8,473.491
77.07,16750,17277.2,16820.1,-527.211
77.08,17125,17277.8,16820.4,-152.844
77.09,16975,17278.4,16820.7,-303.41
77.1,16775,17278.9,16821,-503.913
77.11,17425,17279.4,16821.4,145.645
77.12,16575,17279.7,16821.7,-704.739
77.13,14925,17280.1,16822,-2355.07
77.14,17500,17280.3,16822.3,219.654
77.15,17025,17280.6,16822.6,-255.575
77.16,17150,17280.8,16823,-130.758
77.17,18325,17280.9,16823.3,1044.1
77.18,17150,17281,16823.6,-131.004
77.19,17075,17281.1,16823.9,-206.073
77.2,17975,17281.1,16824.2,693.89
77.21,16400,17281.1,16824.6,-881.121
77.22,16725,17281.1,16824.9,-556.107
77.23,17400,17281.1,16825.2,118.926
77.24,17625,17281,16825.5,343.976
77.25,16550,17281,16825.9,-730.962
77.26,17200,17280.9,16826.2,-80.8915
77.27,16550,17280.8,16826.5,-730.816
77.28,17175,17280.7,16826.9,-105.74
77.29,17775,17280.7,16827.2,494.333
77.3,18000,17280.6,16827.5,719.399
77.31,17125,17280.5,16827.8,-155.546
77.32,16850,17280.5,16828.2,-430.505
77.33,16675,17280.5,16828.5,-605.482
77.34,17200,17280.5,16828.8,-80.4816
77.35,16700,17280.5,16829.2,-580.507
77.36,16250,17280.6,16829.5,-1030.56
77.37,16475,17280.6,16829.8,-805.648
77.38,18400,17280.8,16830.2,1119.23
77.39,17875,17280.9,16830.5,594.064
77.4,16900,17281.1,16830.8,-381.143
77.41,17050,17281.4,16831.2,-231.397
77.42,17425,17281.7,16831.5,143.3
77.43,17300,17282.1,16831.8,17.9431
77.44,18650,17282.5,16832.2,1367.53
77.45,17100,17282.9,16832.5,-182.942
77.46,17300,17283.5,16832.9,16.524
77.47,17150,17284.1,16833.2,-134.075
77.48,17400,17284.7,16833.5,115.258
77.49,18000,17285.5,16833.9,714.522
77.5,16975,17286.3,16834.2,-311.288
77.51,17775,17287.2,16834.5,487.828
77.52,17750,17288.1,16834.9,461.866
77.53,17400,17289.2,16835.2,110.825
77.54,17000,17290.3,16835.6,-290.297
77.55,17025,17291.5,16835.9,-266.503
77.56,18400,17292.8,16836.3,1107.21
77.57,17425,17294.2,16836.6,130.829
77.58,18425,17295.6,16836.9,1129.36
77.59,16425,17297.2,16837.3,-872.191
77.6,18350,17298.8,16837.6,1051.16
77.61,17950,17300.6,16838,649.425
77.62,17725,17302.4,16838.3,422.594
77.63,17700,17304.3,16838.7,395.669
77.64,17750,17306.3,16839,443.65
77.65,17425,17308.5,16839.4,116.536
77.66,18175,17310.7,16839.7,864.327
77.67,18175,17313,16840.1,862.022
77.68,17575,17315.4,16840.4,259.621
77.69,16550,17317.9,16840.8,-767.875
77.7,18150,17320.5,16841.1,829.533
77.71,17775,17323.2,16841.5,451.845
77.72,17975,17325.9,16841.8,649.063
77.73,17900,17328.8,16842.2,571.187
77.74,17925,17331.8,16842.5,593.217
77.75,18175,17334.8,16842.9,840.155
77.76,17325,17338,16843.2,-12.9984
77.77,17175,17341.2,16843.6,-166.242
77.78,17850,17344.6,16844,505.425
77.79,17025,17348,16844.3,-322.995
77.8,17600,17351.5,16844.7,248.499
77.81,18350,17355.1,16845,994.909
77.82,17450,17358.8,16845.4,91.2376
77.83,16800,17362.5,16845.7,-562.514
77.84,18250,17366.3,16846.1,883.657
77.85,18050,17370.2,16846.5,679.752
77.86,18325,17374.2,16846.8,950.775
77.87,18925,17378.3,16847.2,1546.73
77.88,17800,17382.4,16847.5,417.614
77.89,19275,17386.6,16847.9,1888.44
77.9,17150,17390.8,16848.3,-240.804
77.91,17625,17395.1,16848.6,229.898
77.92,18575,17399.5,16849,1175.55
77.93,18950,17403.9,16849.4,1546.14
77.94,17225,17408.3,16849.7,-183.307
77.95,17900,17412.8,16850.1,487.2
77.96,17500,17417.3,16850.5,82.6668
77.97,18175,17421.9,16850.8,753.098
77.98,18275,17426.5,16851.2,848.498
77.99,18150,17431.1,16851.6,718.871
78,16550,17435.8,16851.9,-885.778
78.01,17175,17440.4,16852.3,-265.445
78.02,18300,17445.1,16852.7,854.874
78.03,18950,17449.8,16853,1500.18
78.04,17175,17454.5,16853.4,-279.509
78.05,17600,17459.2,16853.8,140.799
78.06,17575,17463.9,16854.2,111.114
78.07,18300,17468.6,16854.5,831.44
78.08,18650,17473.2,16854.9,1176.78
78.09,18625,17477.9,16855.3,1147.15
78.1,17925,17482.5,16855.7,442.54
78.11,17200,17487,16856,-287.035
78.12,16975,17491.6,16856.4,-516.571
78.13,16725,17496.1,16856.8,-771.064
78.14,17100,17500.5,16857.2,-400.506
78.15,17700,17504.9,16857.5,195.106
78.16,17500,17509.2,16857.9,-9.21994
78.17,17975,17513.5,16858.3,461.52
78.18,18075,17517.7,16858.7,557.333
78.19,17725,17521.8,16859.1,203.224
78.2,17775,17525.8,16859.4,249.198
78.21,16725,17529.7,16859.8,-804.738
78.22,17775,17533.6,16860.2,241.421
78.23,17775,17537.3,16860.6,237.68
78.24,17700,17541,16861,159.045
78.25,17125,17544.5,16861.3,-419.478
78.26,18525,17547.9,16861.7,977.115
78.27,17600,17551.2,16862.1,48.8305
78.28,18300,17554.3,16862.5,745.673
78.29,16975,17557.4,16862.9,-582.353
78.3,18800,17560.2,16863.3,1239.76
78.31,15875,17563,16863.7,-1687.99
78.32,17075,17565.6,16864.1,-490.589
78.33,16800,17568,16864.4,-768.039
78.34,17050,17570.3,16864.8,-520.335
78.35,17400,17572.5,16865.2,-172.472
78.36,17475,17574.4,16865.6,-99.4466
78.37,17150,17576.3,16866,-426.255
78.38,16350,17577.9,16866.4,-1227.89
78.39,16600,17579.4,16866.8,-979.361
78.4,17150,17580.7,16867.2,-430.653
78.41,17150,17581.8,16867.6,-431.767
78.42,16775,17582.7,16868,-807.7
78.43,16525,17583.5,16868.4,-1058.45
78.44,16525,17584,16868.8,-1059.02
78.45,17325,17584.4,16869.2,-259.399
78.46,17225,17584.6,16869.6,-359.593
78.47,17475,17584.6,16870,-109.598
78.48,17550,17584.4,16870.4,-34.4151
78.49,17625,17584,16870.8,40.9577
78.5,18325,17583.5,16871.2,741.52
78.51,16325,17582.7,16871.6,-1257.73
78.52,17150,17581.8,16872,-431.786
78.53,16625,17580.7,16872.4,-955.656
78.54,16275,17579.3,16872.8,-1304.34
78.55,17725,17577.8,16873.2,147.168
78.56,17025,17576.1,16873.6,-551.141
78.57,16750,17574.3,16874,-824.265
78.58,17000,17572.2,16874.4,-572.207
78.59,16900,17570,16874.8,-669.969
78.6,16750,17567.6,16875.2,-817.552
78.61,17350,17565,16875.6,-214.96
78.62,17850,17562.2,16876,287.806
78.63,16925,17559.3,16876.4,-634.258
78.64,17050,17556.2,16876.8,-506.155
78.65,17050,17552.9,16877.2,-502.887
78.66,18075,17549.5,16877.7,525.542
78.67,16550,17545.9,16878.1,-995.872
78.68,16275,17542.1,16878.5,-1267.13
78.69,17325,17538.2,16878.9,-213.243
78.7,16175,17534.2,16879.3,-1359.21
78.71,17200,17530,16879.7,-330.03
78.72,17875,17525.7,16880.1,349.286
78.73,16150,17521.3,16880.5,-1371.27
78.74,17325,17516.7,16881,-191.687
78.75,16800,17512,16881.4,-711.984
78.76,17850,17507.2,16881.8,342.84
78.77,17350,17502.2,16882.2,-152.221
78.78,17000,17497.2,16882.6,-497.171
78.79,16025,17492,16883.1,-1467.01
78.8,16300,17486.8,16883.5,-1186.76
78.81,17175,17481.4,16883.9,-306.399
78.82,16175,17476,16884.3,-1300.95
78.83,16975,17470.4,16884.7,-495.416
78.84,16475,17464.8,16885.2,-989.797
78.85,17000,17459.1,16885.6,-459.101
78.86,17000,17453.3,16886,-453.331
78.87,16550,17447.5,16886.4,-897.492
78.88,16525,17441.6,16886.9,-916.59
78.89,18050,17435.6,16887.3,614.372
78.9,17550,17429.6,16887.7,120.388
78.91,17275,17423.5,16888.1,-148.546
78.92,17325,17417.4,16888.6,-92.4342
78.93,16725,17411.3,16889,-686.282
78.94,16550,17405.1,16889.4,-855.092
78.95,17425,17398.9,16889.9,26.1291
78.96,17125,17392.6,16890.3,-267.622
78.97,16400,17386.3,16890.7,-986.349
78.98,16875,17380.1,16891.2,-505.057
78.99,16400,17373.7,16891.6,-973.749
79,18150,17367.4,16892,782.57
79.01,17200,17361.1,16892.5,-161.104
79.02,17475,17354.8,16892.9,120.226
79.03,16700,17348.4,16893.3,-648.444
79.04,15725,17342.1,16893.8,-1617.12
79.05,17725,17335.8,16894.2,389.199
79.06,17975,17329.5,16894.6,645.506
79.07,17350,17323.2,16895.1,26.7984
79.08,16600,17316.9,16895.5,-716.927
79.09,17175,17310.7,16896,-135.674
79.1,16550,17304.4,16896.4,-754.445
79.11,16700,17298.2,16896.8,-598.243
79.12,17450,17292.1,16897.3,157.929
79.13,17225,17285.9,16897.7,-60.9329
79.14,16275,17279.8,16898.2,-1004.83
79.15,16600,17273.8,16898.6,-673.767
79.16,17175,17267.7,16899.1,-92.7441
79.17,15850,17261.8,16899.5,-1411.77
79.18,16950,17255.8,16900,-305.833
79.19,17175,17249.9,16900.4,-74.9482
79.2,17725,17244.1,16900.9,480.885
79.21,17200,17238.3,16901.3,-38.3336
79.22,16275,17232.6,16901.8,-957.607
79.23,15625,17226.9,16902.2,-1601.94
79.24,16775,17221.3,16902.7,-446.327
79.25,16350,17215.8,16903.1,-865.777
79.26,17225,17210.3,16903.6,14.7116
79.27,16600,17204.9,16904,-604.864
79.28,18425,17199.5,16904.5,1225.5
79.29,16800,17194.2,16904.9,-394.211
79.3,16875,17189,16905.4,-313.985
79.31,17450,17183.8,16905.8,266.171
79.32,16550,17178.7,16906.3,-628.742
79.33,17225,17173.7,16906.8,51.2726
79.34,16750,17168.8,16907.2,-418.785
79.35,17450,17163.9,16907.7,286.085
79.36,17225,17159.1,16908.1,65.8806
79.37,16950,17154.4,16908.6,-204.399
79.38,16575,17149.8,16909.1,-574.753
79.39,16775,17145.2,16909.5,-370.184
79.4,17050,17140.7,16910,-90.6906
79.41,17050,17136.3,16910.4,-86.2746
79.42,17425,17131.9,16910.9,293.064
79.43,16875,17127.7,16911.4,-252.675
79.44,16550,17123.5,16911.8,-573.492
79.45,16700,17119.4,16912.3,-419.387
79.46,16425,17115.4,16912.8,-690.361
79.47,16925,17111.4,16913.2,-186.412
79.48,16975,17107.5,16913.7,-132.542
79.49,17300,17103.8,16914.2,196.25
79.5,16400,17100,16914.7,-700.037
79.51,16475,17096.4,16915.1,-621.401
79.52,18200,17092.8,16915.6,1107.16
79.53,17600,17089.4,16916.1,510.638
79.54,16250,17086,16916.5,-835.959
79.55,17400,17082.6,16917,317.368
79.56,17275,17079.4,16917.5,195.618
79.57,17475,17076.2,16918,398.793
79.58,16750,17073.1,16918.5,-323.108
79.59,17075,17070.1,16918.9,4.91675
79.6,16875,17067.1,16919.4,-192.133
79.61,17200,17064.3,16919.9,135.744
79.62,16800,17061.5,16920.4,-261.453
79.63,17525,17058.7,16920.8,466.279
79.64,18300,17056.1,16921.3,1243.94
79.65,16325,17053.5,16921.8,-728.472
79.66,17725,17051,16922.3,674.047
79.67,17075,17048.5,16922.8,26.4976
79.68,17825,17046.1,16923.3,778.879
79.69,17475,17043.8,16923.7,431.194
79.7,16725,17041.6,16924.2,-316.559
79.71,16800,17039.4,16924.7,-239.376
79.72,16225,17037.3,16925.2,-812.259
79.73,17800,17035.2,16925.7,764.794
79.74,17275,17033.2,16926.2,241.785
79.75,15750,17031.3,16926.7,-1281.29
79.76,16400,17029.4,16927.2,-629.419
79.77,17050,17027.6,16927.7,22.3891
79.78,16075,17025.9,16928.2,-950.862
79.79,17125,17024.2,16928.6,100.829
79.8,17150,17022.5,16929.1,127.463
79.81,17100,17021,16929.6,79.0407
79.82,15550,17019.4,16930.1,-1469.44
79.83,17625,17018,16930.6,607.033
79.84,17075,17016.6,16931.1,58.4494
79.85,16925,17015.2,16931.6,-90.186
79.86,17575,17013.9,16932.1,561.128
79.87,17950,17012.6,16932.6,937.392
79.88,16800,17011.4,16933.1,-211.393
79.89,17875,17010.2,16933.6,864.775
79.9,16850,17009.1,16934.1,-159.104
79.91,17925,17008,16934.6,916.971
79.92,15800,17007,16935.1,-1207
79.93,16175,17006,16935.6,-831.012
79.94,15975,17005.1,16936.1,-1030.07
79.95,17850,17004.2,16936.7,845.835
79.96,16950,17003.3,16937.2,-53.3032
79.97,16950,17002.5,16937.7,-52.4812
79.98,16900,17001.7,16938.2,-101.698
79.99,17125,17001,16938.7,124.047
80,16875,17000.2,16939.2,-125.244
