'Id: "" Comment: "Integrate frame h3_d1_120s_0p5mm_001.gfrmwith cursor Full Frame Cursor #12" Operator: "Lab Manager" Anode: "Cu" Scantype: "2Theta" TimePerStep: "120" 
3.875 0.296949990590413
3.87999999988824 0.30633118947347
3.88499999977648 0.265384372075399
3.88999999966472 0.246686061223348
3.89499999955297 0.238279485702515
3.89999999944121 0.36601308186849
3.90499999932945 0.389533646901449
3.90999999921769 0.305856068929036
3.91499999910593 0.271975390116374
3.91999999899417 0.266083351771037
3.92499999888241 0.282861804962158
3.92999999877065 0.240794976552327
3.9349999986589 0.157316033045451
3.93999999854714 0.207125743230184
3.94499999843538 0.235978412628174
3.94999999832362 0.30308297475179
3.95499999821186 0.377688757578532
3.9599999981001 0.399269930521647
3.96499999798834 0.405551942189535
3.96999999787658 0.347998110453288
3.97499999776483 0.326384735107422
3.97999999765307 0.296927897135417
3.98499999754131 0.300808111826579
3.98999999742955 0.33064661026001
3.99499999731779 0.33901039759318
3.99999999720603 0.326402378082275
4.00499999709427 0.294691117604574
4.00999999698251 0.351859887440999
4.01499999687076 0.38112735748291
4.019999996759 0.390393320719401
4.02499999664724 0.396229902903239
4.02999999653548 0.387107308705648
4.03499999642372 0.430710506439209
4.03999999631196 0.397293535868327
4.0449999962002 0.382299963633219
4.04999999608845 0.36216786702474
4.05499999597669 0.348189735412598
4.05999999586493 0.367526308695475
4.06499999575317 0.386675357818604
4.06999999564141 0.375382709503174
4.07499999552965 0.375311183929443
4.07999999541789 0.333302116394043
4.08499999530613 0.317789459228516
4.08999999519438 0.272284666697184
4.09499999508262 0.291228167215983
4.09999999497086 0.296889114379883
4.1049999948591 0.31513303120931
4.10999999474734 0.322652594248454
4.11499999463558 0.305675093332926
4.11999999452382 0.280131467183431
4.12499999441206 0.278320471445719
4.12999999430031 0.338172658284505
4.13499999418855 0.368968327840169
4.13999999407679 0.36857967376709
4.14499999396503 0.324628925323486
4.14999999385327 0.312293720245361
4.15499999374151 0.294544410705566
4.15999999362975 0.287131977081299
4.16499999351799 0.293962160746257
4.16999999340624 0.320607217152913
4.17499999329448 0.334013144175212
4.17999999318272 0.362184651692708
4.18499999307096 0.371527703603109
4.1899999929592 0.372576491038005
4.19499999284744 0.360413773854574
4.19999999273568 0.349120012919108
4.20499999262393 0.313290500640869
4.20999999251217 0.271012783050537
4.21499999240041 0.254634173711141
4.21999999228865 0.272339630126953
4.22499999217689 0.305538940429687
4.22999999206513 0.302461242675781
4.23499999195337 0.286711279551188
4.23999999184161 0.280127271016439
4.24499999172986 0.326699511210124
4.2499999916181 0.316653982798258
4.25499999150634 0.282144927978516
4.25999999139458 0.250020186106364
4.26499999128282 0.262814935048421
4.26999999117106 0.2942107518514
4.2749999910593 0.291608206431071
4.27999999094754 0.265026251475016
4.28499999083579 0.283917427062988
4.28999999072403 0.330003102620443
4.29499999061227 0.358396148681641
4.29999999050051 0.378193314870199
4.30499999038875 0.354873053232829
4.30999999027699 0.375163141886393
4.31499999016523 0.371630160013835
4.31999999005347 0.370861212412516
4.32499998994172 0.371933650970459
4.32999998982996 0.368088944753011
4.3349999897182 0.38616943359375
4.33999998960644 0.361883163452148
4.34499998949468 0.362611865997314
4.34999998938292 0.373148123423258
4.35499998927116 0.366916275024414
4.35999998915941 0.349853833516439
4.36499998904765 0.359812863667806
4.36999998893589 0.381759166717529
4.37499998882413 0.376607290903727
4.37999998871237 0.354652690887451
4.38499998860061 0.346284071604411
4.38999998848885 0.35912561416626
4.39499998837709 0.366566149393717
4.39999998826534 0.341952991485596
4.40499998815358 0.371579964955648
4.40999998804182 0.399133459726969
4.41499998793006 0.397888565063477
4.4199999878183 0.345025507609049
4.42499998770654 0.303794924418132
4.42999998759478 0.338958772023519
4.43499998748302 0.362424246470133
4.43999998737127 0.39897616704305
4.44499998725951 0.366906801859538
4.44999998714775 0.347921975453695
4.45499998703599 0.316604487101237
4.45999998692423 0.281851641337077
4.46499998681247 0.29134209950765
4.46999998670071 0.31182689666748
4.47499998658895 0.364108180999756
4.4799999864772 0.353341261545817
4.48499998636544 0.329725011189779
4.48999998625368 0.289590835571289
4.49499998614192 0.286092154184977
4.49999998603016 0.318257490793864
4.5049999859184 0.35139586130778
4.50999998580664 0.375228182474772
4.51499998569489 0.415515772501628
4.51999998558313 0.452129459381103
4.52499998547137 0.472796567281087
4.52999998535961 0.419754473368327
4.53499998524785 0.369610436757406
4.53999998513609 0.344482421875
4.54499998502433 0.328755219777425
4.54999998491257 0.358034706115723
4.55499998480082 0.368701553344727
4.55999998468906 0.403079541524251
4.5649999845773 0.385747909545898
4.56999998446554 0.375488090515137
4.57499998435378 0.370116964975993
4.57999998424202 0.395774300893148
4.58499998413026 0.417053667704264
4.5899999840185 0.454092820485433
4.59499998390675 0.473583221435547
4.59999998379499 0.476249217987061
4.60499998368323 0.475946807861328
4.60999998357147 0.463966019948324
4.61499998345971 0.422448126475016
4.61999998334795 0.41148099899292
4.62499998323619 0.396741167704264
4.62999998312443 0.402734152475993
4.63499998301268 0.376727199554443
4.63999998290092 0.350795809427897
4.64499998278916 0.348207632700602
4.6499999826774 0.360085964202881
4.65499998256564 0.344048404693604
4.65999998245388 0.355861314137777
4.66499998234212 0.385408878326416
4.66999998223037 0.413920180002848
4.67499998211861 0.447491709391276
4.67999998200685 0.460034815470378
4.68499998189509 0.443133608500163
4.68999998178333 0.419694455464681
4.69499998167157 0.41235138575236
4.69999998155981 0.460020383199056
4.70499998144805 0.453478399912516
4.7099999813363 0.443954181671143
4.71499998122454 0.42655995686849
4.71999998111278 0.452735805511475
4.72499998100102 0.463673750559489
4.72999998088926 0.468645668029785
4.7349999807775 0.472927252451579
4.73999998066574 0.463819313049316
4.74499998055398 0.458375326792399
4.74999998044223 0.456721433003744
4.75499998033047 0.474651145935059
4.75999998021871 0.475491778055827
4.76499998010695 0.450917116800944
4.76999997999519 0.445674991607666
4.77499997988343 0.432859706878662
4.77999997977167 0.439657402038574
4.78499997965992 0.446708520253499
4.78999997954816 0.458968257904053
4.7949999794364 0.443714237213135
4.79999997932464 0.442576440175374
4.80499997921288 0.483302211761475
4.80999997910112 0.525287691752116
4.81499997898936 0.518904749552409
4.8199999788776 0.483216953277588
4.82499997876585 0.447708129882813
4.82999997865409 0.439882246653239
4.83499997854233 0.408138211568197
4.83999997843057 0.390253734588623
4.84499997831881 0.390430800120036
4.84999997820705 0.399219195048014
4.85499997809529 0.397796185811361
4.85999997798353 0.392151769002279
4.86499997787178 0.382635911305745
4.86999997776002 0.389810053507487
4.87499997764826 0.425527064005534
4.8799999775365 0.457922013600667
4.88499997742474 0.480729071299235
4.88999997731298 0.46401211420695
4.89499997720122 0.422296651204427
4.89999997708946 0.406036345163981
4.90499997697771 0.413282171885173
4.90999997686595 0.421990807851156
4.91499997675419 0.407992426554362
4.91999997664243 0.415494314829508
4.92499997653067 0.452213096618652
4.92999997641891 0.484510739644368
4.93499997630715 0.495004018147786
4.9399999761954 0.468612893422445
4.94499997608364 0.465928522745768
4.94999997597188 0.465997441609701
4.95499997586012 0.457542165120443
4.95999997574836 0.447306283315023
4.9649999756366 0.423095798492432
4.96999997552484 0.426151911417643
4.97499997541308 0.413530158996582
4.97999997530133 0.397566286722819
4.98499997518957 0.41783135732015
4.98999997507781 0.462984911600749
4.99499997496605 0.491916052500407
4.99999997485429 0.503252283732096
5.00499997474253 0.469058132171631
5.00999997463077 0.455305417378743
5.01499997451901 0.450356229146322
5.01999997440726 0.516842238108317
5.0249999742955 0.532998085021973
5.02999997418374 0.527475420633952
5.03499997407198 0.482775370279948
5.03999997396022 0.44350471496582
5.04499997384846 0.453107643127441
5.0499999737367 0.448917229970296
5.05499997362494 0.480362288157145
5.05999997351319 0.494472630818685
5.06499997340143 0.499750582377116
5.06999997328967 0.486208502451579
5.07499997317791 0.471489461263021
5.07999997306615 0.481056976318359
5.08499997295439 0.519594796498617
5.08999997284263 0.54524294535319
5.09499997273088 0.534669240315755
5.09999997261912 0.508260695139567
5.10499997250736 0.49232489267985
5.1099999723956 0.470097064971924
5.11499997228384 0.464554882049561
5.11999997217208 0.423493989308675
5.12499997206032 0.433685970306397
5.12999997194856 0.443148517608643
5.13499997183681 0.471144898732503
5.13999997172505 0.491697406768799
5.14499997161329 0.491272862752279
5.14999997150153 0.481479930877686
5.15499997138977 0.481431261698405
5.15999997127801 0.478997325897217
5.16499997116625 0.513055260976156
5.16999997105449 0.560815048217773
5.17499997094274 0.602258618672689
5.17999997083098 0.617428716023763
5.18499997071922 0.575276629130046
5.18999997060746 0.541244633992513
5.1949999704957 0.498095067342122
5.19999997038394 0.49224214553833
5.20499997027218 0.48079408009847
5.20999997016042 0.477135340372721
5.21499997004867 0.500817648569743
5.21999996993691 0.508553345998128
5.22499996982515 0.510723145802816
5.22999996971339 0.48597027460734
5.23499996960163 0.454181003570557
5.23999996948987 0.442835394541423
5.24499996937811 0.456557114919027
5.24999996926636 0.491598606109619
5.2549999691546 0.526368141174316
5.25999996904284 0.545110829671224
5.26499996893108 0.546569315592448
5.26999996881932 0.529403877258301
5.27499996870756 0.495714537302653
5.2799999685958 0.474209117889404
5.28499996848404 0.465973567962647
5.28999996837229 0.45993824005127
5.29499996826053 0.467876784006755
5.29999996814877 0.481389395395915
5.30499996803701 0.519060039520264
5.30999996792525 0.531325817108154
5.31499996781349 0.557804361979167
5.31999996770173 0.562122790018717
5.32499996758997 0.560159301757812
5.32999996747822 0.531610139211019
5.33499996736646 0.51018222173055
5.3399999672547 0.528026135762533
5.34499996714294 0.554472796122233
5.34999996703118 0.546953201293945
5.35499996691942 0.49415963490804
5.35999996680766 0.505309836069743
5.3649999666959 0.539229011535645
5.36999996658415 0.56449089050293
5.37499996647239 0.538145383199056
5.37999996636063 0.499847571055094
5.38499996624887 0.480606333414714
5.38999996613711 0.496280988057454
5.39499996602535 0.489597670237223
5.39999996591359 0.522527631123861
5.40499996580184 0.554803530375163
5.40999996569008 0.571914037068685
5.41499996557832 0.58050365447998
5.41999996546656 0.576814651489258
5.4249999653548 0.579169019063314
5.42999996524304 0.576812553405762
5.43499996513128 0.55973269144694
5.43999996501952 0.554311561584473
5.44499996490777 0.536780675252279
5.44999996479601 0.516175905863444
5.45499996468425 0.495374838511149
5.45999996457249 0.473308976491292
5.46499996446073 0.474642531077067
5.46999996434897 0.492799027760824
5.47499996423721 0.504755369822184
5.47999996412545 0.535159428914388
5.4849999640137 0.528647613525391
5.48999996390194 0.524910481770833
5.49499996379018 0.540944608052572
5.49999996367842 0.552203814188639
5.50499996356666 0.557074801127116
5.5099999634549 0.540784009297689
5.51499996334314 0.526245212554932
5.51999996323138 0.544267590840658
5.52499996311963 0.561418151855469
5.52999996300787 0.575151252746582
5.53499996289611 0.547280883789062
5.53999996278435 0.543154716491699
5.54499996267259 0.533166249593099
5.54999996256083 0.52948096593221
5.55499996244907 0.512929725646973
5.55999996233732 0.498534043629964
5.56499996222556 0.507860279083252
5.5699999621138 0.530095481872559
5.57499996200204 0.545552571614583
5.57999996189028 0.546436373392741
5.58499996177852 0.555904769897461
5.58999996166676 0.563338088989258
5.594999961555 0.568730862935384
5.59999996144325 0.559186681111654
5.60499996133149 0.551403490702311
5.60999996121973 0.533339691162109
5.61499996110797 0.540565935770671
5.61999996099621 0.569418716430664
5.62499996088445 0.581223996480306
5.62999996077269 0.590360768636068
5.63499996066093 0.600502014160156
5.63999996054918 0.602177174886068
5.64499996043742 0.607175445556641
5.64999996032566 0.625392723083496
5.6549999602139 0.637282435099284
5.65999996010214 0.654275131225586
5.66499995999038 0.649640528361003
5.66999995987862 0.638883717854818
5.67499995976686 0.635198720296224
5.67999995965511 0.6422087987264
5.68499995954335 0.629890950520833
5.68999995943159 0.601258850097656
5.69499995931983 0.593018913269043
5.69999995920807 0.601374880472819
5.70499995909631 0.607689094543457
5.70999995898455 0.59116268157959
5.7149999588728 0.560432243347168
5.71999995876104 0.569758987426758
5.72499995864928 0.589412943522135
5.72999995853752 0.594551722208659
5.73499995842576 0.611488278706869
5.739999958314 0.62221736907959
5.74499995820224 0.624235153198242
5.74999995809048 0.630487505594889
5.75499995797873 0.604324849446615
5.75999995786697 0.610143788655599
5.76499995775521 0.601393636067708
5.76999995764345 0.61404291788737
5.77499995753169 0.607250912984212
5.77999995741993 0.611158625284831
5.78499995730817 0.615624745686849
5.78999995719641 0.635297266642253
5.79499995708466 0.640057055155436
5.7999999569729 0.637770207722982
5.80499995686114 0.643166796366374
5.80999995674938 0.635274314880371
5.81499995663762 0.614687983194987
5.81999995652586 0.581497319539388
5.8249999564141 0.574016571044922
5.82999995630234 0.570627148946126
5.83499995619059 0.596501668294271
5.83999995607883 0.607546997070312
5.84499995596707 0.614377530415853
5.84999995585531 0.630475870768229
5.85499995574355 0.647857475280762
5.85999995563179 0.664236450195313
5.86499995552003 0.65119374593099
5.86999995540828 0.619182904561361
5.87499995529652 0.603582890828451
5.87999995518476 0.597163899739583
5.884999955073 0.578723907470703
5.88999995496124 0.58430658976237
5.89499995484948 0.627253850301107
5.89999995473772 0.675737571716309
5.90499995462596 0.70463752746582
5.90999995451421 0.683960851033529
5.91499995440245 0.66254145304362
5.91999995429069 0.652844111124674
5.92499995417893 0.649529393513997
5.92999995406717 0.675205039978027
5.93499995395541 0.712380282084147
5.93999995384365 0.733867073059082
5.94499995373189 0.711053848266602
5.94999995362014 0.66843999226888
5.95499995350838 0.666204643249512
5.95999995339662 0.687015469868978
5.96499995328486 0.698208999633789
5.9699999531731 0.684391212463379
5.97499995306134 0.667637634277344
5.97999995294958 0.657317225138346
5.98499995283782 0.651600646972656
5.98999995272607 0.653143564860026
5.99499995261431 0.649099540710449
5.99999995250255 0.622070821126302
6.00499995239079 0.619690577189128
6.00999995227903 0.600336265563965
6.01499995216727 0.60468069712321
6.01999995205551 0.620949363708496
6.02499995194376 0.648903147379557
6.029999951832 0.628323173522949
6.03499995172024 0.601691309611003
6.03999995160848 0.59077574412028
6.04499995149672 0.602295112609863
6.04999995138496 0.617447853088379
6.0549999512732 0.623088455200195
6.05999995116144 0.622135988871257
6.06499995104969 0.640052223205566
6.06999995093793 0.650132815043131
6.07499995082617 0.690434710184733
6.07999995071441 0.696986834208171
6.08499995060265 0.656954701741536
6.08999995049089 0.61199836730957
6.09499995037913 0.595239384969075
6.09999995026737 0.600504302978516
6.10499995015562 0.603916803995768
6.10999995004386 0.627625274658203
6.1149999499321 0.639281018575033
6.11999994982034 0.632191403706868
6.12499994970858 0.601578839619954
6.12999994959682 0.598967170715332
6.13499994948506 0.611490694681803
6.1399999493733 0.625828806559245
6.14499994926155 0.650394948323568
6.14999994914979 0.683682505289714
6.15499994903803 0.677999750773112
6.15999994892627 0.662500254313151
6.16499994881451 0.662168502807617
6.16999994870275 0.661303265889486
6.17499994859099 0.663725598653158
6.17999994847924 0.661025683085124
6.18499994836748 0.657676251729329
6.18999994825572 0.663840993245443
6.19499994814396 0.673880767822266
6.1999999480322 0.673709869384766
6.20499994792044 0.678086471557617
6.20999994780868 0.692695808410644
6.21499994769692 0.734603691101074
6.21999994758517 0.74539000193278
6.22499994747341 0.716401100158691
6.22999994736165 0.702629661560059
6.23499994724989 0.692432721455892
6.23999994713813 0.703056081136068
6.24499994702637 0.670679601033529
6.24999994691461 0.644155184427897
6.25499994680285 0.636731211344401
6.2599999466911 0.616725985209147
6.26499994657934 0.634733963012695
6.26999994646758 0.659535535176595
6.27499994635582 0.684741973876953
6.27999994624406 0.693235143025716
6.2849999461323 0.697140757242839
6.28999994602054 0.710752105712891
6.29499994590878 0.747548548380534
6.29999994579703 0.760469182332357
6.30499994568527 0.750053850809733
6.30999994557351 0.736259206136068
6.31499994546175 0.709654108683268
6.31999994534999 0.705723889668783
6.32499994523823 0.705955378214518
6.32999994512647 0.696113840738932
6.33499994501472 0.702476501464844
6.33999994490296 0.713293774922689
6.3449999447912 0.730828730265299
6.34999994467944 0.778212738037109
6.35499994456768 0.770891888936361
6.35999994445592 0.759599812825521
6.36499994434416 0.757009887695313
6.3699999442324 0.755360539754232
6.37499994412065 0.770629628499349
6.37999994400889 0.757883008321126
6.38499994389713 0.741672452290853
6.38999994378537 0.746737225850423
6.39499994367361 0.768877855936686
6.39999994356185 0.750693066914876
6.40499994345009 0.744840621948242
6.40999994333833 0.711090723673503
6.41499994322658 0.735397911071777
6.41999994311482 0.773979886372884
6.42499994300306 0.764600054423014
6.4299999428913 0.768581835428874
6.43499994277954 0.771414947509766
6.43999994266778 0.77781442006429
6.44499994255602 0.756778271993001
6.44999994244426 0.714841270446777
6.45499994233251 0.690703201293945
6.45999994222075 0.696220143636068
6.46499994210899 0.696166674296061
6.46999994199723 0.680150667826335
6.47499994188547 0.657250722249349
6.47999994177371 0.657254600524902
6.48499994166195 0.673042233784994
6.4899999415502 0.702008883158366
6.49499994143844 0.717658805847168
6.49999994132668 0.729462560017904
6.50499994121492 0.737300173441569
6.50999994110316 0.752732467651367
6.5149999409914 0.767885589599609
6.51999994087964 0.789234161376953
6.52499994076788 0.817122395833333
6.52999994065613 0.813546053568522
6.53499994054437 0.801892534891764
6.53999994043261 0.744791603088379
6.54499994032085 0.689891370137533
6.54999994020909 0.664118830362956
6.55499994009733 0.670888137817383
6.55999993998557 0.684016227722168
6.56499993987381 0.685717837015788
6.56999993976206 0.70003973642985
6.5749999396503 0.732298215230306
6.57999993953854 0.765579795837402
6.58499993942678 0.749550819396973
6.58999993931502 0.699698702494303
6.59499993920326 0.667136573791504
6.5999999390915 0.66837412516276
6.60499993897974 0.674819119771322
6.60999993886799 0.681766827901204
6.61499993875623 0.681622950236003
6.61999993864447 0.689201545715332
6.62499993853271 0.679091135660807
6.62999993842095 0.691042137145996
6.63499993830919 0.703883679707845
6.63999993819743 0.714726956685384
6.64499993808568 0.724011993408203
6.64999993797392 0.71317621866862
6.65499993786216 0.728192965189616
6.6599999377504 0.740769894917806
6.66499993763864 0.747804005940755
6.66999993752688 0.749650319417318
6.67499993741512 0.742909622192383
6.67999993730336 0.734856351216634
6.68499993719161 0.719303448994954
6.68999993707985 0.716341654459635
6.69499993696809 0.715607134501139
6.69999993685633 0.740560913085938
6.70499993674457 0.750805791219076
6.70999993663281 0.754610633850098
6.71499993652105 0.747191683451335
6.71999993640929 0.721321551005046
6.72499993629754 0.712188339233398
6.72999993618578 0.73611265818278
6.73499993607402 0.750261688232422
6.73999993596226 0.720507367451986
6.7449999358505 0.714066314697266
6.74999993573874 0.720613606770833
6.75499993562698 0.744361432393392
6.75999993551522 0.769916534423828
6.76499993540347 0.774675369262695
6.76999993529171 0.767927678426107
6.77499993517995 0.74905834197998
6.77999993506819 0.717104784647624
6.78499993495643 0.719016202290853
6.78999993484467 0.7415007909139
6.79499993473291 0.769157346089681
6.79999993462116 0.790652656555176
6.8049999345094 0.803893025716146
6.80999993439764 0.813049443562825
6.81499993428588 0.816523933410645
6.81999993417412 0.810282452901204
6.82499993406236 0.798003959655762
6.8299999339506 0.767510795593262
6.83499993383884 0.757106335957845
6.83999993372709 0.771594683329264
6.84499993361533 0.786871528625488
6.84999993350357 0.813996696472168
6.85499993339181 0.815095710754395
6.85999993328005 0.786764780680339
6.86499993316829 0.770487848917643
6.86999993305653 0.771989059448242
6.87499993294477 0.800571060180664
6.87999993283302 0.80263557434082
6.88499993272126 0.793918991088867
6.8899999326095 0.777274958292643
6.89499993249774 0.770868746439616
6.89999993238598 0.770036188761393
6.90499993227422 0.779503440856934
6.90999993216246 0.775488217671712
6.91499993205071 0.774248822530111
6.91999993193895 0.748425928751628
6.92499993182719 0.73185666402181
6.92999993171543 0.718290011088053
6.93499993160367 0.734316380818685
6.93999993149191 0.742557716369629
6.94499993138015 0.749375979105631
6.94999993126839 0.771683502197266
6.95499993115664 0.801210339864095
6.95999993104488 0.813748931884766
6.96499993093312 0.79288444519043
6.96999993082136 0.770291964213053
6.9749999307096 0.772580083211263
6.97999993059784 0.771847788492839
6.98499993048608 0.784879684448242
6.98999993037432 0.799325307210287
6.99499993026257 0.820295524597168
6.99999993015081 0.836055056254069
7.00499993003905 0.818511199951172
7.00999992992729 0.805831654866536
7.01499992981553 0.80680980682373
7.01999992970377 0.801584180196126
7.02499992959201 0.807045300801595
7.02999992948025 0.803379249572754
7.0349999293685 0.802201207478841
7.03999992925674 0.805104001363118
7.04499992914498 0.800944519042969
7.04999992903322 0.777851804097493
7.05499992892146 0.757640075683594
7.0599999288097 0.752471860249837
7.06499992869794 0.774720064798991
7.06999992858619 0.810077794392904
7.07499992847443 0.811393547058106
7.07999992836267 0.819169934590658
7.08499992825091 0.819955571492513
7.08999992813915 0.816968091328939
7.09499992802739 0.802385902404785
7.09999992791563 0.80190544128418
7.10499992780387 0.81570987701416
7.10999992769212 0.820002555847168
7.11499992758036 0.817021624247233
7.1199999274686 0.816797892252604
7.12499992735684 0.800686518351237
7.12999992724508 0.782827758789063
7.13499992713332 0.765214347839355
7.13999992702156 0.765815226236979
7.1449999269098 0.7635009765625
7.14999992679805 0.761177889506022
7.15499992668629 0.770233154296875
7.15999992657453 0.775956789652506
7.16499992646277 0.785951550801595
7.16999992635101 0.797110176086426
7.17499992623925 0.811751492818197
7.17999992612749 0.797742780049642
7.18499992601573 0.771612294514974
7.18999992590398 0.764385414123535
7.19499992579222 0.783331934611003
7.19999992568046 0.792831675211589
7.2049999255687 0.78017635345459
7.20999992545694 0.760038248697917
7.21499992534518 0.741137059529622
7.21999992523342 0.729307874043783
7.22499992512167 0.739353307088216
7.22999992500991 0.780183029174805
7.23499992489815 0.804677263895671
7.23999992478639 0.817113494873047
7.24499992467463 0.80915412902832
7.24999992456287 0.810148175557454
7.25499992445111 0.824968973795573
7.25999992433935 0.829580688476563
7.2649999242276 0.832010332743327
7.26999992411584 0.811598205566406
7.27499992400408 0.794771957397461
7.27999992389232 0.786004447937012
7.28499992378056 0.777503395080566
7.2899999236688 0.77858943939209
7.29499992355704 0.750010871887207
7.29999992344528 0.744730186462402
7.30499992333353 0.755960464477539
7.30999992322177 0.786264101664225
7.31499992311001 0.8189177831014
7.31999992299825 0.821493085225423
7.32499992288649 0.817225011189779
7.32999992277473 0.807990074157715
7.33499992266297 0.797982406616211
7.33999992255121 0.777959569295247
7.34499992243946 0.759635480244954
7.3499999223277 0.75390027364095
7.35499992221594 0.752126630147298
7.35999992210418 0.773336410522461
7.36499992199242 0.78633778889974
7.36999992188066 0.795271746317546
7.3749999217689 0.792878341674805
7.37999992165715 0.79480775197347
7.38499992154539 0.800479062398275
7.38999992143363 0.79046942392985
7.39499992132187 0.787835502624512
7.39999992121011 0.815120887756348
7.40499992109835 0.836812210083008
7.40999992098659 0.840707524617513
7.41499992087483 0.832613118489583
7.41999992076308 0.820893478393555
7.42499992065132 0.821478080749512
7.42999992053956 0.817013295491536
7.4349999204278 0.83694896697998
7.43999992031604 0.845762570699056
7.44499992020428 0.852929941813151
7.44999992009252 0.831144587198893
7.45499991998076 0.83271001180013
7.45999991986901 0.83095874786377
7.46499991975725 0.828855959574382
7.46999991964549 0.816539128621419
7.47499991953373 0.815652720133464
7.47999991942197 0.80706787109375
7.48499991931021 0.802842330932617
7.48999991919845 0.789532470703125
7.49499991908669 0.790884017944336
7.49999991897494 0.776046244303385
7.50499991886318 0.769891993204753
7.50999991875142 0.75066286722819
7.51499991863966 0.750546391805013
7.5199999185279 0.752988624572754
7.52499991841614 0.776033210754395
7.52999991830438 0.7923277537028
7.53499991819263 0.796914037068685
7.53999991808087 0.800885963439941
7.54499991796911 0.798619651794434
7.54999991785735 0.826790428161621
7.55499991774559 0.841054153442383
7.55999991763383 0.834250450134277
7.56499991752207 0.839613215128581
7.56999991741031 0.82493527730306
7.57499991729856 0.820977783203125
7.5799999171868 0.814851570129395
7.58499991707504 0.811264419555664
7.58999991696328 0.80244509379069
7.59499991685152 0.804256693522135
7.59999991673976 0.823762321472168
7.604999916628 0.862639808654785
7.60999991651624 0.894144694010417
7.61499991640449 0.910167757670085
7.61999991629273 0.908163515726725
7.62499991618097 0.92358881632487
7.62999991606921 0.924585024515788
7.63499991595745 0.907175827026367
7.63999991584569 0.879269472757975
7.64499991573393 0.841200955708822
7.64999991562217 0.820110193888346
7.65499991551042 0.80911693572998
7.65999991539866 0.803826967875163
7.6649999152869 0.796351623535156
7.66999991517514 0.789933013916016
7.67499991506338 0.786048316955566
7.67999991495162 0.787296994527181
7.68499991483986 0.790763282775879
7.68999991472811 0.794035530090332
7.69499991461635 0.800939877827962
7.69999991450459 0.804023551940918
7.70499991439283 0.787001609802246
7.70999991428107 0.794954172770182
7.71499991416931 0.818833096822103
7.71999991405755 0.84830010732015
7.72499991394579 0.852585665384928
7.72999991383404 0.825884755452474
7.73499991372228 0.828255462646484
7.73999991361052 0.833179537455241
7.74499991349876 0.834635988871257
7.749999913387 0.833496538798014
7.75499991327524 0.807586606343587
7.75999991316348 0.808474286397298
7.76499991305172 0.825346247355143
7.76999991293997 0.82681630452474
7.77499991282821 0.84357000986735
7.77999991271645 0.843655014038086
7.78499991260469 0.859727478027344
7.78999991249293 0.853108469645182
7.79499991238117 0.85926825205485
7.79999991226941 0.86315663655599
7.80499991215765 0.856323750813802
7.8099999120459 0.84440377553304
7.81499991193414 0.830381266276042
7.81999991182238 0.825330225626628
7.82499991171062 0.832748603820801
7.82999991159886 0.854626146952311
7.8349999114871 0.862272008260091
7.83999991137534 0.876406224568685
7.84499991126359 0.862709490458171
7.84999991115183 0.851459312438965
7.85499991104007 0.851967684427897
7.85999991092831 0.855709012349447
7.86499991081655 0.859212938944499
7.86999991070479 0.839949798583984
7.87499991059303 0.813659540812175
7.87999991048127 0.822573661804199
7.88499991036952 0.836291440327962
7.88999991025776 0.839620590209961
7.894999910146 0.835152053833008
7.89999991003424 0.867430432637533
7.90499990992248 0.897308095296224
7.90999990981072 0.929233996073405
7.91499990969896 0.929580434163411
7.9199999095872 0.898895200093587
7.92499990947545 0.889381726582845
7.92999990936369 0.882536125183105
7.93499990925193 0.889284896850586
7.93999990914017 0.893533134460449
7.94499990902841 0.880571937561035
7.94999990891665 0.890236727396647
7.95499990880489 0.888926060994466
7.95999990869313 0.901585070292155
7.96499990858138 0.889993158976237
7.96999990846962 0.881768735249837
7.97499990835786 0.885286521911621
7.9799999082461 0.879622713724772
7.98499990813434 0.871751340230306
7.98999990802258 0.8551726659139
7.99499990791082 0.861858876546224
7.99999990779907 0.869138336181641
8.00499990768731 0.900300216674805
8.00999990757555 0.913892428080241
8.01499990746379 0.914146614074707
8.01999990735203 0.888022613525391
8.02499990724027 0.858669281005859
8.02999990712851 0.849309221903483
8.03499990701675 0.855862808227539
8.039999906905 0.857609621683757
8.04499990679324 0.866772079467773
8.04999990668148 0.875686009724935
8.05499990656972 0.886361122131348
8.05999990645796 0.89453919728597
8.0649999063462 0.903944333394369
8.06999990623444 0.911399968465169
8.07499990612268 0.900702857971191
8.07999990601093 0.870262781778971
8.08499990589917 0.855596669514974
8.08999990578741 0.852534866333008
8.09499990567565 0.872950808207194
8.09999990556389 0.888194020589193
8.10499990545213 0.871551322937012
8.10999990534037 0.87566827138265
8.11499990522861 0.872256215413411
8.11999990511686 0.875844383239746
8.1249999050051 0.86865234375
8.12999990489334 0.862290128072103
8.13499990478158 0.872093518575033
8.13999990466982 0.888964653015137
8.14499990455806 0.901771545410156
8.1499999044463 0.90683110555013
8.15499990433455 0.897231483459473
8.15999990422279 0.900697708129883
8.16499990411103 0.898600641886393
8.16999990399927 0.896917788187663
8.17499990388751 0.89227123260498
8.17999990377575 0.902427164713542
8.18499990366399 0.913883463541667
8.18999990355223 0.912052917480469
8.19499990344048 0.893052037556966
8.19999990332872 0.870633061726888
8.20499990321696 0.881661097208659
8.2099999031052 0.90870049794515
8.21499990299344 0.899703661600749
8.21999990288168 0.865192159016927
8.22499990276992 0.827191352844238
8.22999990265816 0.835972849527995
8.23499990254641 0.8412415822347
8.23999990243465 0.836608505249023
8.24499990232289 0.84082768758138
8.24999990221113 0.84726816813151
8.25499990209937 0.854278119405111
8.25999990198761 0.844137128194173
8.26499990187585 0.847867329915365
8.26999990176409 0.83823184967041
8.27499990165234 0.855670928955078
8.27999990154058 0.890330187479655
8.28499990142882 0.912698109944662
8.28999990131706 0.934293874104818
8.2949999012053 0.936441485087077
8.29999990109354 0.927570915222168
8.30499990098178 0.904071362813314
8.30999990087003 0.89352289835612
8.31499990075827 0.888026682535807
8.31999990064651 0.895774841308594
8.32499990053475 0.888387235005697
8.32999990042299 0.874779828389486
8.33499990031123 0.878925069173177
8.33999990019947 0.889749526977539
8.34499990008771 0.893612416585286
8.34999989997596 0.9040740331014
8.3549998998642 0.918325678507487
8.35999989975244 0.925006866455078
8.36499989964068 0.927127583821615
8.36999989952892 0.919575627644857
8.37499989941716 0.91785462697347
8.3799998993054 0.942527961730957
8.38499989919364 0.974096870422363
8.38999989908189 0.985799853006999
8.39499989897013 0.996028645833333
8.39999989885837 0.972636795043945
8.40499989874661 0.963698069254557
8.40999989863485 0.938480949401855
8.41499989852309 0.922189966837565
8.41999989841133 0.930611101786296
8.42499989829957 0.939168421427409
8.42999989818782 0.946096611022949
8.43499989807606 0.944184684753418
8.4399998979643 0.927943483988444
8.44499989785254 0.908915265401204
8.44999989774078 0.911881383260091
8.45499989762902 0.941350301106771
8.45999989751726 0.944167137145996
8.46499989740551 0.919696362813314
8.46999989729375 0.892505518595378
8.47499989718199 0.893271509806315
8.47999989707023 0.901836331685384
8.48499989695847 0.898723347981771
8.48999989684671 0.90529104868571
8.49499989673495 0.926633008321126
8.49999989662319 0.947846349080404
8.50499989651144 0.94303404490153
8.50999989639968 0.935735702514648
8.51499989628792 0.921733220418294
8.51999989617616 0.914969126383464
8.5249998960644 0.922912979125977
8.52999989595264 0.916279093424479
8.53499989584088 0.915550549825033
8.53999989572912 0.904323387145996
8.54499989561737 0.890737597147624
8.54999989550561 0.893779754638672
8.55499989539385 0.911408042907715
8.55999989528209 0.915179697672526
8.56499989517033 0.91103146870931
8.56999989505857 0.896502240498861
8.57499989494681 0.889211146036784
8.57999989483505 0.892762438456218
8.5849998947233 0.877689552307129
8.58999989461154 0.876125971476237
8.59499989449978 0.885294278462728
8.59999989438802 0.893611208597819
8.60499989427626 0.92379207611084
8.6099998941645 0.942340342203776
8.61499989405274 0.966419156392415
8.61999989394099 0.967708841959635
8.62499989382923 0.970910390218099
8.62999989371747 0.963509623209635
8.63499989360571 0.933897145589193
8.63999989349395 0.892672411600749
8.64499989338219 0.880785878499349
8.64999989327043 0.884176826477051
8.65499989315867 0.90003833770752
8.65999989304692 0.919021224975586
8.66499989293516 0.941200574239095
8.6699998928234 0.961745262145996
8.67499989271164 0.962203661600749
8.67999989259988 0.939300727844238
8.68499989248812 0.908564949035645
8.68999989237636 0.899895159403483
8.6949998922646 0.896022288004557
8.69999989215285 0.892442448933919
8.70499989204109 0.879571723937988
8.70999989192933 0.854370307922363
8.71499989181757 0.855164210001628
8.71999989170581 0.876486905415853
8.72499989159405 0.877641868591309
8.72999989148229 0.899022356669108
8.73499989137053 0.903514607747396
8.73999989125878 0.913264338175456
8.74499989114702 0.921075375874837
8.74999989103526 0.925445048014323
8.7549998909235 0.944446627298991
8.75999989081174 0.935681215922038
8.76499989069998 0.921007792154948
8.76999989058822 0.890916570027669
8.77499989047647 0.88391367594401
8.77999989036471 0.896846644083659
8.78499989025295 0.902324867248535
8.78999989014119 0.886396217346191
8.79499989002943 0.85826956431071
8.79999988991767 0.851149495442708
8.80499988980591 0.86977113087972
8.80999988969415 0.868888219197591
8.8149998895824 0.876784197489421
8.81999988947064 0.890427716573079
8.82499988935888 0.907643636067708
8.82999988924712 0.915250968933105
8.83499988913536 0.904213333129883
8.8399998890236 0.890710512797038
8.84499988891184 0.880911954243978
8.84999988880008 0.865902709960938
8.85499988868833 0.871504465738932
8.85999988857657 0.879129473368327
8.86499988846481 0.87333075205485
8.86999988835305 0.85530211130778
8.87499988824129 0.855100377400716
8.87999988812953 0.864050483703613
8.88499988801777 0.887707773844401
8.88999988790601 0.904081344604492
8.89499988779426 0.932624308268229
8.8999998876825 0.937238566080729
8.90499988757074 0.944082578023275
8.90999988745898 0.953061548868815
8.91499988734722 0.964066378275553
8.91999988723546 0.981359100341797
8.9249998871237 0.98128547668457
8.92999988701195 0.951824824015299
8.93499988690019 0.93341064453125
8.93999988678843 0.930416742960612
8.94499988667667 0.945725250244141
8.94999988656491 0.94189993540446
8.95499988645315 0.935019938151042
8.95999988634139 0.938597869873047
8.96499988622963 0.938194274902344
8.96999988611788 0.938960202534993
8.97499988600612 0.931268183390299
8.97999988589436 0.923010126749675
8.9849998857826 0.919631512959798
8.98999988567084 0.921749496459961
8.99499988555908 0.934779612223307
8.99999988544732 0.931737899780273
9.00499988533556 0.941713778177897
9.00999988522381 0.933488845825195
9.01499988511205 0.940703392028809
9.01999988500029 0.930520884195964
9.02499988488853 0.920097351074219
9.02999988477677 0.911838849385579
9.03499988466501 0.900256093343099
9.03999988455325 0.88981253306071
9.04499988444149 0.876872571309408
9.04999988432974 0.863113085428874
9.05499988421798 0.84848206837972
9.05999988410622 0.846097946166992
9.06499988399446 0.860614776611328
9.0699998838827 0.874538612365723
9.07499988377094 0.906929715474447
9.07999988365918 0.944574483235677
9.08499988354743 0.968598874409993
9.08999988343567 0.982391103108724
9.09499988332391 0.980762608846029
9.09999988321215 0.97442684173584
9.10499988310039 0.977810033162435
9.10999988298863 0.963602828979492
9.11499988287687 0.968807474772135
9.11999988276511 0.970137214660645
9.12499988265336 0.950229771931966
9.1299998825416 0.938047091166178
9.13499988242984 0.920345115661621
9.13999988231808 0.908332443237305
9.14499988220632 0.898753865559896
9.14999988209456 0.88412348429362
9.1549998819828 0.879518127441406
9.15999988187104 0.891839663187663
9.16499988175929 0.896727816263835
9.16999988164753 0.9134002049764
9.17499988153577 0.921609242757162
9.17999988142401 0.927816073099772
9.18499988131225 0.928056399027506
9.18999988120049 0.911156336466471
9.19499988108873 0.888974698384603
9.19999988097698 0.880495007832845
9.20499988086522 0.867456118265788
9.20999988075346 0.860001754760742
9.2149998806417 0.862819353739421
9.21999988052994 0.869089889526367
9.22499988041818 0.879120190938314
9.22999988030642 0.889665412902832
9.23499988019466 0.893643379211426
9.23999988008291 0.900331751505534
9.24499987997115 0.896077728271484
9.24999987985939 0.886996841430664
9.25499987974763 0.901254526774089
9.25999987963587 0.897893714904785
9.26499987952411 0.895401191711426
9.26999987941235 0.89602788289388
9.27499987930059 0.885662078857422
9.27999987918884 0.891383043924967
9.28499987907708 0.894109535217285
9.28999987896532 0.90472469329834
9.29499987885356 0.924343172709147
9.2999998787418 0.933046595255534
9.30499987863004 0.943455251057943
9.30999987851828 0.958995119730632
9.31499987840652 0.960816383361816
9.31999987829477 0.963313166300456
9.32499987818301 0.96098092397054
9.32999987807125 0.951137669881185
9.33499987795949 0.942980066935221
9.33999987784773 0.923289998372396
9.34499987773597 0.900664710998535
9.34999987762421 0.896619606018066
9.35499987751246 0.899979337056478
9.3599998774007 0.908523813883464
9.36499987728894 0.916545422871908
9.36999987717718 0.923423385620117
9.37499987706542 0.917743110656738
9.37999987695366 0.909193166097005
9.3849998768419 0.91165828704834
9.38999987673014 0.910564676920573
9.39499987661839 0.908908398946126
9.39999987650663 0.899579811096191
9.40499987639487 0.88949089050293
9.40999987628311 0.910068766276042
9.41499987617135 0.924583880106608
9.41999987605959 0.938452847798665
9.42499987594783 0.938296508789062
9.42999987583607 0.918430519104004
9.43499987572432 0.892952728271484
9.43999987561256 0.882227516174316
9.4449998755008 0.898383522033691
9.44999987538904 0.930982208251953
9.45499987527728 0.936063893636068
9.45999987516552 0.941708564758301
9.46499987505376 0.926506423950195
9.469999874942 0.932601928710938
9.47499987483025 0.94304141998291
9.47999987471849 0.93474547068278
9.48499987460673 0.946304130554199
9.48999987449497 0.947472127278646
9.49499987438321 0.966714032491048
9.49999987427145 0.95939998626709
9.50499987415969 0.955283673604329
9.50999987404794 0.972478993733724
9.51499987393618 0.991928799947103
9.51999987382442 0.98707644144694
9.52499987371266 0.978500684102376
9.5299998736009 0.975386492411296
9.53499987348914 0.973188145955404
9.53999987337738 0.973108673095703
9.54499987326562 0.957666969299316
9.54999987315387 0.959944534301758
9.55499987304211 0.958263651529948
9.55999987293035 0.948075930277506
9.56499987281859 0.916147486368815
9.56999987270683 0.907096672058106
9.57499987259507 0.902626482645671
9.57999987248331 0.937015724182129
9.58499987237155 0.962860361735026
9.5899998722598 0.970467440287272
9.59499987214804 0.966212717692057
9.59999987203628 0.948407872517904
9.60499987192452 0.92595386505127
9.60999987181276 0.923224258422852
9.614999871701 0.910091209411621
9.61999987158924 0.907862790425618
9.62499987147748 0.907468477884928
9.62999987136573 0.914549128214518
9.63499987125397 0.922744623819987
9.63999987114221 0.92618293762207
9.64499987103045 0.939750671386719
9.64999987091869 0.940920321146647
9.65499987080693 0.939921061197917
9.65999987069517 0.930963389078776
9.66499987058342 0.935783195495606
9.66999987047166 0.938699722290039
9.6749998703599 0.949122492472331
9.67999987024814 0.956298446655273
9.68499987013638 0.946941757202148
9.68999987002462 0.928087933858236
9.69499986991286 0.902311515808105
9.6999998698011 0.890381050109863
9.70499986968935 0.89953982035319
9.70999986957759 0.90625057220459
9.71499986946583 0.911463864644368
9.71999986935407 0.912269465128581
9.72499986924231 0.907499440511068
9.72999986913055 0.911068471272786
9.73499986901879 0.932912254333496
9.73999986890703 0.944990348815918
9.74499986879528 0.954687054951986
9.74999986868352 0.952438672383626
9.75499986857176 0.95736198425293
9.75999986846 0.951874860127767
9.76499986834824 0.939998881022135
9.76999986823648 0.941361427307129
9.77499986812472 0.958258819580078
9.77999986801296 0.954861768086751
9.78499986790121 0.925480524698893
9.78999986778945 0.922559038798014
9.79499986767769 0.912311617533366
9.79999986756593 0.934526062011719
9.80499986745417 0.950962448120117
9.80999986734241 0.951884905497233
9.81499986723065 0.951845105489095
9.8199998671189 0.936512502034505
9.82499986700714 0.927607790629069
9.82999986689538 0.915637588500977
9.83499986678362 0.917824935913086
9.83999986667186 0.917907778422038
9.8449998665601 0.917839241027832
9.84999986644834 0.920422172546387
9.85499986633658 0.9288543065389
9.85999986622483 0.941515413920085
9.86499986611307 0.965862083435059
9.86999986600131 0.972549438476563
9.87499986588955 0.959337933858236
9.87999986577779 0.95821107228597
9.88499986566603 0.953250249226888
9.88999986555427 0.960297075907389
9.89499986544251 0.96469128926595
9.89999986533076 0.96190439860026
9.904999865219 0.956438636779785
9.90999986510724 0.935862414042155
9.91499986499548 0.921918932596842
9.91999986488372 0.92761967976888
9.92499986477196 0.930677350362142
9.9299998646602 0.936660639444987
9.93499986454844 0.947412490844727
9.93999986443669 0.951048787434896
9.94499986432493 0.964495913187663
9.94999986421317 0.949620946248372
9.95499986410141 0.92855167388916
9.95999986398965 0.914323170979818
9.96499986387789 0.929413032531738
9.96999986376613 0.941285196940104
9.97499986365438 0.935798263549805
9.97999986354262 0.913676643371582
9.98499986343086 0.912707074483236
9.9899998633191 0.909565099080404
9.99499986320734 0.912211036682129
9.99999986309558 0.917965825398763
10.0049998629838 0.932426961263021
10.0099998628721 0.938865915934245
10.0149998627603 0.958035532633464
10.0199998626485 0.971387736002604
10.0249998625368 0.983600107828776
10.029999862425 0.970436668395996
10.0349998623133 0.955334281921387
10.0399998622015 0.935293006896973
10.0449998620898 0.931552823384603
10.049999861978 0.927983474731445
10.0549998618662 0.93342711130778
10.0599998617545 0.954224077860514
10.0649998616427 0.939391199747721
10.069999861531 0.921383984883626
10.0749998614192 0.902803484598796
10.0799998613074 0.902813402811686
10.0849998611957 0.911586125691732
10.0899998610839 0.91341298421224
10.0949998609722 0.923739242553711
10.0999998608604 0.92568473815918
10.1049998607486 0.923261324564616
10.1099998606369 0.929348182678223
10.1149998605251 0.95071964263916
10.1199998604134 0.972973823547363
10.1249998603016 0.983573468526204
10.1299998601899 0.975978406270345
10.1349998600781 0.985428365071615
10.1399998599663 0.992377217610677
10.1449998598546 0.99239673614502
10.1499998597428 0.989221382141113
10.1549998596311 0.98092721303304
10.1599998595193 0.971162541707357
10.1649998594075 0.942453575134277
10.1699998592958 0.922873560587565
10.174999859184 0.919732348124186
10.1799998590723 0.92391668955485
10.1849998589605 0.937254015604655
10.1899998588488 0.951066716512044
10.194999858737 0.966828473409017
10.1999998586252 0.961008262634277
10.2049998585135 0.941419347127279
10.2099998584017 0.927925300598144
10.21499985829 0.934906450907389
10.2199998581782 0.943364906311035
10.2249998580664 0.941041819254557
10.2299998579547 0.930282147725423
10.2349998578429 0.928245989481608
10.2399998577312 0.941909535725911
10.2449998576194 0.967064666748047
10.2499998575076 0.979759279886882
10.2549998573959 0.980747413635254
10.2599998572841 0.980977948506673
10.2649998571724 0.95831044514974
10.2699998570606 0.931982167561849
10.2749998569489 0.917272440592448
10.2799998568371 0.911248715718587
10.2849998567253 0.909096527099609
10.2899998566136 0.905739148457845
10.2949998565018 0.904879188537598
10.2999998563901 0.90164171854655
10.3049998562783 0.904513994852702
10.3099998561665 0.895009422302246
10.3149998560548 0.901890436808268
10.319999855943 0.916775067647298
10.3249998558313 0.916381072998047
10.3299998557195 0.92816842397054
10.3349998556077 0.93181095123291
10.339999855496 0.934127235412598
10.3449998553842 0.917736434936523
10.3499998552725 0.899056307474772
10.3549998551607 0.912590026855469
10.359999855049 0.920445823669434
10.3649998549372 0.947338422139486
10.3699998548254 0.957371012369792
10.3749998547137 0.982350921630859
10.3799998546019 0.966522471110026
10.3849998544902 0.961223157246908
10.3899998543784 0.9531920115153
10.3949998542666 0.954984919230143
10.3999998541549 0.948361078898112
10.4049998540431 0.929998270670573
10.4099998539314 0.904801940917969
10.4149998538196 0.889215024312337
10.4199998537079 0.87717825571696
10.4249998535961 0.879320780436198
10.4299998534843 0.889341481526693
10.4349998533726 0.905403645833333
10.4399998532608 0.926506551106771
10.4449998531491 0.935015614827474
10.4499998530373 0.948330688476563
10.4549998529255 0.933321634928385
10.4599998528138 0.925001653035482
10.464999852702 0.929893938700358
10.4699998525903 0.924522463480632
10.4749998524785 0.926844151814779
10.4799998523667 0.933756955464681
10.484999852255 0.932566134134928
10.4899998521432 0.942956097920736
10.4949998520315 0.925655174255371
10.4999998519197 0.913376617431641
10.504999851808 0.923663775126139
10.5099998516962 0.939296086629232
10.5149998515844 0.970121065775553
10.5199998514727 0.995412572224935
10.5249998513609 1.00060075124105
10.5299998512492 0.991308466593425
10.5349998511374 0.994003423055013
10.5399998510256 0.978418986002604
10.5449998509139 0.952226829528809
10.5499998508021 0.920183436075846
10.5549998506904 0.916794904073079
10.5599998505786 0.909545389811198
10.5649998504668 0.90955867767334
10.5699998503551 0.907291920979818
10.5749998502433 0.929586029052734
10.5799998501316 0.952276865641276
10.5849998500198 0.958119583129883
10.5899998499081 0.960700416564941
10.5949998497963 0.95979798634847
10.5999998496845 0.956841532389323
10.6049998495728 0.940271695454915
10.609999849461 0.918578338623047
10.6149998493493 0.895044708251953
10.6199998492375 0.89360720316569
10.6249998491257 0.898672485351563
10.629999849014 0.907777659098307
10.6349998489022 0.909189287821452
10.6399998487905 0.911436780293783
10.6449998486787 0.897918764750163
10.6499998485669 0.902947616577148
10.6549998484552 0.91331475575765
10.6599998483434 0.936553064982096
10.6649998482317 0.949259694417318
10.6699998481199 0.956721560160319
10.6749998480082 0.94428539276123
10.6799998478964 0.942545064290365
10.6849998477846 0.93485590616862
10.6899998476729 0.935700098673503
10.6949998475611 0.933904457092285
10.6999998474494 0.925203196207682
10.7049998473376 0.915595054626465
10.7099998472258 0.913222249348958
10.7149998471141 0.891811180114746
10.7199998470023 0.875633811950684
10.7249998468906 0.863742192586263
10.7299998467788 0.871066029866536
10.7349998466671 0.87199878692627
10.7399998465553 0.852591768900553
10.7449998464435 0.84491761525472
10.7499998463318 0.843208122253418
10.75499984622 0.856284395853678
10.7599998461083 0.889775276184082
10.7649998459965 0.922094662984212
10.7699998458847 0.951807276407878
10.774999845773 0.946960830688477
10.7799998456612 0.944614283243815
10.7849998455495 0.940637461344401
10.7899998454377 0.930929438273112
10.7949998453259 0.941343434651693
10.7999998452142 0.934869829813639
10.8049998451024 0.93008492787679
10.8099998449907 0.916593996683757
10.8149998448789 0.92941525777181
10.8199998447672 0.946310551961263
10.8249998446554 0.952730560302734
10.8299998445436 0.947465578715006
10.8349998444319 0.932498931884766
10.8399998443201 0.934011141459147
10.8449998442084 0.937241363525391
10.8499998440966 0.936601893107096
10.8549998439848 0.938865598042806
10.8599998438731 0.938785298665365
10.8649998437613 0.939615058898926
10.8699998436496 0.933688545227051
10.8749998435378 0.92734915415446
10.879999843426 0.929303868611654
10.8849998433143 0.926910336812337
10.8899998432025 0.923928387959798
10.8949998430908 0.910873603820801
10.899999842979 0.913534863789876
10.9049998428673 0.930386797587077
10.9099998427555 0.931484921773275
10.9149998426437 0.926442782084147
10.919999842532 0.93090565999349
10.9249998424202 0.939671834309896
10.9299998423085 0.943126042683919
10.9349998421967 0.926875305175781
10.9399998420849 0.928815015157064
10.9449998419732 0.932246780395508
10.9499998418614 0.924785423278809
10.9549998417497 0.892901674906413
10.9599998416379 0.869337972005208
10.9649998415262 0.872168413798014
10.9699998414144 0.876581637064616
10.9749998413026 0.866620318094889
10.9799998411909 0.849000549316406
10.9849998410791 0.847633679707845
10.9899998409674 0.861849848429362
10.9949998408556 0.85456797281901
10.9999998407438 0.868671035766602
11.0049998406321 0.889329528808594
11.0099998405203 0.908579762776693
11.0149998404086 0.92517515818278
11.0199998402968 0.925017166137695
11.024999840185 0.911033566792806
11.0299998400733 0.912947654724121
11.0349998399615 0.899055480957031
11.0399998398498 0.890050760904948
11.044999839738 0.891612561543783
11.0499998396263 0.89366512298584
11.0549998395145 0.903953107198079
11.0599998394027 0.914212226867676
11.064999839291 0.910860125223796
11.0699998391792 0.923181025187174
11.0749998390675 0.937424151102702
11.0799998389557 0.961320114135742
11.0849998388439 0.956345176696777
11.0899998387322 0.929419072469076
11.0949998386204 0.920152473449707
11.0999998385087 0.924542490641276
11.1049998383969 0.933961423238118
11.1099998382851 0.949528884887695
11.1149998381734 0.95568250020345
11.1199998380616 0.968495559692383
11.1249998379499 0.981334431966146
11.1299998378381 0.96812203725179
11.1349998377264 0.946238644917806
11.1399998376146 0.918825403849284
11.1449998375028 0.907667668660482
11.1499998373911 0.90609811147054
11.1549998372793 0.904579353332519
11.1599998371676 0.904922930399577
11.1649998370558 0.918473688761393
11.169999836944 0.933288701375325
11.1749998368323 0.938285446166992
11.1799998367205 0.918181864420573
11.1849998366088 0.90111026763916
11.189999836497 0.909674072265625
11.1949998363853 0.91933765411377
11.1999998362735 0.918163871765137
11.2049998361617 0.913817532857259
11.20999983605 0.908895937601725
11.2149998359382 0.898366355895996
11.2199998358265 0.890982627868652
11.2249998357147 0.884370040893555
11.2299998356029 0.892390569051107
11.2349998354912 0.894770495096842
11.2399998353794 0.877366256713867
11.2449998352677 0.864667383829753
11.2499998351559 0.852737045288086
11.2549998350441 0.86302744547526
11.2599998349324 0.878275680541992
11.2649998348206 0.91198132832845
11.2699998347089 0.937256558736165
11.2749998345971 0.944357299804688
11.2799998344854 0.935132916768392
11.2849998343736 0.922021738688151
11.2899998342618 0.898775990804036
11.2949998341501 0.894063250223796
11.2999998340383 0.894032287597656
11.3049998339266 0.892087427775065
11.3099998338148 0.905421257019043
11.314999833703 0.90836009979248
11.3199998335913 0.892712338765462
11.3249998334795 0.872037442525228
11.3299998333678 0.848605346679687
11.334999833256 0.854056104024251
11.3399998331442 0.843715349833171
11.3449998330325 0.854539171854655
11.3499998329207 0.883949406941732
11.354999832809 0.911345481872559
11.3599998326972 0.923129399617513
11.3649998325855 0.923833147684733
11.3699998324737 0.934845479329427
11.3749998323619 0.966386731465658
11.3799998322502 0.958966128031413
11.3849998321384 0.93881721496582
11.3899998320267 0.925082651774089
11.3949998319149 0.931834348042806
11.3999998318031 0.941777992248535
11.4049998316914 0.956957689921061
11.4099998315796 0.950581868489583
11.4149998314679 0.951078732808431
11.4199998313561 0.946363321940104
11.4249998312443 0.928320185343425
11.4299998311326 0.90054931640625
11.4349998310208 0.898117955525716
11.4399998309091 0.9158904393514
11.4449998307973 0.938409105936686
11.4499998306856 0.955543518066406
11.4549998305738 0.947130012512207
11.459999830462 0.92796516418457
11.4649998303503 0.921399752298991
11.4699998302385 0.896642557779948
11.4749998301268 0.887670771280925
11.479999830015 0.873601214090983
11.4849998299032 0.853209114074707
11.4899998297915 0.855553436279297
11.4949998296797 0.871360588073731
11.499999829568 0.889158757527669
11.5049998294562 0.881933975219727
11.5099998293445 0.884182675679525
11.5149998292327 0.886875534057617
11.5199998291209 0.889590962727865
11.5249998290092 0.892058118184408
11.5299998288974 0.891972923278809
11.5349998287857 0.906941858927409
11.5399998286739 0.917458852132162
11.5449998285621 0.91724599202474
11.5499998284504 0.927367719014486
11.5549998283386 0.940510241190592
11.5599998282269 0.931758944193522
11.5649998281151 0.919636090596517
11.5699998280033 0.893159612019857
11.5749998278916 0.876250267028809
11.5799998277798 0.872084426879883
11.5849998276681 0.862702306111654
11.5899998275563 0.887230237325033
11.5949998274446 0.894373766581217
11.5999998273328 0.909531339009603
11.604999827221 0.903953615824382
11.6099998271093 0.895607121785482
11.6149998269975 0.885291735331217
11.6199998268858 0.881269391377767
11.624999826774 0.889007504781087
11.6299998266622 0.891393979390462
11.6349998265505 0.911435254414876
11.6399998264387 0.911126391092936
11.644999826327 0.907989565531413
11.6499998262152 0.903727595011393
11.6549998261034 0.885926310221354
11.6599998259917 0.884169514973958
11.6649998258799 0.89254404703776
11.6699998257682 0.893484878540039
11.6749998256564 0.910616874694824
11.6799998255447 0.907494227091471
11.6849998254329 0.92051633199056
11.6899998253211 0.920957247416178
11.6949998252094 0.929359372456869
11.6999998250976 0.937988217671712
11.7049998249859 0.933013725280762
11.7099998248741 0.920173136393229
11.7149998247623 0.920286496480306
11.7199998246506 0.901789665222168
11.7249998245388 0.889537048339844
11.7299998244271 0.883018684387207
11.7349998243153 0.879660288492839
11.7399998242036 0.905119260152181
11.7449998240918 0.916579373677572
11.74999982398 0.90740426381429
11.7549998238683 0.896685155232747
11.7599998237565 0.884600003560384
11.7649998236448 0.876865704854329
11.769999823533 0.88429438273112
11.7749998234212 0.898825200398763
11.7799998233095 0.907015101114909
11.7849998231977 0.910149129231771
11.789999823086 0.889905993143717
11.7949998229742 0.888865152994792
11.7999998228624 0.88552614847819
11.8049998227507 0.889412498474121
11.8099998226389 0.88402214050293
11.8149998225272 0.882628186543783
11.8199998224154 0.886663373311361
11.8249998223037 0.89680061340332
11.8299998221919 0.899747657775879
11.8349998220801 0.905618731180827
11.8399998219684 0.915730730692546
11.8449998218566 0.924861081441243
11.8499998217449 0.93157418568929
11.8549998216331 0.916042264302572
11.8599998215213 0.914364242553711
11.8649998214096 0.9238525390625
11.8699998212978 0.926336288452148
11.8749998211861 0.913875516255697
11.8799998210743 0.903197415669759
11.8849998209625 0.918388366699219
11.8899998208508 0.936506652832031
11.894999820739 0.933195686340332
11.8999998206273 0.897184944152832
11.9049998205155 0.869872983296712
11.9099998204038 0.863504981994629
11.914999820292 0.871246528625488
11.9199998201802 0.876625696818034
11.9249998200685 0.878390820821126
11.9299998199567 0.885999933878581
11.934999819845 0.892218589782715
11.9399998197332 0.895881462097168
11.9449998196214 0.916946665445964
11.9499998195097 0.919763628641764
11.9549998193979 0.918457794189453
11.9599998192862 0.899017016092936
11.9649998191744 0.890677579243978
11.9699998190627 0.893864313761393
11.9749998189509 0.894363657633464
11.9799998188391 0.897447967529297
11.9849998187274 0.89364554087321
11.9899998186156 0.895423253377279
11.9949998185039 0.907122739156087
11.9999998183921 0.920665995279948
12.0049998182803 0.916509183247884
12.0099998181686 0.903471565246582
12.0149998180568 0.90264466603597
12.0199998179451 0.912543614705404
12.0249998178333 0.932113329569499
12.0299998177215 0.941200065612793
12.0349998176098 0.950051244099935
12.039999817498 0.942044576009115
12.0449998173863 0.933776982625325
12.0499998172745 0.922392018636068
12.0549998171628 0.903242174784342
12.059999817051 0.880327351888021
12.0649998169392 0.8766814549764
12.0699998168275 0.875993347167969
12.0749998167157 0.880862172444661
12.079999816604 0.884489186604818
12.0849998164922 0.886673227945964
12.0899998163804 0.879899088541667
12.0949998162687 0.888138008117676
12.0999998161569 0.915703010559082
12.1049998160452 0.924672508239746
12.1099998159334 0.898445256551107
12.1149998158216 0.888144238789876
12.1199998157099 0.890768432617188
12.1249998155981 0.892823219299316
12.1299998154864 0.888402430216471
12.1349998153746 0.879748280843099
12.1399998152629 0.884308369954427
12.1449998151511 0.898047002156576
12.1499998150393 0.922509256998698
12.1549998149276 0.928184636433919
12.1599998148158 0.91468563079834
12.1649998147041 0.916050211588542
12.1699998145923 0.934418741861979
12.1749998144805 0.955543963114421
12.1799998143688 0.940828005472819
12.184999814257 0.901150703430176
12.1899998141453 0.860052935282389
12.1949998140335 0.841783396402995
12.1999998139217 0.842689768473307
12.20499981381 0.871932983398438
12.2099998136982 0.897842025756836
12.2149998135865 0.909747505187988
12.2199998134747 0.907814725240072
12.224999813363 0.914544105529785
12.2299998132512 0.917818450927734
12.2349998131394 0.915895080566406
12.2399998130277 0.930356280008952
12.2449998129159 0.944577407836914
12.2499998128042 0.935676956176758
12.2549998126924 0.902642631530762
12.2599998125806 0.875679779052734
12.2649998124689 0.876487986246745
12.2699998123571 0.887214533487956
12.2749998122454 0.898962020874023
12.2799998121336 0.903371047973633
12.2849998120219 0.917215728759766
12.2899998119101 0.91568972269694
12.2949998117983 0.914465777079264
12.2999998116866 0.890243085225423
12.3049998115748 0.874778302510579
12.3099998114631 0.882517560323079
12.3149998113513 0.880842272440592
12.3199998112395 0.879707463582357
12.3249998111278 0.890972836812337
12.329999811016 0.89259401957194
12.3349998109043 0.884627914428711
12.3399998107925 0.894263585408529
12.3449998106807 0.897493235270182
12.349999810569 0.917573038736979
12.3549998104572 0.921813074747721
12.3599998103455 0.915710830688477
12.3649998102337 0.91348025004069
12.369999810122 0.918327267964681
12.3749998100102 0.911192321777344
12.3799998098984 0.913015619913737
12.3849998097867 0.905303637186686
12.3899998096749 0.898853238423665
12.3949998095632 0.894658978780111
12.3999998094514 0.885527610778809
12.4049998093396 0.89119758605957
12.4099998092279 0.911056327819824
12.4149998091161 0.918353589375814
12.4199998090044 0.919507726033529
12.4249998088926 0.92091007232666
12.4299998087808 0.920794741312663
12.4349998086691 0.912082036336263
12.4399998085573 0.89722162882487
12.4449998084456 0.886910120646159
12.4499998083338 0.893092791239421
12.4549998082221 0.89349193572998
12.4599998081103 0.882223256429036
12.4649998079985 0.864510790506999
12.4699998078868 0.860596783955892
12.474999807775 0.864152336120605
12.4799998076633 0.872795168558757
12.4849998075515 0.879062970479329
12.4899998074397 0.886152521769206
12.494999807328 0.881388092041016
12.4999998072162 0.893250211079915
12.5049998071045 0.906819216410319
12.5099998069927 0.91565195719401
12.514999806881 0.916395441691081
12.5199998067692 0.909749666849772
12.5249998066574 0.907849438985189
12.5299998065457 0.9139923731486
12.5349998064339 0.91896063486735
12.5399998063222 0.935706392923991
12.5449998062104 0.94891611735026
12.5499998060986 0.943310801188151
12.5549998059869 0.924783325195312
12.5599998058751 0.912540181477865
12.5649998057634 0.896855735778809
12.5699998056516 0.887797101338704
12.5749998055398 0.882344309488932
12.5799998054281 0.883051300048828
12.5849998053163 0.881581751505534
12.5899998052046 0.862335713704427
12.5949998050928 0.848373095194499
12.5999998049811 0.846622467041016
12.6049998048693 0.859830474853516
12.6099998047575 0.868281173706055
12.6149998046458 0.873041216532389
12.619999804534 0.883024533589681
12.6249998044223 0.887891260782878
12.6299998043105 0.886965243021647
12.6349998041987 0.896002197265625
12.639999804087 0.894894027709961
12.6449998039752 0.892275619506836
12.6499998038635 0.885422134399414
12.6549998037517 0.877353604634603
12.6599998036399 0.89212220509847
12.6649998035282 0.904039827982585
12.6699998034164 0.913295110066732
12.6749998033047 0.923515256245931
12.6799998031929 0.918482208251953
12.6849998030812 0.895061683654785
12.6899998029694 0.887967745463053
12.6949998028576 0.889595031738281
12.6999998027459 0.87989330291748
12.7049998026341 0.863072458902995
12.7099998025224 0.849432881673177
12.7149998024106 0.8634583791097
12.7199998022988 0.873580996195475
12.7249998021871 0.875970141092936
12.7299998020753 0.88417288462321
12.7349998019636 0.907895787556966
12.7399998018518 0.929392051696777
12.7449998017401 0.928113746643066
12.7499998016283 0.916347567240397
12.7549998015165 0.924183972676595
12.7599998014048 0.935485458374023
12.764999801293 0.938019434611003
12.7699998011813 0.916168594360352
12.7749998010695 0.896237309773763
12.7799998009577 0.894949086507161
12.784999800846 0.903035100301107
12.7899998007342 0.898465410868327
12.7949998006225 0.904013697306315
12.7999998005107 0.907698758443197
12.8049998003989 0.912742805480957
12.8099998002872 0.905032793680827
12.8149998001754 0.88691520690918
12.8199998000637 0.87339235941569
12.8249997999519 0.880834261576335
12.8299997998402 0.886159197489421
12.8349997997284 0.886887804667155
12.8399997996166 0.881636047363281
12.8449997995049 0.904268519083659
12.8499997993931 0.89907709757487
12.8549997992814 0.884084256490072
12.8599997991696 0.868452072143555
12.8649997990578 0.85288028717041
12.8699997989461 0.847585233052572
12.8749997988343 0.847039604187012
12.8799997987226 0.862724939982096
12.8849997986108 0.873226928710938
12.889999798499 0.869333521525065
12.8949997983873 0.855488840738932
12.8999997982755 0.848156929016113
12.9049997981638 0.856237411499023
12.909999798052 0.871025657653809
12.9149997979403 0.888990656534831
12.9199997978285 0.90358772277832
12.9249997977167 0.91468448638916
12.929999797605 0.912470308939616
12.9349997974932 0.905910873413086
12.9399997973815 0.905506960550944
12.9449997972697 0.89993470509847
12.9499997971579 0.897229448954264
12.9549997970462 0.906145668029785
12.9599997969344 0.917567125956217
12.9649997968227 0.921753438313802
12.9699997967109 0.90290781656901
12.9749997965991 0.881100209554036
12.9799997964874 0.87794869740804
12.9849997963756 0.888916969299316
12.9899997962639 0.900855000813802
12.9949997961521 0.903162701924642
12.9999997960404 0.891257031758626
13.0049997959286 0.894639523824056
13.0099997958168 0.901439158121745
13.0149997957051 0.909063975016276
13.0199997955933 0.908026758829753
13.0249997954816 0.902724011739095
13.0299997953698 0.907014020284017
13.034999795258 0.908144251505534
13.0399997951463 0.915075810750326
13.0449997950345 0.913564173380534
13.0499997949228 0.926507822672526
13.054999794811 0.920223871866862
13.0599997946993 0.909938176472982
13.0649997945875 0.891575050354004
13.0699997944757 0.874190775553385
13.074999794364 0.859454409281413
13.0799997942522 0.855812199910482
13.0849997941405 0.863262112935384
13.0899997940287 0.878442764282227
13.0949997939169 0.88687572479248
13.0999997938052 0.889888572692871
13.1049997936934 0.912345886230469
13.1099997935817 0.932810656229655
13.1149997934699 0.933044052124023
13.1199997933581 0.943244234720866
13.1249997932464 0.935652860005697
13.1299997931346 0.933748118082682
13.1349997930229 0.921352386474609
13.1399997929111 0.89392147064209
13.1449997927994 0.876105117797852
13.1499997926876 0.87686653137207
13.1549997925758 0.87586784362793
13.1599997924641 0.871859804789225
13.1649997923523 0.867942492167155
13.1699997922406 0.882578659057617
13.1749997921288 0.905985069274902
13.179999792017 0.904021008809408
13.1849997919053 0.896457227071126
13.1899997917935 0.888373057047526
13.1949997916818 0.892615636189779
13.19999979157 0.897060585021973
13.2049997914582 0.89140141805013
13.2099997913465 0.887817827860514
13.2149997912347 0.890907859802246
13.219999791123 0.886313501993815
13.2249997910112 0.902765464782715
13.2299997908995 0.911848831176758
13.2349997907877 0.913783137003581
13.2399997906759 0.905042203267415
13.2449997905642 0.89024486541748
13.2499997904524 0.880421511332194
13.2549997903407 0.863786760965983
13.2599997902289 0.853428649902344
13.2649997901171 0.866976801554362
13.2699997900054 0.896186065673828
13.2749997898936 0.911376953125
13.2799997897819 0.904040018717448
13.2849997896701 0.890193748474121
13.2899997895584 0.877676582336426
13.2949997894466 0.861825752258301
13.2999997893348 0.857739448547363
13.3049997892231 0.850776290893555
13.3099997891113 0.851607386271159
13.3149997889996 0.863113594055176
13.3199997888878 0.880230967203776
13.324999788776 0.888635762532552
13.3299997886643 0.88849131266276
13.3349997885525 0.887870089213053
13.3399997884408 0.891465950012207
13.344999788329 0.897721290588379
13.3499997882172 0.887636629740397
13.3549997881055 0.867649904886882
13.3599997879937 0.869320297241211
13.364999787882 0.881552950541178
13.3699997877702 0.898950131734212
13.3749997876585 0.910876782735189
13.3799997875467 0.90257199605306
13.3849997874349 0.888863690694173
13.3899997873232 0.885563977559408
13.3949997872114 0.882102521260579
13.3999997870997 0.870881652832031
13.4049997869879 0.870364125569661
13.4099997868761 0.862590980529785
13.4149997867644 0.853729438781738
13.4199997866526 0.859284909566243
13.4249997865409 0.881673113505046
13.4299997864291 0.913651275634766
13.4349997863173 0.935375849405924
13.4399997862056 0.950556246439616
13.4449997860938 0.94549560546875
13.4499997859821 0.933531824747721
13.4549997858703 0.91805419921875
13.4599997857586 0.894880167643229
13.4649997856468 0.884965578715006
13.469999785535 0.894809150695801
13.4749997854233 0.910847409566243
13.4799997853115 0.917373593648275
13.4849997851998 0.921129926045736
13.489999785088 0.927049128214518
13.4949997849762 0.919038836161296
13.4999997848645 0.895923741658529
13.5049997847527 0.867529169718425
13.509999784641 0.854472923278809
13.5149997845292 0.858839225769043
13.5199997844175 0.860730361938477
13.5249997843057 0.860993957519531
13.5299997841939 0.876952044169108
13.5349997840822 0.877834892272949
13.5399997839704 0.896102905273438
13.5449997838587 0.905954996744792
13.5499997837469 0.926113573710124
13.5549997836351 0.940625445048014
13.5599997835234 0.938005638122559
13.5649997834116 0.924880663553874
13.5699997832999 0.909617169698079
13.5749997831881 0.903288586934408
13.5799997830763 0.882690238952637
13.5849997829646 0.885929807027181
13.5899997828528 0.886989084879557
13.5949997827411 0.877470461527507
13.5999997826293 0.889330736796061
13.6049997825176 0.892863337198893
13.6099997824058 0.910098203023275
13.614999782294 0.918829727172852
13.6199997821823 0.924056307474772
13.6249997820705 0.917899131774902
13.6299997819588 0.934705861409505
13.634999781847 0.94168389638265
13.6399997817352 0.942427508036296
13.6449997816235 0.929432423909505
13.6499997815117 0.901401201883952
13.6549997814 0.900972239176432
13.6599997812882 0.899672635396322
13.6649997811764 0.886033757527669
13.6699997810647 0.875168863932292
13.6749997809529 0.873581504821777
13.6799997808412 0.896385129292806
13.6849997807294 0.912253634134928
13.6899997806177 0.907512410481771
13.6949997805059 0.885181554158529
13.6999997803941 0.869491704305013
13.7049997802824 0.858508173624674
13.7099997801706 0.853365389506022
13.7149997800589 0.847577540079753
13.7199997799471 0.836839040120443
13.7249997798353 0.834801864624023
13.7299997797236 0.852960522969564
13.7349997796118 0.883947881062826
13.7399997795001 0.891406377156576
13.7449997793883 0.891187349955241
13.7499997792765 0.881636492411296
13.7549997791648 0.878048006693522
13.759999779053 0.889739481608073
13.7649997789413 0.894022369384766
13.7699997788295 0.886911265055339
13.7749997787178 0.886789258321126
13.779999778606 0.888507143656413
13.7849997784942 0.892575645446777
13.7899997783825 0.901731427510579
13.7949997782707 0.905505434672038
13.799999778159 0.917912419637044
13.8049997780472 0.920991643269857
13.8099997779354 0.908879597981771
13.8149997778237 0.893124771118164
13.8199997777119 0.864835739135742
13.8249997776002 0.846570205688477
13.8299997774884 0.834371185302734
13.8349997773767 0.838415082295736
13.8399997772649 0.844527943929036
13.8449997771531 0.846147600809733
13.8499997770414 0.856215540568034
13.8549997769296 0.864348411560059
13.8599997768179 0.88441162109375
13.8649997767061 0.93096981048584
13.8699997765943 0.942290878295898
13.8749997764826 0.940985679626465
13.8799997763708 0.940333302815755
13.8849997762591 0.935689862569173
13.8899997761473 0.926034355163574
13.8949997760355 0.906251907348633
13.8999997759238 0.870205815633138
13.904999775812 0.85615348815918
13.9099997757003 0.871090698242188
13.9149997755885 0.901999282836914
13.9199997754768 0.91289234161377
13.924999775365 0.906573359171549
13.9299997752532 0.907679112752279
13.9349997751415 0.91709950764974
13.9399997750297 0.922168795267741
13.944999774918 0.905679766337077
13.9499997748062 0.891076024373372
13.9549997746944 0.889317321777344
13.9599997745827 0.89256960550944
13.9649997744709 0.893483861287435
13.9699997743592 0.898540051778158
13.9749997742474 0.888279787699382
13.9799997741356 0.870075670878092
13.9849997740239 0.856279563903809
13.9899997739121 0.854410044352214
13.9949997738004 0.858762041727702
13.9999997736886 0.869973500569662
14.0049997735769 0.867874145507813
14.0099997734651 0.86218147277832
14.0149997733533 0.869797070821126
14.0199997732416 0.875899569193522
14.0249997731298 0.88087272644043
14.0299997730181 0.87984364827474
14.0349997729063 0.864675521850586
14.0399997727945 0.866997400919596
14.0449997726828 0.868155225118001
14.049999772571 0.873304621378581
14.0549997724593 0.867770131429036
14.0599997723475 0.855868848164876
14.0649997722358 0.846109898885091
14.069999772124 0.839864285786947
14.0749997720122 0.860762786865234
14.0799997719005 0.884057108561198
14.0849997717887 0.894539705912272
14.089999771677 0.877164077758789
14.0949997715652 0.855480511983236
14.0999997714534 0.847072219848633
14.1049997713417 0.848963673909505
14.1099997712299 0.860610580444336
14.1149997711182 0.869028472900391
14.1199997710064 0.874110221862793
14.1249997708946 0.876496696472168
14.1299997707829 0.886310704549154
14.1349997706711 0.906122779846191
14.1399997705594 0.908890151977539
14.1449997704476 0.91366278330485
14.1499997703359 0.913622156778971
14.1549997702241 0.913448905944824
14.1599997701123 0.897784614562988
14.1649997700006 0.896891593933105
14.1699997698888 0.893951098124186
14.1749997697771 0.885120073954264
14.1799997696653 0.904728635152181
14.1849997695535 0.91599006652832
14.1899997694418 0.925707117716471
14.19499976933 0.92422784169515
14.1999997692183 0.902744611104329
14.2049997691065 0.87459348042806
14.2099997689947 0.869938659667969
14.214999768883 0.871007792154948
14.2199997687712 0.89394900004069
14.2249997686595 0.918441327412923
14.2299997685477 0.944710350036621
14.234999768436 0.952453804016113
14.2399997683242 0.943385569254557
14.2449997682124 0.940041859944662
14.2499997681007 0.936072413126628
14.2549997679889 0.94368413289388
14.2599997678772 0.937007649739583
14.2649997677654 0.929425493876139
14.2699997676536 0.921852111816406
14.2749997675419 0.915487670898438
14.2799997674301 0.928937784830729
14.2849997673184 0.931819407145182
14.2899997672066 0.92029488881429
14.2949997670949 0.913167635599772
14.2999997669831 0.89962272644043
14.3049997668713 0.896061197916667
14.3099997667596 0.874712244669596
14.3149997666478 0.855785115559896
14.3199997665361 0.861249287923177
14.3249997664243 0.872761662801107
14.3299997663125 0.89393564860026
14.3349997662008 0.911044756571452
14.339999766089 0.91187801361084
14.3449997659773 0.891904385884603
14.3499997658655 0.870457903544108
14.3549997657537 0.863263448079427
14.359999765642 0.870873069763184
14.3649997655302 0.876414426167806
14.3699997654185 0.884425799051921
14.3749997653067 0.888592592875163
14.379999765195 0.905685551961263
14.3849997650832 0.916603660583496
14.3899997649714 0.926735687255859
14.3949997648597 0.923207855224609
14.3999997647479 0.915781656901042
14.4049997646362 0.924011166890462
14.4099997645244 0.910986200968425
14.4149997644126 0.907626533508301
14.4199997643009 0.890757115681966
14.4249997641891 0.875130208333333
14.4299997640774 0.868015925089518
14.4349997639656 0.859845479329427
14.4399997638538 0.859412447611491
14.4449997637421 0.872104199727376
14.4499997636303 0.88048407236735
14.4549997635186 0.886894671122233
14.4599997634068 0.893635495503743
14.4649997632951 0.901662254333496
14.4699997631833 0.898694483439128
14.4749997630715 0.897890090942383
14.4799997629598 0.892744318644206
14.484999762848 0.89819507598877
14.4899997627363 0.898165321350098
14.4949997626245 0.890201759338379
14.4999997625127 0.879270998636882
14.504999762401 0.863620948791504
14.5099997622892 0.854302406311035
14.5149997621775 0.86019401550293
14.5199997620657 0.881229654947917
14.5249997619539 0.897504170735677
14.5299997618422 0.88917547861735
14.5349997617304 0.888732083638509
14.5399997616187 0.895759963989258
14.5449997615069 0.909965896606445
14.5499997613952 0.91060676574707
14.5549997612834 0.912896219889323
14.5599997611716 0.914800262451172
14.5649997610599 0.933427556355794
14.5699997609481 0.940500895182292
14.5749997608364 0.948146756490072
14.5799997607246 0.952374267578125
14.5849997606128 0.931633631388346
14.5899997605011 0.911020024617513
14.5949997603893 0.89809087117513
14.5999997602776 0.900860786437988
14.6049997601658 0.900762685139974
14.6099997600541 0.888569132486979
14.6149997599423 0.869608879089355
14.6199997598305 0.861830012003581
14.6249997597188 0.863207817077637
14.629999759607 0.872885322570801
14.6349997594953 0.885765902201335
14.6399997593835 0.900409189860026
14.6449997592717 0.903138097127279
14.64999975916 0.910155868530273
14.6549997590482 0.911474355061849
14.6599997589365 0.926031557718913
14.6649997588247 0.943977610270182
14.6699997587129 0.960784403483073
14.6749997586012 0.973685391743978
14.6799997584894 0.978509330749512
14.6849997583777 0.983278528849284
14.6899997582659 0.977290789286296
14.6949997581542 0.967591540018718
14.6999997580424 0.954449081420898
14.7049997579306 0.936468060811361
14.7099997578189 0.919484074910482
14.7149997577071 0.909868812561035
14.7199997575954 0.907216517130534
14.7249997574836 0.917148272196452
14.7299997573718 0.923037528991699
14.7349997572601 0.918426005045573
14.7399997571483 0.911983744303385
14.7449997570366 0.918062591552734
14.7499997569248 0.924379603068034
14.754999756813 0.92392037709554
14.7599997567013 0.909100532531738
14.7649997565895 0.904874928792318
14.7699997564778 0.915060170491536
14.774999756366 0.933294804890951
14.7799997562543 0.939972496032715
14.7849997561425 0.927705637613932
14.7899997560307 0.921518643697103
14.794999755919 0.918112945556641
14.7999997558072 0.913965606689453
14.8049997556955 0.896748224894206
14.8099997555837 0.879526710510254
14.8149997554719 0.875876426696777
14.8199997553602 0.86969788869222
14.8249997552484 0.858978080749512
14.8299997551367 0.848097991943359
14.8349997550249 0.841834004720052
14.8399997549132 0.85445442199707
14.8449997548014 0.865553792317708
14.8499997546896 0.878379440307617
14.8549997545779 0.885953712463379
14.8599997544661 0.899557622273763
14.8649997543544 0.906591288248698
14.8699997542426 0.897122637430827
14.8749997541308 0.900690205891927
14.8799997540191 0.916701889038086
14.8849997539073 0.933998680114746
14.8899997537956 0.920482063293457
14.8949997536838 0.919341214497884
14.899999753572 0.9254607518514
14.9049997534603 0.932473754882812
14.9099997533485 0.927326011657715
14.9149997532368 0.907459322611491
14.919999753125 0.890599886576335
14.9249997530133 0.89970448811849
14.9299997529015 0.913422012329102
14.9349997527897 0.934684244791667
14.939999752678 0.940439923604329
14.9449997525662 0.945768928527832
14.9499997524545 0.939846483866374
14.9549997523427 0.928753916422526
14.9599997522309 0.911319732666016
14.9649997521192 0.900627899169922
14.9699997520074 0.898839505513509
14.9749997518957 0.91054204305013
14.9799997517839 0.9193390528361
14.9849997516721 0.913175837198893
14.9899997515604 0.908621660868327
14.9949997514486 0.901655451456706
14.9999997513369 0.89327449798584
15.0049997512251 0.892117055257161
15.0099997511134 0.882851155598958
15.0149997510016 0.8772980372111
15.0199997508898 0.879296048482259
15.0249997507781 0.88974355061849
15.0299997506663 0.905080159505208
15.0349997505546 0.927401161193848
15.0399997504428 0.943852106730143
15.044999750331 0.953221893310547
15.0499997502193 0.937528610229492
15.0549997501075 0.921856816609701
15.0599997499958 0.917128435770671
15.064999749884 0.923233540852865
15.0699997497723 0.929665120442708
15.0749997496605 0.932688331604004
15.0799997495487 0.918367004394531
15.084999749437 0.910324541727702
15.0899997493252 0.918931897481283
15.0949997492135 0.928581428527832
15.0999997491017 0.940014521280924
15.1049997489899 0.94364554087321
15.1099997488782 0.93450558980306
15.1149997487664 0.921721013387044
15.1199997486547 0.913578224182129
15.1249997485429 0.903245290120443
15.1299997484311 0.902458063761393
15.1349997483194 0.899069595336914
15.1399997482076 0.889403279622396
15.1449997480959 0.912383270263672
15.1499997479841 0.935323015848796
15.1549997478724 0.944344266255697
15.1599997477606 0.940444374084473
15.1649997476488 0.93152592976888
15.1699997475371 0.92327397664388
15.1749997474253 0.921261278788249
15.1799997473136 0.934435971577962
15.1849997472018 0.929038874308268
15.18999974709 0.913241704305013
15.1949997469783 0.907533772786458
15.1999997468665 0.910144678751628
15.2049997467548 0.902933184305827
15.209999746643 0.902799924214681
15.2149997465312 0.908407084147135
15.2199997464195 0.911883099873861
15.2249997463077 0.908982721964518
15.229999746196 0.902339426676432
15.2349997460842 0.900616327921549
15.2399997459725 0.894647852579753
15.2449997458607 0.890227444966634
15.2499997457489 0.888753382364909
15.2549997456372 0.887373606363932
15.2599997455254 0.883535766601563
15.2649997454137 0.87535031636556
15.2699997453019 0.878648567199707
15.2749997451901 0.892284075419108
15.2799997450784 0.905088424682617
15.2849997449666 0.928451283772786
15.2899997448549 0.941535059611003
15.2949997447431 0.932996241251628
15.2999997446314 0.934729957580566
15.3049997445196 0.926653544108073
15.3099997444078 0.920944213867188
15.3149997442961 0.915778605143229
15.3199997441843 0.911918449401856
15.3249997440726 0.906724802652995
15.3299997439608 0.912901814778646
15.334999743849 0.926901626586914
15.3399997437373 0.930024909973145
15.3449997436255 0.938780085245768
15.3499997435138 0.924454180399577
15.354999743402 0.9157683690389
15.3599997432902 0.902536265055339
15.3649997431785 0.90994389851888
15.3699997430667 0.913708114624023
15.374999742955 0.923080571492513
15.3799997428432 0.916764322916667
15.3849997427315 0.910219891866048
15.3899997426197 0.90543950398763
15.3949997425079 0.913578923543294
15.3999997423962 0.92165470123291
15.4049997422844 0.929315948486328
15.4099997421727 0.919946161905924
15.4149997420609 0.909148089090983
15.4199997419491 0.904563903808594
15.4249997418374 0.905183092753093
15.4299997417256 0.9069304784139
15.4349997416139 0.902030563354492
15.4399997415021 0.89940497080485
15.4449997413903 0.904413604736328
15.4499997412786 0.913419914245605
15.4549997411668 0.910199038187663
15.4599997410551 0.910530853271484
15.4649997409433 0.897222709655762
15.4699997408316 0.903264236450195
15.4749997407198 0.907297452290853
15.479999740608 0.892481104532878
15.4849997404963 0.874721717834473
15.4899997403845 0.872776158650716
15.4949997402728 0.873591613769531
15.499999740161 0.883984057108561
15.5049997400492 0.882062594095866
15.5099997399375 0.875324503580729
15.5149997398257 0.867690213521322
15.519999739714 0.872338803609212
15.5249997396022 0.886443710327148
15.5299997394904 0.899350166320801
15.5349997393787 0.908751614888509
15.5399997392669 0.919359016418457
15.5449997391552 0.929216766357422
15.5499997390434 0.918169720967611
15.5549997389317 0.902935981750488
15.5599997388199 0.893253835042318
15.5649997387081 0.895907020568848
15.5699997385964 0.898608334859212
15.5749997384846 0.905057525634766
15.5799997383729 0.903826459248861
15.5849997382611 0.906121063232422
15.5899997381493 0.897902488708496
15.5949997380376 0.896864000956217
15.5999997379258 0.890161069234212
15.6049997378141 0.883358764648438
15.6099997377023 0.875954755147298
15.6149997375906 0.870690282185872
15.6199997374788 0.873945426940918
15.624999737367 0.890144920349121
15.6299997372553 0.910844866434733
15.6349997371435 0.909353192647298
15.6399997370318 0.906069564819336
15.64499973692 0.89756654103597
15.6499997368082 0.901896158854167
15.6549997366965 0.921769332885742
15.6599997365847 0.924341773986816
15.664999736473 0.937894948323568
15.6699997363612 0.956285031636556
15.6749997362494 0.964581553141276
15.6799997361377 0.969621721903483
15.6849997360259 0.96985232035319
15.6899997359142 0.977994918823242
15.6949997358024 0.972303199768066
15.6999997356907 0.965814463297526
15.7049997355789 0.947125752766927
15.7099997354671 0.931692059834798
15.7149997353554 0.914456176757813
15.7199997352436 0.909568150838216
15.7249997351319 0.902512423197428
15.7299997350201 0.910093243916829
15.7349997349083 0.912203089396159
15.7399997347966 0.934471321105957
15.7449997346848 0.944453811645508
15.7499997345731 0.942221641540527
15.7549997344613 0.933968098958333
15.7599997343495 0.922892061869303
15.7649997342378 0.928896840413411
15.769999734126 0.936135991414388
15.7749997340143 0.946770350138346
15.7799997339025 0.945300229390462
15.7849997337908 0.932779630025228
15.789999733679 0.922968991597493
15.7949997335672 0.910669453938802
15.7999997334555 0.909230359395345
15.8049997333437 0.907463709513346
15.809999733232 0.921249135335286
15.8149997331202 0.925793711344401
15.8199997330084 0.934394709269206
15.8249997328967 0.94589729309082
15.8299997327849 0.943858655293783
15.8349997326732 0.945032119750977
15.8399997325614 0.960157712300619
15.8449997324497 0.972495206197103
15.8499997323379 0.964832433064779
15.8549997322261 0.954087384541829
15.8599997321144 0.955387306213379
15.8649997320026 0.951148160298665
15.8699997318909 0.950347582499186
15.8749997317791 0.953418159484863
15.8799997316673 0.94919548034668
15.8849997315556 0.955152193705241
15.8899997314438 0.964465077718099
15.8949997313321 0.958763758341471
15.8999997312203 0.945382754007975
15.9049997311085 0.934115346272786
15.9099997309968 0.93569221496582
15.914999730885 0.939411163330078
15.9199997307733 0.945722961425781
15.9249997306615 0.949956893920898
15.9299997305498 0.945832061767578
15.934999730438 0.955078125
15.9399997303262 0.956725947062175
15.9449997302145 0.962729199727376
15.9499997301027 0.964958254496257
15.954999729991 0.960963694254557
15.9599997298792 0.956945101420085
15.9649997297674 0.937957572937012
15.9699997296557 0.919186274210612
15.9749997295439 0.912388038635254
15.9799997294322 0.924061902364095
15.9849997293204 0.954277102152507
15.9899997292086 0.981608327229818
15.9949997290969 0.983426920572917
15.9999997289851 0.972060457865397
16.0049997288734 0.972101847330729
16.0099997287616 0.972998174031576
16.0149997286499 0.962252998352051
16.0199997285381 0.952214813232422
16.0249997284263 0.942064603169759
16.0299997283146 0.929724057515462
16.0349997282028 0.926043891906738
16.0399997280911 0.914941724141439
16.0449997279793 0.910946846008301
16.0499997278675 0.905559730529785
16.0549997277558 0.893184725443522
16.059999727644 0.903610801696777
16.0649997275323 0.921005821228027
16.0699997274205 0.941132481892904
16.0749997273088 0.947061030069987
16.079999727197 0.94325434366862
16.0849997270852 0.940884208679199
16.0899997269735 0.947293090820313
16.0949997268617 0.95634651184082
16.09999972675 0.964870580037435
16.1049997266382 0.96229616800944
16.1099997265264 0.968446667989095
16.1149997264147 0.981011581420898
16.1199997263029 0.987958399454753
16.1249997261912 0.986662483215332
16.1299997260794 0.976557985941569
16.1349997259676 0.972926839192708
16.1399997258559 0.979889297485352
16.1449997257441 0.984951400756836
16.1499997256324 0.997953605651855
16.1549997255206 1.01019357045492
16.1599997254089 1.01079069773356
16.1649997252971 0.998429807027181
16.1699997251853 0.995437177022298
16.1749997250736 1.00430157979329
16.1799997249618 0.984344673156738
16.1849997248501 0.964130083719889
16.1899997247383 0.938350613911947
16.1949997246265 0.921007219950358
16.1999997245148 0.91734561920166
16.204999724403 0.918622144063314
16.2099997242913 0.925508308410645
16.2149997241795 0.946680196126302
16.2199997240677 0.956769180297852
16.224999723956 0.960890642801921
16.2299997238442 0.953611691792806
16.2349997237325 0.941394297281901
16.2399997236207 0.957708803812663
16.244999723509 0.9785125096639
16.2499997233972 0.996083958943685
16.2549997232854 1.00560970306396
16.2599997231737 0.993188921610514
16.2649997230619 0.972284889221191
16.2699997229502 0.968805694580078
16.2749997228384 0.98066234588623
16.2799997227266 1.00099016825358
16.2849997226149 1.00467910766602
16.2899997225031 0.989215278625488
16.2949997223914 0.974316596984863
16.2999997222796 0.979441324869792
16.3049997221679 0.98775946299235
16.3099997220561 0.985172843933105
16.3149997219443 0.977463150024414
16.3199997218326 0.971257654825846
16.3249997217208 0.96251049041748
16.3299997216091 0.955594317118327
16.3349997214973 0.959170532226562
16.3399997213855 0.963631947835287
16.3449997212738 0.961848449707031
16.349999721162 0.963417879740397
16.3549997210503 0.964647928873698
16.3599997209385 0.971861267089844
16.3649997208267 0.972490501403809
16.369999720715 0.973621622721354
16.3749997206032 0.979858016967773
16.3799997204915 0.980903116861979
16.3849997203797 0.990223503112793
16.389999720268 1.00104630788167
16.3949997201562 1.00873050689697
16.3999997200444 1.01579736073812
16.4049997199327 1.00853385925293
16.4099997198209 0.996604092915853
16.4149997197092 1.01477139790853
16.4199997195974 1.019264793396
16.4249997194856 1.01333459218343
16.4299997193739 1.00248940785726
16.4349997192621 1.00131435394287
16.4399997191504 1.00605875651042
16.4449997190386 0.999766159057617
16.4499997189268 0.982231330871582
16.4549997188151 0.958873685201009
16.4599997187033 0.952203114827474
16.4649997185916 0.944857279459635
16.4699997184798 0.951757685343425
16.4749997183681 0.963294219970703
16.4799997182563 0.986592610677083
16.4849997181445 0.986918830871582
16.4899997180328 0.988140551249186
16.494999717921 0.997896003723145
16.4999997178093 1.00488567352295
16.5049997176975 1.01587842305501
16.5099997175857 1.00622952779134
16.514999717474 1.00624217987061
16.5199997173622 1.00996074676514
16.5249997172505 1.00038045247396
16.5299997171387 0.988734372456868
16.5349997170269 0.991345850626628
16.5399997169152 0.984042739868164
16.5449997168034 0.985098139444987
16.5499997166917 0.994584782918294
16.5549997165799 1.00949840545654
16.5599997164682 1.02451496124268
16.5649997163564 1.02762088775635
16.5699997162446 1.00804011027018
16.5749997161329 0.991623369852702
16.5799997160211 0.98284060160319
16.5849997159094 0.977456601460775
16.5899997157976 0.966585922241211
16.5949997156858 0.961318715413411
16.5999997155741 0.959189414978027
16.6049997154623 0.959873644510905
16.6099997153506 0.959907913208008
16.6149997152388 0.957318687438965
16.6199997151271 0.96334768931071
16.6249997150153 0.964909172058105
16.6299997149035 0.971037610371908
16.6349997147918 0.964415295918783
16.63999971468 0.962993431091309
16.6449997145683 0.961436398824056
16.6499997144565 0.961915016174316
16.6549997143447 0.959536870320638
16.659999714233 0.963225873311361
16.6649997141212 0.978363227844238
16.6699997140095 0.987342007954915
16.6749997138977 1.00210742950439
16.6799997137859 1.00423698425293
16.6849997136742 1.0003262201945
16.6899997135624 0.987172063191732
16.6949997134507 0.98176097869873
16.6999997133389 0.985834948221842
16.7049997132272 0.99022045135498
16.7099997131154 0.997655932108561
16.7149997130036 1.00859235127767
16.7199997128919 1.00952777862549
16.7249997127801 1.0232172648112
16.7299997126684 1.02585608164469
16.7349997125566 1.02513300577799
16.7399997124448 1.01543992360433
16.7449997123331 1.00067221323649
16.7499997122213 0.985293451944987
16.7549997121096 0.983931605021159
16.7599997119978 0.991847991943359
16.764999711886 1.00148728688558
16.7699997117743 1.0043981552124
16.7749997116625 0.981667518615723
16.7799997115508 0.961282666524251
16.784999711439 0.941660817464193
16.7899997113273 0.944200007120768
16.7949997112155 0.957445907592773
16.7999997111037 0.974565569559733
16.804999710992 0.994703038533529
16.8099997108802 1.00630308787028
16.8149997107685 1.00743306477865
16.8199997106567 1.01186040242513
16.8249997105449 0.991550509134928
16.8299997104332 0.975445111592611
16.8349997103214 0.982898712158203
16.8399997102097 0.997691281636556
16.8449997100979 1.00273793538411
16.8499997099862 1.01461702982585
16.8549997098744 1.01790568033854
16.8599997097626 1.01670875549316
16.8649997096509 1.0185276667277
16.8699997095391 1.01917877197266
16.8749997094274 1.01589533487956
16.8799997093156 1.0045379002889
16.8849997092038 0.991915194193522
16.8899997090921 0.982043011983236
16.8949997089803 0.979942258199056
16.8999997088686 0.975652631123861
16.9049997087568 0.97758903503418
16.909999708645 0.977179272969564
16.9149997085333 0.983822886149089
16.9199997084215 0.998111216227214
16.9249997083098 1.00640150705973
16.929999708198 1.01897468566895
16.9349997080863 1.02567138671875
16.9399997079745 1.03517971038818
16.9449997078627 1.04465700785319
16.949999707751 1.03810691833496
16.9549997076392 1.03428103129069
16.9599997075275 1.0294708887736
16.9649997074157 1.03356533050537
16.9699997073039 1.02921593983968
16.9749997071922 1.0289026260376
16.9799997070804 1.03670304616292
16.9849997069687 1.02235552469889
16.9899997068569 1.00590101877848
16.9949997067451 0.999266306559245
16.9999997066334 1.00421155293783
17.0049997065216 1.01042029062907
17.0099997064099 0.995777002970378
17.0149997062981 0.983138275146484
17.0199997061864 0.994258117675781
17.0249997060746 1.01124776204427
17.0299997059628 1.02348785400391
17.0349997058511 1.02682749430339
17.0399997057393 1.03559608459473
17.0449997056276 1.03660977681478
17.0499997055158 1.03758691151937
17.054999705404 1.03155651092529
17.0599997052923 1.02880198160807
17.0649997051805 1.03575045267741
17.0699997050688 1.04575729370117
17.074999704957 1.05797227223714
17.0799997048453 1.05835304260254
17.0849997047335 1.04918772379557
17.0899997046217 1.04133771260579
17.09499970451 1.04518985748291
17.0999997043982 1.062051709493
17.1049997042865 1.07703463236491
17.1099997041747 1.07232348124186
17.1149997040629 1.07781753540039
17.1199997039512 1.07732264200846
17.1249997038394 1.08088302612305
17.1299997037277 1.07084503173828
17.1349997036159 1.06936378479004
17.1399997035041 1.07897593180339
17.1449997033924 1.06745185852051
17.1499997032806 1.05042260487874
17.1549997031689 1.0455607732137
17.1599997030571 1.05017859141032
17.1649997029454 1.06674791971842
17.1699997028336 1.05884011586507
17.1749997027218 1.04660313924154
17.1799997026101 1.05224520365397
17.1849997024983 1.07690518697103
17.1899997023866 1.09844462076823
17.1949997022748 1.10316963195801
17.199999702163 1.09842363993327
17.2049997020513 1.08677253723145
17.2099997019395 1.06819712320964
17.2149997018278 1.07250048319499
17.219999701716 1.07018686930339
17.2249997016042 1.06743392944336
17.2299997014925 1.05009225209554
17.2349997013807 1.04046662648519
17.239999701269 1.04984823862712
17.2449997011572 1.07193972269694
17.2499997010455 1.08777567545573
17.2549997009337 1.10490481058757
17.2599997008219 1.09409828186035
17.2649997007102 1.08128026326497
17.2699997005984 1.08466326395671
17.2749997004867 1.09460627237956
17.2799997003749 1.09352010091146
17.2849997002631 1.07884890238444
17.2899997001514 1.05500679016113
17.2949997000396 1.03645458221436
17.2999996999279 1.03579718271891
17.3049996998161 1.02467308044434
17.3099996997043 1.03455371856689
17.3149996995926 1.04636726379395
17.3199996994808 1.0575262705485
17.3249996993691 1.06608632405599
17.3299996992573 1.05886599222819
17.3349996991456 1.05641956329346
17.3399996990338 1.06394189198812
17.344999698922 1.08178507486979
17.3499996988103 1.0992623647054
17.3549996986985 1.09910125732422
17.3599996985868 1.09377072652181
17.364999698475 1.10231653849284
17.3699996983632 1.10801823933919
17.3749996982515 1.09511324564616
17.3799996981397 1.09011065165202
17.384999698028 1.08728205362956
17.3899996979162 1.08490651448568
17.3949996978045 1.07052968343099
17.3999996976927 1.06605669657389
17.4049996975809 1.07110811869303
17.4099996974692 1.08091036478678
17.4149996973574 1.0904488881429
17.4199996972457 1.09806938171387
17.4249996971339 1.09612070719401
17.4299996970221 1.09784838358561
17.4349996969104 1.10561993916829
17.4399996967986 1.10680262247721
17.4449996966869 1.1015562693278
17.4499996965751 1.08194630940755
17.4549996964633 1.07783660888672
17.4599996963516 1.06859258015951
17.4649996962398 1.05450369517008
17.4699996961281 1.03392397562663
17.4749996960163 1.04318148295085
17.4799996959046 1.08750737508138
17.4849996957928 1.08893407185872
17.489999695681 1.07979863484701
17.4949996955693 1.06414852142334
17.4999996954575 1.06625760396322
17.5049996953458 1.08333727518717
17.509999695234 1.09696184794108
17.5149996951222 1.09772974650065
17.5199996950105 1.11360727945964
17.5249996948987 1.12002309163411
17.529999694787 1.10915972391764
17.5349996946752 1.08992004394531
17.5399996945634 1.06937967936198
17.5449996944517 1.0690362294515
17.5499996943399 1.07482681274414
17.5549996942282 1.0620890935262
17.5599996941164 1.07703399658203
17.5649996940047 1.09896914164225
17.5699996938929 1.11903355916341
17.5749996937811 1.12293535868327
17.5799996936694 1.09203351338704
17.5849996935576 1.08581619262695
17.5899996934459 1.08881759643555
17.5949996933341 1.09014523824056
17.5999996932223 1.08283081054687
17.6049996931106 1.07158241271973
17.6099996929988 1.07507807413737
17.6149996928871 1.0918825785319
17.6199996927753 1.09389915466309
17.6249996926636 1.09572359720866
17.6299996925518 1.09330126444499
17.63499969244 1.089812596639
17.6399996923283 1.09034474690755
17.6449996922165 1.08997179667155
17.6499996921048 1.09279708862305
17.654999691993 1.10707155863444
17.6599996918812 1.09550743103027
17.6649996917695 1.09426193237305
17.6699996916577 1.08256454467773
17.674999691546 1.08713162740072
17.6799996914342 1.0851432800293
17.6849996913224 1.07800254821777
17.6899996912107 1.08098424275716
17.6949996910989 1.08269780476888
17.6999996909872 1.07838846842448
17.7049996908754 1.0670113881429
17.7099996907637 1.07031758626302
17.7149996906519 1.08203392028809
17.7199996905401 1.10896402994792
17.7249996904284 1.13369611104329
17.7299996903166 1.14916598002116
17.7349996902049 1.15406138102214
17.7399996900931 1.13376553853353
17.7449996899813 1.1117982228597
17.7499996898696 1.10275179545085
17.7549996897578 1.10694681803385
17.7599996896461 1.11768582661947
17.7649996895343 1.12744954427083
17.7699996894225 1.13088175455729
17.7749996893108 1.13847249348958
17.779999689199 1.14268188476563
17.7849996890873 1.13708992004395
17.7899996889755 1.12780316670736
17.7949996888638 1.12091064453125
17.799999688752 1.11738141377767
17.8049996886402 1.10117594401042
17.8099996885285 1.10058682759603
17.8149996884167 1.09599189758301
17.819999688305 1.09996528625488
17.8249996881932 1.09446271260579
17.8299996880814 1.09204813639323
17.8349996879697 1.10585441589355
17.8399996878579 1.12063382466634
17.8449996877462 1.13234430948893
17.8499996876344 1.13955141703288
17.8549996875227 1.14869486490885
17.8599996874109 1.15601971944173
17.8649996872991 1.15142491658529
17.8699996871874 1.1502493540446
17.8749996870756 1.14897715250651
17.8799996869639 1.16505444844564
17.8849996868521 1.16934038798014
17.8899996867403 1.16714350382487
17.8949996866286 1.16919479370117
17.8999996865168 1.17240435282389
17.9049996864051 1.18168487548828
17.9099996862933 1.17217890421549
17.9149996861815 1.16557019551595
17.9199996860698 1.15256385803223
17.924999685958 1.12975044250488
17.9299996858463 1.12519454956055
17.9349996857345 1.10956217447917
17.9399996856228 1.11100781758626
17.944999685511 1.12983678181966
17.9499996853992 1.1426518758138
17.9549996852875 1.16259180704753
17.9599996851757 1.16666844685872
17.964999685064 1.16659228006999
17.9699996849522 1.15680783589681
17.9749996848404 1.14733823140462
17.9799996847287 1.14978421529134
17.9849996846169 1.14978866577148
17.9899996845052 1.15404497782389
17.9949996843934 1.16137135823568
17.9999996842816 1.15504252115885
18.0049996841699 1.16913401285807
18.0099996840581 1.17854919433594
18.0149996839464 1.1697868347168
18.0199996838346 1.12068023681641
18.0249996837229 1.0864990234375
18.0299996836111 1.08185997009277
18.0349996834993 1.09634259541829
18.0399996833876 1.10804557800293
18.0449996832758 1.11346944173177
18.0499996831641 1.12496566772461
18.0549996830523 1.12002741495768
18.0599996829405 1.11462338765462
18.0649996828288 1.10826581319173
18.069999682717 1.10967076619466
18.0749996826053 1.12248395284017
18.0799996824935 1.15710220336914
18.0849996823817 1.17360305786133
18.08999968227 1.17510655721029
18.0949996821582 1.16568590799967
18.0999996820465 1.16028086344401
18.1049996819347 1.16286938985189
18.109999681823 1.15068473815918
18.1149996817112 1.13820457458496
18.1199996815994 1.12260042826335
18.1249996814877 1.11900507609049
18.1299996813759 1.13080444335937
18.1349996812642 1.13780377705892
18.1399996811524 1.14349428812663
18.1449996810406 1.12739512125651
18.1499996809289 1.12585538228353
18.1549996808171 1.12945556640625
18.1599996807054 1.14994786580404
18.1649996805936 1.17880121866862
18.1699996804819 1.19964485168457
18.1749996803701 1.19918772379557
18.1799996802583 1.19307924906413
18.1849996801466 1.18596356709798
18.1899996800348 1.19446767171224
18.1949996799231 1.19696871439616
18.1999996798113 1.18536580403646
18.2049996796995 1.17249539693197
18.2099996795878 1.15768559773763
18.214999679476 1.14846254984538
18.2199996793643 1.16899833679199
18.2249996792525 1.18670641581217
18.2299996791407 1.19999313354492
18.234999679029 1.21380805969238
18.2399996789172 1.20764376322428
18.2449996788055 1.21504745483398
18.2499996786937 1.21665522257487
18.254999678582 1.21968943277995
18.2599996784702 1.21970532735189
18.2649996783584 1.20262235005697
18.2699996782467 1.18557535807292
18.2749996781349 1.17718251546224
18.2799996780232 1.18681958516439
18.2849996779114 1.19663569132487
18.2899996777996 1.19101804097493
18.2949996776879 1.17803293863932
18.2999996775761 1.16683158874512
18.3049996774644 1.1671376546224
18.3099996773526 1.16821352640788
18.3149996772408 1.17214965820313
18.3199996771291 1.17527236938477
18.3249996770173 1.18113301595052
18.3299996769056 1.18993542989095
18.3349996767938 1.19727541605632
18.3399996766821 1.20450566609701
18.3449996765703 1.21929537455241
18.3499996764585 1.22283020019531
18.3549996763468 1.20251490275065
18.359999676235 1.18095703125
18.3649996761233 1.17086118062337
18.3699996760115 1.18074137369792
18.3749996758997 1.21067377726237
18.379999675788 1.22997194925944
18.3849996756762 1.24213218688965
18.3899996755645 1.24014612833659
18.3949996754527 1.23228607177734
18.399999675341 1.23870366414388
18.4049996752292 1.23375473022461
18.4099996751174 1.21655705769857
18.4149996750057 1.1888432820638
18.4199996748939 1.1800853729248
18.4249996747822 1.17402610778809
18.4299996746704 1.17419268290202
18.4349996745586 1.18181991577148
18.4399996744469 1.19644813537598
18.4449996743351 1.20762214660645
18.4499996742234 1.19825337727865
18.4549996741116 1.19257888793945
18.4599996739998 1.19298858642578
18.4649996738881 1.19127349853516
18.4699996737763 1.20139185587565
18.4749996736646 1.22625935872396
18.4799996735528 1.24585316975911
18.4849996734411 1.24986572265625
18.4899996733293 1.2296937306722
18.4949996732175 1.21075795491536
18.4999996731058 1.21956265767415
18.504999672994 1.251140721639
18.5099996728823 1.26912498474121
18.5149996727705 1.28356691996257
18.5199996726587 1.27576497395833
18.524999672547 1.27865079243978
18.5299996724352 1.26140975952148
18.5349996723235 1.24725023905436
18.5399996722117 1.23026212056478
18.5449996720999 1.23844235738118
18.5499996719882 1.23720436096191
18.5549996718764 1.24595781962077
18.5599996717647 1.23776384989421
18.5649996716529 1.22150433858236
18.5699996715412 1.21662241617839
18.5749996714294 1.22246119181315
18.5799996713176 1.23388239542643
18.5849996712059 1.23358662923177
18.5899996710941 1.23334172566732
18.5949996709824 1.22834281921387
18.5999996708706 1.23898035685221
18.6049996707588 1.23070996602376
18.6099996706471 1.2043217976888
18.6149996705353 1.18184547424316
18.6199996704236 1.18045616149902
18.6249996703118 1.20850639343262
18.6299996702001 1.22065633138021
18.6349996700883 1.21169764200846
18.6399996699765 1.21594721476237
18.6449996698648 1.23225695292155
18.649999669753 1.24628435770671
18.6549996696413 1.25057042439779
18.6599996695295 1.25295524597168
18.6649996694177 1.24829266866048
18.669999669306 1.23975728352865
18.6749996691942 1.22272440592448
18.6799996690825 1.22333526611328
18.6849996689707 1.22598660786947
18.6899996688589 1.22948481241862
18.6949996687472 1.22789395650228
18.6999996686354 1.23505261739095
18.7049996685237 1.26134351094564
18.7099996684119 1.27424011230469
18.7149996683002 1.27357482910156
18.7199996681884 1.27677396138509
18.7249996680766 1.27755661010742
18.7299996679649 1.27800267537435
18.7349996678531 1.25831286112467
18.7399996677414 1.24410413106283
18.7449996676296 1.24638760884603
18.7499996675178 1.26446774800619
18.7549996674061 1.29512761433919
18.7599996672943 1.31742413838704
18.7649996671826 1.32307408650716
18.7699996670708 1.31791839599609
18.774999666959 1.31404291788737
18.7799996668473 1.28694877624512
18.7849996667355 1.27230161031087
18.7899996666238 1.26460545857747
18.794999666512 1.27803141276042
18.7999996664003 1.28682874043783
18.8049996662885 1.28198801676432
18.8099996661767 1.25745735168457
18.814999666065 1.23840204874674
18.8199996659532 1.23303476969401
18.8249996658415 1.24102770487467
18.8299996657297 1.25089861551921
18.8349996656179 1.25171190897624
18.8399996655062 1.25207862854004
18.8449996653944 1.24517974853516
18.8499996652827 1.24335289001465
18.8549996651709 1.25222867329915
18.8599996650591 1.25848375956217
18.8649996649474 1.27090835571289
18.8699996648356 1.25667572021484
18.8749996647239 1.24112688700358
18.8799996646121 1.23404413859049
18.8849996645004 1.24178568522135
18.8899996643886 1.24250907897949
18.8949996642768 1.24586079915365
18.8999996641651 1.25792579650879
18.9049996640533 1.26703834533691
18.9099996639416 1.26890741984049
18.9149996638298 1.2646474202474
18.919999663718 1.26303990681966
18.9249996636063 1.26036122639974
18.9299996634945 1.24620819091797
18.9349996633828 1.23694826761882
18.939999663271 1.24490038553874
18.9449996631593 1.26520144144694
18.9499996630475 1.28130137125651
18.9549996629357 1.27043749491374
18.959999662824 1.25666186014811
18.9649996627122 1.25931549072266
18.9699996626005 1.26909840901693
18.9749996624887 1.28980852762858
18.9799996623769 1.29924112955729
18.9849996622652 1.30308151245117
18.9899996621534 1.29694913228353
18.9949996620417 1.27791875203451
18.9999996619299 1.25335248311361
19.0049996618181 1.25171038309733
19.0099996617064 1.25894978841146
19.0149996615946 1.2637877146403
19.0199996614829 1.2644048055013
19.0249996613711 1.26362965901693
19.0299996612594 1.27234395345052
19.0349996611476 1.2838436126709
19.0399996610358 1.29028778076172
19.0449996609241 1.27688687642415
19.0499996608123 1.25492197672526
19.0549996607006 1.25702463785807
19.0599996605888 1.26553446451823
19.064999660477 1.26675160725911
19.0699996603653 1.26377550760905
19.0749996602535 1.2606627146403
19.0799996601418 1.26532885233561
19.08499966003 1.28659528096517
19.0899996599182 1.3035592397054
19.0949996598065 1.29209264119466
19.0999996596947 1.2855842590332
19.104999659583 1.29133097330729
19.1099996594712 1.31717135111491
19.1149996593595 1.33340911865234
19.1199996592477 1.32908668518066
19.1249996591359 1.31998405456543
19.1299996590242 1.31636352539062
19.1349996589124 1.32421658833822
19.1399996588007 1.32098019917806
19.1449996586889 1.29888102213542
19.1499996585771 1.29309069315592
19.1549996584654 1.29713045756022
19.1599996583536 1.2875804901123
19.1649996582419 1.28860677083333
19.1699996581301 1.29979464213053
19.1749996580184 1.30820503234863
19.1799996579066 1.31168149312337
19.1849996577948 1.32212829589844
19.1899996576831 1.32896016438802
19.1949996575713 1.34572639465332
19.1999996574596 1.34704081217448
19.2049996573478 1.34650510152181
19.209999657236 1.34975700378418
19.2149996571243 1.33696886698405
19.2199996570125 1.30703938802083
19.2249996569008 1.28320948282878
19.229999656789 1.26851666768392
19.2349996566772 1.2934440612793
19.2399996565655 1.31231778462728
19.2449996564537 1.3138178507487
19.249999656342 1.3040168762207
19.2549996562302 1.29665807088216
19.2599996561185 1.29391034444173
19.2649996560067 1.28619372049967
19.2699996558949 1.29404284159342
19.2749996557832 1.2980884552002
19.2799996556714 1.30229835510254
19.2849996555597 1.31939709981283
19.2899996554479 1.32174517313639
19.2949996553361 1.31097183227539
19.2999996552244 1.29255612691243
19.3049996551126 1.29500948588053
19.3099996550009 1.29513727823893
19.3149996548891 1.3083257039388
19.3199996547773 1.31905186971029
19.3249996546656 1.32875378926595
19.3299996545538 1.34009284973145
19.3349996544421 1.34720598856608
19.3399996543303 1.33320681254069
19.3449996542186 1.31533686319987
19.3499996541068 1.31543375651042
19.354999653995 1.32053298950195
19.3599996538833 1.327849706014
19.3649996537715 1.31163787841797
19.3699996536598 1.297736231486
19.374999653548 1.2884880065918
19.3799996534362 1.29987589518229
19.3849996533245 1.30904032389323
19.3899996532127 1.32568855285645
19.394999653101 1.35747667948405
19.3999996529892 1.37543347676595
19.4049996528775 1.38455556233724
19.4099996527657 1.37821337381999
19.4149996526539 1.35289370218913
19.4199996525422 1.34228515625
19.4249996524304 1.32359797159831
19.4299996523187 1.33199323018392
19.4349996522069 1.34213994344076
19.4399996520951 1.34237505594889
19.4449996519834 1.34826265970866
19.4499996518716 1.35257619222005
19.4549996517599 1.35541000366211
19.4599996516481 1.36378161112467
19.4649996515363 1.36623560587565
19.4699996514246 1.37687924702962
19.4749996513128 1.38337618509928
19.4799996512011 1.39200350443522
19.4849996510893 1.39700304667155
19.4899996509776 1.39429079691569
19.4949996508658 1.37210108439128
19.499999650754 1.35964940388997
19.5049996506423 1.34807459513346
19.5099996505305 1.35568758646647
19.5149996504188 1.36270116170247
19.519999650307 1.36701189676921
19.5249996501952 1.35770975748698
19.5299996500835 1.34709548950195
19.5349996499717 1.34589665730794
19.53999964986 1.33467280069987
19.5449996497482 1.33821856180827
19.5499996496364 1.35046272277832
19.5549996495247 1.36655871073405
19.5599996494129 1.38873812357585
19.5649996493012 1.39404640197754
19.5699996491894 1.38611946105957
19.5749996490777 1.38368810017904
19.5799996489659 1.37657585144043
19.5849996488541 1.3730785369873
19.5899996487424 1.35069783528646
19.5949996486306 1.3441640218099
19.5999996485189 1.34494120279948
19.6049996484071 1.35668029785156
19.6099996482953 1.36557133992513
19.6149996481836 1.35132916768392
19.6199996480718 1.3381778717041
19.6249996479601 1.32247645060221
19.6299996478483 1.31878153483073
19.6349996477365 1.34391161600749
19.6399996476248 1.36225001017253
19.644999647513 1.36982905069987
19.6499996474013 1.37997360229492
19.6549996472895 1.37232309977214
19.6599996471778 1.36317888895671
19.664999647066 1.35047327677409
19.6699996469542 1.3379711151123
19.6749996468425 1.33284352620443
19.6799996467307 1.33474337259928
19.684999646619 1.35635274251302
19.6899996465072 1.37304878234863
19.6949996463954 1.37442932128906
19.6999996462837 1.37086219787598
19.7049996461719 1.37257715861003
19.7099996460602 1.38592898050944
19.7149996459484 1.36845766703288
19.7199996458367 1.36710573832194
19.7249996457249 1.37308082580566
19.7299996456131 1.38046340942383
19.7349996455014 1.37834663391113
19.7399996453896 1.36634165445964
19.7449996452779 1.35883496602376
19.7499996451661 1.35970344543457
19.7549996450543 1.36563390096029
19.7599996449426 1.36916618347168
19.7649996448308 1.36134478251139
19.7699996447191 1.34437828063965
19.7749996446073 1.33529624938965
19.7799996444955 1.34709866841634
19.7849996443838 1.35938059488932
19.789999644272 1.36747970581055
19.7949996441603 1.38164354960124
19.7999996440485 1.40659573872884
19.8049996439368 1.43402989705404
19.809999643825 1.42056032816569
19.8149996437132 1.39383989969889
19.8199996436015 1.39237912495931
19.8249996434897 1.40468190511068
19.829999643378 1.41057904561361
19.8349996432662 1.410498046875
19.8399996431544 1.41554857889811
19.8449996430427 1.41775919596354
19.8499996429309 1.43123029073079
19.8549996428192 1.43604278564453
19.8599996427074 1.42050921122233
19.8649996425956 1.39485079447428
19.8699996424839 1.39681015014648
19.8749996423721 1.41530736287435
19.8799996422604 1.43400230407715
19.8849996421486 1.41816800435384
19.8899996420369 1.40462176005046
19.8949996419251 1.41962649027507
19.8999996418133 1.42291425069173
19.9049996417016 1.4127799987793
19.9099996415898 1.40707995096842
19.9149996414781 1.40521443684896
19.9199996413663 1.40507405598958
19.9249996412545 1.38940976460775
19.9299996411428 1.36196352640788
19.934999641031 1.35425872802734
19.9399996409193 1.36221872965495
19.9449996408075 1.37292162577311
19.9499996406958 1.38081232706706
19.954999640584 1.38710250854492
19.9599996404722 1.39234441121419
19.9649996403605 1.37956937154134
19.9699996402487 1.38915417989095
19.974999640137 1.40373318990072
19.9799996400252 1.40799967447917
19.9849996399134 1.40628051757813
19.9899996398017 1.39013379414876
19.9949996396899 1.39009908040365
19.9999996395782 1.40858497619629
20.0049996394664 1.40439796447754
20.0099996393546 1.41510492960612
20.0149996392429 1.41359977722168
20.0199996391311 1.40878016153971
20.0249996390194 1.40631281534831
20.0299996389076 1.39194819132487
20.0349996387959 1.39151980082194
20.0399996386841 1.39730072021484
20.0449996385723 1.39028739929199
20.0499996384606 1.39782129923503
20.0549996383488 1.42549209594727
20.0599996382371 1.42825609842936
20.0649996381253 1.4234011332194
20.0699996380135 1.40837465922038
20.0749996379018 1.40398852030436
20.07999963779 1.3985232035319
20.0849996376783 1.39018898010254
20.0899996375665 1.39327100118001
20.0949996374547 1.40349985758464
20.099999637343 1.4102175394694
20.1049996372312 1.39863510131836
20.1099996371195 1.40318183898926
20.1149996370077 1.4058900197347
20.119999636896 1.41139500935872
20.1249996367842 1.3904244740804
20.1299996366724 1.37782440185547
20.1349996365607 1.37522303263346
20.1399996364489 1.3935312906901
20.1449996363372 1.40701599121094
20.1499996362254 1.41310704549154
20.1549996361136 1.41231104532878
20.1599996360019 1.41178347269694
20.1649996358901 1.40404268900553
20.1699996357784 1.39226404825846
20.1749996356666 1.4071949005127
20.1799996355549 1.43546422322591
20.1849996354431 1.44358520507813
20.1899996353313 1.44940795898437
20.1949996352196 1.43715565999349
20.1999996351078 1.43813540140788
20.2049996349961 1.44248987833659
20.2099996348843 1.43653386433919
20.2149996347725 1.44169133504232
20.2199996346608 1.43472239176432
20.224999634549 1.43559837341309
20.2299996344373 1.42184359232585
20.2349996343255 1.40525309244792
20.2399996342137 1.4015074412028
20.244999634102 1.40469614664714
20.2499996339902 1.40188687642415
20.2549996338785 1.41058731079102
20.2599996337667 1.40474103291829
20.264999633655 1.41060511271159
20.2699996335432 1.42674280802409
20.2749996334314 1.42985992431641
20.2799996333197 1.43418858846029
20.2849996332079 1.4354746500651
20.2899996330962 1.43722483317057
20.2949996329844 1.43450177510579
20.2999996328726 1.44491526285807
20.3049996327609 1.46045748392741
20.3099996326491 1.47371813456217
20.3149996325374 1.47428181966146
20.3199996324256 1.46969159444173
20.3249996323138 1.46330528259277
20.3299996322021 1.45290158589681
20.3349996320903 1.44886703491211
20.3399996319786 1.44396998087565
20.3449996318668 1.46355692545573
20.3499996317551 1.46395606994629
20.3549996316433 1.45753809611003
20.3599996315315 1.44397659301758
20.3649996314198 1.44651298522949
20.369999631308 1.4498716990153
20.3749996311963 1.45746409098307
20.3799996310845 1.46460405985514
20.3849996309727 1.4774782816569
20.389999630861 1.48009351094564
20.3949996307492 1.46413167317708
20.3999996306375 1.45854339599609
20.4049996305257 1.47169761657715
20.4099996304139 1.47316207885742
20.4149996303022 1.46780484517415
20.4199996301904 1.46433919270833
20.4249996300787 1.45535634358724
20.4299996299669 1.4474250793457
20.4349996298552 1.4383046468099
20.4399996297434 1.42157122294108
20.4449996296316 1.41910400390625
20.4499996295199 1.42486000061035
20.4549996294081 1.43115386962891
20.4599996292964 1.43743464152018
20.4649996291846 1.45171203613281
20.4699996290728 1.45632019042969
20.4749996289611 1.45668538411458
20.4799996288493 1.44978802998861
20.4849996287376 1.4352544148763
20.4899996286258 1.42936274210612
20.4949996285141 1.42332038879395
20.4999996284023 1.42640609741211
20.5049996282905 1.43878110249837
20.5099996281788 1.4483580271403
20.514999628067 1.45562286376953
20.5199996279553 1.45959053039551
20.5249996278435 1.46496391296387
20.5299996277317 1.47503306070964
20.53499962762 1.4712350209554
20.5399996275082 1.47035776774089
20.5449996273965 1.47181129455566
20.5499996272847 1.47368672688802
20.5549996271729 1.47313499450684
20.5599996270612 1.46614214579264
20.5649996269494 1.46870613098145
20.5699996268377 1.47616488138835
20.5749996267259 1.47612864176432
20.5799996266142 1.46735293070475
20.5849996265024 1.4620911916097
20.5899996263906 1.46635195414225
20.5949996262789 1.49721755981445
20.5999996261671 1.50938453674316
20.6049996260554 1.49436937967936
20.6099996259436 1.47903912862142
20.6149996258318 1.47744026184082
20.6199996257201 1.49130528767904
20.6249996256083 1.50022087097168
20.6299996254966 1.48721974690755
20.6349996253848 1.4661439259847
20.639999625273 1.46252988179525
20.6449996251613 1.47691268920898
20.6499996250495 1.49956932067871
20.6549996249378 1.51660664876302
20.659999624826 1.50983479817708
20.6649996247143 1.48423589070638
20.6699996246025 1.4573050181071
20.6749996244907 1.43844935099284
20.679999624379 1.43104146321615
20.6849996242672 1.41950263977051
20.6899996241555 1.41423950195313
20.6949996240437 1.41811587015788
20.6999996239319 1.43533999125163
20.7049996238202 1.45863965352376
20.7099996237084 1.47248547871908
20.7149996235967 1.48934580485026
20.7199996234849 1.48699785868327
20.7249996233732 1.48450495402018
20.7299996232614 1.46641362508138
20.7349996231496 1.47094217936198
20.7399996230379 1.4956246693929
20.7449996229261 1.50279248555501
20.7499996228144 1.48453674316406
20.7549996227026 1.46892127990723
20.7599996225908 1.47501614888509
20.7649996224791 1.48336029052734
20.7699996223673 1.49958966573079
20.7749996222556 1.50012041727702
20.7799996221438 1.48640886942546
20.784999622032 1.4571044921875
20.7899996219203 1.44203516642253
20.7949996218085 1.44261233011882
20.7999996216968 1.46251678466797
20.804999621585 1.47717272440592
20.8099996214733 1.47430559794108
20.8149996213615 1.47464981079102
20.8199996212497 1.46216659545898
20.824999621138 1.44893760681152
20.8299996210262 1.44788258870443
20.8349996209145 1.45464617411296
20.8399996208027 1.47268180847168
20.8449996206909 1.4737611134847
20.8499996205792 1.47515309651693
20.8549996204674 1.47281901041667
20.8599996203557 1.4730416615804
20.8649996202439 1.48628946940104
20.8699996201321 1.49403063456217
20.8749996200204 1.48217951456706
20.8799996199086 1.46858851114909
20.8849996197969 1.46840947469076
20.8899996196851 1.49152552286784
20.8949996195734 1.51358896891276
20.8999996194616 1.52229232788086
20.9049996193498 1.52423044840495
20.9099996192381 1.52094027201335
20.9149996191263 1.52150917053223
20.9199996190146 1.48903592427572
20.9249996189028 1.4640817006429
20.929999618791 1.4515069325765
20.9349996186793 1.43614374796549
20.9399996185675 1.44161198933919
20.9449996184558 1.43522109985352
20.949999618344 1.44695320129395
20.9549996182323 1.47602119445801
20.9599996181205 1.48034477233887
20.9649996180087 1.47905387878418
20.969999617897 1.4707202911377
20.9749996177852 1.48389447530111
20.9799996176735 1.50239766438802
20.9849996175617 1.5166561126709
20.9899996174499 1.51786931355794
20.9949996173382 1.50030530293783
20.9999996172264 1.48465779622396
21.0049996171147 1.49271481831868
21.0099996170029 1.50698941548665
21.0149996168911 1.51072947184245
21.0199996167794 1.50893058776855
21.0249996166676 1.49423675537109
21.0299996165559 1.48575032552083
21.0349996164441 1.47342427571615
21.0399996163324 1.4567751566569
21.0449996162206 1.44964065551758
21.0499996161088 1.45551643371582
21.0549996159971 1.4568307240804
21.0599996158853 1.45925509134928
21.0649996157736 1.46325569152832
21.0699996156618 1.4779354095459
21.07499961555 1.4885737101237
21.0799996154383 1.48964970906576
21.0849996153265 1.4859250386556
21.0899996152148 1.48322054545085
21.094999615103 1.48361511230469
21.0999996149912 1.49309743245443
21.1049996148795 1.51652526855469
21.1099996147677 1.52594579060872
21.114999614656 1.51648228963216
21.1199996145442 1.48106803894043
21.1249996144325 1.45469284057617
21.1299996143207 1.46216417948405
21.1349996142089 1.47515576680501
21.1399996140972 1.47386042277018
21.1449996139854 1.48445650736491
21.1499996138737 1.48989550272624
21.1549996137619 1.49652048746745
21.1599996136501 1.49877128601074
21.1649996135384 1.48583742777507
21.1699996134266 1.49700876871745
21.1749996133149 1.50927314758301
21.1799996132031 1.51924641927083
21.1849996130914 1.51860338846842
21.1899996129796 1.52136268615723
21.1949996128678 1.51671206156413
21.1999996127561 1.51789474487305
21.2049996126443 1.51157290140788
21.2099996125326 1.52041816711426
21.2149996124208 1.52269706726074
21.219999612309 1.52084032694499
21.2249996121973 1.50641250610352
21.2299996120855 1.50277417500814
21.2349996119738 1.50063171386719
21.239999611862 1.51802889506022
21.2449996117502 1.52246831258138
21.2499996116385 1.53173217773438
21.2549996115267 1.53469454447428
21.259999611415 1.52277768452962
21.2649996113032 1.50464286804199
21.2699996111915 1.48593940734863
21.2749996110797 1.47645034790039
21.2799996109679 1.48226674397786
21.2849996108562 1.48136444091797
21.2899996107444 1.48364473978678
21.2949996106327 1.48030853271484
21.2999996105209 1.48430926005046
21.3049996104091 1.4828556060791
21.3099996102974 1.47460619608561
21.3149996101856 1.45184758504232
21.3199996100739 1.43539263407389
21.3249996099621 1.44750556945801
21.3299996098503 1.46226946512858
21.3349996097386 1.4721996307373
21.3399996096268 1.48122901916504
21.3449996095151 1.50159695943197
21.3499996094033 1.53295466105143
21.3549996092916 1.52626889546712
21.3599996091798 1.52021408081055
21.364999609068 1.50420379638672
21.3699996089563 1.50023612976074
21.3749996088445 1.50502815246582
21.3799996087328 1.5076239267985
21.384999608621 1.52438227335612
21.3899996085092 1.53211352030436
21.3949996083975 1.53155123392741
21.3999996082857 1.51614557902018
21.404999608174 1.49980252583822
21.4099996080622 1.4689505259196
21.4149996079504 1.45037485758464
21.4199996078387 1.44584821065267
21.4249996077269 1.45600280761719
21.4299996076152 1.47120208740234
21.4349996075034 1.4774606068929
21.4399996073917 1.46762034098307
21.4449996072799 1.4655943552653
21.4499996071681 1.46466967264811
21.4549996070564 1.46395746866862
21.4599996069446 1.48757578531901
21.4649996068329 1.51532999674479
21.4699996067211 1.52965469360352
21.4749996066093 1.5310494740804
21.4799996064976 1.51765556335449
21.4849996063858 1.51907132466634
21.4899996062741 1.52759946187337
21.4949996061623 1.51710319519043
21.4999996060506 1.5156010945638
21.5049996059388 1.50433934529622
21.509999605827 1.50806516011556
21.5149996057153 1.50300547281901
21.5199996056035 1.47961438496908
21.5249996054918 1.4602466583252
21.52999960538 1.46017163594564
21.5349996052682 1.46199111938477
21.5399996051565 1.46170082092285
21.5449996050447 1.45226275126139
21.549999604933 1.43608004252116
21.5549996048212 1.44964485168457
21.5599996047094 1.46674257914225
21.5649996045977 1.47616742451986
21.5699996044859 1.47121111551921
21.5749996043742 1.45312678019206
21.5799996042624 1.45465939839681
21.5849996041507 1.46649754842122
21.5899996040389 1.47639846801758
21.5949996039271 1.47280108133952
21.5999996038154 1.46196746826172
21.6049996037036 1.45698903401693
21.6099996035919 1.46556307474772
21.6149996034801 1.47504857381185
21.6199996033683 1.48326072692871
21.6249996032566 1.48159243265788
21.6299996031448 1.49227180480957
21.6349996030331 1.50473429361979
21.6399996029213 1.52392374674479
21.6449996028095 1.54032122294108
21.6499996026978 1.53715883890788
21.654999602586 1.53270123799642
21.6599996024743 1.52615063985189
21.6649996023625 1.53012669881185
21.6699996022508 1.53835678100586
21.674999602139 1.5409922281901
21.6799996020272 1.53998730977376
21.6849996019155 1.53155784606934
21.6899996018037 1.5269832611084
21.694999601692 1.51814549763997
21.6999996015802 1.52118759155273
21.7049996014684 1.5371083577474
21.7099996013567 1.56039975484212
21.7149996012449 1.58092155456543
21.7199996011332 1.56753514607747
21.7249996010214 1.54630406697591
21.7299996009097 1.51725044250488
21.7349996007979 1.50528577168783
21.7399996006861 1.49713033040365
21.7449996005744 1.49148228963216
21.7499996004626 1.48365287780762
21.7549996003509 1.49156926472982
21.7599996002391 1.50126724243164
21.7649996001273 1.51147181193034
21.7699996000156 1.5194096883138
21.7749995999038 1.51606585184733
21.7799995997921 1.53303082784017
21.7849995996803 1.53788731892904
21.7899995995685 1.53410390218099
21.7949995994568 1.516765721639
21.799999599345 1.51663284301758
21.8049995992333 1.52981211344401
21.8099995991215 1.54908536275228
21.8149995990098 1.53496805826823
21.819999598898 1.5139170328776
21.8249995987862 1.5059087117513
21.8299995986745 1.48643557230632
21.8349995985627 1.47598164876302
21.839999598451 1.47452189127604
21.8449995983392 1.47654342651367
21.8499995982274 1.49589958190918
21.8549995981157 1.5152172088623
21.8599995980039 1.53727722167969
21.8649995978922 1.55117632548014
21.8699995977804 1.54746958414714
21.8749995976686 1.54381980895996
21.8799995975569 1.53305524190267
21.8849995974451 1.5177370707194
21.8899995973334 1.51063410441081
21.8949995972216 1.52496681213379
21.8999995971099 1.53307965596517
21.9049995969981 1.54542655944824
21.9099995968863 1.53217137654622
21.9149995967746 1.5193239847819
21.9199995966628 1.51012357076009
21.9249995965511 1.48904139200846
21.9299995964393 1.45738830566406
21.9349995963275 1.44401741027832
21.9399995962158 1.4513724009196
21.944999596104 1.47633717854818
21.9499995959923 1.48408915201823
21.9549995958805 1.47729174296061
21.9599995957688 1.47081680297852
21.964999595657 1.47446695963542
21.9699995955452 1.4815975189209
21.9749995954335 1.48871256510417
21.9799995953217 1.50549087524414
21.98499959521 1.51288045247396
21.9899995950982 1.51293703715007
21.9949995949864 1.52327639261882
21.9999995948747 1.52312889099121
22.0049995947629 1.52054430643717
22.0099995946512 1.5007438659668
22.0149995945394 1.49123344421387
22.0199995944276 1.47726224263509
22.0249995943159 1.47398325602214
22.0299995942041 1.46501502990723
22.0349995940924 1.45869344075521
22.0399995939806 1.45553970336914
22.0449995938689 1.47655334472656
22.0499995937571 1.49839986165365
22.0549995936453 1.49118906656901
22.0599995935336 1.4710319519043
22.0649995934218 1.46619135538737
22.0699995933101 1.46641667683919
22.0749995931983 1.46453539530436
22.0799995930865 1.46655578613281
22.0849995929748 1.46796391805013
22.089999592863 1.47067934672038
22.0949995927513 1.4672799428304
22.0999995926395 1.45999285380046
22.1049995925277 1.46376101175944
22.109999592416 1.46844444274902
22.1149995923042 1.46020774841309
22.1199995921925 1.45225677490234
22.1249995920807 1.45007489522298
22.129999591969 1.45924301147461
22.1349995918572 1.46882743835449
22.1399995917454 1.4718313852946
22.1449995916337 1.48044929504395
22.1499995915219 1.50199534098307
22.1549995914102 1.513005956014
22.1599995912984 1.51311442057292
22.1649995911866 1.49885711669922
22.1699995910749 1.50496304829915
22.1749995909631 1.50909767150879
22.1799995908514 1.50880088806152
22.1849995907396 1.50431378682454
22.1899995906278 1.5088794708252
22.1949995905161 1.51759516398112
22.1999995904043 1.52630475362142
22.2049995902926 1.53274091084798
22.2099995901808 1.51497662862142
22.2149995900691 1.49223976135254
22.2199995899573 1.48232383728027
22.2249995898455 1.48925514221191
22.2299995897338 1.50214487711589
22.234999589622 1.50296859741211
22.2399995895103 1.50081392923991
22.2449995893985 1.48578058878581
22.2499995892867 1.47285168965658
22.254999589175 1.46096509297689
22.2599995890632 1.46010106404622
22.2649995889515 1.46661720275879
22.2699995888397 1.46847788492839
22.274999588728 1.47266311645508
22.2799995886162 1.47956860860189
22.2849995885044 1.47878634134928
22.2899995883927 1.47818171183268
22.2949995882809 1.46163279215495
22.2999995881692 1.43964398701986
22.3049995880574 1.42239850362142
22.3099995879456 1.42373530069987
22.3149995878339 1.4555544535319
22.3199995877221 1.47595380147298
22.3249995876104 1.47212893168132
22.3299995874986 1.46709734598796
22.3349995873868 1.46245244344076
22.3399995872751 1.4509272257487
22.3449995871633 1.44623057047526
22.3499995870516 1.45081278483073
22.3549995869398 1.46522013346354
22.3599995868281 1.47881991068522
22.3649995867163 1.48474413553874
22.3699995866045 1.48952255249023
22.3749995864928 1.49820747375488
22.379999586381 1.4964791615804
22.3849995862693 1.48094660441081
22.3899995861575 1.47439765930176
22.3949995860457 1.46098658243815
22.399999585934 1.46634991963704
22.4049995858222 1.47113571166992
22.4099995857105 1.48021990458171
22.4149995855987 1.48426742553711
22.4199995854869 1.47731628417969
22.4249995853752 1.48505249023437
22.4299995852634 1.48994077046712
22.4349995851517 1.48390833536784
22.4399995850399 1.46686070760091
22.4449995849282 1.45621439615885
22.4499995848164 1.46662419637044
22.4549995847046 1.47564633687337
22.4599995845929 1.47287279764811
22.4649995844811 1.47753105163574
22.4699995843694 1.47453117370605
22.4749995842576 1.46497421264648
22.4799995841458 1.45538228352865
22.4849995840341 1.45621808369954
22.4899995839223 1.46284421284993
22.4949995838106 1.47509613037109
22.4999995836988 1.47901852925618
22.5049995835871 1.49029490152995
22.5099995834753 1.51253382364909
22.5149995833635 1.53130378723145
22.5199995832518 1.53720092773438
22.52499958314 1.53039410909017
22.5299995830283 1.52373212178548
22.5349995829165 1.50382219950358
22.5399995828047 1.50210736592611
22.544999582693 1.5098622639974
22.5499995825812 1.52152239481608
22.5549995824695 1.53972040812174
22.5599995823577 1.53717130025228
22.5649995822459 1.538298924764
22.5699995821342 1.54299112955729
22.5749995820224 1.54035428365072
22.5799995819107 1.5225399017334
22.5849995817989 1.51349983215332
22.5899995816872 1.50951156616211
22.5949995815754 1.51047045389811
22.5999995814636 1.50223223368327
22.6049995813519 1.48822644551595
22.6099995812401 1.4804079691569
22.6149995811284 1.47818336486816
22.6199995810166 1.48321965535482
22.6249995809048 1.47820866902669
22.6299995807931 1.48670374552409
22.6349995806813 1.47684987386068
22.6399995805696 1.47322107950846
22.6449995804578 1.46796035766602
22.649999580346 1.46945292154948
22.6549995802343 1.46732622782389
22.6599995801225 1.46257095336914
22.6649995800108 1.45569229125977
22.669999579899 1.44198506673177
22.6749995797873 1.43541717529297
22.6799995796755 1.45130157470703
22.6849995795637 1.46830342610677
22.689999579452 1.47721875508626
22.6949995793402 1.47723350524902
22.6999995792285 1.47358652750651
22.7049995791167 1.46987228393555
22.7099995790049 1.46540056864421
22.7149995788932 1.45550244649251
22.7199995787814 1.44865125020345
22.7249995786697 1.44918924967448
22.7299995785579 1.44664243062337
22.7349995784462 1.44240735371908
22.7399995783344 1.45223503112793
22.7449995782226 1.46556650797526
22.7499995781109 1.4899538675944
22.7549995779991 1.49160766601563
22.7599995778874 1.48055470784505
22.7649995777756 1.45976804097493
22.7699995776638 1.45114097595215
22.7749995775521 1.43069318135579
22.7799995774403 1.4328545888265
22.7849995773286 1.44186426798503
22.7899995772168 1.43603579203288
22.794999577105 1.4386157989502
22.7999995769933 1.41566047668457
22.8049995768815 1.40917803446452
22.8099995767698 1.42059796651204
22.814999576658 1.43863067626953
22.8199995765463 1.45687090555827
22.8249995764345 1.46966946919759
22.8299995763227 1.47508900960286
22.834999576211 1.48114585876465
22.8399995760992 1.49155286153158
22.8449995759875 1.4905221303304
22.8499995758757 1.4954771677653
22.8549995757639 1.500847752889
22.8599995756522 1.48425369262695
22.8649995755404 1.45796381632487
22.8699995754287 1.42863566080729
22.8749995753169 1.42945925394694
22.8799995752051 1.44444020589193
22.8849995750934 1.46231803894043
22.8899995749816 1.45563265482585
22.8949995748699 1.45080579121908
22.8999995747581 1.45472780863444
22.9049995746464 1.46258010864258
22.9099995745346 1.45155512491862
22.9149995744228 1.43920682271322
22.9199995743111 1.4234489440918
22.9249995741993 1.42624499003092
22.9299995740876 1.43171641031901
22.9349995739758 1.43031349182129
22.939999573864 1.43551228841146
22.9449995737523 1.4365712483724
22.9499995736405 1.42532157897949
22.9549995735288 1.41947682698568
22.959999573417 1.41033999125163
22.9649995733052 1.42730763753255
22.9699995731935 1.43768920898437
22.9749995730817 1.43841272989909
22.97999957297 1.44516334533691
22.9849995728582 1.4419199625651
22.9899995727465 1.44283599853516
22.9949995726347 1.4428965250651
22.9999995725229 1.43817927042643
23.0049995724112 1.44108823140462
23.0099995722994 1.47126057942708
23.0149995721877 1.48540115356445
23.0199995720759 1.48400955200195
23.0249995719641 1.48469607035319
23.0299995718524 1.47122090657552
23.0349995717406 1.46782722473145
23.0399995716289 1.47444229125977
23.0449995715171 1.47309137980143
23.0499995714054 1.46712277730306
23.0549995712936 1.47019538879395
23.0599995711818 1.45705337524414
23.0649995710701 1.439337793986
23.0699995709583 1.42400983174642
23.0749995708466 1.41304817199707
23.0799995707348 1.42473742167155
23.084999570623 1.43514582316081
23.0899995705113 1.4473518371582
23.0949995703995 1.43689982096354
23.0999995702878 1.42481422424316
23.104999570176 1.42690620422363
23.1099995700642 1.43759129842122
23.1149995699525 1.45335388183594
23.1199995698407 1.45929044087728
23.124999569729 1.46471939086914
23.1299995696172 1.47518183390299
23.1349995695055 1.47042579650879
23.1399995693937 1.4651559193929
23.1449995692819 1.46666730244954
23.1499995691702 1.46343536376953
23.1549995690584 1.44371859232585
23.1599995689467 1.41905644734701
23.1649995688349 1.40317726135254
23.1699995687231 1.39489199320475
23.1749995686114 1.38548177083333
23.1799995684996 1.38193829854329
23.1849995683879 1.37542432149251
23.1899995682761 1.40150718688965
23.1949995681643 1.41950340270996
23.1999995680526 1.43927536010742
23.2049995679408 1.44785168965658
23.2099995678291 1.46057459513346
23.2149995677173 1.44295794169108
23.2199995676056 1.43570264180501
23.2249995674938 1.43297119140625
23.229999567382 1.43167037963867
23.2349995672703 1.4208620707194
23.2399995671585 1.4138796488444
23.2449995670468 1.40990180969238
23.249999566935 1.40981470743815
23.2549995668232 1.41338043212891
23.2599995667115 1.42083880106608
23.2649995665997 1.43178507486979
23.269999566488 1.42742004394531
23.2749995663762 1.4143985748291
23.2799995662645 1.4011168162028
23.2849995661527 1.3815928141276
23.2899995660409 1.39250946044922
23.2949995659292 1.41820411682129
23.2999995658174 1.43847198486328
23.3049995657057 1.4531499226888
23.3099995655939 1.46643981933594
23.3149995654821 1.47409833272298
23.3199995653704 1.47776006062826
23.3249995652586 1.46584676106771
23.3299995651469 1.44650166829427
23.3349995650351 1.43448206583659
23.3399995649233 1.41081581115723
23.3449995648116 1.37671775817871
23.3499995646998 1.37454833984375
23.3549995645881 1.3789613087972
23.3599995644763 1.38199628194173
23.3649995643646 1.38591588338216
23.3699995642528 1.38966077168783
23.374999564141 1.39859212239583
23.3799995640293 1.39512456258138
23.3849995639175 1.37811406453451
23.3899995638058 1.38216323852539
23.394999563694 1.40108413696289
23.3999995635822 1.4298350016276
23.4049995634705 1.44105707804362
23.4099995633587 1.4377690633138
23.414999563247 1.42790387471517
23.4199995631352 1.42175318400065
23.4249995630234 1.42638969421387
23.4299995629117 1.42295608520508
23.4349995627999 1.41106313069661
23.4399995626882 1.39401639302572
23.4449995625764 1.38777923583984
23.4499995624647 1.39525095621745
23.4549995623529 1.40029296875
23.4599995622411 1.38959261576335
23.4649995621294 1.38920389811198
23.4699995620176 1.37996889750163
23.4749995619059 1.38825429280599
23.4799995617941 1.39143676757812
23.4849995616823 1.38753890991211
23.4899995615706 1.3885737101237
23.4949995614588 1.40013465881348
23.4999995613471 1.41164868672689
23.5049995612353 1.41837984720866
23.5099995611236 1.44241078694661
23.5149995610118 1.46122016906738
23.5199995609 1.4642946879069
23.5249995607883 1.45335121154785
23.5299995606765 1.43429183959961
23.5349995605648 1.43238169352214
23.539999560453 1.43950182596842
23.5449995603412 1.43039970397949
23.5499995602295 1.42560920715332
23.5549995601177 1.4241086324056
23.559999560006 1.43816617329915
23.5649995598942 1.45633532206217
23.5699995597824 1.45772806803385
23.5749995596707 1.4431640625
23.5799995595589 1.41675796508789
23.5849995594472 1.39689648946126
23.5899995593354 1.39075495402018
23.5949995592237 1.40747350056966
23.5999995591119 1.4307315826416
23.6049995590001 1.44411862691243
23.6099995588884 1.45246225992839
23.6149995587766 1.46073315938314
23.6199995586649 1.47444737752279
23.6249995585531 1.47934430440267
23.6299995584413 1.45514806111654
23.6349995583296 1.42232653299967
23.6399995582178 1.40464210510254
23.6449995581061 1.40516713460286
23.6499995579943 1.40506871541341
23.6549995578825 1.41535110473633
23.6599995577708 1.42232856750488
23.664999557659 1.4103769938151
23.6699995575473 1.38196436564128
23.6749995574355 1.36465352376302
23.6799995573238 1.35653800964355
23.684999557212 1.35480473836263
23.6899995571002 1.35147082010905
23.6949995569885 1.36208318074544
23.6999995568767 1.38173166910807
23.704999556765 1.38464571634928
23.7099995566532 1.37761459350586
23.7149995565414 1.38098297119141
23.7199995564297 1.38102149963379
23.7249995563179 1.3870107014974
23.7299995562062 1.39002749125163
23.7349995560944 1.37208836873372
23.7399995559826 1.35118471781413
23.7449995558709 1.32820663452148
23.7499995557591 1.32624282836914
23.7549995556474 1.35120569864909
23.7599995555356 1.37643191019694
23.7649995554239 1.38981285095215
23.7699995553121 1.38884023030599
23.7749995552003 1.37189687093099
23.7799995550886 1.37036908467611
23.7849995549768 1.37024230957031
23.7899995548651 1.38606541951497
23.7949995547533 1.3841480255127
23.7999995546415 1.38767522176107
23.8049995545298 1.3862003326416
23.809999554418 1.37740872701009
23.8149995543063 1.34721132914225
23.8199995541945 1.33919499715169
23.8249995540828 1.33693758646647
23.829999553971 1.35358047485352
23.8349995538592 1.3617062886556
23.8399995537475 1.36403274536133
23.8449995536357 1.35691324869792
23.849999553524 1.33985137939453
23.8549995534122 1.32563819885254
23.8599995533004 1.32732899983724
23.8649995531887 1.33460731506348
23.8699995530769 1.34032427469889
23.8749995529652 1.34535268147786
23.8799995528534 1.35729433695475
23.8849995527416 1.37510706583659
23.8899995526299 1.37846132914225
23.8949995525181 1.37458572387695
23.8999995524064 1.37497965494792
23.9049995522946 1.38607813517253
23.9099995521829 1.38645757039388
23.9149995520711 1.37855733235677
23.9199995519593 1.36146672566732
23.9249995518476 1.36555341084798
23.9299995517358 1.38462778727214
23.9349995516241 1.39277661641439
23.9399995515123 1.4080202738444
23.9449995514005 1.40822118123372
23.9499995512888 1.40373229980469
23.954999551177 1.39196166992188
23.9599995510653 1.38048896789551
23.9649995509535 1.38361384073893
23.9699995508417 1.38201103210449
23.97499955073 1.37121302286784
23.9799995506182 1.35280990600586
23.9849995505065 1.35071919759115
23.9899995503947 1.34032287597656
23.994999550283 1.3251225789388
23.9999995501712 1.31737848917643
24.0049995500594 1.31536738077799
24.0099995499477 1.33191757202148
24.0149995498359 1.33937441507975
24.0199995497242 1.3555960337321
24.0249995496124 1.37044855753581
24.0299995495006 1.38045870463053
24.0349995493889 1.3811164855957
24.0399995492771 1.36371358235677
24.0449995491654 1.35435447692871
24.0499995490536 1.35767618815104
24.0549995489419 1.35721295674642
24.0599995488301 1.36441815694173
24.0649995487183 1.36875139872233
24.0699995486066 1.37204144795736
24.0749995484948 1.39820849100749
24.0799995483831 1.40791816711426
24.0849995482713 1.41283899943034
24.0899995481595 1.41452598571777
24.0949995480478 1.40244420369466
24.099999547936 1.38656145731608
24.1049995478243 1.37449264526367
24.1099995477125 1.36278076171875
24.1149995476007 1.34213638305664
24.119999547489 1.33819414774577
24.1249995473772 1.3486083984375
24.1299995472655 1.36917203267415
24.1349995471537 1.3987434387207
24.139999547042 1.40670064290365
24.1449995469302 1.40698839823405
24.1499995468184 1.40259768168132
24.1549995467067 1.38138097127279
24.1599995465949 1.37623481750488
24.1649995464832 1.35706736246745
24.1699995463714 1.35429916381836
24.1749995462596 1.35842170715332
24.1799995461479 1.35246047973633
24.1849995460361 1.35811030069987
24.1899995459244 1.35126164754232
24.1949995458126 1.34250933329264
24.1999995457008 1.33456293741862
24.2049995455891 1.32170600891113
24.2099995454773 1.33191566467285
24.2149995453656 1.35456199645996
24.2199995452538 1.36470108032227
24.2249995451421 1.36047019958496
24.2299995450303 1.34666951497396
24.2349995449185 1.34522336324056
24.2399995448068 1.35246047973633
24.244999544695 1.35820134480794
24.2499995445833 1.36970850626628
24.2549995444715 1.35906372070313
24.2599995443597 1.36546312967936
24.264999544248 1.36862487792969
24.2699995441362 1.37573496500651
24.2749995440245 1.36600443522135
24.2799995439127 1.36802520751953
24.284999543801 1.35967292785645
24.2899995436892 1.35073521931966
24.2949995435774 1.32212753295898
24.2999995434657 1.29463628133138
24.3049995433539 1.28008524576823
24.3099995432422 1.28226610819499
24.3149995431304 1.2913569132487
24.3199995430186 1.31361745198568
24.3249995429069 1.32129185994466
24.3299995427951 1.32413851420085
24.3349995426834 1.32697270711263
24.3399995425716 1.31662902832031
24.3449995424598 1.30991808573405
24.3499995423481 1.31023763020833
24.3549995422363 1.33166007995605
24.3599995421246 1.34393768310547
24.3649995420128 1.35213940938314
24.3699995419011 1.34495429992676
24.3749995417893 1.33036130269368
24.3799995416775 1.31775436401367
24.3849995415658 1.31238975524902
24.389999541454 1.31810366312663
24.3949995413423 1.33195241292318
24.3999995412305 1.3365426381429
24.4049995411187 1.33881899515788
24.409999541007 1.34173596700033
24.4149995408952 1.3416020711263
24.4199995407835 1.31630884806315
24.4249995406717 1.30004081726074
24.4299995405599 1.31196886698405
24.4349995404482 1.32658704121908
24.4399995403364 1.32624359130859
24.4449995402247 1.32818565368652
24.4499995401129 1.33003896077474
24.4549995400012 1.32464421590169
24.4599995398894 1.31870574951172
24.4649995397776 1.30970255533854
24.4699995396659 1.31104113260905
24.4749995395541 1.31749407450358
24.4799995394424 1.31186269124349
24.4849995393306 1.31365623474121
24.4899995392188 1.32043711344401
24.4949995391071 1.33284479777018
24.4999995389953 1.35353991190592
24.5049995388836 1.36158243815104
24.5099995387718 1.35656649271647
24.51499953866 1.33238461812337
24.5199995385483 1.32419255574544
24.5249995384365 1.31941388448079
24.5299995383248 1.32437515258789
24.534999538213 1.33829485575358
24.5399995381013 1.35040219624837
24.5449995379895 1.35384915669759
24.5499995378777 1.34328028361003
24.554999537766 1.33121503194173
24.5599995376542 1.32612215677897
24.5649995375425 1.323663965861
24.5699995374307 1.30479863484701
24.5749995373189 1.29431470235189
24.5799995372072 1.29027951558431
24.5849995370954 1.29075889587402
24.5899995369837 1.3044314066569
24.5949995368719 1.31164423624674
24.5999995367602 1.31743011474609
24.6049995366484 1.31882629394531
24.6099995365366 1.3092825571696
24.6149995364249 1.30151799519857
24.6199995363131 1.28094889322917
24.6249995362014 1.26966743469238
24.6299995360896 1.26745923360189
24.6349995359778 1.2717280069987
24.6399995358661 1.29164492289225
24.6449995357543 1.29653472900391
24.6499995356426 1.29952176411947
24.6549995355308 1.29934692382813
24.659999535419 1.29332186381022
24.6649995353073 1.28796920776367
24.6699995351955 1.2661387125651
24.6749995350838 1.25049680074056
24.679999534972 1.25543696085612
24.6849995348603 1.27632090250651
24.6899995347485 1.29821764628092
24.6949995346367 1.30785484313965
24.699999534525 1.30175425211589
24.7049995344132 1.29578704833984
24.7099995343015 1.26844393412272
24.7149995341897 1.25994440714518
24.7199995340779 1.26428705851237
24.7249995339662 1.2862720489502
24.7299995338544 1.30544789632161
24.7349995337427 1.30946502685547
24.7399995336309 1.30686467488607
24.7449995335191 1.29942283630371
24.7499995334074 1.29879188537598
24.7549995332956 1.29621302286784
24.7599995331839 1.29490445454915
24.7649995330721 1.30338961283366
24.7699995329604 1.30095494588216
24.7749995328486 1.29488728841146
24.7799995327368 1.29241104125977
24.7849995326251 1.29717661539714
24.7899995325133 1.28967107137044
24.7949995324016 1.28693885803223
24.7999995322898 1.26692212422689
24.804999532178 1.26908721923828
24.8099995320663 1.28298784891764
24.8149995319545 1.29110488891602
24.8199995318428 1.3101370493571
24.824999531731 1.31751327514648
24.8299995316193 1.30959904988607
24.8349995315075 1.29676132202148
24.8399995313957 1.28395652770996
24.844999531284 1.29409586588542
24.8499995311722 1.28667182922363
24.8549995310605 1.28577880859375
24.8599995309487 1.27847620646159
24.8649995308369 1.27999216715495
24.8699995307252 1.28602294921875
24.8749995306134 1.29047025044759
24.8799995305017 1.29495328267415
24.8849995303899 1.29750429789225
24.8899995302781 1.30731264750163
24.8949995301664 1.30800984700521
24.8999995300546 1.31977831522624
24.9049995299429 1.32965215047201
24.9099995298311 1.32278226216634
24.9149995297194 1.30534693400065
24.9199995296076 1.276531346639
24.9249995294958 1.2702646891276
24.9299995293841 1.27208722432454
24.9349995292723 1.26840209960938
24.9399995291606 1.27620760599772
24.9449995290488 1.27922108968099
24.949999528937 1.27525189717611
24.9549995288253 1.27859954833984
24.9599995287135 1.26235122680664
24.9649995286018 1.26273943583171
24.96999952849 1.27596143086751
24.9749995283782 1.29077364603678
24.9799995282665 1.29761861165365
24.9849995281547 1.28614133199056
24.989999528043 1.28141860961914
24.9949995279312 1.28898798624674
24.9999995278195 1.30143826802572
25.0049995277077 1.28528912862142
25.0099995275959 1.26207860310872
25.0149995274842 1.24729029337565
25.0199995273724 1.26068051656087
25.0249995272607 1.27920036315918
25.0299995271489 1.28678283691406
25.0349995270371 1.29433809916178
25.0399995269254 1.3020076751709
25.0449995268136 1.30379193623861
25.0499995267019 1.30780347188314
25.0549995265901 1.30905405680339
25.0599995264784 1.29108861287435
25.0649995263666 1.26734008789062
25.0699995262548 1.24511388142904
25.0749995261431 1.24714800516764
25.0799995260313 1.24518343607585
25.0849995259196 1.23685531616211
25.0899995258078 1.22449277242025
25.094999525696 1.21775080362956
25.0999995255843 1.22148602803548
25.1049995254725 1.22485173543294
25.1099995253608 1.2308172861735
25.114999525249 1.22753740946452
25.1199995251372 1.23295707702637
25.1249995250255 1.24411493937174
25.1299995249137 1.25490341186523
25.134999524802 1.25023701985677
25.1399995246902 1.25253257751465
25.1449995245785 1.25574620564779
25.1499995244667 1.25307642618815
25.1549995243549 1.25532264709473
25.1599995242432 1.24472351074219
25.1649995241314 1.23732325236003
25.1699995240197 1.21802991231283
25.1749995239079 1.21512209574382
25.1799995237961 1.22653516133626
25.1849995236844 1.25356229146322
25.1899995235726 1.26693852742513
25.1949995234609 1.27502772013346
25.1999995233491 1.28384323120117
25.2049995232373 1.2910093943278
25.2099995231256 1.2870241800944
25.2149995230138 1.27265141805013
25.2199995229021 1.24819259643555
25.2249995227903 1.25200881958008
25.2299995226786 1.26799151102702
25.2349995225668 1.2805004119873
25.239999522455 1.27445487976074
25.2449995223433 1.26149584452311
25.2499995222315 1.24788004557292
25.2549995221198 1.2526549021403
25.259999522008 1.25657272338867
25.2649995218962 1.24319190979004
25.2699995217845 1.22861773173014
25.2749995216727 1.20851618448893
25.279999521561 1.20223731994629
25.2849995214492 1.21484451293945
25.2899995213375 1.22392819722493
25.2949995212257 1.25048688252767
25.2999995211139 1.26355056762695
25.3049995210022 1.27745666503906
25.3099995208904 1.28759549458822
25.3149995207787 1.28870633443197
25.3199995206669 1.27647043863932
25.3249995205551 1.25333684285482
25.3299995204434 1.2241449991862
25.3349995203316 1.22463048299154
25.3399995202199 1.22024955749512
25.3449995201081 1.2250254313151
25.3499995199963 1.23009249369303
25.3549995198846 1.21110242207845
25.3599995197728 1.20356712341309
25.3649995196611 1.20428619384766
25.3699995195493 1.21457672119141
25.3749995194376 1.24039370218913
25.3799995193258 1.24006106058757
25.384999519214 1.25300267537435
25.3899995191023 1.24692789713542
25.3949995189905 1.23141797383626
25.3999995188788 1.2133363087972
25.404999518767 1.196466700236
25.4099995186552 1.18979581197103
25.4149995185435 1.1873966217041
25.4199995184317 1.18220621744792
25.42499951832 1.18617083231608
25.4299995182082 1.1994436899821
25.4349995180964 1.21129290262858
25.4399995179847 1.22808901468913
25.4449995178729 1.23093655904134
25.4499995177612 1.22185274759928
25.4549995176494 1.22437756856283
25.4599995175377 1.23427085876465
25.4649995174259 1.25223668416341
25.4699995173141 1.26730728149414
25.4749995172024 1.26525586446126
25.4799995170906 1.26155675252279
25.4849995169789 1.25337219238281
25.4899995168671 1.25778109232585
25.4949995167553 1.25764923095703
25.4999995166436 1.25258636474609
25.5049995165318 1.23916511535645
25.5099995164201 1.20764795939128
25.5149995163083 1.1849355061849
25.5199995161965 1.16768328348796
25.5249995160848 1.16539471944173
25.529999515973 1.16513926188151
25.5349995158613 1.17104695638021
25.5399995157495 1.17551396687826
25.5449995156378 1.19164695739746
25.549999515526 1.20539271036784
25.5549995154142 1.21972440083822
25.5599995153025 1.22513389587402
25.5649995151907 1.23034782409668
25.569999515079 1.23714981079102
25.5749995149672 1.24824930826823
25.5799995148554 1.26637980143229
25.5849995147437 1.26945266723633
25.5899995146319 1.26070747375488
25.5949995145202 1.22834281921387
25.5999995144084 1.21157010396322
25.6049995142967 1.19979159037272
25.6099995141849 1.20713691711426
25.6149995140731 1.2074774424235
25.6199995139614 1.20840543111165
25.6249995138496 1.21027514139811
25.6299995137379 1.21338094075521
25.6349995136261 1.21227327982585
25.6399995135143 1.21164220174154
25.6449995134026 1.20434074401855
25.6499995132908 1.21781539916992
25.6549995131791 1.21894213358561
25.6599995130673 1.2273935953776
25.6649995129555 1.22019627888997
25.6699995128438 1.21351254781087
25.674999512732 1.22098490397135
25.6799995126203 1.21749471028646
25.6849995125085 1.19828732808431
25.6899995123968 1.18860155741374
25.694999512285 1.18286094665527
25.6999995121732 1.19544372558594
25.7049995120615 1.21005694071452
25.7099995119497 1.21133918762207
25.714999511838 1.2138245900472
25.7199995117262 1.20646095275879
25.7249995116144 1.21053415934245
25.7299995115027 1.2070873260498
25.7349995113909 1.20304883321126
25.7399995112792 1.19033126831055
25.7449995111674 1.17663180033366
25.7499995110556 1.18275858561198
25.7549995109439 1.19166997273763
25.7599995108321 1.1974131266276
25.7649995107204 1.18356221516927
25.7699995106086 1.17235692342122
25.7749995104969 1.17398732503255
25.7799995103851 1.19115651448568
25.7849995102733 1.18595809936523
25.7899995101616 1.17234764099121
25.7949995100498 1.16194750467936
25.7999995099381 1.16878789265951
25.8049995098263 1.17294782002767
25.8099995097145 1.18302218119303
25.8149995096028 1.17867940266927
25.819999509491 1.16464233398438
25.8249995093793 1.14707158406576
25.8299995092675 1.13139419555664
25.8349995091558 1.13302536010742
25.839999509044 1.14625752766927
25.8449995089322 1.14816144307454
25.8499995088205 1.15631917317708
25.8549995087087 1.17757695515951
25.859999508597 1.19265543619792
25.8649995084852 1.21296895345052
25.8699995083734 1.22538744608561
25.8749995082617 1.22563273111979
25.8799995081499 1.22303657531738
25.8849995080382 1.22074317932129
25.8899995079264 1.20816535949707
25.8949995078146 1.1939645131429
25.8999995077029 1.1692756652832
25.9049995075911 1.15407956441243
25.9099995074794 1.15483856201172
25.9149995073676 1.16059392293294
25.9199995072559 1.17859802246094
25.9249995071441 1.19194666544596
25.9299995070323 1.1924633026123
25.9349995069206 1.18692436218262
25.9399995068088 1.17272644042969
25.9449995066971 1.16576296488444
25.9499995065853 1.16540158589681
25.9549995064735 1.17594566345215
25.9599995063618 1.17625211079915
25.96499950625 1.18371696472168
25.9699995061383 1.1687744140625
25.9749995060265 1.17221018473307
25.9799995059147 1.18411407470703
25.984999505803 1.19822896321615
25.9899995056912 1.20099830627441
25.9949995055795 1.19429461161296
25.9999995054677 1.19091491699219
26.004999505356 1.19610150655111
26.0099995052442 1.19779345194499
26.0149995051324 1.19473342895508
26.0199995050207 1.18882700602214
26.0249995049089 1.17508316040039
26.0299995047972 1.16862106323242
26.0349995046854 1.15558319091797
26.0399995045736 1.15035858154297
26.0449995044619 1.14122263590495
26.0499995043501 1.13588956197103
26.0549995042384 1.13999290466309
26.0599995041266 1.15793673197428
26.0649995040149 1.17145932515462
26.0699995039031 1.1789368947347
26.0749995037913 1.16549580891927
26.0799995036796 1.15453605651855
26.0849995035678 1.14249229431152
26.0899995034561 1.13765856424967
26.0949995033443 1.1494504292806
26.0999995032325 1.16396077473958
26.1049995031208 1.15313491821289
26.109999503009 1.1382396697998
26.1149995028973 1.12867279052734
26.1199995027855 1.13238410949707
26.1249995026737 1.14285837809245
26.129999502562 1.15380160013835
26.1349995024502 1.15627797444661
26.1399995023385 1.15629425048828
26.1449995022267 1.15270640055339
26.149999502115 1.15171089172363
26.1549995020032 1.14702974955241
26.1599995018914 1.13650207519531
26.1649995017797 1.12381248474121
26.1699995016679 1.12435493469238
26.1749995015562 1.11557782491048
26.1799995014444 1.11393254597982
26.1849995013326 1.11217816670736
26.1899995012209 1.12272885640462
26.1949995011091 1.13821169535319
26.1999995009974 1.13109041849772
26.2049995008856 1.1203488667806
26.2099995007738 1.13431828816732
26.2149995006621 1.16279385884603
26.2199995005503 1.19245389302572
26.2249995004386 1.19381306966146
26.2299995003268 1.17667706807454
26.2349995002151 1.1666493733724
26.2399995001033 1.15396169026693
26.2449994999915 1.15340639750163
26.2499994998798 1.1574146270752
26.254999499768 1.16227086385091
26.2599994996563 1.17157885233561
26.2649994995445 1.1757687886556
26.2699994994327 1.17810897827148
26.274999499321 1.16926968892415
26.2799994992092 1.16454950968424
26.2849994990975 1.15632489522298
26.2899994989857 1.15817260742188
26.2949994988739 1.17407875061035
26.2999994987622 1.1778569539388
26.3049994986504 1.18657048543294
26.3099994985387 1.19112586975098
26.3149994984269 1.18760426839193
26.3199994983152 1.16446622212728
26.3249994982034 1.15367253621419
26.3299994980916 1.13872655232747
26.3349994979799 1.14060134887695
26.3399994978681 1.15073394775391
26.3449994977564 1.15216827392578
26.3499994976446 1.13856862386068
26.3549994975328 1.12441635131836
26.3599994974211 1.12714513142904
26.3649994973093 1.12868665059408
26.3699994971976 1.13314259847005
26.3749994970858 1.12357851664225
26.3799994969741 1.13001518249512
26.3849994968623 1.13793983459473
26.3899994967505 1.15050849914551
26.3949994966388 1.14659538269043
26.399999496527 1.13527056376139
26.4049994964153 1.12443135579427
26.4099994963035 1.12651659647624
26.4149994961917 1.13523813883464
26.41999949608 1.13914705912272
26.4249994959682 1.1360117594401
26.4299994958565 1.1258310953776
26.4349994957447 1.11283887227376
26.4399994956329 1.09894269307454
26.4449994955212 1.09812672932943
26.4499994954094 1.10937347412109
26.4549994952977 1.13052355448405
26.4599994951859 1.14611651102702
26.4649994950742 1.14695536295573
26.4699994949624 1.14094403584798
26.4749994948506 1.13859316507975
26.4799994947389 1.14364573160807
26.4849994946271 1.14042549133301
26.4899994945154 1.1287228902181
26.4949994944036 1.10676740010579
26.4999994942918 1.10486857096354
26.5049994941801 1.1054859161377
26.5099994940683 1.11002184549967
26.5149994939566 1.11338895161947
26.5199994938448 1.10917739868164
26.524999493733 1.10893147786458
26.5299994936213 1.11928888956706
26.5349994935095 1.12193756103516
26.5399994933978 1.13810056050618
26.544999493286 1.14124018351237
26.5499994931743 1.14203173319499
26.5549994930625 1.14393246968587
26.5599994929507 1.13890953063965
26.564999492839 1.14316558837891
26.5699994927272 1.14753850301107
26.5749994926155 1.14832941691081
26.5799994925037 1.14184926350911
26.5849994923919 1.12535273234049
26.5899994922802 1.10728645324707
26.5949994921684 1.10228029886882
26.5999994920567 1.11442629496257
26.6049994919449 1.13067754109701
26.6099994918332 1.13663190205892
26.6149994917214 1.1241148630778
26.6199994916096 1.13031959533691
26.6249994914979 1.1375119527181
26.6299994913861 1.12581456502279
26.6349994912744 1.11621246337891
26.6399994911626 1.10318781534831
26.6449994910508 1.100634765625
26.6499994909391 1.10932846069336
26.6549994908273 1.12333437601725
26.6599994907156 1.13549728393555
26.6649994906038 1.13967247009277
26.669999490492 1.13218955993652
26.6749994903803 1.13040987650553
26.6799994902685 1.12979380289714
26.6849994901568 1.12765617370605
26.689999490045 1.11234944661458
26.6949994899333 1.10179926554362
26.6999994898215 1.09826800028483
26.7049994897097 1.09907595316569
26.709999489598 1.10319531758626
26.7149994894862 1.11377029418945
26.7199994893745 1.12503496805827
26.7249994892627 1.12893193562826
26.7299994891509 1.1270071665446
26.7349994890392 1.1349728902181
26.7399994889274 1.14112854003906
26.7449994888157 1.13805211385091
26.7499994887039 1.13675765991211
26.7549994885921 1.12032063802083
26.7599994884804 1.12477264404297
26.7649994883686 1.1176212310791
26.7699994882569 1.10834884643555
26.7749994881451 1.11187884012858
26.7799994880334 1.11756693522135
26.7849994879216 1.12220662434896
26.7899994878098 1.12145131429036
26.7949994876981 1.11020240783691
26.7999994875863 1.11494496663411
26.8049994874746 1.13311131795247
26.8099994873628 1.15047556559245
26.814999487251 1.15636024475098
26.8199994871393 1.15633405049642
26.8249994870275 1.15625813802083
26.8299994869158 1.15185610453288
26.834999486804 1.14964154561361
26.8399994866923 1.13961079915365
26.8449994865805 1.13851610819499
26.8499994864687 1.13140436808268
26.854999486357 1.11504071553548
26.8599994862452 1.08902168273926
26.8649994861335 1.07220102945964
26.8699994860217 1.06630516052246
26.8749994859099 1.0774715423584
26.8799994857982 1.08813985188802
26.8849994856864 1.08948860168457
26.8899994855747 1.09796676635742
26.8949994854629 1.10720380147298
26.8999994853511 1.11011594136556
26.9049994852394 1.10524698893229
26.9099994851276 1.0933661142985
26.9149994850159 1.1097048441569
26.9199994849041 1.12245330810547
26.9249994847924 1.12885678609212
26.9299994846806 1.12293217976888
26.9349994845688 1.10980275472005
26.9399994844571 1.10668106079102
26.9449994843453 1.11394882202148
26.9499994842336 1.10553080240885
26.9549994841218 1.10473709106445
26.95999948401 1.10509389241536
26.9649994838983 1.10324325561523
26.9699994837865 1.11688397725423
26.9749994836748 1.12384223937988
26.979999483563 1.12381057739258
26.9849994834512 1.10653737386068
26.9899994833395 1.08801205952962
26.9949994832277 1.07144864400228
26.999999483116 1.07149276733398
27.0049994830042 1.06685880025228
27.0099994828925 1.06429373423258
27.0149994827807 1.07416089375814
27.0199994826689 1.08946927388509
27.0249994825572 1.09700647989909
27.0299994824454 1.1039192199707
27.0349994823337 1.11014175415039
27.0399994822219 1.12283871968587
27.0449994821101 1.12782618204753
27.0499994819984 1.13258921305339
27.0549994818866 1.12000783284505
27.0599994817749 1.10875358581543
27.0649994816631 1.09513854980469
27.0699994815513 1.08070322672526
27.0749994814396 1.07508303324382
27.0799994813278 1.08051325480143
27.0849994812161 1.08268330891927
27.0899994811043 1.0931324005127
27.0949994809926 1.0955197652181
27.0999994808808 1.09331283569336
27.104999480769 1.08779513041178
27.1099994806573 1.08770383199056
27.1149994805455 1.08145510355632
27.1199994804338 1.08705902099609
27.124999480322 1.10182927449544
27.1299994802102 1.105988184611
27.1349994800985 1.11851717631022
27.1399994799867 1.11109657287598
27.144999479875 1.10533739725749
27.1499994797632 1.10411898295085
27.1549994796515 1.08824361165365
27.1599994795397 1.08726628621419
27.1649994794279 1.07103360493978
27.1699994793162 1.06087703704834
27.1749994792044 1.04633089701335
27.1799994790927 1.03768590291341
27.1849994789809 1.04716517130534
27.1899994788691 1.07389081319173
27.1949994787574 1.10031382242839
27.1999994786456 1.11312421162923
27.2049994785339 1.09544423421224
27.2099994784221 1.07759997049967
27.2149994783103 1.0722583770752
27.2199994781986 1.07322667439779
27.2249994780868 1.0696652730306
27.2299994779751 1.06188596089681
27.2349994778633 1.06344464619954
27.2399994777516 1.06920216878255
27.2449994776398 1.06796875
27.249999477528 1.05363070170085
27.2549994774163 1.04496981302897
27.2599994773045 1.04383494059245
27.2649994771928 1.05371735890706
27.269999477081 1.05850054423014
27.2749994769692 1.05707810719808
27.2799994768575 1.06372324625651
27.2849994767457 1.06941286722819
27.289999476634 1.07349789937337
27.2949994765222 1.07362276713053
27.2999994764104 1.0703125
27.3049994762987 1.06064408620199
27.3099994761869 1.05027224222819
27.3149994760752 1.04397563934326
27.3199994759634 1.05293235778809
27.3249994758517 1.07262840270996
27.3299994757399 1.0779655456543
27.3349994756281 1.09403991699219
27.3399994755164 1.08692016601562
27.3449994754046 1.06124623616536
27.3499994752929 1.02929884592692
27.3549994751811 1.01078694661458
27.3599994750693 1.02355683644613
27.3649994749576 1.03639024098714
27.3699994748458 1.04295361836751
27.3749994747341 1.05243345896403
27.3799994746223 1.07046648661296
27.3849994745106 1.0842041015625
27.3899994743988 1.07812856038411
27.394999474287 1.07289276123047
27.3999994741753 1.0801949818929
27.4049994740635 1.10547587076823
27.4099994739518 1.1031177520752
27.41499947384 1.09128850301107
27.4199994737282 1.06520716349284
27.4249994736165 1.05526885986328
27.4299994735047 1.0473601659139
27.434999473393 1.04151147206624
27.4399994732812 1.03371079762777
27.4449994731694 1.03818524678548
27.4499994730577 1.04108587900798
27.4549994729459 1.04363733927409
27.4599994728342 1.05873031616211
27.4649994727224 1.0661319732666
27.4699994726107 1.06385866800944
27.4749994724989 1.06063365936279
27.4799994723871 1.06889788309733
27.4849994722754 1.08922754923503
27.4899994721636 1.09654388427734
27.4949994720519 1.08854891459147
27.4999994719401 1.08470319112142
27.5049994718283 1.07603492736816
27.5099994717166 1.06687469482422
27.5149994716048 1.06390997568766
27.5199994714931 1.07198613484701
27.5249994713813 1.08427569071452
27.5299994712695 1.0880002339681
27.5349994711578 1.0926996866862
27.539999471046 1.10875193277995
27.5449994709343 1.11465771993001
27.5499994708225 1.10215733846029
27.5549994707108 1.08144048055013
27.559999470599 1.06032295227051
27.5649994704872 1.05001087188721
27.5699994703755 1.04206568400065
27.5749994702637 1.04905535380046
27.579999470152 1.04820919036865
27.5849994700402 1.04289271036784
27.5899994699284 1.05598011016846
27.5949994698167 1.06029771169027
27.5999994697049 1.05089308420817
27.6049994695932 1.05273984273275
27.6099994694814 1.05939922332764
27.6149994693697 1.07407811482747
27.6199994692579 1.06964925130208
27.6249994691461 1.05223700205485
27.6299994690344 1.04299589792887
27.6349994689226 1.05531177520752
27.6399994688109 1.05898907979329
27.6449994686991 1.05380694071452
27.6499994685873 1.05269006093343
27.6549994684756 1.03689238230387
27.6599994683638 1.0456875483195
27.6649994682521 1.04412167867025
27.6699994681403 1.03712698618571
27.6749994680285 1.02725156148275
27.6799994679168 1.02502619425456
27.684999467805 1.02708638509115
27.6899994676933 1.03165365854899
27.6949994675815 1.04099375406901
27.6999994674698 1.04627691904704
27.704999467358 1.04270858764648
27.7099994672462 1.03944517771403
27.7149994671345 1.03352680206299
27.7199994670227 1.04003429412842
27.724999466911 1.03021653493245
27.7299994667992 1.01289405822754
27.7349994666874 1.00166778564453
27.7399994665757 1.01309178670247
27.7449994664639 1.02371679941813
27.7499994663522 1.02871023813883
27.7549994662404 1.03951886494954
27.7599994661286 1.03752892812093
27.7649994660169 1.03799883524577
27.7699994659051 1.04245287577311
27.7749994657934 1.05024127960205
27.7799994656816 1.08289477030436
27.7849994655699 1.09084142049154
27.7899994654581 1.0900577545166
27.7949994653463 1.08233896891276
27.7999994652346 1.0789971669515
27.8049994651228 1.0683531443278
27.8099994650111 1.06321690877279
27.8149994648993 1.04128971099854
27.8199994647875 1.02887643178304
27.8249994646758 1.03280042012533
27.829999464564 1.05137405395508
27.8349994644523 1.0658727645874
27.8399994643405 1.06253051757813
27.8449994642287 1.05183334350586
27.849999464117 1.05115763346354
27.8549994640052 1.0626381556193
27.8599994638935 1.06364714304606
27.8649994637817 1.05693683624268
27.86999946367 1.04561818440755
27.8749994635582 1.03983866373698
27.8799994634464 1.03878568013509
27.8849994633347 1.03450527191162
27.8899994632229 1.03016599019368
27.8949994631112 1.02660706837972
27.8999994629994 1.02636108398438
27.9049994628876 1.02662061055501
27.9099994627759 1.01223252614339
27.9149994626641 0.997993342081706
27.9199994625524 0.996943092346191
27.9249994624406 0.998301442464193
27.9299994623289 1.00314699808757
27.9349994622171 1.01665566762288
27.9399994621053 1.01222222646077
27.9449994619936 1.02186597188314
27.9499994618818 1.02410723368327
27.9549994617701 1.02667496999105
27.9599994616583 1.03432750701904
27.9649994615465 1.02878545125326
27.9699994614348 1.03987986246745
27.974999461323 1.04823347727458
27.9799994612113 1.05217711130778
27.9849994610995 1.0510347366333
27.9899994609877 1.04062099456787
27.994999460876 1.03111686706543
27.9999994607642 1.02918650309245
28.0049994606525 1.02411861419678
28.0099994605407 1.02676296234131
28.014999460429 1.01718330383301
28.0199994603172 1.01158707936605
28.0249994602054 1.01194566090902
28.0299994600937 1.02480602264404
28.0349994599819 1.04795398712158
28.0399994598702 1.06726137797038
28.0449994597584 1.07397486368815
28.0499994596466 1.0641835530599
28.0549994595349 1.05152168273926
28.0599994594231 1.0430903116862
28.0649994593114 1.03812599182129
28.0699994591996 1.03086961110433
28.0749994590878 1.02405732472738
28.0799994589761 1.01824550628662
28.0849994588643 1.02146422068278
28.0899994587526 1.02099679311117
28.0949994586408 1.03105901082357
28.0999994585291 1.03340810139974
28.1049994584173 1.0319341023763
28.1099994583055 1.02198759714762
28.1149994581938 1.01355419158936
28.119999458082 1.02491296132406
28.1249994579703 1.02648239135742
28.1299994578585 1.02708422342936
28.1349994577467 1.02228209177653
28.139999457635 1.01807250976562
28.1449994575232 1.01915524800618
28.1499994574115 1.02060553232829
28.1549994572997 1.02172037760417
28.159999457188 1.03485717773437
28.1649994570762 1.04262065887451
28.1699994569644 1.04737491607666
28.1749994568527 1.04562110900879
28.1799994567409 1.03262163798014
28.1849994566292 1.02339763641357
28.1899994565174 1.00705293019613
28.1949994564056 0.999744669596354
28.1999994562939 1.00617561340332
28.2049994561821 1.00878842671712
28.2099994560704 1.00397472381592
28.2149994559586 1.00881214141846
28.2199994558468 1.02178414662679
28.2249994557351 1.04443734486898
28.2299994556233 1.06133060455322
28.2349994555116 1.06295363108317
28.2399994553998 1.0627015431722
28.2449994552881 1.05075613657633
28.2499994551763 1.03963197072347
28.2549994550645 1.03479633331299
28.2599994549528 1.02678813934326
28.264999454841 1.02331943511963
28.2699994547293 1.03442420959473
28.2749994546175 1.03348693847656
28.2799994545057 1.03803793589274
28.284999454394 1.04239521026611
28.2899994542822 1.04293022155762
28.2949994541705 1.04188645680745
28.2999994540587 1.02951717376709
28.3049994539469 1.02224210103353
28.3099994538352 1.01468976338704
28.3149994537234 1.0132448832194
28.3199994536117 1.00366198221842
28.3249994534999 0.991232617696126
28.3299994533882 0.990151087443034
28.3349994532764 0.984433809916178
28.3399994531646 0.993048350016276
28.3449994530529 0.994212277730306
28.3499994529411 0.999859046936035
28.3549994528294 1.00386873881022
28.3599994527176 1.01947994232178
28.3649994526058 1.03965307871501
28.3699994524941 1.03579788208008
28.3749994523823 1.02737592061361
28.3799994522706 1.01614227294922
28.3849994521588 1.0004160563151
28.3899994520471 1.00815226236979
28.3949994519353 1.00022919972738
28.3999994518235 0.995416196187337
28.4049994517118 0.986616706848145
28.4099994516 0.981940714518229
28.4149994514883 0.993671290079753
28.4199994513765 0.989715576171875
28.4249994512647 0.98941338857015
28.429999451153 0.97943058013916
28.4349994510412 0.978000513712565
28.4399994509295 0.991605122884115
28.4449994508177 1.00731843312581
28.4499994507059 1.009366162618
28.4549994505942 1.01537628173828
28.4599994504824 1.00732599894206
28.4649994503707 0.999672317504883
28.4699994502589 1.00385850270589
28.4749994501472 1.00545037587484
28.4799994500354 1.01725368499756
28.4849994499236 1.04024232228597
28.4899994498119 1.06250254313151
28.4949994497001 1.07602106730143
28.4999994495884 1.06618054707845
28.5049994494766 1.03290417989095
28.5099994493648 1.01468486785889
28.5149994492531 1.0175937016805
28.5199994491413 1.02438214619954
28.5249994490296 1.0250083287557
28.5299994489178 1.01042747497559
28.534999448806 1.00102163950602
28.5399994486943 1.0069164276123
28.5449994485825 1.00652713775635
28.5499994484708 1.01231994628906
28.554999448359 1.0068629582723
28.5599994482473 1.00243937174479
28.5649994481355 0.989617347717285
28.5699994480237 0.985823885599772
28.574999447912 0.995194943745931
28.5799994478002 1.01475766499837
28.5849994476885 1.02381343841553
28.5899994475767 1.01356995900472
28.5949994474649 1.00419673919678
28.5999994473532 0.995559120178223
28.6049994472414 0.969869168599447
28.6099994471297 0.950832303365072
28.6149994470179 0.940186818440755
28.6199994469061 0.948096021016439
28.6249994467944 0.962968826293945
28.6299994466826 0.975653266906738
28.6349994465709 0.974179395039876
28.6399994464591 0.974142456054688
28.6449994463474 0.974203300476074
28.6499994462356 0.980239486694336
28.6549994461238 0.989872678120931
28.6599994460121 0.972057278951009
28.6649994459003 0.975379053751628
28.6699994457886 0.971160380045573
28.6749994456768 0.9722412109375
28.679999445565 0.967135238647461
28.6849994454533 0.963915888468424
28.6899994453415 0.972796567281087
28.6949994452298 0.97344544728597
28.699999445118 0.97724494934082
28.7049994450063 0.976394653320313
28.7099994448945 0.979407946268717
28.7149994447827 0.994664128621419
28.719999444671 1.00070164998372
28.7249994445592 1.003506787618
28.7299994444475 1.00645809173584
28.7349994443357 1.00209878285726
28.7399994442239 0.992957305908203
28.7449994441122 0.979250399271647
28.7499994440004 0.984719149271647
28.7549994438887 0.985167058308919
28.7599994437769 0.974475860595703
28.7649994436651 0.949187596638997
28.7699994435534 0.939246368408203
28.7749994434416 0.954495429992676
28.7799994433299 0.983751360575358
28.7849994432181 1.00657666524251
28.7899994431064 1.00240859985352
28.7949994429946 0.991346486409505
28.7999994428828 0.977130063374837
28.8049994427711 0.970439783732096
28.8099994426593 0.969184748331706
28.8149994425476 0.956731287638346
28.8199994424358 0.945665550231934
28.824999442324 0.938075002034505
28.8299994422123 0.949720446268717
28.8349994421005 0.977321116129557
28.8399994419888 0.995070711771647
28.844999441877 0.995748774210612
28.8499994417652 0.98207327524821
28.8549994416535 0.979637273152669
28.8599994415417 0.97658208211263
28.86499944143 0.969332059224447
28.8699994413182 0.963701375325521
28.8749994412065 0.960873031616211
28.8799994410947 0.957864824930827
28.8849994409829 0.957934761047363
28.8899994408712 0.953757731119792
28.8949994407594 0.960849062601725
28.8999994406477 0.975713094075521
28.9049994405359 0.985763041178385
28.9099994404241 0.997521845499674
28.9149994403124 1.00924962361654
28.9199994402006 1.01029446919759
28.9249994400889 1.01474005381266
28.9299994399771 1.00505962371826
28.9349994398654 0.990942128499349
28.9399994397536 0.9874054590861
28.9449994396418 0.990844662984212
28.9499994395301 1.00304698944092
28.9549994394183 0.999621073404948
28.9599994393066 0.993290583292643
28.9649994391948 0.994718996683757
28.969999439083 0.992380587259928
28.9749994389713 0.982365862528483
28.9799994388595 0.942391077677409
28.9849994387478 0.9307892481486
28.989999438636 0.932599767049154
28.9949994385242 0.945096969604492
28.9999994384125 0.94975414276123
29.0049994383007 0.960922940572103
29.009999438189 0.963080151875814
29.0149994380772 0.955151112874349
29.0199994379655 0.945720672607422
29.0249994378537 0.951658821105957
29.0299994377419 0.963161404927572
29.0349994376302 0.975484530131022
29.0399994375184 0.955484008789062
29.0449994374067 0.94404042561849
29.0499994372949 0.949959437052409
29.0549994371831 0.972745513916016
29.0599994370714 1.00353272755941
29.0649994369596 1.0185401280721
29.0699994368479 0.995528157552083
29.0749994367361 0.98012949625651
29.0799994366243 0.966556612650553
29.0849994365126 0.955611356099447
29.0899994364008 0.94586067199707
29.0949994362891 0.92425111134847
29.0999994361773 0.926841036478678
29.1049994360656 0.947234662373861
29.1099994359538 0.956168683369954
29.114999435842 0.953571446736654
29.1199994357303 0.947236442565918
29.1249994356185 0.954908752441406
29.1299994355068 0.948249689737956
29.134999435395 0.947905349731445
29.1399994352832 0.946430969238281
29.1449994351715 0.943848419189453
29.1499994350597 0.949916076660156
29.154999434948 0.943628692626953
29.1599994348362 0.959588368733724
29.1649994347245 0.966706530253093
29.1699994346127 0.970807075500488
29.1749994345009 0.970226542154948
29.1799994343892 0.954953575134277
29.1849994342774 0.948762766520182
29.1899994341657 0.928498649597168
29.1949994340539 0.921045366923014
29.1999994339421 0.929193687438965
29.2049994338304 0.928921890258789
29.2099994337186 0.935838826497396
29.2149994336069 0.933258501688639
29.2199994334951 0.936438751220703
29.2249994333833 0.942888577779134
29.2299994332716 0.949820391337077
29.2349994331598 0.955849456787109
29.2399994330481 0.966162427266439
29.2449994329363 0.973407109578451
29.2499994328246 0.980800120035807
29.2549994327128 0.989597511291504
29.259999432601 0.991035079956055
29.2649994324893 0.975406455993652
29.2699994323775 0.974759928385417
29.2749994322658 0.972054100036621
29.279999432154 0.985045433044434
29.2849994320422 0.993050829569499
29.2899994319305 0.976807085673014
29.2949994318187 0.959060414632161
29.299999431707 0.937474250793457
29.3049994315952 0.942601013183594
29.3099994314834 0.943985239664714
29.3149994313717 0.939627329508464
29.3199994312599 0.948162841796875
29.3249994311482 0.960568428039551
29.3299994310364 0.97494010925293
29.3349994309247 0.971792793273926
29.3399994308129 0.971003659566243
29.3449994307011 0.976091639200846
29.3499994305894 0.99805482228597
29.3549994304776 1.00103855133057
29.3599994303659 0.998384730021159
29.3649994302541 0.985598309834798
29.3699994301423 0.986390050252279
29.3749994300306 0.98837350209554
29.3799994299188 0.984903844197591
29.3849994298071 0.959146690368652
29.3899994296953 0.956531461079915
29.3949994295836 0.964353179931641
29.3999994294718 0.956989097595215
29.40499942936 0.95206667582194
29.4099994292483 0.925594202677409
29.4149994291365 0.921188163757324
29.4199994290248 0.938175837198893
29.424999428913 0.946166547139486
29.4299994288012 0.946830813090007
29.4349994286895 0.941443125406901
29.4399994285777 0.950157419840495
29.444999428466 0.959452629089355
29.4499994283542 0.955506134033203
29.4549994282424 0.978311030069987
29.4599994281307 0.981430753072103
29.4649994280189 0.981606165568034
29.4699994279072 0.965050951639811
29.4749994277954 0.95229123433431
29.4799994276837 0.971216837565104
29.4849994275719 0.986578178405762
29.4899994274601 0.986947949727376
29.4949994273484 0.982515335083008
29.4999994272366 0.98852170308431
29.5049994271249 1.00376040140788
29.5099994270131 0.989021110534668
29.5149994269013 0.959420267740885
29.5199994267896 0.946743583679199
29.5249994266778 0.945190811157227
29.5299994265661 0.948174858093262
29.5349994264543 0.95223134358724
29.5399994263425 0.954626337687175
29.5449994262308 0.955817095438639
29.549999426119 0.943747075398763
29.5549994260073 0.925478808085124
29.5599994258955 0.921182123819987
29.5649994257838 0.924881998697917
29.569999425672 0.940691312154134
29.5749994255602 0.943643442789714
29.5799994254485 0.934419186909993
29.5849994253367 0.929977035522461
29.589999425225 0.935467529296875
29.5949994251132 0.94808832804362
29.5999994250014 0.943651072184245
29.6049994248897 0.932102648417155
29.6099994247779 0.941491889953613
29.6149994246662 0.948259989420573
29.6199994245544 0.938509813944499
29.6249994244426 0.923555183410645
29.6299994243309 0.93097095489502
29.6349994242191 0.940928014119466
29.6399994241074 0.950930150349935
29.6449994239956 0.93039296468099
29.6499994238839 0.924669202168783
29.6549994237721 0.953387324015299
29.6599994236603 0.97473513285319
29.6649994235486 0.988355318705241
29.6699994234368 0.985132726033529
29.6749994233251 0.960440444946289
29.6799994232133 0.95064271291097
29.6849994231015 0.939480908711751
29.6899994229898 0.934521611531576
29.694999422878 0.948345120747884
29.6999994227663 0.958835029602051
29.7049994226545 0.951989237467448
29.7099994225428 0.930931536356608
29.714999422431 0.918109639485677
29.7199994223192 0.911858685811361
29.7249994222075 0.936251068115234
29.7299994220957 0.953276507059733
29.734999421984 0.966379737854004
29.7399994218722 0.972740236918132
29.7449994217604 0.964231808980306
29.7499994216487 0.960787200927734
29.7549994215369 0.955672391255697
29.7599994214252 0.943994267781575
29.7649994213134 0.941344388326009
29.7699994212016 0.931907399495443
29.7749994210899 0.911338361104329
29.7799994209781 0.928390820821126
29.7849994208664 0.937518437703451
29.7899994207546 0.952011871337891
29.7949994206429 0.95614070892334
29.7999994205311 0.960466512044271
29.8049994204193 0.970943260192871
29.8099994203076 0.964099884033203
29.8149994201958 0.956787808736165
29.8199994200841 0.947274271647135
29.8249994199723 0.94270191192627
29.8299994198605 0.934628359476725
29.8349994197488 0.927328173319499
29.839999419637 0.928876050313314
29.8449994195253 0.935159238179525
29.8499994194135 0.9208677927653
29.8549994193017 0.914638455708822
29.85999941919 0.914591344197591
29.8649994190782 0.922554715474447
29.8699994189665 0.93363405863444
29.8749994188547 0.937391980489095
29.879999418743 0.931378746032715
29.8849994186312 0.941709963480632
29.8899994185194 0.950510088602702
29.8949994184077 0.973902002970378
29.8999994182959 0.978512382507324
29.9049994181842 0.974061457316081
29.9099994180724 0.963263003031413
29.9149994179606 0.946131833394368
29.9199994178489 0.94465217590332
29.9249994177371 0.947884623209635
29.9299994176254 0.951600583394368
29.9349994175136 0.958957990010579
29.9399994174019 0.952407455444336
29.9449994172901 0.963812828063965
29.9499994171783 0.971138827006022
29.9549994170666 0.969392013549805
29.9599994169548 0.955560302734375
29.9649994168431 0.939186541239421
29.9699994167313 0.953538068135579
29.9749994166195 0.971046765645345
29.9799994165078 0.967515563964844
29.984999416396 0.941614596048991
29.9899994162843 0.93688112894694
29.9949994161725 0.942937342325846
29.9999994160607 0.959503936767578
30.004999415949 0.962178675333659
30.0099994158372 0.951906585693359
30.0149994157255 0.946233749389648
30.0199994156137 0.938028144836426
30.024999415502 0.942538324991862
30.0299994153902 0.954577318827311
30.0349994152784 0.945178413391113
30.0399994151667 0.927389844258626
30.0449994150549 0.933152071634928
30.0499994149432 0.938008817036947
30.0549994148314 0.952028973897298
30.0599994147196 0.962748146057129
30.0649994146079 0.969917933146159
30.0699994144961 0.9835693359375
30.0749994143844 0.963922945658366
30.0799994142726 0.943042437235514
30.0849994141608 0.924756940205892
30.0899994140491 0.915475209554037
30.0949994139373 0.909971872965495
30.0999994138256 0.90822868347168
30.1049994137138 0.916005643208822
30.1099994136021 0.932977803548177
30.1149994134903 0.946848487854004
30.1199994133785 0.962541389465332
30.1249994132668 0.969356028238932
30.129999413155 0.962849934895833
30.1349994130433 0.958298556009928
30.1399994129315 0.944346682230632
30.1449994128197 0.937983131408691
30.149999412708 0.938774299621582
30.1549994125962 0.929701232910156
30.1599994124845 0.92645320892334
30.1649994123727 0.92630360921224
30.169999412261 0.920163599650065
30.1749994121492 0.910313351949056
30.1799994120374 0.904791450500488
30.1849994119257 0.908420117696126
30.1899994118139 0.932264582316081
30.1949994117022 0.952262433369954
30.1999994115904 0.954657427469889
30.2049994114786 0.942871157328288
30.2099994113669 0.91874205271403
30.2149994112551 0.907509930928548
30.2199994111434 0.91237424214681
30.2249994110316 0.916452980041504
30.2299994109198 0.915433883666992
30.2349994108081 0.906396802266439
30.2399994106963 0.911541302998861
30.2449994105846 0.923286310831706
30.2499994104728 0.928109804789225
30.2549994103611 0.921410051981608
30.2599994102493 0.922249921162923
30.2649994101375 0.933795992533366
30.2699994100258 0.932845815022786
30.274999409914 0.937392489115397
30.2799994098023 0.927875010172526
30.2849994096905 0.932835833231608
30.2899994095787 0.941381708780925
30.294999409467 0.942568842569987
30.2999994093552 0.93365732828776
30.3049994092435 0.935225168863932
30.3099994091317 0.942609405517578
30.3149994090199 0.947033627827962
30.3199994089082 0.940287590026855
30.3249994087964 0.948932965596517
30.3299994086847 0.950532531738281
30.3349994085729 0.972959963480632
30.3399994084612 0.975714365641276
30.3449994083494 0.977664693196615
30.3499994082376 0.971018664042155
30.3549994081259 0.952649370829264
30.3599994080141 0.935706965128581
30.3649994079024 0.931644757588704
30.3699994077906 0.932569694519043
30.3749994076788 0.934458859761556
30.3799994075671 0.936443201700846
30.3849994074553 0.940757369995117
30.3899994073436 0.954288736979167
30.3949994072318 0.951576614379883
30.39999940712 0.952355639139811
30.4049994070083 0.940390078226725
30.4099994068965 0.920273462931315
30.4149994067848 0.882454045613607
30.419999406673 0.858382924397786
30.4249994065613 0.847760264078776
30.4299994064495 0.854477183024089
30.4349994063377 0.888149197896322
30.439999406226 0.911602656046549
30.4449994061142 0.936021105448405
30.4499994060025 0.947752571105957
30.4549994058907 0.942452748616537
30.4599994057789 0.94436772664388
30.4649994056672 0.928948402404785
30.4699994055554 0.92278741200765
30.4749994054437 0.93818105061849
30.4799994053319 0.948601468404134
30.4849994052202 0.948620478312174
30.4899994051084 0.950159708658854
30.4949994049966 0.943297322591146
30.4999994048849 0.949523099263509
30.5049994047731 0.953640429178874
30.5099994046614 0.931517092386882
30.5149994045496 0.92289072672526
30.5199994044378 0.924639828999837
30.5249994043261 0.940145365397135
30.5299994042143 0.945143445332845
30.5349994041026 0.950443649291992
30.5399994039908 0.950659497578939
30.544999403879 0.955427805582682
30.5499994037673 0.949407196044922
30.5549994036555 0.942333920796712
30.5599994035438 0.940622647603353
30.564999403432 0.945237159729004
30.5699994033203 0.943426958719889
30.5749994032085 0.941186078389486
30.5799994030967 0.941423034667969
30.584999402985 0.94394276936849
30.5899994028732 0.932383473714193
30.5949994027615 0.941429583231608
30.5999994026497 0.945091183980306
30.6049994025379 0.93838857014974
30.6099994024262 0.957901891072591
30.6149994023144 0.975263341267904
30.6199994022027 0.982931327819824
30.6249994020909 0.983904838562012
30.6299994019791 0.957632700602214
30.6349994018674 0.946293512980143
30.6399994017556 0.932447942097982
30.6449994016439 0.914475631713867
30.6499994015321 0.915134302775065
30.6549994014204 0.922013155619303
30.6599994013086 0.917428779602051
30.6649994011968 0.918299357096354
30.6699994010851 0.91853084564209
30.6749994009733 0.919032287597656
30.6799994008616 0.903284772237142
30.6849994007498 0.885392761230469
30.689999400638 0.870574633280436
30.6949994005263 0.880121358235677
30.6999994004145 0.897142219543457
30.7049994003028 0.91135139465332
30.709999400191 0.926445388793945
30.7149994000793 0.930352846781413
30.7199993999675 0.944407526652018
30.7249993998557 0.952133814493815
30.729999399744 0.957476488749186
30.7349993996322 0.943795839945475
30.7399993995205 0.915906206766764
30.7449993994087 0.908042208353678
30.7499993992969 0.906499671936035
30.7549993991852 0.914256731669108
30.7599993990734 0.899863052368164
30.7649993989617 0.893421173095703
30.7699993988499 0.893844413757324
30.7749993987381 0.907233428955078
30.7799993986264 0.920249430338542
30.7849993985146 0.930498123168945
30.7899993984029 0.924698257446289
30.7949993982911 0.915906524658203
30.7999993981794 0.91530507405599
30.8049993980676 0.906315485636393
30.8099993979558 0.907885233561198
30.8149993978441 0.908380762736003
30.8199993977323 0.908924102783203
30.8249993976206 0.901871999104818
30.8299993975088 0.909161758422852
30.834999397397 0.91154899597168
30.8399993972853 0.926219050089518
30.8449993971735 0.930299441019694
30.8499993970618 0.918694114685059
30.85499939695 0.921315765380859
30.8599993968382 0.917288335164388
30.8649993967265 0.927972475687663
30.8699993966147 0.925858497619629
30.874999396503 0.922157859802246
30.8799993963912 0.913135782877604
30.8849993962795 0.904111862182617
30.8899993961677 0.892942047119141
30.8949993960559 0.885463523864746
30.8999993959442 0.890257136027018
30.9049993958324 0.911865234375
30.9099993957207 0.912840398152669
30.9149993956089 0.917367871602376
30.9199993954971 0.915027491251628
30.9249993953854 0.925450833638509
30.9299993952736 0.929418309529622
30.9349993951619 0.936371676127116
30.9399993950501 0.929626019795736
30.9449993949384 0.94497013092041
30.9499993948266 0.931495730082194
30.9549993947148 0.913470776875814
30.9599993946031 0.901483154296875
30.9649993944913 0.901236915588379
30.9699993943796 0.91119753519694
30.9749993942678 0.914246686299642
30.979999394156 0.912247721354167
30.9849993940443 0.916944185892741
30.9899993939325 0.916527493794759
30.9949993938208 0.931616592407227
30.999999393709 0.928613090515137
31.0049993935972 0.926225026448568
31.0099993934855 0.916091791788737
31.0149993933737 0.922492790222168
31.019999393262 0.926259295145671
31.0249993931502 0.914545440673828
31.0299993930385 0.902482922871908
31.0349993929267 0.90648562113444
31.0399993928149 0.919303766886393
31.0449993927032 0.930017153422038
31.0499993925914 0.904762585957845
31.0549993924797 0.892785898844401
31.0599993923679 0.893742307027181
31.0649993922561 0.903348223368327
31.0699993921444 0.928036753336589
31.0749993920326 0.935203043619792
31.0799993919209 0.955518277486165
31.0849993918091 0.965221850077311
31.0899993916973 0.970222345987956
31.0949993915856 0.966863822937012
31.0999993914738 0.95997740427653
31.1049993913621 0.954929542541504
31.1099993912503 0.953909111022949
31.1149993911386 0.94341869354248
31.1199993910268 0.938651529947917
31.124999390915 0.929772694905599
31.1299993908033 0.933206939697266
31.1349993906915 0.92421391805013
31.1399993905798 0.931083043416341
31.144999390468 0.948028564453125
31.1499993903562 0.954578081766764
31.1549993902445 0.949887657165527
31.1599993901327 0.930192120869954
31.164999390021 0.908960405985514
31.1699993899092 0.912910143534342
31.1749993897974 0.929510561625163
31.1799993896857 0.922204526265462
31.1849993895739 0.927000045776367
31.1899993894622 0.931911087036133
31.1949993893504 0.944941329956055
31.1999993892387 0.958296902974447
31.2049993891269 0.953708140055339
31.2099993890151 0.944933446248372
31.2149993889034 0.953250312805176
31.2199993887916 0.959805425008138
31.2249993886799 0.957075436909994
31.2299993885681 0.954269409179688
31.2349993884563 0.93655522664388
31.2399993883446 0.9345152537028
31.2449993882328 0.930952707926432
31.2499993881211 0.927573966979981
31.2549993880093 0.931841532389323
31.2599993878976 0.942678133646647
31.2649993877858 0.958540980021159
31.269999387674 0.954158782958984
31.2749993875623 0.935490036010742
31.2799993874505 0.921862030029297
31.2849993873388 0.905174700419108
31.289999387227 0.900008138020833
31.2949993871152 0.913714154561361
31.2999993870035 0.932200241088867
31.3049993868917 0.928791364034017
31.30999938678 0.915001106262207
31.3149993866682 0.911701393127441
31.3199993865564 0.922847175598145
31.3249993864447 0.944569778442383
31.3299993863329 0.944386609395345
31.3349993862212 0.937328338623047
31.3399993861094 0.930771319071452
31.3449993859977 0.934782981872559
31.3499993858859 0.92993418375651
31.3549993857741 0.935914103190104
31.3599993856624 0.924502372741699
31.3649993855506 0.932266934712728
31.3699993854389 0.952433967590332
31.3749993853271 0.968864758809408
31.3799993852153 0.9576873143514
31.3849993851036 0.927301597595215
31.3899993849918 0.906827672322591
31.3949993848801 0.910924212137858
31.3999993847683 0.936613909403483
31.4049993846565 0.947949536641439
31.4099993845448 0.950636672973633
31.414999384433 0.945308748881022
31.4199993843213 0.943327077229818
31.4249993842095 0.946507199605306
31.4299993840978 0.927391242980957
31.434999383986 0.89257869720459
31.4399993838742 0.887669881184896
31.4449993837625 0.918627738952637
31.4499993836507 0.945256360371908
31.454999383539 0.966728719075521
31.4599993834272 0.954471079508464
31.4649993833154 0.950222778320313
31.4699993832037 0.95864741007487
31.4749993830919 0.974345842997233
31.4799993829802 0.978732935587565
31.4849993828684 0.97944876352946
31.4899993827567 0.963233820597331
31.4949993826449 0.963724009195964
31.4999993825331 0.963450113932292
31.5049993824214 0.953366406758626
31.5099993823096 0.939581616719564
31.5149993821979 0.94072806040446
31.5199993820861 0.93466854095459
31.5249993819743 0.924462827046712
31.5299993818626 0.917796389261882
31.5349993817508 0.912438710530599
31.5399993816391 0.914366722106934
31.5449993815273 0.917714691162109
31.5499993814155 0.93538277943929
31.5549993813038 0.942029889424642
31.559999381192 0.94852663675944
31.5649993810803 0.959705098470052
31.5699993809685 0.951332028706869
31.5749993808568 0.947350883483887
31.579999380745 0.933224614461263
31.5849993806332 0.944709841410319
31.5899993805215 0.953841654459635
31.5949993804097 0.953478940327962
31.599999380298 0.937088267008464
31.6049993801862 0.929120127360026
31.6099993800744 0.922074254353841
31.6149993799627 0.922646395365397
31.6199993798509 0.936372057596843
31.6249993797392 0.954148419698079
31.6299993796274 0.956305503845215
31.6349993795156 0.942184066772461
31.6399993794039 0.946395428975423
31.6449993792921 0.937865765889486
31.6499993791804 0.935425186157227
31.6549993790686 0.934297116597493
31.6599993789569 0.937191200256348
31.6649993788451 0.937591044108073
31.6699993787333 0.929238255818685
31.6749993786216 0.93338680267334
31.6799993785098 0.930420811971029
31.6849993783981 0.926806004842122
31.6899993782863 0.928070513407389
31.6949993781745 0.927295557657878
31.6999993780628 0.944321060180664
31.704999377951 0.951772435506185
31.7099993778393 0.942885271708171
31.7149993777275 0.941760063171387
31.7199993776158 0.932372029622396
31.724999377504 0.932514063517253
31.7299993773922 0.950428835550944
31.7349993772805 0.958595085144043
31.7399993771687 0.950820604960124
31.744999377057 0.931874402364095
31.7499993769452 0.931655502319336
31.7549993768334 0.949424298604329
31.7599993767217 0.970179430643717
31.7649993766099 0.9832062403361
31.7699993764982 0.982418378194173
31.7749993763864 0.984542528788249
31.7799993762746 0.976498794555664
31.7849993761629 0.953971989949544
31.7899993760511 0.916029040018717
31.7949993759394 0.893401018778483
31.7999993758276 0.894145838419596
31.8049993757159 0.906500879923503
31.8099993756041 0.920274670918783
31.8149993754923 0.935072199503581
31.8199993753806 0.956590716044108
31.8249993752688 0.971927007039388
31.8299993751571 0.978601773579915
31.8349993750453 0.980259005228678
31.8399993749335 0.975139935811361
31.8449993748218 0.975295893351237
31.84999937471 0.965300496419271
31.8549993745983 0.97058277130127
31.8599993744865 0.965780893961589
31.8649993743747 0.978125953674316
31.869999374263 0.964357948303223
31.8749993741512 0.944299761454264
31.8799993740395 0.938767306009928
31.8849993739277 0.943081474304199
31.889999373816 0.953684870402018
31.8949993737042 0.968755594889323
31.8999993735924 0.960560671488444
31.9049993734807 0.941733678181966
31.9099993733689 0.928400484720866
31.9149993732572 0.906470489501953
31.9199993731454 0.90620543162028
31.9249993730336 0.922902488708496
31.9299993729219 0.946407508850098
31.9349993728101 0.966423543294271
31.9399993726984 0.95860169728597
31.9449993725866 0.95339724222819
31.9499993724748 0.946959940592448
31.9549993723631 0.951889864603678
31.9599993722513 0.948108800252279
31.9649993721396 0.941343307495117
31.9699993720278 0.951066398620605
31.9749993719161 0.957031567891439
31.9799993718043 0.96222038269043
31.9849993716925 0.968815930684408
31.9899993715808 0.963545099894206
31.994999371469 0.967347399393718
31.9999993713573 0.956408246358236
32.0049993712455 0.94277769724528
32.0099993711337 0.936083666483561
32.014999371022 0.948169390360514
32.0199993709102 0.95309092203776
32.0249993707985 0.955135854085286
32.0299993706867 0.927090644836426
32.034999370575 0.917604764302572
32.0399993704632 0.934449195861816
32.0449993703514 0.929342269897461
32.0499993702397 0.933921051025391
32.0549993701279 0.918185234069824
32.0599993700162 0.919626490275065
32.0649993699044 0.930483754475911
32.0699993697926 0.931089655558268
32.0749993696809 0.935894521077474
32.0799993695691 0.9518097559611
32.0849993694574 0.952877998352051
32.0899993693456 0.941981315612793
32.0949993692338 0.936839993794759
32.0999993691221 0.913104120890299
32.1049993690103 0.911354700724284
32.1099993688986 0.912275314331055
32.1149993687868 0.924411137898763
32.1199993686751 0.937427584330241
32.1249993685633 0.949548594156901
32.1299993684515 0.943949826558431
32.1349993683398 0.944571749369303
32.139999368228 0.932593790690104
32.1449993681163 0.928262329101562
32.1499993680045 0.926852099100749
32.1549993678927 0.926451047261556
32.159999367781 0.9226105372111
32.1649993676692 0.935098266601562
32.1699993675575 0.947027587890625
32.1749993674457 0.969771766662598
32.1799993673339 0.983747227986654
32.1849993672222 0.961127471923828
32.1899993671104 0.951020367940267
32.1949993669987 0.948874219258626
32.1999993668869 0.961533673604329
32.2049993667752 0.979599952697754
32.2099993666634 0.964321200052897
32.2149993665516 0.961236000061035
32.2199993664399 0.956824111938477
32.2249993663281 0.949125798543294
32.2299993662164 0.946431795756022
32.2349993661046 0.936810429890951
32.2399993659928 0.951218350728353
32.2449993658811 0.956307284037272
32.2499993657693 0.965832074483236
32.2549993656576 0.956554539998372
32.2599993655458 0.948805999755859
32.2649993654341 0.951279513041178
32.2699993653223 0.963988176981608
32.2749993652105 0.963678614298503
32.2799993650988 0.978612518310547
32.284999364987 0.984305636088053
32.2899993648753 0.984403991699219
32.2949993647635 0.961357688903809
32.2999993646517 0.948601659138997
32.30499936454 0.942941983540853
32.3099993644282 0.964790852864583
32.3149993643165 0.963912518819173
32.3199993642047 0.951955286661784
32.3249993640929 0.946030108133952
32.3299993639812 0.934118398030599
32.3349993638694 0.921597798665365
32.3399993637577 0.90648733774821
32.3449993636459 0.902799034118652
32.3499993635342 0.910649172465007
32.3549993634224 0.920040639241536
32.3599993633106 0.923257064819336
32.3649993631989 0.915917460123698
32.3699993630871 0.954397773742676
32.3749993629754 0.965739504496257
32.3799993628636 0.966162236531576
32.3849993627518 0.945297559102376
32.3899993626401 0.930316289265951
32.3949993625283 0.948873583475749
32.3999993624166 0.958674494425456
32.4049993623048 0.944988568623861
32.409999362193 0.939944839477539
32.4149993620813 0.94016908009847
32.4199993619695 0.958928934733073
32.4249993618578 0.965130996704102
32.429999361746 0.97277348836263
32.4349993616343 0.963693428039551
32.4399993615225 0.981659698486328
32.4449993614107 0.98822701772054
32.449999361299 0.990442975362142
32.4549993611872 0.975936444600423
32.4599993610755 0.946523475646973
32.4649993609637 0.935985310872396
32.4699993608519 0.930529912312826
32.4749993607402 0.92590446472168
32.4799993606284 0.915439796447754
32.4849993605167 0.918660100301107
32.4899993604049 0.932541656494141
32.4949993602932 0.961394755045573
32.4999993601814 0.982977485656738
32.5049993600696 0.995883051554362
32.5099993599579 1.01475486755371
32.5149993598461 1.00151519775391
32.5199993597344 0.980791473388672
32.5249993596226 0.947759755452474
32.5299993595108 0.923301060994466
32.5349993593991 0.922454770406087
32.5399993592873 0.929805692036947
32.5449993591756 0.935460535685221
32.5499993590638 0.93125
32.554999358952 0.927478853861491
32.5599993588403 0.931722577412923
32.5649993587285 0.954491233825684
32.5699993586168 0.968834241231283
32.574999358505 0.966689173380534
32.5799993583933 0.970374743143717
32.5849993582815 0.977616310119629
32.5899993581697 0.99599666595459
32.594999358058 0.978929201761881
32.5999993579462 0.968433316548665
32.6049993578345 0.967575963338216
32.6099993577227 0.981586901346842
32.6149993576109 0.986590321858724
32.6199993574992 0.972815004984538
32.6249993573874 0.957323964436849
32.6299993572757 0.951342264811198
32.6349993571639 0.954563585917155
32.6399993570521 0.951922988891602
32.6449993569404 0.954395357767741
32.6499993568286 0.946676190694173
32.6549993567169 0.933365758260091
32.6599993566051 0.933564631144206
32.6649993564934 0.93750966389974
32.6699993563816 0.968847401936849
32.6749993562698 0.993852806091309
32.6799993561581 1.00441106160482
32.6849993560463 0.989508310953776
32.6899993559346 0.97234738667806
32.6949993558228 0.952326265970866
32.699999355711 0.924205589294434
32.7049993555993 0.908396530151367
32.7099993554875 0.902293650309245
32.7149993553758 0.922577794392904
32.719999355264 0.932144419352214
32.7249993551522 0.954837163289388
32.7299993550405 0.969750086466471
32.7349993549287 0.981070073445638
32.739999354817 0.974680519104004
32.7449993547052 0.971630477905273
32.7499993545935 0.96206652323405
32.7549993544817 0.965110460917155
32.7599993543699 0.946305020650228
32.7649993542582 0.938726298014323
32.7699993541464 0.932445526123047
32.7749993540347 0.92992680867513
32.7799993539229 0.931122144063314
32.7849993538111 0.919908332824707
32.7899993536994 0.925845209757487
32.7949993535876 0.933199691772461
32.7999993534759 0.930395762125651
32.8049993533641 0.935304133097331
32.8099993532524 0.946902592976888
32.8149993531406 0.932632764180501
32.8199993530288 0.94372615814209
32.8249993529171 0.94661439259847
32.8299993528053 0.946321233113607
32.8349993526936 0.949574979146322
32.8399993525818 0.954464594523112
32.84499935247 0.974648793538412
32.8499993523583 0.979393068949382
32.8549993522465 0.977066167195638
32.8599993521348 0.959291648864746
32.864999352023 0.967420450846354
32.8699993519112 0.973454793294271
32.8749993517995 0.964143180847168
32.8799993516877 0.969791412353516
32.884999351576 0.967098172505697
32.8899993514642 0.969465001424154
32.8949993513525 0.968049049377441
32.8999993512407 0.954947725931803
32.9049993511289 0.941551780700684
32.9099993510172 0.925337282816569
32.9149993509054 0.932223955790202
32.9199993507937 0.93803768157959
32.9249993506819 0.943628819783529
32.9299993505701 0.944838396708171
32.9349993504584 0.939299074808757
32.9399993503466 0.938120587666829
32.9449993502349 0.93776969909668
32.9499993501231 0.94225393931071
32.9549993500113 0.959727605183919
32.9599993498996 0.96975154876709
32.9649993497878 0.973444048563639
32.9699993496761 0.983728726704915
32.9749993495643 0.970064417521159
32.9799993494526 0.958771260579427
32.9849993493408 0.940348561604818
32.989999349229 0.933395449320475
32.9949993491173 0.933022816975912
32.9999993490055 0.930454381306966
33.0049993488938 0.91934757232666
33.009999348782 0.918753178914388
33.0149993486702 0.927534166971842
33.0199993485585 0.939285977681478
33.0249993484467 0.934721755981445
33.029999348335 0.924147351582845
33.0349993482232 0.920112546284994
33.0399993481115 0.905584526062012
33.0449993479997 0.921814346313477
33.0499993478879 0.914235051472982
33.0549993477762 0.911832745869954
33.0599993476644 0.912970924377441
33.0649993475527 0.924759038289388
33.0699993474409 0.952583821614583
33.0749993473291 0.974287287394206
33.0799993472174 0.978778139750163
33.0849993471056 0.969749069213867
33.0899993469939 0.97184321085612
33.0949993468821 0.985117848714193
33.0999993467703 0.983051109313965
33.1049993466586 0.977058982849121
33.1099993465468 0.965673192342122
33.1149993464351 0.960404713948568
33.1199993463233 0.962483151753743
33.1249993462116 0.96613826751709
33.1299993460998 0.951980972290039
33.134999345988 0.944607861836751
33.1399993458763 0.943443870544434
33.1449993457645 0.949951807657878
33.1499993456528 0.974135144551595
33.154999345541 0.972606531778971
33.1599993454292 0.949690373738607
33.1649993453175 0.956431070963542
33.1699993452057 0.97329158782959
33.174999345094 0.997076733907064
33.1799993449822 1.00074818929036
33.1849993448704 0.981555366516113
33.1899993447587 0.973306274414062
33.1949993446469 0.963954798380534
33.1999993445352 0.966764386494954
33.2049993444234 0.99296620686849
33.2099993443117 0.991824022928874
33.2149993441999 0.987388547261556
33.2199993440881 0.972375996907552
33.2249993439764 0.954007085164388
33.2299993438646 0.951480484008789
33.2349993437529 0.953516705830892
33.2399993436411 0.94657236735026
33.2449993435293 0.95163205464681
33.2499993434176 0.974415461222331
33.2549993433058 0.987735430399577
33.2599993431941 1.00906105041504
33.2649993430823 0.997270266215006
33.2699993429706 0.974105453491211
33.2749993428588 0.974194272359212
33.279999342747 0.960713259379069
33.2849993426353 0.950674311319987
33.2899993425235 0.96000607808431
33.2949993424118 0.956662813822428
33.2999993423 0.960158920288086
33.3049993421882 0.961696370442708
33.3099993420765 0.9357453028361
33.3149993419647 0.935379981994629
33.319999341853 0.924426015218099
33.3249993417412 0.903771909077962
33.3299993416294 0.884808667500814
33.3349993415177 0.885144170125326
33.3399993414059 0.900904528299967
33.3449993412942 0.919214757283529
33.3499993411824 0.934203084309896
33.3549993410707 0.933872667948405
33.3599993409589 0.939970842997233
33.3649993408471 0.937472407023112
33.3699993407354 0.937587102254232
33.3749993406236 0.940219942728678
33.3799993405119 0.937438265482585
33.3849993404001 0.943717575073242
33.3899993402883 0.955708312988281
33.3949993401766 0.960858154296875
33.3999993400648 0.967543029785156
33.4049993399531 0.967548751831055
33.4099993398413 0.981838607788086
33.4149993397295 0.991145706176758
33.4199993396178 1.00141792297363
33.424999339506 0.98880558013916
33.4299993393943 0.971214040120443
33.4349993392825 0.981085141499837
33.4399993391708 0.998142306009928
33.444999339059 0.994702657063802
33.4499993389472 0.98821169535319
33.4549993388355 0.953329022725423
33.4599993387237 0.936753209431966
33.464999338612 0.944660504659017
33.4699993385002 0.932393328348796
33.4749993383884 0.949758783976237
33.4799993382767 0.963603401184082
33.4849993381649 0.967232958475749
33.4899993380532 0.958648236592611
33.4949993379414 0.935259119669596
33.4999993378296 0.91523323059082
33.5049993377179 0.923328272501628
33.5099993376061 0.935925928751628
33.5149993374944 0.950106048583984
33.5199993373826 0.9570982615153
33.5249993372709 0.961855316162109
33.5299993371591 0.973872566223145
33.5349993370473 0.993506368001302
33.5399993369356 0.991064453125
33.5449993368238 0.975893020629883
33.5499993367121 0.959213638305664
33.5549993366003 0.963589859008789
33.5599993364885 0.973721504211426
33.5649993363768 0.967295773824056
33.569999336265 0.955468622843424
33.5749993361533 0.938077545166016
33.5799993360415 0.936014747619629
33.5849993359298 0.927987289428711
33.589999335818 0.931345367431641
33.5949993357062 0.919521204630534
33.5999993355945 0.932827949523926
33.6049993354827 0.949673016866048
33.609999335371 0.970014190673828
33.6149993352592 0.998241678873698
33.6199993351474 1.01809005737305
33.6249993350357 1.00858910878499
33.6299993349239 0.995956802368164
33.6349993348122 0.977373441060384
33.6399993347004 0.985736401875814
33.6449993345886 0.984334500630697
33.6499993344769 0.963408533732096
33.6549993343651 0.939016914367676
33.6599993342534 0.933528963724772
33.6649993341416 0.955103492736816
33.6699993340299 0.957088534037272
33.6749993339181 0.950717226664225
33.6799993338063 0.924518013000488
33.6849993336946 0.93638178507487
33.6899993335828 0.939896901448568
33.6949993334711 0.937689526875814
33.6999993333593 0.925140953063965
33.7049993332475 0.931484921773275
33.7099993331358 0.942896779378255
33.714999333024 0.948874982198079
33.7199993329123 0.939583587646484
33.7249993328005 0.926327578226725
33.7299993326887 0.928659629821777
33.734999332577 0.917704772949219
33.7399993324652 0.915941111246745
33.7449993323535 0.922821362813314
33.7499993322417 0.922496922810872
33.75499933213 0.919143295288086
33.7599993320182 0.921397972106934
33.7649993319064 0.916046778361003
33.7699993317947 0.931187693277995
33.7749993316829 0.931626510620117
33.7799993315712 0.923502731323242
33.7849993314594 0.924886512756348
33.7899993313476 0.916941134134928
33.7949993312359 0.93033873240153
33.7999993311241 0.930049196879069
33.8049993310124 0.92526969909668
33.8099993309006 0.89962272644043
33.8149993307889 0.89027214050293
33.8199993306771 0.886881764729818
33.8249993305653 0.879785601298014
33.8299993304536 0.875550397237142
33.8349993303418 0.894245592753092
33.8399993302301 0.916720390319824
33.8449993301183 0.943899917602539
33.8499993300065 0.965309079488119
33.8549993298948 0.975810559590658
33.859999329783 0.982946014404297
33.8649993296713 1.00120455423991
33.8699993295595 0.982667605082194
33.8749993294477 0.966323089599609
33.879999329336 0.950764274597168
33.8849993292242 0.945032628377279
33.8899993291125 0.949536514282227
33.8949993290007 0.963006973266602
33.899999328889 0.962889925638835
33.9049993287772 0.957244936625163
33.9099993286654 0.962928517659505
33.9149993285537 0.951598358154297
33.9199993284419 0.939592043558756
33.9249993283302 0.934963734944661
33.9299993282184 0.930257987976074
33.9349993281066 0.947675387064616
33.9399993279949 0.957532628377279
33.9449993278831 0.960869407653809
33.9499993277714 0.957372665405273
33.9549993276596 0.965060742696126
33.9599993275478 0.988517506917318
33.9649993274361 0.981565284729004
33.9699993273243 0.966608301798503
33.9749993272126 0.933213233947754
33.9799993271008 0.907065073649089
33.9849993269891 0.917626889546712
33.9899993268773 0.91492805480957
33.9949993267655 0.904764366149902
33.9999993266538 0.880812581380208
34.004999326542 0.86957639058431
34.0099993264303 0.887351163228353
34.0149993263185 0.91418571472168
34.0199993262067 0.906990178426107
34.024999326095 0.919469006856283
34.0299993259832 0.927150789896647
34.0349993258715 0.925962702433268
34.0399993257597 0.92869561513265
34.044999325648 0.944351196289063
34.0499993255362 0.949610074361165
34.0549993254244 0.965424664815267
34.0599993253127 0.957038307189941
34.0649993252009 0.976762580871582
34.0699993250892 0.974459457397461
34.0749993249774 0.95819772084554
34.0799993248656 0.935022608439128
34.0849993247539 0.93496462504069
34.0899993246421 0.961404037475586
34.0949993245304 0.969704500834147
34.0999993244186 0.956080627441406
34.1049993243068 0.953374926249186
34.1099993241951 0.949463526407878
34.1149993240833 0.961606661478678
34.1199993239716 0.970082664489746
34.1249993238598 0.969997596740723
34.1299993237481 0.972176424662272
34.1349993236363 0.973620796203613
34.1399993235245 0.992693138122559
34.1449993234128 1.00037822723389
34.149999323301 0.991339365641276
34.1549993231893 0.978813171386719
34.1599993230775 0.968634096781413
34.1649993229657 0.962721316019694
34.169999322854 0.982373555501302
34.1749993227422 0.987286949157715
34.1799993226305 0.984073066711426
34.1849993225187 0.977439371744792
34.1899993224069 0.974196751912435
34.1949993222952 0.960598119099935
34.1999993221834 0.960038693745931
34.2049993220717 0.957622210184733
34.2099993219599 0.966000493367513
34.2149993218482 0.976098187764486
34.2199993217364 0.965359179178874
34.2249993216246 0.949675687154134
34.2299993215129 0.957851982116699
34.2349993214011 0.956690979003906
34.2399993212894 0.959977595011393
34.2449993211776 0.965254783630371
34.2499993210658 0.971950848897298
34.2549993209541 0.990427462259928
34.2599993208423 0.995134607950846
34.2649993207306 0.986713536580404
34.2699993206188 0.981185976664225
34.2749993205071 0.971475982666016
34.2799993203953 0.963735135396322
34.2849993202835 0.958770434061686
34.2899993201718 0.955253791809082
34.29499932006 0.956606610616048
34.2999993199483 0.966906547546387
34.3049993198365 0.966305987040202
34.3099993197247 0.977476247151693
34.314999319613 0.989910125732422
34.3199993195012 1.00365308125814
34.3249993193895 0.999397659301758
34.3299993192777 0.983537991841634
34.3349993191659 0.952007102966309
34.3399993190542 0.930995941162109
34.3449993189424 0.93527291615804
34.3499993188307 0.930929883321126
34.3549993187189 0.926170285542806
34.3599993186072 0.955633799235026
34.3649993184954 0.970636177062988
34.3699993183836 1.01143830617269
34.3749993182719 1.01484298706055
34.3799993181601 1.03132508595785
34.3849993180484 1.02423763275146
34.3899993179366 1.01093215942383
34.3949993178248 0.988678868611654
34.3999993177131 0.978374671936035
34.4049993176013 0.994086519877116
34.4099993174896 0.990181159973144
34.4149993173778 0.985004615783691
34.419999317266 0.981640179951986
34.4249993171543 0.985983848571777
34.4299993170425 0.996058082580566
34.4349993169308 0.997650210062663
34.439999316819 0.997044626871745
34.4449993167073 0.987091890970866
34.4499993165955 0.972665023803711
34.4549993164837 0.964459164937337
34.459999316372 0.965192667643229
34.4649993162602 0.974685986836751
34.4699993161485 0.975931485493978
34.4749993160367 0.988039779663086
34.4799993159249 0.969012896219889
34.4849993158132 0.962571716308594
34.4899993157014 0.971377563476562
34.4949993155897 0.980396970113118
34.4999993154779 0.966301345825195
34.5049993153661 0.93630485534668
34.5099993152544 0.915590222676595
34.5149993151426 0.933505121866862
34.5199993150309 0.943703651428223
34.5249993149191 0.934095827738444
34.5299993148074 0.926561546325684
34.5349993146956 0.936491839090983
34.5399993145838 0.961217435201009
34.5449993144721 0.977902094523112
34.5499993143603 0.966322390238444
34.5549993142486 0.958185577392578
34.5599993141368 0.939494450887044
34.564999314025 0.95163459777832
34.5699993139133 0.964901733398438
34.5749993138015 0.97760550181071
34.5799993136898 0.962869389851888
34.584999313578 0.959772555033366
34.5899993134663 0.970325469970703
34.5949993133545 0.972760518391927
34.5999993132427 0.974617513020833
34.604999313131 0.957008552551269
34.6099993130192 0.957807795206706
34.6149993129075 0.97294127146403
34.6199993127957 0.97564271291097
34.6249993126839 0.967355346679687
34.6299993125722 0.953242365519206
34.6349993124604 0.950628598531087
34.6399993123487 0.938457489013672
34.6449993122369 0.946110598246257
34.6499993121251 0.926358604431152
34.6549993120134 0.923803901672363
34.6599993119016 0.926349449157715
34.6649993117899 0.930248896280924
34.6699993116781 0.946036338806152
34.6749993115664 0.957909965515137
34.6799993114546 0.954451179504395
34.6849993113428 0.940772755940755
34.6899993112311 0.927830123901367
34.6949993111193 0.927727699279785
34.6999993110076 0.937348175048828
34.7049993108958 0.941836484273275
34.709999310784 0.943685022989909
34.7149993106723 0.946703275044759
34.7199993105605 0.931270535786947
34.7249993104488 0.924105962117513
34.729999310337 0.929037666320801
34.7349993102252 0.950855700174967
34.7399993101135 0.964935557047526
34.7449993100017 0.966479174296061
34.74999930989 0.965217844645182
34.7549993097782 0.972615877787272
34.7599993096665 0.966295369466146
34.7649993095547 0.955663744608561
34.7699993094429 0.954140154520671
34.7749993093312 0.973185348510742
34.7799993092194 0.982571347554525
34.7849993091077 0.975096003214518
34.7899993089959 0.942811902364095
34.7949993088841 0.932770919799805
34.7999993087724 0.9300994237264
34.8049993086606 0.933672777811686
34.8099993085489 0.911399968465169
34.8149993084371 0.904945055643717
34.8199993083254 0.92615712483724
34.8249993082136 0.945785140991211
34.8299993081018 0.939568074544271
34.8349993079901 0.925433603922526
34.8399993078783 0.927258491516113
34.8449993077666 0.947710100809733
34.8499993076548 0.957762908935547
34.854999307543 0.958227094014486
34.8599993074313 0.964148902893066
34.8649993073195 0.971126619974772
34.8699993072078 0.977520688374837
34.874999307096 0.973213450113932
34.8799993069842 0.957518196105957
34.8849993068725 0.93699779510498
34.8899993067607 0.942462539672852
34.894999306649 0.970174153645833
34.8999993065372 0.984930102030436
34.9049993064255 0.996132024129232
34.9099993063137 0.994577471415202
34.9149993062019 0.994239997863769
34.9199993060902 0.994306055704753
34.9249993059784 0.990751775105794
34.9299993058667 0.996646817525228
34.9349993057549 0.99972718556722
34.9399993056431 0.983160845438639
34.9449993055314 0.959198824564616
34.9499993054196 0.947232373555501
34.9549993053079 0.937310473124186
34.9599993051961 0.92869078318278
34.9649993050843 0.932451375325521
34.9699993049726 0.960231653849284
34.9749993048608 0.96948496500651
34.9799993047491 0.972942097981771
34.9849993046373 0.951234753926595
34.9899993045256 0.948777516682943
34.9949993044138 0.951387214660645
34.999999304302 0.935628700256348
35.0049993041903 0.913787905375163
35.0099993040785 0.916458702087402
35.0149993039668 0.92267640431722
35.019999303855 0.921249643961589
35.0249993037432 0.920544560750326
35.0299993036315 0.923681513468425
35.0349993035197 0.946051851908366
35.039999303408 0.941088612874349
35.0449993032962 0.923533185323079
35.0499993031845 0.899043973286947
35.0549993030727 0.89698543548584
35.0599993029609 0.897098668416341
35.0649993028492 0.923345438639323
35.0699993027374 0.921088727315267
35.0749993026257 0.93299134572347
35.0799993025139 0.924630037943522
35.0849993024021 0.917550468444824
35.0899993022904 0.914256350199382
35.0949993021786 0.928094418843587
35.0999993020669 0.934986114501953
35.1049993019551 0.938094011942546
35.1099993018433 0.95115795135498
35.1149993017316 0.96406078338623
35.1199993016198 0.973882611592611
35.1249993015081 0.962291717529297
35.1299993013963 0.94093755086263
35.1349993012846 0.928981844584147
35.1399993011728 0.93194408416748
35.144999301061 0.926852862040202
35.1499993009493 0.927330017089844
35.1549993008375 0.9384552637736
35.1599993007258 0.936836751302083
35.164999300614 0.933014742533366
35.1699993005022 0.909931882222493
35.1749993003905 0.906370671590169
35.1799993002787 0.919166882832845
35.184999300167 0.922272300720215
35.1899993000552 0.912825393676758
35.1949992999434 0.91225840250651
35.1999992998317 0.928710428873698
35.2049992997199 0.948687744140625
35.2099992996082 0.960125541687012
35.2149992994964 0.955748303731283
35.2199992993847 0.942406336466471
35.2249992992729 0.926386260986328
35.2299992991611 0.926995277404785
35.2349992990494 0.93846747080485
35.2399992989376 0.949941953023275
35.2449992988259 0.934405390421549
35.2499992987141 0.921923319498698
35.2549992986023 0.889822324117025
35.2599992984906 0.879684702555339
35.2649992983788 0.891128349304199
35.2699992982671 0.902773793538411
35.2749992981553 0.929545529683431
35.2799992980435 0.950033124287923
35.2849992979318 0.955268796284994
35.28999929782 0.980953534444173
35.2949992977083 0.97495485941569
35.2999992975965 0.96503963470459
35.3049992974848 0.946909268697103
35.309999297373 0.926120313008626
35.3149992972612 0.93119010925293
35.3199992971495 0.933860524495443
35.3249992970377 0.948152351379395
35.329999296926 0.959093793233236
35.3349992968142 0.952249272664388
35.3399992967024 0.962688636779785
35.3449992965907 0.96419932047526
35.3499992964789 0.969316800435384
35.3549992963672 0.969981956481934
35.3599992962554 0.937758636474609
35.3649992961437 0.930388196309408
35.3699992960319 0.928840827941894
35.3749992959201 0.940937805175781
35.3799992958084 0.943064626057943
35.3849992956966 0.932672754923503
35.3899992955849 0.931684748331706
35.3949992954731 0.925296847025553
35.3999992953613 0.923153495788574
35.4049992952496 0.919547526041667
35.4099992951378 0.914549891153971
35.4149992950261 0.917308108011882
35.4199992949143 0.929794311523438
35.4249992948025 0.934160931905111
35.4299992946908 0.942765045166016
35.434999294579 0.951749102274577
35.4399992944673 0.960900561014811
35.4449992943555 0.962890370686849
35.4499992942438 0.961236508687337
35.454999294132 0.948846054077148
35.4599992940202 0.953522809346517
35.4649992939085 0.96440003712972
35.4699992937967 0.984763145446777
35.474999293685 1.00752906799316
35.4799992935732 1.03030287424723
35.4849992934614 1.01826140085856
35.4899992933497 1.00817419687907
35.4949992932379 0.984670003255208
35.4999992931262 0.994217300415039
35.5049992930144 1.01046848297119
35.5099992929026 1.03094291687012
35.5149992927909 1.03246129353841
35.5199992926791 1.04250596364339
35.5249992925674 1.06424045562744
35.5299992924556 1.09748382568359
35.5349992923439 1.11982955932617
35.5399992922321 1.13554433186849
35.5449992921203 1.14873288472493
35.5499992920086 1.16169281005859
35.5549992918968 1.18153699239095
35.5599992917851 1.20161158243815
35.5649992916733 1.2359676361084
35.5699992915615 1.25726013183594
35.5749992914498 1.28153737386068
35.579999291338 1.2935853322347
35.5849992912263 1.28431434631348
35.5899992911145 1.26955833435059
35.5949992910028 1.26360448201497
35.599999290891 1.28818613688151
35.6049992907792 1.32962443033854
35.6099992906675 1.35453554789225
35.6149992905557 1.36732457478841
35.619999290444 1.40701573689779
35.6249992903322 1.43085810343424
35.6299992902204 1.45659205118815
35.6349992901087 1.4470957438151
35.6399992899969 1.46052424112956
35.6449992898852 1.45077006022135
35.6499992897734 1.44878438313802
35.6549992896616 1.44560839335124
35.6599992895499 1.44872716267904
35.6649992894381 1.45609003702799
35.6699992893264 1.44879468282064
35.6749992892146 1.40980567932129
35.6799992891029 1.39218839009603
35.6849992889911 1.40183690388997
35.6899992888793 1.40219408671061
35.6949992887676 1.4424249013265
35.6999992886558 1.44933471679688
35.7049992885441 1.43242568969727
35.7099992884323 1.40249989827474
35.7149992883205 1.38565190633138
35.7199992882088 1.38454055786133
35.724999288097 1.38268063863118
35.7299992879853 1.36173273722331
35.7349992878735 1.32965037027995
35.7399992877617 1.30923767089844
35.74499928765 1.27485198974609
35.7499992875382 1.26031405131022
35.7549992874265 1.26164067586263
35.7599992873147 1.24913749694824
35.764999287203 1.23995196024577
35.7699992870912 1.21405868530273
35.7749992869794 1.18660799662272
35.7799992868677 1.18565953572591
35.7849992867559 1.17940928141276
35.7899992866442 1.16438738505046
35.7949992865324 1.13905410766602
35.7999992864206 1.11541519165039
35.8049992863089 1.1179266611735
35.8099992861971 1.11493860880534
35.8149992860854 1.09414749145508
35.8199992859736 1.07866058349609
35.8249992858619 1.07641805013021
35.8299992857501 1.06657511393229
35.8349992856383 1.05812238057454
35.8399992855266 1.03346678415934
35.8449992854148 1.02662309010824
35.8499992853031 1.00980218251546
35.8549992851913 1.01363391876221
35.8599992850795 1.01146710713704
35.8649992849678 1.03545831044515
35.869999284856 1.04998366038005
35.8749992847443 1.04757118225098
35.8799992846325 1.03967825571696
35.8849992845207 1.01343930562337
35.889999284409 0.976026153564453
35.8949992842972 0.940675926208496
35.8999992841855 0.940243530273438
35.9049992840737 0.950111389160156
35.909999283962 0.955570411682129
35.9149992838502 0.949295743306478
35.9199992837384 0.947589111328125
35.9249992836267 0.961079978942871
35.9299992835149 0.976514943440755
35.9349992834032 0.992507235209147
35.9399992832914 1.00705750783284
35.9449992831796 1.01705582936605
35.9499992830679 1.01300118764242
35.9549992829561 0.98937193552653
35.9599992828444 0.963370132446289
35.9649992827326 0.942883682250977
35.9699992826208 0.92810312906901
35.9749992825091 0.932587877909343
35.9799992823973 0.939147758483887
35.9849992822856 0.953111775716146
35.9899992821738 0.967488797505697
35.9949992820621 0.960776329040527
35.9999992819503 0.937990125020345
36.0049992818385 0.929673703511556
36.0099992817268 0.922962951660156
36.014999281615 0.913844680786133
36.0199992815033 0.910112444559733
36.0249992813915 0.905349540710449
36.0299992812797 0.903599230448405
36.034999281168 0.906639035542806
36.0399992810562 0.907710266113281
36.0449992809445 0.91424446105957
36.0499992808327 0.914224688212077
36.0549992807209 0.921082433064779
36.0599992806092 0.928795687357585
36.0649992804974 0.945517158508301
36.0699992803857 0.9521027247111
36.0749992802739 0.942382049560547
36.0799992801622 0.936782709757487
36.0849992800504 0.953823979695638
36.0899992799386 0.954627736409505
36.0949992798269 0.95405330657959
36.0999992797151 0.938681284586589
36.1049992796034 0.932523091634115
36.1099992794916 0.933161481221517
36.1149992793798 0.945767656962077
36.1199992792681 0.972195688883464
36.1249992791563 0.976843516031901
36.1299992790446 0.95911979675293
36.1349992789328 0.929530207316081
36.1399992788211 0.919854100545247
36.1449992787093 0.91528434753418
36.1499992785975 0.924384943644206
36.1549992784858 0.916776275634766
36.159999278374 0.93308219909668
36.1649992782623 0.942385037740072
36.1699992781505 0.942836825052897
36.1749992780387 0.927756118774414
36.179999277927 0.916528129577637
36.1849992778152 0.917926406860352
36.1899992777035 0.929928270975749
36.1949992775917 0.919772783915202
36.1999992774799 0.91408748626709
36.2049992773682 0.900572840372721
36.2099992772564 0.90139217376709
36.2149992771447 0.913576126098633
36.2199992770329 0.904932467142741
36.2249992769212 0.89647274017334
36.2299992768094 0.892972755432129
36.2349992766976 0.890768114725749
36.2399992765859 0.910932223002116
36.2449992764741 0.913572947184245
36.2499992763624 0.895892016092936
36.2549992762506 0.898420969645182
36.2599992761388 0.905852444966634
36.2649992760271 0.915098190307617
36.2699992759153 0.928222910563151
36.2749992758036 0.929538790384928
36.2799992756918 0.925449562072754
36.28499927558 0.925527763366699
36.2899992754683 0.926597468058268
36.2949992753565 0.934245491027832
36.2999992752448 0.934957059224447
36.304999275133 0.921679878234863
36.3099992750213 0.896947288513184
36.3149992749095 0.878804206848145
36.3199992747977 0.875791867574056
36.324999274686 0.887626711527507
36.3299992745742 0.888264274597168
36.3349992744625 0.898377418518066
36.3399992743507 0.880389277140299
36.3449992742389 0.89977289835612
36.3499992741272 0.911764272054036
36.3549992740154 0.923520596822103
36.3599992739037 0.926634089152018
36.3649992737919 0.945166905721029
36.3699992736802 0.973466682434082
36.3749992735684 0.989964294433594
36.3799992734566 0.973708661397298
36.3849992733449 0.945806821187337
36.3899992732331 0.932689221700033
36.3949992731214 0.933687782287598
36.3999992730096 0.949863115946452
36.4049992728978 0.953784624735514
36.4099992727861 0.941983922322591
36.4149992726743 0.944005457560221
36.4199992725626 0.932160758972168
36.4249992724508 0.937483215332031
36.429999272339 0.94517567952474
36.4349992722273 0.955725606282552
36.4399992721155 0.967032305399577
36.4449992720038 0.988836479187012
36.449999271892 0.982912445068359
36.4549992717803 0.98290843963623
36.4599992716685 0.981105359395345
36.4649992715567 0.968909645080566
36.469999271445 0.969220288594564
36.4749992713332 0.960536575317383
36.4799992712215 0.966139221191406
36.4849992711097 0.983429908752441
36.4899992709979 0.972257868448893
36.4949992708862 0.980102856953939
36.4999992707744 0.988949457804362
36.5049992706627 0.994328308105469
36.5099992705509 1.0027447382609
36.5149992704391 1.00383675893148
36.5199992703274 1.00561949412028
36.5249992702156 0.998436609903971
36.5299992701039 0.979919370015462
36.5349992699921 0.970616022745768
36.5399992698804 0.979411188761393
36.5449992697686 0.998289489746094
36.5499992696568 1.02574151357015
36.5549992695451 1.02085787455241
36.5599992694333 1.00447870890299
36.5649992693216 0.987787755330404
36.5699992692098 0.977599207560221
36.574999269098 1.00954971313477
36.5799992689863 1.00700136820475
36.5849992688745 1.01260579427083
36.5899992687628 1.01213868459066
36.594999268651 1.02515316009521
36.5999992685393 1.0344290415446
36.6049992684275 1.03105640411377
36.6099992683157 1.01218395233154
36.614999268204 1.03885072072347
36.6199992680922 1.04705251057943
36.6249992679805 1.05958576202393
36.6299992678687 1.06200942993164
36.6349992677569 1.06435508728027
36.6399992676452 1.07866376241048
36.6449992675334 1.09065996805827
36.6499992674217 1.07982927958171
36.6549992673099 1.08032455444336
36.6599992671981 1.10194727579753
36.6649992670864 1.12002487182617
36.6699992669746 1.11456120808919
36.6749992668629 1.11081771850586
36.6799992667511 1.12648150126139
36.6849992666394 1.15431531270345
36.6899992665276 1.16338017781576
36.6949992664158 1.1647954305013
36.6999992663041 1.1667293548584
36.7049992661923 1.1928768157959
36.7099992660806 1.2304749806722
36.7149992659688 1.25750427246094
36.719999265857 1.28873761494954
36.7249992657453 1.32325960795085
36.7299992656335 1.36200942993164
36.7349992655218 1.41496569315592
36.73999926541 1.44484837849935
36.7449992652982 1.45791867574056
36.7499992651865 1.4647087097168
36.7549992650747 1.47823333740234
36.759999264963 1.49871673583984
36.7649992648512 1.53109982808431
36.7699992647395 1.55443852742513
36.7749992646277 1.56557896931966
36.7799992645159 1.58244717915853
36.7849992644042 1.59055086771647
36.7899992642924 1.62843894958496
36.7949992641807 1.63013979593913
36.7999992640689 1.65810254414876
36.8049992639571 1.70130221048991
36.8099992638454 1.72513771057129
36.8149992637336 1.75619430541992
36.8199992636219 1.7544740041097
36.8249992635101 1.7847848256429
36.8299992633983 1.82548624674479
36.8349992632866 1.81575037638346
36.8399992631748 1.78753573099772
36.8449992630631 1.77806549072266
36.8499992629513 1.76062545776367
36.8549992628396 1.7762949625651
36.8599992627278 1.74194094340007
36.864999262616 1.72730369567871
36.8699992625043 1.73260943094889
36.8749992623925 1.73499603271484
36.8799992622808 1.73035519917806
36.884999262169 1.68528188069661
36.8899992620572 1.6386973063151
36.8949992619455 1.62151667277018
36.8999992618337 1.60896275838216
36.904999261722 1.60272928873698
36.9099992616102 1.59536018371582
36.9149992614985 1.56326688130697
36.9199992613867 1.54123064676921
36.9249992612749 1.51186993916829
36.9299992611632 1.49705479939779
36.9349992610514 1.50477905273437
36.9399992609397 1.49420166015625
36.9449992608279 1.47479464213053
36.9499992607161 1.48643646240234
36.9549992606044 1.46441663106283
36.9599992604926 1.40563697814941
36.9649992603809 1.36385358174642
36.9699992602691 1.33566449483236
36.9749992601573 1.30976956685384
36.9799992600456 1.27118263244629
36.9849992599338 1.21871210734049
36.9899992598221 1.20640920003255
36.9949992597103 1.23287989298503
36.9999992595986 1.24311358133952
37.0049992594868 1.23648274739583
37.009999259375 1.23251482645671
37.0149992592633 1.22335955301921
37.0199992591515 1.19956881205241
37.0249992590398 1.15362993876139
37.029999258928 1.10846430460612
37.0349992588162 1.10514945983887
37.0399992587045 1.09450543721517
37.0449992585927 1.07887395222982
37.049999258481 1.07328300476074
37.0549992583692 1.05676205952962
37.0599992582574 1.04450976053874
37.0649992581457 1.00654996236165
37.0699992580339 0.960782368977865
37.0749992579222 0.946679496765137
37.0799992578104 0.946314875284831
37.0849992576987 0.945197168986003
37.0899992575869 0.952806599934896
37.0949992574751 0.942431322733561
37.0999992573634 0.93002986907959
37.1049992572516 0.91546745300293
37.1099992571399 0.927032407124837
37.1149992570281 0.941860071818034
37.1199992569163 0.936212476094564
37.1249992568046 0.931344731648763
37.1299992566928 0.918889554341634
37.1349992565811 0.928904342651367
37.1399992564693 0.932062975565592
37.1449992563576 0.925234985351562
37.1499992562458 0.911609077453613
37.154999256134 0.911307017008464
37.1599992560223 0.888791084289551
37.1649992559105 0.890619786580404
37.1699992557988 0.88310063680013
37.174999255687 0.881045405069987
37.1799992555752 0.884641456604004
37.1849992554635 0.855089505513509
37.1899992553517 0.841067377726237
37.19499925524 0.839100011189779
37.1999992551282 0.823594538370768
37.2049992550164 0.836947504679362
37.2099992549047 0.840952110290527
37.2149992547929 0.833731333414714
37.2199992546812 0.81442330678304
37.2249992545694 0.77721996307373
37.2299992544577 0.759629821777344
37.2349992543459 0.776547813415527
37.2399992542341 0.80603199005127
37.2449992541224 0.828839174906413
37.2499992540106 0.837519073486328
37.2549992538989 0.844544728597005
37.2599992537871 0.836684036254883
37.2649992536753 0.830123583475749
37.2699992535636 0.829463768005371
37.2749992534518 0.820059013366699
37.2799992533401 0.821725209554037
37.2849992532283 0.799562136332194
37.2899992531165 0.791148312886556
37.2949992530048 0.799883715311686
37.299999252893 0.809384791056315
37.3049992527813 0.801358413696289
37.3099992526695 0.78031120300293
37.3149992525578 0.784270985921224
37.319999252446 0.782570775349935
37.3249992523342 0.788994407653809
37.3299992522225 0.773494784037272
37.3349992521107 0.781377538045247
37.339999251999 0.797754987080892
37.3449992518872 0.807044665018717
37.3499992517754 0.807903099060059
37.3549992516637 0.807404581705729
37.3599992515519 0.821875890096029
37.3649992514402 0.837389183044434
37.3699992513284 0.843795967102051
37.3749992512167 0.847936248779297
37.3799992511049 0.843091138203939
37.3849992509931 0.82445608774821
37.3899992508814 0.816734886169434
37.3949992507696 0.806409009297689
37.3999992506579 0.82225399017334
37.4049992505461 0.831425412495931
37.4099992504343 0.804406356811523
37.4149992503226 0.777655855814616
37.4199992502108 0.777241516113281
37.4249992500991 0.778723526000977
37.4299992499873 0.796531677246094
37.4349992498755 0.787507565816243
37.4399992497638 0.785623995463053
37.444999249652 0.789746856689453
37.4499992495403 0.804052670796712
37.4549992494285 0.806721369425456
37.4599992493168 0.830203946431478
37.464999249205 0.829689407348633
37.4699992490932 0.848621241251628
37.4749992489815 0.848439534505208
37.4799992488697 0.831650861104329
37.484999248758 0.815149561564128
37.4899992486462 0.818563143412272
37.4949992485344 0.828327496846517
37.4999992484227 0.849658203125
37.5049992483109 0.839478047688802
37.5099992481992 0.833912086486816
37.5149992480874 0.813750330607096
37.5199992479756 0.816478538513184
37.5249992478639 0.829358545939128
37.5299992477521 0.824812825520833
37.5349992476404 0.803369649251302
37.5399992475286 0.788305791219076
37.5449992474169 0.768989690144857
37.5499992473051 0.779581769307454
37.5549992471933 0.793380928039551
37.5599992470816 0.805142911275228
37.5649992469698 0.829942067464193
37.5699992468581 0.82669506072998
37.5749992467463 0.828250567118327
37.5799992466345 0.81440601348877
37.5849992465228 0.811121431986491
37.589999246411 0.81599915822347
37.5949992462993 0.822249857584635
37.5999992461875 0.805246734619141
37.6049992460757 0.797827084859212
37.609999245964 0.802607091267904
37.6149992458522 0.799452273050944
37.6199992457405 0.795884641011556
37.6249992456287 0.791500663757324
37.629999245517 0.788092803955078
37.6349992454052 0.802917035420736
37.6399992452934 0.787529500325521
37.6449992451817 0.780768585205078
37.6499992450699 0.783455467224121
37.6549992449582 0.797064590454102
37.6599992448464 0.786772092183431
37.6649992447346 0.784384409586589
37.6699992446229 0.785216776529948
37.6749992445111 0.795091374715169
37.6799992443994 0.801639811197917
37.6849992442876 0.791325187683105
37.6899992441759 0.783681297302246
37.6949992440641 0.783415285746257
37.6999992439523 0.77595755259196
37.7049992438406 0.772857411702474
37.7099992437288 0.773885536193848
37.7149992436171 0.766694323221843
37.7199992435053 0.762897555033366
37.7249992433935 0.764956410725911
37.7299992432818 0.747156397501628
37.73499924317 0.747962760925293
37.7399992430583 0.7411195119222
37.7449992429465 0.74272346496582
37.7499992428347 0.750123151143392
37.754999242723 0.765332349141439
37.7599992426112 0.776976140340169
37.7649992424995 0.781651178995768
37.7699992423877 0.772760581970215
37.774999242276 0.76784553527832
37.7799992421642 0.762328402201335
37.7849992420524 0.758574295043945
37.7899992419407 0.765398852030436
37.7949992418289 0.772785186767578
37.7999992417172 0.778741327921549
37.8049992416054 0.779079500834147
37.8099992414936 0.775499598185221
37.8149992413819 0.777215194702148
37.8199992412701 0.772603607177734
37.8249992411584 0.767260551452637
37.8299992410466 0.761433474222819
37.8349992409348 0.7623322168986
37.8399992408231 0.762233098347982
37.8449992407113 0.75090446472168
37.8499992405996 0.744690068562825
37.8549992404878 0.744978713989258
37.8599992403761 0.73252690633138
37.8649992402643 0.738348515828451
37.8699992401525 0.747401491800944
37.8749992400408 0.755444780985514
37.879999239929 0.773539225260417
37.8849992398173 0.750605773925781
37.8899992397055 0.731913121541341
37.8949992395937 0.72720832824707
37.899999239482 0.725763575236003
37.9049992393702 0.73233470916748
37.9099992392585 0.740745417277018
37.9149992391467 0.748364575703939
37.919999239035 0.753253491719564
37.9249992389232 0.736557070414225
37.9299992388114 0.726032511393229
37.9349992386997 0.736505317687988
37.9399992385879 0.736458651224772
37.9449992384762 0.738549613952637
37.9499992383644 0.714836629231771
37.9549992382526 0.71547311147054
37.9599992381409 0.73991158803304
37.9649992380291 0.760573132832845
37.9699992379174 0.773678461710612
37.9749992378056 0.767738151550293
37.9799992376938 0.757487996419271
37.9849992375821 0.766986147562663
37.9899992374703 0.756134223937988
37.9949992373586 0.758426666259766
37.9999992372468 0.747961807250977
38.0049992371351 0.738029479980469
38.0099992370233 0.730774243672689
38.0149992369115 0.738455454508464
38.0199992367998 0.747570292154948
38.024999236688 0.749043718973796
38.0299992365763 0.745992660522461
38.0349992364645 0.751528612772624
38.0399992363527 0.755410321553548
38.044999236241 0.763706843058268
38.0499992361292 0.753688049316406
38.0549992360175 0.743993250528971
38.0599992359057 0.74458688100179
38.0649992357939 0.735126749674479
38.0699992356822 0.739808972676595
38.0749992355704 0.752540969848633
38.0799992354587 0.770564079284668
38.0849992353469 0.78149356842041
38.0899992352352 0.773147583007813
38.0949992351234 0.771032524108887
38.0999992350116 0.76183541615804
38.1049992348999 0.754548009236654
38.1099992347881 0.760968971252441
38.1149992346764 0.762784767150879
38.1199992345646 0.750120162963867
38.1249992344528 0.730758412679036
38.1299992343411 0.725402069091797
38.1349992342293 0.735513814290365
38.1399992341176 0.741461245218913
38.1449992340058 0.731796073913574
38.1499992338941 0.731340154012044
38.1549992337823 0.727604230244954
38.1599992336705 0.728990427652995
38.1649992335588 0.720337804158529
38.169999233447 0.718777338663737
38.1749992333353 0.730886967976888
38.1799992332235 0.736333338419596
38.1849992331117 0.75194517771403
38.189999233 0.757090059916178
38.1949992328882 0.756032562255859
38.1999992327765 0.752235539754232
38.2049992326647 0.739193725585938
38.2099992325529 0.750789324442546
38.2149992324412 0.750329780578613
38.2199992323294 0.748554865519206
38.2249992322177 0.728109423319499
38.2299992321059 0.731456629435221
38.2349992319942 0.733977890014648
38.2399992318824 0.744031651814779
38.2449992317706 0.748629442850749
38.2499992316589 0.744347508748372
38.2549992315471 0.746081097920736
38.2599992314354 0.746569315592448
38.2649992313236 0.742508506774902
38.2699992312118 0.739631716410319
38.2749992311001 0.736893844604492
38.2799992309883 0.739358456929525
38.2849992308766 0.748689270019531
38.2899992307648 0.747383371988932
38.294999230653 0.748567962646484
38.2999992305413 0.748672612508138
38.3049992304295 0.748280207316081
38.3099992303178 0.753142102559408
38.314999230206 0.746007283528646
38.3199992300943 0.746002197265625
38.3249992299825 0.741989835103353
38.3299992298707 0.738238716125488
38.334999229759 0.734024810791016
38.3399992296472 0.726388104756673
38.3449992295355 0.738633410135905
38.3499992294237 0.757489331563314
38.3549992293119 0.768292808532715
38.3599992292002 0.777287483215332
38.3649992290884 0.761402320861816
38.3699992289767 0.763071505228678
38.3749992288649 0.76560599009196
38.3799992287532 0.752212206522624
38.3849992286414 0.761538950602214
38.3899992285296 0.754383023579915
38.3949992284179 0.771818923950195
38.3999992283061 0.786981964111328
38.4049992281944 0.791356976826986
38.4099992280826 0.796065012613932
38.4149992279708 0.798452059427897
38.4199992278591 0.800640042622884
38.4249992277473 0.80547924041748
38.4299992276356 0.797299448649089
38.4349992275238 0.794235928853353
38.439999227412 0.788139533996582
38.4449992273003 0.762483406066895
38.4499992271885 0.73740062713623
38.4549992270768 0.741371536254883
38.459999226965 0.748286819458008
38.4649992268533 0.750490760803223
38.4699992267415 0.748074785868327
38.4749992266297 0.730803680419922
38.479999226518 0.737350527445475
38.4849992264062 0.744117673238119
38.4899992262945 0.765175692240397
38.4949992261827 0.779375457763672
38.4999992260709 0.791644287109375
38.5049992259592 0.784608014424642
38.5099992258474 0.764137776692708
38.5149992257357 0.753722763061523
38.5199992256239 0.742652829488119
38.5249992255121 0.753325271606445
38.5299992254004 0.743228658040365
38.5349992252886 0.742127418518066
38.5399992251769 0.744658597310384
38.5449992250651 0.764447784423828
38.5499992249534 0.758469645182292
38.5549992248416 0.741199684143066
38.5599992247298 0.738994598388672
38.5649992246181 0.748070335388184
38.5699992245063 0.744996134440104
38.5749992243946 0.732778549194336
38.5799992242828 0.733458137512207
38.584999224171 0.734985987345378
38.5899992240593 0.746013196309408
38.5949992239475 0.748299980163574
38.5999992238358 0.753104082743327
38.604999223724 0.758702913920085
38.6099992236122 0.772095108032227
38.6149992235005 0.759142112731934
38.6199992233887 0.75217711130778
38.624999223277 0.73604253133138
38.6299992231652 0.717581494649251
38.6349992230535 0.712673823038737
38.6399992229417 0.714277521769206
38.6449992228299 0.714620717366536
38.6499992227182 0.724753634134928
38.6549992226064 0.722823333740234
38.6599992224947 0.715902900695801
38.6649992223829 0.733730761210124
38.6699992222711 0.743347485860189
38.6749992221594 0.745430564880371
38.6799992220476 0.751761372884115
38.6849992219359 0.74849116007487
38.6899992218241 0.763866488138835
38.6949992217124 0.76280091603597
38.6999992216006 0.760188420613607
38.7049992214888 0.75452569325765
38.7099992213771 0.733424186706543
38.7149992212653 0.724460601806641
38.7199992211536 0.705570030212402
38.7249992210418 0.701259930928548
38.72999922093 0.703286743164062
38.7349992208183 0.702017656962077
38.7399992207065 0.69536558787028
38.7449992205948 0.682335090637207
38.749999220483 0.679692268371582
38.7549992203712 0.704180971781413
38.7599992202595 0.719493548075358
38.7649992201477 0.724767049153646
38.769999220036 0.724899291992188
38.7749992199242 0.716595840454102
38.7799992198125 0.713853136698405
38.7849992197007 0.701609929402669
38.7899992195889 0.69196236928304
38.7949992194772 0.692003631591797
38.7999992193654 0.709255981445313
38.8049992192537 0.706117502848307
38.8099992191419 0.703438758850098
38.8149992190301 0.70521551767985
38.8199992189184 0.707729721069336
38.8249992188066 0.717115338643392
38.8299992186949 0.721796798706055
38.8349992185831 0.717408053080241
38.8399992184713 0.70890261332194
38.8449992183596 0.695615768432617
38.8499992182478 0.688589032491048
38.8549992181361 0.702606201171875
38.8599992180243 0.724294153849284
38.8649992179126 0.737162653605143
38.8699992178008 0.746023495992025
38.874999217689 0.74166374206543
38.8799992175773 0.733962313334147
38.8849992174655 0.716257349650065
38.8899992173538 0.713479042053223
38.894999217242 0.707402674357096
38.8999992171302 0.700336329142253
38.9049992170185 0.689961496988932
38.9099992169067 0.6959685643514
38.914999216795 0.702531178792318
38.9199992166832 0.697120475769043
38.9249992165715 0.692559750874837
38.9299992164597 0.690851593017578
38.9349992163479 0.698841921488444
38.9399992162362 0.697304471333822
38.9449992161244 0.691203244527181
38.9499992160127 0.691415596008301
38.9549992159009 0.714277903238932
38.9599992157891 0.733496920267741
38.9649992156774 0.733161290486654
38.9699992155656 0.727140172322591
38.9749992154539 0.724182001749675
38.9799992153421 0.724147288004557
38.9849992152303 0.724963760375977
38.9899992151186 0.722925186157227
38.9949992150068 0.719158871968587
38.9999992148951 0.726640446980794
39.0049992147833 0.713482093811035
39.0099992146716 0.710840098063151
39.0149992145598 0.702739270528158
39.019999214448 0.683089764912923
39.0249992143363 0.670843950907389
39.0299992142245 0.657077725728353
39.0349992141128 0.663116772969564
39.039999214001 0.67549565633138
39.0449992138892 0.686436971028646
39.0499992137775 0.703851699829102
39.0549992136657 0.710510762532552
39.059999213554 0.703301493326823
39.0649992134422 0.698731549580892
39.0699992133304 0.693873151143392
39.0749992132187 0.68898557027181
39.0799992131069 0.685692850748698
39.0849992129952 0.687841796875
39.0899992128834 0.70813414255778
39.0949992127717 0.726005045572917
39.0999992126599 0.712226295471191
39.1049992125481 0.697944577534994
39.1099992124364 0.679996871948242
39.1149992123246 0.681781069437663
39.1199992122129 0.698831367492676
39.1249992121011 0.691185633341471
39.1299992119893 0.688350677490234
39.1349992118776 0.694603856404622
39.1399992117658 0.699544334411621
39.1449992116541 0.699377314249675
39.1499992115423 0.700716145833333
39.1549992114306 0.692928123474121
39.1599992113188 0.690610885620117
39.164999211207 0.692861302693685
39.1699992110953 0.694138399759928
39.1749992109835 0.697344970703125
39.1799992108718 0.699658838907878
39.18499921076 0.697149658203125
39.1899992106482 0.699492835998535
39.1949992105365 0.70613333384196
39.1999992104247 0.699212900797526
39.204999210313 0.687136586507161
39.2099992102012 0.679772504170736
39.2149992100894 0.669619115193685
39.2199992099777 0.674764188130697
39.2249992098659 0.676035817464193
39.2299992097542 0.686939430236816
39.2349992096424 0.682975006103516
39.2399992095307 0.699571482340495
39.2449992094189 0.693482144673665
39.2499992093071 0.675663121541341
39.2549992091954 0.661671511332194
39.2599992090836 0.678348604838053
39.2649992089719 0.69977912902832
39.2699992088601 0.701755587259928
39.2749992087483 0.687277475992839
39.2799992086366 0.685131200154622
39.2849992085248 0.713874181111654
39.2899992084131 0.750404103597005
39.2949992083013 0.746763356526693
39.2999992081895 0.733891995747884
39.3049992080778 0.719053395589193
39.309999207966 0.720363171895345
39.3149992078543 0.724763488769531
39.3199992077425 0.725627644856771
39.3249992076308 0.720375442504883
39.329999207519 0.716015307108561
39.3349992074072 0.710125923156738
39.3399992072955 0.703566678365072
39.3449992071837 0.704760615030924
39.349999207072 0.70736141204834
39.3549992069602 0.709319305419922
39.3599992068484 0.707436180114746
39.3649992067367 0.706754493713379
39.3699992066249 0.724835268656413
39.3749992065132 0.726602363586426
39.3799992064014 0.728754615783691
39.3849992062896 0.711566797892253
39.3899992061779 0.709401893615723
39.3949992060661 0.704275830586751
39.3999992059544 0.698595301310221
39.4049992058426 0.691090138753255
39.4099992057309 0.694185638427734
39.4149992056191 0.691986465454102
39.4199992055073 0.693593406677246
39.4249992053956 0.699725468953451
39.4299992052838 0.703912798563639
39.4349992051721 0.701269658406576
39.4399992050603 0.708600425720215
39.4449992049485 0.709136581420898
39.4499992048368 0.721257336934408
39.454999204725 0.72036018371582
39.4599992046133 0.709125200907389
39.4649992045015 0.695538711547852
39.4699992043898 0.690338325500488
39.474999204278 0.687282180786133
39.4799992041662 0.682043520609538
39.4849992040545 0.682921409606934
39.4899992039427 0.68127613067627
39.494999203831 0.683075269063314
39.4999992037192 0.678172175089518
39.5049992036074 0.680998039245605
39.5099992034957 0.691399065653483
39.5149992033839 0.707515207926432
39.5199992032722 0.698801549275716
39.5249992031604 0.674978319803874
39.5299992030486 0.661476771036784
39.5349992029369 0.656147766113281
39.5399992028251 0.666349728902181
39.5449992027134 0.673638343811035
39.5499992026016 0.662437438964844
39.5549992024899 0.663832791646322
39.5599992023781 0.684514872233073
39.5649992022663 0.698578770955404
39.5699992021546 0.702516492207845
39.5749992020428 0.702226829528809
39.5799992019311 0.710801633199056
39.5849992018193 0.721237500508626
39.5899992017075 0.719936815897624
39.5949992015958 0.709315172831217
39.599999201484 0.701084009806315
39.6049992013723 0.679788970947266
39.6099992012605 0.668892606099447
39.6149992011487 0.673923301696777
39.619999201037 0.69181874593099
39.6249992009252 0.71674861907959
39.6299992008135 0.720068740844727
39.6349992007017 0.707604916890462
39.63999920059 0.700563494364421
39.6449992004782 0.685598882039388
39.6499992003664 0.687106386820475
39.6549992002547 0.689944775899251
39.6599992001429 0.686910502115885
39.6649992000312 0.679153887430827
39.6699991999194 0.687240409851074
39.6749991998076 0.69775505065918
39.6799991996959 0.701326179504395
39.6849991995841 0.6948455174764
39.6899991994724 0.686611175537109
39.6949991993606 0.689315350850423
39.6999991992489 0.694958941141764
39.7049991991371 0.692462666829427
39.7099991990253 0.685347938537598
39.7149991989136 0.69397341410319
39.7199991988018 0.696813456217448
39.7249991986901 0.704403495788574
39.7299991985783 0.70247065226237
39.7349991984665 0.704741096496582
39.7399991983548 0.701053428649902
39.744999198243 0.697680727640788
39.7499991981313 0.701839510599772
39.7549991980195 0.699935086568197
39.7599991979077 0.694456481933594
39.764999197796 0.68911018371582
39.7699991976842 0.696357091267904
39.7749991975725 0.700869687398275
39.7799991974607 0.70420176188151
39.784999197349 0.716316922505697
39.7899991972372 0.717398897806803
39.7949991971254 0.727044741312663
39.7999991970137 0.722126770019531
39.8049991969019 0.713613255818685
39.8099991967902 0.70903689066569
39.8149991966784 0.70859743754069
39.8199991965666 0.713028717041016
39.8249991964549 0.72003854115804
39.8299991963431 0.716468683878581
39.8349991962314 0.698511759440104
39.8399991961196 0.683846028645833
39.8449991960078 0.678563626607259
39.8499991958961 0.682207489013672
39.8549991957843 0.692868423461914
39.8599991956726 0.692550150553385
39.8649991955608 0.6917023340861
39.8699991954491 0.690623029073079
39.8749991953373 0.685794830322266
39.8799991952255 0.689586067199707
39.8849991951138 0.689613723754883
39.889999195002 0.686318333943685
39.8949991948903 0.69210516611735
39.8999991947785 0.686754544576009
39.9049991946667 0.690570958455404
39.909999194555 0.683303451538086
39.9149991944432 0.667221132914225
39.9199991943315 0.669930140177409
39.9249991942197 0.670041910807292
39.929999194108 0.68124090830485
39.9349991939962 0.687532679239909
39.9399991938844 0.689321454366048
39.9449991937727 0.689683151245117
39.9499991936609 0.69619509379069
39.9549991935492 0.698744710286458
39.9599991934374 0.698433939615885
39.9649991933256 0.700957489013672
39.9699991932139 0.700969823201497
39.9749991931021 0.700539970397949
39.9799991929904 0.690029780069987
39.9849991928786 0.668748474121094
39.9899991927668 0.663062795003255
39.9949991926551 0.673205693562826
39.9999991925433 0.678392791748047
40.0049991924316 0.679017066955566
40.0099991923198 0.672165997823079
40.0149991922081 0.674814860026042
40.0199991920963 0.685256067911784
40.0249991919845 0.686286544799805
40.0299991918728 0.69491081237793
40.034999191761 0.700480651855469
40.0399991916493 0.703273709615072
40.0449991915375 0.704667472839355
40.0499991914257 0.682232856750488
40.054999191314 0.669775199890137
40.0599991912022 0.668110656738281
40.0649991910905 0.673300870259603
40.0699991909787 0.678674125671387
40.0749991908669 0.676606369018555
40.0799991907552 0.667440605163574
40.0849991906434 0.668126551310221
40.0899991905317 0.67554448445638
40.0949991904199 0.679328282674154
40.0999991903082 0.677421696980794
40.1049991901964 0.680664952596029
40.1099991900846 0.681606165568034
40.1149991899729 0.683873685201009
40.1199991898611 0.698184776306152
40.1249991897494 0.697102610270182
40.1299991896376 0.709362347920736
40.1349991895258 0.709143257141113
40.1399991894141 0.691560300191243
40.1449991893023 0.685220019022624
40.1499991891906 0.682141812642415
40.1549991890788 0.678379948933919
40.159999188967 0.679826354980469
40.1649991888553 0.672462844848633
40.1699991887435 0.674253781636556
40.1749991886318 0.676632817586263
40.17999918852 0.672290420532227
40.1849991884083 0.668310292561849
40.1899991882965 0.66574649810791
40.1949991881847 0.659831809997559
40.199999188073 0.653287506103516
40.2049991879612 0.667838478088379
40.2099991878495 0.688256072998047
40.2149991877377 0.708320299784342
40.2199991876259 0.701883061726888
40.2249991875142 0.691710917154948
40.2299991874024 0.682309214274089
40.2349991872907 0.683655738830566
40.2399991871789 0.691659545898437
40.2449991870672 0.697221692403158
40.2499991869554 0.692576090494792
40.2549991868436 0.692019653320312
40.2599991867319 0.691842142740885
40.2649991866201 0.692079416910807
40.2699991865084 0.70008004506429
40.2749991863966 0.694564310709635
40.2799991862848 0.693889363606771
40.2849991861731 0.699165789286296
40.2899991860613 0.698364512125651
40.2949991859496 0.692775217692057
40.2999991858378 0.683033625284831
40.304999185726 0.675333658854167
40.3099991856143 0.66657543182373
40.3149991855025 0.662025260925293
40.3199991853908 0.653694089253744
40.324999185279 0.648235066731771
40.3299991851673 0.647853469848633
40.3349991850555 0.657055473327637
40.3399991849437 0.672160975138346
40.344999184832 0.695947138468424
40.3499991847202 0.701957829793294
40.3549991846085 0.702067565917969
40.3599991844967 0.702387301127116
40.3649991843849 0.686823654174805
40.3699991842732 0.684383837381999
40.3749991841614 0.674639002482096
40.3799991840497 0.665559895833333
40.3849991839379 0.671894454956055
40.3899991838261 0.681702613830566
40.3949991837144 0.684906005859375
40.3999991836026 0.692708969116211
40.4049991834909 0.687073389689128
40.4099991833791 0.699547576904297
40.4149991832674 0.702932103474935
40.4199991831556 0.698774782816569
40.4249991830438 0.712025960286458
40.4299991829321 0.716336313883464
40.4349991828203 0.702360280354818
40.4399991827086 0.711221758524577
40.4449991825968 0.705586369832357
40.449999182485 0.705876795450846
40.4549991823733 0.701818720499675
40.4599991822615 0.695781071980794
40.4649991821498 0.715207735697428
40.469999182038 0.719030825297038
40.4749991819263 0.707288360595703
40.4799991818145 0.701795514424642
40.4849991817027 0.70856393178304
40.489999181591 0.712565104166667
40.4949991814792 0.699854850769043
40.4999991813675 0.677824020385742
40.5049991812557 0.664518483479818
40.5099991811439 0.655621210734049
40.5149991810322 0.654227574666341
40.5199991809204 0.657357788085937
40.5249991808087 0.66418628692627
40.5299991806969 0.664314079284668
40.5349991805851 0.683662668863932
40.5399991804734 0.694099299112956
40.5449991803616 0.700550587972005
40.5499991802499 0.69781608581543
40.5549991801381 0.688673655192057
40.5599991800264 0.684007136027018
40.5649991799146 0.703066889444987
40.5699991798028 0.715879948933919
40.5749991796911 0.715792083740234
40.5799991795793 0.708103370666504
40.5849991794676 0.690615526835124
40.5899991793558 0.684617233276367
40.594999179244 0.676045481363932
40.5999991791323 0.665449015299479
40.6049991790205 0.676768112182617
40.6099991789088 0.686030387878418
40.614999178797 0.703843434651693
40.6199991786852 0.694759241739909
40.6249991785735 0.699379412333171
40.6299991784617 0.703197860717773
40.63499917835 0.699921735127767
40.6399991782382 0.699377759297689
40.6449991781265 0.697219975789388
40.6499991780147 0.696397082010905
40.6549991779029 0.696636772155762
40.6599991777912 0.678675651550293
40.6649991776794 0.669578234354655
40.6699991775677 0.677346483866374
40.6749991774559 0.673212305704753
40.6799991773441 0.674353218078613
40.6849991772324 0.66790033976237
40.6899991771206 0.671706390380859
40.6949991770089 0.688081232706706
40.6999991768971 0.70944143931071
40.7049991767854 0.704396947224935
40.7099991766736 0.689170392354329
40.7149991765618 0.677691968282064
40.7199991764501 0.676859092712402
40.7249991763383 0.693802452087402
40.7299991762266 0.694870821634928
40.7349991761148 0.683786328633626
40.739999176003 0.689709218343099
40.7449991758913 0.70040283203125
40.7499991757795 0.718345387776693
40.7549991756678 0.722617022196452
40.759999175556 0.705344518025716
40.7649991754442 0.692168553670247
40.7699991753325 0.67789675394694
40.7749991752207 0.674241638183594
40.779999175109 0.675901540120443
40.7849991749972 0.674312655131022
40.7899991748855 0.665002695719401
40.7949991747737 0.668864885965983
40.7999991746619 0.669555219014486
40.8049991745502 0.681073443094889
40.8099991744384 0.693644014994303
40.8149991743267 0.691738891601563
40.8199991742149 0.695982233683268
40.8249991741031 0.706881205240885
40.8299991739914 0.715560722351074
40.8349991738796 0.709604581197103
40.8399991737679 0.693859227498372
40.8449991736561 0.692880566914876
40.8499991735443 0.691336441040039
40.8549991734326 0.703632100423177
40.8599991733208 0.706628290812174
40.8649991732091 0.70202267964681
40.8699991730973 0.71293404897054
40.8749991729856 0.714586702982585
40.8799991728738 0.69659538269043
40.884999172762 0.696019299825033
40.8899991726503 0.676374880472819
40.8949991725385 0.670896402994792
40.8999991724268 0.667067209879557
40.904999172315 0.66917413075765
40.9099991722032 0.678862953186035
40.9149991720915 0.686945088704427
40.9199991719797 0.70020694732666
40.924999171868 0.714971478780111
40.9299991717562 0.728297551472982
40.9349991716444 0.716619682312012
40.9399991715327 0.724228350321452
40.9449991714209 0.70573673248291
40.9499991713092 0.707967313130697
40.9549991711974 0.697638765970866
40.9599991710857 0.700298945109049
40.9649991709739 0.703196016947428
40.9699991708621 0.695688883463542
40.9749991707504 0.679479598999023
40.9799991706386 0.678169759114583
40.9849991705269 0.682721900939941
40.9899991704151 0.689699045817057
40.9949991703033 0.694280179341634
40.9999991701916 0.686222076416016
41.0049991700798 0.689795176188151
41.0099991699681 0.688701566060384
41.0149991698563 0.6963560740153
41.0199991697446 0.712359364827474
41.0249991696328 0.713528188069661
41.029999169521 0.705873489379883
41.0349991694093 0.695736948649089
41.0399991692975 0.693946584065755
41.0449991691858 0.702331479390462
41.049999169074 0.702135531107585
41.0549991689622 0.697665596008301
41.0599991688505 0.695392036437988
41.0649991687387 0.697082010904948
41.069999168627 0.704988733927409
41.0749991685152 0.699856948852539
41.0799991684034 0.681607818603516
41.0849991682917 0.673131561279297
41.0899991681799 0.67642141977946
41.0949991680682 0.687459818522135
41.0999991679564 0.687315877278646
41.1049991678447 0.669124221801758
41.1099991677329 0.657949447631836
41.1149991676211 0.659992535909017
41.1199991675094 0.676350339253743
41.1249991673976 0.690695381164551
41.1299991672859 0.695520146687825
41.1349991671741 0.687931887308757
41.1399991670623 0.684768676757813
41.1449991669506 0.68957036336263
41.1499991668388 0.692403602600098
41.1549991667271 0.687307484944661
41.1599991666153 0.674239412943522
41.1649991665035 0.667961247762044
41.1699991663918 0.679129155476888
41.17499916628 0.68282725016276
41.1799991661683 0.681341489156087
41.1849991660565 0.685328356424967
41.1899991659448 0.694649887084961
41.194999165833 0.70757802327474
41.1999991657212 0.699967193603516
41.2049991656095 0.685729090372721
41.2099991654977 0.671642812093099
41.214999165386 0.67327454884847
41.2199991652742 0.676485252380371
41.2249991651624 0.675885200500488
41.2299991650507 0.674518839518229
41.2349991649389 0.674189885457357
41.2399991648272 0.680186653137207
41.2449991647154 0.699499066670736
41.2499991646037 0.71076545715332
41.2549991644919 0.712841796875
41.2599991643801 0.698847198486328
41.2649991642684 0.683505249023437
41.2699991641566 0.680841827392578
41.2749991640449 0.691169802347819
41.2799991639331 0.694243494669596
41.2849991638213 0.695643933614095
41.2899991637096 0.696881993611654
41.2949991635978 0.705917612711589
41.2999991634861 0.706191190083822
41.3049991633743 0.698951403299967
41.3099991632625 0.687996482849121
41.3149991631508 0.676086807250977
41.319999163039 0.685893885294596
41.3249991629273 0.69213383992513
41.3299991628155 0.703979746500651
41.3349991627038 0.699486923217773
41.339999162592 0.68979237874349
41.3449991624802 0.682689348856608
41.3499991623685 0.669613329569499
41.3549991622567 0.666660308837891
41.359999162145 0.670541954040527
41.3649991620332 0.672376823425293
41.3699991619214 0.694430923461914
41.3749991618097 0.697678311665853
41.3799991616979 0.692477989196777
41.3849991615862 0.698571077982585
41.3899991614744 0.692655563354492
41.3949991613626 0.69386355082194
41.3999991612509 0.692745145161947
41.4049991611391 0.685079765319824
41.4099991610274 0.68538277943929
41.4149991609156 0.689157803853353
41.4199991608039 0.69515266418457
41.4249991606921 0.697788874308268
41.4299991605803 0.699822425842285
41.4349991604686 0.70366382598877
41.4399991603568 0.691642570495606
41.4449991602451 0.687501017252604
41.4499991601333 0.695496114095052
41.4549991600215 0.71339168548584
41.4599991599098 0.733627637227376
41.464999159798 0.738818677266439
41.4699991596863 0.733412233988444
41.4749991595745 0.725861040751139
41.4799991594628 0.720370737711589
41.484999159351 0.716663805643717
41.4899991592392 0.710068639119466
41.4949991591275 0.715810712178548
41.4999991590157 0.717309379577637
41.504999158904 0.709754943847656
41.5099991587922 0.711437098185221
41.5149991586804 0.710132090250651
41.5199991585687 0.715469678243001
41.5249991584569 0.703115844726563
41.5299991583452 0.70035400390625
41.5349991582334 0.690182113647461
41.5399991581216 0.707408205668132
41.5449991580099 0.720175298055013
41.5499991578981 0.72161808013916
41.5549991577864 0.718630663553874
41.5599991576746 0.713370323181152
41.5649991575629 0.705919647216797
41.5699991574511 0.715366872151693
41.5749991573393 0.711455090840658
41.5799991572276 0.714216168721517
41.5849991571158 0.696729405721029
41.5899991570041 0.693930753072103
41.5949991568923 0.693448066711426
41.5999991567805 0.704158210754395
41.6049991566688 0.706053225199382
41.609999156557 0.695556386311849
41.6149991564453 0.689766947428385
41.6199991563335 0.696295738220215
41.6249991562217 0.699284871419271
41.62999915611 0.697543589274089
41.6349991559982 0.715865961710612
41.6399991558865 0.721496391296387
41.6449991557747 0.737519454956055
41.649999155663 0.733007558186849
41.6549991555512 0.729181098937988
41.6599991554394 0.70886713663737
41.6649991553277 0.700008646647135
41.6699991552159 0.692815081278483
41.6749991551042 0.706774775187174
41.6799991549924 0.700066121419271
41.6849991548806 0.698563321431478
41.6899991547689 0.694878196716309
41.6949991546571 0.710099856058756
41.6999991545454 0.72742379506429
41.7049991544336 0.737665112813314
41.7099991543218 0.739362080891927
41.7149991542101 0.732676378885905
41.7199991540983 0.726268577575684
41.7249991539866 0.720603434244792
41.7299991538748 0.7107390721639
41.7349991537631 0.704603576660156
41.7399991536513 0.710006332397461
41.7449991535395 0.716395378112793
41.7499991534278 0.70921459197998
41.754999153316 0.699470647176107
41.7599991532043 0.683948135375977
41.7649991530925 0.705066935221354
41.7699991529807 0.715856170654297
41.774999152869 0.723064104715983
41.7799991527572 0.725394757588704
41.7849991526455 0.726106135050456
41.7899991525337 0.732753372192383
41.794999152422 0.74007142384847
41.7999991523102 0.739564069112142
41.8049991521984 0.742509396870931
41.8099991520867 0.744740804036458
41.8149991519749 0.752824846903483
41.8199991518632 0.746784400939941
41.8249991517514 0.753413454691569
41.8299991516396 0.755272356669108
41.8349991515279 0.746906280517578
41.8399991514161 0.733088175455729
41.8449991513044 0.723960113525391
41.8499991511926 0.734850056966146
41.8549991510808 0.743532562255859
41.8599991509691 0.746235338846842
41.8649991508573 0.73673636118571
41.8699991507456 0.737365086873372
41.8749991506338 0.72528502146403
41.8799991505221 0.71338570912679
41.8849991504103 0.712053298950195
41.8899991502985 0.708754539489746
41.8949991501868 0.718653615315755
41.899999150075 0.754439036051432
41.9049991499633 0.758852831522624
41.9099991498515 0.769771512349447
41.9149991497397 0.74845453898112
41.919999149628 0.7343962987264
41.9249991495162 0.735905774434408
41.9299991494045 0.725902366638184
41.9349991492927 0.723645973205566
41.9399991491809 0.724269485473633
41.9449991490692 0.731375058492025
41.9499991489574 0.724742253621419
41.9549991488457 0.717743301391602
41.9599991487339 0.730770683288574
41.9649991486222 0.743829917907715
41.9699991485104 0.76429812113444
41.9749991483986 0.763463083902995
41.9799991482869 0.751013628641764
41.9849991481751 0.754816754659017
41.9899991480634 0.765362230936686
41.9949991479516 0.779983075459798
41.9999991478398 0.776654370625814
42.0049991477281 0.758336766560872
42.0099991476163 0.742215855916341
42.0149991475046 0.734700457255046
42.0199991473928 0.737831497192383
42.0249991472811 0.750981140136719
42.0299991471693 0.762958335876465
42.0349991470575 0.755688031514486
42.0399991469458 0.75323912302653
42.044999146834 0.740013758341471
42.0499991467223 0.743195660909017
42.0549991466105 0.746393966674805
42.0599991464987 0.751163101196289
42.064999146387 0.755433909098307
42.0699991462752 0.751478322347005
42.0749991461635 0.763897768656413
42.0799991460517 0.763733291625977
42.0849991459399 0.767430559794108
42.0899991458282 0.765425237019857
42.0949991457164 0.759171422322591
42.0999991456047 0.760735003153483
42.1049991454929 0.765237617492676
42.1099991453812 0.772002855936686
42.1149991452694 0.782670084635417
42.1199991451576 0.786287879943848
42.1249991450459 0.775230534871419
42.1299991449341 0.759326044718424
42.1349991448224 0.752518971761068
42.1399991447106 0.749034690856934
42.1449991445988 0.747923533121745
42.1499991444871 0.744687589009603
42.1549991443753 0.746188481648763
42.1599991442636 0.753648122151693
42.1649991441518 0.748258717854818
42.16999914404 0.746580060323079
42.1749991439283 0.73866278330485
42.1799991438165 0.751733016967773
42.1849991437048 0.764459228515625
42.189999143593 0.761347516377767
42.1949991434813 0.77090441385905
42.1999991433695 0.785775629679362
42.2049991432577 0.804165331522624
42.209999143146 0.81507511138916
42.2149991430342 0.791641743977865
42.2199991429225 0.775225194295247
42.2249991428107 0.77480099995931
42.2299991426989 0.782908821105957
42.2349991425872 0.790967623392741
42.2399991424754 0.795911089579264
42.2449991423637 0.800962893168132
42.2499991422519 0.813586743672689
42.2549991421402 0.81375617980957
42.2599991420284 0.808863957722982
42.2649991419166 0.800775973002116
42.2699991418049 0.804777336120605
42.2749991416931 0.811428578694661
42.2799991415814 0.809745534261068
42.2849991414696 0.802751922607422
42.2899991413578 0.797758674621582
42.2949991412461 0.798367754618327
42.2999991411343 0.809829839070638
42.3049991410226 0.822962697347005
42.3099991409108 0.833750534057617
42.314999140799 0.828388277689616
42.3199991406873 0.831643295288086
42.3249991405755 0.832699267069499
42.3299991404638 0.84143238067627
42.334999140352 0.874082628885905
42.3399991402403 0.870675341288249
42.3449991401285 0.874343554178874
42.3499991400167 0.878754552205404
42.354999139905 0.892580032348633
42.3599991397932 0.9070556640625
42.3649991396815 0.903889020284017
42.3699991395697 0.895079485575358
42.3749991394579 0.891277058919271
42.3799991393462 0.89941946665446
42.3849991392344 0.908074378967285
42.3899991391227 0.928461011250814
42.3949991390109 0.942929395039876
42.3999991388991 0.945965512593587
42.4049991387874 0.938452911376953
42.4099991386756 0.936869303385417
42.4149991385639 0.941567420959473
42.4199991384521 0.949589665730794
42.4249991383404 0.966476885477702
42.4299991382286 0.988814544677734
42.4349991381168 1.00796820322673
42.4399991380051 1.02007834116618
42.4449991378933 1.01902446746826
42.4499991377816 1.02155303955078
42.4549991376698 1.03304805755615
42.459999137558 1.03136940002441
42.4649991374463 1.04636503855387
42.4699991373345 1.04988956451416
42.4749991372228 1.09283625284831
42.479999137111 1.11216875712077
42.4849991369992 1.14786618550618
42.4899991368875 1.16423250834147
42.4949991367757 1.18700777689616
42.499999136664 1.18968836466471
42.5049991365522 1.21411221822103
42.5099991364405 1.23761558532715
42.5149991363287 1.27700042724609
42.5199991362169 1.31392135620117
42.5249991361052 1.3410519917806
42.5299991359934 1.37137743631999
42.5349991358817 1.41016858418783
42.5399991357699 1.44451484680176
42.5449991356581 1.49682261149089
42.5499991355464 1.51670163472493
42.5549991354346 1.55278498331706
42.5599991353229 1.59001057942708
42.5649991352111 1.6482364654541
42.5699991350994 1.70803413391113
42.5749991349876 1.76530392964681
42.5799991348758 1.82306251525879
42.5849991347641 1.90362752278646
42.5899991346523 1.99404335021973
42.5949991345406 2.06034876505534
42.5999991344288 2.12242902119954
42.604999134317 2.20928471883138
42.6099991342053 2.28765436808268
42.6149991340935 2.37343902587891
42.6199991339818 2.48406346638997
42.62499913387 2.54721755981445
42.6299991337582 2.64988149007161
42.6349991336465 2.75770492553711
42.6399991335347 2.87547760009766
42.644999133423 3.02702484130859
42.6499991333112 3.17775904337565
42.6549991331995 3.30956624348958
42.6599991330877 3.46203384399414
42.6649991329759 3.60539347330729
42.6699991328642 3.78826065063477
42.6749991327524 3.9733757019043
42.6799991326407 4.15577774047852
42.6849991325289 4.31371205647786
42.6899991324171 4.50441436767578
42.6949991323054 4.6965825398763
42.6999991321936 4.90697326660156
42.7049991320819 5.09069519042969
42.7099991319701 5.33047790527344
42.7149991318583 5.52418670654297
42.7199991317466 5.71281433105469
42.7249991316348 5.93487141927083
42.7299991315231 6.22179463704427
42.7349991314113 6.47194569905599
42.7399991312996 6.77892659505208
42.7449991311878 7.04418741861979
42.749999131076 7.22681325276693
42.7549991309643 7.39595947265625
42.7599991308525 7.60836690266927
42.7649991307408 7.7925053914388
42.769999130629 7.96839752197266
42.7749991305172 8.13963572184245
42.7799991304055 8.35391184488932
42.7849991302937 8.57321268717448
42.789999130182 8.7441151936849
42.7949991300702 8.88452962239583
42.7999991299585 9.0107187906901
42.8049991298467 9.0899668375651
42.8099991297349 9.16508178710938
42.8149991296232 9.24257100423177
42.8199991295114 9.27659200032552
42.8249991293997 9.36850789388021
42.8299991292879 9.46321512858073
42.8349991291761 9.54258524576823
42.8399991290644 9.61527099609375
42.8449991289526 9.60164286295573
42.8499991288409 9.55840250651042
42.8549991287291 9.56187235514323
42.8599991286173 9.51491394042969
42.8649991285056 9.5164316813151
42.8699991283938 9.46273905436198
42.8749991282821 9.3150390625
42.8799991281703 9.15492248535156
42.8849991280586 8.9771250406901
42.8899991279468 8.82870890299479
42.894999127835 8.6422597249349
42.8999991277233 8.50072326660156
42.9049991276115 8.39214782714844
42.9099991274998 8.27390289306641
42.914999127388 8.13554433186849
42.9199991272762 8.02793935139974
42.9249991271645 7.89687093098958
42.9299991270527 7.72749176025391
42.934999126941 7.46707102457682
42.9399991268292 7.20672912597656
42.9449991267174 7.01172587076823
42.9499991266057 6.79382578531901
42.9549991264939 6.59239959716797
42.9599991263822 6.36633555094401
42.9649991262704 6.17289276123047
42.9699991261587 5.95694783528646
42.9749991260469 5.77511494954427
42.9799991259351 5.61421356201172
42.9849991258234 5.44142303466797
42.9899991257116 5.31436208089193
42.9949991255999 5.14117380777995
42.9999991254881 4.94521738688151
43.0049991253763 4.73117218017578
43.0099991252646 4.55758005777995
43.0149991251528 4.34724477132161
43.0199991250411 4.16930821736654
43.0249991249293 4.0354970296224
43.0299991248176 3.88761800130208
43.0349991247058 3.74311650594076
43.039999124594 3.60271479288737
43.0449991244823 3.44138844807943
43.0499991243705 3.27016067504883
43.0549991242588 3.0969243367513
43.059999124147 2.95272776285807
43.0649991240352 2.80722198486328
43.0699991239235 2.6661366780599
43.0749991238117 2.55990575154622
43.0799991237 2.48396224975586
43.0849991235882 2.39657847086589
43.0899991234764 2.30348663330078
43.0949991233647 2.22112147013346
43.0999991232529 2.15344924926758
43.1049991231412 2.0777956644694
43.1099991230294 1.99564069112142
43.1149991229177 1.9260866800944
43.1199991228059 1.84423955281576
43.1249991226941 1.77908999125163
43.1299991225824 1.75863660176595
43.1349991224706 1.69248123168945
43.1399991223589 1.64752108256022
43.1449991222471 1.599480565389
43.1499991221353 1.54076766967773
43.1549991220236 1.52278887430827
43.1599991219118 1.46943728129069
43.1649991218001 1.43386116027832
43.1699991216883 1.4009287516276
43.1749991215765 1.34906476338704
43.1799991214648 1.32948163350423
43.184999121353 1.30063438415527
43.1899991212413 1.2906057993571
43.1949991211295 1.25252100626628
43.1999991210178 1.20782775878906
43.204999120906 1.17679850260417
43.2099991207942 1.15249468485514
43.2149991206825 1.14318720499674
43.2199991205707 1.14779090881348
43.224999120459 1.12768414815267
43.2299991203472 1.10623372395833
43.2349991202354 1.08322664896647
43.2399991201237 1.05897038777669
43.2449991200119 1.04928728739421
43.2499991199002 1.03494567871094
43.2549991197884 1.0295690536499
43.2599991196767 1.0252602259318
43.2649991195649 1.01818580627441
43.2699991194531 0.998254776000977
43.2749991193414 0.975752703348796
43.2799991192296 0.968792788187663
43.2849991191179 0.987201817830404
43.2899991190061 0.985207684834798
43.2949991188943 0.981305821736654
43.2999991187826 0.982874234517415
43.3049991186708 0.977726173400879
43.3099991185591 0.976702117919922
43.3149991184473 0.961851437886556
43.3199991183355 0.952563794453939
43.3249991182238 0.962206013997396
43.329999118112 0.957351112365723
43.3349991180003 0.938026618957519
43.3399991178885 0.931557846069336
43.3449991177768 0.934680938720703
43.349999117665 0.937062517801921
43.3549991175532 0.941555086771647
43.3599991174415 0.928911908467611
43.3649991173297 0.90842653910319
43.369999117218 0.905921363830566
43.3749991171062 0.897481536865234
43.3799991169944 0.89207935333252
43.3849991168827 0.900403467814128
43.3899991167709 0.900586636861165
43.3949991166592 0.90028502146403
43.3999991165474 0.904103088378906
43.4049991164356 0.910422770182292
43.4099991163239 0.913047345479329
43.4149991162121 0.926072120666504
43.4199991161004 0.911641756693522
43.4249991159886 0.893124262491862
43.4299991158769 0.875977389017741
43.4349991157651 0.875651931762695
43.4399991156533 0.886838658650716
43.4449991155416 0.905979983011882
43.4499991154298 0.915755907694499
43.4549991153181 0.933495267232259
43.4599991152063 0.949210357666016
43.4649991150945 0.966617902119954
43.4699991149828 0.986337280273437
43.474999114871 0.996902020772298
43.4799991147593 0.985833104451497
43.4849991146475 0.985504913330078
43.4899991145357 0.975126012166341
43.494999114424 1.00822448730469
43.4999991143122 1.0277224222819
43.5049991142005 1.03762957255046
43.5099991140887 1.03310667673747
43.514999113977 1.02745482126872
43.5199991138652 1.03126207987467
43.5249991137534 1.04339930216471
43.5299991136417 1.04113419850667
43.5349991135299 1.04022661844889
43.5399991134182 1.05013294219971
43.5449991133064 1.0749277750651
43.5499991131946 1.09944699605306
43.5549991130829 1.10747807820638
43.5599991129711 1.12231725056966
43.5649991128594 1.14350522359212
43.5699991127476 1.1715404510498
43.5749991126359 1.21976585388184
43.5799991125241 1.24784456888835
43.5849991124123 1.27983907063802
43.5899991123006 1.32007268269857
43.5949991121888 1.33268127441406
43.5999991120771 1.35585123697917
43.6049991119653 1.36644401550293
43.6099991118535 1.39882685343424
43.6149991117418 1.42111180623372
43.61999911163 1.45202840169271
43.6249991115183 1.50220947265625
43.6299991114065 1.53224754333496
43.6349991112947 1.55689468383789
43.639999111183 1.58498242696126
43.6449991110712 1.63717447916667
43.6499991109595 1.71243324279785
43.6549991108477 1.78853276570638
43.659999110736 1.85433438618978
43.6649991106242 1.90246950785319
43.6699991105124 1.92311426798503
43.6749991104007 1.95914777119954
43.6799991102889 2.00021743774414
43.6849991101772 2.02892074584961
43.6899991100654 2.08772964477539
43.6949991099536 2.13353068033854
43.6999991098419 2.16704330444336
43.7049991097301 2.20458602905273
43.7099991096184 2.24548416137695
43.7149991095066 2.32366841634115
43.7199991093948 2.39222310384115
43.7249991092831 2.45980097452799
43.7299991091713 2.50521113077799
43.7349991090596 2.5216557820638
43.7399991089478 2.54580841064453
43.7449991088361 2.58110936482747
43.7499991087243 2.61750513712565
43.7549991086125 2.64142125447591
43.7599991085008 2.66815058390299
43.764999108389 2.67488199869792
43.7699991082773 2.69100697835286
43.7749991081655 2.69737370808919
43.7799991080537 2.71016642252604
43.784999107942 2.70521697998047
43.7899991078302 2.7011116027832
43.7949991077185 2.69198506673177
43.7999991076067 2.67149047851562
43.804999107495 2.69180755615234
43.8099991073832 2.68642069498698
43.8149991072714 2.68979568481445
43.8199991071597 2.69388732910156
43.8249991070479 2.69613545735677
43.8299991069362 2.67189076741536
43.8349991068244 2.66083831787109
43.8399991067126 2.62435887654622
43.8449991066009 2.57193171183268
43.8499991064891 2.52536799112956
43.8549991063774 2.48132527669271
43.8599991062656 2.46565399169922
43.8649991061538 2.43626708984375
43.8699991060421 2.39336318969727
43.8749991059303 2.34334462483724
43.8799991058186 2.30600891113281
43.8849991057068 2.29054870605469
43.8899991055951 2.2593760172526
43.8949991054833 2.22079696655273
43.8999991053715 2.18053410847982
43.9049991052598 2.16255213419596
43.909999105148 2.13799260457357
43.9149991050363 2.06702766418457
43.9199991049245 2.01529782613118
43.9249991048127 1.9739491780599
43.929999104701 1.94508845011393
43.9349991045892 1.9175786336263
43.9399991044775 1.87243296305339
43.9449991043657 1.84123891194661
43.9499991042539 1.81560999552409
43.9549991041422 1.80188166300456
43.9599991040304 1.75365295410156
43.9649991039187 1.72345542907715
43.9699991038069 1.66979293823242
43.9749991036952 1.61303698221842
43.9799991035834 1.56394030253092
43.9849991034716 1.51768404642741
43.9899991033599 1.49969075520833
43.9949991032481 1.47854309082031
43.9999991031364 1.43476854960124
44.0049991030246 1.41377271016439
44.0099991029128 1.38972829182943
44.0149991028011 1.37276255289714
44.0199991026893 1.33905042012533
44.0249991025776 1.28922259012858
44.0299991024658 1.26235160827637
44.0349991023541 1.26986694335938
44.0399991022423 1.26662470499674
44.0449991021305 1.24472185770671
44.0499991020188 1.21662762959798
44.054999101907 1.2063912709554
44.0599991017953 1.21458562215169
44.0649991016835 1.21707700093587
44.0699991015717 1.1899289449056
44.07499910146 1.1741948445638
44.0799991013482 1.16248931884766
44.0849991012365 1.14746538798014
44.0899991011247 1.12074025472005
44.0949991010129 1.11386299133301
44.0999991009012 1.09954147338867
44.1049991007894 1.10755170186361
44.1099991006777 1.11248575846354
44.1149991005659 1.09844741821289
44.1199991004542 1.07831064860026
44.1249991003424 1.06242752075195
44.1299991002306 1.06260299682617
44.1349991001189 1.06935780843099
44.1399991000071 1.07148602803548
44.1449990998954 1.05496997833252
44.1499990997836 1.03175163269043
44.1549990996718 1.01595834096273
44.1599990995601 1.00166606903076
44.1649990994483 0.991936620076497
44.1699990993366 1.00566101074219
44.1749990992248 1.02333482106527
44.179999099113 1.04542725880941
44.1849990990013 1.04572429656982
44.1899990988895 1.04049822489421
44.1949990987778 1.02021700541178
44.199999098666 1.00609092712402
44.2049990985543 1.00347677866618
44.2099990984425 1.023397509257
44.2149990983307 1.03434670766195
44.219999098219 1.02542279561361
44.2249990981072 1.00322856903076
44.2299990979955 0.983417638142904
44.2349990978837 0.968359502156576
44.2399990977719 0.966861852010091
44.2449990976602 0.956386057535807
44.2499990975484 0.97064266204834
44.2549990974367 0.965577125549316
44.2599990973249 0.962076059977214
44.2649990972131 0.963015874226888
44.2699990971014 0.95114574432373
44.2749990969896 0.947954241434733
44.2799990968779 0.959423128763835
44.2849990967661 0.975498390197754
44.2899990966544 0.987004025777181
44.2949990965426 0.9937775293986
44.2999990964308 0.989019838968913
44.3049990963191 0.990969403584798
44.3099990962073 0.984889030456543
44.3149990960956 0.966035143534343
44.3199990959838 0.948580614725749
44.324999095872 0.939922714233398
44.3299990957603 0.955815823872884
44.3349990956485 0.971701685587565
44.3399990955368 0.973905245463053
44.344999095425 0.968990834554036
44.3499990953133 0.960704676310221
44.3549990952015 0.970983695983887
44.3599990950897 0.95839049021403
44.364999094978 0.936595598856608
44.3699990948662 0.924988683064779
44.3749990947545 0.927728843688965
44.3799990946427 0.946850840250651
44.3849990945309 0.942052396138509
44.3899990944192 0.933468055725098
44.3949990943074 0.923174476623535
44.3999990941957 0.925386555989583
44.4049990940839 0.924601046244303
44.4099990939721 0.911589940388997
44.4149990938604 0.919090143839518
44.4199990937486 0.93773676554362
44.4249990936369 0.937706247965495
44.4299990935251 0.924439811706543
44.4349990934134 0.911641693115234
44.4399990933016 0.914312871297201
44.4449990931898 0.940869839986165
44.4499990930781 0.940709622701009
44.4549990929663 0.933096122741699
44.4599990928546 0.933646519978841
44.4649990927428 0.942332331339518
44.469999092631 0.953625742594401
44.4749990925193 0.953364245096842
44.4799990924075 0.945781644185384
44.4849990922958 0.944852638244629
44.489999092184 0.956489181518555
44.4949990920722 0.937227376302083
44.4999990919605 0.943677520751953
44.5049990918487 0.941731834411621
44.509999091737 0.954764302571615
44.5149990916252 0.959070205688477
44.5199990915135 0.960308901468913
44.5249990914017 0.965612347920736
44.5299990912899 0.968968327840169
44.5349990911782 0.971563911437988
44.5399990910664 0.964702796936035
44.5449990909547 0.940574264526367
44.5499990908429 0.940573883056641
44.5549990907311 0.921156883239746
44.5599990906194 0.909485308329264
44.5649990905076 0.911219914754232
44.5699990903959 0.901993942260742
44.5749990902841 0.904830423990885
44.5799990901724 0.89746888478597
44.5849990900606 0.90317497253418
44.5899990899488 0.91706428527832
44.5949990898371 0.924428558349609
44.5999990897253 0.923825709025065
44.6049990896136 0.909317016601563
44.6099990895018 0.919881757100423
44.61499908939 0.931939697265625
44.6199990892783 0.948560396830241
44.6249990891665 0.955401865641276
44.6299990890548 0.95137825012207
44.634999088943 0.952529780069987
44.6399990888312 0.943241055806478
44.6449990887195 0.928086407979329
44.6499990886077 0.910167249043783
44.654999088496 0.895652961730957
44.6599990883842 0.893619473775228
44.6649990882725 0.892402458190918
44.6699990881607 0.907442220052083
44.6749990880489 0.917204666137695
44.6799990879372 0.916688410441081
44.6849990878254 0.911432393391927
44.6899990877137 0.894189643859863
44.6949990876019 0.886690839131673
44.6999990874901 0.899703661600749
44.7049990873784 0.895029258728027
44.7099990872666 0.907344436645508
44.7149990871549 0.907020060221354
44.7199990870431 0.905586051940918
44.7249990869313 0.905294100443522
44.7299990868196 0.901263745625814
44.7349990867078 0.899496142069499
44.7399990865961 0.883069229125977
44.7449990864843 0.883313115437826
44.7499990863726 0.895403162638346
44.7549990862608 0.909843953450521
44.759999086149 0.926419576009115
44.7649990860373 0.925858624776204
44.7699990859255 0.914643478393555
44.7749990858138 0.910017903645833
44.779999085702 0.908186848958333
44.7849990855902 0.905655352274577
44.7899990854785 0.91666800181071
44.7949990853667 0.908508809407552
44.799999085255 0.906883684794108
44.8049990851432 0.913308016459147
44.8099990850315 0.906621678670247
44.8149990849197 0.903619003295898
44.8199990848079 0.89358024597168
44.8249990846962 0.884240468343099
44.8299990845844 0.884106063842773
44.8349990844727 0.9020783106486
44.8399990843609 0.903485107421875
44.8449990842491 0.902412414550781
44.8499990841374 0.901382191975911
44.8549990840256 0.917022514343262
44.8599990839139 0.928642845153809
44.8649990838021 0.928058115641276
44.8699990836903 0.912812805175781
44.8749990835786 0.895061492919922
44.8799990834668 0.884595489501953
44.8849990833551 0.870196024576823
44.8899990832433 0.856241416931152
44.8949990831316 0.842720286051432
44.8999990830198 0.827511088053385
44.904999082908 0.832559394836426
44.9099990827963 0.835127321879069
44.9149990826845 0.853754297892253
44.9199990825728 0.854317092895508
44.924999082461 0.859793917338053
44.9299990823492 0.848836771647135
44.9349990822375 0.84710636138916
44.9399990821257 0.830927912394206
44.944999082014 0.814405759175619
44.9499990819022 0.804888025919596
44.9549990817904 0.797771835327148
44.9599990816787 0.804357973734538
44.9649990815669 0.83041737874349
44.9699990814552 0.84807669321696
44.9749990813434 0.842975107828776
44.9799990812317 0.822899691263835
44.9849990811199 0.808358510335287
44.9899990810081 0.812686284383138
44.9949990808964 0.818881861368815
44.9999990807846 0.810805193583171
45.0049990806729 0.800352668762207
45.0099990805611 0.79953556060791
45.0149990804493 0.799855740865072
45.0199990803376 0.820593897501628
45.0249990802258 0.823666763305664
45.0299990801141 0.829576873779297
45.0349990800023 0.829418309529622
45.0399990798905 0.82471866607666
45.0449990797788 0.806091435750325
45.049999079667 0.798668034871419
45.0549990795553 0.789153289794922
45.0599990794435 0.799244054158529
45.0649990793318 0.811490249633789
45.06999907922 0.809713236490885
45.0749990791082 0.799559593200684
45.0799990789965 0.792898178100586
45.0849990788847 0.767179425557454
45.089999078773 0.756949806213379
45.0949990786612 0.764877637227376
45.0999990785494 0.765473238627116
45.1049990784377 0.772438430786133
45.1099990783259 0.759600702921549
45.1149990782142 0.744281133015951
45.1199990781024 0.75194206237793
45.1249990779907 0.769317690531413
45.1299990778789 0.789956283569336
45.1349990777671 0.768669637044271
45.1399990776554 0.755143165588379
45.1449990775436 0.737053489685059
45.1499990774319 0.738897895812988
45.1549990773201 0.744391314188639
45.1599990772083 0.737632497151693
45.1649990770966 0.715014012654622
45.1699990769848 0.714174779256185
45.1749990768731 0.695584297180176
45.1799990767613 0.696058400472005
45.1849990766495 0.68896230061849
45.1899990765378 0.681519063313802
45.194999076426 0.67660764058431
45.1999990763143 0.68961124420166
45.2049990762025 0.708227920532227
45.2099990760908 0.728686777750651
45.214999075979 0.729725646972656
45.2199990758672 0.730910301208496
45.2249990757555 0.734649022420247
45.2299990756437 0.745306078592936
45.234999075532 0.734523963928223
45.2399990754202 0.724700673421224
45.2449990753084 0.733069737752279
45.2499990751967 0.749677848815918
45.2549990750849 0.742386754353841
45.2599990749732 0.73853219350179
45.2649990748614 0.722249857584635
45.2699990747496 0.711900393168131
45.2749990746379 0.689727020263672
45.2799990745261 0.674316151936849
45.2849990744144 0.675968678792318
45.2899990743026 0.686312611897786
45.2949990741909 0.700328381856283
45.2999990740791 0.7028138478597
45.3049990739673 0.701835759480794
45.3099990738556 0.693159612019857
45.3149990737438 0.676900482177734
45.3199990736321 0.685012372334798
45.3249990735203 0.671369234720866
45.3299990734085 0.670784441630046
45.3349990732968 0.670251274108887
45.339999073185 0.671028327941894
45.3449990730733 0.67404104868571
45.3499990729615 0.656765302022298
45.3549990728498 0.649615542093913
45.359999072738 0.672144762674967
45.3649990726262 0.696843338012695
45.3699990725145 0.694190661112467
45.3749990724027 0.688145955403646
45.379999072291 0.685457801818848
45.3849990721792 0.69334176381429
45.3899990720674 0.701394399007162
45.3949990719557 0.698312822977702
45.3999990718439 0.699268786112467
45.4049990717322 0.707844607035319
45.4099990716204 0.714681434631348
45.4149990715086 0.686972236633301
45.4199990713969 0.683412806193034
45.4249990712851 0.670106506347656
45.4299990711734 0.681985092163086
45.4349990710616 0.691927274068197
45.4399990709499 0.66342887878418
45.4449990708381 0.65097287495931
45.4499990707263 0.65008061726888
45.4549990706146 0.669796371459961
45.4599990705028 0.686407979329427
45.4649990703911 0.683742268880208
45.4699990702793 0.674789683024089
45.4749990701675 0.673458607991536
45.4799990700558 0.650874519348145
45.484999069944 0.649889373779297
45.4899990698323 0.650166829427083
45.4949990697205 0.66332213083903
45.4999990696087 0.655615234375
45.504999069497 0.660513305664063
45.5099990693852 0.655671246846517
45.5149990692735 0.656795819600423
45.5199990691617 0.656915855407715
45.52499906905 0.642392222086589
45.5299990689382 0.644192695617676
45.5349990688264 0.633458201090495
45.5399990687147 0.62309824625651
45.5449990686029 0.634135564168294
45.5499990684912 0.6400177637736
45.5549990683794 0.651979001363118
45.5599990682676 0.657701683044434
45.5649990681559 0.646798515319824
45.5699990680441 0.641346867879232
45.5749990679324 0.647933451334635
45.5799990678206 0.645848528544108
45.5849990677089 0.649716250101725
45.5899990675971 0.647286287943522
45.5949990674853 0.640414810180664
45.5999990673736 0.641815376281738
45.6049990672618 0.644215647379557
45.6099990671501 0.646806844075521
45.6149990670383 0.657310612996419
45.6199990669265 0.67226931254069
45.6249990668148 0.660948435465495
45.629999066703 0.655751419067383
45.6349990665913 0.638648287455241
45.6399990664795 0.636194038391113
45.6449990663677 0.622688992818197
45.649999066256 0.624679692586263
45.6549990661442 0.627433395385742
45.6599990660325 0.640727615356445
45.6649990659207 0.64612185160319
45.669999065809 0.640745735168457
45.6749990656972 0.63254877726237
45.6799990655854 0.623062705993652
45.6849990654737 0.628971099853516
45.6899990653619 0.644327863057454
45.6949990652502 0.650626945495606
45.6999990651384 0.648828125
45.7049990650266 0.63472785949707
45.7099990649149 0.618444569905599
45.7149990648031 0.61968510945638
45.7199990646914 0.618421427408854
45.7249990645796 0.623464902242025
45.7299990644678 0.628651428222656
45.7349990643561 0.612571016947428
45.7399990642443 0.595336532592773
45.7449990641326 0.586765670776367
45.7499990640208 0.575778643290202
45.7549990639091 0.583833885192871
45.7599990637973 0.591862233479818
45.7649990636855 0.592739613850911
45.7699990635738 0.579310353597005
45.774999063462 0.578700002034505
45.7799990633503 0.584893735249837
45.7849990632385 0.610631942749023
45.7899990631267 0.615864562988281
45.794999063015 0.607838185628255
45.7999990629032 0.598503176371257
45.8049990627915 0.591380945841471
45.8099990626797 0.59976126352946
45.8149990625679 0.59834156036377
45.8199990624562 0.600390243530273
45.8249990623444 0.609698295593262
45.8299990622327 0.605701382954915
45.8349990621209 0.600984573364258
45.8399990620092 0.594110997517904
45.8449990618974 0.577552286783854
45.8499990617856 0.573874600728353
45.8549990616739 0.578300285339356
45.8599990615621 0.587657101949056
45.8649990614504 0.599797375996908
45.8699990613386 0.605421257019043
45.8749990612268 0.614855448404948
45.8799990611151 0.613995679219564
45.8849990610033 0.610457483927409
45.8899990608916 0.586865488688151
45.8949990607798 0.581457201639811
45.8999990606681 0.599544588724772
45.9049990605563 0.612000592549642
45.9099990604445 0.609599049886068
45.9149990603328 0.594628842671712
45.919999060221 0.590461858113607
45.9249990601093 0.593347422281901
45.9299990599975 0.58667958577474
45.9349990598857 0.581205177307129
45.939999059774 0.582196044921875
45.9449990596622 0.600272560119629
45.9499990595505 0.619177500406901
45.9549990594387 0.623250961303711
45.9599990593269 0.628292846679688
45.9649990592152 0.622746086120605
45.9699990591034 0.617307980855306
45.9749990589917 0.610422643025716
45.9799990588799 0.617396036783854
45.9849990587682 0.642205047607422
45.9899990586564 0.657170677185059
45.9949990585446 0.654055976867676
45.9999990584329 0.643011728922526
46.0049990583211 0.630442937215169
46.0099990582094 0.617886479695638
46.0149990580976 0.59349193572998
46.0199990579858 0.585427411397298
46.0249990578741 0.580533409118652
46.0299990577623 0.585247294108073
46.0349990576506 0.576445134480794
46.0399990575388 0.569386164347331
46.044999057427 0.579515393575033
46.0499990573153 0.594563802083333
46.0549990572035 0.60032164255778
46.0599990570918 0.6010986328125
46.06499905698 0.598869705200195
46.0699990568683 0.604899724324544
46.0749990567565 0.612389183044434
46.0799990566447 0.616121610005697
46.084999056533 0.602651405334473
46.0899990564212 0.587512143452962
46.0949990563095 0.577101898193359
46.0999990561977 0.581826591491699
46.1049990560859 0.578201675415039
46.1099990559742 0.56749890645345
46.1149990558624 0.571205202738444
46.1199990557507 0.575296020507812
46.1249990556389 0.57706839243571
46.1299990555272 0.566801071166992
46.1349990554154 0.581965827941895
46.1399990553036 0.608830960591634
46.1449990551919 0.64175230662028
46.1499990550801 0.645723470052083
46.1549990549684 0.625100390116374
46.1599990548566 0.59392261505127
46.1649990547448 0.580229504903158
46.1699990546331 0.577551968892415
46.1749990545213 0.585821978251139
46.1799990544096 0.584989293416341
46.1849990542978 0.574246152242025
46.189999054186 0.573087819417318
46.1949990540743 0.58159662882487
46.1999990539625 0.579604021708171
46.2049990538508 0.585444831848145
46.209999053739 0.586156018575033
46.2149990536273 0.587462361653646
46.2199990535155 0.588847096761068
46.2249990534037 0.590813827514648
46.229999053292 0.588043276468913
46.2349990531802 0.585495249430339
46.2399990530685 0.584271876017253
46.2449990529567 0.593047714233398
46.2499990528449 0.607538096110026
46.2549990527332 0.610292625427246
46.2599990526214 0.595978228251139
46.2649990525097 0.595774904886882
46.2699990523979 0.598159472147624
46.2749990522861 0.591544977823893
46.2799990521744 0.585863494873047
46.2849990520626 0.573726717631022
46.2899990519509 0.586220423380534
46.2949990518391 0.603375752766927
46.2999990517274 0.608514658610026
46.3049990516156 0.607870038350423
46.3099990515038 0.609590721130371
46.3149990513921 0.59742062886556
46.3199990512803 0.603386116027832
46.3249990511686 0.591803169250488
46.3299990510568 0.589647992451986
46.334999050945 0.575178464253744
46.3399990508333 0.583622614542643
46.3449990507215 0.597844314575195
46.3499990506098 0.608346430460612
46.354999050498 0.605349032084147
46.3599990503863 0.597145589192708
46.3649990502745 0.588831837972005
46.3699990501627 0.584857622782389
46.374999050051 0.570990498860677
46.3799990499392 0.574187024434408
46.3849990498275 0.570033073425293
46.3899990497157 0.574972343444824
46.3949990496039 0.577703412373861
46.3999990494922 0.567561912536621
46.4049990493804 0.565917078653971
46.4099990492687 0.551745923360189
46.4149990491569 0.5625306447347
46.4199990490451 0.571166229248047
46.4249990489334 0.580308024088542
46.4299990488216 0.58280029296875
46.4349990487099 0.59218921661377
46.4399990485981 0.595407994588216
46.4449990484864 0.602323849995931
46.4499990483746 0.596993700663249
46.4549990482628 0.601248868306478
46.4599990481511 0.600611686706543
46.4649990480393 0.601918856302897
46.4699990479276 0.592719395955404
46.4749990478158 0.598223559061686
46.479999047704 0.585835965474447
46.4849990475923 0.566548919677734
46.4899990474805 0.553585879007975
46.4949990473688 0.54458548227946
46.499999047257 0.552737172444661
46.5049990471452 0.560964330037435
46.5099990470335 0.578237215677897
46.5149990469217 0.57995859781901
46.51999904681 0.566127077738444
46.5249990466982 0.564000384012858
46.5299990465865 0.572664133707682
46.5349990464747 0.597704569498698
46.5399990463629 0.603435770670573
46.5449990462512 0.608913866678874
46.5499990461394 0.608173942565918
46.5549990460277 0.604426765441895
46.5599990459159 0.591305224100749
46.5649990458041 0.581324640909831
46.5699990456924 0.585522015889486
46.5749990455806 0.590126991271973
46.5799990454689 0.596367581685384
46.5849990453571 0.58804988861084
46.5899990452453 0.602976036071777
46.5949990451336 0.603380012512207
46.5999990450218 0.610316530863444
46.6049990449101 0.59753475189209
46.6099990447983 0.589911079406738
46.6149990446866 0.5893798828125
46.6199990445748 0.586657969156901
46.624999044463 0.583622678120931
46.6299990443513 0.581861941019694
46.6349990442395 0.584768931070964
46.6399990441278 0.588852310180664
46.644999044016 0.586240832010905
46.6499990439042 0.57967472076416
46.6549990437925 0.574960454305013
46.6599990436807 0.572842152913411
46.664999043569 0.575460497538249
46.6699990434572 0.586424509684245
46.6749990433455 0.596485328674316
46.6799990432337 0.603327878316243
46.6849990431219 0.598092460632324
46.6899990430102 0.596794191996257
46.6949990428984 0.598638470967611
46.6999990427867 0.600181388854981
46.7049990426749 0.597281964619954
46.7099990425631 0.587028312683106
46.7149990424514 0.593082110087077
46.7199990423396 0.601270421346029
46.7249990422279 0.622151692708333
46.7299990421161 0.628883361816406
46.7349990420043 0.614624214172363
46.7399990418926 0.592706171671549
46.7449990417808 0.580650965372721
46.7499990416691 0.57670103708903
46.7549990415573 0.600706990559896
46.7599990414456 0.608072090148926
46.7649990413338 0.613202794392904
46.769999041222 0.611334037780762
46.7749990411103 0.602448336283366
46.7799990409985 0.59771671295166
46.7849990408868 0.574924468994141
46.789999040775 0.557994778951009
46.7949990406632 0.547623952229818
46.7999990405515 0.563924598693848
46.8049990404397 0.584728304545085
46.809999040328 0.594459915161133
46.8149990402162 0.593476295471191
46.8199990401044 0.59406795501709
46.8249990399927 0.596735445658366
46.8299990398809 0.599998537699382
46.8349990397692 0.593890508015951
46.8399990396574 0.587813631693522
46.8449990395457 0.592774899800618
46.8499990394339 0.59554926554362
46.8549990393221 0.594252713521322
46.8599990392104 0.592264111836751
46.8649990390986 0.590884017944336
46.8699990389869 0.594473711649577
46.8749990388751 0.595691935221354
46.8799990387633 0.596950022379557
46.8849990386516 0.599918047587077
46.8899990385398 0.602193387349447
46.8949990384281 0.595084953308106
46.8999990383163 0.587398529052734
46.9049990382046 0.581124051411947
46.9099990380928 0.57504768371582
46.914999037981 0.572675387064616
46.9199990378693 0.594746971130371
46.9249990377575 0.610992368062337
46.9299990376458 0.614259974161784
46.934999037534 0.619436899820964
46.9399990374222 0.606566429138184
46.9449990373105 0.596979014078776
46.9499990371987 0.591379419962565
46.954999037087 0.586138407389323
46.9599990369752 0.596818478902181
46.9649990368634 0.611064592997233
46.9699990367517 0.61132640838623
46.9749990366399 0.612588500976562
46.9799990365282 0.617117118835449
46.9849990364164 0.625738906860352
46.9899990363047 0.627639516194661
46.9949990361929 0.64225222269694
46.9999990360811 0.640621185302734
47.0049990359694 0.644002024332682
47.0099990358576 0.628049596150716
47.0149990357459 0.610115242004394
47.0199990356341 0.5982879002889
47.0249990355223 0.600081952412923
47.0299990354106 0.605050913492839
47.0349990352988 0.605095672607422
47.0399990351871 0.613028844197591
47.0449990350753 0.61372496287028
47.0499990349635 0.614791615804036
47.0549990348518 0.604993629455566
47.05999903474 0.60107790629069
47.0649990346283 0.599923261006673
47.0699990345165 0.602526219685872
47.0749990344048 0.587709871927897
47.079999034293 0.575774701436361
47.0849990341812 0.585992304484049
47.0899990340695 0.596746826171875
47.0949990339577 0.59936637878418
47.099999033846 0.581877708435059
47.1049990337342 0.568379402160645
47.1099990336224 0.582659339904785
47.1149990335107 0.605311393737793
47.1199990333989 0.612687047322591
47.1249990332872 0.592538706461589
47.1299990331754 0.577313041687012
47.1349990330637 0.56475035349528
47.1399990329519 0.57846139272054
47.1449990328401 0.588277308146159
47.1499990327284 0.591293144226074
47.1549990326166 0.588303375244141
47.1599990325049 0.573296038309733
47.1649990323931 0.578417078653971
47.1699990322813 0.582722536722819
47.1749990321696 0.591284815470378
47.1799990320578 0.595034790039062
47.1849990319461 0.591442616780599
47.1899990318343 0.593799781799316
47.1949990317225 0.602089627583822
47.1999990316108 0.603862063090007
47.204999031499 0.613471794128418
47.2099990313873 0.614569918314616
47.2149990312755 0.598450469970703
47.2199990311638 0.59310474395752
47.224999031052 0.597179794311523
47.2299990309402 0.594270960489909
47.2349990308285 0.590864944458008
47.2399990307167 0.590212249755859
47.244999030605 0.595461718241374
47.2499990304932 0.602661514282227
47.2549990303814 0.597533671061198
47.2599990302697 0.582323201497396
47.2649990301579 0.570303535461426
47.2699990300462 0.566671625773112
47.2749990299344 0.550635719299316
47.2799990298226 0.545873578389486
47.2849990297109 0.565796025594075
47.2899990295991 0.570914395650228
47.2949990294874 0.591548156738281
47.2999990293756 0.603624979654948
47.3049990292639 0.602262179056803
47.3099990291521 0.60384833017985
47.3149990290403 0.611499786376953
47.3199990289286 0.620747184753418
47.3249990288168 0.615108680725098
47.3299990287051 0.605519930521647
47.3349990285933 0.571537971496582
47.3399990284815 0.560169474283854
47.3449990283698 0.551467895507813
47.349999028258 0.551247787475586
47.3549990281463 0.550502268473307
47.3599990280345 0.548453903198242
47.3649990279228 0.554508590698242
47.369999027811 0.572527758280436
47.3749990276992 0.576177342732747
47.3799990275875 0.576343091328939
47.3849990274757 0.585665194193522
47.389999027364 0.601604016621908
47.3949990272522 0.608724403381348
47.3999990271404 0.601628684997559
47.4049990270287 0.593344306945801
47.4099990269169 0.605448087056478
47.4149990268052 0.606556510925293
47.4199990266934 0.601739501953125
47.4249990265816 0.580914052327474
47.4299990264699 0.570798428853353
47.4349990263581 0.577833112080892
47.4399990262464 0.579059918721517
47.4449990261346 0.593875249226888
47.4499990260229 0.598781394958496
47.4549990259111 0.589127731323242
47.4599990257993 0.587193425496419
47.4649990256876 0.573270098368327
47.4699990255758 0.575026384989421
47.4749990254641 0.584413528442383
47.4799990253523 0.581081390380859
47.4849990252405 0.584200922648112
47.4899990251288 0.582469749450684
47.494999025017 0.592523829142253
47.4999990249053 0.604187711079915
47.5049990247935 0.606589953104655
47.5099990246817 0.595927556355794
47.51499902457 0.593532307942708
47.5199990244582 0.605688031514486
47.5249990243465 0.606767400105794
47.5299990242347 0.605643717447917
47.534999024123 0.594081242879232
47.5399990240112 0.594585736592611
47.5449990238994 0.595263735453288
47.5499990237877 0.592288525899251
47.5549990236759 0.582311757405599
47.5599990235642 0.573376782735189
47.5649990234524 0.572550392150879
47.5699990233406 0.574901326497396
47.5749990232289 0.590119171142578
47.5799990231171 0.601309521993001
47.5849990230054 0.605587514241536
47.5899990228936 0.609080759684245
47.5949990227818 0.613088417053223
47.5999990226701 0.597255198160807
47.6049990225583 0.605795605977376
47.6099990224466 0.612127621968587
47.6149990223348 0.639869880676269
47.6199990222231 0.643174107869466
47.6249990221113 0.623320070902507
47.6299990219995 0.600373840332031
47.6349990218878 0.591796811421712
47.639999021776 0.59843635559082
47.6449990216643 0.591544151306152
47.6499990215525 0.587194697062175
47.6549990214407 0.570426114400228
47.659999021329 0.573862266540527
47.6649990212172 0.583030064900716
47.6699990211055 0.594968096415202
47.6749990209937 0.593052864074707
47.679999020882 0.605942535400391
47.6849990207702 0.61149419148763
47.6899990206584 0.606231180826823
47.6949990205467 0.610058148701986
47.6999990204349 0.592496617635091
47.7049990203232 0.593872833251953
47.7099990202114 0.59019095102946
47.7149990200996 0.595984586079915
47.7199990199879 0.595092391967773
47.7249990198761 0.591102091471354
47.7299990197644 0.586798477172852
47.7349990196526 0.587603123982747
47.7399990195408 0.593021710713704
47.7449990194291 0.596078618367513
47.7499990193173 0.590590731302897
47.7549990192056 0.588935407002767
47.7599990190938 0.590701484680176
47.7649990189821 0.604491106669108
47.7699990188703 0.616992632548014
47.7749990187585 0.61811637878418
47.7799990186468 0.620023091634115
47.784999018535 0.595755259195964
47.7899990184233 0.58887825012207
47.7949990183115 0.583149274190267
47.7999990181997 0.587176259358724
47.804999018088 0.597802607218424
47.8099990179762 0.612099774678548
47.8149990178645 0.620367813110352
47.8199990177527 0.619192314147949
47.8249990176409 0.607096608479818
47.8299990175292 0.582150650024414
47.8349990174174 0.586127281188965
47.8399990173057 0.581212870279948
47.8449990171939 0.584756787618001
47.8499990170822 0.587804412841797
47.8549990169704 0.576196034749349
47.8599990168586 0.573988278706869
47.8649990167469 0.57710386912028
47.8699990166351 0.561933326721191
47.8749990165234 0.580363082885742
47.8799990164116 0.563342984517415
47.8849990162998 0.569662666320801
47.8899990161881 0.566628201802572
47.8949990160763 0.56324520111084
47.8999990159646 0.57050724029541
47.9049990158528 0.587556521097819
47.9099990157411 0.58627389272054
47.9149990156293 0.578978538513184
47.9199990155175 0.558631197611491
47.9249990154058 0.562800025939941
47.929999015294 0.573711967468262
47.9349990151823 0.573755264282227
47.9399990150705 0.557316462198893
47.9449990149587 0.5433900197347
47.949999014847 0.537200101216634
47.9549990147352 0.54835516611735
47.9599990146235 0.556741205851237
47.9649990145117 0.566440391540527
47.9699990143999 0.573540306091309
47.9749990142882 0.571795272827148
47.9799990141764 0.56692632039388
47.9849990140647 0.548287518819173
47.9899990139529 0.538840293884277
47.9949990138412 0.532683849334717
47.9999990137294 0.552805137634277
48.0049990136176 0.561708005269368
48.0099990135059 0.560760307312012
48.0149990133941 0.574591700236003
48.0199990132824 0.588090006510417
48.0249990131706 0.597119331359863
48.0299990130588 0.588072840372721
48.0349990129471 0.567103322347005
48.0399990128353 0.547931353251139
48.0449990127236 0.542963981628418
48.0499990126118 0.54276180267334
48.0549990125 0.558359082539876
48.0599990123883 0.578869946797689
48.0649990122765 0.596892929077148
48.0699990121648 0.595033137003581
48.074999012053 0.578342437744141
48.0799990119413 0.571794446309408
48.0849990118295 0.576675860087077
48.0899990117177 0.581026204427083
48.094999011606 0.600777117411296
48.0999990114942 0.61290594736735
48.1049990113825 0.64232234954834
48.1099990112707 0.64677906036377
48.1149990111589 0.623579406738281
48.1199990110472 0.594301795959473
48.1249990109354 0.600259780883789
48.1299990108237 0.595422681172689
48.1349990107119 0.60959955851237
48.1399990106002 0.60715586344401
48.1449990104884 0.601853879292806
48.1499990103766 0.608779017130534
48.1549990102649 0.599743906656901
48.1599990101531 0.59618288675944
48.1649990100414 0.584843826293945
48.1699990099296 0.578531455993652
48.1749990098178 0.589248275756836
48.1799990097061 0.593273798624674
48.1849990095943 0.588118362426758
48.1899990094826 0.582129859924316
48.1949990093708 0.571822102864583
48.199999009259 0.582529449462891
48.2049990091473 0.578103510538737
48.2099990090355 0.578559939066569
48.2149990089238 0.592993927001953
48.219999008812 0.582502937316895
48.2249990087003 0.582261212666829
48.2299990085885 0.575889714558919
48.2349990084767 0.576202710469564
48.239999008365 0.587242698669434
48.2449990082532 0.577728017171224
48.2499990081415 0.558268610636393
48.2549990080297 0.5509978612264
48.2599990079179 0.562132008870443
48.2649990078062 0.56633981068929
48.2699990076944 0.568334197998047
48.2749990075827 0.580927848815918
48.2799990074709 0.594076728820801
48.2849990073591 0.610679690043132
48.2899990072474 0.626808357238769
48.2949990071356 0.616632525126139
48.2999990070239 0.611196581522624
48.3049990069121 0.604533894856771
48.3099990068004 0.594472376505534
48.3149990066886 0.589610926310221
48.3199990065768 0.574209467569987
48.3249990064651 0.569368426005046
48.3299990063533 0.582262102762858
48.3349990062416 0.587953249613444
48.3399990061298 0.583785883585612
48.344999006018 0.569077364603678
48.3499990059063 0.570679537455241
48.3549990057945 0.582245635986328
48.3599990056828 0.589117749532064
48.364999005571 0.591218948364258
48.3699990054592 0.586132431030273
48.3749990053475 0.575045776367187
48.3799990052357 0.564324696858724
48.384999005124 0.554344495137533
48.3899990050122 0.545209058125814
48.3949990049005 0.541117095947266
48.3999990047887 0.533216253916423
48.4049990046769 0.539450200398763
48.4099990045652 0.553096580505371
48.4149990044534 0.54080499013265
48.4199990043417 0.541493352254232
48.4249990042299 0.545165761311849
48.4299990041181 0.554059346516927
48.4349990040064 0.564894104003906
48.4399990038946 0.569693756103516
48.4449990037829 0.574292246500651
48.4499990036711 0.57249813079834
48.4549990035594 0.566379165649414
48.4599990034476 0.563547134399414
48.4649990033358 0.54849173227946
48.4699990032241 0.543270111083984
48.4749990031123 0.545318857828776
48.4799990030006 0.561295000712077
48.4849990028888 0.578936576843262
48.489999002777 0.578613789876302
48.4949990026653 0.569258308410645
48.4999990025535 0.558302116394043
48.5049990024418 0.56924311319987
48.50999900233 0.564749590555827
48.5149990022182 0.57407480875651
48.5199990021065 0.563887659708659
48.5249990019947 0.563563919067383
48.529999001883 0.561837450663249
48.5349990017712 0.563473256429036
48.5399990016595 0.569613202412923
48.5449990015477 0.569235865275065
48.5499990014359 0.572907320658366
48.5549990013242 0.583541679382324
48.5599990012124 0.593546040852865
48.5649990011007 0.596397018432617
48.5699990009889 0.594776662190755
48.5749990008771 0.588235982259115
48.5799990007654 0.597836939493815
48.5849990006536 0.609177398681641
48.5899990005419 0.592323493957519
48.5949990004301 0.5793763478597
48.5999990003183 0.569923591613769
48.6049990002066 0.575182278951009
48.6099990000948 0.559256299336751
48.6149989999831 0.564713795979818
48.6199989998713 0.565756797790527
48.6249989997596 0.568754005432129
48.6299989996478 0.573297500610352
48.634998999536 0.566200383504232
48.6399989994243 0.572494506835938
48.6449989993125 0.571034558614095
48.6499989992008 0.564426740010579
48.654998999089 0.556154950459798
48.6599989989772 0.562280527750651
48.6649989988655 0.562906773885091
48.6699989987537 0.564142735799154
48.674998998642 0.579439290364583
48.6799989985302 0.596811485290527
48.6849989984185 0.600691286722819
48.6899989983067 0.588589096069336
48.6949989981949 0.571430460611979
48.6999989980832 0.563202285766602
48.7049989979714 0.552167574564616
48.7099989978597 0.541823069254557
48.7149989977479 0.520743370056152
48.7199989976361 0.523216088612874
48.7249989975244 0.525067901611328
48.7299989974126 0.536325899759928
48.7349989973009 0.558979988098145
48.7399989971891 0.567942555745443
48.7449989970773 0.5733091990153
48.7499989969656 0.564356676737467
48.7549989968538 0.578286870320638
48.7599989967421 0.594188117980957
48.7649989966303 0.605107688903809
48.7699989965186 0.594122823079427
48.7749989964068 0.589206759134928
48.779998996295 0.583693440755208
48.7849989961833 0.596178944905599
48.7899989960715 0.59075673421224
48.7949989959598 0.572579701741537
48.799998995848 0.56713015238444
48.8049989957362 0.553334363301595
48.8099989956245 0.539955647786458
48.8149989955127 0.530019855499268
48.819998995401 0.533221626281738
48.8249989952892 0.557343101501465
48.8299989951774 0.567180315653483
48.8349989950657 0.587791887919108
48.8399989949539 0.578689702351888
48.8449989948422 0.585492515563965
48.8499989947304 0.574931971232096
48.8549989946187 0.563379542032878
48.8599989945069 0.564670626322428
48.8649989943951 0.572863451639811
48.8699989942834 0.588819885253906
48.8749989941716 0.610619417826335
48.8799989940599 0.612787882486979
48.8849989939481 0.612373034159342
48.8899989938363 0.611705843607585
48.8949989937246 0.620296414693197
48.8999989936128 0.63455867767334
48.9049989935011 0.632518513997396
48.9099989933893 0.629498418172201
48.9149989932776 0.629893112182617
48.9199989931658 0.635599199930827
48.924998993054 0.62169303894043
48.9299989929423 0.613329251607259
48.9349989928305 0.602173105875651
48.9399989927188 0.603768730163574
48.944998992607 0.600940450032552
48.9499989924952 0.59484977722168
48.9549989923835 0.576394589742025
48.9599989922717 0.569801839192708
48.96499899216 0.561482302347819
48.9699989920482 0.555348523457845
48.9749989919364 0.553020922342936
48.9799989918247 0.559926160176595
48.9849989917129 0.553451983133952
48.9899989916012 0.57158571879069
48.9949989914894 0.578652572631836
48.9999989913777 0.584571774800619
49.0049989912659 0.592618497212728
49.0099989911541 0.587001164754232
49.0149989910424 0.578929392496745
49.0199989909306 0.572237968444824
49.0249989908189 0.574680201212565
49.0299989907071 0.5660431543986
49.0349989905953 0.572048314412435
49.0399989904836 0.581274731953939
49.0449989903718 0.57941525777181
49.0499989902601 0.577114423116048
49.0549989901483 0.572889645894369
49.0599989900365 0.572552617390951
49.0649989899248 0.576636568705241
49.069998989813 0.579368591308594
49.0749989897013 0.575023142496745
49.0799989895895 0.573176002502441
49.0849989894778 0.574524180094401
49.089998989366 0.569235293070475
49.0949989892542 0.572900136311849
49.0999989891425 0.583059819539388
49.1049989890307 0.564782842000325
49.109998988919 0.566851552327474
49.1149989888072 0.570284652709961
49.1199989886954 0.57539602915446
49.1249989885837 0.579397137959798
49.1299989884719 0.565777142842611
49.1349989883602 0.560520044962565
49.1399989882484 0.563457997639974
49.1449989881366 0.548611068725586
49.1499989880249 0.561228434244792
49.1549989879131 0.570580736796061
49.1599989878014 0.583115704854329
49.1649989876896 0.58195374806722
49.1699989875779 0.584783299763997
49.1749989874661 0.598521169026693
49.1799989873543 0.591707611083984
49.1849989872426 0.589215024312337
49.1899989871308 0.576393381754557
49.1949989870191 0.582029978434245
49.1999989869073 0.574304389953613
49.2049989867955 0.558786074320475
49.2099989866838 0.539611307779948
49.214998986572 0.537651570638021
49.2199989864603 0.556542841593424
49.2249989863485 0.576584561665853
49.2299989862368 0.596039708455404
49.234998986125 0.592493311564128
49.2399989860132 0.592063077290853
49.2449989859015 0.575858561197917
49.2499989857897 0.579339853922526
49.254998985678 0.570425669352214
49.2599989855662 0.580243746439616
49.2649989854544 0.572132873535156
49.2699989853427 0.559362983703613
49.2749989852309 0.546967569986979
49.2799989851192 0.554597663879395
49.2849989850074 0.547465324401855
49.2899989848956 0.552946345011393
49.2949989847839 0.552298736572266
49.2999989846721 0.56254940032959
49.3049989845604 0.585523351033529
49.3099989844486 0.584930674235026
49.3149989843369 0.591905657450358
49.3199989842251 0.588978131612142
49.3249989841133 0.581992022196452
49.3299989840016 0.570728429158529
49.3349989838898 0.569082578023275
49.3399989837781 0.576904741923014
49.3449989836663 0.584942754109701
49.3499989835545 0.594395701090495
49.3549989834428 0.593561681111654
49.359998983331 0.604712994893392
49.3649989832193 0.612845293680827
49.3699989831075 0.610312461853027
49.3749989829957 0.599795468648275
49.379998982884 0.608254432678223
49.3849989827722 0.600104522705078
49.3899989826605 0.597295951843262
49.3949989825487 0.569910748799642
49.399998982437 0.542635345458984
49.4049989823252 0.544879213968913
49.4099989822134 0.548286692301432
49.4149989821017 0.563873672485352
49.4199989819899 0.577529144287109
49.4249989818782 0.584179814656576
49.4299989817664 0.575945981343587
49.4349989816546 0.577920405069987
49.4399989815429 0.562083689371745
49.4449989814311 0.563652674357096
49.4499989813194 0.563385899861654
49.4549989812076 0.571240361531576
49.4599989810959 0.562437947591146
49.4649989809841 0.572206687927246
49.4699989808723 0.571433575948079
49.4749989807606 0.574806912740072
49.4799989806488 0.575030072530111
49.4849989805371 0.558281135559082
49.4899989804253 0.553685887654622
49.4949989803135 0.55548636118571
49.4999989802018 0.557621574401855
49.50499898009 0.579496637980143
49.5099989799783 0.574935150146484
49.5149989798665 0.578331311543783
49.5199989797547 0.571957397460938
49.524998979643 0.565362167358398
49.5299989795312 0.571351941426595
49.5349989794195 0.560844357808431
49.5399989793077 0.563131332397461
49.544998979196 0.563387171427409
49.5499989790842 0.567823346455892
49.5549989789724 0.575225321451823
49.5599989788607 0.58182315826416
49.5649989787489 0.571271324157715
49.5699989786372 0.571632194519043
49.5749989785254 0.551598103841146
49.5799989784136 0.556712849934896
49.5849989783019 0.565085411071777
49.5899989781901 0.567517344156901
49.5949989780784 0.57475700378418
49.5999989779666 0.570363744099935
49.6049989778548 0.582745806376139
49.6099989777431 0.57564697265625
49.6149989776313 0.560269864400228
49.6199989775196 0.54895388285319
49.6249989774078 0.54363218943278
49.6299989772961 0.55422306060791
49.6349989771843 0.563223520914714
49.6399989770725 0.569049898783366
49.6449989769608 0.577679761250814
49.649998976849 0.565450604756673
49.6549989767373 0.556034851074219
49.6599989766255 0.551510810852051
49.6649989765137 0.551551628112793
49.669998976402 0.555257288614909
49.6749989762902 0.569560114542643
49.6799989761785 0.58776117960612
49.6849989760667 0.599531491597494
49.689998975955 0.593058013916016
49.6949989758432 0.579073905944824
49.6999989757314 0.569779205322266
49.7049989756197 0.562130991617839
49.7099989755079 0.562247276306152
49.7149989753962 0.551029968261719
49.7199989752844 0.544854927062988
49.7249989751726 0.535684903462728
49.7299989750609 0.538324928283691
49.7349989749491 0.561964480082194
49.7399989748374 0.581589380900065
49.7449989747256 0.602753448486328
49.7499989746138 0.595090611775716
49.7549989745021 0.591736284891764
49.7599989743903 0.589687029520671
49.7649989742786 0.588396898905436
49.7699989741668 0.598378245035807
49.7749989740551 0.584148025512695
49.7799989739433 0.579392623901367
49.7849989738315 0.586304982503255
49.7899989737198 0.579358291625977
49.794998973608 0.582990519205729
49.7999989734963 0.577110735575358
49.8049989733845 0.565128453572591
49.8099989732727 0.56081002553304
49.814998973161 0.56216189066569
49.8199989730492 0.573153177897135
49.8249989729375 0.591611289978027
49.8299989728257 0.597370719909668
49.8349989727139 0.597610473632813
49.8399989726022 0.599684969584147
49.8449989724904 0.602020645141602
49.8499989723787 0.585876401265462
49.8549989722669 0.588117218017578
49.8599989721552 0.600148010253906
49.8649989720434 0.607671356201172
49.8699989719316 0.619515037536621
49.8749989718199 0.620591990152995
49.8799989717081 0.597646903991699
49.8849989715964 0.596008936564128
49.8899989714846 0.563898277282715
49.8949989713728 0.550100072224935
49.8999989712611 0.55742359161377
49.9049989711493 0.551774597167969
49.9099989710376 0.559273592631022
49.9149989709258 0.571595191955566
49.919998970814 0.574451382954915
49.9249989707023 0.591653442382812
49.9299989705905 0.607002703348796
49.9349989704788 0.603556950887044
49.939998970367 0.609721183776855
49.9449989702553 0.609658495585124
49.9499989701435 0.591879717508952
49.9549989700317 0.57127259572347
49.95999896992 0.566307131449382
49.9649989698082 0.569673856099447
49.9699989696965 0.587180836995443
49.9749989695847 0.599564425150553
49.9799989694729 0.61423708597819
49.9849989693612 0.612366612752279
49.9899989692494 0.610729153951009
49.9949989691377 0.592216237386068
49.9999989690259 0.578712844848633
50.0049989689142 0.573218282063802
50.0099989688024 0.56812203725179
50.0149989686906 0.574178314208984
50.0199989685789 0.598214785257975
50.0249989684671 0.606725184122721
50.0299989683554 0.607002703348796
50.0349989682436 0.578974342346191
50.0399989681318 0.57256399790446
50.0449989680201 0.571581013997396
50.0499989679083 0.58251043955485
50.0549989677966 0.590732638041178
50.0599989676848 0.574725341796875
50.064998967573 0.570186106363932
50.0699989674613 0.571920522054036
50.0749989673495 0.584848340352376
50.0799989672378 0.593488502502441
50.084998967126 0.585724067687988
50.0899989670143 0.596321551005046
50.0949989669025 0.611042594909668
50.0999989667907 0.636358706156413
50.104998966679 0.626563517252604
50.1099989665672 0.643615341186523
50.1149989664555 0.655247561136882
50.1199989663437 0.668550173441569
50.1249989662319 0.671058718363444
50.1299989661202 0.666410827636719
50.1349989660084 0.656639099121094
50.1399989658967 0.652811749776204
50.1449989657849 0.640934944152832
50.1499989656731 0.642370541890462
50.1549989655614 0.63890552520752
50.1599989654496 0.641208457946777
50.1649989653379 0.632268206278483
50.1699989652261 0.645433489481608
50.1749989651144 0.659715143839518
50.1799989650026 0.661978085835775
50.1849989648908 0.669043731689453
50.1899989647791 0.676491292317708
50.1949989646673 0.682086372375488
50.1999989645556 0.678808911641439
50.2049989644438 0.682199923197428
50.209998964332 0.687627983093262
50.2149989642203 0.706998761494954
50.2199989641085 0.719585927327474
50.2249989639968 0.711122449239095
50.229998963885 0.723098754882813
50.2349989637733 0.735392316182454
50.2399989636615 0.753853289286296
50.2449989635497 0.744409942626953
50.249998963438 0.728168869018555
50.2549989633262 0.712921333312988
50.2599989632145 0.721438280741374
50.2649989631027 0.727241579691569
50.2699989629909 0.731947135925293
50.2749989628792 0.739329020182292
50.2799989627674 0.744626490275065
50.2849989626557 0.758308474222819
50.2899989625439 0.749998728434245
50.2949989624321 0.761920166015625
50.2999989623204 0.786206754048665
50.3049989622086 0.814308102925619
50.3099989620969 0.814060147603353
50.3149989619851 0.801096979777018
50.3199989618734 0.797058169047038
50.3249989617616 0.827918434143066
50.3299989616498 0.832829984029134
50.3349989615381 0.81785151163737
50.3399989614263 0.806113878885905
50.3449989613146 0.787881151835124
50.3499989612028 0.785231399536133
50.354998961091 0.800171089172363
50.3599989609793 0.791503779093425
50.3649989608675 0.803277524312337
50.3699989607558 0.787112681070964
50.374998960644 0.777138010660807
50.3799989605322 0.79255256652832
50.3849989604205 0.793805758158366
50.3899989603087 0.795520655314128
50.394998960197 0.795029576619466
50.3999989600852 0.78257687886556
50.4049989599735 0.783178838094076
50.4099989598617 0.756311925252279
50.4149989597499 0.74035530090332
50.4199989596382 0.75046812693278
50.4249989595264 0.76614507039388
50.4299989594147 0.787250900268555
50.4349989593029 0.770031102498372
50.4399989591911 0.774199930826823
50.4449989590794 0.780172220865885
50.4499989589676 0.780866877237956
50.4549989588559 0.757619158426921
50.4599989587441 0.741493733723958
50.4649989586324 0.726015853881836
50.4699989585206 0.72880802154541
50.4749989584088 0.726610628763835
50.4799989582971 0.714065233866374
50.4849989581853 0.69112720489502
50.4899989580736 0.678560447692871
50.4949989579618 0.679202779134115
50.49999895785 0.681173896789551
50.5049989577383 0.679527982076009
50.5099989576265 0.672788047790527
50.5149989575148 0.664425214131673
50.519998957403 0.666133371988932
50.5249989572912 0.665438715616862
50.5299989571795 0.666123263041178
50.5349989570677 0.661343129475911
50.539998956956 0.652094713846842
50.5449989568442 0.647894032796224
50.5499989567325 0.655936686197917
50.5549989566207 0.646084149678548
50.5599989565089 0.647215207417806
50.5649989563972 0.650817171732585
50.5699989562854 0.661052640279134
50.5749989561737 0.666144752502441
50.5799989560619 0.666154416402181
50.5849989559501 0.65738042195638
50.5899989558384 0.64228401184082
50.5949989557266 0.643190511067708
50.5999989556149 0.642446136474609
50.6049989555031 0.641984303792318
50.6099989553913 0.632205518086751
50.6149989552796 0.618785858154297
50.6199989551678 0.60168571472168
50.6249989550561 0.599496205647787
50.6299989549443 0.591885821024577
50.6349989548326 0.590698623657227
50.6399989547208 0.592588933308919
50.644998954609 0.593248685201009
50.6499989544973 0.584712855021159
50.6549989543855 0.579644711812337
50.6599989542738 0.588760821024577
50.664998954162 0.606793340047201
50.6699989540502 0.616130256652832
50.6749989539385 0.622094980875651
50.6799989538267 0.60911496480306
50.684998953715 0.597024345397949
50.6899989536032 0.585795529683431
50.6949989534914 0.557522837320964
50.6999989533797 0.54888375600179
50.7049989532679 0.539083671569824
50.7099989531562 0.527361424763997
50.7149989530444 0.536795934041341
50.7199989529327 0.539145787556966
50.7249989528209 0.544232241312663
50.7299989527091 0.548166147867839
50.7349989525974 0.539689064025879
50.7399989524856 0.529169909159342
50.7449989523739 0.532039515177409
50.7499989522621 0.536232376098633
50.7549989521503 0.550334103902181
50.7599989520386 0.554343986511231
50.7649989519268 0.554258918762207
50.7699989518151 0.549984931945801
50.7749989517033 0.547900136311849
50.7799989515916 0.554123179117839
50.7849989514798 0.546526972452799
50.789998951368 0.548683993021647
50.7949989512563 0.54564266204834
50.7999989511445 0.551365788777669
50.8049989510328 0.559218470255534
50.809998950921 0.567859268188477
50.8149989508092 0.564225133260091
50.8199989506975 0.563240750630697
50.8249989505857 0.551992543538411
50.829998950474 0.550524202982585
50.8349989503622 0.558523750305176
50.8399989502504 0.562465349833171
50.8449989501387 0.562847010294596
50.8499989500269 0.565688705444336
50.8549989499152 0.557589149475098
50.8599989498034 0.547877756754557
50.8649989496917 0.540465672810872
50.8699989495799 0.53014980951945
50.8749989494681 0.5249893506368
50.8799989493564 0.529131603240967
50.8849989492446 0.528247706095378
50.8899989491329 0.528150367736816
50.8949989490211 0.534200541178385
50.8999989489093 0.556382369995117
50.9049989487976 0.565469360351562
50.9099989486858 0.568206151326497
50.9149989485741 0.565970420837402
50.9199989484623 0.552767435709635
50.9249989483505 0.549510510762533
50.9299989482388 0.540188535054525
50.934998948127 0.542940394083659
50.9399989480153 0.542980257670085
50.9449989479035 0.547209866841634
50.9499989477918 0.545496877034505
50.95499894768 0.535639444986979
50.9599989475682 0.545215543111165
50.9649989474565 0.541721026102702
50.9699989473447 0.540098889668783
50.974998947233 0.555668958028158
50.9799989471212 0.563839403788249
50.9849989470094 0.569571622212728
50.9899989468977 0.570911471048991
50.9949989467859 0.546271642049154
50.9999989466742 0.52209587097168
51.0049989465624 0.51160675684611
51.0099989464507 0.516679032643636
51.0149989463389 0.537185605367025
51.0199989462271 0.539906438191732
51.0249989461154 0.537932014465332
51.0299989460036 0.546797815958659
51.0349989458919 0.540097300211589
51.0399989457801 0.538466199239095
51.0449989456683 0.533058325449626
51.0499989455566 0.539538764953613
51.0549989454448 0.544821230570475
51.0599989453331 0.551897811889648
51.0649989452213 0.548371378580729
51.0699989451095 0.554962476094564
51.0749989449978 0.551552645365397
51.079998944886 0.543651644388835
51.0849989447743 0.538049952189128
51.0899989446625 0.548789596557617
51.0949989445508 0.53506768544515
51.099998944439 0.526120948791504
51.1049989443272 0.527212270100911
51.1099989442155 0.52759952545166
51.1149989441037 0.536193720499675
51.119998943992 0.52632220586141
51.1249989438802 0.521331564585368
51.1299989437684 0.519889163970947
51.1349989436567 0.519471454620361
51.1399989435449 0.519941711425781
51.1449989434332 0.524921035766602
51.1499989433214 0.527973175048828
51.1549989432096 0.52693510055542
51.1599989430979 0.531705252329508
51.1649989429861 0.535760752360026
51.1699989428744 0.53212038675944
51.1749989427626 0.545040448506673
51.1799989426509 0.556676991780599
51.1849989425391 0.568500836690267
51.1899989424273 0.566140492757162
51.1949989423156 0.54322509765625
51.1999989422038 0.53363831837972
51.2049989420921 0.536297225952148
51.2099989419803 0.534573491414388
51.2149989418685 0.544835917154948
51.2199989417568 0.554584693908691
51.224998941645 0.550326220194499
51.2299989415333 0.55496285756429
51.2349989414215 0.530564594268799
51.2399989413098 0.516565259297689
51.244998941198 0.509703636169434
51.2499989410862 0.49307336807251
51.2549989409745 0.500024255116781
51.2599989408627 0.504758389790853
51.264998940751 0.529534339904785
51.2699989406392 0.530598163604736
51.2749989405274 0.524407958984375
51.2799989404157 0.509543546040853
51.2849989403039 0.515719032287598
51.2899989401922 0.541039021809896
51.2949989400804 0.554731623331706
51.2999989399686 0.574966748555501
51.3049989398569 0.55525271097819
51.3099989397451 0.538515345255534
51.3149989396334 0.529495366414388
51.3199989395216 0.515358893076579
51.3249989394099 0.532706832885742
51.3299989392981 0.530833053588867
51.3349989391863 0.520488452911377
51.3399989390746 0.50146312713623
51.3449989389628 0.488668060302734
51.3499989388511 0.493835290273031
51.3549989387393 0.503553930918376
51.3599989386275 0.504504426320394
51.3649989385158 0.496556536356608
51.369998938404 0.490751139322917
51.3749989382923 0.495744959513346
51.3799989381805 0.503953584035238
51.3849989380687 0.502068901062012
51.389998937957 0.48942019144694
51.3949989378452 0.488592020670573
51.3999989377335 0.489862982432048
51.4049989376217 0.503739356994629
51.40999893751 0.508930333455404
51.4149989373982 0.509328556060791
51.4199989372864 0.508351675669352
51.4249989371747 0.529008038838704
51.4299989370629 0.535376612345378
51.4349989369512 0.544636599222819
51.4399989368394 0.553020858764648
51.4449989367276 0.551968129475911
51.4499989366159 0.552695592244466
51.4549989365041 0.542190297444661
51.4599989363924 0.539849726359049
51.4649989362806 0.540581194559733
51.4699989361688 0.523431777954102
51.4749989360571 0.52133191426595
51.4799989359453 0.517012850443522
51.4849989358336 0.52024892171224
51.4899989357218 0.512943363189697
51.4949989356101 0.492088890075684
51.4999989354983 0.493339729309082
51.5049989353865 0.502416706085205
51.5099989352748 0.499950122833252
51.514998935163 0.501107756296794
51.5199989350513 0.485679976145426
51.5249989349395 0.486678123474121
51.5299989348277 0.495117632548014
51.534998934716 0.506664975484212
51.5399989346042 0.510693550109863
51.5449989344925 0.514401404062907
51.5499989343807 0.516575177510579
51.554998934269 0.518764305114746
51.5599989341572 0.526657009124756
51.5649989340454 0.517461585998535
51.5699989339337 0.516254202524821
51.5749989338219 0.506752395629883
51.5799989337102 0.506540966033936
51.5849989335984 0.508317470550537
51.5899989334866 0.518939526875814
51.5949989333749 0.515922705332438
51.5999989332631 0.512525272369385
51.6049989331514 0.498270734151204
51.6099989330396 0.518641630808512
51.6149989329278 0.521828746795654
51.6199989328161 0.521822039286296
51.6249989327043 0.514531453450521
51.6299989325926 0.514881610870361
51.6349989324808 0.530794906616211
51.6399989323691 0.531471347808838
51.6449989322573 0.524130725860596
51.6499989321455 0.526184813181559
51.6549989320338 0.515784358978271
51.659998931922 0.513901042938232
51.6649989318103 0.516046015421549
51.6699989316985 0.506948566436768
51.6749989315867 0.520893541971842
51.679998931475 0.535849952697754
51.6849989313632 0.538963254292806
51.6899989312515 0.549433263142904
51.6949989311397 0.535430335998535
51.6999989310279 0.520795249938965
51.7049989309162 0.518528525034587
51.7099989308044 0.51141045888265
51.7149989306927 0.509020169576009
51.7199989305809 0.503683058420817
51.7249989304692 0.492938423156738
51.7299989303574 0.486556657155355
51.7349989302456 0.480603154500326
51.7399989301339 0.496320215861003
51.7449989300221 0.497294489542643
51.7499989299104 0.489603900909424
51.7549989297986 0.486805375417074
51.7599989296868 0.485735321044922
51.7649989295751 0.496780077616374
51.7699989294633 0.506475226084391
51.7749989293516 0.509883530934652
51.7799989292398 0.510730711619059
51.7849989291281 0.516508960723877
51.7899989290163 0.517675240834554
51.7949989289045 0.525431219736735
51.7999989287928 0.52827828725179
51.804998928681 0.5314453125
51.8099989285693 0.518934281667074
51.8149989284575 0.51342134475708
51.8199989283457 0.507011063893636
51.824998928234 0.509189001719157
51.8299989281222 0.508537673950195
51.8349989280105 0.499769592285156
51.8399989278987 0.481146621704102
51.8449989277869 0.473797543843587
51.8499989276752 0.468072287241618
51.8549989275634 0.46595999399821
51.8599989274517 0.454369576772054
51.8649989273399 0.459424018859863
51.8699989272282 0.472888374328613
51.8749989271164 0.487749290466309
51.8799989270046 0.482861614227295
51.8849989268929 0.477069282531738
51.8899989267811 0.467608578999837
51.8949989266694 0.466945743560791
51.8999989265576 0.481261285146077
51.9049989264458 0.486295064290365
51.9099989263341 0.505236562093099
51.9149989262223 0.516415723164876
51.9199989261106 0.518064498901367
51.9249989259988 0.520190048217773
51.929998925887 0.510990238189697
51.9349989257753 0.516438102722168
51.9399989256635 0.531874847412109
51.9449989255518 0.543649419148763
51.94999892544 0.539536348978678
51.9549989253283 0.521715799967448
51.9599989252165 0.505560334523519
51.9649989251047 0.495061620076497
51.969998924993 0.489273452758789
51.9749989248812 0.494925117492676
51.9799989247695 0.489527320861816
51.9849989246577 0.484074020385742
51.9899989245459 0.494233194986979
51.9949989244342 0.504421774546305
51.9999989243224 0.513129965464274
52.0049989242107 0.51138391494751
52.0099989240989 0.501590855916341
52.0149989239872 0.489879512786865
52.0199989238754 0.485817527770996
52.0249989237636 0.475821781158447
52.0299989236519 0.47681671778361
52.0349989235401 0.482628281911214
52.0399989234284 0.492388852437337
52.0449989233166 0.497007179260254
52.0499989232048 0.489789930979411
52.0549989230931 0.479483858744303
52.0599989229813 0.470180638631185
52.0649989228696 0.475672245025635
52.0699989227578 0.489905134836833
52.074998922646 0.492074457804362
52.0799989225343 0.497124640146891
52.0849989224225 0.490305360158285
52.0899989223108 0.488970216115316
52.094998922199 0.493354892730713
52.0999989220873 0.503159046173096
52.1049989219755 0.494852670033773
52.1099989218637 0.506395181020101
52.114998921752 0.515172386169434
52.1199989216402 0.520960394541423
52.1249989215285 0.521019649505615
52.1299989214167 0.510904630025228
52.1349989213049 0.5035475730896
52.1399989211932 0.487189960479736
52.1449989210814 0.474548180898031
52.1499989209697 0.474097855885824
52.1549989208579 0.483224105834961
52.1599989207461 0.490785344441732
52.1649989206344 0.484077930450439
52.1699989205226 0.474295171101888
52.1749989204109 0.477606296539307
52.1799989202991 0.491242059071859
52.1849989201874 0.498664283752441
52.1899989200756 0.511333243052165
52.1949989199638 0.511945470174154
52.1999989198521 0.499511686960856
52.2049989197403 0.491344451904297
52.2099989196286 0.483951473236084
52.2149989195168 0.475457572937012
52.219998919405 0.473483753204346
52.2249989192933 0.461701615651449
52.2299989191815 0.468754927317301
52.2349989190698 0.476870727539063
52.239998918958 0.476640160878499
52.2449989188463 0.483264223734538
52.2499989187345 0.480572636922201
52.2549989186227 0.48992608388265
52.259998918511 0.486195786794027
52.2649989183992 0.48541587193807
52.2699989182875 0.494479497273763
52.2749989181757 0.508886782328288
52.2799989180639 0.502746359507243
52.2849989179522 0.507957649230957
52.2899989178404 0.494738896687826
52.2949989177287 0.496202405293783
52.2999989176169 0.485271581013997
52.3049989175051 0.473985576629639
52.3099989173934 0.480949147542318
52.3149989172816 0.493526744842529
52.3199989171699 0.497883319854736
52.3249989170581 0.494177023569743
52.3299989169464 0.484759616851807
52.3349989168346 0.483310476938883
52.3399989167228 0.496251519521077
52.3449989166111 0.509487501780192
52.3499989164993 0.514381249745687
52.3549989163876 0.503084309895833
52.3599989162758 0.504402510325114
52.364998916164 0.52769234975179
52.3699989160523 0.538794008890788
52.3749989159405 0.534446525573731
52.3799989158288 0.503927008310954
52.384998915717 0.488792514801025
52.3899989156052 0.491361141204834
52.3949989154935 0.501575247446696
52.3999989153817 0.506810665130615
52.40499891527 0.51041685740153
52.4099989151582 0.503462251027425
52.4149989150465 0.492486731211344
52.4199989149347 0.488225873311361
52.4249989148229 0.487773354848226
52.4299989147112 0.480348841349284
52.4349989145994 0.468375333150228
52.4399989144877 0.465455150604248
52.4449989143759 0.473953660329183
52.4499989142641 0.491046587626139
52.4549989141524 0.501393636067708
52.4599989140406 0.511857763926188
52.4649989139289 0.50859702428182
52.4699989138171 0.507733186086019
52.4749989137053 0.500067520141602
52.4799989135936 0.486606280008952
52.4849989134818 0.473155975341797
52.4899989133701 0.471671104431152
52.4949989132583 0.478591505686442
52.4999989131466 0.486724948883057
52.5049989130348 0.497727489471436
52.509998912923 0.509333960215251
52.5149989128113 0.504023551940918
52.5199989126995 0.49194393157959
52.5249989125878 0.460095564524333
52.529998912476 0.471615282694499
52.5349989123642 0.483996868133545
52.5399989122525 0.498246415456136
52.5449989121407 0.500826899210612
52.549998912029 0.48610798517863
52.5549989119172 0.483065764109294
52.5599989118055 0.48919095993042
52.5649989116937 0.490439860026042
52.5699989115819 0.503787581125895
52.5749989114702 0.511324119567871
52.5799989113584 0.509416548411051
52.5849989112467 0.510943158467611
52.5899989111349 0.496648057301839
52.5949989110231 0.489557615915934
52.5999989109114 0.475347232818604
52.6049989107996 0.465925312042236
52.6099989106879 0.471267223358154
52.6149989105761 0.467957178751628
52.6199989104643 0.458883380889893
52.6249989103526 0.46277805964152
52.6299989102408 0.45394401550293
52.6349989101291 0.476957225799561
52.6399989100173 0.489699459075928
52.6449989099056 0.496712334950765
52.6499989097938 0.495319620768229
52.654998909682 0.495219771067301
52.6599989095703 0.5030104637146
52.6649989094585 0.507569122314453
52.6699989093468 0.504357687632243
52.674998909235 0.502993361155192
52.6799989091232 0.507139078776042
52.6849989090115 0.499011103312174
52.6899989088997 0.499768702189128
52.694998908788 0.501768620808919
52.6999989086762 0.5232772509257
52.7049989085644 0.523907820383708
52.7099989084527 0.522107791900635
52.7149989083409 0.517281691233317
52.7199989082292 0.515984090169271
52.7249989081174 0.519319852193197
52.7299989080057 0.49566920598348
52.7349989078939 0.489390277862549
52.7399989077821 0.486571915944417
52.7449989076704 0.474759864807129
52.7499989075586 0.478088887532552
52.7549989074469 0.469669151306152
52.7599989073351 0.47001527150472
52.7649989072233 0.476562563578288
52.7699989071116 0.479843362172445
52.7749989069998 0.476362768809001
52.7799989068881 0.473928801218669
52.7849989067763 0.46764767964681
52.7899989066646 0.466448974609375
52.7949989065528 0.468673292795817
52.799998906441 0.474291292826335
52.8049989063293 0.47702792485555
52.8099989062175 0.483655230204264
52.8149989061058 0.488438002268473
52.819998905994 0.478580188751221
52.8249989058822 0.490903949737549
52.8299989057705 0.489505259195964
52.8349989056587 0.493847719828288
52.839998905547 0.495960426330566
52.8449989054352 0.489185428619385
52.8499989053234 0.488988049825033
52.8549989052117 0.498124154408773
52.8599989050999 0.49561866124471
52.8649989049882 0.494743792215983
52.8699989048764 0.487543869018555
52.8749989047647 0.47900759379069
52.8799989046529 0.476245276133219
52.8849989045411 0.482005055745443
52.8899989044294 0.478514512379964
52.8949989043176 0.477352364857992
52.8999989042059 0.479176139831543
52.9049989040941 0.47777001063029
52.9099989039823 0.487556457519531
52.9149989038706 0.478281593322754
52.9199989037588 0.470910835266113
52.9249989036471 0.4713560740153
52.9299989035353 0.469380537668864
52.9349989034235 0.471648248036702
52.9399989033118 0.482773367563883
52.9449989032 0.504863262176514
52.9499989030883 0.51391232808431
52.9549989029765 0.519223499298096
52.9599989028648 0.495734659830729
52.964998902753 0.488822682698568
52.9699989026412 0.477264499664307
52.9749989025295 0.46790657043457
52.9799989024177 0.460844071706136
52.984998902306 0.463799126942953
52.9899989021942 0.457975578308105
52.9949989020824 0.453894837697347
52.9999989019707 0.437002722422282
53.0049989018589 0.417394860585531
53.0099989017472 0.425758202870687
53.0149989016354 0.432666333516439
53.0199989015237 0.445461845397949
53.0249989014119 0.451093355814616
53.0299989013001 0.446709473927816
53.0349989011884 0.448945045471191
53.0399989010766 0.469201691945394
53.0449989009649 0.47125727335612
53.0499989008531 0.481349468231201
53.0549989007413 0.480306720733643
53.0599989006296 0.465303675333659
53.0649989005178 0.460757287343343
53.0699989004061 0.463838036855062
53.0749989002943 0.472409629821777
53.0799989001825 0.470465215047201
53.0849989000708 0.459182993570964
53.089998899959 0.45641606648763
53.0949988998473 0.468918132781982
53.0999988997355 0.488678201039632
53.1049988996238 0.486477470397949
53.109998899512 0.481507110595703
53.1149988994002 0.489770825703939
53.1199988992885 0.502804215749105
53.1249988991767 0.515354124704997
53.129998899065 0.520301914215088
53.1349988989532 0.49937801361084
53.1399988988414 0.490019830067952
53.1449988987297 0.493584728240967
53.1499988986179 0.486332194010417
53.1549988985062 0.504465325673421
53.1599988983944 0.495962206522624
53.1649988982826 0.495463784535726
53.1699988981709 0.483719031016032
53.1749988980591 0.476192347208659
53.1799988979474 0.47969487508138
53.1849988978356 0.478142801920573
53.1899988977239 0.47313404083252
53.1949988976121 0.47983824412028
53.1999988975003 0.481771659851074
53.2049988973886 0.492462603251139
53.2099988972768 0.494728565216064
53.2149988971651 0.48466157913208
53.2199988970533 0.485836251576742
53.2249988969415 0.476737181345622
53.2299988968298 0.465857442220052
53.234998896718 0.464678986867269
53.2399988966063 0.46226593653361
53.2449988964945 0.471707693735758
53.2499988963827 0.483887100219727
53.254998896271 0.481612777709961
53.2599988961592 0.49901974995931
53.2649988960475 0.49666576385498
53.2699988959357 0.49517126083374
53.274998895824 0.481297969818115
53.2799988957122 0.470236841837565
53.2849988956004 0.473194726308187
53.2899988954887 0.491460005442301
53.2949988953769 0.497029463450114
53.2999988952652 0.487174574534098
53.3049988951534 0.471559969584147
53.3099988950416 0.462604331970215
53.3149988949299 0.462651570638021
53.3199988948181 0.458464399973551
53.3249988947064 0.44587246576945
53.3299988945946 0.445436986287435
53.3349988944829 0.459266726175944
53.3399988943711 0.484824307759603
53.3449988942593 0.491275596618652
53.3499988941476 0.477412033081055
53.3549988940358 0.463092772165934
53.3599988939241 0.455941581726074
53.3649988938123 0.461582310994466
53.3699988937005 0.454464975992839
53.3749988935888 0.445984903971354
53.379998893477 0.437785689036051
53.3849988933653 0.445496114095052
53.3899988932535 0.4629288037618
53.3949988931417 0.465374247233073
53.39999889303 0.4642853418986
53.4049988929182 0.471806367238363
53.4099988928065 0.471807066599528
53.4149988926947 0.470825004577637
53.419998892583 0.469534587860107
53.4249988924712 0.453061644236247
53.4299988923594 0.452817058563232
53.4349988922477 0.457663758595785
53.4399988921359 0.458584785461426
53.4449988920242 0.467861620585124
53.4499988919124 0.470876344045003
53.4549988918006 0.480423736572266
53.4599988916889 0.474959246317546
53.4649988915771 0.462985642751058
53.4699988914654 0.4537672996521
53.4749988913536 0.456941795349121
53.4799988912418 0.456743049621582
53.4849988911301 0.458437220255534
53.4899988910183 0.453583526611328
53.4949988909066 0.450914287567139
53.4999988907948 0.457663663228353
53.5049988906831 0.453910414377848
53.5099988905713 0.452290280659993
53.5149988904595 0.458792972564697
53.5199988903478 0.442507362365723
53.524998890236 0.440728759765625
53.5299988901243 0.430215009053548
53.5349988900125 0.431128215789795
53.5399988899007 0.442024294535319
53.544998889789 0.455567105611165
53.5499988896772 0.454727172851563
53.5549988895655 0.453180885314941
53.5599988894537 0.465013058980306
53.564998889342 0.461235014597575
53.5699988892302 0.465748405456543
53.5749988891184 0.459997590382894
53.5799988890067 0.447251796722412
53.5849988888949 0.44642391204834
53.5899988887832 0.443416086832682
53.5949988886714 0.43521728515625
53.5999988885596 0.431250762939453
53.6049988884479 0.430751355489095
53.6099988883361 0.434946537017822
53.6149988882244 0.439660835266113
53.6199988881126 0.445191796620687
53.6249988880008 0.441245269775391
53.6299988878891 0.442161242167155
53.6349988877773 0.451020208994548
53.6399988876656 0.452216657002767
53.6449988875538 0.45237029393514
53.6499988874421 0.449679851531982
53.6549988873303 0.444887193044027
53.6599988872185 0.466288630167643
53.6649988871068 0.469773324330648
53.669998886995 0.467697302500407
53.6749988868833 0.467684110005697
53.6799988867715 0.461753177642822
53.6849988866597 0.465955511728923
53.689998886548 0.46006457010905
53.6949988864362 0.458156585693359
53.6999988863245 0.450365130106608
53.7049988862127 0.438639704386393
53.7099988861009 0.427941926320394
53.7149988859892 0.424889087677002
53.7199988858774 0.440372371673584
53.7249988857657 0.449183527628581
53.7299988856539 0.454017639160156
53.7349988855422 0.456286112467448
53.7399988854304 0.45238348642985
53.7449988853186 0.444476509094238
53.7499988852069 0.443146197001139
53.7549988850951 0.442256832122803
53.7599988849834 0.446574687957764
53.7649988848716 0.439549287160238
53.7699988847598 0.431221771240234
53.7749988846481 0.424287096659342
53.7799988845363 0.434592342376709
53.7849988844246 0.441078090667725
53.7899988843128 0.436537456512451
53.7949988842011 0.438026746114095
53.7999988840893 0.438688532511393
53.8049988839775 0.445709896087647
53.8099988838658 0.440543715159098
53.814998883754 0.446600914001465
53.8199988836423 0.439634068806966
53.8249988835305 0.441254679361979
53.8299988834187 0.439755725860596
53.834998883307 0.442256991068522
53.8399988831952 0.43640391031901
53.8449988830835 0.44149284362793
53.8499988829717 0.434700171152751
53.8549988828599 0.444437789916992
53.8599988827482 0.44665896097819
53.8649988826364 0.450606123606364
53.8699988825247 0.45970204671224
53.8749988824129 0.464184697469076
53.8799988823012 0.466703351338704
53.8849988821894 0.463289515177409
53.8899988820776 0.453379726409912
53.8949988819659 0.455633227030436
53.8999988818541 0.456341044108073
53.9049988817424 0.449653816223145
53.9099988816306 0.44744758605957
53.9149988815188 0.449898020426432
53.9199988814071 0.452617963155111
53.9249988812953 0.452524630228678
53.9299988811836 0.448551368713379
53.9349988810718 0.448657608032227
53.93999888096 0.463153394063314
53.9449988808483 0.457323360443115
53.9499988807365 0.447815036773682
53.9549988806248 0.438990561167399
53.959998880513 0.451615269978841
53.9649988804013 0.467889944712321
53.9699988802895 0.465183289845785
53.9749988801777 0.447941112518311
53.979998880066 0.434616057078044
53.9849988799542 0.424376487731934
53.9899988798425 0.425433349609375
53.9949988797307 0.419838619232178
53.9999988796189 0.417323939005534
54.0049988795072 0.44299996693929
54.0099988793954 0.452308622996012
54.0149988792837 0.461335945129395
54.0199988791719 0.463830661773682
54.0249988790601 0.471325842539469
54.0299988789484 0.483860556284587
54.0349988788366 0.484571425120036
54.0399988787249 0.477159913380941
54.0449988786131 0.46497859954834
54.0499988785014 0.456330362955729
54.0549988783896 0.445306301116943
54.0599988782778 0.451154645284017
54.0649988781661 0.452871481577555
54.0699988780543 0.456105550130208
54.0749988779426 0.452368418375651
54.0799988778308 0.457856337229411
54.084998877719 0.457988198598226
54.0899988776073 0.46585652033488
54.0949988774955 0.468080043792725
54.0999988773838 0.473185316721598
54.104998877272 0.469163386027018
54.1099988771603 0.458301417032878
54.1149988770485 0.449404176076253
54.1199988769367 0.432988739013672
54.124998876825 0.438099479675293
54.1299988767132 0.441651089986165
54.1349988766015 0.442243194580078
54.1399988764897 0.442864163716634
54.1449988763779 0.438303375244141
54.1499988762662 0.443902524312337
54.1549988761544 0.4472580909729
54.1599988760427 0.441766134897868
54.1649988759309 0.449216556549072
54.1699988758191 0.454003715515137
54.1749988757074 0.463505585988363
54.1799988755956 0.449692757924398
54.1849988754839 0.443907483418783
54.1899988753721 0.449639924367269
54.1949988752604 0.448774878184001
54.1999988751486 0.457083988189697
54.2049988750368 0.45429105758667
54.2099988749251 0.453323713938395
54.2149988748133 0.465373643239339
54.2199988747016 0.461756896972656
54.2249988745898 0.465917778015137
54.229998874478 0.471963278452555
54.2349988743663 0.46191733678182
54.2399988742545 0.457868798573812
54.2449988741428 0.449328581492106
54.249998874031 0.444819323221842
54.2549988739192 0.466685962677002
54.2599988738075 0.471538098653158
54.2649988736957 0.470328235626221
54.269998873584 0.462227567036947
54.2749988734722 0.458208656311035
54.2799988733605 0.456771024068197
54.2849988732487 0.456592114766439
54.2899988731369 0.447643025716146
54.2949988730252 0.454383436838786
54.2999988729134 0.459790229797363
54.3049988728017 0.459758186340332
54.3099988726899 0.459451484680176
54.3149988725781 0.444898796081543
54.3199988724664 0.445115121205648
54.3249988723546 0.441459655761719
54.3299988722429 0.445676740010579
54.3349988721311 0.453399721781413
54.3399988720194 0.458526674906413
54.3449988719076 0.447873592376709
54.3499988717958 0.450823879241943
54.3549988716841 0.465295441945394
54.3599988715723 0.463674736022949
54.3649988714606 0.479038651784261
54.3699988713488 0.476218827565511
54.374998871237 0.479250494639079
54.3799988711253 0.477307319641113
54.3849988710135 0.462561289469401
54.3899988709018 0.453632005055745
54.39499887079 0.457435417175293
54.3999988706782 0.459126536051432
54.4049988705665 0.457711187998454
54.4099988704547 0.449875354766846
54.414998870343 0.449808915456136
54.4199988702312 0.458021958669027
54.4249988701195 0.455074659983317
54.4299988700077 0.450197728474935
54.4349988698959 0.442701625823975
54.4399988697842 0.451032606760661
54.4449988696724 0.45171283086141
54.4499988695607 0.457501157124837
54.4549988694489 0.44091116587321
54.4599988693371 0.43623088200887
54.4649988692254 0.444150416056315
54.4699988691136 0.447287273406982
54.4749988690019 0.466823259989421
54.4799988688901 0.466763591766357
54.4849988687783 0.465994294484456
54.4899988686666 0.469856198628744
54.4949988685548 0.456564044952393
54.4999988684431 0.455240186055501
54.5049988683313 0.457176240285238
54.5099988682196 0.463706302642822
54.5149988681078 0.47489496866862
54.519998867996 0.467181078592936
54.5249988678843 0.456391398111979
54.5299988677725 0.444784990946452
54.5349988676608 0.443321164449056
54.539998867549 0.434883467356364
54.5449988674372 0.426179281870524
54.5499988673255 0.436907831827799
54.5549988672137 0.449578825632731
54.559998867102 0.457404804229736
54.5649988669902 0.452268282572428
54.5699988668785 0.440132172902425
54.5749988667667 0.445538489023844
54.5799988666549 0.454173596700033
54.5849988665432 0.446758302052816
54.5899988664314 0.445441977183024
54.5949988663197 0.432888158162435
54.5999988662079 0.429340712229411
54.6049988660961 0.429081376393636
54.6099988659844 0.438143761952718
54.6149988658726 0.440752665201823
54.6199988657609 0.439143021901449
54.6249988656491 0.440566317240397
54.6299988655373 0.446025117238363
54.6349988654256 0.455315780639648
54.6399988653138 0.452816295623779
54.6449988652021 0.441048272450765
54.6499988650903 0.434689235687256
54.6549988649786 0.429371007283529
54.6599988648668 0.435482343037923
54.664998864755 0.428310680389404
54.6699988646433 0.430270036061605
54.6749988645315 0.428160667419434
54.6799988644198 0.439234797159831
54.684998864308 0.451702785491943
54.6899988641962 0.455518817901611
54.6949988640845 0.459497229258219
54.6999988639727 0.461433442433675
54.704998863861 0.452562395731608
54.7099988637492 0.450487581888835
54.7149988636374 0.45189692179362
54.7199988635257 0.444814777374268
54.7249988634139 0.45848217010498
54.7299988633022 0.453269259134928
54.7349988631904 0.441011873881022
54.7399988630787 0.43863836924235
54.7449988629669 0.439417044321696
54.7499988628551 0.445270220438639
54.7549988627434 0.450230089823405
54.7599988626316 0.445585505167643
54.7649988625199 0.438932259877523
54.7699988624081 0.428927326202393
54.7749988622963 0.431012312571208
54.7799988621846 0.42566130956014
54.7849988620728 0.425840218861898
54.7899988619611 0.419141451517741
54.7949988618493 0.418224493662516
54.7999988617375 0.431527264912923
54.8049988616258 0.442129961649577
54.809998861514 0.440753142038981
54.8149988614023 0.437789726257324
54.8199988612905 0.432365767161051
54.8249988611788 0.433134746551514
54.829998861067 0.440826352437337
54.8349988609552 0.459075387318929
54.8399988608435 0.468228912353516
54.8449988607317 0.472550932566325
54.84999886062 0.459799067179362
54.8549988605082 0.442313353220622
54.8599988603964 0.445811557769775
54.8649988602847 0.447735691070557
54.8699988601729 0.448620255788167
54.8749988600612 0.449181652069092
54.8799988599494 0.448781744639079
54.8849988598377 0.44570099512736
54.8899988597259 0.435197989145915
54.8949988596141 0.419343376159668
54.8999988595024 0.429341570536296
54.9049988593906 0.45254872639974
54.9099988592789 0.476333077748617
54.9149988591671 0.479400857289632
54.9199988590553 0.473193740844727
54.9249988589436 0.467872714996338
54.9299988588318 0.455710506439209
54.9349988587201 0.458021863301595
54.9399988586083 0.469655672709147
54.9449988584965 0.47446543375651
54.9499988583848 0.472476704915365
54.954998858273 0.465923563639323
54.9599988581613 0.452214177449544
54.9649988580495 0.446828079223633
54.9699988579378 0.428733412424723
54.974998857826 0.406716283162435
54.9799988577142 0.40615717569987
54.9849988576025 0.414209047953288
54.9899988574907 0.428009382883708
54.994998857379 0.432423146565755
54.9999988572672 0.432063229878744
55.0049988571554 0.437443192799886
55.0099988570437 0.446330769856771
55.0149988569319 0.45433890024821
55.0199988568202 0.456276353200277
55.0249988567084 0.4533966700236
55.0299988565966 0.456303882598877
55.0349988564849 0.456487083435059
55.0399988563731 0.473890908559163
55.0449988562614 0.469813855489095
55.0499988561496 0.472686799367269
55.0549988560379 0.472991625467936
55.0599988559261 0.465842787424723
55.0649988558143 0.471504688262939
55.0699988557026 0.465463797251383
55.0749988555908 0.455620352427165
55.0799988554791 0.452482382456462
55.0849988553673 0.454875469207764
55.0899988552555 0.442524909973145
55.0949988551438 0.443810685475667
55.099998855032 0.432426961263021
55.1049988549203 0.427795282999674
55.1099988548085 0.43133602142334
55.1149988546968 0.438681825002035
55.119998854585 0.449189122517904
55.1249988544732 0.466682434082031
55.1299988543615 0.464668273925781
55.1349988542497 0.456796741485596
55.139998854138 0.453618335723877
55.1449988540262 0.442651844024658
55.1499988539144 0.44684534072876
55.1549988538027 0.447997093200684
55.1599988536909 0.449377791086833
55.1649988535792 0.453087902069092
55.1699988534674 0.443648783365885
55.1749988533556 0.433680566151937
55.1799988532439 0.450098101298014
55.1849988531321 0.458962599436442
55.1899988530204 0.467846743265788
55.1949988529086 0.465381685892741
55.1999988527969 0.449514516194661
55.2049988526851 0.447130870819092
55.2099988525733 0.455422941843669
55.2149988524616 0.467737134297689
55.2199988523498 0.46667013168335
55.2249988522381 0.464014466603597
55.2299988521263 0.452761427561442
55.2349988520145 0.443392054239909
55.2399988519028 0.430104382832845
55.244998851791 0.428175354003906
55.2499988516793 0.428530724843343
55.2549988515675 0.430290635426839
55.2599988514557 0.414561971028646
55.264998851344 0.421890354156494
55.2699988512322 0.433681456247966
55.2749988511205 0.442544142405192
55.2799988510087 0.438308715820313
55.284998850897 0.429160404205322
55.2899988507852 0.443521308898926
55.2949988506734 0.458060741424561
55.2999988505617 0.461731561024984
55.3049988504499 0.462589200337728
55.3099988503382 0.456085936228434
55.3149988502264 0.458275508880615
55.3199988501146 0.45794947942098
55.3249988500029 0.460035483042399
55.3299988498911 0.464259656270345
55.3349988497794 0.469981161753337
55.3399988496676 0.475855604807536
55.3449988495559 0.471344788869222
55.3499988494441 0.468802420298258
55.3549988493323 0.459792772928874
55.3599988492206 0.463411553700765
55.3649988491088 0.461996046702067
55.3699988489971 0.448311932881673
55.3749988488853 0.440602111816406
55.3799988487735 0.442823950449626
55.3849988486618 0.442562421162923
55.38999884855 0.461409568786621
55.3949988484383 0.462520122528076
55.3999988483265 0.472236919403076
55.4049988482147 0.460514132181803
55.409998848103 0.446485455830892
55.4149988479912 0.446371301015218
55.4199988478795 0.464870389302572
55.4249988477677 0.480535443623861
55.429998847656 0.464178848266602
55.4349988475442 0.450205993652344
55.4399988474324 0.440628560384115
55.4449988473207 0.441604296366374
55.4499988472089 0.451658725738525
55.4549988470972 0.454316488901774
55.4599988469854 0.45902681350708
55.4649988468736 0.448243713378906
55.4699988467619 0.432876173655192
55.4749988466501 0.442741902669271
55.4799988465384 0.458484554290772
55.4849988464266 0.47533696492513
55.4899988463148 0.472137610117594
55.4949988462031 0.471445242563883
55.4999988460913 0.476534748077393
55.5049988459796 0.473013114929199
55.5099988458678 0.470044008890788
55.5149988457561 0.458320840199788
55.5199988456443 0.466640917460124
55.5249988455325 0.47117649714152
55.5299988454208 0.466292508443197
55.534998845309 0.461350186665853
55.5399988451973 0.460302861531576
55.5449988450855 0.478935432434082
55.5499988449737 0.493918069203695
55.554998844862 0.497158654530843
55.5599988447502 0.504882431030273
55.5649988446385 0.508153374989827
55.5699988445267 0.511508655548096
55.5749988444149 0.511336930592855
55.5799988443032 0.508582433064779
55.5849988441914 0.506543064117432
55.5899988440797 0.500172392527262
55.5949988439679 0.479250335693359
55.5999988438562 0.468481985727946
55.6049988437444 0.480338637034098
55.6099988436326 0.496439679463704
55.6149988435209 0.501033369700114
55.6199988434091 0.496653525034587
55.6249988432974 0.480000178019206
55.6299988431856 0.478823534647624
55.6349988430738 0.484086672465007
55.6399988429621 0.48127768834432
55.6449988428503 0.482694149017334
55.6499988427386 0.479985237121582
55.6549988426268 0.473746331532796
55.6599988425151 0.48375031153361
55.6649988424033 0.488361644744873
55.6699988422915 0.484388160705566
55.6749988421798 0.492396990458171
55.679998842068 0.487932014465332
55.6849988419563 0.485260740915934
55.6899988418445 0.478352610270182
55.6949988417327 0.477376874287923
55.699998841621 0.485016409556071
55.7049988415092 0.495831616719564
55.7099988413975 0.49245023727417
55.7149988412857 0.486324055989583
55.7199988411739 0.472113132476807
55.7249988410622 0.465286954243978
55.7299988409504 0.464131832122803
55.7349988408387 0.466068522135417
55.7399988407269 0.469489034016927
55.7449988406152 0.468098640441895
55.7499988405034 0.475701363881429
55.7549988403916 0.487775802612305
55.7599988402799 0.495476531982422
55.7649988401681 0.489589341481527
55.7699988400564 0.491559505462646
55.7749988399446 0.493115202585856
55.7799988398328 0.497100067138672
55.7849988397211 0.478693103790283
55.7899988396093 0.469716517130534
55.7949988394976 0.462750244140625
55.7999988393858 0.466869926452637
55.804998839274 0.468093140920003
55.8099988391623 0.472046852111816
55.8149988390505 0.481375408172607
55.8199988389388 0.472855281829834
55.824998838827 0.475374635060628
55.8299988387153 0.46721461613973
55.8349988386035 0.471805254618327
55.8399988384917 0.487079048156738
55.84499883838 0.481671269734701
55.8499988382682 0.493755213419596
55.8549988381565 0.493058713277181
55.8599988380447 0.49468313852946
55.8649988379329 0.487588946024577
55.8699988378212 0.47043301264445
55.8749988377094 0.451031080881755
55.8799988375977 0.444448026021322
55.8849988374859 0.455524603525798
55.8899988373742 0.456083615620931
55.8949988372624 0.457919502258301
55.8999988371506 0.449341869354248
55.9049988370389 0.445634587605794
55.9099988369271 0.442879740397135
55.9149988368154 0.44023707707723
55.9199988367036 0.442758909861247
55.9249988365918 0.454374027252197
55.9299988364801 0.454433186848958
55.9349988363683 0.451128800710042
55.9399988362566 0.446329975128174
55.9449988361448 0.441818841298421
55.949998836033 0.450369389851888
55.9549988359213 0.454443009694417
55.9599988358095 0.464036750793457
55.9649988356978 0.470276387532552
55.969998835586 0.464214134216309
55.9749988354743 0.450845813751221
55.9799988353625 0.438788414001465
55.9849988352507 0.432408205668131
55.989998835139 0.429020849863688
55.9949988350272 0.431162707010905
55.9999988349155 0.427888139088949
56.0049988348037 0.433590126037598
56.0099988346919 0.438480599721273
56.0149988345802 0.436100006103516
56.0199988344684 0.436562442779541
56.0249988343567 0.433128547668457
56.0299988342449 0.441335423787435
56.0349988341331 0.450820509592692
56.0399988340214 0.459852886199951
56.0449988339096 0.45987876256307
56.0499988337979 0.454954528808594
56.0549988336861 0.448657067616781
56.0599988335744 0.440771834055583
56.0649988334626 0.429265530904134
56.0699988333508 0.422171878814697
56.0749988332391 0.413614590962728
56.0799988331273 0.419290669759115
56.0849988330156 0.419548384348551
56.0899988329038 0.419750245412191
56.094998832792 0.411919244130453
56.0999988326803 0.412677605946859
56.1049988325685 0.411617533365885
56.1099988324568 0.423289108276367
56.114998832345 0.428655242919922
56.1199988322333 0.44005225499471
56.1249988321215 0.438424078623454
56.1299988320097 0.430275821685791
56.134998831898 0.424670886993408
56.1399988317862 0.411789099375407
56.1449988316745 0.410117053985596
56.1499988315627 0.403262901306152
56.1549988314509 0.403138542175293
56.1599988313392 0.413275241851807
56.1649988312274 0.422192001342773
56.1699988311157 0.420592339833577
56.1749988310039 0.432035350799561
56.1799988308921 0.430175844828288
56.1849988307804 0.435492356618245
56.1899988306686 0.437313938140869
56.1949988305569 0.441845353444417
56.1999988304451 0.449519570668538
56.2049988303334 0.442308266957601
56.2099988302216 0.433284441630046
56.2149988301098 0.429280122121175
56.2199988299981 0.424562931060791
56.2249988298863 0.429801718393962
56.2299988297746 0.427319240570068
56.2349988296628 0.423470211029053
56.239998829551 0.424854532877604
56.2449988294393 0.423427899678548
56.2499988293275 0.416746966044108
56.2549988292158 0.420993232727051
56.259998829104 0.408495426177979
56.2649988289922 0.407157516479492
56.2699988288805 0.403111362457275
56.2749988287687 0.403439521789551
56.279998828657 0.417482693990072
56.2849988285452 0.420270729064941
56.2899988284335 0.424234994252523
56.2949988283217 0.42818021774292
56.2999988282099 0.434993553161621
56.3049988280982 0.446041425069173
56.3099988279864 0.449099000295003
56.3149988278747 0.460040632883708
56.3199988277629 0.452585315704346
56.3249988276511 0.450064754486084
56.3299988275394 0.427850119272868
56.3349988274276 0.427494621276855
56.3399988273159 0.429321352640788
56.3449988272041 0.431293201446533
56.3499988270924 0.427314631144206
56.3549988269806 0.420688724517822
56.3599988268688 0.421689542134603
56.3649988267571 0.427376429239909
56.3699988266453 0.42273915608724
56.3749988265336 0.416545009613037
56.3799988264218 0.413947582244873
56.38499882631 0.407733694712321
56.3899988261983 0.417542362213135
56.3949988260865 0.422263399759928
56.3999988259748 0.432374636332194
56.404998825863 0.443378798166911
56.4099988257512 0.446132659912109
56.4149988256395 0.436147658030192
56.4199988255277 0.446595732371012
56.424998825416 0.442733987172445
56.4299988253042 0.453568998972575
56.4349988251925 0.452819220225016
56.4399988250807 0.449729283650716
56.4449988249689 0.452908356984456
56.4499988248572 0.437708791097005
56.4549988247454 0.436413733164469
56.4599988246337 0.429586315155029
56.4649988245219 0.432571093241374
56.4699988244101 0.441973527272542
56.4749988242984 0.443495591481527
56.4799988241866 0.438573360443115
56.4849988240749 0.438747183481852
56.4899988239631 0.440798536936442
56.4949988238513 0.445248540242513
56.4999988237396 0.44738302230835
56.5049988236278 0.447869523366292
56.5099988235161 0.443689409891764
56.5149988234043 0.443171278635661
56.5199988232926 0.429676564534505
56.5249988231808 0.419481786092122
56.529998823069 0.422312005360921
56.5349988229573 0.439753977457682
56.5399988228455 0.43794797261556
56.5449988227338 0.430188051859538
56.549998822622 0.419497807820638
56.5549988225102 0.412747542063395
56.5599988223985 0.412578137715658
56.5649988222867 0.417621485392253
56.569998822175 0.425989055633545
56.5749988220632 0.434692891438802
56.5799988219514 0.428611373901367
56.5849988218397 0.426633326212565
56.5899988217279 0.422150325775147
56.5949988216162 0.431544971466064
56.5999988215044 0.436763858795166
56.6049988213927 0.431521924336751
56.6099988212809 0.428377914428711
56.6149988211691 0.422208118438721
56.6199988210574 0.42239309946696
56.6249988209456 0.426252428690592
56.6299988208339 0.439707024892171
56.6349988207221 0.449075190226237
56.6399988206103 0.445201746622721
56.6449988204986 0.435713354746501
56.6499988203868 0.41786470413208
56.6549988202751 0.408209896087646
56.6599988201633 0.410026836395264
56.6649988200516 0.41907590230306
56.6699988199398 0.41498285929362
56.674998819828 0.410665861765544
56.6799988197163 0.406179332733154
56.6849988196045 0.42054500579834
56.6899988194928 0.433718649546305
56.694998819381 0.431879425048828
56.6999988192692 0.426475365956624
56.7049988191575 0.419477526346842
56.7099988190457 0.419419447580973
56.714998818934 0.417982037862142
56.7199988188222 0.42512051264445
56.7249988187104 0.437427139282227
56.7299988185987 0.44198424021403
56.7349988184869 0.438957977294922
56.7399988183752 0.435035069783529
56.7449988182634 0.438437684377035
56.7499988181517 0.432133452097575
56.7549988180399 0.426016139984131
56.7599988179281 0.424632612864176
56.7649988178164 0.420765749613444
56.7699988177046 0.435756715138753
56.7749988175929 0.445172882080078
56.7799988174811 0.445535564422607
56.7849988173693 0.434764289855957
56.7899988172576 0.430139255523682
56.7949988171458 0.418539110819499
56.7999988170341 0.421275266011556
56.8049988169223 0.416945966084798
56.8099988168105 0.410429541269938
56.8149988166988 0.418482176462809
56.819998816587 0.422695668538411
56.8249988164753 0.430578072865804
56.8299988163635 0.425390307108561
56.8349988162518 0.426089096069336
56.83999881614 0.430843766530355
56.8449988160282 0.431962490081787
56.8499988159165 0.436726252237956
56.8549988158047 0.439307149251302
56.859998815693 0.441287644704183
56.8649988155812 0.449799887339274
56.8699988154694 0.445165475209554
56.8749988153577 0.448628743489583
56.8799988152459 0.441905434926351
56.8849988151342 0.427974510192871
56.8899988150224 0.41845645904541
56.8949988149107 0.423624261220296
56.8999988147989 0.434035778045654
56.9049988146871 0.444963296254476
56.9099988145754 0.447723547617594
56.9149988144636 0.443153317769369
56.9199988143519 0.441929276784261
56.9249988142401 0.438106346130371
56.9299988141283 0.423823165893555
56.9349988140166 0.422926584879557
56.9399988139048 0.406529680887858
56.9449988137931 0.409197044372559
56.9499988136813 0.407640520731608
56.9549988135695 0.424332618713379
56.9599988134578 0.429642136891683
56.964998813346 0.435087617238363
56.9699988132343 0.423804632822673
56.9749988131225 0.419414393107096
56.9799988130108 0.417453797658285
56.984998812899 0.42477855682373
56.9899988127872 0.429858875274658
56.9949988126755 0.440203285217285
56.9999988125637 0.433402029673258
57.004998812452 0.429410870869954
57.0099988123402 0.419010512034098
57.0149988122284 0.417048199971517
57.0199988121167 0.416029707590739
57.0249988120049 0.427423063913981
57.0299988118932 0.430574258168538
57.0349988117814 0.440416304270426
57.0399988116696 0.445129140218099
57.0449988115579 0.445327091217041
57.0499988114461 0.441594219207764
57.0549988113344 0.426878197987874
57.0599988112226 0.419502035776774
57.0649988111109 0.414058907826742
57.0699988109991 0.421728738149007
57.0749988108873 0.431607786814372
57.0799988107756 0.433018557230631
57.0849988106638 0.433168125152588
57.0899988105521 0.423611481984456
57.0949988104403 0.41693229675293
57.0999988103285 0.410392125447591
57.1049988102168 0.415370718638102
57.109998810105 0.435083866119385
57.1149988099933 0.455139700571696
57.1199988098815 0.458837985992432
57.1249988097698 0.450262069702148
57.129998809658 0.433168601989746
57.1349988095462 0.424441687266032
57.1399988094345 0.43956880569458
57.1449988093227 0.439058717091878
57.149998809211 0.436371994018555
57.1549988090992 0.425339921315511
57.1599988089874 0.421088059743245
57.1649988088757 0.424685668945313
57.1699988087639 0.427780628204346
57.1749988086522 0.435045941670736
57.1799988085404 0.4435240427653
57.1849988084286 0.444993273417155
57.1899988083169 0.432303969065348
57.1949988082051 0.4239927927653
57.1999988080934 0.424400806427002
57.2049988079816 0.425858275095622
57.2099988078699 0.428273328145345
57.2149988077581 0.428634929656982
57.2199988076463 0.447035662333171
57.2249988075346 0.46330140431722
57.2299988074228 0.464929358164469
57.2349988073111 0.452717049916585
57.2399988071993 0.442994944254557
57.2449988070875 0.438066450754801
57.2499988069758 0.446929836273193
57.254998806864 0.438223997751872
57.2599988067523 0.449754206339518
57.2649988066405 0.4483367284139
57.2699988065287 0.451937135060628
57.274998806417 0.445537789662679
57.2799988063052 0.43833532333374
57.2849988061935 0.43272590637207
57.2899988060817 0.433914025624593
57.29499880597 0.429609648386637
57.2999988058582 0.431043211619059
57.3049988057464 0.431312910715739
57.3099988056347 0.424154885609945
57.3149988055229 0.418901952107747
57.3199988054112 0.410844643910726
57.3249988052994 0.410562165578206
57.3299988051876 0.424397850036621
57.3349988050759 0.426236279805501
57.3399988049641 0.426516342163086
57.3449988048524 0.427598730723063
57.3499988047406 0.433558368682861
57.3549988046288 0.446917788187663
57.3599988045171 0.453209654490153
57.3649988044053 0.45148229598999
57.3699988042936 0.437851206461589
57.3749988041818 0.435180187225342
57.3799988040701 0.427408091227214
57.3849988039583 0.424833901723226
57.3899988038465 0.424645551045736
57.3949988037348 0.417381286621094
57.399998803623 0.417992401123047
57.4049988035113 0.411550203959147
57.4099988033995 0.399787839253744
57.4149988032877 0.406133238474528
57.419998803176 0.40296360651652
57.4249988030642 0.411752510070801
57.4299988029525 0.414789867401123
57.4349988028407 0.419135665893555
57.439998802729 0.425614293416341
57.4449988026172 0.421963214874268
57.4499988025054 0.420744609832764
57.4549988023937 0.427407073974609
57.4599988022819 0.432926972707113
57.4649988021702 0.43087542851766
57.4699988020584 0.416874885559082
57.4749988019466 0.415714454650879
57.4799988018349 0.41796293258667
57.4849988017231 0.421730041503906
57.4899988016114 0.415262413024902
57.4949988014996 0.415990098317464
57.4999988013878 0.421443716684977
57.5049988012761 0.425273577372233
57.5099988011643 0.422965240478516
57.5149988010526 0.399790668487549
57.5199988009408 0.407596524556478
57.5249988008291 0.416508515675863
57.5299988007173 0.427641582489014
57.5349988006055 0.426906140645345
57.5399988004938 0.415934308369954
57.544998800382 0.412608210245768
57.5499988002703 0.422500356038411
57.5549988001585 0.420882511138916
57.5599988000467 0.41779244740804
57.564998799935 0.413073412577311
57.5699987998232 0.400625705718994
57.5749987997115 0.39890661239624
57.5799987995997 0.399705600738525
57.5849987994879 0.411822954813639
57.5899987993762 0.417575200398763
57.5949987992644 0.427191034952799
57.5999987991527 0.430482832590739
57.6049987990409 0.428123664855957
57.6099987989292 0.42544002532959
57.6149987988174 0.409220600128174
57.6199987987056 0.417280960083008
57.6249987985939 0.423506641387939
57.6299987984821 0.425298500061035
57.6349987983704 0.417010148366292
57.6399987982586 0.411286449432373
57.6449987981468 0.405935096740723
57.6499987980351 0.416472562154134
57.6549987979233 0.419272295633952
57.6599987978116 0.422233867645264
57.6649987976998 0.421732838948568
57.6699987975881 0.43849557240804
57.6749987974763 0.446474488576253
57.6799987973645 0.446718343098958
57.6849987972528 0.435326131184896
57.689998797141 0.408470853169759
57.6949987970293 0.40491730372111
57.6999987969175 0.400661627451579
57.7049987968057 0.404766178131103
57.709998796694 0.412924226125081
57.7149987965822 0.412718550364176
57.7199987964705 0.418331495920817
57.7249987963587 0.417861715952555
57.7299987962469 0.417473284403483
57.7349987961352 0.409620157877604
57.7399987960234 0.406623490651449
57.7449987959117 0.405750560760498
57.7499987957999 0.417920748392741
57.7549987956882 0.424563630421956
57.7599987955764 0.431392319997152
57.7649987954646 0.424001407623291
57.7699987953529 0.414429950714111
57.7749987952411 0.399341996510824
57.7799987951294 0.400341097513835
57.7849987950176 0.410304768880208
57.7899987949058 0.426241683959961
57.7949987947941 0.42280543645223
57.7999987946823 0.423313840230306
57.8049987945706 0.428896458943685
57.8099987944588 0.433304627736409
57.814998794347 0.435221576690674
57.8199987942353 0.430196412404378
57.8249987941235 0.418541208902995
57.8299987940118 0.421228186289469
57.8349987939 0.413589636484782
57.8399987937883 0.414077568054199
57.8449987936765 0.421745332082113
57.8499987935647 0.421274471282959
57.854998793453 0.417658615112305
57.8599987933412 0.428430080413818
57.8649987932295 0.422827816009521
57.8699987931177 0.427887312571208
57.8749987930059 0.410926087697347
57.8799987928942 0.403930950164795
57.8849987927824 0.393799940745036
57.8899987926707 0.388748550415039
57.8949987925589 0.394346046447754
57.8999987924472 0.403521823883057
57.9049987923354 0.421833451588949
57.9099987922236 0.425723075866699
57.9149987921119 0.428206888834635
57.9199987920001 0.426808039347331
57.9249987918884 0.425178813934326
57.9299987917766 0.429505125681559
57.9349987916648 0.425207646687826
57.9399987915531 0.415500513712565
57.9449987914413 0.413664786020915
57.9499987913296 0.408079179128011
57.9549987912178 0.40733429590861
57.959998791106 0.40274756749471
57.9649987909943 0.396882820129395
57.9699987908825 0.396525955200195
57.9749987907708 0.392810122172038
57.979998790659 0.391953468322754
57.9849987905473 0.392040888468425
57.9899987904355 0.400933265686035
57.9949987903237 0.405430825551351
57.999998790212 0.403730996449788
58.0049987901002 0.399835999806722
58.0099987899885 0.397174167633057
58.0149987898767 0.395130316416423
58.0199987897649 0.392342249552409
58.0249987896532 0.388700358072917
58.0299987895414 0.39360450108846
58.0349987894297 0.39976552327474
58.0399987893179 0.402031262715658
58.0449987892061 0.412787119547526
58.0499987890944 0.419097073872884
58.0549987889826 0.421953455607096
58.0599987888709 0.41640879313151
58.0649987887591 0.407098992665609
58.0699987886474 0.415100733439128
58.0749987885356 0.422992865244548
58.0799987884238 0.415785471598307
58.0849987883121 0.420182641347249
58.0899987882003 0.412530136108398
58.0949987880886 0.410777314503988
58.0999987879768 0.406831550598145
58.104998787865 0.410721906026204
58.1099987877533 0.425285657246908
58.1149987876415 0.430792140960693
58.1199987875298 0.430204105377197
58.124998787418 0.419868055979411
58.1299987873062 0.418286259969076
58.1349987871945 0.413992023468018
58.1399987870827 0.41236883799235
58.144998786971 0.416647148132324
58.1499987868592 0.418137995402018
58.1549987867475 0.430905946095785
58.1599987866357 0.439630476633708
58.1649987865239 0.434902477264404
58.1699987864122 0.439069366455078
58.1749987863004 0.440691693623861
58.1799987861887 0.44078311920166
58.1849987860769 0.439506276448568
58.1899987859651 0.423422781626383
58.1949987858534 0.425901381174723
58.1999987857416 0.430023606618245
58.2049987856299 0.421136411031087
58.2099987855181 0.422056325276693
58.2149987854064 0.414459037780762
58.2199987852946 0.420675849914551
58.2249987851828 0.41797784169515
58.2299987850711 0.404293886820475
58.2349987849593 0.409170913696289
58.2399987848476 0.421326986948649
58.2449987847358 0.43299773534139
58.249998784624 0.437054888407389
58.2549987845123 0.428095976511637
58.2599987844005 0.417728805541992
58.2649987842888 0.416960620880127
58.269998784177 0.41964209874471
58.2749987840652 0.419635168711344
58.2799987839535 0.406959501902262
58.2849987838417 0.400325870513916
58.28999878373 0.397282314300537
58.2949987836182 0.404535007476807
58.2999987835065 0.40904172261556
58.3049987833947 0.402430438995361
58.3099987832829 0.408176676432292
58.3149987831712 0.412040170033773
58.3199987830594 0.408330345153809
58.3249987829477 0.403739579518636
58.3299987828359 0.395912520090739
58.3349987827241 0.406413269042969
58.3399987826124 0.408184846242269
58.3449987825006 0.418235111236572
58.3499987823889 0.416291205088298
58.3549987822771 0.414448642730713
58.3599987821653 0.400751813252767
58.3649987820536 0.393705590565999
58.3699987819418 0.395033582051595
58.3749987818301 0.409933217366536
58.3799987817183 0.420983123779297
58.3849987816066 0.429085763295492
58.3899987814948 0.437550703684489
58.394998781383 0.437569808959961
58.3999987812713 0.433415667215983
58.4049987811595 0.419005807240804
58.4099987810478 0.409259255727132
58.414998780936 0.404708703358968
58.4199987808242 0.40758097966512
58.4249987807125 0.396723969777425
58.4299987806007 0.389498774210612
58.434998780489 0.38585745493571
58.4399987803772 0.389896011352539
58.4449987802655 0.397656631469727
58.4499987801537 0.404578240712484
58.4549987800419 0.411135896046956
58.4599987799302 0.411229705810547
58.4649987798184 0.407043997446696
58.4699987797067 0.412368297576904
58.4749987795949 0.407097212473551
58.4799987794831 0.405824089050293
58.4849987793714 0.397766335805257
58.4899987792596 0.404367923736572
58.4949987791479 0.408744525909424
58.4999987790361 0.415704917907715
58.5049987789243 0.413257630666097
58.5099987788126 0.399402586619059
58.5149987787008 0.405847613016764
58.5199987785891 0.402909278869629
58.5249987784773 0.402855714162191
58.5299987783656 0.395768165588379
58.5349987782538 0.38656972249349
58.539998778142 0.398964691162109
58.5449987780303 0.431654930114746
58.5499987779185 0.453703816731771
58.5549987778068 0.452180449167887
58.559998777695 0.436585330963135
58.5649987775832 0.420480950673421
58.5699987774715 0.414000765482585
58.5749987773597 0.41247927347819
58.579998777248 0.39857915242513
58.5849987771362 0.400499566396077
58.5899987770244 0.403486919403076
58.5949987769127 0.403832880655924
58.5999987768009 0.412658754984538
58.6049987766892 0.408129755655924
58.6099987765774 0.414775466918945
58.6149987764657 0.415831502278646
58.6199987763539 0.408619944254557
58.6249987762421 0.397563139597575
58.6299987761304 0.386997318267822
58.6349987760186 0.39163646697998
58.6399987759069 0.400435479482015
58.6449987757951 0.410442797342936
58.6499987756833 0.413182417551676
58.6549987755716 0.421709124247233
58.6599987754598 0.426968510945638
58.6649987753481 0.431114323933919
58.6699987752363 0.428929837544759
58.6749987751246 0.426984691619873
58.6799987750128 0.425264962514242
58.684998774901 0.416381009419759
58.6899987747893 0.416849899291992
58.6949987746775 0.413018957773844
58.6999987745658 0.419831911722819
58.704998774454 0.422242164611816
58.7099987743422 0.416837946573893
58.7149987742305 0.418146483103434
58.7199987741187 0.419887542724609
58.724998774007 0.415666262308757
58.7299987738952 0.413962841033936
58.7349987737834 0.403144454956055
58.7399987736717 0.399286365509033
58.7449987735599 0.403939374287923
58.7499987734482 0.399722544352214
58.7549987733364 0.409375794728597
58.7599987732247 0.415476226806641
58.7649987731129 0.417601172129313
58.7699987730011 0.42387154897054
58.7749987728894 0.423885790506999
58.7799987727776 0.436550903320312
58.7849987726659 0.437320264180501
58.7899987725541 0.42045202255249
58.7949987724423 0.412797578175863
58.7999987723306 0.40962381362915
58.8049987722188 0.418284606933594
58.8099987721071 0.414692910512288
58.8149987719953 0.399986934661865
58.8199987718835 0.411191431681315
58.8249987717718 0.429362424214681
58.82999877166 0.43381191889445
58.8349987715483 0.433306852976481
58.8399987714365 0.414819590250651
58.8449987713248 0.413596439361572
58.849998771213 0.414393679300944
58.8549987711012 0.410804684956869
58.8599987709895 0.407753531138102
58.8649987708777 0.400383917490641
58.869998770766 0.381182670593262
58.8749987706542 0.384327761332194
58.8799987705424 0.390098158518473
58.8849987704307 0.400722408294678
58.8899987703189 0.415179793039958
58.8949987702072 0.416417598724365
58.8999987700954 0.435173924763997
58.9049987699836 0.428247038523356
58.9099987698719 0.435453446706136
58.9149987697601 0.427701187133789
58.9199987696484 0.415061982472738
58.9249987695366 0.414873695373535
58.9299987694249 0.404421265920003
58.9349987693131 0.40600258509318
58.9399987692013 0.392179775238037
58.9449987690896 0.384895992279053
58.9499987689778 0.38904447555542
58.9549987688661 0.403088919321696
58.9599987687543 0.408898671468099
58.9649987686425 0.420699246724447
58.9699987685308 0.416185029347738
58.974998768419 0.41832160949707
58.9799987683073 0.424129263559977
58.9849987681955 0.430558554331462
58.9899987680838 0.436935583750407
58.994998767972 0.436468283335368
58.9999987678602 0.429844760894775
59.0049987677485 0.436353174845378
59.0099987676367 0.428724733988444
59.014998767525 0.420736376444499
59.0199987674132 0.402778593699137
59.0249987673014 0.387098916371663
59.0299987671897 0.384705034891764
59.0349987670779 0.393774255116781
59.0399987669662 0.398278268178304
59.0449987668544 0.392724132537842
59.0499987667426 0.394236787160238
59.0549987666309 0.4080246925354
59.0599987665191 0.419285615285238
59.0649987664074 0.419406859079997
59.0699987662956 0.4177277247111
59.0749987661839 0.407854779561361
59.0799987660721 0.41723731358846
59.0849987659603 0.418685626983643
59.0899987658486 0.425477155049642
59.0949987657368 0.440443388621012
59.0999987656251 0.435443369547526
59.1049987655133 0.432418696085612
59.1099987654015 0.422490692138672
59.1149987652898 0.404625701904297
59.119998765178 0.405502446492513
59.1249987650663 0.406280485788981
59.1299987649545 0.432472006479899
59.1349987648427 0.437690862019857
59.139998764731 0.433390553792318
59.1449987646192 0.429010391235352
59.1499987645075 0.412947241465251
59.1549987643957 0.40943291982015
59.159998764284 0.410656483968099
59.1649987641722 0.414214515686035
59.1699987640604 0.427345403035482
59.1749987639487 0.432464154561361
59.1799987638369 0.422756163279216
59.1849987637252 0.425202496846517
59.1899987636134 0.416590944925944
59.1949987635016 0.42533597946167
59.1999987633899 0.43173090616862
59.2049987632781 0.423310629526774
59.2099987631664 0.422928714752197
59.2149987630546 0.404042943318685
59.2199987629429 0.400670274098714
59.2249987628311 0.395149326324463
59.2299987627193 0.394757143656413
59.2349987626076 0.409425163269043
59.2399987624958 0.43554801940918
59.2449987623841 0.447155284881592
59.2499987622723 0.458474063873291
59.2549987621605 0.43947426478068
59.2599987620488 0.422428353627523
59.264998761937 0.409655443827311
59.2699987618253 0.407854715983073
59.2749987617135 0.427746772766113
59.2799987616017 0.424572245279948
59.28499876149 0.421222114562988
59.2899987613782 0.407611624399821
59.2949987612665 0.402904033660889
59.2999987611547 0.406461811065674
59.304998761043 0.403538354237874
59.3099987609312 0.41100393931071
59.3149987608194 0.398653888702393
59.3199987607077 0.393463293711344
59.3249987605959 0.390994389851888
59.3299987604842 0.381077067057292
59.3349987603724 0.381589730580648
59.3399987602606 0.384389781951904
59.3449987601489 0.390641212463379
59.3499987600371 0.398921140034994
59.3549987599254 0.394754282633464
59.3599987598136 0.387762832641602
59.3649987597018 0.392085679372152
59.3699987595901 0.397459316253662
59.3749987594783 0.394389724731445
59.3799987593666 0.395269902547201
59.3849987592548 0.398227691650391
59.3899987591431 0.418813514709473
59.3949987590313 0.41507822672526
59.3999987589195 0.414900398254395
59.4049987588078 0.412441349029541
59.409998758696 0.424201488494873
59.4149987585843 0.426117706298828
59.4199987584725 0.425617249806722
59.4249987583607 0.421589088439941
59.429998758249 0.4262482325236
59.4349987581372 0.43823512395223
59.4399987580255 0.42920192082723
59.4449987579137 0.424184481302897
59.449998757802 0.417677529652913
59.4549987576902 0.419750881195068
59.4599987575784 0.425187555948893
59.4649987574667 0.420660273234049
59.4699987573549 0.421051438649495
59.4749987572432 0.425543149312337
59.4799987571314 0.419044144948324
59.4849987570196 0.419305769602458
59.4899987569079 0.412522411346436
59.4949987567961 0.405907313028971
59.4999987566844 0.41166025797526
59.5049987565726 0.40695972442627
59.5099987564608 0.408440494537354
59.5149987563491 0.406333827972412
59.5199987562373 0.40229279200236
59.5249987561256 0.412178707122803
59.5299987560138 0.421141401926676
59.5349987559021 0.431993802388509
59.5399987557903 0.429485479990641
59.5449987556785 0.424776458740234
59.5499987555668 0.416881243387858
59.554998755455 0.41272144317627
59.5599987553433 0.415558878580729
59.5649987552315 0.417252445220947
59.5699987551197 0.414962991078695
59.574998755008 0.404648907979329
59.5799987548962 0.380417728424072
59.5849987547845 0.37753168741862
59.5899987546727 0.372481632232666
59.5949987545609 0.375200684865316
59.5999987544492 0.378574466705322
59.6049987543374 0.368273099263509
59.6099987542257 0.368530559539795
59.6149987541139 0.372811921437581
59.6199987540022 0.381881904602051
59.6249987538904 0.399912865956624
59.6299987537786 0.406366761525472
59.6349987536669 0.423711808522542
59.6399987535551 0.435257053375244
59.6449987534434 0.43695437113444
59.6499987533316 0.425126934051514
59.6549987532198 0.404460461934408
59.6599987531081 0.410847886403402
59.6649987529963 0.427021916707357
59.6699987528846 0.434803517659505
59.6749987527728 0.4310866355896
59.679998752661 0.412910938262939
59.6849987525493 0.398247114817301
59.6899987524375 0.393184312184652
59.6949987523258 0.388591607411702
59.699998752214 0.396853224436442
59.7049987521023 0.396448930104574
59.7099987519905 0.399811967213949
59.7149987518787 0.403533617655436
59.719998751767 0.410277557373047
59.7249987516552 0.426903788248698
59.7299987515435 0.419069258371989
59.7349987514317 0.421536668141683
59.7399987513199 0.412502320607503
59.7449987512082 0.409461625417074
59.7499987510964 0.421228631337484
59.7549987509847 0.424377377827962
59.7599987508729 0.431470076243083
59.7649987507612 0.424246088663737
59.7699987506494 0.418947887420654
59.7749987505376 0.428480434417725
59.7799987504259 0.427737808227539
59.7849987503141 0.435183620452881
59.7899987502024 0.418672784169515
59.7949987500906 0.414912446339925
59.7999987499788 0.409782918294271
59.8049987498671 0.414259211222331
59.8099987497553 0.420453548431396
59.8149987496436 0.424544620513916
59.8199987495318 0.418655808766683
59.82499874942 0.407627487182617
59.8299987493083 0.404855092366536
59.8349987491965 0.400239499409993
59.8399987490848 0.418529351552327
59.844998748973 0.412817319234212
59.8499987488613 0.413952191670736
59.8549987487495 0.419539483388265
59.8599987486377 0.439320341746012
59.864998748526 0.441301504770915
59.8699987484142 0.437437852223714
59.8749987483025 0.425220108032227
59.8799987481907 0.410495980580648
59.8849987480789 0.405479176839193
59.8899987479672 0.402306429545085
59.8949987478554 0.395029417673747
59.8999987477437 0.405075836181641
59.9049987476319 0.404689661661784
59.9099987475201 0.402357228597005
59.9149987474084 0.418426005045573
59.9199987472966 0.428250439961751
59.9249987471849 0.426788520812988
59.9299987470731 0.434015687306722
59.9349987469614 0.430536365509033
59.9399987468496 0.425960318247477
59.9449987467378 0.430831623077393
59.9499987466261 0.416883405049642
59.9549987465143 0.420639483133952
59.9599987464026 0.416081714630127
59.9649987462908 0.409362061818441
59.969998746179 0.410871028900146
59.9749987460673 0.414704291025798
59.9799987459555 0.422532685597738
59.9849987458438 0.422284952799479
59.989998745732 0.42024761835734
59.9949987456203 0.410454909006755
59.9999987455085 0.402471383412679
60.0049987453967 0.396515242258708
60.009998745285 0.400985558827718
60.0149987451732 0.398129240671794
60.0199987450615 0.394598166147868
60.0249987449497 0.394774595896403
60.0299987448379 0.402637736002604
60.0349987447262 0.423555183410645
60.0399987446144 0.436160596211751
60.0449987445027 0.432906913757324
60.0499987443909 0.438066577911377
60.0549987442791 0.425475279490153
60.0599987441674 0.425494384765625
60.0649987440556 0.417739645640055
60.0699987439439 0.413200155893962
60.0749987438321 0.413159275054932
60.0799987437204 0.409534422556559
60.0849987436086 0.424837843577067
60.0899987434968 0.427122529347738
60.0949987433851 0.426994196573893
60.0999987432733 0.423468494415283
60.1049987431616 0.423297659556071
60.1099987430498 0.425460243225098
60.114998742938 0.422339725494385
60.1199987428263 0.412593269348145
60.1249987427145 0.418487675984701
60.1299987426028 0.421090730031331
60.134998742491 0.426709524790446
60.1399987423792 0.431003983815511
60.1449987422675 0.436618614196777
60.1499987421557 0.449883906046549
60.154998742044 0.446833578745524
60.1599987419322 0.449415747324626
60.1649987418205 0.445347086588542
60.1699987417087 0.444877592722575
60.1749987415969 0.438572756449381
60.1799987414852 0.433969879150391
60.1849987413734 0.431326452891032
60.1899987412617 0.429193751017253
60.1949987411499 0.429143460591634
60.1999987410381 0.420179144541423
60.2049987409264 0.415495141347249
60.2099987408146 0.407302538553874
60.2149987407029 0.408996423085531
60.2199987405911 0.405442110697428
60.2249987404794 0.407123883565267
60.2299987403676 0.416861470540365
60.2349987402558 0.417160574595133
60.2399987401441 0.423091634114583
60.2449987400323 0.41657330195109
60.2499987399206 0.412505054473877
60.2549987398088 0.411612828572591
60.259998739697 0.410597101847331
60.2649987395853 0.413105201721191
60.2699987394735 0.406316693623861
60.2749987393618 0.412936401367188
60.27999873925 0.417220687866211
60.2849987391382 0.418673419952393
60.2899987390265 0.414368343353272
60.2949987389147 0.392248376210531
60.299998738803 0.395841757456462
60.3049987386912 0.39980894724528
60.3099987385795 0.426906236012777
60.3149987384677 0.443872229258219
60.3199987383559 0.445718320210775
60.3249987382442 0.447246487935384
60.3299987381324 0.451799742380778
60.3349987380207 0.453493690490723
60.3399987379089 0.462936592102051
60.3449987377971 0.454925950368245
60.3499987376854 0.456589571634928
60.3549987375736 0.448232587178548
60.3599987374619 0.436929766337077
60.3649987373501 0.444851970672607
60.3699987372383 0.453794384002686
60.3749987371266 0.453050422668457
60.3799987370148 0.44611562093099
60.3849987369031 0.426647186279297
60.3899987367913 0.422240447998047
60.3949987366796 0.430953280131022
60.3999987365678 0.431290721893311
60.404998736456 0.440879853566488
60.4099987363443 0.438269583384196
60.4149987362325 0.430919138590495
60.4199987361208 0.439323774973551
60.424998736009 0.430834134419759
60.4299987358972 0.425708611806234
60.4349987357855 0.418574174245199
60.4399987356737 0.417839463551839
60.444998735562 0.419760799407959
60.4499987354502 0.424513117472331
60.4549987353384 0.419759623209635
60.4599987352267 0.429124228159587
60.4649987351149 0.42910057703654
60.4699987350032 0.427111975351969
60.4749987348914 0.427140776316325
60.4799987347797 0.441927051544189
60.4849987346679 0.447917111714681
60.4899987345561 0.447899659474691
60.4949987344444 0.442696539560954
60.4999987343326 0.428268178304036
60.5049987342209 0.422518539428711
60.5099987341091 0.425587844848633
60.5149987339973 0.433677514394124
60.5199987338856 0.44145663579305
60.5249987337738 0.431009356180827
60.5299987336621 0.415079720815023
60.5349987335503 0.40303201675415
60.5399987334386 0.410978412628174
60.5449987333268 0.423454888661703
60.549998733215 0.427658462524414
60.5549987331033 0.428606192270915
60.5599987329915 0.426908747355143
60.5649987328798 0.42178996404012
60.569998732768 0.429504172007243
60.5749987326562 0.446392567952474
60.5799987325445 0.442999776204427
60.5849987324327 0.44577054977417
60.589998732321 0.439475440979004
60.5949987322092 0.438199297587077
60.5999987320974 0.4407927831014
60.6049987319857 0.434471003214518
60.6099987318739 0.428537813822428
60.6149987317622 0.423469511667887
60.6199987316504 0.415177949269613
60.6249987315387 0.412198066711426
60.6299987314269 0.422542826334635
60.6349987313151 0.424911753336589
60.6399987312034 0.439196809132894
60.6449987310916 0.439662170410156
60.6499987309799 0.443992201487223
60.6549987308681 0.446904850006104
60.6599987307563 0.443672815958659
60.6649987306446 0.452822462717692
60.6699987305328 0.453326733907064
60.6749987304211 0.45041135152181
60.6799987303093 0.445820395151774
60.6849987301975 0.434884134928385
60.6899987300858 0.441875108083089
60.694998729974 0.436066881815592
60.6999987298623 0.441177845001221
60.7049987297505 0.445629755655925
60.7099987296388 0.441679795583089
60.714998729527 0.448449993133545
60.7199987294152 0.459177780151367
60.7249987293035 0.468716112772624
60.7299987291917 0.477840614318848
60.73499872908 0.457885487874349
60.7399987289682 0.436583264668783
60.7449987288564 0.421832752227783
60.7499987287447 0.423151143391927
60.7549987286329 0.414692338307699
60.7599987285212 0.425667158762614
60.7649987284094 0.416852410634359
60.7699987282977 0.415665912628174
60.7749987281859 0.41377477645874
60.7799987280741 0.412638600667318
60.7849987279624 0.424616400400798
60.7899987278506 0.423693466186523
60.7949987277389 0.425695164998372
60.7999987276271 0.426154740651449
60.8049987275153 0.429525184631348
60.8099987274036 0.437230936686198
60.8149987272918 0.431091467539469
60.8199987271801 0.444124412536621
60.8249987270683 0.441637484232585
60.8299987269565 0.450588607788086
60.8349987268448 0.457542133331299
60.839998726733 0.457963879903158
60.8449987266213 0.453451188405355
60.8499987265095 0.439200909932454
60.8549987263978 0.433228270212809
60.859998726286 0.436313247680664
60.8649987261742 0.450072892506917
60.8699987260625 0.449020004272461
60.8749987259507 0.442235628763835
60.879998725839 0.447156270345052
60.8849987257272 0.448318163553874
60.8899987256154 0.455073960622152
60.8949987255037 0.455046304066976
60.8999987253919 0.462621561686198
60.9049987252802 0.468019262949626
60.9099987251684 0.473246828715007
60.9149987250566 0.472477245330811
60.9199987249449 0.457163206736247
60.9249987248331 0.465796438852946
60.9299987247214 0.462052154541016
60.9349987246096 0.461863072713216
60.9399987244979 0.464056396484375
60.9449987243861 0.448855463663737
60.9499987242743 0.43999392191569
60.9549987241626 0.425067138671875
60.9599987240508 0.421022288004557
60.9649987239391 0.429180844624837
60.9699987238273 0.438479582468669
60.9749987237155 0.452569580078125
60.9799987236038 0.455770556131999
60.984998723492 0.457995478312174
60.9899987233803 0.460837078094482
60.9949987232685 0.463964557647705
60.9999987231568 0.4639861424764
61.004998723045 0.467586135864258
61.0099987229332 0.460693232218424
61.0149987228215 0.45565554300944
61.0199987227097 0.453704420725505
61.024998722598 0.446810181935628
61.0299987224862 0.457497119903564
61.0349987223744 0.48223549524943
61.0399987222627 0.48868465423584
61.0449987221509 0.491816870371501
61.0499987220392 0.472727616628011
61.0549987219274 0.447178173065186
61.0599987218156 0.434145005544027
61.0649987217039 0.430667082468669
61.0699987215921 0.434412670135498
61.0749987214804 0.447315184275309
61.0799987213686 0.461100419362386
61.0849987212569 0.462735939025879
61.0899987211451 0.474210770924886
61.0949987210333 0.46991351445516
61.0999987209216 0.474169762929281
61.1049987208098 0.472034931182861
61.1099987206981 0.469566822052002
61.1149987205863 0.459875043233236
61.1199987204745 0.470160293579102
61.1249987203628 0.46719487508138
61.129998720251 0.473508294423421
61.1349987201393 0.464224783579508
61.1399987200275 0.45314458211263
61.1449987199157 0.447008196512858
61.149998719804 0.437565326690674
61.1549987196922 0.434905211130778
61.1599987195805 0.44956750869751
61.1649987194687 0.456431674957275
61.169998719357 0.479462687174479
61.1749987192452 0.48464142481486
61.1799987191334 0.487429491678874
61.1849987190217 0.483604780832926
61.1899987189099 0.478177356719971
61.1949987187982 0.487682024637858
61.1999987186864 0.495925871531169
61.2049987185746 0.502062447865804
61.2099987184629 0.501490052541097
61.2149987183511 0.494943364461263
61.2199987182394 0.490973027547201
61.2249987181276 0.48010835647583
61.2299987180159 0.474873924255371
61.2349987179041 0.472794278462728
61.2399987177923 0.465498924255371
61.2449987176806 0.479155127207438
61.2499987175688 0.479167207082113
61.2549987174571 0.487048276265462
61.2599987173453 0.498897457122803
61.2649987172335 0.494369411468506
61.2699987171218 0.50198008219401
61.27499871701 0.490798219045003
61.2799987168983 0.478495121002197
61.2849987167865 0.473007233937581
61.2899987166747 0.465958309173584
61.294998716563 0.488372294108073
61.2999987164512 0.504085381825765
61.3049987163395 0.504578685760498
61.3099987162277 0.511772314707438
61.314998716116 0.509012794494629
61.3199987160042 0.504423395792643
61.3249987158924 0.501265748341878
61.3299987157807 0.478893184661865
61.3349987156689 0.480893039703369
61.3399987155572 0.483394050598145
61.3449987154454 0.479192193349202
61.3499987153336 0.476748975118001
61.3549987152219 0.469665877024333
61.3599987151101 0.470035489400228
61.3649987149984 0.471647580464681
61.3699987148866 0.470792738596598
61.3749987147748 0.488479169209798
61.3799987146631 0.500160948435466
61.3849987145513 0.503727531433105
61.3899987144396 0.506078783671061
61.3949987143278 0.491613165537516
61.3999987142161 0.504901790618897
61.4049987141043 0.50862496693929
61.4099987139925 0.505446306864421
61.4149987138808 0.511103121439616
61.419998713769 0.507057476043701
61.4249987136573 0.511579990386963
61.4299987135455 0.511447588602702
61.4349987134337 0.500112438201904
61.439998713322 0.49987252553304
61.4449987132102 0.504937966664632
61.4499987130985 0.506690533955892
61.4549987129867 0.512496566772461
61.4599987128749 0.511373202006022
61.4649987127632 0.508338483174642
61.4699987126514 0.508971722920736
61.4749987125397 0.492977714538574
61.4799987124279 0.498308881123861
61.4849987123162 0.495038159688314
61.4899987122044 0.50162607828776
61.4949987120926 0.504178524017334
61.4999987119809 0.504554494222005
61.5049987118691 0.502957757314046
61.5099987117574 0.514778200785319
61.5149987116456 0.510448900858561
61.5199987115338 0.504805405934652
61.5249987114221 0.506216907501221
61.5299987113103 0.511924298604329
61.5349987111986 0.511882400512695
61.5399987110868 0.526469993591309
61.5449987109751 0.527576541900635
61.5499987108633 0.528537782033285
61.5549987107515 0.533866755167643
61.5599987106398 0.53291384379069
61.564998710528 0.521962483723958
61.5699987104163 0.520495096842448
61.5749987103045 0.526916376749675
61.5799987101927 0.521584701538086
61.584998710081 0.531523672739665
61.5899987099692 0.515973218282064
61.5949987098575 0.52301991780599
61.5999987097457 0.542893218994141
61.6049987096339 0.540619277954102
61.6099987095222 0.564751688639323
61.6149987094104 0.55996945699056
61.6199987092987 0.561030515034993
61.6249987091869 0.558470090230306
61.6299987090752 0.54659678141276
61.6349987089634 0.543640581766764
61.6399987088516 0.54068349202474
61.6449987087399 0.53672243754069
61.6499987086281 0.535770670572917
61.6549987085164 0.548665809631348
61.6599987084046 0.56855411529541
61.6649987082928 0.590679550170898
61.6699987081811 0.587449137369792
61.6749987080693 0.580765724182129
61.6799987079576 0.588741938273112
61.6849987078458 0.577030754089355
61.689998707734 0.59302298227946
61.6949987076223 0.588128598531087
61.6999987075105 0.59947198232015
61.7049987073988 0.622482109069824
61.709998707287 0.646533902486165
61.7149987071753 0.637792015075684
61.7199987070635 0.635020383199056
61.7249987069517 0.623169326782227
61.72999870684 0.6331818262736
61.7349987067282 0.650635719299316
61.7399987066165 0.643150901794434
61.7449987065047 0.638635381062825
61.7499987063929 0.639957237243652
61.7549987062812 0.643161201477051
61.7599987061694 0.656823666890462
61.7649987060577 0.669130643208822
61.7699987059459 0.684314219156901
61.7749987058342 0.69901549021403
61.7799987057224 0.705481274922689
61.7849987056106 0.716586939493815
61.7899987054989 0.72270622253418
61.7949987053871 0.730182011922201
61.7999987052754 0.742398452758789
61.8049987051636 0.758565584818522
61.8099987050518 0.765609296162923
61.8149987049401 0.758095677693685
61.8199987048283 0.760835901896159
61.8249987047166 0.776333554585775
61.8299987046048 0.794022051493327
61.834998704493 0.799605751037598
61.8399987043813 0.806315358479818
61.8449987042695 0.833123397827148
61.8499987041578 0.85982354482015
61.854998704046 0.871556409200033
61.8599987039343 0.876747449239095
61.8649987038225 0.872416877746582
61.8699987037107 0.878189595540365
61.874998703599 0.915399106343587
61.8799987034872 0.940037727355957
61.8849987033755 0.97082633972168
61.8899987032637 0.991357294718424
61.8949987031519 0.994091415405273
61.8999987030402 1.01765906016032
61.9049987029284 1.05215663909912
61.9099987028167 1.07704760233561
61.9149987027049 1.10728848775228
61.9199987025931 1.14222462972005
61.9249987024814 1.15657348632812
61.9299987023696 1.17308311462402
61.9349987022579 1.20291875203451
61.9399987021461 1.24467658996582
61.9449987020344 1.29836781819661
61.9499987019226 1.33436063130697
61.9549987018108 1.38204358418783
61.9599987016991 1.43538398742676
61.9649987015873 1.50439872741699
61.9699987014756 1.5355406443278
61.9749987013638 1.56829210917155
61.979998701252 1.61759859720866
61.9849987011403 1.66612218221029
61.9899987010285 1.77337760925293
61.9949987009168 1.84795392354329
61.999998700805 1.92883389790853
62.0049987006933 2.01819597880046
62.0099987005815 2.10983479817708
62.0149987004697 2.16684544881185
62.019998700358 2.24888229370117
62.0249987002462 2.29720357259115
62.0299987001345 2.40661926269531
62.0349987000227 2.50992685953776
62.0399986999109 2.65375137329102
62.0449986997992 2.81867904663086
62.0499986996874 2.89779866536458
62.0549986995757 3.00949045817057
62.0599986994639 3.11577479044596
62.0649986993521 3.24230931599935
62.0699986992404 3.41176045735677
62.0749986991286 3.58583831787109
62.0799986990169 3.70620142618815
62.0849986989051 3.81534983317057
62.0899986987934 3.92833811442057
62.0949986986816 4.10824610392253
62.0999986985698 4.26085917154948
62.1049986984581 4.39874877929688
62.1099986983463 4.60485178629557
62.1149986982346 4.77008565266927
62.1199986981228 4.85383555094401
62.124998698011 4.92813618977865
62.1299986978993 5.08533681233724
62.1349986977875 5.2122065226237
62.1399986976758 5.33387654622396
62.144998697564 5.49331461588542
62.1499986974522 5.64336598714193
62.1549986973405 5.80244598388672
62.1599986972287 5.92540588378906
62.164998697117 6.06939493815104
62.1699986970052 6.11974894205729
62.1749986968935 6.16278330485026
62.1799986967817 6.25051574707031
62.1849986966699 6.30234578450521
62.1899986965582 6.32891184488932
62.1949986964464 6.34414316813151
62.1999986963347 6.37391916910807
62.2049986962229 6.42585245768229
62.2099986961111 6.44402465820312
62.2149986959994 6.41385396321615
62.2199986958876 6.41328582763672
62.2249986957759 6.45944366455078
62.2299986956641 6.50806783040365
62.2349986955523 6.49733378092448
62.2399986954406 6.50300903320313
62.2449986953288 6.41128896077474
62.2499986952171 6.33083750406901
62.2549986951053 6.22282257080078
62.2599986949936 6.20447642008464
62.2649986948818 6.14486846923828
62.26999869477 6.03367309570312
62.2749986946583 5.92736409505208
62.2799986945465 5.87963155110677
62.2849986944348 5.80823465983073
62.289998694323 5.72252960205078
62.2949986942112 5.69071451822917
62.2999986940995 5.61984252929688
62.3049986939877 5.57467397054036
62.309998693876 5.50440775553385
62.3149986937642 5.43271331787109
62.3199986936525 5.34167277018229
62.3249986935407 5.24811096191406
62.3299986934289 5.17963612874349
62.3349986933172 5.11213582356771
62.3399986932054 5.04443817138672
62.3449986930937 4.97762044270833
62.3499986929819 4.89769744873047
62.3549986928701 4.8016362508138
62.3599986927584 4.74130096435547
62.3649986926466 4.67968241373698
62.3699986925349 4.5923823038737
62.3749986924231 4.45118662516276
62.3799986923113 4.3350591023763
62.3849986921996 4.20989201863607
62.3899986920878 4.08971227010091
62.3949986919761 4.01907043457031
62.3999986918643 3.92273585001628
62.4049986917526 3.84049835205078
62.4099986916408 3.7312016805013
62.414998691529 3.64778111775716
62.4199986914173 3.52423680623372
62.4249986913055 3.39938379923503
62.4299986911938 3.30863037109375
62.434998691082 3.23203328450521
62.4399986909702 3.11753209431966
62.4449986908585 3.03759536743164
62.4499986907467 2.96770528157552
62.454998690635 2.88397343953451
62.4599986905232 2.75624669392904
62.4649986904114 2.69137725830078
62.4699986902997 2.61605631510417
62.4749986901879 2.51793543497721
62.4799986900762 2.39300028483073
62.4849986899644 2.30205510457357
62.4899986898527 2.20188954671224
62.4949986897409 2.1205020904541
62.4999986896291 2.05572776794434
62.5049986895174 1.97612597147624
62.5099986894056 1.90264460245768
62.5149986892939 1.85346425374349
62.5199986891821 1.79407081604004
62.5249986890703 1.74419428507487
62.5299986889586 1.65431709289551
62.5349986888468 1.59547678629557
62.5399986887351 1.55264536539714
62.5449986886233 1.49752705891927
62.5499986885116 1.46917508443197
62.5549986883998 1.42780291239421
62.559998688288 1.38567263285319
62.5649986881763 1.32187372843424
62.5699986880645 1.25488713582357
62.5749986879528 1.22441724141439
62.579998687841 1.18294359842936
62.5849986877292 1.16422793070475
62.5899986876175 1.13300552368164
62.5949986875057 1.10280570983887
62.599998687394 1.0803352355957
62.6049986872822 1.03516763051351
62.6099986871704 1.01505107879639
62.6149986870587 0.961810938517253
62.6199986869469 0.935279782613119
62.6249986868352 0.913693936665853
62.6299986867234 0.879942258199056
62.6349986866117 0.860318311055501
62.6399986864999 0.827546374003093
62.6449986863881 0.811826260884603
62.6499986862764 0.825221379597982
62.6549986861646 0.818826484680176
62.6599986860529 0.814689191182454
62.6649986859411 0.806910641988118
62.6699986858293 0.79087594350179
62.6749986857176 0.774137496948242
62.6799986856058 0.763221168518066
62.6849986854941 0.754370625813802
62.6899986853823 0.753582255045573
62.6949986852705 0.734364891052246
62.6999986851588 0.701036707560221
62.704998685047 0.676179758707682
62.7099986849353 0.681273333231608
62.7149986848235 0.689912668863932
62.7199986847118 0.70919189453125
62.7249986846 0.705411847432454
62.7299986844882 0.699279594421387
62.7349986843765 0.69012934366862
62.7399986842647 0.682829984029134
62.744998684153 0.675482940673828
62.7499986840412 0.673017946879069
62.7549986839294 0.653219922383626
62.7599986838177 0.638620885213216
62.7649986837059 0.629021581013997
62.7699986835942 0.61800422668457
62.7749986834824 0.627307319641113
62.7799986833707 0.634532992045085
62.7849986832589 0.652703539530436
62.7899986831471 0.638423156738281
62.7949986830354 0.635427983601888
62.7999986829236 0.630776532491048
62.8049986828119 0.630120595296224
62.8099986827001 0.617613919576009
62.8149986825883 0.591542943318685
62.8199986824766 0.58578503926595
62.8249986823648 0.563495254516602
62.8299986822531 0.57586415608724
62.8349986821413 0.575349489847819
62.8399986820295 0.573583730061849
62.8449986819178 0.574384371439616
62.849998681806 0.575605265299479
62.8549986816943 0.585358111063639
62.8599986815825 0.589622497558594
62.8649986814708 0.591763687133789
62.869998681359 0.588825988769531
62.8749986812472 0.582322438557943
62.8799986811355 0.57922617594401
62.8849986810237 0.571446736653646
62.889998680912 0.57030455271403
62.8949986808002 0.56240717569987
62.8999986806884 0.553176116943359
62.9049986805767 0.556488927205404
62.9099986804649 0.56358102162679
62.9149986803532 0.569072278340658
62.9199986802414 0.556700897216797
62.9249986801296 0.552420743306478
62.9299986800179 0.535681025187175
62.9349986799061 0.52474422454834
62.9399986797944 0.531816991170247
62.9449986796826 0.544016393025716
62.9499986795709 0.557217534383138
62.9549986794591 0.567168235778809
62.9599986793473 0.54693603515625
62.9649986792356 0.53775889078776
62.9699986791238 0.535167757670085
62.9749986790121 0.526608848571777
62.9799986789003 0.527761109670003
62.9849986787885 0.523312028249105
62.9899986786768 0.51064723332723
62.994998678565 0.510565280914307
62.9999986784533 0.521271514892578
63.0049986783415 0.523432032267253
63.0099986782297 0.538167063395182
63.014998678118 0.544249280293783
63.0199986780062 0.547035471598307
63.0249986778945 0.549525133768717
63.0299986777827 0.543655395507813
63.034998677671 0.543322499593099
63.0399986775592 0.545290120442708
63.0449986774474 0.554362932840983
63.0499986773357 0.566107368469238
63.0549986772239 0.573841603597005
63.0599986771122 0.572365697224935
63.0649986770004 0.556955846150716
63.0699986768886 0.55305290222168
63.0749986767769 0.556359736124674
63.0799986766651 0.555018933614095
63.0849986765534 0.569082768758138
63.0899986764416 0.564006106058757
63.0949986763299 0.55743948618571
63.0999986762181 0.551195081075033
63.1049986761063 0.550456619262695
63.1099986759946 0.552889124552409
63.1149986758828 0.575871912638346
63.1199986757711 0.581690152486165
63.1249986756593 0.58791249593099
63.1299986755475 0.593125025431315
63.1349986754358 0.599366696675618
63.139998675324 0.601412264506022
63.1449986752123 0.597362645467122
63.1499986751005 0.586328951517741
63.1549986749887 0.583016459147135
63.159998674877 0.578588930765788
63.1649986747652 0.590018717447917
63.1699986746535 0.593418184916178
63.1749986745417 0.608103942871094
63.17999867443 0.613286526997884
63.1849986743182 0.608852005004883
63.1899986742064 0.605262056986491
63.1949986740947 0.584487469991048
63.1999986739829 0.58557014465332
63.2049986738712 0.574984486897786
63.2099986737594 0.566316795349121
63.2149986736476 0.555637804667155
63.2199986735359 0.542437362670898
63.2249986734241 0.554926172892253
63.2299986733124 0.562449200948079
63.2349986732006 0.564978917439779
63.2399986730888 0.551083183288574
63.2449986729771 0.557848040262858
63.2499986728653 0.557451566060384
63.2549986727536 0.571600278218587
63.2599986726418 0.566256332397461
63.2649986725301 0.56578254699707
63.2699986724183 0.593399620056152
63.2749986723065 0.604053370157878
63.2799986721948 0.603296343485514
63.284998672083 0.586799240112305
63.2899986719713 0.572425270080566
63.2949986718595 0.563507461547852
63.2999986717477 0.560544395446777
63.304998671636 0.555084609985352
63.3099986715242 0.555515607198079
63.3149986714125 0.563209915161133
63.3199986713007 0.562638727823893
63.324998671189 0.545351854960124
63.3299986710772 0.530621401468913
63.3349986709654 0.531777159372966
63.3399986708537 0.535463015238444
63.3449986707419 0.54588311513265
63.3499986706302 0.536372947692871
63.3549986705184 0.522045167287191
63.3599986704066 0.53464781443278
63.3649986702949 0.533024088541667
63.3699986701831 0.548148091634115
63.3749986700714 0.552417882283529
63.3799986699596 0.54665699005127
63.3849986698478 0.560463778177897
63.3899986697361 0.547032992045085
63.3949986696243 0.538139343261719
63.3999986695126 0.540685907999675
63.4049986694008 0.549311256408691
63.4099986692891 0.563580322265625
63.4149986691773 0.563419532775879
63.4199986690655 0.545297622680664
63.4249986689538 0.532987213134766
63.429998668842 0.514354356129964
63.4349986687303 0.505654462178548
63.4399986686185 0.512676843007406
63.4449986685067 0.5177916208903
63.449998668395 0.532010491689046
63.4549986682832 0.537895774841309
63.4599986681715 0.526899433135986
63.4649986680597 0.530419190724691
63.4699986679479 0.53188632329305
63.4749986678362 0.528765805562337
63.4799986677244 0.533557891845703
63.4849986676127 0.533795293172201
63.4899986675009 0.536527315775553
63.4949986673892 0.529094886779785
63.4999986672774 0.500451024373372
63.5049986671656 0.500099658966064
63.5099986670539 0.487249024709066
63.5149986669421 0.498056507110596
63.5199986668304 0.487397034962972
63.5249986667186 0.487865352630615
63.5299986666068 0.479113483428955
63.5349986664951 0.481628036499023
63.5399986663833 0.495764478047689
63.5449986662716 0.490874640146891
63.5499986661598 0.50036719640096
63.5549986660481 0.491361999511719
63.5599986659363 0.480676142374674
63.5649986658245 0.478003533681234
63.5699986657128 0.482505416870117
63.574998665601 0.48687006632487
63.5799986654893 0.493052387237549
63.5849986653775 0.490339056650798
63.5899986652657 0.488448270161947
63.594998665154 0.485650698343913
63.5999986650422 0.491441980997721
63.6049986649305 0.49124075571696
63.6099986648187 0.49695463180542
63.6149986647069 0.494001070658366
63.6199986645952 0.490286382039388
63.6249986644834 0.485881519317627
63.6299986643717 0.494180647532145
63.6349986642599 0.492448806762695
63.6399986641482 0.493292109171549
63.6449986640364 0.471450201670329
63.6499986639246 0.479401588439941
63.6549986638129 0.482404359181722
63.6599986637011 0.487258656819661
63.6649986635894 0.489200274149577
63.6699986634776 0.486900647481283
63.6749986633658 0.496095180511475
63.6799986632541 0.509969107309977
63.6849986631423 0.499520047505697
63.6899986630306 0.498131529490153
63.6949986629188 0.479605070749919
63.699998662807 0.482484245300293
63.7049986626953 0.484641806284587
63.7099986625835 0.488088830312093
63.7149986624718 0.497445519765218
63.71999866236 0.491493161519369
63.7249986622483 0.487661902109782
63.7299986621365 0.496989854176839
63.7349986620247 0.499359512329102
63.739998661913 0.506484095255534
63.7449986618012 0.504302819569906
63.7499986616895 0.50477835337321
63.7549986615777 0.496591218312581
63.7599986614659 0.495162614186605
63.7649986613542 0.492259693145752
63.7699986612424 0.489999389648437
63.7749986611307 0.494839731852214
63.7799986610189 0.477923997243245
63.7849986609071 0.48078145980835
63.7899986607954 0.493145179748535
63.7949986606836 0.494218508402507
63.7999986605719 0.489491176605225
63.8049986604601 0.477223523457845
63.8099986603484 0.485836378733317
63.8149986602366 0.49199317296346
63.8199986601248 0.491254552205404
63.8249986600131 0.493528525034587
63.8299986599013 0.502280839284261
63.8349986597896 0.517637888590495
63.8399986596778 0.511883385976156
63.844998659566 0.496286074320475
63.8499986594543 0.478613440195719
63.8549986593425 0.461755593617757
63.8599986592308 0.470304075876872
63.864998659119 0.484670893351237
63.8699986590073 0.488779385884603
63.8749986588955 0.481955528259277
63.8799986587837 0.470741430918376
63.884998658672 0.48472957611084
63.8899986585602 0.498978964487712
63.8949986584485 0.493798987070719
63.8999986583367 0.498813978830973
63.9049986582249 0.512662665049235
63.9099986581132 0.533355903625488
63.9149986580014 0.541983604431152
63.9199986578897 0.531382179260254
63.9249986577779 0.528223387400309
63.9299986576661 0.546790568033854
63.9349986575544 0.560872904459635
63.9399986574426 0.567150179545085
63.9449986573309 0.558709335327148
63.9499986572191 0.565636507670085
63.9549986571074 0.572114690144857
63.9599986569956 0.593876202901204
63.9649986568838 0.593405342102051
63.9699986567721 0.591893577575684
63.9749986566603 0.605665079752604
63.9799986565486 0.631852785746256
63.9849986564368 0.648412577311198
63.989998656325 0.642095629374186
63.9949986562133 0.646786689758301
63.9999986561015 0.641337013244629
64.0049986559898 0.647754160563151
64.009998655878 0.647841326395671
64.0149986557662 0.64724489847819
64.0199986556545 0.641311200459798
64.0249986555427 0.640312830607096
64.029998655431 0.652839851379394
64.0349986553192 0.675420633951823
64.0399986552075 0.6907470703125
64.0449986550957 0.682221031188965
64.0499986549839 0.679760487874349
64.0549986548722 0.701476669311523
64.0599986547604 0.710185559590658
64.0649986546487 0.71197935740153
64.0699986545369 0.713759231567383
64.0749986544251 0.700978342692057
64.0799986543134 0.691192118326823
64.0849986542016 0.67875436147054
64.0899986540899 0.67504997253418
64.0949986539781 0.703156661987305
64.0999986538664 0.719229952494303
64.1049986537546 0.728369585673014
64.1099986536428 0.723298136393229
64.1149986535311 0.700793774922689
64.1199986534193 0.692076619466146
64.1249986533076 0.69423090616862
64.1299986531958 0.690314356486003
64.134998653084 0.694482803344727
64.1399986529723 0.693325042724609
64.1449986528605 0.702254486083984
64.1499986527488 0.717107264200846
64.154998652637 0.688564745585124
64.1599986525252 0.678912480672201
64.1649986524135 0.678568013509115
64.1699986523017 0.673553530375163
64.17499865219 0.686301485697428
64.1799986520782 0.684124946594238
64.1849986519665 0.679025459289551
64.1899986518547 0.707624944051107
64.1949986517429 0.712206141153971
64.1999986516312 0.717738978068034
64.2049986515194 0.726511573791504
64.2099986514077 0.706590906778971
64.2149986512959 0.696077791849772
64.2199986511841 0.68408743540446
64.2249986510724 0.660749499003092
64.2299986509606 0.658735020955404
64.2349986508489 0.644394938151042
64.2399986507371 0.649884923299154
64.2449986506253 0.653017743428548
64.2499986505136 0.657595443725586
64.2549986504018 0.643638610839844
64.2599986502901 0.634634780883789
64.2649986501783 0.62791067759196
64.2699986500666 0.629626655578613
64.2749986499548 0.616372871398926
64.279998649843 0.59384396870931
64.2849986497313 0.57435417175293
64.2899986496195 0.585075441996257
64.2949986495078 0.592047945658366
64.299998649396 0.599750709533691
64.3049986492842 0.603711954752604
64.3099986491725 0.609224319458008
64.3149986490607 0.606712595621745
64.319998648949 0.595150184631348
64.3249986488372 0.586064338684082
64.3299986487255 0.5680939356486
64.3349986486137 0.568575604756673
64.3399986485019 0.571995226542155
64.3449986483902 0.564948590596517
64.3499986482784 0.549467404683431
64.3549986481667 0.529752540588379
64.3599986480549 0.513192971547445
64.3649986479431 0.525001335144043
64.3699986478314 0.536544926961263
64.3749986477196 0.541027704874674
64.3799986476079 0.554350217183431
64.3849986474961 0.553259150187175
64.3899986473843 0.549750010172526
64.3949986472726 0.543482271830241
64.3999986471608 0.547289848327637
64.4049986470491 0.560049374898275
64.4099986469373 0.565133158365885
64.4149986468256 0.55867608388265
64.4199986467138 0.546875508626302
64.424998646602 0.537580680847168
64.4299986464903 0.533157730102539
64.4349986463785 0.521156756083171
64.4399986462668 0.499773184458415
64.444998646155 0.485755602518717
64.4499986460432 0.471173159281413
64.4549986459315 0.479801114400228
64.4599986458197 0.480389531453451
64.464998645708 0.47993221282959
64.4699986455962 0.481311098734538
64.4749986454844 0.479406483968099
64.4799986453727 0.478584543863932
64.4849986452609 0.471387036641439
64.4899986451492 0.468892510732015
64.4949986450374 0.481827767690023
64.4999986449257 0.483033434549967
64.5049986448139 0.483490721384684
64.5099986447021 0.489592933654785
64.5149986445904 0.498713366190592
64.5199986444786 0.507116889953613
64.5249986443669 0.500976943969727
64.5299986442551 0.479143460591634
64.5349986441433 0.46639773050944
64.5399986440316 0.483659966786702
64.5449986439198 0.486711756388346
64.5499986438081 0.47876942952474
64.5549986436963 0.455378977457682
64.5599986435845 0.44391975402832
64.5649986434728 0.458901596069336
64.569998643361 0.479984537760417
64.5749986432493 0.491006278991699
64.5799986431375 0.483073647816976
64.5849986430258 0.475613848368327
64.589998642914 0.486350282033285
64.5949986428022 0.491364669799805
64.5999986426905 0.49601526260376
64.6049986425787 0.500303745269775
64.609998642467 0.480850060780843
64.6149986423552 0.478066349029541
64.6199986422434 0.467474333445231
64.6249986421317 0.458063952128092
64.6299986420199 0.465466403961182
64.6349986419082 0.472155729929606
64.6399986417964 0.484059810638428
64.6449986416847 0.472299861907959
64.6499986415729 0.480467065175374
64.6549986414611 0.480306816101074
64.6599986413494 0.473311583201091
64.6649986412376 0.460055573781331
64.6699986411259 0.440727965037028
64.6749986410141 0.437567202250163
64.6799986409023 0.469638760884603
64.6849986407906 0.489831415812174
64.6899986406788 0.500316715240478
64.6949986405671 0.504043324788411
64.6999986404553 0.502953751881917
64.7049986403435 0.483331902821859
64.7099986402318 0.479812145233154
64.71499864012 0.471820259094238
64.7199986400083 0.462701797485352
64.7249986398965 0.469368108113607
64.7299986397848 0.458621629079183
64.734998639673 0.441730721791585
64.7399986395612 0.43940912882487
64.7449986394495 0.430115032196045
64.7499986393377 0.434350140889486
64.754998639226 0.451665846506755
64.7599986391142 0.460551261901855
64.7649986390024 0.473171583811442
64.7699986388907 0.470284938812256
64.7749986387789 0.464176114400228
64.7799986386672 0.475508753458659
64.7849986385554 0.480936113993327
64.7899986384436 0.479358005523682
64.7949986383319 0.47430534362793
64.7999986382201 0.47487948735555
64.8049986381084 0.472602971394857
64.8099986379966 0.456378237406413
64.8149986378849 0.433610248565674
64.8199986377731 0.434512805938721
64.8249986376613 0.438626575469971
64.8299986375496 0.450745105743408
64.8349986374378 0.454490184783936
64.8399986373261 0.467423597971598
64.8449986372143 0.490601603190104
64.8499986371025 0.489965470631917
64.8549986369908 0.479907004038493
64.859998636879 0.464898904164632
64.8649986367673 0.450901254018148
64.8699986366555 0.45681422551473
64.8749986365438 0.4733780225118
64.879998636432 0.477570533752441
64.8849986363202 0.493878173828125
64.8899986362085 0.48257729212443
64.8949986360967 0.476493676503499
64.899998635985 0.463618596394857
64.9049986358732 0.460881996154785
64.9099986357614 0.477048683166504
64.9149986356497 0.471736876169841
64.9199986355379 0.472233327229818
64.9249986354262 0.444308058420817
64.9299986353144 0.429897117614746
64.9349986352026 0.423955694834391
64.9399986350909 0.416593869527181
64.9449986349791 0.413240464528402
64.9499986348674 0.435955619812012
64.9549986347556 0.438817628224691
64.9599986346439 0.45977881749471
64.9649986345321 0.460774644215902
64.9699986344203 0.453021589914958
64.9749986343086 0.454225889841715
64.9799986341968 0.448606141408285
64.9849986340851 0.454010200500488
64.9899986339733 0.459772841135661
64.9949986338615 0.440881888071696
64.9999986337498 0.436002635955811
65.004998633638 0.430884138743083
65.0099986335263 0.444564310709635
65.0149986334145 0.46106866200765
65.0199986333027 0.467568524678548
65.024998633191 0.463916556040446
65.0299986330792 0.465801556905111
65.0349986329675 0.464134534200033
65.0399986328557 0.457687187194824
65.044998632744 0.458079147338867
65.0499986326322 0.456305440266927
65.0549986325204 0.455231920878092
65.0599986324087 0.44251168568929
65.0649986322969 0.42708911895752
65.0699986321852 0.419621753692627
65.0749986320734 0.431161562601725
65.0799986319616 0.44260311126709
65.0849986318499 0.43813575108846
65.0899986317381 0.437063439687093
65.0949986316264 0.445616912841797
65.0999986315146 0.443848005930583
65.1049986314029 0.447386042277018
65.1099986312911 0.44040273030599
65.1149986311793 0.452300135294596
65.1199986310676 0.455472914377848
65.1249986309558 0.457991790771484
65.1299986308441 0.4400847752889
65.1349986307323 0.439569473266602
65.1399986306205 0.435135809580485
65.1449986305088 0.439131609598796
65.149998630397 0.443402862548828
65.1549986302853 0.439542484283447
65.1599986301735 0.436190223693848
65.1649986300617 0.445274988810221
65.16999862995 0.453885809580485
65.1749986298382 0.463184134165446
65.1799986297265 0.467207845052083
65.1849986296147 0.456312402089437
65.189998629503 0.45816322962443
65.1949986293912 0.457034778594971
65.1999986292794 0.463061491648356
65.2049986291677 0.459189128875732
65.2099986290559 0.453627490997314
65.2149986289442 0.45045919418335
65.2199986288324 0.453890419006348
65.2249986287206 0.466583188374837
65.2299986286089 0.459845002492269
65.2349986284971 0.457366720835368
65.2399986283854 0.438260142008464
65.2449986282736 0.442602856953939
65.2499986281618 0.454326470692952
65.2549986280501 0.456248569488525
65.2599986279383 0.460714944203695
65.2649986278266 0.454979133605957
65.2699986277148 0.464172554016113
65.2749986276031 0.455754470825195
65.2799986274913 0.459049542744954
65.2849986273795 0.449739297231038
65.2899986272678 0.458417574564616
65.294998627156 0.48729133605957
65.2999986270443 0.489458878835042
65.3049986269325 0.483899243672689
65.3099986268207 0.476593589782715
65.314998626709 0.470817057291667
65.3199986265972 0.467733860015869
65.3249986264855 0.478658548990885
65.3299986263737 0.474302228291829
65.334998626262 0.467242749532064
65.3399986261502 0.459216690063477
65.3449986260384 0.44052365620931
65.3499986259267 0.442005793253581
65.3549986258149 0.431953875223796
65.3599986257032 0.425729560852051
65.3649986255914 0.425000349680583
65.3699986254796 0.425903002421061
65.3749986253679 0.428479480743408
65.3799986252561 0.42163028717041
65.3849986251444 0.433598709106445
65.3899986250326 0.447106043497721
65.3949986249208 0.458228588104248
65.3999986248091 0.456127738952637
65.4049986246973 0.45634552637736
65.4099986245856 0.456951427459717
65.4149986244738 0.45267874399821
65.4199986243621 0.437435436248779
65.4249986242503 0.436501280466715
65.4299986241385 0.427261257171631
65.4349986240268 0.42199281056722
65.439998623915 0.423014163970947
65.4449986238033 0.419666798909505
65.4499986236915 0.42316370010376
65.4549986235797 0.429906495412191
65.459998623468 0.428230826059977
65.4649986233562 0.429913489023844
65.4699986232445 0.431191889444987
65.4749986231327 0.430263678232829
65.4799986230209 0.444948800404867
65.4849986229092 0.45870418548584
65.4899986227974 0.462174638112386
65.4949986226857 0.462232875823975
65.4999986225739 0.469510459899902
65.5049986224622 0.459196122487386
65.5099986223504 0.451169013977051
65.5149986222386 0.435812346140544
65.5199986221269 0.430307070414225
65.5249986220151 0.441957505544027
65.5299986219034 0.440612284342448
65.5349986217916 0.441636943817139
65.5399986216798 0.440877056121826
65.5449986215681 0.443365542093913
65.5499986214563 0.458526865641276
65.5549986213446 0.448852221171061
65.5599986212328 0.448319594065348
65.564998621121 0.428989855448405
65.5699986210093 0.433877150217692
65.5749986208975 0.437726879119873
65.5799986207858 0.449675051371257
65.584998620674 0.460410435994466
65.5899986205623 0.448456573486328
65.5949986204505 0.45058126449585
65.5999986203387 0.436030451456706
65.604998620227 0.436451848347982
65.6099986201152 0.434935061136882
65.6149986200035 0.43719793955485
65.6199986198917 0.447324403127035
65.6249986197799 0.464683628082275
65.6299986196682 0.477901554107666
65.6349986195564 0.478639475504557
65.6399986194447 0.470665582021078
65.6449986193329 0.463861815134684
65.6499986192212 0.463140424092611
65.6549986191094 0.461510562896729
65.6599986189976 0.463878726959228
65.6649986188859 0.446992206573486
65.6699986187741 0.433695157368978
65.6749986186624 0.429771550496419
65.6799986185506 0.439449596405029
65.6849986184388 0.440375423431396
65.6899986183271 0.42464640935262
65.6949986182153 0.428311347961426
65.6999986181036 0.431908830006917
65.7049986179918 0.449224313100179
65.70999861788 0.450772380828857
65.7149986177683 0.453371810913086
65.7199986176565 0.457726542154948
65.7249986175448 0.470740922292074
65.729998617433 0.463763109842936
65.7349986173213 0.455137411753337
65.7399986172095 0.439842669169108
65.7449986170977 0.429285494486491
65.749998616986 0.435514195760091
65.7549986168742 0.442993799845378
65.7599986167625 0.439025561014811
65.7649986166507 0.438958994547526
65.7699986165389 0.43376423517863
65.7749986164272 0.448261102040609
65.7799986163154 0.464604886372884
65.7849986162037 0.479141076405843
65.7899986160919 0.481998920440674
65.7949986159801 0.495244057973226
65.7999986158684 0.490363343556722
65.8049986157566 0.476326529184977
65.8099986156449 0.461065260569255
65.8149986155331 0.454193337758382
65.8199986154214 0.473583443959554
65.8249986153096 0.480347760518392
65.8299986151978 0.481912803649902
65.8349986150861 0.479501469930013
65.8399986149743 0.479894129435221
65.8449986148626 0.492183621724447
65.8499986147508 0.489638614654541
65.854998614639 0.493489201863607
65.8599986145273 0.487478224436442
65.8649986144155 0.480348173777262
65.8699986143038 0.469643974304199
65.874998614192 0.464076201121012
65.8799986140803 0.4713698387146
65.8849986139685 0.479887580871582
65.8899986138567 0.479110050201416
65.894998613745 0.471636644999186
65.8999986136332 0.439510059356689
65.9049986135215 0.440573787689209
65.9099986134097 0.445349407196045
65.9149986132979 0.451414998372396
65.9199986131862 0.447995948791504
65.9249986130744 0.457714589436849
65.9299986129627 0.480715370178223
65.9349986128509 0.486201127370199
65.9399986127391 0.480626900990804
65.9449986126274 0.473277854919434
65.9499986125156 0.468266201019287
65.9549986124039 0.482594998677572
65.9599986122921 0.468947060902913
65.9649986121804 0.465423234303792
65.9699986120686 0.461832936604818
65.9749986119568 0.450738588968913
65.9799986118451 0.452869510650635
65.9849986117333 0.454612954457601
65.9899986116216 0.453405570983887
65.9949986115098 0.460492515563965
65.999998611398 0.448436959584554
66.0049986112863 0.452823066711426
66.0099986111745 0.460565503438314
66.0149986110628 0.465397294362386
66.019998610951 0.467541249593099
66.0249986108392 0.452238782246908
66.0299986107275 0.452854220072428
66.0349986106157 0.455583318074544
66.039998610504 0.447825113932292
66.0449986103922 0.442053286234538
66.0499986102805 0.425813420613607
66.0549986101687 0.441599496205648
66.0599986100569 0.456420103708903
66.0649986099452 0.470307890574137
66.0699986098334 0.485353183746338
66.0749986097217 0.505796337127686
66.0799986096099 0.49165137608846
66.0849986094981 0.487853113810221
66.0899986093864 0.46434752146403
66.0949986092746 0.462890466054281
66.0999986091629 0.462129020690918
66.1049986090511 0.455917231241862
66.1099986089394 0.447542413075765
66.1149986088276 0.45535192489624
66.1199986087158 0.442138195037842
66.1249986086041 0.434198443094889
66.1299986084923 0.438216559092204
66.1349986083806 0.448782444000244
66.1399986082688 0.460214900970459
66.144998608157 0.469295279184977
66.1499986080453 0.455171775817871
66.1549986079335 0.450444761912028
66.1599986078218 0.457145563761393
66.16499860771 0.474631532033285
66.1699986075982 0.470988400777181
66.1749986074865 0.469261614481608
66.1799986073747 0.461053880055745
66.184998607263 0.468651962280273
66.1899986071512 0.478412850697835
66.1949986070395 0.471211846669515
66.1999986069277 0.467339038848877
66.2049986068159 0.465443706512451
66.2099986067042 0.469391345977783
66.2149986065924 0.462035306294759
66.2199986064807 0.447854010264079
66.2249986063689 0.449372895558675
66.2299986062571 0.457449849446615
66.2349986061454 0.466079839070638
66.2399986060336 0.459982109069824
66.2449986059219 0.463166681925456
66.2499986058101 0.461127821604411
66.2549986056983 0.472584279378255
66.2599986055866 0.47363748550415
66.2649986054748 0.471906344095866
66.2699986053631 0.462765725453695
66.2749986052513 0.446499824523926
66.2799986051396 0.435822931925456
66.2849986050278 0.437632338205973
66.289998604916 0.442698415120443
66.2949986048043 0.445451958974202
66.2999986046925 0.450445365905762
66.3049986045808 0.452688376108805
66.309998604469 0.451043160756429
66.3149986043572 0.452229468027751
66.3199986042455 0.438663291931152
66.3249986041337 0.449270153045654
66.329998604022 0.462853876749674
66.3349986039102 0.459520562489827
66.3399986037984 0.464104016621908
66.3449986036867 0.456138134002686
66.3499986035749 0.457538668314616
66.3549986034632 0.456933879852295
66.3599986033514 0.449234930674235
66.3649986032397 0.446542962392171
66.3699986031279 0.446301428476969
66.3749986030161 0.438308842976888
66.3799986029044 0.420047601064046
66.3849986027926 0.404370657602946
66.3899986026809 0.407861264546712
66.3949986025691 0.403167406717936
66.3999986024573 0.418138154347738
66.4049986023456 0.418763891855876
66.4099986022338 0.425233872731527
66.4149986021221 0.439600308736165
66.4199986020103 0.440512657165527
66.4249986018986 0.445170752207438
66.4299986017868 0.438425572713216
66.434998601675 0.440957101186117
66.4399986015633 0.446129608154297
66.4449986014515 0.456421661376953
66.4499986013398 0.455791282653809
66.454998601228 0.443470827738444
66.4599986011162 0.437242444356283
66.4649986010045 0.427815850575765
66.4699986008927 0.440287748972575
66.474998600781 0.437471866607666
66.4799986006692 0.440623219807943
66.4849986005574 0.435103638966878
66.4899986004457 0.440723292032878
66.4949986003339 0.445066547393799
66.4999986002222 0.457180881500244
66.5049986001104 0.457155672709147
66.5099985999987 0.470434474945068
66.5149985998869 0.468744850158691
66.5199985997751 0.465326499938965
66.5249985996634 0.44758456548055
66.5299985995516 0.435350100199382
66.5349985994399 0.431019433339437
66.5399985993281 0.434545358022054
66.5449985992163 0.442251364390055
66.5499985991046 0.444407367706299
66.5549985989928 0.4613982518514
66.5599985988811 0.468072827657064
66.5649985987693 0.466085052490234
66.5699985986575 0.465130456288656
66.5749985985458 0.450389353434245
66.579998598434 0.439157962799072
66.5849985983223 0.42849391301473
66.5899985982105 0.431176980336507
66.5949985980988 0.433657836914063
66.599998597987 0.445354811350505
66.6049985978752 0.444580300649007
66.6099985977635 0.443497276306152
66.6149985976517 0.448086802164714
66.61999859754 0.457022698720296
66.6249985974282 0.465863831837972
66.6299985973164 0.474278704325358
66.6349985972047 0.464349937438965
66.6399985970929 0.450267314910889
66.6449985969812 0.442978541056315
66.6499985968694 0.455016835530599
66.6549985967577 0.468458080291748
66.6599985966459 0.467466290791829
66.6649985965341 0.444024467468262
66.6699985964224 0.424561023712158
66.6749985963106 0.421186765034993
66.6799985961989 0.41702938079834
66.6849985960871 0.40602502822876
66.6899985959753 0.414869594573975
66.6949985958636 0.418007946014404
66.6999985957518 0.430588881174723
66.7049985956401 0.436375427246094
66.7099985955283 0.433162720998128
66.7149985954165 0.429101053873698
66.7199985953048 0.421504815419515
66.724998595193 0.407579644521077
66.7299985950813 0.419478130340576
66.7349985949695 0.432531706492106
66.7399985948578 0.434356880187988
66.744998594746 0.431268342336019
66.7499985946342 0.427823861440023
66.7549985945225 0.415144697825114
66.7599985944107 0.412494214375814
66.764998594299 0.399538707733154
66.7699985941872 0.403691069285075
66.7749985940754 0.406833012898763
66.7799985939637 0.415423711140951
66.7849985938519 0.423198413848877
66.7899985937402 0.423997720082601
66.7949985936284 0.423837693532308
66.7999985935166 0.425572967529297
66.8049985934049 0.42968209584554
66.8099985932931 0.435075410207113
66.8149985931814 0.433003743489583
66.8199985930696 0.422744528452555
66.8249985929579 0.418991629282633
66.8299985928461 0.41257282892863
66.8349985927343 0.422042274475098
66.8399985926226 0.435411357879639
66.8449985925108 0.446950976053874
66.8499985923991 0.438331317901611
66.8549985922873 0.432330767313639
66.8599985921755 0.421167596181234
66.8649985920638 0.417119948069255
66.869998591952 0.405714003245036
66.8749985918403 0.39104388554891
66.8799985917285 0.392548592885335
66.8849985916168 0.390936279296875
66.889998591505 0.404001077016195
66.8949985913932 0.407816123962402
66.8999985912815 0.412321790059408
66.9049985911697 0.422192986806234
66.909998591058 0.419322109222412
66.9149985909462 0.419888782501221
66.9199985908344 0.408138688405355
66.9249985907227 0.392594432830811
66.9299985906109 0.39038724899292
66.9349985904992 0.411131890614827
66.9399985903874 0.426624997456868
66.9449985902756 0.429362233479818
66.9499985901639 0.421870644887288
66.9549985900521 0.40881888071696
66.9599985899404 0.416632429758708
66.9649985898286 0.408551597595215
66.9699985897169 0.402300898234049
66.9749985896051 0.388326994578044
66.9799985894933 0.387842845916748
66.9849985893816 0.394743092854818
66.9899985892698 0.402874914805094
66.9949985891581 0.416085783640544
66.9999985890463 0.40462646484375
67.0049985889345 0.408592637379964
67.0099985888228 0.399607149759928
67.014998588711 0.40939613978068
67.0199985885993 0.416858800252279
67.0249985884875 0.426018142700195
67.0299985883757 0.422248236338298
67.034998588264 0.41255038579305
67.0399985881522 0.398193295796712
67.0449985880405 0.397729269663493
67.0499985879287 0.400451501210531
67.054998587817 0.390783214569092
67.0599985877052 0.397603257497152
67.0649985875934 0.405808194478353
67.0699985874817 0.407470067342122
67.0749985873699 0.403791840871175
67.0799985872582 0.398246606190999
67.0849985871464 0.386098575592041
67.0899985870346 0.38549534479777
67.0949985869229 0.373331769307454
67.0999985868111 0.368377780914307
67.1049985866994 0.383116467793783
67.1099985865876 0.391664409637451
67.1149985864758 0.398263645172119
67.1199985863641 0.399147923787435
67.1249985862523 0.399518648783366
67.1299985861406 0.404996490478516
67.1349985860288 0.400694688161214
67.1399985859171 0.387162494659424
67.1449985858053 0.374501578013102
67.1499985856935 0.379596741994222
67.1549985855818 0.409597714742025
67.15999858547 0.422601985931396
67.1649985853583 0.423404026031494
67.1699985852465 0.410824584960937
67.1749985851347 0.399413744608561
67.179998585023 0.395254961649577
67.1849985849112 0.377062924702962
67.1899985847995 0.357276407877604
67.1949985846877 0.351855214436849
67.199998584576 0.362095419565837
67.2049985844642 0.366576957702637
67.2099985843524 0.37025146484375
67.2149985842407 0.372589174906413
67.2199985841289 0.380737686157227
67.2249985840172 0.393425782521566
67.2299985839054 0.385527769724528
67.2349985837936 0.391562525431315
67.2399985836819 0.380302778879801
67.2449985835701 0.385858345031738
67.2499985834584 0.392823632558187
67.2549985833466 0.390561676025391
67.2599985832348 0.39677906036377
67.2649985831231 0.398748588562012
67.2699985830113 0.399325370788574
67.2749985828996 0.403219509124756
67.2799985827878 0.400379053751628
67.2849985826761 0.400116475423177
67.2899985825643 0.381126499176025
67.2949985824525 0.391074657440186
67.2999985823408 0.377532164255778
67.304998582229 0.379652976989746
67.3099985821173 0.382186158498128
67.3149985820055 0.381572596232096
67.3199985818937 0.393106810251872
67.324998581782 0.409254582722982
67.3299985816702 0.418961429595947
67.3349985815585 0.424455388387044
67.3399985814467 0.426180458068848
67.3449985813349 0.410793463389079
67.3499985812232 0.405267588297526
67.3549985811114 0.380369822184245
67.3599985809997 0.374943002065023
67.3649985808879 0.374867757161458
67.3699985807762 0.376646010080973
67.3749985806644 0.393798637390137
67.3799985805526 0.387618287404378
67.3849985804409 0.390646966298421
67.3899985803291 0.38997376759847
67.3949985802174 0.384317048390706
67.3999985801056 0.386638037363688
67.4049985799938 0.379456392923991
67.4099985798821 0.387099615732829
67.4149985797703 0.38492914835612
67.4199985796586 0.394546890258789
67.4249985795468 0.408307838439941
67.4299985794351 0.411988798777262
67.4349985793233 0.404389095306397
67.4399985792115 0.388031546274821
67.4449985790998 0.358538850148519
67.449998578988 0.342681948343913
67.4549985788763 0.342352390289307
67.4599985787645 0.348286406199137
67.4649985786527 0.347282854715983
67.469998578541 0.356226253509521
67.4749985784292 0.351074568430583
67.4799985783175 0.363579018910726
67.4849985782057 0.385019652048747
67.4899985780939 0.390926265716553
67.4949985779822 0.397879632314046
67.4999985778704 0.390769799550374
67.5049985777587 0.387829399108887
67.5099985776469 0.381908384958903
67.5149985775352 0.378088283538818
67.5199985774234 0.370731321970622
67.5249985773116 0.378221416473389
67.5299985771999 0.387783845265706
67.5349985770881 0.386058902740478
67.5399985769764 0.371620178222656
67.5449985768646 0.371021684010824
67.5499985767528 0.385660934448242
67.5549985766411 0.403104368845622
67.5599985765293 0.407062149047852
67.5649985764176 0.396043682098389
67.5699985763058 0.383069165547689
67.574998576194 0.373593934377035
67.5799985760823 0.386112785339355
67.5849985759705 0.38956470489502
67.5899985758588 0.394172477722168
67.594998575747 0.387303479512533
67.5999985756353 0.375890318552653
67.6049985755235 0.386173184712728
67.6099985754117 0.392749055226644
67.6149985753 0.398068968454997
67.6199985751882 0.405842717488607
67.6249985750765 0.40469290415446
67.6299985749647 0.413387076059977
67.6349985748529 0.419633801778158
67.6399985747412 0.409821224212647
67.6449985746294 0.411659876505534
67.6499985745177 0.400229199727376
67.6549985744059 0.403210004170736
67.6599985742942 0.397209644317627
67.6649985741824 0.389795970916748
67.6699985740706 0.378529644012451
67.6749985739589 0.387664349873861
67.6799985738471 0.37930383682251
67.6849985737354 0.383844629923503
67.6899985736236 0.368418534596761
67.6949985735118 0.362061723073324
67.6999985734001 0.366480127970378
67.7049985732883 0.376359558105469
67.7099985731766 0.385354010264079
67.7149985730648 0.396787548065186
67.719998572953 0.399889914194743
67.7249985728413 0.398634878794352
67.7299985727295 0.397380828857422
67.7349985726178 0.375656032562256
67.739998572506 0.35642884572347
67.7449985723943 0.339340527852376
67.7499985722825 0.33352533976237
67.7549985721707 0.356501007080078
67.759998572059 0.370388412475586
67.7649985719472 0.381193606058757
67.7699985718355 0.390476131439209
67.7749985717237 0.385616016387939
67.7799985716119 0.384609667460124
67.7849985715002 0.382231648763021
67.7899985713884 0.378768634796143
67.7949985712767 0.382420857747396
67.7999985711649 0.3830841700236
67.8049985710531 0.377210712432861
67.8099985709414 0.365728600819906
67.8149985708296 0.360038216908773
67.8199985707179 0.362688477834066
67.8249985706061 0.370031452178955
67.8299985704944 0.370983918507894
67.8349985703826 0.369183286031087
67.8399985702708 0.371045080820719
67.8449985701591 0.368878650665283
67.8499985700473 0.381476179758708
67.8549985699356 0.388856315612793
67.8599985698238 0.407850964864095
67.864998569712 0.407457892100016
67.8699985696003 0.409262371063232
67.8749985694885 0.392660840352376
67.8799985693768 0.390239842732747
67.884998569265 0.387796338399251
67.8899985691532 0.385908699035645
67.8949985690415 0.378690497080485
67.8999985689297 0.386475499471029
67.904998568818 0.397534306844076
67.9099985687062 0.394865957895915
67.9149985685945 0.383399868011475
67.9199985684827 0.374221420288086
67.9249985683709 0.373770268758138
67.9299985682592 0.370456250508626
67.9349985681474 0.356067784627279
67.9399985680357 0.344399356842041
67.9449985679239 0.352290280659994
67.9499985678121 0.362770080566406
67.9549985677004 0.377024110158285
67.9599985675886 0.378738339742025
67.9649985674769 0.382250785827637
67.9699985673651 0.388588619232178
67.9749985672534 0.38400920232137
67.9799985671416 0.393222014109294
67.9849985670298 0.408543014526367
67.9899985669181 0.398341846466064
67.9949985668063 0.389854113260905
67.9999985666946 0.379747168223063
68.0049985665828 0.370515505472819
68.009998566471 0.371475569407145
68.0149985663593 0.370610618591309
68.0199985662475 0.367480532328288
68.0249985661358 0.366776053110758
68.029998566024 0.373176288604736
68.0349985659122 0.36848980585734
68.0399985658005 0.379897435506185
68.0449985656887 0.379337310791016
68.049998565577 0.380118529001872
68.0549985654652 0.374022070566813
68.0599985653535 0.370297876993815
68.0649985652417 0.36793171564738
68.0699985651299 0.370435333251953
68.0749985650182 0.380908203125
68.0799985649064 0.392031955718994
68.0849985647947 0.393312899271647
68.0899985646829 0.39377056757609
68.0949985645711 0.382931168874105
68.0999985644594 0.381057357788086
68.1049985643476 0.371408176422119
68.1099985642359 0.356656773885091
68.1149985641241 0.353724892934163
68.1199985640123 0.364302508036296
68.1249985639006 0.370063654581706
68.1299985637888 0.374958356221517
68.1349985636771 0.373768742879232
68.1399985635653 0.373920663197835
68.1449985634536 0.389837010701497
68.1499985633418 0.383019765218099
68.15499856323 0.375812021891276
68.1599985631183 0.373144276936849
68.1649985630065 0.363238747914632
68.1699985628948 0.370676867167155
68.174998562783 0.370074876149495
68.1799985626712 0.371605714162191
68.1849985625595 0.367901357014974
68.1899985624477 0.363679218292236
68.194998562336 0.358329836527507
68.1999985622242 0.370811748504639
68.2049985621125 0.371753883361816
68.2099985620007 0.368741035461426
68.2149985618889 0.365465513865153
68.2199985617772 0.375368436177572
68.2249985616654 0.387161223093669
68.2299985615537 0.390348275502523
68.2349985614419 0.376670837402344
68.2399985613301 0.363861719767253
68.2449985612184 0.353915150960286
68.2499985611066 0.345250765482585
68.2549985609949 0.332315635681152
68.2599985608831 0.328096803029378
68.2649985607713 0.33303689956665
68.2699985606596 0.339301172892253
68.2749985605478 0.347433725992839
68.2799985604361 0.353952121734619
68.2849985603243 0.358203379313151
68.2899985602126 0.356797377268473
68.2949985601008 0.354326438903809
68.299998559989 0.357378578186035
68.3049985598773 0.363485558827718
68.3099985597655 0.365282026926676
68.3149985596538 0.375010299682617
68.319998559542 0.385323588053385
68.3249985594302 0.391191546122233
68.3299985593185 0.38592627843221
68.3349985592067 0.372086556752523
68.339998559095 0.380683581034342
68.3449985589832 0.384966087341309
68.3499985588714 0.385321235656738
68.3549985587597 0.375455729166667
68.3599985586479 0.372263240814209
68.3649985585362 0.372492376963298
68.3699985584244 0.377926095326742
68.3749985583127 0.379483699798584
68.3799985582009 0.38491948445638
68.3849985580891 0.389952913920085
68.3899985579774 0.390570576985677
68.3949985578656 0.381404527028402
68.3999985577539 0.376305198669434
68.4049985576421 0.360998407999674
68.4099985575303 0.350284258524577
68.4149985574186 0.345310306549072
68.4199985573068 0.353550148010254
68.4249985571951 0.368283176422119
68.4299985570833 0.375119018554687
68.4349985569716 0.380363686879476
68.4399985568598 0.38767188390096
68.444998556748 0.386236031850179
68.4499985566363 0.39510399500529
68.4549985565245 0.386679808298747
68.4599985564128 0.389113235473633
68.464998556301 0.391687901814779
68.4699985561892 0.398879210154216
68.4749985560775 0.406525802612305
68.4799985559657 0.400487772623698
68.484998555854 0.39470599492391
68.4899985557422 0.383185545603434
68.4949985556304 0.370959377288818
68.4999985555187 0.367430241902669
68.5049985554069 0.355727386474609
68.5099985552952 0.35251677831014
68.5149985551834 0.369529215494792
68.5199985550717 0.378623199462891
68.5249985549599 0.388907972971598
68.5299985548481 0.390861034393311
68.5349985547364 0.383986536661784
68.5399985546246 0.380775388081869
68.5449985545129 0.385476207733154
68.5499985544011 0.388734563191732
68.5549985542893 0.383400599161784
68.5599985541776 0.369973119099935
68.5649985540658 0.359693590799967
68.5699985539541 0.356854788462321
68.5749985538423 0.373515733083089
68.5799985537305 0.373530737559001
68.5849985536188 0.369183731079102
68.589998553507 0.379901059468587
68.5949985533953 0.392212136586507
68.5999985532835 0.391026878356934
68.6049985531718 0.384428405761719
68.60999855306 0.368122641245524
68.6149985529482 0.36622854868571
68.6199985528365 0.378200689951579
68.6249985527247 0.384850915273031
68.629998552613 0.380134169260661
68.6349985525012 0.372388203938802
68.6399985523894 0.368949349721273
68.6449985522777 0.375750096638997
68.6499985521659 0.390017731984456
68.6549985520542 0.393892288208008
68.6599985519424 0.399008019765218
68.6649985518306 0.398719660441081
68.6699985517189 0.39708153406779
68.6749985516071 0.394169012705485
68.6799985514954 0.393649133046468
68.6849985513836 0.387953281402588
68.6899985512719 0.396584033966064
68.6949985511601 0.398895263671875
68.6999985510483 0.392168203989665
68.7049985509366 0.38088477452596
68.7099985508248 0.36919158299764
68.7149985507131 0.375503698984782
68.7199985506013 0.373940881093343
68.7249985504895 0.368993504842122
68.7299985503778 0.364377880096436
68.734998550266 0.363480790456136
68.7399985501543 0.365184911092122
68.7449985500425 0.369313271840413
68.7499985499308 0.356054751078288
68.754998549819 0.354852771759033
68.7599985497072 0.36108455657959
68.7649985495955 0.361932277679443
68.7699985494837 0.360554345448812
68.774998549372 0.349962679545085
68.7799985492602 0.350295193990072
68.7849985491484 0.350658289591471
68.7899985490367 0.357040850321452
68.7949985489249 0.366993840535482
68.7999985488132 0.376184876759847
68.8049985487014 0.376742204030355
68.8099985485896 0.371532567342122
68.8149985484779 0.363666693369548
68.8199985483661 0.368312994639079
68.8249985482544 0.367900530497233
68.8299985481426 0.359744199117025
68.8349985480309 0.367000611623128
68.8399985479191 0.372579542795817
68.8449985478073 0.385599486033122
68.8499985476956 0.389188575744629
68.8549985475838 0.38120158513387
68.8599985474721 0.374827925364176
68.8649985473603 0.37090425491333
68.8699985472485 0.367164103190104
68.8749985471368 0.365977923075358
68.879998547025 0.362071673075358
68.8849985469133 0.367219066619873
68.8899985468015 0.376342487335205
68.8949985466897 0.389571762084961
68.899998546578 0.391225910186768
68.9049985464662 0.384165318806966
68.9099985463545 0.383829847971598
68.9149985462427 0.376144599914551
68.919998546131 0.377025922139486
68.9249985460192 0.37547550201416
68.9299985459074 0.362639649709066
68.9349985457957 0.36481409072876
68.9399985456839 0.3589248975118
68.9449985455722 0.357603009541829
68.9499985454604 0.372085730234782
68.9549985453486 0.367958799997965
68.9599985452369 0.365070978800456
68.9649985451251 0.368403816223145
68.9699985450134 0.360918076833089
68.9749985449016 0.359771156311035
68.9799985447899 0.359009552001953
68.9849985446781 0.349777793884277
68.9899985445663 0.35478048324585
68.9949985444546 0.362781302134196
68.9999985443428 0.361391321818034
69.0049985442311 0.366716893513997
69.0099985441193 0.361308924357096
69.0149985440075 0.36885035832723
69.0199985438958 0.37336155573527
69.024998543784 0.369188626607259
69.0299985436723 0.37247486114502
69.0349985435605 0.359763399759928
69.0399985434487 0.359058125813802
69.044998543337 0.353883330027262
69.0499985432252 0.355281575520833
69.0549985431135 0.347544320424398
69.0599985430017 0.359248224894206
69.06499854289 0.365743319193522
69.0699985427782 0.366981951395671
69.0749985426664 0.364520835876465
69.0799985425547 0.366104666392008
69.0849985424429 0.368640772501628
69.0899985423312 0.377587890625
69.0949985422194 0.369164880116781
69.0999985421076 0.368885485331217
69.1049985419959 0.370698324839274
69.1099985418841 0.381863021850586
69.1149985417724 0.376908906300863
69.1199985416606 0.36386677424113
69.1249985415488 0.359468173980713
69.1299985414371 0.365198040008545
69.1349985413253 0.376431687672933
69.1399985412136 0.371597671508789
69.1449985411018 0.346980476379395
69.1499985409901 0.351506201426188
69.1549985408783 0.359959093729655
69.1599985407665 0.366326999664307
69.1649985406548 0.368549029032389
69.169998540543 0.369016583760579
69.1749985404313 0.380278491973877
69.1799985403195 0.384297148386637
69.1849985402077 0.382685343424479
69.189998540096 0.368773015340169
69.1949985399842 0.364049911499023
69.1999985398725 0.365126387278239
69.2049985397607 0.369213199615478
69.209998539649 0.36900962193807
69.2149985395372 0.358269373575846
69.2199985394254 0.349748929341634
69.2249985393137 0.346749877929687
69.2299985392019 0.348937320709229
69.2349985390902 0.348698933919271
69.2399985389784 0.361602274576823
69.2449985388666 0.356465625762939
69.2499985387549 0.3630264600118
69.2549985386431 0.350053628285726
69.2599985385314 0.349813461303711
69.2649985384196 0.358879121144613
69.2699985383078 0.367379188537598
69.2749985381961 0.366056569417318
69.2799985380843 0.374242528279622
69.2849985379726 0.362706502278646
69.2899985378608 0.370964018503825
69.2949985377491 0.36616579691569
69.2999985376373 0.372184085845947
69.3049985375255 0.370286242167155
69.3099985374138 0.367490482330322
69.314998537302 0.359023253122966
69.3199985371903 0.354821999867757
69.3249985370785 0.35390256245931
69.3299985369667 0.367245101928711
69.334998536855 0.367959499359131
69.3399985367432 0.38254435857137
69.3449985366315 0.379546610514323
69.3499985365197 0.382134850819906
69.3549985364079 0.375707244873047
69.3599985362962 0.369317372639974
69.3649985361844 0.365791511535645
69.3699985360727 0.369165293375651
69.3749985359609 0.356243387858073
69.3799985358492 0.349039554595947
69.3849985357374 0.34719409942627
69.3899985356256 0.356299781799316
69.3949985355139 0.365502834320068
69.3999985354021 0.369554646809896
69.4049985352904 0.357154973347982
69.4099985351786 0.356082852681478
69.4149985350668 0.358911863962809
69.4199985349551 0.361380958557129
69.4249985348433 0.359516938527425
69.4299985347316 0.362074247996012
69.4349985346198 0.369048817952474
69.439998534508 0.37521276473999
69.4449985343963 0.369458103179932
69.4499985342845 0.359931977589925
69.4549985341728 0.354103088378906
69.459998534061 0.365154266357422
69.4649985339493 0.37590077718099
69.4699985338375 0.387823581695557
69.4749985337257 0.382734616597493
69.479998533614 0.38680362701416
69.4849985335022 0.372013187408447
69.4899985333905 0.363158384958903
69.4949985332787 0.340528106689453
69.4999985331669 0.322016779581706
69.5049985330552 0.324601141611735
69.5099985329434 0.333238442738851
69.5149985328317 0.344132550557454
69.5199985327199 0.342722288767497
69.5249985326082 0.352118555704753
69.5299985324964 0.355177942911784
69.5349985323846 0.366051642100016
69.5399985322729 0.372232087453206
69.5449985321611 0.385310522715251
69.5499985320494 0.393395392100016
69.5549985319376 0.392716789245605
69.5599985318258 0.378150653839111
69.5649985317141 0.384309196472168
69.5699985316023 0.377747376759847
69.5749985314906 0.368675390879313
69.5799985313788 0.350775941212972
69.584998531267 0.343051401774089
69.5899985311553 0.356215826670329
69.5949985310435 0.365836016337077
69.5999985309318 0.374616718292236
69.60499853082 0.381870746612549
69.6099985307083 0.387442938486735
69.6149985305965 0.394615523020426
69.6199985304847 0.395541191101074
69.624998530373 0.39523983001709
69.6299985302612 0.389473915100098
69.6349985301495 0.376722494761149
69.6399985300377 0.370751285552979
69.6449985299259 0.383056958516439
69.6499985298142 0.402326838175456
69.6549985297024 0.407476043701172
69.6599985295907 0.397726154327393
69.6649985294789 0.389169152577718
69.6699985293671 0.380357201894124
69.6749985292554 0.384736124674479
69.6799985291436 0.381339391072591
69.6849985290319 0.388023567199707
69.6899985289201 0.388214937845866
69.6949985288084 0.391247717539469
69.6999985286966 0.388785680135091
69.7049985285848 0.396095816294352
69.7099985284731 0.39293270111084
69.7149985283613 0.38528470993042
69.7199985282496 0.374202505747477
69.7249985281378 0.364901606241862
69.729998528026 0.360949420928955
69.7349985279143 0.361373805999756
69.7399985278025 0.374885495503744
69.7449985276908 0.3809250831604
69.749998527579 0.37910836537679
69.7549985274673 0.364334901173909
69.7599985273555 0.357210604349772
69.7649985272437 0.358687337239583
69.769998527132 0.361007086435954
69.7749985270202 0.359062798817953
69.7799985269085 0.36956901550293
69.7849985267967 0.366072622934977
69.7899985266849 0.380361334482829
69.7949985265732 0.375112597147624
69.7999985264614 0.380014197031657
69.8049985263497 0.387753295898437
69.8099985262379 0.400669002532959
69.8149985261261 0.401552708943685
69.8199985260144 0.409853045145671
69.8249985259026 0.393652375539144
69.8299985257909 0.378184254964193
69.8349985256791 0.372448444366455
69.8399985255674 0.373276837666829
69.8449985254556 0.374961407979329
69.8499985253438 0.373512744903564
69.8549985252321 0.373108768463135
69.8599985251203 0.370493125915527
69.8649985250086 0.375509484608968
69.8699985248968 0.370765463511149
69.874998524785 0.365170828501383
69.8799985246733 0.353967920939128
69.8849985245615 0.351828193664551
69.8899985244498 0.354138914744059
69.894998524338 0.370185979207357
69.8999985242262 0.381229146321615
69.9049985241145 0.384404277801514
69.9099985240027 0.374063682556152
69.914998523891 0.366714000701904
69.9199985237792 0.374514961242676
69.9249985236675 0.379914442698161
69.9299985235557 0.388065751393636
69.9349985234439 0.383454672495524
69.9399985233322 0.384111309051514
69.9449985232204 0.392951647440592
69.9499985231087 0.385368887583415
69.9549985229969 0.379312165578206
69.9599985228851 0.36028315226237
69.9649985227734 0.354752763112386
69.9699985226616 0.349139022827148
69.9749985225499 0.350908533732096
69.9799985224381 0.344109217325846
69.9849985223264 0.344571590423584
69.9899985222146 0.348564879099528
69.9949985221028 0.349362977345785
69.9999985219911 0.358250745137533
70.0049985218793 0.364013290405273
70.0099985217676 0.358375040690104
70.0149985216558 0.360306167602539
70.019998521544 0.356995423634847
70.0249985214323 0.371709537506104
70.0299985213205 0.380313014984131
70.0349985212088 0.380398368835449
70.039998521097 0.382970110575358
70.0449985209852 0.387410958607992
70.0499985208735 0.394008827209473
70.0549985207617 0.385531107584635
70.05999852065 0.371188195546468
70.0649985205382 0.358004029591878
70.0699985204265 0.348564910888672
70.0749985203147 0.343394311269124
70.0799985202029 0.348060544331869
70.0849985200912 0.344023640950521
70.0899985199794 0.357685248057048
70.0949985198677 0.355846373240153
70.0999985197559 0.362954584757487
70.1049985196441 0.360386848449707
70.1099985195324 0.358905347188314
70.1149985194206 0.361842409769694
70.1199985193089 0.369768778483073
70.1249985191971 0.35871156056722
70.1299985190853 0.36568702061971
70.1349985189736 0.366047890981038
70.1399985188618 0.366638882954915
70.1449985187501 0.368441009521484
70.1499985186383 0.354451052347819
70.1549985185266 0.350237369537354
70.1599985184148 0.358963108062744
70.164998518303 0.34819294611613
70.1699985181913 0.355846627553304
70.1749985180795 0.345696290334066
70.1799985179678 0.337543773651123
70.184998517856 0.343841457366943
70.1899985177442 0.340244960784912
70.1949985176325 0.347202523549398
70.1999985175207 0.346374702453613
70.204998517409 0.348515097300212
70.2099985172972 0.352335770924886
70.2149985171855 0.353361256917318
70.2199985170737 0.345877583821615
70.2249985169619 0.354838911692301
70.2299985168502 0.357696787516276
70.2349985167384 0.351936181386312
70.2399985166267 0.345868301391602
70.2449985165149 0.334577751159668
70.2499985164031 0.337522061665853
70.2549985162914 0.335057862599691
70.2599985161796 0.334745724995931
70.2649985160679 0.330960782368978
70.2699985159561 0.335560448964437
70.2749985158443 0.333782068888346
70.2799985157326 0.330662059783936
70.2849985156208 0.328449471791585
70.2899985155091 0.327411778767904
70.2949985153973 0.342370955149333
70.2999985152856 0.340328216552734
70.3049985151738 0.333704884847005
70.309998515062 0.332204532623291
70.3149985149503 0.333201535542806
70.3199985148385 0.34174009958903
70.3249985147268 0.350851980845133
70.329998514615 0.362640921274821
70.3349985145032 0.373190307617188
70.3399985143915 0.371273930867513
70.3449985142797 0.35295877456665
70.349998514168 0.340153535207113
70.3549985140562 0.32704693476359
70.3599985139444 0.339627806345622
70.3649985138327 0.337562910715739
70.3699985137209 0.343499374389648
70.3749985136092 0.343787002563477
70.3799985134974 0.347105852762858
70.3849985133857 0.342972691853841
70.3899985132739 0.33363094329834
70.3949985131621 0.334338251749674
70.3999985130504 0.328493054707845
70.4049985129386 0.342788219451904
70.4099985128269 0.344385369618734
70.4149985127151 0.3563689549764
70.4199985126033 0.346848678588867
70.4249985124916 0.345879999796549
70.4299985123798 0.331223424275716
70.4349985122681 0.333150100708008
70.4399985121563 0.330878067016602
70.4449985120445 0.328044986724853
70.4499985119328 0.340322271982829
70.454998511821 0.346024417877197
70.4599985117093 0.357003084818522
70.4649985115975 0.357298119862874
70.4699985114858 0.357238864898682
70.474998511374 0.352812099456787
70.4799985112622 0.359420331319173
70.4849985111505 0.360323778788249
70.4899985110387 0.351592985788981
70.494998510927 0.34196678797404
70.4999985108152 0.327904955546061
70.5049985107034 0.331059487660726
70.5099985105917 0.344569333394369
70.5149985104799 0.350523249308268
70.5199985103682 0.355270067850749
70.5249985102564 0.353094736735026
70.5299985101447 0.345776589711507
70.5349985100329 0.360308456420898
70.5399985099211 0.34812266031901
70.5449985098094 0.349191665649414
70.5499985096976 0.344523398081462
70.5549985095859 0.345347881317139
70.5599985094741 0.344082578023275
70.5649985093623 0.343434874216715
70.5699985092506 0.344160588582357
70.5749985091388 0.346658356984456
70.5799985090271 0.351651509602865
70.5849985089153 0.348096179962158
70.5899985088035 0.356798235575358
70.5949985086918 0.359665902455648
70.59999850858 0.350486056009928
70.6049985084683 0.343859831492106
70.6099985083565 0.343052196502686
70.6149985082448 0.340142250061035
70.619998508133 0.335488605499268
70.6249985080212 0.323366228739421
70.6299985079095 0.32303721110026
70.6349985077977 0.328860759735107
70.639998507686 0.336811860402425
70.6449985075742 0.33790651957194
70.6499985074624 0.334321276346842
70.6549985073507 0.335997994740804
70.6599985072389 0.337379995981852
70.6649985071272 0.335491593678792
70.6699985070154 0.334645175933838
70.6749985069036 0.339169565836589
70.6799985067919 0.349697558085124
70.6849985066801 0.352239354451497
70.6899985065684 0.350706640879313
70.6949985064566 0.345726203918457
70.6999985063449 0.352902412414551
70.7049985062331 0.352305603027344
70.7099985061213 0.342170429229736
70.7149985060096 0.32280658086141
70.7199985058978 0.322113672892253
70.7249985057861 0.324979813893636
70.7299985056743 0.333525053660075
70.7349985055625 0.331810315450033
70.7399985054508 0.325792249043783
70.744998505339 0.322830931345622
70.7499985052273 0.320915190378825
70.7549985051155 0.317712306976318
70.7599985050038 0.306884447733561
70.764998504892 0.31658992767334
70.7699985047802 0.332787768046061
70.7749985046685 0.338648160298665
70.7799985045567 0.340599950154622
70.784998504445 0.330001290639242
70.7899985043332 0.324299335479736
70.7949985042214 0.325879414876302
70.7999985041097 0.326966953277588
70.8049985039979 0.329825528462728
70.8099985038862 0.340887037913005
70.8149985037744 0.349894714355469
70.8199985036626 0.35435692469279
70.8249985035509 0.351112874348958
70.8299985034391 0.343750190734863
70.8349985033274 0.347131443023682
70.8399985032156 0.347624746958415
70.8449985031039 0.354425684611003
70.8499985029921 0.348537476857503
70.8549985028803 0.340470027923584
70.8599985027686 0.339796034495036
70.8649985026568 0.338149261474609
70.8699985025451 0.345552762349447
70.8749985024333 0.342878945668538
70.8799985023215 0.33681370417277
70.8849985022098 0.331382338205973
70.889998502098 0.32748483022054
70.8949985019863 0.327675914764404
70.8999985018745 0.335450744628906
70.9049985017627 0.329222234090169
70.909998501651 0.323081493377686
70.9149985015392 0.325766785939535
70.9199985014275 0.34112008412679
70.9249985013157 0.356804974873861
70.929998501204 0.360971037546794
70.9349985010922 0.365823364257812
70.9399985009804 0.353433990478516
70.9449985008687 0.34140567779541
70.9499985007569 0.335578060150146
70.9549985006452 0.331983470916748
70.9599985005334 0.340141518910726
70.9649985004216 0.345627053578695
70.9699985003099 0.338868363698324
70.9749985001981 0.334725379943848
70.9799985000864 0.3305739402771
70.9849984999746 0.332967122395833
70.9899984998629 0.335693454742432
70.9949984997511 0.339545758565267
70.9999984996393 0.337114111582438
71.0049984995276 0.33623956044515
71.0099984994158 0.336954689025879
71.0149984993041 0.32987117767334
71.0199984991923 0.328083229064941
71.0249984990805 0.32846310933431
71.0299984989688 0.33818998336792
71.034998498857 0.341125233968099
71.0399984987453 0.340700594584147
71.0449984986335 0.336429182688395
71.0499984985217 0.343296432495117
71.05499849841 0.352959760030111
71.0599984982982 0.362591234842936
71.0649984981865 0.36036122639974
71.0699984980747 0.351876672108968
71.074998497963 0.346735254923503
71.0799984978512 0.34754737218221
71.0849984977394 0.351337178548177
71.0899984976277 0.347136306762695
71.0949984975159 0.347093995412191
71.0999984974042 0.344623470306397
71.1049984972924 0.343691317240397
71.1099984971806 0.350337855021159
71.1149984970689 0.345895799001058
71.1199984969571 0.34267848332723
71.1249984968454 0.342540613810221
71.1299984967336 0.344424851735433
71.1349984966218 0.348379707336426
71.1399984965101 0.350957330067952
71.1449984963983 0.342891152699788
71.1499984962866 0.331615098317464
71.1549984961748 0.316049321492513
71.1599984960631 0.304864819844564
71.1649984959513 0.312926038106283
71.1699984958395 0.322050412495931
71.1749984957278 0.32603645324707
71.179998495616 0.32697286605835
71.1849984955043 0.336812241872152
71.1899984953925 0.352982648213704
71.1949984952807 0.363351058959961
71.199998495169 0.360542392730713
71.2049984950572 0.347609901428223
71.2099984949455 0.345156733194987
71.2149984948337 0.339474328358968
71.2199984947219 0.338456853230794
71.2249984946102 0.336903444925944
71.2299984944984 0.335294246673584
71.2349984943867 0.329944896697998
71.2399984942749 0.328011576334635
71.2449984941632 0.334301726023356
71.2499984940514 0.340259393056234
71.2549984939396 0.340425268809001
71.2599984938279 0.338176949818929
71.2649984937161 0.329046535491943
71.2699984936044 0.333829402923584
71.2749984934926 0.332656002044678
71.2799984933808 0.336312516530355
71.2849984932691 0.339519945780436
71.2899984931573 0.339483292897542
71.2949984930456 0.332792091369629
71.2999984929338 0.34844274520874
71.3049984928221 0.355494912465413
71.3099984927103 0.367304293314616
71.3149984925985 0.349759038289388
71.3199984924868 0.338193893432617
71.324998492375 0.329974142710368
71.3299984922633 0.333898226420085
71.3349984921515 0.332282892862956
71.3399984920397 0.32685546875
71.344998491928 0.326244862874349
71.3499984918162 0.32952127456665
71.3549984917045 0.346412340799967
71.3599984915927 0.354616864522298
71.3649984914809 0.356202824910482
71.3699984913692 0.35658909479777
71.3749984912574 0.346893405914307
71.3799984911457 0.338106791178385
71.3849984910339 0.332218456268311
71.3899984909222 0.330220286051432
71.3949984908104 0.338823636372884
71.3999984906986 0.349974981943766
71.4049984905869 0.34652738571167
71.4099984904751 0.352124214172363
71.4149984903634 0.351534112294515
71.4199984902516 0.340096918741862
71.4249984901398 0.329936790466309
71.4299984900281 0.320132859547933
71.4349984899163 0.315565427144368
71.4399984898046 0.313382307688395
71.4449984896928 0.313154888153076
71.449998489581 0.316487916310628
71.4549984894693 0.326490084330241
71.4599984893575 0.340464687347412
71.4649984892458 0.351422691345215
71.469998489134 0.354239368438721
71.4749984890223 0.357838503519694
71.4799984889105 0.362378311157227
71.4849984887987 0.353120867411296
71.489998488687 0.338434314727783
71.4949984885752 0.332766087849935
71.4999984884635 0.336823240915934
71.5049984883517 0.340992736816406
71.5099984882399 0.338689772288005
71.5149984881282 0.339403533935547
71.5199984880164 0.348338349660238
71.5249984879047 0.347011280059814
71.5299984877929 0.341695181528727
71.5349984876812 0.335379314422607
71.5399984875694 0.336792119344076
71.5449984874576 0.332056299845378
71.5499984873459 0.328652699788411
71.5549984872341 0.322492535909017
71.5599984871224 0.334579658508301
71.5649984870106 0.332990741729736
71.5699984868988 0.32680934270223
71.5749984867871 0.32278683980306
71.5799984866753 0.323695151011149
71.5849984865636 0.330904134114583
71.5899984864518 0.331294314066569
71.59499848634 0.325037066141764
71.5999984862283 0.320776081085205
71.6049984861165 0.325525538126628
71.6099984860048 0.336051368713379
71.614998485893 0.341762892405192
71.6199984857813 0.352020581563314
71.6249984856695 0.346861616770426
71.6299984855577 0.344185860951742
71.634998485446 0.330507818857829
71.6399984853342 0.330931345621745
71.6449984852225 0.340267848968506
71.6499984851107 0.340450032552083
71.6549984849989 0.338852723439534
71.6599984848872 0.336092885335286
71.6649984847754 0.338721879323324
71.6699984846637 0.347555065155029
71.6749984845519 0.346027342478434
71.6799984844401 0.340320269266764
71.6849984843284 0.329225667317708
71.6899984842166 0.323047192891439
71.6949984841049 0.321818574269613
71.6999984839931 0.319175974527995
71.7049984838814 0.31992130279541
71.7099984837696 0.320290819803874
71.7149984836578 0.324538993835449
71.7199984835461 0.334497706095378
71.7249984834343 0.343029912312826
71.7299984833226 0.343463071187337
71.7349984832108 0.336694939931234
71.739998483099 0.332245508829753
71.7449984829873 0.32718448638916
71.7499984828755 0.329279041290283
71.7549984827638 0.334090614318848
71.759998482652 0.336851278940837
71.7649984825403 0.340843645731608
71.7699984824285 0.339281400044759
71.7749984823167 0.343373775482178
71.779998482205 0.347190157572428
71.7849984820932 0.35601069132487
71.7899984819815 0.355218760172526
71.7949984818697 0.345858510335286
71.7999984817579 0.338897832234701
71.8049984816462 0.338558578491211
71.8099984815344 0.338847255706787
71.8149984814227 0.333209037780762
71.8199984813109 0.320605150858561
71.8249984811991 0.32022590637207
71.8299984810874 0.325886472066243
71.8349984809756 0.32757740020752
71.8399984808639 0.321267255147298
71.8449984807521 0.306883430480957
71.8499984806404 0.306631437937419
71.8549984805286 0.315485223134359
71.8599984804168 0.317419115702311
71.8649984803051 0.32905445098877
71.8699984801933 0.330482069651286
71.8749984800816 0.335591665903727
71.8799984799698 0.340738582611084
71.884998479858 0.336845207214355
71.8899984797463 0.334544308980306
71.8949984796345 0.340030924479167
71.8999984795228 0.341548379262288
71.904998479411 0.342858123779297
71.9099984792992 0.331243069966634
71.9149984791875 0.330424308776855
71.9199984790757 0.332196648915609
71.924998478964 0.335856596628825
71.9299984788522 0.333590284983317
71.9349984787405 0.327253150939941
71.9399984786287 0.329335562388102
71.9449984785169 0.333918190002441
71.9499984784052 0.342985089619954
71.9549984782934 0.356129773457845
71.9599984781817 0.359098752339681
71.9649984780699 0.352898438771566
71.9699984779581 0.345122814178467
71.9749984778464 0.342557239532471
71.9799984777346 0.342429796854655
71.9849984776229 0.339266586303711
71.9899984775111 0.334811560312907
71.9949984773993 0.336042467753092
71.9999984772876 0.335181999206543
72.0049984771758 0.331422932942708
72.0099984770641 0.319321314493815
72.0149984769523 0.324824142456055
72.0199984768406 0.324186452229818
72.0249984767288 0.31877597173055
72.029998476617 0.313006846110026
72.0349984765053 0.304986953735352
72.0399984763935 0.317329915364583
72.0449984762818 0.324534034729004
72.04999847617 0.329898452758789
72.0549984760582 0.332919565836589
72.0599984759465 0.334597047170003
72.0649984758347 0.333727836608887
72.069998475723 0.336561552683512
72.0749984756112 0.337106068929036
72.0799984754995 0.341681162516276
72.0849984753877 0.345300674438477
72.0899984752759 0.347022533416748
72.0949984751642 0.354541174570719
72.0999984750524 0.357178433736165
72.1049984749407 0.359453837076823
72.1099984748289 0.348350238800049
72.1149984747171 0.343002700805664
72.1199984746054 0.334459813435872
72.1249984744936 0.324026425679525
72.1299984743819 0.330735079447428
72.1349984742701 0.332267983754476
72.1399984741583 0.335382684071859
72.1449984740466 0.33478307723999
72.1499984739348 0.328386274973551
72.1549984738231 0.328133201599121
72.1599984737113 0.326167265574137
72.1649984735996 0.317613442738851
72.1699984734878 0.330985641479492
72.174998473376 0.331171321868896
72.1799984732643 0.341934617360433
72.1849984731525 0.343700440724691
72.1899984730408 0.345245933532715
72.194998472929 0.339536921183268
72.1999984728172 0.332140890757243
72.2049984727055 0.331674575805664
72.2099984725937 0.32827533086141
72.214998472482 0.331301434834798
72.2199984723702 0.325158246358236
72.2249984722584 0.32202107111613
72.2299984721467 0.321758842468262
72.2349984720349 0.311441294352214
72.2399984719232 0.311971441904704
72.2449984718114 0.318641408284505
72.2499984716997 0.323003164927165
72.2549984715879 0.323552385965983
72.2599984714761 0.31181116104126
72.2649984713644 0.302296574910482
72.2699984712526 0.308189074198405
72.2749984711409 0.31594295501709
72.2799984710291 0.318071301778158
72.2849984709173 0.325969346364339
72.2899984708056 0.317672189076742
72.2949984706938 0.319768333435059
72.2999984705821 0.317041238149007
72.3049984704703 0.315440305074056
72.3099984703586 0.325607840220133
72.3149984702468 0.331975332895915
72.319998470135 0.332269605000814
72.3249984700233 0.323732948303223
72.3299984699115 0.320532862345378
72.3349984697998 0.323081080118815
72.339998469688 0.326737340291341
72.3449984695762 0.320604228973389
72.3499984694645 0.30847536722819
72.3549984693527 0.310201676686605
72.359998469241 0.313540999094645
72.3649984691292 0.316278457641602
72.3699984690174 0.315578842163086
72.3749984689057 0.314713986714681
72.3799984687939 0.323054377237956
72.3849984686822 0.329545434315999
72.3899984685704 0.334095033009847
72.3949984684587 0.335750102996826
72.3999984683469 0.340902551015218
72.4049984682351 0.338397693634033
72.4099984681234 0.341515064239502
72.4149984680116 0.330041821797689
72.4199984678999 0.321774419148763
72.4249984677881 0.318796062469482
72.4299984676763 0.315552266438802
72.4349984675646 0.324440765380859
72.4399984674528 0.323060448964437
72.4449984673411 0.324550310770671
72.4499984672293 0.318372249603271
72.4549984671175 0.31097993850708
72.4599984670058 0.313780625661214
72.464998466894 0.324304389953613
72.4699984667823 0.337984625498454
72.4749984666705 0.340581862131755
72.4799984665588 0.343944104512533
72.484998466447 0.340851879119873
72.4899984663352 0.335590426127116
72.4949984662235 0.328573894500732
72.4999984661117 0.32084690729777
72.504998466 0.319069735209147
72.5099984658882 0.322263526916504
72.5149984657764 0.321100171407064
72.5199984656647 0.329461606343587
72.5249984655529 0.326812362670898
72.5299984654412 0.331189600626628
72.5349984653294 0.334728654225667
72.5399984652177 0.340327008565267
72.5449984651059 0.328021558125814
72.5499984649941 0.321205425262451
72.5549984648824 0.312929280598958
72.5599984647706 0.315021292368571
72.5649984646589 0.316915353139242
72.5699984645471 0.318725903828939
72.5749984644353 0.333008702596029
72.5799984643236 0.348408889770508
72.5849984642118 0.352197933197021
72.5899984641001 0.348196379343669
72.5949984639883 0.344890371958415
72.5999984638765 0.329349994659424
72.6049984637648 0.330511411031087
72.609998463653 0.324329503377279
72.6149984635413 0.330072975158691
72.6199984634295 0.332988166809082
72.6249984633178 0.329286130269368
72.629998463206 0.326949787139893
72.6349984630942 0.3260285059611
72.6399984629825 0.331882890065511
72.6449984628707 0.330942567189535
72.649998462759 0.332221921284994
72.6549984626472 0.333848063151042
72.6599984625354 0.337246576944987
72.6649984624237 0.341705226898193
72.6699984623119 0.348800945281982
72.6749984622002 0.349866676330566
72.6799984620884 0.347756926218669
72.6849984619766 0.349825350443522
72.6899984618649 0.352368863423665
72.6949984617531 0.351529534657796
72.6999984616414 0.347039127349854
72.7049984615296 0.339445654551188
72.7099984614179 0.337395572662354
72.7149984613061 0.331714502970378
72.7199984611943 0.323239167531331
72.7249984610826 0.325963973999023
72.7299984609708 0.34718755086263
72.7349984608591 0.360986010233561
72.7399984607473 0.367020734151204
72.7449984606355 0.356489340464274
72.7499984605238 0.341631317138672
72.754998460412 0.327986590067546
72.7599984603003 0.316138553619385
72.7649984601885 0.317173131306966
72.7699984600767 0.321001879374186
72.774998459965 0.324196338653564
72.7799984598532 0.321061706542969
72.7849984597415 0.319333934783936
72.7899984596297 0.323794492085775
72.794998459518 0.333923848470052
72.7999984594062 0.337649345397949
72.8049984592944 0.334819920857747
72.8099984591827 0.33525021870931
72.8149984590709 0.338073984781901
72.8199984589592 0.341205183664958
72.8249984588474 0.333378378550212
72.8299984587356 0.320709800720215
72.8349984586239 0.324619420369466
72.8399984585121 0.327991898854574
72.8449984584004 0.328110758463542
72.8499984582886 0.313892904917399
72.8549984581769 0.309991296132406
72.8599984580651 0.314483547210693
72.8649984579533 0.325116157531738
72.8699984578416 0.327275244394938
72.8749984577298 0.333038202921549
72.8799984576181 0.336736996968587
72.8849984575063 0.337215582529704
72.8899984573945 0.339141019185384
72.8949984572828 0.33865909576416
72.899998457171 0.350923856099447
72.9049984570593 0.351671409606934
72.9099984569475 0.356496079762777
72.9149984568357 0.353540325164795
72.919998456724 0.349626668294271
72.9249984566122 0.338825098673503
72.9299984565005 0.330572477976481
72.9349984563887 0.320727252960205
72.939998456277 0.331130981445313
72.9449984561652 0.329870859781901
72.9499984560534 0.339121500651042
72.9549984559417 0.330483341217041
72.9599984558299 0.321560509999593
72.9649984557182 0.322583897908529
72.9699984556064 0.319153340657552
72.9749984554946 0.314353942871094
72.9799984553829 0.314024670918783
72.9849984552711 0.301646995544434
72.9899984551594 0.303815778096517
72.9949984550476 0.297329394022624
72.9999984549358 0.297794500986735
73.0049984548241 0.302663485209147
73.0099984547123 0.309244346618652
73.0149984546006 0.318454392751058
73.0199984544888 0.322071266174316
73.0249984543771 0.318411000569661
73.0299984542653 0.323826440175374
73.0349984541535 0.332661724090576
73.0399984540418 0.335724544525147
73.04499845393 0.333858489990234
73.0499984538183 0.317215506235758
73.0549984537065 0.316980457305908
73.0599984535947 0.311397520701091
73.064998453483 0.3098570505778
73.0699984533712 0.316298453013102
73.0749984532595 0.326511096954346
73.0799984531477 0.330403359731038
73.084998453036 0.340003458658854
73.0899984529242 0.329473908742269
73.0949984528124 0.332081031799316
73.0999984527007 0.32546017964681
73.1049984525889 0.319610182444255
73.1099984524772 0.312121041615804
73.1149984523654 0.318164221445719
73.1199984522536 0.31552619934082
73.1249984521419 0.31812219619751
73.1299984520301 0.316043980916341
73.1349984519184 0.310074742635091
73.1399984518066 0.313108921051025
73.1449984516948 0.311181513468424
73.1499984515831 0.311143525441488
73.1549984514713 0.309162902832031
73.1599984513596 0.29712298711141
73.1649984512478 0.29736369450887
73.1699984511361 0.303996976216634
73.1749984510243 0.321379152933757
73.1799984509125 0.3288543065389
73.1849984508008 0.336707369486491
73.189998450689 0.336307207743327
73.1949984505773 0.34116055170695
73.1999984504655 0.343313058217367
73.2049984503537 0.332076009114583
73.209998450242 0.324900881449382
73.2149984501302 0.326194381713867
73.2199984500185 0.321514161427816
73.2249984499067 0.314820194244385
73.2299984497949 0.311833349863688
73.2349984496832 0.306642023722331
73.2399984495714 0.318743228912354
73.2449984494597 0.312029902140299
73.2499984493479 0.309148534138997
73.2549984492362 0.301293277740479
73.2599984491244 0.302713871002197
73.2649984490126 0.313357162475586
73.2699984489009 0.320546181996663
73.2749984487891 0.331749788920085
73.2799984486774 0.325972112019857
73.2849984485656 0.323885599772135
73.2899984484538 0.321531709035238
73.2949984483421 0.321998818715413
73.2999984482303 0.32720406850179
73.3049984481186 0.327538967132568
73.3099984480068 0.341126982371012
73.3149984478951 0.340196990966797
73.3199984477833 0.336359469095866
73.3249984476715 0.330793190002441
73.3299984475598 0.327907657623291
73.334998447448 0.326670042673747
73.3399984473363 0.329672050476074
73.3449984472245 0.323019981384277
73.3499984471127 0.319979953765869
73.354998447001 0.312405014038086
73.3599984468892 0.314651362101237
73.3649984467775 0.31994587580363
73.3699984466657 0.314187049865723
73.3749984465539 0.312632465362549
73.3799984464422 0.304616928100586
73.3849984463304 0.306219005584717
73.3899984462187 0.303302637736003
73.3949984461069 0.311024951934814
73.3999984459952 0.311930497487386
73.4049984458834 0.311614513397217
73.4099984457716 0.317105102539062
73.4149984456599 0.317324606577555
73.4199984455481 0.315469137827555
73.4249984454364 0.308093865712484
73.4299984453246 0.292880662282308
73.4349984452128 0.289381313323975
73.4399984451011 0.291664250691732
73.4449984449893 0.293931484222412
73.4499984448776 0.310644658406576
73.4549984447658 0.317925643920898
73.459998444654 0.325543244679769
73.4649984445423 0.317103830973307
73.4699984444305 0.318949317932129
73.4749984443188 0.322766717274984
73.479998444207 0.322258949279785
73.4849984440953 0.328147443135579
73.4899984439835 0.326331774393717
73.4949984438717 0.32358668645223
73.49999844376 0.323758411407471
73.5049984436482 0.318112595876058
73.5099984435365 0.315903123219808
73.5149984434247 0.314144229888916
73.5199984433129 0.310165564219157
73.5249984432012 0.312356026967367
73.5299984430894 0.311787128448486
73.5349984429777 0.310426775614421
73.5399984428659 0.311978435516357
73.5449984427541 0.310895856221517
73.5499984426424 0.309843858083089
73.5549984425306 0.314854017893473
73.5599984424189 0.311995347340902
73.5649984423071 0.317264747619629
73.5699984421954 0.321348794301351
73.5749984420836 0.3219651222229
73.5799984419718 0.31066780090332
73.5849984418601 0.30805492401123
73.5899984417483 0.306917031606038
73.5949984416366 0.319521522521973
73.5999984415248 0.320757929484049
73.604998441413 0.333267656962077
73.6099984413013 0.329270076751709
73.6149984411895 0.336657492319743
73.6199984410778 0.334141031901042
73.624998440966 0.324143759409587
73.6299984408543 0.30753386815389
73.6349984407425 0.302144432067871
73.6399984406307 0.296100680033366
73.644998440519 0.303215471903483
73.6499984404072 0.303691736857096
73.6549984402955 0.299598630269369
73.6599984401837 0.30719633102417
73.6649984400719 0.313531144460042
73.6699984399602 0.329516792297363
73.6749984398484 0.334338061014811
73.6799984397367 0.342875576019287
73.6849984396249 0.339306799570719
73.6899984395131 0.332326507568359
73.6949984394014 0.319323348999023
73.6999984392896 0.311517143249512
73.7049984391779 0.309553813934326
73.7099984390661 0.312016518910726
73.7149984389544 0.313623205820719
73.7199984388426 0.302715237935384
73.7249984387308 0.303141721089681
73.7299984386191 0.305169200897217
73.7349984385073 0.312153911590576
73.7399984383956 0.315248203277588
73.7449984382838 0.312422625223796
73.749998438172 0.308803494771322
73.7549984380603 0.317344792683919
73.7599984379485 0.309845193227132
73.7649984378368 0.317474142710368
73.769998437725 0.320370197296143
73.7749984376132 0.332343101501465
73.7799984375015 0.33627716700236
73.7849984373897 0.338285032908122
73.789998437278 0.338029289245605
73.7949984371662 0.334229246775309
73.7999984370545 0.331588776906331
73.8049984369427 0.331182225545247
73.8099984368309 0.346217854817708
73.8149984367192 0.351251379648844
73.8199984366074 0.353031539916992
73.8249984364957 0.351411946614583
73.8299984363839 0.342097981770833
73.8349984362721 0.340898354848226
73.8399984361604 0.344552516937256
73.8449984360486 0.349579493204753
73.8499984359369 0.352720801035563
73.8549984358251 0.34245138168335
73.8599984357134 0.336327075958252
73.8649984356016 0.332881927490234
73.8699984354898 0.331158796946208
73.8749984353781 0.326272360483805
73.8799984352663 0.320282046000163
73.8849984351546 0.331870460510254
73.8899984350428 0.330505625406901
73.894998434931 0.331622982025147
73.8999984348193 0.32489382425944
73.9049984347075 0.31756960550944
73.9099984345958 0.309530035654704
73.914998434484 0.304734579722087
73.9199984343722 0.305467923482259
73.9249984342605 0.308956400553385
73.9299984341487 0.311041450500488
73.934998434037 0.310395622253418
73.9399984339252 0.313812637329102
73.9449984338135 0.327719306945801
73.9499984337017 0.328401565551758
73.9549984335899 0.337826347351074
73.9599984334782 0.344185066223145
73.9649984333664 0.350972398122152
73.9699984332547 0.356364885965983
73.9749984331429 0.342282740275065
73.9799984330311 0.333868153889974
73.9849984329194 0.324412981669108
73.9899984328076 0.327497100830078
73.9949984326959 0.334113661448161
73.9999984325841 0.338573773701986
74.0049984324723 0.341194947560628
74.0099984323606 0.348556423187256
74.0149984322488 0.366993427276611
74.0199984321371 0.373285230000814
74.0249984320253 0.373631381988525
74.0299984319136 0.36727876663208
74.0349984318018 0.362261708577474
74.03999843169 0.372987810770671
74.0449984315783 0.367804495493571
74.0499984314665 0.361888917287191
74.0549984313548 0.35565923055013
74.059998431243 0.344366677602132
74.0649984311312 0.342739232381185
74.0699984310195 0.342357730865478
74.0749984309077 0.341192690531413
74.079998430796 0.337769508361816
74.0849984306842 0.338233788808187
74.0899984305725 0.338032150268555
74.0949984304607 0.337738355000814
74.0999984303489 0.338633314768473
74.1049984302372 0.340910530090332
74.1099984301254 0.337715307871501
74.1149984300137 0.345314184824626
74.1199984299019 0.358086236317953
74.1249984297901 0.369393380482992
74.1299984296784 0.372800477345785
74.1349984295666 0.375738525390625
74.1399984294549 0.368850485483805
74.1449984293431 0.363071219126383
74.1499984292313 0.354165935516357
74.1549984291196 0.341046237945557
74.1599984290078 0.334138552347819
74.1649984288961 0.340404637654622
74.1699984287843 0.347994263966878
74.1749984286726 0.35576753616333
74.1799984285608 0.348398812611898
74.184998428449 0.345238018035889
74.1899984283373 0.35514612197876
74.1949984282255 0.367248312632243
74.1999984281138 0.380195903778076
74.204998428002 0.387262948354085
74.2099984278902 0.401001707712809
74.2149984277785 0.405276107788086
74.2199984276667 0.40880651473999
74.224998427555 0.405485375722249
74.2299984274432 0.396948369344076
74.2349984273314 0.395644060770671
74.2399984272197 0.396354516347249
74.2449984271079 0.400081602732341
74.2499984269962 0.411365509033203
74.2549984268844 0.401702308654785
74.2599984267727 0.402048905690511
74.2649984266609 0.403758017222087
74.2699984265491 0.4028107325236
74.2749984264374 0.400165017445882
74.2799984263256 0.383799997965495
74.2849984262139 0.385457483927409
74.2899984261021 0.396376323699951
74.2949984259903 0.407064660390218
74.2999984258786 0.411714744567871
74.3049984257668 0.409969965616862
74.3099984256551 0.419537862141927
74.3149984255433 0.42308235168457
74.3199984254316 0.430987358093262
74.3249984253198 0.449152215321859
74.329998425208 0.461079470316569
74.3349984250963 0.483011023203532
74.3399984249845 0.498411305745443
74.3449984248728 0.499441687266032
74.349998424761 0.502629216512044
74.3549984246492 0.499801063537598
74.3599984245375 0.508876673380534
74.3649984244257 0.510122680664063
74.369998424314 0.507484181722005
74.3749984242022 0.504062875111898
74.3799984240904 0.508316294352214
74.3849984239787 0.523259830474853
74.3899984238669 0.541597938537598
74.3949984237552 0.552525838216146
74.3999984236434 0.566483561197917
74.4049984235317 0.578341484069824
74.4099984234199 0.586699930826823
74.4149984233081 0.601519012451172
74.4199984231964 0.599647267659505
74.4249984230846 0.613928349812826
74.4299984229729 0.623804601033529
74.4349984228611 0.619292640686035
74.4399984227493 0.623124694824219
74.4449984226376 0.622165489196777
74.4499984225258 0.643579610188802
74.4549984224141 0.664216232299805
74.4599984223023 0.684699694315592
74.4649984221905 0.710632133483887
74.4699984220788 0.736044057210286
74.474998421967 0.757698758443197
74.4799984218553 0.76587766011556
74.4849984217435 0.759691683451335
74.4899984216318 0.757604726155599
74.49499842152 0.771563593546549
74.4999984214082 0.800584093729655
74.5049984212965 0.81185785929362
74.5099984211847 0.806174341837565
74.514998421073 0.815524927775065
74.5199984209612 0.821732266743978
74.5249984208494 0.835998853047689
74.5299984207377 0.86175594329834
74.5349984206259 0.865775426228841
74.5399984205142 0.875038019816081
74.5449984204024 0.882364145914714
74.5499984202906 0.893892288208008
74.5549984201789 0.908024152119954
74.5599984200671 0.917121950785319
74.5649984199554 0.912841606140137
74.5699984198436 0.915630213419596
74.5749984197319 0.925026575724284
74.5799984196201 0.920304679870605
74.5849984195083 0.926210339864095
74.5899984193966 0.927277692159017
74.5949984192848 0.93489933013916
74.5999984191731 0.919278653462728
74.6049984190613 0.907676951090495
74.6099984189495 0.893832588195801
74.6149984188378 0.909598223368327
74.619998418726 0.92231273651123
74.6249984186143 0.914206059773763
74.6299984185025 0.902221743265788
74.6349984183908 0.907557932535807
74.639998418279 0.930031267801921
74.6449984181672 0.936548614501953
74.6499984180555 0.935034497578939
74.6549984179437 0.931270472208659
74.659998417832 0.922742335001628
74.6649984177202 0.927570152282715
74.6699984176084 0.900126520792643
74.6749984174967 0.894592984517415
74.6799984173849 0.891241010030111
74.6849984172732 0.901675605773926
74.6899984171614 0.880213673909505
74.6949984170496 0.862097613016764
74.6999984169379 0.845252672831217
74.7049984168261 0.842335319519043
74.7099984167144 0.852843983968099
74.7149984166026 0.833907381693522
74.7199984164909 0.826534843444824
74.7249984163791 0.804222106933594
74.7299984162673 0.812728563944499
74.7349984161556 0.811465390523275
74.7399984160438 0.812901878356934
74.7449984159321 0.811811828613281
74.7499984158203 0.800162887573242
74.7549984157085 0.786526807149251
74.7599984155968 0.775421524047852
74.764998415485 0.752434349060059
74.7699984153733 0.762198575337728
74.7749984152615 0.771772766113281
74.7799984151497 0.757469113667806
74.784998415038 0.767544682820638
74.7899984149262 0.739278221130371
74.7949984148145 0.736275990804037
74.7999984147027 0.712500826517741
74.804998414591 0.70152956644694
74.8099984144792 0.701861381530762
74.8149984143674 0.700785764058431
74.8199984142557 0.694009780883789
74.8249984141439 0.679547119140625
74.8299984140322 0.670802370707194
74.8349984139204 0.679552523295085
74.8399984138086 0.685480753580729
74.8449984136969 0.685770543416341
74.8499984135851 0.675408299763997
74.8549984134734 0.673648643493652
74.8599984133616 0.668326695760091
74.8649984132499 0.66674264272054
74.8699984131381 0.65978266398112
74.8749984130263 0.649307950337728
74.8799984129146 0.627854855855306
74.8849984128028 0.611749458312988
74.8899984126911 0.595578829447428
74.8949984125793 0.584017562866211
74.8999984124675 0.585693486531575
74.9049984123558 0.576146380106608
74.909998412244 0.560410181681315
74.9149984121323 0.53457571665446
74.9199984120205 0.516785271962484
74.9249984119087 0.515192635854085
74.929998411797 0.513630962371826
74.9349984116852 0.51806468963623
74.9399984115735 0.521298980712891
74.9449984114617 0.51876843770345
74.94999841135 0.514015324910482
74.9549984112382 0.501890118916829
74.9599984111264 0.499079004923503
74.9649984110147 0.501305103302002
74.9699984109029 0.501613585154216
74.9749984107912 0.493269475301107
74.9799984106794 0.488788827260335
74.9849984105676 0.473094749450684
74.9899984104559 0.472322463989258
74.9949984103441 0.461882813771566
74.9999984102324 0.457389672597249
75.0049984101206 0.456488927205404
75.0099984100088 0.455905787150065
75.0149984098971 0.440928904215495
75.0199984097853 0.424196783701579
75.0249984096736 0.416059939066569
75.0299984095618 0.405061785380046
75.0349984094501 0.407988675435384
75.0399984093383 0.397558784484863
75.0449984092265 0.404869079589844
75.0499984091148 0.414367071787516
75.054998409003 0.418705209096273
75.0599984088913 0.418755753835042
75.0649984087795 0.414653237660726
75.0699984086677 0.406978416442871
75.074998408556 0.399184703826904
75.0799984084442 0.394635740915934
75.0849984083325 0.395821571350098
75.0899984082207 0.391839186350505
75.094998408109 0.396242904663086
75.0999984079972 0.387371953328451
75.1049984078854 0.38395627339681
75.1099984077737 0.380262279510498
75.1149984076619 0.376174163818359
75.1199984075502 0.378417142232259
75.1249984074384 0.385724004109701
75.1299984073266 0.384730943044027
75.1349984072149 0.396948337554932
75.1399984071031 0.393987909952799
75.1449984069914 0.392225201924642
75.1499984068796 0.394208304087321
75.1549984067678 0.383713150024414
75.1599984066561 0.376595751444499
75.1649984065443 0.377914524078369
75.1699984064326 0.37034699122111
75.1749984063208 0.370588334401449
75.1799984062091 0.371335983276367
75.1849984060973 0.365238507588704
75.1899984059855 0.378648312886556
75.1949984058738 0.382327238718669
75.199998405762 0.382934093475342
75.2049984056503 0.382001749674479
75.2099984055385 0.376672013600667
75.2149984054267 0.377383550008138
75.219998405315 0.380200894673665
75.2249984052032 0.393442376454671
75.2299984050915 0.384102821350098
75.2349984049797 0.38445987701416
75.2399984048679 0.372620900472005
75.2449984047562 0.37129815419515
75.2499984046444 0.371389643351237
75.2549984045327 0.371896107991536
75.2599984044209 0.369067891438802
75.2649984043092 0.369489510854085
75.2699984041974 0.368264516194661
75.2749984040856 0.367291927337646
75.2799984039739 0.366114584604899
75.2849984038621 0.36902977625529
75.2899984037504 0.369301732381185
75.2949984036386 0.361872927347819
75.2999984035268 0.35471986134847
75.3049984034151 0.354071489969889
75.3099984033033 0.358441225687663
75.3149984031916 0.359012254079183
75.3199984030798 0.358814970652262
75.324998402968 0.365542602539063
75.3299984028563 0.372844441731771
75.3349984027445 0.377151107788086
75.3399984026328 0.370564206441243
75.344998402521 0.372217845916748
75.3499984024093 0.377973397572835
75.3549984022975 0.3731902440389
75.3599984021857 0.352515411376953
75.364998402074 0.335864766438802
75.3699984019622 0.340657329559326
75.3749984018505 0.350457890828451
75.3799984017387 0.36065928141276
75.3849984016269 0.37010170618693
75.3899984015152 0.373552417755127
75.3949984014034 0.380063406626383
75.3999984012917 0.378934065500895
75.4049984011799 0.369455083211263
75.4099984010682 0.365263080596924
75.4149984009564 0.360663000742594
75.4199984008446 0.357891623179118
75.4249984007329 0.356609090169271
75.4299984006211 0.363531621297201
75.4349984005094 0.367815176645915
75.4399984003976 0.361771615346273
75.4449984002858 0.353231302897135
75.4499984001741 0.333368492126465
75.4549984000623 0.334665489196777
75.4599983999506 0.338532320658366
75.4649983998388 0.346431795756022
75.469998399727 0.342143694559733
75.4749983996153 0.344222704569499
75.4799983995035 0.340732065836589
75.4849983993918 0.351788234710693
75.48999839928 0.345558961232503
75.4949983991683 0.353661918640137
75.4999983990565 0.354333686828613
75.5049983989447 0.353577899932861
75.509998398833 0.355982653299967
75.5149983987212 0.364441299438477
75.5199983986095 0.366977214813232
75.5249983984977 0.355828189849854
75.5299983983859 0.357989088694255
75.5349983982742 0.354492219289144
75.5399983981624 0.356483173370361
75.5449983980507 0.349815813700358
75.5499983979389 0.344434706370036
75.5549983978271 0.337840302785238
75.5599983977154 0.334116649627686
75.5649983976036 0.332806428273519
75.5699983974919 0.332675933837891
75.5749983973801 0.34308926264445
75.5799983972684 0.337642478942871
75.5849983971566 0.340527884165446
75.5899983970448 0.343712329864502
75.5949983969331 0.337186113993327
75.5999983968213 0.338989607493083
75.6049983967096 0.342455164591471
75.6099983965978 0.339144706726074
75.614998396486 0.340416781107585
75.6199983963743 0.349692726135254
75.6249983962625 0.359222284952799
75.6299983961508 0.37089376449585
75.634998396039 0.38445463180542
75.6399983959273 0.383863131205241
75.6449983958155 0.373468526204427
75.6499983957037 0.361055088043213
75.654998395592 0.347448952992757
75.6599983954802 0.353746159871419
75.6649983953685 0.355110136667887
75.6699983952567 0.363019371032715
75.6749983951449 0.367399311065674
75.6799983950332 0.365702756245931
75.6849983949214 0.369943491617839
75.6899983948097 0.357357279459635
75.6949983946979 0.356545829772949
75.6999983945861 0.350883007049561
75.7049983944744 0.339184029897054
75.7099983943626 0.318988704681397
75.7149983942509 0.325596714019775
75.7199983941391 0.331036504109701
75.7249983940274 0.331457042694092
75.7299983939156 0.334265168507894
75.7349983938038 0.322693220774333
75.7399983936921 0.343171660105387
75.7449983935803 0.351794211069743
75.7499983934686 0.356692250569661
75.7549983933568 0.360430558522542
75.759998393245 0.356958262125651
75.7649983931333 0.36848996480306
75.7699983930215 0.365591398874919
75.7749983929098 0.363156318664551
75.779998392798 0.365826416015625
75.7849983926862 0.355746587117513
75.7899983925745 0.343706194559733
75.7949983924627 0.343185329437256
75.799998392351 0.352336692810059
75.8049983922392 0.362162240346273
75.8099983921275 0.378563531239828
75.8149983920157 0.367880090077718
75.8199983919039 0.352765496571859
75.8249983917922 0.332304668426514
75.8299983916804 0.337090555826823
75.8349983915687 0.347528076171875
75.8399983914569 0.35352102915446
75.8449983913451 0.347434171040853
75.8499983912334 0.341234652201335
75.8549983911216 0.336194928487142
75.8599983910099 0.337519772847494
75.8649983908981 0.332131512959798
75.8699983907864 0.328444385528564
75.8749983906746 0.335355186462402
75.8799983905628 0.341700839996338
75.8849983904511 0.354098796844482
75.8899983903393 0.35591869354248
75.8949983902276 0.363884417215983
75.8999983901158 0.350634670257568
75.904998390004 0.353598340352376
75.9099983898923 0.361232089996338
75.9149983897805 0.357084242502848
75.9199983896688 0.351646900177002
75.924998389557 0.330082988739014
75.9299983894452 0.324407609303792
75.9349983893335 0.330597146352132
75.9399983892217 0.340905475616455
75.94499838911 0.331781641642253
75.9499983889982 0.326743443806966
75.9549983888865 0.335169537862142
75.9599983887747 0.350514729817708
75.9649983886629 0.349296315511068
75.9699983885512 0.344045384724935
75.9749983884394 0.332950210571289
75.9799983883277 0.330311489105225
75.9849983882159 0.339409446716309
75.9899983881041 0.334078598022461
75.9949983879924 0.334685166676839
75.9999983878806 0.336094570159912
76.0049983877689 0.332567056020101
76.0099983876571 0.337782605489095
76.0149983875453 0.335053602854411
76.0199983874336 0.327674229939779
76.0249983873218 0.330825583140055
76.0299983872101 0.328980255126953
76.0349983870983 0.343688742319743
76.0399983869866 0.33852497736613
76.0449983868748 0.331857299804687
76.049998386763 0.337954107920329
76.0549983866513 0.338150024414063
76.0599983865395 0.342602507273356
76.0649983864278 0.335843658447266
76.069998386316 0.323007520039876
76.0749983862042 0.314295705159505
76.0799983860925 0.317863210042318
76.0849983859807 0.316993681589762
76.089998385869 0.333858648935954
76.0949983857572 0.347011693318685
76.0999983856454 0.350564257303874
76.1049983855337 0.338115310668945
76.1099983854219 0.318900871276855
76.1149983853102 0.310712846120199
76.1199983851984 0.316063817342122
76.1249983850867 0.330419222513835
76.1299983849749 0.342383257548014
76.1349983848631 0.345624796549479
76.1399983847514 0.348980744679769
76.1449983846396 0.356185722351074
76.1499983845279 0.367019557952881
76.1549983844161 0.360681088765462
76.1599983843043 0.349457836151123
76.1649983841926 0.337351894378662
76.1699983840808 0.333766142527262
76.1749983839691 0.338775539398193
76.1799983838573 0.332275835673014
76.1849983837456 0.324336115519206
76.1899983836338 0.334605089823405
76.194998383522 0.343286101023356
76.1999983834103 0.347590732574463
76.2049983832985 0.343036969502767
76.2099983831868 0.344032923380534
76.214998383075 0.346296628316243
76.2199983829632 0.351193968454997
76.2249983828515 0.351245435078939
76.2299983827397 0.341808605194092
76.234998382628 0.339826583862305
76.2399983825162 0.344133631388346
76.2449983824044 0.340256023406982
76.2499983822927 0.338158543904622
76.2549983821809 0.327863883972168
76.2599983820692 0.322257709503174
76.2649983819574 0.321735095977783
76.2699983818457 0.334255917867025
76.2749983817339 0.339269574483236
76.2799983816221 0.346408526102702
76.2849983815104 0.346843655904134
76.2899983813986 0.350235462188721
76.2949983812869 0.349816131591797
76.2999983811751 0.34181604385376
76.3049983810633 0.34436944325765
76.3099983809516 0.349198786417643
76.3149983808398 0.348079935709635
76.3199983807281 0.356815306345622
76.3249983806163 0.346842193603516
76.3299983805045 0.33050012588501
76.3349983803928 0.326041507720947
76.339998380281 0.332108974456787
76.3449983801693 0.344868469238281
76.3499983800575 0.364652061462402
76.3549983799458 0.352036507924398
76.359998379834 0.349181334177653
76.3649983797222 0.337113761901855
76.3699983796105 0.335310395558675
76.3749983794987 0.331234423319499
76.379998379387 0.327575302124023
76.3849983792752 0.312133725484212
76.3899983791634 0.317013422648112
76.3949983790517 0.321733474731445
76.3999983789399 0.323441727956136
76.4049983788282 0.330051740010579
76.4099983787164 0.329745610555013
76.4149983786047 0.32875436147054
76.4199983784929 0.333411280314128
76.4249983783811 0.32980063756307
76.4299983782694 0.332829507191976
76.4349983781576 0.340220832824707
76.4399983780459 0.340540186564128
76.4449983779341 0.339922269185384
76.4499983778223 0.324756654103597
76.4549983777106 0.324713261922201
76.4599983775988 0.32253033320109
76.4649983774871 0.325016721089681
76.4699983773753 0.331605593363444
76.4749983772635 0.328714593251546
76.4799983771518 0.329098256429036
76.48499837704 0.334126567840576
76.4899983769283 0.344397576649984
76.4949983768165 0.343970362345378
76.4999983767048 0.339248657226563
76.504998376593 0.315245183308919
76.5099983764812 0.320153872172038
76.5149983763695 0.325349998474121
76.5199983762577 0.322830200195313
76.524998376146 0.317937056223551
76.5299983760342 0.315830516815186
76.5349983759224 0.315668042500814
76.5399983758107 0.32520071665446
76.5449983756989 0.33307212193807
76.5499983755872 0.338810888926188
76.5549983754754 0.356588713328044
76.5599983753636 0.352241738637288
76.5649983752519 0.351511096954346
76.5699983751401 0.352387237548828
76.5749983750284 0.351168092091878
76.5799983749166 0.343942960103353
76.5849983748049 0.337231763203939
76.5899983746931 0.347841612497965
76.5949983745813 0.358696460723877
76.5999983744696 0.350611209869385
76.6049983743578 0.346755441029867
76.6099983742461 0.331543191274007
76.6149983741343 0.327412001291911
76.6199983740225 0.313143634796143
76.6249983739108 0.313963413238525
76.629998373799 0.318587589263916
76.6349983736873 0.328231302897135
76.6399983735755 0.332742977142334
76.6449983734638 0.334010855356852
76.649998373352 0.33297004699707
76.6549983732402 0.338305632273356
76.6599983731285 0.337656021118164
76.6649983730167 0.338386249542236
76.669998372905 0.356282456715902
76.6749983727932 0.354869397481283
76.6799983726814 0.347556622823079
76.6849983725697 0.339039675394694
76.6899983724579 0.341592280069987
76.6949983723462 0.343294811248779
76.6999983722344 0.344499746958415
76.7049983721226 0.344241110483805
76.7099983720109 0.343649864196777
76.7149983718991 0.350274403889974
76.7199983717874 0.347097047170003
76.7249983716756 0.345440610249837
76.7299983715639 0.353527895609538
76.7349983714521 0.360996627807617
76.7399983713403 0.358125273386637
76.7449983712286 0.356275304158529
76.7499983711168 0.351626618703206
76.7549983710051 0.341127554575602
76.7599983708933 0.352454121907552
76.7649983707815 0.348064359029134
76.7699983706698 0.350029055277507
76.774998370558 0.347862656911214
76.7799983704463 0.338385009765625
76.7849983703345 0.348329099019368
76.7899983702227 0.361973094940186
76.794998370111 0.369644578297933
76.7999983699992 0.354450956980387
76.8049983698875 0.345053513844808
76.8099983697757 0.34551747639974
76.814998369664 0.344768333435059
76.8199983695522 0.348849232991536
76.8249983694404 0.327886772155762
76.8299983693287 0.327072111765544
76.8349983692169 0.321844577789307
76.8399983691052 0.316878128051758
76.8449983689934 0.316511472066243
76.8499983688816 0.329020977020264
76.8549983687699 0.345139185587565
76.8599983686581 0.356105422973633
76.8649983685464 0.359847036997477
76.8699983684346 0.358924961090088
76.8749983683228 0.362700494130452
76.8799983682111 0.366043122609456
76.8849983680993 0.364550304412842
76.8899983679876 0.360167185465495
76.8949983678758 0.352680269877116
76.8999983677641 0.350589942932129
76.9049983676523 0.346188418070475
76.9099983675405 0.338544623057048
76.9149983674288 0.331775569915772
76.919998367317 0.331415017445882
76.9249983672053 0.339586289723714
76.9299983670935 0.361504936218262
76.9349983669817 0.356343173980713
76.93999836687 0.352286688486735
76.9449983667582 0.353497695922852
76.9499983666465 0.344533189137777
76.9549983665347 0.347346083323161
76.959998366423 0.346141242980957
76.9649983663112 0.340137894948324
76.9699983661994 0.343385537465413
76.9749983660877 0.336248461405436
76.9799983659759 0.326502863566081
76.9849983658642 0.329637591044108
76.9899983657524 0.339790185292562
76.9949983656406 0.350363763173421
76.9999983655289 0.365970166524251
77.0049983654171 0.368946425120036
77.0099983653054 0.372951189676921
77.0149983651936 0.374600696563721
77.0199983650818 0.371813710530599
77.0249983649701 0.366085211435954
77.0299983648583 0.365558910369873
77.0349983647466 0.360164642333984
77.0399983646348 0.347629165649414
77.0449983645231 0.345056851704915
77.0499983644113 0.34967877070109
77.0549983642995 0.351661173502604
77.0599983641878 0.348203627268473
77.064998364076 0.341792456309001
77.0699983639643 0.350409603118896
77.0749983638525 0.347819455464681
77.0799983637407 0.343366209665934
77.084998363629 0.319248803456624
77.0899983635172 0.321927738189697
77.0949983634055 0.337974230448405
77.0999983632937 0.346146361033122
77.1049983631819 0.353061230977376
77.1099983630702 0.354381211598714
77.1149983629584 0.34927921295166
77.1199983628467 0.358541520436605
77.1249983627349 0.349510542551676
77.1299983626232 0.349551645914714
77.1349983625114 0.343819681803385
77.1399983623996 0.338365904490153
77.1449983622879 0.33554630279541
77.1499983621761 0.348278840382894
77.1549983620644 0.351038996378581
77.1599983619526 0.363088575998942
77.1649983618408 0.349525165557861
77.1699983617291 0.349467627207438
77.1749983616173 0.345027764638265
77.1799983615056 0.339954121907552
77.1849983613938 0.346979999542236
77.1899983612821 0.348000621795654
77.1949983611703 0.351425806681315
77.1999983610585 0.352173868815104
77.2049983609468 0.352232710520426
77.209998360835 0.362113952636719
77.2149983607233 0.351378790537516
77.2199983606115 0.353647549947103
77.2249983604997 0.341859722137451
77.229998360388 0.349294980367025
77.2349983602762 0.362011750539144
77.2399983601645 0.362698078155518
77.2449983600527 0.360545667012533
77.2499983599409 0.352024936676025
77.2549983598292 0.346349239349365
77.2599983597174 0.343439801534017
77.2649983596057 0.33844747543335
77.2699983594939 0.322389475504557
77.2749983593822 0.317990557352702
77.2799983592704 0.312116018931071
77.2849983591586 0.304951763153076
77.2899983590469 0.308050568898519
77.2949983589351 0.309241803487142
77.2999983588234 0.327773475646973
77.3049983587116 0.340371100107829
77.3099983585998 0.343400605519613
77.3149983584881 0.342799059549967
77.3199983583763 0.342419592539469
77.3249983582646 0.345582993825277
77.3299983581528 0.338577810923258
77.334998358041 0.346896521250407
77.3399983579293 0.351039218902588
77.3449983578175 0.354034996032715
77.3499983577058 0.365088780721029
77.354998357594 0.343464597066243
77.3599983574823 0.333044528961182
77.3649983573705 0.328013038635254
77.3699983572587 0.335850016276042
77.374998357147 0.341952578226725
77.3799983570352 0.348464298248291
77.3849983569235 0.335994625091553
77.3899983568117 0.33699525197347
77.3949983566999 0.335943094889323
77.3999983565882 0.337299664815267
77.4049983564764 0.337781492869059
77.4099983563647 0.342495981852214
77.4149983562529 0.34842217763265
77.4199983561412 0.339682833353678
77.4249983560294 0.348436800638835
77.4299983559176 0.34780330657959
77.4349983558059 0.357703463236491
77.4399983556941 0.365992609659831
77.4449983555824 0.364569759368896
77.4499983554706 0.352243137359619
77.4549983553588 0.350626691182454
77.4599983552471 0.349474716186523
77.4649983551353 0.357828712463379
77.4699983550236 0.364560953776042
77.4749983549118 0.354513359069824
77.4799983548 0.350301551818848
77.4849983546883 0.342544651031494
77.4899983545765 0.346093877156576
77.4949983544648 0.340167331695557
77.499998354353 0.332322533925374
77.5049983542413 0.331541760762533
77.5099983541295 0.351569779713949
77.5149983540177 0.352759297688802
77.519998353906 0.35970500310262
77.5249983537942 0.353568394978841
77.5299983536825 0.355045159657796
77.5349983535707 0.353959306081136
77.5399983534589 0.355260785420736
77.5449983533472 0.360497347513835
77.5499983532354 0.365183766682943
77.5549983531237 0.371744728088379
77.5599983530119 0.376652908325195
77.5649983529001 0.369185733795166
77.5699983527884 0.371335442860921
77.5749983526766 0.35157798131307
77.5799983525649 0.342129357655843
77.5849983524531 0.352993043263753
77.5899983523414 0.357405471801758
77.5949983522296 0.365049997965495
77.5999983521178 0.370757961273193
77.6049983520061 0.363036568959554
77.6099983518943 0.379573249816895
77.6149983517826 0.368266232808431
77.6199983516708 0.364264647165934
77.624998351559 0.364504718780518
77.6299983514473 0.355181535085042
77.6349983513355 0.358519013722738
77.6399983512238 0.355726528167725
77.644998351112 0.361033376057943
77.6499983510002 0.361853853861491
77.6549983508885 0.358158047993978
77.6599983507767 0.358994229634603
77.664998350665 0.347568384806315
77.6699983505532 0.351013342539469
77.6749983504415 0.347186406453451
77.6799983503297 0.350216484069824
77.6849983502179 0.359074687957764
77.6899983501062 0.349763933817546
77.6949983499944 0.348174508412679
77.6999983498827 0.343547789255778
77.7049983497709 0.360764122009277
77.7099983496591 0.37030242284139
77.7149983495474 0.368056456247966
77.7199983494356 0.35601011912028
77.7249983493239 0.355177179972331
77.7299983492121 0.358212534586589
77.7349983491004 0.365249347686768
77.7399983489886 0.369389502207438
77.7449983488768 0.367873446146647
77.7499983487651 0.372095171610514
77.7549983486533 0.356973679860433
77.7599983485416 0.354742844899495
77.7649983484298 0.360484886169434
77.769998348318 0.368641408284505
77.7749983482063 0.366885821024577
77.7799983480945 0.365974235534668
77.7849983479828 0.371742566426595
77.789998347871 0.381961441040039
77.7949983477592 0.392772547403971
77.7999983476475 0.381979592641195
77.8049983475357 0.364116128285726
77.809998347424 0.359240531921387
77.8149983473122 0.37064380645752
77.8199983472005 0.386478010813395
77.8249983470887 0.390433629353841
77.8299983469769 0.37867472966512
77.8349983468652 0.377292919158936
77.8399983467534 0.383125813802083
77.8449983466417 0.380161507924398
77.8499983465299 0.387881278991699
77.8549983464181 0.379930973052979
77.8599983463064 0.384809525807699
77.8649983461946 0.390394941965739
77.8699983460829 0.389873313903809
77.8749983459711 0.391574192047119
77.8799983458593 0.386228942871094
77.8849983457476 0.376229476928711
77.8899983456358 0.375983969370524
77.8949983455241 0.381519095102946
77.8999983454123 0.389303461710612
77.9049983453006 0.389861488342285
77.9099983451888 0.390587425231934
77.914998345077 0.381881904602051
77.9199983449653 0.381409867604574
77.9249983448535 0.392142264048258
77.9299983447418 0.39912436803182
77.93499834463 0.408289496103923
77.9399983445182 0.410192139943441
77.9449983444065 0.4102463722229
77.9499983442947 0.423484802246094
77.954998344183 0.419073645273844
77.9599983440712 0.39856284459432
77.9649983439595 0.379727077484131
77.9699983438477 0.383523972829183
77.9749983437359 0.40627826054891
77.9799983436242 0.415849272410075
77.9849983435124 0.415933545430501
77.9899983434007 0.416373825073242
77.9949983432889 0.421980698903402
77.9999983431771 0.4286408106486
78.0049983430654 0.424061902364095
78.0099983429536 0.418477217356364
78.0149983428419 0.414581616719564
78.0199983427301 0.408098157246908
78.0249983426183 0.411987431844076
78.0299983425066 0.412544918060303
78.0349983423948 0.424378108978272
78.0399983422831 0.430135409037272
78.0449983421713 0.427929337819417
78.0499983420596 0.436033757527669
78.0549983419478 0.415110810597738
78.059998341836 0.409374872843425
78.0649983417243 0.414289983113607
78.0699983416125 0.420965766906738
78.0749983415008 0.419477685292562
78.079998341389 0.415568733215332
78.0849983412772 0.41957852045695
78.0899983411655 0.430963293711344
78.0949983410537 0.444804382324219
78.099998340942 0.433390967051188
78.1049983408302 0.441076342264811
78.1099983407184 0.448235352834066
78.1149983406067 0.452826499938965
78.1199983404949 0.458723958333333
78.1249983403832 0.462966028849284
78.1299983402714 0.478553930918376
78.1349983401597 0.468962891896566
78.1399983400479 0.461275196075439
78.1449983399361 0.459491539001465
78.1499983398244 0.464762941996257
78.1549983397126 0.472517871856689
78.1599983396009 0.482494036356608
78.1649983394891 0.486677328745524
78.1699983393773 0.483720842997233
78.1749983392656 0.480404631296794
78.1799983391538 0.484717973073324
78.1849983390421 0.503115463256836
78.1899983389303 0.523711903889974
78.1949983388186 0.537320518493652
78.1999983387068 0.548244285583496
78.204998338595 0.574500211079915
78.2099983384833 0.595214716593425
78.2149983383715 0.59945608774821
78.2199983382598 0.60432014465332
78.224998338148 0.599794769287109
78.2299983380362 0.610858535766602
78.2349983379245 0.621742884318034
78.2399983378127 0.635872713724772
78.244998337701 0.642906824747721
78.2499983375892 0.660569826761881
78.2549983374774 0.676868311564128
78.2599983373657 0.683777809143066
78.2649983372539 0.695058441162109
78.2699983371422 0.706489372253418
78.2749983370304 0.709504318237305
78.2799983369187 0.729887771606445
78.2849983368069 0.750451215108236
78.2899983366951 0.790811157226562
78.2949983365834 0.807455635070801
78.2999983364716 0.806320190429688
78.3049983363599 0.82054557800293
78.3099983362481 0.845826276143392
78.3149983361363 0.872336578369141
78.3199983360246 0.884086990356445
78.3249983359128 0.896220397949219
78.3299983358011 0.953915150960286
78.3349983356893 0.981854184468587
78.3399983355775 1.00611839294434
78.3449983354658 1.04478003184001
78.349998335354 1.07419726053874
78.3549983352423 1.10300877888997
78.3599983351305 1.12120234171549
78.3649983350188 1.12917188008626
78.369998334907 1.16098874409993
78.3749983347952 1.21522254943848
78.3799983346835 1.2688466389974
78.3849983345717 1.29101244608561
78.38999833446 1.32163047790527
78.3949983343482 1.36199162801107
78.3999983342364 1.44688593546549
78.4049983341247 1.48291829427083
78.4099983340129 1.53636461893717
78.4149983339012 1.58586629231771
78.4199983337894 1.60449587504069
78.4249983336777 1.61611111958822
78.4299983335659 1.64917742411296
78.4349983334541 1.63984603881836
78.4399983333424 1.64485371907552
78.4449983332306 1.66827354431152
78.4499983331189 1.67242101033529
78.4549983330071 1.7120859781901
78.4599983328953 1.74964154561361
78.4649983327836 1.76477737426758
78.4699983326718 1.79154230753581
78.4749983325601 1.79715919494629
78.4799983324483 1.78150278727214
78.4849983323365 1.76429646809896
78.4899983322248 1.75528602600098
78.494998332113 1.78642552693685
78.4999983320013 1.83380368550619
78.5049983318895 1.88743146260579
78.5099983317778 1.93114725748698
78.514998331666 1.94855155944824
78.5199983315542 1.95561230977376
78.5249983314425 1.9487912495931
78.5299983313307 1.94854303995768
78.534998331219 1.98658014933268
78.5399983311072 1.98788261413574
78.5449983309954 1.97887128194173
78.5499983308837 1.91780865987142
78.5549983307719 1.85046806335449
78.5599983306602 1.82604916890462
78.5649983305484 1.79931004842122
78.5699983304366 1.83762893676758
78.5749983303249 1.82144889831543
78.5799983302131 1.82842496236165
78.5849983301014 1.78368606567383
78.5899983299896 1.74043451944987
78.5949983298779 1.70972023010254
78.5999983297661 1.70936101277669
78.6049983296543 1.71977958679199
78.6099983295426 1.71088638305664
78.6149983294308 1.70660146077474
78.6199983293191 1.67494074503581
78.6249983292073 1.65831247965495
78.6299983290955 1.63511734008789
78.6349983289838 1.61914545694987
78.639998328872 1.58200670878092
78.6449983287603 1.57194023132324
78.6499983286485 1.54166870117188
78.6549983285367 1.52265955607096
78.659998328425 1.52093874613444
78.6649983283132 1.5184139251709
78.6699983282015 1.51635678609212
78.6749983280897 1.48288866678874
78.679998327978 1.45534121195475
78.6849983278662 1.44283256530762
78.6899983277544 1.43680775960286
78.6949983276427 1.42365315755208
78.6999983275309 1.42595151265462
78.7049983274192 1.40519854227702
78.7099983273074 1.38446553548177
78.7149983271956 1.33509839375814
78.7199983270839 1.3245169321696
78.7249983269721 1.32262865702311
78.7299983268604 1.30303484598796
78.7349983267486 1.28101170857747
78.7399983266369 1.27529385884603
78.7449983265251 1.27285804748535
78.7499983264133 1.26751047770182
78.7549983263016 1.23573557535807
78.7599983261898 1.21586367289225
78.7649983260781 1.18996556599935
78.7699983259663 1.16701723734538
78.7749983258545 1.14556935628255
78.7799983257428 1.12165323893229
78.784998325631 1.12016906738281
78.7899983255193 1.11140696207682
78.7949983254075 1.08187917073568
78.7999983252957 1.07723960876465
78.804998325184 1.07163124084473
78.8099983250722 1.04181690216064
78.8149983249605 1.00152556101481
78.8199983248487 0.962671915690104
78.824998324737 0.935980351765951
78.8299983246252 0.914199384053548
78.8349983245134 0.910600980122884
78.8399983244017 0.890108935038249
78.8449983242899 0.881585184733073
78.8499983241782 0.864391835530599
78.8549983240664 0.866605885823568
78.8599983239546 0.858395067850749
78.8649983238429 0.835918553670247
78.8699983237311 0.824734179178874
78.8749983236194 0.79606761932373
78.8799983235076 0.782505226135254
78.8849983233958 0.754680188496908
78.8899983232841 0.740428860982259
78.8949983231723 0.722293663024902
78.8999983230606 0.722094090779622
78.9049983229488 0.699434471130371
78.9099983228371 0.692810185750325
78.9149983227253 0.663604100545247
78.9199983226135 0.652971076965332
78.9249983225018 0.645013872782389
78.92999832239 0.6410613377889
78.9349983222783 0.635959307352702
78.9399983221665 0.619655354817708
78.9449983220547 0.602759552001953
78.949998321943 0.590042813618978
78.9549983218312 0.582402674357096
78.9599983217195 0.57547861735026
78.9649983216077 0.568870989481608
78.969998321496 0.559321022033691
78.9749983213842 0.551739565531413
78.9799983212724 0.543173917134603
78.9849983211607 0.513915506998698
78.9899983210489 0.504423522949219
78.9949983209372 0.502508958180745
78.9999983208254 0.498198541005452
79.0049983207136 0.505899651845296
79.0099983206019 0.495122273763021
79.0149983204901 0.481849575042725
79.0199983203784 0.469371891021728
79.0249983202666 0.462609036763509
79.0299983201548 0.456406720479329
79.0349983200431 0.456532764434814
79.0399983199313 0.459730180104574
79.0449983198196 0.466195901234945
79.0499983197078 0.469775613149007
79.0549983195961 0.460255304972331
79.0599983194843 0.458477369944255
79.0649983193725 0.465237585703532
79.0699983192608 0.464347775777181
79.074998319149 0.454542477925618
79.0799983190373 0.442877133687337
79.0849983189255 0.441770140329997
79.0899983188137 0.437233257293701
79.094998318702 0.428673362731934
79.0999983185902 0.428614775339762
79.1049983184785 0.430127779642741
79.1099983183667 0.427228832244873
79.1149983182549 0.418591499328613
79.1199983181432 0.413969739278158
79.1249983180314 0.428293959299723
79.1299983179197 0.441123580932617
79.1349983178079 0.437456734975179
79.1399983176962 0.419297377268473
79.1449983175844 0.408905061086019
79.1499983174726 0.404110590616862
79.1549983173609 0.399717489878337
79.1599983172491 0.396518739064535
79.1649983171374 0.390977478027344
79.1699983170256 0.372010072072347
79.1749983169138 0.36457347869873
79.1799983168021 0.350266075134277
79.1849983166903 0.340199438730876
79.1899983165786 0.345676263173421
79.1949983164668 0.347462685902913
79.1999983163551 0.354054387410482
79.2049983162433 0.377851994832357
79.2099983161315 0.394555155436198
79.2149983160198 0.399752044677734
79.219998315908 0.396361573537191
79.2249983157963 0.368631426493327
79.2299983156845 0.359582964579264
79.2349983155727 0.365373039245605
79.239998315461 0.361772759755452
79.2449983153492 0.35962069829305
79.2499983152375 0.342430591583252
79.2549983151257 0.337872155507406
79.2599983150139 0.341016260782878
79.2649983149022 0.348989868164063
79.2699983147904 0.36110143661499
79.2749983146787 0.355653508504232
79.2799983145669 0.367497062683105
79.2849983144552 0.377607822418213
79.2899983143434 0.392698319753011
79.2949983142316 0.383824507395426
79.2999983141199 0.365208021799723
79.3049983140081 0.355689938863119
79.3099983138964 0.356154759724935
79.3149983137846 0.355627504984538
79.3199983136728 0.35766274134318
79.3249983135611 0.350123469034831
79.3299983134493 0.357318337758382
79.3349983133376 0.364081637064616
79.3399983132258 0.365550708770752
79.344998313114 0.349560228983561
79.3499983130023 0.351899115244548
79.3549983128905 0.34980583190918
79.3599983127788 0.353749783833822
79.364998312667 0.35807949701945
79.3699983125553 0.347219880421956
79.3749983124435 0.348165162404378
79.3799983123317 0.361233456929525
79.38499831222 0.367842133839925
79.3899983121082 0.363050556182861
79.3949983119965 0.349159463246663
79.3999983118847 0.336547819773356
79.4049983117729 0.341753959655762
79.4099983116612 0.348195807139079
79.4149983115494 0.363326899210612
79.4199983114377 0.36045503616333
79.4249983113259 0.362514082590739
79.4299983112141 0.35226214726766
79.4349983111024 0.35175609588623
79.4399983109906 0.339002100626628
79.4449983108789 0.346786689758301
79.4499983107671 0.357005977630615
79.4549983106554 0.370695622762044
79.4599983105436 0.37295602162679
79.4649983104318 0.364394124348958
79.4699983103201 0.360587692260742
79.4749983102083 0.373183314005534
79.4799983100966 0.363774394989014
79.4849983099848 0.356008688608805
79.489998309873 0.337629572550456
79.4949983097613 0.322739887237549
79.4999983096495 0.322677516937256
79.5049983095378 0.31449515024821
79.509998309426 0.309323342641195
79.5149983093143 0.313851674397786
79.5199983092025 0.31416597366333
79.5249983090907 0.31475575764974
79.529998308979 0.340712197621663
79.5349983088672 0.336830806732178
79.5399983087555 0.341742102305094
79.5449983086437 0.324401632944743
79.5499983085319 0.317399183909098
79.5549983084202 0.323360379536947
79.5599983083084 0.335021305084229
79.5649983081967 0.349972502390544
79.5699983080849 0.355760320027669
79.5749983079731 0.358296871185303
79.5799983078614 0.364808972676595
79.5849983077496 0.372142124176025
79.5899983076379 0.386545372009277
79.5949983075261 0.37455800374349
79.5999983074144 0.363700167338053
79.6049983073026 0.36156374613444
79.6099983071908 0.361707496643066
79.6149983070791 0.368925317128499
79.6199983069673 0.36139980951945
79.6249983068556 0.353767903645833
79.6299983067438 0.339711157480876
79.634998306632 0.32017126083374
79.6399983065203 0.315753746032715
79.6449983064085 0.320562616984049
79.6499983062968 0.337949784596761
79.654998306185 0.341361204783122
79.6599983060732 0.338068707784017
79.6649983059615 0.333283297220866
79.6699983058497 0.337984561920166
79.674998305738 0.337070751190186
79.6799983056262 0.342348035176595
79.6849983055145 0.345971584320068
79.6899983054027 0.348299821217855
79.6949983052909 0.34158099492391
79.6999983051792 0.339510122934977
79.7049983050674 0.329019578297933
79.7099983049557 0.338766606648763
79.7149983048439 0.345590813954671
79.7199983047321 0.3417267481486
79.7249983046204 0.341473706563314
79.7299983045086 0.336115264892578
79.7349983043969 0.329258092244466
79.7399983042851 0.324278291066488
79.7449983041734 0.323092206319173
79.7499983040616 0.331772295633952
79.7549983039498 0.352758344014486
79.7599983038381 0.359697278340658
79.7649983037263 0.364692497253418
79.7699983036146 0.365234597524007
79.7749983035028 0.36420316696167
79.779998303391 0.371480973561605
79.7849983032793 0.369696807861328
79.7899983031675 0.352478472391764
79.7949983030558 0.34054339726766
79.799998302944 0.325040849049886
79.8049983028322 0.330264981587728
79.8099983027205 0.342893473307292
79.8149983026087 0.34851926167806
79.819998302497 0.340838940938314
79.8249983023852 0.348766136169434
79.8299983022735 0.343980248769124
79.8349983021617 0.345861180623372
79.8399983020499 0.338287003835042
79.8449983019382 0.330298042297363
79.8499983018264 0.327745723724365
79.8549983017147 0.327275371551514
79.8599983016029 0.327293427785238
79.8649983014911 0.329224967956543
79.8699983013794 0.343340492248535
79.8749983012676 0.353624280293783
79.8799983011559 0.360891882578532
79.8849983010441 0.360387579600016
79.8899983009323 0.345068899790446
79.8949983008206 0.346358076731364
79.8999983007088 0.341414038340251
79.9049983005971 0.335173765818278
79.9099983004853 0.334173774719238
79.9149983003736 0.327216243743896
79.9199983002618 0.331115372975667
79.92499830015 0.329735406239828
79.9299983000383 0.320752302805583
79.9349982999265 0.319807879130046
79.9399982998148 0.318979358673096
79.944998299703 0.317025152842204
79.9499982995912 0.315810426076253
79.9549982994795 0.323528448740641
79.9599982993677 0.321291669209798
79.964998299256 0.329300403594971
79.9699982991442 0.332433827718099
79.9749982990325 0.321053504943848
79.9799982989207 0.314742215474447
79.9849982988089 0.298293844858805
79.9899982986972 0.296484438578288
79.9949982985854 0.317482344309489
79.9999982984737 0.316218153635661
80.0049982983619 0.313589382171631
80.0099982982501 0.317542298634847
80.0149982981384 0.326348304748535
80.0199982980266 0.329303391774495
80.0249982979149 0.335836283365885
80.0299982978031 0.337336572011312
80.0349982976913 0.348529116312663
80.0399982975796 0.354827849070231
80.0449982974678 0.347745831807454
80.0499982973561 0.334966214497884
80.0549982972443 0.322156524658203
80.0599982971326 0.324444484710693
80.0649982970208 0.320351409912109
80.069998296909 0.329020468393962
80.0749982967973 0.333521715799967
80.0799982966855 0.336773649851481
80.0849982965738 0.329385725657145
80.089998296462 0.322953542073568
80.0949982963502 0.311575031280518
80.0999982962385 0.307368087768555
80.1049982961267 0.295793596903483
80.109998296015 0.28623005549113
80.1149982959032 0.288679154713949
80.1199982957914 0.283906332651774
80.1249982956797 0.295811971028646
80.1299982955679 0.29679438273112
80.1349982954562 0.305877431233724
80.1399982953444 0.320526250203451
80.1449982952327 0.327388159434001
80.1499982951209 0.326283772786458
80.1549982950091 0.332778739929199
80.1599982948974 0.327777226765951
80.1649982947856 0.324133936564128
80.1699982946739 0.320816898345947
80.1749982945621 0.330011653900146
80.1799982944503 0.337278652191162
80.1849982943386 0.347582340240479
80.1899982942268 0.343272590637207
80.1949982941151 0.346596336364746
80.1999982940033 0.349972852071126
80.2049982938915 0.357256317138672
80.2099982937798 0.36074956258138
80.214998293668 0.358554617563883
80.2199982935563 0.355193996429443
80.2249982934445 0.351590983072917
80.2299982933328 0.354166348775228
80.234998293221 0.350574334462484
80.2399982931092 0.33214750289917
80.2449982929975 0.323087151845296
80.2499982928857 0.316647720336914
80.254998292774 0.329664134979248
80.2599982926622 0.34066915512085
80.2649982925504 0.344491863250732
80.2699982924387 0.338987350463867
80.2749982923269 0.330767790476481
80.2799982922152 0.328865305582682
80.2849982921034 0.338742478688558
80.2899982919917 0.342144012451172
80.2949982918799 0.346838696797689
80.2999982917681 0.346303780873617
80.3049982916564 0.351083437601725
80.3099982915446 0.354721705118815
80.3149982914329 0.358728535970052
80.3199982913211 0.349702548980713
80.3249982912093 0.339303557078044
80.3299982910976 0.321368757883708
80.3349982909858 0.316653029123942
80.3399982908741 0.327069473266602
80.3449982907623 0.339757283528646
80.3499982906505 0.33918727238973
80.3549982905388 0.335877704620361
80.359998290427 0.317024008433024
80.3649982903153 0.319338289896647
80.3699982902035 0.313917223612467
80.3749982900918 0.310805130004883
80.37999828998 0.314916769663493
80.3849982898682 0.309968916575114
80.3899982897565 0.312649981180827
80.3949982896447 0.320303026835124
80.399998289533 0.327507781982422
80.4049982894212 0.318131415049235
80.4099982893094 0.313106918334961
80.4149982891977 0.318038940429688
80.4199982890859 0.328160444895426
80.4249982889742 0.330281035105387
80.4299982888624 0.317919921875
80.4349982887506 0.311174583435059
80.4399982886389 0.316756184895833
80.4449982885271 0.337094688415527
80.4499982884154 0.338915983835856
80.4549982883036 0.336512120564779
80.4599982881919 0.331641896565755
80.4649982880801 0.32145201365153
80.4699982879683 0.3194504737854
80.4749982878566 0.315508143107096
80.4799982877448 0.303808244069417
80.4849982876331 0.297105058034261
80.4899982875213 0.30568463007609
80.4949982874095 0.312164783477783
80.4999982872978 0.316486104329427
80.504998287186 0.315261427561442
80.5099982870743 0.31378075281779
80.5149982869625 0.315118726094564
80.5199982868508 0.351807149251302
80.524998286739 0.3592147509257
80.5299982866272 0.358899021148682
80.5349982865155 0.340267086029053
80.5399982864037 0.330612945556641
80.544998286292 0.334430185953776
80.5499982861802 0.348345851898193
80.5549982860684 0.331923039754232
80.5599982859567 0.313948535919189
80.5649982858449 0.31100746790568
80.5699982857332 0.318741099039714
80.5749982856214 0.323787530263265
80.5799982855096 0.317530218760173
80.5849982853979 0.312626234690348
80.5899982852861 0.306871318817139
80.5949982851744 0.317573229471842
80.5999982850626 0.316298389434814
80.6049982849509 0.321853605906169
80.6099982848391 0.321024862925212
80.6149982847273 0.32053492863973
80.6199982846156 0.318717861175537
80.6249982845038 0.31202932993571
80.6299982843921 0.313561979929606
80.6349982842803 0.313299083709717
80.6399982841685 0.318729527791341
80.6449982840568 0.330366738637288
80.649998283945 0.333814398447673
80.6549982838333 0.342425982157389
80.6599982837215 0.336735820770264
80.6649982836097 0.342771943410238
80.669998283498 0.349341169993083
80.6749982833862 0.361297003428141
80.6799982832745 0.369206047058105
80.6849982831627 0.369913291931152
80.689998283051 0.370080407460531
80.6949982829392 0.368285020192464
80.6999982828274 0.351031049092611
80.7049982827157 0.353055063883464
80.7099982826039 0.344955253601074
80.7149982824922 0.346745014190674
80.7199982823804 0.368232917785645
80.7249982822686 0.368994617462158
80.7299982821569 0.380500570933024
80.7349982820451 0.371462567647298
80.7399982819334 0.379569943745931
80.7449982818216 0.383258438110352
80.7499982817099 0.389538129170736
80.7549982815981 0.375214862823486
80.7599982814863 0.377721881866455
80.7649982813746 0.37489767074585
80.7699982812628 0.390881315867106
80.7749982811511 0.390397612253825
80.7799982810393 0.394590822855632
80.7849982809275 0.389024925231934
80.7899982808158 0.393297672271729
80.794998280704 0.387022558848063
80.7999982805923 0.387520662943522
80.8049982804805 0.377661387125651
80.8099982803687 0.382143274943034
80.814998280257 0.380860869089762
80.8199982801452 0.399727439880371
80.8249982800335 0.405165163675944
80.8299982799217 0.418798732757568
80.83499827981 0.40546703338623
80.8399982796982 0.397238127390544
80.8449982795864 0.396895662943522
80.8499982794747 0.408213043212891
80.8549982793629 0.422655391693115
80.8599982792512 0.422773043314616
80.8649982791394 0.421889368693034
80.8699982790276 0.40706090927124
80.8749982789159 0.397790304819743
80.8799982788041 0.389478905995687
80.8849982786924 0.38392448425293
80.8899982785806 0.380219046274821
80.8949982784688 0.377924219767253
80.8999982783571 0.377675151824951
80.9049982782453 0.389445845286051
80.9099982781336 0.3894944190979
80.9149982780218 0.389921569824219
80.9199982779101 0.377627340952555
80.9249982777983 0.381588204701742
80.9299982776865 0.387568950653076
80.9349982775748 0.386059824625651
80.939998277463 0.385840606689453
80.9449982773513 0.375071748097738
80.9499982772395 0.386988131205241
80.9549982771277 0.399561945597331
80.959998277016 0.413207658131917
80.9649982769042 0.416148026784261
80.9699982767925 0.408631769816081
80.9749982766807 0.41435022354126
80.9799982765689 0.413775984446208
80.9849982764572 0.408111953735352
80.9899982763454 0.399448903401693
80.9949982762337 0.393607012430827
80.9999982761219 0.376974868774414
81.0049982760102 0.382723172505697
81.0099982758984 0.377457777659098
81.0149982757866 0.382454045613607
81.0199982756749 0.367786884307861
81.0249982755631 0.372285461425781
81.0299982754514 0.360945574442546
81.0349982753396 0.370468425750732
81.0399982752278 0.377351919809977
81.0449982751161 0.376912117004395
81.0499982750043 0.379229577382406
81.0549982748926 0.372382005055745
81.0599982747808 0.370828946431478
81.0649982746691 0.370817120869954
81.0699982745573 0.3767058690389
81.0749982744455 0.382884788513184
81.0799982743338 0.392241446177165
81.084998274222 0.397468694051107
81.0899982741103 0.398975467681885
81.0949982739985 0.381624921162923
81.0999982738867 0.385565153757731
81.104998273775 0.372803243001302
81.1099982736632 0.371221892038981
81.1149982735515 0.362419668833415
81.1199982734397 0.368351268768311
81.1249982733279 0.352992407480876
81.1299982732162 0.351543935139974
81.1349982731044 0.34254887898763
81.1399982729927 0.340884876251221
81.1449982728809 0.345786794026693
81.1499982727692 0.337373638153076
81.1549982726574 0.339023844401042
81.1599982725456 0.354423681894938
81.1649982724339 0.372566191355387
81.1699982723221 0.389070987701416
81.1749982722104 0.371172014872233
81.1799982720986 0.357951164245605
81.1849982719868 0.36135425567627
81.1899982718751 0.364452584584554
81.1949982717633 0.36412680943807
81.1999982716516 0.349521732330322
81.2049982715398 0.345124944051107
81.209998271428 0.360762882232666
81.2149982713163 0.361886246999105
81.2199982712045 0.363198407491048
81.2249982710928 0.3485320409139
81.229998270981 0.331451511383057
81.2349982708693 0.323903751373291
81.2399982707575 0.326565901438395
81.2449982706457 0.3403883934021
81.249998270534 0.340916856129964
81.2549982704222 0.336311690012614
81.2599982703105 0.335184065500895
81.2649982701987 0.338582483927409
81.2699982700869 0.347266356150309
81.2749982699752 0.341248734792074
81.2799982698634 0.337044747670492
81.2849982697517 0.336893844604492
81.2899982696399 0.344795068105062
81.2949982695282 0.338853867848714
81.2999982694164 0.33018897374471
81.3049982693046 0.318928877512614
81.3099982691929 0.325925668080648
81.3149982690811 0.343465042114258
81.3199982689694 0.344858678181966
81.3249982688576 0.336704476674398
81.3299982687458 0.340988699595133
81.3349982686341 0.337491575876872
81.3399982685223 0.328788280487061
81.3449982684106 0.316194089253743
81.3499982682988 0.307734171549479
81.354998268187 0.316163889567057
81.3599982680753 0.318717956542969
81.3649982679635 0.311338710784912
81.3699982678518 0.308274173736572
81.37499826774 0.295336278279622
81.3799982676283 0.296659024556478
81.3849982675165 0.298841381072998
81.3899982674047 0.308052285512288
81.394998267293 0.325605742136637
81.3999982671812 0.325239690144857
81.4049982670695 0.311221122741699
81.4099982669577 0.326602649688721
81.4149982668459 0.324116039276123
81.4199982667342 0.339510440826416
81.4249982666224 0.336727746327718
81.4299982665107 0.334161376953125
81.4349982663989 0.330060323079427
81.4399982662871 0.31247615814209
81.4449982661754 0.300775718688965
81.4499982660636 0.292972183227539
81.4549982659519 0.297763474782308
81.4599982658401 0.296026738484701
81.4649982657284 0.281085809071859
81.4699982656166 0.287218411763509
81.4749982655048 0.303402105967204
81.4799982653931 0.311648559570313
81.4849982652813 0.318843714396159
81.4899982651696 0.309686406453451
81.4949982650578 0.311114501953125
81.499998264946 0.305908139546712
81.5049982648343 0.299332968393962
81.5099982647225 0.299443244934082
81.5149982646108 0.31441920598348
81.519998264499 0.320420678456624
81.5249982643873 0.307153574625651
81.5299982642755 0.299925899505615
81.5349982641637 0.3012131690979
81.539998264052 0.309883817036947
81.5449982639402 0.317139180501302
81.5499982638285 0.321676890055339
81.5549982637167 0.322982279459635
81.5599982636049 0.311978340148926
81.5649982634932 0.312286027272542
81.5699982633814 0.303097788492839
81.5749982632697 0.316051769256592
81.5799982631579 0.312338860829671
81.5849982630461 0.306378650665283
81.5899982629344 0.290252049763997
81.5949982628226 0.288665040334066
81.5999982627109 0.300603802998861
81.6049982625991 0.319165356953939
81.6099982624874 0.331726868947347
81.6149982623756 0.342782815297445
81.6199982622638 0.334995460510254
81.6249982621521 0.327706813812256
81.6299982620403 0.319202740987142
81.6349982619286 0.313713932037354
81.6399982618168 0.309095541636149
81.644998261705 0.311246299743652
81.6499982615933 0.307191212972005
81.6549982614815 0.300542831420898
81.6599982613698 0.295823796590169
81.664998261258 0.289280223846436
81.6699982611462 0.284356880187988
81.6749982610345 0.284457715352376
81.6799982609227 0.296482594807943
81.684998260811 0.303923352559408
81.6899982606992 0.322283935546875
81.6949982605875 0.325356960296631
81.6999982604757 0.334563000996908
81.7049982603639 0.32563632329305
81.7099982602522 0.316365019480387
81.7149982601404 0.301769193013509
81.7199982600287 0.308231131235758
81.7249982599169 0.308253002166748
81.7299982598051 0.311132144927979
81.7349982596934 0.313684399922689
81.7399982595816 0.323131052652995
81.7449982594699 0.336220137278239
81.7499982593581 0.332762591044108
81.7549982592463 0.328719965616862
81.7599982591346 0.309980932871501
81.7649982590228 0.298909091949463
81.7699982589111 0.287240632375081
81.7749982587993 0.277690823872884
81.7799982586876 0.272676753997803
81.7849982585758 0.274185498555501
81.789998258464 0.278429730733236
81.7949982583523 0.284248383839925
81.7999982582405 0.298605060577393
81.8049982581288 0.308499717712402
81.809998258017 0.301616032918294
81.8149982579052 0.302239481608073
81.8199982577935 0.293900203704834
81.8249982576817 0.296313699086507
81.82999825757 0.304524612426758
81.8349982574582 0.302993647257487
81.8399982573465 0.320840644836426
81.8449982572347 0.316872151692708
81.8499982571229 0.30532906850179
81.8549982570112 0.284118429819743
81.8599982568994 0.281916109720866
81.8649982567877 0.288559341430664
81.8699982566759 0.302837371826172
81.8749982565641 0.30468266805013
81.8799982564524 0.298981253306071
81.8849982563406 0.301993719736735
81.8899982562289 0.293819332122803
81.8949982561171 0.294074821472168
81.8999982560053 0.295600446065267
81.9049982558936 0.284895038604736
81.9099982557818 0.280333423614502
81.9149982556701 0.270440006256104
81.9199982555583 0.264553213119507
81.9249982554466 0.292505645751953
81.9299982553348 0.307747141520182
81.934998255223 0.324026012420654
81.9399982551113 0.316695435841878
81.9449982549995 0.314696915944417
81.9499982548878 0.317600949605306
81.954998254776 0.313593864440918
81.9599982546642 0.318289947509766
81.9649982545525 0.311234219868978
81.9699982544407 0.307954025268555
81.974998254329 0.306702168782552
81.9799982542172 0.299975204467773
81.9849982541054 0.287323252360026
81.9899982539937 0.275921249389648
81.9949982538819 0.269851716359456
81.9999982537702 0.272657744089762
82.0049982536584 0.279317188262939
82.0099982535467 0.295471382141113
82.0149982534349 0.304414463043213
82.0199982533231 0.309916464487712
82.0249982532114 0.301585388183594
82.0299982530996 0.301320362091064
82.0349982529879 0.295934136708577
82.0399982528761 0.29914436340332
82.0449982527643 0.302934805552165
82.0499982526526 0.306563504536947
82.0549982525408 0.311897468566895
82.0599982524291 0.3008469581604
82.0649982523173 0.29802360534668
82.0699982522056 0.291933886210124
82.0749982520938 0.287667369842529
82.079998251982 0.297359752655029
82.0849982518703 0.299263223012288
82.0899982517585 0.305089092254639
82.0949982516468 0.312550290425618
82.099998251535 0.303046258290609
82.1049982514232 0.29898468653361
82.1099982513115 0.302788734436035
82.1149982511997 0.307193438212077
82.119998251088 0.304904905954997
82.1249982509762 0.301763025919596
82.1299982508644 0.301963392893473
82.1349982507527 0.304065831502279
82.1399982506409 0.294100602467855
82.1449982505292 0.30132048924764
82.1499982504174 0.310525226593018
82.1549982503057 0.328189595540365
82.1599982501939 0.333296362559001
82.1649982500821 0.322937933603923
82.1699982499704 0.316477553049723
82.1749982498586 0.324666341145833
82.1799982497469 0.325488567352295
82.1849982496351 0.336102294921875
82.1899982495233 0.338144620259603
82.1949982494116 0.337160968780518
82.1999982492998 0.313103135426839
82.2049982491881 0.294216537475586
82.2099982490763 0.283996804555257
82.2149982489645 0.286784140268962
82.2199982488528 0.296969922383626
82.224998248741 0.291315650939941
82.2299982486293 0.289854526519775
82.2349982485175 0.284156099955241
82.2399982484058 0.284636370340983
82.244998248294 0.285209655761719
82.2499982481822 0.288801511128743
82.2549982480705 0.277150948842367
82.2599982479587 0.269153626759847
82.264998247847 0.266817633310954
82.2699982477352 0.279108905792236
82.2749982476234 0.296107387542725
82.2799982475117 0.300630346934001
82.2849982473999 0.298304748535156
82.2899982472882 0.299060217539469
82.2949982471764 0.308593273162842
82.2999982470647 0.306453323364258
82.3049982469529 0.306939029693604
82.3099982468411 0.30210018157959
82.3149982467294 0.303597927093506
82.3199982466176 0.301862080891927
82.3249982465059 0.293358198801676
82.3299982463941 0.29851655960083
82.3349982462823 0.295912679036458
82.3399982461706 0.304982439676921
82.3449982460588 0.309532260894775
82.3499982459471 0.308224741617839
82.3549982458353 0.298187669118245
82.3599982457235 0.300049082438151
82.3649982456118 0.296462281545003
82.3699982455 0.297412490844727
82.3749982453883 0.289530404408773
82.3799982452765 0.279375298817952
82.3849982451648 0.286461353302002
82.389998245053 0.299127070109049
82.3949982449412 0.311193752288818
82.3999982448295 0.315700117746989
82.4049982447177 0.324029064178467
82.409998244606 0.31275463104248
82.4149982444942 0.30068318049113
82.4199982443824 0.285652383168538
82.4249982442707 0.279076671600342
82.4299982441589 0.268424415588379
82.4349982440472 0.274286270141602
82.4399982439354 0.270649305979411
82.4449982438236 0.277253214518229
82.4499982437119 0.277446269989014
82.4549982436001 0.281782023111979
82.4599982434884 0.280704402923584
82.4649982433766 0.286789353688558
82.4699982432649 0.312238089243571
82.4749982431531 0.331670125325521
82.4799982430413 0.339995257059733
82.4849982429296 0.332192866007487
82.4899982428178 0.308122793833415
82.4949982427061 0.293855698903402
82.4999982425943 0.288039143880208
82.5049982424825 0.287687015533447
82.5099982423708 0.289600785573324
82.514998242259 0.287231318155924
82.5199982421473 0.273747444152832
82.5249982420355 0.270137087504069
82.5299982419237 0.294067891438802
82.534998241812 0.303854846954346
82.5399982417002 0.311405467987061
82.5449982415885 0.309174823760986
82.5499982414767 0.308348528544108
82.554998241365 0.301470406850179
82.5599982412532 0.292514451344808
82.5649982411414 0.287393887837728
82.5699982410297 0.283251635233561
82.5749982409179 0.291982173919678
82.5799982408062 0.293514982859294
82.5849982406944 0.289017295837402
82.5899982405826 0.295463053385417
82.5949982404709 0.291359488169352
82.5999982403591 0.297837893168132
82.6049982402474 0.294776503245036
82.6099982401356 0.295265992482503
82.6149982400239 0.29965394337972
82.6199982399121 0.309691079457601
82.6249982398003 0.312956809997559
82.6299982396886 0.320177205403646
82.6349982395768 0.322405179341634
82.6399982394651 0.315281581878662
82.6449982393533 0.305742804209391
82.6499982392415 0.294996738433838
82.6549982391298 0.291613547007243
82.659998239018 0.299742031097412
82.6649982389063 0.287996514638265
82.6699982387945 0.293154525756836
82.6749982386827 0.293719323476156
82.679998238571 0.287254969278971
82.6849982384592 0.276136525472005
82.6899982383475 0.27224702835083
82.6949982382357 0.272959486643473
82.699998238124 0.288868395487467
82.7049982380122 0.289027468363444
82.7099982379004 0.276487859090169
82.7149982377887 0.282467524210612
82.7199982376769 0.290292739868164
82.7249982375652 0.298383204142253
82.7299982374534 0.30251792271932
82.7349982373416 0.307842699686686
82.7399982372299 0.299420007069906
82.7449982371181 0.297311719258626
82.7499982370064 0.286441961924235
82.7549982368946 0.279118824005127
82.7599982367828 0.278086948394775
82.7649982366711 0.284822622934977
82.7699982365593 0.286423619588216
82.7749982364476 0.308356507619222
82.7799982363358 0.310403601328532
82.7849982362241 0.313690121968587
82.7899982361123 0.310947736104329
82.7949982360005 0.310335731506348
82.7999982358888 0.314118989308675
82.804998235777 0.317066669464111
82.8099982356653 0.307628472646077
82.8149982355535 0.30386749903361
82.8199982354417 0.301393699645996
82.82499823533 0.303864288330078
82.8299982352182 0.298908646901449
82.8349982351065 0.29033530553182
82.8399982349947 0.283592065175374
82.844998234883 0.298573716481527
82.8499982347712 0.293800735473633
82.8549982346594 0.290477275848389
82.8599982345477 0.283215522766113
82.8649982344359 0.273563957214355
82.8699982343242 0.277705033620199
82.8749982342124 0.275022093454997
82.8799982341006 0.266868718465169
82.8849982339889 0.258690945307414
82.8899982338771 0.25922171274821
82.8949982337654 0.249884510040283
82.8999982336536 0.269893709818522
82.9049982335418 0.279746278127035
82.9099982334301 0.279147752126058
82.9149982333183 0.281428178151449
82.9199982332066 0.290185928344727
82.9249982330948 0.287069924672445
82.9299982329831 0.2935866355896
82.9349982328713 0.293324025472005
82.9399982327595 0.290896892547607
82.9449982326478 0.298621273040771
82.949998232536 0.304856491088867
82.9549982324243 0.297813828786214
82.9599982323125 0.293835322062175
82.9649982322007 0.290272585550944
82.969998232089 0.286553986867269
82.9749982319772 0.281854279836019
82.9799982318655 0.288072236378988
82.9849982317537 0.297608280181885
82.9899982316419 0.304980119069417
82.9949982315302 0.30323740641276
82.9999982314184 0.28770325978597
83.0049982313067 0.281000105539958
83.0099982311949 0.290592988332113
83.0149982310832 0.2854323387146
83.0199982309714 0.280725987752279
83.0249982308596 0.269100697835286
83.0299982307479 0.26947193145752
83.0349982306361 0.286340649922689
83.0399982305244 0.305373986562093
83.0449982304126 0.31104482014974
83.0499982303008 0.321851889292399
83.0549982301891 0.32733268737793
83.0599982300773 0.32063668568929
83.0649982299656 0.309941895802816
83.0699982298538 0.306178919474284
83.0749982297421 0.296202309926351
83.0799982296303 0.304073079427083
83.0849982295185 0.301452827453613
83.0899982294068 0.297723992665609
83.094998229295 0.300604406992594
83.0999982291833 0.296520868937175
83.1049982290715 0.293817075093587
83.1099982289597 0.299172751108805
83.114998228848 0.300759410858154
83.1199982287362 0.30290896097819
83.1249982286245 0.292765267690023
83.1299982285127 0.284436480204264
83.1349982284009 0.290975252787272
83.1399982282892 0.310319550832113
83.1449982281774 0.318790372212728
83.1499982280657 0.315617211659749
83.1549982279539 0.302438481648763
83.1599982278422 0.288964811960856
83.1649982277304 0.293296750386556
83.1699982276186 0.293263212839762
83.1749982275069 0.283198165893555
83.1799982273951 0.292906792958577
83.1849982272834 0.29363899230957
83.1899982271716 0.299588298797607
83.1949982270598 0.294410101572673
83.1999982269481 0.27728697458903
83.2049982268363 0.285407098134359
83.2099982267246 0.277346356709798
83.2149982266128 0.279258155822754
83.219998226501 0.282005246480306
83.2249982263893 0.28607349395752
83.2299982262775 0.305758158365885
83.2349982261658 0.313751665751139
83.239998226054 0.300789864857992
83.2449982259423 0.295902633666992
83.2499982258305 0.284493128458659
83.2549982257187 0.293130366007487
83.259998225607 0.293267822265625
83.2649982254952 0.286743990580241
83.2699982253835 0.29033317565918
83.2749982252717 0.293822574615479
83.2799982251599 0.301988983154297
83.2849982250482 0.307902940114339
83.2899982249364 0.292186991373698
83.2949982248247 0.286776320139567
83.2999982247129 0.276051330566406
83.3049982246012 0.277470366160075
83.3099982244894 0.276896985371908
83.3149982243776 0.278481165568034
83.3199982242659 0.274948215484619
83.3249982241541 0.278952916463216
83.3299982240424 0.289709599812826
83.3349982239306 0.297706413269043
83.3399982238188 0.294989585876465
83.3449982237071 0.2918106396993
83.3499982235953 0.289451630910238
83.3549982234836 0.291912333170573
83.3599982233718 0.288140900929769
83.36499822326 0.287378247578939
83.3699982231483 0.289230887095133
83.3749982230365 0.287062994639079
83.3799982229248 0.289232730865479
83.384998222813 0.2758056640625
83.3899982227013 0.257102839152018
83.3949982225895 0.260089588165283
83.3999982224777 0.269250011444092
83.404998222366 0.287279446919759
83.4099982222542 0.296097056070964
83.4149982221425 0.301377232869466
83.4199982220307 0.307425530751546
83.4249982219189 0.313923199971517
83.4299982218072 0.315927759806315
83.4349982216954 0.302097320556641
83.4399982215837 0.300275770823161
83.4449982214719 0.281323401133219
83.4499982213601 0.279994201660156
83.4549982212484 0.280603631337484
83.4599982211366 0.279103819529215
83.4649982210249 0.279695828755697
83.4699982209131 0.275620524088542
83.4749982208014 0.269111601511637
83.4799982206896 0.279472859700521
83.4849982205778 0.28133544921875
83.4899982204661 0.277541414896647
83.4949982203543 0.270037778218587
83.4999982202426 0.26289226214091
83.5049982201308 0.263044087092082
83.509998220019 0.263308191299439
83.5149982199073 0.25540124575297
83.5199982197955 0.252142969767253
83.5249982196838 0.260812997817993
83.529998219572 0.274620978037516
83.5349982194602 0.283015092213949
83.5399982193485 0.279619757334391
83.5449982192367 0.278401978810628
83.549998219125 0.285054238637288
83.5549982190132 0.293443997701009
83.5599982189015 0.291631031036377
83.5649982187897 0.295607566833496
83.5699982186779 0.28559996287028
83.5749982185662 0.276453940073649
83.5799982184544 0.271911334991455
83.5849982183427 0.279139582316081
83.5899982182309 0.292640495300293
83.5949982181191 0.283929316202799
83.5999982180074 0.283660920461019
83.6049982178956 0.284036922454834
83.6099982177839 0.291682465871175
83.6149982176721 0.297514216105143
83.6199982175604 0.286981646219889
83.6249982174486 0.290229447682699
83.6299982173368 0.293394978841146
83.6349982172251 0.303660456339518
83.6399982171133 0.313679663340251
83.6449982170016 0.315217590332031
83.6499982168898 0.317973899841309
83.654998216778 0.313381163279216
83.6599982166663 0.311390050252279
83.6649982165545 0.296485710144043
83.6699982164428 0.284409968058268
83.674998216331 0.28713903427124
83.6799982162192 0.291541894276937
83.6849982161075 0.299430497487386
83.6899982159957 0.301836713155111
83.694998215884 0.296813901265462
83.6999982157722 0.298457463582357
83.7049982156605 0.300983238220215
83.7099982155487 0.308078257242839
83.7149982154369 0.312328656514486
83.7199982153252 0.30861914952596
83.7249982152134 0.296161524454753
83.7299982151017 0.272793515523275
83.7349982149899 0.269916661580404
83.7399982148781 0.267439142862956
83.7449982147664 0.271861553192139
83.7499982146546 0.274983437856038
83.7549982145429 0.274341106414795
83.7599982144311 0.270883242289225
83.7649982143193 0.2677903175354
83.7699982142076 0.275371328989665
83.7749982140958 0.286587047576904
83.7799982139841 0.284832827250163
83.7849982138723 0.27808141708374
83.7899982137606 0.264976517359416
83.7949982136488 0.262265125910441
83.799998213537 0.275138759613037
83.8049982134253 0.270489470163981
83.8099982133135 0.273479080200195
83.8149982132018 0.283276271820068
83.81999821309 0.290187772115072
83.8249982129782 0.291643365224202
83.8299982128665 0.286897818247477
83.8349982127547 0.272052733103434
83.839998212643 0.27439972559611
83.8449982125312 0.273992888132731
83.8499982124195 0.270119857788086
83.8549982123077 0.266708246866862
83.8599982121959 0.269480578104655
83.8649982120842 0.273373285929362
83.8699982119724 0.271050421396891
83.8749982118607 0.268365637461344
83.8799982117489 0.271614615122477
83.8849982116371 0.283388455708822
83.8899982115254 0.289737319946289
83.8949982114136 0.27771323521932
83.8999982113019 0.263051128387451
83.9049982111901 0.247082662582397
83.9099982110783 0.249305645624797
83.9149982109666 0.250170501073201
83.9199982108548 0.259514220555623
83.9249982107431 0.267618401845296
83.9299982106313 0.290689214070638
83.9349982105196 0.294899749755859
83.9399982104078 0.302585252126058
83.944998210296 0.289611943562826
83.9499982101843 0.274820359547933
83.9549982100725 0.26478689511617
83.9599982099608 0.25814216931661
83.964998209849 0.259321737289429
83.9699982097372 0.268892828623454
83.9749982096255 0.272082901000977
83.9799982095137 0.276529375712077
83.984998209402 0.270070711771647
83.9899982092902 0.270416927337647
83.9949982091784 0.266768805185954
83.9999982090667 0.272018559773763
84.0049982089549 0.273749574025472
84.0099982088432 0.27062136332194
84.0149982087314 0.270508193969727
84.0199982086197 0.275332800547282
84.0249982085079 0.279794216156006
84.0299982083961 0.286444568634033
84.0349982082844 0.277572218577067
84.0399982081726 0.268148485819499
84.0449982080609 0.270910867055257
84.0499982079491 0.271771430969238
84.0549982078373 0.275349934895833
84.0599982077256 0.259847784042358
84.0649982076138 0.243430964152018
84.0699982075021 0.240177774429321
84.0749982073903 0.255204312006632
84.0799982072786 0.269602743784587
84.0849982071668 0.268868446350098
84.089998207055 0.27760550181071
84.0949982069433 0.280190594991048
84.0999982068315 0.284333483378092
84.1049982067198 0.282886282602946
84.109998206608 0.278373018900553
84.1149982064962 0.279783153533936
84.1199982063845 0.28422425587972
84.1249982062727 0.279665724436442
84.129998206161 0.275018310546875
84.1349982060492 0.272694778442383
84.1399982059374 0.271581999460856
84.1449982058257 0.269566694895426
84.1499982057139 0.266889794667562
84.1549982056022 0.275489616394043
84.1599982054904 0.277340952555339
84.1649982053787 0.282268873850505
84.1699982052669 0.284311230977376
84.1749982051551 0.273670736948649
84.1799982050434 0.271090952555339
84.1849982049316 0.27809092203776
84.1899982048199 0.274512958526611
84.1949982047081 0.270678106943766
84.1999982045963 0.26117221514384
84.2049982044846 0.261372391382853
84.2099982043728 0.270685768127441
84.2149982042611 0.285237375895182
84.2199982041493 0.294267400105794
84.2249982040375 0.287307707468669
84.2299982039258 0.275223477681478
84.234998203814 0.269257481892904
84.2399982037023 0.282575575510661
84.2449982035905 0.288987890879313
84.2499982034788 0.290791352589925
84.254998203367 0.274296696980794
84.2599982032552 0.272160625457764
84.2649982031435 0.27586129506429
84.2699982030317 0.278035322825114
84.27499820292 0.262449026107788
84.2799982028082 0.252276357014974
84.2849982026964 0.244870408376058
84.2899982025847 0.251143789291382
84.2949982024729 0.254416354497274
84.2999982023612 0.26465204556783
84.3049982022494 0.271057573954264
84.3099982021376 0.273591868082682
84.3149982020259 0.274628639221191
84.3199982019141 0.266495545705159
84.3249982018024 0.263257932662964
84.3299982016906 0.278942680358887
84.3349982015789 0.289445209503174
84.3399982014671 0.293406995137533
84.3449982013553 0.292285792032878
84.3499982012436 0.279424222310384
84.3549982011318 0.276202487945557
84.3599982010201 0.280872535705566
84.3649982009083 0.278987820943197
84.3699982007965 0.274818166097005
84.3749982006848 0.277797730763753
84.379998200573 0.28948720296224
84.3849982004613 0.297096697489421
84.3899982003495 0.295584456125895
84.3949982002378 0.286601416269938
84.399998200126 0.276123809814453
84.4049982000142 0.274518330891927
84.4099981999025 0.269703992207845
84.4149981997907 0.272160307566325
84.419998199679 0.260797357559204
84.4249981995672 0.26201712290446
84.4299981994554 0.25908047358195
84.4349981993437 0.25963028271993
84.4399981992319 0.259497308731079
84.4449981991202 0.258963028589884
84.4499981990084 0.258383973439535
84.4549981988966 0.266948127746582
84.4599981987849 0.260042889912923
84.4649981986731 0.249854326248169
84.4699981985614 0.2504234790802
84.4749981984496 0.252286179860433
84.4799981983379 0.252686643600464
84.4849981982261 0.23974928855896
84.4899981981143 0.234487517674764
84.4949981980026 0.241203419367472
84.4999981978908 0.25117670694987
84.5049981977791 0.251747544606527
84.5099981976673 0.254100751876831
84.5149981975555 0.261724328994751
84.5199981974438 0.27527027130127
84.524998197332 0.28322868347168
84.5299981972203 0.286453342437744
84.5349981971085 0.283108202616374
84.5399981969967 0.269152609507243
84.544998196885 0.265253734588623
84.5499981967732 0.260118897755941
84.5549981966615 0.265033499399821
84.5599981965497 0.263678963979085
84.564998196438 0.253124745686849
84.5699981963262 0.258935117721558
84.5749981962144 0.257938957214355
84.5799981961027 0.265126546223958
84.5849981959909 0.270007960001628
84.5899981958792 0.260894171396891
84.5949981957674 0.255909204483032
84.5999981956556 0.259771410624186
84.6049981955439 0.266658798853556
84.6099981954321 0.268265851338704
84.6149981953204 0.272962633768717
84.6199981952086 0.265151659647624
84.6249981950969 0.263303852081299
84.6299981949851 0.248458115259806
84.6349981948733 0.245174598693848
84.6399981947616 0.239545996983846
84.6449981946498 0.252604579925537
84.6499981945381 0.261071507136027
84.6549981944263 0.262282117207845
84.6599981943145 0.257677555084229
84.6649981942028 0.251713498433431
84.669998194091 0.250267696380615
84.6749981939793 0.242810026804606
84.6799981938675 0.235559368133545
84.6849981937557 0.242205667495728
84.689998193644 0.247387822469076
84.6949981935322 0.251994864145915
84.6999981934205 0.270531590779622
84.7049981933087 0.270500151316325
84.709998193197 0.27313617070516
84.7149981930852 0.261622508366903
84.7199981929734 0.249401744206746
84.7249981928617 0.24824210802714
84.7299981927499 0.250454807281494
84.7349981926382 0.258975744247437
84.7399981925264 0.274166202545166
84.7449981924146 0.290673891703288
84.7499981923029 0.285244750976562
84.7549981921911 0.286841583251953
84.7599981920794 0.280737050374349
84.7649981919676 0.268925380706787
84.7699981918558 0.272124894460042
84.7749981917441 0.25688468615214
84.7799981916323 0.258932733535767
84.7849981915206 0.259221204121908
84.7899981914088 0.257674074172974
84.7949981912971 0.264977868398031
84.7999981911853 0.270699119567871
84.8049981910735 0.267862447102865
84.8099981909618 0.266684182484945
84.81499819085 0.258538786570231
84.8199981907383 0.251141897837321
84.8249981906265 0.240901899337769
84.8299981905147 0.237681372960409
84.834998190403 0.239116223653158
84.8399981902912 0.255678462982178
84.8449981901795 0.277338600158691
84.8499981900677 0.272147909800212
84.854998189956 0.273916403452555
84.8599981898442 0.258445803324382
84.8649981897324 0.259004068374634
84.8699981896207 0.271875699361165
84.8749981895089 0.267557303110758
84.8799981893972 0.265388298034668
84.8849981892854 0.265349435806274
84.8899981891736 0.256928952534993
84.8949981890619 0.263185850779215
84.8999981889501 0.25911062558492
84.9049981888384 0.267383162180583
84.9099981887266 0.269432926177979
84.9149981886148 0.260975170135498
84.9199981885031 0.255990632375081
84.9249981883913 0.252605088551839
84.9299981882796 0.251659568150838
84.9349981881678 0.254543113708496
84.9399981880561 0.249738136927287
84.9449981879443 0.270896975199382
84.9499981878325 0.292612679799398
84.9549981877208 0.298778756459554
84.959998187609 0.292911434173584
84.9649981874973 0.274376773834229
84.9699981873855 0.265690326690674
84.9749981872737 0.260665527979533
84.979998187162 0.241390721003215
84.9849981870502 0.233169666926066
84.9899981869385 0.235096343358358
84.9949981868267 0.243870560328166
84.9999981867149 0.249326833089193
85.0049981866032 0.250901937484741
85.0099981864914 0.251607958475749
85.0149981863797 0.261774746576945
85.0199981862679 0.265575504302978
85.0249981861562 0.28125327428182
85.0299981860444 0.282828140258789
85.0349981859326 0.266088596979777
85.0399981858209 0.267777347564697
85.0449981857091 0.258216540018717
85.0499981855974 0.261760759353638
85.0549981854856 0.265737374623617
85.0599981853738 0.249424997965495
85.0649981852621 0.251317167282105
85.0699981851503 0.252994680404663
85.0749981850386 0.248993857701619
85.0799981849268 0.23664379119873
85.084998184815 0.222587585449219
85.0899981847033 0.223873647054036
85.0949981845915 0.234181992212931
85.0999981844798 0.250997114181519
85.104998184368 0.255257876714071
85.1099981842563 0.252955436706543
85.1149981841445 0.25861341158549
85.1199981840327 0.256036281585693
85.124998183921 0.260031191507975
85.1299981838092 0.261767911911011
85.1349981836975 0.259878619511922
85.1399981835857 0.258473030726115
85.1449981834739 0.240271472930908
85.1499981833622 0.225410032272339
85.1549981832504 0.216750288009644
85.1599981831387 0.229686991373698
85.1649981830269 0.23541735013326
85.1699981829152 0.252650880813599
85.1749981828034 0.248100725809733
85.1799981826916 0.251633564631144
85.1849981825799 0.253280655543009
85.1899981824681 0.248763783772786
85.1949981823564 0.244242382049561
85.1999981822446 0.249543682734172
85.2049981821328 0.252104775110881
85.2099981820211 0.250276740392049
85.2149981819093 0.258730618158976
85.2199981817976 0.26378706296285
85.2249981816858 0.26084885597229
85.229998181574 0.276011943817139
85.2349981814623 0.262675301233927
85.2399981813505 0.266655476888021
85.2449981812388 0.273225529988607
85.249998181127 0.268129507700602
85.2549981810153 0.274787108103434
85.2599981809035 0.27912696202596
85.2649981807917 0.280943298339844
85.26999818068 0.273805936177572
85.2749981805682 0.269872601826986
85.2799981804565 0.25789753595988
85.2849981803447 0.267169920603434
85.2899981802329 0.26295215288798
85.2949981801212 0.250814771652222
85.2999981800094 0.23965417544047
85.3049981798977 0.232613627115885
85.3099981797859 0.240911134084066
85.3149981796741 0.258018096288045
85.3199981795624 0.255612023671468
85.3249981794506 0.263391145070394
85.3299981793389 0.261547374725342
85.3349981792271 0.271415487925212
85.3399981791154 0.27350861231486
85.3449981790036 0.263382466634115
85.3499981788918 0.258525609970093
85.3549981787801 0.259928226470947
85.3599981786683 0.270726076761881
85.3649981785566 0.276620197296143
85.3699981784448 0.279729429880778
85.374998178333 0.284327507019043
85.3799981782213 0.287322330474854
85.3849981781095 0.271475569407145
85.3899981779978 0.258600425720215
85.394998177886 0.24852573076884
85.3999981777743 0.262205219268799
85.4049981776625 0.27544994354248
85.4099981775507 0.276619370778402
85.414998177439 0.269790331522624
85.4199981773272 0.269811407725016
85.4249981772155 0.27123908996582
85.4299981771037 0.274464384714762
85.4349981769919 0.263171672821045
85.4399981768802 0.270429388682048
85.4449981767684 0.273704973856608
85.4499981766567 0.283531093597412
85.4549981765449 0.292359860738118
85.4599981764331 0.295202414194743
85.4649981763214 0.295602003733317
85.4699981762096 0.306120045979818
85.4749981760979 0.297640482584635
85.4799981759861 0.303398195902507
85.4849981758744 0.29383233388265
85.4899981757626 0.276544062296549
85.4949981756508 0.267494328816732
85.4999981755391 0.264914560317993
85.5049981754273 0.272837861378988
85.5099981753156 0.265768750508626
85.5149981752038 0.269742902119954
85.519998175092 0.271399815877279
85.5249981749803 0.287161445617676
85.5299981748685 0.305014705657959
85.5349981747568 0.314710267384847
85.539998174645 0.316415055592855
85.5449981745332 0.313655726114909
85.5499981744215 0.308360131581624
85.5549981743097 0.298403485616048
85.559998174198 0.294124984741211
85.5649981740862 0.292084725697835
85.5699981739745 0.286779340108236
85.5749981738627 0.298173809051514
85.5799981737509 0.314721711476644
85.5849981736392 0.323019409179688
85.5899981735274 0.326026852925619
85.5949981734157 0.317749055226644
85.5999981733039 0.295782438913981
85.6049981731921 0.290125528971354
85.6099981730804 0.28625373840332
85.6149981729686 0.29332447052002
85.6199981728569 0.302155049641927
85.6249981727451 0.294023036956787
85.6299981726334 0.291068394978841
85.6349981725216 0.290218512217204
85.6399981724098 0.296350955963135
85.6449981722981 0.295557181040446
85.6499981721863 0.293180592854818
85.6549981720746 0.279186916351318
85.6599981719628 0.275641918182373
85.664998171851 0.274410120646159
85.6699981717393 0.283803145090739
85.6749981716275 0.29806006749471
85.6799981715158 0.314560349782308
85.684998171404 0.316471862792969
85.6899981712922 0.309831396738688
85.6949981711805 0.302333577473958
85.6999981710687 0.306523005167643
85.704998170957 0.308608277638753
85.7099981708452 0.324022738138835
85.7149981707335 0.321891244252523
85.7199981706217 0.319760004679362
85.7249981705099 0.307808113098145
85.7299981703982 0.302011171976725
85.7349981702864 0.296129099527995
85.7399981701747 0.303848425547282
85.7449981700629 0.303649934132894
85.7499981699511 0.311673005421956
85.7549981698394 0.316916116078695
85.7599981697276 0.323272673288981
85.7649981696159 0.320352649688721
85.7699981695041 0.331287670135498
85.7749981693923 0.323545519510905
85.7799981692806 0.325593725840251
85.7849981691688 0.31904083887736
85.7899981690571 0.324674574534098
85.7949981689453 0.317523097991943
85.7999981688336 0.317949072519938
85.8049981687218 0.32683006922404
85.80999816861 0.323646513621012
85.8149981684983 0.323029804229736
85.8199981683865 0.314965120951335
85.8249981682748 0.311800320943197
85.829998168163 0.335848712921143
85.8349981680512 0.331699148813883
85.8399981679395 0.326673571268717
85.8449981678277 0.310776138305664
85.849998167716 0.313683319091797
85.8549981676042 0.322513071695964
85.8599981674924 0.324634997049967
85.8649981673807 0.302685101826986
85.8699981672689 0.308942095438639
85.8749981671572 0.313421503702799
85.8799981670454 0.311623573303223
85.8849981669337 0.303131866455078
85.8899981668219 0.284412352244059
85.8949981667101 0.28416067759196
85.8999981665984 0.28791348139445
85.9049981664866 0.287575149536133
85.9099981663749 0.284930229187012
85.9149981662631 0.284623654683431
85.9199981661513 0.286938095092773
85.9249981660396 0.29727144241333
85.9299981659278 0.308377774556478
85.9349981658161 0.315164152781169
85.9399981657043 0.307993443806966
85.9449981655926 0.311465771993001
85.9499981654808 0.297872066497803
85.954998165369 0.289887428283691
85.9599981652573 0.288819980621338
85.9649981651455 0.28981294631958
85.9699981650338 0.306344191233317
85.974998164922 0.320132986704508
85.9799981648102 0.326791572570801
85.9849981646985 0.324769592285156
85.9899981645867 0.323888937632243
85.994998164475 0.302109559377034
85.9999981643632 0.29038766225179
86.0049981642514 0.270420201619466
86.0099981641397 0.266451120376587
86.0149981640279 0.26650128364563
86.0199981639162 0.265148035685221
86.0249981638044 0.26686913172404
86.0299981636927 0.25860276222229
86.0349981635809 0.266115427017212
86.0399981634691 0.271623357137044
86.0449981633574 0.278887271881104
86.0499981632456 0.288343524932861
86.0549981631339 0.303071562449137
86.0599981630221 0.292355600992839
86.0649981629103 0.292789936065674
86.0699981627986 0.266264772415161
86.0749981626868 0.261779276529948
86.0799981625751 0.257698504130046
86.0849981624633 0.266594123840332
86.0899981623515 0.258981164296468
86.0949981622398 0.27102419535319
86.099998162128 0.280721124013265
86.1049981620163 0.286364459991455
86.1099981619045 0.284036954243978
86.1149981617928 0.282024606068929
86.119998161681 0.277903270721436
86.1249981615692 0.267287254333496
86.1299981614575 0.249919366836548
86.1349981613457 0.237108246485392
86.139998161234 0.23400076230367
86.1449981611222 0.243997844060262
86.1499981610104 0.249121522903442
86.1549981608987 0.264046955108643
86.1599981607869 0.275753180185954
86.1649981606752 0.28065767288208
86.1699981605634 0.283685302734375
86.1749981604517 0.277550029754639
86.1799981603399 0.269380950927734
86.1849981602281 0.270239575703939
86.1899981601164 0.265930191675822
86.1949981600046 0.259443219502767
86.1999981598929 0.253500350316366
86.2049981597811 0.260268052419027
86.2099981596693 0.268004544576009
86.2149981595576 0.269999567667643
86.2199981594458 0.257257588704427
86.2249981593341 0.249270041783651
86.2299981592223 0.239359585444132
86.2349981591105 0.234853140513102
86.2399981589988 0.231248092651367
86.244998158887 0.238992849985758
86.2499981587753 0.256275304158529
86.2549981586635 0.264728260040283
86.2599981585518 0.272406482696533
86.26499815844 0.260095183054606
86.2699981583282 0.24786213239034
86.2749981582165 0.247248999277751
86.2799981581047 0.240576521555583
86.284998157993 0.249284203847249
86.2899981578812 0.256672128041585
86.2949981577694 0.253314081827799
86.2999981576577 0.259600877761841
86.3049981575459 0.250264422098796
86.3099981574342 0.250812117258708
86.3149981573224 0.251811949412028
86.3199981572106 0.252611478169759
86.3249981570989 0.258662064870199
86.3299981569871 0.267023913065592
86.3349981568754 0.269612471262614
86.3399981567636 0.260875781377157
86.3449981566519 0.254037014643351
86.3499981565401 0.244634787241618
86.3549981564283 0.239788961410522
86.3599981563166 0.236351172129313
86.3649981562048 0.236934312184652
86.3699981560931 0.22650245030721
86.3749981559813 0.228628857930501
86.3799981558695 0.222091229756673
86.3849981557578 0.222797791163127
86.389998155646 0.221711381276449
86.3949981555343 0.222055260340373
86.3999981554225 0.221603981653849
86.4049981553108 0.23026401201884
86.409998155199 0.23380454381307
86.4149981550872 0.252351999282837
86.4199981549755 0.258032735188802
86.4249981548637 0.254747343063355
86.429998154752 0.252004543940226
86.4349981546402 0.251873350143433
86.4399981545284 0.270818328857422
86.4449981544167 0.262294737497966
86.4499981543049 0.264429044723511
86.4549981541932 0.260629097620646
86.4599981540814 0.26091316541036
86.4649981539696 0.26530803044637
86.4699981538579 0.262192487716675
86.4749981537461 0.257581488291423
86.4799981536344 0.250956249237061
86.4849981535226 0.243535121281942
86.4899981534109 0.240138212839762
86.4949981532991 0.252404896418254
86.4999981531873 0.259167782465617
86.5049981530756 0.264824406305949
86.5099981529638 0.267358366648356
86.5149981528521 0.267362403869629
86.5199981527403 0.268749396006266
86.5249981526285 0.253259722391764
86.5299981525168 0.242886749903361
86.534998152405 0.244412279129028
86.5399981522933 0.240279150009155
86.5449981521815 0.244544506072998
86.5499981520697 0.248518737157186
86.554998151958 0.255197334289551
86.5599981518462 0.264177942276001
86.5649981517345 0.266744836171468
86.5699981516227 0.268178780873617
86.574998151511 0.284558486938477
86.5799981513992 0.275556310017904
86.5849981512874 0.272458744049072
86.5899981511757 0.268295129140218
86.5949981510639 0.264295164744059
86.5999981509522 0.258781433105469
86.6049981508404 0.245708735783895
86.6099981507286 0.23677118619283
86.6149981506169 0.242670106887817
86.6199981505051 0.24453927675883
86.6249981503934 0.243246380488078
86.6299981502816 0.216645701726278
86.6349981501698 0.214226961135864
86.6399981500581 0.218931833902995
86.6449981499463 0.219487396876017
86.6499981498346 0.226593462626139
86.6549981497228 0.221145343780518
86.6599981496111 0.232017294565837
86.6649981494993 0.233782911300659
86.6699981493875 0.240600728988647
86.6749981492758 0.242178996404012
86.679998149164 0.243912220001221
86.6849981490523 0.235470136006673
86.6899981489405 0.235289653142293
86.6949981488287 0.269277954101563
86.699998148717 0.277635860443115
86.7049981486052 0.274211088816325
86.7099981484935 0.268279361724854
86.7149981483817 0.265486923853556
86.71999814827 0.279481792449951
86.7249981481582 0.28109982808431
86.7299981480464 0.257976039250692
86.7349981479347 0.240896399815877
86.7399981478229 0.234929434458415
86.7449981477112 0.234767929712931
86.7499981475994 0.242112302780151
86.7549981474876 0.237759526570638
86.7599981473759 0.242346700032552
86.7649981472641 0.250463136037191
86.7699981471524 0.258413791656494
86.7749981470406 0.262416044871012
86.7799981469288 0.273598353068034
86.7849981468171 0.286468060811361
86.7899981467053 0.290920289357503
86.7949981465936 0.284887536366781
86.7999981464818 0.273004023234049
86.8049981463701 0.269620259602865
86.8099981462583 0.265213855107625
86.8149981461465 0.260436534881592
86.8199981460348 0.267705663045247
86.824998145923 0.264149252573649
86.8299981458113 0.264982461929321
86.8349981456995 0.241930389404297
86.8399981455877 0.234713300069173
86.844998145476 0.229162343343099
86.8499981453642 0.231442721684774
86.8549981452525 0.226500558853149
86.8599981451407 0.236042658487956
86.8649981450289 0.2390869140625
86.8699981449172 0.251150767008464
86.8749981448054 0.25797700881958
86.8799981446937 0.259235159556071
86.8849981445819 0.271448612213135
86.8899981444702 0.259965038299561
86.8949981443584 0.271950244903564
86.8999981442466 0.275919691721598
86.9049981441349 0.283128801981608
86.9099981440231 0.277022711435954
86.9149981439114 0.27165896097819
86.9199981437996 0.260758956273397
86.9249981436878 0.262919680277507
86.9299981435761 0.255267429351807
86.9349981434643 0.237504450480143
86.9399981433526 0.238494126001994
86.9449981432408 0.240403413772583
86.9499981431291 0.248495848973592
86.9549981430173 0.245191748936971
86.9599981429055 0.241021251678467
86.9649981427938 0.24013942082723
86.969998142682 0.240879933039347
86.9749981425703 0.255055125554403
86.9799981424585 0.250391515096029
86.9849981423467 0.244133377075195
86.989998142235 0.239301633834839
86.9949981421232 0.233958848317464
86.9999981420115 0.229416926701864
87.0049981418997 0.238868808746338
87.0099981417879 0.242912610371908
87.0149981416762 0.256807645161947
87.0199981415644 0.267810344696045
87.0249981414527 0.264417219161987
87.0299981413409 0.257335837682088
87.0349981412292 0.258068720499675
87.0399981411174 0.256779909133911
87.0449981410056 0.257180500030518
87.0499981408939 0.251539166768392
87.0549981407821 0.247421153386434
87.0599981406704 0.270488993326823
87.0649981405586 0.266071319580078
87.0699981404468 0.255425707499186
87.0749981403351 0.240186866124471
87.0799981402233 0.224586168924967
87.0849981401116 0.222593228022257
87.0899981399998 0.221028995513916
87.094998139888 0.208053700129191
87.0999981397763 0.217341550191243
87.1049981396645 0.221238994598389
87.1099981395528 0.233698622385661
87.114998139441 0.239432128270467
87.1199981393293 0.241283130645752
87.1249981392175 0.251234674453735
87.1299981391057 0.250628598531087
87.134998138994 0.25073889096578
87.1399981388822 0.231545416514079
87.1449981387705 0.229970725377401
87.1499981386587 0.23801695505778
87.1549981385469 0.243129332860311
87.1599981384352 0.252439721425374
87.1649981383234 0.253089157740275
87.1699981382117 0.25548988978068
87.1749981380999 0.258768796920776
87.1799981379882 0.252855523427327
87.1849981378764 0.254760297139486
87.1899981377646 0.249625301361084
87.1949981376529 0.243012158075968
87.1999981375411 0.238020006815592
87.2049981374294 0.248805252710978
87.2099981373176 0.260809230804443
87.2149981372058 0.268506018320719
87.2199981370941 0.271854209899902
87.2249981369823 0.265750630696615
87.2299981368706 0.265084791183472
87.2349981367588 0.265199438730876
87.239998136647 0.261730480194092
87.2449981365353 0.260471280415853
87.2499981364235 0.257376130421956
87.2549981363118 0.248384300867716
87.2599981362 0.236011346181234
87.2649981360883 0.238424158096313
87.2699981359765 0.238285366694133
87.2749981358647 0.241302887598673
87.279998135753 0.24024969736735
87.2849981356412 0.240129566192627
87.2899981355295 0.251280307769775
87.2949981354177 0.247664705912272
87.2999981353059 0.243948411941528
87.3049981351942 0.235116449991862
87.3099981350824 0.247395181655884
87.3149981349707 0.25335701306661
87.3199981348589 0.253195858001709
87.3249981347471 0.254555082321167
87.3299981346354 0.27038033803304
87.3349981345236 0.272485192616781
87.3399981344119 0.273868147532145
87.3449981343001 0.255442365010579
87.3499981341884 0.25651117960612
87.3549981340766 0.262406380971273
87.3599981339648 0.280764897664388
87.3649981338531 0.270619010925293
87.3699981337413 0.261257791519165
87.3749981336296 0.252072699864705
87.3799981335178 0.237966966629028
87.384998133406 0.232882070541382
87.3899981332943 0.219909811019897
87.3949981331825 0.208332268397013
87.3999981330708 0.210005315144857
87.404998132959 0.218407169977824
87.4099981328473 0.216086991628011
87.4149981327355 0.232038418451945
87.4199981326237 0.242754173278809
87.424998132512 0.245854886372884
87.4299981324002 0.248624006907145
87.4349981322885 0.251261059443156
87.4399981321767 0.265343777338664
87.4449981320649 0.272087256113688
87.4499981319532 0.281608549753825
87.4549981318414 0.268703238169352
87.4599981317297 0.259419425328573
87.4649981316179 0.253305117289225
87.4699981315061 0.254128948847453
87.4749981313944 0.25671223004659
87.4799981312826 0.263798936208089
87.4849981311709 0.259489965438843
87.4899981310591 0.253080193201701
87.4949981309474 0.238672304153442
87.4999981308356 0.239366404215495
87.5049981307238 0.253782558441162
87.5099981306121 0.250305493672689
87.5149981305003 0.236265293757121
87.5199981303886 0.238334226608276
87.5249981302768 0.236410347620646
87.529998130165 0.244328371683757
87.5349981300533 0.226799949010213
87.5399981299415 0.211898549397786
87.5449981298298 0.211305999755859
87.549998129718 0.224074602127075
87.5549981296062 0.231765858332316
87.5599981294945 0.247097380956014
87.5649981293827 0.246725447972616
87.569998129271 0.243737316131592
87.5749981291592 0.243003749847412
87.5799981290475 0.234986654917399
87.5849981289357 0.23126490910848
87.5899981288239 0.23897393544515
87.5949981287122 0.252144479751587
87.5999981286004 0.257597955067952
87.6049981284887 0.267759577433268
87.6099981283769 0.274849955240885
87.6149981282651 0.276945463816325
87.6199981281534 0.27194709777832
87.6249981280416 0.252060588200887
87.6299981279299 0.247114706039429
87.6349981278181 0.229901727040609
87.6399981277063 0.218011554082235
87.6449981275946 0.211946153640747
87.6499981274828 0.207296450932821
87.6549981273711 0.215210628509521
87.6599981272593 0.219960292180379
87.6649981271476 0.220277770360311
87.6699981270358 0.226541821161906
87.674998126924 0.229222631454468
87.6799981268123 0.233761819203695
87.6849981267005 0.236821603775024
87.6899981265888 0.236981010437012
87.694998126477 0.232996145884196
87.6999981263652 0.238701454798381
87.7049981262535 0.246117448806763
87.7099981261417 0.25437167485555
87.71499812603 0.266740798950195
87.7199981259182 0.271894327799479
87.7249981258065 0.250130621592204
87.7299981256947 0.239573796590169
87.7349981255829 0.226717885335286
87.7399981254712 0.21857442855835
87.7449981253594 0.227929321924845
87.7499981252477 0.228263314565023
87.7549981251359 0.250602992375692
87.7599981250241 0.25678965250651
87.7649981249124 0.26482671101888
87.7699981248006 0.268062273661296
87.7749981246889 0.266956043243408
87.7799981245771 0.263430404663086
87.7849981244653 0.258155473073324
87.7899981243536 0.255749082565308
87.7949981242418 0.257801596323649
87.7999981241301 0.248077472050985
87.8049981240183 0.225398763020833
87.8099981239066 0.211726713180542
87.8149981237948 0.197571770350138
87.819998123683 0.205823691685994
87.8249981235713 0.226471376419067
87.8299981234595 0.24611029624939
87.8349981233478 0.260367329915365
87.839998123236 0.263053909937541
87.8449981231242 0.241548871994019
87.8499981230125 0.23101970354716
87.8549981229007 0.222248967488607
87.859998122789 0.239824295043945
87.8649981226772 0.242796389261882
87.8699981225654 0.24838186899821
87.8749981224537 0.242105929056803
87.8799981223419 0.233916664123535
87.8849981222302 0.249153439203898
87.8899981221184 0.249808025360107
87.8949981220067 0.250715668996175
87.8999981218949 0.238160975774129
87.9049981217831 0.239287122090658
87.9099981216714 0.238411013285319
87.9149981215596 0.251646741231283
87.9199981214479 0.245056454340617
87.9249981213361 0.249759737650553
87.9299981212243 0.249979829788208
87.9349981211126 0.257325553894043
87.9399981210008 0.246685171127319
87.9449981208891 0.245241371790568
87.9499981207773 0.245049524307251
87.9549981206656 0.251726245880127
87.9599981205538 0.257001177469889
87.964998120442 0.259964958826701
87.9699981203303 0.260015185674032
87.9749981202185 0.26174464225769
87.9799981201068 0.266367133458455
87.984998119995 0.274302800496419
87.9899981198832 0.28040984471639
87.9949981197715 0.280181535085042
87.9999981196597 0.272757784525553
88.004998119548 0.266006183624268
88.0099981194362 0.261952861150106
88.0149981193244 0.265362819035848
88.0199981192127 0.271897633870443
88.0249981191009 0.265580383936564
88.0299981189892 0.246080048878988
88.0349981188774 0.238288402557373
88.0399981187657 0.247630627950033
88.0449981186539 0.237043078740438
88.0499981185421 0.237101332346598
88.0549981184304 0.235256910324097
88.0599981183186 0.231478341420492
88.0649981182069 0.228914213180542
88.0699981180951 0.222544495264689
88.0749981179833 0.225959698359172
88.0799981178716 0.255261007944743
88.0849981177598 0.266334454218547
88.0899981176481 0.255465396245321
88.0949981175363 0.24785099029541
88.0999981174245 0.23042262395223
88.1049981173128 0.236054801940918
88.109998117201 0.237010272343953
88.1149981170893 0.226423056920369
88.1199981169775 0.229037507375081
88.1249981168658 0.224983469645182
88.129998116754 0.222464736302694
88.1349981166422 0.21755625406901
88.1399981165305 0.216867939631144
88.1449981164187 0.21891082127889
88.149998116307 0.235108391443888
88.1549981161952 0.235159047444661
88.1599981160834 0.235563945770264
88.1649981159717 0.248152462641398
88.1699981158599 0.259530289967855
88.1749981157482 0.258281644185384
88.1799981156364 0.254624112447103
88.1849981155247 0.239003229141235
88.1899981154129 0.245900615056356
88.1949981153011 0.244535684585571
88.1999981151894 0.23453942934672
88.2049981150776 0.231347942352295
88.2099981149659 0.234566338857015
88.2149981148541 0.241397857666016
88.2199981147423 0.246795050303141
88.2249981146306 0.246694342295329
88.2299981145188 0.238010040918986
88.2349981144071 0.232729419072469
88.2399981142953 0.232511838277181
88.2449981141835 0.227246046066284
88.2499981140718 0.219998137156169
88.25499811396 0.218637959162394
88.2599981138483 0.220029274622599
88.2649981137365 0.222636699676514
88.2699981136248 0.229773553212484
88.274998113513 0.245165300369263
88.2799981134012 0.250428899129232
88.2849981132895 0.261778322855632
88.2899981131777 0.253238614400228
88.294998113066 0.23550059000651
88.2999981129542 0.238458887736003
88.3049981128424 0.22227505048116
88.3099981127307 0.218000141779582
88.3149981126189 0.216191736857096
88.3199981125072 0.214062754313151
88.3249981123954 0.211837005615234
88.3299981122836 0.220613193511963
88.3349981121719 0.217619307835897
88.3399981120601 0.217429383595785
88.3449981119484 0.225521453221639
88.3499981118366 0.239401149749756
88.3549981117249 0.259178638458252
88.3599981116131 0.25693834622701
88.3649981115013 0.247529490788778
88.3699981113896 0.252366876602173
88.3749981112778 0.243104362487793
88.3799981111661 0.235997104644775
88.3849981110543 0.237802203496297
88.3899981109425 0.24132301012675
88.3949981108308 0.252352698644002
88.399998110719 0.249124145507813
88.4049981106073 0.242070007324219
88.4099981104955 0.250237131118774
88.4149981103837 0.258171383539836
88.419998110272 0.261222251256307
88.4249981101602 0.258360958099365
88.4299981100485 0.255563195546468
88.4349981099367 0.256767845153809
88.439998109825 0.256715393066406
88.4449981097132 0.267997614542643
88.4499981096014 0.269246006011963
88.4549981094897 0.270869286855062
88.4599981093779 0.264554516474406
88.4649981092662 0.249520174662272
88.4699981091544 0.246786308288574
88.4749981090426 0.23596978187561
88.4799981089309 0.251690165201823
88.4849981088191 0.267924340565999
88.4899981087074 0.262114493052165
88.4949981085956 0.268582852681478
88.4999981084839 0.27141269048055
88.5049981083721 0.253700876235962
88.5099981082603 0.242105992635091
88.5149981081486 0.212855863571167
88.5199981080368 0.204242881139119
88.5249981079251 0.211927286783854
88.5299981078133 0.210301828384399
88.5349981077015 0.217101446787516
88.5399981075898 0.227275323867798
88.544998107478 0.227866284052531
88.5499981073663 0.235435104370117
88.5549981072545 0.237175210316976
88.5599981071427 0.235732968648275
88.564998107031 0.238428481419881
88.5699981069192 0.226715135574341
88.5749981068075 0.248008092244466
88.5799981066957 0.25656566619873
88.584998106584 0.261294380823771
88.5899981064722 0.262145709991455
88.5949981063604 0.24750657081604
88.5999981062487 0.249880806605021
88.6049981061369 0.242136192321777
88.6099981060252 0.221224085489909
88.6149981059134 0.213056834538778
88.6199981058016 0.212670548756917
88.6249981056899 0.229287846883138
88.6299981055781 0.229512770970662
88.6349981054664 0.235993067423503
88.6399981053546 0.242285362879435
88.6449981052428 0.249628877639771
88.6499981051311 0.245330508550008
88.6549981050193 0.228606446584066
88.6599981049076 0.221295674641927
88.6649981047958 0.223734935124715
88.6699981046841 0.22245569229126
88.6749981045723 0.224237235387166
88.6799981044605 0.234763336181641
88.6849981043488 0.245701090494792
88.689998104237 0.256807820002238
88.6949981041253 0.247211917241414
88.6999981040135 0.238642724355062
88.7049981039017 0.23404442469279
88.70999810379 0.237805414199829
88.7149981036782 0.237402900060018
88.7199981035665 0.23346274693807
88.7249981034547 0.219122743606567
88.729998103343 0.220898167292277
88.7349981032312 0.231797695159912
88.7399981031194 0.238487577438354
88.7449981030077 0.248087517420451
88.7499981028959 0.251666593551636
88.7549981027842 0.249353233973185
88.7599981026724 0.241095002492269
88.7649981025606 0.222653452555339
88.7699981024489 0.219468291600545
88.7749981023371 0.219311920801799
88.7799981022254 0.230981540679932
88.7849981021136 0.232997576395671
88.7899981020018 0.231857442855835
88.7949981018901 0.222234662373861
88.7999981017783 0.226880757013957
88.8049981016666 0.230717627207438
88.8099981015548 0.234828233718872
88.8149981014431 0.224737501144409
88.8199981013313 0.213261604309082
88.8249981012195 0.204435094197591
88.8299981011078 0.210063028335571
88.834998100996 0.21052835782369
88.8399981008843 0.218468650182088
88.8449981007725 0.226629257202148
88.8499981006607 0.220516792933146
88.854998100549 0.219424343109131
88.8599981004372 0.212391742070516
88.8649981003255 0.219458738962809
88.8699981002137 0.233410310745239
88.8749981001019 0.244613965352376
88.8799980999902 0.255579074223836
88.8849980998784 0.249603589375814
88.8899980997667 0.246175400416056
88.8949980996549 0.239434194564819
88.8999980995432 0.244343725840251
88.9049980994314 0.257158851623535
88.9099980993196 0.266469669342041
88.9149980992079 0.285312334696452
88.9199980990961 0.276566664377848
88.9249980989844 0.270218658447266
88.9299980988726 0.26397606531779
88.9349980987608 0.267869790395101
88.9399980986491 0.248508024215698
88.9449980985373 0.239102760950724
88.9499980984256 0.223468033472697
88.9549980983138 0.237834183375041
88.9599980982021 0.240455325444539
88.9649980980903 0.239899730682373
88.9699980979785 0.245255915323893
88.9749980978668 0.25588370958964
88.979998097755 0.265971597035726
88.9849980976433 0.274660015106201
88.9899980975315 0.260393651326497
88.9949980974197 0.254941701889038
88.999998097308 0.231647761662801
89.0049980971962 0.226553694407145
89.0099980970845 0.223101679484049
89.0149980969727 0.217374038696289
89.0199980968609 0.201338291168213
89.0249980967492 0.209538062413534
89.0299980966374 0.219714657465617
89.0349980965257 0.238880570729574
89.0399980964139 0.231645091374715
89.0449980963022 0.228366088867188
89.0499980961904 0.229617691040039
89.0549980960786 0.235103511810303
89.0599980959669 0.230054759979248
89.0649980958551 0.236657206217448
89.0699980957434 0.233945099512736
89.0749980956316 0.247203318277995
89.0799980955198 0.238105837504069
89.0849980954081 0.240647013982137
89.0899980952963 0.233217414220174
89.0949980951846 0.236196247736613
89.0999980950728 0.230329449971517
89.104998094961 0.224309651056925
89.1099980948493 0.222682809829712
89.1149980947375 0.222847970326742
89.1199980946258 0.231168508529663
89.124998094514 0.243872896830241
89.1299980944023 0.245668570200602
89.1349980942905 0.242032337188721
89.1399980941787 0.241591835021973
89.144998094067 0.230908997853597
89.1499980939552 0.222869920730591
89.1549980938435 0.222318760553996
89.1599980937317 0.212845039367676
89.1649980936199 0.213428322474162
89.1699980935082 0.219093290964762
89.1749980933964 0.215331109364827
89.1799980932847 0.2250519434611
89.1849980931729 0.221135886510213
89.1899980930611 0.223471530278524
89.1949980929494 0.225512806574504
89.1999980928376 0.218655300140381
89.2049980927259 0.224276638031006
89.2099980926141 0.234490537643433
89.2149980925024 0.237331597010295
89.2199980923906 0.235665861765544
89.2249980922788 0.234523598353068
89.2299980921671 0.236558294296265
89.2349980920553 0.241101773579915
89.2399980919436 0.246334075927734
89.2449980918318 0.242981338500977
89.24999809172 0.240919176737467
89.2549980916083 0.240693934758504
89.2599980914965 0.23480118115743
89.2649980913848 0.225205246607463
89.269998091273 0.245983457565308
89.2749980911613 0.241096941630046
89.2799980910495 0.247080214818319
89.2849980909377 0.238551251093547
89.289998090826 0.235196256637573
89.2949980907142 0.23395635286967
89.2999980906025 0.239464982350667
89.3049980904907 0.227939478556315
89.3099980903789 0.224898258845011
89.3149980902672 0.221374257405599
89.3199980901554 0.21733717918396
89.3249980900437 0.226412932078044
89.3299980899319 0.229432360331217
89.3349980898201 0.237858883539836
89.3399980897084 0.244623120625814
89.3449980895966 0.239839140574137
89.3499980894849 0.232281605402629
89.3549980893731 0.220465612411499
89.3599980892614 0.220917654037476
89.3649980891496 0.215679963429769
89.3699980890378 0.212012815475464
89.3749980889261 0.202613226572673
89.3799980888143 0.208250268300374
89.3849980887026 0.220186344782511
89.3899980885908 0.223949352900187
89.394998088479 0.232175286610921
89.3999980883673 0.235081847508748
89.4049980882555 0.225619220733643
89.4099980881438 0.21637503306071
89.414998088032 0.20491574605306
89.4199980879202 0.202289422353109
89.4249980878085 0.208651908238729
89.4299980876967 0.214002434412638
89.434998087585 0.210440905888875
89.4399980874732 0.21612598101298
89.4449980873615 0.225809383392334
89.4499980872497 0.227811622619629
89.4549980871379 0.232444222768148
89.4599980870262 0.231563011805216
89.4649980869144 0.243452755610148
89.4699980868027 0.233866707483927
89.4749980866909 0.236556990941366
89.4799980865791 0.234934441248576
89.4849980864674 0.243641153971354
89.4899980863556 0.253899510701497
89.4949980862439 0.242627159754435
89.4999980861321 0.237776041030884
89.5049980860204 0.232291348775228
89.5099980859086 0.228573163350423
89.5149980857968 0.228623914718628
89.5199980856851 0.231004397074382
89.5249980855733 0.234911998112996
89.5299980854616 0.241031185785929
89.5349980853498 0.237494119008382
89.539998085238 0.224848524729411
89.5449980851263 0.230495373408
89.5499980850145 0.23155574798584
89.5549980849028 0.239795605341593
89.559998084791 0.247821966807048
89.5649980846792 0.254975986480713
89.5699980845675 0.260265938440959
89.5749980844557 0.253371397654216
89.579998084344 0.241679318745931
89.5849980842322 0.244972403844198
89.5899980841205 0.260836839675903
89.5949980840087 0.273300997416178
89.5999980838969 0.252789274851481
89.6049980837852 0.24797887802124
89.6099980836734 0.233345731099447
89.6149980835617 0.237047179539998
89.6199980834499 0.233710956573486
89.6249980833381 0.225051164627075
89.6299980832264 0.212464316685994
89.6349980831146 0.205452791849772
89.6399980830029 0.211518843968709
89.6449980828911 0.22450852394104
89.6499980827793 0.233465798695882
89.6549980826676 0.235182650883993
89.6599980825558 0.23549370765686
89.6649980824441 0.242851638793945
89.6699980823323 0.250781059265137
89.6749980822206 0.239079825083415
89.6799980821088 0.246581109364827
89.684998081997 0.250261767705282
89.6899980818853 0.2483811378479
89.6949980817735 0.24372140566508
89.6999980816618 0.237064901987712
89.70499808155 0.236643616358439
89.7099980814382 0.233952267964681
89.7149980813265 0.225697739919027
89.7199980812147 0.223412307103475
89.724998081103 0.226936594645182
89.7299980809912 0.228127400080363
89.7349980808795 0.229405641555786
89.7399980807677 0.230595334370931
89.7449980806559 0.241321468353271
89.7499980805442 0.248980855941772
89.7549980804324 0.248982175191243
89.7599980803207 0.256806755065918
89.7649980802089 0.257323487599691
89.7699980800971 0.255384874343872
89.7749980799854 0.251037295659383
89.7799980798736 0.231273873647054
89.7849980797619 0.228041696548462
89.7899980796501 0.229459985097249
89.7949980795383 0.241203228632609
89.7999980794266 0.249093437194824
89.8049980793148 0.249093437194824
89.8099980792031 0.246468655268351
89.8149980790913 0.246633895238241
89.8199980789796 0.246947479248047
89.8249980788678 0.248804791768392
89.829998078756 0.250778913497925
89.8349980786443 0.248949273427327
89.8399980785325 0.249015887578328
89.8449980784208 0.242868137359619
89.849998078309 0.249348719914754
89.8549980781972 0.249348719914754
89.8599980780855 0.255981508890788
89.8649980779737 0.25237340927124
89.869998077862 0.252214749654134
89.8749980777502 0.251296536127726
89.8799980776384 0.246429204940796
89.8849980775267 0.246016852060954
89.8899980774149 0.246016852060954
89.8949980773032 0.248936589558919
89.8999980771914 0.244244941075643
89.9049980770797 0.244244941075643
89.9099980769679 0.243391434351603
89.9149980768561 0.252349440256755
89.9199980767444 0.252349440256755
89.9249980766326 0.253497441609701
89.9299980765209 0.257223908106486
89.9349980764091 0.257294623057048
89.9399980762973 0.257294623057048
89.9449980761856 0.268135420481364
89.9499980760738 0.271192169189453
89.9549980759621 0.271192169189453
89.9599980758503 0.28034200668335
89.9649980757385 0.304492537180583
89.9699980756268 0.304492537180583
89.974998075515 0.304075654347738
89.9799980754033 0.278591378529867
89.9849980752915 0.277605946858724
89.9899980751798 0.277605946858724
89.994998075068 0.292179711659749
89.9999980749562 0.30020424524943
90.0049980748445 0.30020424524943
90.0099980747327 0.290438715616862
90.014998074621 0.267109362284342
90.0199980745092 0.267109362284342
90.0249980743974 0.267417367299398
90.0299980742857 0.256696764628092
90.0349980741739 0.256502771377564
90.0399980740622 0.256502771377564
90.0449980739504 0.272416464487712
90.0499980738387 0.281091594696045
90.0549980737269 0.281091594696045
90.0599980736151 0.284206835428874
90.0649980735034 0.290097681681315
90.0699980733916 0.290097681681315
90.0749980732799 0.289975198109945
90.0799980731681 0.270594469706217
90.0849980730563 0.27047446568807
90.0899980729446 0.27047446568807
90.0949980728328 0.290214379628499
90.0999980727211 0.309357452392578
90.1049980726093 0.309357452392578
90.1099980724975 0.310095691680908
90.1149980723858 0.290523751576742
90.119998072274 0.290523751576742
90.1249980721623 0.285139274597168
90.1299980720505 0.268283303578695
90.1349980719388 0.268959331512451
90.139998071827 0.268959331512451
90.1449980717152 0.256323846181234
90.1499980716035 0.24539942741394
90.1549980714917 0.24539942741394
90.15999807138 0.269330183664958
90.1649980712682 0.309515921274821
90.1699980711564 0.310307852427165
90.1749980710447 0.307155132293701
90.1799980709329 0.295319175720215
90.1849980708212 0.291274007161458
90.1899980707094 0.291128381093343
90.1949980705976 0.286123593648275
90.1999980704859 0.288650767008464
90.2049980703741 0.288650767008464
90.2099980702624 0.299753697713216
90.2149980701506 0.289264869689941
90.2199980700389 0.289008013407389
90.2249980699271 0.281022040049235
90.2299980698153 0.273174858093262
90.2349980697036 0.270524342854818
90.2399980695918 0.269465700785319
90.2449980694801 0.256061108907064
90.2499980693683 0.248999913533529
90.2549980692565 0.248999913533529
90.2599980691448 0.26848398844401
90.264998069033 0.275314648946126
90.2699980689213 0.27528502146403
90.2749980688095 0.262391932805379
90.2799980686978 0.24814198811849
90.284998068586 0.251134872436523
90.2899980684742 0.251296552022298
90.2949980683625 0.263103771209717
90.2999980682507 0.27233845392863
90.304998068139 0.273243681589762
90.3099980680272 0.272992833455404
90.3149980679154 0.248189624150594
90.3199980678037 0.247070074081421
90.3249980676919 0.242282740275065
90.3299980675802 0.241471163431803
90.3349980674684 0.245476913452148
90.3399980673566 0.246837345759074
90.3449980672449 0.250368197758992
90.3499980671331 0.260392268498739
90.3549980670214 0.259654172261556
90.3599980669096 0.288825003306071
90.3649980667979 0.293841012318929
90.3699980666861 0.291012414296468
90.3749980665743 0.275927035013835
90.3799980664626 0.269970417022705
90.3849980663508 0.27143726348877
90.3899980662391 0.274367268880208
90.3949980661273 0.264676856994629
90.3999980660155 0.270525074005127
90.4049980659038 0.268310292561849
90.409998065792 0.26685832341512
90.4149980656803 0.273261833190918
90.4199980655685 0.274803256988525
90.4249980654567 0.261352761586507
90.429998065345 0.255346075693766
90.4349980652332 0.248310120900472
90.4399980651215 0.262266524632772
90.4449980650097 0.264744663238525
90.449998064898 0.262718534469604
90.4549980647862 0.258884334564209
90.4599980646744 0.248106384277344
90.4649980645627 0.252667744954427
90.4699980644509 0.256194814046224
90.4749980643392 0.264776690800985
90.4799980642274 0.261344162623088
90.4849980641156 0.250578832626343
90.4899980640039 0.25063624382019
90.4949980638921 0.250482304890951
90.4999980637804 0.248188845316569
90.5049980636686 0.24649969736735
90.5099980635569 0.249435949325562
90.5149980634451 0.235821437835693
90.5199980633333 0.222374518712362
90.5249980632216 0.205863920847575
90.5299980631098 0.221813376744588
90.5349980629981 0.240614302953084
90.5399980628863 0.235621690750122
90.5449980627745 0.234566609064738
90.5499980626628 0.253285662333171
90.554998062551 0.269077746073405
90.5599980624393 0.272080707550049
90.5649980623275 0.268593533833822
90.5699980622157 0.266255394617716
90.574998062104 0.269900449117025
90.5799980619922 0.25954761505127
90.5849980618805 0.241078567504883
90.5899980617687 0.240574804941813
90.594998061657 0.246147553126017
90.5999980615452 0.255982971191406
90.6049980614334 0.268180561065674
90.6099980613217 0.266341495513916
90.6149980612099 0.276539293924967
90.6199980610982 0.267380460103353
90.6249980609864 0.259659258524577
90.6299980608746 0.247211567560832
90.6349980607629 0.231564219792684
90.6399980606511 0.235890928904216
90.6449980605394 0.238814624150594
90.6499980604276 0.2379065990448
90.6549980603158 0.236091868082682
90.6599980602041 0.247040859858195
90.6649980600923 0.256397565205892
90.6699980599806 0.2501296043396
90.6749980598688 0.235956573486328
90.6799980597571 0.223390277226766
90.6849980596453 0.222349468866984
90.6899980595335 0.227770090103149
90.6949980594218 0.224198198318481
90.69999805931 0.218701887130737
90.7049980591983 0.218690188725789
90.7099980590865 0.216566546758016
90.7149980589747 0.226234372456868
90.719998058863 0.22441554069519
90.7249980587512 0.222619024912516
90.7299980586395 0.224651781717936
90.7349980585277 0.236987749735514
90.7399980584159 0.245211919148763
90.7449980583042 0.256588459014893
90.7499980581924 0.252861213684082
90.7549980580807 0.246052217483521
90.7599980579689 0.23961968421936
90.7649980578572 0.238009643554688
90.7699980577454 0.246628840764364
90.7749980576336 0.251191775004069
90.7799980575219 0.261757151285807
90.7849980574101 0.276728789011637
90.7899980572984 0.276959482828776
90.7949980571866 0.270825831095378
90.7999980570748 0.269702243804932
90.8049980569631 0.250477170944214
90.8099980568513 0.259411144256592
90.8149980567396 0.261265675226847
90.8199980566278 0.25935165087382
90.8249980565161 0.255398511886597
90.8299980564043 0.252013683319092
90.8349980562925 0.249659029642741
90.8399980561808 0.246832211812337
90.844998056069 0.237034432093302
90.8499980559573 0.231989765167236
90.8549980558455 0.241414451599121
90.8599980557337 0.243689473470052
90.864998055622 0.252915398279826
90.8699980555102 0.246584637959798
90.8749980553985 0.234419822692871
90.8799980552867 0.234366416931152
90.8849980551749 0.245731846491496
90.8899980550632 0.255721632639567
90.8949980549514 0.244426472981771
90.8999980548397 0.235658582051595
90.9049980547279 0.229664341608683
90.9099980546162 0.241077168782552
90.9149980545044 0.240047359466553
90.9199980543926 0.236640024185181
90.9249980542809 0.234388955434163
90.9299980541691 0.237633148829142
90.9349980540574 0.236615546544393
90.9399980539456 0.232102870941162
90.9449980538338 0.233219035466512
90.9499980537221 0.241066249211629
90.9549980536103 0.247251049677531
90.9599980534986 0.240835030873617
90.9649980533868 0.237187385559082
90.969998053275 0.230546681086222
90.9749980531633 0.232113027572632
90.9799980530515 0.232296021779378
90.9849980529398 0.220047903060913
90.989998052828 0.222948662439982
90.9949980527163 0.225171772638957
90.9999980526045 0.240234597524007
91.0049980524927 0.249322891235352
91.009998052381 0.246662394205729
91.0149980522692 0.250197251637777
91.0199980521575 0.259412813186646
91.0249980520457 0.254409742355347
91.0299980519339 0.24790472984314
91.0349980518222 0.238881222407023
91.0399980517104 0.248857100804647
91.0449980515987 0.262624454498291
91.0499980514869 0.252718242009481
91.0549980513752 0.254518636067708
91.0599980512634 0.256204907099406
91.0649980511516 0.243626244862874
91.0699980510399 0.239630397160848
91.0749980509281 0.233270978927612
91.0799980508164 0.222252941131592
91.0849980507046 0.242064634958903
91.0899980505928 0.251761945088704
91.0949980504811 0.256901470820109
91.0999980503693 0.256278085708618
91.1049980502576 0.229725853602091
91.1099980501458 0.223106813430786
91.114998050034 0.225740003585815
91.1199980499223 0.228588501612345
91.1249980498105 0.233448759714762
91.1299980496988 0.237436962127686
91.134998049587 0.245497465133667
91.1399980494753 0.26620930035909
91.1449980493635 0.263699960708618
91.1499980492517 0.269107437133789
91.15499804914 0.258905871709188
91.1599980490282 0.256383593877157
91.1649980489165 0.247230323155721
91.1699980488047 0.233460632960002
91.1749980486929 0.228128560384115
91.1799980485812 0.2293137550354
91.1849980484694 0.241569598515828
91.1899980483577 0.252003479003906
91.1949980482459 0.255091540018717
91.1999980481341 0.252072827021281
91.2049980480224 0.256974077224731
91.2099980479106 0.252210346857707
91.2149980477989 0.250425863265991
91.2199980476871 0.232918977737427
91.2249980475754 0.229201157887777
91.2299980474636 0.23172550201416
91.2349980473518 0.229342540105184
91.2399980472401 0.239627456665039
91.2449980471283 0.235790967941284
91.2499980470166 0.232734139760335
91.2549980469048 0.237584559122721
91.259998046793 0.241147740681966
91.2649980466813 0.256960360209147
91.2699980465695 0.273194630940755
91.2749980464578 0.268505827585856
91.279998046346 0.257743914922078
91.2849980462343 0.233442831039429
91.2899980461225 0.227910010019938
91.2949980460107 0.226346890131632
91.299998045899 0.227870432535807
91.3049980457872 0.222765223185221
91.3099980456755 0.227549171447754
91.3149980455637 0.221749385197957
91.3199980454519 0.205524396896362
91.3249980453402 0.206488148371379
91.3299980452284 0.210565360387166
91.3349980451167 0.232486883799235
91.3399980450049 0.233554697036743
91.3449980448931 0.237941074371338
91.3499980447814 0.239669911066691
91.3549980446696 0.230188179016113
91.3599980445579 0.219639126459758
91.3649980444461 0.225654220581055
91.3699980443344 0.233357588450114
91.3749980442226 0.247601652145386
91.3799980441108 0.250892384847005
91.3849980439991 0.247693713506063
91.3899980438873 0.244793176651001
91.3949980437756 0.243123324712118
91.3999980436638 0.23697927792867
91.404998043552 0.244002946217855
91.4099980434403 0.232842493057251
91.4149980433285 0.2252090771993
91.4199980432168 0.217079798380534
91.424998043105 0.21176822980245
91.4299980429932 0.203164784113566
91.4349980428815 0.211437066396077
91.4399980427697 0.229946724573771
91.444998042658 0.237079509099325
91.4499980425462 0.234192339579264
91.4549980424345 0.213885323206584
91.4599980423227 0.221895821889242
91.4649980422109 0.243850040435791
91.4699980420992 0.252240022023519
91.4749980419874 0.247767972946167
91.4799980418757 0.235894330342611
91.4849980417639 0.237844133377075
91.4899980416521 0.238278436660767
91.4949980415404 0.234558169047038
91.4999980414286 0.228175354003906
91.5049980413169 0.22179897626241
91.5099980412051 0.221642939249674
91.5149980410933 0.21355086962382
91.5199980409816 0.224881474177043
91.5249980408698 0.235174973805745
91.5299980407581 0.250376542409261
91.5349980406463 0.252594153086344
91.5399980405346 0.232022555669149
91.5449980404228 0.231701930363973
91.549998040311 0.231684764226278
91.5549980401993 0.23925313949585
91.5599980400875 0.258159176508586
91.5649980399758 0.247464195887248
91.569998039864 0.251840098698934
91.5749980397522 0.239376862843831
91.5799980396405 0.254250955581665
91.5849980395287 0.265119647979736
91.589998039417 0.264595143000285
91.5949980393052 0.267652765909831
91.5999980391935 0.257929770151774
91.6049980390817 0.26916831334432
91.6099980389699 0.264636866251628
91.6149980388582 0.269232368469238
91.6199980387464 0.268764877319336
91.6249980386347 0.269712829589844
91.6299980385229 0.260555998484294
91.6349980384111 0.243554417292277
91.6399980382994 0.238329235712687
91.6449980381876 0.244416379928589
91.6499980380759 0.249282026290894
91.6549980379641 0.231279198328654
91.6599980378523 0.214143387476603
91.6649980377406 0.211052433649699
91.6699980376288 0.217311795552572
91.6749980375171 0.214145453770955
91.6799980374053 0.211826101938883
91.6849980372936 0.209681399663289
91.6899980371818 0.211238638559977
91.69499803707 0.21297345161438
91.6999980369583 0.21291610399882
91.7049980368465 0.221754471460978
91.7099980367348 0.218990310033162
91.714998036623 0.221177037556966
91.7199980365112 0.221303701400757
91.7249980363995 0.235770734151204
91.7299980362877 0.243307479222616
91.734998036176 0.242000961303711
91.7399980360642 0.23284740447998
91.7449980359524 0.236727221806844
91.7499980358407 0.24453452428182
91.7549980357289 0.254317426681519
91.7599980356172 0.253648583094279
91.7649980355054 0.249222850799561
91.7699980353937 0.251528851191203
91.7749980352819 0.255988264083862
91.7799980351701 0.248297468821208
91.7849980350584 0.241068172454834
91.7899980349466 0.241514825820923
91.7949980348349 0.23974544207255
91.7999980347231 0.230950593948364
91.8049980346113 0.202552525202433
91.8099980344996 0.180933952331543
91.8149980343878 0.185050137837728
91.8199980342761 0.189720884958903
91.8249980341643 0.206270949045817
91.8299980340526 0.216422176361084
91.8349980339408 0.238169940312703
91.839998033829 0.259107049306234
91.8449980337173 0.264891179402669
91.8499980336055 0.25312549273173
91.8549980334938 0.244165897369385
91.859998033382 0.238202905654907
91.8649980332702 0.25965526898702
91.8699980331585 0.25836009979248
91.8749980330467 0.264691130320231
91.879998032935 0.246197001139323
91.8849980328232 0.23615255355835
91.8899980327114 0.237739404042562
91.8949980325997 0.25671976407369
91.8999980324879 0.256760454177856
91.9049980323762 0.253517564137777
91.9099980322644 0.246707836786906
91.9149980321527 0.249174340565999
91.9199980320409 0.247687196731567
91.9249980319291 0.237934287389119
91.9299980318174 0.223044649759928
91.9349980317056 0.236229801177979
91.9399980315939 0.234185838699341
91.9449980314821 0.235674031575521
91.9499980313703 0.237759288152059
91.9549980312586 0.221687459945679
91.9599980311468 0.219401518503825
91.9649980310351 0.206078799565633
91.9699980309233 0.202968231836955
91.9749980308115 0.189284467697144
91.9799980306998 0.180902449289958
91.984998030588 0.182112900416056
91.9899980304763 0.199050092697144
91.9949980303645 0.209385824203491
91.9999980302528 0.216617902119954
92.004998030141 0.21286366780599
92.0099980300292 0.209033600489299
92.0149980299175 0.210789759953817
92.0199980298057 0.210416221618652
92.024998029694 0.200554625193278
92.0299980295822 0.207946507136027
92.0349980294704 0.218306144078573
92.0399980293587 0.238412729899089
92.0449980292469 0.234201717376709
92.0499980291352 0.231981070836385
92.0549980290234 0.239979473749797
92.0599980289117 0.243399381637573
92.0649980287999 0.248071225484212
92.0699980286881 0.228813648223877
92.0749980285764 0.223068221410116
92.0799980284646 0.223946142196655
92.0849980283529 0.220590241750081
92.0899980282411 0.203965266545614
92.0949980281293 0.186141459147135
92.0999980280176 0.189755662282308
92.1049980279058 0.198889271418254
92.1099980277941 0.20880963007609
92.1149980276823 0.21309642791748
92.1199980275705 0.217121171951294
92.1249980274588 0.234587939580282
92.129998027347 0.240914376576742
92.1349980272353 0.247038205464681
92.1399980271235 0.249104817708333
92.1449980270118 0.244695488611857
92.1499980269 0.23985333442688
92.1549980267882 0.233890183766683
92.1599980266765 0.230513922373454
92.1649980265647 0.227487182617188
92.169998026453 0.248144372304281
92.1749980263412 0.25658925374349
92.1799980262294 0.263098875681559
92.1849980261177 0.250006914138794
92.1899980260059 0.222246201833089
92.1949980258942 0.228651746114095
92.1999980257824 0.22292062441508
92.2049980256706 0.21115779876709
92.2099980255589 0.198872788747152
92.2149980254471 0.191981156667074
92.2199980253354 0.203592093785604
92.2249980252236 0.223361349105835
92.2299980251119 0.240625619888306
92.2349980250001 0.251561641693115
92.2399980248883 0.234814055760701
92.2449980247766 0.215539185206095
92.2499980246648 0.205760844548543
92.2549980245531 0.205995162328084
92.2599980244413 0.208094104131063
92.2649980243295 0.205168883005778
92.2699980242178 0.213749885559082
92.274998024106 0.213239733378092
92.2799980239943 0.207213687896729
92.2849980238825 0.209020376205444
92.2899980237708 0.214388052622477
92.294998023659 0.2129012743632
92.2999980235472 0.211339219411214
92.3049980234355 0.224313990275065
92.3099980233237 0.229026047388713
92.314998023212 0.236942990620931
92.3199980231002 0.232271289825439
92.3249980229884 0.247391112645467
92.3299980228767 0.254625336329142
92.3349980227649 0.248324410120646
92.3399980226532 0.214586766560872
92.3449980225414 0.198518339792887
92.3499980224296 0.19053324063619
92.3549980223179 0.16942466100057
92.3599980222061 0.177176364262899
92.3649980220944 0.19844692548116
92.3699980219826 0.215444835027059
92.3749980218709 0.226386547088623
92.3799980217591 0.230130179723104
92.3849980216473 0.231962935129801
92.3899980215356 0.232143545150757
92.3949980214238 0.221242761611938
92.3999980213121 0.199644962946574
92.4049980212003 0.198435227076213
92.4099980210885 0.200854651133219
92.4149980209768 0.206277879079183
92.419998020865 0.216220664978027
92.4249980207533 0.226016759872437
92.4299980206415 0.238693141937256
92.4349980205297 0.237626965840658
92.439998020418 0.225370454788208
92.4449980203062 0.212502415974935
92.4499980201945 0.208907683690389
92.4549980200827 0.203579823176066
92.459998019971 0.201609404881795
92.4649980198592 0.207927163441976
92.4699980197474 0.203095531463623
92.4749980196357 0.208098379770915
92.4799980195239 0.205232286453247
92.4849980194122 0.215920321146647
92.4899980193004 0.229868078231812
92.4949980191886 0.225520833333333
92.4999980190769 0.227953640619914
92.5049980189651 0.212680625915527
92.5099980188534 0.210825856526693
92.5149980187416 0.214615345001221
92.5199980186298 0.200035127003988
92.5249980185181 0.20487707455953
92.5299980184063 0.20696447690328
92.5349980182946 0.217918093999227
92.5399980181828 0.226036500930786
92.5449980180711 0.223646370569865
92.5499980179593 0.226924244562785
92.5549980178475 0.225005197525024
92.5599980177358 0.216329447428385
92.564998017624 0.208391459782918
92.5699980175123 0.208640193939209
92.5749980174005 0.209572982788086
92.5799980172887 0.21006137530009
92.584998017177 0.225897137324015
92.5899980170652 0.225781774520874
92.5949980169535 0.224604193369548
92.5999980168417 0.21754568417867
92.60499801673 0.217151498794556
92.6099980166182 0.212267939249674
92.6149980165064 0.212638155619303
92.6199980163947 0.208234866460164
92.6249980162829 0.204414780934652
92.6299980161712 0.192853752772013
92.6349980160594 0.17488652865092
92.6399980159476 0.175726922353109
92.6449980158359 0.184894911448161
92.6499980157241 0.200733502705892
92.6549980156124 0.202514346440633
92.6599980155006 0.193587573369344
92.6649980153888 0.177955230077108
92.6699980152771 0.172642993927002
92.6749980151653 0.183235692977905
92.6799980150536 0.191384553909302
92.6849980149418 0.193896881739299
92.6899980148301 0.193072255452474
92.6949980147183 0.196866051355998
92.6999980146065 0.206026140848796
92.7049980144948 0.204111973444621
92.709998014383 0.196078046162923
92.7149980142713 0.199578428268433
92.7199980141595 0.201666593551636
92.7249980140477 0.209358914693197
92.729998013936 0.202308130264282
92.7349980138242 0.208466100692749
92.7399980137125 0.207933775583903
92.7449980136007 0.20630046526591
92.7499980134889 0.20678334236145
92.7549980133772 0.181988350550334
92.7599980132654 0.179190921783447
92.7649980131537 0.177480379740397
92.7699980130419 0.190417782465617
92.7749980129302 0.19255379041036
92.7799980128184 0.191212908426921
92.7849980127066 0.178870932261149
92.7899980125949 0.173339494069417
92.7949980124831 0.187794907887777
92.7999980123714 0.200904989242554
92.8049980122596 0.212469069163005
92.8099980121478 0.208274094263713
92.8149980120361 0.205373239517212
92.8199980119243 0.206791575749715
92.8249980118126 0.21452112197876
92.8299980117008 0.207809925079346
92.8349980115891 0.206485271453857
92.8399980114773 0.197194910049438
92.8449980113655 0.190549453099569
92.8499980112538 0.177439498901367
92.854998011142 0.173537588119507
92.8599980110303 0.178855180740356
92.8649980109185 0.172807343800863
92.8699980108067 0.179235665003459
92.874998010695 0.172400856018066
92.8799980105832 0.183349752426147
92.8849980104715 0.215083487828573
92.8899980103597 0.220747979482015
92.8949980102479 0.215562184651693
92.8999980101362 0.216338141759237
92.9049980100244 0.236425511042277
92.9099980099127 0.245109780629476
92.9149980098009 0.229241228103638
92.9199980096892 0.20337119102478
92.9249980095774 0.204927937189738
92.9299980094656 0.199824730555216
92.9349980093539 0.19921194712321
92.9399980092421 0.193980534871419
92.9449980091304 0.186310974756877
92.9499980090186 0.191012477874756
92.9549980089068 0.192428620656331
92.9599980087951 0.190437348683675
92.9649980086833 0.193925269444784
92.9699980085716 0.197028112411499
92.9749980084598 0.216902812321981
92.979998008348 0.22581950823466
92.9849980082363 0.238609615961711
92.9899980081245 0.238117281595866
92.9949980080128 0.255478127797445
92.999998007901 0.244588470458984
93.0049980077893 0.240160783131917
93.0099980076775 0.235876719156901
93.0149980075657 0.227084811528524
93.019998007454 0.224620866775513
93.0249980073422 0.200274531046549
93.0299980072305 0.186560440063477
93.0349980071187 0.19253142674764
93.0399980070069 0.205814186731974
93.0449980068952 0.214185698827108
93.0499980067834 0.204182402292887
93.0549980066717 0.202158069610596
93.0599980065599 0.204355748494466
93.0649980064482 0.211986748377482
93.0699980063364 0.224217208226522
93.0749980062246 0.223647944132487
93.0799980061129 0.234302488962809
93.0849980060011 0.239600467681885
93.0899980058894 0.230268621444702
93.0949980057776 0.210615698496501
93.0999980056658 0.195652023951213
93.1049980055541 0.194628238677979
93.1099980054423 0.201929299036662
93.1149980053306 0.192216189702352
93.1199980052188 0.188160117467244
93.124998005107 0.204506095250448
93.1299980049953 0.217212581634521
93.1349980048835 0.2181236743927
93.1399980047718 0.220305967330933
93.14499800466 0.210642464955648
93.1499980045483 0.224503787358602
93.1549980044365 0.220219739278158
93.1599980043247 0.219704675674438
93.164998004213 0.217557446161906
93.1699980041012 0.209546629587809
93.1749980039895 0.221297518412272
93.1799980038777 0.208322970072428
93.1849980037659 0.226451126734416
93.1899980036542 0.223205550511678
93.1949980035424 0.241381486256917
93.1999980034307 0.249352153142293
93.2049980033189 0.2459801197052
93.2099980032071 0.247086795171102
93.2149980030954 0.249487590789795
93.2199980029836 0.255666176478068
93.2249980028719 0.23201535542806
93.2299980027601 0.223144245147705
93.2349980026484 0.219435850779215
93.2399980025366 0.228101682662964
93.2449980024248 0.23374015490214
93.2499980023131 0.22262716293335
93.2549980022013 0.220281235376994
93.2599980020896 0.214828205108643
93.2649980019778 0.209460687637329
93.269998001866 0.21078847249349
93.2749980017543 0.204413954416911
93.2799980016425 0.205123615264893
93.2849980015308 0.20853803952535
93.289998001419 0.210645484924316
93.2949980013072 0.216201178232829
93.2999980011955 0.220700661341349
93.3049980010837 0.214982795715332
93.309998000972 0.201033926010132
93.3149980008602 0.190143585205078
93.3199980007485 0.205910189946493
93.3249980006367 0.217050727208455
93.3299980005249 0.235974025726318
93.3349980004132 0.220011297861735
93.3399980003014 0.227361504236857
93.3449980001897 0.22889191309611
93.3499980000779 0.236603625615438
93.3549979999661 0.238734006881714
93.3599979998544 0.219243129094442
93.3649979997426 0.218205277125041
93.3699979996309 0.209167098999023
93.3749979995191 0.215571149190267
93.3799979994074 0.216779232025146
93.3849979992956 0.209447447458903
93.3899979991838 0.200889492034912
93.3949979990721 0.209650309880575
93.3999979989603 0.216963195800781
93.4049979988486 0.231428861618042
93.4099979987368 0.236476278305054
93.414997998625 0.241749382019043
93.4199979985133 0.258010737101237
93.4249979984015 0.266658624013265
93.4299979982898 0.267810980478923
93.434997998178 0.270210647583008
93.4399979980662 0.257085355122884
93.4449979979545 0.235503896077474
93.4499979978427 0.233331823348999
93.454997997731 0.231459013621012
93.4599979976192 0.244462474187215
93.4649979975075 0.246409018834432
93.4699979973957 0.263498020172119
93.4749979972839 0.292882219950358
93.4799979971722 0.301489416758219
93.4849979970604 0.278304767608643
93.4899979969487 0.26749807993571
93.4949979968369 0.271519184112549
93.4999979967251 0.285177771250407
93.5049979966134 0.27348165512085
93.5099979965016 0.243670225143433
93.5149979963899 0.238346926371257
93.5199979962781 0.233370590209961
93.5249979961663 0.239969619115194
93.5299979960546 0.238350852330526
93.5349979959428 0.246647914250692
93.5399979958311 0.261970059076945
93.5449979957193 0.273043982187907
93.5499979956076 0.282730356852214
93.5549979954958 0.28822914759318
93.559997995384 0.308011627197266
93.5649979952723 0.302277119954427
93.5699979951605 0.278680292765299
93.5749979950488 0.268262799580892
93.579997994937 0.27056090037028
93.5849979948252 0.279556179046631
93.5899979947135 0.305228614807129
93.5949979946017 0.321423816680908
93.59999799449 0.326765569051107
93.6049979943782 0.313685925801595
93.6099979942665 0.314254951477051
93.6149979941547 0.325384330749512
93.6199979940429 0.337856960296631
93.6249979939312 0.344625091552734
93.6299979938194 0.349479866027832
93.6349979937077 0.342293739318848
93.6399979935959 0.35790974299113
93.6449979934841 0.368701903025309
93.6499979933724 0.389021015167236
93.6549979932606 0.412375005086263
93.6599979931489 0.425586160024007
93.6649979930371 0.412530263264974
93.6699979929253 0.396470546722412
93.6749979928136 0.365909258524577
93.6799979927018 0.378522300720215
93.6849979925901 0.386473910013835
93.6899979924783 0.425378640492757
93.6949979923666 0.450236384073893
93.6999979922548 0.466918595631917
93.704997992143 0.475463549296061
93.7099979920313 0.496883964538574
93.7149979919195 0.478816731770833
93.7199979918078 0.451569684346517
93.724997991696 0.404838403065999
93.7299979915842 0.401491546630859
93.7349979914725 0.39808308283488
93.7399979913607 0.424478912353516
93.744997991249 0.433617528279622
93.7499979911372 0.432338460286458
93.7549979910254 0.428940931955973
93.7599979909137 0.413058471679688
93.7649979908019 0.427893384297689
93.7699979906902 0.444906107584635
93.7749979905784 0.490242131551107
93.7799979904667 0.500711949666341
93.7849979903549 0.522803624471029
93.7899979902431 0.525684928894043
93.7949979901314 0.524083836873372
93.7999979900196 0.501852480570475
93.8049979899079 0.494237804412842
93.8099979897961 0.477036158243815
93.8149979896843 0.485282643636068
93.8199979895726 0.509162934621175
93.8249979894608 0.512159411112467
93.8299979893491 0.509685866038005
93.8349979892373 0.513504886627197
93.8399979891256 0.519303925832113
93.8449979890138 0.528319485982259
93.849997988902 0.502335198720296
93.8549979887903 0.503000068664551
93.8599979886785 0.515056991577148
93.8649979885668 0.530036958058675
93.869997988455 0.521762688954671
93.8749979883432 0.544357744852702
93.8799979882315 0.553911209106445
93.8849979881197 0.586396980285645
93.889997988008 0.582425244649251
93.8949979878962 0.585261344909668
93.8999979877844 0.588398170471191
93.9049979876727 0.581895065307617
93.9099979875609 0.582823499043783
93.9149979874492 0.573091061909993
93.9199979873374 0.557429695129395
93.9249979872257 0.565929349263509
93.9299979871139 0.551068687438965
93.9349979870021 0.554222043355306
93.9399979868904 0.55639533996582
93.9449979867786 0.557884089152018
93.9499979866669 0.562472852071126
93.9549979865551 0.565521176656087
93.9599979864433 0.576114273071289
93.9649979863316 0.582060686747233
93.9699979862198 0.573777770996094
93.9749979861081 0.590356254577637
93.9799979859963 0.606927744547526
93.9849979858845 0.644001452128092
93.9899979857728 0.647711245218913
93.994997985661 0.653256924947103
93.9999979855493 0.615758832295736
94.0049979854375 0.581547737121582
94.0099979853258 0.542715581258138
94.014997985214 0.565487162272135
94.0199979851022 0.587811851501465
94.0249979849905 0.598980903625488
94.0299979848787 0.619515736897787
94.034997984767 0.615370877583822
94.0399979846552 0.629285748799642
94.0449979845434 0.622431055704753
94.0499979844317 0.602470715840658
94.0549979843199 0.602225240071615
94.0599979842082 0.61047732035319
94.0649979840964 0.590592130025228
94.0699979839846 0.579681460062663
94.0749979838729 0.590988794962565
94.0799979837611 0.568985939025879
94.0849979836494 0.561924616495768
94.0899979835376 0.545746421813965
94.0949979834259 0.535157076517741
94.0999979833141 0.527367305755615
94.1049979832023 0.487955729166667
94.1099979830906 0.492845185597738
94.1149979829788 0.511846892038981
94.1199979828671 0.50182097752889
94.1249979827553 0.510224342346191
94.1299979826435 0.543282127380371
94.1349979825318 0.560724512736003
94.13999798242 0.55580800374349
94.1449979823083 0.517491022745768
94.1499979821965 0.526698366800944
94.1549979820848 0.552865664164225
94.159997981973 0.559958012898763
94.1649979818612 0.555977503458659
94.1699979817495 0.501638158162435
94.1749979816377 0.498843256632487
94.179997981526 0.511244360605876
94.1849979814142 0.514697551727295
94.1899979813024 0.529759915669759
94.1949979811907 0.500370343526204
94.1999979810789 0.489405568440755
94.2049979809672 0.461287689208984
94.2099979808554 0.444982083638509
94.2149979807436 0.437102667490641
94.2199979806319 0.439847723642985
94.2249979805201 0.459559218088786
94.2299979804084 0.465363216400147
94.2349979802966 0.445925331115723
94.2399979801849 0.42452179590861
94.2449979800731 0.40773073832194
94.2499979799613 0.383094437917074
94.2549979798496 0.396131610870361
94.2599979797378 0.379455534617106
94.2649979796261 0.397674179077148
94.2699979795143 0.390886942545573
94.2749979794025 0.403799819946289
94.2799979792908 0.397108936309814
94.284997979179 0.381052780151367
94.2899979790673 0.380054187774658
94.2949979789555 0.371796607971191
94.2999979788437 0.384859371185303
94.304997978732 0.384376017252604
94.3099979786202 0.388686943054199
94.3149979785085 0.398870690663656
94.3199979783967 0.391550954182943
94.324997978285 0.402985000610352
94.3299979781732 0.405982240041097
94.3349979780614 0.396054108937581
94.3399979779497 0.401202774047852
94.3449979778379 0.396193091074626
94.3499979777262 0.405038674672445
94.3549979776144 0.391956615447998
94.3599979775026 0.369460360209147
94.3649979773909 0.336086591084798
94.3699979772791 0.3493927637736
94.3749979771674 0.358993403116862
94.3799979770556 0.33742634455363
94.3849979769439 0.334291776021322
94.3899979768321 0.326288032531738
94.3949979767203 0.344257036844889
94.3999979766086 0.346731122334798
94.4049979764968 0.348297468821208
94.4099979763851 0.31265230178833
94.4149979762733 0.307181739807129
94.4199979761615 0.307094573974609
94.4249979760498 0.319464651743571
94.429997975938 0.322219181060791
94.4349979758263 0.301702435811361
94.4399979757145 0.317719268798828
94.4449979756027 0.330855274200439
94.449997975491 0.298188845316569
94.4549979753792 0.300172932942708
94.4599979752675 0.268849849700928
94.4649979751557 0.273062705993652
94.469997975044 0.289205996195475
94.4749979749322 0.295304107666016
94.4799979748204 0.302666886647542
94.4849979747087 0.29822317759196
94.4899979745969 0.287042490641276
94.4949979744852 0.294962215423584
94.4999979743734 0.29670082728068
94.5049979742616 0.29581085840861
94.5099979741499 0.301336352030436
94.5149979740381 0.289397462209066
94.5199979739264 0.255402183532715
94.5249979738146 0.246148935953776
94.5299979737028 0.227341222763062
94.5349979735911 0.241923745473226
94.5399979734793 0.22240735689799
94.5449979733676 0.23329602877299
94.5499979732558 0.239918788274129
94.5549979731441 0.253370269139608
94.5599979730323 0.233053223292033
94.5649979729205 0.233157014846802
94.5699979728088 0.229249127705892
94.574997972697 0.241902446746826
94.5799979725853 0.228871647516886
94.5849979724735 0.24133259455363
94.5899979723617 0.237651475270589
94.59499797225 0.25793039004008
94.5999979721382 0.253743092219035
94.6049979720265 0.25994439125061
94.6099979719147 0.265601523717244
94.614997971803 0.264253203074137
94.6199979716912 0.252551952997843
94.6249979715794 0.249575646718343
94.6299979714677 0.247021627426147
94.6349979713559 0.265319347381592
94.6399979712442 0.239463361104329
94.6449979711324 0.242358191808065
94.6499979710206 0.221992667516073
94.6549979709089 0.219662396113078
94.6599979707971 0.224247169494629
94.6649979706854 0.211881224314372
94.6699979705736 0.213861115773519
94.6749979704618 0.181054798762004
94.6799979703501 0.17584966023763
94.6849979702383 0.178971338272095
94.6899979701266 0.168575350443522
94.6949979700148 0.169194221496582
94.6999979699031 0.184606599807739
94.7049979697913 0.206753047307332
94.7099979696795 0.229105933507284
94.7149979695678 0.235762389500936
94.719997969456 0.25072013537089
94.7249979693443 0.265394258499146
94.7299979692325 0.267105579376221
94.7349979691207 0.259806823730469
94.739997969009 0.232521692911784
94.7449979688972 0.217474619547526
94.7499979687855 0.195602671305339
94.7549979686737 0.189694229761759
94.7599979685619 0.190959596633911
94.7649979684502 0.204741891225179
94.7699979683384 0.232281748453776
94.7749979682267 0.245484193166097
94.7799979681149 0.226895650227865
94.7849979680032 0.220952526728312
94.7899979678914 0.218260908126831
94.7949979677796 0.221831750869751
94.7999979676679 0.221264521280924
94.8049979675561 0.216120100021362
94.8099979674444 0.209808174769084
94.8149979673326 0.185749991734823
94.8199979672208 0.163471126556396
94.8249979671091 0.157023032506307
94.8299979669973 0.155987087885539
94.8349979668856 0.153813234965007
94.8399979667738 0.156784741083781
94.844997966662 0.175727383295695
94.8499979665503 0.183536672592163
94.8549979664385 0.17032036781311
94.8599979663268 0.162291971842448
94.864997966215 0.16274463335673
94.8699979661033 0.183949184417725
94.8749979659915 0.175817807515462
94.8799979658797 0.172460254033407
94.884997965768 0.163356367746989
94.8899979656562 0.164545567830404
94.8949979655445 0.17971126238505
94.8999979654327 0.152688614527384
94.9049979653209 0.149620532989502
94.9099979652092 0.140651941299438
94.9149979650974 0.138121287027995
94.9199979649857 0.13936014175415
94.9249979648739 0.152213589350382
94.9299979647622 0.148669815063477
94.9349979646504 0.174781179428101
94.9399979645386 0.164149284362793
94.9449979644269 0.179692109425863
94.9499979643151 0.16674812634786
94.9549979642034 0.166996717453003
94.9599979640916 0.181959454218547
94.9649979639798 0.205063358942668
94.9699979638681 0.205586099624634
94.9749979637563 0.210497919718424
94.9799979636446 0.205473391215007
94.9849979635328 0.227265548706055
94.989997963421 0.219779952367147
94.9949979633093 0.201499319076538
94.9999979631975 0.171547476450602
95.0049979630858 0.167340596516927
95.009997962974 0.156521638234456
95.0149979628623 0.187216869990031
95.0199979627505 0.188254038492839
95.0249979626387 0.18425981203715
95.029997962527 0.160284376144409
95.0349979624152 0.154080740610758
95.0399979623035 0.144602298736572
95.0449979621917 0.146698268254598
95.0499979620799 0.140455897649129
95.0549979619682 0.14085218111674
95.0599979618564 0.162768538792928
95.0649979617447 0.169894123077393
95.0699979616329 0.184372584025065
95.0749979615211 0.183890469868978
95.0799979614094 0.157404931386312
95.0849979612976 0.161259682973226
95.0899979611859 0.169247531890869
95.0949979610741 0.1716881275177
95.0999979609624 0.168854665756226
95.1049979608506 0.162130975723267
95.1099979607388 0.152625608444214
95.1149979606271 0.157826550801595
95.1199979605153 0.148944473266602
95.1249979604036 0.174983628590902
95.1299979602918 0.183557844161987
95.13499796018 0.172629865010579
95.1399979600683 0.170017464955648
95.1449979599565 0.168258301417033
95.1499979598448 0.168170801798503
95.154997959733 0.152265405654907
95.1599979596213 0.125284934043884
95.1649979595095 0.117299238840739
95.1699979593977 0.136034727096558
95.174997959286 0.132567095756531
95.1799979591742 0.136746962865194
95.1849979590625 0.136016241709391
95.1899979589507 0.134562905629476
95.1949979588389 0.134085241953532
95.1999979587272 0.128541509310404
95.2049979586154 0.123873559633891
95.2099979585037 0.154810253779093
95.2149979583919 0.179964526494344
95.2199979582801 0.177945629755656
95.2249979581684 0.158103704452515
95.2299979580566 0.131854399045308
95.2349979579449 0.117881417274475
95.2399979578331 0.126226178805033
95.2449979577214 0.118342630068461
95.2499979576096 0.12236209710439
95.2549979574978 0.126002176602681
95.2599979573861 0.164774338404338
95.2649979572743 0.185106420516968
95.2699979571626 0.193006865183512
95.2749979570508 0.19126828511556
95.279997956939 0.184790484110514
95.2849979568273 0.200069665908813
95.2899979567155 0.196208016077677
95.2949979566038 0.166968409220378
95.299997956492 0.146871693929036
95.3049979563802 0.119979008038839
95.3099979562685 0.105678447087606
95.3149979561567 0.116122476259867
95.319997956045 0.137980508804321
95.3249979559332 0.16146453221639
95.3299979558215 0.151146713892619
95.3349979557097 0.141526333491007
95.3399979555979 0.138358942667643
95.3449979554862 0.138193607330322
95.3499979553744 0.138886022567749
95.3549979552627 0.171598354975382
95.3599979551509 0.199332253138224
95.3649979550391 0.222079547246297
95.3699979549274 0.174998776117961
95.3749979548156 0.15242190361023
95.3799979547039 0.143074210484823
95.3849979545921 0.158331251144409
95.3899979544804 0.149758847554525
95.3949979543686 0.119913713137309
95.3999979542568 0.114790105819702
95.4049979541451 0.13564289410909
95.4099979540333 0.162727848688761
95.4149979539216 0.168787781397502
95.4199979538098 0.17792960802714
95.424997953698 0.163483953475952
95.4299979535863 0.173481766382853
95.4349979534745 0.16076447168986
95.4399979533628 0.150936492284139
95.444997953251 0.164878686269124
95.4499979531392 0.170916144053141
95.4549979530275 0.193517319361369
95.4599979529157 0.176173098882039
95.464997952804 0.164061180750529
95.4699979526922 0.156641213099162
95.4749979525805 0.152781995137533
95.4799979524687 0.162748924891154
95.4849979523569 0.195582501093547
95.4899979522452 0.177179145812988
95.4949979521334 0.193839740753174
95.4999979520217 0.216884104410807
95.5049979519099 0.208410549163818
95.5099979517981 0.201296838124593
95.5149979516864 0.168279282251994
95.5199979515746 0.1669899781545
95.5249979514629 0.184047253926595
95.5299979513511 0.170009978612264
95.5349979512393 0.165275605519613
95.5399979511276 0.158329423268636
95.5449979510158 0.160417747497559
95.5499979509041 0.166118462880452
95.5549979507923 0.207190068562826
95.5599979506806 0.242087427775065
95.5649979505688 0.247792212168376
95.569997950457 0.22452065149943
95.5749979503453 0.215399614969889
95.5799979502335 0.221160872777303
95.5849979501218 0.226846710840861
95.58999795001 0.19718074798584
95.5949979498982 0.162430826822917
95.5999979497865 0.119081783294678
95.6049979496747 0.140629609425863
95.609997949563 0.144472789764404
95.6149979494512 0.177827088038127
95.6199979493394 0.155221382776896
95.6249979492277 0.138747278849284
95.6299979491159 0.144158220291138
95.6349979490042 0.151550960540771
95.6399979488924 0.147033389409383
95.6449979487807 0.114077003796895
95.6499979486689 0.115418656667074
95.6549979485571 0.127287824948629
95.6599979484454 0.153549369176229
95.6649979483336 0.17036387125651
95.6699979482219 0.156300528844198
95.6749979481101 0.197797282536825
95.6799979479983 0.159519338607788
95.6849979478866 0.166189320882161
95.6899979477748 0.124087540308634
95.6949979476631 0.135498936971029
95.6999979475513 0.142686049143473
95.7049979474396 0.16549654006958
95.7099979473278 0.154280932744344
95.714997947216 0.158871301015218
95.7199979471043 0.126148891448975
95.7249979469925 0.129643774032593
95.7299979468808 0.104747398694356
95.734997946769 0.11848509311676
95.7399979466572 0.197006018956502
95.7449979465455 0.20552986462911
95.7499979464337 0.218017768859863
95.754997946322 0.123977263768514
95.7599979462102 0.107645153999329
95.7649979460984 0.106277736028035
95.7699979459867 0.151402187347412
95.7749979458749 0.179234806696574
95.7799979457632 0.180993493398031
95.7849979456514 0.205874840418498
95.7899979455397 0.298244253794352
95.7949979454279 0.309213892618815
95.7999979453161 0.286736647288005
95.8049979452044 0.202454868952433
95.8099979450926 0.213233121236165
95.8149979449809 0.210591332117716
95.8199979448691 0.172663227717082
95.8249979447573 0.097796090443929
95.8299979446456 0.0981187740961711
95.8349979445338 0.0932261069615682
95.8399979444221 0.0953331391016642
95.8449979443103 0.0983428319295247
95.8499979441985 0.130023272832235
95.8549979440868 0.162920157114665
95.859997943975 0.159387461344401
95.8649979438633 0.139855718612671
95.8699979437515 0.134638039271037
95.8749979436398 0.131614589691162
95.879997943528 0.132646004358927
95.8849979434162 0.132876046498617
95.8899979433045 0.145481713612874
95.8949979431927 0.145481713612874
95.899997943081 0.133653497695923
95.9049979429692 0.126071747144063
95.9099979428574 0.126071747144063
95.9149979427457 0.128796974817912
95.9199979426339 0.13446216583252
95.9249979425222 0.130445885658264
95.9299979424104 0.133129668235779
95.9349979422987 0.14083153406779
95.9399979421869 0.140306774775187
95.9449979420751 0.140311209360758
95.9499979419634 0.125698963801066
95.9549979418516 0.144176657994588
95.9599979417399 0.144176657994588
95.9649979416281 0.151691977183024
95.9699979415163 0.176603285471598
95.9749979414046 0.176603285471598
95.9799979412928 0.18393710454305
95.9849979411811 0.047620157400767
95.9899979410693 0.0436263680458069
95.9949979409575 0.0437075098355611
95.9999979408458 0.013578075170517
