two_theta,y_obs,y_calc,y_bkg,y_diff
3.875,0.29695,0,0,0
3.88,0.306331,0,0,0
3.885,0.265384,0,0,0
3.89,0.246686,0,0,0
3.895,0.238279,0,0,0
3.9,0.366013,0,0,0
3.905,0.389534,0,0,0
3.91,0.305856,0,0,0
3.915,0.271975,0,0,0
3.92,0.266083,0,0,0
3.925,0.282862,0,0,0
3.93,0.240795,0,0,0
3.935,0.157316,0,0,0
3.94,0.207126,0,0,0
3.945,0.235978,0,0,0
3.95,0.303083,0,0,0
3.955,0.377689,0,0,0
3.96,0.39927,0,0,0
3.965,0.405552,0,0,0
3.97,0.347998,0,0,0
3.975,0.326385,0,0,0
3.98,0.296928,0,0,0
3.985,0.300808,0,0,0
3.99,0.330647,0,0,0
3.995,0.33901,0,0,0
4,0.326402,0,0,0
4.005,0.294691,0,0,0
4.01,0.35186,0,0,0
4.015,0.381127,0,0,0
4.02,0.390393,0,0,0
4.025,0.39623,0,0,0
4.03,0.387107,0,0,0
4.035,0.430711,0,0,0
4.04,0.397294,0,0,0
4.045,0.3823,0,0,0
4.05,0.362168,0,0,0
4.055,0.34819,0,0,0
4.06,0.367526,0,0,0
4.065,0.386675,0,0,0
4.07,0.375383,0,0,0
4.075,0.375311,0,0,0
4.08,0.333302,0,0,0
4.085,0.317789,0,0,0
4.09,0.272285,0,0,0
4.095,0.291228,0,0,0
4.1,0.296889,0,0,0
4.105,0.315133,0,0,0
4.11,0.322653,0,0,0
4.115,0.305675,0,0,0
4.12,0.280131,0,0,0
4.125,0.27832,0,0,0
4.13,0.338173,0,0,0
4.135,0.368968,0,0,0
4.14,0.36858,0,0,0
4.145,0.324629,0,0,0
4.15,0.312294,0,0,0
4.155,0.294544,0,0,0
4.16,0.287132,0,0,0
4.165,0.293962,0,0,0
4.17,0.320607,0,0,0
4.175,0.334013,0,0,0
4.18,0.362185,0,0,0
4.185,0.371528,0,0,0
4.19,0.372576,0,0,0
4.195,0.360414,0,0,0
4.2,0.34912,0,0,0
4.205,0.313291,0,0,0
4.21,0.271013,0,0,0
4.215,0.254634,0,0,0
4.22,0.27234,0,0,0
4.225,0.305539,0,0,0
4.23,0.302461,0,0,0
4.235,0.286711,0,0,0
4.24,0.280127,0,0,0
4.245,0.3267,0,0,0
4.25,0.316654,0,0,0
4.255,0.282145,0,0,0
4.26,0.25002,0,0,0
4.265,0.262815,0,0,0
4.27,0.294211,0,0,0
4.275,0.291608,0,0,0
4.28,0.265026,0,0,0
4.285,0.283917,0,0,0
4.29,0.330003,0,0,0
4.295,0.358396,0,0,0
4.3,0.378193,0,0,0
4.305,0.354873,0,0,0
4.31,0.375163,0,0,0
4.315,0.37163,0,0,0
4.32,0.370861,0,0,0
4.325,0.371934,0,0,0
4.33,0.368089,0,0,0
4.335,0.386169,0,0,0
4.34,0.361883,0,0,0
4.345,0.362612,0,0,0
4.35,0.373148,0,0,0
4.355,0.366916,0,0,0
4.36,0.349854,0,0,0
4.365,0.359813,0,0,0
4.37,0.381759,0,0,0
4.375,0.376607,0,0,0
4.38,0.354653,0,0,0
4.385,0.346284,0,0,0
4.39,0.359126,0,0,0
4.395,0.366566,0,0,0
4.4,0.341953,0,0,0
4.405,0.37158,0,0,0
4.41,0.399133,0,0,0
4.415,0.397889,0,0,0
4.42,0.345026,0,0,0
4.425,0.303795,0,0,0
4.43,0.338959,0,0,0
4.435,0.362424,0,0,0
4.44,0.398976,0,0,0
4.445,0.366907,0,0,0
4.45,0.347922,0,0,0
4.455,0.316604,0,0,0
4.46,0.281852,0,0,0
4.465,0.291342,0,0,0
4.47,0.311827,0,0,0
4.475,0.364108,0,0,0
4.48,0.353341,0,0,0
4.485,0.329725,0,0,0
4.49,0.289591,0,0,0
4.495,0.286092,0,0,0
4.5,0.318257,0,0,0
4.505,0.351396,0,0,0
4.51,0.375228,0,0,0
4.515,0.415516,0,0,0
4.52,0.452129,0,0,0
4.525,0.472797,0,0,0
4.53,0.419754,0,0,0
4.535,0.36961,0,0,0
4.54,0.344482,0,0,0
4.545,0.328755,0,0,0
4.55,0.358035,0,0,0
4.555,0.368702,0,0,0
4.56,0.40308,0,0,0
4.565,0.385748,0,0,0
4.57,0.375488,0,0,0
4.575,0.370117,0,0,0
4.58,0.395774,0,0,0
4.585,0.417054,0,0,0
4.59,0.454093,0,0,0
4.595,0.473583,0,0,0
4.6,0.476249,0,0,0
4.605,0.475947,0,0,0
4.61,0.463966,0,0,0
4.615,0.422448,0,0,0
4.62,0.411481,0,0,0
4.625,0.396741,0,0,0
4.63,0.402734,0,0,0
4.635,0.376727,0,0,0
4.64,0.350796,0,0,0
4.645,0.348208,0,0,0
4.65,0.360086,0,0,0
4.655,0.344048,0,0,0
4.66,0.355861,0,0,0
4.665,0.385409,0,0,0
4.67,0.41392,0,0,0
4.675,0.447492,0,0,0
4.68,0.460035,0,0,0
4.685,0.443134,0,0,0
4.69,0.419694,0,0,0
4.695,0.412351,0,0,0
4.7,0.46002,0,0,0
4.705,0.453478,0,0,0
4.71,0.443954,0,0,0
4.715,0.42656,0,0,0
4.72,0.452736,0,0,0
4.725,0.463674,0,0,0
4.73,0.468646,0,0,0
4.735,0.472927,0,0,0
4.74,0.463819,0,0,0
4.745,0.458375,0,0,0
4.75,0.456721,0,0,0
4.755,0.474651,0,0,0
4.76,0.475492,0,0,0
4.765,0.450917,0,0,0
4.77,0.445675,0,0,0
4.775,0.43286,0,0,0
4.78,0.439657,0,0,0
4.785,0.446709,0,0,0
4.79,0.458968,0,0,0
4.795,0.443714,0,0,0
4.8,0.442576,0,0,0
4.805,0.483302,0,0,0
4.81,0.525288,0,0,0
4.815,0.518905,0,0,0
4.82,0.483217,0,0,0
4.825,0.447708,0,0,0
4.83,0.439882,0,0,0
4.835,0.408138,0,0,0
4.84,0.390254,0,0,0
4.845,0.390431,0,0,0
4.85,0.399219,0,0,0
4.855,0.397796,0,0,0
4.86,0.392152,0,0,0
4.865,0.382636,0,0,0
4.87,0.38981,0,0,0
4.875,0.425527,0,0,0
4.88,0.457922,0,0,0
4.885,0.480729,0,0,0
4.89,0.464012,0,0,0
4.895,0.422297,0,0,0
4.9,0.406036,0,0,0
4.905,0.413282,0,0,0
4.91,0.421991,0,0,0
4.915,0.407992,0,0,0
4.92,0.415494,0,0,0
4.925,0.452213,0,0,0
4.93,0.484511,0,0,0
4.935,0.495004,0,0,0
4.94,0.468613,0,0,0
4.945,0.465929,0,0,0
4.95,0.465997,0,0,0
4.955,0.457542,0,0,0
4.96,0.447306,0,0,0
4.965,0.423096,0,0,0
4.97,0.426152,0,0,0
4.975,0.41353,0,0,0
4.98,0.397566,0,0,0
4.985,0.417831,0,0,0
4.99,0.462985,0,0,0
4.995,0.491916,0,0,0
5,0.503252,0,0,0
5.005,0.469058,0,0,0
5.01,0.455305,0,0,0
5.015,0.450356,0,0,0
5.02,0.516842,0,0,0
5.025,0.532998,0,0,0
5.03,0.527475,0,0,0
5.035,0.482775,0,0,0
5.04,0.443505,0,0,0
5.045,0.453108,0,0,0
5.05,0.448917,0,0,0
5.055,0.480362,0,0,0
5.06,0.494473,0,0,0
5.065,0.499751,0,0,0
5.07,0.486209,0,0,0
5.075,0.471489,0,0,0
5.08,0.481057,0,0,0
5.085,0.519595,0,0,0
5.09,0.545243,0,0,0
5.095,0.534669,0,0,0
5.1,0.508261,0,0,0
5.105,0.492325,0,0,0
5.11,0.470097,0,0,0
5.115,0.464555,0,0,0
5.12,0.423494,0,0,0
5.125,0.433686,0,0,0
5.13,0.443149,0,0,0
5.135,0.471145,0,0,0
5.14,0.491697,0,0,0
5.145,0.491273,0,0,0
5.15,0.48148,0,0,0
5.155,0.481431,0,0,0
5.16,0.478997,0,0,0
5.165,0.513055,0,0,0
5.17,0.560815,0,0,0
5.175,0.602259,0,0,0
5.18,0.617429,0,0,0
5.185,0.575277,0,0,0
5.19,0.541245,0,0,0
5.195,0.498095,0,0,0
5.2,0.492242,0,0,0
5.205,0.480794,0,0,0
5.21,0.477135,0,0,0
5.215,0.500818,0,0,0
5.22,0.508553,0,0,0
5.225,0.510723,0,0,0
5.23,0.48597,0,0,0
5.235,0.454181,0,0,0
5.24,0.442835,0,0,0
5.245,0.456557,0,0,0
5.25,0.491599,0,0,0
5.255,0.526368,0,0,0
5.26,0.545111,0,0,0
5.265,0.546569,0,0,0
5.27,0.529404,0,0,0
5.275,0.495715,0,0,0
5.28,0.474209,0,0,0
5.285,0.465974,0,0,0
5.29,0.459938,0,0,0
5.295,0.467877,0,0,0
5.3,0.481389,0,0,0
5.305,0.51906,0,0,0
5.31,0.531326,0,0,0
5.315,0.557804,0,0,0
5.32,0.562123,0,0,0
5.325,0.560159,0,0,0
5.33,0.53161,0,0,0
5.335,0.510182,0,0,0
5.34,0.528026,0,0,0
5.345,0.554473,0,0,0
5.35,0.546953,0,0,0
5.355,0.49416,0,0,0
5.36,0.50531,0,0,0
5.365,0.539229,0,0,0
5.37,0.564491,0,0,0
5.375,0.538145,0,0,0
5.38,0.499848,0,0,0
5.385,0.480606,0,0,0
5.39,0.496281,0,0,0
5.395,0.489598,0,0,0
5.4,0.522528,0,0,0
5.405,0.554804,0,0,0
5.41,0.571914,0,0,0
5.415,0.580504,0,0,0
5.42,0.576815,0,0,0
5.425,0.579169,0,0,0
5.43,0.576813,0,0,0
5.435,0.559733,0,0,0
5.44,0.554312,0,0,0
5.445,0.536781,0,0,0
5.45,0.516176,0,0,0
5.455,0.495375,0,0,0
5.46,0.473309,0,0,0
5.465,0.474643,0,0,0
5.47,0.492799,0,0,0
5.475,0.504755,0,0,0
5.48,0.535159,0,0,0
5.485,0.528648,0,0,0
5.49,0.52491,0,0,0
5.495,0.540945,0,0,0
5.5,0.552204,0,0,0
5.505,0.557075,0,0,0
5.51,0.540784,0,0,0
5.515,0.526245,0,0,0
5.52,0.544268,0,0,0
5.525,0.561418,0,0,0
5.53,0.575151,0,0,0
5.535,0.547281,0,0,0
5.54,0.543155,0,0,0
5.545,0.533166,0,0,0
5.55,0.529481,0,0,0
5.555,0.51293,0,0,0
5.56,0.498534,0,0,0
5.565,0.50786,0,0,0
5.57,0.530095,0,0,0
5.575,0.545553,0,0,0
5.58,0.546436,0,0,0
5.585,0.555905,0,0,0
5.59,0.563338,0,0,0
5.595,0.568731,0,0,0
5.6,0.559187,0,0,0
5.605,0.551403,0,0,0
5.61,0.53334,0,0,0
5.615,0.540566,0,0,0
5.62,0.569419,0,0,0
5.625,0.581224,0,0,0
5.63,0.590361,0,0,0
5.635,0.600502,0,0,0
5.64,0.602177,0,0,0
5.645,0.607175,0,0,0
5.65,0.625393,0,0,0
5.655,0.637282,0,0,0
5.66,0.654275,0,0,0
5.665,0.649641,0,0,0
5.67,0.638884,0,0,0
5.675,0.635199,0,0,0
5.68,0.642209,0,0,0
5.685,0.629891,0,0,0
5.69,0.601259,0,0,0
5.695,0.593019,0,0,0
5.7,0.601375,0,0,0
5.705,0.607689,0,0,0
5.71,0.591163,0,0,0
5.715,0.560432,0,0,0
5.72,0.569759,0,0,0
5.725,0.589413,0,0,0
5.73,0.594552,0,0,0
5.735,0.611488,0,0,0
5.74,0.622217,0,0,0
5.745,0.624235,0,0,0
5.75,0.630488,0,0,0
5.755,0.604325,0,0,0
5.76,0.610144,0,0,0
5.765,0.601394,0,0,0
5.77,0.614043,0,0,0
5.775,0.607251,0,0,0
5.78,0.611159,0,0,0
5.785,0.615625,0,0,0
5.79,0.635297,0,0,0
5.795,0.640057,0,0,0
5.8,0.63777,0,0,0
5.805,0.643167,0,0,0
5.81,0.635274,0,0,0
5.815,0.614688,0,0,0
5.82,0.581497,0,0,0
5.825,0.574017,0,0,0
5.83,0.570627,0,0,0
5.835,0.596502,0,0,0
5.84,0.607547,0,0,0
5.845,0.614378,0,0,0
5.85,0.630476,0,0,0
5.855,0.647857,0,0,0
5.86,0.664236,0,0,0
5.865,0.651194,0,0,0
5.87,0.619183,0,0,0
5.875,0.603583,0,0,0
5.88,0.597164,0,0,0
5.885,0.578724,0,0,0
5.89,0.584307,0,0,0
5.895,0.627254,0,0,0
5.9,0.675738,0,0,0
5.905,0.704638,0,0,0
5.91,0.683961,0,0,0
5.915,0.662541,0,0,0
5.92,0.652844,0,0,0
5.925,0.649529,0,0,0
5.93,0.675205,0,0,0
5.935,0.71238,0,0,0
5.94,0.733867,0,0,0
5.945,0.711054,0,0,0
5.95,0.66844,0,0,0
5.955,0.666205,0,0,0
5.96,0.687015,0,0,0
5.965,0.698209,0,0,0
5.97,0.684391,0,0,0
5.975,0.667638,0,0,0
5.98,0.657317,0,0,0
5.985,0.651601,0,0,0
5.99,0.653144,0,0,0
5.995,0.6491,0,0,0
6,0.622071,0,0,0
6.005,0.619691,0,0,0
6.01,0.600336,0,0,0
6.015,0.604681,0,0,0
6.02,0.620949,0,0,0
6.025,0.648903,0,0,0
6.03,0.628323,0,0,0
6.035,0.601691,0,0,0
6.04,0.590776,0,0,0
6.045,0.602295,0,0,0
6.05,0.617448,0,0,0
6.055,0.623088,0,0,0
6.06,0.622136,0,0,0
6.065,0.640052,0,0,0
6.07,0.650133,0,0,0
6.075,0.690435,0,0,0
6.08,0.696987,0,0,0
6.085,0.656955,0,0,0
6.09,0.611998,0,0,0
6.095,0.595239,0,0,0
6.1,0.600504,0,0,0
6.105,0.603917,0,0,0
6.11,0.627625,0,0,0
6.115,0.639281,0,0,0
6.12,0.632191,0,0,0
6.125,0.601579,0,0,0
6.13,0.598967,0,0,0
6.135,0.611491,0,0,0
6.14,0.625829,0,0,0
6.145,0.650395,0,0,0
6.15,0.683683,0,0,0
6.155,0.678,0,0,0
6.16,0.6625,0,0,0
6.165,0.662169,0,0,0
6.17,0.661303,0,0,0
6.175,0.663726,0,0,0
6.18,0.661026,0,0,0
6.185,0.657676,0,0,0
6.19,0.663841,0,0,0
6.195,0.673881,0,0,0
6.2,0.67371,0,0,0
6.205,0.678086,0,0,0
6.21,0.692696,0,0,0
6.215,0.734604,0,0,0
6.22,0.74539,0,0,0
6.225,0.716401,0,0,0
6.23,0.70263,0,0,0
6.235,0.692433,0,0,0
6.24,0.703056,0,0,0
6.245,0.67068,0,0,0
6.25,0.644155,0,0,0
6.255,0.636731,0,0,0
6.26,0.616726,0,0,0
6.265,0.634734,0,0,0
6.27,0.659536,0,0,0
6.275,0.684742,0,0,0
6.28,0.693235,0,0,0
6.285,0.697141,0,0,0
6.29,0.710752,0,0,0
6.295,0.747549,0,0,0
6.3,0.760469,0,0,0
6.305,0.750054,0,0,0
6.31,0.736259,0,0,0
6.315,0.709654,0,0,0
6.32,0.705724,0,0,0
6.325,0.705955,0,0,0
6.33,0.696114,0,0,0
6.335,0.702477,0,0,0
6.34,0.713294,0,0,0
6.345,0.730829,0,0,0
6.35,0.778213,0,0,0
6.355,0.770892,0,0,0
6.36,0.7596,0,0,0
6.365,0.75701,0,0,0
6.37,0.755361,0,0,0
6.375,0.77063,0,0,0
6.38,0.757883,0,0,0
6.385,0.741672,0,0,0
6.39,0.746737,0,0,0
6.395,0.768878,0,0,0
6.4,0.750693,0,0,0
6.405,0.744841,0,0,0
6.41,0.711091,0,0,0
6.415,0.735398,0,0,0
6.42,0.77398,0,0,0
6.425,0.7646,0,0,0
6.43,0.768582,0,0,0
6.435,0.771415,0,0,0
6.44,0.777814,0,0,0
6.445,0.756778,0,0,0
6.45,0.714841,0,0,0
6.455,0.690703,0,0,0
6.46,0.69622,0,0,0
6.465,0.696167,0,0,0
6.47,0.680151,0,0,0
6.475,0.657251,0,0,0
6.48,0.657255,0,0,0
6.485,0.673042,0,0,0
6.49,0.702009,0,0,0
6.495,0.717659,0,0,0
6.5,0.729463,0,0,0
6.505,0.7373,0,0,0
6.51,0.752732,0,0,0
6.515,0.767886,0,0,0
6.52,0.789234,0,0,0
6.525,0.817122,0,0,0
6.53,0.813546,0,0,0
6.535,0.801893,0,0,0
6.54,0.744792,0,0,0
6.545,0.689891,0,0,0
6.55,0.664119,0,0,0
6.555,0.670888,0,0,0
6.56,0.684016,0,0,0
6.565,0.685718,0,0,0
6.57,0.70004,0,0,0
6.575,0.732298,0,0,0
6.58,0.76558,0,0,0
6.585,0.749551,0,0,0
6.59,0.699699,0,0,0
6.595,0.667137,0,0,0
6.6,0.668374,0,0,0
6.605,0.674819,0,0,0
6.61,0.681767,0,0,0
6.615,0.681623,0,0,0
6.62,0.689202,0,0,0
6.625,0.679091,0,0,0
6.63,0.691042,0,0,0
6.635,0.703884,0,0,0
6.64,0.714727,0,0,0
6.645,0.724012,0,0,0
6.65,0.713176,0,0,0
6.655,0.728193,0,0,0
6.66,0.74077,0,0,0
6.665,0.747804,0,0,0
6.67,0.74965,0,0,0
6.675,0.74291,0,0,0
6.68,0.734856,0,0,0
6.685,0.719303,0,0,0
6.69,0.716342,0,0,0
6.695,0.715607,0,0,0
6.7,0.740561,0,0,0
6.705,0.750806,0,0,0
6.71,0.754611,0,0,0
6.715,0.747192,0,0,0
6.72,0.721322,0,0,0
6.725,0.712188,0,0,0
6.73,0.736113,0,0,0
6.735,0.750262,0,0,0
6.74,0.720507,0,0,0
6.745,0.714066,0,0,0
6.75,0.720614,0,0,0
6.755,0.744361,0,0,0
6.76,0.769917,0,0,0
6.765,0.774675,0,0,0
6.77,0.767928,0,0,0
6.775,0.749058,0,0,0
6.78,0.717105,0,0,0
6.785,0.719016,0,0,0
6.79,0.741501,0,0,0
6.795,0.769157,0,0,0
6.8,0.790653,0,0,0
6.805,0.803893,0,0,0
6.81,0.813049,0,0,0
6.815,0.816524,0,0,0
6.82,0.810282,0,0,0
6.825,0.798004,0,0,0
6.83,0.767511,0,0,0
6.835,0.757106,0,0,0
6.84,0.771595,0,0,0
6.845,0.786872,0,0,0
6.85,0.813997,0,0,0
6.855,0.815096,0,0,0
6.86,0.786765,0,0,0
6.865,0.770488,0,0,0
6.87,0.771989,0,0,0
6.875,0.800571,0,0,0
6.88,0.802636,0,0,0
6.885,0.793919,0,0,0
6.89,0.777275,0,0,0
6.895,0.770869,0,0,0
6.9,0.770036,0,0,0
6.905,0.779503,0,0,0
6.91,0.775488,0,0,0
6.915,0.774249,0,0,0
6.92,0.748426,0,0,0
6.925,0.731857,0,0,0
6.93,0.71829,0,0,0
6.935,0.734316,0,0,0
6.94,0.742558,0,0,0
6.945,0.749376,0,0,0
6.95,0.771684,0,0,0
6.955,0.80121,0,0,0
6.96,0.813749,0,0,0
6.965,0.792884,0,0,0
6.97,0.770292,0,0,0
6.975,0.77258,0,0,0
6.98,0.771848,0,0,0
6.985,0.78488,0,0,0
6.99,0.799325,0,0,0
6.995,0.820296,0,0,0
7,0.836055,0,0,0
7.005,0.818511,0,0,0
7.01,0.805832,0,0,0
7.015,0.80681,0,0,0
7.02,0.801584,0,0,0
7.025,0.807045,0,0,0
7.03,0.803379,0,0,0
7.035,0.802201,0,0,0
7.04,0.805104,0,0,0
7.045,0.800945,0,0,0
7.05,0.777852,0,0,0
7.055,0.75764,0,0,0
7.06,0.752472,0,0,0
7.065,0.77472,0,0,0
7.07,0.810078,0,0,0
7.075,0.811394,0,0,0
7.08,0.81917,0,0,0
7.085,0.819956,0,0,0
7.09,0.816968,0,0,0
7.095,0.802386,0,0,0
7.1,0.801905,0,0,0
7.105,0.81571,0,0,0
7.11,0.820003,0,0,0
7.115,0.817022,0,0,0
7.12,0.816798,0,0,0
7.125,0.800687,0,0,0
7.13,0.782828,0,0,0
7.135,0.765214,0,0,0
7.14,0.765815,0,0,0
7.145,0.763501,0,0,0
7.15,0.761178,0,0,0
7.155,0.770233,0,0,0
7.16,0.775957,0,0,0
7.165,0.785952,0,0,0
7.17,0.79711,0,0,0
7.175,0.811751,0,0,0
7.18,0.797743,0,0,0
7.185,0.771612,0,0,0
7.19,0.764385,0,0,0
7.195,0.783332,0,0,0
7.2,0.792832,0,0,0
7.205,0.780176,0,0,0
7.21,0.760038,0,0,0
7.215,0.741137,0,0,0
7.22,0.729308,0,0,0
7.225,0.739353,0,0,0
7.23,0.780183,0,0,0
7.235,0.804677,0,0,0
7.24,0.817113,0,0,0
7.245,0.809154,0,0,0
7.25,0.810148,0,0,0
7.255,0.824969,0,0,0
7.26,0.829581,0,0,0
7.265,0.83201,0,0,0
7.27,0.811598,0,0,0
7.275,0.794772,0,0,0
7.28,0.786004,0,0,0
7.285,0.777503,0,0,0
7.29,0.778589,0,0,0
7.295,0.750011,0,0,0
7.3,0.74473,0,0,0
7.305,0.75596,0,0,0
7.31,0.786264,0,0,0
7.315,0.818918,0,0,0
7.32,0.821493,0,0,0
7.325,0.817225,0,0,0
7.33,0.80799,0,0,0
7.335,0.797982,0,0,0
7.34,0.77796,0,0,0
7.345,0.759635,0,0,0
7.35,0.7539,0,0,0
7.355,0.752127,0,0,0
7.36,0.773336,0,0,0
7.365,0.786338,0,0,0
7.37,0.795272,0,0,0
7.375,0.792878,0,0,0
7.38,0.794808,0,0,0
7.385,0.800479,0,0,0
7.39,0.790469,0,0,0
7.395,0.787836,0,0,0
7.4,0.815121,0,0,0
7.405,0.836812,0,0,0
7.41,0.840708,0,0,0
7.415,0.832613,0,0,0
7.42,0.820893,0,0,0
7.425,0.821478,0,0,0
7.43,0.817013,0,0,0
7.435,0.836949,0,0,0
7.44,0.845763,0,0,0
7.445,0.85293,0,0,0
7.45,0.831145,0,0,0
7.455,0.83271,0,0,0
7.46,0.830959,0,0,0
7.465,0.828856,0,0,0
7.47,0.816539,0,0,0
7.475,0.815653,0,0,0
7.48,0.807068,0,0,0
7.485,0.802842,0,0,0
7.49,0.789532,0,0,0
7.495,0.790884,0,0,0
7.5,0.776046,0,0,0
7.505,0.769892,0,0,0
7.51,0.750663,0,0,0
7.515,0.750546,0,0,0
7.52,0.752989,0,0,0
7.525,0.776033,0,0,0
7.53,0.792328,0,0,0
7.535,0.796914,0,0,0
7.54,0.800886,0,0,0
7.545,0.79862,0,0,0
7.55,0.82679,0,0,0
7.555,0.841054,0,0,0
7.56,0.83425,0,0,0
7.565,0.839613,0,0,0
7.57,0.824935,0,0,0
7.575,0.820978,0,0,0
7.58,0.814852,0,0,0
7.585,0.811264,0,0,0
7.59,0.802445,0,0,0
7.595,0.804257,0,0,0
7.6,0.823762,0,0,0
7.605,0.86264,0,0,0
7.61,0.894145,0,0,0
7.615,0.910168,0,0,0
7.62,0.908164,0,0,0
7.625,0.923589,0,0,0
7.63,0.924585,0,0,0
7.635,0.907176,0,0,0
7.64,0.879269,0,0,0
7.645,0.841201,0,0,0
7.65,0.82011,0,0,0
7.655,0.809117,0,0,0
7.66,0.803827,0,0,0
7.665,0.796352,0,0,0
7.67,0.789933,0,0,0
7.675,0.786048,0,0,0
7.68,0.787297,0,0,0
7.685,0.790763,0,0,0
7.69,0.794036,0,0,0
7.695,0.80094,0,0,0
7.7,0.804024,0,0,0
7.705,0.787002,0,0,0
7.71,0.794954,0,0,0
7.715,0.818833,0,0,0
7.72,0.8483,0,0,0
7.725,0.852586,0,0,0
7.73,0.825885,0,0,0
7.735,0.828255,0,0,0
7.74,0.83318,0,0,0
7.745,0.834636,0,0,0
7.75,0.833497,0,0,0
7.755,0.807587,0,0,0
7.76,0.808474,0,0,0
7.765,0.825346,0,0,0
7.77,0.826816,0,0,0
7.775,0.84357,0,0,0
7.78,0.843655,0,0,0
7.785,0.859727,0,0,0
7.79,0.853108,0,0,0
7.795,0.859268,0,0,0
7.8,0.863157,0,0,0
7.805,0.856324,0,0,0
7.81,0.844404,0,0,0
7.815,0.830381,0,0,0
7.82,0.82533,0,0,0
7.825,0.832749,0,0,0
7.83,0.854626,0,0,0
7.835,0.862272,0,0,0
7.84,0.876406,0,0,0
7.845,0.862709,0,0,0
7.85,0.851459,0,0,0
7.855,0.851968,0,0,0
7.86,0.855709,0,0,0
7.865,0.859213,0,0,0
7.87,0.83995,0,0,0
7.875,0.81366,0,0,0
7.88,0.822574,0,0,0
7.885,0.836291,0,0,0
7.89,0.839621,0,0,0
7.895,0.835152,0,0,0
7.9,0.86743,0,0,0
7.905,0.897308,0,0,0
7.91,0.929234,0,0,0
7.915,0.92958,0,0,0
7.92,0.898895,0,0,0
7.925,0.889382,0,0,0
7.93,0.882536,0,0,0
7.935,0.889285,0,0,0
7.94,0.893533,0,0,0
7.945,0.880572,0,0,0
7.95,0.890237,0,0,0
7.955,0.888926,0,0,0
7.96,0.901585,0,0,0
7.965,0.889993,0,0,0
7.97,0.881769,0,0,0
7.975,0.885287,0,0,0
7.98,0.879623,0,0,0
7.985,0.871751,0,0,0
7.99,0.855173,0,0,0
7.995,0.861859,0,0,0
8,0.869138,0,0,0
8.005,0.9003,0,0,0
8.01,0.913892,0,0,0
8.015,0.914147,0,0,0
8.02,0.888023,0,0,0
8.025,0.858669,0,0,0
8.03,0.849309,0,0,0
8.035,0.855863,0,0,0
8.04,0.85761,0,0,0
8.045,0.866772,0,0,0
8.05,0.875686,0,0,0
8.055,0.886361,0,0,0
8.06,0.894539,0,0,0
8.065,0.903944,0,0,0
8.07,0.9114,0,0,0
8.075,0.900703,0,0,0
8.08,0.870263,0,0,0
8.085,0.855597,0,0,0
8.09,0.852535,0,0,0
8.095,0.872951,0,0,0
8.1,0.888194,0,0,0
8.105,0.871551,0,0,0
8.11,0.875668,0,0,0
8.115,0.872256,0,0,0
8.12,0.875844,0,0,0
8.125,0.868652,0,0,0
8.13,0.86229,0,0,0
8.135,0.872094,0,0,0
8.14,0.888965,0,0,0
8.145,0.901772,0,0,0
8.15,0.906831,0,0,0
8.155,0.897231,0,0,0
8.16,0.900698,0,0,0
8.165,0.898601,0,0,0
8.17,0.896918,0,0,0
8.175,0.892271,0,0,0
8.18,0.902427,0,0,0
8.185,0.913883,0,0,0
8.19,0.912053,0,0,0
8.195,0.893052,0,0,0
8.2,0.870633,0,0,0
8.205,0.881661,0,0,0
8.21,0.9087,0,0,0
8.215,0.899704,0,0,0
8.22,0.865192,0,0,0
8.225,0.827191,0,0,0
8.23,0.835973,0,0,0
8.235,0.841242,0,0,0
8.24,0.836609,0,0,0
8.245,0.840828,0,0,0
8.25,0.847268,0,0,0
8.255,0.854278,0,0,0
8.26,0.844137,0,0,0
8.265,0.847867,0,0,0
8.27,0.838232,0,0,0
8.275,0.855671,0,0,0
8.28,0.89033,0,0,0
8.285,0.912698,0,0,0
8.29,0.934294,0,0,0
8.295,0.936441,0,0,0
8.3,0.927571,0,0,0
8.305,0.904071,0,0,0
8.31,0.893523,0,0,0
8.315,0.888027,0,0,0
8.32,0.895775,0,0,0
8.325,0.888387,0,0,0
8.33,0.87478,0,0,0
8.335,0.878925,0,0,0
8.34,0.88975,0,0,0
8.345,0.893612,0,0,0
8.35,0.904074,0,0,0
8.355,0.918326,0,0,0
8.36,0.925007,0,0,0
8.365,0.927128,0,0,0
8.37,0.919576,0,0,0
8.375,0.917855,0,0,0
8.38,0.942528,0,0,0
8.385,0.974097,0,0,0
8.39,0.9858,0,0,0
8.395,0.996029,0,0,0
8.4,0.972637,0,0,0
8.405,0.963698,0,0,0
8.41,0.938481,0,0,0
8.415,0.92219,0,0,0
8.42,0.930611,0,0,0
8.425,0.939168,0,0,0
8.43,0.946097,0,0,0
8.435,0.944185,0,0,0
8.44,0.927943,0,0,0
8.445,0.908915,0,0,0
8.45,0.911881,0,0,0
8.455,0.94135,0,0,0
8.46,0.944167,0,0,0
8.465,0.919696,0,0,0
8.47,0.892506,0,0,0
8.475,0.893272,0,0,0
8.48,0.901836,0,0,0
8.485,0.898723,0,0,0
8.49,0.905291,0,0,0
8.495,0.926633,0,0,0
8.5,0.947846,0,0,0
8.505,0.943034,0,0,0
8.51,0.935736,0,0,0
8.515,0.921733,0,0,0
8.52,0.914969,0,0,0
8.525,0.922913,0,0,0
8.53,0.916279,0,0,0
8.535,0.915551,0,0,0
8.54,0.904323,0,0,0
8.545,0.890738,0,0,0
8.55,0.89378,0,0,0
8.555,0.911408,0,0,0
8.56,0.91518,0,0,0
8.565,0.911031,0,0,0
8.57,0.896502,0,0,0
8.575,0.889211,0,0,0
8.58,0.892762,0,0,0
8.585,0.87769,0,0,0
8.59,0.876126,0,0,0
8.595,0.885294,0,0,0
8.6,0.893611,0,0,0
8.605,0.923792,0,0,0
8.61,0.94234,0,0,0
8.615,0.966419,0,0,0
8.62,0.967709,0,0,0
8.625,0.97091,0,0,0
8.63,0.96351,0,0,0
8.635,0.933897,0,0,0
8.64,0.892672,0,0,0
8.645,0.880786,0,0,0
8.65,0.884177,0,0,0
8.655,0.900038,0,0,0
8.66,0.919021,0,0,0
8.665,0.941201,0,0,0
8.67,0.961745,0,0,0
8.675,0.962204,0,0,0
8.68,0.939301,0,0,0
8.685,0.908565,0,0,0
8.69,0.899895,0,0,0
8.695,0.896022,0,0,0
8.7,0.892442,0,0,0
8.705,0.879572,0,0,0
8.71,0.85437,0,0,0
8.715,0.855164,0,0,0
8.72,0.876487,0,0,0
8.725,0.877642,0,0,0
8.73,0.899022,0,0,0
8.735,0.903515,0,0,0
8.74,0.913264,0,0,0
8.745,0.921075,0,0,0
8.75,0.925445,0,0,0
8.755,0.944447,0,0,0
8.76,0.935681,0,0,0
8.765,0.921008,0,0,0
8.77,0.890917,0,0,0
8.775,0.883914,0,0,0
8.78,0.896847,0,0,0
8.785,0.902325,0,0,0
8.79,0.886396,0,0,0
8.795,0.85827,0,0,0
8.8,0.851149,0,0,0
8.805,0.869771,0,0,0
8.81,0.868888,0,0,0
8.815,0.876784,0,0,0
8.82,0.890428,0,0,0
8.825,0.907644,0,0,0
8.83,0.915251,0,0,0
8.835,0.904213,0,0,0
8.84,0.890711,0,0,0
8.845,0.880912,0,0,0
8.85,0.865903,0,0,0
8.855,0.871504,0,0,0
8.86,0.879129,0,0,0
8.865,0.873331,0,0,0
8.87,0.855302,0,0,0
8.875,0.8551,0,0,0
8.88,0.86405,0,0,0
8.885,0.887708,0,0,0
8.89,0.904081,0,0,0
8.895,0.932624,0,0,0
8.9,0.937239,0,0,0
8.905,0.944083,0,0,0
8.91,0.953062,0,0,0
8.915,0.964066,0,0,0
8.92,0.981359,0,0,0
8.925,0.981285,0,0,0
8.93,0.951825,0,0,0
8.935,0.933411,0,0,0
8.94,0.930417,0,0,0
8.945,0.945725,0,0,0
8.95,0.9419,0,0,0
8.955,0.93502,0,0,0
8.96,0.938598,0,0,0
8.965,0.938194,0,0,0
8.97,0.93896,0,0,0
8.975,0.931268,0,0,0
8.98,0.92301,0,0,0
8.985,0.919632,0,0,0
8.99,0.921749,0,0,0
8.995,0.93478,0,0,0
9,0.931738,0,0,0
9.005,0.941714,0,0,0
9.01,0.933489,0,0,0
9.015,0.940703,0,0,0
9.02,0.930521,0,0,0
9.025,0.920097,0,0,0
9.03,0.911839,0,0,0
9.035,0.900256,0,0,0
9.04,0.889813,0,0,0
9.045,0.876873,0,0,0
9.05,0.863113,0,0,0
9.055,0.848482,0,0,0
9.06,0.846098,0,0,0
9.065,0.860615,0,0,0
9.07,0.874539,0,0,0
9.075,0.90693,0,0,0
9.08,0.944574,0,0,0
9.085,0.968599,0,0,0
9.09,0.982391,0,0,0
9.095,0.980763,0,0,0
9.1,0.974427,0,0,0
9.105,0.97781,0,0,0
9.11,0.963603,0,0,0
9.115,0.968807,0,0,0
9.12,0.970137,0,0,0
9.125,0.95023,0,0,0
9.13,0.938047,0,0,0
9.135,0.920345,0,0,0
9.14,0.908332,0,0,0
9.145,0.898754,0,0,0
9.15,0.884123,0,0,0
9.155,0.879518,0,0,0
9.16,0.89184,0,0,0
9.165,0.896728,0,0,0
9.17,0.9134,0,0,0
9.175,0.921609,0,0,0
9.18,0.927816,0,0,0
9.185,0.928056,0,0,0
9.19,0.911156,0,0,0
9.195,0.888975,0,0,0
9.2,0.880495,0,0,0
9.205,0.867456,0,0,0
9.21,0.860002,0,0,0
9.215,0.862819,0,0,0
9.22,0.86909,0,0,0
9.225,0.87912,0,0,0
9.23,0.889665,0,0,0
9.235,0.893643,0,0,0
9.24,0.900332,0,0,0
9.245,0.896078,0,0,0
9.25,0.886997,0,0,0
9.255,0.901255,0,0,0
9.26,0.897894,0,0,0
9.265,0.895401,0,0,0
9.27,0.896028,0,0,0
9.275,0.885662,0,0,0
9.28,0.891383,0,0,0
9.285,0.89411,0,0,0
9.29,0.904725,0,0,0
9.295,0.924343,0,0,0
9.3,0.933047,0,0,0
9.305,0.943455,0,0,0
9.31,0.958995,0,0,0
9.315,0.960816,0,0,0
9.32,0.963313,0,0,0
9.325,0.960981,0,0,0
9.33,0.951138,0,0,0
9.335,0.94298,0,0,0
9.34,0.92329,0,0,0
9.345,0.900665,0,0,0
9.35,0.89662,0,0,0
9.355,0.899979,0,0,0
9.36,0.908524,0,0,0
9.365,0.916545,0,0,0
9.37,0.923423,0,0,0
9.375,0.917743,0,0,0
9.38,0.909193,0,0,0
9.385,0.911658,0,0,0
9.39,0.910565,0,0,0
9.395,0.908908,0,0,0
9.4,0.89958,0,0,0
9.405,0.889491,0,0,0
9.41,0.910069,0,0,0
9.415,0.924584,0,0,0
9.42,0.938453,0,0,0
9.425,0.938297,0,0,0
9.43,0.918431,0,0,0
9.435,0.892953,0,0,0
9.44,0.882228,0,0,0
9.445,0.898384,0,0,0
9.45,0.930982,0,0,0
9.455,0.936064,0,0,0
9.46,0.941709,0,0,0
9.465,0.926506,0,0,0
9.47,0.932602,0,0,0
9.475,0.943041,0,0,0
9.48,0.934745,0,0,0
9.485,0.946304,0,0,0
9.49,0.947472,0,0,0
9.495,0.966714,0,0,0
9.5,0.9594,0,0,0
9.505,0.955284,0,0,0
9.51,0.972479,0,0,0
9.515,0.991929,0,0,0
9.52,0.987076,0,0,0
9.525,0.978501,0,0,0
9.53,0.975386,0,0,0
9.535,0.973188,0,0,0
9.54,0.973109,0,0,0
9.545,0.957667,0,0,0
9.55,0.959945,0,0,0
9.555,0.958264,0,0,0
9.56,0.948076,0,0,0
9.565,0.916147,0,0,0
9.57,0.907097,0,0,0
9.575,0.902626,0,0,0
9.58,0.937016,0,0,0
9.585,0.96286,0,0,0
9.59,0.970467,0,0,0
9.595,0.966213,0,0,0
9.6,0.948408,0,0,0
9.605,0.925954,0,0,0
9.61,0.923224,0,0,0
9.615,0.910091,0,0,0
9.62,0.907863,0,0,0
9.625,0.907468,0,0,0
9.63,0.914549,0,0,0
9.635,0.922745,0,0,0
9.64,0.926183,0,0,0
9.645,0.939751,0,0,0
9.65,0.94092,0,0,0
9.655,0.939921,0,0,0
9.66,0.930963,0,0,0
9.665,0.935783,0,0,0
9.67,0.9387,0,0,0
9.675,0.949122,0,0,0
9.68,0.956298,0,0,0
9.685,0.946942,0,0,0
9.69,0.928088,0,0,0
9.695,0.902312,0,0,0
9.7,0.890381,0,0,0
9.705,0.89954,0,0,0
9.71,0.906251,0,0,0
9.715,0.911464,0,0,0
9.72,0.912269,0,0,0
9.725,0.907499,0,0,0
9.73,0.911068,0,0,0
9.735,0.932912,0,0,0
9.74,0.94499,0,0,0
9.745,0.954687,0,0,0
9.75,0.952439,0,0,0
9.755,0.957362,0,0,0
9.76,0.951875,0,0,0
9.765,0.939999,0,0,0
9.77,0.941361,0,0,0
9.775,0.958259,0,0,0
9.78,0.954862,0,0,0
9.785,0.925481,0,0,0
9.79,0.922559,0,0,0
9.795,0.912312,0,0,0
9.8,0.934526,0,0,0
9.805,0.950962,0,0,0
9.81,0.951885,0,0,0
9.815,0.951845,0,0,0
9.82,0.936513,0,0,0
9.825,0.927608,0,0,0
9.83,0.915638,0,0,0
9.835,0.917825,0,0,0
9.84,0.917908,0,0,0
9.845,0.917839,0,0,0
9.85,0.920422,0,0,0
9.855,0.928854,0,0,0
9.86,0.941515,0,0,0
9.865,0.965862,0,0,0
9.87,0.972549,0,0,0
9.875,0.959338,0,0,0
9.88,0.958211,0,0,0
9.885,0.95325,0,0,0
9.89,0.960297,0,0,0
9.895,0.964691,0,0,0
9.9,0.961904,0,0,0
9.905,0.956439,0,0,0
9.91,0.935862,0,0,0
9.915,0.921919,0,0,0
9.92,0.92762,0,0,0
9.925,0.930677,0,0,0
9.93,0.936661,0,0,0
9.935,0.947412,0,0,0
9.94,0.951049,0,0,0
9.945,0.964496,0,0,0
9.95,0.949621,0,0,0
9.955,0.928552,0,0,0
9.96,0.914323,0,0,0
9.965,0.929413,0,0,0
9.97,0.941285,0,0,0
9.975,0.935798,0,0,0
9.98,0.913677,0,0,0
9.985,0.912707,0,0,0
9.99,0.909565,0,0,0
9.995,0.912211,0,0,0
10,0.917966,0,0,0
10.005,0.932427,0,0,0
10.01,0.938866,0,0,0
10.015,0.958036,0,0,0
10.02,0.971388,0,0,0
10.025,0.9836,0,0,0
10.03,0.970437,0,0,0
10.035,0.955334,0,0,0
10.04,0.935293,0,0,0
10.045,0.931553,0,0,0
10.05,0.927983,0,0,0
10.055,0.933427,0,0,0
10.06,0.954224,0,0,0
10.065,0.939391,0,0,0
10.07,0.921384,0,0,0
10.075,0.902803,0,0,0
10.08,0.902813,0,0,0
10.085,0.911586,0,0,0
10.09,0.913413,0,0,0
10.095,0.923739,0,0,0
10.1,0.925685,0,0,0
10.105,0.923261,0,0,0
10.11,0.929348,0,0,0
10.115,0.95072,0,0,0
10.12,0.972974,0,0,0
10.125,0.983573,0,0,0
10.13,0.975978,0,0,0
10.135,0.985428,0,0,0
10.14,0.992377,0,0,0
10.145,0.992397,0,0,0
10.15,0.989221,0,0,0
10.155,0.980927,0,0,0
10.16,0.971163,0,0,0
10.165,0.942454,0,0,0
10.17,0.922874,0,0,0
10.175,0.919732,0,0,0
10.18,0.923917,0,0,0
10.185,0.937254,0,0,0
10.19,0.951067,0,0,0
10.195,0.966828,0,0,0
10.2,0.961008,0,0,0
10.205,0.941419,0,0,0
10.21,0.927925,0,0,0
10.215,0.934906,0,0,0
10.22,0.943365,0,0,0
10.225,0.941042,0,0,0
10.23,0.930282,0,0,0
10.235,0.928246,0,0,0
10.24,0.94191,0,0,0
10.245,0.967065,0,0,0
10.25,0.979759,0,0,0
10.255,0.980747,0,0,0
10.26,0.980978,0,0,0
10.265,0.95831,0,0,0
10.27,0.931982,0,0,0
10.275,0.917272,0,0,0
10.28,0.911249,0,0,0
10.285,0.909097,0,0,0
10.29,0.905739,0,0,0
10.295,0.904879,0,0,0
10.3,0.901642,0,0,0
10.305,0.904514,0,0,0
10.31,0.895009,0,0,0
10.315,0.90189,0,0,0
10.32,0.916775,0,0,0
10.325,0.916381,0,0,0
10.33,0.928168,0,0,0
10.335,0.931811,0,0,0
10.34,0.934127,0,0,0
10.345,0.917736,0,0,0
10.35,0.899056,0,0,0
10.355,0.91259,0,0,0
10.36,0.920446,0,0,0
10.365,0.947338,0,0,0
10.37,0.957371,0,0,0
10.375,0.982351,0,0,0
10.38,0.966522,0,0,0
10.385,0.961223,0,0,0
10.39,0.953192,0,0,0
10.395,0.954985,0,0,0
10.4,0.948361,0,0,0
10.405,0.929998,0,0,0
10.41,0.904802,0,0,0
10.415,0.889215,0,0,0
10.42,0.877178,0,0,0
10.425,0.879321,0,0,0
10.43,0.889341,0,0,0
10.435,0.905404,0,0,0
10.44,0.926507,0,0,0
10.445,0.935016,0,0,0
10.45,0.948331,0,0,0
10.455,0.933322,0,0,0
10.46,0.925002,0,0,0
10.465,0.929894,0,0,0
10.47,0.924522,0,0,0
10.475,0.926844,0,0,0
10.48,0.933757,0,0,0
10.485,0.932566,0,0,0
10.49,0.942956,0,0,0
10.495,0.925655,0,0,0
10.5,0.913377,0,0,0
10.505,0.923664,0,0,0
10.51,0.939296,0,0,0
10.515,0.970121,0,0,0
10.52,0.995413,0,0,0
10.525,1.0006,0,0,0
10.53,0.991308,0,0,0
10.535,0.994003,0,0,0
10.54,0.978419,0,0,0
10.545,0.952227,0,0,0
10.55,0.920183,0,0,0
10.555,0.916795,0,0,0
10.56,0.909545,0,0,0
10.565,0.909559,0,0,0
10.57,0.907292,0,0,0
10.575,0.929586,0,0,0
10.58,0.952277,0,0,0
10.585,0.95812,0,0,0
10.59,0.9607,0,0,0
10.595,0.959798,0,0,0
10.6,0.956842,0,0,0
10.605,0.940272,0,0,0
10.61,0.918578,0,0,0
10.615,0.895045,0,0,0
10.62,0.893607,0,0,0
10.625,0.898672,0,0,0
10.63,0.907778,0,0,0
10.635,0.909189,0,0,0
10.64,0.911437,0,0,0
10.645,0.897919,0,0,0
10.65,0.902948,0,0,0
10.655,0.913315,0,0,0
10.66,0.936553,0,0,0
10.665,0.94926,0,0,0
10.67,0.956722,0,0,0
10.675,0.944285,0,0,0
10.68,0.942545,0,0,0
10.685,0.934856,0,0,0
10.69,0.9357,0,0,0
10.695,0.933904,0,0,0
10.7,0.925203,0,0,0
10.705,0.915595,0,0,0
10.71,0.913222,0,0,0
10.715,0.891811,0,0,0
10.72,0.875634,0,0,0
10.725,0.863742,0,0,0
10.73,0.871066,0,0,0
10.735,0.871999,0,0,0
10.74,0.852592,0,0,0
10.745,0.844918,0,0,0
10.75,0.843208,0,0,0
10.755,0.856284,0,0,0
10.76,0.889775,0,0,0
10.765,0.922095,0,0,0
10.77,0.951807,0,0,0
10.775,0.946961,0,0,0
10.78,0.944614,0,0,0
10.785,0.940637,0,0,0
10.79,0.930929,0,0,0
10.795,0.941343,0,0,0
10.8,0.93487,0,0,0
10.805,0.930085,0,0,0
10.81,0.916594,0,0,0
10.815,0.929415,0,0,0
10.82,0.946311,0,0,0
10.825,0.952731,0,0,0
10.83,0.947466,0,0,0
10.835,0.932499,0,0,0
10.84,0.934011,0,0,0
10.845,0.937241,0,0,0
10.85,0.936602,0,0,0
10.855,0.938866,0,0,0
10.86,0.938785,0,0,0
10.865,0.939615,0,0,0
10.87,0.933689,0,0,0
10.875,0.927349,0,0,0
10.88,0.929304,0,0,0
10.885,0.92691,0,0,0
10.89,0.923928,0,0,0
10.895,0.910874,0,0,0
10.9,0.913535,0,0,0
10.905,0.930387,0,0,0
10.91,0.931485,0,0,0
10.915,0.926443,0,0,0
10.92,0.930906,0,0,0
10.925,0.939672,0,0,0
10.93,0.943126,0,0,0
10.935,0.926875,0,0,0
10.94,0.928815,0,0,0
10.945,0.932247,0,0,0
10.95,0.924785,0,0,0
10.955,0.892902,0,0,0
10.96,0.869338,0,0,0
10.965,0.872168,0,0,0
10.97,0.876582,0,0,0
10.975,0.86662,0,0,0
10.98,0.849001,0,0,0
10.985,0.847634,0,0,0
10.99,0.86185,0,0,0
10.995,0.854568,0,0,0
11,0.868671,0,0,0
11.005,0.88933,0,0,0
11.01,0.90858,0,0,0
11.015,0.925175,0,0,0
11.02,0.925017,0,0,0
11.025,0.911034,0,0,0
11.03,0.912948,0,0,0
11.035,0.899055,0,0,0
11.04,0.890051,0,0,0
11.045,0.891613,0,0,0
11.05,0.893665,0,0,0
11.055,0.903953,0,0,0
11.06,0.914212,0,0,0
11.065,0.91086,0,0,0
11.07,0.923181,0,0,0
11.075,0.937424,0,0,0
11.08,0.96132,0,0,0
11.085,0.956345,0,0,0
11.09,0.929419,0,0,0
11.095,0.920152,0,0,0
11.1,0.924542,0,0,0
11.105,0.933961,0,0,0
11.11,0.949529,0,0,0
11.115,0.955683,0,0,0
11.12,0.968496,0,0,0
11.125,0.981334,0,0,0
11.13,0.968122,0,0,0
11.135,0.946239,0,0,0
11.14,0.918825,0,0,0
11.145,0.907668,0,0,0
11.15,0.906098,0,0,0
11.155,0.904579,0,0,0
11.16,0.904923,0,0,0
11.165,0.918474,0,0,0
11.17,0.933289,0,0,0
11.175,0.938285,0,0,0
11.18,0.918182,0,0,0
11.185,0.90111,0,0,0
11.19,0.909674,0,0,0
11.195,0.919338,0,0,0
11.2,0.918164,0,0,0
11.205,0.913818,0,0,0
11.21,0.908896,0,0,0
11.215,0.898366,0,0,0
11.22,0.890983,0,0,0
11.225,0.88437,0,0,0
11.23,0.892391,0,0,0
11.235,0.89477,0,0,0
11.24,0.877366,0,0,0
11.245,0.864667,0,0,0
11.25,0.852737,0,0,0
11.255,0.863027,0,0,0
11.26,0.878276,0,0,0
11.265,0.911981,0,0,0
11.27,0.937257,0,0,0
11.275,0.944357,0,0,0
11.28,0.935133,0,0,0
11.285,0.922022,0,0,0
11.29,0.898776,0,0,0
11.295,0.894063,0,0,0
11.3,0.894032,0,0,0
11.305,0.892087,0,0,0
11.31,0.905421,0,0,0
11.315,0.90836,0,0,0
11.32,0.892712,0,0,0
11.325,0.872037,0,0,0
11.33,0.848605,0,0,0
11.335,0.854056,0,0,0
11.34,0.843715,0,0,0
11.345,0.854539,0,0,0
11.35,0.883949,0,0,0
11.355,0.911345,0,0,0
11.36,0.923129,0,0,0
11.365,0.923833,0,0,0
11.37,0.934845,0,0,0
11.375,0.966387,0,0,0
11.38,0.958966,0,0,0
11.385,0.938817,0,0,0
11.39,0.925083,0,0,0
11.395,0.931834,0,0,0
11.4,0.941778,0,0,0
11.405,0.956958,0,0,0
11.41,0.950582,0,0,0
11.415,0.951079,0,0,0
11.42,0.946363,0,0,0
11.425,0.92832,0,0,0
11.43,0.900549,0,0,0
11.435,0.898118,0,0,0
11.44,0.91589,0,0,0
11.445,0.938409,0,0,0
11.45,0.955544,0,0,0
11.455,0.94713,0,0,0
11.46,0.927965,0,0,0
11.465,0.9214,0,0,0
11.47,0.896643,0,0,0
11.475,0.887671,0,0,0
11.48,0.873601,0,0,0
11.485,0.853209,0,0,0
11.49,0.855553,0,0,0
11.495,0.871361,0,0,0
11.5,0.889159,0,0,0
11.505,0.881934,0,0,0
11.51,0.884183,0,0,0
11.515,0.886876,0,0,0
11.52,0.889591,0,0,0
11.525,0.892058,0,0,0
11.53,0.891973,0,0,0
11.535,0.906942,0,0,0
11.54,0.917459,0,0,0
11.545,0.917246,0,0,0
11.55,0.927368,0,0,0
11.555,0.94051,0,0,0
11.56,0.931759,0,0,0
11.565,0.919636,0,0,0
11.57,0.89316,0,0,0
11.575,0.87625,0,0,0
11.58,0.872084,0,0,0
11.585,0.862702,0,0,0
11.59,0.88723,0,0,0
11.595,0.894374,0,0,0
11.6,0.909531,0,0,0
11.605,0.903954,0,0,0
11.61,0.895607,0,0,0
11.615,0.885292,0,0,0
11.62,0.881269,0,0,0
11.625,0.889008,0,0,0
11.63,0.891394,0,0,0
11.635,0.911435,0,0,0
11.64,0.911126,0,0,0
11.645,0.90799,0,0,0
11.65,0.903728,0,0,0
11.655,0.885926,0,0,0
11.66,0.88417,0,0,0
11.665,0.892544,0,0,0
11.67,0.893485,0,0,0
11.675,0.910617,0,0,0
11.68,0.907494,0,0,0
11.685,0.920516,0,0,0
11.69,0.920957,0,0,0
11.695,0.929359,0,0,0
11.7,0.937988,0,0,0
11.705,0.933014,0,0,0
11.71,0.920173,0,0,0
11.715,0.920286,0,0,0
11.72,0.90179,0,0,0
11.725,0.889537,0,0,0
11.73,0.883019,0,0,0
11.735,0.87966,0,0,0
11.74,0.905119,0,0,0
11.745,0.916579,0,0,0
11.75,0.907404,0,0,0
11.755,0.896685,0,0,0
11.76,0.8846,0,0,0
11.765,0.876866,0,0,0
11.77,0.884294,0,0,0
11.775,0.898825,0,0,0
11.78,0.907015,0,0,0
11.785,0.910149,0,0,0
11.79,0.889906,0,0,0
11.795,0.888865,0,0,0
11.8,0.885526,0,0,0
11.805,0.889412,0,0,0
11.81,0.884022,0,0,0
11.815,0.882628,0,0,0
11.82,0.886663,0,0,0
11.825,0.896801,0,0,0
11.83,0.899748,0,0,0
11.835,0.905619,0,0,0
11.84,0.915731,0,0,0
11.845,0.924861,0,0,0
11.85,0.931574,0,0,0
11.855,0.916042,0,0,0
11.86,0.914364,0,0,0
11.865,0.923853,0,0,0
11.87,0.926336,0,0,0
11.875,0.913876,0,0,0
11.88,0.903197,0,0,0
11.885,0.918388,0,0,0
11.89,0.936507,0,0,0
11.895,0.933196,0,0,0
11.9,0.897185,0,0,0
11.905,0.869873,0,0,0
11.91,0.863505,0,0,0
11.915,0.871247,0,0,0
11.92,0.876626,0,0,0
11.925,0.878391,0,0,0
11.93,0.886,0,0,0
11.935,0.892219,0,0,0
11.94,0.895881,0,0,0
11.945,0.916947,0,0,0
11.95,0.919764,0,0,0
11.955,0.918458,0,0,0
11.96,0.899017,0,0,0
11.965,0.890678,0,0,0
11.97,0.893864,0,0,0
11.975,0.894364,0,0,0
11.98,0.897448,0,0,0
11.985,0.893646,0,0,0
11.99,0.895423,0,0,0
11.995,0.907123,0,0,0
12,0.920666,0,0,0
12.005,0.916509,0,0,0
12.01,0.903472,0,0,0
12.015,0.902645,0,0,0
12.02,0.912544,0,0,0
12.025,0.932113,0,0,0
12.03,0.9412,0,0,0
12.035,0.950051,0,0,0
12.04,0.942045,0,0,0
12.045,0.933777,0,0,0
12.05,0.922392,0,0,0
12.055,0.903242,0,0,0
12.06,0.880327,0,0,0
12.065,0.876681,0,0,0
12.07,0.875993,0,0,0
12.075,0.880862,0,0,0
12.08,0.884489,0,0,0
12.085,0.886673,0,0,0
12.09,0.879899,0,0,0
12.095,0.888138,0,0,0
12.1,0.915703,0,0,0
12.105,0.924673,0,0,0
12.11,0.898445,0,0,0
12.115,0.888144,0,0,0
12.12,0.890768,0,0,0
12.125,0.892823,0,0,0
12.13,0.888402,0,0,0
12.135,0.879748,0,0,0
12.14,0.884308,0,0,0
12.145,0.898047,0,0,0
12.15,0.922509,0,0,0
12.155,0.928185,0,0,0
12.16,0.914686,0,0,0
12.165,0.91605,0,0,0
12.17,0.934419,0,0,0
12.175,0.955544,0,0,0
12.18,0.940828,0,0,0
12.185,0.901151,0,0,0
12.19,0.860053,0,0,0
12.195,0.841783,0,0,0
12.2,0.84269,0,0,0
12.205,0.871933,0,0,0
12.21,0.897842,0,0,0
12.215,0.909748,0,0,0
12.22,0.907815,0,0,0
12.225,0.914544,0,0,0
12.23,0.917818,0,0,0
12.235,0.915895,0,0,0
12.24,0.930356,0,0,0
12.245,0.944577,0,0,0
12.25,0.935677,0,0,0
12.255,0.902643,0,0,0
12.26,0.87568,0,0,0
12.265,0.876488,0,0,0
12.27,0.887215,0,0,0
12.275,0.898962,0,0,0
12.28,0.903371,0,0,0
12.285,0.917216,0,0,0
12.29,0.91569,0,0,0
12.295,0.914466,0,0,0
12.3,0.890243,0,0,0
12.305,0.874778,0,0,0
12.31,0.882518,0,0,0
12.315,0.880842,0,0,0
12.32,0.879707,0,0,0
12.325,0.890973,0,0,0
12.33,0.892594,0,0,0
12.335,0.884628,0,0,0
12.34,0.894264,0,0,0
12.345,0.897493,0,0,0
12.35,0.917573,0,0,0
12.355,0.921813,0,0,0
12.36,0.915711,0,0,0
12.365,0.91348,0,0,0
12.37,0.918327,0,0,0
12.375,0.911192,0,0,0
12.38,0.913016,0,0,0
12.385,0.905304,0,0,0
12.39,0.898853,0,0,0
12.395,0.894659,0,0,0
12.4,0.885528,0,0,0
12.405,0.891198,0,0,0
12.41,0.911056,0,0,0
12.415,0.918354,0,0,0
12.42,0.919508,0,0,0
12.425,0.92091,0,0,0
12.43,0.920795,0,0,0
12.435,0.912082,0,0,0
12.44,0.897222,0,0,0
12.445,0.88691,0,0,0
12.45,0.893093,0,0,0
12.455,0.893492,0,0,0
12.46,0.882223,0,0,0
12.465,0.864511,0,0,0
12.47,0.860597,0,0,0
12.475,0.864152,0,0,0
12.48,0.872795,0,0,0
12.485,0.879063,0,0,0
12.49,0.886153,0,0,0
12.495,0.881388,0,0,0
12.5,0.89325,0,0,0
12.505,0.906819,0,0,0
12.51,0.915652,0,0,0
12.515,0.916395,0,0,0
12.52,0.90975,0,0,0
12.525,0.907849,0,0,0
12.53,0.913992,0,0,0
12.535,0.918961,0,0,0
12.54,0.935706,0,0,0
12.545,0.948916,0,0,0
12.55,0.943311,0,0,0
12.555,0.924783,0,0,0
12.56,0.91254,0,0,0
12.565,0.896856,0,0,0
12.57,0.887797,0,0,0
12.575,0.882344,0,0,0
12.58,0.883051,0,0,0
12.585,0.881582,0,0,0
12.59,0.862336,0,0,0
12.595,0.848373,0,0,0
12.6,0.846622,0,0,0
12.605,0.85983,0,0,0
12.61,0.868281,0,0,0
12.615,0.873041,0,0,0
12.62,0.883025,0,0,0
12.625,0.887891,0,0,0
12.63,0.886965,0,0,0
12.635,0.896002,0,0,0
12.64,0.894894,0,0,0
12.645,0.892276,0,0,0
12.65,0.885422,0,0,0
12.655,0.877354,0,0,0
12.66,0.892122,0,0,0
12.665,0.90404,0,0,0
12.67,0.913295,0,0,0
12.675,0.923515,0,0,0
12.68,0.918482,0,0,0
12.685,0.895062,0,0,0
12.69,0.887968,0,0,0
12.695,0.889595,0,0,0
12.7,0.879893,0,0,0
12.705,0.863072,0,0,0
12.71,0.849433,0,0,0
12.715,0.863458,0,0,0
12.72,0.873581,0,0,0
12.725,0.87597,0,0,0
12.73,0.884173,0,0,0
12.735,0.907896,0,0,0
12.74,0.929392,0,0,0
12.745,0.928114,0,0,0
12.75,0.916348,0,0,0
12.755,0.924184,0,0,0
12.76,0.935485,0,0,0
12.765,0.938019,0,0,0
12.77,0.916169,0,0,0
12.775,0.896237,0,0,0
12.78,0.894949,0,0,0
12.785,0.903035,0,0,0
12.79,0.898465,0,0,0
12.795,0.904014,0,0,0
12.8,0.907699,0,0,0
12.805,0.912743,0,0,0
12.81,0.905033,0,0,0
12.815,0.886915,0,0,0
12.82,0.873392,0,0,0
12.825,0.880834,0,0,0
12.83,0.886159,0,0,0
12.835,0.886888,0,0,0
12.84,0.881636,0,0,0
12.845,0.904269,0,0,0
12.85,0.899077,0,0,0
12.855,0.884084,0,0,0
12.86,0.868452,0,0,0
12.865,0.85288,0,0,0
12.87,0.847585,0,0,0
12.875,0.84704,0,0,0
12.88,0.862725,0,0,0
12.885,0.873227,0,0,0
12.89,0.869334,0,0,0
12.895,0.855489,0,0,0
12.9,0.848157,0,0,0
12.905,0.856237,0,0,0
12.91,0.871026,0,0,0
12.915,0.888991,0,0,0
12.92,0.903588,0,0,0
12.925,0.914684,0,0,0
12.93,0.91247,0,0,0
12.935,0.905911,0,0,0
12.94,0.905507,0,0,0
12.945,0.899935,0,0,0
12.95,0.897229,0,0,0
12.955,0.906146,0,0,0
12.96,0.917567,0,0,0
12.965,0.921753,0,0,0
12.97,0.902908,0,0,0
12.975,0.8811,0,0,0
12.98,0.877949,0,0,0
12.985,0.888917,0,0,0
12.99,0.900855,0,0,0
12.995,0.903163,0,0,0
13,0.891257,0,0,0
13.005,0.89464,0,0,0
13.01,0.901439,0,0,0
13.015,0.909064,0,0,0
13.02,0.908027,0,0,0
13.025,0.902724,0,0,0
13.03,0.907014,0,0,0
13.035,0.908144,0,0,0
13.04,0.915076,0,0,0
13.045,0.913564,0,0,0
13.05,0.926508,0,0,0
13.055,0.920224,0,0,0
13.06,0.909938,0,0,0
13.065,0.891575,0,0,0
13.07,0.874191,0,0,0
13.075,0.859454,0,0,0
13.08,0.855812,0,0,0
13.085,0.863262,0,0,0
13.09,0.878443,0,0,0
13.095,0.886876,0,0,0
13.1,0.889889,0,0,0
13.105,0.912346,0,0,0
13.11,0.932811,0,0,0
13.115,0.933044,0,0,0
13.12,0.943244,0,0,0
13.125,0.935653,0,0,0
13.13,0.933748,0,0,0
13.135,0.921352,0,0,0
13.14,0.893921,0,0,0
13.145,0.876105,0,0,0
13.15,0.876867,0,0,0
13.155,0.875868,0,0,0
13.16,0.87186,0,0,0
13.165,0.867942,0,0,0
13.17,0.882579,0,0,0
13.175,0.905985,0,0,0
13.18,0.904021,0,0,0
13.185,0.896457,0,0,0
13.19,0.888373,0,0,0
13.195,0.892616,0,0,0
13.2,0.897061,0,0,0
13.205,0.891401,0,0,0
13.21,0.887818,0,0,0
13.215,0.890908,0,0,0
13.22,0.886314,0,0,0
13.225,0.902765,0,0,0
13.23,0.911849,0,0,0
13.235,0.913783,0,0,0
13.24,0.905042,0,0,0
13.245,0.890245,0,0,0
13.25,0.880422,0,0,0
13.255,0.863787,0,0,0
13.26,0.853429,0,0,0
13.265,0.866977,0,0,0
13.27,0.896186,0,0,0
13.275,0.911377,0,0,0
13.28,0.90404,0,0,0
13.285,0.890194,0,0,0
13.29,0.877677,0,0,0
13.295,0.861826,0,0,0
13.3,0.857739,0,0,0
13.305,0.850776,0,0,0
13.31,0.851607,0,0,0
13.315,0.863114,0,0,0
13.32,0.880231,0,0,0
13.325,0.888636,0,0,0
13.33,0.888491,0,0,0
13.335,0.88787,0,0,0
13.34,0.891466,0,0,0
13.345,0.897721,0,0,0
13.35,0.887637,0,0,0
13.355,0.86765,0,0,0
13.36,0.86932,0,0,0
13.365,0.881553,0,0,0
13.37,0.89895,0,0,0
13.375,0.910877,0,0,0
13.38,0.902572,0,0,0
13.385,0.888864,0,0,0
13.39,0.885564,0,0,0
13.395,0.882103,0,0,0
13.4,0.870882,0,0,0
13.405,0.870364,0,0,0
13.41,0.862591,0,0,0
13.415,0.853729,0,0,0
13.42,0.859285,0,0,0
13.425,0.881673,0,0,0
13.43,0.913651,0,0,0
13.435,0.935376,0,0,0
13.44,0.950556,0,0,0
13.445,0.945496,0,0,0
13.45,0.933532,0,0,0
13.455,0.918054,0,0,0
13.46,0.89488,0,0,0
13.465,0.884966,0,0,0
13.47,0.894809,0,0,0
13.475,0.910847,0,0,0
13.48,0.917374,0,0,0
13.485,0.92113,0,0,0
13.49,0.927049,0,0,0
13.495,0.919039,0,0,0
13.5,0.895924,0,0,0
13.505,0.867529,0,0,0
13.51,0.854473,0,0,0
13.515,0.858839,0,0,0
13.52,0.86073,0,0,0
13.525,0.860994,0,0,0
13.53,0.876952,0,0,0
13.535,0.877835,0,0,0
13.54,0.896103,0,0,0
13.545,0.905955,0,0,0
13.55,0.926114,0,0,0
13.555,0.940625,0,0,0
13.56,0.938006,0,0,0
13.565,0.924881,0,0,0
13.57,0.909617,0,0,0
13.575,0.903289,0,0,0
13.58,0.88269,0,0,0
13.585,0.88593,0,0,0
13.59,0.886989,0,0,0
13.595,0.87747,0,0,0
13.6,0.889331,0,0,0
13.605,0.892863,0,0,0
13.61,0.910098,0,0,0
13.615,0.91883,0,0,0
13.62,0.924056,0,0,0
13.625,0.917899,0,0,0
13.63,0.934706,0,0,0
13.635,0.941684,0,0,0
13.64,0.942428,0,0,0
13.645,0.929432,0,0,0
13.65,0.901401,0,0,0
13.655,0.900972,0,0,0
13.66,0.899673,0,0,0
13.665,0.886034,0,0,0
13.67,0.875169,0,0,0
13.675,0.873582,0,0,0
13.68,0.896385,0,0,0
13.685,0.912254,0,0,0
13.69,0.907512,0,0,0
13.695,0.885182,0,0,0
13.7,0.869492,0,0,0
13.705,0.858508,0,0,0
13.71,0.853365,0,0,0
13.715,0.847578,0,0,0
13.72,0.836839,0,0,0
13.725,0.834802,0,0,0
13.73,0.852961,0,0,0
13.735,0.883948,0,0,0
13.74,0.891406,0,0,0
13.745,0.891187,0,0,0
13.75,0.881636,0,0,0
13.755,0.878048,0,0,0
13.76,0.889739,0,0,0
13.765,0.894022,0,0,0
13.77,0.886911,0,0,0
13.775,0.886789,0,0,0
13.78,0.888507,0,0,0
13.785,0.892576,0,0,0
13.79,0.901731,0,0,0
13.795,0.905505,0,0,0
13.8,0.917912,0,0,0
13.805,0.920992,0,0,0
13.81,0.90888,0,0,0
13.815,0.893125,0,0,0
13.82,0.864836,0,0,0
13.825,0.84657,0,0,0
13.83,0.834371,0,0,0
13.835,0.838415,0,0,0
13.84,0.844528,0,0,0
13.845,0.846148,0,0,0
13.85,0.856216,0,0,0
13.855,0.864348,0,0,0
13.86,0.884412,0,0,0
13.865,0.93097,0,0,0
13.87,0.942291,0,0,0
13.875,0.940986,0,0,0
13.88,0.940333,0,0,0
13.885,0.93569,0,0,0
13.89,0.926034,0,0,0
13.895,0.906252,0,0,0
13.9,0.870206,0,0,0
13.905,0.856153,0,0,0
13.91,0.871091,0,0,0
13.915,0.901999,0,0,0
13.92,0.912892,0,0,0
13.925,0.906573,0,0,0
13.93,0.907679,0,0,0
13.935,0.9171,0,0,0
13.94,0.922169,0,0,0
13.945,0.90568,0,0,0
13.95,0.891076,0,0,0
13.955,0.889317,0,0,0
13.96,0.89257,0,0,0
13.965,0.893484,0,0,0
13.97,0.89854,0,0,0
13.975,0.88828,0,0,0
13.98,0.870076,0,0,0
13.985,0.85628,0,0,0
13.99,0.85441,0,0,0
13.995,0.858762,0,0,0
14,0.869974,0,0,0
14.005,0.867874,0,0,0
14.01,0.862181,0,0,0
14.015,0.869797,0,0,0
14.02,0.8759,0,0,0
14.025,0.880873,0,0,0
14.03,0.879844,0,0,0
14.035,0.864676,0,0,0
14.04,0.866997,0,0,0
14.045,0.868155,0,0,0
14.05,0.873305,0,0,0
14.055,0.86777,0,0,0
14.06,0.855869,0,0,0
14.065,0.84611,0,0,0
14.07,0.839864,0,0,0
14.075,0.860763,0,0,0
14.08,0.884057,0,0,0
14.085,0.89454,0,0,0
14.09,0.877164,0,0,0
14.095,0.855481,0,0,0
14.1,0.847072,0,0,0
14.105,0.848964,0,0,0
14.11,0.860611,0,0,0
14.115,0.869028,0,0,0
14.12,0.87411,0,0,0
14.125,0.876497,0,0,0
14.13,0.886311,0,0,0
14.135,0.906123,0,0,0
14.14,0.90889,0,0,0
14.145,0.913663,0,0,0
14.15,0.913622,0,0,0
14.155,0.913449,0,0,0
14.16,0.897785,0,0,0
14.165,0.896892,0,0,0
14.17,0.893951,0,0,0
14.175,0.88512,0,0,0
14.18,0.904729,0,0,0
14.185,0.91599,0,0,0
14.19,0.925707,0,0,0
14.195,0.924228,0,0,0
14.2,0.902745,0,0,0
14.205,0.874593,0,0,0
14.21,0.869939,0,0,0
14.215,0.871008,0,0,0
14.22,0.893949,0,0,0
14.225,0.918441,0,0,0
14.23,0.94471,0,0,0
14.235,0.952454,0,0,0
14.24,0.943386,0,0,0
14.245,0.940042,0,0,0
14.25,0.936072,0,0,0
14.255,0.943684,0,0,0
14.26,0.937008,0,0,0
14.265,0.929425,0,0,0
14.27,0.921852,0,0,0
14.275,0.915488,0,0,0
14.28,0.928938,0,0,0
14.285,0.931819,0,0,0
14.29,0.920295,0,0,0
14.295,0.913168,0,0,0
14.3,0.899623,0,0,0
14.305,0.896061,0,0,0
14.31,0.874712,0,0,0
14.315,0.855785,0,0,0
14.32,0.861249,0,0,0
14.325,0.872762,0,0,0
14.33,0.893936,0,0,0
14.335,0.911045,0,0,0
14.34,0.911878,0,0,0
14.345,0.891904,0,0,0
14.35,0.870458,0,0,0
14.355,0.863263,0,0,0
14.36,0.870873,0,0,0
14.365,0.876414,0,0,0
14.37,0.884426,0,0,0
14.375,0.888593,0,0,0
14.38,0.905686,0,0,0
14.385,0.916604,0,0,0
14.39,0.926736,0,0,0
14.395,0.923208,0,0,0
14.4,0.915782,0,0,0
14.405,0.924011,0,0,0
14.41,0.910986,0,0,0
14.415,0.907627,0,0,0
14.42,0.890757,0,0,0
14.425,0.87513,0,0,0
14.43,0.868016,0,0,0
14.435,0.859845,0,0,0
14.44,0.859412,0,0,0
14.445,0.872104,0,0,0
14.45,0.880484,0,0,0
14.455,0.886895,0,0,0
14.46,0.893635,0,0,0
14.465,0.901662,0,0,0
14.47,0.898694,0,0,0
14.475,0.89789,0,0,0
14.48,0.892744,0,0,0
14.485,0.898195,0,0,0
14.49,0.898165,0,0,0
14.495,0.890202,0,0,0
14.5,0.879271,0,0,0
14.505,0.863621,0,0,0
14.51,0.854302,0,0,0
14.515,0.860194,0,0,0
14.52,0.88123,0,0,0
14.525,0.897504,0,0,0
14.53,0.889175,0,0,0
14.535,0.888732,0,0,0
14.54,0.89576,0,0,0
14.545,0.909966,0,0,0
14.55,0.910607,0,0,0
14.555,0.912896,0,0,0
14.56,0.9148,0,0,0
14.565,0.933428,0,0,0
14.57,0.940501,0,0,0
14.575,0.948147,0,0,0
14.58,0.952374,0,0,0
14.585,0.931634,0,0,0
14.59,0.91102,0,0,0
14.595,0.898091,0,0,0
14.6,0.900861,0,0,0
14.605,0.900763,0,0,0
14.61,0.888569,0,0,0
14.615,0.869609,0,0,0
14.62,0.86183,0,0,0
14.625,0.863208,0,0,0
14.63,0.872885,0,0,0
14.635,0.885766,0,0,0
14.64,0.900409,0,0,0
14.645,0.903138,0,0,0
14.65,0.910156,0,0,0
14.655,0.911474,0,0,0
14.66,0.926032,0,0,0
14.665,0.943978,0,0,0
14.67,0.960784,0,0,0
14.675,0.973685,0,0,0
14.68,0.978509,0,0,0
14.685,0.983279,0,0,0
14.69,0.977291,0,0,0
14.695,0.967592,0,0,0
14.7,0.954449,0,0,0
14.705,0.936468,0,0,0
14.71,0.919484,0,0,0
14.715,0.909869,0,0,0
14.72,0.907217,0,0,0
14.725,0.917148,0,0,0
14.73,0.923038,0,0,0
14.735,0.918426,0,0,0
14.74,0.911984,0,0,0
14.745,0.918063,0,0,0
14.75,0.92438,0,0,0
14.755,0.92392,0,0,0
14.76,0.909101,0,0,0
14.765,0.904875,0,0,0
14.77,0.91506,0,0,0
14.775,0.933295,0,0,0
14.78,0.939972,0,0,0
14.785,0.927706,0,0,0
14.79,0.921519,0,0,0
14.795,0.918113,0,0,0
14.8,0.913966,0,0,0
14.805,0.896748,0,0,0
14.81,0.879527,0,0,0
14.815,0.875876,0,0,0
14.82,0.869698,0,0,0
14.825,0.858978,0,0,0
14.83,0.848098,0,0,0
14.835,0.841834,0,0,0
14.84,0.854454,0,0,0
14.845,0.865554,0,0,0
14.85,0.878379,0,0,0
14.855,0.885954,0,0,0
14.86,0.899558,0,0,0
14.865,0.906591,0,0,0
14.87,0.897123,0,0,0
14.875,0.90069,0,0,0
14.88,0.916702,0,0,0
14.885,0.933999,0,0,0
14.89,0.920482,0,0,0
14.895,0.919341,0,0,0
14.9,0.925461,0,0,0
14.905,0.932474,0,0,0
14.91,0.927326,0,0,0
14.915,0.907459,0,0,0
14.92,0.8906,0,0,0
14.925,0.899704,0,0,0
14.93,0.913422,0,0,0
14.935,0.934684,0,0,0
14.94,0.94044,0,0,0
14.945,0.945769,0,0,0
14.95,0.939846,0,0,0
14.955,0.928754,0,0,0
14.96,0.91132,0,0,0
14.965,0.900628,0,0,0
14.97,0.89884,0,0,0
14.975,0.910542,0,0,0
14.98,0.919339,0,0,0
14.985,0.913176,0,0,0
14.99,0.908622,0,0,0
14.995,0.901655,0,0,0
15,0.893274,0,0,0
15.005,0.892117,0,0,0
15.01,0.882851,0,0,0
15.015,0.877298,0,0,0
15.02,0.879296,0,0,0
15.025,0.889744,0,0,0
15.03,0.90508,0,0,0
15.035,0.927401,0,0,0
15.04,0.943852,0,0,0
15.045,0.953222,0,0,0
15.05,0.937529,0,0,0
15.055,0.921857,0,0,0
15.06,0.917128,0,0,0
15.065,0.923234,0,0,0
15.07,0.929665,0,0,0
15.075,0.932688,0,0,0
15.08,0.918367,0,0,0
15.085,0.910325,0,0,0
15.09,0.918932,0,0,0
15.095,0.928581,0,0,0
15.1,0.940015,0,0,0
15.105,0.943646,0,0,0
15.11,0.934506,0,0,0
15.115,0.921721,0,0,0
15.12,0.913578,0,0,0
15.125,0.903245,0,0,0
15.13,0.902458,0,0,0
15.135,0.89907,0,0,0
15.14,0.889403,0,0,0
15.145,0.912383,0,0,0
15.15,0.935323,0,0,0
15.155,0.944344,0,0,0
15.16,0.940444,0,0,0
15.165,0.931526,0,0,0
15.17,0.923274,0,0,0
15.175,0.921261,0,0,0
15.18,0.934436,0,0,0
15.185,0.929039,0,0,0
15.19,0.913242,0,0,0
15.195,0.907534,0,0,0
15.2,0.910145,0,0,0
15.205,0.902933,0,0,0
15.21,0.9028,0,0,0
15.215,0.908407,0,0,0
15.22,0.911883,0,0,0
15.225,0.908983,0,0,0
15.23,0.902339,0,0,0
15.235,0.900616,0,0,0
15.24,0.894648,0,0,0
15.245,0.890227,0,0,0
15.25,0.888753,0,0,0
15.255,0.887374,0,0,0
15.26,0.883536,0,0,0
15.265,0.87535,0,0,0
15.27,0.878649,0,0,0
15.275,0.892284,0,0,0
15.28,0.905088,0,0,0
15.285,0.928451,0,0,0
15.29,0.941535,0,0,0
15.295,0.932996,0,0,0
15.3,0.93473,0,0,0
15.305,0.926654,0,0,0
15.31,0.920944,0,0,0
15.315,0.915779,0,0,0
15.32,0.911918,0,0,0
15.325,0.906725,0,0,0
15.33,0.912902,0,0,0
15.335,0.926902,0,0,0
15.34,0.930025,0,0,0
15.345,0.93878,0,0,0
15.35,0.924454,0,0,0
15.355,0.915768,0,0,0
15.36,0.902536,0,0,0
15.365,0.909944,0,0,0
15.37,0.913708,0,0,0
15.375,0.923081,0,0,0
15.38,0.916764,0,0,0
15.385,0.91022,0,0,0
15.39,0.90544,0,0,0
15.395,0.913579,0,0,0
15.4,0.921655,0,0,0
15.405,0.929316,0,0,0
15.41,0.919946,0,0,0
15.415,0.909148,0,0,0
15.42,0.904564,0,0,0
15.425,0.905183,0,0,0
15.43,0.90693,0,0,0
15.435,0.902031,0,0,0
15.44,0.899405,0,0,0
15.445,0.904414,0,0,0
15.45,0.91342,0,0,0
15.455,0.910199,0,0,0
15.46,0.910531,0,0,0
15.465,0.897223,0,0,0
15.47,0.903264,0,0,0
15.475,0.907297,0,0,0
15.48,0.892481,0,0,0
15.485,0.874722,0,0,0
15.49,0.872776,0,0,0
15.495,0.873592,0,0,0
15.5,0.883984,0,0,0
15.505,0.882063,0,0,0
15.51,0.875325,0,0,0
15.515,0.86769,0,0,0
15.52,0.872339,0,0,0
15.525,0.886444,0,0,0
15.53,0.89935,0,0,0
15.535,0.908752,0,0,0
15.54,0.919359,0,0,0
15.545,0.929217,0,0,0
15.55,0.91817,0,0,0
15.555,0.902936,0,0,0
15.56,0.893254,0,0,0
15.565,0.895907,0,0,0
15.57,0.898608,0,0,0
15.575,0.905058,0,0,0
15.58,0.903826,0,0,0
15.585,0.906121,0,0,0
15.59,0.897902,0,0,0
15.595,0.896864,0,0,0
15.6,0.890161,0,0,0
15.605,0.883359,0,0,0
15.61,0.875955,0,0,0
15.615,0.87069,0,0,0
15.62,0.873945,0,0,0
15.625,0.890145,0,0,0
15.63,0.910845,0,0,0
15.635,0.909353,0,0,0
15.64,0.90607,0,0,0
15.645,0.897567,0,0,0
15.65,0.901896,0,0,0
15.655,0.921769,0,0,0
15.66,0.924342,0,0,0
15.665,0.937895,0,0,0
15.67,0.956285,0,0,0
15.675,0.964582,0,0,0
15.68,0.969622,0,0,0
15.685,0.969852,0,0,0
15.69,0.977995,0,0,0
15.695,0.972303,0,0,0
15.7,0.965814,0,0,0
15.705,0.947126,0,0,0
15.71,0.931692,0,0,0
15.715,0.914456,0,0,0
15.72,0.909568,0,0,0
15.725,0.902512,0,0,0
15.73,0.910093,0,0,0
15.735,0.912203,0,0,0
15.74,0.934471,0,0,0
15.745,0.944454,0,0,0
15.75,0.942222,0,0,0
15.755,0.933968,0,0,0
15.76,0.922892,0,0,0
15.765,0.928897,0,0,0
15.77,0.936136,0,0,0
15.775,0.94677,0,0,0
15.78,0.9453,0,0,0
15.785,0.93278,0,0,0
15.79,0.922969,0,0,0
15.795,0.910669,0,0,0
15.8,0.90923,0,0,0
15.805,0.907464,0,0,0
15.81,0.921249,0,0,0
15.815,0.925794,0,0,0
15.82,0.934395,0,0,0
15.825,0.945897,0,0,0
15.83,0.943859,0,0,0
15.835,0.945032,0,0,0
15.84,0.960158,0,0,0
15.845,0.972495,0,0,0
15.85,0.964832,0,0,0
15.855,0.954087,0,0,0
15.86,0.955387,0,0,0
15.865,0.951148,0,0,0
15.87,0.950348,0,0,0
15.875,0.953418,0,0,0
15.88,0.949195,0,0,0
15.885,0.955152,0,0,0
15.89,0.964465,0,0,0
15.895,0.958764,0,0,0
15.9,0.945383,0,0,0
15.905,0.934115,0,0,0
15.91,0.935692,0,0,0
15.915,0.939411,0,0,0
15.92,0.945723,0,0,0
15.925,0.949957,0,0,0
15.93,0.945832,0,0,0
15.935,0.955078,0,0,0
15.94,0.956726,0,0,0
15.945,0.962729,0,0,0
15.95,0.964958,0,0,0
15.955,0.960964,0,0,0
15.96,0.956945,0,0,0
15.965,0.937958,0,0,0
15.97,0.919186,0,0,0
15.975,0.912388,0,0,0
15.98,0.924062,0,0,0
15.985,0.954277,0,0,0
15.99,0.981608,0,0,0
15.995,0.983427,0,0,0
16,0.97206,0,0,0
16.005,0.972102,0,0,0
16.01,0.972998,0,0,0
16.015,0.962253,0,0,0
16.02,0.952215,0,0,0
16.025,0.942065,0,0,0
16.03,0.929724,0,0,0
16.035,0.926044,0,0,0
16.04,0.914942,0,0,0
16.045,0.910947,0,0,0
16.05,0.90556,0,0,0
16.055,0.893185,0,0,0
16.06,0.903611,0,0,0
16.065,0.921006,0,0,0
16.07,0.941132,0,0,0
16.075,0.947061,0,0,0
16.08,0.943254,0,0,0
16.085,0.940884,0,0,0
16.09,0.947293,0,0,0
16.095,0.956347,0,0,0
16.1,0.964871,0,0,0
16.105,0.962296,0,0,0
16.11,0.968447,0,0,0
16.115,0.981012,0,0,0
16.12,0.987958,0,0,0
16.125,0.986662,0,0,0
16.13,0.976558,0,0,0
16.135,0.972927,0,0,0
16.14,0.979889,0,0,0
16.145,0.984951,0,0,0
16.15,0.997954,0,0,0
16.155,1.01019,0,0,0
16.16,1.01079,0,0,0
16.165,0.99843,0,0,0
16.17,0.995437,0,0,0
16.175,1.0043,0,0,0
16.18,0.984345,0,0,0
16.185,0.96413,0,0,0
16.19,0.938351,0,0,0
16.195,0.921007,0,0,0
16.2,0.917346,0,0,0
16.205,0.918622,0,0,0
16.21,0.925508,0,0,0
16.215,0.94668,0,0,0
16.22,0.956769,0,0,0
16.225,0.960891,0,0,0
16.23,0.953612,0,0,0
16.235,0.941394,0,0,0
16.24,0.957709,0,0,0
16.245,0.978513,0,0,0
16.25,0.996084,0,0,0
16.255,1.00561,0,0,0
16.26,0.993189,0,0,0
16.265,0.972285,0,0,0
16.27,0.968806,0,0,0
16.275,0.980662,0,0,0
16.28,1.00099,0,0,0
16.285,1.00468,0,0,0
16.29,0.989215,0,0,0
16.295,0.974317,0,0,0
16.3,0.979441,0,0,0
16.305,0.987759,0,0,0
16.31,0.985173,0,0,0
16.315,0.977463,0,0,0
16.32,0.971258,0,0,0
16.325,0.96251,0,0,0
16.33,0.955594,0,0,0
16.335,0.959171,0,0,0
16.34,0.963632,0,0,0
16.345,0.961848,0,0,0
16.35,0.963418,0,0,0
16.355,0.964648,0,0,0
16.36,0.971861,0,0,0
16.365,0.972491,0,0,0
16.37,0.973622,0,0,0
16.375,0.979858,0,0,0
16.38,0.980903,0,0,0
16.385,0.990224,0,0,0
16.39,1.00105,0,0,0
16.395,1.00873,0,0,0
16.4,1.0158,0,0,0
16.405,1.00853,0,0,0
16.41,0.996604,0,0,0
16.415,1.01477,0,0,0
16.42,1.01926,0,0,0
16.425,1.01333,0,0,0
16.43,1.00249,0,0,0
16.435,1.00131,0,0,0
16.44,1.00606,0,0,0
16.445,0.999766,0,0,0
16.45,0.982231,0,0,0
16.455,0.958874,0,0,0
16.46,0.952203,0,0,0
16.465,0.944857,0,0,0
16.47,0.951758,0,0,0
16.475,0.963294,0,0,0
16.48,0.986593,0,0,0
16.485,0.986919,0,0,0
16.49,0.988141,0,0,0
16.495,0.997896,0,0,0
16.5,1.00489,0,0,0
16.505,1.01588,0,0,0
16.51,1.00623,0,0,0
16.515,1.00624,0,0,0
16.52,1.00996,0,0,0
16.525,1.00038,0,0,0
16.53,0.988734,0,0,0
16.535,0.991346,0,0,0
16.54,0.984043,0,0,0
16.545,0.985098,0,0,0
16.55,0.994585,0,0,0
16.555,1.0095,0,0,0
16.56,1.02451,0,0,0
16.565,1.02762,0,0,0
16.57,1.00804,0,0,0
16.575,0.991623,0,0,0
16.58,0.982841,0,0,0
16.585,0.977457,0,0,0
16.59,0.966586,0,0,0
16.595,0.961319,0,0,0
16.6,0.959189,0,0,0
16.605,0.959874,0,0,0
16.61,0.959908,0,0,0
16.615,0.957319,0,0,0
16.62,0.963348,0,0,0
16.625,0.964909,0,0,0
16.63,0.971038,0,0,0
16.635,0.964415,0,0,0
16.64,0.962993,0,0,0
16.645,0.961436,0,0,0
16.65,0.961915,0,0,0
16.655,0.959537,0,0,0
16.66,0.963226,0,0,0
16.665,0.978363,0,0,0
16.67,0.987342,0,0,0
16.675,1.00211,0,0,0
16.68,1.00424,0,0,0
16.685,1.00033,0,0,0
16.69,0.987172,0,0,0
16.695,0.981761,0,0,0
16.7,0.985835,0,0,0
16.705,0.99022,0,0,0
16.71,0.997656,0,0,0
16.715,1.00859,0,0,0
16.72,1.00953,0,0,0
16.725,1.02322,0,0,0
16.73,1.02586,0,0,0
16.735,1.02513,0,0,0
16.74,1.01544,0,0,0
16.745,1.00067,0,0,0
16.75,0.985293,0,0,0
16.755,0.983932,0,0,0
16.76,0.991848,0,0,0
16.765,1.00149,0,0,0
16.77,1.0044,0,0,0
16.775,0.981668,0,0,0
16.78,0.961283,0,0,0
16.785,0.941661,0,0,0
16.79,0.9442,0,0,0
16.795,0.957446,0,0,0
16.8,0.974566,0,0,0
16.805,0.994703,0,0,0
16.81,1.0063,0,0,0
16.815,1.00743,0,0,0
16.82,1.01186,0,0,0
16.825,0.991551,0,0,0
16.83,0.975445,0,0,0
16.835,0.982899,0,0,0
16.84,0.997691,0,0,0
16.845,1.00274,0,0,0
16.85,1.01462,0,0,0
16.855,1.01791,0,0,0
16.86,1.01671,0,0,0
16.865,1.01853,0,0,0
16.87,1.01918,0,0,0
16.875,1.0159,0,0,0
16.88,1.00454,0,0,0
16.885,0.991915,0,0,0
16.89,0.982043,0,0,0
16.895,0.979942,0,0,0
16.9,0.975653,0,0,0
16.905,0.977589,0,0,0
16.91,0.977179,0,0,0
16.915,0.983823,0,0,0
16.92,0.998111,0,0,0
16.925,1.0064,0,0,0
16.93,1.01897,0,0,0
16.935,1.02567,0,0,0
16.94,1.03518,0,0,0
16.945,1.04466,0,0,0
16.95,1.03811,0,0,0
16.955,1.03428,0,0,0
16.96,1.02947,0,0,0
16.965,1.03357,0,0,0
16.97,1.02922,0,0,0
16.975,1.0289,0,0,0
16.98,1.0367,0,0,0
16.985,1.02236,0,0,0
16.99,1.0059,0,0,0
16.995,0.999266,0,0,0
17,1.00421,0,0,0
17.005,1.01042,0,0,0
17.01,0.995777,0,0,0
17.015,0.983138,0,0,0
17.02,0.994258,0,0,0
17.025,1.01125,0,0,0
17.03,1.02349,0,0,0
17.035,1.02683,0,0,0
17.04,1.0356,0,0,0
17.045,1.03661,0,0,0
17.05,1.03759,0,0,0
17.055,1.03156,0,0,0
17.06,1.0288,0,0,0
17.065,1.03575,0,0,0
17.07,1.04576,0,0,0
17.075,1.05797,0,0,0
17.08,1.05835,0,0,0
17.085,1.04919,0,0,0
17.09,1.04134,0,0,0
17.095,1.04519,0,0,0
17.1,1.06205,0,0,0
17.105,1.07703,0,0,0
17.11,1.07232,0,0,0
17.115,1.07782,0,0,0
17.12,1.07732,0,0,0
17.125,1.08088,0,0,0
17.13,1.07085,0,0,0
17.135,1.06936,0,0,0
17.14,1.07898,0,0,0
17.145,1.06745,0,0,0
17.15,1.05042,0,0,0
17.155,1.04556,0,0,0
17.16,1.05018,0,0,0
17.165,1.06675,0,0,0
17.17,1.05884,0,0,0
17.175,1.0466,0,0,0
17.18,1.05225,0,0,0
17.185,1.07691,0,0,0
17.19,1.09844,0,0,0
17.195,1.10317,0,0,0
17.2,1.09842,0,0,0
17.205,1.08677,0,0,0
17.21,1.0682,0,0,0
17.215,1.0725,0,0,0
17.22,1.07019,0,0,0
17.225,1.06743,0,0,0
17.23,1.05009,0,0,0
17.235,1.04047,0,0,0
17.24,1.04985,0,0,0
17.245,1.07194,0,0,0
17.25,1.08778,0,0,0
17.255,1.1049,0,0,0
17.26,1.0941,0,0,0
17.265,1.08128,0,0,0
17.27,1.08466,0,0,0
17.275,1.09461,0,0,0
17.28,1.09352,0,0,0
17.285,1.07885,0,0,0
17.29,1.05501,0,0,0
17.295,1.03645,0,0,0
17.3,1.0358,0,0,0
17.305,1.02467,0,0,0
17.31,1.03455,0,0,0
17.315,1.04637,0,0,0
17.32,1.05753,0,0,0
17.325,1.06609,0,0,0
17.33,1.05887,0,0,0
17.335,1.05642,0,0,0
17.34,1.06394,0,0,0
17.345,1.08179,0,0,0
17.35,1.09926,0,0,0
17.355,1.0991,0,0,0
17.36,1.09377,0,0,0
17.365,1.10232,0,0,0
17.37,1.10802,0,0,0
17.375,1.09511,0,0,0
17.38,1.09011,0,0,0
17.385,1.08728,0,0,0
17.39,1.08491,0,0,0
17.395,1.07053,0,0,0
17.4,1.06606,0,0,0
17.405,1.07111,0,0,0
17.41,1.08091,0,0,0
17.415,1.09045,0,0,0
17.42,1.09807,0,0,0
17.425,1.09612,0,0,0
17.43,1.09785,0,0,0
17.435,1.10562,0,0,0
17.44,1.1068,0,0,0
17.445,1.10156,0,0,0
17.45,1.08195,0,0,0
17.455,1.07784,0,0,0
17.46,1.06859,0,0,0
17.465,1.0545,0,0,0
17.47,1.03392,0,0,0
17.475,1.04318,0,0,0
17.48,1.08751,0,0,0
17.485,1.08893,0,0,0
17.49,1.0798,0,0,0
17.495,1.06415,0,0,0
17.5,1.06626,0,0,0
17.505,1.08334,0,0,0
17.51,1.09696,0,0,0
17.515,1.09773,0,0,0
17.52,1.11361,0,0,0
17.525,1.12002,0,0,0
17.53,1.10916,0,0,0
17.535,1.08992,0,0,0
17.54,1.06938,0,0,0
17.545,1.06904,0,0,0
17.55,1.07483,0,0,0
17.555,1.06209,0,0,0
17.56,1.07703,0,0,0
17.565,1.09897,0,0,0
17.57,1.11903,0,0,0
17.575,1.12294,0,0,0
17.58,1.09203,0,0,0
17.585,1.08582,0,0,0
17.59,1.08882,0,0,0
17.595,1.09015,0,0,0
17.6,1.08283,0,0,0
17.605,1.07158,0,0,0
17.61,1.07508,0,0,0
17.615,1.09188,0,0,0
17.62,1.0939,0,0,0
17.625,1.09572,0,0,0
17.63,1.0933,0,0,0
17.635,1.08981,0,0,0
17.64,1.09034,0,0,0
17.645,1.08997,0,0,0
17.65,1.0928,0,0,0
17.655,1.10707,0,0,0
17.66,1.09551,0,0,0
17.665,1.09426,0,0,0
17.67,1.08256,0,0,0
17.675,1.08713,0,0,0
17.68,1.08514,0,0,0
17.685,1.078,0,0,0
17.69,1.08098,0,0,0
17.695,1.0827,0,0,0
17.7,1.07839,0,0,0
17.705,1.06701,0,0,0
17.71,1.07032,0,0,0
17.715,1.08203,0,0,0
17.72,1.10896,0,0,0
17.725,1.1337,0,0,0
17.73,1.14917,0,0,0
17.735,1.15406,0,0,0
17.74,1.13377,0,0,0
17.745,1.1118,0,0,0
17.75,1.10275,0,0,0
17.755,1.10695,0,0,0
17.76,1.11769,0,0,0
17.765,1.12745,0,0,0
17.77,1.13088,0,0,0
17.775,1.13847,0,0,0
17.78,1.14268,0,0,0
17.785,1.13709,0,0,0
17.79,1.1278,0,0,0
17.795,1.12091,0,0,0
17.8,1.11738,0,0,0
17.805,1.10118,0,0,0
17.81,1.10059,0,0,0
17.815,1.09599,0,0,0
17.82,1.09997,0,0,0
17.825,1.09446,0,0,0
17.83,1.09205,0,0,0
17.835,1.10585,0,0,0
17.84,1.12063,0,0,0
17.845,1.13234,0,0,0
17.85,1.13955,0,0,0
17.855,1.14869,0,0,0
17.86,1.15602,0,0,0
17.865,1.15142,0,0,0
17.87,1.15025,0,0,0
17.875,1.14898,0,0,0
17.88,1.16505,0,0,0
17.885,1.16934,0,0,0
17.89,1.16714,0,0,0
17.895,1.16919,0,0,0
17.9,1.1724,0,0,0
17.905,1.18168,0,0,0
17.91,1.17218,0,0,0
17.915,1.16557,0,0,0
17.92,1.15256,0,0,0
17.925,1.12975,0,0,0
17.93,1.12519,0,0,0
17.935,1.10956,0,0,0
17.94,1.11101,0,0,0
17.945,1.12984,0,0,0
17.95,1.14265,0,0,0
17.955,1.16259,0,0,0
17.96,1.16667,0,0,0
17.965,1.16659,0,0,0
17.97,1.15681,0,0,0
17.975,1.14734,0,0,0
17.98,1.14978,0,0,0
17.985,1.14979,0,0,0
17.99,1.15404,0,0,0
17.995,1.16137,0,0,0
18,1.15504,0,0,0
18.005,1.16913,0,0,0
18.01,1.17855,0,0,0
18.015,1.16979,0,0,0
18.02,1.12068,0,0,0
18.025,1.0865,0,0,0
18.03,1.08186,0,0,0
18.035,1.09634,0,0,0
18.04,1.10805,0,0,0
18.045,1.11347,0,0,0
18.05,1.12497,0,0,0
18.055,1.12003,0,0,0
18.06,1.11462,0,0,0
18.065,1.10827,0,0,0
18.07,1.10967,0,0,0
18.075,1.12248,0,0,0
18.08,1.1571,0,0,0
18.085,1.1736,0,0,0
18.09,1.17511,0,0,0
18.095,1.16569,0,0,0
18.1,1.16028,0,0,0
18.105,1.16287,0,0,0
18.11,1.15068,0,0,0
18.115,1.1382,0,0,0
18.12,1.1226,0,0,0
18.125,1.11901,0,0,0
18.13,1.1308,0,0,0
18.135,1.1378,0,0,0
18.14,1.14349,0,0,0
18.145,1.1274,0,0,0
18.15,1.12586,0,0,0
18.155,1.12946,0,0,0
18.16,1.14995,0,0,0
18.165,1.1788,0,0,0
18.17,1.19964,0,0,0
18.175,1.19919,0,0,0
18.18,1.19308,0,0,0
18.185,1.18596,0,0,0
18.19,1.19447,0,0,0
18.195,1.19697,0,0,0
18.2,1.18537,0,0,0
18.205,1.1725,0,0,0
18.21,1.15769,0,0,0
18.215,1.14846,0,0,0
18.22,1.169,0,0,0
18.225,1.18671,0,0,0
18.23,1.19999,0,0,0
18.235,1.21381,0,0,0
18.24,1.20764,0,0,0
18.245,1.21505,0,0,0
18.25,1.21666,0,0,0
18.255,1.21969,0,0,0
18.26,1.21971,0,0,0
18.265,1.20262,0,0,0
18.27,1.18558,0,0,0
18.275,1.17718,0,0,0
18.28,1.18682,0,0,0
18.285,1.19664,0,0,0
18.29,1.19102,0,0,0
18.295,1.17803,0,0,0
18.3,1.16683,0,0,0
18.305,1.16714,0,0,0
18.31,1.16821,0,0,0
18.315,1.17215,0,0,0
18.32,1.17527,0,0,0
18.325,1.18113,0,0,0
18.33,1.18994,0,0,0
18.335,1.19728,0,0,0
18.34,1.20451,0,0,0
18.345,1.2193,0,0,0
18.35,1.22283,0,0,0
18.355,1.20251,0,0,0
18.36,1.18096,0,0,0
18.365,1.17086,0,0,0
18.37,1.18074,0,0,0
18.375,1.21067,0,0,0
18.38,1.22997,0,0,0
18.385,1.24213,0,0,0
18.39,1.24015,0,0,0
18.395,1.23229,0,0,0
18.4,1.2387,0,0,0
18.405,1.23375,0,0,0
18.41,1.21656,0,0,0
18.415,1.18884,0,0,0
18.42,1.18009,0,0,0
18.425,1.17403,0,0,0
18.43,1.17419,0,0,0
18.435,1.18182,0,0,0
18.44,1.19645,0,0,0
18.445,1.20762,0,0,0
18.45,1.19825,0,0,0
18.455,1.19258,0,0,0
18.46,1.19299,0,0,0
18.465,1.19127,0,0,0
18.47,1.20139,0,0,0
18.475,1.22626,0,0,0
18.48,1.24585,0,0,0
18.485,1.24987,0,0,0
18.49,1.22969,0,0,0
18.495,1.21076,0,0,0
18.5,1.21956,0,0,0
18.505,1.25114,0,0,0
18.51,1.26912,0,0,0
18.515,1.28357,0,0,0
18.52,1.27576,0,0,0
18.525,1.27865,0,0,0
18.53,1.26141,0,0,0
18.535,1.24725,0,0,0
18.54,1.23026,0,0,0
18.545,1.23844,0,0,0
18.55,1.2372,0,0,0
18.555,1.24596,0,0,0
18.56,1.23776,0,0,0
18.565,1.2215,0,0,0
18.57,1.21662,0,0,0
18.575,1.22246,0,0,0
18.58,1.23388,0,0,0
18.585,1.23359,0,0,0
18.59,1.23334,0,0,0
18.595,1.22834,0,0,0
18.6,1.23898,0,0,0
18.605,1.23071,0,0,0
18.61,1.20432,0,0,0
18.615,1.18185,0,0,0
18.62,1.18046,0,0,0
18.625,1.20851,0,0,0
18.63,1.22066,0,0,0
18.635,1.2117,0,0,0
18.64,1.21595,0,0,0
18.645,1.23226,0,0,0
18.65,1.24628,0,0,0
18.655,1.25057,0,0,0
18.66,1.25296,0,0,0
18.665,1.24829,0,0,0
18.67,1.23976,0,0,0
18.675,1.22272,0,0,0
18.68,1.22334,0,0,0
18.685,1.22599,0,0,0
18.69,1.22948,0,0,0
18.695,1.22789,0,0,0
18.7,1.23505,0,0,0
18.705,1.26134,0,0,0
18.71,1.27424,0,0,0
18.715,1.27357,0,0,0
18.72,1.27677,0,0,0
18.725,1.27756,0,0,0
18.73,1.278,0,0,0
18.735,1.25831,0,0,0
18.74,1.2441,0,0,0
18.745,1.24639,0,0,0
18.75,1.26447,0,0,0
18.755,1.29513,0,0,0
18.76,1.31742,0,0,0
18.765,1.32307,0,0,0
18.77,1.31792,0,0,0
18.775,1.31404,0,0,0
18.78,1.28695,0,0,0
18.785,1.2723,0,0,0
18.79,1.26461,0,0,0
18.795,1.27803,0,0,0
18.8,1.28683,0,0,0
18.805,1.28199,0,0,0
18.81,1.25746,0,0,0
18.815,1.2384,0,0,0
18.82,1.23303,0,0,0
18.825,1.24103,0,0,0
18.83,1.2509,0,0,0
18.835,1.25171,0,0,0
18.84,1.25208,0,0,0
18.845,1.24518,0,0,0
18.85,1.24335,0,0,0
18.855,1.25223,0,0,0
18.86,1.25848,0,0,0
18.865,1.27091,0,0,0
18.87,1.25668,0,0,0
18.875,1.24113,0,0,0
18.88,1.23404,0,0,0
18.885,1.24179,0,0,0
18.89,1.24251,0,0,0
18.895,1.24586,0,0,0
18.9,1.25793,0,0,0
18.905,1.26704,0,0,0
18.91,1.26891,0,0,0
18.915,1.26465,0,0,0
18.92,1.26304,0,0,0
18.925,1.26036,0,0,0
18.93,1.24621,0,0,0
18.935,1.23695,0,0,0
18.94,1.2449,0,0,0
18.945,1.2652,0,0,0
18.95,1.2813,0,0,0
18.955,1.27044,0,0,0
18.96,1.25666,0,0,0
18.965,1.25932,0,0,0
18.97,1.2691,0,0,0
18.975,1.28981,0,0,0
18.98,1.29924,0,0,0
18.985,1.30308,0,0,0
18.99,1.29695,0,0,0
18.995,1.27792,0,0,0
19,1.25335,0,0,0
19.005,1.25171,0,0,0
19.01,1.25895,0,0,0
19.015,1.26379,0,0,0
19.02,1.2644,0,0,0
19.025,1.26363,0,0,0
19.03,1.27234,0,0,0
19.035,1.28384,0,0,0
19.04,1.29029,0,0,0
19.045,1.27689,0,0,0
19.05,1.25492,0,0,0
19.055,1.25702,0,0,0
19.06,1.26553,0,0,0
19.065,1.26675,0,0,0
19.07,1.26378,0,0,0
19.075,1.26066,0,0,0
19.08,1.26533,0,0,0
19.085,1.2866,0,0,0
19.09,1.30356,0,0,0
19.095,1.29209,0,0,0
19.1,1.28558,0,0,0
19.105,1.29133,0,0,0
19.11,1.31717,0,0,0
19.115,1.33341,0,0,0
19.12,1.32909,0,0,0
19.125,1.31998,0,0,0
19.13,1.31636,0,0,0
19.135,1.32422,0,0,0
19.14,1.32098,0,0,0
19.145,1.29888,0,0,0
19.15,1.29309,0,0,0
19.155,1.29713,0,0,0
19.16,1.28758,0,0,0
19.165,1.28861,0,0,0
19.17,1.29979,0,0,0
19.175,1.30821,0,0,0
19.18,1.31168,0,0,0
19.185,1.32213,0,0,0
19.19,1.32896,0,0,0
19.195,1.34573,0,0,0
19.2,1.34704,0,0,0
19.205,1.34651,0,0,0
19.21,1.34976,0,0,0
19.215,1.33697,0,0,0
19.22,1.30704,0,0,0
19.225,1.28321,0,0,0
19.23,1.26852,0,0,0
19.235,1.29344,0,0,0
19.24,1.31232,0,0,0
19.245,1.31382,0,0,0
19.25,1.30402,0,0,0
19.255,1.29666,0,0,0
19.26,1.29391,0,0,0
19.265,1.28619,0,0,0
19.27,1.29404,0,0,0
19.275,1.29809,0,0,0
19.28,1.3023,0,0,0
19.285,1.3194,0,0,0
19.29,1.32175,0,0,0
19.295,1.31097,0,0,0
19.3,1.29256,0,0,0
19.305,1.29501,0,0,0
19.31,1.29514,0,0,0
19.315,1.30833,0,0,0
19.32,1.31905,0,0,0
19.325,1.32875,0,0,0
19.33,1.34009,0,0,0
19.335,1.34721,0,0,0
19.34,1.33321,0,0,0
19.345,1.31534,0,0,0
19.35,1.31543,0,0,0
19.355,1.32053,0,0,0
19.36,1.32785,0,0,0
19.365,1.31164,0,0,0
19.37,1.29774,0,0,0
19.375,1.28849,0,0,0
19.38,1.29988,0,0,0
19.385,1.30904,0,0,0
19.39,1.32569,0,0,0
19.395,1.35748,0,0,0
19.4,1.37543,0,0,0
19.405,1.38456,0,0,0
19.41,1.37821,0,0,0
19.415,1.35289,0,0,0
19.42,1.34229,0,0,0
19.425,1.3236,0,0,0
19.43,1.33199,0,0,0
19.435,1.34214,0,0,0
19.44,1.34238,0,0,0
19.445,1.34826,0,0,0
19.45,1.35258,0,0,0
19.455,1.35541,0,0,0
19.46,1.36378,0,0,0
19.465,1.36624,0,0,0
19.47,1.37688,0,0,0
19.475,1.38338,0,0,0
19.48,1.392,0,0,0
19.485,1.397,0,0,0
19.49,1.39429,0,0,0
19.495,1.3721,0,0,0
19.5,1.35965,0,0,0
19.505,1.34807,0,0,0
19.51,1.35569,0,0,0
19.515,1.3627,0,0,0
19.52,1.36701,0,0,0
19.525,1.35771,0,0,0
19.53,1.3471,0,0,0
19.535,1.3459,0,0,0
19.54,1.33467,0,0,0
19.545,1.33822,0,0,0
19.55,1.35046,0,0,0
19.555,1.36656,0,0,0
19.56,1.38874,0,0,0
19.565,1.39405,0,0,0
19.57,1.38612,0,0,0
19.575,1.38369,0,0,0
19.58,1.37658,0,0,0
19.585,1.37308,0,0,0
19.59,1.3507,0,0,0
19.595,1.34416,0,0,0
19.6,1.34494,0,0,0
19.605,1.35668,0,0,0
19.61,1.36557,0,0,0
19.615,1.35133,0,0,0
19.62,1.33818,0,0,0
19.625,1.32248,0,0,0
19.63,1.31878,0,0,0
19.635,1.34391,0,0,0
19.64,1.36225,0,0,0
19.645,1.36983,0,0,0
19.65,1.37997,0,0,0
19.655,1.37232,0,0,0
19.66,1.36318,0,0,0
19.665,1.35047,0,0,0
19.67,1.33797,0,0,0
19.675,1.33284,0,0,0
19.68,1.33474,0,0,0
19.685,1.35635,0,0,0
19.69,1.37305,0,0,0
19.695,1.37443,0,0,0
19.7,1.37086,0,0,0
19.705,1.37258,0,0,0
19.71,1.38593,0,0,0
19.715,1.36846,0,0,0
19.72,1.36711,0,0,0
19.725,1.37308,0,0,0
19.73,1.38046,0,0,0
19.735,1.37835,0,0,0
19.74,1.36634,0,0,0
19.745,1.35883,0,0,0
19.75,1.3597,0,0,0
19.755,1.36563,0,0,0
19.76,1.36917,0,0,0
19.765,1.36134,0,0,0
19.77,1.34438,0,0,0
19.775,1.3353,0,0,0
19.78,1.3471,0,0,0
19.785,1.35938,0,0,0
19.79,1.36748,0,0,0
19.795,1.38164,0,0,0
19.8,1.4066,0,0,0
19.805,1.43403,0,0,0
19.81,1.42056,0,0,0
19.815,1.39384,0,0,0
19.82,1.39238,0,0,0
19.825,1.40468,0,0,0
19.83,1.41058,0,0,0
19.835,1.4105,0,0,0
19.84,1.41555,0,0,0
19.845,1.41776,0,0,0
19.85,1.43123,0,0,0
19.855,1.43604,0,0,0
19.86,1.42051,0,0,0
19.865,1.39485,0,0,0
19.87,1.39681,0,0,0
19.875,1.41531,0,0,0
19.88,1.434,0,0,0
19.885,1.41817,0,0,0
19.89,1.40462,0,0,0
19.895,1.41963,0,0,0
19.9,1.42291,0,0,0
19.905,1.41278,0,0,0
19.91,1.40708,0,0,0
19.915,1.40521,0,0,0
19.92,1.40507,0,0,0
19.925,1.38941,0,0,0
19.93,1.36196,0,0,0
19.935,1.35426,0,0,0
19.94,1.36222,0,0,0
19.945,1.37292,0,0,0
19.95,1.38081,0,0,0
19.955,1.3871,0,0,0
19.96,1.39234,0,0,0
19.965,1.37957,0,0,0
19.97,1.38915,0,0,0
19.975,1.40373,0,0,0
19.98,1.408,0,0,0
19.985,1.40628,0,0,0
19.99,1.39013,0,0,0
19.995,1.3901,0,0,0
20,1.40858,0,0,0
20.005,1.4044,0,0,0
20.01,1.4151,0,0,0
20.015,1.4136,0,0,0
20.02,1.40878,0,0,0
20.025,1.40631,0,0,0
20.03,1.39195,0,0,0
20.035,1.39152,0,0,0
20.04,1.3973,0,0,0
20.045,1.39029,0,0,0
20.05,1.39782,0,0,0
20.055,1.42549,0,0,0
20.06,1.42826,0,0,0
20.065,1.4234,0,0,0
20.07,1.40837,0,0,0
20.075,1.40399,0,0,0
20.08,1.39852,0,0,0
20.085,1.39019,0,0,0
20.09,1.39327,0,0,0
20.095,1.4035,0,0,0
20.1,1.41022,0,0,0
20.105,1.39864,0,0,0
20.11,1.40318,0,0,0
20.115,1.40589,0,0,0
20.12,1.4114,0,0,0
20.125,1.39042,0,0,0
20.13,1.37782,0,0,0
20.135,1.37522,0,0,0
20.14,1.39353,0,0,0
20.145,1.40702,0,0,0
20.15,1.41311,0,0,0
20.155,1.41231,0,0,0
20.16,1.41178,0,0,0
20.165,1.40404,0,0,0
20.17,1.39226,0,0,0
20.175,1.40719,0,0,0
20.18,1.43546,0,0,0
20.185,1.44359,0,0,0
20.19,1.44941,0,0,0
20.195,1.43716,0,0,0
20.2,1.43814,0,0,0
20.205,1.44249,0,0,0
20.21,1.43653,0,0,0
20.215,1.44169,0,0,0
20.22,1.43472,0,0,0
20.225,1.4356,0,0,0
20.23,1.42184,0,0,0
20.235,1.40525,0,0,0
20.24,1.40151,0,0,0
20.245,1.4047,0,0,0
20.25,1.40189,0,0,0
20.255,1.41059,0,0,0
20.26,1.40474,0,0,0
20.265,1.41061,0,0,0
20.27,1.42674,0,0,0
20.275,1.42986,0,0,0
20.28,1.43419,0,0,0
20.285,1.43547,0,0,0
20.29,1.43722,0,0,0
20.295,1.4345,0,0,0
20.3,1.44492,0,0,0
20.305,1.46046,0,0,0
20.31,1.47372,0,0,0
20.315,1.47428,0,0,0
20.32,1.46969,0,0,0
20.325,1.46331,0,0,0
20.33,1.4529,0,0,0
20.335,1.44887,0,0,0
20.34,1.44397,0,0,0
20.345,1.46356,0,0,0
20.35,1.46396,0,0,0
20.355,1.45754,0,0,0
20.36,1.44398,0,0,0
20.365,1.44651,0,0,0
20.37,1.44987,0,0,0
20.375,1.45746,0,0,0
20.38,1.4646,0,0,0
20.385,1.47748,0,0,0
20.39,1.48009,0,0,0
20.395,1.46413,0,0,0
20.4,1.45854,0,0,0
20.405,1.4717,0,0,0
20.41,1.47316,0,0,0
20.415,1.4678,0,0,0
20.42,1.46434,0,0,0
20.425,1.45536,0,0,0
20.43,1.44743,0,0,0
20.435,1.4383,0,0,0
20.44,1.42157,0,0,0
20.445,1.4191,0,0,0
20.45,1.42486,0,0,0
20.455,1.43115,0,0,0
20.46,1.43743,0,0,0
20.465,1.45171,0,0,0
20.47,1.45632,0,0,0
20.475,1.45669,0,0,0
20.48,1.44979,0,0,0
20.485,1.43525,0,0,0
20.49,1.42936,0,0,0
20.495,1.42332,0,0,0
20.5,1.42641,0,0,0
20.505,1.43878,0,0,0
20.51,1.44836,0,0,0
20.515,1.45562,0,0,0
20.52,1.45959,0,0,0
20.525,1.46496,0,0,0
20.53,1.47503,0,0,0
20.535,1.47124,0,0,0
20.54,1.47036,0,0,0
20.545,1.47181,0,0,0
20.55,1.47369,0,0,0
20.555,1.47313,0,0,0
20.56,1.46614,0,0,0
20.565,1.46871,0,0,0
20.57,1.47616,0,0,0
20.575,1.47613,0,0,0
20.58,1.46735,0,0,0
20.585,1.46209,0,0,0
20.59,1.46635,0,0,0
20.595,1.49722,0,0,0
20.6,1.50938,0,0,0
20.605,1.49437,0,0,0
20.61,1.47904,0,0,0
20.615,1.47744,0,0,0
20.62,1.49131,0,0,0
20.625,1.50022,0,0,0
20.63,1.48722,0,0,0
20.635,1.46614,0,0,0
20.64,1.46253,0,0,0
20.645,1.47691,0,0,0
20.65,1.49957,0,0,0
20.655,1.51661,0,0,0
20.66,1.50983,0,0,0
20.665,1.48424,0,0,0
20.67,1.45731,0,0,0
20.675,1.43845,0,0,0
20.68,1.43104,0,0,0
20.685,1.4195,0,0,0
20.69,1.41424,0,0,0
20.695,1.41812,0,0,0
20.7,1.43534,0,0,0
20.705,1.45864,0,0,0
20.71,1.47249,0,0,0
20.715,1.48935,0,0,0
20.72,1.487,0,0,0
20.725,1.4845,0,0,0
20.73,1.46641,0,0,0
20.735,1.47094,0,0,0
20.74,1.49562,0,0,0
20.745,1.50279,0,0,0
20.75,1.48454,0,0,0
20.755,1.46892,0,0,0
20.76,1.47502,0,0,0
20.765,1.48336,0,0,0
20.77,1.49959,0,0,0
20.775,1.50012,0,0,0
20.78,1.48641,0,0,0
20.785,1.4571,0,0,0
20.79,1.44204,0,0,0
20.795,1.44261,0,0,0
20.8,1.46252,0,0,0
20.805,1.47717,0,0,0
20.81,1.47431,0,0,0
20.815,1.47465,0,0,0
20.82,1.46217,0,0,0
20.825,1.44894,0,0,0
20.83,1.44788,0,0,0
20.835,1.45465,0,0,0
20.84,1.47268,0,0,0
20.845,1.47376,0,0,0
20.85,1.47515,0,0,0
20.855,1.47282,0,0,0
20.86,1.47304,0,0,0
20.865,1.48629,0,0,0
20.87,1.49403,0,0,0
20.875,1.48218,0,0,0
20.88,1.46859,0,0,0
20.885,1.46841,0,0,0
20.89,1.49153,0,0,0
20.895,1.51359,0,0,0
20.9,1.52229,0,0,0
20.905,1.52423,0,0,0
20.91,1.52094,0,0,0
20.915,1.52151,0,0,0
20.92,1.48904,0,0,0
20.925,1.46408,0,0,0
20.93,1.45151,0,0,0
20.935,1.43614,0,0,0
20.94,1.44161,0,0,0
20.945,1.43522,0,0,0
20.95,1.44695,0,0,0
20.955,1.47602,0,0,0
20.96,1.48034,0,0,0
20.965,1.47905,0,0,0
20.97,1.47072,0,0,0
20.975,1.48389,0,0,0
20.98,1.5024,0,0,0
20.985,1.51666,0,0,0
20.99,1.51787,0,0,0
20.995,1.50031,0,0,0
21,1.48466,0,0,0
21.005,1.49271,0,0,0
21.01,1.50699,0,0,0
21.015,1.51073,0,0,0
21.02,1.50893,0,0,0
21.025,1.49424,0,0,0
21.03,1.48575,0,0,0
21.035,1.47342,0,0,0
21.04,1.45678,0,0,0
21.045,1.44964,0,0,0
21.05,1.45552,0,0,0
21.055,1.45683,0,0,0
21.06,1.45926,0,0,0
21.065,1.46326,0,0,0
21.07,1.47794,0,0,0
21.075,1.48857,0,0,0
21.08,1.48965,0,0,0
21.085,1.48593,0,0,0
21.09,1.48322,0,0,0
21.095,1.48362,0,0,0
21.1,1.4931,0,0,0
21.105,1.51653,0,0,0
21.11,1.52595,0,0,0
21.115,1.51648,0,0,0
21.12,1.48107,0,0,0
21.125,1.45469,0,0,0
21.13,1.46216,0,0,0
21.135,1.47516,0,0,0
21.14,1.47386,0,0,0
21.145,1.48446,0,0,0
21.15,1.4899,0,0,0
21.155,1.49652,0,0,0
21.16,1.49877,0,0,0
21.165,1.48584,0,0,0
21.17,1.49701,0,0,0
21.175,1.50927,0,0,0
21.18,1.51925,0,0,0
21.185,1.5186,0,0,0
21.19,1.52136,0,0,0
21.195,1.51671,0,0,0
21.2,1.51789,0,0,0
21.205,1.51157,0,0,0
21.21,1.52042,0,0,0
21.215,1.5227,0,0,0
21.22,1.52084,0,0,0
21.225,1.50641,0,0,0
21.23,1.50277,0,0,0
21.235,1.50063,0,0,0
21.24,1.51803,0,0,0
21.245,1.52247,0,0,0
21.25,1.53173,0,0,0
21.255,1.53469,0,0,0
21.26,1.52278,0,0,0
21.265,1.50464,0,0,0
21.27,1.48594,0,0,0
21.275,1.47645,0,0,0
21.28,1.48227,0,0,0
21.285,1.48136,0,0,0
21.29,1.48364,0,0,0
21.295,1.48031,0,0,0
21.3,1.48431,0,0,0
21.305,1.48286,0,0,0
21.31,1.47461,0,0,0
21.315,1.45185,0,0,0
21.32,1.43539,0,0,0
21.325,1.44751,0,0,0
21.33,1.46227,0,0,0
21.335,1.4722,0,0,0
21.34,1.48123,0,0,0
21.345,1.5016,0,0,0
21.35,1.53295,0,0,0
21.355,1.52627,0,0,0
21.36,1.52021,0,0,0
21.365,1.5042,0,0,0
21.37,1.50024,0,0,0
21.375,1.50503,0,0,0
21.38,1.50762,0,0,0
21.385,1.52438,0,0,0
21.39,1.53211,0,0,0
21.395,1.53155,0,0,0
21.4,1.51615,0,0,0
21.405,1.4998,0,0,0
21.41,1.46895,0,0,0
21.415,1.45037,0,0,0
21.42,1.44585,0,0,0
21.425,1.456,0,0,0
21.43,1.4712,0,0,0
21.435,1.47746,0,0,0
21.44,1.46762,0,0,0
21.445,1.46559,0,0,0
21.45,1.46467,0,0,0
21.455,1.46396,0,0,0
21.46,1.48758,0,0,0
21.465,1.51533,0,0,0
21.47,1.52965,0,0,0
21.475,1.53105,0,0,0
21.48,1.51766,0,0,0
21.485,1.51907,0,0,0
21.49,1.5276,0,0,0
21.495,1.5171,0,0,0
21.5,1.5156,0,0,0
21.505,1.50434,0,0,0
21.51,1.50807,0,0,0
21.515,1.50301,0,0,0
21.52,1.47961,0,0,0
21.525,1.46025,0,0,0
21.53,1.46017,0,0,0
21.535,1.46199,0,0,0
21.54,1.4617,0,0,0
21.545,1.45226,0,0,0
21.55,1.43608,0,0,0
21.555,1.44964,0,0,0
21.56,1.46674,0,0,0
21.565,1.47617,0,0,0
21.57,1.47121,0,0,0
21.575,1.45313,0,0,0
21.58,1.45466,0,0,0
21.585,1.4665,0,0,0
21.59,1.4764,0,0,0
21.595,1.4728,0,0,0
21.6,1.46197,0,0,0
21.605,1.45699,0,0,0
21.61,1.46556,0,0,0
21.615,1.47505,0,0,0
21.62,1.48326,0,0,0
21.625,1.48159,0,0,0
21.63,1.49227,0,0,0
21.635,1.50473,0,0,0
21.64,1.52392,0,0,0
21.645,1.54032,0,0,0
21.65,1.53716,0,0,0
21.655,1.5327,0,0,0
21.66,1.52615,0,0,0
21.665,1.53013,0,0,0
21.67,1.53836,0,0,0
21.675,1.54099,0,0,0
21.68,1.53999,0,0,0
21.685,1.53156,0,0,0
21.69,1.52698,0,0,0
21.695,1.51815,0,0,0
21.7,1.52119,0,0,0
21.705,1.53711,0,0,0
21.71,1.5604,0,0,0
21.715,1.58092,0,0,0
21.72,1.56754,0,0,0
21.725,1.5463,0,0,0
21.73,1.51725,0,0,0
21.735,1.50529,0,0,0
21.74,1.49713,0,0,0
21.745,1.49148,0,0,0
21.75,1.48365,0,0,0
21.755,1.49157,0,0,0
21.76,1.50127,0,0,0
21.765,1.51147,0,0,0
21.77,1.51941,0,0,0
21.775,1.51607,0,0,0
21.78,1.53303,0,0,0
21.785,1.53789,0,0,0
21.79,1.5341,0,0,0
21.795,1.51677,0,0,0
21.8,1.51663,0,0,0
21.805,1.52981,0,0,0
21.81,1.54909,0,0,0
21.815,1.53497,0,0,0
21.82,1.51392,0,0,0
21.825,1.50591,0,0,0
21.83,1.48644,0,0,0
21.835,1.47598,0,0,0
21.84,1.47452,0,0,0
21.845,1.47654,0,0,0
21.85,1.4959,0,0,0
21.855,1.51522,0,0,0
21.86,1.53728,0,0,0
21.865,1.55118,0,0,0
21.87,1.54747,0,0,0
21.875,1.54382,0,0,0
21.88,1.53306,0,0,0
21.885,1.51774,0,0,0
21.89,1.51063,0,0,0
21.895,1.52497,0,0,0
21.9,1.53308,0,0,0
21.905,1.54543,0,0,0
21.91,1.53217,0,0,0
21.915,1.51932,0,0,0
21.92,1.51012,0,0,0
21.925,1.48904,0,0,0
21.93,1.45739,0,0,0
21.935,1.44402,0,0,0
21.94,1.45137,0,0,0
21.945,1.47634,0,0,0
21.95,1.48409,0,0,0
21.955,1.47729,0,0,0
21.96,1.47082,0,0,0
21.965,1.47447,0,0,0
21.97,1.4816,0,0,0
21.975,1.48871,0,0,0
21.98,1.50549,0,0,0
21.985,1.51288,0,0,0
21.99,1.51294,0,0,0
21.995,1.52328,0,0,0
22,1.52313,0,0,0
22.005,1.52054,0,0,0
22.01,1.50074,0,0,0
22.015,1.49123,0,0,0
22.02,1.47726,0,0,0
22.025,1.47398,0,0,0
22.03,1.46502,0,0,0
22.035,1.45869,0,0,0
22.04,1.45554,0,0,0
22.045,1.47655,0,0,0
22.05,1.4984,0,0,0
22.055,1.49119,0,0,0
22.06,1.47103,0,0,0
22.065,1.46619,0,0,0
22.07,1.46642,0,0,0
22.075,1.46454,0,0,0
22.08,1.46656,0,0,0
22.085,1.46796,0,0,0
22.09,1.47068,0,0,0
22.095,1.46728,0,0,0
22.1,1.45999,0,0,0
22.105,1.46376,0,0,0
22.11,1.46844,0,0,0
22.115,1.46021,0,0,0
22.12,1.45226,0,0,0
22.125,1.45007,0,0,0
22.13,1.45924,0,0,0
22.135,1.46883,0,0,0
22.14,1.47183,0,0,0
22.145,1.48045,0,0,0
22.15,1.502,0,0,0
22.155,1.51301,0,0,0
22.16,1.51311,0,0,0
22.165,1.49886,0,0,0
22.17,1.50496,0,0,0
22.175,1.5091,0,0,0
22.18,1.5088,0,0,0
22.185,1.50431,0,0,0
22.19,1.50888,0,0,0
22.195,1.5176,0,0,0
22.2,1.5263,0,0,0
22.205,1.53274,0,0,0
22.21,1.51498,0,0,0
22.215,1.49224,0,0,0
22.22,1.48232,0,0,0
22.225,1.48926,0,0,0
22.23,1.50214,0,0,0
22.235,1.50297,0,0,0
22.24,1.50081,0,0,0
22.245,1.48578,0,0,0
22.25,1.47285,0,0,0
22.255,1.46097,0,0,0
22.26,1.4601,0,0,0
22.265,1.46662,0,0,0
22.27,1.46848,0,0,0
22.275,1.47266,0,0,0
22.28,1.47957,0,0,0
22.285,1.47879,0,0,0
22.29,1.47818,0,0,0
22.295,1.46163,0,0,0
22.3,1.43964,0,0,0
22.305,1.4224,0,0,0
22.31,1.42374,0,0,0
22.315,1.45555,0,0,0
22.32,1.47595,0,0,0
22.325,1.47213,0,0,0
22.33,1.4671,0,0,0
22.335,1.46245,0,0,0
22.34,1.45093,0,0,0
22.345,1.44623,0,0,0
22.35,1.45081,0,0,0
22.355,1.46522,0,0,0
22.36,1.47882,0,0,0
22.365,1.48474,0,0,0
22.37,1.48952,0,0,0
22.375,1.49821,0,0,0
22.38,1.49648,0,0,0
22.385,1.48095,0,0,0
22.39,1.4744,0,0,0
22.395,1.46099,0,0,0
22.4,1.46635,0,0,0
22.405,1.47114,0,0,0
22.41,1.48022,0,0,0
22.415,1.48427,0,0,0
22.42,1.47732,0,0,0
22.425,1.48505,0,0,0
22.43,1.48994,0,0,0
22.435,1.48391,0,0,0
22.44,1.46686,0,0,0
22.445,1.45621,0,0,0
22.45,1.46662,0,0,0
22.455,1.47565,0,0,0
22.46,1.47287,0,0,0
22.465,1.47753,0,0,0
22.47,1.47453,0,0,0
22.475,1.46497,0,0,0
22.48,1.45538,0,0,0
22.485,1.45622,0,0,0
22.49,1.46284,0,0,0
22.495,1.4751,0,0,0
22.5,1.47902,0,0,0
22.505,1.49029,0,0,0
22.51,1.51253,0,0,0
22.515,1.5313,0,0,0
22.52,1.5372,0,0,0
22.525,1.53039,0,0,0
22.53,1.52373,0,0,0
22.535,1.50382,0,0,0
22.54,1.50211,0,0,0
22.545,1.50986,0,0,0
22.55,1.52152,0,0,0
22.555,1.53972,0,0,0
22.56,1.53717,0,0,0
22.565,1.5383,0,0,0
22.57,1.54299,0,0,0
22.575,1.54035,0,0,0
22.58,1.52254,0,0,0
22.585,1.5135,0,0,0
22.59,1.50951,0,0,0
22.595,1.51047,0,0,0
22.6,1.50223,0,0,0
22.605,1.48823,0,0,0
22.61,1.48041,0,0,0
22.615,1.47818,0,0,0
22.62,1.48322,0,0,0
22.625,1.47821,0,0,0
22.63,1.4867,0,0,0
22.635,1.47685,0,0,0
22.64,1.47322,0,0,0
22.645,1.46796,0,0,0
22.65,1.46945,0,0,0
22.655,1.46733,0,0,0
22.66,1.46257,0,0,0
22.665,1.45569,0,0,0
22.67,1.44199,0,0,0
22.675,1.43542,0,0,0
22.68,1.4513,0,0,0
22.685,1.4683,0,0,0
22.69,1.47722,0,0,0
22.695,1.47723,0,0,0
22.7,1.47359,0,0,0
22.705,1.46987,0,0,0
22.71,1.4654,0,0,0
22.715,1.4555,0,0,0
22.72,1.44865,0,0,0
22.725,1.44919,0,0,0
22.73,1.44664,0,0,0
22.735,1.44241,0,0,0
22.74,1.45224,0,0,0
22.745,1.46557,0,0,0
22.75,1.48995,0,0,0
22.755,1.49161,0,0,0
22.76,1.48055,0,0,0
22.765,1.45977,0,0,0
22.77,1.45114,0,0,0
22.775,1.43069,0,0,0
22.78,1.43285,0,0,0
22.785,1.44186,0,0,0
22.79,1.43604,0,0,0
22.795,1.43862,0,0,0
22.8,1.41566,0,0,0
22.805,1.40918,0,0,0
22.81,1.4206,0,0,0
22.815,1.43863,0,0,0
22.82,1.45687,0,0,0
22.825,1.46967,0,0,0
22.83,1.47509,0,0,0
22.835,1.48115,0,0,0
22.84,1.49155,0,0,0
22.845,1.49052,0,0,0
22.85,1.49548,0,0,0
22.855,1.50085,0,0,0
22.86,1.48425,0,0,0
22.865,1.45796,0,0,0
22.87,1.42864,0,0,0
22.875,1.42946,0,0,0
22.88,1.44444,0,0,0
22.885,1.46232,0,0,0
22.89,1.45563,0,0,0
22.895,1.45081,0,0,0
22.9,1.45473,0,0,0
22.905,1.46258,0,0,0
22.91,1.45156,0,0,0
22.915,1.43921,0,0,0
22.92,1.42345,0,0,0
22.925,1.42624,0,0,0
22.93,1.43172,0,0,0
22.935,1.43031,0,0,0
22.94,1.43551,0,0,0
22.945,1.43657,0,0,0
22.95,1.42532,0,0,0
22.955,1.41948,0,0,0
22.96,1.41034,0,0,0
22.965,1.42731,0,0,0
22.97,1.43769,0,0,0
22.975,1.43841,0,0,0
22.98,1.44516,0,0,0
22.985,1.44192,0,0,0
22.99,1.44284,0,0,0
22.995,1.4429,0,0,0
23,1.43818,0,0,0
23.005,1.44109,0,0,0
23.01,1.47126,0,0,0
23.015,1.4854,0,0,0
23.02,1.48401,0,0,0
23.025,1.4847,0,0,0
23.03,1.47122,0,0,0
23.035,1.46783,0,0,0
23.04,1.47444,0,0,0
23.045,1.47309,0,0,0
23.05,1.46712,0,0,0
23.055,1.4702,0,0,0
23.06,1.45705,0,0,0
23.065,1.43934,0,0,0
23.07,1.42401,0,0,0
23.075,1.41305,0,0,0
23.08,1.42474,0,0,0
23.085,1.43515,0,0,0
23.09,1.44735,0,0,0
23.095,1.4369,0,0,0
23.1,1.42481,0,0,0
23.105,1.42691,0,0,0
23.11,1.43759,0,0,0
23.115,1.45335,0,0,0
23.12,1.45929,0,0,0
23.125,1.46472,0,0,0
23.13,1.47518,0,0,0
23.135,1.47043,0,0,0
23.14,1.46516,0,0,0
23.145,1.46667,0,0,0
23.15,1.46344,0,0,0
23.155,1.44372,0,0,0
23.16,1.41906,0,0,0
23.165,1.40318,0,0,0
23.17,1.39489,0,0,0
23.175,1.38548,0,0,0
23.18,1.38194,0,0,0
23.185,1.37542,0,0,0
23.19,1.40151,0,0,0
23.195,1.4195,0,0,0
23.2,1.43928,0,0,0
23.205,1.44785,0,0,0
23.21,1.46057,0,0,0
23.215,1.44296,0,0,0
23.22,1.4357,0,0,0
23.225,1.43297,0,0,0
23.23,1.43167,0,0,0
23.235,1.42086,0,0,0
23.24,1.41388,0,0,0
23.245,1.4099,0,0,0
23.25,1.40981,0,0,0
23.255,1.41338,0,0,0
23.26,1.42084,0,0,0
23.265,1.43179,0,0,0
23.27,1.42742,0,0,0
23.275,1.4144,0,0,0
23.28,1.40112,0,0,0
23.285,1.38159,0,0,0
23.29,1.39251,0,0,0
23.295,1.4182,0,0,0
23.3,1.43847,0,0,0
23.305,1.45315,0,0,0
23.31,1.46644,0,0,0
23.315,1.4741,0,0,0
23.32,1.47776,0,0,0
23.325,1.46585,0,0,0
23.33,1.4465,0,0,0
23.335,1.43448,0,0,0
23.34,1.41082,0,0,0
23.345,1.37672,0,0,0
23.35,1.37455,0,0,0
23.355,1.37896,0,0,0
23.36,1.382,0,0,0
23.365,1.38592,0,0,0
23.37,1.38966,0,0,0
23.375,1.39859,0,0,0
23.38,1.39512,0,0,0
23.385,1.37811,0,0,0
23.39,1.38216,0,0,0
23.395,1.40108,0,0,0
23.4,1.42984,0,0,0
23.405,1.44106,0,0,0
23.41,1.43777,0,0,0
23.415,1.4279,0,0,0
23.42,1.42175,0,0,0
23.425,1.42639,0,0,0
23.43,1.42296,0,0,0
23.435,1.41106,0,0,0
23.44,1.39402,0,0,0
23.445,1.38778,0,0,0
23.45,1.39525,0,0,0
23.455,1.40029,0,0,0
23.46,1.38959,0,0,0
23.465,1.3892,0,0,0
23.47,1.37997,0,0,0
23.475,1.38825,0,0,0
23.48,1.39144,0,0,0
23.485,1.38754,0,0,0
23.49,1.38857,0,0,0
23.495,1.40013,0,0,0
23.5,1.41165,0,0,0
23.505,1.41838,0,0,0
23.51,1.44241,0,0,0
23.515,1.46122,0,0,0
23.52,1.46429,0,0,0
23.525,1.45335,0,0,0
23.53,1.43429,0,0,0
23.535,1.43238,0,0,0
23.54,1.4395,0,0,0
23.545,1.4304,0,0,0
23.55,1.42561,0,0,0
23.555,1.42411,0,0,0
23.56,1.43817,0,0,0
23.565,1.45634,0,0,0
23.57,1.45773,0,0,0
23.575,1.44316,0,0,0
23.58,1.41676,0,0,0
23.585,1.3969,0,0,0
23.59,1.39075,0,0,0
23.595,1.40747,0,0,0
23.6,1.43073,0,0,0
23.605,1.44412,0,0,0
23.61,1.45246,0,0,0
23.615,1.46073,0,0,0
23.62,1.47445,0,0,0
23.625,1.47934,0,0,0
23.63,1.45515,0,0,0
23.635,1.42233,0,0,0
23.64,1.40464,0,0,0
23.645,1.40517,0,0,0
23.65,1.40507,0,0,0
23.655,1.41535,0,0,0
23.66,1.42233,0,0,0
23.665,1.41038,0,0,0
23.67,1.38196,0,0,0
23.675,1.36465,0,0,0
23.68,1.35654,0,0,0
23.685,1.3548,0,0,0
23.69,1.35147,0,0,0
23.695,1.36208,0,0,0
23.7,1.38173,0,0,0
23.705,1.38465,0,0,0
23.71,1.37761,0,0,0
23.715,1.38098,0,0,0
23.72,1.38102,0,0,0
23.725,1.38701,0,0,0
23.73,1.39003,0,0,0
23.735,1.37209,0,0,0
23.74,1.35118,0,0,0
23.745,1.32821,0,0,0
23.75,1.32624,0,0,0
23.755,1.35121,0,0,0
23.76,1.37643,0,0,0
23.765,1.38981,0,0,0
23.77,1.38884,0,0,0
23.775,1.3719,0,0,0
23.78,1.37037,0,0,0
23.785,1.37024,0,0,0
23.79,1.38607,0,0,0
23.795,1.38415,0,0,0
23.8,1.38768,0,0,0
23.805,1.3862,0,0,0
23.81,1.37741,0,0,0
23.815,1.34721,0,0,0
23.82,1.33919,0,0,0
23.825,1.33694,0,0,0
23.83,1.35358,0,0,0
23.835,1.36171,0,0,0
23.84,1.36403,0,0,0
23.845,1.35691,0,0,0
23.85,1.33985,0,0,0
23.855,1.32564,0,0,0
23.86,1.32733,0,0,0
23.865,1.33461,0,0,0
23.87,1.34032,0,0,0
23.875,1.34535,0,0,0
23.88,1.35729,0,0,0
23.885,1.37511,0,0,0
23.89,1.37846,0,0,0
23.895,1.37459,0,0,0
23.9,1.37498,0,0,0
23.905,1.38608,0,0,0
23.91,1.38646,0,0,0
23.915,1.37856,0,0,0
23.92,1.36147,0,0,0
23.925,1.36555,0,0,0
23.93,1.38463,0,0,0
23.935,1.39278,0,0,0
23.94,1.40802,0,0,0
23.945,1.40822,0,0,0
23.95,1.40373,0,0,0
23.955,1.39196,0,0,0
23.96,1.38049,0,0,0
23.965,1.38361,0,0,0
23.97,1.38201,0,0,0
23.975,1.37121,0,0,0
23.98,1.35281,0,0,0
23.985,1.35072,0,0,0
23.99,1.34032,0,0,0
23.995,1.32512,0,0,0
24,1.31738,0,0,0
24.005,1.31537,0,0,0
24.01,1.33192,0,0,0
24.015,1.33937,0,0,0
24.02,1.3556,0,0,0
24.025,1.37045,0,0,0
24.03,1.38046,0,0,0
24.035,1.38112,0,0,0
24.04,1.36371,0,0,0
24.045,1.35435,0,0,0
24.05,1.35768,0,0,0
24.055,1.35721,0,0,0
24.06,1.36442,0,0,0
24.065,1.36875,0,0,0
24.07,1.37204,0,0,0
24.075,1.39821,0,0,0
24.08,1.40792,0,0,0
24.085,1.41284,0,0,0
24.09,1.41453,0,0,0
24.095,1.40244,0,0,0
24.1,1.38656,0,0,0
24.105,1.37449,0,0,0
24.11,1.36278,0,0,0
24.115,1.34214,0,0,0
24.12,1.33819,0,0,0
24.125,1.34861,0,0,0
24.13,1.36917,0,0,0
24.135,1.39874,0,0,0
24.14,1.4067,0,0,0
24.145,1.40699,0,0,0
24.15,1.4026,0,0,0
24.155,1.38138,0,0,0
24.16,1.37623,0,0,0
24.165,1.35707,0,0,0
24.17,1.3543,0,0,0
24.175,1.35842,0,0,0
24.18,1.35246,0,0,0
24.185,1.35811,0,0,0
24.19,1.35126,0,0,0
24.195,1.34251,0,0,0
24.2,1.33456,0,0,0
24.205,1.32171,0,0,0
24.21,1.33192,0,0,0
24.215,1.35456,0,0,0
24.22,1.3647,0,0,0
24.225,1.36047,0,0,0
24.23,1.34667,0,0,0
24.235,1.34522,0,0,0
24.24,1.35246,0,0,0
24.245,1.3582,0,0,0
24.25,1.36971,0,0,0
24.255,1.35906,0,0,0
24.26,1.36546,0,0,0
24.265,1.36862,0,0,0
24.27,1.37573,0,0,0
24.275,1.366,0,0,0
24.28,1.36803,0,0,0
24.285,1.35967,0,0,0
24.29,1.35074,0,0,0
24.295,1.32213,0,0,0
24.3,1.29464,0,0,0
24.305,1.28009,0,0,0
24.31,1.28227,0,0,0
24.315,1.29136,0,0,0
24.32,1.31362,0,0,0
24.325,1.32129,0,0,0
24.33,1.32414,0,0,0
24.335,1.32697,0,0,0
24.34,1.31663,0,0,0
24.345,1.30992,0,0,0
24.35,1.31024,0,0,0
24.355,1.33166,0,0,0
24.36,1.34394,0,0,0
24.365,1.35214,0,0,0
24.37,1.34495,0,0,0
24.375,1.33036,0,0,0
24.38,1.31775,0,0,0
24.385,1.31239,0,0,0
24.39,1.3181,0,0,0
24.395,1.33195,0,0,0
24.4,1.33654,0,0,0
24.405,1.33882,0,0,0
24.41,1.34174,0,0,0
24.415,1.3416,0,0,0
24.42,1.31631,0,0,0
24.425,1.30004,0,0,0
24.43,1.31197,0,0,0
24.435,1.32659,0,0,0
24.44,1.32624,0,0,0
24.445,1.32819,0,0,0
24.45,1.33004,0,0,0
24.455,1.32464,0,0,0
24.46,1.31871,0,0,0
24.465,1.3097,0,0,0
24.47,1.31104,0,0,0
24.475,1.31749,0,0,0
24.48,1.31186,0,0,0
24.485,1.31366,0,0,0
24.49,1.32044,0,0,0
24.495,1.33284,0,0,0
24.5,1.35354,0,0,0
24.505,1.36158,0,0,0
24.51,1.35657,0,0,0
24.515,1.33238,0,0,0
24.52,1.32419,0,0,0
24.525,1.31941,0,0,0
24.53,1.32438,0,0,0
24.535,1.33829,0,0,0
24.54,1.3504,0,0,0
24.545,1.35385,0,0,0
24.55,1.34328,0,0,0
24.555,1.33122,0,0,0
24.56,1.32612,0,0,0
24.565,1.32366,0,0,0
24.57,1.3048,0,0,0
24.575,1.29431,0,0,0
24.58,1.29028,0,0,0
24.585,1.29076,0,0,0
24.59,1.30443,0,0,0
24.595,1.31164,0,0,0
24.6,1.31743,0,0,0
24.605,1.31883,0,0,0
24.61,1.30928,0,0,0
24.615,1.30152,0,0,0
24.62,1.28095,0,0,0
24.625,1.26967,0,0,0
24.63,1.26746,0,0,0
24.635,1.27173,0,0,0
24.64,1.29164,0,0,0
24.645,1.29653,0,0,0
24.65,1.29952,0,0,0
24.655,1.29935,0,0,0
24.66,1.29332,0,0,0
24.665,1.28797,0,0,0
24.67,1.26614,0,0,0
24.675,1.2505,0,0,0
24.68,1.25544,0,0,0
24.685,1.27632,0,0,0
24.69,1.29822,0,0,0
24.695,1.30785,0,0,0
24.7,1.30175,0,0,0
24.705,1.29579,0,0,0
24.71,1.26844,0,0,0
24.715,1.25994,0,0,0
24.72,1.26429,0,0,0
24.725,1.28627,0,0,0
24.73,1.30545,0,0,0
24.735,1.30947,0,0,0
24.74,1.30686,0,0,0
24.745,1.29942,0,0,0
24.75,1.29879,0,0,0
24.755,1.29621,0,0,0
24.76,1.2949,0,0,0
24.765,1.30339,0,0,0
24.77,1.30095,0,0,0
24.775,1.29489,0,0,0
24.78,1.29241,0,0,0
24.785,1.29718,0,0,0
24.79,1.28967,0,0,0
24.795,1.28694,0,0,0
24.8,1.26692,0,0,0
24.805,1.26909,0,0,0
24.81,1.28299,0,0,0
24.815,1.2911,0,0,0
24.82,1.31014,0,0,0
24.825,1.31751,0,0,0
24.83,1.3096,0,0,0
24.835,1.29676,0,0,0
24.84,1.28396,0,0,0
24.845,1.2941,0,0,0
24.85,1.28667,0,0,0
24.855,1.28578,0,0,0
24.86,1.27848,0,0,0
24.865,1.27999,0,0,0
24.87,1.28602,0,0,0
24.875,1.29047,0,0,0
24.88,1.29495,0,0,0
24.885,1.2975,0,0,0
24.89,1.30731,0,0,0
24.895,1.30801,0,0,0
24.9,1.31978,0,0,0
24.905,1.32965,0,0,0
24.91,1.32278,0,0,0
24.915,1.30535,0,0,0
24.92,1.27653,0,0,0
24.925,1.27026,0,0,0
24.93,1.27209,0,0,0
24.935,1.2684,0,0,0
24.94,1.27621,0,0,0
24.945,1.27922,0,0,0
24.95,1.27525,0,0,0
24.955,1.2786,0,0,0
24.96,1.26235,0,0,0
24.965,1.26274,0,0,0
24.97,1.27596,0,0,0
24.975,1.29077,0,0,0
24.98,1.29762,0,0,0
24.985,1.28614,0,0,0
24.99,1.28142,0,0,0
24.995,1.28899,0,0,0
25,1.30144,0,0,0
25.005,1.28529,0,0,0
25.01,1.26208,0,0,0
25.015,1.24729,0,0,0
25.02,1.26068,0,0,0
25.025,1.2792,0,0,0
25.03,1.28678,0,0,0
25.035,1.29434,0,0,0
25.04,1.30201,0,0,0
25.045,1.30379,0,0,0
25.05,1.3078,0,0,0
25.055,1.30905,0,0,0
25.06,1.29109,0,0,0
25.065,1.26734,0,0,0
25.07,1.24511,0,0,0
25.075,1.24715,0,0,0
25.08,1.24518,0,0,0
25.085,1.23686,0,0,0
25.09,1.22449,0,0,0
25.095,1.21775,0,0,0
25.1,1.22149,0,0,0
25.105,1.22485,0,0,0
25.11,1.23082,0,0,0
25.115,1.22754,0,0,0
25.12,1.23296,0,0,0
25.125,1.24411,0,0,0
25.13,1.2549,0,0,0
25.135,1.25024,0,0,0
25.14,1.25253,0,0,0
25.145,1.25575,0,0,0
25.15,1.25308,0,0,0
25.155,1.25532,0,0,0
25.16,1.24472,0,0,0
25.165,1.23732,0,0,0
25.17,1.21803,0,0,0
25.175,1.21512,0,0,0
25.18,1.22654,0,0,0
25.185,1.25356,0,0,0
25.19,1.26694,0,0,0
25.195,1.27503,0,0,0
25.2,1.28384,0,0,0
25.205,1.29101,0,0,0
25.21,1.28702,0,0,0
25.215,1.27265,0,0,0
25.22,1.24819,0,0,0
25.225,1.25201,0,0,0
25.23,1.26799,0,0,0
25.235,1.2805,0,0,0
25.24,1.27445,0,0,0
25.245,1.2615,0,0,0
25.25,1.24788,0,0,0
25.255,1.25265,0,0,0
25.26,1.25657,0,0,0
25.265,1.24319,0,0,0
25.27,1.22862,0,0,0
25.275,1.20852,0,0,0
25.28,1.20224,0,0,0
25.285,1.21484,0,0,0
25.29,1.22393,0,0,0
25.295,1.25049,0,0,0
25.3,1.26355,0,0,0
25.305,1.27746,0,0,0
25.31,1.2876,0,0,0
25.315,1.28871,0,0,0
25.32,1.27647,0,0,0
25.325,1.25334,0,0,0
25.33,1.22414,0,0,0
25.335,1.22463,0,0,0
25.34,1.22025,0,0,0
25.345,1.22503,0,0,0
25.35,1.23009,0,0,0
25.355,1.2111,0,0,0
25.36,1.20357,0,0,0
25.365,1.20429,0,0,0
25.37,1.21458,0,0,0
25.375,1.24039,0,0,0
25.38,1.24006,0,0,0
25.385,1.253,0,0,0
25.39,1.24693,0,0,0
25.395,1.23142,0,0,0
25.4,1.21334,0,0,0
25.405,1.19647,0,0,0
25.41,1.1898,0,0,0
25.415,1.1874,0,0,0
25.42,1.18221,0,0,0
25.425,1.18617,0,0,0
25.43,1.19944,0,0,0
25.435,1.21129,0,0,0
25.44,1.22809,0,0,0
25.445,1.23094,0,0,0
25.45,1.22185,0,0,0
25.455,1.22438,0,0,0
25.46,1.23427,0,0,0
25.465,1.25224,0,0,0
25.47,1.26731,0,0,0
25.475,1.26526,0,0,0
25.48,1.26156,0,0,0
25.485,1.25337,0,0,0
25.49,1.25778,0,0,0
25.495,1.25765,0,0,0
25.5,1.25259,0,0,0
25.505,1.23917,0,0,0
25.51,1.20765,0,0,0
25.515,1.18494,0,0,0
25.52,1.16768,0,0,0
25.525,1.16539,0,0,0
25.53,1.16514,0,0,0
25.535,1.17105,0,0,0
25.54,1.17551,0,0,0
25.545,1.19165,0,0,0
25.55,1.20539,0,0,0
25.555,1.21972,0,0,0
25.56,1.22513,0,0,0
25.565,1.23035,0,0,0
25.57,1.23715,0,0,0
25.575,1.24825,0,0,0
25.58,1.26638,0,0,0
25.585,1.26945,0,0,0
25.59,1.26071,0,0,0
25.595,1.22834,0,0,0
25.6,1.21157,0,0,0
25.605,1.19979,0,0,0
25.61,1.20714,0,0,0
25.615,1.20748,0,0,0
25.62,1.20841,0,0,0
25.625,1.21028,0,0,0
25.63,1.21338,0,0,0
25.635,1.21227,0,0,0
25.64,1.21164,0,0,0
25.645,1.20434,0,0,0
25.65,1.21782,0,0,0
25.655,1.21894,0,0,0
25.66,1.22739,0,0,0
25.665,1.2202,0,0,0
25.67,1.21351,0,0,0
25.675,1.22098,0,0,0
25.68,1.21749,0,0,0
25.685,1.19829,0,0,0
25.69,1.1886,0,0,0
25.695,1.18286,0,0,0
25.7,1.19544,0,0,0
25.705,1.21006,0,0,0
25.71,1.21134,0,0,0
25.715,1.21382,0,0,0
25.72,1.20646,0,0,0
25.725,1.21053,0,0,0
25.73,1.20709,0,0,0
25.735,1.20305,0,0,0
25.74,1.19033,0,0,0
25.745,1.17663,0,0,0
25.75,1.18276,0,0,0
25.755,1.19167,0,0,0
25.76,1.19741,0,0,0
25.765,1.18356,0,0,0
25.77,1.17236,0,0,0
25.775,1.17399,0,0,0
25.78,1.19116,0,0,0
25.785,1.18596,0,0,0
25.79,1.17235,0,0,0
25.795,1.16195,0,0,0
25.8,1.16879,0,0,0
25.805,1.17295,0,0,0
25.81,1.18302,0,0,0
25.815,1.17868,0,0,0
25.82,1.16464,0,0,0
25.825,1.14707,0,0,0
25.83,1.13139,0,0,0
25.835,1.13303,0,0,0
25.84,1.14626,0,0,0
25.845,1.14816,0,0,0
25.85,1.15632,0,0,0
25.855,1.17758,0,0,0
25.86,1.19266,0,0,0
25.865,1.21297,0,0,0
25.87,1.22539,0,0,0
25.875,1.22563,0,0,0
25.88,1.22304,0,0,0
25.885,1.22074,0,0,0
25.89,1.20817,0,0,0
25.895,1.19396,0,0,0
25.9,1.16928,0,0,0
25.905,1.15408,0,0,0
25.91,1.15484,0,0,0
25.915,1.16059,0,0,0
25.92,1.1786,0,0,0
25.925,1.19195,0,0,0
25.93,1.19246,0,0,0
25.935,1.18692,0,0,0
25.94,1.17273,0,0,0
25.945,1.16576,0,0,0
25.95,1.1654,0,0,0
25.955,1.17595,0,0,0
25.96,1.17625,0,0,0
25.965,1.18372,0,0,0
25.97,1.16877,0,0,0
25.975,1.17221,0,0,0
25.98,1.18411,0,0,0
25.985,1.19823,0,0,0
25.99,1.201,0,0,0
25.995,1.19429,0,0,0
26,1.19091,0,0,0
26.005,1.1961,0,0,0
26.01,1.19779,0,0,0
26.015,1.19473,0,0,0
26.02,1.18883,0,0,0
26.025,1.17508,0,0,0
26.03,1.16862,0,0,0
26.035,1.15558,0,0,0
26.04,1.15036,0,0,0
26.045,1.14122,0,0,0
26.05,1.13589,0,0,0
26.055,1.13999,0,0,0
26.06,1.15794,0,0,0
26.065,1.17146,0,0,0
26.07,1.17894,0,0,0
26.075,1.1655,0,0,0
26.08,1.15454,0,0,0
26.085,1.14249,0,0,0
26.09,1.13766,0,0,0
26.095,1.14945,0,0,0
26.1,1.16396,0,0,0
26.105,1.15313,0,0,0
26.11,1.13824,0,0,0
26.115,1.12867,0,0,0
26.12,1.13238,0,0,0
26.125,1.14286,0,0,0
26.13,1.1538,0,0,0
26.135,1.15628,0,0,0
26.14,1.15629,0,0,0
26.145,1.15271,0,0,0
26.15,1.15171,0,0,0
26.155,1.14703,0,0,0
26.16,1.1365,0,0,0
26.165,1.12381,0,0,0
26.17,1.12435,0,0,0
26.175,1.11558,0,0,0
26.18,1.11393,0,0,0
26.185,1.11218,0,0,0
26.19,1.12273,0,0,0
26.195,1.13821,0,0,0
26.2,1.13109,0,0,0
26.205,1.12035,0,0,0
26.21,1.13432,0,0,0
26.215,1.16279,0,0,0
26.22,1.19245,0,0,0
26.225,1.19381,0,0,0
26.23,1.17668,0,0,0
26.235,1.16665,0,0,0
26.24,1.15396,0,0,0
26.245,1.15341,0,0,0
26.25,1.15741,0,0,0
26.255,1.16227,0,0,0
26.26,1.17158,0,0,0
26.265,1.17577,0,0,0
26.27,1.17811,0,0,0
26.275,1.16927,0,0,0
26.28,1.16455,0,0,0
26.285,1.15632,0,0,0
26.29,1.15817,0,0,0
26.295,1.17408,0,0,0
26.3,1.17786,0,0,0
26.305,1.18657,0,0,0
26.31,1.19113,0,0,0
26.315,1.1876,0,0,0
26.32,1.16447,0,0,0
26.325,1.15367,0,0,0
26.33,1.13873,0,0,0
26.335,1.1406,0,0,0
26.34,1.15073,0,0,0
26.345,1.15217,0,0,0
26.35,1.13857,0,0,0
26.355,1.12442,0,0,0
26.36,1.12715,0,0,0
26.365,1.12869,0,0,0
26.37,1.13314,0,0,0
26.375,1.12358,0,0,0
26.38,1.13002,0,0,0
26.385,1.13794,0,0,0
26.39,1.15051,0,0,0
26.395,1.1466,0,0,0
26.4,1.13527,0,0,0
26.405,1.12443,0,0,0
26.41,1.12652,0,0,0
26.415,1.13524,0,0,0
26.42,1.13915,0,0,0
26.425,1.13601,0,0,0
26.43,1.12583,0,0,0
26.435,1.11284,0,0,0
26.44,1.09894,0,0,0
26.445,1.09813,0,0,0
26.45,1.10937,0,0,0
26.455,1.13052,0,0,0
26.46,1.14612,0,0,0
26.465,1.14696,0,0,0
26.47,1.14094,0,0,0
26.475,1.13859,0,0,0
26.48,1.14365,0,0,0
26.485,1.14043,0,0,0
26.49,1.12872,0,0,0
26.495,1.10677,0,0,0
26.5,1.10487,0,0,0
26.505,1.10549,0,0,0
26.51,1.11002,0,0,0
26.515,1.11339,0,0,0
26.52,1.10918,0,0,0
26.525,1.10893,0,0,0
26.53,1.11929,0,0,0
26.535,1.12194,0,0,0
26.54,1.1381,0,0,0
26.545,1.14124,0,0,0
26.55,1.14203,0,0,0
26.555,1.14393,0,0,0
26.56,1.13891,0,0,0
26.565,1.14317,0,0,0
26.57,1.14754,0,0,0
26.575,1.14833,0,0,0
26.58,1.14185,0,0,0
26.585,1.12535,0,0,0
26.59,1.10729,0,0,0
26.595,1.10228,0,0,0
26.6,1.11443,0,0,0
26.605,1.13068,0,0,0
26.61,1.13663,0,0,0
26.615,1.12411,0,0,0
26.62,1.13032,0,0,0
26.625,1.13751,0,0,0
26.63,1.12581,0,0,0
26.635,1.11621,0,0,0
26.64,1.10319,0,0,0
26.645,1.10063,0,0,0
26.65,1.10933,0,0,0
26.655,1.12333,0,0,0
26.66,1.1355,0,0,0
26.665,1.13967,0,0,0
26.67,1.13219,0,0,0
26.675,1.13041,0,0,0
26.68,1.12979,0,0,0
26.685,1.12766,0,0,0
26.69,1.11235,0,0,0
26.695,1.1018,0,0,0
26.7,1.09827,0,0,0
26.705,1.09908,0,0,0
26.71,1.1032,0,0,0
26.715,1.11377,0,0,0
26.72,1.12503,0,0,0
26.725,1.12893,0,0,0
26.73,1.12701,0,0,0
26.735,1.13497,0,0,0
26.74,1.14113,0,0,0
26.745,1.13805,0,0,0
26.75,1.13676,0,0,0
26.755,1.12032,0,0,0
26.76,1.12477,0,0,0
26.765,1.11762,0,0,0
26.77,1.10835,0,0,0
26.775,1.11188,0,0,0
26.78,1.11757,0,0,0
26.785,1.12221,0,0,0
26.79,1.12145,0,0,0
26.795,1.1102,0,0,0
26.8,1.11494,0,0,0
26.805,1.13311,0,0,0
26.81,1.15048,0,0,0
26.815,1.15636,0,0,0
26.82,1.15633,0,0,0
26.825,1.15626,0,0,0
26.83,1.15186,0,0,0
26.835,1.14964,0,0,0
26.84,1.13961,0,0,0
26.845,1.13852,0,0,0
26.85,1.1314,0,0,0
26.855,1.11504,0,0,0
26.86,1.08902,0,0,0
26.865,1.0722,0,0,0
26.87,1.06631,0,0,0
26.875,1.07747,0,0,0
26.88,1.08814,0,0,0
26.885,1.08949,0,0,0
26.89,1.09797,0,0,0
26.895,1.1072,0,0,0
26.9,1.11012,0,0,0
26.905,1.10525,0,0,0
26.91,1.09337,0,0,0
26.915,1.1097,0,0,0
26.92,1.12245,0,0,0
26.925,1.12886,0,0,0
26.93,1.12293,0,0,0
26.935,1.1098,0,0,0
26.94,1.10668,0,0,0
26.945,1.11395,0,0,0
26.95,1.10553,0,0,0
26.955,1.10474,0,0,0
26.96,1.10509,0,0,0
26.965,1.10324,0,0,0
26.97,1.11688,0,0,0
26.975,1.12384,0,0,0
26.98,1.12381,0,0,0
26.985,1.10654,0,0,0
26.99,1.08801,0,0,0
26.995,1.07145,0,0,0
27,1.07149,0,0,0
27.005,1.06686,0,0,0
27.01,1.06429,0,0,0
27.015,1.07416,0,0,0
27.02,1.08947,0,0,0
27.025,1.09701,0,0,0
27.03,1.10392,0,0,0
27.035,1.11014,0,0,0
27.04,1.12284,0,0,0
27.045,1.12783,0,0,0
27.05,1.13259,0,0,0
27.055,1.12001,0,0,0
27.06,1.10875,0,0,0
27.065,1.09514,0,0,0
27.07,1.0807,0,0,0
27.075,1.07508,0,0,0
27.08,1.08051,0,0,0
27.085,1.08268,0,0,0
27.09,1.09313,0,0,0
27.095,1.09552,0,0,0
27.1,1.09331,0,0,0
27.105,1.0878,0,0,0
27.11,1.0877,0,0,0
27.115,1.08146,0,0,0
27.12,1.08706,0,0,0
27.125,1.10183,0,0,0
27.13,1.10599,0,0,0
27.135,1.11852,0,0,0
27.14,1.1111,0,0,0
27.145,1.10534,0,0,0
27.15,1.10412,0,0,0
27.155,1.08824,0,0,0
27.16,1.08727,0,0,0
27.165,1.07103,0,0,0
27.17,1.06088,0,0,0
27.175,1.04633,0,0,0
27.18,1.03769,0,0,0
27.185,1.04717,0,0,0
27.19,1.07389,0,0,0
27.195,1.10031,0,0,0
27.2,1.11312,0,0,0
27.205,1.09544,0,0,0
27.21,1.0776,0,0,0
27.215,1.07226,0,0,0
27.22,1.07323,0,0,0
27.225,1.06967,0,0,0
27.23,1.06189,0,0,0
27.235,1.06344,0,0,0
27.24,1.0692,0,0,0
27.245,1.06797,0,0,0
27.25,1.05363,0,0,0
27.255,1.04497,0,0,0
27.26,1.04383,0,0,0
27.265,1.05372,0,0,0
27.27,1.0585,0,0,0
27.275,1.05708,0,0,0
27.28,1.06372,0,0,0
27.285,1.06941,0,0,0
27.29,1.0735,0,0,0
27.295,1.07362,0,0,0
27.3,1.07031,0,0,0
27.305,1.06064,0,0,0
27.31,1.05027,0,0,0
27.315,1.04398,0,0,0
27.32,1.05293,0,0,0
27.325,1.07263,0,0,0
27.33,1.07797,0,0,0
27.335,1.09404,0,0,0
27.34,1.08692,0,0,0
27.345,1.06125,0,0,0
27.35,1.0293,0,0,0
27.355,1.01079,0,0,0
27.36,1.02356,0,0,0
27.365,1.03639,0,0,0
27.37,1.04295,0,0,0
27.375,1.05243,0,0,0
27.38,1.07047,0,0,0
27.385,1.0842,0,0,0
27.39,1.07813,0,0,0
27.395,1.07289,0,0,0
27.4,1.08019,0,0,0
27.405,1.10548,0,0,0
27.41,1.10312,0,0,0
27.415,1.09129,0,0,0
27.42,1.06521,0,0,0
27.425,1.05527,0,0,0
27.43,1.04736,0,0,0
27.435,1.04151,0,0,0
27.44,1.03371,0,0,0
27.445,1.03819,0,0,0
27.45,1.04109,0,0,0
27.455,1.04364,0,0,0
27.46,1.05873,0,0,0
27.465,1.06613,0,0,0
27.47,1.06386,0,0,0
27.475,1.06063,0,0,0
27.48,1.0689,0,0,0
27.485,1.08923,0,0,0
27.49,1.09654,0,0,0
27.495,1.08855,0,0,0
27.5,1.0847,0,0,0
27.505,1.07603,0,0,0
27.51,1.06687,0,0,0
27.515,1.06391,0,0,0
27.52,1.07199,0,0,0
27.525,1.08428,0,0,0
27.53,1.088,0,0,0
27.535,1.0927,0,0,0
27.54,1.10875,0,0,0
27.545,1.11466,0,0,0
27.55,1.10216,0,0,0
27.555,1.08144,0,0,0
27.56,1.06032,0,0,0
27.565,1.05001,0,0,0
27.57,1.04207,0,0,0
27.575,1.04906,0,0,0
27.58,1.04821,0,0,0
27.585,1.04289,0,0,0
27.59,1.05598,0,0,0
27.595,1.0603,0,0,0
27.6,1.05089,0,0,0
27.605,1.05274,0,0,0
27.61,1.0594,0,0,0
27.615,1.07408,0,0,0
27.62,1.06965,0,0,0
27.625,1.05224,0,0,0
27.63,1.043,0,0,0
27.635,1.05531,0,0,0
27.64,1.05899,0,0,0
27.645,1.05381,0,0,0
27.65,1.05269,0,0,0
27.655,1.03689,0,0,0
27.66,1.04569,0,0,0
27.665,1.04412,0,0,0
27.67,1.03713,0,0,0
27.675,1.02725,0,0,0
27.68,1.02503,0,0,0
27.685,1.02709,0,0,0
27.69,1.03165,0,0,0
27.695,1.04099,0,0,0
27.7,1.04628,0,0,0
27.705,1.04271,0,0,0
27.71,1.03945,0,0,0
27.715,1.03353,0,0,0
27.72,1.04003,0,0,0
27.725,1.03022,0,0,0
27.73,1.01289,0,0,0
27.735,1.00167,0,0,0
27.74,1.01309,0,0,0
27.745,1.02372,0,0,0
27.75,1.02871,0,0,0
27.755,1.03952,0,0,0
27.76,1.03753,0,0,0
27.765,1.038,0,0,0
27.77,1.04245,0,0,0
27.775,1.05024,0,0,0
27.78,1.08289,0,0,0
27.785,1.09084,0,0,0
27.79,1.09006,0,0,0
27.795,1.08234,0,0,0
27.8,1.079,0,0,0
27.805,1.06835,0,0,0
27.81,1.06322,0,0,0
27.815,1.04129,0,0,0
27.82,1.02888,0,0,0
27.825,1.0328,0,0,0
27.83,1.05137,0,0,0
27.835,1.06587,0,0,0
27.84,1.06253,0,0,0
27.845,1.05183,0,0,0
27.85,1.05116,0,0,0
27.855,1.06264,0,0,0
27.86,1.06365,0,0,0
27.865,1.05694,0,0,0
27.87,1.04562,0,0,0
27.875,1.03984,0,0,0
27.88,1.03879,0,0,0
27.885,1.03451,0,0,0
27.89,1.03017,0,0,0
27.895,1.02661,0,0,0
27.9,1.02636,0,0,0
27.905,1.02662,0,0,0
27.91,1.01223,0,0,0
27.915,0.997993,0,0,0
27.92,0.996943,0,0,0
27.925,0.998301,0,0,0
27.93,1.00315,0,0,0
27.935,1.01666,0,0,0
27.94,1.01222,0,0,0
27.945,1.02187,0,0,0
27.95,1.02411,0,0,0
27.955,1.02667,0,0,0
27.96,1.03433,0,0,0
27.965,1.02879,0,0,0
27.97,1.03988,0,0,0
27.975,1.04823,0,0,0
27.98,1.05218,0,0,0
27.985,1.05103,0,0,0
27.99,1.04062,0,0,0
27.995,1.03112,0,0,0
28,1.02919,0,0,0
28.005,1.02412,0,0,0
28.01,1.02676,0,0,0
28.015,1.01718,0,0,0
28.02,1.01159,0,0,0
28.025,1.01195,0,0,0
28.03,1.02481,0,0,0
28.035,1.04795,0,0,0
28.04,1.06726,0,0,0
28.045,1.07397,0,0,0
28.05,1.06418,0,0,0
28.055,1.05152,0,0,0
28.06,1.04309,0,0,0
28.065,1.03813,0,0,0
28.07,1.03087,0,0,0
28.075,1.02406,0,0,0
28.08,1.01825,0,0,0
28.085,1.02146,0,0,0
28.09,1.021,0,0,0
28.095,1.03106,0,0,0
28.1,1.03341,0,0,0
28.105,1.03193,0,0,0
28.11,1.02199,0,0,0
28.115,1.01355,0,0,0
28.12,1.02491,0,0,0
28.125,1.02648,0,0,0
28.13,1.02708,0,0,0
28.135,1.02228,0,0,0
28.14,1.01807,0,0,0
28.145,1.01916,0,0,0
28.15,1.02061,0,0,0
28.155,1.02172,0,0,0
28.16,1.03486,0,0,0
28.165,1.04262,0,0,0
28.17,1.04737,0,0,0
28.175,1.04562,0,0,0
28.18,1.03262,0,0,0
28.185,1.0234,0,0,0
28.19,1.00705,0,0,0
28.195,0.999745,0,0,0
28.2,1.00618,0,0,0
28.205,1.00879,0,0,0
28.21,1.00397,0,0,0
28.215,1.00881,0,0,0
28.22,1.02178,0,0,0
28.225,1.04444,0,0,0
28.23,1.06133,0,0,0
28.235,1.06295,0,0,0
28.24,1.0627,0,0,0
28.245,1.05076,0,0,0
28.25,1.03963,0,0,0
28.255,1.0348,0,0,0
28.26,1.02679,0,0,0
28.265,1.02332,0,0,0
28.27,1.03442,0,0,0
28.275,1.03349,0,0,0
28.28,1.03804,0,0,0
28.285,1.0424,0,0,0
28.29,1.04293,0,0,0
28.295,1.04189,0,0,0
28.3,1.02952,0,0,0
28.305,1.02224,0,0,0
28.31,1.01469,0,0,0
28.315,1.01324,0,0,0
28.32,1.00366,0,0,0
28.325,0.991233,0,0,0
28.33,0.990151,0,0,0
28.335,0.984434,0,0,0
28.34,0.993048,0,0,0
28.345,0.994212,0,0,0
28.35,0.999859,0,0,0
28.355,1.00387,0,0,0
28.36,1.01948,0,0,0
28.365,1.03965,0,0,0
28.37,1.0358,0,0,0
28.375,1.02738,0,0,0
28.38,1.01614,0,0,0
28.385,1.00042,0,0,0
28.39,1.00815,0,0,0
28.395,1.00023,0,0,0
28.4,0.995416,0,0,0
28.405,0.986617,0,0,0
28.41,0.981941,0,0,0
28.415,0.993671,0,0,0
28.42,0.989716,0,0,0
28.425,0.989413,0,0,0
28.43,0.979431,0,0,0
28.435,0.978001,0,0,0
28.44,0.991605,0,0,0
28.445,1.00732,0,0,0
28.45,1.00937,0,0,0
28.455,1.01538,0,0,0
28.46,1.00733,0,0,0
28.465,0.999672,0,0,0
28.47,1.00386,0,0,0
28.475,1.00545,0,0,0
28.48,1.01725,0,0,0
28.485,1.04024,0,0,0
28.49,1.0625,0,0,0
28.495,1.07602,0,0,0
28.5,1.06618,0,0,0
28.505,1.0329,0,0,0
28.51,1.01468,0,0,0
28.515,1.01759,0,0,0
28.52,1.02438,0,0,0
28.525,1.02501,0,0,0
28.53,1.01043,0,0,0
28.535,1.00102,0,0,0
28.54,1.00692,0,0,0
28.545,1.00653,0,0,0
28.55,1.01232,0,0,0
28.555,1.00686,0,0,0
28.56,1.00244,0,0,0
28.565,0.989617,0,0,0
28.57,0.985824,0,0,0
28.575,0.995195,0,0,0
28.58,1.01476,0,0,0
28.585,1.02381,0,0,0
28.59,1.01357,0,0,0
28.595,1.0042,0,0,0
28.6,0.995559,0,0,0
28.605,0.969869,0,0,0
28.61,0.950832,0,0,0
28.615,0.940187,0,0,0
28.62,0.948096,0,0,0
28.625,0.962969,0,0,0
28.63,0.975653,0,0,0
28.635,0.974179,0,0,0
28.64,0.974142,0,0,0
28.645,0.974203,0,0,0
28.65,0.980239,0,0,0
28.655,0.989873,0,0,0
28.66,0.972057,0,0,0
28.665,0.975379,0,0,0
28.67,0.97116,0,0,0
28.675,0.972241,0,0,0
28.68,0.967135,0,0,0
28.685,0.963916,0,0,0
28.69,0.972797,0,0,0
28.695,0.973445,0,0,0
28.7,0.977245,0,0,0
28.705,0.976395,0,0,0
28.71,0.979408,0,0,0
28.715,0.994664,0,0,0
28.72,1.0007,0,0,0
28.725,1.00351,0,0,0
28.73,1.00646,0,0,0
28.735,1.0021,0,0,0
28.74,0.992957,0,0,0
28.745,0.97925,0,0,0
28.75,0.984719,0,0,0
28.755,0.985167,0,0,0
28.76,0.974476,0,0,0
28.765,0.949188,0,0,0
28.77,0.939246,0,0,0
28.775,0.954495,0,0,0
28.78,0.983751,0,0,0
28.785,1.00658,0,0,0
28.79,1.00241,0,0,0
28.795,0.991346,0,0,0
28.8,0.97713,0,0,0
28.805,0.97044,0,0,0
28.81,0.969185,0,0,0
28.815,0.956731,0,0,0
28.82,0.945666,0,0,0
28.825,0.938075,0,0,0
28.83,0.94972,0,0,0
28.835,0.977321,0,0,0
28.84,0.995071,0,0,0
28.845,0.995749,0,0,0
28.85,0.982073,0,0,0
28.855,0.979637,0,0,0
28.86,0.976582,0,0,0
28.865,0.969332,0,0,0
28.87,0.963701,0,0,0
28.875,0.960873,0,0,0
28.88,0.957865,0,0,0
28.885,0.957935,0,0,0
28.89,0.953758,0,0,0
28.895,0.960849,0,0,0
28.9,0.975713,0,0,0
28.905,0.985763,0,0,0
28.91,0.997522,0,0,0
28.915,1.00925,0,0,0
28.92,1.01029,0,0,0
28.925,1.01474,0,0,0
28.93,1.00506,0,0,0
28.935,0.990942,0,0,0
28.94,0.987405,0,0,0
28.945,0.990845,0,0,0
28.95,1.00305,0,0,0
28.955,0.999621,0,0,0
28.96,0.993291,0,0,0
28.965,0.994719,0,0,0
28.97,0.992381,0,0,0
28.975,0.982366,0,0,0
28.98,0.942391,0,0,0
28.985,0.930789,0,0,0
28.99,0.9326,0,0,0
28.995,0.945097,0,0,0
29,0.949754,0,0,0
29.005,0.960923,0,0,0
29.01,0.96308,0,0,0
29.015,0.955151,0,0,0
29.02,0.945721,0,0,0
29.025,0.951659,0,0,0
29.03,0.963161,0,0,0
29.035,0.975485,0,0,0
29.04,0.955484,0,0,0
29.045,0.94404,0,0,0
29.05,0.949959,0,0,0
29.055,0.972746,0,0,0
29.06,1.00353,0,0,0
29.065,1.01854,0,0,0
29.07,0.995528,0,0,0
29.075,0.980129,0,0,0
29.08,0.966557,0,0,0
29.085,0.955611,0,0,0
29.09,0.945861,0,0,0
29.095,0.924251,0,0,0
29.1,0.926841,0,0,0
29.105,0.947235,0,0,0
29.11,0.956169,0,0,0
29.115,0.953571,0,0,0
29.12,0.947236,0,0,0
29.125,0.954909,0,0,0
29.13,0.94825,0,0,0
29.135,0.947905,0,0,0
29.14,0.946431,0,0,0
29.145,0.943848,0,0,0
29.15,0.949916,0,0,0
29.155,0.943629,0,0,0
29.16,0.959588,0,0,0
29.165,0.966707,0,0,0
29.17,0.970807,0,0,0
29.175,0.970227,0,0,0
29.18,0.954954,0,0,0
29.185,0.948763,0,0,0
29.19,0.928499,0,0,0
29.195,0.921045,0,0,0
29.2,0.929194,0,0,0
29.205,0.928922,0,0,0
29.21,0.935839,0,0,0
29.215,0.933259,0,0,0
29.22,0.936439,0,0,0
29.225,0.942889,0,0,0
29.23,0.94982,0,0,0
29.235,0.955849,0,0,0
29.24,0.966162,0,0,0
29.245,0.973407,0,0,0
29.25,0.9808,0,0,0
29.255,0.989598,0,0,0
29.26,0.991035,0,0,0
29.265,0.975406,0,0,0
29.27,0.97476,0,0,0
29.275,0.972054,0,0,0
29.28,0.985045,0,0,0
29.285,0.993051,0,0,0
29.29,0.976807,0,0,0
29.295,0.95906,0,0,0
29.3,0.937474,0,0,0
29.305,0.942601,0,0,0
29.31,0.943985,0,0,0
29.315,0.939627,0,0,0
29.32,0.948163,0,0,0
29.325,0.960568,0,0,0
29.33,0.97494,0,0,0
29.335,0.971793,0,0,0
29.34,0.971004,0,0,0
29.345,0.976092,0,0,0
29.35,0.998055,0,0,0
29.355,1.00104,0,0,0
29.36,0.998385,0,0,0
29.365,0.985598,0,0,0
29.37,0.98639,0,0,0
29.375,0.988374,0,0,0
29.38,0.984904,0,0,0
29.385,0.959147,0,0,0
29.39,0.956531,0,0,0
29.395,0.964353,0,0,0
29.4,0.956989,0,0,0
29.405,0.952067,0,0,0
29.41,0.925594,0,0,0
29.415,0.921188,0,0,0
29.42,0.938176,0,0,0
29.425,0.946167,0,0,0
29.43,0.946831,0,0,0
29.435,0.941443,0,0,0
29.44,0.950157,0,0,0
29.445,0.959453,0,0,0
29.45,0.955506,0,0,0
29.455,0.978311,0,0,0
29.46,0.981431,0,0,0
29.465,0.981606,0,0,0
29.47,0.965051,0,0,0
29.475,0.952291,0,0,0
29.48,0.971217,0,0,0
29.485,0.986578,0,0,0
29.49,0.986948,0,0,0
29.495,0.982515,0,0,0
29.5,0.988522,0,0,0
29.505,1.00376,0,0,0
29.51,0.989021,0,0,0
29.515,0.95942,0,0,0
29.52,0.946744,0,0,0
29.525,0.945191,0,0,0
29.53,0.948175,0,0,0
29.535,0.952231,0,0,0
29.54,0.954626,0,0,0
29.545,0.955817,0,0,0
29.55,0.943747,0,0,0
29.555,0.925479,0,0,0
29.56,0.921182,0,0,0
29.565,0.924882,0,0,0
29.57,0.940691,0,0,0
29.575,0.943643,0,0,0
29.58,0.934419,0,0,0
29.585,0.929977,0,0,0
29.59,0.935468,0,0,0
29.595,0.948088,0,0,0
29.6,0.943651,0,0,0
29.605,0.932103,0,0,0
29.61,0.941492,0,0,0
29.615,0.94826,0,0,0
29.62,0.93851,0,0,0
29.625,0.923555,0,0,0
29.63,0.930971,0,0,0
29.635,0.940928,0,0,0
29.64,0.95093,0,0,0
29.645,0.930393,0,0,0
29.65,0.924669,0,0,0
29.655,0.953387,0,0,0
29.66,0.974735,0,0,0
29.665,0.988355,0,0,0
29.67,0.985133,0,0,0
29.675,0.96044,0,0,0
29.68,0.950643,0,0,0
29.685,0.939481,0,0,0
29.69,0.934522,0,0,0
29.695,0.948345,0,0,0
29.7,0.958835,0,0,0
29.705,0.951989,0,0,0
29.71,0.930932,0,0,0
29.715,0.91811,0,0,0
29.72,0.911859,0,0,0
29.725,0.936251,0,0,0
29.73,0.953277,0,0,0
29.735,0.96638,0,0,0
29.74,0.97274,0,0,0
29.745,0.964232,0,0,0
29.75,0.960787,0,0,0
29.755,0.955672,0,0,0
29.76,0.943994,0,0,0
29.765,0.941344,0,0,0
29.77,0.931907,0,0,0
29.775,0.911338,0,0,0
29.78,0.928391,0,0,0
29.785,0.937518,0,0,0
29.79,0.952012,0,0,0
29.795,0.956141,0,0,0
29.8,0.960467,0,0,0
29.805,0.970943,0,0,0
29.81,0.9641,0,0,0
29.815,0.956788,0,0,0
29.82,0.947274,0,0,0
29.825,0.942702,0,0,0
29.83,0.934628,0,0,0
29.835,0.927328,0,0,0
29.84,0.928876,0,0,0
29.845,0.935159,0,0,0
29.85,0.920868,0,0,0
29.855,0.914638,0,0,0
29.86,0.914591,0,0,0
29.865,0.922555,0,0,0
29.87,0.933634,0,0,0
29.875,0.937392,0,0,0
29.88,0.931379,0,0,0
29.885,0.94171,0,0,0
29.89,0.95051,0,0,0
29.895,0.973902,0,0,0
29.9,0.978512,0,0,0
29.905,0.974061,0,0,0
29.91,0.963263,0,0,0
29.915,0.946132,0,0,0
29.92,0.944652,0,0,0
29.925,0.947885,0,0,0
29.93,0.951601,0,0,0
29.935,0.958958,0,0,0
29.94,0.952407,0,0,0
29.945,0.963813,0,0,0
29.95,0.971139,0,0,0
29.955,0.969392,0,0,0
29.96,0.95556,0,0,0
29.965,0.939187,0,0,0
29.97,0.953538,0,0,0
29.975,0.971047,0,0,0
29.98,0.967516,0,0,0
29.985,0.941615,0,0,0
29.99,0.936881,0,0,0
29.995,0.942937,0,0,0
30,0.959504,0,0,0
30.005,0.962179,1.00748,1.00692,-0.0453028
30.01,0.951907,1.00729,1.00673,-0.0553868
30.015,0.946234,1.00711,1.00654,-0.0608716
30.02,0.938028,1.00692,1.00635,-0.0688893
30.025,0.942538,1.00673,1.00616,-0.0641914
30.03,0.954577,1.00654,1.00598,-0.0519647
30.035,0.945178,1.00635,1.00579,-0.0611761
30.04,0.92739,1.00617,1.0056,-0.0787773
30.045,0.933152,1.00598,1.00541,-0.0728278
30.05,0.938009,1.00579,1.00522,-0.0677839
30.055,0.952029,1.00561,1.00504,-0.0535767
30.06,0.962748,1.00542,1.00485,-0.0426706
30.065,0.969918,1.00523,1.00466,-0.035314
30.07,0.983569,1.00505,1.00447,-0.0214759
30.075,0.963923,1.00486,1.00429,-0.0409357
30.08,0.943042,1.00467,1.0041,-0.0616298
30.085,0.924757,1.00449,1.00391,-0.079729
30.09,0.915475,1.0043,1.00373,-0.0888245
30.095,0.909972,1.00411,1.00354,-0.0941418
30.1,0.908229,1.00393,1.00335,-0.095699
30.105,0.916006,1.00374,1.00317,-0.0877362
30.11,0.932978,1.00356,1.00298,-0.0705784
30.115,0.946848,1.00337,1.00279,-0.0565221
30.12,0.962541,1.00319,1.00261,-0.0406437
30.125,0.969356,1.003,1.00242,-0.0336437
30.13,0.96285,1.00281,1.00224,-0.0399645
30.135,0.958299,1.00263,1.00205,-0.0443308
30.14,0.944347,1.00244,1.00187,-0.0580977
30.145,0.937983,1.00226,1.00168,-0.0642763
30.15,0.938774,1.00207,1.00149,-0.0633004
30.155,0.929701,1.00189,1.00131,-0.0721888
30.16,0.926453,1.00171,1.00112,-0.0752523
30.165,0.926304,1.00152,1.00094,-0.0752175
30.17,0.920164,1.00134,1.00075,-0.0811732
30.175,0.910313,1.00115,1.00057,-0.0908393
30.18,0.904791,1.00097,1.00039,-0.0961771
30.185,0.90842,1.00078,1.0002,-0.0923645
30.19,0.932265,1.0006,1.00002,-0.0683362
30.195,0.952262,1.00042,0.999832,-0.0481547
30.2,0.954657,1.00023,0.999648,-0.0455761
30.205,0.942871,1.00005,0.999464,-0.0571789
30.21,0.918742,0.999867,0.99928,-0.0811246
30.215,0.90751,0.999683,0.999096,-0.0921735
30.22,0.912374,0.9995,0.998912,-0.0871261
30.225,0.916453,0.999317,0.998729,-0.0828643
30.23,0.915434,0.999134,0.998545,-0.0837005
30.235,0.906397,0.998952,0.998362,-0.0925548
30.24,0.911541,0.998769,0.998179,-0.0872277
30.245,0.923286,0.998586,0.997996,-0.0753001
30.25,0.92811,0.998404,0.997813,-0.0702942
30.255,0.92141,0.998222,0.99763,-0.0768116
30.26,0.92225,0.998039,0.997447,-0.0757896
30.265,0.933796,0.997857,0.997264,-0.0640614
30.27,0.932846,0.997675,0.997082,-0.0648296
30.275,0.937392,0.997494,0.996899,-0.0601011
30.28,0.927875,0.997312,0.996717,-0.0694369
30.285,0.932836,0.99713,0.996535,-0.0642944
30.29,0.941382,0.996949,0.996353,-0.055567
30.295,0.942569,0.996767,0.996171,-0.0541985
30.3,0.933657,0.996586,0.995989,-0.0629287
30.305,0.935225,0.996405,0.995807,-0.0611797
30.31,0.942609,0.996224,0.995625,-0.0536144
30.315,0.947034,0.996043,0.995444,-0.0490093
30.32,0.940288,0.995862,0.995262,-0.0555745
30.325,0.948933,0.995681,0.995081,-0.0467484
30.33,0.950533,0.995501,0.9949,-0.0449683
30.335,0.97296,0.99532,0.994719,-0.0223604
30.34,0.975714,0.99514,0.994538,-0.0194256
30.345,0.977665,0.99496,0.994357,-0.017295
30.35,0.971019,0.99478,0.994176,-0.0237609
30.355,0.952649,0.9946,0.993996,-0.0419502
30.36,0.935707,0.99442,0.993815,-0.0587126
30.365,0.931645,0.99424,0.993635,-0.0625951
30.37,0.93257,0.99406,0.993454,-0.0614904
30.375,0.934459,0.993881,0.993274,-0.0594217
30.38,0.936443,0.993701,0.993094,-0.0572579
30.385,0.940757,0.993522,0.992914,-0.0527644
30.39,0.954289,0.993342,0.992734,-0.0390537
30.395,0.951577,0.993163,0.992555,-0.0415867
30.4,0.952356,0.992984,0.992375,-0.0406287
30.405,0.94039,0.992805,0.992195,-0.0524154
30.41,0.920273,0.992627,0.992016,-0.0723532
30.415,0.882454,0.992448,0.991837,-0.109994
30.42,0.858383,0.992269,0.991657,-0.133886
30.425,0.84776,0.992091,0.991478,-0.144331
30.43,0.854477,0.991913,0.991299,-0.137435
30.435,0.888149,0.991734,0.991121,-0.103585
30.44,0.911603,0.991556,0.990942,-0.0799536
30.445,0.936021,0.991378,0.990763,-0.0553571
30.45,0.947753,0.9912,0.990585,-0.0434477
30.455,0.942453,0.991023,0.990406,-0.0485698
30.46,0.944368,0.990845,0.990228,-0.0464771
30.465,0.928948,0.990667,0.99005,-0.0617188
30.47,0.922787,0.99049,0.989872,-0.0677024
30.475,0.938181,0.990312,0.989694,-0.0521314
30.48,0.948601,0.990135,0.989516,-0.0415337
30.485,0.94862,0.989958,0.989338,-0.0413376
30.49,0.95016,0.989781,0.98916,-0.0396213
30.495,0.943297,0.989604,0.988983,-0.0463068
30.5,0.949523,0.989427,0.988805,-0.0399042
30.505,0.95364,0.989251,0.988628,-0.0356102
30.51,0.931517,0.989074,0.988451,-0.0575569
30.515,0.922891,0.988898,0.988274,-0.0660068
30.52,0.92464,0.988721,0.988097,-0.0640813
30.525,0.940145,0.988545,0.98792,-0.0483995
30.53,0.945143,0.988369,0.987743,-0.0432253
30.535,0.950444,0.988193,0.987566,-0.0377491
30.54,0.950659,0.988017,0.98739,-0.0373573
30.545,0.955428,0.987841,0.987213,-0.0324131
30.55,0.949407,0.987665,0.987037,-0.038258
30.555,0.942334,0.98749,0.986861,-0.0451557
30.56,0.940623,0.987314,0.986684,-0.0466915
30.565,0.945237,0.987139,0.986508,-0.0419016
30.57,0.943427,0.986963,0.986332,-0.0435365
30.575,0.941186,0.986788,0.986157,-0.0456022
30.58,0.941423,0.986613,0.985981,-0.0451901
30.585,0.943943,0.986438,0.985805,-0.0424954
30.59,0.932383,0.986263,0.98563,-0.0538799
30.595,0.94143,0.986089,0.985454,-0.044659
30.6,0.945091,0.985914,0.985279,-0.0408228
30.605,0.938389,0.985739,0.985104,-0.0473508
30.61,0.957902,0.985565,0.984929,-0.0276631
30.615,0.975263,0.985391,0.984754,-0.0101273
30.62,0.982931,0.985216,0.984579,-0.0022851
30.625,0.983905,0.985042,0.984404,-0.00113748
30.63,0.957633,0.984868,0.984229,-0.0272356
30.635,0.946294,0.984694,0.984055,-0.0384009
30.64,0.932448,0.984521,0.98388,-0.0520727
30.645,0.914476,0.984347,0.983706,-0.0698713
30.65,0.915134,0.984173,0.983532,-0.069039
30.655,0.922013,0.984,0.983357,-0.0619867
30.66,0.917429,0.983826,0.983183,-0.0663977
30.665,0.918299,0.983653,0.983009,-0.0653539
30.67,0.918531,0.98348,0.982836,-0.0649492
30.675,0.919032,0.983307,0.982662,-0.0642747
30.68,0.903285,0.983134,0.982488,-0.0798493
30.685,0.885393,0.982961,0.982315,-0.0975684
30.69,0.870575,0.982788,0.982141,-0.112214
30.695,0.880121,0.982616,0.981968,-0.102494
30.7,0.897142,0.982443,0.981795,-0.0853011
30.705,0.911351,0.982271,0.981622,-0.0709194
30.71,0.926445,0.982099,0.981449,-0.0556531
30.715,0.930353,0.981926,0.981276,-0.0515734
30.72,0.944408,0.981754,0.981103,-0.0373466
30.725,0.952134,0.981582,0.98093,-0.0294483
30.73,0.957476,0.98141,0.980758,-0.0239338
30.735,0.943796,0.981238,0.980585,-0.0374426
30.74,0.915906,0.981067,0.980413,-0.0651605
30.745,0.908042,0.980895,0.98024,-0.0728529
30.75,0.9065,0.980724,0.980068,-0.074224
30.755,0.914257,0.980552,0.979896,-0.0662955
30.76,0.899863,0.980381,0.979724,-0.0805179
30.765,0.893421,0.98021,0.979552,-0.0867886
30.77,0.893844,0.980039,0.97938,-0.0861943
30.775,0.907233,0.979868,0.979209,-0.0726343
30.78,0.920249,0.979697,0.979037,-0.0594474
30.785,0.930498,0.979526,0.978866,-0.0490279
30.79,0.924698,0.979355,0.978694,-0.0546571
30.795,0.915907,0.979185,0.978523,-0.0632782
30.8,0.915305,0.979014,0.978352,-0.0637092
30.805,0.906315,0.978844,0.978181,-0.0725284
30.81,0.907885,0.978674,0.97801,-0.0707884
30.815,0.908381,0.978503,0.977839,-0.0701227
30.82,0.908924,0.978333,0.977668,-0.0694093
30.825,0.901872,0.978163,0.977497,-0.0762915
30.83,0.909162,0.977994,0.977327,-0.0688318
30.835,0.911549,0.977824,0.977156,-0.0662748
30.84,0.926219,0.977654,0.976986,-0.0514351
30.845,0.930299,0.977485,0.976816,-0.0471852
30.85,0.918694,0.977315,0.976645,-0.058621
30.855,0.921316,0.977146,0.976475,-0.05583
30.86,0.917288,0.976977,0.976305,-0.0596882
30.865,0.927972,0.976807,0.976135,-0.0488349
30.87,0.925858,0.976638,0.975966,-0.0507798
30.875,0.922158,0.976469,0.975796,-0.0543115
30.88,0.913136,0.9763,0.975626,-0.0631647
30.885,0.904112,0.976132,0.975457,-0.0720199
30.89,0.892942,0.975963,0.975287,-0.083021
30.895,0.885464,0.975795,0.975118,-0.090331
30.9,0.890257,0.975626,0.974949,-0.0853689
30.905,0.911865,0.975458,0.97478,-0.0635925
30.91,0.91284,0.975289,0.974611,-0.062449
30.915,0.917368,0.975121,0.974442,-0.0577534
30.92,0.915027,0.974953,0.974273,-0.0599257
30.925,0.925451,0.974785,0.974104,-0.0493344
30.93,0.929418,0.974617,0.973936,-0.0451991
30.935,0.936372,0.97445,0.973767,-0.038078
30.94,0.929626,0.974282,0.973599,-0.0446559
30.945,0.94497,0.974114,0.973431,-0.0291443
30.95,0.931496,0.973947,0.973262,-0.0424512
30.955,0.913471,0.97378,0.973094,-0.0603088
30.96,0.901483,0.973612,0.972926,-0.0721291
30.965,0.901237,0.973445,0.972758,-0.0722082
30.97,0.911198,0.973278,0.97259,-0.0620805
30.975,0.914247,0.973111,0.972423,-0.0588644
30.98,0.912248,0.972944,0.972255,-0.0606965
30.985,0.916944,0.972777,0.972088,-0.0558332
30.99,0.916527,0.972611,0.97192,-0.0560832
30.995,0.931617,0.972444,0.971753,-0.0408275
31,0.928613,0.972278,0.971585,-0.0436645
31.005,0.926225,0.972111,0.971418,-0.0458862
31.01,0.916092,0.971945,0.971251,-0.0558531
31.015,0.922493,0.971779,0.971084,-0.0492859
31.02,0.926259,0.971613,0.970917,-0.0453533
31.025,0.914545,0.971447,0.970751,-0.0569012
31.03,0.902483,0.971281,0.970584,-0.0687978
31.035,0.906486,0.971115,0.970417,-0.0646293
31.04,0.919304,0.970949,0.970251,-0.0516454
31.045,0.930017,0.970784,0.970084,-0.0407664
31.05,0.904763,0.970618,0.969918,-0.0658555
31.055,0.892786,0.970453,0.969752,-0.0776667
31.06,0.893742,0.970287,0.969586,-0.076545
31.065,0.903348,0.970122,0.96942,-0.0667738
31.07,0.928037,0.969957,0.969254,-0.0419201
31.075,0.935203,0.969792,0.969088,-0.0345888
31.08,0.955518,0.969627,0.968922,-0.0141086
31.085,0.965222,0.969462,0.968757,-0.0042402
31.09,0.970222,0.969297,0.968591,0.000925054
31.095,0.966864,0.969133,0.968426,-0.0022688
31.1,0.959977,0.968968,0.96826,-0.00899065
31.105,0.95493,0.968804,0.968095,-0.013874
31.11,0.953909,0.968639,0.96793,-0.0147301
31.115,0.943419,0.968475,0.967765,-0.0250562
31.12,0.938652,0.968311,0.9676,-0.0296592
31.125,0.929773,0.968147,0.967435,-0.0383739
31.13,0.933207,0.967983,0.96727,-0.0347757
31.135,0.924214,0.967819,0.967105,-0.0436048
31.14,0.931083,0.967655,0.966941,-0.0365719
31.145,0.948029,0.967491,0.966776,-0.0194626
31.15,0.954578,0.967328,0.966612,-0.0127495
31.155,0.949888,0.967164,0.966447,-0.0172764
31.16,0.930192,0.967001,0.966283,-0.0368085
31.165,0.90896,0.966837,0.966119,-0.0578768
31.17,0.91291,0.966674,0.965955,-0.0537638
31.175,0.929511,0.966511,0.965791,-0.0370003
31.18,0.922205,0.966348,0.965627,-0.0441432
31.185,0.927,0.966185,0.965463,-0.0391848
31.19,0.931911,0.966022,0.965299,-0.0341108
31.195,0.944941,0.965859,0.965136,-0.0209178
31.2,0.958297,0.965696,0.964972,-0.00739954
31.205,0.953708,0.965534,0.964809,-0.0118257
31.21,0.944933,0.965371,0.964646,-0.0204379
31.215,0.95325,0.965209,0.964482,-0.0119586
31.22,0.959805,0.965047,0.964319,-0.00524117
31.225,0.957075,0.964884,0.964156,-0.00780892
31.23,0.954269,0.964722,0.963993,-0.0104528
31.235,0.936555,0.96456,0.96383,-0.0280049
31.24,0.934515,0.964398,0.963667,-0.029883
31.245,0.930953,0.964236,0.963505,-0.0332836
31.25,0.927574,0.964075,0.963342,-0.0365006
31.255,0.931842,0.963913,0.96318,-0.0320714
31.26,0.942678,0.963751,0.963017,-0.0210732
31.265,0.958541,0.96359,0.962855,-0.00504884
31.27,0.954159,0.963428,0.962692,-0.00926963
31.275,0.93549,0.963267,0.96253,-0.0277771
31.28,0.921862,0.963106,0.962368,-0.0412438
31.285,0.905175,0.962945,0.962206,-0.05777
31.29,0.900008,0.962784,0.962044,-0.0627756
31.295,0.913714,0.962623,0.961882,-0.0489086
31.3,0.9322,0.962462,0.961721,-0.0302616
31.305,0.928791,0.962301,0.961559,-0.0335097
31.31,0.915001,0.96214,0.961398,-0.0471393
31.315,0.911701,0.96198,0.961236,-0.0502784
31.32,0.922847,0.961819,0.961075,-0.0389722
31.325,0.94457,0.961659,0.960913,-0.0170891
31.33,0.944387,0.961499,0.960752,-0.017112
31.335,0.937328,0.961338,0.960591,-0.02401
31.34,0.930771,0.961178,0.96043,-0.0304069
31.345,0.934783,0.961018,0.960269,-0.0262352
31.35,0.929934,0.960858,0.960108,-0.030924
31.355,0.935914,0.960698,0.959948,-0.0247842
31.36,0.924502,0.960539,0.959787,-0.0360362
31.365,0.932267,0.960379,0.959626,-0.0281119
31.37,0.952434,0.960219,0.959466,-0.0077853
31.375,0.968865,0.96006,0.959305,0.00880501
31.38,0.957687,0.9599,0.959145,-0.00221301
31.385,0.927302,0.959741,0.958985,-0.0324394
31.39,0.906828,0.959582,0.958825,-0.0527541
31.395,0.910924,0.959423,0.958665,-0.0484984
31.4,0.936614,0.959264,0.958505,-0.0226496
31.405,0.94795,0.959105,0.958345,-0.011155
31.41,0.950637,0.958946,0.958185,-0.00830895
31.415,0.945309,0.958787,0.958025,-0.0134781
31.42,0.943327,0.958628,0.957866,-0.015301
31.425,0.946507,0.958469,0.957706,-0.0119623
31.43,0.927391,0.958311,0.957547,-0.0309197
31.435,0.892579,0.958152,0.957387,-0.0655738
31.44,0.88767,0.957994,0.957228,-0.0703242
31.445,0.918628,0.957836,0.957069,-0.0392081
31.45,0.945256,0.957678,0.95691,-0.0124213
31.455,0.966729,0.95752,0.956751,0.00920921
31.46,0.954471,0.957361,0.956592,-0.00289041
31.465,0.950223,0.957204,0.956433,-0.00698077
31.47,0.958647,0.957046,0.956274,0.0016017
31.475,0.974346,0.956888,0.956115,0.0174579
31.48,0.978733,0.95673,0.955957,0.0220027
31.485,0.979449,0.956573,0.955798,0.0228761
31.49,0.963234,0.956415,0.95564,0.00681863
31.495,0.963724,0.956258,0.955481,0.00746623
31.5,0.96345,0.9561,0.955323,0.00734967
31.505,0.953366,0.955943,0.955165,-0.0025768
31.51,0.939582,0.955786,0.955007,-0.0162044
31.515,0.940728,0.955629,0.954849,-0.0149009
31.52,0.934669,0.955472,0.954691,-0.0208035
31.525,0.924463,0.955315,0.954533,-0.0308523
31.53,0.917796,0.955158,0.954375,-0.0373619
31.535,0.912439,0.955002,0.954218,-0.0425629
31.54,0.914367,0.954845,0.95406,-0.0404782
31.545,0.917715,0.954688,0.953903,-0.0369737
31.55,0.935383,0.954532,0.953745,-0.0191491
31.555,0.94203,0.954376,0.953588,-0.0123456
31.56,0.948527,0.954219,0.953431,-0.00569258
31.565,0.959705,0.954063,0.953273,0.0056421
31.57,0.951332,0.953907,0.953116,-0.00257485
31.575,0.947351,0.953751,0.952959,-0.00639995
31.58,0.933225,0.953595,0.952802,-0.0203703
31.585,0.94471,0.953439,0.952645,-0.00872915
31.59,0.953842,0.953283,0.952489,0.000558453
31.595,0.953479,0.953127,0.952332,0.000351445
31.6,0.937088,0.952972,0.952175,-0.0158836
31.605,0.92912,0.952816,0.952019,-0.0236962
31.61,0.922074,0.952661,0.951862,-0.0305866
31.615,0.922646,0.952506,0.951706,-0.0298591
31.62,0.936372,0.95235,0.95155,-0.0159782
31.625,0.954148,0.952195,0.951394,0.0019534
31.63,0.956306,0.95204,0.951237,0.0042656
31.635,0.942184,0.951885,0.951081,-0.0097008
31.64,0.946395,0.95173,0.950925,-0.00533448
31.645,0.937866,0.951575,0.95077,-0.0137093
31.65,0.935425,0.95142,0.950614,-0.0159951
31.655,0.934297,0.951266,0.950458,-0.0169684
31.66,0.937191,0.951111,0.950302,-0.0139197
31.665,0.937591,0.950956,0.950147,-0.0133654
31.67,0.929238,0.950802,0.949991,-0.0215637
31.675,0.933387,0.950648,0.949836,-0.0172608
31.68,0.930421,0.950493,0.949681,-0.0200725
31.685,0.926806,0.950339,0.949526,-0.0235331
31.69,0.928071,0.950185,0.94937,-0.0221144
31.695,0.927296,0.950031,0.949215,-0.0227354
31.7,0.944321,0.949877,0.94906,-0.0055559
31.705,0.951772,0.949723,0.948905,0.00204936
31.71,0.942885,0.949569,0.948751,-0.00668401
31.715,0.94176,0.949416,0.948596,-0.00765551
31.72,0.932372,0.949262,0.948441,-0.0168899
31.725,0.932514,0.949108,0.948287,-0.0165943
31.73,0.950429,0.948955,0.948132,0.00147391
31.735,0.958595,0.948802,0.947978,0.00979355
31.74,0.950821,0.948648,0.947823,0.00217237
31.745,0.931874,0.948495,0.947669,-0.0166206
31.75,0.931656,0.948342,0.947515,-0.0166864
31.755,0.949424,0.948189,0.947361,0.00123549
31.76,0.970179,0.948036,0.947207,0.0221436
31.765,0.983206,0.947883,0.947053,0.0353233
31.77,0.982418,0.94773,0.946899,0.0346883
31.775,0.984543,0.947577,0.946745,0.0369652
31.78,0.976499,0.947425,0.946591,0.0290741
31.785,0.953972,0.947272,0.946438,0.00669985
31.79,0.916029,0.94712,0.946284,-0.0310906
31.795,0.893401,0.946967,0.946131,-0.0535662
31.8,0.894146,0.946815,0.945977,-0.0526691
31.805,0.906501,0.946663,0.945824,-0.0401618
31.81,0.920275,0.94651,0.945671,-0.0262358
31.815,0.935072,0.946358,0.945517,-0.0112862
31.82,0.956591,0.946206,0.945364,0.0103844
31.825,0.971927,0.946054,0.945211,0.0258726
31.83,0.978602,0.945903,0.945058,0.0326992
31.835,0.980259,0.945751,0.944906,0.0345082
31.84,0.97514,0.945599,0.944753,0.0295408
31.845,0.975296,0.945447,0.9446,0.0298484
31.85,0.9653,0.945296,0.944447,0.0200046
31.855,0.970583,0.945144,0.944295,0.0254383
31.86,0.965781,0.944993,0.944142,0.0207878
31.865,0.978126,0.944842,0.94399,0.0332842
31.87,0.964358,0.944691,0.943838,0.0196674
31.875,0.9443,0.944539,0.943685,-0.000239675
31.88,0.938767,0.944388,0.943533,-0.00562107
31.885,0.943081,0.944237,0.943381,-0.00115591
31.89,0.953685,0.944086,0.943229,0.00959839
31.895,0.968756,0.943936,0.943077,0.0248199
31.9,0.960561,0.943785,0.942925,0.0167758
31.905,0.941734,0.943634,0.942773,-0.00190055
31.91,0.9284,0.943484,0.942622,-0.0150832
31.915,0.90647,0.943333,0.94247,-0.0368626
31.92,0.906205,0.943183,0.942318,-0.0369773
31.925,0.922902,0.943032,0.942167,-0.0201298
31.93,0.946408,0.942882,0.942015,0.00352546
31.935,0.966424,0.942732,0.941864,0.0236917
31.94,0.958602,0.942582,0.941713,0.01602
31.945,0.953397,0.942432,0.941562,0.0109656
31.95,0.94696,0.942282,0.941411,0.00467824
31.955,0.95189,0.942132,0.941259,0.00975806
31.96,0.948109,0.941982,0.941109,0.00612682
31.965,0.941343,0.941832,0.940958,-0.000488938
31.97,0.951066,0.941683,0.940807,0.00938382
31.975,0.957032,0.941533,0.940656,0.0154986
31.98,0.96222,0.941383,0.940505,0.0208369
31.985,0.968816,0.941234,0.940355,0.0275819
31.99,0.963545,0.941085,0.940204,0.0224604
31.995,0.967347,0.940935,0.940054,0.026412
32,0.956408,0.940786,0.939903,0.015622
32.005,0.942778,0.940637,0.939753,0.0021406
32.01,0.936084,0.940488,0.939603,-0.00440438
32.015,0.948169,0.940339,0.939453,0.00783032
32.02,0.953091,0.94019,0.939303,0.0129007
32.025,0.955136,0.940041,0.939153,0.0150945
32.03,0.927091,0.939893,0.939003,-0.012802
32.035,0.917605,0.939744,0.938853,-0.0221392
32.04,0.934449,0.939595,0.938703,-0.00514615
32.045,0.929342,0.939447,0.938553,-0.0101046
32.05,0.933921,0.939298,0.938404,-0.00537734
32.055,0.918185,0.93915,0.938254,-0.0209648
32.06,0.919626,0.939002,0.938104,-0.0193752
32.065,0.930484,0.938854,0.937955,-0.00836976
32.07,0.93109,0.938705,0.937806,-0.00761572
32.075,0.935895,0.938557,0.937656,-0.00266279
32.08,0.95181,0.938409,0.937507,0.0134004
32.085,0.952878,0.938261,0.937358,0.0146166
32.09,0.941981,0.938114,0.937209,0.00386775
32.095,0.93684,0.937966,0.93706,-0.00112581
32.1,0.913104,0.937818,0.936911,-0.024714
32.105,0.911355,0.93767,0.936762,-0.0263158
32.11,0.912275,0.937523,0.936613,-0.0252476
32.115,0.924411,0.937375,0.936465,-0.0129643
32.12,0.937428,0.937228,0.936316,0.000199493
32.125,0.949549,0.937081,0.936167,0.0124678
32.13,0.94395,0.936934,0.936019,0.0070163
32.135,0.944572,0.936786,0.93587,0.00778539
32.14,0.932594,0.936639,0.935722,-0.00404547
32.145,0.928262,0.936492,0.935574,-0.00822991
32.15,0.926852,0.936345,0.935426,-0.00949319
32.155,0.926451,0.936198,0.935277,-0.00974737
32.16,0.922611,0.936052,0.935129,-0.0134411
32.165,0.935098,0.935905,0.934981,-0.00080662
32.17,0.947028,0.935758,0.934833,0.0112694
32.175,0.969772,0.935612,0.934685,0.0341601
32.18,0.983747,0.935465,0.934538,0.0482821
32.185,0.961127,0.935319,0.93439,0.0258088
32.19,0.95102,0.935172,0.934242,0.015848
32.195,0.948874,0.935026,0.934095,0.0138482
32.2,0.961534,0.93488,0.933947,0.0266538
32.205,0.9796,0.934734,0.9338,0.0448662
32.21,0.964321,0.934588,0.933652,0.0297336
32.215,0.961236,0.934442,0.933505,0.0267944
32.22,0.956824,0.934296,0.933358,0.0225284
32.225,0.949126,0.93415,0.933211,0.0149759
32.23,0.946432,0.934004,0.933063,0.0124277
32.235,0.93681,0.933858,0.932916,0.00295205
32.24,0.951218,0.933713,0.932769,0.0175056
32.245,0.956307,0.933567,0.932623,0.0227401
32.25,0.965832,0.933422,0.932476,0.0324104
32.255,0.956555,0.933276,0.932329,0.0232783
32.26,0.948806,0.933131,0.932182,0.0156751
32.265,0.95128,0.932986,0.932036,0.0182939
32.27,0.963988,0.93284,0.931889,0.0311477
32.275,0.963679,0.932695,0.931743,0.0309833
32.28,0.978613,0.93255,0.931596,0.0460623
32.285,0.984306,0.932405,0.93145,0.0519004
32.29,0.984404,0.93226,0.931304,0.0521436
32.295,0.961358,0.932116,0.931157,0.0292422
32.3,0.948602,0.931971,0.931011,0.0166309
32.305,0.942942,0.931826,0.930865,0.0111159
32.31,0.964791,0.931681,0.930719,0.0331094
32.315,0.963913,0.931537,0.930573,0.0323757
32.32,0.951955,0.931392,0.930427,0.0205629
32.325,0.94603,0.931248,0.930281,0.0147822
32.33,0.934118,0.931104,0.930136,0.0030148
32.335,0.921598,0.930959,0.92999,-0.00936152
32.34,0.906487,0.930815,0.929844,-0.0243278
32.345,0.902799,0.930671,0.929699,-0.0278719
32.35,0.910649,0.930527,0.929553,-0.0198777
32.355,0.920041,0.930383,0.929408,-0.0103423
32.36,0.923257,0.930239,0.929263,-0.00698193
32.365,0.915917,0.930095,0.929117,-0.0141777
32.37,0.954398,0.929951,0.928972,0.0244464
32.375,0.96574,0.929808,0.928827,0.0359319
32.38,0.966162,0.929664,0.928682,0.0364982
32.385,0.945298,0.92952,0.928537,0.0157771
32.39,0.930316,0.929377,0.928392,0.000939367
32.395,0.948874,0.929233,0.928247,0.0196401
32.4,0.958674,0.92909,0.928102,0.0295844
32.405,0.944989,0.928947,0.927957,0.0160417
32.41,0.939945,0.928804,0.927813,0.0111412
32.415,0.940169,0.92866,0.927668,0.0115086
32.42,0.958929,0.928517,0.927524,0.0304116
32.425,0.965131,0.928374,0.927379,0.0367567
32.43,0.972773,0.928231,0.927235,0.0445421
32.435,0.963693,0.928089,0.92709,0.0356049
32.44,0.98166,0.927946,0.926946,0.053714
32.445,0.988227,0.927803,0.926802,0.060424
32.45,0.990443,0.92766,0.926658,0.0627827
32.455,0.975936,0.927518,0.926513,0.0484188
32.46,0.946523,0.927375,0.926369,0.0191483
32.465,0.935985,0.927233,0.926225,0.00875262
32.47,0.93053,0.92709,0.926082,0.00343961
32.475,0.925904,0.926948,0.925938,-0.00104351
32.48,0.91544,0.926806,0.925794,-0.0113659
32.485,0.91866,0.926664,0.92565,-0.00800342
32.49,0.932542,0.926521,0.925507,0.00602026
32.495,0.961395,0.926379,0.925363,0.0350154
32.5,0.982977,0.926237,0.925219,0.0567401
32.505,0.995883,0.926095,0.925076,0.0697876
32.51,1.01475,0.925954,0.924933,0.0888013
32.515,1.00152,0.925812,0.924789,0.0757034
32.52,0.980791,0.92567,0.924646,0.0551214
32.525,0.94776,0.925528,0.924503,0.0222313
32.53,0.923301,0.925387,0.92436,-0.0020858
32.535,0.922455,0.925245,0.924217,-0.00279058
32.54,0.929806,0.925104,0.924073,0.00470178
32.545,0.935461,0.924963,0.923931,0.010498
32.55,0.93125,0.924821,0.923788,0.00642878
32.555,0.927479,0.92468,0.923645,0.00279887
32.56,0.931723,0.924539,0.923502,0.00718377
32.565,0.954491,0.924398,0.923359,0.0300935
32.57,0.968834,0.924257,0.923217,0.0445776
32.575,0.966689,0.924116,0.923074,0.0425735
32.58,0.970375,0.923975,0.922932,0.0464
32.585,0.977616,0.923834,0.922789,0.0537824
32.59,0.995997,0.923693,0.922647,0.0723035
32.595,0.978929,0.923552,0.922504,0.0553767
32.6,0.968433,0.923412,0.922362,0.0450215
32.605,0.967576,0.923271,0.92222,0.0443047
32.61,0.981587,0.923131,0.922078,0.0584562
32.615,0.98659,0.92299,0.921936,0.0636
32.62,0.972815,0.92285,0.921794,0.0499651
32.625,0.957324,0.92271,0.921652,0.0346143
32.63,0.951342,0.922569,0.92151,0.0287729
32.635,0.954564,0.922429,0.921368,0.0321344
32.64,0.951923,0.922289,0.921226,0.0296339
32.645,0.954395,0.922149,0.921084,0.0322463
32.65,0.946676,0.922009,0.920943,0.0246671
32.655,0.933366,0.921869,0.920801,0.0114966
32.66,0.933565,0.921729,0.92066,0.0118353
32.665,0.93751,0.92159,0.920518,0.0159201
32.67,0.968847,0.92145,0.920377,0.0473975
32.675,0.993853,0.92131,0.920235,0.0725426
32.68,1.00441,0.921171,0.920094,0.0832404
32.685,0.989508,0.921031,0.919953,0.0684772
32.69,0.972347,0.920892,0.919812,0.0514557
32.695,0.952326,0.920752,0.919671,0.031574
32.7,0.924206,0.920613,0.91953,0.00359263
32.705,0.908397,0.920474,0.919389,-0.0120772
32.71,0.902294,0.920335,0.919248,-0.0180409
32.715,0.922578,0.920195,0.919107,0.0023824
32.72,0.932144,0.920056,0.918966,0.0120881
32.725,0.954837,0.919917,0.918825,0.0349198
32.73,0.96975,0.919778,0.918685,0.0499717
32.735,0.98107,0.91964,0.918544,0.0614305
32.74,0.974681,0.919501,0.918403,0.0551798
32.745,0.97163,0.919362,0.918263,0.0522685
32.75,0.962067,0.919223,0.918122,0.0428432
32.755,0.96511,0.919085,0.917982,0.0460257
32.76,0.946305,0.918946,0.917842,0.0273588
32.765,0.938726,0.918808,0.917701,0.0199186
32.77,0.932446,0.918669,0.917561,0.0137762
32.775,0.929927,0.918531,0.917421,0.0113958
32.78,0.931122,0.918393,0.917281,0.0127294
32.785,0.919908,0.918254,0.917141,0.00165385
32.79,0.925845,0.918116,0.917001,0.00772888
32.795,0.9332,0.917978,0.916861,0.0152215
32.8,0.930396,0.917885,0.916721,0.0125108
32.805,0.935304,0.917747,0.916581,0.0175571
32.81,0.946903,0.917609,0.916441,0.0292934
32.815,0.932633,0.917471,0.916302,0.0151614
32.82,0.943726,0.917334,0.916162,0.0263925
32.825,0.946614,0.917196,0.916023,0.0294184
32.83,0.946321,0.917058,0.915883,0.0292628
32.835,0.949575,0.916921,0.915744,0.0326541
32.84,0.954465,0.916783,0.915604,0.0376812
32.845,0.974649,0.916646,0.915465,0.0580028
32.85,0.979393,0.916509,0.915326,0.0628844
32.855,0.977066,0.916371,0.915186,0.0606948
32.86,0.959292,0.916234,0.915047,0.0430575
32.865,0.96742,0.916097,0.914908,0.0513235
32.87,0.973455,0.91596,0.914769,0.0574949
32.875,0.964143,0.915823,0.91463,0.0483203
32.88,0.969791,0.915686,0.914491,0.0541055
32.885,0.967098,0.915549,0.914352,0.0515492
32.89,0.969465,0.915412,0.914213,0.0540529
32.895,0.968049,0.915275,0.914075,0.0527737
32.9,0.954948,0.915139,0.913936,0.0398091
32.905,0.941552,0.915002,0.913797,0.0265498
32.91,0.925337,0.914865,0.913659,0.0104719
32.915,0.932224,0.914729,0.91352,0.0174951
32.92,0.938038,0.914592,0.913381,0.0234452
32.925,0.943629,0.914456,0.913243,0.0291728
32.93,0.944838,0.91432,0.913105,0.0305187
32.935,0.939299,0.914183,0.912966,0.0251156
32.94,0.938121,0.914047,0.912828,0.0240734
32.945,0.93777,0.913911,0.91269,0.0238586
32.95,0.942254,0.913775,0.912552,0.028479
32.955,0.959728,0.913639,0.912414,0.0460886
32.96,0.969752,0.913503,0.912276,0.0562486
32.965,0.973444,0.913367,0.912138,0.060077
32.97,0.983729,0.913231,0.912,0.0704975
32.975,0.970064,0.913095,0.911862,0.0569689
32.98,0.958771,0.91296,0.911724,0.0458115
32.985,0.940349,0.912824,0.911586,0.0275244
32.99,0.933395,0.912689,0.911448,0.0207069
32.995,0.933023,0.912553,0.911311,0.0204698
33,0.930454,0.912418,0.911173,0.0180368
33.005,0.919348,0.912282,0.911036,0.00706542
33.01,0.918753,0.912147,0.910898,0.00660637
33.015,0.927534,0.912012,0.910761,0.0155226
33.02,0.939286,0.911876,0.910623,0.0274097
33.025,0.934722,0.911741,0.910486,0.0229806
33.03,0.924147,0.911606,0.910349,0.0125413
33.035,0.920113,0.911471,0.910211,0.00864151
33.04,0.905585,0.911336,0.910074,-0.00575154
33.045,0.921814,0.911201,0.909937,0.0106132
33.05,0.914235,0.911066,0.9098,0.00316874
33.055,0.911833,0.910932,0.909663,0.000901215
33.06,0.912971,0.910797,0.909526,0.00217412
33.065,0.924759,0.910662,0.909389,0.0140969
33.07,0.952584,0.910528,0.909252,0.0420563
33.075,0.974287,0.910393,0.909115,0.0638943
33.08,0.978778,0.910259,0.908979,0.0685196
33.085,0.969749,0.910124,0.908842,0.059625
33.09,0.971843,0.90999,0.908705,0.0618535
33.095,0.985118,0.909855,0.908569,0.0752624
33.1,0.983051,0.909721,0.908432,0.0733299
33.105,0.977059,0.909587,0.908296,0.0674719
33.11,0.965673,0.909453,0.908159,0.0562202
33.115,0.960405,0.909319,0.908023,0.0510858
33.12,0.962483,0.909185,0.907887,0.0532982
33.125,0.966138,0.909051,0.90775,0.0570873
33.13,0.951981,0.908917,0.907614,0.0430639
33.135,0.944608,0.908783,0.907478,0.0358245
33.14,0.943444,0.90865,0.907342,0.0347943
33.145,0.949952,0.908516,0.907206,0.0414359
33.15,0.974135,0.908382,0.90707,0.0657529
33.155,0.972607,0.908249,0.906934,0.0643578
33.16,0.94969,0.908115,0.906798,0.0415752
33.165,0.956431,0.907982,0.906662,0.0484493
33.17,0.973292,0.907848,0.906526,0.0654432
33.175,0.997077,0.907715,0.906391,0.0893617
33.18,1.00075,0.907582,0.906255,0.0931664
33.185,0.981555,0.907449,0.906119,0.0741068
33.19,0.973306,0.907315,0.905984,0.0659908
33.195,0.963955,0.907182,0.905848,0.0567724
33.2,0.966764,0.907049,0.905713,0.059715
33.205,0.992966,0.906916,0.905577,0.0860498
33.21,0.991824,0.906784,0.905442,0.0850405
33.215,0.987389,0.906651,0.905306,0.0807379
33.22,0.972376,0.906518,0.905171,0.0658581
33.225,0.954007,0.906385,0.905036,0.0476219
33.23,0.95148,0.906253,0.904901,0.0452279
33.235,0.953517,0.90612,0.904766,0.0473968
33.24,0.946572,0.905987,0.904631,0.040585
33.245,0.951632,0.905855,0.904495,0.0457771
33.25,0.974415,0.905723,0.904361,0.0686929
33.255,0.987735,0.90559,0.904226,0.0821453
33.26,1.00906,0.905458,0.904091,0.103603
33.265,0.99727,0.905326,0.903956,0.0919446
33.27,0.974105,0.905193,0.903821,0.068912
33.275,0.974194,0.905061,0.903686,0.0691329
33.28,0.960713,0.904929,0.903552,0.055784
33.285,0.950674,0.904797,0.903417,0.045877
33.29,0.960006,0.904665,0.903282,0.0553407
33.295,0.956663,0.904534,0.903148,0.0521293
33.3,0.960159,0.904402,0.903013,0.0557572
33.305,0.961696,0.90427,0.902879,0.0574264
33.31,0.935745,0.904138,0.902745,0.0316071
33.315,0.93538,0.904007,0.90261,0.0313734
33.32,0.924426,0.903875,0.902476,0.020551
33.325,0.903772,0.903744,0.902342,2.83746e-05
33.33,0.884809,0.903612,0.902208,-0.0188034
33.335,0.885144,0.903481,0.902074,-0.0183365
33.34,0.900905,0.903349,0.901939,-0.00244483
33.345,0.919215,0.903218,0.901805,0.0159967
33.35,0.934203,0.903087,0.901671,0.0311162
33.355,0.933873,0.902956,0.901537,0.030917
33.36,0.939971,0.902825,0.901404,0.0371462
33.365,0.937472,0.902694,0.90127,0.0347788
33.37,0.937587,0.902563,0.901136,0.0350245
33.375,0.94022,0.902432,0.901002,0.0377882
33.38,0.937438,0.902301,0.900868,0.0351374
33.385,0.943718,0.90217,0.900735,0.0415475
33.39,0.955708,0.902039,0.900601,0.053669
33.395,0.960858,0.901909,0.900468,0.0589495
33.4,0.967543,0.901778,0.900334,0.065765
33.405,0.967549,0.901647,0.900201,0.0659013
33.41,0.981839,0.901517,0.900067,0.0803216
33.415,0.991146,0.901387,0.899934,0.0897592
33.42,1.00142,0.901256,0.899801,0.100162
33.425,0.988806,0.901126,0.899667,0.0876797
33.43,0.971214,0.900996,0.899534,0.0702184
33.435,0.981085,0.900865,0.899401,0.0802197
33.44,0.998142,0.900735,0.899268,0.097407
33.445,0.994703,0.900605,0.899135,0.0940975
33.45,0.988212,0.900475,0.899002,0.0877365
33.455,0.953329,0.900345,0.898869,0.0529838
33.46,0.936753,0.900215,0.898736,0.0365379
33.465,0.944661,0.900085,0.898603,0.044575
33.47,0.932393,0.899956,0.89847,0.0324376
33.475,0.949759,0.899826,0.898337,0.0499328
33.48,0.963603,0.899696,0.898205,0.0639071
33.485,0.967233,0.899567,0.898072,0.0676662
33.49,0.958648,0.899437,0.897939,0.059211
33.495,0.935259,0.899308,0.897807,0.0359514
33.5,0.915233,0.899178,0.897674,0.0160549
33.505,0.923328,0.899049,0.897542,0.0242793
33.51,0.935926,0.89892,0.897409,0.0370063
33.515,0.950106,0.89879,0.897277,0.0513157
33.52,0.957098,0.898661,0.897144,0.058437
33.525,0.961855,0.898532,0.897012,0.0633232
33.53,0.973873,0.898403,0.89688,0.0754695
33.535,0.993506,0.898274,0.896748,0.0952323
33.54,0.991064,0.898145,0.896615,0.0929194
33.545,0.975893,0.898016,0.896483,0.0778768
33.55,0.959214,0.897887,0.896351,0.0613262
33.555,0.96359,0.897759,0.896219,0.0658312
33.56,0.973722,0.89763,0.896087,0.0760916
33.565,0.967296,0.897501,0.895955,0.0697945
33.57,0.955469,0.897373,0.895823,0.0580959
33.575,0.938078,0.897244,0.895691,0.0408333
33.58,0.936015,0.897116,0.895559,0.038899
33.585,0.927987,0.896987,0.895428,0.0309999
33.59,0.931345,0.896859,0.895296,0.0344863
33.595,0.919521,0.896731,0.895164,0.0227905
33.6,0.932828,0.896603,0.895033,0.0362254
33.605,0.949673,0.896474,0.894901,0.0531986
33.61,0.970014,0.896346,0.894769,0.0736679
33.615,0.998242,0.896218,0.894638,0.102023
33.62,1.01809,0.89609,0.894506,0.122
33.625,1.00859,0.895962,0.894375,0.112627
33.63,0.995957,0.895835,0.894244,0.100122
33.635,0.977373,0.895707,0.894112,0.0816667
33.64,0.985736,0.895579,0.893981,0.0901574
33.645,0.984335,0.895451,0.89385,0.0888832
33.65,0.963409,0.895324,0.893719,0.0680848
33.655,0.939017,0.895196,0.893587,0.0438208
33.66,0.933529,0.895069,0.893456,0.0384603
33.665,0.955103,0.894941,0.893325,0.0601623
33.67,0.957089,0.894814,0.893194,0.0622747
33.675,0.950717,0.894687,0.893063,0.0560307
33.68,0.924518,0.894559,0.892932,0.0299587
33.685,0.936382,0.894432,0.892801,0.0419496
33.69,0.939897,0.894305,0.892671,0.0455919
33.695,0.93769,0.894178,0.89254,0.0435116
33.7,0.925141,0.894051,0.892409,0.03109
33.705,0.931485,0.893924,0.892278,0.0375609
33.71,0.942897,0.893797,0.892148,0.0490996
33.715,0.948875,0.89367,0.892017,0.0552047
33.72,0.939584,0.893544,0.891886,0.04604
33.725,0.926328,0.893417,0.891756,0.0329107
33.73,0.92866,0.89329,0.891625,0.0353694
33.735,0.917705,0.893164,0.891495,0.0245411
33.74,0.915941,0.893037,0.891365,0.0229039
33.745,0.922821,0.892911,0.891234,0.0299106
33.75,0.922497,0.892784,0.891104,0.0297126
33.755,0.919143,0.892658,0.890974,0.0264853
33.76,0.921398,0.892532,0.890843,0.0288662
33.765,0.916047,0.892406,0.890713,0.0236412
33.77,0.931188,0.892279,0.890583,0.0389082
33.775,0.931627,0.892153,0.890453,0.0394731
33.78,0.923503,0.892027,0.890323,0.0314754
33.785,0.924887,0.891901,0.890193,0.0329851
33.79,0.916941,0.891776,0.890063,0.0251656
33.795,0.930339,0.89165,0.889933,0.038689
33.8,0.930049,0.891524,0.889803,0.0385252
33.805,0.92527,0.891398,0.889673,0.0338714
33.81,0.899623,0.891273,0.889543,0.00835008
33.815,0.890272,0.891147,0.889413,-0.000874942
33.82,0.886882,0.891022,0.889284,-0.00413981
33.825,0.879786,0.890896,0.889154,-0.0111105
33.83,0.87555,0.890771,0.889024,-0.0152204
33.835,0.894246,0.890645,0.888895,0.00360014
33.84,0.91672,0.89052,0.888765,0.0262002
33.845,0.9439,0.890395,0.888636,0.0535049
33.85,0.965309,0.89027,0.888506,0.0750392
33.855,0.975811,0.890145,0.888377,0.0856657
33.86,0.982946,0.89002,0.888247,0.0929262
33.865,1.0012,0.889895,0.888118,0.11131
33.87,0.982668,0.88977,0.887988,0.0928975
33.875,0.966323,0.889645,0.887859,0.0766778
33.88,0.950764,0.889521,0.88773,0.0612438
33.885,0.945033,0.889396,0.887601,0.0556368
33.89,0.949537,0.889271,0.887472,0.0602653
33.895,0.963007,0.889147,0.887342,0.0738603
33.9,0.96289,0.889022,0.887213,0.0738677
33.905,0.957245,0.888898,0.887084,0.0683471
33.91,0.962929,0.888773,0.886955,0.074155
33.915,0.951598,0.888649,0.886826,0.0629491
33.92,0.939592,0.888525,0.886697,0.051067
33.925,0.934964,0.888401,0.886569,0.0465629
33.93,0.930258,0.888277,0.88644,0.0419812
33.935,0.947675,0.888153,0.886311,0.0595226
33.94,0.957533,0.888029,0.886182,0.0695038
33.945,0.960869,0.887905,0.886053,0.0729645
33.95,0.957373,0.887781,0.885925,0.0695915
33.955,0.965061,0.887657,0.885796,0.0774034
33.96,0.988518,0.887534,0.885667,0.100984
33.965,0.981565,0.88741,0.885539,0.0941552
33.97,0.966608,0.887287,0.88541,0.0793217
33.975,0.933213,0.887163,0.885282,0.0460501
33.98,0.907065,0.88704,0.885153,0.0200254
33.985,0.917627,0.886916,0.885025,0.0307105
33.99,0.914928,0.886793,0.884897,0.028135
33.995,0.904764,0.88667,0.884768,0.0180945
34,0.880813,0.886547,0.88464,-0.00573417
34.005,0.869576,0.886424,0.884512,-0.0168473
34.01,0.887351,0.886301,0.884384,0.00105047
34.015,0.914186,0.886178,0.884255,0.0280079
34.02,0.90699,0.886055,0.884127,0.0209353
34.025,0.919469,0.885932,0.883999,0.0335369
34.03,0.927151,0.885809,0.883871,0.0413414
34.035,0.925963,0.885687,0.883743,0.0402759
34.04,0.928696,0.885564,0.883615,0.0431314
34.045,0.944351,0.885442,0.883487,0.0589095
34.05,0.94961,0.885319,0.883359,0.0642908
34.055,0.965425,0.885197,0.883231,0.0802278
34.06,0.957038,0.885075,0.883104,0.0719637
34.065,0.976763,0.884952,0.882976,0.0918102
34.07,0.974459,0.88483,0.882848,0.0896292
34.075,0.958198,0.884708,0.88272,0.0734895
34.08,0.935023,0.884586,0.882593,0.0504364
34.085,0.934965,0.884464,0.882465,0.0505003
34.09,0.961404,0.884342,0.882337,0.0770616
34.095,0.969705,0.884221,0.88221,0.0854839
34.1,0.956081,0.884099,0.882082,0.0719817
34.105,0.953375,0.883977,0.881955,0.0693976
34.11,0.949464,0.883856,0.881827,0.0656078
34.115,0.961607,0.883734,0.8817,0.0778724
34.12,0.970083,0.883613,0.881573,0.0864698
34.125,0.969998,0.883492,0.881445,0.0865061
34.13,0.972176,0.88337,0.881318,0.0888061
34.135,0.973621,0.883249,0.881191,0.0903717
34.14,0.992693,0.883128,0.881063,0.109565
34.145,1.00038,0.883007,0.880936,0.117371
34.15,0.991339,0.882886,0.880809,0.108453
34.155,0.978813,0.882765,0.880682,0.096048
34.16,0.968634,0.882644,0.880555,0.0859897
34.165,0.962721,0.882524,0.880428,0.0801977
34.17,0.982374,0.882403,0.880301,0.0999705
34.175,0.987287,0.882282,0.880174,0.105004
34.18,0.984073,0.882162,0.880047,0.101911
34.185,0.977439,0.882042,0.87992,0.0953978
34.19,0.974197,0.881921,0.879793,0.0922755
34.195,0.960598,0.881801,0.879666,0.0787971
34.2,0.960039,0.881681,0.879539,0.0783578
34.205,0.957622,0.881561,0.879413,0.0760614
34.21,0.966,0.881441,0.879286,0.0845597
34.215,0.976098,0.881321,0.879159,0.0947773
34.22,0.965359,0.881201,0.879033,0.0841581
34.225,0.949676,0.881081,0.878906,0.0685944
34.23,0.957852,0.880962,0.87878,0.0768903
34.235,0.956691,0.880842,0.878653,0.0758489
34.24,0.959978,0.880723,0.878526,0.079255
34.245,0.965255,0.880603,0.8784,0.0846516
34.25,0.971951,0.880484,0.878274,0.091467
34.255,0.990427,0.880365,0.878147,0.110063
34.26,0.995135,0.880245,0.878021,0.114889
34.265,0.986714,0.880126,0.877894,0.106587
34.27,0.981186,0.880007,0.877768,0.101179
34.275,0.971476,0.879889,0.877642,0.0915874
34.28,0.963735,0.87977,0.877516,0.0839654
34.285,0.95877,0.879651,0.87739,0.0791194
34.29,0.955254,0.879532,0.877263,0.0757214
34.295,0.956607,0.879414,0.877137,0.0771927
34.3,0.966907,0.879295,0.877011,0.0876111
34.305,0.966306,0.879177,0.876885,0.0871289
34.31,0.977476,0.879059,0.876759,0.0984174
34.315,0.98991,0.878941,0.876633,0.110969
34.32,1.00365,0.878823,0.876507,0.12483
34.325,0.999398,0.878705,0.876381,0.120693
34.33,0.983538,0.878587,0.876255,0.104951
34.335,0.952007,0.878469,0.87613,0.0735381
34.34,0.930996,0.878351,0.876004,0.0526447
34.345,0.935273,0.878234,0.875878,0.0570392
34.35,0.93093,0.878116,0.875752,0.0528137
34.355,0.92617,0.877999,0.875627,0.0481715
34.36,0.955634,0.877882,0.875501,0.0777523
34.365,0.970636,0.877764,0.875375,0.0928719
34.37,1.01144,0.877647,0.87525,0.133791
34.375,1.01484,0.87753,0.875124,0.137313
34.38,1.03133,0.877413,0.874999,0.153912
34.385,1.02424,0.877297,0.874873,0.146941
34.39,1.01093,0.87718,0.874748,0.133752
34.395,0.988679,0.877063,0.874622,0.111616
34.4,0.978375,0.876947,0.874497,0.101428
34.405,0.994087,0.87683,0.874371,0.117256
34.41,0.990181,0.876714,0.874246,0.113467
34.415,0.985005,0.876598,0.874121,0.108407
34.42,0.98164,0.876482,0.873996,0.105158
34.425,0.985984,0.876366,0.87387,0.109618
34.43,0.996058,0.87625,0.873745,0.119808
34.435,0.99765,0.876134,0.87362,0.121516
34.44,0.997045,0.876019,0.873495,0.121026
34.445,0.987092,0.875903,0.87337,0.111189
34.45,0.972665,0.875788,0.873245,0.096877
34.455,0.964459,0.875673,0.87312,0.0887864
34.46,0.965193,0.875558,0.872995,0.0896351
34.465,0.974686,0.875443,0.87287,0.0992434
34.47,0.975931,0.875328,0.872745,0.100604
34.475,0.98804,0.875213,0.87262,0.112827
34.48,0.969013,0.875098,0.872495,0.0939147
34.485,0.962572,0.874984,0.87237,0.087588
34.49,0.971378,0.874869,0.872245,0.0965083
34.495,0.980397,0.874755,0.87212,0.105642
34.5,0.966301,0.874641,0.871996,0.0916605
34.505,0.936305,0.874527,0.871871,0.0617781
34.51,0.91559,0.874413,0.871746,0.0411773
34.515,0.933505,0.874299,0.871622,0.059206
34.52,0.943704,0.874185,0.871497,0.0695182
34.525,0.934096,0.874072,0.871373,0.0600239
34.53,0.926562,0.873959,0.871248,0.052603
34.535,0.936492,0.873845,0.871123,0.0626465
34.54,0.961217,0.873732,0.870999,0.0874852
34.545,0.977902,0.873619,0.870875,0.104283
34.55,0.966322,0.873506,0.87075,0.0928159
34.555,0.958186,0.873394,0.870626,0.0847918
34.56,0.939494,0.873281,0.870501,0.0662132
34.565,0.951635,0.873169,0.870377,0.0784658
34.57,0.964902,0.873057,0.870253,0.0918451
34.575,0.977606,0.872945,0.870128,0.104661
34.58,0.962869,0.872833,0.870004,0.0900368
34.585,0.959773,0.872721,0.86988,0.0870518
34.59,0.970325,0.872609,0.869756,0.0977163
34.595,0.972761,0.872498,0.869632,0.100263
34.6,0.974618,0.872386,0.869508,0.102231
34.605,0.957009,0.872275,0.869384,0.0847334
34.61,0.957808,0.872164,0.869259,0.0856436
34.615,0.972941,0.872053,0.869135,0.100888
34.62,0.975643,0.871943,0.869011,0.1037
34.625,0.967355,0.871832,0.868888,0.0955232
34.63,0.953242,0.871722,0.868764,0.0815206
34.635,0.950629,0.871612,0.86864,0.0790169
34.64,0.938457,0.871502,0.868516,0.0669558
34.645,0.946111,0.871392,0.868392,0.0747187
34.65,0.926359,0.871282,0.868268,0.0550764
34.655,0.923804,0.871173,0.868144,0.0526311
34.66,0.926349,0.871064,0.868021,0.0552859
34.665,0.930249,0.870954,0.867897,0.0592944
34.67,0.946036,0.870846,0.867773,0.0751908
34.675,0.95791,0.870737,0.86765,0.0871731
34.68,0.954451,0.870628,0.867526,0.0838228
34.685,0.940773,0.87052,0.867402,0.0702527
34.69,0.92783,0.870412,0.867279,0.0574181
34.695,0.927728,0.870304,0.867155,0.0574236
34.7,0.937348,0.870196,0.867032,0.0671518
34.705,0.941836,0.870089,0.866908,0.0717475
34.71,0.943685,0.869982,0.866785,0.0737033
34.715,0.946703,0.869875,0.866661,0.0768286
34.72,0.931271,0.869768,0.866538,0.0615027
34.725,0.924106,0.869661,0.866415,0.0544447
34.73,0.929038,0.869555,0.866291,0.0594828
34.735,0.950856,0.869449,0.866168,0.081407
34.74,0.964936,0.869343,0.866045,0.0955927
34.745,0.966479,0.869237,0.865922,0.097242
34.75,0.965218,0.869132,0.865798,0.0960861
34.755,0.972616,0.869027,0.865675,0.103589
34.76,0.966295,0.868922,0.865552,0.0973738
34.765,0.955664,0.868817,0.865429,0.0868468
34.77,0.95414,0.868713,0.865306,0.0854276
34.775,0.973185,0.868608,0.865183,0.104577
34.78,0.982571,0.868504,0.86506,0.114067
34.785,0.975096,0.868401,0.864937,0.106695
34.79,0.942812,0.868298,0.864814,0.0745143
34.795,0.932771,0.868195,0.864691,0.0645764
34.8,0.930099,0.868092,0.864568,0.0620077
34.805,0.933673,0.867989,0.864445,0.0656835
34.81,0.9114,0.867887,0.864322,0.0435129
34.815,0.904945,0.867785,0.864199,0.0371598
34.82,0.926157,0.867684,0.864076,0.0584735
34.825,0.945785,0.867582,0.863954,0.0782027
34.83,0.939568,0.867481,0.863831,0.0720866
34.835,0.925434,0.867381,0.863708,0.0580527
34.84,0.927258,0.867281,0.863585,0.0599779
34.845,0.94771,0.867181,0.863463,0.0805294
34.85,0.957763,0.867081,0.86334,0.0906818
34.855,0.958227,0.866982,0.863218,0.0912452
34.86,0.964149,0.866883,0.863095,0.0972659
34.865,0.971127,0.866785,0.862972,0.104342
34.87,0.977521,0.866686,0.86285,0.110834
34.875,0.973213,0.866589,0.862727,0.106625
34.88,0.957518,0.866491,0.862605,0.0910269
34.885,0.936998,0.866394,0.862482,0.0706034
34.89,0.942463,0.866298,0.86236,0.0761647
34.895,0.970174,0.866202,0.862238,0.103972
34.9,0.98493,0.866106,0.862115,0.118824
34.905,0.996132,0.866011,0.861993,0.130121
34.91,0.994577,0.865916,0.861871,0.128662
34.915,0.99424,0.865822,0.861748,0.128418
34.92,0.994306,0.865728,0.861626,0.128578
34.925,0.990752,0.865634,0.861504,0.125118
34.93,0.996647,0.865541,0.861382,0.131106
34.935,0.999727,0.865449,0.861259,0.134278
34.94,0.983161,0.865357,0.861137,0.117804
34.945,0.959199,0.865265,0.861015,0.0939333
34.95,0.947232,0.865175,0.860893,0.0820578
34.955,0.93731,0.865084,0.860771,0.0722262
34.96,0.928691,0.864994,0.860649,0.0636963
34.965,0.932451,0.864905,0.860527,0.0675461
34.97,0.960232,0.864817,0.860405,0.0954151
34.975,0.969485,0.864729,0.860283,0.104756
34.98,0.972942,0.864641,0.860161,0.108301
34.985,0.951235,0.864554,0.860039,0.0866804
34.99,0.948778,0.864468,0.859917,0.0843093
34.995,0.951387,0.864383,0.859795,0.0870045
35,0.935629,0.864298,0.859674,0.0713308
35.005,0.913788,0.864214,0.859552,0.0495741
35.01,0.916459,0.86413,0.85943,0.0523283
35.015,0.922676,0.864048,0.859308,0.0586286
35.02,0.92125,0.863966,0.859186,0.0572838
35.025,0.920545,0.863885,0.859065,0.0566598
35.03,0.923682,0.863804,0.858943,0.0598771
35.035,0.946052,0.863725,0.858821,0.082327
35.04,0.941089,0.863646,0.8587,0.0774424
35.045,0.923533,0.863568,0.858578,0.0599648
35.05,0.899044,0.863491,0.858457,0.0355525
35.055,0.896985,0.863415,0.858335,0.03357
35.06,0.897099,0.86334,0.858214,0.0337583
35.065,0.923345,0.863266,0.858092,0.0600791
35.07,0.921089,0.863193,0.857971,0.0578955
35.075,0.932991,0.863121,0.857849,0.0698702
35.08,0.92463,0.86305,0.857728,0.0615799
35.085,0.91755,0.86298,0.857606,0.0545703
35.09,0.914256,0.862911,0.857485,0.051345
35.095,0.928094,0.862844,0.857364,0.0652507
35.1,0.934986,0.862777,0.857242,0.0722089
35.105,0.938094,0.862712,0.857121,0.075382
35.11,0.951158,0.862648,0.857,0.0885099
35.115,0.964061,0.862585,0.856878,0.101475
35.12,0.973883,0.862524,0.856757,0.111358
35.125,0.962292,0.862464,0.856636,0.0998275
35.13,0.940938,0.862406,0.856515,0.0785318
35.135,0.928982,0.862349,0.856394,0.066633
35.14,0.931944,0.862293,0.856273,0.0696507
35.145,0.926853,0.86224,0.856152,0.0646133
35.15,0.92733,0.862187,0.85603,0.0651426
35.155,0.938455,0.862137,0.855909,0.0763183
35.16,0.936837,0.862088,0.855788,0.0747485
35.165,0.933015,0.862041,0.855667,0.0709734
35.17,0.909932,0.861996,0.855546,0.0479355
35.175,0.906371,0.861953,0.855425,0.0444172
35.18,0.919167,0.861912,0.855304,0.0572544
35.185,0.922272,0.861874,0.855184,0.0603987
35.19,0.912825,0.861837,0.855063,0.0509884
35.195,0.912258,0.861803,0.854942,0.0504558
35.2,0.92871,0.861771,0.854821,0.0669398
35.205,0.948688,0.861741,0.8547,0.0869467
35.21,0.960126,0.861714,0.854579,0.0984115
35.215,0.955748,0.86169,0.854459,0.0940586
35.22,0.942406,0.861668,0.854338,0.0807382
35.225,0.926386,0.861649,0.854217,0.0647369
35.23,0.926995,0.861634,0.854096,0.0653616
35.235,0.938467,0.861621,0.853976,0.0768464
35.24,0.949942,0.861612,0.853855,0.0883303
35.245,0.934405,0.861606,0.853735,0.0727997
35.25,0.921923,0.861603,0.853614,0.0603201
35.255,0.889822,0.861604,0.853493,0.0282178
35.26,0.879685,0.86161,0.853373,0.0180751
35.265,0.891128,0.861619,0.853252,0.0295097
35.27,0.902774,0.861632,0.853132,0.0411418
35.275,0.929546,0.86165,0.853011,0.0678958
35.28,0.950033,0.861672,0.852891,0.0883611
35.285,0.955269,0.861699,0.85277,0.0935695
35.29,0.980954,0.861732,0.85265,0.119222
35.295,0.974955,0.861769,0.85253,0.113186
35.3,0.96504,0.861813,0.852409,0.103227
35.305,0.946909,0.861862,0.852289,0.0850472
35.31,0.92612,0.861918,0.852169,0.0642024
35.315,0.93119,0.861981,0.852048,0.0692096
35.32,0.933861,0.86205,0.851928,0.0718101
35.325,0.948152,0.862128,0.851808,0.0860242
35.33,0.959094,0.862214,0.851688,0.0968794
35.335,0.952249,0.86231,0.851567,0.0899394
35.34,0.962689,0.862415,0.851447,0.100273
35.345,0.964199,0.862532,0.851327,0.101667
35.35,0.969317,0.862661,0.851207,0.106656
35.355,0.969982,0.862804,0.851087,0.107178
35.36,0.937759,0.862962,0.850967,0.0747966
35.365,0.930388,0.863138,0.850847,0.0672503
35.37,0.928841,0.863334,0.850726,0.0655068
35.375,0.940938,0.863553,0.850606,0.0773845
35.38,0.943065,0.863799,0.850486,0.0792652
35.385,0.932673,0.864077,0.850366,0.068596
35.39,0.931685,0.864391,0.850246,0.0672942
35.395,0.925297,0.864747,0.850127,0.0605497
35.4,0.923153,0.865154,0.850007,0.0579996
35.405,0.919548,0.86562,0.849887,0.0539277
35.41,0.91455,0.866155,0.849767,0.0483946
35.415,0.917308,0.866773,0.849647,0.0505354
35.42,0.929794,0.867486,0.849527,0.0623078
35.425,0.934161,0.868313,0.849407,0.0658475
35.43,0.942765,0.869273,0.849287,0.0734919
35.435,0.951749,0.870388,0.849168,0.0813612
35.44,0.960901,0.871683,0.849048,0.0892171
35.445,0.96289,0.873189,0.848928,0.0897012
35.45,0.961237,0.874938,0.848809,0.0862987
35.455,0.948846,0.876967,0.848689,0.0718794
35.46,0.953523,0.879317,0.848569,0.0742059
35.465,0.9644,0.882034,0.84845,0.0823657
35.47,0.984763,0.885169,0.84833,0.0995943
35.475,1.00753,0.888775,0.84821,0.118754
35.48,1.0303,0.892911,0.848091,0.137392
35.485,1.01826,0.897641,0.847971,0.120621
35.49,1.00817,0.90303,0.847852,0.105145
35.495,0.98467,0.909147,0.847732,0.0755233
35.5,0.994217,0.916064,0.847613,0.0781535
35.505,1.01047,0.923854,0.847493,0.086615
35.51,1.03094,0.932589,0.847374,0.0983541
35.515,1.03246,0.942341,0.847254,0.09012
35.52,1.04251,0.95318,0.847135,0.0893258
35.525,1.06424,0.96517,0.847015,0.0990702
35.53,1.09748,0.97837,0.846896,0.119114
35.535,1.11983,0.992831,0.846777,0.126999
35.54,1.13554,1.00859,0.846657,0.126952
35.545,1.14873,1.02568,0.846538,0.123049
35.55,1.16169,1.04412,0.846419,0.117574
35.555,1.18154,1.0639,0.846299,0.117641
35.56,1.20161,1.085,0.84618,0.116616
35.565,1.23597,1.10738,0.846061,0.128591
35.57,1.25726,1.13098,0.845942,0.126282
35.575,1.28154,1.15572,0.845823,0.125819
35.58,1.29359,1.18149,0.845703,0.112097
35.585,1.28431,1.20816,0.845584,0.0761579
35.59,1.26956,1.23557,0.845465,0.0339903
35.595,1.2636,1.26354,0.845346,6.13444e-05
35.6,1.28819,1.29188,0.845227,-0.00369235
35.605,1.32962,1.32035,0.845108,0.00927595
35.61,1.35454,1.34871,0.844989,0.00582942
35.615,1.36732,1.37669,0.84487,-0.00936097
35.62,1.40702,1.404,0.844751,0.00301208
35.625,1.43086,1.43036,0.844632,0.000494223
35.63,1.45659,1.45546,0.844513,0.00113308
35.635,1.4471,1.47898,0.844394,-0.0318802
35.64,1.46052,1.5006,0.844275,-0.0400776
35.645,1.45077,1.52003,0.844156,-0.0692596
35.65,1.44878,1.53697,0.844037,-0.0881824
35.655,1.44561,1.55114,0.843918,-0.105535
35.66,1.44873,1.56232,0.843799,-0.113595
35.665,1.45609,1.57031,0.84368,-0.114218
35.67,1.44879,1.57496,0.843562,-0.126161
35.675,1.40981,1.57618,0.843443,-0.166375
35.68,1.39219,1.57396,0.843324,-0.181768
35.685,1.40184,1.56832,0.843205,-0.166487
35.69,1.40219,1.55938,0.843086,-0.15719
35.695,1.44242,1.54729,0.842968,-0.104869
35.7,1.44933,1.53226,0.842849,-0.082924
35.705,1.43243,1.51453,0.84273,-0.0820999
35.71,1.4025,1.49437,0.842612,-0.0918705
35.715,1.38565,1.47209,0.842493,-0.086438
35.72,1.38454,1.44799,0.842374,-0.0634528
35.725,1.38268,1.42239,0.842256,-0.0397137
35.73,1.36173,1.3956,0.842137,-0.0338721
35.735,1.32965,1.36793,0.842019,-0.0382795
35.74,1.30924,1.33966,0.8419,-0.0304254
35.745,1.27485,1.31108,0.841781,-0.0362319
35.75,1.26031,1.28245,0.841663,-0.0221397
35.755,1.26164,1.25401,0.841544,0.0076263
35.76,1.24914,1.22599,0.841426,0.023151
35.765,1.23995,1.19857,0.841307,0.0413843
35.77,1.21406,1.17193,0.841189,0.0421268
35.775,1.18661,1.14623,0.841071,0.0403792
35.78,1.18566,1.12158,0.840952,0.0640755
35.785,1.17941,1.0981,0.840834,0.0813102
35.79,1.16439,1.07585,0.840715,0.0885352
35.795,1.13905,1.0549,0.840597,0.084155
35.8,1.11542,1.03527,0.840479,0.0801402
35.805,1.11793,1.017,0.84036,0.100932
35.81,1.11494,1.00006,0.840242,0.114881
35.815,1.09415,0.984444,0.840124,0.109703
35.82,1.07866,0.970124,0.840005,0.108537
35.825,1.07642,0.957053,0.839887,0.119365
35.83,1.06658,0.945179,0.839769,0.121396
35.835,1.05812,0.934441,0.839651,0.123681
35.84,1.03347,0.924775,0.839532,0.108692
35.845,1.02662,0.916108,0.839414,0.110515
35.85,1.0098,0.908371,0.839296,0.101432
35.855,1.01363,0.901488,0.839178,0.112145
35.86,1.01147,0.895389,0.83906,0.116078
35.865,1.03546,0.890002,0.838942,0.145456
35.87,1.04998,0.885259,0.838824,0.164725
35.875,1.04757,0.881094,0.838705,0.166477
35.88,1.03968,0.877445,0.838587,0.162233
35.885,1.01344,0.874255,0.838469,0.139184
35.89,0.976026,0.871471,0.838351,0.104556
35.895,0.940676,0.869042,0.838233,0.0716337
35.9,0.940244,0.866926,0.838115,0.0733178
35.905,0.950111,0.865081,0.837997,0.0850307
35.91,0.95557,0.863471,0.837879,0.0920993
35.915,0.949296,0.862065,0.837761,0.0872308
35.92,0.947589,0.860834,0.837643,0.0867553
35.925,0.96108,0.859753,0.837526,0.101327
35.93,0.976515,0.858801,0.837408,0.117714
35.935,0.992507,0.857958,0.83729,0.134549
35.94,1.00706,0.857209,0.837172,0.149849
35.945,1.01706,0.856539,0.837054,0.160517
35.95,1.013,0.855938,0.836936,0.157064
35.955,0.989372,0.855394,0.836818,0.133978
35.96,0.96337,0.854899,0.836701,0.108471
35.965,0.942884,0.854446,0.836583,0.0884376
35.97,0.928103,0.85403,0.836465,0.0740736
35.975,0.932588,0.853644,0.836347,0.0789438
35.98,0.939148,0.853286,0.83623,0.0858622
35.985,0.953112,0.85295,0.836112,0.100161
35.99,0.967489,0.852636,0.835994,0.114853
35.995,0.960776,0.85234,0.835876,0.108437
36,0.93799,0.85206,0.835759,0.0859305
36.005,0.929674,0.851794,0.835641,0.0778795
36.01,0.922963,0.851542,0.835523,0.071421
36.015,0.913845,0.851302,0.835406,0.0625428
36.02,0.910112,0.851073,0.835288,0.0590396
36.025,0.90535,0.850854,0.835171,0.0544953
36.03,0.903599,0.850645,0.835053,0.052954
36.035,0.906639,0.850445,0.834935,0.0561937
36.04,0.90771,0.850254,0.834818,0.0574563
36.045,0.914244,0.850071,0.8347,0.0641736
36.05,0.914225,0.849895,0.834583,0.0643292
36.055,0.921082,0.849728,0.834465,0.0713548
36.06,0.928796,0.849567,0.834348,0.0792288
36.065,0.945517,0.849413,0.83423,0.096104
36.07,0.952103,0.849266,0.834113,0.102837
36.075,0.942382,0.849126,0.833995,0.0932564
36.08,0.936783,0.848991,0.833878,0.0877912
36.085,0.953824,0.848863,0.833761,0.104961
36.09,0.954628,0.848741,0.833643,0.105886
36.095,0.954053,0.848625,0.833526,0.105428
36.1,0.938681,0.848515,0.833408,0.0901662
36.105,0.932523,0.84841,0.833291,0.0841127
36.11,0.933161,0.848311,0.833174,0.0848502
36.115,0.945768,0.848218,0.833056,0.0975499
36.12,0.972196,0.84813,0.832939,0.124066
36.125,0.976844,0.848047,0.832822,0.128797
36.13,0.95912,0.847969,0.832705,0.111151
36.135,0.92953,0.847897,0.832587,0.0816336
36.14,0.919854,0.847829,0.83247,0.0720247
36.145,0.915284,0.847767,0.832353,0.067517
36.15,0.924385,0.84771,0.832236,0.0766745
36.155,0.916776,0.847659,0.832118,0.0691177
36.16,0.933082,0.847612,0.832001,0.0854703
36.165,0.942385,0.84757,0.831884,0.0948149
36.17,0.942837,0.847534,0.831767,0.0953033
36.175,0.927756,0.847502,0.83165,0.0802541
36.18,0.916528,0.847476,0.831533,0.0690525
36.185,0.917926,0.847454,0.831416,0.0704721
36.19,0.929928,0.847438,0.831298,0.0824902
36.195,0.919773,0.847427,0.831181,0.0723457
36.2,0.914087,0.847421,0.831064,0.0666663
36.205,0.900573,0.847421,0.830947,0.0531522
36.21,0.901392,0.847425,0.83083,0.0539668
36.215,0.913576,0.847435,0.830713,0.0661406
36.22,0.904932,0.847451,0.830596,0.0574815
36.225,0.896473,0.847472,0.830479,0.0490008
36.23,0.892973,0.847499,0.830362,0.0454742
36.235,0.890768,0.847531,0.830245,0.0432374
36.24,0.910932,0.847569,0.830128,0.0633635
36.245,0.913573,0.847612,0.830011,0.0659605
36.25,0.895892,0.847662,0.829894,0.0482298
36.255,0.898421,0.847718,0.829777,0.050703
36.26,0.905852,0.84778,0.82966,0.0580726
36.265,0.915098,0.847848,0.829544,0.0672501
36.27,0.928223,0.847923,0.829427,0.0803002
36.275,0.929539,0.848004,0.82931,0.0815349
36.28,0.92545,0.848092,0.829193,0.0773578
36.285,0.925528,0.848186,0.829076,0.0773413
36.29,0.926597,0.848288,0.828959,0.0783092
36.295,0.934245,0.848397,0.828842,0.0858483
36.3,0.934957,0.848514,0.828726,0.0864435
36.305,0.92168,0.848638,0.828609,0.0730423
36.31,0.896947,0.848769,0.828492,0.048178
36.315,0.878804,0.848909,0.828375,0.0298952
36.32,0.875792,0.849057,0.828259,0.0267349
36.325,0.887627,0.849213,0.828142,0.0384134
36.33,0.888264,0.849378,0.828025,0.0388858
36.335,0.898377,0.849553,0.827908,0.0488249
36.34,0.880389,0.849736,0.827792,0.0306534
36.345,0.899773,0.849929,0.827675,0.0498442
36.35,0.911764,0.850131,0.827558,0.0616329
36.355,0.923521,0.850344,0.827442,0.0731764
36.36,0.926634,0.850568,0.827325,0.0760665
36.365,0.945167,0.850802,0.827208,0.0943652
36.37,0.973467,0.851047,0.827092,0.12242
36.375,0.989964,0.851304,0.826975,0.13866
36.38,0.973709,0.851573,0.826859,0.122136
36.385,0.945807,0.851855,0.826742,0.0939523
36.39,0.932689,0.852149,0.826626,0.0805403
36.395,0.933688,0.852457,0.826509,0.0812311
36.4,0.949863,0.852778,0.826392,0.0970848
36.405,0.953785,0.853114,0.826276,0.10067
36.41,0.941984,0.853466,0.826159,0.0885183
36.415,0.944005,0.853833,0.826043,0.090173
36.42,0.932161,0.854216,0.825926,0.0779451
36.425,0.937483,0.854616,0.82581,0.0828673
36.43,0.945176,0.855034,0.825693,0.0901417
36.435,0.955726,0.855471,0.825577,0.100255
36.44,0.967032,0.855927,0.825461,0.111105
36.445,0.988836,0.856404,0.825344,0.132433
36.45,0.982912,0.856902,0.825228,0.126011
36.455,0.982908,0.857423,0.825111,0.125486
36.46,0.981105,0.857968,0.824995,0.123138
36.465,0.96891,0.858538,0.824879,0.110372
36.47,0.96922,0.859135,0.824762,0.110085
36.475,0.960537,0.859761,0.824646,0.100776
36.48,0.966139,0.860417,0.824529,0.105722
36.485,0.98343,0.861106,0.824413,0.122324
36.49,0.972258,0.86183,0.824297,0.110428
36.495,0.980103,0.862591,0.82418,0.117512
36.5,0.988949,0.863392,0.824064,0.125557
36.505,0.994328,0.864238,0.823948,0.130091
36.51,1.00274,0.86513,0.823832,0.137614
36.515,1.00384,0.866075,0.823715,0.137762
36.52,1.00562,0.867075,0.823599,0.138544
36.525,0.998437,0.868137,0.823483,0.1303
36.53,0.979919,0.869266,0.823367,0.110653
36.535,0.970616,0.870469,0.82325,0.100147
36.54,0.979411,0.871753,0.823134,0.107658
36.545,0.998289,0.873126,0.823018,0.125163
36.55,1.02574,0.874598,0.822902,0.151143
36.555,1.02086,0.876179,0.822786,0.144679
36.56,1.00448,0.877879,0.82267,0.126599
36.565,0.987788,0.879713,0.822553,0.108075
36.57,0.977599,0.881693,0.822437,0.0959061
36.575,1.00955,0.883835,0.822321,0.125714
36.58,1.007,0.886156,0.822205,0.120845
36.585,1.01261,0.888675,0.822089,0.123931
36.59,1.01214,0.891411,0.821973,0.120727
36.595,1.02515,0.894387,0.821857,0.130766
36.6,1.03443,0.897627,0.821741,0.136802
36.605,1.03106,0.901156,0.821625,0.129901
36.61,1.01218,0.905001,0.821509,0.107183
36.615,1.03885,0.909193,0.821393,0.129657
36.62,1.04705,0.913763,0.821276,0.133289
36.625,1.05959,0.918744,0.82116,0.140841
36.63,1.06201,0.924172,0.821044,0.137838
36.635,1.06436,0.930082,0.820928,0.134273
36.64,1.07866,0.936514,0.820812,0.14215
36.645,1.09066,0.943506,0.820697,0.147154
36.65,1.07983,0.9511,0.820581,0.128729
36.655,1.08032,0.959337,0.820465,0.120988
36.66,1.10195,0.968258,0.820349,0.133689
36.665,1.12002,0.977906,0.820233,0.142119
36.67,1.11456,0.988322,0.820117,0.126239
36.675,1.11082,0.999548,0.820001,0.11127
36.68,1.12648,1.01162,0.819885,0.11486
36.685,1.15432,1.02458,0.819769,0.129733
36.69,1.16338,1.03846,0.819653,0.124915
36.695,1.1648,1.0533,0.819537,0.111494
36.7,1.16673,1.06912,0.819422,0.0976088
36.705,1.19288,1.08595,0.819306,0.10693
36.71,1.23047,1.1038,0.81919,0.126677
36.715,1.2575,1.12269,0.819074,0.134814
36.72,1.28874,1.14263,0.818958,0.146109
36.725,1.32326,1.16361,0.818842,0.159646
36.73,1.36201,1.18564,0.818727,0.176372
36.735,1.41497,1.20868,0.818611,0.206282
36.74,1.44485,1.23273,0.818495,0.212121
36.745,1.45792,1.25773,0.818379,0.200186
36.75,1.46471,1.28365,0.818263,0.181054
36.755,1.47823,1.31043,0.818148,0.167799
36.76,1.49872,1.338,0.818032,0.160712
36.765,1.5311,1.36628,0.817916,0.164818
36.77,1.55444,1.39517,0.817801,0.159267
36.775,1.56558,1.42456,0.817685,0.141016
36.78,1.58245,1.45433,0.817569,0.128116
36.785,1.59055,1.48434,0.817453,0.106215
36.79,1.62844,1.51442,0.817338,0.11402
36.795,1.63014,1.5444,0.817222,0.0857349
36.8,1.6581,1.5741,0.817106,0.0840016
36.805,1.7013,1.6033,0.816991,0.0980055
36.81,1.72514,1.63176,0.816875,0.0933738
36.815,1.75619,1.65926,0.81676,0.0969358
36.82,1.75447,1.68552,0.816644,0.0689521
36.825,1.78478,1.71028,0.816528,0.0745001
36.83,1.82549,1.73327,0.816413,0.0922153
36.835,1.81575,1.7542,0.816297,0.0615473
36.84,1.78754,1.77281,0.816182,0.0147257
36.845,1.77807,1.78883,0.816066,-0.0107687
36.85,1.76063,1.80204,0.81595,-0.0414155
36.855,1.77629,1.81223,0.815835,-0.0359319
36.86,1.74194,1.81923,0.815719,-0.0772876
36.865,1.7273,1.82293,0.815604,-0.0956264
36.87,1.73261,1.82327,0.815488,-0.0906585
36.875,1.735,1.82023,0.815373,-0.0852387
36.88,1.73036,1.81388,0.815257,-0.0835235
36.885,1.68528,1.8043,0.815142,-0.11902
36.89,1.6387,1.79166,0.815026,-0.15296
36.895,1.62152,1.77614,0.814911,-0.154619
36.9,1.60896,1.75797,0.814795,-0.149003
36.905,1.60273,1.7374,0.81468,-0.13467
36.91,1.59536,1.71471,0.814564,-0.119353
36.915,1.56327,1.69017,0.814449,-0.1269
36.92,1.54123,1.66405,0.814333,-0.122816
36.925,1.51187,1.63662,0.814218,-0.124754
36.93,1.49705,1.60816,0.814103,-0.111105
36.935,1.50478,1.5789,0.813987,-0.0741232
36.94,1.4942,1.54908,0.813872,-0.0548832
36.945,1.47479,1.51892,0.813756,-0.0441281
36.95,1.48644,1.48861,0.813641,-0.00217687
36.955,1.46442,1.45834,0.813526,0.00608
36.96,1.40564,1.42826,0.81341,-0.0226182
36.965,1.36385,1.39851,0.813295,-0.0346606
36.97,1.33566,1.36924,0.813179,-0.0335787
36.975,1.30977,1.34056,0.813064,-0.0307862
36.98,1.27118,1.31255,0.812949,-0.041369
36.985,1.21871,1.28532,0.812833,-0.0666041
36.99,1.20641,1.25892,0.812718,-0.0525128
36.995,1.23288,1.23343,0.812603,-0.000549564
37,1.24311,1.20889,0.812487,0.0342262
37.005,1.23648,1.18533,0.812372,0.0511487
37.01,1.23251,1.1628,0.812257,0.0697176
37.015,1.22336,1.1413,0.812142,0.0820638
37.02,1.19957,1.12084,0.812026,0.0787291
37.025,1.15363,1.10143,0.811911,0.052199
37.03,1.10846,1.08306,0.811796,0.0254
37.035,1.10515,1.06573,0.811681,0.0394216
37.04,1.09451,1.0494,0.811565,0.0451016
37.045,1.07887,1.03407,0.81145,0.0448045
37.05,1.07328,1.0197,0.811335,0.053586
37.055,1.05676,1.00626,0.81122,0.0505069
37.06,1.04451,0.99371,0.811104,0.0508002
37.065,1.00655,0.982023,0.810989,0.0245269
37.07,0.960782,0.971156,0.810874,-0.010374
37.075,0.946679,0.961069,0.810759,-0.0143895
37.08,0.946315,0.95172,0.810644,-0.0054047
37.085,0.945197,0.943066,0.810529,0.00213115
37.09,0.952807,0.935066,0.810413,0.0177402
37.095,0.942431,0.927679,0.810298,0.0147521
37.1,0.93003,0.920863,0.810183,0.00916638
37.105,0.915467,0.914579,0.810068,0.000888013
37.11,0.927032,0.908788,0.809953,0.018244
37.115,0.94186,0.903453,0.809838,0.0384068
37.12,0.936212,0.898538,0.809723,0.0376741
37.125,0.931345,0.89401,0.809607,0.0373346
37.13,0.91889,0.889836,0.809492,0.0290531
37.135,0.928904,0.885987,0.809377,0.0429171
37.14,0.932063,0.882434,0.809262,0.0496286
37.145,0.925235,0.879152,0.809147,0.0460833
37.15,0.911609,0.876115,0.809032,0.0354943
37.155,0.911307,0.873301,0.808917,0.0380058
37.16,0.888791,0.87069,0.808802,0.0181009
37.165,0.89062,0.868263,0.808687,0.022357
37.17,0.883101,0.866002,0.808572,0.017099
37.175,0.881045,0.863891,0.808457,0.0171545
37.18,0.884641,0.861916,0.808342,0.022725
37.185,0.85509,0.860065,0.808227,-0.00497565
37.19,0.841067,0.858325,0.808112,-0.017258
37.195,0.8391,0.856687,0.807997,-0.0175866
37.2,0.823595,0.855139,0.807882,-0.0315448
37.205,0.836948,0.853675,0.807767,-0.0167276
37.21,0.840952,0.852286,0.807652,-0.0113342
37.215,0.833731,0.850966,0.807537,-0.017235
37.22,0.814423,0.849709,0.807422,-0.0352856
37.225,0.77722,0.848509,0.807307,-0.0712889
37.23,0.75963,0.847361,0.807192,-0.0877315
37.235,0.776548,0.846262,0.807077,-0.0697141
37.24,0.806032,0.845207,0.806962,-0.039175
37.245,0.828839,0.844193,0.806847,-0.0153539
37.25,0.837519,0.843217,0.806732,-0.00569808
37.255,0.844545,0.842277,0.806617,0.00226819
37.26,0.836684,0.841369,0.806502,-0.00468477
37.265,0.830124,0.840492,0.806387,-0.0103682
37.27,0.829464,0.839644,0.806272,-0.0101798
37.275,0.820059,0.838822,0.806157,-0.0187634
37.28,0.821725,0.838027,0.806042,-0.0163014
37.285,0.799562,0.837255,0.805928,-0.0376927
37.29,0.791148,0.836506,0.805813,-0.0453575
37.295,0.799884,0.835778,0.805698,-0.0358946
37.3,0.809385,0.835071,0.805583,-0.0256864
37.305,0.801358,0.834384,0.805468,-0.0330251
37.31,0.780311,0.833714,0.805353,-0.0534031
37.315,0.784271,0.833063,0.805238,-0.0487918
37.32,0.782571,0.832428,0.805124,-0.0498573
37.325,0.788994,0.83181,0.805009,-0.0428152
37.33,0.773495,0.831206,0.804894,-0.0577117
37.335,0.781378,0.830618,0.804779,-0.0492406
37.34,0.797755,0.830044,0.804664,-0.032289
37.345,0.807045,0.829483,0.804549,-0.0224388
37.35,0.807903,0.828936,0.804435,-0.0210329
37.355,0.807405,0.828401,0.80432,-0.0209965
37.36,0.821876,0.827878,0.804205,-0.00600239
37.365,0.837389,0.827367,0.80409,0.0100221
37.37,0.843796,0.826867,0.803975,0.0169288
37.375,0.847936,0.826378,0.803861,0.0215583
37.38,0.843091,0.825899,0.803746,0.017192
37.385,0.824456,0.82543,0.803631,-0.000974237
37.39,0.816735,0.824971,0.803516,-0.00823631
37.395,0.806409,0.824521,0.803402,-0.0181124
37.4,0.822254,0.824081,0.803287,-0.00182658
37.405,0.831425,0.823648,0.803172,0.00777697
37.41,0.804406,0.823225,0.803057,-0.0188183
37.415,0.777656,0.822809,0.802943,-0.0451532
37.42,0.777242,0.822401,0.802828,-0.0451597
37.425,0.778724,0.822001,0.802713,-0.0432775
37.43,0.796532,0.821608,0.802598,-0.0250764
37.435,0.787508,0.821222,0.802484,-0.0337147
37.44,0.785624,0.820843,0.802369,-0.0352192
37.445,0.789747,0.820471,0.802254,-0.030724
37.45,0.804053,0.820105,0.80214,-0.0160522
37.455,0.806721,0.819745,0.802025,-0.0130237
37.46,0.830204,0.819391,0.80191,0.0108126
37.465,0.829689,0.819043,0.801796,0.010646
37.47,0.848621,0.818701,0.801681,0.0299201
37.475,0.84844,0.818364,0.801566,0.0300752
37.48,0.831651,0.818033,0.801452,0.0136181
37.485,0.81515,0.817706,0.801337,-0.00255683
37.49,0.818563,0.817385,0.801222,0.00117815
37.495,0.828327,0.817068,0.801108,0.0112591
37.5,0.849658,0.816757,0.800993,0.0329017
37.505,0.839478,0.816449,0.800878,0.0230288
37.51,0.833912,0.816146,0.800764,0.0177658
37.515,0.81375,0.815848,0.800649,-0.00209736
37.52,0.816479,0.815553,0.800534,0.000925309
37.525,0.829359,0.815263,0.80042,0.0140957
37.53,0.824813,0.814976,0.800305,0.00983649
37.535,0.80337,0.814694,0.800191,-0.011324
37.54,0.788306,0.814415,0.800076,-0.0261089
37.545,0.76899,0.814139,0.799961,-0.0451497
37.55,0.779582,0.813868,0.799847,-0.0342858
37.555,0.793381,0.813599,0.799732,-0.0202182
37.56,0.805143,0.813334,0.799618,-0.00819108
37.565,0.829942,0.813072,0.799503,0.01687
37.57,0.826695,0.812813,0.799389,0.0138817
37.575,0.828251,0.812558,0.799274,0.0156929
37.58,0.814406,0.812305,0.799159,0.00210107
37.585,0.811121,0.812055,0.799045,-0.000933691
37.59,0.815999,0.811808,0.79893,0.00419104
37.595,0.82225,0.811564,0.798816,0.010686
37.6,0.805247,0.811322,0.798701,-0.00607554
37.605,0.797827,0.811083,0.798587,-0.0132562
37.61,0.802607,0.810847,0.798472,-0.00823976
37.615,0.799452,0.810613,0.798358,-0.0111606
37.62,0.795885,0.810381,0.798243,-0.0144967
37.625,0.791501,0.810152,0.798129,-0.0186515
37.63,0.788093,0.809925,0.798014,-0.0218324
37.635,0.802917,0.809701,0.7979,-0.0067835
37.64,0.78753,0.809478,0.797785,-0.0219485
37.645,0.780769,0.809258,0.79767,-0.0284891
37.65,0.783455,0.809039,0.797556,-0.0255839
37.655,0.797065,0.808823,0.797442,-0.0117585
37.66,0.786772,0.808609,0.797327,-0.0218367
37.665,0.784384,0.808396,0.797213,-0.024012
37.67,0.785217,0.808186,0.797098,-0.0229691
37.675,0.795091,0.807977,0.796984,-0.0128859
37.68,0.80164,0.80777,0.796869,-0.00613061
37.685,0.791325,0.807565,0.796755,-0.0162401
37.69,0.783681,0.807362,0.79664,-0.0236806
37.695,0.783415,0.80716,0.796526,-0.0237449
37.7,0.775958,0.80696,0.796411,-0.0310026
37.705,0.772857,0.806762,0.796297,-0.0339042
37.71,0.773886,0.806565,0.796182,-0.0326792
37.715,0.766694,0.806369,0.796068,-0.039675
37.72,0.762898,0.806175,0.795953,-0.0432779
37.725,0.764956,0.805983,0.795839,-0.0410266
37.73,0.747156,0.805792,0.795725,-0.0586356
37.735,0.747963,0.805602,0.79561,-0.0576396
37.74,0.74112,0.805414,0.795496,-0.0642946
37.745,0.742723,0.805227,0.795381,-0.0625037
37.75,0.750123,0.805042,0.795267,-0.0549184
37.755,0.765332,0.804857,0.795153,-0.0395248
37.76,0.776976,0.804674,0.795038,-0.027698
37.765,0.781651,0.804492,0.794924,-0.022841
37.77,0.772761,0.804312,0.794809,-0.031551
37.775,0.767846,0.804132,0.794695,-0.0362865
37.78,0.762328,0.803954,0.794581,-0.0416253
37.785,0.758574,0.803776,0.794466,-0.0452022
37.79,0.765399,0.8036,0.794352,-0.0382015
37.795,0.772785,0.803425,0.794237,-0.0306402
37.8,0.778741,0.803251,0.794123,-0.02451
37.805,0.77908,0.803078,0.794009,-0.0239989
37.81,0.7755,0.802906,0.793894,-0.0274069
37.815,0.777215,0.802736,0.79378,-0.0255203
37.82,0.772604,0.802566,0.793665,-0.029962
37.825,0.767261,0.802397,0.793551,-0.035136
37.83,0.761433,0.802228,0.793437,-0.040795
37.835,0.762332,0.802061,0.793322,-0.0397291
37.84,0.762233,0.801895,0.793208,-0.039662
37.845,0.750904,0.80173,0.793094,-0.0508253
37.85,0.74469,0.801565,0.792979,-0.0568751
37.855,0.744979,0.801402,0.792865,-0.0564228
37.86,0.732527,0.801239,0.792751,-0.0687118
37.865,0.738349,0.801077,0.792636,-0.0627282
37.87,0.747401,0.800916,0.792522,-0.053514
37.875,0.755445,0.800755,0.792408,-0.0453103
37.88,0.773539,0.800595,0.792293,-0.0270562
37.885,0.750606,0.800437,0.792179,-0.0498308
37.89,0.731913,0.800278,0.792065,-0.0683653
37.895,0.727208,0.800121,0.79195,-0.0729127
37.9,0.725764,0.799964,0.791836,-0.0742007
37.905,0.732335,0.799808,0.791722,-0.0674736
37.91,0.740745,0.799653,0.791608,-0.0589076
37.915,0.748365,0.799498,0.791493,-0.0511338
37.92,0.753253,0.799344,0.791379,-0.0460909
37.925,0.736557,0.799191,0.791265,-0.062634
37.93,0.726033,0.799038,0.79115,-0.0730059
37.935,0.736505,0.798886,0.791036,-0.0623811
37.94,0.736459,0.798735,0.790922,-0.0622764
37.945,0.73855,0.798584,0.790807,-0.0600346
37.95,0.714837,0.798434,0.790693,-0.0835974
37.955,0.715473,0.798284,0.790579,-0.0828113
37.96,0.739912,0.798135,0.790465,-0.0582238
37.965,0.760573,0.797987,0.79035,-0.0374137
37.97,0.773678,0.797839,0.790236,-0.0241605
37.975,0.767738,0.797692,0.790122,-0.0299535
37.98,0.757488,0.797545,0.790008,-0.0400568
37.985,0.766986,0.797399,0.789893,-0.0304124
37.99,0.756134,0.797253,0.789779,-0.0411185
37.995,0.758427,0.797107,0.789665,-0.0386808
38,0.747962,0.796963,0.789551,-0.0490009
38.005,0.738029,0.796819,0.789436,-0.058789
38.01,0.730774,0.796675,0.789322,-0.0659005
38.015,0.738455,0.796531,0.789208,-0.058076
38.02,0.74757,0.796389,0.789094,-0.0488184
38.025,0.749044,0.796246,0.788979,-0.0472026
38.03,0.745993,0.796104,0.788865,-0.0501118
38.035,0.751529,0.795963,0.788751,-0.0444344
38.04,0.75541,0.795822,0.788637,-0.0404117
38.045,0.763707,0.795682,0.788522,-0.0319747
38.05,0.753688,0.795541,0.788408,-0.0418533
38.055,0.743993,0.795402,0.788294,-0.0514084
38.06,0.744587,0.795262,0.78818,-0.0506755
38.065,0.735127,0.795124,0.788066,-0.0599968
38.07,0.739809,0.794985,0.787951,-0.0551761
38.075,0.752541,0.794847,0.787837,-0.0423061
38.08,0.770564,0.794709,0.787723,-0.0241453
38.085,0.781494,0.794572,0.787609,-0.0130785
38.09,0.773148,0.794435,0.787494,-0.0212876
38.095,0.771033,0.794299,0.78738,-0.0232662
38.1,0.761835,0.794163,0.787266,-0.0323271
38.105,0.754548,0.794027,0.787152,-0.0394787
38.11,0.760969,0.793891,0.787038,-0.0329223
38.115,0.762785,0.793756,0.786923,-0.0309715
38.12,0.75012,0.793622,0.786809,-0.0435014
38.125,0.730758,0.793487,0.786695,-0.0627287
38.13,0.725402,0.793353,0.786581,-0.067951
38.135,0.735514,0.793219,0.786467,-0.0577056
38.14,0.741461,0.793086,0.786353,-0.0516248
38.145,0.731796,0.792953,0.786238,-0.0611569
38.15,0.73134,0.79282,0.786124,-0.0614801
38.155,0.727604,0.792688,0.78601,-0.0650836
38.16,0.72899,0.792556,0.785896,-0.0635653
38.165,0.720338,0.792424,0.785782,-0.0720861
38.17,0.718777,0.792292,0.785667,-0.0735151
38.175,0.730887,0.792161,0.785553,-0.0612742
38.18,0.736333,0.79203,0.785439,-0.055697
38.185,0.751945,0.7919,0.785325,-0.0399545
38.19,0.75709,0.791769,0.785211,-0.0346793
38.195,0.756033,0.791639,0.785097,-0.0356068
38.2,0.752236,0.79151,0.784983,-0.039274
38.205,0.739194,0.79138,0.784868,-0.0521863
38.21,0.750789,0.791251,0.784754,-0.0404615
38.215,0.75033,0.791122,0.78464,-0.0407921
38.22,0.748555,0.790993,0.784526,-0.0424384
38.225,0.728109,0.790865,0.784412,-0.0627554
38.23,0.731457,0.790737,0.784298,-0.05928
38.235,0.733978,0.790609,0.784183,-0.0566309
38.24,0.744032,0.790481,0.784069,-0.0464494
38.245,0.748629,0.790354,0.783955,-0.0417243
38.25,0.744348,0.790227,0.783841,-0.045879
38.255,0.746081,0.7901,0.783727,-0.0440185
38.26,0.746569,0.789973,0.783613,-0.0434036
38.265,0.742509,0.789847,0.783499,-0.047338
38.27,0.739632,0.78972,0.783384,-0.0500886
38.275,0.736894,0.789594,0.78327,-0.0527005
38.28,0.739358,0.789469,0.783156,-0.0501101
38.285,0.748689,0.789343,0.783042,-0.0406538
38.29,0.747383,0.789218,0.782928,-0.0418344
38.295,0.748568,0.789093,0.782814,-0.0405248
38.3,0.748673,0.788968,0.7827,-0.0402952
38.305,0.74828,0.788843,0.782586,-0.040563
38.31,0.753142,0.788719,0.782471,-0.0355767
38.315,0.746007,0.788595,0.782357,-0.0425873
38.32,0.746002,0.788471,0.782243,-0.0424684
38.325,0.74199,0.788347,0.782129,-0.0463569
38.33,0.738239,0.788223,0.782015,-0.0499845
38.335,0.734025,0.7881,0.781901,-0.054075
38.34,0.726388,0.787977,0.781787,-0.0615885
38.345,0.738633,0.787854,0.781673,-0.0492202
38.35,0.757489,0.787731,0.781558,-0.0302414
38.355,0.768293,0.787608,0.781444,-0.0193153
38.36,0.777287,0.787486,0.78133,-0.0101982
38.365,0.761402,0.787363,0.781216,-0.0259612
38.37,0.763072,0.787241,0.781102,-0.0241699
38.375,0.765606,0.78712,0.780988,-0.0215136
38.38,0.752212,0.786998,0.780874,-0.0347857
38.385,0.761539,0.786876,0.78076,-0.0253375
38.39,0.754383,0.786755,0.780646,-0.0323721
38.395,0.771819,0.786634,0.780532,-0.014815
38.4,0.786982,0.786513,0.780417,0.000468995
38.405,0.791357,0.786392,0.780303,0.0049648
38.41,0.796065,0.786272,0.780189,0.00979346
38.415,0.798452,0.786151,0.780075,0.012301
38.42,0.80064,0.786031,0.779961,0.0146092
38.425,0.805479,0.785911,0.779847,0.0195686
38.43,0.797299,0.785791,0.779733,0.0115087
38.435,0.794236,0.785671,0.779619,0.00856498
38.44,0.78814,0.785551,0.779505,0.00258822
38.445,0.762483,0.785432,0.779391,-0.0229484
38.45,0.737401,0.785313,0.779276,-0.0479119
38.455,0.741372,0.785193,0.779162,-0.0438218
38.46,0.748287,0.785074,0.779048,-0.0367876
38.465,0.750491,0.784956,0.778934,-0.0344648
38.47,0.748075,0.784837,0.77882,-0.0367621
38.475,0.730804,0.784718,0.778706,-0.0539146
38.48,0.737351,0.7846,0.778592,-0.0472494
38.485,0.744118,0.784482,0.778478,-0.040364
38.49,0.765176,0.784364,0.778364,-0.0191879
38.495,0.779375,0.784246,0.77825,-0.0048702
38.5,0.791644,0.784128,0.778136,0.00751643
38.505,0.784608,0.78401,0.778022,0.000597809
38.51,0.764138,0.783893,0.777907,-0.0197549
38.515,0.753723,0.783775,0.777793,-0.0300526
38.52,0.742653,0.783658,0.777679,-0.0410053
38.525,0.753325,0.783541,0.777565,-0.0302157
38.53,0.743229,0.783424,0.777451,-0.0401954
38.535,0.742127,0.783307,0.777337,-0.0411798
38.54,0.744659,0.783191,0.777223,-0.0385319
38.545,0.764448,0.783074,0.777109,-0.0186262
38.55,0.75847,0.782958,0.776995,-0.0244879
38.555,0.7412,0.782841,0.776881,-0.0416416
38.56,0.738995,0.782725,0.776767,-0.0437306
38.565,0.74807,0.782609,0.776653,-0.0345388
38.57,0.744996,0.782493,0.776539,-0.0374971
38.575,0.732779,0.782377,0.776425,-0.0495989
38.58,0.733458,0.782262,0.77631,-0.0488037
38.585,0.734986,0.782146,0.776196,-0.0471603
38.59,0.746013,0.782031,0.776082,-0.0360178
38.595,0.7483,0.781916,0.775968,-0.0336157
38.6,0.753104,0.781801,0.775854,-0.0286965
38.605,0.758703,0.781686,0.77574,-0.0229826
38.61,0.772095,0.781571,0.775626,-0.00947555
38.615,0.759142,0.781456,0.775512,-0.0223138
38.62,0.752177,0.781341,0.775398,-0.0291641
38.625,0.736043,0.781227,0.775284,-0.0451842
38.63,0.717581,0.781112,0.77517,-0.0635308
38.635,0.712674,0.780998,0.775056,-0.0683242
38.64,0.714278,0.780884,0.774942,-0.0666063
38.645,0.714621,0.78077,0.774828,-0.0661491
38.65,0.724754,0.780656,0.774713,-0.0559022
38.655,0.722823,0.780542,0.774599,-0.0577187
38.66,0.715903,0.780428,0.774485,-0.0645254
38.665,0.733731,0.780315,0.774371,-0.0465839
38.67,0.743347,0.780201,0.774257,-0.0368537
38.675,0.745431,0.780088,0.774143,-0.0346573
38.68,0.751761,0.779975,0.774029,-0.0282132
38.685,0.748491,0.779861,0.773915,-0.0313703
38.69,0.763866,0.779748,0.773801,-0.0158819
38.695,0.762801,0.779635,0.773687,-0.0168345
38.7,0.760188,0.779523,0.773573,-0.0193342
38.705,0.754526,0.77941,0.773459,-0.0248842
38.71,0.733424,0.779297,0.773345,-0.0458731
38.715,0.724461,0.779185,0.773231,-0.0547242
38.72,0.70557,0.779072,0.773117,-0.0735024
38.725,0.70126,0.77896,0.773003,-0.0777002
38.73,0.703287,0.778848,0.772888,-0.0755612
38.735,0.702018,0.778736,0.772774,-0.0767182
38.74,0.695366,0.778624,0.77266,-0.0832583
38.745,0.682335,0.778512,0.772546,-0.0961769
38.75,0.679692,0.7784,0.772432,-0.0987079
38.755,0.704181,0.778289,0.772318,-0.0741076
38.76,0.719494,0.778177,0.772204,-0.0586834
38.765,0.724767,0.778066,0.77209,-0.0532985
38.77,0.724899,0.777954,0.771976,-0.0530549
38.775,0.716596,0.777843,0.771862,-0.061247
38.78,0.713853,0.777732,0.771748,-0.0638786
38.785,0.70161,0.777621,0.771634,-0.0760107
38.79,0.691962,0.77751,0.77152,-0.0855473
38.795,0.692004,0.777399,0.771406,-0.0853952
38.8,0.709256,0.777288,0.771292,-0.0680321
38.805,0.706118,0.777177,0.771177,-0.0710599
38.81,0.703439,0.777067,0.771063,-0.0736281
38.815,0.705216,0.776956,0.770949,-0.0717408
38.82,0.70773,0.776846,0.770835,-0.0691163
38.825,0.717115,0.776736,0.770721,-0.0596204
38.83,0.721797,0.776626,0.770607,-0.0548287
38.835,0.717408,0.776515,0.770493,-0.0591074
38.84,0.708903,0.776405,0.770379,-0.0675028
38.845,0.695616,0.776296,0.770265,-0.0806798
38.85,0.688589,0.776186,0.770151,-0.0875967
38.855,0.702606,0.776076,0.770037,-0.0734698
38.86,0.724294,0.775966,0.769923,-0.0516723
38.865,0.737163,0.775857,0.769809,-0.0386942
38.87,0.746023,0.775747,0.769695,-0.029724
38.875,0.741664,0.775638,0.769581,-0.0339744
38.88,0.733962,0.775529,0.769466,-0.0415666
38.885,0.716257,0.77542,0.769352,-0.0591624
38.89,0.713479,0.775311,0.769238,-0.0618317
38.895,0.707403,0.775202,0.769124,-0.0677991
38.9,0.700336,0.775093,0.76901,-0.0747565
38.905,0.689961,0.774984,0.768896,-0.0850226
38.91,0.695969,0.774875,0.768782,-0.0789068
38.915,0.702531,0.774767,0.768668,-0.0722356
38.92,0.69712,0.774658,0.768554,-0.0775378
38.925,0.69256,0.77455,0.76844,-0.0819901
38.93,0.690852,0.774442,0.768326,-0.0835899
38.935,0.698842,0.774333,0.768212,-0.0754914
38.94,0.697304,0.774225,0.768098,-0.0769207
38.945,0.691203,0.774117,0.767984,-0.0829139
38.95,0.691416,0.774009,0.767869,-0.0825935
38.955,0.714278,0.773901,0.767755,-0.0596233
38.96,0.733497,0.773793,0.767641,-0.0402965
38.965,0.733161,0.773686,0.767527,-0.0405245
38.97,0.72714,0.773578,0.767413,-0.046438
38.975,0.724182,0.773471,0.767299,-0.0492886
38.98,0.724147,0.773363,0.767185,-0.0492159
38.985,0.724964,0.773256,0.767071,-0.0482921
38.99,0.722925,0.773149,0.766957,-0.0502234
38.995,0.719159,0.773041,0.766843,-0.0538826
39,0.72664,0.772934,0.766729,-0.0462939
39.005,0.713482,0.772827,0.766615,-0.0593453
39.01,0.71084,0.77272,0.7665,-0.0618803
39.015,0.702739,0.772614,0.766386,-0.0698744
39.02,0.68309,0.772507,0.766272,-0.0894171
39.025,0.670844,0.7724,0.766158,-0.101556
39.03,0.657078,0.772294,0.766044,-0.115216
39.035,0.663117,0.772187,0.76593,-0.10907
39.04,0.675496,0.772081,0.765816,-0.0965852
39.045,0.686437,0.771975,0.765702,-0.0855376
39.05,0.703852,0.771868,0.765588,-0.0680166
39.055,0.710511,0.771762,0.765474,-0.0612515
39.06,0.703301,0.771656,0.76536,-0.0683547
39.065,0.698732,0.77155,0.765245,-0.0728187
39.07,0.693873,0.771444,0.765131,-0.0775712
39.075,0.688986,0.771339,0.765017,-0.082353
39.08,0.685693,0.771233,0.764903,-0.0855401
39.085,0.687842,0.771127,0.764789,-0.0832855
39.09,0.708134,0.771022,0.764675,-0.0628877
39.095,0.726005,0.770916,0.764561,-0.0449113
39.1,0.712226,0.770811,0.764447,-0.0585847
39.105,0.697945,0.770706,0.764333,-0.0727612
39.11,0.679997,0.770601,0.764219,-0.0906037
39.115,0.681781,0.770496,0.764104,-0.0887145
39.12,0.698831,0.770391,0.76399,-0.0715592
39.125,0.691186,0.770286,0.763876,-0.0791
39.13,0.688351,0.770181,0.763762,-0.0818301
39.135,0.694604,0.770076,0.763648,-0.0754722
39.14,0.699544,0.769971,0.763534,-0.0704271
39.145,0.699377,0.769867,0.76342,-0.0704895
39.15,0.700716,0.769762,0.763306,-0.0690462
39.155,0.692928,0.769658,0.763192,-0.0767299
39.16,0.690611,0.769554,0.763078,-0.0789428
39.165,0.692861,0.769449,0.762963,-0.0765882
39.17,0.694138,0.769345,0.762849,-0.0752069
39.175,0.697345,0.769241,0.762735,-0.0718963
39.18,0.699659,0.769137,0.762621,-0.0694785
39.185,0.69715,0.769033,0.762507,-0.0718838
39.19,0.699493,0.76893,0.762393,-0.0694368
39.195,0.706133,0.768826,0.762279,-0.0626927
39.2,0.699213,0.768722,0.762165,-0.0695095
39.205,0.687137,0.768619,0.76205,-0.0814823
39.21,0.679773,0.768515,0.761936,-0.0887429
39.215,0.669619,0.768412,0.761822,-0.098793
39.22,0.674764,0.768309,0.761708,-0.0935446
39.225,0.676036,0.768206,0.761594,-0.0921698
39.23,0.686939,0.768103,0.76148,-0.0811631
39.235,0.682975,0.768,0.761366,-0.0850246
39.24,0.699571,0.767897,0.761252,-0.0683252
39.245,0.693482,0.767794,0.761137,-0.0743117
39.25,0.675663,0.767691,0.761023,-0.092028
39.255,0.661672,0.767588,0.760909,-0.105917
39.26,0.678349,0.767486,0.760795,-0.0891373
39.265,0.699779,0.767383,0.760681,-0.0676043
39.27,0.701756,0.767281,0.760567,-0.0655255
39.275,0.687277,0.767179,0.760453,-0.0799013
39.28,0.685131,0.767077,0.760338,-0.0819454
39.285,0.713874,0.766974,0.760224,-0.0531003
39.29,0.750404,0.766872,0.76011,-0.0164684
39.295,0.746763,0.766771,0.759996,-0.0200072
39.3,0.733892,0.766669,0.759882,-0.0327767
39.305,0.719053,0.766567,0.759768,-0.0475135
39.31,0.720363,0.766465,0.759654,-0.0461021
39.315,0.724763,0.766364,0.759539,-0.0416002
39.32,0.725628,0.766262,0.759425,-0.0406346
39.325,0.720375,0.766161,0.759311,-0.0457854
39.33,0.716015,0.76606,0.759197,-0.0500442
39.335,0.710126,0.765958,0.759083,-0.0558324
39.34,0.703567,0.765857,0.758969,-0.0622905
39.345,0.704761,0.765756,0.758855,-0.0609956
39.35,0.707361,0.765655,0.75874,-0.0582939
39.355,0.709319,0.765554,0.758626,-0.0562351
39.36,0.707436,0.765454,0.758512,-0.0580175
39.365,0.706754,0.765353,0.758398,-0.0585985
39.37,0.724835,0.765252,0.758284,-0.0404172
39.375,0.726602,0.765152,0.75817,-0.0385496
39.38,0.728755,0.765052,0.758055,-0.036297
39.385,0.711567,0.764951,0.757941,-0.0533845
39.39,0.709402,0.764851,0.757827,-0.0554492
39.395,0.704276,0.764751,0.757713,-0.0604752
39.4,0.698595,0.764651,0.757599,-0.0660557
39.405,0.69109,0.764551,0.757484,-0.073461
39.41,0.694186,0.764451,0.75737,-0.0702657
39.415,0.691986,0.764352,0.757256,-0.0723651
39.42,0.693593,0.764252,0.757142,-0.0706586
39.425,0.699725,0.764152,0.757028,-0.064427
39.43,0.703913,0.764053,0.756914,-0.0601402
39.435,0.70127,0.763954,0.756799,-0.062684
39.44,0.7086,0.763854,0.756685,-0.055254
39.445,0.709137,0.763755,0.756571,-0.0546187
39.45,0.721257,0.763656,0.756457,-0.0423989
39.455,0.72036,0.763557,0.756343,-0.0431971
39.46,0.709125,0.763458,0.756228,-0.0543333
39.465,0.695539,0.76336,0.756114,-0.067821
39.47,0.690338,0.763261,0.756,-0.0729227
39.475,0.687282,0.763163,0.755886,-0.0758803
39.48,0.682044,0.763064,0.755772,-0.0810205
39.485,0.682921,0.762966,0.755657,-0.0800443
39.49,0.681276,0.762867,0.755543,-0.0815913
39.495,0.683075,0.762769,0.755429,-0.079694
39.5,0.678172,0.762671,0.755315,-0.0844991
39.505,0.680998,0.762573,0.755201,-0.0815752
39.51,0.691399,0.762475,0.755086,-0.0710764
39.515,0.707515,0.762378,0.754972,-0.0548625
39.52,0.698802,0.76228,0.754858,-0.0634785
39.525,0.674978,0.762182,0.754744,-0.0872042
39.53,0.661477,0.762085,0.75463,-0.100608
39.535,0.656148,0.761988,0.754515,-0.10584
39.54,0.66635,0.76189,0.754401,-0.0955407
39.545,0.673638,0.761793,0.754287,-0.088155
39.55,0.662437,0.761696,0.754173,-0.0992589
39.555,0.663833,0.761599,0.754058,-0.0977666
39.56,0.684515,0.761503,0.753944,-0.0769877
39.565,0.698579,0.761406,0.75383,-0.0628271
39.57,0.702516,0.761309,0.753716,-0.0587927
39.575,0.702227,0.761213,0.753601,-0.0589859
39.58,0.710802,0.761116,0.753487,-0.0503147
39.585,0.721238,0.76102,0.753373,-0.0397826
39.59,0.719937,0.760924,0.753259,-0.0409871
39.595,0.709315,0.760828,0.753144,-0.0515126
39.6,0.701084,0.760732,0.75303,-0.0596478
39.605,0.679789,0.760636,0.752916,-0.080847
39.61,0.668893,0.76054,0.752802,-0.0916477
39.615,0.673923,0.760445,0.752687,-0.0865213
39.62,0.691819,0.760349,0.752573,-0.0685304
39.625,0.716749,0.760254,0.752459,-0.0435051
39.63,0.720069,0.760158,0.752345,-0.0400897
39.635,0.707605,0.760063,0.75223,-0.0524583
39.64,0.700563,0.759968,0.752116,-0.0594047
39.645,0.685599,0.759873,0.752002,-0.0742743
39.65,0.687106,0.759778,0.751888,-0.072672
39.655,0.689945,0.759684,0.751773,-0.0697388
39.66,0.686911,0.759589,0.751659,-0.0726785
39.665,0.679154,0.759494,0.751545,-0.0803406
39.67,0.68724,0.7594,0.751431,-0.0721597
39.675,0.697755,0.759306,0.751316,-0.0615508
39.68,0.701326,0.759212,0.751202,-0.0578855
39.685,0.694846,0.759118,0.751088,-0.0642721
39.69,0.686611,0.759024,0.750974,-0.0724126
39.695,0.689315,0.75893,0.750859,-0.0696146
39.7,0.694959,0.758836,0.750745,-0.0638773
39.705,0.692463,0.758743,0.750631,-0.06628
39.71,0.685348,0.758649,0.750516,-0.0733013
39.715,0.693973,0.758556,0.750402,-0.0645825
39.72,0.696813,0.758463,0.750288,-0.0616493
39.725,0.704403,0.75837,0.750173,-0.0539662
39.73,0.702471,0.758277,0.750059,-0.0558061
39.735,0.704741,0.758184,0.749945,-0.0534428
39.74,0.701053,0.758091,0.749831,-0.0570378
39.745,0.697681,0.757999,0.749716,-0.0603179
39.75,0.70184,0.757906,0.749602,-0.0560667
39.755,0.699935,0.757814,0.749488,-0.0578788
39.76,0.694456,0.757722,0.749373,-0.0632652
39.765,0.68911,0.75763,0.749259,-0.0685194
39.77,0.696357,0.757538,0.749145,-0.0611806
39.775,0.70087,0.757446,0.74903,-0.0565762
39.78,0.704202,0.757354,0.748916,-0.0531524
39.785,0.716317,0.757263,0.748802,-0.0409457
39.79,0.717399,0.757171,0.748687,-0.0397723
39.795,0.727045,0.75708,0.748573,-0.0300352
39.8,0.722127,0.756989,0.748459,-0.034862
39.805,0.713613,0.756898,0.748344,-0.0432845
39.81,0.709037,0.756807,0.74823,-0.04777
39.815,0.708597,0.756716,0.748116,-0.0481187
39.82,0.713029,0.756625,0.748001,-0.0435968
39.825,0.720039,0.756535,0.747887,-0.0364964
39.83,0.716469,0.756445,0.747773,-0.039976
39.835,0.698512,0.756354,0.747658,-0.0578427
39.84,0.683846,0.756264,0.747544,-0.0724183
39.845,0.678564,0.756174,0.74743,-0.0776108
39.85,0.682207,0.756085,0.747315,-0.0738772
39.855,0.692868,0.755995,0.747201,-0.0631266
39.86,0.69255,0.755905,0.747087,-0.0633553
39.865,0.691702,0.755816,0.746972,-0.0641138
39.87,0.690623,0.755727,0.746858,-0.0651039
39.875,0.685795,0.755638,0.746744,-0.069843
39.88,0.689586,0.755549,0.746629,-0.0659628
39.885,0.689614,0.75546,0.746515,-0.0658464
39.89,0.686318,0.755371,0.746401,-0.0690531
39.895,0.692105,0.755283,0.746286,-0.0631778
39.9,0.686755,0.755195,0.746172,-0.0684401
39.905,0.690571,0.755106,0.746057,-0.0645354
39.91,0.683303,0.755018,0.745943,-0.0717149
39.915,0.667221,0.75493,0.745829,-0.0877093
39.92,0.66993,0.754843,0.745714,-0.0849126
39.925,0.670042,0.754755,0.7456,-0.0847132
39.93,0.681241,0.754668,0.745486,-0.0734268
39.935,0.687533,0.75458,0.745371,-0.0670477
39.94,0.689321,0.754493,0.745257,-0.0651718
39.945,0.689683,0.754406,0.745142,-0.0647232
39.95,0.696195,0.754319,0.745028,-0.0581244
39.955,0.698745,0.754233,0.744914,-0.0554881
39.96,0.698434,0.754146,0.744799,-0.0557124
39.965,0.700957,0.75406,0.744685,-0.0531025
39.97,0.70097,0.753974,0.74457,-0.053004
39.975,0.70054,0.753888,0.744456,-0.0533478
39.98,0.69003,0.753802,0.744342,-0.0637722
39.985,0.668748,0.753716,0.744227,-0.0849678
39.99,0.663063,0.753631,0.744113,-0.090568
39.995,0.673206,0.753545,0.743998,-0.0803397
40,0.678393,0.75346,0.743884,-0.0750674
40.005,0.679017,0.753375,0.74377,-0.0743582
40.01,0.672166,0.75329,0.743655,-0.0811244
40.015,0.674815,0.753206,0.743541,-0.0783908
40.02,0.685256,0.753121,0.743426,-0.0678651
40.025,0.686287,0.753037,0.743312,-0.0667503
40.03,0.694911,0.752953,0.743197,-0.0580419
40.035,0.700481,0.752869,0.743083,-0.0523881
40.04,0.703274,0.752785,0.742969,-0.0495112
40.045,0.704667,0.752701,0.742854,-0.0480338
40.05,0.682233,0.752618,0.74274,-0.070385
40.055,0.669775,0.752535,0.742625,-0.0827594
40.06,0.668111,0.752451,0.742511,-0.0843408
40.065,0.673301,0.752369,0.742396,-0.0790677
40.07,0.678674,0.752286,0.742282,-0.0736118
40.075,0.676606,0.752203,0.742167,-0.075597
40.08,0.667441,0.752121,0.742053,-0.0846804
40.085,0.668127,0.752039,0.741939,-0.0839123
40.09,0.675544,0.751957,0.741824,-0.0764124
40.095,0.679328,0.751875,0.74171,-0.0725468
40.1,0.677422,0.751793,0.741595,-0.0743718
40.105,0.680665,0.751712,0.741481,-0.0710471
40.11,0.681606,0.751631,0.741366,-0.0700247
40.115,0.683874,0.75155,0.741252,-0.0676762
40.12,0.698185,0.751469,0.741137,-0.0532843
40.125,0.697103,0.751388,0.741023,-0.0542858
40.13,0.709362,0.751308,0.740908,-0.0419457
40.135,0.709143,0.751228,0.740794,-0.0420845
40.14,0.69156,0.751148,0.740679,-0.0595875
40.145,0.68522,0.751068,0.740565,-0.0658479
40.15,0.682142,0.750988,0.74045,-0.0688465
40.155,0.67838,0.750909,0.740336,-0.072529
40.16,0.679826,0.75083,0.740221,-0.0710034
40.165,0.672463,0.750751,0.740107,-0.0782879
40.17,0.674254,0.750672,0.739992,-0.0764182
40.175,0.676633,0.750593,0.739878,-0.0739606
40.18,0.67229,0.750515,0.739763,-0.0782247
40.185,0.66831,0.750437,0.739649,-0.0821266
40.19,0.665746,0.750359,0.739534,-0.0846125
40.195,0.659832,0.750281,0.73942,-0.0904495
40.2,0.653288,0.750204,0.739305,-0.0969163
40.205,0.667838,0.750127,0.739191,-0.0822881
40.21,0.688256,0.75005,0.739076,-0.0617935
40.215,0.70832,0.749973,0.738962,-0.0416524
40.22,0.701883,0.749896,0.738847,-0.0480131
40.225,0.691711,0.74982,0.738733,-0.0581089
40.23,0.682309,0.749744,0.738618,-0.0674344
40.235,0.683656,0.749668,0.738504,-0.066012
40.24,0.69166,0.749592,0.738389,-0.0579325
40.245,0.697222,0.749517,0.738275,-0.0522949
40.25,0.692576,0.749441,0.73816,-0.0568653
40.255,0.69202,0.749366,0.738046,-0.0573468
40.26,0.691842,0.749292,0.737931,-0.0574496
40.265,0.692079,0.749217,0.737817,-0.0571379
40.27,0.70008,0.749143,0.737702,-0.049063
40.275,0.694564,0.749069,0.737588,-0.0545047
40.28,0.693889,0.748995,0.737473,-0.0551059
40.285,0.699166,0.748922,0.737358,-0.049756
40.29,0.698365,0.748849,0.737244,-0.050484
40.295,0.692775,0.748776,0.737129,-0.0560003
40.3,0.683034,0.748703,0.737015,-0.0656692
40.305,0.675334,0.74863,0.7369,-0.0732967
40.31,0.666575,0.748558,0.736786,-0.0819827
40.315,0.662025,0.748486,0.736671,-0.0864609
40.32,0.653694,0.748414,0.736556,-0.0947204
40.325,0.648235,0.748343,0.736442,-0.100108
40.33,0.647853,0.748272,0.736327,-0.100418
40.335,0.657055,0.748201,0.736213,-0.0911454
40.34,0.672161,0.74813,0.736098,-0.0759693
40.345,0.695947,0.74806,0.735984,-0.0521128
40.35,0.701958,0.74799,0.735869,-0.046032
40.355,0.702068,0.74792,0.735754,-0.0458524
40.36,0.702387,0.74785,0.73564,-0.0454632
40.365,0.686824,0.747781,0.735525,-0.0609576
40.37,0.684384,0.747712,0.735411,-0.0633284
40.375,0.674639,0.747644,0.735296,-0.0730046
40.38,0.66556,0.747575,0.735181,-0.0820153
40.385,0.671894,0.747507,0.735067,-0.0756126
40.39,0.681703,0.747439,0.734952,-0.0657366
40.395,0.684906,0.747372,0.734838,-0.0624657
40.4,0.692709,0.747304,0.734723,-0.0545955
40.405,0.687073,0.747238,0.734608,-0.0601642
40.41,0.699548,0.747171,0.734494,-0.0476233
40.415,0.702932,0.747105,0.734379,-0.0441725
40.42,0.698775,0.747039,0.734265,-0.0482638
40.425,0.712026,0.746973,0.73415,-0.0349469
40.43,0.716336,0.746907,0.734035,-0.0305711
40.435,0.70236,0.746842,0.733921,-0.0444821
40.44,0.711222,0.746778,0.733806,-0.0355558
40.445,0.705586,0.746713,0.733691,-0.0411268
40.45,0.705877,0.746649,0.733577,-0.0407722
40.455,0.701819,0.746585,0.733462,-0.0447665
40.46,0.695781,0.746522,0.733348,-0.0507407
40.465,0.715208,0.746459,0.733233,-0.0312508
40.47,0.719031,0.746396,0.733118,-0.0273649
40.475,0.707288,0.746333,0.733004,-0.0390449
40.48,0.701796,0.746271,0.732889,-0.0444756
40.485,0.708564,0.746209,0.732774,-0.0376454
40.49,0.712565,0.746148,0.73266,-0.0335827
40.495,0.699855,0.746087,0.732545,-0.0462319
40.5,0.677824,0.746026,0.73243,-0.0682019
40.505,0.664518,0.745966,0.732316,-0.0814471
40.51,0.655621,0.745905,0.732201,-0.0902843
40.515,0.654228,0.745846,0.732086,-0.0916182
40.52,0.657358,0.745786,0.731972,-0.0884286
40.525,0.664186,0.745727,0.731857,-0.0815411
40.53,0.664314,0.745669,0.731742,-0.0813547
40.535,0.683663,0.745611,0.731628,-0.0619479
40.54,0.694099,0.745553,0.731513,-0.0514534
40.545,0.700551,0.745495,0.731398,-0.0449446
40.55,0.697816,0.745438,0.731284,-0.047622
40.555,0.688674,0.745381,0.731169,-0.0567077
40.56,0.684007,0.745325,0.731054,-0.0613178
40.565,0.703067,0.745269,0.73094,-0.0422021
40.57,0.71588,0.745213,0.730825,-0.0293335
40.575,0.715792,0.745158,0.73071,-0.0293662
40.58,0.708103,0.745103,0.730595,-0.0370001
40.585,0.690616,0.745049,0.730481,-0.0544336
40.59,0.684617,0.744995,0.730366,-0.0603779
40.595,0.676045,0.744942,0.730251,-0.0688961
40.6,0.665449,0.744888,0.730137,-0.0794394
40.605,0.676768,0.744836,0.730022,-0.0680676
40.61,0.68603,0.744783,0.729907,-0.058753
40.615,0.703843,0.744731,0.729793,-0.040888
40.62,0.694759,0.74468,0.729678,-0.0499208
40.625,0.699379,0.744629,0.729563,-0.0452496
40.63,0.703198,0.744578,0.729448,-0.0413805
40.635,0.699922,0.744528,0.729334,-0.0446065
40.64,0.699378,0.744479,0.729219,-0.0451008
40.645,0.69722,0.744429,0.729104,-0.0472093
40.65,0.696397,0.74438,0.728989,-0.0479834
40.655,0.696637,0.744332,0.728875,-0.0476953
40.66,0.678676,0.744284,0.72876,-0.0656085
40.665,0.669578,0.744237,0.728645,-0.0746585
40.67,0.677346,0.74419,0.72853,-0.0668433
40.675,0.673212,0.744143,0.728416,-0.070931
40.68,0.674353,0.744097,0.728301,-0.0697441
40.685,0.6679,0.744052,0.728186,-0.0761514
40.69,0.671706,0.744007,0.728071,-0.0723003
40.695,0.688081,0.743962,0.727957,-0.0558809
40.7,0.709441,0.743918,0.727842,-0.0344766
40.705,0.704397,0.743874,0.727727,-0.0394775
40.71,0.68917,0.743831,0.727612,-0.054661
40.715,0.677692,0.743789,0.727498,-0.0660969
40.72,0.676859,0.743747,0.727383,-0.0668877
40.725,0.693802,0.743705,0.727268,-0.0499028
40.73,0.694871,0.743664,0.727153,-0.0487934
40.735,0.683786,0.743624,0.727039,-0.0598374
40.74,0.689709,0.743584,0.726924,-0.0538745
40.745,0.700403,0.743544,0.726809,-0.0431415
40.75,0.718345,0.743505,0.726694,-0.0251601
40.755,0.722617,0.743467,0.726579,-0.0208501
40.76,0.705345,0.743429,0.726465,-0.0380848
40.765,0.692169,0.743392,0.72635,-0.0512236
40.77,0.677897,0.743355,0.726235,-0.0654587
40.775,0.674242,0.743319,0.72612,-0.0690777
40.78,0.675902,0.743284,0.726006,-0.0673823
40.785,0.674313,0.743249,0.725891,-0.0689362
40.79,0.665003,0.743215,0.725776,-0.0782118
40.795,0.668865,0.743181,0.725661,-0.0743159
40.8,0.669555,0.743148,0.725546,-0.0735924
40.805,0.681073,0.743115,0.725431,-0.0620416
40.81,0.693644,0.743083,0.725317,-0.049439
40.815,0.691739,0.743052,0.725202,-0.0513128
40.82,0.695982,0.743021,0.725087,-0.0470387
40.825,0.706881,0.742991,0.724972,-0.0361096
40.83,0.715561,0.742961,0.724857,-0.0274006
40.835,0.709605,0.742933,0.724743,-0.0333279
40.84,0.693859,0.742904,0.724628,-0.0490451
40.845,0.692881,0.742877,0.724513,-0.0499962
40.85,0.691336,0.74285,0.724398,-0.0515134
40.855,0.703632,0.742824,0.724283,-0.0391915
40.86,0.706628,0.742798,0.724168,-0.0361698
40.865,0.702023,0.742773,0.724054,-0.0407505
40.87,0.712934,0.742749,0.723939,-0.0298149
40.875,0.714587,0.742725,0.723824,-0.0281388
40.88,0.696595,0.742703,0.723709,-0.0461073
40.885,0.696019,0.742681,0.723594,-0.0466612
40.89,0.676375,0.742659,0.723479,-0.0662842
40.895,0.670896,0.742638,0.723365,-0.071742
40.9,0.667067,0.742618,0.72325,-0.0755512
40.905,0.669174,0.742599,0.723135,-0.0734251
40.91,0.678863,0.742581,0.72302,-0.0637178
40.915,0.686945,0.742563,0.722905,-0.0556179
40.92,0.700207,0.742546,0.72279,-0.042339
40.925,0.714971,0.74253,0.722675,-0.0275583
40.93,0.728298,0.742514,0.72256,-0.0142167
40.935,0.71662,0.7425,0.722446,-0.0258799
40.94,0.724228,0.742486,0.722331,-0.0182574
40.945,0.705737,0.742473,0.722216,-0.0367359
40.95,0.707967,0.74246,0.722101,-0.034493
40.955,0.697639,0.742449,0.721986,-0.0448101
40.96,0.700299,0.742438,0.721871,-0.0421392
40.965,0.703196,0.742428,0.721756,-0.0392323
40.97,0.695689,0.742419,0.721641,-0.0467305
40.975,0.67948,0.742411,0.721527,-0.0629316
40.98,0.67817,0.742404,0.721412,-0.0642341
40.985,0.682722,0.742397,0.721297,-0.0596755
40.99,0.689699,0.742392,0.721182,-0.0526928
40.995,0.69428,0.742387,0.721067,-0.048107
41,0.686222,0.742383,0.720952,-0.0561613
41.005,0.689795,0.742381,0.720837,-0.0525853
41.01,0.688702,0.742379,0.720722,-0.053677
41.015,0.696356,0.742377,0.720607,-0.0460214
41.02,0.712359,0.742377,0.720492,-0.030018
41.025,0.713528,0.742378,0.720378,-0.02885
41.03,0.705873,0.74238,0.720263,-0.0365065
41.035,0.695737,0.742383,0.720148,-0.0466457
41.04,0.693947,0.742386,0.720033,-0.0484398
41.045,0.702331,0.742391,0.719918,-0.0400596
41.05,0.702136,0.742397,0.719803,-0.0402612
41.055,0.697666,0.742403,0.719688,-0.0447378
41.06,0.695392,0.742411,0.719573,-0.0470191
41.065,0.697082,0.74242,0.719458,-0.0453378
41.07,0.704989,0.74243,0.719343,-0.0374409
41.075,0.699857,0.74244,0.719228,-0.0425835
41.08,0.681608,0.742452,0.719113,-0.0608445
41.085,0.673132,0.742465,0.718998,-0.0693337
41.09,0.676421,0.742479,0.718883,-0.0660578
41.095,0.68746,0.742494,0.718769,-0.0550346
41.1,0.687316,0.742511,0.718654,-0.0551947
41.105,0.669124,0.742528,0.718539,-0.0734038
41.11,0.657949,0.742546,0.718424,-0.084597
41.115,0.659993,0.742566,0.718309,-0.0825736
41.12,0.67635,0.742587,0.718194,-0.0662366
41.125,0.690695,0.742609,0.718079,-0.0519135
41.13,0.69552,0.742632,0.717964,-0.047112
41.135,0.687932,0.742656,0.717849,-0.0547246
41.14,0.684769,0.742682,0.717734,-0.0579134
41.145,0.68957,0.742709,0.717619,-0.0531385
41.15,0.692404,0.742737,0.717504,-0.0503333
41.155,0.687307,0.742766,0.717389,-0.0554588
41.16,0.674239,0.742797,0.717274,-0.0685575
41.165,0.667961,0.742829,0.717159,-0.0748675
41.17,0.679129,0.742862,0.717044,-0.0637328
41.175,0.682827,0.742896,0.716929,-0.0600692
41.18,0.681341,0.742932,0.716814,-0.0615908
41.185,0.685328,0.74297,0.716699,-0.0576411
41.19,0.69465,0.743008,0.716584,-0.0483582
41.195,0.707578,0.743048,0.716469,-0.03547
41.2,0.699967,0.743089,0.716354,-0.0431222
41.205,0.685729,0.743132,0.716239,-0.057403
41.21,0.671643,0.743176,0.716124,-0.0715335
41.215,0.673275,0.743222,0.716009,-0.0699474
41.22,0.676485,0.743269,0.715894,-0.0667838
41.225,0.675885,0.743318,0.715779,-0.0674325
41.23,0.674519,0.743368,0.715664,-0.068849
41.235,0.67419,0.743419,0.715549,-0.0692296
41.24,0.680187,0.743473,0.715434,-0.063286
41.245,0.699499,0.743527,0.715319,-0.0440283
41.25,0.710765,0.743584,0.715204,-0.0328182
41.255,0.712842,0.743642,0.715089,-0.0307998
41.26,0.698847,0.743701,0.714974,-0.0448539
41.265,0.683505,0.743762,0.714859,-0.060257
41.27,0.680842,0.743825,0.714744,-0.0629833
41.275,0.69117,0.74389,0.714629,-0.0527199
41.28,0.694243,0.743956,0.714514,-0.0497124
41.285,0.695644,0.744024,0.714399,-0.0483799
41.29,0.696882,0.744094,0.714284,-0.0472115
41.295,0.705918,0.744165,0.714169,-0.0382474
41.3,0.706191,0.744238,0.714054,-0.038047
41.305,0.698951,0.744313,0.713939,-0.0453619
41.31,0.687996,0.74439,0.713824,-0.0563937
41.315,0.676087,0.744469,0.713709,-0.0683822
41.32,0.685894,0.74455,0.713594,-0.0586557
41.325,0.692134,0.744632,0.713479,-0.0524983
41.33,0.70398,0.744717,0.713364,-0.0407369
41.335,0.699487,0.744803,0.713249,-0.0453162
41.34,0.689792,0.744892,0.713134,-0.0550992
41.345,0.682689,0.744982,0.713019,-0.0622927
41.35,0.669613,0.745074,0.712904,-0.0754612
41.355,0.66666,0.745169,0.712788,-0.0785087
41.36,0.670542,0.745266,0.712673,-0.0747237
41.365,0.672377,0.745364,0.712558,-0.0729876
41.37,0.694431,0.745465,0.712443,-0.0510344
41.375,0.697678,0.745568,0.712328,-0.0478901
41.38,0.692478,0.745674,0.712213,-0.0531958
41.385,0.698571,0.745781,0.712098,-0.0472102
41.39,0.692656,0.745891,0.711983,-0.0532355
41.395,0.693864,0.746003,0.711868,-0.0521396
41.4,0.692745,0.746118,0.711753,-0.0533725
41.405,0.68508,0.746234,0.711638,-0.0611546
41.41,0.685383,0.746354,0.711523,-0.0609708
41.415,0.689158,0.746475,0.711408,-0.0573174
41.42,0.695153,0.746599,0.711293,-0.0514466
41.425,0.697789,0.746726,0.711178,-0.0489369
41.43,0.699822,0.746855,0.711062,-0.0470324
41.435,0.703664,0.746987,0.710947,-0.0433227
41.44,0.691643,0.747121,0.710832,-0.0554782
41.445,0.687501,0.747258,0.710717,-0.0597566
41.45,0.695496,0.747397,0.710602,-0.0519011
41.455,0.713392,0.747539,0.710487,-0.0341478
41.46,0.733628,0.747684,0.710372,-0.0140569
41.465,0.738819,0.747832,0.710257,-0.00901363
41.47,0.733412,0.747983,0.710142,-0.0145707
41.475,0.725861,0.748136,0.710027,-0.0222754
41.48,0.720371,0.748293,0.709912,-0.0279221
41.485,0.716664,0.748452,0.709796,-0.0317884
41.49,0.710069,0.748615,0.709681,-0.038546
41.495,0.715811,0.74878,0.709566,-0.0329693
41.5,0.717309,0.748948,0.709451,-0.0316391
41.505,0.709755,0.74912,0.709336,-0.0393652
41.51,0.711437,0.749295,0.709221,-0.0378578
41.515,0.710132,0.749473,0.709106,-0.0393408
41.52,0.71547,0.749654,0.708991,-0.0341845
41.525,0.703116,0.749839,0.708876,-0.046723
41.53,0.700354,0.750027,0.70876,-0.0496728
41.535,0.690182,0.750218,0.708645,-0.0600361
41.54,0.707408,0.750413,0.70853,-0.0430048
41.545,0.720175,0.750611,0.708415,-0.0304361
41.55,0.721618,0.750813,0.7083,-0.0291953
41.555,0.718631,0.751019,0.708185,-0.0323883
41.56,0.71337,0.751228,0.70807,-0.0378579
41.565,0.70592,0.751441,0.707955,-0.0455216
41.57,0.715367,0.751658,0.707839,-0.0362912
41.575,0.711455,0.751879,0.707724,-0.0404237
41.58,0.714216,0.752103,0.707609,-0.0378872
41.585,0.696729,0.752332,0.707494,-0.0556026
41.59,0.693931,0.752565,0.707379,-0.0586338
41.595,0.693448,0.752801,0.707264,-0.0593533
41.6,0.704158,0.753042,0.707149,-0.048884
41.605,0.706053,0.753287,0.707033,-0.0472342
41.61,0.695556,0.753537,0.706918,-0.0579804
41.615,0.689767,0.753791,0.706803,-0.0640237
41.62,0.696296,0.754049,0.706688,-0.0577532
41.625,0.699285,0.754312,0.706573,-0.0550268
41.63,0.697544,0.754579,0.706458,-0.0570355
41.635,0.715866,0.754851,0.706343,-0.0389851
41.64,0.721496,0.755128,0.706227,-0.0336315
41.645,0.737519,0.755409,0.706112,-0.01789
41.65,0.733008,0.755696,0.705997,-0.0226884
41.655,0.729181,0.755987,0.705882,-0.0268063
41.66,0.708867,0.756284,0.705767,-0.0474168
41.665,0.700009,0.756586,0.705652,-0.0565769
41.67,0.692815,0.756892,0.705536,-0.0640774
41.675,0.706775,0.757205,0.705421,-0.0504299
41.68,0.700066,0.757522,0.705306,-0.0574561
41.685,0.698563,0.757845,0.705191,-0.059282
41.69,0.694878,0.758174,0.705076,-0.0632959
41.695,0.7101,0.758508,0.704961,-0.0484086
41.7,0.727424,0.758849,0.704845,-0.0314248
41.705,0.737665,0.759195,0.70473,-0.0215295
41.71,0.739362,0.759547,0.704615,-0.0201846
41.715,0.732676,0.759905,0.7045,-0.0272284
41.72,0.726269,0.760269,0.704385,-0.0340005
41.725,0.720603,0.76064,0.70427,-0.0400363
41.73,0.710739,0.761017,0.704154,-0.0502777
41.735,0.704604,0.7614,0.704039,-0.0567967
41.74,0.710006,0.76179,0.703924,-0.0517841
41.745,0.716395,0.762187,0.703809,-0.045792
41.75,0.709215,0.762591,0.703694,-0.0533766
41.755,0.699471,0.763002,0.703578,-0.0635314
41.76,0.683948,0.76342,0.703463,-0.0794719
41.765,0.705067,0.763845,0.703348,-0.0587783
41.77,0.715856,0.764278,0.703233,-0.0484217
41.775,0.723064,0.764718,0.703118,-0.0416539
41.78,0.725395,0.765166,0.703003,-0.039771
41.785,0.726106,0.765621,0.702887,-0.0395152
41.79,0.732753,0.766085,0.702772,-0.0333315
41.795,0.740071,0.766557,0.702657,-0.0264851
41.8,0.739564,0.767036,0.702542,-0.0274724
41.805,0.742509,0.767525,0.702427,-0.0250154
41.81,0.744741,0.768022,0.702311,-0.0232808
41.815,0.752825,0.768527,0.702196,-0.0157024
41.82,0.746784,0.769042,0.702081,-0.0222573
41.825,0.753413,0.769565,0.701966,-0.0161518
41.83,0.755272,0.770098,0.701851,-0.0148257
41.835,0.746906,0.77064,0.701735,-0.0237339
41.84,0.733088,0.771192,0.70162,-0.0381038
41.845,0.72396,0.771754,0.701505,-0.0477935
41.85,0.73485,0.772325,0.70139,-0.037475
41.855,0.743533,0.772907,0.701274,-0.0293743
41.86,0.746235,0.773499,0.701159,-0.0272636
41.865,0.736736,0.774102,0.701044,-0.0373652
41.87,0.737365,0.774715,0.700929,-0.03735
41.875,0.725285,0.77534,0.700814,-0.0500545
41.88,0.713386,0.775975,0.700698,-0.0625895
41.885,0.712053,0.776622,0.700583,-0.0645691
41.89,0.708755,0.777281,0.700468,-0.0685267
41.895,0.718654,0.777952,0.700353,-0.0592984
41.9,0.754439,0.778635,0.700238,-0.0241959
41.905,0.758853,0.77933,0.700122,-0.0204775
41.91,0.769772,0.780038,0.700007,-0.0102669
41.915,0.748455,0.780759,0.699892,-0.0323049
41.92,0.734396,0.781494,0.699777,-0.0470974
41.925,0.735906,0.782241,0.699661,-0.0463356
41.93,0.725902,0.783003,0.699546,-0.0571006
41.935,0.723646,0.783779,0.699431,-0.0601326
41.94,0.724269,0.784569,0.699316,-0.0602991
41.945,0.731375,0.785373,0.6992,-0.0539982
41.95,0.724742,0.786193,0.699085,-0.0614507
41.955,0.717743,0.787028,0.69897,-0.0692847
41.96,0.730771,0.787879,0.698855,-0.0571081
41.965,0.74383,0.788746,0.69874,-0.0449156
41.97,0.764298,0.789629,0.698624,-0.0253305
41.975,0.763463,0.790529,0.698509,-0.0270655
41.98,0.751014,0.791446,0.698394,-0.0404319
41.985,0.754817,0.79238,0.698279,-0.0375633
41.99,0.765362,0.793332,0.698163,-0.0279702
41.995,0.779983,0.794303,0.698048,-0.0143201
42,0.776654,0.795293,0.697933,-0.0186382
42.005,0.758337,0.796301,0.697818,-0.0379644
42.01,0.742216,0.797329,0.697702,-0.0551135
42.015,0.7347,0.798378,0.697587,-0.0636771
42.02,0.737831,0.799446,0.697472,-0.0616148
42.025,0.750981,0.800536,0.697357,-0.049555
42.03,0.762958,0.801647,0.697241,-0.0386891
42.035,0.755688,0.802781,0.697126,-0.0470927
42.04,0.753239,0.803937,0.697011,-0.0506974
42.045,0.740014,0.805115,0.696896,-0.0651017
42.05,0.743196,0.806318,0.69678,-0.0631224
42.055,0.746394,0.807545,0.696665,-0.0611509
42.06,0.751163,0.808797,0.69655,-0.0576334
42.065,0.755434,0.810074,0.696435,-0.0546397
42.07,0.751478,0.811377,0.696319,-0.0598984
42.075,0.763898,0.812707,0.696204,-0.0488088
42.08,0.763733,0.814064,0.696089,-0.0503305
42.085,0.767431,0.815574,0.695974,-0.0481437
42.09,0.765425,0.816988,0.695858,-0.0515632
42.095,0.759171,0.818432,0.695743,-0.0592607
42.1,0.760735,0.819906,0.695628,-0.0591711
42.105,0.765238,0.821411,0.695513,-0.0561735
42.11,0.772003,0.822948,0.695397,-0.0509451
42.115,0.78267,0.824518,0.695282,-0.0418475
42.12,0.786288,0.826121,0.695167,-0.0398329
42.125,0.775231,0.827758,0.695052,-0.0525279
42.13,0.759326,0.829432,0.694936,-0.0701055
42.135,0.752519,0.831141,0.694821,-0.078622
42.14,0.749035,0.832888,0.694706,-0.083853
42.145,0.747924,0.834673,0.694591,-0.0867492
42.15,0.744688,0.836497,0.694475,-0.0918096
42.155,0.746188,0.838362,0.69436,-0.0921737
42.16,0.753648,0.840269,0.694245,-0.0866206
42.165,0.748259,0.842218,0.694129,-0.0939594
42.17,0.74658,0.844211,0.694014,-0.0976313
42.175,0.738663,0.84625,0.693899,-0.107587
42.18,0.751733,0.848335,0.693784,-0.096602
42.185,0.764459,0.850468,0.693668,-0.0860087
42.19,0.761348,0.85265,0.693553,-0.0913025
42.195,0.770904,0.854883,0.693438,-0.0839785
42.2,0.785776,0.857168,0.693323,-0.0713922
42.205,0.804165,0.859507,0.693207,-0.0553412
42.21,0.815075,0.8619,0.693092,-0.0468254
42.215,0.791642,0.864351,0.692977,-0.0727097
42.22,0.775225,0.866861,0.692862,-0.0916358
42.225,0.774801,0.869431,0.692746,-0.0946301
42.23,0.782909,0.872063,0.692631,-0.0891547
42.235,0.790968,0.87476,0.692516,-0.0837925
42.24,0.795911,0.877523,0.6924,-0.0816119
42.245,0.800963,0.880354,0.692285,-0.0793912
42.25,0.813587,0.883256,0.69217,-0.0696689
42.255,0.813756,0.88623,0.692055,-0.0724738
42.26,0.808864,0.889279,0.691939,-0.0804154
42.265,0.800776,0.892406,0.691824,-0.0916301
42.27,0.804777,0.895613,0.691709,-0.0908355
42.275,0.811429,0.898902,0.691594,-0.0874736
42.28,0.809746,0.902277,0.691478,-0.0925312
42.285,0.802752,0.90574,0.691363,-0.102988
42.29,0.797759,0.909294,0.691248,-0.111535
42.295,0.798368,0.912942,0.691132,-0.114574
42.3,0.80983,0.916687,0.691017,-0.106857
42.305,0.822963,0.920534,0.690902,-0.0975709
42.31,0.833751,0.924484,0.690787,-0.0907338
42.315,0.828388,0.928543,0.690671,-0.100155
42.32,0.831643,0.932714,0.690556,-0.10107
42.325,0.832699,0.937,0.690441,-0.104301
42.33,0.841432,0.941407,0.690326,-0.0999745
42.335,0.874083,0.945938,0.69021,-0.0718555
42.34,0.870675,0.950599,0.690095,-0.0799232
42.345,0.874344,0.955393,0.68998,-0.0810496
42.35,0.878755,0.960327,0.689864,-0.0815725
42.355,0.89258,0.965406,0.689749,-0.0728258
42.36,0.907056,0.970635,0.689634,-0.0635795
42.365,0.903889,0.976021,0.689519,-0.0721322
42.37,0.895079,0.98157,0.689403,-0.086491
42.375,0.891277,0.98729,0.689288,-0.096013
42.38,0.899419,0.993187,0.689173,-0.0937678
42.385,0.908074,0.99927,0.689057,-0.0911957
42.39,0.928461,1.00555,0.688942,-0.077086
42.395,0.942929,1.01203,0.688827,-0.0690981
42.4,0.945966,1.01872,0.688712,-0.0727557
42.405,0.938453,1.02564,0.688596,-0.0871863
42.41,0.936869,1.03279,0.688481,-0.0959238
42.415,0.941567,1.0402,0.688366,-0.0986285
42.42,0.94959,1.04786,0.688251,-0.0982721
42.425,0.966477,1.05581,0.688135,-0.089329
42.43,0.988815,1.06405,0.68802,-0.0752311
42.435,1.00797,1.0726,0.687905,-0.0646315
42.44,1.02008,1.08149,0.687789,-0.0614107
42.445,1.01902,1.09074,0.687674,-0.0717123
42.45,1.02155,1.10037,0.687559,-0.0788158
42.455,1.03305,1.11041,0.687444,-0.0773658
42.46,1.03137,1.1209,0.687328,-0.0895345
42.465,1.04637,1.13187,0.687213,-0.0855098
42.47,1.04989,1.14337,0.687098,-0.093477
42.475,1.09284,1.15542,0.686983,-0.0625876
42.48,1.11217,1.1681,0.686867,-0.0559279
42.485,1.14787,1.18144,0.686752,-0.0335746
42.49,1.16423,1.19552,0.686637,-0.031286
42.495,1.18701,1.2104,0.686521,-0.0233918
42.5,1.18969,1.22616,0.686406,-0.0364729
42.505,1.21411,1.24289,0.686291,-0.0287779
42.51,1.23762,1.26068,0.686176,-0.0230661
42.515,1.277,1.27964,0.68606,-0.00264206
42.52,1.31392,1.29989,0.685945,0.0140311
42.525,1.34105,1.32155,0.68583,0.0194973
42.53,1.37138,1.34478,0.685714,0.0265981
42.535,1.41017,1.36972,0.685599,0.0404476
42.54,1.44451,1.39655,0.685484,0.0479624
42.545,1.49682,1.42546,0.685369,0.0713608
42.55,1.5167,1.45665,0.685253,0.0600477
42.555,1.55278,1.49035,0.685138,0.0624335
42.56,1.59001,1.5268,0.685023,0.0632153
42.565,1.64824,1.56624,0.684908,0.0819921
42.57,1.70803,1.60898,0.684792,0.0990566
42.575,1.7653,1.65529,0.684677,0.110012
42.58,1.82306,1.70551,0.684562,0.117557
42.585,1.90363,1.75995,0.684447,0.143674
42.59,1.99404,1.81899,0.684331,0.175052
42.595,2.06035,1.88299,0.684216,0.177358
42.6,2.12243,1.95234,0.684101,0.170088
42.605,2.20928,2.02745,0.683985,0.181838
42.61,2.28765,2.10872,0.68387,0.178929
42.615,2.37344,2.1966,0.683755,0.176835
42.62,2.48406,2.29152,0.68364,0.192541
42.625,2.54722,2.39392,0.683524,0.153296
42.63,2.64988,2.50425,0.683409,0.145635
42.635,2.7577,2.62294,0.683294,0.134765
42.64,2.87548,2.75044,0.683179,0.12504
42.645,3.02702,2.88717,0.683063,0.13986
42.65,3.17776,3.03353,0.682948,0.144226
42.655,3.30957,3.18993,0.682833,0.119637
42.66,3.46203,3.35671,0.682718,0.10532
42.665,3.60539,3.53422,0.682602,0.0711785
42.67,3.78826,3.72272,0.682487,0.065539
42.675,3.97338,3.92248,0.682372,0.0508989
42.68,4.15578,4.13367,0.682257,0.0221069
42.685,4.31371,4.35644,0.682141,-0.0427234
42.69,4.50441,4.59084,0.682026,-0.086423
42.695,4.69658,4.83687,0.681911,-0.14029
42.7,4.90697,5.09446,0.681796,-0.187482
42.705,5.0907,5.36342,0.68168,-0.272723
42.71,5.33048,5.6435,0.681565,-0.313025
42.715,5.52419,5.93435,0.68145,-0.410161
42.72,5.71281,6.23549,0.681335,-0.522679
42.725,5.93487,6.54637,0.681219,-0.611499
42.73,6.22179,6.86629,0.681104,-0.644492
42.735,6.47195,7.19443,0.680989,-0.722487
42.74,6.77893,7.52987,0.680874,-0.750939
42.745,7.04419,7.87151,0.680758,-0.827325
42.75,7.22681,8.21815,0.680643,-0.991336
42.755,7.39596,8.56841,0.680528,-1.17245
42.76,7.60837,8.92076,0.680413,-1.31239
42.765,7.79251,9.27353,0.680297,-1.48102
42.77,7.9684,9.62484,0.680182,-1.65645
42.775,8.13964,9.97269,0.680067,-1.83306
42.78,8.35391,10.3149,0.679952,-1.96097
42.785,8.57321,10.6491,0.679836,-2.07584
42.79,8.74412,10.9727,0.679721,-2.22859
42.795,8.88453,11.2832,0.679606,-2.39866
42.8,9.01072,11.5778,0.679491,-2.56704
42.805,9.08997,11.8536,0.679376,-2.76362
42.81,9.16508,12.1078,0.67926,-2.94276
42.815,9.24257,12.3377,0.679145,-3.09512
42.82,9.27659,12.5404,0.67903,-3.26386
42.825,9.36851,12.7136,0.678915,-3.34508
42.83,9.46322,12.8548,0.678799,-3.39162
42.835,9.54259,12.9623,0.678684,-3.41968
42.84,9.61527,13.0344,0.678569,-3.41911
42.845,9.60164,13.0701,0.678454,-3.46848
42.85,9.5584,13.069,0.678338,-3.51059
42.855,9.56187,13.031,0.678223,-3.46911
42.86,9.51491,12.9567,0.678108,-3.44174
42.865,9.51643,12.8471,0.677993,-3.33065
42.87,9.46274,12.7038,0.677878,-3.24106
42.875,9.31504,12.5288,0.677762,-3.21371
42.88,9.15492,12.3242,0.677647,-3.1693
42.885,8.97713,12.0928,0.677532,-3.11563
42.89,8.82871,11.8371,0.677417,-3.00835
42.895,8.64226,11.5599,0.677302,-2.91768
42.9,8.50072,11.2643,0.677186,-2.76353
42.905,8.39215,10.9528,0.677071,-2.56067
42.91,8.2739,10.6284,0.676956,-2.35446
42.915,8.13554,10.2935,0.676841,-2.158
42.92,8.02794,9.95086,0.676726,-1.92292
42.925,7.89687,9.60264,0.67661,-1.70577
42.93,7.72749,9.25108,0.676495,-1.52359
42.935,7.46707,8.89818,0.67638,-1.43111
42.94,7.20673,8.5458,0.676265,-1.33907
42.945,7.01173,8.19561,0.67615,-1.18389
42.95,6.79383,7.84913,0.676034,-1.0553
42.955,6.5924,7.50771,0.675919,-0.915314
42.96,6.36634,7.17258,0.675804,-0.806242
42.965,6.17289,6.84479,0.675689,-0.671896
42.97,5.95695,6.52528,0.675574,-0.568335
42.975,5.77511,6.21486,0.675458,-0.439746
42.98,5.61421,5.91421,0.675343,-0.299992
42.985,5.44142,5.62388,0.675228,-0.18246
42.99,5.31436,5.34435,0.675113,-0.0299861
42.995,5.14117,5.07595,0.674998,0.0652221
43,4.94522,4.81895,0.674883,0.126269
43.005,4.73117,4.5735,0.674767,0.15767
43.01,4.55758,4.33969,0.674652,0.217887
43.015,4.34724,4.11752,0.674537,0.229724
43.02,4.16931,3.90691,0.674422,0.262394
43.025,4.0355,3.70774,0.674307,0.327758
43.03,3.88762,3.5198,0.674192,0.367817
43.035,3.74312,3.34285,0.674076,0.400263
43.04,3.60271,3.17661,0.673961,0.426108
43.045,3.44139,3.02073,0.673846,0.420658
43.05,3.27016,2.87486,0.673731,0.395299
43.055,3.09692,2.73861,0.673616,0.358313
43.06,2.95273,2.61157,0.673501,0.34116
43.065,2.80722,2.49331,0.673385,0.313915
43.07,2.66614,2.38339,0.67327,0.282747
43.075,2.55991,2.28137,0.673155,0.278531
43.08,2.48396,2.18682,0.67304,0.297145
43.085,2.39658,2.09927,0.672925,0.297304
43.09,2.30349,2.01831,0.67281,0.285176
43.095,2.22112,1.9435,0.672695,0.277624
43.1,2.15345,1.87442,0.672579,0.279032
43.105,2.0778,1.81067,0.672464,0.267128
43.11,1.99564,1.75186,0.672349,0.243781
43.115,1.92609,1.69762,0.672234,0.228464
43.12,1.84424,1.6476,0.672119,0.196635
43.125,1.77909,1.60147,0.672004,0.177622
43.13,1.75864,1.5589,0.671889,0.199738
43.135,1.69248,1.5196,0.671774,0.172882
43.14,1.64752,1.48329,0.671658,0.164227
43.145,1.59948,1.44972,0.671543,0.149758
43.15,1.54077,1.41865,0.671428,0.12212
43.155,1.52279,1.38985,0.671313,0.132943
43.16,1.46944,1.36312,0.671198,0.106322
43.165,1.43386,1.33827,0.671083,0.0955939
43.17,1.40093,1.31513,0.670968,0.0857976
43.175,1.34906,1.29355,0.670853,0.0555143
43.18,1.32948,1.27338,0.670738,0.0560985
43.185,1.30063,1.2545,0.670622,0.0461345
43.19,1.29061,1.23678,0.670507,0.0538216
43.195,1.25252,1.22013,0.670392,0.0323907
43.2,1.20783,1.20444,0.670277,0.00338464
43.205,1.1768,1.18964,0.670162,-0.0128387
43.21,1.15249,1.17564,0.670047,-0.0231409
43.215,1.14319,1.16237,0.669932,-0.0191822
43.22,1.14779,1.14978,0.669817,-0.00198602
43.225,1.12768,1.1378,0.669702,-0.0101186
43.23,1.10623,1.1264,0.669587,-0.020164
43.235,1.08323,1.11552,0.669472,-0.0322907
43.24,1.05897,1.10512,0.669356,-0.046152
43.245,1.04929,1.09518,0.669241,-0.04589
43.25,1.03495,1.08565,0.669126,-0.0507049
43.255,1.02957,1.07651,0.669011,-0.0469448
43.26,1.02526,1.06774,0.668896,-0.0424817
43.265,1.01819,1.05931,0.668781,-0.0411261
43.27,0.998255,1.0512,0.668666,-0.0529485
43.275,0.975753,1.0434,0.668551,-0.0676449
43.28,0.968793,1.03588,0.668436,-0.0670856
43.285,0.987202,1.02863,0.668321,-0.0414285
43.29,0.985208,1.02164,0.668206,-0.0364322
43.295,0.981306,1.01489,0.668091,-0.0335889
43.3,0.982874,1.00838,0.667976,-0.0255091
43.305,0.977726,1.0021,0.667861,-0.0243692
43.31,0.976702,0.996021,0.667746,-0.0193193
43.315,0.961851,0.990153,0.667631,-0.0283011
43.32,0.952564,0.984481,0.667516,-0.0319171
43.325,0.962206,0.978999,0.667401,-0.0167929
43.33,0.957351,0.9737,0.667286,-0.0163485
43.335,0.938027,0.968577,0.667171,-0.0305502
43.34,0.931558,0.963624,0.667056,-0.0320665
43.345,0.934681,0.958837,0.666941,-0.0241559
43.35,0.937063,0.954209,0.666826,-0.0171466
43.355,0.941555,0.949736,0.666711,-0.00818121
43.36,0.928912,0.945414,0.666596,-0.0165022
43.365,0.908427,0.941238,0.66648,-0.0328116
43.37,0.905921,0.937205,0.666365,-0.0312834
43.375,0.897482,0.93331,0.66625,-0.0358289
43.38,0.892079,0.929552,0.666135,-0.0374723
43.385,0.900403,0.925926,0.666021,-0.0255221
43.39,0.900587,0.922429,0.665906,-0.0218428
43.395,0.900285,0.919061,0.665791,-0.0187758
43.4,0.904103,0.915817,0.665676,-0.0117144
43.405,0.910423,0.912698,0.665561,-0.00227476
43.41,0.913047,0.909699,0.665446,0.00334791
43.415,0.926072,0.906822,0.665331,0.0192501
43.42,0.911642,0.904064,0.665216,0.00757743
43.425,0.893124,0.901426,0.665101,-0.0083017
43.43,0.875977,0.898907,0.664986,-0.0229296
43.435,0.875652,0.896508,0.664871,-0.020856
43.44,0.886839,0.89423,0.664756,-0.00739119
43.445,0.90598,0.892075,0.664641,0.0139053
43.45,0.915756,0.890045,0.664526,0.025711
43.455,0.933495,0.888144,0.664411,0.0453512
43.46,0.94921,0.886377,0.664296,0.0628336
43.465,0.966618,0.884749,0.664181,0.0818691
43.47,0.986337,0.883267,0.664066,0.10307
43.475,0.996902,0.881941,0.663951,0.114961
43.48,0.985833,0.880781,0.663836,0.105052
43.485,0.985505,0.8798,0.663721,0.105705
43.49,0.975126,0.879013,0.663606,0.0961133
43.495,1.00822,0.878438,0.663491,0.129786
43.5,1.02772,0.878098,0.663377,0.149625
43.505,1.03763,0.878016,0.663262,0.159613
43.51,1.03311,0.878223,0.663147,0.154884
43.515,1.02745,0.878752,0.663032,0.148703
43.52,1.03126,0.879642,0.662917,0.15162
43.525,1.0434,0.880938,0.662802,0.162461
43.53,1.04113,0.882691,0.662687,0.158443
43.535,1.04023,0.884959,0.662572,0.155267
43.54,1.05013,0.887808,0.662457,0.162325
43.545,1.07493,0.89131,0.662342,0.183618
43.55,1.09945,0.895548,0.662228,0.203899
43.555,1.10748,0.900613,0.662113,0.206865
43.56,1.12232,0.906605,0.661998,0.215712
43.565,1.14351,0.913636,0.661883,0.22987
43.57,1.17154,0.921824,0.661768,0.249716
43.575,1.21977,0.931302,0.661653,0.288464
43.58,1.24784,0.942209,0.661538,0.305636
43.585,1.27984,0.954696,0.661423,0.325143
43.59,1.32007,0.968922,0.661309,0.35115
43.595,1.33268,0.985057,0.661194,0.347625
43.6,1.35585,1.00327,0.661079,0.352577
43.605,1.36644,1.02376,0.660964,0.342687
43.61,1.39883,1.04669,0.660849,0.352137
43.615,1.42111,1.07226,0.660734,0.348849
43.62,1.45203,1.10066,0.660619,0.351364
43.625,1.50221,1.13208,0.660505,0.370129
43.63,1.53225,1.16669,0.66039,0.365556
43.635,1.55689,1.20467,0.660275,0.352223
43.64,1.58498,1.24618,0.66016,0.338804
43.645,1.63717,1.29136,0.660045,0.345818
43.65,1.71243,1.34033,0.659931,0.372102
43.655,1.78853,1.3932,0.659816,0.395331
43.66,1.85433,1.45004,0.659701,0.404295
43.665,1.90247,1.51088,0.659586,0.391585
43.67,1.92311,1.57574,0.659471,0.347373
43.675,1.95915,1.64457,0.659357,0.314576
43.68,2.00022,1.7173,0.659242,0.282921
43.685,2.02892,1.79379,0.659127,0.235134
43.69,2.08773,1.87387,0.659012,0.213865
43.695,2.13353,1.9573,0.658897,0.176228
43.7,2.16704,2.04381,0.658783,0.123229
43.705,2.20459,2.13306,0.658668,0.0715248
43.71,2.24548,2.22465,0.658553,0.0208373
43.715,2.32367,2.31812,0.658438,0.00554908
43.72,2.39222,2.41297,0.658324,-0.0207464
43.725,2.4598,2.50863,0.658209,-0.0488336
43.73,2.50521,2.6045,0.658094,-0.0992873
43.735,2.52166,2.69989,0.657979,-0.178238
43.74,2.54581,2.79411,0.657865,-0.248299
43.745,2.58111,2.88638,0.65775,-0.305271
43.75,2.61751,2.97592,0.657635,-0.358415
43.755,2.64142,3.0619,0.657521,-0.420479
43.76,2.66815,3.14347,0.657406,-0.475321
43.765,2.67488,3.21978,0.657291,-0.544897
43.77,2.69101,3.28996,0.657176,-0.598957
43.775,2.69737,3.35319,0.657062,-0.655817
43.78,2.71017,3.40866,0.656947,-0.698494
43.785,2.70522,3.45563,0.656832,-0.750415
43.79,2.70111,3.49345,0.656718,-0.792335
43.795,2.69199,3.52155,0.656603,-0.829567
43.8,2.67149,3.53952,0.656488,-0.868028
43.805,2.69181,3.54706,0.656374,-0.855255
43.81,2.68642,3.54405,0.656259,-0.857633
43.815,2.6898,3.53052,0.656144,-0.840729
43.82,2.69389,3.50667,0.65603,-0.812781
43.825,2.69614,3.47283,0.655915,-0.776693
43.83,2.67189,3.42949,0.6558,-0.757595
43.835,2.66084,3.37724,0.655686,-0.7164
43.84,2.62436,3.31678,0.655571,-0.692421
43.845,2.57193,3.24888,0.655456,-0.676943
43.85,2.52537,3.17434,0.655342,-0.648974
43.855,2.48133,3.09403,0.655227,-0.612701
43.86,2.46565,3.00879,0.655112,-0.543132
43.865,2.43627,2.91948,0.654998,-0.483209
43.87,2.39336,2.82694,0.654883,-0.433574
43.875,2.34334,2.73198,0.654769,-0.388636
43.88,2.30601,2.63539,0.654654,-0.329379
43.885,2.29055,2.5379,0.654539,-0.247349
43.89,2.25938,2.44021,0.654425,-0.18083
43.895,2.2208,2.34296,0.65431,-0.122161
43.9,2.18053,2.24675,0.654196,-0.0662161
43.905,2.16255,2.15212,0.654081,0.0104299
43.91,2.13799,2.05956,0.653966,0.0784332
43.915,2.06703,1.96949,0.653852,0.0975367
43.92,2.0153,1.88229,0.653737,0.133008
43.925,1.97395,1.79827,0.653623,0.175676
43.93,1.94509,1.7177,0.653508,0.227388
43.935,1.91758,1.64078,0.653394,0.276796
43.94,1.87243,1.56767,0.653279,0.304759
43.945,1.84124,1.49848,0.653164,0.342757
43.95,1.81561,1.43327,0.65305,0.38234
43.955,1.80188,1.37206,0.652935,0.429824
43.96,1.75365,1.31482,0.652821,0.438829
43.965,1.72346,1.26152,0.652706,0.461939
43.97,1.66979,1.21205,0.652592,0.457742
43.975,1.61304,1.16632,0.652477,0.446722
43.98,1.56394,1.12418,0.652363,0.439763
43.985,1.51768,1.08548,0.652248,0.4322
43.99,1.49969,1.05007,0.652134,0.449619
43.995,1.47854,1.01776,0.652019,0.460782
44,1.43477,0.988369,0.651905,0.4464
44.005,1.41377,0.961707,0.65179,0.452066
44.01,1.38973,0.937586,0.651676,0.452143
44.015,1.37276,0.915815,0.651561,0.456947
44.02,1.33905,0.896212,0.651447,0.442839
44.025,1.28922,0.878594,0.651333,0.410629
44.03,1.26235,0.862788,0.651218,0.399564
44.035,1.26987,0.848629,0.651104,0.421238
44.04,1.26662,0.835959,0.650989,0.430666
44.045,1.24472,0.824632,0.650875,0.42009
44.05,1.21663,0.814509,0.65076,0.402119
44.055,1.20639,0.805463,0.650646,0.400928
44.06,1.21459,0.797376,0.650531,0.417209
44.065,1.21708,0.790142,0.650417,0.426935
44.07,1.18993,0.783661,0.650303,0.406268
44.075,1.17419,0.777846,0.650188,0.396348
44.08,1.16249,0.772617,0.650074,0.389872
44.085,1.14747,0.767903,0.649959,0.379563
44.09,1.12074,0.763639,0.649845,0.357102
44.095,1.11386,0.759769,0.649731,0.354094
44.1,1.09954,0.756244,0.649616,0.343297
44.105,1.10755,0.75302,0.649502,0.354532
44.11,1.11249,0.750058,0.649388,0.362427
44.115,1.09845,0.747326,0.649273,0.351122
44.12,1.07831,0.744793,0.649159,0.333518
44.125,1.06243,0.742435,0.649045,0.319993
44.13,1.0626,0.740229,0.64893,0.322374
44.135,1.06936,0.738158,0.648816,0.3312
44.14,1.07149,0.736205,0.648702,0.335281
44.145,1.05497,0.734356,0.648587,0.320614
44.15,1.03175,0.732599,0.648473,0.299153
44.155,1.01596,0.730924,0.648359,0.285034
44.16,1.00167,0.729323,0.648244,0.272343
44.165,0.991937,0.727788,0.64813,0.264149
44.17,1.00566,0.726313,0.648016,0.279348
44.175,1.02333,0.724892,0.647901,0.298443
44.18,1.04543,0.72352,0.647787,0.321907
44.185,1.04572,0.722195,0.647673,0.32353
44.19,1.0405,0.720911,0.647559,0.319587
44.195,1.02022,0.719666,0.647444,0.300551
44.2,1.00609,0.718458,0.64733,0.287633
44.205,1.00348,0.717284,0.647216,0.286193
44.21,1.0234,0.716142,0.647102,0.307255
44.215,1.03435,0.71503,0.646987,0.319316
44.22,1.02542,0.713947,0.646873,0.311476
44.225,1.00323,0.712891,0.646759,0.290337
44.23,0.983418,0.711861,0.646645,0.271557
44.235,0.96836,0.710856,0.64653,0.257504
44.24,0.966862,0.709874,0.646416,0.256988
44.245,0.956386,0.708914,0.646302,0.247472
44.25,0.970643,0.707976,0.646188,0.262666
44.255,0.965577,0.707059,0.646074,0.258518
44.26,0.962076,0.706162,0.645959,0.255914
44.265,0.963016,0.705284,0.645845,0.257732
44.27,0.951146,0.704424,0.645731,0.246721
44.275,0.947954,0.703582,0.645617,0.244372
44.28,0.959423,0.702758,0.645503,0.256666
44.285,0.975498,0.701949,0.645389,0.273549
44.29,0.987004,0.701157,0.645274,0.285848
44.295,0.993778,0.700379,0.64516,0.293398
44.3,0.98902,0.699617,0.645046,0.289403
44.305,0.990969,0.698869,0.644932,0.292101
44.31,0.984889,0.698134,0.644818,0.286755
44.315,0.966035,0.697414,0.644704,0.268622
44.32,0.948581,0.696706,0.64459,0.251875
44.325,0.939923,0.69601,0.644476,0.243913
44.33,0.955816,0.695327,0.644362,0.260489
44.335,0.971702,0.694655,0.644247,0.277047
44.34,0.973905,0.693995,0.644133,0.27991
44.345,0.968991,0.693346,0.644019,0.275645
44.35,0.960705,0.692707,0.643905,0.267998
44.355,0.970984,0.692079,0.643791,0.278905
44.36,0.95839,0.691461,0.643677,0.26693
44.365,0.936596,0.690852,0.643563,0.245743
44.37,0.924989,0.690254,0.643449,0.234735
44.375,0.927729,0.689664,0.643335,0.238065
44.38,0.946851,0.689083,0.643221,0.257768
44.385,0.942052,0.688511,0.643107,0.253541
44.39,0.933468,0.687947,0.642993,0.245521
44.395,0.923174,0.687392,0.642879,0.235783
44.4,0.925387,0.686844,0.642765,0.238542
44.405,0.924601,0.686304,0.642651,0.238297
44.41,0.91159,0.685772,0.642537,0.225818
44.415,0.91909,0.685247,0.642423,0.233843
44.42,0.937737,0.684729,0.642309,0.253007
44.425,0.937706,0.684219,0.642195,0.253488
44.43,0.92444,0.683714,0.642081,0.240725
44.435,0.911642,0.683217,0.641967,0.228425
44.44,0.914313,0.682726,0.641853,0.231587
44.445,0.94087,0.682241,0.641739,0.258629
44.45,0.94071,0.681762,0.641625,0.258947
44.455,0.933096,0.68129,0.641512,0.251807
44.46,0.933647,0.680823,0.641398,0.252824
44.465,0.942332,0.680361,0.641284,0.261971
44.47,0.953626,0.679906,0.64117,0.27372
44.475,0.953364,0.679455,0.641056,0.273909
44.48,0.945782,0.67901,0.640942,0.266772
44.485,0.944853,0.67857,0.640828,0.266283
44.49,0.956489,0.678135,0.640714,0.278354
44.495,0.937227,0.677705,0.6406,0.259523
44.5,0.943678,0.677279,0.640487,0.266398
44.505,0.941732,0.676859,0.640373,0.264873
44.51,0.954764,0.676443,0.640259,0.278322
44.515,0.95907,0.676031,0.640145,0.283039
44.52,0.960309,0.675624,0.640031,0.284685
44.525,0.965612,0.675221,0.639917,0.290392
44.53,0.968968,0.674822,0.639804,0.294146
44.535,0.971564,0.674427,0.63969,0.297137
44.54,0.964703,0.674036,0.639576,0.290666
44.545,0.940574,0.67365,0.639462,0.266925
44.55,0.940574,0.673267,0.639349,0.267307
44.555,0.921157,0.672887,0.639235,0.24827
44.56,0.909485,0.672512,0.639121,0.236974
44.565,0.91122,0.67214,0.639007,0.23908
44.57,0.901994,0.671771,0.638893,0.230223
44.575,0.90483,0.671406,0.63878,0.233425
44.58,0.897469,0.671044,0.638666,0.226425
44.585,0.903175,0.670686,0.638552,0.232489
44.59,0.917064,0.670331,0.638439,0.246734
44.595,0.924429,0.669979,0.638325,0.25445
44.6,0.923826,0.66963,0.638211,0.254196
44.605,0.909317,0.669284,0.638097,0.240033
44.61,0.919882,0.668941,0.637984,0.250941
44.615,0.93194,0.668601,0.63787,0.263339
44.62,0.94856,0.668264,0.637756,0.280296
44.625,0.955402,0.66793,0.637643,0.287472
44.63,0.951378,0.667598,0.637529,0.28378
44.635,0.95253,0.667269,0.637416,0.28526
44.64,0.943241,0.666943,0.637302,0.276298
44.645,0.928086,0.66662,0.637188,0.261466
44.65,0.910167,0.666299,0.637075,0.243868
44.655,0.895653,0.665981,0.636961,0.229672
44.66,0.893619,0.665665,0.636847,0.227955
44.665,0.892402,0.665351,0.636734,0.227051
44.67,0.907442,0.66504,0.63662,0.242402
44.675,0.917205,0.664731,0.636507,0.252473
44.68,0.916688,0.664425,0.636393,0.252264
44.685,0.911432,0.664121,0.63628,0.247312
44.69,0.89419,0.663819,0.636166,0.230371
44.695,0.886691,0.663519,0.636052,0.223172
44.7,0.899704,0.663221,0.635939,0.236482
44.705,0.895029,0.662926,0.635825,0.232103
44.71,0.907344,0.662632,0.635712,0.244712
44.715,0.90702,0.662341,0.635598,0.244679
44.72,0.905586,0.662051,0.635485,0.243535
44.725,0.905294,0.661764,0.635371,0.24353
44.73,0.901264,0.661479,0.635258,0.239785
44.735,0.899496,0.661195,0.635144,0.238301
44.74,0.883069,0.660913,0.635031,0.222156
44.745,0.883313,0.660633,0.634917,0.22268
44.75,0.895403,0.660355,0.634804,0.235048
44.755,0.909844,0.660079,0.634691,0.249765
44.76,0.92642,0.659805,0.634577,0.266615
44.765,0.925859,0.659532,0.634464,0.266327
44.77,0.914643,0.659261,0.63435,0.255383
44.775,0.910018,0.658991,0.634237,0.251027
44.78,0.908187,0.658724,0.634123,0.249463
44.785,0.905655,0.658457,0.63401,0.247198
44.79,0.916668,0.658193,0.633897,0.258475
44.795,0.908509,0.65793,0.633783,0.250579
44.8,0.906884,0.657669,0.63367,0.249215
44.805,0.913308,0.657409,0.633557,0.255899
44.81,0.906622,0.65715,0.633443,0.249471
44.815,0.903619,0.656894,0.63333,0.246725
44.82,0.89358,0.656638,0.633217,0.236942
44.825,0.88424,0.656384,0.633103,0.227856
44.83,0.884106,0.656132,0.63299,0.227974
44.835,0.902078,0.65588,0.632877,0.246198
44.84,0.903485,0.655631,0.632763,0.247854
44.845,0.902412,0.655382,0.63265,0.24703
44.85,0.901382,0.655135,0.632537,0.246247
44.855,0.917023,0.654889,0.632423,0.262133
44.86,0.928643,0.654645,0.63231,0.273998
44.865,0.928058,0.654402,0.632197,0.273656
44.87,0.912813,0.65416,0.632084,0.258653
44.875,0.895061,0.653919,0.631971,0.241142
44.88,0.884595,0.65368,0.631857,0.230916
44.885,0.870196,0.653441,0.631744,0.216755
44.89,0.856241,0.653204,0.631631,0.203037
44.895,0.84272,0.652969,0.631518,0.189752
44.9,0.827511,0.652734,0.631404,0.174777
44.905,0.832559,0.6525,0.631291,0.180059
44.91,0.835127,0.652268,0.631178,0.182859
44.915,0.853754,0.652037,0.631065,0.201718
44.92,0.854317,0.651806,0.630952,0.202511
44.925,0.859794,0.651577,0.630839,0.208217
44.93,0.848837,0.651349,0.630726,0.197488
44.935,0.847106,0.651122,0.630612,0.195984
44.94,0.830928,0.650896,0.630499,0.180032
44.945,0.814406,0.650671,0.630386,0.163734
44.95,0.804888,0.650447,0.630273,0.154441
44.955,0.797772,0.650225,0.63016,0.147547
44.96,0.804358,0.650003,0.630047,0.154355
44.965,0.830417,0.649782,0.629934,0.180636
44.97,0.848077,0.649562,0.629821,0.198515
44.975,0.842975,0.649343,0.629708,0.193632
44.98,0.8229,0.649125,0.629595,0.173775
44.985,0.808359,0.648908,0.629482,0.159451
44.99,0.812686,0.648691,0.629369,0.163995
44.995,0.818882,0.648476,0.629256,0.170406
45,0.810805,0.648262,0.629143,0.162544
45.005,0.800353,0.648048,0.62903,0.152305
45.01,0.799536,0.647835,0.628917,0.1517
45.015,0.799856,0.647624,0.628804,0.152232
45.02,0.820594,0.647413,0.628691,0.173181
45.025,0.823667,0.647203,0.628578,0.176464
45.03,0.829577,0.646993,0.628465,0.182583
45.035,0.829418,0.646785,0.628352,0.182633
45.04,0.824719,0.646577,0.628239,0.178141
45.045,0.806091,0.646371,0.628126,0.159721
45.05,0.798668,0.646165,0.628013,0.152504
45.055,0.789153,0.645959,0.6279,0.143194
45.06,0.799244,0.645755,0.627787,0.153489
45.065,0.81149,0.645551,0.627675,0.165939
45.07,0.809713,0.645348,0.627562,0.164365
45.075,0.79956,0.645146,0.627449,0.154414
45.08,0.792898,0.644945,0.627336,0.147954
45.085,0.767179,0.644744,0.627223,0.122436
45.09,0.75695,0.644544,0.62711,0.112406
45.095,0.764878,0.644344,0.626998,0.120533
45.1,0.765473,0.644146,0.626885,0.121327
45.105,0.772438,0.643948,0.626772,0.12849
45.11,0.759601,0.643751,0.626659,0.11585
45.115,0.744281,0.643554,0.626546,0.100727
45.12,0.751942,0.643359,0.626434,0.108584
45.125,0.769318,0.643163,0.626321,0.126154
45.13,0.789956,0.642969,0.626208,0.146987
45.135,0.76867,0.642775,0.626095,0.125895
45.14,0.755143,0.642582,0.625983,0.112561
45.145,0.737053,0.642389,0.62587,0.0946643
45.15,0.738898,0.642197,0.625757,0.0967006
45.155,0.744391,0.642006,0.625645,0.102385
45.16,0.737632,0.641815,0.625532,0.0958172
45.165,0.715014,0.641625,0.625419,0.0733888
45.17,0.714175,0.641436,0.625307,0.072739
45.175,0.695584,0.641247,0.625194,0.0543374
45.18,0.696058,0.641059,0.625081,0.0549998
45.185,0.688962,0.640871,0.624969,0.0480914
45.19,0.681519,0.640684,0.624856,0.0408353
45.195,0.676608,0.640497,0.624744,0.0361104
45.2,0.689611,0.640311,0.624631,0.0493
45.205,0.708228,0.640126,0.624518,0.068102
45.21,0.728687,0.639941,0.624406,0.0887457
45.215,0.729726,0.639757,0.624293,0.0899689
45.22,0.73091,0.639573,0.624181,0.0913373
45.225,0.734649,0.63939,0.624068,0.0952593
45.23,0.745306,0.639207,0.623956,0.106099
45.235,0.734524,0.639025,0.623843,0.095499
45.24,0.724701,0.638843,0.623731,0.0858574
45.245,0.73307,0.638662,0.623618,0.0944075
45.25,0.749678,0.638482,0.623506,0.111196
45.255,0.742387,0.638302,0.623393,0.104085
45.26,0.738532,0.638122,0.623281,0.10041
45.265,0.72225,0.637943,0.623168,0.084307
45.27,0.7119,0.637764,0.623056,0.0741362
45.275,0.689727,0.637586,0.622943,0.0521409
45.28,0.674316,0.637408,0.622831,0.0369077
45.285,0.675969,0.637231,0.622719,0.0387373
45.29,0.686313,0.637055,0.622606,0.0492579
45.295,0.700328,0.636878,0.622494,0.0634499
45.3,0.702814,0.636703,0.622381,0.0661111
45.305,0.701836,0.636527,0.622269,0.0653083
45.31,0.69316,0.636353,0.622157,0.056807
45.315,0.6769,0.636178,0.622044,0.0407222
45.32,0.685012,0.636004,0.621932,0.049008
45.325,0.671369,0.635831,0.62182,0.0355384
45.33,0.670784,0.635658,0.621707,0.0351266
45.335,0.670251,0.635485,0.621595,0.0347661
45.34,0.671028,0.635313,0.621483,0.0357153
45.345,0.674041,0.635141,0.621371,0.0388998
45.35,0.656765,0.63497,0.621258,0.0217954
45.355,0.649616,0.634799,0.621146,0.0148165
45.36,0.672145,0.634629,0.621034,0.0375163
45.365,0.696843,0.634458,0.620922,0.0623849
45.37,0.694191,0.634289,0.620809,0.0599019
45.375,0.688146,0.634119,0.620697,0.0540265
45.38,0.685458,0.633951,0.620585,0.0515072
45.385,0.693342,0.633782,0.620473,0.0595597
45.39,0.701394,0.633614,0.620361,0.0677804
45.395,0.698313,0.633446,0.620248,0.0648665
45.4,0.699269,0.633279,0.620136,0.0659898
45.405,0.707845,0.633112,0.620024,0.0747326
45.41,0.714681,0.632945,0.619912,0.0817359
45.415,0.686972,0.632779,0.6198,0.0541929
45.42,0.683413,0.632613,0.619688,0.0507993
45.425,0.670107,0.632448,0.619576,0.0376585
45.43,0.681985,0.632283,0.619464,0.0497021
45.435,0.691927,0.632118,0.619352,0.059809
45.44,0.663429,0.631954,0.619239,0.031475
45.445,0.650973,0.63179,0.619127,0.019183
45.45,0.650081,0.631626,0.619015,0.0184544
45.455,0.669796,0.631463,0.618903,0.0383334
45.46,0.686408,0.6313,0.618791,0.055108
45.465,0.683742,0.631137,0.618679,0.0526049
45.47,0.67479,0.630975,0.618567,0.0438146
45.475,0.673459,0.630813,0.618455,0.0426454
45.48,0.650875,0.630652,0.618343,0.0202229
45.485,0.649889,0.63049,0.618232,0.0193991
45.49,0.650167,0.630329,0.61812,0.0198374
45.495,0.663322,0.630169,0.618008,0.0331534
45.5,0.655615,0.630008,0.617896,0.0256068
45.505,0.660513,0.629849,0.617784,0.0306648
45.51,0.655671,0.629689,0.617672,0.0259824
45.515,0.656796,0.62953,0.61756,0.0272663
45.52,0.656916,0.629371,0.617448,0.0275453
45.525,0.642392,0.629212,0.617336,0.0131804
45.53,0.644193,0.629053,0.617225,0.0151393
45.535,0.633458,0.628895,0.617113,0.0045629
45.54,0.623098,0.628738,0.617001,-0.00563926
45.545,0.634136,0.62858,0.616889,0.00555556
45.55,0.640018,0.628423,0.616777,0.011595
45.555,0.651979,0.628266,0.616665,0.0237131
45.56,0.657702,0.628109,0.616554,0.0295924
45.565,0.646799,0.627953,0.616442,0.0188455
45.57,0.641347,0.627797,0.61633,0.0135499
45.575,0.647933,0.627641,0.616219,0.0202923
45.58,0.645849,0.627486,0.616107,0.0183628
45.585,0.649716,0.627331,0.615995,0.0223857
45.59,0.647286,0.627176,0.615883,0.0201106
45.595,0.640415,0.627021,0.615772,0.0133938
45.6,0.641815,0.626867,0.61566,0.0149487
45.605,0.644216,0.626713,0.615548,0.017503
45.61,0.646807,0.626559,0.615437,0.0202481
45.615,0.657311,0.626405,0.615325,0.0309054
45.62,0.672269,0.626252,0.615214,0.0460173
45.625,0.660948,0.626099,0.615102,0.0348495
45.63,0.655751,0.625946,0.61499,0.0298052
45.635,0.638648,0.625794,0.614879,0.0128546
45.64,0.636194,0.625641,0.614767,0.0105525
45.645,0.622689,0.62549,0.614656,-0.00280053
45.65,0.62468,0.625338,0.614544,-0.000658112
45.655,0.627433,0.625186,0.614433,0.00224706
45.66,0.640728,0.625035,0.614321,0.0156925
45.665,0.646122,0.624884,0.61421,0.0212377
45.67,0.640746,0.624733,0.614098,0.0160123
45.675,0.632549,0.624583,0.613987,0.00796583
45.68,0.623063,0.624433,0.613875,-0.00137
45.685,0.628971,0.624283,0.613764,0.00468839
45.69,0.644328,0.624133,0.613652,0.0201949
45.695,0.650627,0.623983,0.613541,0.0266435
45.7,0.648828,0.623834,0.613429,0.024994
45.705,0.634728,0.623685,0.613318,0.0110428
45.71,0.618445,0.623536,0.613207,-0.00509172
45.715,0.619685,0.623388,0.613095,-0.00370259
45.72,0.618421,0.623239,0.612984,-0.00481791
45.725,0.623465,0.623091,0.612873,0.000373694
45.73,0.628651,0.622943,0.612761,0.00570813
45.735,0.612571,0.622796,0.61265,-0.0102246
45.74,0.595337,0.622648,0.612539,-0.0273116
45.745,0.586766,0.622501,0.612427,-0.0357352
45.75,0.575779,0.622354,0.612316,-0.0465753
45.755,0.583834,0.622207,0.612205,-0.0383732
45.76,0.591862,0.622061,0.612094,-0.0301983
45.765,0.59274,0.621914,0.611982,-0.0291745
45.77,0.57931,0.621768,0.611871,-0.0424576
45.775,0.5787,0.621622,0.61176,-0.042922
45.78,0.584894,0.621476,0.611649,-0.0365825
45.785,0.610632,0.621331,0.611537,-0.0106988
45.79,0.615865,0.621185,0.611426,-0.00532086
45.795,0.607838,0.62104,0.611315,-0.0132021
45.8,0.598503,0.620895,0.611204,-0.0223922
45.805,0.591381,0.620751,0.611093,-0.0293697
45.81,0.599761,0.620606,0.610982,-0.0208449
45.815,0.598342,0.620462,0.610871,-0.0221203
45.82,0.60039,0.620318,0.61076,-0.0199275
45.825,0.609698,0.620174,0.610648,-0.0104755
45.83,0.605701,0.62003,0.610537,-0.0143287
45.835,0.600985,0.619887,0.610426,-0.018902
45.84,0.594111,0.619743,0.610315,-0.0256322
45.845,0.577552,0.6196,0.610204,-0.0420478
45.85,0.573875,0.619457,0.610093,-0.0455825
45.855,0.5783,0.619314,0.609982,-0.0410141
45.86,0.587657,0.619172,0.609871,-0.0315147
45.865,0.599797,0.619029,0.60976,-0.019232
45.87,0.605421,0.618887,0.609649,-0.0134659
45.875,0.614855,0.618745,0.609538,-0.00388973
45.88,0.613996,0.618603,0.609428,-0.00460766
45.885,0.610457,0.618462,0.609317,-0.0080042
45.89,0.586865,0.61832,0.609206,-0.0314547
45.895,0.581457,0.618179,0.609095,-0.0367217
45.9,0.599545,0.618038,0.608984,-0.0184932
45.905,0.612001,0.617897,0.608873,-0.00589626
45.91,0.609599,0.617756,0.608762,-0.00815704
45.915,0.594629,0.617616,0.608651,-0.0229867
45.92,0.590462,0.617475,0.608541,-0.0270132
45.925,0.593347,0.617335,0.60843,-0.0239874
45.93,0.58668,0.617195,0.608319,-0.0305152
45.935,0.581205,0.617055,0.608208,-0.0358497
45.94,0.582196,0.616915,0.608098,-0.0347191
45.945,0.600273,0.616776,0.607987,-0.016503
45.95,0.619178,0.616636,0.607876,0.00254134
45.955,0.623251,0.616497,0.607765,0.00675403
45.96,0.628293,0.616358,0.607655,0.011935
45.965,0.622746,0.616219,0.607544,0.00652713
45.97,0.617308,0.61608,0.607433,0.00122776
45.975,0.610423,0.615942,0.607323,-0.005519
45.98,0.617396,0.615803,0.607212,0.00159282
45.985,0.642205,0.615665,0.607101,0.0265401
45.99,0.657171,0.615527,0.606991,0.0416438
45.995,0.654056,0.615389,0.60688,0.0386671
46,0.643012,0.615251,0.60677,0.0277606
46.005,0.630443,0.615114,0.606659,0.0153294
46.01,0.617886,0.614976,0.606549,0.00291045
46.015,0.593492,0.614839,0.606438,-0.0213468
46.02,0.585427,0.614702,0.606327,-0.0292741
46.025,0.580533,0.614565,0.606217,-0.0340311
46.03,0.585247,0.614428,0.606106,-0.0291804
46.035,0.576445,0.614291,0.605996,-0.0378458
46.04,0.569386,0.614154,0.605886,-0.0447682
46.045,0.579515,0.614018,0.605775,-0.0345026
46.05,0.594564,0.613882,0.605665,-0.0193179
46.055,0.600322,0.613746,0.605554,-0.0134239
46.06,0.601099,0.61361,0.605444,-0.012511
46.065,0.59887,0.613474,0.605333,-0.0146041
46.07,0.6049,0.613338,0.605223,-0.00843835
46.075,0.612389,0.613203,0.605113,-0.000813348
46.08,0.616122,0.613067,0.605002,0.00305448
46.085,0.602651,0.612932,0.604892,-0.0102805
46.09,0.587512,0.612797,0.604782,-0.0252846
46.095,0.577102,0.612662,0.604671,-0.0355599
46.1,0.581827,0.612527,0.604561,-0.0307003
46.105,0.578202,0.612392,0.604451,-0.0341906
46.11,0.567499,0.612258,0.604341,-0.0447588
46.115,0.571205,0.612123,0.60423,-0.040918
46.12,0.575296,0.611989,0.60412,-0.0366929
46.125,0.577068,0.611855,0.60401,-0.0347864
46.13,0.566801,0.611721,0.6039,-0.0449197
46.135,0.581966,0.611587,0.60379,-0.0296211
46.14,0.608831,0.611453,0.603679,-0.00262217
46.145,0.641752,0.61132,0.603569,0.0304328
46.15,0.645723,0.611186,0.603459,0.0345375
46.155,0.6251,0.611053,0.603349,0.0140477
46.16,0.593923,0.610919,0.603239,-0.0169968
46.165,0.58023,0.610786,0.603129,-0.0305568
46.17,0.577552,0.610653,0.603019,-0.0331014
46.175,0.585822,0.610521,0.602909,-0.0246985
46.18,0.584989,0.610388,0.602799,-0.0253985
46.185,0.574246,0.610255,0.602689,-0.036009
46.19,0.573088,0.610123,0.602579,-0.0370349
46.195,0.581597,0.60999,0.602469,-0.0283938
46.2,0.579604,0.609858,0.602359,-0.0302542
46.205,0.585445,0.609726,0.602249,-0.0242813
46.21,0.586156,0.609594,0.602139,-0.0234381
46.215,0.587462,0.609462,0.602029,-0.0219999
46.22,0.588847,0.609331,0.601919,-0.0204835
46.225,0.590814,0.609199,0.601809,-0.0183851
46.23,0.588043,0.609067,0.601699,-0.0210242
46.235,0.585495,0.608936,0.601589,-0.0234409
46.24,0.584272,0.608805,0.601479,-0.024533
46.245,0.593048,0.608674,0.60137,-0.015626
46.25,0.607538,0.608543,0.60126,-0.00100463
46.255,0.610293,0.608412,0.60115,0.00188079
46.26,0.595978,0.608281,0.60104,-0.0123028
46.265,0.595775,0.60815,0.60093,-0.0123755
46.27,0.598159,0.60802,0.600821,-0.0098604
46.275,0.591545,0.607889,0.600711,-0.0163445
46.28,0.585863,0.607759,0.600601,-0.0218956
46.285,0.573727,0.607629,0.600491,-0.0339022
46.29,0.58622,0.607499,0.600382,-0.0212784
46.295,0.603376,0.607369,0.600272,-0.00399312
46.3,0.608515,0.607239,0.600162,0.00127564
46.305,0.60787,0.607109,0.600053,0.000760771
46.31,0.609591,0.60698,0.599943,0.00261109
46.315,0.597421,0.60685,0.599834,-0.00942947
46.32,0.603386,0.606721,0.599724,-0.00333457
46.325,0.591803,0.606591,0.599614,-0.0147882
46.33,0.589648,0.606462,0.599505,-0.0168142
46.335,0.575178,0.606333,0.599395,-0.0311546
46.34,0.583623,0.606204,0.599286,-0.0225815
46.345,0.597844,0.606075,0.599176,-0.00823092
46.35,0.608346,0.605946,0.599067,0.00239997
46.355,0.605349,0.605818,0.598957,-0.000468766
46.36,0.597146,0.605689,0.598848,-0.00854365
46.365,0.588832,0.605561,0.598738,-0.016729
46.37,0.584858,0.605432,0.598629,-0.0205748
46.375,0.57099,0.605304,0.598519,-0.0343137
46.38,0.574187,0.605176,0.59841,-0.030989
46.385,0.570033,0.605048,0.598301,-0.0350149
46.39,0.574972,0.60492,0.598191,-0.0299477
46.395,0.577703,0.604792,0.598082,-0.0270888
46.4,0.567562,0.604665,0.597973,-0.0371026
46.405,0.565917,0.604537,0.597863,-0.0386198
46.41,0.551746,0.604409,0.597754,-0.0526634
46.415,0.562531,0.604282,0.597645,-0.0417513
46.42,0.571166,0.604155,0.597535,-0.0329884
46.425,0.580308,0.604027,0.597426,-0.0237194
46.43,0.5828,0.6039,0.597317,-0.0211
46.435,0.592189,0.603773,0.597208,-0.011584
46.44,0.595408,0.603646,0.597099,-0.00823828
46.445,0.602324,0.603519,0.596989,-0.00119559
46.45,0.596994,0.603393,0.59688,-0.006399
46.455,0.601249,0.603266,0.596771,-0.00201719
46.46,0.600612,0.60314,0.596662,-0.00252783
46.465,0.601919,0.603013,0.596553,-0.0010942
46.47,0.592719,0.602887,0.596444,-0.0101673
46.475,0.598224,0.60276,0.596335,-0.00453688
46.48,0.585836,0.602634,0.596226,-0.0167983
46.485,0.566549,0.602508,0.596117,-0.0359593
46.49,0.553586,0.602382,0.596008,-0.0487963
46.495,0.544585,0.602256,0.595899,-0.0576709
46.5,0.552737,0.602131,0.59579,-0.0493934
46.505,0.560964,0.602005,0.595681,-0.0410405
46.51,0.578237,0.601879,0.595572,-0.023642
46.515,0.579959,0.601754,0.595463,-0.0217951
46.52,0.566127,0.601628,0.595354,-0.0355012
46.525,0.564,0.601503,0.595245,-0.0375026
46.53,0.572664,0.601378,0.595136,-0.0287136
46.535,0.597705,0.601253,0.595027,-0.00354799
46.54,0.603436,0.601127,0.594918,0.00230827
46.545,0.608914,0.601003,0.594809,0.00791135
46.55,0.608174,0.600878,0.594701,0.00729631
46.555,0.604427,0.600753,0.594592,0.00367393
46.56,0.591305,0.600628,0.594483,-0.0093229
46.565,0.581325,0.600504,0.594374,-0.0191789
46.57,0.585522,0.600379,0.594265,-0.014857
46.575,0.590127,0.600255,0.594157,-0.0101275
46.58,0.596368,0.60013,0.594048,-0.00376258
46.585,0.58805,0.600006,0.593939,-0.011956
46.59,0.602976,0.599882,0.593831,0.00309434
46.595,0.60338,0.599758,0.593722,0.00362242
46.6,0.610317,0.599634,0.593613,0.010683
46.605,0.597535,0.59951,0.593505,-0.00197489
46.61,0.589911,0.599386,0.593396,-0.00947471
46.615,0.58938,0.599262,0.593287,-0.00988215
46.62,0.586658,0.599138,0.593179,-0.0124804
46.625,0.583623,0.599015,0.59307,-0.0153921
46.63,0.581862,0.598891,0.592962,-0.0170293
46.635,0.584769,0.598768,0.592853,-0.0139989
46.64,0.588852,0.598644,0.592745,-0.00979215
46.645,0.586241,0.598521,0.592636,-0.0122804
46.65,0.579675,0.598398,0.592528,-0.0187233
46.655,0.57496,0.598275,0.592419,-0.0233145
46.66,0.572842,0.598152,0.592311,-0.0253097
46.665,0.57546,0.598029,0.592203,-0.0225685
46.67,0.586425,0.597906,0.592094,-0.0114816
46.675,0.596485,0.597783,0.591986,-0.00129799
46.68,0.603328,0.597661,0.591877,0.00566726
46.685,0.598092,0.597538,0.591769,0.000554464
46.69,0.596794,0.597415,0.591661,-0.000621266
46.695,0.598638,0.597293,0.591552,0.00134547
46.7,0.600181,0.597171,0.591444,0.00301077
46.705,0.597282,0.597048,0.591336,0.000233648
46.71,0.587028,0.596926,0.591228,-0.00989778
46.715,0.593082,0.596804,0.591119,-0.00372184
46.72,0.60127,0.596682,0.591011,0.00458854
46.725,0.622152,0.59656,0.590903,0.0255918
46.73,0.628883,0.596438,0.590795,0.0324454
46.735,0.614624,0.596316,0.590687,0.0183081
46.74,0.592706,0.596194,0.590579,-0.00348821
46.745,0.580651,0.596073,0.59047,-0.0154217
46.75,0.576701,0.595951,0.590362,-0.01925
46.755,0.600707,0.59583,0.590254,0.00487744
46.76,0.608072,0.595708,0.590146,0.012364
46.765,0.613203,0.595587,0.590038,0.0176161
46.77,0.611334,0.595465,0.58993,0.0158686
46.775,0.602448,0.595344,0.589822,0.00710416
46.78,0.597717,0.595223,0.589714,0.00249369
46.785,0.574924,0.595102,0.589606,-0.0201775
46.79,0.557995,0.594981,0.589498,-0.0369862
46.795,0.547624,0.59486,0.58939,-0.047236
46.8,0.563925,0.594739,0.589282,-0.0308145
46.805,0.584728,0.594618,0.589174,-0.00989004
46.81,0.59446,0.594498,0.589067,-3.77163e-05
46.815,0.593476,0.594377,0.588959,-0.000900693
46.82,0.594068,0.594256,0.588851,-0.000188463
46.825,0.596735,0.594136,0.588743,0.00259952
46.83,0.599999,0.594015,0.588635,0.00598304
46.835,0.593891,0.593895,0.588527,-4.63252e-06
46.84,0.587814,0.593775,0.58842,-0.00596123
46.845,0.592775,0.593655,0.588312,-0.000879746
46.85,0.595549,0.593535,0.588204,0.00201476
46.855,0.594253,0.593414,0.588096,0.000838277
46.86,0.592264,0.593294,0.587989,-0.00103033
46.865,0.590884,0.593175,0.587881,-0.00229049
46.87,0.594474,0.593055,0.587773,0.00141906
46.875,0.595692,0.592935,0.587666,0.00275707
46.88,0.59695,0.592815,0.587558,0.00413488
46.885,0.599918,0.592695,0.587451,0.00722256
46.89,0.602193,0.592576,0.587343,0.00961748
46.895,0.595085,0.592456,0.587235,0.00262855
46.9,0.587399,0.592337,0.587128,-0.00493843
46.905,0.581124,0.592218,0.58702,-0.0110935
46.91,0.575048,0.592098,0.586913,-0.0170506
46.915,0.572675,0.591979,0.586805,-0.0193037
46.92,0.594747,0.59186,0.586698,0.0028871
46.925,0.610992,0.591741,0.586591,0.0192516
46.93,0.61426,0.591622,0.586483,0.0226382
46.935,0.619437,0.591503,0.586376,0.0279341
46.94,0.606566,0.591384,0.586268,0.0151826
46.945,0.596979,0.591265,0.586161,0.00571398
46.95,0.591379,0.591146,0.586054,0.000233152
46.955,0.586138,0.591031,0.585946,-0.00489222
46.96,0.596818,0.590912,0.585839,0.00590649
46.965,0.611065,0.590793,0.585732,0.0202712
46.97,0.611326,0.590675,0.585625,0.0206515
46.975,0.612589,0.590556,0.585517,0.022032
46.98,0.617117,0.590438,0.58541,0.026679
46.985,0.625739,0.59032,0.585303,0.0354191
46.99,0.62764,0.590202,0.585196,0.0374379
46.995,0.642252,0.590083,0.585088,0.0521688
47,0.640621,0.589965,0.584981,0.0506559
47.005,0.644002,0.589847,0.584874,0.0541548
47.01,0.62805,0.589729,0.584767,0.0383203
47.015,0.610115,0.589611,0.58466,0.0205039
47.02,0.598288,0.589494,0.584553,0.00879438
47.025,0.600082,0.589376,0.584446,0.0107062
47.03,0.605051,0.589258,0.584339,0.0157929
47.035,0.605096,0.58914,0.584232,0.0159553
47.04,0.613029,0.589023,0.584125,0.0240061
47.045,0.613725,0.588905,0.584018,0.0248197
47.05,0.614792,0.588788,0.583911,0.0260039
47.055,0.604994,0.58867,0.583804,0.0163233
47.06,0.601078,0.588553,0.583697,0.0125249
47.065,0.599923,0.588436,0.58359,0.0114875
47.07,0.602526,0.588319,0.583483,0.0142077
47.075,0.58771,0.588201,0.583377,-0.000491481
47.08,0.575775,0.588084,0.58327,-0.0123096
47.085,0.585992,0.587967,0.583163,-0.00197492
47.09,0.596747,0.58785,0.583056,0.00889657
47.095,0.599366,0.587733,0.582949,0.011633
47.1,0.581878,0.587617,0.582843,-0.00573879
47.105,0.568379,0.5875,0.582736,-0.0191203
47.11,0.582659,0.587383,0.582629,-0.00472365
47.115,0.605311,0.587266,0.582523,0.0180451
47.12,0.612687,0.58715,0.582416,0.0255373
47.125,0.592539,0.587033,0.582309,0.00550553
47.13,0.577313,0.586917,0.582203,-0.00960366
47.135,0.56475,0.5868,0.582096,-0.0220499
47.14,0.578461,0.586684,0.581989,-0.00822252
47.145,0.588277,0.586568,0.581883,0.00170969
47.15,0.591293,0.586451,0.581776,0.00484177
47.155,0.588303,0.586335,0.58167,0.00196818
47.16,0.573296,0.586219,0.581563,-0.012923
47.165,0.578417,0.586103,0.581457,-0.00768593
47.17,0.582723,0.585987,0.58135,-0.00326447
47.175,0.591285,0.585871,0.581244,0.00541375
47.18,0.595035,0.585755,0.581138,0.00927961
47.185,0.591443,0.585639,0.581031,0.00580326
47.19,0.5938,0.585524,0.580925,0.00827619
47.195,0.60209,0.585408,0.580818,0.0166817
47.2,0.603862,0.585292,0.580712,0.0185698
47.205,0.613472,0.585177,0.580606,0.0282951
47.21,0.61457,0.585061,0.5805,0.0295088
47.215,0.59845,0.584946,0.580393,0.0135048
47.22,0.593105,0.58483,0.580287,0.00827452
47.225,0.59718,0.584715,0.580181,0.0124649
47.23,0.594271,0.5846,0.580075,0.00967139
47.235,0.590865,0.584484,0.579968,0.00638062
47.24,0.590212,0.584369,0.579862,0.00584311
47.245,0.595462,0.584254,0.579756,0.0112077
47.25,0.602662,0.584139,0.57965,0.0185226
47.255,0.597534,0.584024,0.579544,0.0135097
47.26,0.582323,0.583909,0.579438,-0.00158577
47.265,0.570304,0.583794,0.579332,-0.0134905
47.27,0.566672,0.583679,0.579226,-0.0170076
47.275,0.550636,0.583564,0.57912,-0.0329287
47.28,0.545874,0.58345,0.579014,-0.0375761
47.285,0.565796,0.583335,0.578908,-0.017539
47.29,0.570914,0.58322,0.578802,-0.012306
47.295,0.591548,0.583106,0.578696,0.00844228
47.3,0.603625,0.582991,0.57859,0.0206336
47.305,0.602262,0.582877,0.578484,0.0193852
47.31,0.603848,0.582763,0.578378,0.0210858
47.315,0.6115,0.582648,0.578272,0.0288516
47.32,0.620747,0.582534,0.578167,0.0382133
47.325,0.615109,0.58242,0.578061,0.032689
47.33,0.60552,0.582306,0.577955,0.0232144
47.335,0.571538,0.582191,0.577849,-0.0106535
47.34,0.560169,0.582077,0.577743,-0.0219079
47.345,0.551468,0.581963,0.577638,-0.0304955
47.35,0.551248,0.581849,0.577532,-0.0306016
47.355,0.550502,0.581736,0.577426,-0.0312333
47.36,0.548454,0.581622,0.577321,-0.0331678
47.365,0.554509,0.581508,0.577215,-0.0269993
47.37,0.572528,0.581394,0.57711,-0.00886643
47.375,0.576177,0.581281,0.577004,-0.00510317
47.38,0.576343,0.581167,0.576898,-0.00482381
47.385,0.585665,0.581053,0.576793,0.00461186
47.39,0.601604,0.58094,0.576687,0.0206642
47.395,0.608724,0.580826,0.576582,0.027898
47.4,0.601629,0.580713,0.576476,0.0209157
47.405,0.593344,0.5806,0.576371,0.0127447
47.41,0.605448,0.580486,0.576266,0.0249617
47.415,0.606557,0.580373,0.57616,0.0261834
47.42,0.60174,0.58026,0.576055,0.0214796
47.425,0.580914,0.580147,0.575949,0.000767262
47.43,0.570798,0.580034,0.575844,-0.00923529
47.435,0.577833,0.579921,0.575739,-0.00208758
47.44,0.57906,0.579808,0.575633,-0.000747804
47.445,0.593875,0.579695,0.575528,0.0141804
47.45,0.598781,0.579582,0.575423,0.0191994
47.455,0.589128,0.579469,0.575318,0.00965859
47.46,0.587193,0.579356,0.575212,0.00783704
47.465,0.57327,0.579244,0.575107,-0.00597358
47.47,0.575026,0.579131,0.575002,-0.00410465
47.475,0.584414,0.579018,0.574897,0.00539509
47.48,0.581081,0.578906,0.574792,0.0021755
47.485,0.584201,0.578793,0.574687,0.00540752
47.49,0.58247,0.578681,0.574582,0.00378878
47.495,0.592524,0.578569,0.574477,0.0139552
47.5,0.604188,0.578456,0.574372,0.0257315
47.505,0.60659,0.578344,0.574267,0.028246
47.51,0.595928,0.578232,0.574162,0.0176958
47.515,0.593532,0.57812,0.574057,0.0154127
47.52,0.605688,0.578007,0.573952,0.0276806
47.525,0.606767,0.577895,0.573847,0.028872
47.53,0.605644,0.577783,0.573742,0.0278604
47.535,0.594081,0.577671,0.573637,0.0164099
47.54,0.594586,0.577559,0.573532,0.0170263
47.545,0.595264,0.577448,0.573427,0.0178161
47.55,0.592289,0.577336,0.573323,0.0149527
47.555,0.582312,0.577224,0.573218,0.00508771
47.56,0.573377,0.577112,0.573113,-0.00373556
47.565,0.57255,0.577001,0.573008,-0.0044503
47.57,0.574901,0.576889,0.572904,-0.00198776
47.575,0.590119,0.576778,0.572799,0.0133416
47.58,0.60131,0.576666,0.572694,0.0246435
47.585,0.605588,0.576555,0.57259,0.0290329
47.59,0.609081,0.576443,0.572485,0.0326376
47.595,0.613088,0.576332,0.57238,0.0367566
47.6,0.597255,0.576221,0.572276,0.0210346
47.605,0.605796,0.576109,0.572171,0.0296863
47.61,0.612128,0.575998,0.572067,0.0361295
47.615,0.63987,0.575887,0.571962,0.0639829
47.62,0.643174,0.575776,0.571858,0.0673982
47.625,0.62332,0.575665,0.571753,0.0476552
47.63,0.600374,0.575554,0.571649,0.02482
47.635,0.591797,0.575443,0.571544,0.0163539
47.64,0.598436,0.575332,0.57144,0.0231043
47.645,0.591544,0.575221,0.571336,0.0163229
47.65,0.587195,0.57511,0.571231,0.0120843
47.655,0.570426,0.575,0.571127,-0.0045736
47.66,0.573862,0.574889,0.571023,-0.00102676
47.665,0.58303,0.574778,0.570919,0.00825167
47.67,0.594968,0.574668,0.570814,0.0203003
47.675,0.593053,0.574557,0.57071,0.0184956
47.68,0.605943,0.574447,0.570606,0.0314957
47.685,0.611494,0.574336,0.570502,0.0371578
47.69,0.606231,0.574226,0.570398,0.0320052
47.695,0.610058,0.574116,0.570293,0.0359425
47.7,0.592497,0.574005,0.570189,0.0184912
47.705,0.593873,0.573895,0.570085,0.0199777
47.71,0.590191,0.573785,0.569981,0.0164059
47.715,0.595985,0.573675,0.569877,0.0223097
47.72,0.595092,0.573565,0.569773,0.0215276
47.725,0.591102,0.573455,0.569669,0.0176473
47.73,0.586798,0.573345,0.569565,0.0134537
47.735,0.587603,0.573235,0.569461,0.0143682
47.74,0.593022,0.573125,0.569357,0.0198967
47.745,0.596079,0.573015,0.569253,0.0230634
47.75,0.590591,0.572905,0.56915,0.0176853
47.755,0.588935,0.572796,0.569046,0.0161397
47.76,0.590701,0.572686,0.568942,0.0180155
47.765,0.604491,0.572576,0.568838,0.0319147
47.77,0.616993,0.572467,0.568734,0.0445258
47.775,0.618116,0.572357,0.568631,0.0457591
47.78,0.620023,0.572248,0.568527,0.0477753
47.785,0.595755,0.572138,0.568423,0.0236169
47.79,0.588878,0.572029,0.568319,0.0168492
47.795,0.583149,0.57192,0.568216,0.0112296
47.8,0.587176,0.57181,0.568112,0.0153658
47.805,0.597803,0.571701,0.568009,0.0261014
47.81,0.6121,0.571592,0.567905,0.0405077
47.815,0.620368,0.571483,0.567801,0.0488849
47.82,0.619192,0.571374,0.567698,0.0478185
47.825,0.607097,0.571265,0.567594,0.0358318
47.83,0.582151,0.571156,0.567491,0.0109948
47.835,0.586127,0.571047,0.567387,0.0150804
47.84,0.581213,0.570938,0.567284,0.0102748
47.845,0.584757,0.570829,0.567181,0.0139276
47.85,0.587804,0.57072,0.567077,0.017084
47.855,0.576196,0.570612,0.566974,0.00558433
47.86,0.573988,0.570503,0.566871,0.00348525
47.865,0.577104,0.570394,0.566767,0.00670947
47.87,0.561933,0.570286,0.566664,-0.00835249
47.875,0.580363,0.570177,0.566561,0.0101858
47.88,0.563343,0.570069,0.566457,-0.00672583
47.885,0.569663,0.56996,0.566354,-0.000297717
47.89,0.566628,0.569852,0.566251,-0.0032238
47.895,0.563245,0.569744,0.566148,-0.00649847
47.9,0.570507,0.569635,0.566045,0.000871846
47.905,0.587557,0.569527,0.565942,0.0180294
47.91,0.586274,0.569419,0.565839,0.0168549
47.915,0.578979,0.569311,0.565735,0.00966769
47.92,0.558631,0.569203,0.565632,-0.0105716
47.925,0.5628,0.569095,0.565529,-0.00629471
47.93,0.573712,0.568987,0.565426,0.00472522
47.935,0.573755,0.568879,0.565323,0.00487645
47.94,0.557316,0.568771,0.565221,-0.0114545
47.945,0.54339,0.568663,0.565118,-0.0252731
47.95,0.5372,0.568555,0.565015,-0.0313552
47.955,0.548355,0.568448,0.564912,-0.0200924
47.96,0.556741,0.56834,0.564809,-0.0115987
47.965,0.56644,0.568232,0.564706,-0.00179187
47.97,0.57354,0.568125,0.564603,0.00541563
47.975,0.571795,0.568017,0.564501,0.00377814
47.98,0.566926,0.56791,0.564398,-0.000983327
47.985,0.548288,0.567802,0.564295,-0.0195147
47.99,0.53884,0.567695,0.564192,-0.0288545
47.995,0.532684,0.567587,0.56409,-0.0349036
48,0.552805,0.56748,0.563987,-0.0146751
48.005,0.561708,0.567373,0.563885,-0.00566495
48.01,0.56076,0.567266,0.563782,-0.00650546
48.015,0.574592,0.567159,0.563679,0.00743307
48.02,0.58809,0.567052,0.563577,0.0210385
48.025,0.597119,0.566944,0.563474,0.0301748
48.03,0.588073,0.566838,0.563372,0.0212353
48.035,0.567103,0.566731,0.563269,0.000372759
48.04,0.547931,0.566624,0.563167,-0.0186923
48.045,0.542964,0.566517,0.563065,-0.0235528
48.05,0.542762,0.56641,0.562962,-0.0236482
48.055,0.558359,0.566303,0.56286,-0.00794421
48.06,0.57887,0.566197,0.562757,0.0126733
48.065,0.596893,0.56609,0.562655,0.030803
48.07,0.595033,0.565983,0.562553,0.0290498
48.075,0.578342,0.565877,0.562451,0.0124656
48.08,0.571794,0.56577,0.562348,0.00602411
48.085,0.576676,0.565664,0.562246,0.011012
48.09,0.581026,0.565558,0.562144,0.0154687
48.095,0.600777,0.565451,0.562042,0.035326
48.1,0.612906,0.565345,0.56194,0.0475611
48.105,0.642322,0.565239,0.561838,0.0770837
48.11,0.646779,0.565132,0.561736,0.0816466
48.115,0.623579,0.565026,0.561633,0.0585531
48.12,0.594302,0.56492,0.561531,0.0293816
48.125,0.60026,0.564814,0.561429,0.0354456
48.13,0.595423,0.564708,0.561327,0.0307145
48.135,0.6096,0.564602,0.561225,0.0449973
48.14,0.607156,0.564496,0.561124,0.0426595
48.145,0.601854,0.56439,0.561022,0.0374634
48.15,0.608779,0.564285,0.56092,0.0444943
48.155,0.599744,0.564179,0.560818,0.0355649
48.16,0.596183,0.564073,0.560716,0.0321096
48.165,0.584844,0.563968,0.560614,0.0208762
48.17,0.578531,0.563862,0.560513,0.0146694
48.175,0.589248,0.563757,0.560411,0.0254918
48.18,0.593274,0.563651,0.560309,0.0296228
48.185,0.588118,0.563546,0.560207,0.0245728
48.19,0.58213,0.56344,0.560106,0.0186896
48.195,0.571822,0.563335,0.560004,0.00848722
48.2,0.582529,0.56323,0.559903,0.0192998
48.205,0.578104,0.563124,0.559801,0.0149791
48.21,0.57856,0.563019,0.559699,0.0155407
48.215,0.592994,0.562914,0.559598,0.0300799
48.22,0.582503,0.562809,0.559496,0.019694
48.225,0.582261,0.562704,0.559395,0.0195573
48.23,0.57589,0.562599,0.559293,0.0132907
48.235,0.576203,0.562494,0.559192,0.0137087
48.24,0.587243,0.562389,0.559091,0.0248535
48.245,0.577728,0.562284,0.558989,0.0154436
48.25,0.558269,0.56218,0.558888,-0.00391099
48.255,0.550998,0.562075,0.558787,-0.011077
48.26,0.562132,0.56197,0.558685,0.000161793
48.265,0.56634,0.561866,0.558584,0.00447421
48.27,0.568334,0.561761,0.558483,0.00657316
48.275,0.580928,0.561657,0.558382,0.0192713
48.28,0.594077,0.561552,0.55828,0.0325247
48.285,0.61068,0.561448,0.558179,0.049232
48.29,0.626808,0.561343,0.558078,0.065465
48.295,0.616633,0.561239,0.557977,0.0553935
48.3,0.611197,0.561135,0.557876,0.0500618
48.305,0.604534,0.561031,0.557775,0.0435033
48.31,0.594472,0.560926,0.557674,0.033546
48.315,0.589611,0.560822,0.557573,0.0287886
48.32,0.574209,0.560718,0.557472,0.0134912
48.325,0.569368,0.560614,0.557371,0.00875412
48.33,0.582262,0.56051,0.55727,0.0217517
48.335,0.587953,0.560406,0.557169,0.0275468
48.34,0.583786,0.560303,0.557068,0.0234832
48.345,0.569077,0.560199,0.556967,0.00887847
48.35,0.57068,0.560095,0.556867,0.0105844
48.355,0.582246,0.559992,0.556766,0.0222541
48.36,0.589118,0.559888,0.556665,0.0292299
48.365,0.591219,0.559784,0.556564,0.0314346
48.37,0.586132,0.559681,0.556464,0.0264516
48.375,0.575046,0.559577,0.556363,0.0154684
48.38,0.564325,0.559474,0.556262,0.00485072
48.385,0.554344,0.559371,0.556162,-0.00502613
48.39,0.545209,0.559267,0.556061,-0.0140583
48.395,0.541117,0.559164,0.55596,-0.018047
48.4,0.533216,0.559061,0.55586,-0.0258447
48.405,0.53945,0.558958,0.555759,-0.0195076
48.41,0.553097,0.558855,0.555659,-0.00575814
48.415,0.540805,0.558752,0.555558,-0.0179467
48.42,0.541493,0.558649,0.555458,-0.0171554
48.425,0.545166,0.558552,0.555358,-0.013386
48.43,0.554059,0.558449,0.555257,-0.00438961
48.435,0.564894,0.558346,0.555157,0.00654794
48.44,0.569694,0.558243,0.555057,0.0114503
48.445,0.574292,0.558141,0.554956,0.0161515
48.45,0.572498,0.558038,0.554856,0.01446
48.455,0.566379,0.557936,0.554756,0.00844362
48.46,0.563547,0.557833,0.554656,0.00571411
48.465,0.548492,0.557731,0.554555,-0.00923884
48.47,0.54327,0.557628,0.554455,-0.0143581
48.475,0.545319,0.557526,0.554355,-0.012207
48.48,0.561295,0.557424,0.554255,0.00387147
48.485,0.578937,0.557321,0.554155,0.0216153
48.49,0.578614,0.557219,0.554055,0.0213947
48.495,0.569258,0.557117,0.553955,0.0121413
48.5,0.558302,0.557015,0.553855,0.00128718
48.505,0.569243,0.556913,0.553755,0.0123302
48.51,0.56475,0.556811,0.553655,0.00793861
48.515,0.574075,0.556709,0.553555,0.0173657
48.52,0.563888,0.556607,0.553455,0.0072804
48.525,0.563564,0.556505,0.553355,0.00705843
48.53,0.561837,0.556404,0.553256,0.00543368
48.535,0.563473,0.556302,0.553156,0.00717114
48.54,0.569613,0.556201,0.553056,0.0134127
48.545,0.569236,0.556099,0.552956,0.0131369
48.55,0.572907,0.555997,0.552857,0.0169098
48.555,0.583542,0.555896,0.552757,0.0276456
48.56,0.593546,0.555795,0.552657,0.0377513
48.565,0.596397,0.555693,0.552558,0.0407036
48.57,0.594777,0.555592,0.552458,0.0391845
48.575,0.588236,0.555491,0.552359,0.032745
48.58,0.597837,0.55539,0.552259,0.0424471
48.585,0.609177,0.555289,0.552159,0.0538886
48.59,0.592323,0.555188,0.55206,0.0371357
48.595,0.579376,0.555087,0.551961,0.0242895
48.6,0.569924,0.554986,0.551861,0.0149376
48.605,0.575182,0.554885,0.551762,0.0202971
48.61,0.559256,0.554784,0.551662,0.0044719
48.615,0.564714,0.554684,0.551563,0.0100301
48.62,0.565757,0.554583,0.551464,0.0111737
48.625,0.568754,0.554482,0.551364,0.0142715
48.63,0.573298,0.554382,0.551265,0.0189155
48.635,0.5662,0.554282,0.551166,0.0119188
48.64,0.572495,0.554181,0.551067,0.0183133
48.645,0.571035,0.554081,0.550968,0.0169537
48.65,0.564427,0.553981,0.550868,0.0104462
48.655,0.556155,0.55388,0.550769,0.00227456
48.66,0.562281,0.55378,0.55067,0.00850027
48.665,0.562907,0.55368,0.550571,0.00922658
48.67,0.564143,0.55358,0.550472,0.0105625
48.675,0.579439,0.55348,0.550373,0.025959
48.68,0.596811,0.55338,0.550274,0.0434311
48.685,0.600691,0.553281,0.550175,0.0474107
48.69,0.588589,0.553181,0.550076,0.0354082
48.695,0.57143,0.553081,0.549978,0.0183493
48.7,0.563202,0.552982,0.549879,0.0102207
48.705,0.552168,0.552882,0.54978,-0.000714459
48.71,0.541823,0.552783,0.549681,-0.0109595
48.715,0.520743,0.552683,0.549582,-0.0319398
48.72,0.523216,0.552584,0.549484,-0.0293677
48.725,0.525068,0.552485,0.549385,-0.0274166
48.73,0.536326,0.552385,0.549286,-0.0160594
48.735,0.55898,0.552286,0.549188,0.00669377
48.74,0.567943,0.552187,0.549089,0.0157554
48.745,0.573309,0.552088,0.54899,0.021221
48.75,0.564357,0.551989,0.548892,0.0123674
48.755,0.578287,0.55189,0.548793,0.0263965
48.76,0.594188,0.551792,0.548695,0.0423965
48.765,0.605108,0.551693,0.548596,0.0534148
48.77,0.594123,0.551594,0.548498,0.0425286
48.775,0.589207,0.551496,0.548399,0.0377111
48.78,0.583693,0.551397,0.548301,0.0322963
48.785,0.596179,0.551299,0.548203,0.0448802
48.79,0.590757,0.5512,0.548104,0.0395563
48.795,0.57258,0.551102,0.548006,0.0214776
48.8,0.56713,0.551004,0.547908,0.0161263
48.805,0.553334,0.550906,0.54781,0.0024286
48.81,0.539956,0.550808,0.547711,-0.0108521
48.815,0.53002,0.55071,0.547613,-0.0206899
48.82,0.533222,0.550612,0.547515,-0.0173902
48.825,0.557343,0.550514,0.547417,0.00682912
48.83,0.56718,0.550416,0.547319,0.0167641
48.835,0.587792,0.550319,0.547221,0.0374733
48.84,0.57869,0.550221,0.547123,0.0284688
48.845,0.585493,0.550123,0.547025,0.0353691
48.85,0.574932,0.550026,0.546927,0.024906
48.855,0.56338,0.549929,0.546829,0.0134509
48.86,0.564671,0.549831,0.546731,0.0148393
48.865,0.572863,0.549734,0.546633,0.0231293
48.87,0.58882,0.549637,0.546535,0.0391829
48.875,0.610619,0.54954,0.546437,0.0610795
48.88,0.612788,0.549443,0.54634,0.0633449
48.885,0.612373,0.549346,0.546242,0.0630269
48.89,0.611706,0.549249,0.546144,0.0624566
48.895,0.620296,0.549153,0.546046,0.0711438
48.9,0.634559,0.549056,0.545949,0.0855027
48.905,0.632519,0.548959,0.545851,0.0835591
48.91,0.629498,0.548863,0.545753,0.0806355
48.915,0.629893,0.548767,0.545656,0.0811266
48.92,0.635599,0.54867,0.545558,0.086929
48.925,0.621693,0.548574,0.545461,0.073119
48.93,0.613329,0.548478,0.545363,0.0648513
48.935,0.602173,0.548382,0.545266,0.0537912
48.94,0.603769,0.548286,0.545168,0.0554828
48.945,0.60094,0.54819,0.545071,0.0527504
48.95,0.59485,0.548094,0.544974,0.0467555
48.955,0.576395,0.547999,0.544876,0.0283959
48.96,0.569802,0.547903,0.544779,0.0218988
48.965,0.561482,0.547808,0.544682,0.0136747
48.97,0.555349,0.547712,0.544584,0.00763634
48.975,0.553021,0.547617,0.544487,0.00540405
48.98,0.559926,0.547522,0.54439,0.0124045
48.985,0.553452,0.547427,0.544293,0.00602543
48.99,0.571586,0.547332,0.544196,0.0242542
48.995,0.578653,0.547237,0.544099,0.031416
49,0.584572,0.547142,0.544002,0.03743
49.005,0.592618,0.547047,0.543905,0.0455714
49.01,0.587001,0.546952,0.543808,0.0400487
49.015,0.578929,0.546858,0.543711,0.0320715
49.02,0.572238,0.546764,0.543614,0.0254745
49.025,0.57468,0.546669,0.543517,0.028011
49.03,0.566043,0.546575,0.54342,0.0194682
49.035,0.572048,0.546481,0.543323,0.0255675
49.04,0.581275,0.546387,0.543226,0.0348879
49.045,0.579415,0.546293,0.543129,0.0331223
49.05,0.577114,0.546199,0.543033,0.0309153
49.055,0.57289,0.546105,0.542936,0.0267842
49.06,0.572553,0.546012,0.542839,0.0265407
49.065,0.576637,0.545918,0.542743,0.0307181
49.07,0.579369,0.545825,0.542646,0.0335435
49.075,0.575023,0.545732,0.542549,0.0292913
49.08,0.573176,0.545639,0.542453,0.0275373
49.085,0.574524,0.545546,0.542356,0.0289785
49.09,0.569235,0.545453,0.54226,0.0237825
49.095,0.5729,0.54536,0.542163,0.0275401
49.1,0.58306,0.545267,0.542067,0.0377925
49.105,0.564783,0.545175,0.54197,0.019608
49.11,0.566852,0.545082,0.541874,0.0217692
49.115,0.570285,0.54499,0.541778,0.0252946
49.12,0.575396,0.544898,0.541681,0.0304981
49.125,0.579397,0.544806,0.541585,0.0345913
49.13,0.565777,0.544714,0.541489,0.0210632
49.135,0.56052,0.544622,0.541392,0.0158979
49.14,0.563458,0.54453,0.541296,0.0189276
49.145,0.548611,0.544439,0.5412,0.00417217
49.15,0.561228,0.544347,0.541104,0.0168809
49.155,0.570581,0.544256,0.541008,0.0263245
49.16,0.583116,0.544165,0.540912,0.0389506
49.165,0.581954,0.544074,0.540816,0.0378797
49.17,0.584783,0.543983,0.54072,0.0408001
49.175,0.598521,0.543892,0.540624,0.0546287
49.18,0.591708,0.543802,0.540528,0.0479057
49.185,0.589215,0.543711,0.540432,0.0455036
49.19,0.576393,0.543621,0.540336,0.0327722
49.195,0.58203,0.543531,0.54024,0.038499
49.2,0.574304,0.543441,0.540144,0.0308634
49.205,0.558786,0.543351,0.540049,0.015435
49.21,0.539611,0.543261,0.539953,-0.00365011
49.215,0.537652,0.543172,0.539857,-0.0055203
49.22,0.556543,0.543082,0.539761,0.0134604
49.225,0.576585,0.542993,0.539666,0.0335913
49.23,0.59604,0.542904,0.53957,0.0531355
49.235,0.592493,0.542815,0.539474,0.0496781
49.24,0.592063,0.542727,0.539379,0.0493366
49.245,0.575859,0.542638,0.539283,0.0332206
49.25,0.57934,0.54255,0.539188,0.0367903
49.255,0.570426,0.542461,0.539092,0.0279644
49.26,0.580244,0.542373,0.538997,0.0378705
49.265,0.572133,0.542285,0.538901,0.0298476
49.27,0.559363,0.542198,0.538806,0.0171654
49.275,0.546968,0.54211,0.538711,0.00485751
49.28,0.554598,0.542023,0.538615,0.012575
49.285,0.547465,0.541936,0.53852,0.00552978
49.29,0.552946,0.541849,0.538425,0.0110978
49.295,0.552299,0.541762,0.53833,0.010537
49.3,0.562549,0.541675,0.538234,0.0208742
49.305,0.585523,0.541589,0.538139,0.0439346
49.31,0.584931,0.541503,0.538044,0.0434281
49.315,0.591906,0.541417,0.537949,0.050489
49.32,0.588978,0.541331,0.537854,0.0476473
49.325,0.581992,0.541245,0.537759,0.0407468
49.33,0.570728,0.54116,0.537664,0.0295685
49.335,0.569083,0.541075,0.537569,0.0280078
49.34,0.576905,0.54099,0.537474,0.0359149
49.345,0.584943,0.540905,0.537379,0.0440377
49.35,0.594396,0.540821,0.537284,0.0535751
49.355,0.593562,0.540736,0.53719,0.0528253
49.36,0.604713,0.540652,0.537095,0.0640607
49.365,0.612845,0.540569,0.537,0.0722767
49.37,0.610312,0.540485,0.536905,0.0698274
49.375,0.599795,0.540402,0.536811,0.0593938
49.38,0.608254,0.540319,0.536716,0.0679358
49.385,0.600105,0.540236,0.536621,0.0598686
49.39,0.597296,0.540153,0.536527,0.0571426
49.395,0.569911,0.540071,0.536432,0.0298397
49.4,0.542635,0.539989,0.536337,0.00264629
49.405,0.544879,0.539907,0.536243,0.0049719
49.41,0.548287,0.539826,0.536148,0.00846084
49.415,0.563874,0.539745,0.536054,0.024129
49.42,0.577529,0.539664,0.53596,0.0378654
49.425,0.58418,0.539583,0.535865,0.0445966
49.43,0.575946,0.539503,0.535771,0.0364431
49.435,0.57792,0.539423,0.535677,0.0384975
49.44,0.562084,0.539343,0.535582,0.0227405
49.445,0.563653,0.539264,0.535488,0.0243889
49.45,0.563386,0.539185,0.535394,0.0242012
49.455,0.57124,0.539106,0.5353,0.0321344
49.46,0.562438,0.539028,0.535205,0.0234104
49.465,0.572207,0.538949,0.535111,0.0332572
49.47,0.571434,0.538872,0.535017,0.0325619
49.475,0.574807,0.538794,0.534923,0.0360126
49.48,0.57503,0.538717,0.534829,0.0363128
49.485,0.558281,0.538641,0.534735,0.0196405
49.49,0.553686,0.538564,0.534641,0.0151215
49.495,0.555486,0.538488,0.534547,0.0169979
49.5,0.557622,0.538413,0.534453,0.0192087
49.505,0.579497,0.538338,0.53436,0.0411589
49.51,0.574935,0.538263,0.534266,0.0366721
49.515,0.578331,0.538189,0.534172,0.0401426
49.52,0.571957,0.538115,0.534078,0.0338426
49.525,0.565362,0.538041,0.533985,0.0273209
49.53,0.571352,0.537968,0.533891,0.0333837
49.535,0.560844,0.537896,0.533797,0.0229487
49.54,0.563131,0.537824,0.533704,0.0253078
49.545,0.563387,0.537752,0.53361,0.0256353
49.55,0.567823,0.537681,0.533516,0.0301427
49.555,0.575225,0.53761,0.533423,0.0376154
49.56,0.581823,0.53754,0.533329,0.0442835
49.565,0.571271,0.53747,0.533236,0.0338013
49.57,0.571632,0.537401,0.533143,0.0342314
49.575,0.551598,0.537332,0.533049,0.014266
49.58,0.556713,0.537264,0.532956,0.0194489
49.585,0.565085,0.537196,0.532862,0.027889
49.59,0.567517,0.537129,0.532769,0.0303879
49.595,0.574757,0.537063,0.532676,0.037694
49.6,0.570364,0.536997,0.532583,0.0333666
49.605,0.582746,0.536932,0.53249,0.0458139
49.61,0.575647,0.536867,0.532396,0.0387796
49.615,0.56027,0.536803,0.532303,0.0234665
49.62,0.548954,0.53674,0.53221,0.0122138
49.625,0.543632,0.536677,0.532117,0.00695474
49.63,0.554223,0.536615,0.532024,0.0176076
49.635,0.563224,0.536554,0.531931,0.0266693
49.64,0.56905,0.536494,0.531838,0.0325562
49.645,0.57768,0.536434,0.531745,0.0412458
49.65,0.565451,0.536375,0.531652,0.0290757
49.655,0.556035,0.536317,0.53156,0.0197182
49.66,0.551511,0.536259,0.531467,0.0152517
49.665,0.551552,0.536203,0.531374,0.0153491
49.67,0.555257,0.536147,0.531281,0.0191106
49.675,0.56956,0.536092,0.531188,0.0334684
49.68,0.587761,0.536038,0.531096,0.0517235
49.685,0.599531,0.535985,0.531003,0.063547
49.69,0.593058,0.535932,0.530911,0.0571257
49.695,0.579074,0.535881,0.530818,0.0431929
49.7,0.569779,0.535831,0.530725,0.0339485
49.705,0.562131,0.535781,0.530633,0.0263495
49.71,0.562247,0.535733,0.53054,0.0265141
49.715,0.55103,0.535686,0.530448,0.0153439
49.72,0.544855,0.53564,0.530356,0.00921499
49.725,0.535685,0.535595,0.530263,8.99189e-05
49.73,0.538325,0.535551,0.530171,0.00277374
49.735,0.561964,0.535509,0.530079,0.0264559
49.74,0.581589,0.535467,0.529986,0.0461222
49.745,0.602753,0.535427,0.529894,0.0673263
49.75,0.595091,0.535388,0.529802,0.0597023
49.755,0.591736,0.535351,0.52971,0.0563854
49.76,0.589687,0.535315,0.529618,0.0543723
49.765,0.588397,0.53528,0.529525,0.0531168
49.77,0.598378,0.535247,0.529433,0.0631313
49.775,0.584148,0.535215,0.529341,0.0489328
49.78,0.579393,0.535185,0.529249,0.0442075
49.785,0.586305,0.535157,0.529157,0.0511483
49.79,0.579358,0.53513,0.529065,0.0442285
49.795,0.582991,0.535105,0.528974,0.0478858
49.8,0.577111,0.535081,0.528882,0.0420294
49.805,0.565128,0.53506,0.52879,0.0300686
49.81,0.56081,0.53504,0.528698,0.0257698
49.815,0.562162,0.535022,0.528606,0.0271394
49.82,0.573153,0.535007,0.528515,0.0381463
49.825,0.591611,0.534993,0.528423,0.056618
49.83,0.597371,0.534982,0.528331,0.0623889
49.835,0.59761,0.534973,0.52824,0.0626378
49.84,0.599685,0.534966,0.528148,0.0647192
49.845,0.602021,0.534961,0.528057,0.0670593
49.85,0.585876,0.534959,0.527965,0.0509171
49.855,0.588117,0.53496,0.527874,0.0531573
49.86,0.600148,0.534963,0.527782,0.0651848
49.865,0.607671,0.534969,0.527691,0.072702
49.87,0.619515,0.534978,0.527599,0.0845367
49.875,0.620592,0.53499,0.527508,0.0856017
49.88,0.597647,0.535005,0.527417,0.0626415
49.885,0.596009,0.535024,0.527325,0.0609851
49.89,0.563898,0.535046,0.527234,0.0288526
49.895,0.5501,0.535071,0.527143,0.0150289
49.9,0.557424,0.5351,0.527052,0.0223232
49.905,0.551775,0.535134,0.526961,0.0166411
49.91,0.559274,0.535171,0.52687,0.0241027
49.915,0.571595,0.535213,0.526779,0.0363826
49.92,0.574451,0.535259,0.526688,0.0391924
49.925,0.591653,0.53531,0.526597,0.0563432
49.93,0.607003,0.535367,0.526506,0.071636
49.935,0.603557,0.535425,0.526415,0.0681324
49.94,0.609721,0.535493,0.526324,0.0742286
49.945,0.609658,0.535567,0.526233,0.0740914
49.95,0.59188,0.535648,0.526142,0.0562313
49.955,0.571273,0.535737,0.526051,0.0355354
49.96,0.566307,0.535834,0.525961,0.0304731
49.965,0.569674,0.53594,0.52587,0.0337343
49.97,0.587181,0.536055,0.525779,0.0511261
49.975,0.599564,0.53618,0.525689,0.0633842
49.98,0.614237,0.536317,0.525598,0.0779199
49.985,0.612367,0.536467,0.525507,0.0758999
49.99,0.610729,0.53663,0.525417,0.0740991
49.995,0.592216,0.536809,0.525326,0.0554075
50,0.578713,0.537004,0.525236,0.0417085
50.005,0.573218,0.537219,0.525146,0.0359995
50.01,0.568122,0.537454,0.525055,0.0306681
50.015,0.574178,0.537712,0.524965,0.036466
50.02,0.598215,0.537996,0.524874,0.0602184
50.025,0.606725,0.538309,0.524784,0.068416
50.03,0.607003,0.538654,0.524694,0.0683489
50.035,0.578974,0.539034,0.524604,0.0399405
50.04,0.572564,0.539453,0.524514,0.0331106
50.045,0.571581,0.539917,0.524423,0.0316643
50.05,0.58251,0.540429,0.524333,0.0420816
50.055,0.590733,0.540995,0.524243,0.0497378
50.06,0.574725,0.541621,0.524153,0.0331046
50.065,0.570186,0.542313,0.524063,0.0278732
50.07,0.571921,0.543078,0.523973,0.0288423
50.075,0.584848,0.543924,0.523883,0.0409243
50.08,0.593489,0.544859,0.523793,0.0486299
50.085,0.585724,0.545891,0.523704,0.0398334
50.09,0.596322,0.547029,0.523614,0.0492922
50.095,0.611043,0.548285,0.523524,0.0627579
50.1,0.636359,0.549667,0.523434,0.0866916
50.105,0.626564,0.551188,0.523345,0.0753757
50.11,0.643615,0.552858,0.523255,0.090757
50.115,0.655248,0.554691,0.523165,0.100557
50.12,0.66855,0.556698,0.523076,0.111852
50.125,0.671059,0.558893,0.522986,0.112166
50.13,0.666411,0.561289,0.522897,0.105122
50.135,0.656639,0.563899,0.522807,0.0927397
50.14,0.652812,0.566738,0.522718,0.0860733
50.145,0.640935,0.56982,0.522628,0.0711154
50.15,0.642371,0.573157,0.522539,0.0692139
50.155,0.638906,0.576763,0.52245,0.0621425
50.16,0.641208,0.580652,0.52236,0.0605568
50.165,0.632268,0.584835,0.522271,0.0474331
50.17,0.645433,0.589325,0.522182,0.0561084
50.175,0.659715,0.594132,0.522092,0.0655828
50.18,0.661978,0.599266,0.522003,0.0627116
50.185,0.669044,0.604736,0.521914,0.0643078
50.19,0.676491,0.610547,0.521825,0.0659439
50.195,0.682086,0.616706,0.521736,0.0653805
50.2,0.678809,0.623215,0.521647,0.0555944
50.205,0.6822,0.630074,0.521558,0.0521256
50.21,0.687628,0.637284,0.521469,0.0503443
50.215,0.706999,0.644839,0.52138,0.06216
50.22,0.719586,0.652733,0.521291,0.0668531
50.225,0.711122,0.660956,0.521202,0.0501662
50.23,0.723099,0.669496,0.521114,0.0536024
50.235,0.735392,0.678337,0.521025,0.0570549
50.24,0.753853,0.68746,0.520936,0.0663931
50.245,0.74441,0.696842,0.520848,0.047568
50.25,0.728169,0.706457,0.520759,0.021712
50.255,0.712921,0.716275,0.52067,-0.00335357
50.26,0.721438,0.726263,0.520582,-0.00482456
50.265,0.727242,0.736384,0.520493,-0.00914194
50.27,0.731947,0.746596,0.520405,-0.0146489
50.275,0.739329,0.756856,0.520316,-0.0175268
50.28,0.744626,0.767115,0.520228,-0.022488
50.285,0.758308,0.77732,0.520139,-0.0190116
50.29,0.749999,0.787417,0.520051,-0.0374179
50.295,0.76192,0.797345,0.519963,-0.0354252
50.3,0.786207,0.807044,0.519874,-0.0208369
50.305,0.814308,0.816446,0.519786,-0.00213818
50.31,0.81406,0.825485,0.519698,-0.0114253
50.315,0.801097,0.834091,0.51961,-0.0329942
50.32,0.797058,0.842193,0.519522,-0.0451345
50.325,0.827918,0.849719,0.519434,-0.0218003
50.33,0.83283,0.856599,0.519345,-0.0237691
50.335,0.817852,0.862765,0.519257,-0.0449139
50.34,0.806114,0.868154,0.519169,-0.0620397
50.345,0.787881,0.872704,0.519081,-0.0848232
50.35,0.785231,0.876366,0.518994,-0.0911342
50.355,0.800171,0.879094,0.518906,-0.0789225
50.36,0.791504,0.880855,0.518818,-0.0893511
50.365,0.803278,0.881627,0.51873,-0.0783492
50.37,0.787113,0.881399,0.518642,-0.0942859
50.375,0.777138,0.880172,0.518555,-0.103034
50.38,0.792553,0.877961,0.518467,-0.0854088
50.385,0.793806,0.874792,0.518379,-0.0809863
50.39,0.795521,0.870701,0.518292,-0.07518
50.395,0.79503,0.865733,0.518204,-0.0707039
50.4,0.782577,0.859945,0.518116,-0.0773678
50.405,0.783179,0.853395,0.518029,-0.0702162
50.41,0.756312,0.84615,0.517942,-0.0898382
50.415,0.740355,0.838279,0.517854,-0.0979234
50.42,0.750468,0.829852,0.517767,-0.0793835
50.425,0.766145,0.82094,0.517679,-0.0547948
50.43,0.787251,0.811614,0.517592,-0.0243636
50.435,0.770031,0.801945,0.517505,-0.0319134
50.44,0.7742,0.791997,0.517417,-0.0177973
50.445,0.780172,0.781837,0.51733,-0.001665
50.45,0.780867,0.771526,0.517243,0.0093409
50.455,0.757619,0.761122,0.517156,-0.00350251
50.46,0.741494,0.750679,0.517069,-0.0091853
50.465,0.726016,0.740249,0.516982,-0.0142332
50.47,0.728808,0.729879,0.516895,-0.00107103
50.475,0.726611,0.719613,0.516808,0.00699798
50.48,0.714065,0.70949,0.516721,0.00457562
50.485,0.691127,0.699546,0.516634,-0.0084189
50.49,0.67856,0.689814,0.516547,-0.011254
50.495,0.679203,0.680323,0.51646,-0.00112059
50.5,0.681174,0.671098,0.516374,0.0100759
50.505,0.679528,0.66216,0.516287,0.0173679
50.51,0.672788,0.653528,0.5162,0.0192604
50.515,0.664425,0.645216,0.516113,0.0192093
50.52,0.666133,0.637236,0.516027,0.028897
50.525,0.665439,0.629598,0.51594,0.0358407
50.53,0.666123,0.622307,0.515854,0.0438166
50.535,0.661343,0.615366,0.515767,0.0459775
50.54,0.652095,0.608776,0.515681,0.0433191
50.545,0.647894,0.602535,0.515594,0.0453588
50.55,0.655937,0.596641,0.515508,0.0592961
50.555,0.646084,0.591086,0.515421,0.0549979
50.56,0.647215,0.585865,0.515335,0.0613502
50.565,0.650817,0.580968,0.515249,0.069849
50.57,0.661053,0.576386,0.515162,0.0846669
50.575,0.666145,0.572107,0.515076,0.094038
50.58,0.666154,0.568119,0.51499,0.0980354
50.585,0.65738,0.56441,0.514904,0.0929703
50.59,0.642284,0.560967,0.514818,0.0813173
50.595,0.643191,0.557776,0.514732,0.085415
50.6,0.642446,0.554823,0.514646,0.0876235
50.605,0.641984,0.552094,0.51456,0.0898899
50.61,0.632206,0.549577,0.514474,0.0826285
50.615,0.618786,0.547257,0.514388,0.071529
50.62,0.601686,0.545121,0.514302,0.0565649
50.625,0.599496,0.543156,0.514216,0.0563403
50.63,0.591886,0.54135,0.51413,0.0505363
50.635,0.590699,0.53969,0.514045,0.0510089
50.64,0.592589,0.538165,0.513959,0.0544239
50.645,0.593249,0.536765,0.513873,0.0564841
50.65,0.584713,0.535478,0.513788,0.049235
50.655,0.579645,0.534295,0.513702,0.0453496
50.66,0.588761,0.533207,0.513616,0.0555534
50.665,0.606793,0.532206,0.513531,0.0745872
50.67,0.61613,0.531283,0.513445,0.084847
50.675,0.622095,0.530432,0.51336,0.0916634
50.68,0.609115,0.529644,0.513275,0.0794706
50.685,0.597024,0.528915,0.513189,0.0681091
50.69,0.585796,0.528239,0.513104,0.0575569
50.695,0.557523,0.527609,0.513019,0.0299135
50.7,0.548884,0.527023,0.512933,0.0218611
50.705,0.539084,0.526474,0.512848,0.0126095
50.71,0.527361,0.52596,0.512763,0.00140124
50.715,0.536796,0.525477,0.512678,0.0113188
50.72,0.539146,0.525022,0.512593,0.0141239
50.725,0.544232,0.524592,0.512508,0.0196406
50.73,0.548166,0.524184,0.512423,0.0239823
50.735,0.539689,0.523796,0.512338,0.0158927
50.74,0.52917,0.523427,0.512253,0.00574286
50.745,0.53204,0.523074,0.512168,0.00896529
50.75,0.536232,0.522736,0.512083,0.0134961
50.755,0.550334,0.522412,0.511998,0.0279223
50.76,0.554344,0.5221,0.511913,0.0322444
50.765,0.554259,0.521798,0.511828,0.0324604
50.77,0.549985,0.521508,0.511744,0.0284774
50.775,0.5479,0.521226,0.511659,0.0266742
50.78,0.554123,0.520953,0.511574,0.0331703
50.785,0.546527,0.520688,0.51149,0.0258393
50.79,0.548684,0.52043,0.511405,0.0282542
50.795,0.545643,0.520179,0.511321,0.0254641
50.8,0.551366,0.519934,0.511236,0.0314321
50.805,0.559218,0.519695,0.511152,0.0395238
50.81,0.567859,0.519461,0.511067,0.0483982
50.815,0.564225,0.519233,0.510983,0.0449925
50.82,0.563241,0.519009,0.510899,0.0442316
50.825,0.551993,0.51879,0.510814,0.0332024
50.83,0.550524,0.518575,0.51073,0.0319488
50.835,0.558524,0.518365,0.510646,0.0401589
50.84,0.562465,0.518158,0.510562,0.0443071
50.845,0.562847,0.517955,0.510478,0.0448917
50.85,0.565689,0.517756,0.510394,0.0479328
50.855,0.557589,0.51756,0.51031,0.0400293
50.86,0.547878,0.517367,0.510226,0.0305106
50.865,0.540466,0.517177,0.510142,0.0232882
50.87,0.53015,0.516991,0.510058,0.013159
50.875,0.524989,0.516807,0.509974,0.00818229
50.88,0.529132,0.516626,0.50989,0.0125056
50.885,0.528248,0.516448,0.509806,0.0118
50.89,0.52815,0.516272,0.509722,0.0118785
50.895,0.534201,0.516099,0.509639,0.018102
50.9,0.556382,0.515928,0.509555,0.0404548
50.905,0.565469,0.515759,0.509471,0.0497105
50.91,0.568206,0.515592,0.509388,0.0526137
50.915,0.56597,0.515428,0.509304,0.0505423
50.92,0.552767,0.515266,0.509221,0.0375015
50.925,0.549511,0.515106,0.509137,0.0344048
50.93,0.540189,0.514947,0.509054,0.0252412
50.935,0.54294,0.514791,0.50897,0.0281494
50.94,0.54298,0.514636,0.508887,0.0283439
50.945,0.54721,0.514483,0.508804,0.0327264
50.95,0.545497,0.514332,0.50872,0.0311645
50.955,0.535639,0.514183,0.508637,0.0214566
50.96,0.545216,0.514035,0.508554,0.0311806
50.965,0.541721,0.513889,0.508471,0.0278324
50.97,0.540099,0.513744,0.508387,0.0263551
50.975,0.555669,0.5136,0.508304,0.0420686
50.98,0.563839,0.513458,0.508221,0.050381
50.985,0.569572,0.513318,0.508138,0.0562538
50.99,0.570911,0.513179,0.508055,0.0577329
50.995,0.546272,0.513041,0.507972,0.033231
51,0.522096,0.512904,0.507889,0.00919196
51.005,0.511607,0.512768,0.507807,-0.00116168
51.01,0.516679,0.512634,0.507724,0.00404489
51.015,0.537186,0.512501,0.507641,0.0246846
51.02,0.539906,0.512369,0.507558,0.0275375
51.025,0.537932,0.512238,0.507476,0.025694
51.03,0.546798,0.512108,0.507393,0.0346896
51.035,0.540097,0.511979,0.50731,0.0281179
51.04,0.538466,0.511852,0.507228,0.0266147
51.045,0.533058,0.511725,0.507145,0.0213336
51.05,0.539539,0.511599,0.507063,0.02794
51.055,0.544821,0.511474,0.50698,0.0333474
51.06,0.551898,0.51135,0.506898,0.040548
51.065,0.548371,0.511227,0.506815,0.0371448
51.07,0.554962,0.511104,0.506733,0.0438582
51.075,0.551553,0.510983,0.506651,0.0405699
51.08,0.543652,0.510862,0.506569,0.0327895
51.085,0.53805,0.510742,0.506486,0.0273077
51.09,0.54879,0.510623,0.506404,0.0381665
51.095,0.535068,0.510505,0.506322,0.0245629
51.1,0.526121,0.510387,0.50624,0.0157338
51.105,0.527212,0.51027,0.506158,0.016942
51.11,0.5276,0.510154,0.506076,0.0174455
51.115,0.536194,0.510039,0.505994,0.0261552
51.12,0.526322,0.509924,0.505912,0.0163985
51.125,0.521332,0.50981,0.50583,0.011522
51.13,0.519889,0.509696,0.505748,0.0101932
51.135,0.519471,0.509583,0.505666,0.00988841
51.14,0.519942,0.509471,0.505585,0.010471
51.145,0.524921,0.509359,0.505503,0.015562
51.15,0.527973,0.509248,0.505421,0.0187253
51.155,0.526935,0.509137,0.50534,0.0177978
51.16,0.531705,0.509027,0.505258,0.022678
51.165,0.535761,0.508918,0.505176,0.026843
51.17,0.53212,0.508809,0.505095,0.0233116
51.175,0.54504,0.5087,0.505013,0.0363401
51.18,0.556677,0.508592,0.504932,0.0480845
51.185,0.568501,0.508485,0.504851,0.0600158
51.19,0.56614,0.508378,0.504769,0.0577624
51.195,0.543225,0.508272,0.504688,0.0349535
51.2,0.533638,0.508166,0.504607,0.0254727
51.205,0.536297,0.50806,0.504525,0.0282371
51.21,0.534573,0.507955,0.504444,0.0266185
51.215,0.544836,0.50785,0.504363,0.0369856
51.22,0.554585,0.507746,0.504282,0.0468386
51.225,0.550326,0.507642,0.504201,0.0426839
51.23,0.554963,0.507539,0.50412,0.0474239
51.235,0.530565,0.507436,0.504039,0.0231287
51.24,0.516565,0.507333,0.503958,0.00923192
51.245,0.509704,0.507231,0.503877,0.0024725
51.25,0.493073,0.507129,0.503796,-0.0140559
51.255,0.500024,0.507028,0.503715,-0.0070036
51.26,0.504758,0.506927,0.503635,-0.00216838
51.265,0.529534,0.506826,0.503554,0.0227083
51.27,0.530598,0.506726,0.503473,0.0238725
51.275,0.524408,0.506626,0.503392,0.0177823
51.28,0.509544,0.506526,0.503312,0.0030176
51.285,0.515719,0.506427,0.503231,0.00929244
51.29,0.541039,0.506328,0.503151,0.0347115
51.295,0.554732,0.506229,0.50307,0.0485028
51.3,0.574967,0.50613,0.50299,0.0688363
51.305,0.555253,0.506032,0.502909,0.0492203
51.31,0.538515,0.505935,0.502829,0.0325807
51.315,0.529495,0.505837,0.502749,0.0236582
51.32,0.515359,0.50574,0.502668,0.00961895
51.325,0.532707,0.505643,0.502588,0.0270638
51.33,0.530833,0.505546,0.502508,0.0252866
51.335,0.520488,0.50545,0.502428,0.0150383
51.34,0.501463,0.505354,0.502348,-0.00389092
51.345,0.488668,0.505258,0.502267,-0.0165902
51.35,0.493835,0.505163,0.502187,-0.0113274
51.355,0.503554,0.505067,0.502107,-0.00151355
51.36,0.504504,0.504972,0.502027,-0.000468047
51.365,0.496557,0.504878,0.501948,-0.00832119
51.37,0.490751,0.504783,0.501868,-0.0140321
51.375,0.495745,0.504689,0.501788,-0.008944
51.38,0.503954,0.504595,0.501708,-0.000641361
51.385,0.502069,0.504501,0.501628,-0.00243226
51.39,0.48942,0.504408,0.501549,-0.0149874
51.395,0.488592,0.504314,0.501469,-0.0157223
51.4,0.489863,0.504221,0.501389,-0.0143582
51.405,0.503739,0.504128,0.50131,-0.000388989
51.41,0.50893,0.504036,0.50123,0.00489463
51.415,0.509329,0.503943,0.501151,0.00538529
51.42,0.508352,0.503851,0.501071,0.00450062
51.425,0.529008,0.503759,0.500992,0.025249
51.43,0.535377,0.503667,0.500912,0.0317094
51.435,0.544637,0.503576,0.500833,0.0410609
51.44,0.553021,0.503484,0.500754,0.0495366
51.445,0.551968,0.503393,0.500674,0.0485751
51.45,0.552696,0.503302,0.500595,0.0493935
51.455,0.54219,0.503211,0.500516,0.038979
51.46,0.53985,0.503121,0.500437,0.0367291
51.465,0.540581,0.50303,0.500358,0.037551
51.47,0.523432,0.50294,0.500279,0.0204918
51.475,0.521332,0.50285,0.5002,0.018482
51.48,0.517013,0.50276,0.500121,0.0142528
51.485,0.520249,0.50267,0.500042,0.0175786
51.49,0.512943,0.502581,0.499963,0.0103626
51.495,0.492089,0.502491,0.499884,-0.0104026
51.5,0.49334,0.502402,0.499805,-0.00906253
51.505,0.502417,0.502313,0.499727,0.000103461
51.51,0.49995,0.502224,0.499648,-0.00227428
51.515,0.501108,0.502136,0.499569,-0.00102796
51.52,0.48568,0.502047,0.499491,-0.0163672
51.525,0.486678,0.501959,0.499412,-0.0152807
51.53,0.495118,0.501871,0.499334,-0.00675301
51.535,0.506665,0.501783,0.499255,0.00488237
51.54,0.510694,0.501695,0.499177,0.00899883
51.545,0.514401,0.501607,0.499098,0.0127944
51.55,0.516575,0.501519,0.49902,0.0150558
51.555,0.518764,0.501432,0.498941,0.0173323
51.56,0.526657,0.501345,0.498863,0.0253123
51.565,0.517462,0.501258,0.498785,0.016204
51.57,0.516254,0.501171,0.498707,0.0150836
51.575,0.506752,0.501084,0.498629,0.00566869
51.58,0.506541,0.500997,0.49855,0.00554396
51.585,0.508317,0.50091,0.498472,0.00740703
51.59,0.51894,0.500824,0.498394,0.0181155
51.595,0.515923,0.500738,0.498316,0.015185
51.6,0.512525,0.500652,0.498238,0.0118737
51.605,0.498271,0.500566,0.49816,-0.0022948
51.61,0.518642,0.50048,0.498083,0.018162
51.615,0.521829,0.500394,0.498005,0.0214349
51.62,0.521822,0.500308,0.497927,0.0215138
51.625,0.514531,0.500223,0.497849,0.0143087
51.63,0.514882,0.500137,0.497772,0.0147442
51.635,0.530795,0.500052,0.497694,0.0307428
51.64,0.531471,0.499967,0.497616,0.0315043
51.645,0.524131,0.499882,0.497539,0.0242487
51.65,0.526185,0.499797,0.497461,0.0263877
51.655,0.515784,0.499712,0.497384,0.016072
51.66,0.513901,0.499628,0.497306,0.0142733
51.665,0.516046,0.499543,0.497229,0.0165028
51.67,0.506949,0.499459,0.497152,0.0074897
51.675,0.520894,0.499375,0.497074,0.021519
51.68,0.53585,0.49929,0.496997,0.0365595
51.685,0.538963,0.499206,0.49692,0.0397569
51.69,0.549433,0.499122,0.496843,0.0503108
51.695,0.53543,0.499039,0.496765,0.0363917
51.7,0.520795,0.498955,0.496688,0.0218403
51.705,0.518529,0.498871,0.496611,0.0196572
51.71,0.51141,0.498788,0.496534,0.0126226
51.715,0.50902,0.498704,0.496457,0.0103157
51.72,0.503683,0.498621,0.49638,0.00506188
51.725,0.492938,0.498538,0.496303,-0.00559959
51.73,0.486557,0.498455,0.496227,-0.0118983
51.735,0.480603,0.498372,0.49615,-0.0177688
51.74,0.49632,0.498289,0.496073,-0.00196894
51.745,0.497294,0.498206,0.495996,-0.000911924
51.75,0.489604,0.498124,0.49592,-0.00851987
51.755,0.486805,0.498041,0.495843,-0.0112359
51.76,0.485735,0.497959,0.495766,-0.0122235
51.765,0.49678,0.497876,0.49569,-0.00109638
51.77,0.506475,0.497794,0.495613,0.008681
51.775,0.509884,0.497712,0.495537,0.0121714
51.78,0.510731,0.49763,0.495461,0.0131007
51.785,0.516509,0.497548,0.495384,0.0189609
51.79,0.517675,0.497466,0.495308,0.020209
51.795,0.525431,0.497385,0.495232,0.0280467
51.8,0.528278,0.497303,0.495155,0.0309754
51.805,0.531445,0.497221,0.495079,0.034224
51.81,0.518934,0.49714,0.495003,0.0217944
51.815,0.513421,0.497058,0.494927,0.0163629
51.82,0.507011,0.496977,0.494851,0.0100339
51.825,0.509189,0.496896,0.494775,0.012293
51.83,0.508538,0.496815,0.494699,0.0117228
51.835,0.49977,0.496734,0.494623,0.00303568
51.84,0.481147,0.496653,0.494547,-0.0155064
51.845,0.473798,0.496572,0.494471,-0.0227746
51.85,0.468072,0.496491,0.494395,-0.0284192
51.855,0.46596,0.496411,0.49432,-0.0304508
51.86,0.45437,0.49633,0.494244,-0.0419607
51.865,0.459424,0.49625,0.494168,-0.0368258
51.87,0.472888,0.496169,0.494093,-0.023281
51.875,0.487749,0.496089,0.494017,-0.00833981
51.88,0.482862,0.496009,0.493941,-0.0131473
51.885,0.477069,0.495929,0.493866,-0.0188595
51.89,0.467609,0.495849,0.49379,-0.0282402
51.895,0.466946,0.495769,0.493715,-0.028823
51.9,0.481261,0.495689,0.49364,-0.0144276
51.905,0.486295,0.495609,0.493564,-0.00931406
51.91,0.505237,0.495529,0.493489,0.00970714
51.915,0.516416,0.49545,0.493414,0.0209659
51.92,0.518064,0.49537,0.493339,0.0226942
51.925,0.52019,0.495291,0.493263,0.0248992
51.93,0.51099,0.495211,0.493188,0.0157788
51.935,0.516438,0.495132,0.493113,0.021306
51.94,0.531875,0.495053,0.493038,0.0368219
51.945,0.543649,0.494974,0.492963,0.0486756
51.95,0.539536,0.494895,0.492888,0.0446416
51.955,0.521716,0.494816,0.492813,0.0269
51.96,0.50556,0.494737,0.492738,0.0108235
51.965,0.495062,0.494658,0.492664,0.000403556
51.97,0.489273,0.494579,0.492589,-0.00530587
51.975,0.494925,0.494501,0.492514,0.000424452
51.98,0.489527,0.494422,0.49244,-0.00489476
51.985,0.484074,0.494344,0.492365,-0.0102696
51.99,0.494233,0.494265,0.49229,-3.19523e-05
51.995,0.504422,0.494187,0.492216,0.010235
52,0.51313,0.494109,0.492141,0.0190214
52.005,0.511384,0.49403,0.492067,0.0173536
52.01,0.501591,0.493952,0.491992,0.00763867
52.015,0.48988,0.493874,0.491918,-0.00399462
52.02,0.485818,0.493796,0.491844,-0.00797863
52.025,0.475822,0.493718,0.491769,-0.0178965
52.03,0.476817,0.49364,0.491695,-0.0168237
52.035,0.482628,0.493563,0.491621,-0.0109344
52.04,0.492389,0.493485,0.491547,-0.00109614
52.045,0.497007,0.493407,0.491473,0.0035998
52.05,0.48979,0.49333,0.491399,-0.00353992
52.055,0.479484,0.493252,0.491325,-0.0137685
52.06,0.470181,0.493175,0.491251,-0.0229944
52.065,0.475672,0.493098,0.491177,-0.0174254
52.07,0.489905,0.49302,0.491103,-0.00311529
52.075,0.492074,0.492943,0.491029,-0.000868787
52.08,0.497125,0.492866,0.490955,0.0042585
52.085,0.490305,0.492789,0.490881,-0.00248374
52.09,0.48897,0.492712,0.490808,-0.00374192
52.095,0.493355,0.492636,0.490734,0.000719042
52.1,0.503159,0.492559,0.49066,0.0106
52.105,0.494853,0.492482,0.490587,0.0023704
52.11,0.506395,0.492406,0.490513,0.0139896
52.115,0.515172,0.492329,0.49044,0.0228434
52.12,0.52096,0.492252,0.490366,0.028708
52.125,0.52102,0.492176,0.490293,0.0288437
52.13,0.510905,0.4921,0.49022,0.0188051
52.135,0.503548,0.492023,0.490146,0.0115244
52.14,0.48719,0.491947,0.490073,-0.00475696
52.145,0.474548,0.491871,0.49,-0.0173225
52.15,0.474098,0.491795,0.489927,-0.0176967
52.155,0.483224,0.491719,0.489853,-0.0084944
52.16,0.490785,0.491642,0.48978,-0.000857152
52.165,0.484078,0.491567,0.489707,-0.00748863
52.17,0.474295,0.491491,0.489634,-0.0171955
52.175,0.477606,0.491415,0.489561,-0.0138086
52.18,0.491242,0.491339,0.489488,-9.70881e-05
52.185,0.498664,0.491263,0.489416,0.00740081
52.19,0.511333,0.491188,0.489343,0.0201454
52.195,0.511945,0.491112,0.48927,0.0208331
52.2,0.499512,0.491037,0.489197,0.00847483
52.205,0.491344,0.490961,0.489125,0.000383006
52.21,0.483951,0.490886,0.489052,-0.00693463
52.215,0.475458,0.490811,0.488979,-0.0153532
52.22,0.473484,0.490736,0.488907,-0.0172519
52.225,0.461702,0.49066,0.488834,-0.0289588
52.23,0.468755,0.490585,0.488762,-0.0218304
52.235,0.476871,0.49051,0.488689,-0.0136396
52.24,0.47664,0.490435,0.488617,-0.0137952
52.245,0.483264,0.490361,0.488545,-0.00709628
52.25,0.480573,0.490286,0.488472,-0.00971304
52.255,0.489926,0.490211,0.4884,-0.000284823
52.26,0.486196,0.490136,0.488328,-0.00394042
52.265,0.485416,0.490062,0.488256,-0.00464569
52.27,0.494479,0.489987,0.488184,0.00449251
52.275,0.508887,0.489912,0.488111,0.0189743
52.28,0.502746,0.489838,0.488039,0.0129083
52.285,0.507958,0.489764,0.487967,0.018194
52.29,0.494739,0.489689,0.487896,0.00504958
52.295,0.496202,0.489615,0.487824,0.00658736
52.3,0.485272,0.489541,0.487752,-0.00426927
52.305,0.473986,0.489467,0.48768,-0.0154811
52.31,0.480949,0.489393,0.487608,-0.00844349
52.315,0.493527,0.489319,0.487537,0.00420813
52.32,0.497883,0.489245,0.487465,0.00863865
52.325,0.494177,0.489171,0.487393,0.00500625
52.33,0.48476,0.489097,0.487322,-0.00433733
52.335,0.48331,0.489023,0.48725,-0.0057127
52.34,0.496252,0.488949,0.487179,0.00730205
52.345,0.509488,0.488876,0.487107,0.0206117
52.35,0.514381,0.488802,0.487036,0.025579
52.355,0.503084,0.488729,0.486964,0.0143556
52.36,0.504403,0.488655,0.486893,0.0157473
52.365,0.527692,0.488582,0.486822,0.0391105
52.37,0.538794,0.488508,0.486751,0.0502855
52.375,0.534447,0.488435,0.486679,0.0460113
52.38,0.503927,0.488362,0.486608,0.015565
52.385,0.488793,0.488289,0.486537,0.000503687
52.39,0.491361,0.488216,0.486466,0.00314542
52.395,0.501575,0.488143,0.486395,0.0134326
52.4,0.506811,0.48807,0.486324,0.018741
52.405,0.510417,0.487997,0.486253,0.0224201
52.41,0.503462,0.487924,0.486183,0.0155383
52.415,0.492487,0.487851,0.486112,0.00463563
52.42,0.488226,0.487778,0.486041,0.000447516
52.425,0.487773,0.487706,0.48597,6.76845e-05
52.43,0.480349,0.487633,0.4859,-0.0072842
52.435,0.468375,0.48756,0.485829,-0.0191851
52.44,0.465455,0.487488,0.485758,-0.0220328
52.445,0.473954,0.487416,0.485688,-0.0134619
52.45,0.491047,0.487343,0.485617,0.00370347
52.455,0.501394,0.487271,0.485547,0.0141228
52.46,0.511858,0.487199,0.485476,0.0246593
52.465,0.508597,0.487126,0.485406,0.0214707
52.47,0.507733,0.487054,0.485336,0.020679
52.475,0.500068,0.486982,0.485265,0.0130855
52.48,0.486606,0.48691,0.485195,-0.000303715
52.485,0.473156,0.486838,0.485125,-0.013682
52.49,0.471671,0.486766,0.485055,-0.015095
52.495,0.478592,0.486694,0.484985,-0.00810271
52.5,0.486725,0.486622,0.484915,0.000102542
52.505,0.497727,0.486551,0.484845,0.0111768
52.51,0.509334,0.486479,0.484775,0.022855
52.515,0.504024,0.486407,0.484705,0.0176162
52.52,0.491944,0.486336,0.484635,0.00560819
52.525,0.460096,0.486264,0.484565,-0.0261687
52.53,0.471615,0.486193,0.484495,-0.0145775
52.535,0.483997,0.486121,0.484426,-0.00212448
52.54,0.498246,0.48605,0.484356,0.0121964
52.545,0.500827,0.485979,0.484286,0.0148482
52.55,0.486108,0.485907,0.484217,0.000200519
52.555,0.483066,0.485836,0.484147,-0.00277052
52.56,0.489191,0.485765,0.484078,0.0034258
52.565,0.49044,0.485694,0.484008,0.00474576
52.57,0.503788,0.485623,0.483939,0.0181645
52.575,0.511324,0.485552,0.48387,0.025772
52.58,0.509417,0.485481,0.4838,0.0239353
52.585,0.510943,0.48541,0.483731,0.0255328
52.59,0.496648,0.48534,0.483662,0.0113084
52.595,0.489558,0.485269,0.483593,0.00428872
52.6,0.475347,0.485198,0.483523,-0.00985099
52.605,0.465925,0.485128,0.483454,-0.0192023
52.61,0.471267,0.485057,0.483385,-0.0137898
52.615,0.467957,0.484987,0.483316,-0.0170294
52.62,0.458883,0.484916,0.483247,-0.0260327
52.625,0.462778,0.484846,0.483178,-0.0220677
52.63,0.453944,0.484775,0.48311,-0.0308314
52.635,0.476957,0.484705,0.483041,-0.00774788
52.64,0.489699,0.484635,0.482972,0.00506457
52.645,0.496712,0.484565,0.482903,0.0121476
52.65,0.49532,0.484495,0.482835,0.010825
52.655,0.49522,0.484425,0.482766,0.0107952
52.66,0.50301,0.484355,0.482697,0.0186559
52.665,0.507569,0.484285,0.482629,0.0232845
52.67,0.504358,0.484215,0.48256,0.020143
52.675,0.502993,0.484145,0.482492,0.0188485
52.68,0.507139,0.484075,0.482424,0.023064
52.685,0.499011,0.484005,0.482355,0.0150057
52.69,0.499769,0.483936,0.482287,0.015833
52.695,0.501769,0.483866,0.482219,0.0179025
52.7,0.523277,0.483797,0.48215,0.0394807
52.705,0.523908,0.483727,0.482082,0.0401807
52.71,0.522108,0.483658,0.482014,0.0384502
52.715,0.517282,0.483588,0.481946,0.0336935
52.72,0.515984,0.483519,0.481878,0.0324652
52.725,0.51932,0.48345,0.48181,0.0358702
52.73,0.495669,0.48338,0.481742,0.0122888
52.735,0.48939,0.483311,0.481674,0.00607905
52.74,0.486572,0.483242,0.481606,0.0033298
52.745,0.47476,0.483173,0.481538,-0.00841319
52.75,0.478089,0.483104,0.481471,-0.00501516
52.755,0.469669,0.483035,0.481403,-0.013366
52.76,0.470015,0.482966,0.481335,-0.0129509
52.765,0.476563,0.482897,0.481268,-0.0063348
52.77,0.479843,0.482829,0.4812,-0.00298522
52.775,0.476363,0.48276,0.481133,-0.00639708
52.78,0.473929,0.482691,0.481065,-0.00876237
52.785,0.467648,0.482623,0.480998,-0.0149749
52.79,0.466449,0.482554,0.48093,-0.016105
52.795,0.468673,0.482485,0.480863,-0.0138122
52.8,0.474291,0.482417,0.480796,-0.00812572
52.805,0.477028,0.482349,0.480728,-0.00532068
52.81,0.483655,0.48228,0.480661,0.00137498
52.815,0.488438,0.482212,0.480594,0.00622605
52.82,0.47858,0.482144,0.480527,-0.00356353
52.825,0.490904,0.482076,0.48046,0.00882842
52.83,0.489505,0.482007,0.480393,0.00749787
52.835,0.493848,0.481939,0.480326,0.0119084
52.84,0.49596,0.481871,0.480259,0.0140891
52.845,0.489185,0.481803,0.480192,0.00738211
52.85,0.488988,0.481735,0.480125,0.00725265
52.855,0.498124,0.481668,0.480058,0.0164566
52.86,0.495619,0.4816,0.479992,0.0140189
52.865,0.494744,0.481532,0.479925,0.0132118
52.87,0.487544,0.481464,0.479858,0.0060796
52.875,0.479008,0.481397,0.479792,-0.00238903
52.88,0.476245,0.481329,0.479725,-0.00508375
52.885,0.482005,0.481261,0.479659,0.000743567
52.89,0.478515,0.481194,0.479592,-0.00267949
52.895,0.477352,0.481127,0.479526,-0.00377421
52.9,0.479176,0.481059,0.479459,-0.00188305
52.905,0.47777,0.480992,0.479393,-0.00322186
52.91,0.487556,0.480925,0.479327,0.00663186
52.915,0.478282,0.480857,0.47926,-0.00257578
52.92,0.470911,0.48079,0.479194,-0.00987938
52.925,0.471356,0.480723,0.479128,-0.00936703
52.93,0.469381,0.480656,0.479062,-0.0112755
52.935,0.471648,0.480589,0.478996,-0.00894079
52.94,0.482773,0.480522,0.47893,0.00225127
52.945,0.504863,0.480455,0.478864,0.0244081
52.95,0.513912,0.480388,0.478798,0.033524
52.955,0.519223,0.480322,0.478732,0.0389019
52.96,0.495735,0.480255,0.478666,0.0154798
52.965,0.488823,0.480188,0.478601,0.00863454
52.97,0.477264,0.480122,0.478535,-0.00285702
52.975,0.467907,0.480055,0.478469,-0.0121484
52.98,0.460844,0.479988,0.478404,-0.0191443
52.985,0.463799,0.479922,0.478338,-0.0161228
52.99,0.457976,0.479856,0.478273,-0.02188
52.995,0.453895,0.479789,0.478207,-0.0258943
53,0.437003,0.479723,0.478142,-0.0427201
53.005,0.417395,0.479657,0.478076,-0.0622617
53.01,0.425758,0.47959,0.478011,-0.0538322
53.015,0.432666,0.479524,0.477946,-0.0468579
53.02,0.445462,0.479458,0.47788,-0.0339963
53.025,0.451093,0.479392,0.477815,-0.0282988
53.03,0.446709,0.479326,0.47775,-0.0326166
53.035,0.448945,0.47926,0.477685,-0.0303151
53.04,0.469202,0.479194,0.47762,-0.00999261
53.045,0.471257,0.479128,0.477555,-0.00787119
53.05,0.481349,0.479063,0.47749,0.00228678
53.055,0.480307,0.478997,0.477425,0.00130976
53.06,0.465304,0.478931,0.47736,-0.0136276
53.065,0.460757,0.478866,0.477295,-0.0181084
53.07,0.463838,0.4788,0.47723,-0.0149621
53.075,0.47241,0.478735,0.477166,-0.00632496
53.08,0.470465,0.478669,0.477101,-0.00820391
53.085,0.459183,0.478604,0.477036,-0.0194207
53.09,0.456416,0.478538,0.476972,-0.0221223
53.095,0.468918,0.478473,0.476907,-0.00955493
53.1,0.488678,0.478408,0.476843,0.0102704
53.105,0.486477,0.478343,0.476778,0.00813485
53.11,0.481507,0.478277,0.476714,0.00322964
53.115,0.489771,0.478212,0.476649,0.0115584
53.12,0.502804,0.478147,0.476585,0.0246569
53.125,0.515354,0.478082,0.476521,0.0372718
53.13,0.520302,0.478017,0.476456,0.0422845
53.135,0.499378,0.477953,0.476392,0.0214255
53.14,0.49002,0.477888,0.476328,0.0121321
53.145,0.493585,0.477823,0.476264,0.0157618
53.15,0.486332,0.477758,0.4762,0.00857397
53.155,0.504465,0.477694,0.476136,0.0267718
53.16,0.495962,0.477629,0.476072,0.0183333
53.165,0.495464,0.477564,0.476008,0.0178994
53.17,0.483719,0.4775,0.475944,0.00621917
53.175,0.476192,0.477435,0.47588,-0.00124306
53.18,0.479695,0.477371,0.475817,0.00232387
53.185,0.478143,0.477307,0.475753,0.000836154
53.19,0.473134,0.477242,0.475689,-0.00410831
53.195,0.479838,0.477178,0.475626,0.00266014
53.2,0.481772,0.477114,0.475562,0.00465776
53.205,0.492463,0.47705,0.475499,0.0154128
53.21,0.494729,0.476986,0.475435,0.0177429
53.215,0.484662,0.476922,0.475372,0.00773995
53.22,0.485836,0.476858,0.475308,0.0089786
53.225,0.476737,0.476794,0.475245,-5.65328e-05
53.23,0.465857,0.47673,0.475182,-0.0108724
53.235,0.464679,0.476666,0.475118,-0.011987
53.24,0.462266,0.476602,0.475055,-0.0143363
53.245,0.471708,0.476539,0.474992,-0.00483081
53.25,0.483887,0.476475,0.474929,0.00741226
53.255,0.481613,0.476411,0.474866,0.00520156
53.26,0.49902,0.476348,0.474803,0.0226721
53.265,0.496666,0.476284,0.47474,0.0203816
53.27,0.495171,0.476221,0.474677,0.0189506
53.275,0.481298,0.476157,0.474614,0.0051407
53.28,0.470237,0.476094,0.474551,-0.00585707
53.285,0.473195,0.476031,0.474489,-0.00283588
53.29,0.49146,0.475967,0.474426,0.0154926
53.295,0.497029,0.475904,0.474363,0.0211253
53.3,0.487175,0.475841,0.474301,0.0113336
53.305,0.47156,0.475778,0.474238,-0.00421795
53.31,0.462604,0.475715,0.474176,-0.0131105
53.315,0.462652,0.475652,0.474113,-0.0130003
53.32,0.458464,0.475589,0.474051,-0.0171245
53.325,0.445872,0.475526,0.473988,-0.0296536
53.33,0.445437,0.475463,0.473926,-0.0300262
53.335,0.459267,0.4754,0.473864,-0.0161337
53.34,0.484824,0.475338,0.473801,0.00948659
53.345,0.491276,0.475275,0.473739,0.0160006
53.35,0.477412,0.475212,0.473677,0.00219961
53.355,0.463093,0.47515,0.473615,-0.0120571
53.36,0.455942,0.475087,0.473553,-0.0191457
53.365,0.461582,0.475025,0.473491,-0.0134426
53.37,0.454465,0.474962,0.473429,-0.0204975
53.375,0.445985,0.4749,0.473367,-0.0289152
53.38,0.437786,0.474838,0.473305,-0.0370521
53.385,0.445496,0.474776,0.473243,-0.0292794
53.39,0.462929,0.474713,0.473181,-0.0117845
53.395,0.465374,0.474651,0.47312,-0.00927691
53.4,0.464285,0.474589,0.473058,-0.0103037
53.405,0.471806,0.474527,0.472996,-0.00272064
53.41,0.471807,0.474465,0.472935,-0.00265794
53.415,0.470825,0.474403,0.472873,-0.00357806
53.42,0.469535,0.474341,0.472812,-0.00480658
53.425,0.453062,0.474279,0.47275,-0.0212177
53.43,0.452817,0.474218,0.472689,-0.0214005
53.435,0.457664,0.474156,0.472628,-0.016492
53.44,0.458585,0.474094,0.472566,-0.0155093
53.445,0.467862,0.474032,0.472505,-0.00617087
53.45,0.470876,0.473971,0.472444,-0.00309457
53.455,0.480424,0.473909,0.472383,0.00651436
53.46,0.474959,0.473848,0.472322,0.00111134
53.465,0.462986,0.473786,0.472261,-0.0108008
53.47,0.453767,0.473725,0.4722,-0.0199578
53.475,0.456942,0.473664,0.472139,-0.016722
53.48,0.456743,0.473603,0.472078,-0.0168595
53.485,0.458437,0.473541,0.472017,-0.0151041
53.49,0.453584,0.47348,0.471956,-0.0198966
53.495,0.450914,0.473419,0.471895,-0.0225047
53.5,0.457664,0.473358,0.471834,-0.0156943
53.505,0.45391,0.473297,0.471774,-0.0193866
53.51,0.45229,0.473236,0.471713,-0.0209457
53.515,0.458793,0.473175,0.471653,-0.0143821
53.52,0.442507,0.473114,0.471592,-0.0306069
53.525,0.440729,0.473053,0.471532,-0.0323247
53.53,0.430215,0.472993,0.471471,-0.0427777
53.535,0.431128,0.472932,0.471411,-0.0418038
53.54,0.442024,0.472871,0.47135,-0.0308471
53.545,0.455567,0.472811,0.47129,-0.0172437
53.55,0.454727,0.47275,0.47123,-0.0180231
53.555,0.453181,0.47269,0.47117,-0.0195089
53.56,0.465013,0.472629,0.471109,-0.00761627
53.565,0.461235,0.472569,0.471049,-0.0113339
53.57,0.465748,0.472509,0.470989,-0.00676021
53.575,0.459998,0.472448,0.470929,-0.0124507
53.58,0.447252,0.472388,0.470869,-0.0251363
53.585,0.446424,0.472328,0.470809,-0.025904
53.59,0.443416,0.472268,0.470749,-0.0288517
53.595,0.435217,0.472208,0.47069,-0.0369905
53.6,0.431251,0.472148,0.47063,-0.040897
53.605,0.430751,0.472088,0.47057,-0.0413364
53.61,0.434947,0.472028,0.47051,-0.0370813
53.615,0.439661,0.471968,0.470451,-0.0323072
53.62,0.445192,0.471908,0.470391,-0.0267164
53.625,0.441245,0.471848,0.470332,-0.0306031
53.63,0.442161,0.471789,0.470272,-0.0296275
53.635,0.45102,0.471729,0.470213,-0.0207088
53.64,0.452217,0.471669,0.470153,-0.0194528
53.645,0.45237,0.47161,0.470094,-0.0192396
53.65,0.44968,0.47155,0.470035,-0.0218706
53.655,0.444887,0.471491,0.469976,-0.0266038
53.66,0.466289,0.471432,0.469916,-0.00514294
53.665,0.469773,0.471372,0.469857,-0.0015989
53.67,0.467697,0.471313,0.469798,-0.00361563
53.675,0.467684,0.471254,0.469739,-0.00356959
53.68,0.461753,0.471195,0.46968,-0.00944133
53.685,0.465956,0.471135,0.469621,-0.00517987
53.69,0.460065,0.471076,0.469562,-0.0110117
53.695,0.458157,0.471017,0.469503,-0.0128607
53.7,0.450365,0.470958,0.469444,-0.0205932
53.705,0.43864,0.470899,0.469386,-0.0322597
53.71,0.427942,0.47084,0.469327,-0.0428986
53.715,0.424889,0.470782,0.469268,-0.0458926
53.72,0.440372,0.470723,0.46921,-0.0303505
53.725,0.449184,0.470664,0.469151,-0.0214806
53.73,0.454018,0.470606,0.469093,-0.0165879
53.735,0.456286,0.470547,0.469034,-0.0142608
53.74,0.452383,0.470488,0.468976,-0.0181048
53.745,0.444477,0.47043,0.468917,-0.0259533
53.75,0.443146,0.470371,0.468859,-0.0272252
53.755,0.442257,0.470313,0.468801,-0.0280561
53.76,0.446575,0.470255,0.468742,-0.0236799
53.765,0.439549,0.470196,0.468684,-0.030647
53.77,0.431222,0.470138,0.468626,-0.0389163
53.775,0.424287,0.47008,0.468568,-0.0457928
53.78,0.434592,0.470022,0.46851,-0.0354294
53.785,0.441078,0.469964,0.468452,-0.0288855
53.79,0.436537,0.469906,0.468394,-0.0333681
53.795,0.438027,0.469848,0.468336,-0.0318208
53.8,0.438689,0.46979,0.468278,-0.0311011
53.805,0.44571,0.469732,0.46822,-0.0240219
53.81,0.440544,0.469674,0.468163,-0.0291302
53.815,0.446601,0.469616,0.468105,-0.0230152
53.82,0.439634,0.469558,0.468047,-0.0299243
53.825,0.441255,0.469501,0.46799,-0.028246
53.83,0.439756,0.469443,0.467932,-0.0296874
53.835,0.442257,0.469386,0.467875,-0.0271285
53.84,0.436404,0.469328,0.467817,-0.0329241
53.845,0.441493,0.469271,0.46776,-0.0277777
53.85,0.4347,0.469213,0.467702,-0.0345129
53.855,0.444438,0.469156,0.467645,-0.024718
53.86,0.446659,0.469098,0.467588,-0.0224395
53.865,0.450606,0.469041,0.46753,-0.018435
53.87,0.459702,0.468984,0.467473,-0.00928191
53.875,0.464185,0.468927,0.467416,-0.0047421
53.88,0.466703,0.46887,0.467359,-0.00216634
53.885,0.46329,0.468813,0.467302,-0.00552312
53.89,0.45338,0.468756,0.467245,-0.0153759
53.895,0.455633,0.468699,0.467188,-0.0130655
53.9,0.456341,0.468642,0.467131,-0.0123007
53.905,0.449654,0.468585,0.467074,-0.0189311
53.91,0.447448,0.468528,0.467018,-0.0210805
53.915,0.449898,0.468471,0.466961,-0.0185734
53.92,0.452618,0.468415,0.466904,-0.0157967
53.925,0.452525,0.468358,0.466847,-0.0158334
53.93,0.448551,0.468301,0.466791,-0.0197501
53.935,0.448658,0.468245,0.466734,-0.0195873
53.94,0.463153,0.468188,0.466678,-0.00503506
53.945,0.457323,0.468132,0.466621,-0.0108087
53.95,0.447815,0.468076,0.466565,-0.0202606
53.955,0.438991,0.468019,0.466509,-0.0290288
53.96,0.451615,0.467963,0.466452,-0.0163478
53.965,0.46789,0.467907,0.466396,-1.68706e-05
53.97,0.465183,0.467851,0.46634,-0.00266735
53.975,0.447941,0.467795,0.466284,-0.0198534
53.98,0.434616,0.467738,0.466227,-0.0331224
53.985,0.424376,0.467682,0.466171,-0.043306
53.99,0.425433,0.467626,0.466115,-0.0421931
53.995,0.419839,0.467571,0.466059,-0.0477319
54,0.417324,0.467515,0.466003,-0.0501908
54.005,0.443,0.467459,0.465948,-0.0244589
54.01,0.452309,0.467403,0.465892,-0.0150945
54.015,0.461336,0.467347,0.465836,-0.00601149
54.02,0.463831,0.467292,0.46578,-0.00346112
54.025,0.471326,0.467236,0.465725,0.00408966
54.03,0.483861,0.467181,0.465669,0.0166799
54.035,0.484571,0.467125,0.465613,0.0174463
54.04,0.47716,0.46707,0.465558,0.0100902
54.045,0.464979,0.467014,0.465502,-0.00203571
54.05,0.45633,0.466959,0.465447,-0.0106286
54.055,0.445306,0.466904,0.465391,-0.0215974
54.06,0.451155,0.466848,0.465336,-0.0156938
54.065,0.452871,0.466793,0.465281,-0.0139218
54.07,0.456106,0.466738,0.465226,-0.0106326
54.075,0.452368,0.466683,0.46517,-0.0143146
54.08,0.457856,0.466628,0.465115,-0.00877168
54.085,0.457988,0.466573,0.46506,-0.00858485
54.09,0.465857,0.466518,0.465005,-0.0006616
54.095,0.46808,0.466463,0.46495,0.0016168
54.1,0.473185,0.466408,0.464895,0.00677689
54.105,0.469163,0.466354,0.46484,0.00280972
54.11,0.458301,0.466299,0.464785,-0.00799753
54.115,0.449404,0.466244,0.46473,-0.0168401
54.12,0.432989,0.46619,0.464676,-0.0332009
54.125,0.438099,0.466135,0.464621,-0.0280356
54.13,0.441651,0.466081,0.464566,-0.0244295
54.135,0.442243,0.466026,0.464512,-0.023783
54.14,0.442864,0.465972,0.464457,-0.0231076
54.145,0.438303,0.465917,0.464403,-0.027614
54.15,0.443903,0.465863,0.464348,-0.0219606
54.155,0.447258,0.465809,0.464294,-0.0185508
54.16,0.441766,0.465755,0.464239,-0.0239885
54.165,0.449217,0.465701,0.464185,-0.016484
54.17,0.454004,0.465646,0.464131,-0.0116427
54.175,0.463506,0.465592,0.464076,-0.00208679
54.18,0.449693,0.465538,0.464022,-0.0158456
54.185,0.443907,0.465484,0.463968,-0.021577
54.19,0.44964,0.465431,0.463914,-0.0157906
54.195,0.448775,0.465377,0.46386,-0.0166019
54.2,0.457084,0.465323,0.463806,-0.00823897
54.205,0.454291,0.465269,0.463752,-0.0109782
54.21,0.453324,0.465216,0.463698,-0.0118918
54.215,0.465374,0.465162,0.463644,0.000211706
54.22,0.461757,0.465108,0.463591,-0.00335147
54.225,0.465918,0.465055,0.463537,0.000862931
54.23,0.471963,0.465001,0.463483,0.0069619
54.235,0.461917,0.464948,0.463429,-0.00303063
54.24,0.457869,0.464895,0.463376,-0.00702581
54.245,0.449329,0.464841,0.463322,-0.0155127
54.25,0.444819,0.464788,0.463269,-0.0199687
54.255,0.466686,0.464735,0.463215,0.00195113
54.26,0.471538,0.464682,0.463162,0.00685642
54.265,0.470328,0.464629,0.463109,0.00569966
54.27,0.462228,0.464576,0.463055,-0.00234796
54.275,0.458209,0.464523,0.463002,-0.00631387
54.28,0.456771,0.46447,0.462949,-0.00769856
54.285,0.456592,0.464417,0.462896,-0.00782457
54.29,0.447643,0.464364,0.462842,-0.0167208
54.295,0.454383,0.464311,0.462789,-0.00992762
54.3,0.45979,0.464258,0.462736,-0.00446809
54.305,0.459758,0.464206,0.462683,-0.00444745
54.31,0.459451,0.464153,0.46263,-0.00470151
54.315,0.444899,0.4641,0.462578,-0.0192016
54.32,0.445115,0.464048,0.462525,-0.0189328
54.325,0.44146,0.463995,0.462472,-0.0225358
54.33,0.445677,0.463943,0.462419,-0.0182662
54.335,0.4534,0.463891,0.462367,-0.0104909
54.34,0.458527,0.463838,0.462314,-0.00531162
54.345,0.447874,0.463786,0.462261,-0.0159124
54.35,0.450824,0.463734,0.462209,-0.0129099
54.355,0.465295,0.463682,0.462156,0.0016138
54.36,0.463675,0.46363,0.462104,4.52016e-05
54.365,0.479039,0.463577,0.462052,0.0154612
54.37,0.476219,0.463525,0.461999,0.0126934
54.375,0.47925,0.463474,0.461947,0.015777
54.38,0.477307,0.463422,0.461895,0.0138857
54.385,0.462561,0.46337,0.461842,-0.000808467
54.39,0.453632,0.463318,0.46179,-0.00968595
54.395,0.457435,0.463266,0.461738,-0.00583079
54.4,0.459127,0.463215,0.461686,-0.00408798
54.405,0.457711,0.463163,0.461634,-0.00545169
54.41,0.449875,0.463111,0.461582,-0.0132359
54.415,0.449809,0.46306,0.46153,-0.0132508
54.42,0.458022,0.463008,0.461478,-0.0049863
54.425,0.455075,0.462957,0.461427,-0.00788216
54.43,0.450198,0.462905,0.461375,-0.0127077
54.435,0.442702,0.462854,0.461323,-0.0201525
54.44,0.451033,0.462803,0.461272,-0.0117702
54.445,0.451713,0.462752,0.46122,-0.0110388
54.45,0.457501,0.4627,0.461168,-0.00519928
54.455,0.440911,0.462649,0.461117,-0.0217382
54.46,0.436231,0.462598,0.461065,-0.0263674
54.465,0.44415,0.462547,0.461014,-0.0183968
54.47,0.447287,0.462496,0.460963,-0.015209
54.475,0.466823,0.462445,0.460911,0.00437791
54.48,0.466764,0.462394,0.46086,0.0043691
54.485,0.465994,0.462344,0.460809,0.00365061
54.49,0.469856,0.462293,0.460758,0.00756327
54.495,0.456564,0.462242,0.460707,-0.00567818
54.5,0.45524,0.462192,0.460655,-0.00695139
54.505,0.457176,0.462141,0.460604,-0.00496474
54.51,0.463706,0.46209,0.460553,0.00161587
54.515,0.474895,0.46204,0.460502,0.012855
54.52,0.467181,0.461989,0.460452,0.00519159
54.525,0.456391,0.461939,0.460401,-0.0055477
54.53,0.444785,0.461889,0.46035,-0.0171038
54.535,0.443321,0.461838,0.460299,-0.0185173
54.54,0.434883,0.461788,0.460249,-0.0269048
54.545,0.426179,0.461738,0.460198,-0.0355588
54.55,0.436908,0.461688,0.460147,-0.0247801
54.555,0.449579,0.461638,0.460097,-0.012059
54.56,0.457405,0.461588,0.460046,-0.00418303
54.565,0.452268,0.461538,0.459996,-0.00926958
54.57,0.440132,0.461488,0.459946,-0.0213558
54.575,0.445538,0.461438,0.459895,-0.0158996
54.58,0.454174,0.461388,0.459845,-0.00721466
54.585,0.446758,0.461338,0.459795,-0.0145802
54.59,0.445442,0.461289,0.459744,-0.0158468
54.595,0.432888,0.461239,0.459694,-0.028351
54.6,0.429341,0.46119,0.459644,-0.0318488
54.605,0.429081,0.46114,0.459594,-0.0320586
54.61,0.438144,0.46109,0.459544,-0.0229467
54.615,0.440753,0.461041,0.459494,-0.0202883
54.62,0.439143,0.460992,0.459444,-0.0218486
54.625,0.440566,0.460942,0.459394,-0.020376
54.63,0.446025,0.460893,0.459345,-0.0148679
54.635,0.455316,0.460844,0.459295,-0.00552796
54.64,0.452816,0.460795,0.459245,-0.00797825
54.645,0.441048,0.460745,0.459195,-0.0196971
54.65,0.434689,0.460696,0.459146,-0.0260071
54.655,0.429371,0.460647,0.459096,-0.0312763
54.66,0.435482,0.460598,0.459047,-0.025116
54.665,0.428311,0.460549,0.458997,-0.0322387
54.67,0.43027,0.460501,0.458948,-0.0302305
54.675,0.428161,0.460452,0.458899,-0.032291
54.68,0.439235,0.460403,0.458849,-0.0211681
54.685,0.451703,0.460354,0.4588,-0.00865142
54.69,0.455519,0.460306,0.458751,-0.00478672
54.695,0.459497,0.460257,0.458702,-0.000759697
54.7,0.461433,0.460208,0.458652,0.00122508
54.705,0.452562,0.46016,0.458603,-0.00759746
54.71,0.450488,0.460111,0.458554,-0.00962382
54.715,0.451897,0.460063,0.458505,-0.00816608
54.72,0.444815,0.460015,0.458456,-0.0151999
54.725,0.458482,0.459966,0.458407,-0.00148418
54.73,0.453269,0.459918,0.458359,-0.00664884
54.735,0.441012,0.45987,0.45831,-0.018858
54.74,0.438638,0.459822,0.458261,-0.0211834
54.745,0.439417,0.459774,0.458212,-0.0203566
54.75,0.44527,0.459726,0.458164,-0.0144554
54.755,0.45023,0.459678,0.458115,-0.00944756
54.76,0.445586,0.45963,0.458067,-0.0140442
54.765,0.438932,0.459582,0.458018,-0.0206496
54.77,0.428927,0.459534,0.45797,-0.0306067
54.775,0.431012,0.459486,0.457921,-0.0284739
54.78,0.425661,0.459439,0.457873,-0.0337772
54.785,0.42584,0.459391,0.457825,-0.0335506
54.79,0.419141,0.459343,0.457776,-0.0402018
54.795,0.418224,0.459296,0.457728,-0.0410712
54.8,0.431527,0.459248,0.45768,-0.0277209
54.805,0.44213,0.459201,0.457632,-0.0170707
54.81,0.440753,0.459153,0.457584,-0.0184001
54.815,0.43779,0.459106,0.457536,-0.0213162
54.82,0.432366,0.459059,0.457488,-0.0266928
54.825,0.433135,0.459011,0.45744,-0.0258766
54.83,0.440826,0.458964,0.457392,-0.0181378
54.835,0.459075,0.458917,0.457344,0.00015838
54.84,0.468229,0.45887,0.457297,0.009359
54.845,0.472551,0.458823,0.457249,0.0137281
54.85,0.459799,0.458776,0.457201,0.00102319
54.855,0.442313,0.458729,0.457154,-0.0164156
54.86,0.445812,0.458682,0.457106,-0.0128705
54.865,0.447736,0.458635,0.457059,-0.0108995
54.87,0.44862,0.458588,0.457011,-0.00996819
54.875,0.449182,0.458542,0.456964,-0.00936006
54.88,0.448782,0.458495,0.456916,-0.00971329
54.885,0.445701,0.458448,0.456869,-0.0127474
54.89,0.435198,0.458402,0.456822,-0.0232039
54.895,0.419343,0.458355,0.456774,-0.039012
54.9,0.429342,0.458309,0.456727,-0.0289673
54.905,0.452549,0.458262,0.45668,-0.00571372
54.91,0.476333,0.458216,0.456633,0.018117
54.915,0.479401,0.45817,0.456586,0.0212311
54.92,0.473194,0.458124,0.456539,0.0150702
54.925,0.467873,0.458077,0.456492,0.0097954
54.93,0.455711,0.458031,0.456445,-0.00232066
54.935,0.458022,0.457985,0.456398,3.67966e-05
54.94,0.469656,0.457939,0.456352,0.0117167
54.945,0.474465,0.457893,0.456305,0.0165724
54.95,0.472477,0.457847,0.456258,0.0146296
54.955,0.465924,0.457801,0.456212,0.00812237
54.96,0.452214,0.457755,0.456165,-0.00554118
54.965,0.446828,0.45771,0.456118,-0.0108815
54.97,0.428733,0.457664,0.456072,-0.0289304
54.975,0.406716,0.457618,0.456025,-0.0509019
54.98,0.406157,0.457573,0.455979,-0.0514154
54.985,0.414209,0.457527,0.455933,-0.0433179
54.99,0.428009,0.457481,0.455886,-0.0294721
54.995,0.432423,0.457436,0.45584,-0.0250128
55,0.432063,0.457391,0.455794,-0.0253273
55.005,0.437443,0.457345,0.455748,-0.019902
55.01,0.446331,0.4573,0.455702,-0.0109691
55.015,0.454339,0.457255,0.455656,-0.00291572
55.02,0.456276,0.457209,0.45561,-0.000933058
55.025,0.453397,0.457164,0.455564,-0.00376759
55.03,0.456304,0.457119,0.455518,-0.000815272
55.035,0.456487,0.457074,0.455472,-0.000587022
55.04,0.473891,0.457029,0.455426,0.0168618
55.045,0.469814,0.456984,0.45538,0.0128297
55.05,0.472687,0.456939,0.455335,0.0157475
55.055,0.472992,0.456894,0.455289,0.0160972
55.06,0.465843,0.45685,0.455243,0.00899314
55.065,0.471505,0.456805,0.455198,0.0146998
55.07,0.465464,0.45676,0.455152,0.00870357
55.075,0.45562,0.456716,0.455107,-0.00109525
55.08,0.452482,0.456671,0.455061,-0.00418864
55.085,0.454875,0.456626,0.455016,-0.00175103
55.09,0.442525,0.456582,0.454971,-0.0140571
55.095,0.443811,0.456538,0.454925,-0.0127269
55.1,0.432427,0.456493,0.45488,-0.0240663
55.105,0.427795,0.456449,0.454835,-0.0286536
55.11,0.431336,0.456405,0.45479,-0.0250686
55.115,0.438682,0.45636,0.454745,-0.0176786
55.12,0.449189,0.456316,0.4547,-0.00712718
55.125,0.466682,0.456272,0.454655,0.0104102
55.13,0.464668,0.456228,0.45461,0.00844013
55.135,0.456797,0.456184,0.454565,0.000612596
55.14,0.453618,0.45614,0.45452,-0.00252186
55.145,0.442652,0.456096,0.454475,-0.0134445
55.15,0.446845,0.456052,0.45443,-0.00920712
55.155,0.447997,0.456009,0.454386,-0.00801158
55.16,0.449378,0.455965,0.454341,-0.00658715
55.165,0.453088,0.455921,0.454297,-0.00283335
55.17,0.443649,0.455878,0.454252,-0.0122288
55.175,0.433681,0.455834,0.454207,-0.0221535
55.18,0.450098,0.455791,0.454163,-0.00569242
55.185,0.458963,0.455747,0.454119,0.00321555
55.19,0.467847,0.455704,0.454074,0.0121431
55.195,0.465382,0.45566,0.45403,0.00972143
55.2,0.449515,0.455617,0.453986,-0.00610243
55.205,0.447131,0.455574,0.453941,-0.00844281
55.21,0.455423,0.45553,0.453897,-0.000107529
55.215,0.467737,0.455487,0.453853,0.0122498
55.22,0.46667,0.455444,0.453809,0.0112259
55.225,0.464014,0.455401,0.453765,0.00861331
55.23,0.452761,0.455358,0.453721,-0.00259673
55.235,0.443392,0.455315,0.453677,-0.0119232
55.24,0.430104,0.455272,0.453633,-0.0251679
55.245,0.428175,0.455229,0.45359,-0.0270541
55.25,0.428531,0.455187,0.453546,-0.026656
55.255,0.430291,0.455144,0.453502,-0.0248533
55.26,0.414562,0.455101,0.453458,-0.0405393
55.265,0.42189,0.455059,0.453415,-0.0331683
55.27,0.433681,0.455016,0.453371,-0.0213346
55.275,0.442544,0.454974,0.453328,-0.0124294
55.28,0.438309,0.454931,0.453284,-0.0166223
55.285,0.42916,0.454889,0.453241,-0.0257282
55.29,0.443521,0.454846,0.453197,-0.011325
55.295,0.458061,0.454804,0.453154,0.00325679
55.3,0.461732,0.454762,0.453111,0.00696988
55.305,0.462589,0.454719,0.453067,0.00786973
55.31,0.456086,0.454677,0.453024,0.00140862
55.315,0.458276,0.454635,0.452981,0.0036403
55.32,0.457949,0.454593,0.452938,0.00335632
55.325,0.460035,0.454551,0.452895,0.00548432
55.33,0.46426,0.454509,0.452852,0.00975044
55.335,0.469981,0.454467,0.452809,0.0155138
55.34,0.475856,0.454425,0.452766,0.0214301
55.345,0.471345,0.454384,0.452723,0.0169611
55.35,0.468802,0.454342,0.452681,0.0144605
55.355,0.459793,0.4543,0.452638,0.0054925
55.36,0.463412,0.454259,0.452595,0.00915292
55.365,0.461996,0.454217,0.452552,0.00777899
55.37,0.448312,0.454176,0.45251,-0.0058636
55.375,0.440602,0.454134,0.452467,-0.0135319
55.38,0.442824,0.454093,0.452425,-0.0112687
55.385,0.442562,0.454051,0.452382,-0.0114889
55.39,0.46141,0.45401,0.45234,0.00739961
55.395,0.46252,0.453969,0.452297,0.00855143
55.4,0.472237,0.453927,0.452255,0.0183094
55.405,0.460514,0.453886,0.452213,0.0066278
55.41,0.446485,0.453845,0.452171,-0.00735977
55.415,0.446371,0.453804,0.452128,-0.00743288
55.42,0.46487,0.453763,0.452086,0.0111072
55.425,0.480535,0.453722,0.452044,0.0268132
55.43,0.464179,0.453681,0.452002,0.0104975
55.435,0.450206,0.45364,0.45196,-0.00343451
55.44,0.440629,0.4536,0.451918,-0.0129712
55.445,0.441604,0.453559,0.451876,-0.0119547
55.45,0.451659,0.453518,0.451835,-0.00185957
55.455,0.454316,0.453478,0.451793,0.000838824
55.46,0.459027,0.453437,0.451751,0.00558972
55.465,0.448244,0.453397,0.451709,-0.00515285
55.47,0.432876,0.453356,0.451668,-0.0204799
55.475,0.442742,0.453316,0.451626,-0.0105738
55.48,0.458485,0.453275,0.451585,0.00520924
55.485,0.475337,0.453235,0.451543,0.022102
55.49,0.472138,0.453195,0.451502,0.0189429
55.495,0.471445,0.453155,0.45146,0.0182907
55.5,0.476535,0.453114,0.451419,0.0234204
55.505,0.473013,0.453074,0.451378,0.0199388
55.51,0.470044,0.453034,0.451336,0.0170098
55.515,0.458321,0.452994,0.451295,0.00532661
55.52,0.466641,0.452954,0.451254,0.0136866
55.525,0.471176,0.452914,0.451213,0.0182621
55.53,0.466293,0.452875,0.451172,0.013418
55.535,0.46135,0.452835,0.451131,0.00851542
55.54,0.460303,0.452795,0.45109,0.00750782
55.545,0.478935,0.452755,0.451049,0.0261801
55.55,0.493918,0.452716,0.451008,0.0412023
55.555,0.497159,0.452676,0.450967,0.0444825
55.56,0.504882,0.452637,0.450926,0.0522458
55.565,0.508153,0.452597,0.450886,0.0555562
55.57,0.511509,0.452558,0.450845,0.0589509
55.575,0.511337,0.452518,0.450804,0.0588185
55.58,0.508582,0.452479,0.450764,0.0561034
55.585,0.506543,0.45244,0.450723,0.0541032
55.59,0.500172,0.452401,0.450683,0.0477718
55.595,0.47925,0.452361,0.450642,0.0268889
55.6,0.468482,0.452322,0.450602,0.0161596
55.605,0.480339,0.452283,0.450562,0.0280553
55.61,0.49644,0.452244,0.450521,0.0441953
55.615,0.501033,0.452205,0.450481,0.048828
55.62,0.496654,0.452167,0.450441,0.044487
55.625,0.48,0.452128,0.450401,0.0278725
55.63,0.478824,0.452089,0.450361,0.0267346
55.635,0.484087,0.45205,0.450321,0.0320365
55.64,0.481278,0.452011,0.450281,0.0292662
55.645,0.482694,0.451973,0.450241,0.0307213
55.65,0.479985,0.451934,0.450201,0.0280509
55.655,0.473746,0.451896,0.450161,0.0218506
55.66,0.48375,0.451857,0.450121,0.031893
55.665,0.488362,0.451819,0.450081,0.0365427
55.67,0.484388,0.451781,0.450042,0.0326076
55.675,0.492397,0.451742,0.450002,0.0406548
55.68,0.487932,0.451704,0.449962,0.036228
55.685,0.485261,0.451666,0.449923,0.033595
55.69,0.478353,0.451628,0.449883,0.026725
55.695,0.477377,0.45159,0.449844,0.0257873
55.7,0.485016,0.451551,0.449804,0.0334649
55.705,0.495832,0.451514,0.449765,0.0443181
55.71,0.49245,0.451476,0.449726,0.0409747
55.715,0.486324,0.451438,0.449686,0.0348864
55.72,0.472113,0.4514,0.449647,0.0207133
55.725,0.465287,0.451362,0.449608,0.0139249
55.73,0.464132,0.451324,0.449569,0.0128075
55.735,0.466069,0.451287,0.44953,0.0147818
55.74,0.469489,0.451249,0.449491,0.01824
55.745,0.468099,0.451212,0.449452,0.0168871
55.75,0.475701,0.451174,0.449413,0.0245274
55.755,0.487776,0.451137,0.449374,0.0366393
55.76,0.495477,0.451099,0.449335,0.0443774
55.765,0.489589,0.451062,0.449296,0.0385276
55.77,0.49156,0.451024,0.449257,0.040535
55.775,0.493115,0.450987,0.449219,0.042128
55.78,0.4971,0.45095,0.44918,0.04615
55.785,0.478693,0.450913,0.449141,0.0277802
55.79,0.469717,0.450876,0.449103,0.0188407
55.795,0.46275,0.450839,0.449064,0.0119115
55.8,0.46687,0.450802,0.449026,0.0160681
55.805,0.468093,0.450765,0.448987,0.0173283
55.81,0.472047,0.450728,0.448949,0.0213189
55.815,0.481375,0.450691,0.448911,0.0306843
55.82,0.472855,0.450654,0.448872,0.0222009
55.825,0.475375,0.450618,0.448834,0.024757
55.83,0.467215,0.450581,0.448796,0.0166336
55.835,0.471805,0.450544,0.448758,0.0212609
55.84,0.487079,0.450508,0.44872,0.0365712
55.845,0.481671,0.450471,0.448682,0.0311999
55.85,0.493755,0.450435,0.448644,0.0433203
55.855,0.493059,0.450398,0.448606,0.0426602
55.86,0.494683,0.450362,0.448568,0.044321
55.865,0.487589,0.450326,0.44853,0.0372631
55.87,0.470433,0.45029,0.448492,0.0201434
55.875,0.451031,0.450253,0.448454,0.000777683
55.88,0.444448,0.450217,0.448417,-0.00576924
55.885,0.455525,0.450181,0.448379,0.00534342
55.89,0.456084,0.450145,0.448341,0.00593846
55.895,0.45792,0.450109,0.448304,0.00781033
55.9,0.449342,0.450073,0.448266,-0.000731384
55.905,0.445635,0.450037,0.448229,-0.0044028
55.91,0.44288,0.450002,0.448192,-0.00712183
55.915,0.440237,0.449966,0.448154,-0.00972873
55.92,0.442759,0.44993,0.448117,-0.00717118
55.925,0.454374,0.449894,0.44808,0.00447959
55.93,0.454433,0.449859,0.448042,0.00457436
55.935,0.451129,0.449823,0.448005,0.00130552
55.94,0.44633,0.449788,0.447968,-0.00345781
55.945,0.441819,0.449752,0.447931,-0.00793349
55.95,0.450369,0.449717,0.447894,0.000652447
55.955,0.454443,0.449682,0.447857,0.00476141
55.96,0.464037,0.449646,0.44782,0.0143904
55.965,0.470276,0.449611,0.447783,0.0206653
55.97,0.464214,0.449576,0.447746,0.0146382
55.975,0.450846,0.449541,0.447709,0.00130504
55.98,0.438788,0.449506,0.447673,-0.0107173
55.985,0.432408,0.449471,0.447636,-0.0170625
55.99,0.429021,0.449436,0.447599,-0.0204149
55.995,0.431163,0.449401,0.447563,-0.0182381
56,0.427888,0.449366,0.447526,-0.0214778
56.005,0.43359,0.449331,0.44749,-0.015741
56.01,0.438481,0.449296,0.447453,-0.0108158
56.015,0.4361,0.449262,0.447417,-0.0131617
56.02,0.436562,0.449227,0.44738,-0.0126646
56.025,0.433129,0.449192,0.447344,-0.0160639
56.03,0.441335,0.449158,0.447308,-0.00782247
56.035,0.450821,0.449123,0.447271,0.00169711
56.04,0.459853,0.449089,0.447235,0.0107639
56.045,0.459879,0.449055,0.447199,0.0108242
56.05,0.454955,0.44902,0.447163,0.00593428
56.055,0.448657,0.448986,0.447127,-0.000328907
56.06,0.440772,0.448952,0.447091,-0.00817992
56.065,0.429266,0.448918,0.447055,-0.0196521
56.07,0.422172,0.448883,0.447019,-0.0267116
56.075,0.413615,0.448849,0.446983,-0.0352348
56.08,0.419291,0.448815,0.446948,-0.0295247
56.085,0.419548,0.448781,0.446912,-0.029233
56.09,0.41975,0.448748,0.446876,-0.0289973
56.095,0.411919,0.448714,0.44684,-0.0367944
56.1,0.412678,0.44868,0.446805,-0.0360023
56.105,0.411618,0.448646,0.446769,-0.0370286
56.11,0.423289,0.448612,0.446734,-0.0253233
56.115,0.428655,0.448579,0.446698,-0.0199236
56.12,0.440052,0.448545,0.446663,-0.00849296
56.125,0.438424,0.448512,0.446627,-0.0100876
56.13,0.430276,0.448478,0.446592,-0.0182024
56.135,0.424671,0.448445,0.446557,-0.0237739
56.14,0.411789,0.448411,0.446522,-0.0366223
56.145,0.410117,0.448378,0.446486,-0.038261
56.15,0.403263,0.448345,0.446451,-0.0450819
56.155,0.403139,0.448312,0.446416,-0.0451731
56.16,0.413275,0.448278,0.446381,-0.0350032
56.165,0.422192,0.448245,0.446346,-0.0260534
56.17,0.420592,0.448212,0.446311,-0.02762
56.175,0.432035,0.448179,0.446276,-0.0161439
56.18,0.430176,0.448146,0.446241,-0.0179705
56.185,0.435492,0.448113,0.446207,-0.0126211
56.19,0.437314,0.448081,0.446172,-0.0107667
56.195,0.441845,0.448048,0.446137,-0.00620248
56.2,0.44952,0.448015,0.446102,0.00150447
56.205,0.442308,0.447982,0.446068,-0.00567416
56.21,0.433284,0.44795,0.446033,-0.0146654
56.215,0.42928,0.447917,0.445999,-0.0186371
56.22,0.424563,0.447885,0.445964,-0.0233218
56.225,0.429802,0.447852,0.44593,-0.0180505
56.23,0.427319,0.44782,0.445895,-0.0205006
56.235,0.42347,0.447787,0.445861,-0.0243173
56.24,0.424855,0.447755,0.445827,-0.0229006
56.245,0.423428,0.447723,0.445792,-0.024295
56.25,0.416747,0.447691,0.445758,-0.0309437
56.255,0.420993,0.447659,0.445724,-0.0266653
56.26,0.408495,0.447626,0.44569,-0.039131
56.265,0.407158,0.447594,0.445656,-0.0404369
56.27,0.403111,0.447562,0.445622,-0.0444511
56.275,0.40344,0.447531,0.445588,-0.044091
56.28,0.417483,0.447499,0.445554,-0.0300159
56.285,0.420271,0.447467,0.44552,-0.0271961
56.29,0.424235,0.447435,0.445486,-0.0232
56.295,0.42818,0.447403,0.445452,-0.0192231
56.3,0.434994,0.447372,0.445419,-0.0123781
56.305,0.446041,0.44734,0.445385,-0.00129862
56.31,0.449099,0.447308,0.445351,0.00179051
56.315,0.460041,0.447277,0.445318,0.0127636
56.32,0.452585,0.447246,0.445284,0.00533978
56.325,0.450065,0.447214,0.445251,0.00285062
56.33,0.42785,0.447183,0.445217,-0.0193327
56.335,0.427495,0.447152,0.445184,-0.0196569
56.34,0.429321,0.44712,0.44515,-0.0177989
56.345,0.431293,0.447089,0.445117,-0.0157959
56.35,0.427315,0.447058,0.445084,-0.0197433
56.355,0.420689,0.447027,0.445051,-0.0263381
56.36,0.42169,0.446996,0.445018,-0.0253063
56.365,0.427376,0.446965,0.444984,-0.0195884
56.37,0.422739,0.446934,0.444951,-0.0241948
56.375,0.416545,0.446903,0.444918,-0.0303581
56.38,0.413948,0.446872,0.444885,-0.0329247
56.385,0.407734,0.446842,0.444852,-0.0391078
56.39,0.417542,0.446811,0.444819,-0.0292685
56.395,0.422263,0.44678,0.444787,-0.0245168
56.4,0.432375,0.44675,0.444754,-0.014375
56.405,0.443379,0.446719,0.444721,-0.00334025
56.41,0.446133,0.446689,0.444688,-0.000555901
56.415,0.436148,0.446658,0.444656,-0.0105105
56.42,0.446596,0.446628,0.444623,-3.20142e-05
56.425,0.442734,0.446597,0.44459,-0.00386343
56.43,0.453569,0.446567,0.444558,0.00700185
56.435,0.452819,0.446537,0.444525,0.00628229
56.44,0.449729,0.446507,0.444493,0.00322252
56.445,0.452908,0.446477,0.444461,0.00643171
56.45,0.437709,0.446447,0.444428,-0.0087378
56.455,0.436414,0.446417,0.444396,-0.0100029
56.46,0.429586,0.446387,0.444364,-0.0168003
56.465,0.432571,0.446357,0.444332,-0.0137856
56.47,0.441974,0.446327,0.444299,-0.00435336
56.475,0.443496,0.446297,0.444267,-0.00280151
56.48,0.438573,0.446267,0.444235,-0.007694
56.485,0.438747,0.446238,0.444203,-0.0074905
56.49,0.440799,0.446208,0.444171,-0.00540951
56.495,0.445249,0.446178,0.444139,-0.000929936
56.5,0.447383,0.446149,0.444107,0.00123407
56.505,0.44787,0.446119,0.444076,0.00175004
56.51,0.443689,0.44609,0.444044,-0.00240066
56.515,0.443171,0.446061,0.444012,-0.00288943
56.52,0.429677,0.446031,0.44398,-0.0163548
56.525,0.419482,0.446002,0.443949,-0.0265204
56.53,0.422312,0.445973,0.443917,-0.0236609
56.535,0.439754,0.445944,0.443886,-0.00618983
56.54,0.437948,0.445915,0.443854,-0.00796674
56.545,0.430188,0.445872,0.443823,-0.0156839
56.55,0.419498,0.445843,0.443791,-0.0263452
56.555,0.412748,0.445814,0.44376,-0.0330665
56.56,0.412578,0.445785,0.443728,-0.033207
56.565,0.417621,0.445756,0.443697,-0.0281349
56.57,0.425989,0.445728,0.443666,-0.0197385
56.575,0.434693,0.445699,0.443635,-0.011006
56.58,0.428611,0.44567,0.443604,-0.0170589
56.585,0.426633,0.445642,0.443573,-0.0190083
56.59,0.42215,0.445613,0.443541,-0.0234628
56.595,0.431545,0.445585,0.44351,-0.0140396
56.6,0.436764,0.445556,0.443479,-0.00879231
56.605,0.431522,0.445528,0.443449,-0.0140059
56.61,0.428378,0.445499,0.443418,-0.0171215
56.615,0.422208,0.445471,0.443387,-0.0232631
56.62,0.422393,0.445443,0.443356,-0.0230499
56.625,0.426252,0.445415,0.443325,-0.0191624
56.63,0.439707,0.445387,0.443295,-0.00567964
56.635,0.449075,0.445359,0.443264,0.00371658
56.64,0.445202,0.445331,0.443233,-0.000128852
56.645,0.435713,0.445303,0.443203,-0.00958929
56.65,0.417865,0.445275,0.443172,-0.02741
56.655,0.40821,0.445247,0.443142,-0.037037
56.66,0.410027,0.445219,0.443112,-0.0351923
56.665,0.419076,0.445191,0.443081,-0.0261155
56.67,0.414983,0.445164,0.443051,-0.0301808
56.675,0.410666,0.445136,0.443021,-0.0344702
56.68,0.406179,0.445108,0.44299,-0.0389292
56.685,0.420545,0.445081,0.44296,-0.024536
56.69,0.433719,0.445054,0.44293,-0.0113349
56.695,0.431879,0.445026,0.4429,-0.0131467
56.7,0.426475,0.444999,0.44287,-0.0185234
56.705,0.419478,0.444971,0.44284,-0.0254939
56.71,0.419419,0.444944,0.44281,-0.0255247
56.715,0.417982,0.444917,0.44278,-0.0269349
56.72,0.425121,0.44489,0.44275,-0.0197693
56.725,0.437427,0.444863,0.44272,-0.00743561
56.73,0.441984,0.444836,0.442691,-0.00285148
56.735,0.438958,0.444809,0.442661,-0.00585076
56.74,0.435035,0.444782,0.442631,-0.00974674
56.745,0.438438,0.444755,0.442602,-0.00631726
56.75,0.432133,0.444728,0.442572,-0.0125947
56.755,0.426016,0.444701,0.442542,-0.0186852
56.76,0.424633,0.444675,0.442513,-0.020042
56.765,0.420766,0.444648,0.442484,-0.0238823
56.77,0.435757,0.444621,0.442454,-0.00886469
56.775,0.445173,0.444595,0.442425,0.000578024
56.78,0.445536,0.444568,0.442395,0.000967197
56.785,0.434764,0.444542,0.442366,-0.00977764
56.79,0.430139,0.444516,0.442337,-0.0143763
56.795,0.418539,0.444489,0.442308,-0.0259501
56.8,0.421275,0.444463,0.442279,-0.0231877
56.805,0.416946,0.444437,0.44225,-0.0274908
56.81,0.41043,0.444411,0.44222,-0.033981
56.815,0.418482,0.444384,0.442191,-0.0259023
56.82,0.422696,0.444358,0.442163,-0.0216627
56.825,0.430578,0.444332,0.442134,-0.0137543
56.83,0.42539,0.444306,0.442105,-0.0189161
56.835,0.426089,0.444281,0.442076,-0.0181915
56.84,0.430844,0.444255,0.442047,-0.013411
56.845,0.431962,0.444229,0.442018,-0.0122664
56.85,0.436726,0.444203,0.44199,-0.00747695
56.855,0.439307,0.444178,0.441961,-0.00487038
56.86,0.441288,0.444152,0.441932,-0.00286427
56.865,0.4498,0.444126,0.441904,0.00567354
56.87,0.445165,0.444101,0.441875,0.00106464
56.875,0.448629,0.444075,0.441847,0.00455337
56.88,0.441905,0.44405,0.441819,-0.00214454
56.885,0.427975,0.444025,0.44179,-0.0160501
56.89,0.418456,0.443999,0.441762,-0.0255429
56.895,0.423624,0.443974,0.441734,-0.0203498
56.9,0.434036,0.443949,0.441705,-0.00991314
56.905,0.444963,0.443924,0.441677,0.00103951
56.91,0.447724,0.443899,0.441649,0.00382484
56.915,0.443153,0.443874,0.441621,-0.000720373
56.92,0.441929,0.443849,0.441593,-0.00191945
56.925,0.438106,0.443824,0.441565,-0.00571747
56.93,0.423823,0.443799,0.441537,-0.0199758
56.935,0.422927,0.443774,0.441509,-0.0208476
56.94,0.40653,0.443749,0.441481,-0.0372197
56.945,0.409197,0.443725,0.441453,-0.0345277
56.95,0.407641,0.4437,0.441425,-0.0360596
56.955,0.424333,0.443676,0.441398,-0.0193429
56.96,0.429642,0.443651,0.44137,-0.0140088
56.965,0.435088,0.443627,0.441342,-0.00853889
56.97,0.423805,0.443602,0.441315,-0.0197975
56.975,0.419414,0.443578,0.441287,-0.0241633
56.98,0.417454,0.443553,0.44126,-0.0260996
56.985,0.424779,0.443529,0.441232,-0.0187506
56.99,0.429859,0.443505,0.441205,-0.0136461
56.995,0.440203,0.443481,0.441177,-0.00327755
57,0.433402,0.443457,0.44115,-0.0100547
57.005,0.429411,0.443433,0.441123,-0.0140218
57.01,0.419011,0.443409,0.441095,-0.0243982
57.015,0.417048,0.443385,0.441068,-0.0263366
57.02,0.41603,0.443361,0.441041,-0.0273312
57.025,0.427423,0.443337,0.441014,-0.0159141
57.03,0.430574,0.443313,0.440987,-0.0127391
57.035,0.440416,0.44329,0.44096,-0.00287337
57.04,0.445129,0.443266,0.440933,0.00186311
57.045,0.445327,0.443242,0.440906,0.00208466
57.05,0.441594,0.443219,0.440879,-0.00162468
57.055,0.426878,0.443195,0.440852,-0.0163172
57.06,0.419502,0.443172,0.440825,-0.02367
57.065,0.414059,0.443149,0.440799,-0.0290897
57.07,0.421729,0.443125,0.440772,-0.0213966
57.075,0.431608,0.443102,0.440745,-0.0114943
57.08,0.433019,0.443079,0.440719,-0.0100603
57.085,0.433168,0.443056,0.440692,-0.00988756
57.09,0.423611,0.443033,0.440665,-0.0194211
57.095,0.416932,0.44301,0.440639,-0.0260773
57.1,0.410392,0.442987,0.440612,-0.0325944
57.105,0.415371,0.442964,0.440586,-0.0275929
57.11,0.435084,0.442941,0.44056,-0.0078569
57.115,0.45514,0.442918,0.440533,0.0122217
57.12,0.458838,0.442895,0.440507,0.0159428
57.125,0.450262,0.442872,0.440481,0.00738959
57.13,0.433169,0.44285,0.440455,-0.00968123
57.135,0.424442,0.442827,0.440428,-0.0183855
57.14,0.439569,0.442805,0.440402,-0.00323589
57.145,0.439059,0.442782,0.440376,-0.00372349
57.15,0.436372,0.44276,0.44035,-0.00638779
57.155,0.42534,0.442737,0.440324,-0.0173975
57.16,0.421088,0.442715,0.440298,-0.021627
57.165,0.424686,0.442693,0.440272,-0.0180072
57.17,0.427781,0.442671,0.440247,-0.01489
57.175,0.435046,0.442648,0.440221,-0.00760253
57.18,0.443524,0.442626,0.440195,0.000897667
57.185,0.444993,0.442604,0.440169,0.00238894
57.19,0.432304,0.442582,0.440144,-0.0102784
57.195,0.423993,0.44256,0.440118,-0.0185676
57.2,0.424401,0.442539,0.440092,-0.0181377
57.205,0.425858,0.442517,0.440067,-0.0166585
57.21,0.428273,0.442495,0.440041,-0.0142216
57.215,0.428635,0.442473,0.440016,-0.0138383
57.22,0.447036,0.442452,0.439991,0.00458404
57.225,0.463301,0.44243,0.439965,0.0208714
57.23,0.464929,0.442408,0.43994,0.0225209
57.235,0.452717,0.442387,0.439915,0.01033
57.24,0.442995,0.442366,0.439889,0.000629358
57.245,0.438066,0.442344,0.439864,-0.00427777
57.25,0.44693,0.442323,0.439839,0.00460693
57.255,0.438224,0.442302,0.439814,-0.00407765
57.26,0.449754,0.44228,0.439789,0.00747376
57.265,0.448337,0.442259,0.439764,0.00607743
57.27,0.451937,0.442238,0.439739,0.00969892
57.275,0.445538,0.442217,0.439714,0.00332061
57.28,0.438335,0.442196,0.439689,-0.00386088
57.285,0.432726,0.442175,0.439664,-0.00944938
57.29,0.433914,0.442154,0.439639,-0.0082404
57.295,0.42961,0.442134,0.439615,-0.012524
57.3,0.431043,0.442113,0.43959,-0.0110697
57.305,0.431313,0.442092,0.439565,-0.0107793
57.31,0.424155,0.442072,0.439541,-0.0179166
57.315,0.418902,0.442051,0.439516,-0.023149
57.32,0.410845,0.44203,0.439492,-0.0311858
57.325,0.410562,0.44201,0.439467,-0.0314478
57.33,0.424398,0.44199,0.439443,-0.0175917
57.335,0.426236,0.441969,0.439418,-0.0157329
57.34,0.426516,0.441949,0.439394,-0.0154325
57.345,0.427599,0.441929,0.439369,-0.0143299
57.35,0.433558,0.441908,0.439345,-0.00835009
57.355,0.446918,0.441888,0.439321,0.00502946
57.36,0.45321,0.441868,0.439297,0.0113414
57.365,0.451482,0.441848,0.439273,0.00963406
57.37,0.437851,0.441828,0.439248,-0.00397707
57.375,0.43518,0.441808,0.439224,-0.00662819
57.38,0.427408,0.441789,0.4392,-0.0143804
57.385,0.424834,0.441769,0.439176,-0.0169348
57.39,0.424646,0.441749,0.439152,-0.0171035
57.395,0.417381,0.441729,0.439129,-0.024348
57.4,0.417992,0.44171,0.439105,-0.0237173
57.405,0.41155,0.44169,0.439081,-0.0301399
57.41,0.399788,0.441671,0.439057,-0.0418828
57.415,0.406133,0.441651,0.439033,-0.035518
57.42,0.402964,0.441632,0.43901,-0.0386682
57.425,0.411753,0.441612,0.438986,-0.02986
57.43,0.41479,0.441593,0.438962,-0.0268033
57.435,0.419136,0.441574,0.438939,-0.0224383
57.44,0.425614,0.441555,0.438915,-0.0159405
57.445,0.421963,0.441536,0.438892,-0.0195725
57.45,0.420745,0.441517,0.438868,-0.0207721
57.455,0.427407,0.441498,0.438845,-0.0140906
57.46,0.432927,0.441479,0.438822,-0.00855177
57.465,0.430875,0.44146,0.438798,-0.0105844
57.47,0.416875,0.441441,0.438775,-0.0245662
57.475,0.415714,0.441422,0.438752,-0.0257078
57.48,0.417963,0.441404,0.438729,-0.0234407
57.485,0.42173,0.441385,0.438706,-0.0196549
57.49,0.415262,0.441366,0.438683,-0.0261039
57.495,0.41599,0.441348,0.43866,-0.0253577
57.5,0.421444,0.441329,0.438637,-0.0198856
57.505,0.425274,0.441311,0.438614,-0.0160374
57.51,0.422965,0.441293,0.438591,-0.0183273
57.515,0.399791,0.441274,0.438568,-0.0414836
57.52,0.407597,0.441256,0.438545,-0.0336595
57.525,0.416509,0.441238,0.438522,-0.0247293
57.53,0.427642,0.44122,0.438499,-0.0135781
57.535,0.426906,0.441202,0.438477,-0.0142955
57.54,0.415934,0.441184,0.438454,-0.0252493
57.545,0.412608,0.441166,0.438431,-0.0285575
57.55,0.4225,0.441148,0.438409,-0.0186474
57.555,0.420883,0.44113,0.438386,-0.0202474
57.56,0.417792,0.441112,0.438364,-0.0233197
57.565,0.413073,0.441094,0.438341,-0.028021
57.57,0.400626,0.441077,0.438319,-0.0404511
57.575,0.398907,0.441059,0.438296,-0.0421526
57.58,0.399706,0.441042,0.438274,-0.041336
57.585,0.411823,0.441024,0.438252,-0.0292012
57.59,0.417575,0.441007,0.43823,-0.0234315
57.595,0.427191,0.440989,0.438207,-0.0137983
57.6,0.430483,0.440972,0.438185,-0.0104892
57.605,0.428124,0.440955,0.438163,-0.0128311
57.61,0.42544,0.440938,0.438141,-0.0154976
57.615,0.409221,0.44092,0.438119,-0.0316999
57.62,0.417281,0.440903,0.438097,-0.0236224
57.625,0.423507,0.440886,0.438075,-0.0173797
57.63,0.425299,0.440869,0.438053,-0.0155709
57.635,0.41701,0.440852,0.438031,-0.0238423
57.64,0.411286,0.440836,0.438009,-0.0295492
57.645,0.405935,0.440819,0.437988,-0.0348838
57.65,0.416473,0.440802,0.437966,-0.0243296
57.655,0.419272,0.440785,0.437944,-0.0215132
57.66,0.422234,0.440769,0.437922,-0.018535
57.665,0.421733,0.440752,0.437901,-0.0190195
57.67,0.438496,0.440736,0.437879,-0.00224025
57.675,0.446474,0.440719,0.437858,0.00575509
57.68,0.446718,0.440703,0.437836,0.00601532
57.685,0.435326,0.440687,0.437815,-0.00536058
57.69,0.408471,0.44067,0.437793,-0.0321996
57.695,0.404917,0.440654,0.437772,-0.035737
57.7,0.400662,0.440638,0.437751,-0.0399765
57.705,0.404766,0.440622,0.437729,-0.0358559
57.71,0.412924,0.440606,0.437708,-0.0276818
57.715,0.412719,0.44059,0.437687,-0.0278715
57.72,0.418331,0.440574,0.437666,-0.0222427
57.725,0.417862,0.440558,0.437644,-0.0226966
57.73,0.417473,0.440543,0.437623,-0.0230693
57.735,0.40962,0.440527,0.437602,-0.0309067
57.74,0.406623,0.440511,0.437581,-0.0338877
57.745,0.405751,0.440496,0.43756,-0.034745
57.75,0.417921,0.44048,0.437539,-0.0225593
57.755,0.424564,0.440465,0.437519,-0.0159009
57.76,0.431392,0.440449,0.437498,-0.00905684
57.765,0.424001,0.440434,0.437477,-0.0164324
57.77,0.41443,0.440419,0.437456,-0.0259886
57.775,0.399342,0.440403,0.437435,-0.0410613
57.78,0.400341,0.440388,0.437415,-0.040047
57.785,0.410305,0.440373,0.437394,-0.0300682
57.79,0.426242,0.440358,0.437373,-0.0141162
57.795,0.422805,0.440343,0.437353,-0.0175375
57.8,0.423314,0.440328,0.437332,-0.0170141
57.805,0.428896,0.440313,0.437312,-0.0114166
57.81,0.433305,0.440298,0.437291,-0.00699366
57.815,0.435222,0.440284,0.437271,-0.00506196
57.82,0.430196,0.440269,0.437251,-0.0100724
57.825,0.418541,0.440254,0.43723,-0.021713
57.83,0.421228,0.44024,0.43721,-0.0190114
57.835,0.41359,0.440225,0.43719,-0.0266355
57.84,0.414078,0.440211,0.43717,-0.0261331
57.845,0.421745,0.440196,0.43715,-0.0184509
57.85,0.421274,0.440182,0.437129,-0.0189075
57.855,0.417659,0.440168,0.437109,-0.0225091
57.86,0.42843,0.440153,0.437089,-0.0117234
57.865,0.422828,0.440139,0.437069,-0.0173115
57.87,0.427887,0.440125,0.437049,-0.0122379
57.875,0.410926,0.440111,0.437029,-0.0291851
57.88,0.403931,0.440097,0.43701,-0.0361663
57.885,0.3938,0.440083,0.43699,-0.0462834
57.89,0.388749,0.44007,0.43697,-0.051321
57.895,0.394346,0.440056,0.43695,-0.0457097
57.9,0.403522,0.440042,0.43693,-0.0365202
57.905,0.421833,0.440028,0.436911,-0.0181949
57.91,0.425723,0.440015,0.436891,-0.0142917
57.915,0.428207,0.440001,0.436872,-0.0117944
57.92,0.426808,0.439988,0.436852,-0.0131798
57.925,0.425179,0.439974,0.436832,-0.0147956
57.93,0.429505,0.439961,0.436813,-0.0104559
57.935,0.425208,0.439948,0.436794,-0.0147401
57.94,0.415501,0.439935,0.436774,-0.024434
57.945,0.413665,0.439921,0.436755,-0.0262566
57.95,0.408079,0.439908,0.436736,-0.0318291
57.955,0.407334,0.439895,0.436716,-0.032561
57.96,0.402748,0.439882,0.436697,-0.0371347
57.965,0.396883,0.439869,0.436678,-0.0429866
57.97,0.396526,0.439857,0.436659,-0.0433306
57.975,0.39281,0.439844,0.43664,-0.0470336
57.98,0.391953,0.439831,0.43662,-0.0478776
57.985,0.392041,0.439818,0.436601,-0.0477775
57.99,0.400933,0.439806,0.436582,-0.0388725
57.995,0.405431,0.439793,0.436563,-0.0343624
58,0.403731,0.439781,0.436545,-0.0360498
58.005,0.399836,0.439768,0.436526,-0.0399324
58.01,0.397174,0.439756,0.436507,-0.0425819
58.015,0.39513,0.439744,0.436488,-0.0446135
58.02,0.392342,0.439732,0.436469,-0.0473893
58.025,0.3887,0.439719,0.436451,-0.0510191
58.03,0.393605,0.439707,0.436432,-0.0461028
58.035,0.399766,0.439695,0.436413,-0.0399298
58.04,0.402031,0.439683,0.436395,-0.0376521
58.045,0.412787,0.439671,0.436376,-0.0268844
58.05,0.419097,0.43966,0.436357,-0.0205626
58.055,0.421953,0.439648,0.436339,-0.0176944
58.06,0.416409,0.439636,0.436321,-0.0232274
58.065,0.407099,0.439625,0.436302,-0.0325255
58.07,0.415101,0.439613,0.436284,-0.0245122
58.075,0.422993,0.439601,0.436265,-0.0166086
58.08,0.415785,0.43959,0.436247,-0.0238045
58.085,0.420183,0.439579,0.436229,-0.019396
58.09,0.41253,0.439567,0.436211,-0.0270372
58.095,0.410777,0.439556,0.436193,-0.0287788
58.1,0.406832,0.439545,0.436174,-0.0327133
58.105,0.410722,0.439534,0.436156,-0.0288119
58.11,0.425286,0.439523,0.436138,-0.014237
58.115,0.430792,0.439512,0.43612,-0.00871957
58.12,0.430204,0.439501,0.436102,-0.00929668
58.125,0.419868,0.43949,0.436084,-0.0196219
58.13,0.418286,0.439479,0.436066,-0.0211929
58.135,0.413992,0.439468,0.436048,-0.0254764
58.14,0.412369,0.439458,0.436031,-0.0270889
58.145,0.416647,0.439447,0.436013,-0.0228
58.15,0.418138,0.439437,0.435995,-0.0212986
58.155,0.430906,0.439426,0.435977,-0.0085202
58.16,0.43963,0.439416,0.43596,0.000214728
58.165,0.434902,0.439405,0.435942,-0.00450294
58.17,0.439069,0.439395,0.435925,-0.000325781
58.175,0.440692,0.439385,0.435907,0.00130675
58.18,0.440783,0.439375,0.435889,0.00140831
58.185,0.439506,0.439365,0.435872,0.000141533
58.19,0.423423,0.439355,0.435855,-0.015932
58.195,0.425901,0.439345,0.435837,-0.0134434
58.2,0.430024,0.439335,0.43582,-0.00931133
58.205,0.421136,0.439325,0.435802,-0.0181887
58.21,0.422056,0.439315,0.435785,-0.0172591
58.215,0.414459,0.439306,0.435768,-0.0248467
58.22,0.420676,0.439296,0.435751,-0.0186203
58.225,0.417978,0.439287,0.435733,-0.0213088
58.23,0.404294,0.439277,0.435716,-0.0349833
58.235,0.409171,0.439268,0.435699,-0.0300968
58.24,0.421327,0.439258,0.435682,-0.0179314
58.245,0.432998,0.439249,0.435665,-0.00625142
58.25,0.437055,0.43924,0.435648,-0.00218507
58.255,0.428096,0.439231,0.435631,-0.0111349
58.26,0.417729,0.439222,0.435614,-0.021493
58.265,0.416961,0.439213,0.435597,-0.0222522
58.27,0.419642,0.439204,0.435581,-0.0195618
58.275,0.419635,0.439195,0.435564,-0.0195598
58.28,0.40696,0.439186,0.435547,-0.0322267
58.285,0.400326,0.439178,0.43553,-0.0388516
58.29,0.397282,0.439169,0.435514,-0.0418866
58.295,0.404535,0.43916,0.435497,-0.0346253
58.3,0.409042,0.439152,0.43548,-0.0301101
58.305,0.40243,0.439143,0.435464,-0.0367129
58.31,0.408177,0.439135,0.435447,-0.0309583
58.315,0.41204,0.439127,0.435431,-0.0270865
58.32,0.40833,0.439118,0.435414,-0.0307881
58.325,0.40374,0.43911,0.435398,-0.0353707
58.33,0.395913,0.439102,0.435381,-0.0431897
58.335,0.406413,0.439094,0.435365,-0.0326809
58.34,0.408185,0.439086,0.435349,-0.0309014
58.345,0.418235,0.439078,0.435333,-0.0208432
58.35,0.416291,0.439071,0.435316,-0.0227793
58.355,0.414449,0.439063,0.4353,-0.0246141
58.36,0.400752,0.439055,0.435284,-0.0383033
58.365,0.393706,0.439048,0.435268,-0.0453419
58.37,0.395034,0.43904,0.435252,-0.0440064
58.375,0.409933,0.439033,0.435236,-0.0290993
58.38,0.420983,0.439025,0.43522,-0.018042
58.385,0.429086,0.439018,0.435204,-0.00993207
58.39,0.437551,0.439011,0.435188,-0.00145989
58.395,0.43757,0.439003,0.435172,-0.00143361
58.4,0.433416,0.438996,0.435156,-0.00558066
58.405,0.419006,0.438989,0.43514,-0.0199835
58.41,0.409259,0.438982,0.435124,-0.0297231
58.415,0.404709,0.438975,0.435109,-0.0342668
58.42,0.407581,0.438969,0.435093,-0.0313877
58.425,0.396724,0.438962,0.435077,-0.0422379
58.43,0.389499,0.438955,0.435062,-0.0494565
58.435,0.385857,0.438949,0.435046,-0.0530912
58.44,0.389896,0.438942,0.43503,-0.0490461
58.445,0.397657,0.438936,0.435015,-0.0412791
58.45,0.404578,0.438929,0.434999,-0.0343511
58.455,0.411136,0.438923,0.434984,-0.0277871
58.46,0.41123,0.438917,0.434968,-0.0276871
58.465,0.407044,0.438911,0.434953,-0.0318666
58.47,0.412368,0.438905,0.434938,-0.0265363
58.475,0.407097,0.438899,0.434922,-0.0318013
58.48,0.405824,0.438893,0.434907,-0.0330685
58.485,0.397766,0.438887,0.434892,-0.0411204
58.49,0.404368,0.438881,0.434877,-0.0345131
58.495,0.408745,0.438875,0.434861,-0.0301307
58.5,0.415705,0.43887,0.434846,-0.0231647
58.505,0.413258,0.438864,0.434831,-0.0256065
58.51,0.399403,0.438859,0.434816,-0.039456
58.515,0.405848,0.438853,0.434801,-0.0330056
58.52,0.402909,0.438848,0.434786,-0.0359386
58.525,0.402856,0.438843,0.434771,-0.0359869
58.53,0.395768,0.438837,0.434756,-0.0430693
58.535,0.38657,0.438832,0.434741,-0.0522626
58.54,0.398965,0.438827,0.434727,-0.0398626
58.545,0.431655,0.438822,0.434712,-0.00716742
58.55,0.453704,0.438817,0.434697,0.0148863
58.555,0.45218,0.438813,0.434682,0.0133678
58.56,0.436585,0.438808,0.434668,-0.00222263
58.565,0.420481,0.438803,0.434653,-0.0183224
58.57,0.414001,0.438799,0.434638,-0.024798
58.575,0.412479,0.438794,0.434624,-0.026315
58.58,0.398579,0.43879,0.434609,-0.0402107
58.585,0.4005,0.438786,0.434595,-0.038286
58.59,0.403487,0.438781,0.43458,-0.0352943
58.595,0.403833,0.438777,0.434566,-0.0349442
58.6,0.412659,0.438773,0.434551,-0.0261142
58.605,0.40813,0.438769,0.434537,-0.0306392
58.61,0.414775,0.438765,0.434522,-0.0239896
58.615,0.415832,0.438761,0.434508,-0.0229297
58.62,0.40862,0.438757,0.434494,-0.0301374
58.625,0.397563,0.438754,0.43448,-0.0411905
58.63,0.386997,0.43875,0.434465,-0.0517527
58.635,0.391636,0.438747,0.434451,-0.0471101
58.64,0.400435,0.438743,0.434437,-0.0383076
58.645,0.410443,0.43874,0.434423,-0.0282969
58.65,0.413182,0.438736,0.434409,-0.025554
58.655,0.421709,0.438733,0.434395,-0.017024
58.66,0.426969,0.43873,0.434381,-0.0117615
58.665,0.431114,0.438727,0.434367,-0.00761263
58.67,0.42893,0.438724,0.434353,-0.00979414
58.675,0.426985,0.438721,0.434339,-0.0117364
58.68,0.425265,0.438718,0.434325,-0.0134533
58.685,0.416381,0.438716,0.434311,-0.0223345
58.69,0.41685,0.438713,0.434298,-0.021863
58.695,0.413019,0.43871,0.434284,-0.0256914
58.7,0.419832,0.438708,0.43427,-0.0188759
58.705,0.422242,0.438705,0.434256,-0.0164633
58.71,0.416838,0.438703,0.434243,-0.0218652
58.715,0.418146,0.438701,0.434229,-0.0205544
58.72,0.419888,0.438699,0.434216,-0.0188112
58.725,0.415666,0.438697,0.434202,-0.0230304
58.73,0.413963,0.438695,0.434189,-0.0247318
58.735,0.403144,0.438693,0.434175,-0.0355483
58.74,0.399286,0.438691,0.434162,-0.0394046
58.745,0.403939,0.438689,0.434148,-0.0347499
58.75,0.399723,0.438688,0.434135,-0.038965
58.755,0.409376,0.438686,0.434121,-0.0293102
58.76,0.415476,0.438685,0.434108,-0.0232083
58.765,0.417601,0.438683,0.434095,-0.021082
58.77,0.423872,0.438682,0.434082,-0.0148103
58.775,0.423886,0.438681,0.434068,-0.0147948
58.78,0.436551,0.43868,0.434055,-0.00212861
58.785,0.43732,0.438678,0.434042,-0.0013582
58.79,0.420452,0.438678,0.434029,-0.0182255
58.795,0.412798,0.438677,0.434016,-0.0258791
58.8,0.409624,0.438676,0.434003,-0.029052
58.805,0.418285,0.438675,0.43399,-0.0203906
58.81,0.414693,0.438675,0.433977,-0.0239817
58.815,0.399987,0.438674,0.433964,-0.0386871
58.82,0.411191,0.438674,0.433951,-0.0274822
58.825,0.429362,0.438673,0.433938,-0.00931086
58.83,0.433812,0.438673,0.433925,-0.00486112
58.835,0.433307,0.438673,0.433913,-0.00536602
58.84,0.41482,0.438673,0.4339,-0.0238532
58.845,0.413596,0.438673,0.433887,-0.0250764
58.85,0.414394,0.438673,0.433874,-0.0242793
58.855,0.410805,0.438673,0.433862,-0.0278685
58.86,0.407754,0.438673,0.433849,-0.0309199
58.865,0.400384,0.438674,0.433837,-0.0382899
58.87,0.381183,0.438674,0.433824,-0.0574916
58.875,0.384328,0.438675,0.433811,-0.0543471
58.88,0.390098,0.438676,0.433799,-0.0485774
58.885,0.400722,0.438676,0.433786,-0.0379539
58.89,0.41518,0.438677,0.433774,-0.0234973
58.895,0.416418,0.438678,0.433762,-0.0222605
58.9,0.435174,0.438679,0.433749,-0.00350516
58.905,0.428247,0.43868,0.433737,-0.0104332
58.91,0.435453,0.438681,0.433725,-0.00322799
58.915,0.427701,0.438683,0.433712,-0.0109816
58.92,0.415062,0.438684,0.4337,-0.0236222
58.925,0.414874,0.438686,0.433688,-0.023812
58.93,0.404421,0.438687,0.433676,-0.034266
58.935,0.406003,0.438689,0.433664,-0.0326864
58.94,0.39218,0.438691,0.433651,-0.046511
58.945,0.384896,0.438693,0.433639,-0.0537966
58.95,0.389044,0.438695,0.433627,-0.0496501
58.955,0.403089,0.438697,0.433615,-0.0356078
58.96,0.408899,0.438699,0.433603,-0.0298002
58.965,0.420699,0.438701,0.433591,-0.0180019
58.97,0.416185,0.438704,0.43358,-0.0225185
58.975,0.418322,0.438706,0.433568,-0.0203844
58.98,0.424129,0.438709,0.433556,-0.0145793
58.985,0.430559,0.438711,0.433544,-0.00815269
58.99,0.436936,0.438714,0.433532,-0.00177843
58.995,0.436468,0.438717,0.433521,-0.0022486
59,0.429845,0.43872,0.433509,-0.00887509
59.005,0.436353,0.438723,0.433497,-0.00236975
59.01,0.428725,0.438726,0.433485,-0.0100014
59.015,0.420736,0.438729,0.433474,-0.017993
59.02,0.402779,0.438733,0.433462,-0.0359542
59.025,0.387099,0.438736,0.433451,-0.0516373
59.03,0.384705,0.43874,0.433439,-0.0540348
59.035,0.393774,0.438743,0.433428,-0.0449692
59.04,0.398278,0.438747,0.433416,-0.040469
59.045,0.392724,0.438751,0.433405,-0.046027
59.05,0.394237,0.438755,0.433393,-0.0445184
59.055,0.408025,0.438759,0.433382,-0.0307346
59.06,0.419286,0.438763,0.433371,-0.0194778
59.065,0.419407,0.438768,0.433359,-0.0193609
59.07,0.417728,0.438772,0.433348,-0.0210445
59.075,0.407855,0.438777,0.433337,-0.0309219
59.08,0.417237,0.438781,0.433326,-0.021544
59.085,0.418686,0.438786,0.433315,-0.0201004
59.09,0.425477,0.438791,0.433303,-0.0133138
59.095,0.440443,0.438796,0.433292,0.00164752
59.1,0.435443,0.438801,0.433281,-0.00335756
59.105,0.432419,0.438806,0.43327,-0.0063874
59.11,0.422491,0.438811,0.433259,-0.0163207
59.115,0.404626,0.438817,0.433248,-0.0341911
59.12,0.405502,0.438822,0.433237,-0.0333198
59.125,0.40628,0.438828,0.433226,-0.0325474
59.13,0.432472,0.438834,0.433215,-0.00636157
59.135,0.437691,0.438839,0.433205,-0.00114855
59.14,0.433391,0.438845,0.433194,-0.0054548
59.145,0.42901,0.438851,0.433183,-0.00984102
59.15,0.412947,0.438858,0.433172,-0.0259103
59.155,0.409433,0.438864,0.433161,-0.0294309
59.16,0.410656,0.43887,0.433151,-0.0282138
59.165,0.414215,0.438877,0.43314,-0.0246622
59.17,0.427345,0.438883,0.433129,-0.011538
59.175,0.432464,0.43889,0.433119,-0.00642597
59.18,0.422756,0.438897,0.433108,-0.0161408
59.185,0.425202,0.438904,0.433098,-0.0137015
59.19,0.416591,0.438911,0.433087,-0.0223201
59.195,0.425336,0.438918,0.433077,-0.0135823
59.2,0.431731,0.438926,0.433066,-0.00719466
59.205,0.423311,0.438933,0.433056,-0.0156224
59.21,0.422929,0.438941,0.433045,-0.0160119
59.215,0.404043,0.438948,0.433035,-0.0349053
59.22,0.40067,0.438956,0.433025,-0.0382858
59.225,0.395149,0.438964,0.433014,-0.0438147
59.23,0.394757,0.438972,0.433004,-0.0442149
59.235,0.409425,0.43898,0.432994,-0.029555
59.24,0.435548,0.438988,0.432984,-0.00344045
59.245,0.447155,0.438997,0.432973,0.0081584
59.25,0.458474,0.439005,0.432963,0.0194687
59.255,0.439474,0.439014,0.432953,0.000460195
59.26,0.422428,0.439023,0.432943,-0.0165945
59.265,0.409655,0.439032,0.432933,-0.0293763
59.27,0.407855,0.439041,0.432923,-0.0311861
59.275,0.427747,0.43905,0.432913,-0.0113032
59.28,0.424572,0.439059,0.432903,-0.014487
59.285,0.421222,0.439069,0.432893,-0.0178465
59.29,0.407612,0.439078,0.432883,-0.0314666
59.295,0.402904,0.439088,0.432873,-0.0361838
59.3,0.406462,0.439098,0.432863,-0.0326358
59.305,0.403538,0.439108,0.432854,-0.0355692
59.31,0.411004,0.439118,0.432844,-0.0281137
59.315,0.398654,0.439128,0.432834,-0.0404739
59.32,0.393463,0.439138,0.432824,-0.0456749
59.325,0.390994,0.439149,0.432815,-0.0481542
59.33,0.381077,0.439159,0.432805,-0.0580821
59.335,0.38159,0.43917,0.432795,-0.0575802
59.34,0.38439,0.439181,0.432786,-0.054791
59.345,0.390641,0.439192,0.432776,-0.0485506
59.35,0.398921,0.439203,0.432766,-0.0402818
59.355,0.394754,0.439214,0.432757,-0.0444599
59.36,0.387763,0.439226,0.432747,-0.0514627
59.365,0.392086,0.439237,0.432738,-0.0471514
59.37,0.397459,0.439249,0.432729,-0.0417895
59.375,0.39439,0.439261,0.432719,-0.0448709
59.38,0.39527,0.439273,0.43271,-0.0440027
59.385,0.398228,0.439285,0.4327,-0.041057
59.39,0.418814,0.439297,0.432691,-0.0204834
59.395,0.415078,0.439309,0.432682,-0.024231
59.4,0.4149,0.439322,0.432672,-0.0244214
59.405,0.412441,0.439334,0.432663,-0.0268931
59.41,0.424201,0.439347,0.432654,-0.0151458
59.415,0.426118,0.43936,0.432645,-0.0132425
59.42,0.425617,0.439373,0.432636,-0.0137561
59.425,0.421589,0.439387,0.432626,-0.0177975
59.43,0.426248,0.4394,0.432617,-0.0131518
59.435,0.438235,0.439414,0.432608,-0.00117841
59.44,0.429202,0.439427,0.432599,-0.0102253
59.445,0.424184,0.439441,0.43259,-0.0152566
59.45,0.417678,0.439455,0.432581,-0.0217775
59.455,0.419751,0.439469,0.432572,-0.0197183
59.46,0.425188,0.439484,0.432563,-0.014296
59.465,0.42066,0.439498,0.432554,-0.0188377
59.47,0.421051,0.439513,0.432546,-0.0184611
59.475,0.425543,0.439527,0.432537,-0.0139842
59.48,0.419044,0.439542,0.432528,-0.0204981
59.485,0.419306,0.439557,0.432519,-0.0202516
59.49,0.412522,0.439573,0.43251,-0.0270502
59.495,0.405907,0.439588,0.432502,-0.0336806
59.5,0.41166,0.439604,0.432493,-0.0279433
59.505,0.40696,0.439619,0.432484,-0.0326595
59.51,0.40844,0.439635,0.432476,-0.0311946
59.515,0.406334,0.439651,0.432467,-0.0333173
59.52,0.402293,0.439667,0.432458,-0.0373745
59.525,0.412179,0.439684,0.43245,-0.027505
59.53,0.421141,0.4397,0.432441,-0.0185588
59.535,0.431994,0.439717,0.432433,-0.00772309
59.54,0.429485,0.439734,0.432424,-0.0102483
59.545,0.424776,0.439751,0.432416,-0.0149743
59.55,0.416881,0.439768,0.432407,-0.0228867
59.555,0.412721,0.439785,0.432399,-0.0270639
59.56,0.415559,0.439803,0.432391,-0.024244
59.565,0.417252,0.439821,0.432382,-0.0225681
59.57,0.414963,0.439838,0.432374,-0.0248755
59.575,0.404649,0.439856,0.432366,-0.0352076
59.58,0.380418,0.439875,0.432357,-0.059457
59.585,0.377532,0.439893,0.432349,-0.0623614
59.59,0.372482,0.439912,0.432341,-0.0674301
59.595,0.375201,0.43993,0.432333,-0.0647298
59.6,0.378574,0.439949,0.432324,-0.0613749
59.605,0.368273,0.439969,0.432316,-0.0716954
59.61,0.368531,0.439988,0.432308,-0.0714572
59.615,0.372812,0.440007,0.4323,-0.0671954
59.62,0.381882,0.440027,0.432292,-0.058145
59.625,0.399913,0.440047,0.432284,-0.0401339
59.63,0.406367,0.440067,0.432276,-0.0337001
59.635,0.423712,0.440087,0.432268,-0.0163752
59.64,0.435257,0.440107,0.43226,-0.00485041
59.645,0.436954,0.440128,0.432252,-0.00317368
59.65,0.425127,0.440149,0.432244,-0.0150219
59.655,0.40446,0.44017,0.432236,-0.0357094
59.66,0.410848,0.440191,0.432229,-0.0293431
59.665,0.427022,0.440212,0.432221,-0.0131904
59.67,0.434804,0.440234,0.432213,-0.0054304
59.675,0.431087,0.440256,0.432205,-0.00916904
59.68,0.412911,0.440278,0.432197,-0.0273667
59.685,0.398247,0.4403,0.43219,-0.0420527
59.69,0.393184,0.440322,0.432182,-0.0471378
59.695,0.388592,0.440345,0.432174,-0.0517531
59.7,0.396853,0.440367,0.432167,-0.0435142
59.705,0.396449,0.44039,0.432159,-0.0439415
59.71,0.399812,0.440414,0.432152,-0.0406016
59.715,0.403534,0.440437,0.432144,-0.0369033
59.72,0.410278,0.440461,0.432136,-0.030183
59.725,0.426904,0.440484,0.432129,-0.0135806
59.73,0.419069,0.440508,0.432121,-0.0214391
59.735,0.421537,0.440533,0.432114,-0.0189959
59.74,0.412502,0.440557,0.432107,-0.0280547
59.745,0.409462,0.440582,0.432099,-0.03112
59.75,0.421229,0.440607,0.432092,-0.0193779
59.755,0.424377,0.440632,0.432084,-0.0162542
59.76,0.43147,0.440657,0.432077,-0.00918681
59.765,0.424246,0.440682,0.43207,-0.0164363
59.77,0.418948,0.440708,0.432062,-0.0217603
59.775,0.42848,0.440734,0.432055,-0.0122537
59.78,0.427738,0.44076,0.432048,-0.0130225
59.785,0.435184,0.440787,0.432041,-0.00560312
59.79,0.418673,0.440813,0.432034,-0.0221406
59.795,0.414912,0.44084,0.432026,-0.0259278
59.8,0.409783,0.440867,0.432019,-0.0310845
59.805,0.414259,0.440895,0.432012,-0.0266355
59.81,0.420454,0.440922,0.432005,-0.0204688
59.815,0.424545,0.44095,0.431998,-0.0164055
59.82,0.418656,0.440978,0.431991,-0.0223224
59.825,0.407627,0.441007,0.431984,-0.033379
59.83,0.404855,0.441035,0.431977,-0.0361799
59.835,0.400239,0.441064,0.43197,-0.0408243
59.84,0.418529,0.441093,0.431963,-0.0225635
59.845,0.412817,0.441122,0.431956,-0.0283048
59.85,0.413952,0.441152,0.431949,-0.0271995
59.855,0.419539,0.441181,0.431942,-0.021642
59.86,0.43932,0.441211,0.431936,-0.00189113
59.865,0.441302,0.441242,0.431929,5.97418e-05
59.87,0.437438,0.441272,0.431922,-0.00383445
59.875,0.42522,0.441303,0.431915,-0.016083
59.88,0.410496,0.441334,0.431909,-0.0308382
59.885,0.405479,0.441365,0.431902,-0.0358863
59.89,0.402306,0.441397,0.431895,-0.0390907
59.895,0.395029,0.441429,0.431888,-0.0463995
59.9,0.405076,0.441461,0.431882,-0.0363852
59.905,0.40469,0.441493,0.431875,-0.0368038
59.91,0.402357,0.441526,0.431869,-0.0391689
59.915,0.418426,0.441559,0.431862,-0.023133
59.92,0.42825,0.441592,0.431855,-0.0133418
59.925,0.426789,0.441626,0.431849,-0.0148372
59.93,0.434016,0.44166,0.431842,-0.00764384
59.935,0.430536,0.441694,0.431836,-0.0111572
59.94,0.42596,0.441728,0.431829,-0.0157676
59.945,0.430832,0.441763,0.431823,-0.0109309
59.95,0.416883,0.441797,0.431817,-0.0249141
59.955,0.420639,0.441833,0.43181,-0.0211932
59.96,0.416082,0.441868,0.431804,-0.0257865
59.965,0.409362,0.441904,0.431797,-0.0325419
59.97,0.410871,0.44194,0.431791,-0.031069
59.975,0.414704,0.441976,0.431785,-0.0272722
59.98,0.422533,0.442013,0.431779,-0.0194805
59.985,0.422285,0.44205,0.431772,-0.0197652
59.99,0.420248,0.442087,0.431766,-0.0218399
59.995,0.410455,0.442125,0.43176,-0.0316702
60,0.402471,0.442163,0.431754,-0.0396917
60.005,0.396515,0.442201,0.431748,-0.0456861
60.01,0.400986,0.44224,0.431741,-0.0412543
60.015,0.398129,0.442279,0.431735,-0.0441495
60.02,0.394598,0.442318,0.431729,-0.0477198
60.025,0.394775,0.442358,0.431723,-0.0475829
60.03,0.402638,0.442397,0.431717,-0.0397596
60.035,0.423555,0.442438,0.431711,-0.0188824
60.04,0.436161,0.442478,0.431705,-0.0063175
60.045,0.432907,0.442519,0.431699,-0.00961204
60.05,0.438067,0.44256,0.431693,-0.00449358
60.055,0.425475,0.442602,0.431687,-0.0171264
60.06,0.425494,0.442644,0.431681,-0.0171492
60.065,0.41774,0.442686,0.431675,-0.0249462
60.07,0.4132,0.442728,0.431669,-0.0295283
60.075,0.413159,0.442771,0.431664,-0.0296121
60.08,0.409534,0.442815,0.431658,-0.0332802
60.085,0.424838,0.442858,0.431652,-0.0180205
60.09,0.427123,0.442902,0.431646,-0.0157798
60.095,0.426994,0.442947,0.43164,-0.0159525
60.1,0.423468,0.442991,0.431635,-0.019523
60.105,0.423298,0.443037,0.431629,-0.0197389
60.11,0.42546,0.443082,0.431623,-0.0176218
60.115,0.42234,0.443128,0.431618,-0.0207882
60.12,0.412593,0.443174,0.431612,-0.030581
60.125,0.418488,0.443221,0.431606,-0.0247332
60.13,0.421091,0.443268,0.431601,-0.0221772
60.135,0.42671,0.443315,0.431595,-0.0166058
60.14,0.431004,0.443363,0.431589,-0.0123591
60.145,0.436619,0.443411,0.431584,-0.00679273
60.15,0.449884,0.44346,0.431578,0.00642395
60.155,0.446834,0.443509,0.431573,0.0033246
60.16,0.449416,0.443558,0.431567,0.00585735
60.165,0.445347,0.443608,0.431562,0.00173885
60.17,0.444878,0.443658,0.431556,0.0012191
60.175,0.438573,0.443709,0.431551,-0.00513641
60.18,0.43397,0.44376,0.431546,-0.00979039
60.185,0.431326,0.443812,0.43154,-0.0124853
60.19,0.429194,0.443864,0.431535,-0.01467
60.195,0.429143,0.443916,0.43153,-0.0147727
60.2,0.420179,0.443969,0.431524,-0.0237898
60.205,0.415495,0.444022,0.431519,-0.0285271
60.21,0.407303,0.444056,0.431514,-0.0367533
60.215,0.408996,0.44411,0.431508,-0.0351136
60.22,0.405442,0.444165,0.431503,-0.0387225
60.225,0.407124,0.44422,0.431498,-0.0370958
60.23,0.416861,0.444275,0.431493,-0.0274138
60.235,0.417161,0.444331,0.431487,-0.0271707
60.24,0.423092,0.444388,0.431482,-0.0212962
60.245,0.416573,0.444445,0.431477,-0.0278715
60.25,0.412505,0.444502,0.431472,-0.0319972
60.255,0.411613,0.44456,0.431467,-0.0329473
60.26,0.410597,0.444619,0.431462,-0.0340215
60.265,0.413105,0.444678,0.431457,-0.0315723
60.27,0.406317,0.444737,0.431452,-0.0384202
60.275,0.412936,0.444797,0.431447,-0.0318605
60.28,0.417221,0.444857,0.431442,-0.0276366
60.285,0.418673,0.444918,0.431437,-0.0262448
60.29,0.414368,0.44498,0.431432,-0.0306114
60.295,0.392248,0.445042,0.431427,-0.0527933
60.3,0.395842,0.445104,0.431422,-0.0492625
60.305,0.399809,0.445167,0.431417,-0.0453583
60.31,0.426906,0.445231,0.431412,-0.0183246
60.315,0.443872,0.445295,0.431407,-0.00142275
60.32,0.445718,0.44536,0.431402,0.000358664
60.325,0.447246,0.445425,0.431398,0.0018216
60.33,0.4518,0.445491,0.431393,0.00630906
60.335,0.453494,0.445557,0.431388,0.00793665
60.34,0.462937,0.445624,0.431383,0.0173126
60.345,0.454926,0.445691,0.431378,0.00923447
60.35,0.45659,0.44576,0.431374,0.01083
60.355,0.448233,0.445828,0.431369,0.00240434
60.36,0.43693,0.445898,0.431364,-0.00896775
60.365,0.444852,0.445967,0.43136,-0.00111541
60.37,0.453794,0.446038,0.431355,0.00775652
60.375,0.45305,0.446109,0.43135,0.00694147
60.38,0.446116,0.446181,0.431346,-6.50341e-05
60.385,0.426647,0.446253,0.431341,-0.0196058
60.39,0.42224,0.446326,0.431336,-0.0240855
60.395,0.430953,0.4464,0.431332,-0.0154463
60.4,0.431291,0.446474,0.431327,-0.0151831
60.405,0.44088,0.446549,0.431323,-0.00566882
60.41,0.43827,0.446624,0.431318,-0.00835464
60.415,0.430919,0.4467,0.431314,-0.0157813
60.42,0.439324,0.446777,0.431309,-0.00745355
60.425,0.430834,0.446855,0.431305,-0.0160207
60.43,0.425709,0.446933,0.4313,-0.0212245
60.435,0.418574,0.447012,0.431296,-0.0284379
60.44,0.417839,0.447092,0.431291,-0.0292522
60.445,0.419761,0.447172,0.431287,-0.0274112
60.45,0.424513,0.447253,0.431283,-0.02274
60.455,0.41976,0.447335,0.431278,-0.0275752
60.46,0.429124,0.447417,0.431274,-0.0182932
60.465,0.429101,0.447501,0.43127,-0.0184
60.47,0.427112,0.447585,0.431265,-0.0204726
60.475,0.427141,0.447669,0.431261,-0.0205286
60.48,0.441927,0.447755,0.431257,-0.0058278
60.485,0.447917,0.447841,0.431252,7.599e-05
60.49,0.4479,0.447928,0.431248,-2.8512e-05
60.495,0.442697,0.448016,0.431244,-0.00531947
60.5,0.428268,0.448105,0.43124,-0.0198365
60.505,0.422519,0.448194,0.431236,-0.0256755
60.51,0.425588,0.448284,0.431231,-0.0226965
60.515,0.433678,0.448375,0.431227,-0.0146979
60.52,0.441457,0.448467,0.431223,-0.00701063
60.525,0.431009,0.44856,0.431219,-0.0175506
60.53,0.41508,0.448654,0.431215,-0.0335739
60.535,0.403032,0.448748,0.431211,-0.045716
60.54,0.410978,0.448843,0.431207,-0.0378649
60.545,0.423455,0.44894,0.431203,-0.0254846
60.55,0.427658,0.449037,0.431199,-0.0213781
60.555,0.428606,0.449135,0.431195,-0.0205284
60.56,0.426909,0.449233,0.431191,-0.0223247
60.565,0.42179,0.449333,0.431187,-0.0275433
60.57,0.429504,0.449434,0.431183,-0.0199298
60.575,0.446393,0.449536,0.431179,-0.00314303
60.58,0.443,0.449638,0.431175,-0.00663843
60.585,0.445771,0.449742,0.431171,-0.00397123
60.59,0.439475,0.449846,0.431167,-0.0103709
60.595,0.438199,0.449952,0.431163,-0.0117525
60.6,0.440793,0.450058,0.431159,-0.00926558
60.605,0.434471,0.450166,0.431155,-0.0156949
60.61,0.428538,0.450274,0.431151,-0.0217366
60.615,0.42347,0.450384,0.431148,-0.0269145
60.62,0.415178,0.450495,0.431144,-0.0353167
60.625,0.412198,0.450606,0.43114,-0.0384082
60.63,0.422543,0.450719,0.431136,-0.0281762
60.635,0.424912,0.450833,0.431132,-0.0259211
60.64,0.439197,0.450948,0.431129,-0.0117509
60.645,0.439662,0.451064,0.431125,-0.0114016
60.65,0.443992,0.451181,0.431121,-0.00718865
60.655,0.446905,0.451299,0.431117,-0.00439426
60.66,0.443673,0.451419,0.431114,-0.0077457
60.665,0.452822,0.451539,0.43111,0.00128339
60.67,0.453327,0.451661,0.431106,0.00166592
60.675,0.450411,0.451784,0.431103,-0.00137238
60.68,0.44582,0.451908,0.431099,-0.00608747
60.685,0.434884,0.452033,0.431095,-0.0171491
60.69,0.441875,0.45216,0.431092,-0.0102847
60.695,0.436067,0.452288,0.431088,-0.0162207
60.7,0.441178,0.452417,0.431085,-0.0112388
60.705,0.44563,0.452547,0.431081,-0.0069173
60.71,0.44168,0.452679,0.431077,-0.0109989
60.715,0.44845,0.452812,0.431074,-0.00436169
60.72,0.459178,0.452946,0.43107,0.0062318
60.725,0.468716,0.453082,0.431067,0.0156345
60.73,0.477841,0.453219,0.431063,0.024622
60.735,0.457885,0.453357,0.43106,0.00452848
60.74,0.436583,0.453497,0.431056,-0.0169135
60.745,0.421833,0.453638,0.431053,-0.0318052
60.75,0.423151,0.453781,0.43105,-0.0306295
60.755,0.414692,0.453925,0.431046,-0.0392323
60.76,0.425667,0.45407,0.431043,-0.0284031
60.765,0.416852,0.454217,0.431039,-0.0373648
60.77,0.415666,0.454366,0.431036,-0.0386999
60.775,0.413775,0.454516,0.431033,-0.0407411
60.78,0.412639,0.454667,0.431029,-0.0420289
60.785,0.424616,0.454821,0.431026,-0.0302043
60.79,0.423693,0.454975,0.431022,-0.031282
60.795,0.425695,0.455132,0.431019,-0.0294366
60.8,0.426155,0.45529,0.431016,-0.0291351
60.805,0.429525,0.455449,0.431013,-0.0259243
60.81,0.437231,0.455611,0.431009,-0.0183799
60.815,0.431091,0.455774,0.431006,-0.0246824
60.82,0.444124,0.455939,0.431003,-0.0118142
60.825,0.441637,0.456105,0.430999,-0.0144676
60.83,0.450589,0.456273,0.430996,-0.00568478
60.835,0.457542,0.456443,0.430993,0.00109869
60.84,0.457964,0.456615,0.43099,0.00134856
60.845,0.453451,0.456789,0.430987,-0.00333785
60.85,0.439201,0.456965,0.430983,-0.0177637
60.855,0.433228,0.457142,0.43098,-0.0239138
60.86,0.436313,0.457321,0.430977,-0.0210082
60.865,0.450073,0.457503,0.430974,-0.00742994
60.87,0.44902,0.457686,0.430971,-0.00866613
60.875,0.442236,0.457871,0.430968,-0.0156358
60.88,0.447156,0.458059,0.430965,-0.0109025
60.885,0.448318,0.458248,0.430961,-0.00993002
60.89,0.455074,0.45844,0.430958,-0.00336571
60.895,0.455046,0.458633,0.430955,-0.00358696
60.9,0.462622,0.458829,0.430952,0.00379255
60.905,0.468019,0.459027,0.430949,0.00899234
60.91,0.473247,0.459227,0.430946,0.0140198
60.915,0.472477,0.459429,0.430943,0.0130478
60.92,0.457163,0.459634,0.43094,-0.00247086
60.925,0.465796,0.459841,0.430937,0.00595543
60.93,0.462052,0.46005,0.430934,0.00200186
60.935,0.461863,0.460262,0.430931,0.00160112
60.94,0.464056,0.460476,0.430928,0.00358038
60.945,0.448855,0.460693,0.430925,-0.0118371
60.95,0.439994,0.460912,0.430922,-0.0209176
60.955,0.425067,0.461133,0.430919,-0.0360659
60.96,0.421022,0.461357,0.430916,-0.0403348
60.965,0.429181,0.461584,0.430913,-0.0324029
60.97,0.43848,0.461813,0.430911,-0.0233335
60.975,0.45257,0.462045,0.430908,-0.00947541
60.98,0.455771,0.46228,0.430905,-0.0065091
60.985,0.457995,0.462517,0.430902,-0.00452161
60.99,0.460837,0.462757,0.430899,-0.00192023
60.995,0.463965,0.463,0.430896,0.000964193
61,0.463986,0.463246,0.430893,0.000739838
61.005,0.467586,0.463495,0.430891,0.00409096
61.01,0.460693,0.463747,0.430888,-0.00305378
61.015,0.455656,0.464002,0.430885,-0.00834633
61.02,0.453704,0.46426,0.430882,-0.0105554
61.025,0.44681,0.464521,0.430879,-0.0177107
61.03,0.457497,0.464785,0.430877,-0.00728792
61.035,0.482235,0.465052,0.430874,0.017183
61.04,0.488685,0.465323,0.430871,0.0233615
61.045,0.491817,0.465597,0.430868,0.0262197
61.05,0.472728,0.465874,0.430865,0.00685313
61.055,0.447178,0.466155,0.430863,-0.0189771
61.06,0.434145,0.46644,0.43086,-0.0322945
61.065,0.430667,0.466727,0.430857,-0.0360603
61.07,0.434413,0.467019,0.430855,-0.0326061
61.075,0.447315,0.467314,0.430852,-0.0199986
61.08,0.4611,0.467613,0.430849,-0.00651212
61.085,0.462736,0.467915,0.430847,-0.00517914
61.09,0.474211,0.468221,0.430844,0.00598933
61.095,0.469914,0.468532,0.430841,0.00138181
61.1,0.47417,0.468846,0.430839,0.00532383
61.105,0.472035,0.469164,0.430836,0.00287074
61.11,0.469567,0.469487,0.430833,8.02744e-05
61.115,0.459875,0.469813,0.430831,-0.00993803
61.12,0.47016,0.470144,0.430828,1.64558e-05
61.125,0.467195,0.470479,0.430825,-0.00328403
61.13,0.473508,0.470818,0.430823,0.00268993
61.135,0.464225,0.471162,0.43082,-0.0069375
61.14,0.453145,0.471511,0.430818,-0.0183662
61.145,0.447008,0.471864,0.430815,-0.0248556
61.15,0.437565,0.472222,0.430813,-0.0346562
61.155,0.434905,0.472584,0.43081,-0.0376789
61.16,0.449568,0.472952,0.430807,-0.023384
61.165,0.456432,0.473324,0.430805,-0.0168922
61.17,0.479463,0.473701,0.430802,0.00576146
61.175,0.484641,0.474084,0.4308,0.0105577
61.18,0.487429,0.474471,0.430797,0.012958
61.185,0.483605,0.474864,0.430795,0.0087403
61.19,0.478177,0.475263,0.430792,0.00291445
61.195,0.487682,0.475667,0.43079,0.0120152
61.2,0.495926,0.476076,0.430787,0.0198495
61.205,0.502062,0.476492,0.430785,0.0255708
61.21,0.50149,0.476913,0.430782,0.0245774
61.215,0.494943,0.47734,0.43078,0.0176037
61.22,0.490973,0.477773,0.430778,0.0132004
61.225,0.480108,0.478212,0.430775,0.00189662
61.23,0.474874,0.478657,0.430773,-0.00378318
61.235,0.472794,0.479109,0.43077,-0.00631458
61.24,0.465499,0.479567,0.430768,-0.0140682
61.245,0.479155,0.480032,0.430765,-0.000876801
61.25,0.479167,0.480504,0.430763,-0.0013363
61.255,0.487048,0.480982,0.430761,0.00606633
61.26,0.498897,0.481467,0.430758,0.0174301
61.265,0.494369,0.48196,0.430756,0.0124094
61.27,0.50198,0.48246,0.430753,0.0195203
61.275,0.490798,0.482967,0.430751,0.00783116
61.28,0.478495,0.483482,0.430749,-0.00498675
61.285,0.473007,0.484004,0.430746,-0.0109971
61.29,0.465958,0.484535,0.430744,-0.0185764
61.295,0.488372,0.485073,0.430742,0.00329917
61.3,0.504085,0.48562,0.430739,0.0184657
61.305,0.504579,0.486175,0.430737,0.0184041
61.31,0.511772,0.486738,0.430735,0.0250344
61.315,0.509013,0.48731,0.430732,0.0217028
61.32,0.504423,0.487891,0.43073,0.0165325
61.325,0.501266,0.488481,0.430728,0.0127849
61.33,0.478893,0.48908,0.430725,-0.0101869
61.335,0.480893,0.489689,0.430723,-0.00879556
61.34,0.483394,0.490307,0.430721,-0.00691272
61.345,0.479192,0.490935,0.430718,-0.0117425
61.35,0.476749,0.491573,0.430716,-0.0148237
61.355,0.469666,0.492221,0.430714,-0.022555
61.36,0.470035,0.492879,0.430712,-0.022844
61.365,0.471648,0.493549,0.430709,-0.0219012
61.37,0.470793,0.494229,0.430707,-0.0234362
61.375,0.488479,0.49492,0.430705,-0.00644098
61.38,0.500161,0.495623,0.430702,0.0045382
61.385,0.503728,0.496337,0.4307,0.00739058
61.39,0.506079,0.497063,0.430698,0.00901579
61.395,0.491613,0.497801,0.430696,-0.00618799
61.4,0.504902,0.498552,0.430693,0.0063501
61.405,0.508625,0.499315,0.430691,0.00931009
61.41,0.505446,0.500091,0.430689,0.00535532
61.415,0.511103,0.50088,0.430687,0.0102228
61.42,0.507057,0.501683,0.430685,0.00537431
61.425,0.51158,0.5025,0.430682,0.00908017
61.43,0.511448,0.503331,0.43068,0.00811696
61.435,0.500112,0.504176,0.430678,-0.00406345
61.44,0.499873,0.505036,0.430676,-0.00516341
61.445,0.504938,0.505911,0.430674,-0.00097316
61.45,0.506691,0.506802,0.430671,-0.000111266
61.455,0.512497,0.507708,0.430669,0.00478825
61.46,0.511373,0.508631,0.430667,0.00274214
61.465,0.508338,0.50957,0.430665,-0.00123193
61.47,0.508972,0.510527,0.430663,-0.00155504
61.475,0.492978,0.511501,0.43066,-0.0185228
61.48,0.498309,0.512492,0.430658,-0.0141832
61.485,0.495038,0.513502,0.430656,-0.0184638
61.49,0.501626,0.514531,0.430654,-0.0129045
61.495,0.504179,0.515578,0.430652,-0.0113998
61.5,0.504554,0.516646,0.43065,-0.0120913
61.505,0.502958,0.517733,0.430647,-0.0147756
61.51,0.514778,0.518842,0.430645,-0.00406336
61.515,0.510449,0.519971,0.430643,-0.0095221
61.52,0.504805,0.521122,0.430641,-0.0163168
61.525,0.506217,0.522296,0.430639,-0.0160787
61.53,0.511924,0.523492,0.430637,-0.0115677
61.535,0.511882,0.524712,0.430635,-0.0128295
61.54,0.52647,0.525956,0.430632,0.000514044
61.545,0.527577,0.527225,0.43063,0.000351755
61.55,0.528538,0.528519,0.430628,1.86677e-05
61.555,0.533867,0.52984,0.430626,0.00402713
61.56,0.532914,0.531187,0.430624,0.00172675
61.565,0.521962,0.532562,0.430622,-0.0105998
61.57,0.520495,0.533966,0.43062,-0.0134709
61.575,0.526916,0.535399,0.430618,-0.0084827
61.58,0.521585,0.536862,0.430615,-0.0152778
61.585,0.531524,0.538357,0.430613,-0.00683336
61.59,0.515973,0.539884,0.430611,-0.0239106
61.595,0.52302,0.541444,0.430609,-0.0184238
61.6,0.542893,0.543038,0.430607,-0.000144821
61.605,0.540619,0.544668,0.430605,-0.00404848
61.61,0.564752,0.546334,0.430603,0.0184176
61.615,0.559969,0.548038,0.430601,0.011931
61.62,0.561031,0.549782,0.430599,0.0112485
61.625,0.55847,0.551566,0.430596,0.00690377
61.63,0.546597,0.553393,0.430594,-0.00679611
61.635,0.543641,0.555263,0.430592,-0.0116227
61.64,0.540683,0.557179,0.43059,-0.0164959
61.645,0.536722,0.559143,0.430588,-0.0224205
61.65,0.535771,0.561156,0.430586,-0.0253852
61.655,0.548666,0.56322,0.430584,-0.0145546
61.66,0.568554,0.565339,0.430582,0.00321534
61.665,0.59068,0.567513,0.43058,0.0231662
61.67,0.587449,0.569747,0.430578,0.0177023
61.675,0.580766,0.572042,0.430575,0.00872384
61.68,0.588742,0.574402,0.430573,0.0143403
61.685,0.577031,0.576829,0.430571,0.000201504
61.69,0.593023,0.579328,0.430569,0.0136947
61.695,0.588129,0.581902,0.430567,0.00622617
61.7,0.599472,0.584556,0.430565,0.0149162
61.705,0.622482,0.587293,0.430563,0.0351895
61.71,0.646534,0.590118,0.430561,0.0564162
61.715,0.637792,0.593036,0.430559,0.0447559
61.72,0.63502,0.596053,0.430557,0.0389671
61.725,0.623169,0.599175,0.430555,0.0239942
61.73,0.633182,0.602408,0.430552,0.030774
61.735,0.650636,0.605759,0.43055,0.0448772
61.74,0.643151,0.609234,0.430548,0.0339166
61.745,0.638635,0.612843,0.430546,0.0257921
61.75,0.639957,0.616594,0.430544,0.0233633
61.755,0.643161,0.620495,0.430542,0.0226658
61.76,0.656824,0.624558,0.43054,0.0322661
61.765,0.669131,0.628791,0.430538,0.0403397
61.77,0.684314,0.633207,0.430536,0.0511073
61.775,0.699015,0.637818,0.430534,0.0611977
61.78,0.705481,0.642636,0.430531,0.0628449
61.785,0.716587,0.647677,0.430529,0.0689101
61.79,0.722706,0.652954,0.430527,0.0697524
61.795,0.730182,0.658483,0.430525,0.0716987
61.8,0.742398,0.664282,0.430523,0.0781161
61.805,0.758566,0.670369,0.430521,0.0881968
61.81,0.765609,0.676762,0.430519,0.0888474
61.815,0.758096,0.683482,0.430517,0.0746138
61.82,0.760836,0.69055,0.430515,0.0702856
61.825,0.776334,0.69799,0.430513,0.0783435
61.83,0.794022,0.705825,0.43051,0.0881969
61.835,0.799606,0.714081,0.430508,0.0855248
61.84,0.806315,0.722784,0.430506,0.083531
61.845,0.833123,0.731963,0.430504,0.10116
61.85,0.859824,0.741647,0.430502,0.118176
61.855,0.871556,0.751867,0.4305,0.119689
61.86,0.876747,0.762655,0.430498,0.114092
61.865,0.872417,0.774045,0.430496,0.0983717
61.87,0.87819,0.786072,0.430493,0.0921175
61.875,0.915399,0.798772,0.430491,0.116627
61.88,0.940038,0.812183,0.430489,0.127854
61.885,0.970826,0.826345,0.430487,0.144482
61.89,0.991357,0.841296,0.430485,0.150061
61.895,0.994091,0.857079,0.430483,0.137012
61.9,1.01766,0.873737,0.430481,0.143922
61.905,1.05216,0.891311,0.430478,0.160845
61.91,1.07705,0.909848,0.430476,0.1672
61.915,1.10729,0.929392,0.430474,0.177897
61.92,1.14222,0.949988,0.430472,0.192237
61.925,1.15657,0.971684,0.43047,0.18489
61.93,1.17308,0.994525,0.430468,0.178558
61.935,1.20292,1.01856,0.430465,0.18436
61.94,1.24468,1.04383,0.430463,0.200845
61.945,1.29837,1.07039,0.430461,0.227978
61.95,1.33436,1.09828,0.430459,0.23608
61.955,1.38204,1.12755,0.430457,0.254494
61.96,1.43538,1.15824,0.430454,0.277145
61.965,1.5044,1.19039,0.430452,0.314004
61.97,1.53554,1.22406,0.43045,0.311483
61.975,1.56829,1.25927,0.430448,0.309024
61.98,1.6176,1.29606,0.430446,0.321535
61.985,1.66612,1.33448,0.430443,0.33164
61.99,1.77338,1.37456,0.430441,0.398821
61.995,1.84795,1.41632,0.430439,0.431638
62,1.92883,1.45979,0.430437,0.469045
62.005,2.0182,1.505,0.430434,0.513197
62.01,2.10983,1.55197,0.430432,0.557868
62.015,2.16685,1.60071,0.43043,0.566138
62.02,2.24888,1.65123,0.430428,0.597651
62.025,2.2972,1.70355,0.430425,0.593657
62.03,2.40662,1.75765,0.430423,0.648966
62.035,2.50993,1.81355,0.430421,0.696378
62.04,2.65375,1.87122,0.430419,0.78253
62.045,2.81868,1.93066,0.430416,0.888024
62.05,2.8978,1.99183,0.430414,0.905971
62.055,3.00949,2.05471,0.430412,0.954781
62.06,3.11577,2.11926,0.43041,0.996511
62.065,3.24231,2.18545,0.430407,1.05686
62.07,3.41176,2.2532,0.430405,1.15856
62.075,3.58584,2.32248,0.430403,1.26336
62.08,3.7062,2.3932,0.4304,1.313
62.085,3.81535,2.46529,0.430398,1.35006
62.09,3.92834,2.53866,0.430396,1.38967
62.095,4.10825,2.61322,0.430393,1.49502
62.1,4.26086,2.68886,0.430391,1.572
62.105,4.39875,2.76546,0.430389,1.63329
62.11,4.60485,2.84289,0.430386,1.76196
62.115,4.77009,2.92102,0.430384,1.84906
62.12,4.85384,2.99969,0.430382,1.85414
62.125,4.92814,3.07875,0.430379,1.84939
62.13,5.08534,3.15801,0.430377,1.92733
62.135,5.21221,3.23728,0.430374,1.97492
62.14,5.33388,3.31637,0.430372,2.0175
62.145,5.49331,3.39507,0.43037,2.09825
62.15,5.64337,3.47314,0.430367,2.17023
62.155,5.80245,3.55034,0.430365,2.2521
62.16,5.92541,3.62643,0.430362,2.29898
62.165,6.06939,3.70112,0.43036,2.36827
62.17,6.11975,3.77416,0.430358,2.34559
62.175,6.16278,3.84524,0.430355,2.31754
62.18,6.25052,3.91408,0.430353,2.33644
62.185,6.30235,3.98036,0.43035,2.32199
62.19,6.32891,4.04378,0.430348,2.28513
62.195,6.34414,4.10402,0.430345,2.24012
62.2,6.37392,4.16077,0.430343,2.21315
62.205,6.42585,4.21372,0.43034,2.21213
62.21,6.44402,4.26258,0.430338,2.18145
62.215,6.41385,4.30704,0.430335,2.10681
62.22,6.41329,4.34684,0.430333,2.06644
62.225,6.45944,4.38173,0.43033,2.07771
62.23,6.50807,4.41147,0.430328,2.0966
62.235,6.49733,4.43587,0.430325,2.06147
62.24,6.50301,4.45475,0.430323,2.04826
62.245,6.41129,4.46798,0.43032,1.9433
62.25,6.33084,4.47548,0.430317,1.85536
62.255,6.22282,4.47718,0.430315,1.74564
62.26,6.20448,4.47308,0.430312,1.7314
62.265,6.14487,4.4632,0.43031,1.68167
62.27,6.03367,4.44761,0.430307,1.58606
62.275,5.92736,4.42643,0.430304,1.50093
62.28,5.87963,4.3998,0.430302,1.47983
62.285,5.80823,4.36791,0.430299,1.44033
62.29,5.72253,4.33096,0.430296,1.39157
62.295,5.69071,4.2892,0.430294,1.40151
62.3,5.61984,4.24289,0.430291,1.37695
62.305,5.57467,4.19231,0.430288,1.38237
62.31,5.50441,4.13775,0.430286,1.36666
62.315,5.43271,4.07952,0.430283,1.35319
62.32,5.34167,4.01793,0.43028,1.32374
62.325,5.24811,3.9533,0.430278,1.29481
62.33,5.17964,3.88593,0.430275,1.2937
62.335,5.11214,3.81614,0.430272,1.296
62.34,5.04444,3.74422,0.430269,1.30022
62.345,4.97762,3.67047,0.430267,1.30715
62.35,4.8977,3.59518,0.430264,1.30252
62.355,4.80164,3.51861,0.430261,1.28303
62.36,4.7413,3.44103,0.430258,1.30027
62.365,4.67968,3.36269,0.430256,1.317
62.37,4.59238,3.28381,0.430253,1.30857
62.375,4.45119,3.20463,0.43025,1.24655
62.38,4.33506,3.12535,0.430247,1.2097
62.385,4.20989,3.04617,0.430244,1.16372
62.39,4.08971,2.96727,0.430241,1.12244
62.395,4.01907,2.88882,0.430239,1.13025
62.4,3.92274,2.81098,0.430236,1.11176
62.405,3.8405,2.73389,0.430233,1.10661
62.41,3.7312,2.65769,0.43023,1.07351
62.415,3.64778,2.5825,0.430227,1.06528
62.42,3.52424,2.50844,0.430224,1.0158
62.425,3.39938,2.43561,0.430221,0.963779
62.43,3.30863,2.36409,0.430218,0.944541
62.435,3.23203,2.29398,0.430215,0.938057
62.44,3.11753,2.22534,0.430212,0.892192
62.445,3.0376,2.15825,0.430209,0.879349
62.45,2.96771,2.09275,0.430206,0.874953
62.455,2.88397,2.0289,0.430203,0.855069
62.46,2.75625,1.96675,0.4302,0.789501
62.465,2.69138,1.90631,0.430197,0.785067
62.47,2.61606,1.84762,0.430194,0.768433
62.475,2.51794,1.79071,0.430191,0.72723
62.48,2.393,1.73557,0.430188,0.657429
62.485,2.30206,1.68223,0.430185,0.619829
62.49,2.20189,1.63067,0.430182,0.571215
62.495,2.1205,1.58091,0.430179,0.539591
62.5,2.05573,1.53293,0.430175,0.5228
62.505,1.97613,1.48671,0.430172,0.489414
62.51,1.90264,1.44225,0.430169,0.460399
62.515,1.85346,1.39951,0.430166,0.453957
62.52,1.79407,1.35847,0.430163,0.4356
62.525,1.74419,1.31911,0.43016,0.425085
62.53,1.65432,1.28139,0.430156,0.372927
62.535,1.59548,1.24528,0.430153,0.350199
62.54,1.55265,1.21074,0.43015,0.341909
62.545,1.49753,1.17773,0.430147,0.319801
62.55,1.46918,1.14621,0.430143,0.322969
62.555,1.4278,1.11613,0.43014,0.311669
62.56,1.38567,1.08747,0.430137,0.298207
62.565,1.32187,1.06016,0.430133,0.261717
62.57,1.25489,1.03416,0.43013,0.220726
62.575,1.22442,1.00943,0.430127,0.214986
62.58,1.18294,0.985923,0.430123,0.197021
62.585,1.16423,0.963587,0.43012,0.200641
62.59,1.13301,0.942379,0.430117,0.190627
62.595,1.10281,0.92225,0.430113,0.180556
62.6,1.08034,0.903155,0.43011,0.17718
62.605,1.03517,0.885049,0.430106,0.150118
62.61,1.01505,0.867887,0.430103,0.147164
62.615,0.961811,0.851625,0.4301,0.110186
62.62,0.93528,0.83622,0.430096,0.0990602
62.625,0.913694,0.821629,0.430093,0.0920651
62.63,0.879942,0.807812,0.430089,0.0721303
62.635,0.860318,0.794729,0.430086,0.065589
62.64,0.827546,0.782342,0.430082,0.045204
62.645,0.811826,0.770614,0.430078,0.0412123
62.65,0.825221,0.759508,0.430075,0.065713
62.655,0.818826,0.748991,0.430071,0.0698354
62.66,0.814689,0.739029,0.430068,0.0756601
62.665,0.806911,0.729591,0.430064,0.07732
62.67,0.790876,0.720645,0.43006,0.0702305
62.675,0.774137,0.712165,0.430057,0.0619728
62.68,0.763221,0.704121,0.430053,0.0591002
62.685,0.754371,0.696488,0.430049,0.0578827
62.69,0.753582,0.689241,0.430046,0.0643414
62.695,0.734365,0.682356,0.430042,0.0520087
62.7,0.701037,0.675812,0.430038,0.0252249
62.705,0.67618,0.669587,0.430034,0.00659325
62.71,0.681273,0.663661,0.430031,0.0176126
62.715,0.689913,0.658016,0.430027,0.031897
62.72,0.709192,0.652634,0.430023,0.0565579
62.725,0.705412,0.647499,0.430019,0.0579129
62.73,0.69928,0.642595,0.430015,0.0566841
62.735,0.690129,0.637909,0.430012,0.0522204
62.74,0.68283,0.633426,0.430008,0.0494041
62.745,0.675483,0.629134,0.430004,0.0463492
62.75,0.673018,0.625021,0.43,0.0479972
62.755,0.65322,0.621076,0.429996,0.032144
62.76,0.638621,0.617289,0.429992,0.0213317
62.765,0.629022,0.613651,0.429988,0.0153707
62.77,0.618004,0.610152,0.429984,0.00785193
62.775,0.627307,0.606785,0.42998,0.020522
62.78,0.634533,0.603542,0.429976,0.0309906
62.785,0.652704,0.600416,0.429972,0.0522871
62.79,0.638423,0.597401,0.429968,0.0410222
62.795,0.635428,0.59449,0.429964,0.0409379
62.8,0.630777,0.591678,0.42996,0.0390983
62.805,0.630121,0.58896,0.429956,0.0411602
62.81,0.617614,0.586332,0.429951,0.0312822
62.815,0.591543,0.583788,0.429947,0.00775479
62.82,0.585785,0.581326,0.429943,0.00445945
62.825,0.563495,0.57894,0.429939,-0.0154452
62.83,0.575864,0.576629,0.429935,-0.000765322
62.835,0.575349,0.57439,0.42993,0.000959795
62.84,0.573584,0.572218,0.429926,0.0013654
62.845,0.574384,0.570113,0.429922,0.00427138
62.85,0.575605,0.568071,0.429918,0.00753381
62.855,0.585358,0.566092,0.429913,0.0192664
62.86,0.589622,0.564172,0.429909,0.0254503
62.865,0.591764,0.562311,0.429905,0.0294525
62.87,0.588826,0.560507,0.4299,0.0283185
62.875,0.582322,0.55876,0.429896,0.0235625
62.88,0.579226,0.557068,0.429891,0.0221585
62.885,0.571447,0.55543,0.429887,0.0160167
62.89,0.570305,0.553846,0.429882,0.0164582
62.895,0.562407,0.552316,0.429878,0.0100908
62.9,0.553176,0.55084,0.429874,0.00233616
62.905,0.556489,0.549417,0.429869,0.00707194
62.91,0.563581,0.548048,0.429864,0.0155333
62.915,0.569072,0.546733,0.42986,0.0223397
62.92,0.556701,0.545472,0.429855,0.0112289
62.925,0.552421,0.544267,0.429851,0.00815413
62.93,0.535681,0.543117,0.429846,-0.00743642
62.935,0.524744,0.542025,0.429841,-0.0172813
62.94,0.531817,0.540992,0.429837,-0.0091749
62.945,0.544016,0.540018,0.429832,0.00399833
62.95,0.557218,0.539106,0.429827,0.018112
62.955,0.567168,0.538256,0.429823,0.0289123
62.96,0.546936,0.537471,0.429818,0.00946485
62.965,0.537759,0.536753,0.429813,0.00100567
62.97,0.535168,0.536104,0.429808,-0.000936394
62.975,0.526609,0.535526,0.429803,-0.00891743
62.98,0.527761,0.535022,0.429799,-0.00726082
62.985,0.523312,0.534594,0.429794,-0.0112816
62.99,0.510647,0.534244,0.429789,-0.0235967
62.995,0.510565,0.533976,0.429784,-0.0234103
63,0.521272,0.533791,0.429779,-0.0125198
63.005,0.523432,0.533694,0.429774,-0.0102619
63.01,0.538167,0.533686,0.429769,0.00448085
63.015,0.544249,0.533771,0.429764,0.0104782
63.02,0.547035,0.533951,0.429759,0.0130841
63.025,0.549525,0.53423,0.429754,0.0152951
63.03,0.543655,0.53461,0.429749,0.00904582
63.035,0.543322,0.535093,0.429744,0.00822963
63.04,0.54529,0.535682,0.429739,0.00960767
63.045,0.554363,0.536381,0.429733,0.0179822
63.05,0.566107,0.53719,0.429728,0.0289174
63.055,0.573842,0.538112,0.429723,0.0357294
63.06,0.572366,0.539149,0.429718,0.0332164
63.065,0.556956,0.540303,0.429713,0.0166531
63.07,0.553053,0.541574,0.429707,0.0114791
63.075,0.55636,0.542963,0.429702,0.0133963
63.08,0.555019,0.544472,0.429697,0.010547
63.085,0.569083,0.5461,0.429691,0.0229831
63.09,0.564006,0.547846,0.429686,0.01616
63.095,0.557439,0.549711,0.429681,0.00772884
63.1,0.551195,0.551692,0.429675,-0.000496739
63.105,0.550457,0.553788,0.42967,-0.00333124
63.11,0.552889,0.555996,0.429664,-0.00310723
63.115,0.575872,0.558314,0.429659,0.0175576
63.12,0.58169,0.560738,0.429653,0.020952
63.125,0.587912,0.563264,0.429648,0.0246488
63.13,0.593125,0.565886,0.429642,0.027239
63.135,0.599367,0.5686,0.429637,0.030767
63.14,0.601412,0.571398,0.429631,0.0300138
63.145,0.597363,0.574275,0.429625,0.0230872
63.15,0.586329,0.577223,0.42962,0.00910596
63.155,0.583016,0.580233,0.429614,0.00278352
63.16,0.578589,0.583296,0.429608,-0.0047074
63.165,0.590019,0.586403,0.429603,0.00361527
63.17,0.593418,0.589544,0.429597,0.0038742
63.175,0.608104,0.592707,0.429591,0.0153971
63.18,0.613287,0.59588,0.429585,0.0174061
63.185,0.608852,0.599052,0.429579,0.0097997
63.19,0.605262,0.602209,0.429573,0.00305261
63.195,0.584487,0.605338,0.429567,-0.0208508
63.2,0.58557,0.608425,0.429562,-0.0228545
63.205,0.574984,0.611454,0.429556,-0.0364692
63.21,0.566317,0.61441,0.42955,-0.0480935
63.215,0.555638,0.617279,0.429544,-0.0616411
63.22,0.542437,0.620043,0.429538,-0.0776061
63.225,0.554926,0.622688,0.429531,-0.0677615
63.23,0.562449,0.625195,0.429525,-0.062746
63.235,0.564979,0.62755,0.429519,-0.0625708
63.24,0.551083,0.629735,0.429513,-0.0786518
63.245,0.557848,0.631735,0.429507,-0.0738871
63.25,0.557452,0.633535,0.429501,-0.0760831
63.255,0.5716,0.635119,0.429494,-0.0635187
63.26,0.566256,0.636474,0.429488,-0.070218
63.265,0.565783,0.637588,0.429482,-0.0718055
63.27,0.5934,0.638449,0.429476,-0.0450495
63.275,0.604053,0.639048,0.429469,-0.0349944
63.28,0.603296,0.639376,0.429463,-0.03608
63.285,0.586799,0.639429,0.429456,-0.0526296
63.29,0.572425,0.639202,0.42945,-0.0667764
63.295,0.563507,0.638693,0.429444,-0.0751856
63.3,0.560544,0.637904,0.429437,-0.0773593
63.305,0.555085,0.636836,0.429431,-0.0817517
63.31,0.555516,0.635496,0.429424,-0.0799803
63.315,0.56321,0.633889,0.429417,-0.0706792
63.32,0.562639,0.632025,0.429411,-0.0693862
63.325,0.545352,0.629914,0.429404,-0.0845619
63.33,0.530621,0.627567,0.429398,-0.0969459
63.335,0.531777,0.624999,0.429391,-0.0932217
63.34,0.535463,0.622222,0.429384,-0.0867594
63.345,0.545883,0.619253,0.429377,-0.07337
63.35,0.536373,0.616106,0.429371,-0.0797334
63.355,0.522045,0.612798,0.429364,-0.0907529
63.36,0.534648,0.609344,0.429357,-0.0746966
63.365,0.533024,0.605761,0.42935,-0.0727374
63.37,0.548148,0.602065,0.429343,-0.0539173
63.375,0.552418,0.598272,0.429336,-0.0458542
63.38,0.546657,0.594397,0.429329,-0.0477399
63.385,0.560464,0.590455,0.429322,-0.0299914
63.39,0.547033,0.586462,0.429315,-0.0394285
63.395,0.538139,0.58243,0.429308,-0.0442908
63.4,0.540686,0.578375,0.429301,-0.0376886
63.405,0.549311,0.574308,0.429294,-0.0249965
63.41,0.56358,0.570242,0.429287,-0.00666179
63.415,0.56342,0.566189,0.42928,-0.00276985
63.42,0.545298,0.562161,0.429272,-0.016863
63.425,0.532987,0.558166,0.429265,-0.0251788
63.43,0.514354,0.554215,0.429258,-0.039861
63.435,0.505654,0.550318,0.42925,-0.0446632
63.44,0.512677,0.546481,0.429243,-0.0338042
63.445,0.517792,0.542713,0.429236,-0.0249215
63.45,0.53201,0.539021,0.429228,-0.00701026
63.455,0.537896,0.53541,0.429221,0.00248563
63.46,0.526899,0.531887,0.429213,-0.00498732
63.465,0.530419,0.528455,0.429206,0.00196378
63.47,0.531886,0.52512,0.429198,0.00676607
63.475,0.528766,0.521885,0.429191,0.00688099
63.48,0.533558,0.518752,0.429183,0.0148059
63.485,0.533795,0.515724,0.429176,0.0180712
63.49,0.536527,0.512803,0.429168,0.0237245
63.495,0.529095,0.509989,0.42916,0.0191055
63.5,0.500451,0.507284,0.429152,-0.00683336
63.505,0.5001,0.504688,0.429145,-0.00458837
63.51,0.487249,0.5022,0.429137,-0.014951
63.515,0.498057,0.49982,0.429129,-0.00176313
63.52,0.487397,0.497546,0.429121,-0.0101487
63.525,0.487865,0.495377,0.429113,-0.00751153
63.53,0.479113,0.493311,0.429105,-0.0141977
63.535,0.481628,0.491347,0.429097,-0.00971866
63.54,0.495764,0.489481,0.429089,0.00628355
63.545,0.490875,0.487548,0.429081,0.00332637
63.55,0.500367,0.485872,0.429073,0.014495
63.555,0.491362,0.484286,0.429065,0.00707552
63.56,0.480676,0.482788,0.429057,-0.00211204
63.565,0.478004,0.481374,0.429049,-0.00337056
63.57,0.482505,0.480041,0.429041,0.00246449
63.575,0.48687,0.478785,0.429032,0.00808467
63.58,0.493052,0.477604,0.429024,0.0154482
63.585,0.490339,0.476494,0.429016,0.0138452
63.59,0.488448,0.475451,0.429007,0.0129971
63.595,0.485651,0.474473,0.428999,0.0111778
63.6,0.491442,0.473556,0.428991,0.0178863
63.605,0.491241,0.472696,0.428982,0.0185444
63.61,0.496955,0.471892,0.428974,0.0250627
63.615,0.494001,0.471139,0.428965,0.0228617
63.62,0.490286,0.470436,0.428957,0.0198506
63.625,0.485882,0.469778,0.428948,0.0161032
63.63,0.494181,0.469164,0.428939,0.0250162
63.635,0.492449,0.468592,0.428931,0.0238572
63.64,0.493292,0.468057,0.428922,0.0252348
63.645,0.47145,0.467559,0.428913,0.00389076
63.65,0.479402,0.467096,0.428905,0.0123058
63.655,0.482404,0.466664,0.428896,0.0157399
63.66,0.487259,0.466264,0.428887,0.0209951
63.665,0.4892,0.465891,0.428878,0.0233089
63.67,0.486901,0.465547,0.428869,0.0213541
63.675,0.496095,0.465228,0.42886,0.0308677
63.68,0.509969,0.464933,0.428851,0.0450359
63.685,0.49952,0.464662,0.428842,0.0348577
63.69,0.498132,0.464414,0.428833,0.0337173
63.695,0.479605,0.464188,0.428824,0.0154171
63.7,0.482484,0.463983,0.428815,0.0185013
63.705,0.484642,0.463799,0.428806,0.0208431
63.71,0.488089,0.463635,0.428796,0.0244538
63.715,0.497446,0.463492,0.428787,0.0339539
63.72,0.491493,0.463369,0.428778,0.0281245
63.725,0.487662,0.463266,0.428768,0.0243956
63.73,0.49699,0.463185,0.428759,0.033805
63.735,0.49936,0.463125,0.42875,0.0362347
63.74,0.506484,0.463087,0.42874,0.043397
63.745,0.504303,0.463072,0.428731,0.0412304
63.75,0.504778,0.463082,0.428721,0.0416963
63.755,0.496591,0.463117,0.428712,0.033474
63.76,0.495163,0.463179,0.428702,0.0319831
63.765,0.49226,0.463271,0.428692,0.0289891
63.77,0.489999,0.463393,0.428683,0.0266068
63.775,0.49484,0.463548,0.428673,0.031292
63.78,0.477924,0.463738,0.428663,0.0141856
63.785,0.480781,0.463967,0.428653,0.016814
63.79,0.493145,0.464238,0.428644,0.0289073
63.795,0.494219,0.464553,0.428634,0.0296656
63.8,0.489491,0.464916,0.428624,0.0245749
63.805,0.477224,0.465332,0.428614,0.0118916
63.81,0.485836,0.465804,0.428604,0.0200324
63.815,0.491993,0.466337,0.428594,0.0256562
63.82,0.491255,0.466936,0.428584,0.0243188
63.825,0.493529,0.467606,0.428574,0.0259229
63.83,0.502281,0.468352,0.428563,0.0339287
63.835,0.517638,0.469181,0.428553,0.0484569
63.84,0.511883,0.470098,0.428543,0.0417849
63.845,0.496286,0.471111,0.428533,0.025175
63.85,0.478613,0.472226,0.428522,0.0063878
63.855,0.461756,0.473449,0.428512,-0.0116937
63.86,0.470304,0.474789,0.428502,-0.00448539
63.865,0.484671,0.476254,0.428491,0.00841704
63.87,0.488779,0.47785,0.428481,0.010929
63.875,0.481956,0.479587,0.42847,0.00236827
63.88,0.470741,0.481473,0.428459,-0.0107314
63.885,0.48473,0.483515,0.428449,0.0012141
63.89,0.498979,0.485724,0.428438,0.013255
63.895,0.493799,0.488107,0.428428,0.00569219
63.9,0.498814,0.490673,0.428417,0.00814121
63.905,0.512663,0.49343,0.428406,0.0192322
63.91,0.533356,0.496388,0.428395,0.0369676
63.915,0.541984,0.499555,0.428384,0.0424289
63.92,0.531382,0.502938,0.428373,0.0284444
63.925,0.528223,0.506545,0.428362,0.0216783
63.93,0.546791,0.510384,0.428351,0.0364065
63.935,0.560873,0.514462,0.42834,0.0464113
63.94,0.56715,0.518784,0.428329,0.0483664
63.945,0.558709,0.523356,0.428318,0.035353
63.95,0.565637,0.528184,0.428307,0.0374525
63.955,0.572115,0.533271,0.428296,0.0388439
63.96,0.593876,0.53862,0.428285,0.0552566
63.965,0.593405,0.544233,0.428273,0.0491728
63.97,0.591894,0.55011,0.428262,0.0417832
63.975,0.605665,0.556253,0.428251,0.0494122
63.98,0.631853,0.562658,0.428239,0.0691946
63.985,0.648413,0.569323,0.428228,0.0790891
63.99,0.642096,0.576244,0.428216,0.0658515
63.995,0.646787,0.583414,0.428205,0.0633726
64,0.641337,0.590826,0.428193,0.0505112
64.005,0.647754,0.59847,0.428181,0.0492841
64.01,0.647841,0.606336,0.42817,0.0415054
64.015,0.647245,0.614411,0.428158,0.0328342
64.02,0.641311,0.62268,0.428146,0.0186313
64.025,0.640313,0.631127,0.428134,0.0091854
64.03,0.65284,0.639735,0.428123,0.0131046
64.035,0.675421,0.648483,0.428111,0.0269371
64.04,0.690747,0.657351,0.428099,0.0333964
64.045,0.682221,0.666313,0.428087,0.0159077
64.05,0.67976,0.675347,0.428075,0.00441396
64.055,0.701477,0.684423,0.428063,0.0170534
64.06,0.710186,0.693515,0.42805,0.0166703
64.065,0.711979,0.702592,0.428038,0.00938703
64.07,0.713759,0.711623,0.428026,0.00213632
64.075,0.700978,0.720574,0.428014,-0.0195956
64.08,0.691192,0.729411,0.428001,-0.0382191
64.085,0.678754,0.738099,0.427989,-0.0593446
64.09,0.67505,0.746601,0.427977,-0.0715506
64.095,0.703157,0.754878,0.427964,-0.0517218
64.1,0.71923,0.762894,0.427952,-0.0436643
64.105,0.72837,0.770609,0.427939,-0.0422396
64.11,0.723298,0.777984,0.427926,-0.054686
64.115,0.700794,0.78498,0.427914,-0.0841862
64.12,0.692077,0.791558,0.427901,-0.0994816
64.125,0.694231,0.797681,0.427888,-0.10345
64.13,0.690314,0.803311,0.427876,-0.112997
64.135,0.694483,0.808414,0.427863,-0.113931
64.14,0.693325,0.812957,0.42785,-0.119632
64.145,0.702254,0.816909,0.427837,-0.114654
64.15,0.717107,0.820243,0.427824,-0.103135
64.155,0.688565,0.822935,0.427811,-0.13437
64.16,0.678912,0.824966,0.427798,-0.146053
64.165,0.678568,0.82632,0.427785,-0.147752
64.17,0.673554,0.826987,0.427771,-0.153433
64.175,0.686301,0.826961,0.427758,-0.14066
64.18,0.684125,0.826242,0.427745,-0.142117
64.185,0.679025,0.824835,0.427732,-0.145809
64.19,0.707625,0.822748,0.427718,-0.115123
64.195,0.712206,0.819996,0.427705,-0.10779
64.2,0.717739,0.816599,0.427691,-0.0988596
64.205,0.726512,0.812578,0.427678,-0.086066
64.21,0.706591,0.80796,0.427664,-0.101369
64.215,0.696078,0.802776,0.427651,-0.106698
64.22,0.684087,0.797057,0.427637,-0.11297
64.225,0.660749,0.790839,0.427623,-0.130089
64.23,0.658735,0.784157,0.42761,-0.125422
64.235,0.644395,0.77705,0.427596,-0.132655
64.24,0.649885,0.769555,0.427582,-0.11967
64.245,0.653018,0.761713,0.427568,-0.108695
64.25,0.657595,0.753561,0.427554,-0.0959657
64.255,0.643639,0.74514,0.42754,-0.101501
64.26,0.634635,0.736486,0.427526,-0.101851
64.265,0.627911,0.727639,0.427512,-0.099728
64.27,0.629627,0.718634,0.427498,-0.0890076
64.275,0.616373,0.709508,0.427483,-0.0931355
64.28,0.593844,0.700296,0.427469,-0.106452
64.285,0.574354,0.69103,0.427455,-0.116676
64.29,0.585075,0.681742,0.427441,-0.0966668
64.295,0.592048,0.672463,0.427426,-0.0804155
64.3,0.599751,0.663222,0.427412,-0.0634715
64.305,0.603712,0.654046,0.427397,-0.0503336
64.31,0.609224,0.644959,0.427383,-0.0357347
64.315,0.606713,0.635986,0.427368,-0.0292737
64.32,0.59515,0.627149,0.427353,-0.0319991
64.325,0.586064,0.618468,0.427339,-0.0324037
64.33,0.568094,0.609961,0.427324,-0.041867
64.335,0.568576,0.601645,0.427309,-0.033069
64.34,0.571995,0.593534,0.427294,-0.0215385
64.345,0.564949,0.585641,0.427279,-0.0206927
64.35,0.549467,0.577979,0.427264,-0.0285111
64.355,0.529753,0.570555,0.427249,-0.0408025
64.36,0.513193,0.563379,0.427234,-0.0501858
64.365,0.525001,0.556456,0.427219,-0.0314546
64.37,0.536545,0.549791,0.427204,-0.0132465
64.375,0.541028,0.543388,0.427188,-0.00236069
64.38,0.55435,0.537249,0.427173,0.0171014
64.385,0.553259,0.531373,0.427158,0.0218859
64.39,0.54975,0.525761,0.427142,0.0239889
64.395,0.543482,0.520411,0.427127,0.0230717
64.4,0.54729,0.515319,0.427111,0.031971
64.405,0.560049,0.510482,0.427096,0.0495674
64.41,0.565133,0.505895,0.42708,0.0592378
64.415,0.558676,0.501554,0.427064,0.0571225
64.42,0.546876,0.49745,0.427049,0.0494251
64.425,0.537581,0.493579,0.427033,0.0440016
64.43,0.533158,0.489932,0.427017,0.0432253
64.435,0.521157,0.486503,0.427001,0.034654
64.44,0.499773,0.483282,0.426985,0.0164913
64.445,0.485756,0.480262,0.426969,0.00549407
64.45,0.471173,0.477433,0.426953,-0.00626011
64.455,0.479801,0.474788,0.426937,0.0050127
64.46,0.48039,0.472318,0.426921,0.00807128
64.465,0.479932,0.470014,0.426905,0.00991814
64.47,0.481311,0.467867,0.426888,0.0134439
64.475,0.479406,0.465869,0.426872,0.0135374
64.48,0.478585,0.464011,0.426856,0.0145733
64.485,0.471387,0.462285,0.426839,0.00910162
64.49,0.468893,0.460684,0.426823,0.0082089
64.495,0.481828,0.459198,0.426806,0.0226298
64.5,0.483033,0.457821,0.426789,0.0252125
64.505,0.483491,0.456545,0.426773,0.0269454
64.51,0.489593,0.455364,0.426756,0.0342289
64.515,0.498713,0.45427,0.426739,0.044443
64.52,0.507117,0.453258,0.426722,0.0538587
64.525,0.500977,0.452321,0.426705,0.0486557
64.53,0.479143,0.451454,0.426688,0.0276895
64.535,0.466398,0.450651,0.426671,0.0157469
64.54,0.48366,0.449907,0.426654,0.033753
64.545,0.486712,0.449217,0.426637,0.0374943
64.55,0.478769,0.448578,0.42662,0.0301915
64.555,0.455379,0.447984,0.426603,0.00739478
64.56,0.44392,0.447432,0.426585,-0.00351266
64.565,0.458902,0.446919,0.426568,0.0119826
64.57,0.479985,0.446441,0.426551,0.0335439
64.575,0.491006,0.445994,0.426533,0.0450121
64.58,0.483074,0.445577,0.426516,0.0374967
64.585,0.475614,0.445186,0.426498,0.0304276
64.59,0.48635,0.44482,0.42648,0.0415306
64.595,0.491365,0.444475,0.426463,0.0468896
64.6,0.496015,0.44415,0.426445,0.0518648
64.605,0.500304,0.443844,0.426427,0.0564597
64.61,0.48085,0.443554,0.426409,0.0372959
64.615,0.478066,0.443279,0.426391,0.0347872
64.62,0.467474,0.443018,0.426373,0.0244564
64.625,0.458064,0.442769,0.426355,0.015295
64.63,0.465466,0.442531,0.426337,0.0229351
64.635,0.472156,0.442304,0.426319,0.0298517
64.64,0.48406,0.442086,0.426301,0.0419738
64.645,0.4723,0.441877,0.426282,0.0304233
64.65,0.480467,0.441675,0.426264,0.0387922
64.655,0.480307,0.44148,0.426245,0.0388265
64.66,0.473312,0.441292,0.426227,0.0320192
64.665,0.460056,0.44111,0.426208,0.0189452
64.67,0.440728,0.440934,0.42619,-0.000205971
64.675,0.437567,0.440763,0.426171,-0.00319539
64.68,0.469639,0.440596,0.426152,0.0290428
64.685,0.489831,0.440434,0.426134,0.0493977
64.69,0.500317,0.440275,0.426115,0.0600412
64.695,0.504043,0.440121,0.426096,0.0639223
64.7,0.502954,0.43997,0.426077,0.0629836
64.705,0.483332,0.439823,0.426058,0.0435093
64.71,0.479812,0.439678,0.426039,0.0401341
64.715,0.47182,0.439537,0.42602,0.0322838
64.72,0.462702,0.439398,0.426,0.0233041
64.725,0.469368,0.439262,0.425981,0.0301066
64.73,0.458622,0.439128,0.425962,0.0194938
64.735,0.441731,0.438996,0.425942,0.00273431
64.74,0.439409,0.438867,0.425923,0.000541838
64.745,0.430115,0.43874,0.425903,-0.00862527
64.75,0.43435,0.438615,0.425884,-0.00426523
64.755,0.451666,0.438492,0.425864,0.0131735
64.76,0.460551,0.438371,0.425844,0.02218
64.765,0.473172,0.438252,0.425825,0.0349196
64.77,0.470285,0.438134,0.425805,0.0321505
64.775,0.464176,0.438019,0.425785,0.0261575
64.78,0.475509,0.437904,0.425765,0.0376044
64.785,0.480936,0.437792,0.425745,0.0431444
64.79,0.479358,0.437681,0.425725,0.0416775
64.795,0.474305,0.437571,0.425705,0.0367345
64.8,0.474879,0.437463,0.425684,0.0374169
64.805,0.472603,0.437356,0.425664,0.0352473
64.81,0.456378,0.43725,0.425644,0.0191281
64.815,0.43361,0.437146,0.425623,-0.00353559
64.82,0.434513,0.437043,0.425603,-0.00253002
64.825,0.438627,0.436941,0.425582,0.00168554
64.83,0.450745,0.43684,0.425562,0.0139047
64.835,0.45449,0.436741,0.425541,0.0177492
64.84,0.467424,0.436643,0.42552,0.0307809
64.845,0.490602,0.436545,0.425499,0.0540562
64.85,0.489965,0.436449,0.425478,0.0535162
64.855,0.479907,0.436354,0.425458,0.0435528
64.86,0.464899,0.43626,0.425437,0.0286389
64.865,0.450901,0.436167,0.425415,0.0147343
64.87,0.456814,0.436075,0.425394,0.0207395
64.875,0.473378,0.435984,0.425373,0.0373945
64.88,0.477571,0.435893,0.425352,0.0416773
64.885,0.493878,0.435804,0.425331,0.0580744
64.89,0.482577,0.435715,0.425309,0.0468621
64.895,0.476494,0.435627,0.425288,0.0408662
64.9,0.463619,0.435541,0.425266,0.028078
64.905,0.460882,0.435454,0.425245,0.0254275
64.91,0.477049,0.435369,0.425223,0.0416795
64.915,0.471737,0.435285,0.425201,0.0364522
64.92,0.472233,0.435201,0.425179,0.0370325
64.925,0.444308,0.435118,0.425157,0.00919024
64.93,0.429897,0.435035,0.425136,-0.00513836
64.935,0.423956,0.434954,0.425114,-0.0109981
64.94,0.416594,0.434873,0.425091,-0.018279
64.945,0.41324,0.434793,0.425069,-0.0215521
64.95,0.435956,0.434713,0.425047,0.00124269
64.955,0.438818,0.434634,0.425025,0.00418371
64.96,0.459779,0.434556,0.425002,0.0252233
64.965,0.460775,0.434478,0.42498,0.0262969
64.97,0.453022,0.434401,0.424958,0.018621
64.975,0.454226,0.434324,0.424935,0.0199019
64.98,0.448606,0.434248,0.424912,0.0143582
64.985,0.45401,0.434172,0.42489,0.0198378
64.99,0.459773,0.434097,0.424867,0.0256753
64.995,0.440882,0.434023,0.424844,0.0068588
65,0.436003,0.433949,0.424821,0.00205344
65.005,0.430884,0.433876,0.424798,-0.00299167
65.01,0.444564,0.433803,0.424775,0.0107614
65.015,0.461069,0.433731,0.424752,0.0273381
65.02,0.467569,0.433659,0.424729,0.0339099
65.025,0.463917,0.433587,0.424706,0.0303294
65.03,0.465802,0.433516,0.424682,0.0322854
65.035,0.464135,0.433446,0.424659,0.030689
65.04,0.457687,0.433375,0.424636,0.0243117
65.045,0.458079,0.433306,0.424612,0.0247734
65.05,0.456305,0.433236,0.424589,0.023069
65.055,0.455232,0.433168,0.424565,0.0220643
65.06,0.442512,0.433099,0.424541,0.00941254
65.065,0.427089,0.433031,0.424517,-0.00594195
65.07,0.419622,0.432963,0.424493,-0.0133416
65.075,0.431162,0.432896,0.42447,-0.0017345
65.08,0.442603,0.432829,0.424446,0.00977399
65.085,0.438136,0.432763,0.424421,0.00537321
65.09,0.437063,0.432696,0.424397,0.00436713
65.095,0.445617,0.43263,0.424373,0.0129865
65.1,0.443848,0.432565,0.424349,0.0112831
65.105,0.447386,0.4325,0.424324,0.0148864
65.11,0.440403,0.432435,0.4243,0.00796794
65.115,0.4523,0.43237,0.424275,0.0199299
65.12,0.455473,0.432306,0.424251,0.0231669
65.125,0.457992,0.432242,0.424226,0.0257498
65.13,0.440085,0.432178,0.424201,0.0079064
65.135,0.439569,0.432115,0.424177,0.00745445
65.14,0.435136,0.432052,0.424152,0.00308385
65.145,0.439132,0.431989,0.424127,0.00714243
65.15,0.443403,0.431927,0.424102,0.0114762
65.155,0.439542,0.431864,0.424077,0.00767805
65.16,0.43619,0.431802,0.424052,0.00438775
65.165,0.445275,0.431741,0.424026,0.0135342
65.17,0.453886,0.431679,0.424001,0.0222065
65.175,0.463184,0.431618,0.423976,0.031566
65.18,0.467208,0.431557,0.42395,0.0356507
65.185,0.456312,0.431496,0.423925,0.024816
65.19,0.458163,0.431436,0.423899,0.0267273
65.195,0.457035,0.431376,0.423873,0.0256591
65.2,0.463061,0.431316,0.423847,0.0317458
65.205,0.459189,0.431256,0.423822,0.0279332
65.21,0.453627,0.431196,0.423796,0.0224312
65.215,0.450459,0.431137,0.42377,0.0193222
65.22,0.45389,0.431078,0.423744,0.0228126
65.225,0.466583,0.431019,0.423718,0.0355643
65.23,0.459845,0.43096,0.423691,0.0288849
65.235,0.457367,0.430902,0.423665,0.0264652
65.24,0.43826,0.430843,0.423639,0.00741697
65.245,0.442603,0.430785,0.423612,0.0118179
65.25,0.454326,0.430727,0.423586,0.0235995
65.255,0.456249,0.430669,0.423559,0.0255794
65.26,0.460715,0.430612,0.423532,0.0301034
65.265,0.454979,0.430554,0.423506,0.024425
65.27,0.464173,0.430497,0.423479,0.0336757
65.275,0.455754,0.43044,0.423452,0.0253147
65.28,0.45905,0.430383,0.423425,0.0286668
65.285,0.449739,0.430326,0.423398,0.0194133
65.29,0.458418,0.430269,0.423371,0.0281482
65.295,0.487291,0.430213,0.423344,0.0570785
65.3,0.489459,0.430157,0.423316,0.0593023
65.305,0.483899,0.4301,0.423289,0.0537989
65.31,0.476594,0.430044,0.423261,0.0465492
65.315,0.470817,0.429988,0.423234,0.0408286
65.32,0.467734,0.429933,0.423206,0.0378011
65.325,0.478659,0.429877,0.423179,0.0487814
65.33,0.474302,0.429822,0.423151,0.0444806
65.335,0.467243,0.429766,0.423123,0.0374765
65.34,0.459217,0.429711,0.423095,0.0295056
65.345,0.440524,0.429656,0.423067,0.0108677
65.35,0.442006,0.429601,0.423039,0.0124048
65.355,0.431954,0.429546,0.423011,0.00240772
65.36,0.42573,0.429491,0.422983,-0.00376187
65.365,0.425,0.429437,0.422954,-0.00443646
65.37,0.425903,0.429382,0.422926,-0.00347931
65.375,0.428479,0.429328,0.422898,-0.000848438
65.38,0.42163,0.429274,0.422869,-0.00764335
65.385,0.433599,0.429219,0.42284,0.00437925
65.39,0.447106,0.429165,0.422812,0.0179407
65.395,0.458229,0.429111,0.422783,0.0291172
65.4,0.456128,0.429058,0.422754,0.0270702
65.405,0.456346,0.429004,0.422725,0.0273418
65.41,0.456951,0.42895,0.422696,0.0280013
65.415,0.452679,0.428896,0.422667,0.0237822
65.42,0.437435,0.428843,0.422638,0.00859244
65.425,0.436501,0.42879,0.422609,0.00771169
65.43,0.427261,0.428736,0.422579,-0.00147501
65.435,0.421993,0.428683,0.42255,-0.00669022
65.44,0.423014,0.42863,0.42252,-0.00561571
65.445,0.419667,0.428577,0.422491,-0.00891
65.45,0.423164,0.428524,0.422461,-0.0053601
65.455,0.429906,0.428471,0.422431,0.00143562
65.46,0.428231,0.428418,0.422401,-0.000187206
65.465,0.429913,0.428365,0.422372,0.00154823
65.47,0.431192,0.428313,0.422342,0.00287933
65.475,0.430264,0.42826,0.422311,0.00200375
65.48,0.444949,0.428207,0.422281,0.0167414
65.485,0.458704,0.428155,0.422251,0.0305493
65.49,0.462175,0.428102,0.422221,0.0340722
65.495,0.462233,0.42805,0.42219,0.0341828
65.5,0.46951,0.427998,0.42216,0.0415127
65.505,0.459196,0.427945,0.422129,0.0312506
65.51,0.451169,0.427893,0.422099,0.0232757
65.515,0.435812,0.427841,0.422068,0.00797118
65.52,0.430307,0.427789,0.422037,0.00251799
65.525,0.441958,0.427737,0.422006,0.0142205
65.53,0.440612,0.427685,0.421975,0.0129272
65.535,0.441637,0.427633,0.421944,0.0140038
65.54,0.440877,0.427581,0.421913,0.0132958
65.545,0.443366,0.427529,0.421882,0.0158361
65.55,0.458527,0.427478,0.42185,0.0310492
65.555,0.448852,0.427426,0.421819,0.0214263
65.56,0.44832,0.427374,0.421787,0.0209454
65.565,0.42899,0.427323,0.421756,0.00166732
65.57,0.433877,0.427271,0.421724,0.00660623
65.575,0.437727,0.427219,0.421692,0.0105075
65.58,0.449675,0.427168,0.421661,0.0225073
65.585,0.46041,0.427116,0.421629,0.0332942
65.59,0.448457,0.427065,0.421597,0.0213918
65.595,0.450581,0.427013,0.421565,0.0235679
65.6,0.43603,0.426962,0.421532,0.00906849
65.605,0.436452,0.426911,0.4215,0.00954127
65.61,0.434935,0.426859,0.421468,0.00807583
65.615,0.437198,0.426808,0.421435,0.01039
65.62,0.447324,0.426757,0.421403,0.0205678
65.625,0.464684,0.426705,0.42137,0.0379783
65.63,0.477902,0.426654,0.421337,0.0512474
65.635,0.478639,0.426603,0.421305,0.0520366
65.64,0.470666,0.426552,0.421272,0.0441139
65.645,0.463862,0.426501,0.421239,0.0373613
65.65,0.46314,0.426449,0.421206,0.0366911
65.655,0.461511,0.426398,0.421173,0.0351123
65.66,0.463879,0.426347,0.421139,0.0375316
65.665,0.446992,0.426296,0.421106,0.0206962
65.67,0.433695,0.426245,0.421073,0.00745025
65.675,0.429772,0.426194,0.421039,0.00357771
65.68,0.43945,0.426143,0.421006,0.0133068
65.685,0.440375,0.426092,0.420972,0.0142837
65.69,0.424646,0.426041,0.420938,-0.00139428
65.695,0.428311,0.42599,0.420904,0.00232168
65.7,0.431909,0.425939,0.42087,0.00597018
65.705,0.449224,0.425888,0.420836,0.0233367
65.71,0.450772,0.425837,0.420802,0.0249357
65.715,0.453372,0.425786,0.420768,0.0275862
65.72,0.457727,0.425735,0.420734,0.0319919
65.725,0.470741,0.425684,0.420699,0.0450572
65.73,0.463763,0.425633,0.420665,0.0381304
65.735,0.455137,0.425582,0.42063,0.0295557
65.74,0.439843,0.425531,0.420596,0.0143119
65.745,0.429285,0.42548,0.420561,0.00380574
65.75,0.435514,0.425429,0.420526,0.0100854
65.755,0.442994,0.425378,0.420491,0.017616
65.76,0.439026,0.425327,0.420456,0.0136987
65.765,0.438959,0.425276,0.420421,0.0136832
65.77,0.433764,0.425225,0.420386,0.00853938
65.775,0.448261,0.425174,0.420351,0.0230872
65.78,0.464605,0.425123,0.420315,0.039482
65.785,0.479141,0.425072,0.42028,0.0540692
65.79,0.481999,0.425021,0.420244,0.0569781
65.795,0.495244,0.42497,0.420209,0.0702742
65.8,0.490363,0.424919,0.420173,0.0654445
65.805,0.476327,0.424868,0.420137,0.0514588
65.81,0.461065,0.424817,0.420101,0.0362485
65.815,0.454193,0.424766,0.420065,0.0294277
65.82,0.473583,0.424715,0.420029,0.0488689
65.825,0.480348,0.424663,0.419993,0.0556843
65.83,0.481913,0.424612,0.419957,0.0573004
65.835,0.479501,0.424561,0.41992,0.0549402
65.84,0.479894,0.42451,0.419884,0.055384
65.845,0.492184,0.424459,0.419847,0.0677246
65.85,0.489639,0.424408,0.419811,0.0652308
65.855,0.493489,0.424357,0.419774,0.0691325
65.86,0.487478,0.424305,0.419737,0.0631728
65.865,0.480348,0.424254,0.4197,0.0560939
65.87,0.469644,0.424203,0.419663,0.045441
65.875,0.464076,0.424152,0.419626,0.0399244
65.88,0.47137,0.4241,0.419589,0.0472694
65.885,0.479888,0.424049,0.419551,0.0558384
65.89,0.47911,0.423998,0.419514,0.0551122
65.895,0.471637,0.423947,0.419476,0.0476901
65.9,0.43951,0.423895,0.419439,0.0156149
65.905,0.440574,0.423844,0.419401,0.01673
65.91,0.445349,0.423792,0.419363,0.0215571
65.915,0.451415,0.423741,0.419325,0.0276741
65.92,0.447996,0.423689,0.419287,0.0243065
65.925,0.457715,0.423638,0.419249,0.0340767
65.93,0.480715,0.423586,0.419211,0.057129
65.935,0.486201,0.423535,0.419173,0.0626663
65.94,0.480627,0.423483,0.419135,0.0571437
65.945,0.473278,0.423432,0.419096,0.0498462
65.95,0.468266,0.42338,0.419058,0.0448862
65.955,0.482595,0.423328,0.419019,0.0592667
65.96,0.468947,0.423277,0.41898,0.0456705
65.965,0.465423,0.423225,0.418941,0.0421984
65.97,0.461833,0.423173,0.418902,0.0386599
65.975,0.450739,0.423121,0.418863,0.0276173
65.98,0.45287,0.423069,0.418824,0.0298001
65.985,0.454613,0.423018,0.418785,0.0315954
65.99,0.453406,0.422966,0.418746,0.03044
65.995,0.460493,0.422914,0.418706,0.0375789
66,0.448437,0.422862,0.418667,0.0255753
66.005,0.452823,0.42281,0.418627,0.0300134
66.01,0.460566,0.422758,0.418587,0.0378079
66.015,0.465397,0.422705,0.418548,0.0426918
66.02,0.467541,0.422653,0.418508,0.0448879
66.025,0.452239,0.422601,0.418468,0.0296376
66.03,0.452854,0.422549,0.418428,0.0303053
66.035,0.455583,0.422497,0.418387,0.0330866
66.04,0.447825,0.422444,0.418347,0.0253807
66.045,0.442053,0.422392,0.418307,0.0196613
66.05,0.425813,0.42234,0.418266,0.00347378
66.055,0.441599,0.422287,0.418225,0.0193123
66.06,0.45642,0.422235,0.418185,0.0341854
66.065,0.470308,0.422182,0.418144,0.0481257
66.07,0.485353,0.42213,0.418103,0.0632235
66.075,0.505796,0.422077,0.418062,0.0837193
66.08,0.491651,0.422024,0.418021,0.069627
66.085,0.487853,0.421972,0.41798,0.0658814
66.09,0.464348,0.421919,0.417938,0.0424286
66.095,0.46289,0.421866,0.417897,0.0410243
66.1,0.462129,0.421813,0.417855,0.0403157
66.105,0.455917,0.42176,0.417814,0.0341568
66.11,0.447542,0.421707,0.417772,0.0258349
66.115,0.455352,0.421654,0.41773,0.0336974
66.12,0.442138,0.421601,0.417688,0.0205367
66.125,0.434198,0.421548,0.417646,0.0126501
66.13,0.438217,0.421495,0.417604,0.0167213
66.135,0.448782,0.421442,0.417562,0.0273404
66.14,0.460215,0.421389,0.41752,0.0388261
66.145,0.469295,0.421336,0.417477,0.0479598
66.15,0.455172,0.421282,0.417435,0.0338896
66.155,0.450445,0.421229,0.417392,0.029216
66.16,0.457146,0.421175,0.417349,0.0359703
66.165,0.474632,0.421122,0.417307,0.0535097
66.17,0.470988,0.421068,0.417264,0.0499202
66.175,0.469262,0.421015,0.417221,0.048247
66.18,0.461054,0.420961,0.417177,0.0400929
66.185,0.468652,0.420907,0.417134,0.0477448
66.19,0.478413,0.420853,0.417091,0.0575594
66.195,0.471212,0.4208,0.417047,0.0504123
66.2,0.467339,0.420746,0.417004,0.0465934
66.205,0.465444,0.420692,0.41696,0.044752
66.21,0.469391,0.420638,0.416916,0.0487536
66.215,0.462035,0.420584,0.416873,0.0414517
66.22,0.447854,0.420529,0.416829,0.0273245
66.225,0.449373,0.420475,0.416785,0.0288976
66.23,0.45745,0.420421,0.41674,0.0370288
66.235,0.46608,0.420367,0.416696,0.0457131
66.24,0.459982,0.420312,0.416652,0.0396698
66.245,0.463167,0.420258,0.416607,0.0429088
66.25,0.461128,0.420203,0.416563,0.0409244
66.255,0.472584,0.420149,0.416518,0.0524354
66.26,0.473637,0.420094,0.416473,0.0535433
66.265,0.471906,0.42004,0.416428,0.0518668
66.27,0.462766,0.419985,0.416383,0.0427809
66.275,0.4465,0.41993,0.416338,0.0265699
66.28,0.435823,0.419875,0.416293,0.0159478
66.285,0.437632,0.41982,0.416247,0.0178122
66.29,0.442698,0.419765,0.416202,0.0229333
66.295,0.445452,0.41971,0.416156,0.0257419
66.3,0.450445,0.419655,0.416111,0.0307904
66.305,0.452688,0.4196,0.416065,0.0330887
66.31,0.451043,0.419544,0.416019,0.0314987
66.315,0.452229,0.419489,0.415973,0.0327404
66.32,0.438663,0.419434,0.415927,0.0192296
66.325,0.44927,0.419378,0.415881,0.0298919
66.33,0.462854,0.419323,0.415834,0.0435312
66.335,0.459521,0.419267,0.415788,0.0402535
66.34,0.464104,0.419211,0.415741,0.0448927
66.345,0.456138,0.419156,0.415695,0.0369825
66.35,0.457539,0.4191,0.415648,0.0384389
66.355,0.456934,0.419044,0.415601,0.03789
66.36,0.449235,0.418988,0.415554,0.030247
66.365,0.446543,0.418932,0.415507,0.0276111
66.37,0.446301,0.418876,0.41546,0.0274257
66.375,0.438309,0.41882,0.415413,0.0194892
66.38,0.420048,0.418763,0.415365,0.00128425
66.385,0.404371,0.418707,0.415318,-0.0143364
66.39,0.407861,0.418651,0.41527,-0.0107894
66.395,0.403167,0.418594,0.415222,-0.0154267
66.4,0.418138,0.418538,0.415175,-0.00039945
66.405,0.418764,0.418481,0.415127,0.000282907
66.41,0.425234,0.418424,0.415078,0.00680958
66.415,0.4396,0.418368,0.41503,0.0212328
66.42,0.440513,0.418311,0.414982,0.022202
66.425,0.445171,0.418254,0.414934,0.026917
66.43,0.438426,0.418197,0.414885,0.0202288
66.435,0.440957,0.41814,0.414836,0.0228174
66.44,0.44613,0.418083,0.414788,0.0280471
66.445,0.456422,0.418025,0.414739,0.0383964
66.45,0.455791,0.417968,0.41469,0.0378233
66.455,0.443471,0.417911,0.414641,0.0255602
66.46,0.437242,0.417853,0.414592,0.0193893
66.465,0.427816,0.417796,0.414542,0.0100202
66.47,0.440288,0.417738,0.414493,0.0225497
66.475,0.437472,0.41768,0.414444,0.0197916
66.48,0.440623,0.417623,0.414394,0.0230007
66.485,0.435104,0.417565,0.414344,0.017539
66.49,0.440723,0.417507,0.414294,0.0232166
66.495,0.445067,0.417449,0.414244,0.0276178
66.5,0.457181,0.417391,0.414194,0.0397903
66.505,0.457156,0.417332,0.414144,0.0398232
66.51,0.470434,0.417274,0.414094,0.0531603
66.515,0.468745,0.417216,0.414043,0.051529
66.52,0.465326,0.417157,0.413993,0.0481691
66.525,0.447585,0.417099,0.413942,0.0304857
66.53,0.43535,0.41704,0.413891,0.0183098
66.535,0.431019,0.416982,0.41384,0.0140378
66.54,0.434545,0.416923,0.413789,0.0176225
66.545,0.442251,0.416864,0.413738,0.0253873
66.55,0.444407,0.416805,0.413687,0.0276023
66.555,0.461398,0.416746,0.413636,0.0446522
66.56,0.468073,0.416687,0.413584,0.0513858
66.565,0.466085,0.416628,0.413533,0.0494572
66.57,0.46513,0.416569,0.413481,0.0485619
66.575,0.450389,0.416509,0.413429,0.0338802
66.58,0.439158,0.41645,0.413377,0.0227082
66.585,0.428494,0.41639,0.413325,0.0121037
66.59,0.431177,0.416331,0.413273,0.0148464
66.595,0.433658,0.416271,0.413221,0.0173869
66.6,0.445355,0.416211,0.413169,0.0291437
66.605,0.44458,0.416151,0.413116,0.0284291
66.61,0.443497,0.416091,0.413063,0.027406
66.615,0.448087,0.416031,0.413011,0.0320556
66.62,0.457023,0.415971,0.412958,0.0410516
66.625,0.465864,0.415911,0.412905,0.049953
66.63,0.474279,0.415851,0.412852,0.0584282
66.635,0.46435,0.41579,0.412799,0.0485598
66.64,0.450267,0.41573,0.412745,0.0345377
66.645,0.442979,0.415669,0.412692,0.0273095
66.65,0.455017,0.415608,0.412638,0.0394085
66.655,0.468458,0.415548,0.412585,0.0529105
66.66,0.467466,0.415487,0.412531,0.0519796
66.665,0.444024,0.415426,0.412477,0.0285987
66.67,0.424561,0.415365,0.412423,0.00919635
66.675,0.421187,0.415304,0.412369,0.00588323
66.68,0.417029,0.415242,0.412314,0.00178708
66.685,0.406025,0.415181,0.41226,-0.00915595
66.69,0.41487,0.41512,0.412205,-0.00024996
66.695,0.418008,0.415058,0.412151,0.00294991
66.7,0.430589,0.414996,0.412096,0.0155924
66.705,0.436375,0.414935,0.412041,0.0214407
66.71,0.433163,0.414873,0.411986,0.0182898
66.715,0.429101,0.414811,0.411931,0.01429
66.72,0.421505,0.414749,0.411876,0.00675576
66.725,0.40758,0.414687,0.41182,-0.00710733
66.73,0.419478,0.414625,0.411765,0.00485333
66.735,0.432532,0.414563,0.411709,0.0179692
66.74,0.434357,0.4145,0.411654,0.0198567
66.745,0.431268,0.414438,0.411598,0.0168307
66.75,0.427824,0.414375,0.411542,0.0134487
66.755,0.415145,0.414312,0.411486,0.000832227
66.76,0.412494,0.41425,0.41143,-0.0017555
66.765,0.399539,0.414187,0.411373,-0.0146482
66.77,0.403691,0.414124,0.411317,-0.0104328
66.775,0.406833,0.414061,0.41126,-0.00722784
66.78,0.415424,0.413998,0.411204,0.001426
66.785,0.423198,0.413934,0.411147,0.00926396
66.79,0.423998,0.413871,0.41109,0.0101266
66.795,0.423838,0.413808,0.411033,0.01003
66.8,0.425573,0.413744,0.410975,0.0118288
66.805,0.429682,0.41368,0.410918,0.0160016
66.81,0.435075,0.413617,0.410861,0.0214587
66.815,0.433004,0.413553,0.410803,0.0194509
66.82,0.422745,0.413489,0.410745,0.0092556
66.825,0.418992,0.413425,0.410688,0.00556675
66.83,0.412573,0.413361,0.41063,-0.000787904
66.835,0.422042,0.413296,0.410572,0.00874579
66.84,0.435411,0.413232,0.410514,0.0221792
66.845,0.446951,0.413168,0.410455,0.0337833
66.85,0.438331,0.413103,0.410397,0.0252282
66.855,0.432331,0.413038,0.410338,0.0192923
66.86,0.421168,0.412974,0.41028,0.00819391
66.865,0.41712,0.412909,0.410221,0.00421113
66.87,0.405714,0.412844,0.410162,-0.00712985
66.875,0.391044,0.412779,0.410103,-0.0217349
66.88,0.392549,0.412714,0.410044,-0.020165
66.885,0.390936,0.412648,0.409984,-0.021712
66.89,0.404001,0.412583,0.409925,-0.00858185
66.895,0.407816,0.412517,0.409865,-0.00470131
66.9,0.412322,0.412452,0.409806,-0.000130041
66.905,0.422193,0.412386,0.409746,0.00980686
66.91,0.419322,0.41232,0.409686,0.00700179
66.915,0.419889,0.412254,0.409626,0.00763438
66.92,0.408139,0.412188,0.409565,-0.00404969
66.925,0.392594,0.412122,0.409505,-0.0195278
66.93,0.390387,0.412056,0.409445,-0.0216688
66.935,0.411132,0.41199,0.409384,-0.000857782
66.94,0.426625,0.411923,0.409323,0.0147018
66.945,0.429362,0.411857,0.409263,0.0175056
66.95,0.421871,0.41179,0.409202,0.0100806
66.955,0.408819,0.411723,0.40914,-0.00290434
66.96,0.416632,0.411656,0.409079,0.00497609
66.965,0.408552,0.411589,0.409018,-0.00303775
66.97,0.402301,0.411522,0.408956,-0.00922135
66.975,0.388327,0.411455,0.408895,-0.023128
66.98,0.387843,0.411388,0.408833,-0.0235449
66.985,0.394743,0.41132,0.408771,-0.0165772
66.99,0.402875,0.411253,0.408709,-0.00837784
66.995,0.416086,0.411185,0.408647,0.00490068
67,0.404626,0.411117,0.408585,-0.00649088
67.005,0.408593,0.411049,0.408522,-0.00245684
67.01,0.399607,0.410981,0.40846,-0.0113743
67.015,0.409396,0.410913,0.408397,-0.00151726
67.02,0.416859,0.410845,0.408334,0.0060136
67.025,0.426018,0.410777,0.408272,0.0152413
67.03,0.422248,0.410708,0.408208,0.0115398
67.035,0.41255,0.41064,0.408145,0.00191047
67.04,0.398193,0.410571,0.408082,-0.012378
67.045,0.397729,0.410502,0.408019,-0.0127732
67.05,0.400452,0.410434,0.407955,-0.00998212
67.055,0.390783,0.410365,0.407891,-0.0195814
67.06,0.397603,0.410296,0.407827,-0.0126923
67.065,0.405808,0.410226,0.407763,-0.0044181
67.07,0.40747,0.410157,0.407699,-0.0026869
67.075,0.403792,0.410088,0.407635,-0.00629567
67.08,0.398247,0.410018,0.407571,-0.0117713
67.085,0.386099,0.409948,0.407506,-0.0238497
67.09,0.385495,0.409878,0.407442,-0.0243831
67.095,0.373332,0.409809,0.407377,-0.0364768
67.1,0.368378,0.409739,0.407312,-0.0413608
67.105,0.383116,0.409668,0.407247,-0.0265519
67.11,0.391664,0.409598,0.407182,-0.0179337
67.115,0.398264,0.409528,0.407116,-0.0112641
67.12,0.399148,0.409457,0.407051,-0.0103094
67.125,0.399519,0.409387,0.406985,-0.00986803
67.13,0.404996,0.409316,0.40692,-0.00431946
67.135,0.400695,0.409245,0.406854,-0.00855042
67.14,0.387162,0.409174,0.406788,-0.0220117
67.145,0.374502,0.409103,0.406722,-0.0346015
67.15,0.379597,0.409032,0.406655,-0.0294351
67.155,0.409598,0.408961,0.406589,0.000637148
67.16,0.422602,0.408889,0.406523,0.0137129
67.165,0.423404,0.408818,0.406456,0.0145864
67.17,0.410825,0.408746,0.406389,0.00207867
67.175,0.399414,0.408674,0.406322,-0.00926038
67.18,0.395255,0.408602,0.406255,-0.0133473
67.185,0.377063,0.40853,0.406188,-0.0314673
67.19,0.357276,0.408458,0.406121,-0.0511816
67.195,0.351855,0.408386,0.406053,-0.0565305
67.2,0.362095,0.408313,0.405985,-0.046218
67.205,0.366577,0.408241,0.405918,-0.0416639
67.21,0.370251,0.408168,0.40585,-0.0379168
67.215,0.372589,0.408095,0.405782,-0.0355063
67.22,0.380738,0.408023,0.405714,-0.0272849
67.225,0.393426,0.40795,0.405645,-0.0145238
67.23,0.385528,0.407876,0.405577,-0.0223487
67.235,0.391563,0.407803,0.405508,-0.0162407
67.24,0.380303,0.40773,0.40544,-0.0274271
67.245,0.385858,0.407656,0.405371,-0.021798
67.25,0.392824,0.407583,0.405302,-0.0147591
67.255,0.390562,0.407509,0.405233,-0.0169474
67.26,0.396779,0.407435,0.405163,-0.0106561
67.265,0.398749,0.407361,0.405094,-0.00861262
67.27,0.399325,0.407287,0.405024,-0.00796173
67.275,0.40322,0.407213,0.404955,-0.00399336
67.28,0.400379,0.407139,0.404885,-0.00675947
67.285,0.400116,0.407064,0.404815,-0.00694757
67.29,0.381126,0.406989,0.404745,-0.0258629
67.295,0.391075,0.406915,0.404675,-0.0158401
67.3,0.377532,0.40684,0.404604,-0.0293077
67.305,0.379653,0.406765,0.404534,-0.0271119
67.31,0.382186,0.40669,0.404463,-0.0245036
67.315,0.381573,0.406615,0.404392,-0.0250419
67.32,0.393107,0.406539,0.404321,-0.0134324
67.325,0.409255,0.406464,0.40425,0.00279089
67.33,0.418961,0.406388,0.404179,0.0125733
67.335,0.424455,0.406312,0.404107,0.018143
67.34,0.42618,0.406236,0.404036,0.019944
67.345,0.410793,0.40616,0.403964,0.00463298
67.35,0.405268,0.406084,0.403892,-0.000816775
67.355,0.38037,0.406008,0.40382,-0.0256383
67.36,0.374943,0.405932,0.403748,-0.0309887
67.365,0.374868,0.405855,0.403676,-0.0309875
67.37,0.376646,0.405779,0.403604,-0.0291326
67.375,0.393799,0.405702,0.403531,-0.0119032
67.38,0.387618,0.405625,0.403459,-0.0180066
67.385,0.390647,0.405548,0.403386,-0.0149009
67.39,0.389974,0.405471,0.403313,-0.015497
67.395,0.384317,0.405393,0.40324,-0.0210764
67.4,0.386638,0.405316,0.403166,-0.018678
67.405,0.379456,0.405239,0.403093,-0.0257821
67.41,0.3871,0.405161,0.403019,-0.0180612
67.415,0.384929,0.405083,0.402946,-0.0201539
67.42,0.394547,0.405005,0.402872,-0.0104582
67.425,0.408308,0.404927,0.402798,0.00338079
67.43,0.411989,0.404849,0.402724,0.00713995
67.435,0.404389,0.404771,0.40265,-0.000381422
67.44,0.388032,0.404692,0.402575,-0.0166605
67.445,0.358539,0.404613,0.402501,-0.0460746
67.45,0.342682,0.404535,0.402426,-0.0618528
67.455,0.342352,0.404456,0.402351,-0.0621035
67.46,0.348286,0.404377,0.402276,-0.0560905
67.465,0.347283,0.404298,0.402201,-0.0570149
67.47,0.356226,0.404219,0.402126,-0.0479922
67.475,0.351075,0.404139,0.40205,-0.0530645
67.48,0.363579,0.40406,0.401975,-0.0404806
67.485,0.38502,0.40398,0.401899,-0.0189603
67.49,0.390926,0.4039,0.401823,-0.0129739
67.495,0.39788,0.40382,0.401747,-0.00594057
67.5,0.39077,0.40374,0.401671,-0.0129703
67.505,0.387829,0.40366,0.401595,-0.0158305
67.51,0.381908,0.40358,0.401518,-0.0216712
67.515,0.378088,0.403499,0.401441,-0.0254109
67.52,0.370731,0.403419,0.401365,-0.0326872
67.525,0.378221,0.403338,0.401288,-0.0251164
67.53,0.387784,0.403257,0.401211,-0.0154731
67.535,0.386059,0.403176,0.401134,-0.017117
67.54,0.37162,0.403095,0.401056,-0.0314746
67.545,0.371022,0.403013,0.400979,-0.0319918
67.55,0.385661,0.402932,0.400901,-0.0172711
67.555,0.403104,0.40285,0.400823,0.00025388
67.56,0.407062,0.402769,0.400745,0.00429336
67.565,0.396044,0.402687,0.400667,-0.00664327
67.57,0.383069,0.402605,0.400589,-0.0195358
67.575,0.373594,0.402523,0.40051,-0.0289289
67.58,0.386113,0.402441,0.400432,-0.0163278
67.585,0.389565,0.402358,0.400353,-0.0127935
67.59,0.394172,0.402276,0.400274,-0.00810323
67.595,0.387303,0.402193,0.400195,-0.0148896
67.6,0.37589,0.40211,0.400116,-0.0262199
67.605,0.386173,0.402027,0.400037,-0.0158541
67.61,0.392749,0.401944,0.399957,-0.00919516
67.615,0.398069,0.401861,0.399878,-0.00379202
67.62,0.405843,0.401778,0.399798,0.00406509
67.625,0.404693,0.401694,0.399718,0.00299878
67.63,0.413387,0.40161,0.399638,0.0117766
67.635,0.419634,0.401527,0.399558,0.0181071
67.64,0.409821,0.401443,0.399477,0.00837846
67.645,0.41166,0.401359,0.399397,0.0103012
67.65,0.400229,0.401274,0.399316,-0.00104529
67.655,0.40321,0.40119,0.399235,0.00201986
67.66,0.39721,0.401106,0.399154,-0.00389601
67.665,0.389796,0.401021,0.399073,-0.011225
67.67,0.37853,0.400936,0.398992,-0.0224066
67.675,0.387664,0.400851,0.39891,-0.013187
67.68,0.379304,0.400766,0.398829,-0.0214624
67.685,0.383845,0.400681,0.398747,-0.0168364
67.69,0.368419,0.400596,0.398665,-0.0321772
67.695,0.362062,0.40051,0.398583,-0.0384485
67.7,0.36648,0.400425,0.398501,-0.0339445
67.705,0.37636,0.400339,0.398418,-0.0239793
67.71,0.385354,0.400253,0.398336,-0.0148989
67.715,0.396788,0.400167,0.398253,-0.00337928
67.72,0.39989,0.400081,0.39817,-0.000190699
67.725,0.398635,0.399994,0.398087,-0.00135938
67.73,0.397381,0.399908,0.398004,-0.00252693
67.735,0.375656,0.399821,0.397921,-0.0241651
67.74,0.356429,0.399734,0.397837,-0.0433055
67.745,0.339341,0.399647,0.397753,-0.0603069
67.75,0.333525,0.39956,0.39767,-0.066035
67.755,0.356501,0.399473,0.397586,-0.0429721
67.76,0.370388,0.399386,0.397501,-0.0289973
67.765,0.381194,0.399298,0.397417,-0.0181046
67.77,0.390476,0.399211,0.397333,-0.00873439
67.775,0.385616,0.399123,0.397248,-0.0135067
67.78,0.38461,0.399035,0.397163,-0.0144251
67.785,0.382232,0.398947,0.397079,-0.016715
67.79,0.378769,0.398858,0.396993,-0.0200898
67.795,0.382421,0.39877,0.396908,-0.0163491
67.8,0.383084,0.398681,0.396823,-0.0155973
67.805,0.377211,0.398593,0.396737,-0.021382
67.81,0.365729,0.398504,0.396652,-0.0327753
67.815,0.360038,0.398415,0.396566,-0.0383767
67.82,0.362688,0.398326,0.39648,-0.0356373
67.825,0.370031,0.398236,0.396394,-0.028205
67.83,0.370984,0.398147,0.396307,-0.0271631
67.835,0.369183,0.398057,0.396221,-0.0288741
67.84,0.371045,0.397968,0.396134,-0.0269226
67.845,0.368879,0.397878,0.396047,-0.0289991
67.85,0.381476,0.397788,0.39596,-0.0163116
67.855,0.388856,0.397698,0.395873,-0.00884126
67.86,0.407851,0.397607,0.395786,0.0102437
67.865,0.407458,0.397517,0.395698,0.00994115
67.87,0.409262,0.397426,0.395611,0.0118363
67.875,0.392661,0.397335,0.395523,-0.00467447
67.88,0.39024,0.397244,0.395435,-0.00700452
67.885,0.387796,0.397153,0.395347,-0.00935693
67.89,0.385909,0.397062,0.395258,-0.0111533
67.895,0.37869,0.396971,0.39517,-0.0182801
67.9,0.386475,0.396879,0.395081,-0.0104036
67.905,0.397534,0.396787,0.394993,0.000746934
67.91,0.394866,0.396696,0.394904,-0.00182956
67.915,0.3834,0.396604,0.394815,-0.0132036
67.92,0.374221,0.396511,0.394725,-0.0222899
67.925,0.37377,0.396419,0.394636,-0.0226488
67.93,0.370456,0.396327,0.394546,-0.0258703
67.935,0.356068,0.396234,0.394457,-0.0401662
67.94,0.344399,0.396141,0.394367,-0.0517418
67.945,0.35229,0.396048,0.394277,-0.043758
67.95,0.36277,0.395955,0.394186,-0.0331851
67.955,0.377024,0.395862,0.394096,-0.0188378
67.96,0.378738,0.395769,0.394005,-0.0170302
67.965,0.382251,0.395675,0.393915,-0.0134242
67.97,0.388589,0.395581,0.393824,-0.00699268
67.975,0.384009,0.395487,0.393733,-0.0114782
67.98,0.393222,0.395393,0.393641,-0.00217143
67.985,0.408543,0.395299,0.39355,0.0132437
67.99,0.398342,0.395205,0.393458,0.00313689
67.995,0.389854,0.39511,0.393367,-0.00525637
68,0.379747,0.395016,0.393275,-0.0152687
68.005,0.370516,0.394921,0.393183,-0.0244056
68.01,0.371476,0.394826,0.39309,-0.0233505
68.015,0.370611,0.394731,0.392998,-0.0241204
68.02,0.367481,0.394636,0.392905,-0.0271552
68.025,0.366776,0.39454,0.392813,-0.0277643
68.03,0.373176,0.394445,0.39272,-0.0212685
68.035,0.36849,0.394349,0.392627,-0.0258592
68.04,0.379897,0.394253,0.392533,-0.0143557
68.045,0.379337,0.394157,0.39244,-0.0148198
68.05,0.380119,0.394061,0.392346,-0.0139424
68.055,0.374022,0.393965,0.392253,-0.0199425
68.06,0.370298,0.393868,0.392159,-0.0235701
68.065,0.367932,0.393771,0.392065,-0.0258396
68.07,0.370435,0.393675,0.39197,-0.0232392
68.075,0.380908,0.393578,0.391876,-0.0126693
68.08,0.392032,0.39348,0.391781,-0.0014484
68.085,0.393313,0.393383,0.391686,-7.01468e-05
68.09,0.393771,0.393286,0.391592,0.000484995
68.095,0.382931,0.393188,0.391496,-0.0102568
68.1,0.381057,0.39309,0.391401,-0.0120328
68.105,0.371408,0.392992,0.391306,-0.021584
68.11,0.356657,0.392894,0.39121,-0.0362373
68.115,0.353725,0.392796,0.391114,-0.0390709
68.12,0.364303,0.392697,0.391018,-0.0283949
68.125,0.370064,0.392599,0.390922,-0.0225351
68.13,0.374958,0.3925,0.390826,-0.0175417
68.135,0.373769,0.392401,0.390729,-0.0186324
68.14,0.373921,0.392302,0.390633,-0.0183814
68.145,0.389837,0.392203,0.390536,-0.00236577
68.15,0.38302,0.392103,0.390439,-0.00908362
68.155,0.375812,0.392004,0.390342,-0.0161918
68.16,0.373144,0.391904,0.390244,-0.0187598
68.165,0.363239,0.391804,0.390147,-0.0285655
68.17,0.370677,0.391704,0.390049,-0.0210273
68.175,0.370075,0.391604,0.389951,-0.0215291
68.18,0.371606,0.391504,0.389853,-0.0198979
68.185,0.367901,0.391403,0.389755,-0.0235017
68.19,0.363679,0.391302,0.389657,-0.0276231
68.195,0.35833,0.391201,0.389558,-0.0328716
68.2,0.370812,0.3911,0.389459,-0.0202887
68.205,0.371754,0.390999,0.38936,-0.0192454
68.21,0.368741,0.390898,0.389261,-0.0221568
68.215,0.365466,0.390796,0.389162,-0.0253308
68.22,0.375368,0.390695,0.389063,-0.0153262
68.225,0.387161,0.390593,0.388963,-0.0034316
68.23,0.390348,0.390491,0.388863,-0.000142534
68.235,0.376671,0.390389,0.388763,-0.0137178
68.24,0.363862,0.390286,0.388663,-0.0264246
68.245,0.353915,0.390184,0.388563,-0.0362686
68.25,0.345251,0.390081,0.388462,-0.0448303
68.255,0.332316,0.389978,0.388362,-0.0576626
68.26,0.328097,0.389875,0.388261,-0.0617785
68.265,0.333037,0.389772,0.38816,-0.0567352
68.27,0.339301,0.389669,0.388058,-0.0503676
68.275,0.347434,0.389565,0.387957,-0.0421315
68.28,0.353952,0.389462,0.387856,-0.0355095
68.285,0.358203,0.389358,0.387754,-0.0311544
68.29,0.356797,0.389254,0.387652,-0.0324564
68.295,0.354326,0.38915,0.38755,-0.0348231
68.3,0.357379,0.389045,0.387447,-0.0316667
68.305,0.363486,0.388941,0.387345,-0.0254552
68.31,0.365282,0.388836,0.387242,-0.023554
68.315,0.37501,0.388731,0.38714,-0.0137209
68.32,0.385324,0.388626,0.387037,-0.00330263
68.325,0.391192,0.388521,0.386933,0.0026705
68.33,0.385926,0.388416,0.38683,-0.00248943
68.335,0.372087,0.38831,0.386727,-0.0162236
68.34,0.380684,0.388205,0.386623,-0.00752094
68.345,0.384966,0.388099,0.386519,-0.00313259
68.35,0.385321,0.387993,0.386415,-0.00267143
68.355,0.375456,0.387886,0.386311,-0.0124308
68.36,0.372263,0.38778,0.386206,-0.0155169
68.365,0.372492,0.387674,0.386102,-0.0151812
68.37,0.377926,0.387567,0.385997,-0.00964083
68.375,0.379484,0.38746,0.385892,-0.00797637
68.38,0.384919,0.387353,0.385787,-0.00243356
68.385,0.389953,0.387246,0.385681,0.00270707
68.39,0.390571,0.387138,0.385576,0.0034321
68.395,0.381405,0.387031,0.38547,-0.00562642
68.4,0.376305,0.386923,0.385364,-0.010618
68.405,0.360998,0.386815,0.385258,-0.025817
68.41,0.350284,0.386707,0.385152,-0.0364231
68.415,0.34531,0.386599,0.385045,-0.0412888
68.42,0.35355,0.386491,0.384939,-0.0329406
68.425,0.368283,0.386382,0.384832,-0.018099
68.43,0.375119,0.386273,0.384725,-0.0111544
68.435,0.380364,0.386165,0.384618,-0.00580085
68.44,0.387672,0.386055,0.38451,0.00161642
68.445,0.386236,0.385946,0.384403,0.000289807
68.45,0.395104,0.385837,0.384295,0.00926718
68.455,0.38668,0.385727,0.384187,0.000952577
68.46,0.389113,0.385617,0.384079,0.00349576
68.465,0.391688,0.385508,0.383971,0.00618035
68.47,0.398879,0.385397,0.383862,0.0134818
68.475,0.406526,0.385287,0.383754,0.0212386
68.48,0.400488,0.385177,0.383645,0.015311
68.485,0.394706,0.385066,0.383536,0.00963986
68.49,0.383186,0.384955,0.383427,-0.00176981
68.495,0.370959,0.384844,0.383317,-0.013885
68.5,0.36743,0.384733,0.383208,-0.017303
68.505,0.355727,0.384622,0.383098,-0.0288946
68.51,0.352517,0.38451,0.382988,-0.0319937
68.515,0.369529,0.384399,0.382878,-0.0148696
68.52,0.378623,0.384287,0.382768,-0.00566383
68.525,0.388908,0.384175,0.382657,0.00473293
68.53,0.390861,0.384063,0.382546,0.00679816
68.535,0.383987,0.383951,0.382435,3.5996e-05
68.54,0.380775,0.383838,0.382324,-0.00306264
68.545,0.385476,0.383725,0.382213,0.00175086
68.55,0.388735,0.383612,0.382102,0.00512207
68.555,0.383401,0.383499,0.38199,-9.88674e-05
68.56,0.369973,0.383386,0.381878,-0.0134131
68.565,0.359694,0.383273,0.381766,-0.0235793
68.57,0.356855,0.383159,0.381654,-0.0263046
68.575,0.373516,0.383046,0.381541,-0.00952989
68.58,0.373531,0.382932,0.381429,-0.00940099
68.585,0.369184,0.382818,0.381316,-0.0136339
68.59,0.379901,0.382703,0.381203,-0.00280236
68.595,0.392212,0.382589,0.38109,0.00962313
68.6,0.391027,0.382474,0.380977,0.00855246
68.605,0.384428,0.38236,0.380863,0.00206875
68.61,0.368123,0.382245,0.380749,-0.0141221
68.615,0.366229,0.38213,0.380635,-0.0159011
68.62,0.378201,0.382014,0.380521,-0.00381363
68.625,0.384851,0.381899,0.380407,0.00295205
68.63,0.380134,0.381783,0.380292,-0.00164906
68.635,0.372388,0.381667,0.380178,-0.00927923
68.64,0.368949,0.381551,0.380063,-0.0126021
68.645,0.37575,0.381435,0.379948,-0.0056852
68.65,0.390018,0.381319,0.379832,0.00869876
68.655,0.393892,0.381202,0.379717,0.0126898
68.66,0.399008,0.381086,0.379601,0.0179222
68.665,0.39872,0.380969,0.379485,0.0177507
68.67,0.397082,0.380852,0.379369,0.0162296
68.675,0.394169,0.380735,0.379253,0.0134343
68.68,0.393649,0.380617,0.379137,0.0130318
68.685,0.387953,0.3805,0.37902,0.00745346
68.69,0.396584,0.380382,0.378903,0.0162019
68.695,0.398895,0.380264,0.378786,0.018631
68.7,0.392168,0.380146,0.378669,0.012022
68.705,0.380885,0.380028,0.378551,0.000856855
68.71,0.369192,0.37991,0.378434,-0.0107179
68.715,0.375504,0.379791,0.378316,-0.00428723
68.72,0.373941,0.379672,0.378198,-0.00573129
68.725,0.368994,0.379553,0.37808,-0.0105597
68.73,0.364378,0.379434,0.377961,-0.0150563
68.735,0.363481,0.379315,0.377843,-0.0158341
68.74,0.365185,0.379195,0.377724,-0.0140105
68.745,0.369313,0.379076,0.377605,-0.00976252
68.75,0.356055,0.378956,0.377486,-0.0229012
68.755,0.354853,0.378836,0.377367,-0.0239833
68.76,0.361085,0.378716,0.377247,-0.0176313
68.765,0.361932,0.378596,0.377127,-0.0166633
68.77,0.360554,0.378475,0.377007,-0.0179208
68.775,0.349963,0.378354,0.376887,-0.0283918
68.78,0.350295,0.378234,0.376767,-0.0279384
68.785,0.350658,0.378113,0.376646,-0.0274543
68.79,0.357041,0.377991,0.376525,-0.0209506
68.795,0.366994,0.37787,0.376404,-0.0108763
68.8,0.376185,0.377749,0.376283,-0.00156371
68.805,0.376742,0.377627,0.376162,-0.000884702
68.81,0.371533,0.377505,0.37604,-0.00597248
68.815,0.363667,0.377383,0.375919,-0.0137163
68.82,0.368313,0.377261,0.375797,-0.00894784
68.825,0.367901,0.377138,0.375674,-0.00923794
68.83,0.359744,0.377016,0.375552,-0.0172717
68.835,0.367001,0.376893,0.375429,-0.00989262
68.84,0.37258,0.37677,0.375307,-0.00419081
68.845,0.385599,0.376647,0.375184,0.00895217
68.85,0.389189,0.376524,0.375061,0.0126645
68.855,0.381202,0.376401,0.374937,0.00480086
68.86,0.374828,0.376277,0.374814,-0.00144926
68.865,0.370904,0.376153,0.37469,-0.00524921
68.87,0.367164,0.37603,0.374566,-0.00886549
68.875,0.365978,0.375906,0.374442,-0.00992762
68.88,0.362072,0.375781,0.374317,-0.0137097
68.885,0.367219,0.375657,0.374193,-0.00843788
68.89,0.376342,0.375532,0.374068,0.000810081
68.895,0.389572,0.375408,0.373943,0.0141641
68.9,0.391226,0.375283,0.373818,0.0159431
68.905,0.384165,0.375158,0.373692,0.00900753
68.91,0.38383,0.375033,0.373567,0.00879726
68.915,0.376145,0.374907,0.373441,0.00123738
68.92,0.377026,0.374782,0.373315,0.00224423
68.925,0.375476,0.374656,0.373189,0.000819496
68.93,0.36264,0.37453,0.373062,-0.0118905
68.935,0.364814,0.374404,0.372936,-0.00959006
68.94,0.358925,0.374278,0.372809,-0.0153531
68.945,0.357603,0.374152,0.372682,-0.0165486
68.95,0.372086,0.374025,0.372555,-0.00193943
68.955,0.367959,0.373899,0.372427,-0.00593971
68.96,0.365071,0.373772,0.3723,-0.00870073
68.965,0.368404,0.373645,0.372172,-0.00524093
68.97,0.360918,0.373518,0.372044,-0.0125996
68.975,0.359771,0.37339,0.371915,-0.0136192
68.98,0.35901,0.373263,0.371787,-0.0142534
68.985,0.349778,0.373135,0.371658,-0.0233576
68.99,0.35478,0.373008,0.371529,-0.0182271
68.995,0.362781,0.37288,0.3714,-0.0100984
69,0.361391,0.372752,0.371271,-0.0113604
69.005,0.366717,0.372624,0.371141,-0.00590663
69.01,0.361309,0.372495,0.371012,-0.0111863
69.015,0.36885,0.372367,0.370882,-0.00351636
69.02,0.373362,0.372238,0.370752,0.00112346
69.025,0.369189,0.372109,0.370621,-0.00292069
69.03,0.372475,0.37198,0.370491,0.000494455
69.035,0.359763,0.371851,0.37036,-0.0120879
69.04,0.359058,0.371722,0.370229,-0.012664
69.045,0.353883,0.371593,0.370098,-0.0177095
69.05,0.355282,0.371463,0.369966,-0.0161818
69.055,0.347544,0.371334,0.369835,-0.0237894
69.06,0.359248,0.371204,0.369703,-0.0119557
69.065,0.365743,0.371074,0.369571,-0.00533076
69.07,0.366982,0.370944,0.369439,-0.00396211
69.075,0.364521,0.370814,0.369306,-0.00629307
69.08,0.366105,0.370684,0.369174,-0.00457896
69.085,0.368641,0.370553,0.369041,-0.00191245
69.09,0.377588,0.370423,0.368908,0.0071652
69.095,0.369165,0.370292,0.368774,-0.00112715
69.1,0.368885,0.370161,0.368641,-0.00127577
69.105,0.370698,0.37003,0.368507,0.000667972
69.11,0.381863,0.369899,0.368373,0.0119637
69.115,0.376909,0.369768,0.368239,0.0071407
69.12,0.363867,0.369637,0.368105,-0.00577018
69.125,0.359468,0.369506,0.36797,-0.0100374
69.13,0.365198,0.369374,0.367835,-0.0041761
69.135,0.376432,0.369243,0.3677,0.00718912
69.14,0.371598,0.369111,0.367565,0.00248677
69.145,0.34698,0.368979,0.36743,-0.0219987
69.15,0.351506,0.368847,0.367294,-0.0173411
69.155,0.359959,0.368715,0.367158,-0.00875621
69.16,0.366327,0.368583,0.367022,-0.00225626
69.165,0.368549,0.368451,0.366886,9.78935e-05
69.17,0.369017,0.368319,0.366749,0.000697656
69.175,0.380278,0.368187,0.366613,0.0120918
69.18,0.384297,0.368054,0.366476,0.0162429
69.185,0.382685,0.367922,0.366339,0.0147635
69.19,0.368773,0.367789,0.366201,0.000983619
69.195,0.36405,0.367657,0.366064,-0.00360696
69.2,0.365126,0.367524,0.365926,-0.00239791
69.205,0.369213,0.367392,0.365788,0.00182152
69.21,0.36901,0.367259,0.36565,0.00175059
69.215,0.358269,0.367126,0.365511,-0.008857
69.22,0.349749,0.366994,0.365372,-0.0172448
69.225,0.34675,0.366861,0.365234,-0.0201111
69.23,0.348937,0.366728,0.365095,-0.017791
69.235,0.348699,0.366596,0.364955,-0.0178968
69.24,0.361602,0.366463,0.364816,-0.00486083
69.245,0.356466,0.366331,0.364676,-0.00986492
69.25,0.363026,0.366198,0.364536,-0.0031716
69.255,0.350054,0.366066,0.364396,-0.016012
69.26,0.349813,0.365933,0.364255,-0.0161199
69.265,0.358879,0.365801,0.364115,-0.0069221
69.27,0.367379,0.365669,0.363974,0.00170996
69.275,0.366057,0.365537,0.363833,0.000519158
69.28,0.374243,0.365406,0.363692,0.00883672
69.285,0.362707,0.365274,0.36355,-0.00256796
69.29,0.370964,0.365143,0.363408,0.00582062
69.295,0.366166,0.365013,0.363266,0.00115314
69.3,0.372184,0.364882,0.363124,0.0073018
69.305,0.370286,0.364752,0.362982,0.00553391
69.31,0.36749,0.364623,0.362839,0.00286762
69.315,0.359023,0.364494,0.362696,-0.00547067
69.32,0.354822,0.364366,0.362553,-0.00954358
69.325,0.353903,0.364238,0.36241,-0.0103353
69.33,0.367245,0.364111,0.362267,0.00313411
69.335,0.367959,0.363985,0.362123,0.0039746
69.34,0.382544,0.36386,0.361979,0.0186846
69.345,0.379547,0.363736,0.361835,0.015811
69.35,0.382135,0.363613,0.36169,0.0185222
69.355,0.375707,0.363491,0.361546,0.0122163
69.36,0.369317,0.363371,0.361401,0.00594676
69.365,0.365792,0.363252,0.361256,0.00253967
69.37,0.369165,0.363135,0.361111,0.00603054
69.375,0.356243,0.36302,0.360965,-0.00677614
69.38,0.34904,0.362906,0.360819,-0.0138668
69.385,0.347194,0.362795,0.360673,-0.0156013
69.39,0.3563,0.362687,0.360527,-0.00638713
69.395,0.365503,0.362581,0.360381,0.00292175
69.4,0.369555,0.362478,0.360234,0.00707648
69.405,0.357155,0.362378,0.360087,-0.00522345
69.41,0.356083,0.362282,0.35994,-0.00619927
69.415,0.358912,0.36219,0.359793,-0.00327769
69.42,0.361381,0.362101,0.359645,-0.000720077
69.425,0.359517,0.362017,0.359498,-0.00249995
69.43,0.362074,0.361937,0.35935,0.00013677
69.435,0.369049,0.361863,0.359201,0.00718566
69.44,0.375213,0.361794,0.359053,0.0134184
69.445,0.369458,0.361731,0.358904,0.00772673
69.45,0.359932,0.361675,0.358755,-0.00174277
69.455,0.354103,0.361625,0.358606,-0.0075218
69.46,0.365154,0.361582,0.358457,0.003572
69.465,0.375901,0.361547,0.358307,0.0143534
69.47,0.387824,0.361521,0.358157,0.0263029
69.475,0.382735,0.361503,0.358007,0.0212319
69.48,0.386804,0.361494,0.357857,0.0253096
69.485,0.372013,0.361495,0.357707,0.0105179
69.49,0.363158,0.361507,0.357556,0.00165157
69.495,0.340528,0.361529,0.357405,-0.0210013
69.5,0.322017,0.361563,0.357254,-0.0395467
69.505,0.324601,0.36161,0.357102,-0.0370086
69.51,0.333238,0.361669,0.356951,-0.0284303
69.515,0.344133,0.361741,0.356799,-0.0176085
69.52,0.342722,0.361827,0.356647,-0.0191051
69.525,0.352119,0.361928,0.356494,-0.00980971
69.53,0.355178,0.362044,0.356342,-0.00686632
69.535,0.366052,0.362176,0.356189,0.00387566
69.54,0.372232,0.362324,0.356036,0.0099081
69.545,0.385311,0.362489,0.355883,0.0228217
69.55,0.393395,0.362671,0.355729,0.0307244
69.555,0.392717,0.362871,0.355575,0.0298458
69.56,0.378151,0.363089,0.355422,0.0150613
69.565,0.384309,0.363326,0.355267,0.0209828
69.57,0.377747,0.363583,0.355113,0.0141649
69.575,0.368675,0.363858,0.354958,0.00481729
69.58,0.350776,0.364153,0.354803,-0.0133775
69.585,0.343051,0.364469,0.354648,-0.0214173
69.59,0.356216,0.364804,0.354493,-0.00858823
69.595,0.365836,0.36516,0.354337,0.000676366
69.6,0.374617,0.365535,0.354181,0.00908124
69.605,0.381871,0.365931,0.354025,0.0159393
69.61,0.387443,0.366348,0.353869,0.0210954
69.615,0.394616,0.366783,0.353713,0.0278321
69.62,0.395541,0.367239,0.353556,0.0283023
69.625,0.39524,0.367713,0.353399,0.0275264
69.63,0.389474,0.368207,0.353242,0.0212673
69.635,0.376722,0.368718,0.353084,0.00800463
69.64,0.370751,0.369246,0.352926,0.00150487
69.645,0.383057,0.369791,0.352768,0.0132655
69.65,0.402327,0.370352,0.35261,0.0319746
69.655,0.407476,0.370927,0.352452,0.0365486
69.66,0.397726,0.371516,0.352293,0.0262099
69.665,0.389169,0.372117,0.352134,0.0170519
69.67,0.380357,0.372729,0.351975,0.00762813
69.675,0.384736,0.37335,0.351816,0.0113858
69.68,0.381339,0.373979,0.351656,0.00735997
69.685,0.388024,0.374615,0.351496,0.0134089
69.69,0.388215,0.375254,0.351336,0.0129606
69.695,0.391248,0.375896,0.351176,0.0153513
69.7,0.388786,0.376539,0.351015,0.0122467
69.705,0.396096,0.37718,0.350854,0.0189159
69.71,0.392933,0.377817,0.350693,0.0151156
69.715,0.385285,0.378448,0.350532,0.00683648
69.72,0.374203,0.379071,0.350371,-0.00486839
69.725,0.364902,0.379683,0.350209,-0.0147811
69.73,0.360949,0.380281,0.350047,-0.0193316
69.735,0.361374,0.380863,0.349885,-0.0194897
69.74,0.374885,0.381427,0.349722,-0.00654177
69.745,0.380925,0.38197,0.349559,-0.00104469
69.75,0.379108,0.382488,0.349396,-0.00337994
69.755,0.364335,0.38298,0.349233,-0.0186452
69.76,0.357211,0.383442,0.34907,-0.0262319
69.765,0.358687,0.383873,0.348906,-0.0251854
69.77,0.361007,0.384268,0.348742,-0.0232611
69.775,0.359063,0.384626,0.348578,-0.0255634
69.78,0.369569,0.384944,0.348413,-0.0153753
69.785,0.366073,0.38522,0.348249,-0.0191474
69.79,0.380361,0.385451,0.348084,-0.00508993
69.795,0.375113,0.385636,0.347919,-0.0105232
69.8,0.380014,0.385772,0.347753,-0.00575759
69.805,0.387753,0.385858,0.347588,0.00189577
69.81,0.400669,0.385892,0.347422,0.0147774
69.815,0.401553,0.385873,0.347256,0.0156798
69.82,0.409853,0.385801,0.347089,0.0240525
69.825,0.393652,0.385674,0.346923,0.00797847
69.83,0.378184,0.385493,0.346756,-0.00730857
69.835,0.372448,0.385257,0.346589,-0.0128089
69.84,0.373277,0.384968,0.346421,-0.0116911
69.845,0.374961,0.384625,0.346254,-0.00966373
69.85,0.373513,0.38423,0.346086,-0.0107173
69.855,0.373109,0.383784,0.345918,-0.0106752
69.86,0.370493,0.383288,0.345749,-0.0127954
69.865,0.375509,0.382745,0.345581,-0.00723576
69.87,0.370765,0.382156,0.345412,-0.0113909
69.875,0.365171,0.381524,0.345243,-0.016353
69.88,0.353968,0.38085,0.345074,-0.0268823
69.885,0.351828,0.380138,0.344904,-0.0283096
69.89,0.354139,0.379389,0.344734,-0.0252504
69.895,0.370186,0.378607,0.344564,-0.00842118
69.9,0.381229,0.377794,0.344394,0.00343496
69.905,0.384404,0.376953,0.344223,0.00745122
69.91,0.374064,0.376087,0.344052,-0.00202284
69.915,0.366714,0.375197,0.343881,-0.00848326
69.92,0.374515,0.374288,0.34371,0.000226964
69.925,0.379914,0.373361,0.343538,0.00655307
69.93,0.388066,0.37242,0.343367,0.0156457
69.935,0.383455,0.371466,0.343195,0.0119882
69.94,0.384111,0.370503,0.343022,0.0136082
69.945,0.392952,0.369533,0.34285,0.0234191
69.95,0.385369,0.368557,0.342677,0.0168119
69.955,0.379312,0.367579,0.342504,0.0117336
69.96,0.360283,0.3666,0.34233,-0.00631649
69.965,0.354753,0.365622,0.342157,-0.0108694
69.97,0.349139,0.364648,0.341983,-0.015509
69.975,0.350909,0.363679,0.341809,-0.0127705
69.98,0.344109,0.362717,0.341635,-0.0186079
69.985,0.344572,0.361764,0.34146,-0.0171921
69.99,0.348565,0.36082,0.341285,-0.0122555
69.995,0.349363,0.359889,0.34111,-0.0105257
70,0.358251,0.35897,0.340935,-0.00071894
70.005,0.364013,0.358065,0.340759,0.00594856
70.01,0.358375,0,0,0
70.015,0.360306,0,0,0
70.02,0.356995,0,0,0
70.025,0.37171,0,0,0
70.03,0.380313,0,0,0
70.035,0.380398,0,0,0
70.04,0.38297,0,0,0
70.045,0.387411,0,0,0
70.05,0.394009,0,0,0
70.055,0.385531,0,0,0
70.06,0.371188,0,0,0
70.065,0.358004,0,0,0
70.07,0.348565,0,0,0
70.075,0.343394,0,0,0
70.08,0.348061,0,0,0
70.085,0.344024,0,0,0
70.09,0.357685,0,0,0
70.095,0.355846,0,0,0
70.1,0.362955,0,0,0
70.105,0.360387,0,0,0
70.11,0.358905,0,0,0
70.115,0.361842,0,0,0
70.12,0.369769,0,0,0
70.125,0.358712,0,0,0
70.13,0.365687,0,0,0
70.135,0.366048,0,0,0
70.14,0.366639,0,0,0
70.145,0.368441,0,0,0
70.15,0.354451,0,0,0
70.155,0.350237,0,0,0
70.16,0.358963,0,0,0
70.165,0.348193,0,0,0
70.17,0.355847,0,0,0
70.175,0.345696,0,0,0
70.18,0.337544,0,0,0
70.185,0.343841,0,0,0
70.19,0.340245,0,0,0
70.195,0.347203,0,0,0
70.2,0.346375,0,0,0
70.205,0.348515,0,0,0
70.21,0.352336,0,0,0
70.215,0.353361,0,0,0
70.22,0.345878,0,0,0
70.225,0.354839,0,0,0
70.23,0.357697,0,0,0
70.235,0.351936,0,0,0
70.24,0.345868,0,0,0
70.245,0.334578,0,0,0
70.25,0.337522,0,0,0
70.255,0.335058,0,0,0
70.26,0.334746,0,0,0
70.265,0.330961,0,0,0
70.27,0.33556,0,0,0
70.275,0.333782,0,0,0
70.28,0.330662,0,0,0
70.285,0.328449,0,0,0
70.29,0.327412,0,0,0
70.295,0.342371,0,0,0
70.3,0.340328,0,0,0
70.305,0.333705,0,0,0
70.31,0.332205,0,0,0
70.315,0.333202,0,0,0
70.32,0.34174,0,0,0
70.325,0.350852,0,0,0
70.33,0.362641,0,0,0
70.335,0.37319,0,0,0
70.34,0.371274,0,0,0
70.345,0.352959,0,0,0
70.35,0.340154,0,0,0
70.355,0.327047,0,0,0
70.36,0.339628,0,0,0
70.365,0.337563,0,0,0
70.37,0.343499,0,0,0
70.375,0.343787,0,0,0
70.38,0.347106,0,0,0
70.385,0.342973,0,0,0
70.39,0.333631,0,0,0
70.395,0.334338,0,0,0
70.4,0.328493,0,0,0
70.405,0.342788,0,0,0
70.41,0.344385,0,0,0
70.415,0.356369,0,0,0
70.42,0.346849,0,0,0
70.425,0.34588,0,0,0
70.43,0.331223,0,0,0
70.435,0.33315,0,0,0
70.44,0.330878,0,0,0
70.445,0.328045,0,0,0
70.45,0.340322,0,0,0
70.455,0.346024,0,0,0
70.46,0.357003,0,0,0
70.465,0.357298,0,0,0
70.47,0.357239,0,0,0
70.475,0.352812,0,0,0
70.48,0.35942,0,0,0
70.485,0.360324,0,0,0
70.49,0.351593,0,0,0
70.495,0.341967,0,0,0
70.5,0.327905,0,0,0
70.505,0.331059,0,0,0
70.51,0.344569,0,0,0
70.515,0.350523,0,0,0
70.52,0.35527,0,0,0
70.525,0.353095,0,0,0
70.53,0.345777,0,0,0
70.535,0.360308,0,0,0
70.54,0.348123,0,0,0
70.545,0.349192,0,0,0
70.55,0.344523,0,0,0
70.555,0.345348,0,0,0
70.56,0.344083,0,0,0
70.565,0.343435,0,0,0
70.57,0.344161,0,0,0
70.575,0.346658,0,0,0
70.58,0.351652,0,0,0
70.585,0.348096,0,0,0
70.59,0.356798,0,0,0
70.595,0.359666,0,0,0
70.6,0.350486,0,0,0
70.605,0.34386,0,0,0
70.61,0.343052,0,0,0
70.615,0.340142,0,0,0
70.62,0.335489,0,0,0
70.625,0.323366,0,0,0
70.63,0.323037,0,0,0
70.635,0.328861,0,0,0
70.64,0.336812,0,0,0
70.645,0.337907,0,0,0
70.65,0.334321,0,0,0
70.655,0.335998,0,0,0
70.66,0.33738,0,0,0
70.665,0.335492,0,0,0
70.67,0.334645,0,0,0
70.675,0.33917,0,0,0
70.68,0.349698,0,0,0
70.685,0.352239,0,0,0
70.69,0.350707,0,0,0
70.695,0.345726,0,0,0
70.7,0.352902,0,0,0
70.705,0.352306,0,0,0
70.71,0.34217,0,0,0
70.715,0.322807,0,0,0
70.72,0.322114,0,0,0
70.725,0.32498,0,0,0
70.73,0.333525,0,0,0
70.735,0.33181,0,0,0
70.74,0.325792,0,0,0
70.745,0.322831,0,0,0
70.75,0.320915,0,0,0
70.755,0.317712,0,0,0
70.76,0.306884,0,0,0
70.765,0.31659,0,0,0
70.77,0.332788,0,0,0
70.775,0.338648,0,0,0
70.78,0.3406,0,0,0
70.785,0.330001,0,0,0
70.79,0.324299,0,0,0
70.795,0.325879,0,0,0
70.8,0.326967,0,0,0
70.805,0.329826,0,0,0
70.81,0.340887,0,0,0
70.815,0.349895,0,0,0
70.82,0.354357,0,0,0
70.825,0.351113,0,0,0
70.83,0.34375,0,0,0
70.835,0.347131,0,0,0
70.84,0.347625,0,0,0
70.845,0.354426,0,0,0
70.85,0.348537,0,0,0
70.855,0.34047,0,0,0
70.86,0.339796,0,0,0
70.865,0.338149,0,0,0
70.87,0.345553,0,0,0
70.875,0.342879,0,0,0
70.88,0.336814,0,0,0
70.885,0.331382,0,0,0
70.89,0.327485,0,0,0
70.895,0.327676,0,0,0
70.9,0.335451,0,0,0
70.905,0.329222,0,0,0
70.91,0.323081,0,0,0
70.915,0.325767,0,0,0
70.92,0.34112,0,0,0
70.925,0.356805,0,0,0
70.93,0.360971,0,0,0
70.935,0.365823,0,0,0
70.94,0.353434,0,0,0
70.945,0.341406,0,0,0
70.95,0.335578,0,0,0
70.955,0.331983,0,0,0
70.96,0.340142,0,0,0
70.965,0.345627,0,0,0
70.97,0.338868,0,0,0
70.975,0.334725,0,0,0
70.98,0.330574,0,0,0
70.985,0.332967,0,0,0
70.99,0.335693,0,0,0
70.995,0.339546,0,0,0
71,0.337114,0,0,0
71.005,0.33624,0,0,0
71.01,0.336955,0,0,0
71.015,0.329871,0,0,0
71.02,0.328083,0,0,0
71.025,0.328463,0,0,0
71.03,0.33819,0,0,0
71.035,0.341125,0,0,0
71.04,0.340701,0,0,0
71.045,0.336429,0,0,0
71.05,0.343296,0,0,0
71.055,0.35296,0,0,0
71.06,0.362591,0,0,0
71.065,0.360361,0,0,0
71.07,0.351877,0,0,0
71.075,0.346735,0,0,0
71.08,0.347547,0,0,0
71.085,0.351337,0,0,0
71.09,0.347136,0,0,0
71.095,0.347094,0,0,0
71.1,0.344623,0,0,0
71.105,0.343691,0,0,0
71.11,0.350338,0,0,0
71.115,0.345896,0,0,0
71.12,0.342678,0,0,0
71.125,0.342541,0,0,0
71.13,0.344425,0,0,0
71.135,0.34838,0,0,0
71.14,0.350957,0,0,0
71.145,0.342891,0,0,0
71.15,0.331615,0,0,0
71.155,0.316049,0,0,0
71.16,0.304865,0,0,0
71.165,0.312926,0,0,0
71.17,0.32205,0,0,0
71.175,0.326036,0,0,0
71.18,0.326973,0,0,0
71.185,0.336812,0,0,0
71.19,0.352983,0,0,0
71.195,0.363351,0,0,0
71.2,0.360542,0,0,0
71.205,0.34761,0,0,0
71.21,0.345157,0,0,0
71.215,0.339474,0,0,0
71.22,0.338457,0,0,0
71.225,0.336903,0,0,0
71.23,0.335294,0,0,0
71.235,0.329945,0,0,0
71.24,0.328012,0,0,0
71.245,0.334302,0,0,0
71.25,0.340259,0,0,0
71.255,0.340425,0,0,0
71.26,0.338177,0,0,0
71.265,0.329047,0,0,0
71.27,0.333829,0,0,0
71.275,0.332656,0,0,0
71.28,0.336313,0,0,0
71.285,0.33952,0,0,0
71.29,0.339483,0,0,0
71.295,0.332792,0,0,0
71.3,0.348443,0,0,0
71.305,0.355495,0,0,0
71.31,0.367304,0,0,0
71.315,0.349759,0,0,0
71.32,0.338194,0,0,0
71.325,0.329974,0,0,0
71.33,0.333898,0,0,0
71.335,0.332283,0,0,0
71.34,0.326855,0,0,0
71.345,0.326245,0,0,0
71.35,0.329521,0,0,0
71.355,0.346412,0,0,0
71.36,0.354617,0,0,0
71.365,0.356203,0,0,0
71.37,0.356589,0,0,0
71.375,0.346893,0,0,0
71.38,0.338107,0,0,0
71.385,0.332218,0,0,0
71.39,0.33022,0,0,0
71.395,0.338824,0,0,0
71.4,0.349975,0,0,0
71.405,0.346527,0,0,0
71.41,0.352124,0,0,0
71.415,0.351534,0,0,0
71.42,0.340097,0,0,0
71.425,0.329937,0,0,0
71.43,0.320133,0,0,0
71.435,0.315565,0,0,0
71.44,0.313382,0,0,0
71.445,0.313155,0,0,0
71.45,0.316488,0,0,0
71.455,0.32649,0,0,0
71.46,0.340465,0,0,0
71.465,0.351423,0,0,0
71.47,0.354239,0,0,0
71.475,0.357839,0,0,0
71.48,0.362378,0,0,0
71.485,0.353121,0,0,0
71.49,0.338434,0,0,0
71.495,0.332766,0,0,0
71.5,0.336823,0,0,0
71.505,0.340993,0,0,0
71.51,0.33869,0,0,0
71.515,0.339404,0,0,0
71.52,0.348338,0,0,0
71.525,0.347011,0,0,0
71.53,0.341695,0,0,0
71.535,0.335379,0,0,0
71.54,0.336792,0,0,0
71.545,0.332056,0,0,0
71.55,0.328653,0,0,0
71.555,0.322493,0,0,0
71.56,0.33458,0,0,0
71.565,0.332991,0,0,0
71.57,0.326809,0,0,0
71.575,0.322787,0,0,0
71.58,0.323695,0,0,0
71.585,0.330904,0,0,0
71.59,0.331294,0,0,0
71.595,0.325037,0,0,0
71.6,0.320776,0,0,0
71.605,0.325526,0,0,0
71.61,0.336051,0,0,0
71.615,0.341763,0,0,0
71.62,0.352021,0,0,0
71.625,0.346862,0,0,0
71.63,0.344186,0,0,0
71.635,0.330508,0,0,0
71.64,0.330931,0,0,0
71.645,0.340268,0,0,0
71.65,0.34045,0,0,0
71.655,0.338853,0,0,0
71.66,0.336093,0,0,0
71.665,0.338722,0,0,0
71.67,0.347555,0,0,0
71.675,0.346027,0,0,0
71.68,0.34032,0,0,0
71.685,0.329226,0,0,0
71.69,0.323047,0,0,0
71.695,0.321819,0,0,0
71.7,0.319176,0,0,0
71.705,0.319921,0,0,0
71.71,0.320291,0,0,0
71.715,0.324539,0,0,0
71.72,0.334498,0,0,0
71.725,0.34303,0,0,0
71.73,0.343463,0,0,0
71.735,0.336695,0,0,0
71.74,0.332246,0,0,0
71.745,0.327184,0,0,0
71.75,0.329279,0,0,0
71.755,0.334091,0,0,0
71.76,0.336851,0,0,0
71.765,0.340844,0,0,0
71.77,0.339281,0,0,0
71.775,0.343374,0,0,0
71.78,0.34719,0,0,0
71.785,0.356011,0,0,0
71.79,0.355219,0,0,0
71.795,0.345859,0,0,0
71.8,0.338898,0,0,0
71.805,0.338559,0,0,0
71.81,0.338847,0,0,0
71.815,0.333209,0,0,0
71.82,0.320605,0,0,0
71.825,0.320226,0,0,0
71.83,0.325886,0,0,0
71.835,0.327577,0,0,0
71.84,0.321267,0,0,0
71.845,0.306883,0,0,0
71.85,0.306631,0,0,0
71.855,0.315485,0,0,0
71.86,0.317419,0,0,0
71.865,0.329054,0,0,0
71.87,0.330482,0,0,0
71.875,0.335592,0,0,0
71.88,0.340739,0,0,0
71.885,0.336845,0,0,0
71.89,0.334544,0,0,0
71.895,0.340031,0,0,0
71.9,0.341548,0,0,0
71.905,0.342858,0,0,0
71.91,0.331243,0,0,0
71.915,0.330424,0,0,0
71.92,0.332197,0,0,0
71.925,0.335857,0,0,0
71.93,0.33359,0,0,0
71.935,0.327253,0,0,0
71.94,0.329336,0,0,0
71.945,0.333918,0,0,0
71.95,0.342985,0,0,0
71.955,0.35613,0,0,0
71.96,0.359099,0,0,0
71.965,0.352898,0,0,0
71.97,0.345123,0,0,0
71.975,0.342557,0,0,0
71.98,0.34243,0,0,0
71.985,0.339267,0,0,0
71.99,0.334812,0,0,0
71.995,0.336042,0,0,0
72,0.335182,0,0,0
72.005,0.331423,0,0,0
72.01,0.319321,0,0,0
72.015,0.324824,0,0,0
72.02,0.324186,0,0,0
72.025,0.318776,0,0,0
72.03,0.313007,0,0,0
72.035,0.304987,0,0,0
72.04,0.31733,0,0,0
72.045,0.324534,0,0,0
72.05,0.329898,0,0,0
72.055,0.33292,0,0,0
72.06,0.334597,0,0,0
72.065,0.333728,0,0,0
72.07,0.336562,0,0,0
72.075,0.337106,0,0,0
72.08,0.341681,0,0,0
72.085,0.345301,0,0,0
72.09,0.347023,0,0,0
72.095,0.354541,0,0,0
72.1,0.357178,0,0,0
72.105,0.359454,0,0,0
72.11,0.34835,0,0,0
72.115,0.343003,0,0,0
72.12,0.33446,0,0,0
72.125,0.324026,0,0,0
72.13,0.330735,0,0,0
72.135,0.332268,0,0,0
72.14,0.335383,0,0,0
72.145,0.334783,0,0,0
72.15,0.328386,0,0,0
72.155,0.328133,0,0,0
72.16,0.326167,0,0,0
72.165,0.317613,0,0,0
72.17,0.330986,0,0,0
72.175,0.331171,0,0,0
72.18,0.341935,0,0,0
72.185,0.3437,0,0,0
72.19,0.345246,0,0,0
72.195,0.339537,0,0,0
72.2,0.332141,0,0,0
72.205,0.331675,0,0,0
72.21,0.328275,0,0,0
72.215,0.331301,0,0,0
72.22,0.325158,0,0,0
72.225,0.322021,0,0,0
72.23,0.321759,0,0,0
72.235,0.311441,0,0,0
72.24,0.311971,0,0,0
72.245,0.318641,0,0,0
72.25,0.323003,0,0,0
72.255,0.323552,0,0,0
72.26,0.311811,0,0,0
72.265,0.302297,0,0,0
72.27,0.308189,0,0,0
72.275,0.315943,0,0,0
72.28,0.318071,0,0,0
72.285,0.325969,0,0,0
72.29,0.317672,0,0,0
72.295,0.319768,0,0,0
72.3,0.317041,0,0,0
72.305,0.31544,0,0,0
72.31,0.325608,0,0,0
72.315,0.331975,0,0,0
72.32,0.33227,0,0,0
72.325,0.323733,0,0,0
72.33,0.320533,0,0,0
72.335,0.323081,0,0,0
72.34,0.326737,0,0,0
72.345,0.320604,0,0,0
72.35,0.308475,0,0,0
72.355,0.310202,0,0,0
72.36,0.313541,0,0,0
72.365,0.316278,0,0,0
72.37,0.315579,0,0,0
72.375,0.314714,0,0,0
72.38,0.323054,0,0,0
72.385,0.329545,0,0,0
72.39,0.334095,0,0,0
72.395,0.33575,0,0,0
72.4,0.340903,0,0,0
72.405,0.338398,0,0,0
72.41,0.341515,0,0,0
72.415,0.330042,0,0,0
72.42,0.321774,0,0,0
72.425,0.318796,0,0,0
72.43,0.315552,0,0,0
72.435,0.324441,0,0,0
72.44,0.32306,0,0,0
72.445,0.32455,0,0,0
72.45,0.318372,0,0,0
72.455,0.31098,0,0,0
72.46,0.313781,0,0,0
72.465,0.324304,0,0,0
72.47,0.337985,0,0,0
72.475,0.340582,0,0,0
72.48,0.343944,0,0,0
72.485,0.340852,0,0,0
72.49,0.33559,0,0,0
72.495,0.328574,0,0,0
72.5,0.320847,0,0,0
72.505,0.31907,0,0,0
72.51,0.322264,0,0,0
72.515,0.3211,0,0,0
72.52,0.329462,0,0,0
72.525,0.326812,0,0,0
72.53,0.33119,0,0,0
72.535,0.334729,0,0,0
72.54,0.340327,0,0,0
72.545,0.328022,0,0,0
72.55,0.321205,0,0,0
72.555,0.312929,0,0,0
72.56,0.315021,0,0,0
72.565,0.316915,0,0,0
72.57,0.318726,0,0,0
72.575,0.333009,0,0,0
72.58,0.348409,0,0,0
72.585,0.352198,0,0,0
72.59,0.348196,0,0,0
72.595,0.34489,0,0,0
72.6,0.32935,0,0,0
72.605,0.330511,0,0,0
72.61,0.32433,0,0,0
72.615,0.330073,0,0,0
72.62,0.332988,0,0,0
72.625,0.329286,0,0,0
72.63,0.32695,0,0,0
72.635,0.326029,0,0,0
72.64,0.331883,0,0,0
72.645,0.330943,0,0,0
72.65,0.332222,0,0,0
72.655,0.333848,0,0,0
72.66,0.337247,0,0,0
72.665,0.341705,0,0,0
72.67,0.348801,0,0,0
72.675,0.349867,0,0,0
72.68,0.347757,0,0,0
72.685,0.349825,0,0,0
72.69,0.352369,0,0,0
72.695,0.35153,0,0,0
72.7,0.347039,0,0,0
72.705,0.339446,0,0,0
72.71,0.337396,0,0,0
72.715,0.331715,0,0,0
72.72,0.323239,0,0,0
72.725,0.325964,0,0,0
72.73,0.347188,0,0,0
72.735,0.360986,0,0,0
72.74,0.367021,0,0,0
72.745,0.356489,0,0,0
72.75,0.341631,0,0,0
72.755,0.327987,0,0,0
72.76,0.316139,0,0,0
72.765,0.317173,0,0,0
72.77,0.321002,0,0,0
72.775,0.324196,0,0,0
72.78,0.321062,0,0,0
72.785,0.319334,0,0,0
72.79,0.323794,0,0,0
72.795,0.333924,0,0,0
72.8,0.337649,0,0,0
72.805,0.33482,0,0,0
72.81,0.33525,0,0,0
72.815,0.338074,0,0,0
72.82,0.341205,0,0,0
72.825,0.333378,0,0,0
72.83,0.32071,0,0,0
72.835,0.324619,0,0,0
72.84,0.327992,0,0,0
72.845,0.328111,0,0,0
72.85,0.313893,0,0,0
72.855,0.309991,0,0,0
72.86,0.314484,0,0,0
72.865,0.325116,0,0,0
72.87,0.327275,0,0,0
72.875,0.333038,0,0,0
72.88,0.336737,0,0,0
72.885,0.337216,0,0,0
72.89,0.339141,0,0,0
72.895,0.338659,0,0,0
72.9,0.350924,0,0,0
72.905,0.351671,0,0,0
72.91,0.356496,0,0,0
72.915,0.35354,0,0,0
72.92,0.349627,0,0,0
72.925,0.338825,0,0,0
72.93,0.330572,0,0,0
72.935,0.320727,0,0,0
72.94,0.331131,0,0,0
72.945,0.329871,0,0,0
72.95,0.339122,0,0,0
72.955,0.330483,0,0,0
72.96,0.321561,0,0,0
72.965,0.322584,0,0,0
72.97,0.319153,0,0,0
72.975,0.314354,0,0,0
72.98,0.314025,0,0,0
72.985,0.301647,0,0,0
72.99,0.303816,0,0,0
72.995,0.297329,0,0,0
73,0.297795,0,0,0
73.005,0.302663,0,0,0
73.01,0.309244,0,0,0
73.015,0.318454,0,0,0
73.02,0.322071,0,0,0
73.025,0.318411,0,0,0
73.03,0.323826,0,0,0
73.035,0.332662,0,0,0
73.04,0.335725,0,0,0
73.045,0.333858,0,0,0
73.05,0.317216,0,0,0
73.055,0.31698,0,0,0
73.06,0.311398,0,0,0
73.065,0.309857,0,0,0
73.07,0.316298,0,0,0
73.075,0.326511,0,0,0
73.08,0.330403,0,0,0
73.085,0.340003,0,0,0
73.09,0.329474,0,0,0
73.095,0.332081,0,0,0
73.1,0.32546,0,0,0
73.105,0.31961,0,0,0
73.11,0.312121,0,0,0
73.115,0.318164,0,0,0
73.12,0.315526,0,0,0
73.125,0.318122,0,0,0
73.13,0.316044,0,0,0
73.135,0.310075,0,0,0
73.14,0.313109,0,0,0
73.145,0.311182,0,0,0
73.15,0.311144,0,0,0
73.155,0.309163,0,0,0
73.16,0.297123,0,0,0
73.165,0.297364,0,0,0
73.17,0.303997,0,0,0
73.175,0.321379,0,0,0
73.18,0.328854,0,0,0
73.185,0.336707,0,0,0
73.19,0.336307,0,0,0
73.195,0.341161,0,0,0
73.2,0.343313,0,0,0
73.205,0.332076,0,0,0
73.21,0.324901,0,0,0
73.215,0.326194,0,0,0
73.22,0.321514,0,0,0
73.225,0.31482,0,0,0
73.23,0.311833,0,0,0
73.235,0.306642,0,0,0
73.24,0.318743,0,0,0
73.245,0.31203,0,0,0
73.25,0.309149,0,0,0
73.255,0.301293,0,0,0
73.26,0.302714,0,0,0
73.265,0.313357,0,0,0
73.27,0.320546,0,0,0
73.275,0.33175,0,0,0
73.28,0.325972,0,0,0
73.285,0.323886,0,0,0
73.29,0.321532,0,0,0
73.295,0.321999,0,0,0
73.3,0.327204,0,0,0
73.305,0.327539,0,0,0
73.31,0.341127,0,0,0
73.315,0.340197,0,0,0
73.32,0.336359,0,0,0
73.325,0.330793,0,0,0
73.33,0.327908,0,0,0
73.335,0.32667,0,0,0
73.34,0.329672,0,0,0
73.345,0.32302,0,0,0
73.35,0.31998,0,0,0
73.355,0.312405,0,0,0
73.36,0.314651,0,0,0
73.365,0.319946,0,0,0
73.37,0.314187,0,0,0
73.375,0.312632,0,0,0
73.38,0.304617,0,0,0
73.385,0.306219,0,0,0
73.39,0.303303,0,0,0
73.395,0.311025,0,0,0
73.4,0.31193,0,0,0
73.405,0.311615,0,0,0
73.41,0.317105,0,0,0
73.415,0.317325,0,0,0
73.42,0.315469,0,0,0
73.425,0.308094,0,0,0
73.43,0.292881,0,0,0
73.435,0.289381,0,0,0
73.44,0.291664,0,0,0
73.445,0.293931,0,0,0
73.45,0.310645,0,0,0
73.455,0.317926,0,0,0
73.46,0.325543,0,0,0
73.465,0.317104,0,0,0
73.47,0.318949,0,0,0
73.475,0.322767,0,0,0
73.48,0.322259,0,0,0
73.485,0.328147,0,0,0
73.49,0.326332,0,0,0
73.495,0.323587,0,0,0
73.5,0.323758,0,0,0
73.505,0.318113,0,0,0
73.51,0.315903,0,0,0
73.515,0.314144,0,0,0
73.52,0.310166,0,0,0
73.525,0.312356,0,0,0
73.53,0.311787,0,0,0
73.535,0.310427,0,0,0
73.54,0.311978,0,0,0
73.545,0.310896,0,0,0
73.55,0.309844,0,0,0
73.555,0.314854,0,0,0
73.56,0.311995,0,0,0
73.565,0.317265,0,0,0
73.57,0.321349,0,0,0
73.575,0.321965,0,0,0
73.58,0.310668,0,0,0
73.585,0.308055,0,0,0
73.59,0.306917,0,0,0
73.595,0.319522,0,0,0
73.6,0.320758,0,0,0
73.605,0.333268,0,0,0
73.61,0.32927,0,0,0
73.615,0.336657,0,0,0
73.62,0.334141,0,0,0
73.625,0.324144,0,0,0
73.63,0.307534,0,0,0
73.635,0.302144,0,0,0
73.64,0.296101,0,0,0
73.645,0.303215,0,0,0
73.65,0.303692,0,0,0
73.655,0.299599,0,0,0
73.66,0.307196,0,0,0
73.665,0.313531,0,0,0
73.67,0.329517,0,0,0
73.675,0.334338,0,0,0
73.68,0.342876,0,0,0
73.685,0.339307,0,0,0
73.69,0.332327,0,0,0
73.695,0.319323,0,0,0
73.7,0.311517,0,0,0
73.705,0.309554,0,0,0
73.71,0.312017,0,0,0
73.715,0.313623,0,0,0
73.72,0.302715,0,0,0
73.725,0.303142,0,0,0
73.73,0.305169,0,0,0
73.735,0.312154,0,0,0
73.74,0.315248,0,0,0
73.745,0.312423,0,0,0
73.75,0.308803,0,0,0
73.755,0.317345,0,0,0
73.76,0.309845,0,0,0
73.765,0.317474,0,0,0
73.77,0.32037,0,0,0
73.775,0.332343,0,0,0
73.78,0.336277,0,0,0
73.785,0.338285,0,0,0
73.79,0.338029,0,0,0
73.795,0.334229,0,0,0
73.8,0.331589,0,0,0
73.805,0.331182,0,0,0
73.81,0.346218,0,0,0
73.815,0.351251,0,0,0
73.82,0.353032,0,0,0
73.825,0.351412,0,0,0
73.83,0.342098,0,0,0
73.835,0.340898,0,0,0
73.84,0.344553,0,0,0
73.845,0.349579,0,0,0
73.85,0.352721,0,0,0
73.855,0.342451,0,0,0
73.86,0.336327,0,0,0
73.865,0.332882,0,0,0
73.87,0.331159,0,0,0
73.875,0.326272,0,0,0
73.88,0.320282,0,0,0
73.885,0.33187,0,0,0
73.89,0.330506,0,0,0
73.895,0.331623,0,0,0
73.9,0.324894,0,0,0
73.905,0.31757,0,0,0
73.91,0.30953,0,0,0
73.915,0.304735,0,0,0
73.92,0.305468,0,0,0
73.925,0.308956,0,0,0
73.93,0.311041,0,0,0
73.935,0.310396,0,0,0
73.94,0.313813,0,0,0
73.945,0.327719,0,0,0
73.95,0.328402,0,0,0
73.955,0.337826,0,0,0
73.96,0.344185,0,0,0
73.965,0.350972,0,0,0
73.97,0.356365,0,0,0
73.975,0.342283,0,0,0
73.98,0.333868,0,0,0
73.985,0.324413,0,0,0
73.99,0.327497,0,0,0
73.995,0.334114,0,0,0
74,0.338574,0,0,0
74.005,0.341195,0,0,0
74.01,0.348556,0,0,0
74.015,0.366993,0,0,0
74.02,0.373285,0,0,0
74.025,0.373631,0,0,0
74.03,0.367279,0,0,0
74.035,0.362262,0,0,0
74.04,0.372988,0,0,0
74.045,0.367804,0,0,0
74.05,0.361889,0,0,0
74.055,0.355659,0,0,0
74.06,0.344367,0,0,0
74.065,0.342739,0,0,0
74.07,0.342358,0,0,0
74.075,0.341193,0,0,0
74.08,0.33777,0,0,0
74.085,0.338234,0,0,0
74.09,0.338032,0,0,0
74.095,0.337738,0,0,0
74.1,0.338633,0,0,0
74.105,0.340911,0,0,0
74.11,0.337715,0,0,0
74.115,0.345314,0,0,0
74.12,0.358086,0,0,0
74.125,0.369393,0,0,0
74.13,0.3728,0,0,0
74.135,0.375739,0,0,0
74.14,0.36885,0,0,0
74.145,0.363071,0,0,0
74.15,0.354166,0,0,0
74.155,0.341046,0,0,0
74.16,0.334139,0,0,0
74.165,0.340405,0,0,0
74.17,0.347994,0,0,0
74.175,0.355768,0,0,0
74.18,0.348399,0,0,0
74.185,0.345238,0,0,0
74.19,0.355146,0,0,0
74.195,0.367248,0,0,0
74.2,0.380196,0,0,0
74.205,0.387263,0,0,0
74.21,0.401002,0,0,0
74.215,0.405276,0,0,0
74.22,0.408807,0,0,0
74.225,0.405485,0,0,0
74.23,0.396948,0,0,0
74.235,0.395644,0,0,0
74.24,0.396355,0,0,0
74.245,0.400082,0,0,0
74.25,0.411366,0,0,0
74.255,0.401702,0,0,0
74.26,0.402049,0,0,0
74.265,0.403758,0,0,0
74.27,0.402811,0,0,0
74.275,0.400165,0,0,0
74.28,0.3838,0,0,0
74.285,0.385457,0,0,0
74.29,0.396376,0,0,0
74.295,0.407065,0,0,0
74.3,0.411715,0,0,0
74.305,0.40997,0,0,0
74.31,0.419538,0,0,0
74.315,0.423082,0,0,0
74.32,0.430987,0,0,0
74.325,0.449152,0,0,0
74.33,0.461079,0,0,0
74.335,0.483011,0,0,0
74.34,0.498411,0,0,0
74.345,0.499442,0,0,0
74.35,0.502629,0,0,0
74.355,0.499801,0,0,0
74.36,0.508877,0,0,0
74.365,0.510123,0,0,0
74.37,0.507484,0,0,0
74.375,0.504063,0,0,0
74.38,0.508316,0,0,0
74.385,0.52326,0,0,0
74.39,0.541598,0,0,0
74.395,0.552526,0,0,0
74.4,0.566484,0,0,0
74.405,0.578341,0,0,0
74.41,0.5867,0,0,0
74.415,0.601519,0,0,0
74.42,0.599647,0,0,0
74.425,0.613928,0,0,0
74.43,0.623805,0,0,0
74.435,0.619293,0,0,0
74.44,0.623125,0,0,0
74.445,0.622165,0,0,0
74.45,0.64358,0,0,0
74.455,0.664216,0,0,0
74.46,0.6847,0,0,0
74.465,0.710632,0,0,0
74.47,0.736044,0,0,0
74.475,0.757699,0,0,0
74.48,0.765878,0,0,0
74.485,0.759692,0,0,0
74.49,0.757605,0,0,0
74.495,0.771564,0,0,0
74.5,0.800584,0,0,0
74.505,0.811858,0,0,0
74.51,0.806174,0,0,0
74.515,0.815525,0,0,0
74.52,0.821732,0,0,0
74.525,0.835999,0,0,0
74.53,0.861756,0,0,0
74.535,0.865775,0,0,0
74.54,0.875038,0,0,0
74.545,0.882364,0,0,0
74.55,0.893892,0,0,0
74.555,0.908024,0,0,0
74.56,0.917122,0,0,0
74.565,0.912842,0,0,0
74.57,0.91563,0,0,0
74.575,0.925027,0,0,0
74.58,0.920305,0,0,0
74.585,0.92621,0,0,0
74.59,0.927278,0,0,0
74.595,0.934899,0,0,0
74.6,0.919279,0,0,0
74.605,0.907677,0,0,0
74.61,0.893833,0,0,0
74.615,0.909598,0,0,0
74.62,0.922313,0,0,0
74.625,0.914206,0,0,0
74.63,0.902222,0,0,0
74.635,0.907558,0,0,0
74.64,0.930031,0,0,0
74.645,0.936549,0,0,0
74.65,0.935034,0,0,0
74.655,0.93127,0,0,0
74.66,0.922742,0,0,0
74.665,0.92757,0,0,0
74.67,0.900127,0,0,0
74.675,0.894593,0,0,0
74.68,0.891241,0,0,0
74.685,0.901676,0,0,0
74.69,0.880214,0,0,0
74.695,0.862098,0,0,0
74.7,0.845253,0,0,0
74.705,0.842335,0,0,0
74.71,0.852844,0,0,0
74.715,0.833907,0,0,0
74.72,0.826535,0,0,0
74.725,0.804222,0,0,0
74.73,0.812729,0,0,0
74.735,0.811465,0,0,0
74.74,0.812902,0,0,0
74.745,0.811812,0,0,0
74.75,0.800163,0,0,0
74.755,0.786527,0,0,0
74.76,0.775422,0,0,0
74.765,0.752434,0,0,0
74.77,0.762199,0,0,0
74.775,0.771773,0,0,0
74.78,0.757469,0,0,0
74.785,0.767545,0,0,0
74.79,0.739278,0,0,0
74.795,0.736276,0,0,0
74.8,0.712501,0,0,0
74.805,0.70153,0,0,0
74.81,0.701861,0,0,0
74.815,0.700786,0,0,0
74.82,0.69401,0,0,0
74.825,0.679547,0,0,0
74.83,0.670802,0,0,0
74.835,0.679553,0,0,0
74.84,0.685481,0,0,0
74.845,0.685771,0,0,0
74.85,0.675408,0,0,0
74.855,0.673649,0,0,0
74.86,0.668327,0,0,0
74.865,0.666743,0,0,0
74.87,0.659783,0,0,0
74.875,0.649308,0,0,0
74.88,0.627855,0,0,0
74.885,0.611749,0,0,0
74.89,0.595579,0,0,0
74.895,0.584018,0,0,0
74.9,0.585693,0,0,0
74.905,0.576146,0,0,0
74.91,0.56041,0,0,0
74.915,0.534576,0,0,0
74.92,0.516785,0,0,0
74.925,0.515193,0,0,0
74.93,0.513631,0,0,0
74.935,0.518065,0,0,0
74.94,0.521299,0,0,0
74.945,0.518768,0,0,0
74.95,0.514015,0,0,0
74.955,0.50189,0,0,0
74.96,0.499079,0,0,0
74.965,0.501305,0,0,0
74.97,0.501614,0,0,0
74.975,0.493269,0,0,0
74.98,0.488789,0,0,0
74.985,0.473095,0,0,0
74.99,0.472322,0,0,0
74.995,0.461883,0,0,0
75,0.45739,0,0,0
75.005,0.456489,0,0,0
75.01,0.455906,0,0,0
75.015,0.440929,0,0,0
75.02,0.424197,0,0,0
75.025,0.41606,0,0,0
75.03,0.405062,0,0,0
75.035,0.407989,0,0,0
75.04,0.397559,0,0,0
75.045,0.404869,0,0,0
75.05,0.414367,0,0,0
75.055,0.418705,0,0,0
75.06,0.418756,0,0,0
75.065,0.414653,0,0,0
75.07,0.406978,0,0,0
75.075,0.399185,0,0,0
75.08,0.394636,0,0,0
75.085,0.395822,0,0,0
75.09,0.391839,0,0,0
75.095,0.396243,0,0,0
75.1,0.387372,0,0,0
75.105,0.383956,0,0,0
75.11,0.380262,0,0,0
75.115,0.376174,0,0,0
75.12,0.378417,0,0,0
75.125,0.385724,0,0,0
75.13,0.384731,0,0,0
75.135,0.396948,0,0,0
75.14,0.393988,0,0,0
75.145,0.392225,0,0,0
75.15,0.394208,0,0,0
75.155,0.383713,0,0,0
75.16,0.376596,0,0,0
75.165,0.377915,0,0,0
75.17,0.370347,0,0,0
75.175,0.370588,0,0,0
75.18,0.371336,0,0,0
75.185,0.365239,0,0,0
75.19,0.378648,0,0,0
75.195,0.382327,0,0,0
75.2,0.382934,0,0,0
75.205,0.382002,0,0,0
75.21,0.376672,0,0,0
75.215,0.377384,0,0,0
75.22,0.380201,0,0,0
75.225,0.393442,0,0,0
75.23,0.384103,0,0,0
75.235,0.38446,0,0,0
75.24,0.372621,0,0,0
75.245,0.371298,0,0,0
75.25,0.37139,0,0,0
75.255,0.371896,0,0,0
75.26,0.369068,0,0,0
75.265,0.36949,0,0,0
75.27,0.368265,0,0,0
75.275,0.367292,0,0,0
75.28,0.366115,0,0,0
75.285,0.36903,0,0,0
75.29,0.369302,0,0,0
75.295,0.361873,0,0,0
75.3,0.35472,0,0,0
75.305,0.354071,0,0,0
75.31,0.358441,0,0,0
75.315,0.359012,0,0,0
75.32,0.358815,0,0,0
75.325,0.365543,0,0,0
75.33,0.372844,0,0,0
75.335,0.377151,0,0,0
75.34,0.370564,0,0,0
75.345,0.372218,0,0,0
75.35,0.377973,0,0,0
75.355,0.37319,0,0,0
75.36,0.352515,0,0,0
75.365,0.335865,0,0,0
75.37,0.340657,0,0,0
75.375,0.350458,0,0,0
75.38,0.360659,0,0,0
75.385,0.370102,0,0,0
75.39,0.373552,0,0,0
75.395,0.380063,0,0,0
75.4,0.378934,0,0,0
75.405,0.369455,0,0,0
75.41,0.365263,0,0,0
75.415,0.360663,0,0,0
75.42,0.357892,0,0,0
75.425,0.356609,0,0,0
75.43,0.363532,0,0,0
75.435,0.367815,0,0,0
75.44,0.361772,0,0,0
75.445,0.353231,0,0,0
75.45,0.333368,0,0,0
75.455,0.334665,0,0,0
75.46,0.338532,0,0,0
75.465,0.346432,0,0,0
75.47,0.342144,0,0,0
75.475,0.344223,0,0,0
75.48,0.340732,0,0,0
75.485,0.351788,0,0,0
75.49,0.345559,0,0,0
75.495,0.353662,0,0,0
75.5,0.354334,0,0,0
75.505,0.353578,0,0,0
75.51,0.355983,0,0,0
75.515,0.364441,0,0,0
75.52,0.366977,0,0,0
75.525,0.355828,0,0,0
75.53,0.357989,0,0,0
75.535,0.354492,0,0,0
75.54,0.356483,0,0,0
75.545,0.349816,0,0,0
75.55,0.344435,0,0,0
75.555,0.33784,0,0,0
75.56,0.334117,0,0,0
75.565,0.332806,0,0,0
75.57,0.332676,0,0,0
75.575,0.343089,0,0,0
75.58,0.337642,0,0,0
75.585,0.340528,0,0,0
75.59,0.343712,0,0,0
75.595,0.337186,0,0,0
75.6,0.33899,0,0,0
75.605,0.342455,0,0,0
75.61,0.339145,0,0,0
75.615,0.340417,0,0,0
75.62,0.349693,0,0,0
75.625,0.359222,0,0,0
75.63,0.370894,0,0,0
75.635,0.384455,0,0,0
75.64,0.383863,0,0,0
75.645,0.373469,0,0,0
75.65,0.361055,0,0,0
75.655,0.347449,0,0,0
75.66,0.353746,0,0,0
75.665,0.35511,0,0,0
75.67,0.363019,0,0,0
75.675,0.367399,0,0,0
75.68,0.365703,0,0,0
75.685,0.369943,0,0,0
75.69,0.357357,0,0,0
75.695,0.356546,0,0,0
75.7,0.350883,0,0,0
75.705,0.339184,0,0,0
75.71,0.318989,0,0,0
75.715,0.325597,0,0,0
75.72,0.331037,0,0,0
75.725,0.331457,0,0,0
75.73,0.334265,0,0,0
75.735,0.322693,0,0,0
75.74,0.343172,0,0,0
75.745,0.351794,0,0,0
75.75,0.356692,0,0,0
75.755,0.360431,0,0,0
75.76,0.356958,0,0,0
75.765,0.36849,0,0,0
75.77,0.365591,0,0,0
75.775,0.363156,0,0,0
75.78,0.365826,0,0,0
75.785,0.355747,0,0,0
75.79,0.343706,0,0,0
75.795,0.343185,0,0,0
75.8,0.352337,0,0,0
75.805,0.362162,0,0,0
75.81,0.378564,0,0,0
75.815,0.36788,0,0,0
75.82,0.352765,0,0,0
75.825,0.332305,0,0,0
75.83,0.337091,0,0,0
75.835,0.347528,0,0,0
75.84,0.353521,0,0,0
75.845,0.347434,0,0,0
75.85,0.341235,0,0,0
75.855,0.336195,0,0,0
75.86,0.33752,0,0,0
75.865,0.332132,0,0,0
75.87,0.328444,0,0,0
75.875,0.335355,0,0,0
75.88,0.341701,0,0,0
75.885,0.354099,0,0,0
75.89,0.355919,0,0,0
75.895,0.363884,0,0,0
75.9,0.350635,0,0,0
75.905,0.353598,0,0,0
75.91,0.361232,0,0,0
75.915,0.357084,0,0,0
75.92,0.351647,0,0,0
75.925,0.330083,0,0,0
75.93,0.324408,0,0,0
75.935,0.330597,0,0,0
75.94,0.340905,0,0,0
75.945,0.331782,0,0,0
75.95,0.326743,0,0,0
75.955,0.33517,0,0,0
75.96,0.350515,0,0,0
75.965,0.349296,0,0,0
75.97,0.344045,0,0,0
75.975,0.33295,0,0,0
75.98,0.330311,0,0,0
75.985,0.339409,0,0,0
75.99,0.334079,0,0,0
75.995,0.334685,0,0,0
76,0.336095,0,0,0
76.005,0.332567,0,0,0
76.01,0.337783,0,0,0
76.015,0.335054,0,0,0
76.02,0.327674,0,0,0
76.025,0.330826,0,0,0
76.03,0.32898,0,0,0
76.035,0.343689,0,0,0
76.04,0.338525,0,0,0
76.045,0.331857,0,0,0
76.05,0.337954,0,0,0
76.055,0.33815,0,0,0
76.06,0.342603,0,0,0
76.065,0.335844,0,0,0
76.07,0.323008,0,0,0
76.075,0.314296,0,0,0
76.08,0.317863,0,0,0
76.085,0.316994,0,0,0
76.09,0.333859,0,0,0
76.095,0.347012,0,0,0
76.1,0.350564,0,0,0
76.105,0.338115,0,0,0
76.11,0.318901,0,0,0
76.115,0.310713,0,0,0
76.12,0.316064,0,0,0
76.125,0.330419,0,0,0
76.13,0.342383,0,0,0
76.135,0.345625,0,0,0
76.14,0.348981,0,0,0
76.145,0.356186,0,0,0
76.15,0.36702,0,0,0
76.155,0.360681,0,0,0
76.16,0.349458,0,0,0
76.165,0.337352,0,0,0
76.17,0.333766,0,0,0
76.175,0.338776,0,0,0
76.18,0.332276,0,0,0
76.185,0.324336,0,0,0
76.19,0.334605,0,0,0
76.195,0.343286,0,0,0
76.2,0.347591,0,0,0
76.205,0.343037,0,0,0
76.21,0.344033,0,0,0
76.215,0.346297,0,0,0
76.22,0.351194,0,0,0
76.225,0.351245,0,0,0
76.23,0.341809,0,0,0
76.235,0.339827,0,0,0
76.24,0.344134,0,0,0
76.245,0.340256,0,0,0
76.25,0.338159,0,0,0
76.255,0.327864,0,0,0
76.26,0.322258,0,0,0
76.265,0.321735,0,0,0
76.27,0.334256,0,0,0
76.275,0.33927,0,0,0
76.28,0.346409,0,0,0
76.285,0.346844,0,0,0
76.29,0.350235,0,0,0
76.295,0.349816,0,0,0
76.3,0.341816,0,0,0
76.305,0.344369,0,0,0
76.31,0.349199,0,0,0
76.315,0.34808,0,0,0
76.32,0.356815,0,0,0
76.325,0.346842,0,0,0
76.33,0.3305,0,0,0
76.335,0.326042,0,0,0
76.34,0.332109,0,0,0
76.345,0.344868,0,0,0
76.35,0.364652,0,0,0
76.355,0.352037,0,0,0
76.36,0.349181,0,0,0
76.365,0.337114,0,0,0
76.37,0.33531,0,0,0
76.375,0.331234,0,0,0
76.38,0.327575,0,0,0
76.385,0.312134,0,0,0
76.39,0.317013,0,0,0
76.395,0.321733,0,0,0
76.4,0.323442,0,0,0
76.405,0.330052,0,0,0
76.41,0.329746,0,0,0
76.415,0.328754,0,0,0
76.42,0.333411,0,0,0
76.425,0.329801,0,0,0
76.43,0.33283,0,0,0
76.435,0.340221,0,0,0
76.44,0.34054,0,0,0
76.445,0.339922,0,0,0
76.45,0.324757,0,0,0
76.455,0.324713,0,0,0
76.46,0.32253,0,0,0
76.465,0.325017,0,0,0
76.47,0.331606,0,0,0
76.475,0.328715,0,0,0
76.48,0.329098,0,0,0
76.485,0.334127,0,0,0
76.49,0.344398,0,0,0
76.495,0.34397,0,0,0
76.5,0.339249,0,0,0
76.505,0.315245,0,0,0
76.51,0.320154,0,0,0
76.515,0.32535,0,0,0
76.52,0.32283,0,0,0
76.525,0.317937,0,0,0
76.53,0.315831,0,0,0
76.535,0.315668,0,0,0
76.54,0.325201,0,0,0
76.545,0.333072,0,0,0
76.55,0.338811,0,0,0
76.555,0.356589,0,0,0
76.56,0.352242,0,0,0
76.565,0.351511,0,0,0
76.57,0.352387,0,0,0
76.575,0.351168,0,0,0
76.58,0.343943,0,0,0
76.585,0.337232,0,0,0
76.59,0.347842,0,0,0
76.595,0.358696,0,0,0
76.6,0.350611,0,0,0
76.605,0.346755,0,0,0
76.61,0.331543,0,0,0
76.615,0.327412,0,0,0
76.62,0.313144,0,0,0
76.625,0.313963,0,0,0
76.63,0.318588,0,0,0
76.635,0.328231,0,0,0
76.64,0.332743,0,0,0
76.645,0.334011,0,0,0
76.65,0.33297,0,0,0
76.655,0.338306,0,0,0
76.66,0.337656,0,0,0
76.665,0.338386,0,0,0
76.67,0.356282,0,0,0
76.675,0.354869,0,0,0
76.68,0.347557,0,0,0
76.685,0.33904,0,0,0
76.69,0.341592,0,0,0
76.695,0.343295,0,0,0
76.7,0.3445,0,0,0
76.705,0.344241,0,0,0
76.71,0.34365,0,0,0
76.715,0.350274,0,0,0
76.72,0.347097,0,0,0
76.725,0.345441,0,0,0
76.73,0.353528,0,0,0
76.735,0.360997,0,0,0
76.74,0.358125,0,0,0
76.745,0.356275,0,0,0
76.75,0.351627,0,0,0
76.755,0.341128,0,0,0
76.76,0.352454,0,0,0
76.765,0.348064,0,0,0
76.77,0.350029,0,0,0
76.775,0.347863,0,0,0
76.78,0.338385,0,0,0
76.785,0.348329,0,0,0
76.79,0.361973,0,0,0
76.795,0.369645,0,0,0
76.8,0.354451,0,0,0
76.805,0.345054,0,0,0
76.81,0.345517,0,0,0
76.815,0.344768,0,0,0
76.82,0.348849,0,0,0
76.825,0.327887,0,0,0
76.83,0.327072,0,0,0
76.835,0.321845,0,0,0
76.84,0.316878,0,0,0
76.845,0.316511,0,0,0
76.85,0.329021,0,0,0
76.855,0.345139,0,0,0
76.86,0.356105,0,0,0
76.865,0.359847,0,0,0
76.87,0.358925,0,0,0
76.875,0.3627,0,0,0
76.88,0.366043,0,0,0
76.885,0.36455,0,0,0
76.89,0.360167,0,0,0
76.895,0.35268,0,0,0
76.9,0.35059,0,0,0
76.905,0.346188,0,0,0
76.91,0.338545,0,0,0
76.915,0.331776,0,0,0
76.92,0.331415,0,0,0
76.925,0.339586,0,0,0
76.93,0.361505,0,0,0
76.935,0.356343,0,0,0
76.94,0.352287,0,0,0
76.945,0.353498,0,0,0
76.95,0.344533,0,0,0
76.955,0.347346,0,0,0
76.96,0.346141,0,0,0
76.965,0.340138,0,0,0
76.97,0.343386,0,0,0
76.975,0.336248,0,0,0
76.98,0.326503,0,0,0
76.985,0.329638,0,0,0
76.99,0.33979,0,0,0
76.995,0.350364,0,0,0
77,0.36597,0,0,0
77.005,0.368946,0,0,0
77.01,0.372951,0,0,0
77.015,0.374601,0,0,0
77.02,0.371814,0,0,0
77.025,0.366085,0,0,0
77.03,0.365559,0,0,0
77.035,0.360165,0,0,0
77.04,0.347629,0,0,0
77.045,0.345057,0,0,0
77.05,0.349679,0,0,0
77.055,0.351661,0,0,0
77.06,0.348204,0,0,0
77.065,0.341792,0,0,0
77.07,0.35041,0,0,0
77.075,0.347819,0,0,0
77.08,0.343366,0,0,0
77.085,0.319249,0,0,0
77.09,0.321928,0,0,0
77.095,0.337974,0,0,0
77.1,0.346146,0,0,0
77.105,0.353061,0,0,0
77.11,0.354381,0,0,0
77.115,0.349279,0,0,0
77.12,0.358542,0,0,0
77.125,0.349511,0,0,0
77.13,0.349552,0,0,0
77.135,0.34382,0,0,0
77.14,0.338366,0,0,0
77.145,0.335546,0,0,0
77.15,0.348279,0,0,0
77.155,0.351039,0,0,0
77.16,0.363089,0,0,0
77.165,0.349525,0,0,0
77.17,0.349468,0,0,0
77.175,0.345028,0,0,0
77.18,0.339954,0,0,0
77.185,0.34698,0,0,0
77.19,0.348001,0,0,0
77.195,0.351426,0,0,0
77.2,0.352174,0,0,0
77.205,0.352233,0,0,0
77.21,0.362114,0,0,0
77.215,0.351379,0,0,0
77.22,0.353648,0,0,0
77.225,0.34186,0,0,0
77.23,0.349295,0,0,0
77.235,0.362012,0,0,0
77.24,0.362698,0,0,0
77.245,0.360546,0,0,0
77.25,0.352025,0,0,0
77.255,0.346349,0,0,0
77.26,0.34344,0,0,0
77.265,0.338447,0,0,0
77.27,0.322389,0,0,0
77.275,0.317991,0,0,0
77.28,0.312116,0,0,0
77.285,0.304952,0,0,0
77.29,0.308051,0,0,0
77.295,0.309242,0,0,0
77.3,0.327773,0,0,0
77.305,0.340371,0,0,0
77.31,0.343401,0,0,0
77.315,0.342799,0,0,0
77.32,0.34242,0,0,0
77.325,0.345583,0,0,0
77.33,0.338578,0,0,0
77.335,0.346897,0,0,0
77.34,0.351039,0,0,0
77.345,0.354035,0,0,0
77.35,0.365089,0,0,0
77.355,0.343465,0,0,0
77.36,0.333045,0,0,0
77.365,0.328013,0,0,0
77.37,0.33585,0,0,0
77.375,0.341953,0,0,0
77.38,0.348464,0,0,0
77.385,0.335995,0,0,0
77.39,0.336995,0,0,0
77.395,0.335943,0,0,0
77.4,0.3373,0,0,0
77.405,0.337781,0,0,0
77.41,0.342496,0,0,0
77.415,0.348422,0,0,0
77.42,0.339683,0,0,0
77.425,0.348437,0,0,0
77.43,0.347803,0,0,0
77.435,0.357703,0,0,0
77.44,0.365993,0,0,0
77.445,0.36457,0,0,0
77.45,0.352243,0,0,0
77.455,0.350627,0,0,0
77.46,0.349475,0,0,0
77.465,0.357829,0,0,0
77.47,0.364561,0,0,0
77.475,0.354513,0,0,0
77.48,0.350302,0,0,0
77.485,0.342545,0,0,0
77.49,0.346094,0,0,0
77.495,0.340167,0,0,0
77.5,0.332323,0,0,0
77.505,0.331542,0,0,0
77.51,0.35157,0,0,0
77.515,0.352759,0,0,0
77.52,0.359705,0,0,0
77.525,0.353568,0,0,0
77.53,0.355045,0,0,0
77.535,0.353959,0,0,0
77.54,0.355261,0,0,0
77.545,0.360497,0,0,0
77.55,0.365184,0,0,0
77.555,0.371745,0,0,0
77.56,0.376653,0,0,0
77.565,0.369186,0,0,0
77.57,0.371335,0,0,0
77.575,0.351578,0,0,0
77.58,0.342129,0,0,0
77.585,0.352993,0,0,0
77.59,0.357405,0,0,0
77.595,0.36505,0,0,0
77.6,0.370758,0,0,0
77.605,0.363037,0,0,0
77.61,0.379573,0,0,0
77.615,0.368266,0,0,0
77.62,0.364265,0,0,0
77.625,0.364505,0,0,0
77.63,0.355182,0,0,0
77.635,0.358519,0,0,0
77.64,0.355727,0,0,0
77.645,0.361033,0,0,0
77.65,0.361854,0,0,0
77.655,0.358158,0,0,0
77.66,0.358994,0,0,0
77.665,0.347568,0,0,0
77.67,0.351013,0,0,0
77.675,0.347186,0,0,0
77.68,0.350216,0,0,0
77.685,0.359075,0,0,0
77.69,0.349764,0,0,0
77.695,0.348175,0,0,0
77.7,0.343548,0,0,0
77.705,0.360764,0,0,0
77.71,0.370302,0,0,0
77.715,0.368056,0,0,0
77.72,0.35601,0,0,0
77.725,0.355177,0,0,0
77.73,0.358213,0,0,0
77.735,0.365249,0,0,0
77.74,0.36939,0,0,0
77.745,0.367873,0,0,0
77.75,0.372095,0,0,0
77.755,0.356974,0,0,0
77.76,0.354743,0,0,0
77.765,0.360485,0,0,0
77.77,0.368641,0,0,0
77.775,0.366886,0,0,0
77.78,0.365974,0,0,0
77.785,0.371743,0,0,0
77.79,0.381961,0,0,0
77.795,0.392773,0,0,0
77.8,0.38198,0,0,0
77.805,0.364116,0,0,0
77.81,0.359241,0,0,0
77.815,0.370644,0,0,0
77.82,0.386478,0,0,0
77.825,0.390434,0,0,0
77.83,0.378675,0,0,0
77.835,0.377293,0,0,0
77.84,0.383126,0,0,0
77.845,0.380162,0,0,0
77.85,0.387881,0,0,0
77.855,0.379931,0,0,0
77.86,0.38481,0,0,0
77.865,0.390395,0,0,0
77.87,0.389873,0,0,0
77.875,0.391574,0,0,0
77.88,0.386229,0,0,0
77.885,0.376229,0,0,0
77.89,0.375984,0,0,0
77.895,0.381519,0,0,0
77.9,0.389303,0,0,0
77.905,0.389861,0,0,0
77.91,0.390587,0,0,0
77.915,0.381882,0,0,0
77.92,0.38141,0,0,0
77.925,0.392142,0,0,0
77.93,0.399124,0,0,0
77.935,0.408289,0,0,0
77.94,0.410192,0,0,0
77.945,0.410246,0,0,0
77.95,0.423485,0,0,0
77.955,0.419074,0,0,0
77.96,0.398563,0,0,0
77.965,0.379727,0,0,0
77.97,0.383524,0,0,0
77.975,0.406278,0,0,0
77.98,0.415849,0,0,0
77.985,0.415934,0,0,0
77.99,0.416374,0,0,0
77.995,0.421981,0,0,0
78,0.428641,0,0,0
78.005,0.424062,0,0,0
78.01,0.418477,0,0,0
78.015,0.414582,0,0,0
78.02,0.408098,0,0,0
78.025,0.411987,0,0,0
78.03,0.412545,0,0,0
78.035,0.424378,0,0,0
78.04,0.430135,0,0,0
78.045,0.427929,0,0,0
78.05,0.436034,0,0,0
78.055,0.415111,0,0,0
78.06,0.409375,0,0,0
78.065,0.41429,0,0,0
78.07,0.420966,0,0,0
78.075,0.419478,0,0,0
78.08,0.415569,0,0,0
78.085,0.419579,0,0,0
78.09,0.430963,0,0,0
78.095,0.444804,0,0,0
78.1,0.433391,0,0,0
78.105,0.441076,0,0,0
78.11,0.448235,0,0,0
78.115,0.452826,0,0,0
78.12,0.458724,0,0,0
78.125,0.462966,0,0,0
78.13,0.478554,0,0,0
78.135,0.468963,0,0,0
78.14,0.461275,0,0,0
78.145,0.459492,0,0,0
78.15,0.464763,0,0,0
78.155,0.472518,0,0,0
78.16,0.482494,0,0,0
78.165,0.486677,0,0,0
78.17,0.483721,0,0,0
78.175,0.480405,0,0,0
78.18,0.484718,0,0,0
78.185,0.503115,0,0,0
78.19,0.523712,0,0,0
78.195,0.537321,0,0,0
78.2,0.548244,0,0,0
78.205,0.5745,0,0,0
78.21,0.595215,0,0,0
78.215,0.599456,0,0,0
78.22,0.60432,0,0,0
78.225,0.599795,0,0,0
78.23,0.610859,0,0,0
78.235,0.621743,0,0,0
78.24,0.635873,0,0,0
78.245,0.642907,0,0,0
78.25,0.66057,0,0,0
78.255,0.676868,0,0,0
78.26,0.683778,0,0,0
78.265,0.695058,0,0,0
78.27,0.706489,0,0,0
78.275,0.709504,0,0,0
78.28,0.729888,0,0,0
78.285,0.750451,0,0,0
78.29,0.790811,0,0,0
78.295,0.807456,0,0,0
78.3,0.80632,0,0,0
78.305,0.820546,0,0,0
78.31,0.845826,0,0,0
78.315,0.872337,0,0,0
78.32,0.884087,0,0,0
78.325,0.89622,0,0,0
78.33,0.953915,0,0,0
78.335,0.981854,0,0,0
78.34,1.00612,0,0,0
78.345,1.04478,0,0,0
78.35,1.0742,0,0,0
78.355,1.10301,0,0,0
78.36,1.1212,0,0,0
78.365,1.12917,0,0,0
78.37,1.16099,0,0,0
78.375,1.21522,0,0,0
78.38,1.26885,0,0,0
78.385,1.29101,0,0,0
78.39,1.32163,0,0,0
78.395,1.36199,0,0,0
78.4,1.44689,0,0,0
78.405,1.48292,0,0,0
78.41,1.53636,0,0,0
78.415,1.58587,0,0,0
78.42,1.6045,0,0,0
78.425,1.61611,0,0,0
78.43,1.64918,0,0,0
78.435,1.63985,0,0,0
78.44,1.64485,0,0,0
78.445,1.66827,0,0,0
78.45,1.67242,0,0,0
78.455,1.71209,0,0,0
78.46,1.74964,0,0,0
78.465,1.76478,0,0,0
78.47,1.79154,0,0,0
78.475,1.79716,0,0,0
78.48,1.7815,0,0,0
78.485,1.7643,0,0,0
78.49,1.75529,0,0,0
78.495,1.78643,0,0,0
78.5,1.8338,0,0,0
78.505,1.88743,0,0,0
78.51,1.93115,0,0,0
78.515,1.94855,0,0,0
78.52,1.95561,0,0,0
78.525,1.94879,0,0,0
78.53,1.94854,0,0,0
78.535,1.98658,0,0,0
78.54,1.98788,0,0,0
78.545,1.97887,0,0,0
78.55,1.91781,0,0,0
78.555,1.85047,0,0,0
78.56,1.82605,0,0,0
78.565,1.79931,0,0,0
78.57,1.83763,0,0,0
78.575,1.82145,0,0,0
78.58,1.82842,0,0,0
78.585,1.78369,0,0,0
78.59,1.74043,0,0,0
78.595,1.70972,0,0,0
78.6,1.70936,0,0,0
78.605,1.71978,0,0,0
78.61,1.71089,0,0,0
78.615,1.7066,0,0,0
78.62,1.67494,0,0,0
78.625,1.65831,0,0,0
78.63,1.63512,0,0,0
78.635,1.61915,0,0,0
78.64,1.58201,0,0,0
78.645,1.57194,0,0,0
78.65,1.54167,0,0,0
78.655,1.52266,0,0,0
78.66,1.52094,0,0,0
78.665,1.51841,0,0,0
78.67,1.51636,0,0,0
78.675,1.48289,0,0,0
78.68,1.45534,0,0,0
78.685,1.44283,0,0,0
78.69,1.43681,0,0,0
78.695,1.42365,0,0,0
78.7,1.42595,0,0,0
78.705,1.4052,0,0,0
78.71,1.38447,0,0,0
78.715,1.3351,0,0,0
78.72,1.32452,0,0,0
78.725,1.32263,0,0,0
78.73,1.30303,0,0,0
78.735,1.28101,0,0,0
78.74,1.27529,0,0,0
78.745,1.27286,0,0,0
78.75,1.26751,0,0,0
78.755,1.23574,0,0,0
78.76,1.21586,0,0,0
78.765,1.18997,0,0,0
78.77,1.16702,0,0,0
78.775,1.14557,0,0,0
78.78,1.12165,0,0,0
78.785,1.12017,0,0,0
78.79,1.11141,0,0,0
78.795,1.08188,0,0,0
78.8,1.07724,0,0,0
78.805,1.07163,0,0,0
78.81,1.04182,0,0,0
78.815,1.00153,0,0,0
78.82,0.962672,0,0,0
78.825,0.93598,0,0,0
78.83,0.914199,0,0,0
78.835,0.910601,0,0,0
78.84,0.890109,0,0,0
78.845,0.881585,0,0,0
78.85,0.864392,0,0,0
78.855,0.866606,0,0,0
78.86,0.858395,0,0,0
78.865,0.835919,0,0,0
78.87,0.824734,0,0,0
78.875,0.796068,0,0,0
78.88,0.782505,0,0,0
78.885,0.75468,0,0,0
78.89,0.740429,0,0,0
78.895,0.722294,0,0,0
78.9,0.722094,0,0,0
78.905,0.699434,0,0,0
78.91,0.69281,0,0,0
78.915,0.663604,0,0,0
78.92,0.652971,0,0,0
78.925,0.645014,0,0,0
78.93,0.641061,0,0,0
78.935,0.635959,0,0,0
78.94,0.619655,0,0,0
78.945,0.60276,0,0,0
78.95,0.590043,0,0,0
78.955,0.582403,0,0,0
78.96,0.575479,0,0,0
78.965,0.568871,0,0,0
78.97,0.559321,0,0,0
78.975,0.55174,0,0,0
78.98,0.543174,0,0,0
78.985,0.513916,0,0,0
78.99,0.504424,0,0,0
78.995,0.502509,0,0,0
79,0.498199,0,0,0
79.005,0.5059,0,0,0
79.01,0.495122,0,0,0
79.015,0.48185,0,0,0
79.02,0.469372,0,0,0
79.025,0.462609,0,0,0
79.03,0.456407,0,0,0
79.035,0.456533,0,0,0
79.04,0.45973,0,0,0
79.045,0.466196,0,0,0
79.05,0.469776,0,0,0
79.055,0.460255,0,0,0
79.06,0.458477,0,0,0
79.065,0.465238,0,0,0
79.07,0.464348,0,0,0
79.075,0.454542,0,0,0
79.08,0.442877,0,0,0
79.085,0.44177,0,0,0
79.09,0.437233,0,0,0
79.095,0.428673,0,0,0
79.1,0.428615,0,0,0
79.105,0.430128,0,0,0
79.11,0.427229,0,0,0
79.115,0.418591,0,0,0
79.12,0.41397,0,0,0
79.125,0.428294,0,0,0
79.13,0.441124,0,0,0
79.135,0.437457,0,0,0
79.14,0.419297,0,0,0
79.145,0.408905,0,0,0
79.15,0.404111,0,0,0
79.155,0.399717,0,0,0
79.16,0.396519,0,0,0
79.165,0.390977,0,0,0
79.17,0.37201,0,0,0
79.175,0.364573,0,0,0
79.18,0.350266,0,0,0
79.185,0.340199,0,0,0
79.19,0.345676,0,0,0
79.195,0.347463,0,0,0
79.2,0.354054,0,0,0
79.205,0.377852,0,0,0
79.21,0.394555,0,0,0
79.215,0.399752,0,0,0
79.22,0.396362,0,0,0
79.225,0.368631,0,0,0
79.23,0.359583,0,0,0
79.235,0.365373,0,0,0
79.24,0.361773,0,0,0
79.245,0.359621,0,0,0
79.25,0.342431,0,0,0
79.255,0.337872,0,0,0
79.26,0.341016,0,0,0
79.265,0.34899,0,0,0
79.27,0.361101,0,0,0
79.275,0.355654,0,0,0
79.28,0.367497,0,0,0
79.285,0.377608,0,0,0
79.29,0.392698,0,0,0
79.295,0.383825,0,0,0
79.3,0.365208,0,0,0
79.305,0.35569,0,0,0
79.31,0.356155,0,0,0
79.315,0.355628,0,0,0
79.32,0.357663,0,0,0
79.325,0.350123,0,0,0
79.33,0.357318,0,0,0
79.335,0.364082,0,0,0
79.34,0.365551,0,0,0
79.345,0.34956,0,0,0
79.35,0.351899,0,0,0
79.355,0.349806,0,0,0
79.36,0.35375,0,0,0
79.365,0.358079,0,0,0
79.37,0.34722,0,0,0
79.375,0.348165,0,0,0
79.38,0.361233,0,0,0
79.385,0.367842,0,0,0
79.39,0.363051,0,0,0
79.395,0.349159,0,0,0
79.4,0.336548,0,0,0
79.405,0.341754,0,0,0
79.41,0.348196,0,0,0
79.415,0.363327,0,0,0
79.42,0.360455,0,0,0
79.425,0.362514,0,0,0
79.43,0.352262,0,0,0
79.435,0.351756,0,0,0
79.44,0.339002,0,0,0
79.445,0.346787,0,0,0
79.45,0.357006,0,0,0
79.455,0.370696,0,0,0
79.46,0.372956,0,0,0
79.465,0.364394,0,0,0
79.47,0.360588,0,0,0
79.475,0.373183,0,0,0
79.48,0.363774,0,0,0
79.485,0.356009,0,0,0
79.49,0.33763,0,0,0
79.495,0.32274,0,0,0
79.5,0.322678,0,0,0
79.505,0.314495,0,0,0
79.51,0.309323,0,0,0
79.515,0.313852,0,0,0
79.52,0.314166,0,0,0
79.525,0.314756,0,0,0
79.53,0.340712,0,0,0
79.535,0.336831,0,0,0
79.54,0.341742,0,0,0
79.545,0.324402,0,0,0
79.55,0.317399,0,0,0
79.555,0.32336,0,0,0
79.56,0.335021,0,0,0
79.565,0.349973,0,0,0
79.57,0.35576,0,0,0
79.575,0.358297,0,0,0
79.58,0.364809,0,0,0
79.585,0.372142,0,0,0
79.59,0.386545,0,0,0
79.595,0.374558,0,0,0
79.6,0.3637,0,0,0
79.605,0.361564,0,0,0
79.61,0.361707,0,0,0
79.615,0.368925,0,0,0
79.62,0.3614,0,0,0
79.625,0.353768,0,0,0
79.63,0.339711,0,0,0
79.635,0.320171,0,0,0
79.64,0.315754,0,0,0
79.645,0.320563,0,0,0
79.65,0.33795,0,0,0
79.655,0.341361,0,0,0
79.66,0.338069,0,0,0
79.665,0.333283,0,0,0
79.67,0.337985,0,0,0
79.675,0.337071,0,0,0
79.68,0.342348,0,0,0
79.685,0.345972,0,0,0
79.69,0.3483,0,0,0
79.695,0.341581,0,0,0
79.7,0.33951,0,0,0
79.705,0.32902,0,0,0
79.71,0.338767,0,0,0
79.715,0.345591,0,0,0
79.72,0.341727,0,0,0
79.725,0.341474,0,0,0
79.73,0.336115,0,0,0
79.735,0.329258,0,0,0
79.74,0.324278,0,0,0
79.745,0.323092,0,0,0
79.75,0.331772,0,0,0
79.755,0.352758,0,0,0
79.76,0.359697,0,0,0
79.765,0.364692,0,0,0
79.77,0.365235,0,0,0
79.775,0.364203,0,0,0
79.78,0.371481,0,0,0
79.785,0.369697,0,0,0
79.79,0.352478,0,0,0
79.795,0.340543,0,0,0
79.8,0.325041,0,0,0
79.805,0.330265,0,0,0
79.81,0.342893,0,0,0
79.815,0.348519,0,0,0
79.82,0.340839,0,0,0
79.825,0.348766,0,0,0
79.83,0.34398,0,0,0
79.835,0.345861,0,0,0
79.84,0.338287,0,0,0
79.845,0.330298,0,0,0
79.85,0.327746,0,0,0
79.855,0.327275,0,0,0
79.86,0.327293,0,0,0
79.865,0.329225,0,0,0
79.87,0.34334,0,0,0
79.875,0.353624,0,0,0
79.88,0.360892,0,0,0
79.885,0.360388,0,0,0
79.89,0.345069,0,0,0
79.895,0.346358,0,0,0
79.9,0.341414,0,0,0
79.905,0.335174,0,0,0
79.91,0.334174,0,0,0
79.915,0.327216,0,0,0
79.92,0.331115,0,0,0
79.925,0.329735,0,0,0
79.93,0.320752,0,0,0
79.935,0.319808,0,0,0
79.94,0.318979,0,0,0
79.945,0.317025,0,0,0
79.95,0.31581,0,0,0
79.955,0.323528,0,0,0
79.96,0.321292,0,0,0
79.965,0.3293,0,0,0
79.97,0.332434,0,0,0
79.975,0.321054,0,0,0
79.98,0.314742,0,0,0
79.985,0.298294,0,0,0
79.99,0.296484,0,0,0
79.995,0.317482,0,0,0
80,0.316218,0,0,0
80.005,0.313589,0,0,0
80.01,0.317542,0,0,0
80.015,0.326348,0,0,0
80.02,0.329303,0,0,0
80.025,0.335836,0,0,0
80.03,0.337337,0,0,0
80.035,0.348529,0,0,0
80.04,0.354828,0,0,0
80.045,0.347746,0,0,0
80.05,0.334966,0,0,0
80.055,0.322157,0,0,0
80.06,0.324444,0,0,0
80.065,0.320351,0,0,0
80.07,0.32902,0,0,0
80.075,0.333522,0,0,0
80.08,0.336774,0,0,0
80.085,0.329386,0,0,0
80.09,0.322954,0,0,0
80.095,0.311575,0,0,0
80.1,0.307368,0,0,0
80.105,0.295794,0,0,0
80.11,0.28623,0,0,0
80.115,0.288679,0,0,0
80.12,0.283906,0,0,0
80.125,0.295812,0,0,0
80.13,0.296794,0,0,0
80.135,0.305877,0,0,0
80.14,0.320526,0,0,0
80.145,0.327388,0,0,0
80.15,0.326284,0,0,0
80.155,0.332779,0,0,0
80.16,0.327777,0,0,0
80.165,0.324134,0,0,0
80.17,0.320817,0,0,0
80.175,0.330012,0,0,0
80.18,0.337279,0,0,0
80.185,0.347582,0,0,0
80.19,0.343273,0,0,0
80.195,0.346596,0,0,0
80.2,0.349973,0,0,0
80.205,0.357256,0,0,0
80.21,0.36075,0,0,0
80.215,0.358555,0,0,0
80.22,0.355194,0,0,0
80.225,0.351591,0,0,0
80.23,0.354166,0,0,0
80.235,0.350574,0,0,0
80.24,0.332148,0,0,0
80.245,0.323087,0,0,0
80.25,0.316648,0,0,0
80.255,0.329664,0,0,0
80.26,0.340669,0,0,0
80.265,0.344492,0,0,0
80.27,0.338987,0,0,0
80.275,0.330768,0,0,0
80.28,0.328865,0,0,0
80.285,0.338742,0,0,0
80.29,0.342144,0,0,0
80.295,0.346839,0,0,0
80.3,0.346304,0,0,0
80.305,0.351083,0,0,0
80.31,0.354722,0,0,0
80.315,0.358729,0,0,0
80.32,0.349703,0,0,0
80.325,0.339304,0,0,0
80.33,0.321369,0,0,0
80.335,0.316653,0,0,0
80.34,0.327069,0,0,0
80.345,0.339757,0,0,0
80.35,0.339187,0,0,0
80.355,0.335878,0,0,0
80.36,0.317024,0,0,0
80.365,0.319338,0,0,0
80.37,0.313917,0,0,0
80.375,0.310805,0,0,0
80.38,0.314917,0,0,0
80.385,0.309969,0,0,0
80.39,0.31265,0,0,0
80.395,0.320303,0,0,0
80.4,0.327508,0,0,0
80.405,0.318131,0,0,0
80.41,0.313107,0,0,0
80.415,0.318039,0,0,0
80.42,0.32816,0,0,0
80.425,0.330281,0,0,0
80.43,0.31792,0,0,0
80.435,0.311175,0,0,0
80.44,0.316756,0,0,0
80.445,0.337095,0,0,0
80.45,0.338916,0,0,0
80.455,0.336512,0,0,0
80.46,0.331642,0,0,0
80.465,0.321452,0,0,0
80.47,0.31945,0,0,0
80.475,0.315508,0,0,0
80.48,0.303808,0,0,0
80.485,0.297105,0,0,0
80.49,0.305685,0,0,0
80.495,0.312165,0,0,0
80.5,0.316486,0,0,0
80.505,0.315261,0,0,0
80.51,0.313781,0,0,0
80.515,0.315119,0,0,0
80.52,0.351807,0,0,0
80.525,0.359215,0,0,0
80.53,0.358899,0,0,0
80.535,0.340267,0,0,0
80.54,0.330613,0,0,0
80.545,0.33443,0,0,0
80.55,0.348346,0,0,0
80.555,0.331923,0,0,0
80.56,0.313949,0,0,0
80.565,0.311007,0,0,0
80.57,0.318741,0,0,0
80.575,0.323788,0,0,0
80.58,0.31753,0,0,0
80.585,0.312626,0,0,0
80.59,0.306871,0,0,0
80.595,0.317573,0,0,0
80.6,0.316298,0,0,0
80.605,0.321854,0,0,0
80.61,0.321025,0,0,0
80.615,0.320535,0,0,0
80.62,0.318718,0,0,0
80.625,0.312029,0,0,0
80.63,0.313562,0,0,0
80.635,0.313299,0,0,0
80.64,0.31873,0,0,0
80.645,0.330367,0,0,0
80.65,0.333814,0,0,0
80.655,0.342426,0,0,0
80.66,0.336736,0,0,0
80.665,0.342772,0,0,0
80.67,0.349341,0,0,0
80.675,0.361297,0,0,0
80.68,0.369206,0,0,0
80.685,0.369913,0,0,0
80.69,0.37008,0,0,0
80.695,0.368285,0,0,0
80.7,0.351031,0,0,0
80.705,0.353055,0,0,0
80.71,0.344955,0,0,0
80.715,0.346745,0,0,0
80.72,0.368233,0,0,0
80.725,0.368995,0,0,0
80.73,0.380501,0,0,0
80.735,0.371463,0,0,0
80.74,0.37957,0,0,0
80.745,0.383258,0,0,0
80.75,0.389538,0,0,0
80.755,0.375215,0,0,0
80.76,0.377722,0,0,0
80.765,0.374898,0,0,0
80.77,0.390881,0,0,0
80.775,0.390398,0,0,0
80.78,0.394591,0,0,0
80.785,0.389025,0,0,0
80.79,0.393298,0,0,0
80.795,0.387023,0,0,0
80.8,0.387521,0,0,0
80.805,0.377661,0,0,0
80.81,0.382143,0,0,0
80.815,0.380861,0,0,0
80.82,0.399727,0,0,0
80.825,0.405165,0,0,0
80.83,0.418799,0,0,0
80.835,0.405467,0,0,0
80.84,0.397238,0,0,0
80.845,0.396896,0,0,0
80.85,0.408213,0,0,0
80.855,0.422655,0,0,0
80.86,0.422773,0,0,0
80.865,0.421889,0,0,0
80.87,0.407061,0,0,0
80.875,0.39779,0,0,0
80.88,0.389479,0,0,0
80.885,0.383924,0,0,0
80.89,0.380219,0,0,0
80.895,0.377924,0,0,0
80.9,0.377675,0,0,0
80.905,0.389446,0,0,0
80.91,0.389494,0,0,0
80.915,0.389922,0,0,0
80.92,0.377627,0,0,0
80.925,0.381588,0,0,0
80.93,0.387569,0,0,0
80.935,0.38606,0,0,0
80.94,0.385841,0,0,0
80.945,0.375072,0,0,0
80.95,0.386988,0,0,0
80.955,0.399562,0,0,0
80.96,0.413208,0,0,0
80.965,0.416148,0,0,0
80.97,0.408632,0,0,0
80.975,0.41435,0,0,0
80.98,0.413776,0,0,0
80.985,0.408112,0,0,0
80.99,0.399449,0,0,0
80.995,0.393607,0,0,0
81,0.376975,0,0,0
81.005,0.382723,0,0,0
81.01,0.377458,0,0,0
81.015,0.382454,0,0,0
81.02,0.367787,0,0,0
81.025,0.372285,0,0,0
81.03,0.360946,0,0,0
81.035,0.370468,0,0,0
81.04,0.377352,0,0,0
81.045,0.376912,0,0,0
81.05,0.37923,0,0,0
81.055,0.372382,0,0,0
81.06,0.370829,0,0,0
81.065,0.370817,0,0,0
81.07,0.376706,0,0,0
81.075,0.382885,0,0,0
81.08,0.392241,0,0,0
81.085,0.397469,0,0,0
81.09,0.398975,0,0,0
81.095,0.381625,0,0,0
81.1,0.385565,0,0,0
81.105,0.372803,0,0,0
81.11,0.371222,0,0,0
81.115,0.36242,0,0,0
81.12,0.368351,0,0,0
81.125,0.352992,0,0,0
81.13,0.351544,0,0,0
81.135,0.342549,0,0,0
81.14,0.340885,0,0,0
81.145,0.345787,0,0,0
81.15,0.337374,0,0,0
81.155,0.339024,0,0,0
81.16,0.354424,0,0,0
81.165,0.372566,0,0,0
81.17,0.389071,0,0,0
81.175,0.371172,0,0,0
81.18,0.357951,0,0,0
81.185,0.361354,0,0,0
81.19,0.364453,0,0,0
81.195,0.364127,0,0,0
81.2,0.349522,0,0,0
81.205,0.345125,0,0,0
81.21,0.360763,0,0,0
81.215,0.361886,0,0,0
81.22,0.363198,0,0,0
81.225,0.348532,0,0,0
81.23,0.331452,0,0,0
81.235,0.323904,0,0,0
81.24,0.326566,0,0,0
81.245,0.340388,0,0,0
81.25,0.340917,0,0,0
81.255,0.336312,0,0,0
81.26,0.335184,0,0,0
81.265,0.338582,0,0,0
81.27,0.347266,0,0,0
81.275,0.341249,0,0,0
81.28,0.337045,0,0,0
81.285,0.336894,0,0,0
81.29,0.344795,0,0,0
81.295,0.338854,0,0,0
81.3,0.330189,0,0,0
81.305,0.318929,0,0,0
81.31,0.325926,0,0,0
81.315,0.343465,0,0,0
81.32,0.344859,0,0,0
81.325,0.336704,0,0,0
81.33,0.340989,0,0,0
81.335,0.337492,0,0,0
81.34,0.328788,0,0,0
81.345,0.316194,0,0,0
81.35,0.307734,0,0,0
81.355,0.316164,0,0,0
81.36,0.318718,0,0,0
81.365,0.311339,0,0,0
81.37,0.308274,0,0,0
81.375,0.295336,0,0,0
81.38,0.296659,0,0,0
81.385,0.298841,0,0,0
81.39,0.308052,0,0,0
81.395,0.325606,0,0,0
81.4,0.32524,0,0,0
81.405,0.311221,0,0,0
81.41,0.326603,0,0,0
81.415,0.324116,0,0,0
81.42,0.33951,0,0,0
81.425,0.336728,0,0,0
81.43,0.334161,0,0,0
81.435,0.33006,0,0,0
81.44,0.312476,0,0,0
81.445,0.300776,0,0,0
81.45,0.292972,0,0,0
81.455,0.297763,0,0,0
81.46,0.296027,0,0,0
81.465,0.281086,0,0,0
81.47,0.287218,0,0,0
81.475,0.303402,0,0,0
81.48,0.311649,0,0,0
81.485,0.318844,0,0,0
81.49,0.309686,0,0,0
81.495,0.311115,0,0,0
81.5,0.305908,0,0,0
81.505,0.299333,0,0,0
81.51,0.299443,0,0,0
81.515,0.314419,0,0,0
81.52,0.320421,0,0,0
81.525,0.307154,0,0,0
81.53,0.299926,0,0,0
81.535,0.301213,0,0,0
81.54,0.309884,0,0,0
81.545,0.317139,0,0,0
81.55,0.321677,0,0,0
81.555,0.322982,0,0,0
81.56,0.311978,0,0,0
81.565,0.312286,0,0,0
81.57,0.303098,0,0,0
81.575,0.316052,0,0,0
81.58,0.312339,0,0,0
81.585,0.306379,0,0,0
81.59,0.290252,0,0,0
81.595,0.288665,0,0,0
81.6,0.300604,0,0,0
81.605,0.319165,0,0,0
81.61,0.331727,0,0,0
81.615,0.342783,0,0,0
81.62,0.334995,0,0,0
81.625,0.327707,0,0,0
81.63,0.319203,0,0,0
81.635,0.313714,0,0,0
81.64,0.309096,0,0,0
81.645,0.311246,0,0,0
81.65,0.307191,0,0,0
81.655,0.300543,0,0,0
81.66,0.295824,0,0,0
81.665,0.28928,0,0,0
81.67,0.284357,0,0,0
81.675,0.284458,0,0,0
81.68,0.296483,0,0,0
81.685,0.303923,0,0,0
81.69,0.322284,0,0,0
81.695,0.325357,0,0,0
81.7,0.334563,0,0,0
81.705,0.325636,0,0,0
81.71,0.316365,0,0,0
81.715,0.301769,0,0,0
81.72,0.308231,0,0,0
81.725,0.308253,0,0,0
81.73,0.311132,0,0,0
81.735,0.313684,0,0,0
81.74,0.323131,0,0,0
81.745,0.33622,0,0,0
81.75,0.332763,0,0,0
81.755,0.32872,0,0,0
81.76,0.309981,0,0,0
81.765,0.298909,0,0,0
81.77,0.287241,0,0,0
81.775,0.277691,0,0,0
81.78,0.272677,0,0,0
81.785,0.274185,0,0,0
81.79,0.27843,0,0,0
81.795,0.284248,0,0,0
81.8,0.298605,0,0,0
81.805,0.3085,0,0,0
81.81,0.301616,0,0,0
81.815,0.302239,0,0,0
81.82,0.2939,0,0,0
81.825,0.296314,0,0,0
81.83,0.304525,0,0,0
81.835,0.302994,0,0,0
81.84,0.320841,0,0,0
81.845,0.316872,0,0,0
81.85,0.305329,0,0,0
81.855,0.284118,0,0,0
81.86,0.281916,0,0,0
81.865,0.288559,0,0,0
81.87,0.302837,0,0,0
81.875,0.304683,0,0,0
81.88,0.298981,0,0,0
81.885,0.301994,0,0,0
81.89,0.293819,0,0,0
81.895,0.294075,0,0,0
81.9,0.2956,0,0,0
81.905,0.284895,0,0,0
81.91,0.280333,0,0,0
81.915,0.27044,0,0,0
81.92,0.264553,0,0,0
81.925,0.292506,0,0,0
81.93,0.307747,0,0,0
81.935,0.324026,0,0,0
81.94,0.316695,0,0,0
81.945,0.314697,0,0,0
81.95,0.317601,0,0,0
81.955,0.313594,0,0,0
81.96,0.31829,0,0,0
81.965,0.311234,0,0,0
81.97,0.307954,0,0,0
81.975,0.306702,0,0,0
81.98,0.299975,0,0,0
81.985,0.287323,0,0,0
81.99,0.275921,0,0,0
81.995,0.269852,0,0,0
82,0.272658,0,0,0
82.005,0.279317,0,0,0
82.01,0.295471,0,0,0
82.015,0.304414,0,0,0
82.02,0.309916,0,0,0
82.025,0.301585,0,0,0
82.03,0.30132,0,0,0
82.035,0.295934,0,0,0
82.04,0.299144,0,0,0
82.045,0.302935,0,0,0
82.05,0.306564,0,0,0
82.055,0.311897,0,0,0
82.06,0.300847,0,0,0
82.065,0.298024,0,0,0
82.07,0.291934,0,0,0
82.075,0.287667,0,0,0
82.08,0.29736,0,0,0
82.085,0.299263,0,0,0
82.09,0.305089,0,0,0
82.095,0.31255,0,0,0
82.1,0.303046,0,0,0
82.105,0.298985,0,0,0
82.11,0.302789,0,0,0
82.115,0.307193,0,0,0
82.12,0.304905,0,0,0
82.125,0.301763,0,0,0
82.13,0.301963,0,0,0
82.135,0.304066,0,0,0
82.14,0.294101,0,0,0
82.145,0.30132,0,0,0
82.15,0.310525,0,0,0
82.155,0.32819,0,0,0
82.16,0.333296,0,0,0
82.165,0.322938,0,0,0
82.17,0.316478,0,0,0
82.175,0.324666,0,0,0
82.18,0.325489,0,0,0
82.185,0.336102,0,0,0
82.19,0.338145,0,0,0
82.195,0.337161,0,0,0
82.2,0.313103,0,0,0
82.205,0.294217,0,0,0
82.21,0.283997,0,0,0
82.215,0.286784,0,0,0
82.22,0.29697,0,0,0
82.225,0.291316,0,0,0
82.23,0.289855,0,0,0
82.235,0.284156,0,0,0
82.24,0.284636,0,0,0
82.245,0.28521,0,0,0
82.25,0.288802,0,0,0
82.255,0.277151,0,0,0
82.26,0.269154,0,0,0
82.265,0.266818,0,0,0
82.27,0.279109,0,0,0
82.275,0.296107,0,0,0
82.28,0.30063,0,0,0
82.285,0.298305,0,0,0
82.29,0.29906,0,0,0
82.295,0.308593,0,0,0
82.3,0.306453,0,0,0
82.305,0.306939,0,0,0
82.31,0.3021,0,0,0
82.315,0.303598,0,0,0
82.32,0.301862,0,0,0
82.325,0.293358,0,0,0
82.33,0.298517,0,0,0
82.335,0.295913,0,0,0
82.34,0.304982,0,0,0
82.345,0.309532,0,0,0
82.35,0.308225,0,0,0
82.355,0.298188,0,0,0
82.36,0.300049,0,0,0
82.365,0.296462,0,0,0
82.37,0.297412,0,0,0
82.375,0.28953,0,0,0
82.38,0.279375,0,0,0
82.385,0.286461,0,0,0
82.39,0.299127,0,0,0
82.395,0.311194,0,0,0
82.4,0.3157,0,0,0
82.405,0.324029,0,0,0
82.41,0.312755,0,0,0
82.415,0.300683,0,0,0
82.42,0.285652,0,0,0
82.425,0.279077,0,0,0
82.43,0.268424,0,0,0
82.435,0.274286,0,0,0
82.44,0.270649,0,0,0
82.445,0.277253,0,0,0
82.45,0.277446,0,0,0
82.455,0.281782,0,0,0
82.46,0.280704,0,0,0
82.465,0.286789,0,0,0
82.47,0.312238,0,0,0
82.475,0.33167,0,0,0
82.48,0.339995,0,0,0
82.485,0.332193,0,0,0
82.49,0.308123,0,0,0
82.495,0.293856,0,0,0
82.5,0.288039,0,0,0
82.505,0.287687,0,0,0
82.51,0.289601,0,0,0
82.515,0.287231,0,0,0
82.52,0.273747,0,0,0
82.525,0.270137,0,0,0
82.53,0.294068,0,0,0
82.535,0.303855,0,0,0
82.54,0.311405,0,0,0
82.545,0.309175,0,0,0
82.55,0.308349,0,0,0
82.555,0.30147,0,0,0
82.56,0.292514,0,0,0
82.565,0.287394,0,0,0
82.57,0.283252,0,0,0
82.575,0.291982,0,0,0
82.58,0.293515,0,0,0
82.585,0.289017,0,0,0
82.59,0.295463,0,0,0
82.595,0.291359,0,0,0
82.6,0.297838,0,0,0
82.605,0.294777,0,0,0
82.61,0.295266,0,0,0
82.615,0.299654,0,0,0
82.62,0.309691,0,0,0
82.625,0.312957,0,0,0
82.63,0.320177,0,0,0
82.635,0.322405,0,0,0
82.64,0.315282,0,0,0
82.645,0.305743,0,0,0
82.65,0.294997,0,0,0
82.655,0.291614,0,0,0
82.66,0.299742,0,0,0
82.665,0.287997,0,0,0
82.67,0.293155,0,0,0
82.675,0.293719,0,0,0
82.68,0.287255,0,0,0
82.685,0.276137,0,0,0
82.69,0.272247,0,0,0
82.695,0.272959,0,0,0
82.7,0.288868,0,0,0
82.705,0.289027,0,0,0
82.71,0.276488,0,0,0
82.715,0.282468,0,0,0
82.72,0.290293,0,0,0
82.725,0.298383,0,0,0
82.73,0.302518,0,0,0
82.735,0.307843,0,0,0
82.74,0.29942,0,0,0
82.745,0.297312,0,0,0
82.75,0.286442,0,0,0
82.755,0.279119,0,0,0
82.76,0.278087,0,0,0
82.765,0.284823,0,0,0
82.77,0.286424,0,0,0
82.775,0.308357,0,0,0
82.78,0.310404,0,0,0
82.785,0.31369,0,0,0
82.79,0.310948,0,0,0
82.795,0.310336,0,0,0
82.8,0.314119,0,0,0
82.805,0.317067,0,0,0
82.81,0.307628,0,0,0
82.815,0.303867,0,0,0
82.82,0.301394,0,0,0
82.825,0.303864,0,0,0
82.83,0.298909,0,0,0
82.835,0.290335,0,0,0
82.84,0.283592,0,0,0
82.845,0.298574,0,0,0
82.85,0.293801,0,0,0
82.855,0.290477,0,0,0
82.86,0.283216,0,0,0
82.865,0.273564,0,0,0
82.87,0.277705,0,0,0
82.875,0.275022,0,0,0
82.88,0.266869,0,0,0
82.885,0.258691,0,0,0
82.89,0.259222,0,0,0
82.895,0.249885,0,0,0
82.9,0.269894,0,0,0
82.905,0.279746,0,0,0
82.91,0.279148,0,0,0
82.915,0.281428,0,0,0
82.92,0.290186,0,0,0
82.925,0.28707,0,0,0
82.93,0.293587,0,0,0
82.935,0.293324,0,0,0
82.94,0.290897,0,0,0
82.945,0.298621,0,0,0
82.95,0.304856,0,0,0
82.955,0.297814,0,0,0
82.96,0.293835,0,0,0
82.965,0.290273,0,0,0
82.97,0.286554,0,0,0
82.975,0.281854,0,0,0
82.98,0.288072,0,0,0
82.985,0.297608,0,0,0
82.99,0.30498,0,0,0
82.995,0.303237,0,0,0
83,0.287703,0,0,0
83.005,0.281,0,0,0
83.01,0.290593,0,0,0
83.015,0.285432,0,0,0
83.02,0.280726,0,0,0
83.025,0.269101,0,0,0
83.03,0.269472,0,0,0
83.035,0.286341,0,0,0
83.04,0.305374,0,0,0
83.045,0.311045,0,0,0
83.05,0.321852,0,0,0
83.055,0.327333,0,0,0
83.06,0.320637,0,0,0
83.065,0.309942,0,0,0
83.07,0.306179,0,0,0
83.075,0.296202,0,0,0
83.08,0.304073,0,0,0
83.085,0.301453,0,0,0
83.09,0.297724,0,0,0
83.095,0.300604,0,0,0
83.1,0.296521,0,0,0
83.105,0.293817,0,0,0
83.11,0.299173,0,0,0
83.115,0.300759,0,0,0
83.12,0.302909,0,0,0
83.125,0.292765,0,0,0
83.13,0.284436,0,0,0
83.135,0.290975,0,0,0
83.14,0.31032,0,0,0
83.145,0.31879,0,0,0
83.15,0.315617,0,0,0
83.155,0.302438,0,0,0
83.16,0.288965,0,0,0
83.165,0.293297,0,0,0
83.17,0.293263,0,0,0
83.175,0.283198,0,0,0
83.18,0.292907,0,0,0
83.185,0.293639,0,0,0
83.19,0.299588,0,0,0
83.195,0.29441,0,0,0
83.2,0.277287,0,0,0
83.205,0.285407,0,0,0
83.21,0.277346,0,0,0
83.215,0.279258,0,0,0
83.22,0.282005,0,0,0
83.225,0.286073,0,0,0
83.23,0.305758,0,0,0
83.235,0.313752,0,0,0
83.24,0.30079,0,0,0
83.245,0.295903,0,0,0
83.25,0.284493,0,0,0
83.255,0.29313,0,0,0
83.26,0.293268,0,0,0
83.265,0.286744,0,0,0
83.27,0.290333,0,0,0
83.275,0.293823,0,0,0
83.28,0.301989,0,0,0
83.285,0.307903,0,0,0
83.29,0.292187,0,0,0
83.295,0.286776,0,0,0
83.3,0.276051,0,0,0
83.305,0.27747,0,0,0
83.31,0.276897,0,0,0
83.315,0.278481,0,0,0
83.32,0.274948,0,0,0
83.325,0.278953,0,0,0
83.33,0.28971,0,0,0
83.335,0.297706,0,0,0
83.34,0.29499,0,0,0
83.345,0.291811,0,0,0
83.35,0.289452,0,0,0
83.355,0.291912,0,0,0
83.36,0.288141,0,0,0
83.365,0.287378,0,0,0
83.37,0.289231,0,0,0
83.375,0.287063,0,0,0
83.38,0.289233,0,0,0
83.385,0.275806,0,0,0
83.39,0.257103,0,0,0
83.395,0.26009,0,0,0
83.4,0.26925,0,0,0
83.405,0.287279,0,0,0
83.41,0.296097,0,0,0
83.415,0.301377,0,0,0
83.42,0.307426,0,0,0
83.425,0.313923,0,0,0
83.43,0.315928,0,0,0
83.435,0.302097,0,0,0
83.44,0.300276,0,0,0
83.445,0.281323,0,0,0
83.45,0.279994,0,0,0
83.455,0.280604,0,0,0
83.46,0.279104,0,0,0
83.465,0.279696,0,0,0
83.47,0.275621,0,0,0
83.475,0.269112,0,0,0
83.48,0.279473,0,0,0
83.485,0.281335,0,0,0
83.49,0.277541,0,0,0
83.495,0.270038,0,0,0
83.5,0.262892,0,0,0
83.505,0.263044,0,0,0
83.51,0.263308,0,0,0
83.515,0.255401,0,0,0
83.52,0.252143,0,0,0
83.525,0.260813,0,0,0
83.53,0.274621,0,0,0
83.535,0.283015,0,0,0
83.54,0.27962,0,0,0
83.545,0.278402,0,0,0
83.55,0.285054,0,0,0
83.555,0.293444,0,0,0
83.56,0.291631,0,0,0
83.565,0.295608,0,0,0
83.57,0.2856,0,0,0
83.575,0.276454,0,0,0
83.58,0.271911,0,0,0
83.585,0.27914,0,0,0
83.59,0.29264,0,0,0
83.595,0.283929,0,0,0
83.6,0.283661,0,0,0
83.605,0.284037,0,0,0
83.61,0.291682,0,0,0
83.615,0.297514,0,0,0
83.62,0.286982,0,0,0
83.625,0.290229,0,0,0
83.63,0.293395,0,0,0
83.635,0.30366,0,0,0
83.64,0.31368,0,0,0
83.645,0.315218,0,0,0
83.65,0.317974,0,0,0
83.655,0.313381,0,0,0
83.66,0.31139,0,0,0
83.665,0.296486,0,0,0
83.67,0.28441,0,0,0
83.675,0.287139,0,0,0
83.68,0.291542,0,0,0
83.685,0.29943,0,0,0
83.69,0.301837,0,0,0
83.695,0.296814,0,0,0
83.7,0.298457,0,0,0
83.705,0.300983,0,0,0
83.71,0.308078,0,0,0
83.715,0.312329,0,0,0
83.72,0.308619,0,0,0
83.725,0.296162,0,0,0
83.73,0.272794,0,0,0
83.735,0.269917,0,0,0
83.74,0.267439,0,0,0
83.745,0.271862,0,0,0
83.75,0.274983,0,0,0
83.755,0.274341,0,0,0
83.76,0.270883,0,0,0
83.765,0.26779,0,0,0
83.77,0.275371,0,0,0
83.775,0.286587,0,0,0
83.78,0.284833,0,0,0
83.785,0.278081,0,0,0
83.79,0.264977,0,0,0
83.795,0.262265,0,0,0
83.8,0.275139,0,0,0
83.805,0.270489,0,0,0
83.81,0.273479,0,0,0
83.815,0.283276,0,0,0
83.82,0.290188,0,0,0
83.825,0.291643,0,0,0
83.83,0.286898,0,0,0
83.835,0.272053,0,0,0
83.84,0.2744,0,0,0
83.845,0.273993,0,0,0
83.85,0.27012,0,0,0
83.855,0.266708,0,0,0
83.86,0.269481,0,0,0
83.865,0.273373,0,0,0
83.87,0.27105,0,0,0
83.875,0.268366,0,0,0
83.88,0.271615,0,0,0
83.885,0.283388,0,0,0
83.89,0.289737,0,0,0
83.895,0.277713,0,0,0
83.9,0.263051,0,0,0
83.905,0.247083,0,0,0
83.91,0.249306,0,0,0
83.915,0.250171,0,0,0
83.92,0.259514,0,0,0
83.925,0.267618,0,0,0
83.93,0.290689,0,0,0
83.935,0.2949,0,0,0
83.94,0.302585,0,0,0
83.945,0.289612,0,0,0
83.95,0.27482,0,0,0
83.955,0.264787,0,0,0
83.96,0.258142,0,0,0
83.965,0.259322,0,0,0
83.97,0.268893,0,0,0
83.975,0.272083,0,0,0
83.98,0.276529,0,0,0
83.985,0.270071,0,0,0
83.99,0.270417,0,0,0
83.995,0.266769,0,0,0
84,0.272019,0,0,0
84.005,0.27375,0,0,0
84.01,0.270621,0,0,0
84.015,0.270508,0,0,0
84.02,0.275333,0,0,0
84.025,0.279794,0,0,0
84.03,0.286445,0,0,0
84.035,0.277572,0,0,0
84.04,0.268148,0,0,0
84.045,0.270911,0,0,0
84.05,0.271771,0,0,0
84.055,0.27535,0,0,0
84.06,0.259848,0,0,0
84.065,0.243431,0,0,0
84.07,0.240178,0,0,0
84.075,0.255204,0,0,0
84.08,0.269603,0,0,0
84.085,0.268868,0,0,0
84.09,0.277606,0,0,0
84.095,0.280191,0,0,0
84.1,0.284333,0,0,0
84.105,0.282886,0,0,0
84.11,0.278373,0,0,0
84.115,0.279783,0,0,0
84.12,0.284224,0,0,0
84.125,0.279666,0,0,0
84.13,0.275018,0,0,0
84.135,0.272695,0,0,0
84.14,0.271582,0,0,0
84.145,0.269567,0,0,0
84.15,0.26689,0,0,0
84.155,0.27549,0,0,0
84.16,0.277341,0,0,0
84.165,0.282269,0,0,0
84.17,0.284311,0,0,0
84.175,0.273671,0,0,0
84.18,0.271091,0,0,0
84.185,0.278091,0,0,0
84.19,0.274513,0,0,0
84.195,0.270678,0,0,0
84.2,0.261172,0,0,0
84.205,0.261372,0,0,0
84.21,0.270686,0,0,0
84.215,0.285237,0,0,0
84.22,0.294267,0,0,0
84.225,0.287308,0,0,0
84.23,0.275223,0,0,0
84.235,0.269257,0,0,0
84.24,0.282576,0,0,0
84.245,0.288988,0,0,0
84.25,0.290791,0,0,0
84.255,0.274297,0,0,0
84.26,0.272161,0,0,0
84.265,0.275861,0,0,0
84.27,0.278035,0,0,0
84.275,0.262449,0,0,0
84.28,0.252276,0,0,0
84.285,0.24487,0,0,0
84.29,0.251144,0,0,0
84.295,0.254416,0,0,0
84.3,0.264652,0,0,0
84.305,0.271058,0,0,0
84.31,0.273592,0,0,0
84.315,0.274629,0,0,0
84.32,0.266496,0,0,0
84.325,0.263258,0,0,0
84.33,0.278943,0,0,0
84.335,0.289445,0,0,0
84.34,0.293407,0,0,0
84.345,0.292286,0,0,0
84.35,0.279424,0,0,0
84.355,0.276202,0,0,0
84.36,0.280873,0,0,0
84.365,0.278988,0,0,0
84.37,0.274818,0,0,0
84.375,0.277798,0,0,0
84.38,0.289487,0,0,0
84.385,0.297097,0,0,0
84.39,0.295584,0,0,0
84.395,0.286601,0,0,0
84.4,0.276124,0,0,0
84.405,0.274518,0,0,0
84.41,0.269704,0,0,0
84.415,0.27216,0,0,0
84.42,0.260797,0,0,0
84.425,0.262017,0,0,0
84.43,0.25908,0,0,0
84.435,0.25963,0,0,0
84.44,0.259497,0,0,0
84.445,0.258963,0,0,0
84.45,0.258384,0,0,0
84.455,0.266948,0,0,0
84.46,0.260043,0,0,0
84.465,0.249854,0,0,0
84.47,0.250423,0,0,0
84.475,0.252286,0,0,0
84.48,0.252687,0,0,0
84.485,0.239749,0,0,0
84.49,0.234488,0,0,0
84.495,0.241203,0,0,0
84.5,0.251177,0,0,0
84.505,0.251748,0,0,0
84.51,0.254101,0,0,0
84.515,0.261724,0,0,0
84.52,0.27527,0,0,0
84.525,0.283229,0,0,0
84.53,0.286453,0,0,0
84.535,0.283108,0,0,0
84.54,0.269153,0,0,0
84.545,0.265254,0,0,0
84.55,0.260119,0,0,0
84.555,0.265033,0,0,0
84.56,0.263679,0,0,0
84.565,0.253125,0,0,0
84.57,0.258935,0,0,0
84.575,0.257939,0,0,0
84.58,0.265127,0,0,0
84.585,0.270008,0,0,0
84.59,0.260894,0,0,0
84.595,0.255909,0,0,0
84.6,0.259771,0,0,0
84.605,0.266659,0,0,0
84.61,0.268266,0,0,0
84.615,0.272963,0,0,0
84.62,0.265152,0,0,0
84.625,0.263304,0,0,0
84.63,0.248458,0,0,0
84.635,0.245175,0,0,0
84.64,0.239546,0,0,0
84.645,0.252605,0,0,0
84.65,0.261072,0,0,0
84.655,0.262282,0,0,0
84.66,0.257678,0,0,0
84.665,0.251713,0,0,0
84.67,0.250268,0,0,0
84.675,0.24281,0,0,0
84.68,0.235559,0,0,0
84.685,0.242206,0,0,0
84.69,0.247388,0,0,0
84.695,0.251995,0,0,0
84.7,0.270532,0,0,0
84.705,0.2705,0,0,0
84.71,0.273136,0,0,0
84.715,0.261623,0,0,0
84.72,0.249402,0,0,0
84.725,0.248242,0,0,0
84.73,0.250455,0,0,0
84.735,0.258976,0,0,0
84.74,0.274166,0,0,0
84.745,0.290674,0,0,0
84.75,0.285245,0,0,0
84.755,0.286842,0,0,0
84.76,0.280737,0,0,0
84.765,0.268925,0,0,0
84.77,0.272125,0,0,0
84.775,0.256885,0,0,0
84.78,0.258933,0,0,0
84.785,0.259221,0,0,0
84.79,0.257674,0,0,0
84.795,0.264978,0,0,0
84.8,0.270699,0,0,0
84.805,0.267862,0,0,0
84.81,0.266684,0,0,0
84.815,0.258539,0,0,0
84.82,0.251142,0,0,0
84.825,0.240902,0,0,0
84.83,0.237681,0,0,0
84.835,0.239116,0,0,0
84.84,0.255678,0,0,0
84.845,0.277339,0,0,0
84.85,0.272148,0,0,0
84.855,0.273916,0,0,0
84.86,0.258446,0,0,0
84.865,0.259004,0,0,0
84.87,0.271876,0,0,0
84.875,0.267557,0,0,0
84.88,0.265388,0,0,0
84.885,0.265349,0,0,0
84.89,0.256929,0,0,0
84.895,0.263186,0,0,0
84.9,0.259111,0,0,0
84.905,0.267383,0,0,0
84.91,0.269433,0,0,0
84.915,0.260975,0,0,0
84.92,0.255991,0,0,0
84.925,0.252605,0,0,0
84.93,0.25166,0,0,0
84.935,0.254543,0,0,0
84.94,0.249738,0,0,0
84.945,0.270897,0,0,0
84.95,0.292613,0,0,0
84.955,0.298779,0,0,0
84.96,0.292911,0,0,0
84.965,0.274377,0,0,0
84.97,0.26569,0,0,0
84.975,0.260666,0,0,0
84.98,0.241391,0,0,0
84.985,0.23317,0,0,0
84.99,0.235096,0,0,0
84.995,0.243871,0,0,0
85,0.249327,0,0,0
85.005,0.250902,0,0,0
85.01,0.251608,0,0,0
85.015,0.261775,0,0,0
85.02,0.265576,0,0,0
85.025,0.281253,0,0,0
85.03,0.282828,0,0,0
85.035,0.266089,0,0,0
85.04,0.267777,0,0,0
85.045,0.258217,0,0,0
85.05,0.261761,0,0,0
85.055,0.265737,0,0,0
85.06,0.249425,0,0,0
85.065,0.251317,0,0,0
85.07,0.252995,0,0,0
85.075,0.248994,0,0,0
85.08,0.236644,0,0,0
85.085,0.222588,0,0,0
85.09,0.223874,0,0,0
85.095,0.234182,0,0,0
85.1,0.250997,0,0,0
85.105,0.255258,0,0,0
85.11,0.252955,0,0,0
85.115,0.258613,0,0,0
85.12,0.256036,0,0,0
85.125,0.260031,0,0,0
85.13,0.261768,0,0,0
85.135,0.259879,0,0,0
85.14,0.258473,0,0,0
85.145,0.240271,0,0,0
85.15,0.22541,0,0,0
85.155,0.21675,0,0,0
85.16,0.229687,0,0,0
85.165,0.235417,0,0,0
85.17,0.252651,0,0,0
85.175,0.248101,0,0,0
85.18,0.251634,0,0,0
85.185,0.253281,0,0,0
85.19,0.248764,0,0,0
85.195,0.244242,0,0,0
85.2,0.249544,0,0,0
85.205,0.252105,0,0,0
85.21,0.250277,0,0,0
85.215,0.258731,0,0,0
85.22,0.263787,0,0,0
85.225,0.260849,0,0,0
85.23,0.276012,0,0,0
85.235,0.262675,0,0,0
85.24,0.266655,0,0,0
85.245,0.273226,0,0,0
85.25,0.26813,0,0,0
85.255,0.274787,0,0,0
85.26,0.279127,0,0,0
85.265,0.280943,0,0,0
85.27,0.273806,0,0,0
85.275,0.269873,0,0,0
85.28,0.257898,0,0,0
85.285,0.26717,0,0,0
85.29,0.262952,0,0,0
85.295,0.250815,0,0,0
85.3,0.239654,0,0,0
85.305,0.232614,0,0,0
85.31,0.240911,0,0,0
85.315,0.258018,0,0,0
85.32,0.255612,0,0,0
85.325,0.263391,0,0,0
85.33,0.261547,0,0,0
85.335,0.271415,0,0,0
85.34,0.273509,0,0,0
85.345,0.263382,0,0,0
85.35,0.258526,0,0,0
85.355,0.259928,0,0,0
85.36,0.270726,0,0,0
85.365,0.27662,0,0,0
85.37,0.279729,0,0,0
85.375,0.284328,0,0,0
85.38,0.287322,0,0,0
85.385,0.271476,0,0,0
85.39,0.2586,0,0,0
85.395,0.248526,0,0,0
85.4,0.262205,0,0,0
85.405,0.27545,0,0,0
85.41,0.276619,0,0,0
85.415,0.26979,0,0,0
85.42,0.269811,0,0,0
85.425,0.271239,0,0,0
85.43,0.274464,0,0,0
85.435,0.263172,0,0,0
85.44,0.270429,0,0,0
85.445,0.273705,0,0,0
85.45,0.283531,0,0,0
85.455,0.29236,0,0,0
85.46,0.295202,0,0,0
85.465,0.295602,0,0,0
85.47,0.30612,0,0,0
85.475,0.29764,0,0,0
85.48,0.303398,0,0,0
85.485,0.293832,0,0,0
85.49,0.276544,0,0,0
85.495,0.267494,0,0,0
85.5,0.264915,0,0,0
85.505,0.272838,0,0,0
85.51,0.265769,0,0,0
85.515,0.269743,0,0,0
85.52,0.2714,0,0,0
85.525,0.287161,0,0,0
85.53,0.305015,0,0,0
85.535,0.31471,0,0,0
85.54,0.316415,0,0,0
85.545,0.313656,0,0,0
85.55,0.30836,0,0,0
85.555,0.298403,0,0,0
85.56,0.294125,0,0,0
85.565,0.292085,0,0,0
85.57,0.286779,0,0,0
85.575,0.298174,0,0,0
85.58,0.314722,0,0,0
85.585,0.323019,0,0,0
85.59,0.326027,0,0,0
85.595,0.317749,0,0,0
85.6,0.295782,0,0,0
85.605,0.290126,0,0,0
85.61,0.286254,0,0,0
85.615,0.293324,0,0,0
85.62,0.302155,0,0,0
85.625,0.294023,0,0,0
85.63,0.291068,0,0,0
85.635,0.290219,0,0,0
85.64,0.296351,0,0,0
85.645,0.295557,0,0,0
85.65,0.293181,0,0,0
85.655,0.279187,0,0,0
85.66,0.275642,0,0,0
85.665,0.27441,0,0,0
85.67,0.283803,0,0,0
85.675,0.29806,0,0,0
85.68,0.31456,0,0,0
85.685,0.316472,0,0,0
85.69,0.309831,0,0,0
85.695,0.302334,0,0,0
85.7,0.306523,0,0,0
85.705,0.308608,0,0,0
85.71,0.324023,0,0,0
85.715,0.321891,0,0,0
85.72,0.31976,0,0,0
85.725,0.307808,0,0,0
85.73,0.302011,0,0,0
85.735,0.296129,0,0,0
85.74,0.303848,0,0,0
85.745,0.30365,0,0,0
85.75,0.311673,0,0,0
85.755,0.316916,0,0,0
85.76,0.323273,0,0,0
85.765,0.320353,0,0,0
85.77,0.331288,0,0,0
85.775,0.323546,0,0,0
85.78,0.325594,0,0,0
85.785,0.319041,0,0,0
85.79,0.324675,0,0,0
85.795,0.317523,0,0,0
85.8,0.317949,0,0,0
85.805,0.32683,0,0,0
85.81,0.323647,0,0,0
85.815,0.32303,0,0,0
85.82,0.314965,0,0,0
85.825,0.3118,0,0,0
85.83,0.335849,0,0,0
85.835,0.331699,0,0,0
85.84,0.326674,0,0,0
85.845,0.310776,0,0,0
85.85,0.313683,0,0,0
85.855,0.322513,0,0,0
85.86,0.324635,0,0,0
85.865,0.302685,0,0,0
85.87,0.308942,0,0,0
85.875,0.313422,0,0,0
85.88,0.311624,0,0,0
85.885,0.303132,0,0,0
85.89,0.284412,0,0,0
85.895,0.284161,0,0,0
85.9,0.287913,0,0,0
85.905,0.287575,0,0,0
85.91,0.28493,0,0,0
85.915,0.284624,0,0,0
85.92,0.286938,0,0,0
85.925,0.297271,0,0,0
85.93,0.308378,0,0,0
85.935,0.315164,0,0,0
85.94,0.307993,0,0,0
85.945,0.311466,0,0,0
85.95,0.297872,0,0,0
85.955,0.289887,0,0,0
85.96,0.28882,0,0,0
85.965,0.289813,0,0,0
85.97,0.306344,0,0,0
85.975,0.320133,0,0,0
85.98,0.326792,0,0,0
85.985,0.32477,0,0,0
85.99,0.323889,0,0,0
85.995,0.30211,0,0,0
86,0.290388,0,0,0
86.005,0.27042,0,0,0
86.01,0.266451,0,0,0
86.015,0.266501,0,0,0
86.02,0.265148,0,0,0
86.025,0.266869,0,0,0
86.03,0.258603,0,0,0
86.035,0.266115,0,0,0
86.04,0.271623,0,0,0
86.045,0.278887,0,0,0
86.05,0.288344,0,0,0
86.055,0.303072,0,0,0
86.06,0.292356,0,0,0
86.065,0.29279,0,0,0
86.07,0.266265,0,0,0
86.075,0.261779,0,0,0
86.08,0.257699,0,0,0
86.085,0.266594,0,0,0
86.09,0.258981,0,0,0
86.095,0.271024,0,0,0
86.1,0.280721,0,0,0
86.105,0.286364,0,0,0
86.11,0.284037,0,0,0
86.115,0.282025,0,0,0
86.12,0.277903,0,0,0
86.125,0.267287,0,0,0
86.13,0.249919,0,0,0
86.135,0.237108,0,0,0
86.14,0.234001,0,0,0
86.145,0.243998,0,0,0
86.15,0.249122,0,0,0
86.155,0.264047,0,0,0
86.16,0.275753,0,0,0
86.165,0.280658,0,0,0
86.17,0.283685,0,0,0
86.175,0.27755,0,0,0
86.18,0.269381,0,0,0
86.185,0.27024,0,0,0
86.19,0.26593,0,0,0
86.195,0.259443,0,0,0
86.2,0.2535,0,0,0
86.205,0.260268,0,0,0
86.21,0.268005,0,0,0
86.215,0.27,0,0,0
86.22,0.257258,0,0,0
86.225,0.24927,0,0,0
86.23,0.23936,0,0,0
86.235,0.234853,0,0,0
86.24,0.231248,0,0,0
86.245,0.238993,0,0,0
86.25,0.256275,0,0,0
86.255,0.264728,0,0,0
86.26,0.272406,0,0,0
86.265,0.260095,0,0,0
86.27,0.247862,0,0,0
86.275,0.247249,0,0,0
86.28,0.240577,0,0,0
86.285,0.249284,0,0,0
86.29,0.256672,0,0,0
86.295,0.253314,0,0,0
86.3,0.259601,0,0,0
86.305,0.250264,0,0,0
86.31,0.250812,0,0,0
86.315,0.251812,0,0,0
86.32,0.252611,0,0,0
86.325,0.258662,0,0,0
86.33,0.267024,0,0,0
86.335,0.269612,0,0,0
86.34,0.260876,0,0,0
86.345,0.254037,0,0,0
86.35,0.244635,0,0,0
86.355,0.239789,0,0,0
86.36,0.236351,0,0,0
86.365,0.236934,0,0,0
86.37,0.226502,0,0,0
86.375,0.228629,0,0,0
86.38,0.222091,0,0,0
86.385,0.222798,0,0,0
86.39,0.221711,0,0,0
86.395,0.222055,0,0,0
86.4,0.221604,0,0,0
86.405,0.230264,0,0,0
86.41,0.233805,0,0,0
86.415,0.252352,0,0,0
86.42,0.258033,0,0,0
86.425,0.254747,0,0,0
86.43,0.252005,0,0,0
86.435,0.251873,0,0,0
86.44,0.270818,0,0,0
86.445,0.262295,0,0,0
86.45,0.264429,0,0,0
86.455,0.260629,0,0,0
86.46,0.260913,0,0,0
86.465,0.265308,0,0,0
86.47,0.262192,0,0,0
86.475,0.257581,0,0,0
86.48,0.250956,0,0,0
86.485,0.243535,0,0,0
86.49,0.240138,0,0,0
86.495,0.252405,0,0,0
86.5,0.259168,0,0,0
86.505,0.264824,0,0,0
86.51,0.267358,0,0,0
86.515,0.267362,0,0,0
86.52,0.268749,0,0,0
86.525,0.25326,0,0,0
86.53,0.242887,0,0,0
86.535,0.244412,0,0,0
86.54,0.240279,0,0,0
86.545,0.244545,0,0,0
86.55,0.248519,0,0,0
86.555,0.255197,0,0,0
86.56,0.264178,0,0,0
86.565,0.266745,0,0,0
86.57,0.268179,0,0,0
86.575,0.284558,0,0,0
86.58,0.275556,0,0,0
86.585,0.272459,0,0,0
86.59,0.268295,0,0,0
86.595,0.264295,0,0,0
86.6,0.258781,0,0,0
86.605,0.245709,0,0,0
86.61,0.236771,0,0,0
86.615,0.24267,0,0,0
86.62,0.244539,0,0,0
86.625,0.243246,0,0,0
86.63,0.216646,0,0,0
86.635,0.214227,0,0,0
86.64,0.218932,0,0,0
86.645,0.219487,0,0,0
86.65,0.226593,0,0,0
86.655,0.221145,0,0,0
86.66,0.232017,0,0,0
86.665,0.233783,0,0,0
86.67,0.240601,0,0,0
86.675,0.242179,0,0,0
86.68,0.243912,0,0,0
86.685,0.23547,0,0,0
86.69,0.23529,0,0,0
86.695,0.269278,0,0,0
86.7,0.277636,0,0,0
86.705,0.274211,0,0,0
86.71,0.268279,0,0,0
86.715,0.265487,0,0,0
86.72,0.279482,0,0,0
86.725,0.2811,0,0,0
86.73,0.257976,0,0,0
86.735,0.240896,0,0,0
86.74,0.234929,0,0,0
86.745,0.234768,0,0,0
86.75,0.242112,0,0,0
86.755,0.23776,0,0,0
86.76,0.242347,0,0,0
86.765,0.250463,0,0,0
86.77,0.258414,0,0,0
86.775,0.262416,0,0,0
86.78,0.273598,0,0,0
86.785,0.286468,0,0,0
86.79,0.29092,0,0,0
86.795,0.284888,0,0,0
86.8,0.273004,0,0,0
86.805,0.26962,0,0,0
86.81,0.265214,0,0,0
86.815,0.260437,0,0,0
86.82,0.267706,0,0,0
86.825,0.264149,0,0,0
86.83,0.264982,0,0,0
86.835,0.24193,0,0,0
86.84,0.234713,0,0,0
86.845,0.229162,0,0,0
86.85,0.231443,0,0,0
86.855,0.226501,0,0,0
86.86,0.236043,0,0,0
86.865,0.239087,0,0,0
86.87,0.251151,0,0,0
86.875,0.257977,0,0,0
86.88,0.259235,0,0,0
86.885,0.271449,0,0,0
86.89,0.259965,0,0,0
86.895,0.27195,0,0,0
86.9,0.27592,0,0,0
86.905,0.283129,0,0,0
86.91,0.277023,0,0,0
86.915,0.271659,0,0,0
86.92,0.260759,0,0,0
86.925,0.26292,0,0,0
86.93,0.255267,0,0,0
86.935,0.237504,0,0,0
86.94,0.238494,0,0,0
86.945,0.240403,0,0,0
86.95,0.248496,0,0,0
86.955,0.245192,0,0,0
86.96,0.241021,0,0,0
86.965,0.240139,0,0,0
86.97,0.24088,0,0,0
86.975,0.255055,0,0,0
86.98,0.250392,0,0,0
86.985,0.244133,0,0,0
86.99,0.239302,0,0,0
86.995,0.233959,0,0,0
87,0.229417,0,0,0
87.005,0.238869,0,0,0
87.01,0.242913,0,0,0
87.015,0.256808,0,0,0
87.02,0.26781,0,0,0
87.025,0.264417,0,0,0
87.03,0.257336,0,0,0
87.035,0.258069,0,0,0
87.04,0.25678,0,0,0
87.045,0.257181,0,0,0
87.05,0.251539,0,0,0
87.055,0.247421,0,0,0
87.06,0.270489,0,0,0
87.065,0.266071,0,0,0
87.07,0.255426,0,0,0
87.075,0.240187,0,0,0
87.08,0.224586,0,0,0
87.085,0.222593,0,0,0
87.09,0.221029,0,0,0
87.095,0.208054,0,0,0
87.1,0.217342,0,0,0
87.105,0.221239,0,0,0
87.11,0.233699,0,0,0
87.115,0.239432,0,0,0
87.12,0.241283,0,0,0
87.125,0.251235,0,0,0
87.13,0.250629,0,0,0
87.135,0.250739,0,0,0
87.14,0.231545,0,0,0
87.145,0.229971,0,0,0
87.15,0.238017,0,0,0
87.155,0.243129,0,0,0
87.16,0.25244,0,0,0
87.165,0.253089,0,0,0
87.17,0.25549,0,0,0
87.175,0.258769,0,0,0
87.18,0.252856,0,0,0
87.185,0.25476,0,0,0
87.19,0.249625,0,0,0
87.195,0.243012,0,0,0
87.2,0.23802,0,0,0
87.205,0.248805,0,0,0
87.21,0.260809,0,0,0
87.215,0.268506,0,0,0
87.22,0.271854,0,0,0
87.225,0.265751,0,0,0
87.23,0.265085,0,0,0
87.235,0.265199,0,0,0
87.24,0.26173,0,0,0
87.245,0.260471,0,0,0
87.25,0.257376,0,0,0
87.255,0.248384,0,0,0
87.26,0.236011,0,0,0
87.265,0.238424,0,0,0
87.27,0.238285,0,0,0
87.275,0.241303,0,0,0
87.28,0.24025,0,0,0
87.285,0.24013,0,0,0
87.29,0.25128,0,0,0
87.295,0.247665,0,0,0
87.3,0.243948,0,0,0
87.305,0.235116,0,0,0
87.31,0.247395,0,0,0
87.315,0.253357,0,0,0
87.32,0.253196,0,0,0
87.325,0.254555,0,0,0
87.33,0.27038,0,0,0
87.335,0.272485,0,0,0
87.34,0.273868,0,0,0
87.345,0.255442,0,0,0
87.35,0.256511,0,0,0
87.355,0.262406,0,0,0
87.36,0.280765,0,0,0
87.365,0.270619,0,0,0
87.37,0.261258,0,0,0
87.375,0.252073,0,0,0
87.38,0.237967,0,0,0
87.385,0.232882,0,0,0
87.39,0.21991,0,0,0
87.395,0.208332,0,0,0
87.4,0.210005,0,0,0
87.405,0.218407,0,0,0
87.41,0.216087,0,0,0
87.415,0.232038,0,0,0
87.42,0.242754,0,0,0
87.425,0.245855,0,0,0
87.43,0.248624,0,0,0
87.435,0.251261,0,0,0
87.44,0.265344,0,0,0
87.445,0.272087,0,0,0
87.45,0.281609,0,0,0
87.455,0.268703,0,0,0
87.46,0.259419,0,0,0
87.465,0.253305,0,0,0
87.47,0.254129,0,0,0
87.475,0.256712,0,0,0
87.48,0.263799,0,0,0
87.485,0.25949,0,0,0
87.49,0.25308,0,0,0
87.495,0.238672,0,0,0
87.5,0.239366,0,0,0
87.505,0.253783,0,0,0
87.51,0.250305,0,0,0
87.515,0.236265,0,0,0
87.52,0.238334,0,0,0
87.525,0.23641,0,0,0
87.53,0.244328,0,0,0
87.535,0.2268,0,0,0
87.54,0.211899,0,0,0
87.545,0.211306,0,0,0
87.55,0.224075,0,0,0
87.555,0.231766,0,0,0
87.56,0.247097,0,0,0
87.565,0.246725,0,0,0
87.57,0.243737,0,0,0
87.575,0.243004,0,0,0
87.58,0.234987,0,0,0
87.585,0.231265,0,0,0
87.59,0.238974,0,0,0
87.595,0.252144,0,0,0
87.6,0.257598,0,0,0
87.605,0.26776,0,0,0
87.61,0.27485,0,0,0
87.615,0.276945,0,0,0
87.62,0.271947,0,0,0
87.625,0.252061,0,0,0
87.63,0.247115,0,0,0
87.635,0.229902,0,0,0
87.64,0.218012,0,0,0
87.645,0.211946,0,0,0
87.65,0.207296,0,0,0
87.655,0.215211,0,0,0
87.66,0.21996,0,0,0
87.665,0.220278,0,0,0
87.67,0.226542,0,0,0
87.675,0.229223,0,0,0
87.68,0.233762,0,0,0
87.685,0.236822,0,0,0
87.69,0.236981,0,0,0
87.695,0.232996,0,0,0
87.7,0.238701,0,0,0
87.705,0.246117,0,0,0
87.71,0.254372,0,0,0
87.715,0.266741,0,0,0
87.72,0.271894,0,0,0
87.725,0.250131,0,0,0
87.73,0.239574,0,0,0
87.735,0.226718,0,0,0
87.74,0.218574,0,0,0
87.745,0.227929,0,0,0
87.75,0.228263,0,0,0
87.755,0.250603,0,0,0
87.76,0.25679,0,0,0
87.765,0.264827,0,0,0
87.77,0.268062,0,0,0
87.775,0.266956,0,0,0
87.78,0.26343,0,0,0
87.785,0.258155,0,0,0
87.79,0.255749,0,0,0
87.795,0.257802,0,0,0
87.8,0.248077,0,0,0
87.805,0.225399,0,0,0
87.81,0.211727,0,0,0
87.815,0.197572,0,0,0
87.82,0.205824,0,0,0
87.825,0.226471,0,0,0
87.83,0.24611,0,0,0
87.835,0.260367,0,0,0
87.84,0.263054,0,0,0
87.845,0.241549,0,0,0
87.85,0.23102,0,0,0
87.855,0.222249,0,0,0
87.86,0.239824,0,0,0
87.865,0.242796,0,0,0
87.87,0.248382,0,0,0
87.875,0.242106,0,0,0
87.88,0.233917,0,0,0
87.885,0.249153,0,0,0
87.89,0.249808,0,0,0
87.895,0.250716,0,0,0
87.9,0.238161,0,0,0
87.905,0.239287,0,0,0
87.91,0.238411,0,0,0
87.915,0.251647,0,0,0
87.92,0.245056,0,0,0
87.925,0.24976,0,0,0
87.93,0.24998,0,0,0
87.935,0.257326,0,0,0
87.94,0.246685,0,0,0
87.945,0.245241,0,0,0
87.95,0.24505,0,0,0
87.955,0.251726,0,0,0
87.96,0.257001,0,0,0
87.965,0.259965,0,0,0
87.97,0.260015,0,0,0
87.975,0.261745,0,0,0
87.98,0.266367,0,0,0
87.985,0.274303,0,0,0
87.99,0.28041,0,0,0
87.995,0.280182,0,0,0
88,0.272758,0,0,0
88.005,0.266006,0,0,0
88.01,0.261953,0,0,0
88.015,0.265363,0,0,0
88.02,0.271898,0,0,0
88.025,0.26558,0,0,0
88.03,0.24608,0,0,0
88.035,0.238288,0,0,0
88.04,0.247631,0,0,0
88.045,0.237043,0,0,0
88.05,0.237101,0,0,0
88.055,0.235257,0,0,0
88.06,0.231478,0,0,0
88.065,0.228914,0,0,0
88.07,0.222544,0,0,0
88.075,0.22596,0,0,0
88.08,0.255261,0,0,0
88.085,0.266334,0,0,0
88.09,0.255465,0,0,0
88.095,0.247851,0,0,0
88.1,0.230423,0,0,0
88.105,0.236055,0,0,0
88.11,0.23701,0,0,0
88.115,0.226423,0,0,0
88.12,0.229038,0,0,0
88.125,0.224983,0,0,0
88.13,0.222465,0,0,0
88.135,0.217556,0,0,0
88.14,0.216868,0,0,0
88.145,0.218911,0,0,0
88.15,0.235108,0,0,0
88.155,0.235159,0,0,0
88.16,0.235564,0,0,0
88.165,0.248152,0,0,0
88.17,0.25953,0,0,0
88.175,0.258282,0,0,0
88.18,0.254624,0,0,0
88.185,0.239003,0,0,0
88.19,0.245901,0,0,0
88.195,0.244536,0,0,0
88.2,0.234539,0,0,0
88.205,0.231348,0,0,0
88.21,0.234566,0,0,0
88.215,0.241398,0,0,0
88.22,0.246795,0,0,0
88.225,0.246694,0,0,0
88.23,0.23801,0,0,0
88.235,0.232729,0,0,0
88.24,0.232512,0,0,0
88.245,0.227246,0,0,0
88.25,0.219998,0,0,0
88.255,0.218638,0,0,0
88.26,0.220029,0,0,0
88.265,0.222637,0,0,0
88.27,0.229774,0,0,0
88.275,0.245165,0,0,0
88.28,0.250429,0,0,0
88.285,0.261778,0,0,0
88.29,0.253239,0,0,0
88.295,0.235501,0,0,0
88.3,0.238459,0,0,0
88.305,0.222275,0,0,0
88.31,0.218,0,0,0
88.315,0.216192,0,0,0
88.32,0.214063,0,0,0
88.325,0.211837,0,0,0
88.33,0.220613,0,0,0
88.335,0.217619,0,0,0
88.34,0.217429,0,0,0
88.345,0.225521,0,0,0
88.35,0.239401,0,0,0
88.355,0.259179,0,0,0
88.36,0.256938,0,0,0
88.365,0.247529,0,0,0
88.37,0.252367,0,0,0
88.375,0.243104,0,0,0
88.38,0.235997,0,0,0
88.385,0.237802,0,0,0
88.39,0.241323,0,0,0
88.395,0.252353,0,0,0
88.4,0.249124,0,0,0
88.405,0.24207,0,0,0
88.41,0.250237,0,0,0
88.415,0.258171,0,0,0
88.42,0.261222,0,0,0
88.425,0.258361,0,0,0
88.43,0.255563,0,0,0
88.435,0.256768,0,0,0
88.44,0.256715,0,0,0
88.445,0.267998,0,0,0
88.45,0.269246,0,0,0
88.455,0.270869,0,0,0
88.46,0.264555,0,0,0
88.465,0.24952,0,0,0
88.47,0.246786,0,0,0
88.475,0.23597,0,0,0
88.48,0.25169,0,0,0
88.485,0.267924,0,0,0
88.49,0.262114,0,0,0
88.495,0.268583,0,0,0
88.5,0.271413,0,0,0
88.505,0.253701,0,0,0
88.51,0.242106,0,0,0
88.515,0.212856,0,0,0
88.52,0.204243,0,0,0
88.525,0.211927,0,0,0
88.53,0.210302,0,0,0
88.535,0.217101,0,0,0
88.54,0.227275,0,0,0
88.545,0.227866,0,0,0
88.55,0.235435,0,0,0
88.555,0.237175,0,0,0
88.56,0.235733,0,0,0
88.565,0.238428,0,0,0
88.57,0.226715,0,0,0
88.575,0.248008,0,0,0
88.58,0.256566,0,0,0
88.585,0.261294,0,0,0
88.59,0.262146,0,0,0
88.595,0.247507,0,0,0
88.6,0.249881,0,0,0
88.605,0.242136,0,0,0
88.61,0.221224,0,0,0
88.615,0.213057,0,0,0
88.62,0.212671,0,0,0
88.625,0.229288,0,0,0
88.63,0.229513,0,0,0
88.635,0.235993,0,0,0
88.64,0.242285,0,0,0
88.645,0.249629,0,0,0
88.65,0.245331,0,0,0
88.655,0.228606,0,0,0
88.66,0.221296,0,0,0
88.665,0.223735,0,0,0
88.67,0.222456,0,0,0
88.675,0.224237,0,0,0
88.68,0.234763,0,0,0
88.685,0.245701,0,0,0
88.69,0.256808,0,0,0
88.695,0.247212,0,0,0
88.7,0.238643,0,0,0
88.705,0.234044,0,0,0
88.71,0.237805,0,0,0
88.715,0.237403,0,0,0
88.72,0.233463,0,0,0
88.725,0.219123,0,0,0
88.73,0.220898,0,0,0
88.735,0.231798,0,0,0
88.74,0.238488,0,0,0
88.745,0.248088,0,0,0
88.75,0.251667,0,0,0
88.755,0.249353,0,0,0
88.76,0.241095,0,0,0
88.765,0.222653,0,0,0
88.77,0.219468,0,0,0
88.775,0.219312,0,0,0
88.78,0.230982,0,0,0
88.785,0.232998,0,0,0
88.79,0.231857,0,0,0
88.795,0.222235,0,0,0
88.8,0.226881,0,0,0
88.805,0.230718,0,0,0
88.81,0.234828,0,0,0
88.815,0.224738,0,0,0
88.82,0.213262,0,0,0
88.825,0.204435,0,0,0
88.83,0.210063,0,0,0
88.835,0.210528,0,0,0
88.84,0.218469,0,0,0
88.845,0.226629,0,0,0
88.85,0.220517,0,0,0
88.855,0.219424,0,0,0
88.86,0.212392,0,0,0
88.865,0.219459,0,0,0
88.87,0.23341,0,0,0
88.875,0.244614,0,0,0
88.88,0.255579,0,0,0
88.885,0.249604,0,0,0
88.89,0.246175,0,0,0
88.895,0.239434,0,0,0
88.9,0.244344,0,0,0
88.905,0.257159,0,0,0
88.91,0.26647,0,0,0
88.915,0.285312,0,0,0
88.92,0.276567,0,0,0
88.925,0.270219,0,0,0
88.93,0.263976,0,0,0
88.935,0.26787,0,0,0
88.94,0.248508,0,0,0
88.945,0.239103,0,0,0
88.95,0.223468,0,0,0
88.955,0.237834,0,0,0
88.96,0.240455,0,0,0
88.965,0.2399,0,0,0
88.97,0.245256,0,0,0
88.975,0.255884,0,0,0
88.98,0.265972,0,0,0
88.985,0.27466,0,0,0
88.99,0.260394,0,0,0
88.995,0.254942,0,0,0
89,0.231648,0,0,0
89.005,0.226554,0,0,0
89.01,0.223102,0,0,0
89.015,0.217374,0,0,0
89.02,0.201338,0,0,0
89.025,0.209538,0,0,0
89.03,0.219715,0,0,0
89.035,0.238881,0,0,0
89.04,0.231645,0,0,0
89.045,0.228366,0,0,0
89.05,0.229618,0,0,0
89.055,0.235104,0,0,0
89.06,0.230055,0,0,0
89.065,0.236657,0,0,0
89.07,0.233945,0,0,0
89.075,0.247203,0,0,0
89.08,0.238106,0,0,0
89.085,0.240647,0,0,0
89.09,0.233217,0,0,0
89.095,0.236196,0,0,0
89.1,0.230329,0,0,0
89.105,0.22431,0,0,0
89.11,0.222683,0,0,0
89.115,0.222848,0,0,0
89.12,0.231169,0,0,0
89.125,0.243873,0,0,0
89.13,0.245669,0,0,0
89.135,0.242032,0,0,0
89.14,0.241592,0,0,0
89.145,0.230909,0,0,0
89.15,0.22287,0,0,0
89.155,0.222319,0,0,0
89.16,0.212845,0,0,0
89.165,0.213428,0,0,0
89.17,0.219093,0,0,0
89.175,0.215331,0,0,0
89.18,0.225052,0,0,0
89.185,0.221136,0,0,0
89.19,0.223472,0,0,0
89.195,0.225513,0,0,0
89.2,0.218655,0,0,0
89.205,0.224277,0,0,0
89.21,0.234491,0,0,0
89.215,0.237332,0,0,0
89.22,0.235666,0,0,0
89.225,0.234524,0,0,0
89.23,0.236558,0,0,0
89.235,0.241102,0,0,0
89.24,0.246334,0,0,0
89.245,0.242981,0,0,0
89.25,0.240919,0,0,0
89.255,0.240694,0,0,0
89.26,0.234801,0,0,0
89.265,0.225205,0,0,0
89.27,0.245983,0,0,0
89.275,0.241097,0,0,0
89.28,0.24708,0,0,0
89.285,0.238551,0,0,0
89.29,0.235196,0,0,0
89.295,0.233956,0,0,0
89.3,0.239465,0,0,0
89.305,0.227939,0,0,0
89.31,0.224898,0,0,0
89.315,0.221374,0,0,0
89.32,0.217337,0,0,0
89.325,0.226413,0,0,0
89.33,0.229432,0,0,0
89.335,0.237859,0,0,0
89.34,0.244623,0,0,0
89.345,0.239839,0,0,0
89.35,0.232282,0,0,0
89.355,0.220466,0,0,0
89.36,0.220918,0,0,0
89.365,0.21568,0,0,0
89.37,0.212013,0,0,0
89.375,0.202613,0,0,0
89.38,0.20825,0,0,0
89.385,0.220186,0,0,0
89.39,0.223949,0,0,0
89.395,0.232175,0,0,0
89.4,0.235082,0,0,0
89.405,0.225619,0,0,0
89.41,0.216375,0,0,0
89.415,0.204916,0,0,0
89.42,0.202289,0,0,0
89.425,0.208652,0,0,0
89.43,0.214002,0,0,0
89.435,0.210441,0,0,0
89.44,0.216126,0,0,0
89.445,0.225809,0,0,0
89.45,0.227812,0,0,0
89.455,0.232444,0,0,0
89.46,0.231563,0,0,0
89.465,0.243453,0,0,0
89.47,0.233867,0,0,0
89.475,0.236557,0,0,0
89.48,0.234934,0,0,0
89.485,0.243641,0,0,0
89.49,0.2539,0,0,0
89.495,0.242627,0,0,0
89.5,0.237776,0,0,0
89.505,0.232291,0,0,0
89.51,0.228573,0,0,0
89.515,0.228624,0,0,0
89.52,0.231004,0,0,0
89.525,0.234912,0,0,0
89.53,0.241031,0,0,0
89.535,0.237494,0,0,0
89.54,0.224849,0,0,0
89.545,0.230495,0,0,0
89.55,0.231556,0,0,0
89.555,0.239796,0,0,0
89.56,0.247822,0,0,0
89.565,0.254976,0,0,0
89.57,0.260266,0,0,0
89.575,0.253371,0,0,0
89.58,0.241679,0,0,0
89.585,0.244972,0,0,0
89.59,0.260837,0,0,0
89.595,0.273301,0,0,0
89.6,0.252789,0,0,0
89.605,0.247979,0,0,0
89.61,0.233346,0,0,0
89.615,0.237047,0,0,0
89.62,0.233711,0,0,0
89.625,0.225051,0,0,0
89.63,0.212464,0,0,0
89.635,0.205453,0,0,0
89.64,0.211519,0,0,0
89.645,0.224509,0,0,0
89.65,0.233466,0,0,0
89.655,0.235183,0,0,0
89.66,0.235494,0,0,0
89.665,0.242852,0,0,0
89.67,0.250781,0,0,0
89.675,0.23908,0,0,0
89.68,0.246581,0,0,0
89.685,0.250262,0,0,0
89.69,0.248381,0,0,0
89.695,0.243721,0,0,0
89.7,0.237065,0,0,0
89.705,0.236644,0,0,0
89.71,0.233952,0,0,0
89.715,0.225698,0,0,0
89.72,0.223412,0,0,0
89.725,0.226937,0,0,0
89.73,0.228127,0,0,0
89.735,0.229406,0,0,0
89.74,0.230595,0,0,0
89.745,0.241321,0,0,0
89.75,0.248981,0,0,0
89.755,0.248982,0,0,0
89.76,0.256807,0,0,0
89.765,0.257323,0,0,0
89.77,0.255385,0,0,0
89.775,0.251037,0,0,0
89.78,0.231274,0,0,0
89.785,0.228042,0,0,0
89.79,0.22946,0,0,0
89.795,0.241203,0,0,0
89.8,0.249093,0,0,0
89.805,0.249093,0,0,0
89.81,0.246469,0,0,0
89.815,0.246634,0,0,0
89.82,0.246947,0,0,0
89.825,0.248805,0,0,0
89.83,0.250779,0,0,0
89.835,0.248949,0,0,0
89.84,0.249016,0,0,0
89.845,0.242868,0,0,0
89.85,0.249349,0,0,0
89.855,0.249349,0,0,0
89.86,0.255982,0,0,0
89.865,0.252373,0,0,0
89.87,0.252215,0,0,0
89.875,0.251297,0,0,0
89.88,0.246429,0,0,0
89.885,0.246017,0,0,0
89.89,0.246017,0,0,0
89.895,0.248937,0,0,0
89.9,0.244245,0,0,0
89.905,0.244245,0,0,0
89.91,0.243391,0,0,0
89.915,0.252349,0,0,0
89.92,0.252349,0,0,0
89.925,0.253497,0,0,0
89.93,0.257224,0,0,0
89.935,0.257295,0,0,0
89.94,0.257295,0,0,0
89.945,0.268135,0,0,0
89.95,0.271192,0,0,0
89.955,0.271192,0,0,0
89.96,0.280342,0,0,0
89.965,0.304493,0,0,0
89.97,0.304493,0,0,0
89.975,0.304076,0,0,0
89.98,0.278591,0,0,0
89.985,0.277606,0,0,0
89.99,0.277606,0,0,0
89.995,0.29218,0,0,0
90,0.300204,0,0,0
90.005,0.300204,0,0,0
90.01,0.290439,0,0,0
90.015,0.267109,0,0,0
90.02,0.267109,0,0,0
90.025,0.267417,0,0,0
90.03,0.256697,0,0,0
90.035,0.256503,0,0,0
90.04,0.256503,0,0,0
90.045,0.272416,0,0,0
90.05,0.281092,0,0,0
90.055,0.281092,0,0,0
90.06,0.284207,0,0,0
90.065,0.290098,0,0,0
90.07,0.290098,0,0,0
90.075,0.289975,0,0,0
90.08,0.270594,0,0,0
90.085,0.270474,0,0,0
90.09,0.270474,0,0,0
90.095,0.290214,0,0,0
90.1,0.309357,0,0,0
90.105,0.309357,0,0,0
90.11,0.310096,0,0,0
90.115,0.290524,0,0,0
90.12,0.290524,0,0,0
90.125,0.285139,0,0,0
90.13,0.268283,0,0,0
90.135,0.268959,0,0,0
90.14,0.268959,0,0,0
90.145,0.256324,0,0,0
90.15,0.245399,0,0,0
90.155,0.245399,0,0,0
90.16,0.26933,0,0,0
90.165,0.309516,0,0,0
90.17,0.310308,0,0,0
90.175,0.307155,0,0,0
90.18,0.295319,0,0,0
90.185,0.291274,0,0,0
90.19,0.291128,0,0,0
90.195,0.286124,0,0,0
90.2,0.288651,0,0,0
90.205,0.288651,0,0,0
90.21,0.299754,0,0,0
90.215,0.289265,0,0,0
90.22,0.289008,0,0,0
90.225,0.281022,0,0,0
90.23,0.273175,0,0,0
90.235,0.270524,0,0,0
90.24,0.269466,0,0,0
90.245,0.256061,0,0,0
90.25,0.249,0,0,0
90.255,0.249,0,0,0
90.26,0.268484,0,0,0
90.265,0.275315,0,0,0
90.27,0.275285,0,0,0
90.275,0.262392,0,0,0
90.28,0.248142,0,0,0
90.285,0.251135,0,0,0
90.29,0.251297,0,0,0
90.295,0.263104,0,0,0
90.3,0.272338,0,0,0
90.305,0.273244,0,0,0
90.31,0.272993,0,0,0
90.315,0.24819,0,0,0
90.32,0.24707,0,0,0
90.325,0.242283,0,0,0
90.33,0.241471,0,0,0
90.335,0.245477,0,0,0
90.34,0.246837,0,0,0
90.345,0.250368,0,0,0
90.35,0.260392,0,0,0
90.355,0.259654,0,0,0
90.36,0.288825,0,0,0
90.365,0.293841,0,0,0
90.37,0.291012,0,0,0
90.375,0.275927,0,0,0
90.38,0.26997,0,0,0
90.385,0.271437,0,0,0
90.39,0.274367,0,0,0
90.395,0.264677,0,0,0
90.4,0.270525,0,0,0
90.405,0.26831,0,0,0
90.41,0.266858,0,0,0
90.415,0.273262,0,0,0
90.42,0.274803,0,0,0
90.425,0.261353,0,0,0
90.43,0.255346,0,0,0
90.435,0.24831,0,0,0
90.44,0.262267,0,0,0
90.445,0.264745,0,0,0
90.45,0.262719,0,0,0
90.455,0.258884,0,0,0
90.46,0.248106,0,0,0
90.465,0.252668,0,0,0
90.47,0.256195,0,0,0
90.475,0.264777,0,0,0
90.48,0.261344,0,0,0
90.485,0.250579,0,0,0
90.49,0.250636,0,0,0
90.495,0.250482,0,0,0
90.5,0.248189,0,0,0
90.505,0.2465,0,0,0
90.51,0.249436,0,0,0
90.515,0.235821,0,0,0
90.52,0.222375,0,0,0
90.525,0.205864,0,0,0
90.53,0.221813,0,0,0
90.535,0.240614,0,0,0
90.54,0.235622,0,0,0
90.545,0.234567,0,0,0
90.55,0.253286,0,0,0
90.555,0.269078,0,0,0
90.56,0.272081,0,0,0
90.565,0.268594,0,0,0
90.57,0.266255,0,0,0
90.575,0.2699,0,0,0
90.58,0.259548,0,0,0
90.585,0.241079,0,0,0
90.59,0.240575,0,0,0
90.595,0.246148,0,0,0
90.6,0.255983,0,0,0
90.605,0.268181,0,0,0
90.61,0.266341,0,0,0
90.615,0.276539,0,0,0
90.62,0.26738,0,0,0
90.625,0.259659,0,0,0
90.63,0.247212,0,0,0
90.635,0.231564,0,0,0
90.64,0.235891,0,0,0
90.645,0.238815,0,0,0
90.65,0.237907,0,0,0
90.655,0.236092,0,0,0
90.66,0.247041,0,0,0
90.665,0.256398,0,0,0
90.67,0.25013,0,0,0
90.675,0.235957,0,0,0
90.68,0.22339,0,0,0
90.685,0.222349,0,0,0
90.69,0.22777,0,0,0
90.695,0.224198,0,0,0
90.7,0.218702,0,0,0
90.705,0.21869,0,0,0
90.71,0.216567,0,0,0
90.715,0.226234,0,0,0
90.72,0.224416,0,0,0
90.725,0.222619,0,0,0
90.73,0.224652,0,0,0
90.735,0.236988,0,0,0
90.74,0.245212,0,0,0
90.745,0.256588,0,0,0
90.75,0.252861,0,0,0
90.755,0.246052,0,0,0
90.76,0.23962,0,0,0
90.765,0.23801,0,0,0
90.77,0.246629,0,0,0
90.775,0.251192,0,0,0
90.78,0.261757,0,0,0
90.785,0.276729,0,0,0
90.79,0.276959,0,0,0
90.795,0.270826,0,0,0
90.8,0.269702,0,0,0
90.805,0.250477,0,0,0
90.81,0.259411,0,0,0
90.815,0.261266,0,0,0
90.82,0.259352,0,0,0
90.825,0.255399,0,0,0
90.83,0.252014,0,0,0
90.835,0.249659,0,0,0
90.84,0.246832,0,0,0
90.845,0.237034,0,0,0
90.85,0.23199,0,0,0
90.855,0.241414,0,0,0
90.86,0.243689,0,0,0
90.865,0.252915,0,0,0
90.87,0.246585,0,0,0
90.875,0.23442,0,0,0
90.88,0.234366,0,0,0
90.885,0.245732,0,0,0
90.89,0.255722,0,0,0
90.895,0.244426,0,0,0
90.9,0.235659,0,0,0
90.905,0.229664,0,0,0
90.91,0.241077,0,0,0
90.915,0.240047,0,0,0
90.92,0.23664,0,0,0
90.925,0.234389,0,0,0
90.93,0.237633,0,0,0
90.935,0.236616,0,0,0
90.94,0.232103,0,0,0
90.945,0.233219,0,0,0
90.95,0.241066,0,0,0
90.955,0.247251,0,0,0
90.96,0.240835,0,0,0
90.965,0.237187,0,0,0
90.97,0.230547,0,0,0
90.975,0.232113,0,0,0
90.98,0.232296,0,0,0
90.985,0.220048,0,0,0
90.99,0.222949,0,0,0
90.995,0.225172,0,0,0
91,0.240235,0,0,0
91.005,0.249323,0,0,0
91.01,0.246662,0,0,0
91.015,0.250197,0,0,0
91.02,0.259413,0,0,0
91.025,0.25441,0,0,0
91.03,0.247905,0,0,0
91.035,0.238881,0,0,0
91.04,0.248857,0,0,0
91.045,0.262624,0,0,0
91.05,0.252718,0,0,0
91.055,0.254519,0,0,0
91.06,0.256205,0,0,0
91.065,0.243626,0,0,0
91.07,0.23963,0,0,0
91.075,0.233271,0,0,0
91.08,0.222253,0,0,0
91.085,0.242065,0,0,0
91.09,0.251762,0,0,0
91.095,0.256901,0,0,0
91.1,0.256278,0,0,0
91.105,0.229726,0,0,0
91.11,0.223107,0,0,0
91.115,0.22574,0,0,0
91.12,0.228589,0,0,0
91.125,0.233449,0,0,0
91.13,0.237437,0,0,0
91.135,0.245497,0,0,0
91.14,0.266209,0,0,0
91.145,0.2637,0,0,0
91.15,0.269107,0,0,0
91.155,0.258906,0,0,0
91.16,0.256384,0,0,0
91.165,0.24723,0,0,0
91.17,0.233461,0,0,0
91.175,0.228129,0,0,0
91.18,0.229314,0,0,0
91.185,0.24157,0,0,0
91.19,0.252003,0,0,0
91.195,0.255092,0,0,0
91.2,0.252073,0,0,0
91.205,0.256974,0,0,0
91.21,0.25221,0,0,0
91.215,0.250426,0,0,0
91.22,0.232919,0,0,0
91.225,0.229201,0,0,0
91.23,0.231726,0,0,0
91.235,0.229343,0,0,0
91.24,0.239627,0,0,0
91.245,0.235791,0,0,0
91.25,0.232734,0,0,0
91.255,0.237585,0,0,0
91.26,0.241148,0,0,0
91.265,0.25696,0,0,0
91.27,0.273195,0,0,0
91.275,0.268506,0,0,0
91.28,0.257744,0,0,0
91.285,0.233443,0,0,0
91.29,0.22791,0,0,0
91.295,0.226347,0,0,0
91.3,0.22787,0,0,0
91.305,0.222765,0,0,0
91.31,0.227549,0,0,0
91.315,0.221749,0,0,0
91.32,0.205524,0,0,0
91.325,0.206488,0,0,0
91.33,0.210565,0,0,0
91.335,0.232487,0,0,0
91.34,0.233555,0,0,0
91.345,0.237941,0,0,0
91.35,0.23967,0,0,0
91.355,0.230188,0,0,0
91.36,0.219639,0,0,0
91.365,0.225654,0,0,0
91.37,0.233358,0,0,0
91.375,0.247602,0,0,0
91.38,0.250892,0,0,0
91.385,0.247694,0,0,0
91.39,0.244793,0,0,0
91.395,0.243123,0,0,0
91.4,0.236979,0,0,0
91.405,0.244003,0,0,0
91.41,0.232842,0,0,0
91.415,0.225209,0,0,0
91.42,0.21708,0,0,0
91.425,0.211768,0,0,0
91.43,0.203165,0,0,0
91.435,0.211437,0,0,0
91.44,0.229947,0,0,0
91.445,0.23708,0,0,0
91.45,0.234192,0,0,0
91.455,0.213885,0,0,0
91.46,0.221896,0,0,0
91.465,0.24385,0,0,0
91.47,0.25224,0,0,0
91.475,0.247768,0,0,0
91.48,0.235894,0,0,0
91.485,0.237844,0,0,0
91.49,0.238278,0,0,0
91.495,0.234558,0,0,0
91.5,0.228175,0,0,0
91.505,0.221799,0,0,0
91.51,0.221643,0,0,0
91.515,0.213551,0,0,0
91.52,0.224881,0,0,0
91.525,0.235175,0,0,0
91.53,0.250377,0,0,0
91.535,0.252594,0,0,0
91.54,0.232023,0,0,0
91.545,0.231702,0,0,0
91.55,0.231685,0,0,0
91.555,0.239253,0,0,0
91.56,0.258159,0,0,0
91.565,0.247464,0,0,0
91.57,0.25184,0,0,0
91.575,0.239377,0,0,0
91.58,0.254251,0,0,0
91.585,0.26512,0,0,0
91.59,0.264595,0,0,0
91.595,0.267653,0,0,0
91.6,0.25793,0,0,0
91.605,0.269168,0,0,0
91.61,0.264637,0,0,0
91.615,0.269232,0,0,0
91.62,0.268765,0,0,0
91.625,0.269713,0,0,0
91.63,0.260556,0,0,0
91.635,0.243554,0,0,0
91.64,0.238329,0,0,0
91.645,0.244416,0,0,0
91.65,0.249282,0,0,0
91.655,0.231279,0,0,0
91.66,0.214143,0,0,0
91.665,0.211052,0,0,0
91.67,0.217312,0,0,0
91.675,0.214145,0,0,0
91.68,0.211826,0,0,0
91.685,0.209681,0,0,0
91.69,0.211239,0,0,0
91.695,0.212973,0,0,0
91.7,0.212916,0,0,0
91.705,0.221754,0,0,0
91.71,0.21899,0,0,0
91.715,0.221177,0,0,0
91.72,0.221304,0,0,0
91.725,0.235771,0,0,0
91.73,0.243307,0,0,0
91.735,0.242001,0,0,0
91.74,0.232847,0,0,0
91.745,0.236727,0,0,0
91.75,0.244535,0,0,0
91.755,0.254317,0,0,0
91.76,0.253649,0,0,0
91.765,0.249223,0,0,0
91.77,0.251529,0,0,0
91.775,0.255988,0,0,0
91.78,0.248297,0,0,0
91.785,0.241068,0,0,0
91.79,0.241515,0,0,0
91.795,0.239745,0,0,0
91.8,0.230951,0,0,0
91.805,0.202553,0,0,0
91.81,0.180934,0,0,0
91.815,0.18505,0,0,0
91.82,0.189721,0,0,0
91.825,0.206271,0,0,0
91.83,0.216422,0,0,0
91.835,0.23817,0,0,0
91.84,0.259107,0,0,0
91.845,0.264891,0,0,0
91.85,0.253125,0,0,0
91.855,0.244166,0,0,0
91.86,0.238203,0,0,0
91.865,0.259655,0,0,0
91.87,0.25836,0,0,0
91.875,0.264691,0,0,0
91.88,0.246197,0,0,0
91.885,0.236153,0,0,0
91.89,0.237739,0,0,0
91.895,0.25672,0,0,0
91.9,0.25676,0,0,0
91.905,0.253518,0,0,0
91.91,0.246708,0,0,0
91.915,0.249174,0,0,0
91.92,0.247687,0,0,0
91.925,0.237934,0,0,0
91.93,0.223045,0,0,0
91.935,0.23623,0,0,0
91.94,0.234186,0,0,0
91.945,0.235674,0,0,0
91.95,0.237759,0,0,0
91.955,0.221687,0,0,0
91.96,0.219402,0,0,0
91.965,0.206079,0,0,0
91.97,0.202968,0,0,0
91.975,0.189284,0,0,0
91.98,0.180902,0,0,0
91.985,0.182113,0,0,0
91.99,0.19905,0,0,0
91.995,0.209386,0,0,0
92,0.216618,0,0,0
92.005,0.212864,0,0,0
92.01,0.209034,0,0,0
92.015,0.21079,0,0,0
92.02,0.210416,0,0,0
92.025,0.200555,0,0,0
92.03,0.207947,0,0,0
92.035,0.218306,0,0,0
92.04,0.238413,0,0,0
92.045,0.234202,0,0,0
92.05,0.231981,0,0,0
92.055,0.239979,0,0,0
92.06,0.243399,0,0,0
92.065,0.248071,0,0,0
92.07,0.228814,0,0,0
92.075,0.223068,0,0,0
92.08,0.223946,0,0,0
92.085,0.22059,0,0,0
92.09,0.203965,0,0,0
92.095,0.186141,0,0,0
92.1,0.189756,0,0,0
92.105,0.198889,0,0,0
92.11,0.20881,0,0,0
92.115,0.213096,0,0,0
92.12,0.217121,0,0,0
92.125,0.234588,0,0,0
92.13,0.240914,0,0,0
92.135,0.247038,0,0,0
92.14,0.249105,0,0,0
92.145,0.244695,0,0,0
92.15,0.239853,0,0,0
92.155,0.23389,0,0,0
92.16,0.230514,0,0,0
92.165,0.227487,0,0,0
92.17,0.248144,0,0,0
92.175,0.256589,0,0,0
92.18,0.263099,0,0,0
92.185,0.250007,0,0,0
92.19,0.222246,0,0,0
92.195,0.228652,0,0,0
92.2,0.222921,0,0,0
92.205,0.211158,0,0,0
92.21,0.198873,0,0,0
92.215,0.191981,0,0,0
92.22,0.203592,0,0,0
92.225,0.223361,0,0,0
92.23,0.240626,0,0,0
92.235,0.251562,0,0,0
92.24,0.234814,0,0,0
92.245,0.215539,0,0,0
92.25,0.205761,0,0,0
92.255,0.205995,0,0,0
92.26,0.208094,0,0,0
92.265,0.205169,0,0,0
92.27,0.21375,0,0,0
92.275,0.21324,0,0,0
92.28,0.207214,0,0,0
92.285,0.20902,0,0,0
92.29,0.214388,0,0,0
92.295,0.212901,0,0,0
92.3,0.211339,0,0,0
92.305,0.224314,0,0,0
92.31,0.229026,0,0,0
92.315,0.236943,0,0,0
92.32,0.232271,0,0,0
92.325,0.247391,0,0,0
92.33,0.254625,0,0,0
92.335,0.248324,0,0,0
92.34,0.214587,0,0,0
92.345,0.198518,0,0,0
92.35,0.190533,0,0,0
92.355,0.169425,0,0,0
92.36,0.177176,0,0,0
92.365,0.198447,0,0,0
92.37,0.215445,0,0,0
92.375,0.226387,0,0,0
92.38,0.23013,0,0,0
92.385,0.231963,0,0,0
92.39,0.232144,0,0,0
92.395,0.221243,0,0,0
92.4,0.199645,0,0,0
92.405,0.198435,0,0,0
92.41,0.200855,0,0,0
92.415,0.206278,0,0,0
92.42,0.216221,0,0,0
92.425,0.226017,0,0,0
92.43,0.238693,0,0,0
92.435,0.237627,0,0,0
92.44,0.22537,0,0,0
92.445,0.212502,0,0,0
92.45,0.208908,0,0,0
92.455,0.20358,0,0,0
92.46,0.201609,0,0,0
92.465,0.207927,0,0,0
92.47,0.203096,0,0,0
92.475,0.208098,0,0,0
92.48,0.205232,0,0,0
92.485,0.21592,0,0,0
92.49,0.229868,0,0,0
92.495,0.225521,0,0,0
92.5,0.227954,0,0,0
92.505,0.212681,0,0,0
92.51,0.210826,0,0,0
92.515,0.214615,0,0,0
92.52,0.200035,0,0,0
92.525,0.204877,0,0,0
92.53,0.206964,0,0,0
92.535,0.217918,0,0,0
92.54,0.226037,0,0,0
92.545,0.223646,0,0,0
92.55,0.226924,0,0,0
92.555,0.225005,0,0,0
92.56,0.216329,0,0,0
92.565,0.208391,0,0,0
92.57,0.20864,0,0,0
92.575,0.209573,0,0,0
92.58,0.210061,0,0,0
92.585,0.225897,0,0,0
92.59,0.225782,0,0,0
92.595,0.224604,0,0,0
92.6,0.217546,0,0,0
92.605,0.217151,0,0,0
92.61,0.212268,0,0,0
92.615,0.212638,0,0,0
92.62,0.208235,0,0,0
92.625,0.204415,0,0,0
92.63,0.192854,0,0,0
92.635,0.174887,0,0,0
92.64,0.175727,0,0,0
92.645,0.184895,0,0,0
92.65,0.200734,0,0,0
92.655,0.202514,0,0,0
92.66,0.193588,0,0,0
92.665,0.177955,0,0,0
92.67,0.172643,0,0,0
92.675,0.183236,0,0,0
92.68,0.191385,0,0,0
92.685,0.193897,0,0,0
92.69,0.193072,0,0,0
92.695,0.196866,0,0,0
92.7,0.206026,0,0,0
92.705,0.204112,0,0,0
92.71,0.196078,0,0,0
92.715,0.199578,0,0,0
92.72,0.201667,0,0,0
92.725,0.209359,0,0,0
92.73,0.202308,0,0,0
92.735,0.208466,0,0,0
92.74,0.207934,0,0,0
92.745,0.2063,0,0,0
92.75,0.206783,0,0,0
92.755,0.181988,0,0,0
92.76,0.179191,0,0,0
92.765,0.17748,0,0,0
92.77,0.190418,0,0,0
92.775,0.192554,0,0,0
92.78,0.191213,0,0,0
92.785,0.178871,0,0,0
92.79,0.173339,0,0,0
92.795,0.187795,0,0,0
92.8,0.200905,0,0,0
92.805,0.212469,0,0,0
92.81,0.208274,0,0,0
92.815,0.205373,0,0,0
92.82,0.206792,0,0,0
92.825,0.214521,0,0,0
92.83,0.20781,0,0,0
92.835,0.206485,0,0,0
92.84,0.197195,0,0,0
92.845,0.190549,0,0,0
92.85,0.177439,0,0,0
92.855,0.173538,0,0,0
92.86,0.178855,0,0,0
92.865,0.172807,0,0,0
92.87,0.179236,0,0,0
92.875,0.172401,0,0,0
92.88,0.18335,0,0,0
92.885,0.215083,0,0,0
92.89,0.220748,0,0,0
92.895,0.215562,0,0,0
92.9,0.216338,0,0,0
92.905,0.236426,0,0,0
92.91,0.24511,0,0,0
92.915,0.229241,0,0,0
92.92,0.203371,0,0,0
92.925,0.204928,0,0,0
92.93,0.199825,0,0,0
92.935,0.199212,0,0,0
92.94,0.193981,0,0,0
92.945,0.186311,0,0,0
92.95,0.191012,0,0,0
92.955,0.192429,0,0,0
92.96,0.190437,0,0,0
92.965,0.193925,0,0,0
92.97,0.197028,0,0,0
92.975,0.216903,0,0,0
92.98,0.22582,0,0,0
92.985,0.23861,0,0,0
92.99,0.238117,0,0,0
92.995,0.255478,0,0,0
93,0.244588,0,0,0
93.005,0.240161,0,0,0
93.01,0.235877,0,0,0
93.015,0.227085,0,0,0
93.02,0.224621,0,0,0
93.025,0.200275,0,0,0
93.03,0.18656,0,0,0
93.035,0.192531,0,0,0
93.04,0.205814,0,0,0
93.045,0.214186,0,0,0
93.05,0.204182,0,0,0
93.055,0.202158,0,0,0
93.06,0.204356,0,0,0
93.065,0.211987,0,0,0
93.07,0.224217,0,0,0
93.075,0.223648,0,0,0
93.08,0.234302,0,0,0
93.085,0.2396,0,0,0
93.09,0.230269,0,0,0
93.095,0.210616,0,0,0
93.1,0.195652,0,0,0
93.105,0.194628,0,0,0
93.11,0.201929,0,0,0
93.115,0.192216,0,0,0
93.12,0.18816,0,0,0
93.125,0.204506,0,0,0
93.13,0.217213,0,0,0
93.135,0.218124,0,0,0
93.14,0.220306,0,0,0
93.145,0.210642,0,0,0
93.15,0.224504,0,0,0
93.155,0.22022,0,0,0
93.16,0.219705,0,0,0
93.165,0.217557,0,0,0
93.17,0.209547,0,0,0
93.175,0.221298,0,0,0
93.18,0.208323,0,0,0
93.185,0.226451,0,0,0
93.19,0.223206,0,0,0
93.195,0.241381,0,0,0
93.2,0.249352,0,0,0
93.205,0.24598,0,0,0
93.21,0.247087,0,0,0
93.215,0.249488,0,0,0
93.22,0.255666,0,0,0
93.225,0.232015,0,0,0
93.23,0.223144,0,0,0
93.235,0.219436,0,0,0
93.24,0.228102,0,0,0
93.245,0.23374,0,0,0
93.25,0.222627,0,0,0
93.255,0.220281,0,0,0
93.26,0.214828,0,0,0
93.265,0.209461,0,0,0
93.27,0.210788,0,0,0
93.275,0.204414,0,0,0
93.28,0.205124,0,0,0
93.285,0.208538,0,0,0
93.29,0.210645,0,0,0
93.295,0.216201,0,0,0
93.3,0.220701,0,0,0
93.305,0.214983,0,0,0
93.31,0.201034,0,0,0
93.315,0.190144,0,0,0
93.32,0.20591,0,0,0
93.325,0.217051,0,0,0
93.33,0.235974,0,0,0
93.335,0.220011,0,0,0
93.34,0.227362,0,0,0
93.345,0.228892,0,0,0
93.35,0.236604,0,0,0
93.355,0.238734,0,0,0
93.36,0.219243,0,0,0
93.365,0.218205,0,0,0
93.37,0.209167,0,0,0
93.375,0.215571,0,0,0
93.38,0.216779,0,0,0
93.385,0.209447,0,0,0
93.39,0.200889,0,0,0
93.395,0.20965,0,0,0
93.4,0.216963,0,0,0
93.405,0.231429,0,0,0
93.41,0.236476,0,0,0
93.415,0.241749,0,0,0
93.42,0.258011,0,0,0
93.425,0.266659,0,0,0
93.43,0.267811,0,0,0
93.435,0.270211,0,0,0
93.44,0.257085,0,0,0
93.445,0.235504,0,0,0
93.45,0.233332,0,0,0
93.455,0.231459,0,0,0
93.46,0.244462,0,0,0
93.465,0.246409,0,0,0
93.47,0.263498,0,0,0
93.475,0.292882,0,0,0
93.48,0.301489,0,0,0
93.485,0.278305,0,0,0
93.49,0.267498,0,0,0
93.495,0.271519,0,0,0
93.5,0.285178,0,0,0
93.505,0.273482,0,0,0
93.51,0.24367,0,0,0
93.515,0.238347,0,0,0
93.52,0.233371,0,0,0
93.525,0.23997,0,0,0
93.53,0.238351,0,0,0
93.535,0.246648,0,0,0
93.54,0.26197,0,0,0
93.545,0.273044,0,0,0
93.55,0.28273,0,0,0
93.555,0.288229,0,0,0
93.56,0.308012,0,0,0
93.565,0.302277,0,0,0
93.57,0.27868,0,0,0
93.575,0.268263,0,0,0
93.58,0.270561,0,0,0
93.585,0.279556,0,0,0
93.59,0.305229,0,0,0
93.595,0.321424,0,0,0
93.6,0.326766,0,0,0
93.605,0.313686,0,0,0
93.61,0.314255,0,0,0
93.615,0.325384,0,0,0
93.62,0.337857,0,0,0
93.625,0.344625,0,0,0
93.63,0.34948,0,0,0
93.635,0.342294,0,0,0
93.64,0.35791,0,0,0
93.645,0.368702,0,0,0
93.65,0.389021,0,0,0
93.655,0.412375,0,0,0
93.66,0.425586,0,0,0
93.665,0.41253,0,0,0
93.67,0.396471,0,0,0
93.675,0.365909,0,0,0
93.68,0.378522,0,0,0
93.685,0.386474,0,0,0
93.69,0.425379,0,0,0
93.695,0.450236,0,0,0
93.7,0.466919,0,0,0
93.705,0.475464,0,0,0
93.71,0.496884,0,0,0
93.715,0.478817,0,0,0
93.72,0.45157,0,0,0
93.725,0.404838,0,0,0
93.73,0.401492,0,0,0
93.735,0.398083,0,0,0
93.74,0.424479,0,0,0
93.745,0.433618,0,0,0
93.75,0.432338,0,0,0
93.755,0.428941,0,0,0
93.76,0.413058,0,0,0
93.765,0.427893,0,0,0
93.77,0.444906,0,0,0
93.775,0.490242,0,0,0
93.78,0.500712,0,0,0
93.785,0.522804,0,0,0
93.79,0.525685,0,0,0
93.795,0.524084,0,0,0
93.8,0.501852,0,0,0
93.805,0.494238,0,0,0
93.81,0.477036,0,0,0
93.815,0.485283,0,0,0
93.82,0.509163,0,0,0
93.825,0.512159,0,0,0
93.83,0.509686,0,0,0
93.835,0.513505,0,0,0
93.84,0.519304,0,0,0
93.845,0.528319,0,0,0
93.85,0.502335,0,0,0
93.855,0.503,0,0,0
93.86,0.515057,0,0,0
93.865,0.530037,0,0,0
93.87,0.521763,0,0,0
93.875,0.544358,0,0,0
93.88,0.553911,0,0,0
93.885,0.586397,0,0,0
93.89,0.582425,0,0,0
93.895,0.585261,0,0,0
93.9,0.588398,0,0,0
93.905,0.581895,0,0,0
93.91,0.582823,0,0,0
93.915,0.573091,0,0,0
93.92,0.55743,0,0,0
93.925,0.565929,0,0,0
93.93,0.551069,0,0,0
93.935,0.554222,0,0,0
93.94,0.556395,0,0,0
93.945,0.557884,0,0,0
93.95,0.562473,0,0,0
93.955,0.565521,0,0,0
93.96,0.576114,0,0,0
93.965,0.582061,0,0,0
93.97,0.573778,0,0,0
93.975,0.590356,0,0,0
93.98,0.606928,0,0,0
93.985,0.644001,0,0,0
93.99,0.647711,0,0,0
93.995,0.653257,0,0,0
94,0.615759,0,0,0
94.005,0.581548,0,0,0
94.01,0.542716,0,0,0
94.015,0.565487,0,0,0
94.02,0.587812,0,0,0
94.025,0.598981,0,0,0
94.03,0.619516,0,0,0
94.035,0.615371,0,0,0
94.04,0.629286,0,0,0
94.045,0.622431,0,0,0
94.05,0.602471,0,0,0
94.055,0.602225,0,0,0
94.06,0.610477,0,0,0
94.065,0.590592,0,0,0
94.07,0.579681,0,0,0
94.075,0.590989,0,0,0
94.08,0.568986,0,0,0
94.085,0.561925,0,0,0
94.09,0.545746,0,0,0
94.095,0.535157,0,0,0
94.1,0.527367,0,0,0
94.105,0.487956,0,0,0
94.11,0.492845,0,0,0
94.115,0.511847,0,0,0
94.12,0.501821,0,0,0
94.125,0.510224,0,0,0
94.13,0.543282,0,0,0
94.135,0.560725,0,0,0
94.14,0.555808,0,0,0
94.145,0.517491,0,0,0
94.15,0.526698,0,0,0
94.155,0.552866,0,0,0
94.16,0.559958,0,0,0
94.165,0.555978,0,0,0
94.17,0.501638,0,0,0
94.175,0.498843,0,0,0
94.18,0.511244,0,0,0
94.185,0.514698,0,0,0
94.19,0.52976,0,0,0
94.195,0.50037,0,0,0
94.2,0.489406,0,0,0
94.205,0.461288,0,0,0
94.21,0.444982,0,0,0
94.215,0.437103,0,0,0
94.22,0.439848,0,0,0
94.225,0.459559,0,0,0
94.23,0.465363,0,0,0
94.235,0.445925,0,0,0
94.24,0.424522,0,0,0
94.245,0.407731,0,0,0
94.25,0.383094,0,0,0
94.255,0.396132,0,0,0
94.26,0.379456,0,0,0
94.265,0.397674,0,0,0
94.27,0.390887,0,0,0
94.275,0.4038,0,0,0
94.28,0.397109,0,0,0
94.285,0.381053,0,0,0
94.29,0.380054,0,0,0
94.295,0.371797,0,0,0
94.3,0.384859,0,0,0
94.305,0.384376,0,0,0
94.31,0.388687,0,0,0
94.315,0.398871,0,0,0
94.32,0.391551,0,0,0
94.325,0.402985,0,0,0
94.33,0.405982,0,0,0
94.335,0.396054,0,0,0
94.34,0.401203,0,0,0
94.345,0.396193,0,0,0
94.35,0.405039,0,0,0
94.355,0.391957,0,0,0
94.36,0.36946,0,0,0
94.365,0.336087,0,0,0
94.37,0.349393,0,0,0
94.375,0.358993,0,0,0
94.38,0.337426,0,0,0
94.385,0.334292,0,0,0
94.39,0.326288,0,0,0
94.395,0.344257,0,0,0
94.4,0.346731,0,0,0
94.405,0.348297,0,0,0
94.41,0.312652,0,0,0
94.415,0.307182,0,0,0
94.42,0.307095,0,0,0
94.425,0.319465,0,0,0
94.43,0.322219,0,0,0
94.435,0.301702,0,0,0
94.44,0.317719,0,0,0
94.445,0.330855,0,0,0
94.45,0.298189,0,0,0
94.455,0.300173,0,0,0
94.46,0.26885,0,0,0
94.465,0.273063,0,0,0
94.47,0.289206,0,0,0
94.475,0.295304,0,0,0
94.48,0.302667,0,0,0
94.485,0.298223,0,0,0
94.49,0.287042,0,0,0
94.495,0.294962,0,0,0
94.5,0.296701,0,0,0
94.505,0.295811,0,0,0
94.51,0.301336,0,0,0
94.515,0.289397,0,0,0
94.52,0.255402,0,0,0
94.525,0.246149,0,0,0
94.53,0.227341,0,0,0
94.535,0.241924,0,0,0
94.54,0.222407,0,0,0
94.545,0.233296,0,0,0
94.55,0.239919,0,0,0
94.555,0.25337,0,0,0
94.56,0.233053,0,0,0
94.565,0.233157,0,0,0
94.57,0.229249,0,0,0
94.575,0.241902,0,0,0
94.58,0.228872,0,0,0
94.585,0.241333,0,0,0
94.59,0.237651,0,0,0
94.595,0.25793,0,0,0
94.6,0.253743,0,0,0
94.605,0.259944,0,0,0
94.61,0.265602,0,0,0
94.615,0.264253,0,0,0
94.62,0.252552,0,0,0
94.625,0.249576,0,0,0
94.63,0.247022,0,0,0
94.635,0.265319,0,0,0
94.64,0.239463,0,0,0
94.645,0.242358,0,0,0
94.65,0.221993,0,0,0
94.655,0.219662,0,0,0
94.66,0.224247,0,0,0
94.665,0.211881,0,0,0
94.67,0.213861,0,0,0
94.675,0.181055,0,0,0
94.68,0.17585,0,0,0
94.685,0.178971,0,0,0
94.69,0.168575,0,0,0
94.695,0.169194,0,0,0
94.7,0.184607,0,0,0
94.705,0.206753,0,0,0
94.71,0.229106,0,0,0
94.715,0.235762,0,0,0
94.72,0.25072,0,0,0
94.725,0.265394,0,0,0
94.73,0.267106,0,0,0
94.735,0.259807,0,0,0
94.74,0.232522,0,0,0
94.745,0.217475,0,0,0
94.75,0.195603,0,0,0
94.755,0.189694,0,0,0
94.76,0.19096,0,0,0
94.765,0.204742,0,0,0
94.77,0.232282,0,0,0
94.775,0.245484,0,0,0
94.78,0.226896,0,0,0
94.785,0.220953,0,0,0
94.79,0.218261,0,0,0
94.795,0.221832,0,0,0
94.8,0.221265,0,0,0
94.805,0.21612,0,0,0
94.81,0.209808,0,0,0
94.815,0.18575,0,0,0
94.82,0.163471,0,0,0
94.825,0.157023,0,0,0
94.83,0.155987,0,0,0
94.835,0.153813,0,0,0
94.84,0.156785,0,0,0
94.845,0.175727,0,0,0
94.85,0.183537,0,0,0
94.855,0.17032,0,0,0
94.86,0.162292,0,0,0
94.865,0.162745,0,0,0
94.87,0.183949,0,0,0
94.875,0.175818,0,0,0
94.88,0.17246,0,0,0
94.885,0.163356,0,0,0
94.89,0.164546,0,0,0
94.895,0.179711,0,0,0
94.9,0.152689,0,0,0
94.905,0.149621,0,0,0
94.91,0.140652,0,0,0
94.915,0.138121,0,0,0
94.92,0.13936,0,0,0
94.925,0.152214,0,0,0
94.93,0.14867,0,0,0
94.935,0.174781,0,0,0
94.94,0.164149,0,0,0
94.945,0.179692,0,0,0
94.95,0.166748,0,0,0
94.955,0.166997,0,0,0
94.96,0.181959,0,0,0
94.965,0.205063,0,0,0
94.97,0.205586,0,0,0
94.975,0.210498,0,0,0
94.98,0.205473,0,0,0
94.985,0.227266,0,0,0
94.99,0.21978,0,0,0
94.995,0.201499,0,0,0
95,0.171547,0,0,0
95.005,0.167341,0,0,0
95.01,0.156522,0,0,0
95.015,0.187217,0,0,0
95.02,0.188254,0,0,0
95.025,0.18426,0,0,0
95.03,0.160284,0,0,0
95.035,0.154081,0,0,0
95.04,0.144602,0,0,0
95.045,0.146698,0,0,0
95.05,0.140456,0,0,0
95.055,0.140852,0,0,0
95.06,0.162769,0,0,0
95.065,0.169894,0,0,0
95.07,0.184373,0,0,0
95.075,0.18389,0,0,0
95.08,0.157405,0,0,0
95.085,0.16126,0,0,0
95.09,0.169248,0,0,0
95.095,0.171688,0,0,0
95.1,0.168855,0,0,0
95.105,0.162131,0,0,0
95.11,0.152626,0,0,0
95.115,0.157827,0,0,0
95.12,0.148944,0,0,0
95.125,0.174984,0,0,0
95.13,0.183558,0,0,0
95.135,0.17263,0,0,0
95.14,0.170017,0,0,0
95.145,0.168258,0,0,0
95.15,0.168171,0,0,0
95.155,0.152265,0,0,0
95.16,0.125285,0,0,0
95.165,0.117299,0,0,0
95.17,0.136035,0,0,0
95.175,0.132567,0,0,0
95.18,0.136747,0,0,0
95.185,0.136016,0,0,0
95.19,0.134563,0,0,0
95.195,0.134085,0,0,0
95.2,0.128542,0,0,0
95.205,0.123874,0,0,0
95.21,0.15481,0,0,0
95.215,0.179965,0,0,0
95.22,0.177946,0,0,0
95.225,0.158104,0,0,0
95.23,0.131854,0,0,0
95.235,0.117881,0,0,0
95.24,0.126226,0,0,0
95.245,0.118343,0,0,0
95.25,0.122362,0,0,0
95.255,0.126002,0,0,0
95.26,0.164774,0,0,0
95.265,0.185106,0,0,0
95.27,0.193007,0,0,0
95.275,0.191268,0,0,0
95.28,0.18479,0,0,0
95.285,0.20007,0,0,0
95.29,0.196208,0,0,0
95.295,0.166968,0,0,0
95.3,0.146872,0,0,0
95.305,0.119979,0,0,0
95.31,0.105678,0,0,0
95.315,0.116122,0,0,0
95.32,0.137981,0,0,0
95.325,0.161465,0,0,0
95.33,0.151147,0,0,0
95.335,0.141526,0,0,0
95.34,0.138359,0,0,0
95.345,0.138194,0,0,0
95.35,0.138886,0,0,0
95.355,0.171598,0,0,0
95.36,0.199332,0,0,0
95.365,0.22208,0,0,0
95.37,0.174999,0,0,0
95.375,0.152422,0,0,0
95.38,0.143074,0,0,0
95.385,0.158331,0,0,0
95.39,0.149759,0,0,0
95.395,0.119914,0,0,0
95.4,0.11479,0,0,0
95.405,0.135643,0,0,0
95.41,0.162728,0,0,0
95.415,0.168788,0,0,0
95.42,0.17793,0,0,0
95.425,0.163484,0,0,0
95.43,0.173482,0,0,0
95.435,0.160764,0,0,0
95.44,0.150936,0,0,0
95.445,0.164879,0,0,0
95.45,0.170916,0,0,0
95.455,0.193517,0,0,0
95.46,0.176173,0,0,0
95.465,0.164061,0,0,0
95.47,0.156641,0,0,0
95.475,0.152782,0,0,0
95.48,0.162749,0,0,0
95.485,0.195583,0,0,0
95.49,0.177179,0,0,0
95.495,0.19384,0,0,0
95.5,0.216884,0,0,0
95.505,0.208411,0,0,0
95.51,0.201297,0,0,0
95.515,0.168279,0,0,0
95.52,0.16699,0,0,0
95.525,0.184047,0,0,0
95.53,0.17001,0,0,0
95.535,0.165276,0,0,0
95.54,0.158329,0,0,0
95.545,0.160418,0,0,0
95.55,0.166118,0,0,0
95.555,0.20719,0,0,0
95.56,0.242087,0,0,0
95.565,0.247792,0,0,0
95.57,0.224521,0,0,0
95.575,0.2154,0,0,0
95.58,0.221161,0,0,0
95.585,0.226847,0,0,0
95.59,0.197181,0,0,0
95.595,0.162431,0,0,0
95.6,0.119082,0,0,0
95.605,0.14063,0,0,0
95.61,0.144473,0,0,0
95.615,0.177827,0,0,0
95.62,0.155221,0,0,0
95.625,0.138747,0,0,0
95.63,0.144158,0,0,0
95.635,0.151551,0,0,0
95.64,0.147033,0,0,0
95.645,0.114077,0,0,0
95.65,0.115419,0,0,0
95.655,0.127288,0,0,0
95.66,0.153549,0,0,0
95.665,0.170364,0,0,0
95.67,0.156301,0,0,0
95.675,0.197797,0,0,0
95.68,0.159519,0,0,0
95.685,0.166189,0,0,0
95.69,0.124088,0,0,0
95.695,0.135499,0,0,0
95.7,0.142686,0,0,0
95.705,0.165497,0,0,0
95.71,0.154281,0,0,0
95.715,0.158871,0,0,0
95.72,0.126149,0,0,0
95.725,0.129644,0,0,0
95.73,0.104747,0,0,0
95.735,0.118485,0,0,0
95.74,0.197006,0,0,0
95.745,0.20553,0,0,0
95.75,0.218018,0,0,0
95.755,0.123977,0,0,0
95.76,0.107645,0,0,0
95.765,0.106278,0,0,0
95.77,0.151402,0,0,0
95.775,0.179235,0,0,0
95.78,0.180993,0,0,0
95.785,0.205875,0,0,0
95.79,0.298244,0,0,0
95.795,0.309214,0,0,0
95.8,0.286737,0,0,0
95.805,0.202455,0,0,0
95.81,0.213233,0,0,0
95.815,0.210591,0,0,0
95.82,0.172663,0,0,0
95.825,0.0977961,0,0,0
95.83,0.0981188,0,0,0
95.835,0.0932261,0,0,0
95.84,0.0953331,0,0,0
95.845,0.0983428,0,0,0
95.85,0.130023,0,0,0
95.855,0.16292,0,0,0
95.86,0.159387,0,0,0
95.865,0.139856,0,0,0
95.87,0.134638,0,0,0
95.875,0.131615,0,0,0
95.88,0.132646,0,0,0
95.885,0.132876,0,0,0
95.89,0.145482,0,0,0
95.895,0.145482,0,0,0
95.9,0.133653,0,0,0
95.905,0.126072,0,0,0
95.91,0.126072,0,0,0
95.915,0.128797,0,0,0
95.92,0.134462,0,0,0
95.925,0.130446,0,0,0
95.93,0.13313,0,0,0
95.935,0.140832,0,0,0
95.94,0.140307,0,0,0
95.945,0.140311,0,0,0
95.95,0.125699,0,0,0
95.955,0.144177,0,0,0
95.96,0.144177,0,0,0
95.965,0.151692,0,0,0
95.97,0.176603,0,0,0
95.975,0.176603,0,0,0
95.98,0.183937,0,0,0
95.985,0.0476202,0,0,0
95.99,0.0436264,0,0,0
95.995,0.0437075,0,0,0
96,0.0135781,0,0,0
